Factor 1,Factor 2,Factor 3,Factor 4,Factor 5,Result 1
0.0,0.0,20.0,2.0,100.0,27.935898
1.0,0.5,20.0,2.0,100.0,44.278076
2.0,1.0,20.0,2.0,100.0,38.63125
3.0,2.0,20.0,2.0,100.0,29.433962
4.0,3.0,20.0,2.0,100.0,28.941935
5.0,5.0,20.0,2.0,100.0,29.435898
6.0,10.0,20.0,2.0,100.0,28.88889
7.0,20.0,20.0,2.0,100.0,29.273973
8.0,40.0,20.0,2.0,100.0,30.089552
9.0,49.0,20.0,2.0,100.0,29.17323
10.0,0.0,20.0,2.0,100.0,42.110497
11.0,0.5,20.0,2.0,100.0,29.253164
12.0,1.0,20.0,2.0,100.0,28.859873
13.0,2.0,20.0,2.0,100.0,29.365385
14.0,3.0,20.0,2.0,100.0,29.588608
15.0,5.0,20.0,2.0,100.0,28.929935
16.0,10.0,20.0,2.0,100.0,27.966442
17.0,20.0,20.0,2.0,100.0,28.19079
18.0,40.0,20.0,2.0,100.0,27.84127
19.0,49.0,20.0,2.0,100.0,28.816
20.0,0.0,20.0,2.0,100.0,30.34375
21.0,0.5,20.0,2.0,100.0,28.815287
22.0,1.0,20.0,2.0,100.0,29.620253
23.0,2.0,20.0,2.0,100.0,43.213593
24.0,3.0,20.0,2.0,100.0,29.797468
25.0,5.0,20.0,2.0,100.0,22.592592
26.0,10.0,20.0,2.0,100.0,24.556452
27.0,20.0,20.0,2.0,100.0,29.041958
28.0,40.0,20.0,2.0,100.0,26.538462
29.0,49.0,20.0,2.0,100.0,29.96124
30.0,0.0,20.0,2.0,100.0,28.91772
31.0,0.5,20.0,2.0,100.0,29.98125
32.0,1.0,20.0,2.0,100.0,28.24359
33.0,2.0,20.0,2.0,100.0,29.698112
34.0,3.0,20.0,2.0,100.0,29.179487
35.0,5.0,20.0,2.0,100.0,46.213905
36.0,10.0,20.0,2.0,100.0,25.937984
37.0,20.0,20.0,2.0,100.0,28.748299
38.0,40.0,20.0,2.0,100.0,17.355932
39.0,49.0,20.0,2.0,100.0,28.564886
40.0,0.0,20.0,2.0,100.0,29.88125
41.0,0.5,20.0,2.0,100.0,28.962025
42.0,1.0,20.0,2.0,100.0,29.392405
43.0,2.0,20.0,2.0,100.0,29.632912
44.0,3.0,20.0,2.0,100.0,29.238995
45.0,5.0,20.0,2.0,100.0,28.647436
46.0,10.0,20.0,2.0,100.0,27.644295
47.0,20.0,20.0,2.0,100.0,29.537415
48.0,40.0,20.0,2.0,100.0,30.485916
49.0,49.0,20.0,2.0,100.0,28.96923
50.0,0.0,20.0,2.0,100.0,27.846153
51.0,0.5,20.0,2.0,100.0,29.591194
52.0,1.0,20.0,2.0,100.0,30.069181
53.0,2.0,20.0,2.0,100.0,27.764706
54.0,3.0,20.0,2.0,100.0,29.56688
55.0,5.0,20.0,2.0,100.0,28.577923
56.0,10.0,20.0,2.0,100.0,29.753334
57.0,20.0,20.0,2.0,100.0,27.9
58.0,40.0,20.0,2.0,100.0,29.419117
59.0,49.0,20.0,2.0,100.0,27.294573
60.0,0.0,20.0,2.0,100.0,29.89375
61.0,0.5,20.0,2.0,100.0,30.67702
62.0,1.0,20.0,2.0,100.0,28.608974
63.0,2.0,20.0,2.0,100.0,30.364197
64.0,3.0,20.0,2.0,100.0,29.943037
65.0,5.0,20.0,2.0,100.0,18.364407
66.0,10.0,20.0,2.0,100.0,29.450981
67.0,20.0,20.0,2.0,100.0,45.435898
68.0,40.0,20.0,2.0,100.0,26.606298
69.0,49.0,20.0,2.0,100.0,27.921259
70.0,0.0,20.0,2.0,100.0,29.89375
71.0,0.5,20.0,2.0,100.0,27.967949
72.0,1.0,20.0,2.0,100.0,29.645569
73.0,2.0,20.0,2.0,100.0,29.101265
74.0,3.0,20.0,2.0,100.0,28.903847
75.0,5.0,20.0,2.0,100.0,28.27922
76.0,10.0,20.0,2.0,100.0,28.93421
77.0,20.0,20.0,2.0,100.0,28.805368
78.0,40.0,20.0,2.0,100.0,22.423729
79.0,49.0,20.0,2.0,100.0,30.229008
80.0,0.0,20.0,2.0,100.0,29.64375
81.0,0.5,20.0,2.0,100.0,29.331211
82.0,1.0,20.0,2.0,100.0,28.128204
83.0,2.0,20.0,2.0,100.0,27.97436
84.0,3.0,20.0,2.0,100.0,30.762821
85.0,5.0,20.0,2.0,100.0,28.6
86.0,10.0,20.0,2.0,100.0,27.682432
87.0,20.0,20.0,2.0,100.0,30.091602
88.0,40.0,20.0,2.0,100.0,37.56875
89.0,49.0,20.0,2.0,100.0,29.694656
90.0,0.0,20.0,2.0,100.0,29.207546
91.0,0.5,20.0,2.0,100.0,28.923567
92.0,1.0,20.0,2.0,100.0,29.49375
93.0,2.0,20.0,2.0,100.0,29.354431
94.0,3.0,20.0,2.0,100.0,29.297468
95.0,5.0,20.0,2.0,100.0,28.909678
96.0,10.0,20.0,2.0,100.0,28.213333
97.0,20.0,20.0,2.0,100.0,27.64626
98.0,40.0,20.0,2.0,100.0,30.34507
99.0,49.0,20.0,2.0,100.0,30.174603
100.0,0.0,20.0,2.0,100.0,28.911392
101.0,0.5,20.0,2.0,100.0,40.347057
102.0,1.0,20.0,2.0,100.0,55.831966
103.0,2.0,20.0,2.0,100.0,28.891026
104.0,3.0,20.0,2.0,100.0,28.852564
105.0,5.0,20.0,2.0,100.0,29.232258
106.0,10.0,20.0,2.0,100.0,30.318182
107.0,20.0,20.0,2.0,100.0,33.94
108.0,40.0,20.0,2.0,100.0,31.820896
109.0,49.0,20.0,2.0,100.0,30.007408
110.0,0.0,20.0,2.0,100.0,28.924051
111.0,0.5,20.0,2.0,100.0,28.388535
112.0,1.0,20.0,2.0,100.0,29.775
113.0,2.0,20.0,2.0,100.0,17.141733
114.0,3.0,20.0,2.0,100.0,28.551283
115.0,5.0,20.0,2.0,100.0,28.668789
116.0,10.0,20.0,2.0,100.0,27.657719
117.0,20.0,20.0,2.0,100.0,28.17687
118.0,40.0,20.0,2.0,100.0,39.21528
119.0,49.0,20.0,2.0,100.0,37.838463
120.0,0.0,20.0,2.0,100.0,36.192055
121.0,0.5,20.0,2.0,100.0,29.44654
122.0,1.0,20.0,2.0,100.0,54.017166
123.0,2.0,20.0,2.0,100.0,29.01266
124.0,3.0,20.0,2.0,100.0,29.757961
125.0,5.0,20.0,2.0,100.0,29.967949
126.0,10.0,20.0,2.0,100.0,28.039736
127.0,20.0,20.0,2.0,100.0,36.128048
128.0,40.0,20.0,2.0,100.0,29.51111
129.0,49.0,20.0,2.0,100.0,46.50625
130.0,0.0,20.0,2.0,100.0,29.272152
131.0,0.5,20.0,2.0,100.0,29.886793
132.0,1.0,20.0,2.0,100.0,28.80503
133.0,2.0,20.0,2.0,100.0,29.94375
134.0,3.0,20.0,2.0,100.0,29.392405
135.0,5.0,20.0,2.0,100.0,29.070969
136.0,10.0,20.0,2.0,100.0,18.619469
137.0,20.0,20.0,2.0,100.0,29.743244
138.0,40.0,20.0,2.0,100.0,29.846716
139.0,49.0,20.0,2.0,100.0,28.496124
140.0,0.0,20.0,2.0,100.0,29.807453
141.0,0.5,20.0,2.0,100.0,28.829113
142.0,1.0,20.0,2.0,100.0,27.64516
143.0,2.0,20.0,2.0,100.0,29.685535
144.0,3.0,20.0,2.0,100.0,27.36129
145.0,5.0,20.0,2.0,100.0,29.407894
146.0,10.0,20.0,2.0,100.0,30.785715
147.0,20.0,20.0,2.0,100.0,29.413794
148.0,40.0,20.0,2.0,100.0,24.20139
149.0,49.0,20.0,2.0,100.0,19.613445
150.0,0.0,20.0,2.0,100.0,30.354036
151.0,0.5,20.0,2.0,100.0,30.006289
152.0,1.0,20.0,2.0,100.0,44.056995
153.0,2.0,20.0,2.0,100.0,28.410257
154.0,3.0,20.0,2.0,100.0,30.402515
155.0,5.0,20.0,2.0,100.0,29.7707
156.0,10.0,20.0,2.0,100.0,29.427631
157.0,20.0,20.0,2.0,100.0,28.45946
158.0,40.0,20.0,2.0,100.0,28.816902
159.0,49.0,20.0,2.0,100.0,27.613636
160.0,0.0,20.0,2.0,100.0,50.34597
161.0,0.5,20.0,2.0,100.0,30.19375
162.0,1.0,20.0,2.0,100.0,27.309525
163.0,2.0,20.0,2.0,100.0,28.802547
164.0,3.0,20.0,2.0,100.0,59.083332
165.0,5.0,20.0,2.0,100.0,29.019356
166.0,10.0,20.0,2.0,100.0,29.424837
167.0,20.0,20.0,2.0,100.0,29.687075
168.0,40.0,20.0,2.0,100.0,29.55639
169.0,49.0,20.0,2.0,100.0,27.559055
170.0,0.0,20.0,2.0,100.0,29.534592
171.0,0.5,20.0,2.0,100.0,29.81761
172.0,1.0,20.0,2.0,100.0,29.6875
173.0,2.0,20.0,2.0,100.0,29.626583
174.0,3.0,20.0,2.0,100.0,28.48077
175.0,5.0,20.0,2.0,100.0,46.955883
176.0,10.0,20.0,2.0,100.0,29.032894
177.0,20.0,20.0,2.0,100.0,29.133333
178.0,40.0,20.0,2.0,100.0,30.784615
179.0,49.0,20.0,2.0,100.0,18.704348
180.0,0.0,20.0,2.0,100.0,28.719746
181.0,0.5,20.0,2.0,100.0,29.06962
182.0,1.0,20.0,2.0,100.0,29.855347
183.0,2.0,20.0,2.0,100.0,46.458538
184.0,3.0,20.0,2.0,100.0,28.643312
185.0,5.0,20.0,2.0,100.0,28.954838
186.0,10.0,20.0,2.0,100.0,29.721855
187.0,20.0,20.0,2.0,100.0,27.417809
188.0,40.0,20.0,2.0,100.0,30.014814
189.0,49.0,20.0,2.0,100.0,31.43609
190.0,0.0,20.0,2.0,100.0,29.088608
191.0,0.5,20.0,2.0,100.0,28.705128
192.0,1.0,20.0,2.0,100.0,28.343948
193.0,2.0,20.0,2.0,100.0,29.025316
194.0,3.0,20.0,2.0,100.0,28.496733
195.0,5.0,20.0,2.0,100.0,29.880503
196.0,10.0,20.0,2.0,100.0,29.06
197.0,20.0,20.0,2.0,100.0,23.629032
198.0,40.0,20.0,2.0,100.0,28.514492
199.0,49.0,20.0,2.0,100.0,28.507692
200.0,0.0,20.0,2.0,100.0,29.106918
201.0,0.5,20.0,2.0,100.0,29.603773
202.0,1.0,20.0,2.0,100.0,29.597485
203.0,2.0,20.0,2.0,100.0,29.242039
204.0,3.0,20.0,2.0,100.0,28.917198
205.0,5.0,20.0,2.0,100.0,29.420382
206.0,10.0,20.0,2.0,100.0,29.243244
207.0,20.0,20.0,2.0,100.0,29.067568
208.0,40.0,20.0,2.0,100.0,28.65909
209.0,49.0,20.0,2.0,100.0,27.769842
210.0,0.0,20.0,2.0,100.0,30.530865
211.0,0.5,20.0,2.0,100.0,28.147436
212.0,1.0,20.0,2.0,100.0,28.167742
213.0,2.0,20.0,2.0,100.0,29.556963
214.0,3.0,20.0,2.0,100.0,30.056604
215.0,5.0,20.0,2.0,100.0,46.577114
216.0,10.0,20.0,2.0,100.0,30.096153
217.0,20.0,20.0,2.0,100.0,30.945206
218.0,40.0,20.0,2.0,100.0,27.908398
219.0,49.0,20.0,2.0,100.0,29.644444
220.0,0.0,20.0,2.0,100.0,32.885715
221.0,0.5,20.0,2.0,100.0,29.170887
222.0,1.0,20.0,2.0,100.0,29.867924
223.0,2.0,20.0,2.0,100.0,29.751593
224.0,3.0,20.0,2.0,100.0,29.766918
225.0,5.0,20.0,2.0,100.0,30.170887
226.0,10.0,20.0,2.0,100.0,28.687899
227.0,20.0,20.0,2.0,100.0,28.978872
228.0,40.0,20.0,2.0,100.0,29.826086
229.0,49.0,20.0,2.0,100.0,29.11111
230.0,0.0,20.0,2.0,100.0,28.128204
231.0,0.5,20.0,2.0,100.0,30.52174
232.0,1.0,20.0,2.0,100.0,28.905064
233.0,2.0,20.0,2.0,100.0,28.670887
234.0,3.0,20.0,2.0,100.0,27.71613
235.0,5.0,20.0,2.0,100.0,29.025974
236.0,10.0,20.0,2.0,100.0,29.43871
237.0,20.0,20.0,2.0,100.0,29.344372
238.0,40.0,20.0,2.0,100.0,28.165413
239.0,49.0,20.0,2.0,100.0,29.984848
240.0,0.0,20.0,2.0,100.0,29.698112
241.0,0.5,20.0,2.0,100.0,27.929031
242.0,1.0,20.0,2.0,100.0,28.7707
243.0,2.0,20.0,2.0,100.0,29.777071
244.0,3.0,20.0,2.0,100.0,28.56962
245.0,5.0,20.0,2.0,100.0,29.535032
246.0,10.0,20.0,2.0,100.0,30.835526
247.0,20.0,20.0,2.0,100.0,29.35821
248.0,40.0,20.0,2.0,100.0,29.244604
249.0,49.0,20.0,2.0,100.0,29.16
250.0,0.0,20.0,2.0,100.0,29.202532
251.0,0.5,20.0,2.0,100.0,29.352201
252.0,1.0,20.0,2.0,100.0,29.465408
253.0,2.0,20.0,2.0,100.0,28.873417
254.0,3.0,20.0,2.0,100.0,29.79114
255.0,5.0,20.0,2.0,100.0,28.806452
256.0,10.0,20.0,2.0,100.0,30.020134
257.0,20.0,20.0,2.0,100.0,28.020979
258.0,40.0,20.0,2.0,100.0,32.050724
259.0,49.0,20.0,2.0,100.0,29.792593
260.0,0.0,20.0,2.0,100.0,28.601265
261.0,0.5,20.0,2.0,100.0,43.0663
262.0,1.0,20.0,2.0,100.0,29.371069
263.0,2.0,20.0,2.0,100.0,28.617834
264.0,3.0,20.0,2.0,100.0,26.15126
265.0,5.0,20.0,2.0,100.0,28.837662
266.0,10.0,20.0,2.0,100.0,24.550388
267.0,20.0,20.0,2.0,100.0,29.067568
268.0,40.0,20.0,2.0,100.0,33.031647
269.0,49.0,20.0,2.0,100.0,25.44697
270.0,0.0,20.0,2.0,100.0,29.36478
271.0,0.5,20.0,2.0,100.0,29.880503
272.0,1.0,20.0,2.0,100.0,29.691824
273.0,2.0,20.0,2.0,100.0,29.698112
274.0,3.0,20.0,2.0,100.0,46.380436
275.0,5.0,20.0,2.0,100.0,29.424051
276.0,10.0,20.0,2.0,100.0,28.90909
277.0,20.0,20.0,2.0,100.0,29.013605
278.0,40.0,20.0,2.0,100.0,29.20438
279.0,49.0,20.0,2.0,100.0,40.60265
280.0,0.0,20.0,2.0,100.0,29.253164
281.0,0.5,20.0,2.0,100.0,43.25862
282.0,1.0,20.0,2.0,100.0,29.063292
283.0,2.0,20.0,2.0,100.0,54.401787
284.0,3.0,20.0,2.0,100.0,29.161291
285.0,5.0,20.0,2.0,100.0,28.636364
286.0,10.0,20.0,2.0,100.0,29.606451
287.0,20.0,20.0,2.0,100.0,28.712328
288.0,40.0,20.0,2.0,100.0,27.18045
289.0,49.0,20.0,2.0,100.0,59.814102
290.0,0.0,20.0,2.0,100.0,28.636942
291.0,0.5,20.0,2.0,100.0,29.672956
292.0,1.0,20.0,2.0,100.0,29.226416
293.0,2.0,20.0,2.0,100.0,30.157232
294.0,3.0,20.0,2.0,100.0,29.81761
295.0,5.0,20.0,2.0,100.0,28.136364
296.0,10.0,20.0,2.0,100.0,28.5625
297.0,20.0,20.0,2.0,100.0,29.761906
298.0,40.0,20.0,2.0,100.0,30.81203
299.0,49.0,20.0,2.0,100.0,27.72
300.0,0.0,20.0,2.0,100.0,28.917198
301.0,0.5,20.0,2.0,100.0,30.01875
302.0,1.0,20.0,2.0,100.0,29.861635
303.0,2.0,20.0,2.0,100.0,28.864515
304.0,3.0,20.0,2.0,100.0,29.740507
305.0,5.0,20.0,2.0,100.0,28.928572
306.0,10.0,20.0,2.0,100.0,29.2649
307.0,20.0,20.0,2.0,100.0,27.692858
308.0,40.0,20.0,2.0,100.0,28.792593
309.0,49.0,20.0,2.0,100.0,28.330769
310.0,0.0,20.0,2.0,100.0,29.113924
311.0,0.5,20.0,2.0,100.0,28.924051
312.0,1.0,20.0,2.0,100.0,28.401274
313.0,2.0,20.0,2.0,100.0,28.019737
314.0,3.0,20.0,2.0,100.0,28.7707
315.0,5.0,20.0,2.0,100.0,29.873417
316.0,10.0,20.0,2.0,100.0,29.516129
317.0,20.0,20.0,2.0,100.0,28.650684
318.0,40.0,20.0,2.0,100.0,29.311594
319.0,49.0,20.0,2.0,100.0,28.11111
320.0,0.0,20.0,2.0,100.0,29.58125
321.0,0.5,20.0,2.0,100.0,28.840765
322.0,1.0,20.0,2.0,100.0,29.591194
323.0,2.0,20.0,2.0,100.0,29.237179
324.0,3.0,20.0,2.0,100.0,28.987421
325.0,5.0,20.0,2.0,100.0,28.666666
326.0,10.0,20.0,2.0,100.0,29.852564
327.0,20.0,20.0,2.0,100.0,21.03937
328.0,40.0,20.0,2.0,100.0,28.541985
329.0,49.0,20.0,2.0,100.0,28.292307
330.0,0.0,20.0,2.0,100.0,29.08805
331.0,0.5,20.0,2.0,100.0,28.757961
332.0,1.0,20.0,2.0,100.0,29.407642
333.0,2.0,20.0,2.0,100.0,29.683544
334.0,3.0,20.0,2.0,100.0,29.12102
335.0,5.0,20.0,2.0,100.0,28.503267
336.0,10.0,20.0,2.0,100.0,29.443708
337.0,20.0,20.0,2.0,100.0,29.802721
338.0,40.0,20.0,2.0,100.0,29.9
339.0,49.0,20.0,2.0,100.0,28.0
340.0,0.0,20.0,2.0,100.0,29.075949
341.0,0.5,20.0,2.0,100.0,29.628931
342.0,1.0,20.0,2.0,100.0,28.588608
343.0,2.0,20.0,2.0,100.0,51.0
344.0,3.0,20.0,2.0,100.0,30.30625
345.0,5.0,20.0,2.0,100.0,28.82353
346.0,10.0,20.0,2.0,100.0,29.107382
347.0,20.0,20.0,2.0,100.0,30.034246
348.0,40.0,20.0,2.0,100.0,28.261194
349.0,49.0,20.0,2.0,100.0,27.414062
350.0,0.0,20.0,2.0,100.0,28.448717
351.0,0.5,20.0,2.0,100.0,30.58642
352.0,1.0,20.0,2.0,100.0,30.4625
353.0,2.0,20.0,2.0,100.0,29.160257
354.0,3.0,20.0,2.0,100.0,31.124224
355.0,5.0,20.0,2.0,100.0,27.82353
356.0,10.0,20.0,2.0,100.0,31.071428
357.0,20.0,20.0,2.0,100.0,28.5
358.0,40.0,20.0,2.0,100.0,28.664122
359.0,49.0,20.0,2.0,100.0,34.669014
360.0,0.0,20.0,2.0,100.0,28.22436
361.0,0.5,20.0,2.0,100.0,28.955128
362.0,1.0,20.0,2.0,100.0,28.694267
363.0,2.0,20.0,2.0,100.0,29.0
364.0,3.0,20.0,2.0,100.0,29.345911
365.0,5.0,20.0,2.0,100.0,28.09091
366.0,10.0,20.0,2.0,100.0,28.973856
367.0,20.0,20.0,2.0,100.0,29.748299
368.0,40.0,20.0,2.0,100.0,28.043478
369.0,49.0,20.0,2.0,100.0,29.22388
370.0,0.0,20.0,2.0,100.0,29.566038
371.0,0.5,20.0,2.0,100.0,30.031055
372.0,1.0,20.0,2.0,100.0,29.628931
373.0,2.0,20.0,2.0,100.0,30.41358
374.0,3.0,20.0,2.0,100.0,30.1875
375.0,5.0,20.0,2.0,100.0,29.135485
376.0,10.0,20.0,2.0,100.0,29.928104
377.0,20.0,20.0,2.0,100.0,29.0
378.0,40.0,20.0,2.0,100.0,30.283688
379.0,49.0,20.0,2.0,100.0,28.856
380.0,0.0,20.0,2.0,100.0,30.639751
381.0,0.5,20.0,2.0,100.0,28.777071
382.0,1.0,20.0,2.0,100.0,29.443037
383.0,2.0,20.0,2.0,100.0,28.719746
384.0,3.0,20.0,2.0,100.0,27.930435
385.0,5.0,20.0,2.0,100.0,29.31788
386.0,10.0,20.0,2.0,100.0,38.327778
387.0,20.0,20.0,2.0,100.0,28.55102
388.0,40.0,20.0,2.0,100.0,39.34839
389.0,49.0,20.0,2.0,100.0,28.78125
390.0,0.0,20.0,2.0,100.0,56.049587
391.0,0.5,20.0,2.0,100.0,29.849056
392.0,1.0,20.0,2.0,100.0,29.43312
393.0,2.0,20.0,2.0,100.0,29.392405
394.0,3.0,20.0,2.0,100.0,42.72222
395.0,5.0,20.0,2.0,100.0,28.571428
396.0,10.0,20.0,2.0,100.0,49.18868
397.0,20.0,20.0,2.0,100.0,27.885906
398.0,40.0,20.0,2.0,100.0,28.554688
399.0,49.0,20.0,2.0,100.0,28.232557
400.0,0.0,20.0,2.0,100.0,29.107595
401.0,0.5,20.0,2.0,100.0,28.738853
402.0,1.0,20.0,2.0,100.0,28.649681
403.0,2.0,20.0,2.0,100.0,28.709677
404.0,3.0,20.0,2.0,100.0,29.865385
405.0,5.0,20.0,2.0,100.0,29.43038
406.0,10.0,20.0,2.0,100.0,30.435064
407.0,20.0,20.0,2.0,100.0,28.889656
408.0,40.0,20.0,2.0,100.0,30.433823
409.0,49.0,20.0,2.0,100.0,27.384
410.0,0.0,20.0,2.0,100.0,28.968355
411.0,0.5,20.0,2.0,100.0,30.801243
412.0,1.0,20.0,2.0,100.0,29.297468
413.0,2.0,20.0,2.0,100.0,29.312101
414.0,3.0,20.0,2.0,100.0,30.06962
415.0,5.0,20.0,2.0,100.0,29.484276
416.0,10.0,20.0,2.0,100.0,29.166666
417.0,20.0,20.0,2.0,100.0,27.964788
418.0,40.0,20.0,2.0,100.0,39.64331
419.0,49.0,20.0,2.0,100.0,25.892563
420.0,0.0,20.0,2.0,100.0,40.773254
421.0,0.5,20.0,2.0,100.0,28.391026
422.0,1.0,20.0,2.0,100.0,29.341772
423.0,2.0,20.0,2.0,100.0,28.727848
424.0,3.0,20.0,2.0,100.0,30.170887
425.0,5.0,20.0,2.0,100.0,21.574627
426.0,10.0,20.0,2.0,100.0,30.218542
427.0,20.0,20.0,2.0,100.0,28.915033
428.0,40.0,20.0,2.0,100.0,30.036232
429.0,49.0,20.0,2.0,100.0,26.338842
430.0,0.0,20.0,2.0,100.0,28.012821
431.0,0.5,20.0,2.0,100.0,28.474684
432.0,1.0,20.0,2.0,100.0,28.185898
433.0,2.0,20.0,2.0,100.0,29.5
434.0,3.0,20.0,2.0,100.0,29.87898
435.0,5.0,20.0,2.0,100.0,29.7707
436.0,10.0,20.0,2.0,100.0,41.275642
437.0,20.0,20.0,2.0,100.0,27.304964
438.0,40.0,20.0,2.0,100.0,29.6
439.0,49.0,20.0,2.0,100.0,30.27612
440.0,0.0,20.0,2.0,100.0,29.572327
441.0,0.5,20.0,2.0,100.0,28.452229
442.0,1.0,20.0,2.0,100.0,29.880503
443.0,2.0,20.0,2.0,100.0,32.35669
444.0,3.0,20.0,2.0,100.0,29.528662
445.0,5.0,20.0,2.0,100.0,29.122581
446.0,10.0,20.0,2.0,100.0,30.693878
447.0,20.0,20.0,2.0,100.0,25.151516
448.0,40.0,20.0,2.0,100.0,34.22222
449.0,49.0,20.0,2.0,100.0,29.094488
450.0,0.0,20.0,2.0,100.0,28.560509
451.0,0.5,20.0,2.0,100.0,29.227848
452.0,1.0,20.0,2.0,100.0,28.596153
453.0,2.0,20.0,2.0,100.0,29.132912
454.0,3.0,20.0,2.0,100.0,29.27564
455.0,5.0,20.0,2.0,100.0,55.77489
456.0,10.0,20.0,2.0,100.0,29.286625
457.0,20.0,20.0,2.0,100.0,28.876713
458.0,40.0,20.0,2.0,100.0,35.46207
459.0,49.0,20.0,2.0,100.0,17.025
460.0,0.0,20.0,2.0,100.0,28.772152
461.0,0.5,20.0,2.0,100.0,34.732395
462.0,1.0,20.0,2.0,100.0,27.877419
463.0,2.0,20.0,2.0,100.0,29.767296
464.0,3.0,20.0,2.0,100.0,40.09581
465.0,5.0,20.0,2.0,100.0,29.394905
466.0,10.0,20.0,2.0,100.0,29.771242
467.0,20.0,20.0,2.0,100.0,28.693878
468.0,40.0,20.0,2.0,100.0,27.868055
469.0,49.0,20.0,2.0,100.0,26.439024
470.0,0.0,20.0,2.0,100.0,28.607595
471.0,0.5,20.0,2.0,100.0,29.08176
472.0,1.0,20.0,2.0,100.0,30.01875
473.0,2.0,20.0,2.0,100.0,29.314102
474.0,3.0,20.0,2.0,100.0,29.594936
475.0,5.0,20.0,2.0,100.0,23.51181
476.0,10.0,20.0,2.0,100.0,28.608109
477.0,20.0,20.0,2.0,100.0,18.333334
478.0,40.0,20.0,2.0,100.0,30.640287
479.0,49.0,20.0,2.0,100.0,27.772358
480.0,0.0,20.0,2.0,100.0,29.06962
481.0,0.5,20.0,2.0,100.0,28.288462
482.0,1.0,20.0,2.0,100.0,29.240507
483.0,2.0,20.0,2.0,100.0,29.01266
484.0,3.0,20.0,2.0,100.0,28.63924
485.0,5.0,20.0,2.0,100.0,28.448051
486.0,10.0,20.0,2.0,100.0,45.38071
487.0,20.0,20.0,2.0,100.0,29.875
488.0,40.0,20.0,2.0,100.0,28.325758
489.0,49.0,20.0,2.0,100.0,29.204918
490.0,0.0,20.0,2.0,100.0,29.74375
491.0,0.5,20.0,2.0,100.0,28.286625
492.0,1.0,20.0,2.0,100.0,29.436708
493.0,2.0,20.0,2.0,100.0,29.0
494.0,3.0,20.0,2.0,100.0,28.077923
495.0,5.0,20.0,2.0,100.0,28.116882
496.0,10.0,20.0,2.0,100.0,26.744
497.0,20.0,20.0,2.0,100.0,28.726618
498.0,40.0,20.0,2.0,100.0,29.67442
499.0,49.0,20.0,2.0,100.0,27.539062
500.0,0.0,20.0,2.0,100.0,30.26087
501.0,0.5,20.0,2.0,100.0,29.312101
502.0,1.0,20.0,2.0,100.0,29.75
503.0,2.0,20.0,2.0,100.0,29.515724
504.0,3.0,20.0,2.0,100.0,28.820513
505.0,5.0,20.0,2.0,100.0,29.89172
506.0,10.0,20.0,2.0,100.0,29.714285
507.0,20.0,20.0,2.0,100.0,30.272108
508.0,40.0,20.0,2.0,100.0,40.596153
509.0,49.0,20.0,2.0,100.0,31.238806
510.0,0.0,20.0,2.0,100.0,28.713375
511.0,0.5,20.0,2.0,100.0,30.73913
512.0,1.0,20.0,2.0,100.0,29.8375
513.0,2.0,20.0,2.0,100.0,28.993671
514.0,3.0,20.0,2.0,100.0,28.917198
515.0,5.0,20.0,2.0,100.0,42.870586
516.0,10.0,20.0,2.0,100.0,29.251614
517.0,20.0,20.0,2.0,100.0,29.535948
518.0,40.0,20.0,2.0,100.0,27.467627
519.0,49.0,20.0,2.0,100.0,29.133858
520.0,0.0,20.0,2.0,100.0,28.815287
521.0,0.5,20.0,2.0,100.0,29.471699
522.0,1.0,20.0,2.0,100.0,29.51266
523.0,2.0,20.0,2.0,100.0,28.658228
524.0,3.0,20.0,2.0,100.0,29.184713
525.0,5.0,20.0,2.0,100.0,29.840765
526.0,10.0,20.0,2.0,100.0,29.62
527.0,20.0,20.0,2.0,100.0,28.897959
528.0,40.0,20.0,2.0,100.0,28.492064
529.0,49.0,20.0,2.0,100.0,28.732283
530.0,0.0,20.0,2.0,100.0,30.075
531.0,0.5,20.0,2.0,100.0,30.83125
532.0,1.0,20.0,2.0,100.0,29.064102
533.0,2.0,20.0,2.0,100.0,29.396227
534.0,3.0,20.0,2.0,100.0,28.01948
535.0,5.0,20.0,2.0,100.0,28.838709
536.0,10.0,20.0,2.0,100.0,28.928104
537.0,20.0,20.0,2.0,100.0,34.30263
538.0,40.0,20.0,2.0,100.0,28.437956
539.0,49.0,20.0,2.0,100.0,26.484127
540.0,0.0,20.0,2.0,100.0,29.240507
541.0,0.5,20.0,2.0,100.0,28.86076
542.0,1.0,20.0,2.0,100.0,30.28125
543.0,2.0,20.0,2.0,100.0,30.394905
544.0,3.0,20.0,2.0,100.0,28.875816
545.0,5.0,20.0,2.0,100.0,30.25974
546.0,10.0,20.0,2.0,100.0,52.427135
547.0,20.0,20.0,2.0,100.0,27.777779
548.0,40.0,20.0,2.0,100.0,32.28777
549.0,49.0,20.0,2.0,100.0,29.558823
550.0,0.0,20.0,2.0,100.0,28.27848
551.0,0.5,20.0,2.0,100.0,28.968355
552.0,1.0,20.0,2.0,100.0,28.803797
553.0,2.0,20.0,2.0,100.0,30.25625
554.0,3.0,20.0,2.0,100.0,30.397436
555.0,5.0,20.0,2.0,100.0,29.462025
556.0,10.0,20.0,2.0,100.0,29.357143
557.0,20.0,20.0,2.0,100.0,28.864864
558.0,40.0,20.0,2.0,100.0,27.794117
559.0,49.0,20.0,2.0,100.0,28.637096
560.0,0.0,20.0,2.0,100.0,29.8125
561.0,0.5,20.0,2.0,100.0,27.612904
562.0,1.0,20.0,2.0,100.0,29.037735
563.0,2.0,20.0,2.0,100.0,27.92258
564.0,3.0,20.0,2.0,100.0,28.493507
565.0,5.0,20.0,2.0,100.0,29.314102
566.0,10.0,20.0,2.0,100.0,29.913334
567.0,20.0,20.0,2.0,100.0,29.172413
568.0,40.0,20.0,2.0,100.0,28.738806
569.0,49.0,20.0,2.0,100.0,28.960938
570.0,0.0,20.0,2.0,100.0,42.54945
571.0,0.5,20.0,2.0,100.0,29.54717
572.0,1.0,20.0,2.0,100.0,28.378204
573.0,2.0,20.0,2.0,100.0,30.633541
574.0,3.0,20.0,2.0,100.0,29.298702
575.0,5.0,20.0,2.0,100.0,29.509554
576.0,10.0,20.0,2.0,100.0,29.441559
577.0,20.0,20.0,2.0,100.0,28.734694
578.0,40.0,20.0,2.0,100.0,40.04
579.0,49.0,20.0,2.0,100.0,27.897058
580.0,0.0,20.0,2.0,100.0,28.333334
581.0,0.5,20.0,2.0,100.0,28.352564
582.0,1.0,20.0,2.0,100.0,28.506493
583.0,2.0,20.0,2.0,100.0,29.830189
584.0,3.0,20.0,2.0,100.0,27.703226
585.0,5.0,20.0,2.0,100.0,28.045162
586.0,10.0,20.0,2.0,100.0,29.903225
587.0,20.0,20.0,2.0,100.0,29.550335
588.0,40.0,20.0,2.0,100.0,35.85443
589.0,49.0,20.0,2.0,100.0,27.085938
590.0,0.0,20.0,2.0,100.0,28.815287
591.0,0.5,20.0,2.0,100.0,29.031446
592.0,1.0,20.0,2.0,100.0,58.20851
593.0,2.0,20.0,2.0,100.0,30.106918
594.0,3.0,20.0,2.0,100.0,29.064516
595.0,5.0,20.0,2.0,100.0,28.467533
596.0,10.0,20.0,2.0,100.0,29.136364
597.0,20.0,20.0,2.0,100.0,28.193104
598.0,40.0,20.0,2.0,100.0,28.368422
599.0,49.0,20.0,2.0,100.0,29.804512
600.0,0.0,20.0,2.0,100.0,30.734568
601.0,0.5,20.0,2.0,100.0,28.668789
602.0,1.0,20.0,2.0,100.0,31.12963
603.0,2.0,20.0,2.0,100.0,28.767742
604.0,3.0,20.0,2.0,100.0,28.36129
605.0,5.0,20.0,2.0,100.0,29.924051
606.0,10.0,20.0,2.0,100.0,29.157894
607.0,20.0,20.0,2.0,100.0,28.452703
608.0,40.0,20.0,2.0,100.0,30.727942
609.0,49.0,20.0,2.0,100.0,30.133858
610.0,0.0,20.0,2.0,100.0,30.28125
611.0,0.5,20.0,2.0,100.0,29.408806
612.0,1.0,20.0,2.0,100.0,29.74375
613.0,2.0,20.0,2.0,100.0,21.455883
614.0,3.0,20.0,2.0,100.0,30.031446
615.0,5.0,20.0,2.0,100.0,29.094936
616.0,10.0,20.0,2.0,100.0,29.781458
617.0,20.0,20.0,2.0,100.0,25.737705
618.0,40.0,20.0,2.0,100.0,28.828358
619.0,49.0,20.0,2.0,100.0,28.861538
620.0,0.0,20.0,2.0,100.0,29.3481
621.0,0.5,20.0,2.0,100.0,29.9441
622.0,1.0,20.0,2.0,100.0,29.597485
623.0,2.0,20.0,2.0,100.0,53.36287
624.0,3.0,20.0,2.0,100.0,30.790123
625.0,5.0,20.0,2.0,100.0,29.013071
626.0,10.0,20.0,2.0,100.0,28.913334
627.0,20.0,20.0,2.0,100.0,30.386208
628.0,40.0,20.0,2.0,100.0,28.541353
629.0,49.0,20.0,2.0,100.0,28.204725
630.0,0.0,20.0,2.0,100.0,28.44586
631.0,0.5,20.0,2.0,100.0,29.27848
632.0,1.0,20.0,2.0,100.0,30.1
633.0,2.0,20.0,2.0,100.0,28.923567
634.0,3.0,20.0,2.0,100.0,47.307693
635.0,5.0,20.0,2.0,100.0,28.292208
636.0,10.0,20.0,2.0,100.0,28.848684
637.0,20.0,20.0,2.0,100.0,28.51389
638.0,40.0,20.0,2.0,100.0,29.232395
639.0,49.0,20.0,2.0,100.0,28.28125
640.0,0.0,20.0,2.0,100.0,28.331211
641.0,0.5,20.0,2.0,100.0,29.107595
642.0,1.0,20.0,2.0,100.0,29.596153
643.0,2.0,20.0,2.0,100.0,29.414013
644.0,3.0,20.0,2.0,100.0,28.76923
645.0,5.0,20.0,2.0,100.0,29.00641
646.0,10.0,20.0,2.0,100.0,29.107382
647.0,20.0,20.0,2.0,100.0,28.328768
648.0,40.0,20.0,2.0,100.0,30.202797
649.0,49.0,20.0,2.0,100.0,29.953125
650.0,0.0,20.0,2.0,100.0,29.484276
651.0,0.5,20.0,2.0,100.0,29.314465
652.0,1.0,20.0,2.0,100.0,29.597485
653.0,2.0,20.0,2.0,100.0,28.86076
654.0,3.0,20.0,2.0,100.0,29.254778
655.0,5.0,20.0,2.0,100.0,31.114649
656.0,10.0,20.0,2.0,100.0,30.314102
657.0,20.0,20.0,2.0,100.0,29.073334
658.0,40.0,20.0,2.0,100.0,29.769785
659.0,49.0,20.0,2.0,100.0,28.368
660.0,0.0,20.0,2.0,100.0,28.8481
661.0,0.5,20.0,2.0,100.0,28.583334
662.0,1.0,20.0,2.0,100.0,29.578617
663.0,2.0,20.0,2.0,100.0,30.275
664.0,3.0,20.0,2.0,100.0,28.898088
665.0,5.0,20.0,2.0,100.0,28.414013
666.0,10.0,20.0,2.0,100.0,16.091667
667.0,20.0,20.0,2.0,100.0,30.54
668.0,40.0,20.0,2.0,100.0,30.074074
669.0,49.0,20.0,2.0,100.0,28.430769
670.0,0.0,20.0,2.0,100.0,28.904459
671.0,0.5,20.0,2.0,100.0,29.525316
672.0,1.0,20.0,2.0,100.0,49.955753
673.0,2.0,20.0,2.0,100.0,28.580645
674.0,3.0,20.0,2.0,100.0,29.416666
675.0,5.0,20.0,2.0,100.0,28.56688
676.0,10.0,20.0,2.0,100.0,29.173334
677.0,20.0,20.0,2.0,100.0,30.29054
678.0,40.0,20.0,2.0,100.0,43.172413
679.0,49.0,20.0,2.0,100.0,27.373016
680.0,0.0,20.0,2.0,100.0,30.06875
681.0,0.5,20.0,2.0,100.0,29.1761
682.0,1.0,20.0,2.0,100.0,29.829113
683.0,2.0,20.0,2.0,100.0,29.572327
684.0,3.0,20.0,2.0,100.0,28.89172
685.0,5.0,20.0,2.0,100.0,29.311687
686.0,10.0,20.0,2.0,100.0,28.783783
687.0,20.0,20.0,2.0,100.0,28.331081
688.0,40.0,20.0,2.0,100.0,28.965034
689.0,49.0,20.0,2.0,100.0,29.55814
690.0,0.0,20.0,2.0,100.0,30.125
691.0,0.5,20.0,2.0,100.0,28.0
692.0,1.0,20.0,2.0,100.0,29.465408
693.0,2.0,20.0,2.0,100.0,29.5414
694.0,3.0,20.0,2.0,100.0,28.280575
695.0,5.0,20.0,2.0,100.0,29.348387
696.0,10.0,20.0,2.0,100.0,23.066668
697.0,20.0,20.0,2.0,100.0,20.518518
698.0,40.0,20.0,2.0,100.0,30.308271
699.0,49.0,20.0,2.0,100.0,46.444443
700.0,0.0,20.0,2.0,100.0,28.854431
701.0,0.5,20.0,2.0,100.0,28.515924
702.0,1.0,20.0,2.0,100.0,29.700638
703.0,2.0,20.0,2.0,100.0,29.981012
704.0,3.0,20.0,2.0,100.0,29.49359
705.0,5.0,20.0,2.0,100.0,28.358974
706.0,10.0,20.0,2.0,100.0,30.641026
707.0,20.0,20.0,2.0,100.0,27.055555
708.0,40.0,20.0,2.0,100.0,28.318518
709.0,49.0,20.0,2.0,100.0,28.984127
710.0,0.0,20.0,2.0,100.0,28.388535
711.0,0.5,20.0,2.0,100.0,30.639751
712.0,1.0,20.0,2.0,100.0,28.867088
713.0,2.0,20.0,2.0,100.0,29.626583
714.0,3.0,20.0,2.0,100.0,29.057325
715.0,5.0,20.0,2.0,100.0,28.73077
716.0,10.0,20.0,2.0,100.0,29.335526
717.0,20.0,20.0,2.0,100.0,29.543625
718.0,40.0,20.0,2.0,100.0,28.18116
719.0,49.0,20.0,2.0,100.0,29.046875
720.0,0.0,20.0,2.0,100.0,28.423077
721.0,0.5,20.0,2.0,100.0,29.22152
722.0,1.0,20.0,2.0,100.0,29.184713
723.0,2.0,20.0,2.0,100.0,28.305733
724.0,3.0,20.0,2.0,100.0,28.898088
725.0,5.0,20.0,2.0,100.0,29.550632
726.0,10.0,20.0,2.0,100.0,27.771812
727.0,20.0,20.0,2.0,100.0,28.685314
728.0,40.0,20.0,2.0,100.0,33.312057
729.0,49.0,20.0,2.0,100.0,28.476923
730.0,0.0,20.0,2.0,100.0,29.616352
731.0,0.5,20.0,2.0,100.0,29.503145
732.0,1.0,20.0,2.0,100.0,28.630573
733.0,2.0,20.0,2.0,100.0,28.369427
734.0,3.0,20.0,2.0,100.0,29.872612
735.0,5.0,20.0,2.0,100.0,30.6125
736.0,10.0,20.0,2.0,100.0,22.36923
737.0,20.0,20.0,2.0,100.0,28.867132
738.0,40.0,20.0,2.0,100.0,39.644295
739.0,49.0,20.0,2.0,100.0,29.953846
740.0,0.0,20.0,2.0,100.0,34.887325
741.0,0.5,20.0,2.0,100.0,28.617834
742.0,1.0,20.0,2.0,100.0,29.120253
743.0,2.0,20.0,2.0,100.0,30.490683
744.0,3.0,20.0,2.0,100.0,28.423077
745.0,5.0,20.0,2.0,100.0,40.632126
746.0,10.0,20.0,2.0,100.0,20.942028
747.0,20.0,20.0,2.0,100.0,30.641378
748.0,40.0,20.0,2.0,100.0,31.5
749.0,49.0,20.0,2.0,100.0,28.63077
750.0,0.0,20.0,2.0,100.0,28.43312
751.0,0.5,20.0,2.0,100.0,29.518988
752.0,1.0,20.0,2.0,100.0,28.818182
753.0,2.0,20.0,2.0,100.0,29.792454
754.0,3.0,20.0,2.0,100.0,28.98726
755.0,5.0,20.0,2.0,100.0,29.651613
756.0,10.0,20.0,2.0,100.0,32.94578
757.0,20.0,20.0,2.0,100.0,28.95105
758.0,40.0,20.0,2.0,100.0,27.373135
759.0,49.0,20.0,2.0,100.0,29.43609
760.0,0.0,20.0,2.0,100.0,29.333334
761.0,0.5,20.0,2.0,100.0,28.777071
762.0,1.0,20.0,2.0,100.0,28.407642
763.0,2.0,20.0,2.0,100.0,29.70625
764.0,3.0,20.0,2.0,100.0,29.25
765.0,5.0,20.0,2.0,100.0,28.887417
766.0,10.0,20.0,2.0,100.0,29.490196
767.0,20.0,20.0,2.0,100.0,30.208334
768.0,40.0,20.0,2.0,100.0,35.402878
769.0,49.0,20.0,2.0,100.0,30.289062
770.0,0.0,20.0,2.0,100.0,29.050632
771.0,0.5,20.0,2.0,100.0,29.925
772.0,1.0,20.0,2.0,100.0,29.879747
773.0,2.0,20.0,2.0,100.0,29.3481
774.0,3.0,20.0,2.0,100.0,29.284811
775.0,5.0,20.0,2.0,100.0,31.0375
776.0,10.0,20.0,2.0,100.0,29.811687
777.0,20.0,20.0,2.0,100.0,29.081633
778.0,40.0,20.0,2.0,100.0,36.5
779.0,49.0,20.0,2.0,100.0,27.739838
780.0,0.0,20.0,2.0,100.0,29.73125
781.0,0.5,20.0,2.0,100.0,29.169811
782.0,1.0,20.0,2.0,100.0,29.037975
783.0,2.0,20.0,2.0,100.0,28.765823
784.0,3.0,20.0,2.0,100.0,29.436708
785.0,5.0,20.0,2.0,100.0,29.641026
786.0,10.0,20.0,2.0,100.0,32.615852
787.0,20.0,20.0,2.0,100.0,20.045454
788.0,40.0,20.0,2.0,100.0,22.628319
789.0,49.0,20.0,2.0,100.0,30.544777
790.0,0.0,20.0,2.0,100.0,27.787096
791.0,0.5,20.0,2.0,100.0,29.955975
792.0,1.0,20.0,2.0,100.0,30.670807
793.0,2.0,20.0,2.0,100.0,29.101265
794.0,3.0,20.0,2.0,100.0,30.352201
795.0,5.0,20.0,2.0,100.0,29.55414
796.0,10.0,20.0,2.0,100.0,52.154205
797.0,20.0,20.0,2.0,100.0,29.31507
798.0,40.0,20.0,2.0,100.0,27.736841
799.0,49.0,20.0,2.0,100.0,28.312
800.0,0.0,20.0,2.0,100.0,28.78344
801.0,0.5,20.0,2.0,100.0,28.656052
802.0,1.0,20.0,2.0,100.0,29.069181
803.0,2.0,20.0,2.0,100.0,29.197453
804.0,3.0,20.0,2.0,100.0,29.464968
805.0,5.0,20.0,2.0,100.0,28.617834
806.0,10.0,20.0,2.0,100.0,31.216867
807.0,20.0,20.0,2.0,100.0,27.99315
808.0,40.0,20.0,2.0,100.0,28.80597
809.0,49.0,20.0,2.0,100.0,40.06993
810.0,0.0,20.0,2.0,100.0,29.183544
811.0,0.5,20.0,2.0,100.0,29.647799
812.0,1.0,20.0,2.0,100.0,46.62944
813.0,2.0,20.0,2.0,100.0,28.211538
814.0,3.0,20.0,2.0,100.0,29.076433
815.0,5.0,20.0,2.0,100.0,29.058065
816.0,10.0,20.0,2.0,100.0,28.453333
817.0,20.0,20.0,2.0,100.0,28.115108
818.0,40.0,20.0,2.0,100.0,29.218979
819.0,49.0,20.0,2.0,100.0,29.209303
820.0,0.0,20.0,2.0,100.0,29.503145
821.0,0.5,20.0,2.0,100.0,29.45912
822.0,1.0,20.0,2.0,100.0,29.320755
823.0,2.0,20.0,2.0,100.0,29.01266
824.0,3.0,20.0,2.0,100.0,37.141243
825.0,5.0,20.0,2.0,100.0,29.076433
826.0,10.0,20.0,2.0,100.0,29.389261
827.0,20.0,20.0,2.0,100.0,30.56081
828.0,40.0,20.0,2.0,100.0,26.453781
829.0,49.0,20.0,2.0,100.0,29.358778
830.0,0.0,20.0,2.0,100.0,29.163523
831.0,0.5,20.0,2.0,100.0,29.196203
832.0,1.0,20.0,2.0,100.0,28.7707
833.0,2.0,20.0,2.0,100.0,29.203821
834.0,3.0,20.0,2.0,100.0,28.865385
835.0,5.0,20.0,2.0,100.0,29.575163
836.0,10.0,20.0,2.0,100.0,29.178808
837.0,20.0,20.0,2.0,100.0,29.60145
838.0,40.0,20.0,2.0,100.0,29.388489
839.0,49.0,20.0,2.0,100.0,16.871796
840.0,0.0,20.0,2.0,100.0,29.748428
841.0,0.5,20.0,2.0,100.0,28.129032
842.0,1.0,20.0,2.0,100.0,29.211538
843.0,2.0,20.0,2.0,100.0,28.425806
844.0,3.0,20.0,2.0,100.0,29.108974
845.0,5.0,20.0,2.0,100.0,47.53846
846.0,10.0,20.0,2.0,100.0,29.647058
847.0,20.0,20.0,2.0,100.0,29.464788
848.0,40.0,20.0,2.0,100.0,29.666666
849.0,49.0,20.0,2.0,100.0,28.57252
850.0,0.0,20.0,2.0,100.0,29.654089
851.0,0.5,20.0,2.0,100.0,29.653847
852.0,1.0,20.0,2.0,100.0,29.76875
853.0,2.0,20.0,2.0,100.0,29.45912
854.0,3.0,20.0,2.0,100.0,29.303797
855.0,5.0,20.0,2.0,100.0,30.012579
856.0,10.0,20.0,2.0,100.0,28.830065
857.0,20.0,20.0,2.0,100.0,45.063217
858.0,40.0,20.0,2.0,100.0,29.215828
859.0,49.0,20.0,2.0,100.0,27.176
860.0,0.0,20.0,2.0,100.0,29.522013
861.0,0.5,20.0,2.0,100.0,30.03125
862.0,1.0,20.0,2.0,100.0,29.968554
863.0,2.0,20.0,2.0,100.0,28.815287
864.0,3.0,20.0,2.0,100.0,29.468355
865.0,5.0,20.0,2.0,100.0,30.449368
866.0,10.0,20.0,2.0,100.0,30.356688
867.0,20.0,20.0,2.0,100.0,29.55862
868.0,40.0,20.0,2.0,100.0,30.366907
869.0,49.0,20.0,2.0,100.0,37.134327
870.0,0.0,20.0,2.0,100.0,29.402515
871.0,0.5,20.0,2.0,100.0,29.170887
872.0,1.0,20.0,2.0,100.0,27.529032
873.0,2.0,20.0,2.0,100.0,29.198717
874.0,3.0,20.0,2.0,100.0,28.903225
875.0,5.0,20.0,2.0,100.0,30.325
876.0,10.0,20.0,2.0,100.0,29.853502
877.0,20.0,20.0,2.0,100.0,29.585033
878.0,40.0,20.0,2.0,100.0,34.797203
879.0,49.0,20.0,2.0,100.0,29.656488
880.0,0.0,20.0,2.0,100.0,29.01266
881.0,0.5,20.0,2.0,100.0,29.36478
882.0,1.0,20.0,2.0,100.0,28.816456
883.0,2.0,20.0,2.0,100.0,28.72258
884.0,3.0,20.0,2.0,100.0,28.467949
885.0,5.0,20.0,2.0,100.0,50.904976
886.0,10.0,20.0,2.0,100.0,16.495935
887.0,20.0,20.0,2.0,100.0,36.34568
888.0,40.0,20.0,2.0,100.0,37.253624
889.0,49.0,20.0,2.0,100.0,28.033058
890.0,0.0,20.0,2.0,100.0,27.97436
891.0,0.5,20.0,2.0,100.0,57.096233
892.0,1.0,20.0,2.0,100.0,28.141026
893.0,2.0,20.0,2.0,100.0,28.237179
894.0,3.0,20.0,2.0,100.0,28.580645
895.0,5.0,20.0,2.0,100.0,28.50641
896.0,10.0,20.0,2.0,100.0,28.20946
897.0,20.0,20.0,2.0,100.0,19.483606
898.0,40.0,20.0,2.0,100.0,29.719696
899.0,49.0,20.0,2.0,100.0,29.125984
900.0,0.0,20.0,2.0,100.0,27.580645
901.0,0.5,20.0,2.0,100.0,30.78882
902.0,1.0,20.0,2.0,100.0,28.917198
903.0,2.0,20.0,2.0,100.0,28.707006
904.0,3.0,20.0,2.0,100.0,29.50641
905.0,5.0,20.0,2.0,100.0,29.968554
906.0,10.0,20.0,2.0,100.0,29.350994
907.0,20.0,20.0,2.0,100.0,30.233767
908.0,40.0,20.0,2.0,100.0,32.020134
909.0,49.0,20.0,2.0,100.0,28.082706
910.0,0.0,20.0,2.0,100.0,30.5
911.0,0.5,20.0,2.0,100.0,41.519554
912.0,1.0,20.0,2.0,100.0,30.841772
913.0,2.0,20.0,2.0,100.0,35.11465
914.0,3.0,20.0,2.0,100.0,28.56688
915.0,5.0,20.0,2.0,100.0,23.652779
916.0,10.0,20.0,2.0,100.0,35.238094
917.0,20.0,20.0,2.0,100.0,29.096552
918.0,40.0,20.0,2.0,100.0,29.470589
919.0,49.0,20.0,2.0,100.0,26.642277
920.0,0.0,20.0,2.0,100.0,29.333334
921.0,0.5,20.0,2.0,100.0,29.449368
922.0,1.0,20.0,2.0,100.0,29.54088
923.0,2.0,20.0,2.0,100.0,29.45912
924.0,3.0,20.0,2.0,100.0,17.463636
925.0,5.0,20.0,2.0,100.0,29.22436
926.0,10.0,20.0,2.0,100.0,36.670887
927.0,20.0,20.0,2.0,100.0,29.794521
928.0,40.0,20.0,2.0,100.0,28.27907
929.0,49.0,20.0,2.0,100.0,29.815384
930.0,0.0,20.0,2.0,100.0,28.77848
931.0,0.5,20.0,2.0,100.0,28.923567
932.0,1.0,20.0,2.0,100.0,39.89394
933.0,2.0,20.0,2.0,100.0,29.5875
934.0,3.0,20.0,2.0,100.0,28.967949
935.0,5.0,20.0,2.0,100.0,29.955128
936.0,10.0,20.0,2.0,100.0,28.067568
937.0,20.0,20.0,2.0,100.0,29.728477
938.0,40.0,20.0,2.0,100.0,34.223682
939.0,49.0,20.0,2.0,100.0,35.854168
940.0,0.0,20.0,2.0,100.0,29.215189
941.0,0.5,20.0,2.0,100.0,28.179487
942.0,1.0,20.0,2.0,100.0,29.265823
943.0,2.0,20.0,2.0,100.0,29.535032
944.0,3.0,20.0,2.0,100.0,29.382166
945.0,5.0,20.0,2.0,100.0,28.746836
946.0,10.0,20.0,2.0,100.0,28.954248
947.0,20.0,20.0,2.0,100.0,34.78808
948.0,40.0,20.0,2.0,100.0,25.47934
949.0,49.0,20.0,2.0,100.0,28.664
950.0,0.0,20.0,2.0,100.0,29.691824
951.0,0.5,20.0,2.0,100.0,29.253164
952.0,1.0,20.0,2.0,100.0,28.683544
953.0,2.0,20.0,2.0,100.0,28.936306
954.0,3.0,20.0,2.0,100.0,29.830189
955.0,5.0,20.0,2.0,100.0,29.445162
956.0,10.0,20.0,2.0,100.0,29.655405
957.0,20.0,20.0,2.0,100.0,29.813334
958.0,40.0,20.0,2.0,100.0,28.885496
959.0,49.0,20.0,2.0,100.0,29.807692
960.0,0.0,20.0,2.0,100.0,48.431473
961.0,0.5,20.0,2.0,100.0,34.0
962.0,1.0,20.0,2.0,100.0,29.305733
963.0,2.0,20.0,2.0,100.0,49.380207
964.0,3.0,20.0,2.0,100.0,28.660257
965.0,5.0,20.0,2.0,100.0,27.630873
966.0,10.0,20.0,2.0,100.0,29.393333
967.0,20.0,20.0,2.0,100.0,28.266666
968.0,40.0,20.0,2.0,100.0,16.058823
969.0,49.0,20.0,2.0,100.0,28.037594
970.0,0.0,20.0,2.0,100.0,29.341772
971.0,0.5,20.0,2.0,100.0,29.10828
972.0,1.0,20.0,2.0,100.0,47.16923
973.0,2.0,20.0,2.0,100.0,28.152866
974.0,3.0,20.0,2.0,100.0,29.808918
975.0,5.0,20.0,2.0,100.0,17.369747
976.0,10.0,20.0,2.0,100.0,51.14904
977.0,20.0,20.0,2.0,100.0,29.537415
978.0,40.0,20.0,2.0,100.0,30.229008
979.0,49.0,20.0,2.0,100.0,28.781956
980.0,0.0,20.0,2.0,100.0,29.64151
981.0,0.5,20.0,2.0,100.0,39.391026
982.0,1.0,20.0,2.0,100.0,29.43038
983.0,2.0,20.0,2.0,100.0,29.63522
984.0,3.0,20.0,2.0,100.0,29.664557
985.0,5.0,20.0,2.0,100.0,28.974522
986.0,10.0,20.0,2.0,100.0,29.006536
987.0,20.0,20.0,2.0,100.0,29.648275
988.0,40.0,20.0,2.0,100.0,16.60177
989.0,49.0,20.0,2.0,100.0,28.377953
990.0,0.0,20.0,2.0,100.0,29.484276
991.0,0.5,20.0,2.0,100.0,28.576923
992.0,1.0,20.0,2.0,100.0,30.138365
993.0,2.0,20.0,2.0,100.0,30.037975
994.0,3.0,20.0,2.0,100.0,29.515724
995.0,5.0,20.0,2.0,100.0,29.593548
996.0,10.0,20.0,2.0,100.0,29.273973
997.0,20.0,20.0,2.0,100.0,27.683098
998.0,40.0,20.0,2.0,100.0,28.261438
999.0,49.0,20.0,2.0,100.0,26.410852
1000.0,0.0,20.0,2.0,100.0,29.1519
1001.0,0.5,20.0,2.0,100.0,49.46154
1002.0,1.0,20.0,2.0,100.0,30.069181
1003.0,2.0,20.0,2.0,100.0,28.630573
1004.0,3.0,20.0,2.0,100.0,28.78344
1005.0,5.0,20.0,2.0,100.0,30.10828
1006.0,10.0,20.0,2.0,100.0,36.926136
1007.0,20.0,20.0,2.0,100.0,28.575342
1008.0,40.0,20.0,2.0,100.0,30.496296
1009.0,49.0,20.0,2.0,100.0,29.238462
1010.0,0.0,20.0,2.0,100.0,29.044025
1011.0,0.5,20.0,2.0,100.0,27.541935
1012.0,1.0,20.0,2.0,100.0,29.379747
1013.0,2.0,20.0,2.0,100.0,29.937107
1014.0,3.0,20.0,2.0,100.0,30.037975
1015.0,5.0,20.0,2.0,100.0,28.807692
1016.0,10.0,20.0,2.0,100.0,28.324139
1017.0,20.0,20.0,2.0,100.0,30.272108
1018.0,40.0,20.0,2.0,100.0,30.666666
1019.0,49.0,20.0,2.0,100.0,29.280993
1020.0,0.0,20.0,2.0,100.0,27.71613
1021.0,0.5,20.0,2.0,100.0,29.044304
1022.0,1.0,20.0,2.0,100.0,29.286625
1023.0,2.0,20.0,2.0,100.0,30.157232
1024.0,3.0,20.0,2.0,100.0,29.0
1025.0,5.0,20.0,2.0,100.0,30.367743
1026.0,10.0,20.0,2.0,100.0,34.166668
1027.0,20.0,20.0,2.0,100.0,28.17361
1028.0,40.0,20.0,2.0,100.0,46.1625
1029.0,49.0,20.0,2.0,100.0,28.765625
1030.0,0.0,20.0,2.0,100.0,28.759493
1031.0,0.5,20.0,2.0,100.0,28.550632
1032.0,1.0,20.0,2.0,100.0,30.223602
1033.0,2.0,20.0,2.0,100.0,28.683544
1034.0,3.0,20.0,2.0,100.0,28.692308
1035.0,5.0,20.0,2.0,100.0,31.012579
1036.0,10.0,20.0,2.0,100.0,28.59477
1037.0,20.0,20.0,2.0,100.0,26.962406
1038.0,40.0,20.0,2.0,100.0,29.595589
1039.0,49.0,20.0,2.0,100.0,29.123077
1040.0,0.0,20.0,2.0,100.0,29.27673
1041.0,0.5,20.0,2.0,100.0,29.803797
1042.0,1.0,20.0,2.0,100.0,30.559006
1043.0,2.0,20.0,2.0,100.0,28.858065
1044.0,3.0,20.0,2.0,100.0,29.598726
1045.0,5.0,20.0,2.0,100.0,30.265823
1046.0,10.0,20.0,2.0,100.0,30.149351
1047.0,20.0,20.0,2.0,100.0,30.12
1048.0,40.0,20.0,2.0,100.0,29.28777
1049.0,49.0,20.0,2.0,100.0,27.605839
1050.0,0.0,20.0,2.0,100.0,29.658228
1051.0,0.5,20.0,2.0,100.0,28.859873
1052.0,1.0,20.0,2.0,100.0,29.559748
1053.0,2.0,20.0,2.0,100.0,29.626583
1054.0,3.0,20.0,2.0,100.0,28.359478
1055.0,5.0,20.0,2.0,100.0,30.394905
1056.0,10.0,20.0,2.0,100.0,42.941177
1057.0,20.0,20.0,2.0,100.0,28.541096
1058.0,40.0,20.0,2.0,100.0,29.922482
1059.0,49.0,20.0,2.0,100.0,28.12
1060.0,0.0,20.0,2.0,100.0,28.72152
1061.0,0.5,20.0,2.0,100.0,29.436708
1062.0,1.0,20.0,2.0,100.0,30.175
1063.0,2.0,20.0,2.0,100.0,29.153847
1064.0,3.0,20.0,2.0,100.0,29.55414
1065.0,5.0,20.0,2.0,100.0,29.397436
1066.0,10.0,20.0,2.0,100.0,29.59091
1067.0,20.0,20.0,2.0,100.0,28.797297
1068.0,40.0,20.0,2.0,100.0,29.022058
1069.0,49.0,20.0,2.0,100.0,28.8
1070.0,0.0,20.0,2.0,100.0,27.754839
1071.0,0.5,20.0,2.0,100.0,29.373417
1072.0,1.0,20.0,2.0,100.0,28.40909
1073.0,2.0,20.0,2.0,100.0,29.36076
1074.0,3.0,20.0,2.0,100.0,28.662338
1075.0,5.0,20.0,2.0,100.0,28.567741
1076.0,10.0,20.0,2.0,100.0,28.662252
1077.0,20.0,20.0,2.0,100.0,30.855263
1078.0,40.0,20.0,2.0,100.0,29.604317
1079.0,49.0,20.0,2.0,100.0,29.070866
1080.0,0.0,20.0,2.0,100.0,29.54717
1081.0,0.5,20.0,2.0,100.0,28.617834
1082.0,1.0,20.0,2.0,100.0,29.88125
1083.0,2.0,20.0,2.0,100.0,29.716982
1084.0,3.0,20.0,2.0,100.0,27.754839
1085.0,5.0,20.0,2.0,100.0,28.30921
1086.0,10.0,20.0,2.0,100.0,32.267975
1087.0,20.0,20.0,2.0,100.0,32.850933
1088.0,40.0,20.0,2.0,100.0,28.338346
1089.0,49.0,20.0,2.0,100.0,29.274809
1090.0,0.0,20.0,2.0,100.0,29.120253
1091.0,0.5,20.0,2.0,100.0,28.538961
1092.0,1.0,20.0,2.0,100.0,48.728973
1093.0,2.0,20.0,2.0,100.0,29.64516
1094.0,3.0,20.0,2.0,100.0,29.503185
1095.0,5.0,20.0,2.0,100.0,30.512987
1096.0,10.0,20.0,2.0,100.0,21.963236
1097.0,20.0,20.0,2.0,100.0,27.908451
1098.0,40.0,20.0,2.0,100.0,29.810606
1099.0,49.0,20.0,2.0,100.0,28.310606
1100.0,0.0,20.0,2.0,100.0,29.9375
1101.0,0.5,20.0,2.0,100.0,52.013214
1102.0,1.0,20.0,2.0,100.0,29.955975
1103.0,2.0,20.0,2.0,100.0,35.423077
1104.0,3.0,20.0,2.0,100.0,29.341772
1105.0,5.0,20.0,2.0,100.0,28.851612
1106.0,10.0,20.0,2.0,100.0,28.607843
1107.0,20.0,20.0,2.0,100.0,29.41096
1108.0,40.0,20.0,2.0,100.0,16.965813
1109.0,49.0,20.0,2.0,100.0,27.925373
1110.0,0.0,20.0,2.0,100.0,29.503145
1111.0,0.5,20.0,2.0,100.0,29.3481
1112.0,1.0,20.0,2.0,100.0,55.770214
1113.0,2.0,20.0,2.0,100.0,29.584906
1114.0,3.0,20.0,2.0,100.0,31.530865
1115.0,5.0,20.0,2.0,100.0,27.824675
1116.0,10.0,20.0,2.0,100.0,31.232258
1117.0,20.0,20.0,2.0,100.0,28.78808
1118.0,40.0,20.0,2.0,100.0,28.970589
1119.0,49.0,20.0,2.0,100.0,17.286884
1120.0,0.0,20.0,2.0,100.0,29.9375
1121.0,0.5,20.0,2.0,100.0,28.745222
1122.0,1.0,20.0,2.0,100.0,29.503185
1123.0,2.0,20.0,2.0,100.0,29.185898
1124.0,3.0,20.0,2.0,100.0,49.22596
1125.0,5.0,20.0,2.0,100.0,28.55414
1126.0,10.0,20.0,2.0,100.0,30.290323
1127.0,20.0,20.0,2.0,100.0,29.871622
1128.0,40.0,20.0,2.0,100.0,28.234482
1129.0,49.0,20.0,2.0,100.0,27.801588
1130.0,0.0,20.0,2.0,100.0,29.54088
1131.0,0.5,20.0,2.0,100.0,30.236025
1132.0,1.0,20.0,2.0,100.0,29.506329
1133.0,2.0,20.0,2.0,100.0,29.761005
1134.0,3.0,20.0,2.0,100.0,29.509434
1135.0,5.0,20.0,2.0,100.0,29.51923
1136.0,10.0,20.0,2.0,100.0,28.681818
1137.0,20.0,20.0,2.0,100.0,28.68
1138.0,40.0,20.0,2.0,100.0,34.219696
1139.0,49.0,20.0,2.0,100.0,27.715385
1140.0,0.0,20.0,2.0,100.0,29.584906
1141.0,0.5,20.0,2.0,100.0,29.566038
1142.0,1.0,20.0,2.0,100.0,30.64375
1143.0,2.0,20.0,2.0,100.0,28.687899
1144.0,3.0,20.0,2.0,100.0,28.955414
1145.0,5.0,20.0,2.0,100.0,28.772728
1146.0,10.0,20.0,2.0,100.0,28.506578
1147.0,20.0,20.0,2.0,100.0,29.312925
1148.0,40.0,20.0,2.0,100.0,28.864662
1149.0,49.0,20.0,2.0,100.0,18.380165
1150.0,0.0,20.0,2.0,100.0,29.490566
1151.0,0.5,20.0,2.0,100.0,28.803797
1152.0,1.0,20.0,2.0,100.0,30.888199
1153.0,2.0,20.0,2.0,100.0,29.528301
1154.0,3.0,20.0,2.0,100.0,51.80751
1155.0,5.0,20.0,2.0,100.0,28.910257
1156.0,10.0,20.0,2.0,100.0,29.012821
1157.0,20.0,20.0,2.0,100.0,31.123287
1158.0,40.0,20.0,2.0,100.0,29.377777
1159.0,49.0,20.0,2.0,100.0,28.546875
1160.0,0.0,20.0,2.0,100.0,29.610064
1161.0,0.5,20.0,2.0,100.0,28.147436
1162.0,1.0,20.0,2.0,100.0,28.859873
1163.0,2.0,20.0,2.0,100.0,28.467949
1164.0,3.0,20.0,2.0,100.0,28.0
1165.0,5.0,20.0,2.0,100.0,29.382166
1166.0,10.0,20.0,2.0,100.0,19.617886
1167.0,20.0,20.0,2.0,100.0,29.650684
1168.0,40.0,20.0,2.0,100.0,29.458015
1169.0,49.0,20.0,2.0,100.0,29.438461
1170.0,0.0,20.0,2.0,100.0,28.423077
1171.0,0.5,20.0,2.0,100.0,27.820513
1172.0,1.0,20.0,2.0,100.0,29.289309
1173.0,2.0,20.0,2.0,100.0,29.911392
1174.0,3.0,20.0,2.0,100.0,28.219355
1175.0,5.0,20.0,2.0,100.0,55.004444
1176.0,10.0,20.0,2.0,100.0,30.358974
1177.0,20.0,20.0,2.0,100.0,29.0
1178.0,40.0,20.0,2.0,100.0,29.238806
1179.0,49.0,20.0,2.0,100.0,28.220472
1180.0,0.0,20.0,2.0,100.0,28.605095
1181.0,0.5,20.0,2.0,100.0,29.9
1182.0,1.0,20.0,2.0,100.0,30.614906
1183.0,2.0,20.0,2.0,100.0,28.794872
1184.0,3.0,20.0,2.0,100.0,29.352201
1185.0,5.0,20.0,2.0,100.0,29.812902
1186.0,10.0,20.0,2.0,100.0,53.831776
1187.0,20.0,20.0,2.0,100.0,35.463577
1188.0,40.0,20.0,2.0,100.0,29.185184
1189.0,49.0,20.0,2.0,100.0,29.032787
1190.0,0.0,20.0,2.0,100.0,30.08805
1191.0,0.5,20.0,2.0,100.0,30.1
1192.0,1.0,20.0,2.0,100.0,28.679487
1193.0,2.0,20.0,2.0,100.0,27.8
1194.0,3.0,20.0,2.0,100.0,58.30204
1195.0,5.0,20.0,2.0,100.0,28.870968
1196.0,10.0,20.0,2.0,100.0,41.05612
1197.0,20.0,20.0,2.0,100.0,28.082758
1198.0,40.0,20.0,2.0,100.0,30.657343
1199.0,49.0,20.0,2.0,100.0,29.705883
1200.0,0.0,20.0,2.0,100.0,29.188679
1201.0,0.5,20.0,2.0,100.0,29.08228
1202.0,1.0,20.0,2.0,100.0,28.822784
1203.0,2.0,20.0,2.0,100.0,29.742138
1204.0,3.0,20.0,2.0,100.0,28.643312
1205.0,5.0,20.0,2.0,100.0,29.051949
1206.0,10.0,20.0,2.0,100.0,29.443708
1207.0,20.0,20.0,2.0,100.0,28.929577
1208.0,40.0,20.0,2.0,100.0,32.404255
1209.0,49.0,20.0,2.0,100.0,32.77037
1210.0,0.0,20.0,2.0,100.0,49.814632
1211.0,0.5,20.0,2.0,100.0,29.449368
1212.0,1.0,20.0,2.0,100.0,29.050955
1213.0,2.0,20.0,2.0,100.0,29.08805
1214.0,3.0,20.0,2.0,100.0,28.962025
1215.0,5.0,20.0,2.0,100.0,29.433962
1216.0,10.0,20.0,2.0,100.0,28.355705
1217.0,20.0,20.0,2.0,100.0,33.05
1218.0,40.0,20.0,2.0,100.0,27.536
1219.0,49.0,20.0,2.0,100.0,27.462122
1220.0,0.0,20.0,2.0,100.0,29.177216
1221.0,0.5,20.0,2.0,100.0,29.56962
1222.0,1.0,20.0,2.0,100.0,29.025478
1223.0,2.0,20.0,2.0,100.0,28.301283
1224.0,3.0,20.0,2.0,100.0,52.75799
1225.0,5.0,20.0,2.0,100.0,29.299362
1226.0,10.0,20.0,2.0,100.0,30.649006
1227.0,20.0,20.0,2.0,100.0,28.743055
1228.0,40.0,20.0,2.0,100.0,28.629032
1229.0,49.0,20.0,2.0,100.0,28.022902
1230.0,0.0,20.0,2.0,100.0,29.72327
1231.0,0.5,20.0,2.0,100.0,28.356688
1232.0,1.0,20.0,2.0,100.0,28.378204
1233.0,2.0,20.0,2.0,100.0,30.360249
1234.0,3.0,20.0,2.0,100.0,29.153847
1235.0,5.0,20.0,2.0,100.0,28.798702
1236.0,10.0,20.0,2.0,100.0,29.460526
1237.0,20.0,20.0,2.0,100.0,28.77931
1238.0,40.0,20.0,2.0,100.0,28.16154
1239.0,49.0,20.0,2.0,100.0,29.444445
1240.0,0.0,20.0,2.0,100.0,28.43312
1241.0,0.5,20.0,2.0,100.0,29.22436
1242.0,1.0,20.0,2.0,100.0,29.191082
1243.0,2.0,20.0,2.0,100.0,38.308643
1244.0,3.0,20.0,2.0,100.0,28.175325
1245.0,5.0,20.0,2.0,100.0,29.077923
1246.0,10.0,20.0,2.0,100.0,28.766666
1247.0,20.0,20.0,2.0,100.0,32.728477
1248.0,40.0,20.0,2.0,100.0,28.571428
1249.0,49.0,20.0,2.0,100.0,28.042017
1250.0,0.0,20.0,2.0,100.0,29.710691
1251.0,0.5,20.0,2.0,100.0,28.625807
1252.0,1.0,20.0,2.0,100.0,29.462025
1253.0,2.0,20.0,2.0,100.0,28.33758
1254.0,3.0,20.0,2.0,100.0,29.339743
1255.0,5.0,20.0,2.0,100.0,29.794872
1256.0,10.0,20.0,2.0,100.0,30.069181
1257.0,20.0,20.0,2.0,100.0,28.97973
1258.0,40.0,20.0,2.0,100.0,27.59854
1259.0,49.0,20.0,2.0,100.0,47.687115
1260.0,0.0,20.0,2.0,100.0,28.943037
1261.0,0.5,20.0,2.0,100.0,28.076433
1262.0,1.0,20.0,2.0,100.0,28.670887
1263.0,2.0,20.0,2.0,100.0,29.759493
1264.0,3.0,20.0,2.0,100.0,28.833334
1265.0,5.0,20.0,2.0,100.0,28.753246
1266.0,10.0,20.0,2.0,100.0,29.046358
1267.0,20.0,20.0,2.0,100.0,28.054054
1268.0,40.0,20.0,2.0,100.0,28.47826
1269.0,49.0,20.0,2.0,100.0,29.413534
1270.0,0.0,20.0,2.0,100.0,29.591194
1271.0,0.5,20.0,2.0,100.0,28.292208
1272.0,1.0,20.0,2.0,100.0,29.484276
1273.0,2.0,20.0,2.0,100.0,30.360249
1274.0,3.0,20.0,2.0,100.0,27.636364
1275.0,5.0,20.0,2.0,100.0,28.574194
1276.0,10.0,20.0,2.0,100.0,28.510067
1277.0,20.0,20.0,2.0,100.0,29.917242
1278.0,40.0,20.0,2.0,100.0,29.372093
1279.0,49.0,20.0,2.0,100.0,29.89781
1280.0,0.0,20.0,2.0,100.0,29.798742
1281.0,0.5,20.0,2.0,100.0,28.448717
1282.0,1.0,20.0,2.0,100.0,29.301888
1283.0,2.0,20.0,2.0,100.0,28.757961
1284.0,3.0,20.0,2.0,100.0,28.503225
1285.0,5.0,20.0,2.0,100.0,29.911392
1286.0,10.0,20.0,2.0,100.0,29.118422
1287.0,20.0,20.0,2.0,100.0,28.053333
1288.0,40.0,20.0,2.0,100.0,28.832117
1289.0,49.0,20.0,2.0,100.0,28.12712
1290.0,0.0,20.0,2.0,100.0,29.164557
1291.0,0.5,20.0,2.0,100.0,48.18687
1292.0,1.0,20.0,2.0,100.0,29.80503
1293.0,2.0,20.0,2.0,100.0,28.25
1294.0,3.0,20.0,2.0,100.0,28.388535
1295.0,5.0,20.0,2.0,100.0,29.41772
1296.0,10.0,20.0,2.0,100.0,28.18
1297.0,20.0,20.0,2.0,100.0,29.04054
1298.0,40.0,20.0,2.0,100.0,28.175573
1299.0,49.0,20.0,2.0,100.0,29.89516
1300.0,0.0,20.0,2.0,100.0,28.949045
1301.0,0.5,20.0,2.0,100.0,28.993671
1302.0,1.0,20.0,2.0,100.0,28.6519
1303.0,2.0,20.0,2.0,100.0,29.782051
1304.0,3.0,20.0,2.0,100.0,29.006329
1305.0,5.0,20.0,2.0,100.0,30.481012
1306.0,10.0,20.0,2.0,100.0,27.925676
1307.0,20.0,20.0,2.0,100.0,21.7
1308.0,40.0,20.0,2.0,100.0,28.398497
1309.0,49.0,20.0,2.0,100.0,28.874016
1310.0,0.0,20.0,2.0,100.0,56.272728
1311.0,0.5,20.0,2.0,100.0,29.253164
1312.0,1.0,20.0,2.0,100.0,30.056604
1313.0,2.0,20.0,2.0,100.0,29.43038
1314.0,3.0,20.0,2.0,100.0,50.723003
1315.0,5.0,20.0,2.0,100.0,29.141026
1316.0,10.0,20.0,2.0,100.0,28.774834
1317.0,20.0,20.0,2.0,100.0,29.857143
1318.0,40.0,20.0,2.0,100.0,29.21168
1319.0,49.0,20.0,2.0,100.0,29.772728
1320.0,0.0,20.0,2.0,100.0,28.56962
1321.0,0.5,20.0,2.0,100.0,29.69375
1322.0,1.0,20.0,2.0,100.0,29.01923
1323.0,2.0,20.0,2.0,100.0,28.4586
1324.0,3.0,20.0,2.0,100.0,27.655844
1325.0,5.0,20.0,2.0,100.0,29.506666
1326.0,10.0,20.0,2.0,100.0,29.980892
1327.0,20.0,20.0,2.0,100.0,28.963236
1328.0,40.0,20.0,2.0,100.0,28.321428
1329.0,49.0,20.0,2.0,100.0,28.80916
1330.0,0.0,20.0,2.0,100.0,29.094936
1331.0,0.5,20.0,2.0,100.0,30.66875
1332.0,1.0,20.0,2.0,100.0,28.815287
1333.0,2.0,20.0,2.0,100.0,30.754717
1334.0,3.0,20.0,2.0,100.0,30.150944
1335.0,5.0,20.0,2.0,100.0,28.98077
1336.0,10.0,20.0,2.0,100.0,29.298702
1337.0,20.0,20.0,2.0,100.0,29.125
1338.0,40.0,20.0,2.0,100.0,29.297102
1339.0,49.0,20.0,2.0,100.0,29.90909
1340.0,0.0,20.0,2.0,100.0,28.816456
1341.0,0.5,20.0,2.0,100.0,30.561728
1342.0,1.0,20.0,2.0,100.0,28.445162
1343.0,2.0,20.0,2.0,100.0,29.350319
1344.0,3.0,20.0,2.0,100.0,29.088608
1345.0,5.0,20.0,2.0,100.0,29.70886
1346.0,10.0,20.0,2.0,100.0,29.084415
1347.0,20.0,20.0,2.0,100.0,18.387096
1348.0,40.0,20.0,2.0,100.0,30.656717
1349.0,49.0,20.0,2.0,100.0,28.152672
1350.0,0.0,20.0,2.0,100.0,29.584906
1351.0,0.5,20.0,2.0,100.0,28.509554
1352.0,1.0,20.0,2.0,100.0,29.719746
1353.0,2.0,20.0,2.0,100.0,28.480263
1354.0,3.0,20.0,2.0,100.0,28.92258
1355.0,5.0,20.0,2.0,100.0,28.506493
1356.0,10.0,20.0,2.0,100.0,28.96129
1357.0,20.0,20.0,2.0,100.0,29.375887
1358.0,40.0,20.0,2.0,100.0,27.265152
1359.0,49.0,20.0,2.0,100.0,29.661764
1360.0,0.0,20.0,2.0,100.0,29.327044
1361.0,0.5,20.0,2.0,100.0,30.03125
1362.0,1.0,20.0,2.0,100.0,28.382166
1363.0,2.0,20.0,2.0,100.0,29.242039
1364.0,3.0,20.0,2.0,100.0,28.751593
1365.0,5.0,20.0,2.0,100.0,28.254778
1366.0,10.0,20.0,2.0,100.0,29.398693
1367.0,20.0,20.0,2.0,100.0,30.216217
1368.0,40.0,20.0,2.0,100.0,28.373135
1369.0,49.0,20.0,2.0,100.0,28.176
1370.0,0.0,20.0,2.0,100.0,28.968355
1371.0,0.5,20.0,2.0,100.0,29.088608
1372.0,1.0,20.0,2.0,100.0,29.71875
1373.0,2.0,20.0,2.0,100.0,30.134615
1374.0,3.0,20.0,2.0,100.0,30.2625
1375.0,5.0,20.0,2.0,100.0,29.012821
1376.0,10.0,20.0,2.0,100.0,29.967533
1377.0,20.0,20.0,2.0,100.0,30.102041
1378.0,40.0,20.0,2.0,100.0,28.287878
1379.0,49.0,20.0,2.0,100.0,30.403101
1380.0,0.0,20.0,2.0,100.0,29.113924
1381.0,0.5,20.0,2.0,100.0,29.503145
1382.0,1.0,20.0,2.0,100.0,28.846153
1383.0,2.0,20.0,2.0,100.0,29.572327
1384.0,3.0,20.0,2.0,100.0,29.012821
1385.0,5.0,20.0,2.0,100.0,31.025974
1386.0,10.0,20.0,2.0,100.0,20.32174
1387.0,20.0,20.0,2.0,100.0,28.89404
1388.0,40.0,20.0,2.0,100.0,28.039682
1389.0,49.0,20.0,2.0,100.0,40.774647
1390.0,0.0,20.0,2.0,100.0,28.802547
1391.0,0.5,20.0,2.0,100.0,28.083334
1392.0,1.0,20.0,2.0,100.0,29.056963
1393.0,2.0,20.0,2.0,100.0,29.202614
1394.0,3.0,20.0,2.0,100.0,30.4125
1395.0,5.0,20.0,2.0,100.0,29.704403
1396.0,10.0,20.0,2.0,100.0,27.801325
1397.0,20.0,20.0,2.0,100.0,28.0
1398.0,40.0,20.0,2.0,100.0,28.294573
1399.0,49.0,20.0,2.0,100.0,26.813433
1400.0,0.0,20.0,2.0,100.0,46.9
1401.0,0.5,20.0,2.0,100.0,29.3481
1402.0,1.0,20.0,2.0,100.0,54.554585
1403.0,2.0,20.0,2.0,100.0,30.031446
1404.0,3.0,20.0,2.0,100.0,29.50641
1405.0,5.0,20.0,2.0,100.0,30.548388
1406.0,10.0,20.0,2.0,100.0,28.384106
1407.0,20.0,20.0,2.0,100.0,29.753334
1408.0,40.0,20.0,2.0,100.0,30.11111
1409.0,49.0,20.0,2.0,100.0,27.746155
1410.0,0.0,20.0,2.0,100.0,30.03125
1411.0,0.5,20.0,2.0,100.0,37.57672
1412.0,1.0,20.0,2.0,100.0,28.135485
1413.0,2.0,20.0,2.0,100.0,30.36478
1414.0,3.0,20.0,2.0,100.0,28.205297
1415.0,5.0,20.0,2.0,100.0,27.512987
1416.0,10.0,20.0,2.0,100.0,29.866667
1417.0,20.0,20.0,2.0,100.0,28.43919
1418.0,40.0,20.0,2.0,100.0,29.787878
1419.0,49.0,20.0,2.0,100.0,26.792307
1420.0,0.0,20.0,2.0,100.0,28.77848
1421.0,0.5,20.0,2.0,100.0,29.702532
1422.0,1.0,20.0,2.0,100.0,30.125
1423.0,2.0,20.0,2.0,100.0,29.949686
1424.0,3.0,20.0,2.0,100.0,28.535032
1425.0,5.0,20.0,2.0,100.0,18.0
1426.0,10.0,20.0,2.0,100.0,29.099339
1427.0,20.0,20.0,2.0,100.0,29.041666
1428.0,40.0,20.0,2.0,100.0,29.44853
1429.0,49.0,20.0,2.0,100.0,28.280993
1430.0,0.0,20.0,2.0,100.0,29.679245
1431.0,0.5,20.0,2.0,100.0,28.416666
1432.0,1.0,20.0,2.0,100.0,29.06962
1433.0,2.0,20.0,2.0,100.0,29.56688
1434.0,3.0,20.0,2.0,100.0,28.806452
1435.0,5.0,20.0,2.0,100.0,29.589403
1436.0,10.0,20.0,2.0,100.0,28.914474
1437.0,20.0,20.0,2.0,100.0,28.033558
1438.0,40.0,20.0,2.0,100.0,30.719696
1439.0,49.0,20.0,2.0,100.0,29.132812
1440.0,0.0,20.0,2.0,100.0,29.875
1441.0,0.5,20.0,2.0,100.0,29.9875
1442.0,1.0,20.0,2.0,100.0,29.45912
1443.0,2.0,20.0,2.0,100.0,27.883118
1444.0,3.0,20.0,2.0,100.0,28.881578
1445.0,5.0,20.0,2.0,100.0,18.492064
1446.0,10.0,20.0,2.0,100.0,47.14904
1447.0,20.0,20.0,2.0,100.0,29.182432
1448.0,40.0,20.0,2.0,100.0,31.791666
1449.0,49.0,20.0,2.0,100.0,28.261538
1450.0,0.0,20.0,2.0,100.0,28.949368
1451.0,0.5,20.0,2.0,100.0,29.89375
1452.0,1.0,20.0,2.0,100.0,29.607595
1453.0,2.0,20.0,2.0,100.0,46.343285
1454.0,3.0,20.0,2.0,100.0,37.016483
1455.0,5.0,20.0,2.0,100.0,28.741936
1456.0,10.0,20.0,2.0,100.0,30.116129
1457.0,20.0,20.0,2.0,100.0,29.76389
1458.0,40.0,20.0,2.0,100.0,30.23741
1459.0,49.0,20.0,2.0,100.0,28.377953
1460.0,0.0,20.0,2.0,100.0,30.06875
1461.0,0.5,20.0,2.0,100.0,29.132912
1462.0,1.0,20.0,2.0,100.0,29.597485
1463.0,2.0,20.0,2.0,100.0,28.765823
1464.0,3.0,20.0,2.0,100.0,29.305195
1465.0,5.0,20.0,2.0,100.0,28.923567
1466.0,10.0,20.0,2.0,100.0,30.484076
1467.0,20.0,20.0,2.0,100.0,29.314686
1468.0,40.0,20.0,2.0,100.0,29.286713
1469.0,49.0,20.0,2.0,100.0,30.48062
1470.0,0.0,20.0,2.0,100.0,29.710691
1471.0,0.5,20.0,2.0,100.0,29.232704
1472.0,1.0,20.0,2.0,100.0,30.68125
1473.0,2.0,20.0,2.0,100.0,27.4
1474.0,3.0,20.0,2.0,100.0,29.842768
1475.0,5.0,20.0,2.0,100.0,30.512821
1476.0,10.0,20.0,2.0,100.0,30.225166
1477.0,20.0,20.0,2.0,100.0,17.82301
1478.0,40.0,20.0,2.0,100.0,29.05303
1479.0,49.0,20.0,2.0,100.0,29.664062
1480.0,0.0,20.0,2.0,100.0,28.981012
1481.0,0.5,20.0,2.0,100.0,28.47436
1482.0,1.0,20.0,2.0,100.0,29.08228
1483.0,2.0,20.0,2.0,100.0,33.62238
1484.0,3.0,20.0,2.0,100.0,29.177216
1485.0,5.0,20.0,2.0,100.0,37.77957
1486.0,10.0,20.0,2.0,100.0,29.344156
1487.0,20.0,20.0,2.0,100.0,28.37063
1488.0,40.0,20.0,2.0,100.0,28.294573
1489.0,49.0,20.0,2.0,100.0,27.44361
1490.0,0.0,20.0,2.0,100.0,28.537975
1491.0,0.5,20.0,2.0,100.0,28.185898
1492.0,1.0,20.0,2.0,100.0,28.829113
1493.0,2.0,20.0,2.0,100.0,30.050632
1494.0,3.0,20.0,2.0,100.0,28.911392
1495.0,5.0,20.0,2.0,100.0,28.509804
1496.0,10.0,20.0,2.0,100.0,29.866241
1497.0,20.0,20.0,2.0,100.0,24.359713
1498.0,40.0,20.0,2.0,100.0,28.072992
1499.0,49.0,20.0,2.0,100.0,35.265625
1500.0,0.0,20.0,2.0,100.0,29.45283
1501.0,0.5,20.0,2.0,100.0,29.088608
1502.0,1.0,20.0,2.0,100.0,30.173914
1503.0,2.0,20.0,2.0,100.0,28.56688
1504.0,3.0,20.0,2.0,100.0,28.942308
1505.0,5.0,20.0,2.0,100.0,29.833334
1506.0,10.0,20.0,2.0,100.0,29.427631
1507.0,20.0,20.0,2.0,100.0,29.479452
1508.0,40.0,20.0,2.0,100.0,28.539568
1509.0,49.0,20.0,2.0,100.0,28.595238
1510.0,0.0,20.0,2.0,100.0,29.158228
1511.0,0.5,20.0,2.0,100.0,30.037268
1512.0,1.0,20.0,2.0,100.0,29.786163
1513.0,2.0,20.0,2.0,100.0,28.152866
1514.0,3.0,20.0,2.0,100.0,29.408806
1515.0,5.0,20.0,2.0,100.0,49.52778
1516.0,10.0,20.0,2.0,100.0,39.203823
1517.0,20.0,20.0,2.0,100.0,29.503267
1518.0,40.0,20.0,2.0,100.0,31.066668
1519.0,49.0,20.0,2.0,100.0,28.392593
1520.0,0.0,20.0,2.0,100.0,28.490446
1521.0,0.5,20.0,2.0,100.0,28.179487
1522.0,1.0,20.0,2.0,100.0,28.910828
1523.0,2.0,20.0,2.0,100.0,29.373417
1524.0,3.0,20.0,2.0,100.0,30.069181
1525.0,5.0,20.0,2.0,100.0,28.857143
1526.0,10.0,20.0,2.0,100.0,29.289474
1527.0,20.0,20.0,2.0,100.0,40.912567
1528.0,40.0,20.0,2.0,100.0,28.75
1529.0,49.0,20.0,2.0,100.0,29.560976
1530.0,0.0,20.0,2.0,100.0,28.585987
1531.0,0.5,20.0,2.0,100.0,30.03125
1532.0,1.0,20.0,2.0,100.0,30.069181
1533.0,2.0,20.0,2.0,100.0,28.98734
1534.0,3.0,20.0,2.0,100.0,29.214285
1535.0,5.0,20.0,2.0,100.0,28.477123
1536.0,10.0,20.0,2.0,100.0,29.256578
1537.0,20.0,20.0,2.0,100.0,29.614864
1538.0,40.0,20.0,2.0,100.0,43.197453
1539.0,49.0,20.0,2.0,100.0,36.640846
1540.0,0.0,20.0,2.0,100.0,29.842768
1541.0,0.5,20.0,2.0,100.0,29.7125
1542.0,1.0,20.0,2.0,100.0,29.605095
1543.0,2.0,20.0,2.0,100.0,29.089172
1544.0,3.0,20.0,2.0,100.0,52.584476
1545.0,5.0,20.0,2.0,100.0,28.49359
1546.0,10.0,20.0,2.0,100.0,29.344156
1547.0,20.0,20.0,2.0,100.0,29.02721
1548.0,40.0,20.0,2.0,100.0,28.93617
1549.0,49.0,20.0,2.0,100.0,29.139534
1550.0,0.0,20.0,2.0,100.0,30.15625
1551.0,0.5,20.0,2.0,100.0,29.345911
1552.0,1.0,20.0,2.0,100.0,29.025316
1553.0,2.0,20.0,2.0,100.0,29.611465
1554.0,3.0,20.0,2.0,100.0,29.515724
1555.0,5.0,20.0,2.0,100.0,28.367743
1556.0,10.0,20.0,2.0,100.0,30.623377
1557.0,20.0,20.0,2.0,100.0,19.55
1558.0,40.0,20.0,2.0,100.0,36.88112
1559.0,49.0,20.0,2.0,100.0,47.35878
1560.0,0.0,20.0,2.0,100.0,29.477987
1561.0,0.5,20.0,2.0,100.0,28.815287
1562.0,1.0,20.0,2.0,100.0,29.202532
1563.0,2.0,20.0,2.0,100.0,29.220125
1564.0,3.0,20.0,2.0,100.0,28.149351
1565.0,5.0,20.0,2.0,100.0,51.64352
1566.0,10.0,20.0,2.0,100.0,29.849672
1567.0,20.0,20.0,2.0,100.0,30.121622
1568.0,40.0,20.0,2.0,100.0,33.44355
1569.0,49.0,20.0,2.0,100.0,40.902596
1570.0,0.0,20.0,2.0,100.0,29.54088
1571.0,0.5,20.0,2.0,100.0,28.605095
1572.0,1.0,20.0,2.0,100.0,29.140127
1573.0,2.0,20.0,2.0,100.0,29.057692
1574.0,3.0,20.0,2.0,100.0,29.356688
1575.0,5.0,20.0,2.0,100.0,28.679487
1576.0,10.0,20.0,2.0,100.0,28.248365
1577.0,20.0,20.0,2.0,100.0,28.692858
1578.0,40.0,20.0,2.0,100.0,30.030075
1579.0,49.0,20.0,2.0,100.0,44.743244
1580.0,0.0,20.0,2.0,100.0,38.17683
1581.0,0.5,20.0,2.0,100.0,41.085228
1582.0,1.0,20.0,2.0,100.0,28.487013
1583.0,2.0,20.0,2.0,100.0,30.056604
1584.0,3.0,20.0,2.0,100.0,28.815287
1585.0,5.0,20.0,2.0,100.0,29.628931
1586.0,10.0,20.0,2.0,100.0,29.583334
1587.0,20.0,20.0,2.0,100.0,30.047297
1588.0,40.0,20.0,2.0,100.0,28.465649
1589.0,49.0,20.0,2.0,100.0,28.878788
1590.0,0.0,20.0,2.0,100.0,49.896225
1591.0,0.5,20.0,2.0,100.0,28.180645
1592.0,1.0,20.0,2.0,100.0,28.403847
1593.0,2.0,20.0,2.0,100.0,29.477707
1594.0,3.0,20.0,2.0,100.0,53.46696
1595.0,5.0,20.0,2.0,100.0,29.25641
1596.0,10.0,20.0,2.0,100.0,31.051283
1597.0,20.0,20.0,2.0,100.0,30.751678
1598.0,40.0,20.0,2.0,100.0,28.671755
1599.0,49.0,20.0,2.0,100.0,27.315384
1600.0,0.0,20.0,2.0,100.0,29.7625
1601.0,0.5,20.0,2.0,100.0,28.924051
1602.0,1.0,20.0,2.0,100.0,29.591194
1603.0,2.0,20.0,2.0,100.0,28.467533
1604.0,3.0,20.0,2.0,100.0,29.140127
1605.0,5.0,20.0,2.0,100.0,28.576923
1606.0,10.0,20.0,2.0,100.0,23.32624
1607.0,20.0,20.0,2.0,100.0,29.221476
1608.0,40.0,20.0,2.0,100.0,28.628788
1609.0,49.0,20.0,2.0,100.0,28.69697
1610.0,0.0,20.0,2.0,100.0,29.189873
1611.0,0.5,20.0,2.0,100.0,29.55346
1612.0,1.0,20.0,2.0,100.0,36.641304
1613.0,2.0,20.0,2.0,100.0,30.515924
1614.0,3.0,20.0,2.0,100.0,28.63871
1615.0,5.0,20.0,2.0,100.0,29.262821
1616.0,10.0,20.0,2.0,100.0,28.230263
1617.0,20.0,20.0,2.0,100.0,29.358109
1618.0,40.0,20.0,2.0,100.0,29.637682
1619.0,49.0,20.0,2.0,100.0,29.283464
1620.0,0.0,20.0,2.0,100.0,28.929935
1621.0,0.5,20.0,2.0,100.0,28.134615
1622.0,1.0,20.0,2.0,100.0,28.968355
1623.0,2.0,20.0,2.0,100.0,39.43125
1624.0,3.0,20.0,2.0,100.0,29.630573
1625.0,5.0,20.0,2.0,100.0,28.113333
1626.0,10.0,20.0,2.0,100.0,26.437956
1627.0,20.0,20.0,2.0,100.0,29.190475
1628.0,40.0,20.0,2.0,100.0,27.961538
1629.0,49.0,20.0,2.0,100.0,42.337837
1630.0,0.0,20.0,2.0,100.0,29.113924
1631.0,0.5,20.0,2.0,100.0,27.92258
1632.0,1.0,20.0,2.0,100.0,29.0
1633.0,2.0,20.0,2.0,100.0,47.677418
1634.0,3.0,20.0,2.0,100.0,29.403847
1635.0,5.0,20.0,2.0,100.0,28.954838
1636.0,10.0,20.0,2.0,100.0,46.168423
1637.0,20.0,20.0,2.0,100.0,18.779816
1638.0,40.0,20.0,2.0,100.0,29.330883
1639.0,49.0,20.0,2.0,100.0,29.67442
1640.0,0.0,20.0,2.0,100.0,28.496815
1641.0,0.5,20.0,2.0,100.0,28.7707
1642.0,1.0,20.0,2.0,100.0,29.452229
1643.0,2.0,20.0,2.0,100.0,29.283018
1644.0,3.0,20.0,2.0,100.0,29.341772
1645.0,5.0,20.0,2.0,100.0,29.525974
1646.0,10.0,20.0,2.0,100.0,29.070513
1647.0,20.0,20.0,2.0,100.0,28.586666
1648.0,40.0,20.0,2.0,100.0,27.189394
1649.0,49.0,20.0,2.0,100.0,33.450703
1650.0,0.0,20.0,2.0,100.0,29.144653
1651.0,0.5,20.0,2.0,100.0,29.85625
1652.0,1.0,20.0,2.0,100.0,29.19497
1653.0,2.0,20.0,2.0,100.0,33.419163
1654.0,3.0,20.0,2.0,100.0,29.798742
1655.0,5.0,20.0,2.0,100.0,29.236841
1656.0,10.0,20.0,2.0,100.0,55.5177
1657.0,20.0,20.0,2.0,100.0,29.326666
1658.0,40.0,20.0,2.0,100.0,29.842106
1659.0,49.0,20.0,2.0,100.0,29.1203
1660.0,0.0,20.0,2.0,100.0,29.578617
1661.0,0.5,20.0,2.0,100.0,29.308176
1662.0,1.0,20.0,2.0,100.0,29.141026
1663.0,2.0,20.0,2.0,100.0,28.64516
1664.0,3.0,20.0,2.0,100.0,29.807692
1665.0,5.0,20.0,2.0,100.0,28.186666
1666.0,10.0,20.0,2.0,100.0,36.61236
1667.0,20.0,20.0,2.0,100.0,29.246666
1668.0,40.0,20.0,2.0,100.0,27.303703
1669.0,49.0,20.0,2.0,100.0,28.700787
1670.0,0.0,20.0,2.0,100.0,28.401274
1671.0,0.5,20.0,2.0,100.0,28.442308
1672.0,1.0,20.0,2.0,100.0,28.647436
1673.0,2.0,20.0,2.0,100.0,54.40278
1674.0,3.0,20.0,2.0,100.0,29.158228
1675.0,5.0,20.0,2.0,100.0,29.641026
1676.0,10.0,20.0,2.0,100.0,28.887417
1677.0,20.0,20.0,2.0,100.0,29.375887
1678.0,40.0,20.0,2.0,100.0,28.915384
1679.0,49.0,20.0,2.0,100.0,29.859375
1680.0,0.0,20.0,2.0,100.0,28.677216
1681.0,0.5,20.0,2.0,100.0,45.372448
1682.0,1.0,20.0,2.0,100.0,29.86875
1683.0,2.0,20.0,2.0,100.0,29.592358
1684.0,3.0,20.0,2.0,100.0,30.354431
1685.0,5.0,20.0,2.0,100.0,29.784313
1686.0,10.0,20.0,2.0,100.0,27.4183
1687.0,20.0,20.0,2.0,100.0,28.908451
1688.0,40.0,20.0,2.0,100.0,38.833332
1689.0,49.0,20.0,2.0,100.0,16.398306
1690.0,0.0,20.0,2.0,100.0,29.91195
1691.0,0.5,20.0,2.0,100.0,28.924528
1692.0,1.0,20.0,2.0,100.0,28.905064
1693.0,2.0,20.0,2.0,100.0,28.858065
1694.0,3.0,20.0,2.0,100.0,29.448717
1695.0,5.0,20.0,2.0,100.0,29.464516
1696.0,10.0,20.0,2.0,100.0,28.806667
1697.0,20.0,20.0,2.0,100.0,27.587412
1698.0,40.0,20.0,2.0,100.0,27.898438
1699.0,49.0,20.0,2.0,100.0,30.390978
1700.0,0.0,20.0,2.0,100.0,28.67516
1701.0,0.5,20.0,2.0,100.0,29.265823
1702.0,1.0,20.0,2.0,100.0,29.145569
1703.0,2.0,20.0,2.0,100.0,29.202532
1704.0,3.0,20.0,2.0,100.0,29.490566
1705.0,5.0,20.0,2.0,100.0,30.350319
1706.0,10.0,20.0,2.0,100.0,29.715189
1707.0,20.0,20.0,2.0,100.0,28.753334
1708.0,40.0,20.0,2.0,100.0,28.377623
1709.0,49.0,20.0,2.0,100.0,27.030535
1710.0,0.0,20.0,2.0,100.0,28.217949
1711.0,0.5,20.0,2.0,100.0,47.24138
1712.0,1.0,20.0,2.0,100.0,28.557692
1713.0,2.0,20.0,2.0,100.0,28.909678
1714.0,3.0,20.0,2.0,100.0,27.62745
1715.0,5.0,20.0,2.0,100.0,29.358974
1716.0,10.0,20.0,2.0,100.0,39.194595
1717.0,20.0,20.0,2.0,100.0,28.731035
1718.0,40.0,20.0,2.0,100.0,29.10606
1719.0,49.0,20.0,2.0,100.0,20.040323
1720.0,0.0,20.0,2.0,100.0,29.515724
1721.0,0.5,20.0,2.0,100.0,28.525316
1722.0,1.0,20.0,2.0,100.0,29.050632
1723.0,2.0,20.0,2.0,100.0,29.43038
1724.0,3.0,20.0,2.0,100.0,29.158228
1725.0,5.0,20.0,2.0,100.0,29.839743
1726.0,10.0,20.0,2.0,100.0,16.633928
1727.0,20.0,20.0,2.0,100.0,30.06993
1728.0,40.0,20.0,2.0,100.0,29.208956
1729.0,49.0,20.0,2.0,100.0,31.20155
1730.0,0.0,20.0,2.0,100.0,28.993671
1731.0,0.5,20.0,2.0,100.0,29.471699
1732.0,1.0,20.0,2.0,100.0,27.812902
1733.0,2.0,20.0,2.0,100.0,27.987179
1734.0,3.0,20.0,2.0,100.0,29.159235
1735.0,5.0,20.0,2.0,100.0,46.754807
1736.0,10.0,20.0,2.0,100.0,31.00641
1737.0,20.0,20.0,2.0,100.0,23.619404
1738.0,40.0,20.0,2.0,100.0,28.8797
1739.0,49.0,20.0,2.0,100.0,29.097015
1740.0,0.0,20.0,2.0,100.0,29.691824
1741.0,0.5,20.0,2.0,100.0,29.9
1742.0,1.0,20.0,2.0,100.0,28.885351
1743.0,2.0,20.0,2.0,100.0,30.069181
1744.0,3.0,20.0,2.0,100.0,19.936508
1745.0,5.0,20.0,2.0,100.0,29.22152
1746.0,10.0,20.0,2.0,100.0,28.006666
1747.0,20.0,20.0,2.0,100.0,27.946667
1748.0,40.0,20.0,2.0,100.0,28.92029
1749.0,49.0,20.0,2.0,100.0,29.356588
1750.0,0.0,20.0,2.0,100.0,29.767296
1751.0,0.5,20.0,2.0,100.0,29.76875
1752.0,1.0,20.0,2.0,100.0,29.12102
1753.0,2.0,20.0,2.0,100.0,38.963413
1754.0,3.0,20.0,2.0,100.0,29.878204
1755.0,5.0,20.0,2.0,100.0,28.557692
1756.0,10.0,20.0,2.0,100.0,53.938866
1757.0,20.0,20.0,2.0,100.0,28.828768
1758.0,40.0,20.0,2.0,100.0,27.104477
1759.0,49.0,20.0,2.0,100.0,28.992481
1760.0,0.0,20.0,2.0,100.0,28.535032
1761.0,0.5,20.0,2.0,100.0,29.210192
1762.0,1.0,20.0,2.0,100.0,28.974522
1763.0,2.0,20.0,2.0,100.0,29.668789
1764.0,3.0,20.0,2.0,100.0,29.541935
1765.0,5.0,20.0,2.0,100.0,57.089745
1766.0,10.0,20.0,2.0,100.0,30.596153
1767.0,20.0,20.0,2.0,100.0,45.857143
1768.0,40.0,20.0,2.0,100.0,28.031496
1769.0,49.0,20.0,2.0,100.0,28.726562
1770.0,0.0,20.0,2.0,100.0,29.55346
1771.0,0.5,20.0,2.0,100.0,29.27848
1772.0,1.0,20.0,2.0,100.0,28.496815
1773.0,2.0,20.0,2.0,100.0,29.534592
1774.0,3.0,20.0,2.0,100.0,29.135485
1775.0,5.0,20.0,2.0,100.0,28.993507
1776.0,10.0,20.0,2.0,100.0,28.77922
1777.0,20.0,20.0,2.0,100.0,29.389261
1778.0,40.0,20.0,2.0,100.0,30.343065
1779.0,49.0,20.0,2.0,100.0,19.491228
1780.0,0.0,20.0,2.0,100.0,29.088608
1781.0,0.5,20.0,2.0,100.0,29.710691
1782.0,1.0,20.0,2.0,100.0,28.615385
1783.0,2.0,20.0,2.0,100.0,28.039215
1784.0,3.0,20.0,2.0,100.0,28.154839
1785.0,5.0,20.0,2.0,100.0,29.764332
1786.0,10.0,20.0,2.0,100.0,29.144737
1787.0,20.0,20.0,2.0,100.0,29.682758
1788.0,40.0,20.0,2.0,100.0,28.347826
1789.0,49.0,20.0,2.0,100.0,26.06504
1790.0,0.0,20.0,2.0,100.0,29.322784
1791.0,0.5,20.0,2.0,100.0,28.197453
1792.0,1.0,20.0,2.0,100.0,30.031446
1793.0,2.0,20.0,2.0,100.0,30.201258
1794.0,3.0,20.0,2.0,100.0,29.566038
1795.0,5.0,20.0,2.0,100.0,29.641026
1796.0,10.0,20.0,2.0,100.0,27.856209
1797.0,20.0,20.0,2.0,100.0,47.90286
1798.0,40.0,20.0,2.0,100.0,29.170214
1799.0,49.0,20.0,2.0,100.0,27.519686
1800.0,0.0,20.0,2.0,100.0,29.591194
1801.0,0.5,20.0,2.0,100.0,29.45912
1802.0,1.0,20.0,2.0,100.0,29.742138
1803.0,2.0,20.0,2.0,100.0,29.544304
1804.0,3.0,20.0,2.0,100.0,29.056963
1805.0,5.0,20.0,2.0,100.0,29.352942
1806.0,10.0,20.0,2.0,100.0,19.312
1807.0,20.0,20.0,2.0,100.0,28.880795
1808.0,40.0,20.0,2.0,100.0,30.172663
1809.0,49.0,20.0,2.0,100.0,16.226088
1810.0,0.0,20.0,2.0,100.0,29.01266
1811.0,0.5,20.0,2.0,100.0,28.815287
1812.0,1.0,20.0,2.0,100.0,29.534592
1813.0,2.0,20.0,2.0,100.0,28.890322
1814.0,3.0,20.0,2.0,100.0,29.5414
1815.0,5.0,20.0,2.0,100.0,29.038462
1816.0,10.0,20.0,2.0,100.0,30.355263
1817.0,20.0,20.0,2.0,100.0,29.24
1818.0,40.0,20.0,2.0,100.0,29.308823
1819.0,49.0,20.0,2.0,100.0,30.122137
1820.0,0.0,20.0,2.0,100.0,28.815287
1821.0,0.5,20.0,2.0,100.0,29.196203
1822.0,1.0,20.0,2.0,100.0,28.570513
1823.0,2.0,20.0,2.0,100.0,29.155844
1824.0,3.0,20.0,2.0,100.0,58.487602
1825.0,5.0,20.0,2.0,100.0,28.692308
1826.0,10.0,20.0,2.0,100.0,29.801283
1827.0,20.0,20.0,2.0,100.0,28.52
1828.0,40.0,20.0,2.0,100.0,27.857143
1829.0,49.0,20.0,2.0,100.0,28.496183
1830.0,0.0,20.0,2.0,100.0,28.205128
1831.0,0.5,20.0,2.0,100.0,28.490446
1832.0,1.0,20.0,2.0,100.0,28.630573
1833.0,2.0,20.0,2.0,100.0,27.814102
1834.0,3.0,20.0,2.0,100.0,29.436708
1835.0,5.0,20.0,2.0,100.0,30.0
1836.0,10.0,20.0,2.0,100.0,29.717106
1837.0,20.0,20.0,2.0,100.0,29.68212
1838.0,40.0,20.0,2.0,100.0,29.876812
1839.0,49.0,20.0,2.0,100.0,29.856115
1840.0,0.0,20.0,2.0,100.0,41.366665
1841.0,0.5,20.0,2.0,100.0,28.719746
1842.0,1.0,20.0,2.0,100.0,28.490446
1843.0,2.0,20.0,2.0,100.0,17.693548
1844.0,3.0,20.0,2.0,100.0,29.968153
1845.0,5.0,20.0,2.0,100.0,28.751635
1846.0,10.0,20.0,2.0,100.0,29.222221
1847.0,20.0,20.0,2.0,100.0,30.348993
1848.0,40.0,20.0,2.0,100.0,29.943262
1849.0,49.0,20.0,2.0,100.0,28.823076
1850.0,0.0,20.0,2.0,100.0,29.95
1851.0,0.5,20.0,2.0,100.0,28.414013
1852.0,1.0,20.0,2.0,100.0,29.12102
1853.0,2.0,20.0,2.0,100.0,29.601265
1854.0,3.0,20.0,2.0,100.0,29.435898
1855.0,5.0,20.0,2.0,100.0,28.503225
1856.0,10.0,20.0,2.0,100.0,29.883871
1857.0,20.0,20.0,2.0,100.0,29.463087
1858.0,40.0,20.0,2.0,100.0,22.57377
1859.0,49.0,20.0,2.0,100.0,28.492064
1860.0,0.0,20.0,2.0,100.0,29.308176
1861.0,0.5,20.0,2.0,100.0,28.254778
1862.0,1.0,20.0,2.0,100.0,29.164557
1863.0,2.0,20.0,2.0,100.0,29.585987
1864.0,3.0,20.0,2.0,100.0,28.737179
1865.0,5.0,20.0,2.0,100.0,28.89172
1866.0,10.0,20.0,2.0,100.0,19.969465
1867.0,20.0,20.0,2.0,100.0,28.137932
1868.0,40.0,20.0,2.0,100.0,28.157894
1869.0,49.0,20.0,2.0,100.0,30.496183
1870.0,0.0,20.0,2.0,100.0,28.605095
1871.0,0.5,20.0,2.0,100.0,28.87898
1872.0,1.0,20.0,2.0,100.0,28.70886
1873.0,2.0,20.0,2.0,100.0,29.051283
1874.0,3.0,20.0,2.0,100.0,28.512987
1875.0,5.0,20.0,2.0,100.0,29.233767
1876.0,10.0,20.0,2.0,100.0,29.006578
1877.0,20.0,20.0,2.0,100.0,34.380367
1878.0,40.0,20.0,2.0,100.0,29.463768
1879.0,49.0,20.0,2.0,100.0,29.015873
1880.0,0.0,20.0,2.0,100.0,31.231707
1881.0,0.5,20.0,2.0,100.0,28.528662
1882.0,1.0,20.0,2.0,100.0,35.781456
1883.0,2.0,20.0,2.0,100.0,28.429487
1884.0,3.0,20.0,2.0,100.0,30.25
1885.0,5.0,20.0,2.0,100.0,30.55625
1886.0,10.0,20.0,2.0,100.0,29.851612
1887.0,20.0,20.0,2.0,100.0,30.08904
1888.0,40.0,20.0,2.0,100.0,20.896826
1889.0,49.0,20.0,2.0,100.0,28.923077
1890.0,0.0,20.0,2.0,100.0,28.401274
1891.0,0.5,20.0,2.0,100.0,29.63522
1892.0,1.0,20.0,2.0,100.0,29.566038
1893.0,2.0,20.0,2.0,100.0,28.165606
1894.0,3.0,20.0,2.0,100.0,28.754839
1895.0,5.0,20.0,2.0,100.0,36.98361
1896.0,10.0,20.0,2.0,100.0,29.616882
1897.0,20.0,20.0,2.0,100.0,29.79054
1898.0,40.0,20.0,2.0,100.0,29.132353
1899.0,49.0,20.0,2.0,100.0,26.412699
1900.0,0.0,20.0,2.0,100.0,28.962025
1901.0,0.5,20.0,2.0,100.0,28.789808
1902.0,1.0,20.0,2.0,100.0,29.91772
1903.0,2.0,20.0,2.0,100.0,28.68387
1904.0,3.0,20.0,2.0,100.0,28.358974
1905.0,5.0,20.0,2.0,100.0,29.814102
1906.0,10.0,20.0,2.0,100.0,32.857986
1907.0,20.0,20.0,2.0,100.0,28.133802
1908.0,40.0,20.0,2.0,100.0,28.376
1909.0,49.0,20.0,2.0,100.0,38.013424
1910.0,0.0,20.0,2.0,100.0,29.471699
1911.0,0.5,20.0,2.0,100.0,28.59091
1912.0,1.0,20.0,2.0,100.0,59.420406
1913.0,2.0,20.0,2.0,100.0,54.119267
1914.0,3.0,20.0,2.0,100.0,28.870968
1915.0,5.0,20.0,2.0,100.0,30.375795
1916.0,10.0,20.0,2.0,100.0,28.121622
1917.0,20.0,20.0,2.0,100.0,22.92562
1918.0,40.0,20.0,2.0,100.0,30.197184
1919.0,49.0,20.0,2.0,100.0,28.47619
1920.0,0.0,20.0,2.0,100.0,29.094936
1921.0,0.5,20.0,2.0,100.0,29.5375
1922.0,1.0,20.0,2.0,100.0,29.063292
1923.0,2.0,20.0,2.0,100.0,29.171974
1924.0,3.0,20.0,2.0,100.0,28.584415
1925.0,5.0,20.0,2.0,100.0,28.717106
1926.0,10.0,20.0,2.0,100.0,41.85119
1927.0,20.0,20.0,2.0,100.0,34.882355
1928.0,40.0,20.0,2.0,100.0,28.658537
1929.0,49.0,20.0,2.0,100.0,32.79562
1930.0,0.0,20.0,2.0,100.0,29.215189
1931.0,0.5,20.0,2.0,100.0,30.32298
1932.0,1.0,20.0,2.0,100.0,29.27673
1933.0,2.0,20.0,2.0,100.0,28.633987
1934.0,3.0,20.0,2.0,100.0,28.847134
1935.0,5.0,20.0,2.0,100.0,28.842106
1936.0,10.0,20.0,2.0,100.0,28.422077
1937.0,20.0,20.0,2.0,100.0,29.73913
1938.0,40.0,20.0,2.0,100.0,27.865671
1939.0,49.0,20.0,2.0,100.0,29.421875
1940.0,0.0,20.0,2.0,100.0,28.867088
1941.0,0.5,20.0,2.0,100.0,28.133759
1942.0,1.0,20.0,2.0,100.0,29.107595
1943.0,2.0,20.0,2.0,100.0,30.352564
1944.0,3.0,20.0,2.0,100.0,29.407642
1945.0,5.0,20.0,2.0,100.0,28.346405
1946.0,10.0,20.0,2.0,100.0,28.896774
1947.0,20.0,20.0,2.0,100.0,28.110344
1948.0,40.0,20.0,2.0,100.0,25.561539
1949.0,49.0,20.0,2.0,100.0,28.773438
1950.0,0.0,20.0,2.0,100.0,29.177216
1951.0,0.5,20.0,2.0,100.0,30.689442
1952.0,1.0,20.0,2.0,100.0,18.798561
1953.0,2.0,20.0,2.0,100.0,28.579618
1954.0,3.0,20.0,2.0,100.0,28.264517
1955.0,5.0,20.0,2.0,100.0,30.133759
1956.0,10.0,20.0,2.0,100.0,29.858065
1957.0,20.0,20.0,2.0,100.0,29.608109
1958.0,40.0,20.0,2.0,100.0,27.772728
1959.0,49.0,20.0,2.0,100.0,27.637794
1960.0,0.0,20.0,2.0,100.0,28.839743
1961.0,0.5,20.0,2.0,100.0,27.916666
1962.0,1.0,20.0,2.0,100.0,54.67826
1963.0,2.0,20.0,2.0,100.0,30.01875
1964.0,3.0,20.0,2.0,100.0,30.031847
1965.0,5.0,20.0,2.0,100.0,29.48734
1966.0,10.0,20.0,2.0,100.0,28.52
1967.0,20.0,20.0,2.0,100.0,34.70073
1968.0,40.0,20.0,2.0,100.0,28.683823
1969.0,49.0,20.0,2.0,100.0,29.746155
1970.0,0.0,20.0,2.0,100.0,28.076923
1971.0,0.5,20.0,2.0,100.0,30.125
1972.0,1.0,20.0,2.0,100.0,29.10828
1973.0,2.0,20.0,2.0,100.0,30.685535
1974.0,3.0,20.0,2.0,100.0,28.904459
1975.0,5.0,20.0,2.0,100.0,28.802547
1976.0,10.0,20.0,2.0,100.0,28.641026
1977.0,20.0,20.0,2.0,100.0,39.770493
1978.0,40.0,20.0,2.0,100.0,29.774649
1979.0,49.0,20.0,2.0,100.0,29.024
1980.0,0.0,20.0,2.0,100.0,29.35849
1981.0,0.5,20.0,2.0,100.0,29.455696
1982.0,1.0,20.0,2.0,100.0,29.273886
1983.0,2.0,20.0,2.0,100.0,28.248407
1984.0,3.0,20.0,2.0,100.0,28.762821
1985.0,5.0,20.0,2.0,100.0,35.64189
1986.0,10.0,20.0,2.0,100.0,27.666666
1987.0,20.0,20.0,2.0,100.0,29.644295
1988.0,40.0,20.0,2.0,100.0,28.421875
1989.0,49.0,20.0,2.0,100.0,27.607693
1990.0,0.0,20.0,2.0,100.0,54.953976
1991.0,0.5,20.0,2.0,100.0,30.71779
1992.0,1.0,20.0,2.0,100.0,30.85625
1993.0,2.0,20.0,2.0,100.0,29.448717
1994.0,3.0,20.0,2.0,100.0,28.703226
1995.0,5.0,20.0,2.0,100.0,28.197453
1996.0,10.0,20.0,2.0,100.0,29.5
1997.0,20.0,20.0,2.0,100.0,29.937931
1998.0,40.0,20.0,2.0,100.0,29.638298
1999.0,49.0,20.0,2.0,100.0,27.47244
2000.0,0.0,20.0,2.0,100.0,29.462025
2001.0,0.5,20.0,2.0,100.0,29.43038
2002.0,1.0,20.0,2.0,100.0,29.531645
2003.0,2.0,20.0,2.0,100.0,31.3625
2004.0,3.0,20.0,2.0,100.0,28.981012
2005.0,5.0,20.0,2.0,100.0,28.642857
2006.0,10.0,20.0,2.0,100.0,40.889572
2007.0,20.0,20.0,2.0,100.0,28.722221
2008.0,40.0,20.0,2.0,100.0,29.079136
2009.0,49.0,20.0,2.0,100.0,30.55303
2010.0,0.0,20.0,2.0,100.0,29.22152
2011.0,0.5,20.0,2.0,100.0,30.301888
2012.0,1.0,20.0,2.0,100.0,28.962025
2013.0,2.0,20.0,2.0,100.0,30.075949
2014.0,3.0,20.0,2.0,100.0,29.73077
2015.0,5.0,20.0,2.0,100.0,29.634615
2016.0,10.0,20.0,2.0,100.0,55.154507
2017.0,20.0,20.0,2.0,100.0,40.35849
2018.0,40.0,20.0,2.0,100.0,28.679104
2019.0,49.0,20.0,2.0,100.0,37.016808
2020.0,0.0,20.0,2.0,100.0,30.20625
2021.0,0.5,20.0,2.0,100.0,28.981012
2022.0,1.0,20.0,2.0,100.0,29.280254
2023.0,2.0,20.0,2.0,100.0,29.057325
2024.0,3.0,20.0,2.0,100.0,28.751593
2025.0,5.0,20.0,2.0,100.0,30.421383
2026.0,10.0,20.0,2.0,100.0,26.784615
2027.0,20.0,20.0,2.0,100.0,49.767677
2028.0,40.0,20.0,2.0,100.0,27.431818
2029.0,49.0,20.0,2.0,100.0,29.047619
2030.0,0.0,20.0,2.0,100.0,29.440252
2031.0,0.5,20.0,2.0,100.0,27.92258
2032.0,1.0,20.0,2.0,100.0,28.753164
2033.0,2.0,20.0,2.0,100.0,29.012821
2034.0,3.0,20.0,2.0,100.0,29.455128
2035.0,5.0,20.0,2.0,100.0,28.258064
2036.0,10.0,20.0,2.0,100.0,28.870968
2037.0,20.0,20.0,2.0,100.0,28.945946
2038.0,40.0,20.0,2.0,100.0,28.615942
2039.0,49.0,20.0,2.0,100.0,39.875
2040.0,0.0,20.0,2.0,100.0,29.27848
2041.0,0.5,20.0,2.0,100.0,28.72436
2042.0,1.0,20.0,2.0,100.0,29.10063
2043.0,2.0,20.0,2.0,100.0,28.734177
2044.0,3.0,20.0,2.0,100.0,29.339743
2045.0,5.0,20.0,2.0,100.0,29.535032
2046.0,10.0,20.0,2.0,100.0,29.206451
2047.0,20.0,20.0,2.0,100.0,29.368055
2048.0,40.0,20.0,2.0,100.0,28.044445
2049.0,49.0,20.0,2.0,100.0,29.413534
2050.0,0.0,20.0,2.0,100.0,28.677216
2051.0,0.5,20.0,2.0,100.0,29.339622
2052.0,1.0,20.0,2.0,100.0,28.961538
2053.0,2.0,20.0,2.0,100.0,28.942308
2054.0,3.0,20.0,2.0,100.0,30.289309
2055.0,5.0,20.0,2.0,100.0,30.591194
2056.0,10.0,20.0,2.0,100.0,29.05921
2057.0,20.0,20.0,2.0,100.0,25.374046
2058.0,40.0,20.0,2.0,100.0,27.477612
2059.0,49.0,20.0,2.0,100.0,29.335821
2060.0,0.0,20.0,2.0,100.0,28.356688
2061.0,0.5,20.0,2.0,100.0,50.696262
2062.0,1.0,20.0,2.0,100.0,28.872612
2063.0,2.0,20.0,2.0,100.0,28.282051
2064.0,3.0,20.0,2.0,100.0,27.993547
2065.0,5.0,20.0,2.0,100.0,29.051613
2066.0,10.0,20.0,2.0,100.0,28.729033
2067.0,20.0,20.0,2.0,100.0,30.783783
2068.0,40.0,20.0,2.0,100.0,27.683823
2069.0,49.0,20.0,2.0,100.0,29.761906
2070.0,0.0,20.0,2.0,100.0,29.125786
2071.0,0.5,20.0,2.0,100.0,30.1375
2072.0,1.0,20.0,2.0,100.0,28.727848
2073.0,2.0,20.0,2.0,100.0,29.210192
2074.0,3.0,20.0,2.0,100.0,29.6
2075.0,5.0,20.0,2.0,100.0,29.333334
2076.0,10.0,20.0,2.0,100.0,28.07947
2077.0,20.0,20.0,2.0,100.0,28.41958
2078.0,40.0,20.0,2.0,100.0,29.355072
2079.0,49.0,20.0,2.0,100.0,36.75862
2080.0,0.0,20.0,2.0,100.0,30.48125
2081.0,0.5,20.0,2.0,100.0,29.704403
2082.0,1.0,20.0,2.0,100.0,29.251572
2083.0,2.0,20.0,2.0,100.0,30.58125
2084.0,3.0,20.0,2.0,100.0,28.470589
2085.0,5.0,20.0,2.0,100.0,28.320513
2086.0,10.0,20.0,2.0,100.0,29.79085
2087.0,20.0,20.0,2.0,100.0,29.524137
2088.0,40.0,20.0,2.0,100.0,30.02174
2089.0,49.0,20.0,2.0,100.0,28.631578
2090.0,0.0,20.0,2.0,100.0,30.025
2091.0,0.5,20.0,2.0,100.0,28.115385
2092.0,1.0,20.0,2.0,100.0,29.164557
2093.0,2.0,20.0,2.0,100.0,27.748386
2094.0,3.0,20.0,2.0,100.0,51.773754
2095.0,5.0,20.0,2.0,100.0,39.53125
2096.0,10.0,20.0,2.0,100.0,29.915585
2097.0,20.0,20.0,2.0,100.0,28.802721
2098.0,40.0,20.0,2.0,100.0,28.921429
2099.0,49.0,20.0,2.0,100.0,28.824427
2100.0,0.0,20.0,2.0,100.0,29.81761
2101.0,0.5,20.0,2.0,100.0,39.145454
2102.0,1.0,20.0,2.0,100.0,29.037975
2103.0,2.0,20.0,2.0,100.0,28.66242
2104.0,3.0,20.0,2.0,100.0,29.455128
2105.0,5.0,20.0,2.0,100.0,29.012903
2106.0,10.0,20.0,2.0,100.0,29.131578
2107.0,20.0,20.0,2.0,100.0,29.878378
2108.0,40.0,20.0,2.0,100.0,34.47059
2109.0,49.0,20.0,2.0,100.0,19.5
2110.0,0.0,20.0,2.0,100.0,29.27848
2111.0,0.5,20.0,2.0,100.0,29.566038
2112.0,1.0,20.0,2.0,100.0,29.196203
2113.0,2.0,20.0,2.0,100.0,29.55346
2114.0,3.0,20.0,2.0,100.0,28.52564
2115.0,5.0,20.0,2.0,100.0,29.649351
2116.0,10.0,20.0,2.0,100.0,35.01852
2117.0,20.0,20.0,2.0,100.0,29.395973
2118.0,40.0,20.0,2.0,100.0,44.58896
2119.0,49.0,20.0,2.0,100.0,29.921875
2120.0,0.0,20.0,2.0,100.0,29.677216
2121.0,0.5,20.0,2.0,100.0,29.56875
2122.0,1.0,20.0,2.0,100.0,28.522581
2123.0,2.0,20.0,2.0,100.0,28.148388
2124.0,3.0,20.0,2.0,100.0,29.786163
2125.0,5.0,20.0,2.0,100.0,56.45868
2126.0,10.0,20.0,2.0,100.0,28.490196
2127.0,20.0,20.0,2.0,100.0,29.263514
2128.0,40.0,20.0,2.0,100.0,28.656935
2129.0,49.0,20.0,2.0,100.0,41.927273
2130.0,0.0,20.0,2.0,100.0,29.55346
2131.0,0.5,20.0,2.0,100.0,28.602564
2132.0,1.0,20.0,2.0,100.0,29.24359
2133.0,2.0,20.0,2.0,100.0,29.873417
2134.0,3.0,20.0,2.0,100.0,30.89937
2135.0,5.0,20.0,2.0,100.0,30.329033
2136.0,10.0,20.0,2.0,100.0,29.780645
2137.0,20.0,20.0,2.0,100.0,26.186207
2138.0,40.0,20.0,2.0,100.0,27.25
2139.0,49.0,20.0,2.0,100.0,28.931297
2140.0,0.0,20.0,2.0,100.0,29.35849
2141.0,0.5,20.0,2.0,100.0,31.179012
2142.0,1.0,20.0,2.0,100.0,28.788462
2143.0,2.0,20.0,2.0,100.0,29.66242
2144.0,3.0,20.0,2.0,100.0,29.333334
2145.0,5.0,20.0,2.0,100.0,29.388535
2146.0,10.0,20.0,2.0,100.0,33.52047
2147.0,20.0,20.0,2.0,100.0,28.417809
2148.0,40.0,20.0,2.0,100.0,29.066668
2149.0,49.0,20.0,2.0,100.0,29.20155
2150.0,0.0,20.0,2.0,100.0,29.875
2151.0,0.5,20.0,2.0,100.0,29.63924
2152.0,1.0,20.0,2.0,100.0,29.576923
2153.0,2.0,20.0,2.0,100.0,28.592358
2154.0,3.0,20.0,2.0,100.0,30.397436
2155.0,5.0,20.0,2.0,100.0,29.24359
2156.0,10.0,20.0,2.0,100.0,26.70229
2157.0,20.0,20.0,2.0,100.0,29.374102
2158.0,40.0,20.0,2.0,100.0,29.977444
2159.0,49.0,20.0,2.0,100.0,28.787401
2160.0,0.0,20.0,2.0,100.0,29.572327
2161.0,0.5,20.0,2.0,100.0,52.635193
2162.0,1.0,20.0,2.0,100.0,27.883871
2163.0,2.0,20.0,2.0,100.0,28.134615
2164.0,3.0,20.0,2.0,100.0,28.32258
2165.0,5.0,20.0,2.0,100.0,29.343948
2166.0,10.0,20.0,2.0,100.0,29.792208
2167.0,20.0,20.0,2.0,100.0,30.222973
2168.0,40.0,20.0,2.0,100.0,28.96124
2169.0,49.0,20.0,2.0,100.0,39.63566
2170.0,0.0,20.0,2.0,100.0,29.73125
2171.0,0.5,20.0,2.0,100.0,30.14375
2172.0,1.0,20.0,2.0,100.0,28.551283
2173.0,2.0,20.0,2.0,100.0,28.615385
2174.0,3.0,20.0,2.0,100.0,28.337748
2175.0,5.0,20.0,2.0,100.0,29.134615
2176.0,10.0,20.0,2.0,100.0,29.23871
2177.0,20.0,20.0,2.0,100.0,46.626213
2178.0,40.0,20.0,2.0,100.0,29.683453
2179.0,49.0,20.0,2.0,100.0,29.444445
2180.0,0.0,20.0,2.0,100.0,29.566038
2181.0,0.5,20.0,2.0,100.0,39.106953
2182.0,1.0,20.0,2.0,100.0,49.739132
2183.0,2.0,20.0,2.0,100.0,29.20886
2184.0,3.0,20.0,2.0,100.0,27.941935
2185.0,5.0,20.0,2.0,100.0,30.08805
2186.0,10.0,20.0,2.0,100.0,29.232258
2187.0,20.0,20.0,2.0,100.0,29.465279
2188.0,40.0,20.0,2.0,100.0,28.328358
2189.0,49.0,20.0,2.0,100.0,28.81203
2190.0,0.0,20.0,2.0,100.0,29.842768
2191.0,0.5,20.0,2.0,100.0,29.113924
2192.0,1.0,20.0,2.0,100.0,28.560509
2193.0,2.0,20.0,2.0,100.0,28.816456
2194.0,3.0,20.0,2.0,100.0,29.748428
2195.0,5.0,20.0,2.0,100.0,28.045752
2196.0,10.0,20.0,2.0,100.0,29.29114
2197.0,20.0,20.0,2.0,100.0,29.066225
2198.0,40.0,20.0,2.0,100.0,27.775362
2199.0,49.0,20.0,2.0,100.0,28.656
2200.0,0.0,20.0,2.0,100.0,29.471699
2201.0,0.5,20.0,2.0,100.0,51.33663
2202.0,1.0,20.0,2.0,100.0,40.344444
2203.0,2.0,20.0,2.0,100.0,28.981012
2204.0,3.0,20.0,2.0,100.0,28.660257
2205.0,5.0,20.0,2.0,100.0,28.538961
2206.0,10.0,20.0,2.0,100.0,29.814102
2207.0,20.0,20.0,2.0,100.0,27.566433
2208.0,40.0,20.0,2.0,100.0,28.775194
2209.0,49.0,20.0,2.0,100.0,29.155039
2210.0,0.0,20.0,2.0,100.0,28.962025
2211.0,0.5,20.0,2.0,100.0,29.08228
2212.0,1.0,20.0,2.0,100.0,28.428572
2213.0,2.0,20.0,2.0,100.0,29.532051
2214.0,3.0,20.0,2.0,100.0,28.571428
2215.0,5.0,20.0,2.0,100.0,29.076433
2216.0,10.0,20.0,2.0,100.0,22.370079
2217.0,20.0,20.0,2.0,100.0,29.472973
2218.0,40.0,20.0,2.0,100.0,31.076923
2219.0,49.0,20.0,2.0,100.0,28.145039
2220.0,0.0,20.0,2.0,100.0,28.93038
2221.0,0.5,20.0,2.0,100.0,28.746836
2222.0,1.0,20.0,2.0,100.0,29.37736
2223.0,2.0,20.0,2.0,100.0,28.254902
2224.0,3.0,20.0,2.0,100.0,22.813334
2225.0,5.0,20.0,2.0,100.0,61.115704
2226.0,10.0,20.0,2.0,100.0,29.758389
2227.0,20.0,20.0,2.0,100.0,21.954199
2228.0,40.0,20.0,2.0,100.0,30.318518
2229.0,49.0,20.0,2.0,100.0,28.185484
2230.0,0.0,20.0,2.0,100.0,29.031645
2231.0,0.5,20.0,2.0,100.0,30.36875
2232.0,1.0,20.0,2.0,100.0,37.630436
2233.0,2.0,20.0,2.0,100.0,44.93596
2234.0,3.0,20.0,2.0,100.0,29.936708
2235.0,5.0,20.0,2.0,100.0,28.397436
2236.0,10.0,20.0,2.0,100.0,28.374193
2237.0,20.0,20.0,2.0,100.0,29.57931
2238.0,40.0,20.0,2.0,100.0,28.69343
2239.0,49.0,20.0,2.0,100.0,29.716417
2240.0,0.0,20.0,2.0,100.0,28.503185
2241.0,0.5,20.0,2.0,100.0,29.215189
2242.0,1.0,20.0,2.0,100.0,29.282051
2243.0,2.0,20.0,2.0,100.0,29.81875
2244.0,3.0,20.0,2.0,100.0,29.72152
2245.0,5.0,20.0,2.0,100.0,28.189543
2246.0,10.0,20.0,2.0,100.0,18.844444
2247.0,20.0,20.0,2.0,100.0,30.039736
2248.0,40.0,20.0,2.0,100.0,28.355556
2249.0,49.0,20.0,2.0,100.0,28.902985
2250.0,0.0,20.0,2.0,100.0,28.866241
2251.0,0.5,20.0,2.0,100.0,28.0
2252.0,1.0,20.0,2.0,100.0,28.605095
2253.0,2.0,20.0,2.0,100.0,28.764332
2254.0,3.0,20.0,2.0,100.0,29.936708
2255.0,5.0,20.0,2.0,100.0,29.25641
2256.0,10.0,20.0,2.0,100.0,28.915033
2257.0,20.0,20.0,2.0,100.0,29.134228
2258.0,40.0,20.0,2.0,100.0,32.68889
2259.0,49.0,20.0,2.0,100.0,29.286821
2260.0,0.0,20.0,2.0,100.0,28.802547
2261.0,0.5,20.0,2.0,100.0,59.608696
2262.0,1.0,20.0,2.0,100.0,30.31875
2263.0,2.0,20.0,2.0,100.0,29.584906
2264.0,3.0,20.0,2.0,100.0,28.382166
2265.0,5.0,20.0,2.0,100.0,29.7707
2266.0,10.0,20.0,2.0,100.0,29.467533
2267.0,20.0,20.0,2.0,100.0,29.114864
2268.0,40.0,20.0,2.0,100.0,28.068182
2269.0,49.0,20.0,2.0,100.0,28.898438
2270.0,0.0,20.0,2.0,100.0,29.53125
2271.0,0.5,20.0,2.0,100.0,29.740507
2272.0,1.0,20.0,2.0,100.0,28.423077
2273.0,2.0,20.0,2.0,100.0,29.704403
2274.0,3.0,20.0,2.0,100.0,28.425806
2275.0,5.0,20.0,2.0,100.0,29.26923
2276.0,10.0,20.0,2.0,100.0,29.558441
2277.0,20.0,20.0,2.0,100.0,28.048275
2278.0,40.0,20.0,2.0,100.0,30.9375
2279.0,49.0,20.0,2.0,100.0,23.858267
2280.0,0.0,20.0,2.0,100.0,27.98077
2281.0,0.5,20.0,2.0,100.0,29.886793
2282.0,1.0,20.0,2.0,100.0,29.234177
2283.0,2.0,20.0,2.0,100.0,29.178345
2284.0,3.0,20.0,2.0,100.0,29.83125
2285.0,5.0,20.0,2.0,100.0,29.449368
2286.0,10.0,20.0,2.0,100.0,29.754717
2287.0,20.0,20.0,2.0,100.0,28.67114
2288.0,40.0,20.0,2.0,100.0,28.889706
2289.0,49.0,20.0,2.0,100.0,25.214285
2290.0,0.0,20.0,2.0,100.0,29.698112
2291.0,0.5,20.0,2.0,100.0,28.789808
2292.0,1.0,20.0,2.0,100.0,29.645569
2293.0,2.0,20.0,2.0,100.0,29.185898
2294.0,3.0,20.0,2.0,100.0,27.712418
2295.0,5.0,20.0,2.0,100.0,19.875912
2296.0,10.0,20.0,2.0,100.0,28.980263
2297.0,20.0,20.0,2.0,100.0,28.582191
2298.0,40.0,20.0,2.0,100.0,29.949276
2299.0,49.0,20.0,2.0,100.0,28.236221
2300.0,0.0,20.0,2.0,100.0,28.312101
2301.0,0.5,20.0,2.0,100.0,28.866241
2302.0,1.0,20.0,2.0,100.0,28.948387
2303.0,2.0,20.0,2.0,100.0,28.515924
2304.0,3.0,20.0,2.0,100.0,29.41772
2305.0,5.0,20.0,2.0,100.0,29.470968
2306.0,10.0,20.0,2.0,100.0,29.566668
2307.0,20.0,20.0,2.0,100.0,29.114864
2308.0,40.0,20.0,2.0,100.0,28.896826
2309.0,49.0,20.0,2.0,100.0,27.78125
2310.0,0.0,20.0,2.0,100.0,29.45912
2311.0,0.5,20.0,2.0,100.0,29.477707
2312.0,1.0,20.0,2.0,100.0,37.553764
2313.0,2.0,20.0,2.0,100.0,51.85268
2314.0,3.0,20.0,2.0,100.0,29.822784
2315.0,5.0,20.0,2.0,100.0,29.574194
2316.0,10.0,20.0,2.0,100.0,28.880795
2317.0,20.0,20.0,2.0,100.0,25.595589
2318.0,40.0,20.0,2.0,100.0,27.007246
2319.0,49.0,20.0,2.0,100.0,29.583334
2320.0,0.0,20.0,2.0,100.0,27.782051
2321.0,0.5,20.0,2.0,100.0,30.440994
2322.0,1.0,20.0,2.0,100.0,28.369427
2323.0,2.0,20.0,2.0,100.0,28.64516
2324.0,3.0,20.0,2.0,100.0,35.434483
2325.0,5.0,20.0,2.0,100.0,29.070969
2326.0,10.0,20.0,2.0,100.0,28.88889
2327.0,20.0,20.0,2.0,100.0,44.49704
2328.0,40.0,20.0,2.0,100.0,27.714285
2329.0,49.0,20.0,2.0,100.0,40.489933
2330.0,0.0,20.0,2.0,100.0,28.89172
2331.0,0.5,20.0,2.0,100.0,29.761005
2332.0,1.0,20.0,2.0,100.0,28.564102
2333.0,2.0,20.0,2.0,100.0,29.386076
2334.0,3.0,20.0,2.0,100.0,29.670887
2335.0,5.0,20.0,2.0,100.0,29.49359
2336.0,10.0,20.0,2.0,100.0,30.954838
2337.0,20.0,20.0,2.0,100.0,28.145834
2338.0,40.0,20.0,2.0,100.0,28.727942
2339.0,49.0,20.0,2.0,100.0,27.899225
2340.0,0.0,20.0,2.0,100.0,29.84375
2341.0,0.5,20.0,2.0,100.0,28.630573
2342.0,1.0,20.0,2.0,100.0,28.97436
2343.0,2.0,20.0,2.0,100.0,30.71875
2344.0,3.0,20.0,2.0,100.0,28.052288
2345.0,5.0,20.0,2.0,100.0,14.097345
2346.0,10.0,20.0,2.0,100.0,29.588236
2347.0,20.0,20.0,2.0,100.0,30.051613
2348.0,40.0,20.0,2.0,100.0,28.639706
2349.0,49.0,20.0,2.0,100.0,30.30303
2350.0,0.0,20.0,2.0,100.0,28.834394
2351.0,0.5,20.0,2.0,100.0,28.719746
2352.0,1.0,20.0,2.0,100.0,27.48052
2353.0,2.0,20.0,2.0,100.0,29.63924
2354.0,3.0,20.0,2.0,100.0,29.630573
2355.0,5.0,20.0,2.0,100.0,28.092714
2356.0,10.0,20.0,2.0,100.0,29.732027
2357.0,20.0,20.0,2.0,100.0,28.489796
2358.0,40.0,20.0,2.0,100.0,31.058393
2359.0,49.0,20.0,2.0,100.0,28.42623
2360.0,0.0,20.0,2.0,100.0,31.70122
2361.0,0.5,20.0,2.0,100.0,28.717949
2362.0,1.0,20.0,2.0,100.0,29.738853
2363.0,2.0,20.0,2.0,100.0,29.222929
2364.0,3.0,20.0,2.0,100.0,29.47436
2365.0,5.0,20.0,2.0,100.0,29.756578
2366.0,10.0,20.0,2.0,100.0,29.300653
2367.0,20.0,20.0,2.0,100.0,32.71141
2368.0,40.0,20.0,2.0,100.0,28.794327
2369.0,49.0,20.0,2.0,100.0,34.797203
2370.0,0.0,20.0,2.0,100.0,28.038462
2371.0,0.5,20.0,2.0,100.0,27.651613
2372.0,1.0,20.0,2.0,100.0,29.742138
2373.0,2.0,20.0,2.0,100.0,28.461538
2374.0,3.0,20.0,2.0,100.0,29.886793
2375.0,5.0,20.0,2.0,100.0,29.544872
2376.0,10.0,20.0,2.0,100.0,30.11111
2377.0,20.0,20.0,2.0,100.0,31.414814
2378.0,40.0,20.0,2.0,100.0,28.023623
2379.0,49.0,20.0,2.0,100.0,28.656488
2380.0,0.0,20.0,2.0,100.0,29.284811
2381.0,0.5,20.0,2.0,100.0,28.867088
2382.0,1.0,20.0,2.0,100.0,29.949045
2383.0,2.0,20.0,2.0,100.0,29.48734
2384.0,3.0,20.0,2.0,100.0,29.0
2385.0,5.0,20.0,2.0,100.0,29.513159
2386.0,10.0,20.0,2.0,100.0,28.713333
2387.0,20.0,20.0,2.0,100.0,28.35135
2388.0,40.0,20.0,2.0,100.0,30.846716
2389.0,49.0,20.0,2.0,100.0,28.434109
2390.0,0.0,20.0,2.0,100.0,28.867088
2391.0,0.5,20.0,2.0,100.0,28.653847
2392.0,1.0,20.0,2.0,100.0,29.314465
2393.0,2.0,20.0,2.0,100.0,30.525
2394.0,3.0,20.0,2.0,100.0,28.655844
2395.0,5.0,20.0,2.0,100.0,29.5414
2396.0,10.0,20.0,2.0,100.0,31.48077
2397.0,20.0,20.0,2.0,100.0,30.125
2398.0,40.0,20.0,2.0,100.0,30.194244
2399.0,49.0,20.0,2.0,100.0,28.556452
2400.0,0.0,20.0,2.0,100.0,42.227272
2401.0,0.5,20.0,2.0,100.0,28.222929
2402.0,1.0,20.0,2.0,100.0,28.636942
2403.0,2.0,20.0,2.0,100.0,28.732485
2404.0,3.0,20.0,2.0,100.0,29.525316
2405.0,5.0,20.0,2.0,100.0,45.273224
2406.0,10.0,20.0,2.0,100.0,29.0
2407.0,20.0,20.0,2.0,100.0,22.288
2408.0,40.0,20.0,2.0,100.0,30.316177
2409.0,49.0,20.0,2.0,100.0,28.350746
2410.0,0.0,20.0,2.0,100.0,28.879747
2411.0,0.5,20.0,2.0,100.0,28.26923
2412.0,1.0,20.0,2.0,100.0,29.759493
2413.0,2.0,20.0,2.0,100.0,29.210192
2414.0,3.0,20.0,2.0,100.0,29.8625
2415.0,5.0,20.0,2.0,100.0,47.774193
2416.0,10.0,20.0,2.0,100.0,28.141891
2417.0,20.0,20.0,2.0,100.0,30.144737
2418.0,40.0,20.0,2.0,100.0,29.18705
2419.0,49.0,20.0,2.0,100.0,28.851562
2420.0,0.0,20.0,2.0,100.0,29.625
2421.0,0.5,20.0,2.0,100.0,31.432098
2422.0,1.0,20.0,2.0,100.0,29.715189
2423.0,2.0,20.0,2.0,100.0,28.647436
2424.0,3.0,20.0,2.0,100.0,28.212122
2425.0,5.0,20.0,2.0,100.0,29.8625
2426.0,10.0,20.0,2.0,100.0,28.801325
2427.0,20.0,20.0,2.0,100.0,28.876713
2428.0,40.0,20.0,2.0,100.0,28.409449
2429.0,49.0,20.0,2.0,100.0,26.748032
2430.0,0.0,20.0,2.0,100.0,29.345911
2431.0,0.5,20.0,2.0,100.0,30.66875
2432.0,1.0,20.0,2.0,100.0,29.044872
2433.0,2.0,20.0,2.0,100.0,29.593548
2434.0,3.0,20.0,2.0,100.0,34.448864
2435.0,5.0,20.0,2.0,100.0,28.564936
2436.0,10.0,20.0,2.0,100.0,29.298702
2437.0,20.0,20.0,2.0,100.0,15.570175
2438.0,40.0,20.0,2.0,100.0,28.705427
2439.0,49.0,20.0,2.0,100.0,45.64151
2440.0,0.0,20.0,2.0,100.0,30.2625
2441.0,0.5,20.0,2.0,100.0,28.935898
2442.0,1.0,20.0,2.0,100.0,30.09375
2443.0,2.0,20.0,2.0,100.0,29.826923
2444.0,3.0,20.0,2.0,100.0,29.163523
2445.0,5.0,20.0,2.0,100.0,27.993507
2446.0,10.0,20.0,2.0,100.0,30.401316
2447.0,20.0,20.0,2.0,100.0,30.075342
2448.0,40.0,20.0,2.0,100.0,30.992592
2449.0,49.0,20.0,2.0,100.0,27.810219
2450.0,0.0,20.0,2.0,100.0,49.00909
2451.0,0.5,20.0,2.0,100.0,28.738853
2452.0,1.0,20.0,2.0,100.0,27.98726
2453.0,2.0,20.0,2.0,100.0,29.560509
2454.0,3.0,20.0,2.0,100.0,29.26923
2455.0,5.0,20.0,2.0,100.0,29.701298
2456.0,10.0,20.0,2.0,100.0,29.039215
2457.0,20.0,20.0,2.0,100.0,28.493055
2458.0,40.0,20.0,2.0,100.0,28.273438
2459.0,49.0,20.0,2.0,100.0,28.317461
2460.0,0.0,20.0,2.0,100.0,28.012821
2461.0,0.5,20.0,2.0,100.0,30.044025
2462.0,1.0,20.0,2.0,100.0,30.198757
2463.0,2.0,20.0,2.0,100.0,29.664557
2464.0,3.0,20.0,2.0,100.0,28.903225
2465.0,5.0,20.0,2.0,100.0,27.83117
2466.0,10.0,20.0,2.0,100.0,28.64516
2467.0,20.0,20.0,2.0,100.0,30.046358
2468.0,40.0,20.0,2.0,100.0,28.05926
2469.0,49.0,20.0,2.0,100.0,28.984962
2470.0,0.0,20.0,2.0,100.0,29.088608
2471.0,0.5,20.0,2.0,100.0,29.531645
2472.0,1.0,20.0,2.0,100.0,29.81761
2473.0,2.0,20.0,2.0,100.0,29.515924
2474.0,3.0,20.0,2.0,100.0,28.74359
2475.0,5.0,20.0,2.0,100.0,29.375795
2476.0,10.0,20.0,2.0,100.0,30.342106
2477.0,20.0,20.0,2.0,100.0,28.417809
2478.0,40.0,20.0,2.0,100.0,29.028368
2479.0,49.0,20.0,2.0,100.0,30.162964
2480.0,0.0,20.0,2.0,100.0,29.88125
2481.0,0.5,20.0,2.0,100.0,42.36598
2482.0,1.0,20.0,2.0,100.0,29.73125
2483.0,2.0,20.0,2.0,100.0,28.981012
2484.0,3.0,20.0,2.0,100.0,29.5414
2485.0,5.0,20.0,2.0,100.0,29.701298
2486.0,10.0,20.0,2.0,100.0,29.43421
2487.0,20.0,20.0,2.0,100.0,30.081633
2488.0,40.0,20.0,2.0,100.0,28.580153
2489.0,49.0,20.0,2.0,100.0,28.090225
2490.0,0.0,20.0,2.0,100.0,29.591194
2491.0,0.5,20.0,2.0,100.0,28.598726
2492.0,1.0,20.0,2.0,100.0,29.063292
2493.0,2.0,20.0,2.0,100.0,30.428572
2494.0,3.0,20.0,2.0,100.0,29.784811
2495.0,5.0,20.0,2.0,100.0,29.090322
2496.0,10.0,20.0,2.0,100.0,28.412163
2497.0,20.0,20.0,2.0,100.0,28.831081
2498.0,40.0,20.0,2.0,100.0,28.536764
2499.0,49.0,20.0,2.0,100.0,26.816668
2500.0,0.0,20.0,2.0,100.0,29.861635
2501.0,0.5,20.0,2.0,100.0,28.147436
2502.0,1.0,20.0,2.0,100.0,28.152866
2503.0,2.0,20.0,2.0,100.0,28.93038
2504.0,3.0,20.0,2.0,100.0,28.780645
2505.0,5.0,20.0,2.0,100.0,29.535032
2506.0,10.0,20.0,2.0,100.0,28.077923
2507.0,20.0,20.0,2.0,100.0,40.375
2508.0,40.0,20.0,2.0,100.0,24.518518
2509.0,49.0,20.0,2.0,100.0,28.4375
2510.0,0.0,20.0,2.0,100.0,29.471699
2511.0,0.5,20.0,2.0,100.0,29.91195
2512.0,1.0,20.0,2.0,100.0,30.075472
2513.0,2.0,20.0,2.0,100.0,28.713375
2514.0,3.0,20.0,2.0,100.0,29.426752
2515.0,5.0,20.0,2.0,100.0,30.643312
2516.0,10.0,20.0,2.0,100.0,29.733334
2517.0,20.0,20.0,2.0,100.0,20.513044
2518.0,40.0,20.0,2.0,100.0,28.67647
2519.0,49.0,20.0,2.0,100.0,27.804688
2520.0,0.0,20.0,2.0,100.0,29.421383
2521.0,0.5,20.0,2.0,100.0,28.777071
2522.0,1.0,20.0,2.0,100.0,29.012579
2523.0,2.0,20.0,2.0,100.0,30.119497
2524.0,3.0,20.0,2.0,100.0,30.18125
2525.0,5.0,20.0,2.0,100.0,28.503225
2526.0,10.0,20.0,2.0,100.0,30.211538
2527.0,20.0,20.0,2.0,100.0,28.180555
2528.0,40.0,20.0,2.0,100.0,29.242857
2529.0,49.0,20.0,2.0,100.0,24.3125
2530.0,0.0,20.0,2.0,100.0,28.707006
2531.0,0.5,20.0,2.0,100.0,28.828026
2532.0,1.0,20.0,2.0,100.0,29.41772
2533.0,2.0,20.0,2.0,100.0,30.297468
2534.0,3.0,20.0,2.0,100.0,29.702532
2535.0,5.0,20.0,2.0,100.0,29.30719
2536.0,10.0,20.0,2.0,100.0,29.304636
2537.0,20.0,20.0,2.0,100.0,31.576923
2538.0,40.0,20.0,2.0,100.0,28.880281
2539.0,49.0,20.0,2.0,100.0,28.977444
2540.0,0.0,20.0,2.0,100.0,28.7707
2541.0,0.5,20.0,2.0,100.0,29.126583
2542.0,1.0,20.0,2.0,100.0,28.873417
2543.0,2.0,20.0,2.0,100.0,29.462025
2544.0,3.0,20.0,2.0,100.0,45.113514
2545.0,5.0,20.0,2.0,100.0,30.122581
2546.0,10.0,20.0,2.0,100.0,28.173334
2547.0,20.0,20.0,2.0,100.0,28.721088
2548.0,40.0,20.0,2.0,100.0,29.395834
2549.0,49.0,20.0,2.0,100.0,29.257812
2550.0,0.0,20.0,2.0,100.0,28.86076
2551.0,0.5,20.0,2.0,100.0,29.22152
2552.0,1.0,20.0,2.0,100.0,28.885351
2553.0,2.0,20.0,2.0,100.0,28.576923
2554.0,3.0,20.0,2.0,100.0,29.013159
2555.0,5.0,20.0,2.0,100.0,29.352564
2556.0,10.0,20.0,2.0,100.0,30.013071
2557.0,20.0,20.0,2.0,100.0,29.846153
2558.0,40.0,20.0,2.0,100.0,27.857143
2559.0,49.0,20.0,2.0,100.0,29.16
2560.0,0.0,20.0,2.0,100.0,29.088608
2561.0,0.5,20.0,2.0,100.0,28.573248
2562.0,1.0,20.0,2.0,100.0,28.810127
2563.0,2.0,20.0,2.0,100.0,29.146498
2564.0,3.0,20.0,2.0,100.0,29.083872
2565.0,5.0,20.0,2.0,100.0,29.25641
2566.0,10.0,20.0,2.0,100.0,29.874214
2567.0,20.0,20.0,2.0,100.0,36.037037
2568.0,40.0,20.0,2.0,100.0,33.19737
2569.0,49.0,20.0,2.0,100.0,20.526785
2570.0,0.0,20.0,2.0,100.0,29.386076
2571.0,0.5,20.0,2.0,100.0,29.9441
2572.0,1.0,20.0,2.0,100.0,29.433962
2573.0,2.0,20.0,2.0,100.0,53.31441
2574.0,3.0,20.0,2.0,100.0,29.885351
2575.0,5.0,20.0,2.0,100.0,29.329033
2576.0,10.0,20.0,2.0,100.0,28.51634
2577.0,20.0,20.0,2.0,100.0,30.356644
2578.0,40.0,20.0,2.0,100.0,30.089552
2579.0,49.0,20.0,2.0,100.0,29.302326
2580.0,0.0,20.0,2.0,100.0,27.27742
2581.0,0.5,20.0,2.0,100.0,28.910828
2582.0,1.0,20.0,2.0,100.0,29.20886
2583.0,2.0,20.0,2.0,100.0,29.578617
2584.0,3.0,20.0,2.0,100.0,29.8481
2585.0,5.0,20.0,2.0,100.0,27.201298
2586.0,10.0,20.0,2.0,100.0,30.263514
2587.0,20.0,20.0,2.0,100.0,28.685314
2588.0,40.0,20.0,2.0,100.0,27.846716
2589.0,49.0,20.0,2.0,100.0,28.536585
2590.0,0.0,20.0,2.0,100.0,28.515924
2591.0,0.5,20.0,2.0,100.0,28.636942
2592.0,1.0,20.0,2.0,100.0,28.331211
2593.0,2.0,20.0,2.0,100.0,30.082802
2594.0,3.0,20.0,2.0,100.0,28.879747
2595.0,5.0,20.0,2.0,100.0,29.75974
2596.0,10.0,20.0,2.0,100.0,28.326666
2597.0,20.0,20.0,2.0,100.0,29.161074
2598.0,40.0,20.0,2.0,100.0,28.237038
2599.0,49.0,20.0,2.0,100.0,28.725191
2600.0,0.0,20.0,2.0,100.0,28.375795
2601.0,0.5,20.0,2.0,100.0,28.371796
2602.0,1.0,20.0,2.0,100.0,47.627804
2603.0,2.0,20.0,2.0,100.0,29.578617
2604.0,3.0,20.0,2.0,100.0,30.18239
2605.0,5.0,20.0,2.0,100.0,29.341772
2606.0,10.0,20.0,2.0,100.0,20.65909
2607.0,20.0,20.0,2.0,100.0,27.092857
2608.0,40.0,20.0,2.0,100.0,27.407408
2609.0,49.0,20.0,2.0,100.0,28.85606
2610.0,0.0,20.0,2.0,100.0,29.22152
2611.0,0.5,20.0,2.0,100.0,27.98077
2612.0,1.0,20.0,2.0,100.0,28.777071
2613.0,2.0,20.0,2.0,100.0,42.192307
2614.0,3.0,20.0,2.0,100.0,29.031645
2615.0,5.0,20.0,2.0,100.0,30.837662
2616.0,10.0,20.0,2.0,100.0,29.442177
2617.0,20.0,20.0,2.0,100.0,30.157894
2618.0,40.0,20.0,2.0,100.0,30.291044
2619.0,49.0,20.0,2.0,100.0,27.583334
2620.0,0.0,20.0,2.0,100.0,28.72152
2621.0,0.5,20.0,2.0,100.0,29.075949
2622.0,1.0,20.0,2.0,100.0,29.18239
2623.0,2.0,20.0,2.0,100.0,28.483871
2624.0,3.0,20.0,2.0,100.0,28.27922
2625.0,5.0,20.0,2.0,100.0,29.493671
2626.0,10.0,20.0,2.0,100.0,29.754967
2627.0,20.0,20.0,2.0,100.0,21.181818
2628.0,40.0,20.0,2.0,100.0,30.042856
2629.0,49.0,20.0,2.0,100.0,28.738094
2630.0,0.0,20.0,2.0,100.0,29.710691
2631.0,0.5,20.0,2.0,100.0,29.44375
2632.0,1.0,20.0,2.0,100.0,28.363058
2633.0,2.0,20.0,2.0,100.0,29.707006
2634.0,3.0,20.0,2.0,100.0,29.468355
2635.0,5.0,20.0,2.0,100.0,28.142857
2636.0,10.0,20.0,2.0,100.0,30.732485
2637.0,20.0,20.0,2.0,100.0,28.358622
2638.0,40.0,20.0,2.0,100.0,28.550724
2639.0,49.0,20.0,2.0,100.0,40.29032
2640.0,0.0,20.0,2.0,100.0,29.7625
2641.0,0.5,20.0,2.0,100.0,30.771605
2642.0,1.0,20.0,2.0,100.0,28.917198
2643.0,2.0,20.0,2.0,100.0,29.22152
2644.0,3.0,20.0,2.0,100.0,29.949368
2645.0,5.0,20.0,2.0,100.0,29.090322
2646.0,10.0,20.0,2.0,100.0,28.156862
2647.0,20.0,20.0,2.0,100.0,33.34228
2648.0,40.0,20.0,2.0,100.0,30.382353
2649.0,49.0,20.0,2.0,100.0,30.658915
2650.0,0.0,20.0,2.0,100.0,28.414013
2651.0,0.5,20.0,2.0,100.0,28.358974
2652.0,1.0,20.0,2.0,100.0,45.98995
2653.0,2.0,20.0,2.0,100.0,29.56688
2654.0,3.0,20.0,2.0,100.0,29.416666
2655.0,5.0,20.0,2.0,100.0,29.300653
2656.0,10.0,20.0,2.0,100.0,29.668789
2657.0,20.0,20.0,2.0,100.0,28.86014
2658.0,40.0,20.0,2.0,100.0,29.148438
2659.0,49.0,20.0,2.0,100.0,29.984848
2660.0,0.0,20.0,2.0,100.0,29.698112
2661.0,0.5,20.0,2.0,100.0,28.962265
2662.0,1.0,20.0,2.0,100.0,29.057325
2663.0,2.0,20.0,2.0,100.0,29.178345
2664.0,3.0,20.0,2.0,100.0,29.598726
2665.0,5.0,20.0,2.0,100.0,29.477419
2666.0,10.0,20.0,2.0,100.0,28.215687
2667.0,20.0,20.0,2.0,100.0,29.212328
2668.0,40.0,20.0,2.0,100.0,30.359156
2669.0,49.0,20.0,2.0,100.0,28.28
2670.0,0.0,20.0,2.0,100.0,28.867088
2671.0,0.5,20.0,2.0,100.0,29.273886
2672.0,1.0,20.0,2.0,100.0,30.19497
2673.0,2.0,20.0,2.0,100.0,36.433155
2674.0,3.0,20.0,2.0,100.0,29.101912
2675.0,5.0,20.0,2.0,100.0,29.464052
2676.0,10.0,20.0,2.0,100.0,28.30719
2677.0,20.0,20.0,2.0,100.0,15.42742
2678.0,40.0,20.0,2.0,100.0,47.785713
2679.0,49.0,20.0,2.0,100.0,28.78169
2680.0,0.0,20.0,2.0,100.0,29.405064
2681.0,0.5,20.0,2.0,100.0,29.210192
2682.0,1.0,20.0,2.0,100.0,29.408806
2683.0,2.0,20.0,2.0,100.0,29.371796
2684.0,3.0,20.0,2.0,100.0,30.55346
2685.0,5.0,20.0,2.0,100.0,28.727848
2686.0,10.0,20.0,2.0,100.0,37.49711
2687.0,20.0,20.0,2.0,100.0,28.361702
2688.0,40.0,20.0,2.0,100.0,40.00633
2689.0,49.0,20.0,2.0,100.0,30.428572
2690.0,0.0,20.0,2.0,100.0,28.490446
2691.0,0.5,20.0,2.0,100.0,30.126583
2692.0,1.0,20.0,2.0,100.0,29.537975
2693.0,2.0,20.0,2.0,100.0,29.185898
2694.0,3.0,20.0,2.0,100.0,29.057692
2695.0,5.0,20.0,2.0,100.0,28.987179
2696.0,10.0,20.0,2.0,100.0,29.745098
2697.0,20.0,20.0,2.0,100.0,34.292397
2698.0,40.0,20.0,2.0,100.0,28.0073
2699.0,49.0,20.0,2.0,100.0,30.396946
2700.0,0.0,20.0,2.0,100.0,28.726114
2701.0,0.5,20.0,2.0,100.0,28.217949
2702.0,1.0,20.0,2.0,100.0,29.267515
2703.0,2.0,20.0,2.0,100.0,28.445162
2704.0,3.0,20.0,2.0,100.0,29.089743
2705.0,5.0,20.0,2.0,100.0,29.167742
2706.0,10.0,20.0,2.0,100.0,29.348684
2707.0,20.0,20.0,2.0,100.0,29.061224
2708.0,40.0,20.0,2.0,100.0,34.1875
2709.0,49.0,20.0,2.0,100.0,28.192
2710.0,0.0,20.0,2.0,100.0,29.177216
2711.0,0.5,20.0,2.0,100.0,28.649681
2712.0,1.0,20.0,2.0,100.0,29.62264
2713.0,2.0,20.0,2.0,100.0,29.354431
2714.0,3.0,20.0,2.0,100.0,29.083334
2715.0,5.0,20.0,2.0,100.0,29.261147
2716.0,10.0,20.0,2.0,100.0,29.366013
2717.0,20.0,20.0,2.0,100.0,29.417267
2718.0,40.0,20.0,2.0,100.0,30.24627
2719.0,49.0,20.0,2.0,100.0,29.35606
2720.0,0.0,20.0,2.0,100.0,29.775
2721.0,0.5,20.0,2.0,100.0,48.205883
2722.0,1.0,20.0,2.0,100.0,29.246836
2723.0,2.0,20.0,2.0,100.0,29.367088
2724.0,3.0,20.0,2.0,100.0,30.20886
2725.0,5.0,20.0,2.0,100.0,29.796179
2726.0,10.0,20.0,2.0,100.0,27.8125
2727.0,20.0,20.0,2.0,100.0,29.945946
2728.0,40.0,20.0,2.0,100.0,28.291044
2729.0,49.0,20.0,2.0,100.0,30.810219
2730.0,0.0,20.0,2.0,100.0,34.81457
2731.0,0.5,20.0,2.0,100.0,28.903847
2732.0,1.0,20.0,2.0,100.0,29.672956
2733.0,2.0,20.0,2.0,100.0,28.892405
2734.0,3.0,20.0,2.0,100.0,27.836601
2735.0,5.0,20.0,2.0,100.0,29.282051
2736.0,10.0,20.0,2.0,100.0,31.094936
2737.0,20.0,20.0,2.0,100.0,30.413334
2738.0,40.0,20.0,2.0,100.0,29.242424
2739.0,49.0,20.0,2.0,100.0,30.721804
2740.0,0.0,20.0,2.0,100.0,54.824787
2741.0,0.5,20.0,2.0,100.0,28.294872
2742.0,1.0,20.0,2.0,100.0,30.403727
2743.0,2.0,20.0,2.0,100.0,30.403727
2744.0,3.0,20.0,2.0,100.0,27.927631
2745.0,5.0,20.0,2.0,100.0,28.145695
2746.0,10.0,20.0,2.0,100.0,28.718954
2747.0,20.0,20.0,2.0,100.0,34.34752
2748.0,40.0,20.0,2.0,100.0,30.21168
2749.0,49.0,20.0,2.0,100.0,31.007408
2750.0,0.0,20.0,2.0,100.0,29.303797
2751.0,0.5,20.0,2.0,100.0,29.082802
2752.0,1.0,20.0,2.0,100.0,29.128204
2753.0,2.0,20.0,2.0,100.0,28.496775
2754.0,3.0,20.0,2.0,100.0,29.796179
2755.0,5.0,20.0,2.0,100.0,29.607595
2756.0,10.0,20.0,2.0,100.0,27.382978
2757.0,20.0,20.0,2.0,100.0,28.560606
2758.0,40.0,20.0,2.0,100.0,29.647058
2759.0,49.0,20.0,2.0,100.0,29.112
2760.0,0.0,20.0,2.0,100.0,28.981012
2761.0,0.5,20.0,2.0,100.0,28.867088
2762.0,1.0,20.0,2.0,100.0,29.620253
2763.0,2.0,20.0,2.0,100.0,28.76923
2764.0,3.0,20.0,2.0,100.0,29.265823
2765.0,5.0,20.0,2.0,100.0,28.738853
2766.0,10.0,20.0,2.0,100.0,29.398693
2767.0,20.0,20.0,2.0,100.0,28.069445
2768.0,40.0,20.0,2.0,100.0,28.73077
2769.0,49.0,20.0,2.0,100.0,31.235294
2770.0,0.0,20.0,2.0,100.0,29.490566
2771.0,0.5,20.0,2.0,100.0,29.559748
2772.0,1.0,20.0,2.0,100.0,28.384615
2773.0,2.0,20.0,2.0,100.0,29.8239
2774.0,3.0,20.0,2.0,100.0,28.839743
2775.0,5.0,20.0,2.0,100.0,29.666666
2776.0,10.0,20.0,2.0,100.0,29.62745
2777.0,20.0,20.0,2.0,100.0,28.272108
2778.0,40.0,20.0,2.0,100.0,28.90511
2779.0,49.0,20.0,2.0,100.0,28.782946
2780.0,0.0,20.0,2.0,100.0,29.76875
2781.0,0.5,20.0,2.0,100.0,29.91875
2782.0,1.0,20.0,2.0,100.0,28.649681
2783.0,2.0,20.0,2.0,100.0,29.202532
2784.0,3.0,20.0,2.0,100.0,50.53846
2785.0,5.0,20.0,2.0,100.0,29.387096
2786.0,10.0,20.0,2.0,100.0,29.623377
2787.0,20.0,20.0,2.0,100.0,33.608974
2788.0,40.0,20.0,2.0,100.0,29.389313
2789.0,49.0,20.0,2.0,100.0,16.50909
2790.0,0.0,20.0,2.0,100.0,29.584906
2791.0,0.5,20.0,2.0,100.0,29.95
2792.0,1.0,20.0,2.0,100.0,54.364407
2793.0,2.0,20.0,2.0,100.0,28.68387
2794.0,3.0,20.0,2.0,100.0,29.253164
2795.0,5.0,20.0,2.0,100.0,30.858025
2796.0,10.0,20.0,2.0,100.0,30.40523
2797.0,20.0,20.0,2.0,100.0,30.222973
2798.0,40.0,20.0,2.0,100.0,29.352942
2799.0,49.0,20.0,2.0,100.0,28.348148
2800.0,0.0,20.0,2.0,100.0,27.717949
2801.0,0.5,20.0,2.0,100.0,28.694267
2802.0,1.0,20.0,2.0,100.0,28.685535
2803.0,2.0,20.0,2.0,100.0,29.272152
2804.0,3.0,20.0,2.0,100.0,29.698717
2805.0,5.0,20.0,2.0,100.0,30.1
2806.0,10.0,20.0,2.0,100.0,29.814102
2807.0,20.0,20.0,2.0,100.0,28.985916
2808.0,40.0,20.0,2.0,100.0,30.043478
2809.0,49.0,20.0,2.0,100.0,30.882812
2810.0,0.0,20.0,2.0,100.0,24.352942
2811.0,0.5,20.0,2.0,100.0,29.144653
2812.0,1.0,20.0,2.0,100.0,28.248407
2813.0,2.0,20.0,2.0,100.0,49.235023
2814.0,3.0,20.0,2.0,100.0,34.85393
2815.0,5.0,20.0,2.0,100.0,29.74359
2816.0,10.0,20.0,2.0,100.0,38.26257
2817.0,20.0,20.0,2.0,100.0,29.29932
2818.0,40.0,20.0,2.0,100.0,28.328358
2819.0,49.0,20.0,2.0,100.0,28.596899
2820.0,0.0,20.0,2.0,100.0,27.606451
2821.0,0.5,20.0,2.0,100.0,30.188679
2822.0,1.0,20.0,2.0,100.0,29.41772
2823.0,2.0,20.0,2.0,100.0,54.574467
2824.0,3.0,20.0,2.0,100.0,29.716982
2825.0,5.0,20.0,2.0,100.0,28.596153
2826.0,10.0,20.0,2.0,100.0,29.10596
2827.0,20.0,20.0,2.0,100.0,29.033783
2828.0,40.0,20.0,2.0,100.0,28.09091
2829.0,49.0,20.0,2.0,100.0,29.237705
2830.0,0.0,20.0,2.0,100.0,29.836477
2831.0,0.5,20.0,2.0,100.0,28.904459
2832.0,1.0,20.0,2.0,100.0,28.55414
2833.0,2.0,20.0,2.0,100.0,28.93038
2834.0,3.0,20.0,2.0,100.0,29.0
2835.0,5.0,20.0,2.0,100.0,27.754839
2836.0,10.0,20.0,2.0,100.0,57.213974
2837.0,20.0,20.0,2.0,100.0,30.641891
2838.0,40.0,20.0,2.0,100.0,28.351562
2839.0,49.0,20.0,2.0,100.0,30.408
2840.0,0.0,20.0,2.0,100.0,27.871796
2841.0,0.5,20.0,2.0,100.0,41.36313
2842.0,1.0,20.0,2.0,100.0,46.140095
2843.0,2.0,20.0,2.0,100.0,28.564102
2844.0,3.0,20.0,2.0,100.0,30.031645
2845.0,5.0,20.0,2.0,100.0,28.026144
2846.0,10.0,20.0,2.0,100.0,30.194805
2847.0,20.0,20.0,2.0,100.0,22.764706
2848.0,40.0,20.0,2.0,100.0,30.25564
2849.0,49.0,20.0,2.0,100.0,29.534351
2850.0,0.0,20.0,2.0,100.0,28.738853
2851.0,0.5,20.0,2.0,100.0,28.439491
2852.0,1.0,20.0,2.0,100.0,29.303797
2853.0,2.0,20.0,2.0,100.0,29.968554
2854.0,3.0,20.0,2.0,100.0,29.6519
2855.0,5.0,20.0,2.0,100.0,27.5
2856.0,10.0,20.0,2.0,100.0,29.802631
2857.0,20.0,20.0,2.0,100.0,28.677853
2858.0,40.0,20.0,2.0,100.0,28.169117
2859.0,49.0,20.0,2.0,100.0,29.891474
2860.0,0.0,20.0,2.0,100.0,30.592592
2861.0,0.5,20.0,2.0,100.0,41.485874
2862.0,1.0,20.0,2.0,100.0,29.396227
2863.0,2.0,20.0,2.0,100.0,28.64516
2864.0,3.0,20.0,2.0,100.0,30.050314
2865.0,5.0,20.0,2.0,100.0,30.163523
2866.0,10.0,20.0,2.0,100.0,23.05303
2867.0,20.0,20.0,2.0,100.0,28.41844
2868.0,40.0,20.0,2.0,100.0,28.105635
2869.0,49.0,20.0,2.0,100.0,34.88112
2870.0,0.0,20.0,2.0,100.0,28.205128
2871.0,0.5,20.0,2.0,100.0,30.144653
2872.0,1.0,20.0,2.0,100.0,28.331211
2873.0,2.0,20.0,2.0,100.0,29.207546
2874.0,3.0,20.0,2.0,100.0,29.666666
2875.0,5.0,20.0,2.0,100.0,29.070513
2876.0,10.0,20.0,2.0,100.0,29.346405
2877.0,20.0,20.0,2.0,100.0,27.411764
2878.0,40.0,20.0,2.0,100.0,28.592308
2879.0,49.0,20.0,2.0,100.0,30.147888
2880.0,0.0,20.0,2.0,100.0,29.270441
2881.0,0.5,20.0,2.0,100.0,28.7707
2882.0,1.0,20.0,2.0,100.0,28.477707
2883.0,2.0,20.0,2.0,100.0,30.378881
2884.0,3.0,20.0,2.0,100.0,54.210762
2885.0,5.0,20.0,2.0,100.0,29.732485
2886.0,10.0,20.0,2.0,100.0,29.322147
2887.0,20.0,20.0,2.0,100.0,29.049295
2888.0,40.0,20.0,2.0,100.0,26.862595
2889.0,49.0,20.0,2.0,100.0,27.925926
2890.0,0.0,20.0,2.0,100.0,27.858065
2891.0,0.5,20.0,2.0,100.0,29.550632
2892.0,1.0,20.0,2.0,100.0,41.52778
2893.0,2.0,20.0,2.0,100.0,30.0625
2894.0,3.0,20.0,2.0,100.0,29.33758
2895.0,5.0,20.0,2.0,100.0,27.993422
2896.0,10.0,20.0,2.0,100.0,29.046358
2897.0,20.0,20.0,2.0,100.0,28.81507
2898.0,40.0,20.0,2.0,100.0,29.176924
2899.0,49.0,20.0,2.0,100.0,29.3
2900.0,0.0,20.0,2.0,100.0,29.202532
2901.0,0.5,20.0,2.0,100.0,29.113924
2902.0,1.0,20.0,2.0,100.0,28.942675
2903.0,2.0,20.0,2.0,100.0,29.822784
2904.0,3.0,20.0,2.0,100.0,29.184713
2905.0,5.0,20.0,2.0,100.0,48.613525
2906.0,10.0,20.0,2.0,100.0,41.67442
2907.0,20.0,20.0,2.0,100.0,28.282759
2908.0,40.0,20.0,2.0,100.0,30.08633
2909.0,49.0,20.0,2.0,100.0,29.361538
2910.0,0.0,20.0,2.0,100.0,30.31875
2911.0,0.5,20.0,2.0,100.0,29.012821
2912.0,1.0,20.0,2.0,100.0,29.689873
2913.0,2.0,20.0,2.0,100.0,29.174194
2914.0,3.0,20.0,2.0,100.0,28.673077
2915.0,5.0,20.0,2.0,100.0,41.29091
2916.0,10.0,20.0,2.0,100.0,25.07971
2917.0,20.0,20.0,2.0,100.0,28.773333
2918.0,40.0,20.0,2.0,100.0,29.25
2919.0,49.0,20.0,2.0,100.0,27.022902
2920.0,0.0,20.0,2.0,100.0,29.54088
2921.0,0.5,20.0,2.0,100.0,29.647799
2922.0,1.0,20.0,2.0,100.0,29.069181
2923.0,2.0,20.0,2.0,100.0,29.974684
2924.0,3.0,20.0,2.0,100.0,28.738853
2925.0,5.0,20.0,2.0,100.0,28.936306
2926.0,10.0,20.0,2.0,100.0,28.668875
2927.0,20.0,20.0,2.0,100.0,29.383562
2928.0,40.0,20.0,2.0,100.0,34.723076
2929.0,49.0,20.0,2.0,100.0,24.824
2930.0,0.0,20.0,2.0,100.0,29.050632
2931.0,0.5,20.0,2.0,100.0,51.94977
2932.0,1.0,20.0,2.0,100.0,29.7625
2933.0,2.0,20.0,2.0,100.0,29.550632
2934.0,3.0,20.0,2.0,100.0,29.36129
2935.0,5.0,20.0,2.0,100.0,28.675325
2936.0,10.0,20.0,2.0,100.0,28.918367
2937.0,20.0,20.0,2.0,100.0,28.81081
2938.0,40.0,20.0,2.0,100.0,28.638462
2939.0,49.0,20.0,2.0,100.0,30.445312
2940.0,0.0,20.0,2.0,100.0,28.892405
2941.0,0.5,20.0,2.0,100.0,30.251572
2942.0,1.0,20.0,2.0,100.0,28.715189
2943.0,2.0,20.0,2.0,100.0,28.058065
2944.0,3.0,20.0,2.0,100.0,29.316456
2945.0,5.0,20.0,2.0,100.0,34.965908
2946.0,10.0,20.0,2.0,100.0,29.651613
2947.0,20.0,20.0,2.0,100.0,29.62069
2948.0,40.0,20.0,2.0,100.0,49.860466
2949.0,49.0,20.0,2.0,100.0,27.920635
2950.0,0.0,20.0,2.0,100.0,49.61751
2951.0,0.5,20.0,2.0,100.0,28.464968
2952.0,1.0,20.0,2.0,100.0,29.292994
2953.0,2.0,20.0,2.0,100.0,30.64151
2954.0,3.0,20.0,2.0,100.0,29.654089
2955.0,5.0,20.0,2.0,100.0,39.301888
2956.0,10.0,20.0,2.0,100.0,29.317568
2957.0,20.0,20.0,2.0,100.0,30.143835
2958.0,40.0,20.0,2.0,100.0,29.24812
2959.0,49.0,20.0,2.0,100.0,28.89313
2960.0,0.0,20.0,2.0,100.0,29.503145
2961.0,0.5,20.0,2.0,100.0,29.188679
2962.0,1.0,20.0,2.0,100.0,28.89172
2963.0,2.0,20.0,2.0,100.0,27.592106
2964.0,3.0,20.0,2.0,100.0,28.909678
2965.0,5.0,20.0,2.0,100.0,41.066666
2966.0,10.0,20.0,2.0,100.0,29.529032
2967.0,20.0,20.0,2.0,100.0,27.294521
2968.0,40.0,20.0,2.0,100.0,29.364286
2969.0,49.0,20.0,2.0,100.0,28.712
2970.0,0.0,20.0,2.0,100.0,29.270441
2971.0,0.5,20.0,2.0,100.0,30.075
2972.0,1.0,20.0,2.0,100.0,29.352201
2973.0,2.0,20.0,2.0,100.0,45.4492
2974.0,3.0,20.0,2.0,100.0,29.89172
2975.0,5.0,20.0,2.0,100.0,29.084967
2976.0,10.0,20.0,2.0,100.0,29.928104
2977.0,20.0,20.0,2.0,100.0,51.2783
2978.0,40.0,20.0,2.0,100.0,28.713236
2979.0,49.0,20.0,2.0,100.0,30.992481
2980.0,0.0,20.0,2.0,100.0,28.22436
2981.0,0.5,20.0,2.0,100.0,27.987179
2982.0,1.0,20.0,2.0,100.0,27.852564
2983.0,2.0,20.0,2.0,100.0,32.630436
2984.0,3.0,20.0,2.0,100.0,29.715189
2985.0,5.0,20.0,2.0,100.0,28.431372
2986.0,10.0,20.0,2.0,100.0,22.798164
2987.0,20.0,20.0,2.0,100.0,29.267124
2988.0,40.0,20.0,2.0,100.0,27.335766
2989.0,49.0,20.0,2.0,100.0,30.015152
2990.0,0.0,20.0,2.0,100.0,29.37736
2991.0,0.5,20.0,2.0,100.0,29.202532
2992.0,1.0,20.0,2.0,100.0,42.46821
2993.0,2.0,20.0,2.0,100.0,29.114649
2994.0,3.0,20.0,2.0,100.0,30.251572
2995.0,5.0,20.0,2.0,100.0,28.76923
2996.0,10.0,20.0,2.0,100.0,28.88961
2997.0,20.0,20.0,2.0,100.0,29.092106
2998.0,40.0,20.0,2.0,100.0,55.311474
2999.0,49.0,20.0,2.0,100.0,29.70229
3000.0,0.0,20.0,2.0,100.0,30.1125
3001.0,0.5,20.0,2.0,100.0,28.159235
3002.0,1.0,20.0,2.0,100.0,28.4586
3003.0,2.0,20.0,2.0,100.0,29.746836
3004.0,3.0,20.0,2.0,100.0,15.707692
3005.0,5.0,20.0,2.0,100.0,21.21875
3006.0,10.0,20.0,2.0,100.0,29.896774
3007.0,20.0,20.0,2.0,100.0,28.87218
3008.0,40.0,20.0,2.0,100.0,29.521128
3009.0,49.0,20.0,2.0,100.0,17.5
3010.0,0.0,20.0,2.0,100.0,29.158228
3011.0,0.5,20.0,2.0,100.0,47.203884
3012.0,1.0,20.0,2.0,100.0,30.30625
3013.0,2.0,20.0,2.0,100.0,30.150944
3014.0,3.0,20.0,2.0,100.0,56.407726
3015.0,5.0,20.0,2.0,100.0,29.078432
3016.0,10.0,20.0,2.0,100.0,27.728477
3017.0,20.0,20.0,2.0,100.0,29.655628
3018.0,40.0,20.0,2.0,100.0,27.635036
3019.0,49.0,20.0,2.0,100.0,28.548872
3020.0,0.0,20.0,2.0,100.0,29.506329
3021.0,0.5,20.0,2.0,100.0,29.170887
3022.0,1.0,20.0,2.0,100.0,27.72258
3023.0,2.0,20.0,2.0,100.0,29.396227
3024.0,3.0,20.0,2.0,100.0,29.273886
3025.0,5.0,20.0,2.0,100.0,29.544872
3026.0,10.0,20.0,2.0,100.0,29.493507
3027.0,20.0,20.0,2.0,100.0,29.085106
3028.0,40.0,20.0,2.0,100.0,28.366413
3029.0,49.0,20.0,2.0,100.0,28.584616
3030.0,0.0,20.0,2.0,100.0,29.44654
3031.0,0.5,20.0,2.0,100.0,40.416245
3032.0,1.0,20.0,2.0,100.0,28.692308
3033.0,2.0,20.0,2.0,100.0,29.248407
3034.0,3.0,20.0,2.0,100.0,29.943396
3035.0,5.0,20.0,2.0,100.0,29.303226
3036.0,10.0,20.0,2.0,100.0,29.463575
3037.0,20.0,20.0,2.0,100.0,30.503448
3038.0,40.0,20.0,2.0,100.0,28.404411
3039.0,49.0,20.0,2.0,100.0,27.353384
3040.0,0.0,20.0,2.0,100.0,29.44654
3041.0,0.5,20.0,2.0,100.0,53.036366
3042.0,1.0,20.0,2.0,100.0,42.91623
3043.0,2.0,20.0,2.0,100.0,29.238995
3044.0,3.0,20.0,2.0,100.0,28.187098
3045.0,5.0,20.0,2.0,100.0,29.858974
3046.0,10.0,20.0,2.0,100.0,19.274809
3047.0,20.0,20.0,2.0,100.0,29.317568
3048.0,40.0,20.0,2.0,100.0,29.158274
3049.0,49.0,20.0,2.0,100.0,28.763779
3050.0,0.0,20.0,2.0,100.0,54.166668
3051.0,0.5,20.0,2.0,100.0,44.5
3052.0,1.0,20.0,2.0,100.0,28.898088
3053.0,2.0,20.0,2.0,100.0,28.577923
3054.0,3.0,20.0,2.0,100.0,29.237179
3055.0,5.0,20.0,2.0,100.0,29.270967
3056.0,10.0,20.0,2.0,100.0,29.033113
3057.0,20.0,20.0,2.0,100.0,30.472973
3058.0,40.0,20.0,2.0,100.0,28.977272
3059.0,49.0,20.0,2.0,100.0,16.558332
3060.0,0.0,20.0,2.0,100.0,34.139534
3061.0,0.5,20.0,2.0,100.0,28.898735
3062.0,1.0,20.0,2.0,100.0,27.878204
3063.0,2.0,20.0,2.0,100.0,29.184713
3064.0,3.0,20.0,2.0,100.0,28.942675
3065.0,5.0,20.0,2.0,100.0,29.447369
3066.0,10.0,20.0,2.0,100.0,30.788462
3067.0,20.0,20.0,2.0,100.0,29.32639
3068.0,40.0,20.0,2.0,100.0,34.26154
3069.0,49.0,20.0,2.0,100.0,29.832062
3070.0,0.0,20.0,2.0,100.0,27.825806
3071.0,0.5,20.0,2.0,100.0,30.409939
3072.0,1.0,20.0,2.0,100.0,29.150944
3073.0,2.0,20.0,2.0,100.0,30.52174
3074.0,3.0,20.0,2.0,100.0,51.444443
3075.0,5.0,20.0,2.0,100.0,29.346153
3076.0,10.0,20.0,2.0,100.0,29.646667
3077.0,20.0,20.0,2.0,100.0,28.450705
3078.0,40.0,20.0,2.0,100.0,29.359156
3079.0,49.0,20.0,2.0,100.0,32.136986
3080.0,0.0,20.0,2.0,100.0,29.341772
3081.0,0.5,20.0,2.0,100.0,30.220125
3082.0,1.0,20.0,2.0,100.0,28.873417
3083.0,2.0,20.0,2.0,100.0,29.392405
3084.0,3.0,20.0,2.0,100.0,28.886076
3085.0,5.0,20.0,2.0,100.0,29.51923
3086.0,10.0,20.0,2.0,100.0,28.193333
3087.0,20.0,20.0,2.0,100.0,41.150684
3088.0,40.0,20.0,2.0,100.0,28.955555
3089.0,49.0,20.0,2.0,100.0,28.914062
3090.0,0.0,20.0,2.0,100.0,29.584906
3091.0,0.5,20.0,2.0,100.0,52.88987
3092.0,1.0,20.0,2.0,100.0,29.13924
3093.0,2.0,20.0,2.0,100.0,43.06111
3094.0,3.0,20.0,2.0,100.0,29.66242
3095.0,5.0,20.0,2.0,100.0,44.955307
3096.0,10.0,20.0,2.0,100.0,25.263159
3097.0,20.0,20.0,2.0,100.0,28.172413
3098.0,40.0,20.0,2.0,100.0,29.533333
3099.0,49.0,20.0,2.0,100.0,28.569231
3100.0,0.0,20.0,2.0,100.0,30.298136
3101.0,0.5,20.0,2.0,100.0,28.930819
3102.0,1.0,20.0,2.0,100.0,29.925
3103.0,2.0,20.0,2.0,100.0,29.164557
3104.0,3.0,20.0,2.0,100.0,28.872612
3105.0,5.0,20.0,2.0,100.0,20.585365
3106.0,10.0,20.0,2.0,100.0,29.0
3107.0,20.0,20.0,2.0,100.0,29.99359
3108.0,40.0,20.0,2.0,100.0,27.661764
3109.0,49.0,20.0,2.0,100.0,28.504
3110.0,0.0,20.0,2.0,100.0,27.679487
3111.0,0.5,20.0,2.0,100.0,35.829933
3112.0,1.0,20.0,2.0,100.0,28.91772
3113.0,2.0,20.0,2.0,100.0,29.158228
3114.0,3.0,20.0,2.0,100.0,55.868313
3115.0,5.0,20.0,2.0,100.0,34.922157
3116.0,10.0,20.0,2.0,100.0,28.912163
3117.0,20.0,20.0,2.0,100.0,24.650793
3118.0,40.0,20.0,2.0,100.0,28.887218
3119.0,49.0,20.0,2.0,100.0,38.006897
3120.0,0.0,20.0,2.0,100.0,52.663593
3121.0,0.5,20.0,2.0,100.0,29.1519
3122.0,1.0,20.0,2.0,100.0,29.471699
3123.0,2.0,20.0,2.0,100.0,29.98125
3124.0,3.0,20.0,2.0,100.0,29.012821
3125.0,5.0,20.0,2.0,100.0,37.317204
3126.0,10.0,20.0,2.0,100.0,28.62
3127.0,20.0,20.0,2.0,100.0,23.589928
3128.0,40.0,20.0,2.0,100.0,28.691729
3129.0,49.0,20.0,2.0,100.0,29.564886
3130.0,0.0,20.0,2.0,100.0,30.397516
3131.0,0.5,20.0,2.0,100.0,28.573248
3132.0,1.0,20.0,2.0,100.0,28.751593
3133.0,2.0,20.0,2.0,100.0,29.93125
3134.0,3.0,20.0,2.0,100.0,58.536587
3135.0,5.0,20.0,2.0,100.0,29.980644
3136.0,10.0,20.0,2.0,100.0,29.342281
3137.0,20.0,20.0,2.0,100.0,26.276423
3138.0,40.0,20.0,2.0,100.0,38.904457
3139.0,49.0,20.0,2.0,100.0,30.097015
3140.0,0.0,20.0,2.0,100.0,29.09434
3141.0,0.5,20.0,2.0,100.0,29.240507
3142.0,1.0,20.0,2.0,100.0,28.560509
3143.0,2.0,20.0,2.0,100.0,29.509678
3144.0,3.0,20.0,2.0,100.0,29.668789
3145.0,5.0,20.0,2.0,100.0,29.792208
3146.0,10.0,20.0,2.0,100.0,28.993334
3147.0,20.0,20.0,2.0,100.0,28.364864
3148.0,40.0,20.0,2.0,100.0,28.015266
3149.0,49.0,20.0,2.0,100.0,30.04878
3150.0,0.0,20.0,2.0,100.0,29.056963
3151.0,0.5,20.0,2.0,100.0,29.81875
3152.0,1.0,20.0,2.0,100.0,29.496855
3153.0,2.0,20.0,2.0,100.0,29.369427
3154.0,3.0,20.0,2.0,100.0,28.713375
3155.0,5.0,20.0,2.0,100.0,28.01948
3156.0,10.0,20.0,2.0,100.0,28.85906
3157.0,20.0,20.0,2.0,100.0,29.10135
3158.0,40.0,20.0,2.0,100.0,28.804688
3159.0,49.0,20.0,2.0,100.0,29.636364
3160.0,0.0,20.0,2.0,100.0,28.152866
3161.0,0.5,20.0,2.0,100.0,29.616352
3162.0,1.0,20.0,2.0,100.0,29.056963
3163.0,2.0,20.0,2.0,100.0,29.193548
3164.0,3.0,20.0,2.0,100.0,29.773584
3165.0,5.0,20.0,2.0,100.0,29.726114
3166.0,10.0,20.0,2.0,100.0,29.694805
3167.0,20.0,20.0,2.0,100.0,30.966217
3168.0,40.0,20.0,2.0,100.0,41.821655
3169.0,49.0,20.0,2.0,100.0,28.438461
3170.0,0.0,20.0,2.0,100.0,33.117645
3171.0,0.5,20.0,2.0,100.0,29.742138
3172.0,1.0,20.0,2.0,100.0,47.038834
3173.0,2.0,20.0,2.0,100.0,28.339743
3174.0,3.0,20.0,2.0,100.0,29.893082
3175.0,5.0,20.0,2.0,100.0,40.962162
3176.0,10.0,20.0,2.0,100.0,29.052288
3177.0,20.0,20.0,2.0,100.0,44.877907
3178.0,40.0,20.0,2.0,100.0,28.746376
3179.0,49.0,20.0,2.0,100.0,27.887218
3180.0,0.0,20.0,2.0,100.0,29.308176
3181.0,0.5,20.0,2.0,100.0,29.408806
3182.0,1.0,20.0,2.0,100.0,30.120253
3183.0,2.0,20.0,2.0,100.0,29.475
3184.0,3.0,20.0,2.0,100.0,28.883871
3185.0,5.0,20.0,2.0,100.0,29.56688
3186.0,10.0,20.0,2.0,100.0,29.545454
3187.0,20.0,20.0,2.0,100.0,22.059322
3188.0,40.0,20.0,2.0,100.0,27.611511
3189.0,49.0,20.0,2.0,100.0,29.18797
3190.0,0.0,20.0,2.0,100.0,28.981133
3191.0,0.5,20.0,2.0,100.0,28.968355
3192.0,1.0,20.0,2.0,100.0,56.7438
3193.0,2.0,20.0,2.0,100.0,29.658228
3194.0,3.0,20.0,2.0,100.0,29.401274
3195.0,5.0,20.0,2.0,100.0,28.762821
3196.0,10.0,20.0,2.0,100.0,30.096775
3197.0,20.0,20.0,2.0,100.0,30.216784
3198.0,40.0,20.0,2.0,100.0,29.220589
3199.0,49.0,20.0,2.0,100.0,31.108696
3200.0,0.0,20.0,2.0,100.0,29.424051
3201.0,0.5,20.0,2.0,100.0,35.722828
3202.0,1.0,20.0,2.0,100.0,29.710691
3203.0,2.0,20.0,2.0,100.0,29.7875
3204.0,3.0,20.0,2.0,100.0,51.804764
3205.0,5.0,20.0,2.0,100.0,29.620914
3206.0,10.0,20.0,2.0,100.0,30.166666
3207.0,20.0,20.0,2.0,100.0,29.65035
3208.0,40.0,20.0,2.0,100.0,28.903704
3209.0,49.0,20.0,2.0,100.0,31.166666
3210.0,0.0,20.0,2.0,100.0,28.063694
3211.0,0.5,20.0,2.0,100.0,44.783253
3212.0,1.0,20.0,2.0,100.0,29.56688
3213.0,2.0,20.0,2.0,100.0,29.150944
3214.0,3.0,20.0,2.0,100.0,28.98726
3215.0,5.0,20.0,2.0,100.0,28.915585
3216.0,10.0,20.0,2.0,100.0,30.72
3217.0,20.0,20.0,2.0,100.0,30.16084
3218.0,40.0,20.0,2.0,100.0,28.203007
3219.0,49.0,20.0,2.0,100.0,26.465649
3220.0,0.0,20.0,2.0,100.0,28.797468
3221.0,0.5,20.0,2.0,100.0,28.43312
3222.0,1.0,20.0,2.0,100.0,29.993631
3223.0,2.0,20.0,2.0,100.0,28.045162
3224.0,3.0,20.0,2.0,100.0,29.164557
3225.0,5.0,20.0,2.0,100.0,27.398602
3226.0,10.0,20.0,2.0,100.0,29.961784
3227.0,20.0,20.0,2.0,100.0,28.554054
3228.0,40.0,20.0,2.0,100.0,27.555555
3229.0,49.0,20.0,2.0,100.0,18.922482
3230.0,0.0,20.0,2.0,100.0,28.93038
3231.0,0.5,20.0,2.0,100.0,28.56688
3232.0,1.0,20.0,2.0,100.0,28.152866
3233.0,2.0,20.0,2.0,100.0,29.141026
3234.0,3.0,20.0,2.0,100.0,39.5697
3235.0,5.0,20.0,2.0,100.0,30.164557
3236.0,10.0,20.0,2.0,100.0,29.73077
3237.0,20.0,20.0,2.0,100.0,31.649351
3238.0,40.0,20.0,2.0,100.0,31.992958
3239.0,49.0,20.0,2.0,100.0,28.871212
3240.0,0.0,20.0,2.0,100.0,29.44654
3241.0,0.5,20.0,2.0,100.0,29.245283
3242.0,1.0,20.0,2.0,100.0,28.371796
3243.0,2.0,20.0,2.0,100.0,29.025806
3244.0,3.0,20.0,2.0,100.0,28.585987
3245.0,5.0,20.0,2.0,100.0,29.578617
3246.0,10.0,20.0,2.0,100.0,28.246666
3247.0,20.0,20.0,2.0,100.0,28.67361
3248.0,40.0,20.0,2.0,100.0,29.916666
3249.0,49.0,20.0,2.0,100.0,27.832062
3250.0,0.0,20.0,2.0,100.0,28.58228
3251.0,0.5,20.0,2.0,100.0,28.828026
3252.0,1.0,20.0,2.0,100.0,28.885351
3253.0,2.0,20.0,2.0,100.0,29.578617
3254.0,3.0,20.0,2.0,100.0,29.63924
3255.0,5.0,20.0,2.0,100.0,29.01948
3256.0,10.0,20.0,2.0,100.0,28.133333
3257.0,20.0,20.0,2.0,100.0,36.267124
3258.0,40.0,20.0,2.0,100.0,29.05
3259.0,49.0,20.0,2.0,100.0,21.443478
3260.0,0.0,20.0,2.0,100.0,28.273886
3261.0,0.5,20.0,2.0,100.0,29.063694
3262.0,1.0,20.0,2.0,100.0,28.219355
3263.0,2.0,20.0,2.0,100.0,28.0
3264.0,3.0,20.0,2.0,100.0,27.967533
3265.0,5.0,20.0,2.0,100.0,29.403847
3266.0,10.0,20.0,2.0,100.0,28.805195
3267.0,20.0,20.0,2.0,100.0,30.324503
3268.0,40.0,20.0,2.0,100.0,28.47015
3269.0,49.0,20.0,2.0,100.0,37.32143
3270.0,0.0,20.0,2.0,100.0,29.050955
3271.0,0.5,20.0,2.0,100.0,29.113924
3272.0,1.0,20.0,2.0,100.0,28.579618
3273.0,2.0,20.0,2.0,100.0,28.802547
3274.0,3.0,20.0,2.0,100.0,29.006369
3275.0,5.0,20.0,2.0,100.0,28.314102
3276.0,10.0,20.0,2.0,100.0,29.846153
3277.0,20.0,20.0,2.0,100.0,28.72973
3278.0,40.0,20.0,2.0,100.0,34.331036
3279.0,49.0,20.0,2.0,100.0,30.538462
3280.0,0.0,20.0,2.0,100.0,28.981012
3281.0,0.5,20.0,2.0,100.0,27.72258
3282.0,1.0,20.0,2.0,100.0,28.8481
3283.0,2.0,20.0,2.0,100.0,28.698717
3284.0,3.0,20.0,2.0,100.0,28.49359
3285.0,5.0,20.0,2.0,100.0,33.442528
3286.0,10.0,20.0,2.0,100.0,29.072369
3287.0,20.0,20.0,2.0,100.0,29.917242
3288.0,40.0,20.0,2.0,100.0,28.779411
3289.0,49.0,20.0,2.0,100.0,34.23077
3290.0,0.0,20.0,2.0,100.0,29.389936
3291.0,0.5,20.0,2.0,100.0,29.773584
3292.0,1.0,20.0,2.0,100.0,31.061728
3293.0,2.0,20.0,2.0,100.0,29.346153
3294.0,3.0,20.0,2.0,100.0,29.578617
3295.0,5.0,20.0,2.0,100.0,28.551283
3296.0,10.0,20.0,2.0,100.0,49.091347
3297.0,20.0,20.0,2.0,100.0,29.020689
3298.0,40.0,20.0,2.0,100.0,30.074627
3299.0,49.0,20.0,2.0,100.0,25.882812
3300.0,0.0,20.0,2.0,100.0,29.528301
3301.0,0.5,20.0,2.0,100.0,29.625
3302.0,1.0,20.0,2.0,100.0,28.579618
3303.0,2.0,20.0,2.0,100.0,29.654089
3304.0,3.0,20.0,2.0,100.0,29.392405
3305.0,5.0,20.0,2.0,100.0,29.309677
3306.0,10.0,20.0,2.0,100.0,28.664429
3307.0,20.0,20.0,2.0,100.0,23.017544
3308.0,40.0,20.0,2.0,100.0,28.345589
3309.0,49.0,20.0,2.0,100.0,28.793652
3310.0,0.0,20.0,2.0,100.0,48.512955
3311.0,0.5,20.0,2.0,100.0,28.307692
3312.0,1.0,20.0,2.0,100.0,29.522013
3313.0,2.0,20.0,2.0,100.0,28.27922
3314.0,3.0,20.0,2.0,100.0,28.833334
3315.0,5.0,20.0,2.0,100.0,29.0
3316.0,10.0,20.0,2.0,100.0,28.66883
3317.0,20.0,20.0,2.0,100.0,35.222973
3318.0,40.0,20.0,2.0,100.0,44.135296
3319.0,49.0,20.0,2.0,100.0,30.25
3320.0,0.0,20.0,2.0,100.0,28.955414
3321.0,0.5,20.0,2.0,100.0,28.471338
3322.0,1.0,20.0,2.0,100.0,28.700638
3323.0,2.0,20.0,2.0,100.0,28.387096
3324.0,3.0,20.0,2.0,100.0,29.339743
3325.0,5.0,20.0,2.0,100.0,29.019356
3326.0,10.0,20.0,2.0,100.0,41.456852
3327.0,20.0,20.0,2.0,100.0,29.405405
3328.0,40.0,20.0,2.0,100.0,25.734375
3329.0,49.0,20.0,2.0,100.0,27.811476
3330.0,0.0,20.0,2.0,100.0,28.77848
3331.0,0.5,20.0,2.0,100.0,28.506329
3332.0,1.0,20.0,2.0,100.0,28.705128
3333.0,2.0,20.0,2.0,100.0,34.47486
3334.0,3.0,20.0,2.0,100.0,28.683544
3335.0,5.0,20.0,2.0,100.0,29.56688
3336.0,10.0,20.0,2.0,100.0,28.650684
3337.0,20.0,20.0,2.0,100.0,28.979311
3338.0,40.0,20.0,2.0,100.0,28.562044
3339.0,49.0,20.0,2.0,100.0,27.467741
3340.0,0.0,20.0,2.0,100.0,28.0
3341.0,0.5,20.0,2.0,100.0,28.378204
3342.0,1.0,20.0,2.0,100.0,28.619354
3343.0,2.0,20.0,2.0,100.0,28.854431
3344.0,3.0,20.0,2.0,100.0,28.299362
3345.0,5.0,20.0,2.0,100.0,30.331211
3346.0,10.0,20.0,2.0,100.0,28.448051
3347.0,20.0,20.0,2.0,100.0,29.132868
3348.0,40.0,20.0,2.0,100.0,27.496296
3349.0,49.0,20.0,2.0,100.0,28.08397
3350.0,0.0,20.0,2.0,100.0,29.69375
3351.0,0.5,20.0,2.0,100.0,29.603773
3352.0,1.0,20.0,2.0,100.0,30.295597
3353.0,2.0,20.0,2.0,100.0,27.814102
3354.0,3.0,20.0,2.0,100.0,29.147436
3355.0,5.0,20.0,2.0,100.0,28.503185
3356.0,10.0,20.0,2.0,100.0,29.92258
3357.0,20.0,20.0,2.0,100.0,28.705479
3358.0,40.0,20.0,2.0,100.0,29.412588
3359.0,49.0,20.0,2.0,100.0,30.212122
3360.0,0.0,20.0,2.0,100.0,30.11875
3361.0,0.5,20.0,2.0,100.0,30.136646
3362.0,1.0,20.0,2.0,100.0,29.234177
3363.0,2.0,20.0,2.0,100.0,28.25641
3364.0,3.0,20.0,2.0,100.0,29.299362
3365.0,5.0,20.0,2.0,100.0,30.163523
3366.0,10.0,20.0,2.0,100.0,21.448818
3367.0,20.0,20.0,2.0,100.0,30.273973
3368.0,40.0,20.0,2.0,100.0,27.316902
3369.0,49.0,20.0,2.0,100.0,28.91603
3370.0,0.0,20.0,2.0,100.0,29.08805
3371.0,0.5,20.0,2.0,100.0,29.044304
3372.0,1.0,20.0,2.0,100.0,28.602564
3373.0,2.0,20.0,2.0,100.0,30.21875
3374.0,3.0,20.0,2.0,100.0,28.662338
3375.0,5.0,20.0,2.0,100.0,29.27848
3376.0,10.0,20.0,2.0,100.0,17.134329
3377.0,20.0,20.0,2.0,100.0,28.475863
3378.0,40.0,20.0,2.0,100.0,28.338346
3379.0,49.0,20.0,2.0,100.0,29.833334
3380.0,0.0,20.0,2.0,100.0,29.80625
3381.0,0.5,20.0,2.0,100.0,41.12088
3382.0,1.0,20.0,2.0,100.0,29.367088
3383.0,2.0,20.0,2.0,100.0,28.647436
3384.0,3.0,20.0,2.0,100.0,29.439491
3385.0,5.0,20.0,2.0,100.0,28.681818
3386.0,10.0,20.0,2.0,100.0,29.5
3387.0,20.0,20.0,2.0,100.0,27.765518
3388.0,40.0,20.0,2.0,100.0,20.718447
3389.0,49.0,20.0,2.0,100.0,30.725191
3390.0,0.0,20.0,2.0,100.0,28.886076
3391.0,0.5,20.0,2.0,100.0,28.949368
3392.0,1.0,20.0,2.0,100.0,29.41772
3393.0,2.0,20.0,2.0,100.0,28.356688
3394.0,3.0,20.0,2.0,100.0,29.120253
3395.0,5.0,20.0,2.0,100.0,29.101265
3396.0,10.0,20.0,2.0,100.0,29.986929
3397.0,20.0,20.0,2.0,100.0,29.097403
3398.0,40.0,20.0,2.0,100.0,29.1
3399.0,49.0,20.0,2.0,100.0,29.699247
3400.0,0.0,20.0,2.0,100.0,30.608696
3401.0,0.5,20.0,2.0,100.0,29.232704
3402.0,1.0,20.0,2.0,100.0,29.314465
3403.0,2.0,20.0,2.0,100.0,29.303797
3404.0,3.0,20.0,2.0,100.0,29.484076
3405.0,5.0,20.0,2.0,100.0,25.708956
3406.0,10.0,20.0,2.0,100.0,29.662163
3407.0,20.0,20.0,2.0,100.0,28.574324
3408.0,40.0,20.0,2.0,100.0,32.520832
3409.0,49.0,20.0,2.0,100.0,29.27559
3410.0,0.0,20.0,2.0,100.0,28.33758
3411.0,0.5,20.0,2.0,100.0,30.106918
3412.0,1.0,20.0,2.0,100.0,30.590061
3413.0,2.0,20.0,2.0,100.0,29.159235
3414.0,3.0,20.0,2.0,100.0,28.455128
3415.0,5.0,20.0,2.0,100.0,29.546053
3416.0,10.0,20.0,2.0,100.0,19.47619
3417.0,20.0,20.0,2.0,100.0,29.628378
3418.0,40.0,20.0,2.0,100.0,29.0
3419.0,49.0,20.0,2.0,100.0,29.145039
3420.0,0.0,20.0,2.0,100.0,29.69375
3421.0,0.5,20.0,2.0,100.0,28.575949
3422.0,1.0,20.0,2.0,100.0,28.865385
3423.0,2.0,20.0,2.0,100.0,29.531645
3424.0,3.0,20.0,2.0,100.0,29.668789
3425.0,5.0,20.0,2.0,100.0,27.993422
3426.0,10.0,20.0,2.0,100.0,28.909678
3427.0,20.0,20.0,2.0,100.0,30.172186
3428.0,40.0,20.0,2.0,100.0,29.492308
3429.0,49.0,20.0,2.0,100.0,30.503876
3430.0,0.0,20.0,2.0,100.0,28.822784
3431.0,0.5,20.0,2.0,100.0,28.56688
3432.0,1.0,20.0,2.0,100.0,29.188679
3433.0,2.0,20.0,2.0,100.0,40.59487
3434.0,3.0,20.0,2.0,100.0,28.429487
3435.0,5.0,20.0,2.0,100.0,29.535948
3436.0,10.0,20.0,2.0,100.0,29.275167
3437.0,20.0,20.0,2.0,100.0,29.802721
3438.0,40.0,20.0,2.0,100.0,29.15108
3439.0,49.0,20.0,2.0,100.0,29.487804
3440.0,0.0,20.0,2.0,100.0,28.753164
3441.0,0.5,20.0,2.0,100.0,28.707006
3442.0,1.0,20.0,2.0,100.0,44.957893
3443.0,2.0,20.0,2.0,100.0,28.702532
3444.0,3.0,20.0,2.0,100.0,29.775
3445.0,5.0,20.0,2.0,100.0,29.267973
3446.0,10.0,20.0,2.0,100.0,28.850649
3447.0,20.0,20.0,2.0,100.0,29.344595
3448.0,40.0,20.0,2.0,100.0,22.97479
3449.0,49.0,20.0,2.0,100.0,29.736435
3450.0,0.0,20.0,2.0,100.0,58.22267
3451.0,0.5,20.0,2.0,100.0,45.284973
3452.0,1.0,20.0,2.0,100.0,29.333334
3453.0,2.0,20.0,2.0,100.0,29.26923
3454.0,3.0,20.0,2.0,100.0,29.628931
3455.0,5.0,20.0,2.0,100.0,29.00641
3456.0,10.0,20.0,2.0,100.0,29.294117
3457.0,20.0,20.0,2.0,100.0,28.905405
3458.0,40.0,20.0,2.0,100.0,27.8
3459.0,49.0,20.0,2.0,100.0,36.075756
3460.0,0.0,20.0,2.0,100.0,28.949368
3461.0,0.5,20.0,2.0,100.0,30.3125
3462.0,1.0,20.0,2.0,100.0,28.636942
3463.0,2.0,20.0,2.0,100.0,29.83125
3464.0,3.0,20.0,2.0,100.0,29.202532
3465.0,5.0,20.0,2.0,100.0,28.705128
3466.0,10.0,20.0,2.0,100.0,29.942308
3467.0,20.0,20.0,2.0,100.0,51.18033
3468.0,40.0,20.0,2.0,100.0,28.346775
3469.0,49.0,20.0,2.0,100.0,27.96
3470.0,0.0,20.0,2.0,100.0,41.361584
3471.0,0.5,20.0,2.0,100.0,28.75
3472.0,1.0,20.0,2.0,100.0,29.301888
3473.0,2.0,20.0,2.0,100.0,28.668789
3474.0,3.0,20.0,2.0,100.0,28.832258
3475.0,5.0,20.0,2.0,100.0,30.132076
3476.0,10.0,20.0,2.0,100.0,29.480263
3477.0,20.0,20.0,2.0,100.0,30.162163
3478.0,40.0,20.0,2.0,100.0,29.357664
3479.0,49.0,20.0,2.0,100.0,28.733871
3480.0,0.0,20.0,2.0,100.0,52.07895
3481.0,0.5,20.0,2.0,100.0,28.573248
3482.0,1.0,20.0,2.0,100.0,29.318472
3483.0,2.0,20.0,2.0,100.0,47.727272
3484.0,3.0,20.0,2.0,100.0,28.656052
3485.0,5.0,20.0,2.0,100.0,29.063694
3486.0,10.0,20.0,2.0,100.0,28.72549
3487.0,20.0,20.0,2.0,100.0,55.04327
3488.0,40.0,20.0,2.0,100.0,29.014814
3489.0,49.0,20.0,2.0,100.0,29.323309
3490.0,0.0,20.0,2.0,100.0,29.449368
3491.0,0.5,20.0,2.0,100.0,30.006289
3492.0,1.0,20.0,2.0,100.0,28.962265
3493.0,2.0,20.0,2.0,100.0,28.92258
3494.0,3.0,20.0,2.0,100.0,28.784811
3495.0,5.0,20.0,2.0,100.0,29.733334
3496.0,10.0,20.0,2.0,100.0,29.157894
3497.0,20.0,20.0,2.0,100.0,30.832214
3498.0,40.0,20.0,2.0,100.0,29.210526
3499.0,49.0,20.0,2.0,100.0,29.468254
3500.0,0.0,20.0,2.0,100.0,29.075949
3501.0,0.5,20.0,2.0,100.0,29.584906
3502.0,1.0,20.0,2.0,100.0,29.101265
3503.0,2.0,20.0,2.0,100.0,29.925467
3504.0,3.0,20.0,2.0,100.0,28.344156
3505.0,5.0,20.0,2.0,100.0,29.597485
3506.0,10.0,20.0,2.0,100.0,28.986755
3507.0,20.0,20.0,2.0,100.0,29.16
3508.0,40.0,20.0,2.0,100.0,28.834532
3509.0,49.0,20.0,2.0,100.0,28.32558
3510.0,0.0,20.0,2.0,100.0,28.886793
3511.0,0.5,20.0,2.0,100.0,28.726114
3512.0,1.0,20.0,2.0,100.0,38.726803
3513.0,2.0,20.0,2.0,100.0,29.465408
3514.0,3.0,20.0,2.0,100.0,29.745222
3515.0,5.0,20.0,2.0,100.0,28.935484
3516.0,10.0,20.0,2.0,100.0,29.08
3517.0,20.0,20.0,2.0,100.0,29.18792
3518.0,40.0,20.0,2.0,100.0,29.873135
3519.0,49.0,20.0,2.0,100.0,29.47826
3520.0,0.0,20.0,2.0,100.0,52.592106
3521.0,0.5,20.0,2.0,100.0,29.402515
3522.0,1.0,20.0,2.0,100.0,28.821655
3523.0,2.0,20.0,2.0,100.0,17.664179
3524.0,3.0,20.0,2.0,100.0,28.647058
3525.0,5.0,20.0,2.0,100.0,28.633987
3526.0,10.0,20.0,2.0,100.0,37.791668
3527.0,20.0,20.0,2.0,100.0,22.853659
3528.0,40.0,20.0,2.0,100.0,29.222221
3529.0,49.0,20.0,2.0,100.0,27.3125
3530.0,0.0,20.0,2.0,100.0,29.660378
3531.0,0.5,20.0,2.0,100.0,28.873417
3532.0,1.0,20.0,2.0,100.0,28.551283
3533.0,2.0,20.0,2.0,100.0,44.255207
3534.0,3.0,20.0,2.0,100.0,29.610064
3535.0,5.0,20.0,2.0,100.0,29.71613
3536.0,10.0,20.0,2.0,100.0,28.902779
3537.0,20.0,20.0,2.0,100.0,28.788733
3538.0,40.0,20.0,2.0,100.0,24.832062
3539.0,49.0,20.0,2.0,100.0,28.97619
3540.0,0.0,20.0,2.0,100.0,28.910828
3541.0,0.5,20.0,2.0,100.0,29.088608
3542.0,1.0,20.0,2.0,100.0,28.649681
3543.0,2.0,20.0,2.0,100.0,28.138159
3544.0,3.0,20.0,2.0,100.0,29.794872
3545.0,5.0,20.0,2.0,100.0,28.7351
3546.0,10.0,20.0,2.0,100.0,28.359478
3547.0,20.0,20.0,2.0,100.0,29.342657
3548.0,40.0,20.0,2.0,100.0,27.348484
3549.0,49.0,20.0,2.0,100.0,29.732824
3550.0,0.0,20.0,2.0,100.0,29.333334
3551.0,0.5,20.0,2.0,100.0,29.924528
3552.0,1.0,20.0,2.0,100.0,29.702532
3553.0,2.0,20.0,2.0,100.0,30.132912
3554.0,3.0,20.0,2.0,100.0,29.853502
3555.0,5.0,20.0,2.0,100.0,18.590164
3556.0,10.0,20.0,2.0,100.0,29.777779
3557.0,20.0,20.0,2.0,100.0,28.172186
3558.0,40.0,20.0,2.0,100.0,29.272058
3559.0,49.0,20.0,2.0,100.0,29.325926
3560.0,0.0,20.0,2.0,100.0,30.95679
3561.0,0.5,20.0,2.0,100.0,29.157232
3562.0,1.0,20.0,2.0,100.0,29.20886
3563.0,2.0,20.0,2.0,100.0,29.171974
3564.0,3.0,20.0,2.0,100.0,29.217949
3565.0,5.0,20.0,2.0,100.0,30.022223
3566.0,10.0,20.0,2.0,100.0,29.103226
3567.0,20.0,20.0,2.0,100.0,29.34965
3568.0,40.0,20.0,2.0,100.0,28.565891
3569.0,49.0,20.0,2.0,100.0,28.174242
3570.0,0.0,20.0,2.0,100.0,53.38326
3571.0,0.5,20.0,2.0,100.0,29.019108
3572.0,1.0,20.0,2.0,100.0,29.487179
3573.0,2.0,20.0,2.0,100.0,29.509434
3574.0,3.0,20.0,2.0,100.0,52.75814
3575.0,5.0,20.0,2.0,100.0,53.0
3576.0,10.0,20.0,2.0,100.0,30.444445
3577.0,20.0,20.0,2.0,100.0,24.0
3578.0,40.0,20.0,2.0,100.0,29.32624
3579.0,49.0,20.0,2.0,100.0,29.945736
3580.0,0.0,20.0,2.0,100.0,53.92857
3581.0,0.5,20.0,2.0,100.0,29.616352
3582.0,1.0,20.0,2.0,100.0,29.41772
3583.0,2.0,20.0,2.0,100.0,29.725
3584.0,3.0,20.0,2.0,100.0,29.164557
3585.0,5.0,20.0,2.0,100.0,28.193333
3586.0,10.0,20.0,2.0,100.0,31.045454
3587.0,20.0,20.0,2.0,100.0,29.127518
3588.0,40.0,20.0,2.0,100.0,35.748386
3589.0,49.0,20.0,2.0,100.0,28.153847
3590.0,0.0,20.0,2.0,100.0,29.503145
3591.0,0.5,20.0,2.0,100.0,27.580645
3592.0,1.0,20.0,2.0,100.0,55.05983
3593.0,2.0,20.0,2.0,100.0,29.949686
3594.0,3.0,20.0,2.0,100.0,29.187098
3595.0,5.0,20.0,2.0,100.0,29.070513
3596.0,10.0,20.0,2.0,100.0,38.346592
3597.0,20.0,20.0,2.0,100.0,38.68667
3598.0,40.0,20.0,2.0,100.0,28.97015
3599.0,49.0,20.0,2.0,100.0,28.81955
3600.0,0.0,20.0,2.0,100.0,28.292994
3601.0,0.5,20.0,2.0,100.0,29.474684
3602.0,1.0,20.0,2.0,100.0,29.050955
3603.0,2.0,20.0,2.0,100.0,29.41772
3604.0,3.0,20.0,2.0,100.0,29.603895
3605.0,5.0,20.0,2.0,100.0,50.98624
3606.0,10.0,20.0,2.0,100.0,29.828947
3607.0,20.0,20.0,2.0,100.0,29.953642
3608.0,40.0,20.0,2.0,100.0,30.059702
3609.0,49.0,20.0,2.0,100.0,24.652893
3610.0,0.0,20.0,2.0,100.0,29.440252
3611.0,0.5,20.0,2.0,100.0,28.535032
3612.0,1.0,20.0,2.0,100.0,28.516129
3613.0,2.0,20.0,2.0,100.0,56.454544
3614.0,3.0,20.0,2.0,100.0,19.366907
3615.0,5.0,20.0,2.0,100.0,29.883118
3616.0,10.0,20.0,2.0,100.0,29.574194
3617.0,20.0,20.0,2.0,100.0,28.952381
3618.0,40.0,20.0,2.0,100.0,28.102942
3619.0,49.0,20.0,2.0,100.0,28.546154
3620.0,0.0,20.0,2.0,100.0,30.68323
3621.0,0.5,20.0,2.0,100.0,28.448717
3622.0,1.0,20.0,2.0,100.0,29.490566
3623.0,2.0,20.0,2.0,100.0,28.032259
3624.0,3.0,20.0,2.0,100.0,28.839743
3625.0,5.0,20.0,2.0,100.0,49.015076
3626.0,10.0,20.0,2.0,100.0,29.870749
3627.0,20.0,20.0,2.0,100.0,28.244755
3628.0,40.0,20.0,2.0,100.0,27.954546
3629.0,49.0,20.0,2.0,100.0,29.553846
3630.0,0.0,20.0,2.0,100.0,29.559748
3631.0,0.5,20.0,2.0,100.0,28.51266
3632.0,1.0,20.0,2.0,100.0,29.506329
3633.0,2.0,20.0,2.0,100.0,28.735483
3634.0,3.0,20.0,2.0,100.0,30.050632
3635.0,5.0,20.0,2.0,100.0,28.052288
3636.0,10.0,20.0,2.0,100.0,22.764706
3637.0,20.0,20.0,2.0,100.0,29.284721
3638.0,40.0,20.0,2.0,100.0,29.398497
3639.0,49.0,20.0,2.0,100.0,29.289257
3640.0,0.0,20.0,2.0,100.0,29.556963
3641.0,0.5,20.0,2.0,100.0,29.75
3642.0,1.0,20.0,2.0,100.0,29.70886
3643.0,2.0,20.0,2.0,100.0,29.303797
3644.0,3.0,20.0,2.0,100.0,29.329033
3645.0,5.0,20.0,2.0,100.0,29.057325
3646.0,10.0,20.0,2.0,100.0,28.173334
3647.0,20.0,20.0,2.0,100.0,28.434483
3648.0,40.0,20.0,2.0,100.0,29.978102
3649.0,49.0,20.0,2.0,100.0,20.992188
3650.0,0.0,20.0,2.0,100.0,29.62264
3651.0,0.5,20.0,2.0,100.0,28.949686
3652.0,1.0,20.0,2.0,100.0,50.335
3653.0,2.0,20.0,2.0,100.0,31.42236
3654.0,3.0,20.0,2.0,100.0,54.570797
3655.0,5.0,20.0,2.0,100.0,28.796179
3656.0,10.0,20.0,2.0,100.0,29.006756
3657.0,20.0,20.0,2.0,100.0,29.944445
3658.0,40.0,20.0,2.0,100.0,28.514492
3659.0,49.0,20.0,2.0,100.0,29.571428
3660.0,0.0,20.0,2.0,100.0,28.56688
3661.0,0.5,20.0,2.0,100.0,29.140127
3662.0,1.0,20.0,2.0,100.0,29.859873
3663.0,2.0,20.0,2.0,100.0,29.658228
3664.0,3.0,20.0,2.0,100.0,29.320513
3665.0,5.0,20.0,2.0,100.0,29.305195
3666.0,10.0,20.0,2.0,100.0,28.06
3667.0,20.0,20.0,2.0,100.0,29.322147
3668.0,40.0,20.0,2.0,100.0,27.453846
3669.0,49.0,20.0,2.0,100.0,29.272728
3670.0,0.0,20.0,2.0,100.0,29.18239
3671.0,0.5,20.0,2.0,100.0,29.45912
3672.0,1.0,20.0,2.0,100.0,29.544304
3673.0,2.0,20.0,2.0,100.0,28.25
3674.0,3.0,20.0,2.0,100.0,29.464968
3675.0,5.0,20.0,2.0,100.0,28.884615
3676.0,10.0,20.0,2.0,100.0,29.655628
3677.0,20.0,20.0,2.0,100.0,18.178862
3678.0,40.0,20.0,2.0,100.0,29.38806
3679.0,49.0,20.0,2.0,100.0,28.976744
3680.0,0.0,20.0,2.0,100.0,30.229815
3681.0,0.5,20.0,2.0,100.0,49.10648
3682.0,1.0,20.0,2.0,100.0,29.3481
3683.0,2.0,20.0,2.0,100.0,29.36478
3684.0,3.0,20.0,2.0,100.0,28.746836
3685.0,5.0,20.0,2.0,100.0,29.12102
3686.0,10.0,20.0,2.0,100.0,29.091503
3687.0,20.0,20.0,2.0,100.0,30.225166
3688.0,40.0,20.0,2.0,100.0,34.21233
3689.0,49.0,20.0,2.0,100.0,25.650793
3690.0,0.0,20.0,2.0,100.0,29.106918
3691.0,0.5,20.0,2.0,100.0,49.859154
3692.0,1.0,20.0,2.0,100.0,29.044304
3693.0,2.0,20.0,2.0,100.0,29.08228
3694.0,3.0,20.0,2.0,100.0,29.690323
3695.0,5.0,20.0,2.0,100.0,30.385094
3696.0,10.0,20.0,2.0,100.0,29.72258
3697.0,20.0,20.0,2.0,100.0,23.475
3698.0,40.0,20.0,2.0,100.0,28.55303
3699.0,49.0,20.0,2.0,100.0,31.93617
3700.0,0.0,20.0,2.0,100.0,29.245283
3701.0,0.5,20.0,2.0,100.0,29.386076
3702.0,1.0,20.0,2.0,100.0,28.509554
3703.0,2.0,20.0,2.0,100.0,30.175
3704.0,3.0,20.0,2.0,100.0,30.217949
3705.0,5.0,20.0,2.0,100.0,29.198717
3706.0,10.0,20.0,2.0,100.0,29.35374
3707.0,20.0,20.0,2.0,100.0,28.68
3708.0,40.0,20.0,2.0,100.0,29.038462
3709.0,49.0,20.0,2.0,100.0,16.0
3710.0,0.0,20.0,2.0,100.0,28.649681
3711.0,0.5,20.0,2.0,100.0,30.74074
3712.0,1.0,20.0,2.0,100.0,28.471338
3713.0,2.0,20.0,2.0,100.0,28.948717
3714.0,3.0,20.0,2.0,100.0,29.556963
3715.0,5.0,20.0,2.0,100.0,39.75294
3716.0,10.0,20.0,2.0,100.0,28.026846
3717.0,20.0,20.0,2.0,100.0,29.687075
3718.0,40.0,20.0,2.0,100.0,28.845589
3719.0,49.0,20.0,2.0,100.0,42.87162
3720.0,0.0,20.0,2.0,100.0,54.425
3721.0,0.5,20.0,2.0,100.0,28.822784
3722.0,1.0,20.0,2.0,100.0,43.325844
3723.0,2.0,20.0,2.0,100.0,31.378881
3724.0,3.0,20.0,2.0,100.0,27.766233
3725.0,5.0,20.0,2.0,100.0,29.547771
3726.0,10.0,20.0,2.0,100.0,30.0
3727.0,20.0,20.0,2.0,100.0,28.909721
3728.0,40.0,20.0,2.0,100.0,29.363636
3729.0,49.0,20.0,2.0,100.0,32.391304
3730.0,0.0,20.0,2.0,100.0,29.327044
3731.0,0.5,20.0,2.0,100.0,28.598726
3732.0,1.0,20.0,2.0,100.0,27.72258
3733.0,2.0,20.0,2.0,100.0,43.742424
3734.0,3.0,20.0,2.0,100.0,29.273886
3735.0,5.0,20.0,2.0,100.0,28.841772
3736.0,10.0,20.0,2.0,100.0,20.856
3737.0,20.0,20.0,2.0,100.0,28.429577
3738.0,40.0,20.0,2.0,100.0,41.896774
3739.0,49.0,20.0,2.0,100.0,27.830883
3740.0,0.0,20.0,2.0,100.0,29.341772
3741.0,0.5,20.0,2.0,100.0,29.057325
3742.0,1.0,20.0,2.0,100.0,28.936708
3743.0,2.0,20.0,2.0,100.0,28.822784
3744.0,3.0,20.0,2.0,100.0,28.43871
3745.0,5.0,20.0,2.0,100.0,31.19375
3746.0,10.0,20.0,2.0,100.0,28.938776
3747.0,20.0,20.0,2.0,100.0,28.828947
3748.0,40.0,20.0,2.0,100.0,28.365671
3749.0,49.0,20.0,2.0,100.0,29.703125
3750.0,0.0,20.0,2.0,100.0,28.484076
3751.0,0.5,20.0,2.0,100.0,28.802547
3752.0,1.0,20.0,2.0,100.0,29.215189
3753.0,2.0,20.0,2.0,100.0,28.423077
3754.0,3.0,20.0,2.0,100.0,30.21118
3755.0,5.0,20.0,2.0,100.0,29.737179
3756.0,10.0,20.0,2.0,100.0,29.288462
3757.0,20.0,20.0,2.0,100.0,46.710526
3758.0,40.0,20.0,2.0,100.0,26.522728
3759.0,49.0,20.0,2.0,100.0,30.421875
3760.0,0.0,20.0,2.0,100.0,30.25
3761.0,0.5,20.0,2.0,100.0,29.075949
3762.0,1.0,20.0,2.0,100.0,34.135593
3763.0,2.0,20.0,2.0,100.0,28.713375
3764.0,3.0,20.0,2.0,100.0,29.27848
3765.0,5.0,20.0,2.0,100.0,29.185898
3766.0,10.0,20.0,2.0,100.0,28.051949
3767.0,20.0,20.0,2.0,100.0,21.804688
3768.0,40.0,20.0,2.0,100.0,28.416058
3769.0,49.0,20.0,2.0,100.0,28.715446
3770.0,0.0,20.0,2.0,100.0,29.06962
3771.0,0.5,20.0,2.0,100.0,38.047367
3772.0,1.0,20.0,2.0,100.0,37.870968
3773.0,2.0,20.0,2.0,100.0,32.360546
3774.0,3.0,20.0,2.0,100.0,29.184713
3775.0,5.0,20.0,2.0,100.0,28.103895
3776.0,10.0,20.0,2.0,100.0,30.71613
3777.0,20.0,20.0,2.0,100.0,54.735847
3778.0,40.0,20.0,2.0,100.0,38.303448
3779.0,49.0,20.0,2.0,100.0,36.337933
3780.0,0.0,20.0,2.0,100.0,28.892405
3781.0,0.5,20.0,2.0,100.0,28.797468
3782.0,1.0,20.0,2.0,100.0,28.56129
3783.0,2.0,20.0,2.0,100.0,28.493507
3784.0,3.0,20.0,2.0,100.0,49.009853
3785.0,5.0,20.0,2.0,100.0,28.942308
3786.0,10.0,20.0,2.0,100.0,29.166666
3787.0,20.0,20.0,2.0,100.0,29.875
3788.0,40.0,20.0,2.0,100.0,38.83766
3789.0,49.0,20.0,2.0,100.0,29.76923
3790.0,0.0,20.0,2.0,100.0,29.352201
3791.0,0.5,20.0,2.0,100.0,27.216
3792.0,1.0,20.0,2.0,100.0,29.556963
3793.0,2.0,20.0,2.0,100.0,28.858974
3794.0,3.0,20.0,2.0,100.0,28.782051
3795.0,5.0,20.0,2.0,100.0,29.845161
3796.0,10.0,20.0,2.0,100.0,30.6875
3797.0,20.0,20.0,2.0,100.0,29.373333
3798.0,40.0,20.0,2.0,100.0,30.272728
3799.0,49.0,20.0,2.0,100.0,28.52459
3800.0,0.0,20.0,2.0,100.0,33.48538
3801.0,0.5,20.0,2.0,100.0,28.867088
3802.0,1.0,20.0,2.0,100.0,29.107595
3803.0,2.0,20.0,2.0,100.0,30.5125
3804.0,3.0,20.0,2.0,100.0,48.550724
3805.0,5.0,20.0,2.0,100.0,43.38919
3806.0,10.0,20.0,2.0,100.0,30.17647
3807.0,20.0,20.0,2.0,100.0,28.489655
3808.0,40.0,20.0,2.0,100.0,28.64394
3809.0,49.0,20.0,2.0,100.0,28.557251
3810.0,0.0,20.0,2.0,100.0,28.363058
3811.0,0.5,20.0,2.0,100.0,29.095541
3812.0,1.0,20.0,2.0,100.0,29.531645
3813.0,2.0,20.0,2.0,100.0,28.128204
3814.0,3.0,20.0,2.0,100.0,29.1519
3815.0,5.0,20.0,2.0,100.0,29.840765
3816.0,10.0,20.0,2.0,100.0,27.979591
3817.0,20.0,20.0,2.0,100.0,29.38889
3818.0,40.0,20.0,2.0,100.0,28.843283
3819.0,49.0,20.0,2.0,100.0,29.669231
3820.0,0.0,20.0,2.0,100.0,30.627329
3821.0,0.5,20.0,2.0,100.0,36.774193
3822.0,1.0,20.0,2.0,100.0,28.288462
3823.0,2.0,20.0,2.0,100.0,29.415094
3824.0,3.0,20.0,2.0,100.0,28.981012
3825.0,5.0,20.0,2.0,100.0,29.742138
3826.0,10.0,20.0,2.0,100.0,32.74074
3827.0,20.0,20.0,2.0,100.0,28.617449
3828.0,40.0,20.0,2.0,100.0,30.764706
3829.0,49.0,20.0,2.0,100.0,28.51145
3830.0,0.0,20.0,2.0,100.0,29.528301
3831.0,0.5,20.0,2.0,100.0,28.753164
3832.0,1.0,20.0,2.0,100.0,29.630573
3833.0,2.0,20.0,2.0,100.0,21.815384
3834.0,3.0,20.0,2.0,100.0,29.177216
3835.0,5.0,20.0,2.0,100.0,29.2
3836.0,10.0,20.0,2.0,100.0,26.21168
3837.0,20.0,20.0,2.0,100.0,29.115646
3838.0,40.0,20.0,2.0,100.0,27.925373
3839.0,49.0,20.0,2.0,100.0,43.01818
3840.0,0.0,20.0,2.0,100.0,29.792454
3841.0,0.5,20.0,2.0,100.0,29.563292
3842.0,1.0,20.0,2.0,100.0,30.056604
3843.0,2.0,20.0,2.0,100.0,29.729559
3844.0,3.0,20.0,2.0,100.0,30.113924
3845.0,5.0,20.0,2.0,100.0,29.270967
3846.0,10.0,20.0,2.0,100.0,30.019608
3847.0,20.0,20.0,2.0,100.0,29.777027
3848.0,40.0,20.0,2.0,100.0,28.941607
3849.0,49.0,20.0,2.0,100.0,28.19403
3850.0,0.0,20.0,2.0,100.0,29.691824
3851.0,0.5,20.0,2.0,100.0,29.6519
3852.0,1.0,20.0,2.0,100.0,29.094936
3853.0,2.0,20.0,2.0,100.0,28.593548
3854.0,3.0,20.0,2.0,100.0,42.74359
3855.0,5.0,20.0,2.0,100.0,30.012821
3856.0,10.0,20.0,2.0,100.0,30.1761
3857.0,20.0,20.0,2.0,100.0,28.402685
3858.0,40.0,20.0,2.0,100.0,35.03125
3859.0,49.0,20.0,2.0,100.0,39.824326
3860.0,0.0,20.0,2.0,100.0,29.389936
3861.0,0.5,20.0,2.0,100.0,29.259493
3862.0,1.0,20.0,2.0,100.0,29.075949
3863.0,2.0,20.0,2.0,100.0,29.253246
3864.0,3.0,20.0,2.0,100.0,30.79375
3865.0,5.0,20.0,2.0,100.0,28.608974
3866.0,10.0,20.0,2.0,100.0,28.926666
3867.0,20.0,20.0,2.0,100.0,27.577465
3868.0,40.0,20.0,2.0,100.0,28.358778
3869.0,49.0,20.0,2.0,100.0,24.779661
3870.0,0.0,20.0,2.0,100.0,29.238995
3871.0,0.5,20.0,2.0,100.0,30.590061
3872.0,1.0,20.0,2.0,100.0,27.961784
3873.0,2.0,20.0,2.0,100.0,29.057325
3874.0,3.0,20.0,2.0,100.0,30.120253
3875.0,5.0,20.0,2.0,100.0,29.179487
3876.0,10.0,20.0,2.0,100.0,29.261438
3877.0,20.0,20.0,2.0,100.0,27.642857
3878.0,40.0,20.0,2.0,100.0,31.080292
3879.0,49.0,20.0,2.0,100.0,42.03448
3880.0,0.0,20.0,2.0,100.0,29.150944
3881.0,0.5,20.0,2.0,100.0,28.371796
3882.0,1.0,20.0,2.0,100.0,30.106918
3883.0,2.0,20.0,2.0,100.0,29.573248
3884.0,3.0,20.0,2.0,100.0,29.13924
3885.0,5.0,20.0,2.0,100.0,28.858065
3886.0,10.0,20.0,2.0,100.0,33.0375
3887.0,20.0,20.0,2.0,100.0,29.605263
3888.0,40.0,20.0,2.0,100.0,29.685715
3889.0,49.0,20.0,2.0,100.0,28.934425
3890.0,0.0,20.0,2.0,100.0,29.462025
3891.0,0.5,20.0,2.0,100.0,29.59375
3892.0,1.0,20.0,2.0,100.0,29.265823
3893.0,2.0,20.0,2.0,100.0,30.106918
3894.0,3.0,20.0,2.0,100.0,29.348387
3895.0,5.0,20.0,2.0,100.0,29.4586
3896.0,10.0,20.0,2.0,100.0,27.953333
3897.0,20.0,20.0,2.0,100.0,28.212328
3898.0,40.0,20.0,2.0,100.0,27.864662
3899.0,49.0,20.0,2.0,100.0,29.740458
3900.0,0.0,20.0,2.0,100.0,29.742138
3901.0,0.5,20.0,2.0,100.0,29.666666
3902.0,1.0,20.0,2.0,100.0,29.327044
3903.0,2.0,20.0,2.0,100.0,28.585987
3904.0,3.0,20.0,2.0,100.0,29.943037
3905.0,5.0,20.0,2.0,100.0,39.60234
3906.0,10.0,20.0,2.0,100.0,29.006453
3907.0,20.0,20.0,2.0,100.0,29.604027
3908.0,40.0,20.0,2.0,100.0,28.189394
3909.0,49.0,20.0,2.0,100.0,28.348837
3910.0,0.0,20.0,2.0,100.0,51.248928
3911.0,0.5,20.0,2.0,100.0,54.449154
3912.0,1.0,20.0,2.0,100.0,29.462025
3913.0,2.0,20.0,2.0,100.0,29.128204
3914.0,3.0,20.0,2.0,100.0,28.634615
3915.0,5.0,20.0,2.0,100.0,28.392157
3916.0,10.0,20.0,2.0,100.0,28.432432
3917.0,20.0,20.0,2.0,100.0,27.476511
3918.0,40.0,20.0,2.0,100.0,29.61654
3919.0,49.0,20.0,2.0,100.0,27.484848
3920.0,0.0,20.0,2.0,100.0,29.55346
3921.0,0.5,20.0,2.0,100.0,28.227848
3922.0,1.0,20.0,2.0,100.0,19.47541
3923.0,2.0,20.0,2.0,100.0,28.632257
3924.0,3.0,20.0,2.0,100.0,43.30337
3925.0,5.0,20.0,2.0,100.0,33.75706
3926.0,10.0,20.0,2.0,100.0,18.357143
3927.0,20.0,20.0,2.0,100.0,28.590279
3928.0,40.0,20.0,2.0,100.0,27.992592
3929.0,49.0,20.0,2.0,100.0,28.570312
3930.0,0.0,20.0,2.0,100.0,27.929935
3931.0,0.5,20.0,2.0,100.0,29.259493
3932.0,1.0,20.0,2.0,100.0,29.120253
3933.0,2.0,20.0,2.0,100.0,28.25
3934.0,3.0,20.0,2.0,100.0,28.858974
3935.0,5.0,20.0,2.0,100.0,29.343948
3936.0,10.0,20.0,2.0,100.0,29.006536
3937.0,20.0,20.0,2.0,100.0,27.229166
3938.0,40.0,20.0,2.0,100.0,48.140846
3939.0,49.0,20.0,2.0,100.0,28.879032
3940.0,0.0,20.0,2.0,100.0,29.672956
3941.0,0.5,20.0,2.0,100.0,44.75
3942.0,1.0,20.0,2.0,100.0,28.33758
3943.0,2.0,20.0,2.0,100.0,29.140127
3944.0,3.0,20.0,2.0,100.0,29.401274
3945.0,5.0,20.0,2.0,100.0,27.863636
3946.0,10.0,20.0,2.0,100.0,29.907894
3947.0,20.0,20.0,2.0,100.0,29.427586
3948.0,40.0,20.0,2.0,100.0,29.736841
3949.0,49.0,20.0,2.0,100.0,18.118181
3950.0,0.0,20.0,2.0,100.0,28.740507
3951.0,0.5,20.0,2.0,100.0,49.105503
3952.0,1.0,20.0,2.0,100.0,29.171974
3953.0,2.0,20.0,2.0,100.0,29.222929
3954.0,3.0,20.0,2.0,100.0,29.679487
3955.0,5.0,20.0,2.0,100.0,30.461538
3956.0,10.0,20.0,2.0,100.0,36.465115
3957.0,20.0,20.0,2.0,100.0,36.43787
3958.0,40.0,20.0,2.0,100.0,27.69697
3959.0,49.0,20.0,2.0,100.0,29.815384
3960.0,0.0,20.0,2.0,100.0,29.88125
3961.0,0.5,20.0,2.0,100.0,29.443037
3962.0,1.0,20.0,2.0,100.0,28.375795
3963.0,2.0,20.0,2.0,100.0,29.424051
3964.0,3.0,20.0,2.0,100.0,28.698717
3965.0,5.0,20.0,2.0,100.0,29.369427
3966.0,10.0,20.0,2.0,100.0,29.43871
3967.0,20.0,20.0,2.0,100.0,28.5
3968.0,40.0,20.0,2.0,100.0,35.155037
3969.0,49.0,20.0,2.0,100.0,28.6
3970.0,0.0,20.0,2.0,100.0,30.04375
3971.0,0.5,20.0,2.0,100.0,52.451756
3972.0,1.0,20.0,2.0,100.0,28.292994
3973.0,2.0,20.0,2.0,100.0,29.943396
3974.0,3.0,20.0,2.0,100.0,29.145569
3975.0,5.0,20.0,2.0,100.0,27.948387
3976.0,10.0,20.0,2.0,100.0,29.640522
3977.0,20.0,20.0,2.0,100.0,28.503546
3978.0,40.0,20.0,2.0,100.0,28.325926
3979.0,49.0,20.0,2.0,100.0,29.555555
3980.0,0.0,20.0,2.0,100.0,28.173077
3981.0,0.5,20.0,2.0,100.0,30.15625
3982.0,1.0,20.0,2.0,100.0,28.993711
3983.0,2.0,20.0,2.0,100.0,29.088608
3984.0,3.0,20.0,2.0,100.0,30.207546
3985.0,5.0,20.0,2.0,100.0,26.05036
3986.0,10.0,20.0,2.0,100.0,22.430769
3987.0,20.0,20.0,2.0,100.0,28.630136
3988.0,40.0,20.0,2.0,100.0,29.184616
3989.0,49.0,20.0,2.0,100.0,31.535433
3990.0,0.0,20.0,2.0,100.0,29.45283
3991.0,0.5,20.0,2.0,100.0,28.924051
3992.0,1.0,20.0,2.0,100.0,29.974842
3993.0,2.0,20.0,2.0,100.0,30.33758
3994.0,3.0,20.0,2.0,100.0,29.369427
3995.0,5.0,20.0,2.0,100.0,29.558441
3996.0,10.0,20.0,2.0,100.0,28.40523
3997.0,20.0,20.0,2.0,100.0,29.145695
3998.0,40.0,20.0,2.0,100.0,30.755556
3999.0,49.0,20.0,2.0,100.0,38.5
4000.0,0.0,20.0,2.0,100.0,28.083334
4001.0,0.5,20.0,2.0,100.0,29.477987
4002.0,1.0,20.0,2.0,100.0,33.38506
4003.0,2.0,20.0,2.0,100.0,55.168777
4004.0,3.0,20.0,2.0,100.0,42.26
4005.0,5.0,20.0,2.0,100.0,29.123377
4006.0,10.0,20.0,2.0,100.0,29.266233
4007.0,20.0,20.0,2.0,100.0,27.529411
4008.0,40.0,20.0,2.0,100.0,29.123077
4009.0,49.0,20.0,2.0,100.0,36.978104
4010.0,0.0,20.0,2.0,100.0,29.666666
4011.0,0.5,20.0,2.0,100.0,29.44654
4012.0,1.0,20.0,2.0,100.0,28.658228
4013.0,2.0,20.0,2.0,100.0,29.45625
4014.0,3.0,20.0,2.0,100.0,28.412903
4015.0,5.0,20.0,2.0,100.0,53.83621
4016.0,10.0,20.0,2.0,100.0,29.194805
4017.0,20.0,20.0,2.0,100.0,32.054794
4018.0,40.0,20.0,2.0,100.0,29.433823
4019.0,49.0,20.0,2.0,100.0,30.601562
4020.0,0.0,20.0,2.0,100.0,29.056963
4021.0,0.5,20.0,2.0,100.0,29.509434
4022.0,1.0,20.0,2.0,100.0,29.64151
4023.0,2.0,20.0,2.0,100.0,28.751593
4024.0,3.0,20.0,2.0,100.0,29.386076
4025.0,5.0,20.0,2.0,100.0,29.235668
4026.0,10.0,20.0,2.0,100.0,36.553074
4027.0,20.0,20.0,2.0,100.0,26.330986
4028.0,40.0,20.0,2.0,100.0,38.826088
4029.0,49.0,20.0,2.0,100.0,29.066116
4030.0,0.0,20.0,2.0,100.0,29.371069
4031.0,0.5,20.0,2.0,100.0,28.363058
4032.0,1.0,20.0,2.0,100.0,30.1625
4033.0,2.0,20.0,2.0,100.0,29.157232
4034.0,3.0,20.0,2.0,100.0,29.949368
4035.0,5.0,20.0,2.0,100.0,30.031847
4036.0,10.0,20.0,2.0,100.0,42.06044
4037.0,20.0,20.0,2.0,100.0,29.704699
4038.0,40.0,20.0,2.0,100.0,27.043165
4039.0,49.0,20.0,2.0,100.0,27.968254
4040.0,0.0,20.0,2.0,100.0,57.99203
4041.0,0.5,20.0,2.0,100.0,29.402515
4042.0,1.0,20.0,2.0,100.0,29.159235
4043.0,2.0,20.0,2.0,100.0,30.9125
4044.0,3.0,20.0,2.0,100.0,28.787096
4045.0,5.0,20.0,2.0,100.0,29.038462
4046.0,10.0,20.0,2.0,100.0,31.427673
4047.0,20.0,20.0,2.0,100.0,29.82639
4048.0,40.0,20.0,2.0,100.0,30.77037
4049.0,49.0,20.0,2.0,100.0,28.673914
4050.0,0.0,20.0,2.0,100.0,30.1375
4051.0,0.5,20.0,2.0,100.0,30.0375
4052.0,1.0,20.0,2.0,100.0,29.050632
4053.0,2.0,20.0,2.0,100.0,28.251614
4054.0,3.0,20.0,2.0,100.0,29.058823
4055.0,5.0,20.0,2.0,100.0,29.490322
4056.0,10.0,20.0,2.0,100.0,29.457516
4057.0,20.0,20.0,2.0,100.0,29.263514
4058.0,40.0,20.0,2.0,100.0,28.68116
4059.0,49.0,20.0,2.0,100.0,28.179688
4060.0,0.0,20.0,2.0,100.0,28.8481
4061.0,0.5,20.0,2.0,100.0,28.217949
4062.0,1.0,20.0,2.0,100.0,29.427673
4063.0,2.0,20.0,2.0,100.0,29.710691
4064.0,3.0,20.0,2.0,100.0,28.125
4065.0,5.0,20.0,2.0,100.0,29.387096
4066.0,10.0,20.0,2.0,100.0,29.551949
4067.0,20.0,20.0,2.0,100.0,29.463087
4068.0,40.0,20.0,2.0,100.0,29.4
4069.0,49.0,20.0,2.0,100.0,31.398438
4070.0,0.0,20.0,2.0,100.0,29.025316
4071.0,0.5,20.0,2.0,100.0,41.826817
4072.0,1.0,20.0,2.0,100.0,29.114649
4073.0,2.0,20.0,2.0,100.0,29.294872
4074.0,3.0,20.0,2.0,100.0,28.410257
4075.0,5.0,20.0,2.0,100.0,30.578617
4076.0,10.0,20.0,2.0,100.0,29.167742
4077.0,20.0,20.0,2.0,100.0,29.746666
4078.0,40.0,20.0,2.0,100.0,29.0
4079.0,49.0,20.0,2.0,100.0,29.11111
4080.0,0.0,20.0,2.0,100.0,28.601265
4081.0,0.5,20.0,2.0,100.0,29.101265
4082.0,1.0,20.0,2.0,100.0,29.94375
4083.0,2.0,20.0,2.0,100.0,29.601265
4084.0,3.0,20.0,2.0,100.0,29.20915
4085.0,5.0,20.0,2.0,100.0,29.22436
4086.0,10.0,20.0,2.0,100.0,28.832214
4087.0,20.0,20.0,2.0,100.0,29.047619
4088.0,40.0,20.0,2.0,100.0,29.503704
4089.0,49.0,20.0,2.0,100.0,30.097744
4090.0,0.0,20.0,2.0,100.0,29.875
4091.0,0.5,20.0,2.0,100.0,29.310127
4092.0,1.0,20.0,2.0,100.0,29.037975
4093.0,2.0,20.0,2.0,100.0,29.904459
4094.0,3.0,20.0,2.0,100.0,29.72152
4095.0,5.0,20.0,2.0,100.0,28.717949
4096.0,10.0,20.0,2.0,100.0,29.71523
4097.0,20.0,20.0,2.0,100.0,28.668966
4098.0,40.0,20.0,2.0,100.0,29.378788
4099.0,49.0,20.0,2.0,100.0,31.531746
4100.0,0.0,20.0,2.0,100.0,29.78125
4101.0,0.5,20.0,2.0,100.0,28.7707
4102.0,1.0,20.0,2.0,100.0,28.890322
4103.0,2.0,20.0,2.0,100.0,37.048386
4104.0,3.0,20.0,2.0,100.0,29.66242
4105.0,5.0,20.0,2.0,100.0,29.88961
4106.0,10.0,20.0,2.0,100.0,30.161291
4107.0,20.0,20.0,2.0,100.0,27.97857
4108.0,40.0,20.0,2.0,100.0,19.08
4109.0,49.0,20.0,2.0,100.0,28.94697
4110.0,0.0,20.0,2.0,100.0,29.329113
4111.0,0.5,20.0,2.0,100.0,29.610064
4112.0,1.0,20.0,2.0,100.0,29.503185
4113.0,2.0,20.0,2.0,100.0,28.538462
4114.0,3.0,20.0,2.0,100.0,29.738853
4115.0,5.0,20.0,2.0,100.0,29.166666
4116.0,10.0,20.0,2.0,100.0,29.245161
4117.0,20.0,20.0,2.0,100.0,30.168919
4118.0,40.0,20.0,2.0,100.0,29.532373
4119.0,49.0,20.0,2.0,100.0,29.257576
4120.0,0.0,20.0,2.0,100.0,29.761005
4121.0,0.5,20.0,2.0,100.0,28.67516
4122.0,1.0,20.0,2.0,100.0,37.285713
4123.0,2.0,20.0,2.0,100.0,30.468355
4124.0,3.0,20.0,2.0,100.0,27.935484
4125.0,5.0,20.0,2.0,100.0,29.25
4126.0,10.0,20.0,2.0,100.0,25.746574
4127.0,20.0,20.0,2.0,100.0,29.735714
4128.0,40.0,20.0,2.0,100.0,29.198473
4129.0,49.0,20.0,2.0,100.0,27.304
4130.0,0.0,20.0,2.0,100.0,30.53416
4131.0,0.5,20.0,2.0,100.0,29.43312
4132.0,1.0,20.0,2.0,100.0,29.127388
4133.0,2.0,20.0,2.0,100.0,30.389936
4134.0,3.0,20.0,2.0,100.0,29.841772
4135.0,5.0,20.0,2.0,100.0,28.825806
4136.0,10.0,20.0,2.0,100.0,29.76129
4137.0,20.0,20.0,2.0,100.0,30.275167
4138.0,40.0,20.0,2.0,100.0,29.72028
4139.0,49.0,20.0,2.0,100.0,35.986755
4140.0,0.0,20.0,2.0,100.0,28.867088
4141.0,0.5,20.0,2.0,100.0,28.816456
4142.0,1.0,20.0,2.0,100.0,29.685535
4143.0,2.0,20.0,2.0,100.0,29.389936
4144.0,3.0,20.0,2.0,100.0,28.844156
4145.0,5.0,20.0,2.0,100.0,29.401274
4146.0,10.0,20.0,2.0,100.0,29.741936
4147.0,20.0,20.0,2.0,100.0,27.88276
4148.0,40.0,20.0,2.0,100.0,27.92029
4149.0,49.0,20.0,2.0,100.0,28.557251
4150.0,0.0,20.0,2.0,100.0,29.402515
4151.0,0.5,20.0,2.0,100.0,52.89823
4152.0,1.0,20.0,2.0,100.0,30.35
4153.0,2.0,20.0,2.0,100.0,28.605095
4154.0,3.0,20.0,2.0,100.0,49.80909
4155.0,5.0,20.0,2.0,100.0,28.792208
4156.0,10.0,20.0,2.0,100.0,29.67742
4157.0,20.0,20.0,2.0,100.0,29.289656
4158.0,40.0,20.0,2.0,100.0,34.09589
4159.0,49.0,20.0,2.0,100.0,39.76
4160.0,0.0,20.0,2.0,100.0,63.27381
4161.0,0.5,20.0,2.0,100.0,28.905064
4162.0,1.0,20.0,2.0,100.0,29.251572
4163.0,2.0,20.0,2.0,100.0,29.589743
4164.0,3.0,20.0,2.0,100.0,29.421383
4165.0,5.0,20.0,2.0,100.0,30.79114
4166.0,10.0,20.0,2.0,100.0,30.228758
4167.0,20.0,20.0,2.0,100.0,15.859649
4168.0,40.0,20.0,2.0,100.0,27.150375
4169.0,49.0,20.0,2.0,100.0,30.274075
4170.0,0.0,20.0,2.0,100.0,28.936708
4171.0,0.5,20.0,2.0,100.0,29.253164
4172.0,1.0,20.0,2.0,100.0,28.77848
4173.0,2.0,20.0,2.0,100.0,28.734177
4174.0,3.0,20.0,2.0,100.0,28.839743
4175.0,5.0,20.0,2.0,100.0,35.33766
4176.0,10.0,20.0,2.0,100.0,29.026846
4177.0,20.0,20.0,2.0,100.0,28.286713
4178.0,40.0,20.0,2.0,100.0,28.325926
4179.0,49.0,20.0,2.0,100.0,28.59091
4180.0,0.0,20.0,2.0,100.0,29.6625
4181.0,0.5,20.0,2.0,100.0,29.29114
4182.0,1.0,20.0,2.0,100.0,29.572327
4183.0,2.0,20.0,2.0,100.0,29.83125
4184.0,3.0,20.0,2.0,100.0,28.717949
4185.0,5.0,20.0,2.0,100.0,46.934345
4186.0,10.0,20.0,2.0,100.0,29.291391
4187.0,20.0,20.0,2.0,100.0,29.62585
4188.0,40.0,20.0,2.0,100.0,20.743801
4189.0,49.0,20.0,2.0,100.0,27.761906
4190.0,0.0,20.0,2.0,100.0,29.45283
4191.0,0.5,20.0,2.0,100.0,29.94375
4192.0,1.0,20.0,2.0,100.0,29.107595
4193.0,2.0,20.0,2.0,100.0,28.584415
4194.0,3.0,20.0,2.0,100.0,29.031847
4195.0,5.0,20.0,2.0,100.0,28.584415
4196.0,10.0,20.0,2.0,100.0,29.233767
4197.0,20.0,20.0,2.0,100.0,27.407143
4198.0,40.0,20.0,2.0,100.0,29.985508
4199.0,49.0,20.0,2.0,100.0,28.048388
4200.0,0.0,20.0,2.0,100.0,27.792856
4201.0,0.5,20.0,2.0,100.0,30.1375
4202.0,1.0,20.0,2.0,100.0,30.254658
4203.0,2.0,20.0,2.0,100.0,29.177216
4204.0,3.0,20.0,2.0,100.0,29.89937
4205.0,5.0,20.0,2.0,100.0,30.0
4206.0,10.0,20.0,2.0,100.0,29.012903
4207.0,20.0,20.0,2.0,100.0,29.162163
4208.0,40.0,20.0,2.0,100.0,27.731344
4209.0,49.0,20.0,2.0,100.0,28.5
4210.0,0.0,20.0,2.0,100.0,28.751593
4211.0,0.5,20.0,2.0,100.0,29.227848
4212.0,1.0,20.0,2.0,100.0,29.68125
4213.0,2.0,20.0,2.0,100.0,28.732485
4214.0,3.0,20.0,2.0,100.0,29.658228
4215.0,5.0,20.0,2.0,100.0,29.754717
4216.0,10.0,20.0,2.0,100.0,31.974194
4217.0,20.0,20.0,2.0,100.0,29.746574
4218.0,40.0,20.0,2.0,100.0,28.060606
4219.0,49.0,20.0,2.0,100.0,29.834587
4220.0,0.0,20.0,2.0,100.0,29.06962
4221.0,0.5,20.0,2.0,100.0,28.802547
4222.0,1.0,20.0,2.0,100.0,29.36076
4223.0,2.0,20.0,2.0,100.0,28.825806
4224.0,3.0,20.0,2.0,100.0,28.512987
4225.0,5.0,20.0,2.0,100.0,28.364239
4226.0,10.0,20.0,2.0,100.0,28.807947
4227.0,20.0,20.0,2.0,100.0,28.543478
4228.0,40.0,20.0,2.0,100.0,44.175438
4229.0,49.0,20.0,2.0,100.0,28.806202
4230.0,0.0,20.0,2.0,100.0,28.898735
4231.0,0.5,20.0,2.0,100.0,29.86076
4232.0,1.0,20.0,2.0,100.0,27.865385
4233.0,2.0,20.0,2.0,100.0,30.240507
4234.0,3.0,20.0,2.0,100.0,28.156862
4235.0,5.0,20.0,2.0,100.0,29.064102
4236.0,10.0,20.0,2.0,100.0,29.303226
4237.0,20.0,20.0,2.0,100.0,28.027779
4238.0,40.0,20.0,2.0,100.0,30.007353
4239.0,49.0,20.0,2.0,100.0,28.170542
4240.0,0.0,20.0,2.0,100.0,28.816456
4241.0,0.5,20.0,2.0,100.0,28.91772
4242.0,1.0,20.0,2.0,100.0,28.49359
4243.0,2.0,20.0,2.0,100.0,28.416666
4244.0,3.0,20.0,2.0,100.0,29.737179
4245.0,5.0,20.0,2.0,100.0,27.267973
4246.0,10.0,20.0,2.0,100.0,28.464052
4247.0,20.0,20.0,2.0,100.0,29.26207
4248.0,40.0,20.0,2.0,100.0,29.045801
4249.0,49.0,20.0,2.0,100.0,29.706348
4250.0,0.0,20.0,2.0,100.0,29.408806
4251.0,0.5,20.0,2.0,100.0,29.106918
4252.0,1.0,20.0,2.0,100.0,28.738853
4253.0,2.0,20.0,2.0,100.0,28.826923
4254.0,3.0,20.0,2.0,100.0,28.369427
4255.0,5.0,20.0,2.0,100.0,29.605095
4256.0,10.0,20.0,2.0,100.0,28.802631
4257.0,20.0,20.0,2.0,100.0,29.304964
4258.0,40.0,20.0,2.0,100.0,27.544777
4259.0,49.0,20.0,2.0,100.0,26.968992
4260.0,0.0,20.0,2.0,100.0,28.388535
4261.0,0.5,20.0,2.0,100.0,28.713375
4262.0,1.0,20.0,2.0,100.0,28.740507
4263.0,2.0,20.0,2.0,100.0,29.222929
4264.0,3.0,20.0,2.0,100.0,29.101912
4265.0,5.0,20.0,2.0,100.0,29.535484
4266.0,10.0,20.0,2.0,100.0,29.464052
4267.0,20.0,20.0,2.0,100.0,28.8
4268.0,40.0,20.0,2.0,100.0,29.052238
4269.0,49.0,20.0,2.0,100.0,28.992188
4270.0,0.0,20.0,2.0,100.0,29.44654
4271.0,0.5,20.0,2.0,100.0,29.101265
4272.0,1.0,20.0,2.0,100.0,29.974842
4273.0,2.0,20.0,2.0,100.0,29.220125
4274.0,3.0,20.0,2.0,100.0,30.10063
4275.0,5.0,20.0,2.0,100.0,24.330645
4276.0,10.0,20.0,2.0,100.0,28.164474
4277.0,20.0,20.0,2.0,100.0,28.607843
4278.0,40.0,20.0,2.0,100.0,29.142857
4279.0,49.0,20.0,2.0,100.0,28.554745
4280.0,0.0,20.0,2.0,100.0,30.2
4281.0,0.5,20.0,2.0,100.0,29.114649
4282.0,1.0,20.0,2.0,100.0,43.877777
4283.0,2.0,20.0,2.0,100.0,28.898735
4284.0,3.0,20.0,2.0,100.0,29.535032
4285.0,5.0,20.0,2.0,100.0,48.80203
4286.0,10.0,20.0,2.0,100.0,33.64375
4287.0,20.0,20.0,2.0,100.0,28.142857
4288.0,40.0,20.0,2.0,100.0,29.427536
4289.0,49.0,20.0,2.0,100.0,28.970802
4290.0,0.0,20.0,2.0,100.0,30.310558
4291.0,0.5,20.0,2.0,100.0,29.0
4292.0,1.0,20.0,2.0,100.0,28.557692
4293.0,2.0,20.0,2.0,100.0,52.36564
4294.0,3.0,20.0,2.0,100.0,29.144827
4295.0,5.0,20.0,2.0,100.0,27.493422
4296.0,10.0,20.0,2.0,100.0,29.67742
4297.0,20.0,20.0,2.0,100.0,33.04605
4298.0,40.0,20.0,2.0,100.0,31.014492
4299.0,49.0,20.0,2.0,100.0,29.20155
4300.0,0.0,20.0,2.0,100.0,29.849056
4301.0,0.5,20.0,2.0,100.0,29.572327
4302.0,1.0,20.0,2.0,100.0,28.537975
4303.0,2.0,20.0,2.0,100.0,29.259493
4304.0,3.0,20.0,2.0,100.0,30.02564
4305.0,5.0,20.0,2.0,100.0,29.064516
4306.0,10.0,20.0,2.0,100.0,28.942308
4307.0,20.0,20.0,2.0,100.0,27.964285
4308.0,40.0,20.0,2.0,100.0,31.9
4309.0,49.0,20.0,2.0,100.0,29.045454
4310.0,0.0,20.0,2.0,100.0,30.0625
4311.0,0.5,20.0,2.0,100.0,29.496855
4312.0,1.0,20.0,2.0,100.0,29.679245
4313.0,2.0,20.0,2.0,100.0,28.898088
4314.0,3.0,20.0,2.0,100.0,28.484076
4315.0,5.0,20.0,2.0,100.0,29.903225
4316.0,10.0,20.0,2.0,100.0,28.8
4317.0,20.0,20.0,2.0,100.0,53.299065
4318.0,40.0,20.0,2.0,100.0,29.813433
4319.0,49.0,20.0,2.0,100.0,28.439024
4320.0,0.0,20.0,2.0,100.0,29.572327
4321.0,0.5,20.0,2.0,100.0,28.917198
4322.0,1.0,20.0,2.0,100.0,27.858065
4323.0,2.0,20.0,2.0,100.0,27.883118
4324.0,3.0,20.0,2.0,100.0,29.253246
4325.0,5.0,20.0,2.0,100.0,31.044304
4326.0,10.0,20.0,2.0,100.0,29.388159
4327.0,20.0,20.0,2.0,100.0,18.12069
4328.0,40.0,20.0,2.0,100.0,40.372547
4329.0,49.0,20.0,2.0,100.0,28.909775
4330.0,0.0,20.0,2.0,100.0,27.98077
4331.0,0.5,20.0,2.0,100.0,37.192307
4332.0,1.0,20.0,2.0,100.0,35.664383
4333.0,2.0,20.0,2.0,100.0,29.710691
4334.0,3.0,20.0,2.0,100.0,30.34375
4335.0,5.0,20.0,2.0,100.0,27.772728
4336.0,10.0,20.0,2.0,100.0,27.12
4337.0,20.0,20.0,2.0,100.0,29.458904
4338.0,40.0,20.0,2.0,100.0,29.24627
4339.0,49.0,20.0,2.0,100.0,28.24
4340.0,0.0,20.0,2.0,100.0,29.86875
4341.0,0.5,20.0,2.0,100.0,28.556963
4342.0,1.0,20.0,2.0,100.0,30.232704
4343.0,2.0,20.0,2.0,100.0,29.069181
4344.0,3.0,20.0,2.0,100.0,30.08125
4345.0,5.0,20.0,2.0,100.0,27.935064
4346.0,10.0,20.0,2.0,100.0,29.393333
4347.0,20.0,20.0,2.0,100.0,30.837837
4348.0,40.0,20.0,2.0,100.0,28.911764
4349.0,49.0,20.0,2.0,100.0,16.722689
4350.0,0.0,20.0,2.0,100.0,30.14375
4351.0,0.5,20.0,2.0,100.0,29.310127
4352.0,1.0,20.0,2.0,100.0,28.840765
4353.0,2.0,20.0,2.0,100.0,29.471699
4354.0,3.0,20.0,2.0,100.0,29.745222
4355.0,5.0,20.0,2.0,100.0,29.420382
4356.0,10.0,20.0,2.0,100.0,30.123377
4357.0,20.0,20.0,2.0,100.0,29.0625
4358.0,40.0,20.0,2.0,100.0,28.39535
4359.0,49.0,20.0,2.0,100.0,29.153847
4360.0,0.0,20.0,2.0,100.0,29.044304
4361.0,0.5,20.0,2.0,100.0,28.299362
4362.0,1.0,20.0,2.0,100.0,28.673077
4363.0,2.0,20.0,2.0,100.0,28.615385
4364.0,3.0,20.0,2.0,100.0,29.727272
4365.0,5.0,20.0,2.0,100.0,29.175325
4366.0,10.0,20.0,2.0,100.0,30.642384
4367.0,20.0,20.0,2.0,100.0,23.924242
4368.0,40.0,20.0,2.0,100.0,30.335766
4369.0,49.0,20.0,2.0,100.0,28.758064
4370.0,0.0,20.0,2.0,100.0,29.534592
4371.0,0.5,20.0,2.0,100.0,28.786163
4372.0,1.0,20.0,2.0,100.0,29.246836
4373.0,2.0,20.0,2.0,100.0,29.08228
4374.0,3.0,20.0,2.0,100.0,28.47436
4375.0,5.0,20.0,2.0,100.0,28.145695
4376.0,10.0,20.0,2.0,100.0,30.006578
4377.0,20.0,20.0,2.0,100.0,29.86111
4378.0,40.0,20.0,2.0,100.0,17.758928
4379.0,49.0,20.0,2.0,100.0,30.015152
4380.0,0.0,20.0,2.0,100.0,30.099379
4381.0,0.5,20.0,2.0,100.0,38.46114
4382.0,1.0,20.0,2.0,100.0,28.045454
4383.0,2.0,20.0,2.0,100.0,29.63924
4384.0,3.0,20.0,2.0,100.0,30.253086
4385.0,5.0,20.0,2.0,100.0,19.294117
4386.0,10.0,20.0,2.0,100.0,30.641026
4387.0,20.0,20.0,2.0,100.0,29.166666
4388.0,40.0,20.0,2.0,100.0,29.167883
4389.0,49.0,20.0,2.0,100.0,18.814516
4390.0,0.0,20.0,2.0,100.0,29.106918
4391.0,0.5,20.0,2.0,100.0,28.727848
4392.0,1.0,20.0,2.0,100.0,28.363058
4393.0,2.0,20.0,2.0,100.0,33.35862
4394.0,3.0,20.0,2.0,100.0,27.870968
4395.0,5.0,20.0,2.0,100.0,30.416666
4396.0,10.0,20.0,2.0,100.0,28.987013
4397.0,20.0,20.0,2.0,100.0,29.288591
4398.0,40.0,20.0,2.0,100.0,29.77612
4399.0,49.0,20.0,2.0,100.0,27.84375
4400.0,0.0,20.0,2.0,100.0,29.310127
4401.0,0.5,20.0,2.0,100.0,29.018988
4402.0,1.0,20.0,2.0,100.0,28.455128
4403.0,2.0,20.0,2.0,100.0,29.522293
4404.0,3.0,20.0,2.0,100.0,29.410257
4405.0,5.0,20.0,2.0,100.0,47.441624
4406.0,10.0,20.0,2.0,100.0,39.402367
4407.0,20.0,20.0,2.0,100.0,54.69378
4408.0,40.0,20.0,2.0,100.0,29.569344
4409.0,49.0,20.0,2.0,100.0,29.221312
4410.0,0.0,20.0,2.0,100.0,28.617834
4411.0,0.5,20.0,2.0,100.0,29.475
4412.0,1.0,20.0,2.0,100.0,29.018988
4413.0,2.0,20.0,2.0,100.0,29.006329
4414.0,3.0,20.0,2.0,100.0,29.79375
4415.0,5.0,20.0,2.0,100.0,29.35484
4416.0,10.0,20.0,2.0,100.0,21.550848
4417.0,20.0,20.0,2.0,100.0,28.993464
4418.0,40.0,20.0,2.0,100.0,24.272728
4419.0,49.0,20.0,2.0,100.0,32.99248
4420.0,0.0,20.0,2.0,100.0,29.484276
4421.0,0.5,20.0,2.0,100.0,29.81875
4422.0,1.0,20.0,2.0,100.0,28.76923
4423.0,2.0,20.0,2.0,100.0,29.0
4424.0,3.0,20.0,2.0,100.0,29.391026
4425.0,5.0,20.0,2.0,100.0,29.312101
4426.0,10.0,20.0,2.0,100.0,29.655628
4427.0,20.0,20.0,2.0,100.0,29.324139
4428.0,40.0,20.0,2.0,100.0,28.566177
4429.0,49.0,20.0,2.0,100.0,28.615385
4430.0,0.0,20.0,2.0,100.0,29.383648
4431.0,0.5,20.0,2.0,100.0,29.455696
4432.0,1.0,20.0,2.0,100.0,30.58385
4433.0,2.0,20.0,2.0,100.0,29.350319
4434.0,3.0,20.0,2.0,100.0,29.767296
4435.0,5.0,20.0,2.0,100.0,28.692308
4436.0,10.0,20.0,2.0,100.0,28.75
4437.0,20.0,20.0,2.0,100.0,29.5034
4438.0,40.0,20.0,2.0,100.0,30.638462
4439.0,49.0,20.0,2.0,100.0,30.523438
4440.0,0.0,20.0,2.0,100.0,30.086956
4441.0,0.5,20.0,2.0,100.0,29.408806
4442.0,1.0,20.0,2.0,100.0,29.0
4443.0,2.0,20.0,2.0,100.0,42.517242
4444.0,3.0,20.0,2.0,100.0,28.598726
4445.0,5.0,20.0,2.0,100.0,29.96129
4446.0,10.0,20.0,2.0,100.0,29.192308
4447.0,20.0,20.0,2.0,100.0,30.255033
4448.0,40.0,20.0,2.0,100.0,28.773438
4449.0,49.0,20.0,2.0,100.0,28.568182
4450.0,0.0,20.0,2.0,100.0,45.87562
4451.0,0.5,20.0,2.0,100.0,28.924051
4452.0,1.0,20.0,2.0,100.0,30.106918
4453.0,2.0,20.0,2.0,100.0,29.654089
4454.0,3.0,20.0,2.0,100.0,29.215189
4455.0,5.0,20.0,2.0,100.0,30.603895
4456.0,10.0,20.0,2.0,100.0,50.485
4457.0,20.0,20.0,2.0,100.0,29.2
4458.0,40.0,20.0,2.0,100.0,29.91367
4459.0,49.0,20.0,2.0,100.0,29.023256
4460.0,0.0,20.0,2.0,100.0,28.598726
4461.0,0.5,20.0,2.0,100.0,29.284811
4462.0,1.0,20.0,2.0,100.0,28.993671
4463.0,2.0,20.0,2.0,100.0,28.660131
4464.0,3.0,20.0,2.0,100.0,29.45912
4465.0,5.0,20.0,2.0,100.0,30.547771
4466.0,10.0,20.0,2.0,100.0,28.882353
4467.0,20.0,20.0,2.0,100.0,31.390072
4468.0,40.0,20.0,2.0,100.0,28.639706
4469.0,49.0,20.0,2.0,100.0,29.127659
4470.0,0.0,20.0,2.0,100.0,29.26415
4471.0,0.5,20.0,2.0,100.0,29.044304
4472.0,1.0,20.0,2.0,100.0,29.390244
4473.0,2.0,20.0,2.0,100.0,28.51266
4474.0,3.0,20.0,2.0,100.0,30.6375
4475.0,5.0,20.0,2.0,100.0,28.298702
4476.0,10.0,20.0,2.0,100.0,28.601307
4477.0,20.0,20.0,2.0,100.0,28.033558
4478.0,40.0,20.0,2.0,100.0,29.149254
4479.0,49.0,20.0,2.0,100.0,30.082706
4480.0,0.0,20.0,2.0,100.0,27.916666
4481.0,0.5,20.0,2.0,100.0,29.427673
4482.0,1.0,20.0,2.0,100.0,56.051502
4483.0,2.0,20.0,2.0,100.0,29.679245
4484.0,3.0,20.0,2.0,100.0,29.326923
4485.0,5.0,20.0,2.0,100.0,28.580645
4486.0,10.0,20.0,2.0,100.0,28.81579
4487.0,20.0,20.0,2.0,100.0,28.727892
4488.0,40.0,20.0,2.0,100.0,29.225563
4489.0,49.0,20.0,2.0,100.0,28.244095
4490.0,0.0,20.0,2.0,100.0,46.655
4491.0,0.5,20.0,2.0,100.0,44.01914
4492.0,1.0,20.0,2.0,100.0,28.829113
4493.0,2.0,20.0,2.0,100.0,29.333334
4494.0,3.0,20.0,2.0,100.0,29.253164
4495.0,5.0,20.0,2.0,100.0,29.929935
4496.0,10.0,20.0,2.0,100.0,27.904762
4497.0,20.0,20.0,2.0,100.0,28.972973
4498.0,40.0,20.0,2.0,100.0,29.707693
4499.0,49.0,20.0,2.0,100.0,28.16154
4500.0,0.0,20.0,2.0,100.0,28.26923
4501.0,0.5,20.0,2.0,100.0,28.968355
4502.0,1.0,20.0,2.0,100.0,29.329113
4503.0,2.0,20.0,2.0,100.0,28.748386
4504.0,3.0,20.0,2.0,100.0,29.80503
4505.0,5.0,20.0,2.0,100.0,28.616882
4506.0,10.0,20.0,2.0,100.0,29.403973
4507.0,20.0,20.0,2.0,100.0,29.227587
4508.0,40.0,20.0,2.0,100.0,29.062016
4509.0,49.0,20.0,2.0,100.0,30.612904
4510.0,0.0,20.0,2.0,100.0,28.643312
4511.0,0.5,20.0,2.0,100.0,28.826923
4512.0,1.0,20.0,2.0,100.0,29.855347
4513.0,2.0,20.0,2.0,100.0,27.99359
4514.0,3.0,20.0,2.0,100.0,30.2375
4515.0,5.0,20.0,2.0,100.0,29.136364
4516.0,10.0,20.0,2.0,100.0,30.604027
4517.0,20.0,20.0,2.0,100.0,29.62069
4518.0,40.0,20.0,2.0,100.0,30.284672
4519.0,49.0,20.0,2.0,100.0,41.567566
4520.0,0.0,20.0,2.0,100.0,28.732485
4521.0,0.5,20.0,2.0,100.0,27.329033
4522.0,1.0,20.0,2.0,100.0,29.070065
4523.0,2.0,20.0,2.0,100.0,29.95
4524.0,3.0,20.0,2.0,100.0,45.371983
4525.0,5.0,20.0,2.0,100.0,28.928104
4526.0,10.0,20.0,2.0,100.0,28.609272
4527.0,20.0,20.0,2.0,100.0,45.337208
4528.0,40.0,20.0,2.0,100.0,29.20155
4529.0,49.0,20.0,2.0,100.0,27.671875
4530.0,0.0,20.0,2.0,100.0,29.761005
4531.0,0.5,20.0,2.0,100.0,39.94898
4532.0,1.0,20.0,2.0,100.0,29.729559
4533.0,2.0,20.0,2.0,100.0,29.35484
4534.0,3.0,20.0,2.0,100.0,28.954546
4535.0,5.0,20.0,2.0,100.0,29.79085
4536.0,10.0,20.0,2.0,100.0,33.33742
4537.0,20.0,20.0,2.0,100.0,24.041666
4538.0,40.0,20.0,2.0,100.0,28.781021
4539.0,49.0,20.0,2.0,100.0,30.333334
4540.0,0.0,20.0,2.0,100.0,29.496855
4541.0,0.5,20.0,2.0,100.0,30.10063
4542.0,1.0,20.0,2.0,100.0,29.584906
4543.0,2.0,20.0,2.0,100.0,29.660378
4544.0,3.0,20.0,2.0,100.0,28.788462
4545.0,5.0,20.0,2.0,100.0,29.088608
4546.0,10.0,20.0,2.0,100.0,29.793549
4547.0,20.0,20.0,2.0,100.0,28.945578
4548.0,40.0,20.0,2.0,100.0,29.860294
4549.0,49.0,20.0,2.0,100.0,29.343512
4550.0,0.0,20.0,2.0,100.0,28.550632
4551.0,0.5,20.0,2.0,100.0,28.314102
4552.0,1.0,20.0,2.0,100.0,29.433962
4553.0,2.0,20.0,2.0,100.0,29.318472
4554.0,3.0,20.0,2.0,100.0,29.550632
4555.0,5.0,20.0,2.0,100.0,29.342106
4556.0,10.0,20.0,2.0,100.0,22.722221
4557.0,20.0,20.0,2.0,100.0,29.715279
4558.0,40.0,20.0,2.0,100.0,28.715328
4559.0,49.0,20.0,2.0,100.0,17.876034
4560.0,0.0,20.0,2.0,100.0,29.96875
4561.0,0.5,20.0,2.0,100.0,28.961784
4562.0,1.0,20.0,2.0,100.0,28.290323
4563.0,2.0,20.0,2.0,100.0,28.583334
4564.0,3.0,20.0,2.0,100.0,29.25641
4565.0,5.0,20.0,2.0,100.0,29.111841
4566.0,10.0,20.0,2.0,100.0,29.664557
4567.0,20.0,20.0,2.0,100.0,28.849672
4568.0,40.0,20.0,2.0,100.0,28.4
4569.0,49.0,20.0,2.0,100.0,31.95122
4570.0,0.0,20.0,2.0,100.0,28.789808
4571.0,0.5,20.0,2.0,100.0,29.318472
4572.0,1.0,20.0,2.0,100.0,29.292994
4573.0,2.0,20.0,2.0,100.0,29.063694
4574.0,3.0,20.0,2.0,100.0,29.184713
4575.0,5.0,20.0,2.0,100.0,29.281046
4576.0,10.0,20.0,2.0,100.0,29.104576
4577.0,20.0,20.0,2.0,100.0,29.675676
4578.0,40.0,20.0,2.0,100.0,28.525179
4579.0,49.0,20.0,2.0,100.0,27.722628
4580.0,0.0,20.0,2.0,100.0,30.839506
4581.0,0.5,20.0,2.0,100.0,29.408806
4582.0,1.0,20.0,2.0,100.0,29.33758
4583.0,2.0,20.0,2.0,100.0,29.704403
4584.0,3.0,20.0,2.0,100.0,28.801283
4585.0,5.0,20.0,2.0,100.0,29.371796
4586.0,10.0,20.0,2.0,100.0,28.763159
4587.0,20.0,20.0,2.0,100.0,28.864864
4588.0,40.0,20.0,2.0,100.0,38.848682
4589.0,49.0,20.0,2.0,100.0,29.515385
4590.0,0.0,20.0,2.0,100.0,28.738853
4591.0,0.5,20.0,2.0,100.0,28.621796
4592.0,1.0,20.0,2.0,100.0,29.455696
4593.0,2.0,20.0,2.0,100.0,28.838709
4594.0,3.0,20.0,2.0,100.0,29.75
4595.0,5.0,20.0,2.0,100.0,29.808918
4596.0,10.0,20.0,2.0,100.0,28.818182
4597.0,20.0,20.0,2.0,100.0,28.427586
4598.0,40.0,20.0,2.0,100.0,28.92647
4599.0,49.0,20.0,2.0,100.0,29.030535
4600.0,0.0,20.0,2.0,100.0,28.56962
4601.0,0.5,20.0,2.0,100.0,29.320513
4602.0,1.0,20.0,2.0,100.0,29.179487
4603.0,2.0,20.0,2.0,100.0,29.101912
4604.0,3.0,20.0,2.0,100.0,30.184713
4605.0,5.0,20.0,2.0,100.0,28.774193
4606.0,10.0,20.0,2.0,100.0,28.18792
4607.0,20.0,20.0,2.0,100.0,18.559322
4608.0,40.0,20.0,2.0,100.0,28.147058
4609.0,49.0,20.0,2.0,100.0,35.21374
4610.0,0.0,20.0,2.0,100.0,37.335484
4611.0,0.5,20.0,2.0,100.0,28.757961
4612.0,1.0,20.0,2.0,100.0,29.031847
4613.0,2.0,20.0,2.0,100.0,29.21656
4614.0,3.0,20.0,2.0,100.0,29.070513
4615.0,5.0,20.0,2.0,100.0,30.496775
4616.0,10.0,20.0,2.0,100.0,29.30719
4617.0,20.0,20.0,2.0,100.0,26.352112
4618.0,40.0,20.0,2.0,100.0,30.452555
4619.0,49.0,20.0,2.0,100.0,30.052631
4620.0,0.0,20.0,2.0,100.0,29.9875
4621.0,0.5,20.0,2.0,100.0,28.27564
4622.0,1.0,20.0,2.0,100.0,29.506329
4623.0,2.0,20.0,2.0,100.0,29.133759
4624.0,3.0,20.0,2.0,100.0,29.324675
4625.0,5.0,20.0,2.0,100.0,29.354431
4626.0,10.0,20.0,2.0,100.0,28.833334
4627.0,20.0,20.0,2.0,100.0,28.582191
4628.0,40.0,20.0,2.0,100.0,29.885496
4629.0,49.0,20.0,2.0,100.0,29.216417
4630.0,0.0,20.0,2.0,100.0,29.471699
4631.0,0.5,20.0,2.0,100.0,29.475
4632.0,1.0,20.0,2.0,100.0,29.911392
4633.0,2.0,20.0,2.0,100.0,28.732485
4634.0,3.0,20.0,2.0,100.0,29.570513
4635.0,5.0,20.0,2.0,100.0,29.312101
4636.0,10.0,20.0,2.0,100.0,28.112583
4637.0,20.0,20.0,2.0,100.0,29.269503
4638.0,40.0,20.0,2.0,100.0,38.237762
4639.0,49.0,20.0,2.0,100.0,26.846153
4640.0,0.0,20.0,2.0,100.0,28.93038
4641.0,0.5,20.0,2.0,100.0,30.14375
4642.0,1.0,20.0,2.0,100.0,31.051094
4643.0,2.0,20.0,2.0,100.0,28.212904
4644.0,3.0,20.0,2.0,100.0,28.690323
4645.0,5.0,20.0,2.0,100.0,29.439491
4646.0,10.0,20.0,2.0,100.0,30.472973
4647.0,20.0,20.0,2.0,100.0,29.794327
4648.0,40.0,20.0,2.0,100.0,28.55639
4649.0,49.0,20.0,2.0,100.0,37.548874
4650.0,0.0,20.0,2.0,100.0,29.73585
4651.0,0.5,20.0,2.0,100.0,48.443924
4652.0,1.0,20.0,2.0,100.0,29.949368
4653.0,2.0,20.0,2.0,100.0,30.4875
4654.0,3.0,20.0,2.0,100.0,29.388535
4655.0,5.0,20.0,2.0,100.0,29.673077
4656.0,10.0,20.0,2.0,100.0,30.287582
4657.0,20.0,20.0,2.0,100.0,29.68919
4658.0,40.0,20.0,2.0,100.0,34.642384
4659.0,49.0,20.0,2.0,100.0,36.4
4660.0,0.0,20.0,2.0,100.0,30.09375
4661.0,0.5,20.0,2.0,100.0,30.125
4662.0,1.0,20.0,2.0,100.0,44.855
4663.0,2.0,20.0,2.0,100.0,30.207546
4664.0,3.0,20.0,2.0,100.0,28.477123
4665.0,5.0,20.0,2.0,100.0,30.36478
4666.0,10.0,20.0,2.0,100.0,29.74026
4667.0,20.0,20.0,2.0,100.0,24.466667
4668.0,40.0,20.0,2.0,100.0,29.421429
4669.0,49.0,20.0,2.0,100.0,28.711111
4670.0,0.0,20.0,2.0,100.0,29.158228
4671.0,0.5,20.0,2.0,100.0,29.620253
4672.0,1.0,20.0,2.0,100.0,27.77922
4673.0,2.0,20.0,2.0,100.0,28.509554
4674.0,3.0,20.0,2.0,100.0,29.237179
4675.0,5.0,20.0,2.0,100.0,29.045752
4676.0,10.0,20.0,2.0,100.0,29.046053
4677.0,20.0,20.0,2.0,100.0,24.9375
4678.0,40.0,20.0,2.0,100.0,28.925926
4679.0,49.0,20.0,2.0,100.0,28.679688
4680.0,0.0,20.0,2.0,100.0,51.41743
4681.0,0.5,20.0,2.0,100.0,30.496895
4682.0,1.0,20.0,2.0,100.0,29.189873
4683.0,2.0,20.0,2.0,100.0,29.167742
4684.0,3.0,20.0,2.0,100.0,28.916666
4685.0,5.0,20.0,2.0,100.0,26.243055
4686.0,10.0,20.0,2.0,100.0,15.674797
4687.0,20.0,20.0,2.0,100.0,29.353333
4688.0,40.0,20.0,2.0,100.0,28.963768
4689.0,49.0,20.0,2.0,100.0,28.467154
4690.0,0.0,20.0,2.0,100.0,29.566038
4691.0,0.5,20.0,2.0,100.0,36.895603
4692.0,1.0,20.0,2.0,100.0,29.802547
4693.0,2.0,20.0,2.0,100.0,28.664516
4694.0,3.0,20.0,2.0,100.0,29.057325
4695.0,5.0,20.0,2.0,100.0,29.605095
4696.0,10.0,20.0,2.0,100.0,28.407894
4697.0,20.0,20.0,2.0,100.0,29.305555
4698.0,40.0,20.0,2.0,100.0,31.21875
4699.0,49.0,20.0,2.0,100.0,28.69343
4700.0,0.0,20.0,2.0,100.0,28.468355
4701.0,0.5,20.0,2.0,100.0,28.56688
4702.0,1.0,20.0,2.0,100.0,28.886076
4703.0,2.0,20.0,2.0,100.0,52.199135
4704.0,3.0,20.0,2.0,100.0,29.427673
4705.0,5.0,20.0,2.0,100.0,53.195744
4706.0,10.0,20.0,2.0,100.0,29.941935
4707.0,20.0,20.0,2.0,100.0,28.79054
4708.0,40.0,20.0,2.0,100.0,30.404581
4709.0,49.0,20.0,2.0,100.0,26.518797
4710.0,0.0,20.0,2.0,100.0,29.424051
4711.0,0.5,20.0,2.0,100.0,27.673077
4712.0,1.0,20.0,2.0,100.0,29.427673
4713.0,2.0,20.0,2.0,100.0,29.588608
4714.0,3.0,20.0,2.0,100.0,29.968355
4715.0,5.0,20.0,2.0,100.0,28.603895
4716.0,10.0,20.0,2.0,100.0,28.486841
4717.0,20.0,20.0,2.0,100.0,28.204082
4718.0,40.0,20.0,2.0,100.0,28.135714
4719.0,49.0,20.0,2.0,100.0,27.908398
4720.0,0.0,20.0,2.0,100.0,46.541668
4721.0,0.5,20.0,2.0,100.0,28.892405
4722.0,1.0,20.0,2.0,100.0,29.333334
4723.0,2.0,20.0,2.0,100.0,29.426752
4724.0,3.0,20.0,2.0,100.0,29.559748
4725.0,5.0,20.0,2.0,100.0,28.714285
4726.0,10.0,20.0,2.0,100.0,29.230263
4727.0,20.0,20.0,2.0,100.0,28.92053
4728.0,40.0,20.0,2.0,100.0,29.674242
4729.0,49.0,20.0,2.0,100.0,31.162964
4730.0,0.0,20.0,2.0,100.0,27.987179
4731.0,0.5,20.0,2.0,100.0,29.050314
4732.0,1.0,20.0,2.0,100.0,30.614906
4733.0,2.0,20.0,2.0,100.0,29.286625
4734.0,3.0,20.0,2.0,100.0,28.75974
4735.0,5.0,20.0,2.0,100.0,29.49359
4736.0,10.0,20.0,2.0,100.0,22.357143
4737.0,20.0,20.0,2.0,100.0,28.676056
4738.0,40.0,20.0,2.0,100.0,27.362963
4739.0,49.0,20.0,2.0,100.0,38.834644
4740.0,0.0,20.0,2.0,100.0,28.605095
4741.0,0.5,20.0,2.0,100.0,29.312101
4742.0,1.0,20.0,2.0,100.0,28.471338
4743.0,2.0,20.0,2.0,100.0,29.734177
4744.0,3.0,20.0,2.0,100.0,29.251572
4745.0,5.0,20.0,2.0,100.0,29.032259
4746.0,10.0,20.0,2.0,100.0,29.673077
4747.0,20.0,20.0,2.0,100.0,29.760563
4748.0,40.0,20.0,2.0,100.0,32.734375
4749.0,49.0,20.0,2.0,100.0,29.25191
4750.0,0.0,20.0,2.0,100.0,43.822582
4751.0,0.5,20.0,2.0,100.0,53.17647
4752.0,1.0,20.0,2.0,100.0,30.145569
4753.0,2.0,20.0,2.0,100.0,29.038462
4754.0,3.0,20.0,2.0,100.0,29.556963
4755.0,5.0,20.0,2.0,100.0,27.592106
4756.0,10.0,20.0,2.0,100.0,29.644737
4757.0,20.0,20.0,2.0,100.0,40.597702
4758.0,40.0,20.0,2.0,100.0,32.050724
4759.0,49.0,20.0,2.0,100.0,35.114094
4760.0,0.0,20.0,2.0,100.0,29.308176
4761.0,0.5,20.0,2.0,100.0,29.265823
4762.0,1.0,20.0,2.0,100.0,28.943037
4763.0,2.0,20.0,2.0,100.0,28.03871
4764.0,3.0,20.0,2.0,100.0,28.378204
4765.0,5.0,20.0,2.0,100.0,29.516129
4766.0,10.0,20.0,2.0,100.0,29.842106
4767.0,20.0,20.0,2.0,100.0,28.44898
4768.0,40.0,20.0,2.0,100.0,35.452053
4769.0,49.0,20.0,2.0,100.0,28.16279
4770.0,0.0,20.0,2.0,100.0,28.63924
4771.0,0.5,20.0,2.0,100.0,43.035355
4772.0,1.0,20.0,2.0,100.0,28.535032
4773.0,2.0,20.0,2.0,100.0,28.726114
4774.0,3.0,20.0,2.0,100.0,29.55346
4775.0,5.0,20.0,2.0,100.0,29.891026
4776.0,10.0,20.0,2.0,100.0,28.38961
4777.0,20.0,20.0,2.0,100.0,24.811966
4778.0,40.0,20.0,2.0,100.0,25.7594
4779.0,49.0,20.0,2.0,100.0,27.640625
4780.0,0.0,20.0,2.0,100.0,29.974842
4781.0,0.5,20.0,2.0,100.0,29.610064
4782.0,1.0,20.0,2.0,100.0,34.204544
4783.0,2.0,20.0,2.0,100.0,29.754839
4784.0,3.0,20.0,2.0,100.0,28.267515
4785.0,5.0,20.0,2.0,100.0,29.72152
4786.0,10.0,20.0,2.0,100.0,28.569536
4787.0,20.0,20.0,2.0,100.0,33.083332
4788.0,40.0,20.0,2.0,100.0,26.544777
4789.0,49.0,20.0,2.0,100.0,29.515385
4790.0,0.0,20.0,2.0,100.0,28.115385
4791.0,0.5,20.0,2.0,100.0,28.369427
4792.0,1.0,20.0,2.0,100.0,29.54088
4793.0,2.0,20.0,2.0,100.0,29.075472
4794.0,3.0,20.0,2.0,100.0,28.726114
4795.0,5.0,20.0,2.0,100.0,29.929031
4796.0,10.0,20.0,2.0,100.0,28.849672
4797.0,20.0,20.0,2.0,100.0,31.181208
4798.0,40.0,20.0,2.0,100.0,29.205883
4799.0,49.0,20.0,2.0,100.0,29.156717
4800.0,0.0,20.0,2.0,100.0,28.388535
4801.0,0.5,20.0,2.0,100.0,28.318472
4802.0,1.0,20.0,2.0,100.0,30.34375
4803.0,2.0,20.0,2.0,100.0,28.75641
4804.0,3.0,20.0,2.0,100.0,29.396227
4805.0,5.0,20.0,2.0,100.0,29.449368
4806.0,10.0,20.0,2.0,100.0,53.516747
4807.0,20.0,20.0,2.0,100.0,29.87755
4808.0,40.0,20.0,2.0,100.0,29.207407
4809.0,49.0,20.0,2.0,100.0,29.067669
4810.0,0.0,20.0,2.0,100.0,29.72327
4811.0,0.5,20.0,2.0,100.0,29.9125
4812.0,1.0,20.0,2.0,100.0,28.962025
4813.0,2.0,20.0,2.0,100.0,29.13924
4814.0,3.0,20.0,2.0,100.0,28.942308
4815.0,5.0,20.0,2.0,100.0,29.050955
4816.0,10.0,20.0,2.0,100.0,29.44898
4817.0,20.0,20.0,2.0,100.0,29.116438
4818.0,40.0,20.0,2.0,100.0,36.335484
4819.0,49.0,20.0,2.0,100.0,27.80597
4820.0,0.0,20.0,2.0,100.0,28.974842
4821.0,0.5,20.0,2.0,100.0,28.803797
4822.0,1.0,20.0,2.0,100.0,29.414013
4823.0,2.0,20.0,2.0,100.0,28.601307
4824.0,3.0,20.0,2.0,100.0,28.788462
4825.0,5.0,20.0,2.0,100.0,24.539568
4826.0,10.0,20.0,2.0,100.0,15.863636
4827.0,20.0,20.0,2.0,100.0,29.034966
4828.0,40.0,20.0,2.0,100.0,29.263159
4829.0,49.0,20.0,2.0,100.0,30.172932
4830.0,0.0,20.0,2.0,100.0,28.815287
4831.0,0.5,20.0,2.0,100.0,29.698112
4832.0,1.0,20.0,2.0,100.0,28.841772
4833.0,2.0,20.0,2.0,100.0,29.943037
4834.0,3.0,20.0,2.0,100.0,29.699347
4835.0,5.0,20.0,2.0,100.0,30.089172
4836.0,10.0,20.0,2.0,100.0,31.25625
4837.0,20.0,20.0,2.0,100.0,29.826666
4838.0,40.0,20.0,2.0,100.0,27.969465
4839.0,49.0,20.0,2.0,100.0,30.723215
4840.0,0.0,20.0,2.0,100.0,39.42857
4841.0,0.5,20.0,2.0,100.0,29.679245
4842.0,1.0,20.0,2.0,100.0,29.55414
4843.0,2.0,20.0,2.0,100.0,28.803797
4844.0,3.0,20.0,2.0,100.0,28.774193
4845.0,5.0,20.0,2.0,100.0,29.772152
4846.0,10.0,20.0,2.0,100.0,29.171053
4847.0,20.0,20.0,2.0,100.0,28.633333
4848.0,40.0,20.0,2.0,100.0,22.59375
4849.0,49.0,20.0,2.0,100.0,28.238462
4850.0,0.0,20.0,2.0,100.0,29.13924
4851.0,0.5,20.0,2.0,100.0,29.9125
4852.0,1.0,20.0,2.0,100.0,37.594936
4853.0,2.0,20.0,2.0,100.0,28.949368
4854.0,3.0,20.0,2.0,100.0,29.219355
4855.0,5.0,20.0,2.0,100.0,31.595589
4856.0,10.0,20.0,2.0,100.0,28.38
4857.0,20.0,20.0,2.0,100.0,29.455172
4858.0,40.0,20.0,2.0,100.0,28.978416
4859.0,49.0,20.0,2.0,100.0,29.139534
4860.0,0.0,20.0,2.0,100.0,29.8625
4861.0,0.5,20.0,2.0,100.0,28.064102
4862.0,1.0,20.0,2.0,100.0,28.448717
4863.0,2.0,20.0,2.0,100.0,29.159235
4864.0,3.0,20.0,2.0,100.0,28.961784
4865.0,5.0,20.0,2.0,100.0,29.719746
4866.0,10.0,20.0,2.0,100.0,28.746754
4867.0,20.0,20.0,2.0,100.0,28.6993
4868.0,40.0,20.0,2.0,100.0,28.090225
4869.0,49.0,20.0,2.0,100.0,28.607693
4870.0,0.0,20.0,2.0,100.0,29.113924
4871.0,0.5,20.0,2.0,100.0,30.125
4872.0,1.0,20.0,2.0,100.0,30.322784
4873.0,2.0,20.0,2.0,100.0,30.050314
4874.0,3.0,20.0,2.0,100.0,30.197453
4875.0,5.0,20.0,2.0,100.0,35.59887
4876.0,10.0,20.0,2.0,100.0,28.78
4877.0,20.0,20.0,2.0,100.0,27.143835
4878.0,40.0,20.0,2.0,100.0,29.75
4879.0,49.0,20.0,2.0,100.0,27.751938
4880.0,0.0,20.0,2.0,100.0,35.379887
4881.0,0.5,20.0,2.0,100.0,27.807692
4882.0,1.0,20.0,2.0,100.0,29.578617
4883.0,2.0,20.0,2.0,100.0,29.464968
4884.0,3.0,20.0,2.0,100.0,44.838543
4885.0,5.0,20.0,2.0,100.0,28.567741
4886.0,10.0,20.0,2.0,100.0,29.949045
4887.0,20.0,20.0,2.0,100.0,29.841059
4888.0,40.0,20.0,2.0,100.0,29.522388
4889.0,49.0,20.0,2.0,100.0,29.348484
4890.0,0.0,20.0,2.0,100.0,29.89375
4891.0,0.5,20.0,2.0,100.0,29.632912
4892.0,1.0,20.0,2.0,100.0,39.512955
4893.0,2.0,20.0,2.0,100.0,35.980133
4894.0,3.0,20.0,2.0,100.0,37.526012
4895.0,5.0,20.0,2.0,100.0,28.738562
4896.0,10.0,20.0,2.0,100.0,28.37255
4897.0,20.0,20.0,2.0,100.0,27.90071
4898.0,40.0,20.0,2.0,100.0,28.65909
4899.0,49.0,20.0,2.0,100.0,29.023623
4900.0,0.0,20.0,2.0,100.0,30.15
4901.0,0.5,20.0,2.0,100.0,29.742138
4902.0,1.0,20.0,2.0,100.0,29.531645
4903.0,2.0,20.0,2.0,100.0,28.624205
4904.0,3.0,20.0,2.0,100.0,29.101912
4905.0,5.0,20.0,2.0,100.0,29.210192
4906.0,10.0,20.0,2.0,100.0,29.044872
4907.0,20.0,20.0,2.0,100.0,23.772058
4908.0,40.0,20.0,2.0,100.0,29.24627
4909.0,49.0,20.0,2.0,100.0,26.820896
4910.0,0.0,20.0,2.0,100.0,28.356688
4911.0,0.5,20.0,2.0,100.0,28.63924
4912.0,1.0,20.0,2.0,100.0,29.127388
4913.0,2.0,20.0,2.0,100.0,28.611465
4914.0,3.0,20.0,2.0,100.0,28.71613
4915.0,5.0,20.0,2.0,100.0,27.819355
4916.0,10.0,20.0,2.0,100.0,28.941559
4917.0,20.0,20.0,2.0,100.0,29.248276
4918.0,40.0,20.0,2.0,100.0,22.48062
4919.0,49.0,20.0,2.0,100.0,27.653543
4920.0,0.0,20.0,2.0,100.0,28.656052
4921.0,0.5,20.0,2.0,100.0,29.767296
4922.0,1.0,20.0,2.0,100.0,29.477987
4923.0,2.0,20.0,2.0,100.0,29.905064
4924.0,3.0,20.0,2.0,100.0,29.331211
4925.0,5.0,20.0,2.0,100.0,30.169811
4926.0,10.0,20.0,2.0,100.0,29.099339
4927.0,20.0,20.0,2.0,100.0,40.122093
4928.0,40.0,20.0,2.0,100.0,29.114504
4929.0,49.0,20.0,2.0,100.0,26.928572
4930.0,0.0,20.0,2.0,100.0,28.759493
4931.0,0.5,20.0,2.0,100.0,35.09722
4932.0,1.0,20.0,2.0,100.0,28.378204
4933.0,2.0,20.0,2.0,100.0,30.4625
4934.0,3.0,20.0,2.0,100.0,29.794872
4935.0,5.0,20.0,2.0,100.0,30.591194
4936.0,10.0,20.0,2.0,100.0,28.80921
4937.0,20.0,20.0,2.0,100.0,16.165138
4938.0,40.0,20.0,2.0,100.0,26.24031
4939.0,49.0,20.0,2.0,100.0,30.403225
4940.0,0.0,20.0,2.0,100.0,28.173077
4941.0,0.5,20.0,2.0,100.0,28.070969
4942.0,1.0,20.0,2.0,100.0,29.732485
4943.0,2.0,20.0,2.0,100.0,29.69375
4944.0,3.0,20.0,2.0,100.0,28.483871
4945.0,5.0,20.0,2.0,100.0,45.48515
4946.0,10.0,20.0,2.0,100.0,22.703703
4947.0,20.0,20.0,2.0,100.0,28.992908
4948.0,40.0,20.0,2.0,100.0,32.376713
4949.0,49.0,20.0,2.0,100.0,28.353384
4950.0,0.0,20.0,2.0,100.0,30.47205
4951.0,0.5,20.0,2.0,100.0,29.89375
4952.0,1.0,20.0,2.0,100.0,29.440252
4953.0,2.0,20.0,2.0,100.0,28.8
4954.0,3.0,20.0,2.0,100.0,29.780645
4955.0,5.0,20.0,2.0,100.0,29.217949
4956.0,10.0,20.0,2.0,100.0,38.11613
4957.0,20.0,20.0,2.0,100.0,28.304054
4958.0,40.0,20.0,2.0,100.0,28.902985
4959.0,49.0,20.0,2.0,100.0,28.292683
4960.0,0.0,20.0,2.0,100.0,30.428572
4961.0,0.5,20.0,2.0,100.0,29.63522
4962.0,1.0,20.0,2.0,100.0,28.821655
4963.0,2.0,20.0,2.0,100.0,28.214285
4964.0,3.0,20.0,2.0,100.0,29.189873
4965.0,5.0,20.0,2.0,100.0,29.0
4966.0,10.0,20.0,2.0,100.0,27.52027
4967.0,20.0,20.0,2.0,100.0,28.904762
4968.0,40.0,20.0,2.0,100.0,28.6
4969.0,49.0,20.0,2.0,100.0,24.016394
4970.0,0.0,20.0,2.0,100.0,29.06962
4971.0,0.5,20.0,2.0,100.0,29.528662
4972.0,1.0,20.0,2.0,100.0,30.01875
4973.0,2.0,20.0,2.0,100.0,28.647436
4974.0,3.0,20.0,2.0,100.0,59.272358
4975.0,5.0,20.0,2.0,100.0,30.265823
4976.0,10.0,20.0,2.0,100.0,28.62987
4977.0,20.0,20.0,2.0,100.0,30.445162
4978.0,40.0,20.0,2.0,100.0,23.237288
4979.0,49.0,20.0,2.0,100.0,29.097015
4980.0,0.0,20.0,2.0,100.0,47.910892
4981.0,0.5,20.0,2.0,100.0,28.847134
4982.0,1.0,20.0,2.0,100.0,28.681528
4983.0,2.0,20.0,2.0,100.0,30.32298
4984.0,3.0,20.0,2.0,100.0,30.433962
4985.0,5.0,20.0,2.0,100.0,28.206667
4986.0,10.0,20.0,2.0,100.0,30.180645
4987.0,20.0,20.0,2.0,100.0,29.84
4988.0,40.0,20.0,2.0,100.0,30.51773
4989.0,49.0,20.0,2.0,100.0,29.480314
4990.0,0.0,20.0,2.0,100.0,30.32298
4991.0,0.5,20.0,2.0,100.0,28.439491
4992.0,1.0,20.0,2.0,100.0,31.217392
4993.0,2.0,20.0,2.0,100.0,29.26923
4994.0,3.0,20.0,2.0,100.0,28.853502
4995.0,5.0,20.0,2.0,100.0,28.837662
4996.0,10.0,20.0,2.0,100.0,26.45
4997.0,20.0,20.0,2.0,100.0,29.1875
4998.0,40.0,20.0,2.0,100.0,29.588652
4999.0,49.0,20.0,2.0,100.0,28.09322
