Factor 1,Factor 2,Factor 3,Factor 4,Factor 5,Result 1
0.0,0.0,0.0,2.0,100.0,23.96
1.0,0.5,0.0,2.0,100.0,10.27
2.0,1.0,0.0,2.0,100.0,23.47
3.0,2.0,0.0,2.0,100.0,12.84
4.0,3.0,0.0,2.0,100.0,11.12
5.0,5.0,0.0,2.0,100.0,9.92
6.0,10.0,0.0,2.0,100.0,8.56
7.0,20.0,0.0,2.0,100.0,8.13
8.0,40.0,0.0,2.0,100.0,9.4
9.0,49.0,0.0,2.0,100.0,11.55
10.0,0.0,0.0,2.0,100.0,11.86
11.0,0.5,0.0,2.0,100.0,21.13
12.0,1.0,0.0,2.0,100.0,11.96
13.0,2.0,0.0,2.0,100.0,9.27
14.0,3.0,0.0,2.0,100.0,10.36
15.0,5.0,0.0,2.0,100.0,9.65
16.0,10.0,0.0,2.0,100.0,8.77
17.0,20.0,0.0,2.0,100.0,11.28
18.0,40.0,0.0,2.0,100.0,9.44
19.0,49.0,0.0,2.0,100.0,9.26
20.0,0.0,0.0,2.0,100.0,16.04
21.0,0.5,0.0,2.0,100.0,19.62
22.0,1.0,0.0,2.0,100.0,13.07
23.0,2.0,0.0,2.0,100.0,16.55
24.0,3.0,0.0,2.0,100.0,9.75
25.0,5.0,0.0,2.0,100.0,11.38
26.0,10.0,0.0,2.0,100.0,7.97
27.0,20.0,0.0,2.0,100.0,8.35
28.0,40.0,0.0,2.0,100.0,8.85
29.0,49.0,0.0,2.0,100.0,11.32
30.0,0.0,0.0,2.0,100.0,21.42
31.0,0.5,0.0,2.0,100.0,21.38
32.0,1.0,0.0,2.0,100.0,10.11
33.0,2.0,0.0,2.0,100.0,14.73
34.0,3.0,0.0,2.0,100.0,9.29
35.0,5.0,0.0,2.0,100.0,9.85
36.0,10.0,0.0,2.0,100.0,10.61
37.0,20.0,0.0,2.0,100.0,9.22
38.0,40.0,0.0,2.0,100.0,11.7
39.0,49.0,0.0,2.0,100.0,10.43
40.0,0.0,0.0,2.0,100.0,21.61
41.0,0.5,0.0,2.0,100.0,11.7
42.0,1.0,0.0,2.0,100.0,9.64
43.0,2.0,0.0,2.0,100.0,14.4
44.0,3.0,0.0,2.0,100.0,10.61
45.0,5.0,0.0,2.0,100.0,9.12
46.0,10.0,0.0,2.0,100.0,8.99
47.0,20.0,0.0,2.0,100.0,12.34
48.0,40.0,0.0,2.0,100.0,8.16
49.0,49.0,0.0,2.0,100.0,10.9
50.0,0.0,0.0,2.0,100.0,15.12
51.0,0.5,0.0,2.0,100.0,15.87
52.0,1.0,0.0,2.0,100.0,9.86
53.0,2.0,0.0,2.0,100.0,14.24
54.0,3.0,0.0,2.0,100.0,9.0
55.0,5.0,0.0,2.0,100.0,10.33
56.0,10.0,0.0,2.0,100.0,9.21
57.0,20.0,0.0,2.0,100.0,7.83
58.0,40.0,0.0,2.0,100.0,8.3
59.0,49.0,0.0,2.0,100.0,9.31
60.0,0.0,0.0,2.0,100.0,15.5
61.0,0.5,0.0,2.0,100.0,19.99
62.0,1.0,0.0,2.0,100.0,9.07
63.0,2.0,0.0,2.0,100.0,12.72
64.0,3.0,0.0,2.0,100.0,16.44
65.0,5.0,0.0,2.0,100.0,10.01
66.0,10.0,0.0,2.0,100.0,9.52
67.0,20.0,0.0,2.0,100.0,9.55
68.0,40.0,0.0,2.0,100.0,11.58
69.0,49.0,0.0,2.0,100.0,11.34
70.0,0.0,0.0,2.0,100.0,18.14
71.0,0.5,0.0,2.0,100.0,21.32
72.0,1.0,0.0,2.0,100.0,19.17
73.0,2.0,0.0,2.0,100.0,14.14
74.0,3.0,0.0,2.0,100.0,14.54
75.0,5.0,0.0,2.0,100.0,8.73
76.0,10.0,0.0,2.0,100.0,8.65
77.0,20.0,0.0,2.0,100.0,9.08
78.0,40.0,0.0,2.0,100.0,9.19
79.0,49.0,0.0,2.0,100.0,11.81
80.0,0.0,0.0,2.0,100.0,14.3
81.0,0.5,0.0,2.0,100.0,23.58
82.0,1.0,0.0,2.0,100.0,18.72
83.0,2.0,0.0,2.0,100.0,13.84
84.0,3.0,0.0,2.0,100.0,11.25
85.0,5.0,0.0,2.0,100.0,8.23
86.0,10.0,0.0,2.0,100.0,9.89
87.0,20.0,0.0,2.0,100.0,11.57
88.0,40.0,0.0,2.0,100.0,10.02
89.0,49.0,0.0,2.0,100.0,14.46
90.0,0.0,0.0,2.0,100.0,16.89
91.0,0.5,0.0,2.0,100.0,19.79
92.0,1.0,0.0,2.0,100.0,14.34
93.0,2.0,0.0,2.0,100.0,9.46
94.0,3.0,0.0,2.0,100.0,11.32
95.0,5.0,0.0,2.0,100.0,9.23
96.0,10.0,0.0,2.0,100.0,8.72
97.0,20.0,0.0,2.0,100.0,8.22
98.0,40.0,0.0,2.0,100.0,10.8
99.0,49.0,0.0,2.0,100.0,12.07
100.0,0.0,0.0,2.0,100.0,21.81
101.0,0.5,0.0,2.0,100.0,13.29
102.0,1.0,0.0,2.0,100.0,16.84
103.0,2.0,0.0,2.0,100.0,10.34
104.0,3.0,0.0,2.0,100.0,11.93
105.0,5.0,0.0,2.0,100.0,10.13
106.0,10.0,0.0,2.0,100.0,9.16
107.0,20.0,0.0,2.0,100.0,9.84
108.0,40.0,0.0,2.0,100.0,10.07
109.0,49.0,0.0,2.0,100.0,9.09
110.0,0.0,0.0,2.0,100.0,19.01
111.0,0.5,0.0,2.0,100.0,23.62
112.0,1.0,0.0,2.0,100.0,18.83
113.0,2.0,0.0,2.0,100.0,11.56
114.0,3.0,0.0,2.0,100.0,10.4
115.0,5.0,0.0,2.0,100.0,8.11
116.0,10.0,0.0,2.0,100.0,9.47
117.0,20.0,0.0,2.0,100.0,10.15
118.0,40.0,0.0,2.0,100.0,9.27
119.0,49.0,0.0,2.0,100.0,9.76
120.0,0.0,0.0,2.0,100.0,21.75
121.0,0.5,0.0,2.0,100.0,20.09
122.0,1.0,0.0,2.0,100.0,9.25
123.0,2.0,0.0,2.0,100.0,10.41
124.0,3.0,0.0,2.0,100.0,19.1
125.0,5.0,0.0,2.0,100.0,11.48
126.0,10.0,0.0,2.0,100.0,10.51
127.0,20.0,0.0,2.0,100.0,10.07
128.0,40.0,0.0,2.0,100.0,10.0
129.0,49.0,0.0,2.0,100.0,8.55
130.0,0.0,0.0,2.0,100.0,23.2
131.0,0.5,0.0,2.0,100.0,22.0
132.0,1.0,0.0,2.0,100.0,14.02
133.0,2.0,0.0,2.0,100.0,12.49
134.0,3.0,0.0,2.0,100.0,11.06
135.0,5.0,0.0,2.0,100.0,9.27
136.0,10.0,0.0,2.0,100.0,10.62
137.0,20.0,0.0,2.0,100.0,11.46
138.0,40.0,0.0,2.0,100.0,9.3
139.0,49.0,0.0,2.0,100.0,15.52
140.0,0.0,0.0,2.0,100.0,17.52
141.0,0.5,0.0,2.0,100.0,19.0
142.0,1.0,0.0,2.0,100.0,13.48
143.0,2.0,0.0,2.0,100.0,16.96
144.0,3.0,0.0,2.0,100.0,8.94
145.0,5.0,0.0,2.0,100.0,10.46
146.0,10.0,0.0,2.0,100.0,11.0
147.0,20.0,0.0,2.0,100.0,8.94
148.0,40.0,0.0,2.0,100.0,12.26
149.0,49.0,0.0,2.0,100.0,10.35
150.0,0.0,0.0,2.0,100.0,18.7
151.0,0.5,0.0,2.0,100.0,12.92
152.0,1.0,0.0,2.0,100.0,16.93
153.0,2.0,0.0,2.0,100.0,9.37
154.0,3.0,0.0,2.0,100.0,9.35
155.0,5.0,0.0,2.0,100.0,10.35
156.0,10.0,0.0,2.0,100.0,9.59
157.0,20.0,0.0,2.0,100.0,9.32
158.0,40.0,0.0,2.0,100.0,8.99
159.0,49.0,0.0,2.0,100.0,7.87
160.0,0.0,0.0,2.0,100.0,9.03
161.0,0.5,0.0,2.0,100.0,15.17
162.0,1.0,0.0,2.0,100.0,19.42
163.0,2.0,0.0,2.0,100.0,11.19
164.0,3.0,0.0,2.0,100.0,9.29
165.0,5.0,0.0,2.0,100.0,8.0
166.0,10.0,0.0,2.0,100.0,10.57
167.0,20.0,0.0,2.0,100.0,8.08
168.0,40.0,0.0,2.0,100.0,9.91
169.0,49.0,0.0,2.0,100.0,11.59
170.0,0.0,0.0,2.0,100.0,26.19
171.0,0.5,0.0,2.0,100.0,12.31
172.0,1.0,0.0,2.0,100.0,16.18
173.0,2.0,0.0,2.0,100.0,13.8
174.0,3.0,0.0,2.0,100.0,7.54
175.0,5.0,0.0,2.0,100.0,10.87
176.0,10.0,0.0,2.0,100.0,9.6
177.0,20.0,0.0,2.0,100.0,8.43
178.0,40.0,0.0,2.0,100.0,10.43
179.0,49.0,0.0,2.0,100.0,10.31
180.0,0.0,0.0,2.0,100.0,14.64
181.0,0.5,0.0,2.0,100.0,21.11
182.0,1.0,0.0,2.0,100.0,10.02
183.0,2.0,0.0,2.0,100.0,13.7
184.0,3.0,0.0,2.0,100.0,10.27
185.0,5.0,0.0,2.0,100.0,10.96
186.0,10.0,0.0,2.0,100.0,10.05
187.0,20.0,0.0,2.0,100.0,9.82
188.0,40.0,0.0,2.0,100.0,10.15
189.0,49.0,0.0,2.0,100.0,12.1
190.0,0.0,0.0,2.0,100.0,24.4
191.0,0.5,0.0,2.0,100.0,21.24
192.0,1.0,0.0,2.0,100.0,8.68
193.0,2.0,0.0,2.0,100.0,12.3
194.0,3.0,0.0,2.0,100.0,8.67
195.0,5.0,0.0,2.0,100.0,9.24
196.0,10.0,0.0,2.0,100.0,8.14
197.0,20.0,0.0,2.0,100.0,11.39
198.0,40.0,0.0,2.0,100.0,8.98
199.0,49.0,0.0,2.0,100.0,9.38
200.0,0.0,0.0,2.0,100.0,12.24
201.0,0.5,0.0,2.0,100.0,23.41
202.0,1.0,0.0,2.0,100.0,8.43
203.0,2.0,0.0,2.0,100.0,10.59
204.0,3.0,0.0,2.0,100.0,12.48
205.0,5.0,0.0,2.0,100.0,9.81
206.0,10.0,0.0,2.0,100.0,12.03
207.0,20.0,0.0,2.0,100.0,13.35
208.0,40.0,0.0,2.0,100.0,11.62
209.0,49.0,0.0,2.0,100.0,11.09
210.0,0.0,0.0,2.0,100.0,26.64
211.0,0.5,0.0,2.0,100.0,11.04
212.0,1.0,0.0,2.0,100.0,16.14
213.0,2.0,0.0,2.0,100.0,10.19
214.0,3.0,0.0,2.0,100.0,8.83
215.0,5.0,0.0,2.0,100.0,9.08
216.0,10.0,0.0,2.0,100.0,11.36
217.0,20.0,0.0,2.0,100.0,9.63
218.0,40.0,0.0,2.0,100.0,12.13
219.0,49.0,0.0,2.0,100.0,12.35
220.0,0.0,0.0,2.0,100.0,20.28
221.0,0.5,0.0,2.0,100.0,13.43
222.0,1.0,0.0,2.0,100.0,13.53
223.0,2.0,0.0,2.0,100.0,10.82
224.0,3.0,0.0,2.0,100.0,12.48
225.0,5.0,0.0,2.0,100.0,9.08
226.0,10.0,0.0,2.0,100.0,8.51
227.0,20.0,0.0,2.0,100.0,7.78
228.0,40.0,0.0,2.0,100.0,12.4
229.0,49.0,0.0,2.0,100.0,8.16
230.0,0.0,0.0,2.0,100.0,14.53
231.0,0.5,0.0,2.0,100.0,23.21
232.0,1.0,0.0,2.0,100.0,24.45
233.0,2.0,0.0,2.0,100.0,10.31
234.0,3.0,0.0,2.0,100.0,10.21
235.0,5.0,0.0,2.0,100.0,8.36
236.0,10.0,0.0,2.0,100.0,10.58
237.0,20.0,0.0,2.0,100.0,9.46
238.0,40.0,0.0,2.0,100.0,10.68
239.0,49.0,0.0,2.0,100.0,10.74
240.0,0.0,0.0,2.0,100.0,22.9
241.0,0.5,0.0,2.0,100.0,11.7
242.0,1.0,0.0,2.0,100.0,17.58
243.0,2.0,0.0,2.0,100.0,12.85
244.0,3.0,0.0,2.0,100.0,12.53
245.0,5.0,0.0,2.0,100.0,9.16
246.0,10.0,0.0,2.0,100.0,8.73
247.0,20.0,0.0,2.0,100.0,16.03
248.0,40.0,0.0,2.0,100.0,9.91
249.0,49.0,0.0,2.0,100.0,14.5
250.0,0.0,0.0,2.0,100.0,20.06
251.0,0.5,0.0,2.0,100.0,20.89
252.0,1.0,0.0,2.0,100.0,18.27
253.0,2.0,0.0,2.0,100.0,14.52
254.0,3.0,0.0,2.0,100.0,9.4
255.0,5.0,0.0,2.0,100.0,10.14
256.0,10.0,0.0,2.0,100.0,10.32
257.0,20.0,0.0,2.0,100.0,11.7
258.0,40.0,0.0,2.0,100.0,9.2
259.0,49.0,0.0,2.0,100.0,10.35
260.0,0.0,0.0,2.0,100.0,22.6
261.0,0.5,0.0,2.0,100.0,18.53
262.0,1.0,0.0,2.0,100.0,24.51
263.0,2.0,0.0,2.0,100.0,14.87
264.0,3.0,0.0,2.0,100.0,13.22
265.0,5.0,0.0,2.0,100.0,10.34
266.0,10.0,0.0,2.0,100.0,9.14
267.0,20.0,0.0,2.0,100.0,10.51
268.0,40.0,0.0,2.0,100.0,8.84
269.0,49.0,0.0,2.0,100.0,12.22
270.0,0.0,0.0,2.0,100.0,9.7
271.0,0.5,0.0,2.0,100.0,13.6
272.0,1.0,0.0,2.0,100.0,19.75
273.0,2.0,0.0,2.0,100.0,11.33
274.0,3.0,0.0,2.0,100.0,8.47
275.0,5.0,0.0,2.0,100.0,9.73
276.0,10.0,0.0,2.0,100.0,9.73
277.0,20.0,0.0,2.0,100.0,11.41
278.0,40.0,0.0,2.0,100.0,12.12
279.0,49.0,0.0,2.0,100.0,11.92
280.0,0.0,0.0,2.0,100.0,22.95
281.0,0.5,0.0,2.0,100.0,11.33
282.0,1.0,0.0,2.0,100.0,12.88
283.0,2.0,0.0,2.0,100.0,20.12
284.0,3.0,0.0,2.0,100.0,11.13
285.0,5.0,0.0,2.0,100.0,10.63
286.0,10.0,0.0,2.0,100.0,8.49
287.0,20.0,0.0,2.0,100.0,9.04
288.0,40.0,0.0,2.0,100.0,12.33
289.0,49.0,0.0,2.0,100.0,12.3
290.0,0.0,0.0,2.0,100.0,15.47
291.0,0.5,0.0,2.0,100.0,15.28
292.0,1.0,0.0,2.0,100.0,9.96
293.0,2.0,0.0,2.0,100.0,9.95
294.0,3.0,0.0,2.0,100.0,11.85
295.0,5.0,0.0,2.0,100.0,8.18
296.0,10.0,0.0,2.0,100.0,11.0
297.0,20.0,0.0,2.0,100.0,8.74
298.0,40.0,0.0,2.0,100.0,18.86
299.0,49.0,0.0,2.0,100.0,10.58
300.0,0.0,0.0,2.0,100.0,18.2
301.0,0.5,0.0,2.0,100.0,10.06
302.0,1.0,0.0,2.0,100.0,9.94
303.0,2.0,0.0,2.0,100.0,20.27
304.0,3.0,0.0,2.0,100.0,9.99
305.0,5.0,0.0,2.0,100.0,8.7
306.0,10.0,0.0,2.0,100.0,8.57
307.0,20.0,0.0,2.0,100.0,14.57
308.0,40.0,0.0,2.0,100.0,11.44
309.0,49.0,0.0,2.0,100.0,8.02
310.0,0.0,0.0,2.0,100.0,18.99
311.0,0.5,0.0,2.0,100.0,12.71
312.0,1.0,0.0,2.0,100.0,11.72
313.0,2.0,0.0,2.0,100.0,9.32
314.0,3.0,0.0,2.0,100.0,15.0
315.0,5.0,0.0,2.0,100.0,9.19
316.0,10.0,0.0,2.0,100.0,10.27
317.0,20.0,0.0,2.0,100.0,10.65
318.0,40.0,0.0,2.0,100.0,11.17
319.0,49.0,0.0,2.0,100.0,10.4
320.0,0.0,0.0,2.0,100.0,21.89
321.0,0.5,0.0,2.0,100.0,13.53
322.0,1.0,0.0,2.0,100.0,12.17
323.0,2.0,0.0,2.0,100.0,13.96
324.0,3.0,0.0,2.0,100.0,12.95
325.0,5.0,0.0,2.0,100.0,8.7
326.0,10.0,0.0,2.0,100.0,9.32
327.0,20.0,0.0,2.0,100.0,8.45
328.0,40.0,0.0,2.0,100.0,14.49
329.0,49.0,0.0,2.0,100.0,8.83
330.0,0.0,0.0,2.0,100.0,26.7
331.0,0.5,0.0,2.0,100.0,12.81
332.0,1.0,0.0,2.0,100.0,10.41
333.0,2.0,0.0,2.0,100.0,15.15
334.0,3.0,0.0,2.0,100.0,10.84
335.0,5.0,0.0,2.0,100.0,9.08
336.0,10.0,0.0,2.0,100.0,10.11
337.0,20.0,0.0,2.0,100.0,8.05
338.0,40.0,0.0,2.0,100.0,13.92
339.0,49.0,0.0,2.0,100.0,14.93
340.0,0.0,0.0,2.0,100.0,26.84
341.0,0.5,0.0,2.0,100.0,21.45
342.0,1.0,0.0,2.0,100.0,15.31
343.0,2.0,0.0,2.0,100.0,9.74
344.0,3.0,0.0,2.0,100.0,20.06
345.0,5.0,0.0,2.0,100.0,9.26
346.0,10.0,0.0,2.0,100.0,10.25
347.0,20.0,0.0,2.0,100.0,8.53
348.0,40.0,0.0,2.0,100.0,12.41
349.0,49.0,0.0,2.0,100.0,10.91
350.0,0.0,0.0,2.0,100.0,17.36
351.0,0.5,0.0,2.0,100.0,11.14
352.0,1.0,0.0,2.0,100.0,13.58
353.0,2.0,0.0,2.0,100.0,9.08
354.0,3.0,0.0,2.0,100.0,10.28
355.0,5.0,0.0,2.0,100.0,11.7
356.0,10.0,0.0,2.0,100.0,11.54
357.0,20.0,0.0,2.0,100.0,7.79
358.0,40.0,0.0,2.0,100.0,9.0
359.0,49.0,0.0,2.0,100.0,10.92
360.0,0.0,0.0,2.0,100.0,18.8
361.0,0.5,0.0,2.0,100.0,14.96
362.0,1.0,0.0,2.0,100.0,21.07
363.0,2.0,0.0,2.0,100.0,10.5
364.0,3.0,0.0,2.0,100.0,16.04
365.0,5.0,0.0,2.0,100.0,13.01
366.0,10.0,0.0,2.0,100.0,9.3
367.0,20.0,0.0,2.0,100.0,12.13
368.0,40.0,0.0,2.0,100.0,11.12
369.0,49.0,0.0,2.0,100.0,12.12
370.0,0.0,0.0,2.0,100.0,23.47
371.0,0.5,0.0,2.0,100.0,13.13
372.0,1.0,0.0,2.0,100.0,10.13
373.0,2.0,0.0,2.0,100.0,18.42
374.0,3.0,0.0,2.0,100.0,10.88
375.0,5.0,0.0,2.0,100.0,11.13
376.0,10.0,0.0,2.0,100.0,9.15
377.0,20.0,0.0,2.0,100.0,8.38
378.0,40.0,0.0,2.0,100.0,13.4
379.0,49.0,0.0,2.0,100.0,10.8
380.0,0.0,0.0,2.0,100.0,20.25
381.0,0.5,0.0,2.0,100.0,22.34
382.0,1.0,0.0,2.0,100.0,10.75
383.0,2.0,0.0,2.0,100.0,10.24
384.0,3.0,0.0,2.0,100.0,10.19
385.0,5.0,0.0,2.0,100.0,10.03
386.0,10.0,0.0,2.0,100.0,7.61
387.0,20.0,0.0,2.0,100.0,10.47
388.0,40.0,0.0,2.0,100.0,8.95
389.0,49.0,0.0,2.0,100.0,9.88
390.0,0.0,0.0,2.0,100.0,11.09
391.0,0.5,0.0,2.0,100.0,22.65
392.0,1.0,0.0,2.0,100.0,10.41
393.0,2.0,0.0,2.0,100.0,11.2
394.0,3.0,0.0,2.0,100.0,10.52
395.0,5.0,0.0,2.0,100.0,10.33
396.0,10.0,0.0,2.0,100.0,11.62
397.0,20.0,0.0,2.0,100.0,10.7
398.0,40.0,0.0,2.0,100.0,8.99
399.0,49.0,0.0,2.0,100.0,11.74
400.0,0.0,0.0,2.0,100.0,20.39
401.0,0.5,0.0,2.0,100.0,11.42
402.0,1.0,0.0,2.0,100.0,10.89
403.0,2.0,0.0,2.0,100.0,11.25
404.0,3.0,0.0,2.0,100.0,9.42
405.0,5.0,0.0,2.0,100.0,9.16
406.0,10.0,0.0,2.0,100.0,11.42
407.0,20.0,0.0,2.0,100.0,8.6
408.0,40.0,0.0,2.0,100.0,9.46
409.0,49.0,0.0,2.0,100.0,11.15
410.0,0.0,0.0,2.0,100.0,10.24
411.0,0.5,0.0,2.0,100.0,17.98
412.0,1.0,0.0,2.0,100.0,19.25
413.0,2.0,0.0,2.0,100.0,19.77
414.0,3.0,0.0,2.0,100.0,7.72
415.0,5.0,0.0,2.0,100.0,11.03
416.0,10.0,0.0,2.0,100.0,9.92
417.0,20.0,0.0,2.0,100.0,12.63
418.0,40.0,0.0,2.0,100.0,14.46
419.0,49.0,0.0,2.0,100.0,18.75
420.0,0.0,0.0,2.0,100.0,24.93
421.0,0.5,0.0,2.0,100.0,17.02
422.0,1.0,0.0,2.0,100.0,24.22
423.0,2.0,0.0,2.0,100.0,8.55
424.0,3.0,0.0,2.0,100.0,11.66
425.0,5.0,0.0,2.0,100.0,8.52
426.0,10.0,0.0,2.0,100.0,9.58
427.0,20.0,0.0,2.0,100.0,9.85
428.0,40.0,0.0,2.0,100.0,17.55
429.0,49.0,0.0,2.0,100.0,13.01
430.0,0.0,0.0,2.0,100.0,13.65
431.0,0.5,0.0,2.0,100.0,11.82
432.0,1.0,0.0,2.0,100.0,11.28
433.0,2.0,0.0,2.0,100.0,14.7
434.0,3.0,0.0,2.0,100.0,13.46
435.0,5.0,0.0,2.0,100.0,11.78
436.0,10.0,0.0,2.0,100.0,11.29
437.0,20.0,0.0,2.0,100.0,8.63
438.0,40.0,0.0,2.0,100.0,8.94
439.0,49.0,0.0,2.0,100.0,9.2
440.0,0.0,0.0,2.0,100.0,20.99
441.0,0.5,0.0,2.0,100.0,17.96
442.0,1.0,0.0,2.0,100.0,10.24
443.0,2.0,0.0,2.0,100.0,9.05
444.0,3.0,0.0,2.0,100.0,15.21
445.0,5.0,0.0,2.0,100.0,12.0
446.0,10.0,0.0,2.0,100.0,10.16
447.0,20.0,0.0,2.0,100.0,7.59
448.0,40.0,0.0,2.0,100.0,9.74
449.0,49.0,0.0,2.0,100.0,8.85
450.0,0.0,0.0,2.0,100.0,10.54
451.0,0.5,0.0,2.0,100.0,14.57
452.0,1.0,0.0,2.0,100.0,19.4
453.0,2.0,0.0,2.0,100.0,8.71
454.0,3.0,0.0,2.0,100.0,20.59
455.0,5.0,0.0,2.0,100.0,8.55
456.0,10.0,0.0,2.0,100.0,8.28
457.0,20.0,0.0,2.0,100.0,11.83
458.0,40.0,0.0,2.0,100.0,10.27
459.0,49.0,0.0,2.0,100.0,15.06
460.0,0.0,0.0,2.0,100.0,20.08
461.0,0.5,0.0,2.0,100.0,24.75
462.0,1.0,0.0,2.0,100.0,15.89
463.0,2.0,0.0,2.0,100.0,8.88
464.0,3.0,0.0,2.0,100.0,10.67
465.0,5.0,0.0,2.0,100.0,9.58
466.0,10.0,0.0,2.0,100.0,13.53
467.0,20.0,0.0,2.0,100.0,10.53
468.0,40.0,0.0,2.0,100.0,7.81
469.0,49.0,0.0,2.0,100.0,9.5
470.0,0.0,0.0,2.0,100.0,19.8
471.0,0.5,0.0,2.0,100.0,15.46
472.0,1.0,0.0,2.0,100.0,13.08
473.0,2.0,0.0,2.0,100.0,10.14
474.0,3.0,0.0,2.0,100.0,12.35
475.0,5.0,0.0,2.0,100.0,9.52
476.0,10.0,0.0,2.0,100.0,10.09
477.0,20.0,0.0,2.0,100.0,10.74
478.0,40.0,0.0,2.0,100.0,8.53
479.0,49.0,0.0,2.0,100.0,10.36
480.0,0.0,0.0,2.0,100.0,20.11
481.0,0.5,0.0,2.0,100.0,23.0
482.0,1.0,0.0,2.0,100.0,9.28
483.0,2.0,0.0,2.0,100.0,18.51
484.0,3.0,0.0,2.0,100.0,8.61
485.0,5.0,0.0,2.0,100.0,11.21
486.0,10.0,0.0,2.0,100.0,10.75
487.0,20.0,0.0,2.0,100.0,10.85
488.0,40.0,0.0,2.0,100.0,8.24
489.0,49.0,0.0,2.0,100.0,11.39
490.0,0.0,0.0,2.0,100.0,17.99
491.0,0.5,0.0,2.0,100.0,8.46
492.0,1.0,0.0,2.0,100.0,9.73
493.0,2.0,0.0,2.0,100.0,11.42
494.0,3.0,0.0,2.0,100.0,11.26
495.0,5.0,0.0,2.0,100.0,10.39
496.0,10.0,0.0,2.0,100.0,9.25
497.0,20.0,0.0,2.0,100.0,13.86
498.0,40.0,0.0,2.0,100.0,9.51
499.0,49.0,0.0,2.0,100.0,8.7
500.0,0.0,10.0,2.0,100.0,9.46
501.0,0.5,10.0,2.0,100.0,17.96
502.0,1.0,10.0,2.0,100.0,8.64
503.0,2.0,10.0,2.0,100.0,18.27
504.0,3.0,10.0,2.0,100.0,9.09
505.0,5.0,10.0,2.0,100.0,10.45
506.0,10.0,10.0,2.0,100.0,10.81
507.0,20.0,10.0,2.0,100.0,9.24
508.0,40.0,10.0,2.0,100.0,8.96
509.0,49.0,10.0,2.0,100.0,9.86
510.0,0.0,10.0,2.0,100.0,22.07
511.0,0.5,10.0,2.0,100.0,21.45
512.0,1.0,10.0,2.0,100.0,10.39
513.0,2.0,10.0,2.0,100.0,19.95
514.0,3.0,10.0,2.0,100.0,10.52
515.0,5.0,10.0,2.0,100.0,11.54
516.0,10.0,10.0,2.0,100.0,9.44
517.0,20.0,10.0,2.0,100.0,13.08
518.0,40.0,10.0,2.0,100.0,9.92
519.0,49.0,10.0,2.0,100.0,11.55
520.0,0.0,10.0,2.0,100.0,23.52
521.0,0.5,10.0,2.0,100.0,23.33
522.0,1.0,10.0,2.0,100.0,20.16
523.0,2.0,10.0,2.0,100.0,13.83
524.0,3.0,10.0,2.0,100.0,12.98
525.0,5.0,10.0,2.0,100.0,9.5
526.0,10.0,10.0,2.0,100.0,8.42
527.0,20.0,10.0,2.0,100.0,13.35
528.0,40.0,10.0,2.0,100.0,11.12
529.0,49.0,10.0,2.0,100.0,14.84
530.0,0.0,10.0,2.0,100.0,18.89
531.0,0.5,10.0,2.0,100.0,14.37
532.0,1.0,10.0,2.0,100.0,8.41
533.0,2.0,10.0,2.0,100.0,8.96
534.0,3.0,10.0,2.0,100.0,12.1
535.0,5.0,10.0,2.0,100.0,12.13
536.0,10.0,10.0,2.0,100.0,9.52
537.0,20.0,10.0,2.0,100.0,9.01
538.0,40.0,10.0,2.0,100.0,11.61
539.0,49.0,10.0,2.0,100.0,9.25
540.0,0.0,10.0,2.0,100.0,11.53
541.0,0.5,10.0,2.0,100.0,13.43
542.0,1.0,10.0,2.0,100.0,9.59
543.0,2.0,10.0,2.0,100.0,9.19
544.0,3.0,10.0,2.0,100.0,10.01
545.0,5.0,10.0,2.0,100.0,11.59
546.0,10.0,10.0,2.0,100.0,9.42
547.0,20.0,10.0,2.0,100.0,9.74
548.0,40.0,10.0,2.0,100.0,9.4
549.0,49.0,10.0,2.0,100.0,8.38
550.0,0.0,10.0,2.0,100.0,22.34
551.0,0.5,10.0,2.0,100.0,14.88
552.0,1.0,10.0,2.0,100.0,9.04
553.0,2.0,10.0,2.0,100.0,12.45
554.0,3.0,10.0,2.0,100.0,11.57
555.0,5.0,10.0,2.0,100.0,9.16
556.0,10.0,10.0,2.0,100.0,11.0
557.0,20.0,10.0,2.0,100.0,9.74
558.0,40.0,10.0,2.0,100.0,10.64
559.0,49.0,10.0,2.0,100.0,10.19
560.0,0.0,10.0,2.0,100.0,20.41
561.0,0.5,10.0,2.0,100.0,18.87
562.0,1.0,10.0,2.0,100.0,11.79
563.0,2.0,10.0,2.0,100.0,11.51
564.0,3.0,10.0,2.0,100.0,11.45
565.0,5.0,10.0,2.0,100.0,8.71
566.0,10.0,10.0,2.0,100.0,10.94
567.0,20.0,10.0,2.0,100.0,9.74
568.0,40.0,10.0,2.0,100.0,11.88
569.0,49.0,10.0,2.0,100.0,8.21
570.0,0.0,10.0,2.0,100.0,22.87
571.0,0.5,10.0,2.0,100.0,10.08
572.0,1.0,10.0,2.0,100.0,12.62
573.0,2.0,10.0,2.0,100.0,15.43
574.0,3.0,10.0,2.0,100.0,11.96
575.0,5.0,10.0,2.0,100.0,21.36
576.0,10.0,10.0,2.0,100.0,9.28
577.0,20.0,10.0,2.0,100.0,12.09
578.0,40.0,10.0,2.0,100.0,7.83
579.0,49.0,10.0,2.0,100.0,13.82
580.0,0.0,10.0,2.0,100.0,22.61
581.0,0.5,10.0,2.0,100.0,13.85
582.0,1.0,10.0,2.0,100.0,9.16
583.0,2.0,10.0,2.0,100.0,10.77
584.0,3.0,10.0,2.0,100.0,8.56
585.0,5.0,10.0,2.0,100.0,9.28
586.0,10.0,10.0,2.0,100.0,8.61
587.0,20.0,10.0,2.0,100.0,9.2
588.0,40.0,10.0,2.0,100.0,8.43
589.0,49.0,10.0,2.0,100.0,10.9
590.0,0.0,10.0,2.0,100.0,24.93
591.0,0.5,10.0,2.0,100.0,16.75
592.0,1.0,10.0,2.0,100.0,13.07
593.0,2.0,10.0,2.0,100.0,11.48
594.0,3.0,10.0,2.0,100.0,11.88
595.0,5.0,10.0,2.0,100.0,10.46
596.0,10.0,10.0,2.0,100.0,8.4
597.0,20.0,10.0,2.0,100.0,10.48
598.0,40.0,10.0,2.0,100.0,13.39
599.0,49.0,10.0,2.0,100.0,9.45
600.0,0.0,10.0,2.0,100.0,23.31
601.0,0.5,10.0,2.0,100.0,20.43
602.0,1.0,10.0,2.0,100.0,9.79
603.0,2.0,10.0,2.0,100.0,10.1
604.0,3.0,10.0,2.0,100.0,9.39
605.0,5.0,10.0,2.0,100.0,12.36
606.0,10.0,10.0,2.0,100.0,7.36
607.0,20.0,10.0,2.0,100.0,7.74
608.0,40.0,10.0,2.0,100.0,8.67
609.0,49.0,10.0,2.0,100.0,14.34
610.0,0.0,10.0,2.0,100.0,20.38
611.0,0.5,10.0,2.0,100.0,18.3
612.0,1.0,10.0,2.0,100.0,11.63
613.0,2.0,10.0,2.0,100.0,14.68
614.0,3.0,10.0,2.0,100.0,9.09
615.0,5.0,10.0,2.0,100.0,8.18
616.0,10.0,10.0,2.0,100.0,8.64
617.0,20.0,10.0,2.0,100.0,10.2
618.0,40.0,10.0,2.0,100.0,9.35
619.0,49.0,10.0,2.0,100.0,8.68
620.0,0.0,10.0,2.0,100.0,13.06
621.0,0.5,10.0,2.0,100.0,13.92
622.0,1.0,10.0,2.0,100.0,15.07
623.0,2.0,10.0,2.0,100.0,23.03
624.0,3.0,10.0,2.0,100.0,12.45
625.0,5.0,10.0,2.0,100.0,9.3
626.0,10.0,10.0,2.0,100.0,12.54
627.0,20.0,10.0,2.0,100.0,11.06
628.0,40.0,10.0,2.0,100.0,9.17
629.0,49.0,10.0,2.0,100.0,12.62
630.0,0.0,10.0,2.0,100.0,14.22
631.0,0.5,10.0,2.0,100.0,15.51
632.0,1.0,10.0,2.0,100.0,14.81
633.0,2.0,10.0,2.0,100.0,9.22
634.0,3.0,10.0,2.0,100.0,12.93
635.0,5.0,10.0,2.0,100.0,9.01
636.0,10.0,10.0,2.0,100.0,7.96
637.0,20.0,10.0,2.0,100.0,10.89
638.0,40.0,10.0,2.0,100.0,8.76
639.0,49.0,10.0,2.0,100.0,10.1
640.0,0.0,10.0,2.0,100.0,14.45
641.0,0.5,10.0,2.0,100.0,16.05
642.0,1.0,10.0,2.0,100.0,9.34
643.0,2.0,10.0,2.0,100.0,13.31
644.0,3.0,10.0,2.0,100.0,12.99
645.0,5.0,10.0,2.0,100.0,11.75
646.0,10.0,10.0,2.0,100.0,9.01
647.0,20.0,10.0,2.0,100.0,10.91
648.0,40.0,10.0,2.0,100.0,9.55
649.0,49.0,10.0,2.0,100.0,9.15
650.0,0.0,10.0,2.0,100.0,17.37
651.0,0.5,10.0,2.0,100.0,10.63
652.0,1.0,10.0,2.0,100.0,23.91
653.0,2.0,10.0,2.0,100.0,11.85
654.0,3.0,10.0,2.0,100.0,20.41
655.0,5.0,10.0,2.0,100.0,10.52
656.0,10.0,10.0,2.0,100.0,9.07
657.0,20.0,10.0,2.0,100.0,8.6
658.0,40.0,10.0,2.0,100.0,9.92
659.0,49.0,10.0,2.0,100.0,10.1
660.0,0.0,10.0,2.0,100.0,22.59
661.0,0.5,10.0,2.0,100.0,13.81
662.0,1.0,10.0,2.0,100.0,9.88
663.0,2.0,10.0,2.0,100.0,9.03
664.0,3.0,10.0,2.0,100.0,11.93
665.0,5.0,10.0,2.0,100.0,8.35
666.0,10.0,10.0,2.0,100.0,9.27
667.0,20.0,10.0,2.0,100.0,10.31
668.0,40.0,10.0,2.0,100.0,11.53
669.0,49.0,10.0,2.0,100.0,7.88
670.0,0.0,10.0,2.0,100.0,25.12
671.0,0.5,10.0,2.0,100.0,19.45
672.0,1.0,10.0,2.0,100.0,10.75
673.0,2.0,10.0,2.0,100.0,12.93
674.0,3.0,10.0,2.0,100.0,12.91
675.0,5.0,10.0,2.0,100.0,10.29
676.0,10.0,10.0,2.0,100.0,9.61
677.0,20.0,10.0,2.0,100.0,8.56
678.0,40.0,10.0,2.0,100.0,7.84
679.0,49.0,10.0,2.0,100.0,12.67
680.0,0.0,10.0,2.0,100.0,21.68
681.0,0.5,10.0,2.0,100.0,22.26
682.0,1.0,10.0,2.0,100.0,9.02
683.0,2.0,10.0,2.0,100.0,11.33
684.0,3.0,10.0,2.0,100.0,12.39
685.0,5.0,10.0,2.0,100.0,9.18
686.0,10.0,10.0,2.0,100.0,8.75
687.0,20.0,10.0,2.0,100.0,9.71
688.0,40.0,10.0,2.0,100.0,8.61
689.0,49.0,10.0,2.0,100.0,8.9
690.0,0.0,10.0,2.0,100.0,22.08
691.0,0.5,10.0,2.0,100.0,12.77
692.0,1.0,10.0,2.0,100.0,14.57
693.0,2.0,10.0,2.0,100.0,13.6
694.0,3.0,10.0,2.0,100.0,8.64
695.0,5.0,10.0,2.0,100.0,11.32
696.0,10.0,10.0,2.0,100.0,9.53
697.0,20.0,10.0,2.0,100.0,9.16
698.0,40.0,10.0,2.0,100.0,9.82
699.0,49.0,10.0,2.0,100.0,9.72
700.0,0.0,10.0,2.0,100.0,18.97
701.0,0.5,10.0,2.0,100.0,26.11
702.0,1.0,10.0,2.0,100.0,18.16
703.0,2.0,10.0,2.0,100.0,9.69
704.0,3.0,10.0,2.0,100.0,11.23
705.0,5.0,10.0,2.0,100.0,9.11
706.0,10.0,10.0,2.0,100.0,8.74
707.0,20.0,10.0,2.0,100.0,9.71
708.0,40.0,10.0,2.0,100.0,8.49
709.0,49.0,10.0,2.0,100.0,9.02
710.0,0.0,10.0,2.0,100.0,25.43
711.0,0.5,10.0,2.0,100.0,21.2
712.0,1.0,10.0,2.0,100.0,13.87
713.0,2.0,10.0,2.0,100.0,9.87
714.0,3.0,10.0,2.0,100.0,11.28
715.0,5.0,10.0,2.0,100.0,7.83
716.0,10.0,10.0,2.0,100.0,10.18
717.0,20.0,10.0,2.0,100.0,9.01
718.0,40.0,10.0,2.0,100.0,9.43
719.0,49.0,10.0,2.0,100.0,10.79
720.0,0.0,10.0,2.0,100.0,26.99
721.0,0.5,10.0,2.0,100.0,15.78
722.0,1.0,10.0,2.0,100.0,14.16
723.0,2.0,10.0,2.0,100.0,9.93
724.0,3.0,10.0,2.0,100.0,10.14
725.0,5.0,10.0,2.0,100.0,9.08
726.0,10.0,10.0,2.0,100.0,9.09
727.0,20.0,10.0,2.0,100.0,8.37
728.0,40.0,10.0,2.0,100.0,11.3
729.0,49.0,10.0,2.0,100.0,10.84
730.0,0.0,10.0,2.0,100.0,21.55
731.0,0.5,10.0,2.0,100.0,15.09
732.0,1.0,10.0,2.0,100.0,17.28
733.0,2.0,10.0,2.0,100.0,9.22
734.0,3.0,10.0,2.0,100.0,8.46
735.0,5.0,10.0,2.0,100.0,10.55
736.0,10.0,10.0,2.0,100.0,10.37
737.0,20.0,10.0,2.0,100.0,8.4
738.0,40.0,10.0,2.0,100.0,10.6
739.0,49.0,10.0,2.0,100.0,13.05
740.0,0.0,10.0,2.0,100.0,21.65
741.0,0.5,10.0,2.0,100.0,20.43
742.0,1.0,10.0,2.0,100.0,11.68
743.0,2.0,10.0,2.0,100.0,10.86
744.0,3.0,10.0,2.0,100.0,9.55
745.0,5.0,10.0,2.0,100.0,9.86
746.0,10.0,10.0,2.0,100.0,7.98
747.0,20.0,10.0,2.0,100.0,8.53
748.0,40.0,10.0,2.0,100.0,9.41
749.0,49.0,10.0,2.0,100.0,11.11
750.0,0.0,10.0,2.0,100.0,23.81
751.0,0.5,10.0,2.0,100.0,27.33
752.0,1.0,10.0,2.0,100.0,22.17
753.0,2.0,10.0,2.0,100.0,20.98
754.0,3.0,10.0,2.0,100.0,10.66
755.0,5.0,10.0,2.0,100.0,11.05
756.0,10.0,10.0,2.0,100.0,9.81
757.0,20.0,10.0,2.0,100.0,8.04
758.0,40.0,10.0,2.0,100.0,14.03
759.0,49.0,10.0,2.0,100.0,13.15
760.0,0.0,10.0,2.0,100.0,17.48
761.0,0.5,10.0,2.0,100.0,27.07
762.0,1.0,10.0,2.0,100.0,19.08
763.0,2.0,10.0,2.0,100.0,15.27
764.0,3.0,10.0,2.0,100.0,19.37
765.0,5.0,10.0,2.0,100.0,9.79
766.0,10.0,10.0,2.0,100.0,10.3
767.0,20.0,10.0,2.0,100.0,7.9
768.0,40.0,10.0,2.0,100.0,10.64
769.0,49.0,10.0,2.0,100.0,10.28
770.0,0.0,10.0,2.0,100.0,9.34
771.0,0.5,10.0,2.0,100.0,14.25
772.0,1.0,10.0,2.0,100.0,13.41
773.0,2.0,10.0,2.0,100.0,9.88
774.0,3.0,10.0,2.0,100.0,10.49
775.0,5.0,10.0,2.0,100.0,8.96
776.0,10.0,10.0,2.0,100.0,8.2
777.0,20.0,10.0,2.0,100.0,8.05
778.0,40.0,10.0,2.0,100.0,9.76
779.0,49.0,10.0,2.0,100.0,11.25
780.0,0.0,10.0,2.0,100.0,20.31
781.0,0.5,10.0,2.0,100.0,25.77
782.0,1.0,10.0,2.0,100.0,19.27
783.0,2.0,10.0,2.0,100.0,10.66
784.0,3.0,10.0,2.0,100.0,8.77
785.0,5.0,10.0,2.0,100.0,8.28
786.0,10.0,10.0,2.0,100.0,9.26
787.0,20.0,10.0,2.0,100.0,10.22
788.0,40.0,10.0,2.0,100.0,9.7
789.0,49.0,10.0,2.0,100.0,10.63
790.0,0.0,10.0,2.0,100.0,13.49
791.0,0.5,10.0,2.0,100.0,13.73
792.0,1.0,10.0,2.0,100.0,14.71
793.0,2.0,10.0,2.0,100.0,14.59
794.0,3.0,10.0,2.0,100.0,10.86
795.0,5.0,10.0,2.0,100.0,19.63
796.0,10.0,10.0,2.0,100.0,9.93
797.0,20.0,10.0,2.0,100.0,11.43
798.0,40.0,10.0,2.0,100.0,9.54
799.0,49.0,10.0,2.0,100.0,11.77
800.0,0.0,10.0,2.0,100.0,14.3
801.0,0.5,10.0,2.0,100.0,12.51
802.0,1.0,10.0,2.0,100.0,20.09
803.0,2.0,10.0,2.0,100.0,20.72
804.0,3.0,10.0,2.0,100.0,10.44
805.0,5.0,10.0,2.0,100.0,8.8
806.0,10.0,10.0,2.0,100.0,12.21
807.0,20.0,10.0,2.0,100.0,12.74
808.0,40.0,10.0,2.0,100.0,11.17
809.0,49.0,10.0,2.0,100.0,9.86
810.0,0.0,10.0,2.0,100.0,20.1
811.0,0.5,10.0,2.0,100.0,17.57
812.0,1.0,10.0,2.0,100.0,20.49
813.0,2.0,10.0,2.0,100.0,9.13
814.0,3.0,10.0,2.0,100.0,10.76
815.0,5.0,10.0,2.0,100.0,10.33
816.0,10.0,10.0,2.0,100.0,9.17
817.0,20.0,10.0,2.0,100.0,11.6
818.0,40.0,10.0,2.0,100.0,7.62
819.0,49.0,10.0,2.0,100.0,13.89
820.0,0.0,10.0,2.0,100.0,21.76
821.0,0.5,10.0,2.0,100.0,11.51
822.0,1.0,10.0,2.0,100.0,10.94
823.0,2.0,10.0,2.0,100.0,10.79
824.0,3.0,10.0,2.0,100.0,18.69
825.0,5.0,10.0,2.0,100.0,12.92
826.0,10.0,10.0,2.0,100.0,9.68
827.0,20.0,10.0,2.0,100.0,11.05
828.0,40.0,10.0,2.0,100.0,10.52
829.0,49.0,10.0,2.0,100.0,8.6
830.0,0.0,10.0,2.0,100.0,19.37
831.0,0.5,10.0,2.0,100.0,12.29
832.0,1.0,10.0,2.0,100.0,9.47
833.0,2.0,10.0,2.0,100.0,9.99
834.0,3.0,10.0,2.0,100.0,8.93
835.0,5.0,10.0,2.0,100.0,9.42
836.0,10.0,10.0,2.0,100.0,9.68
837.0,20.0,10.0,2.0,100.0,11.88
838.0,40.0,10.0,2.0,100.0,13.44
839.0,49.0,10.0,2.0,100.0,14.85
840.0,0.0,10.0,2.0,100.0,15.63
841.0,0.5,10.0,2.0,100.0,24.74
842.0,1.0,10.0,2.0,100.0,9.68
843.0,2.0,10.0,2.0,100.0,17.1
844.0,3.0,10.0,2.0,100.0,10.67
845.0,5.0,10.0,2.0,100.0,9.29
846.0,10.0,10.0,2.0,100.0,8.02
847.0,20.0,10.0,2.0,100.0,8.86
848.0,40.0,10.0,2.0,100.0,12.41
849.0,49.0,10.0,2.0,100.0,11.05
850.0,0.0,10.0,2.0,100.0,26.58
851.0,0.5,10.0,2.0,100.0,10.44
852.0,1.0,10.0,2.0,100.0,10.81
853.0,2.0,10.0,2.0,100.0,21.36
854.0,3.0,10.0,2.0,100.0,8.29
855.0,5.0,10.0,2.0,100.0,8.73
856.0,10.0,10.0,2.0,100.0,9.74
857.0,20.0,10.0,2.0,100.0,9.06
858.0,40.0,10.0,2.0,100.0,11.63
859.0,49.0,10.0,2.0,100.0,15.62
860.0,0.0,10.0,2.0,100.0,13.33
861.0,0.5,10.0,2.0,100.0,22.95
862.0,1.0,10.0,2.0,100.0,9.71
863.0,2.0,10.0,2.0,100.0,11.13
864.0,3.0,10.0,2.0,100.0,9.5
865.0,5.0,10.0,2.0,100.0,14.48
866.0,10.0,10.0,2.0,100.0,9.61
867.0,20.0,10.0,2.0,100.0,10.06
868.0,40.0,10.0,2.0,100.0,12.35
869.0,49.0,10.0,2.0,100.0,11.52
870.0,0.0,10.0,2.0,100.0,23.53
871.0,0.5,10.0,2.0,100.0,13.5
872.0,1.0,10.0,2.0,100.0,11.01
873.0,2.0,10.0,2.0,100.0,12.1
874.0,3.0,10.0,2.0,100.0,8.58
875.0,5.0,10.0,2.0,100.0,10.5
876.0,10.0,10.0,2.0,100.0,9.5
877.0,20.0,10.0,2.0,100.0,8.57
878.0,40.0,10.0,2.0,100.0,8.35
879.0,49.0,10.0,2.0,100.0,9.1
880.0,0.0,10.0,2.0,100.0,15.7
881.0,0.5,10.0,2.0,100.0,25.62
882.0,1.0,10.0,2.0,100.0,13.99
883.0,2.0,10.0,2.0,100.0,12.81
884.0,3.0,10.0,2.0,100.0,10.06
885.0,5.0,10.0,2.0,100.0,11.29
886.0,10.0,10.0,2.0,100.0,10.81
887.0,20.0,10.0,2.0,100.0,8.77
888.0,40.0,10.0,2.0,100.0,9.92
889.0,49.0,10.0,2.0,100.0,13.62
890.0,0.0,10.0,2.0,100.0,19.97
891.0,0.5,10.0,2.0,100.0,17.45
892.0,1.0,10.0,2.0,100.0,12.86
893.0,2.0,10.0,2.0,100.0,9.3
894.0,3.0,10.0,2.0,100.0,9.75
895.0,5.0,10.0,2.0,100.0,9.46
896.0,10.0,10.0,2.0,100.0,11.33
897.0,20.0,10.0,2.0,100.0,11.73
898.0,40.0,10.0,2.0,100.0,10.47
899.0,49.0,10.0,2.0,100.0,9.2
900.0,0.0,10.0,2.0,100.0,23.85
901.0,0.5,10.0,2.0,100.0,12.71
902.0,1.0,10.0,2.0,100.0,14.47
903.0,2.0,10.0,2.0,100.0,11.4
904.0,3.0,10.0,2.0,100.0,21.9
905.0,5.0,10.0,2.0,100.0,10.76
906.0,10.0,10.0,2.0,100.0,9.61
907.0,20.0,10.0,2.0,100.0,9.32
908.0,40.0,10.0,2.0,100.0,10.51
909.0,49.0,10.0,2.0,100.0,8.75
910.0,0.0,10.0,2.0,100.0,17.5
911.0,0.5,10.0,2.0,100.0,15.66
912.0,1.0,10.0,2.0,100.0,19.12
913.0,2.0,10.0,2.0,100.0,9.16
914.0,3.0,10.0,2.0,100.0,17.81
915.0,5.0,10.0,2.0,100.0,9.83
916.0,10.0,10.0,2.0,100.0,11.17
917.0,20.0,10.0,2.0,100.0,9.67
918.0,40.0,10.0,2.0,100.0,10.12
919.0,49.0,10.0,2.0,100.0,13.56
920.0,0.0,10.0,2.0,100.0,22.58
921.0,0.5,10.0,2.0,100.0,17.4
922.0,1.0,10.0,2.0,100.0,10.72
923.0,2.0,10.0,2.0,100.0,15.0
924.0,3.0,10.0,2.0,100.0,12.89
925.0,5.0,10.0,2.0,100.0,9.17
926.0,10.0,10.0,2.0,100.0,8.91
927.0,20.0,10.0,2.0,100.0,7.72
928.0,40.0,10.0,2.0,100.0,9.43
929.0,49.0,10.0,2.0,100.0,13.74
930.0,0.0,10.0,2.0,100.0,16.03
931.0,0.5,10.0,2.0,100.0,25.94
932.0,1.0,10.0,2.0,100.0,13.52
933.0,2.0,10.0,2.0,100.0,15.03
934.0,3.0,10.0,2.0,100.0,9.82
935.0,5.0,10.0,2.0,100.0,8.56
936.0,10.0,10.0,2.0,100.0,10.55
937.0,20.0,10.0,2.0,100.0,9.86
938.0,40.0,10.0,2.0,100.0,11.28
939.0,49.0,10.0,2.0,100.0,9.27
940.0,0.0,10.0,2.0,100.0,23.77
941.0,0.5,10.0,2.0,100.0,9.41
942.0,1.0,10.0,2.0,100.0,11.32
943.0,2.0,10.0,2.0,100.0,13.55
944.0,3.0,10.0,2.0,100.0,18.48
945.0,5.0,10.0,2.0,100.0,10.31
946.0,10.0,10.0,2.0,100.0,10.8
947.0,20.0,10.0,2.0,100.0,8.93
948.0,40.0,10.0,2.0,100.0,9.89
949.0,49.0,10.0,2.0,100.0,10.25
950.0,0.0,10.0,2.0,100.0,24.43
951.0,0.5,10.0,2.0,100.0,14.55
952.0,1.0,10.0,2.0,100.0,9.74
953.0,2.0,10.0,2.0,100.0,9.85
954.0,3.0,10.0,2.0,100.0,10.22
955.0,5.0,10.0,2.0,100.0,9.58
956.0,10.0,10.0,2.0,100.0,8.6
957.0,20.0,10.0,2.0,100.0,9.45
958.0,40.0,10.0,2.0,100.0,7.64
959.0,49.0,10.0,2.0,100.0,11.28
960.0,0.0,10.0,2.0,100.0,15.02
961.0,0.5,10.0,2.0,100.0,15.92
962.0,1.0,10.0,2.0,100.0,9.35
963.0,2.0,10.0,2.0,100.0,9.82
964.0,3.0,10.0,2.0,100.0,9.86
965.0,5.0,10.0,2.0,100.0,8.25
966.0,10.0,10.0,2.0,100.0,8.64
967.0,20.0,10.0,2.0,100.0,9.79
968.0,40.0,10.0,2.0,100.0,8.78
969.0,49.0,10.0,2.0,100.0,10.74
970.0,0.0,10.0,2.0,100.0,9.43
971.0,0.5,10.0,2.0,100.0,17.04
972.0,1.0,10.0,2.0,100.0,19.87
973.0,2.0,10.0,2.0,100.0,8.41
974.0,3.0,10.0,2.0,100.0,9.26
975.0,5.0,10.0,2.0,100.0,9.5
976.0,10.0,10.0,2.0,100.0,9.7
977.0,20.0,10.0,2.0,100.0,8.79
978.0,40.0,10.0,2.0,100.0,16.53
979.0,49.0,10.0,2.0,100.0,11.05
980.0,0.0,10.0,2.0,100.0,22.6
981.0,0.5,10.0,2.0,100.0,11.38
982.0,1.0,10.0,2.0,100.0,12.87
983.0,2.0,10.0,2.0,100.0,17.73
984.0,3.0,10.0,2.0,100.0,10.26
985.0,5.0,10.0,2.0,100.0,10.94
986.0,10.0,10.0,2.0,100.0,9.61
987.0,20.0,10.0,2.0,100.0,8.85
988.0,40.0,10.0,2.0,100.0,8.5
989.0,49.0,10.0,2.0,100.0,10.6
990.0,0.0,10.0,2.0,100.0,26.65
991.0,0.5,10.0,2.0,100.0,14.73
992.0,1.0,10.0,2.0,100.0,14.21
993.0,2.0,10.0,2.0,100.0,9.27
994.0,3.0,10.0,2.0,100.0,10.37
995.0,5.0,10.0,2.0,100.0,10.16
996.0,10.0,10.0,2.0,100.0,9.01
997.0,20.0,10.0,2.0,100.0,9.03
998.0,40.0,10.0,2.0,100.0,12.07
999.0,49.0,10.0,2.0,100.0,9.62
1000.0,0.0,20.0,2.0,100.0,20.06
1001.0,0.5,20.0,2.0,100.0,25.5
1002.0,1.0,20.0,2.0,100.0,11.43
1003.0,2.0,20.0,2.0,100.0,9.24
1004.0,3.0,20.0,2.0,100.0,14.58
1005.0,5.0,20.0,2.0,100.0,15.0
1006.0,10.0,20.0,2.0,100.0,9.96
1007.0,20.0,20.0,2.0,100.0,8.07
1008.0,40.0,20.0,2.0,100.0,8.56
1009.0,49.0,20.0,2.0,100.0,10.85
1010.0,0.0,20.0,2.0,100.0,19.48
1011.0,0.5,20.0,2.0,100.0,10.56
1012.0,1.0,20.0,2.0,100.0,19.14
1013.0,2.0,20.0,2.0,100.0,20.16
1014.0,3.0,20.0,2.0,100.0,13.4
1015.0,5.0,20.0,2.0,100.0,11.11
1016.0,10.0,20.0,2.0,100.0,8.97
1017.0,20.0,20.0,2.0,100.0,9.77
1018.0,40.0,20.0,2.0,100.0,10.11
1019.0,49.0,20.0,2.0,100.0,9.74
1020.0,0.0,20.0,2.0,100.0,11.74
1021.0,0.5,20.0,2.0,100.0,10.99
1022.0,1.0,20.0,2.0,100.0,13.73
1023.0,2.0,20.0,2.0,100.0,14.35
1024.0,3.0,20.0,2.0,100.0,9.31
1025.0,5.0,20.0,2.0,100.0,7.81
1026.0,10.0,20.0,2.0,100.0,9.51
1027.0,20.0,20.0,2.0,100.0,9.11
1028.0,40.0,20.0,2.0,100.0,9.54
1029.0,49.0,20.0,2.0,100.0,10.98
1030.0,0.0,20.0,2.0,100.0,24.73
1031.0,0.5,20.0,2.0,100.0,20.87
1032.0,1.0,20.0,2.0,100.0,16.24
1033.0,2.0,20.0,2.0,100.0,14.34
1034.0,3.0,20.0,2.0,100.0,12.24
1035.0,5.0,20.0,2.0,100.0,8.16
1036.0,10.0,20.0,2.0,100.0,9.61
1037.0,20.0,20.0,2.0,100.0,9.16
1038.0,40.0,20.0,2.0,100.0,11.7
1039.0,49.0,20.0,2.0,100.0,8.89
1040.0,0.0,20.0,2.0,100.0,22.26
1041.0,0.5,20.0,2.0,100.0,9.45
1042.0,1.0,20.0,2.0,100.0,11.21
1043.0,2.0,20.0,2.0,100.0,17.92
1044.0,3.0,20.0,2.0,100.0,9.28
1045.0,5.0,20.0,2.0,100.0,7.4
1046.0,10.0,20.0,2.0,100.0,9.55
1047.0,20.0,20.0,2.0,100.0,10.5
1048.0,40.0,20.0,2.0,100.0,10.86
1049.0,49.0,20.0,2.0,100.0,8.17
1050.0,0.0,20.0,2.0,100.0,8.76
1051.0,0.5,20.0,2.0,100.0,22.16
1052.0,1.0,20.0,2.0,100.0,10.6
1053.0,2.0,20.0,2.0,100.0,8.44
1054.0,3.0,20.0,2.0,100.0,9.05
1055.0,5.0,20.0,2.0,100.0,9.09
1056.0,10.0,20.0,2.0,100.0,10.22
1057.0,20.0,20.0,2.0,100.0,9.36
1058.0,40.0,20.0,2.0,100.0,8.3
1059.0,49.0,20.0,2.0,100.0,10.25
1060.0,0.0,20.0,2.0,100.0,15.73
1061.0,0.5,20.0,2.0,100.0,21.44
1062.0,1.0,20.0,2.0,100.0,9.39
1063.0,2.0,20.0,2.0,100.0,17.71
1064.0,3.0,20.0,2.0,100.0,10.04
1065.0,5.0,20.0,2.0,100.0,14.34
1066.0,10.0,20.0,2.0,100.0,12.79
1067.0,20.0,20.0,2.0,100.0,10.58
1068.0,40.0,20.0,2.0,100.0,10.75
1069.0,49.0,20.0,2.0,100.0,9.18
1070.0,0.0,20.0,2.0,100.0,16.2
1071.0,0.5,20.0,2.0,100.0,18.87
1072.0,1.0,20.0,2.0,100.0,17.94
1073.0,2.0,20.0,2.0,100.0,11.66
1074.0,3.0,20.0,2.0,100.0,11.52
1075.0,5.0,20.0,2.0,100.0,9.73
1076.0,10.0,20.0,2.0,100.0,8.59
1077.0,20.0,20.0,2.0,100.0,9.49
1078.0,40.0,20.0,2.0,100.0,9.55
1079.0,49.0,20.0,2.0,100.0,11.26
1080.0,0.0,20.0,2.0,100.0,13.85
1081.0,0.5,20.0,2.0,100.0,14.27
1082.0,1.0,20.0,2.0,100.0,16.63
1083.0,2.0,20.0,2.0,100.0,15.64
1084.0,3.0,20.0,2.0,100.0,10.88
1085.0,5.0,20.0,2.0,100.0,10.51
1086.0,10.0,20.0,2.0,100.0,8.44
1087.0,20.0,20.0,2.0,100.0,11.48
1088.0,40.0,20.0,2.0,100.0,9.02
1089.0,49.0,20.0,2.0,100.0,11.55
1090.0,0.0,20.0,2.0,100.0,15.83
1091.0,0.5,20.0,2.0,100.0,20.47
1092.0,1.0,20.0,2.0,100.0,10.5
1093.0,2.0,20.0,2.0,100.0,10.75
1094.0,3.0,20.0,2.0,100.0,13.32
1095.0,5.0,20.0,2.0,100.0,8.34
1096.0,10.0,20.0,2.0,100.0,8.71
1097.0,20.0,20.0,2.0,100.0,10.43
1098.0,40.0,20.0,2.0,100.0,14.53
1099.0,49.0,20.0,2.0,100.0,12.75
1100.0,0.0,20.0,2.0,100.0,11.58
1101.0,0.5,20.0,2.0,100.0,17.76
1102.0,1.0,20.0,2.0,100.0,19.98
1103.0,2.0,20.0,2.0,100.0,10.24
1104.0,3.0,20.0,2.0,100.0,16.18
1105.0,5.0,20.0,2.0,100.0,18.6
1106.0,10.0,20.0,2.0,100.0,10.81
1107.0,20.0,20.0,2.0,100.0,10.08
1108.0,40.0,20.0,2.0,100.0,7.95
1109.0,49.0,20.0,2.0,100.0,8.42
1110.0,0.0,20.0,2.0,100.0,16.3
1111.0,0.5,20.0,2.0,100.0,17.96
1112.0,1.0,20.0,2.0,100.0,15.51
1113.0,2.0,20.0,2.0,100.0,9.47
1114.0,3.0,20.0,2.0,100.0,12.81
1115.0,5.0,20.0,2.0,100.0,9.64
1116.0,10.0,20.0,2.0,100.0,8.7
1117.0,20.0,20.0,2.0,100.0,9.54
1118.0,40.0,20.0,2.0,100.0,7.91
1119.0,49.0,20.0,2.0,100.0,12.19
1120.0,0.0,20.0,2.0,100.0,9.12
1121.0,0.5,20.0,2.0,100.0,12.87
1122.0,1.0,20.0,2.0,100.0,18.3
1123.0,2.0,20.0,2.0,100.0,15.97
1124.0,3.0,20.0,2.0,100.0,7.73
1125.0,5.0,20.0,2.0,100.0,9.3
1126.0,10.0,20.0,2.0,100.0,10.1
1127.0,20.0,20.0,2.0,100.0,9.99
1128.0,40.0,20.0,2.0,100.0,9.92
1129.0,49.0,20.0,2.0,100.0,9.21
1130.0,0.0,20.0,2.0,100.0,23.36
1131.0,0.5,20.0,2.0,100.0,19.41
1132.0,1.0,20.0,2.0,100.0,13.1
1133.0,2.0,20.0,2.0,100.0,13.24
1134.0,3.0,20.0,2.0,100.0,13.87
1135.0,5.0,20.0,2.0,100.0,9.9
1136.0,10.0,20.0,2.0,100.0,9.96
1137.0,20.0,20.0,2.0,100.0,9.92
1138.0,40.0,20.0,2.0,100.0,9.16
1139.0,49.0,20.0,2.0,100.0,12.16
1140.0,0.0,20.0,2.0,100.0,24.78
1141.0,0.5,20.0,2.0,100.0,14.25
1142.0,1.0,20.0,2.0,100.0,10.71
1143.0,2.0,20.0,2.0,100.0,9.88
1144.0,3.0,20.0,2.0,100.0,17.02
1145.0,5.0,20.0,2.0,100.0,13.78
1146.0,10.0,20.0,2.0,100.0,9.28
1147.0,20.0,20.0,2.0,100.0,8.23
1148.0,40.0,20.0,2.0,100.0,9.75
1149.0,49.0,20.0,2.0,100.0,10.66
1150.0,0.0,20.0,2.0,100.0,20.25
1151.0,0.5,20.0,2.0,100.0,9.54
1152.0,1.0,20.0,2.0,100.0,18.28
1153.0,2.0,20.0,2.0,100.0,17.58
1154.0,3.0,20.0,2.0,100.0,12.76
1155.0,5.0,20.0,2.0,100.0,7.79
1156.0,10.0,20.0,2.0,100.0,9.42
1157.0,20.0,20.0,2.0,100.0,8.23
1158.0,40.0,20.0,2.0,100.0,11.58
1159.0,49.0,20.0,2.0,100.0,10.95
1160.0,0.0,20.0,2.0,100.0,14.17
1161.0,0.5,20.0,2.0,100.0,20.54
1162.0,1.0,20.0,2.0,100.0,14.56
1163.0,2.0,20.0,2.0,100.0,10.55
1164.0,3.0,20.0,2.0,100.0,8.65
1165.0,5.0,20.0,2.0,100.0,9.21
1166.0,10.0,20.0,2.0,100.0,10.21
1167.0,20.0,20.0,2.0,100.0,10.11
1168.0,40.0,20.0,2.0,100.0,8.59
1169.0,49.0,20.0,2.0,100.0,9.93
1170.0,0.0,20.0,2.0,100.0,17.73
1171.0,0.5,20.0,2.0,100.0,9.49
1172.0,1.0,20.0,2.0,100.0,14.12
1173.0,2.0,20.0,2.0,100.0,8.69
1174.0,3.0,20.0,2.0,100.0,9.2
1175.0,5.0,20.0,2.0,100.0,9.53
1176.0,10.0,20.0,2.0,100.0,9.26
1177.0,20.0,20.0,2.0,100.0,7.92
1178.0,40.0,20.0,2.0,100.0,9.34
1179.0,49.0,20.0,2.0,100.0,9.17
1180.0,0.0,20.0,2.0,100.0,15.72
1181.0,0.5,20.0,2.0,100.0,18.68
1182.0,1.0,20.0,2.0,100.0,11.49
1183.0,2.0,20.0,2.0,100.0,12.52
1184.0,3.0,20.0,2.0,100.0,12.04
1185.0,5.0,20.0,2.0,100.0,7.64
1186.0,10.0,20.0,2.0,100.0,9.53
1187.0,20.0,20.0,2.0,100.0,7.57
1188.0,40.0,20.0,2.0,100.0,9.33
1189.0,49.0,20.0,2.0,100.0,9.99
1190.0,0.0,20.0,2.0,100.0,21.81
1191.0,0.5,20.0,2.0,100.0,23.86
1192.0,1.0,20.0,2.0,100.0,8.25
1193.0,2.0,20.0,2.0,100.0,9.97
1194.0,3.0,20.0,2.0,100.0,8.63
1195.0,5.0,20.0,2.0,100.0,11.0
1196.0,10.0,20.0,2.0,100.0,9.18
1197.0,20.0,20.0,2.0,100.0,9.91
1198.0,40.0,20.0,2.0,100.0,12.71
1199.0,49.0,20.0,2.0,100.0,14.23
1200.0,0.0,20.0,2.0,100.0,9.0
1201.0,0.5,20.0,2.0,100.0,20.77
1202.0,1.0,20.0,2.0,100.0,12.48
1203.0,2.0,20.0,2.0,100.0,11.75
1204.0,3.0,20.0,2.0,100.0,10.64
1205.0,5.0,20.0,2.0,100.0,13.66
1206.0,10.0,20.0,2.0,100.0,9.54
1207.0,20.0,20.0,2.0,100.0,8.32
1208.0,40.0,20.0,2.0,100.0,8.8
1209.0,49.0,20.0,2.0,100.0,7.61
1210.0,0.0,20.0,2.0,100.0,21.18
1211.0,0.5,20.0,2.0,100.0,17.06
1212.0,1.0,20.0,2.0,100.0,11.19
1213.0,2.0,20.0,2.0,100.0,11.85
1214.0,3.0,20.0,2.0,100.0,11.72
1215.0,5.0,20.0,2.0,100.0,11.05
1216.0,10.0,20.0,2.0,100.0,9.99
1217.0,20.0,20.0,2.0,100.0,9.25
1218.0,40.0,20.0,2.0,100.0,9.83
1219.0,49.0,20.0,2.0,100.0,10.6
1220.0,0.0,20.0,2.0,100.0,15.82
1221.0,0.5,20.0,2.0,100.0,11.02
1222.0,1.0,20.0,2.0,100.0,15.84
1223.0,2.0,20.0,2.0,100.0,13.18
1224.0,3.0,20.0,2.0,100.0,11.92
1225.0,5.0,20.0,2.0,100.0,13.59
1226.0,10.0,20.0,2.0,100.0,7.47
1227.0,20.0,20.0,2.0,100.0,7.73
1228.0,40.0,20.0,2.0,100.0,9.59
1229.0,49.0,20.0,2.0,100.0,12.15
1230.0,0.0,20.0,2.0,100.0,18.99
1231.0,0.5,20.0,2.0,100.0,26.87
1232.0,1.0,20.0,2.0,100.0,15.76
1233.0,2.0,20.0,2.0,100.0,13.86
1234.0,3.0,20.0,2.0,100.0,9.1
1235.0,5.0,20.0,2.0,100.0,7.77
1236.0,10.0,20.0,2.0,100.0,8.35
1237.0,20.0,20.0,2.0,100.0,8.98
1238.0,40.0,20.0,2.0,100.0,8.84
1239.0,49.0,20.0,2.0,100.0,11.81
1240.0,0.0,20.0,2.0,100.0,19.09
1241.0,0.5,20.0,2.0,100.0,16.24
1242.0,1.0,20.0,2.0,100.0,12.12
1243.0,2.0,20.0,2.0,100.0,7.93
1244.0,3.0,20.0,2.0,100.0,8.89
1245.0,5.0,20.0,2.0,100.0,10.02
1246.0,10.0,20.0,2.0,100.0,9.22
1247.0,20.0,20.0,2.0,100.0,8.66
1248.0,40.0,20.0,2.0,100.0,8.22
1249.0,49.0,20.0,2.0,100.0,8.35
1250.0,0.0,20.0,2.0,100.0,11.31
1251.0,0.5,20.0,2.0,100.0,24.1
1252.0,1.0,20.0,2.0,100.0,10.28
1253.0,2.0,20.0,2.0,100.0,9.65
1254.0,3.0,20.0,2.0,100.0,11.12
1255.0,5.0,20.0,2.0,100.0,10.97
1256.0,10.0,20.0,2.0,100.0,8.39
1257.0,20.0,20.0,2.0,100.0,8.99
1258.0,40.0,20.0,2.0,100.0,12.12
1259.0,49.0,20.0,2.0,100.0,12.39
1260.0,0.0,20.0,2.0,100.0,26.74
1261.0,0.5,20.0,2.0,100.0,10.75
1262.0,1.0,20.0,2.0,100.0,19.45
1263.0,2.0,20.0,2.0,100.0,8.09
1264.0,3.0,20.0,2.0,100.0,12.1
1265.0,5.0,20.0,2.0,100.0,10.85
1266.0,10.0,20.0,2.0,100.0,10.05
1267.0,20.0,20.0,2.0,100.0,8.75
1268.0,40.0,20.0,2.0,100.0,9.26
1269.0,49.0,20.0,2.0,100.0,9.65
1270.0,0.0,20.0,2.0,100.0,16.88
1271.0,0.5,20.0,2.0,100.0,15.93
1272.0,1.0,20.0,2.0,100.0,11.16
1273.0,2.0,20.0,2.0,100.0,8.59
1274.0,3.0,20.0,2.0,100.0,8.57
1275.0,5.0,20.0,2.0,100.0,10.07
1276.0,10.0,20.0,2.0,100.0,12.46
1277.0,20.0,20.0,2.0,100.0,8.62
1278.0,40.0,20.0,2.0,100.0,10.53
1279.0,49.0,20.0,2.0,100.0,12.28
1280.0,0.0,20.0,2.0,100.0,18.67
1281.0,0.5,20.0,2.0,100.0,12.99
1282.0,1.0,20.0,2.0,100.0,16.94
1283.0,2.0,20.0,2.0,100.0,22.06
1284.0,3.0,20.0,2.0,100.0,13.1
1285.0,5.0,20.0,2.0,100.0,8.8
1286.0,10.0,20.0,2.0,100.0,7.61
1287.0,20.0,20.0,2.0,100.0,8.04
1288.0,40.0,20.0,2.0,100.0,10.51
1289.0,49.0,20.0,2.0,100.0,9.85
1290.0,0.0,20.0,2.0,100.0,13.57
1291.0,0.5,20.0,2.0,100.0,21.9
1292.0,1.0,20.0,2.0,100.0,14.95
1293.0,2.0,20.0,2.0,100.0,10.3
1294.0,3.0,20.0,2.0,100.0,10.03
1295.0,5.0,20.0,2.0,100.0,9.89
1296.0,10.0,20.0,2.0,100.0,10.6
1297.0,20.0,20.0,2.0,100.0,8.81
1298.0,40.0,20.0,2.0,100.0,12.19
1299.0,49.0,20.0,2.0,100.0,9.86
1300.0,0.0,20.0,2.0,100.0,18.88
1301.0,0.5,20.0,2.0,100.0,16.67
1302.0,1.0,20.0,2.0,100.0,12.43
1303.0,2.0,20.0,2.0,100.0,17.14
1304.0,3.0,20.0,2.0,100.0,13.23
1305.0,5.0,20.0,2.0,100.0,12.24
1306.0,10.0,20.0,2.0,100.0,8.37
1307.0,20.0,20.0,2.0,100.0,8.85
1308.0,40.0,20.0,2.0,100.0,10.16
1309.0,49.0,20.0,2.0,100.0,8.88
1310.0,0.0,20.0,2.0,100.0,23.63
1311.0,0.5,20.0,2.0,100.0,14.0
1312.0,1.0,20.0,2.0,100.0,8.47
1313.0,2.0,20.0,2.0,100.0,12.87
1314.0,3.0,20.0,2.0,100.0,13.12
1315.0,5.0,20.0,2.0,100.0,10.86
1316.0,10.0,20.0,2.0,100.0,10.09
1317.0,20.0,20.0,2.0,100.0,9.0
1318.0,40.0,20.0,2.0,100.0,9.79
1319.0,49.0,20.0,2.0,100.0,10.41
1320.0,0.0,20.0,2.0,100.0,22.22
1321.0,0.5,20.0,2.0,100.0,18.41
1322.0,1.0,20.0,2.0,100.0,9.52
1323.0,2.0,20.0,2.0,100.0,10.29
1324.0,3.0,20.0,2.0,100.0,14.41
1325.0,5.0,20.0,2.0,100.0,10.16
1326.0,10.0,20.0,2.0,100.0,11.91
1327.0,20.0,20.0,2.0,100.0,8.62
1328.0,40.0,20.0,2.0,100.0,8.88
1329.0,49.0,20.0,2.0,100.0,9.44
1330.0,0.0,20.0,2.0,100.0,9.82
1331.0,0.5,20.0,2.0,100.0,12.67
1332.0,1.0,20.0,2.0,100.0,16.65
1333.0,2.0,20.0,2.0,100.0,10.74
1334.0,3.0,20.0,2.0,100.0,16.36
1335.0,5.0,20.0,2.0,100.0,11.03
1336.0,10.0,20.0,2.0,100.0,12.74
1337.0,20.0,20.0,2.0,100.0,11.44
1338.0,40.0,20.0,2.0,100.0,10.88
1339.0,49.0,20.0,2.0,100.0,9.01
1340.0,0.0,20.0,2.0,100.0,24.06
1341.0,0.5,20.0,2.0,100.0,10.91
1342.0,1.0,20.0,2.0,100.0,16.97
1343.0,2.0,20.0,2.0,100.0,12.91
1344.0,3.0,20.0,2.0,100.0,13.09
1345.0,5.0,20.0,2.0,100.0,8.65
1346.0,10.0,20.0,2.0,100.0,9.4
1347.0,20.0,20.0,2.0,100.0,8.99
1348.0,40.0,20.0,2.0,100.0,8.71
1349.0,49.0,20.0,2.0,100.0,8.3
1350.0,0.0,20.0,2.0,100.0,25.69
1351.0,0.5,20.0,2.0,100.0,12.69
1352.0,1.0,20.0,2.0,100.0,14.24
1353.0,2.0,20.0,2.0,100.0,8.41
1354.0,3.0,20.0,2.0,100.0,13.27
1355.0,5.0,20.0,2.0,100.0,9.67
1356.0,10.0,20.0,2.0,100.0,8.3
1357.0,20.0,20.0,2.0,100.0,11.93
1358.0,40.0,20.0,2.0,100.0,8.61
1359.0,49.0,20.0,2.0,100.0,10.72
1360.0,0.0,20.0,2.0,100.0,16.24
1361.0,0.5,20.0,2.0,100.0,21.06
1362.0,1.0,20.0,2.0,100.0,16.85
1363.0,2.0,20.0,2.0,100.0,9.68
1364.0,3.0,20.0,2.0,100.0,9.5
1365.0,5.0,20.0,2.0,100.0,9.87
1366.0,10.0,20.0,2.0,100.0,8.81
1367.0,20.0,20.0,2.0,100.0,13.79
1368.0,40.0,20.0,2.0,100.0,9.29
1369.0,49.0,20.0,2.0,100.0,9.53
1370.0,0.0,20.0,2.0,100.0,13.43
1371.0,0.5,20.0,2.0,100.0,21.7
1372.0,1.0,20.0,2.0,100.0,15.48
1373.0,2.0,20.0,2.0,100.0,13.67
1374.0,3.0,20.0,2.0,100.0,12.52
1375.0,5.0,20.0,2.0,100.0,12.62
1376.0,10.0,20.0,2.0,100.0,10.65
1377.0,20.0,20.0,2.0,100.0,9.79
1378.0,40.0,20.0,2.0,100.0,8.07
1379.0,49.0,20.0,2.0,100.0,10.08
1380.0,0.0,20.0,2.0,100.0,23.09
1381.0,0.5,20.0,2.0,100.0,12.88
1382.0,1.0,20.0,2.0,100.0,12.38
1383.0,2.0,20.0,2.0,100.0,13.62
1384.0,3.0,20.0,2.0,100.0,10.77
1385.0,5.0,20.0,2.0,100.0,9.09
1386.0,10.0,20.0,2.0,100.0,8.83
1387.0,20.0,20.0,2.0,100.0,9.13
1388.0,40.0,20.0,2.0,100.0,11.66
1389.0,49.0,20.0,2.0,100.0,11.47
1390.0,0.0,20.0,2.0,100.0,24.82
1391.0,0.5,20.0,2.0,100.0,23.66
1392.0,1.0,20.0,2.0,100.0,9.74
1393.0,2.0,20.0,2.0,100.0,17.69
1394.0,3.0,20.0,2.0,100.0,10.84
1395.0,5.0,20.0,2.0,100.0,8.59
1396.0,10.0,20.0,2.0,100.0,8.06
1397.0,20.0,20.0,2.0,100.0,8.4
1398.0,40.0,20.0,2.0,100.0,7.6
1399.0,49.0,20.0,2.0,100.0,10.3
1400.0,0.0,20.0,2.0,100.0,19.02
1401.0,0.5,20.0,2.0,100.0,16.33
1402.0,1.0,20.0,2.0,100.0,19.14
1403.0,2.0,20.0,2.0,100.0,12.28
1404.0,3.0,20.0,2.0,100.0,12.12
1405.0,5.0,20.0,2.0,100.0,10.83
1406.0,10.0,20.0,2.0,100.0,10.17
1407.0,20.0,20.0,2.0,100.0,8.81
1408.0,40.0,20.0,2.0,100.0,8.66
1409.0,49.0,20.0,2.0,100.0,9.21
1410.0,0.0,20.0,2.0,100.0,8.97
1411.0,0.5,20.0,2.0,100.0,18.1
1412.0,1.0,20.0,2.0,100.0,12.02
1413.0,2.0,20.0,2.0,100.0,10.03
1414.0,3.0,20.0,2.0,100.0,8.67
1415.0,5.0,20.0,2.0,100.0,10.1
1416.0,10.0,20.0,2.0,100.0,9.96
1417.0,20.0,20.0,2.0,100.0,10.27
1418.0,40.0,20.0,2.0,100.0,9.26
1419.0,49.0,20.0,2.0,100.0,9.02
1420.0,0.0,20.0,2.0,100.0,16.72
1421.0,0.5,20.0,2.0,100.0,20.73
1422.0,1.0,20.0,2.0,100.0,11.24
1423.0,2.0,20.0,2.0,100.0,8.82
1424.0,3.0,20.0,2.0,100.0,10.93
1425.0,5.0,20.0,2.0,100.0,9.7
1426.0,10.0,20.0,2.0,100.0,9.16
1427.0,20.0,20.0,2.0,100.0,9.69
1428.0,40.0,20.0,2.0,100.0,9.24
1429.0,49.0,20.0,2.0,100.0,11.7
1430.0,0.0,20.0,2.0,100.0,26.65
1431.0,0.5,20.0,2.0,100.0,9.75
1432.0,1.0,20.0,2.0,100.0,19.89
1433.0,2.0,20.0,2.0,100.0,14.77
1434.0,3.0,20.0,2.0,100.0,15.29
1435.0,5.0,20.0,2.0,100.0,11.97
1436.0,10.0,20.0,2.0,100.0,9.0
1437.0,20.0,20.0,2.0,100.0,9.0
1438.0,40.0,20.0,2.0,100.0,9.68
1439.0,49.0,20.0,2.0,100.0,15.03
1440.0,0.0,20.0,2.0,100.0,13.79
1441.0,0.5,20.0,2.0,100.0,23.29
1442.0,1.0,20.0,2.0,100.0,15.67
1443.0,2.0,20.0,2.0,100.0,9.81
1444.0,3.0,20.0,2.0,100.0,17.47
1445.0,5.0,20.0,2.0,100.0,12.41
1446.0,10.0,20.0,2.0,100.0,8.96
1447.0,20.0,20.0,2.0,100.0,11.39
1448.0,40.0,20.0,2.0,100.0,9.79
1449.0,49.0,20.0,2.0,100.0,9.65
1450.0,0.0,20.0,2.0,100.0,21.04
1451.0,0.5,20.0,2.0,100.0,9.93
1452.0,1.0,20.0,2.0,100.0,22.17
1453.0,2.0,20.0,2.0,100.0,11.93
1454.0,3.0,20.0,2.0,100.0,11.19
1455.0,5.0,20.0,2.0,100.0,11.82
1456.0,10.0,20.0,2.0,100.0,9.48
1457.0,20.0,20.0,2.0,100.0,13.52
1458.0,40.0,20.0,2.0,100.0,10.98
1459.0,49.0,20.0,2.0,100.0,9.71
1460.0,0.0,20.0,2.0,100.0,12.52
1461.0,0.5,20.0,2.0,100.0,9.38
1462.0,1.0,20.0,2.0,100.0,11.76
1463.0,2.0,20.0,2.0,100.0,15.49
1464.0,3.0,20.0,2.0,100.0,16.76
1465.0,5.0,20.0,2.0,100.0,14.12
1466.0,10.0,20.0,2.0,100.0,8.42
1467.0,20.0,20.0,2.0,100.0,9.23
1468.0,40.0,20.0,2.0,100.0,8.19
1469.0,49.0,20.0,2.0,100.0,10.01
1470.0,0.0,20.0,2.0,100.0,22.62
1471.0,0.5,20.0,2.0,100.0,10.7
1472.0,1.0,20.0,2.0,100.0,15.01
1473.0,2.0,20.0,2.0,100.0,11.05
1474.0,3.0,20.0,2.0,100.0,12.47
1475.0,5.0,20.0,2.0,100.0,9.99
1476.0,10.0,20.0,2.0,100.0,10.05
1477.0,20.0,20.0,2.0,100.0,10.5
1478.0,40.0,20.0,2.0,100.0,10.08
1479.0,49.0,20.0,2.0,100.0,8.9
1480.0,0.0,20.0,2.0,100.0,15.97
1481.0,0.5,20.0,2.0,100.0,21.02
1482.0,1.0,20.0,2.0,100.0,11.87
1483.0,2.0,20.0,2.0,100.0,14.92
1484.0,3.0,20.0,2.0,100.0,8.35
1485.0,5.0,20.0,2.0,100.0,8.91
1486.0,10.0,20.0,2.0,100.0,8.97
1487.0,20.0,20.0,2.0,100.0,10.02
1488.0,40.0,20.0,2.0,100.0,10.14
1489.0,49.0,20.0,2.0,100.0,10.48
1490.0,0.0,20.0,2.0,100.0,16.89
1491.0,0.5,20.0,2.0,100.0,18.92
1492.0,1.0,20.0,2.0,100.0,11.87
1493.0,2.0,20.0,2.0,100.0,10.96
1494.0,3.0,20.0,2.0,100.0,9.8
1495.0,5.0,20.0,2.0,100.0,7.87
1496.0,10.0,20.0,2.0,100.0,9.77
1497.0,20.0,20.0,2.0,100.0,8.16
1498.0,40.0,20.0,2.0,100.0,9.89
1499.0,49.0,20.0,2.0,100.0,9.02
1500.0,0.0,30.0,2.0,100.0,13.04
1501.0,0.5,30.0,2.0,100.0,16.6
1502.0,1.0,30.0,2.0,100.0,11.22
1503.0,2.0,30.0,2.0,100.0,11.25
1504.0,3.0,30.0,2.0,100.0,9.84
1505.0,5.0,30.0,2.0,100.0,8.92
1506.0,10.0,30.0,2.0,100.0,10.04
1507.0,20.0,30.0,2.0,100.0,7.51
1508.0,40.0,30.0,2.0,100.0,8.25
1509.0,49.0,30.0,2.0,100.0,9.47
1510.0,0.0,30.0,2.0,100.0,22.02
1511.0,0.5,30.0,2.0,100.0,18.95
1512.0,1.0,30.0,2.0,100.0,21.23
1513.0,2.0,30.0,2.0,100.0,9.35
1514.0,3.0,30.0,2.0,100.0,9.57
1515.0,5.0,30.0,2.0,100.0,9.94
1516.0,10.0,30.0,2.0,100.0,9.47
1517.0,20.0,30.0,2.0,100.0,11.62
1518.0,40.0,30.0,2.0,100.0,11.32
1519.0,49.0,30.0,2.0,100.0,11.14
1520.0,0.0,30.0,2.0,100.0,18.28
1521.0,0.5,30.0,2.0,100.0,13.82
1522.0,1.0,30.0,2.0,100.0,10.27
1523.0,2.0,30.0,2.0,100.0,12.12
1524.0,3.0,30.0,2.0,100.0,8.36
1525.0,5.0,30.0,2.0,100.0,8.75
1526.0,10.0,30.0,2.0,100.0,7.95
1527.0,20.0,30.0,2.0,100.0,9.14
1528.0,40.0,30.0,2.0,100.0,10.47
1529.0,49.0,30.0,2.0,100.0,11.92
1530.0,0.0,30.0,2.0,100.0,19.51
1531.0,0.5,30.0,2.0,100.0,24.61
1532.0,1.0,30.0,2.0,100.0,21.01
1533.0,2.0,30.0,2.0,100.0,8.54
1534.0,3.0,30.0,2.0,100.0,12.69
1535.0,5.0,30.0,2.0,100.0,8.63
1536.0,10.0,30.0,2.0,100.0,10.29
1537.0,20.0,30.0,2.0,100.0,8.41
1538.0,40.0,30.0,2.0,100.0,8.61
1539.0,49.0,30.0,2.0,100.0,8.82
1540.0,0.0,30.0,2.0,100.0,15.7
1541.0,0.5,30.0,2.0,100.0,15.2
1542.0,1.0,30.0,2.0,100.0,9.54
1543.0,2.0,30.0,2.0,100.0,23.01
1544.0,3.0,30.0,2.0,100.0,17.33
1545.0,5.0,30.0,2.0,100.0,13.99
1546.0,10.0,30.0,2.0,100.0,9.33
1547.0,20.0,30.0,2.0,100.0,9.65
1548.0,40.0,30.0,2.0,100.0,12.04
1549.0,49.0,30.0,2.0,100.0,12.44
1550.0,0.0,30.0,2.0,100.0,16.56
1551.0,0.5,30.0,2.0,100.0,16.58
1552.0,1.0,30.0,2.0,100.0,14.88
1553.0,2.0,30.0,2.0,100.0,19.52
1554.0,3.0,30.0,2.0,100.0,12.89
1555.0,5.0,30.0,2.0,100.0,9.16
1556.0,10.0,30.0,2.0,100.0,9.52
1557.0,20.0,30.0,2.0,100.0,11.23
1558.0,40.0,30.0,2.0,100.0,9.53
1559.0,49.0,30.0,2.0,100.0,9.8
1560.0,0.0,30.0,2.0,100.0,10.85
1561.0,0.5,30.0,2.0,100.0,23.28
1562.0,1.0,30.0,2.0,100.0,14.94
1563.0,2.0,30.0,2.0,100.0,9.43
1564.0,3.0,30.0,2.0,100.0,16.9
1565.0,5.0,30.0,2.0,100.0,10.53
1566.0,10.0,30.0,2.0,100.0,10.81
1567.0,20.0,30.0,2.0,100.0,8.64
1568.0,40.0,30.0,2.0,100.0,8.75
1569.0,49.0,30.0,2.0,100.0,11.81
1570.0,0.0,30.0,2.0,100.0,18.6
1571.0,0.5,30.0,2.0,100.0,13.0
1572.0,1.0,30.0,2.0,100.0,24.84
1573.0,2.0,30.0,2.0,100.0,8.36
1574.0,3.0,30.0,2.0,100.0,15.43
1575.0,5.0,30.0,2.0,100.0,8.35
1576.0,10.0,30.0,2.0,100.0,8.93
1577.0,20.0,30.0,2.0,100.0,8.2
1578.0,40.0,30.0,2.0,100.0,8.72
1579.0,49.0,30.0,2.0,100.0,9.11
1580.0,0.0,30.0,2.0,100.0,13.18
1581.0,0.5,30.0,2.0,100.0,22.74
1582.0,1.0,30.0,2.0,100.0,11.16
1583.0,2.0,30.0,2.0,100.0,8.97
1584.0,3.0,30.0,2.0,100.0,8.2
1585.0,5.0,30.0,2.0,100.0,9.57
1586.0,10.0,30.0,2.0,100.0,9.16
1587.0,20.0,30.0,2.0,100.0,9.56
1588.0,40.0,30.0,2.0,100.0,8.72
1589.0,49.0,30.0,2.0,100.0,8.64
1590.0,0.0,30.0,2.0,100.0,22.55
1591.0,0.5,30.0,2.0,100.0,24.39
1592.0,1.0,30.0,2.0,100.0,14.87
1593.0,2.0,30.0,2.0,100.0,9.63
1594.0,3.0,30.0,2.0,100.0,10.82
1595.0,5.0,30.0,2.0,100.0,10.1
1596.0,10.0,30.0,2.0,100.0,10.03
1597.0,20.0,30.0,2.0,100.0,11.3
1598.0,40.0,30.0,2.0,100.0,10.54
1599.0,49.0,30.0,2.0,100.0,10.97
1600.0,0.0,30.0,2.0,100.0,18.84
1601.0,0.5,30.0,2.0,100.0,22.69
1602.0,1.0,30.0,2.0,100.0,18.05
1603.0,2.0,30.0,2.0,100.0,9.75
1604.0,3.0,30.0,2.0,100.0,14.56
1605.0,5.0,30.0,2.0,100.0,10.25
1606.0,10.0,30.0,2.0,100.0,9.47
1607.0,20.0,30.0,2.0,100.0,10.66
1608.0,40.0,30.0,2.0,100.0,7.99
1609.0,49.0,30.0,2.0,100.0,9.11
1610.0,0.0,30.0,2.0,100.0,21.39
1611.0,0.5,30.0,2.0,100.0,16.93
1612.0,1.0,30.0,2.0,100.0,20.84
1613.0,2.0,30.0,2.0,100.0,13.91
1614.0,3.0,30.0,2.0,100.0,14.73
1615.0,5.0,30.0,2.0,100.0,9.31
1616.0,10.0,30.0,2.0,100.0,8.14
1617.0,20.0,30.0,2.0,100.0,8.93
1618.0,40.0,30.0,2.0,100.0,11.21
1619.0,49.0,30.0,2.0,100.0,8.65
1620.0,0.0,30.0,2.0,100.0,13.77
1621.0,0.5,30.0,2.0,100.0,16.28
1622.0,1.0,30.0,2.0,100.0,10.9
1623.0,2.0,30.0,2.0,100.0,10.13
1624.0,3.0,30.0,2.0,100.0,12.97
1625.0,5.0,30.0,2.0,100.0,11.3
1626.0,10.0,30.0,2.0,100.0,7.81
1627.0,20.0,30.0,2.0,100.0,8.36
1628.0,40.0,30.0,2.0,100.0,8.55
1629.0,49.0,30.0,2.0,100.0,11.63
1630.0,0.0,30.0,2.0,100.0,18.55
1631.0,0.5,30.0,2.0,100.0,11.68
1632.0,1.0,30.0,2.0,100.0,10.0
1633.0,2.0,30.0,2.0,100.0,13.81
1634.0,3.0,30.0,2.0,100.0,11.73
1635.0,5.0,30.0,2.0,100.0,12.15
1636.0,10.0,30.0,2.0,100.0,9.07
1637.0,20.0,30.0,2.0,100.0,9.48
1638.0,40.0,30.0,2.0,100.0,8.26
1639.0,49.0,30.0,2.0,100.0,9.78
1640.0,0.0,30.0,2.0,100.0,22.8
1641.0,0.5,30.0,2.0,100.0,14.07
1642.0,1.0,30.0,2.0,100.0,12.43
1643.0,2.0,30.0,2.0,100.0,18.4
1644.0,3.0,30.0,2.0,100.0,10.59
1645.0,5.0,30.0,2.0,100.0,11.11
1646.0,10.0,30.0,2.0,100.0,9.96
1647.0,20.0,30.0,2.0,100.0,7.8
1648.0,40.0,30.0,2.0,100.0,12.31
1649.0,49.0,30.0,2.0,100.0,9.28
1650.0,0.0,30.0,2.0,100.0,22.72
1651.0,0.5,30.0,2.0,100.0,11.92
1652.0,1.0,30.0,2.0,100.0,10.05
1653.0,2.0,30.0,2.0,100.0,14.87
1654.0,3.0,30.0,2.0,100.0,12.74
1655.0,5.0,30.0,2.0,100.0,10.17
1656.0,10.0,30.0,2.0,100.0,9.26
1657.0,20.0,30.0,2.0,100.0,8.06
1658.0,40.0,30.0,2.0,100.0,10.57
1659.0,49.0,30.0,2.0,100.0,8.44
1660.0,0.0,30.0,2.0,100.0,22.49
1661.0,0.5,30.0,2.0,100.0,20.31
1662.0,1.0,30.0,2.0,100.0,9.44
1663.0,2.0,30.0,2.0,100.0,9.55
1664.0,3.0,30.0,2.0,100.0,12.75
1665.0,5.0,30.0,2.0,100.0,8.42
1666.0,10.0,30.0,2.0,100.0,9.41
1667.0,20.0,30.0,2.0,100.0,11.96
1668.0,40.0,30.0,2.0,100.0,11.65
1669.0,49.0,30.0,2.0,100.0,12.51
1670.0,0.0,30.0,2.0,100.0,21.55
1671.0,0.5,30.0,2.0,100.0,13.74
1672.0,1.0,30.0,2.0,100.0,19.12
1673.0,2.0,30.0,2.0,100.0,12.31
1674.0,3.0,30.0,2.0,100.0,16.14
1675.0,5.0,30.0,2.0,100.0,9.87
1676.0,10.0,30.0,2.0,100.0,9.32
1677.0,20.0,30.0,2.0,100.0,9.56
1678.0,40.0,30.0,2.0,100.0,7.77
1679.0,49.0,30.0,2.0,100.0,8.68
1680.0,0.0,30.0,2.0,100.0,21.34
1681.0,0.5,30.0,2.0,100.0,12.43
1682.0,1.0,30.0,2.0,100.0,14.7
1683.0,2.0,30.0,2.0,100.0,12.07
1684.0,3.0,30.0,2.0,100.0,9.47
1685.0,5.0,30.0,2.0,100.0,10.35
1686.0,10.0,30.0,2.0,100.0,9.27
1687.0,20.0,30.0,2.0,100.0,9.09
1688.0,40.0,30.0,2.0,100.0,10.23
1689.0,49.0,30.0,2.0,100.0,8.55
1690.0,0.0,30.0,2.0,100.0,20.37
1691.0,0.5,30.0,2.0,100.0,15.12
1692.0,1.0,30.0,2.0,100.0,11.78
1693.0,2.0,30.0,2.0,100.0,21.78
1694.0,3.0,30.0,2.0,100.0,9.92
1695.0,5.0,30.0,2.0,100.0,9.9
1696.0,10.0,30.0,2.0,100.0,7.5
1697.0,20.0,30.0,2.0,100.0,11.23
1698.0,40.0,30.0,2.0,100.0,10.58
1699.0,49.0,30.0,2.0,100.0,12.75
1700.0,0.0,30.0,2.0,100.0,13.08
1701.0,0.5,30.0,2.0,100.0,23.48
1702.0,1.0,30.0,2.0,100.0,18.02
1703.0,2.0,30.0,2.0,100.0,10.13
1704.0,3.0,30.0,2.0,100.0,9.12
1705.0,5.0,30.0,2.0,100.0,11.35
1706.0,10.0,30.0,2.0,100.0,8.54
1707.0,20.0,30.0,2.0,100.0,7.94
1708.0,40.0,30.0,2.0,100.0,8.56
1709.0,49.0,30.0,2.0,100.0,11.81
1710.0,0.0,30.0,2.0,100.0,19.59
1711.0,0.5,30.0,2.0,100.0,22.19
1712.0,1.0,30.0,2.0,100.0,13.74
1713.0,2.0,30.0,2.0,100.0,10.22
1714.0,3.0,30.0,2.0,100.0,10.11
1715.0,5.0,30.0,2.0,100.0,10.21
1716.0,10.0,30.0,2.0,100.0,10.7
1717.0,20.0,30.0,2.0,100.0,8.9
1718.0,40.0,30.0,2.0,100.0,11.29
1719.0,49.0,30.0,2.0,100.0,9.29
1720.0,0.0,30.0,2.0,100.0,19.03
1721.0,0.5,30.0,2.0,100.0,25.03
1722.0,1.0,30.0,2.0,100.0,17.04
1723.0,2.0,30.0,2.0,100.0,10.48
1724.0,3.0,30.0,2.0,100.0,12.57
1725.0,5.0,30.0,2.0,100.0,10.22
1726.0,10.0,30.0,2.0,100.0,8.71
1727.0,20.0,30.0,2.0,100.0,13.47
1728.0,40.0,30.0,2.0,100.0,9.6
1729.0,49.0,30.0,2.0,100.0,7.72
1730.0,0.0,30.0,2.0,100.0,23.83
1731.0,0.5,30.0,2.0,100.0,10.78
1732.0,1.0,30.0,2.0,100.0,11.36
1733.0,2.0,30.0,2.0,100.0,12.46
1734.0,3.0,30.0,2.0,100.0,8.72
1735.0,5.0,30.0,2.0,100.0,8.65
1736.0,10.0,30.0,2.0,100.0,10.85
1737.0,20.0,30.0,2.0,100.0,9.86
1738.0,40.0,30.0,2.0,100.0,7.49
1739.0,49.0,30.0,2.0,100.0,9.95
1740.0,0.0,30.0,2.0,100.0,16.99
1741.0,0.5,30.0,2.0,100.0,17.05
1742.0,1.0,30.0,2.0,100.0,12.77
1743.0,2.0,30.0,2.0,100.0,18.49
1744.0,3.0,30.0,2.0,100.0,12.2
1745.0,5.0,30.0,2.0,100.0,9.99
1746.0,10.0,30.0,2.0,100.0,9.03
1747.0,20.0,30.0,2.0,100.0,11.3
1748.0,40.0,30.0,2.0,100.0,9.55
1749.0,49.0,30.0,2.0,100.0,10.56
1750.0,0.0,30.0,2.0,100.0,19.65
1751.0,0.5,30.0,2.0,100.0,19.76
1752.0,1.0,30.0,2.0,100.0,11.33
1753.0,2.0,30.0,2.0,100.0,14.16
1754.0,3.0,30.0,2.0,100.0,10.23
1755.0,5.0,30.0,2.0,100.0,8.99
1756.0,10.0,30.0,2.0,100.0,9.54
1757.0,20.0,30.0,2.0,100.0,8.85
1758.0,40.0,30.0,2.0,100.0,10.19
1759.0,49.0,30.0,2.0,100.0,8.69
1760.0,0.0,30.0,2.0,100.0,17.01
1761.0,0.5,30.0,2.0,100.0,18.25
1762.0,1.0,30.0,2.0,100.0,17.26
1763.0,2.0,30.0,2.0,100.0,8.67
1764.0,3.0,30.0,2.0,100.0,15.47
1765.0,5.0,30.0,2.0,100.0,11.97
1766.0,10.0,30.0,2.0,100.0,8.33
1767.0,20.0,30.0,2.0,100.0,10.93
1768.0,40.0,30.0,2.0,100.0,10.16
1769.0,49.0,30.0,2.0,100.0,10.01
1770.0,0.0,30.0,2.0,100.0,24.02
1771.0,0.5,30.0,2.0,100.0,15.54
1772.0,1.0,30.0,2.0,100.0,16.03
1773.0,2.0,30.0,2.0,100.0,16.14
1774.0,3.0,30.0,2.0,100.0,11.08
1775.0,5.0,30.0,2.0,100.0,9.79
1776.0,10.0,30.0,2.0,100.0,8.6
1777.0,20.0,30.0,2.0,100.0,10.23
1778.0,40.0,30.0,2.0,100.0,8.46
1779.0,49.0,30.0,2.0,100.0,10.56
1780.0,0.0,30.0,2.0,100.0,13.31
1781.0,0.5,30.0,2.0,100.0,13.53
1782.0,1.0,30.0,2.0,100.0,16.47
1783.0,2.0,30.0,2.0,100.0,9.55
1784.0,3.0,30.0,2.0,100.0,14.91
1785.0,5.0,30.0,2.0,100.0,7.73
1786.0,10.0,30.0,2.0,100.0,9.34
1787.0,20.0,30.0,2.0,100.0,10.19
1788.0,40.0,30.0,2.0,100.0,10.0
1789.0,49.0,30.0,2.0,100.0,9.66
1790.0,0.0,30.0,2.0,100.0,20.8
1791.0,0.5,30.0,2.0,100.0,15.53
1792.0,1.0,30.0,2.0,100.0,23.6
1793.0,2.0,30.0,2.0,100.0,13.53
1794.0,3.0,30.0,2.0,100.0,9.95
1795.0,5.0,30.0,2.0,100.0,12.25
1796.0,10.0,30.0,2.0,100.0,10.78
1797.0,20.0,30.0,2.0,100.0,11.14
1798.0,40.0,30.0,2.0,100.0,10.83
1799.0,49.0,30.0,2.0,100.0,10.38
1800.0,0.0,30.0,2.0,100.0,14.29
1801.0,0.5,30.0,2.0,100.0,10.71
1802.0,1.0,30.0,2.0,100.0,12.53
1803.0,2.0,30.0,2.0,100.0,8.96
1804.0,3.0,30.0,2.0,100.0,8.67
1805.0,5.0,30.0,2.0,100.0,9.01
1806.0,10.0,30.0,2.0,100.0,9.23
1807.0,20.0,30.0,2.0,100.0,10.87
1808.0,40.0,30.0,2.0,100.0,8.45
1809.0,49.0,30.0,2.0,100.0,9.33
1810.0,0.0,30.0,2.0,100.0,24.78
1811.0,0.5,30.0,2.0,100.0,25.35
1812.0,1.0,30.0,2.0,100.0,19.2
1813.0,2.0,30.0,2.0,100.0,16.55
1814.0,3.0,30.0,2.0,100.0,11.65
1815.0,5.0,30.0,2.0,100.0,10.54
1816.0,10.0,30.0,2.0,100.0,10.39
1817.0,20.0,30.0,2.0,100.0,9.51
1818.0,40.0,30.0,2.0,100.0,9.95
1819.0,49.0,30.0,2.0,100.0,11.04
1820.0,0.0,30.0,2.0,100.0,22.11
1821.0,0.5,30.0,2.0,100.0,27.01
1822.0,1.0,30.0,2.0,100.0,10.3
1823.0,2.0,30.0,2.0,100.0,14.67
1824.0,3.0,30.0,2.0,100.0,11.6
1825.0,5.0,30.0,2.0,100.0,11.03
1826.0,10.0,30.0,2.0,100.0,9.79
1827.0,20.0,30.0,2.0,100.0,8.13
1828.0,40.0,30.0,2.0,100.0,8.72
1829.0,49.0,30.0,2.0,100.0,9.8
1830.0,0.0,30.0,2.0,100.0,24.89
1831.0,0.5,30.0,2.0,100.0,18.64
1832.0,1.0,30.0,2.0,100.0,17.71
1833.0,2.0,30.0,2.0,100.0,9.5
1834.0,3.0,30.0,2.0,100.0,11.56
1835.0,5.0,30.0,2.0,100.0,8.13
1836.0,10.0,30.0,2.0,100.0,8.69
1837.0,20.0,30.0,2.0,100.0,8.56
1838.0,40.0,30.0,2.0,100.0,8.84
1839.0,49.0,30.0,2.0,100.0,10.1
1840.0,0.0,30.0,2.0,100.0,17.64
1841.0,0.5,30.0,2.0,100.0,15.21
1842.0,1.0,30.0,2.0,100.0,22.89
1843.0,2.0,30.0,2.0,100.0,10.05
1844.0,3.0,30.0,2.0,100.0,8.61
1845.0,5.0,30.0,2.0,100.0,10.77
1846.0,10.0,30.0,2.0,100.0,8.63
1847.0,20.0,30.0,2.0,100.0,8.28
1848.0,40.0,30.0,2.0,100.0,8.3
1849.0,49.0,30.0,2.0,100.0,8.94
1850.0,0.0,30.0,2.0,100.0,24.32
1851.0,0.5,30.0,2.0,100.0,19.57
1852.0,1.0,30.0,2.0,100.0,11.88
1853.0,2.0,30.0,2.0,100.0,12.41
1854.0,3.0,30.0,2.0,100.0,9.87
1855.0,5.0,30.0,2.0,100.0,7.65
1856.0,10.0,30.0,2.0,100.0,8.19
1857.0,20.0,30.0,2.0,100.0,8.3
1858.0,40.0,30.0,2.0,100.0,10.01
1859.0,49.0,30.0,2.0,100.0,9.51
1860.0,0.0,30.0,2.0,100.0,19.03
1861.0,0.5,30.0,2.0,100.0,15.43
1862.0,1.0,30.0,2.0,100.0,11.07
1863.0,2.0,30.0,2.0,100.0,22.59
1864.0,3.0,30.0,2.0,100.0,9.36
1865.0,5.0,30.0,2.0,100.0,9.75
1866.0,10.0,30.0,2.0,100.0,9.0
1867.0,20.0,30.0,2.0,100.0,9.2
1868.0,40.0,30.0,2.0,100.0,10.17
1869.0,49.0,30.0,2.0,100.0,9.15
1870.0,0.0,30.0,2.0,100.0,9.87
1871.0,0.5,30.0,2.0,100.0,20.65
1872.0,1.0,30.0,2.0,100.0,24.92
1873.0,2.0,30.0,2.0,100.0,11.88
1874.0,3.0,30.0,2.0,100.0,11.33
1875.0,5.0,30.0,2.0,100.0,10.75
1876.0,10.0,30.0,2.0,100.0,10.97
1877.0,20.0,30.0,2.0,100.0,10.09
1878.0,40.0,30.0,2.0,100.0,9.99
1879.0,49.0,30.0,2.0,100.0,12.69
1880.0,0.0,30.0,2.0,100.0,23.08
1881.0,0.5,30.0,2.0,100.0,16.22
1882.0,1.0,30.0,2.0,100.0,9.36
1883.0,2.0,30.0,2.0,100.0,16.8
1884.0,3.0,30.0,2.0,100.0,9.97
1885.0,5.0,30.0,2.0,100.0,10.12
1886.0,10.0,30.0,2.0,100.0,8.64
1887.0,20.0,30.0,2.0,100.0,9.43
1888.0,40.0,30.0,2.0,100.0,10.28
1889.0,49.0,30.0,2.0,100.0,9.82
1890.0,0.0,30.0,2.0,100.0,22.28
1891.0,0.5,30.0,2.0,100.0,23.38
1892.0,1.0,30.0,2.0,100.0,11.45
1893.0,2.0,30.0,2.0,100.0,8.95
1894.0,3.0,30.0,2.0,100.0,9.86
1895.0,5.0,30.0,2.0,100.0,9.17
1896.0,10.0,30.0,2.0,100.0,9.11
1897.0,20.0,30.0,2.0,100.0,11.55
1898.0,40.0,30.0,2.0,100.0,8.65
1899.0,49.0,30.0,2.0,100.0,8.23
1900.0,0.0,30.0,2.0,100.0,16.93
1901.0,0.5,30.0,2.0,100.0,8.3
1902.0,1.0,30.0,2.0,100.0,9.85
1903.0,2.0,30.0,2.0,100.0,10.41
1904.0,3.0,30.0,2.0,100.0,11.14
1905.0,5.0,30.0,2.0,100.0,8.4
1906.0,10.0,30.0,2.0,100.0,8.44
1907.0,20.0,30.0,2.0,100.0,11.66
1908.0,40.0,30.0,2.0,100.0,9.27
1909.0,49.0,30.0,2.0,100.0,8.86
1910.0,0.0,30.0,2.0,100.0,24.56
1911.0,0.5,30.0,2.0,100.0,13.77
1912.0,1.0,30.0,2.0,100.0,20.96
1913.0,2.0,30.0,2.0,100.0,11.32
1914.0,3.0,30.0,2.0,100.0,14.05
1915.0,5.0,30.0,2.0,100.0,13.78
1916.0,10.0,30.0,2.0,100.0,7.99
1917.0,20.0,30.0,2.0,100.0,9.59
1918.0,40.0,30.0,2.0,100.0,8.05
1919.0,49.0,30.0,2.0,100.0,8.04
1920.0,0.0,30.0,2.0,100.0,25.22
1921.0,0.5,30.0,2.0,100.0,12.95
1922.0,1.0,30.0,2.0,100.0,16.34
1923.0,2.0,30.0,2.0,100.0,8.73
1924.0,3.0,30.0,2.0,100.0,18.05
1925.0,5.0,30.0,2.0,100.0,9.44
1926.0,10.0,30.0,2.0,100.0,9.77
1927.0,20.0,30.0,2.0,100.0,11.31
1928.0,40.0,30.0,2.0,100.0,9.77
1929.0,49.0,30.0,2.0,100.0,9.12
1930.0,0.0,30.0,2.0,100.0,25.33
1931.0,0.5,30.0,2.0,100.0,16.82
1932.0,1.0,30.0,2.0,100.0,25.12
1933.0,2.0,30.0,2.0,100.0,15.19
1934.0,3.0,30.0,2.0,100.0,8.09
1935.0,5.0,30.0,2.0,100.0,16.42
1936.0,10.0,30.0,2.0,100.0,8.98
1937.0,20.0,30.0,2.0,100.0,8.25
1938.0,40.0,30.0,2.0,100.0,9.04
1939.0,49.0,30.0,2.0,100.0,9.16
1940.0,0.0,30.0,2.0,100.0,23.31
1941.0,0.5,30.0,2.0,100.0,19.6
1942.0,1.0,30.0,2.0,100.0,12.0
1943.0,2.0,30.0,2.0,100.0,12.63
1944.0,3.0,30.0,2.0,100.0,10.93
1945.0,5.0,30.0,2.0,100.0,9.54
1946.0,10.0,30.0,2.0,100.0,9.15
1947.0,20.0,30.0,2.0,100.0,10.07
1948.0,40.0,30.0,2.0,100.0,11.17
1949.0,49.0,30.0,2.0,100.0,7.78
1950.0,0.0,30.0,2.0,100.0,21.77
1951.0,0.5,30.0,2.0,100.0,17.37
1952.0,1.0,30.0,2.0,100.0,17.52
1953.0,2.0,30.0,2.0,100.0,9.85
1954.0,3.0,30.0,2.0,100.0,10.29
1955.0,5.0,30.0,2.0,100.0,9.74
1956.0,10.0,30.0,2.0,100.0,8.95
1957.0,20.0,30.0,2.0,100.0,8.89
1958.0,40.0,30.0,2.0,100.0,9.77
1959.0,49.0,30.0,2.0,100.0,7.69
1960.0,0.0,30.0,2.0,100.0,19.14
1961.0,0.5,30.0,2.0,100.0,19.81
1962.0,1.0,30.0,2.0,100.0,12.18
1963.0,2.0,30.0,2.0,100.0,13.86
1964.0,3.0,30.0,2.0,100.0,13.69
1965.0,5.0,30.0,2.0,100.0,9.26
1966.0,10.0,30.0,2.0,100.0,9.26
1967.0,20.0,30.0,2.0,100.0,9.02
1968.0,40.0,30.0,2.0,100.0,9.83
1969.0,49.0,30.0,2.0,100.0,8.15
1970.0,0.0,30.0,2.0,100.0,17.16
1971.0,0.5,30.0,2.0,100.0,18.19
1972.0,1.0,30.0,2.0,100.0,20.81
1973.0,2.0,30.0,2.0,100.0,9.5
1974.0,3.0,30.0,2.0,100.0,10.48
1975.0,5.0,30.0,2.0,100.0,10.88
1976.0,10.0,30.0,2.0,100.0,8.13
1977.0,20.0,30.0,2.0,100.0,8.07
1978.0,40.0,30.0,2.0,100.0,9.69
1979.0,49.0,30.0,2.0,100.0,8.89
1980.0,0.0,30.0,2.0,100.0,26.44
1981.0,0.5,30.0,2.0,100.0,10.38
1982.0,1.0,30.0,2.0,100.0,20.13
1983.0,2.0,30.0,2.0,100.0,12.29
1984.0,3.0,30.0,2.0,100.0,10.26
1985.0,5.0,30.0,2.0,100.0,9.06
1986.0,10.0,30.0,2.0,100.0,8.35
1987.0,20.0,30.0,2.0,100.0,11.36
1988.0,40.0,30.0,2.0,100.0,8.8
1989.0,49.0,30.0,2.0,100.0,9.55
1990.0,0.0,30.0,2.0,100.0,23.39
1991.0,0.5,30.0,2.0,100.0,12.86
1992.0,1.0,30.0,2.0,100.0,11.22
1993.0,2.0,30.0,2.0,100.0,11.58
1994.0,3.0,30.0,2.0,100.0,9.67
1995.0,5.0,30.0,2.0,100.0,9.22
1996.0,10.0,30.0,2.0,100.0,15.73
1997.0,20.0,30.0,2.0,100.0,8.55
1998.0,40.0,30.0,2.0,100.0,8.46
1999.0,49.0,30.0,2.0,100.0,10.36
2000.0,0.0,40.0,2.0,100.0,24.74
2001.0,0.5,40.0,2.0,100.0,18.89
2002.0,1.0,40.0,2.0,100.0,18.05
2003.0,2.0,40.0,2.0,100.0,13.0
2004.0,3.0,40.0,2.0,100.0,18.52
2005.0,5.0,40.0,2.0,100.0,10.52
2006.0,10.0,40.0,2.0,100.0,9.22
2007.0,20.0,40.0,2.0,100.0,8.54
2008.0,40.0,40.0,2.0,100.0,8.68
2009.0,49.0,40.0,2.0,100.0,10.45
2010.0,0.0,40.0,2.0,100.0,24.25
2011.0,0.5,40.0,2.0,100.0,23.36
2012.0,1.0,40.0,2.0,100.0,18.22
2013.0,2.0,40.0,2.0,100.0,8.28
2014.0,3.0,40.0,2.0,100.0,10.23
2015.0,5.0,40.0,2.0,100.0,9.64
2016.0,10.0,40.0,2.0,100.0,9.56
2017.0,20.0,40.0,2.0,100.0,9.04
2018.0,40.0,40.0,2.0,100.0,10.77
2019.0,49.0,40.0,2.0,100.0,8.8
2020.0,0.0,40.0,2.0,100.0,17.55
2021.0,0.5,40.0,2.0,100.0,20.71
2022.0,1.0,40.0,2.0,100.0,14.29
2023.0,2.0,40.0,2.0,100.0,16.15
2024.0,3.0,40.0,2.0,100.0,11.26
2025.0,5.0,40.0,2.0,100.0,8.06
2026.0,10.0,40.0,2.0,100.0,8.07
2027.0,20.0,40.0,2.0,100.0,8.41
2028.0,40.0,40.0,2.0,100.0,8.23
2029.0,49.0,40.0,2.0,100.0,10.22
2030.0,0.0,40.0,2.0,100.0,28.3
2031.0,0.5,40.0,2.0,100.0,18.05
2032.0,1.0,40.0,2.0,100.0,15.81
2033.0,2.0,40.0,2.0,100.0,10.62
2034.0,3.0,40.0,2.0,100.0,13.58
2035.0,5.0,40.0,2.0,100.0,9.27
2036.0,10.0,40.0,2.0,100.0,10.68
2037.0,20.0,40.0,2.0,100.0,9.11
2038.0,40.0,40.0,2.0,100.0,10.15
2039.0,49.0,40.0,2.0,100.0,8.42
2040.0,0.0,40.0,2.0,100.0,15.98
2041.0,0.5,40.0,2.0,100.0,11.34
2042.0,1.0,40.0,2.0,100.0,11.7
2043.0,2.0,40.0,2.0,100.0,10.27
2044.0,3.0,40.0,2.0,100.0,9.27
2045.0,5.0,40.0,2.0,100.0,10.79
2046.0,10.0,40.0,2.0,100.0,8.9
2047.0,20.0,40.0,2.0,100.0,10.65
2048.0,40.0,40.0,2.0,100.0,11.85
2049.0,49.0,40.0,2.0,100.0,12.16
2050.0,0.0,40.0,2.0,100.0,26.17
2051.0,0.5,40.0,2.0,100.0,22.13
2052.0,1.0,40.0,2.0,100.0,20.42
2053.0,2.0,40.0,2.0,100.0,10.05
2054.0,3.0,40.0,2.0,100.0,9.23
2055.0,5.0,40.0,2.0,100.0,8.86
2056.0,10.0,40.0,2.0,100.0,7.93
2057.0,20.0,40.0,2.0,100.0,8.86
2058.0,40.0,40.0,2.0,100.0,8.01
2059.0,49.0,40.0,2.0,100.0,9.53
2060.0,0.0,40.0,2.0,100.0,24.29
2061.0,0.5,40.0,2.0,100.0,13.13
2062.0,1.0,40.0,2.0,100.0,11.72
2063.0,2.0,40.0,2.0,100.0,10.52
2064.0,3.0,40.0,2.0,100.0,9.63
2065.0,5.0,40.0,2.0,100.0,9.17
2066.0,10.0,40.0,2.0,100.0,8.99
2067.0,20.0,40.0,2.0,100.0,9.66
2068.0,40.0,40.0,2.0,100.0,8.49
2069.0,49.0,40.0,2.0,100.0,8.73
2070.0,0.0,40.0,2.0,100.0,21.8
2071.0,0.5,40.0,2.0,100.0,17.27
2072.0,1.0,40.0,2.0,100.0,23.39
2073.0,2.0,40.0,2.0,100.0,11.15
2074.0,3.0,40.0,2.0,100.0,9.3
2075.0,5.0,40.0,2.0,100.0,10.74
2076.0,10.0,40.0,2.0,100.0,10.21
2077.0,20.0,40.0,2.0,100.0,8.2
2078.0,40.0,40.0,2.0,100.0,9.9
2079.0,49.0,40.0,2.0,100.0,9.65
2080.0,0.0,40.0,2.0,100.0,10.28
2081.0,0.5,40.0,2.0,100.0,23.36
2082.0,1.0,40.0,2.0,100.0,10.48
2083.0,2.0,40.0,2.0,100.0,11.75
2084.0,3.0,40.0,2.0,100.0,9.96
2085.0,5.0,40.0,2.0,100.0,9.02
2086.0,10.0,40.0,2.0,100.0,9.36
2087.0,20.0,40.0,2.0,100.0,9.47
2088.0,40.0,40.0,2.0,100.0,9.38
2089.0,49.0,40.0,2.0,100.0,10.3
2090.0,0.0,40.0,2.0,100.0,22.84
2091.0,0.5,40.0,2.0,100.0,11.82
2092.0,1.0,40.0,2.0,100.0,17.43
2093.0,2.0,40.0,2.0,100.0,15.1
2094.0,3.0,40.0,2.0,100.0,17.83
2095.0,5.0,40.0,2.0,100.0,9.45
2096.0,10.0,40.0,2.0,100.0,8.92
2097.0,20.0,40.0,2.0,100.0,10.6
2098.0,40.0,40.0,2.0,100.0,9.6
2099.0,49.0,40.0,2.0,100.0,10.81
2100.0,0.0,40.0,2.0,100.0,20.72
2101.0,0.5,40.0,2.0,100.0,14.18
2102.0,1.0,40.0,2.0,100.0,11.26
2103.0,2.0,40.0,2.0,100.0,15.6
2104.0,3.0,40.0,2.0,100.0,14.5
2105.0,5.0,40.0,2.0,100.0,13.36
2106.0,10.0,40.0,2.0,100.0,7.98
2107.0,20.0,40.0,2.0,100.0,9.27
2108.0,40.0,40.0,2.0,100.0,8.38
2109.0,49.0,40.0,2.0,100.0,10.77
2110.0,0.0,40.0,2.0,100.0,25.16
2111.0,0.5,40.0,2.0,100.0,17.19
2112.0,1.0,40.0,2.0,100.0,9.25
2113.0,2.0,40.0,2.0,100.0,14.89
2114.0,3.0,40.0,2.0,100.0,9.54
2115.0,5.0,40.0,2.0,100.0,9.85
2116.0,10.0,40.0,2.0,100.0,10.22
2117.0,20.0,40.0,2.0,100.0,8.85
2118.0,40.0,40.0,2.0,100.0,9.51
2119.0,49.0,40.0,2.0,100.0,12.24
2120.0,0.0,40.0,2.0,100.0,17.34
2121.0,0.5,40.0,2.0,100.0,9.36
2122.0,1.0,40.0,2.0,100.0,13.37
2123.0,2.0,40.0,2.0,100.0,11.28
2124.0,3.0,40.0,2.0,100.0,9.9
2125.0,5.0,40.0,2.0,100.0,10.55
2126.0,10.0,40.0,2.0,100.0,8.12
2127.0,20.0,40.0,2.0,100.0,10.68
2128.0,40.0,40.0,2.0,100.0,7.85
2129.0,49.0,40.0,2.0,100.0,11.76
2130.0,0.0,40.0,2.0,100.0,23.06
2131.0,0.5,40.0,2.0,100.0,15.31
2132.0,1.0,40.0,2.0,100.0,12.62
2133.0,2.0,40.0,2.0,100.0,9.97
2134.0,3.0,40.0,2.0,100.0,11.2
2135.0,5.0,40.0,2.0,100.0,10.42
2136.0,10.0,40.0,2.0,100.0,9.37
2137.0,20.0,40.0,2.0,100.0,9.2
2138.0,40.0,40.0,2.0,100.0,7.7
2139.0,49.0,40.0,2.0,100.0,8.56
2140.0,0.0,40.0,2.0,100.0,11.28
2141.0,0.5,40.0,2.0,100.0,18.25
2142.0,1.0,40.0,2.0,100.0,12.43
2143.0,2.0,40.0,2.0,100.0,15.14
2144.0,3.0,40.0,2.0,100.0,7.99
2145.0,5.0,40.0,2.0,100.0,9.02
2146.0,10.0,40.0,2.0,100.0,10.02
2147.0,20.0,40.0,2.0,100.0,9.02
2148.0,40.0,40.0,2.0,100.0,9.63
2149.0,49.0,40.0,2.0,100.0,10.02
2150.0,0.0,40.0,2.0,100.0,20.28
2151.0,0.5,40.0,2.0,100.0,22.82
2152.0,1.0,40.0,2.0,100.0,18.31
2153.0,2.0,40.0,2.0,100.0,9.32
2154.0,3.0,40.0,2.0,100.0,9.91
2155.0,5.0,40.0,2.0,100.0,10.52
2156.0,10.0,40.0,2.0,100.0,10.3
2157.0,20.0,40.0,2.0,100.0,7.9
2158.0,40.0,40.0,2.0,100.0,10.01
2159.0,49.0,40.0,2.0,100.0,10.23
2160.0,0.0,40.0,2.0,100.0,25.11
2161.0,0.5,40.0,2.0,100.0,10.6
2162.0,1.0,40.0,2.0,100.0,21.89
2163.0,2.0,40.0,2.0,100.0,9.14
2164.0,3.0,40.0,2.0,100.0,11.21
2165.0,5.0,40.0,2.0,100.0,10.46
2166.0,10.0,40.0,2.0,100.0,10.0
2167.0,20.0,40.0,2.0,100.0,8.79
2168.0,40.0,40.0,2.0,100.0,11.08
2169.0,49.0,40.0,2.0,100.0,12.63
2170.0,0.0,40.0,2.0,100.0,26.17
2171.0,0.5,40.0,2.0,100.0,11.99
2172.0,1.0,40.0,2.0,100.0,19.32
2173.0,2.0,40.0,2.0,100.0,9.03
2174.0,3.0,40.0,2.0,100.0,13.1
2175.0,5.0,40.0,2.0,100.0,8.9
2176.0,10.0,40.0,2.0,100.0,11.25
2177.0,20.0,40.0,2.0,100.0,9.12
2178.0,40.0,40.0,2.0,100.0,11.25
2179.0,49.0,40.0,2.0,100.0,8.26
2180.0,0.0,40.0,2.0,100.0,15.73
2181.0,0.5,40.0,2.0,100.0,19.67
2182.0,1.0,40.0,2.0,100.0,20.32
2183.0,2.0,40.0,2.0,100.0,16.9
2184.0,3.0,40.0,2.0,100.0,13.93
2185.0,5.0,40.0,2.0,100.0,16.95
2186.0,10.0,40.0,2.0,100.0,8.25
2187.0,20.0,40.0,2.0,100.0,9.35
2188.0,40.0,40.0,2.0,100.0,8.86
2189.0,49.0,40.0,2.0,100.0,9.59
2190.0,0.0,40.0,2.0,100.0,19.39
2191.0,0.5,40.0,2.0,100.0,19.35
2192.0,1.0,40.0,2.0,100.0,19.41
2193.0,2.0,40.0,2.0,100.0,14.51
2194.0,3.0,40.0,2.0,100.0,14.81
2195.0,5.0,40.0,2.0,100.0,8.58
2196.0,10.0,40.0,2.0,100.0,9.84
2197.0,20.0,40.0,2.0,100.0,9.74
2198.0,40.0,40.0,2.0,100.0,10.13
2199.0,49.0,40.0,2.0,100.0,8.83
2200.0,0.0,40.0,2.0,100.0,12.96
2201.0,0.5,40.0,2.0,100.0,19.53
2202.0,1.0,40.0,2.0,100.0,18.61
2203.0,2.0,40.0,2.0,100.0,8.91
2204.0,3.0,40.0,2.0,100.0,9.85
2205.0,5.0,40.0,2.0,100.0,9.36
2206.0,10.0,40.0,2.0,100.0,10.39
2207.0,20.0,40.0,2.0,100.0,9.06
2208.0,40.0,40.0,2.0,100.0,10.81
2209.0,49.0,40.0,2.0,100.0,8.68
2210.0,0.0,40.0,2.0,100.0,12.32
2211.0,0.5,40.0,2.0,100.0,25.18
2212.0,1.0,40.0,2.0,100.0,11.86
2213.0,2.0,40.0,2.0,100.0,9.56
2214.0,3.0,40.0,2.0,100.0,9.99
2215.0,5.0,40.0,2.0,100.0,9.69
2216.0,10.0,40.0,2.0,100.0,9.64
2217.0,20.0,40.0,2.0,100.0,9.35
2218.0,40.0,40.0,2.0,100.0,8.1
2219.0,49.0,40.0,2.0,100.0,10.23
2220.0,0.0,40.0,2.0,100.0,22.63
2221.0,0.5,40.0,2.0,100.0,11.05
2222.0,1.0,40.0,2.0,100.0,14.24
2223.0,2.0,40.0,2.0,100.0,11.64
2224.0,3.0,40.0,2.0,100.0,11.42
2225.0,5.0,40.0,2.0,100.0,11.09
2226.0,10.0,40.0,2.0,100.0,10.73
2227.0,20.0,40.0,2.0,100.0,8.39
2228.0,40.0,40.0,2.0,100.0,12.05
2229.0,49.0,40.0,2.0,100.0,8.24
2230.0,0.0,40.0,2.0,100.0,11.51
2231.0,0.5,40.0,2.0,100.0,10.76
2232.0,1.0,40.0,2.0,100.0,10.44
2233.0,2.0,40.0,2.0,100.0,14.84
2234.0,3.0,40.0,2.0,100.0,14.8
2235.0,5.0,40.0,2.0,100.0,9.44
2236.0,10.0,40.0,2.0,100.0,10.8
2237.0,20.0,40.0,2.0,100.0,11.92
2238.0,40.0,40.0,2.0,100.0,10.95
2239.0,49.0,40.0,2.0,100.0,11.65
2240.0,0.0,40.0,2.0,100.0,21.58
2241.0,0.5,40.0,2.0,100.0,11.24
2242.0,1.0,40.0,2.0,100.0,14.68
2243.0,2.0,40.0,2.0,100.0,7.76
2244.0,3.0,40.0,2.0,100.0,9.54
2245.0,5.0,40.0,2.0,100.0,10.15
2246.0,10.0,40.0,2.0,100.0,8.98
2247.0,20.0,40.0,2.0,100.0,8.45
2248.0,40.0,40.0,2.0,100.0,8.55
2249.0,49.0,40.0,2.0,100.0,9.05
2250.0,0.0,40.0,2.0,100.0,25.03
2251.0,0.5,40.0,2.0,100.0,16.49
2252.0,1.0,40.0,2.0,100.0,13.9
2253.0,2.0,40.0,2.0,100.0,9.65
2254.0,3.0,40.0,2.0,100.0,9.29
2255.0,5.0,40.0,2.0,100.0,8.98
2256.0,10.0,40.0,2.0,100.0,9.36
2257.0,20.0,40.0,2.0,100.0,10.65
2258.0,40.0,40.0,2.0,100.0,9.57
2259.0,49.0,40.0,2.0,100.0,10.46
2260.0,0.0,40.0,2.0,100.0,23.61
2261.0,0.5,40.0,2.0,100.0,11.81
2262.0,1.0,40.0,2.0,100.0,18.9
2263.0,2.0,40.0,2.0,100.0,15.1
2264.0,3.0,40.0,2.0,100.0,8.54
2265.0,5.0,40.0,2.0,100.0,7.74
2266.0,10.0,40.0,2.0,100.0,10.09
2267.0,20.0,40.0,2.0,100.0,8.98
2268.0,40.0,40.0,2.0,100.0,11.51
2269.0,49.0,40.0,2.0,100.0,12.24
2270.0,0.0,40.0,2.0,100.0,25.2
2271.0,0.5,40.0,2.0,100.0,14.98
2272.0,1.0,40.0,2.0,100.0,24.32
2273.0,2.0,40.0,2.0,100.0,20.74
2274.0,3.0,40.0,2.0,100.0,12.43
2275.0,5.0,40.0,2.0,100.0,9.38
2276.0,10.0,40.0,2.0,100.0,12.69
2277.0,20.0,40.0,2.0,100.0,9.12
2278.0,40.0,40.0,2.0,100.0,9.01
2279.0,49.0,40.0,2.0,100.0,8.08
2280.0,0.0,40.0,2.0,100.0,20.35
2281.0,0.5,40.0,2.0,100.0,15.91
2282.0,1.0,40.0,2.0,100.0,13.56
2283.0,2.0,40.0,2.0,100.0,15.5
2284.0,3.0,40.0,2.0,100.0,9.73
2285.0,5.0,40.0,2.0,100.0,9.34
2286.0,10.0,40.0,2.0,100.0,9.66
2287.0,20.0,40.0,2.0,100.0,11.46
2288.0,40.0,40.0,2.0,100.0,11.1
2289.0,49.0,40.0,2.0,100.0,10.06
2290.0,0.0,40.0,2.0,100.0,24.62
2291.0,0.5,40.0,2.0,100.0,25.61
2292.0,1.0,40.0,2.0,100.0,13.76
2293.0,2.0,40.0,2.0,100.0,8.68
2294.0,3.0,40.0,2.0,100.0,9.36
2295.0,5.0,40.0,2.0,100.0,8.72
2296.0,10.0,40.0,2.0,100.0,12.16
2297.0,20.0,40.0,2.0,100.0,7.75
2298.0,40.0,40.0,2.0,100.0,8.39
2299.0,49.0,40.0,2.0,100.0,11.31
2300.0,0.0,40.0,2.0,100.0,20.44
2301.0,0.5,40.0,2.0,100.0,14.73
2302.0,1.0,40.0,2.0,100.0,15.54
2303.0,2.0,40.0,2.0,100.0,17.69
2304.0,3.0,40.0,2.0,100.0,9.97
2305.0,5.0,40.0,2.0,100.0,9.74
2306.0,10.0,40.0,2.0,100.0,8.93
2307.0,20.0,40.0,2.0,100.0,8.45
2308.0,40.0,40.0,2.0,100.0,11.32
2309.0,49.0,40.0,2.0,100.0,11.15
2310.0,0.0,40.0,2.0,100.0,13.16
2311.0,0.5,40.0,2.0,100.0,11.32
2312.0,1.0,40.0,2.0,100.0,12.71
2313.0,2.0,40.0,2.0,100.0,11.97
2314.0,3.0,40.0,2.0,100.0,15.9
2315.0,5.0,40.0,2.0,100.0,9.92
2316.0,10.0,40.0,2.0,100.0,9.21
2317.0,20.0,40.0,2.0,100.0,9.1
2318.0,40.0,40.0,2.0,100.0,11.32
2319.0,49.0,40.0,2.0,100.0,8.36
2320.0,0.0,40.0,2.0,100.0,16.16
2321.0,0.5,40.0,2.0,100.0,23.1
2322.0,1.0,40.0,2.0,100.0,22.82
2323.0,2.0,40.0,2.0,100.0,10.75
2324.0,3.0,40.0,2.0,100.0,11.72
2325.0,5.0,40.0,2.0,100.0,8.36
2326.0,10.0,40.0,2.0,100.0,9.4
2327.0,20.0,40.0,2.0,100.0,9.91
2328.0,40.0,40.0,2.0,100.0,9.35
2329.0,49.0,40.0,2.0,100.0,9.14
2330.0,0.0,40.0,2.0,100.0,14.67
2331.0,0.5,40.0,2.0,100.0,11.46
2332.0,1.0,40.0,2.0,100.0,10.29
2333.0,2.0,40.0,2.0,100.0,11.36
2334.0,3.0,40.0,2.0,100.0,9.78
2335.0,5.0,40.0,2.0,100.0,9.07
2336.0,10.0,40.0,2.0,100.0,9.16
2337.0,20.0,40.0,2.0,100.0,8.21
2338.0,40.0,40.0,2.0,100.0,8.35
2339.0,49.0,40.0,2.0,100.0,9.72
2340.0,0.0,40.0,2.0,100.0,15.47
2341.0,0.5,40.0,2.0,100.0,20.31
2342.0,1.0,40.0,2.0,100.0,11.78
2343.0,2.0,40.0,2.0,100.0,19.9
2344.0,3.0,40.0,2.0,100.0,23.02
2345.0,5.0,40.0,2.0,100.0,9.72
2346.0,10.0,40.0,2.0,100.0,9.71
2347.0,20.0,40.0,2.0,100.0,9.59
2348.0,40.0,40.0,2.0,100.0,7.8
2349.0,49.0,40.0,2.0,100.0,9.41
2350.0,0.0,40.0,2.0,100.0,19.53
2351.0,0.5,40.0,2.0,100.0,12.72
2352.0,1.0,40.0,2.0,100.0,18.32
2353.0,2.0,40.0,2.0,100.0,21.06
2354.0,3.0,40.0,2.0,100.0,9.05
2355.0,5.0,40.0,2.0,100.0,9.49
2356.0,10.0,40.0,2.0,100.0,9.19
2357.0,20.0,40.0,2.0,100.0,9.17
2358.0,40.0,40.0,2.0,100.0,8.4
2359.0,49.0,40.0,2.0,100.0,10.91
2360.0,0.0,40.0,2.0,100.0,23.57
2361.0,0.5,40.0,2.0,100.0,11.92
2362.0,1.0,40.0,2.0,100.0,25.66
2363.0,2.0,40.0,2.0,100.0,24.24
2364.0,3.0,40.0,2.0,100.0,11.97
2365.0,5.0,40.0,2.0,100.0,8.22
2366.0,10.0,40.0,2.0,100.0,8.71
2367.0,20.0,40.0,2.0,100.0,8.51
2368.0,40.0,40.0,2.0,100.0,10.24
2369.0,49.0,40.0,2.0,100.0,9.09
2370.0,0.0,40.0,2.0,100.0,20.01
2371.0,0.5,40.0,2.0,100.0,15.04
2372.0,1.0,40.0,2.0,100.0,13.3
2373.0,2.0,40.0,2.0,100.0,9.82
2374.0,3.0,40.0,2.0,100.0,10.03
2375.0,5.0,40.0,2.0,100.0,10.04
2376.0,10.0,40.0,2.0,100.0,10.06
2377.0,20.0,40.0,2.0,100.0,9.16
2378.0,40.0,40.0,2.0,100.0,12.45
2379.0,49.0,40.0,2.0,100.0,9.42
2380.0,0.0,40.0,2.0,100.0,18.13
2381.0,0.5,40.0,2.0,100.0,10.86
2382.0,1.0,40.0,2.0,100.0,9.08
2383.0,2.0,40.0,2.0,100.0,10.02
2384.0,3.0,40.0,2.0,100.0,8.83
2385.0,5.0,40.0,2.0,100.0,9.5
2386.0,10.0,40.0,2.0,100.0,8.28
2387.0,20.0,40.0,2.0,100.0,8.27
2388.0,40.0,40.0,2.0,100.0,10.29
2389.0,49.0,40.0,2.0,100.0,10.49
2390.0,0.0,40.0,2.0,100.0,16.89
2391.0,0.5,40.0,2.0,100.0,10.19
2392.0,1.0,40.0,2.0,100.0,16.16
2393.0,2.0,40.0,2.0,100.0,13.2
2394.0,3.0,40.0,2.0,100.0,15.5
2395.0,5.0,40.0,2.0,100.0,11.92
2396.0,10.0,40.0,2.0,100.0,8.65
2397.0,20.0,40.0,2.0,100.0,8.55
2398.0,40.0,40.0,2.0,100.0,9.87
2399.0,49.0,40.0,2.0,100.0,9.02
2400.0,0.0,40.0,2.0,100.0,18.89
2401.0,0.5,40.0,2.0,100.0,16.16
2402.0,1.0,40.0,2.0,100.0,25.09
2403.0,2.0,40.0,2.0,100.0,9.85
2404.0,3.0,40.0,2.0,100.0,13.51
2405.0,5.0,40.0,2.0,100.0,13.87
2406.0,10.0,40.0,2.0,100.0,13.29
2407.0,20.0,40.0,2.0,100.0,9.16
2408.0,40.0,40.0,2.0,100.0,8.65
2409.0,49.0,40.0,2.0,100.0,9.17
2410.0,0.0,40.0,2.0,100.0,23.13
2411.0,0.5,40.0,2.0,100.0,13.71
2412.0,1.0,40.0,2.0,100.0,10.78
2413.0,2.0,40.0,2.0,100.0,10.15
2414.0,3.0,40.0,2.0,100.0,11.75
2415.0,5.0,40.0,2.0,100.0,10.39
2416.0,10.0,40.0,2.0,100.0,9.8
2417.0,20.0,40.0,2.0,100.0,7.67
2418.0,40.0,40.0,2.0,100.0,8.4
2419.0,49.0,40.0,2.0,100.0,10.56
2420.0,0.0,40.0,2.0,100.0,23.16
2421.0,0.5,40.0,2.0,100.0,22.72
2422.0,1.0,40.0,2.0,100.0,18.5
2423.0,2.0,40.0,2.0,100.0,10.77
2424.0,3.0,40.0,2.0,100.0,10.32
2425.0,5.0,40.0,2.0,100.0,10.02
2426.0,10.0,40.0,2.0,100.0,9.53
2427.0,20.0,40.0,2.0,100.0,9.07
2428.0,40.0,40.0,2.0,100.0,7.89
2429.0,49.0,40.0,2.0,100.0,10.55
2430.0,0.0,40.0,2.0,100.0,11.72
2431.0,0.5,40.0,2.0,100.0,10.53
2432.0,1.0,40.0,2.0,100.0,9.29
2433.0,2.0,40.0,2.0,100.0,10.85
2434.0,3.0,40.0,2.0,100.0,11.34
2435.0,5.0,40.0,2.0,100.0,9.45
2436.0,10.0,40.0,2.0,100.0,8.99
2437.0,20.0,40.0,2.0,100.0,10.22
2438.0,40.0,40.0,2.0,100.0,11.24
2439.0,49.0,40.0,2.0,100.0,8.86
2440.0,0.0,40.0,2.0,100.0,16.24
2441.0,0.5,40.0,2.0,100.0,16.85
2442.0,1.0,40.0,2.0,100.0,18.12
2443.0,2.0,40.0,2.0,100.0,9.98
2444.0,3.0,40.0,2.0,100.0,11.73
2445.0,5.0,40.0,2.0,100.0,11.5
2446.0,10.0,40.0,2.0,100.0,9.66
2447.0,20.0,40.0,2.0,100.0,8.63
2448.0,40.0,40.0,2.0,100.0,10.96
2449.0,49.0,40.0,2.0,100.0,8.51
2450.0,0.0,40.0,2.0,100.0,22.82
2451.0,0.5,40.0,2.0,100.0,12.4
2452.0,1.0,40.0,2.0,100.0,9.65
2453.0,2.0,40.0,2.0,100.0,15.19
2454.0,3.0,40.0,2.0,100.0,11.59
2455.0,5.0,40.0,2.0,100.0,8.78
2456.0,10.0,40.0,2.0,100.0,8.82
2457.0,20.0,40.0,2.0,100.0,7.7
2458.0,40.0,40.0,2.0,100.0,10.82
2459.0,49.0,40.0,2.0,100.0,10.05
2460.0,0.0,40.0,2.0,100.0,22.55
2461.0,0.5,40.0,2.0,100.0,24.99
2462.0,1.0,40.0,2.0,100.0,17.25
2463.0,2.0,40.0,2.0,100.0,8.55
2464.0,3.0,40.0,2.0,100.0,10.02
2465.0,5.0,40.0,2.0,100.0,9.79
2466.0,10.0,40.0,2.0,100.0,8.73
2467.0,20.0,40.0,2.0,100.0,9.69
2468.0,40.0,40.0,2.0,100.0,10.24
2469.0,49.0,40.0,2.0,100.0,10.41
2470.0,0.0,40.0,2.0,100.0,9.3
2471.0,0.5,40.0,2.0,100.0,16.33
2472.0,1.0,40.0,2.0,100.0,15.59
2473.0,2.0,40.0,2.0,100.0,13.67
2474.0,3.0,40.0,2.0,100.0,8.56
2475.0,5.0,40.0,2.0,100.0,9.07
2476.0,10.0,40.0,2.0,100.0,12.14
2477.0,20.0,40.0,2.0,100.0,10.09
2478.0,40.0,40.0,2.0,100.0,10.21
2479.0,49.0,40.0,2.0,100.0,9.54
2480.0,0.0,40.0,2.0,100.0,22.58
2481.0,0.5,40.0,2.0,100.0,20.0
2482.0,1.0,40.0,2.0,100.0,15.96
2483.0,2.0,40.0,2.0,100.0,14.53
2484.0,3.0,40.0,2.0,100.0,14.22
2485.0,5.0,40.0,2.0,100.0,9.68
2486.0,10.0,40.0,2.0,100.0,9.04
2487.0,20.0,40.0,2.0,100.0,7.82
2488.0,40.0,40.0,2.0,100.0,9.48
2489.0,49.0,40.0,2.0,100.0,9.65
2490.0,0.0,40.0,2.0,100.0,25.25
2491.0,0.5,40.0,2.0,100.0,8.94
2492.0,1.0,40.0,2.0,100.0,24.07
2493.0,2.0,40.0,2.0,100.0,10.71
2494.0,3.0,40.0,2.0,100.0,9.84
2495.0,5.0,40.0,2.0,100.0,10.21
2496.0,10.0,40.0,2.0,100.0,9.49
2497.0,20.0,40.0,2.0,100.0,9.62
2498.0,40.0,40.0,2.0,100.0,8.45
2499.0,49.0,40.0,2.0,100.0,7.77
2500.0,0.0,50.0,2.0,100.0,23.27
2501.0,0.5,50.0,2.0,100.0,26.51
2502.0,1.0,50.0,2.0,100.0,13.84
2503.0,2.0,50.0,2.0,100.0,12.79
2504.0,3.0,50.0,2.0,100.0,16.03
2505.0,5.0,50.0,2.0,100.0,10.45
2506.0,10.0,50.0,2.0,100.0,10.52
2507.0,20.0,50.0,2.0,100.0,8.77
2508.0,40.0,50.0,2.0,100.0,9.16
2509.0,49.0,50.0,2.0,100.0,10.0
2510.0,0.0,50.0,2.0,100.0,25.29
2511.0,0.5,50.0,2.0,100.0,13.42
2512.0,1.0,50.0,2.0,100.0,14.93
2513.0,2.0,50.0,2.0,100.0,12.0
2514.0,3.0,50.0,2.0,100.0,11.0
2515.0,5.0,50.0,2.0,100.0,7.95
2516.0,10.0,50.0,2.0,100.0,8.69
2517.0,20.0,50.0,2.0,100.0,9.21
2518.0,40.0,50.0,2.0,100.0,10.15
2519.0,49.0,50.0,2.0,100.0,10.19
2520.0,0.0,50.0,2.0,100.0,20.43
2521.0,0.5,50.0,2.0,100.0,15.02
2522.0,1.0,50.0,2.0,100.0,15.19
2523.0,2.0,50.0,2.0,100.0,8.28
2524.0,3.0,50.0,2.0,100.0,20.48
2525.0,5.0,50.0,2.0,100.0,9.38
2526.0,10.0,50.0,2.0,100.0,9.94
2527.0,20.0,50.0,2.0,100.0,8.7
2528.0,40.0,50.0,2.0,100.0,8.57
2529.0,49.0,50.0,2.0,100.0,12.51
2530.0,0.0,50.0,2.0,100.0,24.48
2531.0,0.5,50.0,2.0,100.0,11.33
2532.0,1.0,50.0,2.0,100.0,13.81
2533.0,2.0,50.0,2.0,100.0,11.79
2534.0,3.0,50.0,2.0,100.0,10.36
2535.0,5.0,50.0,2.0,100.0,9.51
2536.0,10.0,50.0,2.0,100.0,8.48
2537.0,20.0,50.0,2.0,100.0,10.57
2538.0,40.0,50.0,2.0,100.0,10.05
2539.0,49.0,50.0,2.0,100.0,11.38
2540.0,0.0,50.0,2.0,100.0,13.76
2541.0,0.5,50.0,2.0,100.0,21.6
2542.0,1.0,50.0,2.0,100.0,25.64
2543.0,2.0,50.0,2.0,100.0,16.4
2544.0,3.0,50.0,2.0,100.0,14.84
2545.0,5.0,50.0,2.0,100.0,9.21
2546.0,10.0,50.0,2.0,100.0,8.98
2547.0,20.0,50.0,2.0,100.0,8.71
2548.0,40.0,50.0,2.0,100.0,8.32
2549.0,49.0,50.0,2.0,100.0,8.21
2550.0,0.0,50.0,2.0,100.0,13.16
2551.0,0.5,50.0,2.0,100.0,23.07
2552.0,1.0,50.0,2.0,100.0,11.12
2553.0,2.0,50.0,2.0,100.0,9.13
2554.0,3.0,50.0,2.0,100.0,13.35
2555.0,5.0,50.0,2.0,100.0,16.03
2556.0,10.0,50.0,2.0,100.0,10.54
2557.0,20.0,50.0,2.0,100.0,9.15
2558.0,40.0,50.0,2.0,100.0,9.34
2559.0,49.0,50.0,2.0,100.0,8.13
2560.0,0.0,50.0,2.0,100.0,22.47
2561.0,0.5,50.0,2.0,100.0,19.66
2562.0,1.0,50.0,2.0,100.0,10.4
2563.0,2.0,50.0,2.0,100.0,8.74
2564.0,3.0,50.0,2.0,100.0,10.22
2565.0,5.0,50.0,2.0,100.0,13.0
2566.0,10.0,50.0,2.0,100.0,10.83
2567.0,20.0,50.0,2.0,100.0,9.05
2568.0,40.0,50.0,2.0,100.0,8.44
2569.0,49.0,50.0,2.0,100.0,10.93
2570.0,0.0,50.0,2.0,100.0,25.73
2571.0,0.5,50.0,2.0,100.0,12.88
2572.0,1.0,50.0,2.0,100.0,18.23
2573.0,2.0,50.0,2.0,100.0,9.73
2574.0,3.0,50.0,2.0,100.0,15.02
2575.0,5.0,50.0,2.0,100.0,14.31
2576.0,10.0,50.0,2.0,100.0,11.67
2577.0,20.0,50.0,2.0,100.0,7.96
2578.0,40.0,50.0,2.0,100.0,9.35
2579.0,49.0,50.0,2.0,100.0,10.81
2580.0,0.0,50.0,2.0,100.0,19.9
2581.0,0.5,50.0,2.0,100.0,10.68
2582.0,1.0,50.0,2.0,100.0,13.25
2583.0,2.0,50.0,2.0,100.0,9.43
2584.0,3.0,50.0,2.0,100.0,12.07
2585.0,5.0,50.0,2.0,100.0,10.75
2586.0,10.0,50.0,2.0,100.0,8.69
2587.0,20.0,50.0,2.0,100.0,8.72
2588.0,40.0,50.0,2.0,100.0,8.76
2589.0,49.0,50.0,2.0,100.0,9.98
2590.0,0.0,50.0,2.0,100.0,11.88
2591.0,0.5,50.0,2.0,100.0,9.11
2592.0,1.0,50.0,2.0,100.0,10.59
2593.0,2.0,50.0,2.0,100.0,8.53
2594.0,3.0,50.0,2.0,100.0,10.9
2595.0,5.0,50.0,2.0,100.0,9.51
2596.0,10.0,50.0,2.0,100.0,7.84
2597.0,20.0,50.0,2.0,100.0,8.7
2598.0,40.0,50.0,2.0,100.0,9.4
2599.0,49.0,50.0,2.0,100.0,8.96
2600.0,0.0,50.0,2.0,100.0,21.54
2601.0,0.5,50.0,2.0,100.0,23.39
2602.0,1.0,50.0,2.0,100.0,10.14
2603.0,2.0,50.0,2.0,100.0,9.4
2604.0,3.0,50.0,2.0,100.0,12.43
2605.0,5.0,50.0,2.0,100.0,9.79
2606.0,10.0,50.0,2.0,100.0,11.03
2607.0,20.0,50.0,2.0,100.0,8.38
2608.0,40.0,50.0,2.0,100.0,8.91
2609.0,49.0,50.0,2.0,100.0,10.32
2610.0,0.0,50.0,2.0,100.0,19.58
2611.0,0.5,50.0,2.0,100.0,12.35
2612.0,1.0,50.0,2.0,100.0,12.42
2613.0,2.0,50.0,2.0,100.0,9.78
2614.0,3.0,50.0,2.0,100.0,10.74
2615.0,5.0,50.0,2.0,100.0,9.86
2616.0,10.0,50.0,2.0,100.0,9.7
2617.0,20.0,50.0,2.0,100.0,7.84
2618.0,40.0,50.0,2.0,100.0,7.98
2619.0,49.0,50.0,2.0,100.0,8.48
2620.0,0.0,50.0,2.0,100.0,12.43
2621.0,0.5,50.0,2.0,100.0,13.07
2622.0,1.0,50.0,2.0,100.0,10.94
2623.0,2.0,50.0,2.0,100.0,10.11
2624.0,3.0,50.0,2.0,100.0,13.35
2625.0,5.0,50.0,2.0,100.0,10.51
2626.0,10.0,50.0,2.0,100.0,8.55
2627.0,20.0,50.0,2.0,100.0,10.18
2628.0,40.0,50.0,2.0,100.0,8.28
2629.0,49.0,50.0,2.0,100.0,8.39
2630.0,0.0,50.0,2.0,100.0,24.22
2631.0,0.5,50.0,2.0,100.0,13.11
2632.0,1.0,50.0,2.0,100.0,12.78
2633.0,2.0,50.0,2.0,100.0,17.53
2634.0,3.0,50.0,2.0,100.0,13.23
2635.0,5.0,50.0,2.0,100.0,15.09
2636.0,10.0,50.0,2.0,100.0,9.72
2637.0,20.0,50.0,2.0,100.0,11.29
2638.0,40.0,50.0,2.0,100.0,8.46
2639.0,49.0,50.0,2.0,100.0,9.95
2640.0,0.0,50.0,2.0,100.0,20.85
2641.0,0.5,50.0,2.0,100.0,11.2
2642.0,1.0,50.0,2.0,100.0,21.8
2643.0,2.0,50.0,2.0,100.0,17.27
2644.0,3.0,50.0,2.0,100.0,9.5
2645.0,5.0,50.0,2.0,100.0,8.35
2646.0,10.0,50.0,2.0,100.0,8.87
2647.0,20.0,50.0,2.0,100.0,8.69
2648.0,40.0,50.0,2.0,100.0,8.29
2649.0,49.0,50.0,2.0,100.0,12.14
2650.0,0.0,50.0,2.0,100.0,21.36
2651.0,0.5,50.0,2.0,100.0,14.08
2652.0,1.0,50.0,2.0,100.0,15.3
2653.0,2.0,50.0,2.0,100.0,9.54
2654.0,3.0,50.0,2.0,100.0,10.59
2655.0,5.0,50.0,2.0,100.0,8.39
2656.0,10.0,50.0,2.0,100.0,8.94
2657.0,20.0,50.0,2.0,100.0,8.63
2658.0,40.0,50.0,2.0,100.0,8.28
2659.0,49.0,50.0,2.0,100.0,9.18
2660.0,0.0,50.0,2.0,100.0,11.38
2661.0,0.5,50.0,2.0,100.0,12.2
2662.0,1.0,50.0,2.0,100.0,22.03
2663.0,2.0,50.0,2.0,100.0,9.21
2664.0,3.0,50.0,2.0,100.0,10.1
2665.0,5.0,50.0,2.0,100.0,8.14
2666.0,10.0,50.0,2.0,100.0,9.06
2667.0,20.0,50.0,2.0,100.0,8.37
2668.0,40.0,50.0,2.0,100.0,9.68
2669.0,49.0,50.0,2.0,100.0,10.83
2670.0,0.0,50.0,2.0,100.0,21.44
2671.0,0.5,50.0,2.0,100.0,19.01
2672.0,1.0,50.0,2.0,100.0,14.94
2673.0,2.0,50.0,2.0,100.0,14.68
2674.0,3.0,50.0,2.0,100.0,11.99
2675.0,5.0,50.0,2.0,100.0,9.86
2676.0,10.0,50.0,2.0,100.0,8.96
2677.0,20.0,50.0,2.0,100.0,8.01
2678.0,40.0,50.0,2.0,100.0,8.32
2679.0,49.0,50.0,2.0,100.0,9.62
2680.0,0.0,50.0,2.0,100.0,20.28
2681.0,0.5,50.0,2.0,100.0,12.62
2682.0,1.0,50.0,2.0,100.0,15.6
2683.0,2.0,50.0,2.0,100.0,13.72
2684.0,3.0,50.0,2.0,100.0,14.0
2685.0,5.0,50.0,2.0,100.0,8.91
2686.0,10.0,50.0,2.0,100.0,9.51
2687.0,20.0,50.0,2.0,100.0,8.3
2688.0,40.0,50.0,2.0,100.0,10.89
2689.0,49.0,50.0,2.0,100.0,11.18
2690.0,0.0,50.0,2.0,100.0,13.67
2691.0,0.5,50.0,2.0,100.0,14.68
2692.0,1.0,50.0,2.0,100.0,20.53
2693.0,2.0,50.0,2.0,100.0,19.97
2694.0,3.0,50.0,2.0,100.0,9.98
2695.0,5.0,50.0,2.0,100.0,15.26
2696.0,10.0,50.0,2.0,100.0,8.12
2697.0,20.0,50.0,2.0,100.0,8.14
2698.0,40.0,50.0,2.0,100.0,11.63
2699.0,49.0,50.0,2.0,100.0,9.07
2700.0,0.0,50.0,2.0,100.0,18.01
2701.0,0.5,50.0,2.0,100.0,11.39
2702.0,1.0,50.0,2.0,100.0,11.61
2703.0,2.0,50.0,2.0,100.0,12.06
2704.0,3.0,50.0,2.0,100.0,8.22
2705.0,5.0,50.0,2.0,100.0,11.52
2706.0,10.0,50.0,2.0,100.0,9.58
2707.0,20.0,50.0,2.0,100.0,8.51
2708.0,40.0,50.0,2.0,100.0,9.17
2709.0,49.0,50.0,2.0,100.0,10.38
2710.0,0.0,50.0,2.0,100.0,20.48
2711.0,0.5,50.0,2.0,100.0,13.85
2712.0,1.0,50.0,2.0,100.0,14.36
2713.0,2.0,50.0,2.0,100.0,11.38
2714.0,3.0,50.0,2.0,100.0,11.48
2715.0,5.0,50.0,2.0,100.0,9.89
2716.0,10.0,50.0,2.0,100.0,9.08
2717.0,20.0,50.0,2.0,100.0,8.05
2718.0,40.0,50.0,2.0,100.0,8.69
2719.0,49.0,50.0,2.0,100.0,8.57
2720.0,0.0,50.0,2.0,100.0,18.3
2721.0,0.5,50.0,2.0,100.0,21.5
2722.0,1.0,50.0,2.0,100.0,16.16
2723.0,2.0,50.0,2.0,100.0,11.53
2724.0,3.0,50.0,2.0,100.0,12.87
2725.0,5.0,50.0,2.0,100.0,11.51
2726.0,10.0,50.0,2.0,100.0,12.24
2727.0,20.0,50.0,2.0,100.0,8.75
2728.0,40.0,50.0,2.0,100.0,9.09
2729.0,49.0,50.0,2.0,100.0,8.86
2730.0,0.0,50.0,2.0,100.0,17.15
2731.0,0.5,50.0,2.0,100.0,14.88
2732.0,1.0,50.0,2.0,100.0,13.27
2733.0,2.0,50.0,2.0,100.0,17.83
2734.0,3.0,50.0,2.0,100.0,9.89
2735.0,5.0,50.0,2.0,100.0,14.34
2736.0,10.0,50.0,2.0,100.0,7.83
2737.0,20.0,50.0,2.0,100.0,8.15
2738.0,40.0,50.0,2.0,100.0,7.74
2739.0,49.0,50.0,2.0,100.0,8.33
2740.0,0.0,50.0,2.0,100.0,18.89
2741.0,0.5,50.0,2.0,100.0,25.27
2742.0,1.0,50.0,2.0,100.0,24.7
2743.0,2.0,50.0,2.0,100.0,9.69
2744.0,3.0,50.0,2.0,100.0,12.49
2745.0,5.0,50.0,2.0,100.0,14.1
2746.0,10.0,50.0,2.0,100.0,9.75
2747.0,20.0,50.0,2.0,100.0,8.92
2748.0,40.0,50.0,2.0,100.0,8.5
2749.0,49.0,50.0,2.0,100.0,9.74
2750.0,0.0,50.0,2.0,100.0,21.82
2751.0,0.5,50.0,2.0,100.0,24.79
2752.0,1.0,50.0,2.0,100.0,13.87
2753.0,2.0,50.0,2.0,100.0,12.49
2754.0,3.0,50.0,2.0,100.0,12.12
2755.0,5.0,50.0,2.0,100.0,11.87
2756.0,10.0,50.0,2.0,100.0,11.78
2757.0,20.0,50.0,2.0,100.0,9.08
2758.0,40.0,50.0,2.0,100.0,8.53
2759.0,49.0,50.0,2.0,100.0,8.91
2760.0,0.0,50.0,2.0,100.0,17.27
2761.0,0.5,50.0,2.0,100.0,18.1
2762.0,1.0,50.0,2.0,100.0,19.13
2763.0,2.0,50.0,2.0,100.0,11.32
2764.0,3.0,50.0,2.0,100.0,11.4
2765.0,5.0,50.0,2.0,100.0,10.25
2766.0,10.0,50.0,2.0,100.0,8.8
2767.0,20.0,50.0,2.0,100.0,8.76
2768.0,40.0,50.0,2.0,100.0,9.14
2769.0,49.0,50.0,2.0,100.0,10.88
2770.0,0.0,50.0,2.0,100.0,17.6
2771.0,0.5,50.0,2.0,100.0,18.21
2772.0,1.0,50.0,2.0,100.0,18.51
2773.0,2.0,50.0,2.0,100.0,9.38
2774.0,3.0,50.0,2.0,100.0,8.6
2775.0,5.0,50.0,2.0,100.0,10.17
2776.0,10.0,50.0,2.0,100.0,9.57
2777.0,20.0,50.0,2.0,100.0,9.48
2778.0,40.0,50.0,2.0,100.0,8.09
2779.0,49.0,50.0,2.0,100.0,10.12
2780.0,0.0,50.0,2.0,100.0,13.76
2781.0,0.5,50.0,2.0,100.0,21.15
2782.0,1.0,50.0,2.0,100.0,14.78
2783.0,2.0,50.0,2.0,100.0,9.5
2784.0,3.0,50.0,2.0,100.0,12.25
2785.0,5.0,50.0,2.0,100.0,10.9
2786.0,10.0,50.0,2.0,100.0,9.05
2787.0,20.0,50.0,2.0,100.0,8.67
2788.0,40.0,50.0,2.0,100.0,11.54
2789.0,49.0,50.0,2.0,100.0,8.28
2790.0,0.0,50.0,2.0,100.0,18.43
2791.0,0.5,50.0,2.0,100.0,19.94
2792.0,1.0,50.0,2.0,100.0,10.65
2793.0,2.0,50.0,2.0,100.0,11.21
2794.0,3.0,50.0,2.0,100.0,10.2
2795.0,5.0,50.0,2.0,100.0,10.1
2796.0,10.0,50.0,2.0,100.0,9.33
2797.0,20.0,50.0,2.0,100.0,7.75
2798.0,40.0,50.0,2.0,100.0,10.88
2799.0,49.0,50.0,2.0,100.0,10.2
2800.0,0.0,50.0,2.0,100.0,12.41
2801.0,0.5,50.0,2.0,100.0,10.16
2802.0,1.0,50.0,2.0,100.0,15.57
2803.0,2.0,50.0,2.0,100.0,11.06
2804.0,3.0,50.0,2.0,100.0,10.86
2805.0,5.0,50.0,2.0,100.0,11.66
2806.0,10.0,50.0,2.0,100.0,8.98
2807.0,20.0,50.0,2.0,100.0,9.09
2808.0,40.0,50.0,2.0,100.0,9.69
2809.0,49.0,50.0,2.0,100.0,13.2
2810.0,0.0,50.0,2.0,100.0,16.79
2811.0,0.5,50.0,2.0,100.0,15.06
2812.0,1.0,50.0,2.0,100.0,16.73
2813.0,2.0,50.0,2.0,100.0,10.52
2814.0,3.0,50.0,2.0,100.0,10.67
2815.0,5.0,50.0,2.0,100.0,12.1
2816.0,10.0,50.0,2.0,100.0,9.65
2817.0,20.0,50.0,2.0,100.0,9.19
2818.0,40.0,50.0,2.0,100.0,8.5
2819.0,49.0,50.0,2.0,100.0,10.57
2820.0,0.0,50.0,2.0,100.0,21.58
2821.0,0.5,50.0,2.0,100.0,18.88
2822.0,1.0,50.0,2.0,100.0,13.47
2823.0,2.0,50.0,2.0,100.0,21.91
2824.0,3.0,50.0,2.0,100.0,12.89
2825.0,5.0,50.0,2.0,100.0,10.22
2826.0,10.0,50.0,2.0,100.0,8.14
2827.0,20.0,50.0,2.0,100.0,10.87
2828.0,40.0,50.0,2.0,100.0,9.43
2829.0,49.0,50.0,2.0,100.0,9.53
2830.0,0.0,50.0,2.0,100.0,11.88
2831.0,0.5,50.0,2.0,100.0,12.28
2832.0,1.0,50.0,2.0,100.0,23.89
2833.0,2.0,50.0,2.0,100.0,9.24
2834.0,3.0,50.0,2.0,100.0,7.93
2835.0,5.0,50.0,2.0,100.0,9.7
2836.0,10.0,50.0,2.0,100.0,10.31
2837.0,20.0,50.0,2.0,100.0,8.04
2838.0,40.0,50.0,2.0,100.0,10.64
2839.0,49.0,50.0,2.0,100.0,7.94
2840.0,0.0,50.0,2.0,100.0,18.9
2841.0,0.5,50.0,2.0,100.0,19.04
2842.0,1.0,50.0,2.0,100.0,15.81
2843.0,2.0,50.0,2.0,100.0,9.29
2844.0,3.0,50.0,2.0,100.0,11.49
2845.0,5.0,50.0,2.0,100.0,8.95
2846.0,10.0,50.0,2.0,100.0,8.87
2847.0,20.0,50.0,2.0,100.0,8.41
2848.0,40.0,50.0,2.0,100.0,9.62
2849.0,49.0,50.0,2.0,100.0,8.66
2850.0,0.0,50.0,2.0,100.0,22.43
2851.0,0.5,50.0,2.0,100.0,20.35
2852.0,1.0,50.0,2.0,100.0,20.03
2853.0,2.0,50.0,2.0,100.0,16.21
2854.0,3.0,50.0,2.0,100.0,16.8
2855.0,5.0,50.0,2.0,100.0,7.71
2856.0,10.0,50.0,2.0,100.0,10.68
2857.0,20.0,50.0,2.0,100.0,7.45
2858.0,40.0,50.0,2.0,100.0,8.19
2859.0,49.0,50.0,2.0,100.0,8.45
2860.0,0.0,50.0,2.0,100.0,19.89
2861.0,0.5,50.0,2.0,100.0,24.52
2862.0,1.0,50.0,2.0,100.0,21.09
2863.0,2.0,50.0,2.0,100.0,13.53
2864.0,3.0,50.0,2.0,100.0,9.16
2865.0,5.0,50.0,2.0,100.0,14.5
2866.0,10.0,50.0,2.0,100.0,9.04
2867.0,20.0,50.0,2.0,100.0,8.81
2868.0,40.0,50.0,2.0,100.0,8.87
2869.0,49.0,50.0,2.0,100.0,9.22
2870.0,0.0,50.0,2.0,100.0,19.85
2871.0,0.5,50.0,2.0,100.0,13.23
2872.0,1.0,50.0,2.0,100.0,11.77
2873.0,2.0,50.0,2.0,100.0,27.26
2874.0,3.0,50.0,2.0,100.0,9.44
2875.0,5.0,50.0,2.0,100.0,8.52
2876.0,10.0,50.0,2.0,100.0,8.99
2877.0,20.0,50.0,2.0,100.0,8.4
2878.0,40.0,50.0,2.0,100.0,8.68
2879.0,49.0,50.0,2.0,100.0,10.36
2880.0,0.0,50.0,2.0,100.0,19.37
2881.0,0.5,50.0,2.0,100.0,17.03
2882.0,1.0,50.0,2.0,100.0,9.67
2883.0,2.0,50.0,2.0,100.0,9.95
2884.0,3.0,50.0,2.0,100.0,14.89
2885.0,5.0,50.0,2.0,100.0,8.88
2886.0,10.0,50.0,2.0,100.0,9.42
2887.0,20.0,50.0,2.0,100.0,10.59
2888.0,40.0,50.0,2.0,100.0,8.81
2889.0,49.0,50.0,2.0,100.0,9.6
2890.0,0.0,50.0,2.0,100.0,11.32
2891.0,0.5,50.0,2.0,100.0,22.77
2892.0,1.0,50.0,2.0,100.0,23.8
2893.0,2.0,50.0,2.0,100.0,12.71
2894.0,3.0,50.0,2.0,100.0,13.69
2895.0,5.0,50.0,2.0,100.0,9.81
2896.0,10.0,50.0,2.0,100.0,8.82
2897.0,20.0,50.0,2.0,100.0,9.49
2898.0,40.0,50.0,2.0,100.0,8.47
2899.0,49.0,50.0,2.0,100.0,10.74
2900.0,0.0,50.0,2.0,100.0,17.26
2901.0,0.5,50.0,2.0,100.0,16.42
2902.0,1.0,50.0,2.0,100.0,14.2
2903.0,2.0,50.0,2.0,100.0,11.19
2904.0,3.0,50.0,2.0,100.0,11.24
2905.0,5.0,50.0,2.0,100.0,11.63
2906.0,10.0,50.0,2.0,100.0,7.76
2907.0,20.0,50.0,2.0,100.0,9.03
2908.0,40.0,50.0,2.0,100.0,8.3
2909.0,49.0,50.0,2.0,100.0,8.31
2910.0,0.0,50.0,2.0,100.0,24.72
2911.0,0.5,50.0,2.0,100.0,18.53
2912.0,1.0,50.0,2.0,100.0,9.68
2913.0,2.0,50.0,2.0,100.0,8.91
2914.0,3.0,50.0,2.0,100.0,11.09
2915.0,5.0,50.0,2.0,100.0,10.15
2916.0,10.0,50.0,2.0,100.0,10.38
2917.0,20.0,50.0,2.0,100.0,8.72
2918.0,40.0,50.0,2.0,100.0,9.7
2919.0,49.0,50.0,2.0,100.0,8.57
2920.0,0.0,50.0,2.0,100.0,11.47
2921.0,0.5,50.0,2.0,100.0,15.88
2922.0,1.0,50.0,2.0,100.0,9.75
2923.0,2.0,50.0,2.0,100.0,11.09
2924.0,3.0,50.0,2.0,100.0,13.97
2925.0,5.0,50.0,2.0,100.0,11.5
2926.0,10.0,50.0,2.0,100.0,10.5
2927.0,20.0,50.0,2.0,100.0,9.85
2928.0,40.0,50.0,2.0,100.0,8.19
2929.0,49.0,50.0,2.0,100.0,11.07
2930.0,0.0,50.0,2.0,100.0,23.39
2931.0,0.5,50.0,2.0,100.0,17.06
2932.0,1.0,50.0,2.0,100.0,27.69
2933.0,2.0,50.0,2.0,100.0,11.54
2934.0,3.0,50.0,2.0,100.0,15.79
2935.0,5.0,50.0,2.0,100.0,9.22
2936.0,10.0,50.0,2.0,100.0,9.84
2937.0,20.0,50.0,2.0,100.0,9.8
2938.0,40.0,50.0,2.0,100.0,8.86
2939.0,49.0,50.0,2.0,100.0,9.04
2940.0,0.0,50.0,2.0,100.0,23.84
2941.0,0.5,50.0,2.0,100.0,23.49
2942.0,1.0,50.0,2.0,100.0,12.46
2943.0,2.0,50.0,2.0,100.0,8.67
2944.0,3.0,50.0,2.0,100.0,12.41
2945.0,5.0,50.0,2.0,100.0,10.99
2946.0,10.0,50.0,2.0,100.0,9.56
2947.0,20.0,50.0,2.0,100.0,10.28
2948.0,40.0,50.0,2.0,100.0,8.01
2949.0,49.0,50.0,2.0,100.0,8.08
2950.0,0.0,50.0,2.0,100.0,24.44
2951.0,0.5,50.0,2.0,100.0,19.27
2952.0,1.0,50.0,2.0,100.0,11.15
2953.0,2.0,50.0,2.0,100.0,8.63
2954.0,3.0,50.0,2.0,100.0,13.14
2955.0,5.0,50.0,2.0,100.0,16.06
2956.0,10.0,50.0,2.0,100.0,8.35
2957.0,20.0,50.0,2.0,100.0,9.62
2958.0,40.0,50.0,2.0,100.0,9.42
2959.0,49.0,50.0,2.0,100.0,10.08
2960.0,0.0,50.0,2.0,100.0,21.9
2961.0,0.5,50.0,2.0,100.0,19.05
2962.0,1.0,50.0,2.0,100.0,14.89
2963.0,2.0,50.0,2.0,100.0,11.98
2964.0,3.0,50.0,2.0,100.0,9.73
2965.0,5.0,50.0,2.0,100.0,9.9
2966.0,10.0,50.0,2.0,100.0,8.85
2967.0,20.0,50.0,2.0,100.0,9.96
2968.0,40.0,50.0,2.0,100.0,8.22
2969.0,49.0,50.0,2.0,100.0,10.31
2970.0,0.0,50.0,2.0,100.0,20.25
2971.0,0.5,50.0,2.0,100.0,19.07
2972.0,1.0,50.0,2.0,100.0,11.4
2973.0,2.0,50.0,2.0,100.0,10.17
2974.0,3.0,50.0,2.0,100.0,10.46
2975.0,5.0,50.0,2.0,100.0,10.24
2976.0,10.0,50.0,2.0,100.0,10.51
2977.0,20.0,50.0,2.0,100.0,8.51
2978.0,40.0,50.0,2.0,100.0,9.52
2979.0,49.0,50.0,2.0,100.0,10.04
2980.0,0.0,50.0,2.0,100.0,17.11
2981.0,0.5,50.0,2.0,100.0,20.16
2982.0,1.0,50.0,2.0,100.0,26.03
2983.0,2.0,50.0,2.0,100.0,11.49
2984.0,3.0,50.0,2.0,100.0,19.95
2985.0,5.0,50.0,2.0,100.0,8.54
2986.0,10.0,50.0,2.0,100.0,9.2
2987.0,20.0,50.0,2.0,100.0,9.21
2988.0,40.0,50.0,2.0,100.0,9.14
2989.0,49.0,50.0,2.0,100.0,9.28
2990.0,0.0,50.0,2.0,100.0,19.49
2991.0,0.5,50.0,2.0,100.0,18.22
2992.0,1.0,50.0,2.0,100.0,8.81
2993.0,2.0,50.0,2.0,100.0,24.32
2994.0,3.0,50.0,2.0,100.0,11.57
2995.0,5.0,50.0,2.0,100.0,9.42
2996.0,10.0,50.0,2.0,100.0,8.3
2997.0,20.0,50.0,2.0,100.0,8.38
2998.0,40.0,50.0,2.0,100.0,9.0
2999.0,49.0,50.0,2.0,100.0,7.64
3000.0,0.0,60.0,2.0,100.0,29.28
3001.0,0.5,60.0,2.0,100.0,21.93
3002.0,1.0,60.0,2.0,100.0,8.38
3003.0,2.0,60.0,2.0,100.0,9.39
3004.0,3.0,60.0,2.0,100.0,10.79
3005.0,5.0,60.0,2.0,100.0,9.01
3006.0,10.0,60.0,2.0,100.0,9.51
3007.0,20.0,60.0,2.0,100.0,9.55
3008.0,40.0,60.0,2.0,100.0,10.23
3009.0,49.0,60.0,2.0,100.0,7.51
3010.0,0.0,60.0,2.0,100.0,14.17
3011.0,0.5,60.0,2.0,100.0,15.54
3012.0,1.0,60.0,2.0,100.0,18.56
3013.0,2.0,60.0,2.0,100.0,10.09
3014.0,3.0,60.0,2.0,100.0,15.48
3015.0,5.0,60.0,2.0,100.0,12.13
3016.0,10.0,60.0,2.0,100.0,8.61
3017.0,20.0,60.0,2.0,100.0,8.88
3018.0,40.0,60.0,2.0,100.0,8.06
3019.0,49.0,60.0,2.0,100.0,9.17
3020.0,0.0,60.0,2.0,100.0,20.7
3021.0,0.5,60.0,2.0,100.0,9.5
3022.0,1.0,60.0,2.0,100.0,14.89
3023.0,2.0,60.0,2.0,100.0,12.94
3024.0,3.0,60.0,2.0,100.0,9.69
3025.0,5.0,60.0,2.0,100.0,8.21
3026.0,10.0,60.0,2.0,100.0,9.06
3027.0,20.0,60.0,2.0,100.0,8.63
3028.0,40.0,60.0,2.0,100.0,9.63
3029.0,49.0,60.0,2.0,100.0,11.93
3030.0,0.0,60.0,2.0,100.0,25.07
3031.0,0.5,60.0,2.0,100.0,21.52
3032.0,1.0,60.0,2.0,100.0,11.75
3033.0,2.0,60.0,2.0,100.0,18.52
3034.0,3.0,60.0,2.0,100.0,13.01
3035.0,5.0,60.0,2.0,100.0,11.89
3036.0,10.0,60.0,2.0,100.0,8.74
3037.0,20.0,60.0,2.0,100.0,9.64
3038.0,40.0,60.0,2.0,100.0,10.05
3039.0,49.0,60.0,2.0,100.0,9.94
3040.0,0.0,60.0,2.0,100.0,20.07
3041.0,0.5,60.0,2.0,100.0,13.76
3042.0,1.0,60.0,2.0,100.0,11.61
3043.0,2.0,60.0,2.0,100.0,14.54
3044.0,3.0,60.0,2.0,100.0,13.16
3045.0,5.0,60.0,2.0,100.0,20.08
3046.0,10.0,60.0,2.0,100.0,10.59
3047.0,20.0,60.0,2.0,100.0,8.8
3048.0,40.0,60.0,2.0,100.0,8.04
3049.0,49.0,60.0,2.0,100.0,11.28
3050.0,0.0,60.0,2.0,100.0,25.12
3051.0,0.5,60.0,2.0,100.0,8.8
3052.0,1.0,60.0,2.0,100.0,21.83
3053.0,2.0,60.0,2.0,100.0,8.41
3054.0,3.0,60.0,2.0,100.0,11.11
3055.0,5.0,60.0,2.0,100.0,8.34
3056.0,10.0,60.0,2.0,100.0,11.21
3057.0,20.0,60.0,2.0,100.0,8.39
3058.0,40.0,60.0,2.0,100.0,8.72
3059.0,49.0,60.0,2.0,100.0,12.19
3060.0,0.0,60.0,2.0,100.0,8.98
3061.0,0.5,60.0,2.0,100.0,14.04
3062.0,1.0,60.0,2.0,100.0,20.32
3063.0,2.0,60.0,2.0,100.0,10.83
3064.0,3.0,60.0,2.0,100.0,16.64
3065.0,5.0,60.0,2.0,100.0,12.6
3066.0,10.0,60.0,2.0,100.0,11.8
3067.0,20.0,60.0,2.0,100.0,8.75
3068.0,40.0,60.0,2.0,100.0,10.91
3069.0,49.0,60.0,2.0,100.0,9.3
3070.0,0.0,60.0,2.0,100.0,17.63
3071.0,0.5,60.0,2.0,100.0,24.67
3072.0,1.0,60.0,2.0,100.0,10.26
3073.0,2.0,60.0,2.0,100.0,14.14
3074.0,3.0,60.0,2.0,100.0,11.13
3075.0,5.0,60.0,2.0,100.0,8.75
3076.0,10.0,60.0,2.0,100.0,7.72
3077.0,20.0,60.0,2.0,100.0,8.14
3078.0,40.0,60.0,2.0,100.0,8.65
3079.0,49.0,60.0,2.0,100.0,9.32
3080.0,0.0,60.0,2.0,100.0,10.57
3081.0,0.5,60.0,2.0,100.0,22.18
3082.0,1.0,60.0,2.0,100.0,18.39
3083.0,2.0,60.0,2.0,100.0,12.27
3084.0,3.0,60.0,2.0,100.0,9.23
3085.0,5.0,60.0,2.0,100.0,10.39
3086.0,10.0,60.0,2.0,100.0,9.34
3087.0,20.0,60.0,2.0,100.0,9.22
3088.0,40.0,60.0,2.0,100.0,8.52
3089.0,49.0,60.0,2.0,100.0,8.17
3090.0,0.0,60.0,2.0,100.0,19.51
3091.0,0.5,60.0,2.0,100.0,10.21
3092.0,1.0,60.0,2.0,100.0,9.56
3093.0,2.0,60.0,2.0,100.0,9.39
3094.0,3.0,60.0,2.0,100.0,16.4
3095.0,5.0,60.0,2.0,100.0,11.67
3096.0,10.0,60.0,2.0,100.0,8.24
3097.0,20.0,60.0,2.0,100.0,9.4
3098.0,40.0,60.0,2.0,100.0,11.16
3099.0,49.0,60.0,2.0,100.0,9.84
3100.0,0.0,60.0,2.0,100.0,24.3
3101.0,0.5,60.0,2.0,100.0,16.25
3102.0,1.0,60.0,2.0,100.0,23.12
3103.0,2.0,60.0,2.0,100.0,8.93
3104.0,3.0,60.0,2.0,100.0,14.14
3105.0,5.0,60.0,2.0,100.0,13.73
3106.0,10.0,60.0,2.0,100.0,9.89
3107.0,20.0,60.0,2.0,100.0,8.98
3108.0,40.0,60.0,2.0,100.0,7.93
3109.0,49.0,60.0,2.0,100.0,8.87
3110.0,0.0,60.0,2.0,100.0,19.53
3111.0,0.5,60.0,2.0,100.0,16.71
3112.0,1.0,60.0,2.0,100.0,9.5
3113.0,2.0,60.0,2.0,100.0,16.07
3114.0,3.0,60.0,2.0,100.0,17.22
3115.0,5.0,60.0,2.0,100.0,13.55
3116.0,10.0,60.0,2.0,100.0,10.1
3117.0,20.0,60.0,2.0,100.0,8.8
3118.0,40.0,60.0,2.0,100.0,10.15
3119.0,49.0,60.0,2.0,100.0,9.33
3120.0,0.0,60.0,2.0,100.0,20.17
3121.0,0.5,60.0,2.0,100.0,24.71
3122.0,1.0,60.0,2.0,100.0,13.27
3123.0,2.0,60.0,2.0,100.0,19.57
3124.0,3.0,60.0,2.0,100.0,8.38
3125.0,5.0,60.0,2.0,100.0,17.44
3126.0,10.0,60.0,2.0,100.0,9.6
3127.0,20.0,60.0,2.0,100.0,8.28
3128.0,40.0,60.0,2.0,100.0,8.63
3129.0,49.0,60.0,2.0,100.0,8.32
3130.0,0.0,60.0,2.0,100.0,18.52
3131.0,0.5,60.0,2.0,100.0,22.68
3132.0,1.0,60.0,2.0,100.0,11.75
3133.0,2.0,60.0,2.0,100.0,8.58
3134.0,3.0,60.0,2.0,100.0,18.02
3135.0,5.0,60.0,2.0,100.0,10.03
3136.0,10.0,60.0,2.0,100.0,9.81
3137.0,20.0,60.0,2.0,100.0,9.23
3138.0,40.0,60.0,2.0,100.0,9.3
3139.0,49.0,60.0,2.0,100.0,10.42
3140.0,0.0,60.0,2.0,100.0,16.72
3141.0,0.5,60.0,2.0,100.0,24.83
3142.0,1.0,60.0,2.0,100.0,24.23
3143.0,2.0,60.0,2.0,100.0,13.77
3144.0,3.0,60.0,2.0,100.0,8.96
3145.0,5.0,60.0,2.0,100.0,10.63
3146.0,10.0,60.0,2.0,100.0,10.36
3147.0,20.0,60.0,2.0,100.0,10.36
3148.0,40.0,60.0,2.0,100.0,9.29
3149.0,49.0,60.0,2.0,100.0,12.83
3150.0,0.0,60.0,2.0,100.0,20.91
3151.0,0.5,60.0,2.0,100.0,10.46
3152.0,1.0,60.0,2.0,100.0,17.86
3153.0,2.0,60.0,2.0,100.0,10.82
3154.0,3.0,60.0,2.0,100.0,12.19
3155.0,5.0,60.0,2.0,100.0,8.69
3156.0,10.0,60.0,2.0,100.0,9.37
3157.0,20.0,60.0,2.0,100.0,9.17
3158.0,40.0,60.0,2.0,100.0,8.2
3159.0,49.0,60.0,2.0,100.0,10.33
3160.0,0.0,60.0,2.0,100.0,20.24
3161.0,0.5,60.0,2.0,100.0,21.58
3162.0,1.0,60.0,2.0,100.0,26.96
3163.0,2.0,60.0,2.0,100.0,9.31
3164.0,3.0,60.0,2.0,100.0,12.33
3165.0,5.0,60.0,2.0,100.0,11.61
3166.0,10.0,60.0,2.0,100.0,9.91
3167.0,20.0,60.0,2.0,100.0,8.95
3168.0,40.0,60.0,2.0,100.0,9.43
3169.0,49.0,60.0,2.0,100.0,9.22
3170.0,0.0,60.0,2.0,100.0,17.08
3171.0,0.5,60.0,2.0,100.0,27.39
3172.0,1.0,60.0,2.0,100.0,25.82
3173.0,2.0,60.0,2.0,100.0,11.99
3174.0,3.0,60.0,2.0,100.0,8.82
3175.0,5.0,60.0,2.0,100.0,11.05
3176.0,10.0,60.0,2.0,100.0,8.02
3177.0,20.0,60.0,2.0,100.0,8.77
3178.0,40.0,60.0,2.0,100.0,9.11
3179.0,49.0,60.0,2.0,100.0,8.51
3180.0,0.0,60.0,2.0,100.0,10.74
3181.0,0.5,60.0,2.0,100.0,10.96
3182.0,1.0,60.0,2.0,100.0,23.47
3183.0,2.0,60.0,2.0,100.0,9.12
3184.0,3.0,60.0,2.0,100.0,12.61
3185.0,5.0,60.0,2.0,100.0,10.06
3186.0,10.0,60.0,2.0,100.0,8.56
3187.0,20.0,60.0,2.0,100.0,9.59
3188.0,40.0,60.0,2.0,100.0,8.68
3189.0,49.0,60.0,2.0,100.0,9.22
3190.0,0.0,60.0,2.0,100.0,16.29
3191.0,0.5,60.0,2.0,100.0,11.2
3192.0,1.0,60.0,2.0,100.0,10.99
3193.0,2.0,60.0,2.0,100.0,10.55
3194.0,3.0,60.0,2.0,100.0,20.36
3195.0,5.0,60.0,2.0,100.0,10.61
3196.0,10.0,60.0,2.0,100.0,9.02
3197.0,20.0,60.0,2.0,100.0,8.43
3198.0,40.0,60.0,2.0,100.0,8.71
3199.0,49.0,60.0,2.0,100.0,11.96
3200.0,0.0,60.0,2.0,100.0,23.49
3201.0,0.5,60.0,2.0,100.0,18.99
3202.0,1.0,60.0,2.0,100.0,23.01
3203.0,2.0,60.0,2.0,100.0,13.4
3204.0,3.0,60.0,2.0,100.0,16.95
3205.0,5.0,60.0,2.0,100.0,13.16
3206.0,10.0,60.0,2.0,100.0,10.66
3207.0,20.0,60.0,2.0,100.0,8.36
3208.0,40.0,60.0,2.0,100.0,8.74
3209.0,49.0,60.0,2.0,100.0,11.02
3210.0,0.0,60.0,2.0,100.0,17.25
3211.0,0.5,60.0,2.0,100.0,15.12
3212.0,1.0,60.0,2.0,100.0,19.79
3213.0,2.0,60.0,2.0,100.0,9.63
3214.0,3.0,60.0,2.0,100.0,9.83
3215.0,5.0,60.0,2.0,100.0,8.37
3216.0,10.0,60.0,2.0,100.0,11.49
3217.0,20.0,60.0,2.0,100.0,8.43
3218.0,40.0,60.0,2.0,100.0,8.24
3219.0,49.0,60.0,2.0,100.0,7.99
3220.0,0.0,60.0,2.0,100.0,10.81
3221.0,0.5,60.0,2.0,100.0,19.96
3222.0,1.0,60.0,2.0,100.0,17.06
3223.0,2.0,60.0,2.0,100.0,11.49
3224.0,3.0,60.0,2.0,100.0,8.83
3225.0,5.0,60.0,2.0,100.0,11.25
3226.0,10.0,60.0,2.0,100.0,8.09
3227.0,20.0,60.0,2.0,100.0,10.03
3228.0,40.0,60.0,2.0,100.0,8.31
3229.0,49.0,60.0,2.0,100.0,8.51
3230.0,0.0,60.0,2.0,100.0,16.65
3231.0,0.5,60.0,2.0,100.0,22.64
3232.0,1.0,60.0,2.0,100.0,11.66
3233.0,2.0,60.0,2.0,100.0,10.12
3234.0,3.0,60.0,2.0,100.0,10.08
3235.0,5.0,60.0,2.0,100.0,10.07
3236.0,10.0,60.0,2.0,100.0,10.3
3237.0,20.0,60.0,2.0,100.0,9.62
3238.0,40.0,60.0,2.0,100.0,8.68
3239.0,49.0,60.0,2.0,100.0,9.28
3240.0,0.0,60.0,2.0,100.0,21.29
3241.0,0.5,60.0,2.0,100.0,18.74
3242.0,1.0,60.0,2.0,100.0,20.73
3243.0,2.0,60.0,2.0,100.0,11.43
3244.0,3.0,60.0,2.0,100.0,13.01
3245.0,5.0,60.0,2.0,100.0,16.05
3246.0,10.0,60.0,2.0,100.0,9.5
3247.0,20.0,60.0,2.0,100.0,8.07
3248.0,40.0,60.0,2.0,100.0,7.7
3249.0,49.0,60.0,2.0,100.0,10.36
3250.0,0.0,60.0,2.0,100.0,24.07
3251.0,0.5,60.0,2.0,100.0,19.12
3252.0,1.0,60.0,2.0,100.0,10.72
3253.0,2.0,60.0,2.0,100.0,13.4
3254.0,3.0,60.0,2.0,100.0,14.34
3255.0,5.0,60.0,2.0,100.0,12.41
3256.0,10.0,60.0,2.0,100.0,9.36
3257.0,20.0,60.0,2.0,100.0,7.97
3258.0,40.0,60.0,2.0,100.0,10.5
3259.0,49.0,60.0,2.0,100.0,7.77
3260.0,0.0,60.0,2.0,100.0,18.92
3261.0,0.5,60.0,2.0,100.0,18.91
3262.0,1.0,60.0,2.0,100.0,14.09
3263.0,2.0,60.0,2.0,100.0,10.14
3264.0,3.0,60.0,2.0,100.0,17.85
3265.0,5.0,60.0,2.0,100.0,10.4
3266.0,10.0,60.0,2.0,100.0,10.98
3267.0,20.0,60.0,2.0,100.0,10.43
3268.0,40.0,60.0,2.0,100.0,8.87
3269.0,49.0,60.0,2.0,100.0,10.01
3270.0,0.0,60.0,2.0,100.0,25.77
3271.0,0.5,60.0,2.0,100.0,20.26
3272.0,1.0,60.0,2.0,100.0,11.1
3273.0,2.0,60.0,2.0,100.0,12.18
3274.0,3.0,60.0,2.0,100.0,12.15
3275.0,5.0,60.0,2.0,100.0,10.84
3276.0,10.0,60.0,2.0,100.0,9.12
3277.0,20.0,60.0,2.0,100.0,8.78
3278.0,40.0,60.0,2.0,100.0,7.98
3279.0,49.0,60.0,2.0,100.0,7.84
3280.0,0.0,60.0,2.0,100.0,14.09
3281.0,0.5,60.0,2.0,100.0,14.5
3282.0,1.0,60.0,2.0,100.0,9.9
3283.0,2.0,60.0,2.0,100.0,11.32
3284.0,3.0,60.0,2.0,100.0,9.12
3285.0,5.0,60.0,2.0,100.0,10.26
3286.0,10.0,60.0,2.0,100.0,9.83
3287.0,20.0,60.0,2.0,100.0,8.5
3288.0,40.0,60.0,2.0,100.0,8.55
3289.0,49.0,60.0,2.0,100.0,10.09
3290.0,0.0,60.0,2.0,100.0,15.04
3291.0,0.5,60.0,2.0,100.0,12.39
3292.0,1.0,60.0,2.0,100.0,21.66
3293.0,2.0,60.0,2.0,100.0,16.29
3294.0,3.0,60.0,2.0,100.0,10.9
3295.0,5.0,60.0,2.0,100.0,10.39
3296.0,10.0,60.0,2.0,100.0,8.94
3297.0,20.0,60.0,2.0,100.0,9.19
3298.0,40.0,60.0,2.0,100.0,9.32
3299.0,49.0,60.0,2.0,100.0,8.4
3300.0,0.0,60.0,2.0,100.0,14.27
3301.0,0.5,60.0,2.0,100.0,13.04
3302.0,1.0,60.0,2.0,100.0,10.16
3303.0,2.0,60.0,2.0,100.0,13.46
3304.0,3.0,60.0,2.0,100.0,12.37
3305.0,5.0,60.0,2.0,100.0,8.78
3306.0,10.0,60.0,2.0,100.0,8.96
3307.0,20.0,60.0,2.0,100.0,8.16
3308.0,40.0,60.0,2.0,100.0,9.99
3309.0,49.0,60.0,2.0,100.0,10.05
3310.0,0.0,60.0,2.0,100.0,16.83
3311.0,0.5,60.0,2.0,100.0,8.28
3312.0,1.0,60.0,2.0,100.0,14.53
3313.0,2.0,60.0,2.0,100.0,13.39
3314.0,3.0,60.0,2.0,100.0,15.08
3315.0,5.0,60.0,2.0,100.0,9.66
3316.0,10.0,60.0,2.0,100.0,9.99
3317.0,20.0,60.0,2.0,100.0,10.26
3318.0,40.0,60.0,2.0,100.0,9.26
3319.0,49.0,60.0,2.0,100.0,9.33
3320.0,0.0,60.0,2.0,100.0,21.57
3321.0,0.5,60.0,2.0,100.0,15.88
3322.0,1.0,60.0,2.0,100.0,12.78
3323.0,2.0,60.0,2.0,100.0,13.18
3324.0,3.0,60.0,2.0,100.0,13.04
3325.0,5.0,60.0,2.0,100.0,10.53
3326.0,10.0,60.0,2.0,100.0,8.38
3327.0,20.0,60.0,2.0,100.0,9.02
3328.0,40.0,60.0,2.0,100.0,8.46
3329.0,49.0,60.0,2.0,100.0,10.77
3330.0,0.0,60.0,2.0,100.0,16.38
3331.0,0.5,60.0,2.0,100.0,13.72
3332.0,1.0,60.0,2.0,100.0,17.95
3333.0,2.0,60.0,2.0,100.0,12.65
3334.0,3.0,60.0,2.0,100.0,9.39
3335.0,5.0,60.0,2.0,100.0,9.71
3336.0,10.0,60.0,2.0,100.0,8.7
3337.0,20.0,60.0,2.0,100.0,10.1
3338.0,40.0,60.0,2.0,100.0,8.71
3339.0,49.0,60.0,2.0,100.0,8.49
3340.0,0.0,60.0,2.0,100.0,10.78
3341.0,0.5,60.0,2.0,100.0,22.13
3342.0,1.0,60.0,2.0,100.0,11.19
3343.0,2.0,60.0,2.0,100.0,9.99
3344.0,3.0,60.0,2.0,100.0,13.64
3345.0,5.0,60.0,2.0,100.0,14.25
3346.0,10.0,60.0,2.0,100.0,9.11
3347.0,20.0,60.0,2.0,100.0,8.95
3348.0,40.0,60.0,2.0,100.0,8.4
3349.0,49.0,60.0,2.0,100.0,10.21
3350.0,0.0,60.0,2.0,100.0,20.5
3351.0,0.5,60.0,2.0,100.0,12.96
3352.0,1.0,60.0,2.0,100.0,17.29
3353.0,2.0,60.0,2.0,100.0,10.31
3354.0,3.0,60.0,2.0,100.0,10.34
3355.0,5.0,60.0,2.0,100.0,9.39
3356.0,10.0,60.0,2.0,100.0,9.42
3357.0,20.0,60.0,2.0,100.0,8.27
3358.0,40.0,60.0,2.0,100.0,9.51
3359.0,49.0,60.0,2.0,100.0,8.35
3360.0,0.0,60.0,2.0,100.0,22.5
3361.0,0.5,60.0,2.0,100.0,20.36
3362.0,1.0,60.0,2.0,100.0,8.82
3363.0,2.0,60.0,2.0,100.0,8.69
3364.0,3.0,60.0,2.0,100.0,15.28
3365.0,5.0,60.0,2.0,100.0,11.8
3366.0,10.0,60.0,2.0,100.0,11.6
3367.0,20.0,60.0,2.0,100.0,9.16
3368.0,40.0,60.0,2.0,100.0,8.68
3369.0,49.0,60.0,2.0,100.0,8.53
3370.0,0.0,60.0,2.0,100.0,13.35
3371.0,0.5,60.0,2.0,100.0,20.37
3372.0,1.0,60.0,2.0,100.0,15.78
3373.0,2.0,60.0,2.0,100.0,9.9
3374.0,3.0,60.0,2.0,100.0,11.58
3375.0,5.0,60.0,2.0,100.0,9.93
3376.0,10.0,60.0,2.0,100.0,10.97
3377.0,20.0,60.0,2.0,100.0,9.45
3378.0,40.0,60.0,2.0,100.0,9.16
3379.0,49.0,60.0,2.0,100.0,11.25
3380.0,0.0,60.0,2.0,100.0,14.45
3381.0,0.5,60.0,2.0,100.0,12.38
3382.0,1.0,60.0,2.0,100.0,10.19
3383.0,2.0,60.0,2.0,100.0,13.05
3384.0,3.0,60.0,2.0,100.0,7.84
3385.0,5.0,60.0,2.0,100.0,10.83
3386.0,10.0,60.0,2.0,100.0,7.91
3387.0,20.0,60.0,2.0,100.0,9.83
3388.0,40.0,60.0,2.0,100.0,9.01
3389.0,49.0,60.0,2.0,100.0,9.66
3390.0,0.0,60.0,2.0,100.0,22.86
3391.0,0.5,60.0,2.0,100.0,12.76
3392.0,1.0,60.0,2.0,100.0,13.03
3393.0,2.0,60.0,2.0,100.0,11.18
3394.0,3.0,60.0,2.0,100.0,17.23
3395.0,5.0,60.0,2.0,100.0,16.84
3396.0,10.0,60.0,2.0,100.0,9.4
3397.0,20.0,60.0,2.0,100.0,9.0
3398.0,40.0,60.0,2.0,100.0,8.74
3399.0,49.0,60.0,2.0,100.0,10.57
3400.0,0.0,60.0,2.0,100.0,10.4
3401.0,0.5,60.0,2.0,100.0,19.86
3402.0,1.0,60.0,2.0,100.0,27.42
3403.0,2.0,60.0,2.0,100.0,28.8
3404.0,3.0,60.0,2.0,100.0,13.95
3405.0,5.0,60.0,2.0,100.0,12.49
3406.0,10.0,60.0,2.0,100.0,10.18
3407.0,20.0,60.0,2.0,100.0,8.92
3408.0,40.0,60.0,2.0,100.0,10.8
3409.0,49.0,60.0,2.0,100.0,10.23
3410.0,0.0,60.0,2.0,100.0,13.43
3411.0,0.5,60.0,2.0,100.0,19.02
3412.0,1.0,60.0,2.0,100.0,20.52
3413.0,2.0,60.0,2.0,100.0,9.51
3414.0,3.0,60.0,2.0,100.0,9.47
3415.0,5.0,60.0,2.0,100.0,18.33
3416.0,10.0,60.0,2.0,100.0,9.62
3417.0,20.0,60.0,2.0,100.0,8.64
3418.0,40.0,60.0,2.0,100.0,9.73
3419.0,49.0,60.0,2.0,100.0,11.1
3420.0,0.0,60.0,2.0,100.0,9.02
3421.0,0.5,60.0,2.0,100.0,28.12
3422.0,1.0,60.0,2.0,100.0,12.09
3423.0,2.0,60.0,2.0,100.0,9.29
3424.0,3.0,60.0,2.0,100.0,11.4
3425.0,5.0,60.0,2.0,100.0,9.87
3426.0,10.0,60.0,2.0,100.0,8.99
3427.0,20.0,60.0,2.0,100.0,7.8
3428.0,40.0,60.0,2.0,100.0,8.1
3429.0,49.0,60.0,2.0,100.0,8.18
3430.0,0.0,60.0,2.0,100.0,20.09
3431.0,0.5,60.0,2.0,100.0,13.32
3432.0,1.0,60.0,2.0,100.0,12.05
3433.0,2.0,60.0,2.0,100.0,13.25
3434.0,3.0,60.0,2.0,100.0,9.55
3435.0,5.0,60.0,2.0,100.0,10.82
3436.0,10.0,60.0,2.0,100.0,10.58
3437.0,20.0,60.0,2.0,100.0,9.53
3438.0,40.0,60.0,2.0,100.0,8.46
3439.0,49.0,60.0,2.0,100.0,9.05
3440.0,0.0,60.0,2.0,100.0,25.39
3441.0,0.5,60.0,2.0,100.0,15.3
3442.0,1.0,60.0,2.0,100.0,10.54
3443.0,2.0,60.0,2.0,100.0,11.09
3444.0,3.0,60.0,2.0,100.0,9.28
3445.0,5.0,60.0,2.0,100.0,12.18
3446.0,10.0,60.0,2.0,100.0,8.87
3447.0,20.0,60.0,2.0,100.0,8.84
3448.0,40.0,60.0,2.0,100.0,8.12
3449.0,49.0,60.0,2.0,100.0,11.18
3450.0,0.0,60.0,2.0,100.0,21.86
3451.0,0.5,60.0,2.0,100.0,23.41
3452.0,1.0,60.0,2.0,100.0,11.45
3453.0,2.0,60.0,2.0,100.0,8.02
3454.0,3.0,60.0,2.0,100.0,10.66
3455.0,5.0,60.0,2.0,100.0,8.8
3456.0,10.0,60.0,2.0,100.0,9.78
3457.0,20.0,60.0,2.0,100.0,8.87
3458.0,40.0,60.0,2.0,100.0,8.51
3459.0,49.0,60.0,2.0,100.0,9.71
3460.0,0.0,60.0,2.0,100.0,15.95
3461.0,0.5,60.0,2.0,100.0,14.28
3462.0,1.0,60.0,2.0,100.0,15.84
3463.0,2.0,60.0,2.0,100.0,17.33
3464.0,3.0,60.0,2.0,100.0,15.34
3465.0,5.0,60.0,2.0,100.0,14.82
3466.0,10.0,60.0,2.0,100.0,8.31
3467.0,20.0,60.0,2.0,100.0,9.12
3468.0,40.0,60.0,2.0,100.0,7.71
3469.0,49.0,60.0,2.0,100.0,8.35
3470.0,0.0,60.0,2.0,100.0,18.6
3471.0,0.5,60.0,2.0,100.0,24.21
3472.0,1.0,60.0,2.0,100.0,13.21
3473.0,2.0,60.0,2.0,100.0,13.1
3474.0,3.0,60.0,2.0,100.0,9.77
3475.0,5.0,60.0,2.0,100.0,11.84
3476.0,10.0,60.0,2.0,100.0,10.26
3477.0,20.0,60.0,2.0,100.0,8.79
3478.0,40.0,60.0,2.0,100.0,9.22
3479.0,49.0,60.0,2.0,100.0,8.49
3480.0,0.0,60.0,2.0,100.0,25.28
3481.0,0.5,60.0,2.0,100.0,8.96
3482.0,1.0,60.0,2.0,100.0,14.28
3483.0,2.0,60.0,2.0,100.0,15.85
3484.0,3.0,60.0,2.0,100.0,10.87
3485.0,5.0,60.0,2.0,100.0,14.67
3486.0,10.0,60.0,2.0,100.0,7.73
3487.0,20.0,60.0,2.0,100.0,9.1
3488.0,40.0,60.0,2.0,100.0,10.1
3489.0,49.0,60.0,2.0,100.0,9.19
3490.0,0.0,60.0,2.0,100.0,15.78
3491.0,0.5,60.0,2.0,100.0,17.97
3492.0,1.0,60.0,2.0,100.0,12.07
3493.0,2.0,60.0,2.0,100.0,12.88
3494.0,3.0,60.0,2.0,100.0,8.72
3495.0,5.0,60.0,2.0,100.0,10.5
3496.0,10.0,60.0,2.0,100.0,11.24
3497.0,20.0,60.0,2.0,100.0,9.19
3498.0,40.0,60.0,2.0,100.0,8.0
3499.0,49.0,60.0,2.0,100.0,8.12
3500.0,0.0,70.0,2.0,100.0,19.43
3501.0,0.5,70.0,2.0,100.0,11.5
3502.0,1.0,70.0,2.0,100.0,19.83
3503.0,2.0,70.0,2.0,100.0,23.26
3504.0,3.0,70.0,2.0,100.0,13.41
3505.0,5.0,70.0,2.0,100.0,14.23
3506.0,10.0,70.0,2.0,100.0,9.55
3507.0,20.0,70.0,2.0,100.0,9.48
3508.0,40.0,70.0,2.0,100.0,8.57
3509.0,49.0,70.0,2.0,100.0,9.87
3510.0,0.0,70.0,2.0,100.0,15.6
3511.0,0.5,70.0,2.0,100.0,18.16
3512.0,1.0,70.0,2.0,100.0,20.54
3513.0,2.0,70.0,2.0,100.0,20.31
3514.0,3.0,70.0,2.0,100.0,11.47
3515.0,5.0,70.0,2.0,100.0,9.61
3516.0,10.0,70.0,2.0,100.0,8.35
3517.0,20.0,70.0,2.0,100.0,10.25
3518.0,40.0,70.0,2.0,100.0,9.81
3519.0,49.0,70.0,2.0,100.0,9.01
3520.0,0.0,70.0,2.0,100.0,25.64
3521.0,0.5,70.0,2.0,100.0,11.74
3522.0,1.0,70.0,2.0,100.0,7.92
3523.0,2.0,70.0,2.0,100.0,11.39
3524.0,3.0,70.0,2.0,100.0,8.59
3525.0,5.0,70.0,2.0,100.0,9.24
3526.0,10.0,70.0,2.0,100.0,8.73
3527.0,20.0,70.0,2.0,100.0,10.35
3528.0,40.0,70.0,2.0,100.0,10.53
3529.0,49.0,70.0,2.0,100.0,11.11
3530.0,0.0,70.0,2.0,100.0,26.34
3531.0,0.5,70.0,2.0,100.0,9.7
3532.0,1.0,70.0,2.0,100.0,15.31
3533.0,2.0,70.0,2.0,100.0,17.06
3534.0,3.0,70.0,2.0,100.0,12.17
3535.0,5.0,70.0,2.0,100.0,11.39
3536.0,10.0,70.0,2.0,100.0,13.25
3537.0,20.0,70.0,2.0,100.0,7.76
3538.0,40.0,70.0,2.0,100.0,8.93
3539.0,49.0,70.0,2.0,100.0,10.34
3540.0,0.0,70.0,2.0,100.0,13.42
3541.0,0.5,70.0,2.0,100.0,14.72
3542.0,1.0,70.0,2.0,100.0,14.02
3543.0,2.0,70.0,2.0,100.0,12.83
3544.0,3.0,70.0,2.0,100.0,13.72
3545.0,5.0,70.0,2.0,100.0,10.27
3546.0,10.0,70.0,2.0,100.0,8.21
3547.0,20.0,70.0,2.0,100.0,9.01
3548.0,40.0,70.0,2.0,100.0,8.99
3549.0,49.0,70.0,2.0,100.0,8.61
3550.0,0.0,70.0,2.0,100.0,21.28
3551.0,0.5,70.0,2.0,100.0,10.28
3552.0,1.0,70.0,2.0,100.0,17.1
3553.0,2.0,70.0,2.0,100.0,13.63
3554.0,3.0,70.0,2.0,100.0,18.23
3555.0,5.0,70.0,2.0,100.0,12.68
3556.0,10.0,70.0,2.0,100.0,8.21
3557.0,20.0,70.0,2.0,100.0,9.26
3558.0,40.0,70.0,2.0,100.0,8.52
3559.0,49.0,70.0,2.0,100.0,8.69
3560.0,0.0,70.0,2.0,100.0,19.3
3561.0,0.5,70.0,2.0,100.0,18.25
3562.0,1.0,70.0,2.0,100.0,11.38
3563.0,2.0,70.0,2.0,100.0,15.84
3564.0,3.0,70.0,2.0,100.0,11.42
3565.0,5.0,70.0,2.0,100.0,11.85
3566.0,10.0,70.0,2.0,100.0,9.62
3567.0,20.0,70.0,2.0,100.0,8.16
3568.0,40.0,70.0,2.0,100.0,8.27
3569.0,49.0,70.0,2.0,100.0,7.8
3570.0,0.0,70.0,2.0,100.0,12.02
3571.0,0.5,70.0,2.0,100.0,18.28
3572.0,1.0,70.0,2.0,100.0,24.49
3573.0,2.0,70.0,2.0,100.0,9.58
3574.0,3.0,70.0,2.0,100.0,11.72
3575.0,5.0,70.0,2.0,100.0,9.3
3576.0,10.0,70.0,2.0,100.0,9.65
3577.0,20.0,70.0,2.0,100.0,8.44
3578.0,40.0,70.0,2.0,100.0,8.68
3579.0,49.0,70.0,2.0,100.0,9.24
3580.0,0.0,70.0,2.0,100.0,11.07
3581.0,0.5,70.0,2.0,100.0,10.34
3582.0,1.0,70.0,2.0,100.0,10.43
3583.0,2.0,70.0,2.0,100.0,12.59
3584.0,3.0,70.0,2.0,100.0,18.91
3585.0,5.0,70.0,2.0,100.0,9.43
3586.0,10.0,70.0,2.0,100.0,9.88
3587.0,20.0,70.0,2.0,100.0,9.01
3588.0,40.0,70.0,2.0,100.0,8.79
3589.0,49.0,70.0,2.0,100.0,8.57
3590.0,0.0,70.0,2.0,100.0,24.46
3591.0,0.5,70.0,2.0,100.0,17.68
3592.0,1.0,70.0,2.0,100.0,10.25
3593.0,2.0,70.0,2.0,100.0,19.05
3594.0,3.0,70.0,2.0,100.0,11.01
3595.0,5.0,70.0,2.0,100.0,8.88
3596.0,10.0,70.0,2.0,100.0,9.0
3597.0,20.0,70.0,2.0,100.0,9.88
3598.0,40.0,70.0,2.0,100.0,9.82
3599.0,49.0,70.0,2.0,100.0,10.29
3600.0,0.0,70.0,2.0,100.0,22.14
3601.0,0.5,70.0,2.0,100.0,15.78
3602.0,1.0,70.0,2.0,100.0,12.38
3603.0,2.0,70.0,2.0,100.0,12.74
3604.0,3.0,70.0,2.0,100.0,10.55
3605.0,5.0,70.0,2.0,100.0,11.9
3606.0,10.0,70.0,2.0,100.0,8.43
3607.0,20.0,70.0,2.0,100.0,7.94
3608.0,40.0,70.0,2.0,100.0,10.59
3609.0,49.0,70.0,2.0,100.0,9.09
3610.0,0.0,70.0,2.0,100.0,24.95
3611.0,0.5,70.0,2.0,100.0,15.34
3612.0,1.0,70.0,2.0,100.0,14.28
3613.0,2.0,70.0,2.0,100.0,8.61
3614.0,3.0,70.0,2.0,100.0,9.36
3615.0,5.0,70.0,2.0,100.0,11.79
3616.0,10.0,70.0,2.0,100.0,12.97
3617.0,20.0,70.0,2.0,100.0,9.04
3618.0,40.0,70.0,2.0,100.0,7.76
3619.0,49.0,70.0,2.0,100.0,10.95
3620.0,0.0,70.0,2.0,100.0,19.92
3621.0,0.5,70.0,2.0,100.0,22.01
3622.0,1.0,70.0,2.0,100.0,12.36
3623.0,2.0,70.0,2.0,100.0,13.78
3624.0,3.0,70.0,2.0,100.0,10.7
3625.0,5.0,70.0,2.0,100.0,9.06
3626.0,10.0,70.0,2.0,100.0,9.12
3627.0,20.0,70.0,2.0,100.0,9.7
3628.0,40.0,70.0,2.0,100.0,9.21
3629.0,49.0,70.0,2.0,100.0,10.83
3630.0,0.0,70.0,2.0,100.0,23.54
3631.0,0.5,70.0,2.0,100.0,9.32
3632.0,1.0,70.0,2.0,100.0,22.37
3633.0,2.0,70.0,2.0,100.0,23.85
3634.0,3.0,70.0,2.0,100.0,13.2
3635.0,5.0,70.0,2.0,100.0,10.72
3636.0,10.0,70.0,2.0,100.0,11.71
3637.0,20.0,70.0,2.0,100.0,10.98
3638.0,40.0,70.0,2.0,100.0,8.42
3639.0,49.0,70.0,2.0,100.0,10.51
3640.0,0.0,70.0,2.0,100.0,20.17
3641.0,0.5,70.0,2.0,100.0,16.5
3642.0,1.0,70.0,2.0,100.0,15.54
3643.0,2.0,70.0,2.0,100.0,14.18
3644.0,3.0,70.0,2.0,100.0,11.18
3645.0,5.0,70.0,2.0,100.0,9.8
3646.0,10.0,70.0,2.0,100.0,8.78
3647.0,20.0,70.0,2.0,100.0,11.22
3648.0,40.0,70.0,2.0,100.0,9.63
3649.0,49.0,70.0,2.0,100.0,8.6
3650.0,0.0,70.0,2.0,100.0,21.69
3651.0,0.5,70.0,2.0,100.0,13.8
3652.0,1.0,70.0,2.0,100.0,9.3
3653.0,2.0,70.0,2.0,100.0,16.12
3654.0,3.0,70.0,2.0,100.0,9.83
3655.0,5.0,70.0,2.0,100.0,14.2
3656.0,10.0,70.0,2.0,100.0,11.31
3657.0,20.0,70.0,2.0,100.0,8.61
3658.0,40.0,70.0,2.0,100.0,8.64
3659.0,49.0,70.0,2.0,100.0,8.77
3660.0,0.0,70.0,2.0,100.0,20.66
3661.0,0.5,70.0,2.0,100.0,20.56
3662.0,1.0,70.0,2.0,100.0,18.71
3663.0,2.0,70.0,2.0,100.0,13.42
3664.0,3.0,70.0,2.0,100.0,11.87
3665.0,5.0,70.0,2.0,100.0,12.59
3666.0,10.0,70.0,2.0,100.0,9.27
3667.0,20.0,70.0,2.0,100.0,8.89
3668.0,40.0,70.0,2.0,100.0,7.99
3669.0,49.0,70.0,2.0,100.0,8.78
3670.0,0.0,70.0,2.0,100.0,15.95
3671.0,0.5,70.0,2.0,100.0,14.92
3672.0,1.0,70.0,2.0,100.0,15.57
3673.0,2.0,70.0,2.0,100.0,15.47
3674.0,3.0,70.0,2.0,100.0,11.18
3675.0,5.0,70.0,2.0,100.0,10.51
3676.0,10.0,70.0,2.0,100.0,12.73
3677.0,20.0,70.0,2.0,100.0,8.61
3678.0,40.0,70.0,2.0,100.0,8.73
3679.0,49.0,70.0,2.0,100.0,8.98
3680.0,0.0,70.0,2.0,100.0,11.01
3681.0,0.5,70.0,2.0,100.0,10.08
3682.0,1.0,70.0,2.0,100.0,10.54
3683.0,2.0,70.0,2.0,100.0,8.79
3684.0,3.0,70.0,2.0,100.0,13.84
3685.0,5.0,70.0,2.0,100.0,12.95
3686.0,10.0,70.0,2.0,100.0,9.08
3687.0,20.0,70.0,2.0,100.0,8.63
3688.0,40.0,70.0,2.0,100.0,8.94
3689.0,49.0,70.0,2.0,100.0,10.09
3690.0,0.0,70.0,2.0,100.0,22.13
3691.0,0.5,70.0,2.0,100.0,8.69
3692.0,1.0,70.0,2.0,100.0,12.06
3693.0,2.0,70.0,2.0,100.0,12.33
3694.0,3.0,70.0,2.0,100.0,14.65
3695.0,5.0,70.0,2.0,100.0,11.14
3696.0,10.0,70.0,2.0,100.0,8.78
3697.0,20.0,70.0,2.0,100.0,8.47
3698.0,40.0,70.0,2.0,100.0,7.97
3699.0,49.0,70.0,2.0,100.0,9.37
3700.0,0.0,70.0,2.0,100.0,15.26
3701.0,0.5,70.0,2.0,100.0,20.72
3702.0,1.0,70.0,2.0,100.0,14.09
3703.0,2.0,70.0,2.0,100.0,12.12
3704.0,3.0,70.0,2.0,100.0,11.88
3705.0,5.0,70.0,2.0,100.0,11.39
3706.0,10.0,70.0,2.0,100.0,8.67
3707.0,20.0,70.0,2.0,100.0,9.32
3708.0,40.0,70.0,2.0,100.0,8.77
3709.0,49.0,70.0,2.0,100.0,8.37
3710.0,0.0,70.0,2.0,100.0,18.14
3711.0,0.5,70.0,2.0,100.0,17.04
3712.0,1.0,70.0,2.0,100.0,13.24
3713.0,2.0,70.0,2.0,100.0,12.51
3714.0,3.0,70.0,2.0,100.0,10.22
3715.0,5.0,70.0,2.0,100.0,8.4
3716.0,10.0,70.0,2.0,100.0,11.21
3717.0,20.0,70.0,2.0,100.0,8.39
3718.0,40.0,70.0,2.0,100.0,9.97
3719.0,49.0,70.0,2.0,100.0,8.78
3720.0,0.0,70.0,2.0,100.0,18.69
3721.0,0.5,70.0,2.0,100.0,19.14
3722.0,1.0,70.0,2.0,100.0,16.84
3723.0,2.0,70.0,2.0,100.0,14.3
3724.0,3.0,70.0,2.0,100.0,15.8
3725.0,5.0,70.0,2.0,100.0,11.72
3726.0,10.0,70.0,2.0,100.0,10.27
3727.0,20.0,70.0,2.0,100.0,8.42
3728.0,40.0,70.0,2.0,100.0,9.37
3729.0,49.0,70.0,2.0,100.0,9.97
3730.0,0.0,70.0,2.0,100.0,19.59
3731.0,0.5,70.0,2.0,100.0,17.14
3732.0,1.0,70.0,2.0,100.0,21.61
3733.0,2.0,70.0,2.0,100.0,13.92
3734.0,3.0,70.0,2.0,100.0,9.9
3735.0,5.0,70.0,2.0,100.0,10.49
3736.0,10.0,70.0,2.0,100.0,11.13
3737.0,20.0,70.0,2.0,100.0,9.53
3738.0,40.0,70.0,2.0,100.0,7.39
3739.0,49.0,70.0,2.0,100.0,8.5
3740.0,0.0,70.0,2.0,100.0,17.97
3741.0,0.5,70.0,2.0,100.0,11.47
3742.0,1.0,70.0,2.0,100.0,25.29
3743.0,2.0,70.0,2.0,100.0,17.41
3744.0,3.0,70.0,2.0,100.0,12.48
3745.0,5.0,70.0,2.0,100.0,10.67
3746.0,10.0,70.0,2.0,100.0,8.82
3747.0,20.0,70.0,2.0,100.0,8.18
3748.0,40.0,70.0,2.0,100.0,8.47
3749.0,49.0,70.0,2.0,100.0,8.07
3750.0,0.0,70.0,2.0,100.0,23.73
3751.0,0.5,70.0,2.0,100.0,10.99
3752.0,1.0,70.0,2.0,100.0,22.44
3753.0,2.0,70.0,2.0,100.0,9.24
3754.0,3.0,70.0,2.0,100.0,10.03
3755.0,5.0,70.0,2.0,100.0,9.85
3756.0,10.0,70.0,2.0,100.0,11.34
3757.0,20.0,70.0,2.0,100.0,9.42
3758.0,40.0,70.0,2.0,100.0,8.62
3759.0,49.0,70.0,2.0,100.0,8.37
3760.0,0.0,70.0,2.0,100.0,18.27
3761.0,0.5,70.0,2.0,100.0,15.28
3762.0,1.0,70.0,2.0,100.0,12.98
3763.0,2.0,70.0,2.0,100.0,10.19
3764.0,3.0,70.0,2.0,100.0,16.31
3765.0,5.0,70.0,2.0,100.0,11.78
3766.0,10.0,70.0,2.0,100.0,8.82
3767.0,20.0,70.0,2.0,100.0,8.3
3768.0,40.0,70.0,2.0,100.0,10.66
3769.0,49.0,70.0,2.0,100.0,9.87
3770.0,0.0,70.0,2.0,100.0,9.72
3771.0,0.5,70.0,2.0,100.0,18.53
3772.0,1.0,70.0,2.0,100.0,10.75
3773.0,2.0,70.0,2.0,100.0,13.41
3774.0,3.0,70.0,2.0,100.0,12.54
3775.0,5.0,70.0,2.0,100.0,15.12
3776.0,10.0,70.0,2.0,100.0,9.72
3777.0,20.0,70.0,2.0,100.0,9.3
3778.0,40.0,70.0,2.0,100.0,11.75
3779.0,49.0,70.0,2.0,100.0,9.3
3780.0,0.0,70.0,2.0,100.0,13.0
3781.0,0.5,70.0,2.0,100.0,12.99
3782.0,1.0,70.0,2.0,100.0,15.49
3783.0,2.0,70.0,2.0,100.0,8.63
3784.0,3.0,70.0,2.0,100.0,13.28
3785.0,5.0,70.0,2.0,100.0,11.53
3786.0,10.0,70.0,2.0,100.0,9.75
3787.0,20.0,70.0,2.0,100.0,9.2
3788.0,40.0,70.0,2.0,100.0,9.19
3789.0,49.0,70.0,2.0,100.0,8.76
3790.0,0.0,70.0,2.0,100.0,23.12
3791.0,0.5,70.0,2.0,100.0,15.86
3792.0,1.0,70.0,2.0,100.0,16.13
3793.0,2.0,70.0,2.0,100.0,13.6
3794.0,3.0,70.0,2.0,100.0,12.31
3795.0,5.0,70.0,2.0,100.0,10.19
3796.0,10.0,70.0,2.0,100.0,8.49
3797.0,20.0,70.0,2.0,100.0,8.31
3798.0,40.0,70.0,2.0,100.0,8.27
3799.0,49.0,70.0,2.0,100.0,7.56
3800.0,0.0,70.0,2.0,100.0,20.95
3801.0,0.5,70.0,2.0,100.0,19.16
3802.0,1.0,70.0,2.0,100.0,13.03
3803.0,2.0,70.0,2.0,100.0,13.61
3804.0,3.0,70.0,2.0,100.0,11.41
3805.0,5.0,70.0,2.0,100.0,11.25
3806.0,10.0,70.0,2.0,100.0,10.91
3807.0,20.0,70.0,2.0,100.0,9.0
3808.0,40.0,70.0,2.0,100.0,10.32
3809.0,49.0,70.0,2.0,100.0,7.91
3810.0,0.0,70.0,2.0,100.0,21.87
3811.0,0.5,70.0,2.0,100.0,19.98
3812.0,1.0,70.0,2.0,100.0,12.83
3813.0,2.0,70.0,2.0,100.0,17.08
3814.0,3.0,70.0,2.0,100.0,9.09
3815.0,5.0,70.0,2.0,100.0,10.17
3816.0,10.0,70.0,2.0,100.0,9.84
3817.0,20.0,70.0,2.0,100.0,8.53
3818.0,40.0,70.0,2.0,100.0,9.38
3819.0,49.0,70.0,2.0,100.0,10.92
3820.0,0.0,70.0,2.0,100.0,23.31
3821.0,0.5,70.0,2.0,100.0,17.03
3822.0,1.0,70.0,2.0,100.0,17.51
3823.0,2.0,70.0,2.0,100.0,10.38
3824.0,3.0,70.0,2.0,100.0,13.85
3825.0,5.0,70.0,2.0,100.0,12.39
3826.0,10.0,70.0,2.0,100.0,11.14
3827.0,20.0,70.0,2.0,100.0,9.16
3828.0,40.0,70.0,2.0,100.0,8.24
3829.0,49.0,70.0,2.0,100.0,8.12
3830.0,0.0,70.0,2.0,100.0,9.46
3831.0,0.5,70.0,2.0,100.0,10.94
3832.0,1.0,70.0,2.0,100.0,22.05
3833.0,2.0,70.0,2.0,100.0,19.57
3834.0,3.0,70.0,2.0,100.0,12.94
3835.0,5.0,70.0,2.0,100.0,8.96
3836.0,10.0,70.0,2.0,100.0,10.04
3837.0,20.0,70.0,2.0,100.0,8.43
3838.0,40.0,70.0,2.0,100.0,9.12
3839.0,49.0,70.0,2.0,100.0,8.05
3840.0,0.0,70.0,2.0,100.0,12.89
3841.0,0.5,70.0,2.0,100.0,19.62
3842.0,1.0,70.0,2.0,100.0,13.91
3843.0,2.0,70.0,2.0,100.0,9.97
3844.0,3.0,70.0,2.0,100.0,14.23
3845.0,5.0,70.0,2.0,100.0,8.84
3846.0,10.0,70.0,2.0,100.0,11.31
3847.0,20.0,70.0,2.0,100.0,9.61
3848.0,40.0,70.0,2.0,100.0,9.73
3849.0,49.0,70.0,2.0,100.0,10.07
3850.0,0.0,70.0,2.0,100.0,17.47
3851.0,0.5,70.0,2.0,100.0,15.45
3852.0,1.0,70.0,2.0,100.0,10.01
3853.0,2.0,70.0,2.0,100.0,10.41
3854.0,3.0,70.0,2.0,100.0,15.64
3855.0,5.0,70.0,2.0,100.0,10.58
3856.0,10.0,70.0,2.0,100.0,12.0
3857.0,20.0,70.0,2.0,100.0,9.67
3858.0,40.0,70.0,2.0,100.0,7.48
3859.0,49.0,70.0,2.0,100.0,7.52
3860.0,0.0,70.0,2.0,100.0,18.8
3861.0,0.5,70.0,2.0,100.0,11.87
3862.0,1.0,70.0,2.0,100.0,15.59
3863.0,2.0,70.0,2.0,100.0,17.81
3864.0,3.0,70.0,2.0,100.0,12.45
3865.0,5.0,70.0,2.0,100.0,10.43
3866.0,10.0,70.0,2.0,100.0,8.67
3867.0,20.0,70.0,2.0,100.0,7.6
3868.0,40.0,70.0,2.0,100.0,8.32
3869.0,49.0,70.0,2.0,100.0,9.44
3870.0,0.0,70.0,2.0,100.0,13.58
3871.0,0.5,70.0,2.0,100.0,19.71
3872.0,1.0,70.0,2.0,100.0,13.36
3873.0,2.0,70.0,2.0,100.0,11.4
3874.0,3.0,70.0,2.0,100.0,12.0
3875.0,5.0,70.0,2.0,100.0,8.92
3876.0,10.0,70.0,2.0,100.0,10.89
3877.0,20.0,70.0,2.0,100.0,8.29
3878.0,40.0,70.0,2.0,100.0,7.58
3879.0,49.0,70.0,2.0,100.0,8.34
3880.0,0.0,70.0,2.0,100.0,23.72
3881.0,0.5,70.0,2.0,100.0,14.68
3882.0,1.0,70.0,2.0,100.0,14.03
3883.0,2.0,70.0,2.0,100.0,11.62
3884.0,3.0,70.0,2.0,100.0,13.99
3885.0,5.0,70.0,2.0,100.0,11.46
3886.0,10.0,70.0,2.0,100.0,14.43
3887.0,20.0,70.0,2.0,100.0,9.55
3888.0,40.0,70.0,2.0,100.0,8.57
3889.0,49.0,70.0,2.0,100.0,9.61
3890.0,0.0,70.0,2.0,100.0,20.01
3891.0,0.5,70.0,2.0,100.0,15.03
3892.0,1.0,70.0,2.0,100.0,16.57
3893.0,2.0,70.0,2.0,100.0,12.45
3894.0,3.0,70.0,2.0,100.0,12.86
3895.0,5.0,70.0,2.0,100.0,8.57
3896.0,10.0,70.0,2.0,100.0,10.73
3897.0,20.0,70.0,2.0,100.0,10.47
3898.0,40.0,70.0,2.0,100.0,10.6
3899.0,49.0,70.0,2.0,100.0,9.72
3900.0,0.0,70.0,2.0,100.0,16.71
3901.0,0.5,70.0,2.0,100.0,14.3
3902.0,1.0,70.0,2.0,100.0,12.87
3903.0,2.0,70.0,2.0,100.0,18.08
3904.0,3.0,70.0,2.0,100.0,12.49
3905.0,5.0,70.0,2.0,100.0,10.48
3906.0,10.0,70.0,2.0,100.0,10.83
3907.0,20.0,70.0,2.0,100.0,8.95
3908.0,40.0,70.0,2.0,100.0,10.87
3909.0,49.0,70.0,2.0,100.0,8.83
3910.0,0.0,70.0,2.0,100.0,24.04
3911.0,0.5,70.0,2.0,100.0,15.42
3912.0,1.0,70.0,2.0,100.0,10.96
3913.0,2.0,70.0,2.0,100.0,10.98
3914.0,3.0,70.0,2.0,100.0,8.8
3915.0,5.0,70.0,2.0,100.0,8.2
3916.0,10.0,70.0,2.0,100.0,9.5
3917.0,20.0,70.0,2.0,100.0,8.64
3918.0,40.0,70.0,2.0,100.0,7.86
3919.0,49.0,70.0,2.0,100.0,8.26
3920.0,0.0,70.0,2.0,100.0,17.2
3921.0,0.5,70.0,2.0,100.0,20.82
3922.0,1.0,70.0,2.0,100.0,21.52
3923.0,2.0,70.0,2.0,100.0,17.06
3924.0,3.0,70.0,2.0,100.0,12.27
3925.0,5.0,70.0,2.0,100.0,8.95
3926.0,10.0,70.0,2.0,100.0,9.55
3927.0,20.0,70.0,2.0,100.0,7.77
3928.0,40.0,70.0,2.0,100.0,8.37
3929.0,49.0,70.0,2.0,100.0,7.8
3930.0,0.0,70.0,2.0,100.0,22.52
3931.0,0.5,70.0,2.0,100.0,22.12
3932.0,1.0,70.0,2.0,100.0,12.1
3933.0,2.0,70.0,2.0,100.0,20.58
3934.0,3.0,70.0,2.0,100.0,9.14
3935.0,5.0,70.0,2.0,100.0,14.66
3936.0,10.0,70.0,2.0,100.0,11.68
3937.0,20.0,70.0,2.0,100.0,10.36
3938.0,40.0,70.0,2.0,100.0,9.74
3939.0,49.0,70.0,2.0,100.0,9.67
3940.0,0.0,70.0,2.0,100.0,19.74
3941.0,0.5,70.0,2.0,100.0,19.25
3942.0,1.0,70.0,2.0,100.0,14.31
3943.0,2.0,70.0,2.0,100.0,16.36
3944.0,3.0,70.0,2.0,100.0,12.07
3945.0,5.0,70.0,2.0,100.0,9.97
3946.0,10.0,70.0,2.0,100.0,9.6
3947.0,20.0,70.0,2.0,100.0,9.83
3948.0,40.0,70.0,2.0,100.0,8.52
3949.0,49.0,70.0,2.0,100.0,8.5
3950.0,0.0,70.0,2.0,100.0,24.73
3951.0,0.5,70.0,2.0,100.0,8.52
3952.0,1.0,70.0,2.0,100.0,18.87
3953.0,2.0,70.0,2.0,100.0,9.26
3954.0,3.0,70.0,2.0,100.0,11.29
3955.0,5.0,70.0,2.0,100.0,9.53
3956.0,10.0,70.0,2.0,100.0,10.34
3957.0,20.0,70.0,2.0,100.0,9.43
3958.0,40.0,70.0,2.0,100.0,8.49
3959.0,49.0,70.0,2.0,100.0,8.53
3960.0,0.0,70.0,2.0,100.0,20.46
3961.0,0.5,70.0,2.0,100.0,9.23
3962.0,1.0,70.0,2.0,100.0,11.46
3963.0,2.0,70.0,2.0,100.0,9.89
3964.0,3.0,70.0,2.0,100.0,9.58
3965.0,5.0,70.0,2.0,100.0,17.43
3966.0,10.0,70.0,2.0,100.0,10.51
3967.0,20.0,70.0,2.0,100.0,8.11
3968.0,40.0,70.0,2.0,100.0,8.68
3969.0,49.0,70.0,2.0,100.0,9.01
3970.0,0.0,70.0,2.0,100.0,10.02
3971.0,0.5,70.0,2.0,100.0,21.5
3972.0,1.0,70.0,2.0,100.0,20.2
3973.0,2.0,70.0,2.0,100.0,15.75
3974.0,3.0,70.0,2.0,100.0,12.15
3975.0,5.0,70.0,2.0,100.0,10.37
3976.0,10.0,70.0,2.0,100.0,8.24
3977.0,20.0,70.0,2.0,100.0,8.69
3978.0,40.0,70.0,2.0,100.0,9.06
3979.0,49.0,70.0,2.0,100.0,9.46
3980.0,0.0,70.0,2.0,100.0,25.16
3981.0,0.5,70.0,2.0,100.0,12.46
3982.0,1.0,70.0,2.0,100.0,11.52
3983.0,2.0,70.0,2.0,100.0,11.13
3984.0,3.0,70.0,2.0,100.0,10.54
3985.0,5.0,70.0,2.0,100.0,8.46
3986.0,10.0,70.0,2.0,100.0,9.47
3987.0,20.0,70.0,2.0,100.0,8.26
3988.0,40.0,70.0,2.0,100.0,9.4
3989.0,49.0,70.0,2.0,100.0,9.65
3990.0,0.0,70.0,2.0,100.0,17.92
3991.0,0.5,70.0,2.0,100.0,20.08
3992.0,1.0,70.0,2.0,100.0,12.4
3993.0,2.0,70.0,2.0,100.0,13.5
3994.0,3.0,70.0,2.0,100.0,8.47
3995.0,5.0,70.0,2.0,100.0,10.39
3996.0,10.0,70.0,2.0,100.0,11.63
3997.0,20.0,70.0,2.0,100.0,9.11
3998.0,40.0,70.0,2.0,100.0,11.85
3999.0,49.0,70.0,2.0,100.0,8.58
4000.0,0.0,80.0,2.0,100.0,22.44
4001.0,0.5,80.0,2.0,100.0,16.22
4002.0,1.0,80.0,2.0,100.0,11.32
4003.0,2.0,80.0,2.0,100.0,15.01
4004.0,3.0,80.0,2.0,100.0,11.91
4005.0,5.0,80.0,2.0,100.0,8.97
4006.0,10.0,80.0,2.0,100.0,11.1
4007.0,20.0,80.0,2.0,100.0,8.79
4008.0,40.0,80.0,2.0,100.0,8.04
4009.0,49.0,80.0,2.0,100.0,8.83
4010.0,0.0,80.0,2.0,100.0,14.4
4011.0,0.5,80.0,2.0,100.0,14.06
4012.0,1.0,80.0,2.0,100.0,20.3
4013.0,2.0,80.0,2.0,100.0,13.82
4014.0,3.0,80.0,2.0,100.0,9.94
4015.0,5.0,80.0,2.0,100.0,12.07
4016.0,10.0,80.0,2.0,100.0,9.87
4017.0,20.0,80.0,2.0,100.0,11.49
4018.0,40.0,80.0,2.0,100.0,11.01
4019.0,49.0,80.0,2.0,100.0,9.52
4020.0,0.0,80.0,2.0,100.0,14.45
4021.0,0.5,80.0,2.0,100.0,22.33
4022.0,1.0,80.0,2.0,100.0,22.04
4023.0,2.0,80.0,2.0,100.0,9.86
4024.0,3.0,80.0,2.0,100.0,12.37
4025.0,5.0,80.0,2.0,100.0,11.31
4026.0,10.0,80.0,2.0,100.0,8.76
4027.0,20.0,80.0,2.0,100.0,9.37
4028.0,40.0,80.0,2.0,100.0,7.8
4029.0,49.0,80.0,2.0,100.0,9.43
4030.0,0.0,80.0,2.0,100.0,15.38
4031.0,0.5,80.0,2.0,100.0,21.38
4032.0,1.0,80.0,2.0,100.0,14.85
4033.0,2.0,80.0,2.0,100.0,13.27
4034.0,3.0,80.0,2.0,100.0,17.2
4035.0,5.0,80.0,2.0,100.0,10.1
4036.0,10.0,80.0,2.0,100.0,10.8
4037.0,20.0,80.0,2.0,100.0,9.19
4038.0,40.0,80.0,2.0,100.0,9.86
4039.0,49.0,80.0,2.0,100.0,9.34
4040.0,0.0,80.0,2.0,100.0,22.97
4041.0,0.5,80.0,2.0,100.0,24.33
4042.0,1.0,80.0,2.0,100.0,14.73
4043.0,2.0,80.0,2.0,100.0,13.82
4044.0,3.0,80.0,2.0,100.0,15.56
4045.0,5.0,80.0,2.0,100.0,8.89
4046.0,10.0,80.0,2.0,100.0,10.08
4047.0,20.0,80.0,2.0,100.0,8.79
4048.0,40.0,80.0,2.0,100.0,9.41
4049.0,49.0,80.0,2.0,100.0,9.65
4050.0,0.0,80.0,2.0,100.0,17.04
4051.0,0.5,80.0,2.0,100.0,9.56
4052.0,1.0,80.0,2.0,100.0,13.67
4053.0,2.0,80.0,2.0,100.0,12.54
4054.0,3.0,80.0,2.0,100.0,14.56
4055.0,5.0,80.0,2.0,100.0,9.98
4056.0,10.0,80.0,2.0,100.0,9.27
4057.0,20.0,80.0,2.0,100.0,9.1
4058.0,40.0,80.0,2.0,100.0,9.77
4059.0,49.0,80.0,2.0,100.0,10.05
4060.0,0.0,80.0,2.0,100.0,24.35
4061.0,0.5,80.0,2.0,100.0,21.35
4062.0,1.0,80.0,2.0,100.0,26.94
4063.0,2.0,80.0,2.0,100.0,14.35
4064.0,3.0,80.0,2.0,100.0,10.52
4065.0,5.0,80.0,2.0,100.0,10.42
4066.0,10.0,80.0,2.0,100.0,8.97
4067.0,20.0,80.0,2.0,100.0,8.54
4068.0,40.0,80.0,2.0,100.0,8.86
4069.0,49.0,80.0,2.0,100.0,8.9
4070.0,0.0,80.0,2.0,100.0,10.74
4071.0,0.5,80.0,2.0,100.0,18.04
4072.0,1.0,80.0,2.0,100.0,14.78
4073.0,2.0,80.0,2.0,100.0,8.59
4074.0,3.0,80.0,2.0,100.0,13.59
4075.0,5.0,80.0,2.0,100.0,11.4
4076.0,10.0,80.0,2.0,100.0,7.93
4077.0,20.0,80.0,2.0,100.0,8.24
4078.0,40.0,80.0,2.0,100.0,9.09
4079.0,49.0,80.0,2.0,100.0,10.27
4080.0,0.0,80.0,2.0,100.0,23.05
4081.0,0.5,80.0,2.0,100.0,22.48
4082.0,1.0,80.0,2.0,100.0,18.16
4083.0,2.0,80.0,2.0,100.0,17.75
4084.0,3.0,80.0,2.0,100.0,10.55
4085.0,5.0,80.0,2.0,100.0,13.47
4086.0,10.0,80.0,2.0,100.0,11.15
4087.0,20.0,80.0,2.0,100.0,9.6
4088.0,40.0,80.0,2.0,100.0,8.34
4089.0,49.0,80.0,2.0,100.0,9.71
4090.0,0.0,80.0,2.0,100.0,17.86
4091.0,0.5,80.0,2.0,100.0,14.55
4092.0,1.0,80.0,2.0,100.0,12.85
4093.0,2.0,80.0,2.0,100.0,24.42
4094.0,3.0,80.0,2.0,100.0,8.55
4095.0,5.0,80.0,2.0,100.0,9.22
4096.0,10.0,80.0,2.0,100.0,11.25
4097.0,20.0,80.0,2.0,100.0,8.73
4098.0,40.0,80.0,2.0,100.0,8.91
4099.0,49.0,80.0,2.0,100.0,9.72
4100.0,0.0,80.0,2.0,100.0,19.29
4101.0,0.5,80.0,2.0,100.0,22.12
4102.0,1.0,80.0,2.0,100.0,11.68
4103.0,2.0,80.0,2.0,100.0,12.51
4104.0,3.0,80.0,2.0,100.0,7.95
4105.0,5.0,80.0,2.0,100.0,12.63
4106.0,10.0,80.0,2.0,100.0,9.2
4107.0,20.0,80.0,2.0,100.0,9.33
4108.0,40.0,80.0,2.0,100.0,7.53
4109.0,49.0,80.0,2.0,100.0,10.14
4110.0,0.0,80.0,2.0,100.0,17.68
4111.0,0.5,80.0,2.0,100.0,17.54
4112.0,1.0,80.0,2.0,100.0,9.96
4113.0,2.0,80.0,2.0,100.0,11.69
4114.0,3.0,80.0,2.0,100.0,9.12
4115.0,5.0,80.0,2.0,100.0,7.81
4116.0,10.0,80.0,2.0,100.0,9.06
4117.0,20.0,80.0,2.0,100.0,9.61
4118.0,40.0,80.0,2.0,100.0,9.47
4119.0,49.0,80.0,2.0,100.0,9.85
4120.0,0.0,80.0,2.0,100.0,22.12
4121.0,0.5,80.0,2.0,100.0,23.64
4122.0,1.0,80.0,2.0,100.0,18.22
4123.0,2.0,80.0,2.0,100.0,18.46
4124.0,3.0,80.0,2.0,100.0,13.04
4125.0,5.0,80.0,2.0,100.0,9.81
4126.0,10.0,80.0,2.0,100.0,10.35
4127.0,20.0,80.0,2.0,100.0,9.88
4128.0,40.0,80.0,2.0,100.0,8.16
4129.0,49.0,80.0,2.0,100.0,8.3
4130.0,0.0,80.0,2.0,100.0,19.01
4131.0,0.5,80.0,2.0,100.0,17.26
4132.0,1.0,80.0,2.0,100.0,9.33
4133.0,2.0,80.0,2.0,100.0,21.58
4134.0,3.0,80.0,2.0,100.0,17.96
4135.0,5.0,80.0,2.0,100.0,9.97
4136.0,10.0,80.0,2.0,100.0,8.14
4137.0,20.0,80.0,2.0,100.0,12.0
4138.0,40.0,80.0,2.0,100.0,9.53
4139.0,49.0,80.0,2.0,100.0,11.02
4140.0,0.0,80.0,2.0,100.0,20.0
4141.0,0.5,80.0,2.0,100.0,20.33
4142.0,1.0,80.0,2.0,100.0,11.0
4143.0,2.0,80.0,2.0,100.0,14.45
4144.0,3.0,80.0,2.0,100.0,11.6
4145.0,5.0,80.0,2.0,100.0,12.87
4146.0,10.0,80.0,2.0,100.0,10.82
4147.0,20.0,80.0,2.0,100.0,8.46
4148.0,40.0,80.0,2.0,100.0,7.9
4149.0,49.0,80.0,2.0,100.0,7.7
4150.0,0.0,80.0,2.0,100.0,11.73
4151.0,0.5,80.0,2.0,100.0,25.87
4152.0,1.0,80.0,2.0,100.0,19.16
4153.0,2.0,80.0,2.0,100.0,28.01
4154.0,3.0,80.0,2.0,100.0,17.57
4155.0,5.0,80.0,2.0,100.0,15.98
4156.0,10.0,80.0,2.0,100.0,10.06
4157.0,20.0,80.0,2.0,100.0,8.95
4158.0,40.0,80.0,2.0,100.0,8.68
4159.0,49.0,80.0,2.0,100.0,8.28
4160.0,0.0,80.0,2.0,100.0,10.63
4161.0,0.5,80.0,2.0,100.0,12.89
4162.0,1.0,80.0,2.0,100.0,14.38
4163.0,2.0,80.0,2.0,100.0,17.11
4164.0,3.0,80.0,2.0,100.0,12.41
4165.0,5.0,80.0,2.0,100.0,8.47
4166.0,10.0,80.0,2.0,100.0,9.49
4167.0,20.0,80.0,2.0,100.0,8.99
4168.0,40.0,80.0,2.0,100.0,10.37
4169.0,49.0,80.0,2.0,100.0,11.95
4170.0,0.0,80.0,2.0,100.0,27.61
4171.0,0.5,80.0,2.0,100.0,21.92
4172.0,1.0,80.0,2.0,100.0,9.5
4173.0,2.0,80.0,2.0,100.0,13.66
4174.0,3.0,80.0,2.0,100.0,15.9
4175.0,5.0,80.0,2.0,100.0,12.99
4176.0,10.0,80.0,2.0,100.0,10.74
4177.0,20.0,80.0,2.0,100.0,9.09
4178.0,40.0,80.0,2.0,100.0,8.98
4179.0,49.0,80.0,2.0,100.0,9.06
4180.0,0.0,80.0,2.0,100.0,24.66
4181.0,0.5,80.0,2.0,100.0,24.62
4182.0,1.0,80.0,2.0,100.0,14.94
4183.0,2.0,80.0,2.0,100.0,16.6
4184.0,3.0,80.0,2.0,100.0,13.09
4185.0,5.0,80.0,2.0,100.0,12.72
4186.0,10.0,80.0,2.0,100.0,8.95
4187.0,20.0,80.0,2.0,100.0,7.79
4188.0,40.0,80.0,2.0,100.0,8.16
4189.0,49.0,80.0,2.0,100.0,9.8
4190.0,0.0,80.0,2.0,100.0,27.17
4191.0,0.5,80.0,2.0,100.0,15.56
4192.0,1.0,80.0,2.0,100.0,10.79
4193.0,2.0,80.0,2.0,100.0,15.85
4194.0,3.0,80.0,2.0,100.0,9.39
4195.0,5.0,80.0,2.0,100.0,11.91
4196.0,10.0,80.0,2.0,100.0,12.0
4197.0,20.0,80.0,2.0,100.0,9.64
4198.0,40.0,80.0,2.0,100.0,11.02
4199.0,49.0,80.0,2.0,100.0,9.4
4200.0,0.0,80.0,2.0,100.0,26.67
4201.0,0.5,80.0,2.0,100.0,12.74
4202.0,1.0,80.0,2.0,100.0,12.08
4203.0,2.0,80.0,2.0,100.0,11.17
4204.0,3.0,80.0,2.0,100.0,10.0
4205.0,5.0,80.0,2.0,100.0,9.3
4206.0,10.0,80.0,2.0,100.0,15.09
4207.0,20.0,80.0,2.0,100.0,8.61
4208.0,40.0,80.0,2.0,100.0,9.52
4209.0,49.0,80.0,2.0,100.0,8.38
4210.0,0.0,80.0,2.0,100.0,27.11
4211.0,0.5,80.0,2.0,100.0,9.41
4212.0,1.0,80.0,2.0,100.0,16.68
4213.0,2.0,80.0,2.0,100.0,26.13
4214.0,3.0,80.0,2.0,100.0,9.94
4215.0,5.0,80.0,2.0,100.0,9.66
4216.0,10.0,80.0,2.0,100.0,11.04
4217.0,20.0,80.0,2.0,100.0,7.57
4218.0,40.0,80.0,2.0,100.0,10.21
4219.0,49.0,80.0,2.0,100.0,9.06
4220.0,0.0,80.0,2.0,100.0,25.97
4221.0,0.5,80.0,2.0,100.0,21.57
4222.0,1.0,80.0,2.0,100.0,12.84
4223.0,2.0,80.0,2.0,100.0,14.17
4224.0,3.0,80.0,2.0,100.0,10.76
4225.0,5.0,80.0,2.0,100.0,11.52
4226.0,10.0,80.0,2.0,100.0,8.54
4227.0,20.0,80.0,2.0,100.0,9.55
4228.0,40.0,80.0,2.0,100.0,8.52
4229.0,49.0,80.0,2.0,100.0,7.74
4230.0,0.0,80.0,2.0,100.0,20.56
4231.0,0.5,80.0,2.0,100.0,27.27
4232.0,1.0,80.0,2.0,100.0,11.47
4233.0,2.0,80.0,2.0,100.0,12.22
4234.0,3.0,80.0,2.0,100.0,10.62
4235.0,5.0,80.0,2.0,100.0,13.12
4236.0,10.0,80.0,2.0,100.0,7.82
4237.0,20.0,80.0,2.0,100.0,8.19
4238.0,40.0,80.0,2.0,100.0,8.93
4239.0,49.0,80.0,2.0,100.0,9.85
4240.0,0.0,80.0,2.0,100.0,21.49
4241.0,0.5,80.0,2.0,100.0,16.96
4242.0,1.0,80.0,2.0,100.0,11.9
4243.0,2.0,80.0,2.0,100.0,18.83
4244.0,3.0,80.0,2.0,100.0,14.81
4245.0,5.0,80.0,2.0,100.0,8.28
4246.0,10.0,80.0,2.0,100.0,11.15
4247.0,20.0,80.0,2.0,100.0,8.98
4248.0,40.0,80.0,2.0,100.0,8.31
4249.0,49.0,80.0,2.0,100.0,9.83
4250.0,0.0,80.0,2.0,100.0,24.87
4251.0,0.5,80.0,2.0,100.0,12.03
4252.0,1.0,80.0,2.0,100.0,13.76
4253.0,2.0,80.0,2.0,100.0,13.39
4254.0,3.0,80.0,2.0,100.0,13.4
4255.0,5.0,80.0,2.0,100.0,13.83
4256.0,10.0,80.0,2.0,100.0,8.85
4257.0,20.0,80.0,2.0,100.0,9.58
4258.0,40.0,80.0,2.0,100.0,7.66
4259.0,49.0,80.0,2.0,100.0,9.13
4260.0,0.0,80.0,2.0,100.0,19.06
4261.0,0.5,80.0,2.0,100.0,8.66
4262.0,1.0,80.0,2.0,100.0,14.09
4263.0,2.0,80.0,2.0,100.0,10.1
4264.0,3.0,80.0,2.0,100.0,12.61
4265.0,5.0,80.0,2.0,100.0,15.11
4266.0,10.0,80.0,2.0,100.0,9.49
4267.0,20.0,80.0,2.0,100.0,9.62
4268.0,40.0,80.0,2.0,100.0,8.58
4269.0,49.0,80.0,2.0,100.0,10.57
4270.0,0.0,80.0,2.0,100.0,24.0
4271.0,0.5,80.0,2.0,100.0,21.99
4272.0,1.0,80.0,2.0,100.0,19.11
4273.0,2.0,80.0,2.0,100.0,18.7
4274.0,3.0,80.0,2.0,100.0,10.06
4275.0,5.0,80.0,2.0,100.0,10.36
4276.0,10.0,80.0,2.0,100.0,8.91
4277.0,20.0,80.0,2.0,100.0,11.03
4278.0,40.0,80.0,2.0,100.0,8.93
4279.0,49.0,80.0,2.0,100.0,9.42
4280.0,0.0,80.0,2.0,100.0,18.62
4281.0,0.5,80.0,2.0,100.0,21.66
4282.0,1.0,80.0,2.0,100.0,11.92
4283.0,2.0,80.0,2.0,100.0,8.89
4284.0,3.0,80.0,2.0,100.0,8.74
4285.0,5.0,80.0,2.0,100.0,11.8
4286.0,10.0,80.0,2.0,100.0,9.31
4287.0,20.0,80.0,2.0,100.0,8.58
4288.0,40.0,80.0,2.0,100.0,8.09
4289.0,49.0,80.0,2.0,100.0,9.84
4290.0,0.0,80.0,2.0,100.0,22.76
4291.0,0.5,80.0,2.0,100.0,13.98
4292.0,1.0,80.0,2.0,100.0,19.34
4293.0,2.0,80.0,2.0,100.0,15.51
4294.0,3.0,80.0,2.0,100.0,12.74
4295.0,5.0,80.0,2.0,100.0,11.09
4296.0,10.0,80.0,2.0,100.0,9.49
4297.0,20.0,80.0,2.0,100.0,9.32
4298.0,40.0,80.0,2.0,100.0,8.44
4299.0,49.0,80.0,2.0,100.0,8.52
4300.0,0.0,80.0,2.0,100.0,20.87
4301.0,0.5,80.0,2.0,100.0,22.39
4302.0,1.0,80.0,2.0,100.0,14.74
4303.0,2.0,80.0,2.0,100.0,21.51
4304.0,3.0,80.0,2.0,100.0,12.85
4305.0,5.0,80.0,2.0,100.0,10.64
4306.0,10.0,80.0,2.0,100.0,8.75
4307.0,20.0,80.0,2.0,100.0,9.46
4308.0,40.0,80.0,2.0,100.0,9.62
4309.0,49.0,80.0,2.0,100.0,8.35
4310.0,0.0,80.0,2.0,100.0,11.33
4311.0,0.5,80.0,2.0,100.0,13.33
4312.0,1.0,80.0,2.0,100.0,10.36
4313.0,2.0,80.0,2.0,100.0,15.13
4314.0,3.0,80.0,2.0,100.0,14.86
4315.0,5.0,80.0,2.0,100.0,9.1
4316.0,10.0,80.0,2.0,100.0,8.3
4317.0,20.0,80.0,2.0,100.0,8.23
4318.0,40.0,80.0,2.0,100.0,8.33
4319.0,49.0,80.0,2.0,100.0,8.7
4320.0,0.0,80.0,2.0,100.0,15.44
4321.0,0.5,80.0,2.0,100.0,23.1
4322.0,1.0,80.0,2.0,100.0,15.3
4323.0,2.0,80.0,2.0,100.0,14.21
4324.0,3.0,80.0,2.0,100.0,10.8
4325.0,5.0,80.0,2.0,100.0,8.6
4326.0,10.0,80.0,2.0,100.0,9.83
4327.0,20.0,80.0,2.0,100.0,8.8
4328.0,40.0,80.0,2.0,100.0,8.5
4329.0,49.0,80.0,2.0,100.0,10.2
4330.0,0.0,80.0,2.0,100.0,16.5
4331.0,0.5,80.0,2.0,100.0,17.07
4332.0,1.0,80.0,2.0,100.0,10.64
4333.0,2.0,80.0,2.0,100.0,11.45
4334.0,3.0,80.0,2.0,100.0,11.92
4335.0,5.0,80.0,2.0,100.0,15.15
4336.0,10.0,80.0,2.0,100.0,11.79
4337.0,20.0,80.0,2.0,100.0,8.38
4338.0,40.0,80.0,2.0,100.0,7.88
4339.0,49.0,80.0,2.0,100.0,9.98
4340.0,0.0,80.0,2.0,100.0,12.17
4341.0,0.5,80.0,2.0,100.0,9.7
4342.0,1.0,80.0,2.0,100.0,22.25
4343.0,2.0,80.0,2.0,100.0,16.21
4344.0,3.0,80.0,2.0,100.0,15.83
4345.0,5.0,80.0,2.0,100.0,11.8
4346.0,10.0,80.0,2.0,100.0,11.02
4347.0,20.0,80.0,2.0,100.0,9.34
4348.0,40.0,80.0,2.0,100.0,9.73
4349.0,49.0,80.0,2.0,100.0,9.87
4350.0,0.0,80.0,2.0,100.0,19.51
4351.0,0.5,80.0,2.0,100.0,22.9
4352.0,1.0,80.0,2.0,100.0,14.43
4353.0,2.0,80.0,2.0,100.0,14.66
4354.0,3.0,80.0,2.0,100.0,12.87
4355.0,5.0,80.0,2.0,100.0,9.19
4356.0,10.0,80.0,2.0,100.0,12.03
4357.0,20.0,80.0,2.0,100.0,8.75
4358.0,40.0,80.0,2.0,100.0,7.48
4359.0,49.0,80.0,2.0,100.0,10.45
4360.0,0.0,80.0,2.0,100.0,22.52
4361.0,0.5,80.0,2.0,100.0,12.99
4362.0,1.0,80.0,2.0,100.0,23.4
4363.0,2.0,80.0,2.0,100.0,12.25
4364.0,3.0,80.0,2.0,100.0,14.22
4365.0,5.0,80.0,2.0,100.0,9.44
4366.0,10.0,80.0,2.0,100.0,11.91
4367.0,20.0,80.0,2.0,100.0,8.68
4368.0,40.0,80.0,2.0,100.0,8.38
4369.0,49.0,80.0,2.0,100.0,8.65
4370.0,0.0,80.0,2.0,100.0,11.19
4371.0,0.5,80.0,2.0,100.0,13.11
4372.0,1.0,80.0,2.0,100.0,12.82
4373.0,2.0,80.0,2.0,100.0,17.4
4374.0,3.0,80.0,2.0,100.0,16.71
4375.0,5.0,80.0,2.0,100.0,13.07
4376.0,10.0,80.0,2.0,100.0,8.44
4377.0,20.0,80.0,2.0,100.0,8.88
4378.0,40.0,80.0,2.0,100.0,10.29
4379.0,49.0,80.0,2.0,100.0,7.48
4380.0,0.0,80.0,2.0,100.0,25.22
4381.0,0.5,80.0,2.0,100.0,8.14
4382.0,1.0,80.0,2.0,100.0,22.85
4383.0,2.0,80.0,2.0,100.0,12.25
4384.0,3.0,80.0,2.0,100.0,9.96
4385.0,5.0,80.0,2.0,100.0,9.36
4386.0,10.0,80.0,2.0,100.0,10.12
4387.0,20.0,80.0,2.0,100.0,9.16
4388.0,40.0,80.0,2.0,100.0,7.89
4389.0,49.0,80.0,2.0,100.0,7.91
4390.0,0.0,80.0,2.0,100.0,19.12
4391.0,0.5,80.0,2.0,100.0,20.96
4392.0,1.0,80.0,2.0,100.0,13.44
4393.0,2.0,80.0,2.0,100.0,9.0
4394.0,3.0,80.0,2.0,100.0,8.91
4395.0,5.0,80.0,2.0,100.0,12.88
4396.0,10.0,80.0,2.0,100.0,9.35
4397.0,20.0,80.0,2.0,100.0,8.45
4398.0,40.0,80.0,2.0,100.0,8.06
4399.0,49.0,80.0,2.0,100.0,8.16
4400.0,0.0,80.0,2.0,100.0,18.17
4401.0,0.5,80.0,2.0,100.0,16.58
4402.0,1.0,80.0,2.0,100.0,9.39
4403.0,2.0,80.0,2.0,100.0,9.69
4404.0,3.0,80.0,2.0,100.0,11.19
4405.0,5.0,80.0,2.0,100.0,10.73
4406.0,10.0,80.0,2.0,100.0,13.17
4407.0,20.0,80.0,2.0,100.0,8.91
4408.0,40.0,80.0,2.0,100.0,11.0
4409.0,49.0,80.0,2.0,100.0,7.39
4410.0,0.0,80.0,2.0,100.0,18.02
4411.0,0.5,80.0,2.0,100.0,18.4
4412.0,1.0,80.0,2.0,100.0,13.19
4413.0,2.0,80.0,2.0,100.0,12.33
4414.0,3.0,80.0,2.0,100.0,20.22
4415.0,5.0,80.0,2.0,100.0,9.99
4416.0,10.0,80.0,2.0,100.0,9.45
4417.0,20.0,80.0,2.0,100.0,7.95
4418.0,40.0,80.0,2.0,100.0,8.29
4419.0,49.0,80.0,2.0,100.0,11.84
4420.0,0.0,80.0,2.0,100.0,15.84
4421.0,0.5,80.0,2.0,100.0,22.3
4422.0,1.0,80.0,2.0,100.0,15.14
4423.0,2.0,80.0,2.0,100.0,14.02
4424.0,3.0,80.0,2.0,100.0,11.35
4425.0,5.0,80.0,2.0,100.0,13.18
4426.0,10.0,80.0,2.0,100.0,10.22
4427.0,20.0,80.0,2.0,100.0,9.74
4428.0,40.0,80.0,2.0,100.0,7.39
4429.0,49.0,80.0,2.0,100.0,8.8
4430.0,0.0,80.0,2.0,100.0,15.57
4431.0,0.5,80.0,2.0,100.0,10.2
4432.0,1.0,80.0,2.0,100.0,27.78
4433.0,2.0,80.0,2.0,100.0,12.94
4434.0,3.0,80.0,2.0,100.0,7.63
4435.0,5.0,80.0,2.0,100.0,12.61
4436.0,10.0,80.0,2.0,100.0,8.73
4437.0,20.0,80.0,2.0,100.0,8.67
4438.0,40.0,80.0,2.0,100.0,10.23
4439.0,49.0,80.0,2.0,100.0,10.07
4440.0,0.0,80.0,2.0,100.0,21.45
4441.0,0.5,80.0,2.0,100.0,17.69
4442.0,1.0,80.0,2.0,100.0,12.8
4443.0,2.0,80.0,2.0,100.0,16.62
4444.0,3.0,80.0,2.0,100.0,11.99
4445.0,5.0,80.0,2.0,100.0,15.32
4446.0,10.0,80.0,2.0,100.0,10.45
4447.0,20.0,80.0,2.0,100.0,8.33
4448.0,40.0,80.0,2.0,100.0,8.67
4449.0,49.0,80.0,2.0,100.0,8.53
4450.0,0.0,80.0,2.0,100.0,24.03
4451.0,0.5,80.0,2.0,100.0,25.31
4452.0,1.0,80.0,2.0,100.0,9.21
4453.0,2.0,80.0,2.0,100.0,19.36
4454.0,3.0,80.0,2.0,100.0,13.33
4455.0,5.0,80.0,2.0,100.0,8.15
4456.0,10.0,80.0,2.0,100.0,14.49
4457.0,20.0,80.0,2.0,100.0,10.38
4458.0,40.0,80.0,2.0,100.0,8.08
4459.0,49.0,80.0,2.0,100.0,9.79
4460.0,0.0,80.0,2.0,100.0,19.12
4461.0,0.5,80.0,2.0,100.0,18.62
4462.0,1.0,80.0,2.0,100.0,18.41
4463.0,2.0,80.0,2.0,100.0,10.42
4464.0,3.0,80.0,2.0,100.0,17.34
4465.0,5.0,80.0,2.0,100.0,18.68
4466.0,10.0,80.0,2.0,100.0,11.01
4467.0,20.0,80.0,2.0,100.0,9.3
4468.0,40.0,80.0,2.0,100.0,8.53
4469.0,49.0,80.0,2.0,100.0,9.78
4470.0,0.0,80.0,2.0,100.0,17.66
4471.0,0.5,80.0,2.0,100.0,27.67
4472.0,1.0,80.0,2.0,100.0,13.29
4473.0,2.0,80.0,2.0,100.0,15.47
4474.0,3.0,80.0,2.0,100.0,10.79
4475.0,5.0,80.0,2.0,100.0,9.22
4476.0,10.0,80.0,2.0,100.0,7.73
4477.0,20.0,80.0,2.0,100.0,10.31
4478.0,40.0,80.0,2.0,100.0,7.88
4479.0,49.0,80.0,2.0,100.0,8.72
4480.0,0.0,80.0,2.0,100.0,13.67
4481.0,0.5,80.0,2.0,100.0,15.78
4482.0,1.0,80.0,2.0,100.0,9.71
4483.0,2.0,80.0,2.0,100.0,13.63
4484.0,3.0,80.0,2.0,100.0,15.29
4485.0,5.0,80.0,2.0,100.0,10.77
4486.0,10.0,80.0,2.0,100.0,9.02
4487.0,20.0,80.0,2.0,100.0,9.07
4488.0,40.0,80.0,2.0,100.0,8.38
4489.0,49.0,80.0,2.0,100.0,9.21
4490.0,0.0,80.0,2.0,100.0,27.28
4491.0,0.5,80.0,2.0,100.0,20.46
4492.0,1.0,80.0,2.0,100.0,25.62
4493.0,2.0,80.0,2.0,100.0,10.57
4494.0,3.0,80.0,2.0,100.0,11.11
4495.0,5.0,80.0,2.0,100.0,12.59
4496.0,10.0,80.0,2.0,100.0,11.75
4497.0,20.0,80.0,2.0,100.0,8.94
4498.0,40.0,80.0,2.0,100.0,8.81
4499.0,49.0,80.0,2.0,100.0,10.0
4500.0,0.0,90.0,2.0,100.0,26.13
4501.0,0.5,90.0,2.0,100.0,18.74
4502.0,1.0,90.0,2.0,100.0,20.2
4503.0,2.0,90.0,2.0,100.0,17.56
4504.0,3.0,90.0,2.0,100.0,13.03
4505.0,5.0,90.0,2.0,100.0,11.95
4506.0,10.0,90.0,2.0,100.0,9.5
4507.0,20.0,90.0,2.0,100.0,9.38
4508.0,40.0,90.0,2.0,100.0,8.41
4509.0,49.0,90.0,2.0,100.0,7.74
4510.0,0.0,90.0,2.0,100.0,20.61
4511.0,0.5,90.0,2.0,100.0,10.28
4512.0,1.0,90.0,2.0,100.0,13.65
4513.0,2.0,90.0,2.0,100.0,9.72
4514.0,3.0,90.0,2.0,100.0,12.52
4515.0,5.0,90.0,2.0,100.0,12.08
4516.0,10.0,90.0,2.0,100.0,9.63
4517.0,20.0,90.0,2.0,100.0,7.73
4518.0,40.0,90.0,2.0,100.0,9.67
4519.0,49.0,90.0,2.0,100.0,9.32
4520.0,0.0,90.0,2.0,100.0,23.78
4521.0,0.5,90.0,2.0,100.0,12.85
4522.0,1.0,90.0,2.0,100.0,23.83
4523.0,2.0,90.0,2.0,100.0,15.72
4524.0,3.0,90.0,2.0,100.0,8.97
4525.0,5.0,90.0,2.0,100.0,15.65
4526.0,10.0,90.0,2.0,100.0,10.19
4527.0,20.0,90.0,2.0,100.0,7.98
4528.0,40.0,90.0,2.0,100.0,8.59
4529.0,49.0,90.0,2.0,100.0,10.01
4530.0,0.0,90.0,2.0,100.0,18.67
4531.0,0.5,90.0,2.0,100.0,16.27
4532.0,1.0,90.0,2.0,100.0,23.19
4533.0,2.0,90.0,2.0,100.0,16.18
4534.0,3.0,90.0,2.0,100.0,13.25
4535.0,5.0,90.0,2.0,100.0,12.15
4536.0,10.0,90.0,2.0,100.0,10.64
4537.0,20.0,90.0,2.0,100.0,8.59
4538.0,40.0,90.0,2.0,100.0,9.72
4539.0,49.0,90.0,2.0,100.0,8.64
4540.0,0.0,90.0,2.0,100.0,15.76
4541.0,0.5,90.0,2.0,100.0,28.4
4542.0,1.0,90.0,2.0,100.0,17.38
4543.0,2.0,90.0,2.0,100.0,22.8
4544.0,3.0,90.0,2.0,100.0,9.83
4545.0,5.0,90.0,2.0,100.0,12.09
4546.0,10.0,90.0,2.0,100.0,11.29
4547.0,20.0,90.0,2.0,100.0,9.76
4548.0,40.0,90.0,2.0,100.0,13.61
4549.0,49.0,90.0,2.0,100.0,8.77
4550.0,0.0,90.0,2.0,100.0,20.52
4551.0,0.5,90.0,2.0,100.0,19.15
4552.0,1.0,90.0,2.0,100.0,13.8
4553.0,2.0,90.0,2.0,100.0,24.55
4554.0,3.0,90.0,2.0,100.0,10.97
4555.0,5.0,90.0,2.0,100.0,8.61
4556.0,10.0,90.0,2.0,100.0,9.19
4557.0,20.0,90.0,2.0,100.0,9.1
4558.0,40.0,90.0,2.0,100.0,8.2
4559.0,49.0,90.0,2.0,100.0,9.75
4560.0,0.0,90.0,2.0,100.0,24.73
4561.0,0.5,90.0,2.0,100.0,10.96
4562.0,1.0,90.0,2.0,100.0,11.47
4563.0,2.0,90.0,2.0,100.0,14.77
4564.0,3.0,90.0,2.0,100.0,11.33
4565.0,5.0,90.0,2.0,100.0,14.3
4566.0,10.0,90.0,2.0,100.0,9.67
4567.0,20.0,90.0,2.0,100.0,10.14
4568.0,40.0,90.0,2.0,100.0,8.21
4569.0,49.0,90.0,2.0,100.0,11.72
4570.0,0.0,90.0,2.0,100.0,23.4
4571.0,0.5,90.0,2.0,100.0,20.33
4572.0,1.0,90.0,2.0,100.0,23.17
4573.0,2.0,90.0,2.0,100.0,19.13
4574.0,3.0,90.0,2.0,100.0,8.31
4575.0,5.0,90.0,2.0,100.0,11.73
4576.0,10.0,90.0,2.0,100.0,12.71
4577.0,20.0,90.0,2.0,100.0,9.56
4578.0,40.0,90.0,2.0,100.0,8.84
4579.0,49.0,90.0,2.0,100.0,8.71
4580.0,0.0,90.0,2.0,100.0,11.22
4581.0,0.5,90.0,2.0,100.0,18.32
4582.0,1.0,90.0,2.0,100.0,22.54
4583.0,2.0,90.0,2.0,100.0,11.62
4584.0,3.0,90.0,2.0,100.0,17.77
4585.0,5.0,90.0,2.0,100.0,9.23
4586.0,10.0,90.0,2.0,100.0,10.68
4587.0,20.0,90.0,2.0,100.0,9.58
4588.0,40.0,90.0,2.0,100.0,7.87
4589.0,49.0,90.0,2.0,100.0,9.4
4590.0,0.0,90.0,2.0,100.0,16.82
4591.0,0.5,90.0,2.0,100.0,15.44
4592.0,1.0,90.0,2.0,100.0,10.74
4593.0,2.0,90.0,2.0,100.0,8.47
4594.0,3.0,90.0,2.0,100.0,13.04
4595.0,5.0,90.0,2.0,100.0,11.11
4596.0,10.0,90.0,2.0,100.0,9.99
4597.0,20.0,90.0,2.0,100.0,10.19
4598.0,40.0,90.0,2.0,100.0,8.6
4599.0,49.0,90.0,2.0,100.0,10.46
4600.0,0.0,90.0,2.0,100.0,20.44
4601.0,0.5,90.0,2.0,100.0,15.33
4602.0,1.0,90.0,2.0,100.0,19.6
4603.0,2.0,90.0,2.0,100.0,13.3
4604.0,3.0,90.0,2.0,100.0,10.06
4605.0,5.0,90.0,2.0,100.0,10.06
4606.0,10.0,90.0,2.0,100.0,8.84
4607.0,20.0,90.0,2.0,100.0,11.42
4608.0,40.0,90.0,2.0,100.0,8.55
4609.0,49.0,90.0,2.0,100.0,9.61
4610.0,0.0,90.0,2.0,100.0,11.7
4611.0,0.5,90.0,2.0,100.0,14.65
4612.0,1.0,90.0,2.0,100.0,18.3
4613.0,2.0,90.0,2.0,100.0,15.24
4614.0,3.0,90.0,2.0,100.0,12.09
4615.0,5.0,90.0,2.0,100.0,11.38
4616.0,10.0,90.0,2.0,100.0,9.88
4617.0,20.0,90.0,2.0,100.0,8.52
4618.0,40.0,90.0,2.0,100.0,7.99
4619.0,49.0,90.0,2.0,100.0,7.77
4620.0,0.0,90.0,2.0,100.0,22.22
4621.0,0.5,90.0,2.0,100.0,19.51
4622.0,1.0,90.0,2.0,100.0,14.09
4623.0,2.0,90.0,2.0,100.0,12.44
4624.0,3.0,90.0,2.0,100.0,11.06
4625.0,5.0,90.0,2.0,100.0,11.61
4626.0,10.0,90.0,2.0,100.0,7.73
4627.0,20.0,90.0,2.0,100.0,8.37
4628.0,40.0,90.0,2.0,100.0,7.64
4629.0,49.0,90.0,2.0,100.0,9.06
4630.0,0.0,90.0,2.0,100.0,23.4
4631.0,0.5,90.0,2.0,100.0,15.31
4632.0,1.0,90.0,2.0,100.0,14.98
4633.0,2.0,90.0,2.0,100.0,9.49
4634.0,3.0,90.0,2.0,100.0,14.94
4635.0,5.0,90.0,2.0,100.0,10.5
4636.0,10.0,90.0,2.0,100.0,11.58
4637.0,20.0,90.0,2.0,100.0,10.1
4638.0,40.0,90.0,2.0,100.0,10.14
4639.0,49.0,90.0,2.0,100.0,8.57
4640.0,0.0,90.0,2.0,100.0,19.04
4641.0,0.5,90.0,2.0,100.0,13.86
4642.0,1.0,90.0,2.0,100.0,10.7
4643.0,2.0,90.0,2.0,100.0,22.06
4644.0,3.0,90.0,2.0,100.0,13.81
4645.0,5.0,90.0,2.0,100.0,9.48
4646.0,10.0,90.0,2.0,100.0,12.51
4647.0,20.0,90.0,2.0,100.0,8.17
4648.0,40.0,90.0,2.0,100.0,7.92
4649.0,49.0,90.0,2.0,100.0,10.84
4650.0,0.0,90.0,2.0,100.0,16.26
4651.0,0.5,90.0,2.0,100.0,11.07
4652.0,1.0,90.0,2.0,100.0,15.95
4653.0,2.0,90.0,2.0,100.0,16.4
4654.0,3.0,90.0,2.0,100.0,10.74
4655.0,5.0,90.0,2.0,100.0,15.84
4656.0,10.0,90.0,2.0,100.0,11.42
4657.0,20.0,90.0,2.0,100.0,9.05
4658.0,40.0,90.0,2.0,100.0,11.3
4659.0,49.0,90.0,2.0,100.0,8.96
4660.0,0.0,90.0,2.0,100.0,9.02
4661.0,0.5,90.0,2.0,100.0,21.49
4662.0,1.0,90.0,2.0,100.0,13.19
4663.0,2.0,90.0,2.0,100.0,13.38
4664.0,3.0,90.0,2.0,100.0,14.71
4665.0,5.0,90.0,2.0,100.0,13.46
4666.0,10.0,90.0,2.0,100.0,10.64
4667.0,20.0,90.0,2.0,100.0,8.45
4668.0,40.0,90.0,2.0,100.0,8.83
4669.0,49.0,90.0,2.0,100.0,8.55
4670.0,0.0,90.0,2.0,100.0,19.92
4671.0,0.5,90.0,2.0,100.0,22.98
4672.0,1.0,90.0,2.0,100.0,14.58
4673.0,2.0,90.0,2.0,100.0,10.35
4674.0,3.0,90.0,2.0,100.0,13.74
4675.0,5.0,90.0,2.0,100.0,12.3
4676.0,10.0,90.0,2.0,100.0,7.4
4677.0,20.0,90.0,2.0,100.0,9.11
4678.0,40.0,90.0,2.0,100.0,9.6
4679.0,49.0,90.0,2.0,100.0,8.58
4680.0,0.0,90.0,2.0,100.0,26.96
4681.0,0.5,90.0,2.0,100.0,11.09
4682.0,1.0,90.0,2.0,100.0,13.03
4683.0,2.0,90.0,2.0,100.0,27.08
4684.0,3.0,90.0,2.0,100.0,14.7
4685.0,5.0,90.0,2.0,100.0,17.19
4686.0,10.0,90.0,2.0,100.0,8.91
4687.0,20.0,90.0,2.0,100.0,11.35
4688.0,40.0,90.0,2.0,100.0,9.02
4689.0,49.0,90.0,2.0,100.0,9.75
4690.0,0.0,90.0,2.0,100.0,13.44
4691.0,0.5,90.0,2.0,100.0,23.2
4692.0,1.0,90.0,2.0,100.0,11.31
4693.0,2.0,90.0,2.0,100.0,11.9
4694.0,3.0,90.0,2.0,100.0,9.89
4695.0,5.0,90.0,2.0,100.0,9.75
4696.0,10.0,90.0,2.0,100.0,8.46
4697.0,20.0,90.0,2.0,100.0,9.92
4698.0,40.0,90.0,2.0,100.0,9.43
4699.0,49.0,90.0,2.0,100.0,8.23
4700.0,0.0,90.0,2.0,100.0,24.45
4701.0,0.5,90.0,2.0,100.0,13.07
4702.0,1.0,90.0,2.0,100.0,10.26
4703.0,2.0,90.0,2.0,100.0,7.96
4704.0,3.0,90.0,2.0,100.0,10.75
4705.0,5.0,90.0,2.0,100.0,10.67
4706.0,10.0,90.0,2.0,100.0,12.84
4707.0,20.0,90.0,2.0,100.0,9.54
4708.0,40.0,90.0,2.0,100.0,8.16
4709.0,49.0,90.0,2.0,100.0,9.0
4710.0,0.0,90.0,2.0,100.0,14.45
4711.0,0.5,90.0,2.0,100.0,11.81
4712.0,1.0,90.0,2.0,100.0,8.86
4713.0,2.0,90.0,2.0,100.0,22.09
4714.0,3.0,90.0,2.0,100.0,11.39
4715.0,5.0,90.0,2.0,100.0,15.36
4716.0,10.0,90.0,2.0,100.0,10.85
4717.0,20.0,90.0,2.0,100.0,10.25
4718.0,40.0,90.0,2.0,100.0,8.2
4719.0,49.0,90.0,2.0,100.0,9.64
4720.0,0.0,90.0,2.0,100.0,19.96
4721.0,0.5,90.0,2.0,100.0,23.2
4722.0,1.0,90.0,2.0,100.0,11.29
4723.0,2.0,90.0,2.0,100.0,13.53
4724.0,3.0,90.0,2.0,100.0,12.36
4725.0,5.0,90.0,2.0,100.0,10.94
4726.0,10.0,90.0,2.0,100.0,9.44
4727.0,20.0,90.0,2.0,100.0,9.32
4728.0,40.0,90.0,2.0,100.0,9.97
4729.0,49.0,90.0,2.0,100.0,8.91
4730.0,0.0,90.0,2.0,100.0,10.32
4731.0,0.5,90.0,2.0,100.0,15.08
4732.0,1.0,90.0,2.0,100.0,21.84
4733.0,2.0,90.0,2.0,100.0,10.11
4734.0,3.0,90.0,2.0,100.0,15.33
4735.0,5.0,90.0,2.0,100.0,16.82
4736.0,10.0,90.0,2.0,100.0,9.42
4737.0,20.0,90.0,2.0,100.0,7.94
4738.0,40.0,90.0,2.0,100.0,8.24
4739.0,49.0,90.0,2.0,100.0,10.23
4740.0,0.0,90.0,2.0,100.0,27.04
4741.0,0.5,90.0,2.0,100.0,24.93
4742.0,1.0,90.0,2.0,100.0,10.54
4743.0,2.0,90.0,2.0,100.0,12.29
4744.0,3.0,90.0,2.0,100.0,13.84
4745.0,5.0,90.0,2.0,100.0,11.12
4746.0,10.0,90.0,2.0,100.0,11.23
4747.0,20.0,90.0,2.0,100.0,9.96
4748.0,40.0,90.0,2.0,100.0,10.08
4749.0,49.0,90.0,2.0,100.0,10.74
4750.0,0.0,90.0,2.0,100.0,20.77
4751.0,0.5,90.0,2.0,100.0,20.69
4752.0,1.0,90.0,2.0,100.0,16.46
4753.0,2.0,90.0,2.0,100.0,18.6
4754.0,3.0,90.0,2.0,100.0,10.82
4755.0,5.0,90.0,2.0,100.0,14.03
4756.0,10.0,90.0,2.0,100.0,9.2
4757.0,20.0,90.0,2.0,100.0,11.7
4758.0,40.0,90.0,2.0,100.0,8.0
4759.0,49.0,90.0,2.0,100.0,8.12
4760.0,0.0,90.0,2.0,100.0,21.91
4761.0,0.5,90.0,2.0,100.0,19.83
4762.0,1.0,90.0,2.0,100.0,16.86
4763.0,2.0,90.0,2.0,100.0,17.77
4764.0,3.0,90.0,2.0,100.0,8.75
4765.0,5.0,90.0,2.0,100.0,8.86
4766.0,10.0,90.0,2.0,100.0,10.64
4767.0,20.0,90.0,2.0,100.0,8.55
4768.0,40.0,90.0,2.0,100.0,9.02
4769.0,49.0,90.0,2.0,100.0,7.73
4770.0,0.0,90.0,2.0,100.0,21.06
4771.0,0.5,90.0,2.0,100.0,12.18
4772.0,1.0,90.0,2.0,100.0,9.45
4773.0,2.0,90.0,2.0,100.0,11.82
4774.0,3.0,90.0,2.0,100.0,14.88
4775.0,5.0,90.0,2.0,100.0,9.45
4776.0,10.0,90.0,2.0,100.0,10.39
4777.0,20.0,90.0,2.0,100.0,9.02
4778.0,40.0,90.0,2.0,100.0,9.97
4779.0,49.0,90.0,2.0,100.0,7.67
4780.0,0.0,90.0,2.0,100.0,16.86
4781.0,0.5,90.0,2.0,100.0,20.03
4782.0,1.0,90.0,2.0,100.0,23.39
4783.0,2.0,90.0,2.0,100.0,10.86
4784.0,3.0,90.0,2.0,100.0,15.21
4785.0,5.0,90.0,2.0,100.0,12.72
4786.0,10.0,90.0,2.0,100.0,8.99
4787.0,20.0,90.0,2.0,100.0,10.71
4788.0,40.0,90.0,2.0,100.0,10.96
4789.0,49.0,90.0,2.0,100.0,9.44
4790.0,0.0,90.0,2.0,100.0,20.68
4791.0,0.5,90.0,2.0,100.0,18.8
4792.0,1.0,90.0,2.0,100.0,14.71
4793.0,2.0,90.0,2.0,100.0,12.13
4794.0,3.0,90.0,2.0,100.0,13.84
4795.0,5.0,90.0,2.0,100.0,12.55
4796.0,10.0,90.0,2.0,100.0,10.66
4797.0,20.0,90.0,2.0,100.0,10.16
4798.0,40.0,90.0,2.0,100.0,12.44
4799.0,49.0,90.0,2.0,100.0,10.11
4800.0,0.0,90.0,2.0,100.0,25.34
4801.0,0.5,90.0,2.0,100.0,12.73
4802.0,1.0,90.0,2.0,100.0,12.89
4803.0,2.0,90.0,2.0,100.0,10.15
4804.0,3.0,90.0,2.0,100.0,10.12
4805.0,5.0,90.0,2.0,100.0,9.21
4806.0,10.0,90.0,2.0,100.0,10.64
4807.0,20.0,90.0,2.0,100.0,8.42
4808.0,40.0,90.0,2.0,100.0,9.29
4809.0,49.0,90.0,2.0,100.0,9.23
4810.0,0.0,90.0,2.0,100.0,21.7
4811.0,0.5,90.0,2.0,100.0,23.24
4812.0,1.0,90.0,2.0,100.0,12.51
4813.0,2.0,90.0,2.0,100.0,12.03
4814.0,3.0,90.0,2.0,100.0,12.44
4815.0,5.0,90.0,2.0,100.0,11.67
4816.0,10.0,90.0,2.0,100.0,10.12
4817.0,20.0,90.0,2.0,100.0,7.49
4818.0,40.0,90.0,2.0,100.0,12.04
4819.0,49.0,90.0,2.0,100.0,8.61
4820.0,0.0,90.0,2.0,100.0,16.3
4821.0,0.5,90.0,2.0,100.0,9.89
4822.0,1.0,90.0,2.0,100.0,13.18
4823.0,2.0,90.0,2.0,100.0,12.58
4824.0,3.0,90.0,2.0,100.0,9.91
4825.0,5.0,90.0,2.0,100.0,11.97
4826.0,10.0,90.0,2.0,100.0,11.27
4827.0,20.0,90.0,2.0,100.0,10.46
4828.0,40.0,90.0,2.0,100.0,9.1
4829.0,49.0,90.0,2.0,100.0,8.37
4830.0,0.0,90.0,2.0,100.0,24.7
4831.0,0.5,90.0,2.0,100.0,9.85
4832.0,1.0,90.0,2.0,100.0,12.08
4833.0,2.0,90.0,2.0,100.0,11.08
4834.0,3.0,90.0,2.0,100.0,9.44
4835.0,5.0,90.0,2.0,100.0,13.14
4836.0,10.0,90.0,2.0,100.0,8.83
4837.0,20.0,90.0,2.0,100.0,8.96
4838.0,40.0,90.0,2.0,100.0,10.22
4839.0,49.0,90.0,2.0,100.0,8.89
4840.0,0.0,90.0,2.0,100.0,20.88
4841.0,0.5,90.0,2.0,100.0,19.22
4842.0,1.0,90.0,2.0,100.0,17.72
4843.0,2.0,90.0,2.0,100.0,15.02
4844.0,3.0,90.0,2.0,100.0,19.9
4845.0,5.0,90.0,2.0,100.0,10.51
4846.0,10.0,90.0,2.0,100.0,9.52
4847.0,20.0,90.0,2.0,100.0,9.57
4848.0,40.0,90.0,2.0,100.0,8.07
4849.0,49.0,90.0,2.0,100.0,9.42
4850.0,0.0,90.0,2.0,100.0,11.46
4851.0,0.5,90.0,2.0,100.0,18.96
4852.0,1.0,90.0,2.0,100.0,16.88
4853.0,2.0,90.0,2.0,100.0,11.76
4854.0,3.0,90.0,2.0,100.0,13.44
4855.0,5.0,90.0,2.0,100.0,10.7
4856.0,10.0,90.0,2.0,100.0,9.55
4857.0,20.0,90.0,2.0,100.0,8.06
4858.0,40.0,90.0,2.0,100.0,9.88
4859.0,49.0,90.0,2.0,100.0,8.53
4860.0,0.0,90.0,2.0,100.0,17.72
4861.0,0.5,90.0,2.0,100.0,10.08
4862.0,1.0,90.0,2.0,100.0,12.11
4863.0,2.0,90.0,2.0,100.0,12.1
4864.0,3.0,90.0,2.0,100.0,17.55
4865.0,5.0,90.0,2.0,100.0,10.58
4866.0,10.0,90.0,2.0,100.0,8.98
4867.0,20.0,90.0,2.0,100.0,8.38
4868.0,40.0,90.0,2.0,100.0,9.13
4869.0,49.0,90.0,2.0,100.0,9.9
4870.0,0.0,90.0,2.0,100.0,12.97
4871.0,0.5,90.0,2.0,100.0,24.45
4872.0,1.0,90.0,2.0,100.0,11.92
4873.0,2.0,90.0,2.0,100.0,15.3
4874.0,3.0,90.0,2.0,100.0,10.76
4875.0,5.0,90.0,2.0,100.0,11.8
4876.0,10.0,90.0,2.0,100.0,11.37
4877.0,20.0,90.0,2.0,100.0,8.86
4878.0,40.0,90.0,2.0,100.0,8.73
4879.0,49.0,90.0,2.0,100.0,9.48
4880.0,0.0,90.0,2.0,100.0,23.58
4881.0,0.5,90.0,2.0,100.0,8.21
4882.0,1.0,90.0,2.0,100.0,20.92
4883.0,2.0,90.0,2.0,100.0,17.39
4884.0,3.0,90.0,2.0,100.0,12.16
4885.0,5.0,90.0,2.0,100.0,13.01
4886.0,10.0,90.0,2.0,100.0,8.94
4887.0,20.0,90.0,2.0,100.0,8.34
4888.0,40.0,90.0,2.0,100.0,8.64
4889.0,49.0,90.0,2.0,100.0,10.84
4890.0,0.0,90.0,2.0,100.0,10.66
4891.0,0.5,90.0,2.0,100.0,23.43
4892.0,1.0,90.0,2.0,100.0,16.81
4893.0,2.0,90.0,2.0,100.0,12.05
4894.0,3.0,90.0,2.0,100.0,9.57
4895.0,5.0,90.0,2.0,100.0,9.64
4896.0,10.0,90.0,2.0,100.0,8.89
4897.0,20.0,90.0,2.0,100.0,8.29
4898.0,40.0,90.0,2.0,100.0,9.26
4899.0,49.0,90.0,2.0,100.0,8.35
4900.0,0.0,90.0,2.0,100.0,21.73
4901.0,0.5,90.0,2.0,100.0,13.95
4902.0,1.0,90.0,2.0,100.0,18.31
4903.0,2.0,90.0,2.0,100.0,11.15
4904.0,3.0,90.0,2.0,100.0,12.97
4905.0,5.0,90.0,2.0,100.0,9.91
4906.0,10.0,90.0,2.0,100.0,12.52
4907.0,20.0,90.0,2.0,100.0,9.78
4908.0,40.0,90.0,2.0,100.0,8.01
4909.0,49.0,90.0,2.0,100.0,9.36
4910.0,0.0,90.0,2.0,100.0,24.13
4911.0,0.5,90.0,2.0,100.0,20.1
4912.0,1.0,90.0,2.0,100.0,16.09
4913.0,2.0,90.0,2.0,100.0,21.19
4914.0,3.0,90.0,2.0,100.0,8.91
4915.0,5.0,90.0,2.0,100.0,13.08
4916.0,10.0,90.0,2.0,100.0,9.95
4917.0,20.0,90.0,2.0,100.0,10.09
4918.0,40.0,90.0,2.0,100.0,9.18
4919.0,49.0,90.0,2.0,100.0,9.98
4920.0,0.0,90.0,2.0,100.0,26.59
4921.0,0.5,90.0,2.0,100.0,14.14
4922.0,1.0,90.0,2.0,100.0,15.74
4923.0,2.0,90.0,2.0,100.0,9.55
4924.0,3.0,90.0,2.0,100.0,10.43
4925.0,5.0,90.0,2.0,100.0,13.07
4926.0,10.0,90.0,2.0,100.0,13.04
4927.0,20.0,90.0,2.0,100.0,9.13
4928.0,40.0,90.0,2.0,100.0,8.04
4929.0,49.0,90.0,2.0,100.0,7.5
4930.0,0.0,90.0,2.0,100.0,18.8
4931.0,0.5,90.0,2.0,100.0,19.53
4932.0,1.0,90.0,2.0,100.0,14.81
4933.0,2.0,90.0,2.0,100.0,20.27
4934.0,3.0,90.0,2.0,100.0,16.43
4935.0,5.0,90.0,2.0,100.0,11.76
4936.0,10.0,90.0,2.0,100.0,9.32
4937.0,20.0,90.0,2.0,100.0,9.73
4938.0,40.0,90.0,2.0,100.0,8.46
4939.0,49.0,90.0,2.0,100.0,8.19
4940.0,0.0,90.0,2.0,100.0,11.61
4941.0,0.5,90.0,2.0,100.0,20.82
4942.0,1.0,90.0,2.0,100.0,12.44
4943.0,2.0,90.0,2.0,100.0,12.59
4944.0,3.0,90.0,2.0,100.0,18.67
4945.0,5.0,90.0,2.0,100.0,9.74
4946.0,10.0,90.0,2.0,100.0,8.06
4947.0,20.0,90.0,2.0,100.0,9.05
4948.0,40.0,90.0,2.0,100.0,7.85
4949.0,49.0,90.0,2.0,100.0,9.23
4950.0,0.0,90.0,2.0,100.0,23.01
4951.0,0.5,90.0,2.0,100.0,24.14
4952.0,1.0,90.0,2.0,100.0,12.32
4953.0,2.0,90.0,2.0,100.0,12.39
4954.0,3.0,90.0,2.0,100.0,13.8
4955.0,5.0,90.0,2.0,100.0,11.85
4956.0,10.0,90.0,2.0,100.0,9.89
4957.0,20.0,90.0,2.0,100.0,8.67
4958.0,40.0,90.0,2.0,100.0,8.51
4959.0,49.0,90.0,2.0,100.0,8.14
4960.0,0.0,90.0,2.0,100.0,24.34
4961.0,0.5,90.0,2.0,100.0,22.08
4962.0,1.0,90.0,2.0,100.0,21.29
4963.0,2.0,90.0,2.0,100.0,11.26
4964.0,3.0,90.0,2.0,100.0,13.41
4965.0,5.0,90.0,2.0,100.0,10.43
4966.0,10.0,90.0,2.0,100.0,12.88
4967.0,20.0,90.0,2.0,100.0,8.92
4968.0,40.0,90.0,2.0,100.0,9.62
4969.0,49.0,90.0,2.0,100.0,10.1
4970.0,0.0,90.0,2.0,100.0,20.74
4971.0,0.5,90.0,2.0,100.0,20.87
4972.0,1.0,90.0,2.0,100.0,12.31
4973.0,2.0,90.0,2.0,100.0,8.39
4974.0,3.0,90.0,2.0,100.0,12.77
4975.0,5.0,90.0,2.0,100.0,10.72
4976.0,10.0,90.0,2.0,100.0,11.67
4977.0,20.0,90.0,2.0,100.0,8.44
4978.0,40.0,90.0,2.0,100.0,9.13
4979.0,49.0,90.0,2.0,100.0,9.92
4980.0,0.0,90.0,2.0,100.0,22.46
4981.0,0.5,90.0,2.0,100.0,23.46
4982.0,1.0,90.0,2.0,100.0,15.63
4983.0,2.0,90.0,2.0,100.0,23.21
4984.0,3.0,90.0,2.0,100.0,10.61
4985.0,5.0,90.0,2.0,100.0,14.01
4986.0,10.0,90.0,2.0,100.0,9.13
4987.0,20.0,90.0,2.0,100.0,9.44
4988.0,40.0,90.0,2.0,100.0,10.59
4989.0,49.0,90.0,2.0,100.0,8.74
4990.0,0.0,90.0,2.0,100.0,23.01
4991.0,0.5,90.0,2.0,100.0,19.11
4992.0,1.0,90.0,2.0,100.0,23.71
4993.0,2.0,90.0,2.0,100.0,13.02
4994.0,3.0,90.0,2.0,100.0,11.02
4995.0,5.0,90.0,2.0,100.0,9.8
4996.0,10.0,90.0,2.0,100.0,8.85
4997.0,20.0,90.0,2.0,100.0,9.7
4998.0,40.0,90.0,2.0,100.0,9.57
4999.0,49.0,90.0,2.0,100.0,12.6
