Factor 1,Factor 2,Factor 3,Factor 4,Factor 5,Result 1
0.0,0.0,0.0,2.0,100.0,100.0
1.0,0.5,0.0,2.0,100.0,33.333332
2.0,1.0,0.0,2.0,100.0,33.333332
3.0,2.0,0.0,2.0,100.0,33.333332
4.0,3.0,0.0,2.0,100.0,10.0
5.0,5.0,0.0,2.0,100.0,9.090909
6.0,10.0,0.0,2.0,100.0,5.882353
7.0,20.0,0.0,2.0,100.0,5.882353
8.0,40.0,0.0,2.0,100.0,5.263158
9.0,49.0,0.0,2.0,100.0,4.0
10.0,0.0,0.0,2.0,100.0,100.0
11.0,0.5,0.0,2.0,100.0,100.0
12.0,1.0,0.0,2.0,100.0,16.666666
13.0,2.0,0.0,2.0,100.0,7.6923075
14.0,3.0,0.0,2.0,100.0,8.333333
15.0,5.0,0.0,2.0,100.0,14.285714
16.0,10.0,0.0,2.0,100.0,4.5454545
17.0,20.0,0.0,2.0,100.0,6.6666665
18.0,40.0,0.0,2.0,100.0,5.263158
19.0,49.0,0.0,2.0,100.0,6.6666665
20.0,0.0,0.0,2.0,100.0,100.0
21.0,0.5,0.0,2.0,100.0,33.333332
22.0,1.0,0.0,2.0,100.0,33.333332
23.0,2.0,0.0,2.0,100.0,33.333332
24.0,3.0,0.0,2.0,100.0,14.285714
25.0,5.0,0.0,2.0,100.0,9.090909
26.0,10.0,0.0,2.0,100.0,7.6923075
27.0,20.0,0.0,2.0,100.0,5.882353
28.0,40.0,0.0,2.0,100.0,4.5454545
29.0,49.0,0.0,2.0,100.0,5.882353
30.0,0.0,0.0,2.0,100.0,100.0
31.0,0.5,0.0,2.0,100.0,100.0
32.0,1.0,0.0,2.0,100.0,100.0
33.0,2.0,0.0,2.0,100.0,33.333332
34.0,3.0,0.0,2.0,100.0,9.090909
35.0,5.0,0.0,2.0,100.0,16.666666
36.0,10.0,0.0,2.0,100.0,11.111111
37.0,20.0,0.0,2.0,100.0,5.5555553
38.0,40.0,0.0,2.0,100.0,5.882353
39.0,49.0,0.0,2.0,100.0,5.263158
40.0,0.0,0.0,2.0,100.0,100.0
41.0,0.5,0.0,2.0,100.0,7.142857
42.0,1.0,0.0,2.0,100.0,9.090909
43.0,2.0,0.0,2.0,100.0,50.0
44.0,3.0,0.0,2.0,100.0,25.0
45.0,5.0,0.0,2.0,100.0,9.090909
46.0,10.0,0.0,2.0,100.0,9.090909
47.0,20.0,0.0,2.0,100.0,4.347826
48.0,40.0,0.0,2.0,100.0,4.0
49.0,49.0,0.0,2.0,100.0,5.882353
50.0,0.0,0.0,2.0,100.0,100.0
51.0,0.5,0.0,2.0,100.0,100.0
52.0,1.0,0.0,2.0,100.0,33.333332
53.0,2.0,0.0,2.0,100.0,20.0
54.0,3.0,0.0,2.0,100.0,10.0
55.0,5.0,0.0,2.0,100.0,14.285714
56.0,10.0,0.0,2.0,100.0,5.263158
57.0,20.0,0.0,2.0,100.0,3.8461537
58.0,40.0,0.0,2.0,100.0,4.347826
59.0,49.0,0.0,2.0,100.0,5.882353
60.0,0.0,0.0,2.0,100.0,100.0
61.0,0.5,0.0,2.0,100.0,100.0
62.0,1.0,0.0,2.0,100.0,11.111111
63.0,2.0,0.0,2.0,100.0,33.333332
64.0,3.0,0.0,2.0,100.0,100.0
65.0,5.0,0.0,2.0,100.0,7.142857
66.0,10.0,0.0,2.0,100.0,6.25
67.0,20.0,0.0,2.0,100.0,7.6923075
68.0,40.0,0.0,2.0,100.0,5.882353
69.0,49.0,0.0,2.0,100.0,6.6666665
70.0,0.0,0.0,2.0,100.0,100.0
71.0,0.5,0.0,2.0,100.0,100.0
72.0,1.0,0.0,2.0,100.0,100.0
73.0,2.0,0.0,2.0,100.0,33.333332
74.0,3.0,0.0,2.0,100.0,16.666666
75.0,5.0,0.0,2.0,100.0,14.285714
76.0,10.0,0.0,2.0,100.0,9.090909
77.0,20.0,0.0,2.0,100.0,4.7619047
78.0,40.0,0.0,2.0,100.0,4.347826
79.0,49.0,0.0,2.0,100.0,5.263158
80.0,0.0,0.0,2.0,100.0,14.285714
81.0,0.5,0.0,2.0,100.0,100.0
82.0,1.0,0.0,2.0,100.0,33.333332
83.0,2.0,0.0,2.0,100.0,33.333332
84.0,3.0,0.0,2.0,100.0,20.0
85.0,5.0,0.0,2.0,100.0,12.5
86.0,10.0,0.0,2.0,100.0,6.25
87.0,20.0,0.0,2.0,100.0,4.7619047
88.0,40.0,0.0,2.0,100.0,5.263158
89.0,49.0,0.0,2.0,100.0,5.882353
90.0,0.0,0.0,2.0,100.0,100.0
91.0,0.5,0.0,2.0,100.0,33.333332
92.0,1.0,0.0,2.0,100.0,33.333332
93.0,2.0,0.0,2.0,100.0,11.111111
94.0,3.0,0.0,2.0,100.0,20.0
95.0,5.0,0.0,2.0,100.0,12.5
96.0,10.0,0.0,2.0,100.0,5.882353
97.0,20.0,0.0,2.0,100.0,4.347826
98.0,40.0,0.0,2.0,100.0,5.263158
99.0,49.0,0.0,2.0,100.0,5.263158
100.0,0.0,0.0,2.0,100.0,100.0
101.0,0.5,0.0,2.0,100.0,33.333332
102.0,1.0,0.0,2.0,100.0,33.333332
103.0,2.0,0.0,2.0,100.0,10.0
104.0,3.0,0.0,2.0,100.0,9.090909
105.0,5.0,0.0,2.0,100.0,7.6923075
106.0,10.0,0.0,2.0,100.0,14.285714
107.0,20.0,0.0,2.0,100.0,5.882353
108.0,40.0,0.0,2.0,100.0,5.882353
109.0,49.0,0.0,2.0,100.0,5.263158
110.0,0.0,0.0,2.0,100.0,100.0
111.0,0.5,0.0,2.0,100.0,33.333332
112.0,1.0,0.0,2.0,100.0,33.333332
113.0,2.0,0.0,2.0,100.0,20.0
114.0,3.0,0.0,2.0,100.0,12.5
115.0,5.0,0.0,2.0,100.0,6.25
116.0,10.0,0.0,2.0,100.0,9.090909
117.0,20.0,0.0,2.0,100.0,5.5555553
118.0,40.0,0.0,2.0,100.0,4.7619047
119.0,49.0,0.0,2.0,100.0,5.263158
120.0,0.0,0.0,2.0,100.0,100.0
121.0,0.5,0.0,2.0,100.0,100.0
122.0,1.0,0.0,2.0,100.0,20.0
123.0,2.0,0.0,2.0,100.0,14.285714
124.0,3.0,0.0,2.0,100.0,33.333332
125.0,5.0,0.0,2.0,100.0,7.6923075
126.0,10.0,0.0,2.0,100.0,8.333333
127.0,20.0,0.0,2.0,100.0,4.347826
128.0,40.0,0.0,2.0,100.0,4.7619047
129.0,49.0,0.0,2.0,100.0,5.882353
130.0,0.0,0.0,2.0,100.0,100.0
131.0,0.5,0.0,2.0,100.0,100.0
132.0,1.0,0.0,2.0,100.0,25.0
133.0,2.0,0.0,2.0,100.0,10.0
134.0,3.0,0.0,2.0,100.0,12.5
135.0,5.0,0.0,2.0,100.0,16.666666
136.0,10.0,0.0,2.0,100.0,11.111111
137.0,20.0,0.0,2.0,100.0,7.6923075
138.0,40.0,0.0,2.0,100.0,4.7619047
139.0,49.0,0.0,2.0,100.0,5.263158
140.0,0.0,0.0,2.0,100.0,100.0
141.0,0.5,0.0,2.0,100.0,33.333332
142.0,1.0,0.0,2.0,100.0,16.666666
143.0,2.0,0.0,2.0,100.0,25.0
144.0,3.0,0.0,2.0,100.0,7.142857
145.0,5.0,0.0,2.0,100.0,11.111111
146.0,10.0,0.0,2.0,100.0,9.090909
147.0,20.0,0.0,2.0,100.0,5.0
148.0,40.0,0.0,2.0,100.0,5.263158
149.0,49.0,0.0,2.0,100.0,6.6666665
150.0,0.0,0.0,2.0,100.0,100.0
151.0,0.5,0.0,2.0,100.0,33.333332
152.0,1.0,0.0,2.0,100.0,100.0
153.0,2.0,0.0,2.0,100.0,20.0
154.0,3.0,0.0,2.0,100.0,7.142857
155.0,5.0,0.0,2.0,100.0,10.0
156.0,10.0,0.0,2.0,100.0,9.090909
157.0,20.0,0.0,2.0,100.0,5.263158
158.0,40.0,0.0,2.0,100.0,4.347826
159.0,49.0,0.0,2.0,100.0,6.6666665
160.0,0.0,0.0,2.0,100.0,100.0
161.0,0.5,0.0,2.0,100.0,20.0
162.0,1.0,0.0,2.0,100.0,100.0
163.0,2.0,0.0,2.0,100.0,33.333332
164.0,3.0,0.0,2.0,100.0,6.6666665
165.0,5.0,0.0,2.0,100.0,10.0
166.0,10.0,0.0,2.0,100.0,5.882353
167.0,20.0,0.0,2.0,100.0,5.263158
168.0,40.0,0.0,2.0,100.0,6.6666665
169.0,49.0,0.0,2.0,100.0,4.7619047
170.0,0.0,0.0,2.0,100.0,100.0
171.0,0.5,0.0,2.0,100.0,11.111111
172.0,1.0,0.0,2.0,100.0,33.333332
173.0,2.0,0.0,2.0,100.0,33.333332
174.0,3.0,0.0,2.0,100.0,4.7619047
175.0,5.0,0.0,2.0,100.0,16.666666
176.0,10.0,0.0,2.0,100.0,14.285714
177.0,20.0,0.0,2.0,100.0,5.263158
178.0,40.0,0.0,2.0,100.0,4.0
179.0,49.0,0.0,2.0,100.0,5.882353
180.0,0.0,0.0,2.0,100.0,100.0
181.0,0.5,0.0,2.0,100.0,100.0
182.0,1.0,0.0,2.0,100.0,33.333332
183.0,2.0,0.0,2.0,100.0,10.0
184.0,3.0,0.0,2.0,100.0,33.333332
185.0,5.0,0.0,2.0,100.0,33.333332
186.0,10.0,0.0,2.0,100.0,6.25
187.0,20.0,0.0,2.0,100.0,4.0
188.0,40.0,0.0,2.0,100.0,5.263158
189.0,49.0,0.0,2.0,100.0,5.263158
190.0,0.0,0.0,2.0,100.0,100.0
191.0,0.5,0.0,2.0,100.0,100.0
192.0,1.0,0.0,2.0,100.0,11.111111
193.0,2.0,0.0,2.0,100.0,33.333332
194.0,3.0,0.0,2.0,100.0,11.111111
195.0,5.0,0.0,2.0,100.0,7.6923075
196.0,10.0,0.0,2.0,100.0,4.5454545
197.0,20.0,0.0,2.0,100.0,7.6923075
198.0,40.0,0.0,2.0,100.0,6.6666665
199.0,49.0,0.0,2.0,100.0,4.0
200.0,0.0,0.0,2.0,100.0,100.0
201.0,0.5,0.0,2.0,100.0,100.0
202.0,1.0,0.0,2.0,100.0,33.333332
203.0,2.0,0.0,2.0,100.0,20.0
204.0,3.0,0.0,2.0,100.0,16.666666
205.0,5.0,0.0,2.0,100.0,10.0
206.0,10.0,0.0,2.0,100.0,6.6666665
207.0,20.0,0.0,2.0,100.0,9.090909
208.0,40.0,0.0,2.0,100.0,5.263158
209.0,49.0,0.0,2.0,100.0,4.7619047
210.0,0.0,0.0,2.0,100.0,100.0
211.0,0.5,0.0,2.0,100.0,5.882353
212.0,1.0,0.0,2.0,100.0,33.333332
213.0,2.0,0.0,2.0,100.0,7.6923075
214.0,3.0,0.0,2.0,100.0,6.25
215.0,5.0,0.0,2.0,100.0,11.111111
216.0,10.0,0.0,2.0,100.0,7.142857
217.0,20.0,0.0,2.0,100.0,6.6666665
218.0,40.0,0.0,2.0,100.0,5.263158
219.0,49.0,0.0,2.0,100.0,5.882353
220.0,0.0,0.0,2.0,100.0,100.0
221.0,0.5,0.0,2.0,100.0,33.333332
222.0,1.0,0.0,2.0,100.0,33.333332
223.0,2.0,0.0,2.0,100.0,9.090909
224.0,3.0,0.0,2.0,100.0,33.333332
225.0,5.0,0.0,2.0,100.0,7.6923075
226.0,10.0,0.0,2.0,100.0,5.882353
227.0,20.0,0.0,2.0,100.0,5.0
228.0,40.0,0.0,2.0,100.0,5.882353
229.0,49.0,0.0,2.0,100.0,5.263158
230.0,0.0,0.0,2.0,100.0,100.0
231.0,0.5,0.0,2.0,100.0,100.0
232.0,1.0,0.0,2.0,100.0,100.0
233.0,2.0,0.0,2.0,100.0,33.333332
234.0,3.0,0.0,2.0,100.0,16.666666
235.0,5.0,0.0,2.0,100.0,8.333333
236.0,10.0,0.0,2.0,100.0,8.333333
237.0,20.0,0.0,2.0,100.0,5.882353
238.0,40.0,0.0,2.0,100.0,5.263158
239.0,49.0,0.0,2.0,100.0,5.263158
240.0,0.0,0.0,2.0,100.0,100.0
241.0,0.5,0.0,2.0,100.0,33.333332
242.0,1.0,0.0,2.0,100.0,33.333332
243.0,2.0,0.0,2.0,100.0,33.333332
244.0,3.0,0.0,2.0,100.0,14.285714
245.0,5.0,0.0,2.0,100.0,14.285714
246.0,10.0,0.0,2.0,100.0,14.285714
247.0,20.0,0.0,2.0,100.0,6.6666665
248.0,40.0,0.0,2.0,100.0,4.7619047
249.0,49.0,0.0,2.0,100.0,4.7619047
250.0,0.0,0.0,2.0,100.0,100.0
251.0,0.5,0.0,2.0,100.0,100.0
252.0,1.0,0.0,2.0,100.0,100.0
253.0,2.0,0.0,2.0,100.0,25.0
254.0,3.0,0.0,2.0,100.0,10.0
255.0,5.0,0.0,2.0,100.0,6.6666665
256.0,10.0,0.0,2.0,100.0,5.882353
257.0,20.0,0.0,2.0,100.0,5.263158
258.0,40.0,0.0,2.0,100.0,4.7619047
259.0,49.0,0.0,2.0,100.0,7.6923075
260.0,0.0,0.0,2.0,100.0,100.0
261.0,0.5,0.0,2.0,100.0,100.0
262.0,1.0,0.0,2.0,100.0,100.0
263.0,2.0,0.0,2.0,100.0,16.666666
264.0,3.0,0.0,2.0,100.0,16.666666
265.0,5.0,0.0,2.0,100.0,9.090909
266.0,10.0,0.0,2.0,100.0,6.6666665
267.0,20.0,0.0,2.0,100.0,4.7619047
268.0,40.0,0.0,2.0,100.0,5.882353
269.0,49.0,0.0,2.0,100.0,4.7619047
270.0,0.0,0.0,2.0,100.0,100.0
271.0,0.5,0.0,2.0,100.0,33.333332
272.0,1.0,0.0,2.0,100.0,50.0
273.0,2.0,0.0,2.0,100.0,33.333332
274.0,3.0,0.0,2.0,100.0,25.0
275.0,5.0,0.0,2.0,100.0,6.6666665
276.0,10.0,0.0,2.0,100.0,5.882353
277.0,20.0,0.0,2.0,100.0,4.7619047
278.0,40.0,0.0,2.0,100.0,5.263158
279.0,49.0,0.0,2.0,100.0,5.263158
280.0,0.0,0.0,2.0,100.0,100.0
281.0,0.5,0.0,2.0,100.0,100.0
282.0,1.0,0.0,2.0,100.0,33.333332
283.0,2.0,0.0,2.0,100.0,33.333332
284.0,3.0,0.0,2.0,100.0,20.0
285.0,5.0,0.0,2.0,100.0,12.5
286.0,10.0,0.0,2.0,100.0,10.0
287.0,20.0,0.0,2.0,100.0,4.7619047
288.0,40.0,0.0,2.0,100.0,4.5454545
289.0,49.0,0.0,2.0,100.0,4.347826
290.0,0.0,0.0,2.0,100.0,100.0
291.0,0.5,0.0,2.0,100.0,33.333332
292.0,1.0,0.0,2.0,100.0,33.333332
293.0,2.0,0.0,2.0,100.0,5.882353
294.0,3.0,0.0,2.0,100.0,16.666666
295.0,5.0,0.0,2.0,100.0,16.666666
296.0,10.0,0.0,2.0,100.0,4.347826
297.0,20.0,0.0,2.0,100.0,4.7619047
298.0,40.0,0.0,2.0,100.0,4.0
299.0,49.0,0.0,2.0,100.0,5.263158
300.0,0.0,0.0,2.0,100.0,100.0
301.0,0.5,0.0,2.0,100.0,33.333332
302.0,1.0,0.0,2.0,100.0,50.0
303.0,2.0,0.0,2.0,100.0,33.333332
304.0,3.0,0.0,2.0,100.0,25.0
305.0,5.0,0.0,2.0,100.0,7.6923075
306.0,10.0,0.0,2.0,100.0,6.25
307.0,20.0,0.0,2.0,100.0,3.8461537
308.0,40.0,0.0,2.0,100.0,4.0
309.0,49.0,0.0,2.0,100.0,5.263158
310.0,0.0,0.0,2.0,100.0,100.0
311.0,0.5,0.0,2.0,100.0,33.333332
312.0,1.0,0.0,2.0,100.0,33.333332
313.0,2.0,0.0,2.0,100.0,33.333332
314.0,3.0,0.0,2.0,100.0,33.333332
315.0,5.0,0.0,2.0,100.0,12.5
316.0,10.0,0.0,2.0,100.0,9.090909
317.0,20.0,0.0,2.0,100.0,5.882353
318.0,40.0,0.0,2.0,100.0,4.7619047
319.0,49.0,0.0,2.0,100.0,5.263158
320.0,0.0,0.0,2.0,100.0,100.0
321.0,0.5,0.0,2.0,100.0,33.333332
322.0,1.0,0.0,2.0,100.0,25.0
323.0,2.0,0.0,2.0,100.0,20.0
324.0,3.0,0.0,2.0,100.0,33.333332
325.0,5.0,0.0,2.0,100.0,7.6923075
326.0,10.0,0.0,2.0,100.0,9.090909
327.0,20.0,0.0,2.0,100.0,4.7619047
328.0,40.0,0.0,2.0,100.0,6.6666665
329.0,49.0,0.0,2.0,100.0,4.7619047
330.0,0.0,0.0,2.0,100.0,100.0
331.0,0.5,0.0,2.0,100.0,33.333332
332.0,1.0,0.0,2.0,100.0,33.333332
333.0,2.0,0.0,2.0,100.0,100.0
334.0,3.0,0.0,2.0,100.0,25.0
335.0,5.0,0.0,2.0,100.0,5.882353
336.0,10.0,0.0,2.0,100.0,6.25
337.0,20.0,0.0,2.0,100.0,5.882353
338.0,40.0,0.0,2.0,100.0,5.882353
339.0,49.0,0.0,2.0,100.0,4.7619047
340.0,0.0,0.0,2.0,100.0,100.0
341.0,0.5,0.0,2.0,100.0,33.333332
342.0,1.0,0.0,2.0,100.0,33.333332
343.0,2.0,0.0,2.0,100.0,5.5555553
344.0,3.0,0.0,2.0,100.0,33.333332
345.0,5.0,0.0,2.0,100.0,9.090909
346.0,10.0,0.0,2.0,100.0,6.25
347.0,20.0,0.0,2.0,100.0,6.25
348.0,40.0,0.0,2.0,100.0,4.5454545
349.0,49.0,0.0,2.0,100.0,4.347826
350.0,0.0,0.0,2.0,100.0,100.0
351.0,0.5,0.0,2.0,100.0,33.333332
352.0,1.0,0.0,2.0,100.0,50.0
353.0,2.0,0.0,2.0,100.0,16.666666
354.0,3.0,0.0,2.0,100.0,12.5
355.0,5.0,0.0,2.0,100.0,10.0
356.0,10.0,0.0,2.0,100.0,5.263158
357.0,20.0,0.0,2.0,100.0,5.263158
358.0,40.0,0.0,2.0,100.0,4.7619047
359.0,49.0,0.0,2.0,100.0,5.882353
360.0,0.0,0.0,2.0,100.0,20.0
361.0,0.5,0.0,2.0,100.0,33.333332
362.0,1.0,0.0,2.0,100.0,100.0
363.0,2.0,0.0,2.0,100.0,20.0
364.0,3.0,0.0,2.0,100.0,25.0
365.0,5.0,0.0,2.0,100.0,11.111111
366.0,10.0,0.0,2.0,100.0,6.6666665
367.0,20.0,0.0,2.0,100.0,5.0
368.0,40.0,0.0,2.0,100.0,4.0
369.0,49.0,0.0,2.0,100.0,4.347826
370.0,0.0,0.0,2.0,100.0,100.0
371.0,0.5,0.0,2.0,100.0,33.333332
372.0,1.0,0.0,2.0,100.0,33.333332
373.0,2.0,0.0,2.0,100.0,33.333332
374.0,3.0,0.0,2.0,100.0,25.0
375.0,5.0,0.0,2.0,100.0,11.111111
376.0,10.0,0.0,2.0,100.0,8.333333
377.0,20.0,0.0,2.0,100.0,5.263158
378.0,40.0,0.0,2.0,100.0,5.0
379.0,49.0,0.0,2.0,100.0,4.347826
380.0,0.0,0.0,2.0,100.0,100.0
381.0,0.5,0.0,2.0,100.0,100.0
382.0,1.0,0.0,2.0,100.0,50.0
383.0,2.0,0.0,2.0,100.0,20.0
384.0,3.0,0.0,2.0,100.0,9.090909
385.0,5.0,0.0,2.0,100.0,25.0
386.0,10.0,0.0,2.0,100.0,4.0
387.0,20.0,0.0,2.0,100.0,5.263158
388.0,40.0,0.0,2.0,100.0,7.6923075
389.0,49.0,0.0,2.0,100.0,4.347826
390.0,0.0,0.0,2.0,100.0,100.0
391.0,0.5,0.0,2.0,100.0,100.0
392.0,1.0,0.0,2.0,100.0,20.0
393.0,2.0,0.0,2.0,100.0,25.0
394.0,3.0,0.0,2.0,100.0,16.666666
395.0,5.0,0.0,2.0,100.0,10.0
396.0,10.0,0.0,2.0,100.0,5.0
397.0,20.0,0.0,2.0,100.0,4.7619047
398.0,40.0,0.0,2.0,100.0,4.0
399.0,49.0,0.0,2.0,100.0,4.7619047
400.0,0.0,0.0,2.0,100.0,100.0
401.0,0.5,0.0,2.0,100.0,33.333332
402.0,1.0,0.0,2.0,100.0,8.333333
403.0,2.0,0.0,2.0,100.0,11.111111
404.0,3.0,0.0,2.0,100.0,6.25
405.0,5.0,0.0,2.0,100.0,9.090909
406.0,10.0,0.0,2.0,100.0,8.333333
407.0,20.0,0.0,2.0,100.0,5.263158
408.0,40.0,0.0,2.0,100.0,5.263158
409.0,49.0,0.0,2.0,100.0,5.882353
410.0,0.0,0.0,2.0,100.0,100.0
411.0,0.5,0.0,2.0,100.0,33.333332
412.0,1.0,0.0,2.0,100.0,100.0
413.0,2.0,0.0,2.0,100.0,100.0
414.0,3.0,0.0,2.0,100.0,7.142857
415.0,5.0,0.0,2.0,100.0,11.111111
416.0,10.0,0.0,2.0,100.0,9.090909
417.0,20.0,0.0,2.0,100.0,5.263158
418.0,40.0,0.0,2.0,100.0,5.263158
419.0,49.0,0.0,2.0,100.0,7.6923075
420.0,0.0,0.0,2.0,100.0,100.0
421.0,0.5,0.0,2.0,100.0,33.333332
422.0,1.0,0.0,2.0,100.0,100.0
423.0,2.0,0.0,2.0,100.0,8.333333
424.0,3.0,0.0,2.0,100.0,25.0
425.0,5.0,0.0,2.0,100.0,14.285714
426.0,10.0,0.0,2.0,100.0,8.333333
427.0,20.0,0.0,2.0,100.0,5.5555553
428.0,40.0,0.0,2.0,100.0,5.263158
429.0,49.0,0.0,2.0,100.0,6.6666665
430.0,0.0,0.0,2.0,100.0,5.882353
431.0,0.5,0.0,2.0,100.0,33.333332
432.0,1.0,0.0,2.0,100.0,16.666666
433.0,2.0,0.0,2.0,100.0,33.333332
434.0,3.0,0.0,2.0,100.0,33.333332
435.0,5.0,0.0,2.0,100.0,7.6923075
436.0,10.0,0.0,2.0,100.0,6.6666665
437.0,20.0,0.0,2.0,100.0,4.7619047
438.0,40.0,0.0,2.0,100.0,4.7619047
439.0,49.0,0.0,2.0,100.0,5.882353
440.0,0.0,0.0,2.0,100.0,100.0
441.0,0.5,0.0,2.0,100.0,100.0
442.0,1.0,0.0,2.0,100.0,7.6923075
443.0,2.0,0.0,2.0,100.0,20.0
444.0,3.0,0.0,2.0,100.0,33.333332
445.0,5.0,0.0,2.0,100.0,20.0
446.0,10.0,0.0,2.0,100.0,5.263158
447.0,20.0,0.0,2.0,100.0,4.7619047
448.0,40.0,0.0,2.0,100.0,5.263158
449.0,49.0,0.0,2.0,100.0,4.7619047
450.0,0.0,0.0,2.0,100.0,100.0
451.0,0.5,0.0,2.0,100.0,33.333332
452.0,1.0,0.0,2.0,100.0,100.0
453.0,2.0,0.0,2.0,100.0,6.6666665
454.0,3.0,0.0,2.0,100.0,33.333332
455.0,5.0,0.0,2.0,100.0,10.0
456.0,10.0,0.0,2.0,100.0,8.333333
457.0,20.0,0.0,2.0,100.0,4.7619047
458.0,40.0,0.0,2.0,100.0,4.7619047
459.0,49.0,0.0,2.0,100.0,4.0
460.0,0.0,0.0,2.0,100.0,100.0
461.0,0.5,0.0,2.0,100.0,100.0
462.0,1.0,0.0,2.0,100.0,100.0
463.0,2.0,0.0,2.0,100.0,5.5555553
464.0,3.0,0.0,2.0,100.0,8.333333
465.0,5.0,0.0,2.0,100.0,11.111111
466.0,10.0,0.0,2.0,100.0,11.111111
467.0,20.0,0.0,2.0,100.0,5.882353
468.0,40.0,0.0,2.0,100.0,5.882353
469.0,49.0,0.0,2.0,100.0,5.882353
470.0,0.0,0.0,2.0,100.0,100.0
471.0,0.5,0.0,2.0,100.0,33.333332
472.0,1.0,0.0,2.0,100.0,33.333332
473.0,2.0,0.0,2.0,100.0,20.0
474.0,3.0,0.0,2.0,100.0,33.333332
475.0,5.0,0.0,2.0,100.0,11.111111
476.0,10.0,0.0,2.0,100.0,10.0
477.0,20.0,0.0,2.0,100.0,5.263158
478.0,40.0,0.0,2.0,100.0,5.5555553
479.0,49.0,0.0,2.0,100.0,5.263158
480.0,0.0,0.0,2.0,100.0,100.0
481.0,0.5,0.0,2.0,100.0,100.0
482.0,1.0,0.0,2.0,100.0,20.0
483.0,2.0,0.0,2.0,100.0,33.333332
484.0,3.0,0.0,2.0,100.0,7.6923075
485.0,5.0,0.0,2.0,100.0,6.25
486.0,10.0,0.0,2.0,100.0,5.882353
487.0,20.0,0.0,2.0,100.0,6.25
488.0,40.0,0.0,2.0,100.0,5.882353
489.0,49.0,0.0,2.0,100.0,4.347826
490.0,0.0,0.0,2.0,100.0,100.0
491.0,0.5,0.0,2.0,100.0,4.5454545
492.0,1.0,0.0,2.0,100.0,10.0
493.0,2.0,0.0,2.0,100.0,20.0
494.0,3.0,0.0,2.0,100.0,14.285714
495.0,5.0,0.0,2.0,100.0,6.25
496.0,10.0,0.0,2.0,100.0,11.111111
497.0,20.0,0.0,2.0,100.0,5.263158
498.0,40.0,0.0,2.0,100.0,5.263158
499.0,49.0,0.0,2.0,100.0,4.0
500.0,0.0,10.0,2.0,100.0,100.0
501.0,0.5,10.0,2.0,100.0,100.0
502.0,1.0,10.0,2.0,100.0,6.6666665
503.0,2.0,10.0,2.0,100.0,100.0
504.0,3.0,10.0,2.0,100.0,12.5
505.0,5.0,10.0,2.0,100.0,6.6666665
506.0,10.0,10.0,2.0,100.0,5.5555553
507.0,20.0,10.0,2.0,100.0,5.263158
508.0,40.0,10.0,2.0,100.0,4.347826
509.0,49.0,10.0,2.0,100.0,4.7619047
510.0,0.0,10.0,2.0,100.0,100.0
511.0,0.5,10.0,2.0,100.0,100.0
512.0,1.0,10.0,2.0,100.0,50.0
513.0,2.0,10.0,2.0,100.0,33.333332
514.0,3.0,10.0,2.0,100.0,25.0
515.0,5.0,10.0,2.0,100.0,33.333332
516.0,10.0,10.0,2.0,100.0,6.6666665
517.0,20.0,10.0,2.0,100.0,5.263158
518.0,40.0,10.0,2.0,100.0,5.263158
519.0,49.0,10.0,2.0,100.0,4.7619047
520.0,0.0,10.0,2.0,100.0,100.0
521.0,0.5,10.0,2.0,100.0,100.0
522.0,1.0,10.0,2.0,100.0,50.0
523.0,2.0,10.0,2.0,100.0,16.666666
524.0,3.0,10.0,2.0,100.0,33.333332
525.0,5.0,10.0,2.0,100.0,9.090909
526.0,10.0,10.0,2.0,100.0,5.5555553
527.0,20.0,10.0,2.0,100.0,4.347826
528.0,40.0,10.0,2.0,100.0,5.263158
529.0,49.0,10.0,2.0,100.0,7.6923075
530.0,0.0,10.0,2.0,100.0,100.0
531.0,0.5,10.0,2.0,100.0,33.333332
532.0,1.0,10.0,2.0,100.0,7.142857
533.0,2.0,10.0,2.0,100.0,6.6666665
534.0,3.0,10.0,2.0,100.0,25.0
535.0,5.0,10.0,2.0,100.0,25.0
536.0,10.0,10.0,2.0,100.0,6.6666665
537.0,20.0,10.0,2.0,100.0,4.7619047
538.0,40.0,10.0,2.0,100.0,4.347826
539.0,49.0,10.0,2.0,100.0,5.263158
540.0,0.0,10.0,2.0,100.0,5.882353
541.0,0.5,10.0,2.0,100.0,100.0
542.0,1.0,10.0,2.0,100.0,11.111111
543.0,2.0,10.0,2.0,100.0,33.333332
544.0,3.0,10.0,2.0,100.0,12.5
545.0,5.0,10.0,2.0,100.0,4.7619047
546.0,10.0,10.0,2.0,100.0,5.882353
547.0,20.0,10.0,2.0,100.0,6.6666665
548.0,40.0,10.0,2.0,100.0,4.0
549.0,49.0,10.0,2.0,100.0,6.6666665
550.0,0.0,10.0,2.0,100.0,100.0
551.0,0.5,10.0,2.0,100.0,33.333332
552.0,1.0,10.0,2.0,100.0,25.0
553.0,2.0,10.0,2.0,100.0,33.333332
554.0,3.0,10.0,2.0,100.0,33.333332
555.0,5.0,10.0,2.0,100.0,16.666666
556.0,10.0,10.0,2.0,100.0,6.6666665
557.0,20.0,10.0,2.0,100.0,4.7619047
558.0,40.0,10.0,2.0,100.0,5.263158
559.0,49.0,10.0,2.0,100.0,4.347826
560.0,0.0,10.0,2.0,100.0,100.0
561.0,0.5,10.0,2.0,100.0,100.0
562.0,1.0,10.0,2.0,100.0,33.333332
563.0,2.0,10.0,2.0,100.0,16.666666
564.0,3.0,10.0,2.0,100.0,11.111111
565.0,5.0,10.0,2.0,100.0,20.0
566.0,10.0,10.0,2.0,100.0,7.6923075
567.0,20.0,10.0,2.0,100.0,5.0
568.0,40.0,10.0,2.0,100.0,5.5555553
569.0,49.0,10.0,2.0,100.0,4.7619047
570.0,0.0,10.0,2.0,100.0,100.0
571.0,0.5,10.0,2.0,100.0,20.0
572.0,1.0,10.0,2.0,100.0,33.333332
573.0,2.0,10.0,2.0,100.0,33.333332
574.0,3.0,10.0,2.0,100.0,16.666666
575.0,5.0,10.0,2.0,100.0,50.0
576.0,10.0,10.0,2.0,100.0,4.7619047
577.0,20.0,10.0,2.0,100.0,7.142857
578.0,40.0,10.0,2.0,100.0,4.5454545
579.0,49.0,10.0,2.0,100.0,5.882353
580.0,0.0,10.0,2.0,100.0,100.0
581.0,0.5,10.0,2.0,100.0,33.333332
582.0,1.0,10.0,2.0,100.0,12.5
583.0,2.0,10.0,2.0,100.0,25.0
584.0,3.0,10.0,2.0,100.0,14.285714
585.0,5.0,10.0,2.0,100.0,7.142857
586.0,10.0,10.0,2.0,100.0,4.7619047
587.0,20.0,10.0,2.0,100.0,5.882353
588.0,40.0,10.0,2.0,100.0,5.882353
589.0,49.0,10.0,2.0,100.0,4.7619047
590.0,0.0,10.0,2.0,100.0,100.0
591.0,0.5,10.0,2.0,100.0,100.0
592.0,1.0,10.0,2.0,100.0,25.0
593.0,2.0,10.0,2.0,100.0,9.090909
594.0,3.0,10.0,2.0,100.0,25.0
595.0,5.0,10.0,2.0,100.0,5.882353
596.0,10.0,10.0,2.0,100.0,6.25
597.0,20.0,10.0,2.0,100.0,5.882353
598.0,40.0,10.0,2.0,100.0,4.347826
599.0,49.0,10.0,2.0,100.0,4.7619047
600.0,0.0,10.0,2.0,100.0,100.0
601.0,0.5,10.0,2.0,100.0,100.0
602.0,1.0,10.0,2.0,100.0,25.0
603.0,2.0,10.0,2.0,100.0,25.0
604.0,3.0,10.0,2.0,100.0,10.0
605.0,5.0,10.0,2.0,100.0,33.333332
606.0,10.0,10.0,2.0,100.0,7.142857
607.0,20.0,10.0,2.0,100.0,5.882353
608.0,40.0,10.0,2.0,100.0,5.263158
609.0,49.0,10.0,2.0,100.0,3.7037036
610.0,0.0,10.0,2.0,100.0,100.0
611.0,0.5,10.0,2.0,100.0,100.0
612.0,1.0,10.0,2.0,100.0,9.090909
613.0,2.0,10.0,2.0,100.0,33.333332
614.0,3.0,10.0,2.0,100.0,8.333333
615.0,5.0,10.0,2.0,100.0,5.882353
616.0,10.0,10.0,2.0,100.0,9.090909
617.0,20.0,10.0,2.0,100.0,7.6923075
618.0,40.0,10.0,2.0,100.0,5.882353
619.0,49.0,10.0,2.0,100.0,4.347826
620.0,0.0,10.0,2.0,100.0,20.0
621.0,0.5,10.0,2.0,100.0,8.333333
622.0,1.0,10.0,2.0,100.0,33.333332
623.0,2.0,10.0,2.0,100.0,100.0
624.0,3.0,10.0,2.0,100.0,5.882353
625.0,5.0,10.0,2.0,100.0,20.0
626.0,10.0,10.0,2.0,100.0,6.6666665
627.0,20.0,10.0,2.0,100.0,5.882353
628.0,40.0,10.0,2.0,100.0,4.5454545
629.0,49.0,10.0,2.0,100.0,4.347826
630.0,0.0,10.0,2.0,100.0,100.0
631.0,0.5,10.0,2.0,100.0,33.333332
632.0,1.0,10.0,2.0,100.0,33.333332
633.0,2.0,10.0,2.0,100.0,5.882353
634.0,3.0,10.0,2.0,100.0,33.333332
635.0,5.0,10.0,2.0,100.0,11.111111
636.0,10.0,10.0,2.0,100.0,8.333333
637.0,20.0,10.0,2.0,100.0,6.25
638.0,40.0,10.0,2.0,100.0,4.347826
639.0,49.0,10.0,2.0,100.0,5.263158
640.0,0.0,10.0,2.0,100.0,100.0
641.0,0.5,10.0,2.0,100.0,25.0
642.0,1.0,10.0,2.0,100.0,4.7619047
643.0,2.0,10.0,2.0,100.0,20.0
644.0,3.0,10.0,2.0,100.0,25.0
645.0,5.0,10.0,2.0,100.0,20.0
646.0,10.0,10.0,2.0,100.0,7.142857
647.0,20.0,10.0,2.0,100.0,5.5555553
648.0,40.0,10.0,2.0,100.0,5.263158
649.0,49.0,10.0,2.0,100.0,5.263158
650.0,0.0,10.0,2.0,100.0,100.0
651.0,0.5,10.0,2.0,100.0,5.5555553
652.0,1.0,10.0,2.0,100.0,100.0
653.0,2.0,10.0,2.0,100.0,16.666666
654.0,3.0,10.0,2.0,100.0,33.333332
655.0,5.0,10.0,2.0,100.0,8.333333
656.0,10.0,10.0,2.0,100.0,6.6666665
657.0,20.0,10.0,2.0,100.0,6.6666665
658.0,40.0,10.0,2.0,100.0,5.882353
659.0,49.0,10.0,2.0,100.0,4.7619047
660.0,0.0,10.0,2.0,100.0,100.0
661.0,0.5,10.0,2.0,100.0,33.333332
662.0,1.0,10.0,2.0,100.0,33.333332
663.0,2.0,10.0,2.0,100.0,25.0
664.0,3.0,10.0,2.0,100.0,16.666666
665.0,5.0,10.0,2.0,100.0,5.263158
666.0,10.0,10.0,2.0,100.0,7.142857
667.0,20.0,10.0,2.0,100.0,5.5555553
668.0,40.0,10.0,2.0,100.0,5.263158
669.0,49.0,10.0,2.0,100.0,4.347826
670.0,0.0,10.0,2.0,100.0,100.0
671.0,0.5,10.0,2.0,100.0,33.333332
672.0,1.0,10.0,2.0,100.0,7.6923075
673.0,2.0,10.0,2.0,100.0,25.0
674.0,3.0,10.0,2.0,100.0,16.666666
675.0,5.0,10.0,2.0,100.0,25.0
676.0,10.0,10.0,2.0,100.0,5.5555553
677.0,20.0,10.0,2.0,100.0,5.263158
678.0,40.0,10.0,2.0,100.0,4.5454545
679.0,49.0,10.0,2.0,100.0,4.347826
680.0,0.0,10.0,2.0,100.0,100.0
681.0,0.5,10.0,2.0,100.0,100.0
682.0,1.0,10.0,2.0,100.0,8.333333
683.0,2.0,10.0,2.0,100.0,25.0
684.0,3.0,10.0,2.0,100.0,20.0
685.0,5.0,10.0,2.0,100.0,9.090909
686.0,10.0,10.0,2.0,100.0,7.142857
687.0,20.0,10.0,2.0,100.0,5.263158
688.0,40.0,10.0,2.0,100.0,5.263158
689.0,49.0,10.0,2.0,100.0,4.347826
690.0,0.0,10.0,2.0,100.0,100.0
691.0,0.5,10.0,2.0,100.0,20.0
692.0,1.0,10.0,2.0,100.0,33.333332
693.0,2.0,10.0,2.0,100.0,16.666666
694.0,3.0,10.0,2.0,100.0,6.25
695.0,5.0,10.0,2.0,100.0,16.666666
696.0,10.0,10.0,2.0,100.0,5.882353
697.0,20.0,10.0,2.0,100.0,5.263158
698.0,40.0,10.0,2.0,100.0,4.5454545
699.0,49.0,10.0,2.0,100.0,5.263158
700.0,0.0,10.0,2.0,100.0,100.0
701.0,0.5,10.0,2.0,100.0,100.0
702.0,1.0,10.0,2.0,100.0,33.333332
703.0,2.0,10.0,2.0,100.0,33.333332
704.0,3.0,10.0,2.0,100.0,25.0
705.0,5.0,10.0,2.0,100.0,6.6666665
706.0,10.0,10.0,2.0,100.0,5.882353
707.0,20.0,10.0,2.0,100.0,4.7619047
708.0,40.0,10.0,2.0,100.0,5.263158
709.0,49.0,10.0,2.0,100.0,4.7619047
710.0,0.0,10.0,2.0,100.0,100.0
711.0,0.5,10.0,2.0,100.0,100.0
712.0,1.0,10.0,2.0,100.0,50.0
713.0,2.0,10.0,2.0,100.0,14.285714
714.0,3.0,10.0,2.0,100.0,10.0
715.0,5.0,10.0,2.0,100.0,4.7619047
716.0,10.0,10.0,2.0,100.0,6.6666665
717.0,20.0,10.0,2.0,100.0,4.7619047
718.0,40.0,10.0,2.0,100.0,5.882353
719.0,49.0,10.0,2.0,100.0,4.7619047
720.0,0.0,10.0,2.0,100.0,100.0
721.0,0.5,10.0,2.0,100.0,100.0
722.0,1.0,10.0,2.0,100.0,25.0
723.0,2.0,10.0,2.0,100.0,12.5
724.0,3.0,10.0,2.0,100.0,10.0
725.0,5.0,10.0,2.0,100.0,5.882353
726.0,10.0,10.0,2.0,100.0,6.25
727.0,20.0,10.0,2.0,100.0,4.7619047
728.0,40.0,10.0,2.0,100.0,4.7619047
729.0,49.0,10.0,2.0,100.0,5.882353
730.0,0.0,10.0,2.0,100.0,100.0
731.0,0.5,10.0,2.0,100.0,33.333332
732.0,1.0,10.0,2.0,100.0,100.0
733.0,2.0,10.0,2.0,100.0,16.666666
734.0,3.0,10.0,2.0,100.0,5.263158
735.0,5.0,10.0,2.0,100.0,20.0
736.0,10.0,10.0,2.0,100.0,11.111111
737.0,20.0,10.0,2.0,100.0,4.7619047
738.0,40.0,10.0,2.0,100.0,4.7619047
739.0,49.0,10.0,2.0,100.0,3.4482758
740.0,0.0,10.0,2.0,100.0,100.0
741.0,0.5,10.0,2.0,100.0,100.0
742.0,1.0,10.0,2.0,100.0,33.333332
743.0,2.0,10.0,2.0,100.0,25.0
744.0,3.0,10.0,2.0,100.0,14.285714
745.0,5.0,10.0,2.0,100.0,10.0
746.0,10.0,10.0,2.0,100.0,5.5555553
747.0,20.0,10.0,2.0,100.0,4.347826
748.0,40.0,10.0,2.0,100.0,4.7619047
749.0,49.0,10.0,2.0,100.0,4.7619047
750.0,0.0,10.0,2.0,100.0,100.0
751.0,0.5,10.0,2.0,100.0,100.0
752.0,1.0,10.0,2.0,100.0,33.333332
753.0,2.0,10.0,2.0,100.0,33.333332
754.0,3.0,10.0,2.0,100.0,14.285714
755.0,5.0,10.0,2.0,100.0,12.5
756.0,10.0,10.0,2.0,100.0,7.6923075
757.0,20.0,10.0,2.0,100.0,4.7619047
758.0,40.0,10.0,2.0,100.0,4.347826
759.0,49.0,10.0,2.0,100.0,3.7037036
760.0,0.0,10.0,2.0,100.0,100.0
761.0,0.5,10.0,2.0,100.0,100.0
762.0,1.0,10.0,2.0,100.0,33.333332
763.0,2.0,10.0,2.0,100.0,50.0
764.0,3.0,10.0,2.0,100.0,33.333332
765.0,5.0,10.0,2.0,100.0,5.263158
766.0,10.0,10.0,2.0,100.0,5.263158
767.0,20.0,10.0,2.0,100.0,5.5555553
768.0,40.0,10.0,2.0,100.0,5.263158
769.0,49.0,10.0,2.0,100.0,5.263158
770.0,0.0,10.0,2.0,100.0,20.0
771.0,0.5,10.0,2.0,100.0,100.0
772.0,1.0,10.0,2.0,100.0,33.333332
773.0,2.0,10.0,2.0,100.0,33.333332
774.0,3.0,10.0,2.0,100.0,20.0
775.0,5.0,10.0,2.0,100.0,7.142857
776.0,10.0,10.0,2.0,100.0,14.285714
777.0,20.0,10.0,2.0,100.0,5.882353
778.0,40.0,10.0,2.0,100.0,5.263158
779.0,49.0,10.0,2.0,100.0,4.0
780.0,0.0,10.0,2.0,100.0,100.0
781.0,0.5,10.0,2.0,100.0,100.0
782.0,1.0,10.0,2.0,100.0,33.333332
783.0,2.0,10.0,2.0,100.0,20.0
784.0,3.0,10.0,2.0,100.0,10.0
785.0,5.0,10.0,2.0,100.0,6.25
786.0,10.0,10.0,2.0,100.0,5.882353
787.0,20.0,10.0,2.0,100.0,5.5555553
788.0,40.0,10.0,2.0,100.0,4.7619047
789.0,49.0,10.0,2.0,100.0,5.263158
790.0,0.0,10.0,2.0,100.0,100.0
791.0,0.5,10.0,2.0,100.0,33.333332
792.0,1.0,10.0,2.0,100.0,25.0
793.0,2.0,10.0,2.0,100.0,14.285714
794.0,3.0,10.0,2.0,100.0,7.6923075
795.0,5.0,10.0,2.0,100.0,33.333332
796.0,10.0,10.0,2.0,100.0,12.5
797.0,20.0,10.0,2.0,100.0,5.882353
798.0,40.0,10.0,2.0,100.0,4.7619047
799.0,49.0,10.0,2.0,100.0,4.7619047
800.0,0.0,10.0,2.0,100.0,100.0
801.0,0.5,10.0,2.0,100.0,100.0
802.0,1.0,10.0,2.0,100.0,100.0
803.0,2.0,10.0,2.0,100.0,100.0
804.0,3.0,10.0,2.0,100.0,20.0
805.0,5.0,10.0,2.0,100.0,6.6666665
806.0,10.0,10.0,2.0,100.0,10.0
807.0,20.0,10.0,2.0,100.0,5.263158
808.0,40.0,10.0,2.0,100.0,4.7619047
809.0,49.0,10.0,2.0,100.0,5.882353
810.0,0.0,10.0,2.0,100.0,100.0
811.0,0.5,10.0,2.0,100.0,33.333332
812.0,1.0,10.0,2.0,100.0,100.0
813.0,2.0,10.0,2.0,100.0,9.090909
814.0,3.0,10.0,2.0,100.0,20.0
815.0,5.0,10.0,2.0,100.0,16.666666
816.0,10.0,10.0,2.0,100.0,14.285714
817.0,20.0,10.0,2.0,100.0,4.7619047
818.0,40.0,10.0,2.0,100.0,4.0
819.0,49.0,10.0,2.0,100.0,4.347826
820.0,0.0,10.0,2.0,100.0,100.0
821.0,0.5,10.0,2.0,100.0,25.0
822.0,1.0,10.0,2.0,100.0,33.333332
823.0,2.0,10.0,2.0,100.0,16.666666
824.0,3.0,10.0,2.0,100.0,100.0
825.0,5.0,10.0,2.0,100.0,11.111111
826.0,10.0,10.0,2.0,100.0,5.882353
827.0,20.0,10.0,2.0,100.0,6.25
828.0,40.0,10.0,2.0,100.0,5.263158
829.0,49.0,10.0,2.0,100.0,5.5555553
830.0,0.0,10.0,2.0,100.0,100.0
831.0,0.5,10.0,2.0,100.0,33.333332
832.0,1.0,10.0,2.0,100.0,14.285714
833.0,2.0,10.0,2.0,100.0,25.0
834.0,3.0,10.0,2.0,100.0,6.25
835.0,5.0,10.0,2.0,100.0,14.285714
836.0,10.0,10.0,2.0,100.0,9.090909
837.0,20.0,10.0,2.0,100.0,5.882353
838.0,40.0,10.0,2.0,100.0,5.882353
839.0,49.0,10.0,2.0,100.0,4.7619047
840.0,0.0,10.0,2.0,100.0,100.0
841.0,0.5,10.0,2.0,100.0,100.0
842.0,1.0,10.0,2.0,100.0,5.882353
843.0,2.0,10.0,2.0,100.0,25.0
844.0,3.0,10.0,2.0,100.0,20.0
845.0,5.0,10.0,2.0,100.0,5.882353
846.0,10.0,10.0,2.0,100.0,5.0
847.0,20.0,10.0,2.0,100.0,5.263158
848.0,40.0,10.0,2.0,100.0,4.347826
849.0,49.0,10.0,2.0,100.0,4.0
850.0,0.0,10.0,2.0,100.0,100.0
851.0,0.5,10.0,2.0,100.0,33.333332
852.0,1.0,10.0,2.0,100.0,33.333332
853.0,2.0,10.0,2.0,100.0,100.0
854.0,3.0,10.0,2.0,100.0,14.285714
855.0,5.0,10.0,2.0,100.0,16.666666
856.0,10.0,10.0,2.0,100.0,8.333333
857.0,20.0,10.0,2.0,100.0,5.882353
858.0,40.0,10.0,2.0,100.0,4.7619047
859.0,49.0,10.0,2.0,100.0,4.7619047
860.0,0.0,10.0,2.0,100.0,100.0
861.0,0.5,10.0,2.0,100.0,100.0
862.0,1.0,10.0,2.0,100.0,33.333332
863.0,2.0,10.0,2.0,100.0,12.5
864.0,3.0,10.0,2.0,100.0,6.6666665
865.0,5.0,10.0,2.0,100.0,14.285714
866.0,10.0,10.0,2.0,100.0,5.882353
867.0,20.0,10.0,2.0,100.0,5.882353
868.0,40.0,10.0,2.0,100.0,4.7619047
869.0,49.0,10.0,2.0,100.0,5.263158
870.0,0.0,10.0,2.0,100.0,100.0
871.0,0.5,10.0,2.0,100.0,33.333332
872.0,1.0,10.0,2.0,100.0,33.333332
873.0,2.0,10.0,2.0,100.0,25.0
874.0,3.0,10.0,2.0,100.0,14.285714
875.0,5.0,10.0,2.0,100.0,12.5
876.0,10.0,10.0,2.0,100.0,10.0
877.0,20.0,10.0,2.0,100.0,5.5555553
878.0,40.0,10.0,2.0,100.0,4.5454545
879.0,49.0,10.0,2.0,100.0,3.8461537
880.0,0.0,10.0,2.0,100.0,100.0
881.0,0.5,10.0,2.0,100.0,100.0
882.0,1.0,10.0,2.0,100.0,33.333332
883.0,2.0,10.0,2.0,100.0,20.0
884.0,3.0,10.0,2.0,100.0,6.25
885.0,5.0,10.0,2.0,100.0,25.0
886.0,10.0,10.0,2.0,100.0,11.111111
887.0,20.0,10.0,2.0,100.0,7.142857
888.0,40.0,10.0,2.0,100.0,4.347826
889.0,49.0,10.0,2.0,100.0,4.7619047
890.0,0.0,10.0,2.0,100.0,100.0
891.0,0.5,10.0,2.0,100.0,100.0
892.0,1.0,10.0,2.0,100.0,33.333332
893.0,2.0,10.0,2.0,100.0,5.263158
894.0,3.0,10.0,2.0,100.0,7.6923075
895.0,5.0,10.0,2.0,100.0,7.6923075
896.0,10.0,10.0,2.0,100.0,5.882353
897.0,20.0,10.0,2.0,100.0,5.882353
898.0,40.0,10.0,2.0,100.0,4.347826
899.0,49.0,10.0,2.0,100.0,5.263158
900.0,0.0,10.0,2.0,100.0,100.0
901.0,0.5,10.0,2.0,100.0,33.333332
902.0,1.0,10.0,2.0,100.0,33.333332
903.0,2.0,10.0,2.0,100.0,9.090909
904.0,3.0,10.0,2.0,100.0,50.0
905.0,5.0,10.0,2.0,100.0,12.5
906.0,10.0,10.0,2.0,100.0,7.6923075
907.0,20.0,10.0,2.0,100.0,4.7619047
908.0,40.0,10.0,2.0,100.0,5.263158
909.0,49.0,10.0,2.0,100.0,3.7037036
910.0,0.0,10.0,2.0,100.0,100.0
911.0,0.5,10.0,2.0,100.0,33.333332
912.0,1.0,10.0,2.0,100.0,100.0
913.0,2.0,10.0,2.0,100.0,20.0
914.0,3.0,10.0,2.0,100.0,33.333332
915.0,5.0,10.0,2.0,100.0,10.0
916.0,10.0,10.0,2.0,100.0,8.333333
917.0,20.0,10.0,2.0,100.0,5.882353
918.0,40.0,10.0,2.0,100.0,4.7619047
919.0,49.0,10.0,2.0,100.0,5.263158
920.0,0.0,10.0,2.0,100.0,100.0
921.0,0.5,10.0,2.0,100.0,100.0
922.0,1.0,10.0,2.0,100.0,33.333332
923.0,2.0,10.0,2.0,100.0,33.333332
924.0,3.0,10.0,2.0,100.0,14.285714
925.0,5.0,10.0,2.0,100.0,11.111111
926.0,10.0,10.0,2.0,100.0,6.6666665
927.0,20.0,10.0,2.0,100.0,5.263158
928.0,40.0,10.0,2.0,100.0,4.347826
929.0,49.0,10.0,2.0,100.0,4.347826
930.0,0.0,10.0,2.0,100.0,100.0
931.0,0.5,10.0,2.0,100.0,100.0
932.0,1.0,10.0,2.0,100.0,9.090909
933.0,2.0,10.0,2.0,100.0,33.333332
934.0,3.0,10.0,2.0,100.0,14.285714
935.0,5.0,10.0,2.0,100.0,4.7619047
936.0,10.0,10.0,2.0,100.0,7.142857
937.0,20.0,10.0,2.0,100.0,6.6666665
938.0,40.0,10.0,2.0,100.0,5.263158
939.0,49.0,10.0,2.0,100.0,5.263158
940.0,0.0,10.0,2.0,100.0,100.0
941.0,0.5,10.0,2.0,100.0,33.333332
942.0,1.0,10.0,2.0,100.0,25.0
943.0,2.0,10.0,2.0,100.0,100.0
944.0,3.0,10.0,2.0,100.0,33.333332
945.0,5.0,10.0,2.0,100.0,25.0
946.0,10.0,10.0,2.0,100.0,14.285714
947.0,20.0,10.0,2.0,100.0,5.5555553
948.0,40.0,10.0,2.0,100.0,4.7619047
949.0,49.0,10.0,2.0,100.0,4.7619047
950.0,0.0,10.0,2.0,100.0,100.0
951.0,0.5,10.0,2.0,100.0,20.0
952.0,1.0,10.0,2.0,100.0,25.0
953.0,2.0,10.0,2.0,100.0,33.333332
954.0,3.0,10.0,2.0,100.0,8.333333
955.0,5.0,10.0,2.0,100.0,4.7619047
956.0,10.0,10.0,2.0,100.0,7.6923075
957.0,20.0,10.0,2.0,100.0,5.882353
958.0,40.0,10.0,2.0,100.0,4.7619047
959.0,49.0,10.0,2.0,100.0,5.0
960.0,0.0,10.0,2.0,100.0,100.0
961.0,0.5,10.0,2.0,100.0,100.0
962.0,1.0,10.0,2.0,100.0,9.090909
963.0,2.0,10.0,2.0,100.0,11.111111
964.0,3.0,10.0,2.0,100.0,20.0
965.0,5.0,10.0,2.0,100.0,7.6923075
966.0,10.0,10.0,2.0,100.0,5.0
967.0,20.0,10.0,2.0,100.0,5.882353
968.0,40.0,10.0,2.0,100.0,5.263158
969.0,49.0,10.0,2.0,100.0,4.347826
970.0,0.0,10.0,2.0,100.0,11.111111
971.0,0.5,10.0,2.0,100.0,33.333332
972.0,1.0,10.0,2.0,100.0,33.333332
973.0,2.0,10.0,2.0,100.0,7.6923075
974.0,3.0,10.0,2.0,100.0,14.285714
975.0,5.0,10.0,2.0,100.0,5.882353
976.0,10.0,10.0,2.0,100.0,5.0
977.0,20.0,10.0,2.0,100.0,5.263158
978.0,40.0,10.0,2.0,100.0,4.7619047
979.0,49.0,10.0,2.0,100.0,6.6666665
980.0,0.0,10.0,2.0,100.0,100.0
981.0,0.5,10.0,2.0,100.0,20.0
982.0,1.0,10.0,2.0,100.0,50.0
983.0,2.0,10.0,2.0,100.0,33.333332
984.0,3.0,10.0,2.0,100.0,8.333333
985.0,5.0,10.0,2.0,100.0,25.0
986.0,10.0,10.0,2.0,100.0,5.882353
987.0,20.0,10.0,2.0,100.0,4.7619047
988.0,40.0,10.0,2.0,100.0,6.6666665
989.0,49.0,10.0,2.0,100.0,6.6666665
990.0,0.0,10.0,2.0,100.0,100.0
991.0,0.5,10.0,2.0,100.0,33.333332
992.0,1.0,10.0,2.0,100.0,33.333332
993.0,2.0,10.0,2.0,100.0,14.285714
994.0,3.0,10.0,2.0,100.0,16.666666
995.0,5.0,10.0,2.0,100.0,12.5
996.0,10.0,10.0,2.0,100.0,9.090909
997.0,20.0,10.0,2.0,100.0,4.7619047
998.0,40.0,10.0,2.0,100.0,5.882353
999.0,49.0,10.0,2.0,100.0,4.347826
1000.0,0.0,20.0,2.0,100.0,100.0
1001.0,0.5,20.0,2.0,100.0,100.0
1002.0,1.0,20.0,2.0,100.0,33.333332
1003.0,2.0,20.0,2.0,100.0,9.090909
1004.0,3.0,20.0,2.0,100.0,33.333332
1005.0,5.0,20.0,2.0,100.0,14.285714
1006.0,10.0,20.0,2.0,100.0,9.090909
1007.0,20.0,20.0,2.0,100.0,5.882353
1008.0,40.0,20.0,2.0,100.0,4.5454545
1009.0,49.0,20.0,2.0,100.0,5.882353
1010.0,0.0,20.0,2.0,100.0,100.0
1011.0,0.5,20.0,2.0,100.0,7.142857
1012.0,1.0,20.0,2.0,100.0,33.333332
1013.0,2.0,20.0,2.0,100.0,33.333332
1014.0,3.0,20.0,2.0,100.0,20.0
1015.0,5.0,20.0,2.0,100.0,14.285714
1016.0,10.0,20.0,2.0,100.0,8.333333
1017.0,20.0,20.0,2.0,100.0,6.6666665
1018.0,40.0,20.0,2.0,100.0,4.7619047
1019.0,49.0,20.0,2.0,100.0,4.347826
1020.0,0.0,20.0,2.0,100.0,6.6666665
1021.0,0.5,20.0,2.0,100.0,33.333332
1022.0,1.0,20.0,2.0,100.0,25.0
1023.0,2.0,20.0,2.0,100.0,33.333332
1024.0,3.0,20.0,2.0,100.0,10.0
1025.0,5.0,20.0,2.0,100.0,11.111111
1026.0,10.0,20.0,2.0,100.0,5.882353
1027.0,20.0,20.0,2.0,100.0,5.263158
1028.0,40.0,20.0,2.0,100.0,6.6666665
1029.0,49.0,20.0,2.0,100.0,4.5454545
1030.0,0.0,20.0,2.0,100.0,100.0
1031.0,0.5,20.0,2.0,100.0,100.0
1032.0,1.0,20.0,2.0,100.0,33.333332
1033.0,2.0,20.0,2.0,100.0,100.0
1034.0,3.0,20.0,2.0,100.0,16.666666
1035.0,5.0,20.0,2.0,100.0,5.882353
1036.0,10.0,20.0,2.0,100.0,7.6923075
1037.0,20.0,20.0,2.0,100.0,5.263158
1038.0,40.0,20.0,2.0,100.0,5.263158
1039.0,49.0,20.0,2.0,100.0,4.5454545
1040.0,0.0,20.0,2.0,100.0,33.333332
1041.0,0.5,20.0,2.0,100.0,33.333332
1042.0,1.0,20.0,2.0,100.0,25.0
1043.0,2.0,20.0,2.0,100.0,33.333332
1044.0,3.0,20.0,2.0,100.0,7.6923075
1045.0,5.0,20.0,2.0,100.0,5.263158
1046.0,10.0,20.0,2.0,100.0,10.0
1047.0,20.0,20.0,2.0,100.0,6.6666665
1048.0,40.0,20.0,2.0,100.0,4.7619047
1049.0,49.0,20.0,2.0,100.0,5.882353
1050.0,0.0,20.0,2.0,100.0,33.333332
1051.0,0.5,20.0,2.0,100.0,100.0
1052.0,1.0,20.0,2.0,100.0,20.0
1053.0,2.0,20.0,2.0,100.0,5.882353
1054.0,3.0,20.0,2.0,100.0,14.285714
1055.0,5.0,20.0,2.0,100.0,16.666666
1056.0,10.0,20.0,2.0,100.0,7.6923075
1057.0,20.0,20.0,2.0,100.0,7.6923075
1058.0,40.0,20.0,2.0,100.0,4.347826
1059.0,49.0,20.0,2.0,100.0,4.5454545
1060.0,0.0,20.0,2.0,100.0,100.0
1061.0,0.5,20.0,2.0,100.0,100.0
1062.0,1.0,20.0,2.0,100.0,25.0
1063.0,2.0,20.0,2.0,100.0,100.0
1064.0,3.0,20.0,2.0,100.0,11.111111
1065.0,5.0,20.0,2.0,100.0,33.333332
1066.0,10.0,20.0,2.0,100.0,6.25
1067.0,20.0,20.0,2.0,100.0,5.5555553
1068.0,40.0,20.0,2.0,100.0,4.347826
1069.0,49.0,20.0,2.0,100.0,4.7619047
1070.0,0.0,20.0,2.0,100.0,100.0
1071.0,0.5,20.0,2.0,100.0,100.0
1072.0,1.0,20.0,2.0,100.0,33.333332
1073.0,2.0,20.0,2.0,100.0,25.0
1074.0,3.0,20.0,2.0,100.0,33.333332
1075.0,5.0,20.0,2.0,100.0,7.142857
1076.0,10.0,20.0,2.0,100.0,5.263158
1077.0,20.0,20.0,2.0,100.0,4.7619047
1078.0,40.0,20.0,2.0,100.0,6.6666665
1079.0,49.0,20.0,2.0,100.0,4.347826
1080.0,0.0,20.0,2.0,100.0,100.0
1081.0,0.5,20.0,2.0,100.0,33.333332
1082.0,1.0,20.0,2.0,100.0,33.333332
1083.0,2.0,20.0,2.0,100.0,33.333332
1084.0,3.0,20.0,2.0,100.0,5.882353
1085.0,5.0,20.0,2.0,100.0,5.5555553
1086.0,10.0,20.0,2.0,100.0,5.882353
1087.0,20.0,20.0,2.0,100.0,9.090909
1088.0,40.0,20.0,2.0,100.0,5.0
1089.0,49.0,20.0,2.0,100.0,4.347826
1090.0,0.0,20.0,2.0,100.0,100.0
1091.0,0.5,20.0,2.0,100.0,100.0
1092.0,1.0,20.0,2.0,100.0,33.333332
1093.0,2.0,20.0,2.0,100.0,20.0
1094.0,3.0,20.0,2.0,100.0,33.333332
1095.0,5.0,20.0,2.0,100.0,14.285714
1096.0,10.0,20.0,2.0,100.0,20.0
1097.0,20.0,20.0,2.0,100.0,5.882353
1098.0,40.0,20.0,2.0,100.0,5.0
1099.0,49.0,20.0,2.0,100.0,4.347826
1100.0,0.0,20.0,2.0,100.0,100.0
1101.0,0.5,20.0,2.0,100.0,100.0
1102.0,1.0,20.0,2.0,100.0,33.333332
1103.0,2.0,20.0,2.0,100.0,33.333332
1104.0,3.0,20.0,2.0,100.0,50.0
1105.0,5.0,20.0,2.0,100.0,33.333332
1106.0,10.0,20.0,2.0,100.0,5.882353
1107.0,20.0,20.0,2.0,100.0,4.7619047
1108.0,40.0,20.0,2.0,100.0,4.7619047
1109.0,49.0,20.0,2.0,100.0,4.7619047
1110.0,0.0,20.0,2.0,100.0,100.0
1111.0,0.5,20.0,2.0,100.0,14.285714
1112.0,1.0,20.0,2.0,100.0,100.0
1113.0,2.0,20.0,2.0,100.0,33.333332
1114.0,3.0,20.0,2.0,100.0,25.0
1115.0,5.0,20.0,2.0,100.0,8.333333
1116.0,10.0,20.0,2.0,100.0,9.090909
1117.0,20.0,20.0,2.0,100.0,4.7619047
1118.0,40.0,20.0,2.0,100.0,5.0
1119.0,49.0,20.0,2.0,100.0,5.263158
1120.0,0.0,20.0,2.0,100.0,7.6923075
1121.0,0.5,20.0,2.0,100.0,33.333332
1122.0,1.0,20.0,2.0,100.0,33.333332
1123.0,2.0,20.0,2.0,100.0,11.111111
1124.0,3.0,20.0,2.0,100.0,4.7619047
1125.0,5.0,20.0,2.0,100.0,11.111111
1126.0,10.0,20.0,2.0,100.0,9.090909
1127.0,20.0,20.0,2.0,100.0,5.263158
1128.0,40.0,20.0,2.0,100.0,5.882353
1129.0,49.0,20.0,2.0,100.0,5.0
1130.0,0.0,20.0,2.0,100.0,100.0
1131.0,0.5,20.0,2.0,100.0,33.333332
1132.0,1.0,20.0,2.0,100.0,33.333332
1133.0,2.0,20.0,2.0,100.0,33.333332
1134.0,3.0,20.0,2.0,100.0,16.666666
1135.0,5.0,20.0,2.0,100.0,11.111111
1136.0,10.0,20.0,2.0,100.0,14.285714
1137.0,20.0,20.0,2.0,100.0,5.882353
1138.0,40.0,20.0,2.0,100.0,5.263158
1139.0,49.0,20.0,2.0,100.0,5.263158
1140.0,0.0,20.0,2.0,100.0,100.0
1141.0,0.5,20.0,2.0,100.0,33.333332
1142.0,1.0,20.0,2.0,100.0,33.333332
1143.0,2.0,20.0,2.0,100.0,7.6923075
1144.0,3.0,20.0,2.0,100.0,25.0
1145.0,5.0,20.0,2.0,100.0,11.111111
1146.0,10.0,20.0,2.0,100.0,16.666666
1147.0,20.0,20.0,2.0,100.0,7.6923075
1148.0,40.0,20.0,2.0,100.0,5.882353
1149.0,49.0,20.0,2.0,100.0,4.347826
1150.0,0.0,20.0,2.0,100.0,100.0
1151.0,0.5,20.0,2.0,100.0,4.347826
1152.0,1.0,20.0,2.0,100.0,100.0
1153.0,2.0,20.0,2.0,100.0,25.0
1154.0,3.0,20.0,2.0,100.0,50.0
1155.0,5.0,20.0,2.0,100.0,4.5454545
1156.0,10.0,20.0,2.0,100.0,5.882353
1157.0,20.0,20.0,2.0,100.0,7.142857
1158.0,40.0,20.0,2.0,100.0,5.263158
1159.0,49.0,20.0,2.0,100.0,4.7619047
1160.0,0.0,20.0,2.0,100.0,100.0
1161.0,0.5,20.0,2.0,100.0,100.0
1162.0,1.0,20.0,2.0,100.0,33.333332
1163.0,2.0,20.0,2.0,100.0,16.666666
1164.0,3.0,20.0,2.0,100.0,16.666666
1165.0,5.0,20.0,2.0,100.0,11.111111
1166.0,10.0,20.0,2.0,100.0,7.142857
1167.0,20.0,20.0,2.0,100.0,5.0
1168.0,40.0,20.0,2.0,100.0,4.5454545
1169.0,49.0,20.0,2.0,100.0,4.0
1170.0,0.0,20.0,2.0,100.0,100.0
1171.0,0.5,20.0,2.0,100.0,6.6666665
1172.0,1.0,20.0,2.0,100.0,33.333332
1173.0,2.0,20.0,2.0,100.0,6.6666665
1174.0,3.0,20.0,2.0,100.0,12.5
1175.0,5.0,20.0,2.0,100.0,8.333333
1176.0,10.0,20.0,2.0,100.0,6.25
1177.0,20.0,20.0,2.0,100.0,5.5555553
1178.0,40.0,20.0,2.0,100.0,4.347826
1179.0,49.0,20.0,2.0,100.0,5.263158
1180.0,0.0,20.0,2.0,100.0,20.0
1181.0,0.5,20.0,2.0,100.0,33.333332
1182.0,1.0,20.0,2.0,100.0,33.333332
1183.0,2.0,20.0,2.0,100.0,25.0
1184.0,3.0,20.0,2.0,100.0,20.0
1185.0,5.0,20.0,2.0,100.0,6.6666665
1186.0,10.0,20.0,2.0,100.0,5.5555553
1187.0,20.0,20.0,2.0,100.0,7.142857
1188.0,40.0,20.0,2.0,100.0,4.347826
1189.0,49.0,20.0,2.0,100.0,5.263158
1190.0,0.0,20.0,2.0,100.0,100.0
1191.0,0.5,20.0,2.0,100.0,100.0
1192.0,1.0,20.0,2.0,100.0,8.333333
1193.0,2.0,20.0,2.0,100.0,25.0
1194.0,3.0,20.0,2.0,100.0,5.882353
1195.0,5.0,20.0,2.0,100.0,11.111111
1196.0,10.0,20.0,2.0,100.0,6.6666665
1197.0,20.0,20.0,2.0,100.0,5.882353
1198.0,40.0,20.0,2.0,100.0,5.263158
1199.0,49.0,20.0,2.0,100.0,6.6666665
1200.0,0.0,20.0,2.0,100.0,100.0
1201.0,0.5,20.0,2.0,100.0,100.0
1202.0,1.0,20.0,2.0,100.0,33.333332
1203.0,2.0,20.0,2.0,100.0,25.0
1204.0,3.0,20.0,2.0,100.0,16.666666
1205.0,5.0,20.0,2.0,100.0,33.333332
1206.0,10.0,20.0,2.0,100.0,6.6666665
1207.0,20.0,20.0,2.0,100.0,5.0
1208.0,40.0,20.0,2.0,100.0,4.0
1209.0,49.0,20.0,2.0,100.0,4.7619047
1210.0,0.0,20.0,2.0,100.0,100.0
1211.0,0.5,20.0,2.0,100.0,33.333332
1212.0,1.0,20.0,2.0,100.0,50.0
1213.0,2.0,20.0,2.0,100.0,20.0
1214.0,3.0,20.0,2.0,100.0,25.0
1215.0,5.0,20.0,2.0,100.0,16.666666
1216.0,10.0,20.0,2.0,100.0,11.111111
1217.0,20.0,20.0,2.0,100.0,5.882353
1218.0,40.0,20.0,2.0,100.0,5.0
1219.0,49.0,20.0,2.0,100.0,4.7619047
1220.0,0.0,20.0,2.0,100.0,100.0
1221.0,0.5,20.0,2.0,100.0,33.333332
1222.0,1.0,20.0,2.0,100.0,33.333332
1223.0,2.0,20.0,2.0,100.0,33.333332
1224.0,3.0,20.0,2.0,100.0,14.285714
1225.0,5.0,20.0,2.0,100.0,33.333332
1226.0,10.0,20.0,2.0,100.0,5.882353
1227.0,20.0,20.0,2.0,100.0,6.6666665
1228.0,40.0,20.0,2.0,100.0,4.7619047
1229.0,49.0,20.0,2.0,100.0,5.882353
1230.0,0.0,20.0,2.0,100.0,100.0
1231.0,0.5,20.0,2.0,100.0,100.0
1232.0,1.0,20.0,2.0,100.0,33.333332
1233.0,2.0,20.0,2.0,100.0,25.0
1234.0,3.0,20.0,2.0,100.0,5.882353
1235.0,5.0,20.0,2.0,100.0,5.263158
1236.0,10.0,20.0,2.0,100.0,7.142857
1237.0,20.0,20.0,2.0,100.0,5.882353
1238.0,40.0,20.0,2.0,100.0,4.7619047
1239.0,49.0,20.0,2.0,100.0,4.347826
1240.0,0.0,20.0,2.0,100.0,100.0
1241.0,0.5,20.0,2.0,100.0,33.333332
1242.0,1.0,20.0,2.0,100.0,25.0
1243.0,2.0,20.0,2.0,100.0,7.142857
1244.0,3.0,20.0,2.0,100.0,33.333332
1245.0,5.0,20.0,2.0,100.0,9.090909
1246.0,10.0,20.0,2.0,100.0,7.6923075
1247.0,20.0,20.0,2.0,100.0,5.5555553
1248.0,40.0,20.0,2.0,100.0,5.263158
1249.0,49.0,20.0,2.0,100.0,4.347826
1250.0,0.0,20.0,2.0,100.0,33.333332
1251.0,0.5,20.0,2.0,100.0,33.333332
1252.0,1.0,20.0,2.0,100.0,33.333332
1253.0,2.0,20.0,2.0,100.0,10.0
1254.0,3.0,20.0,2.0,100.0,8.333333
1255.0,5.0,20.0,2.0,100.0,12.5
1256.0,10.0,20.0,2.0,100.0,11.111111
1257.0,20.0,20.0,2.0,100.0,7.6923075
1258.0,40.0,20.0,2.0,100.0,6.6666665
1259.0,49.0,20.0,2.0,100.0,5.882353
1260.0,0.0,20.0,2.0,100.0,100.0
1261.0,0.5,20.0,2.0,100.0,100.0
1262.0,1.0,20.0,2.0,100.0,33.333332
1263.0,2.0,20.0,2.0,100.0,9.090909
1264.0,3.0,20.0,2.0,100.0,16.666666
1265.0,5.0,20.0,2.0,100.0,16.666666
1266.0,10.0,20.0,2.0,100.0,9.090909
1267.0,20.0,20.0,2.0,100.0,6.6666665
1268.0,40.0,20.0,2.0,100.0,4.0
1269.0,49.0,20.0,2.0,100.0,4.347826
1270.0,0.0,20.0,2.0,100.0,100.0
1271.0,0.5,20.0,2.0,100.0,33.333332
1272.0,1.0,20.0,2.0,100.0,33.333332
1273.0,2.0,20.0,2.0,100.0,14.285714
1274.0,3.0,20.0,2.0,100.0,5.263158
1275.0,5.0,20.0,2.0,100.0,20.0
1276.0,10.0,20.0,2.0,100.0,20.0
1277.0,20.0,20.0,2.0,100.0,5.263158
1278.0,40.0,20.0,2.0,100.0,4.347826
1279.0,49.0,20.0,2.0,100.0,4.0
1280.0,0.0,20.0,2.0,100.0,100.0
1281.0,0.5,20.0,2.0,100.0,33.333332
1282.0,1.0,20.0,2.0,100.0,33.333332
1283.0,2.0,20.0,2.0,100.0,33.333332
1284.0,3.0,20.0,2.0,100.0,7.6923075
1285.0,5.0,20.0,2.0,100.0,10.0
1286.0,10.0,20.0,2.0,100.0,7.6923075
1287.0,20.0,20.0,2.0,100.0,5.0
1288.0,40.0,20.0,2.0,100.0,5.263158
1289.0,49.0,20.0,2.0,100.0,5.882353
1290.0,0.0,20.0,2.0,100.0,9.090909
1291.0,0.5,20.0,2.0,100.0,100.0
1292.0,1.0,20.0,2.0,100.0,33.333332
1293.0,2.0,20.0,2.0,100.0,7.6923075
1294.0,3.0,20.0,2.0,100.0,33.333332
1295.0,5.0,20.0,2.0,100.0,11.111111
1296.0,10.0,20.0,2.0,100.0,9.090909
1297.0,20.0,20.0,2.0,100.0,5.5555553
1298.0,40.0,20.0,2.0,100.0,4.347826
1299.0,49.0,20.0,2.0,100.0,4.7619047
1300.0,0.0,20.0,2.0,100.0,100.0
1301.0,0.5,20.0,2.0,100.0,33.333332
1302.0,1.0,20.0,2.0,100.0,33.333332
1303.0,2.0,20.0,2.0,100.0,100.0
1304.0,3.0,20.0,2.0,100.0,12.5
1305.0,5.0,20.0,2.0,100.0,20.0
1306.0,10.0,20.0,2.0,100.0,9.090909
1307.0,20.0,20.0,2.0,100.0,5.882353
1308.0,40.0,20.0,2.0,100.0,4.7619047
1309.0,49.0,20.0,2.0,100.0,5.263158
1310.0,0.0,20.0,2.0,100.0,100.0
1311.0,0.5,20.0,2.0,100.0,33.333332
1312.0,1.0,20.0,2.0,100.0,7.6923075
1313.0,2.0,20.0,2.0,100.0,20.0
1314.0,3.0,20.0,2.0,100.0,33.333332
1315.0,5.0,20.0,2.0,100.0,8.333333
1316.0,10.0,20.0,2.0,100.0,11.111111
1317.0,20.0,20.0,2.0,100.0,5.882353
1318.0,40.0,20.0,2.0,100.0,4.1666665
1319.0,49.0,20.0,2.0,100.0,5.263158
1320.0,0.0,20.0,2.0,100.0,100.0
1321.0,0.5,20.0,2.0,100.0,33.333332
1322.0,1.0,20.0,2.0,100.0,20.0
1323.0,2.0,20.0,2.0,100.0,25.0
1324.0,3.0,20.0,2.0,100.0,33.333332
1325.0,5.0,20.0,2.0,100.0,6.6666665
1326.0,10.0,20.0,2.0,100.0,11.111111
1327.0,20.0,20.0,2.0,100.0,6.6666665
1328.0,40.0,20.0,2.0,100.0,5.882353
1329.0,49.0,20.0,2.0,100.0,4.7619047
1330.0,0.0,20.0,2.0,100.0,7.6923075
1331.0,0.5,20.0,2.0,100.0,33.333332
1332.0,1.0,20.0,2.0,100.0,33.333332
1333.0,2.0,20.0,2.0,100.0,33.333332
1334.0,3.0,20.0,2.0,100.0,33.333332
1335.0,5.0,20.0,2.0,100.0,11.111111
1336.0,10.0,20.0,2.0,100.0,10.0
1337.0,20.0,20.0,2.0,100.0,5.882353
1338.0,40.0,20.0,2.0,100.0,5.882353
1339.0,49.0,20.0,2.0,100.0,4.7619047
1340.0,0.0,20.0,2.0,100.0,100.0
1341.0,0.5,20.0,2.0,100.0,100.0
1342.0,1.0,20.0,2.0,100.0,33.333332
1343.0,2.0,20.0,2.0,100.0,20.0
1344.0,3.0,20.0,2.0,100.0,33.333332
1345.0,5.0,20.0,2.0,100.0,5.0
1346.0,10.0,20.0,2.0,100.0,5.0
1347.0,20.0,20.0,2.0,100.0,5.263158
1348.0,40.0,20.0,2.0,100.0,5.263158
1349.0,49.0,20.0,2.0,100.0,5.0
1350.0,0.0,20.0,2.0,100.0,100.0
1351.0,0.5,20.0,2.0,100.0,25.0
1352.0,1.0,20.0,2.0,100.0,33.333332
1353.0,2.0,20.0,2.0,100.0,25.0
1354.0,3.0,20.0,2.0,100.0,33.333332
1355.0,5.0,20.0,2.0,100.0,6.25
1356.0,10.0,20.0,2.0,100.0,16.666666
1357.0,20.0,20.0,2.0,100.0,5.0
1358.0,40.0,20.0,2.0,100.0,5.263158
1359.0,49.0,20.0,2.0,100.0,4.7619047
1360.0,0.0,20.0,2.0,100.0,100.0
1361.0,0.5,20.0,2.0,100.0,100.0
1362.0,1.0,20.0,2.0,100.0,100.0
1363.0,2.0,20.0,2.0,100.0,12.5
1364.0,3.0,20.0,2.0,100.0,16.666666
1365.0,5.0,20.0,2.0,100.0,14.285714
1366.0,10.0,20.0,2.0,100.0,6.25
1367.0,20.0,20.0,2.0,100.0,9.090909
1368.0,40.0,20.0,2.0,100.0,5.263158
1369.0,49.0,20.0,2.0,100.0,4.5454545
1370.0,0.0,20.0,2.0,100.0,14.285714
1371.0,0.5,20.0,2.0,100.0,100.0
1372.0,1.0,20.0,2.0,100.0,33.333332
1373.0,2.0,20.0,2.0,100.0,25.0
1374.0,3.0,20.0,2.0,100.0,25.0
1375.0,5.0,20.0,2.0,100.0,33.333332
1376.0,10.0,20.0,2.0,100.0,14.285714
1377.0,20.0,20.0,2.0,100.0,5.0
1378.0,40.0,20.0,2.0,100.0,5.263158
1379.0,49.0,20.0,2.0,100.0,5.263158
1380.0,0.0,20.0,2.0,100.0,100.0
1381.0,0.5,20.0,2.0,100.0,33.333332
1382.0,1.0,20.0,2.0,100.0,33.333332
1383.0,2.0,20.0,2.0,100.0,25.0
1384.0,3.0,20.0,2.0,100.0,7.6923075
1385.0,5.0,20.0,2.0,100.0,8.333333
1386.0,10.0,20.0,2.0,100.0,7.142857
1387.0,20.0,20.0,2.0,100.0,5.5555553
1388.0,40.0,20.0,2.0,100.0,4.7619047
1389.0,49.0,20.0,2.0,100.0,5.5555553
1390.0,0.0,20.0,2.0,100.0,100.0
1391.0,0.5,20.0,2.0,100.0,20.0
1392.0,1.0,20.0,2.0,100.0,16.666666
1393.0,2.0,20.0,2.0,100.0,33.333332
1394.0,3.0,20.0,2.0,100.0,14.285714
1395.0,5.0,20.0,2.0,100.0,10.0
1396.0,10.0,20.0,2.0,100.0,7.6923075
1397.0,20.0,20.0,2.0,100.0,5.263158
1398.0,40.0,20.0,2.0,100.0,5.882353
1399.0,49.0,20.0,2.0,100.0,5.263158
1400.0,0.0,20.0,2.0,100.0,100.0
1401.0,0.5,20.0,2.0,100.0,33.333332
1402.0,1.0,20.0,2.0,100.0,33.333332
1403.0,2.0,20.0,2.0,100.0,7.142857
1404.0,3.0,20.0,2.0,100.0,16.666666
1405.0,5.0,20.0,2.0,100.0,11.111111
1406.0,10.0,20.0,2.0,100.0,6.6666665
1407.0,20.0,20.0,2.0,100.0,9.090909
1408.0,40.0,20.0,2.0,100.0,5.0
1409.0,49.0,20.0,2.0,100.0,5.882353
1410.0,0.0,20.0,2.0,100.0,20.0
1411.0,0.5,20.0,2.0,100.0,100.0
1412.0,1.0,20.0,2.0,100.0,25.0
1413.0,2.0,20.0,2.0,100.0,33.333332
1414.0,3.0,20.0,2.0,100.0,20.0
1415.0,5.0,20.0,2.0,100.0,20.0
1416.0,10.0,20.0,2.0,100.0,6.25
1417.0,20.0,20.0,2.0,100.0,5.5555553
1418.0,40.0,20.0,2.0,100.0,4.7619047
1419.0,49.0,20.0,2.0,100.0,4.347826
1420.0,0.0,20.0,2.0,100.0,100.0
1421.0,0.5,20.0,2.0,100.0,100.0
1422.0,1.0,20.0,2.0,100.0,11.111111
1423.0,2.0,20.0,2.0,100.0,7.6923075
1424.0,3.0,20.0,2.0,100.0,33.333332
1425.0,5.0,20.0,2.0,100.0,7.6923075
1426.0,10.0,20.0,2.0,100.0,7.6923075
1427.0,20.0,20.0,2.0,100.0,5.5555553
1428.0,40.0,20.0,2.0,100.0,5.882353
1429.0,49.0,20.0,2.0,100.0,5.0
1430.0,0.0,20.0,2.0,100.0,100.0
1431.0,0.5,20.0,2.0,100.0,14.285714
1432.0,1.0,20.0,2.0,100.0,33.333332
1433.0,2.0,20.0,2.0,100.0,33.333332
1434.0,3.0,20.0,2.0,100.0,33.333332
1435.0,5.0,20.0,2.0,100.0,10.0
1436.0,10.0,20.0,2.0,100.0,11.111111
1437.0,20.0,20.0,2.0,100.0,4.7619047
1438.0,40.0,20.0,2.0,100.0,5.0
1439.0,49.0,20.0,2.0,100.0,4.7619047
1440.0,0.0,20.0,2.0,100.0,14.285714
1441.0,0.5,20.0,2.0,100.0,100.0
1442.0,1.0,20.0,2.0,100.0,9.090909
1443.0,2.0,20.0,2.0,100.0,12.5
1444.0,3.0,20.0,2.0,100.0,11.111111
1445.0,5.0,20.0,2.0,100.0,10.0
1446.0,10.0,20.0,2.0,100.0,5.5555553
1447.0,20.0,20.0,2.0,100.0,5.882353
1448.0,40.0,20.0,2.0,100.0,5.263158
1449.0,49.0,20.0,2.0,100.0,5.263158
1450.0,0.0,20.0,2.0,100.0,100.0
1451.0,0.5,20.0,2.0,100.0,33.333332
1452.0,1.0,20.0,2.0,100.0,100.0
1453.0,2.0,20.0,2.0,100.0,33.333332
1454.0,3.0,20.0,2.0,100.0,25.0
1455.0,5.0,20.0,2.0,100.0,33.333332
1456.0,10.0,20.0,2.0,100.0,7.142857
1457.0,20.0,20.0,2.0,100.0,7.6923075
1458.0,40.0,20.0,2.0,100.0,6.25
1459.0,49.0,20.0,2.0,100.0,3.7037036
1460.0,0.0,20.0,2.0,100.0,100.0
1461.0,0.5,20.0,2.0,100.0,5.263158
1462.0,1.0,20.0,2.0,100.0,33.333332
1463.0,2.0,20.0,2.0,100.0,50.0
1464.0,3.0,20.0,2.0,100.0,50.0
1465.0,5.0,20.0,2.0,100.0,25.0
1466.0,10.0,20.0,2.0,100.0,7.6923075
1467.0,20.0,20.0,2.0,100.0,6.25
1468.0,40.0,20.0,2.0,100.0,4.7619047
1469.0,49.0,20.0,2.0,100.0,5.263158
1470.0,0.0,20.0,2.0,100.0,100.0
1471.0,0.5,20.0,2.0,100.0,33.333332
1472.0,1.0,20.0,2.0,100.0,33.333332
1473.0,2.0,20.0,2.0,100.0,33.333332
1474.0,3.0,20.0,2.0,100.0,25.0
1475.0,5.0,20.0,2.0,100.0,11.111111
1476.0,10.0,20.0,2.0,100.0,11.111111
1477.0,20.0,20.0,2.0,100.0,8.333333
1478.0,40.0,20.0,2.0,100.0,5.263158
1479.0,49.0,20.0,2.0,100.0,5.263158
1480.0,0.0,20.0,2.0,100.0,100.0
1481.0,0.5,20.0,2.0,100.0,100.0
1482.0,1.0,20.0,2.0,100.0,33.333332
1483.0,2.0,20.0,2.0,100.0,33.333332
1484.0,3.0,20.0,2.0,100.0,5.5555553
1485.0,5.0,20.0,2.0,100.0,16.666666
1486.0,10.0,20.0,2.0,100.0,6.6666665
1487.0,20.0,20.0,2.0,100.0,7.142857
1488.0,40.0,20.0,2.0,100.0,4.347826
1489.0,49.0,20.0,2.0,100.0,5.263158
1490.0,0.0,20.0,2.0,100.0,100.0
1491.0,0.5,20.0,2.0,100.0,100.0
1492.0,1.0,20.0,2.0,100.0,33.333332
1493.0,2.0,20.0,2.0,100.0,33.333332
1494.0,3.0,20.0,2.0,100.0,25.0
1495.0,5.0,20.0,2.0,100.0,10.0
1496.0,10.0,20.0,2.0,100.0,9.090909
1497.0,20.0,20.0,2.0,100.0,5.263158
1498.0,40.0,20.0,2.0,100.0,4.7619047
1499.0,49.0,20.0,2.0,100.0,4.7619047
1500.0,0.0,30.0,2.0,100.0,11.111111
1501.0,0.5,30.0,2.0,100.0,33.333332
1502.0,1.0,30.0,2.0,100.0,25.0
1503.0,2.0,30.0,2.0,100.0,33.333332
1504.0,3.0,30.0,2.0,100.0,14.285714
1505.0,5.0,30.0,2.0,100.0,10.0
1506.0,10.0,30.0,2.0,100.0,6.25
1507.0,20.0,30.0,2.0,100.0,7.142857
1508.0,40.0,30.0,2.0,100.0,4.1666665
1509.0,49.0,30.0,2.0,100.0,4.7619047
1510.0,0.0,30.0,2.0,100.0,100.0
1511.0,0.5,30.0,2.0,100.0,100.0
1512.0,1.0,30.0,2.0,100.0,100.0
1513.0,2.0,30.0,2.0,100.0,16.666666
1514.0,3.0,30.0,2.0,100.0,33.333332
1515.0,5.0,30.0,2.0,100.0,11.111111
1516.0,10.0,30.0,2.0,100.0,7.142857
1517.0,20.0,30.0,2.0,100.0,5.5555553
1518.0,40.0,30.0,2.0,100.0,5.0
1519.0,49.0,30.0,2.0,100.0,5.263158
1520.0,0.0,30.0,2.0,100.0,100.0
1521.0,0.5,30.0,2.0,100.0,33.333332
1522.0,1.0,30.0,2.0,100.0,9.090909
1523.0,2.0,30.0,2.0,100.0,20.0
1524.0,3.0,30.0,2.0,100.0,5.882353
1525.0,5.0,30.0,2.0,100.0,5.5555553
1526.0,10.0,30.0,2.0,100.0,7.142857
1527.0,20.0,30.0,2.0,100.0,7.142857
1528.0,40.0,30.0,2.0,100.0,4.5454545
1529.0,49.0,30.0,2.0,100.0,5.263158
1530.0,0.0,30.0,2.0,100.0,100.0
1531.0,0.5,30.0,2.0,100.0,100.0
1532.0,1.0,30.0,2.0,100.0,100.0
1533.0,2.0,30.0,2.0,100.0,7.142857
1534.0,3.0,30.0,2.0,100.0,33.333332
1535.0,5.0,30.0,2.0,100.0,20.0
1536.0,10.0,30.0,2.0,100.0,12.5
1537.0,20.0,30.0,2.0,100.0,4.347826
1538.0,40.0,30.0,2.0,100.0,4.0
1539.0,49.0,30.0,2.0,100.0,3.4482758
1540.0,0.0,30.0,2.0,100.0,100.0
1541.0,0.5,30.0,2.0,100.0,33.333332
1542.0,1.0,30.0,2.0,100.0,12.5
1543.0,2.0,30.0,2.0,100.0,50.0
1544.0,3.0,30.0,2.0,100.0,33.333332
1545.0,5.0,30.0,2.0,100.0,33.333332
1546.0,10.0,30.0,2.0,100.0,7.6923075
1547.0,20.0,30.0,2.0,100.0,10.0
1548.0,40.0,30.0,2.0,100.0,5.263158
1549.0,49.0,30.0,2.0,100.0,5.263158
1550.0,0.0,30.0,2.0,100.0,100.0
1551.0,0.5,30.0,2.0,100.0,33.333332
1552.0,1.0,30.0,2.0,100.0,100.0
1553.0,2.0,30.0,2.0,100.0,33.333332
1554.0,3.0,30.0,2.0,100.0,9.090909
1555.0,5.0,30.0,2.0,100.0,14.285714
1556.0,10.0,30.0,2.0,100.0,6.25
1557.0,20.0,30.0,2.0,100.0,9.090909
1558.0,40.0,30.0,2.0,100.0,5.5555553
1559.0,49.0,30.0,2.0,100.0,4.7619047
1560.0,0.0,30.0,2.0,100.0,7.6923075
1561.0,0.5,30.0,2.0,100.0,100.0
1562.0,1.0,30.0,2.0,100.0,33.333332
1563.0,2.0,30.0,2.0,100.0,20.0
1564.0,3.0,30.0,2.0,100.0,50.0
1565.0,5.0,30.0,2.0,100.0,12.5
1566.0,10.0,30.0,2.0,100.0,11.111111
1567.0,20.0,30.0,2.0,100.0,11.111111
1568.0,40.0,30.0,2.0,100.0,6.25
1569.0,49.0,30.0,2.0,100.0,4.7619047
1570.0,0.0,30.0,2.0,100.0,100.0
1571.0,0.5,30.0,2.0,100.0,33.333332
1572.0,1.0,30.0,2.0,100.0,100.0
1573.0,2.0,30.0,2.0,100.0,8.333333
1574.0,3.0,30.0,2.0,100.0,33.333332
1575.0,5.0,30.0,2.0,100.0,10.0
1576.0,10.0,30.0,2.0,100.0,8.333333
1577.0,20.0,30.0,2.0,100.0,7.6923075
1578.0,40.0,30.0,2.0,100.0,5.263158
1579.0,49.0,30.0,2.0,100.0,4.7619047
1580.0,0.0,30.0,2.0,100.0,100.0
1581.0,0.5,30.0,2.0,100.0,100.0
1582.0,1.0,30.0,2.0,100.0,33.333332
1583.0,2.0,30.0,2.0,100.0,25.0
1584.0,3.0,30.0,2.0,100.0,14.285714
1585.0,5.0,30.0,2.0,100.0,10.0
1586.0,10.0,30.0,2.0,100.0,7.6923075
1587.0,20.0,30.0,2.0,100.0,6.25
1588.0,40.0,30.0,2.0,100.0,5.5555553
1589.0,49.0,30.0,2.0,100.0,5.0
1590.0,0.0,30.0,2.0,100.0,100.0
1591.0,0.5,30.0,2.0,100.0,100.0
1592.0,1.0,30.0,2.0,100.0,33.333332
1593.0,2.0,30.0,2.0,100.0,33.333332
1594.0,3.0,30.0,2.0,100.0,16.666666
1595.0,5.0,30.0,2.0,100.0,33.333332
1596.0,10.0,30.0,2.0,100.0,6.25
1597.0,20.0,30.0,2.0,100.0,10.0
1598.0,40.0,30.0,2.0,100.0,4.7619047
1599.0,49.0,30.0,2.0,100.0,4.0
1600.0,0.0,30.0,2.0,100.0,100.0
1601.0,0.5,30.0,2.0,100.0,33.333332
1602.0,1.0,30.0,2.0,100.0,33.333332
1603.0,2.0,30.0,2.0,100.0,25.0
1604.0,3.0,30.0,2.0,100.0,14.285714
1605.0,5.0,30.0,2.0,100.0,10.0
1606.0,10.0,30.0,2.0,100.0,14.285714
1607.0,20.0,30.0,2.0,100.0,5.263158
1608.0,40.0,30.0,2.0,100.0,5.882353
1609.0,49.0,30.0,2.0,100.0,5.263158
1610.0,0.0,30.0,2.0,100.0,100.0
1611.0,0.5,30.0,2.0,100.0,33.333332
1612.0,1.0,30.0,2.0,100.0,100.0
1613.0,2.0,30.0,2.0,100.0,33.333332
1614.0,3.0,30.0,2.0,100.0,25.0
1615.0,5.0,30.0,2.0,100.0,12.5
1616.0,10.0,30.0,2.0,100.0,7.142857
1617.0,20.0,30.0,2.0,100.0,8.333333
1618.0,40.0,30.0,2.0,100.0,4.7619047
1619.0,49.0,30.0,2.0,100.0,5.0
1620.0,0.0,30.0,2.0,100.0,9.090909
1621.0,0.5,30.0,2.0,100.0,100.0
1622.0,1.0,30.0,2.0,100.0,9.090909
1623.0,2.0,30.0,2.0,100.0,12.5
1624.0,3.0,30.0,2.0,100.0,33.333332
1625.0,5.0,30.0,2.0,100.0,8.333333
1626.0,10.0,30.0,2.0,100.0,7.142857
1627.0,20.0,30.0,2.0,100.0,4.7619047
1628.0,40.0,30.0,2.0,100.0,4.5454545
1629.0,49.0,30.0,2.0,100.0,4.347826
1630.0,0.0,30.0,2.0,100.0,100.0
1631.0,0.5,30.0,2.0,100.0,100.0
1632.0,1.0,30.0,2.0,100.0,11.111111
1633.0,2.0,30.0,2.0,100.0,33.333332
1634.0,3.0,30.0,2.0,100.0,16.666666
1635.0,5.0,30.0,2.0,100.0,6.6666665
1636.0,10.0,30.0,2.0,100.0,6.6666665
1637.0,20.0,30.0,2.0,100.0,5.263158
1638.0,40.0,30.0,2.0,100.0,5.882353
1639.0,49.0,30.0,2.0,100.0,4.347826
1640.0,0.0,30.0,2.0,100.0,100.0
1641.0,0.5,30.0,2.0,100.0,33.333332
1642.0,1.0,30.0,2.0,100.0,33.333332
1643.0,2.0,30.0,2.0,100.0,50.0
1644.0,3.0,30.0,2.0,100.0,33.333332
1645.0,5.0,30.0,2.0,100.0,20.0
1646.0,10.0,30.0,2.0,100.0,7.142857
1647.0,20.0,30.0,2.0,100.0,4.7619047
1648.0,40.0,30.0,2.0,100.0,6.25
1649.0,49.0,30.0,2.0,100.0,6.6666665
1650.0,0.0,30.0,2.0,100.0,100.0
1651.0,0.5,30.0,2.0,100.0,33.333332
1652.0,1.0,30.0,2.0,100.0,7.6923075
1653.0,2.0,30.0,2.0,100.0,100.0
1654.0,3.0,30.0,2.0,100.0,33.333332
1655.0,5.0,30.0,2.0,100.0,9.090909
1656.0,10.0,30.0,2.0,100.0,10.0
1657.0,20.0,30.0,2.0,100.0,5.882353
1658.0,40.0,30.0,2.0,100.0,5.0
1659.0,49.0,30.0,2.0,100.0,5.882353
1660.0,0.0,30.0,2.0,100.0,100.0
1661.0,0.5,30.0,2.0,100.0,33.333332
1662.0,1.0,30.0,2.0,100.0,100.0
1663.0,2.0,30.0,2.0,100.0,10.0
1664.0,3.0,30.0,2.0,100.0,11.111111
1665.0,5.0,30.0,2.0,100.0,14.285714
1666.0,10.0,30.0,2.0,100.0,20.0
1667.0,20.0,30.0,2.0,100.0,5.0
1668.0,40.0,30.0,2.0,100.0,6.6666665
1669.0,49.0,30.0,2.0,100.0,4.7619047
1670.0,0.0,30.0,2.0,100.0,100.0
1671.0,0.5,30.0,2.0,100.0,100.0
1672.0,1.0,30.0,2.0,100.0,100.0
1673.0,2.0,30.0,2.0,100.0,20.0
1674.0,3.0,30.0,2.0,100.0,33.333332
1675.0,5.0,30.0,2.0,100.0,20.0
1676.0,10.0,30.0,2.0,100.0,11.111111
1677.0,20.0,30.0,2.0,100.0,7.6923075
1678.0,40.0,30.0,2.0,100.0,4.1666665
1679.0,49.0,30.0,2.0,100.0,5.263158
1680.0,0.0,30.0,2.0,100.0,100.0
1681.0,0.5,30.0,2.0,100.0,33.333332
1682.0,1.0,30.0,2.0,100.0,33.333332
1683.0,2.0,30.0,2.0,100.0,7.142857
1684.0,3.0,30.0,2.0,100.0,8.333333
1685.0,5.0,30.0,2.0,100.0,16.666666
1686.0,10.0,30.0,2.0,100.0,11.111111
1687.0,20.0,30.0,2.0,100.0,7.6923075
1688.0,40.0,30.0,2.0,100.0,5.882353
1689.0,49.0,30.0,2.0,100.0,4.7619047
1690.0,0.0,30.0,2.0,100.0,100.0
1691.0,0.5,30.0,2.0,100.0,100.0
1692.0,1.0,30.0,2.0,100.0,8.333333
1693.0,2.0,30.0,2.0,100.0,33.333332
1694.0,3.0,30.0,2.0,100.0,14.285714
1695.0,5.0,30.0,2.0,100.0,14.285714
1696.0,10.0,30.0,2.0,100.0,5.882353
1697.0,20.0,30.0,2.0,100.0,5.882353
1698.0,40.0,30.0,2.0,100.0,5.263158
1699.0,49.0,30.0,2.0,100.0,4.347826
1700.0,0.0,30.0,2.0,100.0,100.0
1701.0,0.5,30.0,2.0,100.0,100.0
1702.0,1.0,30.0,2.0,100.0,100.0
1703.0,2.0,30.0,2.0,100.0,33.333332
1704.0,3.0,30.0,2.0,100.0,7.142857
1705.0,5.0,30.0,2.0,100.0,33.333332
1706.0,10.0,30.0,2.0,100.0,11.111111
1707.0,20.0,30.0,2.0,100.0,4.5454545
1708.0,40.0,30.0,2.0,100.0,4.347826
1709.0,49.0,30.0,2.0,100.0,5.882353
1710.0,0.0,30.0,2.0,100.0,100.0
1711.0,0.5,30.0,2.0,100.0,100.0
1712.0,1.0,30.0,2.0,100.0,33.333332
1713.0,2.0,30.0,2.0,100.0,25.0
1714.0,3.0,30.0,2.0,100.0,25.0
1715.0,5.0,30.0,2.0,100.0,7.6923075
1716.0,10.0,30.0,2.0,100.0,9.090909
1717.0,20.0,30.0,2.0,100.0,5.263158
1718.0,40.0,30.0,2.0,100.0,5.5555553
1719.0,49.0,30.0,2.0,100.0,5.882353
1720.0,0.0,30.0,2.0,100.0,100.0
1721.0,0.5,30.0,2.0,100.0,100.0
1722.0,1.0,30.0,2.0,100.0,33.333332
1723.0,2.0,30.0,2.0,100.0,33.333332
1724.0,3.0,30.0,2.0,100.0,33.333332
1725.0,5.0,30.0,2.0,100.0,14.285714
1726.0,10.0,30.0,2.0,100.0,7.142857
1727.0,20.0,30.0,2.0,100.0,6.25
1728.0,40.0,30.0,2.0,100.0,5.882353
1729.0,49.0,30.0,2.0,100.0,6.6666665
1730.0,0.0,30.0,2.0,100.0,100.0
1731.0,0.5,30.0,2.0,100.0,33.333332
1732.0,1.0,30.0,2.0,100.0,33.333332
1733.0,2.0,30.0,2.0,100.0,33.333332
1734.0,3.0,30.0,2.0,100.0,7.142857
1735.0,5.0,30.0,2.0,100.0,20.0
1736.0,10.0,30.0,2.0,100.0,8.333333
1737.0,20.0,30.0,2.0,100.0,8.333333
1738.0,40.0,30.0,2.0,100.0,6.6666665
1739.0,49.0,30.0,2.0,100.0,5.263158
1740.0,0.0,30.0,2.0,100.0,100.0
1741.0,0.5,30.0,2.0,100.0,33.333332
1742.0,1.0,30.0,2.0,100.0,33.333332
1743.0,2.0,30.0,2.0,100.0,33.333332
1744.0,3.0,30.0,2.0,100.0,33.333332
1745.0,5.0,30.0,2.0,100.0,14.285714
1746.0,10.0,30.0,2.0,100.0,14.285714
1747.0,20.0,30.0,2.0,100.0,8.333333
1748.0,40.0,30.0,2.0,100.0,5.263158
1749.0,49.0,30.0,2.0,100.0,4.7619047
1750.0,0.0,30.0,2.0,100.0,100.0
1751.0,0.5,30.0,2.0,100.0,33.333332
1752.0,1.0,30.0,2.0,100.0,33.333332
1753.0,2.0,30.0,2.0,100.0,12.5
1754.0,3.0,30.0,2.0,100.0,14.285714
1755.0,5.0,30.0,2.0,100.0,8.333333
1756.0,10.0,30.0,2.0,100.0,8.333333
1757.0,20.0,30.0,2.0,100.0,6.6666665
1758.0,40.0,30.0,2.0,100.0,5.882353
1759.0,49.0,30.0,2.0,100.0,5.882353
1760.0,0.0,30.0,2.0,100.0,100.0
1761.0,0.5,30.0,2.0,100.0,33.333332
1762.0,1.0,30.0,2.0,100.0,33.333332
1763.0,2.0,30.0,2.0,100.0,12.5
1764.0,3.0,30.0,2.0,100.0,33.333332
1765.0,5.0,30.0,2.0,100.0,16.666666
1766.0,10.0,30.0,2.0,100.0,8.333333
1767.0,20.0,30.0,2.0,100.0,5.882353
1768.0,40.0,30.0,2.0,100.0,5.882353
1769.0,49.0,30.0,2.0,100.0,5.263158
1770.0,0.0,30.0,2.0,100.0,100.0
1771.0,0.5,30.0,2.0,100.0,33.333332
1772.0,1.0,30.0,2.0,100.0,33.333332
1773.0,2.0,30.0,2.0,100.0,50.0
1774.0,3.0,30.0,2.0,100.0,33.333332
1775.0,5.0,30.0,2.0,100.0,14.285714
1776.0,10.0,30.0,2.0,100.0,7.142857
1777.0,20.0,30.0,2.0,100.0,6.6666665
1778.0,40.0,30.0,2.0,100.0,5.263158
1779.0,49.0,30.0,2.0,100.0,5.882353
1780.0,0.0,30.0,2.0,100.0,100.0
1781.0,0.5,30.0,2.0,100.0,33.333332
1782.0,1.0,30.0,2.0,100.0,33.333332
1783.0,2.0,30.0,2.0,100.0,20.0
1784.0,3.0,30.0,2.0,100.0,33.333332
1785.0,5.0,30.0,2.0,100.0,16.666666
1786.0,10.0,30.0,2.0,100.0,7.6923075
1787.0,20.0,30.0,2.0,100.0,9.090909
1788.0,40.0,30.0,2.0,100.0,5.263158
1789.0,49.0,30.0,2.0,100.0,4.347826
1790.0,0.0,30.0,2.0,100.0,100.0
1791.0,0.5,30.0,2.0,100.0,33.333332
1792.0,1.0,30.0,2.0,100.0,100.0
1793.0,2.0,30.0,2.0,100.0,20.0
1794.0,3.0,30.0,2.0,100.0,7.6923075
1795.0,5.0,30.0,2.0,100.0,33.333332
1796.0,10.0,30.0,2.0,100.0,5.5555553
1797.0,20.0,30.0,2.0,100.0,7.142857
1798.0,40.0,30.0,2.0,100.0,4.5454545
1799.0,49.0,30.0,2.0,100.0,4.347826
1800.0,0.0,30.0,2.0,100.0,100.0
1801.0,0.5,30.0,2.0,100.0,100.0
1802.0,1.0,30.0,2.0,100.0,33.333332
1803.0,2.0,30.0,2.0,100.0,33.333332
1804.0,3.0,30.0,2.0,100.0,8.333333
1805.0,5.0,30.0,2.0,100.0,7.142857
1806.0,10.0,30.0,2.0,100.0,10.0
1807.0,20.0,30.0,2.0,100.0,4.7619047
1808.0,40.0,30.0,2.0,100.0,5.263158
1809.0,49.0,30.0,2.0,100.0,4.7619047
1810.0,0.0,30.0,2.0,100.0,100.0
1811.0,0.5,30.0,2.0,100.0,100.0
1812.0,1.0,30.0,2.0,100.0,25.0
1813.0,2.0,30.0,2.0,100.0,14.285714
1814.0,3.0,30.0,2.0,100.0,33.333332
1815.0,5.0,30.0,2.0,100.0,5.882353
1816.0,10.0,30.0,2.0,100.0,10.0
1817.0,20.0,30.0,2.0,100.0,7.6923075
1818.0,40.0,30.0,2.0,100.0,4.7619047
1819.0,49.0,30.0,2.0,100.0,5.263158
1820.0,0.0,30.0,2.0,100.0,100.0
1821.0,0.5,30.0,2.0,100.0,100.0
1822.0,1.0,30.0,2.0,100.0,33.333332
1823.0,2.0,30.0,2.0,100.0,33.333332
1824.0,3.0,30.0,2.0,100.0,20.0
1825.0,5.0,30.0,2.0,100.0,25.0
1826.0,10.0,30.0,2.0,100.0,9.090909
1827.0,20.0,30.0,2.0,100.0,5.882353
1828.0,40.0,30.0,2.0,100.0,4.5454545
1829.0,49.0,30.0,2.0,100.0,5.263158
1830.0,0.0,30.0,2.0,100.0,100.0
1831.0,0.5,30.0,2.0,100.0,100.0
1832.0,1.0,30.0,2.0,100.0,33.333332
1833.0,2.0,30.0,2.0,100.0,25.0
1834.0,3.0,30.0,2.0,100.0,33.333332
1835.0,5.0,30.0,2.0,100.0,10.0
1836.0,10.0,30.0,2.0,100.0,6.25
1837.0,20.0,30.0,2.0,100.0,6.25
1838.0,40.0,30.0,2.0,100.0,4.7619047
1839.0,49.0,30.0,2.0,100.0,5.263158
1840.0,0.0,30.0,2.0,100.0,100.0
1841.0,0.5,30.0,2.0,100.0,100.0
1842.0,1.0,30.0,2.0,100.0,100.0
1843.0,2.0,30.0,2.0,100.0,20.0
1844.0,3.0,30.0,2.0,100.0,10.0
1845.0,5.0,30.0,2.0,100.0,9.090909
1846.0,10.0,30.0,2.0,100.0,9.090909
1847.0,20.0,30.0,2.0,100.0,6.6666665
1848.0,40.0,30.0,2.0,100.0,5.0
1849.0,49.0,30.0,2.0,100.0,4.7619047
1850.0,0.0,30.0,2.0,100.0,100.0
1851.0,0.5,30.0,2.0,100.0,100.0
1852.0,1.0,30.0,2.0,100.0,33.333332
1853.0,2.0,30.0,2.0,100.0,7.6923075
1854.0,3.0,30.0,2.0,100.0,16.666666
1855.0,5.0,30.0,2.0,100.0,5.0
1856.0,10.0,30.0,2.0,100.0,5.263158
1857.0,20.0,30.0,2.0,100.0,5.5555553
1858.0,40.0,30.0,2.0,100.0,4.7619047
1859.0,49.0,30.0,2.0,100.0,5.263158
1860.0,0.0,30.0,2.0,100.0,100.0
1861.0,0.5,30.0,2.0,100.0,33.333332
1862.0,1.0,30.0,2.0,100.0,50.0
1863.0,2.0,30.0,2.0,100.0,33.333332
1864.0,3.0,30.0,2.0,100.0,100.0
1865.0,5.0,30.0,2.0,100.0,11.111111
1866.0,10.0,30.0,2.0,100.0,7.6923075
1867.0,20.0,30.0,2.0,100.0,7.6923075
1868.0,40.0,30.0,2.0,100.0,5.882353
1869.0,49.0,30.0,2.0,100.0,5.882353
1870.0,0.0,30.0,2.0,100.0,11.111111
1871.0,0.5,30.0,2.0,100.0,33.333332
1872.0,1.0,30.0,2.0,100.0,100.0
1873.0,2.0,30.0,2.0,100.0,16.666666
1874.0,3.0,30.0,2.0,100.0,50.0
1875.0,5.0,30.0,2.0,100.0,20.0
1876.0,10.0,30.0,2.0,100.0,20.0
1877.0,20.0,30.0,2.0,100.0,7.142857
1878.0,40.0,30.0,2.0,100.0,4.5454545
1879.0,49.0,30.0,2.0,100.0,5.0
1880.0,0.0,30.0,2.0,100.0,100.0
1881.0,0.5,30.0,2.0,100.0,100.0
1882.0,1.0,30.0,2.0,100.0,7.6923075
1883.0,2.0,30.0,2.0,100.0,50.0
1884.0,3.0,30.0,2.0,100.0,14.285714
1885.0,5.0,30.0,2.0,100.0,12.5
1886.0,10.0,30.0,2.0,100.0,8.333333
1887.0,20.0,30.0,2.0,100.0,6.6666665
1888.0,40.0,30.0,2.0,100.0,5.5555553
1889.0,49.0,30.0,2.0,100.0,5.263158
1890.0,0.0,30.0,2.0,100.0,100.0
1891.0,0.5,30.0,2.0,100.0,100.0
1892.0,1.0,30.0,2.0,100.0,33.333332
1893.0,2.0,30.0,2.0,100.0,12.5
1894.0,3.0,30.0,2.0,100.0,12.5
1895.0,5.0,30.0,2.0,100.0,7.142857
1896.0,10.0,30.0,2.0,100.0,7.6923075
1897.0,20.0,30.0,2.0,100.0,5.882353
1898.0,40.0,30.0,2.0,100.0,5.5555553
1899.0,49.0,30.0,2.0,100.0,4.7619047
1900.0,0.0,30.0,2.0,100.0,100.0
1901.0,0.5,30.0,2.0,100.0,5.5555553
1902.0,1.0,30.0,2.0,100.0,11.111111
1903.0,2.0,30.0,2.0,100.0,20.0
1904.0,3.0,30.0,2.0,100.0,11.111111
1905.0,5.0,30.0,2.0,100.0,10.0
1906.0,10.0,30.0,2.0,100.0,8.333333
1907.0,20.0,30.0,2.0,100.0,4.7619047
1908.0,40.0,30.0,2.0,100.0,5.0
1909.0,49.0,30.0,2.0,100.0,6.6666665
1910.0,0.0,30.0,2.0,100.0,100.0
1911.0,0.5,30.0,2.0,100.0,9.090909
1912.0,1.0,30.0,2.0,100.0,33.333332
1913.0,2.0,30.0,2.0,100.0,11.111111
1914.0,3.0,30.0,2.0,100.0,33.333332
1915.0,5.0,30.0,2.0,100.0,33.333332
1916.0,10.0,30.0,2.0,100.0,8.333333
1917.0,20.0,30.0,2.0,100.0,6.25
1918.0,40.0,30.0,2.0,100.0,5.5555553
1919.0,49.0,30.0,2.0,100.0,4.7619047
1920.0,0.0,30.0,2.0,100.0,100.0
1921.0,0.5,30.0,2.0,100.0,5.882353
1922.0,1.0,30.0,2.0,100.0,33.333332
1923.0,2.0,30.0,2.0,100.0,14.285714
1924.0,3.0,30.0,2.0,100.0,100.0
1925.0,5.0,30.0,2.0,100.0,12.5
1926.0,10.0,30.0,2.0,100.0,14.285714
1927.0,20.0,30.0,2.0,100.0,7.142857
1928.0,40.0,30.0,2.0,100.0,5.0
1929.0,49.0,30.0,2.0,100.0,4.7619047
1930.0,0.0,30.0,2.0,100.0,100.0
1931.0,0.5,30.0,2.0,100.0,33.333332
1932.0,1.0,30.0,2.0,100.0,100.0
1933.0,2.0,30.0,2.0,100.0,33.333332
1934.0,3.0,30.0,2.0,100.0,7.142857
1935.0,5.0,30.0,2.0,100.0,33.333332
1936.0,10.0,30.0,2.0,100.0,4.7619047
1937.0,20.0,30.0,2.0,100.0,8.333333
1938.0,40.0,30.0,2.0,100.0,4.0
1939.0,49.0,30.0,2.0,100.0,5.263158
1940.0,0.0,30.0,2.0,100.0,100.0
1941.0,0.5,30.0,2.0,100.0,100.0
1942.0,1.0,30.0,2.0,100.0,33.333332
1943.0,2.0,30.0,2.0,100.0,25.0
1944.0,3.0,30.0,2.0,100.0,33.333332
1945.0,5.0,30.0,2.0,100.0,16.666666
1946.0,10.0,30.0,2.0,100.0,10.0
1947.0,20.0,30.0,2.0,100.0,5.5555553
1948.0,40.0,30.0,2.0,100.0,5.0
1949.0,49.0,30.0,2.0,100.0,5.0
1950.0,0.0,30.0,2.0,100.0,100.0
1951.0,0.5,30.0,2.0,100.0,33.333332
1952.0,1.0,30.0,2.0,100.0,33.333332
1953.0,2.0,30.0,2.0,100.0,7.6923075
1954.0,3.0,30.0,2.0,100.0,25.0
1955.0,5.0,30.0,2.0,100.0,12.5
1956.0,10.0,30.0,2.0,100.0,6.6666665
1957.0,20.0,30.0,2.0,100.0,9.090909
1958.0,40.0,30.0,2.0,100.0,5.263158
1959.0,49.0,30.0,2.0,100.0,5.5555553
1960.0,0.0,30.0,2.0,100.0,100.0
1961.0,0.5,30.0,2.0,100.0,100.0
1962.0,1.0,30.0,2.0,100.0,20.0
1963.0,2.0,30.0,2.0,100.0,33.333332
1964.0,3.0,30.0,2.0,100.0,33.333332
1965.0,5.0,30.0,2.0,100.0,25.0
1966.0,10.0,30.0,2.0,100.0,14.285714
1967.0,20.0,30.0,2.0,100.0,6.6666665
1968.0,40.0,30.0,2.0,100.0,5.882353
1969.0,49.0,30.0,2.0,100.0,4.7619047
1970.0,0.0,30.0,2.0,100.0,100.0
1971.0,0.5,30.0,2.0,100.0,100.0
1972.0,1.0,30.0,2.0,100.0,100.0
1973.0,2.0,30.0,2.0,100.0,7.142857
1974.0,3.0,30.0,2.0,100.0,7.6923075
1975.0,5.0,30.0,2.0,100.0,25.0
1976.0,10.0,30.0,2.0,100.0,6.6666665
1977.0,20.0,30.0,2.0,100.0,6.6666665
1978.0,40.0,30.0,2.0,100.0,6.6666665
1979.0,49.0,30.0,2.0,100.0,4.347826
1980.0,0.0,30.0,2.0,100.0,100.0
1981.0,0.5,30.0,2.0,100.0,7.6923075
1982.0,1.0,30.0,2.0,100.0,33.333332
1983.0,2.0,30.0,2.0,100.0,33.333332
1984.0,3.0,30.0,2.0,100.0,12.5
1985.0,5.0,30.0,2.0,100.0,7.142857
1986.0,10.0,30.0,2.0,100.0,5.882353
1987.0,20.0,30.0,2.0,100.0,10.0
1988.0,40.0,30.0,2.0,100.0,4.7619047
1989.0,49.0,30.0,2.0,100.0,4.7619047
1990.0,0.0,30.0,2.0,100.0,100.0
1991.0,0.5,30.0,2.0,100.0,100.0
1992.0,1.0,30.0,2.0,100.0,33.333332
1993.0,2.0,30.0,2.0,100.0,11.111111
1994.0,3.0,30.0,2.0,100.0,16.666666
1995.0,5.0,30.0,2.0,100.0,11.111111
1996.0,10.0,30.0,2.0,100.0,33.333332
1997.0,20.0,30.0,2.0,100.0,6.25
1998.0,40.0,30.0,2.0,100.0,6.6666665
1999.0,49.0,30.0,2.0,100.0,5.263158
2000.0,0.0,40.0,2.0,100.0,100.0
2001.0,0.5,40.0,2.0,100.0,100.0
2002.0,1.0,40.0,2.0,100.0,33.333332
2003.0,2.0,40.0,2.0,100.0,33.333332
2004.0,3.0,40.0,2.0,100.0,33.333332
2005.0,5.0,40.0,2.0,100.0,25.0
2006.0,10.0,40.0,2.0,100.0,20.0
2007.0,20.0,40.0,2.0,100.0,10.0
2008.0,40.0,40.0,2.0,100.0,6.6666665
2009.0,49.0,40.0,2.0,100.0,6.25
2010.0,0.0,40.0,2.0,100.0,100.0
2011.0,0.5,40.0,2.0,100.0,100.0
2012.0,1.0,40.0,2.0,100.0,33.333332
2013.0,2.0,40.0,2.0,100.0,5.5555553
2014.0,3.0,40.0,2.0,100.0,20.0
2015.0,5.0,40.0,2.0,100.0,16.666666
2016.0,10.0,40.0,2.0,100.0,12.5
2017.0,20.0,40.0,2.0,100.0,9.090909
2018.0,40.0,40.0,2.0,100.0,6.25
2019.0,49.0,40.0,2.0,100.0,5.0
2020.0,0.0,40.0,2.0,100.0,100.0
2021.0,0.5,40.0,2.0,100.0,100.0
2022.0,1.0,40.0,2.0,100.0,33.333332
2023.0,2.0,40.0,2.0,100.0,33.333332
2024.0,3.0,40.0,2.0,100.0,33.333332
2025.0,5.0,40.0,2.0,100.0,5.882353
2026.0,10.0,40.0,2.0,100.0,6.6666665
2027.0,20.0,40.0,2.0,100.0,8.333333
2028.0,40.0,40.0,2.0,100.0,4.7619047
2029.0,49.0,40.0,2.0,100.0,4.5454545
2030.0,0.0,40.0,2.0,100.0,100.0
2031.0,0.5,40.0,2.0,100.0,100.0
2032.0,1.0,40.0,2.0,100.0,33.333332
2033.0,2.0,40.0,2.0,100.0,16.666666
2034.0,3.0,40.0,2.0,100.0,20.0
2035.0,5.0,40.0,2.0,100.0,7.142857
2036.0,10.0,40.0,2.0,100.0,11.111111
2037.0,20.0,40.0,2.0,100.0,10.0
2038.0,40.0,40.0,2.0,100.0,5.263158
2039.0,49.0,40.0,2.0,100.0,4.7619047
2040.0,0.0,40.0,2.0,100.0,11.111111
2041.0,0.5,40.0,2.0,100.0,33.333332
2042.0,1.0,40.0,2.0,100.0,33.333332
2043.0,2.0,40.0,2.0,100.0,20.0
2044.0,3.0,40.0,2.0,100.0,7.6923075
2045.0,5.0,40.0,2.0,100.0,6.6666665
2046.0,10.0,40.0,2.0,100.0,7.6923075
2047.0,20.0,40.0,2.0,100.0,5.5555553
2048.0,40.0,40.0,2.0,100.0,5.263158
2049.0,49.0,40.0,2.0,100.0,4.0
2050.0,0.0,40.0,2.0,100.0,100.0
2051.0,0.5,40.0,2.0,100.0,100.0
2052.0,1.0,40.0,2.0,100.0,33.333332
2053.0,2.0,40.0,2.0,100.0,12.5
2054.0,3.0,40.0,2.0,100.0,25.0
2055.0,5.0,40.0,2.0,100.0,9.090909
2056.0,10.0,40.0,2.0,100.0,7.142857
2057.0,20.0,40.0,2.0,100.0,11.111111
2058.0,40.0,40.0,2.0,100.0,5.882353
2059.0,49.0,40.0,2.0,100.0,5.263158
2060.0,0.0,40.0,2.0,100.0,100.0
2061.0,0.5,40.0,2.0,100.0,33.333332
2062.0,1.0,40.0,2.0,100.0,50.0
2063.0,2.0,40.0,2.0,100.0,33.333332
2064.0,3.0,40.0,2.0,100.0,20.0
2065.0,5.0,40.0,2.0,100.0,12.5
2066.0,10.0,40.0,2.0,100.0,11.111111
2067.0,20.0,40.0,2.0,100.0,4.5454545
2068.0,40.0,40.0,2.0,100.0,6.25
2069.0,49.0,40.0,2.0,100.0,4.7619047
2070.0,0.0,40.0,2.0,100.0,100.0
2071.0,0.5,40.0,2.0,100.0,33.333332
2072.0,1.0,40.0,2.0,100.0,33.333332
2073.0,2.0,40.0,2.0,100.0,6.6666665
2074.0,3.0,40.0,2.0,100.0,14.285714
2075.0,5.0,40.0,2.0,100.0,25.0
2076.0,10.0,40.0,2.0,100.0,9.090909
2077.0,20.0,40.0,2.0,100.0,7.6923075
2078.0,40.0,40.0,2.0,100.0,5.882353
2079.0,49.0,40.0,2.0,100.0,5.263158
2080.0,0.0,40.0,2.0,100.0,100.0
2081.0,0.5,40.0,2.0,100.0,100.0
2082.0,1.0,40.0,2.0,100.0,5.882353
2083.0,2.0,40.0,2.0,100.0,33.333332
2084.0,3.0,40.0,2.0,100.0,12.5
2085.0,5.0,40.0,2.0,100.0,16.666666
2086.0,10.0,40.0,2.0,100.0,14.285714
2087.0,20.0,40.0,2.0,100.0,7.142857
2088.0,40.0,40.0,2.0,100.0,6.6666665
2089.0,49.0,40.0,2.0,100.0,4.347826
2090.0,0.0,40.0,2.0,100.0,100.0
2091.0,0.5,40.0,2.0,100.0,33.333332
2092.0,1.0,40.0,2.0,100.0,50.0
2093.0,2.0,40.0,2.0,100.0,33.333332
2094.0,3.0,40.0,2.0,100.0,50.0
2095.0,5.0,40.0,2.0,100.0,6.25
2096.0,10.0,40.0,2.0,100.0,11.111111
2097.0,20.0,40.0,2.0,100.0,9.090909
2098.0,40.0,40.0,2.0,100.0,6.6666665
2099.0,49.0,40.0,2.0,100.0,4.7619047
2100.0,0.0,40.0,2.0,100.0,100.0
2101.0,0.5,40.0,2.0,100.0,25.0
2102.0,1.0,40.0,2.0,100.0,16.666666
2103.0,2.0,40.0,2.0,100.0,33.333332
2104.0,3.0,40.0,2.0,100.0,50.0
2105.0,5.0,40.0,2.0,100.0,12.5
2106.0,10.0,40.0,2.0,100.0,4.7619047
2107.0,20.0,40.0,2.0,100.0,8.333333
2108.0,40.0,40.0,2.0,100.0,4.347826
2109.0,49.0,40.0,2.0,100.0,5.263158
2110.0,0.0,40.0,2.0,100.0,100.0
2111.0,0.5,40.0,2.0,100.0,100.0
2112.0,1.0,40.0,2.0,100.0,20.0
2113.0,2.0,40.0,2.0,100.0,20.0
2114.0,3.0,40.0,2.0,100.0,11.111111
2115.0,5.0,40.0,2.0,100.0,33.333332
2116.0,10.0,40.0,2.0,100.0,7.6923075
2117.0,20.0,40.0,2.0,100.0,4.7619047
2118.0,40.0,40.0,2.0,100.0,5.882353
2119.0,49.0,40.0,2.0,100.0,4.7619047
2120.0,0.0,40.0,2.0,100.0,100.0
2121.0,0.5,40.0,2.0,100.0,6.6666665
2122.0,1.0,40.0,2.0,100.0,33.333332
2123.0,2.0,40.0,2.0,100.0,25.0
2124.0,3.0,40.0,2.0,100.0,20.0
2125.0,5.0,40.0,2.0,100.0,8.333333
2126.0,10.0,40.0,2.0,100.0,4.7619047
2127.0,20.0,40.0,2.0,100.0,5.263158
2128.0,40.0,40.0,2.0,100.0,4.7619047
2129.0,49.0,40.0,2.0,100.0,6.6666665
2130.0,0.0,40.0,2.0,100.0,100.0
2131.0,0.5,40.0,2.0,100.0,33.333332
2132.0,1.0,40.0,2.0,100.0,11.111111
2133.0,2.0,40.0,2.0,100.0,33.333332
2134.0,3.0,40.0,2.0,100.0,33.333332
2135.0,5.0,40.0,2.0,100.0,14.285714
2136.0,10.0,40.0,2.0,100.0,11.111111
2137.0,20.0,40.0,2.0,100.0,5.263158
2138.0,40.0,40.0,2.0,100.0,5.263158
2139.0,49.0,40.0,2.0,100.0,5.263158
2140.0,0.0,40.0,2.0,100.0,100.0
2141.0,0.5,40.0,2.0,100.0,33.333332
2142.0,1.0,40.0,2.0,100.0,33.333332
2143.0,2.0,40.0,2.0,100.0,33.333332
2144.0,3.0,40.0,2.0,100.0,9.090909
2145.0,5.0,40.0,2.0,100.0,7.142857
2146.0,10.0,40.0,2.0,100.0,16.666666
2147.0,20.0,40.0,2.0,100.0,6.25
2148.0,40.0,40.0,2.0,100.0,5.882353
2149.0,49.0,40.0,2.0,100.0,5.882353
2150.0,0.0,40.0,2.0,100.0,100.0
2151.0,0.5,40.0,2.0,100.0,100.0
2152.0,1.0,40.0,2.0,100.0,100.0
2153.0,2.0,40.0,2.0,100.0,5.882353
2154.0,3.0,40.0,2.0,100.0,5.882353
2155.0,5.0,40.0,2.0,100.0,6.6666665
2156.0,10.0,40.0,2.0,100.0,14.285714
2157.0,20.0,40.0,2.0,100.0,6.6666665
2158.0,40.0,40.0,2.0,100.0,6.25
2159.0,49.0,40.0,2.0,100.0,5.882353
2160.0,0.0,40.0,2.0,100.0,100.0
2161.0,0.5,40.0,2.0,100.0,33.333332
2162.0,1.0,40.0,2.0,100.0,100.0
2163.0,2.0,40.0,2.0,100.0,4.7619047
2164.0,3.0,40.0,2.0,100.0,33.333332
2165.0,5.0,40.0,2.0,100.0,9.090909
2166.0,10.0,40.0,2.0,100.0,11.111111
2167.0,20.0,40.0,2.0,100.0,6.6666665
2168.0,40.0,40.0,2.0,100.0,4.347826
2169.0,49.0,40.0,2.0,100.0,4.7619047
2170.0,0.0,40.0,2.0,100.0,100.0
2171.0,0.5,40.0,2.0,100.0,50.0
2172.0,1.0,40.0,2.0,100.0,33.333332
2173.0,2.0,40.0,2.0,100.0,14.285714
2174.0,3.0,40.0,2.0,100.0,33.333332
2175.0,5.0,40.0,2.0,100.0,11.111111
2176.0,10.0,40.0,2.0,100.0,7.142857
2177.0,20.0,40.0,2.0,100.0,6.6666665
2178.0,40.0,40.0,2.0,100.0,4.347826
2179.0,49.0,40.0,2.0,100.0,5.263158
2180.0,0.0,40.0,2.0,100.0,33.333332
2181.0,0.5,40.0,2.0,100.0,100.0
2182.0,1.0,40.0,2.0,100.0,100.0
2183.0,2.0,40.0,2.0,100.0,33.333332
2184.0,3.0,40.0,2.0,100.0,33.333332
2185.0,5.0,40.0,2.0,100.0,33.333332
2186.0,10.0,40.0,2.0,100.0,6.6666665
2187.0,20.0,40.0,2.0,100.0,7.6923075
2188.0,40.0,40.0,2.0,100.0,5.263158
2189.0,49.0,40.0,2.0,100.0,4.347826
2190.0,0.0,40.0,2.0,100.0,100.0
2191.0,0.5,40.0,2.0,100.0,100.0
2192.0,1.0,40.0,2.0,100.0,25.0
2193.0,2.0,40.0,2.0,100.0,25.0
2194.0,3.0,40.0,2.0,100.0,33.333332
2195.0,5.0,40.0,2.0,100.0,10.0
2196.0,10.0,40.0,2.0,100.0,7.142857
2197.0,20.0,40.0,2.0,100.0,7.142857
2198.0,40.0,40.0,2.0,100.0,6.25
2199.0,49.0,40.0,2.0,100.0,5.5555553
2200.0,0.0,40.0,2.0,100.0,100.0
2201.0,0.5,40.0,2.0,100.0,100.0
2202.0,1.0,40.0,2.0,100.0,100.0
2203.0,2.0,40.0,2.0,100.0,33.333332
2204.0,3.0,40.0,2.0,100.0,20.0
2205.0,5.0,40.0,2.0,100.0,14.285714
2206.0,10.0,40.0,2.0,100.0,16.666666
2207.0,20.0,40.0,2.0,100.0,14.285714
2208.0,40.0,40.0,2.0,100.0,5.263158
2209.0,49.0,40.0,2.0,100.0,4.7619047
2210.0,0.0,40.0,2.0,100.0,100.0
2211.0,0.5,40.0,2.0,100.0,100.0
2212.0,1.0,40.0,2.0,100.0,33.333332
2213.0,2.0,40.0,2.0,100.0,33.333332
2214.0,3.0,40.0,2.0,100.0,20.0
2215.0,5.0,40.0,2.0,100.0,12.5
2216.0,10.0,40.0,2.0,100.0,14.285714
2217.0,20.0,40.0,2.0,100.0,5.882353
2218.0,40.0,40.0,2.0,100.0,9.090909
2219.0,49.0,40.0,2.0,100.0,6.6666665
2220.0,0.0,40.0,2.0,100.0,100.0
2221.0,0.5,40.0,2.0,100.0,11.111111
2222.0,1.0,40.0,2.0,100.0,33.333332
2223.0,2.0,40.0,2.0,100.0,25.0
2224.0,3.0,40.0,2.0,100.0,33.333332
2225.0,5.0,40.0,2.0,100.0,6.6666665
2226.0,10.0,40.0,2.0,100.0,9.090909
2227.0,20.0,40.0,2.0,100.0,5.5555553
2228.0,40.0,40.0,2.0,100.0,5.263158
2229.0,49.0,40.0,2.0,100.0,6.25
2230.0,0.0,40.0,2.0,100.0,100.0
2231.0,0.5,40.0,2.0,100.0,5.882353
2232.0,1.0,40.0,2.0,100.0,50.0
2233.0,2.0,40.0,2.0,100.0,33.333332
2234.0,3.0,40.0,2.0,100.0,33.333332
2235.0,5.0,40.0,2.0,100.0,20.0
2236.0,10.0,40.0,2.0,100.0,11.111111
2237.0,20.0,40.0,2.0,100.0,9.090909
2238.0,40.0,40.0,2.0,100.0,4.5454545
2239.0,49.0,40.0,2.0,100.0,3.8461537
2240.0,0.0,40.0,2.0,100.0,100.0
2241.0,0.5,40.0,2.0,100.0,100.0
2242.0,1.0,40.0,2.0,100.0,33.333332
2243.0,2.0,40.0,2.0,100.0,9.090909
2244.0,3.0,40.0,2.0,100.0,20.0
2245.0,5.0,40.0,2.0,100.0,20.0
2246.0,10.0,40.0,2.0,100.0,11.111111
2247.0,20.0,40.0,2.0,100.0,5.0
2248.0,40.0,40.0,2.0,100.0,5.263158
2249.0,49.0,40.0,2.0,100.0,4.7619047
2250.0,0.0,40.0,2.0,100.0,100.0
2251.0,0.5,40.0,2.0,100.0,33.333332
2252.0,1.0,40.0,2.0,100.0,33.333332
2253.0,2.0,40.0,2.0,100.0,33.333332
2254.0,3.0,40.0,2.0,100.0,50.0
2255.0,5.0,40.0,2.0,100.0,12.5
2256.0,10.0,40.0,2.0,100.0,9.090909
2257.0,20.0,40.0,2.0,100.0,8.333333
2258.0,40.0,40.0,2.0,100.0,7.6923075
2259.0,49.0,40.0,2.0,100.0,5.263158
2260.0,0.0,40.0,2.0,100.0,100.0
2261.0,0.5,40.0,2.0,100.0,33.333332
2262.0,1.0,40.0,2.0,100.0,100.0
2263.0,2.0,40.0,2.0,100.0,25.0
2264.0,3.0,40.0,2.0,100.0,6.25
2265.0,5.0,40.0,2.0,100.0,12.5
2266.0,10.0,40.0,2.0,100.0,11.111111
2267.0,20.0,40.0,2.0,100.0,5.263158
2268.0,40.0,40.0,2.0,100.0,4.347826
2269.0,49.0,40.0,2.0,100.0,4.1666665
2270.0,0.0,40.0,2.0,100.0,100.0
2271.0,0.5,40.0,2.0,100.0,100.0
2272.0,1.0,40.0,2.0,100.0,100.0
2273.0,2.0,40.0,2.0,100.0,100.0
2274.0,3.0,40.0,2.0,100.0,20.0
2275.0,5.0,40.0,2.0,100.0,4.5454545
2276.0,10.0,40.0,2.0,100.0,5.882353
2277.0,20.0,40.0,2.0,100.0,6.25
2278.0,40.0,40.0,2.0,100.0,5.882353
2279.0,49.0,40.0,2.0,100.0,4.7619047
2280.0,0.0,40.0,2.0,100.0,100.0
2281.0,0.5,40.0,2.0,100.0,33.333332
2282.0,1.0,40.0,2.0,100.0,33.333332
2283.0,2.0,40.0,2.0,100.0,50.0
2284.0,3.0,40.0,2.0,100.0,12.5
2285.0,5.0,40.0,2.0,100.0,12.5
2286.0,10.0,40.0,2.0,100.0,11.111111
2287.0,20.0,40.0,2.0,100.0,9.090909
2288.0,40.0,40.0,2.0,100.0,5.5555553
2289.0,49.0,40.0,2.0,100.0,4.347826
2290.0,0.0,40.0,2.0,100.0,100.0
2291.0,0.5,40.0,2.0,100.0,100.0
2292.0,1.0,40.0,2.0,100.0,33.333332
2293.0,2.0,40.0,2.0,100.0,7.6923075
2294.0,3.0,40.0,2.0,100.0,6.6666665
2295.0,5.0,40.0,2.0,100.0,6.25
2296.0,10.0,40.0,2.0,100.0,12.5
2297.0,20.0,40.0,2.0,100.0,10.0
2298.0,40.0,40.0,2.0,100.0,5.882353
2299.0,49.0,40.0,2.0,100.0,5.5555553
2300.0,0.0,40.0,2.0,100.0,100.0
2301.0,0.5,40.0,2.0,100.0,5.882353
2302.0,1.0,40.0,2.0,100.0,33.333332
2303.0,2.0,40.0,2.0,100.0,33.333332
2304.0,3.0,40.0,2.0,100.0,10.0
2305.0,5.0,40.0,2.0,100.0,14.285714
2306.0,10.0,40.0,2.0,100.0,9.090909
2307.0,20.0,40.0,2.0,100.0,14.285714
2308.0,40.0,40.0,2.0,100.0,4.7619047
2309.0,49.0,40.0,2.0,100.0,4.1666665
2310.0,0.0,40.0,2.0,100.0,11.111111
2311.0,0.5,40.0,2.0,100.0,33.333332
2312.0,1.0,40.0,2.0,100.0,25.0
2313.0,2.0,40.0,2.0,100.0,33.333332
2314.0,3.0,40.0,2.0,100.0,33.333332
2315.0,5.0,40.0,2.0,100.0,5.882353
2316.0,10.0,40.0,2.0,100.0,6.25
2317.0,20.0,40.0,2.0,100.0,5.263158
2318.0,40.0,40.0,2.0,100.0,6.6666665
2319.0,49.0,40.0,2.0,100.0,4.347826
2320.0,0.0,40.0,2.0,100.0,100.0
2321.0,0.5,40.0,2.0,100.0,100.0
2322.0,1.0,40.0,2.0,100.0,100.0
2323.0,2.0,40.0,2.0,100.0,20.0
2324.0,3.0,40.0,2.0,100.0,33.333332
2325.0,5.0,40.0,2.0,100.0,7.142857
2326.0,10.0,40.0,2.0,100.0,11.111111
2327.0,20.0,40.0,2.0,100.0,9.090909
2328.0,40.0,40.0,2.0,100.0,6.6666665
2329.0,49.0,40.0,2.0,100.0,4.5454545
2330.0,0.0,40.0,2.0,100.0,100.0
2331.0,0.5,40.0,2.0,100.0,33.333332
2332.0,1.0,40.0,2.0,100.0,10.0
2333.0,2.0,40.0,2.0,100.0,100.0
2334.0,3.0,40.0,2.0,100.0,20.0
2335.0,5.0,40.0,2.0,100.0,16.666666
2336.0,10.0,40.0,2.0,100.0,16.666666
2337.0,20.0,40.0,2.0,100.0,7.142857
2338.0,40.0,40.0,2.0,100.0,7.142857
2339.0,49.0,40.0,2.0,100.0,4.347826
2340.0,0.0,40.0,2.0,100.0,100.0
2341.0,0.5,40.0,2.0,100.0,100.0
2342.0,1.0,40.0,2.0,100.0,33.333332
2343.0,2.0,40.0,2.0,100.0,100.0
2344.0,3.0,40.0,2.0,100.0,100.0
2345.0,5.0,40.0,2.0,100.0,33.333332
2346.0,10.0,40.0,2.0,100.0,10.0
2347.0,20.0,40.0,2.0,100.0,7.142857
2348.0,40.0,40.0,2.0,100.0,5.882353
2349.0,49.0,40.0,2.0,100.0,5.263158
2350.0,0.0,40.0,2.0,100.0,100.0
2351.0,0.5,40.0,2.0,100.0,25.0
2352.0,1.0,40.0,2.0,100.0,33.333332
2353.0,2.0,40.0,2.0,100.0,33.333332
2354.0,3.0,40.0,2.0,100.0,5.882353
2355.0,5.0,40.0,2.0,100.0,33.333332
2356.0,10.0,40.0,2.0,100.0,7.142857
2357.0,20.0,40.0,2.0,100.0,7.142857
2358.0,40.0,40.0,2.0,100.0,6.6666665
2359.0,49.0,40.0,2.0,100.0,4.7619047
2360.0,0.0,40.0,2.0,100.0,100.0
2361.0,0.5,40.0,2.0,100.0,33.333332
2362.0,1.0,40.0,2.0,100.0,100.0
2363.0,2.0,40.0,2.0,100.0,100.0
2364.0,3.0,40.0,2.0,100.0,33.333332
2365.0,5.0,40.0,2.0,100.0,11.111111
2366.0,10.0,40.0,2.0,100.0,12.5
2367.0,20.0,40.0,2.0,100.0,7.6923075
2368.0,40.0,40.0,2.0,100.0,4.7619047
2369.0,49.0,40.0,2.0,100.0,4.7619047
2370.0,0.0,40.0,2.0,100.0,100.0
2371.0,0.5,40.0,2.0,100.0,100.0
2372.0,1.0,40.0,2.0,100.0,33.333332
2373.0,2.0,40.0,2.0,100.0,10.0
2374.0,3.0,40.0,2.0,100.0,16.666666
2375.0,5.0,40.0,2.0,100.0,5.263158
2376.0,10.0,40.0,2.0,100.0,5.263158
2377.0,20.0,40.0,2.0,100.0,6.6666665
2378.0,40.0,40.0,2.0,100.0,5.882353
2379.0,49.0,40.0,2.0,100.0,4.7619047
2380.0,0.0,40.0,2.0,100.0,100.0
2381.0,0.5,40.0,2.0,100.0,25.0
2382.0,1.0,40.0,2.0,100.0,8.333333
2383.0,2.0,40.0,2.0,100.0,14.285714
2384.0,3.0,40.0,2.0,100.0,5.0
2385.0,5.0,40.0,2.0,100.0,12.5
2386.0,10.0,40.0,2.0,100.0,14.285714
2387.0,20.0,40.0,2.0,100.0,3.4482758
2388.0,40.0,40.0,2.0,100.0,6.6666665
2389.0,49.0,40.0,2.0,100.0,5.0
2390.0,0.0,40.0,2.0,100.0,100.0
2391.0,0.5,40.0,2.0,100.0,14.285714
2392.0,1.0,40.0,2.0,100.0,25.0
2393.0,2.0,40.0,2.0,100.0,25.0
2394.0,3.0,40.0,2.0,100.0,50.0
2395.0,5.0,40.0,2.0,100.0,33.333332
2396.0,10.0,40.0,2.0,100.0,12.5
2397.0,20.0,40.0,2.0,100.0,5.5555553
2398.0,40.0,40.0,2.0,100.0,4.7619047
2399.0,49.0,40.0,2.0,100.0,5.0
2400.0,0.0,40.0,2.0,100.0,100.0
2401.0,0.5,40.0,2.0,100.0,100.0
2402.0,1.0,40.0,2.0,100.0,100.0
2403.0,2.0,40.0,2.0,100.0,33.333332
2404.0,3.0,40.0,2.0,100.0,33.333332
2405.0,5.0,40.0,2.0,100.0,33.333332
2406.0,10.0,40.0,2.0,100.0,14.285714
2407.0,20.0,40.0,2.0,100.0,8.333333
2408.0,40.0,40.0,2.0,100.0,4.1666665
2409.0,49.0,40.0,2.0,100.0,4.7619047
2410.0,0.0,40.0,2.0,100.0,100.0
2411.0,0.5,40.0,2.0,100.0,100.0
2412.0,1.0,40.0,2.0,100.0,12.5
2413.0,2.0,40.0,2.0,100.0,33.333332
2414.0,3.0,40.0,2.0,100.0,25.0
2415.0,5.0,40.0,2.0,100.0,25.0
2416.0,10.0,40.0,2.0,100.0,9.090909
2417.0,20.0,40.0,2.0,100.0,7.6923075
2418.0,40.0,40.0,2.0,100.0,4.347826
2419.0,49.0,40.0,2.0,100.0,5.263158
2420.0,0.0,40.0,2.0,100.0,100.0
2421.0,0.5,40.0,2.0,100.0,33.333332
2422.0,1.0,40.0,2.0,100.0,33.333332
2423.0,2.0,40.0,2.0,100.0,9.090909
2424.0,3.0,40.0,2.0,100.0,33.333332
2425.0,5.0,40.0,2.0,100.0,33.333332
2426.0,10.0,40.0,2.0,100.0,7.142857
2427.0,20.0,40.0,2.0,100.0,11.111111
2428.0,40.0,40.0,2.0,100.0,5.0
2429.0,49.0,40.0,2.0,100.0,5.263158
2430.0,0.0,40.0,2.0,100.0,100.0
2431.0,0.5,40.0,2.0,100.0,6.6666665
2432.0,1.0,40.0,2.0,100.0,33.333332
2433.0,2.0,40.0,2.0,100.0,12.5
2434.0,3.0,40.0,2.0,100.0,20.0
2435.0,5.0,40.0,2.0,100.0,10.0
2436.0,10.0,40.0,2.0,100.0,7.142857
2437.0,20.0,40.0,2.0,100.0,6.6666665
2438.0,40.0,40.0,2.0,100.0,5.5555553
2439.0,49.0,40.0,2.0,100.0,4.7619047
2440.0,0.0,40.0,2.0,100.0,100.0
2441.0,0.5,40.0,2.0,100.0,100.0
2442.0,1.0,40.0,2.0,100.0,100.0
2443.0,2.0,40.0,2.0,100.0,33.333332
2444.0,3.0,40.0,2.0,100.0,25.0
2445.0,5.0,40.0,2.0,100.0,14.285714
2446.0,10.0,40.0,2.0,100.0,14.285714
2447.0,20.0,40.0,2.0,100.0,8.333333
2448.0,40.0,40.0,2.0,100.0,6.6666665
2449.0,49.0,40.0,2.0,100.0,5.263158
2450.0,0.0,40.0,2.0,100.0,100.0
2451.0,0.5,40.0,2.0,100.0,33.333332
2452.0,1.0,40.0,2.0,100.0,20.0
2453.0,2.0,40.0,2.0,100.0,33.333332
2454.0,3.0,40.0,2.0,100.0,25.0
2455.0,5.0,40.0,2.0,100.0,12.5
2456.0,10.0,40.0,2.0,100.0,5.882353
2457.0,20.0,40.0,2.0,100.0,5.263158
2458.0,40.0,40.0,2.0,100.0,4.5454545
2459.0,49.0,40.0,2.0,100.0,5.263158
2460.0,0.0,40.0,2.0,100.0,100.0
2461.0,0.5,40.0,2.0,100.0,100.0
2462.0,1.0,40.0,2.0,100.0,100.0
2463.0,2.0,40.0,2.0,100.0,16.666666
2464.0,3.0,40.0,2.0,100.0,9.090909
2465.0,5.0,40.0,2.0,100.0,7.142857
2466.0,10.0,40.0,2.0,100.0,8.333333
2467.0,20.0,40.0,2.0,100.0,8.333333
2468.0,40.0,40.0,2.0,100.0,4.7619047
2469.0,49.0,40.0,2.0,100.0,5.5555553
2470.0,0.0,40.0,2.0,100.0,7.6923075
2471.0,0.5,40.0,2.0,100.0,100.0
2472.0,1.0,40.0,2.0,100.0,100.0
2473.0,2.0,40.0,2.0,100.0,9.090909
2474.0,3.0,40.0,2.0,100.0,10.0
2475.0,5.0,40.0,2.0,100.0,10.0
2476.0,10.0,40.0,2.0,100.0,25.0
2477.0,20.0,40.0,2.0,100.0,6.25
2478.0,40.0,40.0,2.0,100.0,4.7619047
2479.0,49.0,40.0,2.0,100.0,5.5555553
2480.0,0.0,40.0,2.0,100.0,100.0
2481.0,0.5,40.0,2.0,100.0,33.333332
2482.0,1.0,40.0,2.0,100.0,14.285714
2483.0,2.0,40.0,2.0,100.0,33.333332
2484.0,3.0,40.0,2.0,100.0,33.333332
2485.0,5.0,40.0,2.0,100.0,7.6923075
2486.0,10.0,40.0,2.0,100.0,10.0
2487.0,20.0,40.0,2.0,100.0,9.090909
2488.0,40.0,40.0,2.0,100.0,5.882353
2489.0,49.0,40.0,2.0,100.0,4.5454545
2490.0,0.0,40.0,2.0,100.0,100.0
2491.0,0.5,40.0,2.0,100.0,6.6666665
2492.0,1.0,40.0,2.0,100.0,100.0
2493.0,2.0,40.0,2.0,100.0,33.333332
2494.0,3.0,40.0,2.0,100.0,10.0
2495.0,5.0,40.0,2.0,100.0,16.666666
2496.0,10.0,40.0,2.0,100.0,7.142857
2497.0,20.0,40.0,2.0,100.0,4.7619047
2498.0,40.0,40.0,2.0,100.0,4.5454545
2499.0,49.0,40.0,2.0,100.0,5.882353
2500.0,0.0,50.0,2.0,100.0,100.0
2501.0,0.5,50.0,2.0,100.0,33.333332
2502.0,1.0,50.0,2.0,100.0,50.0
2503.0,2.0,50.0,2.0,100.0,33.333332
2504.0,3.0,50.0,2.0,100.0,33.333332
2505.0,5.0,50.0,2.0,100.0,9.090909
2506.0,10.0,50.0,2.0,100.0,14.285714
2507.0,20.0,50.0,2.0,100.0,20.0
2508.0,40.0,50.0,2.0,100.0,6.25
2509.0,49.0,50.0,2.0,100.0,5.5555553
2510.0,0.0,50.0,2.0,100.0,100.0
2511.0,0.5,50.0,2.0,100.0,33.333332
2512.0,1.0,50.0,2.0,100.0,100.0
2513.0,2.0,50.0,2.0,100.0,33.333332
2514.0,3.0,50.0,2.0,100.0,25.0
2515.0,5.0,50.0,2.0,100.0,7.142857
2516.0,10.0,50.0,2.0,100.0,12.5
2517.0,20.0,50.0,2.0,100.0,8.333333
2518.0,40.0,50.0,2.0,100.0,6.6666665
2519.0,49.0,50.0,2.0,100.0,5.882353
2520.0,0.0,50.0,2.0,100.0,100.0
2521.0,0.5,50.0,2.0,100.0,33.333332
2522.0,1.0,50.0,2.0,100.0,33.333332
2523.0,2.0,50.0,2.0,100.0,9.090909
2524.0,3.0,50.0,2.0,100.0,100.0
2525.0,5.0,50.0,2.0,100.0,16.666666
2526.0,10.0,50.0,2.0,100.0,9.090909
2527.0,20.0,50.0,2.0,100.0,9.090909
2528.0,40.0,50.0,2.0,100.0,4.7619047
2529.0,49.0,50.0,2.0,100.0,6.6666665
2530.0,0.0,50.0,2.0,100.0,100.0
2531.0,0.5,50.0,2.0,100.0,50.0
2532.0,1.0,50.0,2.0,100.0,100.0
2533.0,2.0,50.0,2.0,100.0,33.333332
2534.0,3.0,50.0,2.0,100.0,25.0
2535.0,5.0,50.0,2.0,100.0,16.666666
2536.0,10.0,50.0,2.0,100.0,12.5
2537.0,20.0,50.0,2.0,100.0,6.25
2538.0,40.0,50.0,2.0,100.0,5.5555553
2539.0,49.0,50.0,2.0,100.0,4.7619047
2540.0,0.0,50.0,2.0,100.0,100.0
2541.0,0.5,50.0,2.0,100.0,100.0
2542.0,1.0,50.0,2.0,100.0,100.0
2543.0,2.0,50.0,2.0,100.0,33.333332
2544.0,3.0,50.0,2.0,100.0,25.0
2545.0,5.0,50.0,2.0,100.0,10.0
2546.0,10.0,50.0,2.0,100.0,16.666666
2547.0,20.0,50.0,2.0,100.0,9.090909
2548.0,40.0,50.0,2.0,100.0,4.5454545
2549.0,49.0,50.0,2.0,100.0,5.5555553
2550.0,0.0,50.0,2.0,100.0,100.0
2551.0,0.5,50.0,2.0,100.0,100.0
2552.0,1.0,50.0,2.0,100.0,33.333332
2553.0,2.0,50.0,2.0,100.0,8.333333
2554.0,3.0,50.0,2.0,100.0,33.333332
2555.0,5.0,50.0,2.0,100.0,33.333332
2556.0,10.0,50.0,2.0,100.0,6.6666665
2557.0,20.0,50.0,2.0,100.0,9.090909
2558.0,40.0,50.0,2.0,100.0,7.142857
2559.0,49.0,50.0,2.0,100.0,5.263158
2560.0,0.0,50.0,2.0,100.0,100.0
2561.0,0.5,50.0,2.0,100.0,100.0
2562.0,1.0,50.0,2.0,100.0,12.5
2563.0,2.0,50.0,2.0,100.0,16.666666
2564.0,3.0,50.0,2.0,100.0,16.666666
2565.0,5.0,50.0,2.0,100.0,33.333332
2566.0,10.0,50.0,2.0,100.0,20.0
2567.0,20.0,50.0,2.0,100.0,8.333333
2568.0,40.0,50.0,2.0,100.0,5.5555553
2569.0,49.0,50.0,2.0,100.0,5.263158
2570.0,0.0,50.0,2.0,100.0,100.0
2571.0,0.5,50.0,2.0,100.0,100.0
2572.0,1.0,50.0,2.0,100.0,33.333332
2573.0,2.0,50.0,2.0,100.0,50.0
2574.0,3.0,50.0,2.0,100.0,50.0
2575.0,5.0,50.0,2.0,100.0,33.333332
2576.0,10.0,50.0,2.0,100.0,16.666666
2577.0,20.0,50.0,2.0,100.0,11.111111
2578.0,40.0,50.0,2.0,100.0,5.882353
2579.0,49.0,50.0,2.0,100.0,5.263158
2580.0,0.0,50.0,2.0,100.0,100.0
2581.0,0.5,50.0,2.0,100.0,20.0
2582.0,1.0,50.0,2.0,100.0,33.333332
2583.0,2.0,50.0,2.0,100.0,10.0
2584.0,3.0,50.0,2.0,100.0,33.333332
2585.0,5.0,50.0,2.0,100.0,20.0
2586.0,10.0,50.0,2.0,100.0,14.285714
2587.0,20.0,50.0,2.0,100.0,9.090909
2588.0,40.0,50.0,2.0,100.0,5.5555553
2589.0,49.0,50.0,2.0,100.0,5.263158
2590.0,0.0,50.0,2.0,100.0,33.333332
2591.0,0.5,50.0,2.0,100.0,100.0
2592.0,1.0,50.0,2.0,100.0,14.285714
2593.0,2.0,50.0,2.0,100.0,10.0
2594.0,3.0,50.0,2.0,100.0,25.0
2595.0,5.0,50.0,2.0,100.0,14.285714
2596.0,10.0,50.0,2.0,100.0,8.333333
2597.0,20.0,50.0,2.0,100.0,5.882353
2598.0,40.0,50.0,2.0,100.0,5.0
2599.0,49.0,50.0,2.0,100.0,4.5454545
2600.0,0.0,50.0,2.0,100.0,100.0
2601.0,0.5,50.0,2.0,100.0,100.0
2602.0,1.0,50.0,2.0,100.0,33.333332
2603.0,2.0,50.0,2.0,100.0,7.142857
2604.0,3.0,50.0,2.0,100.0,33.333332
2605.0,5.0,50.0,2.0,100.0,20.0
2606.0,10.0,50.0,2.0,100.0,14.285714
2607.0,20.0,50.0,2.0,100.0,9.090909
2608.0,40.0,50.0,2.0,100.0,4.5454545
2609.0,49.0,50.0,2.0,100.0,6.6666665
2610.0,0.0,50.0,2.0,100.0,100.0
2611.0,0.5,50.0,2.0,100.0,33.333332
2612.0,1.0,50.0,2.0,100.0,33.333332
2613.0,2.0,50.0,2.0,100.0,20.0
2614.0,3.0,50.0,2.0,100.0,33.333332
2615.0,5.0,50.0,2.0,100.0,25.0
2616.0,10.0,50.0,2.0,100.0,8.333333
2617.0,20.0,50.0,2.0,100.0,5.882353
2618.0,40.0,50.0,2.0,100.0,4.7619047
2619.0,49.0,50.0,2.0,100.0,4.0
2620.0,0.0,50.0,2.0,100.0,100.0
2621.0,0.5,50.0,2.0,100.0,100.0
2622.0,1.0,50.0,2.0,100.0,14.285714
2623.0,2.0,50.0,2.0,100.0,16.666666
2624.0,3.0,50.0,2.0,100.0,33.333332
2625.0,5.0,50.0,2.0,100.0,25.0
2626.0,10.0,50.0,2.0,100.0,16.666666
2627.0,20.0,50.0,2.0,100.0,12.5
2628.0,40.0,50.0,2.0,100.0,4.347826
2629.0,49.0,50.0,2.0,100.0,4.7619047
2630.0,0.0,50.0,2.0,100.0,100.0
2631.0,0.5,50.0,2.0,100.0,25.0
2632.0,1.0,50.0,2.0,100.0,20.0
2633.0,2.0,50.0,2.0,100.0,33.333332
2634.0,3.0,50.0,2.0,100.0,33.333332
2635.0,5.0,50.0,2.0,100.0,14.285714
2636.0,10.0,50.0,2.0,100.0,25.0
2637.0,20.0,50.0,2.0,100.0,16.666666
2638.0,40.0,50.0,2.0,100.0,6.25
2639.0,49.0,50.0,2.0,100.0,5.0
2640.0,0.0,50.0,2.0,100.0,100.0
2641.0,0.5,50.0,2.0,100.0,25.0
2642.0,1.0,50.0,2.0,100.0,100.0
2643.0,2.0,50.0,2.0,100.0,33.333332
2644.0,3.0,50.0,2.0,100.0,12.5
2645.0,5.0,50.0,2.0,100.0,7.142857
2646.0,10.0,50.0,2.0,100.0,9.090909
2647.0,20.0,50.0,2.0,100.0,10.0
2648.0,40.0,50.0,2.0,100.0,4.347826
2649.0,49.0,50.0,2.0,100.0,7.142857
2650.0,0.0,50.0,2.0,100.0,100.0
2651.0,0.5,50.0,2.0,100.0,33.333332
2652.0,1.0,50.0,2.0,100.0,33.333332
2653.0,2.0,50.0,2.0,100.0,33.333332
2654.0,3.0,50.0,2.0,100.0,14.285714
2655.0,5.0,50.0,2.0,100.0,5.263158
2656.0,10.0,50.0,2.0,100.0,11.111111
2657.0,20.0,50.0,2.0,100.0,6.6666665
2658.0,40.0,50.0,2.0,100.0,6.6666665
2659.0,49.0,50.0,2.0,100.0,4.347826
2660.0,0.0,50.0,2.0,100.0,100.0
2661.0,0.5,50.0,2.0,100.0,33.333332
2662.0,1.0,50.0,2.0,100.0,100.0
2663.0,2.0,50.0,2.0,100.0,5.882353
2664.0,3.0,50.0,2.0,100.0,33.333332
2665.0,5.0,50.0,2.0,100.0,9.090909
2666.0,10.0,50.0,2.0,100.0,11.111111
2667.0,20.0,50.0,2.0,100.0,11.111111
2668.0,40.0,50.0,2.0,100.0,6.6666665
2669.0,49.0,50.0,2.0,100.0,4.347826
2670.0,0.0,50.0,2.0,100.0,100.0
2671.0,0.5,50.0,2.0,100.0,100.0
2672.0,1.0,50.0,2.0,100.0,100.0
2673.0,2.0,50.0,2.0,100.0,33.333332
2674.0,3.0,50.0,2.0,100.0,7.6923075
2675.0,5.0,50.0,2.0,100.0,12.5
2676.0,10.0,50.0,2.0,100.0,10.0
2677.0,20.0,50.0,2.0,100.0,11.111111
2678.0,40.0,50.0,2.0,100.0,5.5555553
2679.0,49.0,50.0,2.0,100.0,5.5555553
2680.0,0.0,50.0,2.0,100.0,100.0
2681.0,0.5,50.0,2.0,100.0,33.333332
2682.0,1.0,50.0,2.0,100.0,33.333332
2683.0,2.0,50.0,2.0,100.0,50.0
2684.0,3.0,50.0,2.0,100.0,33.333332
2685.0,5.0,50.0,2.0,100.0,6.6666665
2686.0,10.0,50.0,2.0,100.0,12.5
2687.0,20.0,50.0,2.0,100.0,9.090909
2688.0,40.0,50.0,2.0,100.0,6.25
2689.0,49.0,50.0,2.0,100.0,5.263158
2690.0,0.0,50.0,2.0,100.0,100.0
2691.0,0.5,50.0,2.0,100.0,100.0
2692.0,1.0,50.0,2.0,100.0,33.333332
2693.0,2.0,50.0,2.0,100.0,25.0
2694.0,3.0,50.0,2.0,100.0,25.0
2695.0,5.0,50.0,2.0,100.0,25.0
2696.0,10.0,50.0,2.0,100.0,9.090909
2697.0,20.0,50.0,2.0,100.0,10.0
2698.0,40.0,50.0,2.0,100.0,6.6666665
2699.0,49.0,50.0,2.0,100.0,5.263158
2700.0,0.0,50.0,2.0,100.0,33.333332
2701.0,0.5,50.0,2.0,100.0,8.333333
2702.0,1.0,50.0,2.0,100.0,25.0
2703.0,2.0,50.0,2.0,100.0,12.5
2704.0,3.0,50.0,2.0,100.0,11.111111
2705.0,5.0,50.0,2.0,100.0,6.6666665
2706.0,10.0,50.0,2.0,100.0,8.333333
2707.0,20.0,50.0,2.0,100.0,8.333333
2708.0,40.0,50.0,2.0,100.0,6.25
2709.0,49.0,50.0,2.0,100.0,4.7619047
2710.0,0.0,50.0,2.0,100.0,100.0
2711.0,0.5,50.0,2.0,100.0,33.333332
2712.0,1.0,50.0,2.0,100.0,33.333332
2713.0,2.0,50.0,2.0,100.0,8.333333
2714.0,3.0,50.0,2.0,100.0,33.333332
2715.0,5.0,50.0,2.0,100.0,20.0
2716.0,10.0,50.0,2.0,100.0,5.882353
2717.0,20.0,50.0,2.0,100.0,11.111111
2718.0,40.0,50.0,2.0,100.0,5.263158
2719.0,49.0,50.0,2.0,100.0,6.6666665
2720.0,0.0,50.0,2.0,100.0,100.0
2721.0,0.5,50.0,2.0,100.0,100.0
2722.0,1.0,50.0,2.0,100.0,33.333332
2723.0,2.0,50.0,2.0,100.0,25.0
2724.0,3.0,50.0,2.0,100.0,33.333332
2725.0,5.0,50.0,2.0,100.0,9.090909
2726.0,10.0,50.0,2.0,100.0,20.0
2727.0,20.0,50.0,2.0,100.0,11.111111
2728.0,40.0,50.0,2.0,100.0,4.0
2729.0,49.0,50.0,2.0,100.0,5.882353
2730.0,0.0,50.0,2.0,100.0,100.0
2731.0,0.5,50.0,2.0,100.0,33.333332
2732.0,1.0,50.0,2.0,100.0,100.0
2733.0,2.0,50.0,2.0,100.0,100.0
2734.0,3.0,50.0,2.0,100.0,9.090909
2735.0,5.0,50.0,2.0,100.0,25.0
2736.0,10.0,50.0,2.0,100.0,12.5
2737.0,20.0,50.0,2.0,100.0,7.6923075
2738.0,40.0,50.0,2.0,100.0,4.5454545
2739.0,49.0,50.0,2.0,100.0,4.7619047
2740.0,0.0,50.0,2.0,100.0,100.0
2741.0,0.5,50.0,2.0,100.0,100.0
2742.0,1.0,50.0,2.0,100.0,100.0
2743.0,2.0,50.0,2.0,100.0,33.333332
2744.0,3.0,50.0,2.0,100.0,25.0
2745.0,5.0,50.0,2.0,100.0,33.333332
2746.0,10.0,50.0,2.0,100.0,20.0
2747.0,20.0,50.0,2.0,100.0,11.111111
2748.0,40.0,50.0,2.0,100.0,5.882353
2749.0,49.0,50.0,2.0,100.0,4.7619047
2750.0,0.0,50.0,2.0,100.0,100.0
2751.0,0.5,50.0,2.0,100.0,100.0
2752.0,1.0,50.0,2.0,100.0,33.333332
2753.0,2.0,50.0,2.0,100.0,33.333332
2754.0,3.0,50.0,2.0,100.0,25.0
2755.0,5.0,50.0,2.0,100.0,25.0
2756.0,10.0,50.0,2.0,100.0,8.333333
2757.0,20.0,50.0,2.0,100.0,7.142857
2758.0,40.0,50.0,2.0,100.0,6.25
2759.0,49.0,50.0,2.0,100.0,6.6666665
2760.0,0.0,50.0,2.0,100.0,100.0
2761.0,0.5,50.0,2.0,100.0,20.0
2762.0,1.0,50.0,2.0,100.0,100.0
2763.0,2.0,50.0,2.0,100.0,25.0
2764.0,3.0,50.0,2.0,100.0,33.333332
2765.0,5.0,50.0,2.0,100.0,20.0
2766.0,10.0,50.0,2.0,100.0,20.0
2767.0,20.0,50.0,2.0,100.0,7.6923075
2768.0,40.0,50.0,2.0,100.0,5.5555553
2769.0,49.0,50.0,2.0,100.0,4.7619047
2770.0,0.0,50.0,2.0,100.0,100.0
2771.0,0.5,50.0,2.0,100.0,100.0
2772.0,1.0,50.0,2.0,100.0,33.333332
2773.0,2.0,50.0,2.0,100.0,16.666666
2774.0,3.0,50.0,2.0,100.0,12.5
2775.0,5.0,50.0,2.0,100.0,7.6923075
2776.0,10.0,50.0,2.0,100.0,12.5
2777.0,20.0,50.0,2.0,100.0,5.263158
2778.0,40.0,50.0,2.0,100.0,4.7619047
2779.0,49.0,50.0,2.0,100.0,4.347826
2780.0,0.0,50.0,2.0,100.0,100.0
2781.0,0.5,50.0,2.0,100.0,100.0
2782.0,1.0,50.0,2.0,100.0,25.0
2783.0,2.0,50.0,2.0,100.0,33.333332
2784.0,3.0,50.0,2.0,100.0,33.333332
2785.0,5.0,50.0,2.0,100.0,25.0
2786.0,10.0,50.0,2.0,100.0,12.5
2787.0,20.0,50.0,2.0,100.0,10.0
2788.0,40.0,50.0,2.0,100.0,5.263158
2789.0,49.0,50.0,2.0,100.0,4.7619047
2790.0,0.0,50.0,2.0,100.0,100.0
2791.0,0.5,50.0,2.0,100.0,100.0
2792.0,1.0,50.0,2.0,100.0,25.0
2793.0,2.0,50.0,2.0,100.0,12.5
2794.0,3.0,50.0,2.0,100.0,20.0
2795.0,5.0,50.0,2.0,100.0,16.666666
2796.0,10.0,50.0,2.0,100.0,12.5
2797.0,20.0,50.0,2.0,100.0,6.25
2798.0,40.0,50.0,2.0,100.0,4.7619047
2799.0,49.0,50.0,2.0,100.0,6.25
2800.0,0.0,50.0,2.0,100.0,33.333332
2801.0,0.5,50.0,2.0,100.0,100.0
2802.0,1.0,50.0,2.0,100.0,33.333332
2803.0,2.0,50.0,2.0,100.0,33.333332
2804.0,3.0,50.0,2.0,100.0,33.333332
2805.0,5.0,50.0,2.0,100.0,33.333332
2806.0,10.0,50.0,2.0,100.0,10.0
2807.0,20.0,50.0,2.0,100.0,7.142857
2808.0,40.0,50.0,2.0,100.0,5.882353
2809.0,49.0,50.0,2.0,100.0,5.263158
2810.0,0.0,50.0,2.0,100.0,100.0
2811.0,0.5,50.0,2.0,100.0,100.0
2812.0,1.0,50.0,2.0,100.0,25.0
2813.0,2.0,50.0,2.0,100.0,6.6666665
2814.0,3.0,50.0,2.0,100.0,5.882353
2815.0,5.0,50.0,2.0,100.0,25.0
2816.0,10.0,50.0,2.0,100.0,8.333333
2817.0,20.0,50.0,2.0,100.0,6.6666665
2818.0,40.0,50.0,2.0,100.0,5.0
2819.0,49.0,50.0,2.0,100.0,4.7619047
2820.0,0.0,50.0,2.0,100.0,100.0
2821.0,0.5,50.0,2.0,100.0,100.0
2822.0,1.0,50.0,2.0,100.0,33.333332
2823.0,2.0,50.0,2.0,100.0,33.333332
2824.0,3.0,50.0,2.0,100.0,50.0
2825.0,5.0,50.0,2.0,100.0,25.0
2826.0,10.0,50.0,2.0,100.0,10.0
2827.0,20.0,50.0,2.0,100.0,6.6666665
2828.0,40.0,50.0,2.0,100.0,4.347826
2829.0,49.0,50.0,2.0,100.0,6.6666665
2830.0,0.0,50.0,2.0,100.0,11.111111
2831.0,0.5,50.0,2.0,100.0,33.333332
2832.0,1.0,50.0,2.0,100.0,100.0
2833.0,2.0,50.0,2.0,100.0,10.0
2834.0,3.0,50.0,2.0,100.0,8.333333
2835.0,5.0,50.0,2.0,100.0,33.333332
2836.0,10.0,50.0,2.0,100.0,9.090909
2837.0,20.0,50.0,2.0,100.0,4.7619047
2838.0,40.0,50.0,2.0,100.0,4.5454545
2839.0,49.0,50.0,2.0,100.0,5.263158
2840.0,0.0,50.0,2.0,100.0,100.0
2841.0,0.5,50.0,2.0,100.0,100.0
2842.0,1.0,50.0,2.0,100.0,100.0
2843.0,2.0,50.0,2.0,100.0,16.666666
2844.0,3.0,50.0,2.0,100.0,16.666666
2845.0,5.0,50.0,2.0,100.0,20.0
2846.0,10.0,50.0,2.0,100.0,11.111111
2847.0,20.0,50.0,2.0,100.0,11.111111
2848.0,40.0,50.0,2.0,100.0,6.6666665
2849.0,49.0,50.0,2.0,100.0,5.263158
2850.0,0.0,50.0,2.0,100.0,100.0
2851.0,0.5,50.0,2.0,100.0,33.333332
2852.0,1.0,50.0,2.0,100.0,33.333332
2853.0,2.0,50.0,2.0,100.0,33.333332
2854.0,3.0,50.0,2.0,100.0,33.333332
2855.0,5.0,50.0,2.0,100.0,4.7619047
2856.0,10.0,50.0,2.0,100.0,16.666666
2857.0,20.0,50.0,2.0,100.0,5.263158
2858.0,40.0,50.0,2.0,100.0,5.882353
2859.0,49.0,50.0,2.0,100.0,4.347826
2860.0,0.0,50.0,2.0,100.0,100.0
2861.0,0.5,50.0,2.0,100.0,100.0
2862.0,1.0,50.0,2.0,100.0,100.0
2863.0,2.0,50.0,2.0,100.0,33.333332
2864.0,3.0,50.0,2.0,100.0,33.333332
2865.0,5.0,50.0,2.0,100.0,50.0
2866.0,10.0,50.0,2.0,100.0,20.0
2867.0,20.0,50.0,2.0,100.0,7.6923075
2868.0,40.0,50.0,2.0,100.0,5.882353
2869.0,49.0,50.0,2.0,100.0,4.0
2870.0,0.0,50.0,2.0,100.0,100.0
2871.0,0.5,50.0,2.0,100.0,33.333332
2872.0,1.0,50.0,2.0,100.0,25.0
2873.0,2.0,50.0,2.0,100.0,100.0
2874.0,3.0,50.0,2.0,100.0,20.0
2875.0,5.0,50.0,2.0,100.0,20.0
2876.0,10.0,50.0,2.0,100.0,16.666666
2877.0,20.0,50.0,2.0,100.0,7.6923075
2878.0,40.0,50.0,2.0,100.0,5.5555553
2879.0,49.0,50.0,2.0,100.0,5.882353
2880.0,0.0,50.0,2.0,100.0,100.0
2881.0,0.5,50.0,2.0,100.0,100.0
2882.0,1.0,50.0,2.0,100.0,33.333332
2883.0,2.0,50.0,2.0,100.0,10.0
2884.0,3.0,50.0,2.0,100.0,33.333332
2885.0,5.0,50.0,2.0,100.0,6.6666665
2886.0,10.0,50.0,2.0,100.0,25.0
2887.0,20.0,50.0,2.0,100.0,8.333333
2888.0,40.0,50.0,2.0,100.0,6.6666665
2889.0,49.0,50.0,2.0,100.0,4.347826
2890.0,0.0,50.0,2.0,100.0,100.0
2891.0,0.5,50.0,2.0,100.0,100.0
2892.0,1.0,50.0,2.0,100.0,100.0
2893.0,2.0,50.0,2.0,100.0,20.0
2894.0,3.0,50.0,2.0,100.0,25.0
2895.0,5.0,50.0,2.0,100.0,33.333332
2896.0,10.0,50.0,2.0,100.0,16.666666
2897.0,20.0,50.0,2.0,100.0,6.6666665
2898.0,40.0,50.0,2.0,100.0,4.7619047
2899.0,49.0,50.0,2.0,100.0,5.882353
2900.0,0.0,50.0,2.0,100.0,100.0
2901.0,0.5,50.0,2.0,100.0,33.333332
2902.0,1.0,50.0,2.0,100.0,33.333332
2903.0,2.0,50.0,2.0,100.0,33.333332
2904.0,3.0,50.0,2.0,100.0,14.285714
2905.0,5.0,50.0,2.0,100.0,14.285714
2906.0,10.0,50.0,2.0,100.0,14.285714
2907.0,20.0,50.0,2.0,100.0,7.6923075
2908.0,40.0,50.0,2.0,100.0,5.5555553
2909.0,49.0,50.0,2.0,100.0,5.882353
2910.0,0.0,50.0,2.0,100.0,100.0
2911.0,0.5,50.0,2.0,100.0,100.0
2912.0,1.0,50.0,2.0,100.0,6.6666665
2913.0,2.0,50.0,2.0,100.0,5.882353
2914.0,3.0,50.0,2.0,100.0,50.0
2915.0,5.0,50.0,2.0,100.0,25.0
2916.0,10.0,50.0,2.0,100.0,16.666666
2917.0,20.0,50.0,2.0,100.0,5.882353
2918.0,40.0,50.0,2.0,100.0,5.882353
2919.0,49.0,50.0,2.0,100.0,5.263158
2920.0,0.0,50.0,2.0,100.0,9.090909
2921.0,0.5,50.0,2.0,100.0,33.333332
2922.0,1.0,50.0,2.0,100.0,33.333332
2923.0,2.0,50.0,2.0,100.0,33.333332
2924.0,3.0,50.0,2.0,100.0,33.333332
2925.0,5.0,50.0,2.0,100.0,25.0
2926.0,10.0,50.0,2.0,100.0,10.0
2927.0,20.0,50.0,2.0,100.0,7.142857
2928.0,40.0,50.0,2.0,100.0,7.6923075
2929.0,49.0,50.0,2.0,100.0,5.5555553
2930.0,0.0,50.0,2.0,100.0,100.0
2931.0,0.5,50.0,2.0,100.0,14.285714
2932.0,1.0,50.0,2.0,100.0,100.0
2933.0,2.0,50.0,2.0,100.0,33.333332
2934.0,3.0,50.0,2.0,100.0,33.333332
2935.0,5.0,50.0,2.0,100.0,10.0
2936.0,10.0,50.0,2.0,100.0,7.6923075
2937.0,20.0,50.0,2.0,100.0,11.111111
2938.0,40.0,50.0,2.0,100.0,4.5454545
2939.0,49.0,50.0,2.0,100.0,5.882353
2940.0,0.0,50.0,2.0,100.0,100.0
2941.0,0.5,50.0,2.0,100.0,100.0
2942.0,1.0,50.0,2.0,100.0,33.333332
2943.0,2.0,50.0,2.0,100.0,33.333332
2944.0,3.0,50.0,2.0,100.0,50.0
2945.0,5.0,50.0,2.0,100.0,20.0
2946.0,10.0,50.0,2.0,100.0,6.6666665
2947.0,20.0,50.0,2.0,100.0,7.142857
2948.0,40.0,50.0,2.0,100.0,4.347826
2949.0,49.0,50.0,2.0,100.0,5.263158
2950.0,0.0,50.0,2.0,100.0,100.0
2951.0,0.5,50.0,2.0,100.0,33.333332
2952.0,1.0,50.0,2.0,100.0,33.333332
2953.0,2.0,50.0,2.0,100.0,9.090909
2954.0,3.0,50.0,2.0,100.0,33.333332
2955.0,5.0,50.0,2.0,100.0,33.333332
2956.0,10.0,50.0,2.0,100.0,12.5
2957.0,20.0,50.0,2.0,100.0,6.6666665
2958.0,40.0,50.0,2.0,100.0,5.263158
2959.0,49.0,50.0,2.0,100.0,4.347826
2960.0,0.0,50.0,2.0,100.0,100.0
2961.0,0.5,50.0,2.0,100.0,100.0
2962.0,1.0,50.0,2.0,100.0,33.333332
2963.0,2.0,50.0,2.0,100.0,33.333332
2964.0,3.0,50.0,2.0,100.0,11.111111
2965.0,5.0,50.0,2.0,100.0,11.111111
2966.0,10.0,50.0,2.0,100.0,8.333333
2967.0,20.0,50.0,2.0,100.0,6.25
2968.0,40.0,50.0,2.0,100.0,4.7619047
2969.0,49.0,50.0,2.0,100.0,6.6666665
2970.0,0.0,50.0,2.0,100.0,14.285714
2971.0,0.5,50.0,2.0,100.0,33.333332
2972.0,1.0,50.0,2.0,100.0,100.0
2973.0,2.0,50.0,2.0,100.0,25.0
2974.0,3.0,50.0,2.0,100.0,33.333332
2975.0,5.0,50.0,2.0,100.0,7.6923075
2976.0,10.0,50.0,2.0,100.0,11.111111
2977.0,20.0,50.0,2.0,100.0,6.25
2978.0,40.0,50.0,2.0,100.0,5.5555553
2979.0,49.0,50.0,2.0,100.0,4.7619047
2980.0,0.0,50.0,2.0,100.0,100.0
2981.0,0.5,50.0,2.0,100.0,33.333332
2982.0,1.0,50.0,2.0,100.0,100.0
2983.0,2.0,50.0,2.0,100.0,33.333332
2984.0,3.0,50.0,2.0,100.0,25.0
2985.0,5.0,50.0,2.0,100.0,7.6923075
2986.0,10.0,50.0,2.0,100.0,16.666666
2987.0,20.0,50.0,2.0,100.0,5.882353
2988.0,40.0,50.0,2.0,100.0,5.882353
2989.0,49.0,50.0,2.0,100.0,5.882353
2990.0,0.0,50.0,2.0,100.0,100.0
2991.0,0.5,50.0,2.0,100.0,33.333332
2992.0,1.0,50.0,2.0,100.0,20.0
2993.0,2.0,50.0,2.0,100.0,100.0
2994.0,3.0,50.0,2.0,100.0,33.333332
2995.0,5.0,50.0,2.0,100.0,25.0
2996.0,10.0,50.0,2.0,100.0,7.142857
2997.0,20.0,50.0,2.0,100.0,5.882353
2998.0,40.0,50.0,2.0,100.0,6.6666665
2999.0,49.0,50.0,2.0,100.0,5.263158
3000.0,0.0,60.0,2.0,100.0,100.0
3001.0,0.5,60.0,2.0,100.0,33.333332
3002.0,1.0,60.0,2.0,100.0,10.0
3003.0,2.0,60.0,2.0,100.0,12.5
3004.0,3.0,60.0,2.0,100.0,33.333332
3005.0,5.0,60.0,2.0,100.0,16.666666
3006.0,10.0,60.0,2.0,100.0,16.666666
3007.0,20.0,60.0,2.0,100.0,7.142857
3008.0,40.0,60.0,2.0,100.0,5.882353
3009.0,49.0,60.0,2.0,100.0,5.263158
3010.0,0.0,60.0,2.0,100.0,100.0
3011.0,0.5,60.0,2.0,100.0,100.0
3012.0,1.0,60.0,2.0,100.0,100.0
3013.0,2.0,60.0,2.0,100.0,14.285714
3014.0,3.0,60.0,2.0,100.0,50.0
3015.0,5.0,60.0,2.0,100.0,16.666666
3016.0,10.0,60.0,2.0,100.0,16.666666
3017.0,20.0,60.0,2.0,100.0,6.6666665
3018.0,40.0,60.0,2.0,100.0,7.142857
3019.0,49.0,60.0,2.0,100.0,5.5555553
3020.0,0.0,60.0,2.0,100.0,100.0
3021.0,0.5,60.0,2.0,100.0,14.285714
3022.0,1.0,60.0,2.0,100.0,33.333332
3023.0,2.0,60.0,2.0,100.0,33.333332
3024.0,3.0,60.0,2.0,100.0,25.0
3025.0,5.0,60.0,2.0,100.0,12.5
3026.0,10.0,60.0,2.0,100.0,20.0
3027.0,20.0,60.0,2.0,100.0,9.090909
3028.0,40.0,60.0,2.0,100.0,7.142857
3029.0,49.0,60.0,2.0,100.0,5.263158
3030.0,0.0,60.0,2.0,100.0,100.0
3031.0,0.5,60.0,2.0,100.0,100.0
3032.0,1.0,60.0,2.0,100.0,33.333332
3033.0,2.0,60.0,2.0,100.0,50.0
3034.0,3.0,60.0,2.0,100.0,25.0
3035.0,5.0,60.0,2.0,100.0,10.0
3036.0,10.0,60.0,2.0,100.0,14.285714
3037.0,20.0,60.0,2.0,100.0,7.6923075
3038.0,40.0,60.0,2.0,100.0,5.263158
3039.0,49.0,60.0,2.0,100.0,6.25
3040.0,0.0,60.0,2.0,100.0,100.0
3041.0,0.5,60.0,2.0,100.0,33.333332
3042.0,1.0,60.0,2.0,100.0,100.0
3043.0,2.0,60.0,2.0,100.0,33.333332
3044.0,3.0,60.0,2.0,100.0,50.0
3045.0,5.0,60.0,2.0,100.0,33.333332
3046.0,10.0,60.0,2.0,100.0,33.333332
3047.0,20.0,60.0,2.0,100.0,11.111111
3048.0,40.0,60.0,2.0,100.0,4.7619047
3049.0,49.0,60.0,2.0,100.0,4.7619047
3050.0,0.0,60.0,2.0,100.0,100.0
3051.0,0.5,60.0,2.0,100.0,10.0
3052.0,1.0,60.0,2.0,100.0,100.0
3053.0,2.0,60.0,2.0,100.0,7.142857
3054.0,3.0,60.0,2.0,100.0,16.666666
3055.0,5.0,60.0,2.0,100.0,20.0
3056.0,10.0,60.0,2.0,100.0,20.0
3057.0,20.0,60.0,2.0,100.0,20.0
3058.0,40.0,60.0,2.0,100.0,4.7619047
3059.0,49.0,60.0,2.0,100.0,6.6666665
3060.0,0.0,60.0,2.0,100.0,7.6923075
3061.0,0.5,60.0,2.0,100.0,100.0
3062.0,1.0,60.0,2.0,100.0,100.0
3063.0,2.0,60.0,2.0,100.0,25.0
3064.0,3.0,60.0,2.0,100.0,33.333332
3065.0,5.0,60.0,2.0,100.0,33.333332
3066.0,10.0,60.0,2.0,100.0,20.0
3067.0,20.0,60.0,2.0,100.0,7.142857
3068.0,40.0,60.0,2.0,100.0,5.5555553
3069.0,49.0,60.0,2.0,100.0,5.263158
3070.0,0.0,60.0,2.0,100.0,100.0
3071.0,0.5,60.0,2.0,100.0,100.0
3072.0,1.0,60.0,2.0,100.0,100.0
3073.0,2.0,60.0,2.0,100.0,33.333332
3074.0,3.0,60.0,2.0,100.0,9.090909
3075.0,5.0,60.0,2.0,100.0,16.666666
3076.0,10.0,60.0,2.0,100.0,10.0
3077.0,20.0,60.0,2.0,100.0,5.882353
3078.0,40.0,60.0,2.0,100.0,5.5555553
3079.0,49.0,60.0,2.0,100.0,4.5454545
3080.0,0.0,60.0,2.0,100.0,100.0
3081.0,0.5,60.0,2.0,100.0,100.0
3082.0,1.0,60.0,2.0,100.0,100.0
3083.0,2.0,60.0,2.0,100.0,25.0
3084.0,3.0,60.0,2.0,100.0,9.090909
3085.0,5.0,60.0,2.0,100.0,33.333332
3086.0,10.0,60.0,2.0,100.0,20.0
3087.0,20.0,60.0,2.0,100.0,7.6923075
3088.0,40.0,60.0,2.0,100.0,5.263158
3089.0,49.0,60.0,2.0,100.0,5.263158
3090.0,0.0,60.0,2.0,100.0,100.0
3091.0,0.5,60.0,2.0,100.0,100.0
3092.0,1.0,60.0,2.0,100.0,33.333332
3093.0,2.0,60.0,2.0,100.0,33.333332
3094.0,3.0,60.0,2.0,100.0,33.333332
3095.0,5.0,60.0,2.0,100.0,50.0
3096.0,10.0,60.0,2.0,100.0,8.333333
3097.0,20.0,60.0,2.0,100.0,11.111111
3098.0,40.0,60.0,2.0,100.0,5.882353
3099.0,49.0,60.0,2.0,100.0,5.0
3100.0,0.0,60.0,2.0,100.0,100.0
3101.0,0.5,60.0,2.0,100.0,33.333332
3102.0,1.0,60.0,2.0,100.0,100.0
3103.0,2.0,60.0,2.0,100.0,7.142857
3104.0,3.0,60.0,2.0,100.0,25.0
3105.0,5.0,60.0,2.0,100.0,33.333332
3106.0,10.0,60.0,2.0,100.0,11.111111
3107.0,20.0,60.0,2.0,100.0,9.090909
3108.0,40.0,60.0,2.0,100.0,5.5555553
3109.0,49.0,60.0,2.0,100.0,5.263158
3110.0,0.0,60.0,2.0,100.0,100.0
3111.0,0.5,60.0,2.0,100.0,100.0
3112.0,1.0,60.0,2.0,100.0,33.333332
3113.0,2.0,60.0,2.0,100.0,33.333332
3114.0,3.0,60.0,2.0,100.0,33.333332
3115.0,5.0,60.0,2.0,100.0,33.333332
3116.0,10.0,60.0,2.0,100.0,16.666666
3117.0,20.0,60.0,2.0,100.0,4.5454545
3118.0,40.0,60.0,2.0,100.0,5.263158
3119.0,49.0,60.0,2.0,100.0,5.263158
3120.0,0.0,60.0,2.0,100.0,100.0
3121.0,0.5,60.0,2.0,100.0,33.333332
3122.0,1.0,60.0,2.0,100.0,25.0
3123.0,2.0,60.0,2.0,100.0,33.333332
3124.0,3.0,60.0,2.0,100.0,9.090909
3125.0,5.0,60.0,2.0,100.0,25.0
3126.0,10.0,60.0,2.0,100.0,16.666666
3127.0,20.0,60.0,2.0,100.0,8.333333
3128.0,40.0,60.0,2.0,100.0,6.25
3129.0,49.0,60.0,2.0,100.0,6.6666665
3130.0,0.0,60.0,2.0,100.0,100.0
3131.0,0.5,60.0,2.0,100.0,100.0
3132.0,1.0,60.0,2.0,100.0,12.5
3133.0,2.0,60.0,2.0,100.0,12.5
3134.0,3.0,60.0,2.0,100.0,100.0
3135.0,5.0,60.0,2.0,100.0,33.333332
3136.0,10.0,60.0,2.0,100.0,8.333333
3137.0,20.0,60.0,2.0,100.0,8.333333
3138.0,40.0,60.0,2.0,100.0,6.25
3139.0,49.0,60.0,2.0,100.0,4.347826
3140.0,0.0,60.0,2.0,100.0,100.0
3141.0,0.5,60.0,2.0,100.0,100.0
3142.0,1.0,60.0,2.0,100.0,100.0
3143.0,2.0,60.0,2.0,100.0,20.0
3144.0,3.0,60.0,2.0,100.0,6.6666665
3145.0,5.0,60.0,2.0,100.0,8.333333
3146.0,10.0,60.0,2.0,100.0,20.0
3147.0,20.0,60.0,2.0,100.0,6.6666665
3148.0,40.0,60.0,2.0,100.0,6.6666665
3149.0,49.0,60.0,2.0,100.0,5.5555553
3150.0,0.0,60.0,2.0,100.0,100.0
3151.0,0.5,60.0,2.0,100.0,33.333332
3152.0,1.0,60.0,2.0,100.0,33.333332
3153.0,2.0,60.0,2.0,100.0,10.0
3154.0,3.0,60.0,2.0,100.0,33.333332
3155.0,5.0,60.0,2.0,100.0,33.333332
3156.0,10.0,60.0,2.0,100.0,16.666666
3157.0,20.0,60.0,2.0,100.0,11.111111
3158.0,40.0,60.0,2.0,100.0,6.6666665
3159.0,49.0,60.0,2.0,100.0,4.347826
3160.0,0.0,60.0,2.0,100.0,100.0
3161.0,0.5,60.0,2.0,100.0,100.0
3162.0,1.0,60.0,2.0,100.0,100.0
3163.0,2.0,60.0,2.0,100.0,50.0
3164.0,3.0,60.0,2.0,100.0,10.0
3165.0,5.0,60.0,2.0,100.0,16.666666
3166.0,10.0,60.0,2.0,100.0,12.5
3167.0,20.0,60.0,2.0,100.0,14.285714
3168.0,40.0,60.0,2.0,100.0,4.7619047
3169.0,49.0,60.0,2.0,100.0,5.882353
3170.0,0.0,60.0,2.0,100.0,100.0
3171.0,0.5,60.0,2.0,100.0,100.0
3172.0,1.0,60.0,2.0,100.0,100.0
3173.0,2.0,60.0,2.0,100.0,33.333332
3174.0,3.0,60.0,2.0,100.0,7.142857
3175.0,5.0,60.0,2.0,100.0,16.666666
3176.0,10.0,60.0,2.0,100.0,6.25
3177.0,20.0,60.0,2.0,100.0,8.333333
3178.0,40.0,60.0,2.0,100.0,5.882353
3179.0,49.0,60.0,2.0,100.0,5.5555553
3180.0,0.0,60.0,2.0,100.0,100.0
3181.0,0.5,60.0,2.0,100.0,14.285714
3182.0,1.0,60.0,2.0,100.0,100.0
3183.0,2.0,60.0,2.0,100.0,12.5
3184.0,3.0,60.0,2.0,100.0,33.333332
3185.0,5.0,60.0,2.0,100.0,33.333332
3186.0,10.0,60.0,2.0,100.0,8.333333
3187.0,20.0,60.0,2.0,100.0,7.142857
3188.0,40.0,60.0,2.0,100.0,7.6923075
3189.0,49.0,60.0,2.0,100.0,5.882353
3190.0,0.0,60.0,2.0,100.0,100.0
3191.0,0.5,60.0,2.0,100.0,25.0
3192.0,1.0,60.0,2.0,100.0,16.666666
3193.0,2.0,60.0,2.0,100.0,33.333332
3194.0,3.0,60.0,2.0,100.0,33.333332
3195.0,5.0,60.0,2.0,100.0,7.142857
3196.0,10.0,60.0,2.0,100.0,14.285714
3197.0,20.0,60.0,2.0,100.0,6.6666665
3198.0,40.0,60.0,2.0,100.0,5.882353
3199.0,49.0,60.0,2.0,100.0,4.7619047
3200.0,0.0,60.0,2.0,100.0,100.0
3201.0,0.5,60.0,2.0,100.0,100.0
3202.0,1.0,60.0,2.0,100.0,100.0
3203.0,2.0,60.0,2.0,100.0,25.0
3204.0,3.0,60.0,2.0,100.0,33.333332
3205.0,5.0,60.0,2.0,100.0,16.666666
3206.0,10.0,60.0,2.0,100.0,25.0
3207.0,20.0,60.0,2.0,100.0,10.0
3208.0,40.0,60.0,2.0,100.0,5.882353
3209.0,49.0,60.0,2.0,100.0,5.263158
3210.0,0.0,60.0,2.0,100.0,100.0
3211.0,0.5,60.0,2.0,100.0,100.0
3212.0,1.0,60.0,2.0,100.0,33.333332
3213.0,2.0,60.0,2.0,100.0,33.333332
3214.0,3.0,60.0,2.0,100.0,6.25
3215.0,5.0,60.0,2.0,100.0,11.111111
3216.0,10.0,60.0,2.0,100.0,14.285714
3217.0,20.0,60.0,2.0,100.0,10.0
3218.0,40.0,60.0,2.0,100.0,5.882353
3219.0,49.0,60.0,2.0,100.0,5.263158
3220.0,0.0,60.0,2.0,100.0,6.6666665
3221.0,0.5,60.0,2.0,100.0,33.333332
3222.0,1.0,60.0,2.0,100.0,33.333332
3223.0,2.0,60.0,2.0,100.0,50.0
3224.0,3.0,60.0,2.0,100.0,7.142857
3225.0,5.0,60.0,2.0,100.0,33.333332
3226.0,10.0,60.0,2.0,100.0,9.090909
3227.0,20.0,60.0,2.0,100.0,6.25
3228.0,40.0,60.0,2.0,100.0,5.0
3229.0,49.0,60.0,2.0,100.0,5.882353
3230.0,0.0,60.0,2.0,100.0,100.0
3231.0,0.5,60.0,2.0,100.0,100.0
3232.0,1.0,60.0,2.0,100.0,50.0
3233.0,2.0,60.0,2.0,100.0,25.0
3234.0,3.0,60.0,2.0,100.0,11.111111
3235.0,5.0,60.0,2.0,100.0,20.0
3236.0,10.0,60.0,2.0,100.0,11.111111
3237.0,20.0,60.0,2.0,100.0,10.0
3238.0,40.0,60.0,2.0,100.0,5.882353
3239.0,49.0,60.0,2.0,100.0,5.882353
3240.0,0.0,60.0,2.0,100.0,100.0
3241.0,0.5,60.0,2.0,100.0,100.0
3242.0,1.0,60.0,2.0,100.0,100.0
3243.0,2.0,60.0,2.0,100.0,33.333332
3244.0,3.0,60.0,2.0,100.0,16.666666
3245.0,5.0,60.0,2.0,100.0,7.6923075
3246.0,10.0,60.0,2.0,100.0,10.0
3247.0,20.0,60.0,2.0,100.0,6.25
3248.0,40.0,60.0,2.0,100.0,5.0
3249.0,49.0,60.0,2.0,100.0,6.25
3250.0,0.0,60.0,2.0,100.0,100.0
3251.0,0.5,60.0,2.0,100.0,100.0
3252.0,1.0,60.0,2.0,100.0,11.111111
3253.0,2.0,60.0,2.0,100.0,33.333332
3254.0,3.0,60.0,2.0,100.0,20.0
3255.0,5.0,60.0,2.0,100.0,10.0
3256.0,10.0,60.0,2.0,100.0,20.0
3257.0,20.0,60.0,2.0,100.0,5.263158
3258.0,40.0,60.0,2.0,100.0,5.882353
3259.0,49.0,60.0,2.0,100.0,5.263158
3260.0,0.0,60.0,2.0,100.0,100.0
3261.0,0.5,60.0,2.0,100.0,100.0
3262.0,1.0,60.0,2.0,100.0,100.0
3263.0,2.0,60.0,2.0,100.0,25.0
3264.0,3.0,60.0,2.0,100.0,33.333332
3265.0,5.0,60.0,2.0,100.0,6.6666665
3266.0,10.0,60.0,2.0,100.0,10.0
3267.0,20.0,60.0,2.0,100.0,11.111111
3268.0,40.0,60.0,2.0,100.0,5.263158
3269.0,49.0,60.0,2.0,100.0,5.0
3270.0,0.0,60.0,2.0,100.0,100.0
3271.0,0.5,60.0,2.0,100.0,100.0
3272.0,1.0,60.0,2.0,100.0,100.0
3273.0,2.0,60.0,2.0,100.0,33.333332
3274.0,3.0,60.0,2.0,100.0,25.0
3275.0,5.0,60.0,2.0,100.0,7.6923075
3276.0,10.0,60.0,2.0,100.0,8.333333
3277.0,20.0,60.0,2.0,100.0,8.333333
3278.0,40.0,60.0,2.0,100.0,6.25
3279.0,49.0,60.0,2.0,100.0,4.7619047
3280.0,0.0,60.0,2.0,100.0,100.0
3281.0,0.5,60.0,2.0,100.0,33.333332
3282.0,1.0,60.0,2.0,100.0,33.333332
3283.0,2.0,60.0,2.0,100.0,33.333332
3284.0,3.0,60.0,2.0,100.0,8.333333
3285.0,5.0,60.0,2.0,100.0,16.666666
3286.0,10.0,60.0,2.0,100.0,20.0
3287.0,20.0,60.0,2.0,100.0,4.7619047
3288.0,40.0,60.0,2.0,100.0,5.263158
3289.0,49.0,60.0,2.0,100.0,4.5454545
3290.0,0.0,60.0,2.0,100.0,20.0
3291.0,0.5,60.0,2.0,100.0,33.333332
3292.0,1.0,60.0,2.0,100.0,100.0
3293.0,2.0,60.0,2.0,100.0,16.666666
3294.0,3.0,60.0,2.0,100.0,12.5
3295.0,5.0,60.0,2.0,100.0,33.333332
3296.0,10.0,60.0,2.0,100.0,10.0
3297.0,20.0,60.0,2.0,100.0,10.0
3298.0,40.0,60.0,2.0,100.0,5.5555553
3299.0,49.0,60.0,2.0,100.0,4.5454545
3300.0,0.0,60.0,2.0,100.0,100.0
3301.0,0.5,60.0,2.0,100.0,33.333332
3302.0,1.0,60.0,2.0,100.0,20.0
3303.0,2.0,60.0,2.0,100.0,25.0
3304.0,3.0,60.0,2.0,100.0,25.0
3305.0,5.0,60.0,2.0,100.0,20.0
3306.0,10.0,60.0,2.0,100.0,14.285714
3307.0,20.0,60.0,2.0,100.0,12.5
3308.0,40.0,60.0,2.0,100.0,5.882353
3309.0,49.0,60.0,2.0,100.0,6.25
3310.0,0.0,60.0,2.0,100.0,100.0
3311.0,0.5,60.0,2.0,100.0,14.285714
3312.0,1.0,60.0,2.0,100.0,33.333332
3313.0,2.0,60.0,2.0,100.0,33.333332
3314.0,3.0,60.0,2.0,100.0,33.333332
3315.0,5.0,60.0,2.0,100.0,14.285714
3316.0,10.0,60.0,2.0,100.0,9.090909
3317.0,20.0,60.0,2.0,100.0,11.111111
3318.0,40.0,60.0,2.0,100.0,6.25
3319.0,49.0,60.0,2.0,100.0,5.263158
3320.0,0.0,60.0,2.0,100.0,100.0
3321.0,0.5,60.0,2.0,100.0,33.333332
3322.0,1.0,60.0,2.0,100.0,33.333332
3323.0,2.0,60.0,2.0,100.0,33.333332
3324.0,3.0,60.0,2.0,100.0,33.333332
3325.0,5.0,60.0,2.0,100.0,33.333332
3326.0,10.0,60.0,2.0,100.0,10.0
3327.0,20.0,60.0,2.0,100.0,7.6923075
3328.0,40.0,60.0,2.0,100.0,5.263158
3329.0,49.0,60.0,2.0,100.0,6.6666665
3330.0,0.0,60.0,2.0,100.0,100.0
3331.0,0.5,60.0,2.0,100.0,25.0
3332.0,1.0,60.0,2.0,100.0,33.333332
3333.0,2.0,60.0,2.0,100.0,33.333332
3334.0,3.0,60.0,2.0,100.0,14.285714
3335.0,5.0,60.0,2.0,100.0,20.0
3336.0,10.0,60.0,2.0,100.0,7.6923075
3337.0,20.0,60.0,2.0,100.0,9.090909
3338.0,40.0,60.0,2.0,100.0,5.263158
3339.0,49.0,60.0,2.0,100.0,5.0
3340.0,0.0,60.0,2.0,100.0,9.090909
3341.0,0.5,60.0,2.0,100.0,100.0
3342.0,1.0,60.0,2.0,100.0,33.333332
3343.0,2.0,60.0,2.0,100.0,33.333332
3344.0,3.0,60.0,2.0,100.0,50.0
3345.0,5.0,60.0,2.0,100.0,20.0
3346.0,10.0,60.0,2.0,100.0,7.142857
3347.0,20.0,60.0,2.0,100.0,10.0
3348.0,40.0,60.0,2.0,100.0,5.5555553
3349.0,49.0,60.0,2.0,100.0,5.5555553
3350.0,0.0,60.0,2.0,100.0,100.0
3351.0,0.5,60.0,2.0,100.0,33.333332
3352.0,1.0,60.0,2.0,100.0,25.0
3353.0,2.0,60.0,2.0,100.0,33.333332
3354.0,3.0,60.0,2.0,100.0,20.0
3355.0,5.0,60.0,2.0,100.0,12.5
3356.0,10.0,60.0,2.0,100.0,9.090909
3357.0,20.0,60.0,2.0,100.0,6.25
3358.0,40.0,60.0,2.0,100.0,5.263158
3359.0,49.0,60.0,2.0,100.0,5.882353
3360.0,0.0,60.0,2.0,100.0,100.0
3361.0,0.5,60.0,2.0,100.0,100.0
3362.0,1.0,60.0,2.0,100.0,9.090909
3363.0,2.0,60.0,2.0,100.0,9.090909
3364.0,3.0,60.0,2.0,100.0,33.333332
3365.0,5.0,60.0,2.0,100.0,16.666666
3366.0,10.0,60.0,2.0,100.0,14.285714
3367.0,20.0,60.0,2.0,100.0,6.25
3368.0,40.0,60.0,2.0,100.0,7.142857
3369.0,49.0,60.0,2.0,100.0,5.263158
3370.0,0.0,60.0,2.0,100.0,100.0
3371.0,0.5,60.0,2.0,100.0,100.0
3372.0,1.0,60.0,2.0,100.0,100.0
3373.0,2.0,60.0,2.0,100.0,20.0
3374.0,3.0,60.0,2.0,100.0,33.333332
3375.0,5.0,60.0,2.0,100.0,33.333332
3376.0,10.0,60.0,2.0,100.0,11.111111
3377.0,20.0,60.0,2.0,100.0,14.285714
3378.0,40.0,60.0,2.0,100.0,5.5555553
3379.0,49.0,60.0,2.0,100.0,5.882353
3380.0,0.0,60.0,2.0,100.0,11.111111
3381.0,0.5,60.0,2.0,100.0,25.0
3382.0,1.0,60.0,2.0,100.0,6.6666665
3383.0,2.0,60.0,2.0,100.0,50.0
3384.0,3.0,60.0,2.0,100.0,7.142857
3385.0,5.0,60.0,2.0,100.0,33.333332
3386.0,10.0,60.0,2.0,100.0,11.111111
3387.0,20.0,60.0,2.0,100.0,8.333333
3388.0,40.0,60.0,2.0,100.0,5.263158
3389.0,49.0,60.0,2.0,100.0,6.6666665
3390.0,0.0,60.0,2.0,100.0,100.0
3391.0,0.5,60.0,2.0,100.0,11.111111
3392.0,1.0,60.0,2.0,100.0,33.333332
3393.0,2.0,60.0,2.0,100.0,33.333332
3394.0,3.0,60.0,2.0,100.0,33.333332
3395.0,5.0,60.0,2.0,100.0,50.0
3396.0,10.0,60.0,2.0,100.0,11.111111
3397.0,20.0,60.0,2.0,100.0,8.333333
3398.0,40.0,60.0,2.0,100.0,4.5454545
3399.0,49.0,60.0,2.0,100.0,4.7619047
3400.0,0.0,60.0,2.0,100.0,7.6923075
3401.0,0.5,60.0,2.0,100.0,100.0
3402.0,1.0,60.0,2.0,100.0,100.0
3403.0,2.0,60.0,2.0,100.0,100.0
3404.0,3.0,60.0,2.0,100.0,33.333332
3405.0,5.0,60.0,2.0,100.0,14.285714
3406.0,10.0,60.0,2.0,100.0,14.285714
3407.0,20.0,60.0,2.0,100.0,9.090909
3408.0,40.0,60.0,2.0,100.0,4.7619047
3409.0,49.0,60.0,2.0,100.0,6.6666665
3410.0,0.0,60.0,2.0,100.0,100.0
3411.0,0.5,60.0,2.0,100.0,100.0
3412.0,1.0,60.0,2.0,100.0,100.0
3413.0,2.0,60.0,2.0,100.0,33.333332
3414.0,3.0,60.0,2.0,100.0,33.333332
3415.0,5.0,60.0,2.0,100.0,33.333332
3416.0,10.0,60.0,2.0,100.0,14.285714
3417.0,20.0,60.0,2.0,100.0,5.882353
3418.0,40.0,60.0,2.0,100.0,5.5555553
3419.0,49.0,60.0,2.0,100.0,4.7619047
3420.0,0.0,60.0,2.0,100.0,14.285714
3421.0,0.5,60.0,2.0,100.0,100.0
3422.0,1.0,60.0,2.0,100.0,5.882353
3423.0,2.0,60.0,2.0,100.0,12.5
3424.0,3.0,60.0,2.0,100.0,33.333332
3425.0,5.0,60.0,2.0,100.0,33.333332
3426.0,10.0,60.0,2.0,100.0,14.285714
3427.0,20.0,60.0,2.0,100.0,5.263158
3428.0,40.0,60.0,2.0,100.0,5.263158
3429.0,49.0,60.0,2.0,100.0,5.263158
3430.0,0.0,60.0,2.0,100.0,100.0
3431.0,0.5,60.0,2.0,100.0,100.0
3432.0,1.0,60.0,2.0,100.0,100.0
3433.0,2.0,60.0,2.0,100.0,50.0
3434.0,3.0,60.0,2.0,100.0,25.0
3435.0,5.0,60.0,2.0,100.0,20.0
3436.0,10.0,60.0,2.0,100.0,11.111111
3437.0,20.0,60.0,2.0,100.0,6.6666665
3438.0,40.0,60.0,2.0,100.0,5.0
3439.0,49.0,60.0,2.0,100.0,5.263158
3440.0,0.0,60.0,2.0,100.0,100.0
3441.0,0.5,60.0,2.0,100.0,25.0
3442.0,1.0,60.0,2.0,100.0,9.090909
3443.0,2.0,60.0,2.0,100.0,12.5
3444.0,3.0,60.0,2.0,100.0,25.0
3445.0,5.0,60.0,2.0,100.0,25.0
3446.0,10.0,60.0,2.0,100.0,6.25
3447.0,20.0,60.0,2.0,100.0,5.882353
3448.0,40.0,60.0,2.0,100.0,4.7619047
3449.0,49.0,60.0,2.0,100.0,5.263158
3450.0,0.0,60.0,2.0,100.0,100.0
3451.0,0.5,60.0,2.0,100.0,100.0
3452.0,1.0,60.0,2.0,100.0,33.333332
3453.0,2.0,60.0,2.0,100.0,25.0
3454.0,3.0,60.0,2.0,100.0,10.0
3455.0,5.0,60.0,2.0,100.0,11.111111
3456.0,10.0,60.0,2.0,100.0,12.5
3457.0,20.0,60.0,2.0,100.0,16.666666
3458.0,40.0,60.0,2.0,100.0,5.263158
3459.0,49.0,60.0,2.0,100.0,5.882353
3460.0,0.0,60.0,2.0,100.0,100.0
3461.0,0.5,60.0,2.0,100.0,100.0
3462.0,1.0,60.0,2.0,100.0,100.0
3463.0,2.0,60.0,2.0,100.0,33.333332
3464.0,3.0,60.0,2.0,100.0,33.333332
3465.0,5.0,60.0,2.0,100.0,25.0
3466.0,10.0,60.0,2.0,100.0,11.111111
3467.0,20.0,60.0,2.0,100.0,12.5
3468.0,40.0,60.0,2.0,100.0,6.6666665
3469.0,49.0,60.0,2.0,100.0,4.5454545
3470.0,0.0,60.0,2.0,100.0,100.0
3471.0,0.5,60.0,2.0,100.0,100.0
3472.0,1.0,60.0,2.0,100.0,33.333332
3473.0,2.0,60.0,2.0,100.0,50.0
3474.0,3.0,60.0,2.0,100.0,8.333333
3475.0,5.0,60.0,2.0,100.0,11.111111
3476.0,10.0,60.0,2.0,100.0,20.0
3477.0,20.0,60.0,2.0,100.0,6.25
3478.0,40.0,60.0,2.0,100.0,4.7619047
3479.0,49.0,60.0,2.0,100.0,4.347826
3480.0,0.0,60.0,2.0,100.0,100.0
3481.0,0.5,60.0,2.0,100.0,100.0
3482.0,1.0,60.0,2.0,100.0,33.333332
3483.0,2.0,60.0,2.0,100.0,33.333332
3484.0,3.0,60.0,2.0,100.0,25.0
3485.0,5.0,60.0,2.0,100.0,33.333332
3486.0,10.0,60.0,2.0,100.0,6.25
3487.0,20.0,60.0,2.0,100.0,14.285714
3488.0,40.0,60.0,2.0,100.0,6.25
3489.0,49.0,60.0,2.0,100.0,5.0
3490.0,0.0,60.0,2.0,100.0,100.0
3491.0,0.5,60.0,2.0,100.0,100.0
3492.0,1.0,60.0,2.0,100.0,100.0
3493.0,2.0,60.0,2.0,100.0,25.0
3494.0,3.0,60.0,2.0,100.0,20.0
3495.0,5.0,60.0,2.0,100.0,20.0
3496.0,10.0,60.0,2.0,100.0,20.0
3497.0,20.0,60.0,2.0,100.0,8.333333
3498.0,40.0,60.0,2.0,100.0,5.263158
3499.0,49.0,60.0,2.0,100.0,4.347826
3500.0,0.0,70.0,2.0,100.0,100.0
3501.0,0.5,70.0,2.0,100.0,100.0
3502.0,1.0,70.0,2.0,100.0,100.0
3503.0,2.0,70.0,2.0,100.0,33.333332
3504.0,3.0,70.0,2.0,100.0,6.6666665
3505.0,5.0,70.0,2.0,100.0,33.333332
3506.0,10.0,70.0,2.0,100.0,25.0
3507.0,20.0,70.0,2.0,100.0,11.111111
3508.0,40.0,70.0,2.0,100.0,5.882353
3509.0,49.0,70.0,2.0,100.0,5.882353
3510.0,0.0,70.0,2.0,100.0,100.0
3511.0,0.5,70.0,2.0,100.0,25.0
3512.0,1.0,70.0,2.0,100.0,100.0
3513.0,2.0,70.0,2.0,100.0,100.0
3514.0,3.0,70.0,2.0,100.0,25.0
3515.0,5.0,70.0,2.0,100.0,8.333333
3516.0,10.0,70.0,2.0,100.0,10.0
3517.0,20.0,70.0,2.0,100.0,9.090909
3518.0,40.0,70.0,2.0,100.0,5.882353
3519.0,49.0,70.0,2.0,100.0,5.882353
3520.0,0.0,70.0,2.0,100.0,100.0
3521.0,0.5,70.0,2.0,100.0,100.0
3522.0,1.0,70.0,2.0,100.0,4.0
3523.0,2.0,70.0,2.0,100.0,25.0
3524.0,3.0,70.0,2.0,100.0,33.333332
3525.0,5.0,70.0,2.0,100.0,8.333333
3526.0,10.0,70.0,2.0,100.0,20.0
3527.0,20.0,70.0,2.0,100.0,8.333333
3528.0,40.0,70.0,2.0,100.0,6.25
3529.0,49.0,70.0,2.0,100.0,5.882353
3530.0,0.0,70.0,2.0,100.0,100.0
3531.0,0.5,70.0,2.0,100.0,25.0
3532.0,1.0,70.0,2.0,100.0,100.0
3533.0,2.0,70.0,2.0,100.0,25.0
3534.0,3.0,70.0,2.0,100.0,33.333332
3535.0,5.0,70.0,2.0,100.0,25.0
3536.0,10.0,70.0,2.0,100.0,16.666666
3537.0,20.0,70.0,2.0,100.0,8.333333
3538.0,40.0,70.0,2.0,100.0,5.882353
3539.0,49.0,70.0,2.0,100.0,5.0
3540.0,0.0,70.0,2.0,100.0,6.6666665
3541.0,0.5,70.0,2.0,100.0,33.333332
3542.0,1.0,70.0,2.0,100.0,50.0
3543.0,2.0,70.0,2.0,100.0,25.0
3544.0,3.0,70.0,2.0,100.0,20.0
3545.0,5.0,70.0,2.0,100.0,14.285714
3546.0,10.0,70.0,2.0,100.0,6.25
3547.0,20.0,70.0,2.0,100.0,14.285714
3548.0,40.0,70.0,2.0,100.0,5.263158
3549.0,49.0,70.0,2.0,100.0,6.25
3550.0,0.0,70.0,2.0,100.0,100.0
3551.0,0.5,70.0,2.0,100.0,33.333332
3552.0,1.0,70.0,2.0,100.0,25.0
3553.0,2.0,70.0,2.0,100.0,33.333332
3554.0,3.0,70.0,2.0,100.0,50.0
3555.0,5.0,70.0,2.0,100.0,20.0
3556.0,10.0,70.0,2.0,100.0,7.6923075
3557.0,20.0,70.0,2.0,100.0,14.285714
3558.0,40.0,70.0,2.0,100.0,5.263158
3559.0,49.0,70.0,2.0,100.0,4.347826
3560.0,0.0,70.0,2.0,100.0,100.0
3561.0,0.5,70.0,2.0,100.0,16.666666
3562.0,1.0,70.0,2.0,100.0,7.6923075
3563.0,2.0,70.0,2.0,100.0,33.333332
3564.0,3.0,70.0,2.0,100.0,33.333332
3565.0,5.0,70.0,2.0,100.0,20.0
3566.0,10.0,70.0,2.0,100.0,25.0
3567.0,20.0,70.0,2.0,100.0,6.6666665
3568.0,40.0,70.0,2.0,100.0,6.6666665
3569.0,49.0,70.0,2.0,100.0,6.6666665
3570.0,0.0,70.0,2.0,100.0,100.0
3571.0,0.5,70.0,2.0,100.0,100.0
3572.0,1.0,70.0,2.0,100.0,100.0
3573.0,2.0,70.0,2.0,100.0,12.5
3574.0,3.0,70.0,2.0,100.0,10.0
3575.0,5.0,70.0,2.0,100.0,5.882353
3576.0,10.0,70.0,2.0,100.0,33.333332
3577.0,20.0,70.0,2.0,100.0,5.882353
3578.0,40.0,70.0,2.0,100.0,5.263158
3579.0,49.0,70.0,2.0,100.0,5.263158
3580.0,0.0,70.0,2.0,100.0,100.0
3581.0,0.5,70.0,2.0,100.0,33.333332
3582.0,1.0,70.0,2.0,100.0,33.333332
3583.0,2.0,70.0,2.0,100.0,12.5
3584.0,3.0,70.0,2.0,100.0,33.333332
3585.0,5.0,70.0,2.0,100.0,25.0
3586.0,10.0,70.0,2.0,100.0,20.0
3587.0,20.0,70.0,2.0,100.0,10.0
3588.0,40.0,70.0,2.0,100.0,4.1666665
3589.0,49.0,70.0,2.0,100.0,5.5555553
3590.0,0.0,70.0,2.0,100.0,100.0
3591.0,0.5,70.0,2.0,100.0,100.0
3592.0,1.0,70.0,2.0,100.0,33.333332
3593.0,2.0,70.0,2.0,100.0,50.0
3594.0,3.0,70.0,2.0,100.0,33.333332
3595.0,5.0,70.0,2.0,100.0,10.0
3596.0,10.0,70.0,2.0,100.0,16.666666
3597.0,20.0,70.0,2.0,100.0,7.6923075
3598.0,40.0,70.0,2.0,100.0,6.6666665
3599.0,49.0,70.0,2.0,100.0,5.263158
3600.0,0.0,70.0,2.0,100.0,100.0
3601.0,0.5,70.0,2.0,100.0,20.0
3602.0,1.0,70.0,2.0,100.0,33.333332
3603.0,2.0,70.0,2.0,100.0,33.333332
3604.0,3.0,70.0,2.0,100.0,25.0
3605.0,5.0,70.0,2.0,100.0,25.0
3606.0,10.0,70.0,2.0,100.0,5.5555553
3607.0,20.0,70.0,2.0,100.0,8.333333
3608.0,40.0,70.0,2.0,100.0,8.333333
3609.0,49.0,70.0,2.0,100.0,4.347826
3610.0,0.0,70.0,2.0,100.0,100.0
3611.0,0.5,70.0,2.0,100.0,33.333332
3612.0,1.0,70.0,2.0,100.0,100.0
3613.0,2.0,70.0,2.0,100.0,7.6923075
3614.0,3.0,70.0,2.0,100.0,12.5
3615.0,5.0,70.0,2.0,100.0,33.333332
3616.0,10.0,70.0,2.0,100.0,25.0
3617.0,20.0,70.0,2.0,100.0,7.6923075
3618.0,40.0,70.0,2.0,100.0,5.263158
3619.0,49.0,70.0,2.0,100.0,5.263158
3620.0,0.0,70.0,2.0,100.0,100.0
3621.0,0.5,70.0,2.0,100.0,100.0
3622.0,1.0,70.0,2.0,100.0,33.333332
3623.0,2.0,70.0,2.0,100.0,33.333332
3624.0,3.0,70.0,2.0,100.0,33.333332
3625.0,5.0,70.0,2.0,100.0,25.0
3626.0,10.0,70.0,2.0,100.0,25.0
3627.0,20.0,70.0,2.0,100.0,12.5
3628.0,40.0,70.0,2.0,100.0,5.0
3629.0,49.0,70.0,2.0,100.0,4.0
3630.0,0.0,70.0,2.0,100.0,100.0
3631.0,0.5,70.0,2.0,100.0,33.333332
3632.0,1.0,70.0,2.0,100.0,100.0
3633.0,2.0,70.0,2.0,100.0,100.0
3634.0,3.0,70.0,2.0,100.0,33.333332
3635.0,5.0,70.0,2.0,100.0,20.0
3636.0,10.0,70.0,2.0,100.0,33.333332
3637.0,20.0,70.0,2.0,100.0,11.111111
3638.0,40.0,70.0,2.0,100.0,6.6666665
3639.0,49.0,70.0,2.0,100.0,5.263158
3640.0,0.0,70.0,2.0,100.0,100.0
3641.0,0.5,70.0,2.0,100.0,100.0
3642.0,1.0,70.0,2.0,100.0,33.333332
3643.0,2.0,70.0,2.0,100.0,14.285714
3644.0,3.0,70.0,2.0,100.0,50.0
3645.0,5.0,70.0,2.0,100.0,12.5
3646.0,10.0,70.0,2.0,100.0,20.0
3647.0,20.0,70.0,2.0,100.0,8.333333
3648.0,40.0,70.0,2.0,100.0,5.263158
3649.0,49.0,70.0,2.0,100.0,5.0
3650.0,0.0,70.0,2.0,100.0,100.0
3651.0,0.5,70.0,2.0,100.0,33.333332
3652.0,1.0,70.0,2.0,100.0,33.333332
3653.0,2.0,70.0,2.0,100.0,33.333332
3654.0,3.0,70.0,2.0,100.0,7.6923075
3655.0,5.0,70.0,2.0,100.0,33.333332
3656.0,10.0,70.0,2.0,100.0,33.333332
3657.0,20.0,70.0,2.0,100.0,5.5555553
3658.0,40.0,70.0,2.0,100.0,7.6923075
3659.0,49.0,70.0,2.0,100.0,4.0
3660.0,0.0,70.0,2.0,100.0,100.0
3661.0,0.5,70.0,2.0,100.0,100.0
3662.0,1.0,70.0,2.0,100.0,100.0
3663.0,2.0,70.0,2.0,100.0,33.333332
3664.0,3.0,70.0,2.0,100.0,20.0
3665.0,5.0,70.0,2.0,100.0,5.882353
3666.0,10.0,70.0,2.0,100.0,33.333332
3667.0,20.0,70.0,2.0,100.0,7.6923075
3668.0,40.0,70.0,2.0,100.0,4.7619047
3669.0,49.0,70.0,2.0,100.0,4.7619047
3670.0,0.0,70.0,2.0,100.0,14.285714
3671.0,0.5,70.0,2.0,100.0,100.0
3672.0,1.0,70.0,2.0,100.0,100.0
3673.0,2.0,70.0,2.0,100.0,5.263158
3674.0,3.0,70.0,2.0,100.0,33.333332
3675.0,5.0,70.0,2.0,100.0,25.0
3676.0,10.0,70.0,2.0,100.0,25.0
3677.0,20.0,70.0,2.0,100.0,10.0
3678.0,40.0,70.0,2.0,100.0,7.142857
3679.0,49.0,70.0,2.0,100.0,5.882353
3680.0,0.0,70.0,2.0,100.0,100.0
3681.0,0.5,70.0,2.0,100.0,100.0
3682.0,1.0,70.0,2.0,100.0,33.333332
3683.0,2.0,70.0,2.0,100.0,25.0
3684.0,3.0,70.0,2.0,100.0,33.333332
3685.0,5.0,70.0,2.0,100.0,33.333332
3686.0,10.0,70.0,2.0,100.0,33.333332
3687.0,20.0,70.0,2.0,100.0,8.333333
3688.0,40.0,70.0,2.0,100.0,5.5555553
3689.0,49.0,70.0,2.0,100.0,4.7619047
3690.0,0.0,70.0,2.0,100.0,100.0
3691.0,0.5,70.0,2.0,100.0,7.6923075
3692.0,1.0,70.0,2.0,100.0,33.333332
3693.0,2.0,70.0,2.0,100.0,14.285714
3694.0,3.0,70.0,2.0,100.0,10.0
3695.0,5.0,70.0,2.0,100.0,33.333332
3696.0,10.0,70.0,2.0,100.0,5.5555553
3697.0,20.0,70.0,2.0,100.0,7.6923075
3698.0,40.0,70.0,2.0,100.0,5.263158
3699.0,49.0,70.0,2.0,100.0,4.7619047
3700.0,0.0,70.0,2.0,100.0,100.0
3701.0,0.5,70.0,2.0,100.0,100.0
3702.0,1.0,70.0,2.0,100.0,33.333332
3703.0,2.0,70.0,2.0,100.0,33.333332
3704.0,3.0,70.0,2.0,100.0,33.333332
3705.0,5.0,70.0,2.0,100.0,6.6666665
3706.0,10.0,70.0,2.0,100.0,7.142857
3707.0,20.0,70.0,2.0,100.0,11.111111
3708.0,40.0,70.0,2.0,100.0,5.263158
3709.0,49.0,70.0,2.0,100.0,5.0
3710.0,0.0,70.0,2.0,100.0,100.0
3711.0,0.5,70.0,2.0,100.0,33.333332
3712.0,1.0,70.0,2.0,100.0,33.333332
3713.0,2.0,70.0,2.0,100.0,16.666666
3714.0,3.0,70.0,2.0,100.0,25.0
3715.0,5.0,70.0,2.0,100.0,16.666666
3716.0,10.0,70.0,2.0,100.0,20.0
3717.0,20.0,70.0,2.0,100.0,8.333333
3718.0,40.0,70.0,2.0,100.0,6.6666665
3719.0,49.0,70.0,2.0,100.0,3.8461537
3720.0,0.0,70.0,2.0,100.0,100.0
3721.0,0.5,70.0,2.0,100.0,100.0
3722.0,1.0,70.0,2.0,100.0,33.333332
3723.0,2.0,70.0,2.0,100.0,33.333332
3724.0,3.0,70.0,2.0,100.0,9.090909
3725.0,5.0,70.0,2.0,100.0,10.0
3726.0,10.0,70.0,2.0,100.0,16.666666
3727.0,20.0,70.0,2.0,100.0,6.25
3728.0,40.0,70.0,2.0,100.0,5.882353
3729.0,49.0,70.0,2.0,100.0,5.263158
3730.0,0.0,70.0,2.0,100.0,100.0
3731.0,0.5,70.0,2.0,100.0,33.333332
3732.0,1.0,70.0,2.0,100.0,33.333332
3733.0,2.0,70.0,2.0,100.0,33.333332
3734.0,3.0,70.0,2.0,100.0,20.0
3735.0,5.0,70.0,2.0,100.0,16.666666
3736.0,10.0,70.0,2.0,100.0,25.0
3737.0,20.0,70.0,2.0,100.0,20.0
3738.0,40.0,70.0,2.0,100.0,4.347826
3739.0,49.0,70.0,2.0,100.0,4.0
3740.0,0.0,70.0,2.0,100.0,100.0
3741.0,0.5,70.0,2.0,100.0,6.6666665
3742.0,1.0,70.0,2.0,100.0,100.0
3743.0,2.0,70.0,2.0,100.0,16.666666
3744.0,3.0,70.0,2.0,100.0,5.882353
3745.0,5.0,70.0,2.0,100.0,16.666666
3746.0,10.0,70.0,2.0,100.0,7.142857
3747.0,20.0,70.0,2.0,100.0,9.090909
3748.0,40.0,70.0,2.0,100.0,5.5555553
3749.0,49.0,70.0,2.0,100.0,5.5555553
3750.0,0.0,70.0,2.0,100.0,100.0
3751.0,0.5,70.0,2.0,100.0,7.6923075
3752.0,1.0,70.0,2.0,100.0,100.0
3753.0,2.0,70.0,2.0,100.0,5.263158
3754.0,3.0,70.0,2.0,100.0,33.333332
3755.0,5.0,70.0,2.0,100.0,6.6666665
3756.0,10.0,70.0,2.0,100.0,12.5
3757.0,20.0,70.0,2.0,100.0,11.111111
3758.0,40.0,70.0,2.0,100.0,7.6923075
3759.0,49.0,70.0,2.0,100.0,5.263158
3760.0,0.0,70.0,2.0,100.0,11.111111
3761.0,0.5,70.0,2.0,100.0,33.333332
3762.0,1.0,70.0,2.0,100.0,100.0
3763.0,2.0,70.0,2.0,100.0,12.5
3764.0,3.0,70.0,2.0,100.0,100.0
3765.0,5.0,70.0,2.0,100.0,25.0
3766.0,10.0,70.0,2.0,100.0,6.6666665
3767.0,20.0,70.0,2.0,100.0,10.0
3768.0,40.0,70.0,2.0,100.0,5.0
3769.0,49.0,70.0,2.0,100.0,5.882353
3770.0,0.0,70.0,2.0,100.0,100.0
3771.0,0.5,70.0,2.0,100.0,33.333332
3772.0,1.0,70.0,2.0,100.0,100.0
3773.0,2.0,70.0,2.0,100.0,33.333332
3774.0,3.0,70.0,2.0,100.0,33.333332
3775.0,5.0,70.0,2.0,100.0,7.6923075
3776.0,10.0,70.0,2.0,100.0,14.285714
3777.0,20.0,70.0,2.0,100.0,6.6666665
3778.0,40.0,70.0,2.0,100.0,6.6666665
3779.0,49.0,70.0,2.0,100.0,5.882353
3780.0,0.0,70.0,2.0,100.0,100.0
3781.0,0.5,70.0,2.0,100.0,100.0
3782.0,1.0,70.0,2.0,100.0,100.0
3783.0,2.0,70.0,2.0,100.0,25.0
3784.0,3.0,70.0,2.0,100.0,33.333332
3785.0,5.0,70.0,2.0,100.0,25.0
3786.0,10.0,70.0,2.0,100.0,6.6666665
3787.0,20.0,70.0,2.0,100.0,5.5555553
3788.0,40.0,70.0,2.0,100.0,5.882353
3789.0,49.0,70.0,2.0,100.0,4.7619047
3790.0,0.0,70.0,2.0,100.0,100.0
3791.0,0.5,70.0,2.0,100.0,33.333332
3792.0,1.0,70.0,2.0,100.0,33.333332
3793.0,2.0,70.0,2.0,100.0,33.333332
3794.0,3.0,70.0,2.0,100.0,50.0
3795.0,5.0,70.0,2.0,100.0,10.0
3796.0,10.0,70.0,2.0,100.0,7.6923075
3797.0,20.0,70.0,2.0,100.0,8.333333
3798.0,40.0,70.0,2.0,100.0,5.0
3799.0,49.0,70.0,2.0,100.0,4.5454545
3800.0,0.0,70.0,2.0,100.0,100.0
3801.0,0.5,70.0,2.0,100.0,100.0
3802.0,1.0,70.0,2.0,100.0,33.333332
3803.0,2.0,70.0,2.0,100.0,33.333332
3804.0,3.0,70.0,2.0,100.0,25.0
3805.0,5.0,70.0,2.0,100.0,7.6923075
3806.0,10.0,70.0,2.0,100.0,11.111111
3807.0,20.0,70.0,2.0,100.0,14.285714
3808.0,40.0,70.0,2.0,100.0,5.0
3809.0,49.0,70.0,2.0,100.0,5.263158
3810.0,0.0,70.0,2.0,100.0,100.0
3811.0,0.5,70.0,2.0,100.0,100.0
3812.0,1.0,70.0,2.0,100.0,16.666666
3813.0,2.0,70.0,2.0,100.0,33.333332
3814.0,3.0,70.0,2.0,100.0,25.0
3815.0,5.0,70.0,2.0,100.0,33.333332
3816.0,10.0,70.0,2.0,100.0,16.666666
3817.0,20.0,70.0,2.0,100.0,10.0
3818.0,40.0,70.0,2.0,100.0,5.263158
3819.0,49.0,70.0,2.0,100.0,4.7619047
3820.0,0.0,70.0,2.0,100.0,100.0
3821.0,0.5,70.0,2.0,100.0,100.0
3822.0,1.0,70.0,2.0,100.0,33.333332
3823.0,2.0,70.0,2.0,100.0,25.0
3824.0,3.0,70.0,2.0,100.0,7.6923075
3825.0,5.0,70.0,2.0,100.0,33.333332
3826.0,10.0,70.0,2.0,100.0,33.333332
3827.0,20.0,70.0,2.0,100.0,6.25
3828.0,40.0,70.0,2.0,100.0,5.0
3829.0,49.0,70.0,2.0,100.0,5.882353
3830.0,0.0,70.0,2.0,100.0,5.882353
3831.0,0.5,70.0,2.0,100.0,100.0
3832.0,1.0,70.0,2.0,100.0,100.0
3833.0,2.0,70.0,2.0,100.0,100.0
3834.0,3.0,70.0,2.0,100.0,33.333332
3835.0,5.0,70.0,2.0,100.0,33.333332
3836.0,10.0,70.0,2.0,100.0,25.0
3837.0,20.0,70.0,2.0,100.0,7.6923075
3838.0,40.0,70.0,2.0,100.0,5.882353
3839.0,49.0,70.0,2.0,100.0,5.263158
3840.0,0.0,70.0,2.0,100.0,100.0
3841.0,0.5,70.0,2.0,100.0,100.0
3842.0,1.0,70.0,2.0,100.0,33.333332
3843.0,2.0,70.0,2.0,100.0,16.666666
3844.0,3.0,70.0,2.0,100.0,25.0
3845.0,5.0,70.0,2.0,100.0,14.285714
3846.0,10.0,70.0,2.0,100.0,20.0
3847.0,20.0,70.0,2.0,100.0,8.333333
3848.0,40.0,70.0,2.0,100.0,5.0
3849.0,49.0,70.0,2.0,100.0,5.882353
3850.0,0.0,70.0,2.0,100.0,100.0
3851.0,0.5,70.0,2.0,100.0,100.0
3852.0,1.0,70.0,2.0,100.0,33.333332
3853.0,2.0,70.0,2.0,100.0,7.6923075
3854.0,3.0,70.0,2.0,100.0,25.0
3855.0,5.0,70.0,2.0,100.0,33.333332
3856.0,10.0,70.0,2.0,100.0,20.0
3857.0,20.0,70.0,2.0,100.0,12.5
3858.0,40.0,70.0,2.0,100.0,5.263158
3859.0,49.0,70.0,2.0,100.0,5.263158
3860.0,0.0,70.0,2.0,100.0,100.0
3861.0,0.5,70.0,2.0,100.0,33.333332
3862.0,1.0,70.0,2.0,100.0,100.0
3863.0,2.0,70.0,2.0,100.0,33.333332
3864.0,3.0,70.0,2.0,100.0,33.333332
3865.0,5.0,70.0,2.0,100.0,16.666666
3866.0,10.0,70.0,2.0,100.0,11.111111
3867.0,20.0,70.0,2.0,100.0,7.142857
3868.0,40.0,70.0,2.0,100.0,7.142857
3869.0,49.0,70.0,2.0,100.0,4.5454545
3870.0,0.0,70.0,2.0,100.0,11.111111
3871.0,0.5,70.0,2.0,100.0,100.0
3872.0,1.0,70.0,2.0,100.0,33.333332
3873.0,2.0,70.0,2.0,100.0,33.333332
3874.0,3.0,70.0,2.0,100.0,25.0
3875.0,5.0,70.0,2.0,100.0,7.142857
3876.0,10.0,70.0,2.0,100.0,33.333332
3877.0,20.0,70.0,2.0,100.0,7.142857
3878.0,40.0,70.0,2.0,100.0,4.5454545
3879.0,49.0,70.0,2.0,100.0,4.1666665
3880.0,0.0,70.0,2.0,100.0,100.0
3881.0,0.5,70.0,2.0,100.0,33.333332
3882.0,1.0,70.0,2.0,100.0,20.0
3883.0,2.0,70.0,2.0,100.0,100.0
3884.0,3.0,70.0,2.0,100.0,25.0
3885.0,5.0,70.0,2.0,100.0,25.0
3886.0,10.0,70.0,2.0,100.0,33.333332
3887.0,20.0,70.0,2.0,100.0,25.0
3888.0,40.0,70.0,2.0,100.0,5.263158
3889.0,49.0,70.0,2.0,100.0,5.0
3890.0,0.0,70.0,2.0,100.0,100.0
3891.0,0.5,70.0,2.0,100.0,100.0
3892.0,1.0,70.0,2.0,100.0,100.0
3893.0,2.0,70.0,2.0,100.0,50.0
3894.0,3.0,70.0,2.0,100.0,50.0
3895.0,5.0,70.0,2.0,100.0,12.5
3896.0,10.0,70.0,2.0,100.0,20.0
3897.0,20.0,70.0,2.0,100.0,14.285714
3898.0,40.0,70.0,2.0,100.0,6.6666665
3899.0,49.0,70.0,2.0,100.0,4.347826
3900.0,0.0,70.0,2.0,100.0,100.0
3901.0,0.5,70.0,2.0,100.0,33.333332
3902.0,1.0,70.0,2.0,100.0,33.333332
3903.0,2.0,70.0,2.0,100.0,100.0
3904.0,3.0,70.0,2.0,100.0,33.333332
3905.0,5.0,70.0,2.0,100.0,6.6666665
3906.0,10.0,70.0,2.0,100.0,11.111111
3907.0,20.0,70.0,2.0,100.0,7.142857
3908.0,40.0,70.0,2.0,100.0,7.142857
3909.0,49.0,70.0,2.0,100.0,4.5454545
3910.0,0.0,70.0,2.0,100.0,100.0
3911.0,0.5,70.0,2.0,100.0,33.333332
3912.0,1.0,70.0,2.0,100.0,33.333332
3913.0,2.0,70.0,2.0,100.0,33.333332
3914.0,3.0,70.0,2.0,100.0,16.666666
3915.0,5.0,70.0,2.0,100.0,8.333333
3916.0,10.0,70.0,2.0,100.0,14.285714
3917.0,20.0,70.0,2.0,100.0,7.6923075
3918.0,40.0,70.0,2.0,100.0,4.347826
3919.0,49.0,70.0,2.0,100.0,5.882353
3920.0,0.0,70.0,2.0,100.0,100.0
3921.0,0.5,70.0,2.0,100.0,33.333332
3922.0,1.0,70.0,2.0,100.0,33.333332
3923.0,2.0,70.0,2.0,100.0,33.333332
3924.0,3.0,70.0,2.0,100.0,33.333332
3925.0,5.0,70.0,2.0,100.0,25.0
3926.0,10.0,70.0,2.0,100.0,14.285714
3927.0,20.0,70.0,2.0,100.0,4.7619047
3928.0,40.0,70.0,2.0,100.0,6.6666665
3929.0,49.0,70.0,2.0,100.0,5.263158
3930.0,0.0,70.0,2.0,100.0,100.0
3931.0,0.5,70.0,2.0,100.0,100.0
3932.0,1.0,70.0,2.0,100.0,16.666666
3933.0,2.0,70.0,2.0,100.0,100.0
3934.0,3.0,70.0,2.0,100.0,25.0
3935.0,5.0,70.0,2.0,100.0,10.0
3936.0,10.0,70.0,2.0,100.0,20.0
3937.0,20.0,70.0,2.0,100.0,9.090909
3938.0,40.0,70.0,2.0,100.0,7.142857
3939.0,49.0,70.0,2.0,100.0,6.6666665
3940.0,0.0,70.0,2.0,100.0,100.0
3941.0,0.5,70.0,2.0,100.0,33.333332
3942.0,1.0,70.0,2.0,100.0,33.333332
3943.0,2.0,70.0,2.0,100.0,33.333332
3944.0,3.0,70.0,2.0,100.0,20.0
3945.0,5.0,70.0,2.0,100.0,12.5
3946.0,10.0,70.0,2.0,100.0,6.6666665
3947.0,20.0,70.0,2.0,100.0,6.25
3948.0,40.0,70.0,2.0,100.0,4.7619047
3949.0,49.0,70.0,2.0,100.0,4.0
3950.0,0.0,70.0,2.0,100.0,100.0
3951.0,0.5,70.0,2.0,100.0,10.0
3952.0,1.0,70.0,2.0,100.0,33.333332
3953.0,2.0,70.0,2.0,100.0,6.6666665
3954.0,3.0,70.0,2.0,100.0,25.0
3955.0,5.0,70.0,2.0,100.0,14.285714
3956.0,10.0,70.0,2.0,100.0,14.285714
3957.0,20.0,70.0,2.0,100.0,16.666666
3958.0,40.0,70.0,2.0,100.0,6.6666665
3959.0,49.0,70.0,2.0,100.0,5.5555553
3960.0,0.0,70.0,2.0,100.0,100.0
3961.0,0.5,70.0,2.0,100.0,11.111111
3962.0,1.0,70.0,2.0,100.0,100.0
3963.0,2.0,70.0,2.0,100.0,14.285714
3964.0,3.0,70.0,2.0,100.0,9.090909
3965.0,5.0,70.0,2.0,100.0,33.333332
3966.0,10.0,70.0,2.0,100.0,14.285714
3967.0,20.0,70.0,2.0,100.0,20.0
3968.0,40.0,70.0,2.0,100.0,7.6923075
3969.0,49.0,70.0,2.0,100.0,5.882353
3970.0,0.0,70.0,2.0,100.0,100.0
3971.0,0.5,70.0,2.0,100.0,33.333332
3972.0,1.0,70.0,2.0,100.0,100.0
3973.0,2.0,70.0,2.0,100.0,33.333332
3974.0,3.0,70.0,2.0,100.0,33.333332
3975.0,5.0,70.0,2.0,100.0,33.333332
3976.0,10.0,70.0,2.0,100.0,5.0
3977.0,20.0,70.0,2.0,100.0,7.6923075
3978.0,40.0,70.0,2.0,100.0,6.6666665
3979.0,49.0,70.0,2.0,100.0,6.6666665
3980.0,0.0,70.0,2.0,100.0,100.0
3981.0,0.5,70.0,2.0,100.0,10.0
3982.0,1.0,70.0,2.0,100.0,33.333332
3983.0,2.0,70.0,2.0,100.0,50.0
3984.0,3.0,70.0,2.0,100.0,20.0
3985.0,5.0,70.0,2.0,100.0,20.0
3986.0,10.0,70.0,2.0,100.0,20.0
3987.0,20.0,70.0,2.0,100.0,5.5555553
3988.0,40.0,70.0,2.0,100.0,4.7619047
3989.0,49.0,70.0,2.0,100.0,6.6666665
3990.0,0.0,70.0,2.0,100.0,100.0
3991.0,0.5,70.0,2.0,100.0,100.0
3992.0,1.0,70.0,2.0,100.0,100.0
3993.0,2.0,70.0,2.0,100.0,33.333332
3994.0,3.0,70.0,2.0,100.0,9.090909
3995.0,5.0,70.0,2.0,100.0,50.0
3996.0,10.0,70.0,2.0,100.0,11.111111
3997.0,20.0,70.0,2.0,100.0,5.263158
3998.0,40.0,70.0,2.0,100.0,5.263158
3999.0,49.0,70.0,2.0,100.0,4.347826
4000.0,0.0,80.0,2.0,100.0,100.0
4001.0,0.5,80.0,2.0,100.0,100.0
4002.0,1.0,80.0,2.0,100.0,16.666666
4003.0,2.0,80.0,2.0,100.0,33.333332
4004.0,3.0,80.0,2.0,100.0,33.333332
4005.0,5.0,80.0,2.0,100.0,9.090909
4006.0,10.0,80.0,2.0,100.0,20.0
4007.0,20.0,80.0,2.0,100.0,12.5
4008.0,40.0,80.0,2.0,100.0,5.263158
4009.0,49.0,80.0,2.0,100.0,6.6666665
4010.0,0.0,80.0,2.0,100.0,9.090909
4011.0,0.5,80.0,2.0,100.0,33.333332
4012.0,1.0,80.0,2.0,100.0,33.333332
4013.0,2.0,80.0,2.0,100.0,20.0
4014.0,3.0,80.0,2.0,100.0,6.6666665
4015.0,5.0,80.0,2.0,100.0,7.6923075
4016.0,10.0,80.0,2.0,100.0,11.111111
4017.0,20.0,80.0,2.0,100.0,10.0
4018.0,40.0,80.0,2.0,100.0,6.6666665
4019.0,49.0,80.0,2.0,100.0,5.0
4020.0,0.0,80.0,2.0,100.0,100.0
4021.0,0.5,80.0,2.0,100.0,100.0
4022.0,1.0,80.0,2.0,100.0,100.0
4023.0,2.0,80.0,2.0,100.0,33.333332
4024.0,3.0,80.0,2.0,100.0,33.333332
4025.0,5.0,80.0,2.0,100.0,25.0
4026.0,10.0,80.0,2.0,100.0,7.142857
4027.0,20.0,80.0,2.0,100.0,7.6923075
4028.0,40.0,80.0,2.0,100.0,5.0
4029.0,49.0,80.0,2.0,100.0,7.6923075
4030.0,0.0,80.0,2.0,100.0,100.0
4031.0,0.5,80.0,2.0,100.0,100.0
4032.0,1.0,80.0,2.0,100.0,33.333332
4033.0,2.0,80.0,2.0,100.0,50.0
4034.0,3.0,80.0,2.0,100.0,33.333332
4035.0,5.0,80.0,2.0,100.0,9.090909
4036.0,10.0,80.0,2.0,100.0,16.666666
4037.0,20.0,80.0,2.0,100.0,7.6923075
4038.0,40.0,80.0,2.0,100.0,5.5555553
4039.0,49.0,80.0,2.0,100.0,4.347826
4040.0,0.0,80.0,2.0,100.0,100.0
4041.0,0.5,80.0,2.0,100.0,100.0
4042.0,1.0,80.0,2.0,100.0,33.333332
4043.0,2.0,80.0,2.0,100.0,25.0
4044.0,3.0,80.0,2.0,100.0,25.0
4045.0,5.0,80.0,2.0,100.0,10.0
4046.0,10.0,80.0,2.0,100.0,7.6923075
4047.0,20.0,80.0,2.0,100.0,7.142857
4048.0,40.0,80.0,2.0,100.0,5.263158
4049.0,49.0,80.0,2.0,100.0,5.5555553
4050.0,0.0,80.0,2.0,100.0,100.0
4051.0,0.5,80.0,2.0,100.0,14.285714
4052.0,1.0,80.0,2.0,100.0,33.333332
4053.0,2.0,80.0,2.0,100.0,33.333332
4054.0,3.0,80.0,2.0,100.0,33.333332
4055.0,5.0,80.0,2.0,100.0,25.0
4056.0,10.0,80.0,2.0,100.0,14.285714
4057.0,20.0,80.0,2.0,100.0,8.333333
4058.0,40.0,80.0,2.0,100.0,5.882353
4059.0,49.0,80.0,2.0,100.0,4.347826
4060.0,0.0,80.0,2.0,100.0,100.0
4061.0,0.5,80.0,2.0,100.0,100.0
4062.0,1.0,80.0,2.0,100.0,100.0
4063.0,2.0,80.0,2.0,100.0,33.333332
4064.0,3.0,80.0,2.0,100.0,25.0
4065.0,5.0,80.0,2.0,100.0,20.0
4066.0,10.0,80.0,2.0,100.0,14.285714
4067.0,20.0,80.0,2.0,100.0,9.090909
4068.0,40.0,80.0,2.0,100.0,5.263158
4069.0,49.0,80.0,2.0,100.0,5.0
4070.0,0.0,80.0,2.0,100.0,20.0
4071.0,0.5,80.0,2.0,100.0,33.333332
4072.0,1.0,80.0,2.0,100.0,100.0
4073.0,2.0,80.0,2.0,100.0,33.333332
4074.0,3.0,80.0,2.0,100.0,33.333332
4075.0,5.0,80.0,2.0,100.0,14.285714
4076.0,10.0,80.0,2.0,100.0,7.142857
4077.0,20.0,80.0,2.0,100.0,7.142857
4078.0,40.0,80.0,2.0,100.0,7.142857
4079.0,49.0,80.0,2.0,100.0,5.5555553
4080.0,0.0,80.0,2.0,100.0,100.0
4081.0,0.5,80.0,2.0,100.0,100.0
4082.0,1.0,80.0,2.0,100.0,33.333332
4083.0,2.0,80.0,2.0,100.0,33.333332
4084.0,3.0,80.0,2.0,100.0,33.333332
4085.0,5.0,80.0,2.0,100.0,25.0
4086.0,10.0,80.0,2.0,100.0,14.285714
4087.0,20.0,80.0,2.0,100.0,6.6666665
4088.0,40.0,80.0,2.0,100.0,5.882353
4089.0,49.0,80.0,2.0,100.0,5.0
4090.0,0.0,80.0,2.0,100.0,100.0
4091.0,0.5,80.0,2.0,100.0,33.333332
4092.0,1.0,80.0,2.0,100.0,33.333332
4093.0,2.0,80.0,2.0,100.0,33.333332
4094.0,3.0,80.0,2.0,100.0,5.882353
4095.0,5.0,80.0,2.0,100.0,12.5
4096.0,10.0,80.0,2.0,100.0,25.0
4097.0,20.0,80.0,2.0,100.0,11.111111
4098.0,40.0,80.0,2.0,100.0,4.7619047
4099.0,49.0,80.0,2.0,100.0,5.882353
4100.0,0.0,80.0,2.0,100.0,100.0
4101.0,0.5,80.0,2.0,100.0,100.0
4102.0,1.0,80.0,2.0,100.0,25.0
4103.0,2.0,80.0,2.0,100.0,50.0
4104.0,3.0,80.0,2.0,100.0,11.111111
4105.0,5.0,80.0,2.0,100.0,20.0
4106.0,10.0,80.0,2.0,100.0,12.5
4107.0,20.0,80.0,2.0,100.0,25.0
4108.0,40.0,80.0,2.0,100.0,5.882353
4109.0,49.0,80.0,2.0,100.0,5.882353
4110.0,0.0,80.0,2.0,100.0,100.0
4111.0,0.5,80.0,2.0,100.0,100.0
4112.0,1.0,80.0,2.0,100.0,33.333332
4113.0,2.0,80.0,2.0,100.0,25.0
4114.0,3.0,80.0,2.0,100.0,25.0
4115.0,5.0,80.0,2.0,100.0,16.666666
4116.0,10.0,80.0,2.0,100.0,25.0
4117.0,20.0,80.0,2.0,100.0,10.0
4118.0,40.0,80.0,2.0,100.0,6.6666665
4119.0,49.0,80.0,2.0,100.0,5.882353
4120.0,0.0,80.0,2.0,100.0,100.0
4121.0,0.5,80.0,2.0,100.0,100.0
4122.0,1.0,80.0,2.0,100.0,100.0
4123.0,2.0,80.0,2.0,100.0,100.0
4124.0,3.0,80.0,2.0,100.0,33.333332
4125.0,5.0,80.0,2.0,100.0,14.285714
4126.0,10.0,80.0,2.0,100.0,14.285714
4127.0,20.0,80.0,2.0,100.0,12.5
4128.0,40.0,80.0,2.0,100.0,5.263158
4129.0,49.0,80.0,2.0,100.0,4.347826
4130.0,0.0,80.0,2.0,100.0,100.0
4131.0,0.5,80.0,2.0,100.0,100.0
4132.0,1.0,80.0,2.0,100.0,50.0
4133.0,2.0,80.0,2.0,100.0,100.0
4134.0,3.0,80.0,2.0,100.0,50.0
4135.0,5.0,80.0,2.0,100.0,9.090909
4136.0,10.0,80.0,2.0,100.0,4.7619047
4137.0,20.0,80.0,2.0,100.0,9.090909
4138.0,40.0,80.0,2.0,100.0,5.263158
4139.0,49.0,80.0,2.0,100.0,5.882353
4140.0,0.0,80.0,2.0,100.0,100.0
4141.0,0.5,80.0,2.0,100.0,100.0
4142.0,1.0,80.0,2.0,100.0,33.333332
4143.0,2.0,80.0,2.0,100.0,33.333332
4144.0,3.0,80.0,2.0,100.0,25.0
4145.0,5.0,80.0,2.0,100.0,33.333332
4146.0,10.0,80.0,2.0,100.0,14.285714
4147.0,20.0,80.0,2.0,100.0,8.333333
4148.0,40.0,80.0,2.0,100.0,4.7619047
4149.0,49.0,80.0,2.0,100.0,5.263158
4150.0,0.0,80.0,2.0,100.0,100.0
4151.0,0.5,80.0,2.0,100.0,33.333332
4152.0,1.0,80.0,2.0,100.0,100.0
4153.0,2.0,80.0,2.0,100.0,100.0
4154.0,3.0,80.0,2.0,100.0,33.333332
4155.0,5.0,80.0,2.0,100.0,14.285714
4156.0,10.0,80.0,2.0,100.0,9.090909
4157.0,20.0,80.0,2.0,100.0,6.6666665
4158.0,40.0,80.0,2.0,100.0,7.142857
4159.0,49.0,80.0,2.0,100.0,5.882353
4160.0,0.0,80.0,2.0,100.0,9.090909
4161.0,0.5,80.0,2.0,100.0,7.6923075
4162.0,1.0,80.0,2.0,100.0,33.333332
4163.0,2.0,80.0,2.0,100.0,33.333332
4164.0,3.0,80.0,2.0,100.0,25.0
4165.0,5.0,80.0,2.0,100.0,16.666666
4166.0,10.0,80.0,2.0,100.0,9.090909
4167.0,20.0,80.0,2.0,100.0,7.6923075
4168.0,40.0,80.0,2.0,100.0,5.0
4169.0,49.0,80.0,2.0,100.0,5.882353
4170.0,0.0,80.0,2.0,100.0,100.0
4171.0,0.5,80.0,2.0,100.0,100.0
4172.0,1.0,80.0,2.0,100.0,7.142857
4173.0,2.0,80.0,2.0,100.0,20.0
4174.0,3.0,80.0,2.0,100.0,33.333332
4175.0,5.0,80.0,2.0,100.0,33.333332
4176.0,10.0,80.0,2.0,100.0,16.666666
4177.0,20.0,80.0,2.0,100.0,7.6923075
4178.0,40.0,80.0,2.0,100.0,9.090909
4179.0,49.0,80.0,2.0,100.0,4.5454545
4180.0,0.0,80.0,2.0,100.0,100.0
4181.0,0.5,80.0,2.0,100.0,100.0
4182.0,1.0,80.0,2.0,100.0,100.0
4183.0,2.0,80.0,2.0,100.0,20.0
4184.0,3.0,80.0,2.0,100.0,50.0
4185.0,5.0,80.0,2.0,100.0,16.666666
4186.0,10.0,80.0,2.0,100.0,11.111111
4187.0,20.0,80.0,2.0,100.0,4.347826
4188.0,40.0,80.0,2.0,100.0,5.263158
4189.0,49.0,80.0,2.0,100.0,5.263158
4190.0,0.0,80.0,2.0,100.0,100.0
4191.0,0.5,80.0,2.0,100.0,33.333332
4192.0,1.0,80.0,2.0,100.0,33.333332
4193.0,2.0,80.0,2.0,100.0,33.333332
4194.0,3.0,80.0,2.0,100.0,33.333332
4195.0,5.0,80.0,2.0,100.0,9.090909
4196.0,10.0,80.0,2.0,100.0,14.285714
4197.0,20.0,80.0,2.0,100.0,9.090909
4198.0,40.0,80.0,2.0,100.0,5.0
4199.0,49.0,80.0,2.0,100.0,4.1666665
4200.0,0.0,80.0,2.0,100.0,100.0
4201.0,0.5,80.0,2.0,100.0,33.333332
4202.0,1.0,80.0,2.0,100.0,33.333332
4203.0,2.0,80.0,2.0,100.0,33.333332
4204.0,3.0,80.0,2.0,100.0,20.0
4205.0,5.0,80.0,2.0,100.0,7.6923075
4206.0,10.0,80.0,2.0,100.0,33.333332
4207.0,20.0,80.0,2.0,100.0,16.666666
4208.0,40.0,80.0,2.0,100.0,6.6666665
4209.0,49.0,80.0,2.0,100.0,4.7619047
4210.0,0.0,80.0,2.0,100.0,100.0
4211.0,0.5,80.0,2.0,100.0,14.285714
4212.0,1.0,80.0,2.0,100.0,33.333332
4213.0,2.0,80.0,2.0,100.0,100.0
4214.0,3.0,80.0,2.0,100.0,25.0
4215.0,5.0,80.0,2.0,100.0,33.333332
4216.0,10.0,80.0,2.0,100.0,14.285714
4217.0,20.0,80.0,2.0,100.0,5.0
4218.0,40.0,80.0,2.0,100.0,8.333333
4219.0,49.0,80.0,2.0,100.0,6.6666665
4220.0,0.0,80.0,2.0,100.0,100.0
4221.0,0.5,80.0,2.0,100.0,100.0
4222.0,1.0,80.0,2.0,100.0,33.333332
4223.0,2.0,80.0,2.0,100.0,33.333332
4224.0,3.0,80.0,2.0,100.0,25.0
4225.0,5.0,80.0,2.0,100.0,20.0
4226.0,10.0,80.0,2.0,100.0,4.7619047
4227.0,20.0,80.0,2.0,100.0,9.090909
4228.0,40.0,80.0,2.0,100.0,9.090909
4229.0,49.0,80.0,2.0,100.0,5.263158
4230.0,0.0,80.0,2.0,100.0,100.0
4231.0,0.5,80.0,2.0,100.0,100.0
4232.0,1.0,80.0,2.0,100.0,14.285714
4233.0,2.0,80.0,2.0,100.0,11.111111
4234.0,3.0,80.0,2.0,100.0,7.6923075
4235.0,5.0,80.0,2.0,100.0,50.0
4236.0,10.0,80.0,2.0,100.0,7.142857
4237.0,20.0,80.0,2.0,100.0,9.090909
4238.0,40.0,80.0,2.0,100.0,5.263158
4239.0,49.0,80.0,2.0,100.0,4.7619047
4240.0,0.0,80.0,2.0,100.0,100.0
4241.0,0.5,80.0,2.0,100.0,33.333332
4242.0,1.0,80.0,2.0,100.0,25.0
4243.0,2.0,80.0,2.0,100.0,100.0
4244.0,3.0,80.0,2.0,100.0,6.6666665
4245.0,5.0,80.0,2.0,100.0,33.333332
4246.0,10.0,80.0,2.0,100.0,20.0
4247.0,20.0,80.0,2.0,100.0,14.285714
4248.0,40.0,80.0,2.0,100.0,5.5555553
4249.0,49.0,80.0,2.0,100.0,5.263158
4250.0,0.0,80.0,2.0,100.0,100.0
4251.0,0.5,80.0,2.0,100.0,33.333332
4252.0,1.0,80.0,2.0,100.0,33.333332
4253.0,2.0,80.0,2.0,100.0,33.333332
4254.0,3.0,80.0,2.0,100.0,33.333332
4255.0,5.0,80.0,2.0,100.0,50.0
4256.0,10.0,80.0,2.0,100.0,33.333332
4257.0,20.0,80.0,2.0,100.0,12.5
4258.0,40.0,80.0,2.0,100.0,5.882353
4259.0,49.0,80.0,2.0,100.0,5.263158
4260.0,0.0,80.0,2.0,100.0,100.0
4261.0,0.5,80.0,2.0,100.0,7.6923075
4262.0,1.0,80.0,2.0,100.0,50.0
4263.0,2.0,80.0,2.0,100.0,33.333332
4264.0,3.0,80.0,2.0,100.0,14.285714
4265.0,5.0,80.0,2.0,100.0,33.333332
4266.0,10.0,80.0,2.0,100.0,8.333333
4267.0,20.0,80.0,2.0,100.0,5.882353
4268.0,40.0,80.0,2.0,100.0,5.882353
4269.0,49.0,80.0,2.0,100.0,5.5555553
4270.0,0.0,80.0,2.0,100.0,100.0
4271.0,0.5,80.0,2.0,100.0,100.0
4272.0,1.0,80.0,2.0,100.0,100.0
4273.0,2.0,80.0,2.0,100.0,33.333332
4274.0,3.0,80.0,2.0,100.0,16.666666
4275.0,5.0,80.0,2.0,100.0,8.333333
4276.0,10.0,80.0,2.0,100.0,14.285714
4277.0,20.0,80.0,2.0,100.0,11.111111
4278.0,40.0,80.0,2.0,100.0,6.25
4279.0,49.0,80.0,2.0,100.0,5.5555553
4280.0,0.0,80.0,2.0,100.0,100.0
4281.0,0.5,80.0,2.0,100.0,33.333332
4282.0,1.0,80.0,2.0,100.0,20.0
4283.0,2.0,80.0,2.0,100.0,6.6666665
4284.0,3.0,80.0,2.0,100.0,7.6923075
4285.0,5.0,80.0,2.0,100.0,25.0
4286.0,10.0,80.0,2.0,100.0,16.666666
4287.0,20.0,80.0,2.0,100.0,6.25
4288.0,40.0,80.0,2.0,100.0,4.347826
4289.0,49.0,80.0,2.0,100.0,5.263158
4290.0,0.0,80.0,2.0,100.0,100.0
4291.0,0.5,80.0,2.0,100.0,20.0
4292.0,1.0,80.0,2.0,100.0,33.333332
4293.0,2.0,80.0,2.0,100.0,33.333332
4294.0,3.0,80.0,2.0,100.0,33.333332
4295.0,5.0,80.0,2.0,100.0,20.0
4296.0,10.0,80.0,2.0,100.0,25.0
4297.0,20.0,80.0,2.0,100.0,6.25
4298.0,40.0,80.0,2.0,100.0,5.882353
4299.0,49.0,80.0,2.0,100.0,6.25
4300.0,0.0,80.0,2.0,100.0,100.0
4301.0,0.5,80.0,2.0,100.0,100.0
4302.0,1.0,80.0,2.0,100.0,33.333332
4303.0,2.0,80.0,2.0,100.0,100.0
4304.0,3.0,80.0,2.0,100.0,6.25
4305.0,5.0,80.0,2.0,100.0,10.0
4306.0,10.0,80.0,2.0,100.0,12.5
4307.0,20.0,80.0,2.0,100.0,9.090909
4308.0,40.0,80.0,2.0,100.0,5.263158
4309.0,49.0,80.0,2.0,100.0,6.6666665
4310.0,0.0,80.0,2.0,100.0,100.0
4311.0,0.5,80.0,2.0,100.0,9.090909
4312.0,1.0,80.0,2.0,100.0,9.090909
4313.0,2.0,80.0,2.0,100.0,25.0
4314.0,3.0,80.0,2.0,100.0,33.333332
4315.0,5.0,80.0,2.0,100.0,25.0
4316.0,10.0,80.0,2.0,100.0,11.111111
4317.0,20.0,80.0,2.0,100.0,4.7619047
4318.0,40.0,80.0,2.0,100.0,6.6666665
4319.0,49.0,80.0,2.0,100.0,5.882353
4320.0,0.0,80.0,2.0,100.0,100.0
4321.0,0.5,80.0,2.0,100.0,33.333332
4322.0,1.0,80.0,2.0,100.0,33.333332
4323.0,2.0,80.0,2.0,100.0,33.333332
4324.0,3.0,80.0,2.0,100.0,25.0
4325.0,5.0,80.0,2.0,100.0,5.882353
4326.0,10.0,80.0,2.0,100.0,6.6666665
4327.0,20.0,80.0,2.0,100.0,10.0
4328.0,40.0,80.0,2.0,100.0,7.142857
4329.0,49.0,80.0,2.0,100.0,5.263158
4330.0,0.0,80.0,2.0,100.0,100.0
4331.0,0.5,80.0,2.0,100.0,100.0
4332.0,1.0,80.0,2.0,100.0,25.0
4333.0,2.0,80.0,2.0,100.0,33.333332
4334.0,3.0,80.0,2.0,100.0,33.333332
4335.0,5.0,80.0,2.0,100.0,50.0
4336.0,10.0,80.0,2.0,100.0,12.5
4337.0,20.0,80.0,2.0,100.0,5.882353
4338.0,40.0,80.0,2.0,100.0,7.142857
4339.0,49.0,80.0,2.0,100.0,5.263158
4340.0,0.0,80.0,2.0,100.0,100.0
4341.0,0.5,80.0,2.0,100.0,20.0
4342.0,1.0,80.0,2.0,100.0,33.333332
4343.0,2.0,80.0,2.0,100.0,33.333332
4344.0,3.0,80.0,2.0,100.0,33.333332
4345.0,5.0,80.0,2.0,100.0,11.111111
4346.0,10.0,80.0,2.0,100.0,12.5
4347.0,20.0,80.0,2.0,100.0,9.090909
4348.0,40.0,80.0,2.0,100.0,5.0
4349.0,49.0,80.0,2.0,100.0,5.263158
4350.0,0.0,80.0,2.0,100.0,100.0
4351.0,0.5,80.0,2.0,100.0,100.0
4352.0,1.0,80.0,2.0,100.0,33.333332
4353.0,2.0,80.0,2.0,100.0,33.333332
4354.0,3.0,80.0,2.0,100.0,25.0
4355.0,5.0,80.0,2.0,100.0,14.285714
4356.0,10.0,80.0,2.0,100.0,20.0
4357.0,20.0,80.0,2.0,100.0,7.142857
4358.0,40.0,80.0,2.0,100.0,5.263158
4359.0,49.0,80.0,2.0,100.0,5.882353
4360.0,0.0,80.0,2.0,100.0,100.0
4361.0,0.5,80.0,2.0,100.0,33.333332
4362.0,1.0,80.0,2.0,100.0,100.0
4363.0,2.0,80.0,2.0,100.0,20.0
4364.0,3.0,80.0,2.0,100.0,33.333332
4365.0,5.0,80.0,2.0,100.0,14.285714
4366.0,10.0,80.0,2.0,100.0,12.5
4367.0,20.0,80.0,2.0,100.0,14.285714
4368.0,40.0,80.0,2.0,100.0,8.333333
4369.0,49.0,80.0,2.0,100.0,6.6666665
4370.0,0.0,80.0,2.0,100.0,6.6666665
4371.0,0.5,80.0,2.0,100.0,33.333332
4372.0,1.0,80.0,2.0,100.0,33.333332
4373.0,2.0,80.0,2.0,100.0,33.333332
4374.0,3.0,80.0,2.0,100.0,33.333332
4375.0,5.0,80.0,2.0,100.0,33.333332
4376.0,10.0,80.0,2.0,100.0,7.142857
4377.0,20.0,80.0,2.0,100.0,9.090909
4378.0,40.0,80.0,2.0,100.0,6.25
4379.0,49.0,80.0,2.0,100.0,5.263158
4380.0,0.0,80.0,2.0,100.0,100.0
4381.0,0.5,80.0,2.0,100.0,33.333332
4382.0,1.0,80.0,2.0,100.0,33.333332
4383.0,2.0,80.0,2.0,100.0,6.6666665
4384.0,3.0,80.0,2.0,100.0,12.5
4385.0,5.0,80.0,2.0,100.0,20.0
4386.0,10.0,80.0,2.0,100.0,20.0
4387.0,20.0,80.0,2.0,100.0,7.6923075
4388.0,40.0,80.0,2.0,100.0,6.25
4389.0,49.0,80.0,2.0,100.0,5.263158
4390.0,0.0,80.0,2.0,100.0,100.0
4391.0,0.5,80.0,2.0,100.0,100.0
4392.0,1.0,80.0,2.0,100.0,33.333332
4393.0,2.0,80.0,2.0,100.0,20.0
4394.0,3.0,80.0,2.0,100.0,33.333332
4395.0,5.0,80.0,2.0,100.0,10.0
4396.0,10.0,80.0,2.0,100.0,20.0
4397.0,20.0,80.0,2.0,100.0,6.25
4398.0,40.0,80.0,2.0,100.0,5.263158
4399.0,49.0,80.0,2.0,100.0,4.7619047
4400.0,0.0,80.0,2.0,100.0,14.285714
4401.0,0.5,80.0,2.0,100.0,100.0
4402.0,1.0,80.0,2.0,100.0,33.333332
4403.0,2.0,80.0,2.0,100.0,14.285714
4404.0,3.0,80.0,2.0,100.0,6.25
4405.0,5.0,80.0,2.0,100.0,10.0
4406.0,10.0,80.0,2.0,100.0,33.333332
4407.0,20.0,80.0,2.0,100.0,7.142857
4408.0,40.0,80.0,2.0,100.0,7.142857
4409.0,49.0,80.0,2.0,100.0,5.263158
4410.0,0.0,80.0,2.0,100.0,100.0
4411.0,0.5,80.0,2.0,100.0,33.333332
4412.0,1.0,80.0,2.0,100.0,33.333332
4413.0,2.0,80.0,2.0,100.0,100.0
4414.0,3.0,80.0,2.0,100.0,50.0
4415.0,5.0,80.0,2.0,100.0,10.0
4416.0,10.0,80.0,2.0,100.0,7.6923075
4417.0,20.0,80.0,2.0,100.0,5.882353
4418.0,40.0,80.0,2.0,100.0,5.263158
4419.0,49.0,80.0,2.0,100.0,5.263158
4420.0,0.0,80.0,2.0,100.0,100.0
4421.0,0.5,80.0,2.0,100.0,100.0
4422.0,1.0,80.0,2.0,100.0,33.333332
4423.0,2.0,80.0,2.0,100.0,6.6666665
4424.0,3.0,80.0,2.0,100.0,16.666666
4425.0,5.0,80.0,2.0,100.0,16.666666
4426.0,10.0,80.0,2.0,100.0,16.666666
4427.0,20.0,80.0,2.0,100.0,8.333333
4428.0,40.0,80.0,2.0,100.0,6.6666665
4429.0,49.0,80.0,2.0,100.0,4.7619047
4430.0,0.0,80.0,2.0,100.0,100.0
4431.0,0.5,80.0,2.0,100.0,50.0
4432.0,1.0,80.0,2.0,100.0,100.0
4433.0,2.0,80.0,2.0,100.0,25.0
4434.0,3.0,80.0,2.0,100.0,14.285714
4435.0,5.0,80.0,2.0,100.0,16.666666
4436.0,10.0,80.0,2.0,100.0,20.0
4437.0,20.0,80.0,2.0,100.0,5.263158
4438.0,40.0,80.0,2.0,100.0,5.882353
4439.0,49.0,80.0,2.0,100.0,4.5454545
4440.0,0.0,80.0,2.0,100.0,100.0
4441.0,0.5,80.0,2.0,100.0,33.333332
4442.0,1.0,80.0,2.0,100.0,33.333332
4443.0,2.0,80.0,2.0,100.0,100.0
4444.0,3.0,80.0,2.0,100.0,11.111111
4445.0,5.0,80.0,2.0,100.0,25.0
4446.0,10.0,80.0,2.0,100.0,16.666666
4447.0,20.0,80.0,2.0,100.0,6.6666665
4448.0,40.0,80.0,2.0,100.0,4.5454545
4449.0,49.0,80.0,2.0,100.0,5.5555553
4450.0,0.0,80.0,2.0,100.0,100.0
4451.0,0.5,80.0,2.0,100.0,100.0
4452.0,1.0,80.0,2.0,100.0,7.142857
4453.0,2.0,80.0,2.0,100.0,33.333332
4454.0,3.0,80.0,2.0,100.0,25.0
4455.0,5.0,80.0,2.0,100.0,20.0
4456.0,10.0,80.0,2.0,100.0,14.285714
4457.0,20.0,80.0,2.0,100.0,7.6923075
4458.0,40.0,80.0,2.0,100.0,4.347826
4459.0,49.0,80.0,2.0,100.0,5.263158
4460.0,0.0,80.0,2.0,100.0,100.0
4461.0,0.5,80.0,2.0,100.0,14.285714
4462.0,1.0,80.0,2.0,100.0,100.0
4463.0,2.0,80.0,2.0,100.0,11.111111
4464.0,3.0,80.0,2.0,100.0,33.333332
4465.0,5.0,80.0,2.0,100.0,33.333332
4466.0,10.0,80.0,2.0,100.0,20.0
4467.0,20.0,80.0,2.0,100.0,11.111111
4468.0,40.0,80.0,2.0,100.0,5.5555553
4469.0,49.0,80.0,2.0,100.0,5.882353
4470.0,0.0,80.0,2.0,100.0,100.0
4471.0,0.5,80.0,2.0,100.0,100.0
4472.0,1.0,80.0,2.0,100.0,33.333332
4473.0,2.0,80.0,2.0,100.0,33.333332
4474.0,3.0,80.0,2.0,100.0,25.0
4475.0,5.0,80.0,2.0,100.0,20.0
4476.0,10.0,80.0,2.0,100.0,16.666666
4477.0,20.0,80.0,2.0,100.0,20.0
4478.0,40.0,80.0,2.0,100.0,5.263158
4479.0,49.0,80.0,2.0,100.0,6.25
4480.0,0.0,80.0,2.0,100.0,100.0
4481.0,0.5,80.0,2.0,100.0,7.6923075
4482.0,1.0,80.0,2.0,100.0,33.333332
4483.0,2.0,80.0,2.0,100.0,50.0
4484.0,3.0,80.0,2.0,100.0,33.333332
4485.0,5.0,80.0,2.0,100.0,14.285714
4486.0,10.0,80.0,2.0,100.0,6.25
4487.0,20.0,80.0,2.0,100.0,11.111111
4488.0,40.0,80.0,2.0,100.0,5.882353
4489.0,49.0,80.0,2.0,100.0,5.882353
4490.0,0.0,80.0,2.0,100.0,100.0
4491.0,0.5,80.0,2.0,100.0,33.333332
4492.0,1.0,80.0,2.0,100.0,100.0
4493.0,2.0,80.0,2.0,100.0,9.090909
4494.0,3.0,80.0,2.0,100.0,12.5
4495.0,5.0,80.0,2.0,100.0,11.111111
4496.0,10.0,80.0,2.0,100.0,5.882353
4497.0,20.0,80.0,2.0,100.0,11.111111
4498.0,40.0,80.0,2.0,100.0,6.25
4499.0,49.0,80.0,2.0,100.0,6.25
4500.0,0.0,90.0,2.0,100.0,100.0
4501.0,0.5,90.0,2.0,100.0,33.333332
4502.0,1.0,90.0,2.0,100.0,100.0
4503.0,2.0,90.0,2.0,100.0,50.0
4504.0,3.0,90.0,2.0,100.0,6.6666665
4505.0,5.0,90.0,2.0,100.0,33.333332
4506.0,10.0,90.0,2.0,100.0,16.666666
4507.0,20.0,90.0,2.0,100.0,10.0
4508.0,40.0,90.0,2.0,100.0,5.5555553
4509.0,49.0,90.0,2.0,100.0,5.263158
4510.0,0.0,90.0,2.0,100.0,100.0
4511.0,0.5,90.0,2.0,100.0,25.0
4512.0,1.0,90.0,2.0,100.0,33.333332
4513.0,2.0,90.0,2.0,100.0,14.285714
4514.0,3.0,90.0,2.0,100.0,33.333332
4515.0,5.0,90.0,2.0,100.0,14.285714
4516.0,10.0,90.0,2.0,100.0,14.285714
4517.0,20.0,90.0,2.0,100.0,5.0
4518.0,40.0,90.0,2.0,100.0,7.142857
4519.0,49.0,90.0,2.0,100.0,5.263158
4520.0,0.0,90.0,2.0,100.0,100.0
4521.0,0.5,90.0,2.0,100.0,33.333332
4522.0,1.0,90.0,2.0,100.0,33.333332
4523.0,2.0,90.0,2.0,100.0,33.333332
4524.0,3.0,90.0,2.0,100.0,33.333332
4525.0,5.0,90.0,2.0,100.0,33.333332
4526.0,10.0,90.0,2.0,100.0,9.090909
4527.0,20.0,90.0,2.0,100.0,9.090909
4528.0,40.0,90.0,2.0,100.0,6.6666665
4529.0,49.0,90.0,2.0,100.0,6.6666665
4530.0,0.0,90.0,2.0,100.0,100.0
4531.0,0.5,90.0,2.0,100.0,33.333332
4532.0,1.0,90.0,2.0,100.0,100.0
4533.0,2.0,90.0,2.0,100.0,33.333332
4534.0,3.0,90.0,2.0,100.0,20.0
4535.0,5.0,90.0,2.0,100.0,33.333332
4536.0,10.0,90.0,2.0,100.0,7.6923075
4537.0,20.0,90.0,2.0,100.0,20.0
4538.0,40.0,90.0,2.0,100.0,6.25
4539.0,49.0,90.0,2.0,100.0,5.882353
4540.0,0.0,90.0,2.0,100.0,100.0
4541.0,0.5,90.0,2.0,100.0,100.0
4542.0,1.0,90.0,2.0,100.0,33.333332
4543.0,2.0,90.0,2.0,100.0,100.0
4544.0,3.0,90.0,2.0,100.0,33.333332
4545.0,5.0,90.0,2.0,100.0,11.111111
4546.0,10.0,90.0,2.0,100.0,14.285714
4547.0,20.0,90.0,2.0,100.0,9.090909
4548.0,40.0,90.0,2.0,100.0,5.263158
4549.0,49.0,90.0,2.0,100.0,5.882353
4550.0,0.0,90.0,2.0,100.0,100.0
4551.0,0.5,90.0,2.0,100.0,33.333332
4552.0,1.0,90.0,2.0,100.0,33.333332
4553.0,2.0,90.0,2.0,100.0,100.0
4554.0,3.0,90.0,2.0,100.0,9.090909
4555.0,5.0,90.0,2.0,100.0,6.25
4556.0,10.0,90.0,2.0,100.0,25.0
4557.0,20.0,90.0,2.0,100.0,7.142857
4558.0,40.0,90.0,2.0,100.0,5.882353
4559.0,49.0,90.0,2.0,100.0,5.882353
4560.0,0.0,90.0,2.0,100.0,100.0
4561.0,0.5,90.0,2.0,100.0,33.333332
4562.0,1.0,90.0,2.0,100.0,33.333332
4563.0,2.0,90.0,2.0,100.0,33.333332
4564.0,3.0,90.0,2.0,100.0,33.333332
4565.0,5.0,90.0,2.0,100.0,33.333332
4566.0,10.0,90.0,2.0,100.0,25.0
4567.0,20.0,90.0,2.0,100.0,8.333333
4568.0,40.0,90.0,2.0,100.0,5.882353
4569.0,49.0,90.0,2.0,100.0,4.5454545
4570.0,0.0,90.0,2.0,100.0,100.0
4571.0,0.5,90.0,2.0,100.0,100.0
4572.0,1.0,90.0,2.0,100.0,33.333332
4573.0,2.0,90.0,2.0,100.0,11.111111
4574.0,3.0,90.0,2.0,100.0,7.6923075
4575.0,5.0,90.0,2.0,100.0,33.333332
4576.0,10.0,90.0,2.0,100.0,14.285714
4577.0,20.0,90.0,2.0,100.0,6.6666665
4578.0,40.0,90.0,2.0,100.0,4.0
4579.0,49.0,90.0,2.0,100.0,4.7619047
4580.0,0.0,90.0,2.0,100.0,100.0
4581.0,0.5,90.0,2.0,100.0,100.0
4582.0,1.0,90.0,2.0,100.0,100.0
4583.0,2.0,90.0,2.0,100.0,33.333332
4584.0,3.0,90.0,2.0,100.0,50.0
4585.0,5.0,90.0,2.0,100.0,16.666666
4586.0,10.0,90.0,2.0,100.0,14.285714
4587.0,20.0,90.0,2.0,100.0,10.0
4588.0,40.0,90.0,2.0,100.0,5.0
4589.0,49.0,90.0,2.0,100.0,4.347826
4590.0,0.0,90.0,2.0,100.0,100.0
4591.0,0.5,90.0,2.0,100.0,33.333332
4592.0,1.0,90.0,2.0,100.0,25.0
4593.0,2.0,90.0,2.0,100.0,9.090909
4594.0,3.0,90.0,2.0,100.0,33.333332
4595.0,5.0,90.0,2.0,100.0,33.333332
4596.0,10.0,90.0,2.0,100.0,20.0
4597.0,20.0,90.0,2.0,100.0,9.090909
4598.0,40.0,90.0,2.0,100.0,5.5555553
4599.0,49.0,90.0,2.0,100.0,4.7619047
4600.0,0.0,90.0,2.0,100.0,100.0
4601.0,0.5,90.0,2.0,100.0,33.333332
4602.0,1.0,90.0,2.0,100.0,100.0
4603.0,2.0,90.0,2.0,100.0,5.263158
4604.0,3.0,90.0,2.0,100.0,50.0
4605.0,5.0,90.0,2.0,100.0,12.5
4606.0,10.0,90.0,2.0,100.0,33.333332
4607.0,20.0,90.0,2.0,100.0,11.111111
4608.0,40.0,90.0,2.0,100.0,6.6666665
4609.0,49.0,90.0,2.0,100.0,5.263158
4610.0,0.0,90.0,2.0,100.0,100.0
4611.0,0.5,90.0,2.0,100.0,33.333332
4612.0,1.0,90.0,2.0,100.0,100.0
4613.0,2.0,90.0,2.0,100.0,100.0
4614.0,3.0,90.0,2.0,100.0,14.285714
4615.0,5.0,90.0,2.0,100.0,14.285714
4616.0,10.0,90.0,2.0,100.0,33.333332
4617.0,20.0,90.0,2.0,100.0,8.333333
4618.0,40.0,90.0,2.0,100.0,5.882353
4619.0,49.0,90.0,2.0,100.0,4.7619047
4620.0,0.0,90.0,2.0,100.0,100.0
4621.0,0.5,90.0,2.0,100.0,100.0
4622.0,1.0,90.0,2.0,100.0,33.333332
4623.0,2.0,90.0,2.0,100.0,25.0
4624.0,3.0,90.0,2.0,100.0,14.285714
4625.0,5.0,90.0,2.0,100.0,33.333332
4626.0,10.0,90.0,2.0,100.0,7.6923075
4627.0,20.0,90.0,2.0,100.0,7.6923075
4628.0,40.0,90.0,2.0,100.0,5.882353
4629.0,49.0,90.0,2.0,100.0,6.25
4630.0,0.0,90.0,2.0,100.0,100.0
4631.0,0.5,90.0,2.0,100.0,100.0
4632.0,1.0,90.0,2.0,100.0,14.285714
4633.0,2.0,90.0,2.0,100.0,5.0
4634.0,3.0,90.0,2.0,100.0,33.333332
4635.0,5.0,90.0,2.0,100.0,33.333332
4636.0,10.0,90.0,2.0,100.0,33.333332
4637.0,20.0,90.0,2.0,100.0,6.6666665
4638.0,40.0,90.0,2.0,100.0,5.0
4639.0,49.0,90.0,2.0,100.0,5.882353
4640.0,0.0,90.0,2.0,100.0,100.0
4641.0,0.5,90.0,2.0,100.0,33.333332
4642.0,1.0,90.0,2.0,100.0,33.333332
4643.0,2.0,90.0,2.0,100.0,100.0
4644.0,3.0,90.0,2.0,100.0,12.5
4645.0,5.0,90.0,2.0,100.0,14.285714
4646.0,10.0,90.0,2.0,100.0,33.333332
4647.0,20.0,90.0,2.0,100.0,4.7619047
4648.0,40.0,90.0,2.0,100.0,5.882353
4649.0,49.0,90.0,2.0,100.0,5.0
4650.0,0.0,90.0,2.0,100.0,100.0
4651.0,0.5,90.0,2.0,100.0,33.333332
4652.0,1.0,90.0,2.0,100.0,33.333332
4653.0,2.0,90.0,2.0,100.0,33.333332
4654.0,3.0,90.0,2.0,100.0,11.111111
4655.0,5.0,90.0,2.0,100.0,33.333332
4656.0,10.0,90.0,2.0,100.0,33.333332
4657.0,20.0,90.0,2.0,100.0,7.142857
4658.0,40.0,90.0,2.0,100.0,5.263158
4659.0,49.0,90.0,2.0,100.0,5.263158
4660.0,0.0,90.0,2.0,100.0,100.0
4661.0,0.5,90.0,2.0,100.0,33.333332
4662.0,1.0,90.0,2.0,100.0,12.5
4663.0,2.0,90.0,2.0,100.0,25.0
4664.0,3.0,90.0,2.0,100.0,50.0
4665.0,5.0,90.0,2.0,100.0,25.0
4666.0,10.0,90.0,2.0,100.0,20.0
4667.0,20.0,90.0,2.0,100.0,6.25
4668.0,40.0,90.0,2.0,100.0,7.142857
4669.0,49.0,90.0,2.0,100.0,4.7619047
4670.0,0.0,90.0,2.0,100.0,100.0
4671.0,0.5,90.0,2.0,100.0,100.0
4672.0,1.0,90.0,2.0,100.0,33.333332
4673.0,2.0,90.0,2.0,100.0,33.333332
4674.0,3.0,90.0,2.0,100.0,7.6923075
4675.0,5.0,90.0,2.0,100.0,33.333332
4676.0,10.0,90.0,2.0,100.0,5.263158
4677.0,20.0,90.0,2.0,100.0,12.5
4678.0,40.0,90.0,2.0,100.0,6.6666665
4679.0,49.0,90.0,2.0,100.0,4.5454545
4680.0,0.0,90.0,2.0,100.0,100.0
4681.0,0.5,90.0,2.0,100.0,33.333332
4682.0,1.0,90.0,2.0,100.0,25.0
4683.0,2.0,90.0,2.0,100.0,33.333332
4684.0,3.0,90.0,2.0,100.0,50.0
4685.0,5.0,90.0,2.0,100.0,33.333332
4686.0,10.0,90.0,2.0,100.0,14.285714
4687.0,20.0,90.0,2.0,100.0,33.333332
4688.0,40.0,90.0,2.0,100.0,5.882353
4689.0,49.0,90.0,2.0,100.0,5.882353
4690.0,0.0,90.0,2.0,100.0,100.0
4691.0,0.5,90.0,2.0,100.0,100.0
4692.0,1.0,90.0,2.0,100.0,12.5
4693.0,2.0,90.0,2.0,100.0,33.333332
4694.0,3.0,90.0,2.0,100.0,8.333333
4695.0,5.0,90.0,2.0,100.0,20.0
4696.0,10.0,90.0,2.0,100.0,16.666666
4697.0,20.0,90.0,2.0,100.0,7.142857
4698.0,40.0,90.0,2.0,100.0,5.882353
4699.0,49.0,90.0,2.0,100.0,6.6666665
4700.0,0.0,90.0,2.0,100.0,100.0
4701.0,0.5,90.0,2.0,100.0,33.333332
4702.0,1.0,90.0,2.0,100.0,100.0
4703.0,2.0,90.0,2.0,100.0,7.6923075
4704.0,3.0,90.0,2.0,100.0,9.090909
4705.0,5.0,90.0,2.0,100.0,10.0
4706.0,10.0,90.0,2.0,100.0,16.666666
4707.0,20.0,90.0,2.0,100.0,9.090909
4708.0,40.0,90.0,2.0,100.0,4.347826
4709.0,49.0,90.0,2.0,100.0,4.7619047
4710.0,0.0,90.0,2.0,100.0,100.0
4711.0,0.5,90.0,2.0,100.0,100.0
4712.0,1.0,90.0,2.0,100.0,33.333332
4713.0,2.0,90.0,2.0,100.0,25.0
4714.0,3.0,90.0,2.0,100.0,11.111111
4715.0,5.0,90.0,2.0,100.0,33.333332
4716.0,10.0,90.0,2.0,100.0,20.0
4717.0,20.0,90.0,2.0,100.0,12.5
4718.0,40.0,90.0,2.0,100.0,5.263158
4719.0,49.0,90.0,2.0,100.0,6.25
4720.0,0.0,90.0,2.0,100.0,100.0
4721.0,0.5,90.0,2.0,100.0,100.0
4722.0,1.0,90.0,2.0,100.0,10.0
4723.0,2.0,90.0,2.0,100.0,33.333332
4724.0,3.0,90.0,2.0,100.0,50.0
4725.0,5.0,90.0,2.0,100.0,7.142857
4726.0,10.0,90.0,2.0,100.0,16.666666
4727.0,20.0,90.0,2.0,100.0,11.111111
4728.0,40.0,90.0,2.0,100.0,5.882353
4729.0,49.0,90.0,2.0,100.0,6.25
4730.0,0.0,90.0,2.0,100.0,14.285714
4731.0,0.5,90.0,2.0,100.0,20.0
4732.0,1.0,90.0,2.0,100.0,33.333332
4733.0,2.0,90.0,2.0,100.0,33.333332
4734.0,3.0,90.0,2.0,100.0,25.0
4735.0,5.0,90.0,2.0,100.0,33.333332
4736.0,10.0,90.0,2.0,100.0,6.25
4737.0,20.0,90.0,2.0,100.0,6.6666665
4738.0,40.0,90.0,2.0,100.0,5.0
4739.0,49.0,90.0,2.0,100.0,5.882353
4740.0,0.0,90.0,2.0,100.0,100.0
4741.0,0.5,90.0,2.0,100.0,100.0
4742.0,1.0,90.0,2.0,100.0,9.090909
4743.0,2.0,90.0,2.0,100.0,7.142857
4744.0,3.0,90.0,2.0,100.0,12.5
4745.0,5.0,90.0,2.0,100.0,25.0
4746.0,10.0,90.0,2.0,100.0,25.0
4747.0,20.0,90.0,2.0,100.0,25.0
4748.0,40.0,90.0,2.0,100.0,4.7619047
4749.0,49.0,90.0,2.0,100.0,5.5555553
4750.0,0.0,90.0,2.0,100.0,100.0
4751.0,0.5,90.0,2.0,100.0,100.0
4752.0,1.0,90.0,2.0,100.0,7.6923075
4753.0,2.0,90.0,2.0,100.0,100.0
4754.0,3.0,90.0,2.0,100.0,9.090909
4755.0,5.0,90.0,2.0,100.0,33.333332
4756.0,10.0,90.0,2.0,100.0,8.333333
4757.0,20.0,90.0,2.0,100.0,14.285714
4758.0,40.0,90.0,2.0,100.0,7.6923075
4759.0,49.0,90.0,2.0,100.0,5.263158
4760.0,0.0,90.0,2.0,100.0,100.0
4761.0,0.5,90.0,2.0,100.0,33.333332
4762.0,1.0,90.0,2.0,100.0,100.0
4763.0,2.0,90.0,2.0,100.0,33.333332
4764.0,3.0,90.0,2.0,100.0,9.090909
4765.0,5.0,90.0,2.0,100.0,6.6666665
4766.0,10.0,90.0,2.0,100.0,20.0
4767.0,20.0,90.0,2.0,100.0,6.6666665
4768.0,40.0,90.0,2.0,100.0,5.882353
4769.0,49.0,90.0,2.0,100.0,6.6666665
4770.0,0.0,90.0,2.0,100.0,100.0
4771.0,0.5,90.0,2.0,100.0,33.333332
4772.0,1.0,90.0,2.0,100.0,16.666666
4773.0,2.0,90.0,2.0,100.0,33.333332
4774.0,3.0,90.0,2.0,100.0,33.333332
4775.0,5.0,90.0,2.0,100.0,50.0
4776.0,10.0,90.0,2.0,100.0,8.333333
4777.0,20.0,90.0,2.0,100.0,12.5
4778.0,40.0,90.0,2.0,100.0,4.7619047
4779.0,49.0,90.0,2.0,100.0,4.1666665
4780.0,0.0,90.0,2.0,100.0,100.0
4781.0,0.5,90.0,2.0,100.0,33.333332
4782.0,1.0,90.0,2.0,100.0,100.0
4783.0,2.0,90.0,2.0,100.0,9.090909
4784.0,3.0,90.0,2.0,100.0,25.0
4785.0,5.0,90.0,2.0,100.0,33.333332
4786.0,10.0,90.0,2.0,100.0,25.0
4787.0,20.0,90.0,2.0,100.0,20.0
4788.0,40.0,90.0,2.0,100.0,4.347826
4789.0,49.0,90.0,2.0,100.0,4.7619047
4790.0,0.0,90.0,2.0,100.0,100.0
4791.0,0.5,90.0,2.0,100.0,100.0
4792.0,1.0,90.0,2.0,100.0,11.111111
4793.0,2.0,90.0,2.0,100.0,33.333332
4794.0,3.0,90.0,2.0,100.0,33.333332
4795.0,5.0,90.0,2.0,100.0,33.333332
4796.0,10.0,90.0,2.0,100.0,20.0
4797.0,20.0,90.0,2.0,100.0,12.5
4798.0,40.0,90.0,2.0,100.0,5.0
4799.0,49.0,90.0,2.0,100.0,5.263158
4800.0,0.0,90.0,2.0,100.0,100.0
4801.0,0.5,90.0,2.0,100.0,33.333332
4802.0,1.0,90.0,2.0,100.0,16.666666
4803.0,2.0,90.0,2.0,100.0,33.333332
4804.0,3.0,90.0,2.0,100.0,16.666666
4805.0,5.0,90.0,2.0,100.0,25.0
4806.0,10.0,90.0,2.0,100.0,16.666666
4807.0,20.0,90.0,2.0,100.0,10.0
4808.0,40.0,90.0,2.0,100.0,7.6923075
4809.0,49.0,90.0,2.0,100.0,4.7619047
4810.0,0.0,90.0,2.0,100.0,100.0
4811.0,0.5,90.0,2.0,100.0,33.333332
4812.0,1.0,90.0,2.0,100.0,100.0
4813.0,2.0,90.0,2.0,100.0,16.666666
4814.0,3.0,90.0,2.0,100.0,25.0
4815.0,5.0,90.0,2.0,100.0,25.0
4816.0,10.0,90.0,2.0,100.0,20.0
4817.0,20.0,90.0,2.0,100.0,6.6666665
4818.0,40.0,90.0,2.0,100.0,5.5555553
4819.0,49.0,90.0,2.0,100.0,4.7619047
4820.0,0.0,90.0,2.0,100.0,100.0
4821.0,0.5,90.0,2.0,100.0,14.285714
4822.0,1.0,90.0,2.0,100.0,33.333332
4823.0,2.0,90.0,2.0,100.0,33.333332
4824.0,3.0,90.0,2.0,100.0,7.6923075
4825.0,5.0,90.0,2.0,100.0,33.333332
4826.0,10.0,90.0,2.0,100.0,25.0
4827.0,20.0,90.0,2.0,100.0,12.5
4828.0,40.0,90.0,2.0,100.0,5.882353
4829.0,49.0,90.0,2.0,100.0,4.347826
4830.0,0.0,90.0,2.0,100.0,100.0
4831.0,0.5,90.0,2.0,100.0,100.0
4832.0,1.0,90.0,2.0,100.0,10.0
4833.0,2.0,90.0,2.0,100.0,33.333332
4834.0,3.0,90.0,2.0,100.0,50.0
4835.0,5.0,90.0,2.0,100.0,20.0
4836.0,10.0,90.0,2.0,100.0,8.333333
4837.0,20.0,90.0,2.0,100.0,14.285714
4838.0,40.0,90.0,2.0,100.0,5.5555553
4839.0,49.0,90.0,2.0,100.0,6.6666665
4840.0,0.0,90.0,2.0,100.0,100.0
4841.0,0.5,90.0,2.0,100.0,100.0
4842.0,1.0,90.0,2.0,100.0,20.0
4843.0,2.0,90.0,2.0,100.0,33.333332
4844.0,3.0,90.0,2.0,100.0,33.333332
4845.0,5.0,90.0,2.0,100.0,11.111111
4846.0,10.0,90.0,2.0,100.0,11.111111
4847.0,20.0,90.0,2.0,100.0,6.25
4848.0,40.0,90.0,2.0,100.0,7.6923075
4849.0,49.0,90.0,2.0,100.0,5.263158
4850.0,0.0,90.0,2.0,100.0,100.0
4851.0,0.5,90.0,2.0,100.0,100.0
4852.0,1.0,90.0,2.0,100.0,33.333332
4853.0,2.0,90.0,2.0,100.0,33.333332
4854.0,3.0,90.0,2.0,100.0,50.0
4855.0,5.0,90.0,2.0,100.0,7.6923075
4856.0,10.0,90.0,2.0,100.0,20.0
4857.0,20.0,90.0,2.0,100.0,10.0
4858.0,40.0,90.0,2.0,100.0,4.347826
4859.0,49.0,90.0,2.0,100.0,5.0
4860.0,0.0,90.0,2.0,100.0,100.0
4861.0,0.5,90.0,2.0,100.0,33.333332
4862.0,1.0,90.0,2.0,100.0,33.333332
4863.0,2.0,90.0,2.0,100.0,33.333332
4864.0,3.0,90.0,2.0,100.0,33.333332
4865.0,5.0,90.0,2.0,100.0,7.6923075
4866.0,10.0,90.0,2.0,100.0,7.142857
4867.0,20.0,90.0,2.0,100.0,12.5
4868.0,40.0,90.0,2.0,100.0,5.0
4869.0,49.0,90.0,2.0,100.0,5.263158
4870.0,0.0,90.0,2.0,100.0,9.090909
4871.0,0.5,90.0,2.0,100.0,100.0
4872.0,1.0,90.0,2.0,100.0,33.333332
4873.0,2.0,90.0,2.0,100.0,25.0
4874.0,3.0,90.0,2.0,100.0,7.6923075
4875.0,5.0,90.0,2.0,100.0,33.333332
4876.0,10.0,90.0,2.0,100.0,16.666666
4877.0,20.0,90.0,2.0,100.0,10.0
4878.0,40.0,90.0,2.0,100.0,6.6666665
4879.0,49.0,90.0,2.0,100.0,5.263158
4880.0,0.0,90.0,2.0,100.0,100.0
4881.0,0.5,90.0,2.0,100.0,33.333332
4882.0,1.0,90.0,2.0,100.0,100.0
4883.0,2.0,90.0,2.0,100.0,33.333332
4884.0,3.0,90.0,2.0,100.0,33.333332
4885.0,5.0,90.0,2.0,100.0,33.333332
4886.0,10.0,90.0,2.0,100.0,14.285714
4887.0,20.0,90.0,2.0,100.0,5.882353
4888.0,40.0,90.0,2.0,100.0,5.0
4889.0,49.0,90.0,2.0,100.0,6.25
4890.0,0.0,90.0,2.0,100.0,9.090909
4891.0,0.5,90.0,2.0,100.0,33.333332
4892.0,1.0,90.0,2.0,100.0,100.0
4893.0,2.0,90.0,2.0,100.0,20.0
4894.0,3.0,90.0,2.0,100.0,20.0
4895.0,5.0,90.0,2.0,100.0,20.0
4896.0,10.0,90.0,2.0,100.0,16.666666
4897.0,20.0,90.0,2.0,100.0,10.0
4898.0,40.0,90.0,2.0,100.0,5.5555553
4899.0,49.0,90.0,2.0,100.0,4.7619047
4900.0,0.0,90.0,2.0,100.0,100.0
4901.0,0.5,90.0,2.0,100.0,33.333332
4902.0,1.0,90.0,2.0,100.0,33.333332
4903.0,2.0,90.0,2.0,100.0,33.333332
4904.0,3.0,90.0,2.0,100.0,33.333332
4905.0,5.0,90.0,2.0,100.0,11.111111
4906.0,10.0,90.0,2.0,100.0,16.666666
4907.0,20.0,90.0,2.0,100.0,33.333332
4908.0,40.0,90.0,2.0,100.0,4.7619047
4909.0,49.0,90.0,2.0,100.0,6.6666665
4910.0,0.0,90.0,2.0,100.0,100.0
4911.0,0.5,90.0,2.0,100.0,100.0
4912.0,1.0,90.0,2.0,100.0,33.333332
4913.0,2.0,90.0,2.0,100.0,100.0
4914.0,3.0,90.0,2.0,100.0,14.285714
4915.0,5.0,90.0,2.0,100.0,33.333332
4916.0,10.0,90.0,2.0,100.0,6.6666665
4917.0,20.0,90.0,2.0,100.0,20.0
4918.0,40.0,90.0,2.0,100.0,4.5454545
4919.0,49.0,90.0,2.0,100.0,6.25
4920.0,0.0,90.0,2.0,100.0,100.0
4921.0,0.5,90.0,2.0,100.0,7.6923075
4922.0,1.0,90.0,2.0,100.0,33.333332
4923.0,2.0,90.0,2.0,100.0,50.0
4924.0,3.0,90.0,2.0,100.0,25.0
4925.0,5.0,90.0,2.0,100.0,16.666666
4926.0,10.0,90.0,2.0,100.0,16.666666
4927.0,20.0,90.0,2.0,100.0,6.25
4928.0,40.0,90.0,2.0,100.0,11.111111
4929.0,49.0,90.0,2.0,100.0,5.882353
4930.0,0.0,90.0,2.0,100.0,100.0
4931.0,0.5,90.0,2.0,100.0,100.0
4932.0,1.0,90.0,2.0,100.0,33.333332
4933.0,2.0,90.0,2.0,100.0,50.0
4934.0,3.0,90.0,2.0,100.0,33.333332
4935.0,5.0,90.0,2.0,100.0,14.285714
4936.0,10.0,90.0,2.0,100.0,7.142857
4937.0,20.0,90.0,2.0,100.0,12.5
4938.0,40.0,90.0,2.0,100.0,6.6666665
4939.0,49.0,90.0,2.0,100.0,4.347826
4940.0,0.0,90.0,2.0,100.0,100.0
4941.0,0.5,90.0,2.0,100.0,100.0
4942.0,1.0,90.0,2.0,100.0,8.333333
4943.0,2.0,90.0,2.0,100.0,33.333332
4944.0,3.0,90.0,2.0,100.0,50.0
4945.0,5.0,90.0,2.0,100.0,9.090909
4946.0,10.0,90.0,2.0,100.0,5.263158
4947.0,20.0,90.0,2.0,100.0,10.0
4948.0,40.0,90.0,2.0,100.0,5.5555553
4949.0,49.0,90.0,2.0,100.0,5.263158
4950.0,0.0,90.0,2.0,100.0,100.0
4951.0,0.5,90.0,2.0,100.0,100.0
4952.0,1.0,90.0,2.0,100.0,25.0
4953.0,2.0,90.0,2.0,100.0,33.333332
4954.0,3.0,90.0,2.0,100.0,33.333332
4955.0,5.0,90.0,2.0,100.0,11.111111
4956.0,10.0,90.0,2.0,100.0,14.285714
4957.0,20.0,90.0,2.0,100.0,10.0
4958.0,40.0,90.0,2.0,100.0,7.6923075
4959.0,49.0,90.0,2.0,100.0,4.7619047
4960.0,0.0,90.0,2.0,100.0,100.0
4961.0,0.5,90.0,2.0,100.0,100.0
4962.0,1.0,90.0,2.0,100.0,100.0
4963.0,2.0,90.0,2.0,100.0,25.0
4964.0,3.0,90.0,2.0,100.0,33.333332
4965.0,5.0,90.0,2.0,100.0,9.090909
4966.0,10.0,90.0,2.0,100.0,33.333332
4967.0,20.0,90.0,2.0,100.0,8.333333
4968.0,40.0,90.0,2.0,100.0,5.882353
4969.0,49.0,90.0,2.0,100.0,4.7619047
4970.0,0.0,90.0,2.0,100.0,100.0
4971.0,0.5,90.0,2.0,100.0,100.0
4972.0,1.0,90.0,2.0,100.0,33.333332
4973.0,2.0,90.0,2.0,100.0,11.111111
4974.0,3.0,90.0,2.0,100.0,25.0
4975.0,5.0,90.0,2.0,100.0,33.333332
4976.0,10.0,90.0,2.0,100.0,16.666666
4977.0,20.0,90.0,2.0,100.0,5.5555553
4978.0,40.0,90.0,2.0,100.0,7.142857
4979.0,49.0,90.0,2.0,100.0,6.25
4980.0,0.0,90.0,2.0,100.0,100.0
4981.0,0.5,90.0,2.0,100.0,100.0
4982.0,1.0,90.0,2.0,100.0,11.111111
4983.0,2.0,90.0,2.0,100.0,100.0
4984.0,3.0,90.0,2.0,100.0,5.882353
4985.0,5.0,90.0,2.0,100.0,20.0
4986.0,10.0,90.0,2.0,100.0,14.285714
4987.0,20.0,90.0,2.0,100.0,10.0
4988.0,40.0,90.0,2.0,100.0,4.1666665
4989.0,49.0,90.0,2.0,100.0,5.263158
4990.0,0.0,90.0,2.0,100.0,100.0
4991.0,0.5,90.0,2.0,100.0,33.333332
4992.0,1.0,90.0,2.0,100.0,33.333332
4993.0,2.0,90.0,2.0,100.0,33.333332
4994.0,3.0,90.0,2.0,100.0,33.333332
4995.0,5.0,90.0,2.0,100.0,7.6923075
4996.0,10.0,90.0,2.0,100.0,25.0
4997.0,20.0,90.0,2.0,100.0,20.0
4998.0,40.0,90.0,2.0,100.0,7.6923075
4999.0,49.0,90.0,2.0,100.0,5.263158
