Factor 1,Factor 2,Factor 3,Factor 4,Factor 5,Result 1
0.0,0.0,0.0,2.0,100.0,0.0
1.0,0.5,0.0,2.0,100.0,28.360771
2.0,1.0,0.0,2.0,100.0,49.237522
3.0,2.0,0.0,2.0,100.0,53.407238
4.0,3.0,0.0,2.0,100.0,14.7723465
5.0,5.0,0.0,2.0,100.0,6.45685
6.0,10.0,0.0,2.0,100.0,4.299453
7.0,20.0,0.0,2.0,100.0,2.8914175
8.0,40.0,0.0,2.0,100.0,3.8993177
9.0,49.0,0.0,2.0,100.0,2.236068
10.0,0.0,0.0,2.0,100.0,0.0
11.0,0.5,0.0,2.0,100.0,0.0
12.0,1.0,0.0,2.0,100.0,16.585135
13.0,2.0,0.0,2.0,100.0,8.086868
14.0,3.0,0.0,2.0,100.0,7.278028
15.0,5.0,0.0,2.0,100.0,12.392394
16.0,10.0,0.0,2.0,100.0,2.9069257
17.0,20.0,0.0,2.0,100.0,3.8297083
18.0,40.0,0.0,2.0,100.0,3.633824
19.0,49.0,0.0,2.0,100.0,5.3273783
20.0,0.0,0.0,2.0,100.0,0.0
21.0,0.5,0.0,2.0,100.0,43.085186
22.0,1.0,0.0,2.0,100.0,33.020195
23.0,2.0,0.0,2.0,100.0,42.899105
24.0,3.0,0.0,2.0,100.0,13.047533
25.0,5.0,0.0,2.0,100.0,9.449388
26.0,10.0,0.0,2.0,100.0,9.241074
27.0,20.0,0.0,2.0,100.0,3.8059552
28.0,40.0,0.0,2.0,100.0,2.3037708
29.0,49.0,0.0,2.0,100.0,4.688848
30.0,0.0,0.0,2.0,100.0,0.0
31.0,0.5,0.0,2.0,100.0,0.0
32.0,1.0,0.0,2.0,100.0,0.0
33.0,2.0,0.0,2.0,100.0,40.673496
34.0,3.0,0.0,2.0,100.0,10.568393
35.0,5.0,0.0,2.0,100.0,15.1745405
36.0,10.0,0.0,2.0,100.0,12.761705
37.0,20.0,0.0,2.0,100.0,4.2179203
38.0,40.0,0.0,2.0,100.0,4.0755725
39.0,49.0,0.0,2.0,100.0,3.6338243
40.0,0.0,0.0,2.0,100.0,0.0
41.0,0.5,0.0,2.0,100.0,11.713615
42.0,1.0,0.0,2.0,100.0,7.034978
43.0,2.0,0.0,2.0,100.0,7.071068
44.0,3.0,0.0,2.0,100.0,19.983326
45.0,5.0,0.0,2.0,100.0,10.251387
46.0,10.0,0.0,2.0,100.0,6.949166
47.0,20.0,0.0,2.0,100.0,1.9213797
48.0,40.0,0.0,2.0,100.0,2.1213202
49.0,49.0,0.0,2.0,100.0,4.9229355
50.0,0.0,0.0,2.0,100.0,0.0
51.0,0.5,0.0,2.0,100.0,0.0
52.0,1.0,0.0,2.0,100.0,30.270998
53.0,2.0,0.0,2.0,100.0,26.907248
54.0,3.0,0.0,2.0,100.0,8.730534
55.0,5.0,0.0,2.0,100.0,14.941155
56.0,10.0,0.0,2.0,100.0,3.8128746
57.0,20.0,0.0,2.0,100.0,1.9327142
58.0,40.0,0.0,2.0,100.0,2.6217394
59.0,49.0,0.0,2.0,100.0,3.5861254
60.0,0.0,0.0,2.0,100.0,0.0
61.0,0.5,0.0,2.0,100.0,0.0
62.0,1.0,0.0,2.0,100.0,11.439454
63.0,2.0,0.0,2.0,100.0,35.303444
64.0,3.0,0.0,2.0,100.0,0.0
65.0,5.0,0.0,2.0,100.0,8.374478
66.0,10.0,0.0,2.0,100.0,3.3166249
67.0,20.0,0.0,2.0,100.0,6.9207973
68.0,40.0,0.0,2.0,100.0,3.8710845
69.0,49.0,0.0,2.0,100.0,5.380742
70.0,0.0,0.0,2.0,100.0,0.0
71.0,0.5,0.0,2.0,100.0,0.0
72.0,1.0,0.0,2.0,100.0,0.0
73.0,2.0,0.0,2.0,100.0,28.360771
74.0,3.0,0.0,2.0,100.0,25.59427
75.0,5.0,0.0,2.0,100.0,14.032276
76.0,10.0,0.0,2.0,100.0,7.8416142
77.0,20.0,0.0,2.0,100.0,2.8966322
78.0,40.0,0.0,2.0,100.0,3.4059935
79.0,49.0,0.0,2.0,100.0,4.011679
80.0,0.0,0.0,2.0,100.0,17.27922
81.0,0.5,0.0,2.0,100.0,0.0
82.0,1.0,0.0,2.0,100.0,53.42596
83.0,2.0,0.0,2.0,100.0,27.428696
84.0,3.0,0.0,2.0,100.0,17.874563
85.0,5.0,0.0,2.0,100.0,16.440369
86.0,10.0,0.0,2.0,100.0,4.6833034
87.0,20.0,0.0,2.0,100.0,2.718543
88.0,40.0,0.0,2.0,100.0,2.7455437
89.0,49.0,0.0,2.0,100.0,4.2848916
90.0,0.0,0.0,2.0,100.0,0.0
91.0,0.5,0.0,2.0,100.0,42.899105
92.0,1.0,0.0,2.0,100.0,30.270998
93.0,2.0,0.0,2.0,100.0,11.229919
94.0,3.0,0.0,2.0,100.0,17.578396
95.0,5.0,0.0,2.0,100.0,14.8708725
96.0,10.0,0.0,2.0,100.0,2.5952446
97.0,20.0,0.0,2.0,100.0,2.2280996
98.0,40.0,0.0,2.0,100.0,4.4949617
99.0,49.0,0.0,2.0,100.0,3.525181
100.0,0.0,0.0,2.0,100.0,0.0
101.0,0.5,0.0,2.0,100.0,49.963318
102.0,1.0,0.0,2.0,100.0,48.418316
103.0,2.0,0.0,2.0,100.0,12.319812
104.0,3.0,0.0,2.0,100.0,14.453059
105.0,5.0,0.0,2.0,100.0,6.5750113
106.0,10.0,0.0,2.0,100.0,22.581072
107.0,20.0,0.0,2.0,100.0,4.0755725
108.0,40.0,0.0,2.0,100.0,4.553602
109.0,49.0,0.0,2.0,100.0,2.725234
110.0,0.0,0.0,2.0,100.0,0.0
111.0,0.5,0.0,2.0,100.0,52.576927
112.0,1.0,0.0,2.0,100.0,46.800995
113.0,2.0,0.0,2.0,100.0,19.339079
114.0,3.0,0.0,2.0,100.0,13.554124
115.0,5.0,0.0,2.0,100.0,4.9193497
116.0,10.0,0.0,2.0,100.0,7.9681187
117.0,20.0,0.0,2.0,100.0,3.6657753
118.0,40.0,0.0,2.0,100.0,2.1887157
119.0,49.0,0.0,2.0,100.0,2.9029124
120.0,0.0,0.0,2.0,100.0,0.0
121.0,0.5,0.0,2.0,100.0,0.0
122.0,1.0,0.0,2.0,100.0,19.583157
123.0,2.0,0.0,2.0,100.0,14.138768
124.0,3.0,0.0,2.0,100.0,39.803684
125.0,5.0,0.0,2.0,100.0,8.250097
126.0,10.0,0.0,2.0,100.0,6.3149652
127.0,20.0,0.0,2.0,100.0,2.366599
128.0,40.0,0.0,2.0,100.0,2.9816902
129.0,49.0,0.0,2.0,100.0,4.5673065
130.0,0.0,0.0,2.0,100.0,0.0
131.0,0.5,0.0,2.0,100.0,0.0
132.0,1.0,0.0,2.0,100.0,24.04163
133.0,2.0,0.0,2.0,100.0,9.116529
134.0,3.0,0.0,2.0,100.0,14.677485
135.0,5.0,0.0,2.0,100.0,12.436505
136.0,10.0,0.0,2.0,100.0,11.207637
137.0,20.0,0.0,2.0,100.0,4.38529
138.0,40.0,0.0,2.0,100.0,2.8619006
139.0,49.0,0.0,2.0,100.0,2.353298
140.0,0.0,0.0,2.0,100.0,0.0
141.0,0.5,0.0,2.0,100.0,44.769783
142.0,1.0,0.0,2.0,100.0,24.532972
143.0,2.0,0.0,2.0,100.0,38.927284
144.0,3.0,0.0,2.0,100.0,5.3472805
145.0,5.0,0.0,2.0,100.0,8.623289
146.0,10.0,0.0,2.0,100.0,8.372031
147.0,20.0,0.0,2.0,100.0,2.7144835
148.0,40.0,0.0,2.0,100.0,3.7541401
149.0,49.0,0.0,2.0,100.0,3.3309517
150.0,0.0,0.0,2.0,100.0,0.0
151.0,0.5,0.0,2.0,100.0,31.533052
152.0,1.0,0.0,2.0,100.0,0.0
153.0,2.0,0.0,2.0,100.0,13.379088
154.0,3.0,0.0,2.0,100.0,10.654411
155.0,5.0,0.0,2.0,100.0,7.702813
156.0,10.0,0.0,2.0,100.0,8.005679
157.0,20.0,0.0,2.0,100.0,3.3139791
158.0,40.0,0.0,2.0,100.0,2.3857284
159.0,49.0,0.0,2.0,100.0,4.9086905
160.0,0.0,0.0,2.0,100.0,0.0
161.0,0.5,0.0,2.0,100.0,30.65942
162.0,1.0,0.0,2.0,100.0,0.0
163.0,2.0,0.0,2.0,100.0,40.611984
164.0,3.0,0.0,2.0,100.0,9.146949
165.0,5.0,0.0,2.0,100.0,9.092121
166.0,10.0,0.0,2.0,100.0,3.3144073
167.0,20.0,0.0,2.0,100.0,4.011679
168.0,40.0,0.0,2.0,100.0,4.6853366
169.0,49.0,0.0,2.0,100.0,1.972429
170.0,0.0,0.0,2.0,100.0,0.0
171.0,0.5,0.0,2.0,100.0,21.020493
172.0,1.0,0.0,2.0,100.0,49.963318
173.0,2.0,0.0,2.0,100.0,33.020195
174.0,3.0,0.0,2.0,100.0,3.419134
175.0,5.0,0.0,2.0,100.0,16.693312
176.0,10.0,0.0,2.0,100.0,13.123951
177.0,20.0,0.0,2.0,100.0,2.5785892
178.0,40.0,0.0,2.0,100.0,1.8027756
179.0,49.0,0.0,2.0,100.0,3.7229416
180.0,0.0,0.0,2.0,100.0,0.0
181.0,0.5,0.0,2.0,100.0,0.0
182.0,1.0,0.0,2.0,100.0,28.746014
183.0,2.0,0.0,2.0,100.0,10.92398
184.0,3.0,0.0,2.0,100.0,22.54625
185.0,5.0,0.0,2.0,100.0,14.502873
186.0,10.0,0.0,2.0,100.0,4.6260133
187.0,20.0,0.0,2.0,100.0,1.7795131
188.0,40.0,0.0,2.0,100.0,3.6031175
189.0,49.0,0.0,2.0,100.0,4.457729
190.0,0.0,0.0,2.0,100.0,0.0
191.0,0.5,0.0,2.0,100.0,0.0
192.0,1.0,0.0,2.0,100.0,12.859282
193.0,2.0,0.0,2.0,100.0,28.041634
194.0,3.0,0.0,2.0,100.0,8.922506
195.0,5.0,0.0,2.0,100.0,7.8036814
196.0,10.0,0.0,2.0,100.0,2.7899013
197.0,20.0,0.0,2.0,100.0,8.863639
198.0,40.0,0.0,2.0,100.0,5.2190127
199.0,49.0,0.0,2.0,100.0,2.3273733
200.0,0.0,0.0,2.0,100.0,0.0
201.0,0.5,0.0,2.0,100.0,0.0
202.0,1.0,0.0,2.0,100.0,30.435724
203.0,2.0,0.0,2.0,100.0,23.780245
204.0,3.0,0.0,2.0,100.0,20.441788
205.0,5.0,0.0,2.0,100.0,8.151346
206.0,10.0,0.0,2.0,100.0,6.0198092
207.0,20.0,0.0,2.0,100.0,5.5399375
208.0,40.0,0.0,2.0,100.0,2.5131235
209.0,49.0,0.0,2.0,100.0,2.8793187
210.0,0.0,0.0,2.0,100.0,0.0
211.0,0.5,0.0,2.0,100.0,7.184032
212.0,1.0,0.0,2.0,100.0,53.42596
213.0,2.0,0.0,2.0,100.0,9.277075
214.0,3.0,0.0,2.0,100.0,5.4467115
215.0,5.0,0.0,2.0,100.0,12.59409
216.0,10.0,0.0,2.0,100.0,4.148348
217.0,20.0,0.0,2.0,100.0,4.2873015
218.0,40.0,0.0,2.0,100.0,3.2118204
219.0,49.0,0.0,2.0,100.0,4.9356146
220.0,0.0,0.0,2.0,100.0,0.0
221.0,0.5,0.0,2.0,100.0,27.006172
222.0,1.0,0.0,2.0,100.0,25.423088
223.0,2.0,0.0,2.0,100.0,13.194351
224.0,3.0,0.0,2.0,100.0,25.10644
225.0,5.0,0.0,2.0,100.0,6.421119
226.0,10.0,0.0,2.0,100.0,3.4256818
227.0,20.0,0.0,2.0,100.0,3.077935
228.0,40.0,0.0,2.0,100.0,4.567307
229.0,49.0,0.0,2.0,100.0,3.5721471
230.0,0.0,0.0,2.0,100.0,0.0
231.0,0.5,0.0,2.0,100.0,0.0
232.0,1.0,0.0,2.0,100.0,0.0
233.0,2.0,0.0,2.0,100.0,48.418316
234.0,3.0,0.0,2.0,100.0,16.512623
235.0,5.0,0.0,2.0,100.0,8.456664
236.0,10.0,0.0,2.0,100.0,9.198155
237.0,20.0,0.0,2.0,100.0,4.0293045
238.0,40.0,0.0,2.0,100.0,3.8128748
239.0,49.0,0.0,2.0,100.0,2.825324
240.0,0.0,0.0,2.0,100.0,0.0
241.0,0.5,0.0,2.0,100.0,28.536526
242.0,1.0,0.0,2.0,100.0,50.895317
243.0,2.0,0.0,2.0,100.0,25.423088
244.0,3.0,0.0,2.0,100.0,16.948101
245.0,5.0,0.0,2.0,100.0,10.904346
246.0,10.0,0.0,2.0,100.0,11.48498
247.0,20.0,0.0,2.0,100.0,6.8208365
248.0,40.0,0.0,2.0,100.0,3.6456106
249.0,49.0,0.0,2.0,100.0,3.2389007
250.0,0.0,0.0,2.0,100.0,0.0
251.0,0.5,0.0,2.0,100.0,0.0
252.0,1.0,0.0,2.0,100.0,0.0
253.0,2.0,0.0,2.0,100.0,26.153393
254.0,3.0,0.0,2.0,100.0,10.466879
255.0,5.0,0.0,2.0,100.0,5.3004947
256.0,10.0,0.0,2.0,100.0,5.25455
257.0,20.0,0.0,2.0,100.0,2.8449194
258.0,40.0,0.0,2.0,100.0,2.3644187
259.0,49.0,0.0,2.0,100.0,6.7747645
260.0,0.0,0.0,2.0,100.0,0.0
261.0,0.5,0.0,2.0,100.0,0.0
262.0,1.0,0.0,2.0,100.0,0.0
263.0,2.0,0.0,2.0,100.0,27.11949
264.0,3.0,0.0,2.0,100.0,23.60226
265.0,5.0,0.0,2.0,100.0,8.549322
266.0,10.0,0.0,2.0,100.0,9.076396
267.0,20.0,0.0,2.0,100.0,2.3644187
268.0,40.0,0.0,2.0,100.0,3.6722329
269.0,49.0,0.0,2.0,100.0,3.8458388
270.0,0.0,0.0,2.0,100.0,0.0
271.0,0.5,0.0,2.0,100.0,32.50128
272.0,1.0,0.0,2.0,100.0,46.66905
273.0,2.0,0.0,2.0,100.0,27.153883
274.0,3.0,0.0,2.0,100.0,21.071308
275.0,5.0,0.0,2.0,100.0,5.150128
276.0,10.0,0.0,2.0,100.0,2.8914175
277.0,20.0,0.0,2.0,100.0,2.5080822
278.0,40.0,0.0,2.0,100.0,3.5876658
279.0,49.0,0.0,2.0,100.0,5.7527013
280.0,0.0,0.0,2.0,100.0,0.0
281.0,0.5,0.0,2.0,100.0,0.0
282.0,1.0,0.0,2.0,100.0,32.316147
283.0,2.0,0.0,2.0,100.0,54.280136
284.0,3.0,0.0,2.0,100.0,30.25723
285.0,5.0,0.0,2.0,100.0,11.476685
286.0,10.0,0.0,2.0,100.0,4.346135
287.0,20.0,0.0,2.0,100.0,2.0224926
288.0,40.0,0.0,2.0,100.0,2.1542265
289.0,49.0,0.0,2.0,100.0,3.3926215
290.0,0.0,0.0,2.0,100.0,0.0
291.0,0.5,0.0,2.0,100.0,38.552994
292.0,1.0,0.0,2.0,100.0,24.172987
293.0,2.0,0.0,2.0,100.0,5.0482965
294.0,3.0,0.0,2.0,100.0,22.150997
295.0,5.0,0.0,2.0,100.0,12.2256565
296.0,10.0,0.0,2.0,100.0,2.2280993
297.0,20.0,0.0,2.0,100.0,2.662795
298.0,40.0,0.0,2.0,100.0,1.9364917
299.0,49.0,0.0,2.0,100.0,4.011679
300.0,0.0,0.0,2.0,100.0,0.0
301.0,0.5,0.0,2.0,100.0,38.552994
302.0,1.0,0.0,2.0,100.0,25.455845
303.0,2.0,0.0,2.0,100.0,42.899105
304.0,3.0,0.0,2.0,100.0,16.970562
305.0,5.0,0.0,2.0,100.0,6.434084
306.0,10.0,0.0,2.0,100.0,4.0249224
307.0,20.0,0.0,2.0,100.0,2.0725307
308.0,40.0,0.0,2.0,100.0,2.1984844
309.0,49.0,0.0,2.0,100.0,3.8274171
310.0,0.0,0.0,2.0,100.0,0.0
311.0,0.5,0.0,2.0,100.0,32.316147
312.0,1.0,0.0,2.0,100.0,35.907288
313.0,2.0,0.0,2.0,100.0,30.664854
314.0,3.0,0.0,2.0,100.0,34.122326
315.0,5.0,0.0,2.0,100.0,12.047524
316.0,10.0,0.0,2.0,100.0,8.312095
317.0,20.0,0.0,2.0,100.0,4.3715324
318.0,40.0,0.0,2.0,100.0,2.7368734
319.0,49.0,0.0,2.0,100.0,3.1418698
320.0,0.0,0.0,2.0,100.0,0.0
321.0,0.5,0.0,2.0,100.0,30.664854
322.0,1.0,0.0,2.0,100.0,23.81876
323.0,2.0,0.0,2.0,100.0,30.041637
324.0,3.0,0.0,2.0,100.0,37.872593
325.0,5.0,0.0,2.0,100.0,6.2767377
326.0,10.0,0.0,2.0,100.0,10.568393
327.0,20.0,0.0,2.0,100.0,3.2234263
328.0,40.0,0.0,2.0,100.0,7.2077994
329.0,49.0,0.0,2.0,100.0,3.2696295
330.0,0.0,0.0,2.0,100.0,0.0
331.0,0.5,0.0,2.0,100.0,45.214302
332.0,1.0,0.0,2.0,100.0,37.872593
333.0,2.0,0.0,2.0,100.0,0.0
334.0,3.0,0.0,2.0,100.0,16.062378
335.0,5.0,0.0,2.0,100.0,4.859042
336.0,10.0,0.0,2.0,100.0,4.358899
337.0,20.0,0.0,2.0,100.0,3.0183268
338.0,40.0,0.0,2.0,100.0,3.9509864
339.0,49.0,0.0,2.0,100.0,3.0643883
340.0,0.0,0.0,2.0,100.0,0.0
341.0,0.5,0.0,2.0,100.0,49.237522
342.0,1.0,0.0,2.0,100.0,32.95957
343.0,2.0,0.0,2.0,100.0,2.639568
344.0,3.0,0.0,2.0,100.0,43.500957
345.0,5.0,0.0,2.0,100.0,9.375015
346.0,10.0,0.0,2.0,100.0,4.343578
347.0,20.0,0.0,2.0,100.0,5.1316013
348.0,40.0,0.0,2.0,100.0,2.2620528
349.0,49.0,0.0,2.0,100.0,2.1236482
350.0,0.0,0.0,2.0,100.0,0.0
351.0,0.5,0.0,2.0,100.0,30.664854
352.0,1.0,0.0,2.0,100.0,33.941124
353.0,2.0,0.0,2.0,100.0,10.856642
354.0,3.0,0.0,2.0,100.0,11.735172
355.0,5.0,0.0,2.0,100.0,14.727148
356.0,10.0,0.0,2.0,100.0,3.5409057
357.0,20.0,0.0,2.0,100.0,3.2632995
358.0,40.0,0.0,2.0,100.0,3.4044788
359.0,49.0,0.0,2.0,100.0,4.240907
360.0,0.0,0.0,2.0,100.0,37.48333
361.0,0.5,0.0,2.0,100.0,34.42867
362.0,1.0,0.0,2.0,100.0,0.0
363.0,2.0,0.0,2.0,100.0,21.224985
364.0,3.0,0.0,2.0,100.0,28.948229
365.0,5.0,0.0,2.0,100.0,12.2927265
366.0,10.0,0.0,2.0,100.0,3.9940434
367.0,20.0,0.0,2.0,100.0,2.9912152
368.0,40.0,0.0,2.0,100.0,1.9790571
369.0,49.0,0.0,2.0,100.0,1.9681253
370.0,0.0,0.0,2.0,100.0,0.0
371.0,0.5,0.0,2.0,100.0,34.12233
372.0,1.0,0.0,2.0,100.0,28.360771
373.0,2.0,0.0,2.0,100.0,50.81666
374.0,3.0,0.0,2.0,100.0,24.752104
375.0,5.0,0.0,2.0,100.0,18.41497
376.0,10.0,0.0,2.0,100.0,9.754564
377.0,20.0,0.0,2.0,100.0,3.0339212
378.0,40.0,0.0,2.0,100.0,2.9199855
379.0,49.0,0.0,2.0,100.0,2.036233
380.0,0.0,0.0,2.0,100.0,0.0
381.0,0.5,0.0,2.0,100.0,0.0
382.0,1.0,0.0,2.0,100.0,33.941124
383.0,2.0,0.0,2.0,100.0,16.046806
384.0,3.0,0.0,2.0,100.0,9.202766
385.0,5.0,0.0,2.0,100.0,14.491377
386.0,10.0,0.0,2.0,100.0,2.236068
387.0,20.0,0.0,2.0,100.0,2.7657046
388.0,40.0,0.0,2.0,100.0,4.9055176
389.0,49.0,0.0,2.0,100.0,2.5335689
390.0,0.0,0.0,2.0,100.0,0.0
391.0,0.5,0.0,2.0,100.0,0.0
392.0,1.0,0.0,2.0,100.0,21.118711
393.0,2.0,0.0,2.0,100.0,18.384777
394.0,3.0,0.0,2.0,100.0,19.387281
395.0,5.0,0.0,2.0,100.0,9.40449
396.0,10.0,0.0,2.0,100.0,3.973597
397.0,20.0,0.0,2.0,100.0,3.3897605
398.0,40.0,0.0,2.0,100.0,2.081666
399.0,49.0,0.0,2.0,100.0,3.7135532
400.0,0.0,0.0,2.0,100.0,0.0
401.0,0.5,0.0,2.0,100.0,28.041636
402.0,1.0,0.0,2.0,100.0,13.79284
403.0,2.0,0.0,2.0,100.0,12.190616
404.0,3.0,0.0,2.0,100.0,4.3741665
405.0,5.0,0.0,2.0,100.0,8.537618
406.0,10.0,0.0,2.0,100.0,5.331439
407.0,20.0,0.0,2.0,100.0,4.420183
408.0,40.0,0.0,2.0,100.0,2.621325
409.0,49.0,0.0,2.0,100.0,4.3284283
410.0,0.0,0.0,2.0,100.0,0.0
411.0,0.5,0.0,2.0,100.0,44.43347
412.0,1.0,0.0,2.0,100.0,0.0
413.0,2.0,0.0,2.0,100.0,0.0
414.0,3.0,0.0,2.0,100.0,7.7047153
415.0,5.0,0.0,2.0,100.0,12.180358
416.0,10.0,0.0,2.0,100.0,7.077493
417.0,20.0,0.0,2.0,100.0,4.174554
418.0,40.0,0.0,2.0,100.0,4.8630366
419.0,49.0,0.0,2.0,100.0,12.6120615
420.0,0.0,0.0,2.0,100.0,0.0
421.0,0.5,0.0,2.0,100.0,36.555893
422.0,1.0,0.0,2.0,100.0,0.0
423.0,2.0,0.0,2.0,100.0,13.897896
424.0,3.0,0.0,2.0,100.0,38.747044
425.0,5.0,0.0,2.0,100.0,16.245146
426.0,10.0,0.0,2.0,100.0,10.747798
427.0,20.0,0.0,2.0,100.0,2.594615
428.0,40.0,0.0,2.0,100.0,4.432733
429.0,49.0,0.0,2.0,100.0,4.2873015
430.0,0.0,0.0,2.0,100.0,4.240907
431.0,0.5,0.0,2.0,100.0,24.006943
432.0,1.0,0.0,2.0,100.0,19.44908
433.0,2.0,0.0,2.0,100.0,40.673496
434.0,3.0,0.0,2.0,100.0,33.020195
435.0,5.0,0.0,2.0,100.0,7.728569
436.0,10.0,0.0,2.0,100.0,6.5755672
437.0,20.0,0.0,2.0,100.0,2.1887157
438.0,40.0,0.0,2.0,100.0,2.6815064
439.0,49.0,0.0,2.0,100.0,3.05946
440.0,0.0,0.0,2.0,100.0,0.0
441.0,0.5,0.0,2.0,100.0,0.0
442.0,1.0,0.0,2.0,100.0,10.835011
443.0,2.0,0.0,2.0,100.0,15.411035
444.0,3.0,0.0,2.0,100.0,37.287174
445.0,5.0,0.0,2.0,100.0,20.554804
446.0,10.0,0.0,2.0,100.0,3.1063037
447.0,20.0,0.0,2.0,100.0,3.176551
448.0,40.0,0.0,2.0,100.0,3.0521777
449.0,49.0,0.0,2.0,100.0,3.0480282
450.0,0.0,0.0,2.0,100.0,0.0
451.0,0.5,0.0,2.0,100.0,50.895317
452.0,1.0,0.0,2.0,100.0,0.0
453.0,2.0,0.0,2.0,100.0,10.52661
454.0,3.0,0.0,2.0,100.0,38.21431
455.0,5.0,0.0,2.0,100.0,8.273116
456.0,10.0,0.0,2.0,100.0,7.5357738
457.0,20.0,0.0,2.0,100.0,3.2389004
458.0,40.0,0.0,2.0,100.0,2.0224926
459.0,49.0,0.0,2.0,100.0,2.5658007
460.0,0.0,0.0,2.0,100.0,0.0
461.0,0.5,0.0,2.0,100.0,0.0
462.0,1.0,0.0,2.0,100.0,0.0
463.0,2.0,0.0,2.0,100.0,3.0335813
464.0,3.0,0.0,2.0,100.0,9.660918
465.0,5.0,0.0,2.0,100.0,13.232955
466.0,10.0,0.0,2.0,100.0,12.604012
467.0,20.0,0.0,2.0,100.0,3.9032416
468.0,40.0,0.0,2.0,100.0,3.4978986
469.0,49.0,0.0,2.0,100.0,4.029304
470.0,0.0,0.0,2.0,100.0,0.0
471.0,0.5,0.0,2.0,100.0,42.899105
472.0,1.0,0.0,2.0,100.0,28.746014
473.0,2.0,0.0,2.0,100.0,17.363756
474.0,3.0,0.0,2.0,100.0,22.030281
475.0,5.0,0.0,2.0,100.0,12.139238
476.0,10.0,0.0,2.0,100.0,9.177266
477.0,20.0,0.0,2.0,100.0,2.684153
478.0,40.0,0.0,2.0,100.0,3.2216587
479.0,49.0,0.0,2.0,100.0,4.279695
480.0,0.0,0.0,2.0,100.0,0.0
481.0,0.5,0.0,2.0,100.0,0.0
482.0,1.0,0.0,2.0,100.0,15.921683
483.0,2.0,0.0,2.0,100.0,46.003624
484.0,3.0,0.0,2.0,100.0,9.321879
485.0,5.0,0.0,2.0,100.0,3.172801
486.0,10.0,0.0,2.0,100.0,4.2113295
487.0,20.0,0.0,2.0,100.0,2.7446918
488.0,40.0,0.0,2.0,100.0,3.772969
489.0,49.0,0.0,2.0,100.0,2.7897327
490.0,0.0,0.0,2.0,100.0,0.0
491.0,0.5,0.0,2.0,100.0,3.4327176
492.0,1.0,0.0,2.0,100.0,8.445907
493.0,2.0,0.0,2.0,100.0,18.411953
494.0,3.0,0.0,2.0,100.0,13.996598
495.0,5.0,0.0,2.0,100.0,2.977695
496.0,10.0,0.0,2.0,100.0,10.457586
497.0,20.0,0.0,2.0,100.0,3.0883675
498.0,40.0,0.0,2.0,100.0,3.1770375
499.0,49.0,0.0,2.0,100.0,2.362908
500.0,0.0,10.0,2.0,100.0,0.0
501.0,0.5,10.0,2.0,100.0,0.0
502.0,1.0,10.0,2.0,100.0,4.8648405
503.0,2.0,10.0,2.0,100.0,0.0
504.0,3.0,10.0,2.0,100.0,12.294017
505.0,5.0,10.0,2.0,100.0,6.354601
506.0,10.0,10.0,2.0,100.0,3.3470306
507.0,20.0,10.0,2.0,100.0,3.6185036
508.0,40.0,10.0,2.0,100.0,2.4422176
509.0,49.0,10.0,2.0,100.0,2.2339375
510.0,0.0,10.0,2.0,100.0,0.0
511.0,0.5,10.0,2.0,100.0,0.0
512.0,1.0,10.0,2.0,100.0,24.04163
513.0,2.0,10.0,2.0,100.0,50.895317
514.0,3.0,10.0,2.0,100.0,24.097027
515.0,5.0,10.0,2.0,100.0,19.553345
516.0,10.0,10.0,2.0,100.0,3.6187344
517.0,20.0,10.0,2.0,100.0,2.181796
518.0,40.0,10.0,2.0,100.0,3.509386
519.0,49.0,10.0,2.0,100.0,3.0150416
520.0,0.0,10.0,2.0,100.0,0.0
521.0,0.5,10.0,2.0,100.0,0.0
522.0,1.0,10.0,2.0,100.0,46.66905
523.0,2.0,10.0,2.0,100.0,26.447432
524.0,3.0,10.0,2.0,100.0,28.00595
525.0,5.0,10.0,2.0,100.0,9.710351
526.0,10.0,10.0,2.0,100.0,4.076074
527.0,20.0,10.0,2.0,100.0,1.9213796
528.0,40.0,10.0,2.0,100.0,3.1944761
529.0,49.0,10.0,2.0,100.0,4.973004
530.0,0.0,10.0,2.0,100.0,0.0
531.0,0.5,10.0,2.0,100.0,42.899105
532.0,1.0,10.0,2.0,100.0,7.1452746
533.0,2.0,10.0,2.0,100.0,6.1836963
534.0,3.0,10.0,2.0,100.0,21.354156
535.0,5.0,10.0,2.0,100.0,25.337719
536.0,10.0,10.0,2.0,100.0,4.5617456
537.0,20.0,10.0,2.0,100.0,2.8966317
538.0,40.0,10.0,2.0,100.0,3.1995554
539.0,49.0,10.0,2.0,100.0,3.2632995
540.0,0.0,10.0,2.0,100.0,4.567307
541.0,0.5,10.0,2.0,100.0,0.0
542.0,1.0,10.0,2.0,100.0,19.592373
543.0,2.0,10.0,2.0,100.0,18.147543
544.0,3.0,10.0,2.0,100.0,18.0
545.0,5.0,10.0,2.0,100.0,3.112953
546.0,10.0,10.0,2.0,100.0,4.181542
547.0,20.0,10.0,2.0,100.0,5.7029653
548.0,40.0,10.0,2.0,100.0,1.8484228
549.0,49.0,10.0,2.0,100.0,4.4827714
550.0,0.0,10.0,2.0,100.0,0.0
551.0,0.5,10.0,2.0,100.0,33.56089
552.0,1.0,10.0,2.0,100.0,24.152294
553.0,2.0,10.0,2.0,100.0,32.929214
554.0,3.0,10.0,2.0,100.0,27.098585
555.0,5.0,10.0,2.0,100.0,14.29219
556.0,10.0,10.0,2.0,100.0,4.5145273
557.0,20.0,10.0,2.0,100.0,2.8793187
558.0,40.0,10.0,2.0,100.0,1.9102677
559.0,49.0,10.0,2.0,100.0,3.2418947
560.0,0.0,10.0,2.0,100.0,0.0
561.0,0.5,10.0,2.0,100.0,0.0
562.0,1.0,10.0,2.0,100.0,28.219378
563.0,2.0,10.0,2.0,100.0,13.396517
564.0,3.0,10.0,2.0,100.0,16.96647
565.0,5.0,10.0,2.0,100.0,17.334936
566.0,10.0,10.0,2.0,100.0,5.80782
567.0,20.0,10.0,2.0,100.0,2.8469744
568.0,40.0,10.0,2.0,100.0,3.203348
569.0,49.0,10.0,2.0,100.0,3.1289737
570.0,0.0,10.0,2.0,100.0,0.0
571.0,0.5,10.0,2.0,100.0,20.297783
572.0,1.0,10.0,2.0,100.0,39.501057
573.0,2.0,10.0,2.0,100.0,39.247078
574.0,3.0,10.0,2.0,100.0,26.112577
575.0,5.0,10.0,2.0,100.0,55.154327
576.0,10.0,10.0,2.0,100.0,2.1657507
577.0,20.0,10.0,2.0,100.0,5.709064
578.0,40.0,10.0,2.0,100.0,3.0663655
579.0,49.0,10.0,2.0,100.0,3.4799848
580.0,0.0,10.0,2.0,100.0,0.0
581.0,0.5,10.0,2.0,100.0,50.895317
582.0,1.0,10.0,2.0,100.0,13.212548
583.0,2.0,10.0,2.0,100.0,15.684387
584.0,3.0,10.0,2.0,100.0,11.235573
585.0,5.0,10.0,2.0,100.0,5.4470477
586.0,10.0,10.0,2.0,100.0,2.8619006
587.0,20.0,10.0,2.0,100.0,4.4983654
588.0,40.0,10.0,2.0,100.0,3.8549054
589.0,49.0,10.0,2.0,100.0,3.3302367
590.0,0.0,10.0,2.0,100.0,0.0
591.0,0.5,10.0,2.0,100.0,0.0
592.0,1.0,10.0,2.0,100.0,25.65151
593.0,2.0,10.0,2.0,100.0,14.6659775
594.0,3.0,10.0,2.0,100.0,21.023796
595.0,5.0,10.0,2.0,100.0,3.2381005
596.0,10.0,10.0,2.0,100.0,6.618157
597.0,20.0,10.0,2.0,100.0,4.3715324
598.0,40.0,10.0,2.0,100.0,2.3857284
599.0,49.0,10.0,2.0,100.0,2.7185433
600.0,0.0,10.0,2.0,100.0,0.0
601.0,0.5,10.0,2.0,100.0,0.0
602.0,1.0,10.0,2.0,100.0,25.468935
603.0,2.0,10.0,2.0,100.0,26.166136
604.0,3.0,10.0,2.0,100.0,10.176225
605.0,5.0,10.0,2.0,100.0,39.95414
606.0,10.0,10.0,2.0,100.0,5.7893424
607.0,20.0,10.0,2.0,100.0,2.1471596
608.0,40.0,10.0,2.0,100.0,3.4615686
609.0,49.0,10.0,2.0,100.0,1.7279336
610.0,0.0,10.0,2.0,100.0,0.0
611.0,0.5,10.0,2.0,100.0,0.0
612.0,1.0,10.0,2.0,100.0,15.142354
613.0,2.0,10.0,2.0,100.0,37.072002
614.0,3.0,10.0,2.0,100.0,7.202693
615.0,5.0,10.0,2.0,100.0,4.2702804
616.0,10.0,10.0,2.0,100.0,8.915768
617.0,20.0,10.0,2.0,100.0,6.5113316
618.0,40.0,10.0,2.0,100.0,3.2764757
619.0,49.0,10.0,2.0,100.0,2.2484074
620.0,0.0,10.0,2.0,100.0,31.38471
621.0,0.5,10.0,2.0,100.0,10.1474
622.0,1.0,10.0,2.0,100.0,50.063293
623.0,2.0,10.0,2.0,100.0,0.0
624.0,3.0,10.0,2.0,100.0,3.9032419
625.0,5.0,10.0,2.0,100.0,16.093477
626.0,10.0,10.0,2.0,100.0,3.8668308
627.0,20.0,10.0,2.0,100.0,3.756367
628.0,40.0,10.0,2.0,100.0,2.6855388
629.0,49.0,10.0,2.0,100.0,2.036233
630.0,0.0,10.0,2.0,100.0,0.0
631.0,0.5,10.0,2.0,100.0,39.247078
632.0,1.0,10.0,2.0,100.0,37.434387
633.0,2.0,10.0,2.0,100.0,3.9509866
634.0,3.0,10.0,2.0,100.0,25.501633
635.0,5.0,10.0,2.0,100.0,10.623611
636.0,10.0,10.0,2.0,100.0,6.5273314
637.0,20.0,10.0,2.0,100.0,5.994442
638.0,40.0,10.0,2.0,100.0,2.102135
639.0,49.0,10.0,2.0,100.0,4.344116
640.0,0.0,10.0,2.0,100.0,0.0
641.0,0.5,10.0,2.0,100.0,33.49627
642.0,1.0,10.0,2.0,100.0,3.2696295
643.0,2.0,10.0,2.0,100.0,29.580399
644.0,3.0,10.0,2.0,100.0,31.251667
645.0,5.0,10.0,2.0,100.0,16.837458
646.0,10.0,10.0,2.0,100.0,7.5839624
647.0,20.0,10.0,2.0,100.0,2.7912095
648.0,40.0,10.0,2.0,100.0,3.8707178
649.0,49.0,10.0,2.0,100.0,3.2118204
650.0,0.0,10.0,2.0,100.0,0.0
651.0,0.5,10.0,2.0,100.0,2.833045
652.0,1.0,10.0,2.0,100.0,0.0
653.0,2.0,10.0,2.0,100.0,15.564918
654.0,3.0,10.0,2.0,100.0,48.418316
655.0,5.0,10.0,2.0,100.0,11.089171
656.0,10.0,10.0,2.0,100.0,4.5303216
657.0,20.0,10.0,2.0,100.0,4.639376
658.0,40.0,10.0,2.0,100.0,3.6551738
659.0,49.0,10.0,2.0,100.0,3.2078774
660.0,0.0,10.0,2.0,100.0,0.0
661.0,0.5,10.0,2.0,100.0,28.536526
662.0,1.0,10.0,2.0,100.0,44.43347
663.0,2.0,10.0,2.0,100.0,18.797163
664.0,3.0,10.0,2.0,100.0,17.648418
665.0,5.0,10.0,2.0,100.0,4.4452486
666.0,10.0,10.0,2.0,100.0,5.7493434
667.0,20.0,10.0,2.0,100.0,3.091206
668.0,40.0,10.0,2.0,100.0,2.864381
669.0,49.0,10.0,2.0,100.0,1.8734676
670.0,0.0,10.0,2.0,100.0,0.0
671.0,0.5,10.0,2.0,100.0,50.063293
672.0,1.0,10.0,2.0,100.0,9.724408
673.0,2.0,10.0,2.0,100.0,30.940804
674.0,3.0,10.0,2.0,100.0,24.92121
675.0,5.0,10.0,2.0,100.0,20.992062
676.0,10.0,10.0,2.0,100.0,6.4189267
677.0,20.0,10.0,2.0,100.0,2.7047718
678.0,40.0,10.0,2.0,100.0,2.5769544
679.0,49.0,10.0,2.0,100.0,2.1021352
680.0,0.0,10.0,2.0,100.0,0.0
681.0,0.5,10.0,2.0,100.0,0.0
682.0,1.0,10.0,2.0,100.0,10.421424
683.0,2.0,10.0,2.0,100.0,28.319605
684.0,3.0,10.0,2.0,100.0,19.14419
685.0,5.0,10.0,2.0,100.0,7.917759
686.0,10.0,10.0,2.0,100.0,3.8201315
687.0,20.0,10.0,2.0,100.0,2.7455442
688.0,40.0,10.0,2.0,100.0,3.1418695
689.0,49.0,10.0,2.0,100.0,2.4235342
690.0,0.0,10.0,2.0,100.0,0.0
691.0,0.5,10.0,2.0,100.0,35.234924
692.0,1.0,10.0,2.0,100.0,28.571548
693.0,2.0,10.0,2.0,100.0,23.85512
694.0,3.0,10.0,2.0,100.0,7.698485
695.0,5.0,10.0,2.0,100.0,17.671068
696.0,10.0,10.0,2.0,100.0,4.1815424
697.0,20.0,10.0,2.0,100.0,3.2971725
698.0,40.0,10.0,2.0,100.0,2.2620528
699.0,49.0,10.0,2.0,100.0,3.0155544
700.0,0.0,10.0,2.0,100.0,0.0
701.0,0.5,10.0,2.0,100.0,0.0
702.0,1.0,10.0,2.0,100.0,47.60602
703.0,2.0,10.0,2.0,100.0,54.280136
704.0,3.0,10.0,2.0,100.0,20.639767
705.0,5.0,10.0,2.0,100.0,7.8800526
706.0,10.0,10.0,2.0,100.0,5.699587
707.0,20.0,10.0,2.0,100.0,1.8948553
708.0,40.0,10.0,2.0,100.0,3.9838855
709.0,49.0,10.0,2.0,100.0,2.32174
710.0,0.0,10.0,2.0,100.0,0.0
711.0,0.5,10.0,2.0,100.0,0.0
712.0,1.0,10.0,2.0,100.0,39.59798
713.0,2.0,10.0,2.0,100.0,11.324226
714.0,3.0,10.0,2.0,100.0,13.190906
715.0,5.0,10.0,2.0,100.0,3.2389004
716.0,10.0,10.0,2.0,100.0,7.267016
717.0,20.0,10.0,2.0,100.0,3.0968497
718.0,40.0,10.0,2.0,100.0,3.1201434
719.0,49.0,10.0,2.0,100.0,3.7802749
720.0,0.0,10.0,2.0,100.0,0.0
721.0,0.5,10.0,2.0,100.0,0.0
722.0,1.0,10.0,2.0,100.0,25.53429
723.0,2.0,10.0,2.0,100.0,16.300745
724.0,3.0,10.0,2.0,100.0,12.840907
725.0,5.0,10.0,2.0,100.0,3.7229414
726.0,10.0,10.0,2.0,100.0,4.8785243
727.0,20.0,10.0,2.0,100.0,2.718543
728.0,40.0,10.0,2.0,100.0,3.9988093
729.0,49.0,10.0,2.0,100.0,4.044786
730.0,0.0,10.0,2.0,100.0,0.0
731.0,0.5,10.0,2.0,100.0,40.673496
732.0,1.0,10.0,2.0,100.0,0.0
733.0,2.0,10.0,2.0,100.0,15.958279
734.0,3.0,10.0,2.0,100.0,3.2290711
735.0,5.0,10.0,2.0,100.0,11.74734
736.0,10.0,10.0,2.0,100.0,9.765301
737.0,20.0,10.0,2.0,100.0,2.5476415
738.0,40.0,10.0,2.0,100.0,2.5865955
739.0,49.0,10.0,2.0,100.0,1.9745921
740.0,0.0,10.0,2.0,100.0,0.0
741.0,0.5,10.0,2.0,100.0,0.0
742.0,1.0,10.0,2.0,100.0,38.552994
743.0,2.0,10.0,2.0,100.0,31.485447
744.0,3.0,10.0,2.0,100.0,13.972763
745.0,5.0,10.0,2.0,100.0,10.821789
746.0,10.0,10.0,2.0,100.0,4.51432
747.0,20.0,10.0,2.0,100.0,2.1869175
748.0,40.0,10.0,2.0,100.0,3.4627268
749.0,49.0,10.0,2.0,100.0,3.3749778
750.0,0.0,10.0,2.0,100.0,0.0
751.0,0.5,10.0,2.0,100.0,0.0
752.0,1.0,10.0,2.0,100.0,47.38495
753.0,2.0,10.0,2.0,100.0,52.576927
754.0,3.0,10.0,2.0,100.0,11.205866
755.0,5.0,10.0,2.0,100.0,14.56022
756.0,10.0,10.0,2.0,100.0,9.250087
757.0,20.0,10.0,2.0,100.0,2.6627948
758.0,40.0,10.0,2.0,100.0,2.3857281
759.0,49.0,10.0,2.0,100.0,1.9377786
760.0,0.0,10.0,2.0,100.0,0.0
761.0,0.5,10.0,2.0,100.0,0.0
762.0,1.0,10.0,2.0,100.0,49.963318
763.0,2.0,10.0,2.0,100.0,32.526913
764.0,3.0,10.0,2.0,100.0,50.895317
765.0,5.0,10.0,2.0,100.0,3.1944764
766.0,10.0,10.0,2.0,100.0,4.0939264
767.0,20.0,10.0,2.0,100.0,4.0616164
768.0,40.0,10.0,2.0,100.0,3.2971723
769.0,49.0,10.0,2.0,100.0,3.955897
770.0,0.0,10.0,2.0,100.0,37.456642
771.0,0.5,10.0,2.0,100.0,0.0
772.0,1.0,10.0,2.0,100.0,27.006172
773.0,2.0,10.0,2.0,100.0,28.041636
774.0,3.0,10.0,2.0,100.0,16.232683
775.0,5.0,10.0,2.0,100.0,6.5967026
776.0,10.0,10.0,2.0,100.0,15.370038
777.0,20.0,10.0,2.0,100.0,3.7061157
778.0,40.0,10.0,2.0,100.0,3.2462306
779.0,49.0,10.0,2.0,100.0,2.5658007
780.0,0.0,10.0,2.0,100.0,0.0
781.0,0.5,10.0,2.0,100.0,0.0
782.0,1.0,10.0,2.0,100.0,53.42596
783.0,2.0,10.0,2.0,100.0,21.189621
784.0,3.0,10.0,2.0,100.0,10.9443035
785.0,5.0,10.0,2.0,100.0,3.991658
786.0,10.0,10.0,2.0,100.0,4.4283514
787.0,20.0,10.0,2.0,100.0,3.7451496
788.0,40.0,10.0,2.0,100.0,2.861901
789.0,49.0,10.0,2.0,100.0,3.6185036
790.0,0.0,10.0,2.0,100.0,0.0
791.0,0.5,10.0,2.0,100.0,31.005375
792.0,1.0,10.0,2.0,100.0,28.05946
793.0,2.0,10.0,2.0,100.0,22.31378
794.0,3.0,10.0,2.0,100.0,6.787054
795.0,5.0,10.0,2.0,100.0,50.003334
796.0,10.0,10.0,2.0,100.0,12.200703
797.0,20.0,10.0,2.0,100.0,4.715431
798.0,40.0,10.0,2.0,100.0,2.6815064
799.0,49.0,10.0,2.0,100.0,2.2782617
800.0,0.0,10.0,2.0,100.0,0.0
801.0,0.5,10.0,2.0,100.0,0.0
802.0,1.0,10.0,2.0,100.0,0.0
803.0,2.0,10.0,2.0,100.0,0.0
804.0,3.0,10.0,2.0,100.0,14.508618
805.0,5.0,10.0,2.0,100.0,5.6146073
806.0,10.0,10.0,2.0,100.0,10.873004
807.0,20.0,10.0,2.0,100.0,2.7657046
808.0,40.0,10.0,2.0,100.0,2.643951
809.0,49.0,10.0,2.0,100.0,5.786648
810.0,0.0,10.0,2.0,100.0,0.0
811.0,0.5,10.0,2.0,100.0,38.214306
812.0,1.0,10.0,2.0,100.0,0.0
813.0,2.0,10.0,2.0,100.0,6.729852
814.0,3.0,10.0,2.0,100.0,20.432817
815.0,5.0,10.0,2.0,100.0,15.832456
816.0,10.0,10.0,2.0,100.0,10.81225
817.0,20.0,10.0,2.0,100.0,3.03158
818.0,40.0,10.0,2.0,100.0,2.0615528
819.0,49.0,10.0,2.0,100.0,2.0803998
820.0,0.0,10.0,2.0,100.0,0.0
821.0,0.5,10.0,2.0,100.0,33.90182
822.0,1.0,10.0,2.0,100.0,25.006666
823.0,2.0,10.0,2.0,100.0,16.427618
824.0,3.0,10.0,2.0,100.0,0.0
825.0,5.0,10.0,2.0,100.0,10.080234
826.0,10.0,10.0,2.0,100.0,3.5157208
827.0,20.0,10.0,2.0,100.0,3.9072583
828.0,40.0,10.0,2.0,100.0,3.3803701
829.0,49.0,10.0,2.0,100.0,3.72941
830.0,0.0,10.0,2.0,100.0,0.0
831.0,0.5,10.0,2.0,100.0,25.69695
832.0,1.0,10.0,2.0,100.0,17.698534
833.0,2.0,10.0,2.0,100.0,18.493242
834.0,3.0,10.0,2.0,100.0,9.219544
835.0,5.0,10.0,2.0,100.0,11.338934
836.0,10.0,10.0,2.0,100.0,9.523178
837.0,20.0,10.0,2.0,100.0,3.0183265
838.0,40.0,10.0,2.0,100.0,2.847858
839.0,49.0,10.0,2.0,100.0,2.7550817
840.0,0.0,10.0,2.0,100.0,0.0
841.0,0.5,10.0,2.0,100.0,0.0
842.0,1.0,10.0,2.0,100.0,4.567307
843.0,2.0,10.0,2.0,100.0,32.62923
844.0,3.0,10.0,2.0,100.0,14.611639
845.0,5.0,10.0,2.0,100.0,6.5276556
846.0,10.0,10.0,2.0,100.0,2.5751853
847.0,20.0,10.0,2.0,100.0,3.2290711
848.0,40.0,10.0,2.0,100.0,2.1021352
849.0,49.0,10.0,2.0,100.0,2.1213202
850.0,0.0,10.0,2.0,100.0,0.0
851.0,0.5,10.0,2.0,100.0,45.62163
852.0,1.0,10.0,2.0,100.0,26.102364
853.0,2.0,10.0,2.0,100.0,0.0
854.0,3.0,10.0,2.0,100.0,10.011898
855.0,5.0,10.0,2.0,100.0,12.2256565
856.0,10.0,10.0,2.0,100.0,9.138662
857.0,20.0,10.0,2.0,100.0,2.2327774
858.0,40.0,10.0,2.0,100.0,2.5671923
859.0,49.0,10.0,2.0,100.0,3.4771364
860.0,0.0,10.0,2.0,100.0,0.0
861.0,0.5,10.0,2.0,100.0,0.0
862.0,1.0,10.0,2.0,100.0,30.664854
863.0,2.0,10.0,2.0,100.0,11.612801
864.0,3.0,10.0,2.0,100.0,5.4335823
865.0,5.0,10.0,2.0,100.0,23.851727
866.0,10.0,10.0,2.0,100.0,4.553602
867.0,20.0,10.0,2.0,100.0,3.0389626
868.0,40.0,10.0,2.0,100.0,3.6456106
869.0,49.0,10.0,2.0,100.0,4.7940025
870.0,0.0,10.0,2.0,100.0,0.0
871.0,0.5,10.0,2.0,100.0,35.303444
872.0,1.0,10.0,2.0,100.0,48.418316
873.0,2.0,10.0,2.0,100.0,17.454702
874.0,3.0,10.0,2.0,100.0,15.445758
875.0,5.0,10.0,2.0,100.0,11.637379
876.0,10.0,10.0,2.0,100.0,6.649979
877.0,20.0,10.0,2.0,100.0,3.1290336
878.0,40.0,10.0,2.0,100.0,3.2620072
879.0,49.0,10.0,2.0,100.0,2.2924623
880.0,0.0,10.0,2.0,100.0,0.0
881.0,0.5,10.0,2.0,100.0,0.0
882.0,1.0,10.0,2.0,100.0,23.692474
883.0,2.0,10.0,2.0,100.0,19.621416
884.0,3.0,10.0,2.0,100.0,5.495453
885.0,5.0,10.0,2.0,100.0,17.962925
886.0,10.0,10.0,2.0,100.0,15.878007
887.0,20.0,10.0,2.0,100.0,5.572696
888.0,40.0,10.0,2.0,100.0,2.6217394
889.0,49.0,10.0,2.0,100.0,3.3897605
890.0,0.0,10.0,2.0,100.0,0.0
891.0,0.5,10.0,2.0,100.0,0.0
892.0,1.0,10.0,2.0,100.0,28.219378
893.0,2.0,10.0,2.0,100.0,5.289845
894.0,3.0,10.0,2.0,100.0,7.2501106
895.0,5.0,10.0,2.0,100.0,6.2367806
896.0,10.0,10.0,2.0,100.0,4.9608765
897.0,20.0,10.0,2.0,100.0,3.4256818
898.0,40.0,10.0,2.0,100.0,2.5692003
899.0,49.0,10.0,2.0,100.0,3.38037
900.0,0.0,10.0,2.0,100.0,0.0
901.0,0.5,10.0,2.0,100.0,37.20663
902.0,1.0,10.0,2.0,100.0,28.219378
903.0,2.0,10.0,2.0,100.0,11.657226
904.0,3.0,10.0,2.0,100.0,56.568542
905.0,5.0,10.0,2.0,100.0,14.638501
906.0,10.0,10.0,2.0,100.0,5.8932815
907.0,20.0,10.0,2.0,100.0,2.8443763
908.0,40.0,10.0,2.0,100.0,3.2802796
909.0,49.0,10.0,2.0,100.0,2.180593
910.0,0.0,10.0,2.0,100.0,0.0
911.0,0.5,10.0,2.0,100.0,54.28014
912.0,1.0,10.0,2.0,100.0,0.0
913.0,2.0,10.0,2.0,100.0,18.343937
914.0,3.0,10.0,2.0,100.0,46.801
915.0,5.0,10.0,2.0,100.0,10.121484
916.0,10.0,10.0,2.0,100.0,8.542231
917.0,20.0,10.0,2.0,100.0,4.1665683
918.0,40.0,10.0,2.0,100.0,2.447545
919.0,49.0,10.0,2.0,100.0,3.6031177
920.0,0.0,10.0,2.0,100.0,0.0
921.0,0.5,10.0,2.0,100.0,0.0
922.0,1.0,10.0,2.0,100.0,39.95414
923.0,2.0,10.0,2.0,100.0,41.404507
924.0,3.0,10.0,2.0,100.0,20.064182
925.0,5.0,10.0,2.0,100.0,11.773322
926.0,10.0,10.0,2.0,100.0,4.0473394
927.0,20.0,10.0,2.0,100.0,2.745544
928.0,40.0,10.0,2.0,100.0,2.0584347
929.0,49.0,10.0,2.0,100.0,1.9910867
930.0,0.0,10.0,2.0,100.0,0.0
931.0,0.5,10.0,2.0,100.0,0.0
932.0,1.0,10.0,2.0,100.0,14.962984
933.0,2.0,10.0,2.0,100.0,30.730007
934.0,3.0,10.0,2.0,100.0,11.643515
935.0,5.0,10.0,2.0,100.0,3.7403846
936.0,10.0,10.0,2.0,100.0,5.9981685
937.0,20.0,10.0,2.0,100.0,4.8205914
938.0,40.0,10.0,2.0,100.0,4.1612244
939.0,49.0,10.0,2.0,100.0,4.2926564
940.0,0.0,10.0,2.0,100.0,0.0
941.0,0.5,10.0,2.0,100.0,40.673496
942.0,1.0,10.0,2.0,100.0,14.899665
943.0,2.0,10.0,2.0,100.0,0.0
944.0,3.0,10.0,2.0,100.0,46.801
945.0,5.0,10.0,2.0,100.0,15.599145
946.0,10.0,10.0,2.0,100.0,16.306585
947.0,20.0,10.0,2.0,100.0,4.3144383
948.0,40.0,10.0,2.0,100.0,2.4475448
949.0,49.0,10.0,2.0,100.0,2.2114422
950.0,0.0,10.0,2.0,100.0,0.0
951.0,0.5,10.0,2.0,100.0,36.428013
952.0,1.0,10.0,2.0,100.0,14.537308
953.0,2.0,10.0,2.0,100.0,28.00595
954.0,3.0,10.0,2.0,100.0,8.271895
955.0,5.0,10.0,2.0,100.0,3.6865263
956.0,10.0,10.0,2.0,100.0,7.7393436
957.0,20.0,10.0,2.0,100.0,4.060209
958.0,40.0,10.0,2.0,100.0,3.1449127
959.0,49.0,10.0,2.0,100.0,2.7144835
960.0,0.0,10.0,2.0,100.0,0.0
961.0,0.5,10.0,2.0,100.0,0.0
962.0,1.0,10.0,2.0,100.0,13.612161
963.0,2.0,10.0,2.0,100.0,15.901607
964.0,3.0,10.0,2.0,100.0,17.902514
965.0,5.0,10.0,2.0,100.0,6.368995
966.0,10.0,10.0,2.0,100.0,3.3872828
967.0,20.0,10.0,2.0,100.0,3.9509866
968.0,40.0,10.0,2.0,100.0,3.6490808
969.0,49.0,10.0,2.0,100.0,3.7124934
970.0,0.0,10.0,2.0,100.0,18.051624
971.0,0.5,10.0,2.0,100.0,34.42867
972.0,1.0,10.0,2.0,100.0,44.43347
973.0,2.0,10.0,2.0,100.0,8.816505
974.0,3.0,10.0,2.0,100.0,10.827654
975.0,5.0,10.0,2.0,100.0,4.240907
976.0,10.0,10.0,2.0,100.0,2.7720408
977.0,20.0,10.0,2.0,100.0,2.7455442
978.0,40.0,10.0,2.0,100.0,2.4063408
979.0,49.0,10.0,2.0,100.0,3.7161167
980.0,0.0,10.0,2.0,100.0,0.0
981.0,0.5,10.0,2.0,100.0,22.770596
982.0,1.0,10.0,2.0,100.0,56.568542
983.0,2.0,10.0,2.0,100.0,43.661575
984.0,3.0,10.0,2.0,100.0,9.384062
985.0,5.0,10.0,2.0,100.0,21.771542
986.0,10.0,10.0,2.0,100.0,3.3705037
987.0,20.0,10.0,2.0,100.0,3.5483062
988.0,40.0,10.0,2.0,100.0,4.2370253
989.0,49.0,10.0,2.0,100.0,4.2370253
990.0,0.0,10.0,2.0,100.0,0.0
991.0,0.5,10.0,2.0,100.0,47.60602
992.0,1.0,10.0,2.0,100.0,31.005375
993.0,2.0,10.0,2.0,100.0,15.22842
994.0,3.0,10.0,2.0,100.0,17.107502
995.0,5.0,10.0,2.0,100.0,13.948886
996.0,10.0,10.0,2.0,100.0,8.043066
997.0,20.0,10.0,2.0,100.0,2.1190743
998.0,40.0,10.0,2.0,100.0,3.4619784
999.0,49.0,10.0,2.0,100.0,2.7404163
1000.0,0.0,20.0,2.0,100.0,0.0
1001.0,0.5,20.0,2.0,100.0,0.0
1002.0,1.0,20.0,2.0,100.0,35.921207
1003.0,2.0,20.0,2.0,100.0,14.138278
1004.0,3.0,20.0,2.0,100.0,35.44479
1005.0,5.0,20.0,2.0,100.0,19.189531
1006.0,10.0,20.0,2.0,100.0,8.8369055
1007.0,20.0,20.0,2.0,100.0,4.151541
1008.0,40.0,20.0,2.0,100.0,2.0639138
1009.0,49.0,20.0,2.0,100.0,4.9734592
1010.0,0.0,20.0,2.0,100.0,0.0
1011.0,0.5,20.0,2.0,100.0,8.122685
1012.0,1.0,20.0,2.0,100.0,48.418316
1013.0,2.0,20.0,2.0,100.0,49.237522
1014.0,3.0,20.0,2.0,100.0,25.942244
1015.0,5.0,20.0,2.0,100.0,17.969551
1016.0,10.0,20.0,2.0,100.0,6.582806
1017.0,20.0,20.0,2.0,100.0,3.9400268
1018.0,40.0,20.0,2.0,100.0,3.112953
1019.0,49.0,20.0,2.0,100.0,2.6561882
1020.0,0.0,20.0,2.0,100.0,4.7157288
1021.0,0.5,20.0,2.0,100.0,52.576927
1022.0,1.0,20.0,2.0,100.0,24.859606
1023.0,2.0,20.0,2.0,100.0,28.746014
1024.0,3.0,20.0,2.0,100.0,11.498793
1025.0,5.0,20.0,2.0,100.0,10.337364
1026.0,10.0,20.0,2.0,100.0,3.05946
1027.0,20.0,20.0,2.0,100.0,3.2462306
1028.0,40.0,20.0,2.0,100.0,4.0473394
1029.0,49.0,20.0,2.0,100.0,3.2765732
1030.0,0.0,20.0,2.0,100.0,0.0
1031.0,0.5,20.0,2.0,100.0,0.0
1032.0,1.0,20.0,2.0,100.0,36.087856
1033.0,2.0,20.0,2.0,100.0,0.0
1034.0,3.0,20.0,2.0,100.0,18.554424
1035.0,5.0,20.0,2.0,100.0,6.479607
1036.0,10.0,20.0,2.0,100.0,7.2730627
1037.0,20.0,20.0,2.0,100.0,2.9029124
1038.0,40.0,20.0,2.0,100.0,3.2971723
1039.0,49.0,20.0,2.0,100.0,2.4635875
1040.0,0.0,20.0,2.0,100.0,51.675266
1041.0,0.5,20.0,2.0,100.0,31.533052
1042.0,1.0,20.0,2.0,100.0,25.179358
1043.0,2.0,20.0,2.0,100.0,46.003624
1044.0,3.0,20.0,2.0,100.0,7.9831553
1045.0,5.0,20.0,2.0,100.0,4.9759665
1046.0,10.0,20.0,2.0,100.0,11.382248
1047.0,20.0,20.0,2.0,100.0,5.2870016
1048.0,40.0,20.0,2.0,100.0,2.3431764
1049.0,49.0,20.0,2.0,100.0,4.781244
1050.0,0.0,20.0,2.0,100.0,42.57151
1051.0,0.5,20.0,2.0,100.0,0.0
1052.0,1.0,20.0,2.0,100.0,32.65731
1053.0,2.0,20.0,2.0,100.0,5.883053
1054.0,3.0,20.0,2.0,100.0,10.160615
1055.0,5.0,20.0,2.0,100.0,14.207979
1056.0,10.0,20.0,2.0,100.0,7.8568935
1057.0,20.0,20.0,2.0,100.0,4.6616273
1058.0,40.0,20.0,2.0,100.0,1.6126968
1059.0,49.0,20.0,2.0,100.0,3.1581678
1060.0,0.0,20.0,2.0,100.0,0.0
1061.0,0.5,20.0,2.0,100.0,0.0
1062.0,1.0,20.0,2.0,100.0,22.93469
1063.0,2.0,20.0,2.0,100.0,0.0
1064.0,3.0,20.0,2.0,100.0,8.506534
1065.0,5.0,20.0,2.0,100.0,32.746502
1066.0,10.0,20.0,2.0,100.0,3.991658
1067.0,20.0,20.0,2.0,100.0,4.147604
1068.0,40.0,20.0,2.0,100.0,2.0137866
1069.0,49.0,20.0,2.0,100.0,3.3601303
1070.0,0.0,20.0,2.0,100.0,0.0
1071.0,0.5,20.0,2.0,100.0,0.0
1072.0,1.0,20.0,2.0,100.0,49.237522
1073.0,2.0,20.0,2.0,100.0,22.568415
1074.0,3.0,20.0,2.0,100.0,43.661575
1075.0,5.0,20.0,2.0,100.0,7.0477185
1076.0,10.0,20.0,2.0,100.0,4.039281
1077.0,20.0,20.0,2.0,100.0,3.0150418
1078.0,40.0,20.0,2.0,100.0,6.137318
1079.0,49.0,20.0,2.0,100.0,2.5335689
1080.0,0.0,20.0,2.0,100.0,0.0
1081.0,0.5,20.0,2.0,100.0,48.211338
1082.0,1.0,20.0,2.0,100.0,34.703506
1083.0,2.0,20.0,2.0,100.0,37.872593
1084.0,3.0,20.0,2.0,100.0,4.781244
1085.0,5.0,20.0,2.0,100.0,4.2179203
1086.0,10.0,20.0,2.0,100.0,5.290113
1087.0,20.0,20.0,2.0,100.0,6.594764
1088.0,40.0,20.0,2.0,100.0,3.2118201
1089.0,49.0,20.0,2.0,100.0,2.6217396
1090.0,0.0,20.0,2.0,100.0,0.0
1091.0,0.5,20.0,2.0,100.0,0.0
1092.0,1.0,20.0,2.0,100.0,27.428696
1093.0,2.0,20.0,2.0,100.0,15.524175
1094.0,3.0,20.0,2.0,100.0,29.905407
1095.0,5.0,20.0,2.0,100.0,13.96083
1096.0,10.0,20.0,2.0,100.0,10.583005
1097.0,20.0,20.0,2.0,100.0,4.181542
1098.0,40.0,20.0,2.0,100.0,2.5546656
1099.0,49.0,20.0,2.0,100.0,2.6901958
1100.0,0.0,20.0,2.0,100.0,0.0
1101.0,0.5,20.0,2.0,100.0,0.0
1102.0,1.0,20.0,2.0,100.0,46.003624
1103.0,2.0,20.0,2.0,100.0,24.583193
1104.0,3.0,20.0,2.0,100.0,56.568542
1105.0,5.0,20.0,2.0,100.0,42.899105
1106.0,10.0,20.0,2.0,100.0,4.255619
1107.0,20.0,20.0,2.0,100.0,3.2696295
1108.0,40.0,20.0,2.0,100.0,2.9648738
1109.0,49.0,20.0,2.0,100.0,3.7135532
1110.0,0.0,20.0,2.0,100.0,0.0
1111.0,0.5,20.0,2.0,100.0,24.71649
1112.0,1.0,20.0,2.0,100.0,0.0
1113.0,2.0,20.0,2.0,100.0,43.154762
1114.0,3.0,20.0,2.0,100.0,19.849434
1115.0,5.0,20.0,2.0,100.0,7.900902
1116.0,10.0,20.0,2.0,100.0,6.977887
1117.0,20.0,20.0,2.0,100.0,3.0643883
1118.0,40.0,20.0,2.0,100.0,3.8388596
1119.0,49.0,20.0,2.0,100.0,3.5721471
1120.0,0.0,20.0,2.0,100.0,7.2730627
1121.0,0.5,20.0,2.0,100.0,46.801
1122.0,1.0,20.0,2.0,100.0,44.43347
1123.0,2.0,20.0,2.0,100.0,21.40353
1124.0,3.0,20.0,2.0,100.0,2.467889
1125.0,5.0,20.0,2.0,100.0,18.29921
1126.0,10.0,20.0,2.0,100.0,7.841614
1127.0,20.0,20.0,2.0,100.0,2.400049
1128.0,40.0,20.0,2.0,100.0,3.5686548
1129.0,49.0,20.0,2.0,100.0,3.4641016
1130.0,0.0,20.0,2.0,100.0,0.0
1131.0,0.5,20.0,2.0,100.0,46.800995
1132.0,1.0,20.0,2.0,100.0,37.20663
1133.0,2.0,20.0,2.0,100.0,24.684677
1134.0,3.0,20.0,2.0,100.0,22.294992
1135.0,5.0,20.0,2.0,100.0,9.505846
1136.0,10.0,20.0,2.0,100.0,11.898379
1137.0,20.0,20.0,2.0,100.0,3.0183265
1138.0,40.0,20.0,2.0,100.0,2.6633751
1139.0,49.0,20.0,2.0,100.0,3.1944761
1140.0,0.0,20.0,2.0,100.0,0.0
1141.0,0.5,20.0,2.0,100.0,28.041634
1142.0,1.0,20.0,2.0,100.0,28.746014
1143.0,2.0,20.0,2.0,100.0,8.797582
1144.0,3.0,20.0,2.0,100.0,39.378506
1145.0,5.0,20.0,2.0,100.0,11.241046
1146.0,10.0,20.0,2.0,100.0,23.191954
1147.0,20.0,20.0,2.0,100.0,5.779052
1148.0,40.0,20.0,2.0,100.0,3.0183265
1149.0,49.0,20.0,2.0,100.0,2.166033
1150.0,0.0,20.0,2.0,100.0,0.0
1151.0,0.5,20.0,2.0,100.0,2.0584347
1152.0,1.0,20.0,2.0,100.0,0.0
1153.0,2.0,20.0,2.0,100.0,37.35416
1154.0,3.0,20.0,2.0,100.0,38.183765
1155.0,5.0,20.0,2.0,100.0,3.1581678
1156.0,10.0,20.0,2.0,100.0,3.4073882
1157.0,20.0,20.0,2.0,100.0,5.998168
1158.0,40.0,20.0,2.0,100.0,4.305579
1159.0,49.0,20.0,2.0,100.0,3.144913
1160.0,0.0,20.0,2.0,100.0,0.0
1161.0,0.5,20.0,2.0,100.0,0.0
1162.0,1.0,20.0,2.0,100.0,41.404507
1163.0,2.0,20.0,2.0,100.0,14.348054
1164.0,3.0,20.0,2.0,100.0,15.526322
1165.0,5.0,20.0,2.0,100.0,8.477093
1166.0,10.0,20.0,2.0,100.0,5.4470477
1167.0,20.0,20.0,2.0,100.0,3.077935
1168.0,40.0,20.0,2.0,100.0,2.1542268
1169.0,49.0,20.0,2.0,100.0,2.5819888
1170.0,0.0,20.0,2.0,100.0,0.0
1171.0,0.5,20.0,2.0,100.0,6.852181
1172.0,1.0,20.0,2.0,100.0,31.085903
1173.0,2.0,20.0,2.0,100.0,5.8268676
1174.0,3.0,20.0,2.0,100.0,12.188988
1175.0,5.0,20.0,2.0,100.0,12.153065
1176.0,10.0,20.0,2.0,100.0,5.259911
1177.0,20.0,20.0,2.0,100.0,3.450869
1178.0,40.0,20.0,2.0,100.0,1.991087
1179.0,49.0,20.0,2.0,100.0,2.5351334
1180.0,0.0,20.0,2.0,100.0,21.071308
1181.0,0.5,20.0,2.0,100.0,42.899105
1182.0,1.0,20.0,2.0,100.0,29.263174
1183.0,2.0,20.0,2.0,100.0,26.583202
1184.0,3.0,20.0,2.0,100.0,20.273134
1185.0,5.0,20.0,2.0,100.0,8.191168
1186.0,10.0,20.0,2.0,100.0,3.467873
1187.0,20.0,20.0,2.0,100.0,6.948792
1188.0,40.0,20.0,2.0,100.0,2.4422176
1189.0,49.0,20.0,2.0,100.0,2.7047715
1190.0,0.0,20.0,2.0,100.0,0.0
1191.0,0.5,20.0,2.0,100.0,0.0
1192.0,1.0,20.0,2.0,100.0,6.329345
1193.0,2.0,20.0,2.0,100.0,13.759845
1194.0,3.0,20.0,2.0,100.0,4.8202996
1195.0,5.0,20.0,2.0,100.0,10.717327
1196.0,10.0,20.0,2.0,100.0,5.912054
1197.0,20.0,20.0,2.0,100.0,3.314407
1198.0,40.0,20.0,2.0,100.0,3.633824
1199.0,49.0,20.0,2.0,100.0,4.2706084
1200.0,0.0,20.0,2.0,100.0,0.0
1201.0,0.5,20.0,2.0,100.0,0.0
1202.0,1.0,20.0,2.0,100.0,33.56089
1203.0,2.0,20.0,2.0,100.0,19.442223
1204.0,3.0,20.0,2.0,100.0,18.007406
1205.0,5.0,20.0,2.0,100.0,44.060566
1206.0,10.0,20.0,2.0,100.0,3.4572217
1207.0,20.0,20.0,2.0,100.0,3.1788776
1208.0,40.0,20.0,2.0,100.0,2.5819888
1209.0,49.0,20.0,2.0,100.0,2.6249719
1210.0,0.0,20.0,2.0,100.0,0.0
1211.0,0.5,20.0,2.0,100.0,42.899105
1212.0,1.0,20.0,2.0,100.0,52.3259
1213.0,2.0,20.0,2.0,100.0,14.05347
1214.0,3.0,20.0,2.0,100.0,40.00833
1215.0,5.0,20.0,2.0,100.0,20.665592
1216.0,10.0,20.0,2.0,100.0,10.993685
1217.0,20.0,20.0,2.0,100.0,4.4424424
1218.0,40.0,20.0,2.0,100.0,3.2767122
1219.0,49.0,20.0,2.0,100.0,2.2562084
1220.0,0.0,20.0,2.0,100.0,0.0
1221.0,0.5,20.0,2.0,100.0,33.56089
1222.0,1.0,20.0,2.0,100.0,37.20663
1223.0,2.0,20.0,2.0,100.0,37.20663
1224.0,3.0,20.0,2.0,100.0,20.958008
1225.0,5.0,20.0,2.0,100.0,37.872593
1226.0,10.0,20.0,2.0,100.0,3.5686545
1227.0,20.0,20.0,2.0,100.0,3.7352889
1228.0,40.0,20.0,2.0,100.0,2.4270303
1229.0,49.0,20.0,2.0,100.0,4.428351
1230.0,0.0,20.0,2.0,100.0,0.0
1231.0,0.5,20.0,2.0,100.0,0.0
1232.0,1.0,20.0,2.0,100.0,39.95414
1233.0,2.0,20.0,2.0,100.0,29.966648
1234.0,3.0,20.0,2.0,100.0,3.7729692
1235.0,5.0,20.0,2.0,100.0,2.642434
1236.0,10.0,20.0,2.0,100.0,5.2602596
1237.0,20.0,20.0,2.0,100.0,4.0293045
1238.0,40.0,20.0,2.0,100.0,4.5155816
1239.0,49.0,20.0,2.0,100.0,2.3665988
1240.0,0.0,20.0,2.0,100.0,0.0
1241.0,0.5,20.0,2.0,100.0,40.611984
1242.0,1.0,20.0,2.0,100.0,17.813852
1243.0,2.0,20.0,2.0,100.0,3.1588006
1244.0,3.0,20.0,2.0,100.0,14.84363
1245.0,5.0,20.0,2.0,100.0,9.554627
1246.0,10.0,20.0,2.0,100.0,5.662517
1247.0,20.0,20.0,2.0,100.0,3.1849315
1248.0,40.0,20.0,2.0,100.0,3.2462306
1249.0,49.0,20.0,2.0,100.0,3.3249567
1250.0,0.0,20.0,2.0,100.0,45.610672
1251.0,0.5,20.0,2.0,100.0,54.280136
1252.0,1.0,20.0,2.0,100.0,14.224392
1253.0,2.0,20.0,2.0,100.0,10.862781
1254.0,3.0,20.0,2.0,100.0,9.325755
1255.0,5.0,20.0,2.0,100.0,14.570028
1256.0,10.0,20.0,2.0,100.0,6.6604133
1257.0,20.0,20.0,2.0,100.0,6.115344
1258.0,40.0,20.0,2.0,100.0,5.0379515
1259.0,49.0,20.0,2.0,100.0,2.912953
1260.0,0.0,20.0,2.0,100.0,0.0
1261.0,0.5,20.0,2.0,100.0,0.0
1262.0,1.0,20.0,2.0,100.0,42.14657
1263.0,2.0,20.0,2.0,100.0,16.735916
1264.0,3.0,20.0,2.0,100.0,16.305418
1265.0,5.0,20.0,2.0,100.0,19.805723
1266.0,10.0,20.0,2.0,100.0,6.774283
1267.0,20.0,20.0,2.0,100.0,3.3946736
1268.0,40.0,20.0,2.0,100.0,1.8257419
1269.0,49.0,20.0,2.0,100.0,2.5155642
1270.0,0.0,20.0,2.0,100.0,0.0
1271.0,0.5,20.0,2.0,100.0,38.552994
1272.0,1.0,20.0,2.0,100.0,31.085903
1273.0,2.0,20.0,2.0,100.0,11.455919
1274.0,3.0,20.0,2.0,100.0,3.0521777
1275.0,5.0,20.0,2.0,100.0,19.0
1276.0,10.0,20.0,2.0,100.0,23.270153
1277.0,20.0,20.0,2.0,100.0,3.2971723
1278.0,40.0,20.0,2.0,100.0,1.6951454
1279.0,49.0,20.0,2.0,100.0,2.0
1280.0,0.0,20.0,2.0,100.0,0.0
1281.0,0.5,20.0,2.0,100.0,27.006172
1282.0,1.0,20.0,2.0,100.0,43.92418
1283.0,2.0,20.0,2.0,100.0,49.237522
1284.0,3.0,20.0,2.0,100.0,3.902662
1285.0,5.0,20.0,2.0,100.0,12.918549
1286.0,10.0,20.0,2.0,100.0,5.297556
1287.0,20.0,20.0,2.0,100.0,3.9603295
1288.0,40.0,20.0,2.0,100.0,2.490919
1289.0,49.0,20.0,2.0,100.0,3.756367
1290.0,0.0,20.0,2.0,100.0,11.484376
1291.0,0.5,20.0,2.0,100.0,0.0
1292.0,1.0,20.0,2.0,100.0,37.806526
1293.0,2.0,20.0,2.0,100.0,12.202354
1294.0,3.0,20.0,2.0,100.0,12.096832
1295.0,5.0,20.0,2.0,100.0,10.129714
1296.0,10.0,20.0,2.0,100.0,6.315925
1297.0,20.0,20.0,2.0,100.0,3.467873
1298.0,40.0,20.0,2.0,100.0,2.4974294
1299.0,49.0,20.0,2.0,100.0,3.5483062
1300.0,0.0,20.0,2.0,100.0,0.0
1301.0,0.5,20.0,2.0,100.0,40.673496
1302.0,1.0,20.0,2.0,100.0,46.003624
1303.0,2.0,20.0,2.0,100.0,0.0
1304.0,3.0,20.0,2.0,100.0,21.751846
1305.0,5.0,20.0,2.0,100.0,23.420076
1306.0,10.0,20.0,2.0,100.0,6.6701508
1307.0,20.0,20.0,2.0,100.0,3.8223414
1308.0,40.0,20.0,2.0,100.0,3.284886
1309.0,49.0,20.0,2.0,100.0,2.7657049
1310.0,0.0,20.0,2.0,100.0,0.0
1311.0,0.5,20.0,2.0,100.0,46.003624
1312.0,1.0,20.0,2.0,100.0,6.7501187
1313.0,2.0,20.0,2.0,100.0,22.759613
1314.0,3.0,20.0,2.0,100.0,29.53529
1315.0,5.0,20.0,2.0,100.0,11.300308
1316.0,10.0,20.0,2.0,100.0,9.5583
1317.0,20.0,20.0,2.0,100.0,3.515721
1318.0,40.0,20.0,2.0,100.0,2.6811204
1319.0,49.0,20.0,2.0,100.0,1.5931139
1320.0,0.0,20.0,2.0,100.0,0.0
1321.0,0.5,20.0,2.0,100.0,46.801
1322.0,1.0,20.0,2.0,100.0,21.897488
1323.0,2.0,20.0,2.0,100.0,16.51262
1324.0,3.0,20.0,2.0,100.0,28.041634
1325.0,5.0,20.0,2.0,100.0,5.5634866
1326.0,10.0,20.0,2.0,100.0,13.833334
1327.0,20.0,20.0,2.0,100.0,4.047339
1328.0,40.0,20.0,2.0,100.0,3.4619782
1329.0,49.0,20.0,2.0,100.0,2.808999
1330.0,0.0,20.0,2.0,100.0,7.941292
1331.0,0.5,20.0,2.0,100.0,39.95414
1332.0,1.0,20.0,2.0,100.0,50.063293
1333.0,2.0,20.0,2.0,100.0,17.039171
1334.0,3.0,20.0,2.0,100.0,37.872593
1335.0,5.0,20.0,2.0,100.0,12.0254345
1336.0,10.0,20.0,2.0,100.0,9.201449
1337.0,20.0,20.0,2.0,100.0,3.4438777
1338.0,40.0,20.0,2.0,100.0,4.0908794
1339.0,49.0,20.0,2.0,100.0,2.9984124
1340.0,0.0,20.0,2.0,100.0,0.0
1341.0,0.5,20.0,2.0,100.0,0.0
1342.0,1.0,20.0,2.0,100.0,39.247078
1343.0,2.0,20.0,2.0,100.0,22.494444
1344.0,3.0,20.0,2.0,100.0,32.316147
1345.0,5.0,20.0,2.0,100.0,2.0519567
1346.0,10.0,20.0,2.0,100.0,3.8661828
1347.0,20.0,20.0,2.0,100.0,5.17303
1348.0,40.0,20.0,2.0,100.0,2.600045
1349.0,49.0,20.0,2.0,100.0,3.1119463
1350.0,0.0,20.0,2.0,100.0,0.0
1351.0,0.5,20.0,2.0,100.0,26.012817
1352.0,1.0,20.0,2.0,100.0,31.085901
1353.0,2.0,20.0,2.0,100.0,24.494898
1354.0,3.0,20.0,2.0,100.0,34.122326
1355.0,5.0,20.0,2.0,100.0,3.8729835
1356.0,10.0,20.0,2.0,100.0,12.971764
1357.0,20.0,20.0,2.0,100.0,2.4494898
1358.0,40.0,20.0,2.0,100.0,3.509386
1359.0,49.0,20.0,2.0,100.0,2.8089993
1360.0,0.0,20.0,2.0,100.0,0.0
1361.0,0.5,20.0,2.0,100.0,0.0
1362.0,1.0,20.0,2.0,100.0,0.0
1363.0,2.0,20.0,2.0,100.0,13.169229
1364.0,3.0,20.0,2.0,100.0,13.306641
1365.0,5.0,20.0,2.0,100.0,10.858396
1366.0,10.0,20.0,2.0,100.0,4.0906396
1367.0,20.0,20.0,2.0,100.0,9.994544
1368.0,40.0,20.0,2.0,100.0,3.9135394
1369.0,49.0,20.0,2.0,100.0,2.8573592
1370.0,0.0,20.0,2.0,100.0,16.316805
1371.0,0.5,20.0,2.0,100.0,0.0
1372.0,1.0,20.0,2.0,100.0,30.664854
1373.0,2.0,20.0,2.0,100.0,25.858591
1374.0,3.0,20.0,2.0,100.0,28.612352
1375.0,5.0,20.0,2.0,100.0,21.501938
1376.0,10.0,20.0,2.0,100.0,16.245146
1377.0,20.0,20.0,2.0,100.0,3.3872828
1378.0,40.0,20.0,2.0,100.0,3.1944766
1379.0,49.0,20.0,2.0,100.0,3.4615684
1380.0,0.0,20.0,2.0,100.0,0.0
1381.0,0.5,20.0,2.0,100.0,30.270998
1382.0,1.0,20.0,2.0,100.0,37.872593
1383.0,2.0,20.0,2.0,100.0,26.956757
1384.0,3.0,20.0,2.0,100.0,6.8966737
1385.0,5.0,20.0,2.0,100.0,8.7004
1386.0,10.0,20.0,2.0,100.0,4.6880727
1387.0,20.0,20.0,2.0,100.0,4.422166
1388.0,40.0,20.0,2.0,100.0,1.8682815
1389.0,49.0,20.0,2.0,100.0,2.9350264
1390.0,0.0,20.0,2.0,100.0,0.0
1391.0,0.5,20.0,2.0,100.0,34.698704
1392.0,1.0,20.0,2.0,100.0,20.490648
1393.0,2.0,20.0,2.0,100.0,41.789154
1394.0,3.0,20.0,2.0,100.0,18.427464
1395.0,5.0,20.0,2.0,100.0,8.931841
1396.0,10.0,20.0,2.0,100.0,6.7993207
1397.0,20.0,20.0,2.0,100.0,2.8055916
1398.0,40.0,20.0,2.0,100.0,3.5861251
1399.0,49.0,20.0,2.0,100.0,3.2290711
1400.0,0.0,20.0,2.0,100.0,0.0
1401.0,0.5,20.0,2.0,100.0,39.247078
1402.0,1.0,20.0,2.0,100.0,49.237522
1403.0,2.0,20.0,2.0,100.0,7.8039155
1404.0,3.0,20.0,2.0,100.0,27.69597
1405.0,5.0,20.0,2.0,100.0,14.49521
1406.0,10.0,20.0,2.0,100.0,5.3541265
1407.0,20.0,20.0,2.0,100.0,9.679407
1408.0,40.0,20.0,2.0,100.0,3.1788776
1409.0,49.0,20.0,2.0,100.0,3.1201434
1410.0,0.0,20.0,2.0,100.0,25.777897
1411.0,0.5,20.0,2.0,100.0,0.0
1412.0,1.0,20.0,2.0,100.0,20.281355
1413.0,2.0,20.0,2.0,100.0,2.8867514
1414.0,3.0,20.0,2.0,100.0,13.6565
1415.0,5.0,20.0,2.0,100.0,19.962465
1416.0,10.0,20.0,2.0,100.0,5.627314
1417.0,20.0,20.0,2.0,100.0,3.203348
1418.0,40.0,20.0,2.0,100.0,2.662795
1419.0,49.0,20.0,2.0,100.0,2.7733912
1420.0,0.0,20.0,2.0,100.0,0.0
1421.0,0.5,20.0,2.0,100.0,0.0
1422.0,1.0,20.0,2.0,100.0,18.189587
1423.0,2.0,20.0,2.0,100.0,8.797582
1424.0,3.0,20.0,2.0,100.0,26.274195
1425.0,5.0,20.0,2.0,100.0,4.423133
1426.0,10.0,20.0,2.0,100.0,5.6477814
1427.0,20.0,20.0,2.0,100.0,4.061617
1428.0,40.0,20.0,2.0,100.0,2.6898503
1429.0,49.0,20.0,2.0,100.0,4.255028
1430.0,0.0,20.0,2.0,100.0,0.0
1431.0,0.5,20.0,2.0,100.0,15.391711
1432.0,1.0,20.0,2.0,100.0,54.280136
1433.0,2.0,20.0,2.0,100.0,45.214306
1434.0,3.0,20.0,2.0,100.0,49.237522
1435.0,5.0,20.0,2.0,100.0,13.719411
1436.0,10.0,20.0,2.0,100.0,9.980536
1437.0,20.0,20.0,2.0,100.0,3.0150416
1438.0,40.0,20.0,2.0,100.0,3.8661828
1439.0,49.0,20.0,2.0,100.0,2.0470653
1440.0,0.0,20.0,2.0,100.0,25.051376
1441.0,0.5,20.0,2.0,100.0,0.0
1442.0,1.0,20.0,2.0,100.0,8.203104
1443.0,2.0,20.0,2.0,100.0,12.660399
1444.0,3.0,20.0,2.0,100.0,23.608496
1445.0,5.0,20.0,2.0,100.0,17.01633
1446.0,10.0,20.0,2.0,100.0,4.341621
1447.0,20.0,20.0,2.0,100.0,5.1463866
1448.0,40.0,20.0,2.0,100.0,2.7857196
1449.0,49.0,20.0,2.0,100.0,3.3638952
1450.0,0.0,20.0,2.0,100.0,0.0
1451.0,0.5,20.0,2.0,100.0,37.434387
1452.0,1.0,20.0,2.0,100.0,0.0
1453.0,2.0,20.0,2.0,100.0,38.99145
1454.0,3.0,20.0,2.0,100.0,22.847319
1455.0,5.0,20.0,2.0,100.0,28.746014
1456.0,10.0,20.0,2.0,100.0,4.6053004
1457.0,20.0,20.0,2.0,100.0,4.714951
1458.0,40.0,20.0,2.0,100.0,5.092478
1459.0,49.0,20.0,2.0,100.0,1.793467
1460.0,0.0,20.0,2.0,100.0,0.0
1461.0,0.5,20.0,2.0,100.0,2.0505311
1462.0,1.0,20.0,2.0,100.0,11.71893
1463.0,2.0,20.0,2.0,100.0,45.254833
1464.0,3.0,20.0,2.0,100.0,48.08326
1465.0,5.0,20.0,2.0,100.0,28.554043
1466.0,10.0,20.0,2.0,100.0,7.134244
1467.0,20.0,20.0,2.0,100.0,4.973262
1468.0,40.0,20.0,2.0,100.0,3.1922526
1469.0,49.0,20.0,2.0,100.0,3.1418695
1470.0,0.0,20.0,2.0,100.0,0.0
1471.0,0.5,20.0,2.0,100.0,36.555893
1472.0,1.0,20.0,2.0,100.0,43.92418
1473.0,2.0,20.0,2.0,100.0,35.92121
1474.0,3.0,20.0,2.0,100.0,22.494444
1475.0,5.0,20.0,2.0,100.0,9.386752
1476.0,10.0,20.0,2.0,100.0,10.76388
1477.0,20.0,20.0,2.0,100.0,7.5237
1478.0,40.0,20.0,2.0,100.0,4.55634
1479.0,49.0,20.0,2.0,100.0,2.940939
1480.0,0.0,20.0,2.0,100.0,0.0
1481.0,0.5,20.0,2.0,100.0,0.0
1482.0,1.0,20.0,2.0,100.0,31.021498
1483.0,2.0,20.0,2.0,100.0,38.734135
1484.0,3.0,20.0,2.0,100.0,3.5183923
1485.0,5.0,20.0,2.0,100.0,10.819736
1486.0,10.0,20.0,2.0,100.0,11.424702
1487.0,20.0,20.0,2.0,100.0,4.8015566
1488.0,40.0,20.0,2.0,100.0,2.0584347
1489.0,49.0,20.0,2.0,100.0,2.8837116
1490.0,0.0,20.0,2.0,100.0,0.0
1491.0,0.5,20.0,2.0,100.0,0.0
1492.0,1.0,20.0,2.0,100.0,30.270998
1493.0,2.0,20.0,2.0,100.0,37.872593
1494.0,3.0,20.0,2.0,100.0,23.480488
1495.0,5.0,20.0,2.0,100.0,17.09451
1496.0,10.0,20.0,2.0,100.0,7.5690756
1497.0,20.0,20.0,2.0,100.0,4.120978
1498.0,40.0,20.0,2.0,100.0,2.1425397
1499.0,49.0,20.0,2.0,100.0,2.6058543
1500.0,0.0,30.0,2.0,100.0,16.473042
1501.0,0.5,30.0,2.0,100.0,47.34272
1502.0,1.0,30.0,2.0,100.0,22.524061
1503.0,2.0,30.0,2.0,100.0,23.62908
1504.0,3.0,30.0,2.0,100.0,12.378939
1505.0,5.0,30.0,2.0,100.0,12.918549
1506.0,10.0,30.0,2.0,100.0,4.4347115
1507.0,20.0,30.0,2.0,100.0,5.4752192
1508.0,40.0,30.0,2.0,100.0,2.7923293
1509.0,49.0,30.0,2.0,100.0,2.5865955
1510.0,0.0,30.0,2.0,100.0,0.0
1511.0,0.5,30.0,2.0,100.0,0.0
1512.0,1.0,30.0,2.0,100.0,0.0
1513.0,2.0,30.0,2.0,100.0,19.61292
1514.0,3.0,30.0,2.0,100.0,46.003624
1515.0,5.0,30.0,2.0,100.0,9.319931
1516.0,10.0,30.0,2.0,100.0,3.5703294
1517.0,20.0,30.0,2.0,100.0,3.9440532
1518.0,40.0,30.0,2.0,100.0,2.901905
1519.0,49.0,30.0,2.0,100.0,3.1944764
1520.0,0.0,30.0,2.0,100.0,0.0
1521.0,0.5,30.0,2.0,100.0,28.360771
1522.0,1.0,30.0,2.0,100.0,7.189639
1523.0,2.0,30.0,2.0,100.0,13.6565
1524.0,3.0,30.0,2.0,100.0,6.8271737
1525.0,5.0,30.0,2.0,100.0,5.7417173
1526.0,10.0,30.0,2.0,100.0,6.273965
1527.0,20.0,30.0,2.0,100.0,5.1119337
1528.0,40.0,30.0,2.0,100.0,2.7382176
1529.0,49.0,30.0,2.0,100.0,3.6794035
1530.0,0.0,30.0,2.0,100.0,0.0
1531.0,0.5,30.0,2.0,100.0,0.0
1532.0,1.0,30.0,2.0,100.0,0.0
1533.0,2.0,30.0,2.0,100.0,7.399139
1534.0,3.0,30.0,2.0,100.0,34.703506
1535.0,5.0,30.0,2.0,100.0,10.908712
1536.0,10.0,30.0,2.0,100.0,15.6205
1537.0,20.0,30.0,2.0,100.0,3.4720793
1538.0,40.0,30.0,2.0,100.0,2.1984844
1539.0,49.0,30.0,2.0,100.0,2.0281272
1540.0,0.0,30.0,2.0,100.0,0.0
1541.0,0.5,30.0,2.0,100.0,40.673496
1542.0,1.0,30.0,2.0,100.0,13.405755
1543.0,2.0,30.0,2.0,100.0,59.39697
1544.0,3.0,30.0,2.0,100.0,37.287174
1545.0,5.0,30.0,2.0,100.0,27.646578
1546.0,10.0,30.0,2.0,100.0,4.404252
1547.0,20.0,30.0,2.0,100.0,8.326664
1548.0,40.0,30.0,2.0,100.0,3.0339212
1549.0,49.0,30.0,2.0,100.0,3.679404
1550.0,0.0,30.0,2.0,100.0,0.0
1551.0,0.5,30.0,2.0,100.0,47.60602
1552.0,1.0,30.0,2.0,100.0,0.0
1553.0,2.0,30.0,2.0,100.0,46.003624
1554.0,3.0,30.0,2.0,100.0,16.967346
1555.0,5.0,30.0,2.0,100.0,14.636874
1556.0,10.0,30.0,2.0,100.0,4.553387
1557.0,20.0,30.0,2.0,100.0,8.677033
1558.0,40.0,30.0,2.0,100.0,3.7608232
1559.0,49.0,30.0,2.0,100.0,2.5865955
1560.0,0.0,30.0,2.0,100.0,5.8221507
1561.0,0.5,30.0,2.0,100.0,0.0
1562.0,1.0,30.0,2.0,100.0,38.552994
1563.0,2.0,30.0,2.0,100.0,16.852299
1564.0,3.0,30.0,2.0,100.0,48.08326
1565.0,5.0,30.0,2.0,100.0,12.626503
1566.0,10.0,30.0,2.0,100.0,9.803627
1567.0,20.0,30.0,2.0,100.0,8.579692
1568.0,40.0,30.0,2.0,100.0,3.3763885
1569.0,49.0,30.0,2.0,100.0,2.467889
1570.0,0.0,30.0,2.0,100.0,0.0
1571.0,0.5,30.0,2.0,100.0,36.555893
1572.0,1.0,30.0,2.0,100.0,0.0
1573.0,2.0,30.0,2.0,100.0,14.487193
1574.0,3.0,30.0,2.0,100.0,31.069813
1575.0,5.0,30.0,2.0,100.0,11.095545
1576.0,10.0,30.0,2.0,100.0,5.4160256
1577.0,20.0,30.0,2.0,100.0,5.691874
1578.0,40.0,30.0,2.0,100.0,3.5251813
1579.0,49.0,30.0,2.0,100.0,4.3232484
1580.0,0.0,30.0,2.0,100.0,0.0
1581.0,0.5,30.0,2.0,100.0,0.0
1582.0,1.0,30.0,2.0,100.0,28.536526
1583.0,2.0,30.0,2.0,100.0,24.179882
1584.0,3.0,30.0,2.0,100.0,11.586117
1585.0,5.0,30.0,2.0,100.0,11.095545
1586.0,10.0,30.0,2.0,100.0,4.9562187
1587.0,20.0,30.0,2.0,100.0,4.139243
1588.0,40.0,30.0,2.0,100.0,3.091206
1589.0,49.0,30.0,2.0,100.0,3.2118201
1590.0,0.0,30.0,2.0,100.0,0.0
1591.0,0.5,30.0,2.0,100.0,0.0
1592.0,1.0,30.0,2.0,100.0,42.44212
1593.0,2.0,30.0,2.0,100.0,14.047538
1594.0,3.0,30.0,2.0,100.0,16.609234
1595.0,5.0,30.0,2.0,100.0,4.163332
1596.0,10.0,30.0,2.0,100.0,4.297286
1597.0,20.0,30.0,2.0,100.0,10.413666
1598.0,40.0,30.0,2.0,100.0,2.32174
1599.0,49.0,30.0,2.0,100.0,1.8484228
1600.0,0.0,30.0,2.0,100.0,0.0
1601.0,0.5,30.0,2.0,100.0,46.801
1602.0,1.0,30.0,2.0,100.0,38.552994
1603.0,2.0,30.0,2.0,100.0,17.64464
1604.0,3.0,30.0,2.0,100.0,22.588451
1605.0,5.0,30.0,2.0,100.0,14.321701
1606.0,10.0,30.0,2.0,100.0,13.199928
1607.0,20.0,30.0,2.0,100.0,2.2321415
1608.0,40.0,30.0,2.0,100.0,3.9351358
1609.0,49.0,30.0,2.0,100.0,3.9277096
1610.0,0.0,30.0,2.0,100.0,0.0
1611.0,0.5,30.0,2.0,100.0,39.247078
1612.0,1.0,30.0,2.0,100.0,0.0
1613.0,2.0,30.0,2.0,100.0,39.247078
1614.0,3.0,30.0,2.0,100.0,29.06315
1615.0,5.0,30.0,2.0,100.0,9.827076
1616.0,10.0,30.0,2.0,100.0,4.8493795
1617.0,20.0,30.0,2.0,100.0,8.21676
1618.0,40.0,30.0,2.0,100.0,3.1449127
1619.0,49.0,30.0,2.0,100.0,3.1288135
1620.0,0.0,30.0,2.0,100.0,14.038907
1621.0,0.5,30.0,2.0,100.0,0.0
1622.0,1.0,30.0,2.0,100.0,10.482886
1623.0,2.0,30.0,2.0,100.0,13.373749
1624.0,3.0,30.0,2.0,100.0,29.263174
1625.0,5.0,30.0,2.0,100.0,10.473633
1626.0,10.0,30.0,2.0,100.0,4.452435
1627.0,20.0,30.0,2.0,100.0,4.1098022
1628.0,40.0,30.0,2.0,100.0,2.0407114
1629.0,49.0,30.0,2.0,100.0,1.8734678
1630.0,0.0,30.0,2.0,100.0,0.0
1631.0,0.5,30.0,2.0,100.0,0.0
1632.0,1.0,30.0,2.0,100.0,19.977766
1633.0,2.0,30.0,2.0,100.0,29.569128
1634.0,3.0,30.0,2.0,100.0,20.046612
1635.0,5.0,30.0,2.0,100.0,5.3674507
1636.0,10.0,30.0,2.0,100.0,4.8941174
1637.0,20.0,30.0,2.0,100.0,2.825324
1638.0,40.0,30.0,2.0,100.0,4.7154317
1639.0,49.0,30.0,2.0,100.0,2.3857284
1640.0,0.0,30.0,2.0,100.0,0.0
1641.0,0.5,30.0,2.0,100.0,39.95414
1642.0,1.0,30.0,2.0,100.0,28.307833
1643.0,2.0,30.0,2.0,100.0,52.3259
1644.0,3.0,30.0,2.0,100.0,29.19475
1645.0,5.0,30.0,2.0,100.0,15.795569
1646.0,10.0,30.0,2.0,100.0,6.036519
1647.0,20.0,30.0,2.0,100.0,2.8267431
1648.0,40.0,30.0,2.0,100.0,3.5308166
1649.0,49.0,30.0,2.0,100.0,5.589105
1650.0,0.0,30.0,2.0,100.0,0.0
1651.0,0.5,30.0,2.0,100.0,39.247078
1652.0,1.0,30.0,2.0,100.0,12.030411
1653.0,2.0,30.0,2.0,100.0,0.0
1654.0,3.0,30.0,2.0,100.0,28.536528
1655.0,5.0,30.0,2.0,100.0,5.990902
1656.0,10.0,30.0,2.0,100.0,9.46338
1657.0,20.0,30.0,2.0,100.0,4.151541
1658.0,40.0,30.0,2.0,100.0,2.4920928
1659.0,49.0,30.0,2.0,100.0,3.1401105
1660.0,0.0,30.0,2.0,100.0,0.0
1661.0,0.5,30.0,2.0,100.0,48.418316
1662.0,1.0,30.0,2.0,100.0,0.0
1663.0,2.0,30.0,2.0,100.0,9.29755
1664.0,3.0,30.0,2.0,100.0,15.136416
1665.0,5.0,30.0,2.0,100.0,7.9940453
1666.0,10.0,30.0,2.0,100.0,12.349089
1667.0,20.0,30.0,2.0,100.0,2.6157417
1668.0,40.0,30.0,2.0,100.0,5.2326813
1669.0,49.0,30.0,2.0,100.0,3.3302367
1670.0,0.0,30.0,2.0,100.0,0.0
1671.0,0.5,30.0,2.0,100.0,0.0
1672.0,1.0,30.0,2.0,100.0,0.0
1673.0,2.0,30.0,2.0,100.0,23.843239
1674.0,3.0,30.0,2.0,100.0,32.316147
1675.0,5.0,30.0,2.0,100.0,14.177447
1676.0,10.0,30.0,2.0,100.0,8.373238
1677.0,20.0,30.0,2.0,100.0,5.17018
1678.0,40.0,30.0,2.0,100.0,2.8232987
1679.0,49.0,30.0,2.0,100.0,2.8643813
1680.0,0.0,30.0,2.0,100.0,0.0
1681.0,0.5,30.0,2.0,100.0,28.112867
1682.0,1.0,30.0,2.0,100.0,47.60602
1683.0,2.0,30.0,2.0,100.0,6.5967026
1684.0,3.0,30.0,2.0,100.0,8.88649
1685.0,5.0,30.0,2.0,100.0,18.832596
1686.0,10.0,30.0,2.0,100.0,8.038104
1687.0,20.0,30.0,2.0,100.0,5.9214954
1688.0,40.0,30.0,2.0,100.0,3.3889961
1689.0,49.0,30.0,2.0,100.0,3.4337263
1690.0,0.0,30.0,2.0,100.0,0.0
1691.0,0.5,30.0,2.0,100.0,0.0
1692.0,1.0,30.0,2.0,100.0,11.089171
1693.0,2.0,30.0,2.0,100.0,41.30779
1694.0,3.0,30.0,2.0,100.0,20.862362
1695.0,5.0,30.0,2.0,100.0,16.017847
1696.0,10.0,30.0,2.0,100.0,4.226144
1697.0,20.0,30.0,2.0,100.0,4.526068
1698.0,40.0,30.0,2.0,100.0,2.7657046
1699.0,49.0,30.0,2.0,100.0,2.63902
1700.0,0.0,30.0,2.0,100.0,0.0
1701.0,0.5,30.0,2.0,100.0,0.0
1702.0,1.0,30.0,2.0,100.0,0.0
1703.0,2.0,30.0,2.0,100.0,36.555893
1704.0,3.0,30.0,2.0,100.0,10.174304
1705.0,5.0,30.0,2.0,100.0,24.986662
1706.0,10.0,30.0,2.0,100.0,10.092627
1707.0,20.0,30.0,2.0,100.0,2.3447464
1708.0,40.0,30.0,2.0,100.0,1.8490463
1709.0,49.0,30.0,2.0,100.0,5.0110173
1710.0,0.0,30.0,2.0,100.0,0.0
1711.0,0.5,30.0,2.0,100.0,0.0
1712.0,1.0,30.0,2.0,100.0,33.709545
1713.0,2.0,30.0,2.0,100.0,14.583096
1714.0,3.0,30.0,2.0,100.0,17.339743
1715.0,5.0,30.0,2.0,100.0,5.764613
1716.0,10.0,30.0,2.0,100.0,8.938171
1717.0,20.0,30.0,2.0,100.0,3.1944764
1718.0,40.0,30.0,2.0,100.0,3.1101778
1719.0,49.0,30.0,2.0,100.0,3.7563672
1720.0,0.0,30.0,2.0,100.0,0.0
1721.0,0.5,30.0,2.0,100.0,0.0
1722.0,1.0,30.0,2.0,100.0,38.552994
1723.0,2.0,30.0,2.0,100.0,10.115994
1724.0,3.0,30.0,2.0,100.0,24.704926
1725.0,5.0,30.0,2.0,100.0,14.591257
1726.0,10.0,30.0,2.0,100.0,8.065664
1727.0,20.0,30.0,2.0,100.0,4.8511167
1728.0,40.0,30.0,2.0,100.0,3.9981613
1729.0,49.0,30.0,2.0,100.0,5.3541265
1730.0,0.0,30.0,2.0,100.0,0.0
1731.0,0.5,30.0,2.0,100.0,9.814955
1732.0,1.0,30.0,2.0,100.0,28.536526
1733.0,2.0,30.0,2.0,100.0,28.041634
1734.0,3.0,30.0,2.0,100.0,5.613954
1735.0,5.0,30.0,2.0,100.0,15.6205
1736.0,10.0,30.0,2.0,100.0,11.972191
1737.0,20.0,30.0,2.0,100.0,5.4661493
1738.0,40.0,30.0,2.0,100.0,4.745926
1739.0,49.0,30.0,2.0,100.0,2.2568932
1740.0,0.0,30.0,2.0,100.0,0.0
1741.0,0.5,30.0,2.0,100.0,35.92121
1742.0,1.0,30.0,2.0,100.0,28.219378
1743.0,2.0,30.0,2.0,100.0,44.43347
1744.0,3.0,30.0,2.0,100.0,35.303444
1745.0,5.0,30.0,2.0,100.0,16.17317
1746.0,10.0,30.0,2.0,100.0,10.467638
1747.0,20.0,30.0,2.0,100.0,6.227991
1748.0,40.0,30.0,2.0,100.0,4.134437
1749.0,49.0,30.0,2.0,100.0,2.643951
1750.0,0.0,30.0,2.0,100.0,0.0
1751.0,0.5,30.0,2.0,100.0,48.418316
1752.0,1.0,30.0,2.0,100.0,50.063293
1753.0,2.0,30.0,2.0,100.0,18.462317
1754.0,3.0,30.0,2.0,100.0,13.659115
1755.0,5.0,30.0,2.0,100.0,7.9467926
1756.0,10.0,30.0,2.0,100.0,6.9587536
1757.0,20.0,30.0,2.0,100.0,3.5590262
1758.0,40.0,30.0,2.0,100.0,4.4704914
1759.0,49.0,30.0,2.0,100.0,3.443878
1760.0,0.0,30.0,2.0,100.0,0.0
1761.0,0.5,30.0,2.0,100.0,43.085186
1762.0,1.0,30.0,2.0,100.0,39.247078
1763.0,2.0,30.0,2.0,100.0,8.55236
1764.0,3.0,30.0,2.0,100.0,23.028969
1765.0,5.0,30.0,2.0,100.0,17.408812
1766.0,10.0,30.0,2.0,100.0,7.164728
1767.0,20.0,30.0,2.0,100.0,3.7894979
1768.0,40.0,30.0,2.0,100.0,3.8871965
1769.0,49.0,30.0,2.0,100.0,4.2536535
1770.0,0.0,30.0,2.0,100.0,0.0
1771.0,0.5,30.0,2.0,100.0,44.43347
1772.0,1.0,30.0,2.0,100.0,34.703506
1773.0,2.0,30.0,2.0,100.0,41.01219
1774.0,3.0,30.0,2.0,100.0,25.540817
1775.0,5.0,30.0,2.0,100.0,10.9196205
1776.0,10.0,30.0,2.0,100.0,6.237075
1777.0,20.0,30.0,2.0,100.0,5.10835
1778.0,40.0,30.0,2.0,100.0,4.975966
1779.0,49.0,30.0,2.0,100.0,3.5510976
1780.0,0.0,30.0,2.0,100.0,0.0
1781.0,0.5,30.0,2.0,100.0,28.746014
1782.0,1.0,30.0,2.0,100.0,40.253365
1783.0,2.0,30.0,2.0,100.0,31.882597
1784.0,3.0,30.0,2.0,100.0,38.552994
1785.0,5.0,30.0,2.0,100.0,11.057426
1786.0,10.0,30.0,2.0,100.0,6.142538
1787.0,20.0,30.0,2.0,100.0,5.3189197
1788.0,40.0,30.0,2.0,100.0,3.1944761
1789.0,49.0,30.0,2.0,100.0,2.7404163
1790.0,0.0,30.0,2.0,100.0,0.0
1791.0,0.5,30.0,2.0,100.0,36.555893
1792.0,1.0,30.0,2.0,100.0,0.0
1793.0,2.0,30.0,2.0,100.0,31.136795
1794.0,3.0,30.0,2.0,100.0,10.443377
1795.0,5.0,30.0,2.0,100.0,23.245071
1796.0,10.0,30.0,2.0,100.0,4.355149
1797.0,20.0,30.0,2.0,100.0,6.5027466
1798.0,40.0,30.0,2.0,100.0,2.1979918
1799.0,49.0,30.0,2.0,100.0,1.9910868
1800.0,0.0,30.0,2.0,100.0,0.0
1801.0,0.5,30.0,2.0,100.0,0.0
1802.0,1.0,30.0,2.0,100.0,37.872593
1803.0,2.0,30.0,2.0,100.0,31.754265
1804.0,3.0,30.0,2.0,100.0,8.094143
1805.0,5.0,30.0,2.0,100.0,4.7855096
1806.0,10.0,30.0,2.0,100.0,7.7172246
1807.0,20.0,30.0,2.0,100.0,3.6729383
1808.0,40.0,30.0,2.0,100.0,4.432733
1809.0,49.0,30.0,2.0,100.0,2.5476413
1810.0,0.0,30.0,2.0,100.0,0.0
1811.0,0.5,30.0,2.0,100.0,0.0
1812.0,1.0,30.0,2.0,100.0,36.687874
1813.0,2.0,30.0,2.0,100.0,29.443245
1814.0,3.0,30.0,2.0,100.0,23.755701
1815.0,5.0,30.0,2.0,100.0,3.756367
1816.0,10.0,30.0,2.0,100.0,8.485281
1817.0,20.0,30.0,2.0,100.0,6.5623245
1818.0,40.0,30.0,2.0,100.0,2.643951
1819.0,49.0,30.0,2.0,100.0,3.1418698
1820.0,0.0,30.0,2.0,100.0,0.0
1821.0,0.5,30.0,2.0,100.0,0.0
1822.0,1.0,30.0,2.0,100.0,12.66228
1823.0,2.0,30.0,2.0,100.0,20.744476
1824.0,3.0,30.0,2.0,100.0,18.814888
1825.0,5.0,30.0,2.0,100.0,31.885212
1826.0,10.0,30.0,2.0,100.0,5.375026
1827.0,20.0,30.0,2.0,100.0,4.2702804
1828.0,40.0,30.0,2.0,100.0,2.5953672
1829.0,49.0,30.0,2.0,100.0,3.2802796
1830.0,0.0,30.0,2.0,100.0,0.0
1831.0,0.5,30.0,2.0,100.0,0.0
1832.0,1.0,30.0,2.0,100.0,45.214306
1833.0,2.0,30.0,2.0,100.0,26.770632
1834.0,3.0,30.0,2.0,100.0,30.353474
1835.0,5.0,30.0,2.0,100.0,13.621878
1836.0,10.0,30.0,2.0,100.0,4.5092497
1837.0,20.0,30.0,2.0,100.0,3.8384025
1838.0,40.0,30.0,2.0,100.0,3.1607716
1839.0,49.0,30.0,2.0,100.0,2.725234
1840.0,0.0,30.0,2.0,100.0,0.0
1841.0,0.5,30.0,2.0,100.0,0.0
1842.0,1.0,30.0,2.0,100.0,0.0
1843.0,2.0,30.0,2.0,100.0,22.102036
1844.0,3.0,30.0,2.0,100.0,8.75595
1845.0,5.0,30.0,2.0,100.0,10.912879
1846.0,10.0,30.0,2.0,100.0,7.381796
1847.0,20.0,30.0,2.0,100.0,3.866831
1848.0,40.0,30.0,2.0,100.0,2.8654015
1849.0,49.0,30.0,2.0,100.0,2.9138422
1850.0,0.0,30.0,2.0,100.0,0.0
1851.0,0.5,30.0,2.0,100.0,0.0
1852.0,1.0,30.0,2.0,100.0,33.00505
1853.0,2.0,30.0,2.0,100.0,9.277075
1854.0,3.0,30.0,2.0,100.0,12.940891
1855.0,5.0,30.0,2.0,100.0,3.3403435
1856.0,10.0,30.0,2.0,100.0,3.3967652
1857.0,20.0,30.0,2.0,100.0,4.061617
1858.0,40.0,30.0,2.0,100.0,3.5483062
1859.0,49.0,30.0,2.0,100.0,3.2632995
1860.0,0.0,30.0,2.0,100.0,0.0
1861.0,0.5,30.0,2.0,100.0,31.085901
1862.0,1.0,30.0,2.0,100.0,19.79899
1863.0,2.0,30.0,2.0,100.0,50.063293
1864.0,3.0,30.0,2.0,100.0,0.0
1865.0,5.0,30.0,2.0,100.0,12.393994
1866.0,10.0,30.0,2.0,100.0,4.625736
1867.0,20.0,30.0,2.0,100.0,5.4678545
1868.0,40.0,30.0,2.0,100.0,4.526068
1869.0,49.0,30.0,2.0,100.0,2.9343302
1870.0,0.0,30.0,2.0,100.0,14.538264
1871.0,0.5,30.0,2.0,100.0,48.418316
1872.0,1.0,30.0,2.0,100.0,0.0
1873.0,2.0,30.0,2.0,100.0,21.247746
1874.0,3.0,30.0,2.0,100.0,21.213203
1875.0,5.0,30.0,2.0,100.0,19.621416
1876.0,10.0,30.0,2.0,100.0,18.152134
1877.0,20.0,30.0,2.0,100.0,7.481846
1878.0,40.0,30.0,2.0,100.0,2.857359
1879.0,49.0,30.0,2.0,100.0,3.3086808
1880.0,0.0,30.0,2.0,100.0,0.0
1881.0,0.5,30.0,2.0,100.0,0.0
1882.0,1.0,30.0,2.0,100.0,6.2634473
1883.0,2.0,30.0,2.0,100.0,42.426407
1884.0,3.0,30.0,2.0,100.0,11.954278
1885.0,5.0,30.0,2.0,100.0,10.875923
1886.0,10.0,30.0,2.0,100.0,7.595852
1887.0,20.0,30.0,2.0,100.0,4.5773773
1888.0,40.0,30.0,2.0,100.0,3.5350718
1889.0,49.0,30.0,2.0,100.0,2.9784806
1890.0,0.0,30.0,2.0,100.0,0.0
1891.0,0.5,30.0,2.0,100.0,0.0
1892.0,1.0,30.0,2.0,100.0,28.0238
1893.0,2.0,30.0,2.0,100.0,13.201732
1894.0,3.0,30.0,2.0,100.0,13.87701
1895.0,5.0,30.0,2.0,100.0,6.455256
1896.0,10.0,30.0,2.0,100.0,7.8143525
1897.0,20.0,30.0,2.0,100.0,3.4073882
1898.0,40.0,30.0,2.0,100.0,4.047108
1899.0,49.0,30.0,2.0,100.0,2.98169
1900.0,0.0,30.0,2.0,100.0,0.0
1901.0,0.5,30.0,2.0,100.0,5.282849
1902.0,1.0,30.0,2.0,100.0,13.195117
1903.0,2.0,30.0,2.0,100.0,16.748135
1904.0,3.0,30.0,2.0,100.0,14.9117775
1905.0,5.0,30.0,2.0,100.0,7.6303487
1906.0,10.0,30.0,2.0,100.0,7.475211
1907.0,20.0,30.0,2.0,100.0,3.1765509
1908.0,40.0,30.0,2.0,100.0,2.7144835
1909.0,49.0,30.0,2.0,100.0,6.0198083
1910.0,0.0,30.0,2.0,100.0,0.0
1911.0,0.5,30.0,2.0,100.0,13.707331
1912.0,1.0,30.0,2.0,100.0,43.92418
1913.0,2.0,30.0,2.0,100.0,14.598326
1914.0,3.0,30.0,2.0,100.0,35.303444
1915.0,5.0,30.0,2.0,100.0,37.20663
1916.0,10.0,30.0,2.0,100.0,7.8663077
1917.0,20.0,30.0,2.0,100.0,4.0083246
1918.0,40.0,30.0,2.0,100.0,3.6977293
1919.0,49.0,30.0,2.0,100.0,2.8443763
1920.0,0.0,30.0,2.0,100.0,0.0
1921.0,0.5,30.0,2.0,100.0,7.9677663
1922.0,1.0,30.0,2.0,100.0,49.237522
1923.0,2.0,30.0,2.0,100.0,8.75051
1924.0,3.0,30.0,2.0,100.0,0.0
1925.0,5.0,30.0,2.0,100.0,13.4695425
1926.0,10.0,30.0,2.0,100.0,12.216305
1927.0,20.0,30.0,2.0,100.0,5.0513844
1928.0,40.0,30.0,2.0,100.0,2.883711
1929.0,49.0,30.0,2.0,100.0,3.1289737
1930.0,0.0,30.0,2.0,100.0,0.0
1931.0,0.5,30.0,2.0,100.0,48.211338
1932.0,1.0,30.0,2.0,100.0,0.0
1933.0,2.0,30.0,2.0,100.0,44.43347
1934.0,3.0,30.0,2.0,100.0,5.1119337
1935.0,5.0,30.0,2.0,100.0,33.020195
1936.0,10.0,30.0,2.0,100.0,3.5903313
1937.0,20.0,30.0,2.0,100.0,6.8268633
1938.0,40.0,30.0,2.0,100.0,1.6832508
1939.0,49.0,30.0,2.0,100.0,3.7244256
1940.0,0.0,30.0,2.0,100.0,0.0
1941.0,0.5,30.0,2.0,100.0,0.0
1942.0,1.0,30.0,2.0,100.0,28.219378
1943.0,2.0,30.0,2.0,100.0,21.322914
1944.0,3.0,30.0,2.0,100.0,31.564749
1945.0,5.0,30.0,2.0,100.0,20.126268
1946.0,10.0,30.0,2.0,100.0,10.92398
1947.0,20.0,30.0,2.0,100.0,3.9141104
1948.0,40.0,30.0,2.0,100.0,2.8469744
1949.0,49.0,30.0,2.0,100.0,3.4792619
1950.0,0.0,30.0,2.0,100.0,0.0
1951.0,0.5,30.0,2.0,100.0,42.14657
1952.0,1.0,30.0,2.0,100.0,36.555893
1953.0,2.0,30.0,2.0,100.0,8.673568
1954.0,3.0,30.0,2.0,100.0,23.508863
1955.0,5.0,30.0,2.0,100.0,13.093074
1956.0,10.0,30.0,2.0,100.0,4.36981
1957.0,20.0,30.0,2.0,100.0,7.77759
1958.0,40.0,30.0,2.0,100.0,2.3295708
1959.0,49.0,30.0,2.0,100.0,3.5350716
1960.0,0.0,30.0,2.0,100.0,0.0
1961.0,0.5,30.0,2.0,100.0,0.0
1962.0,1.0,30.0,2.0,100.0,20.76054
1963.0,2.0,30.0,2.0,100.0,23.860708
1964.0,3.0,30.0,2.0,100.0,28.360771
1965.0,5.0,30.0,2.0,100.0,26.770632
1966.0,10.0,30.0,2.0,100.0,10.858396
1967.0,20.0,30.0,2.0,100.0,4.1861453
1968.0,40.0,30.0,2.0,100.0,3.7229416
1969.0,49.0,30.0,2.0,100.0,2.1887157
1970.0,0.0,30.0,2.0,100.0,0.0
1971.0,0.5,30.0,2.0,100.0,0.0
1972.0,1.0,30.0,2.0,100.0,0.0
1973.0,2.0,30.0,2.0,100.0,4.0355563
1974.0,3.0,30.0,2.0,100.0,7.3187504
1975.0,5.0,30.0,2.0,100.0,23.137272
1976.0,10.0,30.0,2.0,100.0,5.589105
1977.0,20.0,30.0,2.0,100.0,5.0095153
1978.0,40.0,30.0,2.0,100.0,3.6968455
1979.0,49.0,30.0,2.0,100.0,2.978845
1980.0,0.0,30.0,2.0,100.0,0.0
1981.0,0.5,30.0,2.0,100.0,9.049721
1982.0,1.0,30.0,2.0,100.0,52.576927
1983.0,2.0,30.0,2.0,100.0,25.006666
1984.0,3.0,30.0,2.0,100.0,12.615184
1985.0,5.0,30.0,2.0,100.0,5.531131
1986.0,10.0,30.0,2.0,100.0,4.9229355
1987.0,20.0,30.0,2.0,100.0,8.445907
1988.0,40.0,30.0,2.0,100.0,2.6058543
1989.0,49.0,30.0,2.0,100.0,2.9648736
1990.0,0.0,30.0,2.0,100.0,0.0
1991.0,0.5,30.0,2.0,100.0,0.0
1992.0,1.0,30.0,2.0,100.0,35.907288
1993.0,2.0,30.0,2.0,100.0,10.117367
1994.0,3.0,30.0,2.0,100.0,11.724618
1995.0,5.0,30.0,2.0,100.0,9.726825
1996.0,10.0,30.0,2.0,100.0,38.552994
1997.0,20.0,30.0,2.0,100.0,7.019022
1998.0,40.0,30.0,2.0,100.0,3.5388994
1999.0,49.0,30.0,2.0,100.0,3.313979
2000.0,0.0,40.0,2.0,100.0,0.0
2001.0,0.5,40.0,2.0,100.0,0.0
2002.0,1.0,40.0,2.0,100.0,49.23752
2003.0,2.0,40.0,2.0,100.0,28.041636
2004.0,3.0,40.0,2.0,100.0,43.661575
2005.0,5.0,40.0,2.0,100.0,24.671171
2006.0,10.0,40.0,2.0,100.0,16.109003
2007.0,20.0,40.0,2.0,100.0,6.0
2008.0,40.0,40.0,2.0,100.0,3.716117
2009.0,49.0,40.0,2.0,100.0,4.389381
2010.0,0.0,40.0,2.0,100.0,0.0
2011.0,0.5,40.0,2.0,100.0,0.0
2012.0,1.0,40.0,2.0,100.0,36.555893
2013.0,2.0,40.0,2.0,100.0,3.9737701
2014.0,3.0,40.0,2.0,100.0,16.370705
2015.0,5.0,40.0,2.0,100.0,14.948802
2016.0,10.0,40.0,2.0,100.0,9.797959
2017.0,20.0,40.0,2.0,100.0,6.1392922
2018.0,40.0,40.0,2.0,100.0,3.5308166
2019.0,49.0,40.0,2.0,100.0,3.32455
2020.0,0.0,40.0,2.0,100.0,0.0
2021.0,0.5,40.0,2.0,100.0,0.0
2022.0,1.0,40.0,2.0,100.0,42.899105
2023.0,2.0,40.0,2.0,100.0,37.872593
2024.0,3.0,40.0,2.0,100.0,21.385353
2025.0,5.0,40.0,2.0,100.0,5.7105427
2026.0,10.0,40.0,2.0,100.0,7.0979543
2027.0,20.0,40.0,2.0,100.0,5.581354
2028.0,40.0,40.0,2.0,100.0,3.0150418
2029.0,49.0,40.0,2.0,100.0,2.520908
2030.0,0.0,40.0,2.0,100.0,0.0
2031.0,0.5,40.0,2.0,100.0,0.0
2032.0,1.0,40.0,2.0,100.0,50.895317
2033.0,2.0,40.0,2.0,100.0,14.361987
2034.0,3.0,40.0,2.0,100.0,34.677082
2035.0,5.0,40.0,2.0,100.0,7.409528
2036.0,10.0,40.0,2.0,100.0,11.196478
2037.0,20.0,40.0,2.0,100.0,7.164728
2038.0,40.0,40.0,2.0,100.0,4.457729
2039.0,49.0,40.0,2.0,100.0,2.896632
2040.0,0.0,40.0,2.0,100.0,15.972198
2041.0,0.5,40.0,2.0,100.0,20.404247
2042.0,1.0,40.0,2.0,100.0,31.085901
2043.0,2.0,40.0,2.0,100.0,30.471298
2044.0,3.0,40.0,2.0,100.0,5.483074
2045.0,5.0,40.0,2.0,100.0,7.9522386
2046.0,10.0,40.0,2.0,100.0,8.683169
2047.0,20.0,40.0,2.0,100.0,3.8839374
2048.0,40.0,40.0,2.0,100.0,2.5351334
2049.0,49.0,40.0,2.0,100.0,2.1213202
2050.0,0.0,40.0,2.0,100.0,0.0
2051.0,0.5,40.0,2.0,100.0,0.0
2052.0,1.0,40.0,2.0,100.0,49.963318
2053.0,2.0,40.0,2.0,100.0,13.732131
2054.0,3.0,40.0,2.0,100.0,12.727922
2055.0,5.0,40.0,2.0,100.0,8.117322
2056.0,10.0,40.0,2.0,100.0,7.5636497
2057.0,20.0,40.0,2.0,100.0,7.9756575
2058.0,40.0,40.0,2.0,100.0,3.998161
2059.0,49.0,40.0,2.0,100.0,3.5093863
2060.0,0.0,40.0,2.0,100.0,0.0
2061.0,0.5,40.0,2.0,100.0,38.552994
2062.0,1.0,40.0,2.0,100.0,28.284271
2063.0,2.0,40.0,2.0,100.0,6.5064073
2064.0,3.0,40.0,2.0,100.0,14.3178215
2065.0,5.0,40.0,2.0,100.0,11.135529
2066.0,10.0,40.0,2.0,100.0,9.505846
2067.0,20.0,40.0,2.0,100.0,2.4828413
2068.0,40.0,40.0,2.0,100.0,3.7682886
2069.0,49.0,40.0,2.0,100.0,3.4044788
2070.0,0.0,40.0,2.0,100.0,0.0
2071.0,0.5,40.0,2.0,100.0,39.95414
2072.0,1.0,40.0,2.0,100.0,52.576927
2073.0,2.0,40.0,2.0,100.0,8.320943
2074.0,3.0,40.0,2.0,100.0,10.226018
2075.0,5.0,40.0,2.0,100.0,25.455845
2076.0,10.0,40.0,2.0,100.0,9.66907
2077.0,20.0,40.0,2.0,100.0,7.760849
2078.0,40.0,40.0,2.0,100.0,4.196462
2079.0,49.0,40.0,2.0,100.0,2.7657049
2080.0,0.0,40.0,2.0,100.0,0.0
2081.0,0.5,40.0,2.0,100.0,0.0
2082.0,1.0,40.0,2.0,100.0,8.053589
2083.0,2.0,40.0,2.0,100.0,42.899105
2084.0,3.0,40.0,2.0,100.0,14.851647
2085.0,5.0,40.0,2.0,100.0,14.403703
2086.0,10.0,40.0,2.0,100.0,9.534399
2087.0,20.0,40.0,2.0,100.0,5.201437
2088.0,40.0,40.0,2.0,100.0,4.530321
2089.0,49.0,40.0,2.0,100.0,3.156648
2090.0,0.0,40.0,2.0,100.0,0.0
2091.0,0.5,40.0,2.0,100.0,28.112867
2092.0,1.0,40.0,2.0,100.0,45.254833
2093.0,2.0,40.0,2.0,100.0,33.56089
2094.0,3.0,40.0,2.0,100.0,48.08326
2095.0,5.0,40.0,2.0,100.0,5.360348
2096.0,10.0,40.0,2.0,100.0,10.129714
2097.0,20.0,40.0,2.0,100.0,4.948829
2098.0,40.0,40.0,2.0,100.0,3.6774733
2099.0,49.0,40.0,2.0,100.0,2.4063408
2100.0,0.0,40.0,2.0,100.0,0.0
2101.0,0.5,40.0,2.0,100.0,19.849434
2102.0,1.0,40.0,2.0,100.0,22.905603
2103.0,2.0,40.0,2.0,100.0,42.571507
2104.0,3.0,40.0,2.0,100.0,31.112698
2105.0,5.0,40.0,2.0,100.0,22.526175
2106.0,10.0,40.0,2.0,100.0,1.4800258
2107.0,20.0,40.0,2.0,100.0,4.618802
2108.0,40.0,40.0,2.0,100.0,2.7070396
2109.0,49.0,40.0,2.0,100.0,3.1595025
2110.0,0.0,40.0,2.0,100.0,0.0
2111.0,0.5,40.0,2.0,100.0,0.0
2112.0,1.0,40.0,2.0,100.0,18.275667
2113.0,2.0,40.0,2.0,100.0,27.685736
2114.0,3.0,40.0,2.0,100.0,11.889538
2115.0,5.0,40.0,2.0,100.0,28.00595
2116.0,10.0,40.0,2.0,100.0,5.437288
2117.0,20.0,40.0,2.0,100.0,3.0968494
2118.0,40.0,40.0,2.0,100.0,4.0293045
2119.0,49.0,40.0,2.0,100.0,2.467889
2120.0,0.0,40.0,2.0,100.0,0.0
2121.0,0.5,40.0,2.0,100.0,5.789975
2122.0,1.0,40.0,2.0,100.0,29.905407
2123.0,2.0,40.0,2.0,100.0,18.493242
2124.0,3.0,40.0,2.0,100.0,11.979149
2125.0,5.0,40.0,2.0,100.0,4.292347
2126.0,10.0,40.0,2.0,100.0,3.1449127
2127.0,20.0,40.0,2.0,100.0,3.6338243
2128.0,40.0,40.0,2.0,100.0,3.520011
2129.0,49.0,40.0,2.0,100.0,4.654747
2130.0,0.0,40.0,2.0,100.0,0.0
2131.0,0.5,40.0,2.0,100.0,40.673496
2132.0,1.0,40.0,2.0,100.0,19.927647
2133.0,2.0,40.0,2.0,100.0,30.664854
2134.0,3.0,40.0,2.0,100.0,25.026653
2135.0,5.0,40.0,2.0,100.0,11.17608
2136.0,10.0,40.0,2.0,100.0,11.857956
2137.0,20.0,40.0,2.0,100.0,4.318463
2138.0,40.0,40.0,2.0,100.0,3.3967652
2139.0,49.0,40.0,2.0,100.0,3.4935195
2140.0,0.0,40.0,2.0,100.0,0.0
2141.0,0.5,40.0,2.0,100.0,36.555893
2142.0,1.0,40.0,2.0,100.0,36.555893
2143.0,2.0,40.0,2.0,100.0,45.214302
2144.0,3.0,40.0,2.0,100.0,6.729852
2145.0,5.0,40.0,2.0,100.0,5.572696
2146.0,10.0,40.0,2.0,100.0,18.051777
2147.0,20.0,40.0,2.0,100.0,5.3354163
2148.0,40.0,40.0,2.0,100.0,3.8223414
2149.0,49.0,40.0,2.0,100.0,3.4978986
2150.0,0.0,40.0,2.0,100.0,0.0
2151.0,0.5,40.0,2.0,100.0,0.0
2152.0,1.0,40.0,2.0,100.0,0.0
2153.0,2.0,40.0,2.0,100.0,6.799655
2154.0,3.0,40.0,2.0,100.0,6.8909574
2155.0,5.0,40.0,2.0,100.0,5.340769
2156.0,10.0,40.0,2.0,100.0,12.134171
2157.0,20.0,40.0,2.0,100.0,5.6273146
2158.0,40.0,40.0,2.0,100.0,3.803507
2159.0,49.0,40.0,2.0,100.0,3.5157208
2160.0,0.0,40.0,2.0,100.0,0.0
2161.0,0.5,40.0,2.0,100.0,11.930353
2162.0,1.0,40.0,2.0,100.0,0.0
2163.0,2.0,40.0,2.0,100.0,2.5865953
2164.0,3.0,40.0,2.0,100.0,18.770544
2165.0,5.0,40.0,2.0,100.0,10.329129
2166.0,10.0,40.0,2.0,100.0,8.724168
2167.0,20.0,40.0,2.0,100.0,4.670067
2168.0,40.0,40.0,2.0,100.0,3.536931
2169.0,49.0,40.0,2.0,100.0,2.467889
2170.0,0.0,40.0,2.0,100.0,0.0
2171.0,0.5,40.0,2.0,100.0,32.526913
2172.0,1.0,40.0,2.0,100.0,50.895317
2173.0,2.0,40.0,2.0,100.0,10.5469475
2174.0,3.0,40.0,2.0,100.0,27.319101
2175.0,5.0,40.0,2.0,100.0,8.767047
2176.0,10.0,40.0,2.0,100.0,5.3472805
2177.0,20.0,40.0,2.0,100.0,4.134639
2178.0,40.0,40.0,2.0,100.0,2.756953
2179.0,49.0,40.0,2.0,100.0,3.633824
2180.0,0.0,40.0,2.0,100.0,47.353283
2181.0,0.5,40.0,2.0,100.0,0.0
2182.0,1.0,40.0,2.0,100.0,0.0
2183.0,2.0,40.0,2.0,100.0,39.803684
2184.0,3.0,40.0,2.0,100.0,32.50128
2185.0,5.0,40.0,2.0,100.0,41.016254
2186.0,10.0,40.0,2.0,100.0,6.3320804
2187.0,20.0,40.0,2.0,100.0,3.9239566
2188.0,40.0,40.0,2.0,100.0,3.2462304
2189.0,49.0,40.0,2.0,100.0,2.4791622
2190.0,0.0,40.0,2.0,100.0,0.0
2191.0,0.5,40.0,2.0,100.0,0.0
2192.0,1.0,40.0,2.0,100.0,39.353104
2193.0,2.0,40.0,2.0,100.0,26.482698
2194.0,3.0,40.0,2.0,100.0,29.670412
2195.0,5.0,40.0,2.0,100.0,8.653836
2196.0,10.0,40.0,2.0,100.0,5.2162046
2197.0,20.0,40.0,2.0,100.0,5.3328757
2198.0,40.0,40.0,2.0,100.0,4.7679486
2199.0,49.0,40.0,2.0,100.0,3.6335402
2200.0,0.0,40.0,2.0,100.0,0.0
2201.0,0.5,40.0,2.0,100.0,0.0
2202.0,1.0,40.0,2.0,100.0,0.0
2203.0,2.0,40.0,2.0,100.0,35.92121
2204.0,3.0,40.0,2.0,100.0,19.209373
2205.0,5.0,40.0,2.0,100.0,9.464218
2206.0,10.0,40.0,2.0,100.0,16.206995
2207.0,20.0,40.0,2.0,100.0,11.600493
2208.0,40.0,40.0,2.0,100.0,2.2071123
2209.0,49.0,40.0,2.0,100.0,2.773171
2210.0,0.0,40.0,2.0,100.0,0.0
2211.0,0.5,40.0,2.0,100.0,0.0
2212.0,1.0,40.0,2.0,100.0,30.353474
2213.0,2.0,40.0,2.0,100.0,28.00595
2214.0,3.0,40.0,2.0,100.0,14.798649
2215.0,5.0,40.0,2.0,100.0,12.727922
2216.0,10.0,40.0,2.0,100.0,9.911513
2217.0,20.0,40.0,2.0,100.0,3.8549051
2218.0,40.0,40.0,2.0,100.0,6.0407705
2219.0,49.0,40.0,2.0,100.0,3.132016
2220.0,0.0,40.0,2.0,100.0,0.0
2221.0,0.5,40.0,2.0,100.0,14.34786
2222.0,1.0,40.0,2.0,100.0,42.14657
2223.0,2.0,40.0,2.0,100.0,22.905603
2224.0,3.0,40.0,2.0,100.0,16.258331
2225.0,5.0,40.0,2.0,100.0,5.6273146
2226.0,10.0,40.0,2.0,100.0,9.24613
2227.0,20.0,40.0,2.0,100.0,3.8074574
2228.0,40.0,40.0,2.0,100.0,2.9029121
2229.0,49.0,40.0,2.0,100.0,3.8209946
2230.0,0.0,40.0,2.0,100.0,0.0
2231.0,0.5,40.0,2.0,100.0,7.6065955
2232.0,1.0,40.0,2.0,100.0,29.698484
2233.0,2.0,40.0,2.0,100.0,32.005207
2234.0,3.0,40.0,2.0,100.0,41.01626
2235.0,5.0,40.0,2.0,100.0,16.077934
2236.0,10.0,40.0,2.0,100.0,9.17121
2237.0,20.0,40.0,2.0,100.0,8.117321
2238.0,40.0,40.0,2.0,100.0,3.4048603
2239.0,49.0,40.0,2.0,100.0,2.3098452
2240.0,0.0,40.0,2.0,100.0,0.0
2241.0,0.5,40.0,2.0,100.0,0.0
2242.0,1.0,40.0,2.0,100.0,29.143324
2243.0,2.0,40.0,2.0,100.0,9.235308
2244.0,3.0,40.0,2.0,100.0,9.617692
2245.0,5.0,40.0,2.0,100.0,16.852299
2246.0,10.0,40.0,2.0,100.0,7.5901985
2247.0,20.0,40.0,2.0,100.0,3.008759
2248.0,40.0,40.0,2.0,100.0,2.7657046
2249.0,49.0,40.0,2.0,100.0,3.0806618
2250.0,0.0,40.0,2.0,100.0,0.0
2251.0,0.5,40.0,2.0,100.0,37.20663
2252.0,1.0,40.0,2.0,100.0,33.020195
2253.0,2.0,40.0,2.0,100.0,3.785939
2254.0,3.0,40.0,2.0,100.0,48.08326
2255.0,5.0,40.0,2.0,100.0,10.677078
2256.0,10.0,40.0,2.0,100.0,9.038302
2257.0,20.0,40.0,2.0,100.0,6.0352497
2258.0,40.0,40.0,2.0,100.0,4.819831
2259.0,49.0,40.0,2.0,100.0,2.9597695
2260.0,0.0,40.0,2.0,100.0,0.0
2261.0,0.5,40.0,2.0,100.0,24.684677
2262.0,1.0,40.0,2.0,100.0,0.0
2263.0,2.0,40.0,2.0,100.0,24.87301
2264.0,3.0,40.0,2.0,100.0,4.6547465
2265.0,5.0,40.0,2.0,100.0,12.581165
2266.0,10.0,40.0,2.0,100.0,13.35519
2267.0,20.0,40.0,2.0,100.0,3.633824
2268.0,40.0,40.0,2.0,100.0,3.1422155
2269.0,49.0,40.0,2.0,100.0,2.443566
2270.0,0.0,40.0,2.0,100.0,0.0
2271.0,0.5,40.0,2.0,100.0,0.0
2272.0,1.0,40.0,2.0,100.0,0.0
2273.0,2.0,40.0,2.0,100.0,0.0
2274.0,3.0,40.0,2.0,100.0,21.377558
2275.0,5.0,40.0,2.0,100.0,2.4635878
2276.0,10.0,40.0,2.0,100.0,5.8510942
2277.0,20.0,40.0,2.0,100.0,3.7148352
2278.0,40.0,40.0,2.0,100.0,3.620814
2279.0,49.0,40.0,2.0,100.0,3.4337263
2280.0,0.0,40.0,2.0,100.0,0.0
2281.0,0.5,40.0,2.0,100.0,41.428654
2282.0,1.0,40.0,2.0,100.0,24.006943
2283.0,2.0,40.0,2.0,100.0,50.91169
2284.0,3.0,40.0,2.0,100.0,15.259658
2285.0,5.0,40.0,2.0,100.0,16.962143
2286.0,10.0,40.0,2.0,100.0,9.713964
2287.0,20.0,40.0,2.0,100.0,7.6870613
2288.0,40.0,40.0,2.0,100.0,3.203348
2289.0,49.0,40.0,2.0,100.0,2.8858385
2290.0,0.0,40.0,2.0,100.0,0.0
2291.0,0.5,40.0,2.0,100.0,0.0
2292.0,1.0,40.0,2.0,100.0,31.53305
2293.0,2.0,40.0,2.0,100.0,9.621024
2294.0,3.0,40.0,2.0,100.0,4.7759323
2295.0,5.0,40.0,2.0,100.0,5.531727
2296.0,10.0,40.0,2.0,100.0,18.384777
2297.0,20.0,40.0,2.0,100.0,7.4386377
2298.0,40.0,40.0,2.0,100.0,4.313965
2299.0,49.0,40.0,2.0,100.0,4.60463
2300.0,0.0,40.0,2.0,100.0,0.0
2301.0,0.5,40.0,2.0,100.0,4.4142146
2302.0,1.0,40.0,2.0,100.0,29.737741
2303.0,2.0,40.0,2.0,100.0,39.95414
2304.0,3.0,40.0,2.0,100.0,10.055402
2305.0,5.0,40.0,2.0,100.0,13.936933
2306.0,10.0,40.0,2.0,100.0,9.523178
2307.0,20.0,40.0,2.0,100.0,10.781378
2308.0,40.0,40.0,2.0,100.0,2.7368734
2309.0,49.0,40.0,2.0,100.0,2.5137305
2310.0,0.0,40.0,2.0,100.0,16.351181
2311.0,0.5,40.0,2.0,100.0,33.020195
2312.0,1.0,40.0,2.0,100.0,24.083189
2313.0,2.0,40.0,2.0,100.0,15.30795
2314.0,3.0,40.0,2.0,100.0,42.253204
2315.0,5.0,40.0,2.0,100.0,3.8549051
2316.0,10.0,40.0,2.0,100.0,5.092478
2317.0,20.0,40.0,2.0,100.0,4.7121844
2318.0,40.0,40.0,2.0,100.0,3.4156504
2319.0,49.0,40.0,2.0,100.0,2.5868316
2320.0,0.0,40.0,2.0,100.0,0.0
2321.0,0.5,40.0,2.0,100.0,0.0
2322.0,1.0,40.0,2.0,100.0,0.0
2323.0,2.0,40.0,2.0,100.0,13.601471
2324.0,3.0,40.0,2.0,100.0,19.502136
2325.0,5.0,40.0,2.0,100.0,7.5738134
2326.0,10.0,40.0,2.0,100.0,10.505289
2327.0,20.0,40.0,2.0,100.0,7.6870613
2328.0,40.0,40.0,2.0,100.0,5.8022985
2329.0,49.0,40.0,2.0,100.0,2.9395053
2330.0,0.0,40.0,2.0,100.0,0.0
2331.0,0.5,40.0,2.0,100.0,23.860708
2332.0,1.0,40.0,2.0,100.0,10.572501
2333.0,2.0,40.0,2.0,100.0,0.0
2334.0,3.0,40.0,2.0,100.0,13.946325
2335.0,5.0,40.0,2.0,100.0,13.381579
2336.0,10.0,40.0,2.0,100.0,11.147496
2337.0,20.0,40.0,2.0,100.0,8.401989
2338.0,40.0,40.0,2.0,100.0,5.274863
2339.0,49.0,40.0,2.0,100.0,2.3473136
2340.0,0.0,40.0,2.0,100.0,0.0
2341.0,0.5,40.0,2.0,100.0,0.0
2342.0,1.0,40.0,2.0,100.0,28.041636
2343.0,2.0,40.0,2.0,100.0,0.0
2344.0,3.0,40.0,2.0,100.0,0.0
2345.0,5.0,40.0,2.0,100.0,6.027714
2346.0,10.0,40.0,2.0,100.0,10.770329
2347.0,20.0,40.0,2.0,100.0,6.1501365
2348.0,40.0,40.0,2.0,100.0,3.1992648
2349.0,49.0,40.0,2.0,100.0,3.841905
2350.0,0.0,40.0,2.0,100.0,0.0
2351.0,0.5,40.0,2.0,100.0,27.92848
2352.0,1.0,40.0,2.0,100.0,41.404507
2353.0,2.0,40.0,2.0,100.0,50.895317
2354.0,3.0,40.0,2.0,100.0,3.5861251
2355.0,5.0,40.0,2.0,100.0,17.61628
2356.0,10.0,40.0,2.0,100.0,6.3833575
2357.0,20.0,40.0,2.0,100.0,7.9018707
2358.0,40.0,40.0,2.0,100.0,4.530321
2359.0,49.0,40.0,2.0,100.0,2.7911425
2360.0,0.0,40.0,2.0,100.0,0.0
2361.0,0.5,40.0,2.0,100.0,28.041634
2362.0,1.0,40.0,2.0,100.0,0.0
2363.0,2.0,40.0,2.0,100.0,0.0
2364.0,3.0,40.0,2.0,100.0,27.209068
2365.0,5.0,40.0,2.0,100.0,12.544367
2366.0,10.0,40.0,2.0,100.0,11.237692
2367.0,20.0,40.0,2.0,100.0,7.087367
2368.0,40.0,40.0,2.0,100.0,2.0713465
2369.0,49.0,40.0,2.0,100.0,2.4880667
2370.0,0.0,40.0,2.0,100.0,0.0
2371.0,0.5,40.0,2.0,100.0,0.0
2372.0,1.0,40.0,2.0,100.0,27.501514
2373.0,2.0,40.0,2.0,100.0,8.906926
2374.0,3.0,40.0,2.0,100.0,17.704988
2375.0,5.0,40.0,2.0,100.0,2.621325
2376.0,10.0,40.0,2.0,100.0,4.817124
2377.0,20.0,40.0,2.0,100.0,4.775932
2378.0,40.0,40.0,2.0,100.0,2.8036215
2379.0,49.0,40.0,2.0,100.0,2.7368734
2380.0,0.0,40.0,2.0,100.0,0.0
2381.0,0.5,40.0,2.0,100.0,21.602468
2382.0,1.0,40.0,2.0,100.0,10.342616
2383.0,2.0,40.0,2.0,100.0,11.982129
2384.0,3.0,40.0,2.0,100.0,2.4494898
2385.0,5.0,40.0,2.0,100.0,11.414277
2386.0,10.0,40.0,2.0,100.0,8.035635
2387.0,20.0,40.0,2.0,100.0,1.9925971
2388.0,40.0,40.0,2.0,100.0,4.36981
2389.0,49.0,40.0,2.0,100.0,2.8097575
2390.0,0.0,40.0,2.0,100.0,0.0
2391.0,0.5,40.0,2.0,100.0,15.934389
2392.0,1.0,40.0,2.0,100.0,34.36083
2393.0,2.0,40.0,2.0,100.0,25.78113
2394.0,3.0,40.0,2.0,100.0,36.769554
2395.0,5.0,40.0,2.0,100.0,29.160477
2396.0,10.0,40.0,2.0,100.0,9.426407
2397.0,20.0,40.0,2.0,100.0,5.090039
2398.0,40.0,40.0,2.0,100.0,3.0806618
2399.0,49.0,40.0,2.0,100.0,2.901905
2400.0,0.0,40.0,2.0,100.0,0.0
2401.0,0.5,40.0,2.0,100.0,0.0
2402.0,1.0,40.0,2.0,100.0,0.0
2403.0,2.0,40.0,2.0,100.0,10.016652
2404.0,3.0,40.0,2.0,100.0,29.905407
2405.0,5.0,40.0,2.0,100.0,30.270998
2406.0,10.0,40.0,2.0,100.0,18.891924
2407.0,20.0,40.0,2.0,100.0,7.7616
2408.0,40.0,40.0,2.0,100.0,2.5309677
2409.0,49.0,40.0,2.0,100.0,2.32174
2410.0,0.0,40.0,2.0,100.0,0.0
2411.0,0.5,40.0,2.0,100.0,0.0
2412.0,1.0,40.0,2.0,100.0,16.801361
2413.0,2.0,40.0,2.0,100.0,37.872593
2414.0,3.0,40.0,2.0,100.0,18.165901
2415.0,5.0,40.0,2.0,100.0,23.77674
2416.0,10.0,40.0,2.0,100.0,6.9203258
2417.0,20.0,40.0,2.0,100.0,6.980743
2418.0,40.0,40.0,2.0,100.0,2.0803995
2419.0,49.0,40.0,2.0,100.0,5.064496
2420.0,0.0,40.0,2.0,100.0,0.0
2421.0,0.5,40.0,2.0,100.0,47.60602
2422.0,1.0,40.0,2.0,100.0,47.60602
2423.0,2.0,40.0,2.0,100.0,14.611328
2424.0,3.0,40.0,2.0,100.0,26.159765
2425.0,5.0,40.0,2.0,100.0,39.247078
2426.0,10.0,40.0,2.0,100.0,6.915503
2427.0,20.0,40.0,2.0,100.0,7.88106
2428.0,40.0,40.0,2.0,100.0,2.955815
2429.0,49.0,40.0,2.0,100.0,3.8128748
2430.0,0.0,40.0,2.0,100.0,0.0
2431.0,0.5,40.0,2.0,100.0,5.9960313
2432.0,1.0,40.0,2.0,100.0,29.737741
2433.0,2.0,40.0,2.0,100.0,15.222164
2434.0,3.0,40.0,2.0,100.0,16.462078
2435.0,5.0,40.0,2.0,100.0,12.472192
2436.0,10.0,40.0,2.0,100.0,5.682052
2437.0,20.0,40.0,2.0,100.0,4.3534336
2438.0,40.0,40.0,2.0,100.0,3.8382325
2439.0,49.0,40.0,2.0,100.0,3.4482572
2440.0,0.0,40.0,2.0,100.0,0.0
2441.0,0.5,40.0,2.0,100.0,0.0
2442.0,1.0,40.0,2.0,100.0,0.0
2443.0,2.0,40.0,2.0,100.0,26.159765
2444.0,3.0,40.0,2.0,100.0,25.046623
2445.0,5.0,40.0,2.0,100.0,17.670261
2446.0,10.0,40.0,2.0,100.0,12.023786
2447.0,20.0,40.0,2.0,100.0,7.819944
2448.0,40.0,40.0,2.0,100.0,4.36981
2449.0,49.0,40.0,2.0,100.0,3.7836215
2450.0,0.0,40.0,2.0,100.0,0.0
2451.0,0.5,40.0,2.0,100.0,29.263174
2452.0,1.0,40.0,2.0,100.0,24.819347
2453.0,2.0,40.0,2.0,100.0,36.555893
2454.0,3.0,40.0,2.0,100.0,26.08959
2455.0,5.0,40.0,2.0,100.0,13.373749
2456.0,10.0,40.0,2.0,100.0,7.321906
2457.0,20.0,40.0,2.0,100.0,4.7823997
2458.0,40.0,40.0,2.0,100.0,2.4635875
2459.0,49.0,40.0,2.0,100.0,3.2971723
2460.0,0.0,40.0,2.0,100.0,0.0
2461.0,0.5,40.0,2.0,100.0,0.0
2462.0,1.0,40.0,2.0,100.0,0.0
2463.0,2.0,40.0,2.0,100.0,11.893976
2464.0,3.0,40.0,2.0,100.0,7.8032627
2465.0,5.0,40.0,2.0,100.0,7.734609
2466.0,10.0,40.0,2.0,100.0,8.531581
2467.0,20.0,40.0,2.0,100.0,7.0881886
2468.0,40.0,40.0,2.0,100.0,2.467889
2469.0,49.0,40.0,2.0,100.0,3.681787
2470.0,0.0,40.0,2.0,100.0,10.788764
2471.0,0.5,40.0,2.0,100.0,0.0
2472.0,1.0,40.0,2.0,100.0,0.0
2473.0,2.0,40.0,2.0,100.0,11.335383
2474.0,3.0,40.0,2.0,100.0,8.768631
2475.0,5.0,40.0,2.0,100.0,8.205689
2476.0,10.0,40.0,2.0,100.0,23.551363
2477.0,20.0,40.0,2.0,100.0,5.4467115
2478.0,40.0,40.0,2.0,100.0,2.0224926
2479.0,49.0,40.0,2.0,100.0,4.017934
2480.0,0.0,40.0,2.0,100.0,0.0
2481.0,0.5,40.0,2.0,100.0,51.733288
2482.0,1.0,40.0,2.0,100.0,27.699062
2483.0,2.0,40.0,2.0,100.0,31.085901
2484.0,3.0,40.0,2.0,100.0,37.581024
2485.0,5.0,40.0,2.0,100.0,8.360469
2486.0,10.0,40.0,2.0,100.0,8.768631
2487.0,20.0,40.0,2.0,100.0,8.030624
2488.0,40.0,40.0,2.0,100.0,4.2113295
2489.0,49.0,40.0,2.0,100.0,2.3447464
2490.0,0.0,40.0,2.0,100.0,0.0
2491.0,0.5,40.0,2.0,100.0,4.466809
2492.0,1.0,40.0,2.0,100.0,0.0
2493.0,2.0,40.0,2.0,100.0,22.27854
2494.0,3.0,40.0,2.0,100.0,10.456258
2495.0,5.0,40.0,2.0,100.0,17.072395
2496.0,10.0,40.0,2.0,100.0,4.5549154
2497.0,20.0,40.0,2.0,100.0,3.3000724
2498.0,40.0,40.0,2.0,100.0,2.0407112
2499.0,49.0,40.0,2.0,100.0,3.2954962
2500.0,0.0,50.0,2.0,100.0,0.0
2501.0,0.5,50.0,2.0,100.0,53.42596
2502.0,1.0,50.0,2.0,100.0,39.59798
2503.0,2.0,50.0,2.0,100.0,44.286945
2504.0,3.0,50.0,2.0,100.0,38.552994
2505.0,5.0,50.0,2.0,100.0,9.751457
2506.0,10.0,50.0,2.0,100.0,13.646908
2507.0,20.0,50.0,2.0,100.0,9.69536
2508.0,40.0,50.0,2.0,100.0,3.6968455
2509.0,49.0,50.0,2.0,100.0,3.681787
2510.0,0.0,50.0,2.0,100.0,0.0
2511.0,0.5,50.0,2.0,100.0,28.746014
2512.0,1.0,50.0,2.0,100.0,0.0
2513.0,2.0,50.0,2.0,100.0,17.214334
2514.0,3.0,50.0,2.0,100.0,24.124676
2515.0,5.0,50.0,2.0,100.0,9.147149
2516.0,10.0,50.0,2.0,100.0,9.28901
2517.0,20.0,50.0,2.0,100.0,6.6103683
2518.0,40.0,50.0,2.0,100.0,4.514527
2519.0,49.0,50.0,2.0,100.0,4.044786
2520.0,0.0,50.0,2.0,100.0,0.0
2521.0,0.5,50.0,2.0,100.0,35.921207
2522.0,1.0,50.0,2.0,100.0,28.571548
2523.0,2.0,50.0,2.0,100.0,11.2645855
2524.0,3.0,50.0,2.0,100.0,0.0
2525.0,5.0,50.0,2.0,100.0,20.235283
2526.0,10.0,50.0,2.0,100.0,9.761706
2527.0,20.0,50.0,2.0,100.0,6.977887
2528.0,40.0,50.0,2.0,100.0,3.4044788
2529.0,49.0,50.0,2.0,100.0,3.7543626
2530.0,0.0,50.0,2.0,100.0,0.0
2531.0,0.5,50.0,2.0,100.0,31.112698
2532.0,1.0,50.0,2.0,100.0,0.0
2533.0,2.0,50.0,2.0,100.0,40.673496
2534.0,3.0,50.0,2.0,100.0,23.607908
2535.0,5.0,50.0,2.0,100.0,17.037214
2536.0,10.0,50.0,2.0,100.0,13.082158
2537.0,20.0,50.0,2.0,100.0,4.5092497
2538.0,40.0,50.0,2.0,100.0,3.5350716
2539.0,49.0,50.0,2.0,100.0,2.4270303
2540.0,0.0,50.0,2.0,100.0,0.0
2541.0,0.5,50.0,2.0,100.0,0.0
2542.0,1.0,50.0,2.0,100.0,0.0
2543.0,2.0,50.0,2.0,100.0,44.286945
2544.0,3.0,50.0,2.0,100.0,27.386127
2545.0,5.0,50.0,2.0,100.0,7.164728
2546.0,10.0,50.0,2.0,100.0,12.027746
2547.0,20.0,50.0,2.0,100.0,4.9285808
2548.0,40.0,50.0,2.0,100.0,3.143054
2549.0,49.0,50.0,2.0,100.0,3.6657753
2550.0,0.0,50.0,2.0,100.0,0.0
2551.0,0.5,50.0,2.0,100.0,0.0
2552.0,1.0,50.0,2.0,100.0,40.673496
2553.0,2.0,50.0,2.0,100.0,6.7733884
2554.0,3.0,50.0,2.0,100.0,20.108042
2555.0,5.0,50.0,2.0,100.0,33.70954
2556.0,10.0,50.0,2.0,100.0,3.8483143
2557.0,20.0,50.0,2.0,100.0,8.904544
2558.0,40.0,50.0,2.0,100.0,4.4351244
2559.0,49.0,50.0,2.0,100.0,3.525181
2560.0,0.0,50.0,2.0,100.0,0.0
2561.0,0.5,50.0,2.0,100.0,0.0
2562.0,1.0,50.0,2.0,100.0,17.020996
2563.0,2.0,50.0,2.0,100.0,19.273472
2564.0,3.0,50.0,2.0,100.0,12.404301
2565.0,5.0,50.0,2.0,100.0,35.161533
2566.0,10.0,50.0,2.0,100.0,16.763054
2567.0,20.0,50.0,2.0,100.0,7.215304
2568.0,40.0,50.0,2.0,100.0,3.6010165
2569.0,49.0,50.0,2.0,100.0,3.0155542
2570.0,0.0,50.0,2.0,100.0,0.0
2571.0,0.5,50.0,2.0,100.0,0.0
2572.0,1.0,50.0,2.0,100.0,42.899105
2573.0,2.0,50.0,2.0,100.0,21.213203
2574.0,3.0,50.0,2.0,100.0,24.04163
2575.0,5.0,50.0,2.0,100.0,43.500957
2576.0,10.0,50.0,2.0,100.0,11.552777
2577.0,20.0,50.0,2.0,100.0,7.9284997
2578.0,40.0,50.0,2.0,100.0,4.044786
2579.0,49.0,50.0,2.0,100.0,4.356886
2580.0,0.0,50.0,2.0,100.0,0.0
2581.0,0.5,50.0,2.0,100.0,25.0
2582.0,1.0,50.0,2.0,100.0,26.312227
2583.0,2.0,50.0,2.0,100.0,14.251706
2584.0,3.0,50.0,2.0,100.0,16.743158
2585.0,5.0,50.0,2.0,100.0,20.049938
2586.0,10.0,50.0,2.0,100.0,14.896467
2587.0,20.0,50.0,2.0,100.0,8.178687
2588.0,40.0,50.0,2.0,100.0,3.9141107
2589.0,49.0,50.0,2.0,100.0,3.1770375
2590.0,0.0,50.0,2.0,100.0,49.08496
2591.0,0.5,50.0,2.0,100.0,0.0
2592.0,1.0,50.0,2.0,100.0,17.0657
2593.0,2.0,50.0,2.0,100.0,8.02773
2594.0,3.0,50.0,2.0,100.0,17.5119
2595.0,5.0,50.0,2.0,100.0,10.734901
2596.0,10.0,50.0,2.0,100.0,7.691002
2597.0,20.0,50.0,2.0,100.0,3.7563672
2598.0,40.0,50.0,2.0,100.0,3.0949874
2599.0,49.0,50.0,2.0,100.0,4.250796
2600.0,0.0,50.0,2.0,100.0,0.0
2601.0,0.5,50.0,2.0,100.0,0.0
2602.0,1.0,50.0,2.0,100.0,17.097757
2603.0,2.0,50.0,2.0,100.0,6.7008286
2604.0,3.0,50.0,2.0,100.0,39.95414
2605.0,5.0,50.0,2.0,100.0,15.32971
2606.0,10.0,50.0,2.0,100.0,15.074419
2607.0,20.0,50.0,2.0,100.0,6.60991
2608.0,40.0,50.0,2.0,100.0,2.857359
2609.0,49.0,50.0,2.0,100.0,4.482772
2610.0,0.0,50.0,2.0,100.0,0.0
2611.0,0.5,50.0,2.0,100.0,42.899105
2612.0,1.0,50.0,2.0,100.0,19.035055
2613.0,2.0,50.0,2.0,100.0,22.181072
2614.0,3.0,50.0,2.0,100.0,19.731531
2615.0,5.0,50.0,2.0,100.0,13.9523
2616.0,10.0,50.0,2.0,100.0,7.164728
2617.0,20.0,50.0,2.0,100.0,5.0606613
2618.0,40.0,50.0,2.0,100.0,2.5671923
2619.0,49.0,50.0,2.0,100.0,2.020726
2620.0,0.0,50.0,2.0,100.0,0.0
2621.0,0.5,50.0,2.0,100.0,0.0
2622.0,1.0,50.0,2.0,100.0,15.151614
2623.0,2.0,50.0,2.0,100.0,16.391054
2624.0,3.0,50.0,2.0,100.0,23.692474
2625.0,5.0,50.0,2.0,100.0,22.015146
2626.0,10.0,50.0,2.0,100.0,13.426343
2627.0,20.0,50.0,2.0,100.0,9.426407
2628.0,40.0,50.0,2.0,100.0,2.1021352
2629.0,49.0,50.0,2.0,100.0,2.9816902
2630.0,0.0,50.0,2.0,100.0,0.0
2631.0,0.5,50.0,2.0,100.0,20.80064
2632.0,1.0,50.0,2.0,100.0,22.461077
2633.0,2.0,50.0,2.0,100.0,36.555893
2634.0,3.0,50.0,2.0,100.0,28.360771
2635.0,5.0,50.0,2.0,100.0,19.897356
2636.0,10.0,50.0,2.0,100.0,21.36976
2637.0,20.0,50.0,2.0,100.0,19.986664
2638.0,40.0,50.0,2.0,100.0,3.3763885
2639.0,49.0,50.0,2.0,100.0,2.2710998
2640.0,0.0,50.0,2.0,100.0,0.0
2641.0,0.5,50.0,2.0,100.0,23.036203
2642.0,1.0,50.0,2.0,100.0,0.0
2643.0,2.0,50.0,2.0,100.0,44.43347
2644.0,3.0,50.0,2.0,100.0,10.239978
2645.0,5.0,50.0,2.0,100.0,5.201437
2646.0,10.0,50.0,2.0,100.0,17.375008
2647.0,20.0,50.0,2.0,100.0,8.906926
2648.0,40.0,50.0,2.0,100.0,2.123648
2649.0,49.0,50.0,2.0,100.0,3.6764772
2650.0,0.0,50.0,2.0,100.0,0.0
2651.0,0.5,50.0,2.0,100.0,37.20663
2652.0,1.0,50.0,2.0,100.0,31.973948
2653.0,2.0,50.0,2.0,100.0,32.129944
2654.0,3.0,50.0,2.0,100.0,12.270755
2655.0,5.0,50.0,2.0,100.0,5.7912016
2656.0,10.0,50.0,2.0,100.0,9.993053
2657.0,20.0,50.0,2.0,100.0,5.740417
2658.0,40.0,50.0,2.0,100.0,4.117327
2659.0,49.0,50.0,2.0,100.0,2.6901958
2660.0,0.0,50.0,2.0,100.0,0.0
2661.0,0.5,50.0,2.0,100.0,35.921207
2662.0,1.0,50.0,2.0,100.0,0.0
2663.0,2.0,50.0,2.0,100.0,8.550455
2664.0,3.0,50.0,2.0,100.0,23.544285
2665.0,5.0,50.0,2.0,100.0,8.677033
2666.0,10.0,50.0,2.0,100.0,9.942893
2667.0,20.0,50.0,2.0,100.0,7.7208233
2668.0,40.0,50.0,2.0,100.0,3.6968455
2669.0,49.0,50.0,2.0,100.0,2.288483
2670.0,0.0,50.0,2.0,100.0,0.0
2671.0,0.5,50.0,2.0,100.0,0.0
2672.0,1.0,50.0,2.0,100.0,0.0
2673.0,2.0,50.0,2.0,100.0,31.069813
2674.0,3.0,50.0,2.0,100.0,10.842698
2675.0,5.0,50.0,2.0,100.0,11.275764
2676.0,10.0,50.0,2.0,100.0,9.966611
2677.0,20.0,50.0,2.0,100.0,7.5074034
2678.0,40.0,50.0,2.0,100.0,3.3470306
2679.0,49.0,50.0,2.0,100.0,3.416607
2680.0,0.0,50.0,2.0,100.0,0.0
2681.0,0.5,50.0,2.0,100.0,28.746014
2682.0,1.0,50.0,2.0,100.0,36.555893
2683.0,2.0,50.0,2.0,100.0,14.142136
2684.0,3.0,50.0,2.0,100.0,31.134119
2685.0,5.0,50.0,2.0,100.0,8.014867
2686.0,10.0,50.0,2.0,100.0,9.606545
2687.0,20.0,50.0,2.0,100.0,5.70008
2688.0,40.0,50.0,2.0,100.0,4.404543
2689.0,49.0,50.0,2.0,100.0,2.9409392
2690.0,0.0,50.0,2.0,100.0,0.0
2691.0,0.5,50.0,2.0,100.0,0.0
2692.0,1.0,50.0,2.0,100.0,47.34272
2693.0,2.0,50.0,2.0,100.0,34.127213
2694.0,3.0,50.0,2.0,100.0,23.137272
2695.0,5.0,50.0,2.0,100.0,32.166233
2696.0,10.0,50.0,2.0,100.0,7.9681187
2697.0,20.0,50.0,2.0,100.0,7.6448965
2698.0,40.0,50.0,2.0,100.0,5.1362395
2699.0,49.0,50.0,2.0,100.0,3.679404
2700.0,0.0,50.0,2.0,100.0,49.11551
2701.0,0.5,50.0,2.0,100.0,11.006886
2702.0,1.0,50.0,2.0,100.0,25.350872
2703.0,2.0,50.0,2.0,100.0,20.7571
2704.0,3.0,50.0,2.0,100.0,14.777047
2705.0,5.0,50.0,2.0,100.0,5.5634866
2706.0,10.0,50.0,2.0,100.0,10.003031
2707.0,20.0,50.0,2.0,100.0,9.930059
2708.0,40.0,50.0,2.0,100.0,4.2661457
2709.0,49.0,50.0,2.0,100.0,2.6249714
2710.0,0.0,50.0,2.0,100.0,0.0
2711.0,0.5,50.0,2.0,100.0,31.533052
2712.0,1.0,50.0,2.0,100.0,31.53305
2713.0,2.0,50.0,2.0,100.0,8.927316
2714.0,3.0,50.0,2.0,100.0,15.6311655
2715.0,5.0,50.0,2.0,100.0,16.03122
2716.0,10.0,50.0,2.0,100.0,6.632142
2717.0,20.0,50.0,2.0,100.0,9.854497
2718.0,40.0,50.0,2.0,100.0,2.7657049
2719.0,49.0,50.0,2.0,100.0,3.866831
2720.0,0.0,50.0,2.0,100.0,0.0
2721.0,0.5,50.0,2.0,100.0,0.0
2722.0,1.0,50.0,2.0,100.0,39.95414
2723.0,2.0,50.0,2.0,100.0,21.307276
2724.0,3.0,50.0,2.0,100.0,27.574142
2725.0,5.0,50.0,2.0,100.0,9.332252
2726.0,10.0,50.0,2.0,100.0,20.037464
2727.0,20.0,50.0,2.0,100.0,8.268078
2728.0,40.0,50.0,2.0,100.0,1.9148543
2729.0,49.0,50.0,2.0,100.0,3.2954962
2730.0,0.0,50.0,2.0,100.0,0.0
2731.0,0.5,50.0,2.0,100.0,31.64385
2732.0,1.0,50.0,2.0,100.0,0.0
2733.0,2.0,50.0,2.0,100.0,0.0
2734.0,3.0,50.0,2.0,100.0,9.24613
2735.0,5.0,50.0,2.0,100.0,25.742313
2736.0,10.0,50.0,2.0,100.0,12.660399
2737.0,20.0,50.0,2.0,100.0,5.483074
2738.0,40.0,50.0,2.0,100.0,2.4049013
2739.0,49.0,50.0,2.0,100.0,3.6042302
2740.0,0.0,50.0,2.0,100.0,0.0
2741.0,0.5,50.0,2.0,100.0,0.0
2742.0,1.0,50.0,2.0,100.0,0.0
2743.0,2.0,50.0,2.0,100.0,21.73323
2744.0,3.0,50.0,2.0,100.0,26.34388
2745.0,5.0,50.0,2.0,100.0,25.735838
2746.0,10.0,50.0,2.0,100.0,13.946325
2747.0,20.0,50.0,2.0,100.0,6.8637533
2748.0,40.0,50.0,2.0,100.0,3.0183265
2749.0,49.0,50.0,2.0,100.0,2.7731712
2750.0,0.0,50.0,2.0,100.0,0.0
2751.0,0.5,50.0,2.0,100.0,0.0
2752.0,1.0,50.0,2.0,100.0,31.722757
2753.0,2.0,50.0,2.0,100.0,28.219378
2754.0,3.0,50.0,2.0,100.0,22.700954
2755.0,5.0,50.0,2.0,100.0,18.402899
2756.0,10.0,50.0,2.0,100.0,7.7733035
2757.0,20.0,50.0,2.0,100.0,5.5450206
2758.0,40.0,50.0,2.0,100.0,3.6968455
2759.0,49.0,50.0,2.0,100.0,4.7609525
2760.0,0.0,50.0,2.0,100.0,0.0
2761.0,0.5,50.0,2.0,100.0,35.298725
2762.0,1.0,50.0,2.0,100.0,0.0
2763.0,2.0,50.0,2.0,100.0,16.350332
2764.0,3.0,50.0,2.0,100.0,43.661575
2765.0,5.0,50.0,2.0,100.0,15.66844
2766.0,10.0,50.0,2.0,100.0,11.090536
2767.0,20.0,50.0,2.0,100.0,4.5531054
2768.0,40.0,50.0,2.0,100.0,4.328051
2769.0,49.0,50.0,2.0,100.0,2.6439507
2770.0,0.0,50.0,2.0,100.0,0.0
2771.0,0.5,50.0,2.0,100.0,0.0
2772.0,1.0,50.0,2.0,100.0,44.43347
2773.0,2.0,50.0,2.0,100.0,13.706447
2774.0,3.0,50.0,2.0,100.0,18.845234
2775.0,5.0,50.0,2.0,100.0,7.8780775
2776.0,10.0,50.0,2.0,100.0,10.823256
2777.0,20.0,50.0,2.0,100.0,3.3803701
2778.0,40.0,50.0,2.0,100.0,2.2339373
2779.0,49.0,50.0,2.0,100.0,1.6126968
2780.0,0.0,50.0,2.0,100.0,0.0
2781.0,0.5,50.0,2.0,100.0,0.0
2782.0,1.0,50.0,2.0,100.0,28.948229
2783.0,2.0,50.0,2.0,100.0,1.5275252
2784.0,3.0,50.0,2.0,100.0,31.64385
2785.0,5.0,50.0,2.0,100.0,18.814888
2786.0,10.0,50.0,2.0,100.0,10.071176
2787.0,20.0,50.0,2.0,100.0,9.637888
2788.0,40.0,50.0,2.0,100.0,3.2632992
2789.0,49.0,50.0,2.0,100.0,3.0150416
2790.0,0.0,50.0,2.0,100.0,0.0
2791.0,0.5,50.0,2.0,100.0,0.0
2792.0,1.0,50.0,2.0,100.0,25.455845
2793.0,2.0,50.0,2.0,100.0,17.4274
2794.0,3.0,50.0,2.0,100.0,22.293497
2795.0,5.0,50.0,2.0,100.0,15.933194
2796.0,10.0,50.0,2.0,100.0,13.049357
2797.0,20.0,50.0,2.0,100.0,5.8821764
2798.0,40.0,50.0,2.0,100.0,2.3001037
2799.0,49.0,50.0,2.0,100.0,3.5870137
2800.0,0.0,50.0,2.0,100.0,49.963318
2801.0,0.5,50.0,2.0,100.0,0.0
2802.0,1.0,50.0,2.0,100.0,38.552994
2803.0,2.0,50.0,2.0,100.0,33.56089
2804.0,3.0,50.0,2.0,100.0,5.1316013
2805.0,5.0,50.0,2.0,100.0,18.009256
2806.0,10.0,50.0,2.0,100.0,11.756795
2807.0,20.0,50.0,2.0,100.0,7.9115996
2808.0,40.0,50.0,2.0,100.0,3.3705037
2809.0,49.0,50.0,2.0,100.0,4.676681
2810.0,0.0,50.0,2.0,100.0,0.0
2811.0,0.5,50.0,2.0,100.0,0.0
2812.0,1.0,50.0,2.0,100.0,35.860844
2813.0,2.0,50.0,2.0,100.0,8.1034975
2814.0,3.0,50.0,2.0,100.0,3.8871963
2815.0,5.0,50.0,2.0,100.0,20.94437
2816.0,10.0,50.0,2.0,100.0,8.227818
2817.0,20.0,50.0,2.0,100.0,3.9036005
2818.0,40.0,50.0,2.0,100.0,3.656285
2819.0,49.0,50.0,2.0,100.0,3.2389004
2820.0,0.0,50.0,2.0,100.0,0.0
2821.0,0.5,50.0,2.0,100.0,0.0
2822.0,1.0,50.0,2.0,100.0,28.536526
2823.0,2.0,50.0,2.0,100.0,44.74744
2824.0,3.0,50.0,2.0,100.0,22.627417
2825.0,5.0,50.0,2.0,100.0,22.135944
2826.0,10.0,50.0,2.0,100.0,11.135529
2827.0,20.0,50.0,2.0,100.0,4.980916
2828.0,40.0,50.0,2.0,100.0,2.0584347
2829.0,49.0,50.0,2.0,100.0,3.3735666
2830.0,0.0,50.0,2.0,100.0,12.118627
2831.0,0.5,50.0,2.0,100.0,33.020195
2832.0,1.0,50.0,2.0,100.0,0.0
2833.0,2.0,50.0,2.0,100.0,10.9443035
2834.0,3.0,50.0,2.0,100.0,10.039317
2835.0,5.0,50.0,2.0,100.0,9.073771
2836.0,10.0,50.0,2.0,100.0,8.104993
2837.0,20.0,50.0,2.0,100.0,3.6865263
2838.0,40.0,50.0,2.0,100.0,2.132007
2839.0,49.0,50.0,2.0,100.0,3.4130814
2840.0,0.0,50.0,2.0,100.0,0.0
2841.0,0.5,50.0,2.0,100.0,0.0
2842.0,1.0,50.0,2.0,100.0,0.0
2843.0,2.0,50.0,2.0,100.0,14.787382
2844.0,3.0,50.0,2.0,100.0,21.416506
2845.0,5.0,50.0,2.0,100.0,10.630146
2846.0,10.0,50.0,2.0,100.0,10.142047
2847.0,20.0,50.0,2.0,100.0,10.117366
2848.0,40.0,50.0,2.0,100.0,4.7459254
2849.0,49.0,50.0,2.0,100.0,5.1081867
2850.0,0.0,50.0,2.0,100.0,0.0
2851.0,0.5,50.0,2.0,100.0,48.418316
2852.0,1.0,50.0,2.0,100.0,51.73329
2853.0,2.0,50.0,2.0,100.0,44.43347
2854.0,3.0,50.0,2.0,100.0,53.407238
2855.0,5.0,50.0,2.0,100.0,1.9469144
2856.0,10.0,50.0,2.0,100.0,15.819819
2857.0,20.0,50.0,2.0,100.0,3.2632995
2858.0,40.0,50.0,2.0,100.0,2.8697202
2859.0,49.0,50.0,2.0,100.0,2.7070396
2860.0,0.0,50.0,2.0,100.0,0.0
2861.0,0.5,50.0,2.0,100.0,0.0
2862.0,1.0,50.0,2.0,100.0,0.0
2863.0,2.0,50.0,2.0,100.0,35.303444
2864.0,3.0,50.0,2.0,100.0,22.479622
2865.0,5.0,50.0,2.0,100.0,39.59798
2866.0,10.0,50.0,2.0,100.0,10.07472
2867.0,20.0,50.0,2.0,100.0,5.750139
2868.0,40.0,50.0,2.0,100.0,3.1599517
2869.0,49.0,50.0,2.0,100.0,2.380476
2870.0,0.0,50.0,2.0,100.0,0.0
2871.0,0.5,50.0,2.0,100.0,38.552994
2872.0,1.0,50.0,2.0,100.0,20.992062
2873.0,2.0,50.0,2.0,100.0,0.0
2874.0,3.0,50.0,2.0,100.0,12.349089
2875.0,5.0,50.0,2.0,100.0,14.370108
2876.0,10.0,50.0,2.0,100.0,13.866026
2877.0,20.0,50.0,2.0,100.0,6.5750113
2878.0,40.0,50.0,2.0,100.0,3.617315
2879.0,49.0,50.0,2.0,100.0,3.5861251
2880.0,0.0,50.0,2.0,100.0,0.0
2881.0,0.5,50.0,2.0,100.0,0.0
2882.0,1.0,50.0,2.0,100.0,10.115994
2883.0,2.0,50.0,2.0,100.0,8.856887
2884.0,3.0,50.0,2.0,100.0,30.270998
2885.0,5.0,50.0,2.0,100.0,11.793864
2886.0,10.0,50.0,2.0,100.0,17.397318
2887.0,20.0,50.0,2.0,100.0,10.147399
2888.0,40.0,50.0,2.0,100.0,4.7157288
2889.0,49.0,50.0,2.0,100.0,1.9681253
2890.0,0.0,50.0,2.0,100.0,0.0
2891.0,0.5,50.0,2.0,100.0,0.0
2892.0,1.0,50.0,2.0,100.0,0.0
2893.0,2.0,50.0,2.0,100.0,23.790754
2894.0,3.0,50.0,2.0,100.0,34.351128
2895.0,5.0,50.0,2.0,100.0,17.156145
2896.0,10.0,50.0,2.0,100.0,16.107971
2897.0,20.0,50.0,2.0,100.0,5.3674507
2898.0,40.0,50.0,2.0,100.0,2.6627948
2899.0,49.0,50.0,2.0,100.0,3.8710847
2900.0,0.0,50.0,2.0,100.0,0.0
2901.0,0.5,50.0,2.0,100.0,35.921207
2902.0,1.0,50.0,2.0,100.0,50.895317
2903.0,2.0,50.0,2.0,100.0,27.061657
2904.0,3.0,50.0,2.0,100.0,17.904509
2905.0,5.0,50.0,2.0,100.0,15.776716
2906.0,10.0,50.0,2.0,100.0,9.268482
2907.0,20.0,50.0,2.0,100.0,5.677215
2908.0,40.0,50.0,2.0,100.0,3.3116946
2909.0,49.0,50.0,2.0,100.0,3.7229416
2910.0,0.0,50.0,2.0,100.0,0.0
2911.0,0.5,50.0,2.0,100.0,0.0
2912.0,1.0,50.0,2.0,100.0,6.0316625
2913.0,2.0,50.0,2.0,100.0,4.7154317
2914.0,3.0,50.0,2.0,100.0,1.4142135
2915.0,5.0,50.0,2.0,100.0,21.908903
2916.0,10.0,50.0,2.0,100.0,12.769756
2917.0,20.0,50.0,2.0,100.0,3.5861254
2918.0,40.0,50.0,2.0,100.0,4.1815424
2919.0,49.0,50.0,2.0,100.0,3.5876656
2920.0,0.0,50.0,2.0,100.0,7.5690756
2921.0,0.5,50.0,2.0,100.0,27.501514
2922.0,1.0,50.0,2.0,100.0,46.543884
2923.0,2.0,50.0,2.0,100.0,17.672955
2924.0,3.0,50.0,2.0,100.0,31.53305
2925.0,5.0,50.0,2.0,100.0,32.97474
2926.0,10.0,50.0,2.0,100.0,12.346839
2927.0,20.0,50.0,2.0,100.0,6.792045
2928.0,40.0,50.0,2.0,100.0,6.99267
2929.0,49.0,50.0,2.0,100.0,3.681787
2930.0,0.0,50.0,2.0,100.0,0.0
2931.0,0.5,50.0,2.0,100.0,26.831041
2932.0,1.0,50.0,2.0,100.0,0.0
2933.0,2.0,50.0,2.0,100.0,36.555893
2934.0,3.0,50.0,2.0,100.0,47.60602
2935.0,5.0,50.0,2.0,100.0,11.6809435
2936.0,10.0,50.0,2.0,100.0,4.6437163
2937.0,20.0,50.0,2.0,100.0,6.3135657
2938.0,40.0,50.0,2.0,100.0,3.4877646
2939.0,49.0,50.0,2.0,100.0,5.1342278
2940.0,0.0,50.0,2.0,100.0,0.0
2941.0,0.5,50.0,2.0,100.0,0.0
2942.0,1.0,50.0,2.0,100.0,34.12233
2943.0,2.0,50.0,2.0,100.0,34.42867
2944.0,3.0,50.0,2.0,100.0,42.426407
2945.0,5.0,50.0,2.0,100.0,18.425526
2946.0,10.0,50.0,2.0,100.0,8.457175
2947.0,20.0,50.0,2.0,100.0,6.443329
2948.0,40.0,50.0,2.0,100.0,2.586832
2949.0,49.0,50.0,2.0,100.0,3.6338246
2950.0,0.0,50.0,2.0,100.0,0.0
2951.0,0.5,50.0,2.0,100.0,48.418316
2952.0,1.0,50.0,2.0,100.0,30.353474
2953.0,2.0,50.0,2.0,100.0,10.192689
2954.0,3.0,50.0,2.0,100.0,29.905407
2955.0,5.0,50.0,2.0,100.0,37.166294
2956.0,10.0,50.0,2.0,100.0,15.675276
2957.0,20.0,50.0,2.0,100.0,5.752847
2958.0,40.0,50.0,2.0,100.0,3.1944764
2959.0,49.0,50.0,2.0,100.0,2.2685335
2960.0,0.0,50.0,2.0,100.0,0.0
2961.0,0.5,50.0,2.0,100.0,0.0
2962.0,1.0,50.0,2.0,100.0,28.219378
2963.0,2.0,50.0,2.0,100.0,52.576927
2964.0,3.0,50.0,2.0,100.0,12.3130455
2965.0,5.0,50.0,2.0,100.0,11.805131
2966.0,10.0,50.0,2.0,100.0,8.138945
2967.0,20.0,50.0,2.0,100.0,4.932883
2968.0,40.0,50.0,2.0,100.0,2.844376
2969.0,49.0,50.0,2.0,100.0,4.5303216
2970.0,0.0,50.0,2.0,100.0,16.428778
2971.0,0.5,50.0,2.0,100.0,49.237522
2972.0,1.0,50.0,2.0,100.0,0.0
2973.0,2.0,50.0,2.0,100.0,16.832508
2974.0,3.0,50.0,2.0,100.0,14.047538
2975.0,5.0,50.0,2.0,100.0,11.700318
2976.0,10.0,50.0,2.0,100.0,12.015037
2977.0,20.0,50.0,2.0,100.0,4.0906396
2978.0,40.0,50.0,2.0,100.0,3.822876
2979.0,49.0,50.0,2.0,100.0,3.6865268
2980.0,0.0,50.0,2.0,100.0,0.0
2981.0,0.5,50.0,2.0,100.0,43.661575
2982.0,1.0,50.0,2.0,100.0,0.0
2983.0,2.0,50.0,2.0,100.0,24.664415
2984.0,3.0,50.0,2.0,100.0,40.685787
2985.0,5.0,50.0,2.0,100.0,6.368995
2986.0,10.0,50.0,2.0,100.0,16.89576
2987.0,20.0,50.0,2.0,100.0,4.7154317
2988.0,40.0,50.0,2.0,100.0,4.151541
2989.0,49.0,50.0,2.0,100.0,3.689213
2990.0,0.0,50.0,2.0,100.0,0.0
2991.0,0.5,50.0,2.0,100.0,41.404507
2992.0,1.0,50.0,2.0,100.0,20.59126
2993.0,2.0,50.0,2.0,100.0,0.0
2994.0,3.0,50.0,2.0,100.0,14.640127
2995.0,5.0,50.0,2.0,100.0,16.990192
2996.0,10.0,50.0,2.0,100.0,8.392828
2997.0,20.0,50.0,2.0,100.0,5.498663
2998.0,40.0,50.0,2.0,100.0,4.099942
2999.0,49.0,50.0,2.0,100.0,3.8128746
3000.0,0.0,60.0,2.0,100.0,0.0
3001.0,0.5,60.0,2.0,100.0,51.733288
3002.0,1.0,60.0,2.0,100.0,11.362707
3003.0,2.0,60.0,2.0,100.0,15.964246
3004.0,3.0,60.0,2.0,100.0,15.0111065
3005.0,5.0,60.0,2.0,100.0,14.596804
3006.0,10.0,60.0,2.0,100.0,15.042162
3007.0,20.0,60.0,2.0,100.0,5.722522
3008.0,40.0,60.0,2.0,100.0,4.6352234
3009.0,49.0,60.0,2.0,100.0,3.4935193
3010.0,0.0,60.0,2.0,100.0,0.0
3011.0,0.5,60.0,2.0,100.0,0.0
3012.0,1.0,60.0,2.0,100.0,0.0
3013.0,2.0,60.0,2.0,100.0,29.027082
3014.0,3.0,60.0,2.0,100.0,33.941124
3015.0,5.0,60.0,2.0,100.0,17.107504
3016.0,10.0,60.0,2.0,100.0,13.779211
3017.0,20.0,60.0,2.0,100.0,5.5763106
3018.0,40.0,60.0,2.0,100.0,6.3592105
3019.0,49.0,60.0,2.0,100.0,3.4678733
3020.0,0.0,60.0,2.0,100.0,0.0
3021.0,0.5,60.0,2.0,100.0,21.600266
3022.0,1.0,60.0,2.0,100.0,47.60602
3023.0,2.0,60.0,2.0,100.0,29.02298
3024.0,3.0,60.0,2.0,100.0,15.556349
3025.0,5.0,60.0,2.0,100.0,10.433462
3026.0,10.0,60.0,2.0,100.0,14.815533
3027.0,20.0,60.0,2.0,100.0,10.014535
3028.0,40.0,60.0,2.0,100.0,5.558876
3029.0,49.0,60.0,2.0,100.0,2.6213253
3030.0,0.0,60.0,2.0,100.0,0.0
3031.0,0.5,60.0,2.0,100.0,0.0
3032.0,1.0,60.0,2.0,100.0,30.989246
3033.0,2.0,60.0,2.0,100.0,63.63961
3034.0,3.0,60.0,2.0,100.0,22.700954
3035.0,5.0,60.0,2.0,100.0,12.7366495
3036.0,10.0,60.0,2.0,100.0,11.161158
3037.0,20.0,60.0,2.0,100.0,10.538696
3038.0,40.0,60.0,2.0,100.0,3.3307009
3039.0,49.0,60.0,2.0,100.0,4.3282022
3040.0,0.0,60.0,2.0,100.0,0.0
3041.0,0.5,60.0,2.0,100.0,34.122326
3042.0,1.0,60.0,2.0,100.0,0.0
3043.0,2.0,60.0,2.0,100.0,46.003624
3044.0,3.0,60.0,2.0,100.0,43.840622
3045.0,5.0,60.0,2.0,100.0,44.43347
3046.0,10.0,60.0,2.0,100.0,18.610033
3047.0,20.0,60.0,2.0,100.0,7.389933
3048.0,40.0,60.0,2.0,100.0,2.6249716
3049.0,49.0,60.0,2.0,100.0,2.605854
3050.0,0.0,60.0,2.0,100.0,0.0
3051.0,0.5,60.0,2.0,100.0,8.041558
3052.0,1.0,60.0,2.0,100.0,0.0
3053.0,2.0,60.0,2.0,100.0,10.70483
3054.0,3.0,60.0,2.0,100.0,15.90807
3055.0,5.0,60.0,2.0,100.0,13.982131
3056.0,10.0,60.0,2.0,100.0,16.077934
3057.0,20.0,60.0,2.0,100.0,10.535654
3058.0,40.0,60.0,2.0,100.0,3.0480282
3059.0,49.0,60.0,2.0,100.0,4.1173267
3060.0,0.0,60.0,2.0,100.0,5.6477814
3061.0,0.5,60.0,2.0,100.0,0.0
3062.0,1.0,60.0,2.0,100.0,0.0
3063.0,2.0,60.0,2.0,100.0,20.1825
3064.0,3.0,60.0,2.0,100.0,36.555893
3065.0,5.0,60.0,2.0,100.0,28.112867
3066.0,10.0,60.0,2.0,100.0,18.425526
3067.0,20.0,60.0,2.0,100.0,4.704452
3068.0,40.0,60.0,2.0,100.0,3.5183923
3069.0,49.0,60.0,2.0,100.0,3.0883672
3070.0,0.0,60.0,2.0,100.0,0.0
3071.0,0.5,60.0,2.0,100.0,0.0
3072.0,1.0,60.0,2.0,100.0,0.0
3073.0,2.0,60.0,2.0,100.0,40.673496
3074.0,3.0,60.0,2.0,100.0,11.640057
3075.0,5.0,60.0,2.0,100.0,17.70499
3076.0,10.0,60.0,2.0,100.0,7.8740077
3077.0,20.0,60.0,2.0,100.0,5.6223035
3078.0,40.0,60.0,2.0,100.0,3.2216587
3079.0,49.0,60.0,2.0,100.0,2.5769541
3080.0,0.0,60.0,2.0,100.0,0.0
3081.0,0.5,60.0,2.0,100.0,0.0
3082.0,1.0,60.0,2.0,100.0,0.0
3083.0,2.0,60.0,2.0,100.0,30.832884
3084.0,3.0,60.0,2.0,100.0,8.734467
3085.0,5.0,60.0,2.0,100.0,7.0237694
3086.0,10.0,60.0,2.0,100.0,13.0
3087.0,20.0,60.0,2.0,100.0,6.9087462
3088.0,40.0,60.0,2.0,100.0,3.5565605
3089.0,49.0,60.0,2.0,100.0,3.0339212
3090.0,0.0,60.0,2.0,100.0,0.0
3091.0,0.5,60.0,2.0,100.0,0.0
3092.0,1.0,60.0,2.0,100.0,22.030281
3093.0,2.0,60.0,2.0,100.0,40.673496
3094.0,3.0,60.0,2.0,100.0,38.759945
3095.0,5.0,60.0,2.0,100.0,36.769554
3096.0,10.0,60.0,2.0,100.0,7.0881896
3097.0,20.0,60.0,2.0,100.0,6.622772
3098.0,40.0,60.0,2.0,100.0,3.9981613
3099.0,49.0,60.0,2.0,100.0,3.4488747
3100.0,0.0,60.0,2.0,100.0,0.0
3101.0,0.5,60.0,2.0,100.0,33.020195
3102.0,1.0,60.0,2.0,100.0,0.0
3103.0,2.0,60.0,2.0,100.0,7.512627
3104.0,3.0,60.0,2.0,100.0,28.248894
3105.0,5.0,60.0,2.0,100.0,28.536528
3106.0,10.0,60.0,2.0,100.0,10.469533
3107.0,20.0,60.0,2.0,100.0,8.443395
3108.0,40.0,60.0,2.0,100.0,3.450869
3109.0,49.0,60.0,2.0,100.0,2.7857196
3110.0,0.0,60.0,2.0,100.0,0.0
3111.0,0.5,60.0,2.0,100.0,0.0
3112.0,1.0,60.0,2.0,100.0,18.876793
3113.0,2.0,60.0,2.0,100.0,37.287174
3114.0,3.0,60.0,2.0,100.0,38.552994
3115.0,5.0,60.0,2.0,100.0,29.670412
3116.0,10.0,60.0,2.0,100.0,15.48763
3117.0,20.0,60.0,2.0,100.0,3.2326794
3118.0,40.0,60.0,2.0,100.0,2.9029124
3119.0,49.0,60.0,2.0,100.0,3.0339212
3120.0,0.0,60.0,2.0,100.0,0.0
3121.0,0.5,60.0,2.0,100.0,47.38495
3122.0,1.0,60.0,2.0,100.0,27.386127
3123.0,2.0,60.0,2.0,100.0,36.66515
3124.0,3.0,60.0,2.0,100.0,8.677033
3125.0,5.0,60.0,2.0,100.0,28.08321
3126.0,10.0,60.0,2.0,100.0,13.851594
3127.0,20.0,60.0,2.0,100.0,9.28668
3128.0,40.0,60.0,2.0,100.0,4.7819104
3129.0,49.0,60.0,2.0,100.0,4.4023805
3130.0,0.0,60.0,2.0,100.0,0.0
3131.0,0.5,60.0,2.0,100.0,0.0
3132.0,1.0,60.0,2.0,100.0,18.408073
3133.0,2.0,60.0,2.0,100.0,17.10472
3134.0,3.0,60.0,2.0,100.0,0.0
3135.0,5.0,60.0,2.0,100.0,5.5075707
3136.0,10.0,60.0,2.0,100.0,7.3029675
3137.0,20.0,60.0,2.0,100.0,6.800178
3138.0,40.0,60.0,2.0,100.0,4.6260133
3139.0,49.0,60.0,2.0,100.0,2.3278685
3140.0,0.0,60.0,2.0,100.0,0.0
3141.0,0.5,60.0,2.0,100.0,0.0
3142.0,1.0,60.0,2.0,100.0,0.0
3143.0,2.0,60.0,2.0,100.0,22.989128
3144.0,3.0,60.0,2.0,100.0,8.657504
3145.0,5.0,60.0,2.0,100.0,6.499418
3146.0,10.0,60.0,2.0,100.0,21.482552
3147.0,20.0,60.0,2.0,100.0,6.6188765
3148.0,40.0,60.0,2.0,100.0,4.169047
3149.0,49.0,60.0,2.0,100.0,3.8839374
3150.0,0.0,60.0,2.0,100.0,0.0
3151.0,0.5,60.0,2.0,100.0,28.00595
3152.0,1.0,60.0,2.0,100.0,39.247078
3153.0,2.0,60.0,2.0,100.0,14.039626
3154.0,3.0,60.0,2.0,100.0,28.988503
3155.0,5.0,60.0,2.0,100.0,3.0550506
3156.0,10.0,60.0,2.0,100.0,15.187714
3157.0,20.0,60.0,2.0,100.0,9.505846
3158.0,40.0,60.0,2.0,100.0,4.730851
3159.0,49.0,60.0,2.0,100.0,2.6561882
3160.0,0.0,60.0,2.0,100.0,0.0
3161.0,0.5,60.0,2.0,100.0,0.0
3162.0,1.0,60.0,2.0,100.0,0.0
3163.0,2.0,60.0,2.0,100.0,11.313708
3164.0,3.0,60.0,2.0,100.0,12.481096
3165.0,5.0,60.0,2.0,100.0,22.277044
3166.0,10.0,60.0,2.0,100.0,13.093074
3167.0,20.0,60.0,2.0,100.0,7.521398
3168.0,40.0,60.0,2.0,100.0,1.9976177
3169.0,49.0,60.0,2.0,100.0,3.9192212
3170.0,0.0,60.0,2.0,100.0,0.0
3171.0,0.5,60.0,2.0,100.0,0.0
3172.0,1.0,60.0,2.0,100.0,0.0
3173.0,2.0,60.0,2.0,100.0,27.682728
3174.0,3.0,60.0,2.0,100.0,7.471558
3175.0,5.0,60.0,2.0,100.0,16.966635
3176.0,10.0,60.0,2.0,100.0,3.4737108
3177.0,20.0,60.0,2.0,100.0,9.138663
3178.0,40.0,60.0,2.0,100.0,5.710542
3179.0,49.0,60.0,2.0,100.0,3.697729
3180.0,0.0,60.0,2.0,100.0,0.0
3181.0,0.5,60.0,2.0,100.0,17.40416
3182.0,1.0,60.0,2.0,100.0,0.0
3183.0,2.0,60.0,2.0,100.0,13.752922
3184.0,3.0,60.0,2.0,100.0,29.263174
3185.0,5.0,60.0,2.0,100.0,18.147543
3186.0,10.0,60.0,2.0,100.0,6.8666964
3187.0,20.0,60.0,2.0,100.0,5.959571
3188.0,40.0,60.0,2.0,100.0,3.9662035
3189.0,49.0,60.0,2.0,100.0,5.011018
3190.0,0.0,60.0,2.0,100.0,0.0
3191.0,0.5,60.0,2.0,100.0,14.21267
3192.0,1.0,60.0,2.0,100.0,20.441788
3193.0,2.0,60.0,2.0,100.0,13.051182
3194.0,3.0,60.0,2.0,100.0,47.60602
3195.0,5.0,60.0,2.0,100.0,5.842249
3196.0,10.0,60.0,2.0,100.0,12.216305
3197.0,20.0,60.0,2.0,100.0,6.264032
3198.0,40.0,60.0,2.0,100.0,3.7229416
3199.0,49.0,60.0,2.0,100.0,3.0643885
3200.0,0.0,60.0,2.0,100.0,0.0
3201.0,0.5,60.0,2.0,100.0,0.0
3202.0,1.0,60.0,2.0,100.0,0.0
3203.0,2.0,60.0,2.0,100.0,24.454039
3204.0,3.0,60.0,2.0,100.0,50.895317
3205.0,5.0,60.0,2.0,100.0,20.733227
3206.0,10.0,60.0,2.0,100.0,20.34699
3207.0,20.0,60.0,2.0,100.0,9.7866125
3208.0,40.0,60.0,2.0,100.0,4.4283514
3209.0,49.0,60.0,2.0,100.0,3.6031177
3210.0,0.0,60.0,2.0,100.0,0.0
3211.0,0.5,60.0,2.0,100.0,0.0
3212.0,1.0,60.0,2.0,100.0,48.23208
3213.0,2.0,60.0,2.0,100.0,5.8594656
3214.0,3.0,60.0,2.0,100.0,7.5938573
3215.0,5.0,60.0,2.0,100.0,12.241777
3216.0,10.0,60.0,2.0,100.0,11.785786
3217.0,20.0,60.0,2.0,100.0,8.11035
3218.0,40.0,60.0,2.0,100.0,3.772969
3219.0,49.0,60.0,2.0,100.0,2.8837109
3220.0,0.0,60.0,2.0,100.0,5.53775
3221.0,0.5,60.0,2.0,100.0,51.73329
3222.0,1.0,60.0,2.0,100.0,28.919428
3223.0,2.0,60.0,2.0,100.0,11.313708
3224.0,3.0,60.0,2.0,100.0,9.396049
3225.0,5.0,60.0,2.0,100.0,14.224393
3226.0,10.0,60.0,2.0,100.0,10.406293
3227.0,20.0,60.0,2.0,100.0,5.495453
3228.0,40.0,60.0,2.0,100.0,3.6706517
3229.0,49.0,60.0,2.0,100.0,4.675499
3230.0,0.0,60.0,2.0,100.0,0.0
3231.0,0.5,60.0,2.0,100.0,0.0
3232.0,1.0,60.0,2.0,100.0,7.071068
3233.0,2.0,60.0,2.0,100.0,20.672043
3234.0,3.0,60.0,2.0,100.0,10.763881
3235.0,5.0,60.0,2.0,100.0,15.795569
3236.0,10.0,60.0,2.0,100.0,15.103349
3237.0,20.0,60.0,2.0,100.0,7.9162283
3238.0,40.0,60.0,2.0,100.0,4.1364594
3239.0,49.0,60.0,2.0,100.0,3.9667735
3240.0,0.0,60.0,2.0,100.0,0.0
3241.0,0.5,60.0,2.0,100.0,0.0
3242.0,1.0,60.0,2.0,100.0,0.0
3243.0,2.0,60.0,2.0,100.0,34.122326
3244.0,3.0,60.0,2.0,100.0,25.129002
3245.0,5.0,60.0,2.0,100.0,4.6437163
3246.0,10.0,60.0,2.0,100.0,12.771496
3247.0,20.0,60.0,2.0,100.0,4.973262
3248.0,40.0,60.0,2.0,100.0,2.8469744
3249.0,49.0,60.0,2.0,100.0,4.494441
3250.0,0.0,60.0,2.0,100.0,0.0
3251.0,0.5,60.0,2.0,100.0,0.0
3252.0,1.0,60.0,2.0,100.0,13.687991
3253.0,2.0,60.0,2.0,100.0,30.270998
3254.0,3.0,60.0,2.0,100.0,23.452078
3255.0,5.0,60.0,2.0,100.0,5.8878407
3256.0,10.0,60.0,2.0,100.0,14.370108
3257.0,20.0,60.0,2.0,100.0,3.2290711
3258.0,40.0,60.0,2.0,100.0,3.199265
3259.0,49.0,60.0,2.0,100.0,3.509386
3260.0,0.0,60.0,2.0,100.0,0.0
3261.0,0.5,60.0,2.0,100.0,0.0
3262.0,1.0,60.0,2.0,100.0,0.0
3263.0,2.0,60.0,2.0,100.0,19.304577
3264.0,3.0,60.0,2.0,100.0,50.063293
3265.0,5.0,60.0,2.0,100.0,9.88987
3266.0,10.0,60.0,2.0,100.0,15.839473
3267.0,20.0,60.0,2.0,100.0,9.558301
3268.0,40.0,60.0,2.0,100.0,3.2290714
3269.0,49.0,60.0,2.0,100.0,3.2767122
3270.0,0.0,60.0,2.0,100.0,0.0
3271.0,0.5,60.0,2.0,100.0,0.0
3272.0,1.0,60.0,2.0,100.0,0.0
3273.0,2.0,60.0,2.0,100.0,50.063293
3274.0,3.0,60.0,2.0,100.0,26.076809
3275.0,5.0,60.0,2.0,100.0,14.279265
3276.0,10.0,60.0,2.0,100.0,8.927317
3277.0,20.0,60.0,2.0,100.0,7.547827
3278.0,40.0,60.0,2.0,100.0,5.066228
3279.0,49.0,60.0,2.0,100.0,2.8089993
3280.0,0.0,60.0,2.0,100.0,0.0
3281.0,0.5,60.0,2.0,100.0,38.552994
3282.0,1.0,60.0,2.0,100.0,1.5275252
3283.0,2.0,60.0,2.0,100.0,21.385353
3284.0,3.0,60.0,2.0,100.0,7.726382
3285.0,5.0,60.0,2.0,100.0,13.633292
3286.0,10.0,60.0,2.0,100.0,15.604486
3287.0,20.0,60.0,2.0,100.0,3.590331
3288.0,40.0,60.0,2.0,100.0,4.2274513
3289.0,49.0,60.0,2.0,100.0,2.6855392
3290.0,0.0,60.0,2.0,100.0,37.456642
3291.0,0.5,60.0,2.0,100.0,23.501772
3292.0,1.0,60.0,2.0,100.0,0.0
3293.0,2.0,60.0,2.0,100.0,22.747894
3294.0,3.0,60.0,2.0,100.0,14.638501
3295.0,5.0,60.0,2.0,100.0,18.339394
3296.0,10.0,60.0,2.0,100.0,8.35331
3297.0,20.0,60.0,2.0,100.0,7.9302516
3298.0,40.0,60.0,2.0,100.0,3.2398658
3299.0,49.0,60.0,2.0,100.0,3.4877646
3300.0,0.0,60.0,2.0,100.0,0.0
3301.0,0.5,60.0,2.0,100.0,30.270998
3302.0,1.0,60.0,2.0,100.0,27.540878
3303.0,2.0,60.0,2.0,100.0,29.586033
3304.0,3.0,60.0,2.0,100.0,24.276188
3305.0,5.0,60.0,2.0,100.0,10.29563
3306.0,10.0,60.0,2.0,100.0,9.586698
3307.0,20.0,60.0,2.0,100.0,10.636864
3308.0,40.0,60.0,2.0,100.0,3.7061157
3309.0,49.0,60.0,2.0,100.0,3.4928498
3310.0,0.0,60.0,2.0,100.0,0.0
3311.0,0.5,60.0,2.0,100.0,25.05803
3312.0,1.0,60.0,2.0,100.0,38.759945
3313.0,2.0,60.0,2.0,100.0,47.60602
3314.0,3.0,60.0,2.0,100.0,31.53305
3315.0,5.0,60.0,2.0,100.0,14.862866
3316.0,10.0,60.0,2.0,100.0,7.7389216
3317.0,20.0,60.0,2.0,100.0,10.775486
3318.0,40.0,60.0,2.0,100.0,5.053052
3319.0,49.0,60.0,2.0,100.0,3.0339212
3320.0,0.0,60.0,2.0,100.0,0.0
3321.0,0.5,60.0,2.0,100.0,38.552994
3322.0,1.0,60.0,2.0,100.0,35.303444
3323.0,2.0,60.0,2.0,100.0,39.247078
3324.0,3.0,60.0,2.0,100.0,21.501938
3325.0,5.0,60.0,2.0,100.0,21.079216
3326.0,10.0,60.0,2.0,100.0,14.552587
3327.0,20.0,60.0,2.0,100.0,7.4317408
3328.0,40.0,60.0,2.0,100.0,3.8419049
3329.0,49.0,60.0,2.0,100.0,3.4572215
3330.0,0.0,60.0,2.0,100.0,0.0
3331.0,0.5,60.0,2.0,100.0,28.925192
3332.0,1.0,60.0,2.0,100.0,45.62163
3333.0,2.0,60.0,2.0,100.0,38.552994
3334.0,3.0,60.0,2.0,100.0,13.26291
3335.0,5.0,60.0,2.0,100.0,13.72953
3336.0,10.0,60.0,2.0,100.0,9.919549
3337.0,20.0,60.0,2.0,100.0,7.930379
3338.0,40.0,60.0,2.0,100.0,4.011679
3339.0,49.0,60.0,2.0,100.0,3.077935
3340.0,0.0,60.0,2.0,100.0,10.99504
3341.0,0.5,60.0,2.0,100.0,0.0
3342.0,1.0,60.0,2.0,100.0,37.20663
3343.0,2.0,60.0,2.0,100.0,5.8594656
3344.0,3.0,60.0,2.0,100.0,36.769554
3345.0,5.0,60.0,2.0,100.0,24.454039
3346.0,10.0,60.0,2.0,100.0,9.379662
3347.0,20.0,60.0,2.0,100.0,8.219219
3348.0,40.0,60.0,2.0,100.0,3.551673
3349.0,49.0,60.0,2.0,100.0,3.4337807
3350.0,0.0,60.0,2.0,100.0,0.0
3351.0,0.5,60.0,2.0,100.0,27.501514
3352.0,1.0,60.0,2.0,100.0,33.336666
3353.0,2.0,60.0,2.0,100.0,6.6583285
3354.0,3.0,60.0,2.0,100.0,23.685438
3355.0,5.0,60.0,2.0,100.0,11.856282
3356.0,10.0,60.0,2.0,100.0,10.848545
3357.0,20.0,60.0,2.0,100.0,5.1316013
3358.0,40.0,60.0,2.0,100.0,3.6642737
3359.0,49.0,60.0,2.0,100.0,3.9824984
3360.0,0.0,60.0,2.0,100.0,0.0
3361.0,0.5,60.0,2.0,100.0,0.0
3362.0,1.0,60.0,2.0,100.0,11.246818
3363.0,2.0,60.0,2.0,100.0,9.310796
3364.0,3.0,60.0,2.0,100.0,30.730007
3365.0,5.0,60.0,2.0,100.0,23.062235
3366.0,10.0,60.0,2.0,100.0,15.7661495
3367.0,20.0,60.0,2.0,100.0,4.187282
3368.0,40.0,60.0,2.0,100.0,5.9981685
3369.0,49.0,60.0,2.0,100.0,2.7857196
3370.0,0.0,60.0,2.0,100.0,0.0
3371.0,0.5,60.0,2.0,100.0,0.0
3372.0,1.0,60.0,2.0,100.0,0.0
3373.0,2.0,60.0,2.0,100.0,15.921683
3374.0,3.0,60.0,2.0,100.0,10.016652
3375.0,5.0,60.0,2.0,100.0,5.1316013
3376.0,10.0,60.0,2.0,100.0,7.201466
3377.0,20.0,60.0,2.0,100.0,15.326602
3378.0,40.0,60.0,2.0,100.0,3.5183923
3379.0,49.0,60.0,2.0,100.0,3.295496
3380.0,0.0,60.0,2.0,100.0,19.387136
3381.0,0.5,60.0,2.0,100.0,19.113695
3382.0,1.0,60.0,2.0,100.0,10.965313
3383.0,2.0,60.0,2.0,100.0,65.053825
3384.0,3.0,60.0,2.0,100.0,6.061951
3385.0,5.0,60.0,2.0,100.0,15.502688
3386.0,10.0,60.0,2.0,100.0,12.633729
3387.0,20.0,60.0,2.0,100.0,6.773388
3388.0,40.0,60.0,2.0,100.0,4.039281
3389.0,49.0,60.0,2.0,100.0,4.670067
3390.0,0.0,60.0,2.0,100.0,0.0
3391.0,0.5,60.0,2.0,100.0,10.76388
3392.0,1.0,60.0,2.0,100.0,28.041634
3393.0,2.0,60.0,2.0,100.0,16.07275
3394.0,3.0,60.0,2.0,100.0,41.01626
3395.0,5.0,60.0,2.0,100.0,57.982758
3396.0,10.0,60.0,2.0,100.0,12.898107
3397.0,20.0,60.0,2.0,100.0,8.205689
3398.0,40.0,60.0,2.0,100.0,3.0818555
3399.0,49.0,60.0,2.0,100.0,2.3431766
3400.0,0.0,60.0,2.0,100.0,5.5735183
3401.0,0.5,60.0,2.0,100.0,0.0
3402.0,1.0,60.0,2.0,100.0,0.0
3403.0,2.0,60.0,2.0,100.0,0.0
3404.0,3.0,60.0,2.0,100.0,32.005207
3405.0,5.0,60.0,2.0,100.0,16.79002
3406.0,10.0,60.0,2.0,100.0,12.243561
3407.0,20.0,60.0,2.0,100.0,7.4088407
3408.0,40.0,60.0,2.0,100.0,2.6815064
3409.0,49.0,60.0,2.0,100.0,3.9940434
3410.0,0.0,60.0,2.0,100.0,0.0
3411.0,0.5,60.0,2.0,100.0,0.0
3412.0,1.0,60.0,2.0,100.0,0.0
3413.0,2.0,60.0,2.0,100.0,28.112867
3414.0,3.0,60.0,2.0,100.0,25.540817
3415.0,5.0,60.0,2.0,100.0,44.286945
3416.0,10.0,60.0,2.0,100.0,13.073055
3417.0,20.0,60.0,2.0,100.0,4.741866
3418.0,40.0,60.0,2.0,100.0,2.9748402
3419.0,49.0,60.0,2.0,100.0,2.5865955
3420.0,0.0,60.0,2.0,100.0,12.023786
3421.0,0.5,60.0,2.0,100.0,0.0
3422.0,1.0,60.0,2.0,100.0,5.3136897
3423.0,2.0,60.0,2.0,100.0,15.666161
3424.0,3.0,60.0,2.0,100.0,16.010414
3425.0,5.0,60.0,2.0,100.0,16.772995
3426.0,10.0,60.0,2.0,100.0,13.199928
3427.0,20.0,60.0,2.0,100.0,6.4708076
3428.0,40.0,60.0,2.0,100.0,4.3696184
3429.0,49.0,60.0,2.0,100.0,3.3473392
3430.0,0.0,60.0,2.0,100.0,0.0
3431.0,0.5,60.0,2.0,100.0,0.0
3432.0,1.0,60.0,2.0,100.0,0.0
3433.0,2.0,60.0,2.0,100.0,8.485281
3434.0,3.0,60.0,2.0,100.0,20.848661
3435.0,5.0,60.0,2.0,100.0,18.587631
3436.0,10.0,60.0,2.0,100.0,10.670572
3437.0,20.0,60.0,2.0,100.0,5.3807416
3438.0,40.0,60.0,2.0,100.0,2.5955427
3439.0,49.0,60.0,2.0,100.0,3.1063037
3440.0,0.0,60.0,2.0,100.0,0.0
3441.0,0.5,60.0,2.0,100.0,32.13513
3442.0,1.0,60.0,2.0,100.0,16.97324
3443.0,2.0,60.0,2.0,100.0,16.483759
3444.0,3.0,60.0,2.0,100.0,15.534906
3445.0,5.0,60.0,2.0,100.0,20.864643
3446.0,10.0,60.0,2.0,100.0,6.884766
3447.0,20.0,60.0,2.0,100.0,5.3488593
3448.0,40.0,60.0,2.0,100.0,2.4270303
3449.0,49.0,60.0,2.0,100.0,3.313979
3450.0,0.0,60.0,2.0,100.0,0.0
3451.0,0.5,60.0,2.0,100.0,0.0
3452.0,1.0,60.0,2.0,100.0,19.553345
3453.0,2.0,60.0,2.0,100.0,20.639767
3454.0,3.0,60.0,2.0,100.0,13.775986
3455.0,5.0,60.0,2.0,100.0,9.58442
3456.0,10.0,60.0,2.0,100.0,9.95705
3457.0,20.0,60.0,2.0,100.0,11.587349
3458.0,40.0,60.0,2.0,100.0,3.396765
3459.0,49.0,60.0,2.0,100.0,4.2556195
3460.0,0.0,60.0,2.0,100.0,0.0
3461.0,0.5,60.0,2.0,100.0,0.0
3462.0,1.0,60.0,2.0,100.0,0.0
3463.0,2.0,60.0,2.0,100.0,38.552994
3464.0,3.0,60.0,2.0,100.0,37.20663
3465.0,5.0,60.0,2.0,100.0,28.035692
3466.0,10.0,60.0,2.0,100.0,10.433653
3467.0,20.0,60.0,2.0,100.0,12.649111
3468.0,40.0,60.0,2.0,100.0,5.0379515
3469.0,49.0,60.0,2.0,100.0,2.8573594
3470.0,0.0,60.0,2.0,100.0,0.0
3471.0,0.5,60.0,2.0,100.0,0.0
3472.0,1.0,60.0,2.0,100.0,31.533052
3473.0,2.0,60.0,2.0,100.0,29.698484
3474.0,3.0,60.0,2.0,100.0,9.623205
3475.0,5.0,60.0,2.0,100.0,12.180358
3476.0,10.0,60.0,2.0,100.0,15.459625
3477.0,20.0,60.0,2.0,100.0,5.297798
3478.0,40.0,60.0,2.0,100.0,2.879319
3479.0,49.0,60.0,2.0,100.0,3.2558854
3480.0,0.0,60.0,2.0,100.0,0.0
3481.0,0.5,60.0,2.0,100.0,0.0
3482.0,1.0,60.0,2.0,100.0,28.360771
3483.0,2.0,60.0,2.0,100.0,36.555893
3484.0,3.0,60.0,2.0,100.0,17.962925
3485.0,5.0,60.0,2.0,100.0,28.041634
3486.0,10.0,60.0,2.0,100.0,5.7792735
3487.0,20.0,60.0,2.0,100.0,11.686378
3488.0,40.0,60.0,2.0,100.0,4.4795833
3489.0,49.0,60.0,2.0,100.0,3.5688713
3490.0,0.0,60.0,2.0,100.0,0.0
3491.0,0.5,60.0,2.0,100.0,0.0
3492.0,1.0,60.0,2.0,100.0,0.0
3493.0,2.0,60.0,2.0,100.0,24.752104
3494.0,3.0,60.0,2.0,100.0,13.379088
3495.0,5.0,60.0,2.0,100.0,25.23886
3496.0,10.0,60.0,2.0,100.0,17.073372
3497.0,20.0,60.0,2.0,100.0,5.8517027
3498.0,40.0,60.0,2.0,100.0,2.5569537
3499.0,49.0,60.0,2.0,100.0,2.6217394
3500.0,0.0,70.0,2.0,100.0,0.0
3501.0,0.5,70.0,2.0,100.0,0.0
3502.0,1.0,70.0,2.0,100.0,0.0
3503.0,2.0,70.0,2.0,100.0,54.28014
3504.0,3.0,70.0,2.0,100.0,8.490891
3505.0,5.0,70.0,2.0,100.0,25.794056
3506.0,10.0,70.0,2.0,100.0,16.248077
3507.0,20.0,70.0,2.0,100.0,9.892478
3508.0,40.0,70.0,2.0,100.0,4.1515408
3509.0,49.0,70.0,2.0,100.0,3.5510974
3510.0,0.0,70.0,2.0,100.0,0.0
3511.0,0.5,70.0,2.0,100.0,42.677082
3512.0,1.0,70.0,2.0,100.0,0.0
3513.0,2.0,70.0,2.0,100.0,0.0
3514.0,3.0,70.0,2.0,100.0,27.95234
3515.0,5.0,70.0,2.0,100.0,12.499699
3516.0,10.0,70.0,2.0,100.0,11.990737
3517.0,20.0,70.0,2.0,100.0,10.976834
3518.0,40.0,70.0,2.0,100.0,3.5334537
3519.0,49.0,70.0,2.0,100.0,3.5334535
3520.0,0.0,70.0,2.0,100.0,0.0
3521.0,0.5,70.0,2.0,100.0,0.0
3522.0,1.0,70.0,2.0,100.0,1.7320508
3523.0,2.0,70.0,2.0,100.0,23.366642
3524.0,3.0,70.0,2.0,100.0,19.553345
3525.0,5.0,70.0,2.0,100.0,8.026471
3526.0,10.0,70.0,2.0,100.0,14.57738
3527.0,20.0,70.0,2.0,100.0,7.010814
3528.0,40.0,70.0,2.0,100.0,4.7679486
3529.0,49.0,70.0,2.0,100.0,3.2381005
3530.0,0.0,70.0,2.0,100.0,0.0
3531.0,0.5,70.0,2.0,100.0,30.298515
3532.0,1.0,70.0,2.0,100.0,0.0
3533.0,2.0,70.0,2.0,100.0,35.487087
3534.0,3.0,70.0,2.0,100.0,26.727015
3535.0,5.0,70.0,2.0,100.0,22.861904
3536.0,10.0,70.0,2.0,100.0,21.528275
3537.0,20.0,70.0,2.0,100.0,5.4993114
3538.0,40.0,70.0,2.0,100.0,4.3858056
3539.0,49.0,70.0,2.0,100.0,3.4488747
3540.0,0.0,70.0,2.0,100.0,7.2964444
3541.0,0.5,70.0,2.0,100.0,28.112867
3542.0,1.0,70.0,2.0,100.0,45.254833
3543.0,2.0,70.0,2.0,100.0,27.361774
3544.0,3.0,70.0,2.0,100.0,20.457273
3545.0,5.0,70.0,2.0,100.0,18.768007
3546.0,10.0,70.0,2.0,100.0,6.496153
3547.0,20.0,70.0,2.0,100.0,9.214378
3548.0,40.0,70.0,2.0,100.0,3.4935195
3549.0,49.0,70.0,2.0,100.0,4.973262
3550.0,0.0,70.0,2.0,100.0,0.0
3551.0,0.5,70.0,2.0,100.0,26.102362
3552.0,1.0,70.0,2.0,100.0,32.496155
3553.0,2.0,70.0,2.0,100.0,27.098585
3554.0,3.0,70.0,2.0,100.0,57.982758
3555.0,5.0,70.0,2.0,100.0,25.199205
3556.0,10.0,70.0,2.0,100.0,7.760849
3557.0,20.0,70.0,2.0,100.0,11.086242
3558.0,40.0,70.0,2.0,100.0,3.7393122
3559.0,49.0,70.0,2.0,100.0,2.8541627
3560.0,0.0,70.0,2.0,100.0,0.0
3561.0,0.5,70.0,2.0,100.0,30.09762
3562.0,1.0,70.0,2.0,100.0,11.813725
3563.0,2.0,70.0,2.0,100.0,25.69695
3564.0,3.0,70.0,2.0,100.0,18.770544
3565.0,5.0,70.0,2.0,100.0,16.852299
3566.0,10.0,70.0,2.0,100.0,20.049938
3567.0,20.0,70.0,2.0,100.0,6.6833124
3568.0,40.0,70.0,2.0,100.0,4.8941174
3569.0,49.0,70.0,2.0,100.0,5.446712
3570.0,0.0,70.0,2.0,100.0,0.0
3571.0,0.5,70.0,2.0,100.0,0.0
3572.0,1.0,70.0,2.0,100.0,0.0
3573.0,2.0,70.0,2.0,100.0,15.6205
3574.0,3.0,70.0,2.0,100.0,11.661903
3575.0,5.0,70.0,2.0,100.0,7.8093085
3576.0,10.0,70.0,2.0,100.0,2.081666
3577.0,20.0,70.0,2.0,100.0,5.4300365
3578.0,40.0,70.0,2.0,100.0,3.509386
3579.0,49.0,70.0,2.0,100.0,2.7047715
3580.0,0.0,70.0,2.0,100.0,0.0
3581.0,0.5,70.0,2.0,100.0,49.08496
3582.0,1.0,70.0,2.0,100.0,50.895317
3583.0,2.0,70.0,2.0,100.0,14.432107
3584.0,3.0,70.0,2.0,100.0,46.801
3585.0,5.0,70.0,2.0,100.0,27.373953
3586.0,10.0,70.0,2.0,100.0,13.0
3587.0,20.0,70.0,2.0,100.0,9.672412
3588.0,40.0,70.0,2.0,100.0,2.8078563
3589.0,49.0,70.0,2.0,100.0,4.328051
3590.0,0.0,70.0,2.0,100.0,0.0
3591.0,0.5,70.0,2.0,100.0,0.0
3592.0,1.0,70.0,2.0,100.0,22.72297
3593.0,2.0,70.0,2.0,100.0,60.811184
3594.0,3.0,70.0,2.0,100.0,29.263174
3595.0,5.0,70.0,2.0,100.0,19.737162
3596.0,10.0,70.0,2.0,100.0,12.127105
3597.0,20.0,70.0,2.0,100.0,6.303235
3598.0,40.0,70.0,2.0,100.0,5.433582
3599.0,49.0,70.0,2.0,100.0,2.490919
3600.0,0.0,70.0,2.0,100.0,0.0
3601.0,0.5,70.0,2.0,100.0,31.638584
3602.0,1.0,70.0,2.0,100.0,28.00595
3603.0,2.0,70.0,2.0,100.0,36.555893
3604.0,3.0,70.0,2.0,100.0,15.231546
3605.0,5.0,70.0,2.0,100.0,22.905603
3606.0,10.0,70.0,2.0,100.0,5.447311
3607.0,20.0,70.0,2.0,100.0,5.175701
3608.0,40.0,70.0,2.0,100.0,6.080271
3609.0,49.0,70.0,2.0,100.0,2.1449451
3610.0,0.0,70.0,2.0,100.0,0.0
3611.0,0.5,70.0,2.0,100.0,34.12233
3612.0,1.0,70.0,2.0,100.0,0.0
3613.0,2.0,70.0,2.0,100.0,10.601766
3614.0,3.0,70.0,2.0,100.0,17.904509
3615.0,5.0,70.0,2.0,100.0,26.689575
3616.0,10.0,70.0,2.0,100.0,20.34699
3617.0,20.0,70.0,2.0,100.0,7.7715793
3618.0,40.0,70.0,2.0,100.0,3.9978063
3619.0,49.0,70.0,2.0,100.0,3.7244253
3620.0,0.0,70.0,2.0,100.0,0.0
3621.0,0.5,70.0,2.0,100.0,0.0
3622.0,1.0,70.0,2.0,100.0,28.219378
3623.0,2.0,70.0,2.0,100.0,24.785748
3624.0,3.0,70.0,2.0,100.0,27.153883
3625.0,5.0,70.0,2.0,100.0,18.654758
3626.0,10.0,70.0,2.0,100.0,15.121729
3627.0,20.0,70.0,2.0,100.0,11.263087
3628.0,40.0,70.0,2.0,100.0,2.883711
3629.0,49.0,70.0,2.0,100.0,2.1408722
3630.0,0.0,70.0,2.0,100.0,0.0
3631.0,0.5,70.0,2.0,100.0,36.226143
3632.0,1.0,70.0,2.0,100.0,0.0
3633.0,2.0,70.0,2.0,100.0,0.0
3634.0,3.0,70.0,2.0,100.0,22.007574
3635.0,5.0,70.0,2.0,100.0,15.66844
3636.0,10.0,70.0,2.0,100.0,16.502525
3637.0,20.0,70.0,2.0,100.0,10.611838
3638.0,40.0,70.0,2.0,100.0,5.0662284
3639.0,49.0,70.0,2.0,100.0,3.664274
3640.0,0.0,70.0,2.0,100.0,0.0
3641.0,0.5,70.0,2.0,100.0,0.0
3642.0,1.0,70.0,2.0,100.0,35.921207
3643.0,2.0,70.0,2.0,100.0,27.717108
3644.0,3.0,70.0,2.0,100.0,18.384777
3645.0,5.0,70.0,2.0,100.0,12.961481
3646.0,10.0,70.0,2.0,100.0,15.858751
3647.0,20.0,70.0,2.0,100.0,7.877856
3648.0,40.0,70.0,2.0,100.0,2.4909194
3649.0,49.0,70.0,2.0,100.0,2.9912152
3650.0,0.0,70.0,2.0,100.0,0.0
3651.0,0.5,70.0,2.0,100.0,37.872593
3652.0,1.0,70.0,2.0,100.0,4.041452
3653.0,2.0,70.0,2.0,100.0,40.857475
3654.0,3.0,70.0,2.0,100.0,8.330512
3655.0,5.0,70.0,2.0,100.0,36.555893
3656.0,10.0,70.0,2.0,100.0,18.770544
3657.0,20.0,70.0,2.0,100.0,4.4088445
3658.0,40.0,70.0,2.0,100.0,6.2634473
3659.0,49.0,70.0,2.0,100.0,2.2173557
3660.0,0.0,70.0,2.0,100.0,0.0
3661.0,0.5,70.0,2.0,100.0,0.0
3662.0,1.0,70.0,2.0,100.0,0.0
3663.0,2.0,70.0,2.0,100.0,27.006172
3664.0,3.0,70.0,2.0,100.0,24.197107
3665.0,5.0,70.0,2.0,100.0,5.0110173
3666.0,10.0,70.0,2.0,100.0,5.5075707
3667.0,20.0,70.0,2.0,100.0,5.662517
3668.0,40.0,70.0,2.0,100.0,3.1765509
3669.0,49.0,70.0,2.0,100.0,2.7911425
3670.0,0.0,70.0,2.0,100.0,20.204903
3671.0,0.5,70.0,2.0,100.0,0.0
3672.0,1.0,70.0,2.0,100.0,0.0
3673.0,2.0,70.0,2.0,100.0,4.120978
3674.0,3.0,70.0,2.0,100.0,10.785793
3675.0,5.0,70.0,2.0,100.0,19.252705
3676.0,10.0,70.0,2.0,100.0,23.22355
3677.0,20.0,70.0,2.0,100.0,12.03698
3678.0,40.0,70.0,2.0,100.0,7.025855
3679.0,49.0,70.0,2.0,100.0,3.9032416
3680.0,0.0,70.0,2.0,100.0,0.0
3681.0,0.5,70.0,2.0,100.0,0.0
3682.0,1.0,70.0,2.0,100.0,36.555893
3683.0,2.0,70.0,2.0,100.0,24.24871
3684.0,3.0,70.0,2.0,100.0,25.423088
3685.0,5.0,70.0,2.0,100.0,24.006943
3686.0,10.0,70.0,2.0,100.0,10.785793
3687.0,20.0,70.0,2.0,100.0,4.792671
3688.0,40.0,70.0,2.0,100.0,3.2398658
3689.0,49.0,70.0,2.0,100.0,2.4475448
3690.0,0.0,70.0,2.0,100.0,0.0
3691.0,0.5,70.0,2.0,100.0,6.0605917
3692.0,1.0,70.0,2.0,100.0,28.219378
3693.0,2.0,70.0,2.0,100.0,17.15337
3694.0,3.0,70.0,2.0,100.0,13.224556
3695.0,5.0,70.0,2.0,100.0,8.386497
3696.0,10.0,70.0,2.0,100.0,3.838232
3697.0,20.0,70.0,2.0,100.0,4.1909547
3698.0,40.0,70.0,2.0,100.0,2.745544
3699.0,49.0,70.0,2.0,100.0,2.1425397
3700.0,0.0,70.0,2.0,100.0,0.0
3701.0,0.5,70.0,2.0,100.0,0.0
3702.0,1.0,70.0,2.0,100.0,34.42867
3703.0,2.0,70.0,2.0,100.0,18.583145
3704.0,3.0,70.0,2.0,100.0,39.247078
3705.0,5.0,70.0,2.0,100.0,7.077799
3706.0,10.0,70.0,2.0,100.0,9.566424
3707.0,20.0,70.0,2.0,100.0,11.218784
3708.0,40.0,70.0,2.0,100.0,3.3967648
3709.0,49.0,70.0,2.0,100.0,3.077935
3710.0,0.0,70.0,2.0,100.0,0.0
3711.0,0.5,70.0,2.0,100.0,42.14657
3712.0,1.0,70.0,2.0,100.0,28.988503
3713.0,2.0,70.0,2.0,100.0,29.682768
3714.0,3.0,70.0,2.0,100.0,25.073227
3715.0,5.0,70.0,2.0,100.0,15.705626
3716.0,10.0,70.0,2.0,100.0,15.890248
3717.0,20.0,70.0,2.0,100.0,5.9898906
3718.0,40.0,70.0,2.0,100.0,3.994043
3719.0,49.0,70.0,2.0,100.0,2.2034936
3720.0,0.0,70.0,2.0,100.0,0.0
3721.0,0.5,70.0,2.0,100.0,0.0
3722.0,1.0,70.0,2.0,100.0,49.963318
3723.0,2.0,70.0,2.0,100.0,36.555893
3724.0,3.0,70.0,2.0,100.0,10.133653
3725.0,5.0,70.0,2.0,100.0,15.606267
3726.0,10.0,70.0,2.0,100.0,15.200876
3727.0,20.0,70.0,2.0,100.0,6.9233904
3728.0,40.0,70.0,2.0,100.0,2.6898503
3729.0,49.0,70.0,2.0,100.0,3.38037
3730.0,0.0,70.0,2.0,100.0,0.0
3731.0,0.5,70.0,2.0,100.0,30.435724
3732.0,1.0,70.0,2.0,100.0,43.98106
3733.0,2.0,70.0,2.0,100.0,28.219378
3734.0,3.0,70.0,2.0,100.0,20.76054
3735.0,5.0,70.0,2.0,100.0,18.359375
3736.0,10.0,70.0,2.0,100.0,20.60744
3737.0,20.0,70.0,2.0,100.0,12.903488
3738.0,40.0,70.0,2.0,100.0,3.6257746
3739.0,49.0,70.0,2.0,100.0,2.309401
3740.0,0.0,70.0,2.0,100.0,0.0
3741.0,0.5,70.0,2.0,100.0,6.5864224
3742.0,1.0,70.0,2.0,100.0,0.0
3743.0,2.0,70.0,2.0,100.0,27.645374
3744.0,3.0,70.0,2.0,100.0,7.0788636
3745.0,5.0,70.0,2.0,100.0,19.179852
3746.0,10.0,70.0,2.0,100.0,5.77604
3747.0,20.0,70.0,2.0,100.0,7.9051194
3748.0,40.0,70.0,2.0,100.0,3.868762
3749.0,49.0,70.0,2.0,100.0,3.184932
3750.0,0.0,70.0,2.0,100.0,0.0
3751.0,0.5,70.0,2.0,100.0,11.671794
3752.0,1.0,70.0,2.0,100.0,0.0
3753.0,2.0,70.0,2.0,100.0,3.1595023
3754.0,3.0,70.0,2.0,100.0,10.503967
3755.0,5.0,70.0,2.0,100.0,7.187953
3756.0,10.0,70.0,2.0,100.0,18.477785
3757.0,20.0,70.0,2.0,100.0,10.728985
3758.0,40.0,70.0,2.0,100.0,5.42194
3759.0,49.0,70.0,2.0,100.0,3.2290711
3760.0,0.0,70.0,2.0,100.0,21.456026
3761.0,0.5,70.0,2.0,100.0,36.555893
3762.0,1.0,70.0,2.0,100.0,0.0
3763.0,2.0,70.0,2.0,100.0,19.712215
3764.0,3.0,70.0,2.0,100.0,0.0
3765.0,5.0,70.0,2.0,100.0,29.97777
3766.0,10.0,70.0,2.0,100.0,9.123491
3767.0,20.0,70.0,2.0,100.0,10.381608
3768.0,40.0,70.0,2.0,100.0,2.5339797
3769.0,49.0,70.0,2.0,100.0,4.7021585
3770.0,0.0,70.0,2.0,100.0,0.0
3771.0,0.5,70.0,2.0,100.0,39.95414
3772.0,1.0,70.0,2.0,100.0,0.0
3773.0,2.0,70.0,2.0,100.0,23.713568
3774.0,3.0,70.0,2.0,100.0,28.00595
3775.0,5.0,70.0,2.0,100.0,10.379344
3776.0,10.0,70.0,2.0,100.0,13.487207
3777.0,20.0,70.0,2.0,100.0,7.006799
3778.0,40.0,70.0,2.0,100.0,3.9036
3779.0,49.0,70.0,2.0,100.0,4.9102235
3780.0,0.0,70.0,2.0,100.0,0.0
3781.0,0.5,70.0,2.0,100.0,0.0
3782.0,1.0,70.0,2.0,100.0,0.0
3783.0,2.0,70.0,2.0,100.0,14.21267
3784.0,3.0,70.0,2.0,100.0,18.583147
3785.0,5.0,70.0,2.0,100.0,22.774256
3786.0,10.0,70.0,2.0,100.0,8.82097
3787.0,20.0,70.0,2.0,100.0,4.104835
3788.0,40.0,70.0,2.0,100.0,4.755028
3789.0,49.0,70.0,2.0,100.0,3.3000722
3790.0,0.0,70.0,2.0,100.0,0.0
3791.0,0.5,70.0,2.0,100.0,41.404507
3792.0,1.0,70.0,2.0,100.0,38.214306
3793.0,2.0,70.0,2.0,100.0,31.085901
3794.0,3.0,70.0,2.0,100.0,12.727922
3795.0,5.0,70.0,2.0,100.0,11.045361
3796.0,10.0,70.0,2.0,100.0,7.2959423
3797.0,20.0,70.0,2.0,100.0,7.8315597
3798.0,40.0,70.0,2.0,100.0,3.1953914
3799.0,49.0,70.0,2.0,100.0,2.789901
3800.0,0.0,70.0,2.0,100.0,0.0
3801.0,0.5,70.0,2.0,100.0,0.0
3802.0,1.0,70.0,2.0,100.0,29.569128
3803.0,2.0,70.0,2.0,100.0,39.247078
3804.0,3.0,70.0,2.0,100.0,22.135944
3805.0,5.0,70.0,2.0,100.0,8.260193
3806.0,10.0,70.0,2.0,100.0,11.417579
3807.0,20.0,70.0,2.0,100.0,9.621405
3808.0,40.0,70.0,2.0,100.0,3.4027853
3809.0,49.0,70.0,2.0,100.0,3.052178
3810.0,0.0,70.0,2.0,100.0,0.0
3811.0,0.5,70.0,2.0,100.0,0.0
3812.0,1.0,70.0,2.0,100.0,15.331883
3813.0,2.0,70.0,2.0,100.0,32.316147
3814.0,3.0,70.0,2.0,100.0,13.759845
3815.0,5.0,70.0,2.0,100.0,9.504385
3816.0,10.0,70.0,2.0,100.0,14.569375
3817.0,20.0,70.0,2.0,100.0,8.881942
3818.0,40.0,70.0,2.0,100.0,3.4935193
3819.0,49.0,70.0,2.0,100.0,2.9648736
3820.0,0.0,70.0,2.0,100.0,0.0
3821.0,0.5,70.0,2.0,100.0,0.0
3822.0,1.0,70.0,2.0,100.0,37.872593
3823.0,2.0,70.0,2.0,100.0,38.1663
3824.0,3.0,70.0,2.0,100.0,8.957164
3825.0,5.0,70.0,2.0,100.0,22.233608
3826.0,10.0,70.0,2.0,100.0,18.50225
3827.0,20.0,70.0,2.0,100.0,6.308724
3828.0,40.0,70.0,2.0,100.0,3.9336605
3829.0,49.0,70.0,2.0,100.0,3.7894979
3830.0,0.0,70.0,2.0,100.0,6.9451647
3831.0,0.5,70.0,2.0,100.0,0.0
3832.0,1.0,70.0,2.0,100.0,0.0
3833.0,2.0,70.0,2.0,100.0,0.0
3834.0,3.0,70.0,2.0,100.0,46.801
3835.0,5.0,70.0,2.0,100.0,5.5075707
3836.0,10.0,70.0,2.0,100.0,21.556128
3837.0,20.0,70.0,2.0,100.0,7.8462796
3838.0,40.0,70.0,2.0,100.0,4.1964617
3839.0,49.0,70.0,2.0,100.0,2.642434
3840.0,0.0,70.0,2.0,100.0,0.0
3841.0,0.5,70.0,2.0,100.0,0.0
3842.0,1.0,70.0,2.0,100.0,45.214306
3843.0,2.0,70.0,2.0,100.0,11.00303
3844.0,3.0,70.0,2.0,100.0,32.84306
3845.0,5.0,70.0,2.0,100.0,15.37004
3846.0,10.0,70.0,2.0,100.0,21.988634
3847.0,20.0,70.0,2.0,100.0,7.4994946
3848.0,40.0,70.0,2.0,100.0,2.9735677
3849.0,49.0,70.0,2.0,100.0,4.313965
3850.0,0.0,70.0,2.0,100.0,0.0
3851.0,0.5,70.0,2.0,100.0,0.0
3852.0,1.0,70.0,2.0,100.0,33.56089
3853.0,2.0,70.0,2.0,100.0,10.201181
3854.0,3.0,70.0,2.0,100.0,25.50817
3855.0,5.0,70.0,2.0,100.0,12.013882
3856.0,10.0,70.0,2.0,100.0,19.595919
3857.0,20.0,70.0,2.0,100.0,13.979577
3858.0,40.0,70.0,2.0,100.0,4.0666957
3859.0,49.0,70.0,2.0,100.0,2.745544
3860.0,0.0,70.0,2.0,100.0,0.0
3861.0,0.5,70.0,2.0,100.0,34.122326
3862.0,1.0,70.0,2.0,100.0,0.0
3863.0,2.0,70.0,2.0,100.0,35.161533
3864.0,3.0,70.0,2.0,100.0,23.437862
3865.0,5.0,70.0,2.0,100.0,13.980939
3866.0,10.0,70.0,2.0,100.0,10.457586
3867.0,20.0,70.0,2.0,100.0,8.254203
3868.0,40.0,70.0,2.0,100.0,5.762707
3869.0,49.0,70.0,2.0,100.0,3.6217237
3870.0,0.0,70.0,2.0,100.0,16.907429
3871.0,0.5,70.0,2.0,100.0,0.0
3872.0,1.0,70.0,2.0,100.0,54.280136
3873.0,2.0,70.0,2.0,100.0,28.988503
3874.0,3.0,70.0,2.0,100.0,28.248894
3875.0,5.0,70.0,2.0,100.0,9.828194
3876.0,10.0,70.0,2.0,100.0,17.785763
3877.0,20.0,70.0,2.0,100.0,7.198901
3878.0,40.0,70.0,2.0,100.0,2.5584085
3879.0,49.0,70.0,2.0,100.0,1.9708015
3880.0,0.0,70.0,2.0,100.0,0.0
3881.0,0.5,70.0,2.0,100.0,28.041634
3882.0,1.0,70.0,2.0,100.0,30.265491
3883.0,2.0,70.0,2.0,100.0,0.0
3884.0,3.0,70.0,2.0,100.0,35.393032
3885.0,5.0,70.0,2.0,100.0,21.36976
3886.0,10.0,70.0,2.0,100.0,31.374088
3887.0,20.0,70.0,2.0,100.0,17.79513
3888.0,40.0,70.0,2.0,100.0,3.2632995
3889.0,49.0,70.0,2.0,100.0,3.14559
3890.0,0.0,70.0,2.0,100.0,0.0
3891.0,0.5,70.0,2.0,100.0,0.0
3892.0,1.0,70.0,2.0,100.0,0.0
3893.0,2.0,70.0,2.0,100.0,7.071068
3894.0,3.0,70.0,2.0,100.0,7.071068
3895.0,5.0,70.0,2.0,100.0,14.1320305
3896.0,10.0,70.0,2.0,100.0,15.905973
3897.0,20.0,70.0,2.0,100.0,10.5469475
3898.0,40.0,70.0,2.0,100.0,4.047339
3899.0,49.0,70.0,2.0,100.0,2.6732464
3900.0,0.0,70.0,2.0,100.0,0.0
3901.0,0.5,70.0,2.0,100.0,33.56089
3902.0,1.0,70.0,2.0,100.0,42.899105
3903.0,2.0,70.0,2.0,100.0,0.0
3904.0,3.0,70.0,2.0,100.0,28.536526
3905.0,5.0,70.0,2.0,100.0,5.7528462
3906.0,10.0,70.0,2.0,100.0,12.087643
3907.0,20.0,70.0,2.0,100.0,7.8628354
3908.0,40.0,70.0,2.0,100.0,7.188208
3909.0,49.0,70.0,2.0,100.0,3.2326794
3910.0,0.0,70.0,2.0,100.0,0.0
3911.0,0.5,70.0,2.0,100.0,40.611984
3912.0,1.0,70.0,2.0,100.0,22.007574
3913.0,2.0,70.0,2.0,100.0,28.360771
3914.0,3.0,70.0,2.0,100.0,17.11919
3915.0,5.0,70.0,2.0,100.0,10.456259
3916.0,10.0,70.0,2.0,100.0,13.425279
3917.0,20.0,70.0,2.0,100.0,7.6527185
3918.0,40.0,70.0,2.0,100.0,1.8490462
3919.0,49.0,70.0,2.0,100.0,3.9981616
3920.0,0.0,70.0,2.0,100.0,0.0
3921.0,0.5,70.0,2.0,100.0,48.418316
3922.0,1.0,70.0,2.0,100.0,44.76978
3923.0,2.0,70.0,2.0,100.0,48.211338
3924.0,3.0,70.0,2.0,100.0,27.098587
3925.0,5.0,70.0,2.0,100.0,19.131126
3926.0,10.0,70.0,2.0,100.0,13.034753
3927.0,20.0,70.0,2.0,100.0,3.4627268
3928.0,40.0,70.0,2.0,100.0,2.9920528
3929.0,49.0,70.0,2.0,100.0,3.0883672
3930.0,0.0,70.0,2.0,100.0,0.0
3931.0,0.5,70.0,2.0,100.0,0.0
3932.0,1.0,70.0,2.0,100.0,24.344748
3933.0,2.0,70.0,2.0,100.0,0.0
3934.0,3.0,70.0,2.0,100.0,16.872066
3935.0,5.0,70.0,2.0,100.0,10.011105
3936.0,10.0,70.0,2.0,100.0,17.131842
3937.0,20.0,70.0,2.0,100.0,8.87079
3938.0,40.0,70.0,2.0,100.0,5.586483
3939.0,49.0,70.0,2.0,100.0,5.36745
3940.0,0.0,70.0,2.0,100.0,0.0
3941.0,0.5,70.0,2.0,100.0,40.673496
3942.0,1.0,70.0,2.0,100.0,40.673496
3943.0,2.0,70.0,2.0,100.0,36.253735
3944.0,3.0,70.0,2.0,100.0,22.549944
3945.0,5.0,70.0,2.0,100.0,9.69536
3946.0,10.0,70.0,2.0,100.0,6.2754245
3947.0,20.0,70.0,2.0,100.0,6.496153
3948.0,40.0,70.0,2.0,100.0,3.832816
3949.0,49.0,70.0,2.0,100.0,2.4494898
3950.0,0.0,70.0,2.0,100.0,0.0
3951.0,0.5,70.0,2.0,100.0,13.274872
3952.0,1.0,70.0,2.0,100.0,50.895317
3953.0,2.0,70.0,2.0,100.0,7.187953
3954.0,3.0,70.0,2.0,100.0,22.420229
3955.0,5.0,70.0,2.0,100.0,13.85297
3956.0,10.0,70.0,2.0,100.0,13.009154
3957.0,20.0,70.0,2.0,100.0,12.355836
3958.0,40.0,70.0,2.0,100.0,4.320494
3959.0,49.0,70.0,2.0,100.0,3.5846438
3960.0,0.0,70.0,2.0,100.0,0.0
3961.0,0.5,70.0,2.0,100.0,15.382169
3962.0,1.0,70.0,2.0,100.0,0.0
3963.0,2.0,70.0,2.0,100.0,21.83815
3964.0,3.0,70.0,2.0,100.0,14.835462
3965.0,5.0,70.0,2.0,100.0,41.95633
3966.0,10.0,70.0,2.0,100.0,12.80253
3967.0,20.0,70.0,2.0,100.0,9.539392
3968.0,40.0,70.0,2.0,100.0,4.308608
3969.0,49.0,70.0,2.0,100.0,3.5861254
3970.0,0.0,70.0,2.0,100.0,0.0
3971.0,0.5,70.0,2.0,100.0,50.81666
3972.0,1.0,70.0,2.0,100.0,0.0
3973.0,2.0,70.0,2.0,100.0,35.641735
3974.0,3.0,70.0,2.0,100.0,26.274197
3975.0,5.0,70.0,2.0,100.0,28.360771
3976.0,10.0,70.0,2.0,100.0,2.9199855
3977.0,20.0,70.0,2.0,100.0,9.022053
3978.0,40.0,70.0,2.0,100.0,2.7688744
3979.0,49.0,70.0,2.0,100.0,3.4778209
3980.0,0.0,70.0,2.0,100.0,0.0
3981.0,0.5,70.0,2.0,100.0,10.903618
3982.0,1.0,70.0,2.0,100.0,17.61628
3983.0,2.0,70.0,2.0,100.0,22.627417
3984.0,3.0,70.0,2.0,100.0,27.838821
3985.0,5.0,70.0,2.0,100.0,15.32971
3986.0,10.0,70.0,2.0,100.0,15.700318
3987.0,20.0,70.0,2.0,100.0,4.104835
3988.0,40.0,70.0,2.0,100.0,3.1922526
3989.0,49.0,70.0,2.0,100.0,4.639376
3990.0,0.0,70.0,2.0,100.0,0.0
3991.0,0.5,70.0,2.0,100.0,0.0
3992.0,1.0,70.0,2.0,100.0,0.0
3993.0,2.0,70.0,2.0,100.0,31.53305
3994.0,3.0,70.0,2.0,100.0,12.747192
3995.0,5.0,70.0,2.0,100.0,33.941124
3996.0,10.0,70.0,2.0,100.0,10.844866
3997.0,20.0,70.0,2.0,100.0,4.616903
3998.0,40.0,70.0,2.0,100.0,4.120978
3999.0,49.0,70.0,2.0,100.0,2.5514467
4000.0,0.0,80.0,2.0,100.0,0.0
4001.0,0.5,80.0,2.0,100.0,0.0
4002.0,1.0,80.0,2.0,100.0,15.1745405
4003.0,2.0,80.0,2.0,100.0,34.64583
4004.0,3.0,80.0,2.0,100.0,28.112867
4005.0,5.0,80.0,2.0,100.0,12.636888
4006.0,10.0,80.0,2.0,100.0,22.203604
4007.0,20.0,80.0,2.0,100.0,11.250397
4008.0,40.0,80.0,2.0,100.0,3.0339212
4009.0,49.0,80.0,2.0,100.0,5.205309
4010.0,0.0,80.0,2.0,100.0,11.396969
4011.0,0.5,80.0,2.0,100.0,35.921207
4012.0,1.0,80.0,2.0,100.0,53.42596
4013.0,2.0,80.0,2.0,100.0,24.25902
4014.0,3.0,80.0,2.0,100.0,7.5277267
4015.0,5.0,80.0,2.0,100.0,9.446204
4016.0,10.0,80.0,2.0,100.0,12.149531
4017.0,20.0,80.0,2.0,100.0,8.219219
4018.0,40.0,80.0,2.0,100.0,3.6187344
4019.0,49.0,80.0,2.0,100.0,3.6128426
4020.0,0.0,80.0,2.0,100.0,0.0
4021.0,0.5,80.0,2.0,100.0,0.0
4022.0,1.0,80.0,2.0,100.0,0.0
4023.0,2.0,80.0,2.0,100.0,14.571662
4024.0,3.0,80.0,2.0,100.0,28.746014
4025.0,5.0,80.0,2.0,100.0,27.796883
4026.0,10.0,80.0,2.0,100.0,7.3887353
4027.0,20.0,80.0,2.0,100.0,9.393124
4028.0,40.0,80.0,2.0,100.0,3.8661828
4029.0,49.0,80.0,2.0,100.0,5.344539
4030.0,0.0,80.0,2.0,100.0,0.0
4031.0,0.5,80.0,2.0,100.0,0.0
4032.0,1.0,80.0,2.0,100.0,37.872593
4033.0,2.0,80.0,2.0,100.0,21.213203
4034.0,3.0,80.0,2.0,100.0,38.798626
4035.0,5.0,80.0,2.0,100.0,11.13063
4036.0,10.0,80.0,2.0,100.0,17.420294
4037.0,20.0,80.0,2.0,100.0,7.5871015
4038.0,40.0,80.0,2.0,100.0,3.8074574
4039.0,49.0,80.0,2.0,100.0,2.2076046
4040.0,0.0,80.0,2.0,100.0,0.0
4041.0,0.5,80.0,2.0,100.0,0.0
4042.0,1.0,80.0,2.0,100.0,35.303444
4043.0,2.0,80.0,2.0,100.0,25.258661
4044.0,3.0,80.0,2.0,100.0,34.127213
4045.0,5.0,80.0,2.0,100.0,13.1993265
4046.0,10.0,80.0,2.0,100.0,11.700318
4047.0,20.0,80.0,2.0,100.0,8.873965
4048.0,40.0,80.0,2.0,100.0,3.7541401
4049.0,49.0,80.0,2.0,100.0,3.7136033
4050.0,0.0,80.0,2.0,100.0,0.0
4051.0,0.5,80.0,2.0,100.0,25.111183
4052.0,1.0,80.0,2.0,100.0,28.536526
4053.0,2.0,80.0,2.0,100.0,28.00595
4054.0,3.0,80.0,2.0,100.0,27.790886
4055.0,5.0,80.0,2.0,100.0,16.990192
4056.0,10.0,80.0,2.0,100.0,16.038645
4057.0,20.0,80.0,2.0,100.0,8.876253
4058.0,40.0,80.0,2.0,100.0,4.0293045
4059.0,49.0,80.0,2.0,100.0,2.4047053
4060.0,0.0,80.0,2.0,100.0,0.0
4061.0,0.5,80.0,2.0,100.0,0.0
4062.0,1.0,80.0,2.0,100.0,0.0
4063.0,2.0,80.0,2.0,100.0,28.219378
4064.0,3.0,80.0,2.0,100.0,10.677078
4065.0,5.0,80.0,2.0,100.0,21.505814
4066.0,10.0,80.0,2.0,100.0,15.151614
4067.0,20.0,80.0,2.0,100.0,9.2677355
4068.0,40.0,80.0,2.0,100.0,3.1241376
4069.0,49.0,80.0,2.0,100.0,3.0949874
4070.0,0.0,80.0,2.0,100.0,34.12477
4071.0,0.5,80.0,2.0,100.0,38.552994
4072.0,1.0,80.0,2.0,100.0,0.0
4073.0,2.0,80.0,2.0,100.0,11.372481
4074.0,3.0,80.0,2.0,100.0,29.569128
4075.0,5.0,80.0,2.0,100.0,17.518698
4076.0,10.0,80.0,2.0,100.0,4.148348
4077.0,20.0,80.0,2.0,100.0,6.814658
4078.0,40.0,80.0,2.0,100.0,4.6219735
4079.0,49.0,80.0,2.0,100.0,4.501271
4080.0,0.0,80.0,2.0,100.0,0.0
4081.0,0.5,80.0,2.0,100.0,0.0
4082.0,1.0,80.0,2.0,100.0,41.016254
4083.0,2.0,80.0,2.0,100.0,49.08496
4084.0,3.0,80.0,2.0,100.0,29.569128
4085.0,5.0,80.0,2.0,100.0,25.073227
4086.0,10.0,80.0,2.0,100.0,14.996826
4087.0,20.0,80.0,2.0,100.0,5.6778603
4088.0,40.0,80.0,2.0,100.0,3.8871963
4089.0,49.0,80.0,2.0,100.0,3.9336605
4090.0,0.0,80.0,2.0,100.0,0.0
4091.0,0.5,80.0,2.0,100.0,32.005207
4092.0,1.0,80.0,2.0,100.0,42.899105
4093.0,2.0,80.0,2.0,100.0,54.28014
4094.0,3.0,80.0,2.0,100.0,3.8223414
4095.0,5.0,80.0,2.0,100.0,10.3371725
4096.0,10.0,80.0,2.0,100.0,13.063946
4097.0,20.0,80.0,2.0,100.0,10.670572
4098.0,40.0,80.0,2.0,100.0,3.374978
4099.0,49.0,80.0,2.0,100.0,3.9981616
4100.0,0.0,80.0,2.0,100.0,0.0
4101.0,0.5,80.0,2.0,100.0,0.0
4102.0,1.0,80.0,2.0,100.0,23.036203
4103.0,2.0,80.0,2.0,100.0,11.313708
4104.0,3.0,80.0,2.0,100.0,17.800592
4105.0,5.0,80.0,2.0,100.0,19.974985
4106.0,10.0,80.0,2.0,100.0,14.422205
4107.0,20.0,80.0,2.0,100.0,16.57307
4108.0,40.0,80.0,2.0,100.0,3.4073882
4109.0,49.0,80.0,2.0,100.0,3.9824984
4110.0,0.0,80.0,2.0,100.0,0.0
4111.0,0.5,80.0,2.0,100.0,0.0
4112.0,1.0,80.0,2.0,100.0,16.07275
4113.0,2.0,80.0,2.0,100.0,23.551363
4114.0,3.0,80.0,2.0,100.0,16.693312
4115.0,5.0,80.0,2.0,100.0,16.883917
4116.0,10.0,80.0,2.0,100.0,16.165808
4117.0,20.0,80.0,2.0,100.0,8.705043
4118.0,40.0,80.0,2.0,100.0,4.3861256
4119.0,49.0,80.0,2.0,100.0,3.8549051
4120.0,0.0,80.0,2.0,100.0,0.0
4121.0,0.5,80.0,2.0,100.0,0.0
4122.0,1.0,80.0,2.0,100.0,0.0
4123.0,2.0,80.0,2.0,100.0,0.0
4124.0,3.0,80.0,2.0,100.0,37.20663
4125.0,5.0,80.0,2.0,100.0,12.202654
4126.0,10.0,80.0,2.0,100.0,12.579272
4127.0,20.0,80.0,2.0,100.0,13.212548
4128.0,40.0,80.0,2.0,100.0,2.9409392
4129.0,49.0,80.0,2.0,100.0,3.0392685
4130.0,0.0,80.0,2.0,100.0,0.0
4131.0,0.5,80.0,2.0,100.0,0.0
4132.0,1.0,80.0,2.0,100.0,21.213203
4133.0,2.0,80.0,2.0,100.0,0.0
4134.0,3.0,80.0,2.0,100.0,35.35534
4135.0,5.0,80.0,2.0,100.0,7.9051194
4136.0,10.0,80.0,2.0,100.0,2.896632
4137.0,20.0,80.0,2.0,100.0,8.129631
4138.0,40.0,80.0,2.0,100.0,3.0339212
4139.0,49.0,80.0,2.0,100.0,3.8549054
4140.0,0.0,80.0,2.0,100.0,0.0
4141.0,0.5,80.0,2.0,100.0,0.0
4142.0,1.0,80.0,2.0,100.0,29.905407
4143.0,2.0,80.0,2.0,100.0,28.005953
4144.0,3.0,80.0,2.0,100.0,25.573423
4145.0,5.0,80.0,2.0,100.0,25.890797
4146.0,10.0,80.0,2.0,100.0,16.224615
4147.0,20.0,80.0,2.0,100.0,7.0237694
4148.0,40.0,80.0,2.0,100.0,3.6592999
4149.0,49.0,80.0,2.0,100.0,3.330701
4150.0,0.0,80.0,2.0,100.0,0.0
4151.0,0.5,80.0,2.0,100.0,54.280136
4152.0,1.0,80.0,2.0,100.0,0.0
4153.0,2.0,80.0,2.0,100.0,0.0
4154.0,3.0,80.0,2.0,100.0,40.673496
4155.0,5.0,80.0,2.0,100.0,26.818615
4156.0,10.0,80.0,2.0,100.0,8.05549
4157.0,20.0,80.0,2.0,100.0,7.6126466
4158.0,40.0,80.0,2.0,100.0,4.8652167
4159.0,49.0,80.0,2.0,100.0,3.218741
4160.0,0.0,80.0,2.0,100.0,13.931651
4161.0,0.5,80.0,2.0,100.0,11.397256
4162.0,1.0,80.0,2.0,100.0,34.443188
4163.0,2.0,80.0,2.0,100.0,35.921207
4164.0,3.0,80.0,2.0,100.0,26.11513
4165.0,5.0,80.0,2.0,100.0,19.653667
4166.0,10.0,80.0,2.0,100.0,12.095078
4167.0,20.0,80.0,2.0,100.0,8.370431
4168.0,40.0,80.0,2.0,100.0,2.9199855
4169.0,49.0,80.0,2.0,100.0,3.7229416
4170.0,0.0,80.0,2.0,100.0,0.0
4171.0,0.5,80.0,2.0,100.0,0.0
4172.0,1.0,80.0,2.0,100.0,9.890611
4173.0,2.0,80.0,2.0,100.0,28.01785
4174.0,3.0,80.0,2.0,100.0,39.95414
4175.0,5.0,80.0,2.0,100.0,30.088757
4176.0,10.0,80.0,2.0,100.0,14.500575
4177.0,20.0,80.0,2.0,100.0,9.012812
4178.0,40.0,80.0,2.0,100.0,6.518505
4179.0,49.0,80.0,2.0,100.0,2.4635875
4180.0,0.0,80.0,2.0,100.0,0.0
4181.0,0.5,80.0,2.0,100.0,0.0
4182.0,1.0,80.0,2.0,100.0,0.0
4183.0,2.0,80.0,2.0,100.0,35.284557
4184.0,3.0,80.0,2.0,100.0,42.426407
4185.0,5.0,80.0,2.0,100.0,18.084986
4186.0,10.0,80.0,2.0,100.0,13.905435
4187.0,20.0,80.0,2.0,100.0,3.0690343
4188.0,40.0,80.0,2.0,100.0,3.2462306
4189.0,49.0,80.0,2.0,100.0,5.2687984
4190.0,0.0,80.0,2.0,100.0,0.0
4191.0,0.5,80.0,2.0,100.0,37.20663
4192.0,1.0,80.0,2.0,100.0,47.60602
4193.0,2.0,80.0,2.0,100.0,35.303444
4194.0,3.0,80.0,2.0,100.0,25.106441
4195.0,5.0,80.0,2.0,100.0,9.924259
4196.0,10.0,80.0,2.0,100.0,17.623037
4197.0,20.0,80.0,2.0,100.0,10.530476
4198.0,40.0,80.0,2.0,100.0,2.7529888
4199.0,49.0,80.0,2.0,100.0,2.5650947
4200.0,0.0,80.0,2.0,100.0,0.0
4201.0,0.5,80.0,2.0,100.0,23.860708
4202.0,1.0,80.0,2.0,100.0,38.21431
4203.0,2.0,80.0,2.0,100.0,26.274195
4204.0,3.0,80.0,2.0,100.0,15.905973
4205.0,5.0,80.0,2.0,100.0,12.565725
4206.0,10.0,80.0,2.0,100.0,38.552994
4207.0,20.0,80.0,2.0,100.0,18.51126
4208.0,40.0,80.0,2.0,100.0,4.850135
4209.0,49.0,80.0,2.0,100.0,2.808999
4210.0,0.0,80.0,2.0,100.0,0.0
4211.0,0.5,80.0,2.0,100.0,23.45005
4212.0,1.0,80.0,2.0,100.0,37.872593
4213.0,2.0,80.0,2.0,100.0,0.0
4214.0,3.0,80.0,2.0,100.0,19.304577
4215.0,5.0,80.0,2.0,100.0,16.772995
4216.0,10.0,80.0,2.0,100.0,17.075462
4217.0,20.0,80.0,2.0,100.0,3.5392535
4218.0,40.0,80.0,2.0,100.0,6.5966015
4219.0,49.0,80.0,2.0,100.0,5.0803075
4220.0,0.0,80.0,2.0,100.0,0.0
4221.0,0.5,80.0,2.0,100.0,0.0
4222.0,1.0,80.0,2.0,100.0,28.746014
4223.0,2.0,80.0,2.0,100.0,46.801
4224.0,3.0,80.0,2.0,100.0,20.94437
4225.0,5.0,80.0,2.0,100.0,18.56071
4226.0,10.0,80.0,2.0,100.0,3.92307
4227.0,20.0,80.0,2.0,100.0,8.665502
4228.0,40.0,80.0,2.0,100.0,8.836906
4229.0,49.0,80.0,2.0,100.0,4.187841
4230.0,0.0,80.0,2.0,100.0,0.0
4231.0,0.5,80.0,2.0,100.0,0.0
4232.0,1.0,80.0,2.0,100.0,22.514545
4233.0,2.0,80.0,2.0,100.0,15.259788
4234.0,3.0,80.0,2.0,100.0,11.168294
4235.0,5.0,80.0,2.0,100.0,26.870058
4236.0,10.0,80.0,2.0,100.0,6.0746274
4237.0,20.0,80.0,2.0,100.0,8.525897
4238.0,40.0,80.0,2.0,100.0,3.5409057
4239.0,49.0,80.0,2.0,100.0,3.03158
4240.0,0.0,80.0,2.0,100.0,0.0
4241.0,0.5,80.0,2.0,100.0,37.434387
4242.0,1.0,80.0,2.0,100.0,23.137272
4243.0,2.0,80.0,2.0,100.0,0.0
4244.0,3.0,80.0,2.0,100.0,5.8145967
4245.0,5.0,80.0,2.0,100.0,16.196707
4246.0,10.0,80.0,2.0,100.0,19.924858
4247.0,20.0,80.0,2.0,100.0,12.378938
4248.0,40.0,80.0,2.0,100.0,3.5350718
4249.0,49.0,80.0,2.0,100.0,4.3949733
4250.0,0.0,80.0,2.0,100.0,0.0
4251.0,0.5,80.0,2.0,100.0,40.673496
4252.0,1.0,80.0,2.0,100.0,46.003624
4253.0,2.0,80.0,2.0,100.0,28.112867
4254.0,3.0,80.0,2.0,100.0,28.041634
4255.0,5.0,80.0,2.0,100.0,26.870058
4256.0,10.0,80.0,2.0,100.0,9.609023
4257.0,20.0,80.0,2.0,100.0,12.75035
4258.0,40.0,80.0,2.0,100.0,2.955553
4259.0,49.0,80.0,2.0,100.0,4.1074743
4260.0,0.0,80.0,2.0,100.0,0.0
4261.0,0.5,80.0,2.0,100.0,12.559092
4262.0,1.0,80.0,2.0,100.0,9.899495
4263.0,2.0,80.0,2.0,100.0,38.552994
4264.0,3.0,80.0,2.0,100.0,23.47846
4265.0,5.0,80.0,2.0,100.0,28.91943
4266.0,10.0,80.0,2.0,100.0,9.735908
4267.0,20.0,80.0,2.0,100.0,6.081555
4268.0,40.0,80.0,2.0,100.0,3.6380343
4269.0,49.0,80.0,2.0,100.0,3.416607
4270.0,0.0,80.0,2.0,100.0,0.0
4271.0,0.5,80.0,2.0,100.0,0.0
4272.0,1.0,80.0,2.0,100.0,0.0
4273.0,2.0,80.0,2.0,100.0,44.881325
4274.0,3.0,80.0,2.0,100.0,17.591663
4275.0,5.0,80.0,2.0,100.0,9.902556
4276.0,10.0,80.0,2.0,100.0,10.980502
4277.0,20.0,80.0,2.0,100.0,11.296508
4278.0,40.0,80.0,2.0,100.0,4.203173
4279.0,49.0,80.0,2.0,100.0,3.7451494
4280.0,0.0,80.0,2.0,100.0,0.0
4281.0,0.5,80.0,2.0,100.0,46.801
4282.0,1.0,80.0,2.0,100.0,23.388031
4283.0,2.0,80.0,2.0,100.0,10.748199
4284.0,3.0,80.0,2.0,100.0,9.223021
4285.0,5.0,80.0,2.0,100.0,24.276188
4286.0,10.0,80.0,2.0,100.0,14.814407
4287.0,20.0,80.0,2.0,100.0,7.7157845
4288.0,40.0,80.0,2.0,100.0,2.4791622
4289.0,49.0,80.0,2.0,100.0,2.8643808
4290.0,0.0,80.0,2.0,100.0,0.0
4291.0,0.5,80.0,2.0,100.0,20.186628
4292.0,1.0,80.0,2.0,100.0,39.004272
4293.0,2.0,80.0,2.0,100.0,39.95414
4294.0,3.0,80.0,2.0,100.0,41.01626
4295.0,5.0,80.0,2.0,100.0,22.327114
4296.0,10.0,80.0,2.0,100.0,17.165857
4297.0,20.0,80.0,2.0,100.0,4.5971007
4298.0,40.0,80.0,2.0,100.0,4.0908794
4299.0,49.0,80.0,2.0,100.0,4.823553
4300.0,0.0,80.0,2.0,100.0,0.0
4301.0,0.5,80.0,2.0,100.0,0.0
4302.0,1.0,80.0,2.0,100.0,52.576927
4303.0,2.0,80.0,2.0,100.0,0.0
4304.0,3.0,80.0,2.0,100.0,7.6550636
4305.0,5.0,80.0,2.0,100.0,14.047538
4306.0,10.0,80.0,2.0,100.0,11.6004925
4307.0,20.0,80.0,2.0,100.0,10.737362
4308.0,40.0,80.0,2.0,100.0,2.6841533
4309.0,49.0,80.0,2.0,100.0,4.434712
4310.0,0.0,80.0,2.0,100.0,0.0
4311.0,0.5,80.0,2.0,100.0,9.224474
4312.0,1.0,80.0,2.0,100.0,18.60352
4313.0,2.0,80.0,2.0,100.0,35.28928
4314.0,3.0,80.0,2.0,100.0,30.28751
4315.0,5.0,80.0,2.0,100.0,22.090721
4316.0,10.0,80.0,2.0,100.0,11.129291
4317.0,20.0,80.0,2.0,100.0,3.5057776
4318.0,40.0,80.0,2.0,100.0,5.7776256
4319.0,49.0,80.0,2.0,100.0,3.6380343
4320.0,0.0,80.0,2.0,100.0,0.0
4321.0,0.5,80.0,2.0,100.0,50.895317
4322.0,1.0,80.0,2.0,100.0,44.76978
4323.0,2.0,80.0,2.0,100.0,27.790886
4324.0,3.0,80.0,2.0,100.0,24.454039
4325.0,5.0,80.0,2.0,100.0,4.6486874
4326.0,10.0,80.0,2.0,100.0,7.733662
4327.0,20.0,80.0,2.0,100.0,7.8598843
4328.0,40.0,80.0,2.0,100.0,4.91242
4329.0,49.0,80.0,2.0,100.0,3.1063037
4330.0,0.0,80.0,2.0,100.0,0.0
4331.0,0.5,80.0,2.0,100.0,0.0
4332.0,1.0,80.0,2.0,100.0,19.899748
4333.0,2.0,80.0,2.0,100.0,38.552994
4334.0,3.0,80.0,2.0,100.0,43.661575
4335.0,5.0,80.0,2.0,100.0,14.142136
4336.0,10.0,80.0,2.0,100.0,14.020393
4337.0,20.0,80.0,2.0,100.0,3.9824984
4338.0,40.0,80.0,2.0,100.0,4.769408
4339.0,49.0,80.0,2.0,100.0,3.3638952
4340.0,0.0,80.0,2.0,100.0,0.0
4341.0,0.5,80.0,2.0,100.0,25.455845
4342.0,1.0,80.0,2.0,100.0,54.28014
4343.0,2.0,80.0,2.0,100.0,39.247078
4344.0,3.0,80.0,2.0,100.0,37.872593
4345.0,5.0,80.0,2.0,100.0,11.027742
4346.0,10.0,80.0,2.0,100.0,13.501323
4347.0,20.0,80.0,2.0,100.0,11.674371
4348.0,40.0,80.0,2.0,100.0,2.8654015
4349.0,49.0,80.0,2.0,100.0,4.025503
4350.0,0.0,80.0,2.0,100.0,0.0
4351.0,0.5,80.0,2.0,100.0,0.0
4352.0,1.0,80.0,2.0,100.0,34.703506
4353.0,2.0,80.0,2.0,100.0,46.003624
4354.0,3.0,80.0,2.0,100.0,26.545559
4355.0,5.0,80.0,2.0,100.0,12.023787
4356.0,10.0,80.0,2.0,100.0,21.874643
4357.0,20.0,80.0,2.0,100.0,8.707708
4358.0,40.0,80.0,2.0,100.0,3.0521777
4359.0,49.0,80.0,2.0,100.0,2.8036218
4360.0,0.0,80.0,2.0,100.0,0.0
4361.0,0.5,80.0,2.0,100.0,28.00595
4362.0,1.0,80.0,2.0,100.0,0.0
4363.0,2.0,80.0,2.0,100.0,18.343937
4364.0,3.0,80.0,2.0,100.0,34.210136
4365.0,5.0,80.0,2.0,100.0,13.387984
4366.0,10.0,80.0,2.0,100.0,11.071198
4367.0,20.0,80.0,2.0,100.0,13.034753
4368.0,40.0,80.0,2.0,100.0,6.4573193
4369.0,49.0,80.0,2.0,100.0,4.5460606
4370.0,0.0,80.0,2.0,100.0,7.752112
4371.0,0.5,80.0,2.0,100.0,39.247078
4372.0,1.0,80.0,2.0,100.0,28.112867
4373.0,2.0,80.0,2.0,100.0,35.921207
4374.0,3.0,80.0,2.0,100.0,38.552994
4375.0,5.0,80.0,2.0,100.0,25.967928
4376.0,10.0,80.0,2.0,100.0,5.186627
4377.0,20.0,80.0,2.0,100.0,9.710351
4378.0,40.0,80.0,2.0,100.0,4.582576
4379.0,49.0,80.0,2.0,100.0,4.0530114
4380.0,0.0,80.0,2.0,100.0,0.0
4381.0,0.5,80.0,2.0,100.0,39.803684
4382.0,1.0,80.0,2.0,100.0,51.73329
4383.0,2.0,80.0,2.0,100.0,8.949595
4384.0,3.0,80.0,2.0,100.0,8.847921
4385.0,5.0,80.0,2.0,100.0,13.304134
4386.0,10.0,80.0,2.0,100.0,17.478558
4387.0,20.0,80.0,2.0,100.0,8.788104
4388.0,40.0,80.0,2.0,100.0,3.678768
4389.0,49.0,80.0,2.0,100.0,2.6000452
4390.0,0.0,80.0,2.0,100.0,0.0
4391.0,0.5,80.0,2.0,100.0,0.0
4392.0,1.0,80.0,2.0,100.0,37.20663
4393.0,2.0,80.0,2.0,100.0,17.435596
4394.0,3.0,80.0,2.0,100.0,33.709545
4395.0,5.0,80.0,2.0,100.0,18.049314
4396.0,10.0,80.0,2.0,100.0,19.608671
4397.0,20.0,80.0,2.0,100.0,6.787243
4398.0,40.0,80.0,2.0,100.0,2.864381
4399.0,49.0,80.0,2.0,100.0,3.0150416
4400.0,0.0,80.0,2.0,100.0,17.857906
4401.0,0.5,80.0,2.0,100.0,0.0
4402.0,1.0,80.0,2.0,100.0,28.041634
4403.0,2.0,80.0,2.0,100.0,23.09195
4404.0,3.0,80.0,2.0,100.0,8.362616
4405.0,5.0,80.0,2.0,100.0,11.234866
4406.0,10.0,80.0,2.0,100.0,23.028967
4407.0,20.0,80.0,2.0,100.0,5.9336996
4408.0,40.0,80.0,2.0,100.0,4.3298097
4409.0,49.0,80.0,2.0,100.0,4.3184633
4410.0,0.0,80.0,2.0,100.0,0.0
4411.0,0.5,80.0,2.0,100.0,46.003624
4412.0,1.0,80.0,2.0,100.0,28.988503
4413.0,2.0,80.0,2.0,100.0,0.0
4414.0,3.0,80.0,2.0,100.0,50.91169
4415.0,5.0,80.0,2.0,100.0,14.298407
4416.0,10.0,80.0,2.0,100.0,7.087367
4417.0,20.0,80.0,2.0,100.0,2.8258264
4418.0,40.0,80.0,2.0,100.0,3.2290711
4419.0,49.0,80.0,2.0,100.0,3.6642737
4420.0,0.0,80.0,2.0,100.0,0.0
4421.0,0.5,80.0,2.0,100.0,0.0
4422.0,1.0,80.0,2.0,100.0,37.20663
4423.0,2.0,80.0,2.0,100.0,4.320494
4424.0,3.0,80.0,2.0,100.0,18.511257
4425.0,5.0,80.0,2.0,100.0,15.2927
4426.0,10.0,80.0,2.0,100.0,17.374311
4427.0,20.0,80.0,2.0,100.0,9.28668
4428.0,40.0,80.0,2.0,100.0,2.9920533
4429.0,49.0,80.0,2.0,100.0,3.6318698
4430.0,0.0,80.0,2.0,100.0,0.0
4431.0,0.5,80.0,2.0,100.0,41.01219
4432.0,1.0,80.0,2.0,100.0,0.0
4433.0,2.0,80.0,2.0,100.0,24.671171
4434.0,3.0,80.0,2.0,100.0,15.272135
4435.0,5.0,80.0,2.0,100.0,21.860163
4436.0,10.0,80.0,2.0,100.0,13.435029
4437.0,20.0,80.0,2.0,100.0,5.0863886
4438.0,40.0,80.0,2.0,100.0,4.910223
4439.0,49.0,80.0,2.0,100.0,2.4828413
4440.0,0.0,80.0,2.0,100.0,0.0
4441.0,0.5,80.0,2.0,100.0,54.280136
4442.0,1.0,80.0,2.0,100.0,28.041636
4443.0,2.0,80.0,2.0,100.0,0.0
4444.0,3.0,80.0,2.0,100.0,16.73652
4445.0,5.0,80.0,2.0,100.0,27.70078
4446.0,10.0,80.0,2.0,100.0,15.200876
4447.0,20.0,80.0,2.0,100.0,4.7609525
4448.0,40.0,80.0,2.0,100.0,3.1732104
4449.0,49.0,80.0,2.0,100.0,3.665775
4450.0,0.0,80.0,2.0,100.0,0.0
4451.0,0.5,80.0,2.0,100.0,0.0
4452.0,1.0,80.0,2.0,100.0,10.189415
4453.0,2.0,80.0,2.0,100.0,48.418316
4454.0,3.0,80.0,2.0,100.0,25.53429
4455.0,5.0,80.0,2.0,100.0,17.058722
4456.0,10.0,80.0,2.0,100.0,12.33848
4457.0,20.0,80.0,2.0,100.0,8.410159
4458.0,40.0,80.0,2.0,100.0,3.6879246
4459.0,49.0,80.0,2.0,100.0,3.9978063
4460.0,0.0,80.0,2.0,100.0,0.0
4461.0,0.5,80.0,2.0,100.0,26.812399
4462.0,1.0,80.0,2.0,100.0,0.0
4463.0,2.0,80.0,2.0,100.0,17.72318
4464.0,3.0,80.0,2.0,100.0,33.70954
4465.0,5.0,80.0,2.0,100.0,45.214306
4466.0,10.0,80.0,2.0,100.0,16.748135
4467.0,20.0,80.0,2.0,100.0,9.047713
4468.0,40.0,80.0,2.0,100.0,3.5516727
4469.0,49.0,80.0,2.0,100.0,4.62172
4470.0,0.0,80.0,2.0,100.0,0.0
4471.0,0.5,80.0,2.0,100.0,0.0
4472.0,1.0,80.0,2.0,100.0,50.895317
4473.0,2.0,80.0,2.0,100.0,29.737741
4474.0,3.0,80.0,2.0,100.0,23.551363
4475.0,5.0,80.0,2.0,100.0,14.628738
4476.0,10.0,80.0,2.0,100.0,10.462631
4477.0,20.0,80.0,2.0,100.0,15.858751
4478.0,40.0,80.0,2.0,100.0,3.313979
4479.0,49.0,80.0,2.0,100.0,3.9072583
4480.0,0.0,80.0,2.0,100.0,0.0
4481.0,0.5,80.0,2.0,100.0,11.4556
4482.0,1.0,80.0,2.0,100.0,49.115513
4483.0,2.0,80.0,2.0,100.0,22.627417
4484.0,3.0,80.0,2.0,100.0,34.019604
4485.0,5.0,80.0,2.0,100.0,18.015867
4486.0,10.0,80.0,2.0,100.0,4.25049
4487.0,20.0,80.0,2.0,100.0,9.558301
4488.0,40.0,80.0,2.0,100.0,3.772969
4489.0,49.0,80.0,2.0,100.0,3.5686545
4490.0,0.0,80.0,2.0,100.0,0.0
4491.0,0.5,80.0,2.0,100.0,52.576927
4492.0,1.0,80.0,2.0,100.0,0.0
4493.0,2.0,80.0,2.0,100.0,10.671968
4494.0,3.0,80.0,2.0,100.0,23.670355
4495.0,5.0,80.0,2.0,100.0,14.743173
4496.0,10.0,80.0,2.0,100.0,5.158516
4497.0,20.0,80.0,2.0,100.0,10.693975
4498.0,40.0,80.0,2.0,100.0,4.3741665
4499.0,49.0,80.0,2.0,100.0,4.553387
4500.0,0.0,90.0,2.0,100.0,0.0
4501.0,0.5,90.0,2.0,100.0,48.418316
4502.0,1.0,90.0,2.0,100.0,0.0
4503.0,2.0,90.0,2.0,100.0,50.91169
4504.0,3.0,90.0,2.0,100.0,3.3309517
4505.0,5.0,90.0,2.0,100.0,14.571662
4506.0,10.0,90.0,2.0,100.0,13.952299
4507.0,20.0,90.0,2.0,100.0,11.323525
4508.0,40.0,90.0,2.0,100.0,3.6496933
4509.0,49.0,90.0,2.0,100.0,3.2462306
4510.0,0.0,90.0,2.0,100.0,0.0
4511.0,0.5,90.0,2.0,100.0,30.408333
4512.0,1.0,90.0,2.0,100.0,37.872593
4513.0,2.0,90.0,2.0,100.0,13.26291
4514.0,3.0,90.0,2.0,100.0,29.263174
4515.0,5.0,90.0,2.0,100.0,14.874075
4516.0,10.0,90.0,2.0,100.0,17.623037
4517.0,20.0,90.0,2.0,100.0,3.4943564
4518.0,40.0,90.0,2.0,100.0,5.972464
4519.0,49.0,90.0,2.0,100.0,2.8055918
4520.0,0.0,90.0,2.0,100.0,0.0
4521.0,0.5,90.0,2.0,100.0,39.95414
4522.0,1.0,90.0,2.0,100.0,48.418316
4523.0,2.0,90.0,2.0,100.0,40.857475
4524.0,3.0,90.0,2.0,100.0,36.115555
4525.0,5.0,90.0,2.0,100.0,31.722757
4526.0,10.0,90.0,2.0,100.0,12.316287
4527.0,20.0,90.0,2.0,100.0,5.804387
4528.0,40.0,90.0,2.0,100.0,5.05211
4529.0,49.0,90.0,2.0,100.0,4.4986773
4530.0,0.0,90.0,2.0,100.0,0.0
4531.0,0.5,90.0,2.0,100.0,42.253204
4532.0,1.0,90.0,2.0,100.0,0.0
4533.0,2.0,90.0,2.0,100.0,29.905407
4534.0,3.0,90.0,2.0,100.0,13.7659
4535.0,5.0,90.0,2.0,100.0,27.59227
4536.0,10.0,90.0,2.0,100.0,7.307355
4537.0,20.0,90.0,2.0,100.0,11.135529
4538.0,40.0,90.0,2.0,100.0,4.973262
4539.0,49.0,90.0,2.0,100.0,4.5398564
4540.0,0.0,90.0,2.0,100.0,0.0
4541.0,0.5,90.0,2.0,100.0,0.0
4542.0,1.0,90.0,2.0,100.0,40.52571
4543.0,2.0,90.0,2.0,100.0,0.0
4544.0,3.0,90.0,2.0,100.0,28.360771
4545.0,5.0,90.0,2.0,100.0,14.987032
4546.0,10.0,90.0,2.0,100.0,14.784162
4547.0,20.0,90.0,2.0,100.0,8.561011
4548.0,40.0,90.0,2.0,100.0,3.1595025
4549.0,49.0,90.0,2.0,100.0,4.456489
4550.0,0.0,90.0,2.0,100.0,0.0
4551.0,0.5,90.0,2.0,100.0,46.003624
4552.0,1.0,90.0,2.0,100.0,31.085901
4553.0,2.0,90.0,2.0,100.0,0.0
4554.0,3.0,90.0,2.0,100.0,12.103343
4555.0,5.0,90.0,2.0,100.0,5.039841
4556.0,10.0,90.0,2.0,100.0,23.10844
4557.0,20.0,90.0,2.0,100.0,7.901871
4558.0,40.0,90.0,2.0,100.0,4.973459
4559.0,49.0,90.0,2.0,100.0,3.4978983
4560.0,0.0,90.0,2.0,100.0,0.0
4561.0,0.5,90.0,2.0,100.0,28.219378
4562.0,1.0,90.0,2.0,100.0,34.12233
4563.0,2.0,90.0,2.0,100.0,28.360771
4564.0,3.0,90.0,2.0,100.0,27.537853
4565.0,5.0,90.0,2.0,100.0,29.569128
4566.0,10.0,90.0,2.0,100.0,22.375582
4567.0,20.0,90.0,2.0,100.0,10.973798
4568.0,40.0,90.0,2.0,100.0,4.4424424
4569.0,49.0,90.0,2.0,100.0,1.87025
4570.0,0.0,90.0,2.0,100.0,0.0
4571.0,0.5,90.0,2.0,100.0,0.0
4572.0,1.0,90.0,2.0,100.0,41.428654
4573.0,2.0,90.0,2.0,100.0,19.38069
4574.0,3.0,90.0,2.0,100.0,10.475245
4575.0,5.0,90.0,2.0,100.0,27.934448
4576.0,10.0,90.0,2.0,100.0,17.432865
4577.0,20.0,90.0,2.0,100.0,5.6399937
4578.0,40.0,90.0,2.0,100.0,2.345208
4579.0,49.0,90.0,2.0,100.0,3.0643885
4580.0,0.0,90.0,2.0,100.0,0.0
4581.0,0.5,90.0,2.0,100.0,0.0
4582.0,1.0,90.0,2.0,100.0,0.0
4583.0,2.0,90.0,2.0,100.0,28.219378
4584.0,3.0,90.0,2.0,100.0,46.66905
4585.0,5.0,90.0,2.0,100.0,14.009521
4586.0,10.0,90.0,2.0,100.0,13.288018
4587.0,20.0,90.0,2.0,100.0,10.230673
4588.0,40.0,90.0,2.0,100.0,3.3717089
4589.0,49.0,90.0,2.0,100.0,2.1869175
4590.0,0.0,90.0,2.0,100.0,0.0
4591.0,0.5,90.0,2.0,100.0,38.552994
4592.0,1.0,90.0,2.0,100.0,21.307276
4593.0,2.0,90.0,2.0,100.0,13.729198
4594.0,3.0,90.0,2.0,100.0,27.006172
4595.0,5.0,90.0,2.0,100.0,47.60602
4596.0,10.0,90.0,2.0,100.0,18.466185
4597.0,20.0,90.0,2.0,100.0,10.866964
4598.0,40.0,90.0,2.0,100.0,3.8535275
4599.0,49.0,90.0,2.0,100.0,3.548306
4600.0,0.0,90.0,2.0,100.0,0.0
4601.0,0.5,90.0,2.0,100.0,39.95414
4602.0,1.0,90.0,2.0,100.0,0.0
4603.0,2.0,90.0,2.0,100.0,4.5441318
4604.0,3.0,90.0,2.0,100.0,7.071068
4605.0,5.0,90.0,2.0,100.0,15.675276
4606.0,10.0,90.0,2.0,100.0,22.941957
4607.0,20.0,90.0,2.0,100.0,14.075196
4608.0,40.0,90.0,2.0,100.0,4.064949
4609.0,49.0,90.0,2.0,100.0,2.883711
4610.0,0.0,90.0,2.0,100.0,0.0
4611.0,0.5,90.0,2.0,100.0,24.684677
4612.0,1.0,90.0,2.0,100.0,0.0
4613.0,2.0,90.0,2.0,100.0,0.0
4614.0,3.0,90.0,2.0,100.0,17.007002
4615.0,5.0,90.0,2.0,100.0,12.789505
4616.0,10.0,90.0,2.0,100.0,18.583147
4617.0,20.0,90.0,2.0,100.0,5.694229
4618.0,40.0,90.0,2.0,100.0,3.2381
4619.0,49.0,90.0,2.0,100.0,2.0224924
4620.0,0.0,90.0,2.0,100.0,0.0
4621.0,0.5,90.0,2.0,100.0,0.0
4622.0,1.0,90.0,2.0,100.0,24.986662
4623.0,2.0,90.0,2.0,100.0,18.129166
4624.0,3.0,90.0,2.0,100.0,17.566202
4625.0,5.0,90.0,2.0,100.0,25.146238
4626.0,10.0,90.0,2.0,100.0,9.99487
4627.0,20.0,90.0,2.0,100.0,4.0493746
4628.0,40.0,90.0,2.0,100.0,3.7396917
4629.0,49.0,90.0,2.0,100.0,4.449719
4630.0,0.0,90.0,2.0,100.0,0.0
4631.0,0.5,90.0,2.0,100.0,0.0
4632.0,1.0,90.0,2.0,100.0,22.947145
4633.0,2.0,90.0,2.0,100.0,4.5883145
4634.0,3.0,90.0,2.0,100.0,35.303444
4635.0,5.0,90.0,2.0,100.0,28.536528
4636.0,10.0,90.0,2.0,100.0,23.713568
4637.0,20.0,90.0,2.0,100.0,7.898161
4638.0,40.0,90.0,2.0,100.0,3.906809
4639.0,49.0,90.0,2.0,100.0,4.4704914
4640.0,0.0,90.0,2.0,100.0,0.0
4641.0,0.5,90.0,2.0,100.0,42.14657
4642.0,1.0,90.0,2.0,100.0,38.552994
4643.0,2.0,90.0,2.0,100.0,0.0
4644.0,3.0,90.0,2.0,100.0,13.352367
4645.0,5.0,90.0,2.0,100.0,18.071287
4646.0,10.0,90.0,2.0,100.0,35.92121
4647.0,20.0,90.0,2.0,100.0,2.5865955
4648.0,40.0,90.0,2.0,100.0,3.0183265
4649.0,49.0,90.0,2.0,100.0,2.635786
4650.0,0.0,90.0,2.0,100.0,0.0
4651.0,0.5,90.0,2.0,100.0,43.661575
4652.0,1.0,90.0,2.0,100.0,35.303444
4653.0,2.0,90.0,2.0,100.0,50.063293
4654.0,3.0,90.0,2.0,100.0,16.026888
4655.0,5.0,90.0,2.0,100.0,40.253365
4656.0,10.0,90.0,2.0,100.0,17.243355
4657.0,20.0,90.0,2.0,100.0,6.12507
4658.0,40.0,90.0,2.0,100.0,3.052178
4659.0,49.0,90.0,2.0,100.0,3.0155544
4660.0,0.0,90.0,2.0,100.0,0.0
4661.0,0.5,90.0,2.0,100.0,50.895317
4662.0,1.0,90.0,2.0,100.0,19.442223
4663.0,2.0,90.0,2.0,100.0,29.743347
4664.0,3.0,90.0,2.0,100.0,48.08326
4665.0,5.0,90.0,2.0,100.0,26.670832
4666.0,10.0,90.0,2.0,100.0,14.422205
4667.0,20.0,90.0,2.0,100.0,3.8209946
4668.0,40.0,90.0,2.0,100.0,5.4329076
4669.0,49.0,90.0,2.0,100.0,2.700088
4670.0,0.0,90.0,2.0,100.0,0.0
4671.0,0.5,90.0,2.0,100.0,0.0
4672.0,1.0,90.0,2.0,100.0,38.21431
4673.0,2.0,90.0,2.0,100.0,28.360771
4674.0,3.0,90.0,2.0,100.0,5.234256
4675.0,5.0,90.0,2.0,100.0,28.290163
4676.0,10.0,90.0,2.0,100.0,5.2582436
4677.0,20.0,90.0,2.0,100.0,11.263087
4678.0,40.0,90.0,2.0,100.0,4.805751
4679.0,49.0,90.0,2.0,100.0,2.424621
4680.0,0.0,90.0,2.0,100.0,0.0
4681.0,0.5,90.0,2.0,100.0,25.579939
4682.0,1.0,90.0,2.0,100.0,30.144098
4683.0,2.0,90.0,2.0,100.0,53.42596
4684.0,3.0,90.0,2.0,100.0,18.384777
4685.0,5.0,90.0,2.0,100.0,40.673496
4686.0,10.0,90.0,2.0,100.0,17.15337
4687.0,20.0,90.0,2.0,100.0,16.258331
4688.0,40.0,90.0,2.0,100.0,4.4704914
4689.0,49.0,90.0,2.0,100.0,3.7729688
4690.0,0.0,90.0,2.0,100.0,0.0
4691.0,0.5,90.0,2.0,100.0,0.0
4692.0,1.0,90.0,2.0,100.0,21.0034
4693.0,2.0,90.0,2.0,100.0,33.020195
4694.0,3.0,90.0,2.0,100.0,12.0554285
4695.0,5.0,90.0,2.0,100.0,22.135944
4696.0,10.0,90.0,2.0,100.0,18.970152
4697.0,20.0,90.0,2.0,100.0,5.216205
4698.0,40.0,90.0,2.0,100.0,5.406967
4699.0,49.0,90.0,2.0,100.0,5.627315
4700.0,0.0,90.0,2.0,100.0,0.0
4701.0,0.5,90.0,2.0,100.0,28.112867
4702.0,1.0,90.0,2.0,100.0,0.0
4703.0,2.0,90.0,2.0,100.0,10.888715
4704.0,3.0,90.0,2.0,100.0,12.445518
4705.0,5.0,90.0,2.0,100.0,10.994948
4706.0,10.0,90.0,2.0,100.0,21.750097
4707.0,20.0,90.0,2.0,100.0,11.475665
4708.0,40.0,90.0,2.0,100.0,2.2685337
4709.0,49.0,90.0,2.0,100.0,2.8267431
4710.0,0.0,90.0,2.0,100.0,0.0
4711.0,0.5,90.0,2.0,100.0,0.0
4712.0,1.0,90.0,2.0,100.0,49.23752
4713.0,2.0,90.0,2.0,100.0,37.416573
4714.0,3.0,90.0,2.0,100.0,17.517452
4715.0,5.0,90.0,2.0,100.0,41.428654
4716.0,10.0,90.0,2.0,100.0,17.549929
4717.0,20.0,90.0,2.0,100.0,15.080735
4718.0,40.0,90.0,2.0,100.0,3.5409057
4719.0,49.0,90.0,2.0,100.0,6.8361783
4720.0,0.0,90.0,2.0,100.0,0.0
4721.0,0.5,90.0,2.0,100.0,0.0
4722.0,1.0,90.0,2.0,100.0,9.357113
4723.0,2.0,90.0,2.0,100.0,28.219378
4724.0,3.0,90.0,2.0,100.0,31.112698
4725.0,5.0,90.0,2.0,100.0,11.64776
4726.0,10.0,90.0,2.0,100.0,20.363367
4727.0,20.0,90.0,2.0,100.0,10.902345
4728.0,40.0,90.0,2.0,100.0,4.2702804
4729.0,49.0,90.0,2.0,100.0,5.4098673
4730.0,0.0,90.0,2.0,100.0,17.288862
4731.0,0.5,90.0,2.0,100.0,23.388031
4732.0,1.0,90.0,2.0,100.0,51.733288
4733.0,2.0,90.0,2.0,100.0,33.020195
4734.0,3.0,90.0,2.0,100.0,26.944387
4735.0,5.0,90.0,2.0,100.0,40.673496
4736.0,10.0,90.0,2.0,100.0,3.8384025
4737.0,20.0,90.0,2.0,100.0,4.592956
4738.0,40.0,90.0,2.0,100.0,3.0607877
4739.0,49.0,90.0,2.0,100.0,3.1401105
4740.0,0.0,90.0,2.0,100.0,0.0
4741.0,0.5,90.0,2.0,100.0,0.0
4742.0,1.0,90.0,2.0,100.0,14.1453495
4743.0,2.0,90.0,2.0,100.0,11.16903
4744.0,3.0,90.0,2.0,100.0,24.065388
4745.0,5.0,90.0,2.0,100.0,14.719602
4746.0,10.0,90.0,2.0,100.0,21.740898
4747.0,20.0,90.0,2.0,100.0,23.166067
4748.0,40.0,90.0,2.0,100.0,1.9976177
4749.0,49.0,90.0,2.0,100.0,3.221659
4750.0,0.0,90.0,2.0,100.0,0.0
4751.0,0.5,90.0,2.0,100.0,0.0
4752.0,1.0,90.0,2.0,100.0,9.104803
4753.0,2.0,90.0,2.0,100.0,0.0
4754.0,3.0,90.0,2.0,100.0,14.549602
4755.0,5.0,90.0,2.0,100.0,24.419937
4756.0,10.0,90.0,2.0,100.0,10.447561
4757.0,20.0,90.0,2.0,100.0,13.646908
4758.0,40.0,90.0,2.0,100.0,6.6255145
4759.0,49.0,90.0,2.0,100.0,4.382314
4760.0,0.0,90.0,2.0,100.0,0.0
4761.0,0.5,90.0,2.0,100.0,45.214306
4762.0,1.0,90.0,2.0,100.0,0.0
4763.0,2.0,90.0,2.0,100.0,46.003624
4764.0,3.0,90.0,2.0,100.0,10.625013
4765.0,5.0,90.0,2.0,100.0,4.5929556
4766.0,10.0,90.0,2.0,100.0,15.116217
4767.0,20.0,90.0,2.0,100.0,4.029652
4768.0,40.0,90.0,2.0,100.0,4.526068
4769.0,49.0,90.0,2.0,100.0,3.77334
4770.0,0.0,90.0,2.0,100.0,0.0
4771.0,0.5,90.0,2.0,100.0,36.555893
4772.0,1.0,90.0,2.0,100.0,29.166193
4773.0,2.0,90.0,2.0,100.0,33.321663
4774.0,3.0,90.0,2.0,100.0,35.57152
4775.0,5.0,90.0,2.0,100.0,49.497475
4776.0,10.0,90.0,2.0,100.0,12.294371
4777.0,20.0,90.0,2.0,100.0,10.071176
4778.0,40.0,90.0,2.0,100.0,3.3151886
4779.0,49.0,90.0,2.0,100.0,2.729336
4780.0,0.0,90.0,2.0,100.0,0.0
4781.0,0.5,90.0,2.0,100.0,54.280136
4782.0,1.0,90.0,2.0,100.0,0.0
4783.0,2.0,90.0,2.0,100.0,16.700027
4784.0,3.0,90.0,2.0,100.0,30.67029
4785.0,5.0,90.0,2.0,100.0,35.921207
4786.0,10.0,90.0,2.0,100.0,22.55364
4787.0,20.0,90.0,2.0,100.0,16.355427
4788.0,40.0,90.0,2.0,100.0,2.7897327
4789.0,49.0,90.0,2.0,100.0,3.0150418
4790.0,0.0,90.0,2.0,100.0,0.0
4791.0,0.5,90.0,2.0,100.0,0.0
4792.0,1.0,90.0,2.0,100.0,12.917473
4793.0,2.0,90.0,2.0,100.0,34.12233
4794.0,3.0,90.0,2.0,100.0,34.122326
4795.0,5.0,90.0,2.0,100.0,22.368132
4796.0,10.0,90.0,2.0,100.0,17.564169
4797.0,20.0,90.0,2.0,100.0,14.1320305
4798.0,40.0,90.0,2.0,100.0,2.9735677
4799.0,49.0,90.0,2.0,100.0,2.5351334
4800.0,0.0,90.0,2.0,100.0,0.0
4801.0,0.5,90.0,2.0,100.0,36.555893
4802.0,1.0,90.0,2.0,100.0,22.63331
4803.0,2.0,90.0,2.0,100.0,16.289055
4804.0,3.0,90.0,2.0,100.0,16.070677
4805.0,5.0,90.0,2.0,100.0,21.432064
4806.0,10.0,90.0,2.0,100.0,14.009521
4807.0,20.0,90.0,2.0,100.0,9.763879
4808.0,40.0,90.0,2.0,100.0,5.452593
4809.0,49.0,90.0,2.0,100.0,2.6627948
4810.0,0.0,90.0,2.0,100.0,0.0
4811.0,0.5,90.0,2.0,100.0,48.418316
4812.0,1.0,90.0,2.0,100.0,0.0
4813.0,2.0,90.0,2.0,100.0,24.56556
4814.0,3.0,90.0,2.0,100.0,30.232433
4815.0,5.0,90.0,2.0,100.0,23.466288
4816.0,10.0,90.0,2.0,100.0,16.926311
4817.0,20.0,90.0,2.0,100.0,4.40238
4818.0,40.0,90.0,2.0,100.0,3.2759771
4819.0,49.0,90.0,2.0,100.0,2.2339373
4820.0,0.0,90.0,2.0,100.0,0.0
4821.0,0.5,90.0,2.0,100.0,12.841525
4822.0,1.0,90.0,2.0,100.0,46.003624
4823.0,2.0,90.0,2.0,100.0,21.126602
4824.0,3.0,90.0,2.0,100.0,12.867171
4825.0,5.0,90.0,2.0,100.0,21.96209
4826.0,10.0,90.0,2.0,100.0,22.241102
4827.0,20.0,90.0,2.0,100.0,12.806249
4828.0,40.0,90.0,2.0,100.0,3.4978986
4829.0,49.0,90.0,2.0,100.0,2.1869175
4830.0,0.0,90.0,2.0,100.0,0.0
4831.0,0.5,90.0,2.0,100.0,0.0
4832.0,1.0,90.0,2.0,100.0,18.469194
4833.0,2.0,90.0,2.0,100.0,26.501574
4834.0,3.0,90.0,2.0,100.0,4.2426405
4835.0,5.0,90.0,2.0,100.0,23.695992
4836.0,10.0,90.0,2.0,100.0,8.937493
4837.0,20.0,90.0,2.0,100.0,11.499482
4838.0,40.0,90.0,2.0,100.0,4.203951
4839.0,49.0,90.0,2.0,100.0,3.7922225
4840.0,0.0,90.0,2.0,100.0,0.0
4841.0,0.5,90.0,2.0,100.0,0.0
4842.0,1.0,90.0,2.0,100.0,34.72031
4843.0,2.0,90.0,2.0,100.0,51.733288
4844.0,3.0,90.0,2.0,100.0,45.214306
4845.0,5.0,90.0,2.0,100.0,12.180358
4846.0,10.0,90.0,2.0,100.0,12.613925
4847.0,20.0,90.0,2.0,100.0,7.9958324
4848.0,40.0,90.0,2.0,100.0,5.4982514
4849.0,49.0,90.0,2.0,100.0,3.6490808
4850.0,0.0,90.0,2.0,100.0,0.0
4851.0,0.5,90.0,2.0,100.0,0.0
4852.0,1.0,90.0,2.0,100.0,43.661575
4853.0,2.0,90.0,2.0,100.0,28.360771
4854.0,3.0,90.0,2.0,100.0,18.384777
4855.0,5.0,90.0,2.0,100.0,11.242662
4856.0,10.0,90.0,2.0,100.0,20.432817
4857.0,20.0,90.0,2.0,100.0,11.907047
4858.0,40.0,90.0,2.0,100.0,2.6043441
4859.0,49.0,90.0,2.0,100.0,3.7696853
4860.0,0.0,90.0,2.0,100.0,0.0
4861.0,0.5,90.0,2.0,100.0,28.041636
4862.0,1.0,90.0,2.0,100.0,33.126022
4863.0,2.0,90.0,2.0,100.0,29.263174
4864.0,3.0,90.0,2.0,100.0,46.003624
4865.0,5.0,90.0,2.0,100.0,5.6918745
4866.0,10.0,90.0,2.0,100.0,8.226198
4867.0,20.0,90.0,2.0,100.0,12.1184635
4868.0,40.0,90.0,2.0,100.0,3.783621
4869.0,49.0,90.0,2.0,100.0,3.572147
4870.0,0.0,90.0,2.0,100.0,12.053667
4871.0,0.5,90.0,2.0,100.0,0.0
4872.0,1.0,90.0,2.0,100.0,28.219378
4873.0,2.0,90.0,2.0,100.0,34.861633
4874.0,3.0,90.0,2.0,100.0,10.91165
4875.0,5.0,90.0,2.0,100.0,28.676355
4876.0,10.0,90.0,2.0,100.0,15.718354
4877.0,20.0,90.0,2.0,100.0,11.155467
4878.0,40.0,90.0,2.0,100.0,4.450789
4879.0,49.0,90.0,2.0,100.0,3.2632997
4880.0,0.0,90.0,2.0,100.0,0.0
4881.0,0.5,90.0,2.0,100.0,47.43768
4882.0,1.0,90.0,2.0,100.0,0.0
4883.0,2.0,90.0,2.0,100.0,39.95414
4884.0,3.0,90.0,2.0,100.0,28.112867
4885.0,5.0,90.0,2.0,100.0,31.374088
4886.0,10.0,90.0,2.0,100.0,13.732131
4887.0,20.0,90.0,2.0,100.0,4.1364594
4888.0,40.0,90.0,2.0,100.0,2.5131235
4889.0,49.0,90.0,2.0,100.0,4.494441
4890.0,0.0,90.0,2.0,100.0,11.049477
4891.0,0.5,90.0,2.0,100.0,51.733288
4892.0,1.0,90.0,2.0,100.0,0.0
4893.0,2.0,90.0,2.0,100.0,22.538855
4894.0,3.0,90.0,2.0,100.0,20.22375
4895.0,5.0,90.0,2.0,100.0,15.572412
4896.0,10.0,90.0,2.0,100.0,15.641825
4897.0,20.0,90.0,2.0,100.0,9.729679
4898.0,40.0,90.0,2.0,100.0,3.2579715
4899.0,49.0,90.0,2.0,100.0,2.5279393
4900.0,0.0,90.0,2.0,100.0,0.0
4901.0,0.5,90.0,2.0,100.0,39.95414
4902.0,1.0,90.0,2.0,100.0,32.005207
4903.0,2.0,90.0,2.0,100.0,28.112867
4904.0,3.0,90.0,2.0,100.0,27.006172
4905.0,5.0,90.0,2.0,100.0,13.769935
4906.0,10.0,90.0,2.0,100.0,18.875027
4907.0,20.0,90.0,2.0,100.0,5.5075707
4908.0,40.0,90.0,2.0,100.0,2.6815062
4909.0,49.0,90.0,2.0,100.0,4.9377074
4910.0,0.0,90.0,2.0,100.0,0.0
4911.0,0.5,90.0,2.0,100.0,0.0
4912.0,1.0,90.0,2.0,100.0,47.60602
4913.0,2.0,90.0,2.0,100.0,0.0
4914.0,3.0,90.0,2.0,100.0,16.255404
4915.0,5.0,90.0,2.0,100.0,33.020195
4916.0,10.0,90.0,2.0,100.0,3.5790396
4917.0,20.0,90.0,2.0,100.0,17.248188
4918.0,40.0,90.0,2.0,100.0,2.3447464
4919.0,49.0,90.0,2.0,100.0,5.94979
4920.0,0.0,90.0,2.0,100.0,0.0
4921.0,0.5,90.0,2.0,100.0,6.5623245
4922.0,1.0,90.0,2.0,100.0,37.20663
4923.0,2.0,90.0,2.0,100.0,38.183765
4924.0,3.0,90.0,2.0,100.0,14.628738
4925.0,5.0,90.0,2.0,100.0,18.293898
4926.0,10.0,90.0,2.0,100.0,16.169931
4927.0,20.0,90.0,2.0,100.0,5.422177
4928.0,40.0,90.0,2.0,100.0,6.679155
4929.0,49.0,90.0,2.0,100.0,3.8549054
4930.0,0.0,90.0,2.0,100.0,0.0
4931.0,0.5,90.0,2.0,100.0,0.0
4932.0,1.0,90.0,2.0,100.0,43.661575
4933.0,2.0,90.0,2.0,100.0,57.982758
4934.0,3.0,90.0,2.0,100.0,24.986662
4935.0,5.0,90.0,2.0,100.0,12.188988
4936.0,10.0,90.0,2.0,100.0,9.733821
4937.0,20.0,90.0,2.0,100.0,13.7217245
4938.0,40.0,90.0,2.0,100.0,4.482772
4939.0,49.0,90.0,2.0,100.0,2.586832
4940.0,0.0,90.0,2.0,100.0,0.0
4941.0,0.5,90.0,2.0,100.0,0.0
4942.0,1.0,90.0,2.0,100.0,11.187115
4943.0,2.0,90.0,2.0,100.0,39.247078
4944.0,3.0,90.0,2.0,100.0,48.08326
4945.0,5.0,90.0,2.0,100.0,12.509634
4946.0,10.0,90.0,2.0,100.0,3.445482
4947.0,20.0,90.0,2.0,100.0,10.770329
4948.0,40.0,90.0,2.0,100.0,3.184932
4949.0,49.0,90.0,2.0,100.0,3.347339
4950.0,0.0,90.0,2.0,100.0,0.0
4951.0,0.5,90.0,2.0,100.0,0.0
4952.0,1.0,90.0,2.0,100.0,22.22611
4953.0,2.0,90.0,2.0,100.0,28.536526
4954.0,3.0,90.0,2.0,100.0,41.404507
4955.0,5.0,90.0,2.0,100.0,11.900047
4956.0,10.0,90.0,2.0,100.0,13.412858
4957.0,20.0,90.0,2.0,100.0,11.642833
4958.0,40.0,90.0,2.0,100.0,4.9055176
4959.0,49.0,90.0,2.0,100.0,3.0480282
4960.0,0.0,90.0,2.0,100.0,0.0
4961.0,0.5,90.0,2.0,100.0,0.0
4962.0,1.0,90.0,2.0,100.0,0.0
4963.0,2.0,90.0,2.0,100.0,24.262455
4964.0,3.0,90.0,2.0,100.0,37.20663
4965.0,5.0,90.0,2.0,100.0,7.6348486
4966.0,10.0,90.0,2.0,100.0,26.102364
4967.0,20.0,90.0,2.0,100.0,7.889387
4968.0,40.0,90.0,2.0,100.0,3.4799848
4969.0,49.0,90.0,2.0,100.0,2.6249716
4970.0,0.0,90.0,2.0,100.0,0.0
4971.0,0.5,90.0,2.0,100.0,0.0
4972.0,1.0,90.0,2.0,100.0,26.576933
4973.0,2.0,90.0,2.0,100.0,16.396984
4974.0,3.0,90.0,2.0,100.0,19.966639
4975.0,5.0,90.0,2.0,100.0,41.404507
4976.0,10.0,90.0,2.0,100.0,20.490648
4977.0,20.0,90.0,2.0,100.0,5.338233
4978.0,40.0,90.0,2.0,100.0,6.5381384
4979.0,49.0,90.0,2.0,100.0,3.5496478
4980.0,0.0,90.0,2.0,100.0,0.0
4981.0,0.5,90.0,2.0,100.0,0.0
4982.0,1.0,90.0,2.0,100.0,15.917321
4983.0,2.0,90.0,2.0,100.0,0.0
4984.0,3.0,90.0,2.0,100.0,7.364462
4985.0,5.0,90.0,2.0,100.0,25.65151
4986.0,10.0,90.0,2.0,100.0,14.138768
4987.0,20.0,90.0,2.0,100.0,12.995726
4988.0,40.0,90.0,2.0,100.0,2.5480886
4989.0,49.0,90.0,2.0,100.0,3.1063037
4990.0,0.0,90.0,2.0,100.0,0.0
4991.0,0.5,90.0,2.0,100.0,48.418316
4992.0,1.0,90.0,2.0,100.0,54.280136
4993.0,2.0,90.0,2.0,100.0,32.005207
4994.0,3.0,90.0,2.0,100.0,38.371
4995.0,5.0,90.0,2.0,100.0,11.499164
4996.0,10.0,90.0,2.0,100.0,20.73644
4997.0,20.0,90.0,2.0,100.0,13.928389
4998.0,40.0,90.0,2.0,100.0,5.9914465
4999.0,49.0,90.0,2.0,100.0,4.039281
