Factor 1,Factor 2,Factor 3,Factor 4,Factor 5,Result 1
0.0,0.0,20.0,2.0,25.0,1.12
1.0,0.5,20.0,2.0,25.0,1.12
2.0,1.0,20.0,2.0,25.0,1.12
3.0,2.0,20.0,2.0,25.0,1.12
4.0,3.0,20.0,2.0,25.0,1.12
5.0,5.0,20.0,2.0,25.0,1.12
6.0,10.0,20.0,2.0,25.0,1.12
7.0,20.0,20.0,2.0,25.0,1.08
8.0,40.0,20.0,2.0,25.0,1.12
9.0,0.0,20.0,2.0,25.0,1.12
10.0,0.5,20.0,2.0,25.0,1.12
11.0,1.0,20.0,2.0,25.0,1.12
12.0,2.0,20.0,2.0,25.0,1.12
13.0,3.0,20.0,2.0,25.0,1.12
14.0,5.0,20.0,2.0,25.0,1.12
15.0,10.0,20.0,2.0,25.0,1.08
16.0,20.0,20.0,2.0,25.0,1.12
17.0,40.0,20.0,2.0,25.0,1.12
18.0,0.0,20.0,2.0,25.0,1.12
19.0,0.5,20.0,2.0,25.0,1.12
20.0,1.0,20.0,2.0,25.0,1.12
21.0,2.0,20.0,2.0,25.0,1.12
22.0,3.0,20.0,2.0,25.0,1.12
23.0,5.0,20.0,2.0,25.0,1.12
24.0,10.0,20.0,2.0,25.0,1.08
25.0,20.0,20.0,2.0,25.0,1.08
26.0,40.0,20.0,2.0,25.0,1.12
27.0,0.0,20.0,2.0,25.0,1.12
28.0,0.5,20.0,2.0,25.0,1.12
29.0,1.0,20.0,2.0,25.0,1.12
30.0,2.0,20.0,2.0,25.0,1.12
31.0,3.0,20.0,2.0,25.0,1.12
32.0,5.0,20.0,2.0,25.0,1.12
33.0,10.0,20.0,2.0,25.0,1.12
34.0,20.0,20.0,2.0,25.0,1.12
35.0,40.0,20.0,2.0,25.0,1.08
36.0,0.0,20.0,2.0,25.0,1.12
37.0,0.5,20.0,2.0,25.0,1.12
38.0,1.0,20.0,2.0,25.0,1.12
39.0,2.0,20.0,2.0,25.0,1.12
40.0,3.0,20.0,2.0,25.0,1.12
41.0,5.0,20.0,2.0,25.0,1.12
42.0,10.0,20.0,2.0,25.0,1.08
43.0,20.0,20.0,2.0,25.0,1.08
44.0,40.0,20.0,2.0,25.0,1.12
45.0,0.0,20.0,2.0,25.0,1.12
46.0,0.5,20.0,2.0,25.0,1.12
47.0,1.0,20.0,2.0,25.0,1.12
48.0,2.0,20.0,2.0,25.0,1.12
49.0,3.0,20.0,2.0,25.0,1.12
50.0,5.0,20.0,2.0,25.0,1.12
51.0,10.0,20.0,2.0,25.0,1.12
52.0,20.0,20.0,2.0,25.0,1.08
53.0,40.0,20.0,2.0,25.0,1.12
54.0,0.0,20.0,2.0,25.0,1.12
55.0,0.5,20.0,2.0,25.0,1.12
56.0,1.0,20.0,2.0,25.0,1.12
57.0,2.0,20.0,2.0,25.0,1.12
58.0,3.0,20.0,2.0,25.0,1.12
59.0,5.0,20.0,2.0,25.0,1.12
60.0,10.0,20.0,2.0,25.0,1.12
61.0,20.0,20.0,2.0,25.0,1.08
62.0,40.0,20.0,2.0,25.0,1.12
63.0,0.0,20.0,2.0,25.0,1.12
64.0,0.5,20.0,2.0,25.0,1.12
65.0,1.0,20.0,2.0,25.0,1.12
66.0,2.0,20.0,2.0,25.0,1.12
67.0,3.0,20.0,2.0,25.0,1.12
68.0,5.0,20.0,2.0,25.0,1.08
69.0,10.0,20.0,2.0,25.0,1.12
70.0,20.0,20.0,2.0,25.0,1.12
71.0,40.0,20.0,2.0,25.0,1.08
72.0,0.0,20.0,2.0,25.0,1.12
73.0,0.5,20.0,2.0,25.0,1.12
74.0,1.0,20.0,2.0,25.0,1.12
75.0,2.0,20.0,2.0,25.0,1.12
76.0,3.0,20.0,2.0,25.0,1.12
77.0,5.0,20.0,2.0,25.0,1.12
78.0,10.0,20.0,2.0,25.0,1.08
79.0,20.0,20.0,2.0,25.0,1.08
80.0,40.0,20.0,2.0,25.0,1.08
81.0,0.0,20.0,2.0,25.0,1.12
82.0,0.5,20.0,2.0,25.0,1.12
83.0,1.0,20.0,2.0,25.0,1.12
84.0,2.0,20.0,2.0,25.0,1.08
85.0,3.0,20.0,2.0,25.0,1.08
86.0,5.0,20.0,2.0,25.0,1.12
87.0,10.0,20.0,2.0,25.0,1.12
88.0,20.0,20.0,2.0,25.0,1.08
89.0,40.0,20.0,2.0,25.0,1.12
90.0,0.0,20.0,2.0,25.0,1.12
91.0,0.5,20.0,2.0,25.0,1.12
92.0,1.0,20.0,2.0,25.0,1.12
93.0,2.0,20.0,2.0,25.0,1.12
94.0,3.0,20.0,2.0,25.0,1.12
95.0,5.0,20.0,2.0,25.0,1.12
96.0,10.0,20.0,2.0,25.0,1.12
97.0,20.0,20.0,2.0,25.0,1.12
98.0,40.0,20.0,2.0,25.0,1.12
99.0,0.0,20.0,2.0,25.0,1.12
100.0,0.5,20.0,2.0,25.0,1.12
101.0,1.0,20.0,2.0,25.0,1.12
102.0,2.0,20.0,2.0,25.0,1.12
103.0,3.0,20.0,2.0,25.0,1.12
104.0,5.0,20.0,2.0,25.0,1.12
105.0,10.0,20.0,2.0,25.0,1.12
106.0,20.0,20.0,2.0,25.0,1.12
107.0,40.0,20.0,2.0,25.0,1.12
108.0,0.0,20.0,2.0,25.0,1.12
109.0,0.5,20.0,2.0,25.0,1.12
110.0,1.0,20.0,2.0,25.0,1.12
111.0,2.0,20.0,2.0,25.0,1.12
112.0,3.0,20.0,2.0,25.0,1.12
113.0,5.0,20.0,2.0,25.0,1.08
114.0,10.0,20.0,2.0,25.0,1.08
115.0,20.0,20.0,2.0,25.0,1.08
116.0,40.0,20.0,2.0,25.0,1.12
117.0,0.0,20.0,2.0,25.0,1.12
118.0,0.5,20.0,2.0,25.0,1.12
119.0,1.0,20.0,2.0,25.0,1.12
120.0,2.0,20.0,2.0,25.0,1.08
121.0,3.0,20.0,2.0,25.0,1.12
122.0,5.0,20.0,2.0,25.0,1.12
123.0,10.0,20.0,2.0,25.0,1.12
124.0,20.0,20.0,2.0,25.0,1.12
125.0,40.0,20.0,2.0,25.0,1.12
126.0,0.0,20.0,2.0,25.0,1.12
127.0,0.5,20.0,2.0,25.0,1.12
128.0,1.0,20.0,2.0,25.0,1.12
129.0,2.0,20.0,2.0,25.0,1.12
130.0,3.0,20.0,2.0,25.0,1.12
131.0,5.0,20.0,2.0,25.0,1.12
132.0,10.0,20.0,2.0,25.0,1.08
133.0,20.0,20.0,2.0,25.0,1.08
134.0,40.0,20.0,2.0,25.0,1.12
135.0,0.0,20.0,2.0,25.0,1.12
136.0,0.5,20.0,2.0,25.0,1.12
137.0,1.0,20.0,2.0,25.0,1.12
138.0,2.0,20.0,2.0,25.0,1.12
139.0,3.0,20.0,2.0,25.0,1.12
140.0,5.0,20.0,2.0,25.0,1.08
141.0,10.0,20.0,2.0,25.0,1.12
142.0,20.0,20.0,2.0,25.0,1.12
143.0,40.0,20.0,2.0,25.0,1.08
144.0,0.0,20.0,2.0,25.0,1.12
145.0,0.5,20.0,2.0,25.0,1.12
146.0,1.0,20.0,2.0,25.0,1.12
147.0,2.0,20.0,2.0,25.0,1.12
148.0,3.0,20.0,2.0,25.0,1.12
149.0,5.0,20.0,2.0,25.0,1.12
150.0,10.0,20.0,2.0,25.0,1.08
151.0,20.0,20.0,2.0,25.0,1.12
152.0,40.0,20.0,2.0,25.0,1.12
153.0,0.0,20.0,2.0,25.0,1.12
154.0,0.5,20.0,2.0,25.0,1.12
155.0,1.0,20.0,2.0,25.0,1.12
156.0,2.0,20.0,2.0,25.0,1.12
157.0,3.0,20.0,2.0,25.0,1.08
158.0,5.0,20.0,2.0,25.0,1.12
159.0,10.0,20.0,2.0,25.0,1.08
160.0,20.0,20.0,2.0,25.0,1.12
161.0,40.0,20.0,2.0,25.0,1.08
162.0,0.0,20.0,2.0,25.0,1.12
163.0,0.5,20.0,2.0,25.0,1.12
164.0,1.0,20.0,2.0,25.0,1.12
165.0,2.0,20.0,2.0,25.0,1.12
166.0,3.0,20.0,2.0,25.0,1.12
167.0,5.0,20.0,2.0,25.0,1.12
168.0,10.0,20.0,2.0,25.0,1.12
169.0,20.0,20.0,2.0,25.0,1.08
170.0,40.0,20.0,2.0,25.0,1.08
171.0,0.0,20.0,2.0,25.0,1.12
172.0,0.5,20.0,2.0,25.0,1.12
173.0,1.0,20.0,2.0,25.0,1.12
174.0,2.0,20.0,2.0,25.0,1.12
175.0,3.0,20.0,2.0,25.0,1.12
176.0,5.0,20.0,2.0,25.0,1.12
177.0,10.0,20.0,2.0,25.0,1.12
178.0,20.0,20.0,2.0,25.0,1.12
179.0,40.0,20.0,2.0,25.0,1.12
180.0,0.0,20.0,2.0,25.0,1.12
181.0,0.5,20.0,2.0,25.0,1.12
182.0,1.0,20.0,2.0,25.0,1.12
183.0,2.0,20.0,2.0,25.0,1.12
184.0,3.0,20.0,2.0,25.0,1.12
185.0,5.0,20.0,2.0,25.0,1.12
186.0,10.0,20.0,2.0,25.0,1.12
187.0,20.0,20.0,2.0,25.0,1.08
188.0,40.0,20.0,2.0,25.0,1.12
189.0,0.0,20.0,2.0,25.0,1.12
190.0,0.5,20.0,2.0,25.0,1.12
191.0,1.0,20.0,2.0,25.0,1.12
192.0,2.0,20.0,2.0,25.0,1.12
193.0,3.0,20.0,2.0,25.0,1.12
194.0,5.0,20.0,2.0,25.0,1.08
195.0,10.0,20.0,2.0,25.0,1.12
196.0,20.0,20.0,2.0,25.0,1.08
197.0,40.0,20.0,2.0,25.0,1.12
198.0,0.0,20.0,2.0,25.0,1.12
199.0,0.5,20.0,2.0,25.0,1.12
200.0,1.0,20.0,2.0,25.0,1.12
201.0,2.0,20.0,2.0,25.0,1.12
202.0,3.0,20.0,2.0,25.0,1.12
203.0,5.0,20.0,2.0,25.0,1.12
204.0,10.0,20.0,2.0,25.0,1.12
205.0,20.0,20.0,2.0,25.0,1.12
206.0,40.0,20.0,2.0,25.0,1.12
207.0,0.0,20.0,2.0,25.0,1.12
208.0,0.5,20.0,2.0,25.0,1.12
209.0,1.0,20.0,2.0,25.0,1.12
210.0,2.0,20.0,2.0,25.0,1.12
211.0,3.0,20.0,2.0,25.0,1.12
212.0,5.0,20.0,2.0,25.0,1.12
213.0,10.0,20.0,2.0,25.0,1.12
214.0,20.0,20.0,2.0,25.0,1.12
215.0,40.0,20.0,2.0,25.0,1.08
216.0,0.0,20.0,2.0,25.0,1.12
217.0,0.5,20.0,2.0,25.0,1.12
218.0,1.0,20.0,2.0,25.0,1.12
219.0,2.0,20.0,2.0,25.0,1.12
220.0,3.0,20.0,2.0,25.0,1.12
221.0,5.0,20.0,2.0,25.0,1.12
222.0,10.0,20.0,2.0,25.0,1.08
223.0,20.0,20.0,2.0,25.0,1.12
224.0,40.0,20.0,2.0,25.0,1.12
225.0,0.0,20.0,2.0,25.0,1.12
226.0,0.5,20.0,2.0,25.0,1.12
227.0,1.0,20.0,2.0,25.0,1.12
228.0,2.0,20.0,2.0,25.0,1.12
229.0,3.0,20.0,2.0,25.0,1.12
230.0,5.0,20.0,2.0,25.0,1.12
231.0,10.0,20.0,2.0,25.0,1.08
232.0,20.0,20.0,2.0,25.0,1.12
233.0,40.0,20.0,2.0,25.0,1.12
234.0,0.0,20.0,2.0,25.0,1.12
235.0,0.5,20.0,2.0,25.0,1.12
236.0,1.0,20.0,2.0,25.0,1.12
237.0,2.0,20.0,2.0,25.0,1.12
238.0,3.0,20.0,2.0,25.0,1.12
239.0,5.0,20.0,2.0,25.0,1.12
240.0,10.0,20.0,2.0,25.0,1.08
241.0,20.0,20.0,2.0,25.0,1.08
242.0,40.0,20.0,2.0,25.0,1.12
243.0,0.0,20.0,2.0,25.0,1.12
244.0,0.5,20.0,2.0,25.0,1.12
245.0,1.0,20.0,2.0,25.0,1.12
246.0,2.0,20.0,2.0,25.0,1.12
247.0,3.0,20.0,2.0,25.0,1.12
248.0,5.0,20.0,2.0,25.0,1.12
249.0,10.0,20.0,2.0,25.0,1.08
250.0,20.0,20.0,2.0,25.0,1.12
251.0,40.0,20.0,2.0,25.0,1.12
252.0,0.0,20.0,2.0,25.0,1.12
253.0,0.5,20.0,2.0,25.0,1.12
254.0,1.0,20.0,2.0,25.0,1.12
255.0,2.0,20.0,2.0,25.0,1.12
256.0,3.0,20.0,2.0,25.0,1.08
257.0,5.0,20.0,2.0,25.0,1.12
258.0,10.0,20.0,2.0,25.0,1.12
259.0,20.0,20.0,2.0,25.0,1.08
260.0,40.0,20.0,2.0,25.0,1.12
261.0,0.0,20.0,2.0,25.0,1.12
262.0,0.5,20.0,2.0,25.0,1.08
263.0,1.0,20.0,2.0,25.0,1.12
264.0,2.0,20.0,2.0,25.0,1.12
265.0,3.0,20.0,2.0,25.0,1.12
266.0,5.0,20.0,2.0,25.0,1.12
267.0,10.0,20.0,2.0,25.0,1.08
268.0,20.0,20.0,2.0,25.0,1.12
269.0,40.0,20.0,2.0,25.0,1.12
270.0,0.0,20.0,2.0,25.0,1.12
271.0,0.5,20.0,2.0,25.0,1.12
272.0,1.0,20.0,2.0,25.0,1.12
273.0,2.0,20.0,2.0,25.0,1.12
274.0,3.0,20.0,2.0,25.0,1.12
275.0,5.0,20.0,2.0,25.0,1.12
276.0,10.0,20.0,2.0,25.0,1.12
277.0,20.0,20.0,2.0,25.0,1.12
278.0,40.0,20.0,2.0,25.0,1.08
279.0,0.0,20.0,2.0,25.0,1.12
280.0,0.5,20.0,2.0,25.0,1.12
281.0,1.0,20.0,2.0,25.0,1.12
282.0,2.0,20.0,2.0,25.0,1.08
283.0,3.0,20.0,2.0,25.0,1.12
284.0,5.0,20.0,2.0,25.0,1.12
285.0,10.0,20.0,2.0,25.0,1.12
286.0,20.0,20.0,2.0,25.0,1.12
287.0,40.0,20.0,2.0,25.0,1.12
288.0,0.0,20.0,2.0,25.0,1.12
289.0,0.5,20.0,2.0,25.0,1.12
290.0,1.0,20.0,2.0,25.0,1.12
291.0,2.0,20.0,2.0,25.0,1.12
292.0,3.0,20.0,2.0,25.0,1.12
293.0,5.0,20.0,2.0,25.0,1.12
294.0,10.0,20.0,2.0,25.0,1.08
295.0,20.0,20.0,2.0,25.0,1.08
296.0,40.0,20.0,2.0,25.0,1.08
297.0,0.0,20.0,2.0,25.0,1.12
298.0,0.5,20.0,2.0,25.0,1.12
299.0,1.0,20.0,2.0,25.0,1.12
300.0,2.0,20.0,2.0,25.0,1.12
301.0,3.0,20.0,2.0,25.0,1.12
302.0,5.0,20.0,2.0,25.0,1.12
303.0,10.0,20.0,2.0,25.0,1.12
304.0,20.0,20.0,2.0,25.0,1.12
305.0,40.0,20.0,2.0,25.0,1.12
306.0,0.0,20.0,2.0,25.0,1.12
307.0,0.5,20.0,2.0,25.0,1.12
308.0,1.0,20.0,2.0,25.0,1.12
309.0,2.0,20.0,2.0,25.0,1.12
310.0,3.0,20.0,2.0,25.0,1.12
311.0,5.0,20.0,2.0,25.0,1.12
312.0,10.0,20.0,2.0,25.0,1.12
313.0,20.0,20.0,2.0,25.0,1.12
314.0,40.0,20.0,2.0,25.0,1.12
315.0,0.0,20.0,2.0,25.0,1.12
316.0,0.5,20.0,2.0,25.0,1.12
317.0,1.0,20.0,2.0,25.0,1.12
318.0,2.0,20.0,2.0,25.0,1.08
319.0,3.0,20.0,2.0,25.0,1.12
320.0,5.0,20.0,2.0,25.0,1.12
321.0,10.0,20.0,2.0,25.0,1.08
322.0,20.0,20.0,2.0,25.0,1.12
323.0,40.0,20.0,2.0,25.0,1.12
324.0,0.0,20.0,2.0,25.0,1.12
325.0,0.5,20.0,2.0,25.0,1.12
326.0,1.0,20.0,2.0,25.0,1.12
327.0,2.0,20.0,2.0,25.0,1.12
328.0,3.0,20.0,2.0,25.0,1.12
329.0,5.0,20.0,2.0,25.0,1.12
330.0,10.0,20.0,2.0,25.0,1.12
331.0,20.0,20.0,2.0,25.0,1.12
332.0,40.0,20.0,2.0,25.0,1.08
333.0,0.0,20.0,2.0,25.0,1.12
334.0,0.5,20.0,2.0,25.0,1.12
335.0,1.0,20.0,2.0,25.0,1.12
336.0,2.0,20.0,2.0,25.0,1.08
337.0,3.0,20.0,2.0,25.0,1.08
338.0,5.0,20.0,2.0,25.0,1.12
339.0,10.0,20.0,2.0,25.0,1.12
340.0,20.0,20.0,2.0,25.0,1.12
341.0,40.0,20.0,2.0,25.0,1.12
342.0,0.0,20.0,2.0,25.0,1.12
343.0,0.5,20.0,2.0,25.0,1.12
344.0,1.0,20.0,2.0,25.0,1.12
345.0,2.0,20.0,2.0,25.0,1.12
346.0,3.0,20.0,2.0,25.0,1.08
347.0,5.0,20.0,2.0,25.0,1.08
348.0,10.0,20.0,2.0,25.0,1.12
349.0,20.0,20.0,2.0,25.0,1.12
350.0,40.0,20.0,2.0,25.0,1.12
351.0,0.0,20.0,2.0,25.0,1.12
352.0,0.5,20.0,2.0,25.0,1.12
353.0,1.0,20.0,2.0,25.0,1.12
354.0,2.0,20.0,2.0,25.0,1.12
355.0,3.0,20.0,2.0,25.0,1.12
356.0,5.0,20.0,2.0,25.0,1.08
357.0,10.0,20.0,2.0,25.0,1.08
358.0,20.0,20.0,2.0,25.0,1.12
359.0,40.0,20.0,2.0,25.0,1.12
360.0,0.0,20.0,2.0,25.0,1.12
361.0,0.5,20.0,2.0,25.0,1.12
362.0,1.0,20.0,2.0,25.0,1.12
363.0,2.0,20.0,2.0,25.0,1.12
364.0,3.0,20.0,2.0,25.0,1.12
365.0,5.0,20.0,2.0,25.0,1.12
366.0,10.0,20.0,2.0,25.0,1.12
367.0,20.0,20.0,2.0,25.0,1.12
368.0,40.0,20.0,2.0,25.0,1.12
369.0,0.0,20.0,2.0,25.0,1.12
370.0,0.5,20.0,2.0,25.0,1.08
371.0,1.0,20.0,2.0,25.0,1.12
372.0,2.0,20.0,2.0,25.0,1.12
373.0,3.0,20.0,2.0,25.0,1.08
374.0,5.0,20.0,2.0,25.0,1.12
375.0,10.0,20.0,2.0,25.0,1.12
376.0,20.0,20.0,2.0,25.0,1.08
377.0,40.0,20.0,2.0,25.0,1.12
378.0,0.0,20.0,2.0,25.0,1.12
379.0,0.5,20.0,2.0,25.0,1.12
380.0,1.0,20.0,2.0,25.0,1.08
381.0,2.0,20.0,2.0,25.0,1.08
382.0,3.0,20.0,2.0,25.0,1.12
383.0,5.0,20.0,2.0,25.0,1.12
384.0,10.0,20.0,2.0,25.0,1.12
385.0,20.0,20.0,2.0,25.0,1.12
386.0,40.0,20.0,2.0,25.0,1.12
387.0,0.0,20.0,2.0,25.0,1.12
388.0,0.5,20.0,2.0,25.0,1.12
389.0,1.0,20.0,2.0,25.0,1.12
390.0,2.0,20.0,2.0,25.0,1.12
391.0,3.0,20.0,2.0,25.0,1.08
392.0,5.0,20.0,2.0,25.0,1.12
393.0,10.0,20.0,2.0,25.0,1.12
394.0,20.0,20.0,2.0,25.0,1.08
395.0,40.0,20.0,2.0,25.0,1.12
396.0,0.0,20.0,2.0,25.0,1.12
397.0,0.5,20.0,2.0,25.0,1.12
398.0,1.0,20.0,2.0,25.0,1.12
399.0,2.0,20.0,2.0,25.0,1.12
400.0,3.0,20.0,2.0,25.0,1.12
401.0,5.0,20.0,2.0,25.0,1.12
402.0,10.0,20.0,2.0,25.0,1.08
403.0,20.0,20.0,2.0,25.0,1.12
404.0,40.0,20.0,2.0,25.0,1.12
405.0,0.0,20.0,2.0,25.0,1.12
406.0,0.5,20.0,2.0,25.0,1.12
407.0,1.0,20.0,2.0,25.0,1.12
408.0,2.0,20.0,2.0,25.0,1.12
409.0,3.0,20.0,2.0,25.0,1.12
410.0,5.0,20.0,2.0,25.0,1.12
411.0,10.0,20.0,2.0,25.0,1.08
412.0,20.0,20.0,2.0,25.0,1.12
413.0,40.0,20.0,2.0,25.0,1.12
414.0,0.0,20.0,2.0,25.0,1.12
415.0,0.5,20.0,2.0,25.0,1.12
416.0,1.0,20.0,2.0,25.0,1.12
417.0,2.0,20.0,2.0,25.0,1.12
418.0,3.0,20.0,2.0,25.0,1.12
419.0,5.0,20.0,2.0,25.0,1.12
420.0,10.0,20.0,2.0,25.0,1.04
421.0,20.0,20.0,2.0,25.0,1.12
422.0,40.0,20.0,2.0,25.0,1.12
423.0,0.0,20.0,2.0,25.0,1.12
424.0,0.5,20.0,2.0,25.0,1.12
425.0,1.0,20.0,2.0,25.0,1.12
426.0,2.0,20.0,2.0,25.0,1.12
427.0,3.0,20.0,2.0,25.0,1.12
428.0,5.0,20.0,2.0,25.0,1.12
429.0,10.0,20.0,2.0,25.0,1.12
430.0,20.0,20.0,2.0,25.0,1.08
431.0,40.0,20.0,2.0,25.0,1.08
432.0,0.0,20.0,2.0,25.0,1.12
433.0,0.5,20.0,2.0,25.0,1.12
434.0,1.0,20.0,2.0,25.0,1.12
435.0,2.0,20.0,2.0,25.0,1.12
436.0,3.0,20.0,2.0,25.0,1.12
437.0,5.0,20.0,2.0,25.0,1.12
438.0,10.0,20.0,2.0,25.0,1.08
439.0,20.0,20.0,2.0,25.0,1.12
440.0,40.0,20.0,2.0,25.0,1.12
441.0,0.0,20.0,2.0,25.0,1.12
442.0,0.5,20.0,2.0,25.0,1.12
443.0,1.0,20.0,2.0,25.0,1.08
444.0,2.0,20.0,2.0,25.0,1.08
445.0,3.0,20.0,2.0,25.0,1.12
446.0,5.0,20.0,2.0,25.0,1.12
447.0,10.0,20.0,2.0,25.0,1.12
448.0,20.0,20.0,2.0,25.0,1.08
449.0,40.0,20.0,2.0,25.0,1.12
450.0,0.0,20.0,2.0,50.0,1.06
451.0,0.5,20.0,2.0,50.0,1.06
452.0,1.0,20.0,2.0,50.0,1.06
453.0,2.0,20.0,2.0,50.0,1.06
454.0,3.0,20.0,2.0,50.0,1.06
455.0,5.0,20.0,2.0,50.0,1.04
456.0,10.0,20.0,2.0,50.0,1.04
457.0,20.0,20.0,2.0,50.0,1.04
458.0,40.0,20.0,2.0,50.0,1.04
459.0,0.0,20.0,2.0,50.0,1.06
460.0,0.5,20.0,2.0,50.0,1.06
461.0,1.0,20.0,2.0,50.0,1.04
462.0,2.0,20.0,2.0,50.0,1.06
463.0,3.0,20.0,2.0,50.0,1.04
464.0,5.0,20.0,2.0,50.0,1.06
465.0,10.0,20.0,2.0,50.0,1.06
466.0,20.0,20.0,2.0,50.0,1.06
467.0,40.0,20.0,2.0,50.0,1.06
468.0,0.0,20.0,2.0,50.0,1.06
469.0,0.5,20.0,2.0,50.0,1.06
470.0,1.0,20.0,2.0,50.0,1.04
471.0,2.0,20.0,2.0,50.0,1.06
472.0,3.0,20.0,2.0,50.0,1.06
473.0,5.0,20.0,2.0,50.0,1.04
474.0,10.0,20.0,2.0,50.0,1.06
475.0,20.0,20.0,2.0,50.0,1.04
476.0,40.0,20.0,2.0,50.0,1.06
477.0,0.0,20.0,2.0,50.0,1.06
478.0,0.5,20.0,2.0,50.0,1.06
479.0,1.0,20.0,2.0,50.0,1.06
480.0,2.0,20.0,2.0,50.0,1.06
481.0,3.0,20.0,2.0,50.0,1.04
482.0,5.0,20.0,2.0,50.0,1.04
483.0,10.0,20.0,2.0,50.0,1.06
484.0,20.0,20.0,2.0,50.0,1.04
485.0,40.0,20.0,2.0,50.0,1.04
486.0,0.0,20.0,2.0,50.0,1.06
487.0,0.5,20.0,2.0,50.0,1.06
488.0,1.0,20.0,2.0,50.0,1.06
489.0,2.0,20.0,2.0,50.0,1.06
490.0,3.0,20.0,2.0,50.0,1.06
491.0,5.0,20.0,2.0,50.0,1.04
492.0,10.0,20.0,2.0,50.0,1.06
493.0,20.0,20.0,2.0,50.0,1.04
494.0,40.0,20.0,2.0,50.0,1.06
495.0,0.0,20.0,2.0,50.0,1.06
496.0,0.5,20.0,2.0,50.0,1.04
497.0,1.0,20.0,2.0,50.0,1.04
498.0,2.0,20.0,2.0,50.0,1.06
499.0,3.0,20.0,2.0,50.0,1.02
500.0,5.0,20.0,2.0,50.0,1.06
501.0,10.0,20.0,2.0,50.0,1.04
502.0,20.0,20.0,2.0,50.0,1.06
503.0,40.0,20.0,2.0,50.0,1.06
504.0,0.0,20.0,2.0,50.0,1.06
505.0,0.5,20.0,2.0,50.0,1.06
506.0,1.0,20.0,2.0,50.0,1.06
507.0,2.0,20.0,2.0,50.0,1.06
508.0,3.0,20.0,2.0,50.0,1.06
509.0,5.0,20.0,2.0,50.0,1.04
510.0,10.0,20.0,2.0,50.0,1.06
511.0,20.0,20.0,2.0,50.0,1.06
512.0,40.0,20.0,2.0,50.0,1.06
513.0,0.0,20.0,2.0,50.0,1.06
514.0,0.5,20.0,2.0,50.0,1.06
515.0,1.0,20.0,2.0,50.0,1.06
516.0,2.0,20.0,2.0,50.0,1.06
517.0,3.0,20.0,2.0,50.0,1.06
518.0,5.0,20.0,2.0,50.0,1.06
519.0,10.0,20.0,2.0,50.0,1.04
520.0,20.0,20.0,2.0,50.0,1.06
521.0,40.0,20.0,2.0,50.0,1.04
522.0,0.0,20.0,2.0,50.0,1.06
523.0,0.5,20.0,2.0,50.0,1.06
524.0,1.0,20.0,2.0,50.0,1.06
525.0,2.0,20.0,2.0,50.0,1.04
526.0,3.0,20.0,2.0,50.0,1.06
527.0,5.0,20.0,2.0,50.0,1.06
528.0,10.0,20.0,2.0,50.0,1.06
529.0,20.0,20.0,2.0,50.0,1.04
530.0,40.0,20.0,2.0,50.0,1.06
531.0,0.0,20.0,2.0,50.0,1.06
532.0,0.5,20.0,2.0,50.0,1.04
533.0,1.0,20.0,2.0,50.0,1.06
534.0,2.0,20.0,2.0,50.0,1.06
535.0,3.0,20.0,2.0,50.0,1.06
536.0,5.0,20.0,2.0,50.0,1.04
537.0,10.0,20.0,2.0,50.0,1.04
538.0,20.0,20.0,2.0,50.0,1.06
539.0,40.0,20.0,2.0,50.0,1.06
540.0,0.0,20.0,2.0,50.0,1.06
541.0,0.5,20.0,2.0,50.0,1.06
542.0,1.0,20.0,2.0,50.0,1.06
543.0,2.0,20.0,2.0,50.0,1.04
544.0,3.0,20.0,2.0,50.0,1.04
545.0,5.0,20.0,2.0,50.0,1.06
546.0,10.0,20.0,2.0,50.0,1.04
547.0,20.0,20.0,2.0,50.0,1.04
548.0,40.0,20.0,2.0,50.0,1.06
549.0,0.0,20.0,2.0,50.0,1.06
550.0,0.5,20.0,2.0,50.0,1.06
551.0,1.0,20.0,2.0,50.0,1.06
552.0,2.0,20.0,2.0,50.0,1.06
553.0,3.0,20.0,2.0,50.0,1.06
554.0,5.0,20.0,2.0,50.0,1.04
555.0,10.0,20.0,2.0,50.0,1.06
556.0,20.0,20.0,2.0,50.0,1.04
557.0,40.0,20.0,2.0,50.0,1.04
558.0,0.0,20.0,2.0,50.0,1.06
559.0,0.5,20.0,2.0,50.0,1.06
560.0,1.0,20.0,2.0,50.0,1.06
561.0,2.0,20.0,2.0,50.0,1.04
562.0,3.0,20.0,2.0,50.0,1.06
563.0,5.0,20.0,2.0,50.0,1.06
564.0,10.0,20.0,2.0,50.0,1.06
565.0,20.0,20.0,2.0,50.0,1.06
566.0,40.0,20.0,2.0,50.0,1.06
567.0,0.0,20.0,2.0,50.0,1.06
568.0,0.5,20.0,2.0,50.0,1.06
569.0,1.0,20.0,2.0,50.0,1.06
570.0,2.0,20.0,2.0,50.0,1.06
571.0,3.0,20.0,2.0,50.0,1.06
572.0,5.0,20.0,2.0,50.0,1.04
573.0,10.0,20.0,2.0,50.0,1.04
574.0,20.0,20.0,2.0,50.0,1.04
575.0,40.0,20.0,2.0,50.0,1.06
576.0,0.0,20.0,2.0,50.0,1.06
577.0,0.5,20.0,2.0,50.0,1.06
578.0,1.0,20.0,2.0,50.0,1.06
579.0,2.0,20.0,2.0,50.0,1.06
580.0,3.0,20.0,2.0,50.0,1.06
581.0,5.0,20.0,2.0,50.0,1.06
582.0,10.0,20.0,2.0,50.0,1.04
583.0,20.0,20.0,2.0,50.0,1.04
584.0,40.0,20.0,2.0,50.0,1.04
585.0,0.0,20.0,2.0,50.0,1.06
586.0,0.5,20.0,2.0,50.0,1.06
587.0,1.0,20.0,2.0,50.0,1.04
588.0,2.0,20.0,2.0,50.0,1.04
589.0,3.0,20.0,2.0,50.0,1.06
590.0,5.0,20.0,2.0,50.0,1.04
591.0,10.0,20.0,2.0,50.0,1.06
592.0,20.0,20.0,2.0,50.0,1.04
593.0,40.0,20.0,2.0,50.0,1.06
594.0,0.0,20.0,2.0,50.0,1.06
595.0,0.5,20.0,2.0,50.0,1.06
596.0,1.0,20.0,2.0,50.0,1.06
597.0,2.0,20.0,2.0,50.0,1.06
598.0,3.0,20.0,2.0,50.0,1.06
599.0,5.0,20.0,2.0,50.0,1.06
600.0,10.0,20.0,2.0,50.0,1.04
601.0,20.0,20.0,2.0,50.0,1.06
602.0,40.0,20.0,2.0,50.0,1.04
603.0,0.0,20.0,2.0,50.0,1.06
604.0,0.5,20.0,2.0,50.0,1.06
605.0,1.0,20.0,2.0,50.0,1.06
606.0,2.0,20.0,2.0,50.0,1.06
607.0,3.0,20.0,2.0,50.0,1.06
608.0,5.0,20.0,2.0,50.0,1.06
609.0,10.0,20.0,2.0,50.0,1.04
610.0,20.0,20.0,2.0,50.0,1.04
611.0,40.0,20.0,2.0,50.0,1.06
612.0,0.0,20.0,2.0,50.0,1.06
613.0,0.5,20.0,2.0,50.0,1.06
614.0,1.0,20.0,2.0,50.0,1.04
615.0,2.0,20.0,2.0,50.0,1.06
616.0,3.0,20.0,2.0,50.0,1.06
617.0,5.0,20.0,2.0,50.0,1.06
618.0,10.0,20.0,2.0,50.0,1.04
619.0,20.0,20.0,2.0,50.0,1.06
620.0,40.0,20.0,2.0,50.0,1.06
621.0,0.0,20.0,2.0,50.0,1.06
622.0,0.5,20.0,2.0,50.0,1.06
623.0,1.0,20.0,2.0,50.0,1.06
624.0,2.0,20.0,2.0,50.0,1.06
625.0,3.0,20.0,2.0,50.0,1.04
626.0,5.0,20.0,2.0,50.0,1.06
627.0,10.0,20.0,2.0,50.0,1.04
628.0,20.0,20.0,2.0,50.0,1.04
629.0,40.0,20.0,2.0,50.0,1.06
630.0,0.0,20.0,2.0,50.0,1.06
631.0,0.5,20.0,2.0,50.0,1.04
632.0,1.0,20.0,2.0,50.0,1.06
633.0,2.0,20.0,2.0,50.0,1.06
634.0,3.0,20.0,2.0,50.0,1.04
635.0,5.0,20.0,2.0,50.0,1.06
636.0,10.0,20.0,2.0,50.0,1.06
637.0,20.0,20.0,2.0,50.0,1.06
638.0,40.0,20.0,2.0,50.0,1.04
639.0,0.0,20.0,2.0,50.0,1.06
640.0,0.5,20.0,2.0,50.0,1.06
641.0,1.0,20.0,2.0,50.0,1.06
642.0,2.0,20.0,2.0,50.0,1.06
643.0,3.0,20.0,2.0,50.0,1.04
644.0,5.0,20.0,2.0,50.0,1.04
645.0,10.0,20.0,2.0,50.0,1.06
646.0,20.0,20.0,2.0,50.0,1.06
647.0,40.0,20.0,2.0,50.0,1.06
648.0,0.0,20.0,2.0,50.0,1.06
649.0,0.5,20.0,2.0,50.0,1.06
650.0,1.0,20.0,2.0,50.0,1.06
651.0,2.0,20.0,2.0,50.0,1.04
652.0,3.0,20.0,2.0,50.0,1.06
653.0,5.0,20.0,2.0,50.0,1.06
654.0,10.0,20.0,2.0,50.0,1.06
655.0,20.0,20.0,2.0,50.0,1.04
656.0,40.0,20.0,2.0,50.0,1.04
657.0,0.0,20.0,2.0,50.0,1.06
658.0,0.5,20.0,2.0,50.0,1.06
659.0,1.0,20.0,2.0,50.0,1.06
660.0,2.0,20.0,2.0,50.0,1.06
661.0,3.0,20.0,2.0,50.0,1.06
662.0,5.0,20.0,2.0,50.0,1.06
663.0,10.0,20.0,2.0,50.0,1.04
664.0,20.0,20.0,2.0,50.0,1.06
665.0,40.0,20.0,2.0,50.0,1.06
666.0,0.0,20.0,2.0,50.0,1.06
667.0,0.5,20.0,2.0,50.0,1.04
668.0,1.0,20.0,2.0,50.0,1.06
669.0,2.0,20.0,2.0,50.0,1.04
670.0,3.0,20.0,2.0,50.0,1.06
671.0,5.0,20.0,2.0,50.0,1.06
672.0,10.0,20.0,2.0,50.0,1.04
673.0,20.0,20.0,2.0,50.0,1.04
674.0,40.0,20.0,2.0,50.0,1.06
675.0,0.0,20.0,2.0,50.0,1.06
676.0,0.5,20.0,2.0,50.0,1.06
677.0,1.0,20.0,2.0,50.0,1.06
678.0,2.0,20.0,2.0,50.0,1.04
679.0,3.0,20.0,2.0,50.0,1.06
680.0,5.0,20.0,2.0,50.0,1.04
681.0,10.0,20.0,2.0,50.0,1.06
682.0,20.0,20.0,2.0,50.0,1.06
683.0,40.0,20.0,2.0,50.0,1.06
684.0,0.0,20.0,2.0,50.0,1.06
685.0,0.5,20.0,2.0,50.0,1.06
686.0,1.0,20.0,2.0,50.0,1.06
687.0,2.0,20.0,2.0,50.0,1.06
688.0,3.0,20.0,2.0,50.0,1.06
689.0,5.0,20.0,2.0,50.0,1.04
690.0,10.0,20.0,2.0,50.0,1.04
691.0,20.0,20.0,2.0,50.0,1.04
692.0,40.0,20.0,2.0,50.0,1.06
693.0,0.0,20.0,2.0,50.0,1.06
694.0,0.5,20.0,2.0,50.0,1.06
695.0,1.0,20.0,2.0,50.0,1.04
696.0,2.0,20.0,2.0,50.0,1.06
697.0,3.0,20.0,2.0,50.0,1.06
698.0,5.0,20.0,2.0,50.0,1.06
699.0,10.0,20.0,2.0,50.0,1.06
700.0,20.0,20.0,2.0,50.0,1.06
701.0,40.0,20.0,2.0,50.0,1.06
702.0,0.0,20.0,2.0,50.0,1.06
703.0,0.5,20.0,2.0,50.0,1.06
704.0,1.0,20.0,2.0,50.0,1.06
705.0,2.0,20.0,2.0,50.0,1.06
706.0,3.0,20.0,2.0,50.0,1.06
707.0,5.0,20.0,2.0,50.0,1.06
708.0,10.0,20.0,2.0,50.0,1.04
709.0,20.0,20.0,2.0,50.0,1.06
710.0,40.0,20.0,2.0,50.0,1.04
711.0,0.0,20.0,2.0,50.0,1.06
712.0,0.5,20.0,2.0,50.0,1.06
713.0,1.0,20.0,2.0,50.0,1.06
714.0,2.0,20.0,2.0,50.0,1.06
715.0,3.0,20.0,2.0,50.0,1.06
716.0,5.0,20.0,2.0,50.0,1.06
717.0,10.0,20.0,2.0,50.0,1.04
718.0,20.0,20.0,2.0,50.0,1.04
719.0,40.0,20.0,2.0,50.0,1.06
720.0,0.0,20.0,2.0,50.0,1.06
721.0,0.5,20.0,2.0,50.0,1.06
722.0,1.0,20.0,2.0,50.0,1.06
723.0,2.0,20.0,2.0,50.0,1.06
724.0,3.0,20.0,2.0,50.0,1.06
725.0,5.0,20.0,2.0,50.0,1.06
726.0,10.0,20.0,2.0,50.0,1.06
727.0,20.0,20.0,2.0,50.0,1.06
728.0,40.0,20.0,2.0,50.0,1.06
729.0,0.0,20.0,2.0,50.0,1.06
730.0,0.5,20.0,2.0,50.0,1.06
731.0,1.0,20.0,2.0,50.0,1.06
732.0,2.0,20.0,2.0,50.0,1.06
733.0,3.0,20.0,2.0,50.0,1.06
734.0,5.0,20.0,2.0,50.0,1.04
735.0,10.0,20.0,2.0,50.0,1.04
736.0,20.0,20.0,2.0,50.0,1.06
737.0,40.0,20.0,2.0,50.0,1.06
738.0,0.0,20.0,2.0,50.0,1.06
739.0,0.5,20.0,2.0,50.0,1.06
740.0,1.0,20.0,2.0,50.0,1.04
741.0,2.0,20.0,2.0,50.0,1.06
742.0,3.0,20.0,2.0,50.0,1.04
743.0,5.0,20.0,2.0,50.0,1.04
744.0,10.0,20.0,2.0,50.0,1.06
745.0,20.0,20.0,2.0,50.0,1.06
746.0,40.0,20.0,2.0,50.0,1.06
747.0,0.0,20.0,2.0,50.0,1.06
748.0,0.5,20.0,2.0,50.0,1.06
749.0,1.0,20.0,2.0,50.0,1.06
750.0,2.0,20.0,2.0,50.0,1.06
751.0,3.0,20.0,2.0,50.0,1.06
752.0,5.0,20.0,2.0,50.0,1.06
753.0,10.0,20.0,2.0,50.0,1.04
754.0,20.0,20.0,2.0,50.0,1.04
755.0,40.0,20.0,2.0,50.0,1.06
756.0,0.0,20.0,2.0,50.0,1.06
757.0,0.5,20.0,2.0,50.0,1.04
758.0,1.0,20.0,2.0,50.0,1.06
759.0,2.0,20.0,2.0,50.0,1.06
760.0,3.0,20.0,2.0,50.0,1.06
761.0,5.0,20.0,2.0,50.0,1.06
762.0,10.0,20.0,2.0,50.0,1.06
763.0,20.0,20.0,2.0,50.0,1.06
764.0,40.0,20.0,2.0,50.0,1.06
765.0,0.0,20.0,2.0,50.0,1.06
766.0,0.5,20.0,2.0,50.0,1.06
767.0,1.0,20.0,2.0,50.0,1.06
768.0,2.0,20.0,2.0,50.0,1.06
769.0,3.0,20.0,2.0,50.0,1.04
770.0,5.0,20.0,2.0,50.0,1.06
771.0,10.0,20.0,2.0,50.0,1.04
772.0,20.0,20.0,2.0,50.0,1.06
773.0,40.0,20.0,2.0,50.0,1.06
774.0,0.0,20.0,2.0,50.0,1.06
775.0,0.5,20.0,2.0,50.0,1.06
776.0,1.0,20.0,2.0,50.0,1.06
777.0,2.0,20.0,2.0,50.0,1.06
778.0,3.0,20.0,2.0,50.0,1.04
779.0,5.0,20.0,2.0,50.0,1.06
780.0,10.0,20.0,2.0,50.0,1.04
781.0,20.0,20.0,2.0,50.0,1.04
782.0,40.0,20.0,2.0,50.0,1.04
783.0,0.0,20.0,2.0,50.0,1.06
784.0,0.5,20.0,2.0,50.0,1.06
785.0,1.0,20.0,2.0,50.0,1.06
786.0,2.0,20.0,2.0,50.0,1.06
787.0,3.0,20.0,2.0,50.0,1.04
788.0,5.0,20.0,2.0,50.0,1.06
789.0,10.0,20.0,2.0,50.0,1.06
790.0,20.0,20.0,2.0,50.0,1.06
791.0,40.0,20.0,2.0,50.0,1.04
792.0,0.0,20.0,2.0,50.0,1.06
793.0,0.5,20.0,2.0,50.0,1.06
794.0,1.0,20.0,2.0,50.0,1.04
795.0,2.0,20.0,2.0,50.0,1.06
796.0,3.0,20.0,2.0,50.0,1.04
797.0,5.0,20.0,2.0,50.0,1.04
798.0,10.0,20.0,2.0,50.0,1.04
799.0,20.0,20.0,2.0,50.0,1.06
800.0,40.0,20.0,2.0,50.0,1.06
801.0,0.0,20.0,2.0,50.0,1.06
802.0,0.5,20.0,2.0,50.0,1.06
803.0,1.0,20.0,2.0,50.0,1.06
804.0,2.0,20.0,2.0,50.0,1.06
805.0,3.0,20.0,2.0,50.0,1.04
806.0,5.0,20.0,2.0,50.0,1.04
807.0,10.0,20.0,2.0,50.0,1.04
808.0,20.0,20.0,2.0,50.0,1.04
809.0,40.0,20.0,2.0,50.0,1.06
810.0,0.0,20.0,2.0,50.0,1.06
811.0,0.5,20.0,2.0,50.0,1.06
812.0,1.0,20.0,2.0,50.0,1.06
813.0,2.0,20.0,2.0,50.0,1.06
814.0,3.0,20.0,2.0,50.0,1.06
815.0,5.0,20.0,2.0,50.0,1.06
816.0,10.0,20.0,2.0,50.0,1.06
817.0,20.0,20.0,2.0,50.0,1.06
818.0,40.0,20.0,2.0,50.0,1.06
819.0,0.0,20.0,2.0,50.0,1.06
820.0,0.5,20.0,2.0,50.0,1.06
821.0,1.0,20.0,2.0,50.0,1.06
822.0,2.0,20.0,2.0,50.0,1.04
823.0,3.0,20.0,2.0,50.0,1.06
824.0,5.0,20.0,2.0,50.0,1.04
825.0,10.0,20.0,2.0,50.0,1.04
826.0,20.0,20.0,2.0,50.0,1.06
827.0,40.0,20.0,2.0,50.0,1.06
828.0,0.0,20.0,2.0,50.0,1.06
829.0,0.5,20.0,2.0,50.0,1.06
830.0,1.0,20.0,2.0,50.0,1.06
831.0,2.0,20.0,2.0,50.0,1.06
832.0,3.0,20.0,2.0,50.0,1.06
833.0,5.0,20.0,2.0,50.0,1.06
834.0,10.0,20.0,2.0,50.0,1.06
835.0,20.0,20.0,2.0,50.0,1.04
836.0,40.0,20.0,2.0,50.0,1.06
837.0,0.0,20.0,2.0,50.0,1.06
838.0,0.5,20.0,2.0,50.0,1.06
839.0,1.0,20.0,2.0,50.0,1.06
840.0,2.0,20.0,2.0,50.0,1.06
841.0,3.0,20.0,2.0,50.0,1.06
842.0,5.0,20.0,2.0,50.0,1.06
843.0,10.0,20.0,2.0,50.0,1.06
844.0,20.0,20.0,2.0,50.0,1.04
845.0,40.0,20.0,2.0,50.0,1.06
846.0,0.0,20.0,2.0,50.0,1.06
847.0,0.5,20.0,2.0,50.0,1.06
848.0,1.0,20.0,2.0,50.0,1.06
849.0,2.0,20.0,2.0,50.0,1.04
850.0,3.0,20.0,2.0,50.0,1.06
851.0,5.0,20.0,2.0,50.0,1.04
852.0,10.0,20.0,2.0,50.0,1.06
853.0,20.0,20.0,2.0,50.0,1.04
854.0,40.0,20.0,2.0,50.0,1.06
855.0,0.0,20.0,2.0,50.0,1.06
856.0,0.5,20.0,2.0,50.0,1.06
857.0,1.0,20.0,2.0,50.0,1.06
858.0,2.0,20.0,2.0,50.0,1.04
859.0,3.0,20.0,2.0,50.0,1.06
860.0,5.0,20.0,2.0,50.0,1.06
861.0,10.0,20.0,2.0,50.0,1.04
862.0,20.0,20.0,2.0,50.0,1.06
863.0,40.0,20.0,2.0,50.0,1.06
864.0,0.0,20.0,2.0,50.0,1.06
865.0,0.5,20.0,2.0,50.0,1.06
866.0,1.0,20.0,2.0,50.0,1.04
867.0,2.0,20.0,2.0,50.0,1.06
868.0,3.0,20.0,2.0,50.0,1.06
869.0,5.0,20.0,2.0,50.0,1.04
870.0,10.0,20.0,2.0,50.0,1.06
871.0,20.0,20.0,2.0,50.0,1.06
872.0,40.0,20.0,2.0,50.0,1.06
873.0,0.0,20.0,2.0,50.0,1.06
874.0,0.5,20.0,2.0,50.0,1.06
875.0,1.0,20.0,2.0,50.0,1.04
876.0,2.0,20.0,2.0,50.0,1.06
877.0,3.0,20.0,2.0,50.0,1.06
878.0,5.0,20.0,2.0,50.0,1.06
879.0,10.0,20.0,2.0,50.0,1.06
880.0,20.0,20.0,2.0,50.0,1.06
881.0,40.0,20.0,2.0,50.0,1.06
882.0,0.0,20.0,2.0,50.0,1.06
883.0,0.5,20.0,2.0,50.0,1.04
884.0,1.0,20.0,2.0,50.0,1.04
885.0,2.0,20.0,2.0,50.0,1.04
886.0,3.0,20.0,2.0,50.0,1.06
887.0,5.0,20.0,2.0,50.0,1.06
888.0,10.0,20.0,2.0,50.0,1.04
889.0,20.0,20.0,2.0,50.0,1.06
890.0,40.0,20.0,2.0,50.0,1.04
891.0,0.0,20.0,2.0,50.0,1.06
892.0,0.5,20.0,2.0,50.0,1.06
893.0,1.0,20.0,2.0,50.0,1.06
894.0,2.0,20.0,2.0,50.0,1.04
895.0,3.0,20.0,2.0,50.0,1.06
896.0,5.0,20.0,2.0,50.0,1.06
897.0,10.0,20.0,2.0,50.0,1.04
898.0,20.0,20.0,2.0,50.0,1.04
899.0,40.0,20.0,2.0,50.0,1.06
900.0,0.0,20.0,2.0,75.0,1.04
901.0,0.5,20.0,2.0,75.0,1.04
902.0,1.0,20.0,2.0,75.0,1.04
903.0,2.0,20.0,2.0,75.0,1.04
904.0,3.0,20.0,2.0,75.0,1.0266666
905.0,5.0,20.0,2.0,75.0,1.0266666
906.0,10.0,20.0,2.0,75.0,1.04
907.0,20.0,20.0,2.0,75.0,1.04
908.0,40.0,20.0,2.0,75.0,1.04
909.0,0.0,20.0,2.0,75.0,1.04
910.0,0.5,20.0,2.0,75.0,1.04
911.0,1.0,20.0,2.0,75.0,1.04
912.0,2.0,20.0,2.0,75.0,1.04
913.0,3.0,20.0,2.0,75.0,1.04
914.0,5.0,20.0,2.0,75.0,1.0266666
915.0,10.0,20.0,2.0,75.0,1.04
916.0,20.0,20.0,2.0,75.0,1.0266666
917.0,40.0,20.0,2.0,75.0,1.04
918.0,0.0,20.0,2.0,75.0,1.04
919.0,0.5,20.0,2.0,75.0,1.04
920.0,1.0,20.0,2.0,75.0,1.0266666
921.0,2.0,20.0,2.0,75.0,1.04
922.0,3.0,20.0,2.0,75.0,1.04
923.0,5.0,20.0,2.0,75.0,1.0266666
924.0,10.0,20.0,2.0,75.0,1.0266666
925.0,20.0,20.0,2.0,75.0,1.04
926.0,40.0,20.0,2.0,75.0,1.04
927.0,0.0,20.0,2.0,75.0,1.04
928.0,0.5,20.0,2.0,75.0,1.04
929.0,1.0,20.0,2.0,75.0,1.04
930.0,2.0,20.0,2.0,75.0,1.04
931.0,3.0,20.0,2.0,75.0,1.04
932.0,5.0,20.0,2.0,75.0,1.0266666
933.0,10.0,20.0,2.0,75.0,1.0266666
934.0,20.0,20.0,2.0,75.0,1.0266666
935.0,40.0,20.0,2.0,75.0,1.04
936.0,0.0,20.0,2.0,75.0,1.04
937.0,0.5,20.0,2.0,75.0,1.04
938.0,1.0,20.0,2.0,75.0,1.04
939.0,2.0,20.0,2.0,75.0,1.04
940.0,3.0,20.0,2.0,75.0,1.04
941.0,5.0,20.0,2.0,75.0,1.04
942.0,10.0,20.0,2.0,75.0,1.0266666
943.0,20.0,20.0,2.0,75.0,1.04
944.0,40.0,20.0,2.0,75.0,1.04
945.0,0.0,20.0,2.0,75.0,1.04
946.0,0.5,20.0,2.0,75.0,1.04
947.0,1.0,20.0,2.0,75.0,1.04
948.0,2.0,20.0,2.0,75.0,1.04
949.0,3.0,20.0,2.0,75.0,1.0266666
950.0,5.0,20.0,2.0,75.0,1.0266666
951.0,10.0,20.0,2.0,75.0,1.0266666
952.0,20.0,20.0,2.0,75.0,1.04
953.0,40.0,20.0,2.0,75.0,1.04
954.0,0.0,20.0,2.0,75.0,1.04
955.0,0.5,20.0,2.0,75.0,1.04
956.0,1.0,20.0,2.0,75.0,1.04
957.0,2.0,20.0,2.0,75.0,1.04
958.0,3.0,20.0,2.0,75.0,1.0266666
959.0,5.0,20.0,2.0,75.0,1.04
960.0,10.0,20.0,2.0,75.0,1.0266666
961.0,20.0,20.0,2.0,75.0,1.04
962.0,40.0,20.0,2.0,75.0,1.0266666
963.0,0.0,20.0,2.0,75.0,1.04
964.0,0.5,20.0,2.0,75.0,1.04
965.0,1.0,20.0,2.0,75.0,1.04
966.0,2.0,20.0,2.0,75.0,1.0266666
967.0,3.0,20.0,2.0,75.0,1.04
968.0,5.0,20.0,2.0,75.0,1.0266666
969.0,10.0,20.0,2.0,75.0,1.0266666
970.0,20.0,20.0,2.0,75.0,1.04
971.0,40.0,20.0,2.0,75.0,1.04
972.0,0.0,20.0,2.0,75.0,1.04
973.0,0.5,20.0,2.0,75.0,1.0266666
974.0,1.0,20.0,2.0,75.0,1.04
975.0,2.0,20.0,2.0,75.0,1.04
976.0,3.0,20.0,2.0,75.0,1.0266666
977.0,5.0,20.0,2.0,75.0,1.04
978.0,10.0,20.0,2.0,75.0,1.04
979.0,20.0,20.0,2.0,75.0,1.0266666
980.0,40.0,20.0,2.0,75.0,1.04
981.0,0.0,20.0,2.0,75.0,1.04
982.0,0.5,20.0,2.0,75.0,1.04
983.0,1.0,20.0,2.0,75.0,1.04
984.0,2.0,20.0,2.0,75.0,1.04
985.0,3.0,20.0,2.0,75.0,1.04
986.0,5.0,20.0,2.0,75.0,1.0266666
987.0,10.0,20.0,2.0,75.0,1.0266666
988.0,20.0,20.0,2.0,75.0,1.0266666
989.0,40.0,20.0,2.0,75.0,1.04
990.0,0.0,20.0,2.0,75.0,1.04
991.0,0.5,20.0,2.0,75.0,1.04
992.0,1.0,20.0,2.0,75.0,1.04
993.0,2.0,20.0,2.0,75.0,1.0266666
994.0,3.0,20.0,2.0,75.0,1.0266666
995.0,5.0,20.0,2.0,75.0,1.04
996.0,10.0,20.0,2.0,75.0,1.0266666
997.0,20.0,20.0,2.0,75.0,1.04
998.0,40.0,20.0,2.0,75.0,1.04
999.0,0.0,20.0,2.0,75.0,1.04
1000.0,0.5,20.0,2.0,75.0,1.04
1001.0,1.0,20.0,2.0,75.0,1.04
1002.0,2.0,20.0,2.0,75.0,1.04
1003.0,3.0,20.0,2.0,75.0,1.04
1004.0,5.0,20.0,2.0,75.0,1.0266666
1005.0,10.0,20.0,2.0,75.0,1.0266666
1006.0,20.0,20.0,2.0,75.0,1.04
1007.0,40.0,20.0,2.0,75.0,1.0266666
1008.0,0.0,20.0,2.0,75.0,1.04
1009.0,0.5,20.0,2.0,75.0,1.04
1010.0,1.0,20.0,2.0,75.0,1.04
1011.0,2.0,20.0,2.0,75.0,1.04
1012.0,3.0,20.0,2.0,75.0,1.04
1013.0,5.0,20.0,2.0,75.0,1.04
1014.0,10.0,20.0,2.0,75.0,1.04
1015.0,20.0,20.0,2.0,75.0,1.04
1016.0,40.0,20.0,2.0,75.0,1.04
1017.0,0.0,20.0,2.0,75.0,1.04
1018.0,0.5,20.0,2.0,75.0,1.04
1019.0,1.0,20.0,2.0,75.0,1.04
1020.0,2.0,20.0,2.0,75.0,1.0266666
1021.0,3.0,20.0,2.0,75.0,1.0266666
1022.0,5.0,20.0,2.0,75.0,1.04
1023.0,10.0,20.0,2.0,75.0,1.04
1024.0,20.0,20.0,2.0,75.0,1.04
1025.0,40.0,20.0,2.0,75.0,1.04
1026.0,0.0,20.0,2.0,75.0,1.04
1027.0,0.5,20.0,2.0,75.0,1.04
1028.0,1.0,20.0,2.0,75.0,1.04
1029.0,2.0,20.0,2.0,75.0,1.0266666
1030.0,3.0,20.0,2.0,75.0,1.0266666
1031.0,5.0,20.0,2.0,75.0,1.04
1032.0,10.0,20.0,2.0,75.0,1.04
1033.0,20.0,20.0,2.0,75.0,1.0266666
1034.0,40.0,20.0,2.0,75.0,1.0266666
1035.0,0.0,20.0,2.0,75.0,1.04
1036.0,0.5,20.0,2.0,75.0,1.04
1037.0,1.0,20.0,2.0,75.0,1.0266666
1038.0,2.0,20.0,2.0,75.0,1.0266666
1039.0,3.0,20.0,2.0,75.0,1.0266666
1040.0,5.0,20.0,2.0,75.0,1.0266666
1041.0,10.0,20.0,2.0,75.0,1.0266666
1042.0,20.0,20.0,2.0,75.0,1.0266666
1043.0,40.0,20.0,2.0,75.0,1.04
1044.0,0.0,20.0,2.0,75.0,1.04
1045.0,0.5,20.0,2.0,75.0,1.04
1046.0,1.0,20.0,2.0,75.0,1.04
1047.0,2.0,20.0,2.0,75.0,1.0266666
1048.0,3.0,20.0,2.0,75.0,1.0266666
1049.0,5.0,20.0,2.0,75.0,1.04
1050.0,10.0,20.0,2.0,75.0,1.0266666
1051.0,20.0,20.0,2.0,75.0,1.04
1052.0,40.0,20.0,2.0,75.0,1.04
1053.0,0.0,20.0,2.0,75.0,1.04
1054.0,0.5,20.0,2.0,75.0,1.04
1055.0,1.0,20.0,2.0,75.0,1.0266666
1056.0,2.0,20.0,2.0,75.0,1.04
1057.0,3.0,20.0,2.0,75.0,1.0266666
1058.0,5.0,20.0,2.0,75.0,1.04
1059.0,10.0,20.0,2.0,75.0,1.0266666
1060.0,20.0,20.0,2.0,75.0,1.04
1061.0,40.0,20.0,2.0,75.0,1.04
1062.0,0.0,20.0,2.0,75.0,1.04
1063.0,0.5,20.0,2.0,75.0,1.04
1064.0,1.0,20.0,2.0,75.0,1.04
1065.0,2.0,20.0,2.0,75.0,1.0266666
1066.0,3.0,20.0,2.0,75.0,1.04
1067.0,5.0,20.0,2.0,75.0,1.04
1068.0,10.0,20.0,2.0,75.0,1.04
1069.0,20.0,20.0,2.0,75.0,1.0266666
1070.0,40.0,20.0,2.0,75.0,1.04
1071.0,0.0,20.0,2.0,75.0,1.04
1072.0,0.5,20.0,2.0,75.0,1.0266666
1073.0,1.0,20.0,2.0,75.0,1.04
1074.0,2.0,20.0,2.0,75.0,1.0266666
1075.0,3.0,20.0,2.0,75.0,1.04
1076.0,5.0,20.0,2.0,75.0,1.0266666
1077.0,10.0,20.0,2.0,75.0,1.04
1078.0,20.0,20.0,2.0,75.0,1.04
1079.0,40.0,20.0,2.0,75.0,1.04
1080.0,0.0,20.0,2.0,75.0,1.04
1081.0,0.5,20.0,2.0,75.0,1.04
1082.0,1.0,20.0,2.0,75.0,1.04
1083.0,2.0,20.0,2.0,75.0,1.0266666
1084.0,3.0,20.0,2.0,75.0,1.04
1085.0,5.0,20.0,2.0,75.0,1.04
1086.0,10.0,20.0,2.0,75.0,1.04
1087.0,20.0,20.0,2.0,75.0,1.04
1088.0,40.0,20.0,2.0,75.0,1.0266666
1089.0,0.0,20.0,2.0,75.0,1.04
1090.0,0.5,20.0,2.0,75.0,1.04
1091.0,1.0,20.0,2.0,75.0,1.04
1092.0,2.0,20.0,2.0,75.0,1.04
1093.0,3.0,20.0,2.0,75.0,1.04
1094.0,5.0,20.0,2.0,75.0,1.0266666
1095.0,10.0,20.0,2.0,75.0,1.04
1096.0,20.0,20.0,2.0,75.0,1.0266666
1097.0,40.0,20.0,2.0,75.0,1.04
1098.0,0.0,20.0,2.0,75.0,1.04
1099.0,0.5,20.0,2.0,75.0,1.04
1100.0,1.0,20.0,2.0,75.0,1.04
1101.0,2.0,20.0,2.0,75.0,1.0133333
1102.0,3.0,20.0,2.0,75.0,1.0266666
1103.0,5.0,20.0,2.0,75.0,1.04
1104.0,10.0,20.0,2.0,75.0,1.04
1105.0,20.0,20.0,2.0,75.0,1.0266666
1106.0,40.0,20.0,2.0,75.0,1.04
1107.0,0.0,20.0,2.0,75.0,1.04
1108.0,0.5,20.0,2.0,75.0,1.0266666
1109.0,1.0,20.0,2.0,75.0,1.04
1110.0,2.0,20.0,2.0,75.0,1.0266666
1111.0,3.0,20.0,2.0,75.0,1.04
1112.0,5.0,20.0,2.0,75.0,1.0266666
1113.0,10.0,20.0,2.0,75.0,1.04
1114.0,20.0,20.0,2.0,75.0,1.0266666
1115.0,40.0,20.0,2.0,75.0,1.04
1116.0,0.0,20.0,2.0,75.0,1.04
1117.0,0.5,20.0,2.0,75.0,1.04
1118.0,1.0,20.0,2.0,75.0,1.04
1119.0,2.0,20.0,2.0,75.0,1.04
1120.0,3.0,20.0,2.0,75.0,1.04
1121.0,5.0,20.0,2.0,75.0,1.0266666
1122.0,10.0,20.0,2.0,75.0,1.0266666
1123.0,20.0,20.0,2.0,75.0,1.0266666
1124.0,40.0,20.0,2.0,75.0,1.04
1125.0,0.0,20.0,2.0,75.0,1.04
1126.0,0.5,20.0,2.0,75.0,1.04
1127.0,1.0,20.0,2.0,75.0,1.0266666
1128.0,2.0,20.0,2.0,75.0,1.04
1129.0,3.0,20.0,2.0,75.0,1.0266666
1130.0,5.0,20.0,2.0,75.0,1.04
1131.0,10.0,20.0,2.0,75.0,1.0266666
1132.0,20.0,20.0,2.0,75.0,1.0266666
1133.0,40.0,20.0,2.0,75.0,1.04
1134.0,0.0,20.0,2.0,75.0,1.04
1135.0,0.5,20.0,2.0,75.0,1.04
1136.0,1.0,20.0,2.0,75.0,1.04
1137.0,2.0,20.0,2.0,75.0,1.04
1138.0,3.0,20.0,2.0,75.0,1.04
1139.0,5.0,20.0,2.0,75.0,1.0266666
1140.0,10.0,20.0,2.0,75.0,1.04
1141.0,20.0,20.0,2.0,75.0,1.04
1142.0,40.0,20.0,2.0,75.0,1.04
1143.0,0.0,20.0,2.0,75.0,1.04
1144.0,0.5,20.0,2.0,75.0,1.04
1145.0,1.0,20.0,2.0,75.0,1.04
1146.0,2.0,20.0,2.0,75.0,1.04
1147.0,3.0,20.0,2.0,75.0,1.0266666
1148.0,5.0,20.0,2.0,75.0,1.0133333
1149.0,10.0,20.0,2.0,75.0,1.04
1150.0,20.0,20.0,2.0,75.0,1.04
1151.0,40.0,20.0,2.0,75.0,1.04
1152.0,0.0,20.0,2.0,75.0,1.04
1153.0,0.5,20.0,2.0,75.0,1.04
1154.0,1.0,20.0,2.0,75.0,1.0266666
1155.0,2.0,20.0,2.0,75.0,1.04
1156.0,3.0,20.0,2.0,75.0,1.0266666
1157.0,5.0,20.0,2.0,75.0,1.04
1158.0,10.0,20.0,2.0,75.0,1.04
1159.0,20.0,20.0,2.0,75.0,1.04
1160.0,40.0,20.0,2.0,75.0,1.04
1161.0,0.0,20.0,2.0,75.0,1.04
1162.0,0.5,20.0,2.0,75.0,1.04
1163.0,1.0,20.0,2.0,75.0,1.04
1164.0,2.0,20.0,2.0,75.0,1.04
1165.0,3.0,20.0,2.0,75.0,1.04
1166.0,5.0,20.0,2.0,75.0,1.0266666
1167.0,10.0,20.0,2.0,75.0,1.04
1168.0,20.0,20.0,2.0,75.0,1.0266666
1169.0,40.0,20.0,2.0,75.0,1.0266666
1170.0,0.0,20.0,2.0,75.0,1.04
1171.0,0.5,20.0,2.0,75.0,1.04
1172.0,1.0,20.0,2.0,75.0,1.04
1173.0,2.0,20.0,2.0,75.0,1.04
1174.0,3.0,20.0,2.0,75.0,1.04
1175.0,5.0,20.0,2.0,75.0,1.0266666
1176.0,10.0,20.0,2.0,75.0,1.0266666
1177.0,20.0,20.0,2.0,75.0,1.04
1178.0,40.0,20.0,2.0,75.0,1.04
1179.0,0.0,20.0,2.0,75.0,1.04
1180.0,0.5,20.0,2.0,75.0,1.04
1181.0,1.0,20.0,2.0,75.0,1.0266666
1182.0,2.0,20.0,2.0,75.0,1.04
1183.0,3.0,20.0,2.0,75.0,1.04
1184.0,5.0,20.0,2.0,75.0,1.04
1185.0,10.0,20.0,2.0,75.0,1.04
1186.0,20.0,20.0,2.0,75.0,1.04
1187.0,40.0,20.0,2.0,75.0,1.04
1188.0,0.0,20.0,2.0,75.0,1.04
1189.0,0.5,20.0,2.0,75.0,1.0266666
1190.0,1.0,20.0,2.0,75.0,1.04
1191.0,2.0,20.0,2.0,75.0,1.04
1192.0,3.0,20.0,2.0,75.0,1.04
1193.0,5.0,20.0,2.0,75.0,1.04
1194.0,10.0,20.0,2.0,75.0,1.04
1195.0,20.0,20.0,2.0,75.0,1.04
1196.0,40.0,20.0,2.0,75.0,1.04
1197.0,0.0,20.0,2.0,75.0,1.04
1198.0,0.5,20.0,2.0,75.0,1.0266666
1199.0,1.0,20.0,2.0,75.0,1.04
1200.0,2.0,20.0,2.0,75.0,1.04
1201.0,3.0,20.0,2.0,75.0,1.04
1202.0,5.0,20.0,2.0,75.0,1.0266666
1203.0,10.0,20.0,2.0,75.0,1.04
1204.0,20.0,20.0,2.0,75.0,1.04
1205.0,40.0,20.0,2.0,75.0,1.0266666
1206.0,0.0,20.0,2.0,75.0,1.04
1207.0,0.5,20.0,2.0,75.0,1.04
1208.0,1.0,20.0,2.0,75.0,1.04
1209.0,2.0,20.0,2.0,75.0,1.0266666
1210.0,3.0,20.0,2.0,75.0,1.04
1211.0,5.0,20.0,2.0,75.0,1.04
1212.0,10.0,20.0,2.0,75.0,1.04
1213.0,20.0,20.0,2.0,75.0,1.0266666
1214.0,40.0,20.0,2.0,75.0,1.04
1215.0,0.0,20.0,2.0,75.0,1.04
1216.0,0.5,20.0,2.0,75.0,1.04
1217.0,1.0,20.0,2.0,75.0,1.04
1218.0,2.0,20.0,2.0,75.0,1.04
1219.0,3.0,20.0,2.0,75.0,1.04
1220.0,5.0,20.0,2.0,75.0,1.0266666
1221.0,10.0,20.0,2.0,75.0,1.0266666
1222.0,20.0,20.0,2.0,75.0,1.04
1223.0,40.0,20.0,2.0,75.0,1.04
1224.0,0.0,20.0,2.0,75.0,1.04
1225.0,0.5,20.0,2.0,75.0,1.0266666
1226.0,1.0,20.0,2.0,75.0,1.0266666
1227.0,2.0,20.0,2.0,75.0,1.04
1228.0,3.0,20.0,2.0,75.0,1.04
1229.0,5.0,20.0,2.0,75.0,1.0266666
1230.0,10.0,20.0,2.0,75.0,1.0266666
1231.0,20.0,20.0,2.0,75.0,1.04
1232.0,40.0,20.0,2.0,75.0,1.04
1233.0,0.0,20.0,2.0,75.0,1.04
1234.0,0.5,20.0,2.0,75.0,1.04
1235.0,1.0,20.0,2.0,75.0,1.04
1236.0,2.0,20.0,2.0,75.0,1.0266666
1237.0,3.0,20.0,2.0,75.0,1.0266666
1238.0,5.0,20.0,2.0,75.0,1.0266666
1239.0,10.0,20.0,2.0,75.0,1.0266666
1240.0,20.0,20.0,2.0,75.0,1.0266666
1241.0,40.0,20.0,2.0,75.0,1.04
1242.0,0.0,20.0,2.0,75.0,1.04
1243.0,0.5,20.0,2.0,75.0,1.04
1244.0,1.0,20.0,2.0,75.0,1.04
1245.0,2.0,20.0,2.0,75.0,1.0266666
1246.0,3.0,20.0,2.0,75.0,1.04
1247.0,5.0,20.0,2.0,75.0,1.04
1248.0,10.0,20.0,2.0,75.0,1.04
1249.0,20.0,20.0,2.0,75.0,1.04
1250.0,40.0,20.0,2.0,75.0,1.04
1251.0,0.0,20.0,2.0,75.0,1.04
1252.0,0.5,20.0,2.0,75.0,1.0266666
1253.0,1.0,20.0,2.0,75.0,1.04
1254.0,2.0,20.0,2.0,75.0,1.04
1255.0,3.0,20.0,2.0,75.0,1.0266666
1256.0,5.0,20.0,2.0,75.0,1.0266666
1257.0,10.0,20.0,2.0,75.0,1.04
1258.0,20.0,20.0,2.0,75.0,1.04
1259.0,40.0,20.0,2.0,75.0,1.04
1260.0,0.0,20.0,2.0,75.0,1.04
1261.0,0.5,20.0,2.0,75.0,1.0266666
1262.0,1.0,20.0,2.0,75.0,1.04
1263.0,2.0,20.0,2.0,75.0,1.04
1264.0,3.0,20.0,2.0,75.0,1.04
1265.0,5.0,20.0,2.0,75.0,1.0266666
1266.0,10.0,20.0,2.0,75.0,1.0266666
1267.0,20.0,20.0,2.0,75.0,1.0266666
1268.0,40.0,20.0,2.0,75.0,1.04
1269.0,0.0,20.0,2.0,75.0,1.04
1270.0,0.5,20.0,2.0,75.0,1.04
1271.0,1.0,20.0,2.0,75.0,1.04
1272.0,2.0,20.0,2.0,75.0,1.0266666
1273.0,3.0,20.0,2.0,75.0,1.04
1274.0,5.0,20.0,2.0,75.0,1.0266666
1275.0,10.0,20.0,2.0,75.0,1.04
1276.0,20.0,20.0,2.0,75.0,1.04
1277.0,40.0,20.0,2.0,75.0,1.04
1278.0,0.0,20.0,2.0,75.0,1.04
1279.0,0.5,20.0,2.0,75.0,1.0266666
1280.0,1.0,20.0,2.0,75.0,1.04
1281.0,2.0,20.0,2.0,75.0,1.0266666
1282.0,3.0,20.0,2.0,75.0,1.04
1283.0,5.0,20.0,2.0,75.0,1.0266666
1284.0,10.0,20.0,2.0,75.0,1.0266666
1285.0,20.0,20.0,2.0,75.0,1.04
1286.0,40.0,20.0,2.0,75.0,1.0266666
1287.0,0.0,20.0,2.0,75.0,1.04
1288.0,0.5,20.0,2.0,75.0,1.04
1289.0,1.0,20.0,2.0,75.0,1.04
1290.0,2.0,20.0,2.0,75.0,1.04
1291.0,3.0,20.0,2.0,75.0,1.04
1292.0,5.0,20.0,2.0,75.0,1.04
1293.0,10.0,20.0,2.0,75.0,1.0266666
1294.0,20.0,20.0,2.0,75.0,1.0266666
1295.0,40.0,20.0,2.0,75.0,1.04
1296.0,0.0,20.0,2.0,75.0,1.04
1297.0,0.5,20.0,2.0,75.0,1.04
1298.0,1.0,20.0,2.0,75.0,1.04
1299.0,2.0,20.0,2.0,75.0,1.04
1300.0,3.0,20.0,2.0,75.0,1.0266666
1301.0,5.0,20.0,2.0,75.0,1.0266666
1302.0,10.0,20.0,2.0,75.0,1.04
1303.0,20.0,20.0,2.0,75.0,1.04
1304.0,40.0,20.0,2.0,75.0,1.04
1305.0,0.0,20.0,2.0,75.0,1.04
1306.0,0.5,20.0,2.0,75.0,1.04
1307.0,1.0,20.0,2.0,75.0,1.0266666
1308.0,2.0,20.0,2.0,75.0,1.04
1309.0,3.0,20.0,2.0,75.0,1.0266666
1310.0,5.0,20.0,2.0,75.0,1.0266666
1311.0,10.0,20.0,2.0,75.0,1.0266666
1312.0,20.0,20.0,2.0,75.0,1.0266666
1313.0,40.0,20.0,2.0,75.0,1.04
1314.0,0.0,20.0,2.0,75.0,1.04
1315.0,0.5,20.0,2.0,75.0,1.04
1316.0,1.0,20.0,2.0,75.0,1.0266666
1317.0,2.0,20.0,2.0,75.0,1.04
1318.0,3.0,20.0,2.0,75.0,1.04
1319.0,5.0,20.0,2.0,75.0,1.04
1320.0,10.0,20.0,2.0,75.0,1.0266666
1321.0,20.0,20.0,2.0,75.0,1.04
1322.0,40.0,20.0,2.0,75.0,1.04
1323.0,0.0,20.0,2.0,75.0,1.04
1324.0,0.5,20.0,2.0,75.0,1.04
1325.0,1.0,20.0,2.0,75.0,1.04
1326.0,2.0,20.0,2.0,75.0,1.04
1327.0,3.0,20.0,2.0,75.0,1.0266666
1328.0,5.0,20.0,2.0,75.0,1.04
1329.0,10.0,20.0,2.0,75.0,1.04
1330.0,20.0,20.0,2.0,75.0,1.0266666
1331.0,40.0,20.0,2.0,75.0,1.04
1332.0,0.0,20.0,2.0,75.0,1.04
1333.0,0.5,20.0,2.0,75.0,1.04
1334.0,1.0,20.0,2.0,75.0,1.04
1335.0,2.0,20.0,2.0,75.0,1.04
1336.0,3.0,20.0,2.0,75.0,1.0266666
1337.0,5.0,20.0,2.0,75.0,1.0266666
1338.0,10.0,20.0,2.0,75.0,1.0266666
1339.0,20.0,20.0,2.0,75.0,1.04
1340.0,40.0,20.0,2.0,75.0,1.04
1341.0,0.0,20.0,2.0,75.0,1.04
1342.0,0.5,20.0,2.0,75.0,1.04
1343.0,1.0,20.0,2.0,75.0,1.0266666
1344.0,2.0,20.0,2.0,75.0,1.04
1345.0,3.0,20.0,2.0,75.0,1.04
1346.0,5.0,20.0,2.0,75.0,1.04
1347.0,10.0,20.0,2.0,75.0,1.0266666
1348.0,20.0,20.0,2.0,75.0,1.04
1349.0,40.0,20.0,2.0,75.0,1.04
1350.0,0.0,20.0,2.0,100.0,1.03
1351.0,0.5,20.0,2.0,100.0,1.03
1352.0,1.0,20.0,2.0,100.0,1.03
1353.0,2.0,20.0,2.0,100.0,1.02
1354.0,3.0,20.0,2.0,100.0,1.03
1355.0,5.0,20.0,2.0,100.0,1.02
1356.0,10.0,20.0,2.0,100.0,1.03
1357.0,20.0,20.0,2.0,100.0,1.02
1358.0,40.0,20.0,2.0,100.0,1.03
1359.0,0.0,20.0,2.0,100.0,1.03
1360.0,0.5,20.0,2.0,100.0,1.03
1361.0,1.0,20.0,2.0,100.0,1.03
1362.0,2.0,20.0,2.0,100.0,1.02
1363.0,3.0,20.0,2.0,100.0,1.03
1364.0,5.0,20.0,2.0,100.0,1.02
1365.0,10.0,20.0,2.0,100.0,1.03
1366.0,20.0,20.0,2.0,100.0,1.02
1367.0,40.0,20.0,2.0,100.0,1.03
1368.0,0.0,20.0,2.0,100.0,1.03
1369.0,0.5,20.0,2.0,100.0,1.03
1370.0,1.0,20.0,2.0,100.0,1.03
1371.0,2.0,20.0,2.0,100.0,1.03
1372.0,3.0,20.0,2.0,100.0,1.02
1373.0,5.0,20.0,2.0,100.0,1.02
1374.0,10.0,20.0,2.0,100.0,1.03
1375.0,20.0,20.0,2.0,100.0,1.02
1376.0,40.0,20.0,2.0,100.0,1.03
1377.0,0.0,20.0,2.0,100.0,1.03
1378.0,0.5,20.0,2.0,100.0,1.03
1379.0,1.0,20.0,2.0,100.0,1.03
1380.0,2.0,20.0,2.0,100.0,1.02
1381.0,3.0,20.0,2.0,100.0,1.03
1382.0,5.0,20.0,2.0,100.0,1.03
1383.0,10.0,20.0,2.0,100.0,1.02
1384.0,20.0,20.0,2.0,100.0,1.02
1385.0,40.0,20.0,2.0,100.0,1.03
1386.0,0.0,20.0,2.0,100.0,1.03
1387.0,0.5,20.0,2.0,100.0,1.03
1388.0,1.0,20.0,2.0,100.0,1.02
1389.0,2.0,20.0,2.0,100.0,1.02
1390.0,3.0,20.0,2.0,100.0,1.02
1391.0,5.0,20.0,2.0,100.0,1.03
1392.0,10.0,20.0,2.0,100.0,1.02
1393.0,20.0,20.0,2.0,100.0,1.02
1394.0,40.0,20.0,2.0,100.0,1.02
1395.0,0.0,20.0,2.0,100.0,1.03
1396.0,0.5,20.0,2.0,100.0,1.03
1397.0,1.0,20.0,2.0,100.0,1.03
1398.0,2.0,20.0,2.0,100.0,1.03
1399.0,3.0,20.0,2.0,100.0,1.03
1400.0,5.0,20.0,2.0,100.0,1.03
1401.0,10.0,20.0,2.0,100.0,1.03
1402.0,20.0,20.0,2.0,100.0,1.03
1403.0,40.0,20.0,2.0,100.0,1.03
1404.0,0.0,20.0,2.0,100.0,1.03
1405.0,0.5,20.0,2.0,100.0,1.03
1406.0,1.0,20.0,2.0,100.0,1.03
1407.0,2.0,20.0,2.0,100.0,1.03
1408.0,3.0,20.0,2.0,100.0,1.03
1409.0,5.0,20.0,2.0,100.0,1.03
1410.0,10.0,20.0,2.0,100.0,1.03
1411.0,20.0,20.0,2.0,100.0,1.02
1412.0,40.0,20.0,2.0,100.0,1.02
1413.0,0.0,20.0,2.0,100.0,1.03
1414.0,0.5,20.0,2.0,100.0,1.03
1415.0,1.0,20.0,2.0,100.0,1.03
1416.0,2.0,20.0,2.0,100.0,1.03
1417.0,3.0,20.0,2.0,100.0,1.03
1418.0,5.0,20.0,2.0,100.0,1.02
1419.0,10.0,20.0,2.0,100.0,1.03
1420.0,20.0,20.0,2.0,100.0,1.02
1421.0,40.0,20.0,2.0,100.0,1.03
1422.0,0.0,20.0,2.0,100.0,1.03
1423.0,0.5,20.0,2.0,100.0,1.02
1424.0,1.0,20.0,2.0,100.0,1.02
1425.0,2.0,20.0,2.0,100.0,1.03
1426.0,3.0,20.0,2.0,100.0,1.03
1427.0,5.0,20.0,2.0,100.0,1.03
1428.0,10.0,20.0,2.0,100.0,1.03
1429.0,20.0,20.0,2.0,100.0,1.03
1430.0,40.0,20.0,2.0,100.0,1.03
1431.0,0.0,20.0,2.0,100.0,1.03
1432.0,0.5,20.0,2.0,100.0,1.03
1433.0,1.0,20.0,2.0,100.0,1.03
1434.0,2.0,20.0,2.0,100.0,1.02
1435.0,3.0,20.0,2.0,100.0,1.03
1436.0,5.0,20.0,2.0,100.0,1.03
1437.0,10.0,20.0,2.0,100.0,1.03
1438.0,20.0,20.0,2.0,100.0,1.02
1439.0,40.0,20.0,2.0,100.0,1.03
1440.0,0.0,20.0,2.0,100.0,1.03
1441.0,0.5,20.0,2.0,100.0,1.03
1442.0,1.0,20.0,2.0,100.0,1.03
1443.0,2.0,20.0,2.0,100.0,1.03
1444.0,3.0,20.0,2.0,100.0,1.03
1445.0,5.0,20.0,2.0,100.0,1.03
1446.0,10.0,20.0,2.0,100.0,1.02
1447.0,20.0,20.0,2.0,100.0,1.03
1448.0,40.0,20.0,2.0,100.0,1.03
1449.0,0.0,20.0,2.0,100.0,1.03
1450.0,0.5,20.0,2.0,100.0,1.03
1451.0,1.0,20.0,2.0,100.0,1.03
1452.0,2.0,20.0,2.0,100.0,1.03
1453.0,3.0,20.0,2.0,100.0,1.03
1454.0,5.0,20.0,2.0,100.0,1.03
1455.0,10.0,20.0,2.0,100.0,1.02
1456.0,20.0,20.0,2.0,100.0,1.03
1457.0,40.0,20.0,2.0,100.0,1.03
1458.0,0.0,20.0,2.0,100.0,1.03
1459.0,0.5,20.0,2.0,100.0,1.02
1460.0,1.0,20.0,2.0,100.0,1.02
1461.0,2.0,20.0,2.0,100.0,1.03
1462.0,3.0,20.0,2.0,100.0,1.02
1463.0,5.0,20.0,2.0,100.0,1.03
1464.0,10.0,20.0,2.0,100.0,1.03
1465.0,20.0,20.0,2.0,100.0,1.02
1466.0,40.0,20.0,2.0,100.0,1.03
1467.0,0.0,20.0,2.0,100.0,1.03
1468.0,0.5,20.0,2.0,100.0,1.02
1469.0,1.0,20.0,2.0,100.0,1.02
1470.0,2.0,20.0,2.0,100.0,1.03
1471.0,3.0,20.0,2.0,100.0,1.03
1472.0,5.0,20.0,2.0,100.0,1.02
1473.0,10.0,20.0,2.0,100.0,1.02
1474.0,20.0,20.0,2.0,100.0,1.03
1475.0,40.0,20.0,2.0,100.0,1.02
1476.0,0.0,20.0,2.0,100.0,1.03
1477.0,0.5,20.0,2.0,100.0,1.03
1478.0,1.0,20.0,2.0,100.0,1.03
1479.0,2.0,20.0,2.0,100.0,1.03
1480.0,3.0,20.0,2.0,100.0,1.02
1481.0,5.0,20.0,2.0,100.0,1.02
1482.0,10.0,20.0,2.0,100.0,1.02
1483.0,20.0,20.0,2.0,100.0,1.02
1484.0,40.0,20.0,2.0,100.0,1.03
1485.0,0.0,20.0,2.0,100.0,1.03
1486.0,0.5,20.0,2.0,100.0,1.03
1487.0,1.0,20.0,2.0,100.0,1.03
1488.0,2.0,20.0,2.0,100.0,1.03
1489.0,3.0,20.0,2.0,100.0,1.03
1490.0,5.0,20.0,2.0,100.0,1.02
1491.0,10.0,20.0,2.0,100.0,1.03
1492.0,20.0,20.0,2.0,100.0,1.02
1493.0,40.0,20.0,2.0,100.0,1.03
1494.0,0.0,20.0,2.0,100.0,1.03
1495.0,0.5,20.0,2.0,100.0,1.03
1496.0,1.0,20.0,2.0,100.0,1.03
1497.0,2.0,20.0,2.0,100.0,1.03
1498.0,3.0,20.0,2.0,100.0,1.03
1499.0,5.0,20.0,2.0,100.0,1.03
1500.0,10.0,20.0,2.0,100.0,1.03
1501.0,20.0,20.0,2.0,100.0,1.02
1502.0,40.0,20.0,2.0,100.0,1.02
1503.0,0.0,20.0,2.0,100.0,1.03
1504.0,0.5,20.0,2.0,100.0,1.02
1505.0,1.0,20.0,2.0,100.0,1.03
1506.0,2.0,20.0,2.0,100.0,1.03
1507.0,3.0,20.0,2.0,100.0,1.02
1508.0,5.0,20.0,2.0,100.0,1.02
1509.0,10.0,20.0,2.0,100.0,1.02
1510.0,20.0,20.0,2.0,100.0,1.02
1511.0,40.0,20.0,2.0,100.0,1.03
1512.0,0.0,20.0,2.0,100.0,1.03
1513.0,0.5,20.0,2.0,100.0,1.03
1514.0,1.0,20.0,2.0,100.0,1.02
1515.0,2.0,20.0,2.0,100.0,1.02
1516.0,3.0,20.0,2.0,100.0,1.02
1517.0,5.0,20.0,2.0,100.0,1.03
1518.0,10.0,20.0,2.0,100.0,1.03
1519.0,20.0,20.0,2.0,100.0,1.03
1520.0,40.0,20.0,2.0,100.0,1.03
1521.0,0.0,20.0,2.0,100.0,1.03
1522.0,0.5,20.0,2.0,100.0,1.03
1523.0,1.0,20.0,2.0,100.0,1.02
1524.0,2.0,20.0,2.0,100.0,1.02
1525.0,3.0,20.0,2.0,100.0,1.03
1526.0,5.0,20.0,2.0,100.0,1.03
1527.0,10.0,20.0,2.0,100.0,1.03
1528.0,20.0,20.0,2.0,100.0,1.03
1529.0,40.0,20.0,2.0,100.0,1.03
1530.0,0.0,20.0,2.0,100.0,1.03
1531.0,0.5,20.0,2.0,100.0,1.02
1532.0,1.0,20.0,2.0,100.0,1.03
1533.0,2.0,20.0,2.0,100.0,1.03
1534.0,3.0,20.0,2.0,100.0,1.02
1535.0,5.0,20.0,2.0,100.0,1.02
1536.0,10.0,20.0,2.0,100.0,1.02
1537.0,20.0,20.0,2.0,100.0,1.03
1538.0,40.0,20.0,2.0,100.0,1.03
1539.0,0.0,20.0,2.0,100.0,1.03
1540.0,0.5,20.0,2.0,100.0,1.03
1541.0,1.0,20.0,2.0,100.0,1.02
1542.0,2.0,20.0,2.0,100.0,1.03
1543.0,3.0,20.0,2.0,100.0,1.03
1544.0,5.0,20.0,2.0,100.0,1.02
1545.0,10.0,20.0,2.0,100.0,1.02
1546.0,20.0,20.0,2.0,100.0,1.02
1547.0,40.0,20.0,2.0,100.0,1.03
1548.0,0.0,20.0,2.0,100.0,1.03
1549.0,0.5,20.0,2.0,100.0,1.02
1550.0,1.0,20.0,2.0,100.0,1.02
1551.0,2.0,20.0,2.0,100.0,1.02
1552.0,3.0,20.0,2.0,100.0,1.03
1553.0,5.0,20.0,2.0,100.0,1.03
1554.0,10.0,20.0,2.0,100.0,1.03
1555.0,20.0,20.0,2.0,100.0,1.02
1556.0,40.0,20.0,2.0,100.0,1.03
1557.0,0.0,20.0,2.0,100.0,1.03
1558.0,0.5,20.0,2.0,100.0,1.03
1559.0,1.0,20.0,2.0,100.0,1.03
1560.0,2.0,20.0,2.0,100.0,1.02
1561.0,3.0,20.0,2.0,100.0,1.03
1562.0,5.0,20.0,2.0,100.0,1.03
1563.0,10.0,20.0,2.0,100.0,1.03
1564.0,20.0,20.0,2.0,100.0,1.03
1565.0,40.0,20.0,2.0,100.0,1.03
1566.0,0.0,20.0,2.0,100.0,1.03
1567.0,0.5,20.0,2.0,100.0,1.03
1568.0,1.0,20.0,2.0,100.0,1.03
1569.0,2.0,20.0,2.0,100.0,1.02
1570.0,3.0,20.0,2.0,100.0,1.03
1571.0,5.0,20.0,2.0,100.0,1.02
1572.0,10.0,20.0,2.0,100.0,1.03
1573.0,20.0,20.0,2.0,100.0,1.02
1574.0,40.0,20.0,2.0,100.0,1.03
1575.0,0.0,20.0,2.0,100.0,1.03
1576.0,0.5,20.0,2.0,100.0,1.03
1577.0,1.0,20.0,2.0,100.0,1.03
1578.0,2.0,20.0,2.0,100.0,1.02
1579.0,3.0,20.0,2.0,100.0,1.02
1580.0,5.0,20.0,2.0,100.0,1.02
1581.0,10.0,20.0,2.0,100.0,1.02
1582.0,20.0,20.0,2.0,100.0,1.03
1583.0,40.0,20.0,2.0,100.0,1.02
1584.0,0.0,20.0,2.0,100.0,1.03
1585.0,0.5,20.0,2.0,100.0,1.03
1586.0,1.0,20.0,2.0,100.0,1.03
1587.0,2.0,20.0,2.0,100.0,1.03
1588.0,3.0,20.0,2.0,100.0,1.02
1589.0,5.0,20.0,2.0,100.0,1.03
1590.0,10.0,20.0,2.0,100.0,1.03
1591.0,20.0,20.0,2.0,100.0,1.03
1592.0,40.0,20.0,2.0,100.0,1.03
1593.0,0.0,20.0,2.0,100.0,1.03
1594.0,0.5,20.0,2.0,100.0,1.03
1595.0,1.0,20.0,2.0,100.0,1.03
1596.0,2.0,20.0,2.0,100.0,1.02
1597.0,3.0,20.0,2.0,100.0,1.03
1598.0,5.0,20.0,2.0,100.0,1.02
1599.0,10.0,20.0,2.0,100.0,1.03
1600.0,20.0,20.0,2.0,100.0,1.03
1601.0,40.0,20.0,2.0,100.0,1.03
1602.0,0.0,20.0,2.0,100.0,1.03
1603.0,0.5,20.0,2.0,100.0,1.03
1604.0,1.0,20.0,2.0,100.0,1.02
1605.0,2.0,20.0,2.0,100.0,1.03
1606.0,3.0,20.0,2.0,100.0,1.02
1607.0,5.0,20.0,2.0,100.0,1.02
1608.0,10.0,20.0,2.0,100.0,1.03
1609.0,20.0,20.0,2.0,100.0,1.02
1610.0,40.0,20.0,2.0,100.0,1.03
1611.0,0.0,20.0,2.0,100.0,1.03
1612.0,0.5,20.0,2.0,100.0,1.03
1613.0,1.0,20.0,2.0,100.0,1.03
1614.0,2.0,20.0,2.0,100.0,1.01
1615.0,3.0,20.0,2.0,100.0,1.02
1616.0,5.0,20.0,2.0,100.0,1.03
1617.0,10.0,20.0,2.0,100.0,1.02
1618.0,20.0,20.0,2.0,100.0,1.03
1619.0,40.0,20.0,2.0,100.0,1.03
1620.0,0.0,20.0,2.0,100.0,1.03
1621.0,0.5,20.0,2.0,100.0,1.03
1622.0,1.0,20.0,2.0,100.0,1.02
1623.0,2.0,20.0,2.0,100.0,1.02
1624.0,3.0,20.0,2.0,100.0,1.03
1625.0,5.0,20.0,2.0,100.0,1.03
1626.0,10.0,20.0,2.0,100.0,1.03
1627.0,20.0,20.0,2.0,100.0,1.02
1628.0,40.0,20.0,2.0,100.0,1.03
1629.0,0.0,20.0,2.0,100.0,1.03
1630.0,0.5,20.0,2.0,100.0,1.03
1631.0,1.0,20.0,2.0,100.0,1.03
1632.0,2.0,20.0,2.0,100.0,1.03
1633.0,3.0,20.0,2.0,100.0,1.03
1634.0,5.0,20.0,2.0,100.0,1.02
1635.0,10.0,20.0,2.0,100.0,1.02
1636.0,20.0,20.0,2.0,100.0,1.02
1637.0,40.0,20.0,2.0,100.0,1.03
1638.0,0.0,20.0,2.0,100.0,1.03
1639.0,0.5,20.0,2.0,100.0,1.03
1640.0,1.0,20.0,2.0,100.0,1.03
1641.0,2.0,20.0,2.0,100.0,1.02
1642.0,3.0,20.0,2.0,100.0,1.03
1643.0,5.0,20.0,2.0,100.0,1.02
1644.0,10.0,20.0,2.0,100.0,1.03
1645.0,20.0,20.0,2.0,100.0,1.03
1646.0,40.0,20.0,2.0,100.0,1.03
1647.0,0.0,20.0,2.0,100.0,1.03
1648.0,0.5,20.0,2.0,100.0,1.03
1649.0,1.0,20.0,2.0,100.0,1.03
1650.0,2.0,20.0,2.0,100.0,1.03
1651.0,3.0,20.0,2.0,100.0,1.03
1652.0,5.0,20.0,2.0,100.0,1.03
1653.0,10.0,20.0,2.0,100.0,1.02
1654.0,20.0,20.0,2.0,100.0,1.03
1655.0,40.0,20.0,2.0,100.0,1.03
1656.0,0.0,20.0,2.0,100.0,1.03
1657.0,0.5,20.0,2.0,100.0,1.02
1658.0,1.0,20.0,2.0,100.0,1.03
1659.0,2.0,20.0,2.0,100.0,1.02
1660.0,3.0,20.0,2.0,100.0,1.03
1661.0,5.0,20.0,2.0,100.0,1.02
1662.0,10.0,20.0,2.0,100.0,1.03
1663.0,20.0,20.0,2.0,100.0,1.02
1664.0,40.0,20.0,2.0,100.0,1.03
1665.0,0.0,20.0,2.0,100.0,1.03
1666.0,0.5,20.0,2.0,100.0,1.03
1667.0,1.0,20.0,2.0,100.0,1.02
1668.0,2.0,20.0,2.0,100.0,1.02
1669.0,3.0,20.0,2.0,100.0,1.03
1670.0,5.0,20.0,2.0,100.0,1.03
1671.0,10.0,20.0,2.0,100.0,1.03
1672.0,20.0,20.0,2.0,100.0,1.03
1673.0,40.0,20.0,2.0,100.0,1.02
1674.0,0.0,20.0,2.0,100.0,1.03
1675.0,0.5,20.0,2.0,100.0,1.02
1676.0,1.0,20.0,2.0,100.0,1.03
1677.0,2.0,20.0,2.0,100.0,1.02
1678.0,3.0,20.0,2.0,100.0,1.03
1679.0,5.0,20.0,2.0,100.0,1.02
1680.0,10.0,20.0,2.0,100.0,1.02
1681.0,20.0,20.0,2.0,100.0,1.03
1682.0,40.0,20.0,2.0,100.0,1.02
1683.0,0.0,20.0,2.0,100.0,1.03
1684.0,0.5,20.0,2.0,100.0,1.03
1685.0,1.0,20.0,2.0,100.0,1.03
1686.0,2.0,20.0,2.0,100.0,1.02
1687.0,3.0,20.0,2.0,100.0,1.03
1688.0,5.0,20.0,2.0,100.0,1.03
1689.0,10.0,20.0,2.0,100.0,1.03
1690.0,20.0,20.0,2.0,100.0,1.03
1691.0,40.0,20.0,2.0,100.0,1.03
1692.0,0.0,20.0,2.0,100.0,1.03
1693.0,0.5,20.0,2.0,100.0,1.03
1694.0,1.0,20.0,2.0,100.0,1.02
1695.0,2.0,20.0,2.0,100.0,1.02
1696.0,3.0,20.0,2.0,100.0,1.02
1697.0,5.0,20.0,2.0,100.0,1.02
1698.0,10.0,20.0,2.0,100.0,1.03
1699.0,20.0,20.0,2.0,100.0,1.03
1700.0,40.0,20.0,2.0,100.0,1.03
1701.0,0.0,20.0,2.0,100.0,1.03
1702.0,0.5,20.0,2.0,100.0,1.03
1703.0,1.0,20.0,2.0,100.0,1.03
1704.0,2.0,20.0,2.0,100.0,1.03
1705.0,3.0,20.0,2.0,100.0,1.03
1706.0,5.0,20.0,2.0,100.0,1.02
1707.0,10.0,20.0,2.0,100.0,1.02
1708.0,20.0,20.0,2.0,100.0,1.03
1709.0,40.0,20.0,2.0,100.0,1.03
1710.0,0.0,20.0,2.0,100.0,1.03
1711.0,0.5,20.0,2.0,100.0,1.03
1712.0,1.0,20.0,2.0,100.0,1.03
1713.0,2.0,20.0,2.0,100.0,1.03
1714.0,3.0,20.0,2.0,100.0,1.03
1715.0,5.0,20.0,2.0,100.0,1.03
1716.0,10.0,20.0,2.0,100.0,1.02
1717.0,20.0,20.0,2.0,100.0,1.02
1718.0,40.0,20.0,2.0,100.0,1.03
1719.0,0.0,20.0,2.0,100.0,1.03
1720.0,0.5,20.0,2.0,100.0,1.03
1721.0,1.0,20.0,2.0,100.0,1.02
1722.0,2.0,20.0,2.0,100.0,1.02
1723.0,3.0,20.0,2.0,100.0,1.02
1724.0,5.0,20.0,2.0,100.0,1.03
1725.0,10.0,20.0,2.0,100.0,1.03
1726.0,20.0,20.0,2.0,100.0,1.02
1727.0,40.0,20.0,2.0,100.0,1.03
1728.0,0.0,20.0,2.0,100.0,1.03
1729.0,0.5,20.0,2.0,100.0,1.03
1730.0,1.0,20.0,2.0,100.0,1.03
1731.0,2.0,20.0,2.0,100.0,1.02
1732.0,3.0,20.0,2.0,100.0,1.02
1733.0,5.0,20.0,2.0,100.0,1.03
1734.0,10.0,20.0,2.0,100.0,1.03
1735.0,20.0,20.0,2.0,100.0,1.03
1736.0,40.0,20.0,2.0,100.0,1.03
1737.0,0.0,20.0,2.0,100.0,1.03
1738.0,0.5,20.0,2.0,100.0,1.03
1739.0,1.0,20.0,2.0,100.0,1.03
1740.0,2.0,20.0,2.0,100.0,1.02
1741.0,3.0,20.0,2.0,100.0,1.02
1742.0,5.0,20.0,2.0,100.0,1.03
1743.0,10.0,20.0,2.0,100.0,1.03
1744.0,20.0,20.0,2.0,100.0,1.03
1745.0,40.0,20.0,2.0,100.0,1.03
1746.0,0.0,20.0,2.0,100.0,1.03
1747.0,0.5,20.0,2.0,100.0,1.02
1748.0,1.0,20.0,2.0,100.0,1.02
1749.0,2.0,20.0,2.0,100.0,1.02
1750.0,3.0,20.0,2.0,100.0,1.03
1751.0,5.0,20.0,2.0,100.0,1.02
1752.0,10.0,20.0,2.0,100.0,1.03
1753.0,20.0,20.0,2.0,100.0,1.03
1754.0,40.0,20.0,2.0,100.0,1.02
1755.0,0.0,20.0,2.0,100.0,1.03
1756.0,0.5,20.0,2.0,100.0,1.03
1757.0,1.0,20.0,2.0,100.0,1.03
1758.0,2.0,20.0,2.0,100.0,1.02
1759.0,3.0,20.0,2.0,100.0,1.03
1760.0,5.0,20.0,2.0,100.0,1.02
1761.0,10.0,20.0,2.0,100.0,1.02
1762.0,20.0,20.0,2.0,100.0,1.03
1763.0,40.0,20.0,2.0,100.0,1.03
1764.0,0.0,20.0,2.0,100.0,1.03
1765.0,0.5,20.0,2.0,100.0,1.03
1766.0,1.0,20.0,2.0,100.0,1.03
1767.0,2.0,20.0,2.0,100.0,1.03
1768.0,3.0,20.0,2.0,100.0,1.03
1769.0,5.0,20.0,2.0,100.0,1.03
1770.0,10.0,20.0,2.0,100.0,1.02
1771.0,20.0,20.0,2.0,100.0,1.02
1772.0,40.0,20.0,2.0,100.0,1.03
1773.0,0.0,20.0,2.0,100.0,1.03
1774.0,0.5,20.0,2.0,100.0,1.02
1775.0,1.0,20.0,2.0,100.0,1.02
1776.0,2.0,20.0,2.0,100.0,1.03
1777.0,3.0,20.0,2.0,100.0,1.03
1778.0,5.0,20.0,2.0,100.0,1.02
1779.0,10.0,20.0,2.0,100.0,1.03
1780.0,20.0,20.0,2.0,100.0,1.02
1781.0,40.0,20.0,2.0,100.0,1.02
1782.0,0.0,20.0,2.0,100.0,1.03
1783.0,0.5,20.0,2.0,100.0,1.03
1784.0,1.0,20.0,2.0,100.0,1.03
1785.0,2.0,20.0,2.0,100.0,1.02
1786.0,3.0,20.0,2.0,100.0,1.03
1787.0,5.0,20.0,2.0,100.0,1.02
1788.0,10.0,20.0,2.0,100.0,1.02
1789.0,20.0,20.0,2.0,100.0,1.02
1790.0,40.0,20.0,2.0,100.0,1.03
1791.0,0.0,20.0,2.0,100.0,1.03
1792.0,0.5,20.0,2.0,100.0,1.03
1793.0,1.0,20.0,2.0,100.0,1.03
1794.0,2.0,20.0,2.0,100.0,1.02
1795.0,3.0,20.0,2.0,100.0,1.03
1796.0,5.0,20.0,2.0,100.0,1.01
1797.0,10.0,20.0,2.0,100.0,1.03
1798.0,20.0,20.0,2.0,100.0,1.02
1799.0,40.0,20.0,2.0,100.0,1.02
1800.0,0.0,20.0,2.0,125.0,1.024
1801.0,0.5,20.0,2.0,125.0,1.024
1802.0,1.0,20.0,2.0,125.0,1.016
1803.0,2.0,20.0,2.0,125.0,1.016
1804.0,3.0,20.0,2.0,125.0,1.016
1805.0,5.0,20.0,2.0,125.0,1.024
1806.0,10.0,20.0,2.0,125.0,1.016
1807.0,20.0,20.0,2.0,125.0,1.024
1808.0,40.0,20.0,2.0,125.0,1.024
1809.0,0.0,20.0,2.0,125.0,1.024
1810.0,0.5,20.0,2.0,125.0,1.024
1811.0,1.0,20.0,2.0,125.0,1.024
1812.0,2.0,20.0,2.0,125.0,1.024
1813.0,3.0,20.0,2.0,125.0,1.024
1814.0,5.0,20.0,2.0,125.0,1.016
1815.0,10.0,20.0,2.0,125.0,1.024
1816.0,20.0,20.0,2.0,125.0,1.024
1817.0,40.0,20.0,2.0,125.0,1.024
1818.0,0.0,20.0,2.0,125.0,1.024
1819.0,0.5,20.0,2.0,125.0,1.024
1820.0,1.0,20.0,2.0,125.0,1.024
1821.0,2.0,20.0,2.0,125.0,1.016
1822.0,3.0,20.0,2.0,125.0,1.024
1823.0,5.0,20.0,2.0,125.0,1.016
1824.0,10.0,20.0,2.0,125.0,1.016
1825.0,20.0,20.0,2.0,125.0,1.024
1826.0,40.0,20.0,2.0,125.0,1.024
1827.0,0.0,20.0,2.0,125.0,1.024
1828.0,0.5,20.0,2.0,125.0,1.024
1829.0,1.0,20.0,2.0,125.0,1.016
1830.0,2.0,20.0,2.0,125.0,1.024
1831.0,3.0,20.0,2.0,125.0,1.024
1832.0,5.0,20.0,2.0,125.0,1.016
1833.0,10.0,20.0,2.0,125.0,1.024
1834.0,20.0,20.0,2.0,125.0,1.024
1835.0,40.0,20.0,2.0,125.0,1.024
1836.0,0.0,20.0,2.0,125.0,1.024
1837.0,0.5,20.0,2.0,125.0,1.024
1838.0,1.0,20.0,2.0,125.0,1.024
1839.0,2.0,20.0,2.0,125.0,1.024
1840.0,3.0,20.0,2.0,125.0,1.016
1841.0,5.0,20.0,2.0,125.0,1.016
1842.0,10.0,20.0,2.0,125.0,1.024
1843.0,20.0,20.0,2.0,125.0,1.024
1844.0,40.0,20.0,2.0,125.0,1.024
1845.0,0.0,20.0,2.0,125.0,1.024
1846.0,0.5,20.0,2.0,125.0,1.024
1847.0,1.0,20.0,2.0,125.0,1.016
1848.0,2.0,20.0,2.0,125.0,1.024
1849.0,3.0,20.0,2.0,125.0,1.024
1850.0,5.0,20.0,2.0,125.0,1.016
1851.0,10.0,20.0,2.0,125.0,1.024
1852.0,20.0,20.0,2.0,125.0,1.016
1853.0,40.0,20.0,2.0,125.0,1.024
1854.0,0.0,20.0,2.0,125.0,1.024
1855.0,0.5,20.0,2.0,125.0,1.024
1856.0,1.0,20.0,2.0,125.0,1.024
1857.0,2.0,20.0,2.0,125.0,1.024
1858.0,3.0,20.0,2.0,125.0,1.016
1859.0,5.0,20.0,2.0,125.0,1.024
1860.0,10.0,20.0,2.0,125.0,1.024
1861.0,20.0,20.0,2.0,125.0,1.016
1862.0,40.0,20.0,2.0,125.0,1.024
1863.0,0.0,20.0,2.0,125.0,1.024
1864.0,0.5,20.0,2.0,125.0,1.024
1865.0,1.0,20.0,2.0,125.0,1.016
1866.0,2.0,20.0,2.0,125.0,1.016
1867.0,3.0,20.0,2.0,125.0,1.024
1868.0,5.0,20.0,2.0,125.0,1.024
1869.0,10.0,20.0,2.0,125.0,1.016
1870.0,20.0,20.0,2.0,125.0,1.024
1871.0,40.0,20.0,2.0,125.0,1.024
1872.0,0.0,20.0,2.0,125.0,1.024
1873.0,0.5,20.0,2.0,125.0,1.024
1874.0,1.0,20.0,2.0,125.0,1.024
1875.0,2.0,20.0,2.0,125.0,1.024
1876.0,3.0,20.0,2.0,125.0,1.024
1877.0,5.0,20.0,2.0,125.0,1.024
1878.0,10.0,20.0,2.0,125.0,1.024
1879.0,20.0,20.0,2.0,125.0,1.016
1880.0,40.0,20.0,2.0,125.0,1.016
1881.0,0.0,20.0,2.0,125.0,1.024
1882.0,0.5,20.0,2.0,125.0,1.024
1883.0,1.0,20.0,2.0,125.0,1.016
1884.0,2.0,20.0,2.0,125.0,1.016
1885.0,3.0,20.0,2.0,125.0,1.024
1886.0,5.0,20.0,2.0,125.0,1.016
1887.0,10.0,20.0,2.0,125.0,1.016
1888.0,20.0,20.0,2.0,125.0,1.016
1889.0,40.0,20.0,2.0,125.0,1.024
1890.0,0.0,20.0,2.0,125.0,1.024
1891.0,0.5,20.0,2.0,125.0,1.008
1892.0,1.0,20.0,2.0,125.0,1.016
1893.0,2.0,20.0,2.0,125.0,1.024
1894.0,3.0,20.0,2.0,125.0,1.016
1895.0,5.0,20.0,2.0,125.0,1.016
1896.0,10.0,20.0,2.0,125.0,1.016
1897.0,20.0,20.0,2.0,125.0,1.016
1898.0,40.0,20.0,2.0,125.0,1.024
1899.0,0.0,20.0,2.0,125.0,1.024
1900.0,0.5,20.0,2.0,125.0,1.024
1901.0,1.0,20.0,2.0,125.0,1.024
1902.0,2.0,20.0,2.0,125.0,1.024
1903.0,3.0,20.0,2.0,125.0,1.024
1904.0,5.0,20.0,2.0,125.0,1.024
1905.0,10.0,20.0,2.0,125.0,1.016
1906.0,20.0,20.0,2.0,125.0,1.024
1907.0,40.0,20.0,2.0,125.0,1.024
1908.0,0.0,20.0,2.0,125.0,1.024
1909.0,0.5,20.0,2.0,125.0,1.024
1910.0,1.0,20.0,2.0,125.0,1.016
1911.0,2.0,20.0,2.0,125.0,1.024
1912.0,3.0,20.0,2.0,125.0,1.024
1913.0,5.0,20.0,2.0,125.0,1.024
1914.0,10.0,20.0,2.0,125.0,1.016
1915.0,20.0,20.0,2.0,125.0,1.024
1916.0,40.0,20.0,2.0,125.0,1.024
1917.0,0.0,20.0,2.0,125.0,1.024
1918.0,0.5,20.0,2.0,125.0,1.016
1919.0,1.0,20.0,2.0,125.0,1.024
1920.0,2.0,20.0,2.0,125.0,1.024
1921.0,3.0,20.0,2.0,125.0,1.016
1922.0,5.0,20.0,2.0,125.0,1.024
1923.0,10.0,20.0,2.0,125.0,1.024
1924.0,20.0,20.0,2.0,125.0,1.016
1925.0,40.0,20.0,2.0,125.0,1.024
1926.0,0.0,20.0,2.0,125.0,1.024
1927.0,0.5,20.0,2.0,125.0,1.024
1928.0,1.0,20.0,2.0,125.0,1.024
1929.0,2.0,20.0,2.0,125.0,1.016
1930.0,3.0,20.0,2.0,125.0,1.016
1931.0,5.0,20.0,2.0,125.0,1.024
1932.0,10.0,20.0,2.0,125.0,1.024
1933.0,20.0,20.0,2.0,125.0,1.024
1934.0,40.0,20.0,2.0,125.0,1.024
1935.0,0.0,20.0,2.0,125.0,1.024
1936.0,0.5,20.0,2.0,125.0,1.024
1937.0,1.0,20.0,2.0,125.0,1.024
1938.0,2.0,20.0,2.0,125.0,1.016
1939.0,3.0,20.0,2.0,125.0,1.016
1940.0,5.0,20.0,2.0,125.0,1.024
1941.0,10.0,20.0,2.0,125.0,1.024
1942.0,20.0,20.0,2.0,125.0,1.016
1943.0,40.0,20.0,2.0,125.0,1.024
1944.0,0.0,20.0,2.0,125.0,1.024
1945.0,0.5,20.0,2.0,125.0,1.024
1946.0,1.0,20.0,2.0,125.0,1.016
1947.0,2.0,20.0,2.0,125.0,1.024
1948.0,3.0,20.0,2.0,125.0,1.024
1949.0,5.0,20.0,2.0,125.0,1.024
1950.0,10.0,20.0,2.0,125.0,1.024
1951.0,20.0,20.0,2.0,125.0,1.024
1952.0,40.0,20.0,2.0,125.0,1.024
1953.0,0.0,20.0,2.0,125.0,1.024
1954.0,0.5,20.0,2.0,125.0,1.024
1955.0,1.0,20.0,2.0,125.0,1.024
1956.0,2.0,20.0,2.0,125.0,1.024
1957.0,3.0,20.0,2.0,125.0,1.008
1958.0,5.0,20.0,2.0,125.0,1.016
1959.0,10.0,20.0,2.0,125.0,1.016
1960.0,20.0,20.0,2.0,125.0,1.024
1961.0,40.0,20.0,2.0,125.0,1.024
1962.0,0.0,20.0,2.0,125.0,1.024
1963.0,0.5,20.0,2.0,125.0,1.024
1964.0,1.0,20.0,2.0,125.0,1.024
1965.0,2.0,20.0,2.0,125.0,1.024
1966.0,3.0,20.0,2.0,125.0,1.016
1967.0,5.0,20.0,2.0,125.0,1.024
1968.0,10.0,20.0,2.0,125.0,1.024
1969.0,20.0,20.0,2.0,125.0,1.016
1970.0,40.0,20.0,2.0,125.0,1.024
1971.0,0.0,20.0,2.0,125.0,1.024
1972.0,0.5,20.0,2.0,125.0,1.024
1973.0,1.0,20.0,2.0,125.0,1.016
1974.0,2.0,20.0,2.0,125.0,1.024
1975.0,3.0,20.0,2.0,125.0,1.024
1976.0,5.0,20.0,2.0,125.0,1.024
1977.0,10.0,20.0,2.0,125.0,1.024
1978.0,20.0,20.0,2.0,125.0,1.024
1979.0,40.0,20.0,2.0,125.0,1.024
1980.0,0.0,20.0,2.0,125.0,1.024
1981.0,0.5,20.0,2.0,125.0,1.024
1982.0,1.0,20.0,2.0,125.0,1.024
1983.0,2.0,20.0,2.0,125.0,1.016
1984.0,3.0,20.0,2.0,125.0,1.016
1985.0,5.0,20.0,2.0,125.0,1.024
1986.0,10.0,20.0,2.0,125.0,1.024
1987.0,20.0,20.0,2.0,125.0,1.024
1988.0,40.0,20.0,2.0,125.0,1.016
1989.0,0.0,20.0,2.0,125.0,1.024
1990.0,0.5,20.0,2.0,125.0,1.024
1991.0,1.0,20.0,2.0,125.0,1.016
1992.0,2.0,20.0,2.0,125.0,1.016
1993.0,3.0,20.0,2.0,125.0,1.024
1994.0,5.0,20.0,2.0,125.0,1.016
1995.0,10.0,20.0,2.0,125.0,1.024
1996.0,20.0,20.0,2.0,125.0,1.024
1997.0,40.0,20.0,2.0,125.0,1.024
1998.0,0.0,20.0,2.0,125.0,1.024
1999.0,0.5,20.0,2.0,125.0,1.024
2000.0,1.0,20.0,2.0,125.0,1.024
2001.0,2.0,20.0,2.0,125.0,1.016
2002.0,3.0,20.0,2.0,125.0,1.024
2003.0,5.0,20.0,2.0,125.0,1.016
2004.0,10.0,20.0,2.0,125.0,1.016
2005.0,20.0,20.0,2.0,125.0,1.016
2006.0,40.0,20.0,2.0,125.0,1.024
2007.0,0.0,20.0,2.0,125.0,1.024
2008.0,0.5,20.0,2.0,125.0,1.016
2009.0,1.0,20.0,2.0,125.0,1.024
2010.0,2.0,20.0,2.0,125.0,1.016
2011.0,3.0,20.0,2.0,125.0,1.024
2012.0,5.0,20.0,2.0,125.0,1.024
2013.0,10.0,20.0,2.0,125.0,1.024
2014.0,20.0,20.0,2.0,125.0,1.016
2015.0,40.0,20.0,2.0,125.0,1.024
2016.0,0.0,20.0,2.0,125.0,1.024
2017.0,0.5,20.0,2.0,125.0,1.016
2018.0,1.0,20.0,2.0,125.0,1.016
2019.0,2.0,20.0,2.0,125.0,1.024
2020.0,3.0,20.0,2.0,125.0,1.024
2021.0,5.0,20.0,2.0,125.0,1.016
2022.0,10.0,20.0,2.0,125.0,1.024
2023.0,20.0,20.0,2.0,125.0,1.016
2024.0,40.0,20.0,2.0,125.0,1.024
2025.0,0.0,20.0,2.0,125.0,1.024
2026.0,0.5,20.0,2.0,125.0,1.024
2027.0,1.0,20.0,2.0,125.0,1.024
2028.0,2.0,20.0,2.0,125.0,1.008
2029.0,3.0,20.0,2.0,125.0,1.024
2030.0,5.0,20.0,2.0,125.0,1.016
2031.0,10.0,20.0,2.0,125.0,1.024
2032.0,20.0,20.0,2.0,125.0,1.016
2033.0,40.0,20.0,2.0,125.0,1.024
2034.0,0.0,20.0,2.0,125.0,1.024
2035.0,0.5,20.0,2.0,125.0,1.024
2036.0,1.0,20.0,2.0,125.0,1.024
2037.0,2.0,20.0,2.0,125.0,1.024
2038.0,3.0,20.0,2.0,125.0,1.024
2039.0,5.0,20.0,2.0,125.0,1.024
2040.0,10.0,20.0,2.0,125.0,1.024
2041.0,20.0,20.0,2.0,125.0,1.024
2042.0,40.0,20.0,2.0,125.0,1.024
2043.0,0.0,20.0,2.0,125.0,1.024
2044.0,0.5,20.0,2.0,125.0,1.024
2045.0,1.0,20.0,2.0,125.0,1.016
2046.0,2.0,20.0,2.0,125.0,1.024
2047.0,3.0,20.0,2.0,125.0,1.024
2048.0,5.0,20.0,2.0,125.0,1.024
2049.0,10.0,20.0,2.0,125.0,1.016
2050.0,20.0,20.0,2.0,125.0,1.024
2051.0,40.0,20.0,2.0,125.0,1.024
2052.0,0.0,20.0,2.0,125.0,1.024
2053.0,0.5,20.0,2.0,125.0,1.024
2054.0,1.0,20.0,2.0,125.0,1.024
2055.0,2.0,20.0,2.0,125.0,1.024
2056.0,3.0,20.0,2.0,125.0,1.024
2057.0,5.0,20.0,2.0,125.0,1.016
2058.0,10.0,20.0,2.0,125.0,1.024
2059.0,20.0,20.0,2.0,125.0,1.016
2060.0,40.0,20.0,2.0,125.0,1.024
2061.0,0.0,20.0,2.0,125.0,1.024
2062.0,0.5,20.0,2.0,125.0,1.024
2063.0,1.0,20.0,2.0,125.0,1.024
2064.0,2.0,20.0,2.0,125.0,1.016
2065.0,3.0,20.0,2.0,125.0,1.024
2066.0,5.0,20.0,2.0,125.0,1.016
2067.0,10.0,20.0,2.0,125.0,1.016
2068.0,20.0,20.0,2.0,125.0,1.024
2069.0,40.0,20.0,2.0,125.0,1.024
2070.0,0.0,20.0,2.0,125.0,1.024
2071.0,0.5,20.0,2.0,125.0,1.024
2072.0,1.0,20.0,2.0,125.0,1.024
2073.0,2.0,20.0,2.0,125.0,1.016
2074.0,3.0,20.0,2.0,125.0,1.024
2075.0,5.0,20.0,2.0,125.0,1.016
2076.0,10.0,20.0,2.0,125.0,1.016
2077.0,20.0,20.0,2.0,125.0,1.016
2078.0,40.0,20.0,2.0,125.0,1.024
2079.0,0.0,20.0,2.0,125.0,1.024
2080.0,0.5,20.0,2.0,125.0,1.024
2081.0,1.0,20.0,2.0,125.0,1.024
2082.0,2.0,20.0,2.0,125.0,1.008
2083.0,3.0,20.0,2.0,125.0,1.024
2084.0,5.0,20.0,2.0,125.0,1.024
2085.0,10.0,20.0,2.0,125.0,1.016
2086.0,20.0,20.0,2.0,125.0,1.024
2087.0,40.0,20.0,2.0,125.0,1.016
2088.0,0.0,20.0,2.0,125.0,1.024
2089.0,0.5,20.0,2.0,125.0,1.024
2090.0,1.0,20.0,2.0,125.0,1.016
2091.0,2.0,20.0,2.0,125.0,1.016
2092.0,3.0,20.0,2.0,125.0,1.016
2093.0,5.0,20.0,2.0,125.0,1.016
2094.0,10.0,20.0,2.0,125.0,1.024
2095.0,20.0,20.0,2.0,125.0,1.016
2096.0,40.0,20.0,2.0,125.0,1.024
2097.0,0.0,20.0,2.0,125.0,1.024
2098.0,0.5,20.0,2.0,125.0,1.016
2099.0,1.0,20.0,2.0,125.0,1.016
2100.0,2.0,20.0,2.0,125.0,1.016
2101.0,3.0,20.0,2.0,125.0,1.016
2102.0,5.0,20.0,2.0,125.0,1.016
2103.0,10.0,20.0,2.0,125.0,1.024
2104.0,20.0,20.0,2.0,125.0,1.024
2105.0,40.0,20.0,2.0,125.0,1.024
2106.0,0.0,20.0,2.0,125.0,1.024
2107.0,0.5,20.0,2.0,125.0,1.024
2108.0,1.0,20.0,2.0,125.0,1.024
2109.0,2.0,20.0,2.0,125.0,1.024
2110.0,3.0,20.0,2.0,125.0,1.024
2111.0,5.0,20.0,2.0,125.0,1.016
2112.0,10.0,20.0,2.0,125.0,1.016
2113.0,20.0,20.0,2.0,125.0,1.024
2114.0,40.0,20.0,2.0,125.0,1.024
2115.0,0.0,20.0,2.0,125.0,1.024
2116.0,0.5,20.0,2.0,125.0,1.024
2117.0,1.0,20.0,2.0,125.0,1.016
2118.0,2.0,20.0,2.0,125.0,1.024
2119.0,3.0,20.0,2.0,125.0,1.016
2120.0,5.0,20.0,2.0,125.0,1.016
2121.0,10.0,20.0,2.0,125.0,1.024
2122.0,20.0,20.0,2.0,125.0,1.016
2123.0,40.0,20.0,2.0,125.0,1.016
2124.0,0.0,20.0,2.0,125.0,1.024
2125.0,0.5,20.0,2.0,125.0,1.024
2126.0,1.0,20.0,2.0,125.0,1.016
2127.0,2.0,20.0,2.0,125.0,1.024
2128.0,3.0,20.0,2.0,125.0,1.016
2129.0,5.0,20.0,2.0,125.0,1.016
2130.0,10.0,20.0,2.0,125.0,1.016
2131.0,20.0,20.0,2.0,125.0,1.016
2132.0,40.0,20.0,2.0,125.0,1.024
2133.0,0.0,20.0,2.0,125.0,1.024
2134.0,0.5,20.0,2.0,125.0,1.024
2135.0,1.0,20.0,2.0,125.0,1.016
2136.0,2.0,20.0,2.0,125.0,1.024
2137.0,3.0,20.0,2.0,125.0,1.024
2138.0,5.0,20.0,2.0,125.0,1.024
2139.0,10.0,20.0,2.0,125.0,1.016
2140.0,20.0,20.0,2.0,125.0,1.024
2141.0,40.0,20.0,2.0,125.0,1.024
2142.0,0.0,20.0,2.0,125.0,1.024
2143.0,0.5,20.0,2.0,125.0,1.024
2144.0,1.0,20.0,2.0,125.0,1.016
2145.0,2.0,20.0,2.0,125.0,1.016
2146.0,3.0,20.0,2.0,125.0,1.024
2147.0,5.0,20.0,2.0,125.0,1.024
2148.0,10.0,20.0,2.0,125.0,1.024
2149.0,20.0,20.0,2.0,125.0,1.024
2150.0,40.0,20.0,2.0,125.0,1.024
2151.0,0.0,20.0,2.0,125.0,1.024
2152.0,0.5,20.0,2.0,125.0,1.024
2153.0,1.0,20.0,2.0,125.0,1.016
2154.0,2.0,20.0,2.0,125.0,1.024
2155.0,3.0,20.0,2.0,125.0,1.016
2156.0,5.0,20.0,2.0,125.0,1.024
2157.0,10.0,20.0,2.0,125.0,1.016
2158.0,20.0,20.0,2.0,125.0,1.024
2159.0,40.0,20.0,2.0,125.0,1.024
2160.0,0.0,20.0,2.0,125.0,1.024
2161.0,0.5,20.0,2.0,125.0,1.024
2162.0,1.0,20.0,2.0,125.0,1.024
2163.0,2.0,20.0,2.0,125.0,1.024
2164.0,3.0,20.0,2.0,125.0,1.016
2165.0,5.0,20.0,2.0,125.0,1.016
2166.0,10.0,20.0,2.0,125.0,1.024
2167.0,20.0,20.0,2.0,125.0,1.024
2168.0,40.0,20.0,2.0,125.0,1.024
2169.0,0.0,20.0,2.0,125.0,1.024
2170.0,0.5,20.0,2.0,125.0,1.024
2171.0,1.0,20.0,2.0,125.0,1.016
2172.0,2.0,20.0,2.0,125.0,1.016
2173.0,3.0,20.0,2.0,125.0,1.016
2174.0,5.0,20.0,2.0,125.0,1.024
2175.0,10.0,20.0,2.0,125.0,1.024
2176.0,20.0,20.0,2.0,125.0,1.024
2177.0,40.0,20.0,2.0,125.0,1.024
2178.0,0.0,20.0,2.0,125.0,1.024
2179.0,0.5,20.0,2.0,125.0,1.016
2180.0,1.0,20.0,2.0,125.0,1.016
2181.0,2.0,20.0,2.0,125.0,1.024
2182.0,3.0,20.0,2.0,125.0,1.016
2183.0,5.0,20.0,2.0,125.0,1.016
2184.0,10.0,20.0,2.0,125.0,1.016
2185.0,20.0,20.0,2.0,125.0,1.024
2186.0,40.0,20.0,2.0,125.0,1.016
2187.0,0.0,20.0,2.0,125.0,1.024
2188.0,0.5,20.0,2.0,125.0,1.024
2189.0,1.0,20.0,2.0,125.0,1.024
2190.0,2.0,20.0,2.0,125.0,1.024
2191.0,3.0,20.0,2.0,125.0,1.016
2192.0,5.0,20.0,2.0,125.0,1.016
2193.0,10.0,20.0,2.0,125.0,1.024
2194.0,20.0,20.0,2.0,125.0,1.024
2195.0,40.0,20.0,2.0,125.0,1.024
2196.0,0.0,20.0,2.0,125.0,1.024
2197.0,0.5,20.0,2.0,125.0,1.024
2198.0,1.0,20.0,2.0,125.0,1.016
2199.0,2.0,20.0,2.0,125.0,1.024
2200.0,3.0,20.0,2.0,125.0,1.016
2201.0,5.0,20.0,2.0,125.0,1.016
2202.0,10.0,20.0,2.0,125.0,1.024
2203.0,20.0,20.0,2.0,125.0,1.024
2204.0,40.0,20.0,2.0,125.0,1.024
2205.0,0.0,20.0,2.0,125.0,1.024
2206.0,0.5,20.0,2.0,125.0,1.016
2207.0,1.0,20.0,2.0,125.0,1.016
2208.0,2.0,20.0,2.0,125.0,1.016
2209.0,3.0,20.0,2.0,125.0,1.024
2210.0,5.0,20.0,2.0,125.0,1.016
2211.0,10.0,20.0,2.0,125.0,1.016
2212.0,20.0,20.0,2.0,125.0,1.024
2213.0,40.0,20.0,2.0,125.0,1.024
2214.0,0.0,20.0,2.0,125.0,1.024
2215.0,0.5,20.0,2.0,125.0,1.016
2216.0,1.0,20.0,2.0,125.0,1.024
2217.0,2.0,20.0,2.0,125.0,1.016
2218.0,3.0,20.0,2.0,125.0,1.016
2219.0,5.0,20.0,2.0,125.0,1.024
2220.0,10.0,20.0,2.0,125.0,1.016
2221.0,20.0,20.0,2.0,125.0,1.024
2222.0,40.0,20.0,2.0,125.0,1.024
2223.0,0.0,20.0,2.0,125.0,1.024
2224.0,0.5,20.0,2.0,125.0,1.024
2225.0,1.0,20.0,2.0,125.0,1.024
2226.0,2.0,20.0,2.0,125.0,1.008
2227.0,3.0,20.0,2.0,125.0,1.024
2228.0,5.0,20.0,2.0,125.0,1.016
2229.0,10.0,20.0,2.0,125.0,1.016
2230.0,20.0,20.0,2.0,125.0,1.016
2231.0,40.0,20.0,2.0,125.0,1.024
2232.0,0.0,20.0,2.0,125.0,1.024
2233.0,0.5,20.0,2.0,125.0,1.024
2234.0,1.0,20.0,2.0,125.0,1.016
2235.0,2.0,20.0,2.0,125.0,1.024
2236.0,3.0,20.0,2.0,125.0,1.016
2237.0,5.0,20.0,2.0,125.0,1.008
2238.0,10.0,20.0,2.0,125.0,1.024
2239.0,20.0,20.0,2.0,125.0,1.024
2240.0,40.0,20.0,2.0,125.0,1.016
2241.0,0.0,20.0,2.0,125.0,1.024
2242.0,0.5,20.0,2.0,125.0,1.024
2243.0,1.0,20.0,2.0,125.0,1.016
2244.0,2.0,20.0,2.0,125.0,1.016
2245.0,3.0,20.0,2.0,125.0,1.024
2246.0,5.0,20.0,2.0,125.0,1.016
2247.0,10.0,20.0,2.0,125.0,1.024
2248.0,20.0,20.0,2.0,125.0,1.024
2249.0,40.0,20.0,2.0,125.0,1.024
2250.0,0.0,20.0,2.0,150.0,1.02
2251.0,0.5,20.0,2.0,150.0,1.02
2252.0,1.0,20.0,2.0,150.0,1.02
2253.0,2.0,20.0,2.0,150.0,1.0133333
2254.0,3.0,20.0,2.0,150.0,1.02
2255.0,5.0,20.0,2.0,150.0,1.02
2256.0,10.0,20.0,2.0,150.0,1.02
2257.0,20.0,20.0,2.0,150.0,1.02
2258.0,40.0,20.0,2.0,150.0,1.02
2259.0,0.0,20.0,2.0,150.0,1.02
2260.0,0.5,20.0,2.0,150.0,1.0133333
2261.0,1.0,20.0,2.0,150.0,1.0133333
2262.0,2.0,20.0,2.0,150.0,1.0133333
2263.0,3.0,20.0,2.0,150.0,1.02
2264.0,5.0,20.0,2.0,150.0,1.0133333
2265.0,10.0,20.0,2.0,150.0,1.02
2266.0,20.0,20.0,2.0,150.0,1.02
2267.0,40.0,20.0,2.0,150.0,1.02
2268.0,0.0,20.0,2.0,150.0,1.02
2269.0,0.5,20.0,2.0,150.0,1.02
2270.0,1.0,20.0,2.0,150.0,1.0133333
2271.0,2.0,20.0,2.0,150.0,1.02
2272.0,3.0,20.0,2.0,150.0,1.0133333
2273.0,5.0,20.0,2.0,150.0,1.02
2274.0,10.0,20.0,2.0,150.0,1.02
2275.0,20.0,20.0,2.0,150.0,1.02
2276.0,40.0,20.0,2.0,150.0,1.02
2277.0,0.0,20.0,2.0,150.0,1.02
2278.0,0.5,20.0,2.0,150.0,1.02
2279.0,1.0,20.0,2.0,150.0,1.02
2280.0,2.0,20.0,2.0,150.0,1.02
2281.0,3.0,20.0,2.0,150.0,1.0133333
2282.0,5.0,20.0,2.0,150.0,1.0133333
2283.0,10.0,20.0,2.0,150.0,1.0133333
2284.0,20.0,20.0,2.0,150.0,1.02
2285.0,40.0,20.0,2.0,150.0,1.02
2286.0,0.0,20.0,2.0,150.0,1.02
2287.0,0.5,20.0,2.0,150.0,1.02
2288.0,1.0,20.0,2.0,150.0,1.02
2289.0,2.0,20.0,2.0,150.0,1.02
2290.0,3.0,20.0,2.0,150.0,1.0133333
2291.0,5.0,20.0,2.0,150.0,1.0133333
2292.0,10.0,20.0,2.0,150.0,1.02
2293.0,20.0,20.0,2.0,150.0,1.0133333
2294.0,40.0,20.0,2.0,150.0,1.02
2295.0,0.0,20.0,2.0,150.0,1.02
2296.0,0.5,20.0,2.0,150.0,1.02
2297.0,1.0,20.0,2.0,150.0,1.02
2298.0,2.0,20.0,2.0,150.0,1.0133333
2299.0,3.0,20.0,2.0,150.0,1.0133333
2300.0,5.0,20.0,2.0,150.0,1.02
2301.0,10.0,20.0,2.0,150.0,1.0133333
2302.0,20.0,20.0,2.0,150.0,1.02
2303.0,40.0,20.0,2.0,150.0,1.0133333
2304.0,0.0,20.0,2.0,150.0,1.02
2305.0,0.5,20.0,2.0,150.0,1.0133333
2306.0,1.0,20.0,2.0,150.0,1.02
2307.0,2.0,20.0,2.0,150.0,1.0133333
2308.0,3.0,20.0,2.0,150.0,1.0133333
2309.0,5.0,20.0,2.0,150.0,1.02
2310.0,10.0,20.0,2.0,150.0,1.02
2311.0,20.0,20.0,2.0,150.0,1.02
2312.0,40.0,20.0,2.0,150.0,1.0133333
2313.0,0.0,20.0,2.0,150.0,1.02
2314.0,0.5,20.0,2.0,150.0,1.02
2315.0,1.0,20.0,2.0,150.0,1.02
2316.0,2.0,20.0,2.0,150.0,1.02
2317.0,3.0,20.0,2.0,150.0,1.02
2318.0,5.0,20.0,2.0,150.0,1.02
2319.0,10.0,20.0,2.0,150.0,1.02
2320.0,20.0,20.0,2.0,150.0,1.02
2321.0,40.0,20.0,2.0,150.0,1.02
2322.0,0.0,20.0,2.0,150.0,1.02
2323.0,0.5,20.0,2.0,150.0,1.02
2324.0,1.0,20.0,2.0,150.0,1.0133333
2325.0,2.0,20.0,2.0,150.0,1.02
2326.0,3.0,20.0,2.0,150.0,1.0133333
2327.0,5.0,20.0,2.0,150.0,1.0133333
2328.0,10.0,20.0,2.0,150.0,1.0133333
2329.0,20.0,20.0,2.0,150.0,1.02
2330.0,40.0,20.0,2.0,150.0,1.02
2331.0,0.0,20.0,2.0,150.0,1.02
2332.0,0.5,20.0,2.0,150.0,1.02
2333.0,1.0,20.0,2.0,150.0,1.02
2334.0,2.0,20.0,2.0,150.0,1.02
2335.0,3.0,20.0,2.0,150.0,1.02
2336.0,5.0,20.0,2.0,150.0,1.02
2337.0,10.0,20.0,2.0,150.0,1.02
2338.0,20.0,20.0,2.0,150.0,1.0133333
2339.0,40.0,20.0,2.0,150.0,1.02
2340.0,0.0,20.0,2.0,150.0,1.02
2341.0,0.5,20.0,2.0,150.0,1.02
2342.0,1.0,20.0,2.0,150.0,1.0133333
2343.0,2.0,20.0,2.0,150.0,1.0133333
2344.0,3.0,20.0,2.0,150.0,1.02
2345.0,5.0,20.0,2.0,150.0,1.02
2346.0,10.0,20.0,2.0,150.0,1.0133333
2347.0,20.0,20.0,2.0,150.0,1.02
2348.0,40.0,20.0,2.0,150.0,1.02
2349.0,0.0,20.0,2.0,150.0,1.02
2350.0,0.5,20.0,2.0,150.0,1.02
2351.0,1.0,20.0,2.0,150.0,1.0133333
2352.0,2.0,20.0,2.0,150.0,1.0133333
2353.0,3.0,20.0,2.0,150.0,1.0133333
2354.0,5.0,20.0,2.0,150.0,1.0133333
2355.0,10.0,20.0,2.0,150.0,1.0133333
2356.0,20.0,20.0,2.0,150.0,1.02
2357.0,40.0,20.0,2.0,150.0,1.02
2358.0,0.0,20.0,2.0,150.0,1.02
2359.0,0.5,20.0,2.0,150.0,1.02
2360.0,1.0,20.0,2.0,150.0,1.02
2361.0,2.0,20.0,2.0,150.0,1.02
2362.0,3.0,20.0,2.0,150.0,1.02
2363.0,5.0,20.0,2.0,150.0,1.02
2364.0,10.0,20.0,2.0,150.0,1.0133333
2365.0,20.0,20.0,2.0,150.0,1.02
2366.0,40.0,20.0,2.0,150.0,1.02
2367.0,0.0,20.0,2.0,150.0,1.02
2368.0,0.5,20.0,2.0,150.0,1.02
2369.0,1.0,20.0,2.0,150.0,1.02
2370.0,2.0,20.0,2.0,150.0,1.02
2371.0,3.0,20.0,2.0,150.0,1.02
2372.0,5.0,20.0,2.0,150.0,1.02
2373.0,10.0,20.0,2.0,150.0,1.02
2374.0,20.0,20.0,2.0,150.0,1.02
2375.0,40.0,20.0,2.0,150.0,1.0133333
2376.0,0.0,20.0,2.0,150.0,1.02
2377.0,0.5,20.0,2.0,150.0,1.02
2378.0,1.0,20.0,2.0,150.0,1.02
2379.0,2.0,20.0,2.0,150.0,1.0133333
2380.0,3.0,20.0,2.0,150.0,1.02
2381.0,5.0,20.0,2.0,150.0,1.02
2382.0,10.0,20.0,2.0,150.0,1.02
2383.0,20.0,20.0,2.0,150.0,1.0133333
2384.0,40.0,20.0,2.0,150.0,1.02
2385.0,0.0,20.0,2.0,150.0,1.02
2386.0,0.5,20.0,2.0,150.0,1.02
2387.0,1.0,20.0,2.0,150.0,1.02
2388.0,2.0,20.0,2.0,150.0,1.02
2389.0,3.0,20.0,2.0,150.0,1.0133333
2390.0,5.0,20.0,2.0,150.0,1.02
2391.0,10.0,20.0,2.0,150.0,1.02
2392.0,20.0,20.0,2.0,150.0,1.02
2393.0,40.0,20.0,2.0,150.0,1.02
2394.0,0.0,20.0,2.0,150.0,1.02
2395.0,0.5,20.0,2.0,150.0,1.02
2396.0,1.0,20.0,2.0,150.0,1.02
2397.0,2.0,20.0,2.0,150.0,1.0133333
2398.0,3.0,20.0,2.0,150.0,1.0133333
2399.0,5.0,20.0,2.0,150.0,1.02
2400.0,10.0,20.0,2.0,150.0,1.0133333
2401.0,20.0,20.0,2.0,150.0,1.02
2402.0,40.0,20.0,2.0,150.0,1.02
2403.0,0.0,20.0,2.0,150.0,1.02
2404.0,0.5,20.0,2.0,150.0,1.02
2405.0,1.0,20.0,2.0,150.0,1.02
2406.0,2.0,20.0,2.0,150.0,1.0133333
2407.0,3.0,20.0,2.0,150.0,1.02
2408.0,5.0,20.0,2.0,150.0,1.0133333
2409.0,10.0,20.0,2.0,150.0,1.0133333
2410.0,20.0,20.0,2.0,150.0,1.02
2411.0,40.0,20.0,2.0,150.0,1.0133333
2412.0,0.0,20.0,2.0,150.0,1.02
2413.0,0.5,20.0,2.0,150.0,1.02
2414.0,1.0,20.0,2.0,150.0,1.02
2415.0,2.0,20.0,2.0,150.0,1.0133333
2416.0,3.0,20.0,2.0,150.0,1.02
2417.0,5.0,20.0,2.0,150.0,1.02
2418.0,10.0,20.0,2.0,150.0,1.02
2419.0,20.0,20.0,2.0,150.0,1.0133333
2420.0,40.0,20.0,2.0,150.0,1.02
2421.0,0.0,20.0,2.0,150.0,1.02
2422.0,0.5,20.0,2.0,150.0,1.02
2423.0,1.0,20.0,2.0,150.0,1.0133333
2424.0,2.0,20.0,2.0,150.0,1.02
2425.0,3.0,20.0,2.0,150.0,1.02
2426.0,5.0,20.0,2.0,150.0,1.02
2427.0,10.0,20.0,2.0,150.0,1.02
2428.0,20.0,20.0,2.0,150.0,1.02
2429.0,40.0,20.0,2.0,150.0,1.0133333
2430.0,0.0,20.0,2.0,150.0,1.02
2431.0,0.5,20.0,2.0,150.0,1.02
2432.0,1.0,20.0,2.0,150.0,1.02
2433.0,2.0,20.0,2.0,150.0,1.0133333
2434.0,3.0,20.0,2.0,150.0,1.0133333
2435.0,5.0,20.0,2.0,150.0,1.0133333
2436.0,10.0,20.0,2.0,150.0,1.02
2437.0,20.0,20.0,2.0,150.0,1.02
2438.0,40.0,20.0,2.0,150.0,1.0133333
2439.0,0.0,20.0,2.0,150.0,1.02
2440.0,0.5,20.0,2.0,150.0,1.02
2441.0,1.0,20.0,2.0,150.0,1.0133333
2442.0,2.0,20.0,2.0,150.0,1.0133333
2443.0,3.0,20.0,2.0,150.0,1.0133333
2444.0,5.0,20.0,2.0,150.0,1.02
2445.0,10.0,20.0,2.0,150.0,1.0133333
2446.0,20.0,20.0,2.0,150.0,1.0133333
2447.0,40.0,20.0,2.0,150.0,1.02
2448.0,0.0,20.0,2.0,150.0,1.02
2449.0,0.5,20.0,2.0,150.0,1.0133333
2450.0,1.0,20.0,2.0,150.0,1.0133333
2451.0,2.0,20.0,2.0,150.0,1.02
2452.0,3.0,20.0,2.0,150.0,1.0133333
2453.0,5.0,20.0,2.0,150.0,1.02
2454.0,10.0,20.0,2.0,150.0,1.02
2455.0,20.0,20.0,2.0,150.0,1.02
2456.0,40.0,20.0,2.0,150.0,1.02
2457.0,0.0,20.0,2.0,150.0,1.02
2458.0,0.5,20.0,2.0,150.0,1.02
2459.0,1.0,20.0,2.0,150.0,1.02
2460.0,2.0,20.0,2.0,150.0,1.0133333
2461.0,3.0,20.0,2.0,150.0,1.0133333
2462.0,5.0,20.0,2.0,150.0,1.02
2463.0,10.0,20.0,2.0,150.0,1.0133333
2464.0,20.0,20.0,2.0,150.0,1.0133333
2465.0,40.0,20.0,2.0,150.0,1.0133333
2466.0,0.0,20.0,2.0,150.0,1.02
2467.0,0.5,20.0,2.0,150.0,1.02
2468.0,1.0,20.0,2.0,150.0,1.02
2469.0,2.0,20.0,2.0,150.0,1.0133333
2470.0,3.0,20.0,2.0,150.0,1.0133333
2471.0,5.0,20.0,2.0,150.0,1.02
2472.0,10.0,20.0,2.0,150.0,1.02
2473.0,20.0,20.0,2.0,150.0,1.02
2474.0,40.0,20.0,2.0,150.0,1.02
2475.0,0.0,20.0,2.0,150.0,1.02
2476.0,0.5,20.0,2.0,150.0,1.02
2477.0,1.0,20.0,2.0,150.0,1.0133333
2478.0,2.0,20.0,2.0,150.0,1.02
2479.0,3.0,20.0,2.0,150.0,1.02
2480.0,5.0,20.0,2.0,150.0,1.02
2481.0,10.0,20.0,2.0,150.0,1.02
2482.0,20.0,20.0,2.0,150.0,1.02
2483.0,40.0,20.0,2.0,150.0,1.02
2484.0,0.0,20.0,2.0,150.0,1.02
2485.0,0.5,20.0,2.0,150.0,1.02
2486.0,1.0,20.0,2.0,150.0,1.0066667
2487.0,2.0,20.0,2.0,150.0,1.0133333
2488.0,3.0,20.0,2.0,150.0,1.0133333
2489.0,5.0,20.0,2.0,150.0,1.0133333
2490.0,10.0,20.0,2.0,150.0,1.0133333
2491.0,20.0,20.0,2.0,150.0,1.0133333
2492.0,40.0,20.0,2.0,150.0,1.02
2493.0,0.0,20.0,2.0,150.0,1.02
2494.0,0.5,20.0,2.0,150.0,1.02
2495.0,1.0,20.0,2.0,150.0,1.02
2496.0,2.0,20.0,2.0,150.0,1.0133333
2497.0,3.0,20.0,2.0,150.0,1.02
2498.0,5.0,20.0,2.0,150.0,1.02
2499.0,10.0,20.0,2.0,150.0,1.02
2500.0,20.0,20.0,2.0,150.0,1.0133333
2501.0,40.0,20.0,2.0,150.0,1.0133333
2502.0,0.0,20.0,2.0,150.0,1.02
2503.0,0.5,20.0,2.0,150.0,1.02
2504.0,1.0,20.0,2.0,150.0,1.0133333
2505.0,2.0,20.0,2.0,150.0,1.0133333
2506.0,3.0,20.0,2.0,150.0,1.02
2507.0,5.0,20.0,2.0,150.0,1.02
2508.0,10.0,20.0,2.0,150.0,1.02
2509.0,20.0,20.0,2.0,150.0,1.02
2510.0,40.0,20.0,2.0,150.0,1.02
2511.0,0.0,20.0,2.0,150.0,1.02
2512.0,0.5,20.0,2.0,150.0,1.02
2513.0,1.0,20.0,2.0,150.0,1.02
2514.0,2.0,20.0,2.0,150.0,1.02
2515.0,3.0,20.0,2.0,150.0,1.02
2516.0,5.0,20.0,2.0,150.0,1.02
2517.0,10.0,20.0,2.0,150.0,1.0133333
2518.0,20.0,20.0,2.0,150.0,1.0133333
2519.0,40.0,20.0,2.0,150.0,1.02
2520.0,0.0,20.0,2.0,150.0,1.02
2521.0,0.5,20.0,2.0,150.0,1.02
2522.0,1.0,20.0,2.0,150.0,1.02
2523.0,2.0,20.0,2.0,150.0,1.02
2524.0,3.0,20.0,2.0,150.0,1.02
2525.0,5.0,20.0,2.0,150.0,1.0133333
2526.0,10.0,20.0,2.0,150.0,1.0133333
2527.0,20.0,20.0,2.0,150.0,1.0133333
2528.0,40.0,20.0,2.0,150.0,1.02
2529.0,0.0,20.0,2.0,150.0,1.02
2530.0,0.5,20.0,2.0,150.0,1.02
2531.0,1.0,20.0,2.0,150.0,1.0066667
2532.0,2.0,20.0,2.0,150.0,1.02
2533.0,3.0,20.0,2.0,150.0,1.02
2534.0,5.0,20.0,2.0,150.0,1.02
2535.0,10.0,20.0,2.0,150.0,1.02
2536.0,20.0,20.0,2.0,150.0,1.0133333
2537.0,40.0,20.0,2.0,150.0,1.02
2538.0,0.0,20.0,2.0,150.0,1.02
2539.0,0.5,20.0,2.0,150.0,1.0133333
2540.0,1.0,20.0,2.0,150.0,1.0133333
2541.0,2.0,20.0,2.0,150.0,1.0133333
2542.0,3.0,20.0,2.0,150.0,1.02
2543.0,5.0,20.0,2.0,150.0,1.0133333
2544.0,10.0,20.0,2.0,150.0,1.02
2545.0,20.0,20.0,2.0,150.0,1.0133333
2546.0,40.0,20.0,2.0,150.0,1.02
2547.0,0.0,20.0,2.0,150.0,1.02
2548.0,0.5,20.0,2.0,150.0,1.02
2549.0,1.0,20.0,2.0,150.0,1.0133333
2550.0,2.0,20.0,2.0,150.0,1.0133333
2551.0,3.0,20.0,2.0,150.0,1.0133333
2552.0,5.0,20.0,2.0,150.0,1.02
2553.0,10.0,20.0,2.0,150.0,1.0133333
2554.0,20.0,20.0,2.0,150.0,1.0133333
2555.0,40.0,20.0,2.0,150.0,1.02
2556.0,0.0,20.0,2.0,150.0,1.02
2557.0,0.5,20.0,2.0,150.0,1.02
2558.0,1.0,20.0,2.0,150.0,1.02
2559.0,2.0,20.0,2.0,150.0,1.02
2560.0,3.0,20.0,2.0,150.0,1.0133333
2561.0,5.0,20.0,2.0,150.0,1.0133333
2562.0,10.0,20.0,2.0,150.0,1.0133333
2563.0,20.0,20.0,2.0,150.0,1.0133333
2564.0,40.0,20.0,2.0,150.0,1.0133333
2565.0,0.0,20.0,2.0,150.0,1.02
2566.0,0.5,20.0,2.0,150.0,1.02
2567.0,1.0,20.0,2.0,150.0,1.02
2568.0,2.0,20.0,2.0,150.0,1.02
2569.0,3.0,20.0,2.0,150.0,1.02
2570.0,5.0,20.0,2.0,150.0,1.02
2571.0,10.0,20.0,2.0,150.0,1.0133333
2572.0,20.0,20.0,2.0,150.0,1.02
2573.0,40.0,20.0,2.0,150.0,1.02
2574.0,0.0,20.0,2.0,150.0,1.02
2575.0,0.5,20.0,2.0,150.0,1.0133333
2576.0,1.0,20.0,2.0,150.0,1.0133333
2577.0,2.0,20.0,2.0,150.0,1.0133333
2578.0,3.0,20.0,2.0,150.0,1.0133333
2579.0,5.0,20.0,2.0,150.0,1.02
2580.0,10.0,20.0,2.0,150.0,1.0133333
2581.0,20.0,20.0,2.0,150.0,1.0133333
2582.0,40.0,20.0,2.0,150.0,1.02
2583.0,0.0,20.0,2.0,150.0,1.02
2584.0,0.5,20.0,2.0,150.0,1.0133333
2585.0,1.0,20.0,2.0,150.0,1.02
2586.0,2.0,20.0,2.0,150.0,1.0133333
2587.0,3.0,20.0,2.0,150.0,1.0133333
2588.0,5.0,20.0,2.0,150.0,1.0066667
2589.0,10.0,20.0,2.0,150.0,1.02
2590.0,20.0,20.0,2.0,150.0,1.02
2591.0,40.0,20.0,2.0,150.0,1.02
2592.0,0.0,20.0,2.0,150.0,1.02
2593.0,0.5,20.0,2.0,150.0,1.0133333
2594.0,1.0,20.0,2.0,150.0,1.0133333
2595.0,2.0,20.0,2.0,150.0,1.02
2596.0,3.0,20.0,2.0,150.0,1.0133333
2597.0,5.0,20.0,2.0,150.0,1.0133333
2598.0,10.0,20.0,2.0,150.0,1.0133333
2599.0,20.0,20.0,2.0,150.0,1.0133333
2600.0,40.0,20.0,2.0,150.0,1.0133333
2601.0,0.0,20.0,2.0,150.0,1.02
2602.0,0.5,20.0,2.0,150.0,1.02
2603.0,1.0,20.0,2.0,150.0,1.02
2604.0,2.0,20.0,2.0,150.0,1.0133333
2605.0,3.0,20.0,2.0,150.0,1.02
2606.0,5.0,20.0,2.0,150.0,1.02
2607.0,10.0,20.0,2.0,150.0,1.0133333
2608.0,20.0,20.0,2.0,150.0,1.0133333
2609.0,40.0,20.0,2.0,150.0,1.0133333
2610.0,0.0,20.0,2.0,150.0,1.02
2611.0,0.5,20.0,2.0,150.0,1.02
2612.0,1.0,20.0,2.0,150.0,1.02
2613.0,2.0,20.0,2.0,150.0,1.0133333
2614.0,3.0,20.0,2.0,150.0,1.02
2615.0,5.0,20.0,2.0,150.0,1.0133333
2616.0,10.0,20.0,2.0,150.0,1.0133333
2617.0,20.0,20.0,2.0,150.0,1.02
2618.0,40.0,20.0,2.0,150.0,1.02
2619.0,0.0,20.0,2.0,150.0,1.02
2620.0,0.5,20.0,2.0,150.0,1.02
2621.0,1.0,20.0,2.0,150.0,1.0133333
2622.0,2.0,20.0,2.0,150.0,1.0133333
2623.0,3.0,20.0,2.0,150.0,1.02
2624.0,5.0,20.0,2.0,150.0,1.02
2625.0,10.0,20.0,2.0,150.0,1.02
2626.0,20.0,20.0,2.0,150.0,1.02
2627.0,40.0,20.0,2.0,150.0,1.02
2628.0,0.0,20.0,2.0,150.0,1.02
2629.0,0.5,20.0,2.0,150.0,1.02
2630.0,1.0,20.0,2.0,150.0,1.02
2631.0,2.0,20.0,2.0,150.0,1.0133333
2632.0,3.0,20.0,2.0,150.0,1.0133333
2633.0,5.0,20.0,2.0,150.0,1.02
2634.0,10.0,20.0,2.0,150.0,1.0133333
2635.0,20.0,20.0,2.0,150.0,1.0133333
2636.0,40.0,20.0,2.0,150.0,1.02
2637.0,0.0,20.0,2.0,150.0,1.02
2638.0,0.5,20.0,2.0,150.0,1.02
2639.0,1.0,20.0,2.0,150.0,1.0133333
2640.0,2.0,20.0,2.0,150.0,1.02
2641.0,3.0,20.0,2.0,150.0,1.02
2642.0,5.0,20.0,2.0,150.0,1.02
2643.0,10.0,20.0,2.0,150.0,1.0133333
2644.0,20.0,20.0,2.0,150.0,1.02
2645.0,40.0,20.0,2.0,150.0,1.02
2646.0,0.0,20.0,2.0,150.0,1.02
2647.0,0.5,20.0,2.0,150.0,1.0133333
2648.0,1.0,20.0,2.0,150.0,1.0133333
2649.0,2.0,20.0,2.0,150.0,1.0133333
2650.0,3.0,20.0,2.0,150.0,1.0133333
2651.0,5.0,20.0,2.0,150.0,1.02
2652.0,10.0,20.0,2.0,150.0,1.0133333
2653.0,20.0,20.0,2.0,150.0,1.0133333
2654.0,40.0,20.0,2.0,150.0,1.02
2655.0,0.0,20.0,2.0,150.0,1.02
2656.0,0.5,20.0,2.0,150.0,1.0133333
2657.0,1.0,20.0,2.0,150.0,1.0133333
2658.0,2.0,20.0,2.0,150.0,1.0133333
2659.0,3.0,20.0,2.0,150.0,1.02
2660.0,5.0,20.0,2.0,150.0,1.0133333
2661.0,10.0,20.0,2.0,150.0,1.02
2662.0,20.0,20.0,2.0,150.0,1.02
2663.0,40.0,20.0,2.0,150.0,1.02
2664.0,0.0,20.0,2.0,150.0,1.02
2665.0,0.5,20.0,2.0,150.0,1.02
2666.0,1.0,20.0,2.0,150.0,1.0133333
2667.0,2.0,20.0,2.0,150.0,1.0133333
2668.0,3.0,20.0,2.0,150.0,1.0133333
2669.0,5.0,20.0,2.0,150.0,1.0133333
2670.0,10.0,20.0,2.0,150.0,1.02
2671.0,20.0,20.0,2.0,150.0,1.02
2672.0,40.0,20.0,2.0,150.0,1.0133333
2673.0,0.0,20.0,2.0,150.0,1.02
2674.0,0.5,20.0,2.0,150.0,1.02
2675.0,1.0,20.0,2.0,150.0,1.02
2676.0,2.0,20.0,2.0,150.0,1.0133333
2677.0,3.0,20.0,2.0,150.0,1.0133333
2678.0,5.0,20.0,2.0,150.0,1.0133333
2679.0,10.0,20.0,2.0,150.0,1.0133333
2680.0,20.0,20.0,2.0,150.0,1.02
2681.0,40.0,20.0,2.0,150.0,1.02
2682.0,0.0,20.0,2.0,150.0,1.02
2683.0,0.5,20.0,2.0,150.0,1.02
2684.0,1.0,20.0,2.0,150.0,1.02
2685.0,2.0,20.0,2.0,150.0,1.02
2686.0,3.0,20.0,2.0,150.0,1.0133333
2687.0,5.0,20.0,2.0,150.0,1.02
2688.0,10.0,20.0,2.0,150.0,1.0133333
2689.0,20.0,20.0,2.0,150.0,1.0133333
2690.0,40.0,20.0,2.0,150.0,1.0133333
2691.0,0.0,20.0,2.0,150.0,1.02
2692.0,0.5,20.0,2.0,150.0,1.02
2693.0,1.0,20.0,2.0,150.0,1.0133333
2694.0,2.0,20.0,2.0,150.0,1.0133333
2695.0,3.0,20.0,2.0,150.0,1.0133333
2696.0,5.0,20.0,2.0,150.0,1.02
2697.0,10.0,20.0,2.0,150.0,1.0133333
2698.0,20.0,20.0,2.0,150.0,1.02
2699.0,40.0,20.0,2.0,150.0,1.02
2700.0,0.0,20.0,2.0,175.0,1.0171429
2701.0,0.5,20.0,2.0,175.0,1.0171429
2702.0,1.0,20.0,2.0,175.0,1.0114286
2703.0,2.0,20.0,2.0,175.0,1.0171429
2704.0,3.0,20.0,2.0,175.0,1.0114286
2705.0,5.0,20.0,2.0,175.0,1.0114286
2706.0,10.0,20.0,2.0,175.0,1.0114286
2707.0,20.0,20.0,2.0,175.0,1.0171429
2708.0,40.0,20.0,2.0,175.0,1.0114286
2709.0,0.0,20.0,2.0,175.0,1.0171429
2710.0,0.5,20.0,2.0,175.0,1.0171429
2711.0,1.0,20.0,2.0,175.0,1.0114286
2712.0,2.0,20.0,2.0,175.0,1.0114286
2713.0,3.0,20.0,2.0,175.0,1.0171429
2714.0,5.0,20.0,2.0,175.0,1.0114286
2715.0,10.0,20.0,2.0,175.0,1.0171429
2716.0,20.0,20.0,2.0,175.0,1.0114286
2717.0,40.0,20.0,2.0,175.0,1.0171429
2718.0,0.0,20.0,2.0,175.0,1.0171429
2719.0,0.5,20.0,2.0,175.0,1.0114286
2720.0,1.0,20.0,2.0,175.0,1.0171429
2721.0,2.0,20.0,2.0,175.0,1.0114286
2722.0,3.0,20.0,2.0,175.0,1.0171429
2723.0,5.0,20.0,2.0,175.0,1.0114286
2724.0,10.0,20.0,2.0,175.0,1.0114286
2725.0,20.0,20.0,2.0,175.0,1.0114286
2726.0,40.0,20.0,2.0,175.0,1.0114286
2727.0,0.0,20.0,2.0,175.0,1.0171429
2728.0,0.5,20.0,2.0,175.0,1.0171429
2729.0,1.0,20.0,2.0,175.0,1.0171429
2730.0,2.0,20.0,2.0,175.0,1.0171429
2731.0,3.0,20.0,2.0,175.0,1.0114286
2732.0,5.0,20.0,2.0,175.0,1.0114286
2733.0,10.0,20.0,2.0,175.0,1.0114286
2734.0,20.0,20.0,2.0,175.0,1.0114286
2735.0,40.0,20.0,2.0,175.0,1.0171429
2736.0,0.0,20.0,2.0,175.0,1.0171429
2737.0,0.5,20.0,2.0,175.0,1.0057143
2738.0,1.0,20.0,2.0,175.0,1.0114286
2739.0,2.0,20.0,2.0,175.0,1.0171429
2740.0,3.0,20.0,2.0,175.0,1.0114286
2741.0,5.0,20.0,2.0,175.0,1.0171429
2742.0,10.0,20.0,2.0,175.0,1.0171429
2743.0,20.0,20.0,2.0,175.0,1.0171429
2744.0,40.0,20.0,2.0,175.0,1.0171429
2745.0,0.0,20.0,2.0,175.0,1.0171429
2746.0,0.5,20.0,2.0,175.0,1.0114286
2747.0,1.0,20.0,2.0,175.0,1.0171429
2748.0,2.0,20.0,2.0,175.0,1.0114286
2749.0,3.0,20.0,2.0,175.0,1.0171429
2750.0,5.0,20.0,2.0,175.0,1.0114286
2751.0,10.0,20.0,2.0,175.0,1.0171429
2752.0,20.0,20.0,2.0,175.0,1.0114286
2753.0,40.0,20.0,2.0,175.0,1.0171429
2754.0,0.0,20.0,2.0,175.0,1.0171429
2755.0,0.5,20.0,2.0,175.0,1.0171429
2756.0,1.0,20.0,2.0,175.0,1.0171429
2757.0,2.0,20.0,2.0,175.0,1.0171429
2758.0,3.0,20.0,2.0,175.0,1.0114286
2759.0,5.0,20.0,2.0,175.0,1.0171429
2760.0,10.0,20.0,2.0,175.0,1.0171429
2761.0,20.0,20.0,2.0,175.0,1.0171429
2762.0,40.0,20.0,2.0,175.0,1.0171429
2763.0,0.0,20.0,2.0,175.0,1.0171429
2764.0,0.5,20.0,2.0,175.0,1.0171429
2765.0,1.0,20.0,2.0,175.0,1.0171429
2766.0,2.0,20.0,2.0,175.0,1.0114286
2767.0,3.0,20.0,2.0,175.0,1.0057143
2768.0,5.0,20.0,2.0,175.0,1.0171429
2769.0,10.0,20.0,2.0,175.0,1.0171429
2770.0,20.0,20.0,2.0,175.0,1.0114286
2771.0,40.0,20.0,2.0,175.0,1.0171429
2772.0,0.0,20.0,2.0,175.0,1.0171429
2773.0,0.5,20.0,2.0,175.0,1.0114286
2774.0,1.0,20.0,2.0,175.0,1.0114286
2775.0,2.0,20.0,2.0,175.0,1.0114286
2776.0,3.0,20.0,2.0,175.0,1.0114286
2777.0,5.0,20.0,2.0,175.0,1.0171429
2778.0,10.0,20.0,2.0,175.0,1.0171429
2779.0,20.0,20.0,2.0,175.0,1.0171429
2780.0,40.0,20.0,2.0,175.0,1.0171429
2781.0,0.0,20.0,2.0,175.0,1.0171429
2782.0,0.5,20.0,2.0,175.0,1.0171429
2783.0,1.0,20.0,2.0,175.0,1.0114286
2784.0,2.0,20.0,2.0,175.0,1.0114286
2785.0,3.0,20.0,2.0,175.0,1.0171429
2786.0,5.0,20.0,2.0,175.0,1.0171429
2787.0,10.0,20.0,2.0,175.0,1.0114286
2788.0,20.0,20.0,2.0,175.0,1.0171429
2789.0,40.0,20.0,2.0,175.0,1.0171429
2790.0,0.0,20.0,2.0,175.0,1.0171429
2791.0,0.5,20.0,2.0,175.0,1.0171429
2792.0,1.0,20.0,2.0,175.0,1.0114286
2793.0,2.0,20.0,2.0,175.0,1.0171429
2794.0,3.0,20.0,2.0,175.0,1.0114286
2795.0,5.0,20.0,2.0,175.0,1.0171429
2796.0,10.0,20.0,2.0,175.0,1.0171429
2797.0,20.0,20.0,2.0,175.0,1.0171429
2798.0,40.0,20.0,2.0,175.0,1.0171429
2799.0,0.0,20.0,2.0,175.0,1.0171429
2800.0,0.5,20.0,2.0,175.0,1.0171429
2801.0,1.0,20.0,2.0,175.0,1.0171429
2802.0,2.0,20.0,2.0,175.0,1.0171429
2803.0,3.0,20.0,2.0,175.0,1.0114286
2804.0,5.0,20.0,2.0,175.0,1.0171429
2805.0,10.0,20.0,2.0,175.0,1.0114286
2806.0,20.0,20.0,2.0,175.0,1.0171429
2807.0,40.0,20.0,2.0,175.0,1.0171429
2808.0,0.0,20.0,2.0,175.0,1.0171429
2809.0,0.5,20.0,2.0,175.0,1.0171429
2810.0,1.0,20.0,2.0,175.0,1.0171429
2811.0,2.0,20.0,2.0,175.0,1.0171429
2812.0,3.0,20.0,2.0,175.0,1.0171429
2813.0,5.0,20.0,2.0,175.0,1.0171429
2814.0,10.0,20.0,2.0,175.0,1.0171429
2815.0,20.0,20.0,2.0,175.0,1.0171429
2816.0,40.0,20.0,2.0,175.0,1.0171429
2817.0,0.0,20.0,2.0,175.0,1.0171429
2818.0,0.5,20.0,2.0,175.0,1.0171429
2819.0,1.0,20.0,2.0,175.0,1.0114286
2820.0,2.0,20.0,2.0,175.0,1.0114286
2821.0,3.0,20.0,2.0,175.0,1.0171429
2822.0,5.0,20.0,2.0,175.0,1.0171429
2823.0,10.0,20.0,2.0,175.0,1.0171429
2824.0,20.0,20.0,2.0,175.0,1.0171429
2825.0,40.0,20.0,2.0,175.0,1.0171429
2826.0,0.0,20.0,2.0,175.0,1.0171429
2827.0,0.5,20.0,2.0,175.0,1.0171429
2828.0,1.0,20.0,2.0,175.0,1.0114286
2829.0,2.0,20.0,2.0,175.0,1.0171429
2830.0,3.0,20.0,2.0,175.0,1.0114286
2831.0,5.0,20.0,2.0,175.0,1.0114286
2832.0,10.0,20.0,2.0,175.0,1.0114286
2833.0,20.0,20.0,2.0,175.0,1.0114286
2834.0,40.0,20.0,2.0,175.0,1.0171429
2835.0,0.0,20.0,2.0,175.0,1.0171429
2836.0,0.5,20.0,2.0,175.0,1.0171429
2837.0,1.0,20.0,2.0,175.0,1.0114286
2838.0,2.0,20.0,2.0,175.0,1.0114286
2839.0,3.0,20.0,2.0,175.0,1.0114286
2840.0,5.0,20.0,2.0,175.0,1.0171429
2841.0,10.0,20.0,2.0,175.0,1.0171429
2842.0,20.0,20.0,2.0,175.0,1.0171429
2843.0,40.0,20.0,2.0,175.0,1.0171429
2844.0,0.0,20.0,2.0,175.0,1.0171429
2845.0,0.5,20.0,2.0,175.0,1.0171429
2846.0,1.0,20.0,2.0,175.0,1.0114286
2847.0,2.0,20.0,2.0,175.0,1.0114286
2848.0,3.0,20.0,2.0,175.0,1.0171429
2849.0,5.0,20.0,2.0,175.0,1.0171429
2850.0,10.0,20.0,2.0,175.0,1.0171429
2851.0,20.0,20.0,2.0,175.0,1.0171429
2852.0,40.0,20.0,2.0,175.0,1.0171429
2853.0,0.0,20.0,2.0,175.0,1.0171429
2854.0,0.5,20.0,2.0,175.0,1.0114286
2855.0,1.0,20.0,2.0,175.0,1.0171429
2856.0,2.0,20.0,2.0,175.0,1.0171429
2857.0,3.0,20.0,2.0,175.0,1.0114286
2858.0,5.0,20.0,2.0,175.0,1.0114286
2859.0,10.0,20.0,2.0,175.0,1.0114286
2860.0,20.0,20.0,2.0,175.0,1.0114286
2861.0,40.0,20.0,2.0,175.0,1.0171429
2862.0,0.0,20.0,2.0,175.0,1.0171429
2863.0,0.5,20.0,2.0,175.0,1.0171429
2864.0,1.0,20.0,2.0,175.0,1.0114286
2865.0,2.0,20.0,2.0,175.0,1.0114286
2866.0,3.0,20.0,2.0,175.0,1.0171429
2867.0,5.0,20.0,2.0,175.0,1.0171429
2868.0,10.0,20.0,2.0,175.0,1.0114286
2869.0,20.0,20.0,2.0,175.0,1.0114286
2870.0,40.0,20.0,2.0,175.0,1.0171429
2871.0,0.0,20.0,2.0,175.0,1.0171429
2872.0,0.5,20.0,2.0,175.0,1.0114286
2873.0,1.0,20.0,2.0,175.0,1.0171429
2874.0,2.0,20.0,2.0,175.0,1.0114286
2875.0,3.0,20.0,2.0,175.0,1.0171429
2876.0,5.0,20.0,2.0,175.0,1.0171429
2877.0,10.0,20.0,2.0,175.0,1.0114286
2878.0,20.0,20.0,2.0,175.0,1.0171429
2879.0,40.0,20.0,2.0,175.0,1.0171429
2880.0,0.0,20.0,2.0,175.0,1.0171429
2881.0,0.5,20.0,2.0,175.0,1.0114286
2882.0,1.0,20.0,2.0,175.0,1.0171429
2883.0,2.0,20.0,2.0,175.0,1.0171429
2884.0,3.0,20.0,2.0,175.0,1.0114286
2885.0,5.0,20.0,2.0,175.0,1.0171429
2886.0,10.0,20.0,2.0,175.0,1.0171429
2887.0,20.0,20.0,2.0,175.0,1.0114286
2888.0,40.0,20.0,2.0,175.0,1.0171429
2889.0,0.0,20.0,2.0,175.0,1.0171429
2890.0,0.5,20.0,2.0,175.0,1.0171429
2891.0,1.0,20.0,2.0,175.0,1.0171429
2892.0,2.0,20.0,2.0,175.0,1.0114286
2893.0,3.0,20.0,2.0,175.0,1.0171429
2894.0,5.0,20.0,2.0,175.0,1.0114286
2895.0,10.0,20.0,2.0,175.0,1.0171429
2896.0,20.0,20.0,2.0,175.0,1.0171429
2897.0,40.0,20.0,2.0,175.0,1.0171429
2898.0,0.0,20.0,2.0,175.0,1.0171429
2899.0,0.5,20.0,2.0,175.0,1.0114286
2900.0,1.0,20.0,2.0,175.0,1.0114286
2901.0,2.0,20.0,2.0,175.0,1.0171429
2902.0,3.0,20.0,2.0,175.0,1.0171429
2903.0,5.0,20.0,2.0,175.0,1.0171429
2904.0,10.0,20.0,2.0,175.0,1.0114286
2905.0,20.0,20.0,2.0,175.0,1.0171429
2906.0,40.0,20.0,2.0,175.0,1.0114286
2907.0,0.0,20.0,2.0,175.0,1.0171429
2908.0,0.5,20.0,2.0,175.0,1.0171429
2909.0,1.0,20.0,2.0,175.0,1.0171429
2910.0,2.0,20.0,2.0,175.0,1.0114286
2911.0,3.0,20.0,2.0,175.0,1.0114286
2912.0,5.0,20.0,2.0,175.0,1.0114286
2913.0,10.0,20.0,2.0,175.0,1.0171429
2914.0,20.0,20.0,2.0,175.0,1.0171429
2915.0,40.0,20.0,2.0,175.0,1.0114286
2916.0,0.0,20.0,2.0,175.0,1.0171429
2917.0,0.5,20.0,2.0,175.0,1.0171429
2918.0,1.0,20.0,2.0,175.0,1.0114286
2919.0,2.0,20.0,2.0,175.0,1.0114286
2920.0,3.0,20.0,2.0,175.0,1.0171429
2921.0,5.0,20.0,2.0,175.0,1.0114286
2922.0,10.0,20.0,2.0,175.0,1.0114286
2923.0,20.0,20.0,2.0,175.0,1.0114286
2924.0,40.0,20.0,2.0,175.0,1.0114286
2925.0,0.0,20.0,2.0,175.0,1.0171429
2926.0,0.5,20.0,2.0,175.0,1.0171429
2927.0,1.0,20.0,2.0,175.0,1.0057143
2928.0,2.0,20.0,2.0,175.0,1.0114286
2929.0,3.0,20.0,2.0,175.0,1.0171429
2930.0,5.0,20.0,2.0,175.0,1.0114286
2931.0,10.0,20.0,2.0,175.0,1.0171429
2932.0,20.0,20.0,2.0,175.0,1.0171429
2933.0,40.0,20.0,2.0,175.0,1.0171429
2934.0,0.0,20.0,2.0,175.0,1.0171429
2935.0,0.5,20.0,2.0,175.0,1.0171429
2936.0,1.0,20.0,2.0,175.0,1.0114286
2937.0,2.0,20.0,2.0,175.0,1.0114286
2938.0,3.0,20.0,2.0,175.0,1.0114286
2939.0,5.0,20.0,2.0,175.0,1.0171429
2940.0,10.0,20.0,2.0,175.0,1.0114286
2941.0,20.0,20.0,2.0,175.0,1.0114286
2942.0,40.0,20.0,2.0,175.0,1.0171429
2943.0,0.0,20.0,2.0,175.0,1.0171429
2944.0,0.5,20.0,2.0,175.0,1.0114286
2945.0,1.0,20.0,2.0,175.0,1.0171429
2946.0,2.0,20.0,2.0,175.0,1.0171429
2947.0,3.0,20.0,2.0,175.0,1.0114286
2948.0,5.0,20.0,2.0,175.0,1.0114286
2949.0,10.0,20.0,2.0,175.0,1.0171429
2950.0,20.0,20.0,2.0,175.0,1.0171429
2951.0,40.0,20.0,2.0,175.0,1.0114286
2952.0,0.0,20.0,2.0,175.0,1.0171429
2953.0,0.5,20.0,2.0,175.0,1.0114286
2954.0,1.0,20.0,2.0,175.0,1.0171429
2955.0,2.0,20.0,2.0,175.0,1.0171429
2956.0,3.0,20.0,2.0,175.0,1.0114286
2957.0,5.0,20.0,2.0,175.0,1.0114286
2958.0,10.0,20.0,2.0,175.0,1.0114286
2959.0,20.0,20.0,2.0,175.0,1.0171429
2960.0,40.0,20.0,2.0,175.0,1.0114286
2961.0,0.0,20.0,2.0,175.0,1.0171429
2962.0,0.5,20.0,2.0,175.0,1.0171429
2963.0,1.0,20.0,2.0,175.0,1.0114286
2964.0,2.0,20.0,2.0,175.0,1.0171429
2965.0,3.0,20.0,2.0,175.0,1.0171429
2966.0,5.0,20.0,2.0,175.0,1.0171429
2967.0,10.0,20.0,2.0,175.0,1.0171429
2968.0,20.0,20.0,2.0,175.0,1.0114286
2969.0,40.0,20.0,2.0,175.0,1.0171429
2970.0,0.0,20.0,2.0,175.0,1.0171429
2971.0,0.5,20.0,2.0,175.0,1.0171429
2972.0,1.0,20.0,2.0,175.0,1.0171429
2973.0,2.0,20.0,2.0,175.0,1.0114286
2974.0,3.0,20.0,2.0,175.0,1.0171429
2975.0,5.0,20.0,2.0,175.0,1.0171429
2976.0,10.0,20.0,2.0,175.0,1.0114286
2977.0,20.0,20.0,2.0,175.0,1.0171429
2978.0,40.0,20.0,2.0,175.0,1.0171429
2979.0,0.0,20.0,2.0,175.0,1.0171429
2980.0,0.5,20.0,2.0,175.0,1.0171429
2981.0,1.0,20.0,2.0,175.0,1.0114286
2982.0,2.0,20.0,2.0,175.0,1.0114286
2983.0,3.0,20.0,2.0,175.0,1.0171429
2984.0,5.0,20.0,2.0,175.0,1.0171429
2985.0,10.0,20.0,2.0,175.0,1.0171429
2986.0,20.0,20.0,2.0,175.0,1.0114286
2987.0,40.0,20.0,2.0,175.0,1.0171429
2988.0,0.0,20.0,2.0,175.0,1.0171429
2989.0,0.5,20.0,2.0,175.0,1.0114286
2990.0,1.0,20.0,2.0,175.0,1.0114286
2991.0,2.0,20.0,2.0,175.0,1.0171429
2992.0,3.0,20.0,2.0,175.0,1.0171429
2993.0,5.0,20.0,2.0,175.0,1.0114286
2994.0,10.0,20.0,2.0,175.0,1.0171429
2995.0,20.0,20.0,2.0,175.0,1.0114286
2996.0,40.0,20.0,2.0,175.0,1.0171429
2997.0,0.0,20.0,2.0,175.0,1.0171429
2998.0,0.5,20.0,2.0,175.0,1.0114286
2999.0,1.0,20.0,2.0,175.0,1.0171429
3000.0,2.0,20.0,2.0,175.0,1.0114286
3001.0,3.0,20.0,2.0,175.0,1.0171429
3002.0,5.0,20.0,2.0,175.0,1.0114286
3003.0,10.0,20.0,2.0,175.0,1.0114286
3004.0,20.0,20.0,2.0,175.0,1.0114286
3005.0,40.0,20.0,2.0,175.0,1.0114286
3006.0,0.0,20.0,2.0,175.0,1.0171429
3007.0,0.5,20.0,2.0,175.0,1.0171429
3008.0,1.0,20.0,2.0,175.0,1.0114286
3009.0,2.0,20.0,2.0,175.0,1.0114286
3010.0,3.0,20.0,2.0,175.0,1.0171429
3011.0,5.0,20.0,2.0,175.0,1.0171429
3012.0,10.0,20.0,2.0,175.0,1.0171429
3013.0,20.0,20.0,2.0,175.0,1.0171429
3014.0,40.0,20.0,2.0,175.0,1.0171429
3015.0,0.0,20.0,2.0,175.0,1.0171429
3016.0,0.5,20.0,2.0,175.0,1.0171429
3017.0,1.0,20.0,2.0,175.0,1.0114286
3018.0,2.0,20.0,2.0,175.0,1.0171429
3019.0,3.0,20.0,2.0,175.0,1.0114286
3020.0,5.0,20.0,2.0,175.0,1.0114286
3021.0,10.0,20.0,2.0,175.0,1.0171429
3022.0,20.0,20.0,2.0,175.0,1.0171429
3023.0,40.0,20.0,2.0,175.0,1.0114286
3024.0,0.0,20.0,2.0,175.0,1.0171429
3025.0,0.5,20.0,2.0,175.0,1.0171429
3026.0,1.0,20.0,2.0,175.0,1.0171429
3027.0,2.0,20.0,2.0,175.0,1.0114286
3028.0,3.0,20.0,2.0,175.0,1.0114286
3029.0,5.0,20.0,2.0,175.0,1.0171429
3030.0,10.0,20.0,2.0,175.0,1.0171429
3031.0,20.0,20.0,2.0,175.0,1.0114286
3032.0,40.0,20.0,2.0,175.0,1.0171429
3033.0,0.0,20.0,2.0,175.0,1.0171429
3034.0,0.5,20.0,2.0,175.0,1.0171429
3035.0,1.0,20.0,2.0,175.0,1.0114286
3036.0,2.0,20.0,2.0,175.0,1.0114286
3037.0,3.0,20.0,2.0,175.0,1.0171429
3038.0,5.0,20.0,2.0,175.0,1.0171429
3039.0,10.0,20.0,2.0,175.0,1.0171429
3040.0,20.0,20.0,2.0,175.0,1.0171429
3041.0,40.0,20.0,2.0,175.0,1.0171429
3042.0,0.0,20.0,2.0,175.0,1.0171429
3043.0,0.5,20.0,2.0,175.0,1.0171429
3044.0,1.0,20.0,2.0,175.0,1.0171429
3045.0,2.0,20.0,2.0,175.0,1.0114286
3046.0,3.0,20.0,2.0,175.0,1.0171429
3047.0,5.0,20.0,2.0,175.0,1.0114286
3048.0,10.0,20.0,2.0,175.0,1.0171429
3049.0,20.0,20.0,2.0,175.0,1.0114286
3050.0,40.0,20.0,2.0,175.0,1.0114286
3051.0,0.0,20.0,2.0,175.0,1.0171429
3052.0,0.5,20.0,2.0,175.0,1.0171429
3053.0,1.0,20.0,2.0,175.0,1.0171429
3054.0,2.0,20.0,2.0,175.0,1.0171429
3055.0,3.0,20.0,2.0,175.0,1.0114286
3056.0,5.0,20.0,2.0,175.0,1.0171429
3057.0,10.0,20.0,2.0,175.0,1.0171429
3058.0,20.0,20.0,2.0,175.0,1.0114286
3059.0,40.0,20.0,2.0,175.0,1.0171429
3060.0,0.0,20.0,2.0,175.0,1.0171429
3061.0,0.5,20.0,2.0,175.0,1.0171429
3062.0,1.0,20.0,2.0,175.0,1.0114286
3063.0,2.0,20.0,2.0,175.0,1.0171429
3064.0,3.0,20.0,2.0,175.0,1.0114286
3065.0,5.0,20.0,2.0,175.0,1.0114286
3066.0,10.0,20.0,2.0,175.0,1.0171429
3067.0,20.0,20.0,2.0,175.0,1.0171429
3068.0,40.0,20.0,2.0,175.0,1.0171429
3069.0,0.0,20.0,2.0,175.0,1.0171429
3070.0,0.5,20.0,2.0,175.0,1.0171429
3071.0,1.0,20.0,2.0,175.0,1.0171429
3072.0,2.0,20.0,2.0,175.0,1.0114286
3073.0,3.0,20.0,2.0,175.0,1.0171429
3074.0,5.0,20.0,2.0,175.0,1.0171429
3075.0,10.0,20.0,2.0,175.0,1.0171429
3076.0,20.0,20.0,2.0,175.0,1.0171429
3077.0,40.0,20.0,2.0,175.0,1.0171429
3078.0,0.0,20.0,2.0,175.0,1.0171429
3079.0,0.5,20.0,2.0,175.0,1.0114286
3080.0,1.0,20.0,2.0,175.0,1.0171429
3081.0,2.0,20.0,2.0,175.0,1.0114286
3082.0,3.0,20.0,2.0,175.0,1.0171429
3083.0,5.0,20.0,2.0,175.0,1.0171429
3084.0,10.0,20.0,2.0,175.0,1.0114286
3085.0,20.0,20.0,2.0,175.0,1.0171429
3086.0,40.0,20.0,2.0,175.0,1.0171429
3087.0,0.0,20.0,2.0,175.0,1.0171429
3088.0,0.5,20.0,2.0,175.0,1.0171429
3089.0,1.0,20.0,2.0,175.0,1.0171429
3090.0,2.0,20.0,2.0,175.0,1.0171429
3091.0,3.0,20.0,2.0,175.0,1.0114286
3092.0,5.0,20.0,2.0,175.0,1.0171429
3093.0,10.0,20.0,2.0,175.0,1.0114286
3094.0,20.0,20.0,2.0,175.0,1.0171429
3095.0,40.0,20.0,2.0,175.0,1.0171429
3096.0,0.0,20.0,2.0,175.0,1.0171429
3097.0,0.5,20.0,2.0,175.0,1.0171429
3098.0,1.0,20.0,2.0,175.0,1.0114286
3099.0,2.0,20.0,2.0,175.0,1.0171429
3100.0,3.0,20.0,2.0,175.0,1.0171429
3101.0,5.0,20.0,2.0,175.0,1.0114286
3102.0,10.0,20.0,2.0,175.0,1.0171429
3103.0,20.0,20.0,2.0,175.0,1.0114286
3104.0,40.0,20.0,2.0,175.0,1.0057143
3105.0,0.0,20.0,2.0,175.0,1.0171429
3106.0,0.5,20.0,2.0,175.0,1.0171429
3107.0,1.0,20.0,2.0,175.0,1.0114286
3108.0,2.0,20.0,2.0,175.0,1.0114286
3109.0,3.0,20.0,2.0,175.0,1.0114286
3110.0,5.0,20.0,2.0,175.0,1.0114286
3111.0,10.0,20.0,2.0,175.0,1.0114286
3112.0,20.0,20.0,2.0,175.0,1.0171429
3113.0,40.0,20.0,2.0,175.0,1.0171429
3114.0,0.0,20.0,2.0,175.0,1.0171429
3115.0,0.5,20.0,2.0,175.0,1.0171429
3116.0,1.0,20.0,2.0,175.0,1.0114286
3117.0,2.0,20.0,2.0,175.0,1.0171429
3118.0,3.0,20.0,2.0,175.0,1.0114286
3119.0,5.0,20.0,2.0,175.0,1.0171429
3120.0,10.0,20.0,2.0,175.0,1.0114286
3121.0,20.0,20.0,2.0,175.0,1.0171429
3122.0,40.0,20.0,2.0,175.0,1.0171429
3123.0,0.0,20.0,2.0,175.0,1.0171429
3124.0,0.5,20.0,2.0,175.0,1.0114286
3125.0,1.0,20.0,2.0,175.0,1.0171429
3126.0,2.0,20.0,2.0,175.0,1.0171429
3127.0,3.0,20.0,2.0,175.0,1.0171429
3128.0,5.0,20.0,2.0,175.0,1.0114286
3129.0,10.0,20.0,2.0,175.0,1.0171429
3130.0,20.0,20.0,2.0,175.0,1.0114286
3131.0,40.0,20.0,2.0,175.0,1.0171429
3132.0,0.0,20.0,2.0,175.0,1.0171429
3133.0,0.5,20.0,2.0,175.0,1.0171429
3134.0,1.0,20.0,2.0,175.0,1.0171429
3135.0,2.0,20.0,2.0,175.0,1.0114286
3136.0,3.0,20.0,2.0,175.0,1.0171429
3137.0,5.0,20.0,2.0,175.0,1.0171429
3138.0,10.0,20.0,2.0,175.0,1.0171429
3139.0,20.0,20.0,2.0,175.0,1.0114286
3140.0,40.0,20.0,2.0,175.0,1.0171429
3141.0,0.0,20.0,2.0,175.0,1.0171429
3142.0,0.5,20.0,2.0,175.0,1.0171429
3143.0,1.0,20.0,2.0,175.0,1.0171429
3144.0,2.0,20.0,2.0,175.0,1.0114286
3145.0,3.0,20.0,2.0,175.0,1.0114286
3146.0,5.0,20.0,2.0,175.0,1.0114286
3147.0,10.0,20.0,2.0,175.0,1.0114286
3148.0,20.0,20.0,2.0,175.0,1.0171429
3149.0,40.0,20.0,2.0,175.0,1.0171429
3150.0,0.0,20.0,2.0,200.0,1.015
3151.0,0.5,20.0,2.0,200.0,1.01
3152.0,1.0,20.0,2.0,200.0,1.01
3153.0,2.0,20.0,2.0,200.0,1.01
3154.0,3.0,20.0,2.0,200.0,1.015
3155.0,5.0,20.0,2.0,200.0,1.01
3156.0,10.0,20.0,2.0,200.0,1.015
3157.0,20.0,20.0,2.0,200.0,1.015
3158.0,40.0,20.0,2.0,200.0,1.015
3159.0,0.0,20.0,2.0,200.0,1.015
3160.0,0.5,20.0,2.0,200.0,1.01
3161.0,1.0,20.0,2.0,200.0,1.015
3162.0,2.0,20.0,2.0,200.0,1.01
3163.0,3.0,20.0,2.0,200.0,1.01
3164.0,5.0,20.0,2.0,200.0,1.015
3165.0,10.0,20.0,2.0,200.0,1.015
3166.0,20.0,20.0,2.0,200.0,1.015
3167.0,40.0,20.0,2.0,200.0,1.015
3168.0,0.0,20.0,2.0,200.0,1.015
3169.0,0.5,20.0,2.0,200.0,1.015
3170.0,1.0,20.0,2.0,200.0,1.015
3171.0,2.0,20.0,2.0,200.0,1.01
3172.0,3.0,20.0,2.0,200.0,1.015
3173.0,5.0,20.0,2.0,200.0,1.015
3174.0,10.0,20.0,2.0,200.0,1.01
3175.0,20.0,20.0,2.0,200.0,1.015
3176.0,40.0,20.0,2.0,200.0,1.015
3177.0,0.0,20.0,2.0,200.0,1.015
3178.0,0.5,20.0,2.0,200.0,1.015
3179.0,1.0,20.0,2.0,200.0,1.015
3180.0,2.0,20.0,2.0,200.0,1.015
3181.0,3.0,20.0,2.0,200.0,1.01
3182.0,5.0,20.0,2.0,200.0,1.015
3183.0,10.0,20.0,2.0,200.0,1.015
3184.0,20.0,20.0,2.0,200.0,1.015
3185.0,40.0,20.0,2.0,200.0,1.015
3186.0,0.0,20.0,2.0,200.0,1.015
3187.0,0.5,20.0,2.0,200.0,1.015
3188.0,1.0,20.0,2.0,200.0,1.005
3189.0,2.0,20.0,2.0,200.0,1.015
3190.0,3.0,20.0,2.0,200.0,1.015
3191.0,5.0,20.0,2.0,200.0,1.01
3192.0,10.0,20.0,2.0,200.0,1.01
3193.0,20.0,20.0,2.0,200.0,1.015
3194.0,40.0,20.0,2.0,200.0,1.015
3195.0,0.0,20.0,2.0,200.0,1.015
3196.0,0.5,20.0,2.0,200.0,1.01
3197.0,1.0,20.0,2.0,200.0,1.015
3198.0,2.0,20.0,2.0,200.0,1.01
3199.0,3.0,20.0,2.0,200.0,1.015
3200.0,5.0,20.0,2.0,200.0,1.01
3201.0,10.0,20.0,2.0,200.0,1.015
3202.0,20.0,20.0,2.0,200.0,1.015
3203.0,40.0,20.0,2.0,200.0,1.015
3204.0,0.0,20.0,2.0,200.0,1.015
3205.0,0.5,20.0,2.0,200.0,1.01
3206.0,1.0,20.0,2.0,200.0,1.01
3207.0,2.0,20.0,2.0,200.0,1.01
3208.0,3.0,20.0,2.0,200.0,1.015
3209.0,5.0,20.0,2.0,200.0,1.015
3210.0,10.0,20.0,2.0,200.0,1.01
3211.0,20.0,20.0,2.0,200.0,1.015
3212.0,40.0,20.0,2.0,200.0,1.015
3213.0,0.0,20.0,2.0,200.0,1.015
3214.0,0.5,20.0,2.0,200.0,1.015
3215.0,1.0,20.0,2.0,200.0,1.015
3216.0,2.0,20.0,2.0,200.0,1.01
3217.0,3.0,20.0,2.0,200.0,1.01
3218.0,5.0,20.0,2.0,200.0,1.01
3219.0,10.0,20.0,2.0,200.0,1.01
3220.0,20.0,20.0,2.0,200.0,1.015
3221.0,40.0,20.0,2.0,200.0,1.015
3222.0,0.0,20.0,2.0,200.0,1.015
3223.0,0.5,20.0,2.0,200.0,1.015
3224.0,1.0,20.0,2.0,200.0,1.015
3225.0,2.0,20.0,2.0,200.0,1.015
3226.0,3.0,20.0,2.0,200.0,1.01
3227.0,5.0,20.0,2.0,200.0,1.015
3228.0,10.0,20.0,2.0,200.0,1.01
3229.0,20.0,20.0,2.0,200.0,1.015
3230.0,40.0,20.0,2.0,200.0,1.015
3231.0,0.0,20.0,2.0,200.0,1.015
3232.0,0.5,20.0,2.0,200.0,1.015
3233.0,1.0,20.0,2.0,200.0,1.015
3234.0,2.0,20.0,2.0,200.0,1.015
3235.0,3.0,20.0,2.0,200.0,1.015
3236.0,5.0,20.0,2.0,200.0,1.01
3237.0,10.0,20.0,2.0,200.0,1.01
3238.0,20.0,20.0,2.0,200.0,1.015
3239.0,40.0,20.0,2.0,200.0,1.015
3240.0,0.0,20.0,2.0,200.0,1.015
3241.0,0.5,20.0,2.0,200.0,1.015
3242.0,1.0,20.0,2.0,200.0,1.01
3243.0,2.0,20.0,2.0,200.0,1.01
3244.0,3.0,20.0,2.0,200.0,1.015
3245.0,5.0,20.0,2.0,200.0,1.015
3246.0,10.0,20.0,2.0,200.0,1.01
3247.0,20.0,20.0,2.0,200.0,1.01
3248.0,40.0,20.0,2.0,200.0,1.015
3249.0,0.0,20.0,2.0,200.0,1.015
3250.0,0.5,20.0,2.0,200.0,1.015
3251.0,1.0,20.0,2.0,200.0,1.015
3252.0,2.0,20.0,2.0,200.0,1.01
3253.0,3.0,20.0,2.0,200.0,1.01
3254.0,5.0,20.0,2.0,200.0,1.015
3255.0,10.0,20.0,2.0,200.0,1.015
3256.0,20.0,20.0,2.0,200.0,1.015
3257.0,40.0,20.0,2.0,200.0,1.015
3258.0,0.0,20.0,2.0,200.0,1.015
3259.0,0.5,20.0,2.0,200.0,1.015
3260.0,1.0,20.0,2.0,200.0,1.015
3261.0,2.0,20.0,2.0,200.0,1.015
3262.0,3.0,20.0,2.0,200.0,1.005
3263.0,5.0,20.0,2.0,200.0,1.01
3264.0,10.0,20.0,2.0,200.0,1.01
3265.0,20.0,20.0,2.0,200.0,1.015
3266.0,40.0,20.0,2.0,200.0,1.01
3267.0,0.0,20.0,2.0,200.0,1.015
3268.0,0.5,20.0,2.0,200.0,1.015
3269.0,1.0,20.0,2.0,200.0,1.015
3270.0,2.0,20.0,2.0,200.0,1.01
3271.0,3.0,20.0,2.0,200.0,1.015
3272.0,5.0,20.0,2.0,200.0,1.01
3273.0,10.0,20.0,2.0,200.0,1.015
3274.0,20.0,20.0,2.0,200.0,1.015
3275.0,40.0,20.0,2.0,200.0,1.01
3276.0,0.0,20.0,2.0,200.0,1.015
3277.0,0.5,20.0,2.0,200.0,1.01
3278.0,1.0,20.0,2.0,200.0,1.015
3279.0,2.0,20.0,2.0,200.0,1.01
3280.0,3.0,20.0,2.0,200.0,1.015
3281.0,5.0,20.0,2.0,200.0,1.015
3282.0,10.0,20.0,2.0,200.0,1.01
3283.0,20.0,20.0,2.0,200.0,1.015
3284.0,40.0,20.0,2.0,200.0,1.01
3285.0,0.0,20.0,2.0,200.0,1.015
3286.0,0.5,20.0,2.0,200.0,1.015
3287.0,1.0,20.0,2.0,200.0,1.01
3288.0,2.0,20.0,2.0,200.0,1.015
3289.0,3.0,20.0,2.0,200.0,1.015
3290.0,5.0,20.0,2.0,200.0,1.01
3291.0,10.0,20.0,2.0,200.0,1.01
3292.0,20.0,20.0,2.0,200.0,1.015
3293.0,40.0,20.0,2.0,200.0,1.015
3294.0,0.0,20.0,2.0,200.0,1.015
3295.0,0.5,20.0,2.0,200.0,1.015
3296.0,1.0,20.0,2.0,200.0,1.015
3297.0,2.0,20.0,2.0,200.0,1.015
3298.0,3.0,20.0,2.0,200.0,1.01
3299.0,5.0,20.0,2.0,200.0,1.015
3300.0,10.0,20.0,2.0,200.0,1.015
3301.0,20.0,20.0,2.0,200.0,1.015
3302.0,40.0,20.0,2.0,200.0,1.015
3303.0,0.0,20.0,2.0,200.0,1.015
3304.0,0.5,20.0,2.0,200.0,1.015
3305.0,1.0,20.0,2.0,200.0,1.01
3306.0,2.0,20.0,2.0,200.0,1.015
3307.0,3.0,20.0,2.0,200.0,1.01
3308.0,5.0,20.0,2.0,200.0,1.015
3309.0,10.0,20.0,2.0,200.0,1.015
3310.0,20.0,20.0,2.0,200.0,1.015
3311.0,40.0,20.0,2.0,200.0,1.01
3312.0,0.0,20.0,2.0,200.0,1.015
3313.0,0.5,20.0,2.0,200.0,1.015
3314.0,1.0,20.0,2.0,200.0,1.015
3315.0,2.0,20.0,2.0,200.0,1.015
3316.0,3.0,20.0,2.0,200.0,1.015
3317.0,5.0,20.0,2.0,200.0,1.015
3318.0,10.0,20.0,2.0,200.0,1.01
3319.0,20.0,20.0,2.0,200.0,1.015
3320.0,40.0,20.0,2.0,200.0,1.015
3321.0,0.0,20.0,2.0,200.0,1.015
3322.0,0.5,20.0,2.0,200.0,1.015
3323.0,1.0,20.0,2.0,200.0,1.015
3324.0,2.0,20.0,2.0,200.0,1.015
3325.0,3.0,20.0,2.0,200.0,1.01
3326.0,5.0,20.0,2.0,200.0,1.01
3327.0,10.0,20.0,2.0,200.0,1.01
3328.0,20.0,20.0,2.0,200.0,1.01
3329.0,40.0,20.0,2.0,200.0,1.015
3330.0,0.0,20.0,2.0,200.0,1.015
3331.0,0.5,20.0,2.0,200.0,1.015
3332.0,1.0,20.0,2.0,200.0,1.015
3333.0,2.0,20.0,2.0,200.0,1.01
3334.0,3.0,20.0,2.0,200.0,1.01
3335.0,5.0,20.0,2.0,200.0,1.01
3336.0,10.0,20.0,2.0,200.0,1.015
3337.0,20.0,20.0,2.0,200.0,1.015
3338.0,40.0,20.0,2.0,200.0,1.015
3339.0,0.0,20.0,2.0,200.0,1.015
3340.0,0.5,20.0,2.0,200.0,1.015
3341.0,1.0,20.0,2.0,200.0,1.015
3342.0,2.0,20.0,2.0,200.0,1.015
3343.0,3.0,20.0,2.0,200.0,1.015
3344.0,5.0,20.0,2.0,200.0,1.01
3345.0,10.0,20.0,2.0,200.0,1.015
3346.0,20.0,20.0,2.0,200.0,1.01
3347.0,40.0,20.0,2.0,200.0,1.015
3348.0,0.0,20.0,2.0,200.0,1.015
3349.0,0.5,20.0,2.0,200.0,1.015
3350.0,1.0,20.0,2.0,200.0,1.015
3351.0,2.0,20.0,2.0,200.0,1.01
3352.0,3.0,20.0,2.0,200.0,1.005
3353.0,5.0,20.0,2.0,200.0,1.015
3354.0,10.0,20.0,2.0,200.0,1.015
3355.0,20.0,20.0,2.0,200.0,1.01
3356.0,40.0,20.0,2.0,200.0,1.015
3357.0,0.0,20.0,2.0,200.0,1.015
3358.0,0.5,20.0,2.0,200.0,1.015
3359.0,1.0,20.0,2.0,200.0,1.015
3360.0,2.0,20.0,2.0,200.0,1.01
3361.0,3.0,20.0,2.0,200.0,1.01
3362.0,5.0,20.0,2.0,200.0,1.01
3363.0,10.0,20.0,2.0,200.0,1.01
3364.0,20.0,20.0,2.0,200.0,1.015
3365.0,40.0,20.0,2.0,200.0,1.015
3366.0,0.0,20.0,2.0,200.0,1.015
3367.0,0.5,20.0,2.0,200.0,1.015
3368.0,1.0,20.0,2.0,200.0,1.015
3369.0,2.0,20.0,2.0,200.0,1.01
3370.0,3.0,20.0,2.0,200.0,1.01
3371.0,5.0,20.0,2.0,200.0,1.015
3372.0,10.0,20.0,2.0,200.0,1.01
3373.0,20.0,20.0,2.0,200.0,1.01
3374.0,40.0,20.0,2.0,200.0,1.015
3375.0,0.0,20.0,2.0,200.0,1.015
3376.0,0.5,20.0,2.0,200.0,1.015
3377.0,1.0,20.0,2.0,200.0,1.015
3378.0,2.0,20.0,2.0,200.0,1.01
3379.0,3.0,20.0,2.0,200.0,1.015
3380.0,5.0,20.0,2.0,200.0,1.015
3381.0,10.0,20.0,2.0,200.0,1.01
3382.0,20.0,20.0,2.0,200.0,1.01
3383.0,40.0,20.0,2.0,200.0,1.015
3384.0,0.0,20.0,2.0,200.0,1.015
3385.0,0.5,20.0,2.0,200.0,1.015
3386.0,1.0,20.0,2.0,200.0,1.01
3387.0,2.0,20.0,2.0,200.0,1.01
3388.0,3.0,20.0,2.0,200.0,1.015
3389.0,5.0,20.0,2.0,200.0,1.015
3390.0,10.0,20.0,2.0,200.0,1.01
3391.0,20.0,20.0,2.0,200.0,1.015
3392.0,40.0,20.0,2.0,200.0,1.01
3393.0,0.0,20.0,2.0,200.0,1.015
3394.0,0.5,20.0,2.0,200.0,1.015
3395.0,1.0,20.0,2.0,200.0,1.015
3396.0,2.0,20.0,2.0,200.0,1.01
3397.0,3.0,20.0,2.0,200.0,1.015
3398.0,5.0,20.0,2.0,200.0,1.015
3399.0,10.0,20.0,2.0,200.0,1.01
3400.0,20.0,20.0,2.0,200.0,1.01
3401.0,40.0,20.0,2.0,200.0,1.015
3402.0,0.0,20.0,2.0,200.0,1.015
3403.0,0.5,20.0,2.0,200.0,1.01
3404.0,1.0,20.0,2.0,200.0,1.01
3405.0,2.0,20.0,2.0,200.0,1.015
3406.0,3.0,20.0,2.0,200.0,1.01
3407.0,5.0,20.0,2.0,200.0,1.01
3408.0,10.0,20.0,2.0,200.0,1.01
3409.0,20.0,20.0,2.0,200.0,1.01
3410.0,40.0,20.0,2.0,200.0,1.01
3411.0,0.0,20.0,2.0,200.0,1.015
3412.0,0.5,20.0,2.0,200.0,1.01
3413.0,1.0,20.0,2.0,200.0,1.015
3414.0,2.0,20.0,2.0,200.0,1.01
3415.0,3.0,20.0,2.0,200.0,1.015
3416.0,5.0,20.0,2.0,200.0,1.015
3417.0,10.0,20.0,2.0,200.0,1.015
3418.0,20.0,20.0,2.0,200.0,1.015
3419.0,40.0,20.0,2.0,200.0,1.015
3420.0,0.0,20.0,2.0,200.0,1.015
3421.0,0.5,20.0,2.0,200.0,1.015
3422.0,1.0,20.0,2.0,200.0,1.01
3423.0,2.0,20.0,2.0,200.0,1.015
3424.0,3.0,20.0,2.0,200.0,1.015
3425.0,5.0,20.0,2.0,200.0,1.015
3426.0,10.0,20.0,2.0,200.0,1.01
3427.0,20.0,20.0,2.0,200.0,1.015
3428.0,40.0,20.0,2.0,200.0,1.015
3429.0,0.0,20.0,2.0,200.0,1.015
3430.0,0.5,20.0,2.0,200.0,1.015
3431.0,1.0,20.0,2.0,200.0,1.015
3432.0,2.0,20.0,2.0,200.0,1.015
3433.0,3.0,20.0,2.0,200.0,1.015
3434.0,5.0,20.0,2.0,200.0,1.015
3435.0,10.0,20.0,2.0,200.0,1.01
3436.0,20.0,20.0,2.0,200.0,1.01
3437.0,40.0,20.0,2.0,200.0,1.015
3438.0,0.0,20.0,2.0,200.0,1.015
3439.0,0.5,20.0,2.0,200.0,1.015
3440.0,1.0,20.0,2.0,200.0,1.015
3441.0,2.0,20.0,2.0,200.0,1.01
3442.0,3.0,20.0,2.0,200.0,1.015
3443.0,5.0,20.0,2.0,200.0,1.01
3444.0,10.0,20.0,2.0,200.0,1.01
3445.0,20.0,20.0,2.0,200.0,1.015
3446.0,40.0,20.0,2.0,200.0,1.015
3447.0,0.0,20.0,2.0,200.0,1.015
3448.0,0.5,20.0,2.0,200.0,1.01
3449.0,1.0,20.0,2.0,200.0,1.015
3450.0,2.0,20.0,2.0,200.0,1.005
3451.0,3.0,20.0,2.0,200.0,1.015
3452.0,5.0,20.0,2.0,200.0,1.01
3453.0,10.0,20.0,2.0,200.0,1.01
3454.0,20.0,20.0,2.0,200.0,1.01
3455.0,40.0,20.0,2.0,200.0,1.015
3456.0,0.0,20.0,2.0,200.0,1.015
3457.0,0.5,20.0,2.0,200.0,1.015
3458.0,1.0,20.0,2.0,200.0,1.015
3459.0,2.0,20.0,2.0,200.0,1.01
3460.0,3.0,20.0,2.0,200.0,1.01
3461.0,5.0,20.0,2.0,200.0,1.01
3462.0,10.0,20.0,2.0,200.0,1.015
3463.0,20.0,20.0,2.0,200.0,1.01
3464.0,40.0,20.0,2.0,200.0,1.015
3465.0,0.0,20.0,2.0,200.0,1.015
3466.0,0.5,20.0,2.0,200.0,1.015
3467.0,1.0,20.0,2.0,200.0,1.015
3468.0,2.0,20.0,2.0,200.0,1.015
3469.0,3.0,20.0,2.0,200.0,1.01
3470.0,5.0,20.0,2.0,200.0,1.01
3471.0,10.0,20.0,2.0,200.0,1.015
3472.0,20.0,20.0,2.0,200.0,1.01
3473.0,40.0,20.0,2.0,200.0,1.01
3474.0,0.0,20.0,2.0,200.0,1.015
3475.0,0.5,20.0,2.0,200.0,1.015
3476.0,1.0,20.0,2.0,200.0,1.01
3477.0,2.0,20.0,2.0,200.0,1.015
3478.0,3.0,20.0,2.0,200.0,1.01
3479.0,5.0,20.0,2.0,200.0,1.01
3480.0,10.0,20.0,2.0,200.0,1.01
3481.0,20.0,20.0,2.0,200.0,1.01
3482.0,40.0,20.0,2.0,200.0,1.015
3483.0,0.0,20.0,2.0,200.0,1.015
3484.0,0.5,20.0,2.0,200.0,1.015
3485.0,1.0,20.0,2.0,200.0,1.015
3486.0,2.0,20.0,2.0,200.0,1.01
3487.0,3.0,20.0,2.0,200.0,1.015
3488.0,5.0,20.0,2.0,200.0,1.015
3489.0,10.0,20.0,2.0,200.0,1.015
3490.0,20.0,20.0,2.0,200.0,1.015
3491.0,40.0,20.0,2.0,200.0,1.015
3492.0,0.0,20.0,2.0,200.0,1.015
3493.0,0.5,20.0,2.0,200.0,1.015
3494.0,1.0,20.0,2.0,200.0,1.01
3495.0,2.0,20.0,2.0,200.0,1.01
3496.0,3.0,20.0,2.0,200.0,1.01
3497.0,5.0,20.0,2.0,200.0,1.015
3498.0,10.0,20.0,2.0,200.0,1.01
3499.0,20.0,20.0,2.0,200.0,1.015
3500.0,40.0,20.0,2.0,200.0,1.015
3501.0,0.0,20.0,2.0,200.0,1.015
3502.0,0.5,20.0,2.0,200.0,1.015
3503.0,1.0,20.0,2.0,200.0,1.015
3504.0,2.0,20.0,2.0,200.0,1.01
3505.0,3.0,20.0,2.0,200.0,1.015
3506.0,5.0,20.0,2.0,200.0,1.01
3507.0,10.0,20.0,2.0,200.0,1.015
3508.0,20.0,20.0,2.0,200.0,1.01
3509.0,40.0,20.0,2.0,200.0,1.015
3510.0,0.0,20.0,2.0,200.0,1.015
3511.0,0.5,20.0,2.0,200.0,1.01
3512.0,1.0,20.0,2.0,200.0,1.01
3513.0,2.0,20.0,2.0,200.0,1.01
3514.0,3.0,20.0,2.0,200.0,1.015
3515.0,5.0,20.0,2.0,200.0,1.015
3516.0,10.0,20.0,2.0,200.0,1.01
3517.0,20.0,20.0,2.0,200.0,1.015
3518.0,40.0,20.0,2.0,200.0,1.01
3519.0,0.0,20.0,2.0,200.0,1.015
3520.0,0.5,20.0,2.0,200.0,1.015
3521.0,1.0,20.0,2.0,200.0,1.015
3522.0,2.0,20.0,2.0,200.0,1.01
3523.0,3.0,20.0,2.0,200.0,1.015
3524.0,5.0,20.0,2.0,200.0,1.015
3525.0,10.0,20.0,2.0,200.0,1.015
3526.0,20.0,20.0,2.0,200.0,1.015
3527.0,40.0,20.0,2.0,200.0,1.015
3528.0,0.0,20.0,2.0,200.0,1.015
3529.0,0.5,20.0,2.0,200.0,1.01
3530.0,1.0,20.0,2.0,200.0,1.01
3531.0,2.0,20.0,2.0,200.0,1.015
3532.0,3.0,20.0,2.0,200.0,1.015
3533.0,5.0,20.0,2.0,200.0,1.01
3534.0,10.0,20.0,2.0,200.0,1.01
3535.0,20.0,20.0,2.0,200.0,1.01
3536.0,40.0,20.0,2.0,200.0,1.015
3537.0,0.0,20.0,2.0,200.0,1.015
3538.0,0.5,20.0,2.0,200.0,1.015
3539.0,1.0,20.0,2.0,200.0,1.01
3540.0,2.0,20.0,2.0,200.0,1.01
3541.0,3.0,20.0,2.0,200.0,1.01
3542.0,5.0,20.0,2.0,200.0,1.01
3543.0,10.0,20.0,2.0,200.0,1.01
3544.0,20.0,20.0,2.0,200.0,1.015
3545.0,40.0,20.0,2.0,200.0,1.015
3546.0,0.0,20.0,2.0,200.0,1.015
3547.0,0.5,20.0,2.0,200.0,1.01
3548.0,1.0,20.0,2.0,200.0,1.015
3549.0,2.0,20.0,2.0,200.0,1.01
3550.0,3.0,20.0,2.0,200.0,1.01
3551.0,5.0,20.0,2.0,200.0,1.01
3552.0,10.0,20.0,2.0,200.0,1.015
3553.0,20.0,20.0,2.0,200.0,1.01
3554.0,40.0,20.0,2.0,200.0,1.015
3555.0,0.0,20.0,2.0,200.0,1.015
3556.0,0.5,20.0,2.0,200.0,1.015
3557.0,1.0,20.0,2.0,200.0,1.015
3558.0,2.0,20.0,2.0,200.0,1.01
3559.0,3.0,20.0,2.0,200.0,1.015
3560.0,5.0,20.0,2.0,200.0,1.01
3561.0,10.0,20.0,2.0,200.0,1.015
3562.0,20.0,20.0,2.0,200.0,1.015
3563.0,40.0,20.0,2.0,200.0,1.015
3564.0,0.0,20.0,2.0,200.0,1.015
3565.0,0.5,20.0,2.0,200.0,1.015
3566.0,1.0,20.0,2.0,200.0,1.015
3567.0,2.0,20.0,2.0,200.0,1.015
3568.0,3.0,20.0,2.0,200.0,1.015
3569.0,5.0,20.0,2.0,200.0,1.01
3570.0,10.0,20.0,2.0,200.0,1.015
3571.0,20.0,20.0,2.0,200.0,1.015
3572.0,40.0,20.0,2.0,200.0,1.01
3573.0,0.0,20.0,2.0,200.0,1.015
3574.0,0.5,20.0,2.0,200.0,1.015
3575.0,1.0,20.0,2.0,200.0,1.015
3576.0,2.0,20.0,2.0,200.0,1.01
3577.0,3.0,20.0,2.0,200.0,1.01
3578.0,5.0,20.0,2.0,200.0,1.01
3579.0,10.0,20.0,2.0,200.0,1.01
3580.0,20.0,20.0,2.0,200.0,1.015
3581.0,40.0,20.0,2.0,200.0,1.015
3582.0,0.0,20.0,2.0,200.0,1.015
3583.0,0.5,20.0,2.0,200.0,1.015
3584.0,1.0,20.0,2.0,200.0,1.01
3585.0,2.0,20.0,2.0,200.0,1.01
3586.0,3.0,20.0,2.0,200.0,1.015
3587.0,5.0,20.0,2.0,200.0,1.01
3588.0,10.0,20.0,2.0,200.0,1.01
3589.0,20.0,20.0,2.0,200.0,1.015
3590.0,40.0,20.0,2.0,200.0,1.015
3591.0,0.0,20.0,2.0,200.0,1.015
3592.0,0.5,20.0,2.0,200.0,1.015
3593.0,1.0,20.0,2.0,200.0,1.01
3594.0,2.0,20.0,2.0,200.0,1.015
3595.0,3.0,20.0,2.0,200.0,1.01
3596.0,5.0,20.0,2.0,200.0,1.01
3597.0,10.0,20.0,2.0,200.0,1.01
3598.0,20.0,20.0,2.0,200.0,1.01
3599.0,40.0,20.0,2.0,200.0,1.01
3600.0,0.0,20.0,2.0,225.0,1.0133333
3601.0,0.5,20.0,2.0,225.0,1.0133333
3602.0,1.0,20.0,2.0,225.0,1.0088888
3603.0,2.0,20.0,2.0,225.0,1.0133333
3604.0,3.0,20.0,2.0,225.0,1.0088888
3605.0,5.0,20.0,2.0,225.0,1.0133333
3606.0,10.0,20.0,2.0,225.0,1.0088888
3607.0,20.0,20.0,2.0,225.0,1.0133333
3608.0,40.0,20.0,2.0,225.0,1.0133333
3609.0,0.0,20.0,2.0,225.0,1.0133333
3610.0,0.5,20.0,2.0,225.0,1.0088888
3611.0,1.0,20.0,2.0,225.0,1.0088888
3612.0,2.0,20.0,2.0,225.0,1.0133333
3613.0,3.0,20.0,2.0,225.0,1.0133333
3614.0,5.0,20.0,2.0,225.0,1.0088888
3615.0,10.0,20.0,2.0,225.0,1.0133333
3616.0,20.0,20.0,2.0,225.0,1.0133333
3617.0,40.0,20.0,2.0,225.0,1.0133333
3618.0,0.0,20.0,2.0,225.0,1.0133333
3619.0,0.5,20.0,2.0,225.0,1.0133333
3620.0,1.0,20.0,2.0,225.0,1.0133333
3621.0,2.0,20.0,2.0,225.0,1.0133333
3622.0,3.0,20.0,2.0,225.0,1.0088888
3623.0,5.0,20.0,2.0,225.0,1.0133333
3624.0,10.0,20.0,2.0,225.0,1.0133333
3625.0,20.0,20.0,2.0,225.0,1.0088888
3626.0,40.0,20.0,2.0,225.0,1.0133333
3627.0,0.0,20.0,2.0,225.0,1.0133333
3628.0,0.5,20.0,2.0,225.0,1.0133333
3629.0,1.0,20.0,2.0,225.0,1.0088888
3630.0,2.0,20.0,2.0,225.0,1.0088888
3631.0,3.0,20.0,2.0,225.0,1.0044445
3632.0,5.0,20.0,2.0,225.0,1.0133333
3633.0,10.0,20.0,2.0,225.0,1.0133333
3634.0,20.0,20.0,2.0,225.0,1.0088888
3635.0,40.0,20.0,2.0,225.0,1.0133333
3636.0,0.0,20.0,2.0,225.0,1.0133333
3637.0,0.5,20.0,2.0,225.0,1.0133333
3638.0,1.0,20.0,2.0,225.0,1.0133333
3639.0,2.0,20.0,2.0,225.0,1.0133333
3640.0,3.0,20.0,2.0,225.0,1.0133333
3641.0,5.0,20.0,2.0,225.0,1.0133333
3642.0,10.0,20.0,2.0,225.0,1.0133333
3643.0,20.0,20.0,2.0,225.0,1.0133333
3644.0,40.0,20.0,2.0,225.0,1.0133333
3645.0,0.0,20.0,2.0,225.0,1.0133333
3646.0,0.5,20.0,2.0,225.0,1.0133333
3647.0,1.0,20.0,2.0,225.0,1.0133333
3648.0,2.0,20.0,2.0,225.0,1.0088888
3649.0,3.0,20.0,2.0,225.0,1.0133333
3650.0,5.0,20.0,2.0,225.0,1.0133333
3651.0,10.0,20.0,2.0,225.0,1.0088888
3652.0,20.0,20.0,2.0,225.0,1.0133333
3653.0,40.0,20.0,2.0,225.0,1.0133333
3654.0,0.0,20.0,2.0,225.0,1.0133333
3655.0,0.5,20.0,2.0,225.0,1.0133333
3656.0,1.0,20.0,2.0,225.0,1.0133333
3657.0,2.0,20.0,2.0,225.0,1.0088888
3658.0,3.0,20.0,2.0,225.0,1.0088888
3659.0,5.0,20.0,2.0,225.0,1.0088888
3660.0,10.0,20.0,2.0,225.0,1.0133333
3661.0,20.0,20.0,2.0,225.0,1.0088888
3662.0,40.0,20.0,2.0,225.0,1.0133333
3663.0,0.0,20.0,2.0,225.0,1.0133333
3664.0,0.5,20.0,2.0,225.0,1.0133333
3665.0,1.0,20.0,2.0,225.0,1.0133333
3666.0,2.0,20.0,2.0,225.0,1.0133333
3667.0,3.0,20.0,2.0,225.0,1.0088888
3668.0,5.0,20.0,2.0,225.0,1.0133333
3669.0,10.0,20.0,2.0,225.0,1.0088888
3670.0,20.0,20.0,2.0,225.0,1.0133333
3671.0,40.0,20.0,2.0,225.0,1.0133333
3672.0,0.0,20.0,2.0,225.0,1.0133333
3673.0,0.5,20.0,2.0,225.0,1.0088888
3674.0,1.0,20.0,2.0,225.0,1.0088888
3675.0,2.0,20.0,2.0,225.0,1.0088888
3676.0,3.0,20.0,2.0,225.0,1.0133333
3677.0,5.0,20.0,2.0,225.0,1.0133333
3678.0,10.0,20.0,2.0,225.0,1.0133333
3679.0,20.0,20.0,2.0,225.0,1.0133333
3680.0,40.0,20.0,2.0,225.0,1.0088888
3681.0,0.0,20.0,2.0,225.0,1.0133333
3682.0,0.5,20.0,2.0,225.0,1.0088888
3683.0,1.0,20.0,2.0,225.0,1.0088888
3684.0,2.0,20.0,2.0,225.0,1.0088888
3685.0,3.0,20.0,2.0,225.0,1.0133333
3686.0,5.0,20.0,2.0,225.0,1.0133333
3687.0,10.0,20.0,2.0,225.0,1.0133333
3688.0,20.0,20.0,2.0,225.0,1.0133333
3689.0,40.0,20.0,2.0,225.0,1.0133333
3690.0,0.0,20.0,2.0,225.0,1.0133333
3691.0,0.5,20.0,2.0,225.0,1.0133333
3692.0,1.0,20.0,2.0,225.0,1.0133333
3693.0,2.0,20.0,2.0,225.0,1.0133333
3694.0,3.0,20.0,2.0,225.0,1.0133333
3695.0,5.0,20.0,2.0,225.0,1.0088888
3696.0,10.0,20.0,2.0,225.0,1.0088888
3697.0,20.0,20.0,2.0,225.0,1.0133333
3698.0,40.0,20.0,2.0,225.0,1.0133333
3699.0,0.0,20.0,2.0,225.0,1.0133333
3700.0,0.5,20.0,2.0,225.0,1.0088888
3701.0,1.0,20.0,2.0,225.0,1.0133333
3702.0,2.0,20.0,2.0,225.0,1.0133333
3703.0,3.0,20.0,2.0,225.0,1.0088888
3704.0,5.0,20.0,2.0,225.0,1.0088888
3705.0,10.0,20.0,2.0,225.0,1.0133333
3706.0,20.0,20.0,2.0,225.0,1.0088888
3707.0,40.0,20.0,2.0,225.0,1.0088888
3708.0,0.0,20.0,2.0,225.0,1.0133333
3709.0,0.5,20.0,2.0,225.0,1.0088888
3710.0,1.0,20.0,2.0,225.0,1.0133333
3711.0,2.0,20.0,2.0,225.0,1.0088888
3712.0,3.0,20.0,2.0,225.0,1.0133333
3713.0,5.0,20.0,2.0,225.0,1.0088888
3714.0,10.0,20.0,2.0,225.0,1.0088888
3715.0,20.0,20.0,2.0,225.0,1.0133333
3716.0,40.0,20.0,2.0,225.0,1.0133333
3717.0,0.0,20.0,2.0,225.0,1.0133333
3718.0,0.5,20.0,2.0,225.0,1.0133333
3719.0,1.0,20.0,2.0,225.0,1.0133333
3720.0,2.0,20.0,2.0,225.0,1.0133333
3721.0,3.0,20.0,2.0,225.0,1.0133333
3722.0,5.0,20.0,2.0,225.0,1.0133333
3723.0,10.0,20.0,2.0,225.0,1.0088888
3724.0,20.0,20.0,2.0,225.0,1.0133333
3725.0,40.0,20.0,2.0,225.0,1.0088888
3726.0,0.0,20.0,2.0,225.0,1.0133333
3727.0,0.5,20.0,2.0,225.0,1.0133333
3728.0,1.0,20.0,2.0,225.0,1.0044445
3729.0,2.0,20.0,2.0,225.0,1.0088888
3730.0,3.0,20.0,2.0,225.0,1.0088888
3731.0,5.0,20.0,2.0,225.0,1.0088888
3732.0,10.0,20.0,2.0,225.0,1.0133333
3733.0,20.0,20.0,2.0,225.0,1.0133333
3734.0,40.0,20.0,2.0,225.0,1.0133333
3735.0,0.0,20.0,2.0,225.0,1.0133333
3736.0,0.5,20.0,2.0,225.0,1.0133333
3737.0,1.0,20.0,2.0,225.0,1.0133333
3738.0,2.0,20.0,2.0,225.0,1.0133333
3739.0,3.0,20.0,2.0,225.0,1.0133333
3740.0,5.0,20.0,2.0,225.0,1.0088888
3741.0,10.0,20.0,2.0,225.0,1.0088888
3742.0,20.0,20.0,2.0,225.0,1.0133333
3743.0,40.0,20.0,2.0,225.0,1.0133333
3744.0,0.0,20.0,2.0,225.0,1.0133333
3745.0,0.5,20.0,2.0,225.0,1.0133333
3746.0,1.0,20.0,2.0,225.0,1.0133333
3747.0,2.0,20.0,2.0,225.0,1.0133333
3748.0,3.0,20.0,2.0,225.0,1.0088888
3749.0,5.0,20.0,2.0,225.0,1.0088888
3750.0,10.0,20.0,2.0,225.0,1.0133333
3751.0,20.0,20.0,2.0,225.0,1.0133333
3752.0,40.0,20.0,2.0,225.0,1.0133333
3753.0,0.0,20.0,2.0,225.0,1.0133333
3754.0,0.5,20.0,2.0,225.0,1.0133333
3755.0,1.0,20.0,2.0,225.0,1.0088888
3756.0,2.0,20.0,2.0,225.0,1.0088888
3757.0,3.0,20.0,2.0,225.0,1.0133333
3758.0,5.0,20.0,2.0,225.0,1.0088888
3759.0,10.0,20.0,2.0,225.0,1.0088888
3760.0,20.0,20.0,2.0,225.0,1.0133333
3761.0,40.0,20.0,2.0,225.0,1.0133333
3762.0,0.0,20.0,2.0,225.0,1.0133333
3763.0,0.5,20.0,2.0,225.0,1.0088888
3764.0,1.0,20.0,2.0,225.0,1.0088888
3765.0,2.0,20.0,2.0,225.0,1.0088888
3766.0,3.0,20.0,2.0,225.0,1.0088888
3767.0,5.0,20.0,2.0,225.0,1.0133333
3768.0,10.0,20.0,2.0,225.0,1.0133333
3769.0,20.0,20.0,2.0,225.0,1.0133333
3770.0,40.0,20.0,2.0,225.0,1.0133333
3771.0,0.0,20.0,2.0,225.0,1.0133333
3772.0,0.5,20.0,2.0,225.0,1.0088888
3773.0,1.0,20.0,2.0,225.0,1.0133333
3774.0,2.0,20.0,2.0,225.0,1.0133333
3775.0,3.0,20.0,2.0,225.0,1.0088888
3776.0,5.0,20.0,2.0,225.0,1.0088888
3777.0,10.0,20.0,2.0,225.0,1.0133333
3778.0,20.0,20.0,2.0,225.0,1.0133333
3779.0,40.0,20.0,2.0,225.0,1.0133333
3780.0,0.0,20.0,2.0,225.0,1.0133333
3781.0,0.5,20.0,2.0,225.0,1.0088888
3782.0,1.0,20.0,2.0,225.0,1.0088888
3783.0,2.0,20.0,2.0,225.0,1.0088888
3784.0,3.0,20.0,2.0,225.0,1.0044445
3785.0,5.0,20.0,2.0,225.0,1.0088888
3786.0,10.0,20.0,2.0,225.0,1.0088888
3787.0,20.0,20.0,2.0,225.0,1.0133333
3788.0,40.0,20.0,2.0,225.0,1.0133333
3789.0,0.0,20.0,2.0,225.0,1.0133333
3790.0,0.5,20.0,2.0,225.0,1.0088888
3791.0,1.0,20.0,2.0,225.0,1.0044445
3792.0,2.0,20.0,2.0,225.0,1.0088888
3793.0,3.0,20.0,2.0,225.0,1.0088888
3794.0,5.0,20.0,2.0,225.0,1.0133333
3795.0,10.0,20.0,2.0,225.0,1.0088888
3796.0,20.0,20.0,2.0,225.0,1.0088888
3797.0,40.0,20.0,2.0,225.0,1.0133333
3798.0,0.0,20.0,2.0,225.0,1.0133333
3799.0,0.5,20.0,2.0,225.0,1.0088888
3800.0,1.0,20.0,2.0,225.0,1.0133333
3801.0,2.0,20.0,2.0,225.0,1.0088888
3802.0,3.0,20.0,2.0,225.0,1.0133333
3803.0,5.0,20.0,2.0,225.0,1.0133333
3804.0,10.0,20.0,2.0,225.0,1.0088888
3805.0,20.0,20.0,2.0,225.0,1.0133333
3806.0,40.0,20.0,2.0,225.0,1.0133333
3807.0,0.0,20.0,2.0,225.0,1.0133333
3808.0,0.5,20.0,2.0,225.0,1.0088888
3809.0,1.0,20.0,2.0,225.0,1.0133333
3810.0,2.0,20.0,2.0,225.0,1.0088888
3811.0,3.0,20.0,2.0,225.0,1.0088888
3812.0,5.0,20.0,2.0,225.0,1.0133333
3813.0,10.0,20.0,2.0,225.0,1.0133333
3814.0,20.0,20.0,2.0,225.0,1.0088888
3815.0,40.0,20.0,2.0,225.0,1.0088888
3816.0,0.0,20.0,2.0,225.0,1.0133333
3817.0,0.5,20.0,2.0,225.0,1.0088888
3818.0,1.0,20.0,2.0,225.0,1.0133333
3819.0,2.0,20.0,2.0,225.0,1.0133333
3820.0,3.0,20.0,2.0,225.0,1.0088888
3821.0,5.0,20.0,2.0,225.0,1.0088888
3822.0,10.0,20.0,2.0,225.0,1.0133333
3823.0,20.0,20.0,2.0,225.0,1.0088888
3824.0,40.0,20.0,2.0,225.0,1.0088888
3825.0,0.0,20.0,2.0,225.0,1.0133333
3826.0,0.5,20.0,2.0,225.0,1.0133333
3827.0,1.0,20.0,2.0,225.0,1.0088888
3828.0,2.0,20.0,2.0,225.0,1.0088888
3829.0,3.0,20.0,2.0,225.0,1.0133333
3830.0,5.0,20.0,2.0,225.0,1.0133333
3831.0,10.0,20.0,2.0,225.0,1.0133333
3832.0,20.0,20.0,2.0,225.0,1.0133333
3833.0,40.0,20.0,2.0,225.0,1.0133333
3834.0,0.0,20.0,2.0,225.0,1.0133333
3835.0,0.5,20.0,2.0,225.0,1.0133333
3836.0,1.0,20.0,2.0,225.0,1.0133333
3837.0,2.0,20.0,2.0,225.0,1.0088888
3838.0,3.0,20.0,2.0,225.0,1.0088888
3839.0,5.0,20.0,2.0,225.0,1.0088888
3840.0,10.0,20.0,2.0,225.0,1.0088888
3841.0,20.0,20.0,2.0,225.0,1.0088888
3842.0,40.0,20.0,2.0,225.0,1.0133333
3843.0,0.0,20.0,2.0,225.0,1.0133333
3844.0,0.5,20.0,2.0,225.0,1.0088888
3845.0,1.0,20.0,2.0,225.0,1.0133333
3846.0,2.0,20.0,2.0,225.0,1.0133333
3847.0,3.0,20.0,2.0,225.0,1.0133333
3848.0,5.0,20.0,2.0,225.0,1.0088888
3849.0,10.0,20.0,2.0,225.0,1.0133333
3850.0,20.0,20.0,2.0,225.0,1.0133333
3851.0,40.0,20.0,2.0,225.0,1.0133333
3852.0,0.0,20.0,2.0,225.0,1.0133333
3853.0,0.5,20.0,2.0,225.0,1.0088888
3854.0,1.0,20.0,2.0,225.0,1.0133333
3855.0,2.0,20.0,2.0,225.0,1.0088888
3856.0,3.0,20.0,2.0,225.0,1.0088888
3857.0,5.0,20.0,2.0,225.0,1.0133333
3858.0,10.0,20.0,2.0,225.0,1.0133333
3859.0,20.0,20.0,2.0,225.0,1.0088888
3860.0,40.0,20.0,2.0,225.0,1.0088888
3861.0,0.0,20.0,2.0,225.0,1.0133333
3862.0,0.5,20.0,2.0,225.0,1.0133333
3863.0,1.0,20.0,2.0,225.0,1.0133333
3864.0,2.0,20.0,2.0,225.0,1.0088888
3865.0,3.0,20.0,2.0,225.0,1.0088888
3866.0,5.0,20.0,2.0,225.0,1.0133333
3867.0,10.0,20.0,2.0,225.0,1.0088888
3868.0,20.0,20.0,2.0,225.0,1.0088888
3869.0,40.0,20.0,2.0,225.0,1.0088888
3870.0,0.0,20.0,2.0,225.0,1.0133333
3871.0,0.5,20.0,2.0,225.0,1.0133333
3872.0,1.0,20.0,2.0,225.0,1.0088888
3873.0,2.0,20.0,2.0,225.0,1.0088888
3874.0,3.0,20.0,2.0,225.0,1.0133333
3875.0,5.0,20.0,2.0,225.0,1.0133333
3876.0,10.0,20.0,2.0,225.0,1.0133333
3877.0,20.0,20.0,2.0,225.0,1.0088888
3878.0,40.0,20.0,2.0,225.0,1.0133333
3879.0,0.0,20.0,2.0,225.0,1.0133333
3880.0,0.5,20.0,2.0,225.0,1.0133333
3881.0,1.0,20.0,2.0,225.0,1.0133333
3882.0,2.0,20.0,2.0,225.0,1.0133333
3883.0,3.0,20.0,2.0,225.0,1.0088888
3884.0,5.0,20.0,2.0,225.0,1.0133333
3885.0,10.0,20.0,2.0,225.0,1.0133333
3886.0,20.0,20.0,2.0,225.0,1.0133333
3887.0,40.0,20.0,2.0,225.0,1.0133333
3888.0,0.0,20.0,2.0,225.0,1.0133333
3889.0,0.5,20.0,2.0,225.0,1.0133333
3890.0,1.0,20.0,2.0,225.0,1.0133333
3891.0,2.0,20.0,2.0,225.0,1.0133333
3892.0,3.0,20.0,2.0,225.0,1.0088888
3893.0,5.0,20.0,2.0,225.0,1.0088888
3894.0,10.0,20.0,2.0,225.0,1.0133333
3895.0,20.0,20.0,2.0,225.0,1.0133333
3896.0,40.0,20.0,2.0,225.0,1.0133333
3897.0,0.0,20.0,2.0,225.0,1.0133333
3898.0,0.5,20.0,2.0,225.0,1.0133333
3899.0,1.0,20.0,2.0,225.0,1.0133333
3900.0,2.0,20.0,2.0,225.0,1.0088888
3901.0,3.0,20.0,2.0,225.0,1.0088888
3902.0,5.0,20.0,2.0,225.0,1.0133333
3903.0,10.0,20.0,2.0,225.0,1.0088888
3904.0,20.0,20.0,2.0,225.0,1.0133333
3905.0,40.0,20.0,2.0,225.0,1.0133333
3906.0,0.0,20.0,2.0,225.0,1.0133333
3907.0,0.5,20.0,2.0,225.0,1.0133333
3908.0,1.0,20.0,2.0,225.0,1.0133333
3909.0,2.0,20.0,2.0,225.0,1.0088888
3910.0,3.0,20.0,2.0,225.0,1.0088888
3911.0,5.0,20.0,2.0,225.0,1.0133333
3912.0,10.0,20.0,2.0,225.0,1.0133333
3913.0,20.0,20.0,2.0,225.0,1.0088888
3914.0,40.0,20.0,2.0,225.0,1.0133333
3915.0,0.0,20.0,2.0,225.0,1.0133333
3916.0,0.5,20.0,2.0,225.0,1.0088888
3917.0,1.0,20.0,2.0,225.0,1.0133333
3918.0,2.0,20.0,2.0,225.0,1.0133333
3919.0,3.0,20.0,2.0,225.0,1.0088888
3920.0,5.0,20.0,2.0,225.0,1.0133333
3921.0,10.0,20.0,2.0,225.0,1.0133333
3922.0,20.0,20.0,2.0,225.0,1.0133333
3923.0,40.0,20.0,2.0,225.0,1.0133333
3924.0,0.0,20.0,2.0,225.0,1.0133333
3925.0,0.5,20.0,2.0,225.0,1.0133333
3926.0,1.0,20.0,2.0,225.0,1.0133333
3927.0,2.0,20.0,2.0,225.0,1.0133333
3928.0,3.0,20.0,2.0,225.0,1.0133333
3929.0,5.0,20.0,2.0,225.0,1.0088888
3930.0,10.0,20.0,2.0,225.0,1.0133333
3931.0,20.0,20.0,2.0,225.0,1.0088888
3932.0,40.0,20.0,2.0,225.0,1.0088888
3933.0,0.0,20.0,2.0,225.0,1.0133333
3934.0,0.5,20.0,2.0,225.0,1.0133333
3935.0,1.0,20.0,2.0,225.0,1.0088888
3936.0,2.0,20.0,2.0,225.0,1.0133333
3937.0,3.0,20.0,2.0,225.0,1.0133333
3938.0,5.0,20.0,2.0,225.0,1.0133333
3939.0,10.0,20.0,2.0,225.0,1.0133333
3940.0,20.0,20.0,2.0,225.0,1.0133333
3941.0,40.0,20.0,2.0,225.0,1.0088888
3942.0,0.0,20.0,2.0,225.0,1.0133333
3943.0,0.5,20.0,2.0,225.0,1.0133333
3944.0,1.0,20.0,2.0,225.0,1.0088888
3945.0,2.0,20.0,2.0,225.0,1.0088888
3946.0,3.0,20.0,2.0,225.0,1.0133333
3947.0,5.0,20.0,2.0,225.0,1.0088888
3948.0,10.0,20.0,2.0,225.0,1.0133333
3949.0,20.0,20.0,2.0,225.0,1.0133333
3950.0,40.0,20.0,2.0,225.0,1.0088888
3951.0,0.0,20.0,2.0,225.0,1.0133333
3952.0,0.5,20.0,2.0,225.0,1.0133333
3953.0,1.0,20.0,2.0,225.0,1.0088888
3954.0,2.0,20.0,2.0,225.0,1.0133333
3955.0,3.0,20.0,2.0,225.0,1.0088888
3956.0,5.0,20.0,2.0,225.0,1.0133333
3957.0,10.0,20.0,2.0,225.0,1.0088888
3958.0,20.0,20.0,2.0,225.0,1.0088888
3959.0,40.0,20.0,2.0,225.0,1.0133333
3960.0,0.0,20.0,2.0,225.0,1.0133333
3961.0,0.5,20.0,2.0,225.0,1.0133333
3962.0,1.0,20.0,2.0,225.0,1.0133333
3963.0,2.0,20.0,2.0,225.0,1.0088888
3964.0,3.0,20.0,2.0,225.0,1.0088888
3965.0,5.0,20.0,2.0,225.0,1.0133333
3966.0,10.0,20.0,2.0,225.0,1.0133333
3967.0,20.0,20.0,2.0,225.0,1.0088888
3968.0,40.0,20.0,2.0,225.0,1.0133333
3969.0,0.0,20.0,2.0,225.0,1.0133333
3970.0,0.5,20.0,2.0,225.0,1.0088888
3971.0,1.0,20.0,2.0,225.0,1.0088888
3972.0,2.0,20.0,2.0,225.0,1.0088888
3973.0,3.0,20.0,2.0,225.0,1.0088888
3974.0,5.0,20.0,2.0,225.0,1.0133333
3975.0,10.0,20.0,2.0,225.0,1.0133333
3976.0,20.0,20.0,2.0,225.0,1.0133333
3977.0,40.0,20.0,2.0,225.0,1.0133333
3978.0,0.0,20.0,2.0,225.0,1.0133333
3979.0,0.5,20.0,2.0,225.0,1.0133333
3980.0,1.0,20.0,2.0,225.0,1.0088888
3981.0,2.0,20.0,2.0,225.0,1.0133333
3982.0,3.0,20.0,2.0,225.0,1.0133333
3983.0,5.0,20.0,2.0,225.0,1.0088888
3984.0,10.0,20.0,2.0,225.0,1.0133333
3985.0,20.0,20.0,2.0,225.0,1.0088888
3986.0,40.0,20.0,2.0,225.0,1.0133333
3987.0,0.0,20.0,2.0,225.0,1.0133333
3988.0,0.5,20.0,2.0,225.0,1.0133333
3989.0,1.0,20.0,2.0,225.0,1.0133333
3990.0,2.0,20.0,2.0,225.0,1.0088888
3991.0,3.0,20.0,2.0,225.0,1.0088888
3992.0,5.0,20.0,2.0,225.0,1.0133333
3993.0,10.0,20.0,2.0,225.0,1.0088888
3994.0,20.0,20.0,2.0,225.0,1.0088888
3995.0,40.0,20.0,2.0,225.0,1.0133333
3996.0,0.0,20.0,2.0,225.0,1.0133333
3997.0,0.5,20.0,2.0,225.0,1.0133333
3998.0,1.0,20.0,2.0,225.0,1.0088888
3999.0,2.0,20.0,2.0,225.0,1.0133333
4000.0,3.0,20.0,2.0,225.0,1.0133333
4001.0,5.0,20.0,2.0,225.0,1.0088888
4002.0,10.0,20.0,2.0,225.0,1.0088888
4003.0,20.0,20.0,2.0,225.0,1.0088888
4004.0,40.0,20.0,2.0,225.0,1.0133333
4005.0,0.0,20.0,2.0,225.0,1.0133333
4006.0,0.5,20.0,2.0,225.0,1.0088888
4007.0,1.0,20.0,2.0,225.0,1.0133333
4008.0,2.0,20.0,2.0,225.0,1.0088888
4009.0,3.0,20.0,2.0,225.0,1.0133333
4010.0,5.0,20.0,2.0,225.0,1.0088888
4011.0,10.0,20.0,2.0,225.0,1.0088888
4012.0,20.0,20.0,2.0,225.0,1.0133333
4013.0,40.0,20.0,2.0,225.0,1.0133333
4014.0,0.0,20.0,2.0,225.0,1.0133333
4015.0,0.5,20.0,2.0,225.0,1.0133333
4016.0,1.0,20.0,2.0,225.0,1.0088888
4017.0,2.0,20.0,2.0,225.0,1.0088888
4018.0,3.0,20.0,2.0,225.0,1.0133333
4019.0,5.0,20.0,2.0,225.0,1.0088888
4020.0,10.0,20.0,2.0,225.0,1.0133333
4021.0,20.0,20.0,2.0,225.0,1.0133333
4022.0,40.0,20.0,2.0,225.0,1.0133333
4023.0,0.0,20.0,2.0,225.0,1.0133333
4024.0,0.5,20.0,2.0,225.0,1.0133333
4025.0,1.0,20.0,2.0,225.0,1.0133333
4026.0,2.0,20.0,2.0,225.0,1.0088888
4027.0,3.0,20.0,2.0,225.0,1.0133333
4028.0,5.0,20.0,2.0,225.0,1.0088888
4029.0,10.0,20.0,2.0,225.0,1.0133333
4030.0,20.0,20.0,2.0,225.0,1.0133333
4031.0,40.0,20.0,2.0,225.0,1.0133333
4032.0,0.0,20.0,2.0,225.0,1.0133333
4033.0,0.5,20.0,2.0,225.0,1.0133333
4034.0,1.0,20.0,2.0,225.0,1.0088888
4035.0,2.0,20.0,2.0,225.0,1.0088888
4036.0,3.0,20.0,2.0,225.0,1.0133333
4037.0,5.0,20.0,2.0,225.0,1.0133333
4038.0,10.0,20.0,2.0,225.0,1.0133333
4039.0,20.0,20.0,2.0,225.0,1.0088888
4040.0,40.0,20.0,2.0,225.0,1.0133333
4041.0,0.0,20.0,2.0,225.0,1.0133333
4042.0,0.5,20.0,2.0,225.0,1.0133333
4043.0,1.0,20.0,2.0,225.0,1.0044445
4044.0,2.0,20.0,2.0,225.0,1.0088888
4045.0,3.0,20.0,2.0,225.0,1.0133333
4046.0,5.0,20.0,2.0,225.0,1.0133333
4047.0,10.0,20.0,2.0,225.0,1.0088888
4048.0,20.0,20.0,2.0,225.0,1.0088888
4049.0,40.0,20.0,2.0,225.0,1.0133333
4050.0,0.0,20.0,2.0,250.0,1.012
4051.0,0.5,20.0,2.0,250.0,1.012
4052.0,1.0,20.0,2.0,250.0,1.012
4053.0,2.0,20.0,2.0,250.0,1.008
4054.0,3.0,20.0,2.0,250.0,1.012
4055.0,5.0,20.0,2.0,250.0,1.012
4056.0,10.0,20.0,2.0,250.0,1.008
4057.0,20.0,20.0,2.0,250.0,1.012
4058.0,40.0,20.0,2.0,250.0,1.012
4059.0,0.0,20.0,2.0,250.0,1.012
4060.0,0.5,20.0,2.0,250.0,1.008
4061.0,1.0,20.0,2.0,250.0,1.012
4062.0,2.0,20.0,2.0,250.0,1.012
4063.0,3.0,20.0,2.0,250.0,1.008
4064.0,5.0,20.0,2.0,250.0,1.012
4065.0,10.0,20.0,2.0,250.0,1.012
4066.0,20.0,20.0,2.0,250.0,1.012
4067.0,40.0,20.0,2.0,250.0,1.012
4068.0,0.0,20.0,2.0,250.0,1.012
4069.0,0.5,20.0,2.0,250.0,1.012
4070.0,1.0,20.0,2.0,250.0,1.012
4071.0,2.0,20.0,2.0,250.0,1.004
4072.0,3.0,20.0,2.0,250.0,1.012
4073.0,5.0,20.0,2.0,250.0,1.012
4074.0,10.0,20.0,2.0,250.0,1.008
4075.0,20.0,20.0,2.0,250.0,1.012
4076.0,40.0,20.0,2.0,250.0,1.012
4077.0,0.0,20.0,2.0,250.0,1.012
4078.0,0.5,20.0,2.0,250.0,1.012
4079.0,1.0,20.0,2.0,250.0,1.012
4080.0,2.0,20.0,2.0,250.0,1.012
4081.0,3.0,20.0,2.0,250.0,1.012
4082.0,5.0,20.0,2.0,250.0,1.012
4083.0,10.0,20.0,2.0,250.0,1.012
4084.0,20.0,20.0,2.0,250.0,1.012
4085.0,40.0,20.0,2.0,250.0,1.008
4086.0,0.0,20.0,2.0,250.0,1.012
4087.0,0.5,20.0,2.0,250.0,1.012
4088.0,1.0,20.0,2.0,250.0,1.012
4089.0,2.0,20.0,2.0,250.0,1.012
4090.0,3.0,20.0,2.0,250.0,1.012
4091.0,5.0,20.0,2.0,250.0,1.012
4092.0,10.0,20.0,2.0,250.0,1.008
4093.0,20.0,20.0,2.0,250.0,1.012
4094.0,40.0,20.0,2.0,250.0,1.012
4095.0,0.0,20.0,2.0,250.0,1.012
4096.0,0.5,20.0,2.0,250.0,1.012
4097.0,1.0,20.0,2.0,250.0,1.008
4098.0,2.0,20.0,2.0,250.0,1.012
4099.0,3.0,20.0,2.0,250.0,1.008
4100.0,5.0,20.0,2.0,250.0,1.012
4101.0,10.0,20.0,2.0,250.0,1.012
4102.0,20.0,20.0,2.0,250.0,1.012
4103.0,40.0,20.0,2.0,250.0,1.008
4104.0,0.0,20.0,2.0,250.0,1.012
4105.0,0.5,20.0,2.0,250.0,1.008
4106.0,1.0,20.0,2.0,250.0,1.012
4107.0,2.0,20.0,2.0,250.0,1.008
4108.0,3.0,20.0,2.0,250.0,1.008
4109.0,5.0,20.0,2.0,250.0,1.012
4110.0,10.0,20.0,2.0,250.0,1.012
4111.0,20.0,20.0,2.0,250.0,1.012
4112.0,40.0,20.0,2.0,250.0,1.012
4113.0,0.0,20.0,2.0,250.0,1.012
4114.0,0.5,20.0,2.0,250.0,1.012
4115.0,1.0,20.0,2.0,250.0,1.012
4116.0,2.0,20.0,2.0,250.0,1.012
4117.0,3.0,20.0,2.0,250.0,1.008
4118.0,5.0,20.0,2.0,250.0,1.008
4119.0,10.0,20.0,2.0,250.0,1.012
4120.0,20.0,20.0,2.0,250.0,1.008
4121.0,40.0,20.0,2.0,250.0,1.012
4122.0,0.0,20.0,2.0,250.0,1.012
4123.0,0.5,20.0,2.0,250.0,1.012
4124.0,1.0,20.0,2.0,250.0,1.012
4125.0,2.0,20.0,2.0,250.0,1.008
4126.0,3.0,20.0,2.0,250.0,1.012
4127.0,5.0,20.0,2.0,250.0,1.012
4128.0,10.0,20.0,2.0,250.0,1.012
4129.0,20.0,20.0,2.0,250.0,1.012
4130.0,40.0,20.0,2.0,250.0,1.012
4131.0,0.0,20.0,2.0,250.0,1.012
4132.0,0.5,20.0,2.0,250.0,1.008
4133.0,1.0,20.0,2.0,250.0,1.008
4134.0,2.0,20.0,2.0,250.0,1.004
4135.0,3.0,20.0,2.0,250.0,1.008
4136.0,5.0,20.0,2.0,250.0,1.012
4137.0,10.0,20.0,2.0,250.0,1.012
4138.0,20.0,20.0,2.0,250.0,1.012
4139.0,40.0,20.0,2.0,250.0,1.012
4140.0,0.0,20.0,2.0,250.0,1.012
4141.0,0.5,20.0,2.0,250.0,1.012
4142.0,1.0,20.0,2.0,250.0,1.008
4143.0,2.0,20.0,2.0,250.0,1.008
4144.0,3.0,20.0,2.0,250.0,1.008
4145.0,5.0,20.0,2.0,250.0,1.012
4146.0,10.0,20.0,2.0,250.0,1.012
4147.0,20.0,20.0,2.0,250.0,1.012
4148.0,40.0,20.0,2.0,250.0,1.012
4149.0,0.0,20.0,2.0,250.0,1.012
4150.0,0.5,20.0,2.0,250.0,1.012
4151.0,1.0,20.0,2.0,250.0,1.012
4152.0,2.0,20.0,2.0,250.0,1.008
4153.0,3.0,20.0,2.0,250.0,1.012
4154.0,5.0,20.0,2.0,250.0,1.012
4155.0,10.0,20.0,2.0,250.0,1.012
4156.0,20.0,20.0,2.0,250.0,1.008
4157.0,40.0,20.0,2.0,250.0,1.012
4158.0,0.0,20.0,2.0,250.0,1.012
4159.0,0.5,20.0,2.0,250.0,1.008
4160.0,1.0,20.0,2.0,250.0,1.008
4161.0,2.0,20.0,2.0,250.0,1.012
4162.0,3.0,20.0,2.0,250.0,1.012
4163.0,5.0,20.0,2.0,250.0,1.008
4164.0,10.0,20.0,2.0,250.0,1.008
4165.0,20.0,20.0,2.0,250.0,1.008
4166.0,40.0,20.0,2.0,250.0,1.012
4167.0,0.0,20.0,2.0,250.0,1.012
4168.0,0.5,20.0,2.0,250.0,1.012
4169.0,1.0,20.0,2.0,250.0,1.008
4170.0,2.0,20.0,2.0,250.0,1.012
4171.0,3.0,20.0,2.0,250.0,1.008
4172.0,5.0,20.0,2.0,250.0,1.008
4173.0,10.0,20.0,2.0,250.0,1.008
4174.0,20.0,20.0,2.0,250.0,1.008
4175.0,40.0,20.0,2.0,250.0,1.012
4176.0,0.0,20.0,2.0,250.0,1.012
4177.0,0.5,20.0,2.0,250.0,1.012
4178.0,1.0,20.0,2.0,250.0,1.012
4179.0,2.0,20.0,2.0,250.0,1.012
4180.0,3.0,20.0,2.0,250.0,1.008
4181.0,5.0,20.0,2.0,250.0,1.012
4182.0,10.0,20.0,2.0,250.0,1.012
4183.0,20.0,20.0,2.0,250.0,1.008
4184.0,40.0,20.0,2.0,250.0,1.012
4185.0,0.0,20.0,2.0,250.0,1.012
4186.0,0.5,20.0,2.0,250.0,1.012
4187.0,1.0,20.0,2.0,250.0,1.012
4188.0,2.0,20.0,2.0,250.0,1.008
4189.0,3.0,20.0,2.0,250.0,1.008
4190.0,5.0,20.0,2.0,250.0,1.008
4191.0,10.0,20.0,2.0,250.0,1.012
4192.0,20.0,20.0,2.0,250.0,1.012
4193.0,40.0,20.0,2.0,250.0,1.012
4194.0,0.0,20.0,2.0,250.0,1.012
4195.0,0.5,20.0,2.0,250.0,1.012
4196.0,1.0,20.0,2.0,250.0,1.012
4197.0,2.0,20.0,2.0,250.0,1.012
4198.0,3.0,20.0,2.0,250.0,1.008
4199.0,5.0,20.0,2.0,250.0,1.008
4200.0,10.0,20.0,2.0,250.0,1.012
4201.0,20.0,20.0,2.0,250.0,1.012
4202.0,40.0,20.0,2.0,250.0,1.012
4203.0,0.0,20.0,2.0,250.0,1.012
4204.0,0.5,20.0,2.0,250.0,1.008
4205.0,1.0,20.0,2.0,250.0,1.012
4206.0,2.0,20.0,2.0,250.0,1.012
4207.0,3.0,20.0,2.0,250.0,1.012
4208.0,5.0,20.0,2.0,250.0,1.012
4209.0,10.0,20.0,2.0,250.0,1.008
4210.0,20.0,20.0,2.0,250.0,1.008
4211.0,40.0,20.0,2.0,250.0,1.012
4212.0,0.0,20.0,2.0,250.0,1.012
4213.0,0.5,20.0,2.0,250.0,1.012
4214.0,1.0,20.0,2.0,250.0,1.008
4215.0,2.0,20.0,2.0,250.0,1.012
4216.0,3.0,20.0,2.0,250.0,1.008
4217.0,5.0,20.0,2.0,250.0,1.008
4218.0,10.0,20.0,2.0,250.0,1.008
4219.0,20.0,20.0,2.0,250.0,1.008
4220.0,40.0,20.0,2.0,250.0,1.012
4221.0,0.0,20.0,2.0,250.0,1.012
4222.0,0.5,20.0,2.0,250.0,1.012
4223.0,1.0,20.0,2.0,250.0,1.012
4224.0,2.0,20.0,2.0,250.0,1.012
4225.0,3.0,20.0,2.0,250.0,1.008
4226.0,5.0,20.0,2.0,250.0,1.008
4227.0,10.0,20.0,2.0,250.0,1.012
4228.0,20.0,20.0,2.0,250.0,1.012
4229.0,40.0,20.0,2.0,250.0,1.012
4230.0,0.0,20.0,2.0,250.0,1.012
4231.0,0.5,20.0,2.0,250.0,1.008
4232.0,1.0,20.0,2.0,250.0,1.012
4233.0,2.0,20.0,2.0,250.0,1.008
4234.0,3.0,20.0,2.0,250.0,1.012
4235.0,5.0,20.0,2.0,250.0,1.008
4236.0,10.0,20.0,2.0,250.0,1.012
4237.0,20.0,20.0,2.0,250.0,1.012
4238.0,40.0,20.0,2.0,250.0,1.008
4239.0,0.0,20.0,2.0,250.0,1.012
4240.0,0.5,20.0,2.0,250.0,1.004
4241.0,1.0,20.0,2.0,250.0,1.008
4242.0,2.0,20.0,2.0,250.0,1.008
4243.0,3.0,20.0,2.0,250.0,1.012
4244.0,5.0,20.0,2.0,250.0,1.012
4245.0,10.0,20.0,2.0,250.0,1.012
4246.0,20.0,20.0,2.0,250.0,1.012
4247.0,40.0,20.0,2.0,250.0,1.012
4248.0,0.0,20.0,2.0,250.0,1.012
4249.0,0.5,20.0,2.0,250.0,1.008
4250.0,1.0,20.0,2.0,250.0,1.008
4251.0,2.0,20.0,2.0,250.0,1.012
4252.0,3.0,20.0,2.0,250.0,1.012
4253.0,5.0,20.0,2.0,250.0,1.008
4254.0,10.0,20.0,2.0,250.0,1.012
4255.0,20.0,20.0,2.0,250.0,1.008
4256.0,40.0,20.0,2.0,250.0,1.008
4257.0,0.0,20.0,2.0,250.0,1.012
4258.0,0.5,20.0,2.0,250.0,1.012
4259.0,1.0,20.0,2.0,250.0,1.012
4260.0,2.0,20.0,2.0,250.0,1.008
4261.0,3.0,20.0,2.0,250.0,1.008
4262.0,5.0,20.0,2.0,250.0,1.008
4263.0,10.0,20.0,2.0,250.0,1.012
4264.0,20.0,20.0,2.0,250.0,1.012
4265.0,40.0,20.0,2.0,250.0,1.012
4266.0,0.0,20.0,2.0,250.0,1.012
4267.0,0.5,20.0,2.0,250.0,1.012
4268.0,1.0,20.0,2.0,250.0,1.012
4269.0,2.0,20.0,2.0,250.0,1.008
4270.0,3.0,20.0,2.0,250.0,1.012
4271.0,5.0,20.0,2.0,250.0,1.008
4272.0,10.0,20.0,2.0,250.0,1.008
4273.0,20.0,20.0,2.0,250.0,1.008
4274.0,40.0,20.0,2.0,250.0,1.012
4275.0,0.0,20.0,2.0,250.0,1.012
4276.0,0.5,20.0,2.0,250.0,1.012
4277.0,1.0,20.0,2.0,250.0,1.008
4278.0,2.0,20.0,2.0,250.0,1.008
4279.0,3.0,20.0,2.0,250.0,1.012
4280.0,5.0,20.0,2.0,250.0,1.012
4281.0,10.0,20.0,2.0,250.0,1.008
4282.0,20.0,20.0,2.0,250.0,1.008
4283.0,40.0,20.0,2.0,250.0,1.012
4284.0,0.0,20.0,2.0,250.0,1.012
4285.0,0.5,20.0,2.0,250.0,1.008
4286.0,1.0,20.0,2.0,250.0,1.012
4287.0,2.0,20.0,2.0,250.0,1.012
4288.0,3.0,20.0,2.0,250.0,1.012
4289.0,5.0,20.0,2.0,250.0,1.012
4290.0,10.0,20.0,2.0,250.0,1.012
4291.0,20.0,20.0,2.0,250.0,1.012
4292.0,40.0,20.0,2.0,250.0,1.008
4293.0,0.0,20.0,2.0,250.0,1.012
4294.0,0.5,20.0,2.0,250.0,1.012
4295.0,1.0,20.0,2.0,250.0,1.008
4296.0,2.0,20.0,2.0,250.0,1.012
4297.0,3.0,20.0,2.0,250.0,1.012
4298.0,5.0,20.0,2.0,250.0,1.008
4299.0,10.0,20.0,2.0,250.0,1.008
4300.0,20.0,20.0,2.0,250.0,1.012
4301.0,40.0,20.0,2.0,250.0,1.012
4302.0,0.0,20.0,2.0,250.0,1.012
4303.0,0.5,20.0,2.0,250.0,1.008
4304.0,1.0,20.0,2.0,250.0,1.008
4305.0,2.0,20.0,2.0,250.0,1.012
4306.0,3.0,20.0,2.0,250.0,1.012
4307.0,5.0,20.0,2.0,250.0,1.008
4308.0,10.0,20.0,2.0,250.0,1.008
4309.0,20.0,20.0,2.0,250.0,1.012
4310.0,40.0,20.0,2.0,250.0,1.012
4311.0,0.0,20.0,2.0,250.0,1.012
4312.0,0.5,20.0,2.0,250.0,1.008
4313.0,1.0,20.0,2.0,250.0,1.008
4314.0,2.0,20.0,2.0,250.0,1.008
4315.0,3.0,20.0,2.0,250.0,1.008
4316.0,5.0,20.0,2.0,250.0,1.012
4317.0,10.0,20.0,2.0,250.0,1.012
4318.0,20.0,20.0,2.0,250.0,1.008
4319.0,40.0,20.0,2.0,250.0,1.012
4320.0,0.0,20.0,2.0,250.0,1.012
4321.0,0.5,20.0,2.0,250.0,1.008
4322.0,1.0,20.0,2.0,250.0,1.008
4323.0,2.0,20.0,2.0,250.0,1.012
4324.0,3.0,20.0,2.0,250.0,1.012
4325.0,5.0,20.0,2.0,250.0,1.008
4326.0,10.0,20.0,2.0,250.0,1.008
4327.0,20.0,20.0,2.0,250.0,1.012
4328.0,40.0,20.0,2.0,250.0,1.012
4329.0,0.0,20.0,2.0,250.0,1.012
4330.0,0.5,20.0,2.0,250.0,1.012
4331.0,1.0,20.0,2.0,250.0,1.008
4332.0,2.0,20.0,2.0,250.0,1.012
4333.0,3.0,20.0,2.0,250.0,1.008
4334.0,5.0,20.0,2.0,250.0,1.008
4335.0,10.0,20.0,2.0,250.0,1.012
4336.0,20.0,20.0,2.0,250.0,1.012
4337.0,40.0,20.0,2.0,250.0,1.012
4338.0,0.0,20.0,2.0,250.0,1.012
4339.0,0.5,20.0,2.0,250.0,1.012
4340.0,1.0,20.0,2.0,250.0,1.012
4341.0,2.0,20.0,2.0,250.0,1.012
4342.0,3.0,20.0,2.0,250.0,1.008
4343.0,5.0,20.0,2.0,250.0,1.004
4344.0,10.0,20.0,2.0,250.0,1.008
4345.0,20.0,20.0,2.0,250.0,1.008
4346.0,40.0,20.0,2.0,250.0,1.012
4347.0,0.0,20.0,2.0,250.0,1.012
4348.0,0.5,20.0,2.0,250.0,1.012
4349.0,1.0,20.0,2.0,250.0,1.012
4350.0,2.0,20.0,2.0,250.0,1.008
4351.0,3.0,20.0,2.0,250.0,1.008
4352.0,5.0,20.0,2.0,250.0,1.008
4353.0,10.0,20.0,2.0,250.0,1.008
4354.0,20.0,20.0,2.0,250.0,1.012
4355.0,40.0,20.0,2.0,250.0,1.012
4356.0,0.0,20.0,2.0,250.0,1.012
4357.0,0.5,20.0,2.0,250.0,1.008
4358.0,1.0,20.0,2.0,250.0,1.008
4359.0,2.0,20.0,2.0,250.0,1.008
4360.0,3.0,20.0,2.0,250.0,1.012
4361.0,5.0,20.0,2.0,250.0,1.012
4362.0,10.0,20.0,2.0,250.0,1.008
4363.0,20.0,20.0,2.0,250.0,1.012
4364.0,40.0,20.0,2.0,250.0,1.012
4365.0,0.0,20.0,2.0,250.0,1.012
4366.0,0.5,20.0,2.0,250.0,1.008
4367.0,1.0,20.0,2.0,250.0,1.012
4368.0,2.0,20.0,2.0,250.0,1.008
4369.0,3.0,20.0,2.0,250.0,1.008
4370.0,5.0,20.0,2.0,250.0,1.008
4371.0,10.0,20.0,2.0,250.0,1.012
4372.0,20.0,20.0,2.0,250.0,1.012
4373.0,40.0,20.0,2.0,250.0,1.012
4374.0,0.0,20.0,2.0,250.0,1.012
4375.0,0.5,20.0,2.0,250.0,1.012
4376.0,1.0,20.0,2.0,250.0,1.012
4377.0,2.0,20.0,2.0,250.0,1.012
4378.0,3.0,20.0,2.0,250.0,1.008
4379.0,5.0,20.0,2.0,250.0,1.012
4380.0,10.0,20.0,2.0,250.0,1.008
4381.0,20.0,20.0,2.0,250.0,1.012
4382.0,40.0,20.0,2.0,250.0,1.012
4383.0,0.0,20.0,2.0,250.0,1.012
4384.0,0.5,20.0,2.0,250.0,1.008
4385.0,1.0,20.0,2.0,250.0,1.012
4386.0,2.0,20.0,2.0,250.0,1.004
4387.0,3.0,20.0,2.0,250.0,1.008
4388.0,5.0,20.0,2.0,250.0,1.012
4389.0,10.0,20.0,2.0,250.0,1.012
4390.0,20.0,20.0,2.0,250.0,1.008
4391.0,40.0,20.0,2.0,250.0,1.012
4392.0,0.0,20.0,2.0,250.0,1.012
4393.0,0.5,20.0,2.0,250.0,1.012
4394.0,1.0,20.0,2.0,250.0,1.008
4395.0,2.0,20.0,2.0,250.0,1.008
4396.0,3.0,20.0,2.0,250.0,1.012
4397.0,5.0,20.0,2.0,250.0,1.008
4398.0,10.0,20.0,2.0,250.0,1.012
4399.0,20.0,20.0,2.0,250.0,1.012
4400.0,40.0,20.0,2.0,250.0,1.012
4401.0,0.0,20.0,2.0,250.0,1.012
4402.0,0.5,20.0,2.0,250.0,1.008
4403.0,1.0,20.0,2.0,250.0,1.012
4404.0,2.0,20.0,2.0,250.0,1.008
4405.0,3.0,20.0,2.0,250.0,1.008
4406.0,5.0,20.0,2.0,250.0,1.012
4407.0,10.0,20.0,2.0,250.0,1.008
4408.0,20.0,20.0,2.0,250.0,1.012
4409.0,40.0,20.0,2.0,250.0,1.012
4410.0,0.0,20.0,2.0,250.0,1.012
4411.0,0.5,20.0,2.0,250.0,1.012
4412.0,1.0,20.0,2.0,250.0,1.012
4413.0,2.0,20.0,2.0,250.0,1.008
4414.0,3.0,20.0,2.0,250.0,1.012
4415.0,5.0,20.0,2.0,250.0,1.008
4416.0,10.0,20.0,2.0,250.0,1.008
4417.0,20.0,20.0,2.0,250.0,1.012
4418.0,40.0,20.0,2.0,250.0,1.012
4419.0,0.0,20.0,2.0,250.0,1.012
4420.0,0.5,20.0,2.0,250.0,1.008
4421.0,1.0,20.0,2.0,250.0,1.008
4422.0,2.0,20.0,2.0,250.0,1.008
4423.0,3.0,20.0,2.0,250.0,1.008
4424.0,5.0,20.0,2.0,250.0,1.012
4425.0,10.0,20.0,2.0,250.0,1.008
4426.0,20.0,20.0,2.0,250.0,1.012
4427.0,40.0,20.0,2.0,250.0,1.012
4428.0,0.0,20.0,2.0,250.0,1.012
4429.0,0.5,20.0,2.0,250.0,1.008
4430.0,1.0,20.0,2.0,250.0,1.008
4431.0,2.0,20.0,2.0,250.0,1.008
4432.0,3.0,20.0,2.0,250.0,1.008
4433.0,5.0,20.0,2.0,250.0,1.012
4434.0,10.0,20.0,2.0,250.0,1.012
4435.0,20.0,20.0,2.0,250.0,1.012
4436.0,40.0,20.0,2.0,250.0,1.012
4437.0,0.0,20.0,2.0,250.0,1.012
4438.0,0.5,20.0,2.0,250.0,1.012
4439.0,1.0,20.0,2.0,250.0,1.012
4440.0,2.0,20.0,2.0,250.0,1.008
4441.0,3.0,20.0,2.0,250.0,1.012
4442.0,5.0,20.0,2.0,250.0,1.008
4443.0,10.0,20.0,2.0,250.0,1.012
4444.0,20.0,20.0,2.0,250.0,1.012
4445.0,40.0,20.0,2.0,250.0,1.012
4446.0,0.0,20.0,2.0,250.0,1.012
4447.0,0.5,20.0,2.0,250.0,1.012
4448.0,1.0,20.0,2.0,250.0,1.012
4449.0,2.0,20.0,2.0,250.0,1.012
4450.0,3.0,20.0,2.0,250.0,1.012
4451.0,5.0,20.0,2.0,250.0,1.012
4452.0,10.0,20.0,2.0,250.0,1.008
4453.0,20.0,20.0,2.0,250.0,1.012
4454.0,40.0,20.0,2.0,250.0,1.012
4455.0,0.0,20.0,2.0,250.0,1.012
4456.0,0.5,20.0,2.0,250.0,1.012
4457.0,1.0,20.0,2.0,250.0,1.012
4458.0,2.0,20.0,2.0,250.0,1.008
4459.0,3.0,20.0,2.0,250.0,1.008
4460.0,5.0,20.0,2.0,250.0,1.012
4461.0,10.0,20.0,2.0,250.0,1.012
4462.0,20.0,20.0,2.0,250.0,1.012
4463.0,40.0,20.0,2.0,250.0,1.012
4464.0,0.0,20.0,2.0,250.0,1.012
4465.0,0.5,20.0,2.0,250.0,1.008
4466.0,1.0,20.0,2.0,250.0,1.008
4467.0,2.0,20.0,2.0,250.0,1.012
4468.0,3.0,20.0,2.0,250.0,1.012
4469.0,5.0,20.0,2.0,250.0,1.012
4470.0,10.0,20.0,2.0,250.0,1.012
4471.0,20.0,20.0,2.0,250.0,1.008
4472.0,40.0,20.0,2.0,250.0,1.012
4473.0,0.0,20.0,2.0,250.0,1.012
4474.0,0.5,20.0,2.0,250.0,1.012
4475.0,1.0,20.0,2.0,250.0,1.008
4476.0,2.0,20.0,2.0,250.0,1.012
4477.0,3.0,20.0,2.0,250.0,1.008
4478.0,5.0,20.0,2.0,250.0,1.008
4479.0,10.0,20.0,2.0,250.0,1.012
4480.0,20.0,20.0,2.0,250.0,1.012
4481.0,40.0,20.0,2.0,250.0,1.012
4482.0,0.0,20.0,2.0,250.0,1.012
4483.0,0.5,20.0,2.0,250.0,1.008
4484.0,1.0,20.0,2.0,250.0,1.012
4485.0,2.0,20.0,2.0,250.0,1.008
4486.0,3.0,20.0,2.0,250.0,1.008
4487.0,5.0,20.0,2.0,250.0,1.012
4488.0,10.0,20.0,2.0,250.0,1.008
4489.0,20.0,20.0,2.0,250.0,1.012
4490.0,40.0,20.0,2.0,250.0,1.012
4491.0,0.0,20.0,2.0,250.0,1.012
4492.0,0.5,20.0,2.0,250.0,1.012
4493.0,1.0,20.0,2.0,250.0,1.012
4494.0,2.0,20.0,2.0,250.0,1.008
4495.0,3.0,20.0,2.0,250.0,1.012
4496.0,5.0,20.0,2.0,250.0,1.012
4497.0,10.0,20.0,2.0,250.0,1.012
4498.0,20.0,20.0,2.0,250.0,1.012
4499.0,40.0,20.0,2.0,250.0,1.008
