Factor 1,Factor 2,Factor 3,Factor 4,Factor 5,Result 1
0.0,0.0,20.0,2.0,25.0,6.0
1.0,0.5,20.0,2.0,25.0,7.0
2.0,1.0,20.0,2.0,25.0,4.32
3.0,2.0,20.0,2.0,25.0,7.16
4.0,3.0,20.0,2.0,25.0,5.24
5.0,5.0,20.0,2.0,25.0,4.16
6.0,10.0,20.0,2.0,25.0,5.6
7.0,20.0,20.0,2.0,25.0,3.68
8.0,40.0,20.0,2.0,25.0,4.16
9.0,0.0,20.0,2.0,25.0,7.08
10.0,0.5,20.0,2.0,25.0,5.96
11.0,1.0,20.0,2.0,25.0,6.0
12.0,2.0,20.0,2.0,25.0,4.8
13.0,3.0,20.0,2.0,25.0,6.92
14.0,5.0,20.0,2.0,25.0,5.84
15.0,10.0,20.0,2.0,25.0,3.96
16.0,20.0,20.0,2.0,25.0,4.0
17.0,40.0,20.0,2.0,25.0,4.12
18.0,0.0,20.0,2.0,25.0,5.28
19.0,0.5,20.0,2.0,25.0,7.12
20.0,1.0,20.0,2.0,25.0,5.52
21.0,2.0,20.0,2.0,25.0,6.08
22.0,3.0,20.0,2.0,25.0,6.6
23.0,5.0,20.0,2.0,25.0,7.0
24.0,10.0,20.0,2.0,25.0,4.4
25.0,20.0,20.0,2.0,25.0,4.24
26.0,40.0,20.0,2.0,25.0,4.12
27.0,0.0,20.0,2.0,25.0,6.32
28.0,0.5,20.0,2.0,25.0,3.96
29.0,1.0,20.0,2.0,25.0,7.08
30.0,2.0,20.0,2.0,25.0,5.64
31.0,3.0,20.0,2.0,25.0,5.04
32.0,5.0,20.0,2.0,25.0,5.28
33.0,10.0,20.0,2.0,25.0,5.16
34.0,20.0,20.0,2.0,25.0,5.88
35.0,40.0,20.0,2.0,25.0,3.56
36.0,0.0,20.0,2.0,25.0,6.36
37.0,0.5,20.0,2.0,25.0,6.32
38.0,1.0,20.0,2.0,25.0,5.28
39.0,2.0,20.0,2.0,25.0,6.92
40.0,3.0,20.0,2.0,25.0,7.28
41.0,5.0,20.0,2.0,25.0,4.24
42.0,10.0,20.0,2.0,25.0,3.72
43.0,20.0,20.0,2.0,25.0,3.96
44.0,40.0,20.0,2.0,25.0,4.92
45.0,0.0,20.0,2.0,25.0,7.0
46.0,0.5,20.0,2.0,25.0,6.24
47.0,1.0,20.0,2.0,25.0,6.76
48.0,2.0,20.0,2.0,25.0,6.2
49.0,3.0,20.0,2.0,25.0,6.44
50.0,5.0,20.0,2.0,25.0,6.08
51.0,10.0,20.0,2.0,25.0,4.96
52.0,20.0,20.0,2.0,25.0,4.16
53.0,40.0,20.0,2.0,25.0,3.64
54.0,0.0,20.0,2.0,25.0,6.8
55.0,0.5,20.0,2.0,25.0,5.8
56.0,1.0,20.0,2.0,25.0,5.52
57.0,2.0,20.0,2.0,25.0,4.32
58.0,3.0,20.0,2.0,25.0,6.8
59.0,5.0,20.0,2.0,25.0,5.6
60.0,10.0,20.0,2.0,25.0,6.08
61.0,20.0,20.0,2.0,25.0,3.72
62.0,40.0,20.0,2.0,25.0,4.12
63.0,0.0,20.0,2.0,25.0,6.56
64.0,0.5,20.0,2.0,25.0,6.4
65.0,1.0,20.0,2.0,25.0,6.16
66.0,2.0,20.0,2.0,25.0,7.04
67.0,3.0,20.0,2.0,25.0,5.28
68.0,5.0,20.0,2.0,25.0,4.08
69.0,10.0,20.0,2.0,25.0,4.68
70.0,20.0,20.0,2.0,25.0,3.64
71.0,40.0,20.0,2.0,25.0,3.64
72.0,0.0,20.0,2.0,25.0,4.36
73.0,0.5,20.0,2.0,25.0,5.96
74.0,1.0,20.0,2.0,25.0,6.68
75.0,2.0,20.0,2.0,25.0,4.32
76.0,3.0,20.0,2.0,25.0,6.08
77.0,5.0,20.0,2.0,25.0,4.8
78.0,10.0,20.0,2.0,25.0,4.72
79.0,20.0,20.0,2.0,25.0,3.64
80.0,40.0,20.0,2.0,25.0,4.16
81.0,0.0,20.0,2.0,25.0,4.36
82.0,0.5,20.0,2.0,25.0,7.0
83.0,1.0,20.0,2.0,25.0,6.0
84.0,2.0,20.0,2.0,25.0,7.04
85.0,3.0,20.0,2.0,25.0,5.12
86.0,5.0,20.0,2.0,25.0,4.16
87.0,10.0,20.0,2.0,25.0,3.68
88.0,20.0,20.0,2.0,25.0,4.0
89.0,40.0,20.0,2.0,25.0,3.72
90.0,0.0,20.0,2.0,25.0,6.44
91.0,0.5,20.0,2.0,25.0,6.48
92.0,1.0,20.0,2.0,25.0,6.68
93.0,2.0,20.0,2.0,25.0,5.88
94.0,3.0,20.0,2.0,25.0,5.0
95.0,5.0,20.0,2.0,25.0,4.52
96.0,10.0,20.0,2.0,25.0,5.32
97.0,20.0,20.0,2.0,25.0,3.56
98.0,40.0,20.0,2.0,25.0,4.84
99.0,0.0,20.0,2.0,25.0,5.64
100.0,0.5,20.0,2.0,25.0,6.2
101.0,1.0,20.0,2.0,25.0,6.68
102.0,2.0,20.0,2.0,25.0,6.72
103.0,3.0,20.0,2.0,25.0,6.64
104.0,5.0,20.0,2.0,25.0,6.36
105.0,10.0,20.0,2.0,25.0,6.44
106.0,20.0,20.0,2.0,25.0,4.08
107.0,40.0,20.0,2.0,25.0,3.68
108.0,0.0,20.0,2.0,25.0,6.0
109.0,0.5,20.0,2.0,25.0,6.16
110.0,1.0,20.0,2.0,25.0,6.44
111.0,2.0,20.0,2.0,25.0,6.56
112.0,3.0,20.0,2.0,25.0,7.36
113.0,5.0,20.0,2.0,25.0,3.76
114.0,10.0,20.0,2.0,25.0,5.76
115.0,20.0,20.0,2.0,25.0,4.52
116.0,40.0,20.0,2.0,25.0,3.72
117.0,0.0,20.0,2.0,25.0,6.68
118.0,0.5,20.0,2.0,25.0,6.32
119.0,1.0,20.0,2.0,25.0,4.64
120.0,2.0,20.0,2.0,25.0,6.2
121.0,3.0,20.0,2.0,25.0,6.56
122.0,5.0,20.0,2.0,25.0,3.92
123.0,10.0,20.0,2.0,25.0,4.04
124.0,20.0,20.0,2.0,25.0,3.76
125.0,40.0,20.0,2.0,25.0,4.04
126.0,0.0,20.0,2.0,25.0,6.24
127.0,0.5,20.0,2.0,25.0,6.24
128.0,1.0,20.0,2.0,25.0,6.72
129.0,2.0,20.0,2.0,25.0,6.08
130.0,3.0,20.0,2.0,25.0,6.16
131.0,5.0,20.0,2.0,25.0,3.56
132.0,10.0,20.0,2.0,25.0,3.84
133.0,20.0,20.0,2.0,25.0,3.56
134.0,40.0,20.0,2.0,25.0,4.0
135.0,0.0,20.0,2.0,25.0,5.8
136.0,0.5,20.0,2.0,25.0,6.44
137.0,1.0,20.0,2.0,25.0,5.96
138.0,2.0,20.0,2.0,25.0,6.0
139.0,3.0,20.0,2.0,25.0,5.8
140.0,5.0,20.0,2.0,25.0,4.76
141.0,10.0,20.0,2.0,25.0,3.96
142.0,20.0,20.0,2.0,25.0,4.24
143.0,40.0,20.0,2.0,25.0,4.48
144.0,0.0,20.0,2.0,25.0,7.04
145.0,0.5,20.0,2.0,25.0,6.36
146.0,1.0,20.0,2.0,25.0,6.32
147.0,2.0,20.0,2.0,25.0,6.6
148.0,3.0,20.0,2.0,25.0,6.4
149.0,5.0,20.0,2.0,25.0,3.68
150.0,10.0,20.0,2.0,25.0,4.96
151.0,20.0,20.0,2.0,25.0,4.2
152.0,40.0,20.0,2.0,25.0,3.72
153.0,0.0,20.0,2.0,25.0,6.2
154.0,0.5,20.0,2.0,25.0,5.68
155.0,1.0,20.0,2.0,25.0,6.2
156.0,2.0,20.0,2.0,25.0,6.08
157.0,3.0,20.0,2.0,25.0,6.24
158.0,5.0,20.0,2.0,25.0,5.8
159.0,10.0,20.0,2.0,25.0,3.8
160.0,20.0,20.0,2.0,25.0,4.84
161.0,40.0,20.0,2.0,25.0,3.84
162.0,0.0,20.0,2.0,25.0,6.36
163.0,0.5,20.0,2.0,25.0,7.2
164.0,1.0,20.0,2.0,25.0,6.76
165.0,2.0,20.0,2.0,25.0,7.2
166.0,3.0,20.0,2.0,25.0,4.28
167.0,5.0,20.0,2.0,25.0,4.8
168.0,10.0,20.0,2.0,25.0,3.72
169.0,20.0,20.0,2.0,25.0,3.6
170.0,40.0,20.0,2.0,25.0,4.12
171.0,0.0,20.0,2.0,25.0,6.4
172.0,0.5,20.0,2.0,25.0,6.36
173.0,1.0,20.0,2.0,25.0,6.12
174.0,2.0,20.0,2.0,25.0,6.24
175.0,3.0,20.0,2.0,25.0,4.0
176.0,5.0,20.0,2.0,25.0,4.2
177.0,10.0,20.0,2.0,25.0,3.8
178.0,20.0,20.0,2.0,25.0,3.88
179.0,40.0,20.0,2.0,25.0,3.6
180.0,0.0,20.0,2.0,25.0,6.0
181.0,0.5,20.0,2.0,25.0,6.76
182.0,1.0,20.0,2.0,25.0,6.16
183.0,2.0,20.0,2.0,25.0,7.08
184.0,3.0,20.0,2.0,25.0,6.68
185.0,5.0,20.0,2.0,25.0,4.28
186.0,10.0,20.0,2.0,25.0,4.04
187.0,20.0,20.0,2.0,25.0,3.8
188.0,40.0,20.0,2.0,25.0,3.8
189.0,0.0,20.0,2.0,25.0,6.52
190.0,0.5,20.0,2.0,25.0,5.76
191.0,1.0,20.0,2.0,25.0,6.16
192.0,2.0,20.0,2.0,25.0,5.96
193.0,3.0,20.0,2.0,25.0,6.84
194.0,5.0,20.0,2.0,25.0,3.96
195.0,10.0,20.0,2.0,25.0,3.76
196.0,20.0,20.0,2.0,25.0,3.8
197.0,40.0,20.0,2.0,25.0,4.44
198.0,0.0,20.0,2.0,25.0,7.36
199.0,0.5,20.0,2.0,25.0,6.24
200.0,1.0,20.0,2.0,25.0,6.76
201.0,2.0,20.0,2.0,25.0,5.44
202.0,3.0,20.0,2.0,25.0,4.12
203.0,5.0,20.0,2.0,25.0,4.0
204.0,10.0,20.0,2.0,25.0,3.96
205.0,20.0,20.0,2.0,25.0,3.96
206.0,40.0,20.0,2.0,25.0,4.8
207.0,0.0,20.0,2.0,25.0,7.24
208.0,0.5,20.0,2.0,25.0,7.48
209.0,1.0,20.0,2.0,25.0,6.92
210.0,2.0,20.0,2.0,25.0,6.12
211.0,3.0,20.0,2.0,25.0,4.88
212.0,5.0,20.0,2.0,25.0,4.2
213.0,10.0,20.0,2.0,25.0,4.0
214.0,20.0,20.0,2.0,25.0,4.52
215.0,40.0,20.0,2.0,25.0,3.84
216.0,0.0,20.0,2.0,25.0,5.96
217.0,0.5,20.0,2.0,25.0,6.28
218.0,1.0,20.0,2.0,25.0,5.96
219.0,2.0,20.0,2.0,25.0,3.72
220.0,3.0,20.0,2.0,25.0,6.68
221.0,5.0,20.0,2.0,25.0,5.04
222.0,10.0,20.0,2.0,25.0,3.76
223.0,20.0,20.0,2.0,25.0,3.52
224.0,40.0,20.0,2.0,25.0,4.72
225.0,0.0,20.0,2.0,25.0,6.28
226.0,0.5,20.0,2.0,25.0,6.0
227.0,1.0,20.0,2.0,25.0,6.84
228.0,2.0,20.0,2.0,25.0,6.08
229.0,3.0,20.0,2.0,25.0,5.32
230.0,5.0,20.0,2.0,25.0,3.92
231.0,10.0,20.0,2.0,25.0,3.72
232.0,20.0,20.0,2.0,25.0,3.76
233.0,40.0,20.0,2.0,25.0,4.76
234.0,0.0,20.0,2.0,25.0,6.04
235.0,0.5,20.0,2.0,25.0,6.36
236.0,1.0,20.0,2.0,25.0,4.48
237.0,2.0,20.0,2.0,25.0,6.36
238.0,3.0,20.0,2.0,25.0,5.92
239.0,5.0,20.0,2.0,25.0,5.52
240.0,10.0,20.0,2.0,25.0,4.2
241.0,20.0,20.0,2.0,25.0,3.6
242.0,40.0,20.0,2.0,25.0,3.52
243.0,0.0,20.0,2.0,25.0,7.24
244.0,0.5,20.0,2.0,25.0,5.72
245.0,1.0,20.0,2.0,25.0,4.44
246.0,2.0,20.0,2.0,25.0,6.08
247.0,3.0,20.0,2.0,25.0,6.0
248.0,5.0,20.0,2.0,25.0,5.28
249.0,10.0,20.0,2.0,25.0,3.88
250.0,20.0,20.0,2.0,25.0,4.4
251.0,40.0,20.0,2.0,25.0,4.12
252.0,0.0,20.0,2.0,25.0,6.44
253.0,0.5,20.0,2.0,25.0,7.28
254.0,1.0,20.0,2.0,25.0,6.52
255.0,2.0,20.0,2.0,25.0,6.56
256.0,3.0,20.0,2.0,25.0,4.16
257.0,5.0,20.0,2.0,25.0,3.8
258.0,10.0,20.0,2.0,25.0,3.8
259.0,20.0,20.0,2.0,25.0,3.52
260.0,40.0,20.0,2.0,25.0,4.2
261.0,0.0,20.0,2.0,25.0,6.92
262.0,0.5,20.0,2.0,25.0,4.88
263.0,1.0,20.0,2.0,25.0,5.28
264.0,2.0,20.0,2.0,25.0,5.08
265.0,3.0,20.0,2.0,25.0,7.12
266.0,5.0,20.0,2.0,25.0,6.44
267.0,10.0,20.0,2.0,25.0,5.52
268.0,20.0,20.0,2.0,25.0,4.44
269.0,40.0,20.0,2.0,25.0,3.8
270.0,0.0,20.0,2.0,25.0,6.92
271.0,0.5,20.0,2.0,25.0,6.64
272.0,1.0,20.0,2.0,25.0,6.2
273.0,2.0,20.0,2.0,25.0,5.52
274.0,3.0,20.0,2.0,25.0,6.08
275.0,5.0,20.0,2.0,25.0,5.8
276.0,10.0,20.0,2.0,25.0,5.68
277.0,20.0,20.0,2.0,25.0,3.68
278.0,40.0,20.0,2.0,25.0,3.92
279.0,0.0,20.0,2.0,25.0,6.36
280.0,0.5,20.0,2.0,25.0,6.24
281.0,1.0,20.0,2.0,25.0,5.08
282.0,2.0,20.0,2.0,25.0,3.72
283.0,3.0,20.0,2.0,25.0,4.32
284.0,5.0,20.0,2.0,25.0,5.56
285.0,10.0,20.0,2.0,25.0,4.4
286.0,20.0,20.0,2.0,25.0,4.32
287.0,40.0,20.0,2.0,25.0,3.96
288.0,0.0,20.0,2.0,25.0,6.96
289.0,0.5,20.0,2.0,25.0,6.6
290.0,1.0,20.0,2.0,25.0,4.24
291.0,2.0,20.0,2.0,25.0,7.48
292.0,3.0,20.0,2.0,25.0,5.0
293.0,5.0,20.0,2.0,25.0,4.12
294.0,10.0,20.0,2.0,25.0,3.68
295.0,20.0,20.0,2.0,25.0,3.88
296.0,40.0,20.0,2.0,25.0,3.84
297.0,0.0,20.0,2.0,25.0,6.16
298.0,0.5,20.0,2.0,25.0,6.56
299.0,1.0,20.0,2.0,25.0,6.68
300.0,2.0,20.0,2.0,25.0,5.8
301.0,3.0,20.0,2.0,25.0,6.6
302.0,5.0,20.0,2.0,25.0,5.36
303.0,10.0,20.0,2.0,25.0,6.48
304.0,20.0,20.0,2.0,25.0,3.92
305.0,40.0,20.0,2.0,25.0,4.8
306.0,0.0,20.0,2.0,25.0,7.08
307.0,0.5,20.0,2.0,25.0,5.2
308.0,1.0,20.0,2.0,25.0,6.72
309.0,2.0,20.0,2.0,25.0,7.0
310.0,3.0,20.0,2.0,25.0,6.64
311.0,5.0,20.0,2.0,25.0,5.76
312.0,10.0,20.0,2.0,25.0,4.24
313.0,20.0,20.0,2.0,25.0,3.48
314.0,40.0,20.0,2.0,25.0,3.76
315.0,0.0,20.0,2.0,25.0,6.0
316.0,0.5,20.0,2.0,25.0,6.8
317.0,1.0,20.0,2.0,25.0,6.44
318.0,2.0,20.0,2.0,25.0,3.56
319.0,3.0,20.0,2.0,25.0,6.04
320.0,5.0,20.0,2.0,25.0,5.0
321.0,10.0,20.0,2.0,25.0,3.96
322.0,20.0,20.0,2.0,25.0,3.48
323.0,40.0,20.0,2.0,25.0,3.56
324.0,0.0,20.0,2.0,25.0,6.92
325.0,0.5,20.0,2.0,25.0,4.64
326.0,1.0,20.0,2.0,25.0,6.56
327.0,2.0,20.0,2.0,25.0,5.68
328.0,3.0,20.0,2.0,25.0,4.2
329.0,5.0,20.0,2.0,25.0,4.32
330.0,10.0,20.0,2.0,25.0,4.16
331.0,20.0,20.0,2.0,25.0,3.92
332.0,40.0,20.0,2.0,25.0,4.4
333.0,0.0,20.0,2.0,25.0,6.4
334.0,0.5,20.0,2.0,25.0,6.2
335.0,1.0,20.0,2.0,25.0,6.0
336.0,2.0,20.0,2.0,25.0,3.76
337.0,3.0,20.0,2.0,25.0,5.8
338.0,5.0,20.0,2.0,25.0,5.68
339.0,10.0,20.0,2.0,25.0,3.92
340.0,20.0,20.0,2.0,25.0,3.52
341.0,40.0,20.0,2.0,25.0,3.64
342.0,0.0,20.0,2.0,25.0,6.52
343.0,0.5,20.0,2.0,25.0,6.76
344.0,1.0,20.0,2.0,25.0,5.32
345.0,2.0,20.0,2.0,25.0,6.08
346.0,3.0,20.0,2.0,25.0,5.04
347.0,5.0,20.0,2.0,25.0,4.8
348.0,10.0,20.0,2.0,25.0,4.12
349.0,20.0,20.0,2.0,25.0,4.32
350.0,40.0,20.0,2.0,25.0,4.64
351.0,0.0,20.0,2.0,25.0,5.96
352.0,0.5,20.0,2.0,25.0,4.28
353.0,1.0,20.0,2.0,25.0,6.56
354.0,2.0,20.0,2.0,25.0,4.36
355.0,3.0,20.0,2.0,25.0,4.24
356.0,5.0,20.0,2.0,25.0,4.08
357.0,10.0,20.0,2.0,25.0,4.2
358.0,20.0,20.0,2.0,25.0,4.36
359.0,40.0,20.0,2.0,25.0,3.72
360.0,0.0,20.0,2.0,25.0,6.64
361.0,0.5,20.0,2.0,25.0,6.04
362.0,1.0,20.0,2.0,25.0,6.56
363.0,2.0,20.0,2.0,25.0,6.08
364.0,3.0,20.0,2.0,25.0,4.2
365.0,5.0,20.0,2.0,25.0,5.76
366.0,10.0,20.0,2.0,25.0,4.4
367.0,20.0,20.0,2.0,25.0,4.6
368.0,40.0,20.0,2.0,25.0,4.6
369.0,0.0,20.0,2.0,25.0,6.0
370.0,0.5,20.0,2.0,25.0,5.48
371.0,1.0,20.0,2.0,25.0,6.68
372.0,2.0,20.0,2.0,25.0,6.36
373.0,3.0,20.0,2.0,25.0,6.12
374.0,5.0,20.0,2.0,25.0,6.04
375.0,10.0,20.0,2.0,25.0,3.96
376.0,20.0,20.0,2.0,25.0,4.44
377.0,40.0,20.0,2.0,25.0,4.44
378.0,0.0,20.0,2.0,25.0,5.52
379.0,0.5,20.0,2.0,25.0,6.2
380.0,1.0,20.0,2.0,25.0,5.28
381.0,2.0,20.0,2.0,25.0,6.28
382.0,3.0,20.0,2.0,25.0,4.0
383.0,5.0,20.0,2.0,25.0,5.96
384.0,10.0,20.0,2.0,25.0,5.64
385.0,20.0,20.0,2.0,25.0,3.92
386.0,40.0,20.0,2.0,25.0,4.88
387.0,0.0,20.0,2.0,25.0,7.08
388.0,0.5,20.0,2.0,25.0,7.28
389.0,1.0,20.0,2.0,25.0,6.56
390.0,2.0,20.0,2.0,25.0,6.44
391.0,3.0,20.0,2.0,25.0,4.32
392.0,5.0,20.0,2.0,25.0,4.76
393.0,10.0,20.0,2.0,25.0,4.6
394.0,20.0,20.0,2.0,25.0,3.96
395.0,40.0,20.0,2.0,25.0,4.2
396.0,0.0,20.0,2.0,25.0,6.36
397.0,0.5,20.0,2.0,25.0,6.0
398.0,1.0,20.0,2.0,25.0,6.32
399.0,2.0,20.0,2.0,25.0,5.72
400.0,3.0,20.0,2.0,25.0,4.96
401.0,5.0,20.0,2.0,25.0,4.08
402.0,10.0,20.0,2.0,25.0,4.08
403.0,20.0,20.0,2.0,25.0,4.36
404.0,40.0,20.0,2.0,25.0,3.76
405.0,0.0,20.0,2.0,25.0,5.2
406.0,0.5,20.0,2.0,25.0,6.12
407.0,1.0,20.0,2.0,25.0,6.08
408.0,2.0,20.0,2.0,25.0,6.84
409.0,3.0,20.0,2.0,25.0,5.8
410.0,5.0,20.0,2.0,25.0,6.56
411.0,10.0,20.0,2.0,25.0,4.48
412.0,20.0,20.0,2.0,25.0,4.24
413.0,40.0,20.0,2.0,25.0,4.32
414.0,0.0,20.0,2.0,25.0,6.16
415.0,0.5,20.0,2.0,25.0,6.08
416.0,1.0,20.0,2.0,25.0,6.92
417.0,2.0,20.0,2.0,25.0,6.64
418.0,3.0,20.0,2.0,25.0,6.08
419.0,5.0,20.0,2.0,25.0,5.28
420.0,10.0,20.0,2.0,25.0,5.6
421.0,20.0,20.0,2.0,25.0,4.2
422.0,40.0,20.0,2.0,25.0,3.6
423.0,0.0,20.0,2.0,25.0,6.08
424.0,0.5,20.0,2.0,25.0,6.72
425.0,1.0,20.0,2.0,25.0,5.8
426.0,2.0,20.0,2.0,25.0,7.24
427.0,3.0,20.0,2.0,25.0,6.64
428.0,5.0,20.0,2.0,25.0,4.32
429.0,10.0,20.0,2.0,25.0,3.88
430.0,20.0,20.0,2.0,25.0,3.92
431.0,40.0,20.0,2.0,25.0,3.64
432.0,0.0,20.0,2.0,25.0,7.0
433.0,0.5,20.0,2.0,25.0,4.64
434.0,1.0,20.0,2.0,25.0,5.96
435.0,2.0,20.0,2.0,25.0,6.84
436.0,3.0,20.0,2.0,25.0,4.96
437.0,5.0,20.0,2.0,25.0,6.56
438.0,10.0,20.0,2.0,25.0,3.84
439.0,20.0,20.0,2.0,25.0,5.2
440.0,40.0,20.0,2.0,25.0,4.0
441.0,0.0,20.0,2.0,25.0,6.44
442.0,0.5,20.0,2.0,25.0,6.92
443.0,1.0,20.0,2.0,25.0,5.68
444.0,2.0,20.0,2.0,25.0,4.56
445.0,3.0,20.0,2.0,25.0,3.92
446.0,5.0,20.0,2.0,25.0,4.32
447.0,10.0,20.0,2.0,25.0,4.4
448.0,20.0,20.0,2.0,25.0,4.16
449.0,40.0,20.0,2.0,25.0,3.8
450.0,0.0,20.0,2.0,50.0,10.98
451.0,0.5,20.0,2.0,50.0,9.68
452.0,1.0,20.0,2.0,50.0,11.54
453.0,2.0,20.0,2.0,50.0,7.4
454.0,3.0,20.0,2.0,50.0,9.32
455.0,5.0,20.0,2.0,50.0,5.86
456.0,10.0,20.0,2.0,50.0,6.46
457.0,20.0,20.0,2.0,50.0,6.04
458.0,40.0,20.0,2.0,50.0,7.52
459.0,0.0,20.0,2.0,50.0,12.28
460.0,0.5,20.0,2.0,50.0,12.34
461.0,1.0,20.0,2.0,50.0,8.62
462.0,2.0,20.0,2.0,50.0,12.42
463.0,3.0,20.0,2.0,50.0,12.08
464.0,5.0,20.0,2.0,50.0,9.68
465.0,10.0,20.0,2.0,50.0,5.54
466.0,20.0,20.0,2.0,50.0,6.78
467.0,40.0,20.0,2.0,50.0,7.02
468.0,0.0,20.0,2.0,50.0,12.76
469.0,0.5,20.0,2.0,50.0,12.94
470.0,1.0,20.0,2.0,50.0,8.14
471.0,2.0,20.0,2.0,50.0,9.88
472.0,3.0,20.0,2.0,50.0,9.86
473.0,5.0,20.0,2.0,50.0,7.06
474.0,10.0,20.0,2.0,50.0,5.92
475.0,20.0,20.0,2.0,50.0,6.32
476.0,40.0,20.0,2.0,50.0,5.74
477.0,0.0,20.0,2.0,50.0,9.06
478.0,0.5,20.0,2.0,50.0,12.74
479.0,1.0,20.0,2.0,50.0,14.42
480.0,2.0,20.0,2.0,50.0,8.72
481.0,3.0,20.0,2.0,50.0,7.48
482.0,5.0,20.0,2.0,50.0,8.32
483.0,10.0,20.0,2.0,50.0,6.68
484.0,20.0,20.0,2.0,50.0,5.46
485.0,40.0,20.0,2.0,50.0,7.7
486.0,0.0,20.0,2.0,50.0,11.52
487.0,0.5,20.0,2.0,50.0,6.96
488.0,1.0,20.0,2.0,50.0,10.44
489.0,2.0,20.0,2.0,50.0,6.76
490.0,3.0,20.0,2.0,50.0,8.98
491.0,5.0,20.0,2.0,50.0,8.48
492.0,10.0,20.0,2.0,50.0,5.62
493.0,20.0,20.0,2.0,50.0,5.58
494.0,40.0,20.0,2.0,50.0,6.72
495.0,0.0,20.0,2.0,50.0,7.58
496.0,0.5,20.0,2.0,50.0,7.58
497.0,1.0,20.0,2.0,50.0,6.34
498.0,2.0,20.0,2.0,50.0,5.56
499.0,3.0,20.0,2.0,50.0,6.18
500.0,5.0,20.0,2.0,50.0,5.88
501.0,10.0,20.0,2.0,50.0,5.92
502.0,20.0,20.0,2.0,50.0,6.3
503.0,40.0,20.0,2.0,50.0,7.26
504.0,0.0,20.0,2.0,50.0,14.22
505.0,0.5,20.0,2.0,50.0,9.74
506.0,1.0,20.0,2.0,50.0,10.32
507.0,2.0,20.0,2.0,50.0,14.14
508.0,3.0,20.0,2.0,50.0,8.06
509.0,5.0,20.0,2.0,50.0,8.16
510.0,10.0,20.0,2.0,50.0,6.48
511.0,20.0,20.0,2.0,50.0,6.26
512.0,40.0,20.0,2.0,50.0,7.6
513.0,0.0,20.0,2.0,50.0,12.64
514.0,0.5,20.0,2.0,50.0,8.16
515.0,1.0,20.0,2.0,50.0,5.82
516.0,2.0,20.0,2.0,50.0,5.32
517.0,3.0,20.0,2.0,50.0,8.22
518.0,5.0,20.0,2.0,50.0,12.64
519.0,10.0,20.0,2.0,50.0,5.66
520.0,20.0,20.0,2.0,50.0,5.6
521.0,40.0,20.0,2.0,50.0,7.12
522.0,0.0,20.0,2.0,50.0,12.34
523.0,0.5,20.0,2.0,50.0,13.24
524.0,1.0,20.0,2.0,50.0,6.94
525.0,2.0,20.0,2.0,50.0,7.16
526.0,3.0,20.0,2.0,50.0,9.78
527.0,5.0,20.0,2.0,50.0,7.56
528.0,10.0,20.0,2.0,50.0,5.84
529.0,20.0,20.0,2.0,50.0,6.42
530.0,40.0,20.0,2.0,50.0,6.52
531.0,0.0,20.0,2.0,50.0,12.54
532.0,0.5,20.0,2.0,50.0,7.76
533.0,1.0,20.0,2.0,50.0,12.6
534.0,2.0,20.0,2.0,50.0,7.56
535.0,3.0,20.0,2.0,50.0,6.08
536.0,5.0,20.0,2.0,50.0,6.4
537.0,10.0,20.0,2.0,50.0,6.24
538.0,20.0,20.0,2.0,50.0,7.24
539.0,40.0,20.0,2.0,50.0,6.08
540.0,0.0,20.0,2.0,50.0,11.06
541.0,0.5,20.0,2.0,50.0,10.58
542.0,1.0,20.0,2.0,50.0,12.32
543.0,2.0,20.0,2.0,50.0,8.22
544.0,3.0,20.0,2.0,50.0,6.72
545.0,5.0,20.0,2.0,50.0,7.22
546.0,10.0,20.0,2.0,50.0,6.1
547.0,20.0,20.0,2.0,50.0,6.48
548.0,40.0,20.0,2.0,50.0,6.34
549.0,0.0,20.0,2.0,50.0,12.1
550.0,0.5,20.0,2.0,50.0,10.0
551.0,1.0,20.0,2.0,50.0,6.58
552.0,2.0,20.0,2.0,50.0,13.98
553.0,3.0,20.0,2.0,50.0,6.2
554.0,5.0,20.0,2.0,50.0,6.0
555.0,10.0,20.0,2.0,50.0,9.14
556.0,20.0,20.0,2.0,50.0,6.52
557.0,40.0,20.0,2.0,50.0,7.3
558.0,0.0,20.0,2.0,50.0,12.56
559.0,0.5,20.0,2.0,50.0,11.92
560.0,1.0,20.0,2.0,50.0,8.0
561.0,2.0,20.0,2.0,50.0,6.8
562.0,3.0,20.0,2.0,50.0,7.64
563.0,5.0,20.0,2.0,50.0,12.44
564.0,10.0,20.0,2.0,50.0,6.02
565.0,20.0,20.0,2.0,50.0,5.94
566.0,40.0,20.0,2.0,50.0,7.62
567.0,0.0,20.0,2.0,50.0,12.16
568.0,0.5,20.0,2.0,50.0,12.28
569.0,1.0,20.0,2.0,50.0,8.48
570.0,2.0,20.0,2.0,50.0,10.74
571.0,3.0,20.0,2.0,50.0,11.82
572.0,5.0,20.0,2.0,50.0,6.88
573.0,10.0,20.0,2.0,50.0,6.82
574.0,20.0,20.0,2.0,50.0,6.08
575.0,40.0,20.0,2.0,50.0,6.94
576.0,0.0,20.0,2.0,50.0,12.92
577.0,0.5,20.0,2.0,50.0,9.32
578.0,1.0,20.0,2.0,50.0,11.9
579.0,2.0,20.0,2.0,50.0,9.18
580.0,3.0,20.0,2.0,50.0,11.78
581.0,5.0,20.0,2.0,50.0,9.64
582.0,10.0,20.0,2.0,50.0,6.18
583.0,20.0,20.0,2.0,50.0,5.98
584.0,40.0,20.0,2.0,50.0,5.6
585.0,0.0,20.0,2.0,50.0,11.5
586.0,0.5,20.0,2.0,50.0,6.16
587.0,1.0,20.0,2.0,50.0,11.9
588.0,2.0,20.0,2.0,50.0,5.7
589.0,3.0,20.0,2.0,50.0,8.24
590.0,5.0,20.0,2.0,50.0,7.02
591.0,10.0,20.0,2.0,50.0,7.78
592.0,20.0,20.0,2.0,50.0,5.72
593.0,40.0,20.0,2.0,50.0,7.08
594.0,0.0,20.0,2.0,50.0,8.7
595.0,0.5,20.0,2.0,50.0,11.68
596.0,1.0,20.0,2.0,50.0,7.94
597.0,2.0,20.0,2.0,50.0,10.74
598.0,3.0,20.0,2.0,50.0,8.54
599.0,5.0,20.0,2.0,50.0,8.74
600.0,10.0,20.0,2.0,50.0,5.68
601.0,20.0,20.0,2.0,50.0,5.3
602.0,40.0,20.0,2.0,50.0,8.1
603.0,0.0,20.0,2.0,50.0,11.12
604.0,0.5,20.0,2.0,50.0,11.04
605.0,1.0,20.0,2.0,50.0,8.64
606.0,2.0,20.0,2.0,50.0,8.28
607.0,3.0,20.0,2.0,50.0,5.62
608.0,5.0,20.0,2.0,50.0,6.14
609.0,10.0,20.0,2.0,50.0,6.82
610.0,20.0,20.0,2.0,50.0,6.18
611.0,40.0,20.0,2.0,50.0,7.3
612.0,0.0,20.0,2.0,50.0,12.12
613.0,0.5,20.0,2.0,50.0,10.22
614.0,1.0,20.0,2.0,50.0,11.82
615.0,2.0,20.0,2.0,50.0,11.5
616.0,3.0,20.0,2.0,50.0,11.54
617.0,5.0,20.0,2.0,50.0,7.64
618.0,10.0,20.0,2.0,50.0,6.24
619.0,20.0,20.0,2.0,50.0,6.68
620.0,40.0,20.0,2.0,50.0,6.58
621.0,0.0,20.0,2.0,50.0,11.68
622.0,0.5,20.0,2.0,50.0,13.98
623.0,1.0,20.0,2.0,50.0,8.72
624.0,2.0,20.0,2.0,50.0,12.1
625.0,3.0,20.0,2.0,50.0,7.88
626.0,5.0,20.0,2.0,50.0,8.18
627.0,10.0,20.0,2.0,50.0,6.0
628.0,20.0,20.0,2.0,50.0,6.0
629.0,40.0,20.0,2.0,50.0,6.2
630.0,0.0,20.0,2.0,50.0,10.06
631.0,0.5,20.0,2.0,50.0,9.0
632.0,1.0,20.0,2.0,50.0,11.94
633.0,2.0,20.0,2.0,50.0,9.82
634.0,3.0,20.0,2.0,50.0,6.26
635.0,5.0,20.0,2.0,50.0,5.82
636.0,10.0,20.0,2.0,50.0,6.66
637.0,20.0,20.0,2.0,50.0,6.06
638.0,40.0,20.0,2.0,50.0,7.24
639.0,0.0,20.0,2.0,50.0,10.02
640.0,0.5,20.0,2.0,50.0,13.32
641.0,1.0,20.0,2.0,50.0,9.28
642.0,2.0,20.0,2.0,50.0,6.26
643.0,3.0,20.0,2.0,50.0,5.7
644.0,5.0,20.0,2.0,50.0,6.82
645.0,10.0,20.0,2.0,50.0,8.32
646.0,20.0,20.0,2.0,50.0,7.32
647.0,40.0,20.0,2.0,50.0,6.1
648.0,0.0,20.0,2.0,50.0,10.92
649.0,0.5,20.0,2.0,50.0,14.78
650.0,1.0,20.0,2.0,50.0,6.24
651.0,2.0,20.0,2.0,50.0,7.74
652.0,3.0,20.0,2.0,50.0,7.66
653.0,5.0,20.0,2.0,50.0,7.0
654.0,10.0,20.0,2.0,50.0,8.92
655.0,20.0,20.0,2.0,50.0,6.74
656.0,40.0,20.0,2.0,50.0,5.9
657.0,0.0,20.0,2.0,50.0,10.5
658.0,0.5,20.0,2.0,50.0,12.02
659.0,1.0,20.0,2.0,50.0,13.9
660.0,2.0,20.0,2.0,50.0,12.26
661.0,3.0,20.0,2.0,50.0,12.64
662.0,5.0,20.0,2.0,50.0,6.08
663.0,10.0,20.0,2.0,50.0,6.42
664.0,20.0,20.0,2.0,50.0,6.84
665.0,40.0,20.0,2.0,50.0,5.2
666.0,0.0,20.0,2.0,50.0,9.12
667.0,0.5,20.0,2.0,50.0,10.9
668.0,1.0,20.0,2.0,50.0,8.36
669.0,2.0,20.0,2.0,50.0,7.5
670.0,3.0,20.0,2.0,50.0,7.66
671.0,5.0,20.0,2.0,50.0,9.64
672.0,10.0,20.0,2.0,50.0,6.4
673.0,20.0,20.0,2.0,50.0,5.84
674.0,40.0,20.0,2.0,50.0,5.56
675.0,0.0,20.0,2.0,50.0,11.94
676.0,0.5,20.0,2.0,50.0,11.44
677.0,1.0,20.0,2.0,50.0,11.04
678.0,2.0,20.0,2.0,50.0,7.12
679.0,3.0,20.0,2.0,50.0,6.42
680.0,5.0,20.0,2.0,50.0,5.66
681.0,10.0,20.0,2.0,50.0,5.8
682.0,20.0,20.0,2.0,50.0,5.82
683.0,40.0,20.0,2.0,50.0,6.0
684.0,0.0,20.0,2.0,50.0,8.72
685.0,0.5,20.0,2.0,50.0,12.52
686.0,1.0,20.0,2.0,50.0,12.22
687.0,2.0,20.0,2.0,50.0,6.52
688.0,3.0,20.0,2.0,50.0,9.34
689.0,5.0,20.0,2.0,50.0,8.18
690.0,10.0,20.0,2.0,50.0,5.76
691.0,20.0,20.0,2.0,50.0,5.52
692.0,40.0,20.0,2.0,50.0,5.86
693.0,0.0,20.0,2.0,50.0,14.16
694.0,0.5,20.0,2.0,50.0,9.66
695.0,1.0,20.0,2.0,50.0,10.18
696.0,2.0,20.0,2.0,50.0,7.22
697.0,3.0,20.0,2.0,50.0,9.88
698.0,5.0,20.0,2.0,50.0,5.88
699.0,10.0,20.0,2.0,50.0,5.44
700.0,20.0,20.0,2.0,50.0,6.24
701.0,40.0,20.0,2.0,50.0,5.14
702.0,0.0,20.0,2.0,50.0,12.28
703.0,0.5,20.0,2.0,50.0,9.3
704.0,1.0,20.0,2.0,50.0,9.26
705.0,2.0,20.0,2.0,50.0,10.86
706.0,3.0,20.0,2.0,50.0,8.92
707.0,5.0,20.0,2.0,50.0,7.24
708.0,10.0,20.0,2.0,50.0,6.08
709.0,20.0,20.0,2.0,50.0,6.04
710.0,40.0,20.0,2.0,50.0,6.6
711.0,0.0,20.0,2.0,50.0,12.48
712.0,0.5,20.0,2.0,50.0,8.6
713.0,1.0,20.0,2.0,50.0,12.42
714.0,2.0,20.0,2.0,50.0,10.84
715.0,3.0,20.0,2.0,50.0,6.4
716.0,5.0,20.0,2.0,50.0,6.7
717.0,10.0,20.0,2.0,50.0,6.04
718.0,20.0,20.0,2.0,50.0,7.54
719.0,40.0,20.0,2.0,50.0,6.48
720.0,0.0,20.0,2.0,50.0,13.56
721.0,0.5,20.0,2.0,50.0,8.3
722.0,1.0,20.0,2.0,50.0,9.8
723.0,2.0,20.0,2.0,50.0,9.04
724.0,3.0,20.0,2.0,50.0,7.64
725.0,5.0,20.0,2.0,50.0,6.1
726.0,10.0,20.0,2.0,50.0,7.4
727.0,20.0,20.0,2.0,50.0,6.24
728.0,40.0,20.0,2.0,50.0,7.4
729.0,0.0,20.0,2.0,50.0,12.6
730.0,0.5,20.0,2.0,50.0,9.62
731.0,1.0,20.0,2.0,50.0,13.04
732.0,2.0,20.0,2.0,50.0,12.72
733.0,3.0,20.0,2.0,50.0,9.36
734.0,5.0,20.0,2.0,50.0,7.22
735.0,10.0,20.0,2.0,50.0,5.98
736.0,20.0,20.0,2.0,50.0,8.14
737.0,40.0,20.0,2.0,50.0,7.26
738.0,0.0,20.0,2.0,50.0,10.68
739.0,0.5,20.0,2.0,50.0,8.28
740.0,1.0,20.0,2.0,50.0,7.62
741.0,2.0,20.0,2.0,50.0,10.12
742.0,3.0,20.0,2.0,50.0,5.74
743.0,5.0,20.0,2.0,50.0,5.62
744.0,10.0,20.0,2.0,50.0,7.62
745.0,20.0,20.0,2.0,50.0,6.78
746.0,40.0,20.0,2.0,50.0,6.96
747.0,0.0,20.0,2.0,50.0,13.94
748.0,0.5,20.0,2.0,50.0,10.26
749.0,1.0,20.0,2.0,50.0,11.28
750.0,2.0,20.0,2.0,50.0,7.3
751.0,3.0,20.0,2.0,50.0,8.52
752.0,5.0,20.0,2.0,50.0,9.32
753.0,10.0,20.0,2.0,50.0,5.5
754.0,20.0,20.0,2.0,50.0,6.36
755.0,40.0,20.0,2.0,50.0,6.78
756.0,0.0,20.0,2.0,50.0,14.74
757.0,0.5,20.0,2.0,50.0,7.7
758.0,1.0,20.0,2.0,50.0,11.98
759.0,2.0,20.0,2.0,50.0,6.68
760.0,3.0,20.0,2.0,50.0,7.44
761.0,5.0,20.0,2.0,50.0,7.92
762.0,10.0,20.0,2.0,50.0,6.3
763.0,20.0,20.0,2.0,50.0,6.62
764.0,40.0,20.0,2.0,50.0,6.52
765.0,0.0,20.0,2.0,50.0,12.52
766.0,0.5,20.0,2.0,50.0,12.42
767.0,1.0,20.0,2.0,50.0,8.22
768.0,2.0,20.0,2.0,50.0,6.72
769.0,3.0,20.0,2.0,50.0,6.64
770.0,5.0,20.0,2.0,50.0,6.34
771.0,10.0,20.0,2.0,50.0,6.1
772.0,20.0,20.0,2.0,50.0,6.56
773.0,40.0,20.0,2.0,50.0,6.48
774.0,0.0,20.0,2.0,50.0,9.32
775.0,0.5,20.0,2.0,50.0,11.04
776.0,1.0,20.0,2.0,50.0,9.66
777.0,2.0,20.0,2.0,50.0,6.98
778.0,3.0,20.0,2.0,50.0,7.34
779.0,5.0,20.0,2.0,50.0,9.16
780.0,10.0,20.0,2.0,50.0,5.76
781.0,20.0,20.0,2.0,50.0,6.3
782.0,40.0,20.0,2.0,50.0,6.54
783.0,0.0,20.0,2.0,50.0,10.28
784.0,0.5,20.0,2.0,50.0,12.22
785.0,1.0,20.0,2.0,50.0,13.4
786.0,2.0,20.0,2.0,50.0,6.38
787.0,3.0,20.0,2.0,50.0,5.92
788.0,5.0,20.0,2.0,50.0,7.56
789.0,10.0,20.0,2.0,50.0,5.84
790.0,20.0,20.0,2.0,50.0,6.02
791.0,40.0,20.0,2.0,50.0,6.84
792.0,0.0,20.0,2.0,50.0,12.06
793.0,0.5,20.0,2.0,50.0,12.38
794.0,1.0,20.0,2.0,50.0,11.3
795.0,2.0,20.0,2.0,50.0,12.08
796.0,3.0,20.0,2.0,50.0,7.0
797.0,5.0,20.0,2.0,50.0,9.44
798.0,10.0,20.0,2.0,50.0,6.0
799.0,20.0,20.0,2.0,50.0,5.44
800.0,40.0,20.0,2.0,50.0,6.16
801.0,0.0,20.0,2.0,50.0,11.32
802.0,0.5,20.0,2.0,50.0,13.64
803.0,1.0,20.0,2.0,50.0,7.44
804.0,2.0,20.0,2.0,50.0,12.28
805.0,3.0,20.0,2.0,50.0,9.3
806.0,5.0,20.0,2.0,50.0,9.2
807.0,10.0,20.0,2.0,50.0,6.66
808.0,20.0,20.0,2.0,50.0,5.62
809.0,40.0,20.0,2.0,50.0,5.34
810.0,0.0,20.0,2.0,50.0,13.36
811.0,0.5,20.0,2.0,50.0,10.42
812.0,1.0,20.0,2.0,50.0,9.68
813.0,2.0,20.0,2.0,50.0,9.9
814.0,3.0,20.0,2.0,50.0,12.4
815.0,5.0,20.0,2.0,50.0,11.02
816.0,10.0,20.0,2.0,50.0,6.52
817.0,20.0,20.0,2.0,50.0,7.92
818.0,40.0,20.0,2.0,50.0,5.36
819.0,0.0,20.0,2.0,50.0,12.34
820.0,0.5,20.0,2.0,50.0,8.94
821.0,1.0,20.0,2.0,50.0,6.94
822.0,2.0,20.0,2.0,50.0,7.4
823.0,3.0,20.0,2.0,50.0,12.32
824.0,5.0,20.0,2.0,50.0,11.14
825.0,10.0,20.0,2.0,50.0,8.08
826.0,20.0,20.0,2.0,50.0,6.82
827.0,40.0,20.0,2.0,50.0,6.22
828.0,0.0,20.0,2.0,50.0,10.14
829.0,0.5,20.0,2.0,50.0,14.86
830.0,1.0,20.0,2.0,50.0,12.54
831.0,2.0,20.0,2.0,50.0,6.44
832.0,3.0,20.0,2.0,50.0,7.34
833.0,5.0,20.0,2.0,50.0,8.66
834.0,10.0,20.0,2.0,50.0,5.66
835.0,20.0,20.0,2.0,50.0,6.42
836.0,40.0,20.0,2.0,50.0,7.38
837.0,0.0,20.0,2.0,50.0,12.42
838.0,0.5,20.0,2.0,50.0,11.94
839.0,1.0,20.0,2.0,50.0,10.88
840.0,2.0,20.0,2.0,50.0,8.36
841.0,3.0,20.0,2.0,50.0,8.08
842.0,5.0,20.0,2.0,50.0,6.36
843.0,10.0,20.0,2.0,50.0,5.9
844.0,20.0,20.0,2.0,50.0,6.24
845.0,40.0,20.0,2.0,50.0,7.16
846.0,0.0,20.0,2.0,50.0,12.06
847.0,0.5,20.0,2.0,50.0,11.78
848.0,1.0,20.0,2.0,50.0,7.86
849.0,2.0,20.0,2.0,50.0,6.72
850.0,3.0,20.0,2.0,50.0,6.02
851.0,5.0,20.0,2.0,50.0,7.02
852.0,10.0,20.0,2.0,50.0,6.78
853.0,20.0,20.0,2.0,50.0,5.58
854.0,40.0,20.0,2.0,50.0,6.18
855.0,0.0,20.0,2.0,50.0,12.3
856.0,0.5,20.0,2.0,50.0,11.64
857.0,1.0,20.0,2.0,50.0,8.48
858.0,2.0,20.0,2.0,50.0,6.2
859.0,3.0,20.0,2.0,50.0,8.74
860.0,5.0,20.0,2.0,50.0,6.54
861.0,10.0,20.0,2.0,50.0,6.4
862.0,20.0,20.0,2.0,50.0,6.56
863.0,40.0,20.0,2.0,50.0,8.32
864.0,0.0,20.0,2.0,50.0,9.92
865.0,0.5,20.0,2.0,50.0,13.96
866.0,1.0,20.0,2.0,50.0,9.6
867.0,2.0,20.0,2.0,50.0,10.22
868.0,3.0,20.0,2.0,50.0,6.0
869.0,5.0,20.0,2.0,50.0,7.56
870.0,10.0,20.0,2.0,50.0,6.1
871.0,20.0,20.0,2.0,50.0,5.98
872.0,40.0,20.0,2.0,50.0,7.36
873.0,0.0,20.0,2.0,50.0,8.16
874.0,0.5,20.0,2.0,50.0,13.28
875.0,1.0,20.0,2.0,50.0,6.34
876.0,2.0,20.0,2.0,50.0,13.92
877.0,3.0,20.0,2.0,50.0,7.34
878.0,5.0,20.0,2.0,50.0,8.8
879.0,10.0,20.0,2.0,50.0,6.74
880.0,20.0,20.0,2.0,50.0,5.68
881.0,40.0,20.0,2.0,50.0,6.0
882.0,0.0,20.0,2.0,50.0,12.86
883.0,0.5,20.0,2.0,50.0,12.26
884.0,1.0,20.0,2.0,50.0,7.28
885.0,2.0,20.0,2.0,50.0,9.5
886.0,3.0,20.0,2.0,50.0,7.52
887.0,5.0,20.0,2.0,50.0,11.92
888.0,10.0,20.0,2.0,50.0,7.06
889.0,20.0,20.0,2.0,50.0,5.76
890.0,40.0,20.0,2.0,50.0,7.44
891.0,0.0,20.0,2.0,50.0,12.14
892.0,0.5,20.0,2.0,50.0,11.92
893.0,1.0,20.0,2.0,50.0,10.76
894.0,2.0,20.0,2.0,50.0,7.24
895.0,3.0,20.0,2.0,50.0,10.88
896.0,5.0,20.0,2.0,50.0,7.96
897.0,10.0,20.0,2.0,50.0,6.22
898.0,20.0,20.0,2.0,50.0,5.48
899.0,40.0,20.0,2.0,50.0,6.1
900.0,0.0,20.0,2.0,75.0,17.12
901.0,0.5,20.0,2.0,75.0,15.48
902.0,1.0,20.0,2.0,75.0,10.253333
903.0,2.0,20.0,2.0,75.0,14.933333
904.0,3.0,20.0,2.0,75.0,10.8
905.0,5.0,20.0,2.0,75.0,8.386666
906.0,10.0,20.0,2.0,75.0,7.4133334
907.0,20.0,20.0,2.0,75.0,9.066667
908.0,40.0,20.0,2.0,75.0,9.32
909.0,0.0,20.0,2.0,75.0,17.0
910.0,0.5,20.0,2.0,75.0,13.746667
911.0,1.0,20.0,2.0,75.0,11.533334
912.0,2.0,20.0,2.0,75.0,11.72
913.0,3.0,20.0,2.0,75.0,10.28
914.0,5.0,20.0,2.0,75.0,7.6
915.0,10.0,20.0,2.0,75.0,8.373333
916.0,20.0,20.0,2.0,75.0,7.2266665
917.0,40.0,20.0,2.0,75.0,8.413333
918.0,0.0,20.0,2.0,75.0,15.72
919.0,0.5,20.0,2.0,75.0,14.68
920.0,1.0,20.0,2.0,75.0,8.733334
921.0,2.0,20.0,2.0,75.0,7.693333
922.0,3.0,20.0,2.0,75.0,13.026667
923.0,5.0,20.0,2.0,75.0,11.56
924.0,10.0,20.0,2.0,75.0,7.96
925.0,20.0,20.0,2.0,75.0,10.853333
926.0,40.0,20.0,2.0,75.0,7.4666667
927.0,0.0,20.0,2.0,75.0,16.933332
928.0,0.5,20.0,2.0,75.0,9.666667
929.0,1.0,20.0,2.0,75.0,16.8
930.0,2.0,20.0,2.0,75.0,7.4133334
931.0,3.0,20.0,2.0,75.0,13.52
932.0,5.0,20.0,2.0,75.0,11.106667
933.0,10.0,20.0,2.0,75.0,8.36
934.0,20.0,20.0,2.0,75.0,9.32
935.0,40.0,20.0,2.0,75.0,9.44
936.0,0.0,20.0,2.0,75.0,21.346666
937.0,0.5,20.0,2.0,75.0,18.333334
938.0,1.0,20.0,2.0,75.0,13.453333
939.0,2.0,20.0,2.0,75.0,16.026667
940.0,3.0,20.0,2.0,75.0,9.653334
941.0,5.0,20.0,2.0,75.0,7.826667
942.0,10.0,20.0,2.0,75.0,8.533334
943.0,20.0,20.0,2.0,75.0,9.893333
944.0,40.0,20.0,2.0,75.0,9.013333
945.0,0.0,20.0,2.0,75.0,12.733334
946.0,0.5,20.0,2.0,75.0,14.546667
947.0,1.0,20.0,2.0,75.0,11.56
948.0,2.0,20.0,2.0,75.0,8.64
949.0,3.0,20.0,2.0,75.0,6.9066668
950.0,5.0,20.0,2.0,75.0,7.786667
951.0,10.0,20.0,2.0,75.0,6.88
952.0,20.0,20.0,2.0,75.0,8.04
953.0,40.0,20.0,2.0,75.0,7.346667
954.0,0.0,20.0,2.0,75.0,9.346666
955.0,0.5,20.0,2.0,75.0,12.146667
956.0,1.0,20.0,2.0,75.0,11.066667
957.0,2.0,20.0,2.0,75.0,16.133333
958.0,3.0,20.0,2.0,75.0,11.693334
959.0,5.0,20.0,2.0,75.0,9.066667
960.0,10.0,20.0,2.0,75.0,7.6666665
961.0,20.0,20.0,2.0,75.0,6.7733335
962.0,40.0,20.0,2.0,75.0,7.213333
963.0,0.0,20.0,2.0,75.0,8.253333
964.0,0.5,20.0,2.0,75.0,10.56
965.0,1.0,20.0,2.0,75.0,11.12
966.0,2.0,20.0,2.0,75.0,9.346666
967.0,3.0,20.0,2.0,75.0,9.346666
968.0,5.0,20.0,2.0,75.0,8.333333
969.0,10.0,20.0,2.0,75.0,7.9333334
970.0,20.0,20.0,2.0,75.0,9.426666
971.0,40.0,20.0,2.0,75.0,7.653333
972.0,0.0,20.0,2.0,75.0,18.946667
973.0,0.5,20.0,2.0,75.0,13.013333
974.0,1.0,20.0,2.0,75.0,15.8
975.0,2.0,20.0,2.0,75.0,9.533334
976.0,3.0,20.0,2.0,75.0,8.853333
977.0,5.0,20.0,2.0,75.0,14.173333
978.0,10.0,20.0,2.0,75.0,8.36
979.0,20.0,20.0,2.0,75.0,7.866667
980.0,40.0,20.0,2.0,75.0,9.36
981.0,0.0,20.0,2.0,75.0,14.946667
982.0,0.5,20.0,2.0,75.0,12.52
983.0,1.0,20.0,2.0,75.0,17.813334
984.0,2.0,20.0,2.0,75.0,13.586667
985.0,3.0,20.0,2.0,75.0,10.56
986.0,5.0,20.0,2.0,75.0,9.72
987.0,10.0,20.0,2.0,75.0,8.88
988.0,20.0,20.0,2.0,75.0,8.413333
989.0,40.0,20.0,2.0,75.0,7.8933334
990.0,0.0,20.0,2.0,75.0,15.666667
991.0,0.5,20.0,2.0,75.0,12.613334
992.0,1.0,20.0,2.0,75.0,16.253334
993.0,2.0,20.0,2.0,75.0,8.8
994.0,3.0,20.0,2.0,75.0,7.866667
995.0,5.0,20.0,2.0,75.0,7.04
996.0,10.0,20.0,2.0,75.0,8.106667
997.0,20.0,20.0,2.0,75.0,7.04
998.0,40.0,20.0,2.0,75.0,8.6
999.0,0.0,20.0,2.0,75.0,16.226667
1000.0,0.5,20.0,2.0,75.0,9.973333
1001.0,1.0,20.0,2.0,75.0,18.413334
1002.0,2.0,20.0,2.0,75.0,10.413333
1003.0,3.0,20.0,2.0,75.0,8.52
1004.0,5.0,20.0,2.0,75.0,6.9333334
1005.0,10.0,20.0,2.0,75.0,7.24
1006.0,20.0,20.0,2.0,75.0,6.3733335
1007.0,40.0,20.0,2.0,75.0,9.92
1008.0,0.0,20.0,2.0,75.0,18.453333
1009.0,0.5,20.0,2.0,75.0,13.826667
1010.0,1.0,20.0,2.0,75.0,17.746666
1011.0,2.0,20.0,2.0,75.0,10.546667
1012.0,3.0,20.0,2.0,75.0,11.12
1013.0,5.0,20.0,2.0,75.0,12.306666
1014.0,10.0,20.0,2.0,75.0,7.6266665
1015.0,20.0,20.0,2.0,75.0,8.226666
1016.0,40.0,20.0,2.0,75.0,10.493333
1017.0,0.0,20.0,2.0,75.0,19.786667
1018.0,0.5,20.0,2.0,75.0,18.826666
1019.0,1.0,20.0,2.0,75.0,11.8
1020.0,2.0,20.0,2.0,75.0,10.826667
1021.0,3.0,20.0,2.0,75.0,11.84
1022.0,5.0,20.0,2.0,75.0,8.946667
1023.0,10.0,20.0,2.0,75.0,8.92
1024.0,20.0,20.0,2.0,75.0,8.853333
1025.0,40.0,20.0,2.0,75.0,9.173333
1026.0,0.0,20.0,2.0,75.0,18.733334
1027.0,0.5,20.0,2.0,75.0,17.68
1028.0,1.0,20.0,2.0,75.0,8.453333
1029.0,2.0,20.0,2.0,75.0,7.72
1030.0,3.0,20.0,2.0,75.0,8.466666
1031.0,5.0,20.0,2.0,75.0,7.613333
1032.0,10.0,20.0,2.0,75.0,8.0
1033.0,20.0,20.0,2.0,75.0,8.106667
1034.0,40.0,20.0,2.0,75.0,8.72
1035.0,0.0,20.0,2.0,75.0,17.453333
1036.0,0.5,20.0,2.0,75.0,11.026667
1037.0,1.0,20.0,2.0,75.0,7.48
1038.0,2.0,20.0,2.0,75.0,12.32
1039.0,3.0,20.0,2.0,75.0,9.32
1040.0,5.0,20.0,2.0,75.0,7.4533334
1041.0,10.0,20.0,2.0,75.0,8.32
1042.0,20.0,20.0,2.0,75.0,7.1866665
1043.0,40.0,20.0,2.0,75.0,7.8533335
1044.0,0.0,20.0,2.0,75.0,14.6
1045.0,0.5,20.0,2.0,75.0,9.88
1046.0,1.0,20.0,2.0,75.0,11.306666
1047.0,2.0,20.0,2.0,75.0,10.066667
1048.0,3.0,20.0,2.0,75.0,9.0
1049.0,5.0,20.0,2.0,75.0,7.7466664
1050.0,10.0,20.0,2.0,75.0,7.653333
1051.0,20.0,20.0,2.0,75.0,7.653333
1052.0,40.0,20.0,2.0,75.0,9.88
1053.0,0.0,20.0,2.0,75.0,15.906667
1054.0,0.5,20.0,2.0,75.0,9.066667
1055.0,1.0,20.0,2.0,75.0,14.613334
1056.0,2.0,20.0,2.0,75.0,10.546667
1057.0,3.0,20.0,2.0,75.0,8.973333
1058.0,5.0,20.0,2.0,75.0,6.8133335
1059.0,10.0,20.0,2.0,75.0,8.413333
1060.0,20.0,20.0,2.0,75.0,7.7066665
1061.0,40.0,20.0,2.0,75.0,7.8533335
1062.0,0.0,20.0,2.0,75.0,16.4
1063.0,0.5,20.0,2.0,75.0,6.9066668
1064.0,1.0,20.0,2.0,75.0,14.16
1065.0,2.0,20.0,2.0,75.0,10.16
1066.0,3.0,20.0,2.0,75.0,10.28
1067.0,5.0,20.0,2.0,75.0,8.68
1068.0,10.0,20.0,2.0,75.0,7.9466667
1069.0,20.0,20.0,2.0,75.0,6.9866667
1070.0,40.0,20.0,2.0,75.0,10.493333
1071.0,0.0,20.0,2.0,75.0,20.96
1072.0,0.5,20.0,2.0,75.0,9.066667
1073.0,1.0,20.0,2.0,75.0,15.826667
1074.0,2.0,20.0,2.0,75.0,7.306667
1075.0,3.0,20.0,2.0,75.0,7.4933333
1076.0,5.0,20.0,2.0,75.0,7.4
1077.0,10.0,20.0,2.0,75.0,8.866667
1078.0,20.0,20.0,2.0,75.0,8.106667
1079.0,40.0,20.0,2.0,75.0,7.52
1080.0,0.0,20.0,2.0,75.0,16.813334
1081.0,0.5,20.0,2.0,75.0,11.506667
1082.0,1.0,20.0,2.0,75.0,12.28
1083.0,2.0,20.0,2.0,75.0,7.1866665
1084.0,3.0,20.0,2.0,75.0,11.666667
1085.0,5.0,20.0,2.0,75.0,9.013333
1086.0,10.0,20.0,2.0,75.0,9.306666
1087.0,20.0,20.0,2.0,75.0,8.253333
1088.0,40.0,20.0,2.0,75.0,7.4
1089.0,0.0,20.0,2.0,75.0,18.133333
1090.0,0.5,20.0,2.0,75.0,14.066667
1091.0,1.0,20.0,2.0,75.0,9.666667
1092.0,2.0,20.0,2.0,75.0,9.84
1093.0,3.0,20.0,2.0,75.0,9.84
1094.0,5.0,20.0,2.0,75.0,9.306666
1095.0,10.0,20.0,2.0,75.0,9.28
1096.0,20.0,20.0,2.0,75.0,7.6666665
1097.0,40.0,20.0,2.0,75.0,10.64
1098.0,0.0,20.0,2.0,75.0,17.626667
1099.0,0.5,20.0,2.0,75.0,16.853333
1100.0,1.0,20.0,2.0,75.0,11.986667
1101.0,2.0,20.0,2.0,75.0,7.52
1102.0,3.0,20.0,2.0,75.0,9.986667
1103.0,5.0,20.0,2.0,75.0,10.28
1104.0,10.0,20.0,2.0,75.0,7.32
1105.0,20.0,20.0,2.0,75.0,6.653333
1106.0,40.0,20.0,2.0,75.0,10.133333
1107.0,0.0,20.0,2.0,75.0,13.653334
1108.0,0.5,20.0,2.0,75.0,13.146667
1109.0,1.0,20.0,2.0,75.0,11.666667
1110.0,2.0,20.0,2.0,75.0,10.96
1111.0,3.0,20.0,2.0,75.0,11.8133335
1112.0,5.0,20.0,2.0,75.0,7.3333335
1113.0,10.0,20.0,2.0,75.0,8.453333
1114.0,20.0,20.0,2.0,75.0,8.973333
1115.0,40.0,20.0,2.0,75.0,10.306666
1116.0,0.0,20.0,2.0,75.0,13.733334
1117.0,0.5,20.0,2.0,75.0,7.346667
1118.0,1.0,20.0,2.0,75.0,10.386666
1119.0,2.0,20.0,2.0,75.0,10.533334
1120.0,3.0,20.0,2.0,75.0,9.573334
1121.0,5.0,20.0,2.0,75.0,8.106667
1122.0,10.0,20.0,2.0,75.0,6.8
1123.0,20.0,20.0,2.0,75.0,7.346667
1124.0,40.0,20.0,2.0,75.0,7.786667
1125.0,0.0,20.0,2.0,75.0,18.346666
1126.0,0.5,20.0,2.0,75.0,18.56
1127.0,1.0,20.0,2.0,75.0,11.773334
1128.0,2.0,20.0,2.0,75.0,15.84
1129.0,3.0,20.0,2.0,75.0,7.24
1130.0,5.0,20.0,2.0,75.0,10.413333
1131.0,10.0,20.0,2.0,75.0,8.453333
1132.0,20.0,20.0,2.0,75.0,6.9466667
1133.0,40.0,20.0,2.0,75.0,9.306666
1134.0,0.0,20.0,2.0,75.0,17.986666
1135.0,0.5,20.0,2.0,75.0,17.506666
1136.0,1.0,20.0,2.0,75.0,15.106667
1137.0,2.0,20.0,2.0,75.0,7.2533336
1138.0,3.0,20.0,2.0,75.0,10.92
1139.0,5.0,20.0,2.0,75.0,10.146667
1140.0,10.0,20.0,2.0,75.0,6.32
1141.0,20.0,20.0,2.0,75.0,6.7733335
1142.0,40.0,20.0,2.0,75.0,7.4933333
1143.0,0.0,20.0,2.0,75.0,15.266666
1144.0,0.5,20.0,2.0,75.0,17.6
1145.0,1.0,20.0,2.0,75.0,18.186666
1146.0,2.0,20.0,2.0,75.0,15.866667
1147.0,3.0,20.0,2.0,75.0,9.8133335
1148.0,5.0,20.0,2.0,75.0,8.6
1149.0,10.0,20.0,2.0,75.0,7.5733333
1150.0,20.0,20.0,2.0,75.0,7.16
1151.0,40.0,20.0,2.0,75.0,10.146667
1152.0,0.0,20.0,2.0,75.0,20.56
1153.0,0.5,20.0,2.0,75.0,12.36
1154.0,1.0,20.0,2.0,75.0,6.9866667
1155.0,2.0,20.0,2.0,75.0,8.426666
1156.0,3.0,20.0,2.0,75.0,12.053333
1157.0,5.0,20.0,2.0,75.0,8.533334
1158.0,10.0,20.0,2.0,75.0,7.133333
1159.0,20.0,20.0,2.0,75.0,8.946667
1160.0,40.0,20.0,2.0,75.0,10.346666
1161.0,0.0,20.0,2.0,75.0,15.786667
1162.0,0.5,20.0,2.0,75.0,17.36
1163.0,1.0,20.0,2.0,75.0,12.266666
1164.0,2.0,20.0,2.0,75.0,10.653334
1165.0,3.0,20.0,2.0,75.0,8.24
1166.0,5.0,20.0,2.0,75.0,7.12
1167.0,10.0,20.0,2.0,75.0,6.8933334
1168.0,20.0,20.0,2.0,75.0,7.3333335
1169.0,40.0,20.0,2.0,75.0,7.88
1170.0,0.0,20.0,2.0,75.0,13.826667
1171.0,0.5,20.0,2.0,75.0,19.106667
1172.0,1.0,20.0,2.0,75.0,12.693334
1173.0,2.0,20.0,2.0,75.0,15.106667
1174.0,3.0,20.0,2.0,75.0,13.946667
1175.0,5.0,20.0,2.0,75.0,8.666667
1176.0,10.0,20.0,2.0,75.0,7.653333
1177.0,20.0,20.0,2.0,75.0,6.4533334
1178.0,40.0,20.0,2.0,75.0,7.5866666
1179.0,0.0,20.0,2.0,75.0,15.84
1180.0,0.5,20.0,2.0,75.0,9.92
1181.0,1.0,20.0,2.0,75.0,16.706667
1182.0,2.0,20.0,2.0,75.0,17.986666
1183.0,3.0,20.0,2.0,75.0,11.026667
1184.0,5.0,20.0,2.0,75.0,7.44
1185.0,10.0,20.0,2.0,75.0,9.533334
1186.0,20.0,20.0,2.0,75.0,9.133333
1187.0,40.0,20.0,2.0,75.0,8.093333
1188.0,0.0,20.0,2.0,75.0,14.853333
1189.0,0.5,20.0,2.0,75.0,11.24
1190.0,1.0,20.0,2.0,75.0,10.346666
1191.0,2.0,20.0,2.0,75.0,11.733334
1192.0,3.0,20.0,2.0,75.0,11.666667
1193.0,5.0,20.0,2.0,75.0,9.106667
1194.0,10.0,20.0,2.0,75.0,10.4
1195.0,20.0,20.0,2.0,75.0,8.333333
1196.0,40.0,20.0,2.0,75.0,8.053333
1197.0,0.0,20.0,2.0,75.0,17.733334
1198.0,0.5,20.0,2.0,75.0,7.826667
1199.0,1.0,20.0,2.0,75.0,14.386666
1200.0,2.0,20.0,2.0,75.0,9.053333
1201.0,3.0,20.0,2.0,75.0,10.12
1202.0,5.0,20.0,2.0,75.0,7.8
1203.0,10.0,20.0,2.0,75.0,7.16
1204.0,20.0,20.0,2.0,75.0,8.826667
1205.0,40.0,20.0,2.0,75.0,8.906667
1206.0,0.0,20.0,2.0,75.0,13.8
1207.0,0.5,20.0,2.0,75.0,16.52
1208.0,1.0,20.0,2.0,75.0,14.8133335
1209.0,2.0,20.0,2.0,75.0,8.16
1210.0,3.0,20.0,2.0,75.0,7.56
1211.0,5.0,20.0,2.0,75.0,9.56
1212.0,10.0,20.0,2.0,75.0,7.68
1213.0,20.0,20.0,2.0,75.0,7.48
1214.0,40.0,20.0,2.0,75.0,8.24
1215.0,0.0,20.0,2.0,75.0,8.28
1216.0,0.5,20.0,2.0,75.0,18.933332
1217.0,1.0,20.0,2.0,75.0,16.4
1218.0,2.0,20.0,2.0,75.0,19.573334
1219.0,3.0,20.0,2.0,75.0,7.4
1220.0,5.0,20.0,2.0,75.0,9.906667
1221.0,10.0,20.0,2.0,75.0,8.52
1222.0,20.0,20.0,2.0,75.0,6.7066665
1223.0,40.0,20.0,2.0,75.0,8.28
1224.0,0.0,20.0,2.0,75.0,13.053333
1225.0,0.5,20.0,2.0,75.0,10.413333
1226.0,1.0,20.0,2.0,75.0,15.0
1227.0,2.0,20.0,2.0,75.0,10.053333
1228.0,3.0,20.0,2.0,75.0,11.133333
1229.0,5.0,20.0,2.0,75.0,7.8933334
1230.0,10.0,20.0,2.0,75.0,7.173333
1231.0,20.0,20.0,2.0,75.0,7.733333
1232.0,40.0,20.0,2.0,75.0,8.986667
1233.0,0.0,20.0,2.0,75.0,15.146667
1234.0,0.5,20.0,2.0,75.0,19.866667
1235.0,1.0,20.0,2.0,75.0,15.92
1236.0,2.0,20.0,2.0,75.0,8.28
1237.0,3.0,20.0,2.0,75.0,8.68
1238.0,5.0,20.0,2.0,75.0,9.266666
1239.0,10.0,20.0,2.0,75.0,8.973333
1240.0,20.0,20.0,2.0,75.0,8.84
1241.0,40.0,20.0,2.0,75.0,8.293333
1242.0,0.0,20.0,2.0,75.0,10.626667
1243.0,0.5,20.0,2.0,75.0,16.293333
1244.0,1.0,20.0,2.0,75.0,9.346666
1245.0,2.0,20.0,2.0,75.0,13.733334
1246.0,3.0,20.0,2.0,75.0,18.04
1247.0,5.0,20.0,2.0,75.0,7.24
1248.0,10.0,20.0,2.0,75.0,7.2266665
1249.0,20.0,20.0,2.0,75.0,6.6666665
1250.0,40.0,20.0,2.0,75.0,8.36
1251.0,0.0,20.0,2.0,75.0,19.066668
1252.0,0.5,20.0,2.0,75.0,17.853333
1253.0,1.0,20.0,2.0,75.0,18.173334
1254.0,2.0,20.0,2.0,75.0,10.72
1255.0,3.0,20.0,2.0,75.0,10.213333
1256.0,5.0,20.0,2.0,75.0,8.653334
1257.0,10.0,20.0,2.0,75.0,8.52
1258.0,20.0,20.0,2.0,75.0,7.88
1259.0,40.0,20.0,2.0,75.0,9.666667
1260.0,0.0,20.0,2.0,75.0,19.226667
1261.0,0.5,20.0,2.0,75.0,10.146667
1262.0,1.0,20.0,2.0,75.0,9.026667
1263.0,2.0,20.0,2.0,75.0,14.92
1264.0,3.0,20.0,2.0,75.0,10.293333
1265.0,5.0,20.0,2.0,75.0,7.16
1266.0,10.0,20.0,2.0,75.0,9.266666
1267.0,20.0,20.0,2.0,75.0,7.213333
1268.0,40.0,20.0,2.0,75.0,7.88
1269.0,0.0,20.0,2.0,75.0,10.76
1270.0,0.5,20.0,2.0,75.0,10.8
1271.0,1.0,20.0,2.0,75.0,10.906667
1272.0,2.0,20.0,2.0,75.0,9.506667
1273.0,3.0,20.0,2.0,75.0,14.973333
1274.0,5.0,20.0,2.0,75.0,8.533334
1275.0,10.0,20.0,2.0,75.0,8.213333
1276.0,20.0,20.0,2.0,75.0,7.68
1277.0,40.0,20.0,2.0,75.0,7.7466664
1278.0,0.0,20.0,2.0,75.0,15.706667
1279.0,0.5,20.0,2.0,75.0,10.84
1280.0,1.0,20.0,2.0,75.0,13.653334
1281.0,2.0,20.0,2.0,75.0,13.373333
1282.0,3.0,20.0,2.0,75.0,10.88
1283.0,5.0,20.0,2.0,75.0,9.346666
1284.0,10.0,20.0,2.0,75.0,7.12
1285.0,20.0,20.0,2.0,75.0,8.84
1286.0,40.0,20.0,2.0,75.0,7.5866666
1287.0,0.0,20.0,2.0,75.0,11.973333
1288.0,0.5,20.0,2.0,75.0,16.92
1289.0,1.0,20.0,2.0,75.0,11.84
1290.0,2.0,20.0,2.0,75.0,12.493333
1291.0,3.0,20.0,2.0,75.0,12.106667
1292.0,5.0,20.0,2.0,75.0,11.173333
1293.0,10.0,20.0,2.0,75.0,8.84
1294.0,20.0,20.0,2.0,75.0,8.88
1295.0,40.0,20.0,2.0,75.0,8.64
1296.0,0.0,20.0,2.0,75.0,13.96
1297.0,0.5,20.0,2.0,75.0,9.52
1298.0,1.0,20.0,2.0,75.0,13.253333
1299.0,2.0,20.0,2.0,75.0,8.92
1300.0,3.0,20.0,2.0,75.0,11.92
1301.0,5.0,20.0,2.0,75.0,9.213333
1302.0,10.0,20.0,2.0,75.0,8.773334
1303.0,20.0,20.0,2.0,75.0,6.8133335
1304.0,40.0,20.0,2.0,75.0,8.04
1305.0,0.0,20.0,2.0,75.0,19.533333
1306.0,0.5,20.0,2.0,75.0,19.746666
1307.0,1.0,20.0,2.0,75.0,13.826667
1308.0,2.0,20.0,2.0,75.0,18.586666
1309.0,3.0,20.0,2.0,75.0,7.9733334
1310.0,5.0,20.0,2.0,75.0,11.306666
1311.0,10.0,20.0,2.0,75.0,8.693334
1312.0,20.0,20.0,2.0,75.0,8.746667
1313.0,40.0,20.0,2.0,75.0,7.0133333
1314.0,0.0,20.0,2.0,75.0,17.0
1315.0,0.5,20.0,2.0,75.0,10.04
1316.0,1.0,20.0,2.0,75.0,10.146667
1317.0,2.0,20.0,2.0,75.0,13.373333
1318.0,3.0,20.0,2.0,75.0,8.28
1319.0,5.0,20.0,2.0,75.0,10.306666
1320.0,10.0,20.0,2.0,75.0,8.053333
1321.0,20.0,20.0,2.0,75.0,8.826667
1322.0,40.0,20.0,2.0,75.0,9.693334
1323.0,0.0,20.0,2.0,75.0,14.906667
1324.0,0.5,20.0,2.0,75.0,11.64
1325.0,1.0,20.0,2.0,75.0,13.226666
1326.0,2.0,20.0,2.0,75.0,8.88
1327.0,3.0,20.0,2.0,75.0,8.573334
1328.0,5.0,20.0,2.0,75.0,8.706667
1329.0,10.0,20.0,2.0,75.0,7.0266666
1330.0,20.0,20.0,2.0,75.0,8.76
1331.0,40.0,20.0,2.0,75.0,8.573334
1332.0,0.0,20.0,2.0,75.0,11.586667
1333.0,0.5,20.0,2.0,75.0,17.36
1334.0,1.0,20.0,2.0,75.0,18.88
1335.0,2.0,20.0,2.0,75.0,7.4666667
1336.0,3.0,20.0,2.0,75.0,21.626667
1337.0,5.0,20.0,2.0,75.0,8.653334
1338.0,10.0,20.0,2.0,75.0,7.84
1339.0,20.0,20.0,2.0,75.0,8.8
1340.0,40.0,20.0,2.0,75.0,11.1866665
1341.0,0.0,20.0,2.0,75.0,15.426666
1342.0,0.5,20.0,2.0,75.0,10.44
1343.0,1.0,20.0,2.0,75.0,9.08
1344.0,2.0,20.0,2.0,75.0,10.773334
1345.0,3.0,20.0,2.0,75.0,8.16
1346.0,5.0,20.0,2.0,75.0,7.7733335
1347.0,10.0,20.0,2.0,75.0,8.16
1348.0,20.0,20.0,2.0,75.0,7.4533334
1349.0,40.0,20.0,2.0,75.0,7.24
1350.0,0.0,20.0,2.0,100.0,23.27
1351.0,0.5,20.0,2.0,100.0,24.87
1352.0,1.0,20.0,2.0,100.0,11.09
1353.0,2.0,20.0,2.0,100.0,11.76
1354.0,3.0,20.0,2.0,100.0,12.13
1355.0,5.0,20.0,2.0,100.0,11.32
1356.0,10.0,20.0,2.0,100.0,8.87
1357.0,20.0,20.0,2.0,100.0,10.73
1358.0,40.0,20.0,2.0,100.0,10.47
1359.0,0.0,20.0,2.0,100.0,16.65
1360.0,0.5,20.0,2.0,100.0,15.5
1361.0,1.0,20.0,2.0,100.0,17.69
1362.0,2.0,20.0,2.0,100.0,10.98
1363.0,3.0,20.0,2.0,100.0,10.07
1364.0,5.0,20.0,2.0,100.0,7.96
1365.0,10.0,20.0,2.0,100.0,8.68
1366.0,20.0,20.0,2.0,100.0,9.64
1367.0,40.0,20.0,2.0,100.0,9.72
1368.0,0.0,20.0,2.0,100.0,17.49
1369.0,0.5,20.0,2.0,100.0,10.51
1370.0,1.0,20.0,2.0,100.0,13.78
1371.0,2.0,20.0,2.0,100.0,13.46
1372.0,3.0,20.0,2.0,100.0,9.13
1373.0,5.0,20.0,2.0,100.0,10.91
1374.0,10.0,20.0,2.0,100.0,11.38
1375.0,20.0,20.0,2.0,100.0,10.61
1376.0,40.0,20.0,2.0,100.0,14.6
1377.0,0.0,20.0,2.0,100.0,25.05
1378.0,0.5,20.0,2.0,100.0,11.19
1379.0,1.0,20.0,2.0,100.0,19.9
1380.0,2.0,20.0,2.0,100.0,19.93
1381.0,3.0,20.0,2.0,100.0,9.02
1382.0,5.0,20.0,2.0,100.0,7.92
1383.0,10.0,20.0,2.0,100.0,11.38
1384.0,20.0,20.0,2.0,100.0,8.57
1385.0,40.0,20.0,2.0,100.0,8.02
1386.0,0.0,20.0,2.0,100.0,25.79
1387.0,0.5,20.0,2.0,100.0,14.19
1388.0,1.0,20.0,2.0,100.0,15.51
1389.0,2.0,20.0,2.0,100.0,11.51
1390.0,3.0,20.0,2.0,100.0,12.41
1391.0,5.0,20.0,2.0,100.0,10.18
1392.0,10.0,20.0,2.0,100.0,8.23
1393.0,20.0,20.0,2.0,100.0,8.54
1394.0,40.0,20.0,2.0,100.0,11.15
1395.0,0.0,20.0,2.0,100.0,14.2
1396.0,0.5,20.0,2.0,100.0,16.65
1397.0,1.0,20.0,2.0,100.0,11.46
1398.0,2.0,20.0,2.0,100.0,11.95
1399.0,3.0,20.0,2.0,100.0,8.71
1400.0,5.0,20.0,2.0,100.0,11.35
1401.0,10.0,20.0,2.0,100.0,10.48
1402.0,20.0,20.0,2.0,100.0,8.78
1403.0,40.0,20.0,2.0,100.0,10.59
1404.0,0.0,20.0,2.0,100.0,11.48
1405.0,0.5,20.0,2.0,100.0,10.2
1406.0,1.0,20.0,2.0,100.0,14.87
1407.0,2.0,20.0,2.0,100.0,19.62
1408.0,3.0,20.0,2.0,100.0,13.93
1409.0,5.0,20.0,2.0,100.0,9.92
1410.0,10.0,20.0,2.0,100.0,7.61
1411.0,20.0,20.0,2.0,100.0,9.21
1412.0,40.0,20.0,2.0,100.0,12.11
1413.0,0.0,20.0,2.0,100.0,16.04
1414.0,0.5,20.0,2.0,100.0,22.68
1415.0,1.0,20.0,2.0,100.0,11.16
1416.0,2.0,20.0,2.0,100.0,12.94
1417.0,3.0,20.0,2.0,100.0,11.43
1418.0,5.0,20.0,2.0,100.0,9.68
1419.0,10.0,20.0,2.0,100.0,9.65
1420.0,20.0,20.0,2.0,100.0,10.06
1421.0,40.0,20.0,2.0,100.0,7.69
1422.0,0.0,20.0,2.0,100.0,20.46
1423.0,0.5,20.0,2.0,100.0,13.57
1424.0,1.0,20.0,2.0,100.0,11.76
1425.0,2.0,20.0,2.0,100.0,8.33
1426.0,3.0,20.0,2.0,100.0,12.06
1427.0,5.0,20.0,2.0,100.0,9.36
1428.0,10.0,20.0,2.0,100.0,9.38
1429.0,20.0,20.0,2.0,100.0,10.46
1430.0,40.0,20.0,2.0,100.0,10.68
1431.0,0.0,20.0,2.0,100.0,10.13
1432.0,0.5,20.0,2.0,100.0,24.91
1433.0,1.0,20.0,2.0,100.0,17.29
1434.0,2.0,20.0,2.0,100.0,21.44
1435.0,3.0,20.0,2.0,100.0,12.87
1436.0,5.0,20.0,2.0,100.0,10.05
1437.0,10.0,20.0,2.0,100.0,7.93
1438.0,20.0,20.0,2.0,100.0,9.82
1439.0,40.0,20.0,2.0,100.0,11.64
1440.0,0.0,20.0,2.0,100.0,12.57
1441.0,0.5,20.0,2.0,100.0,14.1
1442.0,1.0,20.0,2.0,100.0,11.34
1443.0,2.0,20.0,2.0,100.0,15.08
1444.0,3.0,20.0,2.0,100.0,8.15
1445.0,5.0,20.0,2.0,100.0,10.67
1446.0,10.0,20.0,2.0,100.0,9.13
1447.0,20.0,20.0,2.0,100.0,9.71
1448.0,40.0,20.0,2.0,100.0,9.14
1449.0,0.0,20.0,2.0,100.0,20.88
1450.0,0.5,20.0,2.0,100.0,20.11
1451.0,1.0,20.0,2.0,100.0,22.13
1452.0,2.0,20.0,2.0,100.0,13.67
1453.0,3.0,20.0,2.0,100.0,8.64
1454.0,5.0,20.0,2.0,100.0,11.55
1455.0,10.0,20.0,2.0,100.0,9.83
1456.0,20.0,20.0,2.0,100.0,9.98
1457.0,40.0,20.0,2.0,100.0,11.84
1458.0,0.0,20.0,2.0,100.0,19.2
1459.0,0.5,20.0,2.0,100.0,15.42
1460.0,1.0,20.0,2.0,100.0,11.9
1461.0,2.0,20.0,2.0,100.0,10.15
1462.0,3.0,20.0,2.0,100.0,13.15
1463.0,5.0,20.0,2.0,100.0,8.81
1464.0,10.0,20.0,2.0,100.0,8.83
1465.0,20.0,20.0,2.0,100.0,8.9
1466.0,40.0,20.0,2.0,100.0,8.85
1467.0,0.0,20.0,2.0,100.0,21.74
1468.0,0.5,20.0,2.0,100.0,12.55
1469.0,1.0,20.0,2.0,100.0,13.97
1470.0,2.0,20.0,2.0,100.0,16.35
1471.0,3.0,20.0,2.0,100.0,8.57
1472.0,5.0,20.0,2.0,100.0,9.74
1473.0,10.0,20.0,2.0,100.0,11.7
1474.0,20.0,20.0,2.0,100.0,11.14
1475.0,40.0,20.0,2.0,100.0,8.62
1476.0,0.0,20.0,2.0,100.0,20.52
1477.0,0.5,20.0,2.0,100.0,15.85
1478.0,1.0,20.0,2.0,100.0,14.14
1479.0,2.0,20.0,2.0,100.0,13.8
1480.0,3.0,20.0,2.0,100.0,11.42
1481.0,5.0,20.0,2.0,100.0,11.22
1482.0,10.0,20.0,2.0,100.0,7.84
1483.0,20.0,20.0,2.0,100.0,10.8
1484.0,40.0,20.0,2.0,100.0,10.59
1485.0,0.0,20.0,2.0,100.0,18.44
1486.0,0.5,20.0,2.0,100.0,16.68
1487.0,1.0,20.0,2.0,100.0,14.57
1488.0,2.0,20.0,2.0,100.0,11.21
1489.0,3.0,20.0,2.0,100.0,9.61
1490.0,5.0,20.0,2.0,100.0,9.85
1491.0,10.0,20.0,2.0,100.0,8.8
1492.0,20.0,20.0,2.0,100.0,9.8
1493.0,40.0,20.0,2.0,100.0,10.91
1494.0,0.0,20.0,2.0,100.0,11.15
1495.0,0.5,20.0,2.0,100.0,16.69
1496.0,1.0,20.0,2.0,100.0,14.93
1497.0,2.0,20.0,2.0,100.0,16.86
1498.0,3.0,20.0,2.0,100.0,18.06
1499.0,5.0,20.0,2.0,100.0,10.37
1500.0,10.0,20.0,2.0,100.0,10.86
1501.0,20.0,20.0,2.0,100.0,10.13
1502.0,40.0,20.0,2.0,100.0,11.36
1503.0,0.0,20.0,2.0,100.0,24.27
1504.0,0.5,20.0,2.0,100.0,13.44
1505.0,1.0,20.0,2.0,100.0,16.56
1506.0,2.0,20.0,2.0,100.0,9.61
1507.0,3.0,20.0,2.0,100.0,11.92
1508.0,5.0,20.0,2.0,100.0,8.82
1509.0,10.0,20.0,2.0,100.0,8.39
1510.0,20.0,20.0,2.0,100.0,10.26
1511.0,40.0,20.0,2.0,100.0,9.43
1512.0,0.0,20.0,2.0,100.0,23.78
1513.0,0.5,20.0,2.0,100.0,14.69
1514.0,1.0,20.0,2.0,100.0,15.93
1515.0,2.0,20.0,2.0,100.0,7.99
1516.0,3.0,20.0,2.0,100.0,11.47
1517.0,5.0,20.0,2.0,100.0,7.88
1518.0,10.0,20.0,2.0,100.0,11.74
1519.0,20.0,20.0,2.0,100.0,8.91
1520.0,40.0,20.0,2.0,100.0,9.77
1521.0,0.0,20.0,2.0,100.0,20.95
1522.0,0.5,20.0,2.0,100.0,18.82
1523.0,1.0,20.0,2.0,100.0,11.75
1524.0,2.0,20.0,2.0,100.0,8.98
1525.0,3.0,20.0,2.0,100.0,12.16
1526.0,5.0,20.0,2.0,100.0,8.87
1527.0,10.0,20.0,2.0,100.0,10.07
1528.0,20.0,20.0,2.0,100.0,10.46
1529.0,40.0,20.0,2.0,100.0,9.68
1530.0,0.0,20.0,2.0,100.0,10.92
1531.0,0.5,20.0,2.0,100.0,13.98
1532.0,1.0,20.0,2.0,100.0,17.16
1533.0,2.0,20.0,2.0,100.0,14.38
1534.0,3.0,20.0,2.0,100.0,13.94
1535.0,5.0,20.0,2.0,100.0,8.05
1536.0,10.0,20.0,2.0,100.0,8.84
1537.0,20.0,20.0,2.0,100.0,9.16
1538.0,40.0,20.0,2.0,100.0,8.71
1539.0,0.0,20.0,2.0,100.0,20.84
1540.0,0.5,20.0,2.0,100.0,13.43
1541.0,1.0,20.0,2.0,100.0,18.16
1542.0,2.0,20.0,2.0,100.0,15.41
1543.0,3.0,20.0,2.0,100.0,21.04
1544.0,5.0,20.0,2.0,100.0,10.04
1545.0,10.0,20.0,2.0,100.0,8.79
1546.0,20.0,20.0,2.0,100.0,10.52
1547.0,40.0,20.0,2.0,100.0,8.75
1548.0,0.0,20.0,2.0,100.0,23.31
1549.0,0.5,20.0,2.0,100.0,12.07
1550.0,1.0,20.0,2.0,100.0,15.82
1551.0,2.0,20.0,2.0,100.0,10.77
1552.0,3.0,20.0,2.0,100.0,10.19
1553.0,5.0,20.0,2.0,100.0,10.7
1554.0,10.0,20.0,2.0,100.0,8.81
1555.0,20.0,20.0,2.0,100.0,7.8
1556.0,40.0,20.0,2.0,100.0,8.69
1557.0,0.0,20.0,2.0,100.0,23.57
1558.0,0.5,20.0,2.0,100.0,11.28
1559.0,1.0,20.0,2.0,100.0,14.99
1560.0,2.0,20.0,2.0,100.0,12.41
1561.0,3.0,20.0,2.0,100.0,17.74
1562.0,5.0,20.0,2.0,100.0,8.69
1563.0,10.0,20.0,2.0,100.0,9.44
1564.0,20.0,20.0,2.0,100.0,8.19
1565.0,40.0,20.0,2.0,100.0,8.72
1566.0,0.0,20.0,2.0,100.0,16.67
1567.0,0.5,20.0,2.0,100.0,19.17
1568.0,1.0,20.0,2.0,100.0,17.16
1569.0,2.0,20.0,2.0,100.0,12.46
1570.0,3.0,20.0,2.0,100.0,12.89
1571.0,5.0,20.0,2.0,100.0,10.65
1572.0,10.0,20.0,2.0,100.0,8.7
1573.0,20.0,20.0,2.0,100.0,11.26
1574.0,40.0,20.0,2.0,100.0,10.13
1575.0,0.0,20.0,2.0,100.0,16.3
1576.0,0.5,20.0,2.0,100.0,23.16
1577.0,1.0,20.0,2.0,100.0,10.39
1578.0,2.0,20.0,2.0,100.0,13.01
1579.0,3.0,20.0,2.0,100.0,9.18
1580.0,5.0,20.0,2.0,100.0,13.74
1581.0,10.0,20.0,2.0,100.0,8.11
1582.0,20.0,20.0,2.0,100.0,11.2
1583.0,40.0,20.0,2.0,100.0,9.96
1584.0,0.0,20.0,2.0,100.0,23.41
1585.0,0.5,20.0,2.0,100.0,16.15
1586.0,1.0,20.0,2.0,100.0,21.35
1587.0,2.0,20.0,2.0,100.0,16.0
1588.0,3.0,20.0,2.0,100.0,15.87
1589.0,5.0,20.0,2.0,100.0,8.05
1590.0,10.0,20.0,2.0,100.0,10.18
1591.0,20.0,20.0,2.0,100.0,8.8
1592.0,40.0,20.0,2.0,100.0,8.08
1593.0,0.0,20.0,2.0,100.0,12.6
1594.0,0.5,20.0,2.0,100.0,10.23
1595.0,1.0,20.0,2.0,100.0,12.1
1596.0,2.0,20.0,2.0,100.0,12.7
1597.0,3.0,20.0,2.0,100.0,9.86
1598.0,5.0,20.0,2.0,100.0,9.72
1599.0,10.0,20.0,2.0,100.0,10.18
1600.0,20.0,20.0,2.0,100.0,7.59
1601.0,40.0,20.0,2.0,100.0,9.5
1602.0,0.0,20.0,2.0,100.0,9.13
1603.0,0.5,20.0,2.0,100.0,11.9
1604.0,1.0,20.0,2.0,100.0,14.88
1605.0,2.0,20.0,2.0,100.0,8.46
1606.0,3.0,20.0,2.0,100.0,14.06
1607.0,5.0,20.0,2.0,100.0,9.42
1608.0,10.0,20.0,2.0,100.0,11.04
1609.0,20.0,20.0,2.0,100.0,9.28
1610.0,40.0,20.0,2.0,100.0,8.22
1611.0,0.0,20.0,2.0,100.0,21.79
1612.0,0.5,20.0,2.0,100.0,12.09
1613.0,1.0,20.0,2.0,100.0,14.24
1614.0,2.0,20.0,2.0,100.0,8.21
1615.0,3.0,20.0,2.0,100.0,8.92
1616.0,5.0,20.0,2.0,100.0,11.16
1617.0,10.0,20.0,2.0,100.0,9.91
1618.0,20.0,20.0,2.0,100.0,9.03
1619.0,40.0,20.0,2.0,100.0,11.04
1620.0,0.0,20.0,2.0,100.0,28.59
1621.0,0.5,20.0,2.0,100.0,23.54
1622.0,1.0,20.0,2.0,100.0,10.14
1623.0,2.0,20.0,2.0,100.0,8.28
1624.0,3.0,20.0,2.0,100.0,13.9
1625.0,5.0,20.0,2.0,100.0,13.04
1626.0,10.0,20.0,2.0,100.0,7.88
1627.0,20.0,20.0,2.0,100.0,9.8
1628.0,40.0,20.0,2.0,100.0,10.67
1629.0,0.0,20.0,2.0,100.0,15.53
1630.0,0.5,20.0,2.0,100.0,22.91
1631.0,1.0,20.0,2.0,100.0,20.59
1632.0,2.0,20.0,2.0,100.0,11.7
1633.0,3.0,20.0,2.0,100.0,10.17
1634.0,5.0,20.0,2.0,100.0,8.38
1635.0,10.0,20.0,2.0,100.0,11.63
1636.0,20.0,20.0,2.0,100.0,9.68
1637.0,40.0,20.0,2.0,100.0,8.27
1638.0,0.0,20.0,2.0,100.0,23.13
1639.0,0.5,20.0,2.0,100.0,10.55
1640.0,1.0,20.0,2.0,100.0,9.36
1641.0,2.0,20.0,2.0,100.0,12.16
1642.0,3.0,20.0,2.0,100.0,17.31
1643.0,5.0,20.0,2.0,100.0,9.52
1644.0,10.0,20.0,2.0,100.0,9.5
1645.0,20.0,20.0,2.0,100.0,8.58
1646.0,40.0,20.0,2.0,100.0,9.14
1647.0,0.0,20.0,2.0,100.0,20.73
1648.0,0.5,20.0,2.0,100.0,14.07
1649.0,1.0,20.0,2.0,100.0,11.1
1650.0,2.0,20.0,2.0,100.0,9.99
1651.0,3.0,20.0,2.0,100.0,11.8
1652.0,5.0,20.0,2.0,100.0,12.18
1653.0,10.0,20.0,2.0,100.0,11.05
1654.0,20.0,20.0,2.0,100.0,10.19
1655.0,40.0,20.0,2.0,100.0,8.31
1656.0,0.0,20.0,2.0,100.0,19.33
1657.0,0.5,20.0,2.0,100.0,11.08
1658.0,1.0,20.0,2.0,100.0,8.88
1659.0,2.0,20.0,2.0,100.0,18.68
1660.0,3.0,20.0,2.0,100.0,9.45
1661.0,5.0,20.0,2.0,100.0,9.49
1662.0,10.0,20.0,2.0,100.0,9.5
1663.0,20.0,20.0,2.0,100.0,9.15
1664.0,40.0,20.0,2.0,100.0,9.52
1665.0,0.0,20.0,2.0,100.0,23.34
1666.0,0.5,20.0,2.0,100.0,23.64
1667.0,1.0,20.0,2.0,100.0,10.4
1668.0,2.0,20.0,2.0,100.0,8.73
1669.0,3.0,20.0,2.0,100.0,8.28
1670.0,5.0,20.0,2.0,100.0,8.45
1671.0,10.0,20.0,2.0,100.0,10.81
1672.0,20.0,20.0,2.0,100.0,9.56
1673.0,40.0,20.0,2.0,100.0,10.06
1674.0,0.0,20.0,2.0,100.0,15.51
1675.0,0.5,20.0,2.0,100.0,9.92
1676.0,1.0,20.0,2.0,100.0,14.38
1677.0,2.0,20.0,2.0,100.0,12.81
1678.0,3.0,20.0,2.0,100.0,11.41
1679.0,5.0,20.0,2.0,100.0,9.74
1680.0,10.0,20.0,2.0,100.0,10.64
1681.0,20.0,20.0,2.0,100.0,9.86
1682.0,40.0,20.0,2.0,100.0,10.9
1683.0,0.0,20.0,2.0,100.0,10.58
1684.0,0.5,20.0,2.0,100.0,20.74
1685.0,1.0,20.0,2.0,100.0,15.83
1686.0,2.0,20.0,2.0,100.0,8.44
1687.0,3.0,20.0,2.0,100.0,10.48
1688.0,5.0,20.0,2.0,100.0,11.09
1689.0,10.0,20.0,2.0,100.0,7.64
1690.0,20.0,20.0,2.0,100.0,8.82
1691.0,40.0,20.0,2.0,100.0,9.47
1692.0,0.0,20.0,2.0,100.0,22.76
1693.0,0.5,20.0,2.0,100.0,13.34
1694.0,1.0,20.0,2.0,100.0,11.22
1695.0,2.0,20.0,2.0,100.0,13.66
1696.0,3.0,20.0,2.0,100.0,8.61
1697.0,5.0,20.0,2.0,100.0,9.75
1698.0,10.0,20.0,2.0,100.0,10.3
1699.0,20.0,20.0,2.0,100.0,8.08
1700.0,40.0,20.0,2.0,100.0,12.1
1701.0,0.0,20.0,2.0,100.0,17.14
1702.0,0.5,20.0,2.0,100.0,14.21
1703.0,1.0,20.0,2.0,100.0,21.5
1704.0,2.0,20.0,2.0,100.0,8.85
1705.0,3.0,20.0,2.0,100.0,8.89
1706.0,5.0,20.0,2.0,100.0,11.35
1707.0,10.0,20.0,2.0,100.0,10.98
1708.0,20.0,20.0,2.0,100.0,8.17
1709.0,40.0,20.0,2.0,100.0,10.07
1710.0,0.0,20.0,2.0,100.0,19.15
1711.0,0.5,20.0,2.0,100.0,22.0
1712.0,1.0,20.0,2.0,100.0,9.8
1713.0,2.0,20.0,2.0,100.0,12.26
1714.0,3.0,20.0,2.0,100.0,14.19
1715.0,5.0,20.0,2.0,100.0,8.51
1716.0,10.0,20.0,2.0,100.0,10.19
1717.0,20.0,20.0,2.0,100.0,10.07
1718.0,40.0,20.0,2.0,100.0,9.21
1719.0,0.0,20.0,2.0,100.0,13.54
1720.0,0.5,20.0,2.0,100.0,17.04
1721.0,1.0,20.0,2.0,100.0,8.68
1722.0,2.0,20.0,2.0,100.0,8.96
1723.0,3.0,20.0,2.0,100.0,10.3
1724.0,5.0,20.0,2.0,100.0,10.0
1725.0,10.0,20.0,2.0,100.0,9.24
1726.0,20.0,20.0,2.0,100.0,8.98
1727.0,40.0,20.0,2.0,100.0,11.57
1728.0,0.0,20.0,2.0,100.0,17.53
1729.0,0.5,20.0,2.0,100.0,17.85
1730.0,1.0,20.0,2.0,100.0,15.98
1731.0,2.0,20.0,2.0,100.0,13.0
1732.0,3.0,20.0,2.0,100.0,12.42
1733.0,5.0,20.0,2.0,100.0,16.1
1734.0,10.0,20.0,2.0,100.0,8.52
1735.0,20.0,20.0,2.0,100.0,8.48
1736.0,40.0,20.0,2.0,100.0,13.65
1737.0,0.0,20.0,2.0,100.0,17.84
1738.0,0.5,20.0,2.0,100.0,21.28
1739.0,1.0,20.0,2.0,100.0,13.46
1740.0,2.0,20.0,2.0,100.0,8.57
1741.0,3.0,20.0,2.0,100.0,21.58
1742.0,5.0,20.0,2.0,100.0,9.94
1743.0,10.0,20.0,2.0,100.0,10.13
1744.0,20.0,20.0,2.0,100.0,12.03
1745.0,40.0,20.0,2.0,100.0,10.1
1746.0,0.0,20.0,2.0,100.0,21.99
1747.0,0.5,20.0,2.0,100.0,9.45
1748.0,1.0,20.0,2.0,100.0,8.55
1749.0,2.0,20.0,2.0,100.0,11.33
1750.0,3.0,20.0,2.0,100.0,15.07
1751.0,5.0,20.0,2.0,100.0,8.92
1752.0,10.0,20.0,2.0,100.0,8.88
1753.0,20.0,20.0,2.0,100.0,10.73
1754.0,40.0,20.0,2.0,100.0,9.13
1755.0,0.0,20.0,2.0,100.0,17.43
1756.0,0.5,20.0,2.0,100.0,14.34
1757.0,1.0,20.0,2.0,100.0,13.54
1758.0,2.0,20.0,2.0,100.0,11.91
1759.0,3.0,20.0,2.0,100.0,10.98
1760.0,5.0,20.0,2.0,100.0,8.89
1761.0,10.0,20.0,2.0,100.0,8.72
1762.0,20.0,20.0,2.0,100.0,8.78
1763.0,40.0,20.0,2.0,100.0,9.09
1764.0,0.0,20.0,2.0,100.0,16.52
1765.0,0.5,20.0,2.0,100.0,20.87
1766.0,1.0,20.0,2.0,100.0,17.74
1767.0,2.0,20.0,2.0,100.0,12.08
1768.0,3.0,20.0,2.0,100.0,12.94
1769.0,5.0,20.0,2.0,100.0,15.55
1770.0,10.0,20.0,2.0,100.0,9.18
1771.0,20.0,20.0,2.0,100.0,7.78
1772.0,40.0,20.0,2.0,100.0,7.51
1773.0,0.0,20.0,2.0,100.0,24.0
1774.0,0.5,20.0,2.0,100.0,15.2
1775.0,1.0,20.0,2.0,100.0,18.4
1776.0,2.0,20.0,2.0,100.0,20.39
1777.0,3.0,20.0,2.0,100.0,9.74
1778.0,5.0,20.0,2.0,100.0,9.31
1779.0,10.0,20.0,2.0,100.0,10.27
1780.0,20.0,20.0,2.0,100.0,9.29
1781.0,40.0,20.0,2.0,100.0,8.84
1782.0,0.0,20.0,2.0,100.0,18.66
1783.0,0.5,20.0,2.0,100.0,19.94
1784.0,1.0,20.0,2.0,100.0,24.47
1785.0,2.0,20.0,2.0,100.0,12.25
1786.0,3.0,20.0,2.0,100.0,10.14
1787.0,5.0,20.0,2.0,100.0,9.5
1788.0,10.0,20.0,2.0,100.0,11.55
1789.0,20.0,20.0,2.0,100.0,8.13
1790.0,40.0,20.0,2.0,100.0,10.42
1791.0,0.0,20.0,2.0,100.0,18.71
1792.0,0.5,20.0,2.0,100.0,24.48
1793.0,1.0,20.0,2.0,100.0,25.2
1794.0,2.0,20.0,2.0,100.0,12.37
1795.0,3.0,20.0,2.0,100.0,9.97
1796.0,5.0,20.0,2.0,100.0,8.75
1797.0,10.0,20.0,2.0,100.0,9.64
1798.0,20.0,20.0,2.0,100.0,10.77
1799.0,40.0,20.0,2.0,100.0,9.55
1800.0,0.0,20.0,2.0,125.0,22.368
1801.0,0.5,20.0,2.0,125.0,18.256
1802.0,1.0,20.0,2.0,125.0,10.92
1803.0,2.0,20.0,2.0,125.0,11.304
1804.0,3.0,20.0,2.0,125.0,12.56
1805.0,5.0,20.0,2.0,125.0,9.352
1806.0,10.0,20.0,2.0,125.0,10.928
1807.0,20.0,20.0,2.0,125.0,11.08
1808.0,40.0,20.0,2.0,125.0,11.328
1809.0,0.0,20.0,2.0,125.0,24.584
1810.0,0.5,20.0,2.0,125.0,18.872
1811.0,1.0,20.0,2.0,125.0,23.872
1812.0,2.0,20.0,2.0,125.0,15.8
1813.0,3.0,20.0,2.0,125.0,12.256
1814.0,5.0,20.0,2.0,125.0,9.504
1815.0,10.0,20.0,2.0,125.0,14.24
1816.0,20.0,20.0,2.0,125.0,10.592
1817.0,40.0,20.0,2.0,125.0,10.304
1818.0,0.0,20.0,2.0,125.0,14.704
1819.0,0.5,20.0,2.0,125.0,28.344
1820.0,1.0,20.0,2.0,125.0,12.0
1821.0,2.0,20.0,2.0,125.0,13.088
1822.0,3.0,20.0,2.0,125.0,12.232
1823.0,5.0,20.0,2.0,125.0,14.768
1824.0,10.0,20.0,2.0,125.0,9.928
1825.0,20.0,20.0,2.0,125.0,17.08
1826.0,40.0,20.0,2.0,125.0,10.976
1827.0,0.0,20.0,2.0,125.0,17.24
1828.0,0.5,20.0,2.0,125.0,11.144
1829.0,1.0,20.0,2.0,125.0,21.4
1830.0,2.0,20.0,2.0,125.0,10.6
1831.0,3.0,20.0,2.0,125.0,12.424
1832.0,5.0,20.0,2.0,125.0,10.712
1833.0,10.0,20.0,2.0,125.0,13.896
1834.0,20.0,20.0,2.0,125.0,12.144
1835.0,40.0,20.0,2.0,125.0,14.584
1836.0,0.0,20.0,2.0,125.0,18.208
1837.0,0.5,20.0,2.0,125.0,19.384
1838.0,1.0,20.0,2.0,125.0,17.904
1839.0,2.0,20.0,2.0,125.0,11.752
1840.0,3.0,20.0,2.0,125.0,9.696
1841.0,5.0,20.0,2.0,125.0,11.424
1842.0,10.0,20.0,2.0,125.0,9.16
1843.0,20.0,20.0,2.0,125.0,8.808
1844.0,40.0,20.0,2.0,125.0,12.792
1845.0,0.0,20.0,2.0,125.0,18.552
1846.0,0.5,20.0,2.0,125.0,22.408
1847.0,1.0,20.0,2.0,125.0,13.184
1848.0,2.0,20.0,2.0,125.0,21.12
1849.0,3.0,20.0,2.0,125.0,9.912
1850.0,5.0,20.0,2.0,125.0,10.376
1851.0,10.0,20.0,2.0,125.0,10.328
1852.0,20.0,20.0,2.0,125.0,11.976
1853.0,40.0,20.0,2.0,125.0,8.896
1854.0,0.0,20.0,2.0,125.0,20.104
1855.0,0.5,20.0,2.0,125.0,24.0
1856.0,1.0,20.0,2.0,125.0,21.664
1857.0,2.0,20.0,2.0,125.0,9.672
1858.0,3.0,20.0,2.0,125.0,16.816
1859.0,5.0,20.0,2.0,125.0,11.912
1860.0,10.0,20.0,2.0,125.0,11.568
1861.0,20.0,20.0,2.0,125.0,9.576
1862.0,40.0,20.0,2.0,125.0,11.176
1863.0,0.0,20.0,2.0,125.0,16.664
1864.0,0.5,20.0,2.0,125.0,33.88
1865.0,1.0,20.0,2.0,125.0,14.896
1866.0,2.0,20.0,2.0,125.0,10.96
1867.0,3.0,20.0,2.0,125.0,17.296
1868.0,5.0,20.0,2.0,125.0,11.496
1869.0,10.0,20.0,2.0,125.0,11.088
1870.0,20.0,20.0,2.0,125.0,10.6
1871.0,40.0,20.0,2.0,125.0,9.272
1872.0,0.0,20.0,2.0,125.0,21.248
1873.0,0.5,20.0,2.0,125.0,13.064
1874.0,1.0,20.0,2.0,125.0,14.736
1875.0,2.0,20.0,2.0,125.0,12.632
1876.0,3.0,20.0,2.0,125.0,14.664
1877.0,5.0,20.0,2.0,125.0,10.592
1878.0,10.0,20.0,2.0,125.0,11.976
1879.0,20.0,20.0,2.0,125.0,10.272
1880.0,40.0,20.0,2.0,125.0,9.696
1881.0,0.0,20.0,2.0,125.0,23.04
1882.0,0.5,20.0,2.0,125.0,15.368
1883.0,1.0,20.0,2.0,125.0,17.128
1884.0,2.0,20.0,2.0,125.0,18.64
1885.0,3.0,20.0,2.0,125.0,9.936
1886.0,5.0,20.0,2.0,125.0,9.896
1887.0,10.0,20.0,2.0,125.0,10.584
1888.0,20.0,20.0,2.0,125.0,9.824
1889.0,40.0,20.0,2.0,125.0,12.864
1890.0,0.0,20.0,2.0,125.0,26.992
1891.0,0.5,20.0,2.0,125.0,13.432
1892.0,1.0,20.0,2.0,125.0,14.232
1893.0,2.0,20.0,2.0,125.0,15.208
1894.0,3.0,20.0,2.0,125.0,10.264
1895.0,5.0,20.0,2.0,125.0,12.808
1896.0,10.0,20.0,2.0,125.0,11.248
1897.0,20.0,20.0,2.0,125.0,10.936
1898.0,40.0,20.0,2.0,125.0,11.872
1899.0,0.0,20.0,2.0,125.0,31.632
1900.0,0.5,20.0,2.0,125.0,11.24
1901.0,1.0,20.0,2.0,125.0,14.664
1902.0,2.0,20.0,2.0,125.0,12.032
1903.0,3.0,20.0,2.0,125.0,11.024
1904.0,5.0,20.0,2.0,125.0,17.192
1905.0,10.0,20.0,2.0,125.0,11.016
1906.0,20.0,20.0,2.0,125.0,10.944
1907.0,40.0,20.0,2.0,125.0,13.208
1908.0,0.0,20.0,2.0,125.0,31.2
1909.0,0.5,20.0,2.0,125.0,25.792
1910.0,1.0,20.0,2.0,125.0,11.752
1911.0,2.0,20.0,2.0,125.0,13.064
1912.0,3.0,20.0,2.0,125.0,16.336
1913.0,5.0,20.0,2.0,125.0,8.992
1914.0,10.0,20.0,2.0,125.0,10.8
1915.0,20.0,20.0,2.0,125.0,12.416
1916.0,40.0,20.0,2.0,125.0,9.136
1917.0,0.0,20.0,2.0,125.0,28.424
1918.0,0.5,20.0,2.0,125.0,14.816
1919.0,1.0,20.0,2.0,125.0,20.984
1920.0,2.0,20.0,2.0,125.0,17.688
1921.0,3.0,20.0,2.0,125.0,15.136
1922.0,5.0,20.0,2.0,125.0,14.472
1923.0,10.0,20.0,2.0,125.0,9.816
1924.0,20.0,20.0,2.0,125.0,10.12
1925.0,40.0,20.0,2.0,125.0,15.68
1926.0,0.0,20.0,2.0,125.0,23.272
1927.0,0.5,20.0,2.0,125.0,15.84
1928.0,1.0,20.0,2.0,125.0,22.72
1929.0,2.0,20.0,2.0,125.0,18.128
1930.0,3.0,20.0,2.0,125.0,13.016
1931.0,5.0,20.0,2.0,125.0,11.504
1932.0,10.0,20.0,2.0,125.0,9.384
1933.0,20.0,20.0,2.0,125.0,9.672
1934.0,40.0,20.0,2.0,125.0,12.592
1935.0,0.0,20.0,2.0,125.0,24.648
1936.0,0.5,20.0,2.0,125.0,19.856
1937.0,1.0,20.0,2.0,125.0,15.032
1938.0,2.0,20.0,2.0,125.0,12.344
1939.0,3.0,20.0,2.0,125.0,10.088
1940.0,5.0,20.0,2.0,125.0,11.304
1941.0,10.0,20.0,2.0,125.0,10.904
1942.0,20.0,20.0,2.0,125.0,14.736
1943.0,40.0,20.0,2.0,125.0,13.048
1944.0,0.0,20.0,2.0,125.0,21.744
1945.0,0.5,20.0,2.0,125.0,14.64
1946.0,1.0,20.0,2.0,125.0,25.896
1947.0,2.0,20.0,2.0,125.0,10.512
1948.0,3.0,20.0,2.0,125.0,12.048
1949.0,5.0,20.0,2.0,125.0,11.36
1950.0,10.0,20.0,2.0,125.0,8.96
1951.0,20.0,20.0,2.0,125.0,8.56
1952.0,40.0,20.0,2.0,125.0,9.984
1953.0,0.0,20.0,2.0,125.0,15.872
1954.0,0.5,20.0,2.0,125.0,17.736
1955.0,1.0,20.0,2.0,125.0,13.12
1956.0,2.0,20.0,2.0,125.0,22.112
1957.0,3.0,20.0,2.0,125.0,10.776
1958.0,5.0,20.0,2.0,125.0,11.04
1959.0,10.0,20.0,2.0,125.0,8.624
1960.0,20.0,20.0,2.0,125.0,11.384
1961.0,40.0,20.0,2.0,125.0,14.992
1962.0,0.0,20.0,2.0,125.0,27.072
1963.0,0.5,20.0,2.0,125.0,16.472
1964.0,1.0,20.0,2.0,125.0,25.44
1965.0,2.0,20.0,2.0,125.0,11.336
1966.0,3.0,20.0,2.0,125.0,13.856
1967.0,5.0,20.0,2.0,125.0,12.352
1968.0,10.0,20.0,2.0,125.0,11.944
1969.0,20.0,20.0,2.0,125.0,8.92
1970.0,40.0,20.0,2.0,125.0,10.4
1971.0,0.0,20.0,2.0,125.0,27.872
1972.0,0.5,20.0,2.0,125.0,26.16
1973.0,1.0,20.0,2.0,125.0,13.672
1974.0,2.0,20.0,2.0,125.0,9.344
1975.0,3.0,20.0,2.0,125.0,10.232
1976.0,5.0,20.0,2.0,125.0,10.032
1977.0,10.0,20.0,2.0,125.0,8.504
1978.0,20.0,20.0,2.0,125.0,9.144
1979.0,40.0,20.0,2.0,125.0,10.208
1980.0,0.0,20.0,2.0,125.0,23.224
1981.0,0.5,20.0,2.0,125.0,16.024
1982.0,1.0,20.0,2.0,125.0,12.432
1983.0,2.0,20.0,2.0,125.0,11.304
1984.0,3.0,20.0,2.0,125.0,9.024
1985.0,5.0,20.0,2.0,125.0,11.048
1986.0,10.0,20.0,2.0,125.0,11.776
1987.0,20.0,20.0,2.0,125.0,9.36
1988.0,40.0,20.0,2.0,125.0,11.584
1989.0,0.0,20.0,2.0,125.0,20.6
1990.0,0.5,20.0,2.0,125.0,11.488
1991.0,1.0,20.0,2.0,125.0,14.68
1992.0,2.0,20.0,2.0,125.0,20.88
1993.0,3.0,20.0,2.0,125.0,9.296
1994.0,5.0,20.0,2.0,125.0,9.976
1995.0,10.0,20.0,2.0,125.0,12.008
1996.0,20.0,20.0,2.0,125.0,13.088
1997.0,40.0,20.0,2.0,125.0,10.44
1998.0,0.0,20.0,2.0,125.0,13.824
1999.0,0.5,20.0,2.0,125.0,16.232
2000.0,1.0,20.0,2.0,125.0,17.416
2001.0,2.0,20.0,2.0,125.0,16.104
2002.0,3.0,20.0,2.0,125.0,13.024
2003.0,5.0,20.0,2.0,125.0,10.184
2004.0,10.0,20.0,2.0,125.0,13.936
2005.0,20.0,20.0,2.0,125.0,10.4
2006.0,40.0,20.0,2.0,125.0,11.848
2007.0,0.0,20.0,2.0,125.0,28.648
2008.0,0.5,20.0,2.0,125.0,11.616
2009.0,1.0,20.0,2.0,125.0,15.152
2010.0,2.0,20.0,2.0,125.0,13.912
2011.0,3.0,20.0,2.0,125.0,10.936
2012.0,5.0,20.0,2.0,125.0,12.736
2013.0,10.0,20.0,2.0,125.0,11.0
2014.0,20.0,20.0,2.0,125.0,13.728
2015.0,40.0,20.0,2.0,125.0,9.84
2016.0,0.0,20.0,2.0,125.0,11.968
2017.0,0.5,20.0,2.0,125.0,23.248
2018.0,1.0,20.0,2.0,125.0,13.92
2019.0,2.0,20.0,2.0,125.0,18.12
2020.0,3.0,20.0,2.0,125.0,11.208
2021.0,5.0,20.0,2.0,125.0,12.528
2022.0,10.0,20.0,2.0,125.0,9.808
2023.0,20.0,20.0,2.0,125.0,9.68
2024.0,40.0,20.0,2.0,125.0,10.792
2025.0,0.0,20.0,2.0,125.0,15.968
2026.0,0.5,20.0,2.0,125.0,26.024
2027.0,1.0,20.0,2.0,125.0,11.032
2028.0,2.0,20.0,2.0,125.0,11.144
2029.0,3.0,20.0,2.0,125.0,9.776
2030.0,5.0,20.0,2.0,125.0,14.904
2031.0,10.0,20.0,2.0,125.0,11.144
2032.0,20.0,20.0,2.0,125.0,11.344
2033.0,40.0,20.0,2.0,125.0,10.44
2034.0,0.0,20.0,2.0,125.0,21.736
2035.0,0.5,20.0,2.0,125.0,24.192
2036.0,1.0,20.0,2.0,125.0,18.976
2037.0,2.0,20.0,2.0,125.0,11.424
2038.0,3.0,20.0,2.0,125.0,10.792
2039.0,5.0,20.0,2.0,125.0,12.088
2040.0,10.0,20.0,2.0,125.0,8.912
2041.0,20.0,20.0,2.0,125.0,10.928
2042.0,40.0,20.0,2.0,125.0,10.184
2043.0,0.0,20.0,2.0,125.0,16.592
2044.0,0.5,20.0,2.0,125.0,23.04
2045.0,1.0,20.0,2.0,125.0,13.72
2046.0,2.0,20.0,2.0,125.0,19.352
2047.0,3.0,20.0,2.0,125.0,10.848
2048.0,5.0,20.0,2.0,125.0,10.072
2049.0,10.0,20.0,2.0,125.0,9.808
2050.0,20.0,20.0,2.0,125.0,10.4
2051.0,40.0,20.0,2.0,125.0,12.0
2052.0,0.0,20.0,2.0,125.0,15.168
2053.0,0.5,20.0,2.0,125.0,20.456
2054.0,1.0,20.0,2.0,125.0,12.08
2055.0,2.0,20.0,2.0,125.0,12.424
2056.0,3.0,20.0,2.0,125.0,11.008
2057.0,5.0,20.0,2.0,125.0,12.712
2058.0,10.0,20.0,2.0,125.0,10.224
2059.0,20.0,20.0,2.0,125.0,9.768
2060.0,40.0,20.0,2.0,125.0,10.176
2061.0,0.0,20.0,2.0,125.0,15.464
2062.0,0.5,20.0,2.0,125.0,15.568
2063.0,1.0,20.0,2.0,125.0,16.456
2064.0,2.0,20.0,2.0,125.0,10.544
2065.0,3.0,20.0,2.0,125.0,10.208
2066.0,5.0,20.0,2.0,125.0,14.472
2067.0,10.0,20.0,2.0,125.0,10.744
2068.0,20.0,20.0,2.0,125.0,12.408
2069.0,40.0,20.0,2.0,125.0,10.064
2070.0,0.0,20.0,2.0,125.0,17.432
2071.0,0.5,20.0,2.0,125.0,31.92
2072.0,1.0,20.0,2.0,125.0,8.648
2073.0,2.0,20.0,2.0,125.0,11.856
2074.0,3.0,20.0,2.0,125.0,10.896
2075.0,5.0,20.0,2.0,125.0,10.8
2076.0,10.0,20.0,2.0,125.0,10.808
2077.0,20.0,20.0,2.0,125.0,10.44
2078.0,40.0,20.0,2.0,125.0,10.864
2079.0,0.0,20.0,2.0,125.0,29.264
2080.0,0.5,20.0,2.0,125.0,29.632
2081.0,1.0,20.0,2.0,125.0,17.424
2082.0,2.0,20.0,2.0,125.0,11.856
2083.0,3.0,20.0,2.0,125.0,9.704
2084.0,5.0,20.0,2.0,125.0,13.344
2085.0,10.0,20.0,2.0,125.0,10.92
2086.0,20.0,20.0,2.0,125.0,11.84
2087.0,40.0,20.0,2.0,125.0,10.24
2088.0,0.0,20.0,2.0,125.0,18.848
2089.0,0.5,20.0,2.0,125.0,31.672
2090.0,1.0,20.0,2.0,125.0,11.552
2091.0,2.0,20.0,2.0,125.0,11.264
2092.0,3.0,20.0,2.0,125.0,11.128
2093.0,5.0,20.0,2.0,125.0,12.48
2094.0,10.0,20.0,2.0,125.0,13.552
2095.0,20.0,20.0,2.0,125.0,8.992
2096.0,40.0,20.0,2.0,125.0,12.56
2097.0,0.0,20.0,2.0,125.0,12.064
2098.0,0.5,20.0,2.0,125.0,14.08
2099.0,1.0,20.0,2.0,125.0,9.592
2100.0,2.0,20.0,2.0,125.0,13.296
2101.0,3.0,20.0,2.0,125.0,12.192
2102.0,5.0,20.0,2.0,125.0,11.376
2103.0,10.0,20.0,2.0,125.0,10.28
2104.0,20.0,20.0,2.0,125.0,11.28
2105.0,40.0,20.0,2.0,125.0,12.608
2106.0,0.0,20.0,2.0,125.0,25.768
2107.0,0.5,20.0,2.0,125.0,28.792
2108.0,1.0,20.0,2.0,125.0,20.944
2109.0,2.0,20.0,2.0,125.0,14.968
2110.0,3.0,20.0,2.0,125.0,17.296
2111.0,5.0,20.0,2.0,125.0,12.016
2112.0,10.0,20.0,2.0,125.0,9.76
2113.0,20.0,20.0,2.0,125.0,10.728
2114.0,40.0,20.0,2.0,125.0,9.696
2115.0,0.0,20.0,2.0,125.0,26.976
2116.0,0.5,20.0,2.0,125.0,27.392
2117.0,1.0,20.0,2.0,125.0,14.096
2118.0,2.0,20.0,2.0,125.0,15.344
2119.0,3.0,20.0,2.0,125.0,10.944
2120.0,5.0,20.0,2.0,125.0,11.36
2121.0,10.0,20.0,2.0,125.0,9.528
2122.0,20.0,20.0,2.0,125.0,11.096
2123.0,40.0,20.0,2.0,125.0,10.52
2124.0,0.0,20.0,2.0,125.0,11.744
2125.0,0.5,20.0,2.0,125.0,18.36
2126.0,1.0,20.0,2.0,125.0,14.448
2127.0,2.0,20.0,2.0,125.0,14.472
2128.0,3.0,20.0,2.0,125.0,12.616
2129.0,5.0,20.0,2.0,125.0,11.464
2130.0,10.0,20.0,2.0,125.0,10.648
2131.0,20.0,20.0,2.0,125.0,9.376
2132.0,40.0,20.0,2.0,125.0,14.32
2133.0,0.0,20.0,2.0,125.0,15.152
2134.0,0.5,20.0,2.0,125.0,25.208
2135.0,1.0,20.0,2.0,125.0,13.224
2136.0,2.0,20.0,2.0,125.0,11.96
2137.0,3.0,20.0,2.0,125.0,10.792
2138.0,5.0,20.0,2.0,125.0,9.192
2139.0,10.0,20.0,2.0,125.0,10.464
2140.0,20.0,20.0,2.0,125.0,10.536
2141.0,40.0,20.0,2.0,125.0,11.68
2142.0,0.0,20.0,2.0,125.0,13.192
2143.0,0.5,20.0,2.0,125.0,12.064
2144.0,1.0,20.0,2.0,125.0,12.488
2145.0,2.0,20.0,2.0,125.0,15.64
2146.0,3.0,20.0,2.0,125.0,20.072
2147.0,5.0,20.0,2.0,125.0,20.472
2148.0,10.0,20.0,2.0,125.0,11.496
2149.0,20.0,20.0,2.0,125.0,9.784
2150.0,40.0,20.0,2.0,125.0,10.032
2151.0,0.0,20.0,2.0,125.0,13.512
2152.0,0.5,20.0,2.0,125.0,30.288
2153.0,1.0,20.0,2.0,125.0,12.016
2154.0,2.0,20.0,2.0,125.0,19.8
2155.0,3.0,20.0,2.0,125.0,9.392
2156.0,5.0,20.0,2.0,125.0,11.896
2157.0,10.0,20.0,2.0,125.0,9.232
2158.0,20.0,20.0,2.0,125.0,9.2
2159.0,40.0,20.0,2.0,125.0,8.984
2160.0,0.0,20.0,2.0,125.0,31.608
2161.0,0.5,20.0,2.0,125.0,13.712
2162.0,1.0,20.0,2.0,125.0,27.368
2163.0,2.0,20.0,2.0,125.0,11.608
2164.0,3.0,20.0,2.0,125.0,10.928
2165.0,5.0,20.0,2.0,125.0,9.752
2166.0,10.0,20.0,2.0,125.0,10.44
2167.0,20.0,20.0,2.0,125.0,10.328
2168.0,40.0,20.0,2.0,125.0,13.384
2169.0,0.0,20.0,2.0,125.0,10.936
2170.0,0.5,20.0,2.0,125.0,23.696
2171.0,1.0,20.0,2.0,125.0,17.464
2172.0,2.0,20.0,2.0,125.0,11.296
2173.0,3.0,20.0,2.0,125.0,9.328
2174.0,5.0,20.0,2.0,125.0,8.768
2175.0,10.0,20.0,2.0,125.0,12.096
2176.0,20.0,20.0,2.0,125.0,9.968
2177.0,40.0,20.0,2.0,125.0,10.072
2178.0,0.0,20.0,2.0,125.0,11.672
2179.0,0.5,20.0,2.0,125.0,14.6
2180.0,1.0,20.0,2.0,125.0,13.168
2181.0,2.0,20.0,2.0,125.0,15.952
2182.0,3.0,20.0,2.0,125.0,18.032
2183.0,5.0,20.0,2.0,125.0,10.112
2184.0,10.0,20.0,2.0,125.0,9.84
2185.0,20.0,20.0,2.0,125.0,8.496
2186.0,40.0,20.0,2.0,125.0,9.52
2187.0,0.0,20.0,2.0,125.0,25.824
2188.0,0.5,20.0,2.0,125.0,23.92
2189.0,1.0,20.0,2.0,125.0,16.704
2190.0,2.0,20.0,2.0,125.0,15.304
2191.0,3.0,20.0,2.0,125.0,11.304
2192.0,5.0,20.0,2.0,125.0,13.152
2193.0,10.0,20.0,2.0,125.0,12.008
2194.0,20.0,20.0,2.0,125.0,10.568
2195.0,40.0,20.0,2.0,125.0,9.32
2196.0,0.0,20.0,2.0,125.0,27.64
2197.0,0.5,20.0,2.0,125.0,14.312
2198.0,1.0,20.0,2.0,125.0,22.136
2199.0,2.0,20.0,2.0,125.0,10.584
2200.0,3.0,20.0,2.0,125.0,15.312
2201.0,5.0,20.0,2.0,125.0,9.232
2202.0,10.0,20.0,2.0,125.0,12.528
2203.0,20.0,20.0,2.0,125.0,11.664
2204.0,40.0,20.0,2.0,125.0,12.12
2205.0,0.0,20.0,2.0,125.0,13.816
2206.0,0.5,20.0,2.0,125.0,16.392
2207.0,1.0,20.0,2.0,125.0,11.848
2208.0,2.0,20.0,2.0,125.0,18.56
2209.0,3.0,20.0,2.0,125.0,21.736
2210.0,5.0,20.0,2.0,125.0,11.24
2211.0,10.0,20.0,2.0,125.0,10.584
2212.0,20.0,20.0,2.0,125.0,10.208
2213.0,40.0,20.0,2.0,125.0,14.944
2214.0,0.0,20.0,2.0,125.0,14.288
2215.0,0.5,20.0,2.0,125.0,28.104
2216.0,1.0,20.0,2.0,125.0,18.08
2217.0,2.0,20.0,2.0,125.0,11.176
2218.0,3.0,20.0,2.0,125.0,11.36
2219.0,5.0,20.0,2.0,125.0,12.568
2220.0,10.0,20.0,2.0,125.0,11.76
2221.0,20.0,20.0,2.0,125.0,9.432
2222.0,40.0,20.0,2.0,125.0,10.2
2223.0,0.0,20.0,2.0,125.0,24.984
2224.0,0.5,20.0,2.0,125.0,13.768
2225.0,1.0,20.0,2.0,125.0,14.808
2226.0,2.0,20.0,2.0,125.0,14.616
2227.0,3.0,20.0,2.0,125.0,15.496
2228.0,5.0,20.0,2.0,125.0,8.792
2229.0,10.0,20.0,2.0,125.0,10.28
2230.0,20.0,20.0,2.0,125.0,8.792
2231.0,40.0,20.0,2.0,125.0,11.632
2232.0,0.0,20.0,2.0,125.0,18.48
2233.0,0.5,20.0,2.0,125.0,11.192
2234.0,1.0,20.0,2.0,125.0,12.952
2235.0,2.0,20.0,2.0,125.0,24.864
2236.0,3.0,20.0,2.0,125.0,10.992
2237.0,5.0,20.0,2.0,125.0,10.24
2238.0,10.0,20.0,2.0,125.0,10.096
2239.0,20.0,20.0,2.0,125.0,12.632
2240.0,40.0,20.0,2.0,125.0,12.048
2241.0,0.0,20.0,2.0,125.0,25.936
2242.0,0.5,20.0,2.0,125.0,20.232
2243.0,1.0,20.0,2.0,125.0,15.576
2244.0,2.0,20.0,2.0,125.0,18.184
2245.0,3.0,20.0,2.0,125.0,13.32
2246.0,5.0,20.0,2.0,125.0,10.624
2247.0,10.0,20.0,2.0,125.0,13.632
2248.0,20.0,20.0,2.0,125.0,9.0
2249.0,40.0,20.0,2.0,125.0,13.416
2250.0,0.0,20.0,2.0,150.0,26.306667
2251.0,0.5,20.0,2.0,150.0,12.96
2252.0,1.0,20.0,2.0,150.0,15.886666
2253.0,2.0,20.0,2.0,150.0,9.8133335
2254.0,3.0,20.0,2.0,150.0,12.053333
2255.0,5.0,20.0,2.0,150.0,10.246667
2256.0,10.0,20.0,2.0,150.0,9.846666
2257.0,20.0,20.0,2.0,150.0,14.693334
2258.0,40.0,20.0,2.0,150.0,10.92
2259.0,0.0,20.0,2.0,150.0,27.58
2260.0,0.5,20.0,2.0,150.0,19.806667
2261.0,1.0,20.0,2.0,150.0,23.413334
2262.0,2.0,20.0,2.0,150.0,15.82
2263.0,3.0,20.0,2.0,150.0,10.446667
2264.0,5.0,20.0,2.0,150.0,10.1866665
2265.0,10.0,20.0,2.0,150.0,12.513333
2266.0,20.0,20.0,2.0,150.0,10.386666
2267.0,40.0,20.0,2.0,150.0,11.18
2268.0,0.0,20.0,2.0,150.0,21.9
2269.0,0.5,20.0,2.0,150.0,11.146667
2270.0,1.0,20.0,2.0,150.0,10.913333
2271.0,2.0,20.0,2.0,150.0,11.053333
2272.0,3.0,20.0,2.0,150.0,9.513333
2273.0,5.0,20.0,2.0,150.0,11.246667
2274.0,10.0,20.0,2.0,150.0,10.293333
2275.0,20.0,20.0,2.0,150.0,9.6
2276.0,40.0,20.0,2.0,150.0,11.44
2277.0,0.0,20.0,2.0,150.0,13.206667
2278.0,0.5,20.0,2.0,150.0,14.266666
2279.0,1.0,20.0,2.0,150.0,28.7
2280.0,2.0,20.0,2.0,150.0,15.506667
2281.0,3.0,20.0,2.0,150.0,11.106667
2282.0,5.0,20.0,2.0,150.0,11.42
2283.0,10.0,20.0,2.0,150.0,11.873333
2284.0,20.0,20.0,2.0,150.0,10.386666
2285.0,40.0,20.0,2.0,150.0,11.613334
2286.0,0.0,20.0,2.0,150.0,31.266666
2287.0,0.5,20.0,2.0,150.0,36.76
2288.0,1.0,20.0,2.0,150.0,15.406667
2289.0,2.0,20.0,2.0,150.0,11.006667
2290.0,3.0,20.0,2.0,150.0,14.206667
2291.0,5.0,20.0,2.0,150.0,11.6866665
2292.0,10.0,20.0,2.0,150.0,10.806666
2293.0,20.0,20.0,2.0,150.0,10.033334
2294.0,40.0,20.0,2.0,150.0,11.6866665
2295.0,0.0,20.0,2.0,150.0,32.546665
2296.0,0.5,20.0,2.0,150.0,14.933333
2297.0,1.0,20.0,2.0,150.0,14.266666
2298.0,2.0,20.0,2.0,150.0,13.393333
2299.0,3.0,20.0,2.0,150.0,10.013333
2300.0,5.0,20.0,2.0,150.0,11.98
2301.0,10.0,20.0,2.0,150.0,10.06
2302.0,20.0,20.0,2.0,150.0,10.226666
2303.0,40.0,20.0,2.0,150.0,10.94
2304.0,0.0,20.0,2.0,150.0,22.806667
2305.0,0.5,20.0,2.0,150.0,23.38
2306.0,1.0,20.0,2.0,150.0,15.266666
2307.0,2.0,20.0,2.0,150.0,20.793333
2308.0,3.0,20.0,2.0,150.0,11.0
2309.0,5.0,20.0,2.0,150.0,11.64
2310.0,10.0,20.0,2.0,150.0,12.206667
2311.0,20.0,20.0,2.0,150.0,11.386666
2312.0,40.0,20.0,2.0,150.0,12.973333
2313.0,0.0,20.0,2.0,150.0,21.553333
2314.0,0.5,20.0,2.0,150.0,22.1
2315.0,1.0,20.0,2.0,150.0,19.653334
2316.0,2.0,20.0,2.0,150.0,17.193333
2317.0,3.0,20.0,2.0,150.0,13.026667
2318.0,5.0,20.0,2.0,150.0,10.92
2319.0,10.0,20.0,2.0,150.0,11.053333
2320.0,20.0,20.0,2.0,150.0,12.58
2321.0,40.0,20.0,2.0,150.0,10.066667
2322.0,0.0,20.0,2.0,150.0,22.646667
2323.0,0.5,20.0,2.0,150.0,19.24
2324.0,1.0,20.0,2.0,150.0,12.413333
2325.0,2.0,20.0,2.0,150.0,10.42
2326.0,3.0,20.0,2.0,150.0,12.046667
2327.0,5.0,20.0,2.0,150.0,12.013333
2328.0,10.0,20.0,2.0,150.0,10.3
2329.0,20.0,20.0,2.0,150.0,17.04
2330.0,40.0,20.0,2.0,150.0,10.106667
2331.0,0.0,20.0,2.0,150.0,14.24
2332.0,0.5,20.0,2.0,150.0,34.453335
2333.0,1.0,20.0,2.0,150.0,31.366667
2334.0,2.0,20.0,2.0,150.0,11.58
2335.0,3.0,20.0,2.0,150.0,12.253333
2336.0,5.0,20.0,2.0,150.0,10.553333
2337.0,10.0,20.0,2.0,150.0,14.34
2338.0,20.0,20.0,2.0,150.0,11.713333
2339.0,40.0,20.0,2.0,150.0,9.973333
2340.0,0.0,20.0,2.0,150.0,14.18
2341.0,0.5,20.0,2.0,150.0,17.726667
2342.0,1.0,20.0,2.0,150.0,21.42
2343.0,2.0,20.0,2.0,150.0,17.66
2344.0,3.0,20.0,2.0,150.0,11.486667
2345.0,5.0,20.0,2.0,150.0,9.82
2346.0,10.0,20.0,2.0,150.0,12.506667
2347.0,20.0,20.0,2.0,150.0,11.633333
2348.0,40.0,20.0,2.0,150.0,10.34
2349.0,0.0,20.0,2.0,150.0,29.266666
2350.0,0.5,20.0,2.0,150.0,29.933332
2351.0,1.0,20.0,2.0,150.0,12.573334
2352.0,2.0,20.0,2.0,150.0,9.553333
2353.0,3.0,20.0,2.0,150.0,12.786667
2354.0,5.0,20.0,2.0,150.0,9.706667
2355.0,10.0,20.0,2.0,150.0,9.78
2356.0,20.0,20.0,2.0,150.0,10.06
2357.0,40.0,20.0,2.0,150.0,11.753333
2358.0,0.0,20.0,2.0,150.0,27.5
2359.0,0.5,20.0,2.0,150.0,28.293333
2360.0,1.0,20.0,2.0,150.0,25.24
2361.0,2.0,20.0,2.0,150.0,14.746667
2362.0,3.0,20.0,2.0,150.0,13.1866665
2363.0,5.0,20.0,2.0,150.0,11.786667
2364.0,10.0,20.0,2.0,150.0,14.946667
2365.0,20.0,20.0,2.0,150.0,10.486667
2366.0,40.0,20.0,2.0,150.0,10.64
2367.0,0.0,20.0,2.0,150.0,22.506666
2368.0,0.5,20.0,2.0,150.0,25.613333
2369.0,1.0,20.0,2.0,150.0,14.88
2370.0,2.0,20.0,2.0,150.0,12.54
2371.0,3.0,20.0,2.0,150.0,11.093333
2372.0,5.0,20.0,2.0,150.0,10.64
2373.0,10.0,20.0,2.0,150.0,11.833333
2374.0,20.0,20.0,2.0,150.0,11.606667
2375.0,40.0,20.0,2.0,150.0,9.966666
2376.0,0.0,20.0,2.0,150.0,14.386666
2377.0,0.5,20.0,2.0,150.0,15.446667
2378.0,1.0,20.0,2.0,150.0,16.14
2379.0,2.0,20.0,2.0,150.0,12.82
2380.0,3.0,20.0,2.0,150.0,11.946667
2381.0,5.0,20.0,2.0,150.0,10.573334
2382.0,10.0,20.0,2.0,150.0,11.96
2383.0,20.0,20.0,2.0,150.0,11.166667
2384.0,40.0,20.0,2.0,150.0,10.24
2385.0,0.0,20.0,2.0,150.0,28.106667
2386.0,0.5,20.0,2.0,150.0,19.746666
2387.0,1.0,20.0,2.0,150.0,12.986667
2388.0,2.0,20.0,2.0,150.0,12.613334
2389.0,3.0,20.0,2.0,150.0,10.6
2390.0,5.0,20.0,2.0,150.0,10.66
2391.0,10.0,20.0,2.0,150.0,12.766666
2392.0,20.0,20.0,2.0,150.0,13.106667
2393.0,40.0,20.0,2.0,150.0,12.06
2394.0,0.0,20.0,2.0,150.0,22.206667
2395.0,0.5,20.0,2.0,150.0,30.513334
2396.0,1.0,20.0,2.0,150.0,20.006666
2397.0,2.0,20.0,2.0,150.0,12.806666
2398.0,3.0,20.0,2.0,150.0,15.793333
2399.0,5.0,20.0,2.0,150.0,12.82
2400.0,10.0,20.0,2.0,150.0,10.953333
2401.0,20.0,20.0,2.0,150.0,11.28
2402.0,40.0,20.0,2.0,150.0,11.946667
2403.0,0.0,20.0,2.0,150.0,21.74
2404.0,0.5,20.0,2.0,150.0,26.26
2405.0,1.0,20.0,2.0,150.0,18.746666
2406.0,2.0,20.0,2.0,150.0,10.546667
2407.0,3.0,20.0,2.0,150.0,11.233334
2408.0,5.0,20.0,2.0,150.0,17.813334
2409.0,10.0,20.0,2.0,150.0,10.953333
2410.0,20.0,20.0,2.0,150.0,14.826667
2411.0,40.0,20.0,2.0,150.0,10.913333
2412.0,0.0,20.0,2.0,150.0,12.2
2413.0,0.5,20.0,2.0,150.0,31.86
2414.0,1.0,20.0,2.0,150.0,15.74
2415.0,2.0,20.0,2.0,150.0,15.16
2416.0,3.0,20.0,2.0,150.0,14.753333
2417.0,5.0,20.0,2.0,150.0,12.493333
2418.0,10.0,20.0,2.0,150.0,10.3
2419.0,20.0,20.0,2.0,150.0,9.48
2420.0,40.0,20.0,2.0,150.0,11.673333
2421.0,0.0,20.0,2.0,150.0,28.446667
2422.0,0.5,20.0,2.0,150.0,17.32
2423.0,1.0,20.0,2.0,150.0,14.566667
2424.0,2.0,20.0,2.0,150.0,34.6
2425.0,3.0,20.0,2.0,150.0,10.853333
2426.0,5.0,20.0,2.0,150.0,10.1866665
2427.0,10.0,20.0,2.0,150.0,10.533334
2428.0,20.0,20.0,2.0,150.0,13.153334
2429.0,40.0,20.0,2.0,150.0,10.22
2430.0,0.0,20.0,2.0,150.0,24.666666
2431.0,0.5,20.0,2.0,150.0,30.78
2432.0,1.0,20.0,2.0,150.0,19.42
2433.0,2.0,20.0,2.0,150.0,18.78
2434.0,3.0,20.0,2.0,150.0,12.766666
2435.0,5.0,20.0,2.0,150.0,11.04
2436.0,10.0,20.0,2.0,150.0,10.786667
2437.0,20.0,20.0,2.0,150.0,10.966666
2438.0,40.0,20.0,2.0,150.0,10.34
2439.0,0.0,20.0,2.0,150.0,40.36
2440.0,0.5,20.0,2.0,150.0,11.593333
2441.0,1.0,20.0,2.0,150.0,12.173333
2442.0,2.0,20.0,2.0,150.0,10.9
2443.0,3.0,20.0,2.0,150.0,9.593333
2444.0,5.0,20.0,2.0,150.0,13.033334
2445.0,10.0,20.0,2.0,150.0,9.893333
2446.0,20.0,20.0,2.0,150.0,9.126667
2447.0,40.0,20.0,2.0,150.0,10.62
2448.0,0.0,20.0,2.0,150.0,14.606667
2449.0,0.5,20.0,2.0,150.0,17.68
2450.0,1.0,20.0,2.0,150.0,15.6
2451.0,2.0,20.0,2.0,150.0,12.366667
2452.0,3.0,20.0,2.0,150.0,17.426666
2453.0,5.0,20.0,2.0,150.0,12.406667
2454.0,10.0,20.0,2.0,150.0,9.986667
2455.0,20.0,20.0,2.0,150.0,14.346666
2456.0,40.0,20.0,2.0,150.0,10.506667
2457.0,0.0,20.0,2.0,150.0,21.166666
2458.0,0.5,20.0,2.0,150.0,38.746666
2459.0,1.0,20.0,2.0,150.0,27.48
2460.0,2.0,20.0,2.0,150.0,16.893333
2461.0,3.0,20.0,2.0,150.0,10.346666
2462.0,5.0,20.0,2.0,150.0,11.6866665
2463.0,10.0,20.0,2.0,150.0,12.526667
2464.0,20.0,20.0,2.0,150.0,10.093333
2465.0,40.0,20.0,2.0,150.0,10.026667
2466.0,0.0,20.0,2.0,150.0,22.2
2467.0,0.5,20.0,2.0,150.0,16.6
2468.0,1.0,20.0,2.0,150.0,11.173333
2469.0,2.0,20.0,2.0,150.0,11.3133335
2470.0,3.0,20.0,2.0,150.0,10.34
2471.0,5.0,20.0,2.0,150.0,13.913333
2472.0,10.0,20.0,2.0,150.0,11.24
2473.0,20.0,20.0,2.0,150.0,13.16
2474.0,40.0,20.0,2.0,150.0,13.133333
2475.0,0.0,20.0,2.0,150.0,20.166666
2476.0,0.5,20.0,2.0,150.0,11.213333
2477.0,1.0,20.0,2.0,150.0,11.266666
2478.0,2.0,20.0,2.0,150.0,10.486667
2479.0,3.0,20.0,2.0,150.0,12.913333
2480.0,5.0,20.0,2.0,150.0,15.44
2481.0,10.0,20.0,2.0,150.0,9.56
2482.0,20.0,20.0,2.0,150.0,10.146667
2483.0,40.0,20.0,2.0,150.0,10.32
2484.0,0.0,20.0,2.0,150.0,21.986666
2485.0,0.5,20.0,2.0,150.0,14.786667
2486.0,1.0,20.0,2.0,150.0,16.126667
2487.0,2.0,20.0,2.0,150.0,12.566667
2488.0,3.0,20.0,2.0,150.0,12.88
2489.0,5.0,20.0,2.0,150.0,11.5
2490.0,10.0,20.0,2.0,150.0,11.893333
2491.0,20.0,20.0,2.0,150.0,10.693334
2492.0,40.0,20.0,2.0,150.0,11.08
2493.0,0.0,20.0,2.0,150.0,24.786667
2494.0,0.5,20.0,2.0,150.0,15.626667
2495.0,1.0,20.0,2.0,150.0,21.186666
2496.0,2.0,20.0,2.0,150.0,14.1
2497.0,3.0,20.0,2.0,150.0,17.52
2498.0,5.0,20.0,2.0,150.0,16.086666
2499.0,10.0,20.0,2.0,150.0,11.6
2500.0,20.0,20.0,2.0,150.0,12.38
2501.0,40.0,20.0,2.0,150.0,13.493333
2502.0,0.0,20.0,2.0,150.0,22.7
2503.0,0.5,20.0,2.0,150.0,22.513334
2504.0,1.0,20.0,2.0,150.0,9.92
2505.0,2.0,20.0,2.0,150.0,14.093333
2506.0,3.0,20.0,2.0,150.0,21.053333
2507.0,5.0,20.0,2.0,150.0,10.033334
2508.0,10.0,20.0,2.0,150.0,10.626667
2509.0,20.0,20.0,2.0,150.0,10.146667
2510.0,40.0,20.0,2.0,150.0,10.446667
2511.0,0.0,20.0,2.0,150.0,21.433332
2512.0,0.5,20.0,2.0,150.0,29.533333
2513.0,1.0,20.0,2.0,150.0,15.866667
2514.0,2.0,20.0,2.0,150.0,12.193334
2515.0,3.0,20.0,2.0,150.0,12.206667
2516.0,5.0,20.0,2.0,150.0,13.586667
2517.0,10.0,20.0,2.0,150.0,11.066667
2518.0,20.0,20.0,2.0,150.0,9.94
2519.0,40.0,20.0,2.0,150.0,10.486667
2520.0,0.0,20.0,2.0,150.0,20.693333
2521.0,0.5,20.0,2.0,150.0,29.913334
2522.0,1.0,20.0,2.0,150.0,17.026667
2523.0,2.0,20.0,2.0,150.0,20.32
2524.0,3.0,20.0,2.0,150.0,16.32
2525.0,5.0,20.0,2.0,150.0,14.746667
2526.0,10.0,20.0,2.0,150.0,10.96
2527.0,20.0,20.0,2.0,150.0,10.96
2528.0,40.0,20.0,2.0,150.0,12.66
2529.0,0.0,20.0,2.0,150.0,22.713333
2530.0,0.5,20.0,2.0,150.0,17.853333
2531.0,1.0,20.0,2.0,150.0,12.5
2532.0,2.0,20.0,2.0,150.0,17.273333
2533.0,3.0,20.0,2.0,150.0,10.806666
2534.0,5.0,20.0,2.0,150.0,10.64
2535.0,10.0,20.0,2.0,150.0,12.493333
2536.0,20.0,20.0,2.0,150.0,13.52
2537.0,40.0,20.0,2.0,150.0,11.48
2538.0,0.0,20.0,2.0,150.0,36.546665
2539.0,0.5,20.0,2.0,150.0,29.526667
2540.0,1.0,20.0,2.0,150.0,11.853333
2541.0,2.0,20.0,2.0,150.0,16.366667
2542.0,3.0,20.0,2.0,150.0,16.693333
2543.0,5.0,20.0,2.0,150.0,11.66
2544.0,10.0,20.0,2.0,150.0,9.6866665
2545.0,20.0,20.0,2.0,150.0,10.006667
2546.0,40.0,20.0,2.0,150.0,10.3133335
2547.0,0.0,20.0,2.0,150.0,21.9
2548.0,0.5,20.0,2.0,150.0,21.186666
2549.0,1.0,20.0,2.0,150.0,11.493333
2550.0,2.0,20.0,2.0,150.0,11.553333
2551.0,3.0,20.0,2.0,150.0,19.306667
2552.0,5.0,20.0,2.0,150.0,12.54
2553.0,10.0,20.0,2.0,150.0,11.033334
2554.0,20.0,20.0,2.0,150.0,11.786667
2555.0,40.0,20.0,2.0,150.0,11.733334
2556.0,0.0,20.0,2.0,150.0,33.953335
2557.0,0.5,20.0,2.0,150.0,33.56
2558.0,1.0,20.0,2.0,150.0,20.626667
2559.0,2.0,20.0,2.0,150.0,22.6
2560.0,3.0,20.0,2.0,150.0,9.826667
2561.0,5.0,20.0,2.0,150.0,9.82
2562.0,10.0,20.0,2.0,150.0,9.48
2563.0,20.0,20.0,2.0,150.0,10.1866665
2564.0,40.0,20.0,2.0,150.0,9.613334
2565.0,0.0,20.0,2.0,150.0,20.106667
2566.0,0.5,20.0,2.0,150.0,16.1
2567.0,1.0,20.0,2.0,150.0,22.986666
2568.0,2.0,20.0,2.0,150.0,11.8133335
2569.0,3.0,20.0,2.0,150.0,13.906667
2570.0,5.0,20.0,2.0,150.0,10.126667
2571.0,10.0,20.0,2.0,150.0,11.866667
2572.0,20.0,20.0,2.0,150.0,10.18
2573.0,40.0,20.0,2.0,150.0,11.713333
2574.0,0.0,20.0,2.0,150.0,33.253334
2575.0,0.5,20.0,2.0,150.0,14.586667
2576.0,1.0,20.0,2.0,150.0,14.846666
2577.0,2.0,20.0,2.0,150.0,20.553333
2578.0,3.0,20.0,2.0,150.0,14.226666
2579.0,5.0,20.0,2.0,150.0,13.726666
2580.0,10.0,20.0,2.0,150.0,10.146667
2581.0,20.0,20.0,2.0,150.0,12.126667
2582.0,40.0,20.0,2.0,150.0,12.926666
2583.0,0.0,20.0,2.0,150.0,19.426666
2584.0,0.5,20.0,2.0,150.0,20.42
2585.0,1.0,20.0,2.0,150.0,21.566668
2586.0,2.0,20.0,2.0,150.0,27.32
2587.0,3.0,20.0,2.0,150.0,13.853333
2588.0,5.0,20.0,2.0,150.0,11.166667
2589.0,10.0,20.0,2.0,150.0,11.513333
2590.0,20.0,20.0,2.0,150.0,9.78
2591.0,40.0,20.0,2.0,150.0,10.226666
2592.0,0.0,20.0,2.0,150.0,17.113333
2593.0,0.5,20.0,2.0,150.0,28.773333
2594.0,1.0,20.0,2.0,150.0,13.453333
2595.0,2.0,20.0,2.0,150.0,16.74
2596.0,3.0,20.0,2.0,150.0,9.706667
2597.0,5.0,20.0,2.0,150.0,9.8133335
2598.0,10.0,20.0,2.0,150.0,11.533334
2599.0,20.0,20.0,2.0,150.0,11.046667
2600.0,40.0,20.0,2.0,150.0,12.913333
2601.0,0.0,20.0,2.0,150.0,11.753333
2602.0,0.5,20.0,2.0,150.0,23.7
2603.0,1.0,20.0,2.0,150.0,33.646667
2604.0,2.0,20.0,2.0,150.0,12.28
2605.0,3.0,20.0,2.0,150.0,15.1866665
2606.0,5.0,20.0,2.0,150.0,10.833333
2607.0,10.0,20.0,2.0,150.0,11.773334
2608.0,20.0,20.0,2.0,150.0,10.48
2609.0,40.0,20.0,2.0,150.0,9.946667
2610.0,0.0,20.0,2.0,150.0,20.166666
2611.0,0.5,20.0,2.0,150.0,34.273335
2612.0,1.0,20.0,2.0,150.0,15.84
2613.0,2.0,20.0,2.0,150.0,11.093333
2614.0,3.0,20.0,2.0,150.0,14.233334
2615.0,5.0,20.0,2.0,150.0,11.966666
2616.0,10.0,20.0,2.0,150.0,11.633333
2617.0,20.0,20.0,2.0,150.0,10.113334
2618.0,40.0,20.0,2.0,150.0,10.42
2619.0,0.0,20.0,2.0,150.0,11.966666
2620.0,0.5,20.0,2.0,150.0,25.04
2621.0,1.0,20.0,2.0,150.0,14.78
2622.0,2.0,20.0,2.0,150.0,13.166667
2623.0,3.0,20.0,2.0,150.0,10.673333
2624.0,5.0,20.0,2.0,150.0,12.306666
2625.0,10.0,20.0,2.0,150.0,11.653334
2626.0,20.0,20.0,2.0,150.0,13.98
2627.0,40.0,20.0,2.0,150.0,11.086667
2628.0,0.0,20.0,2.0,150.0,30.86
2629.0,0.5,20.0,2.0,150.0,17.153334
2630.0,1.0,20.0,2.0,150.0,15.773334
2631.0,2.0,20.0,2.0,150.0,11.093333
2632.0,3.0,20.0,2.0,150.0,15.833333
2633.0,5.0,20.0,2.0,150.0,13.36
2634.0,10.0,20.0,2.0,150.0,12.886666
2635.0,20.0,20.0,2.0,150.0,11.633333
2636.0,40.0,20.0,2.0,150.0,10.8133335
2637.0,0.0,20.0,2.0,150.0,29.686666
2638.0,0.5,20.0,2.0,150.0,24.353333
2639.0,1.0,20.0,2.0,150.0,10.46
2640.0,2.0,20.0,2.0,150.0,16.133333
2641.0,3.0,20.0,2.0,150.0,12.8
2642.0,5.0,20.0,2.0,150.0,10.8
2643.0,10.0,20.0,2.0,150.0,12.253333
2644.0,20.0,20.0,2.0,150.0,10.393333
2645.0,40.0,20.0,2.0,150.0,11.986667
2646.0,0.0,20.0,2.0,150.0,13.333333
2647.0,0.5,20.0,2.0,150.0,12.233334
2648.0,1.0,20.0,2.0,150.0,22.406666
2649.0,2.0,20.0,2.0,150.0,19.24
2650.0,3.0,20.0,2.0,150.0,12.2
2651.0,5.0,20.0,2.0,150.0,11.166667
2652.0,10.0,20.0,2.0,150.0,11.14
2653.0,20.0,20.0,2.0,150.0,10.066667
2654.0,40.0,20.0,2.0,150.0,13.44
2655.0,0.0,20.0,2.0,150.0,19.453333
2656.0,0.5,20.0,2.0,150.0,13.373333
2657.0,1.0,20.0,2.0,150.0,11.72
2658.0,2.0,20.0,2.0,150.0,13.966666
2659.0,3.0,20.0,2.0,150.0,31.846666
2660.0,5.0,20.0,2.0,150.0,10.44
2661.0,10.0,20.0,2.0,150.0,13.633333
2662.0,20.0,20.0,2.0,150.0,11.906667
2663.0,40.0,20.0,2.0,150.0,11.193334
2664.0,0.0,20.0,2.0,150.0,38.65333
2665.0,0.5,20.0,2.0,150.0,21.02
2666.0,1.0,20.0,2.0,150.0,15.96
2667.0,2.0,20.0,2.0,150.0,10.266666
2668.0,3.0,20.0,2.0,150.0,11.593333
2669.0,5.0,20.0,2.0,150.0,9.473333
2670.0,10.0,20.0,2.0,150.0,10.113334
2671.0,20.0,20.0,2.0,150.0,14.906667
2672.0,40.0,20.0,2.0,150.0,11.413333
2673.0,0.0,20.0,2.0,150.0,18.5
2674.0,0.5,20.0,2.0,150.0,29.233334
2675.0,1.0,20.0,2.0,150.0,11.113334
2676.0,2.0,20.0,2.0,150.0,11.053333
2677.0,3.0,20.0,2.0,150.0,13.953333
2678.0,5.0,20.0,2.0,150.0,10.3
2679.0,10.0,20.0,2.0,150.0,11.326667
2680.0,20.0,20.0,2.0,150.0,11.913333
2681.0,40.0,20.0,2.0,150.0,11.06
2682.0,0.0,20.0,2.0,150.0,30.16
2683.0,0.5,20.0,2.0,150.0,18.113333
2684.0,1.0,20.0,2.0,150.0,24.126667
2685.0,2.0,20.0,2.0,150.0,12.12
2686.0,3.0,20.0,2.0,150.0,9.673333
2687.0,5.0,20.0,2.0,150.0,14.9
2688.0,10.0,20.0,2.0,150.0,10.54
2689.0,20.0,20.0,2.0,150.0,10.073334
2690.0,40.0,20.0,2.0,150.0,10.0
2691.0,0.0,20.0,2.0,150.0,26.44
2692.0,0.5,20.0,2.0,150.0,36.246666
2693.0,1.0,20.0,2.0,150.0,13.333333
2694.0,2.0,20.0,2.0,150.0,12.78
2695.0,3.0,20.0,2.0,150.0,12.946667
2696.0,5.0,20.0,2.0,150.0,12.78
2697.0,10.0,20.0,2.0,150.0,10.326667
2698.0,20.0,20.0,2.0,150.0,12.6
2699.0,40.0,20.0,2.0,150.0,10.106667
2700.0,0.0,20.0,2.0,175.0,24.508572
2701.0,0.5,20.0,2.0,175.0,15.485714
2702.0,1.0,20.0,2.0,175.0,26.44
2703.0,2.0,20.0,2.0,175.0,13.748571
2704.0,3.0,20.0,2.0,175.0,10.102858
2705.0,5.0,20.0,2.0,175.0,10.662857
2706.0,10.0,20.0,2.0,175.0,12.942857
2707.0,20.0,20.0,2.0,175.0,11.194285
2708.0,40.0,20.0,2.0,175.0,10.377143
2709.0,0.0,20.0,2.0,175.0,23.337143
2710.0,0.5,20.0,2.0,175.0,44.205715
2711.0,1.0,20.0,2.0,175.0,24.88
2712.0,2.0,20.0,2.0,175.0,15.331429
2713.0,3.0,20.0,2.0,175.0,16.56
2714.0,5.0,20.0,2.0,175.0,15.017143
2715.0,10.0,20.0,2.0,175.0,11.748571
2716.0,20.0,20.0,2.0,175.0,11.165714
2717.0,40.0,20.0,2.0,175.0,10.068571
2718.0,0.0,20.0,2.0,175.0,17.011429
2719.0,0.5,20.0,2.0,175.0,16.257143
2720.0,1.0,20.0,2.0,175.0,22.651428
2721.0,2.0,20.0,2.0,175.0,15.32
2722.0,3.0,20.0,2.0,175.0,13.4
2723.0,5.0,20.0,2.0,175.0,11.731428
2724.0,10.0,20.0,2.0,175.0,10.245714
2725.0,20.0,20.0,2.0,175.0,11.102858
2726.0,40.0,20.0,2.0,175.0,10.685715
2727.0,0.0,20.0,2.0,175.0,18.514286
2728.0,0.5,20.0,2.0,175.0,35.84
2729.0,1.0,20.0,2.0,175.0,20.177143
2730.0,2.0,20.0,2.0,175.0,14.605714
2731.0,3.0,20.0,2.0,175.0,12.017143
2732.0,5.0,20.0,2.0,175.0,12.777143
2733.0,10.0,20.0,2.0,175.0,15.108571
2734.0,20.0,20.0,2.0,175.0,10.994286
2735.0,40.0,20.0,2.0,175.0,12.217143
2736.0,0.0,20.0,2.0,175.0,28.862858
2737.0,0.5,20.0,2.0,175.0,13.942857
2738.0,1.0,20.0,2.0,175.0,23.108572
2739.0,2.0,20.0,2.0,175.0,12.428572
2740.0,3.0,20.0,2.0,175.0,12.805715
2741.0,5.0,20.0,2.0,175.0,10.868571
2742.0,10.0,20.0,2.0,175.0,11.531428
2743.0,20.0,20.0,2.0,175.0,11.845715
2744.0,40.0,20.0,2.0,175.0,10.754286
2745.0,0.0,20.0,2.0,175.0,19.72
2746.0,0.5,20.0,2.0,175.0,14.851429
2747.0,1.0,20.0,2.0,175.0,35.04
2748.0,2.0,20.0,2.0,175.0,10.822857
2749.0,3.0,20.0,2.0,175.0,10.165714
2750.0,5.0,20.0,2.0,175.0,12.222857
2751.0,10.0,20.0,2.0,175.0,14.508572
2752.0,20.0,20.0,2.0,175.0,12.828571
2753.0,40.0,20.0,2.0,175.0,17.571428
2754.0,0.0,20.0,2.0,175.0,28.24
2755.0,0.5,20.0,2.0,175.0,11.131429
2756.0,1.0,20.0,2.0,175.0,15.188571
2757.0,2.0,20.0,2.0,175.0,11.988571
2758.0,3.0,20.0,2.0,175.0,16.828571
2759.0,5.0,20.0,2.0,175.0,10.702857
2760.0,10.0,20.0,2.0,175.0,12.165714
2761.0,20.0,20.0,2.0,175.0,12.908571
2762.0,40.0,20.0,2.0,175.0,12.228572
2763.0,0.0,20.0,2.0,175.0,18.70857
2764.0,0.5,20.0,2.0,175.0,33.862858
2765.0,1.0,20.0,2.0,175.0,17.994286
2766.0,2.0,20.0,2.0,175.0,15.28
2767.0,3.0,20.0,2.0,175.0,13.697143
2768.0,5.0,20.0,2.0,175.0,13.028571
2769.0,10.0,20.0,2.0,175.0,10.548572
2770.0,20.0,20.0,2.0,175.0,14.308572
2771.0,40.0,20.0,2.0,175.0,11.725715
2772.0,0.0,20.0,2.0,175.0,16.982857
2773.0,0.5,20.0,2.0,175.0,38.102856
2774.0,1.0,20.0,2.0,175.0,13.32
2775.0,2.0,20.0,2.0,175.0,13.9257145
2776.0,3.0,20.0,2.0,175.0,19.582857
2777.0,5.0,20.0,2.0,175.0,14.485714
2778.0,10.0,20.0,2.0,175.0,15.12
2779.0,20.0,20.0,2.0,175.0,10.565714
2780.0,40.0,20.0,2.0,175.0,14.48
2781.0,0.0,20.0,2.0,175.0,38.502857
2782.0,0.5,20.0,2.0,175.0,41.862858
2783.0,1.0,20.0,2.0,175.0,17.977142
2784.0,2.0,20.0,2.0,175.0,16.011429
2785.0,3.0,20.0,2.0,175.0,11.091429
2786.0,5.0,20.0,2.0,175.0,10.251429
2787.0,10.0,20.0,2.0,175.0,11.788571
2788.0,20.0,20.0,2.0,175.0,11.262857
2789.0,40.0,20.0,2.0,175.0,11.834286
2790.0,0.0,20.0,2.0,175.0,34.142857
2791.0,0.5,20.0,2.0,175.0,21.942858
2792.0,1.0,20.0,2.0,175.0,16.22857
2793.0,2.0,20.0,2.0,175.0,15.434286
2794.0,3.0,20.0,2.0,175.0,11.337143
2795.0,5.0,20.0,2.0,175.0,10.777143
2796.0,10.0,20.0,2.0,175.0,11.057143
2797.0,20.0,20.0,2.0,175.0,10.657143
2798.0,40.0,20.0,2.0,175.0,12.8
2799.0,0.0,20.0,2.0,175.0,34.245716
2800.0,0.5,20.0,2.0,175.0,13.948571
2801.0,1.0,20.0,2.0,175.0,16.348572
2802.0,2.0,20.0,2.0,175.0,10.822857
2803.0,3.0,20.0,2.0,175.0,10.828571
2804.0,5.0,20.0,2.0,175.0,12.125714
2805.0,10.0,20.0,2.0,175.0,14.897142
2806.0,20.0,20.0,2.0,175.0,12.565714
2807.0,40.0,20.0,2.0,175.0,11.685715
2808.0,0.0,20.0,2.0,175.0,17.88
2809.0,0.5,20.0,2.0,175.0,17.08
2810.0,1.0,20.0,2.0,175.0,12.748571
2811.0,2.0,20.0,2.0,175.0,13.754286
2812.0,3.0,20.0,2.0,175.0,14.405714
2813.0,5.0,20.0,2.0,175.0,12.314285
2814.0,10.0,20.0,2.0,175.0,15.948571
2815.0,20.0,20.0,2.0,175.0,10.411428
2816.0,40.0,20.0,2.0,175.0,12.034286
2817.0,0.0,20.0,2.0,175.0,35.137142
2818.0,0.5,20.0,2.0,175.0,16.30857
2819.0,1.0,20.0,2.0,175.0,19.942858
2820.0,2.0,20.0,2.0,175.0,13.062857
2821.0,3.0,20.0,2.0,175.0,17.302856
2822.0,5.0,20.0,2.0,175.0,10.377143
2823.0,10.0,20.0,2.0,175.0,13.005714
2824.0,20.0,20.0,2.0,175.0,10.468572
2825.0,40.0,20.0,2.0,175.0,12.417143
2826.0,0.0,20.0,2.0,175.0,33.897144
2827.0,0.5,20.0,2.0,175.0,22.88
2828.0,1.0,20.0,2.0,175.0,20.154285
2829.0,2.0,20.0,2.0,175.0,20.828571
2830.0,3.0,20.0,2.0,175.0,12.177143
2831.0,5.0,20.0,2.0,175.0,12.091429
2832.0,10.0,20.0,2.0,175.0,12.525714
2833.0,20.0,20.0,2.0,175.0,11.131429
2834.0,40.0,20.0,2.0,175.0,11.2
2835.0,0.0,20.0,2.0,175.0,21.211428
2836.0,0.5,20.0,2.0,175.0,22.022858
2837.0,1.0,20.0,2.0,175.0,17.582857
2838.0,2.0,20.0,2.0,175.0,16.53143
2839.0,3.0,20.0,2.0,175.0,11.6285715
2840.0,5.0,20.0,2.0,175.0,17.725714
2841.0,10.0,20.0,2.0,175.0,11.565714
2842.0,20.0,20.0,2.0,175.0,14.331429
2843.0,40.0,20.0,2.0,175.0,14.617143
2844.0,0.0,20.0,2.0,175.0,17.194286
2845.0,0.5,20.0,2.0,175.0,15.16
2846.0,1.0,20.0,2.0,175.0,13.297143
2847.0,2.0,20.0,2.0,175.0,15.485714
2848.0,3.0,20.0,2.0,175.0,26.017143
2849.0,5.0,20.0,2.0,175.0,10.577143
2850.0,10.0,20.0,2.0,175.0,11.76
2851.0,20.0,20.0,2.0,175.0,11.92
2852.0,40.0,20.0,2.0,175.0,11.771428
2853.0,0.0,20.0,2.0,175.0,14.777143
2854.0,0.5,20.0,2.0,175.0,24.485714
2855.0,1.0,20.0,2.0,175.0,11.965714
2856.0,2.0,20.0,2.0,175.0,33.125713
2857.0,3.0,20.0,2.0,175.0,16.822857
2858.0,5.0,20.0,2.0,175.0,14.56
2859.0,10.0,20.0,2.0,175.0,11.468572
2860.0,20.0,20.0,2.0,175.0,12.6
2861.0,40.0,20.0,2.0,175.0,12.302857
2862.0,0.0,20.0,2.0,175.0,25.502857
2863.0,0.5,20.0,2.0,175.0,19.411428
2864.0,1.0,20.0,2.0,175.0,22.994286
2865.0,2.0,20.0,2.0,175.0,14.36
2866.0,3.0,20.0,2.0,175.0,16.765715
2867.0,5.0,20.0,2.0,175.0,14.388572
2868.0,10.0,20.0,2.0,175.0,13.651428
2869.0,20.0,20.0,2.0,175.0,11.645715
2870.0,40.0,20.0,2.0,175.0,12.034286
2871.0,0.0,20.0,2.0,175.0,20.954287
2872.0,0.5,20.0,2.0,175.0,16.725714
2873.0,1.0,20.0,2.0,175.0,13.331429
2874.0,2.0,20.0,2.0,175.0,18.485714
2875.0,3.0,20.0,2.0,175.0,15.154285
2876.0,5.0,20.0,2.0,175.0,13.571428
2877.0,10.0,20.0,2.0,175.0,10.165714
2878.0,20.0,20.0,2.0,175.0,10.291429
2879.0,40.0,20.0,2.0,175.0,10.348572
2880.0,0.0,20.0,2.0,175.0,25.4
2881.0,0.5,20.0,2.0,175.0,15.348572
2882.0,1.0,20.0,2.0,175.0,12.234285
2883.0,2.0,20.0,2.0,175.0,11.811429
2884.0,3.0,20.0,2.0,175.0,17.577143
2885.0,5.0,20.0,2.0,175.0,14.674286
2886.0,10.0,20.0,2.0,175.0,13.022857
2887.0,20.0,20.0,2.0,175.0,10.845715
2888.0,40.0,20.0,2.0,175.0,11.411428
2889.0,0.0,20.0,2.0,175.0,29.662857
2890.0,0.5,20.0,2.0,175.0,20.314285
2891.0,1.0,20.0,2.0,175.0,24.662857
2892.0,2.0,20.0,2.0,175.0,17.885714
2893.0,3.0,20.0,2.0,175.0,12.748571
2894.0,5.0,20.0,2.0,175.0,12.782857
2895.0,10.0,20.0,2.0,175.0,13.451428
2896.0,20.0,20.0,2.0,175.0,12.085714
2897.0,40.0,20.0,2.0,175.0,14.6285715
2898.0,0.0,20.0,2.0,175.0,32.954285
2899.0,0.5,20.0,2.0,175.0,15.954286
2900.0,1.0,20.0,2.0,175.0,13.337143
2901.0,2.0,20.0,2.0,175.0,20.88
2902.0,3.0,20.0,2.0,175.0,13.034286
2903.0,5.0,20.0,2.0,175.0,10.977143
2904.0,10.0,20.0,2.0,175.0,15.4
2905.0,20.0,20.0,2.0,175.0,13.148571
2906.0,40.0,20.0,2.0,175.0,13.508572
2907.0,0.0,20.0,2.0,175.0,20.948572
2908.0,0.5,20.0,2.0,175.0,23.051428
2909.0,1.0,20.0,2.0,175.0,15.0742855
2910.0,2.0,20.0,2.0,175.0,12.451428
2911.0,3.0,20.0,2.0,175.0,17.4
2912.0,5.0,20.0,2.0,175.0,13.645715
2913.0,10.0,20.0,2.0,175.0,13.897142
2914.0,20.0,20.0,2.0,175.0,12.514286
2915.0,40.0,20.0,2.0,175.0,11.011429
2916.0,0.0,20.0,2.0,175.0,38.46857
2917.0,0.5,20.0,2.0,175.0,14.28
2918.0,1.0,20.0,2.0,175.0,15.045714
2919.0,2.0,20.0,2.0,175.0,18.46857
2920.0,3.0,20.0,2.0,175.0,17.234285
2921.0,5.0,20.0,2.0,175.0,13.04
2922.0,10.0,20.0,2.0,175.0,10.56
2923.0,20.0,20.0,2.0,175.0,11.12
2924.0,40.0,20.0,2.0,175.0,11.531428
2925.0,0.0,20.0,2.0,175.0,28.657143
2926.0,0.5,20.0,2.0,175.0,13.428572
2927.0,1.0,20.0,2.0,175.0,11.685715
2928.0,2.0,20.0,2.0,175.0,30.011429
2929.0,3.0,20.0,2.0,175.0,16.005714
2930.0,5.0,20.0,2.0,175.0,12.697143
2931.0,10.0,20.0,2.0,175.0,12.674286
2932.0,20.0,20.0,2.0,175.0,13.194285
2933.0,40.0,20.0,2.0,175.0,12.897142
2934.0,0.0,20.0,2.0,175.0,24.302856
2935.0,0.5,20.0,2.0,175.0,15.102858
2936.0,1.0,20.0,2.0,175.0,16.702858
2937.0,2.0,20.0,2.0,175.0,13.668571
2938.0,3.0,20.0,2.0,175.0,12.891429
2939.0,5.0,20.0,2.0,175.0,12.022857
2940.0,10.0,20.0,2.0,175.0,16.16
2941.0,20.0,20.0,2.0,175.0,13.0742855
2942.0,40.0,20.0,2.0,175.0,12.0742855
2943.0,0.0,20.0,2.0,175.0,18.874287
2944.0,0.5,20.0,2.0,175.0,17.365715
2945.0,1.0,20.0,2.0,175.0,22.988571
2946.0,2.0,20.0,2.0,175.0,11.0742855
2947.0,3.0,20.0,2.0,175.0,12.24
2948.0,5.0,20.0,2.0,175.0,12.48
2949.0,10.0,20.0,2.0,175.0,11.302857
2950.0,20.0,20.0,2.0,175.0,11.611428
2951.0,40.0,20.0,2.0,175.0,12.274285
2952.0,0.0,20.0,2.0,175.0,21.96
2953.0,0.5,20.0,2.0,175.0,12.028571
2954.0,1.0,20.0,2.0,175.0,12.771428
2955.0,2.0,20.0,2.0,175.0,12.097143
2956.0,3.0,20.0,2.0,175.0,11.748571
2957.0,5.0,20.0,2.0,175.0,11.034286
2958.0,10.0,20.0,2.0,175.0,11.845715
2959.0,20.0,20.0,2.0,175.0,14.331429
2960.0,40.0,20.0,2.0,175.0,11.217143
2961.0,0.0,20.0,2.0,175.0,35.422855
2962.0,0.5,20.0,2.0,175.0,17.485714
2963.0,1.0,20.0,2.0,175.0,13.891429
2964.0,2.0,20.0,2.0,175.0,19.051428
2965.0,3.0,20.0,2.0,175.0,11.08
2966.0,5.0,20.0,2.0,175.0,12.931429
2967.0,10.0,20.0,2.0,175.0,11.76
2968.0,20.0,20.0,2.0,175.0,11.44
2969.0,40.0,20.0,2.0,175.0,12.725715
2970.0,0.0,20.0,2.0,175.0,15.737143
2971.0,0.5,20.0,2.0,175.0,29.6
2972.0,1.0,20.0,2.0,175.0,29.794285
2973.0,2.0,20.0,2.0,175.0,12.6
2974.0,3.0,20.0,2.0,175.0,10.005714
2975.0,5.0,20.0,2.0,175.0,12.045714
2976.0,10.0,20.0,2.0,175.0,11.188571
2977.0,20.0,20.0,2.0,175.0,11.171429
2978.0,40.0,20.0,2.0,175.0,10.8
2979.0,0.0,20.0,2.0,175.0,17.245714
2980.0,0.5,20.0,2.0,175.0,19.005714
2981.0,1.0,20.0,2.0,175.0,12.834286
2982.0,2.0,20.0,2.0,175.0,13.937143
2983.0,3.0,20.0,2.0,175.0,10.457143
2984.0,5.0,20.0,2.0,175.0,11.885715
2985.0,10.0,20.0,2.0,175.0,13.508572
2986.0,20.0,20.0,2.0,175.0,11.12
2987.0,40.0,20.0,2.0,175.0,10.52
2988.0,0.0,20.0,2.0,175.0,14.994286
2989.0,0.5,20.0,2.0,175.0,14.28
2990.0,1.0,20.0,2.0,175.0,15.525714
2991.0,2.0,20.0,2.0,175.0,16.514286
2992.0,3.0,20.0,2.0,175.0,13.6285715
2993.0,5.0,20.0,2.0,175.0,11.845715
2994.0,10.0,20.0,2.0,175.0,12.428572
2995.0,20.0,20.0,2.0,175.0,11.982857
2996.0,40.0,20.0,2.0,175.0,13.48
2997.0,0.0,20.0,2.0,175.0,26.982857
2998.0,0.5,20.0,2.0,175.0,12.131429
2999.0,1.0,20.0,2.0,175.0,14.297143
3000.0,2.0,20.0,2.0,175.0,12.405714
3001.0,3.0,20.0,2.0,175.0,13.788571
3002.0,5.0,20.0,2.0,175.0,10.834286
3003.0,10.0,20.0,2.0,175.0,10.497143
3004.0,20.0,20.0,2.0,175.0,19.674286
3005.0,40.0,20.0,2.0,175.0,11.062857
3006.0,0.0,20.0,2.0,175.0,33.09714
3007.0,0.5,20.0,2.0,175.0,17.714285
3008.0,1.0,20.0,2.0,175.0,25.097143
3009.0,2.0,20.0,2.0,175.0,10.897142
3010.0,3.0,20.0,2.0,175.0,11.4
3011.0,5.0,20.0,2.0,175.0,14.251429
3012.0,10.0,20.0,2.0,175.0,13.314285
3013.0,20.0,20.0,2.0,175.0,10.794286
3014.0,40.0,20.0,2.0,175.0,13.251429
3015.0,0.0,20.0,2.0,175.0,15.754286
3016.0,0.5,20.0,2.0,175.0,27.537144
3017.0,1.0,20.0,2.0,175.0,25.29143
3018.0,2.0,20.0,2.0,175.0,16.908571
3019.0,3.0,20.0,2.0,175.0,13.24
3020.0,5.0,20.0,2.0,175.0,10.302857
3021.0,10.0,20.0,2.0,175.0,13.668571
3022.0,20.0,20.0,2.0,175.0,11.12
3023.0,40.0,20.0,2.0,175.0,12.9257145
3024.0,0.0,20.0,2.0,175.0,18.445715
3025.0,0.5,20.0,2.0,175.0,29.188572
3026.0,1.0,20.0,2.0,175.0,16.588572
3027.0,2.0,20.0,2.0,175.0,11.582857
3028.0,3.0,20.0,2.0,175.0,14.04
3029.0,5.0,20.0,2.0,175.0,16.30857
3030.0,10.0,20.0,2.0,175.0,10.902857
3031.0,20.0,20.0,2.0,175.0,14.188571
3032.0,40.0,20.0,2.0,175.0,12.262857
3033.0,0.0,20.0,2.0,175.0,21.937143
3034.0,0.5,20.0,2.0,175.0,39.38286
3035.0,1.0,20.0,2.0,175.0,15.92
3036.0,2.0,20.0,2.0,175.0,21.868572
3037.0,3.0,20.0,2.0,175.0,13.9257145
3038.0,5.0,20.0,2.0,175.0,13.068571
3039.0,10.0,20.0,2.0,175.0,10.622857
3040.0,20.0,20.0,2.0,175.0,11.297143
3041.0,40.0,20.0,2.0,175.0,10.571428
3042.0,0.0,20.0,2.0,175.0,12.257143
3043.0,0.5,20.0,2.0,175.0,19.6
3044.0,1.0,20.0,2.0,175.0,20.988571
3045.0,2.0,20.0,2.0,175.0,12.405714
3046.0,3.0,20.0,2.0,175.0,15.685715
3047.0,5.0,20.0,2.0,175.0,13.131429
3048.0,10.0,20.0,2.0,175.0,11.725715
3049.0,20.0,20.0,2.0,175.0,11.525714
3050.0,40.0,20.0,2.0,175.0,13.302857
3051.0,0.0,20.0,2.0,175.0,40.451427
3052.0,0.5,20.0,2.0,175.0,18.651428
3053.0,1.0,20.0,2.0,175.0,25.777143
3054.0,2.0,20.0,2.0,175.0,14.417143
3055.0,3.0,20.0,2.0,175.0,12.348572
3056.0,5.0,20.0,2.0,175.0,15.274285
3057.0,10.0,20.0,2.0,175.0,15.28
3058.0,20.0,20.0,2.0,175.0,18.365715
3059.0,40.0,20.0,2.0,175.0,10.811429
3060.0,0.0,20.0,2.0,175.0,33.885715
3061.0,0.5,20.0,2.0,175.0,34.634285
3062.0,1.0,20.0,2.0,175.0,14.3714285
3063.0,2.0,20.0,2.0,175.0,25.742857
3064.0,3.0,20.0,2.0,175.0,12.125714
3065.0,5.0,20.0,2.0,175.0,15.828571
3066.0,10.0,20.0,2.0,175.0,13.44
3067.0,20.0,20.0,2.0,175.0,12.388572
3068.0,40.0,20.0,2.0,175.0,11.1828575
3069.0,0.0,20.0,2.0,175.0,16.8
3070.0,0.5,20.0,2.0,175.0,21.68
3071.0,1.0,20.0,2.0,175.0,17.868572
3072.0,2.0,20.0,2.0,175.0,10.348572
3073.0,3.0,20.0,2.0,175.0,11.834286
3074.0,5.0,20.0,2.0,175.0,11.594286
3075.0,10.0,20.0,2.0,175.0,11.285714
3076.0,20.0,20.0,2.0,175.0,11.434286
3077.0,40.0,20.0,2.0,175.0,17.04
3078.0,0.0,20.0,2.0,175.0,33.177143
3079.0,0.5,20.0,2.0,175.0,12.92
3080.0,1.0,20.0,2.0,175.0,30.834286
3081.0,2.0,20.0,2.0,175.0,15.308572
3082.0,3.0,20.0,2.0,175.0,13.36
3083.0,5.0,20.0,2.0,175.0,10.965714
3084.0,10.0,20.0,2.0,175.0,12.805715
3085.0,20.0,20.0,2.0,175.0,10.485714
3086.0,40.0,20.0,2.0,175.0,12.297143
3087.0,0.0,20.0,2.0,175.0,15.742857
3088.0,0.5,20.0,2.0,175.0,24.971428
3089.0,1.0,20.0,2.0,175.0,13.651428
3090.0,2.0,20.0,2.0,175.0,15.177143
3091.0,3.0,20.0,2.0,175.0,11.525714
3092.0,5.0,20.0,2.0,175.0,12.468572
3093.0,10.0,20.0,2.0,175.0,11.051429
3094.0,20.0,20.0,2.0,175.0,15.611428
3095.0,40.0,20.0,2.0,175.0,12.72
3096.0,0.0,20.0,2.0,175.0,30.337143
3097.0,0.5,20.0,2.0,175.0,17.92
3098.0,1.0,20.0,2.0,175.0,13.9257145
3099.0,2.0,20.0,2.0,175.0,13.251429
3100.0,3.0,20.0,2.0,175.0,12.0
3101.0,5.0,20.0,2.0,175.0,12.822857
3102.0,10.0,20.0,2.0,175.0,12.148571
3103.0,20.0,20.0,2.0,175.0,11.365714
3104.0,40.0,20.0,2.0,175.0,10.954286
3105.0,0.0,20.0,2.0,175.0,15.577143
3106.0,0.5,20.0,2.0,175.0,17.714285
3107.0,1.0,20.0,2.0,175.0,21.782858
3108.0,2.0,20.0,2.0,175.0,18.297142
3109.0,3.0,20.0,2.0,175.0,15.285714
3110.0,5.0,20.0,2.0,175.0,11.657143
3111.0,10.0,20.0,2.0,175.0,11.097143
3112.0,20.0,20.0,2.0,175.0,10.68
3113.0,40.0,20.0,2.0,175.0,13.68
3114.0,0.0,20.0,2.0,175.0,14.24
3115.0,0.5,20.0,2.0,175.0,33.634285
3116.0,1.0,20.0,2.0,175.0,19.8
3117.0,2.0,20.0,2.0,175.0,17.251429
3118.0,3.0,20.0,2.0,175.0,17.70857
3119.0,5.0,20.0,2.0,175.0,14.057143
3120.0,10.0,20.0,2.0,175.0,13.6
3121.0,20.0,20.0,2.0,175.0,10.188571
3122.0,40.0,20.0,2.0,175.0,10.005714
3123.0,0.0,20.0,2.0,175.0,36.85143
3124.0,0.5,20.0,2.0,175.0,11.011429
3125.0,1.0,20.0,2.0,175.0,19.754286
3126.0,2.0,20.0,2.0,175.0,13.497143
3127.0,3.0,20.0,2.0,175.0,12.9257145
3128.0,5.0,20.0,2.0,175.0,13.651428
3129.0,10.0,20.0,2.0,175.0,12.497143
3130.0,20.0,20.0,2.0,175.0,11.765715
3131.0,40.0,20.0,2.0,175.0,12.045714
3132.0,0.0,20.0,2.0,175.0,11.971429
3133.0,0.5,20.0,2.0,175.0,46.48
3134.0,1.0,20.0,2.0,175.0,20.08
3135.0,2.0,20.0,2.0,175.0,11.8
3136.0,3.0,20.0,2.0,175.0,16.748571
3137.0,5.0,20.0,2.0,175.0,10.394286
3138.0,10.0,20.0,2.0,175.0,11.302857
3139.0,20.0,20.0,2.0,175.0,10.805715
3140.0,40.0,20.0,2.0,175.0,10.914286
3141.0,0.0,20.0,2.0,175.0,25.222857
3142.0,0.5,20.0,2.0,175.0,15.36
3143.0,1.0,20.0,2.0,175.0,25.285715
3144.0,2.0,20.0,2.0,175.0,10.822857
3145.0,3.0,20.0,2.0,175.0,23.62857
3146.0,5.0,20.0,2.0,175.0,14.274285
3147.0,10.0,20.0,2.0,175.0,11.977143
3148.0,20.0,20.0,2.0,175.0,17.702858
3149.0,40.0,20.0,2.0,175.0,14.531428
3150.0,0.0,20.0,2.0,200.0,25.585
3151.0,0.5,20.0,2.0,200.0,16.035
3152.0,1.0,20.0,2.0,200.0,19.18
3153.0,2.0,20.0,2.0,200.0,15.25
3154.0,3.0,20.0,2.0,200.0,16.325
3155.0,5.0,20.0,2.0,200.0,14.535
3156.0,10.0,20.0,2.0,200.0,13.685
3157.0,20.0,20.0,2.0,200.0,14.21
3158.0,40.0,20.0,2.0,200.0,13.535
3159.0,0.0,20.0,2.0,200.0,28.92
3160.0,0.5,20.0,2.0,200.0,12.465
3161.0,1.0,20.0,2.0,200.0,12.43
3162.0,2.0,20.0,2.0,200.0,13.435
3163.0,3.0,20.0,2.0,200.0,14.705
3164.0,5.0,20.0,2.0,200.0,11.685
3165.0,10.0,20.0,2.0,200.0,14.76
3166.0,20.0,20.0,2.0,200.0,11.315
3167.0,40.0,20.0,2.0,200.0,11.56
3168.0,0.0,20.0,2.0,200.0,21.54
3169.0,0.5,20.0,2.0,200.0,39.71
3170.0,1.0,20.0,2.0,200.0,22.95
3171.0,2.0,20.0,2.0,200.0,19.765
3172.0,3.0,20.0,2.0,200.0,12.725
3173.0,5.0,20.0,2.0,200.0,14.755
3174.0,10.0,20.0,2.0,200.0,17.05
3175.0,20.0,20.0,2.0,200.0,12.2
3176.0,40.0,20.0,2.0,200.0,12.125
3177.0,0.0,20.0,2.0,200.0,41.255
3178.0,0.5,20.0,2.0,200.0,26.415
3179.0,1.0,20.0,2.0,200.0,20.8
3180.0,2.0,20.0,2.0,200.0,20.985
3181.0,3.0,20.0,2.0,200.0,13.91
3182.0,5.0,20.0,2.0,200.0,14.075
3183.0,10.0,20.0,2.0,200.0,14.595
3184.0,20.0,20.0,2.0,200.0,12.715
3185.0,40.0,20.0,2.0,200.0,11.545
3186.0,0.0,20.0,2.0,200.0,11.565
3187.0,0.5,20.0,2.0,200.0,15.86
3188.0,1.0,20.0,2.0,200.0,20.51
3189.0,2.0,20.0,2.0,200.0,16.4
3190.0,3.0,20.0,2.0,200.0,20.64
3191.0,5.0,20.0,2.0,200.0,11.605
3192.0,10.0,20.0,2.0,200.0,14.595
3193.0,20.0,20.0,2.0,200.0,12.63
3194.0,40.0,20.0,2.0,200.0,11.97
3195.0,0.0,20.0,2.0,200.0,13.03
3196.0,0.5,20.0,2.0,200.0,26.15
3197.0,1.0,20.0,2.0,200.0,21.725
3198.0,2.0,20.0,2.0,200.0,12.975
3199.0,3.0,20.0,2.0,200.0,18.01
3200.0,5.0,20.0,2.0,200.0,12.7
3201.0,10.0,20.0,2.0,200.0,12.6
3202.0,20.0,20.0,2.0,200.0,13.7
3203.0,40.0,20.0,2.0,200.0,11.65
3204.0,0.0,20.0,2.0,200.0,11.655
3205.0,0.5,20.0,2.0,200.0,21.515
3206.0,1.0,20.0,2.0,200.0,26.05
3207.0,2.0,20.0,2.0,200.0,15.62
3208.0,3.0,20.0,2.0,200.0,14.425
3209.0,5.0,20.0,2.0,200.0,15.255
3210.0,10.0,20.0,2.0,200.0,12.46
3211.0,20.0,20.0,2.0,200.0,12.415
3212.0,40.0,20.0,2.0,200.0,19.54
3213.0,0.0,20.0,2.0,200.0,34.925
3214.0,0.5,20.0,2.0,200.0,39.485
3215.0,1.0,20.0,2.0,200.0,17.3
3216.0,2.0,20.0,2.0,200.0,11.945
3217.0,3.0,20.0,2.0,200.0,14.25
3218.0,5.0,20.0,2.0,200.0,12.715
3219.0,10.0,20.0,2.0,200.0,12.995
3220.0,20.0,20.0,2.0,200.0,10.845
3221.0,40.0,20.0,2.0,200.0,12.465
3222.0,0.0,20.0,2.0,200.0,26.61
3223.0,0.5,20.0,2.0,200.0,33.6
3224.0,1.0,20.0,2.0,200.0,15.375
3225.0,2.0,20.0,2.0,200.0,18.055
3226.0,3.0,20.0,2.0,200.0,12.54
3227.0,5.0,20.0,2.0,200.0,14.24
3228.0,10.0,20.0,2.0,200.0,11.035
3229.0,20.0,20.0,2.0,200.0,13.655
3230.0,40.0,20.0,2.0,200.0,13.045
3231.0,0.0,20.0,2.0,200.0,23.71
3232.0,0.5,20.0,2.0,200.0,19.98
3233.0,1.0,20.0,2.0,200.0,18.305
3234.0,2.0,20.0,2.0,200.0,13.32
3235.0,3.0,20.0,2.0,200.0,15.365
3236.0,5.0,20.0,2.0,200.0,15.525
3237.0,10.0,20.0,2.0,200.0,11.62
3238.0,20.0,20.0,2.0,200.0,12.84
3239.0,40.0,20.0,2.0,200.0,11.44
3240.0,0.0,20.0,2.0,200.0,30.76
3241.0,0.5,20.0,2.0,200.0,24.045
3242.0,1.0,20.0,2.0,200.0,13.93
3243.0,2.0,20.0,2.0,200.0,20.04
3244.0,3.0,20.0,2.0,200.0,14.385
3245.0,5.0,20.0,2.0,200.0,11.13
3246.0,10.0,20.0,2.0,200.0,13.9
3247.0,20.0,20.0,2.0,200.0,11.475
3248.0,40.0,20.0,2.0,200.0,15.47
3249.0,0.0,20.0,2.0,200.0,19.795
3250.0,0.5,20.0,2.0,200.0,17.005
3251.0,1.0,20.0,2.0,200.0,33.435
3252.0,2.0,20.0,2.0,200.0,19.36
3253.0,3.0,20.0,2.0,200.0,12.595
3254.0,5.0,20.0,2.0,200.0,12.315
3255.0,10.0,20.0,2.0,200.0,11.625
3256.0,20.0,20.0,2.0,200.0,13.11
3257.0,40.0,20.0,2.0,200.0,11.15
3258.0,0.0,20.0,2.0,200.0,12.27
3259.0,0.5,20.0,2.0,200.0,27.99
3260.0,1.0,20.0,2.0,200.0,31.35
3261.0,2.0,20.0,2.0,200.0,10.95
3262.0,3.0,20.0,2.0,200.0,15.58
3263.0,5.0,20.0,2.0,200.0,13.855
3264.0,10.0,20.0,2.0,200.0,13.51
3265.0,20.0,20.0,2.0,200.0,11.515
3266.0,40.0,20.0,2.0,200.0,12.275
3267.0,0.0,20.0,2.0,200.0,25.84
3268.0,0.5,20.0,2.0,200.0,21.12
3269.0,1.0,20.0,2.0,200.0,14.41
3270.0,2.0,20.0,2.0,200.0,16.95
3271.0,3.0,20.0,2.0,200.0,12.625
3272.0,5.0,20.0,2.0,200.0,14.515
3273.0,10.0,20.0,2.0,200.0,12.485
3274.0,20.0,20.0,2.0,200.0,12.21
3275.0,40.0,20.0,2.0,200.0,12.59
3276.0,0.0,20.0,2.0,200.0,13.91
3277.0,0.5,20.0,2.0,200.0,14.03
3278.0,1.0,20.0,2.0,200.0,25.1
3279.0,2.0,20.0,2.0,200.0,14.08
3280.0,3.0,20.0,2.0,200.0,13.405
3281.0,5.0,20.0,2.0,200.0,11.045
3282.0,10.0,20.0,2.0,200.0,11.375
3283.0,20.0,20.0,2.0,200.0,14.95
3284.0,40.0,20.0,2.0,200.0,12.8
3285.0,0.0,20.0,2.0,200.0,24.82
3286.0,0.5,20.0,2.0,200.0,13.245
3287.0,1.0,20.0,2.0,200.0,36.01
3288.0,2.0,20.0,2.0,200.0,14.91
3289.0,3.0,20.0,2.0,200.0,14.325
3290.0,5.0,20.0,2.0,200.0,15.425
3291.0,10.0,20.0,2.0,200.0,12.83
3292.0,20.0,20.0,2.0,200.0,11.605
3293.0,40.0,20.0,2.0,200.0,13.06
3294.0,0.0,20.0,2.0,200.0,15.31
3295.0,0.5,20.0,2.0,200.0,19.205
3296.0,1.0,20.0,2.0,200.0,14.555
3297.0,2.0,20.0,2.0,200.0,14.59
3298.0,3.0,20.0,2.0,200.0,11.33
3299.0,5.0,20.0,2.0,200.0,11.855
3300.0,10.0,20.0,2.0,200.0,13.96
3301.0,20.0,20.0,2.0,200.0,12.09
3302.0,40.0,20.0,2.0,200.0,11.645
3303.0,0.0,20.0,2.0,200.0,17.225
3304.0,0.5,20.0,2.0,200.0,26.015
3305.0,1.0,20.0,2.0,200.0,22.485
3306.0,2.0,20.0,2.0,200.0,14.21
3307.0,3.0,20.0,2.0,200.0,19.4
3308.0,5.0,20.0,2.0,200.0,13.055
3309.0,10.0,20.0,2.0,200.0,14.79
3310.0,20.0,20.0,2.0,200.0,11.155
3311.0,40.0,20.0,2.0,200.0,11.66
3312.0,0.0,20.0,2.0,200.0,13.43
3313.0,0.5,20.0,2.0,200.0,43.71
3314.0,1.0,20.0,2.0,200.0,19.585
3315.0,2.0,20.0,2.0,200.0,16.94
3316.0,3.0,20.0,2.0,200.0,16.485
3317.0,5.0,20.0,2.0,200.0,15.42
3318.0,10.0,20.0,2.0,200.0,12.81
3319.0,20.0,20.0,2.0,200.0,11.9
3320.0,40.0,20.0,2.0,200.0,11.1
3321.0,0.0,20.0,2.0,200.0,25.66
3322.0,0.5,20.0,2.0,200.0,17.49
3323.0,1.0,20.0,2.0,200.0,21.905
3324.0,2.0,20.0,2.0,200.0,13.745
3325.0,3.0,20.0,2.0,200.0,14.535
3326.0,5.0,20.0,2.0,200.0,10.96
3327.0,10.0,20.0,2.0,200.0,12.945
3328.0,20.0,20.0,2.0,200.0,14.74
3329.0,40.0,20.0,2.0,200.0,13.07
3330.0,0.0,20.0,2.0,200.0,22.845
3331.0,0.5,20.0,2.0,200.0,18.65
3332.0,1.0,20.0,2.0,200.0,16.85
3333.0,2.0,20.0,2.0,200.0,13.985
3334.0,3.0,20.0,2.0,200.0,15.33
3335.0,5.0,20.0,2.0,200.0,14.045
3336.0,10.0,20.0,2.0,200.0,11.53
3337.0,20.0,20.0,2.0,200.0,14.17
3338.0,40.0,20.0,2.0,200.0,11.56
3339.0,0.0,20.0,2.0,200.0,35.54
3340.0,0.5,20.0,2.0,200.0,21.585
3341.0,1.0,20.0,2.0,200.0,16.835
3342.0,2.0,20.0,2.0,200.0,13.03
3343.0,3.0,20.0,2.0,200.0,13.34
3344.0,5.0,20.0,2.0,200.0,11.47
3345.0,10.0,20.0,2.0,200.0,13.67
3346.0,20.0,20.0,2.0,200.0,14.84
3347.0,40.0,20.0,2.0,200.0,13.16
3348.0,0.0,20.0,2.0,200.0,22.64
3349.0,0.5,20.0,2.0,200.0,26.7
3350.0,1.0,20.0,2.0,200.0,18.265
3351.0,2.0,20.0,2.0,200.0,14.48
3352.0,3.0,20.0,2.0,200.0,12.505
3353.0,5.0,20.0,2.0,200.0,13.19
3354.0,10.0,20.0,2.0,200.0,13.465
3355.0,20.0,20.0,2.0,200.0,12.525
3356.0,40.0,20.0,2.0,200.0,14.335
3357.0,0.0,20.0,2.0,200.0,42.69
3358.0,0.5,20.0,2.0,200.0,16.005
3359.0,1.0,20.0,2.0,200.0,31.165
3360.0,2.0,20.0,2.0,200.0,14.04
3361.0,3.0,20.0,2.0,200.0,16.65
3362.0,5.0,20.0,2.0,200.0,12.44
3363.0,10.0,20.0,2.0,200.0,11.545
3364.0,20.0,20.0,2.0,200.0,12.93
3365.0,40.0,20.0,2.0,200.0,14.025
3366.0,0.0,20.0,2.0,200.0,18.78
3367.0,0.5,20.0,2.0,200.0,27.17
3368.0,1.0,20.0,2.0,200.0,18.5
3369.0,2.0,20.0,2.0,200.0,27.17
3370.0,3.0,20.0,2.0,200.0,12.65
3371.0,5.0,20.0,2.0,200.0,12.79
3372.0,10.0,20.0,2.0,200.0,15.16
3373.0,20.0,20.0,2.0,200.0,12.055
3374.0,40.0,20.0,2.0,200.0,12.44
3375.0,0.0,20.0,2.0,200.0,36.825
3376.0,0.5,20.0,2.0,200.0,22.57
3377.0,1.0,20.0,2.0,200.0,32.79
3378.0,2.0,20.0,2.0,200.0,12.62
3379.0,3.0,20.0,2.0,200.0,17.04
3380.0,5.0,20.0,2.0,200.0,13.265
3381.0,10.0,20.0,2.0,200.0,15.36
3382.0,20.0,20.0,2.0,200.0,11.67
3383.0,40.0,20.0,2.0,200.0,17.15
3384.0,0.0,20.0,2.0,200.0,25.235
3385.0,0.5,20.0,2.0,200.0,17.33
3386.0,1.0,20.0,2.0,200.0,12.98
3387.0,2.0,20.0,2.0,200.0,15.135
3388.0,3.0,20.0,2.0,200.0,18.44
3389.0,5.0,20.0,2.0,200.0,17.53
3390.0,10.0,20.0,2.0,200.0,15.375
3391.0,20.0,20.0,2.0,200.0,13.415
3392.0,40.0,20.0,2.0,200.0,14.88
3393.0,0.0,20.0,2.0,200.0,22.165
3394.0,0.5,20.0,2.0,200.0,33.935
3395.0,1.0,20.0,2.0,200.0,15.75
3396.0,2.0,20.0,2.0,200.0,15.315
3397.0,3.0,20.0,2.0,200.0,12.14
3398.0,5.0,20.0,2.0,200.0,10.955
3399.0,10.0,20.0,2.0,200.0,11.49
3400.0,20.0,20.0,2.0,200.0,16.485
3401.0,40.0,20.0,2.0,200.0,13.55
3402.0,0.0,20.0,2.0,200.0,30.975
3403.0,0.5,20.0,2.0,200.0,28.41
3404.0,1.0,20.0,2.0,200.0,13.5
3405.0,2.0,20.0,2.0,200.0,11.525
3406.0,3.0,20.0,2.0,200.0,14.19
3407.0,5.0,20.0,2.0,200.0,12.165
3408.0,10.0,20.0,2.0,200.0,12.23
3409.0,20.0,20.0,2.0,200.0,13.14
3410.0,40.0,20.0,2.0,200.0,11.06
3411.0,0.0,20.0,2.0,200.0,45.33
3412.0,0.5,20.0,2.0,200.0,30.075
3413.0,1.0,20.0,2.0,200.0,19.17
3414.0,2.0,20.0,2.0,200.0,17.41
3415.0,3.0,20.0,2.0,200.0,11.975
3416.0,5.0,20.0,2.0,200.0,13.385
3417.0,10.0,20.0,2.0,200.0,13.08
3418.0,20.0,20.0,2.0,200.0,11.725
3419.0,40.0,20.0,2.0,200.0,13.59
3420.0,0.0,20.0,2.0,200.0,39.215
3421.0,0.5,20.0,2.0,200.0,19.775
3422.0,1.0,20.0,2.0,200.0,12.695
3423.0,2.0,20.0,2.0,200.0,18.845
3424.0,3.0,20.0,2.0,200.0,12.585
3425.0,5.0,20.0,2.0,200.0,12.445
3426.0,10.0,20.0,2.0,200.0,12.645
3427.0,20.0,20.0,2.0,200.0,13.03
3428.0,40.0,20.0,2.0,200.0,13.59
3429.0,0.0,20.0,2.0,200.0,40.995
3430.0,0.5,20.0,2.0,200.0,27.86
3431.0,1.0,20.0,2.0,200.0,15.4
3432.0,2.0,20.0,2.0,200.0,17.01
3433.0,3.0,20.0,2.0,200.0,21.615
3434.0,5.0,20.0,2.0,200.0,13.435
3435.0,10.0,20.0,2.0,200.0,11.375
3436.0,20.0,20.0,2.0,200.0,11.22
3437.0,40.0,20.0,2.0,200.0,12.07
3438.0,0.0,20.0,2.0,200.0,19.43
3439.0,0.5,20.0,2.0,200.0,35.045
3440.0,1.0,20.0,2.0,200.0,29.42
3441.0,2.0,20.0,2.0,200.0,17.135
3442.0,3.0,20.0,2.0,200.0,22.37
3443.0,5.0,20.0,2.0,200.0,15.59
3444.0,10.0,20.0,2.0,200.0,11.905
3445.0,20.0,20.0,2.0,200.0,11.125
3446.0,40.0,20.0,2.0,200.0,12.805
3447.0,0.0,20.0,2.0,200.0,14.745
3448.0,0.5,20.0,2.0,200.0,12.47
3449.0,1.0,20.0,2.0,200.0,18.75
3450.0,2.0,20.0,2.0,200.0,10.87
3451.0,3.0,20.0,2.0,200.0,15.245
3452.0,5.0,20.0,2.0,200.0,13.755
3453.0,10.0,20.0,2.0,200.0,12.085
3454.0,20.0,20.0,2.0,200.0,13.91
3455.0,40.0,20.0,2.0,200.0,14.44
3456.0,0.0,20.0,2.0,200.0,35.86
3457.0,0.5,20.0,2.0,200.0,29.64
3458.0,1.0,20.0,2.0,200.0,15.41
3459.0,2.0,20.0,2.0,200.0,20.78
3460.0,3.0,20.0,2.0,200.0,12.425
3461.0,5.0,20.0,2.0,200.0,14.47
3462.0,10.0,20.0,2.0,200.0,13.84
3463.0,20.0,20.0,2.0,200.0,11.075
3464.0,40.0,20.0,2.0,200.0,12.12
3465.0,0.0,20.0,2.0,200.0,42.555
3466.0,0.5,20.0,2.0,200.0,20.245
3467.0,1.0,20.0,2.0,200.0,12.435
3468.0,2.0,20.0,2.0,200.0,24.755
3469.0,3.0,20.0,2.0,200.0,13.93
3470.0,5.0,20.0,2.0,200.0,14.86
3471.0,10.0,20.0,2.0,200.0,15.195
3472.0,20.0,20.0,2.0,200.0,11.94
3473.0,40.0,20.0,2.0,200.0,12.26
3474.0,0.0,20.0,2.0,200.0,27.245
3475.0,0.5,20.0,2.0,200.0,31.845
3476.0,1.0,20.0,2.0,200.0,12.425
3477.0,2.0,20.0,2.0,200.0,15.38
3478.0,3.0,20.0,2.0,200.0,13.06
3479.0,5.0,20.0,2.0,200.0,13.59
3480.0,10.0,20.0,2.0,200.0,14.945
3481.0,20.0,20.0,2.0,200.0,14.85
3482.0,40.0,20.0,2.0,200.0,14.145
3483.0,0.0,20.0,2.0,200.0,17.665
3484.0,0.5,20.0,2.0,200.0,14.05
3485.0,1.0,20.0,2.0,200.0,44.475
3486.0,2.0,20.0,2.0,200.0,16.99
3487.0,3.0,20.0,2.0,200.0,13.47
3488.0,5.0,20.0,2.0,200.0,13.155
3489.0,10.0,20.0,2.0,200.0,12.78
3490.0,20.0,20.0,2.0,200.0,12.07
3491.0,40.0,20.0,2.0,200.0,13.505
3492.0,0.0,20.0,2.0,200.0,13.06
3493.0,0.5,20.0,2.0,200.0,26.27
3494.0,1.0,20.0,2.0,200.0,15.885
3495.0,2.0,20.0,2.0,200.0,13.435
3496.0,3.0,20.0,2.0,200.0,11.835
3497.0,5.0,20.0,2.0,200.0,14.055
3498.0,10.0,20.0,2.0,200.0,11.64
3499.0,20.0,20.0,2.0,200.0,11.465
3500.0,40.0,20.0,2.0,200.0,11.61
3501.0,0.0,20.0,2.0,200.0,38.84
3502.0,0.5,20.0,2.0,200.0,24.435
3503.0,1.0,20.0,2.0,200.0,19.985
3504.0,2.0,20.0,2.0,200.0,21.42
3505.0,3.0,20.0,2.0,200.0,12.895
3506.0,5.0,20.0,2.0,200.0,17.035
3507.0,10.0,20.0,2.0,200.0,12.05
3508.0,20.0,20.0,2.0,200.0,11.21
3509.0,40.0,20.0,2.0,200.0,16.955
3510.0,0.0,20.0,2.0,200.0,19.53
3511.0,0.5,20.0,2.0,200.0,17.715
3512.0,1.0,20.0,2.0,200.0,17.025
3513.0,2.0,20.0,2.0,200.0,15.555
3514.0,3.0,20.0,2.0,200.0,10.665
3515.0,5.0,20.0,2.0,200.0,11.535
3516.0,10.0,20.0,2.0,200.0,11.03
3517.0,20.0,20.0,2.0,200.0,13.5
3518.0,40.0,20.0,2.0,200.0,12.995
3519.0,0.0,20.0,2.0,200.0,18.205
3520.0,0.5,20.0,2.0,200.0,12.835
3521.0,1.0,20.0,2.0,200.0,17.74
3522.0,2.0,20.0,2.0,200.0,22.765
3523.0,3.0,20.0,2.0,200.0,11.75
3524.0,5.0,20.0,2.0,200.0,14.68
3525.0,10.0,20.0,2.0,200.0,14.86
3526.0,20.0,20.0,2.0,200.0,14.04
3527.0,40.0,20.0,2.0,200.0,13.665
3528.0,0.0,20.0,2.0,200.0,27.28
3529.0,0.5,20.0,2.0,200.0,13.165
3530.0,1.0,20.0,2.0,200.0,17.87
3531.0,2.0,20.0,2.0,200.0,16.825
3532.0,3.0,20.0,2.0,200.0,20.44
3533.0,5.0,20.0,2.0,200.0,13.97
3534.0,10.0,20.0,2.0,200.0,12.805
3535.0,20.0,20.0,2.0,200.0,14.54
3536.0,40.0,20.0,2.0,200.0,11.005
3537.0,0.0,20.0,2.0,200.0,28.725
3538.0,0.5,20.0,2.0,200.0,11.2
3539.0,1.0,20.0,2.0,200.0,28.03
3540.0,2.0,20.0,2.0,200.0,13.975
3541.0,3.0,20.0,2.0,200.0,16.33
3542.0,5.0,20.0,2.0,200.0,13.55
3543.0,10.0,20.0,2.0,200.0,14.035
3544.0,20.0,20.0,2.0,200.0,11.15
3545.0,40.0,20.0,2.0,200.0,11.79
3546.0,0.0,20.0,2.0,200.0,31.41
3547.0,0.5,20.0,2.0,200.0,13.805
3548.0,1.0,20.0,2.0,200.0,15.02
3549.0,2.0,20.0,2.0,200.0,17.42
3550.0,3.0,20.0,2.0,200.0,13.09
3551.0,5.0,20.0,2.0,200.0,12.05
3552.0,10.0,20.0,2.0,200.0,13.745
3553.0,20.0,20.0,2.0,200.0,13.725
3554.0,40.0,20.0,2.0,200.0,17.77
3555.0,0.0,20.0,2.0,200.0,45.675
3556.0,0.5,20.0,2.0,200.0,26.64
3557.0,1.0,20.0,2.0,200.0,13.515
3558.0,2.0,20.0,2.0,200.0,32.54
3559.0,3.0,20.0,2.0,200.0,15.025
3560.0,5.0,20.0,2.0,200.0,12.785
3561.0,10.0,20.0,2.0,200.0,13.26
3562.0,20.0,20.0,2.0,200.0,11.765
3563.0,40.0,20.0,2.0,200.0,15.045
3564.0,0.0,20.0,2.0,200.0,32.945
3565.0,0.5,20.0,2.0,200.0,18.815
3566.0,1.0,20.0,2.0,200.0,20.195
3567.0,2.0,20.0,2.0,200.0,16.515
3568.0,3.0,20.0,2.0,200.0,14.62
3569.0,5.0,20.0,2.0,200.0,25.43
3570.0,10.0,20.0,2.0,200.0,12.11
3571.0,20.0,20.0,2.0,200.0,12.505
3572.0,40.0,20.0,2.0,200.0,11.67
3573.0,0.0,20.0,2.0,200.0,16.865
3574.0,0.5,20.0,2.0,200.0,27.605
3575.0,1.0,20.0,2.0,200.0,27.45
3576.0,2.0,20.0,2.0,200.0,16.54
3577.0,3.0,20.0,2.0,200.0,11.765
3578.0,5.0,20.0,2.0,200.0,13.59
3579.0,10.0,20.0,2.0,200.0,11.79
3580.0,20.0,20.0,2.0,200.0,11.96
3581.0,40.0,20.0,2.0,200.0,13.825
3582.0,0.0,20.0,2.0,200.0,36.875
3583.0,0.5,20.0,2.0,200.0,28.26
3584.0,1.0,20.0,2.0,200.0,18.015
3585.0,2.0,20.0,2.0,200.0,15.48
3586.0,3.0,20.0,2.0,200.0,19.17
3587.0,5.0,20.0,2.0,200.0,11.445
3588.0,10.0,20.0,2.0,200.0,11.965
3589.0,20.0,20.0,2.0,200.0,14.175
3590.0,40.0,20.0,2.0,200.0,11.63
3591.0,0.0,20.0,2.0,200.0,36.99
3592.0,0.5,20.0,2.0,200.0,15.74
3593.0,1.0,20.0,2.0,200.0,19.275
3594.0,2.0,20.0,2.0,200.0,16.94
3595.0,3.0,20.0,2.0,200.0,14.04
3596.0,5.0,20.0,2.0,200.0,11.705
3597.0,10.0,20.0,2.0,200.0,11.75
3598.0,20.0,20.0,2.0,200.0,13.045
3599.0,40.0,20.0,2.0,200.0,19.195
3600.0,0.0,20.0,2.0,225.0,27.506666
3601.0,0.5,20.0,2.0,225.0,13.222222
3602.0,1.0,20.0,2.0,225.0,18.337778
3603.0,2.0,20.0,2.0,225.0,14.035556
3604.0,3.0,20.0,2.0,225.0,19.448889
3605.0,5.0,20.0,2.0,225.0,16.173334
3606.0,10.0,20.0,2.0,225.0,15.644444
3607.0,20.0,20.0,2.0,225.0,12.684444
3608.0,40.0,20.0,2.0,225.0,13.524445
3609.0,0.0,20.0,2.0,225.0,38.537777
3610.0,0.5,20.0,2.0,225.0,13.853333
3611.0,1.0,20.0,2.0,225.0,15.631111
3612.0,2.0,20.0,2.0,225.0,19.097778
3613.0,3.0,20.0,2.0,225.0,13.315556
3614.0,5.0,20.0,2.0,225.0,12.457778
3615.0,10.0,20.0,2.0,225.0,13.191112
3616.0,20.0,20.0,2.0,225.0,14.337778
3617.0,40.0,20.0,2.0,225.0,13.951111
3618.0,0.0,20.0,2.0,225.0,29.662222
3619.0,0.5,20.0,2.0,225.0,13.071111
3620.0,1.0,20.0,2.0,225.0,16.693333
3621.0,2.0,20.0,2.0,225.0,14.7288885
3622.0,3.0,20.0,2.0,225.0,14.746667
3623.0,5.0,20.0,2.0,225.0,12.053333
3624.0,10.0,20.0,2.0,225.0,12.146667
3625.0,20.0,20.0,2.0,225.0,21.253334
3626.0,40.0,20.0,2.0,225.0,12.311111
3627.0,0.0,20.0,2.0,225.0,31.142221
3628.0,0.5,20.0,2.0,225.0,21.884445
3629.0,1.0,20.0,2.0,225.0,18.093334
3630.0,2.0,20.0,2.0,225.0,16.115555
3631.0,3.0,20.0,2.0,225.0,11.595555
3632.0,5.0,20.0,2.0,225.0,15.204445
3633.0,10.0,20.0,2.0,225.0,14.253333
3634.0,20.0,20.0,2.0,225.0,12.142222
3635.0,40.0,20.0,2.0,225.0,12.68
3636.0,0.0,20.0,2.0,225.0,41.782223
3637.0,0.5,20.0,2.0,225.0,21.311111
3638.0,1.0,20.0,2.0,225.0,31.28
3639.0,2.0,20.0,2.0,225.0,14.053333
3640.0,3.0,20.0,2.0,225.0,17.222221
3641.0,5.0,20.0,2.0,225.0,12.888889
3642.0,10.0,20.0,2.0,225.0,14.6044445
3643.0,20.0,20.0,2.0,225.0,14.9777775
3644.0,40.0,20.0,2.0,225.0,13.537778
3645.0,0.0,20.0,2.0,225.0,22.982222
3646.0,0.5,20.0,2.0,225.0,18.902222
3647.0,1.0,20.0,2.0,225.0,29.044445
3648.0,2.0,20.0,2.0,225.0,19.235556
3649.0,3.0,20.0,2.0,225.0,15.782222
3650.0,5.0,20.0,2.0,225.0,14.448889
3651.0,10.0,20.0,2.0,225.0,16.542223
3652.0,20.0,20.0,2.0,225.0,12.195556
3653.0,40.0,20.0,2.0,225.0,13.364445
3654.0,0.0,20.0,2.0,225.0,36.11111
3655.0,0.5,20.0,2.0,225.0,18.368889
3656.0,1.0,20.0,2.0,225.0,15.8133335
3657.0,2.0,20.0,2.0,225.0,13.92
3658.0,3.0,20.0,2.0,225.0,13.613334
3659.0,5.0,20.0,2.0,225.0,12.995556
3660.0,10.0,20.0,2.0,225.0,16.737778
3661.0,20.0,20.0,2.0,225.0,14.008889
3662.0,40.0,20.0,2.0,225.0,12.964444
3663.0,0.0,20.0,2.0,225.0,12.915556
3664.0,0.5,20.0,2.0,225.0,23.706667
3665.0,1.0,20.0,2.0,225.0,28.11111
3666.0,2.0,20.0,2.0,225.0,19.582222
3667.0,3.0,20.0,2.0,225.0,14.048889
3668.0,5.0,20.0,2.0,225.0,13.484445
3669.0,10.0,20.0,2.0,225.0,14.0622225
3670.0,20.0,20.0,2.0,225.0,12.004444
3671.0,40.0,20.0,2.0,225.0,16.586666
3672.0,0.0,20.0,2.0,225.0,33.355556
3673.0,0.5,20.0,2.0,225.0,15.52
3674.0,1.0,20.0,2.0,225.0,12.928889
3675.0,2.0,20.0,2.0,225.0,12.235556
3676.0,3.0,20.0,2.0,225.0,26.182222
3677.0,5.0,20.0,2.0,225.0,13.613334
3678.0,10.0,20.0,2.0,225.0,19.173334
3679.0,20.0,20.0,2.0,225.0,15.288889
3680.0,40.0,20.0,2.0,225.0,15.324445
3681.0,0.0,20.0,2.0,225.0,23.977777
3682.0,0.5,20.0,2.0,225.0,32.337776
3683.0,1.0,20.0,2.0,225.0,29.817778
3684.0,2.0,20.0,2.0,225.0,18.582222
3685.0,3.0,20.0,2.0,225.0,12.413333
3686.0,5.0,20.0,2.0,225.0,13.111111
3687.0,10.0,20.0,2.0,225.0,11.897778
3688.0,20.0,20.0,2.0,225.0,12.533334
3689.0,40.0,20.0,2.0,225.0,19.27111
3690.0,0.0,20.0,2.0,225.0,20.595556
3691.0,0.5,20.0,2.0,225.0,20.466667
3692.0,1.0,20.0,2.0,225.0,18.52
3693.0,2.0,20.0,2.0,225.0,17.057777
3694.0,3.0,20.0,2.0,225.0,24.368889
3695.0,5.0,20.0,2.0,225.0,16.12
3696.0,10.0,20.0,2.0,225.0,15.942223
3697.0,20.0,20.0,2.0,225.0,13.12
3698.0,40.0,20.0,2.0,225.0,12.528889
3699.0,0.0,20.0,2.0,225.0,25.72
3700.0,0.5,20.0,2.0,225.0,29.071112
3701.0,1.0,20.0,2.0,225.0,28.946667
3702.0,2.0,20.0,2.0,225.0,20.764444
3703.0,3.0,20.0,2.0,225.0,17.617777
3704.0,5.0,20.0,2.0,225.0,14.306666
3705.0,10.0,20.0,2.0,225.0,17.177778
3706.0,20.0,20.0,2.0,225.0,11.973333
3707.0,40.0,20.0,2.0,225.0,15.288889
3708.0,0.0,20.0,2.0,225.0,14.884444
3709.0,0.5,20.0,2.0,225.0,14.706667
3710.0,1.0,20.0,2.0,225.0,36.324444
3711.0,2.0,20.0,2.0,225.0,16.16
3712.0,3.0,20.0,2.0,225.0,14.075556
3713.0,5.0,20.0,2.0,225.0,14.991111
3714.0,10.0,20.0,2.0,225.0,12.502222
3715.0,20.0,20.0,2.0,225.0,12.835556
3716.0,40.0,20.0,2.0,225.0,13.502222
3717.0,0.0,20.0,2.0,225.0,20.573334
3718.0,0.5,20.0,2.0,225.0,24.857779
3719.0,1.0,20.0,2.0,225.0,16.093334
3720.0,2.0,20.0,2.0,225.0,17.444445
3721.0,3.0,20.0,2.0,225.0,21.435556
3722.0,5.0,20.0,2.0,225.0,12.262222
3723.0,10.0,20.0,2.0,225.0,13.4
3724.0,20.0,20.0,2.0,225.0,14.555555
3725.0,40.0,20.0,2.0,225.0,13.008889
3726.0,0.0,20.0,2.0,225.0,18.177778
3727.0,0.5,20.0,2.0,225.0,32.337776
3728.0,1.0,20.0,2.0,225.0,12.893333
3729.0,2.0,20.0,2.0,225.0,15.013333
3730.0,3.0,20.0,2.0,225.0,20.964445
3731.0,5.0,20.0,2.0,225.0,13.44
3732.0,10.0,20.0,2.0,225.0,19.088888
3733.0,20.0,20.0,2.0,225.0,12.097777
3734.0,40.0,20.0,2.0,225.0,15.391111
3735.0,0.0,20.0,2.0,225.0,24.56
3736.0,0.5,20.0,2.0,225.0,19.266666
3737.0,1.0,20.0,2.0,225.0,18.0
3738.0,2.0,20.0,2.0,225.0,16.168888
3739.0,3.0,20.0,2.0,225.0,16.422222
3740.0,5.0,20.0,2.0,225.0,12.36
3741.0,10.0,20.0,2.0,225.0,13.266666
3742.0,20.0,20.0,2.0,225.0,13.448889
3743.0,40.0,20.0,2.0,225.0,13.368889
3744.0,0.0,20.0,2.0,225.0,12.546667
3745.0,0.5,20.0,2.0,225.0,18.853333
3746.0,1.0,20.0,2.0,225.0,18.724445
3747.0,2.0,20.0,2.0,225.0,18.453333
3748.0,3.0,20.0,2.0,225.0,14.72
3749.0,5.0,20.0,2.0,225.0,13.48
3750.0,10.0,20.0,2.0,225.0,14.684444
3751.0,20.0,20.0,2.0,225.0,12.52
3752.0,40.0,20.0,2.0,225.0,12.68
3753.0,0.0,20.0,2.0,225.0,36.871113
3754.0,0.5,20.0,2.0,225.0,19.942223
3755.0,1.0,20.0,2.0,225.0,20.093334
3756.0,2.0,20.0,2.0,225.0,12.288889
3757.0,3.0,20.0,2.0,225.0,13.075556
3758.0,5.0,20.0,2.0,225.0,13.12
3759.0,10.0,20.0,2.0,225.0,12.96
3760.0,20.0,20.0,2.0,225.0,13.475555
3761.0,40.0,20.0,2.0,225.0,12.053333
3762.0,0.0,20.0,2.0,225.0,51.484444
3763.0,0.5,20.0,2.0,225.0,22.44
3764.0,1.0,20.0,2.0,225.0,16.293333
3765.0,2.0,20.0,2.0,225.0,16.848888
3766.0,3.0,20.0,2.0,225.0,17.777779
3767.0,5.0,20.0,2.0,225.0,12.697778
3768.0,10.0,20.0,2.0,225.0,12.6
3769.0,20.0,20.0,2.0,225.0,13.644444
3770.0,40.0,20.0,2.0,225.0,15.617778
3771.0,0.0,20.0,2.0,225.0,20.306667
3772.0,0.5,20.0,2.0,225.0,30.537777
3773.0,1.0,20.0,2.0,225.0,18.164444
3774.0,2.0,20.0,2.0,225.0,14.0222225
3775.0,3.0,20.0,2.0,225.0,15.915556
3776.0,5.0,20.0,2.0,225.0,15.991111
3777.0,10.0,20.0,2.0,225.0,12.497778
3778.0,20.0,20.0,2.0,225.0,14.675555
3779.0,40.0,20.0,2.0,225.0,13.911111
3780.0,0.0,20.0,2.0,225.0,35.968887
3781.0,0.5,20.0,2.0,225.0,28.386667
3782.0,1.0,20.0,2.0,225.0,36.18222
3783.0,2.0,20.0,2.0,225.0,18.946667
3784.0,3.0,20.0,2.0,225.0,12.302222
3785.0,5.0,20.0,2.0,225.0,15.591111
3786.0,10.0,20.0,2.0,225.0,11.782222
3787.0,20.0,20.0,2.0,225.0,14.528889
3788.0,40.0,20.0,2.0,225.0,13.466666
3789.0,0.0,20.0,2.0,225.0,14.64
3790.0,0.5,20.0,2.0,225.0,18.342222
3791.0,1.0,20.0,2.0,225.0,19.524445
3792.0,2.0,20.0,2.0,225.0,12.026667
3793.0,3.0,20.0,2.0,225.0,16.702223
3794.0,5.0,20.0,2.0,225.0,18.928888
3795.0,10.0,20.0,2.0,225.0,14.222222
3796.0,20.0,20.0,2.0,225.0,13.711111
3797.0,40.0,20.0,2.0,225.0,12.542222
3798.0,0.0,20.0,2.0,225.0,35.88
3799.0,0.5,20.0,2.0,225.0,27.097778
3800.0,1.0,20.0,2.0,225.0,13.853333
3801.0,2.0,20.0,2.0,225.0,13.182222
3802.0,3.0,20.0,2.0,225.0,15.448889
3803.0,5.0,20.0,2.0,225.0,15.4
3804.0,10.0,20.0,2.0,225.0,12.457778
3805.0,20.0,20.0,2.0,225.0,13.631111
3806.0,40.0,20.0,2.0,225.0,12.751111
3807.0,0.0,20.0,2.0,225.0,46.875557
3808.0,0.5,20.0,2.0,225.0,17.266666
3809.0,1.0,20.0,2.0,225.0,25.893333
3810.0,2.0,20.0,2.0,225.0,14.431111
3811.0,3.0,20.0,2.0,225.0,13.226666
3812.0,5.0,20.0,2.0,225.0,17.16
3813.0,10.0,20.0,2.0,225.0,11.693334
3814.0,20.0,20.0,2.0,225.0,12.448889
3815.0,40.0,20.0,2.0,225.0,14.24
3816.0,0.0,20.0,2.0,225.0,39.93778
3817.0,0.5,20.0,2.0,225.0,25.04889
3818.0,1.0,20.0,2.0,225.0,15.137777
3819.0,2.0,20.0,2.0,225.0,13.004444
3820.0,3.0,20.0,2.0,225.0,24.608889
3821.0,5.0,20.0,2.0,225.0,15.351111
3822.0,10.0,20.0,2.0,225.0,12.315556
3823.0,20.0,20.0,2.0,225.0,12.568889
3824.0,40.0,20.0,2.0,225.0,14.248889
3825.0,0.0,20.0,2.0,225.0,40.493332
3826.0,0.5,20.0,2.0,225.0,14.751111
3827.0,1.0,20.0,2.0,225.0,27.653334
3828.0,2.0,20.0,2.0,225.0,15.631111
3829.0,3.0,20.0,2.0,225.0,19.48
3830.0,5.0,20.0,2.0,225.0,17.315556
3831.0,10.0,20.0,2.0,225.0,12.942223
3832.0,20.0,20.0,2.0,225.0,13.991111
3833.0,40.0,20.0,2.0,225.0,17.12889
3834.0,0.0,20.0,2.0,225.0,30.311111
3835.0,0.5,20.0,2.0,225.0,20.88889
3836.0,1.0,20.0,2.0,225.0,34.466667
3837.0,2.0,20.0,2.0,225.0,27.551111
3838.0,3.0,20.0,2.0,225.0,14.275556
3839.0,5.0,20.0,2.0,225.0,13.582222
3840.0,10.0,20.0,2.0,225.0,13.288889
3841.0,20.0,20.0,2.0,225.0,13.795555
3842.0,40.0,20.0,2.0,225.0,11.835556
3843.0,0.0,20.0,2.0,225.0,46.44
3844.0,0.5,20.0,2.0,225.0,13.955556
3845.0,1.0,20.0,2.0,225.0,27.675556
3846.0,2.0,20.0,2.0,225.0,15.231112
3847.0,3.0,20.0,2.0,225.0,16.64
3848.0,5.0,20.0,2.0,225.0,12.017777
3849.0,10.0,20.0,2.0,225.0,16.186666
3850.0,20.0,20.0,2.0,225.0,12.191112
3851.0,40.0,20.0,2.0,225.0,13.973333
3852.0,0.0,20.0,2.0,225.0,22.142221
3853.0,0.5,20.0,2.0,225.0,20.457777
3854.0,1.0,20.0,2.0,225.0,12.208889
3855.0,2.0,20.0,2.0,225.0,12.751111
3856.0,3.0,20.0,2.0,225.0,14.551111
3857.0,5.0,20.0,2.0,225.0,16.106667
3858.0,10.0,20.0,2.0,225.0,13.697778
3859.0,20.0,20.0,2.0,225.0,12.706667
3860.0,40.0,20.0,2.0,225.0,18.555555
3861.0,0.0,20.0,2.0,225.0,43.613335
3862.0,0.5,20.0,2.0,225.0,31.6
3863.0,1.0,20.0,2.0,225.0,15.488889
3864.0,2.0,20.0,2.0,225.0,14.16
3865.0,3.0,20.0,2.0,225.0,13.382222
3866.0,5.0,20.0,2.0,225.0,14.862223
3867.0,10.0,20.0,2.0,225.0,14.08
3868.0,20.0,20.0,2.0,225.0,13.177778
3869.0,40.0,20.0,2.0,225.0,12.924444
3870.0,0.0,20.0,2.0,225.0,26.462223
3871.0,0.5,20.0,2.0,225.0,14.822222
3872.0,1.0,20.0,2.0,225.0,30.226667
3873.0,2.0,20.0,2.0,225.0,13.133333
3874.0,3.0,20.0,2.0,225.0,15.871111
3875.0,5.0,20.0,2.0,225.0,11.844444
3876.0,10.0,20.0,2.0,225.0,15.293333
3877.0,20.0,20.0,2.0,225.0,12.862223
3878.0,40.0,20.0,2.0,225.0,13.404445
3879.0,0.0,20.0,2.0,225.0,41.422222
3880.0,0.5,20.0,2.0,225.0,15.884444
3881.0,1.0,20.0,2.0,225.0,15.648889
3882.0,2.0,20.0,2.0,225.0,13.684444
3883.0,3.0,20.0,2.0,225.0,12.462222
3884.0,5.0,20.0,2.0,225.0,16.12
3885.0,10.0,20.0,2.0,225.0,12.102222
3886.0,20.0,20.0,2.0,225.0,14.56
3887.0,40.0,20.0,2.0,225.0,13.488889
3888.0,0.0,20.0,2.0,225.0,32.115555
3889.0,0.5,20.0,2.0,225.0,15.991111
3890.0,1.0,20.0,2.0,225.0,13.48
3891.0,2.0,20.0,2.0,225.0,19.142221
3892.0,3.0,20.0,2.0,225.0,16.24
3893.0,5.0,20.0,2.0,225.0,13.342222
3894.0,10.0,20.0,2.0,225.0,14.911111
3895.0,20.0,20.0,2.0,225.0,12.635555
3896.0,40.0,20.0,2.0,225.0,11.782222
3897.0,0.0,20.0,2.0,225.0,22.124445
3898.0,0.5,20.0,2.0,225.0,26.977777
3899.0,1.0,20.0,2.0,225.0,30.853333
3900.0,2.0,20.0,2.0,225.0,17.244444
3901.0,3.0,20.0,2.0,225.0,38.386665
3902.0,5.0,20.0,2.0,225.0,11.413333
3903.0,10.0,20.0,2.0,225.0,18.102222
3904.0,20.0,20.0,2.0,225.0,11.644444
3905.0,40.0,20.0,2.0,225.0,16.777779
3906.0,0.0,20.0,2.0,225.0,27.426666
3907.0,0.5,20.0,2.0,225.0,23.173334
3908.0,1.0,20.0,2.0,225.0,20.844444
3909.0,2.0,20.0,2.0,225.0,21.666666
3910.0,3.0,20.0,2.0,225.0,13.222222
3911.0,5.0,20.0,2.0,225.0,12.986667
3912.0,10.0,20.0,2.0,225.0,19.604445
3913.0,20.0,20.0,2.0,225.0,11.911111
3914.0,40.0,20.0,2.0,225.0,11.92
3915.0,0.0,20.0,2.0,225.0,52.093334
3916.0,0.5,20.0,2.0,225.0,17.68
3917.0,1.0,20.0,2.0,225.0,17.328888
3918.0,2.0,20.0,2.0,225.0,19.275555
3919.0,3.0,20.0,2.0,225.0,19.626667
3920.0,5.0,20.0,2.0,225.0,14.693334
3921.0,10.0,20.0,2.0,225.0,15.724444
3922.0,20.0,20.0,2.0,225.0,12.875556
3923.0,40.0,20.0,2.0,225.0,16.137777
3924.0,0.0,20.0,2.0,225.0,23.733334
3925.0,0.5,20.0,2.0,225.0,23.911112
3926.0,1.0,20.0,2.0,225.0,22.537777
3927.0,2.0,20.0,2.0,225.0,16.275555
3928.0,3.0,20.0,2.0,225.0,16.6
3929.0,5.0,20.0,2.0,225.0,13.7288885
3930.0,10.0,20.0,2.0,225.0,14.64
3931.0,20.0,20.0,2.0,225.0,12.964444
3932.0,40.0,20.0,2.0,225.0,12.222222
3933.0,0.0,20.0,2.0,225.0,24.395555
3934.0,0.5,20.0,2.0,225.0,35.34667
3935.0,1.0,20.0,2.0,225.0,16.964445
3936.0,2.0,20.0,2.0,225.0,14.8133335
3937.0,3.0,20.0,2.0,225.0,14.688889
3938.0,5.0,20.0,2.0,225.0,11.88
3939.0,10.0,20.0,2.0,225.0,15.217778
3940.0,20.0,20.0,2.0,225.0,12.448889
3941.0,40.0,20.0,2.0,225.0,12.226666
3942.0,0.0,20.0,2.0,225.0,52.493332
3943.0,0.5,20.0,2.0,225.0,27.546667
3944.0,1.0,20.0,2.0,225.0,40.284443
3945.0,2.0,20.0,2.0,225.0,13.3955555
3946.0,3.0,20.0,2.0,225.0,12.893333
3947.0,5.0,20.0,2.0,225.0,14.066667
3948.0,10.0,20.0,2.0,225.0,14.631111
3949.0,20.0,20.0,2.0,225.0,16.831112
3950.0,40.0,20.0,2.0,225.0,15.973333
3951.0,0.0,20.0,2.0,225.0,18.155556
3952.0,0.5,20.0,2.0,225.0,23.56889
3953.0,1.0,20.0,2.0,225.0,15.448889
3954.0,2.0,20.0,2.0,225.0,12.582222
3955.0,3.0,20.0,2.0,225.0,13.084444
3956.0,5.0,20.0,2.0,225.0,14.4
3957.0,10.0,20.0,2.0,225.0,11.635555
3958.0,20.0,20.0,2.0,225.0,12.413333
3959.0,40.0,20.0,2.0,225.0,12.831111
3960.0,0.0,20.0,2.0,225.0,21.862223
3961.0,0.5,20.0,2.0,225.0,31.6
3962.0,1.0,20.0,2.0,225.0,22.177778
3963.0,2.0,20.0,2.0,225.0,29.533333
3964.0,3.0,20.0,2.0,225.0,13.644444
3965.0,5.0,20.0,2.0,225.0,15.097777
3966.0,10.0,20.0,2.0,225.0,16.657778
3967.0,20.0,20.0,2.0,225.0,13.555555
3968.0,40.0,20.0,2.0,225.0,11.897778
3969.0,0.0,20.0,2.0,225.0,26.64889
3970.0,0.5,20.0,2.0,225.0,23.466667
3971.0,1.0,20.0,2.0,225.0,21.453333
3972.0,2.0,20.0,2.0,225.0,13.791111
3973.0,3.0,20.0,2.0,225.0,13.733334
3974.0,5.0,20.0,2.0,225.0,15.426666
3975.0,10.0,20.0,2.0,225.0,12.706667
3976.0,20.0,20.0,2.0,225.0,14.382222
3977.0,40.0,20.0,2.0,225.0,11.968889
3978.0,0.0,20.0,2.0,225.0,24.635555
3979.0,0.5,20.0,2.0,225.0,19.622223
3980.0,1.0,20.0,2.0,225.0,12.151111
3981.0,2.0,20.0,2.0,225.0,13.306666
3982.0,3.0,20.0,2.0,225.0,19.173334
3983.0,5.0,20.0,2.0,225.0,12.177778
3984.0,10.0,20.0,2.0,225.0,11.906667
3985.0,20.0,20.0,2.0,225.0,12.195556
3986.0,40.0,20.0,2.0,225.0,12.44
3987.0,0.0,20.0,2.0,225.0,32.564445
3988.0,0.5,20.0,2.0,225.0,34.715557
3989.0,1.0,20.0,2.0,225.0,15.048889
3990.0,2.0,20.0,2.0,225.0,19.311111
3991.0,3.0,20.0,2.0,225.0,13.746667
3992.0,5.0,20.0,2.0,225.0,11.866667
3993.0,10.0,20.0,2.0,225.0,13.848889
3994.0,20.0,20.0,2.0,225.0,15.035556
3995.0,40.0,20.0,2.0,225.0,12.568889
3996.0,0.0,20.0,2.0,225.0,16.017778
3997.0,0.5,20.0,2.0,225.0,27.097778
3998.0,1.0,20.0,2.0,225.0,46.12
3999.0,2.0,20.0,2.0,225.0,14.6044445
4000.0,3.0,20.0,2.0,225.0,17.182222
4001.0,5.0,20.0,2.0,225.0,13.324445
4002.0,10.0,20.0,2.0,225.0,17.222221
4003.0,20.0,20.0,2.0,225.0,11.706667
4004.0,40.0,20.0,2.0,225.0,15.008889
4005.0,0.0,20.0,2.0,225.0,31.155556
4006.0,0.5,20.0,2.0,225.0,18.768888
4007.0,1.0,20.0,2.0,225.0,17.991112
4008.0,2.0,20.0,2.0,225.0,15.16
4009.0,3.0,20.0,2.0,225.0,17.711111
4010.0,5.0,20.0,2.0,225.0,15.746667
4011.0,10.0,20.0,2.0,225.0,12.973333
4012.0,20.0,20.0,2.0,225.0,11.555555
4013.0,40.0,20.0,2.0,225.0,16.52
4014.0,0.0,20.0,2.0,225.0,30.991112
4015.0,0.5,20.0,2.0,225.0,24.96
4016.0,1.0,20.0,2.0,225.0,15.377778
4017.0,2.0,20.0,2.0,225.0,12.471111
4018.0,3.0,20.0,2.0,225.0,14.328889
4019.0,5.0,20.0,2.0,225.0,11.826667
4020.0,10.0,20.0,2.0,225.0,12.506667
4021.0,20.0,20.0,2.0,225.0,14.173333
4022.0,40.0,20.0,2.0,225.0,14.155556
4023.0,0.0,20.0,2.0,225.0,25.844444
4024.0,0.5,20.0,2.0,225.0,17.16
4025.0,1.0,20.0,2.0,225.0,22.911112
4026.0,2.0,20.0,2.0,225.0,17.035555
4027.0,3.0,20.0,2.0,225.0,17.813334
4028.0,5.0,20.0,2.0,225.0,15.08
4029.0,10.0,20.0,2.0,225.0,13.835556
4030.0,20.0,20.0,2.0,225.0,11.697778
4031.0,40.0,20.0,2.0,225.0,12.351111
4032.0,0.0,20.0,2.0,225.0,19.604445
4033.0,0.5,20.0,2.0,225.0,28.88
4034.0,1.0,20.0,2.0,225.0,27.746666
4035.0,2.0,20.0,2.0,225.0,19.835556
4036.0,3.0,20.0,2.0,225.0,14.351111
4037.0,5.0,20.0,2.0,225.0,20.391111
4038.0,10.0,20.0,2.0,225.0,13.453333
4039.0,20.0,20.0,2.0,225.0,12.631111
4040.0,40.0,20.0,2.0,225.0,11.8
4041.0,0.0,20.0,2.0,225.0,35.857777
4042.0,0.5,20.0,2.0,225.0,43.28
4043.0,1.0,20.0,2.0,225.0,14.355556
4044.0,2.0,20.0,2.0,225.0,16.644444
4045.0,3.0,20.0,2.0,225.0,14.955556
4046.0,5.0,20.0,2.0,225.0,12.608889
4047.0,10.0,20.0,2.0,225.0,14.733334
4048.0,20.0,20.0,2.0,225.0,15.3955555
4049.0,40.0,20.0,2.0,225.0,17.173334
4050.0,0.0,20.0,2.0,250.0,30.552
4051.0,0.5,20.0,2.0,250.0,16.296
4052.0,1.0,20.0,2.0,250.0,17.704
4053.0,2.0,20.0,2.0,250.0,17.352
4054.0,3.0,20.0,2.0,250.0,12.492
4055.0,5.0,20.0,2.0,250.0,18.832
4056.0,10.0,20.0,2.0,250.0,12.2
4057.0,20.0,20.0,2.0,250.0,12.64
4058.0,40.0,20.0,2.0,250.0,22.168
4059.0,0.0,20.0,2.0,250.0,15.712
4060.0,0.5,20.0,2.0,250.0,24.348
4061.0,1.0,20.0,2.0,250.0,22.18
4062.0,2.0,20.0,2.0,250.0,18.64
4063.0,3.0,20.0,2.0,250.0,15.236
4064.0,5.0,20.0,2.0,250.0,13.572
4065.0,10.0,20.0,2.0,250.0,13.844
4066.0,20.0,20.0,2.0,250.0,14.424
4067.0,40.0,20.0,2.0,250.0,15.1
4068.0,0.0,20.0,2.0,250.0,21.396
4069.0,0.5,20.0,2.0,250.0,13.672
4070.0,1.0,20.0,2.0,250.0,36.744
4071.0,2.0,20.0,2.0,250.0,25.196
4072.0,3.0,20.0,2.0,250.0,15.284
4073.0,5.0,20.0,2.0,250.0,17.496
4074.0,10.0,20.0,2.0,250.0,13.08
4075.0,20.0,20.0,2.0,250.0,17.96
4076.0,40.0,20.0,2.0,250.0,16.764
4077.0,0.0,20.0,2.0,250.0,15.692
4078.0,0.5,20.0,2.0,250.0,21.928
4079.0,1.0,20.0,2.0,250.0,18.028
4080.0,2.0,20.0,2.0,250.0,15.284
4081.0,3.0,20.0,2.0,250.0,21.112
4082.0,5.0,20.0,2.0,250.0,15.252
4083.0,10.0,20.0,2.0,250.0,13.528
4084.0,20.0,20.0,2.0,250.0,13.696
4085.0,40.0,20.0,2.0,250.0,13.648
4086.0,0.0,20.0,2.0,250.0,30.536
4087.0,0.5,20.0,2.0,250.0,15.036
4088.0,1.0,20.0,2.0,250.0,44.44
4089.0,2.0,20.0,2.0,250.0,13.944
4090.0,3.0,20.0,2.0,250.0,16.62
4091.0,5.0,20.0,2.0,250.0,17.62
4092.0,10.0,20.0,2.0,250.0,14.24
4093.0,20.0,20.0,2.0,250.0,15.332
4094.0,40.0,20.0,2.0,250.0,13.128
4095.0,0.0,20.0,2.0,250.0,38.7
4096.0,0.5,20.0,2.0,250.0,21.164
4097.0,1.0,20.0,2.0,250.0,15.804
4098.0,2.0,20.0,2.0,250.0,15.592
4099.0,3.0,20.0,2.0,250.0,13.592
4100.0,5.0,20.0,2.0,250.0,13.36
4101.0,10.0,20.0,2.0,250.0,15.912
4102.0,20.0,20.0,2.0,250.0,13.796
4103.0,40.0,20.0,2.0,250.0,14.92
4104.0,0.0,20.0,2.0,250.0,14.6
4105.0,0.5,20.0,2.0,250.0,30.46
4106.0,1.0,20.0,2.0,250.0,32.928
4107.0,2.0,20.0,2.0,250.0,16.42
4108.0,3.0,20.0,2.0,250.0,13.872
4109.0,5.0,20.0,2.0,250.0,13.44
4110.0,10.0,20.0,2.0,250.0,15.732
4111.0,20.0,20.0,2.0,250.0,12.588
4112.0,40.0,20.0,2.0,250.0,14.676
4113.0,0.0,20.0,2.0,250.0,13.92
4114.0,0.5,20.0,2.0,250.0,22.604
4115.0,1.0,20.0,2.0,250.0,18.156
4116.0,2.0,20.0,2.0,250.0,17.704
4117.0,3.0,20.0,2.0,250.0,13.136
4118.0,5.0,20.0,2.0,250.0,14.312
4119.0,10.0,20.0,2.0,250.0,14.688
4120.0,20.0,20.0,2.0,250.0,23.664
4121.0,40.0,20.0,2.0,250.0,14.076
4122.0,0.0,20.0,2.0,250.0,53.048
4123.0,0.5,20.0,2.0,250.0,25.804
4124.0,1.0,20.0,2.0,250.0,13.644
4125.0,2.0,20.0,2.0,250.0,15.352
4126.0,3.0,20.0,2.0,250.0,18.44
4127.0,5.0,20.0,2.0,250.0,18.82
4128.0,10.0,20.0,2.0,250.0,13.348
4129.0,20.0,20.0,2.0,250.0,12.684
4130.0,40.0,20.0,2.0,250.0,15.924
4131.0,0.0,20.0,2.0,250.0,26.98
4132.0,0.5,20.0,2.0,250.0,22.396
4133.0,1.0,20.0,2.0,250.0,19.136
4134.0,2.0,20.0,2.0,250.0,13.924
4135.0,3.0,20.0,2.0,250.0,18.108
4136.0,5.0,20.0,2.0,250.0,15.028
4137.0,10.0,20.0,2.0,250.0,14.308
4138.0,20.0,20.0,2.0,250.0,12.996
4139.0,40.0,20.0,2.0,250.0,13.216
4140.0,0.0,20.0,2.0,250.0,24.188
4141.0,0.5,20.0,2.0,250.0,27.568
4142.0,1.0,20.0,2.0,250.0,19.264
4143.0,2.0,20.0,2.0,250.0,16.968
4144.0,3.0,20.0,2.0,250.0,15.644
4145.0,5.0,20.0,2.0,250.0,13.144
4146.0,10.0,20.0,2.0,250.0,13.324
4147.0,20.0,20.0,2.0,250.0,12.584
4148.0,40.0,20.0,2.0,250.0,12.564
4149.0,0.0,20.0,2.0,250.0,14.136
4150.0,0.5,20.0,2.0,250.0,44.188
4151.0,1.0,20.0,2.0,250.0,30.304
4152.0,2.0,20.0,2.0,250.0,15.86
4153.0,3.0,20.0,2.0,250.0,15.14
4154.0,5.0,20.0,2.0,250.0,12.664
4155.0,10.0,20.0,2.0,250.0,14.748
4156.0,20.0,20.0,2.0,250.0,15.04
4157.0,40.0,20.0,2.0,250.0,13.8
4158.0,0.0,20.0,2.0,250.0,29.304
4159.0,0.5,20.0,2.0,250.0,19.604
4160.0,1.0,20.0,2.0,250.0,15.936
4161.0,2.0,20.0,2.0,250.0,14.492
4162.0,3.0,20.0,2.0,250.0,20.104
4163.0,5.0,20.0,2.0,250.0,27.572
4164.0,10.0,20.0,2.0,250.0,15.084
4165.0,20.0,20.0,2.0,250.0,13.404
4166.0,40.0,20.0,2.0,250.0,13.18
4167.0,0.0,20.0,2.0,250.0,16.484
4168.0,0.5,20.0,2.0,250.0,17.68
4169.0,1.0,20.0,2.0,250.0,22.912
4170.0,2.0,20.0,2.0,250.0,15.74
4171.0,3.0,20.0,2.0,250.0,14.328
4172.0,5.0,20.0,2.0,250.0,19.216
4173.0,10.0,20.0,2.0,250.0,12.5
4174.0,20.0,20.0,2.0,250.0,14.364
4175.0,40.0,20.0,2.0,250.0,14.752
4176.0,0.0,20.0,2.0,250.0,14.052
4177.0,0.5,20.0,2.0,250.0,23.956
4178.0,1.0,20.0,2.0,250.0,14.912
4179.0,2.0,20.0,2.0,250.0,16.052
4180.0,3.0,20.0,2.0,250.0,13.736
4181.0,5.0,20.0,2.0,250.0,16.744
4182.0,10.0,20.0,2.0,250.0,12.32
4183.0,20.0,20.0,2.0,250.0,13.5
4184.0,40.0,20.0,2.0,250.0,13.132
4185.0,0.0,20.0,2.0,250.0,34.612
4186.0,0.5,20.0,2.0,250.0,17.272
4187.0,1.0,20.0,2.0,250.0,31.396
4188.0,2.0,20.0,2.0,250.0,15.66
4189.0,3.0,20.0,2.0,250.0,20.848
4190.0,5.0,20.0,2.0,250.0,13.64
4191.0,10.0,20.0,2.0,250.0,13.096
4192.0,20.0,20.0,2.0,250.0,13.816
4193.0,40.0,20.0,2.0,250.0,17.18
4194.0,0.0,20.0,2.0,250.0,16.976
4195.0,0.5,20.0,2.0,250.0,16.46
4196.0,1.0,20.0,2.0,250.0,19.628
4197.0,2.0,20.0,2.0,250.0,18.64
4198.0,3.0,20.0,2.0,250.0,13.476
4199.0,5.0,20.0,2.0,250.0,12.584
4200.0,10.0,20.0,2.0,250.0,13.62
4201.0,20.0,20.0,2.0,250.0,13.304
4202.0,40.0,20.0,2.0,250.0,13.372
4203.0,0.0,20.0,2.0,250.0,18.264
4204.0,0.5,20.0,2.0,250.0,14.356
4205.0,1.0,20.0,2.0,250.0,18.032
4206.0,2.0,20.0,2.0,250.0,17.956
4207.0,3.0,20.0,2.0,250.0,23.548
4208.0,5.0,20.0,2.0,250.0,15.232
4209.0,10.0,20.0,2.0,250.0,13.764
4210.0,20.0,20.0,2.0,250.0,13.776
4211.0,40.0,20.0,2.0,250.0,12.66
4212.0,0.0,20.0,2.0,250.0,17.336
4213.0,0.5,20.0,2.0,250.0,18.092
4214.0,1.0,20.0,2.0,250.0,14.56
4215.0,2.0,20.0,2.0,250.0,14.552
4216.0,3.0,20.0,2.0,250.0,12.74
4217.0,5.0,20.0,2.0,250.0,14.736
4218.0,10.0,20.0,2.0,250.0,12.488
4219.0,20.0,20.0,2.0,250.0,12.504
4220.0,40.0,20.0,2.0,250.0,13.276
4221.0,0.0,20.0,2.0,250.0,47.348
4222.0,0.5,20.0,2.0,250.0,41.472
4223.0,1.0,20.0,2.0,250.0,17.348
4224.0,2.0,20.0,2.0,250.0,18.888
4225.0,3.0,20.0,2.0,250.0,14.58
4226.0,5.0,20.0,2.0,250.0,16.48
4227.0,10.0,20.0,2.0,250.0,14.764
4228.0,20.0,20.0,2.0,250.0,14.652
4229.0,40.0,20.0,2.0,250.0,15.212
4230.0,0.0,20.0,2.0,250.0,29.168
4231.0,0.5,20.0,2.0,250.0,20.004
4232.0,1.0,20.0,2.0,250.0,17.884
4233.0,2.0,20.0,2.0,250.0,16.596
4234.0,3.0,20.0,2.0,250.0,22.248
4235.0,5.0,20.0,2.0,250.0,13.624
4236.0,10.0,20.0,2.0,250.0,13.852
4237.0,20.0,20.0,2.0,250.0,14.328
4238.0,40.0,20.0,2.0,250.0,15.3
4239.0,0.0,20.0,2.0,250.0,20.352
4240.0,0.5,20.0,2.0,250.0,17.416
4241.0,1.0,20.0,2.0,250.0,17.176
4242.0,2.0,20.0,2.0,250.0,19.292
4243.0,3.0,20.0,2.0,250.0,14.812
4244.0,5.0,20.0,2.0,250.0,15.304
4245.0,10.0,20.0,2.0,250.0,16.128
4246.0,20.0,20.0,2.0,250.0,14.9
4247.0,40.0,20.0,2.0,250.0,12.492
4248.0,0.0,20.0,2.0,250.0,60.436
4249.0,0.5,20.0,2.0,250.0,31.1
4250.0,1.0,20.0,2.0,250.0,27.784
4251.0,2.0,20.0,2.0,250.0,22.824
4252.0,3.0,20.0,2.0,250.0,14.936
4253.0,5.0,20.0,2.0,250.0,15.004
4254.0,10.0,20.0,2.0,250.0,12.16
4255.0,20.0,20.0,2.0,250.0,13.036
4256.0,40.0,20.0,2.0,250.0,14.164
4257.0,0.0,20.0,2.0,250.0,34.2
4258.0,0.5,20.0,2.0,250.0,49.34
4259.0,1.0,20.0,2.0,250.0,52.668
4260.0,2.0,20.0,2.0,250.0,17.58
4261.0,3.0,20.0,2.0,250.0,13.332
4262.0,5.0,20.0,2.0,250.0,16.712
4263.0,10.0,20.0,2.0,250.0,13.148
4264.0,20.0,20.0,2.0,250.0,13.44
4265.0,40.0,20.0,2.0,250.0,15.824
4266.0,0.0,20.0,2.0,250.0,25.404
4267.0,0.5,20.0,2.0,250.0,15.272
4268.0,1.0,20.0,2.0,250.0,17.268
4269.0,2.0,20.0,2.0,250.0,14.808
4270.0,3.0,20.0,2.0,250.0,13.688
4271.0,5.0,20.0,2.0,250.0,14.948
4272.0,10.0,20.0,2.0,250.0,12.36
4273.0,20.0,20.0,2.0,250.0,14.36
4274.0,40.0,20.0,2.0,250.0,14.916
4275.0,0.0,20.0,2.0,250.0,37.532
4276.0,0.5,20.0,2.0,250.0,31.932
4277.0,1.0,20.0,2.0,250.0,18.736
4278.0,2.0,20.0,2.0,250.0,15.56
4279.0,3.0,20.0,2.0,250.0,18.804
4280.0,5.0,20.0,2.0,250.0,19.216
4281.0,10.0,20.0,2.0,250.0,12.696
4282.0,20.0,20.0,2.0,250.0,13.816
4283.0,40.0,20.0,2.0,250.0,12.984
4284.0,0.0,20.0,2.0,250.0,45.396
4285.0,0.5,20.0,2.0,250.0,16.696
4286.0,1.0,20.0,2.0,250.0,16.684
4287.0,2.0,20.0,2.0,250.0,15.496
4288.0,3.0,20.0,2.0,250.0,15.976
4289.0,5.0,20.0,2.0,250.0,16.708
4290.0,10.0,20.0,2.0,250.0,16.572
4291.0,20.0,20.0,2.0,250.0,17.952
4292.0,40.0,20.0,2.0,250.0,13.812
4293.0,0.0,20.0,2.0,250.0,17.684
4294.0,0.5,20.0,2.0,250.0,19.12
4295.0,1.0,20.0,2.0,250.0,16.86
4296.0,2.0,20.0,2.0,250.0,19.148
4297.0,3.0,20.0,2.0,250.0,15.424
4298.0,5.0,20.0,2.0,250.0,14.368
4299.0,10.0,20.0,2.0,250.0,16.632
4300.0,20.0,20.0,2.0,250.0,13.484
4301.0,40.0,20.0,2.0,250.0,13.856
4302.0,0.0,20.0,2.0,250.0,20.732
4303.0,0.5,20.0,2.0,250.0,14.296
4304.0,1.0,20.0,2.0,250.0,21.044
4305.0,2.0,20.0,2.0,250.0,15.96
4306.0,3.0,20.0,2.0,250.0,13.772
4307.0,5.0,20.0,2.0,250.0,14.56
4308.0,10.0,20.0,2.0,250.0,14.46
4309.0,20.0,20.0,2.0,250.0,13.844
4310.0,40.0,20.0,2.0,250.0,15.028
4311.0,0.0,20.0,2.0,250.0,22.472
4312.0,0.5,20.0,2.0,250.0,20.504
4313.0,1.0,20.0,2.0,250.0,15.62
4314.0,2.0,20.0,2.0,250.0,13.072
4315.0,3.0,20.0,2.0,250.0,16.796
4316.0,5.0,20.0,2.0,250.0,13.344
4317.0,10.0,20.0,2.0,250.0,12.792
4318.0,20.0,20.0,2.0,250.0,13.276
4319.0,40.0,20.0,2.0,250.0,13.984
4320.0,0.0,20.0,2.0,250.0,26.928
4321.0,0.5,20.0,2.0,250.0,23.892
4322.0,1.0,20.0,2.0,250.0,13.268
4323.0,2.0,20.0,2.0,250.0,15.4
4324.0,3.0,20.0,2.0,250.0,13.768
4325.0,5.0,20.0,2.0,250.0,14.048
4326.0,10.0,20.0,2.0,250.0,12.424
4327.0,20.0,20.0,2.0,250.0,14.316
4328.0,40.0,20.0,2.0,250.0,14.624
4329.0,0.0,20.0,2.0,250.0,31.224
4330.0,0.5,20.0,2.0,250.0,16.4
4331.0,1.0,20.0,2.0,250.0,16.632
4332.0,2.0,20.0,2.0,250.0,13.024
4333.0,3.0,20.0,2.0,250.0,13.392
4334.0,5.0,20.0,2.0,250.0,14.388
4335.0,10.0,20.0,2.0,250.0,13.684
4336.0,20.0,20.0,2.0,250.0,13.164
4337.0,40.0,20.0,2.0,250.0,16.764
4338.0,0.0,20.0,2.0,250.0,24.164
4339.0,0.5,20.0,2.0,250.0,54.68
4340.0,1.0,20.0,2.0,250.0,23.152
4341.0,2.0,20.0,2.0,250.0,22.896
4342.0,3.0,20.0,2.0,250.0,16.628
4343.0,5.0,20.0,2.0,250.0,12.716
4344.0,10.0,20.0,2.0,250.0,13.264
4345.0,20.0,20.0,2.0,250.0,12.748
4346.0,40.0,20.0,2.0,250.0,13.956
4347.0,0.0,20.0,2.0,250.0,34.284
4348.0,0.5,20.0,2.0,250.0,42.096
4349.0,1.0,20.0,2.0,250.0,17.516
4350.0,2.0,20.0,2.0,250.0,13.38
4351.0,3.0,20.0,2.0,250.0,14.556
4352.0,5.0,20.0,2.0,250.0,17.884
4353.0,10.0,20.0,2.0,250.0,14.98
4354.0,20.0,20.0,2.0,250.0,15.248
4355.0,40.0,20.0,2.0,250.0,13.536
4356.0,0.0,20.0,2.0,250.0,18.672
4357.0,0.5,20.0,2.0,250.0,44.008
4358.0,1.0,20.0,2.0,250.0,16.5
4359.0,2.0,20.0,2.0,250.0,15.46
4360.0,3.0,20.0,2.0,250.0,15.332
4361.0,5.0,20.0,2.0,250.0,13.96
4362.0,10.0,20.0,2.0,250.0,19.864
4363.0,20.0,20.0,2.0,250.0,15.428
4364.0,40.0,20.0,2.0,250.0,17.268
4365.0,0.0,20.0,2.0,250.0,26.588
4366.0,0.5,20.0,2.0,250.0,21.024
4367.0,1.0,20.0,2.0,250.0,20.38
4368.0,2.0,20.0,2.0,250.0,13.844
4369.0,3.0,20.0,2.0,250.0,15.864
4370.0,5.0,20.0,2.0,250.0,13.72
4371.0,10.0,20.0,2.0,250.0,14.508
4372.0,20.0,20.0,2.0,250.0,12.604
4373.0,40.0,20.0,2.0,250.0,12.86
4374.0,0.0,20.0,2.0,250.0,17.804
4375.0,0.5,20.0,2.0,250.0,18.984
4376.0,1.0,20.0,2.0,250.0,24.664
4377.0,2.0,20.0,2.0,250.0,19.304
4378.0,3.0,20.0,2.0,250.0,16.976
4379.0,5.0,20.0,2.0,250.0,15.476
4380.0,10.0,20.0,2.0,250.0,12.084
4381.0,20.0,20.0,2.0,250.0,12.608
4382.0,40.0,20.0,2.0,250.0,14.584
4383.0,0.0,20.0,2.0,250.0,35.888
4384.0,0.5,20.0,2.0,250.0,21.852
4385.0,1.0,20.0,2.0,250.0,29.204
4386.0,2.0,20.0,2.0,250.0,13.364
4387.0,3.0,20.0,2.0,250.0,14.108
4388.0,5.0,20.0,2.0,250.0,13.348
4389.0,10.0,20.0,2.0,250.0,15.332
4390.0,20.0,20.0,2.0,250.0,17.076
4391.0,40.0,20.0,2.0,250.0,13.116
4392.0,0.0,20.0,2.0,250.0,27.444
4393.0,0.5,20.0,2.0,250.0,15.324
4394.0,1.0,20.0,2.0,250.0,20.884
4395.0,2.0,20.0,2.0,250.0,17.884
4396.0,3.0,20.0,2.0,250.0,12.86
4397.0,5.0,20.0,2.0,250.0,12.544
4398.0,10.0,20.0,2.0,250.0,15.468
4399.0,20.0,20.0,2.0,250.0,13.964
4400.0,40.0,20.0,2.0,250.0,13.036
4401.0,0.0,20.0,2.0,250.0,27.044
4402.0,0.5,20.0,2.0,250.0,22.008
4403.0,1.0,20.0,2.0,250.0,22.328
4404.0,2.0,20.0,2.0,250.0,13.62
4405.0,3.0,20.0,2.0,250.0,16.412
4406.0,5.0,20.0,2.0,250.0,14.124
4407.0,10.0,20.0,2.0,250.0,13.812
4408.0,20.0,20.0,2.0,250.0,19.668
4409.0,40.0,20.0,2.0,250.0,13.272
4410.0,0.0,20.0,2.0,250.0,22.252
4411.0,0.5,20.0,2.0,250.0,23.044
4412.0,1.0,20.0,2.0,250.0,17.356
4413.0,2.0,20.0,2.0,250.0,14.656
4414.0,3.0,20.0,2.0,250.0,12.908
4415.0,5.0,20.0,2.0,250.0,14.904
4416.0,10.0,20.0,2.0,250.0,16.784
4417.0,20.0,20.0,2.0,250.0,12.228
4418.0,40.0,20.0,2.0,250.0,13.168
4419.0,0.0,20.0,2.0,250.0,59.624
4420.0,0.5,20.0,2.0,250.0,13.344
4421.0,1.0,20.0,2.0,250.0,27.664
4422.0,2.0,20.0,2.0,250.0,13.844
4423.0,3.0,20.0,2.0,250.0,16.184
4424.0,5.0,20.0,2.0,250.0,13.888
4425.0,10.0,20.0,2.0,250.0,13.752
4426.0,20.0,20.0,2.0,250.0,15.016
4427.0,40.0,20.0,2.0,250.0,15.072
4428.0,0.0,20.0,2.0,250.0,30.524
4429.0,0.5,20.0,2.0,250.0,18.508
4430.0,1.0,20.0,2.0,250.0,21.532
4431.0,2.0,20.0,2.0,250.0,15.236
4432.0,3.0,20.0,2.0,250.0,16.744
4433.0,5.0,20.0,2.0,250.0,15.444
4434.0,10.0,20.0,2.0,250.0,12.96
4435.0,20.0,20.0,2.0,250.0,13.492
4436.0,40.0,20.0,2.0,250.0,13.7
4437.0,0.0,20.0,2.0,250.0,33.612
4438.0,0.5,20.0,2.0,250.0,24.14
4439.0,1.0,20.0,2.0,250.0,12.428
4440.0,2.0,20.0,2.0,250.0,25.48
4441.0,3.0,20.0,2.0,250.0,12.66
4442.0,5.0,20.0,2.0,250.0,13.984
4443.0,10.0,20.0,2.0,250.0,14.52
4444.0,20.0,20.0,2.0,250.0,16.868
4445.0,40.0,20.0,2.0,250.0,14.84
4446.0,0.0,20.0,2.0,250.0,41.652
4447.0,0.5,20.0,2.0,250.0,32.656
4448.0,1.0,20.0,2.0,250.0,23.348
4449.0,2.0,20.0,2.0,250.0,15.036
4450.0,3.0,20.0,2.0,250.0,12.352
4451.0,5.0,20.0,2.0,250.0,16.872
4452.0,10.0,20.0,2.0,250.0,12.8
4453.0,20.0,20.0,2.0,250.0,13.392
4454.0,40.0,20.0,2.0,250.0,13.224
4455.0,0.0,20.0,2.0,250.0,13.952
4456.0,0.5,20.0,2.0,250.0,51.052
4457.0,1.0,20.0,2.0,250.0,14.076
4458.0,2.0,20.0,2.0,250.0,16.864
4459.0,3.0,20.0,2.0,250.0,18.728
4460.0,5.0,20.0,2.0,250.0,13.144
4461.0,10.0,20.0,2.0,250.0,13.836
4462.0,20.0,20.0,2.0,250.0,17.416
4463.0,40.0,20.0,2.0,250.0,16.744
4464.0,0.0,20.0,2.0,250.0,31.612
4465.0,0.5,20.0,2.0,250.0,12.816
4466.0,1.0,20.0,2.0,250.0,19.752
4467.0,2.0,20.0,2.0,250.0,13.552
4468.0,3.0,20.0,2.0,250.0,14.556
4469.0,5.0,20.0,2.0,250.0,12.136
4470.0,10.0,20.0,2.0,250.0,14.396
4471.0,20.0,20.0,2.0,250.0,12.676
4472.0,40.0,20.0,2.0,250.0,12.724
4473.0,0.0,20.0,2.0,250.0,53.776
4474.0,0.5,20.0,2.0,250.0,27.24
4475.0,1.0,20.0,2.0,250.0,15.756
4476.0,2.0,20.0,2.0,250.0,14.424
4477.0,3.0,20.0,2.0,250.0,13.668
4478.0,5.0,20.0,2.0,250.0,15.852
4479.0,10.0,20.0,2.0,250.0,13.6
4480.0,20.0,20.0,2.0,250.0,14.96
4481.0,40.0,20.0,2.0,250.0,15.652
4482.0,0.0,20.0,2.0,250.0,46.88
4483.0,0.5,20.0,2.0,250.0,35.84
4484.0,1.0,20.0,2.0,250.0,16.268
4485.0,2.0,20.0,2.0,250.0,12.312
4486.0,3.0,20.0,2.0,250.0,15.252
4487.0,5.0,20.0,2.0,250.0,13.988
4488.0,10.0,20.0,2.0,250.0,14.128
4489.0,20.0,20.0,2.0,250.0,16.076
4490.0,40.0,20.0,2.0,250.0,16.356
4491.0,0.0,20.0,2.0,250.0,24.492
4492.0,0.5,20.0,2.0,250.0,37.988
4493.0,1.0,20.0,2.0,250.0,28.364
4494.0,2.0,20.0,2.0,250.0,15.808
4495.0,3.0,20.0,2.0,250.0,13.464
4496.0,5.0,20.0,2.0,250.0,12.06
4497.0,10.0,20.0,2.0,250.0,12.868
4498.0,20.0,20.0,2.0,250.0,17.14
4499.0,40.0,20.0,2.0,250.0,13.18
