Factor 1,Factor 2,Factor 3,Factor 4,Factor 5,Result 1
0.0,0.0,20.0,2.0,100.0,26.76
1.0,0.5,20.0,2.0,100.0,16.12
2.0,1.0,20.0,2.0,100.0,18.14
3.0,2.0,20.0,2.0,100.0,7.68
4.0,3.0,20.0,2.0,100.0,20.17
5.0,5.0,20.0,2.0,100.0,9.88
6.0,10.0,20.0,2.0,100.0,9.2
7.0,20.0,20.0,2.0,100.0,9.11
8.0,40.0,20.0,2.0,100.0,8.11
9.0,49.0,20.0,2.0,100.0,9.24
10.0,0.0,20.0,2.0,100.0,21.47
11.0,0.5,20.0,2.0,100.0,11.41
12.0,1.0,20.0,2.0,100.0,20.08
13.0,2.0,20.0,2.0,100.0,13.01
14.0,3.0,20.0,2.0,100.0,12.97
15.0,5.0,20.0,2.0,100.0,11.0
16.0,10.0,20.0,2.0,100.0,12.8
17.0,20.0,20.0,2.0,100.0,12.3
18.0,40.0,20.0,2.0,100.0,10.62
19.0,49.0,20.0,2.0,100.0,8.1
20.0,0.0,20.0,2.0,100.0,27.2
21.0,0.5,20.0,2.0,100.0,20.58
22.0,1.0,20.0,2.0,100.0,23.35
23.0,2.0,20.0,2.0,100.0,17.89
24.0,3.0,20.0,2.0,100.0,8.89
25.0,5.0,20.0,2.0,100.0,12.58
26.0,10.0,20.0,2.0,100.0,8.81
27.0,20.0,20.0,2.0,100.0,8.52
28.0,40.0,20.0,2.0,100.0,7.93
29.0,49.0,20.0,2.0,100.0,10.59
30.0,0.0,20.0,2.0,100.0,24.75
31.0,0.5,20.0,2.0,100.0,25.46
32.0,1.0,20.0,2.0,100.0,19.3
33.0,2.0,20.0,2.0,100.0,17.25
34.0,3.0,20.0,2.0,100.0,12.54
35.0,5.0,20.0,2.0,100.0,11.88
36.0,10.0,20.0,2.0,100.0,8.6
37.0,20.0,20.0,2.0,100.0,9.6
38.0,40.0,20.0,2.0,100.0,8.27
39.0,49.0,20.0,2.0,100.0,10.04
40.0,0.0,20.0,2.0,100.0,12.21
41.0,0.5,20.0,2.0,100.0,25.28
42.0,1.0,20.0,2.0,100.0,18.57
43.0,2.0,20.0,2.0,100.0,13.61
44.0,3.0,20.0,2.0,100.0,15.78
45.0,5.0,20.0,2.0,100.0,12.6
46.0,10.0,20.0,2.0,100.0,8.96
47.0,20.0,20.0,2.0,100.0,9.88
48.0,40.0,20.0,2.0,100.0,10.31
49.0,49.0,20.0,2.0,100.0,8.46
50.0,0.0,20.0,2.0,100.0,17.5
51.0,0.5,20.0,2.0,100.0,12.93
52.0,1.0,20.0,2.0,100.0,12.62
53.0,2.0,20.0,2.0,100.0,11.51
54.0,3.0,20.0,2.0,100.0,12.11
55.0,5.0,20.0,2.0,100.0,9.99
56.0,10.0,20.0,2.0,100.0,7.77
57.0,20.0,20.0,2.0,100.0,9.67
58.0,40.0,20.0,2.0,100.0,11.94
59.0,49.0,20.0,2.0,100.0,8.13
60.0,0.0,20.0,2.0,100.0,19.71
61.0,0.5,20.0,2.0,100.0,11.16
62.0,1.0,20.0,2.0,100.0,9.01
63.0,2.0,20.0,2.0,100.0,11.3
64.0,3.0,20.0,2.0,100.0,12.19
65.0,5.0,20.0,2.0,100.0,7.89
66.0,10.0,20.0,2.0,100.0,10.9
67.0,20.0,20.0,2.0,100.0,9.17
68.0,40.0,20.0,2.0,100.0,8.56
69.0,49.0,20.0,2.0,100.0,8.33
70.0,0.0,20.0,2.0,100.0,12.22
71.0,0.5,20.0,2.0,100.0,12.76
72.0,1.0,20.0,2.0,100.0,10.61
73.0,2.0,20.0,2.0,100.0,10.14
74.0,3.0,20.0,2.0,100.0,16.94
75.0,5.0,20.0,2.0,100.0,8.6
76.0,10.0,20.0,2.0,100.0,9.98
77.0,20.0,20.0,2.0,100.0,9.47
78.0,40.0,20.0,2.0,100.0,7.54
79.0,49.0,20.0,2.0,100.0,8.8
80.0,0.0,20.0,2.0,100.0,20.11
81.0,0.5,20.0,2.0,100.0,12.06
82.0,1.0,20.0,2.0,100.0,24.65
83.0,2.0,20.0,2.0,100.0,8.73
84.0,3.0,20.0,2.0,100.0,10.27
85.0,5.0,20.0,2.0,100.0,9.31
86.0,10.0,20.0,2.0,100.0,7.72
87.0,20.0,20.0,2.0,100.0,9.18
88.0,40.0,20.0,2.0,100.0,9.37
89.0,49.0,20.0,2.0,100.0,16.34
90.0,0.0,20.0,2.0,100.0,13.79
91.0,0.5,20.0,2.0,100.0,17.18
92.0,1.0,20.0,2.0,100.0,9.84
93.0,2.0,20.0,2.0,100.0,11.8
94.0,3.0,20.0,2.0,100.0,8.85
95.0,5.0,20.0,2.0,100.0,13.74
96.0,10.0,20.0,2.0,100.0,8.26
97.0,20.0,20.0,2.0,100.0,9.19
98.0,40.0,20.0,2.0,100.0,8.6
99.0,49.0,20.0,2.0,100.0,8.18
100.0,0.0,20.0,2.0,100.0,10.37
101.0,0.5,20.0,2.0,100.0,9.72
102.0,1.0,20.0,2.0,100.0,14.26
103.0,2.0,20.0,2.0,100.0,15.91
104.0,3.0,20.0,2.0,100.0,13.67
105.0,5.0,20.0,2.0,100.0,7.66
106.0,10.0,20.0,2.0,100.0,11.8
107.0,20.0,20.0,2.0,100.0,11.07
108.0,40.0,20.0,2.0,100.0,10.33
109.0,49.0,20.0,2.0,100.0,10.36
110.0,0.0,20.0,2.0,100.0,22.78
111.0,0.5,20.0,2.0,100.0,16.89
112.0,1.0,20.0,2.0,100.0,12.2
113.0,2.0,20.0,2.0,100.0,11.32
114.0,3.0,20.0,2.0,100.0,10.22
115.0,5.0,20.0,2.0,100.0,8.79
116.0,10.0,20.0,2.0,100.0,10.55
117.0,20.0,20.0,2.0,100.0,8.14
118.0,40.0,20.0,2.0,100.0,9.75
119.0,49.0,20.0,2.0,100.0,8.75
120.0,0.0,20.0,2.0,100.0,23.28
121.0,0.5,20.0,2.0,100.0,10.76
122.0,1.0,20.0,2.0,100.0,15.52
123.0,2.0,20.0,2.0,100.0,9.92
124.0,3.0,20.0,2.0,100.0,9.41
125.0,5.0,20.0,2.0,100.0,8.64
126.0,10.0,20.0,2.0,100.0,10.45
127.0,20.0,20.0,2.0,100.0,11.58
128.0,40.0,20.0,2.0,100.0,9.99
129.0,49.0,20.0,2.0,100.0,7.66
130.0,0.0,20.0,2.0,100.0,22.62
131.0,0.5,20.0,2.0,100.0,16.17
132.0,1.0,20.0,2.0,100.0,12.62
133.0,2.0,20.0,2.0,100.0,14.1
134.0,3.0,20.0,2.0,100.0,10.44
135.0,5.0,20.0,2.0,100.0,9.42
136.0,10.0,20.0,2.0,100.0,8.23
137.0,20.0,20.0,2.0,100.0,9.02
138.0,40.0,20.0,2.0,100.0,8.04
139.0,49.0,20.0,2.0,100.0,8.15
140.0,0.0,20.0,2.0,100.0,9.69
141.0,0.5,20.0,2.0,100.0,13.56
142.0,1.0,20.0,2.0,100.0,20.6
143.0,2.0,20.0,2.0,100.0,9.87
144.0,3.0,20.0,2.0,100.0,11.35
145.0,5.0,20.0,2.0,100.0,11.62
146.0,10.0,20.0,2.0,100.0,8.57
147.0,20.0,20.0,2.0,100.0,8.61
148.0,40.0,20.0,2.0,100.0,7.83
149.0,49.0,20.0,2.0,100.0,9.98
150.0,0.0,20.0,2.0,100.0,19.0
151.0,0.5,20.0,2.0,100.0,10.21
152.0,1.0,20.0,2.0,100.0,20.12
153.0,2.0,20.0,2.0,100.0,9.67
154.0,3.0,20.0,2.0,100.0,11.47
155.0,5.0,20.0,2.0,100.0,12.34
156.0,10.0,20.0,2.0,100.0,8.99
157.0,20.0,20.0,2.0,100.0,8.29
158.0,40.0,20.0,2.0,100.0,10.24
159.0,49.0,20.0,2.0,100.0,8.27
160.0,0.0,20.0,2.0,100.0,23.92
161.0,0.5,20.0,2.0,100.0,12.44
162.0,1.0,20.0,2.0,100.0,16.82
163.0,2.0,20.0,2.0,100.0,14.66
164.0,3.0,20.0,2.0,100.0,11.04
165.0,5.0,20.0,2.0,100.0,9.23
166.0,10.0,20.0,2.0,100.0,8.97
167.0,20.0,20.0,2.0,100.0,8.06
168.0,40.0,20.0,2.0,100.0,9.61
169.0,49.0,20.0,2.0,100.0,8.23
170.0,0.0,20.0,2.0,100.0,12.01
171.0,0.5,20.0,2.0,100.0,17.96
172.0,1.0,20.0,2.0,100.0,16.59
173.0,2.0,20.0,2.0,100.0,9.07
174.0,3.0,20.0,2.0,100.0,9.44
175.0,5.0,20.0,2.0,100.0,10.63
176.0,10.0,20.0,2.0,100.0,9.39
177.0,20.0,20.0,2.0,100.0,7.62
178.0,40.0,20.0,2.0,100.0,13.12
179.0,49.0,20.0,2.0,100.0,10.13
180.0,0.0,20.0,2.0,100.0,24.82
181.0,0.5,20.0,2.0,100.0,13.72
182.0,1.0,20.0,2.0,100.0,13.46
183.0,2.0,20.0,2.0,100.0,8.52
184.0,3.0,20.0,2.0,100.0,11.22
185.0,5.0,20.0,2.0,100.0,8.68
186.0,10.0,20.0,2.0,100.0,14.01
187.0,20.0,20.0,2.0,100.0,9.7
188.0,40.0,20.0,2.0,100.0,9.63
189.0,49.0,20.0,2.0,100.0,9.1
190.0,0.0,20.0,2.0,100.0,19.87
191.0,0.5,20.0,2.0,100.0,11.33
192.0,1.0,20.0,2.0,100.0,12.82
193.0,2.0,20.0,2.0,100.0,8.45
194.0,3.0,20.0,2.0,100.0,8.97
195.0,5.0,20.0,2.0,100.0,13.48
196.0,10.0,20.0,2.0,100.0,10.11
197.0,20.0,20.0,2.0,100.0,8.78
198.0,40.0,20.0,2.0,100.0,9.1
199.0,49.0,20.0,2.0,100.0,7.95
200.0,0.0,20.0,2.0,100.0,14.48
201.0,0.5,20.0,2.0,100.0,18.79
202.0,1.0,20.0,2.0,100.0,13.78
203.0,2.0,20.0,2.0,100.0,16.98
204.0,3.0,20.0,2.0,100.0,9.68
205.0,5.0,20.0,2.0,100.0,9.9
206.0,10.0,20.0,2.0,100.0,7.79
207.0,20.0,20.0,2.0,100.0,9.12
208.0,40.0,20.0,2.0,100.0,8.2
209.0,49.0,20.0,2.0,100.0,8.78
210.0,0.0,20.0,2.0,100.0,19.65
211.0,0.5,20.0,2.0,100.0,16.36
212.0,1.0,20.0,2.0,100.0,16.4
213.0,2.0,20.0,2.0,100.0,12.58
214.0,3.0,20.0,2.0,100.0,11.3
215.0,5.0,20.0,2.0,100.0,11.64
216.0,10.0,20.0,2.0,100.0,8.93
217.0,20.0,20.0,2.0,100.0,10.42
218.0,40.0,20.0,2.0,100.0,8.65
219.0,49.0,20.0,2.0,100.0,8.57
220.0,0.0,20.0,2.0,100.0,21.81
221.0,0.5,20.0,2.0,100.0,17.06
222.0,1.0,20.0,2.0,100.0,9.2
223.0,2.0,20.0,2.0,100.0,8.43
224.0,3.0,20.0,2.0,100.0,11.55
225.0,5.0,20.0,2.0,100.0,9.71
226.0,10.0,20.0,2.0,100.0,11.48
227.0,20.0,20.0,2.0,100.0,9.48
228.0,40.0,20.0,2.0,100.0,8.13
229.0,49.0,20.0,2.0,100.0,8.27
230.0,0.0,20.0,2.0,100.0,24.3
231.0,0.5,20.0,2.0,100.0,20.9
232.0,1.0,20.0,2.0,100.0,9.66
233.0,2.0,20.0,2.0,100.0,26.38
234.0,3.0,20.0,2.0,100.0,12.06
235.0,5.0,20.0,2.0,100.0,12.04
236.0,10.0,20.0,2.0,100.0,9.57
237.0,20.0,20.0,2.0,100.0,8.53
238.0,40.0,20.0,2.0,100.0,10.07
239.0,49.0,20.0,2.0,100.0,7.76
240.0,0.0,20.0,2.0,100.0,21.58
241.0,0.5,20.0,2.0,100.0,14.48
242.0,1.0,20.0,2.0,100.0,11.42
243.0,2.0,20.0,2.0,100.0,9.77
244.0,3.0,20.0,2.0,100.0,16.38
245.0,5.0,20.0,2.0,100.0,9.76
246.0,10.0,20.0,2.0,100.0,10.66
247.0,20.0,20.0,2.0,100.0,10.61
248.0,40.0,20.0,2.0,100.0,7.64
249.0,49.0,20.0,2.0,100.0,9.18
250.0,0.0,20.0,2.0,100.0,22.46
251.0,0.5,20.0,2.0,100.0,15.95
252.0,1.0,20.0,2.0,100.0,14.35
253.0,2.0,20.0,2.0,100.0,13.29
254.0,3.0,20.0,2.0,100.0,11.23
255.0,5.0,20.0,2.0,100.0,11.23
256.0,10.0,20.0,2.0,100.0,10.08
257.0,20.0,20.0,2.0,100.0,10.15
258.0,40.0,20.0,2.0,100.0,7.94
259.0,49.0,20.0,2.0,100.0,9.41
260.0,0.0,20.0,2.0,100.0,20.79
261.0,0.5,20.0,2.0,100.0,22.01
262.0,1.0,20.0,2.0,100.0,11.51
263.0,2.0,20.0,2.0,100.0,11.12
264.0,3.0,20.0,2.0,100.0,13.21
265.0,5.0,20.0,2.0,100.0,9.75
266.0,10.0,20.0,2.0,100.0,11.48
267.0,20.0,20.0,2.0,100.0,9.03
268.0,40.0,20.0,2.0,100.0,8.25
269.0,49.0,20.0,2.0,100.0,10.0
270.0,0.0,20.0,2.0,100.0,13.5
271.0,0.5,20.0,2.0,100.0,10.08
272.0,1.0,20.0,2.0,100.0,11.42
273.0,2.0,20.0,2.0,100.0,9.15
274.0,3.0,20.0,2.0,100.0,8.32
275.0,5.0,20.0,2.0,100.0,8.58
276.0,10.0,20.0,2.0,100.0,8.92
277.0,20.0,20.0,2.0,100.0,12.25
278.0,40.0,20.0,2.0,100.0,7.68
279.0,49.0,20.0,2.0,100.0,13.39
280.0,0.0,20.0,2.0,100.0,16.87
281.0,0.5,20.0,2.0,100.0,12.48
282.0,1.0,20.0,2.0,100.0,20.11
283.0,2.0,20.0,2.0,100.0,10.11
284.0,3.0,20.0,2.0,100.0,9.01
285.0,5.0,20.0,2.0,100.0,9.68
286.0,10.0,20.0,2.0,100.0,9.17
287.0,20.0,20.0,2.0,100.0,10.25
288.0,40.0,20.0,2.0,100.0,8.28
289.0,49.0,20.0,2.0,100.0,9.55
290.0,0.0,20.0,2.0,100.0,16.65
291.0,0.5,20.0,2.0,100.0,9.65
292.0,1.0,20.0,2.0,100.0,8.12
293.0,2.0,20.0,2.0,100.0,8.18
294.0,3.0,20.0,2.0,100.0,9.77
295.0,5.0,20.0,2.0,100.0,9.76
296.0,10.0,20.0,2.0,100.0,11.13
297.0,20.0,20.0,2.0,100.0,9.22
298.0,40.0,20.0,2.0,100.0,9.71
299.0,49.0,20.0,2.0,100.0,10.12
300.0,0.0,20.0,2.0,100.0,13.64
301.0,0.5,20.0,2.0,100.0,12.27
302.0,1.0,20.0,2.0,100.0,21.6
303.0,2.0,20.0,2.0,100.0,13.33
304.0,3.0,20.0,2.0,100.0,9.15
305.0,5.0,20.0,2.0,100.0,8.73
306.0,10.0,20.0,2.0,100.0,8.96
307.0,20.0,20.0,2.0,100.0,9.76
308.0,40.0,20.0,2.0,100.0,8.36
309.0,49.0,20.0,2.0,100.0,8.11
310.0,0.0,20.0,2.0,100.0,21.2
311.0,0.5,20.0,2.0,100.0,24.55
312.0,1.0,20.0,2.0,100.0,9.0
313.0,2.0,20.0,2.0,100.0,9.09
314.0,3.0,20.0,2.0,100.0,12.45
315.0,5.0,20.0,2.0,100.0,11.04
316.0,10.0,20.0,2.0,100.0,11.19
317.0,20.0,20.0,2.0,100.0,8.89
318.0,40.0,20.0,2.0,100.0,8.05
319.0,49.0,20.0,2.0,100.0,10.92
320.0,0.0,20.0,2.0,100.0,11.45
321.0,0.5,20.0,2.0,100.0,21.58
322.0,1.0,20.0,2.0,100.0,15.92
323.0,2.0,20.0,2.0,100.0,12.72
324.0,3.0,20.0,2.0,100.0,12.3
325.0,5.0,20.0,2.0,100.0,8.61
326.0,10.0,20.0,2.0,100.0,9.53
327.0,20.0,20.0,2.0,100.0,9.84
328.0,40.0,20.0,2.0,100.0,8.49
329.0,49.0,20.0,2.0,100.0,7.75
330.0,0.0,20.0,2.0,100.0,27.23
331.0,0.5,20.0,2.0,100.0,10.49
332.0,1.0,20.0,2.0,100.0,21.94
333.0,2.0,20.0,2.0,100.0,15.03
334.0,3.0,20.0,2.0,100.0,8.0
335.0,5.0,20.0,2.0,100.0,8.2
336.0,10.0,20.0,2.0,100.0,10.17
337.0,20.0,20.0,2.0,100.0,10.63
338.0,40.0,20.0,2.0,100.0,9.11
339.0,49.0,20.0,2.0,100.0,8.75
340.0,0.0,20.0,2.0,100.0,15.89
341.0,0.5,20.0,2.0,100.0,23.36
342.0,1.0,20.0,2.0,100.0,14.91
343.0,2.0,20.0,2.0,100.0,14.82
344.0,3.0,20.0,2.0,100.0,20.41
345.0,5.0,20.0,2.0,100.0,10.0
346.0,10.0,20.0,2.0,100.0,9.15
347.0,20.0,20.0,2.0,100.0,11.84
348.0,40.0,20.0,2.0,100.0,11.1
349.0,49.0,20.0,2.0,100.0,11.38
350.0,0.0,20.0,2.0,100.0,13.8
351.0,0.5,20.0,2.0,100.0,20.98
352.0,1.0,20.0,2.0,100.0,10.73
353.0,2.0,20.0,2.0,100.0,11.05
354.0,3.0,20.0,2.0,100.0,9.43
355.0,5.0,20.0,2.0,100.0,9.11
356.0,10.0,20.0,2.0,100.0,10.61
357.0,20.0,20.0,2.0,100.0,11.72
358.0,40.0,20.0,2.0,100.0,10.05
359.0,49.0,20.0,2.0,100.0,9.07
360.0,0.0,20.0,2.0,100.0,21.3
361.0,0.5,20.0,2.0,100.0,17.66
362.0,1.0,20.0,2.0,100.0,21.72
363.0,2.0,20.0,2.0,100.0,11.39
364.0,3.0,20.0,2.0,100.0,10.18
365.0,5.0,20.0,2.0,100.0,7.8
366.0,10.0,20.0,2.0,100.0,11.43
367.0,20.0,20.0,2.0,100.0,9.0
368.0,40.0,20.0,2.0,100.0,8.15
369.0,49.0,20.0,2.0,100.0,8.08
370.0,0.0,20.0,2.0,100.0,15.46
371.0,0.5,20.0,2.0,100.0,10.2
372.0,1.0,20.0,2.0,100.0,14.54
373.0,2.0,20.0,2.0,100.0,21.19
374.0,3.0,20.0,2.0,100.0,8.78
375.0,5.0,20.0,2.0,100.0,8.62
376.0,10.0,20.0,2.0,100.0,7.93
377.0,20.0,20.0,2.0,100.0,11.75
378.0,40.0,20.0,2.0,100.0,8.78
379.0,49.0,20.0,2.0,100.0,9.02
380.0,0.0,20.0,2.0,100.0,14.05
381.0,0.5,20.0,2.0,100.0,10.95
382.0,1.0,20.0,2.0,100.0,10.5
383.0,2.0,20.0,2.0,100.0,10.77
384.0,3.0,20.0,2.0,100.0,16.01
385.0,5.0,20.0,2.0,100.0,7.9
386.0,10.0,20.0,2.0,100.0,7.65
387.0,20.0,20.0,2.0,100.0,8.38
388.0,40.0,20.0,2.0,100.0,13.97
389.0,49.0,20.0,2.0,100.0,9.12
390.0,0.0,20.0,2.0,100.0,23.94
391.0,0.5,20.0,2.0,100.0,11.64
392.0,1.0,20.0,2.0,100.0,13.17
393.0,2.0,20.0,2.0,100.0,17.02
394.0,3.0,20.0,2.0,100.0,13.05
395.0,5.0,20.0,2.0,100.0,13.92
396.0,10.0,20.0,2.0,100.0,11.38
397.0,20.0,20.0,2.0,100.0,8.58
398.0,40.0,20.0,2.0,100.0,10.08
399.0,49.0,20.0,2.0,100.0,10.14
400.0,0.0,20.0,2.0,100.0,11.82
401.0,0.5,20.0,2.0,100.0,15.36
402.0,1.0,20.0,2.0,100.0,8.76
403.0,2.0,20.0,2.0,100.0,9.48
404.0,3.0,20.0,2.0,100.0,12.05
405.0,5.0,20.0,2.0,100.0,11.75
406.0,10.0,20.0,2.0,100.0,9.33
407.0,20.0,20.0,2.0,100.0,9.21
408.0,40.0,20.0,2.0,100.0,10.09
409.0,49.0,20.0,2.0,100.0,7.74
410.0,0.0,20.0,2.0,100.0,22.93
411.0,0.5,20.0,2.0,100.0,16.41
412.0,1.0,20.0,2.0,100.0,9.58
413.0,2.0,20.0,2.0,100.0,10.49
414.0,3.0,20.0,2.0,100.0,11.48
415.0,5.0,20.0,2.0,100.0,10.4
416.0,10.0,20.0,2.0,100.0,10.48
417.0,20.0,20.0,2.0,100.0,11.53
418.0,40.0,20.0,2.0,100.0,9.74
419.0,49.0,20.0,2.0,100.0,8.17
420.0,0.0,20.0,2.0,100.0,22.13
421.0,0.5,20.0,2.0,100.0,24.2
422.0,1.0,20.0,2.0,100.0,15.15
423.0,2.0,20.0,2.0,100.0,14.64
424.0,3.0,20.0,2.0,100.0,15.25
425.0,5.0,20.0,2.0,100.0,9.28
426.0,10.0,20.0,2.0,100.0,10.2
427.0,20.0,20.0,2.0,100.0,10.47
428.0,40.0,20.0,2.0,100.0,8.68
429.0,49.0,20.0,2.0,100.0,10.65
430.0,0.0,20.0,2.0,100.0,23.56
431.0,0.5,20.0,2.0,100.0,20.58
432.0,1.0,20.0,2.0,100.0,9.13
433.0,2.0,20.0,2.0,100.0,14.38
434.0,3.0,20.0,2.0,100.0,11.72
435.0,5.0,20.0,2.0,100.0,13.6
436.0,10.0,20.0,2.0,100.0,8.41
437.0,20.0,20.0,2.0,100.0,8.45
438.0,40.0,20.0,2.0,100.0,9.11
439.0,49.0,20.0,2.0,100.0,10.27
440.0,0.0,20.0,2.0,100.0,23.2
441.0,0.5,20.0,2.0,100.0,14.87
442.0,1.0,20.0,2.0,100.0,19.77
443.0,2.0,20.0,2.0,100.0,9.78
444.0,3.0,20.0,2.0,100.0,12.85
445.0,5.0,20.0,2.0,100.0,11.47
446.0,10.0,20.0,2.0,100.0,9.68
447.0,20.0,20.0,2.0,100.0,9.96
448.0,40.0,20.0,2.0,100.0,9.26
449.0,49.0,20.0,2.0,100.0,10.66
450.0,0.0,20.0,2.0,100.0,21.82
451.0,0.5,20.0,2.0,100.0,12.32
452.0,1.0,20.0,2.0,100.0,11.04
453.0,2.0,20.0,2.0,100.0,11.9
454.0,3.0,20.0,2.0,100.0,10.89
455.0,5.0,20.0,2.0,100.0,8.96
456.0,10.0,20.0,2.0,100.0,10.91
457.0,20.0,20.0,2.0,100.0,10.83
458.0,40.0,20.0,2.0,100.0,7.82
459.0,49.0,20.0,2.0,100.0,8.17
460.0,0.0,20.0,2.0,100.0,26.87
461.0,0.5,20.0,2.0,100.0,8.42
462.0,1.0,20.0,2.0,100.0,13.97
463.0,2.0,20.0,2.0,100.0,13.1
464.0,3.0,20.0,2.0,100.0,11.88
465.0,5.0,20.0,2.0,100.0,11.08
466.0,10.0,20.0,2.0,100.0,8.07
467.0,20.0,20.0,2.0,100.0,9.53
468.0,40.0,20.0,2.0,100.0,9.2
469.0,49.0,20.0,2.0,100.0,8.86
470.0,0.0,20.0,2.0,100.0,9.98
471.0,0.5,20.0,2.0,100.0,13.26
472.0,1.0,20.0,2.0,100.0,11.72
473.0,2.0,20.0,2.0,100.0,9.6
474.0,3.0,20.0,2.0,100.0,11.75
475.0,5.0,20.0,2.0,100.0,11.83
476.0,10.0,20.0,2.0,100.0,9.72
477.0,20.0,20.0,2.0,100.0,8.56
478.0,40.0,20.0,2.0,100.0,11.14
479.0,49.0,20.0,2.0,100.0,8.99
480.0,0.0,20.0,2.0,100.0,15.4
481.0,0.5,20.0,2.0,100.0,22.45
482.0,1.0,20.0,2.0,100.0,22.8
483.0,2.0,20.0,2.0,100.0,9.63
484.0,3.0,20.0,2.0,100.0,8.75
485.0,5.0,20.0,2.0,100.0,12.09
486.0,10.0,20.0,2.0,100.0,9.58
487.0,20.0,20.0,2.0,100.0,8.09
488.0,40.0,20.0,2.0,100.0,7.84
489.0,49.0,20.0,2.0,100.0,9.46
490.0,0.0,20.0,2.0,100.0,13.44
491.0,0.5,20.0,2.0,100.0,13.86
492.0,1.0,20.0,2.0,100.0,20.49
493.0,2.0,20.0,2.0,100.0,15.99
494.0,3.0,20.0,2.0,100.0,13.68
495.0,5.0,20.0,2.0,100.0,9.06
496.0,10.0,20.0,2.0,100.0,9.52
497.0,20.0,20.0,2.0,100.0,9.53
498.0,40.0,20.0,2.0,100.0,8.41
499.0,49.0,20.0,2.0,100.0,9.21
500.0,0.0,20.0,2.0,100.0,17.71
501.0,0.5,20.0,2.0,100.0,8.3
502.0,1.0,20.0,2.0,100.0,18.81
503.0,2.0,20.0,2.0,100.0,9.09
504.0,3.0,20.0,2.0,100.0,12.44
505.0,5.0,20.0,2.0,100.0,14.03
506.0,10.0,20.0,2.0,100.0,8.58
507.0,20.0,20.0,2.0,100.0,10.67
508.0,40.0,20.0,2.0,100.0,7.86
509.0,49.0,20.0,2.0,100.0,10.18
510.0,0.0,20.0,2.0,100.0,11.4
511.0,0.5,20.0,2.0,100.0,14.07
512.0,1.0,20.0,2.0,100.0,9.98
513.0,2.0,20.0,2.0,100.0,14.37
514.0,3.0,20.0,2.0,100.0,12.33
515.0,5.0,20.0,2.0,100.0,12.25
516.0,10.0,20.0,2.0,100.0,8.57
517.0,20.0,20.0,2.0,100.0,9.51
518.0,40.0,20.0,2.0,100.0,9.22
519.0,49.0,20.0,2.0,100.0,10.19
520.0,0.0,20.0,2.0,100.0,28.11
521.0,0.5,20.0,2.0,100.0,16.88
522.0,1.0,20.0,2.0,100.0,9.07
523.0,2.0,20.0,2.0,100.0,11.57
524.0,3.0,20.0,2.0,100.0,13.83
525.0,5.0,20.0,2.0,100.0,11.58
526.0,10.0,20.0,2.0,100.0,10.8
527.0,20.0,20.0,2.0,100.0,8.89
528.0,40.0,20.0,2.0,100.0,18.16
529.0,49.0,20.0,2.0,100.0,8.26
530.0,0.0,20.0,2.0,100.0,15.46
531.0,0.5,20.0,2.0,100.0,13.84
532.0,1.0,20.0,2.0,100.0,13.09
533.0,2.0,20.0,2.0,100.0,12.17
534.0,3.0,20.0,2.0,100.0,11.86
535.0,5.0,20.0,2.0,100.0,9.7
536.0,10.0,20.0,2.0,100.0,8.37
537.0,20.0,20.0,2.0,100.0,10.22
538.0,40.0,20.0,2.0,100.0,9.02
539.0,49.0,20.0,2.0,100.0,10.56
540.0,0.0,20.0,2.0,100.0,20.88
541.0,0.5,20.0,2.0,100.0,12.06
542.0,1.0,20.0,2.0,100.0,11.04
543.0,2.0,20.0,2.0,100.0,9.93
544.0,3.0,20.0,2.0,100.0,9.35
545.0,5.0,20.0,2.0,100.0,8.31
546.0,10.0,20.0,2.0,100.0,12.04
547.0,20.0,20.0,2.0,100.0,8.54
548.0,40.0,20.0,2.0,100.0,8.12
549.0,49.0,20.0,2.0,100.0,8.18
550.0,0.0,20.0,2.0,100.0,22.65
551.0,0.5,20.0,2.0,100.0,13.47
552.0,1.0,20.0,2.0,100.0,13.28
553.0,2.0,20.0,2.0,100.0,11.63
554.0,3.0,20.0,2.0,100.0,13.22
555.0,5.0,20.0,2.0,100.0,10.22
556.0,10.0,20.0,2.0,100.0,10.31
557.0,20.0,20.0,2.0,100.0,9.94
558.0,40.0,20.0,2.0,100.0,9.39
559.0,49.0,20.0,2.0,100.0,7.5
560.0,0.0,20.0,2.0,100.0,14.06
561.0,0.5,20.0,2.0,100.0,14.0
562.0,1.0,20.0,2.0,100.0,10.12
563.0,2.0,20.0,2.0,100.0,13.54
564.0,3.0,20.0,2.0,100.0,11.93
565.0,5.0,20.0,2.0,100.0,12.53
566.0,10.0,20.0,2.0,100.0,9.3
567.0,20.0,20.0,2.0,100.0,7.99
568.0,40.0,20.0,2.0,100.0,9.43
569.0,49.0,20.0,2.0,100.0,8.48
570.0,0.0,20.0,2.0,100.0,23.25
571.0,0.5,20.0,2.0,100.0,22.28
572.0,1.0,20.0,2.0,100.0,14.33
573.0,2.0,20.0,2.0,100.0,14.6
574.0,3.0,20.0,2.0,100.0,9.08
575.0,5.0,20.0,2.0,100.0,11.57
576.0,10.0,20.0,2.0,100.0,11.51
577.0,20.0,20.0,2.0,100.0,9.32
578.0,40.0,20.0,2.0,100.0,11.28
579.0,49.0,20.0,2.0,100.0,8.83
580.0,0.0,20.0,2.0,100.0,22.9
581.0,0.5,20.0,2.0,100.0,12.75
582.0,1.0,20.0,2.0,100.0,14.68
583.0,2.0,20.0,2.0,100.0,15.26
584.0,3.0,20.0,2.0,100.0,12.48
585.0,5.0,20.0,2.0,100.0,10.78
586.0,10.0,20.0,2.0,100.0,9.21
587.0,20.0,20.0,2.0,100.0,10.08
588.0,40.0,20.0,2.0,100.0,9.29
589.0,49.0,20.0,2.0,100.0,9.94
590.0,0.0,20.0,2.0,100.0,12.64
591.0,0.5,20.0,2.0,100.0,21.04
592.0,1.0,20.0,2.0,100.0,9.92
593.0,2.0,20.0,2.0,100.0,9.81
594.0,3.0,20.0,2.0,100.0,11.51
595.0,5.0,20.0,2.0,100.0,11.24
596.0,10.0,20.0,2.0,100.0,8.11
597.0,20.0,20.0,2.0,100.0,8.8
598.0,40.0,20.0,2.0,100.0,8.09
599.0,49.0,20.0,2.0,100.0,8.78
600.0,0.0,20.0,2.0,100.0,20.32
601.0,0.5,20.0,2.0,100.0,19.46
602.0,1.0,20.0,2.0,100.0,11.27
603.0,2.0,20.0,2.0,100.0,10.61
604.0,3.0,20.0,2.0,100.0,9.93
605.0,5.0,20.0,2.0,100.0,9.52
606.0,10.0,20.0,2.0,100.0,7.8
607.0,20.0,20.0,2.0,100.0,9.75
608.0,40.0,20.0,2.0,100.0,8.54
609.0,49.0,20.0,2.0,100.0,8.55
610.0,0.0,20.0,2.0,100.0,21.79
611.0,0.5,20.0,2.0,100.0,9.97
612.0,1.0,20.0,2.0,100.0,12.74
613.0,2.0,20.0,2.0,100.0,9.98
614.0,3.0,20.0,2.0,100.0,8.96
615.0,5.0,20.0,2.0,100.0,10.29
616.0,10.0,20.0,2.0,100.0,9.05
617.0,20.0,20.0,2.0,100.0,8.83
618.0,40.0,20.0,2.0,100.0,7.85
619.0,49.0,20.0,2.0,100.0,12.66
620.0,0.0,20.0,2.0,100.0,11.61
621.0,0.5,20.0,2.0,100.0,23.0
622.0,1.0,20.0,2.0,100.0,11.29
623.0,2.0,20.0,2.0,100.0,8.56
624.0,3.0,20.0,2.0,100.0,10.93
625.0,5.0,20.0,2.0,100.0,10.71
626.0,10.0,20.0,2.0,100.0,9.9
627.0,20.0,20.0,2.0,100.0,8.1
628.0,40.0,20.0,2.0,100.0,8.61
629.0,49.0,20.0,2.0,100.0,9.14
630.0,0.0,20.0,2.0,100.0,17.05
631.0,0.5,20.0,2.0,100.0,16.33
632.0,1.0,20.0,2.0,100.0,12.61
633.0,2.0,20.0,2.0,100.0,14.12
634.0,3.0,20.0,2.0,100.0,15.33
635.0,5.0,20.0,2.0,100.0,10.09
636.0,10.0,20.0,2.0,100.0,8.04
637.0,20.0,20.0,2.0,100.0,11.22
638.0,40.0,20.0,2.0,100.0,12.38
639.0,49.0,20.0,2.0,100.0,8.79
640.0,0.0,20.0,2.0,100.0,20.55
641.0,0.5,20.0,2.0,100.0,13.36
642.0,1.0,20.0,2.0,100.0,12.08
643.0,2.0,20.0,2.0,100.0,15.27
644.0,3.0,20.0,2.0,100.0,11.52
645.0,5.0,20.0,2.0,100.0,10.35
646.0,10.0,20.0,2.0,100.0,8.58
647.0,20.0,20.0,2.0,100.0,8.32
648.0,40.0,20.0,2.0,100.0,8.04
649.0,49.0,20.0,2.0,100.0,9.18
650.0,0.0,20.0,2.0,100.0,10.26
651.0,0.5,20.0,2.0,100.0,19.38
652.0,1.0,20.0,2.0,100.0,14.25
653.0,2.0,20.0,2.0,100.0,9.99
654.0,3.0,20.0,2.0,100.0,11.15
655.0,5.0,20.0,2.0,100.0,11.82
656.0,10.0,20.0,2.0,100.0,8.41
657.0,20.0,20.0,2.0,100.0,8.95
658.0,40.0,20.0,2.0,100.0,8.75
659.0,49.0,20.0,2.0,100.0,8.8
660.0,0.0,20.0,2.0,100.0,22.83
661.0,0.5,20.0,2.0,100.0,22.35
662.0,1.0,20.0,2.0,100.0,11.03
663.0,2.0,20.0,2.0,100.0,12.76
664.0,3.0,20.0,2.0,100.0,12.19
665.0,5.0,20.0,2.0,100.0,10.74
666.0,10.0,20.0,2.0,100.0,9.18
667.0,20.0,20.0,2.0,100.0,10.61
668.0,40.0,20.0,2.0,100.0,9.29
669.0,49.0,20.0,2.0,100.0,11.08
670.0,0.0,20.0,2.0,100.0,13.83
671.0,0.5,20.0,2.0,100.0,17.88
672.0,1.0,20.0,2.0,100.0,8.84
673.0,2.0,20.0,2.0,100.0,13.89
674.0,3.0,20.0,2.0,100.0,11.2
675.0,5.0,20.0,2.0,100.0,8.91
676.0,10.0,20.0,2.0,100.0,8.73
677.0,20.0,20.0,2.0,100.0,10.15
678.0,40.0,20.0,2.0,100.0,10.93
679.0,49.0,20.0,2.0,100.0,10.16
680.0,0.0,20.0,2.0,100.0,14.09
681.0,0.5,20.0,2.0,100.0,14.13
682.0,1.0,20.0,2.0,100.0,16.2
683.0,2.0,20.0,2.0,100.0,9.97
684.0,3.0,20.0,2.0,100.0,9.55
685.0,5.0,20.0,2.0,100.0,9.63
686.0,10.0,20.0,2.0,100.0,10.06
687.0,20.0,20.0,2.0,100.0,8.41
688.0,40.0,20.0,2.0,100.0,9.93
689.0,49.0,20.0,2.0,100.0,11.13
690.0,0.0,20.0,2.0,100.0,18.13
691.0,0.5,20.0,2.0,100.0,8.69
692.0,1.0,20.0,2.0,100.0,9.45
693.0,2.0,20.0,2.0,100.0,12.29
694.0,3.0,20.0,2.0,100.0,12.31
695.0,5.0,20.0,2.0,100.0,8.12
696.0,10.0,20.0,2.0,100.0,7.78
697.0,20.0,20.0,2.0,100.0,10.73
698.0,40.0,20.0,2.0,100.0,8.07
699.0,49.0,20.0,2.0,100.0,7.9
700.0,0.0,20.0,2.0,100.0,23.7
701.0,0.5,20.0,2.0,100.0,25.86
702.0,1.0,20.0,2.0,100.0,16.28
703.0,2.0,20.0,2.0,100.0,10.16
704.0,3.0,20.0,2.0,100.0,15.47
705.0,5.0,20.0,2.0,100.0,8.56
706.0,10.0,20.0,2.0,100.0,8.72
707.0,20.0,20.0,2.0,100.0,8.44
708.0,40.0,20.0,2.0,100.0,8.69
709.0,49.0,20.0,2.0,100.0,7.44
710.0,0.0,20.0,2.0,100.0,13.51
711.0,0.5,20.0,2.0,100.0,13.87
712.0,1.0,20.0,2.0,100.0,20.08
713.0,2.0,20.0,2.0,100.0,9.97
714.0,3.0,20.0,2.0,100.0,14.31
715.0,5.0,20.0,2.0,100.0,11.63
716.0,10.0,20.0,2.0,100.0,9.08
717.0,20.0,20.0,2.0,100.0,9.9
718.0,40.0,20.0,2.0,100.0,8.61
719.0,49.0,20.0,2.0,100.0,8.08
720.0,0.0,20.0,2.0,100.0,22.32
721.0,0.5,20.0,2.0,100.0,8.91
722.0,1.0,20.0,2.0,100.0,15.21
723.0,2.0,20.0,2.0,100.0,10.87
724.0,3.0,20.0,2.0,100.0,11.22
725.0,5.0,20.0,2.0,100.0,7.76
726.0,10.0,20.0,2.0,100.0,9.27
727.0,20.0,20.0,2.0,100.0,8.9
728.0,40.0,20.0,2.0,100.0,8.45
729.0,49.0,20.0,2.0,100.0,10.21
730.0,0.0,20.0,2.0,100.0,10.13
731.0,0.5,20.0,2.0,100.0,17.15
732.0,1.0,20.0,2.0,100.0,16.89
733.0,2.0,20.0,2.0,100.0,21.55
734.0,3.0,20.0,2.0,100.0,12.27
735.0,5.0,20.0,2.0,100.0,12.17
736.0,10.0,20.0,2.0,100.0,8.01
737.0,20.0,20.0,2.0,100.0,8.59
738.0,40.0,20.0,2.0,100.0,10.08
739.0,49.0,20.0,2.0,100.0,13.26
740.0,0.0,20.0,2.0,100.0,13.51
741.0,0.5,20.0,2.0,100.0,9.52
742.0,1.0,20.0,2.0,100.0,13.97
743.0,2.0,20.0,2.0,100.0,10.41
744.0,3.0,20.0,2.0,100.0,10.26
745.0,5.0,20.0,2.0,100.0,9.09
746.0,10.0,20.0,2.0,100.0,8.29
747.0,20.0,20.0,2.0,100.0,9.59
748.0,40.0,20.0,2.0,100.0,9.64
749.0,49.0,20.0,2.0,100.0,8.79
750.0,0.0,20.0,2.0,100.0,20.99
751.0,0.5,20.0,2.0,100.0,21.52
752.0,1.0,20.0,2.0,100.0,10.62
753.0,2.0,20.0,2.0,100.0,12.4
754.0,3.0,20.0,2.0,100.0,10.84
755.0,5.0,20.0,2.0,100.0,8.89
756.0,10.0,20.0,2.0,100.0,8.15
757.0,20.0,20.0,2.0,100.0,8.43
758.0,40.0,20.0,2.0,100.0,7.74
759.0,49.0,20.0,2.0,100.0,10.18
760.0,0.0,20.0,2.0,100.0,23.62
761.0,0.5,20.0,2.0,100.0,14.35
762.0,1.0,20.0,2.0,100.0,9.87
763.0,2.0,20.0,2.0,100.0,14.88
764.0,3.0,20.0,2.0,100.0,9.69
765.0,5.0,20.0,2.0,100.0,9.28
766.0,10.0,20.0,2.0,100.0,8.83
767.0,20.0,20.0,2.0,100.0,7.99
768.0,40.0,20.0,2.0,100.0,9.28
769.0,49.0,20.0,2.0,100.0,8.62
770.0,0.0,20.0,2.0,100.0,14.37
771.0,0.5,20.0,2.0,100.0,12.35
772.0,1.0,20.0,2.0,100.0,13.59
773.0,2.0,20.0,2.0,100.0,9.15
774.0,3.0,20.0,2.0,100.0,11.18
775.0,5.0,20.0,2.0,100.0,12.95
776.0,10.0,20.0,2.0,100.0,9.79
777.0,20.0,20.0,2.0,100.0,10.09
778.0,40.0,20.0,2.0,100.0,9.7
779.0,49.0,20.0,2.0,100.0,10.82
780.0,0.0,20.0,2.0,100.0,14.65
781.0,0.5,20.0,2.0,100.0,12.81
782.0,1.0,20.0,2.0,100.0,20.21
783.0,2.0,20.0,2.0,100.0,13.51
784.0,3.0,20.0,2.0,100.0,13.27
785.0,5.0,20.0,2.0,100.0,10.43
786.0,10.0,20.0,2.0,100.0,10.09
787.0,20.0,20.0,2.0,100.0,9.44
788.0,40.0,20.0,2.0,100.0,8.13
789.0,49.0,20.0,2.0,100.0,9.35
790.0,0.0,20.0,2.0,100.0,18.3
791.0,0.5,20.0,2.0,100.0,22.4
792.0,1.0,20.0,2.0,100.0,10.59
793.0,2.0,20.0,2.0,100.0,8.52
794.0,3.0,20.0,2.0,100.0,10.29
795.0,5.0,20.0,2.0,100.0,9.76
796.0,10.0,20.0,2.0,100.0,13.71
797.0,20.0,20.0,2.0,100.0,7.9
798.0,40.0,20.0,2.0,100.0,10.6
799.0,49.0,20.0,2.0,100.0,8.4
800.0,0.0,20.0,2.0,100.0,16.94
801.0,0.5,20.0,2.0,100.0,16.31
802.0,1.0,20.0,2.0,100.0,14.77
803.0,2.0,20.0,2.0,100.0,22.69
804.0,3.0,20.0,2.0,100.0,8.67
805.0,5.0,20.0,2.0,100.0,10.95
806.0,10.0,20.0,2.0,100.0,8.68
807.0,20.0,20.0,2.0,100.0,9.25
808.0,40.0,20.0,2.0,100.0,9.66
809.0,49.0,20.0,2.0,100.0,11.39
810.0,0.0,20.0,2.0,100.0,24.61
811.0,0.5,20.0,2.0,100.0,22.38
812.0,1.0,20.0,2.0,100.0,18.57
813.0,2.0,20.0,2.0,100.0,14.21
814.0,3.0,20.0,2.0,100.0,11.84
815.0,5.0,20.0,2.0,100.0,12.25
816.0,10.0,20.0,2.0,100.0,11.18
817.0,20.0,20.0,2.0,100.0,11.02
818.0,40.0,20.0,2.0,100.0,10.94
819.0,49.0,20.0,2.0,100.0,8.45
820.0,0.0,20.0,2.0,100.0,24.33
821.0,0.5,20.0,2.0,100.0,23.9
822.0,1.0,20.0,2.0,100.0,13.4
823.0,2.0,20.0,2.0,100.0,20.39
824.0,3.0,20.0,2.0,100.0,12.11
825.0,5.0,20.0,2.0,100.0,8.32
826.0,10.0,20.0,2.0,100.0,8.38
827.0,20.0,20.0,2.0,100.0,9.96
828.0,40.0,20.0,2.0,100.0,9.62
829.0,49.0,20.0,2.0,100.0,11.81
830.0,0.0,20.0,2.0,100.0,22.22
831.0,0.5,20.0,2.0,100.0,20.44
832.0,1.0,20.0,2.0,100.0,14.8
833.0,2.0,20.0,2.0,100.0,10.77
834.0,3.0,20.0,2.0,100.0,13.6
835.0,5.0,20.0,2.0,100.0,10.31
836.0,10.0,20.0,2.0,100.0,9.59
837.0,20.0,20.0,2.0,100.0,10.29
838.0,40.0,20.0,2.0,100.0,7.92
839.0,49.0,20.0,2.0,100.0,10.45
840.0,0.0,20.0,2.0,100.0,24.31
841.0,0.5,20.0,2.0,100.0,14.74
842.0,1.0,20.0,2.0,100.0,19.98
843.0,2.0,20.0,2.0,100.0,9.57
844.0,3.0,20.0,2.0,100.0,9.32
845.0,5.0,20.0,2.0,100.0,10.34
846.0,10.0,20.0,2.0,100.0,9.14
847.0,20.0,20.0,2.0,100.0,8.68
848.0,40.0,20.0,2.0,100.0,7.68
849.0,49.0,20.0,2.0,100.0,8.19
850.0,0.0,20.0,2.0,100.0,27.67
851.0,0.5,20.0,2.0,100.0,11.42
852.0,1.0,20.0,2.0,100.0,10.98
853.0,2.0,20.0,2.0,100.0,15.18
854.0,3.0,20.0,2.0,100.0,8.65
855.0,5.0,20.0,2.0,100.0,14.18
856.0,10.0,20.0,2.0,100.0,14.21
857.0,20.0,20.0,2.0,100.0,9.74
858.0,40.0,20.0,2.0,100.0,12.71
859.0,49.0,20.0,2.0,100.0,9.87
860.0,0.0,20.0,2.0,100.0,16.11
861.0,0.5,20.0,2.0,100.0,13.52
862.0,1.0,20.0,2.0,100.0,9.81
863.0,2.0,20.0,2.0,100.0,13.08
864.0,3.0,20.0,2.0,100.0,11.72
865.0,5.0,20.0,2.0,100.0,19.16
866.0,10.0,20.0,2.0,100.0,8.26
867.0,20.0,20.0,2.0,100.0,9.64
868.0,40.0,20.0,2.0,100.0,12.36
869.0,49.0,20.0,2.0,100.0,11.63
870.0,0.0,20.0,2.0,100.0,9.2
871.0,0.5,20.0,2.0,100.0,13.09
872.0,1.0,20.0,2.0,100.0,15.73
873.0,2.0,20.0,2.0,100.0,24.17
874.0,3.0,20.0,2.0,100.0,14.67
875.0,5.0,20.0,2.0,100.0,8.5
876.0,10.0,20.0,2.0,100.0,7.58
877.0,20.0,20.0,2.0,100.0,10.67
878.0,40.0,20.0,2.0,100.0,10.03
879.0,49.0,20.0,2.0,100.0,8.14
880.0,0.0,20.0,2.0,100.0,21.94
881.0,0.5,20.0,2.0,100.0,14.53
882.0,1.0,20.0,2.0,100.0,14.47
883.0,2.0,20.0,2.0,100.0,14.31
884.0,3.0,20.0,2.0,100.0,11.27
885.0,5.0,20.0,2.0,100.0,11.5
886.0,10.0,20.0,2.0,100.0,8.33
887.0,20.0,20.0,2.0,100.0,9.22
888.0,40.0,20.0,2.0,100.0,11.0
889.0,49.0,20.0,2.0,100.0,8.45
890.0,0.0,20.0,2.0,100.0,10.9
891.0,0.5,20.0,2.0,100.0,10.44
892.0,1.0,20.0,2.0,100.0,17.79
893.0,2.0,20.0,2.0,100.0,8.75
894.0,3.0,20.0,2.0,100.0,9.15
895.0,5.0,20.0,2.0,100.0,10.55
896.0,10.0,20.0,2.0,100.0,9.85
897.0,20.0,20.0,2.0,100.0,9.51
898.0,40.0,20.0,2.0,100.0,8.22
899.0,49.0,20.0,2.0,100.0,8.9
900.0,0.0,20.0,2.0,100.0,26.32
901.0,0.5,20.0,2.0,100.0,17.37
902.0,1.0,20.0,2.0,100.0,16.17
903.0,2.0,20.0,2.0,100.0,13.64
904.0,3.0,20.0,2.0,100.0,12.54
905.0,5.0,20.0,2.0,100.0,11.13
906.0,10.0,20.0,2.0,100.0,9.35
907.0,20.0,20.0,2.0,100.0,10.17
908.0,40.0,20.0,2.0,100.0,8.18
909.0,49.0,20.0,2.0,100.0,7.79
910.0,0.0,20.0,2.0,100.0,12.97
911.0,0.5,20.0,2.0,100.0,10.15
912.0,1.0,20.0,2.0,100.0,14.21
913.0,2.0,20.0,2.0,100.0,10.5
914.0,3.0,20.0,2.0,100.0,10.07
915.0,5.0,20.0,2.0,100.0,10.49
916.0,10.0,20.0,2.0,100.0,8.96
917.0,20.0,20.0,2.0,100.0,8.97
918.0,40.0,20.0,2.0,100.0,8.96
919.0,49.0,20.0,2.0,100.0,10.23
920.0,0.0,20.0,2.0,100.0,23.09
921.0,0.5,20.0,2.0,100.0,10.7
922.0,1.0,20.0,2.0,100.0,12.54
923.0,2.0,20.0,2.0,100.0,21.36
924.0,3.0,20.0,2.0,100.0,9.53
925.0,5.0,20.0,2.0,100.0,9.21
926.0,10.0,20.0,2.0,100.0,10.96
927.0,20.0,20.0,2.0,100.0,10.68
928.0,40.0,20.0,2.0,100.0,7.75
929.0,49.0,20.0,2.0,100.0,7.67
930.0,0.0,20.0,2.0,100.0,15.62
931.0,0.5,20.0,2.0,100.0,21.76
932.0,1.0,20.0,2.0,100.0,14.41
933.0,2.0,20.0,2.0,100.0,10.31
934.0,3.0,20.0,2.0,100.0,11.58
935.0,5.0,20.0,2.0,100.0,9.88
936.0,10.0,20.0,2.0,100.0,8.7
937.0,20.0,20.0,2.0,100.0,8.43
938.0,40.0,20.0,2.0,100.0,9.13
939.0,49.0,20.0,2.0,100.0,9.17
940.0,0.0,20.0,2.0,100.0,17.58
941.0,0.5,20.0,2.0,100.0,17.87
942.0,1.0,20.0,2.0,100.0,14.52
943.0,2.0,20.0,2.0,100.0,9.66
944.0,3.0,20.0,2.0,100.0,10.16
945.0,5.0,20.0,2.0,100.0,13.83
946.0,10.0,20.0,2.0,100.0,8.9
947.0,20.0,20.0,2.0,100.0,10.68
948.0,40.0,20.0,2.0,100.0,9.25
949.0,49.0,20.0,2.0,100.0,8.42
950.0,0.0,20.0,2.0,100.0,21.05
951.0,0.5,20.0,2.0,100.0,20.81
952.0,1.0,20.0,2.0,100.0,15.75
953.0,2.0,20.0,2.0,100.0,8.43
954.0,3.0,20.0,2.0,100.0,10.43
955.0,5.0,20.0,2.0,100.0,11.53
956.0,10.0,20.0,2.0,100.0,8.93
957.0,20.0,20.0,2.0,100.0,10.16
958.0,40.0,20.0,2.0,100.0,8.54
959.0,49.0,20.0,2.0,100.0,11.2
960.0,0.0,20.0,2.0,100.0,16.86
961.0,0.5,20.0,2.0,100.0,23.71
962.0,1.0,20.0,2.0,100.0,13.19
963.0,2.0,20.0,2.0,100.0,9.96
964.0,3.0,20.0,2.0,100.0,11.25
965.0,5.0,20.0,2.0,100.0,12.96
966.0,10.0,20.0,2.0,100.0,9.06
967.0,20.0,20.0,2.0,100.0,9.14
968.0,40.0,20.0,2.0,100.0,9.27
969.0,49.0,20.0,2.0,100.0,9.18
970.0,0.0,20.0,2.0,100.0,17.6
971.0,0.5,20.0,2.0,100.0,14.21
972.0,1.0,20.0,2.0,100.0,15.19
973.0,2.0,20.0,2.0,100.0,11.94
974.0,3.0,20.0,2.0,100.0,15.84
975.0,5.0,20.0,2.0,100.0,12.27
976.0,10.0,20.0,2.0,100.0,8.15
977.0,20.0,20.0,2.0,100.0,8.55
978.0,40.0,20.0,2.0,100.0,8.51
979.0,49.0,20.0,2.0,100.0,9.94
980.0,0.0,20.0,2.0,100.0,19.33
981.0,0.5,20.0,2.0,100.0,19.57
982.0,1.0,20.0,2.0,100.0,13.94
983.0,2.0,20.0,2.0,100.0,9.42
984.0,3.0,20.0,2.0,100.0,16.56
985.0,5.0,20.0,2.0,100.0,11.69
986.0,10.0,20.0,2.0,100.0,9.35
987.0,20.0,20.0,2.0,100.0,8.33
988.0,40.0,20.0,2.0,100.0,7.88
989.0,49.0,20.0,2.0,100.0,12.17
990.0,0.0,20.0,2.0,100.0,24.53
991.0,0.5,20.0,2.0,100.0,13.78
992.0,1.0,20.0,2.0,100.0,9.76
993.0,2.0,20.0,2.0,100.0,12.65
994.0,3.0,20.0,2.0,100.0,11.47
995.0,5.0,20.0,2.0,100.0,9.62
996.0,10.0,20.0,2.0,100.0,11.54
997.0,20.0,20.0,2.0,100.0,7.47
998.0,40.0,20.0,2.0,100.0,9.43
999.0,49.0,20.0,2.0,100.0,8.5
1000.0,0.0,20.0,2.0,100.0,11.46
1001.0,0.5,20.0,2.0,100.0,22.15
1002.0,1.0,20.0,2.0,100.0,13.63
1003.0,2.0,20.0,2.0,100.0,14.14
1004.0,3.0,20.0,2.0,100.0,15.81
1005.0,5.0,20.0,2.0,100.0,8.95
1006.0,10.0,20.0,2.0,100.0,10.58
1007.0,20.0,20.0,2.0,100.0,8.71
1008.0,40.0,20.0,2.0,100.0,7.95
1009.0,49.0,20.0,2.0,100.0,7.86
1010.0,0.0,20.0,2.0,100.0,14.59
1011.0,0.5,20.0,2.0,100.0,15.46
1012.0,1.0,20.0,2.0,100.0,13.18
1013.0,2.0,20.0,2.0,100.0,10.76
1014.0,3.0,20.0,2.0,100.0,9.11
1015.0,5.0,20.0,2.0,100.0,9.01
1016.0,10.0,20.0,2.0,100.0,10.29
1017.0,20.0,20.0,2.0,100.0,8.67
1018.0,40.0,20.0,2.0,100.0,8.12
1019.0,49.0,20.0,2.0,100.0,8.92
1020.0,0.0,20.0,2.0,100.0,16.56
1021.0,0.5,20.0,2.0,100.0,22.85
1022.0,1.0,20.0,2.0,100.0,10.75
1023.0,2.0,20.0,2.0,100.0,12.85
1024.0,3.0,20.0,2.0,100.0,12.44
1025.0,5.0,20.0,2.0,100.0,7.65
1026.0,10.0,20.0,2.0,100.0,8.42
1027.0,20.0,20.0,2.0,100.0,8.89
1028.0,40.0,20.0,2.0,100.0,8.16
1029.0,49.0,20.0,2.0,100.0,9.06
1030.0,0.0,20.0,2.0,100.0,10.16
1031.0,0.5,20.0,2.0,100.0,21.72
1032.0,1.0,20.0,2.0,100.0,11.46
1033.0,2.0,20.0,2.0,100.0,10.45
1034.0,3.0,20.0,2.0,100.0,8.66
1035.0,5.0,20.0,2.0,100.0,13.14
1036.0,10.0,20.0,2.0,100.0,8.54
1037.0,20.0,20.0,2.0,100.0,9.04
1038.0,40.0,20.0,2.0,100.0,8.2
1039.0,49.0,20.0,2.0,100.0,9.02
1040.0,0.0,20.0,2.0,100.0,22.46
1041.0,0.5,20.0,2.0,100.0,21.63
1042.0,1.0,20.0,2.0,100.0,10.53
1043.0,2.0,20.0,2.0,100.0,14.89
1044.0,3.0,20.0,2.0,100.0,11.25
1045.0,5.0,20.0,2.0,100.0,10.05
1046.0,10.0,20.0,2.0,100.0,10.17
1047.0,20.0,20.0,2.0,100.0,8.47
1048.0,40.0,20.0,2.0,100.0,7.62
1049.0,49.0,20.0,2.0,100.0,10.43
1050.0,0.0,20.0,2.0,100.0,23.46
1051.0,0.5,20.0,2.0,100.0,24.82
1052.0,1.0,20.0,2.0,100.0,14.87
1053.0,2.0,20.0,2.0,100.0,10.88
1054.0,3.0,20.0,2.0,100.0,7.97
1055.0,5.0,20.0,2.0,100.0,11.67
1056.0,10.0,20.0,2.0,100.0,9.18
1057.0,20.0,20.0,2.0,100.0,9.28
1058.0,40.0,20.0,2.0,100.0,7.95
1059.0,49.0,20.0,2.0,100.0,8.03
1060.0,0.0,20.0,2.0,100.0,12.04
1061.0,0.5,20.0,2.0,100.0,21.94
1062.0,1.0,20.0,2.0,100.0,25.18
1063.0,2.0,20.0,2.0,100.0,12.13
1064.0,3.0,20.0,2.0,100.0,8.41
1065.0,5.0,20.0,2.0,100.0,9.94
1066.0,10.0,20.0,2.0,100.0,8.42
1067.0,20.0,20.0,2.0,100.0,8.8
1068.0,40.0,20.0,2.0,100.0,11.74
1069.0,49.0,20.0,2.0,100.0,8.06
1070.0,0.0,20.0,2.0,100.0,25.31
1071.0,0.5,20.0,2.0,100.0,16.1
1072.0,1.0,20.0,2.0,100.0,11.46
1073.0,2.0,20.0,2.0,100.0,9.84
1074.0,3.0,20.0,2.0,100.0,9.38
1075.0,5.0,20.0,2.0,100.0,12.95
1076.0,10.0,20.0,2.0,100.0,12.28
1077.0,20.0,20.0,2.0,100.0,9.25
1078.0,40.0,20.0,2.0,100.0,9.52
1079.0,49.0,20.0,2.0,100.0,7.85
1080.0,0.0,20.0,2.0,100.0,17.27
1081.0,0.5,20.0,2.0,100.0,14.12
1082.0,1.0,20.0,2.0,100.0,23.66
1083.0,2.0,20.0,2.0,100.0,14.16
1084.0,3.0,20.0,2.0,100.0,16.58
1085.0,5.0,20.0,2.0,100.0,10.43
1086.0,10.0,20.0,2.0,100.0,9.29
1087.0,20.0,20.0,2.0,100.0,7.85
1088.0,40.0,20.0,2.0,100.0,8.24
1089.0,49.0,20.0,2.0,100.0,9.76
1090.0,0.0,20.0,2.0,100.0,13.22
1091.0,0.5,20.0,2.0,100.0,14.37
1092.0,1.0,20.0,2.0,100.0,16.25
1093.0,2.0,20.0,2.0,100.0,8.09
1094.0,3.0,20.0,2.0,100.0,14.89
1095.0,5.0,20.0,2.0,100.0,9.09
1096.0,10.0,20.0,2.0,100.0,9.13
1097.0,20.0,20.0,2.0,100.0,11.14
1098.0,40.0,20.0,2.0,100.0,8.15
1099.0,49.0,20.0,2.0,100.0,9.84
1100.0,0.0,20.0,2.0,100.0,19.18
1101.0,0.5,20.0,2.0,100.0,24.8
1102.0,1.0,20.0,2.0,100.0,13.38
1103.0,2.0,20.0,2.0,100.0,8.79
1104.0,3.0,20.0,2.0,100.0,9.28
1105.0,5.0,20.0,2.0,100.0,8.11
1106.0,10.0,20.0,2.0,100.0,8.78
1107.0,20.0,20.0,2.0,100.0,8.74
1108.0,40.0,20.0,2.0,100.0,7.71
1109.0,49.0,20.0,2.0,100.0,9.66
1110.0,0.0,20.0,2.0,100.0,23.34
1111.0,0.5,20.0,2.0,100.0,10.17
1112.0,1.0,20.0,2.0,100.0,20.61
1113.0,2.0,20.0,2.0,100.0,12.08
1114.0,3.0,20.0,2.0,100.0,17.53
1115.0,5.0,20.0,2.0,100.0,8.77
1116.0,10.0,20.0,2.0,100.0,7.7
1117.0,20.0,20.0,2.0,100.0,9.03
1118.0,40.0,20.0,2.0,100.0,9.05
1119.0,49.0,20.0,2.0,100.0,9.03
1120.0,0.0,20.0,2.0,100.0,20.25
1121.0,0.5,20.0,2.0,100.0,14.45
1122.0,1.0,20.0,2.0,100.0,15.02
1123.0,2.0,20.0,2.0,100.0,23.9
1124.0,3.0,20.0,2.0,100.0,14.23
1125.0,5.0,20.0,2.0,100.0,11.51
1126.0,10.0,20.0,2.0,100.0,12.32
1127.0,20.0,20.0,2.0,100.0,8.36
1128.0,40.0,20.0,2.0,100.0,8.32
1129.0,49.0,20.0,2.0,100.0,8.26
1130.0,0.0,20.0,2.0,100.0,17.07
1131.0,0.5,20.0,2.0,100.0,10.25
1132.0,1.0,20.0,2.0,100.0,22.09
1133.0,2.0,20.0,2.0,100.0,11.01
1134.0,3.0,20.0,2.0,100.0,8.71
1135.0,5.0,20.0,2.0,100.0,8.15
1136.0,10.0,20.0,2.0,100.0,9.48
1137.0,20.0,20.0,2.0,100.0,10.22
1138.0,40.0,20.0,2.0,100.0,9.26
1139.0,49.0,20.0,2.0,100.0,8.3
1140.0,0.0,20.0,2.0,100.0,21.55
1141.0,0.5,20.0,2.0,100.0,23.47
1142.0,1.0,20.0,2.0,100.0,19.99
1143.0,2.0,20.0,2.0,100.0,14.51
1144.0,3.0,20.0,2.0,100.0,8.47
1145.0,5.0,20.0,2.0,100.0,9.53
1146.0,10.0,20.0,2.0,100.0,8.82
1147.0,20.0,20.0,2.0,100.0,9.6
1148.0,40.0,20.0,2.0,100.0,8.62
1149.0,49.0,20.0,2.0,100.0,11.13
1150.0,0.0,20.0,2.0,100.0,25.56
1151.0,0.5,20.0,2.0,100.0,24.3
1152.0,1.0,20.0,2.0,100.0,18.83
1153.0,2.0,20.0,2.0,100.0,9.93
1154.0,3.0,20.0,2.0,100.0,12.17
1155.0,5.0,20.0,2.0,100.0,8.04
1156.0,10.0,20.0,2.0,100.0,8.66
1157.0,20.0,20.0,2.0,100.0,9.61
1158.0,40.0,20.0,2.0,100.0,9.61
1159.0,49.0,20.0,2.0,100.0,9.39
1160.0,0.0,20.0,2.0,100.0,10.74
1161.0,0.5,20.0,2.0,100.0,16.35
1162.0,1.0,20.0,2.0,100.0,13.63
1163.0,2.0,20.0,2.0,100.0,10.77
1164.0,3.0,20.0,2.0,100.0,16.08
1165.0,5.0,20.0,2.0,100.0,12.35
1166.0,10.0,20.0,2.0,100.0,9.37
1167.0,20.0,20.0,2.0,100.0,8.52
1168.0,40.0,20.0,2.0,100.0,8.0
1169.0,49.0,20.0,2.0,100.0,8.32
1170.0,0.0,20.0,2.0,100.0,22.91
1171.0,0.5,20.0,2.0,100.0,18.91
1172.0,1.0,20.0,2.0,100.0,11.1
1173.0,2.0,20.0,2.0,100.0,18.92
1174.0,3.0,20.0,2.0,100.0,11.09
1175.0,5.0,20.0,2.0,100.0,10.89
1176.0,10.0,20.0,2.0,100.0,8.73
1177.0,20.0,20.0,2.0,100.0,8.44
1178.0,40.0,20.0,2.0,100.0,9.42
1179.0,49.0,20.0,2.0,100.0,8.57
1180.0,0.0,20.0,2.0,100.0,12.52
1181.0,0.5,20.0,2.0,100.0,10.06
1182.0,1.0,20.0,2.0,100.0,11.41
1183.0,2.0,20.0,2.0,100.0,9.78
1184.0,3.0,20.0,2.0,100.0,10.82
1185.0,5.0,20.0,2.0,100.0,9.24
1186.0,10.0,20.0,2.0,100.0,8.98
1187.0,20.0,20.0,2.0,100.0,10.96
1188.0,40.0,20.0,2.0,100.0,9.27
1189.0,49.0,20.0,2.0,100.0,8.67
1190.0,0.0,20.0,2.0,100.0,15.58
1191.0,0.5,20.0,2.0,100.0,20.45
1192.0,1.0,20.0,2.0,100.0,13.28
1193.0,2.0,20.0,2.0,100.0,7.46
1194.0,3.0,20.0,2.0,100.0,17.73
1195.0,5.0,20.0,2.0,100.0,12.97
1196.0,10.0,20.0,2.0,100.0,9.19
1197.0,20.0,20.0,2.0,100.0,9.76
1198.0,40.0,20.0,2.0,100.0,9.12
1199.0,49.0,20.0,2.0,100.0,8.41
1200.0,0.0,20.0,2.0,100.0,12.54
1201.0,0.5,20.0,2.0,100.0,10.73
1202.0,1.0,20.0,2.0,100.0,9.78
1203.0,2.0,20.0,2.0,100.0,8.62
1204.0,3.0,20.0,2.0,100.0,9.1
1205.0,5.0,20.0,2.0,100.0,9.23
1206.0,10.0,20.0,2.0,100.0,9.89
1207.0,20.0,20.0,2.0,100.0,10.68
1208.0,40.0,20.0,2.0,100.0,10.53
1209.0,49.0,20.0,2.0,100.0,8.87
1210.0,0.0,20.0,2.0,100.0,10.19
1211.0,0.5,20.0,2.0,100.0,23.53
1212.0,1.0,20.0,2.0,100.0,12.56
1213.0,2.0,20.0,2.0,100.0,10.75
1214.0,3.0,20.0,2.0,100.0,11.34
1215.0,5.0,20.0,2.0,100.0,13.06
1216.0,10.0,20.0,2.0,100.0,8.43
1217.0,20.0,20.0,2.0,100.0,10.87
1218.0,40.0,20.0,2.0,100.0,10.86
1219.0,49.0,20.0,2.0,100.0,8.35
1220.0,0.0,20.0,2.0,100.0,24.62
1221.0,0.5,20.0,2.0,100.0,13.49
1222.0,1.0,20.0,2.0,100.0,11.82
1223.0,2.0,20.0,2.0,100.0,11.44
1224.0,3.0,20.0,2.0,100.0,10.21
1225.0,5.0,20.0,2.0,100.0,9.0
1226.0,10.0,20.0,2.0,100.0,8.84
1227.0,20.0,20.0,2.0,100.0,8.26
1228.0,40.0,20.0,2.0,100.0,8.29
1229.0,49.0,20.0,2.0,100.0,9.79
1230.0,0.0,20.0,2.0,100.0,23.9
1231.0,0.5,20.0,2.0,100.0,17.22
1232.0,1.0,20.0,2.0,100.0,14.31
1233.0,2.0,20.0,2.0,100.0,15.17
1234.0,3.0,20.0,2.0,100.0,20.21
1235.0,5.0,20.0,2.0,100.0,10.89
1236.0,10.0,20.0,2.0,100.0,9.53
1237.0,20.0,20.0,2.0,100.0,10.28
1238.0,40.0,20.0,2.0,100.0,8.15
1239.0,49.0,20.0,2.0,100.0,8.58
1240.0,0.0,20.0,2.0,100.0,15.1
1241.0,0.5,20.0,2.0,100.0,15.93
1242.0,1.0,20.0,2.0,100.0,8.99
1243.0,2.0,20.0,2.0,100.0,13.2
1244.0,3.0,20.0,2.0,100.0,14.6
1245.0,5.0,20.0,2.0,100.0,10.04
1246.0,10.0,20.0,2.0,100.0,9.18
1247.0,20.0,20.0,2.0,100.0,8.38
1248.0,40.0,20.0,2.0,100.0,10.64
1249.0,49.0,20.0,2.0,100.0,10.37
1250.0,0.0,20.0,2.0,100.0,19.12
1251.0,0.5,20.0,2.0,100.0,16.36
1252.0,1.0,20.0,2.0,100.0,14.45
1253.0,2.0,20.0,2.0,100.0,9.71
1254.0,3.0,20.0,2.0,100.0,11.11
1255.0,5.0,20.0,2.0,100.0,12.66
1256.0,10.0,20.0,2.0,100.0,11.54
1257.0,20.0,20.0,2.0,100.0,9.77
1258.0,40.0,20.0,2.0,100.0,7.97
1259.0,49.0,20.0,2.0,100.0,7.92
1260.0,0.0,20.0,2.0,100.0,13.85
1261.0,0.5,20.0,2.0,100.0,23.42
1262.0,1.0,20.0,2.0,100.0,11.82
1263.0,2.0,20.0,2.0,100.0,10.53
1264.0,3.0,20.0,2.0,100.0,11.83
1265.0,5.0,20.0,2.0,100.0,8.99
1266.0,10.0,20.0,2.0,100.0,9.44
1267.0,20.0,20.0,2.0,100.0,9.66
1268.0,40.0,20.0,2.0,100.0,8.36
1269.0,49.0,20.0,2.0,100.0,8.98
1270.0,0.0,20.0,2.0,100.0,25.04
1271.0,0.5,20.0,2.0,100.0,21.5
1272.0,1.0,20.0,2.0,100.0,14.41
1273.0,2.0,20.0,2.0,100.0,12.64
1274.0,3.0,20.0,2.0,100.0,12.57
1275.0,5.0,20.0,2.0,100.0,9.16
1276.0,10.0,20.0,2.0,100.0,8.69
1277.0,20.0,20.0,2.0,100.0,8.61
1278.0,40.0,20.0,2.0,100.0,8.45
1279.0,49.0,20.0,2.0,100.0,9.25
1280.0,0.0,20.0,2.0,100.0,15.53
1281.0,0.5,20.0,2.0,100.0,16.81
1282.0,1.0,20.0,2.0,100.0,19.15
1283.0,2.0,20.0,2.0,100.0,10.99
1284.0,3.0,20.0,2.0,100.0,10.05
1285.0,5.0,20.0,2.0,100.0,11.3
1286.0,10.0,20.0,2.0,100.0,10.85
1287.0,20.0,20.0,2.0,100.0,9.69
1288.0,40.0,20.0,2.0,100.0,9.32
1289.0,49.0,20.0,2.0,100.0,9.24
1290.0,0.0,20.0,2.0,100.0,20.06
1291.0,0.5,20.0,2.0,100.0,11.72
1292.0,1.0,20.0,2.0,100.0,9.75
1293.0,2.0,20.0,2.0,100.0,11.51
1294.0,3.0,20.0,2.0,100.0,10.1
1295.0,5.0,20.0,2.0,100.0,13.92
1296.0,10.0,20.0,2.0,100.0,8.27
1297.0,20.0,20.0,2.0,100.0,9.44
1298.0,40.0,20.0,2.0,100.0,7.66
1299.0,49.0,20.0,2.0,100.0,12.54
1300.0,0.0,20.0,2.0,100.0,22.95
1301.0,0.5,20.0,2.0,100.0,20.67
1302.0,1.0,20.0,2.0,100.0,14.08
1303.0,2.0,20.0,2.0,100.0,11.17
1304.0,3.0,20.0,2.0,100.0,10.68
1305.0,5.0,20.0,2.0,100.0,10.31
1306.0,10.0,20.0,2.0,100.0,17.0
1307.0,20.0,20.0,2.0,100.0,8.81
1308.0,40.0,20.0,2.0,100.0,11.49
1309.0,49.0,20.0,2.0,100.0,9.61
1310.0,0.0,20.0,2.0,100.0,14.87
1311.0,0.5,20.0,2.0,100.0,11.51
1312.0,1.0,20.0,2.0,100.0,20.9
1313.0,2.0,20.0,2.0,100.0,12.99
1314.0,3.0,20.0,2.0,100.0,15.77
1315.0,5.0,20.0,2.0,100.0,11.16
1316.0,10.0,20.0,2.0,100.0,9.04
1317.0,20.0,20.0,2.0,100.0,7.98
1318.0,40.0,20.0,2.0,100.0,10.44
1319.0,49.0,20.0,2.0,100.0,7.38
1320.0,0.0,20.0,2.0,100.0,18.34
1321.0,0.5,20.0,2.0,100.0,22.86
1322.0,1.0,20.0,2.0,100.0,19.91
1323.0,2.0,20.0,2.0,100.0,12.57
1324.0,3.0,20.0,2.0,100.0,15.89
1325.0,5.0,20.0,2.0,100.0,15.59
1326.0,10.0,20.0,2.0,100.0,9.06
1327.0,20.0,20.0,2.0,100.0,11.47
1328.0,40.0,20.0,2.0,100.0,7.55
1329.0,49.0,20.0,2.0,100.0,9.38
1330.0,0.0,20.0,2.0,100.0,13.54
1331.0,0.5,20.0,2.0,100.0,12.46
1332.0,1.0,20.0,2.0,100.0,12.95
1333.0,2.0,20.0,2.0,100.0,19.82
1334.0,3.0,20.0,2.0,100.0,13.37
1335.0,5.0,20.0,2.0,100.0,10.23
1336.0,10.0,20.0,2.0,100.0,9.46
1337.0,20.0,20.0,2.0,100.0,9.47
1338.0,40.0,20.0,2.0,100.0,10.51
1339.0,49.0,20.0,2.0,100.0,9.68
1340.0,0.0,20.0,2.0,100.0,24.64
1341.0,0.5,20.0,2.0,100.0,15.81
1342.0,1.0,20.0,2.0,100.0,15.19
1343.0,2.0,20.0,2.0,100.0,11.76
1344.0,3.0,20.0,2.0,100.0,10.6
1345.0,5.0,20.0,2.0,100.0,8.67
1346.0,10.0,20.0,2.0,100.0,8.88
1347.0,20.0,20.0,2.0,100.0,7.97
1348.0,40.0,20.0,2.0,100.0,7.9
1349.0,49.0,20.0,2.0,100.0,8.84
1350.0,0.0,20.0,2.0,100.0,21.22
1351.0,0.5,20.0,2.0,100.0,11.72
1352.0,1.0,20.0,2.0,100.0,18.47
1353.0,2.0,20.0,2.0,100.0,10.58
1354.0,3.0,20.0,2.0,100.0,18.44
1355.0,5.0,20.0,2.0,100.0,9.21
1356.0,10.0,20.0,2.0,100.0,10.03
1357.0,20.0,20.0,2.0,100.0,10.02
1358.0,40.0,20.0,2.0,100.0,8.08
1359.0,49.0,20.0,2.0,100.0,9.93
1360.0,0.0,20.0,2.0,100.0,22.84
1361.0,0.5,20.0,2.0,100.0,15.02
1362.0,1.0,20.0,2.0,100.0,9.24
1363.0,2.0,20.0,2.0,100.0,19.64
1364.0,3.0,20.0,2.0,100.0,16.42
1365.0,5.0,20.0,2.0,100.0,9.49
1366.0,10.0,20.0,2.0,100.0,10.51
1367.0,20.0,20.0,2.0,100.0,10.83
1368.0,40.0,20.0,2.0,100.0,10.19
1369.0,49.0,20.0,2.0,100.0,9.05
1370.0,0.0,20.0,2.0,100.0,16.31
1371.0,0.5,20.0,2.0,100.0,23.19
1372.0,1.0,20.0,2.0,100.0,14.13
1373.0,2.0,20.0,2.0,100.0,14.51
1374.0,3.0,20.0,2.0,100.0,10.31
1375.0,5.0,20.0,2.0,100.0,8.64
1376.0,10.0,20.0,2.0,100.0,8.83
1377.0,20.0,20.0,2.0,100.0,8.3
1378.0,40.0,20.0,2.0,100.0,8.74
1379.0,49.0,20.0,2.0,100.0,7.67
1380.0,0.0,20.0,2.0,100.0,14.39
1381.0,0.5,20.0,2.0,100.0,20.84
1382.0,1.0,20.0,2.0,100.0,19.72
1383.0,2.0,20.0,2.0,100.0,11.45
1384.0,3.0,20.0,2.0,100.0,12.47
1385.0,5.0,20.0,2.0,100.0,9.79
1386.0,10.0,20.0,2.0,100.0,9.72
1387.0,20.0,20.0,2.0,100.0,10.12
1388.0,40.0,20.0,2.0,100.0,8.86
1389.0,49.0,20.0,2.0,100.0,11.33
1390.0,0.0,20.0,2.0,100.0,12.53
1391.0,0.5,20.0,2.0,100.0,20.47
1392.0,1.0,20.0,2.0,100.0,17.77
1393.0,2.0,20.0,2.0,100.0,9.75
1394.0,3.0,20.0,2.0,100.0,18.11
1395.0,5.0,20.0,2.0,100.0,10.81
1396.0,10.0,20.0,2.0,100.0,9.99
1397.0,20.0,20.0,2.0,100.0,7.93
1398.0,40.0,20.0,2.0,100.0,8.59
1399.0,49.0,20.0,2.0,100.0,8.85
1400.0,0.0,20.0,2.0,100.0,17.58
1401.0,0.5,20.0,2.0,100.0,13.67
1402.0,1.0,20.0,2.0,100.0,21.21
1403.0,2.0,20.0,2.0,100.0,16.77
1404.0,3.0,20.0,2.0,100.0,12.39
1405.0,5.0,20.0,2.0,100.0,16.07
1406.0,10.0,20.0,2.0,100.0,8.45
1407.0,20.0,20.0,2.0,100.0,9.05
1408.0,40.0,20.0,2.0,100.0,11.68
1409.0,49.0,20.0,2.0,100.0,10.19
1410.0,0.0,20.0,2.0,100.0,20.47
1411.0,0.5,20.0,2.0,100.0,13.38
1412.0,1.0,20.0,2.0,100.0,11.76
1413.0,2.0,20.0,2.0,100.0,13.15
1414.0,3.0,20.0,2.0,100.0,12.7
1415.0,5.0,20.0,2.0,100.0,10.83
1416.0,10.0,20.0,2.0,100.0,9.08
1417.0,20.0,20.0,2.0,100.0,8.66
1418.0,40.0,20.0,2.0,100.0,10.17
1419.0,49.0,20.0,2.0,100.0,7.37
1420.0,0.0,20.0,2.0,100.0,19.29
1421.0,0.5,20.0,2.0,100.0,8.38
1422.0,1.0,20.0,2.0,100.0,11.1
1423.0,2.0,20.0,2.0,100.0,14.25
1424.0,3.0,20.0,2.0,100.0,8.98
1425.0,5.0,20.0,2.0,100.0,9.97
1426.0,10.0,20.0,2.0,100.0,11.5
1427.0,20.0,20.0,2.0,100.0,11.56
1428.0,40.0,20.0,2.0,100.0,8.14
1429.0,49.0,20.0,2.0,100.0,9.34
1430.0,0.0,20.0,2.0,100.0,20.17
1431.0,0.5,20.0,2.0,100.0,19.04
1432.0,1.0,20.0,2.0,100.0,9.64
1433.0,2.0,20.0,2.0,100.0,12.15
1434.0,3.0,20.0,2.0,100.0,10.65
1435.0,5.0,20.0,2.0,100.0,7.83
1436.0,10.0,20.0,2.0,100.0,7.6
1437.0,20.0,20.0,2.0,100.0,10.44
1438.0,40.0,20.0,2.0,100.0,8.31
1439.0,49.0,20.0,2.0,100.0,8.99
1440.0,0.0,20.0,2.0,100.0,20.44
1441.0,0.5,20.0,2.0,100.0,10.21
1442.0,1.0,20.0,2.0,100.0,8.5
1443.0,2.0,20.0,2.0,100.0,13.14
1444.0,3.0,20.0,2.0,100.0,9.7
1445.0,5.0,20.0,2.0,100.0,18.12
1446.0,10.0,20.0,2.0,100.0,9.33
1447.0,20.0,20.0,2.0,100.0,8.14
1448.0,40.0,20.0,2.0,100.0,9.97
1449.0,49.0,20.0,2.0,100.0,10.12
1450.0,0.0,20.0,2.0,100.0,12.98
1451.0,0.5,20.0,2.0,100.0,19.94
1452.0,1.0,20.0,2.0,100.0,20.82
1453.0,2.0,20.0,2.0,100.0,11.63
1454.0,3.0,20.0,2.0,100.0,11.2
1455.0,5.0,20.0,2.0,100.0,11.09
1456.0,10.0,20.0,2.0,100.0,9.26
1457.0,20.0,20.0,2.0,100.0,7.89
1458.0,40.0,20.0,2.0,100.0,8.2
1459.0,49.0,20.0,2.0,100.0,11.08
1460.0,0.0,20.0,2.0,100.0,17.08
1461.0,0.5,20.0,2.0,100.0,24.26
1462.0,1.0,20.0,2.0,100.0,7.81
1463.0,2.0,20.0,2.0,100.0,10.41
1464.0,3.0,20.0,2.0,100.0,10.21
1465.0,5.0,20.0,2.0,100.0,8.73
1466.0,10.0,20.0,2.0,100.0,11.39
1467.0,20.0,20.0,2.0,100.0,9.69
1468.0,40.0,20.0,2.0,100.0,9.38
1469.0,49.0,20.0,2.0,100.0,8.73
1470.0,0.0,20.0,2.0,100.0,17.1
1471.0,0.5,20.0,2.0,100.0,16.35
1472.0,1.0,20.0,2.0,100.0,15.4
1473.0,2.0,20.0,2.0,100.0,10.63
1474.0,3.0,20.0,2.0,100.0,9.69
1475.0,5.0,20.0,2.0,100.0,8.96
1476.0,10.0,20.0,2.0,100.0,9.45
1477.0,20.0,20.0,2.0,100.0,8.71
1478.0,40.0,20.0,2.0,100.0,10.08
1479.0,49.0,20.0,2.0,100.0,9.76
1480.0,0.0,20.0,2.0,100.0,23.43
1481.0,0.5,20.0,2.0,100.0,9.84
1482.0,1.0,20.0,2.0,100.0,9.4
1483.0,2.0,20.0,2.0,100.0,12.02
1484.0,3.0,20.0,2.0,100.0,11.53
1485.0,5.0,20.0,2.0,100.0,10.47
1486.0,10.0,20.0,2.0,100.0,9.93
1487.0,20.0,20.0,2.0,100.0,9.31
1488.0,40.0,20.0,2.0,100.0,7.63
1489.0,49.0,20.0,2.0,100.0,8.36
1490.0,0.0,20.0,2.0,100.0,18.27
1491.0,0.5,20.0,2.0,100.0,17.51
1492.0,1.0,20.0,2.0,100.0,12.91
1493.0,2.0,20.0,2.0,100.0,16.67
1494.0,3.0,20.0,2.0,100.0,8.18
1495.0,5.0,20.0,2.0,100.0,9.41
1496.0,10.0,20.0,2.0,100.0,8.54
1497.0,20.0,20.0,2.0,100.0,9.39
1498.0,40.0,20.0,2.0,100.0,10.31
1499.0,49.0,20.0,2.0,100.0,8.5
1500.0,0.0,20.0,2.0,100.0,23.1
1501.0,0.5,20.0,2.0,100.0,22.03
1502.0,1.0,20.0,2.0,100.0,10.13
1503.0,2.0,20.0,2.0,100.0,16.76
1504.0,3.0,20.0,2.0,100.0,8.28
1505.0,5.0,20.0,2.0,100.0,9.36
1506.0,10.0,20.0,2.0,100.0,9.04
1507.0,20.0,20.0,2.0,100.0,9.45
1508.0,40.0,20.0,2.0,100.0,12.52
1509.0,49.0,20.0,2.0,100.0,8.51
1510.0,0.0,20.0,2.0,100.0,9.28
1511.0,0.5,20.0,2.0,100.0,20.94
1512.0,1.0,20.0,2.0,100.0,15.06
1513.0,2.0,20.0,2.0,100.0,10.23
1514.0,3.0,20.0,2.0,100.0,9.68
1515.0,5.0,20.0,2.0,100.0,9.48
1516.0,10.0,20.0,2.0,100.0,8.03
1517.0,20.0,20.0,2.0,100.0,8.48
1518.0,40.0,20.0,2.0,100.0,9.12
1519.0,49.0,20.0,2.0,100.0,8.01
1520.0,0.0,20.0,2.0,100.0,26.71
1521.0,0.5,20.0,2.0,100.0,8.13
1522.0,1.0,20.0,2.0,100.0,16.55
1523.0,2.0,20.0,2.0,100.0,10.92
1524.0,3.0,20.0,2.0,100.0,15.44
1525.0,5.0,20.0,2.0,100.0,11.11
1526.0,10.0,20.0,2.0,100.0,9.63
1527.0,20.0,20.0,2.0,100.0,8.07
1528.0,40.0,20.0,2.0,100.0,8.75
1529.0,49.0,20.0,2.0,100.0,8.48
1530.0,0.0,20.0,2.0,100.0,12.51
1531.0,0.5,20.0,2.0,100.0,21.36
1532.0,1.0,20.0,2.0,100.0,9.02
1533.0,2.0,20.0,2.0,100.0,7.77
1534.0,3.0,20.0,2.0,100.0,9.9
1535.0,5.0,20.0,2.0,100.0,10.4
1536.0,10.0,20.0,2.0,100.0,8.43
1537.0,20.0,20.0,2.0,100.0,10.98
1538.0,40.0,20.0,2.0,100.0,9.24
1539.0,49.0,20.0,2.0,100.0,9.9
1540.0,0.0,20.0,2.0,100.0,23.24
1541.0,0.5,20.0,2.0,100.0,11.65
1542.0,1.0,20.0,2.0,100.0,9.12
1543.0,2.0,20.0,2.0,100.0,16.68
1544.0,3.0,20.0,2.0,100.0,9.39
1545.0,5.0,20.0,2.0,100.0,8.92
1546.0,10.0,20.0,2.0,100.0,8.5
1547.0,20.0,20.0,2.0,100.0,9.94
1548.0,40.0,20.0,2.0,100.0,11.44
1549.0,49.0,20.0,2.0,100.0,9.04
1550.0,0.0,20.0,2.0,100.0,21.72
1551.0,0.5,20.0,2.0,100.0,20.29
1552.0,1.0,20.0,2.0,100.0,10.5
1553.0,2.0,20.0,2.0,100.0,12.22
1554.0,3.0,20.0,2.0,100.0,15.96
1555.0,5.0,20.0,2.0,100.0,9.03
1556.0,10.0,20.0,2.0,100.0,10.08
1557.0,20.0,20.0,2.0,100.0,8.79
1558.0,40.0,20.0,2.0,100.0,8.94
1559.0,49.0,20.0,2.0,100.0,8.56
1560.0,0.0,20.0,2.0,100.0,22.61
1561.0,0.5,20.0,2.0,100.0,13.66
1562.0,1.0,20.0,2.0,100.0,19.79
1563.0,2.0,20.0,2.0,100.0,14.03
1564.0,3.0,20.0,2.0,100.0,12.98
1565.0,5.0,20.0,2.0,100.0,8.54
1566.0,10.0,20.0,2.0,100.0,11.34
1567.0,20.0,20.0,2.0,100.0,7.59
1568.0,40.0,20.0,2.0,100.0,8.98
1569.0,49.0,20.0,2.0,100.0,9.96
1570.0,0.0,20.0,2.0,100.0,10.81
1571.0,0.5,20.0,2.0,100.0,13.6
1572.0,1.0,20.0,2.0,100.0,10.1
1573.0,2.0,20.0,2.0,100.0,10.98
1574.0,3.0,20.0,2.0,100.0,10.55
1575.0,5.0,20.0,2.0,100.0,8.72
1576.0,10.0,20.0,2.0,100.0,9.13
1577.0,20.0,20.0,2.0,100.0,9.31
1578.0,40.0,20.0,2.0,100.0,10.5
1579.0,49.0,20.0,2.0,100.0,9.42
1580.0,0.0,20.0,2.0,100.0,22.46
1581.0,0.5,20.0,2.0,100.0,25.53
1582.0,1.0,20.0,2.0,100.0,17.35
1583.0,2.0,20.0,2.0,100.0,11.65
1584.0,3.0,20.0,2.0,100.0,10.79
1585.0,5.0,20.0,2.0,100.0,8.48
1586.0,10.0,20.0,2.0,100.0,9.68
1587.0,20.0,20.0,2.0,100.0,10.05
1588.0,40.0,20.0,2.0,100.0,11.65
1589.0,49.0,20.0,2.0,100.0,9.02
1590.0,0.0,20.0,2.0,100.0,11.64
1591.0,0.5,20.0,2.0,100.0,10.17
1592.0,1.0,20.0,2.0,100.0,16.24
1593.0,2.0,20.0,2.0,100.0,10.29
1594.0,3.0,20.0,2.0,100.0,9.55
1595.0,5.0,20.0,2.0,100.0,11.57
1596.0,10.0,20.0,2.0,100.0,14.29
1597.0,20.0,20.0,2.0,100.0,10.32
1598.0,40.0,20.0,2.0,100.0,11.25
1599.0,49.0,20.0,2.0,100.0,8.11
1600.0,0.0,20.0,2.0,100.0,14.69
1601.0,0.5,20.0,2.0,100.0,14.8
1602.0,1.0,20.0,2.0,100.0,12.7
1603.0,2.0,20.0,2.0,100.0,15.52
1604.0,3.0,20.0,2.0,100.0,9.58
1605.0,5.0,20.0,2.0,100.0,13.8
1606.0,10.0,20.0,2.0,100.0,10.25
1607.0,20.0,20.0,2.0,100.0,9.8
1608.0,40.0,20.0,2.0,100.0,7.65
1609.0,49.0,20.0,2.0,100.0,10.0
1610.0,0.0,20.0,2.0,100.0,22.58
1611.0,0.5,20.0,2.0,100.0,10.27
1612.0,1.0,20.0,2.0,100.0,21.49
1613.0,2.0,20.0,2.0,100.0,16.5
1614.0,3.0,20.0,2.0,100.0,10.0
1615.0,5.0,20.0,2.0,100.0,11.56
1616.0,10.0,20.0,2.0,100.0,9.71
1617.0,20.0,20.0,2.0,100.0,9.33
1618.0,40.0,20.0,2.0,100.0,8.18
1619.0,49.0,20.0,2.0,100.0,11.06
1620.0,0.0,20.0,2.0,100.0,17.71
1621.0,0.5,20.0,2.0,100.0,9.44
1622.0,1.0,20.0,2.0,100.0,14.39
1623.0,2.0,20.0,2.0,100.0,11.41
1624.0,3.0,20.0,2.0,100.0,9.66
1625.0,5.0,20.0,2.0,100.0,11.77
1626.0,10.0,20.0,2.0,100.0,10.12
1627.0,20.0,20.0,2.0,100.0,11.22
1628.0,40.0,20.0,2.0,100.0,8.51
1629.0,49.0,20.0,2.0,100.0,8.27
1630.0,0.0,20.0,2.0,100.0,18.65
1631.0,0.5,20.0,2.0,100.0,12.02
1632.0,1.0,20.0,2.0,100.0,20.88
1633.0,2.0,20.0,2.0,100.0,16.08
1634.0,3.0,20.0,2.0,100.0,14.85
1635.0,5.0,20.0,2.0,100.0,9.01
1636.0,10.0,20.0,2.0,100.0,8.37
1637.0,20.0,20.0,2.0,100.0,8.94
1638.0,40.0,20.0,2.0,100.0,8.97
1639.0,49.0,20.0,2.0,100.0,10.35
1640.0,0.0,20.0,2.0,100.0,20.08
1641.0,0.5,20.0,2.0,100.0,11.86
1642.0,1.0,20.0,2.0,100.0,7.89
1643.0,2.0,20.0,2.0,100.0,15.08
1644.0,3.0,20.0,2.0,100.0,8.91
1645.0,5.0,20.0,2.0,100.0,11.12
1646.0,10.0,20.0,2.0,100.0,7.71
1647.0,20.0,20.0,2.0,100.0,8.76
1648.0,40.0,20.0,2.0,100.0,7.83
1649.0,49.0,20.0,2.0,100.0,8.18
1650.0,0.0,20.0,2.0,100.0,21.52
1651.0,0.5,20.0,2.0,100.0,19.99
1652.0,1.0,20.0,2.0,100.0,17.43
1653.0,2.0,20.0,2.0,100.0,14.72
1654.0,3.0,20.0,2.0,100.0,10.21
1655.0,5.0,20.0,2.0,100.0,8.38
1656.0,10.0,20.0,2.0,100.0,9.05
1657.0,20.0,20.0,2.0,100.0,9.46
1658.0,40.0,20.0,2.0,100.0,10.52
1659.0,49.0,20.0,2.0,100.0,9.57
1660.0,0.0,20.0,2.0,100.0,10.66
1661.0,0.5,20.0,2.0,100.0,13.3
1662.0,1.0,20.0,2.0,100.0,17.05
1663.0,2.0,20.0,2.0,100.0,10.28
1664.0,3.0,20.0,2.0,100.0,11.49
1665.0,5.0,20.0,2.0,100.0,9.82
1666.0,10.0,20.0,2.0,100.0,8.16
1667.0,20.0,20.0,2.0,100.0,8.19
1668.0,40.0,20.0,2.0,100.0,12.1
1669.0,49.0,20.0,2.0,100.0,9.9
1670.0,0.0,20.0,2.0,100.0,19.8
1671.0,0.5,20.0,2.0,100.0,18.55
1672.0,1.0,20.0,2.0,100.0,12.59
1673.0,2.0,20.0,2.0,100.0,10.38
1674.0,3.0,20.0,2.0,100.0,18.73
1675.0,5.0,20.0,2.0,100.0,8.05
1676.0,10.0,20.0,2.0,100.0,11.35
1677.0,20.0,20.0,2.0,100.0,8.87
1678.0,40.0,20.0,2.0,100.0,8.33
1679.0,49.0,20.0,2.0,100.0,7.51
1680.0,0.0,20.0,2.0,100.0,13.72
1681.0,0.5,20.0,2.0,100.0,22.88
1682.0,1.0,20.0,2.0,100.0,26.39
1683.0,2.0,20.0,2.0,100.0,11.11
1684.0,3.0,20.0,2.0,100.0,12.16
1685.0,5.0,20.0,2.0,100.0,9.36
1686.0,10.0,20.0,2.0,100.0,10.35
1687.0,20.0,20.0,2.0,100.0,8.78
1688.0,40.0,20.0,2.0,100.0,11.06
1689.0,49.0,20.0,2.0,100.0,8.24
1690.0,0.0,20.0,2.0,100.0,16.58
1691.0,0.5,20.0,2.0,100.0,18.32
1692.0,1.0,20.0,2.0,100.0,12.9
1693.0,2.0,20.0,2.0,100.0,18.32
1694.0,3.0,20.0,2.0,100.0,11.91
1695.0,5.0,20.0,2.0,100.0,8.67
1696.0,10.0,20.0,2.0,100.0,9.59
1697.0,20.0,20.0,2.0,100.0,9.33
1698.0,40.0,20.0,2.0,100.0,11.44
1699.0,49.0,20.0,2.0,100.0,9.43
1700.0,0.0,20.0,2.0,100.0,14.63
1701.0,0.5,20.0,2.0,100.0,12.41
1702.0,1.0,20.0,2.0,100.0,14.02
1703.0,2.0,20.0,2.0,100.0,14.62
1704.0,3.0,20.0,2.0,100.0,10.38
1705.0,5.0,20.0,2.0,100.0,11.47
1706.0,10.0,20.0,2.0,100.0,10.64
1707.0,20.0,20.0,2.0,100.0,8.25
1708.0,40.0,20.0,2.0,100.0,7.92
1709.0,49.0,20.0,2.0,100.0,8.66
1710.0,0.0,20.0,2.0,100.0,23.83
1711.0,0.5,20.0,2.0,100.0,13.91
1712.0,1.0,20.0,2.0,100.0,12.69
1713.0,2.0,20.0,2.0,100.0,10.27
1714.0,3.0,20.0,2.0,100.0,9.06
1715.0,5.0,20.0,2.0,100.0,8.82
1716.0,10.0,20.0,2.0,100.0,9.45
1717.0,20.0,20.0,2.0,100.0,8.68
1718.0,40.0,20.0,2.0,100.0,7.92
1719.0,49.0,20.0,2.0,100.0,10.39
1720.0,0.0,20.0,2.0,100.0,14.82
1721.0,0.5,20.0,2.0,100.0,10.01
1722.0,1.0,20.0,2.0,100.0,14.06
1723.0,2.0,20.0,2.0,100.0,17.26
1724.0,3.0,20.0,2.0,100.0,9.8
1725.0,5.0,20.0,2.0,100.0,11.51
1726.0,10.0,20.0,2.0,100.0,8.61
1727.0,20.0,20.0,2.0,100.0,8.89
1728.0,40.0,20.0,2.0,100.0,9.11
1729.0,49.0,20.0,2.0,100.0,7.97
1730.0,0.0,20.0,2.0,100.0,20.52
1731.0,0.5,20.0,2.0,100.0,14.07
1732.0,1.0,20.0,2.0,100.0,13.06
1733.0,2.0,20.0,2.0,100.0,14.99
1734.0,3.0,20.0,2.0,100.0,8.25
1735.0,5.0,20.0,2.0,100.0,10.54
1736.0,10.0,20.0,2.0,100.0,9.27
1737.0,20.0,20.0,2.0,100.0,11.74
1738.0,40.0,20.0,2.0,100.0,7.93
1739.0,49.0,20.0,2.0,100.0,20.63
1740.0,0.0,20.0,2.0,100.0,11.49
1741.0,0.5,20.0,2.0,100.0,20.56
1742.0,1.0,20.0,2.0,100.0,14.2
1743.0,2.0,20.0,2.0,100.0,12.38
1744.0,3.0,20.0,2.0,100.0,12.84
1745.0,5.0,20.0,2.0,100.0,9.86
1746.0,10.0,20.0,2.0,100.0,10.09
1747.0,20.0,20.0,2.0,100.0,8.92
1748.0,40.0,20.0,2.0,100.0,8.14
1749.0,49.0,20.0,2.0,100.0,10.16
1750.0,0.0,20.0,2.0,100.0,25.16
1751.0,0.5,20.0,2.0,100.0,11.24
1752.0,1.0,20.0,2.0,100.0,20.73
1753.0,2.0,20.0,2.0,100.0,8.77
1754.0,3.0,20.0,2.0,100.0,8.35
1755.0,5.0,20.0,2.0,100.0,11.24
1756.0,10.0,20.0,2.0,100.0,8.54
1757.0,20.0,20.0,2.0,100.0,7.9
1758.0,40.0,20.0,2.0,100.0,8.92
1759.0,49.0,20.0,2.0,100.0,9.66
1760.0,0.0,20.0,2.0,100.0,16.88
1761.0,0.5,20.0,2.0,100.0,18.44
1762.0,1.0,20.0,2.0,100.0,15.39
1763.0,2.0,20.0,2.0,100.0,8.8
1764.0,3.0,20.0,2.0,100.0,8.88
1765.0,5.0,20.0,2.0,100.0,13.19
1766.0,10.0,20.0,2.0,100.0,10.18
1767.0,20.0,20.0,2.0,100.0,10.3
1768.0,40.0,20.0,2.0,100.0,8.15
1769.0,49.0,20.0,2.0,100.0,12.03
1770.0,0.0,20.0,2.0,100.0,17.86
1771.0,0.5,20.0,2.0,100.0,10.09
1772.0,1.0,20.0,2.0,100.0,14.42
1773.0,2.0,20.0,2.0,100.0,11.19
1774.0,3.0,20.0,2.0,100.0,11.31
1775.0,5.0,20.0,2.0,100.0,13.41
1776.0,10.0,20.0,2.0,100.0,8.59
1777.0,20.0,20.0,2.0,100.0,8.4
1778.0,40.0,20.0,2.0,100.0,7.57
1779.0,49.0,20.0,2.0,100.0,9.63
1780.0,0.0,20.0,2.0,100.0,12.86
1781.0,0.5,20.0,2.0,100.0,15.28
1782.0,1.0,20.0,2.0,100.0,14.97
1783.0,2.0,20.0,2.0,100.0,8.67
1784.0,3.0,20.0,2.0,100.0,12.01
1785.0,5.0,20.0,2.0,100.0,11.26
1786.0,10.0,20.0,2.0,100.0,7.8
1787.0,20.0,20.0,2.0,100.0,9.18
1788.0,40.0,20.0,2.0,100.0,9.51
1789.0,49.0,20.0,2.0,100.0,10.44
1790.0,0.0,20.0,2.0,100.0,15.02
1791.0,0.5,20.0,2.0,100.0,11.47
1792.0,1.0,20.0,2.0,100.0,12.83
1793.0,2.0,20.0,2.0,100.0,15.84
1794.0,3.0,20.0,2.0,100.0,13.12
1795.0,5.0,20.0,2.0,100.0,9.55
1796.0,10.0,20.0,2.0,100.0,9.16
1797.0,20.0,20.0,2.0,100.0,9.46
1798.0,40.0,20.0,2.0,100.0,11.02
1799.0,49.0,20.0,2.0,100.0,7.67
1800.0,0.0,20.0,2.0,100.0,21.46
1801.0,0.5,20.0,2.0,100.0,10.11
1802.0,1.0,20.0,2.0,100.0,15.87
1803.0,2.0,20.0,2.0,100.0,12.99
1804.0,3.0,20.0,2.0,100.0,14.41
1805.0,5.0,20.0,2.0,100.0,19.15
1806.0,10.0,20.0,2.0,100.0,8.71
1807.0,20.0,20.0,2.0,100.0,9.88
1808.0,40.0,20.0,2.0,100.0,8.35
1809.0,49.0,20.0,2.0,100.0,9.07
1810.0,0.0,20.0,2.0,100.0,24.99
1811.0,0.5,20.0,2.0,100.0,18.48
1812.0,1.0,20.0,2.0,100.0,10.36
1813.0,2.0,20.0,2.0,100.0,12.41
1814.0,3.0,20.0,2.0,100.0,9.41
1815.0,5.0,20.0,2.0,100.0,14.73
1816.0,10.0,20.0,2.0,100.0,9.48
1817.0,20.0,20.0,2.0,100.0,10.37
1818.0,40.0,20.0,2.0,100.0,8.01
1819.0,49.0,20.0,2.0,100.0,7.51
1820.0,0.0,20.0,2.0,100.0,16.36
1821.0,0.5,20.0,2.0,100.0,20.2
1822.0,1.0,20.0,2.0,100.0,14.07
1823.0,2.0,20.0,2.0,100.0,15.6
1824.0,3.0,20.0,2.0,100.0,11.18
1825.0,5.0,20.0,2.0,100.0,8.55
1826.0,10.0,20.0,2.0,100.0,8.54
1827.0,20.0,20.0,2.0,100.0,8.54
1828.0,40.0,20.0,2.0,100.0,8.83
1829.0,49.0,20.0,2.0,100.0,9.24
1830.0,0.0,20.0,2.0,100.0,22.55
1831.0,0.5,20.0,2.0,100.0,21.51
1832.0,1.0,20.0,2.0,100.0,14.37
1833.0,2.0,20.0,2.0,100.0,15.88
1834.0,3.0,20.0,2.0,100.0,13.95
1835.0,5.0,20.0,2.0,100.0,8.93
1836.0,10.0,20.0,2.0,100.0,9.46
1837.0,20.0,20.0,2.0,100.0,9.17
1838.0,40.0,20.0,2.0,100.0,9.74
1839.0,49.0,20.0,2.0,100.0,7.95
1840.0,0.0,20.0,2.0,100.0,12.34
1841.0,0.5,20.0,2.0,100.0,21.38
1842.0,1.0,20.0,2.0,100.0,11.26
1843.0,2.0,20.0,2.0,100.0,11.15
1844.0,3.0,20.0,2.0,100.0,9.87
1845.0,5.0,20.0,2.0,100.0,10.5
1846.0,10.0,20.0,2.0,100.0,8.15
1847.0,20.0,20.0,2.0,100.0,10.39
1848.0,40.0,20.0,2.0,100.0,9.83
1849.0,49.0,20.0,2.0,100.0,8.55
1850.0,0.0,20.0,2.0,100.0,26.19
1851.0,0.5,20.0,2.0,100.0,9.8
1852.0,1.0,20.0,2.0,100.0,15.19
1853.0,2.0,20.0,2.0,100.0,14.15
1854.0,3.0,20.0,2.0,100.0,19.36
1855.0,5.0,20.0,2.0,100.0,10.31
1856.0,10.0,20.0,2.0,100.0,11.25
1857.0,20.0,20.0,2.0,100.0,8.47
1858.0,40.0,20.0,2.0,100.0,8.6
1859.0,49.0,20.0,2.0,100.0,10.05
1860.0,0.0,20.0,2.0,100.0,17.0
1861.0,0.5,20.0,2.0,100.0,12.98
1862.0,1.0,20.0,2.0,100.0,25.14
1863.0,2.0,20.0,2.0,100.0,17.27
1864.0,3.0,20.0,2.0,100.0,9.67
1865.0,5.0,20.0,2.0,100.0,9.7
1866.0,10.0,20.0,2.0,100.0,11.45
1867.0,20.0,20.0,2.0,100.0,10.27
1868.0,40.0,20.0,2.0,100.0,12.51
1869.0,49.0,20.0,2.0,100.0,9.23
1870.0,0.0,20.0,2.0,100.0,10.31
1871.0,0.5,20.0,2.0,100.0,13.46
1872.0,1.0,20.0,2.0,100.0,12.11
1873.0,2.0,20.0,2.0,100.0,10.74
1874.0,3.0,20.0,2.0,100.0,8.09
1875.0,5.0,20.0,2.0,100.0,8.54
1876.0,10.0,20.0,2.0,100.0,10.34
1877.0,20.0,20.0,2.0,100.0,8.42
1878.0,40.0,20.0,2.0,100.0,9.69
1879.0,49.0,20.0,2.0,100.0,10.23
1880.0,0.0,20.0,2.0,100.0,21.72
1881.0,0.5,20.0,2.0,100.0,19.01
1882.0,1.0,20.0,2.0,100.0,13.16
1883.0,2.0,20.0,2.0,100.0,12.39
1884.0,3.0,20.0,2.0,100.0,10.5
1885.0,5.0,20.0,2.0,100.0,7.87
1886.0,10.0,20.0,2.0,100.0,10.63
1887.0,20.0,20.0,2.0,100.0,8.79
1888.0,40.0,20.0,2.0,100.0,11.37
1889.0,49.0,20.0,2.0,100.0,11.48
1890.0,0.0,20.0,2.0,100.0,25.13
1891.0,0.5,20.0,2.0,100.0,17.18
1892.0,1.0,20.0,2.0,100.0,17.26
1893.0,2.0,20.0,2.0,100.0,12.45
1894.0,3.0,20.0,2.0,100.0,9.86
1895.0,5.0,20.0,2.0,100.0,9.91
1896.0,10.0,20.0,2.0,100.0,8.84
1897.0,20.0,20.0,2.0,100.0,8.37
1898.0,40.0,20.0,2.0,100.0,8.33
1899.0,49.0,20.0,2.0,100.0,11.6
1900.0,0.0,20.0,2.0,100.0,18.59
1901.0,0.5,20.0,2.0,100.0,11.04
1902.0,1.0,20.0,2.0,100.0,16.48
1903.0,2.0,20.0,2.0,100.0,10.08
1904.0,3.0,20.0,2.0,100.0,14.64
1905.0,5.0,20.0,2.0,100.0,10.17
1906.0,10.0,20.0,2.0,100.0,9.65
1907.0,20.0,20.0,2.0,100.0,7.73
1908.0,40.0,20.0,2.0,100.0,9.47
1909.0,49.0,20.0,2.0,100.0,9.05
1910.0,0.0,20.0,2.0,100.0,20.12
1911.0,0.5,20.0,2.0,100.0,20.95
1912.0,1.0,20.0,2.0,100.0,18.56
1913.0,2.0,20.0,2.0,100.0,9.54
1914.0,3.0,20.0,2.0,100.0,11.54
1915.0,5.0,20.0,2.0,100.0,13.66
1916.0,10.0,20.0,2.0,100.0,12.3
1917.0,20.0,20.0,2.0,100.0,7.92
1918.0,40.0,20.0,2.0,100.0,10.16
1919.0,49.0,20.0,2.0,100.0,9.6
1920.0,0.0,20.0,2.0,100.0,10.87
1921.0,0.5,20.0,2.0,100.0,26.72
1922.0,1.0,20.0,2.0,100.0,22.44
1923.0,2.0,20.0,2.0,100.0,17.21
1924.0,3.0,20.0,2.0,100.0,11.15
1925.0,5.0,20.0,2.0,100.0,13.39
1926.0,10.0,20.0,2.0,100.0,8.58
1927.0,20.0,20.0,2.0,100.0,8.08
1928.0,40.0,20.0,2.0,100.0,8.52
1929.0,49.0,20.0,2.0,100.0,9.63
1930.0,0.0,20.0,2.0,100.0,16.46
1931.0,0.5,20.0,2.0,100.0,24.22
1932.0,1.0,20.0,2.0,100.0,16.36
1933.0,2.0,20.0,2.0,100.0,10.46
1934.0,3.0,20.0,2.0,100.0,9.51
1935.0,5.0,20.0,2.0,100.0,10.14
1936.0,10.0,20.0,2.0,100.0,9.49
1937.0,20.0,20.0,2.0,100.0,7.64
1938.0,40.0,20.0,2.0,100.0,9.12
1939.0,49.0,20.0,2.0,100.0,10.02
1940.0,0.0,20.0,2.0,100.0,22.04
1941.0,0.5,20.0,2.0,100.0,15.3
1942.0,1.0,20.0,2.0,100.0,10.39
1943.0,2.0,20.0,2.0,100.0,14.46
1944.0,3.0,20.0,2.0,100.0,14.53
1945.0,5.0,20.0,2.0,100.0,8.53
1946.0,10.0,20.0,2.0,100.0,7.93
1947.0,20.0,20.0,2.0,100.0,10.66
1948.0,40.0,20.0,2.0,100.0,9.34
1949.0,49.0,20.0,2.0,100.0,11.02
1950.0,0.0,20.0,2.0,100.0,15.77
1951.0,0.5,20.0,2.0,100.0,21.48
1952.0,1.0,20.0,2.0,100.0,10.61
1953.0,2.0,20.0,2.0,100.0,9.7
1954.0,3.0,20.0,2.0,100.0,12.49
1955.0,5.0,20.0,2.0,100.0,11.64
1956.0,10.0,20.0,2.0,100.0,10.46
1957.0,20.0,20.0,2.0,100.0,10.32
1958.0,40.0,20.0,2.0,100.0,8.66
1959.0,49.0,20.0,2.0,100.0,10.26
1960.0,0.0,20.0,2.0,100.0,21.52
1961.0,0.5,20.0,2.0,100.0,19.31
1962.0,1.0,20.0,2.0,100.0,12.63
1963.0,2.0,20.0,2.0,100.0,9.32
1964.0,3.0,20.0,2.0,100.0,13.09
1965.0,5.0,20.0,2.0,100.0,12.35
1966.0,10.0,20.0,2.0,100.0,8.74
1967.0,20.0,20.0,2.0,100.0,10.58
1968.0,40.0,20.0,2.0,100.0,9.3
1969.0,49.0,20.0,2.0,100.0,8.19
1970.0,0.0,20.0,2.0,100.0,14.29
1971.0,0.5,20.0,2.0,100.0,21.71
1972.0,1.0,20.0,2.0,100.0,18.34
1973.0,2.0,20.0,2.0,100.0,12.01
1974.0,3.0,20.0,2.0,100.0,20.58
1975.0,5.0,20.0,2.0,100.0,10.56
1976.0,10.0,20.0,2.0,100.0,8.73
1977.0,20.0,20.0,2.0,100.0,8.72
1978.0,40.0,20.0,2.0,100.0,10.49
1979.0,49.0,20.0,2.0,100.0,7.92
1980.0,0.0,20.0,2.0,100.0,10.95
1981.0,0.5,20.0,2.0,100.0,13.29
1982.0,1.0,20.0,2.0,100.0,25.7
1983.0,2.0,20.0,2.0,100.0,10.86
1984.0,3.0,20.0,2.0,100.0,8.46
1985.0,5.0,20.0,2.0,100.0,10.33
1986.0,10.0,20.0,2.0,100.0,9.71
1987.0,20.0,20.0,2.0,100.0,8.14
1988.0,40.0,20.0,2.0,100.0,8.98
1989.0,49.0,20.0,2.0,100.0,10.01
1990.0,0.0,20.0,2.0,100.0,22.32
1991.0,0.5,20.0,2.0,100.0,16.12
1992.0,1.0,20.0,2.0,100.0,10.73
1993.0,2.0,20.0,2.0,100.0,11.04
1994.0,3.0,20.0,2.0,100.0,14.49
1995.0,5.0,20.0,2.0,100.0,9.3
1996.0,10.0,20.0,2.0,100.0,11.59
1997.0,20.0,20.0,2.0,100.0,8.42
1998.0,40.0,20.0,2.0,100.0,10.68
1999.0,49.0,20.0,2.0,100.0,10.33
2000.0,0.0,20.0,2.0,100.0,18.55
2001.0,0.5,20.0,2.0,100.0,15.84
2002.0,1.0,20.0,2.0,100.0,17.75
2003.0,2.0,20.0,2.0,100.0,13.0
2004.0,3.0,20.0,2.0,100.0,8.57
2005.0,5.0,20.0,2.0,100.0,11.87
2006.0,10.0,20.0,2.0,100.0,11.14
2007.0,20.0,20.0,2.0,100.0,8.63
2008.0,40.0,20.0,2.0,100.0,9.72
2009.0,49.0,20.0,2.0,100.0,10.13
2010.0,0.0,20.0,2.0,100.0,20.63
2011.0,0.5,20.0,2.0,100.0,8.45
2012.0,1.0,20.0,2.0,100.0,13.62
2013.0,2.0,20.0,2.0,100.0,10.44
2014.0,3.0,20.0,2.0,100.0,11.4
2015.0,5.0,20.0,2.0,100.0,9.21
2016.0,10.0,20.0,2.0,100.0,8.66
2017.0,20.0,20.0,2.0,100.0,10.38
2018.0,40.0,20.0,2.0,100.0,8.04
2019.0,49.0,20.0,2.0,100.0,16.32
2020.0,0.0,20.0,2.0,100.0,16.94
2021.0,0.5,20.0,2.0,100.0,14.49
2022.0,1.0,20.0,2.0,100.0,24.29
2023.0,2.0,20.0,2.0,100.0,11.43
2024.0,3.0,20.0,2.0,100.0,9.64
2025.0,5.0,20.0,2.0,100.0,8.86
2026.0,10.0,20.0,2.0,100.0,10.23
2027.0,20.0,20.0,2.0,100.0,9.51
2028.0,40.0,20.0,2.0,100.0,8.27
2029.0,49.0,20.0,2.0,100.0,8.18
2030.0,0.0,20.0,2.0,100.0,23.7
2031.0,0.5,20.0,2.0,100.0,20.32
2032.0,1.0,20.0,2.0,100.0,10.05
2033.0,2.0,20.0,2.0,100.0,12.32
2034.0,3.0,20.0,2.0,100.0,11.92
2035.0,5.0,20.0,2.0,100.0,9.8
2036.0,10.0,20.0,2.0,100.0,9.2
2037.0,20.0,20.0,2.0,100.0,10.61
2038.0,40.0,20.0,2.0,100.0,9.56
2039.0,49.0,20.0,2.0,100.0,10.72
2040.0,0.0,20.0,2.0,100.0,11.43
2041.0,0.5,20.0,2.0,100.0,17.62
2042.0,1.0,20.0,2.0,100.0,24.07
2043.0,2.0,20.0,2.0,100.0,10.89
2044.0,3.0,20.0,2.0,100.0,11.17
2045.0,5.0,20.0,2.0,100.0,9.49
2046.0,10.0,20.0,2.0,100.0,9.04
2047.0,20.0,20.0,2.0,100.0,8.32
2048.0,40.0,20.0,2.0,100.0,10.26
2049.0,49.0,20.0,2.0,100.0,13.6
2050.0,0.0,20.0,2.0,100.0,11.85
2051.0,0.5,20.0,2.0,100.0,14.45
2052.0,1.0,20.0,2.0,100.0,14.85
2053.0,2.0,20.0,2.0,100.0,10.93
2054.0,3.0,20.0,2.0,100.0,9.32
2055.0,5.0,20.0,2.0,100.0,9.01
2056.0,10.0,20.0,2.0,100.0,9.64
2057.0,20.0,20.0,2.0,100.0,9.4
2058.0,40.0,20.0,2.0,100.0,9.66
2059.0,49.0,20.0,2.0,100.0,9.59
2060.0,0.0,20.0,2.0,100.0,25.62
2061.0,0.5,20.0,2.0,100.0,21.47
2062.0,1.0,20.0,2.0,100.0,15.87
2063.0,2.0,20.0,2.0,100.0,11.72
2064.0,3.0,20.0,2.0,100.0,9.39
2065.0,5.0,20.0,2.0,100.0,8.03
2066.0,10.0,20.0,2.0,100.0,8.61
2067.0,20.0,20.0,2.0,100.0,8.68
2068.0,40.0,20.0,2.0,100.0,7.85
2069.0,49.0,20.0,2.0,100.0,10.55
2070.0,0.0,20.0,2.0,100.0,21.07
2071.0,0.5,20.0,2.0,100.0,16.67
2072.0,1.0,20.0,2.0,100.0,15.02
2073.0,2.0,20.0,2.0,100.0,22.75
2074.0,3.0,20.0,2.0,100.0,7.92
2075.0,5.0,20.0,2.0,100.0,9.46
2076.0,10.0,20.0,2.0,100.0,10.35
2077.0,20.0,20.0,2.0,100.0,10.03
2078.0,40.0,20.0,2.0,100.0,7.4
2079.0,49.0,20.0,2.0,100.0,9.3
2080.0,0.0,20.0,2.0,100.0,21.02
2081.0,0.5,20.0,2.0,100.0,27.2
2082.0,1.0,20.0,2.0,100.0,14.07
2083.0,2.0,20.0,2.0,100.0,10.63
2084.0,3.0,20.0,2.0,100.0,13.05
2085.0,5.0,20.0,2.0,100.0,9.07
2086.0,10.0,20.0,2.0,100.0,8.81
2087.0,20.0,20.0,2.0,100.0,10.37
2088.0,40.0,20.0,2.0,100.0,8.62
2089.0,49.0,20.0,2.0,100.0,8.66
2090.0,0.0,20.0,2.0,100.0,23.28
2091.0,0.5,20.0,2.0,100.0,17.62
2092.0,1.0,20.0,2.0,100.0,21.86
2093.0,2.0,20.0,2.0,100.0,11.38
2094.0,3.0,20.0,2.0,100.0,9.03
2095.0,5.0,20.0,2.0,100.0,8.53
2096.0,10.0,20.0,2.0,100.0,8.33
2097.0,20.0,20.0,2.0,100.0,10.53
2098.0,40.0,20.0,2.0,100.0,10.2
2099.0,49.0,20.0,2.0,100.0,8.32
2100.0,0.0,20.0,2.0,100.0,24.15
2101.0,0.5,20.0,2.0,100.0,10.13
2102.0,1.0,20.0,2.0,100.0,13.4
2103.0,2.0,20.0,2.0,100.0,14.97
2104.0,3.0,20.0,2.0,100.0,10.55
2105.0,5.0,20.0,2.0,100.0,11.58
2106.0,10.0,20.0,2.0,100.0,10.46
2107.0,20.0,20.0,2.0,100.0,8.58
2108.0,40.0,20.0,2.0,100.0,7.92
2109.0,49.0,20.0,2.0,100.0,8.83
2110.0,0.0,20.0,2.0,100.0,22.93
2111.0,0.5,20.0,2.0,100.0,24.36
2112.0,1.0,20.0,2.0,100.0,14.41
2113.0,2.0,20.0,2.0,100.0,12.22
2114.0,3.0,20.0,2.0,100.0,12.87
2115.0,5.0,20.0,2.0,100.0,8.35
2116.0,10.0,20.0,2.0,100.0,9.89
2117.0,20.0,20.0,2.0,100.0,10.23
2118.0,40.0,20.0,2.0,100.0,7.95
2119.0,49.0,20.0,2.0,100.0,8.09
2120.0,0.0,20.0,2.0,100.0,12.77
2121.0,0.5,20.0,2.0,100.0,25.59
2122.0,1.0,20.0,2.0,100.0,14.54
2123.0,2.0,20.0,2.0,100.0,10.84
2124.0,3.0,20.0,2.0,100.0,9.87
2125.0,5.0,20.0,2.0,100.0,9.3
2126.0,10.0,20.0,2.0,100.0,8.6
2127.0,20.0,20.0,2.0,100.0,8.63
2128.0,40.0,20.0,2.0,100.0,9.85
2129.0,49.0,20.0,2.0,100.0,10.27
2130.0,0.0,20.0,2.0,100.0,24.16
2131.0,0.5,20.0,2.0,100.0,11.02
2132.0,1.0,20.0,2.0,100.0,14.2
2133.0,2.0,20.0,2.0,100.0,10.86
2134.0,3.0,20.0,2.0,100.0,10.16
2135.0,5.0,20.0,2.0,100.0,11.88
2136.0,10.0,20.0,2.0,100.0,8.19
2137.0,20.0,20.0,2.0,100.0,11.96
2138.0,40.0,20.0,2.0,100.0,10.46
2139.0,49.0,20.0,2.0,100.0,9.56
2140.0,0.0,20.0,2.0,100.0,25.05
2141.0,0.5,20.0,2.0,100.0,23.56
2142.0,1.0,20.0,2.0,100.0,19.42
2143.0,2.0,20.0,2.0,100.0,10.68
2144.0,3.0,20.0,2.0,100.0,10.08
2145.0,5.0,20.0,2.0,100.0,9.37
2146.0,10.0,20.0,2.0,100.0,8.9
2147.0,20.0,20.0,2.0,100.0,8.78
2148.0,40.0,20.0,2.0,100.0,8.38
2149.0,49.0,20.0,2.0,100.0,12.1
2150.0,0.0,20.0,2.0,100.0,23.39
2151.0,0.5,20.0,2.0,100.0,17.12
2152.0,1.0,20.0,2.0,100.0,17.37
2153.0,2.0,20.0,2.0,100.0,11.01
2154.0,3.0,20.0,2.0,100.0,15.24
2155.0,5.0,20.0,2.0,100.0,9.54
2156.0,10.0,20.0,2.0,100.0,8.95
2157.0,20.0,20.0,2.0,100.0,10.43
2158.0,40.0,20.0,2.0,100.0,10.87
2159.0,49.0,20.0,2.0,100.0,9.74
2160.0,0.0,20.0,2.0,100.0,21.76
2161.0,0.5,20.0,2.0,100.0,14.75
2162.0,1.0,20.0,2.0,100.0,23.41
2163.0,2.0,20.0,2.0,100.0,10.19
2164.0,3.0,20.0,2.0,100.0,12.75
2165.0,5.0,20.0,2.0,100.0,12.21
2166.0,10.0,20.0,2.0,100.0,12.15
2167.0,20.0,20.0,2.0,100.0,9.7
2168.0,40.0,20.0,2.0,100.0,8.88
2169.0,49.0,20.0,2.0,100.0,8.71
2170.0,0.0,20.0,2.0,100.0,24.25
2171.0,0.5,20.0,2.0,100.0,15.82
2172.0,1.0,20.0,2.0,100.0,10.55
2173.0,2.0,20.0,2.0,100.0,13.08
2174.0,3.0,20.0,2.0,100.0,11.86
2175.0,5.0,20.0,2.0,100.0,11.09
2176.0,10.0,20.0,2.0,100.0,8.98
2177.0,20.0,20.0,2.0,100.0,9.34
2178.0,40.0,20.0,2.0,100.0,7.7
2179.0,49.0,20.0,2.0,100.0,9.2
2180.0,0.0,20.0,2.0,100.0,17.6
2181.0,0.5,20.0,2.0,100.0,17.68
2182.0,1.0,20.0,2.0,100.0,16.49
2183.0,2.0,20.0,2.0,100.0,14.85
2184.0,3.0,20.0,2.0,100.0,12.95
2185.0,5.0,20.0,2.0,100.0,14.21
2186.0,10.0,20.0,2.0,100.0,8.32
2187.0,20.0,20.0,2.0,100.0,9.68
2188.0,40.0,20.0,2.0,100.0,7.68
2189.0,49.0,20.0,2.0,100.0,8.1
2190.0,0.0,20.0,2.0,100.0,21.41
2191.0,0.5,20.0,2.0,100.0,18.0
2192.0,1.0,20.0,2.0,100.0,17.49
2193.0,2.0,20.0,2.0,100.0,13.1
2194.0,3.0,20.0,2.0,100.0,15.84
2195.0,5.0,20.0,2.0,100.0,8.68
2196.0,10.0,20.0,2.0,100.0,9.44
2197.0,20.0,20.0,2.0,100.0,8.68
2198.0,40.0,20.0,2.0,100.0,8.46
2199.0,49.0,20.0,2.0,100.0,12.77
2200.0,0.0,20.0,2.0,100.0,18.64
2201.0,0.5,20.0,2.0,100.0,9.8
2202.0,1.0,20.0,2.0,100.0,20.27
2203.0,2.0,20.0,2.0,100.0,13.1
2204.0,3.0,20.0,2.0,100.0,11.3
2205.0,5.0,20.0,2.0,100.0,8.82
2206.0,10.0,20.0,2.0,100.0,8.15
2207.0,20.0,20.0,2.0,100.0,10.35
2208.0,40.0,20.0,2.0,100.0,12.11
2209.0,49.0,20.0,2.0,100.0,9.56
2210.0,0.0,20.0,2.0,100.0,25.7
2211.0,0.5,20.0,2.0,100.0,23.8
2212.0,1.0,20.0,2.0,100.0,10.47
2213.0,2.0,20.0,2.0,100.0,10.96
2214.0,3.0,20.0,2.0,100.0,14.65
2215.0,5.0,20.0,2.0,100.0,13.03
2216.0,10.0,20.0,2.0,100.0,9.07
2217.0,20.0,20.0,2.0,100.0,7.71
2218.0,40.0,20.0,2.0,100.0,7.76
2219.0,49.0,20.0,2.0,100.0,10.5
2220.0,0.0,20.0,2.0,100.0,20.62
2221.0,0.5,20.0,2.0,100.0,22.08
2222.0,1.0,20.0,2.0,100.0,23.26
2223.0,2.0,20.0,2.0,100.0,10.51
2224.0,3.0,20.0,2.0,100.0,9.4
2225.0,5.0,20.0,2.0,100.0,7.96
2226.0,10.0,20.0,2.0,100.0,9.76
2227.0,20.0,20.0,2.0,100.0,8.42
2228.0,40.0,20.0,2.0,100.0,10.2
2229.0,49.0,20.0,2.0,100.0,9.52
2230.0,0.0,20.0,2.0,100.0,19.61
2231.0,0.5,20.0,2.0,100.0,19.28
2232.0,1.0,20.0,2.0,100.0,21.46
2233.0,2.0,20.0,2.0,100.0,13.08
2234.0,3.0,20.0,2.0,100.0,10.46
2235.0,5.0,20.0,2.0,100.0,16.99
2236.0,10.0,20.0,2.0,100.0,8.68
2237.0,20.0,20.0,2.0,100.0,8.87
2238.0,40.0,20.0,2.0,100.0,8.69
2239.0,49.0,20.0,2.0,100.0,8.15
2240.0,0.0,20.0,2.0,100.0,20.38
2241.0,0.5,20.0,2.0,100.0,15.94
2242.0,1.0,20.0,2.0,100.0,23.68
2243.0,2.0,20.0,2.0,100.0,8.12
2244.0,3.0,20.0,2.0,100.0,9.63
2245.0,5.0,20.0,2.0,100.0,10.9
2246.0,10.0,20.0,2.0,100.0,9.56
2247.0,20.0,20.0,2.0,100.0,8.17
2248.0,40.0,20.0,2.0,100.0,8.96
2249.0,49.0,20.0,2.0,100.0,7.83
2250.0,0.0,20.0,2.0,100.0,22.43
2251.0,0.5,20.0,2.0,100.0,15.23
2252.0,1.0,20.0,2.0,100.0,11.97
2253.0,2.0,20.0,2.0,100.0,9.66
2254.0,3.0,20.0,2.0,100.0,12.27
2255.0,5.0,20.0,2.0,100.0,9.77
2256.0,10.0,20.0,2.0,100.0,8.65
2257.0,20.0,20.0,2.0,100.0,8.09
2258.0,40.0,20.0,2.0,100.0,8.94
2259.0,49.0,20.0,2.0,100.0,9.12
2260.0,0.0,20.0,2.0,100.0,23.99
2261.0,0.5,20.0,2.0,100.0,17.65
2262.0,1.0,20.0,2.0,100.0,15.34
2263.0,2.0,20.0,2.0,100.0,11.19
2264.0,3.0,20.0,2.0,100.0,11.06
2265.0,5.0,20.0,2.0,100.0,9.94
2266.0,10.0,20.0,2.0,100.0,9.16
2267.0,20.0,20.0,2.0,100.0,10.6
2268.0,40.0,20.0,2.0,100.0,8.17
2269.0,49.0,20.0,2.0,100.0,11.51
2270.0,0.0,20.0,2.0,100.0,14.56
2271.0,0.5,20.0,2.0,100.0,18.85
2272.0,1.0,20.0,2.0,100.0,13.15
2273.0,2.0,20.0,2.0,100.0,13.95
2274.0,3.0,20.0,2.0,100.0,15.84
2275.0,5.0,20.0,2.0,100.0,13.97
2276.0,10.0,20.0,2.0,100.0,9.08
2277.0,20.0,20.0,2.0,100.0,11.43
2278.0,40.0,20.0,2.0,100.0,17.29
2279.0,49.0,20.0,2.0,100.0,7.99
2280.0,0.0,20.0,2.0,100.0,24.01
2281.0,0.5,20.0,2.0,100.0,10.91
2282.0,1.0,20.0,2.0,100.0,15.35
2283.0,2.0,20.0,2.0,100.0,15.96
2284.0,3.0,20.0,2.0,100.0,11.42
2285.0,5.0,20.0,2.0,100.0,12.69
2286.0,10.0,20.0,2.0,100.0,11.22
2287.0,20.0,20.0,2.0,100.0,9.29
2288.0,40.0,20.0,2.0,100.0,9.76
2289.0,49.0,20.0,2.0,100.0,10.0
2290.0,0.0,20.0,2.0,100.0,21.16
2291.0,0.5,20.0,2.0,100.0,12.84
2292.0,1.0,20.0,2.0,100.0,16.38
2293.0,2.0,20.0,2.0,100.0,9.1
2294.0,3.0,20.0,2.0,100.0,10.5
2295.0,5.0,20.0,2.0,100.0,8.28
2296.0,10.0,20.0,2.0,100.0,10.44
2297.0,20.0,20.0,2.0,100.0,11.83
2298.0,40.0,20.0,2.0,100.0,11.86
2299.0,49.0,20.0,2.0,100.0,9.31
2300.0,0.0,20.0,2.0,100.0,20.5
2301.0,0.5,20.0,2.0,100.0,25.89
2302.0,1.0,20.0,2.0,100.0,8.1
2303.0,2.0,20.0,2.0,100.0,11.33
2304.0,3.0,20.0,2.0,100.0,11.29
2305.0,5.0,20.0,2.0,100.0,10.09
2306.0,10.0,20.0,2.0,100.0,9.13
2307.0,20.0,20.0,2.0,100.0,8.24
2308.0,40.0,20.0,2.0,100.0,8.91
2309.0,49.0,20.0,2.0,100.0,9.32
2310.0,0.0,20.0,2.0,100.0,11.52
2311.0,0.5,20.0,2.0,100.0,23.2
2312.0,1.0,20.0,2.0,100.0,25.74
2313.0,2.0,20.0,2.0,100.0,9.61
2314.0,3.0,20.0,2.0,100.0,10.88
2315.0,5.0,20.0,2.0,100.0,9.29
2316.0,10.0,20.0,2.0,100.0,10.3
2317.0,20.0,20.0,2.0,100.0,8.79
2318.0,40.0,20.0,2.0,100.0,8.58
2319.0,49.0,20.0,2.0,100.0,7.61
2320.0,0.0,20.0,2.0,100.0,18.64
2321.0,0.5,20.0,2.0,100.0,15.13
2322.0,1.0,20.0,2.0,100.0,9.72
2323.0,2.0,20.0,2.0,100.0,8.64
2324.0,3.0,20.0,2.0,100.0,10.44
2325.0,5.0,20.0,2.0,100.0,9.43
2326.0,10.0,20.0,2.0,100.0,10.57
2327.0,20.0,20.0,2.0,100.0,10.89
2328.0,40.0,20.0,2.0,100.0,9.82
2329.0,49.0,20.0,2.0,100.0,9.55
2330.0,0.0,20.0,2.0,100.0,21.51
2331.0,0.5,20.0,2.0,100.0,12.8
2332.0,1.0,20.0,2.0,100.0,10.77
2333.0,2.0,20.0,2.0,100.0,11.79
2334.0,3.0,20.0,2.0,100.0,10.29
2335.0,5.0,20.0,2.0,100.0,10.16
2336.0,10.0,20.0,2.0,100.0,11.22
2337.0,20.0,20.0,2.0,100.0,8.97
2338.0,40.0,20.0,2.0,100.0,8.45
2339.0,49.0,20.0,2.0,100.0,7.87
2340.0,0.0,20.0,2.0,100.0,17.43
2341.0,0.5,20.0,2.0,100.0,13.38
2342.0,1.0,20.0,2.0,100.0,20.86
2343.0,2.0,20.0,2.0,100.0,8.29
2344.0,3.0,20.0,2.0,100.0,13.74
2345.0,5.0,20.0,2.0,100.0,10.26
2346.0,10.0,20.0,2.0,100.0,10.13
2347.0,20.0,20.0,2.0,100.0,9.03
2348.0,40.0,20.0,2.0,100.0,7.95
2349.0,49.0,20.0,2.0,100.0,9.31
2350.0,0.0,20.0,2.0,100.0,23.86
2351.0,0.5,20.0,2.0,100.0,9.93
2352.0,1.0,20.0,2.0,100.0,22.49
2353.0,2.0,20.0,2.0,100.0,12.64
2354.0,3.0,20.0,2.0,100.0,9.9
2355.0,5.0,20.0,2.0,100.0,8.52
2356.0,10.0,20.0,2.0,100.0,7.87
2357.0,20.0,20.0,2.0,100.0,8.9
2358.0,40.0,20.0,2.0,100.0,8.09
2359.0,49.0,20.0,2.0,100.0,10.0
2360.0,0.0,20.0,2.0,100.0,11.76
2361.0,0.5,20.0,2.0,100.0,15.22
2362.0,1.0,20.0,2.0,100.0,14.67
2363.0,2.0,20.0,2.0,100.0,12.15
2364.0,3.0,20.0,2.0,100.0,9.34
2365.0,5.0,20.0,2.0,100.0,11.05
2366.0,10.0,20.0,2.0,100.0,9.5
2367.0,20.0,20.0,2.0,100.0,10.0
2368.0,40.0,20.0,2.0,100.0,8.21
2369.0,49.0,20.0,2.0,100.0,7.96
2370.0,0.0,20.0,2.0,100.0,19.41
2371.0,0.5,20.0,2.0,100.0,13.39
2372.0,1.0,20.0,2.0,100.0,11.83
2373.0,2.0,20.0,2.0,100.0,9.95
2374.0,3.0,20.0,2.0,100.0,9.77
2375.0,5.0,20.0,2.0,100.0,8.76
2376.0,10.0,20.0,2.0,100.0,10.36
2377.0,20.0,20.0,2.0,100.0,7.84
2378.0,40.0,20.0,2.0,100.0,8.71
2379.0,49.0,20.0,2.0,100.0,9.23
2380.0,0.0,20.0,2.0,100.0,21.18
2381.0,0.5,20.0,2.0,100.0,11.83
2382.0,1.0,20.0,2.0,100.0,24.63
2383.0,2.0,20.0,2.0,100.0,10.07
2384.0,3.0,20.0,2.0,100.0,11.6
2385.0,5.0,20.0,2.0,100.0,10.61
2386.0,10.0,20.0,2.0,100.0,8.1
2387.0,20.0,20.0,2.0,100.0,10.3
2388.0,40.0,20.0,2.0,100.0,9.65
2389.0,49.0,20.0,2.0,100.0,8.17
2390.0,0.0,20.0,2.0,100.0,21.67
2391.0,0.5,20.0,2.0,100.0,13.22
2392.0,1.0,20.0,2.0,100.0,17.45
2393.0,2.0,20.0,2.0,100.0,15.14
2394.0,3.0,20.0,2.0,100.0,12.86
2395.0,5.0,20.0,2.0,100.0,9.69
2396.0,10.0,20.0,2.0,100.0,12.38
2397.0,20.0,20.0,2.0,100.0,9.11
2398.0,40.0,20.0,2.0,100.0,8.73
2399.0,49.0,20.0,2.0,100.0,10.36
2400.0,0.0,20.0,2.0,100.0,24.33
2401.0,0.5,20.0,2.0,100.0,17.92
2402.0,1.0,20.0,2.0,100.0,13.02
2403.0,2.0,20.0,2.0,100.0,11.9
2404.0,3.0,20.0,2.0,100.0,9.84
2405.0,5.0,20.0,2.0,100.0,8.48
2406.0,10.0,20.0,2.0,100.0,9.77
2407.0,20.0,20.0,2.0,100.0,8.86
2408.0,40.0,20.0,2.0,100.0,8.72
2409.0,49.0,20.0,2.0,100.0,8.11
2410.0,0.0,20.0,2.0,100.0,15.22
2411.0,0.5,20.0,2.0,100.0,21.47
2412.0,1.0,20.0,2.0,100.0,8.86
2413.0,2.0,20.0,2.0,100.0,9.6
2414.0,3.0,20.0,2.0,100.0,9.91
2415.0,5.0,20.0,2.0,100.0,7.7
2416.0,10.0,20.0,2.0,100.0,9.33
2417.0,20.0,20.0,2.0,100.0,8.77
2418.0,40.0,20.0,2.0,100.0,8.93
2419.0,49.0,20.0,2.0,100.0,8.22
2420.0,0.0,20.0,2.0,100.0,18.81
2421.0,0.5,20.0,2.0,100.0,12.13
2422.0,1.0,20.0,2.0,100.0,12.27
2423.0,2.0,20.0,2.0,100.0,18.9
2424.0,3.0,20.0,2.0,100.0,9.22
2425.0,5.0,20.0,2.0,100.0,9.33
2426.0,10.0,20.0,2.0,100.0,8.42
2427.0,20.0,20.0,2.0,100.0,8.67
2428.0,40.0,20.0,2.0,100.0,9.48
2429.0,49.0,20.0,2.0,100.0,10.46
2430.0,0.0,20.0,2.0,100.0,13.08
2431.0,0.5,20.0,2.0,100.0,9.45
2432.0,1.0,20.0,2.0,100.0,11.76
2433.0,2.0,20.0,2.0,100.0,11.31
2434.0,3.0,20.0,2.0,100.0,10.7
2435.0,5.0,20.0,2.0,100.0,11.42
2436.0,10.0,20.0,2.0,100.0,10.82
2437.0,20.0,20.0,2.0,100.0,8.26
2438.0,40.0,20.0,2.0,100.0,8.59
2439.0,49.0,20.0,2.0,100.0,10.62
2440.0,0.0,20.0,2.0,100.0,17.65
2441.0,0.5,20.0,2.0,100.0,17.68
2442.0,1.0,20.0,2.0,100.0,16.99
2443.0,2.0,20.0,2.0,100.0,10.32
2444.0,3.0,20.0,2.0,100.0,9.24
2445.0,5.0,20.0,2.0,100.0,14.69
2446.0,10.0,20.0,2.0,100.0,9.32
2447.0,20.0,20.0,2.0,100.0,9.81
2448.0,40.0,20.0,2.0,100.0,9.32
2449.0,49.0,20.0,2.0,100.0,8.06
2450.0,0.0,20.0,2.0,100.0,15.26
2451.0,0.5,20.0,2.0,100.0,15.61
2452.0,1.0,20.0,2.0,100.0,9.96
2453.0,2.0,20.0,2.0,100.0,17.67
2454.0,3.0,20.0,2.0,100.0,9.44
2455.0,5.0,20.0,2.0,100.0,8.11
2456.0,10.0,20.0,2.0,100.0,8.64
2457.0,20.0,20.0,2.0,100.0,11.69
2458.0,40.0,20.0,2.0,100.0,7.69
2459.0,49.0,20.0,2.0,100.0,10.95
2460.0,0.0,20.0,2.0,100.0,11.44
2461.0,0.5,20.0,2.0,100.0,17.41
2462.0,1.0,20.0,2.0,100.0,17.99
2463.0,2.0,20.0,2.0,100.0,10.58
2464.0,3.0,20.0,2.0,100.0,12.72
2465.0,5.0,20.0,2.0,100.0,10.69
2466.0,10.0,20.0,2.0,100.0,11.72
2467.0,20.0,20.0,2.0,100.0,8.69
2468.0,40.0,20.0,2.0,100.0,7.67
2469.0,49.0,20.0,2.0,100.0,15.12
2470.0,0.0,20.0,2.0,100.0,14.07
2471.0,0.5,20.0,2.0,100.0,24.51
2472.0,1.0,20.0,2.0,100.0,9.71
2473.0,2.0,20.0,2.0,100.0,10.99
2474.0,3.0,20.0,2.0,100.0,14.0
2475.0,5.0,20.0,2.0,100.0,10.86
2476.0,10.0,20.0,2.0,100.0,9.91
2477.0,20.0,20.0,2.0,100.0,8.96
2478.0,40.0,20.0,2.0,100.0,9.38
2479.0,49.0,20.0,2.0,100.0,9.41
2480.0,0.0,20.0,2.0,100.0,25.79
2481.0,0.5,20.0,2.0,100.0,9.94
2482.0,1.0,20.0,2.0,100.0,12.42
2483.0,2.0,20.0,2.0,100.0,10.31
2484.0,3.0,20.0,2.0,100.0,9.21
2485.0,5.0,20.0,2.0,100.0,12.82
2486.0,10.0,20.0,2.0,100.0,10.04
2487.0,20.0,20.0,2.0,100.0,7.78
2488.0,40.0,20.0,2.0,100.0,9.75
2489.0,49.0,20.0,2.0,100.0,8.43
2490.0,0.0,20.0,2.0,100.0,14.57
2491.0,0.5,20.0,2.0,100.0,18.96
2492.0,1.0,20.0,2.0,100.0,12.95
2493.0,2.0,20.0,2.0,100.0,12.25
2494.0,3.0,20.0,2.0,100.0,8.67
2495.0,5.0,20.0,2.0,100.0,7.92
2496.0,10.0,20.0,2.0,100.0,8.19
2497.0,20.0,20.0,2.0,100.0,10.31
2498.0,40.0,20.0,2.0,100.0,8.97
2499.0,49.0,20.0,2.0,100.0,8.05
2500.0,0.0,20.0,2.0,100.0,18.75
2501.0,0.5,20.0,2.0,100.0,20.7
2502.0,1.0,20.0,2.0,100.0,19.18
2503.0,2.0,20.0,2.0,100.0,9.79
2504.0,3.0,20.0,2.0,100.0,9.38
2505.0,5.0,20.0,2.0,100.0,9.27
2506.0,10.0,20.0,2.0,100.0,9.84
2507.0,20.0,20.0,2.0,100.0,10.43
2508.0,40.0,20.0,2.0,100.0,8.35
2509.0,49.0,20.0,2.0,100.0,9.03
2510.0,0.0,20.0,2.0,100.0,11.72
2511.0,0.5,20.0,2.0,100.0,13.4
2512.0,1.0,20.0,2.0,100.0,11.33
2513.0,2.0,20.0,2.0,100.0,17.77
2514.0,3.0,20.0,2.0,100.0,17.04
2515.0,5.0,20.0,2.0,100.0,12.09
2516.0,10.0,20.0,2.0,100.0,9.24
2517.0,20.0,20.0,2.0,100.0,8.27
2518.0,40.0,20.0,2.0,100.0,8.26
2519.0,49.0,20.0,2.0,100.0,8.52
2520.0,0.0,20.0,2.0,100.0,17.36
2521.0,0.5,20.0,2.0,100.0,13.97
2522.0,1.0,20.0,2.0,100.0,15.0
2523.0,2.0,20.0,2.0,100.0,11.7
2524.0,3.0,20.0,2.0,100.0,10.32
2525.0,5.0,20.0,2.0,100.0,10.28
2526.0,10.0,20.0,2.0,100.0,8.24
2527.0,20.0,20.0,2.0,100.0,9.15
2528.0,40.0,20.0,2.0,100.0,8.96
2529.0,49.0,20.0,2.0,100.0,9.31
2530.0,0.0,20.0,2.0,100.0,15.17
2531.0,0.5,20.0,2.0,100.0,25.74
2532.0,1.0,20.0,2.0,100.0,12.3
2533.0,2.0,20.0,2.0,100.0,16.09
2534.0,3.0,20.0,2.0,100.0,13.8
2535.0,5.0,20.0,2.0,100.0,13.21
2536.0,10.0,20.0,2.0,100.0,7.78
2537.0,20.0,20.0,2.0,100.0,8.87
2538.0,40.0,20.0,2.0,100.0,8.77
2539.0,49.0,20.0,2.0,100.0,8.36
2540.0,0.0,20.0,2.0,100.0,23.83
2541.0,0.5,20.0,2.0,100.0,10.63
2542.0,1.0,20.0,2.0,100.0,11.04
2543.0,2.0,20.0,2.0,100.0,9.39
2544.0,3.0,20.0,2.0,100.0,8.2
2545.0,5.0,20.0,2.0,100.0,8.92
2546.0,10.0,20.0,2.0,100.0,9.67
2547.0,20.0,20.0,2.0,100.0,8.72
2548.0,40.0,20.0,2.0,100.0,8.9
2549.0,49.0,20.0,2.0,100.0,8.47
2550.0,0.0,20.0,2.0,100.0,22.94
2551.0,0.5,20.0,2.0,100.0,14.97
2552.0,1.0,20.0,2.0,100.0,11.3
2553.0,2.0,20.0,2.0,100.0,11.07
2554.0,3.0,20.0,2.0,100.0,12.94
2555.0,5.0,20.0,2.0,100.0,9.92
2556.0,10.0,20.0,2.0,100.0,7.63
2557.0,20.0,20.0,2.0,100.0,10.39
2558.0,40.0,20.0,2.0,100.0,10.04
2559.0,49.0,20.0,2.0,100.0,12.29
2560.0,0.0,20.0,2.0,100.0,24.33
2561.0,0.5,20.0,2.0,100.0,17.92
2562.0,1.0,20.0,2.0,100.0,10.95
2563.0,2.0,20.0,2.0,100.0,12.81
2564.0,3.0,20.0,2.0,100.0,11.46
2565.0,5.0,20.0,2.0,100.0,11.84
2566.0,10.0,20.0,2.0,100.0,10.04
2567.0,20.0,20.0,2.0,100.0,7.67
2568.0,40.0,20.0,2.0,100.0,9.93
2569.0,49.0,20.0,2.0,100.0,9.03
2570.0,0.0,20.0,2.0,100.0,15.2
2571.0,0.5,20.0,2.0,100.0,10.13
2572.0,1.0,20.0,2.0,100.0,18.08
2573.0,2.0,20.0,2.0,100.0,10.51
2574.0,3.0,20.0,2.0,100.0,8.16
2575.0,5.0,20.0,2.0,100.0,9.05
2576.0,10.0,20.0,2.0,100.0,11.51
2577.0,20.0,20.0,2.0,100.0,8.0
2578.0,40.0,20.0,2.0,100.0,8.56
2579.0,49.0,20.0,2.0,100.0,10.14
2580.0,0.0,20.0,2.0,100.0,16.78
2581.0,0.5,20.0,2.0,100.0,13.93
2582.0,1.0,20.0,2.0,100.0,13.76
2583.0,2.0,20.0,2.0,100.0,10.58
2584.0,3.0,20.0,2.0,100.0,8.72
2585.0,5.0,20.0,2.0,100.0,10.89
2586.0,10.0,20.0,2.0,100.0,9.16
2587.0,20.0,20.0,2.0,100.0,11.77
2588.0,40.0,20.0,2.0,100.0,8.59
2589.0,49.0,20.0,2.0,100.0,8.22
2590.0,0.0,20.0,2.0,100.0,24.02
2591.0,0.5,20.0,2.0,100.0,9.65
2592.0,1.0,20.0,2.0,100.0,11.86
2593.0,2.0,20.0,2.0,100.0,12.86
2594.0,3.0,20.0,2.0,100.0,10.95
2595.0,5.0,20.0,2.0,100.0,10.76
2596.0,10.0,20.0,2.0,100.0,8.53
2597.0,20.0,20.0,2.0,100.0,8.29
2598.0,40.0,20.0,2.0,100.0,7.62
2599.0,49.0,20.0,2.0,100.0,9.74
2600.0,0.0,20.0,2.0,100.0,20.32
2601.0,0.5,20.0,2.0,100.0,22.73
2602.0,1.0,20.0,2.0,100.0,22.38
2603.0,2.0,20.0,2.0,100.0,12.2
2604.0,3.0,20.0,2.0,100.0,16.82
2605.0,5.0,20.0,2.0,100.0,10.6
2606.0,10.0,20.0,2.0,100.0,10.93
2607.0,20.0,20.0,2.0,100.0,8.21
2608.0,40.0,20.0,2.0,100.0,11.09
2609.0,49.0,20.0,2.0,100.0,9.03
2610.0,0.0,20.0,2.0,100.0,22.75
2611.0,0.5,20.0,2.0,100.0,26.61
2612.0,1.0,20.0,2.0,100.0,26.61
2613.0,2.0,20.0,2.0,100.0,14.62
2614.0,3.0,20.0,2.0,100.0,19.82
2615.0,5.0,20.0,2.0,100.0,10.67
2616.0,10.0,20.0,2.0,100.0,11.17
2617.0,20.0,20.0,2.0,100.0,8.57
2618.0,40.0,20.0,2.0,100.0,8.65
2619.0,49.0,20.0,2.0,100.0,10.15
2620.0,0.0,20.0,2.0,100.0,17.46
2621.0,0.5,20.0,2.0,100.0,19.84
2622.0,1.0,20.0,2.0,100.0,11.35
2623.0,2.0,20.0,2.0,100.0,9.81
2624.0,3.0,20.0,2.0,100.0,17.26
2625.0,5.0,20.0,2.0,100.0,8.14
2626.0,10.0,20.0,2.0,100.0,10.4
2627.0,20.0,20.0,2.0,100.0,8.85
2628.0,40.0,20.0,2.0,100.0,10.82
2629.0,49.0,20.0,2.0,100.0,8.39
2630.0,0.0,20.0,2.0,100.0,18.94
2631.0,0.5,20.0,2.0,100.0,16.58
2632.0,1.0,20.0,2.0,100.0,12.56
2633.0,2.0,20.0,2.0,100.0,10.07
2634.0,3.0,20.0,2.0,100.0,12.0
2635.0,5.0,20.0,2.0,100.0,11.5
2636.0,10.0,20.0,2.0,100.0,11.38
2637.0,20.0,20.0,2.0,100.0,11.0
2638.0,40.0,20.0,2.0,100.0,11.54
2639.0,49.0,20.0,2.0,100.0,8.49
2640.0,0.0,20.0,2.0,100.0,17.6
2641.0,0.5,20.0,2.0,100.0,17.08
2642.0,1.0,20.0,2.0,100.0,21.11
2643.0,2.0,20.0,2.0,100.0,13.18
2644.0,3.0,20.0,2.0,100.0,12.24
2645.0,5.0,20.0,2.0,100.0,11.04
2646.0,10.0,20.0,2.0,100.0,9.89
2647.0,20.0,20.0,2.0,100.0,8.61
2648.0,40.0,20.0,2.0,100.0,9.06
2649.0,49.0,20.0,2.0,100.0,9.33
2650.0,0.0,20.0,2.0,100.0,14.35
2651.0,0.5,20.0,2.0,100.0,11.89
2652.0,1.0,20.0,2.0,100.0,13.26
2653.0,2.0,20.0,2.0,100.0,11.95
2654.0,3.0,20.0,2.0,100.0,10.65
2655.0,5.0,20.0,2.0,100.0,16.0
2656.0,10.0,20.0,2.0,100.0,8.82
2657.0,20.0,20.0,2.0,100.0,9.14
2658.0,40.0,20.0,2.0,100.0,8.31
2659.0,49.0,20.0,2.0,100.0,8.03
2660.0,0.0,20.0,2.0,100.0,17.42
2661.0,0.5,20.0,2.0,100.0,23.75
2662.0,1.0,20.0,2.0,100.0,14.26
2663.0,2.0,20.0,2.0,100.0,12.4
2664.0,3.0,20.0,2.0,100.0,14.68
2665.0,5.0,20.0,2.0,100.0,10.37
2666.0,10.0,20.0,2.0,100.0,9.98
2667.0,20.0,20.0,2.0,100.0,9.01
2668.0,40.0,20.0,2.0,100.0,9.78
2669.0,49.0,20.0,2.0,100.0,10.39
2670.0,0.0,20.0,2.0,100.0,18.79
2671.0,0.5,20.0,2.0,100.0,23.35
2672.0,1.0,20.0,2.0,100.0,13.95
2673.0,2.0,20.0,2.0,100.0,10.51
2674.0,3.0,20.0,2.0,100.0,8.32
2675.0,5.0,20.0,2.0,100.0,9.61
2676.0,10.0,20.0,2.0,100.0,9.53
2677.0,20.0,20.0,2.0,100.0,7.7
2678.0,40.0,20.0,2.0,100.0,11.94
2679.0,49.0,20.0,2.0,100.0,8.11
2680.0,0.0,20.0,2.0,100.0,20.44
2681.0,0.5,20.0,2.0,100.0,15.25
2682.0,1.0,20.0,2.0,100.0,12.43
2683.0,2.0,20.0,2.0,100.0,11.22
2684.0,3.0,20.0,2.0,100.0,10.91
2685.0,5.0,20.0,2.0,100.0,9.71
2686.0,10.0,20.0,2.0,100.0,9.92
2687.0,20.0,20.0,2.0,100.0,8.75
2688.0,40.0,20.0,2.0,100.0,10.7
2689.0,49.0,20.0,2.0,100.0,8.63
2690.0,0.0,20.0,2.0,100.0,13.41
2691.0,0.5,20.0,2.0,100.0,21.83
2692.0,1.0,20.0,2.0,100.0,16.77
2693.0,2.0,20.0,2.0,100.0,17.87
2694.0,3.0,20.0,2.0,100.0,9.91
2695.0,5.0,20.0,2.0,100.0,9.75
2696.0,10.0,20.0,2.0,100.0,9.69
2697.0,20.0,20.0,2.0,100.0,8.66
2698.0,40.0,20.0,2.0,100.0,8.14
2699.0,49.0,20.0,2.0,100.0,8.96
2700.0,0.0,20.0,2.0,100.0,15.77
2701.0,0.5,20.0,2.0,100.0,20.63
2702.0,1.0,20.0,2.0,100.0,13.38
2703.0,2.0,20.0,2.0,100.0,9.38
2704.0,3.0,20.0,2.0,100.0,9.47
2705.0,5.0,20.0,2.0,100.0,9.74
2706.0,10.0,20.0,2.0,100.0,10.2
2707.0,20.0,20.0,2.0,100.0,9.07
2708.0,40.0,20.0,2.0,100.0,8.35
2709.0,49.0,20.0,2.0,100.0,11.39
2710.0,0.0,20.0,2.0,100.0,26.17
2711.0,0.5,20.0,2.0,100.0,20.3
2712.0,1.0,20.0,2.0,100.0,11.97
2713.0,2.0,20.0,2.0,100.0,10.91
2714.0,3.0,20.0,2.0,100.0,8.31
2715.0,5.0,20.0,2.0,100.0,10.63
2716.0,10.0,20.0,2.0,100.0,10.74
2717.0,20.0,20.0,2.0,100.0,8.04
2718.0,40.0,20.0,2.0,100.0,9.28
2719.0,49.0,20.0,2.0,100.0,8.88
2720.0,0.0,20.0,2.0,100.0,9.88
2721.0,0.5,20.0,2.0,100.0,20.22
2722.0,1.0,20.0,2.0,100.0,11.06
2723.0,2.0,20.0,2.0,100.0,10.56
2724.0,3.0,20.0,2.0,100.0,11.13
2725.0,5.0,20.0,2.0,100.0,9.5
2726.0,10.0,20.0,2.0,100.0,12.18
2727.0,20.0,20.0,2.0,100.0,8.51
2728.0,40.0,20.0,2.0,100.0,11.34
2729.0,49.0,20.0,2.0,100.0,9.67
2730.0,0.0,20.0,2.0,100.0,17.45
2731.0,0.5,20.0,2.0,100.0,21.56
2732.0,1.0,20.0,2.0,100.0,10.25
2733.0,2.0,20.0,2.0,100.0,9.53
2734.0,3.0,20.0,2.0,100.0,9.36
2735.0,5.0,20.0,2.0,100.0,12.32
2736.0,10.0,20.0,2.0,100.0,10.67
2737.0,20.0,20.0,2.0,100.0,7.43
2738.0,40.0,20.0,2.0,100.0,8.61
2739.0,49.0,20.0,2.0,100.0,10.15
2740.0,0.0,20.0,2.0,100.0,27.53
2741.0,0.5,20.0,2.0,100.0,18.2
2742.0,1.0,20.0,2.0,100.0,11.5
2743.0,2.0,20.0,2.0,100.0,10.08
2744.0,3.0,20.0,2.0,100.0,11.41
2745.0,5.0,20.0,2.0,100.0,11.71
2746.0,10.0,20.0,2.0,100.0,9.81
2747.0,20.0,20.0,2.0,100.0,7.84
2748.0,40.0,20.0,2.0,100.0,9.52
2749.0,49.0,20.0,2.0,100.0,7.53
2750.0,0.0,20.0,2.0,100.0,20.89
2751.0,0.5,20.0,2.0,100.0,15.55
2752.0,1.0,20.0,2.0,100.0,9.64
2753.0,2.0,20.0,2.0,100.0,11.77
2754.0,3.0,20.0,2.0,100.0,11.96
2755.0,5.0,20.0,2.0,100.0,10.85
2756.0,10.0,20.0,2.0,100.0,9.13
2757.0,20.0,20.0,2.0,100.0,8.07
2758.0,40.0,20.0,2.0,100.0,8.32
2759.0,49.0,20.0,2.0,100.0,11.15
2760.0,0.0,20.0,2.0,100.0,16.77
2761.0,0.5,20.0,2.0,100.0,18.68
2762.0,1.0,20.0,2.0,100.0,14.73
2763.0,2.0,20.0,2.0,100.0,10.44
2764.0,3.0,20.0,2.0,100.0,9.81
2765.0,5.0,20.0,2.0,100.0,11.57
2766.0,10.0,20.0,2.0,100.0,9.06
2767.0,20.0,20.0,2.0,100.0,9.07
2768.0,40.0,20.0,2.0,100.0,7.49
2769.0,49.0,20.0,2.0,100.0,8.96
2770.0,0.0,20.0,2.0,100.0,20.77
2771.0,0.5,20.0,2.0,100.0,8.67
2772.0,1.0,20.0,2.0,100.0,8.98
2773.0,2.0,20.0,2.0,100.0,10.8
2774.0,3.0,20.0,2.0,100.0,11.42
2775.0,5.0,20.0,2.0,100.0,9.93
2776.0,10.0,20.0,2.0,100.0,11.9
2777.0,20.0,20.0,2.0,100.0,10.45
2778.0,40.0,20.0,2.0,100.0,8.12
2779.0,49.0,20.0,2.0,100.0,10.0
2780.0,0.0,20.0,2.0,100.0,19.17
2781.0,0.5,20.0,2.0,100.0,14.73
2782.0,1.0,20.0,2.0,100.0,21.12
2783.0,2.0,20.0,2.0,100.0,8.33
2784.0,3.0,20.0,2.0,100.0,11.69
2785.0,5.0,20.0,2.0,100.0,11.83
2786.0,10.0,20.0,2.0,100.0,10.14
2787.0,20.0,20.0,2.0,100.0,8.75
2788.0,40.0,20.0,2.0,100.0,8.79
2789.0,49.0,20.0,2.0,100.0,8.83
2790.0,0.0,20.0,2.0,100.0,19.92
2791.0,0.5,20.0,2.0,100.0,25.83
2792.0,1.0,20.0,2.0,100.0,11.69
2793.0,2.0,20.0,2.0,100.0,16.6
2794.0,3.0,20.0,2.0,100.0,10.81
2795.0,5.0,20.0,2.0,100.0,8.93
2796.0,10.0,20.0,2.0,100.0,8.0
2797.0,20.0,20.0,2.0,100.0,8.03
2798.0,40.0,20.0,2.0,100.0,7.83
2799.0,49.0,20.0,2.0,100.0,8.71
2800.0,0.0,20.0,2.0,100.0,15.05
2801.0,0.5,20.0,2.0,100.0,13.04
2802.0,1.0,20.0,2.0,100.0,15.86
2803.0,2.0,20.0,2.0,100.0,10.13
2804.0,3.0,20.0,2.0,100.0,9.45
2805.0,5.0,20.0,2.0,100.0,9.94
2806.0,10.0,20.0,2.0,100.0,12.8
2807.0,20.0,20.0,2.0,100.0,10.3
2808.0,40.0,20.0,2.0,100.0,8.5
2809.0,49.0,20.0,2.0,100.0,7.85
2810.0,0.0,20.0,2.0,100.0,16.4
2811.0,0.5,20.0,2.0,100.0,10.51
2812.0,1.0,20.0,2.0,100.0,13.98
2813.0,2.0,20.0,2.0,100.0,10.66
2814.0,3.0,20.0,2.0,100.0,8.84
2815.0,5.0,20.0,2.0,100.0,10.33
2816.0,10.0,20.0,2.0,100.0,7.87
2817.0,20.0,20.0,2.0,100.0,9.09
2818.0,40.0,20.0,2.0,100.0,7.87
2819.0,49.0,20.0,2.0,100.0,13.44
2820.0,0.0,20.0,2.0,100.0,12.5
2821.0,0.5,20.0,2.0,100.0,14.54
2822.0,1.0,20.0,2.0,100.0,21.68
2823.0,2.0,20.0,2.0,100.0,11.65
2824.0,3.0,20.0,2.0,100.0,10.66
2825.0,5.0,20.0,2.0,100.0,14.43
2826.0,10.0,20.0,2.0,100.0,9.09
2827.0,20.0,20.0,2.0,100.0,7.32
2828.0,40.0,20.0,2.0,100.0,12.13
2829.0,49.0,20.0,2.0,100.0,9.77
2830.0,0.0,20.0,2.0,100.0,25.36
2831.0,0.5,20.0,2.0,100.0,23.59
2832.0,1.0,20.0,2.0,100.0,15.76
2833.0,2.0,20.0,2.0,100.0,15.04
2834.0,3.0,20.0,2.0,100.0,11.78
2835.0,5.0,20.0,2.0,100.0,9.89
2836.0,10.0,20.0,2.0,100.0,9.06
2837.0,20.0,20.0,2.0,100.0,10.32
2838.0,40.0,20.0,2.0,100.0,9.64
2839.0,49.0,20.0,2.0,100.0,9.05
2840.0,0.0,20.0,2.0,100.0,11.92
2841.0,0.5,20.0,2.0,100.0,21.51
2842.0,1.0,20.0,2.0,100.0,9.57
2843.0,2.0,20.0,2.0,100.0,13.07
2844.0,3.0,20.0,2.0,100.0,10.69
2845.0,5.0,20.0,2.0,100.0,12.16
2846.0,10.0,20.0,2.0,100.0,8.46
2847.0,20.0,20.0,2.0,100.0,11.06
2848.0,40.0,20.0,2.0,100.0,8.14
2849.0,49.0,20.0,2.0,100.0,9.87
2850.0,0.0,20.0,2.0,100.0,14.62
2851.0,0.5,20.0,2.0,100.0,21.0
2852.0,1.0,20.0,2.0,100.0,23.25
2853.0,2.0,20.0,2.0,100.0,10.44
2854.0,3.0,20.0,2.0,100.0,10.41
2855.0,5.0,20.0,2.0,100.0,11.59
2856.0,10.0,20.0,2.0,100.0,10.0
2857.0,20.0,20.0,2.0,100.0,9.55
2858.0,40.0,20.0,2.0,100.0,8.88
2859.0,49.0,20.0,2.0,100.0,10.38
2860.0,0.0,20.0,2.0,100.0,16.7
2861.0,0.5,20.0,2.0,100.0,17.33
2862.0,1.0,20.0,2.0,100.0,9.03
2863.0,2.0,20.0,2.0,100.0,17.26
2864.0,3.0,20.0,2.0,100.0,11.43
2865.0,5.0,20.0,2.0,100.0,12.02
2866.0,10.0,20.0,2.0,100.0,7.69
2867.0,20.0,20.0,2.0,100.0,8.43
2868.0,40.0,20.0,2.0,100.0,8.91
2869.0,49.0,20.0,2.0,100.0,10.38
2870.0,0.0,20.0,2.0,100.0,16.19
2871.0,0.5,20.0,2.0,100.0,12.72
2872.0,1.0,20.0,2.0,100.0,19.46
2873.0,2.0,20.0,2.0,100.0,13.51
2874.0,3.0,20.0,2.0,100.0,11.76
2875.0,5.0,20.0,2.0,100.0,11.47
2876.0,10.0,20.0,2.0,100.0,9.5
2877.0,20.0,20.0,2.0,100.0,7.91
2878.0,40.0,20.0,2.0,100.0,8.48
2879.0,49.0,20.0,2.0,100.0,8.34
2880.0,0.0,20.0,2.0,100.0,10.06
2881.0,0.5,20.0,2.0,100.0,23.56
2882.0,1.0,20.0,2.0,100.0,15.29
2883.0,2.0,20.0,2.0,100.0,10.99
2884.0,3.0,20.0,2.0,100.0,17.27
2885.0,5.0,20.0,2.0,100.0,8.24
2886.0,10.0,20.0,2.0,100.0,9.37
2887.0,20.0,20.0,2.0,100.0,7.62
2888.0,40.0,20.0,2.0,100.0,9.37
2889.0,49.0,20.0,2.0,100.0,8.43
2890.0,0.0,20.0,2.0,100.0,9.26
2891.0,0.5,20.0,2.0,100.0,12.5
2892.0,1.0,20.0,2.0,100.0,13.34
2893.0,2.0,20.0,2.0,100.0,12.31
2894.0,3.0,20.0,2.0,100.0,13.96
2895.0,5.0,20.0,2.0,100.0,9.54
2896.0,10.0,20.0,2.0,100.0,9.42
2897.0,20.0,20.0,2.0,100.0,9.27
2898.0,40.0,20.0,2.0,100.0,8.24
2899.0,49.0,20.0,2.0,100.0,10.99
2900.0,0.0,20.0,2.0,100.0,23.5
2901.0,0.5,20.0,2.0,100.0,11.55
2902.0,1.0,20.0,2.0,100.0,12.96
2903.0,2.0,20.0,2.0,100.0,8.42
2904.0,3.0,20.0,2.0,100.0,12.15
2905.0,5.0,20.0,2.0,100.0,12.79
2906.0,10.0,20.0,2.0,100.0,8.63
2907.0,20.0,20.0,2.0,100.0,10.7
2908.0,40.0,20.0,2.0,100.0,8.59
2909.0,49.0,20.0,2.0,100.0,10.93
2910.0,0.0,20.0,2.0,100.0,24.12
2911.0,0.5,20.0,2.0,100.0,10.94
2912.0,1.0,20.0,2.0,100.0,8.81
2913.0,2.0,20.0,2.0,100.0,18.92
2914.0,3.0,20.0,2.0,100.0,10.9
2915.0,5.0,20.0,2.0,100.0,11.69
2916.0,10.0,20.0,2.0,100.0,8.43
2917.0,20.0,20.0,2.0,100.0,11.35
2918.0,40.0,20.0,2.0,100.0,8.48
2919.0,49.0,20.0,2.0,100.0,8.09
2920.0,0.0,20.0,2.0,100.0,24.0
2921.0,0.5,20.0,2.0,100.0,22.8
2922.0,1.0,20.0,2.0,100.0,8.83
2923.0,2.0,20.0,2.0,100.0,9.9
2924.0,3.0,20.0,2.0,100.0,15.63
2925.0,5.0,20.0,2.0,100.0,10.11
2926.0,10.0,20.0,2.0,100.0,14.38
2927.0,20.0,20.0,2.0,100.0,9.8
2928.0,40.0,20.0,2.0,100.0,8.52
2929.0,49.0,20.0,2.0,100.0,9.48
2930.0,0.0,20.0,2.0,100.0,23.42
2931.0,0.5,20.0,2.0,100.0,21.88
2932.0,1.0,20.0,2.0,100.0,16.6
2933.0,2.0,20.0,2.0,100.0,9.01
2934.0,3.0,20.0,2.0,100.0,15.03
2935.0,5.0,20.0,2.0,100.0,7.8
2936.0,10.0,20.0,2.0,100.0,9.37
2937.0,20.0,20.0,2.0,100.0,8.76
2938.0,40.0,20.0,2.0,100.0,9.57
2939.0,49.0,20.0,2.0,100.0,8.35
2940.0,0.0,20.0,2.0,100.0,18.99
2941.0,0.5,20.0,2.0,100.0,16.33
2942.0,1.0,20.0,2.0,100.0,18.55
2943.0,2.0,20.0,2.0,100.0,12.42
2944.0,3.0,20.0,2.0,100.0,10.56
2945.0,5.0,20.0,2.0,100.0,9.69
2946.0,10.0,20.0,2.0,100.0,8.96
2947.0,20.0,20.0,2.0,100.0,11.13
2948.0,40.0,20.0,2.0,100.0,8.31
2949.0,49.0,20.0,2.0,100.0,11.05
2950.0,0.0,20.0,2.0,100.0,23.94
2951.0,0.5,20.0,2.0,100.0,9.6
2952.0,1.0,20.0,2.0,100.0,10.64
2953.0,2.0,20.0,2.0,100.0,10.08
2954.0,3.0,20.0,2.0,100.0,21.54
2955.0,5.0,20.0,2.0,100.0,10.68
2956.0,10.0,20.0,2.0,100.0,12.13
2957.0,20.0,20.0,2.0,100.0,8.88
2958.0,40.0,20.0,2.0,100.0,9.11
2959.0,49.0,20.0,2.0,100.0,13.81
2960.0,0.0,20.0,2.0,100.0,20.65
2961.0,0.5,20.0,2.0,100.0,18.9
2962.0,1.0,20.0,2.0,100.0,22.19
2963.0,2.0,20.0,2.0,100.0,9.09
2964.0,3.0,20.0,2.0,100.0,12.62
2965.0,5.0,20.0,2.0,100.0,10.73
2966.0,10.0,20.0,2.0,100.0,7.97
2967.0,20.0,20.0,2.0,100.0,8.83
2968.0,40.0,20.0,2.0,100.0,10.01
2969.0,49.0,20.0,2.0,100.0,8.11
2970.0,0.0,20.0,2.0,100.0,18.74
2971.0,0.5,20.0,2.0,100.0,16.31
2972.0,1.0,20.0,2.0,100.0,17.99
2973.0,2.0,20.0,2.0,100.0,12.6
2974.0,3.0,20.0,2.0,100.0,22.09
2975.0,5.0,20.0,2.0,100.0,12.1
2976.0,10.0,20.0,2.0,100.0,10.34
2977.0,20.0,20.0,2.0,100.0,9.02
2978.0,40.0,20.0,2.0,100.0,10.47
2979.0,49.0,20.0,2.0,100.0,8.81
2980.0,0.0,20.0,2.0,100.0,17.82
2981.0,0.5,20.0,2.0,100.0,11.77
2982.0,1.0,20.0,2.0,100.0,10.03
2983.0,2.0,20.0,2.0,100.0,17.68
2984.0,3.0,20.0,2.0,100.0,9.82
2985.0,5.0,20.0,2.0,100.0,18.8
2986.0,10.0,20.0,2.0,100.0,9.07
2987.0,20.0,20.0,2.0,100.0,8.42
2988.0,40.0,20.0,2.0,100.0,8.08
2989.0,49.0,20.0,2.0,100.0,7.89
2990.0,0.0,20.0,2.0,100.0,24.12
2991.0,0.5,20.0,2.0,100.0,19.95
2992.0,1.0,20.0,2.0,100.0,13.63
2993.0,2.0,20.0,2.0,100.0,12.2
2994.0,3.0,20.0,2.0,100.0,19.48
2995.0,5.0,20.0,2.0,100.0,9.25
2996.0,10.0,20.0,2.0,100.0,8.4
2997.0,20.0,20.0,2.0,100.0,11.04
2998.0,40.0,20.0,2.0,100.0,8.25
2999.0,49.0,20.0,2.0,100.0,8.43
3000.0,0.0,20.0,2.0,100.0,18.88
3001.0,0.5,20.0,2.0,100.0,15.24
3002.0,1.0,20.0,2.0,100.0,12.59
3003.0,2.0,20.0,2.0,100.0,11.76
3004.0,3.0,20.0,2.0,100.0,8.66
3005.0,5.0,20.0,2.0,100.0,10.04
3006.0,10.0,20.0,2.0,100.0,10.65
3007.0,20.0,20.0,2.0,100.0,8.42
3008.0,40.0,20.0,2.0,100.0,8.0
3009.0,49.0,20.0,2.0,100.0,8.7
3010.0,0.0,20.0,2.0,100.0,24.62
3011.0,0.5,20.0,2.0,100.0,16.65
3012.0,1.0,20.0,2.0,100.0,15.96
3013.0,2.0,20.0,2.0,100.0,12.29
3014.0,3.0,20.0,2.0,100.0,13.08
3015.0,5.0,20.0,2.0,100.0,10.13
3016.0,10.0,20.0,2.0,100.0,8.92
3017.0,20.0,20.0,2.0,100.0,9.56
3018.0,40.0,20.0,2.0,100.0,9.78
3019.0,49.0,20.0,2.0,100.0,8.95
3020.0,0.0,20.0,2.0,100.0,15.89
3021.0,0.5,20.0,2.0,100.0,20.71
3022.0,1.0,20.0,2.0,100.0,15.89
3023.0,2.0,20.0,2.0,100.0,9.55
3024.0,3.0,20.0,2.0,100.0,10.91
3025.0,5.0,20.0,2.0,100.0,11.79
3026.0,10.0,20.0,2.0,100.0,10.76
3027.0,20.0,20.0,2.0,100.0,7.94
3028.0,40.0,20.0,2.0,100.0,7.93
3029.0,49.0,20.0,2.0,100.0,8.98
3030.0,0.0,20.0,2.0,100.0,12.31
3031.0,0.5,20.0,2.0,100.0,11.29
3032.0,1.0,20.0,2.0,100.0,20.45
3033.0,2.0,20.0,2.0,100.0,10.55
3034.0,3.0,20.0,2.0,100.0,10.48
3035.0,5.0,20.0,2.0,100.0,11.71
3036.0,10.0,20.0,2.0,100.0,9.27
3037.0,20.0,20.0,2.0,100.0,8.24
3038.0,40.0,20.0,2.0,100.0,10.86
3039.0,49.0,20.0,2.0,100.0,11.9
3040.0,0.0,20.0,2.0,100.0,11.6
3041.0,0.5,20.0,2.0,100.0,15.49
3042.0,1.0,20.0,2.0,100.0,12.62
3043.0,2.0,20.0,2.0,100.0,10.72
3044.0,3.0,20.0,2.0,100.0,9.98
3045.0,5.0,20.0,2.0,100.0,8.24
3046.0,10.0,20.0,2.0,100.0,9.35
3047.0,20.0,20.0,2.0,100.0,8.4
3048.0,40.0,20.0,2.0,100.0,9.2
3049.0,49.0,20.0,2.0,100.0,9.78
3050.0,0.0,20.0,2.0,100.0,13.66
3051.0,0.5,20.0,2.0,100.0,13.37
3052.0,1.0,20.0,2.0,100.0,24.32
3053.0,2.0,20.0,2.0,100.0,10.79
3054.0,3.0,20.0,2.0,100.0,10.12
3055.0,5.0,20.0,2.0,100.0,9.81
3056.0,10.0,20.0,2.0,100.0,9.27
3057.0,20.0,20.0,2.0,100.0,10.26
3058.0,40.0,20.0,2.0,100.0,7.67
3059.0,49.0,20.0,2.0,100.0,8.13
3060.0,0.0,20.0,2.0,100.0,13.81
3061.0,0.5,20.0,2.0,100.0,11.5
3062.0,1.0,20.0,2.0,100.0,19.06
3063.0,2.0,20.0,2.0,100.0,12.18
3064.0,3.0,20.0,2.0,100.0,8.29
3065.0,5.0,20.0,2.0,100.0,8.62
3066.0,10.0,20.0,2.0,100.0,9.83
3067.0,20.0,20.0,2.0,100.0,11.32
3068.0,40.0,20.0,2.0,100.0,11.74
3069.0,49.0,20.0,2.0,100.0,8.04
3070.0,0.0,20.0,2.0,100.0,23.32
3071.0,0.5,20.0,2.0,100.0,22.55
3072.0,1.0,20.0,2.0,100.0,9.18
3073.0,2.0,20.0,2.0,100.0,15.53
3074.0,3.0,20.0,2.0,100.0,11.13
3075.0,5.0,20.0,2.0,100.0,11.98
3076.0,10.0,20.0,2.0,100.0,8.37
3077.0,20.0,20.0,2.0,100.0,10.19
3078.0,40.0,20.0,2.0,100.0,8.87
3079.0,49.0,20.0,2.0,100.0,9.6
3080.0,0.0,20.0,2.0,100.0,16.28
3081.0,0.5,20.0,2.0,100.0,11.71
3082.0,1.0,20.0,2.0,100.0,25.34
3083.0,2.0,20.0,2.0,100.0,10.15
3084.0,3.0,20.0,2.0,100.0,13.37
3085.0,5.0,20.0,2.0,100.0,8.99
3086.0,10.0,20.0,2.0,100.0,9.69
3087.0,20.0,20.0,2.0,100.0,8.75
3088.0,40.0,20.0,2.0,100.0,12.73
3089.0,49.0,20.0,2.0,100.0,9.16
3090.0,0.0,20.0,2.0,100.0,20.48
3091.0,0.5,20.0,2.0,100.0,12.45
3092.0,1.0,20.0,2.0,100.0,20.93
3093.0,2.0,20.0,2.0,100.0,18.66
3094.0,3.0,20.0,2.0,100.0,9.51
3095.0,5.0,20.0,2.0,100.0,9.59
3096.0,10.0,20.0,2.0,100.0,11.62
3097.0,20.0,20.0,2.0,100.0,12.97
3098.0,40.0,20.0,2.0,100.0,9.77
3099.0,49.0,20.0,2.0,100.0,10.29
3100.0,0.0,20.0,2.0,100.0,15.0
3101.0,0.5,20.0,2.0,100.0,17.96
3102.0,1.0,20.0,2.0,100.0,11.85
3103.0,2.0,20.0,2.0,100.0,21.74
3104.0,3.0,20.0,2.0,100.0,21.36
3105.0,5.0,20.0,2.0,100.0,10.08
3106.0,10.0,20.0,2.0,100.0,11.08
3107.0,20.0,20.0,2.0,100.0,8.41
3108.0,40.0,20.0,2.0,100.0,9.62
3109.0,49.0,20.0,2.0,100.0,8.35
3110.0,0.0,20.0,2.0,100.0,16.59
3111.0,0.5,20.0,2.0,100.0,12.04
3112.0,1.0,20.0,2.0,100.0,23.87
3113.0,2.0,20.0,2.0,100.0,10.85
3114.0,3.0,20.0,2.0,100.0,13.0
3115.0,5.0,20.0,2.0,100.0,8.7
3116.0,10.0,20.0,2.0,100.0,8.08
3117.0,20.0,20.0,2.0,100.0,10.39
3118.0,40.0,20.0,2.0,100.0,10.58
3119.0,49.0,20.0,2.0,100.0,9.08
3120.0,0.0,20.0,2.0,100.0,15.04
3121.0,0.5,20.0,2.0,100.0,13.95
3122.0,1.0,20.0,2.0,100.0,10.25
3123.0,2.0,20.0,2.0,100.0,9.61
3124.0,3.0,20.0,2.0,100.0,9.23
3125.0,5.0,20.0,2.0,100.0,11.99
3126.0,10.0,20.0,2.0,100.0,9.28
3127.0,20.0,20.0,2.0,100.0,10.09
3128.0,40.0,20.0,2.0,100.0,8.78
3129.0,49.0,20.0,2.0,100.0,9.32
3130.0,0.0,20.0,2.0,100.0,10.34
3131.0,0.5,20.0,2.0,100.0,11.18
3132.0,1.0,20.0,2.0,100.0,14.45
3133.0,2.0,20.0,2.0,100.0,13.08
3134.0,3.0,20.0,2.0,100.0,12.03
3135.0,5.0,20.0,2.0,100.0,10.68
3136.0,10.0,20.0,2.0,100.0,8.56
3137.0,20.0,20.0,2.0,100.0,7.89
3138.0,40.0,20.0,2.0,100.0,13.09
3139.0,49.0,20.0,2.0,100.0,11.52
3140.0,0.0,20.0,2.0,100.0,22.91
3141.0,0.5,20.0,2.0,100.0,12.21
3142.0,1.0,20.0,2.0,100.0,20.99
3143.0,2.0,20.0,2.0,100.0,8.45
3144.0,3.0,20.0,2.0,100.0,11.91
3145.0,5.0,20.0,2.0,100.0,10.52
3146.0,10.0,20.0,2.0,100.0,9.87
3147.0,20.0,20.0,2.0,100.0,9.05
3148.0,40.0,20.0,2.0,100.0,11.28
3149.0,49.0,20.0,2.0,100.0,7.7
3150.0,0.0,20.0,2.0,100.0,22.01
3151.0,0.5,20.0,2.0,100.0,19.91
3152.0,1.0,20.0,2.0,100.0,13.71
3153.0,2.0,20.0,2.0,100.0,13.73
3154.0,3.0,20.0,2.0,100.0,10.32
3155.0,5.0,20.0,2.0,100.0,11.58
3156.0,10.0,20.0,2.0,100.0,9.62
3157.0,20.0,20.0,2.0,100.0,9.32
3158.0,40.0,20.0,2.0,100.0,8.49
3159.0,49.0,20.0,2.0,100.0,9.4
3160.0,0.0,20.0,2.0,100.0,14.65
3161.0,0.5,20.0,2.0,100.0,16.33
3162.0,1.0,20.0,2.0,100.0,22.06
3163.0,2.0,20.0,2.0,100.0,9.38
3164.0,3.0,20.0,2.0,100.0,9.22
3165.0,5.0,20.0,2.0,100.0,8.96
3166.0,10.0,20.0,2.0,100.0,7.76
3167.0,20.0,20.0,2.0,100.0,9.64
3168.0,40.0,20.0,2.0,100.0,10.99
3169.0,49.0,20.0,2.0,100.0,8.66
3170.0,0.0,20.0,2.0,100.0,21.51
3171.0,0.5,20.0,2.0,100.0,19.06
3172.0,1.0,20.0,2.0,100.0,14.19
3173.0,2.0,20.0,2.0,100.0,13.36
3174.0,3.0,20.0,2.0,100.0,8.4
3175.0,5.0,20.0,2.0,100.0,10.33
3176.0,10.0,20.0,2.0,100.0,8.92
3177.0,20.0,20.0,2.0,100.0,8.59
3178.0,40.0,20.0,2.0,100.0,8.97
3179.0,49.0,20.0,2.0,100.0,9.71
3180.0,0.0,20.0,2.0,100.0,21.34
3181.0,0.5,20.0,2.0,100.0,13.65
3182.0,1.0,20.0,2.0,100.0,14.76
3183.0,2.0,20.0,2.0,100.0,11.88
3184.0,3.0,20.0,2.0,100.0,12.18
3185.0,5.0,20.0,2.0,100.0,9.01
3186.0,10.0,20.0,2.0,100.0,9.33
3187.0,20.0,20.0,2.0,100.0,11.76
3188.0,40.0,20.0,2.0,100.0,8.23
3189.0,49.0,20.0,2.0,100.0,11.67
3190.0,0.0,20.0,2.0,100.0,23.86
3191.0,0.5,20.0,2.0,100.0,16.97
3192.0,1.0,20.0,2.0,100.0,15.48
3193.0,2.0,20.0,2.0,100.0,16.61
3194.0,3.0,20.0,2.0,100.0,10.16
3195.0,5.0,20.0,2.0,100.0,10.88
3196.0,10.0,20.0,2.0,100.0,9.5
3197.0,20.0,20.0,2.0,100.0,8.12
3198.0,40.0,20.0,2.0,100.0,8.92
3199.0,49.0,20.0,2.0,100.0,10.4
3200.0,0.0,20.0,2.0,100.0,20.13
3201.0,0.5,20.0,2.0,100.0,18.7
3202.0,1.0,20.0,2.0,100.0,9.65
3203.0,2.0,20.0,2.0,100.0,12.28
3204.0,3.0,20.0,2.0,100.0,16.79
3205.0,5.0,20.0,2.0,100.0,11.03
3206.0,10.0,20.0,2.0,100.0,9.22
3207.0,20.0,20.0,2.0,100.0,11.08
3208.0,40.0,20.0,2.0,100.0,9.24
3209.0,49.0,20.0,2.0,100.0,8.97
3210.0,0.0,20.0,2.0,100.0,12.59
3211.0,0.5,20.0,2.0,100.0,18.38
3212.0,1.0,20.0,2.0,100.0,13.76
3213.0,2.0,20.0,2.0,100.0,21.17
3214.0,3.0,20.0,2.0,100.0,14.49
3215.0,5.0,20.0,2.0,100.0,10.81
3216.0,10.0,20.0,2.0,100.0,13.34
3217.0,20.0,20.0,2.0,100.0,8.41
3218.0,40.0,20.0,2.0,100.0,9.04
3219.0,49.0,20.0,2.0,100.0,11.76
3220.0,0.0,20.0,2.0,100.0,10.33
3221.0,0.5,20.0,2.0,100.0,19.62
3222.0,1.0,20.0,2.0,100.0,10.11
3223.0,2.0,20.0,2.0,100.0,12.52
3224.0,3.0,20.0,2.0,100.0,14.79
3225.0,5.0,20.0,2.0,100.0,8.72
3226.0,10.0,20.0,2.0,100.0,8.94
3227.0,20.0,20.0,2.0,100.0,14.29
3228.0,40.0,20.0,2.0,100.0,8.88
3229.0,49.0,20.0,2.0,100.0,9.59
3230.0,0.0,20.0,2.0,100.0,13.8
3231.0,0.5,20.0,2.0,100.0,27.13
3232.0,1.0,20.0,2.0,100.0,13.87
3233.0,2.0,20.0,2.0,100.0,14.87
3234.0,3.0,20.0,2.0,100.0,11.46
3235.0,5.0,20.0,2.0,100.0,12.08
3236.0,10.0,20.0,2.0,100.0,9.5
3237.0,20.0,20.0,2.0,100.0,9.44
3238.0,40.0,20.0,2.0,100.0,9.87
3239.0,49.0,20.0,2.0,100.0,10.38
3240.0,0.0,20.0,2.0,100.0,24.69
3241.0,0.5,20.0,2.0,100.0,26.39
3242.0,1.0,20.0,2.0,100.0,12.04
3243.0,2.0,20.0,2.0,100.0,13.72
3244.0,3.0,20.0,2.0,100.0,11.06
3245.0,5.0,20.0,2.0,100.0,7.85
3246.0,10.0,20.0,2.0,100.0,8.21
3247.0,20.0,20.0,2.0,100.0,8.84
3248.0,40.0,20.0,2.0,100.0,8.9
3249.0,49.0,20.0,2.0,100.0,10.17
3250.0,0.0,20.0,2.0,100.0,18.9
3251.0,0.5,20.0,2.0,100.0,12.68
3252.0,1.0,20.0,2.0,100.0,17.53
3253.0,2.0,20.0,2.0,100.0,8.77
3254.0,3.0,20.0,2.0,100.0,9.62
3255.0,5.0,20.0,2.0,100.0,9.49
3256.0,10.0,20.0,2.0,100.0,9.18
3257.0,20.0,20.0,2.0,100.0,9.83
3258.0,40.0,20.0,2.0,100.0,9.27
3259.0,49.0,20.0,2.0,100.0,11.98
3260.0,0.0,20.0,2.0,100.0,24.29
3261.0,0.5,20.0,2.0,100.0,8.54
3262.0,1.0,20.0,2.0,100.0,15.16
3263.0,2.0,20.0,2.0,100.0,20.25
3264.0,3.0,20.0,2.0,100.0,10.83
3265.0,5.0,20.0,2.0,100.0,10.65
3266.0,10.0,20.0,2.0,100.0,8.53
3267.0,20.0,20.0,2.0,100.0,10.87
3268.0,40.0,20.0,2.0,100.0,8.24
3269.0,49.0,20.0,2.0,100.0,10.02
3270.0,0.0,20.0,2.0,100.0,11.86
3271.0,0.5,20.0,2.0,100.0,16.66
3272.0,1.0,20.0,2.0,100.0,24.56
3273.0,2.0,20.0,2.0,100.0,12.9
3274.0,3.0,20.0,2.0,100.0,8.62
3275.0,5.0,20.0,2.0,100.0,8.46
3276.0,10.0,20.0,2.0,100.0,10.38
3277.0,20.0,20.0,2.0,100.0,9.89
3278.0,40.0,20.0,2.0,100.0,9.0
3279.0,49.0,20.0,2.0,100.0,9.47
3280.0,0.0,20.0,2.0,100.0,15.36
3281.0,0.5,20.0,2.0,100.0,24.54
3282.0,1.0,20.0,2.0,100.0,14.27
3283.0,2.0,20.0,2.0,100.0,13.18
3284.0,3.0,20.0,2.0,100.0,8.34
3285.0,5.0,20.0,2.0,100.0,8.46
3286.0,10.0,20.0,2.0,100.0,9.3
3287.0,20.0,20.0,2.0,100.0,8.59
3288.0,40.0,20.0,2.0,100.0,9.1
3289.0,49.0,20.0,2.0,100.0,8.38
3290.0,0.0,20.0,2.0,100.0,19.87
3291.0,0.5,20.0,2.0,100.0,20.54
3292.0,1.0,20.0,2.0,100.0,21.99
3293.0,2.0,20.0,2.0,100.0,13.19
3294.0,3.0,20.0,2.0,100.0,12.8
3295.0,5.0,20.0,2.0,100.0,9.4
3296.0,10.0,20.0,2.0,100.0,11.04
3297.0,20.0,20.0,2.0,100.0,8.55
3298.0,40.0,20.0,2.0,100.0,8.23
3299.0,49.0,20.0,2.0,100.0,8.39
3300.0,0.0,20.0,2.0,100.0,11.56
3301.0,0.5,20.0,2.0,100.0,15.36
3302.0,1.0,20.0,2.0,100.0,27.06
3303.0,2.0,20.0,2.0,100.0,16.63
3304.0,3.0,20.0,2.0,100.0,7.54
3305.0,5.0,20.0,2.0,100.0,9.09
3306.0,10.0,20.0,2.0,100.0,8.75
3307.0,20.0,20.0,2.0,100.0,9.71
3308.0,40.0,20.0,2.0,100.0,9.38
3309.0,49.0,20.0,2.0,100.0,8.54
3310.0,0.0,20.0,2.0,100.0,23.13
3311.0,0.5,20.0,2.0,100.0,15.98
3312.0,1.0,20.0,2.0,100.0,11.01
3313.0,2.0,20.0,2.0,100.0,11.06
3314.0,3.0,20.0,2.0,100.0,13.62
3315.0,5.0,20.0,2.0,100.0,13.47
3316.0,10.0,20.0,2.0,100.0,9.07
3317.0,20.0,20.0,2.0,100.0,10.32
3318.0,40.0,20.0,2.0,100.0,7.65
3319.0,49.0,20.0,2.0,100.0,9.41
3320.0,0.0,20.0,2.0,100.0,17.26
3321.0,0.5,20.0,2.0,100.0,23.28
3322.0,1.0,20.0,2.0,100.0,13.97
3323.0,2.0,20.0,2.0,100.0,9.02
3324.0,3.0,20.0,2.0,100.0,12.25
3325.0,5.0,20.0,2.0,100.0,13.52
3326.0,10.0,20.0,2.0,100.0,10.31
3327.0,20.0,20.0,2.0,100.0,7.51
3328.0,40.0,20.0,2.0,100.0,12.07
3329.0,49.0,20.0,2.0,100.0,7.69
3330.0,0.0,20.0,2.0,100.0,15.52
3331.0,0.5,20.0,2.0,100.0,16.05
3332.0,1.0,20.0,2.0,100.0,9.93
3333.0,2.0,20.0,2.0,100.0,11.06
3334.0,3.0,20.0,2.0,100.0,11.71
3335.0,5.0,20.0,2.0,100.0,10.17
3336.0,10.0,20.0,2.0,100.0,7.91
3337.0,20.0,20.0,2.0,100.0,9.37
3338.0,40.0,20.0,2.0,100.0,9.57
3339.0,49.0,20.0,2.0,100.0,10.02
3340.0,0.0,20.0,2.0,100.0,15.58
3341.0,0.5,20.0,2.0,100.0,19.3
3342.0,1.0,20.0,2.0,100.0,9.96
3343.0,2.0,20.0,2.0,100.0,16.81
3344.0,3.0,20.0,2.0,100.0,11.86
3345.0,5.0,20.0,2.0,100.0,14.13
3346.0,10.0,20.0,2.0,100.0,8.86
3347.0,20.0,20.0,2.0,100.0,8.87
3348.0,40.0,20.0,2.0,100.0,10.84
3349.0,49.0,20.0,2.0,100.0,12.4
3350.0,0.0,20.0,2.0,100.0,9.36
3351.0,0.5,20.0,2.0,100.0,10.89
3352.0,1.0,20.0,2.0,100.0,23.42
3353.0,2.0,20.0,2.0,100.0,10.83
3354.0,3.0,20.0,2.0,100.0,8.05
3355.0,5.0,20.0,2.0,100.0,13.31
3356.0,10.0,20.0,2.0,100.0,9.33
3357.0,20.0,20.0,2.0,100.0,10.08
3358.0,40.0,20.0,2.0,100.0,7.47
3359.0,49.0,20.0,2.0,100.0,9.31
3360.0,0.0,20.0,2.0,100.0,22.41
3361.0,0.5,20.0,2.0,100.0,20.07
3362.0,1.0,20.0,2.0,100.0,13.35
3363.0,2.0,20.0,2.0,100.0,10.56
3364.0,3.0,20.0,2.0,100.0,12.45
3365.0,5.0,20.0,2.0,100.0,8.94
3366.0,10.0,20.0,2.0,100.0,9.17
3367.0,20.0,20.0,2.0,100.0,9.83
3368.0,40.0,20.0,2.0,100.0,11.4
3369.0,49.0,20.0,2.0,100.0,8.57
3370.0,0.0,20.0,2.0,100.0,19.64
3371.0,0.5,20.0,2.0,100.0,11.96
3372.0,1.0,20.0,2.0,100.0,10.07
3373.0,2.0,20.0,2.0,100.0,12.03
3374.0,3.0,20.0,2.0,100.0,12.38
3375.0,5.0,20.0,2.0,100.0,12.64
3376.0,10.0,20.0,2.0,100.0,9.27
3377.0,20.0,20.0,2.0,100.0,9.08
3378.0,40.0,20.0,2.0,100.0,9.22
3379.0,49.0,20.0,2.0,100.0,8.99
3380.0,0.0,20.0,2.0,100.0,20.97
3381.0,0.5,20.0,2.0,100.0,10.45
3382.0,1.0,20.0,2.0,100.0,12.09
3383.0,2.0,20.0,2.0,100.0,11.83
3384.0,3.0,20.0,2.0,100.0,10.62
3385.0,5.0,20.0,2.0,100.0,11.24
3386.0,10.0,20.0,2.0,100.0,8.55
3387.0,20.0,20.0,2.0,100.0,9.6
3388.0,40.0,20.0,2.0,100.0,9.38
3389.0,49.0,20.0,2.0,100.0,8.29
3390.0,0.0,20.0,2.0,100.0,22.03
3391.0,0.5,20.0,2.0,100.0,10.72
3392.0,1.0,20.0,2.0,100.0,11.82
3393.0,2.0,20.0,2.0,100.0,16.52
3394.0,3.0,20.0,2.0,100.0,14.06
3395.0,5.0,20.0,2.0,100.0,11.33
3396.0,10.0,20.0,2.0,100.0,7.47
3397.0,20.0,20.0,2.0,100.0,7.69
3398.0,40.0,20.0,2.0,100.0,11.0
3399.0,49.0,20.0,2.0,100.0,8.37
3400.0,0.0,20.0,2.0,100.0,16.89
3401.0,0.5,20.0,2.0,100.0,17.57
3402.0,1.0,20.0,2.0,100.0,9.96
3403.0,2.0,20.0,2.0,100.0,9.01
3404.0,3.0,20.0,2.0,100.0,11.56
3405.0,5.0,20.0,2.0,100.0,13.24
3406.0,10.0,20.0,2.0,100.0,10.2
3407.0,20.0,20.0,2.0,100.0,8.0
3408.0,40.0,20.0,2.0,100.0,9.2
3409.0,49.0,20.0,2.0,100.0,8.33
3410.0,0.0,20.0,2.0,100.0,22.72
3411.0,0.5,20.0,2.0,100.0,19.4
3412.0,1.0,20.0,2.0,100.0,18.73
3413.0,2.0,20.0,2.0,100.0,13.1
3414.0,3.0,20.0,2.0,100.0,11.96
3415.0,5.0,20.0,2.0,100.0,10.17
3416.0,10.0,20.0,2.0,100.0,9.76
3417.0,20.0,20.0,2.0,100.0,8.15
3418.0,40.0,20.0,2.0,100.0,8.52
3419.0,49.0,20.0,2.0,100.0,8.03
3420.0,0.0,20.0,2.0,100.0,15.2
3421.0,0.5,20.0,2.0,100.0,11.63
3422.0,1.0,20.0,2.0,100.0,9.23
3423.0,2.0,20.0,2.0,100.0,14.52
3424.0,3.0,20.0,2.0,100.0,11.08
3425.0,5.0,20.0,2.0,100.0,9.53
3426.0,10.0,20.0,2.0,100.0,8.49
3427.0,20.0,20.0,2.0,100.0,8.85
3428.0,40.0,20.0,2.0,100.0,8.86
3429.0,49.0,20.0,2.0,100.0,13.44
3430.0,0.0,20.0,2.0,100.0,16.62
3431.0,0.5,20.0,2.0,100.0,25.08
3432.0,1.0,20.0,2.0,100.0,18.69
3433.0,2.0,20.0,2.0,100.0,18.26
3434.0,3.0,20.0,2.0,100.0,9.1
3435.0,5.0,20.0,2.0,100.0,8.95
3436.0,10.0,20.0,2.0,100.0,10.1
3437.0,20.0,20.0,2.0,100.0,8.38
3438.0,40.0,20.0,2.0,100.0,9.58
3439.0,49.0,20.0,2.0,100.0,8.05
3440.0,0.0,20.0,2.0,100.0,23.35
3441.0,0.5,20.0,2.0,100.0,13.54
3442.0,1.0,20.0,2.0,100.0,10.15
3443.0,2.0,20.0,2.0,100.0,12.08
3444.0,3.0,20.0,2.0,100.0,13.0
3445.0,5.0,20.0,2.0,100.0,8.46
3446.0,10.0,20.0,2.0,100.0,11.09
3447.0,20.0,20.0,2.0,100.0,8.39
3448.0,40.0,20.0,2.0,100.0,8.94
3449.0,49.0,20.0,2.0,100.0,9.17
3450.0,0.0,20.0,2.0,100.0,25.06
3451.0,0.5,20.0,2.0,100.0,24.45
3452.0,1.0,20.0,2.0,100.0,10.93
3453.0,2.0,20.0,2.0,100.0,9.43
3454.0,3.0,20.0,2.0,100.0,11.58
3455.0,5.0,20.0,2.0,100.0,8.82
3456.0,10.0,20.0,2.0,100.0,8.37
3457.0,20.0,20.0,2.0,100.0,11.88
3458.0,40.0,20.0,2.0,100.0,8.52
3459.0,49.0,20.0,2.0,100.0,15.57
3460.0,0.0,20.0,2.0,100.0,21.73
3461.0,0.5,20.0,2.0,100.0,14.37
3462.0,1.0,20.0,2.0,100.0,13.0
3463.0,2.0,20.0,2.0,100.0,11.5
3464.0,3.0,20.0,2.0,100.0,10.91
3465.0,5.0,20.0,2.0,100.0,12.32
3466.0,10.0,20.0,2.0,100.0,9.62
3467.0,20.0,20.0,2.0,100.0,11.83
3468.0,40.0,20.0,2.0,100.0,7.76
3469.0,49.0,20.0,2.0,100.0,10.79
3470.0,0.0,20.0,2.0,100.0,21.94
3471.0,0.5,20.0,2.0,100.0,11.61
3472.0,1.0,20.0,2.0,100.0,11.63
3473.0,2.0,20.0,2.0,100.0,11.98
3474.0,3.0,20.0,2.0,100.0,9.41
3475.0,5.0,20.0,2.0,100.0,9.96
3476.0,10.0,20.0,2.0,100.0,11.75
3477.0,20.0,20.0,2.0,100.0,9.29
3478.0,40.0,20.0,2.0,100.0,12.09
3479.0,49.0,20.0,2.0,100.0,9.81
3480.0,0.0,20.0,2.0,100.0,10.23
3481.0,0.5,20.0,2.0,100.0,19.11
3482.0,1.0,20.0,2.0,100.0,25.45
3483.0,2.0,20.0,2.0,100.0,14.91
3484.0,3.0,20.0,2.0,100.0,18.87
3485.0,5.0,20.0,2.0,100.0,10.03
3486.0,10.0,20.0,2.0,100.0,8.57
3487.0,20.0,20.0,2.0,100.0,10.22
3488.0,40.0,20.0,2.0,100.0,9.46
3489.0,49.0,20.0,2.0,100.0,12.1
3490.0,0.0,20.0,2.0,100.0,15.1
3491.0,0.5,20.0,2.0,100.0,14.11
3492.0,1.0,20.0,2.0,100.0,24.9
3493.0,2.0,20.0,2.0,100.0,10.53
3494.0,3.0,20.0,2.0,100.0,10.0
3495.0,5.0,20.0,2.0,100.0,9.38
3496.0,10.0,20.0,2.0,100.0,9.39
3497.0,20.0,20.0,2.0,100.0,9.25
3498.0,40.0,20.0,2.0,100.0,9.04
3499.0,49.0,20.0,2.0,100.0,12.91
3500.0,0.0,20.0,2.0,100.0,27.02
3501.0,0.5,20.0,2.0,100.0,14.77
3502.0,1.0,20.0,2.0,100.0,21.0
3503.0,2.0,20.0,2.0,100.0,10.0
3504.0,3.0,20.0,2.0,100.0,12.53
3505.0,5.0,20.0,2.0,100.0,9.62
3506.0,10.0,20.0,2.0,100.0,8.56
3507.0,20.0,20.0,2.0,100.0,8.53
3508.0,40.0,20.0,2.0,100.0,7.69
3509.0,49.0,20.0,2.0,100.0,7.64
3510.0,0.0,20.0,2.0,100.0,25.15
3511.0,0.5,20.0,2.0,100.0,17.38
3512.0,1.0,20.0,2.0,100.0,15.67
3513.0,2.0,20.0,2.0,100.0,10.41
3514.0,3.0,20.0,2.0,100.0,9.54
3515.0,5.0,20.0,2.0,100.0,8.46
3516.0,10.0,20.0,2.0,100.0,12.74
3517.0,20.0,20.0,2.0,100.0,8.85
3518.0,40.0,20.0,2.0,100.0,8.07
3519.0,49.0,20.0,2.0,100.0,9.72
3520.0,0.0,20.0,2.0,100.0,26.13
3521.0,0.5,20.0,2.0,100.0,11.27
3522.0,1.0,20.0,2.0,100.0,13.83
3523.0,2.0,20.0,2.0,100.0,8.56
3524.0,3.0,20.0,2.0,100.0,9.27
3525.0,5.0,20.0,2.0,100.0,18.77
3526.0,10.0,20.0,2.0,100.0,12.7
3527.0,20.0,20.0,2.0,100.0,12.6
3528.0,40.0,20.0,2.0,100.0,10.79
3529.0,49.0,20.0,2.0,100.0,10.02
3530.0,0.0,20.0,2.0,100.0,11.79
3531.0,0.5,20.0,2.0,100.0,22.24
3532.0,1.0,20.0,2.0,100.0,13.13
3533.0,2.0,20.0,2.0,100.0,16.66
3534.0,3.0,20.0,2.0,100.0,9.37
3535.0,5.0,20.0,2.0,100.0,9.74
3536.0,10.0,20.0,2.0,100.0,7.88
3537.0,20.0,20.0,2.0,100.0,10.31
3538.0,40.0,20.0,2.0,100.0,8.74
3539.0,49.0,20.0,2.0,100.0,9.93
3540.0,0.0,20.0,2.0,100.0,22.65
3541.0,0.5,20.0,2.0,100.0,24.84
3542.0,1.0,20.0,2.0,100.0,21.53
3543.0,2.0,20.0,2.0,100.0,14.02
3544.0,3.0,20.0,2.0,100.0,13.63
3545.0,5.0,20.0,2.0,100.0,11.35
3546.0,10.0,20.0,2.0,100.0,7.88
3547.0,20.0,20.0,2.0,100.0,8.24
3548.0,40.0,20.0,2.0,100.0,9.44
3549.0,49.0,20.0,2.0,100.0,7.75
3550.0,0.0,20.0,2.0,100.0,23.15
3551.0,0.5,20.0,2.0,100.0,18.59
3552.0,1.0,20.0,2.0,100.0,21.38
3553.0,2.0,20.0,2.0,100.0,11.79
3554.0,3.0,20.0,2.0,100.0,11.38
3555.0,5.0,20.0,2.0,100.0,10.27
3556.0,10.0,20.0,2.0,100.0,10.28
3557.0,20.0,20.0,2.0,100.0,8.61
3558.0,40.0,20.0,2.0,100.0,10.15
3559.0,49.0,20.0,2.0,100.0,8.89
3560.0,0.0,20.0,2.0,100.0,22.83
3561.0,0.5,20.0,2.0,100.0,24.1
3562.0,1.0,20.0,2.0,100.0,16.09
3563.0,2.0,20.0,2.0,100.0,9.54
3564.0,3.0,20.0,2.0,100.0,10.54
3565.0,5.0,20.0,2.0,100.0,9.12
3566.0,10.0,20.0,2.0,100.0,8.89
3567.0,20.0,20.0,2.0,100.0,8.05
3568.0,40.0,20.0,2.0,100.0,7.95
3569.0,49.0,20.0,2.0,100.0,8.07
3570.0,0.0,20.0,2.0,100.0,19.55
3571.0,0.5,20.0,2.0,100.0,24.32
3572.0,1.0,20.0,2.0,100.0,14.12
3573.0,2.0,20.0,2.0,100.0,17.15
3574.0,3.0,20.0,2.0,100.0,9.2
3575.0,5.0,20.0,2.0,100.0,8.89
3576.0,10.0,20.0,2.0,100.0,10.3
3577.0,20.0,20.0,2.0,100.0,8.95
3578.0,40.0,20.0,2.0,100.0,8.18
3579.0,49.0,20.0,2.0,100.0,8.6
3580.0,0.0,20.0,2.0,100.0,13.91
3581.0,0.5,20.0,2.0,100.0,12.4
3582.0,1.0,20.0,2.0,100.0,14.72
3583.0,2.0,20.0,2.0,100.0,13.36
3584.0,3.0,20.0,2.0,100.0,14.78
3585.0,5.0,20.0,2.0,100.0,11.15
3586.0,10.0,20.0,2.0,100.0,10.42
3587.0,20.0,20.0,2.0,100.0,7.83
3588.0,40.0,20.0,2.0,100.0,8.89
3589.0,49.0,20.0,2.0,100.0,10.69
3590.0,0.0,20.0,2.0,100.0,25.87
3591.0,0.5,20.0,2.0,100.0,12.67
3592.0,1.0,20.0,2.0,100.0,15.02
3593.0,2.0,20.0,2.0,100.0,16.59
3594.0,3.0,20.0,2.0,100.0,8.4
3595.0,5.0,20.0,2.0,100.0,8.86
3596.0,10.0,20.0,2.0,100.0,9.18
3597.0,20.0,20.0,2.0,100.0,7.84
3598.0,40.0,20.0,2.0,100.0,10.32
3599.0,49.0,20.0,2.0,100.0,15.13
3600.0,0.0,20.0,2.0,100.0,13.75
3601.0,0.5,20.0,2.0,100.0,13.75
3602.0,1.0,20.0,2.0,100.0,12.2
3603.0,2.0,20.0,2.0,100.0,9.64
3604.0,3.0,20.0,2.0,100.0,11.25
3605.0,5.0,20.0,2.0,100.0,16.01
3606.0,10.0,20.0,2.0,100.0,8.72
3607.0,20.0,20.0,2.0,100.0,9.73
3608.0,40.0,20.0,2.0,100.0,7.93
3609.0,49.0,20.0,2.0,100.0,8.48
3610.0,0.0,20.0,2.0,100.0,22.25
3611.0,0.5,20.0,2.0,100.0,23.63
3612.0,1.0,20.0,2.0,100.0,17.21
3613.0,2.0,20.0,2.0,100.0,11.62
3614.0,3.0,20.0,2.0,100.0,17.8
3615.0,5.0,20.0,2.0,100.0,10.73
3616.0,10.0,20.0,2.0,100.0,9.74
3617.0,20.0,20.0,2.0,100.0,8.46
3618.0,40.0,20.0,2.0,100.0,9.75
3619.0,49.0,20.0,2.0,100.0,7.48
3620.0,0.0,20.0,2.0,100.0,17.76
3621.0,0.5,20.0,2.0,100.0,24.65
3622.0,1.0,20.0,2.0,100.0,13.56
3623.0,2.0,20.0,2.0,100.0,9.08
3624.0,3.0,20.0,2.0,100.0,12.63
3625.0,5.0,20.0,2.0,100.0,10.71
3626.0,10.0,20.0,2.0,100.0,9.59
3627.0,20.0,20.0,2.0,100.0,9.78
3628.0,40.0,20.0,2.0,100.0,8.36
3629.0,49.0,20.0,2.0,100.0,10.03
3630.0,0.0,20.0,2.0,100.0,24.57
3631.0,0.5,20.0,2.0,100.0,19.08
3632.0,1.0,20.0,2.0,100.0,10.56
3633.0,2.0,20.0,2.0,100.0,7.94
3634.0,3.0,20.0,2.0,100.0,11.98
3635.0,5.0,20.0,2.0,100.0,9.4
3636.0,10.0,20.0,2.0,100.0,11.3
3637.0,20.0,20.0,2.0,100.0,13.48
3638.0,40.0,20.0,2.0,100.0,9.37
3639.0,49.0,20.0,2.0,100.0,7.85
3640.0,0.0,20.0,2.0,100.0,22.37
3641.0,0.5,20.0,2.0,100.0,15.32
3642.0,1.0,20.0,2.0,100.0,13.01
3643.0,2.0,20.0,2.0,100.0,9.17
3644.0,3.0,20.0,2.0,100.0,8.57
3645.0,5.0,20.0,2.0,100.0,8.45
3646.0,10.0,20.0,2.0,100.0,11.43
3647.0,20.0,20.0,2.0,100.0,9.44
3648.0,40.0,20.0,2.0,100.0,11.09
3649.0,49.0,20.0,2.0,100.0,9.11
3650.0,0.0,20.0,2.0,100.0,16.23
3651.0,0.5,20.0,2.0,100.0,25.13
3652.0,1.0,20.0,2.0,100.0,12.84
3653.0,2.0,20.0,2.0,100.0,9.21
3654.0,3.0,20.0,2.0,100.0,9.23
3655.0,5.0,20.0,2.0,100.0,10.64
3656.0,10.0,20.0,2.0,100.0,9.12
3657.0,20.0,20.0,2.0,100.0,8.25
3658.0,40.0,20.0,2.0,100.0,8.24
3659.0,49.0,20.0,2.0,100.0,8.27
3660.0,0.0,20.0,2.0,100.0,21.31
3661.0,0.5,20.0,2.0,100.0,11.87
3662.0,1.0,20.0,2.0,100.0,19.6
3663.0,2.0,20.0,2.0,100.0,13.59
3664.0,3.0,20.0,2.0,100.0,11.63
3665.0,5.0,20.0,2.0,100.0,9.3
3666.0,10.0,20.0,2.0,100.0,8.81
3667.0,20.0,20.0,2.0,100.0,9.45
3668.0,40.0,20.0,2.0,100.0,8.4
3669.0,49.0,20.0,2.0,100.0,9.3
3670.0,0.0,20.0,2.0,100.0,10.96
3671.0,0.5,20.0,2.0,100.0,11.52
3672.0,1.0,20.0,2.0,100.0,22.03
3673.0,2.0,20.0,2.0,100.0,11.36
3674.0,3.0,20.0,2.0,100.0,10.51
3675.0,5.0,20.0,2.0,100.0,9.73
3676.0,10.0,20.0,2.0,100.0,9.27
3677.0,20.0,20.0,2.0,100.0,8.47
3678.0,40.0,20.0,2.0,100.0,7.9
3679.0,49.0,20.0,2.0,100.0,8.04
3680.0,0.0,20.0,2.0,100.0,24.04
3681.0,0.5,20.0,2.0,100.0,12.74
3682.0,1.0,20.0,2.0,100.0,8.97
3683.0,2.0,20.0,2.0,100.0,14.52
3684.0,3.0,20.0,2.0,100.0,9.27
3685.0,5.0,20.0,2.0,100.0,8.38
3686.0,10.0,20.0,2.0,100.0,10.55
3687.0,20.0,20.0,2.0,100.0,9.61
3688.0,40.0,20.0,2.0,100.0,9.99
3689.0,49.0,20.0,2.0,100.0,11.22
3690.0,0.0,20.0,2.0,100.0,16.18
3691.0,0.5,20.0,2.0,100.0,12.14
3692.0,1.0,20.0,2.0,100.0,12.58
3693.0,2.0,20.0,2.0,100.0,12.37
3694.0,3.0,20.0,2.0,100.0,9.72
3695.0,5.0,20.0,2.0,100.0,10.88
3696.0,10.0,20.0,2.0,100.0,10.76
3697.0,20.0,20.0,2.0,100.0,9.56
3698.0,40.0,20.0,2.0,100.0,8.26
3699.0,49.0,20.0,2.0,100.0,8.91
3700.0,0.0,20.0,2.0,100.0,11.86
3701.0,0.5,20.0,2.0,100.0,10.06
3702.0,1.0,20.0,2.0,100.0,10.55
3703.0,2.0,20.0,2.0,100.0,11.17
3704.0,3.0,20.0,2.0,100.0,15.21
3705.0,5.0,20.0,2.0,100.0,9.81
3706.0,10.0,20.0,2.0,100.0,11.03
3707.0,20.0,20.0,2.0,100.0,10.36
3708.0,40.0,20.0,2.0,100.0,8.44
3709.0,49.0,20.0,2.0,100.0,8.04
3710.0,0.0,20.0,2.0,100.0,16.78
3711.0,0.5,20.0,2.0,100.0,24.07
3712.0,1.0,20.0,2.0,100.0,21.27
3713.0,2.0,20.0,2.0,100.0,13.9
3714.0,3.0,20.0,2.0,100.0,8.43
3715.0,5.0,20.0,2.0,100.0,10.93
3716.0,10.0,20.0,2.0,100.0,8.71
3717.0,20.0,20.0,2.0,100.0,8.46
3718.0,40.0,20.0,2.0,100.0,12.14
3719.0,49.0,20.0,2.0,100.0,9.73
3720.0,0.0,20.0,2.0,100.0,21.54
3721.0,0.5,20.0,2.0,100.0,9.27
3722.0,1.0,20.0,2.0,100.0,20.78
3723.0,2.0,20.0,2.0,100.0,9.9
3724.0,3.0,20.0,2.0,100.0,10.95
3725.0,5.0,20.0,2.0,100.0,12.09
3726.0,10.0,20.0,2.0,100.0,8.93
3727.0,20.0,20.0,2.0,100.0,8.46
3728.0,40.0,20.0,2.0,100.0,8.77
3729.0,49.0,20.0,2.0,100.0,9.53
3730.0,0.0,20.0,2.0,100.0,12.2
3731.0,0.5,20.0,2.0,100.0,13.87
3732.0,1.0,20.0,2.0,100.0,15.38
3733.0,2.0,20.0,2.0,100.0,8.99
3734.0,3.0,20.0,2.0,100.0,9.99
3735.0,5.0,20.0,2.0,100.0,11.05
3736.0,10.0,20.0,2.0,100.0,8.98
3737.0,20.0,20.0,2.0,100.0,9.38
3738.0,40.0,20.0,2.0,100.0,10.04
3739.0,49.0,20.0,2.0,100.0,8.14
3740.0,0.0,20.0,2.0,100.0,19.1
3741.0,0.5,20.0,2.0,100.0,15.02
3742.0,1.0,20.0,2.0,100.0,14.98
3743.0,2.0,20.0,2.0,100.0,11.91
3744.0,3.0,20.0,2.0,100.0,13.16
3745.0,5.0,20.0,2.0,100.0,8.08
3746.0,10.0,20.0,2.0,100.0,7.79
3747.0,20.0,20.0,2.0,100.0,11.25
3748.0,40.0,20.0,2.0,100.0,9.33
3749.0,49.0,20.0,2.0,100.0,9.62
3750.0,0.0,20.0,2.0,100.0,9.08
3751.0,0.5,20.0,2.0,100.0,19.88
3752.0,1.0,20.0,2.0,100.0,10.41
3753.0,2.0,20.0,2.0,100.0,25.27
3754.0,3.0,20.0,2.0,100.0,9.93
3755.0,5.0,20.0,2.0,100.0,12.15
3756.0,10.0,20.0,2.0,100.0,11.06
3757.0,20.0,20.0,2.0,100.0,9.64
3758.0,40.0,20.0,2.0,100.0,9.02
3759.0,49.0,20.0,2.0,100.0,9.31
3760.0,0.0,20.0,2.0,100.0,14.65
3761.0,0.5,20.0,2.0,100.0,25.64
3762.0,1.0,20.0,2.0,100.0,10.97
3763.0,2.0,20.0,2.0,100.0,16.84
3764.0,3.0,20.0,2.0,100.0,11.55
3765.0,5.0,20.0,2.0,100.0,10.73
3766.0,10.0,20.0,2.0,100.0,10.58
3767.0,20.0,20.0,2.0,100.0,8.78
3768.0,40.0,20.0,2.0,100.0,8.29
3769.0,49.0,20.0,2.0,100.0,7.88
3770.0,0.0,20.0,2.0,100.0,19.37
3771.0,0.5,20.0,2.0,100.0,14.11
3772.0,1.0,20.0,2.0,100.0,7.94
3773.0,2.0,20.0,2.0,100.0,12.11
3774.0,3.0,20.0,2.0,100.0,9.6
3775.0,5.0,20.0,2.0,100.0,8.92
3776.0,10.0,20.0,2.0,100.0,10.46
3777.0,20.0,20.0,2.0,100.0,9.79
3778.0,40.0,20.0,2.0,100.0,7.95
3779.0,49.0,20.0,2.0,100.0,8.48
3780.0,0.0,20.0,2.0,100.0,13.86
3781.0,0.5,20.0,2.0,100.0,11.99
3782.0,1.0,20.0,2.0,100.0,17.11
3783.0,2.0,20.0,2.0,100.0,12.53
3784.0,3.0,20.0,2.0,100.0,15.77
3785.0,5.0,20.0,2.0,100.0,9.25
3786.0,10.0,20.0,2.0,100.0,9.02
3787.0,20.0,20.0,2.0,100.0,9.98
3788.0,40.0,20.0,2.0,100.0,9.69
3789.0,49.0,20.0,2.0,100.0,9.18
3790.0,0.0,20.0,2.0,100.0,24.97
3791.0,0.5,20.0,2.0,100.0,13.46
3792.0,1.0,20.0,2.0,100.0,10.69
3793.0,2.0,20.0,2.0,100.0,17.02
3794.0,3.0,20.0,2.0,100.0,9.08
3795.0,5.0,20.0,2.0,100.0,9.25
3796.0,10.0,20.0,2.0,100.0,10.1
3797.0,20.0,20.0,2.0,100.0,9.61
3798.0,40.0,20.0,2.0,100.0,8.45
3799.0,49.0,20.0,2.0,100.0,10.61
3800.0,0.0,20.0,2.0,100.0,25.14
3801.0,0.5,20.0,2.0,100.0,13.75
3802.0,1.0,20.0,2.0,100.0,16.82
3803.0,2.0,20.0,2.0,100.0,14.83
3804.0,3.0,20.0,2.0,100.0,10.39
3805.0,5.0,20.0,2.0,100.0,9.28
3806.0,10.0,20.0,2.0,100.0,9.93
3807.0,20.0,20.0,2.0,100.0,9.6
3808.0,40.0,20.0,2.0,100.0,8.28
3809.0,49.0,20.0,2.0,100.0,10.09
3810.0,0.0,20.0,2.0,100.0,15.28
3811.0,0.5,20.0,2.0,100.0,14.3
3812.0,1.0,20.0,2.0,100.0,21.61
3813.0,2.0,20.0,2.0,100.0,12.18
3814.0,3.0,20.0,2.0,100.0,12.05
3815.0,5.0,20.0,2.0,100.0,9.19
3816.0,10.0,20.0,2.0,100.0,8.92
3817.0,20.0,20.0,2.0,100.0,9.32
3818.0,40.0,20.0,2.0,100.0,10.28
3819.0,49.0,20.0,2.0,100.0,9.99
3820.0,0.0,20.0,2.0,100.0,19.6
3821.0,0.5,20.0,2.0,100.0,26.55
3822.0,1.0,20.0,2.0,100.0,26.38
3823.0,2.0,20.0,2.0,100.0,17.85
3824.0,3.0,20.0,2.0,100.0,7.94
3825.0,5.0,20.0,2.0,100.0,10.05
3826.0,10.0,20.0,2.0,100.0,11.86
3827.0,20.0,20.0,2.0,100.0,8.83
3828.0,40.0,20.0,2.0,100.0,10.29
3829.0,49.0,20.0,2.0,100.0,9.58
3830.0,0.0,20.0,2.0,100.0,21.66
3831.0,0.5,20.0,2.0,100.0,18.48
3832.0,1.0,20.0,2.0,100.0,13.87
3833.0,2.0,20.0,2.0,100.0,11.24
3834.0,3.0,20.0,2.0,100.0,14.54
3835.0,5.0,20.0,2.0,100.0,7.6
3836.0,10.0,20.0,2.0,100.0,9.23
3837.0,20.0,20.0,2.0,100.0,8.95
3838.0,40.0,20.0,2.0,100.0,7.63
3839.0,49.0,20.0,2.0,100.0,9.38
3840.0,0.0,20.0,2.0,100.0,24.26
3841.0,0.5,20.0,2.0,100.0,25.82
3842.0,1.0,20.0,2.0,100.0,8.86
3843.0,2.0,20.0,2.0,100.0,15.04
3844.0,3.0,20.0,2.0,100.0,10.09
3845.0,5.0,20.0,2.0,100.0,9.3
3846.0,10.0,20.0,2.0,100.0,10.05
3847.0,20.0,20.0,2.0,100.0,7.77
3848.0,40.0,20.0,2.0,100.0,7.34
3849.0,49.0,20.0,2.0,100.0,10.86
3850.0,0.0,20.0,2.0,100.0,16.52
3851.0,0.5,20.0,2.0,100.0,21.07
3852.0,1.0,20.0,2.0,100.0,9.22
3853.0,2.0,20.0,2.0,100.0,17.91
3854.0,3.0,20.0,2.0,100.0,9.49
3855.0,5.0,20.0,2.0,100.0,9.24
3856.0,10.0,20.0,2.0,100.0,9.5
3857.0,20.0,20.0,2.0,100.0,9.03
3858.0,40.0,20.0,2.0,100.0,8.6
3859.0,49.0,20.0,2.0,100.0,9.52
3860.0,0.0,20.0,2.0,100.0,18.21
3861.0,0.5,20.0,2.0,100.0,12.33
3862.0,1.0,20.0,2.0,100.0,21.34
3863.0,2.0,20.0,2.0,100.0,17.81
3864.0,3.0,20.0,2.0,100.0,9.12
3865.0,5.0,20.0,2.0,100.0,7.83
3866.0,10.0,20.0,2.0,100.0,8.66
3867.0,20.0,20.0,2.0,100.0,9.9
3868.0,40.0,20.0,2.0,100.0,8.57
3869.0,49.0,20.0,2.0,100.0,8.71
3870.0,0.0,20.0,2.0,100.0,25.62
3871.0,0.5,20.0,2.0,100.0,25.14
3872.0,1.0,20.0,2.0,100.0,17.46
3873.0,2.0,20.0,2.0,100.0,9.72
3874.0,3.0,20.0,2.0,100.0,7.64
3875.0,5.0,20.0,2.0,100.0,9.64
3876.0,10.0,20.0,2.0,100.0,10.73
3877.0,20.0,20.0,2.0,100.0,10.52
3878.0,40.0,20.0,2.0,100.0,8.27
3879.0,49.0,20.0,2.0,100.0,8.69
3880.0,0.0,20.0,2.0,100.0,25.19
3881.0,0.5,20.0,2.0,100.0,12.44
3882.0,1.0,20.0,2.0,100.0,10.26
3883.0,2.0,20.0,2.0,100.0,9.33
3884.0,3.0,20.0,2.0,100.0,11.51
3885.0,5.0,20.0,2.0,100.0,9.62
3886.0,10.0,20.0,2.0,100.0,9.71
3887.0,20.0,20.0,2.0,100.0,8.19
3888.0,40.0,20.0,2.0,100.0,8.44
3889.0,49.0,20.0,2.0,100.0,9.23
3890.0,0.0,20.0,2.0,100.0,19.06
3891.0,0.5,20.0,2.0,100.0,19.7
3892.0,1.0,20.0,2.0,100.0,13.59
3893.0,2.0,20.0,2.0,100.0,12.92
3894.0,3.0,20.0,2.0,100.0,8.71
3895.0,5.0,20.0,2.0,100.0,11.54
3896.0,10.0,20.0,2.0,100.0,8.25
3897.0,20.0,20.0,2.0,100.0,8.72
3898.0,40.0,20.0,2.0,100.0,8.34
3899.0,49.0,20.0,2.0,100.0,11.32
3900.0,0.0,20.0,2.0,100.0,19.83
3901.0,0.5,20.0,2.0,100.0,12.67
3902.0,1.0,20.0,2.0,100.0,15.78
3903.0,2.0,20.0,2.0,100.0,11.43
3904.0,3.0,20.0,2.0,100.0,12.52
3905.0,5.0,20.0,2.0,100.0,11.05
3906.0,10.0,20.0,2.0,100.0,7.76
3907.0,20.0,20.0,2.0,100.0,9.85
3908.0,40.0,20.0,2.0,100.0,10.01
3909.0,49.0,20.0,2.0,100.0,10.71
3910.0,0.0,20.0,2.0,100.0,11.01
3911.0,0.5,20.0,2.0,100.0,22.09
3912.0,1.0,20.0,2.0,100.0,11.18
3913.0,2.0,20.0,2.0,100.0,13.8
3914.0,3.0,20.0,2.0,100.0,19.12
3915.0,5.0,20.0,2.0,100.0,7.72
3916.0,10.0,20.0,2.0,100.0,9.37
3917.0,20.0,20.0,2.0,100.0,9.96
3918.0,40.0,20.0,2.0,100.0,8.57
3919.0,49.0,20.0,2.0,100.0,9.66
3920.0,0.0,20.0,2.0,100.0,12.35
3921.0,0.5,20.0,2.0,100.0,8.55
3922.0,1.0,20.0,2.0,100.0,17.56
3923.0,2.0,20.0,2.0,100.0,9.22
3924.0,3.0,20.0,2.0,100.0,9.55
3925.0,5.0,20.0,2.0,100.0,10.03
3926.0,10.0,20.0,2.0,100.0,9.77
3927.0,20.0,20.0,2.0,100.0,8.43
3928.0,40.0,20.0,2.0,100.0,8.68
3929.0,49.0,20.0,2.0,100.0,10.85
3930.0,0.0,20.0,2.0,100.0,21.69
3931.0,0.5,20.0,2.0,100.0,13.95
3932.0,1.0,20.0,2.0,100.0,13.36
3933.0,2.0,20.0,2.0,100.0,13.22
3934.0,3.0,20.0,2.0,100.0,9.86
3935.0,5.0,20.0,2.0,100.0,9.69
3936.0,10.0,20.0,2.0,100.0,8.99
3937.0,20.0,20.0,2.0,100.0,9.08
3938.0,40.0,20.0,2.0,100.0,11.28
3939.0,49.0,20.0,2.0,100.0,9.55
3940.0,0.0,20.0,2.0,100.0,23.96
3941.0,0.5,20.0,2.0,100.0,15.09
3942.0,1.0,20.0,2.0,100.0,18.13
3943.0,2.0,20.0,2.0,100.0,7.94
3944.0,3.0,20.0,2.0,100.0,11.38
3945.0,5.0,20.0,2.0,100.0,8.05
3946.0,10.0,20.0,2.0,100.0,9.56
3947.0,20.0,20.0,2.0,100.0,8.72
3948.0,40.0,20.0,2.0,100.0,13.51
3949.0,49.0,20.0,2.0,100.0,10.91
3950.0,0.0,20.0,2.0,100.0,21.28
3951.0,0.5,20.0,2.0,100.0,9.36
3952.0,1.0,20.0,2.0,100.0,21.02
3953.0,2.0,20.0,2.0,100.0,12.62
3954.0,3.0,20.0,2.0,100.0,14.16
3955.0,5.0,20.0,2.0,100.0,11.77
3956.0,10.0,20.0,2.0,100.0,8.37
3957.0,20.0,20.0,2.0,100.0,8.29
3958.0,40.0,20.0,2.0,100.0,9.69
3959.0,49.0,20.0,2.0,100.0,9.05
3960.0,0.0,20.0,2.0,100.0,22.47
3961.0,0.5,20.0,2.0,100.0,13.62
3962.0,1.0,20.0,2.0,100.0,13.47
3963.0,2.0,20.0,2.0,100.0,10.42
3964.0,3.0,20.0,2.0,100.0,13.99
3965.0,5.0,20.0,2.0,100.0,8.04
3966.0,10.0,20.0,2.0,100.0,10.96
3967.0,20.0,20.0,2.0,100.0,10.65
3968.0,40.0,20.0,2.0,100.0,9.14
3969.0,49.0,20.0,2.0,100.0,8.91
3970.0,0.0,20.0,2.0,100.0,24.47
3971.0,0.5,20.0,2.0,100.0,16.17
3972.0,1.0,20.0,2.0,100.0,11.74
3973.0,2.0,20.0,2.0,100.0,17.45
3974.0,3.0,20.0,2.0,100.0,15.16
3975.0,5.0,20.0,2.0,100.0,8.25
3976.0,10.0,20.0,2.0,100.0,11.63
3977.0,20.0,20.0,2.0,100.0,8.98
3978.0,40.0,20.0,2.0,100.0,8.72
3979.0,49.0,20.0,2.0,100.0,8.13
3980.0,0.0,20.0,2.0,100.0,12.05
3981.0,0.5,20.0,2.0,100.0,16.06
3982.0,1.0,20.0,2.0,100.0,12.8
3983.0,2.0,20.0,2.0,100.0,14.63
3984.0,3.0,20.0,2.0,100.0,9.78
3985.0,5.0,20.0,2.0,100.0,9.92
3986.0,10.0,20.0,2.0,100.0,8.19
3987.0,20.0,20.0,2.0,100.0,12.33
3988.0,40.0,20.0,2.0,100.0,9.14
3989.0,49.0,20.0,2.0,100.0,9.35
3990.0,0.0,20.0,2.0,100.0,23.26
3991.0,0.5,20.0,2.0,100.0,13.09
3992.0,1.0,20.0,2.0,100.0,13.12
3993.0,2.0,20.0,2.0,100.0,13.52
3994.0,3.0,20.0,2.0,100.0,12.4
3995.0,5.0,20.0,2.0,100.0,10.75
3996.0,10.0,20.0,2.0,100.0,8.19
3997.0,20.0,20.0,2.0,100.0,10.57
3998.0,40.0,20.0,2.0,100.0,9.99
3999.0,49.0,20.0,2.0,100.0,8.47
4000.0,0.0,20.0,2.0,100.0,10.96
4001.0,0.5,20.0,2.0,100.0,16.19
4002.0,1.0,20.0,2.0,100.0,13.45
4003.0,2.0,20.0,2.0,100.0,13.92
4004.0,3.0,20.0,2.0,100.0,8.62
4005.0,5.0,20.0,2.0,100.0,8.91
4006.0,10.0,20.0,2.0,100.0,9.73
4007.0,20.0,20.0,2.0,100.0,9.59
4008.0,40.0,20.0,2.0,100.0,8.66
4009.0,49.0,20.0,2.0,100.0,12.16
4010.0,0.0,20.0,2.0,100.0,18.22
4011.0,0.5,20.0,2.0,100.0,12.44
4012.0,1.0,20.0,2.0,100.0,14.42
4013.0,2.0,20.0,2.0,100.0,16.47
4014.0,3.0,20.0,2.0,100.0,11.63
4015.0,5.0,20.0,2.0,100.0,9.43
4016.0,10.0,20.0,2.0,100.0,10.16
4017.0,20.0,20.0,2.0,100.0,8.59
4018.0,40.0,20.0,2.0,100.0,7.98
4019.0,49.0,20.0,2.0,100.0,13.48
4020.0,0.0,20.0,2.0,100.0,21.53
4021.0,0.5,20.0,2.0,100.0,18.91
4022.0,1.0,20.0,2.0,100.0,16.48
4023.0,2.0,20.0,2.0,100.0,8.63
4024.0,3.0,20.0,2.0,100.0,9.35
4025.0,5.0,20.0,2.0,100.0,7.68
4026.0,10.0,20.0,2.0,100.0,11.76
4027.0,20.0,20.0,2.0,100.0,8.61
4028.0,40.0,20.0,2.0,100.0,9.4
4029.0,49.0,20.0,2.0,100.0,8.58
4030.0,0.0,20.0,2.0,100.0,21.98
4031.0,0.5,20.0,2.0,100.0,23.92
4032.0,1.0,20.0,2.0,100.0,11.15
4033.0,2.0,20.0,2.0,100.0,12.48
4034.0,3.0,20.0,2.0,100.0,9.74
4035.0,5.0,20.0,2.0,100.0,8.72
4036.0,10.0,20.0,2.0,100.0,8.29
4037.0,20.0,20.0,2.0,100.0,9.04
4038.0,40.0,20.0,2.0,100.0,8.68
4039.0,49.0,20.0,2.0,100.0,10.75
4040.0,0.0,20.0,2.0,100.0,11.59
4041.0,0.5,20.0,2.0,100.0,10.62
4042.0,1.0,20.0,2.0,100.0,11.68
4043.0,2.0,20.0,2.0,100.0,12.11
4044.0,3.0,20.0,2.0,100.0,15.73
4045.0,5.0,20.0,2.0,100.0,10.35
4046.0,10.0,20.0,2.0,100.0,9.75
4047.0,20.0,20.0,2.0,100.0,9.99
4048.0,40.0,20.0,2.0,100.0,10.08
4049.0,49.0,20.0,2.0,100.0,10.18
4050.0,0.0,20.0,2.0,100.0,25.01
4051.0,0.5,20.0,2.0,100.0,10.06
4052.0,1.0,20.0,2.0,100.0,18.23
4053.0,2.0,20.0,2.0,100.0,10.9
4054.0,3.0,20.0,2.0,100.0,14.07
4055.0,5.0,20.0,2.0,100.0,8.16
4056.0,10.0,20.0,2.0,100.0,7.99
4057.0,20.0,20.0,2.0,100.0,10.6
4058.0,40.0,20.0,2.0,100.0,8.78
4059.0,49.0,20.0,2.0,100.0,12.47
4060.0,0.0,20.0,2.0,100.0,24.52
4061.0,0.5,20.0,2.0,100.0,17.24
4062.0,1.0,20.0,2.0,100.0,25.3
4063.0,2.0,20.0,2.0,100.0,9.67
4064.0,3.0,20.0,2.0,100.0,16.57
4065.0,5.0,20.0,2.0,100.0,11.02
4066.0,10.0,20.0,2.0,100.0,7.67
4067.0,20.0,20.0,2.0,100.0,8.79
4068.0,40.0,20.0,2.0,100.0,8.46
4069.0,49.0,20.0,2.0,100.0,9.61
4070.0,0.0,20.0,2.0,100.0,25.93
4071.0,0.5,20.0,2.0,100.0,14.78
4072.0,1.0,20.0,2.0,100.0,20.7
4073.0,2.0,20.0,2.0,100.0,16.4
4074.0,3.0,20.0,2.0,100.0,14.74
4075.0,5.0,20.0,2.0,100.0,8.36
4076.0,10.0,20.0,2.0,100.0,9.61
4077.0,20.0,20.0,2.0,100.0,10.0
4078.0,40.0,20.0,2.0,100.0,8.89
4079.0,49.0,20.0,2.0,100.0,7.75
4080.0,0.0,20.0,2.0,100.0,12.4
4081.0,0.5,20.0,2.0,100.0,13.78
4082.0,1.0,20.0,2.0,100.0,18.73
4083.0,2.0,20.0,2.0,100.0,23.9
4084.0,3.0,20.0,2.0,100.0,10.07
4085.0,5.0,20.0,2.0,100.0,10.57
4086.0,10.0,20.0,2.0,100.0,10.77
4087.0,20.0,20.0,2.0,100.0,10.22
4088.0,40.0,20.0,2.0,100.0,7.84
4089.0,49.0,20.0,2.0,100.0,8.94
4090.0,0.0,20.0,2.0,100.0,20.79
4091.0,0.5,20.0,2.0,100.0,11.75
4092.0,1.0,20.0,2.0,100.0,14.62
4093.0,2.0,20.0,2.0,100.0,14.17
4094.0,3.0,20.0,2.0,100.0,10.51
4095.0,5.0,20.0,2.0,100.0,11.24
4096.0,10.0,20.0,2.0,100.0,9.69
4097.0,20.0,20.0,2.0,100.0,9.1
4098.0,40.0,20.0,2.0,100.0,9.41
4099.0,49.0,20.0,2.0,100.0,8.88
4100.0,0.0,20.0,2.0,100.0,11.53
4101.0,0.5,20.0,2.0,100.0,12.41
4102.0,1.0,20.0,2.0,100.0,15.42
4103.0,2.0,20.0,2.0,100.0,12.2
4104.0,3.0,20.0,2.0,100.0,16.07
4105.0,5.0,20.0,2.0,100.0,9.41
4106.0,10.0,20.0,2.0,100.0,9.45
4107.0,20.0,20.0,2.0,100.0,7.58
4108.0,40.0,20.0,2.0,100.0,8.51
4109.0,49.0,20.0,2.0,100.0,9.39
4110.0,0.0,20.0,2.0,100.0,21.72
4111.0,0.5,20.0,2.0,100.0,14.06
4112.0,1.0,20.0,2.0,100.0,13.5
4113.0,2.0,20.0,2.0,100.0,14.15
4114.0,3.0,20.0,2.0,100.0,11.54
4115.0,5.0,20.0,2.0,100.0,11.01
4116.0,10.0,20.0,2.0,100.0,8.76
4117.0,20.0,20.0,2.0,100.0,9.53
4118.0,40.0,20.0,2.0,100.0,7.87
4119.0,49.0,20.0,2.0,100.0,12.03
4120.0,0.0,20.0,2.0,100.0,14.69
4121.0,0.5,20.0,2.0,100.0,12.9
4122.0,1.0,20.0,2.0,100.0,11.32
4123.0,2.0,20.0,2.0,100.0,9.01
4124.0,3.0,20.0,2.0,100.0,12.86
4125.0,5.0,20.0,2.0,100.0,13.39
4126.0,10.0,20.0,2.0,100.0,12.11
4127.0,20.0,20.0,2.0,100.0,8.85
4128.0,40.0,20.0,2.0,100.0,8.16
4129.0,49.0,20.0,2.0,100.0,8.12
4130.0,0.0,20.0,2.0,100.0,22.74
4131.0,0.5,20.0,2.0,100.0,22.07
4132.0,1.0,20.0,2.0,100.0,8.14
4133.0,2.0,20.0,2.0,100.0,11.3
4134.0,3.0,20.0,2.0,100.0,14.09
4135.0,5.0,20.0,2.0,100.0,8.1
4136.0,10.0,20.0,2.0,100.0,9.77
4137.0,20.0,20.0,2.0,100.0,9.66
4138.0,40.0,20.0,2.0,100.0,8.61
4139.0,49.0,20.0,2.0,100.0,7.74
4140.0,0.0,20.0,2.0,100.0,21.79
4141.0,0.5,20.0,2.0,100.0,11.06
4142.0,1.0,20.0,2.0,100.0,16.87
4143.0,2.0,20.0,2.0,100.0,21.98
4144.0,3.0,20.0,2.0,100.0,17.15
4145.0,5.0,20.0,2.0,100.0,9.59
4146.0,10.0,20.0,2.0,100.0,9.78
4147.0,20.0,20.0,2.0,100.0,8.8
4148.0,40.0,20.0,2.0,100.0,8.56
4149.0,49.0,20.0,2.0,100.0,10.0
4150.0,0.0,20.0,2.0,100.0,15.56
4151.0,0.5,20.0,2.0,100.0,17.99
4152.0,1.0,20.0,2.0,100.0,13.65
4153.0,2.0,20.0,2.0,100.0,15.37
4154.0,3.0,20.0,2.0,100.0,8.43
4155.0,5.0,20.0,2.0,100.0,9.59
4156.0,10.0,20.0,2.0,100.0,9.19
4157.0,20.0,20.0,2.0,100.0,11.5
4158.0,40.0,20.0,2.0,100.0,8.18
4159.0,49.0,20.0,2.0,100.0,7.48
4160.0,0.0,20.0,2.0,100.0,17.43
4161.0,0.5,20.0,2.0,100.0,22.07
4162.0,1.0,20.0,2.0,100.0,12.58
4163.0,2.0,20.0,2.0,100.0,14.69
4164.0,3.0,20.0,2.0,100.0,10.35
4165.0,5.0,20.0,2.0,100.0,9.86
4166.0,10.0,20.0,2.0,100.0,8.8
4167.0,20.0,20.0,2.0,100.0,8.55
4168.0,40.0,20.0,2.0,100.0,9.89
4169.0,49.0,20.0,2.0,100.0,9.28
4170.0,0.0,20.0,2.0,100.0,18.54
4171.0,0.5,20.0,2.0,100.0,9.69
4172.0,1.0,20.0,2.0,100.0,11.59
4173.0,2.0,20.0,2.0,100.0,11.9
4174.0,3.0,20.0,2.0,100.0,11.2
4175.0,5.0,20.0,2.0,100.0,11.08
4176.0,10.0,20.0,2.0,100.0,8.3
4177.0,20.0,20.0,2.0,100.0,8.94
4178.0,40.0,20.0,2.0,100.0,9.73
4179.0,49.0,20.0,2.0,100.0,8.32
4180.0,0.0,20.0,2.0,100.0,15.96
4181.0,0.5,20.0,2.0,100.0,14.69
4182.0,1.0,20.0,2.0,100.0,11.34
4183.0,2.0,20.0,2.0,100.0,13.73
4184.0,3.0,20.0,2.0,100.0,10.67
4185.0,5.0,20.0,2.0,100.0,10.6
4186.0,10.0,20.0,2.0,100.0,8.26
4187.0,20.0,20.0,2.0,100.0,8.27
4188.0,40.0,20.0,2.0,100.0,8.53
4189.0,49.0,20.0,2.0,100.0,8.22
4190.0,0.0,20.0,2.0,100.0,19.62
4191.0,0.5,20.0,2.0,100.0,13.9
4192.0,1.0,20.0,2.0,100.0,20.78
4193.0,2.0,20.0,2.0,100.0,12.63
4194.0,3.0,20.0,2.0,100.0,13.55
4195.0,5.0,20.0,2.0,100.0,12.02
4196.0,10.0,20.0,2.0,100.0,10.4
4197.0,20.0,20.0,2.0,100.0,8.16
4198.0,40.0,20.0,2.0,100.0,9.12
4199.0,49.0,20.0,2.0,100.0,7.72
4200.0,0.0,20.0,2.0,100.0,15.56
4201.0,0.5,20.0,2.0,100.0,27.88
4202.0,1.0,20.0,2.0,100.0,12.78
4203.0,2.0,20.0,2.0,100.0,13.02
4204.0,3.0,20.0,2.0,100.0,13.03
4205.0,5.0,20.0,2.0,100.0,13.38
4206.0,10.0,20.0,2.0,100.0,8.21
4207.0,20.0,20.0,2.0,100.0,8.57
4208.0,40.0,20.0,2.0,100.0,11.26
4209.0,49.0,20.0,2.0,100.0,9.35
4210.0,0.0,20.0,2.0,100.0,11.39
4211.0,0.5,20.0,2.0,100.0,24.34
4212.0,1.0,20.0,2.0,100.0,20.57
4213.0,2.0,20.0,2.0,100.0,24.58
4214.0,3.0,20.0,2.0,100.0,10.06
4215.0,5.0,20.0,2.0,100.0,9.26
4216.0,10.0,20.0,2.0,100.0,7.71
4217.0,20.0,20.0,2.0,100.0,8.93
4218.0,40.0,20.0,2.0,100.0,8.55
4219.0,49.0,20.0,2.0,100.0,7.64
4220.0,0.0,20.0,2.0,100.0,10.29
4221.0,0.5,20.0,2.0,100.0,12.08
4222.0,1.0,20.0,2.0,100.0,11.13
4223.0,2.0,20.0,2.0,100.0,11.82
4224.0,3.0,20.0,2.0,100.0,11.97
4225.0,5.0,20.0,2.0,100.0,9.35
4226.0,10.0,20.0,2.0,100.0,9.01
4227.0,20.0,20.0,2.0,100.0,8.42
4228.0,40.0,20.0,2.0,100.0,9.24
4229.0,49.0,20.0,2.0,100.0,7.81
4230.0,0.0,20.0,2.0,100.0,24.81
4231.0,0.5,20.0,2.0,100.0,16.3
4232.0,1.0,20.0,2.0,100.0,15.68
4233.0,2.0,20.0,2.0,100.0,8.48
4234.0,3.0,20.0,2.0,100.0,13.31
4235.0,5.0,20.0,2.0,100.0,10.99
4236.0,10.0,20.0,2.0,100.0,7.89
4237.0,20.0,20.0,2.0,100.0,11.76
4238.0,40.0,20.0,2.0,100.0,8.92
4239.0,49.0,20.0,2.0,100.0,7.93
4240.0,0.0,20.0,2.0,100.0,11.74
4241.0,0.5,20.0,2.0,100.0,20.3
4242.0,1.0,20.0,2.0,100.0,8.77
4243.0,2.0,20.0,2.0,100.0,12.32
4244.0,3.0,20.0,2.0,100.0,11.12
4245.0,5.0,20.0,2.0,100.0,8.65
4246.0,10.0,20.0,2.0,100.0,10.21
4247.0,20.0,20.0,2.0,100.0,8.38
4248.0,40.0,20.0,2.0,100.0,8.83
4249.0,49.0,20.0,2.0,100.0,8.77
4250.0,0.0,20.0,2.0,100.0,22.69
4251.0,0.5,20.0,2.0,100.0,21.09
4252.0,1.0,20.0,2.0,100.0,18.09
4253.0,2.0,20.0,2.0,100.0,15.57
4254.0,3.0,20.0,2.0,100.0,9.0
4255.0,5.0,20.0,2.0,100.0,9.47
4256.0,10.0,20.0,2.0,100.0,9.42
4257.0,20.0,20.0,2.0,100.0,8.42
4258.0,40.0,20.0,2.0,100.0,9.05
4259.0,49.0,20.0,2.0,100.0,10.87
4260.0,0.0,20.0,2.0,100.0,15.7
4261.0,0.5,20.0,2.0,100.0,23.84
4262.0,1.0,20.0,2.0,100.0,20.55
4263.0,2.0,20.0,2.0,100.0,10.09
4264.0,3.0,20.0,2.0,100.0,15.15
4265.0,5.0,20.0,2.0,100.0,8.43
4266.0,10.0,20.0,2.0,100.0,10.69
4267.0,20.0,20.0,2.0,100.0,9.03
4268.0,40.0,20.0,2.0,100.0,7.77
4269.0,49.0,20.0,2.0,100.0,7.92
4270.0,0.0,20.0,2.0,100.0,20.83
4271.0,0.5,20.0,2.0,100.0,27.46
4272.0,1.0,20.0,2.0,100.0,11.59
4273.0,2.0,20.0,2.0,100.0,13.83
4274.0,3.0,20.0,2.0,100.0,9.65
4275.0,5.0,20.0,2.0,100.0,10.1
4276.0,10.0,20.0,2.0,100.0,9.96
4277.0,20.0,20.0,2.0,100.0,8.71
4278.0,40.0,20.0,2.0,100.0,8.78
4279.0,49.0,20.0,2.0,100.0,8.18
4280.0,0.0,20.0,2.0,100.0,24.39
4281.0,0.5,20.0,2.0,100.0,25.76
4282.0,1.0,20.0,2.0,100.0,14.9
4283.0,2.0,20.0,2.0,100.0,9.35
4284.0,3.0,20.0,2.0,100.0,10.68
4285.0,5.0,20.0,2.0,100.0,8.46
4286.0,10.0,20.0,2.0,100.0,8.9
4287.0,20.0,20.0,2.0,100.0,12.97
4288.0,40.0,20.0,2.0,100.0,8.76
4289.0,49.0,20.0,2.0,100.0,8.03
4290.0,0.0,20.0,2.0,100.0,13.1
4291.0,0.5,20.0,2.0,100.0,18.93
4292.0,1.0,20.0,2.0,100.0,16.11
4293.0,2.0,20.0,2.0,100.0,12.94
4294.0,3.0,20.0,2.0,100.0,9.0
4295.0,5.0,20.0,2.0,100.0,11.88
4296.0,10.0,20.0,2.0,100.0,13.83
4297.0,20.0,20.0,2.0,100.0,10.4
4298.0,40.0,20.0,2.0,100.0,8.07
4299.0,49.0,20.0,2.0,100.0,8.51
4300.0,0.0,20.0,2.0,100.0,20.14
4301.0,0.5,20.0,2.0,100.0,26.12
4302.0,1.0,20.0,2.0,100.0,20.39
4303.0,2.0,20.0,2.0,100.0,17.8
4304.0,3.0,20.0,2.0,100.0,10.2
4305.0,5.0,20.0,2.0,100.0,8.87
4306.0,10.0,20.0,2.0,100.0,8.82
4307.0,20.0,20.0,2.0,100.0,7.71
4308.0,40.0,20.0,2.0,100.0,7.76
4309.0,49.0,20.0,2.0,100.0,8.72
4310.0,0.0,20.0,2.0,100.0,19.66
4311.0,0.5,20.0,2.0,100.0,7.7
4312.0,1.0,20.0,2.0,100.0,12.7
4313.0,2.0,20.0,2.0,100.0,12.17
4314.0,3.0,20.0,2.0,100.0,9.78
4315.0,5.0,20.0,2.0,100.0,8.61
4316.0,10.0,20.0,2.0,100.0,10.11
4317.0,20.0,20.0,2.0,100.0,9.66
4318.0,40.0,20.0,2.0,100.0,10.93
4319.0,49.0,20.0,2.0,100.0,8.81
4320.0,0.0,20.0,2.0,100.0,21.35
4321.0,0.5,20.0,2.0,100.0,15.58
4322.0,1.0,20.0,2.0,100.0,18.74
4323.0,2.0,20.0,2.0,100.0,12.97
4324.0,3.0,20.0,2.0,100.0,9.8
4325.0,5.0,20.0,2.0,100.0,13.04
4326.0,10.0,20.0,2.0,100.0,9.1
4327.0,20.0,20.0,2.0,100.0,9.46
4328.0,40.0,20.0,2.0,100.0,12.11
4329.0,49.0,20.0,2.0,100.0,7.62
4330.0,0.0,20.0,2.0,100.0,20.29
4331.0,0.5,20.0,2.0,100.0,19.96
4332.0,1.0,20.0,2.0,100.0,19.65
4333.0,2.0,20.0,2.0,100.0,10.35
4334.0,3.0,20.0,2.0,100.0,8.47
4335.0,5.0,20.0,2.0,100.0,9.11
4336.0,10.0,20.0,2.0,100.0,8.6
4337.0,20.0,20.0,2.0,100.0,9.18
4338.0,40.0,20.0,2.0,100.0,8.05
4339.0,49.0,20.0,2.0,100.0,11.75
4340.0,0.0,20.0,2.0,100.0,11.05
4341.0,0.5,20.0,2.0,100.0,18.11
4342.0,1.0,20.0,2.0,100.0,10.12
4343.0,2.0,20.0,2.0,100.0,9.96
4344.0,3.0,20.0,2.0,100.0,13.43
4345.0,5.0,20.0,2.0,100.0,10.21
4346.0,10.0,20.0,2.0,100.0,11.47
4347.0,20.0,20.0,2.0,100.0,11.4
4348.0,40.0,20.0,2.0,100.0,8.4
4349.0,49.0,20.0,2.0,100.0,7.88
4350.0,0.0,20.0,2.0,100.0,20.77
4351.0,0.5,20.0,2.0,100.0,22.56
4352.0,1.0,20.0,2.0,100.0,13.45
4353.0,2.0,20.0,2.0,100.0,10.32
4354.0,3.0,20.0,2.0,100.0,8.45
4355.0,5.0,20.0,2.0,100.0,12.65
4356.0,10.0,20.0,2.0,100.0,9.62
4357.0,20.0,20.0,2.0,100.0,9.48
4358.0,40.0,20.0,2.0,100.0,7.61
4359.0,49.0,20.0,2.0,100.0,11.37
4360.0,0.0,20.0,2.0,100.0,20.11
4361.0,0.5,20.0,2.0,100.0,18.29
4362.0,1.0,20.0,2.0,100.0,21.77
4363.0,2.0,20.0,2.0,100.0,9.94
4364.0,3.0,20.0,2.0,100.0,12.93
4365.0,5.0,20.0,2.0,100.0,10.13
4366.0,10.0,20.0,2.0,100.0,8.62
4367.0,20.0,20.0,2.0,100.0,11.34
4368.0,40.0,20.0,2.0,100.0,11.15
4369.0,49.0,20.0,2.0,100.0,9.73
4370.0,0.0,20.0,2.0,100.0,24.42
4371.0,0.5,20.0,2.0,100.0,15.95
4372.0,1.0,20.0,2.0,100.0,18.34
4373.0,2.0,20.0,2.0,100.0,12.84
4374.0,3.0,20.0,2.0,100.0,18.38
4375.0,5.0,20.0,2.0,100.0,8.91
4376.0,10.0,20.0,2.0,100.0,8.75
4377.0,20.0,20.0,2.0,100.0,10.82
4378.0,40.0,20.0,2.0,100.0,11.01
4379.0,49.0,20.0,2.0,100.0,8.33
4380.0,0.0,20.0,2.0,100.0,20.7
4381.0,0.5,20.0,2.0,100.0,13.87
4382.0,1.0,20.0,2.0,100.0,20.21
4383.0,2.0,20.0,2.0,100.0,11.38
4384.0,3.0,20.0,2.0,100.0,8.28
4385.0,5.0,20.0,2.0,100.0,13.45
4386.0,10.0,20.0,2.0,100.0,11.45
4387.0,20.0,20.0,2.0,100.0,9.64
4388.0,40.0,20.0,2.0,100.0,9.62
4389.0,49.0,20.0,2.0,100.0,9.81
4390.0,0.0,20.0,2.0,100.0,16.97
4391.0,0.5,20.0,2.0,100.0,17.77
4392.0,1.0,20.0,2.0,100.0,9.92
4393.0,2.0,20.0,2.0,100.0,12.87
4394.0,3.0,20.0,2.0,100.0,11.68
4395.0,5.0,20.0,2.0,100.0,12.27
4396.0,10.0,20.0,2.0,100.0,7.85
4397.0,20.0,20.0,2.0,100.0,7.74
4398.0,40.0,20.0,2.0,100.0,8.4
4399.0,49.0,20.0,2.0,100.0,12.19
4400.0,0.0,20.0,2.0,100.0,22.8
4401.0,0.5,20.0,2.0,100.0,13.46
4402.0,1.0,20.0,2.0,100.0,11.54
4403.0,2.0,20.0,2.0,100.0,9.45
4404.0,3.0,20.0,2.0,100.0,9.12
4405.0,5.0,20.0,2.0,100.0,9.7
4406.0,10.0,20.0,2.0,100.0,9.01
4407.0,20.0,20.0,2.0,100.0,9.75
4408.0,40.0,20.0,2.0,100.0,10.02
4409.0,49.0,20.0,2.0,100.0,9.38
4410.0,0.0,20.0,2.0,100.0,25.1
4411.0,0.5,20.0,2.0,100.0,15.8
4412.0,1.0,20.0,2.0,100.0,12.46
4413.0,2.0,20.0,2.0,100.0,8.69
4414.0,3.0,20.0,2.0,100.0,10.53
4415.0,5.0,20.0,2.0,100.0,10.78
4416.0,10.0,20.0,2.0,100.0,8.21
4417.0,20.0,20.0,2.0,100.0,8.89
4418.0,40.0,20.0,2.0,100.0,8.3
4419.0,49.0,20.0,2.0,100.0,10.05
4420.0,0.0,20.0,2.0,100.0,17.84
4421.0,0.5,20.0,2.0,100.0,15.5
4422.0,1.0,20.0,2.0,100.0,26.47
4423.0,2.0,20.0,2.0,100.0,14.15
4424.0,3.0,20.0,2.0,100.0,9.15
4425.0,5.0,20.0,2.0,100.0,8.3
4426.0,10.0,20.0,2.0,100.0,8.82
4427.0,20.0,20.0,2.0,100.0,9.41
4428.0,40.0,20.0,2.0,100.0,8.37
4429.0,49.0,20.0,2.0,100.0,9.02
4430.0,0.0,20.0,2.0,100.0,18.69
4431.0,0.5,20.0,2.0,100.0,8.8
4432.0,1.0,20.0,2.0,100.0,8.88
4433.0,2.0,20.0,2.0,100.0,14.32
4434.0,3.0,20.0,2.0,100.0,8.74
4435.0,5.0,20.0,2.0,100.0,9.2
4436.0,10.0,20.0,2.0,100.0,9.73
4437.0,20.0,20.0,2.0,100.0,9.4
4438.0,40.0,20.0,2.0,100.0,7.86
4439.0,49.0,20.0,2.0,100.0,8.07
4440.0,0.0,20.0,2.0,100.0,23.85
4441.0,0.5,20.0,2.0,100.0,17.31
4442.0,1.0,20.0,2.0,100.0,9.1
4443.0,2.0,20.0,2.0,100.0,10.25
4444.0,3.0,20.0,2.0,100.0,10.15
4445.0,5.0,20.0,2.0,100.0,9.84
4446.0,10.0,20.0,2.0,100.0,11.68
4447.0,20.0,20.0,2.0,100.0,10.21
4448.0,40.0,20.0,2.0,100.0,9.29
4449.0,49.0,20.0,2.0,100.0,9.07
4450.0,0.0,20.0,2.0,100.0,15.66
4451.0,0.5,20.0,2.0,100.0,12.94
4452.0,1.0,20.0,2.0,100.0,11.17
4453.0,2.0,20.0,2.0,100.0,20.37
4454.0,3.0,20.0,2.0,100.0,24.43
4455.0,5.0,20.0,2.0,100.0,8.08
4456.0,10.0,20.0,2.0,100.0,8.99
4457.0,20.0,20.0,2.0,100.0,7.51
4458.0,40.0,20.0,2.0,100.0,10.6
4459.0,49.0,20.0,2.0,100.0,8.09
4460.0,0.0,20.0,2.0,100.0,22.28
4461.0,0.5,20.0,2.0,100.0,11.19
4462.0,1.0,20.0,2.0,100.0,14.24
4463.0,2.0,20.0,2.0,100.0,10.47
4464.0,3.0,20.0,2.0,100.0,12.69
4465.0,5.0,20.0,2.0,100.0,8.35
4466.0,10.0,20.0,2.0,100.0,10.16
4467.0,20.0,20.0,2.0,100.0,9.76
4468.0,40.0,20.0,2.0,100.0,9.09
4469.0,49.0,20.0,2.0,100.0,8.42
4470.0,0.0,20.0,2.0,100.0,20.26
4471.0,0.5,20.0,2.0,100.0,12.34
4472.0,1.0,20.0,2.0,100.0,9.53
4473.0,2.0,20.0,2.0,100.0,14.39
4474.0,3.0,20.0,2.0,100.0,8.12
4475.0,5.0,20.0,2.0,100.0,10.82
4476.0,10.0,20.0,2.0,100.0,8.99
4477.0,20.0,20.0,2.0,100.0,8.97
4478.0,40.0,20.0,2.0,100.0,11.65
4479.0,49.0,20.0,2.0,100.0,8.54
4480.0,0.0,20.0,2.0,100.0,14.23
4481.0,0.5,20.0,2.0,100.0,17.24
4482.0,1.0,20.0,2.0,100.0,19.57
4483.0,2.0,20.0,2.0,100.0,12.06
4484.0,3.0,20.0,2.0,100.0,11.87
4485.0,5.0,20.0,2.0,100.0,10.67
4486.0,10.0,20.0,2.0,100.0,8.75
4487.0,20.0,20.0,2.0,100.0,10.23
4488.0,40.0,20.0,2.0,100.0,14.42
4489.0,49.0,20.0,2.0,100.0,8.55
4490.0,0.0,20.0,2.0,100.0,13.16
4491.0,0.5,20.0,2.0,100.0,21.01
4492.0,1.0,20.0,2.0,100.0,16.0
4493.0,2.0,20.0,2.0,100.0,11.02
4494.0,3.0,20.0,2.0,100.0,11.16
4495.0,5.0,20.0,2.0,100.0,10.76
4496.0,10.0,20.0,2.0,100.0,9.23
4497.0,20.0,20.0,2.0,100.0,8.4
4498.0,40.0,20.0,2.0,100.0,9.25
4499.0,49.0,20.0,2.0,100.0,9.12
4500.0,0.0,20.0,2.0,100.0,20.31
4501.0,0.5,20.0,2.0,100.0,21.29
4502.0,1.0,20.0,2.0,100.0,11.74
4503.0,2.0,20.0,2.0,100.0,14.17
4504.0,3.0,20.0,2.0,100.0,12.76
4505.0,5.0,20.0,2.0,100.0,8.44
4506.0,10.0,20.0,2.0,100.0,11.3
4507.0,20.0,20.0,2.0,100.0,11.21
4508.0,40.0,20.0,2.0,100.0,9.65
4509.0,49.0,20.0,2.0,100.0,7.76
4510.0,0.0,20.0,2.0,100.0,23.43
4511.0,0.5,20.0,2.0,100.0,22.19
4512.0,1.0,20.0,2.0,100.0,13.08
4513.0,2.0,20.0,2.0,100.0,11.14
4514.0,3.0,20.0,2.0,100.0,10.53
4515.0,5.0,20.0,2.0,100.0,8.6
4516.0,10.0,20.0,2.0,100.0,10.12
4517.0,20.0,20.0,2.0,100.0,9.85
4518.0,40.0,20.0,2.0,100.0,8.58
4519.0,49.0,20.0,2.0,100.0,9.85
4520.0,0.0,20.0,2.0,100.0,13.43
4521.0,0.5,20.0,2.0,100.0,15.92
4522.0,1.0,20.0,2.0,100.0,11.73
4523.0,2.0,20.0,2.0,100.0,17.4
4524.0,3.0,20.0,2.0,100.0,10.03
4525.0,5.0,20.0,2.0,100.0,12.35
4526.0,10.0,20.0,2.0,100.0,9.51
4527.0,20.0,20.0,2.0,100.0,9.61
4528.0,40.0,20.0,2.0,100.0,9.77
4529.0,49.0,20.0,2.0,100.0,9.21
4530.0,0.0,20.0,2.0,100.0,23.93
4531.0,0.5,20.0,2.0,100.0,25.78
4532.0,1.0,20.0,2.0,100.0,11.53
4533.0,2.0,20.0,2.0,100.0,14.02
4534.0,3.0,20.0,2.0,100.0,10.05
4535.0,5.0,20.0,2.0,100.0,8.88
4536.0,10.0,20.0,2.0,100.0,7.9
4537.0,20.0,20.0,2.0,100.0,10.03
4538.0,40.0,20.0,2.0,100.0,7.65
4539.0,49.0,20.0,2.0,100.0,8.6
4540.0,0.0,20.0,2.0,100.0,20.2
4541.0,0.5,20.0,2.0,100.0,19.87
4542.0,1.0,20.0,2.0,100.0,20.41
4543.0,2.0,20.0,2.0,100.0,10.61
4544.0,3.0,20.0,2.0,100.0,11.35
4545.0,5.0,20.0,2.0,100.0,14.01
4546.0,10.0,20.0,2.0,100.0,9.73
4547.0,20.0,20.0,2.0,100.0,8.79
4548.0,40.0,20.0,2.0,100.0,8.81
4549.0,49.0,20.0,2.0,100.0,10.31
4550.0,0.0,20.0,2.0,100.0,16.65
4551.0,0.5,20.0,2.0,100.0,16.92
4552.0,1.0,20.0,2.0,100.0,19.84
4553.0,2.0,20.0,2.0,100.0,11.84
4554.0,3.0,20.0,2.0,100.0,11.69
4555.0,5.0,20.0,2.0,100.0,9.75
4556.0,10.0,20.0,2.0,100.0,9.73
4557.0,20.0,20.0,2.0,100.0,9.09
4558.0,40.0,20.0,2.0,100.0,8.31
4559.0,49.0,20.0,2.0,100.0,10.19
4560.0,0.0,20.0,2.0,100.0,11.44
4561.0,0.5,20.0,2.0,100.0,13.85
4562.0,1.0,20.0,2.0,100.0,11.14
4563.0,2.0,20.0,2.0,100.0,11.96
4564.0,3.0,20.0,2.0,100.0,8.55
4565.0,5.0,20.0,2.0,100.0,15.39
4566.0,10.0,20.0,2.0,100.0,9.95
4567.0,20.0,20.0,2.0,100.0,9.84
4568.0,40.0,20.0,2.0,100.0,10.96
4569.0,49.0,20.0,2.0,100.0,9.0
4570.0,0.0,20.0,2.0,100.0,23.8
4571.0,0.5,20.0,2.0,100.0,22.31
4572.0,1.0,20.0,2.0,100.0,10.43
4573.0,2.0,20.0,2.0,100.0,10.0
4574.0,3.0,20.0,2.0,100.0,10.15
4575.0,5.0,20.0,2.0,100.0,9.96
4576.0,10.0,20.0,2.0,100.0,9.16
4577.0,20.0,20.0,2.0,100.0,9.08
4578.0,40.0,20.0,2.0,100.0,9.02
4579.0,49.0,20.0,2.0,100.0,8.09
4580.0,0.0,20.0,2.0,100.0,22.8
4581.0,0.5,20.0,2.0,100.0,11.95
4582.0,1.0,20.0,2.0,100.0,8.64
4583.0,2.0,20.0,2.0,100.0,8.58
4584.0,3.0,20.0,2.0,100.0,8.35
4585.0,5.0,20.0,2.0,100.0,8.72
4586.0,10.0,20.0,2.0,100.0,8.81
4587.0,20.0,20.0,2.0,100.0,8.96
4588.0,40.0,20.0,2.0,100.0,8.3
4589.0,49.0,20.0,2.0,100.0,7.99
4590.0,0.0,20.0,2.0,100.0,19.34
4591.0,0.5,20.0,2.0,100.0,21.34
4592.0,1.0,20.0,2.0,100.0,14.39
4593.0,2.0,20.0,2.0,100.0,17.05
4594.0,3.0,20.0,2.0,100.0,9.63
4595.0,5.0,20.0,2.0,100.0,8.48
4596.0,10.0,20.0,2.0,100.0,9.38
4597.0,20.0,20.0,2.0,100.0,9.01
4598.0,40.0,20.0,2.0,100.0,9.86
4599.0,49.0,20.0,2.0,100.0,8.71
4600.0,0.0,20.0,2.0,100.0,26.45
4601.0,0.5,20.0,2.0,100.0,25.79
4602.0,1.0,20.0,2.0,100.0,14.29
4603.0,2.0,20.0,2.0,100.0,12.49
4604.0,3.0,20.0,2.0,100.0,11.87
4605.0,5.0,20.0,2.0,100.0,8.73
4606.0,10.0,20.0,2.0,100.0,10.52
4607.0,20.0,20.0,2.0,100.0,8.33
4608.0,40.0,20.0,2.0,100.0,8.31
4609.0,49.0,20.0,2.0,100.0,7.78
4610.0,0.0,20.0,2.0,100.0,22.33
4611.0,0.5,20.0,2.0,100.0,21.09
4612.0,1.0,20.0,2.0,100.0,11.06
4613.0,2.0,20.0,2.0,100.0,10.65
4614.0,3.0,20.0,2.0,100.0,16.64
4615.0,5.0,20.0,2.0,100.0,8.29
4616.0,10.0,20.0,2.0,100.0,9.38
4617.0,20.0,20.0,2.0,100.0,8.64
4618.0,40.0,20.0,2.0,100.0,9.24
4619.0,49.0,20.0,2.0,100.0,9.86
4620.0,0.0,20.0,2.0,100.0,23.18
4621.0,0.5,20.0,2.0,100.0,14.4
4622.0,1.0,20.0,2.0,100.0,8.95
4623.0,2.0,20.0,2.0,100.0,10.58
4624.0,3.0,20.0,2.0,100.0,14.25
4625.0,5.0,20.0,2.0,100.0,8.62
4626.0,10.0,20.0,2.0,100.0,8.96
4627.0,20.0,20.0,2.0,100.0,9.25
4628.0,40.0,20.0,2.0,100.0,10.06
4629.0,49.0,20.0,2.0,100.0,7.71
4630.0,0.0,20.0,2.0,100.0,21.07
4631.0,0.5,20.0,2.0,100.0,11.36
4632.0,1.0,20.0,2.0,100.0,10.3
4633.0,2.0,20.0,2.0,100.0,14.94
4634.0,3.0,20.0,2.0,100.0,10.89
4635.0,5.0,20.0,2.0,100.0,10.16
4636.0,10.0,20.0,2.0,100.0,9.6
4637.0,20.0,20.0,2.0,100.0,10.34
4638.0,40.0,20.0,2.0,100.0,12.61
4639.0,49.0,20.0,2.0,100.0,9.38
4640.0,0.0,20.0,2.0,100.0,14.46
4641.0,0.5,20.0,2.0,100.0,15.9
4642.0,1.0,20.0,2.0,100.0,14.46
4643.0,2.0,20.0,2.0,100.0,11.15
4644.0,3.0,20.0,2.0,100.0,12.61
4645.0,5.0,20.0,2.0,100.0,9.07
4646.0,10.0,20.0,2.0,100.0,8.37
4647.0,20.0,20.0,2.0,100.0,8.54
4648.0,40.0,20.0,2.0,100.0,11.66
4649.0,49.0,20.0,2.0,100.0,9.07
4650.0,0.0,20.0,2.0,100.0,20.92
4651.0,0.5,20.0,2.0,100.0,14.22
4652.0,1.0,20.0,2.0,100.0,11.15
4653.0,2.0,20.0,2.0,100.0,10.68
4654.0,3.0,20.0,2.0,100.0,11.19
4655.0,5.0,20.0,2.0,100.0,11.35
4656.0,10.0,20.0,2.0,100.0,8.35
4657.0,20.0,20.0,2.0,100.0,8.3
4658.0,40.0,20.0,2.0,100.0,10.07
4659.0,49.0,20.0,2.0,100.0,9.67
4660.0,0.0,20.0,2.0,100.0,18.55
4661.0,0.5,20.0,2.0,100.0,13.87
4662.0,1.0,20.0,2.0,100.0,8.79
4663.0,2.0,20.0,2.0,100.0,16.68
4664.0,3.0,20.0,2.0,100.0,10.62
4665.0,5.0,20.0,2.0,100.0,10.25
4666.0,10.0,20.0,2.0,100.0,10.07
4667.0,20.0,20.0,2.0,100.0,8.95
4668.0,40.0,20.0,2.0,100.0,9.14
4669.0,49.0,20.0,2.0,100.0,8.0
4670.0,0.0,20.0,2.0,100.0,21.05
4671.0,0.5,20.0,2.0,100.0,11.83
4672.0,1.0,20.0,2.0,100.0,15.79
4673.0,2.0,20.0,2.0,100.0,8.65
4674.0,3.0,20.0,2.0,100.0,11.41
4675.0,5.0,20.0,2.0,100.0,8.31
4676.0,10.0,20.0,2.0,100.0,8.33
4677.0,20.0,20.0,2.0,100.0,8.71
4678.0,40.0,20.0,2.0,100.0,8.25
4679.0,49.0,20.0,2.0,100.0,9.91
4680.0,0.0,20.0,2.0,100.0,26.74
4681.0,0.5,20.0,2.0,100.0,18.04
4682.0,1.0,20.0,2.0,100.0,9.92
4683.0,2.0,20.0,2.0,100.0,9.48
4684.0,3.0,20.0,2.0,100.0,10.25
4685.0,5.0,20.0,2.0,100.0,11.28
4686.0,10.0,20.0,2.0,100.0,9.47
4687.0,20.0,20.0,2.0,100.0,8.96
4688.0,40.0,20.0,2.0,100.0,8.28
4689.0,49.0,20.0,2.0,100.0,9.19
4690.0,0.0,20.0,2.0,100.0,22.38
4691.0,0.5,20.0,2.0,100.0,17.89
4692.0,1.0,20.0,2.0,100.0,12.04
4693.0,2.0,20.0,2.0,100.0,14.38
4694.0,3.0,20.0,2.0,100.0,23.22
4695.0,5.0,20.0,2.0,100.0,8.05
4696.0,10.0,20.0,2.0,100.0,8.33
4697.0,20.0,20.0,2.0,100.0,9.44
4698.0,40.0,20.0,2.0,100.0,9.19
4699.0,49.0,20.0,2.0,100.0,7.77
4700.0,0.0,20.0,2.0,100.0,14.31
4701.0,0.5,20.0,2.0,100.0,20.59
4702.0,1.0,20.0,2.0,100.0,11.6
4703.0,2.0,20.0,2.0,100.0,11.55
4704.0,3.0,20.0,2.0,100.0,10.49
4705.0,5.0,20.0,2.0,100.0,13.5
4706.0,10.0,20.0,2.0,100.0,7.77
4707.0,20.0,20.0,2.0,100.0,8.68
4708.0,40.0,20.0,2.0,100.0,7.76
4709.0,49.0,20.0,2.0,100.0,8.77
4710.0,0.0,20.0,2.0,100.0,22.89
4711.0,0.5,20.0,2.0,100.0,21.15
4712.0,1.0,20.0,2.0,100.0,12.37
4713.0,2.0,20.0,2.0,100.0,10.03
4714.0,3.0,20.0,2.0,100.0,9.3
4715.0,5.0,20.0,2.0,100.0,8.31
4716.0,10.0,20.0,2.0,100.0,8.71
4717.0,20.0,20.0,2.0,100.0,7.91
4718.0,40.0,20.0,2.0,100.0,9.38
4719.0,49.0,20.0,2.0,100.0,11.99
4720.0,0.0,20.0,2.0,100.0,21.17
4721.0,0.5,20.0,2.0,100.0,16.58
4722.0,1.0,20.0,2.0,100.0,22.16
4723.0,2.0,20.0,2.0,100.0,17.53
4724.0,3.0,20.0,2.0,100.0,14.36
4725.0,5.0,20.0,2.0,100.0,8.74
4726.0,10.0,20.0,2.0,100.0,11.15
4727.0,20.0,20.0,2.0,100.0,7.38
4728.0,40.0,20.0,2.0,100.0,9.84
4729.0,49.0,20.0,2.0,100.0,9.44
4730.0,0.0,20.0,2.0,100.0,23.2
4731.0,0.5,20.0,2.0,100.0,15.67
4732.0,1.0,20.0,2.0,100.0,11.1
4733.0,2.0,20.0,2.0,100.0,11.37
4734.0,3.0,20.0,2.0,100.0,9.33
4735.0,5.0,20.0,2.0,100.0,10.37
4736.0,10.0,20.0,2.0,100.0,8.57
4737.0,20.0,20.0,2.0,100.0,10.1
4738.0,40.0,20.0,2.0,100.0,10.48
4739.0,49.0,20.0,2.0,100.0,8.8
4740.0,0.0,20.0,2.0,100.0,22.33
4741.0,0.5,20.0,2.0,100.0,17.0
4742.0,1.0,20.0,2.0,100.0,13.96
4743.0,2.0,20.0,2.0,100.0,9.41
4744.0,3.0,20.0,2.0,100.0,11.43
4745.0,5.0,20.0,2.0,100.0,10.51
4746.0,10.0,20.0,2.0,100.0,8.86
4747.0,20.0,20.0,2.0,100.0,9.0
4748.0,40.0,20.0,2.0,100.0,10.9
4749.0,49.0,20.0,2.0,100.0,8.99
4750.0,0.0,20.0,2.0,100.0,21.92
4751.0,0.5,20.0,2.0,100.0,19.14
4752.0,1.0,20.0,2.0,100.0,12.27
4753.0,2.0,20.0,2.0,100.0,9.94
4754.0,3.0,20.0,2.0,100.0,20.49
4755.0,5.0,20.0,2.0,100.0,8.02
4756.0,10.0,20.0,2.0,100.0,8.89
4757.0,20.0,20.0,2.0,100.0,9.77
4758.0,40.0,20.0,2.0,100.0,9.86
4759.0,49.0,20.0,2.0,100.0,10.17
4760.0,0.0,20.0,2.0,100.0,13.09
4761.0,0.5,20.0,2.0,100.0,16.16
4762.0,1.0,20.0,2.0,100.0,19.26
4763.0,2.0,20.0,2.0,100.0,14.13
4764.0,3.0,20.0,2.0,100.0,8.26
4765.0,5.0,20.0,2.0,100.0,9.6
4766.0,10.0,20.0,2.0,100.0,9.91
4767.0,20.0,20.0,2.0,100.0,7.75
4768.0,40.0,20.0,2.0,100.0,9.8
4769.0,49.0,20.0,2.0,100.0,9.14
4770.0,0.0,20.0,2.0,100.0,18.42
4771.0,0.5,20.0,2.0,100.0,21.15
4772.0,1.0,20.0,2.0,100.0,16.12
4773.0,2.0,20.0,2.0,100.0,11.76
4774.0,3.0,20.0,2.0,100.0,11.86
4775.0,5.0,20.0,2.0,100.0,9.52
4776.0,10.0,20.0,2.0,100.0,9.38
4777.0,20.0,20.0,2.0,100.0,9.44
4778.0,40.0,20.0,2.0,100.0,8.27
4779.0,49.0,20.0,2.0,100.0,7.87
4780.0,0.0,20.0,2.0,100.0,20.01
4781.0,0.5,20.0,2.0,100.0,19.88
4782.0,1.0,20.0,2.0,100.0,15.34
4783.0,2.0,20.0,2.0,100.0,12.5
4784.0,3.0,20.0,2.0,100.0,9.6
4785.0,5.0,20.0,2.0,100.0,10.92
4786.0,10.0,20.0,2.0,100.0,10.77
4787.0,20.0,20.0,2.0,100.0,10.73
4788.0,40.0,20.0,2.0,100.0,11.14
4789.0,49.0,20.0,2.0,100.0,9.06
4790.0,0.0,20.0,2.0,100.0,16.3
4791.0,0.5,20.0,2.0,100.0,16.27
4792.0,1.0,20.0,2.0,100.0,12.87
4793.0,2.0,20.0,2.0,100.0,10.52
4794.0,3.0,20.0,2.0,100.0,9.26
4795.0,5.0,20.0,2.0,100.0,9.41
4796.0,10.0,20.0,2.0,100.0,11.23
4797.0,20.0,20.0,2.0,100.0,10.01
4798.0,40.0,20.0,2.0,100.0,9.75
4799.0,49.0,20.0,2.0,100.0,12.37
4800.0,0.0,20.0,2.0,100.0,16.1
4801.0,0.5,20.0,2.0,100.0,10.7
4802.0,1.0,20.0,2.0,100.0,11.61
4803.0,2.0,20.0,2.0,100.0,10.97
4804.0,3.0,20.0,2.0,100.0,11.71
4805.0,5.0,20.0,2.0,100.0,13.19
4806.0,10.0,20.0,2.0,100.0,10.98
4807.0,20.0,20.0,2.0,100.0,9.15
4808.0,40.0,20.0,2.0,100.0,8.31
4809.0,49.0,20.0,2.0,100.0,8.85
4810.0,0.0,20.0,2.0,100.0,18.05
4811.0,0.5,20.0,2.0,100.0,20.69
4812.0,1.0,20.0,2.0,100.0,12.83
4813.0,2.0,20.0,2.0,100.0,11.7
4814.0,3.0,20.0,2.0,100.0,11.28
4815.0,5.0,20.0,2.0,100.0,11.29
4816.0,10.0,20.0,2.0,100.0,10.67
4817.0,20.0,20.0,2.0,100.0,10.0
4818.0,40.0,20.0,2.0,100.0,11.93
4819.0,49.0,20.0,2.0,100.0,8.9
4820.0,0.0,20.0,2.0,100.0,18.37
4821.0,0.5,20.0,2.0,100.0,22.49
4822.0,1.0,20.0,2.0,100.0,13.27
4823.0,2.0,20.0,2.0,100.0,21.72
4824.0,3.0,20.0,2.0,100.0,12.06
4825.0,5.0,20.0,2.0,100.0,9.8
4826.0,10.0,20.0,2.0,100.0,8.41
4827.0,20.0,20.0,2.0,100.0,11.23
4828.0,40.0,20.0,2.0,100.0,8.35
4829.0,49.0,20.0,2.0,100.0,8.81
4830.0,0.0,20.0,2.0,100.0,28.08
4831.0,0.5,20.0,2.0,100.0,13.17
4832.0,1.0,20.0,2.0,100.0,21.07
4833.0,2.0,20.0,2.0,100.0,12.21
4834.0,3.0,20.0,2.0,100.0,9.34
4835.0,5.0,20.0,2.0,100.0,8.76
4836.0,10.0,20.0,2.0,100.0,11.39
4837.0,20.0,20.0,2.0,100.0,12.38
4838.0,40.0,20.0,2.0,100.0,9.08
4839.0,49.0,20.0,2.0,100.0,9.55
4840.0,0.0,20.0,2.0,100.0,19.74
4841.0,0.5,20.0,2.0,100.0,20.59
4842.0,1.0,20.0,2.0,100.0,9.47
4843.0,2.0,20.0,2.0,100.0,25.7
4844.0,3.0,20.0,2.0,100.0,9.44
4845.0,5.0,20.0,2.0,100.0,8.71
4846.0,10.0,20.0,2.0,100.0,11.92
4847.0,20.0,20.0,2.0,100.0,8.45
4848.0,40.0,20.0,2.0,100.0,8.28
4849.0,49.0,20.0,2.0,100.0,9.01
4850.0,0.0,20.0,2.0,100.0,21.46
4851.0,0.5,20.0,2.0,100.0,17.44
4852.0,1.0,20.0,2.0,100.0,13.48
4853.0,2.0,20.0,2.0,100.0,14.37
4854.0,3.0,20.0,2.0,100.0,12.65
4855.0,5.0,20.0,2.0,100.0,7.61
4856.0,10.0,20.0,2.0,100.0,11.73
4857.0,20.0,20.0,2.0,100.0,7.49
4858.0,40.0,20.0,2.0,100.0,11.44
4859.0,49.0,20.0,2.0,100.0,9.12
4860.0,0.0,20.0,2.0,100.0,18.51
4861.0,0.5,20.0,2.0,100.0,19.66
4862.0,1.0,20.0,2.0,100.0,17.68
4863.0,2.0,20.0,2.0,100.0,11.64
4864.0,3.0,20.0,2.0,100.0,11.01
4865.0,5.0,20.0,2.0,100.0,9.23
4866.0,10.0,20.0,2.0,100.0,8.41
4867.0,20.0,20.0,2.0,100.0,11.27
4868.0,40.0,20.0,2.0,100.0,8.39
4869.0,49.0,20.0,2.0,100.0,9.82
4870.0,0.0,20.0,2.0,100.0,21.66
4871.0,0.5,20.0,2.0,100.0,12.61
4872.0,1.0,20.0,2.0,100.0,20.55
4873.0,2.0,20.0,2.0,100.0,13.45
4874.0,3.0,20.0,2.0,100.0,10.4
4875.0,5.0,20.0,2.0,100.0,8.29
4876.0,10.0,20.0,2.0,100.0,9.05
4877.0,20.0,20.0,2.0,100.0,8.41
4878.0,40.0,20.0,2.0,100.0,17.36
4879.0,49.0,20.0,2.0,100.0,7.86
4880.0,0.0,20.0,2.0,100.0,12.16
4881.0,0.5,20.0,2.0,100.0,8.47
4882.0,1.0,20.0,2.0,100.0,15.94
4883.0,2.0,20.0,2.0,100.0,14.07
4884.0,3.0,20.0,2.0,100.0,15.83
4885.0,5.0,20.0,2.0,100.0,9.25
4886.0,10.0,20.0,2.0,100.0,11.29
4887.0,20.0,20.0,2.0,100.0,9.07
4888.0,40.0,20.0,2.0,100.0,11.85
4889.0,49.0,20.0,2.0,100.0,8.14
4890.0,0.0,20.0,2.0,100.0,13.36
4891.0,0.5,20.0,2.0,100.0,12.77
4892.0,1.0,20.0,2.0,100.0,11.56
4893.0,2.0,20.0,2.0,100.0,13.8
4894.0,3.0,20.0,2.0,100.0,13.05
4895.0,5.0,20.0,2.0,100.0,8.46
4896.0,10.0,20.0,2.0,100.0,11.8
4897.0,20.0,20.0,2.0,100.0,8.37
4898.0,40.0,20.0,2.0,100.0,8.87
4899.0,49.0,20.0,2.0,100.0,10.8
4900.0,0.0,20.0,2.0,100.0,16.19
4901.0,0.5,20.0,2.0,100.0,11.33
4902.0,1.0,20.0,2.0,100.0,11.79
4903.0,2.0,20.0,2.0,100.0,10.98
4904.0,3.0,20.0,2.0,100.0,9.48
4905.0,5.0,20.0,2.0,100.0,9.8
4906.0,10.0,20.0,2.0,100.0,9.13
4907.0,20.0,20.0,2.0,100.0,10.16
4908.0,40.0,20.0,2.0,100.0,9.24
4909.0,49.0,20.0,2.0,100.0,12.21
4910.0,0.0,20.0,2.0,100.0,21.61
4911.0,0.5,20.0,2.0,100.0,18.05
4912.0,1.0,20.0,2.0,100.0,10.48
4913.0,2.0,20.0,2.0,100.0,13.01
4914.0,3.0,20.0,2.0,100.0,9.38
4915.0,5.0,20.0,2.0,100.0,8.2
4916.0,10.0,20.0,2.0,100.0,9.23
4917.0,20.0,20.0,2.0,100.0,9.1
4918.0,40.0,20.0,2.0,100.0,8.06
4919.0,49.0,20.0,2.0,100.0,8.98
4920.0,0.0,20.0,2.0,100.0,15.64
4921.0,0.5,20.0,2.0,100.0,10.65
4922.0,1.0,20.0,2.0,100.0,12.29
4923.0,2.0,20.0,2.0,100.0,23.79
4924.0,3.0,20.0,2.0,100.0,9.63
4925.0,5.0,20.0,2.0,100.0,8.8
4926.0,10.0,20.0,2.0,100.0,9.25
4927.0,20.0,20.0,2.0,100.0,8.88
4928.0,40.0,20.0,2.0,100.0,11.22
4929.0,49.0,20.0,2.0,100.0,8.7
4930.0,0.0,20.0,2.0,100.0,11.38
4931.0,0.5,20.0,2.0,100.0,11.3
4932.0,1.0,20.0,2.0,100.0,22.32
4933.0,2.0,20.0,2.0,100.0,17.91
4934.0,3.0,20.0,2.0,100.0,11.51
4935.0,5.0,20.0,2.0,100.0,10.11
4936.0,10.0,20.0,2.0,100.0,9.94
4937.0,20.0,20.0,2.0,100.0,8.53
4938.0,40.0,20.0,2.0,100.0,11.14
4939.0,49.0,20.0,2.0,100.0,7.81
4940.0,0.0,20.0,2.0,100.0,16.57
4941.0,0.5,20.0,2.0,100.0,10.95
4942.0,1.0,20.0,2.0,100.0,11.74
4943.0,2.0,20.0,2.0,100.0,14.35
4944.0,3.0,20.0,2.0,100.0,11.92
4945.0,5.0,20.0,2.0,100.0,8.71
4946.0,10.0,20.0,2.0,100.0,8.72
4947.0,20.0,20.0,2.0,100.0,10.41
4948.0,40.0,20.0,2.0,100.0,8.25
4949.0,49.0,20.0,2.0,100.0,8.34
4950.0,0.0,20.0,2.0,100.0,19.24
4951.0,0.5,20.0,2.0,100.0,15.02
4952.0,1.0,20.0,2.0,100.0,8.35
4953.0,2.0,20.0,2.0,100.0,10.89
4954.0,3.0,20.0,2.0,100.0,9.01
4955.0,5.0,20.0,2.0,100.0,10.02
4956.0,10.0,20.0,2.0,100.0,9.76
4957.0,20.0,20.0,2.0,100.0,8.24
4958.0,40.0,20.0,2.0,100.0,7.77
4959.0,49.0,20.0,2.0,100.0,7.96
4960.0,0.0,20.0,2.0,100.0,12.76
4961.0,0.5,20.0,2.0,100.0,12.52
4962.0,1.0,20.0,2.0,100.0,13.11
4963.0,2.0,20.0,2.0,100.0,12.43
4964.0,3.0,20.0,2.0,100.0,12.83
4965.0,5.0,20.0,2.0,100.0,11.57
4966.0,10.0,20.0,2.0,100.0,8.54
4967.0,20.0,20.0,2.0,100.0,9.05
4968.0,40.0,20.0,2.0,100.0,8.8
4969.0,49.0,20.0,2.0,100.0,8.38
4970.0,0.0,20.0,2.0,100.0,23.8
4971.0,0.5,20.0,2.0,100.0,24.64
4972.0,1.0,20.0,2.0,100.0,23.23
4973.0,2.0,20.0,2.0,100.0,15.42
4974.0,3.0,20.0,2.0,100.0,15.0
4975.0,5.0,20.0,2.0,100.0,8.81
4976.0,10.0,20.0,2.0,100.0,9.48
4977.0,20.0,20.0,2.0,100.0,8.22
4978.0,40.0,20.0,2.0,100.0,8.24
4979.0,49.0,20.0,2.0,100.0,7.65
4980.0,0.0,20.0,2.0,100.0,23.5
4981.0,0.5,20.0,2.0,100.0,26.12
4982.0,1.0,20.0,2.0,100.0,24.8
4983.0,2.0,20.0,2.0,100.0,8.76
4984.0,3.0,20.0,2.0,100.0,7.69
4985.0,5.0,20.0,2.0,100.0,8.03
4986.0,10.0,20.0,2.0,100.0,11.13
4987.0,20.0,20.0,2.0,100.0,9.35
4988.0,40.0,20.0,2.0,100.0,8.98
4989.0,49.0,20.0,2.0,100.0,10.93
4990.0,0.0,20.0,2.0,100.0,12.12
4991.0,0.5,20.0,2.0,100.0,17.03
4992.0,1.0,20.0,2.0,100.0,19.24
4993.0,2.0,20.0,2.0,100.0,8.93
4994.0,3.0,20.0,2.0,100.0,11.0
4995.0,5.0,20.0,2.0,100.0,10.05
4996.0,10.0,20.0,2.0,100.0,9.32
4997.0,20.0,20.0,2.0,100.0,8.34
4998.0,40.0,20.0,2.0,100.0,8.67
4999.0,49.0,20.0,2.0,100.0,10.41
