Factor 1,Factor 2,Factor 3,Factor 4,Factor 5,Result 1
0.0,0.0,20.0,2.0,100.0,100.0
1.0,0.5,20.0,2.0,100.0,33.333332
2.0,1.0,20.0,2.0,100.0,33.333332
3.0,2.0,20.0,2.0,100.0,5.263158
4.0,3.0,20.0,2.0,100.0,33.333332
5.0,5.0,20.0,2.0,100.0,5.882353
6.0,10.0,20.0,2.0,100.0,9.090909
7.0,20.0,20.0,2.0,100.0,9.090909
8.0,40.0,20.0,2.0,100.0,7.6923075
9.0,49.0,20.0,2.0,100.0,6.6666665
10.0,0.0,20.0,2.0,100.0,100.0
11.0,0.5,20.0,2.0,100.0,33.333332
12.0,1.0,20.0,2.0,100.0,33.333332
13.0,2.0,20.0,2.0,100.0,33.333332
14.0,3.0,20.0,2.0,100.0,33.333332
15.0,5.0,20.0,2.0,100.0,20.0
16.0,10.0,20.0,2.0,100.0,20.0
17.0,20.0,20.0,2.0,100.0,7.6923075
18.0,40.0,20.0,2.0,100.0,5.882353
19.0,49.0,20.0,2.0,100.0,5.882353
20.0,0.0,20.0,2.0,100.0,100.0
21.0,0.5,20.0,2.0,100.0,100.0
22.0,1.0,20.0,2.0,100.0,100.0
23.0,2.0,20.0,2.0,100.0,33.333332
24.0,3.0,20.0,2.0,100.0,5.882353
25.0,5.0,20.0,2.0,100.0,14.285714
26.0,10.0,20.0,2.0,100.0,11.111111
27.0,20.0,20.0,2.0,100.0,5.882353
28.0,40.0,20.0,2.0,100.0,5.263158
29.0,49.0,20.0,2.0,100.0,6.6666665
30.0,0.0,20.0,2.0,100.0,100.0
31.0,0.5,20.0,2.0,100.0,100.0
32.0,1.0,20.0,2.0,100.0,100.0
33.0,2.0,20.0,2.0,100.0,33.333332
34.0,3.0,20.0,2.0,100.0,33.333332
35.0,5.0,20.0,2.0,100.0,33.333332
36.0,10.0,20.0,2.0,100.0,11.111111
37.0,20.0,20.0,2.0,100.0,9.090909
38.0,40.0,20.0,2.0,100.0,5.263158
39.0,49.0,20.0,2.0,100.0,5.882353
40.0,0.0,20.0,2.0,100.0,100.0
41.0,0.5,20.0,2.0,100.0,100.0
42.0,1.0,20.0,2.0,100.0,100.0
43.0,2.0,20.0,2.0,100.0,33.333332
44.0,3.0,20.0,2.0,100.0,33.333332
45.0,5.0,20.0,2.0,100.0,9.090909
46.0,10.0,20.0,2.0,100.0,11.111111
47.0,20.0,20.0,2.0,100.0,5.882353
48.0,40.0,20.0,2.0,100.0,4.7619047
49.0,49.0,20.0,2.0,100.0,5.263158
50.0,0.0,20.0,2.0,100.0,100.0
51.0,0.5,20.0,2.0,100.0,33.333332
52.0,1.0,20.0,2.0,100.0,33.333332
53.0,2.0,20.0,2.0,100.0,6.6666665
54.0,3.0,20.0,2.0,100.0,33.333332
55.0,5.0,20.0,2.0,100.0,20.0
56.0,10.0,20.0,2.0,100.0,11.111111
57.0,20.0,20.0,2.0,100.0,9.090909
58.0,40.0,20.0,2.0,100.0,6.6666665
59.0,49.0,20.0,2.0,100.0,5.263158
60.0,0.0,20.0,2.0,100.0,100.0
61.0,0.5,20.0,2.0,100.0,33.333332
62.0,1.0,20.0,2.0,100.0,33.333332
63.0,2.0,20.0,2.0,100.0,33.333332
64.0,3.0,20.0,2.0,100.0,33.333332
65.0,5.0,20.0,2.0,100.0,14.285714
66.0,10.0,20.0,2.0,100.0,11.111111
67.0,20.0,20.0,2.0,100.0,9.090909
68.0,40.0,20.0,2.0,100.0,5.263158
69.0,49.0,20.0,2.0,100.0,5.882353
70.0,0.0,20.0,2.0,100.0,100.0
71.0,0.5,20.0,2.0,100.0,11.111111
72.0,1.0,20.0,2.0,100.0,33.333332
73.0,2.0,20.0,2.0,100.0,20.0
74.0,3.0,20.0,2.0,100.0,7.6923075
75.0,5.0,20.0,2.0,100.0,7.6923075
76.0,10.0,20.0,2.0,100.0,11.111111
77.0,20.0,20.0,2.0,100.0,9.090909
78.0,40.0,20.0,2.0,100.0,5.263158
79.0,49.0,20.0,2.0,100.0,5.263158
80.0,0.0,20.0,2.0,100.0,100.0
81.0,0.5,20.0,2.0,100.0,14.285714
82.0,1.0,20.0,2.0,100.0,100.0
83.0,2.0,20.0,2.0,100.0,20.0
84.0,3.0,20.0,2.0,100.0,7.6923075
85.0,5.0,20.0,2.0,100.0,9.090909
86.0,10.0,20.0,2.0,100.0,6.6666665
87.0,20.0,20.0,2.0,100.0,6.6666665
88.0,40.0,20.0,2.0,100.0,5.263158
89.0,49.0,20.0,2.0,100.0,33.333332
90.0,0.0,20.0,2.0,100.0,100.0
91.0,0.5,20.0,2.0,100.0,100.0
92.0,1.0,20.0,2.0,100.0,14.285714
93.0,2.0,20.0,2.0,100.0,33.333332
94.0,3.0,20.0,2.0,100.0,7.6923075
95.0,5.0,20.0,2.0,100.0,33.333332
96.0,10.0,20.0,2.0,100.0,11.111111
97.0,20.0,20.0,2.0,100.0,6.6666665
98.0,40.0,20.0,2.0,100.0,5.263158
99.0,49.0,20.0,2.0,100.0,6.6666665
100.0,0.0,20.0,2.0,100.0,100.0
101.0,0.5,20.0,2.0,100.0,33.333332
102.0,1.0,20.0,2.0,100.0,33.333332
103.0,2.0,20.0,2.0,100.0,33.333332
104.0,3.0,20.0,2.0,100.0,33.333332
105.0,5.0,20.0,2.0,100.0,5.263158
106.0,10.0,20.0,2.0,100.0,5.882353
107.0,20.0,20.0,2.0,100.0,5.263158
108.0,40.0,20.0,2.0,100.0,4.7619047
109.0,49.0,20.0,2.0,100.0,5.263158
110.0,0.0,20.0,2.0,100.0,100.0
111.0,0.5,20.0,2.0,100.0,33.333332
112.0,1.0,20.0,2.0,100.0,33.333332
113.0,2.0,20.0,2.0,100.0,33.333332
114.0,3.0,20.0,2.0,100.0,4.7619047
115.0,5.0,20.0,2.0,100.0,5.882353
116.0,10.0,20.0,2.0,100.0,6.6666665
117.0,20.0,20.0,2.0,100.0,6.6666665
118.0,40.0,20.0,2.0,100.0,5.263158
119.0,49.0,20.0,2.0,100.0,5.882353
120.0,0.0,20.0,2.0,100.0,100.0
121.0,0.5,20.0,2.0,100.0,11.111111
122.0,1.0,20.0,2.0,100.0,33.333332
123.0,2.0,20.0,2.0,100.0,33.333332
124.0,3.0,20.0,2.0,100.0,5.882353
125.0,5.0,20.0,2.0,100.0,14.285714
126.0,10.0,20.0,2.0,100.0,20.0
127.0,20.0,20.0,2.0,100.0,5.882353
128.0,40.0,20.0,2.0,100.0,7.6923075
129.0,49.0,20.0,2.0,100.0,5.263158
130.0,0.0,20.0,2.0,100.0,100.0
131.0,0.5,20.0,2.0,100.0,100.0
132.0,1.0,20.0,2.0,100.0,33.333332
133.0,2.0,20.0,2.0,100.0,33.333332
134.0,3.0,20.0,2.0,100.0,9.090909
135.0,5.0,20.0,2.0,100.0,11.111111
136.0,10.0,20.0,2.0,100.0,9.090909
137.0,20.0,20.0,2.0,100.0,4.7619047
138.0,40.0,20.0,2.0,100.0,5.882353
139.0,49.0,20.0,2.0,100.0,5.882353
140.0,0.0,20.0,2.0,100.0,14.285714
141.0,0.5,20.0,2.0,100.0,33.333332
142.0,1.0,20.0,2.0,100.0,33.333332
143.0,2.0,20.0,2.0,100.0,20.0
144.0,3.0,20.0,2.0,100.0,33.333332
145.0,5.0,20.0,2.0,100.0,33.333332
146.0,10.0,20.0,2.0,100.0,4.7619047
147.0,20.0,20.0,2.0,100.0,6.6666665
148.0,40.0,20.0,2.0,100.0,5.882353
149.0,49.0,20.0,2.0,100.0,5.882353
150.0,0.0,20.0,2.0,100.0,33.333332
151.0,0.5,20.0,2.0,100.0,11.111111
152.0,1.0,20.0,2.0,100.0,100.0
153.0,2.0,20.0,2.0,100.0,11.111111
154.0,3.0,20.0,2.0,100.0,33.333332
155.0,5.0,20.0,2.0,100.0,14.285714
156.0,10.0,20.0,2.0,100.0,7.6923075
157.0,20.0,20.0,2.0,100.0,7.6923075
158.0,40.0,20.0,2.0,100.0,5.263158
159.0,49.0,20.0,2.0,100.0,6.6666665
160.0,0.0,20.0,2.0,100.0,100.0
161.0,0.5,20.0,2.0,100.0,33.333332
162.0,1.0,20.0,2.0,100.0,33.333332
163.0,2.0,20.0,2.0,100.0,20.0
164.0,3.0,20.0,2.0,100.0,20.0
165.0,5.0,20.0,2.0,100.0,20.0
166.0,10.0,20.0,2.0,100.0,7.6923075
167.0,20.0,20.0,2.0,100.0,4.7619047
168.0,40.0,20.0,2.0,100.0,4.7619047
169.0,49.0,20.0,2.0,100.0,6.6666665
170.0,0.0,20.0,2.0,100.0,100.0
171.0,0.5,20.0,2.0,100.0,100.0
172.0,1.0,20.0,2.0,100.0,33.333332
173.0,2.0,20.0,2.0,100.0,33.333332
174.0,3.0,20.0,2.0,100.0,7.6923075
175.0,5.0,20.0,2.0,100.0,33.333332
176.0,10.0,20.0,2.0,100.0,6.6666665
177.0,20.0,20.0,2.0,100.0,5.263158
178.0,40.0,20.0,2.0,100.0,5.263158
179.0,49.0,20.0,2.0,100.0,9.090909
180.0,0.0,20.0,2.0,100.0,100.0
181.0,0.5,20.0,2.0,100.0,33.333332
182.0,1.0,20.0,2.0,100.0,9.090909
183.0,2.0,20.0,2.0,100.0,6.6666665
184.0,3.0,20.0,2.0,100.0,20.0
185.0,5.0,20.0,2.0,100.0,6.6666665
186.0,10.0,20.0,2.0,100.0,20.0
187.0,20.0,20.0,2.0,100.0,6.6666665
188.0,40.0,20.0,2.0,100.0,6.6666665
189.0,49.0,20.0,2.0,100.0,4.347826
190.0,0.0,20.0,2.0,100.0,100.0
191.0,0.5,20.0,2.0,100.0,33.333332
192.0,1.0,20.0,2.0,100.0,33.333332
193.0,2.0,20.0,2.0,100.0,9.090909
194.0,3.0,20.0,2.0,100.0,20.0
195.0,5.0,20.0,2.0,100.0,33.333332
196.0,10.0,20.0,2.0,100.0,9.090909
197.0,20.0,20.0,2.0,100.0,6.6666665
198.0,40.0,20.0,2.0,100.0,4.347826
199.0,49.0,20.0,2.0,100.0,5.263158
200.0,0.0,20.0,2.0,100.0,100.0
201.0,0.5,20.0,2.0,100.0,33.333332
202.0,1.0,20.0,2.0,100.0,33.333332
203.0,2.0,20.0,2.0,100.0,14.285714
204.0,3.0,20.0,2.0,100.0,33.333332
205.0,5.0,20.0,2.0,100.0,33.333332
206.0,10.0,20.0,2.0,100.0,4.347826
207.0,20.0,20.0,2.0,100.0,7.6923075
208.0,40.0,20.0,2.0,100.0,5.882353
209.0,49.0,20.0,2.0,100.0,5.882353
210.0,0.0,20.0,2.0,100.0,100.0
211.0,0.5,20.0,2.0,100.0,33.333332
212.0,1.0,20.0,2.0,100.0,33.333332
213.0,2.0,20.0,2.0,100.0,20.0
214.0,3.0,20.0,2.0,100.0,20.0
215.0,5.0,20.0,2.0,100.0,33.333332
216.0,10.0,20.0,2.0,100.0,14.285714
217.0,20.0,20.0,2.0,100.0,9.090909
218.0,40.0,20.0,2.0,100.0,6.6666665
219.0,49.0,20.0,2.0,100.0,5.263158
220.0,0.0,20.0,2.0,100.0,100.0
221.0,0.5,20.0,2.0,100.0,33.333332
222.0,1.0,20.0,2.0,100.0,33.333332
223.0,2.0,20.0,2.0,100.0,14.285714
224.0,3.0,20.0,2.0,100.0,20.0
225.0,5.0,20.0,2.0,100.0,5.882353
226.0,10.0,20.0,2.0,100.0,14.285714
227.0,20.0,20.0,2.0,100.0,9.090909
228.0,40.0,20.0,2.0,100.0,4.7619047
229.0,49.0,20.0,2.0,100.0,7.6923075
230.0,0.0,20.0,2.0,100.0,100.0
231.0,0.5,20.0,2.0,100.0,100.0
232.0,1.0,20.0,2.0,100.0,11.111111
233.0,2.0,20.0,2.0,100.0,33.333332
234.0,3.0,20.0,2.0,100.0,20.0
235.0,5.0,20.0,2.0,100.0,11.111111
236.0,10.0,20.0,2.0,100.0,9.090909
237.0,20.0,20.0,2.0,100.0,5.882353
238.0,40.0,20.0,2.0,100.0,4.7619047
239.0,49.0,20.0,2.0,100.0,6.6666665
240.0,0.0,20.0,2.0,100.0,100.0
241.0,0.5,20.0,2.0,100.0,33.333332
242.0,1.0,20.0,2.0,100.0,33.333332
243.0,2.0,20.0,2.0,100.0,20.0
244.0,3.0,20.0,2.0,100.0,33.333332
245.0,5.0,20.0,2.0,100.0,11.111111
246.0,10.0,20.0,2.0,100.0,6.6666665
247.0,20.0,20.0,2.0,100.0,14.285714
248.0,40.0,20.0,2.0,100.0,4.7619047
249.0,49.0,20.0,2.0,100.0,5.882353
250.0,0.0,20.0,2.0,100.0,100.0
251.0,0.5,20.0,2.0,100.0,100.0
252.0,1.0,20.0,2.0,100.0,33.333332
253.0,2.0,20.0,2.0,100.0,9.090909
254.0,3.0,20.0,2.0,100.0,33.333332
255.0,5.0,20.0,2.0,100.0,20.0
256.0,10.0,20.0,2.0,100.0,7.6923075
257.0,20.0,20.0,2.0,100.0,7.6923075
258.0,40.0,20.0,2.0,100.0,5.882353
259.0,49.0,20.0,2.0,100.0,4.7619047
260.0,0.0,20.0,2.0,100.0,100.0
261.0,0.5,20.0,2.0,100.0,100.0
262.0,1.0,20.0,2.0,100.0,7.6923075
263.0,2.0,20.0,2.0,100.0,20.0
264.0,3.0,20.0,2.0,100.0,33.333332
265.0,5.0,20.0,2.0,100.0,14.285714
266.0,10.0,20.0,2.0,100.0,7.6923075
267.0,20.0,20.0,2.0,100.0,5.882353
268.0,40.0,20.0,2.0,100.0,5.882353
269.0,49.0,20.0,2.0,100.0,5.882353
270.0,0.0,20.0,2.0,100.0,100.0
271.0,0.5,20.0,2.0,100.0,33.333332
272.0,1.0,20.0,2.0,100.0,33.333332
273.0,2.0,20.0,2.0,100.0,7.6923075
274.0,3.0,20.0,2.0,100.0,5.263158
275.0,5.0,20.0,2.0,100.0,7.6923075
276.0,10.0,20.0,2.0,100.0,5.882353
277.0,20.0,20.0,2.0,100.0,5.882353
278.0,40.0,20.0,2.0,100.0,7.6923075
279.0,49.0,20.0,2.0,100.0,4.7619047
280.0,0.0,20.0,2.0,100.0,33.333332
281.0,0.5,20.0,2.0,100.0,33.333332
282.0,1.0,20.0,2.0,100.0,100.0
283.0,2.0,20.0,2.0,100.0,20.0
284.0,3.0,20.0,2.0,100.0,20.0
285.0,5.0,20.0,2.0,100.0,9.090909
286.0,10.0,20.0,2.0,100.0,6.6666665
287.0,20.0,20.0,2.0,100.0,4.7619047
288.0,40.0,20.0,2.0,100.0,5.882353
289.0,49.0,20.0,2.0,100.0,4.7619047
290.0,0.0,20.0,2.0,100.0,100.0
291.0,0.5,20.0,2.0,100.0,33.333332
292.0,1.0,20.0,2.0,100.0,9.090909
293.0,2.0,20.0,2.0,100.0,14.285714
294.0,3.0,20.0,2.0,100.0,20.0
295.0,5.0,20.0,2.0,100.0,20.0
296.0,10.0,20.0,2.0,100.0,4.7619047
297.0,20.0,20.0,2.0,100.0,6.6666665
298.0,40.0,20.0,2.0,100.0,6.6666665
299.0,49.0,20.0,2.0,100.0,5.882353
300.0,0.0,20.0,2.0,100.0,100.0
301.0,0.5,20.0,2.0,100.0,6.6666665
302.0,1.0,20.0,2.0,100.0,100.0
303.0,2.0,20.0,2.0,100.0,14.285714
304.0,3.0,20.0,2.0,100.0,11.111111
305.0,5.0,20.0,2.0,100.0,9.090909
306.0,10.0,20.0,2.0,100.0,14.285714
307.0,20.0,20.0,2.0,100.0,7.6923075
308.0,40.0,20.0,2.0,100.0,6.6666665
309.0,49.0,20.0,2.0,100.0,4.7619047
310.0,0.0,20.0,2.0,100.0,100.0
311.0,0.5,20.0,2.0,100.0,100.0
312.0,1.0,20.0,2.0,100.0,100.0
313.0,2.0,20.0,2.0,100.0,33.333332
314.0,3.0,20.0,2.0,100.0,14.285714
315.0,5.0,20.0,2.0,100.0,20.0
316.0,10.0,20.0,2.0,100.0,9.090909
317.0,20.0,20.0,2.0,100.0,4.347826
318.0,40.0,20.0,2.0,100.0,5.263158
319.0,49.0,20.0,2.0,100.0,5.882353
320.0,0.0,20.0,2.0,100.0,100.0
321.0,0.5,20.0,2.0,100.0,33.333332
322.0,1.0,20.0,2.0,100.0,33.333332
323.0,2.0,20.0,2.0,100.0,33.333332
324.0,3.0,20.0,2.0,100.0,9.090909
325.0,5.0,20.0,2.0,100.0,11.111111
326.0,10.0,20.0,2.0,100.0,14.285714
327.0,20.0,20.0,2.0,100.0,5.263158
328.0,40.0,20.0,2.0,100.0,6.6666665
329.0,49.0,20.0,2.0,100.0,5.263158
330.0,0.0,20.0,2.0,100.0,100.0
331.0,0.5,20.0,2.0,100.0,5.882353
332.0,1.0,20.0,2.0,100.0,100.0
333.0,2.0,20.0,2.0,100.0,33.333332
334.0,3.0,20.0,2.0,100.0,4.7619047
335.0,5.0,20.0,2.0,100.0,14.285714
336.0,10.0,20.0,2.0,100.0,9.090909
337.0,20.0,20.0,2.0,100.0,7.6923075
338.0,40.0,20.0,2.0,100.0,5.882353
339.0,49.0,20.0,2.0,100.0,5.882353
340.0,0.0,20.0,2.0,100.0,100.0
341.0,0.5,20.0,2.0,100.0,100.0
342.0,1.0,20.0,2.0,100.0,33.333332
343.0,2.0,20.0,2.0,100.0,33.333332
344.0,3.0,20.0,2.0,100.0,33.333332
345.0,5.0,20.0,2.0,100.0,20.0
346.0,10.0,20.0,2.0,100.0,20.0
347.0,20.0,20.0,2.0,100.0,7.6923075
348.0,40.0,20.0,2.0,100.0,5.882353
349.0,49.0,20.0,2.0,100.0,5.263158
350.0,0.0,20.0,2.0,100.0,100.0
351.0,0.5,20.0,2.0,100.0,33.333332
352.0,1.0,20.0,2.0,100.0,5.882353
353.0,2.0,20.0,2.0,100.0,33.333332
354.0,3.0,20.0,2.0,100.0,11.111111
355.0,5.0,20.0,2.0,100.0,33.333332
356.0,10.0,20.0,2.0,100.0,7.6923075
357.0,20.0,20.0,2.0,100.0,9.090909
358.0,40.0,20.0,2.0,100.0,4.7619047
359.0,49.0,20.0,2.0,100.0,7.6923075
360.0,0.0,20.0,2.0,100.0,100.0
361.0,0.5,20.0,2.0,100.0,33.333332
362.0,1.0,20.0,2.0,100.0,100.0
363.0,2.0,20.0,2.0,100.0,11.111111
364.0,3.0,20.0,2.0,100.0,14.285714
365.0,5.0,20.0,2.0,100.0,5.263158
366.0,10.0,20.0,2.0,100.0,9.090909
367.0,20.0,20.0,2.0,100.0,7.6923075
368.0,40.0,20.0,2.0,100.0,4.7619047
369.0,49.0,20.0,2.0,100.0,6.6666665
370.0,0.0,20.0,2.0,100.0,100.0
371.0,0.5,20.0,2.0,100.0,33.333332
372.0,1.0,20.0,2.0,100.0,100.0
373.0,2.0,20.0,2.0,100.0,100.0
374.0,3.0,20.0,2.0,100.0,5.882353
375.0,5.0,20.0,2.0,100.0,4.347826
376.0,10.0,20.0,2.0,100.0,4.7619047
377.0,20.0,20.0,2.0,100.0,7.6923075
378.0,40.0,20.0,2.0,100.0,7.6923075
379.0,49.0,20.0,2.0,100.0,5.882353
380.0,0.0,20.0,2.0,100.0,100.0
381.0,0.5,20.0,2.0,100.0,33.333332
382.0,1.0,20.0,2.0,100.0,20.0
383.0,2.0,20.0,2.0,100.0,33.333332
384.0,3.0,20.0,2.0,100.0,33.333332
385.0,5.0,20.0,2.0,100.0,4.347826
386.0,10.0,20.0,2.0,100.0,6.6666665
387.0,20.0,20.0,2.0,100.0,6.6666665
388.0,40.0,20.0,2.0,100.0,6.6666665
389.0,49.0,20.0,2.0,100.0,5.882353
390.0,0.0,20.0,2.0,100.0,100.0
391.0,0.5,20.0,2.0,100.0,5.882353
392.0,1.0,20.0,2.0,100.0,33.333332
393.0,2.0,20.0,2.0,100.0,33.333332
394.0,3.0,20.0,2.0,100.0,33.333332
395.0,5.0,20.0,2.0,100.0,33.333332
396.0,10.0,20.0,2.0,100.0,11.111111
397.0,20.0,20.0,2.0,100.0,11.111111
398.0,40.0,20.0,2.0,100.0,5.263158
399.0,49.0,20.0,2.0,100.0,4.347826
400.0,0.0,20.0,2.0,100.0,100.0
401.0,0.5,20.0,2.0,100.0,33.333332
402.0,1.0,20.0,2.0,100.0,33.333332
403.0,2.0,20.0,2.0,100.0,7.6923075
404.0,3.0,20.0,2.0,100.0,33.333332
405.0,5.0,20.0,2.0,100.0,33.333332
406.0,10.0,20.0,2.0,100.0,7.6923075
407.0,20.0,20.0,2.0,100.0,9.090909
408.0,40.0,20.0,2.0,100.0,6.6666665
409.0,49.0,20.0,2.0,100.0,4.7619047
410.0,0.0,20.0,2.0,100.0,100.0
411.0,0.5,20.0,2.0,100.0,100.0
412.0,1.0,20.0,2.0,100.0,100.0
413.0,2.0,20.0,2.0,100.0,33.333332
414.0,3.0,20.0,2.0,100.0,33.333332
415.0,5.0,20.0,2.0,100.0,14.285714
416.0,10.0,20.0,2.0,100.0,7.6923075
417.0,20.0,20.0,2.0,100.0,7.6923075
418.0,40.0,20.0,2.0,100.0,5.882353
419.0,49.0,20.0,2.0,100.0,6.6666665
420.0,0.0,20.0,2.0,100.0,100.0
421.0,0.5,20.0,2.0,100.0,100.0
422.0,1.0,20.0,2.0,100.0,33.333332
423.0,2.0,20.0,2.0,100.0,33.333332
424.0,3.0,20.0,2.0,100.0,100.0
425.0,5.0,20.0,2.0,100.0,14.285714
426.0,10.0,20.0,2.0,100.0,9.090909
427.0,20.0,20.0,2.0,100.0,7.6923075
428.0,40.0,20.0,2.0,100.0,6.6666665
429.0,49.0,20.0,2.0,100.0,5.263158
430.0,0.0,20.0,2.0,100.0,100.0
431.0,0.5,20.0,2.0,100.0,100.0
432.0,1.0,20.0,2.0,100.0,33.333332
433.0,2.0,20.0,2.0,100.0,33.333332
434.0,3.0,20.0,2.0,100.0,33.333332
435.0,5.0,20.0,2.0,100.0,33.333332
436.0,10.0,20.0,2.0,100.0,9.090909
437.0,20.0,20.0,2.0,100.0,7.6923075
438.0,40.0,20.0,2.0,100.0,5.263158
439.0,49.0,20.0,2.0,100.0,7.6923075
440.0,0.0,20.0,2.0,100.0,100.0
441.0,0.5,20.0,2.0,100.0,33.333332
442.0,1.0,20.0,2.0,100.0,33.333332
443.0,2.0,20.0,2.0,100.0,33.333332
444.0,3.0,20.0,2.0,100.0,33.333332
445.0,5.0,20.0,2.0,100.0,20.0
446.0,10.0,20.0,2.0,100.0,5.882353
447.0,20.0,20.0,2.0,100.0,7.6923075
448.0,40.0,20.0,2.0,100.0,6.6666665
449.0,49.0,20.0,2.0,100.0,7.6923075
450.0,0.0,20.0,2.0,100.0,100.0
451.0,0.5,20.0,2.0,100.0,11.111111
452.0,1.0,20.0,2.0,100.0,33.333332
453.0,2.0,20.0,2.0,100.0,33.333332
454.0,3.0,20.0,2.0,100.0,14.285714
455.0,5.0,20.0,2.0,100.0,14.285714
456.0,10.0,20.0,2.0,100.0,7.6923075
457.0,20.0,20.0,2.0,100.0,9.090909
458.0,40.0,20.0,2.0,100.0,5.263158
459.0,49.0,20.0,2.0,100.0,5.882353
460.0,0.0,20.0,2.0,100.0,100.0
461.0,0.5,20.0,2.0,100.0,33.333332
462.0,1.0,20.0,2.0,100.0,33.333332
463.0,2.0,20.0,2.0,100.0,33.333332
464.0,3.0,20.0,2.0,100.0,33.333332
465.0,5.0,20.0,2.0,100.0,9.090909
466.0,10.0,20.0,2.0,100.0,9.090909
467.0,20.0,20.0,2.0,100.0,11.111111
468.0,40.0,20.0,2.0,100.0,4.7619047
469.0,49.0,20.0,2.0,100.0,5.882353
470.0,0.0,20.0,2.0,100.0,11.111111
471.0,0.5,20.0,2.0,100.0,33.333332
472.0,1.0,20.0,2.0,100.0,20.0
473.0,2.0,20.0,2.0,100.0,7.6923075
474.0,3.0,20.0,2.0,100.0,20.0
475.0,5.0,20.0,2.0,100.0,20.0
476.0,10.0,20.0,2.0,100.0,11.111111
477.0,20.0,20.0,2.0,100.0,6.6666665
478.0,40.0,20.0,2.0,100.0,5.263158
479.0,49.0,20.0,2.0,100.0,4.7619047
480.0,0.0,20.0,2.0,100.0,100.0
481.0,0.5,20.0,2.0,100.0,100.0
482.0,1.0,20.0,2.0,100.0,100.0
483.0,2.0,20.0,2.0,100.0,33.333332
484.0,3.0,20.0,2.0,100.0,9.090909
485.0,5.0,20.0,2.0,100.0,14.285714
486.0,10.0,20.0,2.0,100.0,9.090909
487.0,20.0,20.0,2.0,100.0,5.882353
488.0,40.0,20.0,2.0,100.0,6.6666665
489.0,49.0,20.0,2.0,100.0,6.6666665
490.0,0.0,20.0,2.0,100.0,100.0
491.0,0.5,20.0,2.0,100.0,100.0
492.0,1.0,20.0,2.0,100.0,33.333332
493.0,2.0,20.0,2.0,100.0,33.333332
494.0,3.0,20.0,2.0,100.0,33.333332
495.0,5.0,20.0,2.0,100.0,20.0
496.0,10.0,20.0,2.0,100.0,14.285714
497.0,20.0,20.0,2.0,100.0,9.090909
498.0,40.0,20.0,2.0,100.0,6.6666665
499.0,49.0,20.0,2.0,100.0,5.882353
500.0,0.0,20.0,2.0,100.0,100.0
501.0,0.5,20.0,2.0,100.0,14.285714
502.0,1.0,20.0,2.0,100.0,33.333332
503.0,2.0,20.0,2.0,100.0,33.333332
504.0,3.0,20.0,2.0,100.0,20.0
505.0,5.0,20.0,2.0,100.0,33.333332
506.0,10.0,20.0,2.0,100.0,7.6923075
507.0,20.0,20.0,2.0,100.0,5.882353
508.0,40.0,20.0,2.0,100.0,7.6923075
509.0,49.0,20.0,2.0,100.0,5.263158
510.0,0.0,20.0,2.0,100.0,7.6923075
511.0,0.5,20.0,2.0,100.0,33.333332
512.0,1.0,20.0,2.0,100.0,7.6923075
513.0,2.0,20.0,2.0,100.0,33.333332
514.0,3.0,20.0,2.0,100.0,33.333332
515.0,5.0,20.0,2.0,100.0,33.333332
516.0,10.0,20.0,2.0,100.0,5.882353
517.0,20.0,20.0,2.0,100.0,6.6666665
518.0,40.0,20.0,2.0,100.0,6.6666665
519.0,49.0,20.0,2.0,100.0,4.7619047
520.0,0.0,20.0,2.0,100.0,100.0
521.0,0.5,20.0,2.0,100.0,100.0
522.0,1.0,20.0,2.0,100.0,33.333332
523.0,2.0,20.0,2.0,100.0,33.333332
524.0,3.0,20.0,2.0,100.0,33.333332
525.0,5.0,20.0,2.0,100.0,7.6923075
526.0,10.0,20.0,2.0,100.0,9.090909
527.0,20.0,20.0,2.0,100.0,4.347826
528.0,40.0,20.0,2.0,100.0,9.090909
529.0,49.0,20.0,2.0,100.0,7.6923075
530.0,0.0,20.0,2.0,100.0,100.0
531.0,0.5,20.0,2.0,100.0,33.333332
532.0,1.0,20.0,2.0,100.0,33.333332
533.0,2.0,20.0,2.0,100.0,9.090909
534.0,3.0,20.0,2.0,100.0,33.333332
535.0,5.0,20.0,2.0,100.0,14.285714
536.0,10.0,20.0,2.0,100.0,7.6923075
537.0,20.0,20.0,2.0,100.0,6.6666665
538.0,40.0,20.0,2.0,100.0,4.7619047
539.0,49.0,20.0,2.0,100.0,5.882353
540.0,0.0,20.0,2.0,100.0,100.0
541.0,0.5,20.0,2.0,100.0,6.6666665
542.0,1.0,20.0,2.0,100.0,33.333332
543.0,2.0,20.0,2.0,100.0,6.6666665
544.0,3.0,20.0,2.0,100.0,5.263158
545.0,5.0,20.0,2.0,100.0,5.882353
546.0,10.0,20.0,2.0,100.0,9.090909
547.0,20.0,20.0,2.0,100.0,5.263158
548.0,40.0,20.0,2.0,100.0,5.263158
549.0,49.0,20.0,2.0,100.0,5.263158
550.0,0.0,20.0,2.0,100.0,100.0
551.0,0.5,20.0,2.0,100.0,33.333332
552.0,1.0,20.0,2.0,100.0,33.333332
553.0,2.0,20.0,2.0,100.0,33.333332
554.0,3.0,20.0,2.0,100.0,33.333332
555.0,5.0,20.0,2.0,100.0,11.111111
556.0,10.0,20.0,2.0,100.0,11.111111
557.0,20.0,20.0,2.0,100.0,5.263158
558.0,40.0,20.0,2.0,100.0,5.882353
559.0,49.0,20.0,2.0,100.0,4.347826
560.0,0.0,20.0,2.0,100.0,100.0
561.0,0.5,20.0,2.0,100.0,100.0
562.0,1.0,20.0,2.0,100.0,33.333332
563.0,2.0,20.0,2.0,100.0,33.333332
564.0,3.0,20.0,2.0,100.0,14.285714
565.0,5.0,20.0,2.0,100.0,33.333332
566.0,10.0,20.0,2.0,100.0,14.285714
567.0,20.0,20.0,2.0,100.0,7.6923075
568.0,40.0,20.0,2.0,100.0,4.7619047
569.0,49.0,20.0,2.0,100.0,6.6666665
570.0,0.0,20.0,2.0,100.0,100.0
571.0,0.5,20.0,2.0,100.0,100.0
572.0,1.0,20.0,2.0,100.0,33.333332
573.0,2.0,20.0,2.0,100.0,9.090909
574.0,3.0,20.0,2.0,100.0,33.333332
575.0,5.0,20.0,2.0,100.0,5.882353
576.0,10.0,20.0,2.0,100.0,9.090909
577.0,20.0,20.0,2.0,100.0,7.6923075
578.0,40.0,20.0,2.0,100.0,7.6923075
579.0,49.0,20.0,2.0,100.0,5.882353
580.0,0.0,20.0,2.0,100.0,100.0
581.0,0.5,20.0,2.0,100.0,33.333332
582.0,1.0,20.0,2.0,100.0,33.333332
583.0,2.0,20.0,2.0,100.0,33.333332
584.0,3.0,20.0,2.0,100.0,33.333332
585.0,5.0,20.0,2.0,100.0,20.0
586.0,10.0,20.0,2.0,100.0,11.111111
587.0,20.0,20.0,2.0,100.0,5.263158
588.0,40.0,20.0,2.0,100.0,5.882353
589.0,49.0,20.0,2.0,100.0,5.882353
590.0,0.0,20.0,2.0,100.0,9.090909
591.0,0.5,20.0,2.0,100.0,33.333332
592.0,1.0,20.0,2.0,100.0,33.333332
593.0,2.0,20.0,2.0,100.0,33.333332
594.0,3.0,20.0,2.0,100.0,5.882353
595.0,5.0,20.0,2.0,100.0,14.285714
596.0,10.0,20.0,2.0,100.0,4.7619047
597.0,20.0,20.0,2.0,100.0,6.6666665
598.0,40.0,20.0,2.0,100.0,5.263158
599.0,49.0,20.0,2.0,100.0,6.6666665
600.0,0.0,20.0,2.0,100.0,100.0
601.0,0.5,20.0,2.0,100.0,100.0
602.0,1.0,20.0,2.0,100.0,33.333332
603.0,2.0,20.0,2.0,100.0,33.333332
604.0,3.0,20.0,2.0,100.0,14.285714
605.0,5.0,20.0,2.0,100.0,20.0
606.0,10.0,20.0,2.0,100.0,4.7619047
607.0,20.0,20.0,2.0,100.0,7.6923075
608.0,40.0,20.0,2.0,100.0,6.6666665
609.0,49.0,20.0,2.0,100.0,5.882353
610.0,0.0,20.0,2.0,100.0,100.0
611.0,0.5,20.0,2.0,100.0,9.090909
612.0,1.0,20.0,2.0,100.0,33.333332
613.0,2.0,20.0,2.0,100.0,9.090909
614.0,3.0,20.0,2.0,100.0,33.333332
615.0,5.0,20.0,2.0,100.0,14.285714
616.0,10.0,20.0,2.0,100.0,11.111111
617.0,20.0,20.0,2.0,100.0,6.6666665
618.0,40.0,20.0,2.0,100.0,9.090909
619.0,49.0,20.0,2.0,100.0,5.882353
620.0,0.0,20.0,2.0,100.0,100.0
621.0,0.5,20.0,2.0,100.0,100.0
622.0,1.0,20.0,2.0,100.0,14.285714
623.0,2.0,20.0,2.0,100.0,9.090909
624.0,3.0,20.0,2.0,100.0,20.0
625.0,5.0,20.0,2.0,100.0,9.090909
626.0,10.0,20.0,2.0,100.0,9.090909
627.0,20.0,20.0,2.0,100.0,5.263158
628.0,40.0,20.0,2.0,100.0,4.347826
629.0,49.0,20.0,2.0,100.0,5.263158
630.0,0.0,20.0,2.0,100.0,100.0
631.0,0.5,20.0,2.0,100.0,33.333332
632.0,1.0,20.0,2.0,100.0,33.333332
633.0,2.0,20.0,2.0,100.0,33.333332
634.0,3.0,20.0,2.0,100.0,33.333332
635.0,5.0,20.0,2.0,100.0,11.111111
636.0,10.0,20.0,2.0,100.0,6.6666665
637.0,20.0,20.0,2.0,100.0,6.6666665
638.0,40.0,20.0,2.0,100.0,5.882353
639.0,49.0,20.0,2.0,100.0,5.263158
640.0,0.0,20.0,2.0,100.0,100.0
641.0,0.5,20.0,2.0,100.0,33.333332
642.0,1.0,20.0,2.0,100.0,11.111111
643.0,2.0,20.0,2.0,100.0,33.333332
644.0,3.0,20.0,2.0,100.0,33.333332
645.0,5.0,20.0,2.0,100.0,20.0
646.0,10.0,20.0,2.0,100.0,4.7619047
647.0,20.0,20.0,2.0,100.0,7.6923075
648.0,40.0,20.0,2.0,100.0,5.263158
649.0,49.0,20.0,2.0,100.0,5.882353
650.0,0.0,20.0,2.0,100.0,11.111111
651.0,0.5,20.0,2.0,100.0,100.0
652.0,1.0,20.0,2.0,100.0,33.333332
653.0,2.0,20.0,2.0,100.0,20.0
654.0,3.0,20.0,2.0,100.0,33.333332
655.0,5.0,20.0,2.0,100.0,9.090909
656.0,10.0,20.0,2.0,100.0,6.6666665
657.0,20.0,20.0,2.0,100.0,7.6923075
658.0,40.0,20.0,2.0,100.0,5.263158
659.0,49.0,20.0,2.0,100.0,5.882353
660.0,0.0,20.0,2.0,100.0,100.0
661.0,0.5,20.0,2.0,100.0,100.0
662.0,1.0,20.0,2.0,100.0,14.285714
663.0,2.0,20.0,2.0,100.0,6.6666665
664.0,3.0,20.0,2.0,100.0,11.111111
665.0,5.0,20.0,2.0,100.0,20.0
666.0,10.0,20.0,2.0,100.0,7.6923075
667.0,20.0,20.0,2.0,100.0,9.090909
668.0,40.0,20.0,2.0,100.0,4.7619047
669.0,49.0,20.0,2.0,100.0,5.263158
670.0,0.0,20.0,2.0,100.0,100.0
671.0,0.5,20.0,2.0,100.0,33.333332
672.0,1.0,20.0,2.0,100.0,7.6923075
673.0,2.0,20.0,2.0,100.0,33.333332
674.0,3.0,20.0,2.0,100.0,33.333332
675.0,5.0,20.0,2.0,100.0,5.882353
676.0,10.0,20.0,2.0,100.0,20.0
677.0,20.0,20.0,2.0,100.0,7.6923075
678.0,40.0,20.0,2.0,100.0,5.882353
679.0,49.0,20.0,2.0,100.0,6.6666665
680.0,0.0,20.0,2.0,100.0,100.0
681.0,0.5,20.0,2.0,100.0,33.333332
682.0,1.0,20.0,2.0,100.0,33.333332
683.0,2.0,20.0,2.0,100.0,20.0
684.0,3.0,20.0,2.0,100.0,20.0
685.0,5.0,20.0,2.0,100.0,5.882353
686.0,10.0,20.0,2.0,100.0,11.111111
687.0,20.0,20.0,2.0,100.0,6.6666665
688.0,40.0,20.0,2.0,100.0,7.6923075
689.0,49.0,20.0,2.0,100.0,5.882353
690.0,0.0,20.0,2.0,100.0,100.0
691.0,0.5,20.0,2.0,100.0,6.6666665
692.0,1.0,20.0,2.0,100.0,9.090909
693.0,2.0,20.0,2.0,100.0,33.333332
694.0,3.0,20.0,2.0,100.0,33.333332
695.0,5.0,20.0,2.0,100.0,4.0
696.0,10.0,20.0,2.0,100.0,6.6666665
697.0,20.0,20.0,2.0,100.0,6.6666665
698.0,40.0,20.0,2.0,100.0,4.7619047
699.0,49.0,20.0,2.0,100.0,5.882353
700.0,0.0,20.0,2.0,100.0,100.0
701.0,0.5,20.0,2.0,100.0,100.0
702.0,1.0,20.0,2.0,100.0,33.333332
703.0,2.0,20.0,2.0,100.0,33.333332
704.0,3.0,20.0,2.0,100.0,33.333332
705.0,5.0,20.0,2.0,100.0,11.111111
706.0,10.0,20.0,2.0,100.0,9.090909
707.0,20.0,20.0,2.0,100.0,7.6923075
708.0,40.0,20.0,2.0,100.0,6.6666665
709.0,49.0,20.0,2.0,100.0,5.882353
710.0,0.0,20.0,2.0,100.0,33.333332
711.0,0.5,20.0,2.0,100.0,100.0
712.0,1.0,20.0,2.0,100.0,33.333332
713.0,2.0,20.0,2.0,100.0,20.0
714.0,3.0,20.0,2.0,100.0,33.333332
715.0,5.0,20.0,2.0,100.0,20.0
716.0,10.0,20.0,2.0,100.0,7.6923075
717.0,20.0,20.0,2.0,100.0,6.6666665
718.0,40.0,20.0,2.0,100.0,9.090909
719.0,49.0,20.0,2.0,100.0,5.263158
720.0,0.0,20.0,2.0,100.0,100.0
721.0,0.5,20.0,2.0,100.0,33.333332
722.0,1.0,20.0,2.0,100.0,33.333332
723.0,2.0,20.0,2.0,100.0,11.111111
724.0,3.0,20.0,2.0,100.0,33.333332
725.0,5.0,20.0,2.0,100.0,4.7619047
726.0,10.0,20.0,2.0,100.0,14.285714
727.0,20.0,20.0,2.0,100.0,9.090909
728.0,40.0,20.0,2.0,100.0,5.882353
729.0,49.0,20.0,2.0,100.0,5.263158
730.0,0.0,20.0,2.0,100.0,5.882353
731.0,0.5,20.0,2.0,100.0,33.333332
732.0,1.0,20.0,2.0,100.0,33.333332
733.0,2.0,20.0,2.0,100.0,33.333332
734.0,3.0,20.0,2.0,100.0,33.333332
735.0,5.0,20.0,2.0,100.0,33.333332
736.0,10.0,20.0,2.0,100.0,9.090909
737.0,20.0,20.0,2.0,100.0,5.882353
738.0,40.0,20.0,2.0,100.0,6.6666665
739.0,49.0,20.0,2.0,100.0,4.7619047
740.0,0.0,20.0,2.0,100.0,100.0
741.0,0.5,20.0,2.0,100.0,100.0
742.0,1.0,20.0,2.0,100.0,33.333332
743.0,2.0,20.0,2.0,100.0,14.285714
744.0,3.0,20.0,2.0,100.0,20.0
745.0,5.0,20.0,2.0,100.0,9.090909
746.0,10.0,20.0,2.0,100.0,4.7619047
747.0,20.0,20.0,2.0,100.0,7.6923075
748.0,40.0,20.0,2.0,100.0,5.882353
749.0,49.0,20.0,2.0,100.0,6.6666665
750.0,0.0,20.0,2.0,100.0,100.0
751.0,0.5,20.0,2.0,100.0,100.0
752.0,1.0,20.0,2.0,100.0,33.333332
753.0,2.0,20.0,2.0,100.0,33.333332
754.0,3.0,20.0,2.0,100.0,7.6923075
755.0,5.0,20.0,2.0,100.0,14.285714
756.0,10.0,20.0,2.0,100.0,5.263158
757.0,20.0,20.0,2.0,100.0,5.263158
758.0,40.0,20.0,2.0,100.0,5.263158
759.0,49.0,20.0,2.0,100.0,6.6666665
760.0,0.0,20.0,2.0,100.0,100.0
761.0,0.5,20.0,2.0,100.0,33.333332
762.0,1.0,20.0,2.0,100.0,33.333332
763.0,2.0,20.0,2.0,100.0,33.333332
764.0,3.0,20.0,2.0,100.0,33.333332
765.0,5.0,20.0,2.0,100.0,20.0
766.0,10.0,20.0,2.0,100.0,9.090909
767.0,20.0,20.0,2.0,100.0,5.882353
768.0,40.0,20.0,2.0,100.0,6.6666665
769.0,49.0,20.0,2.0,100.0,5.882353
770.0,0.0,20.0,2.0,100.0,100.0
771.0,0.5,20.0,2.0,100.0,33.333332
772.0,1.0,20.0,2.0,100.0,33.333332
773.0,2.0,20.0,2.0,100.0,11.111111
774.0,3.0,20.0,2.0,100.0,33.333332
775.0,5.0,20.0,2.0,100.0,33.333332
776.0,10.0,20.0,2.0,100.0,7.6923075
777.0,20.0,20.0,2.0,100.0,6.6666665
778.0,40.0,20.0,2.0,100.0,5.882353
779.0,49.0,20.0,2.0,100.0,5.263158
780.0,0.0,20.0,2.0,100.0,9.090909
781.0,0.5,20.0,2.0,100.0,33.333332
782.0,1.0,20.0,2.0,100.0,100.0
783.0,2.0,20.0,2.0,100.0,33.333332
784.0,3.0,20.0,2.0,100.0,9.090909
785.0,5.0,20.0,2.0,100.0,20.0
786.0,10.0,20.0,2.0,100.0,6.6666665
787.0,20.0,20.0,2.0,100.0,5.882353
788.0,40.0,20.0,2.0,100.0,5.263158
789.0,49.0,20.0,2.0,100.0,5.882353
790.0,0.0,20.0,2.0,100.0,100.0
791.0,0.5,20.0,2.0,100.0,100.0
792.0,1.0,20.0,2.0,100.0,33.333332
793.0,2.0,20.0,2.0,100.0,33.333332
794.0,3.0,20.0,2.0,100.0,20.0
795.0,5.0,20.0,2.0,100.0,14.285714
796.0,10.0,20.0,2.0,100.0,6.6666665
797.0,20.0,20.0,2.0,100.0,6.6666665
798.0,40.0,20.0,2.0,100.0,5.263158
799.0,49.0,20.0,2.0,100.0,5.882353
800.0,0.0,20.0,2.0,100.0,100.0
801.0,0.5,20.0,2.0,100.0,33.333332
802.0,1.0,20.0,2.0,100.0,33.333332
803.0,2.0,20.0,2.0,100.0,100.0
804.0,3.0,20.0,2.0,100.0,6.6666665
805.0,5.0,20.0,2.0,100.0,14.285714
806.0,10.0,20.0,2.0,100.0,11.111111
807.0,20.0,20.0,2.0,100.0,6.6666665
808.0,40.0,20.0,2.0,100.0,5.882353
809.0,49.0,20.0,2.0,100.0,4.7619047
810.0,0.0,20.0,2.0,100.0,100.0
811.0,0.5,20.0,2.0,100.0,100.0
812.0,1.0,20.0,2.0,100.0,100.0
813.0,2.0,20.0,2.0,100.0,33.333332
814.0,3.0,20.0,2.0,100.0,33.333332
815.0,5.0,20.0,2.0,100.0,33.333332
816.0,10.0,20.0,2.0,100.0,6.6666665
817.0,20.0,20.0,2.0,100.0,5.882353
818.0,40.0,20.0,2.0,100.0,5.882353
819.0,49.0,20.0,2.0,100.0,7.6923075
820.0,0.0,20.0,2.0,100.0,100.0
821.0,0.5,20.0,2.0,100.0,100.0
822.0,1.0,20.0,2.0,100.0,33.333332
823.0,2.0,20.0,2.0,100.0,100.0
824.0,3.0,20.0,2.0,100.0,33.333332
825.0,5.0,20.0,2.0,100.0,7.6923075
826.0,10.0,20.0,2.0,100.0,5.263158
827.0,20.0,20.0,2.0,100.0,11.111111
828.0,40.0,20.0,2.0,100.0,5.263158
829.0,49.0,20.0,2.0,100.0,5.882353
830.0,0.0,20.0,2.0,100.0,100.0
831.0,0.5,20.0,2.0,100.0,100.0
832.0,1.0,20.0,2.0,100.0,33.333332
833.0,2.0,20.0,2.0,100.0,33.333332
834.0,3.0,20.0,2.0,100.0,33.333332
835.0,5.0,20.0,2.0,100.0,20.0
836.0,10.0,20.0,2.0,100.0,6.6666665
837.0,20.0,20.0,2.0,100.0,6.6666665
838.0,40.0,20.0,2.0,100.0,6.6666665
839.0,49.0,20.0,2.0,100.0,5.882353
840.0,0.0,20.0,2.0,100.0,100.0
841.0,0.5,20.0,2.0,100.0,33.333332
842.0,1.0,20.0,2.0,100.0,100.0
843.0,2.0,20.0,2.0,100.0,33.333332
844.0,3.0,20.0,2.0,100.0,20.0
845.0,5.0,20.0,2.0,100.0,11.111111
846.0,10.0,20.0,2.0,100.0,7.6923075
847.0,20.0,20.0,2.0,100.0,5.882353
848.0,40.0,20.0,2.0,100.0,6.6666665
849.0,49.0,20.0,2.0,100.0,7.6923075
850.0,0.0,20.0,2.0,100.0,100.0
851.0,0.5,20.0,2.0,100.0,33.333332
852.0,1.0,20.0,2.0,100.0,33.333332
853.0,2.0,20.0,2.0,100.0,33.333332
854.0,3.0,20.0,2.0,100.0,14.285714
855.0,5.0,20.0,2.0,100.0,33.333332
856.0,10.0,20.0,2.0,100.0,7.6923075
857.0,20.0,20.0,2.0,100.0,6.6666665
858.0,40.0,20.0,2.0,100.0,6.6666665
859.0,49.0,20.0,2.0,100.0,4.347826
860.0,0.0,20.0,2.0,100.0,100.0
861.0,0.5,20.0,2.0,100.0,33.333332
862.0,1.0,20.0,2.0,100.0,100.0
863.0,2.0,20.0,2.0,100.0,33.333332
864.0,3.0,20.0,2.0,100.0,33.333332
865.0,5.0,20.0,2.0,100.0,33.333332
866.0,10.0,20.0,2.0,100.0,5.263158
867.0,20.0,20.0,2.0,100.0,5.882353
868.0,40.0,20.0,2.0,100.0,4.7619047
869.0,49.0,20.0,2.0,100.0,6.6666665
870.0,0.0,20.0,2.0,100.0,9.090909
871.0,0.5,20.0,2.0,100.0,33.333332
872.0,1.0,20.0,2.0,100.0,33.333332
873.0,2.0,20.0,2.0,100.0,100.0
874.0,3.0,20.0,2.0,100.0,33.333332
875.0,5.0,20.0,2.0,100.0,11.111111
876.0,10.0,20.0,2.0,100.0,5.263158
877.0,20.0,20.0,2.0,100.0,7.6923075
878.0,40.0,20.0,2.0,100.0,4.7619047
879.0,49.0,20.0,2.0,100.0,5.263158
880.0,0.0,20.0,2.0,100.0,100.0
881.0,0.5,20.0,2.0,100.0,100.0
882.0,1.0,20.0,2.0,100.0,33.333332
883.0,2.0,20.0,2.0,100.0,33.333332
884.0,3.0,20.0,2.0,100.0,33.333332
885.0,5.0,20.0,2.0,100.0,11.111111
886.0,10.0,20.0,2.0,100.0,4.7619047
887.0,20.0,20.0,2.0,100.0,9.090909
888.0,40.0,20.0,2.0,100.0,6.6666665
889.0,49.0,20.0,2.0,100.0,5.882353
890.0,0.0,20.0,2.0,100.0,100.0
891.0,0.5,20.0,2.0,100.0,20.0
892.0,1.0,20.0,2.0,100.0,33.333332
893.0,2.0,20.0,2.0,100.0,14.285714
894.0,3.0,20.0,2.0,100.0,20.0
895.0,5.0,20.0,2.0,100.0,20.0
896.0,10.0,20.0,2.0,100.0,5.263158
897.0,20.0,20.0,2.0,100.0,5.882353
898.0,40.0,20.0,2.0,100.0,5.882353
899.0,49.0,20.0,2.0,100.0,5.882353
900.0,0.0,20.0,2.0,100.0,100.0
901.0,0.5,20.0,2.0,100.0,33.333332
902.0,1.0,20.0,2.0,100.0,33.333332
903.0,2.0,20.0,2.0,100.0,6.6666665
904.0,3.0,20.0,2.0,100.0,33.333332
905.0,5.0,20.0,2.0,100.0,11.111111
906.0,10.0,20.0,2.0,100.0,20.0
907.0,20.0,20.0,2.0,100.0,6.6666665
908.0,40.0,20.0,2.0,100.0,5.882353
909.0,49.0,20.0,2.0,100.0,6.6666665
910.0,0.0,20.0,2.0,100.0,100.0
911.0,0.5,20.0,2.0,100.0,33.333332
912.0,1.0,20.0,2.0,100.0,100.0
913.0,2.0,20.0,2.0,100.0,33.333332
914.0,3.0,20.0,2.0,100.0,33.333332
915.0,5.0,20.0,2.0,100.0,6.6666665
916.0,10.0,20.0,2.0,100.0,14.285714
917.0,20.0,20.0,2.0,100.0,5.882353
918.0,40.0,20.0,2.0,100.0,7.6923075
919.0,49.0,20.0,2.0,100.0,6.6666665
920.0,0.0,20.0,2.0,100.0,100.0
921.0,0.5,20.0,2.0,100.0,33.333332
922.0,1.0,20.0,2.0,100.0,100.0
923.0,2.0,20.0,2.0,100.0,100.0
924.0,3.0,20.0,2.0,100.0,7.6923075
925.0,5.0,20.0,2.0,100.0,9.090909
926.0,10.0,20.0,2.0,100.0,7.6923075
927.0,20.0,20.0,2.0,100.0,7.6923075
928.0,40.0,20.0,2.0,100.0,4.7619047
929.0,49.0,20.0,2.0,100.0,5.882353
930.0,0.0,20.0,2.0,100.0,100.0
931.0,0.5,20.0,2.0,100.0,100.0
932.0,1.0,20.0,2.0,100.0,100.0
933.0,2.0,20.0,2.0,100.0,33.333332
934.0,3.0,20.0,2.0,100.0,11.111111
935.0,5.0,20.0,2.0,100.0,5.882353
936.0,10.0,20.0,2.0,100.0,11.111111
937.0,20.0,20.0,2.0,100.0,11.111111
938.0,40.0,20.0,2.0,100.0,5.882353
939.0,49.0,20.0,2.0,100.0,5.263158
940.0,0.0,20.0,2.0,100.0,100.0
941.0,0.5,20.0,2.0,100.0,100.0
942.0,1.0,20.0,2.0,100.0,100.0
943.0,2.0,20.0,2.0,100.0,20.0
944.0,3.0,20.0,2.0,100.0,33.333332
945.0,5.0,20.0,2.0,100.0,33.333332
946.0,10.0,20.0,2.0,100.0,4.7619047
947.0,20.0,20.0,2.0,100.0,9.090909
948.0,40.0,20.0,2.0,100.0,6.6666665
949.0,49.0,20.0,2.0,100.0,5.882353
950.0,0.0,20.0,2.0,100.0,100.0
951.0,0.5,20.0,2.0,100.0,100.0
952.0,1.0,20.0,2.0,100.0,33.333332
953.0,2.0,20.0,2.0,100.0,20.0
954.0,3.0,20.0,2.0,100.0,20.0
955.0,5.0,20.0,2.0,100.0,20.0
956.0,10.0,20.0,2.0,100.0,9.090909
957.0,20.0,20.0,2.0,100.0,5.882353
958.0,40.0,20.0,2.0,100.0,5.882353
959.0,49.0,20.0,2.0,100.0,5.882353
960.0,0.0,20.0,2.0,100.0,100.0
961.0,0.5,20.0,2.0,100.0,100.0
962.0,1.0,20.0,2.0,100.0,33.333332
963.0,2.0,20.0,2.0,100.0,33.333332
964.0,3.0,20.0,2.0,100.0,20.0
965.0,5.0,20.0,2.0,100.0,7.6923075
966.0,10.0,20.0,2.0,100.0,5.882353
967.0,20.0,20.0,2.0,100.0,9.090909
968.0,40.0,20.0,2.0,100.0,6.6666665
969.0,49.0,20.0,2.0,100.0,6.6666665
970.0,0.0,20.0,2.0,100.0,100.0
971.0,0.5,20.0,2.0,100.0,33.333332
972.0,1.0,20.0,2.0,100.0,11.111111
973.0,2.0,20.0,2.0,100.0,33.333332
974.0,3.0,20.0,2.0,100.0,33.333332
975.0,5.0,20.0,2.0,100.0,14.285714
976.0,10.0,20.0,2.0,100.0,14.285714
977.0,20.0,20.0,2.0,100.0,6.6666665
978.0,40.0,20.0,2.0,100.0,6.6666665
979.0,49.0,20.0,2.0,100.0,5.882353
980.0,0.0,20.0,2.0,100.0,100.0
981.0,0.5,20.0,2.0,100.0,33.333332
982.0,1.0,20.0,2.0,100.0,33.333332
983.0,2.0,20.0,2.0,100.0,33.333332
984.0,3.0,20.0,2.0,100.0,33.333332
985.0,5.0,20.0,2.0,100.0,20.0
986.0,10.0,20.0,2.0,100.0,14.285714
987.0,20.0,20.0,2.0,100.0,7.6923075
988.0,40.0,20.0,2.0,100.0,4.7619047
989.0,49.0,20.0,2.0,100.0,4.7619047
990.0,0.0,20.0,2.0,100.0,100.0
991.0,0.5,20.0,2.0,100.0,33.333332
992.0,1.0,20.0,2.0,100.0,33.333332
993.0,2.0,20.0,2.0,100.0,33.333332
994.0,3.0,20.0,2.0,100.0,5.882353
995.0,5.0,20.0,2.0,100.0,6.6666665
996.0,10.0,20.0,2.0,100.0,7.6923075
997.0,20.0,20.0,2.0,100.0,5.882353
998.0,40.0,20.0,2.0,100.0,7.6923075
999.0,49.0,20.0,2.0,100.0,6.6666665
1000.0,0.0,20.0,2.0,100.0,100.0
1001.0,0.5,20.0,2.0,100.0,100.0
1002.0,1.0,20.0,2.0,100.0,20.0
1003.0,2.0,20.0,2.0,100.0,33.333332
1004.0,3.0,20.0,2.0,100.0,33.333332
1005.0,5.0,20.0,2.0,100.0,14.285714
1006.0,10.0,20.0,2.0,100.0,7.6923075
1007.0,20.0,20.0,2.0,100.0,6.6666665
1008.0,40.0,20.0,2.0,100.0,6.6666665
1009.0,49.0,20.0,2.0,100.0,5.882353
1010.0,0.0,20.0,2.0,100.0,100.0
1011.0,0.5,20.0,2.0,100.0,100.0
1012.0,1.0,20.0,2.0,100.0,33.333332
1013.0,2.0,20.0,2.0,100.0,9.090909
1014.0,3.0,20.0,2.0,100.0,9.090909
1015.0,5.0,20.0,2.0,100.0,20.0
1016.0,10.0,20.0,2.0,100.0,11.111111
1017.0,20.0,20.0,2.0,100.0,5.882353
1018.0,40.0,20.0,2.0,100.0,5.882353
1019.0,49.0,20.0,2.0,100.0,5.882353
1020.0,0.0,20.0,2.0,100.0,100.0
1021.0,0.5,20.0,2.0,100.0,100.0
1022.0,1.0,20.0,2.0,100.0,33.333332
1023.0,2.0,20.0,2.0,100.0,33.333332
1024.0,3.0,20.0,2.0,100.0,20.0
1025.0,5.0,20.0,2.0,100.0,5.263158
1026.0,10.0,20.0,2.0,100.0,14.285714
1027.0,20.0,20.0,2.0,100.0,11.111111
1028.0,40.0,20.0,2.0,100.0,6.6666665
1029.0,49.0,20.0,2.0,100.0,5.263158
1030.0,0.0,20.0,2.0,100.0,100.0
1031.0,0.5,20.0,2.0,100.0,100.0
1032.0,1.0,20.0,2.0,100.0,33.333332
1033.0,2.0,20.0,2.0,100.0,20.0
1034.0,3.0,20.0,2.0,100.0,6.6666665
1035.0,5.0,20.0,2.0,100.0,20.0
1036.0,10.0,20.0,2.0,100.0,6.6666665
1037.0,20.0,20.0,2.0,100.0,5.882353
1038.0,40.0,20.0,2.0,100.0,6.6666665
1039.0,49.0,20.0,2.0,100.0,5.263158
1040.0,0.0,20.0,2.0,100.0,100.0
1041.0,0.5,20.0,2.0,100.0,100.0
1042.0,1.0,20.0,2.0,100.0,100.0
1043.0,2.0,20.0,2.0,100.0,33.333332
1044.0,3.0,20.0,2.0,100.0,20.0
1045.0,5.0,20.0,2.0,100.0,20.0
1046.0,10.0,20.0,2.0,100.0,11.111111
1047.0,20.0,20.0,2.0,100.0,5.263158
1048.0,40.0,20.0,2.0,100.0,6.6666665
1049.0,49.0,20.0,2.0,100.0,5.882353
1050.0,0.0,20.0,2.0,100.0,100.0
1051.0,0.5,20.0,2.0,100.0,100.0
1052.0,1.0,20.0,2.0,100.0,33.333332
1053.0,2.0,20.0,2.0,100.0,14.285714
1054.0,3.0,20.0,2.0,100.0,14.285714
1055.0,5.0,20.0,2.0,100.0,14.285714
1056.0,10.0,20.0,2.0,100.0,11.111111
1057.0,20.0,20.0,2.0,100.0,9.090909
1058.0,40.0,20.0,2.0,100.0,6.6666665
1059.0,49.0,20.0,2.0,100.0,6.6666665
1060.0,0.0,20.0,2.0,100.0,100.0
1061.0,0.5,20.0,2.0,100.0,100.0
1062.0,1.0,20.0,2.0,100.0,100.0
1063.0,2.0,20.0,2.0,100.0,100.0
1064.0,3.0,20.0,2.0,100.0,6.6666665
1065.0,5.0,20.0,2.0,100.0,14.285714
1066.0,10.0,20.0,2.0,100.0,6.6666665
1067.0,20.0,20.0,2.0,100.0,6.6666665
1068.0,40.0,20.0,2.0,100.0,5.263158
1069.0,49.0,20.0,2.0,100.0,5.882353
1070.0,0.0,20.0,2.0,100.0,100.0
1071.0,0.5,20.0,2.0,100.0,33.333332
1072.0,1.0,20.0,2.0,100.0,33.333332
1073.0,2.0,20.0,2.0,100.0,33.333332
1074.0,3.0,20.0,2.0,100.0,7.6923075
1075.0,5.0,20.0,2.0,100.0,20.0
1076.0,10.0,20.0,2.0,100.0,33.333332
1077.0,20.0,20.0,2.0,100.0,9.090909
1078.0,40.0,20.0,2.0,100.0,4.347826
1079.0,49.0,20.0,2.0,100.0,4.7619047
1080.0,0.0,20.0,2.0,100.0,100.0
1081.0,0.5,20.0,2.0,100.0,9.090909
1082.0,1.0,20.0,2.0,100.0,33.333332
1083.0,2.0,20.0,2.0,100.0,100.0
1084.0,3.0,20.0,2.0,100.0,33.333332
1085.0,5.0,20.0,2.0,100.0,20.0
1086.0,10.0,20.0,2.0,100.0,7.6923075
1087.0,20.0,20.0,2.0,100.0,4.7619047
1088.0,40.0,20.0,2.0,100.0,6.6666665
1089.0,49.0,20.0,2.0,100.0,5.882353
1090.0,0.0,20.0,2.0,100.0,100.0
1091.0,0.5,20.0,2.0,100.0,33.333332
1092.0,1.0,20.0,2.0,100.0,33.333332
1093.0,2.0,20.0,2.0,100.0,14.285714
1094.0,3.0,20.0,2.0,100.0,33.333332
1095.0,5.0,20.0,2.0,100.0,5.882353
1096.0,10.0,20.0,2.0,100.0,9.090909
1097.0,20.0,20.0,2.0,100.0,9.090909
1098.0,40.0,20.0,2.0,100.0,6.6666665
1099.0,49.0,20.0,2.0,100.0,5.882353
1100.0,0.0,20.0,2.0,100.0,100.0
1101.0,0.5,20.0,2.0,100.0,100.0
1102.0,1.0,20.0,2.0,100.0,20.0
1103.0,2.0,20.0,2.0,100.0,33.333332
1104.0,3.0,20.0,2.0,100.0,14.285714
1105.0,5.0,20.0,2.0,100.0,9.090909
1106.0,10.0,20.0,2.0,100.0,9.090909
1107.0,20.0,20.0,2.0,100.0,9.090909
1108.0,40.0,20.0,2.0,100.0,7.6923075
1109.0,49.0,20.0,2.0,100.0,6.6666665
1110.0,0.0,20.0,2.0,100.0,100.0
1111.0,0.5,20.0,2.0,100.0,33.333332
1112.0,1.0,20.0,2.0,100.0,33.333332
1113.0,2.0,20.0,2.0,100.0,33.333332
1114.0,3.0,20.0,2.0,100.0,33.333332
1115.0,5.0,20.0,2.0,100.0,5.263158
1116.0,10.0,20.0,2.0,100.0,5.882353
1117.0,20.0,20.0,2.0,100.0,6.6666665
1118.0,40.0,20.0,2.0,100.0,5.882353
1119.0,49.0,20.0,2.0,100.0,5.882353
1120.0,0.0,20.0,2.0,100.0,100.0
1121.0,0.5,20.0,2.0,100.0,100.0
1122.0,1.0,20.0,2.0,100.0,20.0
1123.0,2.0,20.0,2.0,100.0,100.0
1124.0,3.0,20.0,2.0,100.0,33.333332
1125.0,5.0,20.0,2.0,100.0,14.285714
1126.0,10.0,20.0,2.0,100.0,14.285714
1127.0,20.0,20.0,2.0,100.0,5.882353
1128.0,40.0,20.0,2.0,100.0,6.6666665
1129.0,49.0,20.0,2.0,100.0,4.347826
1130.0,0.0,20.0,2.0,100.0,100.0
1131.0,0.5,20.0,2.0,100.0,33.333332
1132.0,1.0,20.0,2.0,100.0,100.0
1133.0,2.0,20.0,2.0,100.0,20.0
1134.0,3.0,20.0,2.0,100.0,14.285714
1135.0,5.0,20.0,2.0,100.0,11.111111
1136.0,10.0,20.0,2.0,100.0,14.285714
1137.0,20.0,20.0,2.0,100.0,7.6923075
1138.0,40.0,20.0,2.0,100.0,5.882353
1139.0,49.0,20.0,2.0,100.0,5.882353
1140.0,0.0,20.0,2.0,100.0,100.0
1141.0,0.5,20.0,2.0,100.0,100.0
1142.0,1.0,20.0,2.0,100.0,33.333332
1143.0,2.0,20.0,2.0,100.0,9.090909
1144.0,3.0,20.0,2.0,100.0,33.333332
1145.0,5.0,20.0,2.0,100.0,20.0
1146.0,10.0,20.0,2.0,100.0,6.6666665
1147.0,20.0,20.0,2.0,100.0,5.882353
1148.0,40.0,20.0,2.0,100.0,6.6666665
1149.0,49.0,20.0,2.0,100.0,11.111111
1150.0,0.0,20.0,2.0,100.0,100.0
1151.0,0.5,20.0,2.0,100.0,100.0
1152.0,1.0,20.0,2.0,100.0,33.333332
1153.0,2.0,20.0,2.0,100.0,33.333332
1154.0,3.0,20.0,2.0,100.0,6.6666665
1155.0,5.0,20.0,2.0,100.0,11.111111
1156.0,10.0,20.0,2.0,100.0,7.6923075
1157.0,20.0,20.0,2.0,100.0,7.6923075
1158.0,40.0,20.0,2.0,100.0,7.6923075
1159.0,49.0,20.0,2.0,100.0,5.882353
1160.0,0.0,20.0,2.0,100.0,20.0
1161.0,0.5,20.0,2.0,100.0,33.333332
1162.0,1.0,20.0,2.0,100.0,33.333332
1163.0,2.0,20.0,2.0,100.0,20.0
1164.0,3.0,20.0,2.0,100.0,33.333332
1165.0,5.0,20.0,2.0,100.0,33.333332
1166.0,10.0,20.0,2.0,100.0,11.111111
1167.0,20.0,20.0,2.0,100.0,9.090909
1168.0,40.0,20.0,2.0,100.0,4.7619047
1169.0,49.0,20.0,2.0,100.0,6.6666665
1170.0,0.0,20.0,2.0,100.0,100.0
1171.0,0.5,20.0,2.0,100.0,100.0
1172.0,1.0,20.0,2.0,100.0,100.0
1173.0,2.0,20.0,2.0,100.0,20.0
1174.0,3.0,20.0,2.0,100.0,33.333332
1175.0,5.0,20.0,2.0,100.0,7.6923075
1176.0,10.0,20.0,2.0,100.0,9.090909
1177.0,20.0,20.0,2.0,100.0,9.090909
1178.0,40.0,20.0,2.0,100.0,5.882353
1179.0,49.0,20.0,2.0,100.0,5.882353
1180.0,0.0,20.0,2.0,100.0,100.0
1181.0,0.5,20.0,2.0,100.0,20.0
1182.0,1.0,20.0,2.0,100.0,20.0
1183.0,2.0,20.0,2.0,100.0,20.0
1184.0,3.0,20.0,2.0,100.0,7.6923075
1185.0,5.0,20.0,2.0,100.0,20.0
1186.0,10.0,20.0,2.0,100.0,5.263158
1187.0,20.0,20.0,2.0,100.0,7.6923075
1188.0,40.0,20.0,2.0,100.0,6.6666665
1189.0,49.0,20.0,2.0,100.0,5.882353
1190.0,0.0,20.0,2.0,100.0,100.0
1191.0,0.5,20.0,2.0,100.0,100.0
1192.0,1.0,20.0,2.0,100.0,33.333332
1193.0,2.0,20.0,2.0,100.0,4.7619047
1194.0,3.0,20.0,2.0,100.0,33.333332
1195.0,5.0,20.0,2.0,100.0,20.0
1196.0,10.0,20.0,2.0,100.0,6.6666665
1197.0,20.0,20.0,2.0,100.0,7.6923075
1198.0,40.0,20.0,2.0,100.0,4.347826
1199.0,49.0,20.0,2.0,100.0,5.882353
1200.0,0.0,20.0,2.0,100.0,9.090909
1201.0,0.5,20.0,2.0,100.0,33.333332
1202.0,1.0,20.0,2.0,100.0,33.333332
1203.0,2.0,20.0,2.0,100.0,7.6923075
1204.0,3.0,20.0,2.0,100.0,33.333332
1205.0,5.0,20.0,2.0,100.0,9.090909
1206.0,10.0,20.0,2.0,100.0,4.7619047
1207.0,20.0,20.0,2.0,100.0,5.263158
1208.0,40.0,20.0,2.0,100.0,5.263158
1209.0,49.0,20.0,2.0,100.0,5.882353
1210.0,0.0,20.0,2.0,100.0,100.0
1211.0,0.5,20.0,2.0,100.0,100.0
1212.0,1.0,20.0,2.0,100.0,33.333332
1213.0,2.0,20.0,2.0,100.0,20.0
1214.0,3.0,20.0,2.0,100.0,14.285714
1215.0,5.0,20.0,2.0,100.0,20.0
1216.0,10.0,20.0,2.0,100.0,6.6666665
1217.0,20.0,20.0,2.0,100.0,7.6923075
1218.0,40.0,20.0,2.0,100.0,5.263158
1219.0,49.0,20.0,2.0,100.0,5.882353
1220.0,0.0,20.0,2.0,100.0,100.0
1221.0,0.5,20.0,2.0,100.0,33.333332
1222.0,1.0,20.0,2.0,100.0,33.333332
1223.0,2.0,20.0,2.0,100.0,33.333332
1224.0,3.0,20.0,2.0,100.0,9.090909
1225.0,5.0,20.0,2.0,100.0,9.090909
1226.0,10.0,20.0,2.0,100.0,11.111111
1227.0,20.0,20.0,2.0,100.0,4.7619047
1228.0,40.0,20.0,2.0,100.0,4.7619047
1229.0,49.0,20.0,2.0,100.0,5.263158
1230.0,0.0,20.0,2.0,100.0,100.0
1231.0,0.5,20.0,2.0,100.0,33.333332
1232.0,1.0,20.0,2.0,100.0,9.090909
1233.0,2.0,20.0,2.0,100.0,33.333332
1234.0,3.0,20.0,2.0,100.0,33.333332
1235.0,5.0,20.0,2.0,100.0,33.333332
1236.0,10.0,20.0,2.0,100.0,11.111111
1237.0,20.0,20.0,2.0,100.0,5.882353
1238.0,40.0,20.0,2.0,100.0,5.882353
1239.0,49.0,20.0,2.0,100.0,5.263158
1240.0,0.0,20.0,2.0,100.0,100.0
1241.0,0.5,20.0,2.0,100.0,33.333332
1242.0,1.0,20.0,2.0,100.0,20.0
1243.0,2.0,20.0,2.0,100.0,33.333332
1244.0,3.0,20.0,2.0,100.0,33.333332
1245.0,5.0,20.0,2.0,100.0,6.6666665
1246.0,10.0,20.0,2.0,100.0,5.882353
1247.0,20.0,20.0,2.0,100.0,5.882353
1248.0,40.0,20.0,2.0,100.0,5.263158
1249.0,49.0,20.0,2.0,100.0,4.7619047
1250.0,0.0,20.0,2.0,100.0,33.333332
1251.0,0.5,20.0,2.0,100.0,33.333332
1252.0,1.0,20.0,2.0,100.0,33.333332
1253.0,2.0,20.0,2.0,100.0,20.0
1254.0,3.0,20.0,2.0,100.0,33.333332
1255.0,5.0,20.0,2.0,100.0,33.333332
1256.0,10.0,20.0,2.0,100.0,11.111111
1257.0,20.0,20.0,2.0,100.0,5.263158
1258.0,40.0,20.0,2.0,100.0,5.882353
1259.0,49.0,20.0,2.0,100.0,5.263158
1260.0,0.0,20.0,2.0,100.0,100.0
1261.0,0.5,20.0,2.0,100.0,100.0
1262.0,1.0,20.0,2.0,100.0,33.333332
1263.0,2.0,20.0,2.0,100.0,11.111111
1264.0,3.0,20.0,2.0,100.0,20.0
1265.0,5.0,20.0,2.0,100.0,11.111111
1266.0,10.0,20.0,2.0,100.0,7.6923075
1267.0,20.0,20.0,2.0,100.0,5.882353
1268.0,40.0,20.0,2.0,100.0,5.882353
1269.0,49.0,20.0,2.0,100.0,5.882353
1270.0,0.0,20.0,2.0,100.0,100.0
1271.0,0.5,20.0,2.0,100.0,100.0
1272.0,1.0,20.0,2.0,100.0,33.333332
1273.0,2.0,20.0,2.0,100.0,33.333332
1274.0,3.0,20.0,2.0,100.0,33.333332
1275.0,5.0,20.0,2.0,100.0,7.6923075
1276.0,10.0,20.0,2.0,100.0,6.6666665
1277.0,20.0,20.0,2.0,100.0,6.6666665
1278.0,40.0,20.0,2.0,100.0,7.6923075
1279.0,49.0,20.0,2.0,100.0,4.7619047
1280.0,0.0,20.0,2.0,100.0,100.0
1281.0,0.5,20.0,2.0,100.0,33.333332
1282.0,1.0,20.0,2.0,100.0,33.333332
1283.0,2.0,20.0,2.0,100.0,33.333332
1284.0,3.0,20.0,2.0,100.0,6.6666665
1285.0,5.0,20.0,2.0,100.0,33.333332
1286.0,10.0,20.0,2.0,100.0,11.111111
1287.0,20.0,20.0,2.0,100.0,7.6923075
1288.0,40.0,20.0,2.0,100.0,5.882353
1289.0,49.0,20.0,2.0,100.0,6.6666665
1290.0,0.0,20.0,2.0,100.0,100.0
1291.0,0.5,20.0,2.0,100.0,7.6923075
1292.0,1.0,20.0,2.0,100.0,5.882353
1293.0,2.0,20.0,2.0,100.0,33.333332
1294.0,3.0,20.0,2.0,100.0,9.090909
1295.0,5.0,20.0,2.0,100.0,33.333332
1296.0,10.0,20.0,2.0,100.0,9.090909
1297.0,20.0,20.0,2.0,100.0,6.6666665
1298.0,40.0,20.0,2.0,100.0,5.882353
1299.0,49.0,20.0,2.0,100.0,5.882353
1300.0,0.0,20.0,2.0,100.0,100.0
1301.0,0.5,20.0,2.0,100.0,100.0
1302.0,1.0,20.0,2.0,100.0,33.333332
1303.0,2.0,20.0,2.0,100.0,20.0
1304.0,3.0,20.0,2.0,100.0,33.333332
1305.0,5.0,20.0,2.0,100.0,6.6666665
1306.0,10.0,20.0,2.0,100.0,14.285714
1307.0,20.0,20.0,2.0,100.0,5.882353
1308.0,40.0,20.0,2.0,100.0,4.7619047
1309.0,49.0,20.0,2.0,100.0,6.6666665
1310.0,0.0,20.0,2.0,100.0,100.0
1311.0,0.5,20.0,2.0,100.0,100.0
1312.0,1.0,20.0,2.0,100.0,33.333332
1313.0,2.0,20.0,2.0,100.0,20.0
1314.0,3.0,20.0,2.0,100.0,100.0
1315.0,5.0,20.0,2.0,100.0,11.111111
1316.0,10.0,20.0,2.0,100.0,7.6923075
1317.0,20.0,20.0,2.0,100.0,6.6666665
1318.0,40.0,20.0,2.0,100.0,7.6923075
1319.0,49.0,20.0,2.0,100.0,5.882353
1320.0,0.0,20.0,2.0,100.0,100.0
1321.0,0.5,20.0,2.0,100.0,100.0
1322.0,1.0,20.0,2.0,100.0,100.0
1323.0,2.0,20.0,2.0,100.0,33.333332
1324.0,3.0,20.0,2.0,100.0,33.333332
1325.0,5.0,20.0,2.0,100.0,20.0
1326.0,10.0,20.0,2.0,100.0,11.111111
1327.0,20.0,20.0,2.0,100.0,7.6923075
1328.0,40.0,20.0,2.0,100.0,5.882353
1329.0,49.0,20.0,2.0,100.0,5.263158
1330.0,0.0,20.0,2.0,100.0,100.0
1331.0,0.5,20.0,2.0,100.0,33.333332
1332.0,1.0,20.0,2.0,100.0,33.333332
1333.0,2.0,20.0,2.0,100.0,33.333332
1334.0,3.0,20.0,2.0,100.0,33.333332
1335.0,5.0,20.0,2.0,100.0,20.0
1336.0,10.0,20.0,2.0,100.0,7.6923075
1337.0,20.0,20.0,2.0,100.0,5.882353
1338.0,40.0,20.0,2.0,100.0,6.6666665
1339.0,49.0,20.0,2.0,100.0,6.6666665
1340.0,0.0,20.0,2.0,100.0,100.0
1341.0,0.5,20.0,2.0,100.0,33.333332
1342.0,1.0,20.0,2.0,100.0,100.0
1343.0,2.0,20.0,2.0,100.0,33.333332
1344.0,3.0,20.0,2.0,100.0,33.333332
1345.0,5.0,20.0,2.0,100.0,5.882353
1346.0,10.0,20.0,2.0,100.0,6.6666665
1347.0,20.0,20.0,2.0,100.0,7.6923075
1348.0,40.0,20.0,2.0,100.0,5.882353
1349.0,49.0,20.0,2.0,100.0,5.263158
1350.0,0.0,20.0,2.0,100.0,100.0
1351.0,0.5,20.0,2.0,100.0,9.090909
1352.0,1.0,20.0,2.0,100.0,100.0
1353.0,2.0,20.0,2.0,100.0,33.333332
1354.0,3.0,20.0,2.0,100.0,33.333332
1355.0,5.0,20.0,2.0,100.0,14.285714
1356.0,10.0,20.0,2.0,100.0,7.6923075
1357.0,20.0,20.0,2.0,100.0,6.6666665
1358.0,40.0,20.0,2.0,100.0,5.263158
1359.0,49.0,20.0,2.0,100.0,5.263158
1360.0,0.0,20.0,2.0,100.0,100.0
1361.0,0.5,20.0,2.0,100.0,100.0
1362.0,1.0,20.0,2.0,100.0,33.333332
1363.0,2.0,20.0,2.0,100.0,33.333332
1364.0,3.0,20.0,2.0,100.0,33.333332
1365.0,5.0,20.0,2.0,100.0,14.285714
1366.0,10.0,20.0,2.0,100.0,7.6923075
1367.0,20.0,20.0,2.0,100.0,6.6666665
1368.0,40.0,20.0,2.0,100.0,6.6666665
1369.0,49.0,20.0,2.0,100.0,6.6666665
1370.0,0.0,20.0,2.0,100.0,100.0
1371.0,0.5,20.0,2.0,100.0,100.0
1372.0,1.0,20.0,2.0,100.0,33.333332
1373.0,2.0,20.0,2.0,100.0,6.6666665
1374.0,3.0,20.0,2.0,100.0,33.333332
1375.0,5.0,20.0,2.0,100.0,6.6666665
1376.0,10.0,20.0,2.0,100.0,9.090909
1377.0,20.0,20.0,2.0,100.0,6.6666665
1378.0,40.0,20.0,2.0,100.0,6.6666665
1379.0,49.0,20.0,2.0,100.0,6.6666665
1380.0,0.0,20.0,2.0,100.0,100.0
1381.0,0.5,20.0,2.0,100.0,33.333332
1382.0,1.0,20.0,2.0,100.0,20.0
1383.0,2.0,20.0,2.0,100.0,33.333332
1384.0,3.0,20.0,2.0,100.0,33.333332
1385.0,5.0,20.0,2.0,100.0,11.111111
1386.0,10.0,20.0,2.0,100.0,9.090909
1387.0,20.0,20.0,2.0,100.0,5.882353
1388.0,40.0,20.0,2.0,100.0,5.882353
1389.0,49.0,20.0,2.0,100.0,5.882353
1390.0,0.0,20.0,2.0,100.0,100.0
1391.0,0.5,20.0,2.0,100.0,100.0
1392.0,1.0,20.0,2.0,100.0,100.0
1393.0,2.0,20.0,2.0,100.0,6.6666665
1394.0,3.0,20.0,2.0,100.0,33.333332
1395.0,5.0,20.0,2.0,100.0,11.111111
1396.0,10.0,20.0,2.0,100.0,9.090909
1397.0,20.0,20.0,2.0,100.0,5.882353
1398.0,40.0,20.0,2.0,100.0,5.882353
1399.0,49.0,20.0,2.0,100.0,6.6666665
1400.0,0.0,20.0,2.0,100.0,100.0
1401.0,0.5,20.0,2.0,100.0,5.882353
1402.0,1.0,20.0,2.0,100.0,33.333332
1403.0,2.0,20.0,2.0,100.0,33.333332
1404.0,3.0,20.0,2.0,100.0,11.111111
1405.0,5.0,20.0,2.0,100.0,33.333332
1406.0,10.0,20.0,2.0,100.0,7.6923075
1407.0,20.0,20.0,2.0,100.0,7.6923075
1408.0,40.0,20.0,2.0,100.0,4.7619047
1409.0,49.0,20.0,2.0,100.0,5.263158
1410.0,0.0,20.0,2.0,100.0,100.0
1411.0,0.5,20.0,2.0,100.0,33.333332
1412.0,1.0,20.0,2.0,100.0,33.333332
1413.0,2.0,20.0,2.0,100.0,33.333332
1414.0,3.0,20.0,2.0,100.0,33.333332
1415.0,5.0,20.0,2.0,100.0,14.285714
1416.0,10.0,20.0,2.0,100.0,11.111111
1417.0,20.0,20.0,2.0,100.0,5.263158
1418.0,40.0,20.0,2.0,100.0,5.263158
1419.0,49.0,20.0,2.0,100.0,5.882353
1420.0,0.0,20.0,2.0,100.0,100.0
1421.0,0.5,20.0,2.0,100.0,100.0
1422.0,1.0,20.0,2.0,100.0,33.333332
1423.0,2.0,20.0,2.0,100.0,33.333332
1424.0,3.0,20.0,2.0,100.0,14.285714
1425.0,5.0,20.0,2.0,100.0,11.111111
1426.0,10.0,20.0,2.0,100.0,11.111111
1427.0,20.0,20.0,2.0,100.0,7.6923075
1428.0,40.0,20.0,2.0,100.0,5.882353
1429.0,49.0,20.0,2.0,100.0,7.6923075
1430.0,0.0,20.0,2.0,100.0,100.0
1431.0,0.5,20.0,2.0,100.0,100.0
1432.0,1.0,20.0,2.0,100.0,5.882353
1433.0,2.0,20.0,2.0,100.0,33.333332
1434.0,3.0,20.0,2.0,100.0,33.333332
1435.0,5.0,20.0,2.0,100.0,5.882353
1436.0,10.0,20.0,2.0,100.0,4.347826
1437.0,20.0,20.0,2.0,100.0,5.263158
1438.0,40.0,20.0,2.0,100.0,6.6666665
1439.0,49.0,20.0,2.0,100.0,5.882353
1440.0,0.0,20.0,2.0,100.0,100.0
1441.0,0.5,20.0,2.0,100.0,33.333332
1442.0,1.0,20.0,2.0,100.0,20.0
1443.0,2.0,20.0,2.0,100.0,11.111111
1444.0,3.0,20.0,2.0,100.0,20.0
1445.0,5.0,20.0,2.0,100.0,33.333332
1446.0,10.0,20.0,2.0,100.0,7.6923075
1447.0,20.0,20.0,2.0,100.0,7.6923075
1448.0,40.0,20.0,2.0,100.0,5.882353
1449.0,49.0,20.0,2.0,100.0,5.263158
1450.0,0.0,20.0,2.0,100.0,20.0
1451.0,0.5,20.0,2.0,100.0,100.0
1452.0,1.0,20.0,2.0,100.0,100.0
1453.0,2.0,20.0,2.0,100.0,5.882353
1454.0,3.0,20.0,2.0,100.0,33.333332
1455.0,5.0,20.0,2.0,100.0,33.333332
1456.0,10.0,20.0,2.0,100.0,11.111111
1457.0,20.0,20.0,2.0,100.0,4.7619047
1458.0,40.0,20.0,2.0,100.0,5.882353
1459.0,49.0,20.0,2.0,100.0,4.347826
1460.0,0.0,20.0,2.0,100.0,100.0
1461.0,0.5,20.0,2.0,100.0,100.0
1462.0,1.0,20.0,2.0,100.0,33.333332
1463.0,2.0,20.0,2.0,100.0,33.333332
1464.0,3.0,20.0,2.0,100.0,14.285714
1465.0,5.0,20.0,2.0,100.0,20.0
1466.0,10.0,20.0,2.0,100.0,14.285714
1467.0,20.0,20.0,2.0,100.0,6.6666665
1468.0,40.0,20.0,2.0,100.0,6.6666665
1469.0,49.0,20.0,2.0,100.0,5.263158
1470.0,0.0,20.0,2.0,100.0,100.0
1471.0,0.5,20.0,2.0,100.0,33.333332
1472.0,1.0,20.0,2.0,100.0,33.333332
1473.0,2.0,20.0,2.0,100.0,33.333332
1474.0,3.0,20.0,2.0,100.0,20.0
1475.0,5.0,20.0,2.0,100.0,20.0
1476.0,10.0,20.0,2.0,100.0,5.882353
1477.0,20.0,20.0,2.0,100.0,4.7619047
1478.0,40.0,20.0,2.0,100.0,5.882353
1479.0,49.0,20.0,2.0,100.0,5.882353
1480.0,0.0,20.0,2.0,100.0,100.0
1481.0,0.5,20.0,2.0,100.0,33.333332
1482.0,1.0,20.0,2.0,100.0,33.333332
1483.0,2.0,20.0,2.0,100.0,33.333332
1484.0,3.0,20.0,2.0,100.0,20.0
1485.0,5.0,20.0,2.0,100.0,11.111111
1486.0,10.0,20.0,2.0,100.0,11.111111
1487.0,20.0,20.0,2.0,100.0,9.090909
1488.0,40.0,20.0,2.0,100.0,5.882353
1489.0,49.0,20.0,2.0,100.0,5.263158
1490.0,0.0,20.0,2.0,100.0,100.0
1491.0,0.5,20.0,2.0,100.0,100.0
1492.0,1.0,20.0,2.0,100.0,33.333332
1493.0,2.0,20.0,2.0,100.0,33.333332
1494.0,3.0,20.0,2.0,100.0,5.263158
1495.0,5.0,20.0,2.0,100.0,14.285714
1496.0,10.0,20.0,2.0,100.0,6.6666665
1497.0,20.0,20.0,2.0,100.0,5.263158
1498.0,40.0,20.0,2.0,100.0,5.882353
1499.0,49.0,20.0,2.0,100.0,4.0
1500.0,0.0,20.0,2.0,100.0,100.0
1501.0,0.5,20.0,2.0,100.0,100.0
1502.0,1.0,20.0,2.0,100.0,33.333332
1503.0,2.0,20.0,2.0,100.0,33.333332
1504.0,3.0,20.0,2.0,100.0,5.263158
1505.0,5.0,20.0,2.0,100.0,14.285714
1506.0,10.0,20.0,2.0,100.0,7.6923075
1507.0,20.0,20.0,2.0,100.0,9.090909
1508.0,40.0,20.0,2.0,100.0,6.6666665
1509.0,49.0,20.0,2.0,100.0,4.0
1510.0,0.0,20.0,2.0,100.0,7.6923075
1511.0,0.5,20.0,2.0,100.0,100.0
1512.0,1.0,20.0,2.0,100.0,33.333332
1513.0,2.0,20.0,2.0,100.0,33.333332
1514.0,3.0,20.0,2.0,100.0,20.0
1515.0,5.0,20.0,2.0,100.0,20.0
1516.0,10.0,20.0,2.0,100.0,5.882353
1517.0,20.0,20.0,2.0,100.0,9.090909
1518.0,40.0,20.0,2.0,100.0,6.6666665
1519.0,49.0,20.0,2.0,100.0,4.7619047
1520.0,0.0,20.0,2.0,100.0,100.0
1521.0,0.5,20.0,2.0,100.0,33.333332
1522.0,1.0,20.0,2.0,100.0,100.0
1523.0,2.0,20.0,2.0,100.0,33.333332
1524.0,3.0,20.0,2.0,100.0,33.333332
1525.0,5.0,20.0,2.0,100.0,14.285714
1526.0,10.0,20.0,2.0,100.0,9.090909
1527.0,20.0,20.0,2.0,100.0,4.7619047
1528.0,40.0,20.0,2.0,100.0,9.090909
1529.0,49.0,20.0,2.0,100.0,5.263158
1530.0,0.0,20.0,2.0,100.0,100.0
1531.0,0.5,20.0,2.0,100.0,100.0
1532.0,1.0,20.0,2.0,100.0,20.0
1533.0,2.0,20.0,2.0,100.0,5.263158
1534.0,3.0,20.0,2.0,100.0,33.333332
1535.0,5.0,20.0,2.0,100.0,11.111111
1536.0,10.0,20.0,2.0,100.0,4.0
1537.0,20.0,20.0,2.0,100.0,7.6923075
1538.0,40.0,20.0,2.0,100.0,7.6923075
1539.0,49.0,20.0,2.0,100.0,5.263158
1540.0,0.0,20.0,2.0,100.0,100.0
1541.0,0.5,20.0,2.0,100.0,33.333332
1542.0,1.0,20.0,2.0,100.0,33.333332
1543.0,2.0,20.0,2.0,100.0,33.333332
1544.0,3.0,20.0,2.0,100.0,33.333332
1545.0,5.0,20.0,2.0,100.0,7.6923075
1546.0,10.0,20.0,2.0,100.0,4.7619047
1547.0,20.0,20.0,2.0,100.0,7.6923075
1548.0,40.0,20.0,2.0,100.0,5.882353
1549.0,49.0,20.0,2.0,100.0,4.7619047
1550.0,0.0,20.0,2.0,100.0,100.0
1551.0,0.5,20.0,2.0,100.0,100.0
1552.0,1.0,20.0,2.0,100.0,33.333332
1553.0,2.0,20.0,2.0,100.0,33.333332
1554.0,3.0,20.0,2.0,100.0,33.333332
1555.0,5.0,20.0,2.0,100.0,20.0
1556.0,10.0,20.0,2.0,100.0,7.6923075
1557.0,20.0,20.0,2.0,100.0,9.090909
1558.0,40.0,20.0,2.0,100.0,6.6666665
1559.0,49.0,20.0,2.0,100.0,4.7619047
1560.0,0.0,20.0,2.0,100.0,100.0
1561.0,0.5,20.0,2.0,100.0,100.0
1562.0,1.0,20.0,2.0,100.0,33.333332
1563.0,2.0,20.0,2.0,100.0,33.333332
1564.0,3.0,20.0,2.0,100.0,33.333332
1565.0,5.0,20.0,2.0,100.0,4.7619047
1566.0,10.0,20.0,2.0,100.0,11.111111
1567.0,20.0,20.0,2.0,100.0,6.6666665
1568.0,40.0,20.0,2.0,100.0,7.6923075
1569.0,49.0,20.0,2.0,100.0,4.7619047
1570.0,0.0,20.0,2.0,100.0,100.0
1571.0,0.5,20.0,2.0,100.0,100.0
1572.0,1.0,20.0,2.0,100.0,20.0
1573.0,2.0,20.0,2.0,100.0,20.0
1574.0,3.0,20.0,2.0,100.0,33.333332
1575.0,5.0,20.0,2.0,100.0,6.6666665
1576.0,10.0,20.0,2.0,100.0,9.090909
1577.0,20.0,20.0,2.0,100.0,7.6923075
1578.0,40.0,20.0,2.0,100.0,6.6666665
1579.0,49.0,20.0,2.0,100.0,5.882353
1580.0,0.0,20.0,2.0,100.0,100.0
1581.0,0.5,20.0,2.0,100.0,100.0
1582.0,1.0,20.0,2.0,100.0,33.333332
1583.0,2.0,20.0,2.0,100.0,5.882353
1584.0,3.0,20.0,2.0,100.0,20.0
1585.0,5.0,20.0,2.0,100.0,33.333332
1586.0,10.0,20.0,2.0,100.0,14.285714
1587.0,20.0,20.0,2.0,100.0,11.111111
1588.0,40.0,20.0,2.0,100.0,4.7619047
1589.0,49.0,20.0,2.0,100.0,6.6666665
1590.0,0.0,20.0,2.0,100.0,9.090909
1591.0,0.5,20.0,2.0,100.0,14.285714
1592.0,1.0,20.0,2.0,100.0,33.333332
1593.0,2.0,20.0,2.0,100.0,20.0
1594.0,3.0,20.0,2.0,100.0,33.333332
1595.0,5.0,20.0,2.0,100.0,20.0
1596.0,10.0,20.0,2.0,100.0,14.285714
1597.0,20.0,20.0,2.0,100.0,5.882353
1598.0,40.0,20.0,2.0,100.0,5.263158
1599.0,49.0,20.0,2.0,100.0,4.7619047
1600.0,0.0,20.0,2.0,100.0,100.0
1601.0,0.5,20.0,2.0,100.0,100.0
1602.0,1.0,20.0,2.0,100.0,33.333332
1603.0,2.0,20.0,2.0,100.0,33.333332
1604.0,3.0,20.0,2.0,100.0,33.333332
1605.0,5.0,20.0,2.0,100.0,20.0
1606.0,10.0,20.0,2.0,100.0,9.090909
1607.0,20.0,20.0,2.0,100.0,7.6923075
1608.0,40.0,20.0,2.0,100.0,9.090909
1609.0,49.0,20.0,2.0,100.0,5.263158
1610.0,0.0,20.0,2.0,100.0,100.0
1611.0,0.5,20.0,2.0,100.0,33.333332
1612.0,1.0,20.0,2.0,100.0,100.0
1613.0,2.0,20.0,2.0,100.0,33.333332
1614.0,3.0,20.0,2.0,100.0,14.285714
1615.0,5.0,20.0,2.0,100.0,20.0
1616.0,10.0,20.0,2.0,100.0,14.285714
1617.0,20.0,20.0,2.0,100.0,7.6923075
1618.0,40.0,20.0,2.0,100.0,5.263158
1619.0,49.0,20.0,2.0,100.0,5.882353
1620.0,0.0,20.0,2.0,100.0,100.0
1621.0,0.5,20.0,2.0,100.0,6.6666665
1622.0,1.0,20.0,2.0,100.0,33.333332
1623.0,2.0,20.0,2.0,100.0,20.0
1624.0,3.0,20.0,2.0,100.0,20.0
1625.0,5.0,20.0,2.0,100.0,20.0
1626.0,10.0,20.0,2.0,100.0,7.6923075
1627.0,20.0,20.0,2.0,100.0,5.263158
1628.0,40.0,20.0,2.0,100.0,5.882353
1629.0,49.0,20.0,2.0,100.0,5.882353
1630.0,0.0,20.0,2.0,100.0,100.0
1631.0,0.5,20.0,2.0,100.0,100.0
1632.0,1.0,20.0,2.0,100.0,100.0
1633.0,2.0,20.0,2.0,100.0,33.333332
1634.0,3.0,20.0,2.0,100.0,33.333332
1635.0,5.0,20.0,2.0,100.0,11.111111
1636.0,10.0,20.0,2.0,100.0,11.111111
1637.0,20.0,20.0,2.0,100.0,9.090909
1638.0,40.0,20.0,2.0,100.0,4.347826
1639.0,49.0,20.0,2.0,100.0,6.6666665
1640.0,0.0,20.0,2.0,100.0,100.0
1641.0,0.5,20.0,2.0,100.0,33.333332
1642.0,1.0,20.0,2.0,100.0,5.882353
1643.0,2.0,20.0,2.0,100.0,11.111111
1644.0,3.0,20.0,2.0,100.0,5.882353
1645.0,5.0,20.0,2.0,100.0,33.333332
1646.0,10.0,20.0,2.0,100.0,5.263158
1647.0,20.0,20.0,2.0,100.0,6.6666665
1648.0,40.0,20.0,2.0,100.0,6.6666665
1649.0,49.0,20.0,2.0,100.0,4.347826
1650.0,0.0,20.0,2.0,100.0,100.0
1651.0,0.5,20.0,2.0,100.0,100.0
1652.0,1.0,20.0,2.0,100.0,100.0
1653.0,2.0,20.0,2.0,100.0,33.333332
1654.0,3.0,20.0,2.0,100.0,9.090909
1655.0,5.0,20.0,2.0,100.0,6.6666665
1656.0,10.0,20.0,2.0,100.0,9.090909
1657.0,20.0,20.0,2.0,100.0,9.090909
1658.0,40.0,20.0,2.0,100.0,6.6666665
1659.0,49.0,20.0,2.0,100.0,5.882353
1660.0,0.0,20.0,2.0,100.0,33.333332
1661.0,0.5,20.0,2.0,100.0,33.333332
1662.0,1.0,20.0,2.0,100.0,33.333332
1663.0,2.0,20.0,2.0,100.0,33.333332
1664.0,3.0,20.0,2.0,100.0,33.333332
1665.0,5.0,20.0,2.0,100.0,9.090909
1666.0,10.0,20.0,2.0,100.0,7.6923075
1667.0,20.0,20.0,2.0,100.0,6.6666665
1668.0,40.0,20.0,2.0,100.0,5.882353
1669.0,49.0,20.0,2.0,100.0,4.7619047
1670.0,0.0,20.0,2.0,100.0,100.0
1671.0,0.5,20.0,2.0,100.0,33.333332
1672.0,1.0,20.0,2.0,100.0,33.333332
1673.0,2.0,20.0,2.0,100.0,7.6923075
1674.0,3.0,20.0,2.0,100.0,100.0
1675.0,5.0,20.0,2.0,100.0,5.882353
1676.0,10.0,20.0,2.0,100.0,14.285714
1677.0,20.0,20.0,2.0,100.0,4.7619047
1678.0,40.0,20.0,2.0,100.0,4.347826
1679.0,49.0,20.0,2.0,100.0,5.882353
1680.0,0.0,20.0,2.0,100.0,100.0
1681.0,0.5,20.0,2.0,100.0,100.0
1682.0,1.0,20.0,2.0,100.0,100.0
1683.0,2.0,20.0,2.0,100.0,33.333332
1684.0,3.0,20.0,2.0,100.0,9.090909
1685.0,5.0,20.0,2.0,100.0,7.6923075
1686.0,10.0,20.0,2.0,100.0,9.090909
1687.0,20.0,20.0,2.0,100.0,5.882353
1688.0,40.0,20.0,2.0,100.0,5.263158
1689.0,49.0,20.0,2.0,100.0,5.882353
1690.0,0.0,20.0,2.0,100.0,100.0
1691.0,0.5,20.0,2.0,100.0,100.0
1692.0,1.0,20.0,2.0,100.0,33.333332
1693.0,2.0,20.0,2.0,100.0,33.333332
1694.0,3.0,20.0,2.0,100.0,20.0
1695.0,5.0,20.0,2.0,100.0,9.090909
1696.0,10.0,20.0,2.0,100.0,11.111111
1697.0,20.0,20.0,2.0,100.0,9.090909
1698.0,40.0,20.0,2.0,100.0,4.7619047
1699.0,49.0,20.0,2.0,100.0,6.6666665
1700.0,0.0,20.0,2.0,100.0,100.0
1701.0,0.5,20.0,2.0,100.0,33.333332
1702.0,1.0,20.0,2.0,100.0,33.333332
1703.0,2.0,20.0,2.0,100.0,33.333332
1704.0,3.0,20.0,2.0,100.0,14.285714
1705.0,5.0,20.0,2.0,100.0,20.0
1706.0,10.0,20.0,2.0,100.0,5.263158
1707.0,20.0,20.0,2.0,100.0,7.6923075
1708.0,40.0,20.0,2.0,100.0,7.6923075
1709.0,49.0,20.0,2.0,100.0,4.7619047
1710.0,0.0,20.0,2.0,100.0,100.0
1711.0,0.5,20.0,2.0,100.0,33.333332
1712.0,1.0,20.0,2.0,100.0,33.333332
1713.0,2.0,20.0,2.0,100.0,33.333332
1714.0,3.0,20.0,2.0,100.0,5.263158
1715.0,5.0,20.0,2.0,100.0,20.0
1716.0,10.0,20.0,2.0,100.0,4.7619047
1717.0,20.0,20.0,2.0,100.0,7.6923075
1718.0,40.0,20.0,2.0,100.0,5.882353
1719.0,49.0,20.0,2.0,100.0,4.7619047
1720.0,0.0,20.0,2.0,100.0,100.0
1721.0,0.5,20.0,2.0,100.0,33.333332
1722.0,1.0,20.0,2.0,100.0,33.333332
1723.0,2.0,20.0,2.0,100.0,33.333332
1724.0,3.0,20.0,2.0,100.0,20.0
1725.0,5.0,20.0,2.0,100.0,20.0
1726.0,10.0,20.0,2.0,100.0,4.7619047
1727.0,20.0,20.0,2.0,100.0,6.6666665
1728.0,40.0,20.0,2.0,100.0,6.6666665
1729.0,49.0,20.0,2.0,100.0,5.882353
1730.0,0.0,20.0,2.0,100.0,100.0
1731.0,0.5,20.0,2.0,100.0,33.333332
1732.0,1.0,20.0,2.0,100.0,33.333332
1733.0,2.0,20.0,2.0,100.0,100.0
1734.0,3.0,20.0,2.0,100.0,6.6666665
1735.0,5.0,20.0,2.0,100.0,33.333332
1736.0,10.0,20.0,2.0,100.0,11.111111
1737.0,20.0,20.0,2.0,100.0,6.6666665
1738.0,40.0,20.0,2.0,100.0,4.7619047
1739.0,49.0,20.0,2.0,100.0,14.285714
1740.0,0.0,20.0,2.0,100.0,100.0
1741.0,0.5,20.0,2.0,100.0,100.0
1742.0,1.0,20.0,2.0,100.0,33.333332
1743.0,2.0,20.0,2.0,100.0,33.333332
1744.0,3.0,20.0,2.0,100.0,20.0
1745.0,5.0,20.0,2.0,100.0,9.090909
1746.0,10.0,20.0,2.0,100.0,14.285714
1747.0,20.0,20.0,2.0,100.0,6.6666665
1748.0,40.0,20.0,2.0,100.0,5.263158
1749.0,49.0,20.0,2.0,100.0,5.263158
1750.0,0.0,20.0,2.0,100.0,100.0
1751.0,0.5,20.0,2.0,100.0,33.333332
1752.0,1.0,20.0,2.0,100.0,33.333332
1753.0,2.0,20.0,2.0,100.0,5.263158
1754.0,3.0,20.0,2.0,100.0,11.111111
1755.0,5.0,20.0,2.0,100.0,5.882353
1756.0,10.0,20.0,2.0,100.0,7.6923075
1757.0,20.0,20.0,2.0,100.0,7.6923075
1758.0,40.0,20.0,2.0,100.0,6.6666665
1759.0,49.0,20.0,2.0,100.0,5.263158
1760.0,0.0,20.0,2.0,100.0,100.0
1761.0,0.5,20.0,2.0,100.0,100.0
1762.0,1.0,20.0,2.0,100.0,33.333332
1763.0,2.0,20.0,2.0,100.0,5.882353
1764.0,3.0,20.0,2.0,100.0,20.0
1765.0,5.0,20.0,2.0,100.0,11.111111
1766.0,10.0,20.0,2.0,100.0,9.090909
1767.0,20.0,20.0,2.0,100.0,5.263158
1768.0,40.0,20.0,2.0,100.0,5.882353
1769.0,49.0,20.0,2.0,100.0,4.7619047
1770.0,0.0,20.0,2.0,100.0,100.0
1771.0,0.5,20.0,2.0,100.0,33.333332
1772.0,1.0,20.0,2.0,100.0,33.333332
1773.0,2.0,20.0,2.0,100.0,14.285714
1774.0,3.0,20.0,2.0,100.0,11.111111
1775.0,5.0,20.0,2.0,100.0,33.333332
1776.0,10.0,20.0,2.0,100.0,5.882353
1777.0,20.0,20.0,2.0,100.0,7.6923075
1778.0,40.0,20.0,2.0,100.0,5.882353
1779.0,49.0,20.0,2.0,100.0,5.882353
1780.0,0.0,20.0,2.0,100.0,100.0
1781.0,0.5,20.0,2.0,100.0,33.333332
1782.0,1.0,20.0,2.0,100.0,33.333332
1783.0,2.0,20.0,2.0,100.0,20.0
1784.0,3.0,20.0,2.0,100.0,11.111111
1785.0,5.0,20.0,2.0,100.0,7.6923075
1786.0,10.0,20.0,2.0,100.0,6.6666665
1787.0,20.0,20.0,2.0,100.0,9.090909
1788.0,40.0,20.0,2.0,100.0,5.882353
1789.0,49.0,20.0,2.0,100.0,5.882353
1790.0,0.0,20.0,2.0,100.0,11.111111
1791.0,0.5,20.0,2.0,100.0,33.333332
1792.0,1.0,20.0,2.0,100.0,33.333332
1793.0,2.0,20.0,2.0,100.0,33.333332
1794.0,3.0,20.0,2.0,100.0,33.333332
1795.0,5.0,20.0,2.0,100.0,33.333332
1796.0,10.0,20.0,2.0,100.0,6.6666665
1797.0,20.0,20.0,2.0,100.0,7.6923075
1798.0,40.0,20.0,2.0,100.0,5.882353
1799.0,49.0,20.0,2.0,100.0,5.882353
1800.0,0.0,20.0,2.0,100.0,100.0
1801.0,0.5,20.0,2.0,100.0,100.0
1802.0,1.0,20.0,2.0,100.0,33.333332
1803.0,2.0,20.0,2.0,100.0,33.333332
1804.0,3.0,20.0,2.0,100.0,33.333332
1805.0,5.0,20.0,2.0,100.0,11.111111
1806.0,10.0,20.0,2.0,100.0,11.111111
1807.0,20.0,20.0,2.0,100.0,7.6923075
1808.0,40.0,20.0,2.0,100.0,5.263158
1809.0,49.0,20.0,2.0,100.0,6.6666665
1810.0,0.0,20.0,2.0,100.0,100.0
1811.0,0.5,20.0,2.0,100.0,33.333332
1812.0,1.0,20.0,2.0,100.0,20.0
1813.0,2.0,20.0,2.0,100.0,33.333332
1814.0,3.0,20.0,2.0,100.0,14.285714
1815.0,5.0,20.0,2.0,100.0,33.333332
1816.0,10.0,20.0,2.0,100.0,11.111111
1817.0,20.0,20.0,2.0,100.0,5.882353
1818.0,40.0,20.0,2.0,100.0,5.882353
1819.0,49.0,20.0,2.0,100.0,6.6666665
1820.0,0.0,20.0,2.0,100.0,100.0
1821.0,0.5,20.0,2.0,100.0,100.0
1822.0,1.0,20.0,2.0,100.0,33.333332
1823.0,2.0,20.0,2.0,100.0,6.6666665
1824.0,3.0,20.0,2.0,100.0,33.333332
1825.0,5.0,20.0,2.0,100.0,5.263158
1826.0,10.0,20.0,2.0,100.0,5.882353
1827.0,20.0,20.0,2.0,100.0,5.263158
1828.0,40.0,20.0,2.0,100.0,5.263158
1829.0,49.0,20.0,2.0,100.0,7.6923075
1830.0,0.0,20.0,2.0,100.0,100.0
1831.0,0.5,20.0,2.0,100.0,33.333332
1832.0,1.0,20.0,2.0,100.0,33.333332
1833.0,2.0,20.0,2.0,100.0,33.333332
1834.0,3.0,20.0,2.0,100.0,14.285714
1835.0,5.0,20.0,2.0,100.0,20.0
1836.0,10.0,20.0,2.0,100.0,11.111111
1837.0,20.0,20.0,2.0,100.0,7.6923075
1838.0,40.0,20.0,2.0,100.0,5.882353
1839.0,49.0,20.0,2.0,100.0,5.263158
1840.0,0.0,20.0,2.0,100.0,100.0
1841.0,0.5,20.0,2.0,100.0,100.0
1842.0,1.0,20.0,2.0,100.0,33.333332
1843.0,2.0,20.0,2.0,100.0,6.6666665
1844.0,3.0,20.0,2.0,100.0,33.333332
1845.0,5.0,20.0,2.0,100.0,20.0
1846.0,10.0,20.0,2.0,100.0,4.7619047
1847.0,20.0,20.0,2.0,100.0,9.090909
1848.0,40.0,20.0,2.0,100.0,5.263158
1849.0,49.0,20.0,2.0,100.0,5.263158
1850.0,0.0,20.0,2.0,100.0,100.0
1851.0,0.5,20.0,2.0,100.0,33.333332
1852.0,1.0,20.0,2.0,100.0,33.333332
1853.0,2.0,20.0,2.0,100.0,33.333332
1854.0,3.0,20.0,2.0,100.0,33.333332
1855.0,5.0,20.0,2.0,100.0,11.111111
1856.0,10.0,20.0,2.0,100.0,11.111111
1857.0,20.0,20.0,2.0,100.0,9.090909
1858.0,40.0,20.0,2.0,100.0,6.6666665
1859.0,49.0,20.0,2.0,100.0,5.263158
1860.0,0.0,20.0,2.0,100.0,100.0
1861.0,0.5,20.0,2.0,100.0,33.333332
1862.0,1.0,20.0,2.0,100.0,100.0
1863.0,2.0,20.0,2.0,100.0,33.333332
1864.0,3.0,20.0,2.0,100.0,14.285714
1865.0,5.0,20.0,2.0,100.0,11.111111
1866.0,10.0,20.0,2.0,100.0,7.6923075
1867.0,20.0,20.0,2.0,100.0,7.6923075
1868.0,40.0,20.0,2.0,100.0,6.6666665
1869.0,49.0,20.0,2.0,100.0,4.7619047
1870.0,0.0,20.0,2.0,100.0,100.0
1871.0,0.5,20.0,2.0,100.0,33.333332
1872.0,1.0,20.0,2.0,100.0,33.333332
1873.0,2.0,20.0,2.0,100.0,33.333332
1874.0,3.0,20.0,2.0,100.0,11.111111
1875.0,5.0,20.0,2.0,100.0,14.285714
1876.0,10.0,20.0,2.0,100.0,7.6923075
1877.0,20.0,20.0,2.0,100.0,4.7619047
1878.0,40.0,20.0,2.0,100.0,6.6666665
1879.0,49.0,20.0,2.0,100.0,5.263158
1880.0,0.0,20.0,2.0,100.0,100.0
1881.0,0.5,20.0,2.0,100.0,33.333332
1882.0,1.0,20.0,2.0,100.0,20.0
1883.0,2.0,20.0,2.0,100.0,33.333332
1884.0,3.0,20.0,2.0,100.0,20.0
1885.0,5.0,20.0,2.0,100.0,5.263158
1886.0,10.0,20.0,2.0,100.0,11.111111
1887.0,20.0,20.0,2.0,100.0,4.7619047
1888.0,40.0,20.0,2.0,100.0,5.882353
1889.0,49.0,20.0,2.0,100.0,5.263158
1890.0,0.0,20.0,2.0,100.0,100.0
1891.0,0.5,20.0,2.0,100.0,33.333332
1892.0,1.0,20.0,2.0,100.0,33.333332
1893.0,2.0,20.0,2.0,100.0,33.333332
1894.0,3.0,20.0,2.0,100.0,33.333332
1895.0,5.0,20.0,2.0,100.0,6.6666665
1896.0,10.0,20.0,2.0,100.0,11.111111
1897.0,20.0,20.0,2.0,100.0,4.7619047
1898.0,40.0,20.0,2.0,100.0,5.882353
1899.0,49.0,20.0,2.0,100.0,5.263158
1900.0,0.0,20.0,2.0,100.0,100.0
1901.0,0.5,20.0,2.0,100.0,100.0
1902.0,1.0,20.0,2.0,100.0,33.333332
1903.0,2.0,20.0,2.0,100.0,20.0
1904.0,3.0,20.0,2.0,100.0,9.090909
1905.0,5.0,20.0,2.0,100.0,14.285714
1906.0,10.0,20.0,2.0,100.0,11.111111
1907.0,20.0,20.0,2.0,100.0,4.347826
1908.0,40.0,20.0,2.0,100.0,5.263158
1909.0,49.0,20.0,2.0,100.0,5.882353
1910.0,0.0,20.0,2.0,100.0,100.0
1911.0,0.5,20.0,2.0,100.0,100.0
1912.0,1.0,20.0,2.0,100.0,33.333332
1913.0,2.0,20.0,2.0,100.0,20.0
1914.0,3.0,20.0,2.0,100.0,33.333332
1915.0,5.0,20.0,2.0,100.0,20.0
1916.0,10.0,20.0,2.0,100.0,11.111111
1917.0,20.0,20.0,2.0,100.0,6.6666665
1918.0,40.0,20.0,2.0,100.0,4.7619047
1919.0,49.0,20.0,2.0,100.0,5.882353
1920.0,0.0,20.0,2.0,100.0,100.0
1921.0,0.5,20.0,2.0,100.0,100.0
1922.0,1.0,20.0,2.0,100.0,100.0
1923.0,2.0,20.0,2.0,100.0,33.333332
1924.0,3.0,20.0,2.0,100.0,9.090909
1925.0,5.0,20.0,2.0,100.0,14.285714
1926.0,10.0,20.0,2.0,100.0,20.0
1927.0,20.0,20.0,2.0,100.0,5.882353
1928.0,40.0,20.0,2.0,100.0,7.6923075
1929.0,49.0,20.0,2.0,100.0,5.882353
1930.0,0.0,20.0,2.0,100.0,100.0
1931.0,0.5,20.0,2.0,100.0,100.0
1932.0,1.0,20.0,2.0,100.0,100.0
1933.0,2.0,20.0,2.0,100.0,33.333332
1934.0,3.0,20.0,2.0,100.0,33.333332
1935.0,5.0,20.0,2.0,100.0,9.090909
1936.0,10.0,20.0,2.0,100.0,7.6923075
1937.0,20.0,20.0,2.0,100.0,5.882353
1938.0,40.0,20.0,2.0,100.0,5.882353
1939.0,49.0,20.0,2.0,100.0,5.263158
1940.0,0.0,20.0,2.0,100.0,100.0
1941.0,0.5,20.0,2.0,100.0,33.333332
1942.0,1.0,20.0,2.0,100.0,33.333332
1943.0,2.0,20.0,2.0,100.0,33.333332
1944.0,3.0,20.0,2.0,100.0,20.0
1945.0,5.0,20.0,2.0,100.0,9.090909
1946.0,10.0,20.0,2.0,100.0,6.6666665
1947.0,20.0,20.0,2.0,100.0,6.6666665
1948.0,40.0,20.0,2.0,100.0,7.6923075
1949.0,49.0,20.0,2.0,100.0,4.7619047
1950.0,0.0,20.0,2.0,100.0,100.0
1951.0,0.5,20.0,2.0,100.0,33.333332
1952.0,1.0,20.0,2.0,100.0,33.333332
1953.0,2.0,20.0,2.0,100.0,20.0
1954.0,3.0,20.0,2.0,100.0,14.285714
1955.0,5.0,20.0,2.0,100.0,20.0
1956.0,10.0,20.0,2.0,100.0,5.882353
1957.0,20.0,20.0,2.0,100.0,9.090909
1958.0,40.0,20.0,2.0,100.0,4.347826
1959.0,49.0,20.0,2.0,100.0,5.882353
1960.0,0.0,20.0,2.0,100.0,100.0
1961.0,0.5,20.0,2.0,100.0,33.333332
1962.0,1.0,20.0,2.0,100.0,33.333332
1963.0,2.0,20.0,2.0,100.0,33.333332
1964.0,3.0,20.0,2.0,100.0,33.333332
1965.0,5.0,20.0,2.0,100.0,20.0
1966.0,10.0,20.0,2.0,100.0,5.882353
1967.0,20.0,20.0,2.0,100.0,11.111111
1968.0,40.0,20.0,2.0,100.0,5.882353
1969.0,49.0,20.0,2.0,100.0,5.263158
1970.0,0.0,20.0,2.0,100.0,100.0
1971.0,0.5,20.0,2.0,100.0,100.0
1972.0,1.0,20.0,2.0,100.0,33.333332
1973.0,2.0,20.0,2.0,100.0,33.333332
1974.0,3.0,20.0,2.0,100.0,100.0
1975.0,5.0,20.0,2.0,100.0,9.090909
1976.0,10.0,20.0,2.0,100.0,5.263158
1977.0,20.0,20.0,2.0,100.0,7.6923075
1978.0,40.0,20.0,2.0,100.0,5.882353
1979.0,49.0,20.0,2.0,100.0,7.6923075
1980.0,0.0,20.0,2.0,100.0,11.111111
1981.0,0.5,20.0,2.0,100.0,33.333332
1982.0,1.0,20.0,2.0,100.0,100.0
1983.0,2.0,20.0,2.0,100.0,33.333332
1984.0,3.0,20.0,2.0,100.0,5.263158
1985.0,5.0,20.0,2.0,100.0,9.090909
1986.0,10.0,20.0,2.0,100.0,5.882353
1987.0,20.0,20.0,2.0,100.0,6.6666665
1988.0,40.0,20.0,2.0,100.0,5.882353
1989.0,49.0,20.0,2.0,100.0,5.882353
1990.0,0.0,20.0,2.0,100.0,100.0
1991.0,0.5,20.0,2.0,100.0,33.333332
1992.0,1.0,20.0,2.0,100.0,33.333332
1993.0,2.0,20.0,2.0,100.0,33.333332
1994.0,3.0,20.0,2.0,100.0,33.333332
1995.0,5.0,20.0,2.0,100.0,7.6923075
1996.0,10.0,20.0,2.0,100.0,11.111111
1997.0,20.0,20.0,2.0,100.0,9.090909
1998.0,40.0,20.0,2.0,100.0,4.347826
1999.0,49.0,20.0,2.0,100.0,5.263158
2000.0,0.0,20.0,2.0,100.0,100.0
2001.0,0.5,20.0,2.0,100.0,100.0
2002.0,1.0,20.0,2.0,100.0,33.333332
2003.0,2.0,20.0,2.0,100.0,33.333332
2004.0,3.0,20.0,2.0,100.0,20.0
2005.0,5.0,20.0,2.0,100.0,33.333332
2006.0,10.0,20.0,2.0,100.0,14.285714
2007.0,20.0,20.0,2.0,100.0,5.882353
2008.0,40.0,20.0,2.0,100.0,5.882353
2009.0,49.0,20.0,2.0,100.0,5.263158
2010.0,0.0,20.0,2.0,100.0,100.0
2011.0,0.5,20.0,2.0,100.0,100.0
2012.0,1.0,20.0,2.0,100.0,14.285714
2013.0,2.0,20.0,2.0,100.0,11.111111
2014.0,3.0,20.0,2.0,100.0,20.0
2015.0,5.0,20.0,2.0,100.0,33.333332
2016.0,10.0,20.0,2.0,100.0,6.6666665
2017.0,20.0,20.0,2.0,100.0,7.6923075
2018.0,40.0,20.0,2.0,100.0,6.6666665
2019.0,49.0,20.0,2.0,100.0,9.090909
2020.0,0.0,20.0,2.0,100.0,100.0
2021.0,0.5,20.0,2.0,100.0,33.333332
2022.0,1.0,20.0,2.0,100.0,100.0
2023.0,2.0,20.0,2.0,100.0,20.0
2024.0,3.0,20.0,2.0,100.0,33.333332
2025.0,5.0,20.0,2.0,100.0,11.111111
2026.0,10.0,20.0,2.0,100.0,9.090909
2027.0,20.0,20.0,2.0,100.0,7.6923075
2028.0,40.0,20.0,2.0,100.0,5.882353
2029.0,49.0,20.0,2.0,100.0,5.882353
2030.0,0.0,20.0,2.0,100.0,100.0
2031.0,0.5,20.0,2.0,100.0,33.333332
2032.0,1.0,20.0,2.0,100.0,20.0
2033.0,2.0,20.0,2.0,100.0,33.333332
2034.0,3.0,20.0,2.0,100.0,33.333332
2035.0,5.0,20.0,2.0,100.0,9.090909
2036.0,10.0,20.0,2.0,100.0,5.882353
2037.0,20.0,20.0,2.0,100.0,5.882353
2038.0,40.0,20.0,2.0,100.0,5.882353
2039.0,49.0,20.0,2.0,100.0,4.7619047
2040.0,0.0,20.0,2.0,100.0,100.0
2041.0,0.5,20.0,2.0,100.0,33.333332
2042.0,1.0,20.0,2.0,100.0,100.0
2043.0,2.0,20.0,2.0,100.0,14.285714
2044.0,3.0,20.0,2.0,100.0,33.333332
2045.0,5.0,20.0,2.0,100.0,11.111111
2046.0,10.0,20.0,2.0,100.0,6.6666665
2047.0,20.0,20.0,2.0,100.0,4.7619047
2048.0,40.0,20.0,2.0,100.0,5.882353
2049.0,49.0,20.0,2.0,100.0,5.263158
2050.0,0.0,20.0,2.0,100.0,100.0
2051.0,0.5,20.0,2.0,100.0,33.333332
2052.0,1.0,20.0,2.0,100.0,11.111111
2053.0,2.0,20.0,2.0,100.0,33.333332
2054.0,3.0,20.0,2.0,100.0,33.333332
2055.0,5.0,20.0,2.0,100.0,9.090909
2056.0,10.0,20.0,2.0,100.0,5.882353
2057.0,20.0,20.0,2.0,100.0,7.6923075
2058.0,40.0,20.0,2.0,100.0,5.263158
2059.0,49.0,20.0,2.0,100.0,5.882353
2060.0,0.0,20.0,2.0,100.0,100.0
2061.0,0.5,20.0,2.0,100.0,33.333332
2062.0,1.0,20.0,2.0,100.0,100.0
2063.0,2.0,20.0,2.0,100.0,33.333332
2064.0,3.0,20.0,2.0,100.0,33.333332
2065.0,5.0,20.0,2.0,100.0,4.347826
2066.0,10.0,20.0,2.0,100.0,5.882353
2067.0,20.0,20.0,2.0,100.0,6.6666665
2068.0,40.0,20.0,2.0,100.0,6.6666665
2069.0,49.0,20.0,2.0,100.0,5.882353
2070.0,0.0,20.0,2.0,100.0,100.0
2071.0,0.5,20.0,2.0,100.0,100.0
2072.0,1.0,20.0,2.0,100.0,33.333332
2073.0,2.0,20.0,2.0,100.0,33.333332
2074.0,3.0,20.0,2.0,100.0,14.285714
2075.0,5.0,20.0,2.0,100.0,7.6923075
2076.0,10.0,20.0,2.0,100.0,14.285714
2077.0,20.0,20.0,2.0,100.0,5.882353
2078.0,40.0,20.0,2.0,100.0,7.6923075
2079.0,49.0,20.0,2.0,100.0,5.263158
2080.0,0.0,20.0,2.0,100.0,100.0
2081.0,0.5,20.0,2.0,100.0,100.0
2082.0,1.0,20.0,2.0,100.0,7.6923075
2083.0,2.0,20.0,2.0,100.0,100.0
2084.0,3.0,20.0,2.0,100.0,33.333332
2085.0,5.0,20.0,2.0,100.0,14.285714
2086.0,10.0,20.0,2.0,100.0,9.090909
2087.0,20.0,20.0,2.0,100.0,6.6666665
2088.0,40.0,20.0,2.0,100.0,6.6666665
2089.0,49.0,20.0,2.0,100.0,6.6666665
2090.0,0.0,20.0,2.0,100.0,100.0
2091.0,0.5,20.0,2.0,100.0,33.333332
2092.0,1.0,20.0,2.0,100.0,100.0
2093.0,2.0,20.0,2.0,100.0,33.333332
2094.0,3.0,20.0,2.0,100.0,5.882353
2095.0,5.0,20.0,2.0,100.0,14.285714
2096.0,10.0,20.0,2.0,100.0,5.882353
2097.0,20.0,20.0,2.0,100.0,6.6666665
2098.0,40.0,20.0,2.0,100.0,6.6666665
2099.0,49.0,20.0,2.0,100.0,5.263158
2100.0,0.0,20.0,2.0,100.0,100.0
2101.0,0.5,20.0,2.0,100.0,20.0
2102.0,1.0,20.0,2.0,100.0,33.333332
2103.0,2.0,20.0,2.0,100.0,33.333332
2104.0,3.0,20.0,2.0,100.0,11.111111
2105.0,5.0,20.0,2.0,100.0,9.090909
2106.0,10.0,20.0,2.0,100.0,11.111111
2107.0,20.0,20.0,2.0,100.0,5.263158
2108.0,40.0,20.0,2.0,100.0,5.882353
2109.0,49.0,20.0,2.0,100.0,5.882353
2110.0,0.0,20.0,2.0,100.0,100.0
2111.0,0.5,20.0,2.0,100.0,100.0
2112.0,1.0,20.0,2.0,100.0,11.111111
2113.0,2.0,20.0,2.0,100.0,33.333332
2114.0,3.0,20.0,2.0,100.0,20.0
2115.0,5.0,20.0,2.0,100.0,5.263158
2116.0,10.0,20.0,2.0,100.0,7.6923075
2117.0,20.0,20.0,2.0,100.0,7.6923075
2118.0,40.0,20.0,2.0,100.0,5.263158
2119.0,49.0,20.0,2.0,100.0,5.263158
2120.0,0.0,20.0,2.0,100.0,100.0
2121.0,0.5,20.0,2.0,100.0,100.0
2122.0,1.0,20.0,2.0,100.0,33.333332
2123.0,2.0,20.0,2.0,100.0,11.111111
2124.0,3.0,20.0,2.0,100.0,33.333332
2125.0,5.0,20.0,2.0,100.0,7.6923075
2126.0,10.0,20.0,2.0,100.0,7.6923075
2127.0,20.0,20.0,2.0,100.0,6.6666665
2128.0,40.0,20.0,2.0,100.0,5.882353
2129.0,49.0,20.0,2.0,100.0,5.882353
2130.0,0.0,20.0,2.0,100.0,100.0
2131.0,0.5,20.0,2.0,100.0,33.333332
2132.0,1.0,20.0,2.0,100.0,33.333332
2133.0,2.0,20.0,2.0,100.0,33.333332
2134.0,3.0,20.0,2.0,100.0,33.333332
2135.0,5.0,20.0,2.0,100.0,33.333332
2136.0,10.0,20.0,2.0,100.0,7.6923075
2137.0,20.0,20.0,2.0,100.0,7.6923075
2138.0,40.0,20.0,2.0,100.0,5.882353
2139.0,49.0,20.0,2.0,100.0,5.263158
2140.0,0.0,20.0,2.0,100.0,100.0
2141.0,0.5,20.0,2.0,100.0,100.0
2142.0,1.0,20.0,2.0,100.0,100.0
2143.0,2.0,20.0,2.0,100.0,33.333332
2144.0,3.0,20.0,2.0,100.0,20.0
2145.0,5.0,20.0,2.0,100.0,14.285714
2146.0,10.0,20.0,2.0,100.0,5.263158
2147.0,20.0,20.0,2.0,100.0,9.090909
2148.0,40.0,20.0,2.0,100.0,6.6666665
2149.0,49.0,20.0,2.0,100.0,14.285714
2150.0,0.0,20.0,2.0,100.0,100.0
2151.0,0.5,20.0,2.0,100.0,100.0
2152.0,1.0,20.0,2.0,100.0,33.333332
2153.0,2.0,20.0,2.0,100.0,33.333332
2154.0,3.0,20.0,2.0,100.0,33.333332
2155.0,5.0,20.0,2.0,100.0,7.6923075
2156.0,10.0,20.0,2.0,100.0,6.6666665
2157.0,20.0,20.0,2.0,100.0,5.882353
2158.0,40.0,20.0,2.0,100.0,5.263158
2159.0,49.0,20.0,2.0,100.0,5.263158
2160.0,0.0,20.0,2.0,100.0,100.0
2161.0,0.5,20.0,2.0,100.0,100.0
2162.0,1.0,20.0,2.0,100.0,100.0
2163.0,2.0,20.0,2.0,100.0,20.0
2164.0,3.0,20.0,2.0,100.0,33.333332
2165.0,5.0,20.0,2.0,100.0,20.0
2166.0,10.0,20.0,2.0,100.0,5.882353
2167.0,20.0,20.0,2.0,100.0,7.6923075
2168.0,40.0,20.0,2.0,100.0,6.6666665
2169.0,49.0,20.0,2.0,100.0,4.7619047
2170.0,0.0,20.0,2.0,100.0,100.0
2171.0,0.5,20.0,2.0,100.0,33.333332
2172.0,1.0,20.0,2.0,100.0,33.333332
2173.0,2.0,20.0,2.0,100.0,33.333332
2174.0,3.0,20.0,2.0,100.0,20.0
2175.0,5.0,20.0,2.0,100.0,7.6923075
2176.0,10.0,20.0,2.0,100.0,6.6666665
2177.0,20.0,20.0,2.0,100.0,9.090909
2178.0,40.0,20.0,2.0,100.0,5.263158
2179.0,49.0,20.0,2.0,100.0,5.882353
2180.0,0.0,20.0,2.0,100.0,100.0
2181.0,0.5,20.0,2.0,100.0,33.333332
2182.0,1.0,20.0,2.0,100.0,33.333332
2183.0,2.0,20.0,2.0,100.0,33.333332
2184.0,3.0,20.0,2.0,100.0,33.333332
2185.0,5.0,20.0,2.0,100.0,33.333332
2186.0,10.0,20.0,2.0,100.0,4.347826
2187.0,20.0,20.0,2.0,100.0,9.090909
2188.0,40.0,20.0,2.0,100.0,4.7619047
2189.0,49.0,20.0,2.0,100.0,6.6666665
2190.0,0.0,20.0,2.0,100.0,100.0
2191.0,0.5,20.0,2.0,100.0,33.333332
2192.0,1.0,20.0,2.0,100.0,33.333332
2193.0,2.0,20.0,2.0,100.0,33.333332
2194.0,3.0,20.0,2.0,100.0,33.333332
2195.0,5.0,20.0,2.0,100.0,11.111111
2196.0,10.0,20.0,2.0,100.0,5.263158
2197.0,20.0,20.0,2.0,100.0,7.6923075
2198.0,40.0,20.0,2.0,100.0,5.263158
2199.0,49.0,20.0,2.0,100.0,5.263158
2200.0,0.0,20.0,2.0,100.0,100.0
2201.0,0.5,20.0,2.0,100.0,33.333332
2202.0,1.0,20.0,2.0,100.0,33.333332
2203.0,2.0,20.0,2.0,100.0,33.333332
2204.0,3.0,20.0,2.0,100.0,33.333332
2205.0,5.0,20.0,2.0,100.0,5.263158
2206.0,10.0,20.0,2.0,100.0,4.347826
2207.0,20.0,20.0,2.0,100.0,5.882353
2208.0,40.0,20.0,2.0,100.0,4.7619047
2209.0,49.0,20.0,2.0,100.0,4.347826
2210.0,0.0,20.0,2.0,100.0,100.0
2211.0,0.5,20.0,2.0,100.0,100.0
2212.0,1.0,20.0,2.0,100.0,20.0
2213.0,2.0,20.0,2.0,100.0,33.333332
2214.0,3.0,20.0,2.0,100.0,11.111111
2215.0,5.0,20.0,2.0,100.0,14.285714
2216.0,10.0,20.0,2.0,100.0,5.882353
2217.0,20.0,20.0,2.0,100.0,4.347826
2218.0,40.0,20.0,2.0,100.0,5.263158
2219.0,49.0,20.0,2.0,100.0,5.882353
2220.0,0.0,20.0,2.0,100.0,100.0
2221.0,0.5,20.0,2.0,100.0,100.0
2222.0,1.0,20.0,2.0,100.0,100.0
2223.0,2.0,20.0,2.0,100.0,20.0
2224.0,3.0,20.0,2.0,100.0,14.285714
2225.0,5.0,20.0,2.0,100.0,4.7619047
2226.0,10.0,20.0,2.0,100.0,5.882353
2227.0,20.0,20.0,2.0,100.0,5.263158
2228.0,40.0,20.0,2.0,100.0,7.6923075
2229.0,49.0,20.0,2.0,100.0,4.7619047
2230.0,0.0,20.0,2.0,100.0,100.0
2231.0,0.5,20.0,2.0,100.0,100.0
2232.0,1.0,20.0,2.0,100.0,100.0
2233.0,2.0,20.0,2.0,100.0,33.333332
2234.0,3.0,20.0,2.0,100.0,20.0
2235.0,5.0,20.0,2.0,100.0,20.0
2236.0,10.0,20.0,2.0,100.0,11.111111
2237.0,20.0,20.0,2.0,100.0,6.6666665
2238.0,40.0,20.0,2.0,100.0,5.882353
2239.0,49.0,20.0,2.0,100.0,5.263158
2240.0,0.0,20.0,2.0,100.0,100.0
2241.0,0.5,20.0,2.0,100.0,33.333332
2242.0,1.0,20.0,2.0,100.0,100.0
2243.0,2.0,20.0,2.0,100.0,7.6923075
2244.0,3.0,20.0,2.0,100.0,5.882353
2245.0,5.0,20.0,2.0,100.0,20.0
2246.0,10.0,20.0,2.0,100.0,7.6923075
2247.0,20.0,20.0,2.0,100.0,4.347826
2248.0,40.0,20.0,2.0,100.0,6.6666665
2249.0,49.0,20.0,2.0,100.0,5.882353
2250.0,0.0,20.0,2.0,100.0,100.0
2251.0,0.5,20.0,2.0,100.0,33.333332
2252.0,1.0,20.0,2.0,100.0,100.0
2253.0,2.0,20.0,2.0,100.0,11.111111
2254.0,3.0,20.0,2.0,100.0,33.333332
2255.0,5.0,20.0,2.0,100.0,7.6923075
2256.0,10.0,20.0,2.0,100.0,6.6666665
2257.0,20.0,20.0,2.0,100.0,6.6666665
2258.0,40.0,20.0,2.0,100.0,6.6666665
2259.0,49.0,20.0,2.0,100.0,6.6666665
2260.0,0.0,20.0,2.0,100.0,100.0
2261.0,0.5,20.0,2.0,100.0,33.333332
2262.0,1.0,20.0,2.0,100.0,100.0
2263.0,2.0,20.0,2.0,100.0,14.285714
2264.0,3.0,20.0,2.0,100.0,7.6923075
2265.0,5.0,20.0,2.0,100.0,7.6923075
2266.0,10.0,20.0,2.0,100.0,5.263158
2267.0,20.0,20.0,2.0,100.0,6.6666665
2268.0,40.0,20.0,2.0,100.0,6.6666665
2269.0,49.0,20.0,2.0,100.0,6.6666665
2270.0,0.0,20.0,2.0,100.0,100.0
2271.0,0.5,20.0,2.0,100.0,33.333332
2272.0,1.0,20.0,2.0,100.0,33.333332
2273.0,2.0,20.0,2.0,100.0,9.090909
2274.0,3.0,20.0,2.0,100.0,33.333332
2275.0,5.0,20.0,2.0,100.0,33.333332
2276.0,10.0,20.0,2.0,100.0,9.090909
2277.0,20.0,20.0,2.0,100.0,7.6923075
2278.0,40.0,20.0,2.0,100.0,9.090909
2279.0,49.0,20.0,2.0,100.0,6.6666665
2280.0,0.0,20.0,2.0,100.0,100.0
2281.0,0.5,20.0,2.0,100.0,11.111111
2282.0,1.0,20.0,2.0,100.0,33.333332
2283.0,2.0,20.0,2.0,100.0,33.333332
2284.0,3.0,20.0,2.0,100.0,20.0
2285.0,5.0,20.0,2.0,100.0,9.090909
2286.0,10.0,20.0,2.0,100.0,14.285714
2287.0,20.0,20.0,2.0,100.0,4.7619047
2288.0,40.0,20.0,2.0,100.0,5.882353
2289.0,49.0,20.0,2.0,100.0,5.882353
2290.0,0.0,20.0,2.0,100.0,100.0
2291.0,0.5,20.0,2.0,100.0,33.333332
2292.0,1.0,20.0,2.0,100.0,33.333332
2293.0,2.0,20.0,2.0,100.0,33.333332
2294.0,3.0,20.0,2.0,100.0,11.111111
2295.0,5.0,20.0,2.0,100.0,4.347826
2296.0,10.0,20.0,2.0,100.0,7.6923075
2297.0,20.0,20.0,2.0,100.0,9.090909
2298.0,40.0,20.0,2.0,100.0,5.882353
2299.0,49.0,20.0,2.0,100.0,9.090909
2300.0,0.0,20.0,2.0,100.0,100.0
2301.0,0.5,20.0,2.0,100.0,100.0
2302.0,1.0,20.0,2.0,100.0,14.285714
2303.0,2.0,20.0,2.0,100.0,33.333332
2304.0,3.0,20.0,2.0,100.0,33.333332
2305.0,5.0,20.0,2.0,100.0,11.111111
2306.0,10.0,20.0,2.0,100.0,6.6666665
2307.0,20.0,20.0,2.0,100.0,5.882353
2308.0,40.0,20.0,2.0,100.0,5.882353
2309.0,49.0,20.0,2.0,100.0,4.7619047
2310.0,0.0,20.0,2.0,100.0,100.0
2311.0,0.5,20.0,2.0,100.0,100.0
2312.0,1.0,20.0,2.0,100.0,100.0
2313.0,2.0,20.0,2.0,100.0,33.333332
2314.0,3.0,20.0,2.0,100.0,20.0
2315.0,5.0,20.0,2.0,100.0,11.111111
2316.0,10.0,20.0,2.0,100.0,6.6666665
2317.0,20.0,20.0,2.0,100.0,5.882353
2318.0,40.0,20.0,2.0,100.0,7.6923075
2319.0,49.0,20.0,2.0,100.0,5.882353
2320.0,0.0,20.0,2.0,100.0,100.0
2321.0,0.5,20.0,2.0,100.0,33.333332
2322.0,1.0,20.0,2.0,100.0,33.333332
2323.0,2.0,20.0,2.0,100.0,5.263158
2324.0,3.0,20.0,2.0,100.0,33.333332
2325.0,5.0,20.0,2.0,100.0,9.090909
2326.0,10.0,20.0,2.0,100.0,11.111111
2327.0,20.0,20.0,2.0,100.0,5.263158
2328.0,40.0,20.0,2.0,100.0,4.7619047
2329.0,49.0,20.0,2.0,100.0,6.6666665
2330.0,0.0,20.0,2.0,100.0,100.0
2331.0,0.5,20.0,2.0,100.0,33.333332
2332.0,1.0,20.0,2.0,100.0,20.0
2333.0,2.0,20.0,2.0,100.0,33.333332
2334.0,3.0,20.0,2.0,100.0,20.0
2335.0,5.0,20.0,2.0,100.0,11.111111
2336.0,10.0,20.0,2.0,100.0,11.111111
2337.0,20.0,20.0,2.0,100.0,5.882353
2338.0,40.0,20.0,2.0,100.0,5.882353
2339.0,49.0,20.0,2.0,100.0,5.882353
2340.0,0.0,20.0,2.0,100.0,100.0
2341.0,0.5,20.0,2.0,100.0,33.333332
2342.0,1.0,20.0,2.0,100.0,100.0
2343.0,2.0,20.0,2.0,100.0,11.111111
2344.0,3.0,20.0,2.0,100.0,33.333332
2345.0,5.0,20.0,2.0,100.0,11.111111
2346.0,10.0,20.0,2.0,100.0,11.111111
2347.0,20.0,20.0,2.0,100.0,6.6666665
2348.0,40.0,20.0,2.0,100.0,5.263158
2349.0,49.0,20.0,2.0,100.0,5.882353
2350.0,0.0,20.0,2.0,100.0,100.0
2351.0,0.5,20.0,2.0,100.0,7.6923075
2352.0,1.0,20.0,2.0,100.0,100.0
2353.0,2.0,20.0,2.0,100.0,33.333332
2354.0,3.0,20.0,2.0,100.0,33.333332
2355.0,5.0,20.0,2.0,100.0,5.263158
2356.0,10.0,20.0,2.0,100.0,5.882353
2357.0,20.0,20.0,2.0,100.0,9.090909
2358.0,40.0,20.0,2.0,100.0,5.263158
2359.0,49.0,20.0,2.0,100.0,4.7619047
2360.0,0.0,20.0,2.0,100.0,100.0
2361.0,0.5,20.0,2.0,100.0,100.0
2362.0,1.0,20.0,2.0,100.0,33.333332
2363.0,2.0,20.0,2.0,100.0,11.111111
2364.0,3.0,20.0,2.0,100.0,20.0
2365.0,5.0,20.0,2.0,100.0,20.0
2366.0,10.0,20.0,2.0,100.0,11.111111
2367.0,20.0,20.0,2.0,100.0,6.6666665
2368.0,40.0,20.0,2.0,100.0,5.263158
2369.0,49.0,20.0,2.0,100.0,5.263158
2370.0,0.0,20.0,2.0,100.0,100.0
2371.0,0.5,20.0,2.0,100.0,33.333332
2372.0,1.0,20.0,2.0,100.0,33.333332
2373.0,2.0,20.0,2.0,100.0,6.6666665
2374.0,3.0,20.0,2.0,100.0,20.0
2375.0,5.0,20.0,2.0,100.0,14.285714
2376.0,10.0,20.0,2.0,100.0,9.090909
2377.0,20.0,20.0,2.0,100.0,4.7619047
2378.0,40.0,20.0,2.0,100.0,9.090909
2379.0,49.0,20.0,2.0,100.0,4.7619047
2380.0,0.0,20.0,2.0,100.0,100.0
2381.0,0.5,20.0,2.0,100.0,33.333332
2382.0,1.0,20.0,2.0,100.0,100.0
2383.0,2.0,20.0,2.0,100.0,14.285714
2384.0,3.0,20.0,2.0,100.0,33.333332
2385.0,5.0,20.0,2.0,100.0,11.111111
2386.0,10.0,20.0,2.0,100.0,4.347826
2387.0,20.0,20.0,2.0,100.0,6.6666665
2388.0,40.0,20.0,2.0,100.0,5.263158
2389.0,49.0,20.0,2.0,100.0,6.6666665
2390.0,0.0,20.0,2.0,100.0,100.0
2391.0,0.5,20.0,2.0,100.0,100.0
2392.0,1.0,20.0,2.0,100.0,33.333332
2393.0,2.0,20.0,2.0,100.0,33.333332
2394.0,3.0,20.0,2.0,100.0,9.090909
2395.0,5.0,20.0,2.0,100.0,11.111111
2396.0,10.0,20.0,2.0,100.0,33.333332
2397.0,20.0,20.0,2.0,100.0,6.6666665
2398.0,40.0,20.0,2.0,100.0,7.6923075
2399.0,49.0,20.0,2.0,100.0,5.882353
2400.0,0.0,20.0,2.0,100.0,100.0
2401.0,0.5,20.0,2.0,100.0,33.333332
2402.0,1.0,20.0,2.0,100.0,33.333332
2403.0,2.0,20.0,2.0,100.0,33.333332
2404.0,3.0,20.0,2.0,100.0,9.090909
2405.0,5.0,20.0,2.0,100.0,14.285714
2406.0,10.0,20.0,2.0,100.0,9.090909
2407.0,20.0,20.0,2.0,100.0,9.090909
2408.0,40.0,20.0,2.0,100.0,6.6666665
2409.0,49.0,20.0,2.0,100.0,6.6666665
2410.0,0.0,20.0,2.0,100.0,100.0
2411.0,0.5,20.0,2.0,100.0,100.0
2412.0,1.0,20.0,2.0,100.0,14.285714
2413.0,2.0,20.0,2.0,100.0,20.0
2414.0,3.0,20.0,2.0,100.0,20.0
2415.0,5.0,20.0,2.0,100.0,6.6666665
2416.0,10.0,20.0,2.0,100.0,14.285714
2417.0,20.0,20.0,2.0,100.0,5.263158
2418.0,40.0,20.0,2.0,100.0,5.882353
2419.0,49.0,20.0,2.0,100.0,5.882353
2420.0,0.0,20.0,2.0,100.0,100.0
2421.0,0.5,20.0,2.0,100.0,33.333332
2422.0,1.0,20.0,2.0,100.0,33.333332
2423.0,2.0,20.0,2.0,100.0,100.0
2424.0,3.0,20.0,2.0,100.0,20.0
2425.0,5.0,20.0,2.0,100.0,14.285714
2426.0,10.0,20.0,2.0,100.0,4.347826
2427.0,20.0,20.0,2.0,100.0,7.6923075
2428.0,40.0,20.0,2.0,100.0,5.882353
2429.0,49.0,20.0,2.0,100.0,5.263158
2430.0,0.0,20.0,2.0,100.0,100.0
2431.0,0.5,20.0,2.0,100.0,33.333332
2432.0,1.0,20.0,2.0,100.0,6.6666665
2433.0,2.0,20.0,2.0,100.0,33.333332
2434.0,3.0,20.0,2.0,100.0,20.0
2435.0,5.0,20.0,2.0,100.0,20.0
2436.0,10.0,20.0,2.0,100.0,9.090909
2437.0,20.0,20.0,2.0,100.0,5.882353
2438.0,40.0,20.0,2.0,100.0,5.882353
2439.0,49.0,20.0,2.0,100.0,5.882353
2440.0,0.0,20.0,2.0,100.0,100.0
2441.0,0.5,20.0,2.0,100.0,33.333332
2442.0,1.0,20.0,2.0,100.0,33.333332
2443.0,2.0,20.0,2.0,100.0,20.0
2444.0,3.0,20.0,2.0,100.0,14.285714
2445.0,5.0,20.0,2.0,100.0,33.333332
2446.0,10.0,20.0,2.0,100.0,14.285714
2447.0,20.0,20.0,2.0,100.0,9.090909
2448.0,40.0,20.0,2.0,100.0,4.7619047
2449.0,49.0,20.0,2.0,100.0,5.263158
2450.0,0.0,20.0,2.0,100.0,100.0
2451.0,0.5,20.0,2.0,100.0,100.0
2452.0,1.0,20.0,2.0,100.0,7.6923075
2453.0,2.0,20.0,2.0,100.0,100.0
2454.0,3.0,20.0,2.0,100.0,5.882353
2455.0,5.0,20.0,2.0,100.0,5.263158
2456.0,10.0,20.0,2.0,100.0,4.7619047
2457.0,20.0,20.0,2.0,100.0,4.7619047
2458.0,40.0,20.0,2.0,100.0,5.882353
2459.0,49.0,20.0,2.0,100.0,5.882353
2460.0,0.0,20.0,2.0,100.0,9.090909
2461.0,0.5,20.0,2.0,100.0,33.333332
2462.0,1.0,20.0,2.0,100.0,33.333332
2463.0,2.0,20.0,2.0,100.0,20.0
2464.0,3.0,20.0,2.0,100.0,9.090909
2465.0,5.0,20.0,2.0,100.0,11.111111
2466.0,10.0,20.0,2.0,100.0,6.6666665
2467.0,20.0,20.0,2.0,100.0,5.263158
2468.0,40.0,20.0,2.0,100.0,5.882353
2469.0,49.0,20.0,2.0,100.0,5.263158
2470.0,0.0,20.0,2.0,100.0,100.0
2471.0,0.5,20.0,2.0,100.0,100.0
2472.0,1.0,20.0,2.0,100.0,20.0
2473.0,2.0,20.0,2.0,100.0,33.333332
2474.0,3.0,20.0,2.0,100.0,33.333332
2475.0,5.0,20.0,2.0,100.0,14.285714
2476.0,10.0,20.0,2.0,100.0,5.882353
2477.0,20.0,20.0,2.0,100.0,5.882353
2478.0,40.0,20.0,2.0,100.0,6.6666665
2479.0,49.0,20.0,2.0,100.0,5.263158
2480.0,0.0,20.0,2.0,100.0,100.0
2481.0,0.5,20.0,2.0,100.0,33.333332
2482.0,1.0,20.0,2.0,100.0,33.333332
2483.0,2.0,20.0,2.0,100.0,33.333332
2484.0,3.0,20.0,2.0,100.0,7.6923075
2485.0,5.0,20.0,2.0,100.0,9.090909
2486.0,10.0,20.0,2.0,100.0,9.090909
2487.0,20.0,20.0,2.0,100.0,5.263158
2488.0,40.0,20.0,2.0,100.0,5.263158
2489.0,49.0,20.0,2.0,100.0,5.882353
2490.0,0.0,20.0,2.0,100.0,100.0
2491.0,0.5,20.0,2.0,100.0,100.0
2492.0,1.0,20.0,2.0,100.0,100.0
2493.0,2.0,20.0,2.0,100.0,33.333332
2494.0,3.0,20.0,2.0,100.0,5.882353
2495.0,5.0,20.0,2.0,100.0,5.263158
2496.0,10.0,20.0,2.0,100.0,5.263158
2497.0,20.0,20.0,2.0,100.0,6.6666665
2498.0,40.0,20.0,2.0,100.0,5.882353
2499.0,49.0,20.0,2.0,100.0,5.882353
2500.0,0.0,20.0,2.0,100.0,100.0
2501.0,0.5,20.0,2.0,100.0,33.333332
2502.0,1.0,20.0,2.0,100.0,100.0
2503.0,2.0,20.0,2.0,100.0,33.333332
2504.0,3.0,20.0,2.0,100.0,33.333332
2505.0,5.0,20.0,2.0,100.0,7.6923075
2506.0,10.0,20.0,2.0,100.0,7.6923075
2507.0,20.0,20.0,2.0,100.0,7.6923075
2508.0,40.0,20.0,2.0,100.0,5.882353
2509.0,49.0,20.0,2.0,100.0,5.882353
2510.0,0.0,20.0,2.0,100.0,100.0
2511.0,0.5,20.0,2.0,100.0,20.0
2512.0,1.0,20.0,2.0,100.0,33.333332
2513.0,2.0,20.0,2.0,100.0,33.333332
2514.0,3.0,20.0,2.0,100.0,33.333332
2515.0,5.0,20.0,2.0,100.0,33.333332
2516.0,10.0,20.0,2.0,100.0,11.111111
2517.0,20.0,20.0,2.0,100.0,6.6666665
2518.0,40.0,20.0,2.0,100.0,6.6666665
2519.0,49.0,20.0,2.0,100.0,5.882353
2520.0,0.0,20.0,2.0,100.0,100.0
2521.0,0.5,20.0,2.0,100.0,33.333332
2522.0,1.0,20.0,2.0,100.0,33.333332
2523.0,2.0,20.0,2.0,100.0,33.333332
2524.0,3.0,20.0,2.0,100.0,33.333332
2525.0,5.0,20.0,2.0,100.0,6.6666665
2526.0,10.0,20.0,2.0,100.0,6.6666665
2527.0,20.0,20.0,2.0,100.0,7.6923075
2528.0,40.0,20.0,2.0,100.0,5.263158
2529.0,49.0,20.0,2.0,100.0,5.263158
2530.0,0.0,20.0,2.0,100.0,100.0
2531.0,0.5,20.0,2.0,100.0,100.0
2532.0,1.0,20.0,2.0,100.0,33.333332
2533.0,2.0,20.0,2.0,100.0,20.0
2534.0,3.0,20.0,2.0,100.0,33.333332
2535.0,5.0,20.0,2.0,100.0,20.0
2536.0,10.0,20.0,2.0,100.0,4.7619047
2537.0,20.0,20.0,2.0,100.0,6.6666665
2538.0,40.0,20.0,2.0,100.0,5.882353
2539.0,49.0,20.0,2.0,100.0,6.6666665
2540.0,0.0,20.0,2.0,100.0,100.0
2541.0,0.5,20.0,2.0,100.0,33.333332
2542.0,1.0,20.0,2.0,100.0,33.333332
2543.0,2.0,20.0,2.0,100.0,11.111111
2544.0,3.0,20.0,2.0,100.0,5.263158
2545.0,5.0,20.0,2.0,100.0,6.6666665
2546.0,10.0,20.0,2.0,100.0,11.111111
2547.0,20.0,20.0,2.0,100.0,5.263158
2548.0,40.0,20.0,2.0,100.0,5.263158
2549.0,49.0,20.0,2.0,100.0,5.882353
2550.0,0.0,20.0,2.0,100.0,100.0
2551.0,0.5,20.0,2.0,100.0,33.333332
2552.0,1.0,20.0,2.0,100.0,20.0
2553.0,2.0,20.0,2.0,100.0,20.0
2554.0,3.0,20.0,2.0,100.0,20.0
2555.0,5.0,20.0,2.0,100.0,5.263158
2556.0,10.0,20.0,2.0,100.0,14.285714
2557.0,20.0,20.0,2.0,100.0,7.6923075
2558.0,40.0,20.0,2.0,100.0,5.882353
2559.0,49.0,20.0,2.0,100.0,5.882353
2560.0,0.0,20.0,2.0,100.0,100.0
2561.0,0.5,20.0,2.0,100.0,100.0
2562.0,1.0,20.0,2.0,100.0,20.0
2563.0,2.0,20.0,2.0,100.0,20.0
2564.0,3.0,20.0,2.0,100.0,33.333332
2565.0,5.0,20.0,2.0,100.0,33.333332
2566.0,10.0,20.0,2.0,100.0,6.6666665
2567.0,20.0,20.0,2.0,100.0,4.7619047
2568.0,40.0,20.0,2.0,100.0,5.263158
2569.0,49.0,20.0,2.0,100.0,5.263158
2570.0,0.0,20.0,2.0,100.0,100.0
2571.0,0.5,20.0,2.0,100.0,33.333332
2572.0,1.0,20.0,2.0,100.0,100.0
2573.0,2.0,20.0,2.0,100.0,33.333332
2574.0,3.0,20.0,2.0,100.0,5.882353
2575.0,5.0,20.0,2.0,100.0,33.333332
2576.0,10.0,20.0,2.0,100.0,14.285714
2577.0,20.0,20.0,2.0,100.0,9.090909
2578.0,40.0,20.0,2.0,100.0,9.090909
2579.0,49.0,20.0,2.0,100.0,5.882353
2580.0,0.0,20.0,2.0,100.0,100.0
2581.0,0.5,20.0,2.0,100.0,33.333332
2582.0,1.0,20.0,2.0,100.0,33.333332
2583.0,2.0,20.0,2.0,100.0,20.0
2584.0,3.0,20.0,2.0,100.0,20.0
2585.0,5.0,20.0,2.0,100.0,33.333332
2586.0,10.0,20.0,2.0,100.0,9.090909
2587.0,20.0,20.0,2.0,100.0,6.6666665
2588.0,40.0,20.0,2.0,100.0,5.882353
2589.0,49.0,20.0,2.0,100.0,5.263158
2590.0,0.0,20.0,2.0,100.0,100.0
2591.0,0.5,20.0,2.0,100.0,9.090909
2592.0,1.0,20.0,2.0,100.0,33.333332
2593.0,2.0,20.0,2.0,100.0,20.0
2594.0,3.0,20.0,2.0,100.0,33.333332
2595.0,5.0,20.0,2.0,100.0,33.333332
2596.0,10.0,20.0,2.0,100.0,6.6666665
2597.0,20.0,20.0,2.0,100.0,9.090909
2598.0,40.0,20.0,2.0,100.0,6.6666665
2599.0,49.0,20.0,2.0,100.0,5.882353
2600.0,0.0,20.0,2.0,100.0,100.0
2601.0,0.5,20.0,2.0,100.0,33.333332
2602.0,1.0,20.0,2.0,100.0,100.0
2603.0,2.0,20.0,2.0,100.0,20.0
2604.0,3.0,20.0,2.0,100.0,33.333332
2605.0,5.0,20.0,2.0,100.0,33.333332
2606.0,10.0,20.0,2.0,100.0,14.285714
2607.0,20.0,20.0,2.0,100.0,4.7619047
2608.0,40.0,20.0,2.0,100.0,5.263158
2609.0,49.0,20.0,2.0,100.0,5.263158
2610.0,0.0,20.0,2.0,100.0,100.0
2611.0,0.5,20.0,2.0,100.0,100.0
2612.0,1.0,20.0,2.0,100.0,100.0
2613.0,2.0,20.0,2.0,100.0,33.333332
2614.0,3.0,20.0,2.0,100.0,33.333332
2615.0,5.0,20.0,2.0,100.0,6.6666665
2616.0,10.0,20.0,2.0,100.0,11.111111
2617.0,20.0,20.0,2.0,100.0,5.882353
2618.0,40.0,20.0,2.0,100.0,6.6666665
2619.0,49.0,20.0,2.0,100.0,5.263158
2620.0,0.0,20.0,2.0,100.0,100.0
2621.0,0.5,20.0,2.0,100.0,33.333332
2622.0,1.0,20.0,2.0,100.0,33.333332
2623.0,2.0,20.0,2.0,100.0,5.882353
2624.0,3.0,20.0,2.0,100.0,9.090909
2625.0,5.0,20.0,2.0,100.0,4.7619047
2626.0,10.0,20.0,2.0,100.0,14.285714
2627.0,20.0,20.0,2.0,100.0,9.090909
2628.0,40.0,20.0,2.0,100.0,6.6666665
2629.0,49.0,20.0,2.0,100.0,5.263158
2630.0,0.0,20.0,2.0,100.0,100.0
2631.0,0.5,20.0,2.0,100.0,100.0
2632.0,1.0,20.0,2.0,100.0,33.333332
2633.0,2.0,20.0,2.0,100.0,6.6666665
2634.0,3.0,20.0,2.0,100.0,33.333332
2635.0,5.0,20.0,2.0,100.0,33.333332
2636.0,10.0,20.0,2.0,100.0,9.090909
2637.0,20.0,20.0,2.0,100.0,5.882353
2638.0,40.0,20.0,2.0,100.0,4.7619047
2639.0,49.0,20.0,2.0,100.0,4.0
2640.0,0.0,20.0,2.0,100.0,100.0
2641.0,0.5,20.0,2.0,100.0,100.0
2642.0,1.0,20.0,2.0,100.0,33.333332
2643.0,2.0,20.0,2.0,100.0,33.333332
2644.0,3.0,20.0,2.0,100.0,33.333332
2645.0,5.0,20.0,2.0,100.0,11.111111
2646.0,10.0,20.0,2.0,100.0,9.090909
2647.0,20.0,20.0,2.0,100.0,6.6666665
2648.0,40.0,20.0,2.0,100.0,4.0
2649.0,49.0,20.0,2.0,100.0,4.7619047
2650.0,0.0,20.0,2.0,100.0,100.0
2651.0,0.5,20.0,2.0,100.0,14.285714
2652.0,1.0,20.0,2.0,100.0,33.333332
2653.0,2.0,20.0,2.0,100.0,33.333332
2654.0,3.0,20.0,2.0,100.0,4.7619047
2655.0,5.0,20.0,2.0,100.0,20.0
2656.0,10.0,20.0,2.0,100.0,14.285714
2657.0,20.0,20.0,2.0,100.0,6.6666665
2658.0,40.0,20.0,2.0,100.0,5.882353
2659.0,49.0,20.0,2.0,100.0,6.6666665
2660.0,0.0,20.0,2.0,100.0,100.0
2661.0,0.5,20.0,2.0,100.0,100.0
2662.0,1.0,20.0,2.0,100.0,33.333332
2663.0,2.0,20.0,2.0,100.0,20.0
2664.0,3.0,20.0,2.0,100.0,20.0
2665.0,5.0,20.0,2.0,100.0,20.0
2666.0,10.0,20.0,2.0,100.0,11.111111
2667.0,20.0,20.0,2.0,100.0,5.882353
2668.0,40.0,20.0,2.0,100.0,5.882353
2669.0,49.0,20.0,2.0,100.0,5.263158
2670.0,0.0,20.0,2.0,100.0,100.0
2671.0,0.5,20.0,2.0,100.0,33.333332
2672.0,1.0,20.0,2.0,100.0,33.333332
2673.0,2.0,20.0,2.0,100.0,20.0
2674.0,3.0,20.0,2.0,100.0,9.090909
2675.0,5.0,20.0,2.0,100.0,14.285714
2676.0,10.0,20.0,2.0,100.0,14.285714
2677.0,20.0,20.0,2.0,100.0,5.263158
2678.0,40.0,20.0,2.0,100.0,7.6923075
2679.0,49.0,20.0,2.0,100.0,5.263158
2680.0,0.0,20.0,2.0,100.0,100.0
2681.0,0.5,20.0,2.0,100.0,33.333332
2682.0,1.0,20.0,2.0,100.0,33.333332
2683.0,2.0,20.0,2.0,100.0,33.333332
2684.0,3.0,20.0,2.0,100.0,33.333332
2685.0,5.0,20.0,2.0,100.0,9.090909
2686.0,10.0,20.0,2.0,100.0,9.090909
2687.0,20.0,20.0,2.0,100.0,7.6923075
2688.0,40.0,20.0,2.0,100.0,5.882353
2689.0,49.0,20.0,2.0,100.0,4.7619047
2690.0,0.0,20.0,2.0,100.0,100.0
2691.0,0.5,20.0,2.0,100.0,100.0
2692.0,1.0,20.0,2.0,100.0,33.333332
2693.0,2.0,20.0,2.0,100.0,33.333332
2694.0,3.0,20.0,2.0,100.0,20.0
2695.0,5.0,20.0,2.0,100.0,20.0
2696.0,10.0,20.0,2.0,100.0,11.111111
2697.0,20.0,20.0,2.0,100.0,6.6666665
2698.0,40.0,20.0,2.0,100.0,6.6666665
2699.0,49.0,20.0,2.0,100.0,5.882353
2700.0,0.0,20.0,2.0,100.0,11.111111
2701.0,0.5,20.0,2.0,100.0,100.0
2702.0,1.0,20.0,2.0,100.0,33.333332
2703.0,2.0,20.0,2.0,100.0,9.090909
2704.0,3.0,20.0,2.0,100.0,33.333332
2705.0,5.0,20.0,2.0,100.0,9.090909
2706.0,10.0,20.0,2.0,100.0,9.090909
2707.0,20.0,20.0,2.0,100.0,7.6923075
2708.0,40.0,20.0,2.0,100.0,4.7619047
2709.0,49.0,20.0,2.0,100.0,5.882353
2710.0,0.0,20.0,2.0,100.0,100.0
2711.0,0.5,20.0,2.0,100.0,100.0
2712.0,1.0,20.0,2.0,100.0,33.333332
2713.0,2.0,20.0,2.0,100.0,20.0
2714.0,3.0,20.0,2.0,100.0,11.111111
2715.0,5.0,20.0,2.0,100.0,20.0
2716.0,10.0,20.0,2.0,100.0,6.6666665
2717.0,20.0,20.0,2.0,100.0,4.7619047
2718.0,40.0,20.0,2.0,100.0,5.882353
2719.0,49.0,20.0,2.0,100.0,5.263158
2720.0,0.0,20.0,2.0,100.0,14.285714
2721.0,0.5,20.0,2.0,100.0,33.333332
2722.0,1.0,20.0,2.0,100.0,33.333332
2723.0,2.0,20.0,2.0,100.0,20.0
2724.0,3.0,20.0,2.0,100.0,7.6923075
2725.0,5.0,20.0,2.0,100.0,7.6923075
2726.0,10.0,20.0,2.0,100.0,7.6923075
2727.0,20.0,20.0,2.0,100.0,5.263158
2728.0,40.0,20.0,2.0,100.0,5.882353
2729.0,49.0,20.0,2.0,100.0,5.263158
2730.0,0.0,20.0,2.0,100.0,100.0
2731.0,0.5,20.0,2.0,100.0,33.333332
2732.0,1.0,20.0,2.0,100.0,100.0
2733.0,2.0,20.0,2.0,100.0,11.111111
2734.0,3.0,20.0,2.0,100.0,9.090909
2735.0,5.0,20.0,2.0,100.0,20.0
2736.0,10.0,20.0,2.0,100.0,6.6666665
2737.0,20.0,20.0,2.0,100.0,6.6666665
2738.0,40.0,20.0,2.0,100.0,9.090909
2739.0,49.0,20.0,2.0,100.0,5.263158
2740.0,0.0,20.0,2.0,100.0,100.0
2741.0,0.5,20.0,2.0,100.0,100.0
2742.0,1.0,20.0,2.0,100.0,33.333332
2743.0,2.0,20.0,2.0,100.0,20.0
2744.0,3.0,20.0,2.0,100.0,9.090909
2745.0,5.0,20.0,2.0,100.0,20.0
2746.0,10.0,20.0,2.0,100.0,9.090909
2747.0,20.0,20.0,2.0,100.0,9.090909
2748.0,40.0,20.0,2.0,100.0,5.263158
2749.0,49.0,20.0,2.0,100.0,5.263158
2750.0,0.0,20.0,2.0,100.0,100.0
2751.0,0.5,20.0,2.0,100.0,33.333332
2752.0,1.0,20.0,2.0,100.0,33.333332
2753.0,2.0,20.0,2.0,100.0,14.285714
2754.0,3.0,20.0,2.0,100.0,33.333332
2755.0,5.0,20.0,2.0,100.0,14.285714
2756.0,10.0,20.0,2.0,100.0,6.6666665
2757.0,20.0,20.0,2.0,100.0,7.6923075
2758.0,40.0,20.0,2.0,100.0,5.263158
2759.0,49.0,20.0,2.0,100.0,5.882353
2760.0,0.0,20.0,2.0,100.0,100.0
2761.0,0.5,20.0,2.0,100.0,100.0
2762.0,1.0,20.0,2.0,100.0,100.0
2763.0,2.0,20.0,2.0,100.0,33.333332
2764.0,3.0,20.0,2.0,100.0,11.111111
2765.0,5.0,20.0,2.0,100.0,20.0
2766.0,10.0,20.0,2.0,100.0,5.263158
2767.0,20.0,20.0,2.0,100.0,4.7619047
2768.0,40.0,20.0,2.0,100.0,4.7619047
2769.0,49.0,20.0,2.0,100.0,4.7619047
2770.0,0.0,20.0,2.0,100.0,100.0
2771.0,0.5,20.0,2.0,100.0,20.0
2772.0,1.0,20.0,2.0,100.0,7.6923075
2773.0,2.0,20.0,2.0,100.0,20.0
2774.0,3.0,20.0,2.0,100.0,33.333332
2775.0,5.0,20.0,2.0,100.0,33.333332
2776.0,10.0,20.0,2.0,100.0,33.333332
2777.0,20.0,20.0,2.0,100.0,7.6923075
2778.0,40.0,20.0,2.0,100.0,5.263158
2779.0,49.0,20.0,2.0,100.0,5.882353
2780.0,0.0,20.0,2.0,100.0,100.0
2781.0,0.5,20.0,2.0,100.0,33.333332
2782.0,1.0,20.0,2.0,100.0,33.333332
2783.0,2.0,20.0,2.0,100.0,20.0
2784.0,3.0,20.0,2.0,100.0,20.0
2785.0,5.0,20.0,2.0,100.0,14.285714
2786.0,10.0,20.0,2.0,100.0,14.285714
2787.0,20.0,20.0,2.0,100.0,5.882353
2788.0,40.0,20.0,2.0,100.0,5.882353
2789.0,49.0,20.0,2.0,100.0,5.263158
2790.0,0.0,20.0,2.0,100.0,100.0
2791.0,0.5,20.0,2.0,100.0,100.0
2792.0,1.0,20.0,2.0,100.0,33.333332
2793.0,2.0,20.0,2.0,100.0,33.333332
2794.0,3.0,20.0,2.0,100.0,20.0
2795.0,5.0,20.0,2.0,100.0,14.285714
2796.0,10.0,20.0,2.0,100.0,5.882353
2797.0,20.0,20.0,2.0,100.0,5.263158
2798.0,40.0,20.0,2.0,100.0,6.6666665
2799.0,49.0,20.0,2.0,100.0,4.7619047
2800.0,0.0,20.0,2.0,100.0,100.0
2801.0,0.5,20.0,2.0,100.0,33.333332
2802.0,1.0,20.0,2.0,100.0,33.333332
2803.0,2.0,20.0,2.0,100.0,11.111111
2804.0,3.0,20.0,2.0,100.0,14.285714
2805.0,5.0,20.0,2.0,100.0,9.090909
2806.0,10.0,20.0,2.0,100.0,6.6666665
2807.0,20.0,20.0,2.0,100.0,9.090909
2808.0,40.0,20.0,2.0,100.0,5.882353
2809.0,49.0,20.0,2.0,100.0,5.882353
2810.0,0.0,20.0,2.0,100.0,100.0
2811.0,0.5,20.0,2.0,100.0,11.111111
2812.0,1.0,20.0,2.0,100.0,33.333332
2813.0,2.0,20.0,2.0,100.0,14.285714
2814.0,3.0,20.0,2.0,100.0,33.333332
2815.0,5.0,20.0,2.0,100.0,11.111111
2816.0,10.0,20.0,2.0,100.0,5.263158
2817.0,20.0,20.0,2.0,100.0,5.263158
2818.0,40.0,20.0,2.0,100.0,5.263158
2819.0,49.0,20.0,2.0,100.0,6.6666665
2820.0,0.0,20.0,2.0,100.0,11.111111
2821.0,0.5,20.0,2.0,100.0,33.333332
2822.0,1.0,20.0,2.0,100.0,33.333332
2823.0,2.0,20.0,2.0,100.0,11.111111
2824.0,3.0,20.0,2.0,100.0,20.0
2825.0,5.0,20.0,2.0,100.0,33.333332
2826.0,10.0,20.0,2.0,100.0,7.6923075
2827.0,20.0,20.0,2.0,100.0,5.882353
2828.0,40.0,20.0,2.0,100.0,7.6923075
2829.0,49.0,20.0,2.0,100.0,5.263158
2830.0,0.0,20.0,2.0,100.0,100.0
2831.0,0.5,20.0,2.0,100.0,100.0
2832.0,1.0,20.0,2.0,100.0,33.333332
2833.0,2.0,20.0,2.0,100.0,33.333332
2834.0,3.0,20.0,2.0,100.0,33.333332
2835.0,5.0,20.0,2.0,100.0,14.285714
2836.0,10.0,20.0,2.0,100.0,11.111111
2837.0,20.0,20.0,2.0,100.0,9.090909
2838.0,40.0,20.0,2.0,100.0,5.263158
2839.0,49.0,20.0,2.0,100.0,5.882353
2840.0,0.0,20.0,2.0,100.0,14.285714
2841.0,0.5,20.0,2.0,100.0,33.333332
2842.0,1.0,20.0,2.0,100.0,33.333332
2843.0,2.0,20.0,2.0,100.0,33.333332
2844.0,3.0,20.0,2.0,100.0,11.111111
2845.0,5.0,20.0,2.0,100.0,14.285714
2846.0,10.0,20.0,2.0,100.0,4.0
2847.0,20.0,20.0,2.0,100.0,5.882353
2848.0,40.0,20.0,2.0,100.0,4.7619047
2849.0,49.0,20.0,2.0,100.0,5.882353
2850.0,0.0,20.0,2.0,100.0,100.0
2851.0,0.5,20.0,2.0,100.0,33.333332
2852.0,1.0,20.0,2.0,100.0,100.0
2853.0,2.0,20.0,2.0,100.0,33.333332
2854.0,3.0,20.0,2.0,100.0,33.333332
2855.0,5.0,20.0,2.0,100.0,5.882353
2856.0,10.0,20.0,2.0,100.0,9.090909
2857.0,20.0,20.0,2.0,100.0,9.090909
2858.0,40.0,20.0,2.0,100.0,5.263158
2859.0,49.0,20.0,2.0,100.0,6.6666665
2860.0,0.0,20.0,2.0,100.0,100.0
2861.0,0.5,20.0,2.0,100.0,100.0
2862.0,1.0,20.0,2.0,100.0,20.0
2863.0,2.0,20.0,2.0,100.0,33.333332
2864.0,3.0,20.0,2.0,100.0,33.333332
2865.0,5.0,20.0,2.0,100.0,14.285714
2866.0,10.0,20.0,2.0,100.0,5.882353
2867.0,20.0,20.0,2.0,100.0,5.882353
2868.0,40.0,20.0,2.0,100.0,6.6666665
2869.0,49.0,20.0,2.0,100.0,5.263158
2870.0,0.0,20.0,2.0,100.0,100.0
2871.0,0.5,20.0,2.0,100.0,100.0
2872.0,1.0,20.0,2.0,100.0,100.0
2873.0,2.0,20.0,2.0,100.0,33.333332
2874.0,3.0,20.0,2.0,100.0,33.333332
2875.0,5.0,20.0,2.0,100.0,20.0
2876.0,10.0,20.0,2.0,100.0,5.263158
2877.0,20.0,20.0,2.0,100.0,4.7619047
2878.0,40.0,20.0,2.0,100.0,5.882353
2879.0,49.0,20.0,2.0,100.0,9.090909
2880.0,0.0,20.0,2.0,100.0,100.0
2881.0,0.5,20.0,2.0,100.0,100.0
2882.0,1.0,20.0,2.0,100.0,33.333332
2883.0,2.0,20.0,2.0,100.0,20.0
2884.0,3.0,20.0,2.0,100.0,33.333332
2885.0,5.0,20.0,2.0,100.0,6.6666665
2886.0,10.0,20.0,2.0,100.0,9.090909
2887.0,20.0,20.0,2.0,100.0,7.6923075
2888.0,40.0,20.0,2.0,100.0,4.7619047
2889.0,49.0,20.0,2.0,100.0,7.6923075
2890.0,0.0,20.0,2.0,100.0,33.333332
2891.0,0.5,20.0,2.0,100.0,33.333332
2892.0,1.0,20.0,2.0,100.0,33.333332
2893.0,2.0,20.0,2.0,100.0,33.333332
2894.0,3.0,20.0,2.0,100.0,33.333332
2895.0,5.0,20.0,2.0,100.0,7.6923075
2896.0,10.0,20.0,2.0,100.0,11.111111
2897.0,20.0,20.0,2.0,100.0,7.6923075
2898.0,40.0,20.0,2.0,100.0,5.263158
2899.0,49.0,20.0,2.0,100.0,5.263158
2900.0,0.0,20.0,2.0,100.0,100.0
2901.0,0.5,20.0,2.0,100.0,33.333332
2902.0,1.0,20.0,2.0,100.0,33.333332
2903.0,2.0,20.0,2.0,100.0,14.285714
2904.0,3.0,20.0,2.0,100.0,33.333332
2905.0,5.0,20.0,2.0,100.0,33.333332
2906.0,10.0,20.0,2.0,100.0,11.111111
2907.0,20.0,20.0,2.0,100.0,7.6923075
2908.0,40.0,20.0,2.0,100.0,5.882353
2909.0,49.0,20.0,2.0,100.0,5.882353
2910.0,0.0,20.0,2.0,100.0,100.0
2911.0,0.5,20.0,2.0,100.0,33.333332
2912.0,1.0,20.0,2.0,100.0,33.333332
2913.0,2.0,20.0,2.0,100.0,33.333332
2914.0,3.0,20.0,2.0,100.0,33.333332
2915.0,5.0,20.0,2.0,100.0,14.285714
2916.0,10.0,20.0,2.0,100.0,9.090909
2917.0,20.0,20.0,2.0,100.0,6.6666665
2918.0,40.0,20.0,2.0,100.0,6.6666665
2919.0,49.0,20.0,2.0,100.0,5.882353
2920.0,0.0,20.0,2.0,100.0,100.0
2921.0,0.5,20.0,2.0,100.0,100.0
2922.0,1.0,20.0,2.0,100.0,6.6666665
2923.0,2.0,20.0,2.0,100.0,20.0
2924.0,3.0,20.0,2.0,100.0,33.333332
2925.0,5.0,20.0,2.0,100.0,20.0
2926.0,10.0,20.0,2.0,100.0,14.285714
2927.0,20.0,20.0,2.0,100.0,5.263158
2928.0,40.0,20.0,2.0,100.0,4.7619047
2929.0,49.0,20.0,2.0,100.0,5.882353
2930.0,0.0,20.0,2.0,100.0,100.0
2931.0,0.5,20.0,2.0,100.0,100.0
2932.0,1.0,20.0,2.0,100.0,33.333332
2933.0,2.0,20.0,2.0,100.0,9.090909
2934.0,3.0,20.0,2.0,100.0,33.333332
2935.0,5.0,20.0,2.0,100.0,6.6666665
2936.0,10.0,20.0,2.0,100.0,14.285714
2937.0,20.0,20.0,2.0,100.0,4.7619047
2938.0,40.0,20.0,2.0,100.0,5.263158
2939.0,49.0,20.0,2.0,100.0,5.263158
2940.0,0.0,20.0,2.0,100.0,100.0
2941.0,0.5,20.0,2.0,100.0,33.333332
2942.0,1.0,20.0,2.0,100.0,100.0
2943.0,2.0,20.0,2.0,100.0,14.285714
2944.0,3.0,20.0,2.0,100.0,33.333332
2945.0,5.0,20.0,2.0,100.0,20.0
2946.0,10.0,20.0,2.0,100.0,9.090909
2947.0,20.0,20.0,2.0,100.0,6.6666665
2948.0,40.0,20.0,2.0,100.0,4.7619047
2949.0,49.0,20.0,2.0,100.0,6.6666665
2950.0,0.0,20.0,2.0,100.0,100.0
2951.0,0.5,20.0,2.0,100.0,20.0
2952.0,1.0,20.0,2.0,100.0,20.0
2953.0,2.0,20.0,2.0,100.0,33.333332
2954.0,3.0,20.0,2.0,100.0,100.0
2955.0,5.0,20.0,2.0,100.0,33.333332
2956.0,10.0,20.0,2.0,100.0,14.285714
2957.0,20.0,20.0,2.0,100.0,4.7619047
2958.0,40.0,20.0,2.0,100.0,5.882353
2959.0,49.0,20.0,2.0,100.0,4.7619047
2960.0,0.0,20.0,2.0,100.0,100.0
2961.0,0.5,20.0,2.0,100.0,33.333332
2962.0,1.0,20.0,2.0,100.0,100.0
2963.0,2.0,20.0,2.0,100.0,6.6666665
2964.0,3.0,20.0,2.0,100.0,33.333332
2965.0,5.0,20.0,2.0,100.0,20.0
2966.0,10.0,20.0,2.0,100.0,5.263158
2967.0,20.0,20.0,2.0,100.0,5.882353
2968.0,40.0,20.0,2.0,100.0,5.882353
2969.0,49.0,20.0,2.0,100.0,5.263158
2970.0,0.0,20.0,2.0,100.0,100.0
2971.0,0.5,20.0,2.0,100.0,33.333332
2972.0,1.0,20.0,2.0,100.0,33.333332
2973.0,2.0,20.0,2.0,100.0,33.333332
2974.0,3.0,20.0,2.0,100.0,33.333332
2975.0,5.0,20.0,2.0,100.0,20.0
2976.0,10.0,20.0,2.0,100.0,11.111111
2977.0,20.0,20.0,2.0,100.0,5.882353
2978.0,40.0,20.0,2.0,100.0,5.263158
2979.0,49.0,20.0,2.0,100.0,6.6666665
2980.0,0.0,20.0,2.0,100.0,100.0
2981.0,0.5,20.0,2.0,100.0,33.333332
2982.0,1.0,20.0,2.0,100.0,7.6923075
2983.0,2.0,20.0,2.0,100.0,33.333332
2984.0,3.0,20.0,2.0,100.0,33.333332
2985.0,5.0,20.0,2.0,100.0,33.333332
2986.0,10.0,20.0,2.0,100.0,20.0
2987.0,20.0,20.0,2.0,100.0,5.882353
2988.0,40.0,20.0,2.0,100.0,5.882353
2989.0,49.0,20.0,2.0,100.0,5.882353
2990.0,0.0,20.0,2.0,100.0,100.0
2991.0,0.5,20.0,2.0,100.0,20.0
2992.0,1.0,20.0,2.0,100.0,33.333332
2993.0,2.0,20.0,2.0,100.0,7.6923075
2994.0,3.0,20.0,2.0,100.0,33.333332
2995.0,5.0,20.0,2.0,100.0,9.090909
2996.0,10.0,20.0,2.0,100.0,7.6923075
2997.0,20.0,20.0,2.0,100.0,5.882353
2998.0,40.0,20.0,2.0,100.0,5.882353
2999.0,49.0,20.0,2.0,100.0,7.6923075
3000.0,0.0,20.0,2.0,100.0,100.0
3001.0,0.5,20.0,2.0,100.0,33.333332
3002.0,1.0,20.0,2.0,100.0,9.090909
3003.0,2.0,20.0,2.0,100.0,33.333332
3004.0,3.0,20.0,2.0,100.0,33.333332
3005.0,5.0,20.0,2.0,100.0,20.0
3006.0,10.0,20.0,2.0,100.0,7.6923075
3007.0,20.0,20.0,2.0,100.0,5.882353
3008.0,40.0,20.0,2.0,100.0,4.7619047
3009.0,49.0,20.0,2.0,100.0,7.6923075
3010.0,0.0,20.0,2.0,100.0,100.0
3011.0,0.5,20.0,2.0,100.0,33.333332
3012.0,1.0,20.0,2.0,100.0,33.333332
3013.0,2.0,20.0,2.0,100.0,33.333332
3014.0,3.0,20.0,2.0,100.0,33.333332
3015.0,5.0,20.0,2.0,100.0,7.6923075
3016.0,10.0,20.0,2.0,100.0,9.090909
3017.0,20.0,20.0,2.0,100.0,9.090909
3018.0,40.0,20.0,2.0,100.0,4.7619047
3019.0,49.0,20.0,2.0,100.0,5.882353
3020.0,0.0,20.0,2.0,100.0,100.0
3021.0,0.5,20.0,2.0,100.0,100.0
3022.0,1.0,20.0,2.0,100.0,33.333332
3023.0,2.0,20.0,2.0,100.0,9.090909
3024.0,3.0,20.0,2.0,100.0,33.333332
3025.0,5.0,20.0,2.0,100.0,9.090909
3026.0,10.0,20.0,2.0,100.0,11.111111
3027.0,20.0,20.0,2.0,100.0,9.090909
3028.0,40.0,20.0,2.0,100.0,5.882353
3029.0,49.0,20.0,2.0,100.0,5.263158
3030.0,0.0,20.0,2.0,100.0,100.0
3031.0,0.5,20.0,2.0,100.0,33.333332
3032.0,1.0,20.0,2.0,100.0,33.333332
3033.0,2.0,20.0,2.0,100.0,14.285714
3034.0,3.0,20.0,2.0,100.0,20.0
3035.0,5.0,20.0,2.0,100.0,11.111111
3036.0,10.0,20.0,2.0,100.0,11.111111
3037.0,20.0,20.0,2.0,100.0,5.263158
3038.0,40.0,20.0,2.0,100.0,6.6666665
3039.0,49.0,20.0,2.0,100.0,5.263158
3040.0,0.0,20.0,2.0,100.0,33.333332
3041.0,0.5,20.0,2.0,100.0,33.333332
3042.0,1.0,20.0,2.0,100.0,33.333332
3043.0,2.0,20.0,2.0,100.0,33.333332
3044.0,3.0,20.0,2.0,100.0,14.285714
3045.0,5.0,20.0,2.0,100.0,11.111111
3046.0,10.0,20.0,2.0,100.0,5.263158
3047.0,20.0,20.0,2.0,100.0,5.882353
3048.0,40.0,20.0,2.0,100.0,7.6923075
3049.0,49.0,20.0,2.0,100.0,5.882353
3050.0,0.0,20.0,2.0,100.0,9.090909
3051.0,0.5,20.0,2.0,100.0,11.111111
3052.0,1.0,20.0,2.0,100.0,100.0
3053.0,2.0,20.0,2.0,100.0,20.0
3054.0,3.0,20.0,2.0,100.0,20.0
3055.0,5.0,20.0,2.0,100.0,6.6666665
3056.0,10.0,20.0,2.0,100.0,11.111111
3057.0,20.0,20.0,2.0,100.0,7.6923075
3058.0,40.0,20.0,2.0,100.0,5.882353
3059.0,49.0,20.0,2.0,100.0,5.263158
3060.0,0.0,20.0,2.0,100.0,100.0
3061.0,0.5,20.0,2.0,100.0,33.333332
3062.0,1.0,20.0,2.0,100.0,33.333332
3063.0,2.0,20.0,2.0,100.0,33.333332
3064.0,3.0,20.0,2.0,100.0,14.285714
3065.0,5.0,20.0,2.0,100.0,14.285714
3066.0,10.0,20.0,2.0,100.0,7.6923075
3067.0,20.0,20.0,2.0,100.0,6.6666665
3068.0,40.0,20.0,2.0,100.0,5.263158
3069.0,49.0,20.0,2.0,100.0,5.263158
3070.0,0.0,20.0,2.0,100.0,100.0
3071.0,0.5,20.0,2.0,100.0,100.0
3072.0,1.0,20.0,2.0,100.0,33.333332
3073.0,2.0,20.0,2.0,100.0,33.333332
3074.0,3.0,20.0,2.0,100.0,33.333332
3075.0,5.0,20.0,2.0,100.0,20.0
3076.0,10.0,20.0,2.0,100.0,14.285714
3077.0,20.0,20.0,2.0,100.0,6.6666665
3078.0,40.0,20.0,2.0,100.0,6.6666665
3079.0,49.0,20.0,2.0,100.0,4.347826
3080.0,0.0,20.0,2.0,100.0,100.0
3081.0,0.5,20.0,2.0,100.0,100.0
3082.0,1.0,20.0,2.0,100.0,100.0
3083.0,2.0,20.0,2.0,100.0,33.333332
3084.0,3.0,20.0,2.0,100.0,14.285714
3085.0,5.0,20.0,2.0,100.0,11.111111
3086.0,10.0,20.0,2.0,100.0,7.6923075
3087.0,20.0,20.0,2.0,100.0,9.090909
3088.0,40.0,20.0,2.0,100.0,4.347826
3089.0,49.0,20.0,2.0,100.0,5.263158
3090.0,0.0,20.0,2.0,100.0,100.0
3091.0,0.5,20.0,2.0,100.0,33.333332
3092.0,1.0,20.0,2.0,100.0,100.0
3093.0,2.0,20.0,2.0,100.0,33.333332
3094.0,3.0,20.0,2.0,100.0,33.333332
3095.0,5.0,20.0,2.0,100.0,20.0
3096.0,10.0,20.0,2.0,100.0,14.285714
3097.0,20.0,20.0,2.0,100.0,9.090909
3098.0,40.0,20.0,2.0,100.0,6.6666665
3099.0,49.0,20.0,2.0,100.0,6.6666665
3100.0,0.0,20.0,2.0,100.0,100.0
3101.0,0.5,20.0,2.0,100.0,100.0
3102.0,1.0,20.0,2.0,100.0,9.090909
3103.0,2.0,20.0,2.0,100.0,100.0
3104.0,3.0,20.0,2.0,100.0,33.333332
3105.0,5.0,20.0,2.0,100.0,5.882353
3106.0,10.0,20.0,2.0,100.0,7.6923075
3107.0,20.0,20.0,2.0,100.0,5.263158
3108.0,40.0,20.0,2.0,100.0,5.263158
3109.0,49.0,20.0,2.0,100.0,6.6666665
3110.0,0.0,20.0,2.0,100.0,100.0
3111.0,0.5,20.0,2.0,100.0,33.333332
3112.0,1.0,20.0,2.0,100.0,100.0
3113.0,2.0,20.0,2.0,100.0,33.333332
3114.0,3.0,20.0,2.0,100.0,33.333332
3115.0,5.0,20.0,2.0,100.0,7.6923075
3116.0,10.0,20.0,2.0,100.0,5.263158
3117.0,20.0,20.0,2.0,100.0,5.882353
3118.0,40.0,20.0,2.0,100.0,5.882353
3119.0,49.0,20.0,2.0,100.0,6.6666665
3120.0,0.0,20.0,2.0,100.0,100.0
3121.0,0.5,20.0,2.0,100.0,33.333332
3122.0,1.0,20.0,2.0,100.0,33.333332
3123.0,2.0,20.0,2.0,100.0,100.0
3124.0,3.0,20.0,2.0,100.0,20.0
3125.0,5.0,20.0,2.0,100.0,14.285714
3126.0,10.0,20.0,2.0,100.0,11.111111
3127.0,20.0,20.0,2.0,100.0,9.090909
3128.0,40.0,20.0,2.0,100.0,5.263158
3129.0,49.0,20.0,2.0,100.0,5.263158
3130.0,0.0,20.0,2.0,100.0,9.090909
3131.0,0.5,20.0,2.0,100.0,6.6666665
3132.0,1.0,20.0,2.0,100.0,33.333332
3133.0,2.0,20.0,2.0,100.0,33.333332
3134.0,3.0,20.0,2.0,100.0,33.333332
3135.0,5.0,20.0,2.0,100.0,14.285714
3136.0,10.0,20.0,2.0,100.0,11.111111
3137.0,20.0,20.0,2.0,100.0,5.882353
3138.0,40.0,20.0,2.0,100.0,5.263158
3139.0,49.0,20.0,2.0,100.0,5.263158
3140.0,0.0,20.0,2.0,100.0,100.0
3141.0,0.5,20.0,2.0,100.0,33.333332
3142.0,1.0,20.0,2.0,100.0,100.0
3143.0,2.0,20.0,2.0,100.0,7.6923075
3144.0,3.0,20.0,2.0,100.0,33.333332
3145.0,5.0,20.0,2.0,100.0,11.111111
3146.0,10.0,20.0,2.0,100.0,14.285714
3147.0,20.0,20.0,2.0,100.0,6.6666665
3148.0,40.0,20.0,2.0,100.0,4.347826
3149.0,49.0,20.0,2.0,100.0,5.263158
3150.0,0.0,20.0,2.0,100.0,100.0
3151.0,0.5,20.0,2.0,100.0,100.0
3152.0,1.0,20.0,2.0,100.0,33.333332
3153.0,2.0,20.0,2.0,100.0,33.333332
3154.0,3.0,20.0,2.0,100.0,33.333332
3155.0,5.0,20.0,2.0,100.0,14.285714
3156.0,10.0,20.0,2.0,100.0,7.6923075
3157.0,20.0,20.0,2.0,100.0,6.6666665
3158.0,40.0,20.0,2.0,100.0,6.6666665
3159.0,49.0,20.0,2.0,100.0,6.6666665
3160.0,0.0,20.0,2.0,100.0,100.0
3161.0,0.5,20.0,2.0,100.0,33.333332
3162.0,1.0,20.0,2.0,100.0,100.0
3163.0,2.0,20.0,2.0,100.0,9.090909
3164.0,3.0,20.0,2.0,100.0,14.285714
3165.0,5.0,20.0,2.0,100.0,6.6666665
3166.0,10.0,20.0,2.0,100.0,5.263158
3167.0,20.0,20.0,2.0,100.0,5.882353
3168.0,40.0,20.0,2.0,100.0,5.263158
3169.0,49.0,20.0,2.0,100.0,6.6666665
3170.0,0.0,20.0,2.0,100.0,100.0
3171.0,0.5,20.0,2.0,100.0,100.0
3172.0,1.0,20.0,2.0,100.0,33.333332
3173.0,2.0,20.0,2.0,100.0,33.333332
3174.0,3.0,20.0,2.0,100.0,33.333332
3175.0,5.0,20.0,2.0,100.0,20.0
3176.0,10.0,20.0,2.0,100.0,7.6923075
3177.0,20.0,20.0,2.0,100.0,5.882353
3178.0,40.0,20.0,2.0,100.0,5.263158
3179.0,49.0,20.0,2.0,100.0,6.6666665
3180.0,0.0,20.0,2.0,100.0,100.0
3181.0,0.5,20.0,2.0,100.0,20.0
3182.0,1.0,20.0,2.0,100.0,33.333332
3183.0,2.0,20.0,2.0,100.0,33.333332
3184.0,3.0,20.0,2.0,100.0,33.333332
3185.0,5.0,20.0,2.0,100.0,5.882353
3186.0,10.0,20.0,2.0,100.0,6.6666665
3187.0,20.0,20.0,2.0,100.0,6.6666665
3188.0,40.0,20.0,2.0,100.0,5.263158
3189.0,49.0,20.0,2.0,100.0,5.882353
3190.0,0.0,20.0,2.0,100.0,100.0
3191.0,0.5,20.0,2.0,100.0,33.333332
3192.0,1.0,20.0,2.0,100.0,33.333332
3193.0,2.0,20.0,2.0,100.0,33.333332
3194.0,3.0,20.0,2.0,100.0,9.090909
3195.0,5.0,20.0,2.0,100.0,6.6666665
3196.0,10.0,20.0,2.0,100.0,6.6666665
3197.0,20.0,20.0,2.0,100.0,4.7619047
3198.0,40.0,20.0,2.0,100.0,5.882353
3199.0,49.0,20.0,2.0,100.0,5.263158
3200.0,0.0,20.0,2.0,100.0,100.0
3201.0,0.5,20.0,2.0,100.0,100.0
3202.0,1.0,20.0,2.0,100.0,33.333332
3203.0,2.0,20.0,2.0,100.0,14.285714
3204.0,3.0,20.0,2.0,100.0,33.333332
3205.0,5.0,20.0,2.0,100.0,33.333332
3206.0,10.0,20.0,2.0,100.0,7.6923075
3207.0,20.0,20.0,2.0,100.0,6.6666665
3208.0,40.0,20.0,2.0,100.0,4.7619047
3209.0,49.0,20.0,2.0,100.0,5.263158
3210.0,0.0,20.0,2.0,100.0,100.0
3211.0,0.5,20.0,2.0,100.0,100.0
3212.0,1.0,20.0,2.0,100.0,100.0
3213.0,2.0,20.0,2.0,100.0,33.333332
3214.0,3.0,20.0,2.0,100.0,20.0
3215.0,5.0,20.0,2.0,100.0,11.111111
3216.0,10.0,20.0,2.0,100.0,14.285714
3217.0,20.0,20.0,2.0,100.0,9.090909
3218.0,40.0,20.0,2.0,100.0,5.882353
3219.0,49.0,20.0,2.0,100.0,4.7619047
3220.0,0.0,20.0,2.0,100.0,9.090909
3221.0,0.5,20.0,2.0,100.0,33.333332
3222.0,1.0,20.0,2.0,100.0,33.333332
3223.0,2.0,20.0,2.0,100.0,33.333332
3224.0,3.0,20.0,2.0,100.0,20.0
3225.0,5.0,20.0,2.0,100.0,20.0
3226.0,10.0,20.0,2.0,100.0,6.6666665
3227.0,20.0,20.0,2.0,100.0,9.090909
3228.0,40.0,20.0,2.0,100.0,6.6666665
3229.0,49.0,20.0,2.0,100.0,6.6666665
3230.0,0.0,20.0,2.0,100.0,100.0
3231.0,0.5,20.0,2.0,100.0,100.0
3232.0,1.0,20.0,2.0,100.0,11.111111
3233.0,2.0,20.0,2.0,100.0,33.333332
3234.0,3.0,20.0,2.0,100.0,33.333332
3235.0,5.0,20.0,2.0,100.0,33.333332
3236.0,10.0,20.0,2.0,100.0,6.6666665
3237.0,20.0,20.0,2.0,100.0,11.111111
3238.0,40.0,20.0,2.0,100.0,4.0
3239.0,49.0,20.0,2.0,100.0,4.7619047
3240.0,0.0,20.0,2.0,100.0,100.0
3241.0,0.5,20.0,2.0,100.0,100.0
3242.0,1.0,20.0,2.0,100.0,33.333332
3243.0,2.0,20.0,2.0,100.0,33.333332
3244.0,3.0,20.0,2.0,100.0,33.333332
3245.0,5.0,20.0,2.0,100.0,5.882353
3246.0,10.0,20.0,2.0,100.0,5.882353
3247.0,20.0,20.0,2.0,100.0,11.111111
3248.0,40.0,20.0,2.0,100.0,6.6666665
3249.0,49.0,20.0,2.0,100.0,5.263158
3250.0,0.0,20.0,2.0,100.0,100.0
3251.0,0.5,20.0,2.0,100.0,33.333332
3252.0,1.0,20.0,2.0,100.0,33.333332
3253.0,2.0,20.0,2.0,100.0,20.0
3254.0,3.0,20.0,2.0,100.0,7.6923075
3255.0,5.0,20.0,2.0,100.0,7.6923075
3256.0,10.0,20.0,2.0,100.0,6.6666665
3257.0,20.0,20.0,2.0,100.0,5.263158
3258.0,40.0,20.0,2.0,100.0,4.7619047
3259.0,49.0,20.0,2.0,100.0,5.882353
3260.0,0.0,20.0,2.0,100.0,100.0
3261.0,0.5,20.0,2.0,100.0,33.333332
3262.0,1.0,20.0,2.0,100.0,33.333332
3263.0,2.0,20.0,2.0,100.0,33.333332
3264.0,3.0,20.0,2.0,100.0,11.111111
3265.0,5.0,20.0,2.0,100.0,14.285714
3266.0,10.0,20.0,2.0,100.0,11.111111
3267.0,20.0,20.0,2.0,100.0,6.6666665
3268.0,40.0,20.0,2.0,100.0,6.6666665
3269.0,49.0,20.0,2.0,100.0,5.882353
3270.0,0.0,20.0,2.0,100.0,100.0
3271.0,0.5,20.0,2.0,100.0,33.333332
3272.0,1.0,20.0,2.0,100.0,100.0
3273.0,2.0,20.0,2.0,100.0,33.333332
3274.0,3.0,20.0,2.0,100.0,20.0
3275.0,5.0,20.0,2.0,100.0,4.7619047
3276.0,10.0,20.0,2.0,100.0,6.6666665
3277.0,20.0,20.0,2.0,100.0,9.090909
3278.0,40.0,20.0,2.0,100.0,5.263158
3279.0,49.0,20.0,2.0,100.0,7.6923075
3280.0,0.0,20.0,2.0,100.0,100.0
3281.0,0.5,20.0,2.0,100.0,100.0
3282.0,1.0,20.0,2.0,100.0,33.333332
3283.0,2.0,20.0,2.0,100.0,33.333332
3284.0,3.0,20.0,2.0,100.0,5.263158
3285.0,5.0,20.0,2.0,100.0,6.6666665
3286.0,10.0,20.0,2.0,100.0,11.111111
3287.0,20.0,20.0,2.0,100.0,9.090909
3288.0,40.0,20.0,2.0,100.0,5.882353
3289.0,49.0,20.0,2.0,100.0,5.263158
3290.0,0.0,20.0,2.0,100.0,100.0
3291.0,0.5,20.0,2.0,100.0,100.0
3292.0,1.0,20.0,2.0,100.0,100.0
3293.0,2.0,20.0,2.0,100.0,14.285714
3294.0,3.0,20.0,2.0,100.0,9.090909
3295.0,5.0,20.0,2.0,100.0,11.111111
3296.0,10.0,20.0,2.0,100.0,9.090909
3297.0,20.0,20.0,2.0,100.0,5.882353
3298.0,40.0,20.0,2.0,100.0,5.882353
3299.0,49.0,20.0,2.0,100.0,4.7619047
3300.0,0.0,20.0,2.0,100.0,5.882353
3301.0,0.5,20.0,2.0,100.0,100.0
3302.0,1.0,20.0,2.0,100.0,100.0
3303.0,2.0,20.0,2.0,100.0,33.333332
3304.0,3.0,20.0,2.0,100.0,5.882353
3305.0,5.0,20.0,2.0,100.0,5.882353
3306.0,10.0,20.0,2.0,100.0,7.6923075
3307.0,20.0,20.0,2.0,100.0,7.6923075
3308.0,40.0,20.0,2.0,100.0,6.6666665
3309.0,49.0,20.0,2.0,100.0,5.882353
3310.0,0.0,20.0,2.0,100.0,100.0
3311.0,0.5,20.0,2.0,100.0,33.333332
3312.0,1.0,20.0,2.0,100.0,33.333332
3313.0,2.0,20.0,2.0,100.0,33.333332
3314.0,3.0,20.0,2.0,100.0,33.333332
3315.0,5.0,20.0,2.0,100.0,20.0
3316.0,10.0,20.0,2.0,100.0,6.6666665
3317.0,20.0,20.0,2.0,100.0,7.6923075
3318.0,40.0,20.0,2.0,100.0,6.6666665
3319.0,49.0,20.0,2.0,100.0,5.882353
3320.0,0.0,20.0,2.0,100.0,100.0
3321.0,0.5,20.0,2.0,100.0,100.0
3322.0,1.0,20.0,2.0,100.0,33.333332
3323.0,2.0,20.0,2.0,100.0,14.285714
3324.0,3.0,20.0,2.0,100.0,20.0
3325.0,5.0,20.0,2.0,100.0,33.333332
3326.0,10.0,20.0,2.0,100.0,7.6923075
3327.0,20.0,20.0,2.0,100.0,4.7619047
3328.0,40.0,20.0,2.0,100.0,5.263158
3329.0,49.0,20.0,2.0,100.0,6.6666665
3330.0,0.0,20.0,2.0,100.0,100.0
3331.0,0.5,20.0,2.0,100.0,100.0
3332.0,1.0,20.0,2.0,100.0,9.090909
3333.0,2.0,20.0,2.0,100.0,33.333332
3334.0,3.0,20.0,2.0,100.0,7.6923075
3335.0,5.0,20.0,2.0,100.0,11.111111
3336.0,10.0,20.0,2.0,100.0,6.6666665
3337.0,20.0,20.0,2.0,100.0,5.263158
3338.0,40.0,20.0,2.0,100.0,6.6666665
3339.0,49.0,20.0,2.0,100.0,5.882353
3340.0,0.0,20.0,2.0,100.0,100.0
3341.0,0.5,20.0,2.0,100.0,33.333332
3342.0,1.0,20.0,2.0,100.0,9.090909
3343.0,2.0,20.0,2.0,100.0,33.333332
3344.0,3.0,20.0,2.0,100.0,6.6666665
3345.0,5.0,20.0,2.0,100.0,33.333332
3346.0,10.0,20.0,2.0,100.0,6.6666665
3347.0,20.0,20.0,2.0,100.0,4.347826
3348.0,40.0,20.0,2.0,100.0,5.263158
3349.0,49.0,20.0,2.0,100.0,7.6923075
3350.0,0.0,20.0,2.0,100.0,14.285714
3351.0,0.5,20.0,2.0,100.0,33.333332
3352.0,1.0,20.0,2.0,100.0,100.0
3353.0,2.0,20.0,2.0,100.0,7.6923075
3354.0,3.0,20.0,2.0,100.0,20.0
3355.0,5.0,20.0,2.0,100.0,7.6923075
3356.0,10.0,20.0,2.0,100.0,7.6923075
3357.0,20.0,20.0,2.0,100.0,7.6923075
3358.0,40.0,20.0,2.0,100.0,5.263158
3359.0,49.0,20.0,2.0,100.0,5.263158
3360.0,0.0,20.0,2.0,100.0,100.0
3361.0,0.5,20.0,2.0,100.0,100.0
3362.0,1.0,20.0,2.0,100.0,33.333332
3363.0,2.0,20.0,2.0,100.0,9.090909
3364.0,3.0,20.0,2.0,100.0,33.333332
3365.0,5.0,20.0,2.0,100.0,14.285714
3366.0,10.0,20.0,2.0,100.0,4.7619047
3367.0,20.0,20.0,2.0,100.0,6.6666665
3368.0,40.0,20.0,2.0,100.0,5.263158
3369.0,49.0,20.0,2.0,100.0,5.882353
3370.0,0.0,20.0,2.0,100.0,100.0
3371.0,0.5,20.0,2.0,100.0,100.0
3372.0,1.0,20.0,2.0,100.0,33.333332
3373.0,2.0,20.0,2.0,100.0,20.0
3374.0,3.0,20.0,2.0,100.0,33.333332
3375.0,5.0,20.0,2.0,100.0,14.285714
3376.0,10.0,20.0,2.0,100.0,6.6666665
3377.0,20.0,20.0,2.0,100.0,7.6923075
3378.0,40.0,20.0,2.0,100.0,5.263158
3379.0,49.0,20.0,2.0,100.0,5.882353
3380.0,0.0,20.0,2.0,100.0,100.0
3381.0,0.5,20.0,2.0,100.0,100.0
3382.0,1.0,20.0,2.0,100.0,33.333332
3383.0,2.0,20.0,2.0,100.0,14.285714
3384.0,3.0,20.0,2.0,100.0,33.333332
3385.0,5.0,20.0,2.0,100.0,14.285714
3386.0,10.0,20.0,2.0,100.0,4.7619047
3387.0,20.0,20.0,2.0,100.0,6.6666665
3388.0,40.0,20.0,2.0,100.0,7.6923075
3389.0,49.0,20.0,2.0,100.0,6.6666665
3390.0,0.0,20.0,2.0,100.0,100.0
3391.0,0.5,20.0,2.0,100.0,33.333332
3392.0,1.0,20.0,2.0,100.0,33.333332
3393.0,2.0,20.0,2.0,100.0,33.333332
3394.0,3.0,20.0,2.0,100.0,20.0
3395.0,5.0,20.0,2.0,100.0,20.0
3396.0,10.0,20.0,2.0,100.0,4.347826
3397.0,20.0,20.0,2.0,100.0,5.263158
3398.0,40.0,20.0,2.0,100.0,6.6666665
3399.0,49.0,20.0,2.0,100.0,7.6923075
3400.0,0.0,20.0,2.0,100.0,9.090909
3401.0,0.5,20.0,2.0,100.0,33.333332
3402.0,1.0,20.0,2.0,100.0,20.0
3403.0,2.0,20.0,2.0,100.0,5.263158
3404.0,3.0,20.0,2.0,100.0,33.333332
3405.0,5.0,20.0,2.0,100.0,14.285714
3406.0,10.0,20.0,2.0,100.0,11.111111
3407.0,20.0,20.0,2.0,100.0,7.6923075
3408.0,40.0,20.0,2.0,100.0,4.7619047
3409.0,49.0,20.0,2.0,100.0,4.7619047
3410.0,0.0,20.0,2.0,100.0,100.0
3411.0,0.5,20.0,2.0,100.0,33.333332
3412.0,1.0,20.0,2.0,100.0,100.0
3413.0,2.0,20.0,2.0,100.0,33.333332
3414.0,3.0,20.0,2.0,100.0,9.090909
3415.0,5.0,20.0,2.0,100.0,20.0
3416.0,10.0,20.0,2.0,100.0,7.6923075
3417.0,20.0,20.0,2.0,100.0,5.882353
3418.0,40.0,20.0,2.0,100.0,5.882353
3419.0,49.0,20.0,2.0,100.0,5.263158
3420.0,0.0,20.0,2.0,100.0,100.0
3421.0,0.5,20.0,2.0,100.0,33.333332
3422.0,1.0,20.0,2.0,100.0,33.333332
3423.0,2.0,20.0,2.0,100.0,33.333332
3424.0,3.0,20.0,2.0,100.0,33.333332
3425.0,5.0,20.0,2.0,100.0,9.090909
3426.0,10.0,20.0,2.0,100.0,6.6666665
3427.0,20.0,20.0,2.0,100.0,5.882353
3428.0,40.0,20.0,2.0,100.0,6.6666665
3429.0,49.0,20.0,2.0,100.0,5.263158
3430.0,0.0,20.0,2.0,100.0,100.0
3431.0,0.5,20.0,2.0,100.0,100.0
3432.0,1.0,20.0,2.0,100.0,33.333332
3433.0,2.0,20.0,2.0,100.0,33.333332
3434.0,3.0,20.0,2.0,100.0,20.0
3435.0,5.0,20.0,2.0,100.0,20.0
3436.0,10.0,20.0,2.0,100.0,11.111111
3437.0,20.0,20.0,2.0,100.0,5.263158
3438.0,40.0,20.0,2.0,100.0,6.6666665
3439.0,49.0,20.0,2.0,100.0,6.6666665
3440.0,0.0,20.0,2.0,100.0,100.0
3441.0,0.5,20.0,2.0,100.0,33.333332
3442.0,1.0,20.0,2.0,100.0,20.0
3443.0,2.0,20.0,2.0,100.0,33.333332
3444.0,3.0,20.0,2.0,100.0,33.333332
3445.0,5.0,20.0,2.0,100.0,14.285714
3446.0,10.0,20.0,2.0,100.0,9.090909
3447.0,20.0,20.0,2.0,100.0,6.6666665
3448.0,40.0,20.0,2.0,100.0,5.263158
3449.0,49.0,20.0,2.0,100.0,6.6666665
3450.0,0.0,20.0,2.0,100.0,100.0
3451.0,0.5,20.0,2.0,100.0,100.0
3452.0,1.0,20.0,2.0,100.0,20.0
3453.0,2.0,20.0,2.0,100.0,33.333332
3454.0,3.0,20.0,2.0,100.0,33.333332
3455.0,5.0,20.0,2.0,100.0,33.333332
3456.0,10.0,20.0,2.0,100.0,6.6666665
3457.0,20.0,20.0,2.0,100.0,11.111111
3458.0,40.0,20.0,2.0,100.0,7.6923075
3459.0,49.0,20.0,2.0,100.0,14.285714
3460.0,0.0,20.0,2.0,100.0,100.0
3461.0,0.5,20.0,2.0,100.0,33.333332
3462.0,1.0,20.0,2.0,100.0,100.0
3463.0,2.0,20.0,2.0,100.0,33.333332
3464.0,3.0,20.0,2.0,100.0,14.285714
3465.0,5.0,20.0,2.0,100.0,14.285714
3466.0,10.0,20.0,2.0,100.0,14.285714
3467.0,20.0,20.0,2.0,100.0,9.090909
3468.0,40.0,20.0,2.0,100.0,5.263158
3469.0,49.0,20.0,2.0,100.0,5.882353
3470.0,0.0,20.0,2.0,100.0,100.0
3471.0,0.5,20.0,2.0,100.0,100.0
3472.0,1.0,20.0,2.0,100.0,33.333332
3473.0,2.0,20.0,2.0,100.0,7.6923075
3474.0,3.0,20.0,2.0,100.0,14.285714
3475.0,5.0,20.0,2.0,100.0,11.111111
3476.0,10.0,20.0,2.0,100.0,20.0
3477.0,20.0,20.0,2.0,100.0,6.6666665
3478.0,40.0,20.0,2.0,100.0,5.263158
3479.0,49.0,20.0,2.0,100.0,5.263158
3480.0,0.0,20.0,2.0,100.0,100.0
3481.0,0.5,20.0,2.0,100.0,100.0
3482.0,1.0,20.0,2.0,100.0,100.0
3483.0,2.0,20.0,2.0,100.0,33.333332
3484.0,3.0,20.0,2.0,100.0,33.333332
3485.0,5.0,20.0,2.0,100.0,7.6923075
3486.0,10.0,20.0,2.0,100.0,6.6666665
3487.0,20.0,20.0,2.0,100.0,6.6666665
3488.0,40.0,20.0,2.0,100.0,6.6666665
3489.0,49.0,20.0,2.0,100.0,5.882353
3490.0,0.0,20.0,2.0,100.0,100.0
3491.0,0.5,20.0,2.0,100.0,100.0
3492.0,1.0,20.0,2.0,100.0,100.0
3493.0,2.0,20.0,2.0,100.0,33.333332
3494.0,3.0,20.0,2.0,100.0,14.285714
3495.0,5.0,20.0,2.0,100.0,11.111111
3496.0,10.0,20.0,2.0,100.0,11.111111
3497.0,20.0,20.0,2.0,100.0,4.7619047
3498.0,40.0,20.0,2.0,100.0,7.6923075
3499.0,49.0,20.0,2.0,100.0,5.263158
3500.0,0.0,20.0,2.0,100.0,100.0
3501.0,0.5,20.0,2.0,100.0,33.333332
3502.0,1.0,20.0,2.0,100.0,33.333332
3503.0,2.0,20.0,2.0,100.0,20.0
3504.0,3.0,20.0,2.0,100.0,33.333332
3505.0,5.0,20.0,2.0,100.0,14.285714
3506.0,10.0,20.0,2.0,100.0,6.6666665
3507.0,20.0,20.0,2.0,100.0,7.6923075
3508.0,40.0,20.0,2.0,100.0,5.263158
3509.0,49.0,20.0,2.0,100.0,6.6666665
3510.0,0.0,20.0,2.0,100.0,100.0
3511.0,0.5,20.0,2.0,100.0,33.333332
3512.0,1.0,20.0,2.0,100.0,33.333332
3513.0,2.0,20.0,2.0,100.0,11.111111
3514.0,3.0,20.0,2.0,100.0,14.285714
3515.0,5.0,20.0,2.0,100.0,9.090909
3516.0,10.0,20.0,2.0,100.0,9.090909
3517.0,20.0,20.0,2.0,100.0,7.6923075
3518.0,40.0,20.0,2.0,100.0,5.263158
3519.0,49.0,20.0,2.0,100.0,5.882353
3520.0,0.0,20.0,2.0,100.0,100.0
3521.0,0.5,20.0,2.0,100.0,20.0
3522.0,1.0,20.0,2.0,100.0,33.333332
3523.0,2.0,20.0,2.0,100.0,20.0
3524.0,3.0,20.0,2.0,100.0,20.0
3525.0,5.0,20.0,2.0,100.0,11.111111
3526.0,10.0,20.0,2.0,100.0,11.111111
3527.0,20.0,20.0,2.0,100.0,6.6666665
3528.0,40.0,20.0,2.0,100.0,5.263158
3529.0,49.0,20.0,2.0,100.0,5.263158
3530.0,0.0,20.0,2.0,100.0,100.0
3531.0,0.5,20.0,2.0,100.0,100.0
3532.0,1.0,20.0,2.0,100.0,100.0
3533.0,2.0,20.0,2.0,100.0,33.333332
3534.0,3.0,20.0,2.0,100.0,33.333332
3535.0,5.0,20.0,2.0,100.0,11.111111
3536.0,10.0,20.0,2.0,100.0,5.263158
3537.0,20.0,20.0,2.0,100.0,6.6666665
3538.0,40.0,20.0,2.0,100.0,5.882353
3539.0,49.0,20.0,2.0,100.0,5.882353
3540.0,0.0,20.0,2.0,100.0,100.0
3541.0,0.5,20.0,2.0,100.0,33.333332
3542.0,1.0,20.0,2.0,100.0,100.0
3543.0,2.0,20.0,2.0,100.0,33.333332
3544.0,3.0,20.0,2.0,100.0,33.333332
3545.0,5.0,20.0,2.0,100.0,11.111111
3546.0,10.0,20.0,2.0,100.0,4.347826
3547.0,20.0,20.0,2.0,100.0,5.882353
3548.0,40.0,20.0,2.0,100.0,7.6923075
3549.0,49.0,20.0,2.0,100.0,5.882353
3550.0,0.0,20.0,2.0,100.0,100.0
3551.0,0.5,20.0,2.0,100.0,100.0
3552.0,1.0,20.0,2.0,100.0,100.0
3553.0,2.0,20.0,2.0,100.0,33.333332
3554.0,3.0,20.0,2.0,100.0,14.285714
3555.0,5.0,20.0,2.0,100.0,5.882353
3556.0,10.0,20.0,2.0,100.0,14.285714
3557.0,20.0,20.0,2.0,100.0,9.090909
3558.0,40.0,20.0,2.0,100.0,5.882353
3559.0,49.0,20.0,2.0,100.0,5.882353
3560.0,0.0,20.0,2.0,100.0,100.0
3561.0,0.5,20.0,2.0,100.0,100.0
3562.0,1.0,20.0,2.0,100.0,33.333332
3563.0,2.0,20.0,2.0,100.0,7.6923075
3564.0,3.0,20.0,2.0,100.0,33.333332
3565.0,5.0,20.0,2.0,100.0,11.111111
3566.0,10.0,20.0,2.0,100.0,9.090909
3567.0,20.0,20.0,2.0,100.0,7.6923075
3568.0,40.0,20.0,2.0,100.0,5.263158
3569.0,49.0,20.0,2.0,100.0,5.263158
3570.0,0.0,20.0,2.0,100.0,100.0
3571.0,0.5,20.0,2.0,100.0,100.0
3572.0,1.0,20.0,2.0,100.0,100.0
3573.0,2.0,20.0,2.0,100.0,33.333332
3574.0,3.0,20.0,2.0,100.0,33.333332
3575.0,5.0,20.0,2.0,100.0,20.0
3576.0,10.0,20.0,2.0,100.0,6.6666665
3577.0,20.0,20.0,2.0,100.0,7.6923075
3578.0,40.0,20.0,2.0,100.0,7.6923075
3579.0,49.0,20.0,2.0,100.0,5.882353
3580.0,0.0,20.0,2.0,100.0,100.0
3581.0,0.5,20.0,2.0,100.0,6.6666665
3582.0,1.0,20.0,2.0,100.0,33.333332
3583.0,2.0,20.0,2.0,100.0,33.333332
3584.0,3.0,20.0,2.0,100.0,33.333332
3585.0,5.0,20.0,2.0,100.0,14.285714
3586.0,10.0,20.0,2.0,100.0,7.6923075
3587.0,20.0,20.0,2.0,100.0,4.347826
3588.0,40.0,20.0,2.0,100.0,4.7619047
3589.0,49.0,20.0,2.0,100.0,5.263158
3590.0,0.0,20.0,2.0,100.0,100.0
3591.0,0.5,20.0,2.0,100.0,100.0
3592.0,1.0,20.0,2.0,100.0,33.333332
3593.0,2.0,20.0,2.0,100.0,33.333332
3594.0,3.0,20.0,2.0,100.0,5.882353
3595.0,5.0,20.0,2.0,100.0,11.111111
3596.0,10.0,20.0,2.0,100.0,6.6666665
3597.0,20.0,20.0,2.0,100.0,6.6666665
3598.0,40.0,20.0,2.0,100.0,5.882353
3599.0,49.0,20.0,2.0,100.0,5.882353
3600.0,0.0,20.0,2.0,100.0,100.0
3601.0,0.5,20.0,2.0,100.0,7.6923075
3602.0,1.0,20.0,2.0,100.0,33.333332
3603.0,2.0,20.0,2.0,100.0,20.0
3604.0,3.0,20.0,2.0,100.0,14.285714
3605.0,5.0,20.0,2.0,100.0,33.333332
3606.0,10.0,20.0,2.0,100.0,20.0
3607.0,20.0,20.0,2.0,100.0,5.263158
3608.0,40.0,20.0,2.0,100.0,4.7619047
3609.0,49.0,20.0,2.0,100.0,5.263158
3610.0,0.0,20.0,2.0,100.0,100.0
3611.0,0.5,20.0,2.0,100.0,100.0
3612.0,1.0,20.0,2.0,100.0,33.333332
3613.0,2.0,20.0,2.0,100.0,33.333332
3614.0,3.0,20.0,2.0,100.0,33.333332
3615.0,5.0,20.0,2.0,100.0,5.263158
3616.0,10.0,20.0,2.0,100.0,14.285714
3617.0,20.0,20.0,2.0,100.0,11.111111
3618.0,40.0,20.0,2.0,100.0,5.263158
3619.0,49.0,20.0,2.0,100.0,4.7619047
3620.0,0.0,20.0,2.0,100.0,100.0
3621.0,0.5,20.0,2.0,100.0,100.0
3622.0,1.0,20.0,2.0,100.0,100.0
3623.0,2.0,20.0,2.0,100.0,14.285714
3624.0,3.0,20.0,2.0,100.0,33.333332
3625.0,5.0,20.0,2.0,100.0,20.0
3626.0,10.0,20.0,2.0,100.0,6.6666665
3627.0,20.0,20.0,2.0,100.0,9.090909
3628.0,40.0,20.0,2.0,100.0,5.263158
3629.0,49.0,20.0,2.0,100.0,4.347826
3630.0,0.0,20.0,2.0,100.0,100.0
3631.0,0.5,20.0,2.0,100.0,100.0
3632.0,1.0,20.0,2.0,100.0,33.333332
3633.0,2.0,20.0,2.0,100.0,5.882353
3634.0,3.0,20.0,2.0,100.0,20.0
3635.0,5.0,20.0,2.0,100.0,11.111111
3636.0,10.0,20.0,2.0,100.0,9.090909
3637.0,20.0,20.0,2.0,100.0,11.111111
3638.0,40.0,20.0,2.0,100.0,5.882353
3639.0,49.0,20.0,2.0,100.0,5.263158
3640.0,0.0,20.0,2.0,100.0,100.0
3641.0,0.5,20.0,2.0,100.0,33.333332
3642.0,1.0,20.0,2.0,100.0,11.111111
3643.0,2.0,20.0,2.0,100.0,33.333332
3644.0,3.0,20.0,2.0,100.0,9.090909
3645.0,5.0,20.0,2.0,100.0,14.285714
3646.0,10.0,20.0,2.0,100.0,11.111111
3647.0,20.0,20.0,2.0,100.0,7.6923075
3648.0,40.0,20.0,2.0,100.0,5.882353
3649.0,49.0,20.0,2.0,100.0,5.882353
3650.0,0.0,20.0,2.0,100.0,100.0
3651.0,0.5,20.0,2.0,100.0,100.0
3652.0,1.0,20.0,2.0,100.0,33.333332
3653.0,2.0,20.0,2.0,100.0,9.090909
3654.0,3.0,20.0,2.0,100.0,20.0
3655.0,5.0,20.0,2.0,100.0,20.0
3656.0,10.0,20.0,2.0,100.0,7.6923075
3657.0,20.0,20.0,2.0,100.0,4.0
3658.0,40.0,20.0,2.0,100.0,5.263158
3659.0,49.0,20.0,2.0,100.0,5.882353
3660.0,0.0,20.0,2.0,100.0,100.0
3661.0,0.5,20.0,2.0,100.0,33.333332
3662.0,1.0,20.0,2.0,100.0,33.333332
3663.0,2.0,20.0,2.0,100.0,33.333332
3664.0,3.0,20.0,2.0,100.0,33.333332
3665.0,5.0,20.0,2.0,100.0,14.285714
3666.0,10.0,20.0,2.0,100.0,11.111111
3667.0,20.0,20.0,2.0,100.0,4.7619047
3668.0,40.0,20.0,2.0,100.0,5.882353
3669.0,49.0,20.0,2.0,100.0,5.263158
3670.0,0.0,20.0,2.0,100.0,100.0
3671.0,0.5,20.0,2.0,100.0,33.333332
3672.0,1.0,20.0,2.0,100.0,100.0
3673.0,2.0,20.0,2.0,100.0,33.333332
3674.0,3.0,20.0,2.0,100.0,33.333332
3675.0,5.0,20.0,2.0,100.0,20.0
3676.0,10.0,20.0,2.0,100.0,6.6666665
3677.0,20.0,20.0,2.0,100.0,6.6666665
3678.0,40.0,20.0,2.0,100.0,6.6666665
3679.0,49.0,20.0,2.0,100.0,4.7619047
3680.0,0.0,20.0,2.0,100.0,100.0
3681.0,0.5,20.0,2.0,100.0,33.333332
3682.0,1.0,20.0,2.0,100.0,33.333332
3683.0,2.0,20.0,2.0,100.0,33.333332
3684.0,3.0,20.0,2.0,100.0,9.090909
3685.0,5.0,20.0,2.0,100.0,5.882353
3686.0,10.0,20.0,2.0,100.0,9.090909
3687.0,20.0,20.0,2.0,100.0,6.6666665
3688.0,40.0,20.0,2.0,100.0,7.6923075
3689.0,49.0,20.0,2.0,100.0,5.263158
3690.0,0.0,20.0,2.0,100.0,100.0
3691.0,0.5,20.0,2.0,100.0,33.333332
3692.0,1.0,20.0,2.0,100.0,33.333332
3693.0,2.0,20.0,2.0,100.0,20.0
3694.0,3.0,20.0,2.0,100.0,20.0
3695.0,5.0,20.0,2.0,100.0,20.0
3696.0,10.0,20.0,2.0,100.0,9.090909
3697.0,20.0,20.0,2.0,100.0,6.6666665
3698.0,40.0,20.0,2.0,100.0,5.882353
3699.0,49.0,20.0,2.0,100.0,5.882353
3700.0,0.0,20.0,2.0,100.0,11.111111
3701.0,0.5,20.0,2.0,100.0,33.333332
3702.0,1.0,20.0,2.0,100.0,33.333332
3703.0,2.0,20.0,2.0,100.0,33.333332
3704.0,3.0,20.0,2.0,100.0,33.333332
3705.0,5.0,20.0,2.0,100.0,14.285714
3706.0,10.0,20.0,2.0,100.0,11.111111
3707.0,20.0,20.0,2.0,100.0,11.111111
3708.0,40.0,20.0,2.0,100.0,7.6923075
3709.0,49.0,20.0,2.0,100.0,5.263158
3710.0,0.0,20.0,2.0,100.0,100.0
3711.0,0.5,20.0,2.0,100.0,100.0
3712.0,1.0,20.0,2.0,100.0,33.333332
3713.0,2.0,20.0,2.0,100.0,33.333332
3714.0,3.0,20.0,2.0,100.0,9.090909
3715.0,5.0,20.0,2.0,100.0,11.111111
3716.0,10.0,20.0,2.0,100.0,14.285714
3717.0,20.0,20.0,2.0,100.0,6.6666665
3718.0,40.0,20.0,2.0,100.0,5.263158
3719.0,49.0,20.0,2.0,100.0,5.882353
3720.0,0.0,20.0,2.0,100.0,100.0
3721.0,0.5,20.0,2.0,100.0,100.0
3722.0,1.0,20.0,2.0,100.0,100.0
3723.0,2.0,20.0,2.0,100.0,33.333332
3724.0,3.0,20.0,2.0,100.0,33.333332
3725.0,5.0,20.0,2.0,100.0,20.0
3726.0,10.0,20.0,2.0,100.0,6.6666665
3727.0,20.0,20.0,2.0,100.0,9.090909
3728.0,40.0,20.0,2.0,100.0,5.263158
3729.0,49.0,20.0,2.0,100.0,6.6666665
3730.0,0.0,20.0,2.0,100.0,100.0
3731.0,0.5,20.0,2.0,100.0,33.333332
3732.0,1.0,20.0,2.0,100.0,33.333332
3733.0,2.0,20.0,2.0,100.0,7.6923075
3734.0,3.0,20.0,2.0,100.0,33.333332
3735.0,5.0,20.0,2.0,100.0,20.0
3736.0,10.0,20.0,2.0,100.0,5.882353
3737.0,20.0,20.0,2.0,100.0,9.090909
3738.0,40.0,20.0,2.0,100.0,4.7619047
3739.0,49.0,20.0,2.0,100.0,5.882353
3740.0,0.0,20.0,2.0,100.0,100.0
3741.0,0.5,20.0,2.0,100.0,33.333332
3742.0,1.0,20.0,2.0,100.0,33.333332
3743.0,2.0,20.0,2.0,100.0,33.333332
3744.0,3.0,20.0,2.0,100.0,33.333332
3745.0,5.0,20.0,2.0,100.0,11.111111
3746.0,10.0,20.0,2.0,100.0,7.6923075
3747.0,20.0,20.0,2.0,100.0,9.090909
3748.0,40.0,20.0,2.0,100.0,5.882353
3749.0,49.0,20.0,2.0,100.0,6.6666665
3750.0,0.0,20.0,2.0,100.0,20.0
3751.0,0.5,20.0,2.0,100.0,33.333332
3752.0,1.0,20.0,2.0,100.0,33.333332
3753.0,2.0,20.0,2.0,100.0,100.0
3754.0,3.0,20.0,2.0,100.0,33.333332
3755.0,5.0,20.0,2.0,100.0,33.333332
3756.0,10.0,20.0,2.0,100.0,5.882353
3757.0,20.0,20.0,2.0,100.0,7.6923075
3758.0,40.0,20.0,2.0,100.0,5.882353
3759.0,49.0,20.0,2.0,100.0,6.6666665
3760.0,0.0,20.0,2.0,100.0,100.0
3761.0,0.5,20.0,2.0,100.0,100.0
3762.0,1.0,20.0,2.0,100.0,33.333332
3763.0,2.0,20.0,2.0,100.0,33.333332
3764.0,3.0,20.0,2.0,100.0,11.111111
3765.0,5.0,20.0,2.0,100.0,20.0
3766.0,10.0,20.0,2.0,100.0,14.285714
3767.0,20.0,20.0,2.0,100.0,6.6666665
3768.0,40.0,20.0,2.0,100.0,5.263158
3769.0,49.0,20.0,2.0,100.0,5.263158
3770.0,0.0,20.0,2.0,100.0,100.0
3771.0,0.5,20.0,2.0,100.0,33.333332
3772.0,1.0,20.0,2.0,100.0,5.263158
3773.0,2.0,20.0,2.0,100.0,33.333332
3774.0,3.0,20.0,2.0,100.0,33.333332
3775.0,5.0,20.0,2.0,100.0,7.6923075
3776.0,10.0,20.0,2.0,100.0,7.6923075
3777.0,20.0,20.0,2.0,100.0,9.090909
3778.0,40.0,20.0,2.0,100.0,6.6666665
3779.0,49.0,20.0,2.0,100.0,4.347826
3780.0,0.0,20.0,2.0,100.0,100.0
3781.0,0.5,20.0,2.0,100.0,33.333332
3782.0,1.0,20.0,2.0,100.0,33.333332
3783.0,2.0,20.0,2.0,100.0,20.0
3784.0,3.0,20.0,2.0,100.0,33.333332
3785.0,5.0,20.0,2.0,100.0,14.285714
3786.0,10.0,20.0,2.0,100.0,7.6923075
3787.0,20.0,20.0,2.0,100.0,5.882353
3788.0,40.0,20.0,2.0,100.0,5.882353
3789.0,49.0,20.0,2.0,100.0,5.263158
3790.0,0.0,20.0,2.0,100.0,100.0
3791.0,0.5,20.0,2.0,100.0,100.0
3792.0,1.0,20.0,2.0,100.0,33.333332
3793.0,2.0,20.0,2.0,100.0,33.333332
3794.0,3.0,20.0,2.0,100.0,20.0
3795.0,5.0,20.0,2.0,100.0,11.111111
3796.0,10.0,20.0,2.0,100.0,5.882353
3797.0,20.0,20.0,2.0,100.0,5.882353
3798.0,40.0,20.0,2.0,100.0,5.882353
3799.0,49.0,20.0,2.0,100.0,6.6666665
3800.0,0.0,20.0,2.0,100.0,100.0
3801.0,0.5,20.0,2.0,100.0,33.333332
3802.0,1.0,20.0,2.0,100.0,33.333332
3803.0,2.0,20.0,2.0,100.0,33.333332
3804.0,3.0,20.0,2.0,100.0,14.285714
3805.0,5.0,20.0,2.0,100.0,33.333332
3806.0,10.0,20.0,2.0,100.0,11.111111
3807.0,20.0,20.0,2.0,100.0,5.882353
3808.0,40.0,20.0,2.0,100.0,5.263158
3809.0,49.0,20.0,2.0,100.0,4.7619047
3810.0,0.0,20.0,2.0,100.0,14.285714
3811.0,0.5,20.0,2.0,100.0,33.333332
3812.0,1.0,20.0,2.0,100.0,100.0
3813.0,2.0,20.0,2.0,100.0,33.333332
3814.0,3.0,20.0,2.0,100.0,20.0
3815.0,5.0,20.0,2.0,100.0,14.285714
3816.0,10.0,20.0,2.0,100.0,14.285714
3817.0,20.0,20.0,2.0,100.0,9.090909
3818.0,40.0,20.0,2.0,100.0,5.882353
3819.0,49.0,20.0,2.0,100.0,4.7619047
3820.0,0.0,20.0,2.0,100.0,14.285714
3821.0,0.5,20.0,2.0,100.0,100.0
3822.0,1.0,20.0,2.0,100.0,100.0
3823.0,2.0,20.0,2.0,100.0,33.333332
3824.0,3.0,20.0,2.0,100.0,5.882353
3825.0,5.0,20.0,2.0,100.0,33.333332
3826.0,10.0,20.0,2.0,100.0,7.6923075
3827.0,20.0,20.0,2.0,100.0,7.6923075
3828.0,40.0,20.0,2.0,100.0,5.263158
3829.0,49.0,20.0,2.0,100.0,5.882353
3830.0,0.0,20.0,2.0,100.0,100.0
3831.0,0.5,20.0,2.0,100.0,33.333332
3832.0,1.0,20.0,2.0,100.0,20.0
3833.0,2.0,20.0,2.0,100.0,33.333332
3834.0,3.0,20.0,2.0,100.0,20.0
3835.0,5.0,20.0,2.0,100.0,5.882353
3836.0,10.0,20.0,2.0,100.0,14.285714
3837.0,20.0,20.0,2.0,100.0,5.882353
3838.0,40.0,20.0,2.0,100.0,5.263158
3839.0,49.0,20.0,2.0,100.0,6.6666665
3840.0,0.0,20.0,2.0,100.0,100.0
3841.0,0.5,20.0,2.0,100.0,100.0
3842.0,1.0,20.0,2.0,100.0,33.333332
3843.0,2.0,20.0,2.0,100.0,33.333332
3844.0,3.0,20.0,2.0,100.0,33.333332
3845.0,5.0,20.0,2.0,100.0,5.263158
3846.0,10.0,20.0,2.0,100.0,11.111111
3847.0,20.0,20.0,2.0,100.0,6.6666665
3848.0,40.0,20.0,2.0,100.0,5.263158
3849.0,49.0,20.0,2.0,100.0,4.347826
3850.0,0.0,20.0,2.0,100.0,100.0
3851.0,0.5,20.0,2.0,100.0,100.0
3852.0,1.0,20.0,2.0,100.0,14.285714
3853.0,2.0,20.0,2.0,100.0,33.333332
3854.0,3.0,20.0,2.0,100.0,14.285714
3855.0,5.0,20.0,2.0,100.0,14.285714
3856.0,10.0,20.0,2.0,100.0,14.285714
3857.0,20.0,20.0,2.0,100.0,9.090909
3858.0,40.0,20.0,2.0,100.0,7.6923075
3859.0,49.0,20.0,2.0,100.0,5.263158
3860.0,0.0,20.0,2.0,100.0,100.0
3861.0,0.5,20.0,2.0,100.0,33.333332
3862.0,1.0,20.0,2.0,100.0,100.0
3863.0,2.0,20.0,2.0,100.0,100.0
3864.0,3.0,20.0,2.0,100.0,7.6923075
3865.0,5.0,20.0,2.0,100.0,6.6666665
3866.0,10.0,20.0,2.0,100.0,7.6923075
3867.0,20.0,20.0,2.0,100.0,7.6923075
3868.0,40.0,20.0,2.0,100.0,6.6666665
3869.0,49.0,20.0,2.0,100.0,6.6666665
3870.0,0.0,20.0,2.0,100.0,100.0
3871.0,0.5,20.0,2.0,100.0,100.0
3872.0,1.0,20.0,2.0,100.0,33.333332
3873.0,2.0,20.0,2.0,100.0,33.333332
3874.0,3.0,20.0,2.0,100.0,14.285714
3875.0,5.0,20.0,2.0,100.0,6.6666665
3876.0,10.0,20.0,2.0,100.0,9.090909
3877.0,20.0,20.0,2.0,100.0,5.882353
3878.0,40.0,20.0,2.0,100.0,5.263158
3879.0,49.0,20.0,2.0,100.0,7.6923075
3880.0,0.0,20.0,2.0,100.0,100.0
3881.0,0.5,20.0,2.0,100.0,33.333332
3882.0,1.0,20.0,2.0,100.0,33.333332
3883.0,2.0,20.0,2.0,100.0,33.333332
3884.0,3.0,20.0,2.0,100.0,11.111111
3885.0,5.0,20.0,2.0,100.0,20.0
3886.0,10.0,20.0,2.0,100.0,11.111111
3887.0,20.0,20.0,2.0,100.0,9.090909
3888.0,40.0,20.0,2.0,100.0,5.882353
3889.0,49.0,20.0,2.0,100.0,4.7619047
3890.0,0.0,20.0,2.0,100.0,100.0
3891.0,0.5,20.0,2.0,100.0,100.0
3892.0,1.0,20.0,2.0,100.0,14.285714
3893.0,2.0,20.0,2.0,100.0,33.333332
3894.0,3.0,20.0,2.0,100.0,14.285714
3895.0,5.0,20.0,2.0,100.0,33.333332
3896.0,10.0,20.0,2.0,100.0,5.263158
3897.0,20.0,20.0,2.0,100.0,6.6666665
3898.0,40.0,20.0,2.0,100.0,5.263158
3899.0,49.0,20.0,2.0,100.0,6.6666665
3900.0,0.0,20.0,2.0,100.0,100.0
3901.0,0.5,20.0,2.0,100.0,33.333332
3902.0,1.0,20.0,2.0,100.0,33.333332
3903.0,2.0,20.0,2.0,100.0,33.333332
3904.0,3.0,20.0,2.0,100.0,33.333332
3905.0,5.0,20.0,2.0,100.0,14.285714
3906.0,10.0,20.0,2.0,100.0,6.6666665
3907.0,20.0,20.0,2.0,100.0,6.6666665
3908.0,40.0,20.0,2.0,100.0,5.263158
3909.0,49.0,20.0,2.0,100.0,5.263158
3910.0,0.0,20.0,2.0,100.0,100.0
3911.0,0.5,20.0,2.0,100.0,100.0
3912.0,1.0,20.0,2.0,100.0,33.333332
3913.0,2.0,20.0,2.0,100.0,33.333332
3914.0,3.0,20.0,2.0,100.0,33.333332
3915.0,5.0,20.0,2.0,100.0,4.7619047
3916.0,10.0,20.0,2.0,100.0,11.111111
3917.0,20.0,20.0,2.0,100.0,9.090909
3918.0,40.0,20.0,2.0,100.0,5.263158
3919.0,49.0,20.0,2.0,100.0,6.6666665
3920.0,0.0,20.0,2.0,100.0,100.0
3921.0,0.5,20.0,2.0,100.0,6.6666665
3922.0,1.0,20.0,2.0,100.0,100.0
3923.0,2.0,20.0,2.0,100.0,20.0
3924.0,3.0,20.0,2.0,100.0,33.333332
3925.0,5.0,20.0,2.0,100.0,20.0
3926.0,10.0,20.0,2.0,100.0,14.285714
3927.0,20.0,20.0,2.0,100.0,5.882353
3928.0,40.0,20.0,2.0,100.0,5.263158
3929.0,49.0,20.0,2.0,100.0,6.6666665
3930.0,0.0,20.0,2.0,100.0,100.0
3931.0,0.5,20.0,2.0,100.0,33.333332
3932.0,1.0,20.0,2.0,100.0,33.333332
3933.0,2.0,20.0,2.0,100.0,33.333332
3934.0,3.0,20.0,2.0,100.0,5.263158
3935.0,5.0,20.0,2.0,100.0,20.0
3936.0,10.0,20.0,2.0,100.0,4.7619047
3937.0,20.0,20.0,2.0,100.0,4.7619047
3938.0,40.0,20.0,2.0,100.0,5.882353
3939.0,49.0,20.0,2.0,100.0,5.882353
3940.0,0.0,20.0,2.0,100.0,100.0
3941.0,0.5,20.0,2.0,100.0,33.333332
3942.0,1.0,20.0,2.0,100.0,33.333332
3943.0,2.0,20.0,2.0,100.0,5.263158
3944.0,3.0,20.0,2.0,100.0,20.0
3945.0,5.0,20.0,2.0,100.0,20.0
3946.0,10.0,20.0,2.0,100.0,6.6666665
3947.0,20.0,20.0,2.0,100.0,9.090909
3948.0,40.0,20.0,2.0,100.0,7.6923075
3949.0,49.0,20.0,2.0,100.0,5.263158
3950.0,0.0,20.0,2.0,100.0,100.0
3951.0,0.5,20.0,2.0,100.0,100.0
3952.0,1.0,20.0,2.0,100.0,100.0
3953.0,2.0,20.0,2.0,100.0,33.333332
3954.0,3.0,20.0,2.0,100.0,33.333332
3955.0,5.0,20.0,2.0,100.0,14.285714
3956.0,10.0,20.0,2.0,100.0,4.0
3957.0,20.0,20.0,2.0,100.0,5.263158
3958.0,40.0,20.0,2.0,100.0,5.263158
3959.0,49.0,20.0,2.0,100.0,6.6666665
3960.0,0.0,20.0,2.0,100.0,100.0
3961.0,0.5,20.0,2.0,100.0,33.333332
3962.0,1.0,20.0,2.0,100.0,33.333332
3963.0,2.0,20.0,2.0,100.0,14.285714
3964.0,3.0,20.0,2.0,100.0,20.0
3965.0,5.0,20.0,2.0,100.0,6.6666665
3966.0,10.0,20.0,2.0,100.0,14.285714
3967.0,20.0,20.0,2.0,100.0,9.090909
3968.0,40.0,20.0,2.0,100.0,5.263158
3969.0,49.0,20.0,2.0,100.0,5.263158
3970.0,0.0,20.0,2.0,100.0,100.0
3971.0,0.5,20.0,2.0,100.0,33.333332
3972.0,1.0,20.0,2.0,100.0,11.111111
3973.0,2.0,20.0,2.0,100.0,14.285714
3974.0,3.0,20.0,2.0,100.0,33.333332
3975.0,5.0,20.0,2.0,100.0,7.6923075
3976.0,10.0,20.0,2.0,100.0,7.6923075
3977.0,20.0,20.0,2.0,100.0,9.090909
3978.0,40.0,20.0,2.0,100.0,7.6923075
3979.0,49.0,20.0,2.0,100.0,5.263158
3980.0,0.0,20.0,2.0,100.0,100.0
3981.0,0.5,20.0,2.0,100.0,33.333332
3982.0,1.0,20.0,2.0,100.0,33.333332
3983.0,2.0,20.0,2.0,100.0,33.333332
3984.0,3.0,20.0,2.0,100.0,20.0
3985.0,5.0,20.0,2.0,100.0,20.0
3986.0,10.0,20.0,2.0,100.0,5.263158
3987.0,20.0,20.0,2.0,100.0,7.6923075
3988.0,40.0,20.0,2.0,100.0,4.7619047
3989.0,49.0,20.0,2.0,100.0,5.263158
3990.0,0.0,20.0,2.0,100.0,100.0
3991.0,0.5,20.0,2.0,100.0,33.333332
3992.0,1.0,20.0,2.0,100.0,33.333332
3993.0,2.0,20.0,2.0,100.0,20.0
3994.0,3.0,20.0,2.0,100.0,33.333332
3995.0,5.0,20.0,2.0,100.0,11.111111
3996.0,10.0,20.0,2.0,100.0,11.111111
3997.0,20.0,20.0,2.0,100.0,7.6923075
3998.0,40.0,20.0,2.0,100.0,7.6923075
3999.0,49.0,20.0,2.0,100.0,5.263158
4000.0,0.0,20.0,2.0,100.0,100.0
4001.0,0.5,20.0,2.0,100.0,33.333332
4002.0,1.0,20.0,2.0,100.0,33.333332
4003.0,2.0,20.0,2.0,100.0,33.333332
4004.0,3.0,20.0,2.0,100.0,20.0
4005.0,5.0,20.0,2.0,100.0,14.285714
4006.0,10.0,20.0,2.0,100.0,9.090909
4007.0,20.0,20.0,2.0,100.0,4.0
4008.0,40.0,20.0,2.0,100.0,6.6666665
4009.0,49.0,20.0,2.0,100.0,4.347826
4010.0,0.0,20.0,2.0,100.0,100.0
4011.0,0.5,20.0,2.0,100.0,100.0
4012.0,1.0,20.0,2.0,100.0,33.333332
4013.0,2.0,20.0,2.0,100.0,33.333332
4014.0,3.0,20.0,2.0,100.0,33.333332
4015.0,5.0,20.0,2.0,100.0,20.0
4016.0,10.0,20.0,2.0,100.0,9.090909
4017.0,20.0,20.0,2.0,100.0,5.263158
4018.0,40.0,20.0,2.0,100.0,5.263158
4019.0,49.0,20.0,2.0,100.0,11.111111
4020.0,0.0,20.0,2.0,100.0,100.0
4021.0,0.5,20.0,2.0,100.0,33.333332
4022.0,1.0,20.0,2.0,100.0,33.333332
4023.0,2.0,20.0,2.0,100.0,33.333332
4024.0,3.0,20.0,2.0,100.0,9.090909
4025.0,5.0,20.0,2.0,100.0,4.347826
4026.0,10.0,20.0,2.0,100.0,5.882353
4027.0,20.0,20.0,2.0,100.0,6.6666665
4028.0,40.0,20.0,2.0,100.0,5.263158
4029.0,49.0,20.0,2.0,100.0,4.7619047
4030.0,0.0,20.0,2.0,100.0,100.0
4031.0,0.5,20.0,2.0,100.0,100.0
4032.0,1.0,20.0,2.0,100.0,33.333332
4033.0,2.0,20.0,2.0,100.0,33.333332
4034.0,3.0,20.0,2.0,100.0,14.285714
4035.0,5.0,20.0,2.0,100.0,14.285714
4036.0,10.0,20.0,2.0,100.0,5.263158
4037.0,20.0,20.0,2.0,100.0,5.263158
4038.0,40.0,20.0,2.0,100.0,4.7619047
4039.0,49.0,20.0,2.0,100.0,5.882353
4040.0,0.0,20.0,2.0,100.0,100.0
4041.0,0.5,20.0,2.0,100.0,33.333332
4042.0,1.0,20.0,2.0,100.0,33.333332
4043.0,2.0,20.0,2.0,100.0,100.0
4044.0,3.0,20.0,2.0,100.0,33.333332
4045.0,5.0,20.0,2.0,100.0,33.333332
4046.0,10.0,20.0,2.0,100.0,5.882353
4047.0,20.0,20.0,2.0,100.0,7.6923075
4048.0,40.0,20.0,2.0,100.0,6.6666665
4049.0,49.0,20.0,2.0,100.0,4.7619047
4050.0,0.0,20.0,2.0,100.0,100.0
4051.0,0.5,20.0,2.0,100.0,100.0
4052.0,1.0,20.0,2.0,100.0,100.0
4053.0,2.0,20.0,2.0,100.0,33.333332
4054.0,3.0,20.0,2.0,100.0,33.333332
4055.0,5.0,20.0,2.0,100.0,5.263158
4056.0,10.0,20.0,2.0,100.0,4.7619047
4057.0,20.0,20.0,2.0,100.0,5.882353
4058.0,40.0,20.0,2.0,100.0,5.263158
4059.0,49.0,20.0,2.0,100.0,4.7619047
4060.0,0.0,20.0,2.0,100.0,100.0
4061.0,0.5,20.0,2.0,100.0,100.0
4062.0,1.0,20.0,2.0,100.0,100.0
4063.0,2.0,20.0,2.0,100.0,11.111111
4064.0,3.0,20.0,2.0,100.0,33.333332
4065.0,5.0,20.0,2.0,100.0,11.111111
4066.0,10.0,20.0,2.0,100.0,5.882353
4067.0,20.0,20.0,2.0,100.0,4.7619047
4068.0,40.0,20.0,2.0,100.0,5.882353
4069.0,49.0,20.0,2.0,100.0,4.7619047
4070.0,0.0,20.0,2.0,100.0,100.0
4071.0,0.5,20.0,2.0,100.0,100.0
4072.0,1.0,20.0,2.0,100.0,33.333332
4073.0,2.0,20.0,2.0,100.0,20.0
4074.0,3.0,20.0,2.0,100.0,33.333332
4075.0,5.0,20.0,2.0,100.0,11.111111
4076.0,10.0,20.0,2.0,100.0,9.090909
4077.0,20.0,20.0,2.0,100.0,9.090909
4078.0,40.0,20.0,2.0,100.0,6.6666665
4079.0,49.0,20.0,2.0,100.0,5.263158
4080.0,0.0,20.0,2.0,100.0,100.0
4081.0,0.5,20.0,2.0,100.0,7.6923075
4082.0,1.0,20.0,2.0,100.0,100.0
4083.0,2.0,20.0,2.0,100.0,33.333332
4084.0,3.0,20.0,2.0,100.0,20.0
4085.0,5.0,20.0,2.0,100.0,14.285714
4086.0,10.0,20.0,2.0,100.0,9.090909
4087.0,20.0,20.0,2.0,100.0,6.6666665
4088.0,40.0,20.0,2.0,100.0,5.263158
4089.0,49.0,20.0,2.0,100.0,5.882353
4090.0,0.0,20.0,2.0,100.0,100.0
4091.0,0.5,20.0,2.0,100.0,33.333332
4092.0,1.0,20.0,2.0,100.0,33.333332
4093.0,2.0,20.0,2.0,100.0,11.111111
4094.0,3.0,20.0,2.0,100.0,20.0
4095.0,5.0,20.0,2.0,100.0,33.333332
4096.0,10.0,20.0,2.0,100.0,9.090909
4097.0,20.0,20.0,2.0,100.0,5.882353
4098.0,40.0,20.0,2.0,100.0,4.7619047
4099.0,49.0,20.0,2.0,100.0,6.6666665
4100.0,0.0,20.0,2.0,100.0,100.0
4101.0,0.5,20.0,2.0,100.0,33.333332
4102.0,1.0,20.0,2.0,100.0,33.333332
4103.0,2.0,20.0,2.0,100.0,33.333332
4104.0,3.0,20.0,2.0,100.0,33.333332
4105.0,5.0,20.0,2.0,100.0,9.090909
4106.0,10.0,20.0,2.0,100.0,5.882353
4107.0,20.0,20.0,2.0,100.0,5.882353
4108.0,40.0,20.0,2.0,100.0,5.882353
4109.0,49.0,20.0,2.0,100.0,5.882353
4110.0,0.0,20.0,2.0,100.0,100.0
4111.0,0.5,20.0,2.0,100.0,100.0
4112.0,1.0,20.0,2.0,100.0,33.333332
4113.0,2.0,20.0,2.0,100.0,33.333332
4114.0,3.0,20.0,2.0,100.0,6.6666665
4115.0,5.0,20.0,2.0,100.0,33.333332
4116.0,10.0,20.0,2.0,100.0,11.111111
4117.0,20.0,20.0,2.0,100.0,7.6923075
4118.0,40.0,20.0,2.0,100.0,5.882353
4119.0,49.0,20.0,2.0,100.0,4.7619047
4120.0,0.0,20.0,2.0,100.0,100.0
4121.0,0.5,20.0,2.0,100.0,100.0
4122.0,1.0,20.0,2.0,100.0,33.333332
4123.0,2.0,20.0,2.0,100.0,33.333332
4124.0,3.0,20.0,2.0,100.0,33.333332
4125.0,5.0,20.0,2.0,100.0,33.333332
4126.0,10.0,20.0,2.0,100.0,7.6923075
4127.0,20.0,20.0,2.0,100.0,6.6666665
4128.0,40.0,20.0,2.0,100.0,6.6666665
4129.0,49.0,20.0,2.0,100.0,5.882353
4130.0,0.0,20.0,2.0,100.0,100.0
4131.0,0.5,20.0,2.0,100.0,33.333332
4132.0,1.0,20.0,2.0,100.0,14.285714
4133.0,2.0,20.0,2.0,100.0,20.0
4134.0,3.0,20.0,2.0,100.0,33.333332
4135.0,5.0,20.0,2.0,100.0,7.6923075
4136.0,10.0,20.0,2.0,100.0,5.882353
4137.0,20.0,20.0,2.0,100.0,6.6666665
4138.0,40.0,20.0,2.0,100.0,7.6923075
4139.0,49.0,20.0,2.0,100.0,5.263158
4140.0,0.0,20.0,2.0,100.0,100.0
4141.0,0.5,20.0,2.0,100.0,100.0
4142.0,1.0,20.0,2.0,100.0,33.333332
4143.0,2.0,20.0,2.0,100.0,33.333332
4144.0,3.0,20.0,2.0,100.0,33.333332
4145.0,5.0,20.0,2.0,100.0,14.285714
4146.0,10.0,20.0,2.0,100.0,7.6923075
4147.0,20.0,20.0,2.0,100.0,6.6666665
4148.0,40.0,20.0,2.0,100.0,6.6666665
4149.0,49.0,20.0,2.0,100.0,5.882353
4150.0,0.0,20.0,2.0,100.0,14.285714
4151.0,0.5,20.0,2.0,100.0,33.333332
4152.0,1.0,20.0,2.0,100.0,33.333332
4153.0,2.0,20.0,2.0,100.0,33.333332
4154.0,3.0,20.0,2.0,100.0,6.6666665
4155.0,5.0,20.0,2.0,100.0,20.0
4156.0,10.0,20.0,2.0,100.0,9.090909
4157.0,20.0,20.0,2.0,100.0,7.6923075
4158.0,40.0,20.0,2.0,100.0,5.882353
4159.0,49.0,20.0,2.0,100.0,5.882353
4160.0,0.0,20.0,2.0,100.0,100.0
4161.0,0.5,20.0,2.0,100.0,100.0
4162.0,1.0,20.0,2.0,100.0,33.333332
4163.0,2.0,20.0,2.0,100.0,33.333332
4164.0,3.0,20.0,2.0,100.0,5.263158
4165.0,5.0,20.0,2.0,100.0,20.0
4166.0,10.0,20.0,2.0,100.0,6.6666665
4167.0,20.0,20.0,2.0,100.0,6.6666665
4168.0,40.0,20.0,2.0,100.0,5.882353
4169.0,49.0,20.0,2.0,100.0,5.882353
4170.0,0.0,20.0,2.0,100.0,100.0
4171.0,0.5,20.0,2.0,100.0,5.263158
4172.0,1.0,20.0,2.0,100.0,33.333332
4173.0,2.0,20.0,2.0,100.0,20.0
4174.0,3.0,20.0,2.0,100.0,20.0
4175.0,5.0,20.0,2.0,100.0,9.090909
4176.0,10.0,20.0,2.0,100.0,14.285714
4177.0,20.0,20.0,2.0,100.0,7.6923075
4178.0,40.0,20.0,2.0,100.0,6.6666665
4179.0,49.0,20.0,2.0,100.0,5.263158
4180.0,0.0,20.0,2.0,100.0,100.0
4181.0,0.5,20.0,2.0,100.0,33.333332
4182.0,1.0,20.0,2.0,100.0,33.333332
4183.0,2.0,20.0,2.0,100.0,33.333332
4184.0,3.0,20.0,2.0,100.0,20.0
4185.0,5.0,20.0,2.0,100.0,4.7619047
4186.0,10.0,20.0,2.0,100.0,5.263158
4187.0,20.0,20.0,2.0,100.0,7.6923075
4188.0,40.0,20.0,2.0,100.0,5.263158
4189.0,49.0,20.0,2.0,100.0,7.6923075
4190.0,0.0,20.0,2.0,100.0,100.0
4191.0,0.5,20.0,2.0,100.0,33.333332
4192.0,1.0,20.0,2.0,100.0,100.0
4193.0,2.0,20.0,2.0,100.0,20.0
4194.0,3.0,20.0,2.0,100.0,33.333332
4195.0,5.0,20.0,2.0,100.0,20.0
4196.0,10.0,20.0,2.0,100.0,11.111111
4197.0,20.0,20.0,2.0,100.0,5.882353
4198.0,40.0,20.0,2.0,100.0,5.263158
4199.0,49.0,20.0,2.0,100.0,5.263158
4200.0,0.0,20.0,2.0,100.0,100.0
4201.0,0.5,20.0,2.0,100.0,100.0
4202.0,1.0,20.0,2.0,100.0,33.333332
4203.0,2.0,20.0,2.0,100.0,33.333332
4204.0,3.0,20.0,2.0,100.0,33.333332
4205.0,5.0,20.0,2.0,100.0,33.333332
4206.0,10.0,20.0,2.0,100.0,9.090909
4207.0,20.0,20.0,2.0,100.0,5.882353
4208.0,40.0,20.0,2.0,100.0,7.6923075
4209.0,49.0,20.0,2.0,100.0,4.7619047
4210.0,0.0,20.0,2.0,100.0,100.0
4211.0,0.5,20.0,2.0,100.0,100.0
4212.0,1.0,20.0,2.0,100.0,33.333332
4213.0,2.0,20.0,2.0,100.0,100.0
4214.0,3.0,20.0,2.0,100.0,33.333332
4215.0,5.0,20.0,2.0,100.0,14.285714
4216.0,10.0,20.0,2.0,100.0,11.111111
4217.0,20.0,20.0,2.0,100.0,6.6666665
4218.0,40.0,20.0,2.0,100.0,5.263158
4219.0,49.0,20.0,2.0,100.0,4.347826
4220.0,0.0,20.0,2.0,100.0,100.0
4221.0,0.5,20.0,2.0,100.0,100.0
4222.0,1.0,20.0,2.0,100.0,20.0
4223.0,2.0,20.0,2.0,100.0,9.090909
4224.0,3.0,20.0,2.0,100.0,33.333332
4225.0,5.0,20.0,2.0,100.0,11.111111
4226.0,10.0,20.0,2.0,100.0,9.090909
4227.0,20.0,20.0,2.0,100.0,7.6923075
4228.0,40.0,20.0,2.0,100.0,5.882353
4229.0,49.0,20.0,2.0,100.0,5.263158
4230.0,0.0,20.0,2.0,100.0,100.0
4231.0,0.5,20.0,2.0,100.0,33.333332
4232.0,1.0,20.0,2.0,100.0,33.333332
4233.0,2.0,20.0,2.0,100.0,14.285714
4234.0,3.0,20.0,2.0,100.0,20.0
4235.0,5.0,20.0,2.0,100.0,7.6923075
4236.0,10.0,20.0,2.0,100.0,11.111111
4237.0,20.0,20.0,2.0,100.0,7.6923075
4238.0,40.0,20.0,2.0,100.0,4.7619047
4239.0,49.0,20.0,2.0,100.0,5.882353
4240.0,0.0,20.0,2.0,100.0,100.0
4241.0,0.5,20.0,2.0,100.0,33.333332
4242.0,1.0,20.0,2.0,100.0,20.0
4243.0,2.0,20.0,2.0,100.0,20.0
4244.0,3.0,20.0,2.0,100.0,20.0
4245.0,5.0,20.0,2.0,100.0,33.333332
4246.0,10.0,20.0,2.0,100.0,9.090909
4247.0,20.0,20.0,2.0,100.0,4.7619047
4248.0,40.0,20.0,2.0,100.0,5.263158
4249.0,49.0,20.0,2.0,100.0,5.263158
4250.0,0.0,20.0,2.0,100.0,100.0
4251.0,0.5,20.0,2.0,100.0,100.0
4252.0,1.0,20.0,2.0,100.0,33.333332
4253.0,2.0,20.0,2.0,100.0,33.333332
4254.0,3.0,20.0,2.0,100.0,20.0
4255.0,5.0,20.0,2.0,100.0,20.0
4256.0,10.0,20.0,2.0,100.0,7.6923075
4257.0,20.0,20.0,2.0,100.0,7.6923075
4258.0,40.0,20.0,2.0,100.0,6.6666665
4259.0,49.0,20.0,2.0,100.0,4.7619047
4260.0,0.0,20.0,2.0,100.0,100.0
4261.0,0.5,20.0,2.0,100.0,33.333332
4262.0,1.0,20.0,2.0,100.0,33.333332
4263.0,2.0,20.0,2.0,100.0,20.0
4264.0,3.0,20.0,2.0,100.0,33.333332
4265.0,5.0,20.0,2.0,100.0,14.285714
4266.0,10.0,20.0,2.0,100.0,6.6666665
4267.0,20.0,20.0,2.0,100.0,6.6666665
4268.0,40.0,20.0,2.0,100.0,5.882353
4269.0,49.0,20.0,2.0,100.0,4.7619047
4270.0,0.0,20.0,2.0,100.0,100.0
4271.0,0.5,20.0,2.0,100.0,100.0
4272.0,1.0,20.0,2.0,100.0,33.333332
4273.0,2.0,20.0,2.0,100.0,33.333332
4274.0,3.0,20.0,2.0,100.0,14.285714
4275.0,5.0,20.0,2.0,100.0,20.0
4276.0,10.0,20.0,2.0,100.0,11.111111
4277.0,20.0,20.0,2.0,100.0,5.882353
4278.0,40.0,20.0,2.0,100.0,5.263158
4279.0,49.0,20.0,2.0,100.0,4.7619047
4280.0,0.0,20.0,2.0,100.0,100.0
4281.0,0.5,20.0,2.0,100.0,100.0
4282.0,1.0,20.0,2.0,100.0,33.333332
4283.0,2.0,20.0,2.0,100.0,7.6923075
4284.0,3.0,20.0,2.0,100.0,33.333332
4285.0,5.0,20.0,2.0,100.0,5.263158
4286.0,10.0,20.0,2.0,100.0,5.882353
4287.0,20.0,20.0,2.0,100.0,9.090909
4288.0,40.0,20.0,2.0,100.0,5.263158
4289.0,49.0,20.0,2.0,100.0,5.882353
4290.0,0.0,20.0,2.0,100.0,100.0
4291.0,0.5,20.0,2.0,100.0,100.0
4292.0,1.0,20.0,2.0,100.0,33.333332
4293.0,2.0,20.0,2.0,100.0,33.333332
4294.0,3.0,20.0,2.0,100.0,14.285714
4295.0,5.0,20.0,2.0,100.0,14.285714
4296.0,10.0,20.0,2.0,100.0,14.285714
4297.0,20.0,20.0,2.0,100.0,7.6923075
4298.0,40.0,20.0,2.0,100.0,6.6666665
4299.0,49.0,20.0,2.0,100.0,5.882353
4300.0,0.0,20.0,2.0,100.0,100.0
4301.0,0.5,20.0,2.0,100.0,100.0
4302.0,1.0,20.0,2.0,100.0,100.0
4303.0,2.0,20.0,2.0,100.0,33.333332
4304.0,3.0,20.0,2.0,100.0,33.333332
4305.0,5.0,20.0,2.0,100.0,6.6666665
4306.0,10.0,20.0,2.0,100.0,7.6923075
4307.0,20.0,20.0,2.0,100.0,6.6666665
4308.0,40.0,20.0,2.0,100.0,4.7619047
4309.0,49.0,20.0,2.0,100.0,4.7619047
4310.0,0.0,20.0,2.0,100.0,100.0
4311.0,0.5,20.0,2.0,100.0,5.263158
4312.0,1.0,20.0,2.0,100.0,100.0
4313.0,2.0,20.0,2.0,100.0,33.333332
4314.0,3.0,20.0,2.0,100.0,5.882353
4315.0,5.0,20.0,2.0,100.0,4.7619047
4316.0,10.0,20.0,2.0,100.0,11.111111
4317.0,20.0,20.0,2.0,100.0,7.6923075
4318.0,40.0,20.0,2.0,100.0,5.263158
4319.0,49.0,20.0,2.0,100.0,5.263158
4320.0,0.0,20.0,2.0,100.0,100.0
4321.0,0.5,20.0,2.0,100.0,33.333332
4322.0,1.0,20.0,2.0,100.0,14.285714
4323.0,2.0,20.0,2.0,100.0,33.333332
4324.0,3.0,20.0,2.0,100.0,33.333332
4325.0,5.0,20.0,2.0,100.0,33.333332
4326.0,10.0,20.0,2.0,100.0,5.882353
4327.0,20.0,20.0,2.0,100.0,5.882353
4328.0,40.0,20.0,2.0,100.0,6.6666665
4329.0,49.0,20.0,2.0,100.0,5.882353
4330.0,0.0,20.0,2.0,100.0,100.0
4331.0,0.5,20.0,2.0,100.0,100.0
4332.0,1.0,20.0,2.0,100.0,33.333332
4333.0,2.0,20.0,2.0,100.0,7.6923075
4334.0,3.0,20.0,2.0,100.0,9.090909
4335.0,5.0,20.0,2.0,100.0,14.285714
4336.0,10.0,20.0,2.0,100.0,9.090909
4337.0,20.0,20.0,2.0,100.0,9.090909
4338.0,40.0,20.0,2.0,100.0,7.6923075
4339.0,49.0,20.0,2.0,100.0,5.263158
4340.0,0.0,20.0,2.0,100.0,100.0
4341.0,0.5,20.0,2.0,100.0,33.333332
4342.0,1.0,20.0,2.0,100.0,9.090909
4343.0,2.0,20.0,2.0,100.0,33.333332
4344.0,3.0,20.0,2.0,100.0,33.333332
4345.0,5.0,20.0,2.0,100.0,7.6923075
4346.0,10.0,20.0,2.0,100.0,11.111111
4347.0,20.0,20.0,2.0,100.0,7.6923075
4348.0,40.0,20.0,2.0,100.0,6.6666665
4349.0,49.0,20.0,2.0,100.0,6.6666665
4350.0,0.0,20.0,2.0,100.0,100.0
4351.0,0.5,20.0,2.0,100.0,100.0
4352.0,1.0,20.0,2.0,100.0,33.333332
4353.0,2.0,20.0,2.0,100.0,33.333332
4354.0,3.0,20.0,2.0,100.0,5.263158
4355.0,5.0,20.0,2.0,100.0,7.6923075
4356.0,10.0,20.0,2.0,100.0,4.7619047
4357.0,20.0,20.0,2.0,100.0,9.090909
4358.0,40.0,20.0,2.0,100.0,5.263158
4359.0,49.0,20.0,2.0,100.0,5.882353
4360.0,0.0,20.0,2.0,100.0,100.0
4361.0,0.5,20.0,2.0,100.0,100.0
4362.0,1.0,20.0,2.0,100.0,100.0
4363.0,2.0,20.0,2.0,100.0,9.090909
4364.0,3.0,20.0,2.0,100.0,11.111111
4365.0,5.0,20.0,2.0,100.0,14.285714
4366.0,10.0,20.0,2.0,100.0,5.263158
4367.0,20.0,20.0,2.0,100.0,7.6923075
4368.0,40.0,20.0,2.0,100.0,6.6666665
4369.0,49.0,20.0,2.0,100.0,4.7619047
4370.0,0.0,20.0,2.0,100.0,100.0
4371.0,0.5,20.0,2.0,100.0,100.0
4372.0,1.0,20.0,2.0,100.0,33.333332
4373.0,2.0,20.0,2.0,100.0,33.333332
4374.0,3.0,20.0,2.0,100.0,33.333332
4375.0,5.0,20.0,2.0,100.0,5.882353
4376.0,10.0,20.0,2.0,100.0,6.6666665
4377.0,20.0,20.0,2.0,100.0,5.882353
4378.0,40.0,20.0,2.0,100.0,6.6666665
4379.0,49.0,20.0,2.0,100.0,5.263158
4380.0,0.0,20.0,2.0,100.0,100.0
4381.0,0.5,20.0,2.0,100.0,14.285714
4382.0,1.0,20.0,2.0,100.0,100.0
4383.0,2.0,20.0,2.0,100.0,33.333332
4384.0,3.0,20.0,2.0,100.0,20.0
4385.0,5.0,20.0,2.0,100.0,33.333332
4386.0,10.0,20.0,2.0,100.0,9.090909
4387.0,20.0,20.0,2.0,100.0,7.6923075
4388.0,40.0,20.0,2.0,100.0,5.882353
4389.0,49.0,20.0,2.0,100.0,5.263158
4390.0,0.0,20.0,2.0,100.0,100.0
4391.0,0.5,20.0,2.0,100.0,100.0
4392.0,1.0,20.0,2.0,100.0,33.333332
4393.0,2.0,20.0,2.0,100.0,14.285714
4394.0,3.0,20.0,2.0,100.0,33.333332
4395.0,5.0,20.0,2.0,100.0,6.6666665
4396.0,10.0,20.0,2.0,100.0,14.285714
4397.0,20.0,20.0,2.0,100.0,5.882353
4398.0,40.0,20.0,2.0,100.0,7.6923075
4399.0,49.0,20.0,2.0,100.0,5.263158
4400.0,0.0,20.0,2.0,100.0,100.0
4401.0,0.5,20.0,2.0,100.0,33.333332
4402.0,1.0,20.0,2.0,100.0,100.0
4403.0,2.0,20.0,2.0,100.0,11.111111
4404.0,3.0,20.0,2.0,100.0,33.333332
4405.0,5.0,20.0,2.0,100.0,6.6666665
4406.0,10.0,20.0,2.0,100.0,7.6923075
4407.0,20.0,20.0,2.0,100.0,9.090909
4408.0,40.0,20.0,2.0,100.0,5.882353
4409.0,49.0,20.0,2.0,100.0,7.6923075
4410.0,0.0,20.0,2.0,100.0,100.0
4411.0,0.5,20.0,2.0,100.0,100.0
4412.0,1.0,20.0,2.0,100.0,33.333332
4413.0,2.0,20.0,2.0,100.0,5.263158
4414.0,3.0,20.0,2.0,100.0,33.333332
4415.0,5.0,20.0,2.0,100.0,9.090909
4416.0,10.0,20.0,2.0,100.0,7.6923075
4417.0,20.0,20.0,2.0,100.0,9.090909
4418.0,40.0,20.0,2.0,100.0,5.882353
4419.0,49.0,20.0,2.0,100.0,5.882353
4420.0,0.0,20.0,2.0,100.0,100.0
4421.0,0.5,20.0,2.0,100.0,33.333332
4422.0,1.0,20.0,2.0,100.0,100.0
4423.0,2.0,20.0,2.0,100.0,33.333332
4424.0,3.0,20.0,2.0,100.0,11.111111
4425.0,5.0,20.0,2.0,100.0,20.0
4426.0,10.0,20.0,2.0,100.0,9.090909
4427.0,20.0,20.0,2.0,100.0,5.263158
4428.0,40.0,20.0,2.0,100.0,5.882353
4429.0,49.0,20.0,2.0,100.0,7.6923075
4430.0,0.0,20.0,2.0,100.0,100.0
4431.0,0.5,20.0,2.0,100.0,100.0
4432.0,1.0,20.0,2.0,100.0,20.0
4433.0,2.0,20.0,2.0,100.0,33.333332
4434.0,3.0,20.0,2.0,100.0,20.0
4435.0,5.0,20.0,2.0,100.0,14.285714
4436.0,10.0,20.0,2.0,100.0,9.090909
4437.0,20.0,20.0,2.0,100.0,7.6923075
4438.0,40.0,20.0,2.0,100.0,6.6666665
4439.0,49.0,20.0,2.0,100.0,3.7037036
4440.0,0.0,20.0,2.0,100.0,100.0
4441.0,0.5,20.0,2.0,100.0,33.333332
4442.0,1.0,20.0,2.0,100.0,100.0
4443.0,2.0,20.0,2.0,100.0,14.285714
4444.0,3.0,20.0,2.0,100.0,33.333332
4445.0,5.0,20.0,2.0,100.0,14.285714
4446.0,10.0,20.0,2.0,100.0,11.111111
4447.0,20.0,20.0,2.0,100.0,5.263158
4448.0,40.0,20.0,2.0,100.0,6.6666665
4449.0,49.0,20.0,2.0,100.0,5.263158
4450.0,0.0,20.0,2.0,100.0,100.0
4451.0,0.5,20.0,2.0,100.0,100.0
4452.0,1.0,20.0,2.0,100.0,20.0
4453.0,2.0,20.0,2.0,100.0,100.0
4454.0,3.0,20.0,2.0,100.0,100.0
4455.0,5.0,20.0,2.0,100.0,5.263158
4456.0,10.0,20.0,2.0,100.0,4.347826
4457.0,20.0,20.0,2.0,100.0,5.882353
4458.0,40.0,20.0,2.0,100.0,6.6666665
4459.0,49.0,20.0,2.0,100.0,5.882353
4460.0,0.0,20.0,2.0,100.0,100.0
4461.0,0.5,20.0,2.0,100.0,11.111111
4462.0,1.0,20.0,2.0,100.0,20.0
4463.0,2.0,20.0,2.0,100.0,33.333332
4464.0,3.0,20.0,2.0,100.0,33.333332
4465.0,5.0,20.0,2.0,100.0,7.6923075
4466.0,10.0,20.0,2.0,100.0,5.263158
4467.0,20.0,20.0,2.0,100.0,5.882353
4468.0,40.0,20.0,2.0,100.0,6.6666665
4469.0,49.0,20.0,2.0,100.0,5.263158
4470.0,0.0,20.0,2.0,100.0,100.0
4471.0,0.5,20.0,2.0,100.0,7.6923075
4472.0,1.0,20.0,2.0,100.0,33.333332
4473.0,2.0,20.0,2.0,100.0,33.333332
4474.0,3.0,20.0,2.0,100.0,11.111111
4475.0,5.0,20.0,2.0,100.0,33.333332
4476.0,10.0,20.0,2.0,100.0,11.111111
4477.0,20.0,20.0,2.0,100.0,6.6666665
4478.0,40.0,20.0,2.0,100.0,5.882353
4479.0,49.0,20.0,2.0,100.0,7.6923075
4480.0,0.0,20.0,2.0,100.0,100.0
4481.0,0.5,20.0,2.0,100.0,100.0
4482.0,1.0,20.0,2.0,100.0,100.0
4483.0,2.0,20.0,2.0,100.0,33.333332
4484.0,3.0,20.0,2.0,100.0,33.333332
4485.0,5.0,20.0,2.0,100.0,6.6666665
4486.0,10.0,20.0,2.0,100.0,11.111111
4487.0,20.0,20.0,2.0,100.0,7.6923075
4488.0,40.0,20.0,2.0,100.0,5.882353
4489.0,49.0,20.0,2.0,100.0,5.882353
4490.0,0.0,20.0,2.0,100.0,100.0
4491.0,0.5,20.0,2.0,100.0,100.0
4492.0,1.0,20.0,2.0,100.0,33.333332
4493.0,2.0,20.0,2.0,100.0,33.333332
4494.0,3.0,20.0,2.0,100.0,33.333332
4495.0,5.0,20.0,2.0,100.0,6.6666665
4496.0,10.0,20.0,2.0,100.0,6.6666665
4497.0,20.0,20.0,2.0,100.0,5.882353
4498.0,40.0,20.0,2.0,100.0,4.7619047
4499.0,49.0,20.0,2.0,100.0,5.263158
4500.0,0.0,20.0,2.0,100.0,100.0
4501.0,0.5,20.0,2.0,100.0,100.0
4502.0,1.0,20.0,2.0,100.0,33.333332
4503.0,2.0,20.0,2.0,100.0,33.333332
4504.0,3.0,20.0,2.0,100.0,33.333332
4505.0,5.0,20.0,2.0,100.0,14.285714
4506.0,10.0,20.0,2.0,100.0,20.0
4507.0,20.0,20.0,2.0,100.0,5.882353
4508.0,40.0,20.0,2.0,100.0,5.263158
4509.0,49.0,20.0,2.0,100.0,5.263158
4510.0,0.0,20.0,2.0,100.0,100.0
4511.0,0.5,20.0,2.0,100.0,100.0
4512.0,1.0,20.0,2.0,100.0,33.333332
4513.0,2.0,20.0,2.0,100.0,33.333332
4514.0,3.0,20.0,2.0,100.0,33.333332
4515.0,5.0,20.0,2.0,100.0,4.7619047
4516.0,10.0,20.0,2.0,100.0,9.090909
4517.0,20.0,20.0,2.0,100.0,7.6923075
4518.0,40.0,20.0,2.0,100.0,5.882353
4519.0,49.0,20.0,2.0,100.0,7.6923075
4520.0,0.0,20.0,2.0,100.0,100.0
4521.0,0.5,20.0,2.0,100.0,33.333332
4522.0,1.0,20.0,2.0,100.0,11.111111
4523.0,2.0,20.0,2.0,100.0,33.333332
4524.0,3.0,20.0,2.0,100.0,20.0
4525.0,5.0,20.0,2.0,100.0,33.333332
4526.0,10.0,20.0,2.0,100.0,11.111111
4527.0,20.0,20.0,2.0,100.0,9.090909
4528.0,40.0,20.0,2.0,100.0,9.090909
4529.0,49.0,20.0,2.0,100.0,4.7619047
4530.0,0.0,20.0,2.0,100.0,100.0
4531.0,0.5,20.0,2.0,100.0,100.0
4532.0,1.0,20.0,2.0,100.0,33.333332
4533.0,2.0,20.0,2.0,100.0,33.333332
4534.0,3.0,20.0,2.0,100.0,20.0
4535.0,5.0,20.0,2.0,100.0,9.090909
4536.0,10.0,20.0,2.0,100.0,4.7619047
4537.0,20.0,20.0,2.0,100.0,9.090909
4538.0,40.0,20.0,2.0,100.0,5.263158
4539.0,49.0,20.0,2.0,100.0,5.263158
4540.0,0.0,20.0,2.0,100.0,100.0
4541.0,0.5,20.0,2.0,100.0,33.333332
4542.0,1.0,20.0,2.0,100.0,100.0
4543.0,2.0,20.0,2.0,100.0,20.0
4544.0,3.0,20.0,2.0,100.0,9.090909
4545.0,5.0,20.0,2.0,100.0,7.6923075
4546.0,10.0,20.0,2.0,100.0,9.090909
4547.0,20.0,20.0,2.0,100.0,6.6666665
4548.0,40.0,20.0,2.0,100.0,6.6666665
4549.0,49.0,20.0,2.0,100.0,5.263158
4550.0,0.0,20.0,2.0,100.0,100.0
4551.0,0.5,20.0,2.0,100.0,33.333332
4552.0,1.0,20.0,2.0,100.0,33.333332
4553.0,2.0,20.0,2.0,100.0,33.333332
4554.0,3.0,20.0,2.0,100.0,33.333332
4555.0,5.0,20.0,2.0,100.0,20.0
4556.0,10.0,20.0,2.0,100.0,9.090909
4557.0,20.0,20.0,2.0,100.0,6.6666665
4558.0,40.0,20.0,2.0,100.0,5.882353
4559.0,49.0,20.0,2.0,100.0,5.263158
4560.0,0.0,20.0,2.0,100.0,100.0
4561.0,0.5,20.0,2.0,100.0,33.333332
4562.0,1.0,20.0,2.0,100.0,33.333332
4563.0,2.0,20.0,2.0,100.0,33.333332
4564.0,3.0,20.0,2.0,100.0,5.882353
4565.0,5.0,20.0,2.0,100.0,20.0
4566.0,10.0,20.0,2.0,100.0,14.285714
4567.0,20.0,20.0,2.0,100.0,6.6666665
4568.0,40.0,20.0,2.0,100.0,6.6666665
4569.0,49.0,20.0,2.0,100.0,4.7619047
4570.0,0.0,20.0,2.0,100.0,100.0
4571.0,0.5,20.0,2.0,100.0,100.0
4572.0,1.0,20.0,2.0,100.0,33.333332
4573.0,2.0,20.0,2.0,100.0,20.0
4574.0,3.0,20.0,2.0,100.0,20.0
4575.0,5.0,20.0,2.0,100.0,14.285714
4576.0,10.0,20.0,2.0,100.0,6.6666665
4577.0,20.0,20.0,2.0,100.0,11.111111
4578.0,40.0,20.0,2.0,100.0,6.6666665
4579.0,49.0,20.0,2.0,100.0,6.6666665
4580.0,0.0,20.0,2.0,100.0,100.0
4581.0,0.5,20.0,2.0,100.0,33.333332
4582.0,1.0,20.0,2.0,100.0,6.6666665
4583.0,2.0,20.0,2.0,100.0,14.285714
4584.0,3.0,20.0,2.0,100.0,6.6666665
4585.0,5.0,20.0,2.0,100.0,11.111111
4586.0,10.0,20.0,2.0,100.0,9.090909
4587.0,20.0,20.0,2.0,100.0,6.6666665
4588.0,40.0,20.0,2.0,100.0,5.882353
4589.0,49.0,20.0,2.0,100.0,5.263158
4590.0,0.0,20.0,2.0,100.0,14.285714
4591.0,0.5,20.0,2.0,100.0,100.0
4592.0,1.0,20.0,2.0,100.0,20.0
4593.0,2.0,20.0,2.0,100.0,33.333332
4594.0,3.0,20.0,2.0,100.0,20.0
4595.0,5.0,20.0,2.0,100.0,5.882353
4596.0,10.0,20.0,2.0,100.0,6.6666665
4597.0,20.0,20.0,2.0,100.0,6.6666665
4598.0,40.0,20.0,2.0,100.0,6.6666665
4599.0,49.0,20.0,2.0,100.0,4.7619047
4600.0,0.0,20.0,2.0,100.0,100.0
4601.0,0.5,20.0,2.0,100.0,100.0
4602.0,1.0,20.0,2.0,100.0,33.333332
4603.0,2.0,20.0,2.0,100.0,20.0
4604.0,3.0,20.0,2.0,100.0,33.333332
4605.0,5.0,20.0,2.0,100.0,14.285714
4606.0,10.0,20.0,2.0,100.0,9.090909
4607.0,20.0,20.0,2.0,100.0,9.090909
4608.0,40.0,20.0,2.0,100.0,7.6923075
4609.0,49.0,20.0,2.0,100.0,5.263158
4610.0,0.0,20.0,2.0,100.0,100.0
4611.0,0.5,20.0,2.0,100.0,100.0
4612.0,1.0,20.0,2.0,100.0,100.0
4613.0,2.0,20.0,2.0,100.0,33.333332
4614.0,3.0,20.0,2.0,100.0,33.333332
4615.0,5.0,20.0,2.0,100.0,14.285714
4616.0,10.0,20.0,2.0,100.0,7.6923075
4617.0,20.0,20.0,2.0,100.0,6.6666665
4618.0,40.0,20.0,2.0,100.0,5.882353
4619.0,49.0,20.0,2.0,100.0,4.7619047
4620.0,0.0,20.0,2.0,100.0,100.0
4621.0,0.5,20.0,2.0,100.0,20.0
4622.0,1.0,20.0,2.0,100.0,20.0
4623.0,2.0,20.0,2.0,100.0,33.333332
4624.0,3.0,20.0,2.0,100.0,33.333332
4625.0,5.0,20.0,2.0,100.0,7.6923075
4626.0,10.0,20.0,2.0,100.0,11.111111
4627.0,20.0,20.0,2.0,100.0,9.090909
4628.0,40.0,20.0,2.0,100.0,5.882353
4629.0,49.0,20.0,2.0,100.0,6.6666665
4630.0,0.0,20.0,2.0,100.0,33.333332
4631.0,0.5,20.0,2.0,100.0,33.333332
4632.0,1.0,20.0,2.0,100.0,33.333332
4633.0,2.0,20.0,2.0,100.0,33.333332
4634.0,3.0,20.0,2.0,100.0,33.333332
4635.0,5.0,20.0,2.0,100.0,6.6666665
4636.0,10.0,20.0,2.0,100.0,7.6923075
4637.0,20.0,20.0,2.0,100.0,7.6923075
4638.0,40.0,20.0,2.0,100.0,5.263158
4639.0,49.0,20.0,2.0,100.0,4.7619047
4640.0,0.0,20.0,2.0,100.0,100.0
4641.0,0.5,20.0,2.0,100.0,33.333332
4642.0,1.0,20.0,2.0,100.0,33.333332
4643.0,2.0,20.0,2.0,100.0,33.333332
4644.0,3.0,20.0,2.0,100.0,14.285714
4645.0,5.0,20.0,2.0,100.0,14.285714
4646.0,10.0,20.0,2.0,100.0,9.090909
4647.0,20.0,20.0,2.0,100.0,7.6923075
4648.0,40.0,20.0,2.0,100.0,5.263158
4649.0,49.0,20.0,2.0,100.0,5.882353
4650.0,0.0,20.0,2.0,100.0,100.0
4651.0,0.5,20.0,2.0,100.0,33.333332
4652.0,1.0,20.0,2.0,100.0,33.333332
4653.0,2.0,20.0,2.0,100.0,7.6923075
4654.0,3.0,20.0,2.0,100.0,11.111111
4655.0,5.0,20.0,2.0,100.0,14.285714
4656.0,10.0,20.0,2.0,100.0,6.6666665
4657.0,20.0,20.0,2.0,100.0,4.7619047
4658.0,40.0,20.0,2.0,100.0,5.882353
4659.0,49.0,20.0,2.0,100.0,5.882353
4660.0,0.0,20.0,2.0,100.0,100.0
4661.0,0.5,20.0,2.0,100.0,33.333332
4662.0,1.0,20.0,2.0,100.0,11.111111
4663.0,2.0,20.0,2.0,100.0,33.333332
4664.0,3.0,20.0,2.0,100.0,33.333332
4665.0,5.0,20.0,2.0,100.0,11.111111
4666.0,10.0,20.0,2.0,100.0,14.285714
4667.0,20.0,20.0,2.0,100.0,6.6666665
4668.0,40.0,20.0,2.0,100.0,5.882353
4669.0,49.0,20.0,2.0,100.0,6.6666665
4670.0,0.0,20.0,2.0,100.0,100.0
4671.0,0.5,20.0,2.0,100.0,33.333332
4672.0,1.0,20.0,2.0,100.0,33.333332
4673.0,2.0,20.0,2.0,100.0,33.333332
4674.0,3.0,20.0,2.0,100.0,11.111111
4675.0,5.0,20.0,2.0,100.0,11.111111
4676.0,10.0,20.0,2.0,100.0,6.6666665
4677.0,20.0,20.0,2.0,100.0,14.285714
4678.0,40.0,20.0,2.0,100.0,4.7619047
4679.0,49.0,20.0,2.0,100.0,5.263158
4680.0,0.0,20.0,2.0,100.0,100.0
4681.0,0.5,20.0,2.0,100.0,100.0
4682.0,1.0,20.0,2.0,100.0,33.333332
4683.0,2.0,20.0,2.0,100.0,20.0
4684.0,3.0,20.0,2.0,100.0,20.0
4685.0,5.0,20.0,2.0,100.0,14.285714
4686.0,10.0,20.0,2.0,100.0,9.090909
4687.0,20.0,20.0,2.0,100.0,7.6923075
4688.0,40.0,20.0,2.0,100.0,6.6666665
4689.0,49.0,20.0,2.0,100.0,5.882353
4690.0,0.0,20.0,2.0,100.0,100.0
4691.0,0.5,20.0,2.0,100.0,33.333332
4692.0,1.0,20.0,2.0,100.0,33.333332
4693.0,2.0,20.0,2.0,100.0,33.333332
4694.0,3.0,20.0,2.0,100.0,100.0
4695.0,5.0,20.0,2.0,100.0,4.7619047
4696.0,10.0,20.0,2.0,100.0,5.882353
4697.0,20.0,20.0,2.0,100.0,7.6923075
4698.0,40.0,20.0,2.0,100.0,5.263158
4699.0,49.0,20.0,2.0,100.0,4.7619047
4700.0,0.0,20.0,2.0,100.0,100.0
4701.0,0.5,20.0,2.0,100.0,33.333332
4702.0,1.0,20.0,2.0,100.0,14.285714
4703.0,2.0,20.0,2.0,100.0,33.333332
4704.0,3.0,20.0,2.0,100.0,14.285714
4705.0,5.0,20.0,2.0,100.0,33.333332
4706.0,10.0,20.0,2.0,100.0,4.7619047
4707.0,20.0,20.0,2.0,100.0,5.882353
4708.0,40.0,20.0,2.0,100.0,5.882353
4709.0,49.0,20.0,2.0,100.0,5.882353
4710.0,0.0,20.0,2.0,100.0,100.0
4711.0,0.5,20.0,2.0,100.0,100.0
4712.0,1.0,20.0,2.0,100.0,33.333332
4713.0,2.0,20.0,2.0,100.0,100.0
4714.0,3.0,20.0,2.0,100.0,20.0
4715.0,5.0,20.0,2.0,100.0,11.111111
4716.0,10.0,20.0,2.0,100.0,7.6923075
4717.0,20.0,20.0,2.0,100.0,4.7619047
4718.0,40.0,20.0,2.0,100.0,5.882353
4719.0,49.0,20.0,2.0,100.0,4.7619047
4720.0,0.0,20.0,2.0,100.0,100.0
4721.0,0.5,20.0,2.0,100.0,33.333332
4722.0,1.0,20.0,2.0,100.0,33.333332
4723.0,2.0,20.0,2.0,100.0,33.333332
4724.0,3.0,20.0,2.0,100.0,33.333332
4725.0,5.0,20.0,2.0,100.0,11.111111
4726.0,10.0,20.0,2.0,100.0,11.111111
4727.0,20.0,20.0,2.0,100.0,4.7619047
4728.0,40.0,20.0,2.0,100.0,5.263158
4729.0,49.0,20.0,2.0,100.0,4.347826
4730.0,0.0,20.0,2.0,100.0,100.0
4731.0,0.5,20.0,2.0,100.0,100.0
4732.0,1.0,20.0,2.0,100.0,33.333332
4733.0,2.0,20.0,2.0,100.0,33.333332
4734.0,3.0,20.0,2.0,100.0,14.285714
4735.0,5.0,20.0,2.0,100.0,33.333332
4736.0,10.0,20.0,2.0,100.0,7.6923075
4737.0,20.0,20.0,2.0,100.0,7.6923075
4738.0,40.0,20.0,2.0,100.0,5.882353
4739.0,49.0,20.0,2.0,100.0,5.882353
4740.0,0.0,20.0,2.0,100.0,100.0
4741.0,0.5,20.0,2.0,100.0,33.333332
4742.0,1.0,20.0,2.0,100.0,33.333332
4743.0,2.0,20.0,2.0,100.0,33.333332
4744.0,3.0,20.0,2.0,100.0,33.333332
4745.0,5.0,20.0,2.0,100.0,9.090909
4746.0,10.0,20.0,2.0,100.0,6.6666665
4747.0,20.0,20.0,2.0,100.0,7.6923075
4748.0,40.0,20.0,2.0,100.0,5.882353
4749.0,49.0,20.0,2.0,100.0,5.882353
4750.0,0.0,20.0,2.0,100.0,100.0
4751.0,0.5,20.0,2.0,100.0,33.333332
4752.0,1.0,20.0,2.0,100.0,14.285714
4753.0,2.0,20.0,2.0,100.0,33.333332
4754.0,3.0,20.0,2.0,100.0,33.333332
4755.0,5.0,20.0,2.0,100.0,5.263158
4756.0,10.0,20.0,2.0,100.0,11.111111
4757.0,20.0,20.0,2.0,100.0,5.882353
4758.0,40.0,20.0,2.0,100.0,4.7619047
4759.0,49.0,20.0,2.0,100.0,4.7619047
4760.0,0.0,20.0,2.0,100.0,100.0
4761.0,0.5,20.0,2.0,100.0,33.333332
4762.0,1.0,20.0,2.0,100.0,33.333332
4763.0,2.0,20.0,2.0,100.0,33.333332
4764.0,3.0,20.0,2.0,100.0,5.882353
4765.0,5.0,20.0,2.0,100.0,20.0
4766.0,10.0,20.0,2.0,100.0,6.6666665
4767.0,20.0,20.0,2.0,100.0,5.882353
4768.0,40.0,20.0,2.0,100.0,5.882353
4769.0,49.0,20.0,2.0,100.0,4.347826
4770.0,0.0,20.0,2.0,100.0,100.0
4771.0,0.5,20.0,2.0,100.0,100.0
4772.0,1.0,20.0,2.0,100.0,33.333332
4773.0,2.0,20.0,2.0,100.0,14.285714
4774.0,3.0,20.0,2.0,100.0,11.111111
4775.0,5.0,20.0,2.0,100.0,7.6923075
4776.0,10.0,20.0,2.0,100.0,7.6923075
4777.0,20.0,20.0,2.0,100.0,6.6666665
4778.0,40.0,20.0,2.0,100.0,5.882353
4779.0,49.0,20.0,2.0,100.0,5.263158
4780.0,0.0,20.0,2.0,100.0,100.0
4781.0,0.5,20.0,2.0,100.0,33.333332
4782.0,1.0,20.0,2.0,100.0,33.333332
4783.0,2.0,20.0,2.0,100.0,33.333332
4784.0,3.0,20.0,2.0,100.0,11.111111
4785.0,5.0,20.0,2.0,100.0,20.0
4786.0,10.0,20.0,2.0,100.0,7.6923075
4787.0,20.0,20.0,2.0,100.0,6.6666665
4788.0,40.0,20.0,2.0,100.0,5.882353
4789.0,49.0,20.0,2.0,100.0,5.882353
4790.0,0.0,20.0,2.0,100.0,100.0
4791.0,0.5,20.0,2.0,100.0,33.333332
4792.0,1.0,20.0,2.0,100.0,33.333332
4793.0,2.0,20.0,2.0,100.0,33.333332
4794.0,3.0,20.0,2.0,100.0,9.090909
4795.0,5.0,20.0,2.0,100.0,6.6666665
4796.0,10.0,20.0,2.0,100.0,6.6666665
4797.0,20.0,20.0,2.0,100.0,7.6923075
4798.0,40.0,20.0,2.0,100.0,5.882353
4799.0,49.0,20.0,2.0,100.0,5.882353
4800.0,0.0,20.0,2.0,100.0,100.0
4801.0,0.5,20.0,2.0,100.0,14.285714
4802.0,1.0,20.0,2.0,100.0,14.285714
4803.0,2.0,20.0,2.0,100.0,33.333332
4804.0,3.0,20.0,2.0,100.0,9.090909
4805.0,5.0,20.0,2.0,100.0,20.0
4806.0,10.0,20.0,2.0,100.0,7.6923075
4807.0,20.0,20.0,2.0,100.0,5.263158
4808.0,40.0,20.0,2.0,100.0,7.6923075
4809.0,49.0,20.0,2.0,100.0,5.882353
4810.0,0.0,20.0,2.0,100.0,100.0
4811.0,0.5,20.0,2.0,100.0,33.333332
4812.0,1.0,20.0,2.0,100.0,33.333332
4813.0,2.0,20.0,2.0,100.0,33.333332
4814.0,3.0,20.0,2.0,100.0,14.285714
4815.0,5.0,20.0,2.0,100.0,20.0
4816.0,10.0,20.0,2.0,100.0,9.090909
4817.0,20.0,20.0,2.0,100.0,9.090909
4818.0,40.0,20.0,2.0,100.0,5.263158
4819.0,49.0,20.0,2.0,100.0,5.882353
4820.0,0.0,20.0,2.0,100.0,100.0
4821.0,0.5,20.0,2.0,100.0,100.0
4822.0,1.0,20.0,2.0,100.0,100.0
4823.0,2.0,20.0,2.0,100.0,33.333332
4824.0,3.0,20.0,2.0,100.0,5.263158
4825.0,5.0,20.0,2.0,100.0,5.882353
4826.0,10.0,20.0,2.0,100.0,5.263158
4827.0,20.0,20.0,2.0,100.0,6.6666665
4828.0,40.0,20.0,2.0,100.0,5.263158
4829.0,49.0,20.0,2.0,100.0,5.882353
4830.0,0.0,20.0,2.0,100.0,100.0
4831.0,0.5,20.0,2.0,100.0,33.333332
4832.0,1.0,20.0,2.0,100.0,100.0
4833.0,2.0,20.0,2.0,100.0,33.333332
4834.0,3.0,20.0,2.0,100.0,5.263158
4835.0,5.0,20.0,2.0,100.0,9.090909
4836.0,10.0,20.0,2.0,100.0,11.111111
4837.0,20.0,20.0,2.0,100.0,6.6666665
4838.0,40.0,20.0,2.0,100.0,5.882353
4839.0,49.0,20.0,2.0,100.0,4.7619047
4840.0,0.0,20.0,2.0,100.0,100.0
4841.0,0.5,20.0,2.0,100.0,33.333332
4842.0,1.0,20.0,2.0,100.0,11.111111
4843.0,2.0,20.0,2.0,100.0,100.0
4844.0,3.0,20.0,2.0,100.0,5.882353
4845.0,5.0,20.0,2.0,100.0,5.263158
4846.0,10.0,20.0,2.0,100.0,6.6666665
4847.0,20.0,20.0,2.0,100.0,6.6666665
4848.0,40.0,20.0,2.0,100.0,6.6666665
4849.0,49.0,20.0,2.0,100.0,5.882353
4850.0,0.0,20.0,2.0,100.0,100.0
4851.0,0.5,20.0,2.0,100.0,33.333332
4852.0,1.0,20.0,2.0,100.0,20.0
4853.0,2.0,20.0,2.0,100.0,33.333332
4854.0,3.0,20.0,2.0,100.0,14.285714
4855.0,5.0,20.0,2.0,100.0,14.285714
4856.0,10.0,20.0,2.0,100.0,7.6923075
4857.0,20.0,20.0,2.0,100.0,5.263158
4858.0,40.0,20.0,2.0,100.0,4.7619047
4859.0,49.0,20.0,2.0,100.0,5.263158
4860.0,0.0,20.0,2.0,100.0,100.0
4861.0,0.5,20.0,2.0,100.0,100.0
4862.0,1.0,20.0,2.0,100.0,33.333332
4863.0,2.0,20.0,2.0,100.0,33.333332
4864.0,3.0,20.0,2.0,100.0,33.333332
4865.0,5.0,20.0,2.0,100.0,11.111111
4866.0,10.0,20.0,2.0,100.0,5.882353
4867.0,20.0,20.0,2.0,100.0,11.111111
4868.0,40.0,20.0,2.0,100.0,5.263158
4869.0,49.0,20.0,2.0,100.0,4.347826
4870.0,0.0,20.0,2.0,100.0,100.0
4871.0,0.5,20.0,2.0,100.0,33.333332
4872.0,1.0,20.0,2.0,100.0,33.333332
4873.0,2.0,20.0,2.0,100.0,14.285714
4874.0,3.0,20.0,2.0,100.0,14.285714
4875.0,5.0,20.0,2.0,100.0,14.285714
4876.0,10.0,20.0,2.0,100.0,11.111111
4877.0,20.0,20.0,2.0,100.0,4.347826
4878.0,40.0,20.0,2.0,100.0,9.090909
4879.0,49.0,20.0,2.0,100.0,6.6666665
4880.0,0.0,20.0,2.0,100.0,100.0
4881.0,0.5,20.0,2.0,100.0,11.111111
4882.0,1.0,20.0,2.0,100.0,33.333332
4883.0,2.0,20.0,2.0,100.0,33.333332
4884.0,3.0,20.0,2.0,100.0,33.333332
4885.0,5.0,20.0,2.0,100.0,7.6923075
4886.0,10.0,20.0,2.0,100.0,7.6923075
4887.0,20.0,20.0,2.0,100.0,9.090909
4888.0,40.0,20.0,2.0,100.0,5.882353
4889.0,49.0,20.0,2.0,100.0,5.263158
4890.0,0.0,20.0,2.0,100.0,11.111111
4891.0,0.5,20.0,2.0,100.0,33.333332
4892.0,1.0,20.0,2.0,100.0,33.333332
4893.0,2.0,20.0,2.0,100.0,33.333332
4894.0,3.0,20.0,2.0,100.0,14.285714
4895.0,5.0,20.0,2.0,100.0,7.6923075
4896.0,10.0,20.0,2.0,100.0,20.0
4897.0,20.0,20.0,2.0,100.0,7.6923075
4898.0,40.0,20.0,2.0,100.0,5.882353
4899.0,49.0,20.0,2.0,100.0,5.882353
4900.0,0.0,20.0,2.0,100.0,100.0
4901.0,0.5,20.0,2.0,100.0,33.333332
4902.0,1.0,20.0,2.0,100.0,33.333332
4903.0,2.0,20.0,2.0,100.0,14.285714
4904.0,3.0,20.0,2.0,100.0,20.0
4905.0,5.0,20.0,2.0,100.0,33.333332
4906.0,10.0,20.0,2.0,100.0,5.882353
4907.0,20.0,20.0,2.0,100.0,7.6923075
4908.0,40.0,20.0,2.0,100.0,5.263158
4909.0,49.0,20.0,2.0,100.0,5.882353
4910.0,0.0,20.0,2.0,100.0,100.0
4911.0,0.5,20.0,2.0,100.0,33.333332
4912.0,1.0,20.0,2.0,100.0,33.333332
4913.0,2.0,20.0,2.0,100.0,33.333332
4914.0,3.0,20.0,2.0,100.0,6.6666665
4915.0,5.0,20.0,2.0,100.0,5.882353
4916.0,10.0,20.0,2.0,100.0,20.0
4917.0,20.0,20.0,2.0,100.0,6.6666665
4918.0,40.0,20.0,2.0,100.0,4.7619047
4919.0,49.0,20.0,2.0,100.0,5.882353
4920.0,0.0,20.0,2.0,100.0,100.0
4921.0,0.5,20.0,2.0,100.0,11.111111
4922.0,1.0,20.0,2.0,100.0,33.333332
4923.0,2.0,20.0,2.0,100.0,33.333332
4924.0,3.0,20.0,2.0,100.0,14.285714
4925.0,5.0,20.0,2.0,100.0,20.0
4926.0,10.0,20.0,2.0,100.0,5.882353
4927.0,20.0,20.0,2.0,100.0,9.090909
4928.0,40.0,20.0,2.0,100.0,5.882353
4929.0,49.0,20.0,2.0,100.0,6.6666665
4930.0,0.0,20.0,2.0,100.0,100.0
4931.0,0.5,20.0,2.0,100.0,33.333332
4932.0,1.0,20.0,2.0,100.0,33.333332
4933.0,2.0,20.0,2.0,100.0,33.333332
4934.0,3.0,20.0,2.0,100.0,33.333332
4935.0,5.0,20.0,2.0,100.0,7.6923075
4936.0,10.0,20.0,2.0,100.0,7.6923075
4937.0,20.0,20.0,2.0,100.0,5.882353
4938.0,40.0,20.0,2.0,100.0,6.6666665
4939.0,49.0,20.0,2.0,100.0,5.263158
4940.0,0.0,20.0,2.0,100.0,100.0
4941.0,0.5,20.0,2.0,100.0,100.0
4942.0,1.0,20.0,2.0,100.0,33.333332
4943.0,2.0,20.0,2.0,100.0,33.333332
4944.0,3.0,20.0,2.0,100.0,33.333332
4945.0,5.0,20.0,2.0,100.0,14.285714
4946.0,10.0,20.0,2.0,100.0,7.6923075
4947.0,20.0,20.0,2.0,100.0,7.6923075
4948.0,40.0,20.0,2.0,100.0,5.882353
4949.0,49.0,20.0,2.0,100.0,6.6666665
4950.0,0.0,20.0,2.0,100.0,100.0
4951.0,0.5,20.0,2.0,100.0,33.333332
4952.0,1.0,20.0,2.0,100.0,6.6666665
4953.0,2.0,20.0,2.0,100.0,33.333332
4954.0,3.0,20.0,2.0,100.0,14.285714
4955.0,5.0,20.0,2.0,100.0,14.285714
4956.0,10.0,20.0,2.0,100.0,9.090909
4957.0,20.0,20.0,2.0,100.0,6.6666665
4958.0,40.0,20.0,2.0,100.0,5.263158
4959.0,49.0,20.0,2.0,100.0,7.6923075
4960.0,0.0,20.0,2.0,100.0,100.0
4961.0,0.5,20.0,2.0,100.0,14.285714
4962.0,1.0,20.0,2.0,100.0,33.333332
4963.0,2.0,20.0,2.0,100.0,33.333332
4964.0,3.0,20.0,2.0,100.0,33.333332
4965.0,5.0,20.0,2.0,100.0,20.0
4966.0,10.0,20.0,2.0,100.0,11.111111
4967.0,20.0,20.0,2.0,100.0,5.882353
4968.0,40.0,20.0,2.0,100.0,6.6666665
4969.0,49.0,20.0,2.0,100.0,5.263158
4970.0,0.0,20.0,2.0,100.0,100.0
4971.0,0.5,20.0,2.0,100.0,100.0
4972.0,1.0,20.0,2.0,100.0,33.333332
4973.0,2.0,20.0,2.0,100.0,33.333332
4974.0,3.0,20.0,2.0,100.0,33.333332
4975.0,5.0,20.0,2.0,100.0,6.6666665
4976.0,10.0,20.0,2.0,100.0,9.090909
4977.0,20.0,20.0,2.0,100.0,4.7619047
4978.0,40.0,20.0,2.0,100.0,5.882353
4979.0,49.0,20.0,2.0,100.0,5.263158
4980.0,0.0,20.0,2.0,100.0,100.0
4981.0,0.5,20.0,2.0,100.0,100.0
4982.0,1.0,20.0,2.0,100.0,100.0
4983.0,2.0,20.0,2.0,100.0,33.333332
4984.0,3.0,20.0,2.0,100.0,5.263158
4985.0,5.0,20.0,2.0,100.0,5.882353
4986.0,10.0,20.0,2.0,100.0,7.6923075
4987.0,20.0,20.0,2.0,100.0,7.6923075
4988.0,40.0,20.0,2.0,100.0,5.882353
4989.0,49.0,20.0,2.0,100.0,5.263158
4990.0,0.0,20.0,2.0,100.0,100.0
4991.0,0.5,20.0,2.0,100.0,33.333332
4992.0,1.0,20.0,2.0,100.0,33.333332
4993.0,2.0,20.0,2.0,100.0,5.882353
4994.0,3.0,20.0,2.0,100.0,33.333332
4995.0,5.0,20.0,2.0,100.0,11.111111
4996.0,10.0,20.0,2.0,100.0,7.6923075
4997.0,20.0,20.0,2.0,100.0,5.263158
4998.0,40.0,20.0,2.0,100.0,6.6666665
4999.0,49.0,20.0,2.0,100.0,5.263158
