Factor 1,Factor 2,Factor 3,Factor 4,Factor 5,Result 1
0.0,0.0,20.0,2.0,100.0,0.0
1.0,0.5,20.0,2.0,100.0,34.703506
2.0,1.0,20.0,2.0,100.0,50.895317
3.0,2.0,20.0,2.0,100.0,3.2802796
4.0,3.0,20.0,2.0,100.0,46.003624
5.0,5.0,20.0,2.0,100.0,4.0137634
6.0,10.0,20.0,2.0,100.0,8.882056
7.0,20.0,20.0,2.0,100.0,9.310795
8.0,40.0,20.0,2.0,100.0,4.854287
9.0,49.0,20.0,2.0,100.0,3.8110118
10.0,0.0,20.0,2.0,100.0,0.0
11.0,0.5,20.0,2.0,100.0,42.899105
12.0,1.0,20.0,2.0,100.0,46.003624
13.0,2.0,20.0,2.0,100.0,42.14657
14.0,3.0,20.0,2.0,100.0,29.905407
15.0,5.0,20.0,2.0,100.0,14.142136
16.0,10.0,20.0,2.0,100.0,20.07486
17.0,20.0,20.0,2.0,100.0,5.7064967
18.0,40.0,20.0,2.0,100.0,4.226144
19.0,49.0,20.0,2.0,100.0,3.5861254
20.0,0.0,20.0,2.0,100.0,0.0
21.0,0.5,20.0,2.0,100.0,0.0
22.0,1.0,20.0,2.0,100.0,0.0
23.0,2.0,20.0,2.0,100.0,40.463974
24.0,3.0,20.0,2.0,100.0,4.768154
25.0,5.0,20.0,2.0,100.0,13.996598
26.0,10.0,20.0,2.0,100.0,7.5571895
27.0,20.0,20.0,2.0,100.0,3.5510976
28.0,40.0,20.0,2.0,100.0,3.798276
29.0,49.0,20.0,2.0,100.0,4.169047
30.0,0.0,20.0,2.0,100.0,0.0
31.0,0.5,20.0,2.0,100.0,0.0
32.0,1.0,20.0,2.0,100.0,0.0
33.0,2.0,20.0,2.0,100.0,46.003624
34.0,3.0,20.0,2.0,100.0,19.553345
35.0,5.0,20.0,2.0,100.0,26.633312
36.0,10.0,20.0,2.0,100.0,8.115485
37.0,20.0,20.0,2.0,100.0,8.348108
38.0,40.0,20.0,2.0,100.0,2.725234
39.0,49.0,20.0,2.0,100.0,4.1213217
40.0,0.0,20.0,2.0,100.0,0.0
41.0,0.5,20.0,2.0,100.0,0.0
42.0,1.0,20.0,2.0,100.0,0.0
43.0,2.0,20.0,2.0,100.0,30.664854
44.0,3.0,20.0,2.0,100.0,40.673496
45.0,5.0,20.0,2.0,100.0,7.3682365
46.0,10.0,20.0,2.0,100.0,7.5571895
47.0,20.0,20.0,2.0,100.0,5.194737
48.0,40.0,20.0,2.0,100.0,2.0470653
49.0,49.0,20.0,2.0,100.0,3.2462306
50.0,0.0,20.0,2.0,100.0,0.0
51.0,0.5,20.0,2.0,100.0,44.43347
52.0,1.0,20.0,2.0,100.0,32.145504
53.0,2.0,20.0,2.0,100.0,5.8756967
54.0,3.0,20.0,2.0,100.0,37.20663
55.0,5.0,20.0,2.0,100.0,14.73092
56.0,10.0,20.0,2.0,100.0,6.1531386
57.0,20.0,20.0,2.0,100.0,5.262215
58.0,40.0,20.0,2.0,100.0,3.9036002
59.0,49.0,20.0,2.0,100.0,3.509386
60.0,0.0,20.0,2.0,100.0,0.0
61.0,0.5,20.0,2.0,100.0,35.921207
62.0,1.0,20.0,2.0,100.0,28.00595
63.0,2.0,20.0,2.0,100.0,28.00595
64.0,3.0,20.0,2.0,100.0,18.147543
65.0,5.0,20.0,2.0,100.0,9.995236
66.0,10.0,20.0,2.0,100.0,13.494855
67.0,20.0,20.0,2.0,100.0,6.503146
68.0,40.0,20.0,2.0,100.0,2.3532982
69.0,49.0,20.0,2.0,100.0,3.257345
70.0,0.0,20.0,2.0,100.0,0.0
71.0,0.5,20.0,2.0,100.0,15.616053
72.0,1.0,20.0,2.0,100.0,41.283573
73.0,2.0,20.0,2.0,100.0,19.377823
74.0,3.0,20.0,2.0,100.0,5.9775214
75.0,5.0,20.0,2.0,100.0,7.1575675
76.0,10.0,20.0,2.0,100.0,7.94425
77.0,20.0,20.0,2.0,100.0,7.40884
78.0,40.0,20.0,2.0,100.0,3.1063037
79.0,49.0,20.0,2.0,100.0,3.3803701
80.0,0.0,20.0,2.0,100.0,0.0
81.0,0.5,20.0,2.0,100.0,19.050058
82.0,1.0,20.0,2.0,100.0,0.0
83.0,2.0,20.0,2.0,100.0,35.277473
84.0,3.0,20.0,2.0,100.0,8.097167
85.0,5.0,20.0,2.0,100.0,8.117322
86.0,10.0,20.0,2.0,100.0,3.1997025
87.0,20.0,20.0,2.0,100.0,3.309438
88.0,40.0,20.0,2.0,100.0,2.825324
89.0,49.0,20.0,2.0,100.0,48.418316
90.0,0.0,20.0,2.0,100.0,0.0
91.0,0.5,20.0,2.0,100.0,0.0
92.0,1.0,20.0,2.0,100.0,17.182493
93.0,2.0,20.0,2.0,100.0,21.571587
94.0,3.0,20.0,2.0,100.0,5.935551
95.0,5.0,20.0,2.0,100.0,29.501413
96.0,10.0,20.0,2.0,100.0,9.675283
97.0,20.0,20.0,2.0,100.0,4.6239543
98.0,40.0,20.0,2.0,100.0,2.9219878
99.0,49.0,20.0,2.0,100.0,3.3946738
100.0,0.0,20.0,2.0,100.0,0.0
101.0,0.5,20.0,2.0,100.0,52.576927
102.0,1.0,20.0,2.0,100.0,39.95414
103.0,2.0,20.0,2.0,100.0,47.60602
104.0,3.0,20.0,2.0,100.0,41.198704
105.0,5.0,20.0,2.0,100.0,2.8449194
106.0,10.0,20.0,2.0,100.0,4.013763
107.0,20.0,20.0,2.0,100.0,2.9597695
108.0,40.0,20.0,2.0,100.0,2.3854718
109.0,49.0,20.0,2.0,100.0,2.621325
110.0,0.0,20.0,2.0,100.0,0.0
111.0,0.5,20.0,2.0,100.0,41.404507
112.0,1.0,20.0,2.0,100.0,29.670412
113.0,2.0,20.0,2.0,100.0,34.0196
114.0,3.0,20.0,2.0,100.0,3.9484775
115.0,5.0,20.0,2.0,100.0,5.9569535
116.0,10.0,20.0,2.0,100.0,4.577377
117.0,20.0,20.0,2.0,100.0,4.9952364
118.0,40.0,20.0,2.0,100.0,3.9135394
119.0,49.0,20.0,2.0,100.0,3.295496
120.0,0.0,20.0,2.0,100.0,0.0
121.0,0.5,20.0,2.0,100.0,14.987032
122.0,1.0,20.0,2.0,100.0,39.95414
123.0,2.0,20.0,2.0,100.0,12.74101
124.0,3.0,20.0,2.0,100.0,5.242642
125.0,5.0,20.0,2.0,100.0,12.72418
126.0,10.0,20.0,2.0,100.0,16.777962
127.0,20.0,20.0,2.0,100.0,4.2556195
128.0,40.0,20.0,2.0,100.0,5.297556
129.0,49.0,20.0,2.0,100.0,2.5351334
130.0,0.0,20.0,2.0,100.0,0.0
131.0,0.5,20.0,2.0,100.0,0.0
132.0,1.0,20.0,2.0,100.0,34.122326
133.0,2.0,20.0,2.0,100.0,36.555893
134.0,3.0,20.0,2.0,100.0,10.12378
135.0,5.0,20.0,2.0,100.0,14.987033
136.0,10.0,20.0,2.0,100.0,7.0207486
137.0,20.0,20.0,2.0,100.0,2.9479613
138.0,40.0,20.0,2.0,100.0,3.9032416
139.0,49.0,20.0,2.0,100.0,4.385806
140.0,0.0,20.0,2.0,100.0,11.294752
141.0,0.5,20.0,2.0,100.0,28.988503
142.0,1.0,20.0,2.0,100.0,49.237522
143.0,2.0,20.0,2.0,100.0,16.38597
144.0,3.0,20.0,2.0,100.0,28.112867
145.0,5.0,20.0,2.0,100.0,27.754879
146.0,10.0,20.0,2.0,100.0,2.6627948
147.0,20.0,20.0,2.0,100.0,4.670067
148.0,40.0,20.0,2.0,100.0,3.9032416
149.0,49.0,20.0,2.0,100.0,3.1201434
150.0,0.0,20.0,2.0,100.0,49.943302
151.0,0.5,20.0,2.0,100.0,17.863682
152.0,1.0,20.0,2.0,100.0,0.0
153.0,2.0,20.0,2.0,100.0,9.17121
154.0,3.0,20.0,2.0,100.0,19.731531
155.0,5.0,20.0,2.0,100.0,17.143652
156.0,10.0,20.0,2.0,100.0,6.4211187
157.0,20.0,20.0,2.0,100.0,6.2367806
158.0,40.0,20.0,2.0,100.0,3.4615688
159.0,49.0,20.0,2.0,100.0,5.4072266
160.0,0.0,20.0,2.0,100.0,0.0
161.0,0.5,20.0,2.0,100.0,23.755701
162.0,1.0,20.0,2.0,100.0,39.14503
163.0,2.0,20.0,2.0,100.0,26.315395
164.0,3.0,20.0,2.0,100.0,25.21904
165.0,5.0,20.0,2.0,100.0,11.895377
166.0,10.0,20.0,2.0,100.0,6.421119
167.0,20.0,20.0,2.0,100.0,2.2782617
168.0,40.0,20.0,2.0,100.0,3.713553
169.0,49.0,20.0,2.0,100.0,2.9920528
170.0,0.0,20.0,2.0,100.0,0.0
171.0,0.5,20.0,2.0,100.0,0.0
172.0,1.0,20.0,2.0,100.0,41.404507
173.0,2.0,20.0,2.0,100.0,14.0119
174.0,3.0,20.0,2.0,100.0,9.223021
175.0,5.0,20.0,2.0,100.0,18.903261
176.0,10.0,20.0,2.0,100.0,4.4185753
177.0,20.0,20.0,2.0,100.0,4.120978
178.0,40.0,20.0,2.0,100.0,3.0155544
179.0,49.0,20.0,2.0,100.0,5.4305534
180.0,0.0,20.0,2.0,100.0,0.0
181.0,0.5,20.0,2.0,100.0,31.533052
182.0,1.0,20.0,2.0,100.0,8.383967
183.0,2.0,20.0,2.0,100.0,7.8981614
184.0,3.0,20.0,2.0,100.0,16.792856
185.0,5.0,20.0,2.0,100.0,4.805751
186.0,10.0,20.0,2.0,100.0,28.008926
187.0,20.0,20.0,2.0,100.0,5.863528
188.0,40.0,20.0,2.0,100.0,5.1777916
189.0,49.0,20.0,2.0,100.0,3.0392687
190.0,0.0,20.0,2.0,100.0,0.0
191.0,0.5,20.0,2.0,100.0,38.552994
192.0,1.0,20.0,2.0,100.0,28.536526
193.0,2.0,20.0,2.0,100.0,7.7518325
194.0,3.0,20.0,2.0,100.0,13.747727
195.0,5.0,20.0,2.0,100.0,29.670412
196.0,10.0,20.0,2.0,100.0,6.700068
197.0,20.0,20.0,2.0,100.0,5.485913
198.0,40.0,20.0,2.0,100.0,2.036233
199.0,49.0,20.0,2.0,100.0,3.8993177
200.0,0.0,20.0,2.0,100.0,0.0
201.0,0.5,20.0,2.0,100.0,42.899105
202.0,1.0,20.0,2.0,100.0,30.270998
203.0,2.0,20.0,2.0,100.0,26.055801
204.0,3.0,20.0,2.0,100.0,8.621678
205.0,5.0,20.0,2.0,100.0,18.610033
206.0,10.0,20.0,2.0,100.0,2.166033
207.0,20.0,20.0,2.0,100.0,6.511331
208.0,40.0,20.0,2.0,100.0,3.620814
209.0,49.0,20.0,2.0,100.0,3.1796691
210.0,0.0,20.0,2.0,100.0,0.0
211.0,0.5,20.0,2.0,100.0,34.703506
212.0,1.0,20.0,2.0,100.0,46.800995
213.0,2.0,20.0,2.0,100.0,23.119257
214.0,3.0,20.0,2.0,100.0,20.73644
215.0,5.0,20.0,2.0,100.0,34.210136
216.0,10.0,20.0,2.0,100.0,11.6004925
217.0,20.0,20.0,2.0,100.0,9.126386
218.0,40.0,20.0,2.0,100.0,4.879501
219.0,49.0,20.0,2.0,100.0,2.4685154
220.0,0.0,20.0,2.0,100.0,0.0
221.0,0.5,20.0,2.0,100.0,45.88391
222.0,1.0,20.0,2.0,100.0,48.418316
223.0,2.0,20.0,2.0,100.0,10.419762
224.0,3.0,20.0,2.0,100.0,21.886068
225.0,5.0,20.0,2.0,100.0,4.9608765
226.0,10.0,20.0,2.0,100.0,13.26291
227.0,20.0,20.0,2.0,100.0,6.847694
228.0,40.0,20.0,2.0,100.0,2.488067
229.0,49.0,20.0,2.0,100.0,6.060591
230.0,0.0,20.0,2.0,100.0,0.0
231.0,0.5,20.0,2.0,100.0,0.0
232.0,1.0,20.0,2.0,100.0,14.978689
233.0,2.0,20.0,2.0,100.0,53.42596
234.0,3.0,20.0,2.0,100.0,18.261982
235.0,5.0,20.0,2.0,100.0,9.879833
236.0,10.0,20.0,2.0,100.0,6.518505
237.0,20.0,20.0,2.0,100.0,4.0293045
238.0,40.0,20.0,2.0,100.0,2.700088
239.0,49.0,20.0,2.0,100.0,3.6774733
240.0,0.0,20.0,2.0,100.0,0.0
241.0,0.5,20.0,2.0,100.0,31.214314
242.0,1.0,20.0,2.0,100.0,14.189198
243.0,2.0,20.0,2.0,100.0,16.355427
244.0,3.0,20.0,2.0,100.0,46.003624
245.0,5.0,20.0,2.0,100.0,9.980536
246.0,10.0,20.0,2.0,100.0,4.8795004
247.0,20.0,20.0,2.0,100.0,15.787276
248.0,40.0,20.0,2.0,100.0,3.03158
249.0,49.0,20.0,2.0,100.0,3.838658
250.0,0.0,20.0,2.0,100.0,0.0
251.0,0.5,20.0,2.0,100.0,0.0
252.0,1.0,20.0,2.0,100.0,31.085903
253.0,2.0,20.0,2.0,100.0,9.30005
254.0,3.0,20.0,2.0,100.0,25.774664
255.0,5.0,20.0,2.0,100.0,20.73644
256.0,10.0,20.0,2.0,100.0,6.6881065
257.0,20.0,20.0,2.0,100.0,6.811567
258.0,40.0,20.0,2.0,100.0,4.196462
259.0,49.0,20.0,2.0,100.0,3.2078772
260.0,0.0,20.0,2.0,100.0,0.0
261.0,0.5,20.0,2.0,100.0,0.0
262.0,1.0,20.0,2.0,100.0,7.6636004
263.0,2.0,20.0,2.0,100.0,18.547237
264.0,3.0,20.0,2.0,100.0,28.112867
265.0,5.0,20.0,2.0,100.0,12.392394
266.0,10.0,20.0,2.0,100.0,10.5466
267.0,20.0,20.0,2.0,100.0,6.163222
268.0,40.0,20.0,2.0,100.0,3.7229416
269.0,49.0,20.0,2.0,100.0,3.3332107
270.0,0.0,20.0,2.0,100.0,0.0
271.0,0.5,20.0,2.0,100.0,7.5718775
272.0,1.0,20.0,2.0,100.0,31.53305
273.0,2.0,20.0,2.0,100.0,10.094426
274.0,3.0,20.0,2.0,100.0,4.5563397
275.0,5.0,20.0,2.0,100.0,10.6253195
276.0,10.0,20.0,2.0,100.0,3.9032416
277.0,20.0,20.0,2.0,100.0,4.400033
278.0,40.0,20.0,2.0,100.0,4.767679
279.0,49.0,20.0,2.0,100.0,1.8948553
280.0,0.0,20.0,2.0,100.0,41.789154
281.0,0.5,20.0,2.0,100.0,33.020195
282.0,1.0,20.0,2.0,100.0,0.0
283.0,2.0,20.0,2.0,100.0,18.56071
284.0,3.0,20.0,2.0,100.0,13.360389
285.0,5.0,20.0,2.0,100.0,10.482886
286.0,10.0,20.0,2.0,100.0,4.064949
287.0,20.0,20.0,2.0,100.0,2.9309514
288.0,40.0,20.0,2.0,100.0,3.8549051
289.0,49.0,20.0,2.0,100.0,2.5476413
290.0,0.0,20.0,2.0,100.0,0.0
291.0,0.5,20.0,2.0,100.0,49.237522
292.0,1.0,20.0,2.0,100.0,8.1664505
293.0,2.0,20.0,2.0,100.0,18.580585
294.0,3.0,20.0,2.0,100.0,14.983324
295.0,5.0,20.0,2.0,100.0,19.583157
296.0,10.0,20.0,2.0,100.0,4.0237393
297.0,20.0,20.0,2.0,100.0,4.4185753
298.0,40.0,20.0,2.0,100.0,5.72796
299.0,49.0,20.0,2.0,100.0,4.151541
300.0,0.0,20.0,2.0,100.0,0.0
301.0,0.5,20.0,2.0,100.0,4.099942
302.0,1.0,20.0,2.0,100.0,0.0
303.0,2.0,20.0,2.0,100.0,21.715696
304.0,3.0,20.0,2.0,100.0,9.102808
305.0,5.0,20.0,2.0,100.0,10.511466
306.0,10.0,20.0,2.0,100.0,14.221045
307.0,20.0,20.0,2.0,100.0,6.6380796
308.0,40.0,20.0,2.0,100.0,5.8268676
309.0,49.0,20.0,2.0,100.0,3.0150418
310.0,0.0,20.0,2.0,100.0,0.0
311.0,0.5,20.0,2.0,100.0,0.0
312.0,1.0,20.0,2.0,100.0,0.0
313.0,2.0,20.0,2.0,100.0,28.0238
314.0,3.0,20.0,2.0,100.0,14.985707
315.0,5.0,20.0,2.0,100.0,16.370705
316.0,10.0,20.0,2.0,100.0,7.2588506
317.0,20.0,20.0,2.0,100.0,3.1422153
318.0,40.0,20.0,2.0,100.0,4.0530114
319.0,49.0,20.0,2.0,100.0,3.689213
320.0,0.0,20.0,2.0,100.0,0.0
321.0,0.5,20.0,2.0,100.0,47.60602
322.0,1.0,20.0,2.0,100.0,35.44479
323.0,2.0,20.0,2.0,100.0,29.160477
324.0,3.0,20.0,2.0,100.0,10.358133
325.0,5.0,20.0,2.0,100.0,7.3560257
326.0,10.0,20.0,2.0,100.0,12.405836
327.0,20.0,20.0,2.0,100.0,3.3967652
328.0,40.0,20.0,2.0,100.0,2.7688746
329.0,49.0,20.0,2.0,100.0,3.969916
330.0,0.0,20.0,2.0,100.0,0.0
331.0,0.5,20.0,2.0,100.0,5.2067547
332.0,1.0,20.0,2.0,100.0,0.0
333.0,2.0,20.0,2.0,100.0,36.555893
334.0,3.0,20.0,2.0,100.0,3.7934783
335.0,5.0,20.0,2.0,100.0,9.8101015
336.0,10.0,20.0,2.0,100.0,7.40884
337.0,20.0,20.0,2.0,100.0,4.441933
338.0,40.0,20.0,2.0,100.0,3.706116
339.0,49.0,20.0,2.0,100.0,5.6111755
340.0,0.0,20.0,2.0,100.0,0.0
341.0,0.5,20.0,2.0,100.0,0.0
342.0,1.0,20.0,2.0,100.0,29.263174
343.0,2.0,20.0,2.0,100.0,28.005953
344.0,3.0,20.0,2.0,100.0,46.801
345.0,5.0,20.0,2.0,100.0,18.56071
346.0,10.0,20.0,2.0,100.0,16.507574
347.0,20.0,20.0,2.0,100.0,4.130872
348.0,40.0,20.0,2.0,100.0,3.5861251
349.0,49.0,20.0,2.0,100.0,3.3638952
350.0,0.0,20.0,2.0,100.0,0.0
351.0,0.5,20.0,2.0,100.0,44.43347
352.0,1.0,20.0,2.0,100.0,3.4619784
353.0,2.0,20.0,2.0,100.0,23.352373
354.0,3.0,20.0,2.0,100.0,12.41415
355.0,5.0,20.0,2.0,100.0,23.437862
356.0,10.0,20.0,2.0,100.0,8.65433
357.0,20.0,20.0,2.0,100.0,9.61722
358.0,40.0,20.0,2.0,100.0,2.9479613
359.0,49.0,20.0,2.0,100.0,4.837089
360.0,0.0,20.0,2.0,100.0,0.0
361.0,0.5,20.0,2.0,100.0,48.418316
362.0,1.0,20.0,2.0,100.0,0.0
363.0,2.0,20.0,2.0,100.0,21.05614
364.0,3.0,20.0,2.0,100.0,14.150551
365.0,5.0,20.0,2.0,100.0,2.9219878
366.0,10.0,20.0,2.0,100.0,10.3484745
367.0,20.0,20.0,2.0,100.0,8.459558
368.0,40.0,20.0,2.0,100.0,2.467889
369.0,49.0,20.0,2.0,100.0,5.5248365
370.0,0.0,20.0,2.0,100.0,0.0
371.0,0.5,20.0,2.0,100.0,46.801
372.0,1.0,20.0,2.0,100.0,0.0
373.0,2.0,20.0,2.0,100.0,0.0
374.0,3.0,20.0,2.0,100.0,8.230145
375.0,5.0,20.0,2.0,100.0,2.5335689
376.0,10.0,20.0,2.0,100.0,3.8588178
377.0,20.0,20.0,2.0,100.0,6.0053396
378.0,40.0,20.0,2.0,100.0,5.7356286
379.0,49.0,20.0,2.0,100.0,3.3519092
380.0,0.0,20.0,2.0,100.0,0.0
381.0,0.5,20.0,2.0,100.0,29.263174
382.0,1.0,20.0,2.0,100.0,19.49359
383.0,2.0,20.0,2.0,100.0,38.552994
384.0,3.0,20.0,2.0,100.0,33.605556
385.0,5.0,20.0,2.0,100.0,2.0584347
386.0,10.0,20.0,2.0,100.0,9.484323
387.0,20.0,20.0,2.0,100.0,3.6968455
388.0,40.0,20.0,2.0,100.0,4.186145
389.0,49.0,20.0,2.0,100.0,3.6380346
390.0,0.0,20.0,2.0,100.0,0.0
391.0,0.5,20.0,2.0,100.0,4.5945935
392.0,1.0,20.0,2.0,100.0,26.501572
393.0,2.0,20.0,2.0,100.0,42.14657
394.0,3.0,20.0,2.0,100.0,32.50128
395.0,5.0,20.0,2.0,100.0,28.219378
396.0,10.0,20.0,2.0,100.0,16.510939
397.0,20.0,20.0,2.0,100.0,7.1141486
398.0,40.0,20.0,2.0,100.0,2.1561823
399.0,49.0,20.0,2.0,100.0,3.0392685
400.0,0.0,20.0,2.0,100.0,0.0
401.0,0.5,20.0,2.0,100.0,38.552994
402.0,1.0,20.0,2.0,100.0,11.547005
403.0,2.0,20.0,2.0,100.0,9.012812
404.0,3.0,20.0,2.0,100.0,29.569128
405.0,5.0,20.0,2.0,100.0,25.423086
406.0,10.0,20.0,2.0,100.0,14.766994
407.0,20.0,20.0,2.0,100.0,6.0407705
408.0,40.0,20.0,2.0,100.0,4.1173267
409.0,49.0,20.0,2.0,100.0,3.0480285
410.0,0.0,20.0,2.0,100.0,0.0
411.0,0.5,20.0,2.0,100.0,0.0
412.0,1.0,20.0,2.0,100.0,0.0
413.0,2.0,20.0,2.0,100.0,12.66228
414.0,3.0,20.0,2.0,100.0,18.770544
415.0,5.0,20.0,2.0,100.0,9.8101015
416.0,10.0,20.0,2.0,100.0,7.2501106
417.0,20.0,20.0,2.0,100.0,3.3760087
418.0,40.0,20.0,2.0,100.0,4.313965
419.0,49.0,20.0,2.0,100.0,6.3207903
420.0,0.0,20.0,2.0,100.0,0.0
421.0,0.5,20.0,2.0,100.0,0.0
422.0,1.0,20.0,2.0,100.0,38.21431
423.0,2.0,20.0,2.0,100.0,33.56089
424.0,3.0,20.0,2.0,100.0,0.0
425.0,5.0,20.0,2.0,100.0,10.515295
426.0,10.0,20.0,2.0,100.0,10.435081
427.0,20.0,20.0,2.0,100.0,5.006406
428.0,40.0,20.0,2.0,100.0,3.8110118
429.0,49.0,20.0,2.0,100.0,2.445906
430.0,0.0,20.0,2.0,100.0,0.0
431.0,0.5,20.0,2.0,100.0,0.0
432.0,1.0,20.0,2.0,100.0,35.921207
433.0,2.0,20.0,2.0,100.0,39.95414
434.0,3.0,20.0,2.0,100.0,28.00595
435.0,5.0,20.0,2.0,100.0,25.006666
436.0,10.0,20.0,2.0,100.0,5.990902
437.0,20.0,20.0,2.0,100.0,8.219739
438.0,40.0,20.0,2.0,100.0,3.1770375
439.0,49.0,20.0,2.0,100.0,4.8198304
440.0,0.0,20.0,2.0,100.0,0.0
441.0,0.5,20.0,2.0,100.0,29.263174
442.0,1.0,20.0,2.0,100.0,49.237522
443.0,2.0,20.0,2.0,100.0,13.5769415
444.0,3.0,20.0,2.0,100.0,31.895664
445.0,5.0,20.0,2.0,100.0,17.20465
446.0,10.0,20.0,2.0,100.0,4.1665683
447.0,20.0,20.0,2.0,100.0,5.543534
448.0,40.0,20.0,2.0,100.0,4.6853366
449.0,49.0,20.0,2.0,100.0,4.3279057
450.0,0.0,20.0,2.0,100.0,0.0
451.0,0.5,20.0,2.0,100.0,17.961378
452.0,1.0,20.0,2.0,100.0,49.237522
453.0,2.0,20.0,2.0,100.0,30.088758
454.0,3.0,20.0,2.0,100.0,12.763414
455.0,5.0,20.0,2.0,100.0,10.483547
456.0,10.0,20.0,2.0,100.0,5.0560956
457.0,20.0,20.0,2.0,100.0,6.949166
458.0,40.0,20.0,2.0,100.0,3.6642735
459.0,49.0,20.0,2.0,100.0,1.8668941
460.0,0.0,20.0,2.0,100.0,0.0
461.0,0.5,20.0,2.0,100.0,31.214314
462.0,1.0,20.0,2.0,100.0,28.041634
463.0,2.0,20.0,2.0,100.0,30.664854
464.0,3.0,20.0,2.0,100.0,33.54599
465.0,5.0,20.0,2.0,100.0,16.102512
466.0,10.0,20.0,2.0,100.0,7.3274083
467.0,20.0,20.0,2.0,100.0,7.4405046
468.0,40.0,20.0,2.0,100.0,3.3897607
469.0,49.0,20.0,2.0,100.0,3.7894979
470.0,0.0,20.0,2.0,100.0,10.540925
471.0,0.5,20.0,2.0,100.0,23.62908
472.0,1.0,20.0,2.0,100.0,20.396078
473.0,2.0,20.0,2.0,100.0,7.739343
474.0,3.0,20.0,2.0,100.0,19.313208
475.0,5.0,20.0,2.0,100.0,14.57738
476.0,10.0,20.0,2.0,100.0,8.491826
477.0,20.0,20.0,2.0,100.0,5.9481897
478.0,40.0,20.0,2.0,100.0,1.9102677
479.0,49.0,20.0,2.0,100.0,2.467889
480.0,0.0,20.0,2.0,100.0,0.0
481.0,0.5,20.0,2.0,100.0,0.0
482.0,1.0,20.0,2.0,100.0,0.0
483.0,2.0,20.0,2.0,100.0,28.746014
484.0,3.0,20.0,2.0,100.0,13.464432
485.0,5.0,20.0,2.0,100.0,15.976172
486.0,10.0,20.0,2.0,100.0,7.077493
487.0,20.0,20.0,2.0,100.0,4.181542
488.0,40.0,20.0,2.0,100.0,4.5773773
489.0,49.0,20.0,2.0,100.0,4.608481
490.0,0.0,20.0,2.0,100.0,0.0
491.0,0.5,20.0,2.0,100.0,0.0
492.0,1.0,20.0,2.0,100.0,46.800995
493.0,2.0,20.0,2.0,100.0,42.72392
494.0,3.0,20.0,2.0,100.0,29.569128
495.0,5.0,20.0,2.0,100.0,13.0
496.0,10.0,20.0,2.0,100.0,10.950104
497.0,20.0,20.0,2.0,100.0,8.154196
498.0,40.0,20.0,2.0,100.0,4.879501
499.0,49.0,20.0,2.0,100.0,3.854905
500.0,0.0,20.0,2.0,100.0,0.0
501.0,0.5,20.0,2.0,100.0,16.224613
502.0,1.0,20.0,2.0,100.0,50.895317
503.0,2.0,20.0,2.0,100.0,29.02298
504.0,3.0,20.0,2.0,100.0,25.04995
505.0,5.0,20.0,2.0,100.0,29.501413
506.0,10.0,20.0,2.0,100.0,5.2501526
507.0,20.0,20.0,2.0,100.0,4.973459
508.0,40.0,20.0,2.0,100.0,3.4733417
509.0,49.0,20.0,2.0,100.0,2.2071123
510.0,0.0,20.0,2.0,100.0,5.4372883
511.0,0.5,20.0,2.0,100.0,46.801
512.0,1.0,20.0,2.0,100.0,6.2100005
513.0,2.0,20.0,2.0,100.0,28.988503
514.0,3.0,20.0,2.0,100.0,42.899105
515.0,5.0,20.0,2.0,100.0,22.233608
516.0,10.0,20.0,2.0,100.0,4.539856
517.0,20.0,20.0,2.0,100.0,4.2370253
518.0,40.0,20.0,2.0,100.0,5.246314
519.0,49.0,20.0,2.0,100.0,2.6249716
520.0,0.0,20.0,2.0,100.0,0.0
521.0,0.5,20.0,2.0,100.0,0.0
522.0,1.0,20.0,2.0,100.0,32.71595
523.0,2.0,20.0,2.0,100.0,28.988503
524.0,3.0,20.0,2.0,100.0,27.428696
525.0,5.0,20.0,2.0,100.0,11.484661
526.0,10.0,20.0,2.0,100.0,8.092646
527.0,20.0,20.0,2.0,100.0,3.1131496
528.0,40.0,20.0,2.0,100.0,11.157549
529.0,49.0,20.0,2.0,100.0,6.101702
530.0,0.0,20.0,2.0,100.0,0.0
531.0,0.5,20.0,2.0,100.0,45.214306
532.0,1.0,20.0,2.0,100.0,37.607624
533.0,2.0,20.0,2.0,100.0,14.618171
534.0,3.0,20.0,2.0,100.0,27.428696
535.0,5.0,20.0,2.0,100.0,12.065298
536.0,10.0,20.0,2.0,100.0,5.7646136
537.0,20.0,20.0,2.0,100.0,3.958114
538.0,40.0,20.0,2.0,100.0,2.9984124
539.0,49.0,20.0,2.0,100.0,4.121322
540.0,0.0,20.0,2.0,100.0,0.0
541.0,0.5,20.0,2.0,100.0,11.036735
542.0,1.0,20.0,2.0,100.0,27.610384
543.0,2.0,20.0,2.0,100.0,5.936168
544.0,3.0,20.0,2.0,100.0,4.2142897
545.0,5.0,20.0,2.0,100.0,9.245826
546.0,10.0,20.0,2.0,100.0,8.154196
547.0,20.0,20.0,2.0,100.0,3.5409057
548.0,40.0,20.0,2.0,100.0,3.1770377
549.0,49.0,20.0,2.0,100.0,3.9135394
550.0,0.0,20.0,2.0,100.0,0.0
551.0,0.5,20.0,2.0,100.0,45.214306
552.0,1.0,20.0,2.0,100.0,35.303444
553.0,2.0,20.0,2.0,100.0,18.770544
554.0,3.0,20.0,2.0,100.0,31.770006
555.0,5.0,20.0,2.0,100.0,11.016402
556.0,10.0,20.0,2.0,100.0,7.1316977
557.0,20.0,20.0,2.0,100.0,3.8993177
558.0,40.0,20.0,2.0,100.0,4.181542
559.0,49.0,20.0,2.0,100.0,2.036233
560.0,0.0,20.0,2.0,100.0,0.0
561.0,0.5,20.0,2.0,100.0,0.0
562.0,1.0,20.0,2.0,100.0,28.360771
563.0,2.0,20.0,2.0,100.0,36.66515
564.0,3.0,20.0,2.0,100.0,24.47934
565.0,5.0,20.0,2.0,100.0,16.623278
566.0,10.0,20.0,2.0,100.0,8.788521
567.0,20.0,20.0,2.0,100.0,5.528481
568.0,40.0,20.0,2.0,100.0,2.913842
569.0,49.0,20.0,2.0,100.0,4.186145
570.0,0.0,20.0,2.0,100.0,0.0
571.0,0.5,20.0,2.0,100.0,0.0
572.0,1.0,20.0,2.0,100.0,24.214321
573.0,2.0,20.0,2.0,100.0,8.215286
574.0,3.0,20.0,2.0,100.0,18.147543
575.0,5.0,20.0,2.0,100.0,6.854583
576.0,10.0,20.0,2.0,100.0,12.755035
577.0,20.0,20.0,2.0,100.0,4.905517
578.0,40.0,20.0,2.0,100.0,4.785126
579.0,49.0,20.0,2.0,100.0,3.3332107
580.0,0.0,20.0,2.0,100.0,0.0
581.0,0.5,20.0,2.0,100.0,31.085901
582.0,1.0,20.0,2.0,100.0,31.085901
583.0,2.0,20.0,2.0,100.0,42.899105
584.0,3.0,20.0,2.0,100.0,29.68726
585.0,5.0,20.0,2.0,100.0,18.138357
586.0,10.0,20.0,2.0,100.0,10.787081
587.0,20.0,20.0,2.0,100.0,3.5876658
588.0,40.0,20.0,2.0,100.0,4.400033
589.0,49.0,20.0,2.0,100.0,4.0908794
590.0,0.0,20.0,2.0,100.0,13.337575
591.0,0.5,20.0,2.0,100.0,48.418316
592.0,1.0,20.0,2.0,100.0,41.404507
593.0,2.0,20.0,2.0,100.0,12.701706
594.0,3.0,20.0,2.0,100.0,4.512238
595.0,5.0,20.0,2.0,100.0,12.092895
596.0,10.0,20.0,2.0,100.0,2.6249716
597.0,20.0,20.0,2.0,100.0,6.8729978
598.0,40.0,20.0,2.0,100.0,2.5785894
599.0,49.0,20.0,2.0,100.0,3.6968455
600.0,0.0,20.0,2.0,100.0,0.0
601.0,0.5,20.0,2.0,100.0,0.0
602.0,1.0,20.0,2.0,100.0,25.540817
603.0,2.0,20.0,2.0,100.0,41.404507
604.0,3.0,20.0,2.0,100.0,13.412858
605.0,5.0,20.0,2.0,100.0,13.341664
606.0,10.0,20.0,2.0,100.0,2.385472
607.0,20.0,20.0,2.0,100.0,5.2023168
608.0,40.0,20.0,2.0,100.0,4.3039293
609.0,49.0,20.0,2.0,100.0,4.526068
610.0,0.0,20.0,2.0,100.0,0.0
611.0,0.5,20.0,2.0,100.0,10.643821
612.0,1.0,20.0,2.0,100.0,29.687258
613.0,2.0,20.0,2.0,100.0,14.432286
614.0,3.0,20.0,2.0,100.0,46.801
615.0,5.0,20.0,2.0,100.0,12.526163
616.0,10.0,20.0,2.0,100.0,9.413347
617.0,20.0,20.0,2.0,100.0,6.5864215
618.0,40.0,20.0,2.0,100.0,5.974187
619.0,49.0,20.0,2.0,100.0,3.7563672
620.0,0.0,20.0,2.0,100.0,0.0
621.0,0.5,20.0,2.0,100.0,0.0
622.0,1.0,20.0,2.0,100.0,17.829884
623.0,2.0,20.0,2.0,100.0,9.93433
624.0,3.0,20.0,2.0,100.0,24.758837
625.0,5.0,20.0,2.0,100.0,9.181008
626.0,10.0,20.0,2.0,100.0,7.9681187
627.0,20.0,20.0,2.0,100.0,2.642434
628.0,40.0,20.0,2.0,100.0,2.6390202
629.0,49.0,20.0,2.0,100.0,3.783621
630.0,0.0,20.0,2.0,100.0,0.0
631.0,0.5,20.0,2.0,100.0,39.247078
632.0,1.0,20.0,2.0,100.0,23.692474
633.0,2.0,20.0,2.0,100.0,41.404507
634.0,3.0,20.0,2.0,100.0,37.20663
635.0,5.0,20.0,2.0,100.0,9.532109
636.0,10.0,20.0,2.0,100.0,4.2031736
637.0,20.0,20.0,2.0,100.0,4.8795004
638.0,40.0,20.0,2.0,100.0,3.8871963
639.0,49.0,20.0,2.0,100.0,4.55634
640.0,0.0,20.0,2.0,100.0,0.0
641.0,0.5,20.0,2.0,100.0,39.247078
642.0,1.0,20.0,2.0,100.0,14.304234
643.0,2.0,20.0,2.0,100.0,33.857544
644.0,3.0,20.0,2.0,100.0,33.020195
645.0,5.0,20.0,2.0,100.0,14.764823
646.0,10.0,20.0,2.0,100.0,2.4475448
647.0,20.0,20.0,2.0,100.0,5.170181
648.0,40.0,20.0,2.0,100.0,3.0155544
649.0,49.0,20.0,2.0,100.0,4.6888475
650.0,0.0,20.0,2.0,100.0,22.155384
651.0,0.5,20.0,2.0,100.0,0.0
652.0,1.0,20.0,2.0,100.0,29.160475
653.0,2.0,20.0,2.0,100.0,16.462078
654.0,3.0,20.0,2.0,100.0,27.392214
655.0,5.0,20.0,2.0,100.0,7.341043
656.0,10.0,20.0,2.0,100.0,5.367451
657.0,20.0,20.0,2.0,100.0,6.074326
658.0,40.0,20.0,2.0,100.0,3.4130812
659.0,49.0,20.0,2.0,100.0,3.1201432
660.0,0.0,20.0,2.0,100.0,0.0
661.0,0.5,20.0,2.0,100.0,0.0
662.0,1.0,20.0,2.0,100.0,22.17141
663.0,2.0,20.0,2.0,100.0,6.388233
664.0,3.0,20.0,2.0,100.0,12.927147
665.0,5.0,20.0,2.0,100.0,18.867962
666.0,10.0,20.0,2.0,100.0,5.467855
667.0,20.0,20.0,2.0,100.0,6.8622813
668.0,40.0,20.0,2.0,100.0,3.2543015
669.0,49.0,20.0,2.0,100.0,3.6031175
670.0,0.0,20.0,2.0,100.0,0.0
671.0,0.5,20.0,2.0,100.0,37.20663
672.0,1.0,20.0,2.0,100.0,8.994301
673.0,2.0,20.0,2.0,100.0,34.703506
674.0,3.0,20.0,2.0,100.0,25.96793
675.0,5.0,20.0,2.0,100.0,3.9192212
676.0,10.0,20.0,2.0,100.0,15.684387
677.0,20.0,20.0,2.0,100.0,7.016464
678.0,40.0,20.0,2.0,100.0,3.772969
679.0,49.0,20.0,2.0,100.0,4.2706084
680.0,0.0,20.0,2.0,100.0,0.0
681.0,0.5,20.0,2.0,100.0,48.418316
682.0,1.0,20.0,2.0,100.0,47.60602
683.0,2.0,20.0,2.0,100.0,22.461077
684.0,3.0,20.0,2.0,100.0,18.234583
685.0,5.0,20.0,2.0,100.0,3.388996
686.0,10.0,20.0,2.0,100.0,8.115486
687.0,20.0,20.0,2.0,100.0,3.4156501
688.0,40.0,20.0,2.0,100.0,6.5750113
689.0,49.0,20.0,2.0,100.0,3.0798204
690.0,0.0,20.0,2.0,100.0,0.0
691.0,0.5,20.0,2.0,100.0,8.397844
692.0,1.0,20.0,2.0,100.0,14.187702
693.0,2.0,20.0,2.0,100.0,29.670412
694.0,3.0,20.0,2.0,100.0,15.534906
695.0,5.0,20.0,2.0,100.0,1.8484228
696.0,10.0,20.0,2.0,100.0,3.7352889
697.0,20.0,20.0,2.0,100.0,4.7459264
698.0,40.0,20.0,2.0,100.0,2.3431764
699.0,49.0,20.0,2.0,100.0,3.2954962
700.0,0.0,20.0,2.0,100.0,0.0
701.0,0.5,20.0,2.0,100.0,0.0
702.0,1.0,20.0,2.0,100.0,47.60602
703.0,2.0,20.0,2.0,100.0,11.150486
704.0,3.0,20.0,2.0,100.0,39.247078
705.0,5.0,20.0,2.0,100.0,11.406626
706.0,10.0,20.0,2.0,100.0,12.934098
707.0,20.0,20.0,2.0,100.0,2.8397362
708.0,40.0,20.0,2.0,100.0,4.995236
709.0,49.0,20.0,2.0,100.0,2.7359266
710.0,0.0,20.0,2.0,100.0,23.544285
711.0,0.5,20.0,2.0,100.0,0.0
712.0,1.0,20.0,2.0,100.0,46.003624
713.0,2.0,20.0,2.0,100.0,11.640447
714.0,3.0,20.0,2.0,100.0,28.00595
715.0,5.0,20.0,2.0,100.0,19.68502
716.0,10.0,20.0,2.0,100.0,7.364155
717.0,20.0,20.0,2.0,100.0,4.434712
718.0,40.0,20.0,2.0,100.0,5.3189197
719.0,49.0,20.0,2.0,100.0,2.725234
720.0,0.0,20.0,2.0,100.0,0.0
721.0,0.5,20.0,2.0,100.0,40.673496
722.0,1.0,20.0,2.0,100.0,31.374088
723.0,2.0,20.0,2.0,100.0,10.993685
724.0,3.0,20.0,2.0,100.0,12.342339
725.0,5.0,20.0,2.0,100.0,2.6815062
726.0,10.0,20.0,2.0,100.0,11.101266
727.0,20.0,20.0,2.0,100.0,8.893308
728.0,40.0,20.0,2.0,100.0,3.199265
729.0,49.0,20.0,2.0,100.0,4.093927
730.0,0.0,20.0,2.0,100.0,5.73239
731.0,0.5,20.0,2.0,100.0,46.801
732.0,1.0,20.0,2.0,100.0,53.42596
733.0,2.0,20.0,2.0,100.0,52.576927
734.0,3.0,20.0,2.0,100.0,18.009256
735.0,5.0,20.0,2.0,100.0,24.214321
736.0,10.0,20.0,2.0,100.0,8.360079
737.0,20.0,20.0,2.0,100.0,4.5809703
738.0,40.0,20.0,2.0,100.0,3.976119
739.0,49.0,20.0,2.0,100.0,2.6627948
740.0,0.0,20.0,2.0,100.0,0.0
741.0,0.5,20.0,2.0,100.0,0.0
742.0,1.0,20.0,2.0,100.0,27.682726
743.0,2.0,20.0,2.0,100.0,18.580585
744.0,3.0,20.0,2.0,100.0,17.073372
745.0,5.0,20.0,2.0,100.0,7.8543563
746.0,10.0,20.0,2.0,100.0,2.1887157
747.0,20.0,20.0,2.0,100.0,4.6794696
748.0,40.0,20.0,2.0,100.0,4.580971
749.0,49.0,20.0,2.0,100.0,4.5773773
750.0,0.0,20.0,2.0,100.0,0.0
751.0,0.5,20.0,2.0,100.0,0.0
752.0,1.0,20.0,2.0,100.0,13.503086
753.0,2.0,20.0,2.0,100.0,21.45538
754.0,3.0,20.0,2.0,100.0,12.492562
755.0,5.0,20.0,2.0,100.0,15.052289
756.0,10.0,20.0,2.0,100.0,2.940939
757.0,20.0,20.0,2.0,100.0,3.2971725
758.0,40.0,20.0,2.0,100.0,2.4000487
759.0,49.0,20.0,2.0,100.0,5.340769
760.0,0.0,20.0,2.0,100.0,0.0
761.0,0.5,20.0,2.0,100.0,30.730007
762.0,1.0,20.0,2.0,100.0,35.27511
763.0,2.0,20.0,2.0,100.0,34.385075
764.0,3.0,20.0,2.0,100.0,39.247078
765.0,5.0,20.0,2.0,100.0,14.439529
766.0,10.0,20.0,2.0,100.0,8.58434
767.0,20.0,20.0,2.0,100.0,3.8549051
768.0,40.0,20.0,2.0,100.0,3.6774733
769.0,49.0,20.0,2.0,100.0,3.8223417
770.0,0.0,20.0,2.0,100.0,0.0
771.0,0.5,20.0,2.0,100.0,22.854614
772.0,1.0,20.0,2.0,100.0,27.006172
773.0,2.0,20.0,2.0,100.0,11.016401
774.0,3.0,20.0,2.0,100.0,28.00595
775.0,5.0,20.0,2.0,100.0,23.437862
776.0,10.0,20.0,2.0,100.0,5.483074
777.0,20.0,20.0,2.0,100.0,4.5617456
778.0,40.0,20.0,2.0,100.0,4.1364594
779.0,49.0,20.0,2.0,100.0,3.0155544
780.0,0.0,20.0,2.0,100.0,7.161767
781.0,0.5,20.0,2.0,100.0,45.214302
782.0,1.0,20.0,2.0,100.0,0.0
783.0,2.0,20.0,2.0,100.0,26.727016
784.0,3.0,20.0,2.0,100.0,8.215286
785.0,5.0,20.0,2.0,100.0,14.57738
786.0,10.0,20.0,2.0,100.0,5.313953
787.0,20.0,20.0,2.0,100.0,3.3889961
788.0,40.0,20.0,2.0,100.0,2.825324
789.0,49.0,20.0,2.0,100.0,4.3284283
790.0,0.0,20.0,2.0,100.0,0.0
791.0,0.5,20.0,2.0,100.0,0.0
792.0,1.0,20.0,2.0,100.0,28.112867
793.0,2.0,20.0,2.0,100.0,26.0832
794.0,3.0,20.0,2.0,100.0,20.627651
795.0,5.0,20.0,2.0,100.0,12.392394
796.0,10.0,20.0,2.0,100.0,5.4598103
797.0,20.0,20.0,2.0,100.0,4.7908645
798.0,40.0,20.0,2.0,100.0,4.885831
799.0,49.0,20.0,2.0,100.0,4.075573
800.0,0.0,20.0,2.0,100.0,0.0
801.0,0.5,20.0,2.0,100.0,46.003624
802.0,1.0,20.0,2.0,100.0,37.872593
803.0,2.0,20.0,2.0,100.0,0.0
804.0,3.0,20.0,2.0,100.0,3.866831
805.0,5.0,20.0,2.0,100.0,14.244465
806.0,10.0,20.0,2.0,100.0,6.5468397
807.0,20.0,20.0,2.0,100.0,3.559026
808.0,40.0,20.0,2.0,100.0,3.887196
809.0,49.0,20.0,2.0,100.0,3.7802746
810.0,0.0,20.0,2.0,100.0,0.0
811.0,0.5,20.0,2.0,100.0,0.0
812.0,1.0,20.0,2.0,100.0,0.0
813.0,2.0,20.0,2.0,100.0,32.516663
814.0,3.0,20.0,2.0,100.0,12.503333
815.0,5.0,20.0,2.0,100.0,18.610033
816.0,10.0,20.0,2.0,100.0,4.3698096
817.0,20.0,20.0,2.0,100.0,6.5180745
818.0,40.0,20.0,2.0,100.0,3.5510979
819.0,49.0,20.0,2.0,100.0,5.6477814
820.0,0.0,20.0,2.0,100.0,0.0
821.0,0.5,20.0,2.0,100.0,0.0
822.0,1.0,20.0,2.0,100.0,29.569128
823.0,2.0,20.0,2.0,100.0,0.0
824.0,3.0,20.0,2.0,100.0,37.581024
825.0,5.0,20.0,2.0,100.0,9.52527
826.0,10.0,20.0,2.0,100.0,3.1595025
827.0,20.0,20.0,2.0,100.0,9.9930525
828.0,40.0,20.0,2.0,100.0,3.2632995
829.0,49.0,20.0,2.0,100.0,4.3139653
830.0,0.0,20.0,2.0,100.0,0.0
831.0,0.5,20.0,2.0,100.0,0.0
832.0,1.0,20.0,2.0,100.0,44.43347
833.0,2.0,20.0,2.0,100.0,21.548395
834.0,3.0,20.0,2.0,100.0,37.89899
835.0,5.0,20.0,2.0,100.0,15.508062
836.0,10.0,20.0,2.0,100.0,7.2078004
837.0,20.0,20.0,2.0,100.0,5.4728775
838.0,40.0,20.0,2.0,100.0,4.047339
839.0,49.0,20.0,2.0,100.0,3.7563672
840.0,0.0,20.0,2.0,100.0,0.0
841.0,0.5,20.0,2.0,100.0,42.899105
842.0,1.0,20.0,2.0,100.0,0.0
843.0,2.0,20.0,2.0,100.0,4.932883
844.0,3.0,20.0,2.0,100.0,11.937336
845.0,5.0,20.0,2.0,100.0,11.274356
846.0,10.0,20.0,2.0,100.0,6.6129246
847.0,20.0,20.0,2.0,100.0,3.4438777
848.0,40.0,20.0,2.0,100.0,4.0999417
849.0,49.0,20.0,2.0,100.0,5.170181
850.0,0.0,20.0,2.0,100.0,0.0
851.0,0.5,20.0,2.0,100.0,18.929693
852.0,1.0,20.0,2.0,100.0,18.903261
853.0,2.0,20.0,2.0,100.0,29.569128
854.0,3.0,20.0,2.0,100.0,12.737272
855.0,5.0,20.0,2.0,100.0,31.342197
856.0,10.0,20.0,2.0,100.0,7.215546
857.0,20.0,20.0,2.0,100.0,5.2326813
858.0,40.0,20.0,2.0,100.0,2.8702083
859.0,49.0,20.0,2.0,100.0,2.479162
860.0,0.0,20.0,2.0,100.0,0.0
861.0,0.5,20.0,2.0,100.0,29.905407
862.0,1.0,20.0,2.0,100.0,0.0
863.0,2.0,20.0,2.0,100.0,17.61628
864.0,3.0,20.0,2.0,100.0,24.110855
865.0,5.0,20.0,2.0,100.0,41.404507
866.0,10.0,20.0,2.0,100.0,3.7836215
867.0,20.0,20.0,2.0,100.0,2.68985
868.0,40.0,20.0,2.0,100.0,2.7000883
869.0,49.0,20.0,2.0,100.0,3.1091263
870.0,0.0,20.0,2.0,100.0,9.565088
871.0,0.5,20.0,2.0,100.0,41.404507
872.0,1.0,20.0,2.0,100.0,39.247078
873.0,2.0,20.0,2.0,100.0,0.0
874.0,3.0,20.0,2.0,100.0,38.88873
875.0,5.0,20.0,2.0,100.0,11.016401
876.0,10.0,20.0,2.0,100.0,4.080334
877.0,20.0,20.0,2.0,100.0,6.762453
878.0,40.0,20.0,2.0,100.0,2.3431766
879.0,49.0,20.0,2.0,100.0,3.8419046
880.0,0.0,20.0,2.0,100.0,0.0
881.0,0.5,20.0,2.0,100.0,0.0
882.0,1.0,20.0,2.0,100.0,32.005207
883.0,2.0,20.0,2.0,100.0,32.929214
884.0,3.0,20.0,2.0,100.0,24.027763
885.0,5.0,20.0,2.0,100.0,10.9366865
886.0,10.0,20.0,2.0,100.0,2.6815062
887.0,20.0,20.0,2.0,100.0,6.7446947
888.0,40.0,20.0,2.0,100.0,4.3369946
889.0,49.0,20.0,2.0,100.0,4.181542
890.0,0.0,20.0,2.0,100.0,0.0
891.0,0.5,20.0,2.0,100.0,20.445047
892.0,1.0,20.0,2.0,100.0,42.14657
893.0,2.0,20.0,2.0,100.0,8.938947
894.0,3.0,20.0,2.0,100.0,23.086792
895.0,5.0,20.0,2.0,100.0,17.0
896.0,10.0,20.0,2.0,100.0,3.841905
897.0,20.0,20.0,2.0,100.0,3.0389626
898.0,40.0,20.0,2.0,100.0,2.6898503
899.0,49.0,20.0,2.0,100.0,2.6665134
900.0,0.0,20.0,2.0,100.0,0.0
901.0,0.5,20.0,2.0,100.0,52.576927
902.0,1.0,20.0,2.0,100.0,39.576927
903.0,2.0,20.0,2.0,100.0,8.755951
904.0,3.0,20.0,2.0,100.0,28.988503
905.0,5.0,20.0,2.0,100.0,12.564279
906.0,10.0,20.0,2.0,100.0,12.409674
907.0,20.0,20.0,2.0,100.0,4.639376
908.0,40.0,20.0,2.0,100.0,4.2261443
909.0,49.0,20.0,2.0,100.0,4.7459254
910.0,0.0,20.0,2.0,100.0,0.0
911.0,0.5,20.0,2.0,100.0,31.533052
912.0,1.0,20.0,2.0,100.0,0.0
913.0,2.0,20.0,2.0,100.0,5.8594656
914.0,3.0,20.0,2.0,100.0,13.5769415
915.0,5.0,20.0,2.0,100.0,5.380742
916.0,10.0,20.0,2.0,100.0,10.546947
917.0,20.0,20.0,2.0,100.0,4.060209
918.0,40.0,20.0,2.0,100.0,5.9635644
919.0,49.0,20.0,2.0,100.0,4.134639
920.0,0.0,20.0,2.0,100.0,0.0
921.0,0.5,20.0,2.0,100.0,35.92121
922.0,1.0,20.0,2.0,100.0,0.0
923.0,2.0,20.0,2.0,100.0,0.0
924.0,3.0,20.0,2.0,100.0,11.785476
925.0,5.0,20.0,2.0,100.0,8.348108
926.0,10.0,20.0,2.0,100.0,5.2501526
927.0,20.0,20.0,2.0,100.0,4.922476
928.0,40.0,20.0,2.0,100.0,2.9816904
929.0,49.0,20.0,2.0,100.0,3.3144073
930.0,0.0,20.0,2.0,100.0,0.0
931.0,0.5,20.0,2.0,100.0,0.0
932.0,1.0,20.0,2.0,100.0,0.0
933.0,2.0,20.0,2.0,100.0,36.555893
934.0,3.0,20.0,2.0,100.0,10.005553
935.0,5.0,20.0,2.0,100.0,3.8223412
936.0,10.0,20.0,2.0,100.0,9.892478
937.0,20.0,20.0,2.0,100.0,7.0257463
938.0,40.0,20.0,2.0,100.0,3.7396917
939.0,49.0,20.0,2.0,100.0,3.42932
940.0,0.0,20.0,2.0,100.0,0.0
941.0,0.5,20.0,2.0,100.0,0.0
942.0,1.0,20.0,2.0,100.0,0.0
943.0,2.0,20.0,2.0,100.0,21.794495
944.0,3.0,20.0,2.0,100.0,10.214369
945.0,5.0,20.0,2.0,100.0,28.746014
946.0,10.0,20.0,2.0,100.0,2.643951
947.0,20.0,20.0,2.0,100.0,8.630813
948.0,40.0,20.0,2.0,100.0,4.134639
949.0,49.0,20.0,2.0,100.0,2.9766245
950.0,0.0,20.0,2.0,100.0,0.0
951.0,0.5,20.0,2.0,100.0,0.0
952.0,1.0,20.0,2.0,100.0,37.20663
953.0,2.0,20.0,2.0,100.0,18.013884
954.0,3.0,20.0,2.0,100.0,15.66844
955.0,5.0,20.0,2.0,100.0,23.653753
956.0,10.0,20.0,2.0,100.0,5.940615
957.0,20.0,20.0,2.0,100.0,3.6722329
958.0,40.0,20.0,2.0,100.0,3.3144069
959.0,49.0,20.0,2.0,100.0,4.136459
960.0,0.0,20.0,2.0,100.0,0.0
961.0,0.5,20.0,2.0,100.0,0.0
962.0,1.0,20.0,2.0,100.0,28.536526
963.0,2.0,20.0,2.0,100.0,5.5075707
964.0,3.0,20.0,2.0,100.0,20.868637
965.0,5.0,20.0,2.0,100.0,7.1342444
966.0,10.0,20.0,2.0,100.0,6.2137184
967.0,20.0,20.0,2.0,100.0,5.872896
968.0,40.0,20.0,2.0,100.0,4.3861256
969.0,49.0,20.0,2.0,100.0,3.9581141
970.0,0.0,20.0,2.0,100.0,0.0
971.0,0.5,20.0,2.0,100.0,43.661575
972.0,1.0,20.0,2.0,100.0,11.889538
973.0,2.0,20.0,2.0,100.0,30.270998
974.0,3.0,20.0,2.0,100.0,36.85557
975.0,5.0,20.0,2.0,100.0,17.867237
976.0,10.0,20.0,2.0,100.0,8.864053
977.0,20.0,20.0,2.0,100.0,5.740417
978.0,40.0,20.0,2.0,100.0,4.608481
979.0,49.0,20.0,2.0,100.0,4.2702804
980.0,0.0,20.0,2.0,100.0,0.0
981.0,0.5,20.0,2.0,100.0,48.418316
982.0,1.0,20.0,2.0,100.0,32.50128
983.0,2.0,20.0,2.0,100.0,44.43347
984.0,3.0,20.0,2.0,100.0,35.232563
985.0,5.0,20.0,2.0,100.0,17.790447
986.0,10.0,20.0,2.0,100.0,10.258562
987.0,20.0,20.0,2.0,100.0,5.406549
988.0,40.0,20.0,2.0,100.0,2.7550821
989.0,49.0,20.0,2.0,100.0,2.755082
990.0,0.0,20.0,2.0,100.0,0.0
991.0,0.5,20.0,2.0,100.0,32.005207
992.0,1.0,20.0,2.0,100.0,19.29594
993.0,2.0,20.0,2.0,100.0,42.72392
994.0,3.0,20.0,2.0,100.0,6.2237687
995.0,5.0,20.0,2.0,100.0,4.9521523
996.0,10.0,20.0,2.0,100.0,8.683169
997.0,20.0,20.0,2.0,100.0,2.8478577
998.0,40.0,20.0,2.0,100.0,7.2959423
999.0,49.0,20.0,2.0,100.0,3.5388994
1000.0,0.0,20.0,2.0,100.0,0.0
1001.0,0.5,20.0,2.0,100.0,0.0
1002.0,1.0,20.0,2.0,100.0,25.298222
1003.0,2.0,20.0,2.0,100.0,36.555893
1004.0,3.0,20.0,2.0,100.0,42.899105
1005.0,5.0,20.0,2.0,100.0,14.267846
1006.0,10.0,20.0,2.0,100.0,9.186809
1007.0,20.0,20.0,2.0,100.0,5.340769
1008.0,40.0,20.0,2.0,100.0,5.8268676
1009.0,49.0,20.0,2.0,100.0,4.7154317
1010.0,0.0,20.0,2.0,100.0,0.0
1011.0,0.5,20.0,2.0,100.0,0.0
1012.0,1.0,20.0,2.0,100.0,32.005207
1013.0,2.0,20.0,2.0,100.0,7.119755
1014.0,3.0,20.0,2.0,100.0,8.859509
1015.0,5.0,20.0,2.0,100.0,24.04163
1016.0,10.0,20.0,2.0,100.0,13.3176985
1017.0,20.0,20.0,2.0,100.0,2.7129865
1018.0,40.0,20.0,2.0,100.0,4.044786
1019.0,49.0,20.0,2.0,100.0,3.5686543
1020.0,0.0,20.0,2.0,100.0,0.0
1021.0,0.5,20.0,2.0,100.0,0.0
1022.0,1.0,20.0,2.0,100.0,26.764404
1023.0,2.0,20.0,2.0,100.0,33.56089
1024.0,3.0,20.0,2.0,100.0,17.592611
1025.0,5.0,20.0,2.0,100.0,3.2802796
1026.0,10.0,20.0,2.0,100.0,9.03169
1027.0,20.0,20.0,2.0,100.0,7.6720996
1028.0,40.0,20.0,2.0,100.0,3.7352889
1029.0,49.0,20.0,2.0,100.0,3.509386
1030.0,0.0,20.0,2.0,100.0,0.0
1031.0,0.5,20.0,2.0,100.0,0.0
1032.0,1.0,20.0,2.0,100.0,13.5769415
1033.0,2.0,20.0,2.0,100.0,15.842979
1034.0,3.0,20.0,2.0,100.0,7.8800535
1035.0,5.0,20.0,2.0,100.0,25.406693
1036.0,10.0,20.0,2.0,100.0,5.7029653
1037.0,20.0,20.0,2.0,100.0,4.871888
1038.0,40.0,20.0,2.0,100.0,3.885259
1039.0,49.0,20.0,2.0,100.0,4.0803337
1040.0,0.0,20.0,2.0,100.0,0.0
1041.0,0.5,20.0,2.0,100.0,0.0
1042.0,1.0,20.0,2.0,100.0,0.0
1043.0,2.0,20.0,2.0,100.0,33.020195
1044.0,3.0,20.0,2.0,100.0,20.700241
1045.0,5.0,20.0,2.0,100.0,13.019217
1046.0,10.0,20.0,2.0,100.0,9.36008
1047.0,20.0,20.0,2.0,100.0,3.6338243
1048.0,40.0,20.0,2.0,100.0,6.2411847
1049.0,49.0,20.0,2.0,100.0,3.276476
1050.0,0.0,20.0,2.0,100.0,0.0
1051.0,0.5,20.0,2.0,100.0,0.0
1052.0,1.0,20.0,2.0,100.0,32.715946
1053.0,2.0,20.0,2.0,100.0,16.327015
1054.0,3.0,20.0,2.0,100.0,10.858396
1055.0,5.0,20.0,2.0,100.0,16.255402
1056.0,10.0,20.0,2.0,100.0,9.597453
1057.0,20.0,20.0,2.0,100.0,9.761706
1058.0,40.0,20.0,2.0,100.0,3.5790396
1059.0,49.0,20.0,2.0,100.0,4.966555
1060.0,0.0,20.0,2.0,100.0,0.0
1061.0,0.5,20.0,2.0,100.0,0.0
1062.0,1.0,20.0,2.0,100.0,0.0
1063.0,2.0,20.0,2.0,100.0,0.0
1064.0,3.0,20.0,2.0,100.0,4.353433
1065.0,5.0,20.0,2.0,100.0,9.086882
1066.0,10.0,20.0,2.0,100.0,4.608481
1067.0,20.0,20.0,2.0,100.0,5.1501274
1068.0,40.0,20.0,2.0,100.0,2.2321417
1069.0,49.0,20.0,2.0,100.0,3.9192212
1070.0,0.0,20.0,2.0,100.0,0.0
1071.0,0.5,20.0,2.0,100.0,43.661575
1072.0,1.0,20.0,2.0,100.0,30.369942
1073.0,2.0,20.0,2.0,100.0,4.725816
1074.0,3.0,20.0,2.0,100.0,3.9239564
1075.0,5.0,20.0,2.0,100.0,20.310097
1076.0,10.0,20.0,2.0,100.0,19.502136
1077.0,20.0,20.0,2.0,100.0,5.3376875
1078.0,40.0,20.0,2.0,100.0,1.9681255
1079.0,49.0,20.0,2.0,100.0,2.0953462
1080.0,0.0,20.0,2.0,100.0,0.0
1081.0,0.5,20.0,2.0,100.0,6.057302
1082.0,1.0,20.0,2.0,100.0,50.063293
1083.0,2.0,20.0,2.0,100.0,0.0
1084.0,3.0,20.0,2.0,100.0,41.64533
1085.0,5.0,20.0,2.0,100.0,14.543039
1086.0,10.0,20.0,2.0,100.0,6.355898
1087.0,20.0,20.0,2.0,100.0,2.7911425
1088.0,40.0,20.0,2.0,100.0,4.082483
1089.0,49.0,20.0,2.0,100.0,4.9985294
1090.0,0.0,20.0,2.0,100.0,0.0
1091.0,0.5,20.0,2.0,100.0,37.872593
1092.0,1.0,20.0,2.0,100.0,41.01626
1093.0,2.0,20.0,2.0,100.0,12.257166
1094.0,3.0,20.0,2.0,100.0,50.895317
1095.0,5.0,20.0,2.0,100.0,3.887196
1096.0,10.0,20.0,2.0,100.0,6.60991
1097.0,20.0,20.0,2.0,100.0,5.889899
1098.0,40.0,20.0,2.0,100.0,3.1547394
1099.0,49.0,20.0,2.0,100.0,4.935615
1100.0,0.0,20.0,2.0,100.0,0.0
1101.0,0.5,20.0,2.0,100.0,0.0
1102.0,1.0,20.0,2.0,100.0,22.527761
1103.0,2.0,20.0,2.0,100.0,33.26159
1104.0,3.0,20.0,2.0,100.0,16.255402
1105.0,5.0,20.0,2.0,100.0,8.630812
1106.0,10.0,20.0,2.0,100.0,6.2202015
1107.0,20.0,20.0,2.0,100.0,8.653954
1108.0,40.0,20.0,2.0,100.0,4.8714237
1109.0,49.0,20.0,2.0,100.0,4.047339
1110.0,0.0,20.0,2.0,100.0,0.0
1111.0,0.5,20.0,2.0,100.0,43.661575
1112.0,1.0,20.0,2.0,100.0,43.890015
1113.0,2.0,20.0,2.0,100.0,16.041613
1114.0,3.0,20.0,2.0,100.0,40.673496
1115.0,5.0,20.0,2.0,100.0,3.6642735
1116.0,10.0,20.0,2.0,100.0,3.9509861
1117.0,20.0,20.0,2.0,100.0,5.2326813
1118.0,40.0,20.0,2.0,100.0,3.3889961
1119.0,49.0,20.0,2.0,100.0,4.794298
1120.0,0.0,20.0,2.0,100.0,0.0
1121.0,0.5,20.0,2.0,100.0,0.0
1122.0,1.0,20.0,2.0,100.0,26.71142
1123.0,2.0,20.0,2.0,100.0,0.0
1124.0,3.0,20.0,2.0,100.0,29.09181
1125.0,5.0,20.0,2.0,100.0,16.98739
1126.0,10.0,20.0,2.0,100.0,10.873734
1127.0,20.0,20.0,2.0,100.0,4.3284287
1128.0,40.0,20.0,2.0,100.0,3.4572215
1129.0,49.0,20.0,2.0,100.0,2.6732464
1130.0,0.0,20.0,2.0,100.0,0.0
1131.0,0.5,20.0,2.0,100.0,36.555893
1132.0,1.0,20.0,2.0,100.0,0.0
1133.0,2.0,20.0,2.0,100.0,19.131126
1134.0,3.0,20.0,2.0,100.0,9.928315
1135.0,5.0,20.0,2.0,100.0,12.791056
1136.0,10.0,20.0,2.0,100.0,10.011897
1137.0,20.0,20.0,2.0,100.0,5.170181
1138.0,40.0,20.0,2.0,100.0,3.7729688
1139.0,49.0,20.0,2.0,100.0,3.1201434
1140.0,0.0,20.0,2.0,100.0,0.0
1141.0,0.5,20.0,2.0,100.0,0.0
1142.0,1.0,20.0,2.0,100.0,53.42596
1143.0,2.0,20.0,2.0,100.0,10.848544
1144.0,3.0,20.0,2.0,100.0,18.903261
1145.0,5.0,20.0,2.0,100.0,15.247951
1146.0,10.0,20.0,2.0,100.0,4.336995
1147.0,20.0,20.0,2.0,100.0,3.1599514
1148.0,40.0,20.0,2.0,100.0,4.2370253
1149.0,49.0,20.0,2.0,100.0,13.013882
1150.0,0.0,20.0,2.0,100.0,0.0
1151.0,0.5,20.0,2.0,100.0,0.0
1152.0,1.0,20.0,2.0,100.0,43.98106
1153.0,2.0,20.0,2.0,100.0,37.20663
1154.0,3.0,20.0,2.0,100.0,5.4467115
1155.0,5.0,20.0,2.0,100.0,7.507404
1156.0,10.0,20.0,2.0,100.0,5.8221507
1157.0,20.0,20.0,2.0,100.0,4.8885
1158.0,40.0,20.0,2.0,100.0,5.1053014
1159.0,49.0,20.0,2.0,100.0,3.515721
1160.0,0.0,20.0,2.0,100.0,23.790754
1161.0,0.5,20.0,2.0,100.0,42.899105
1162.0,1.0,20.0,2.0,100.0,42.14657
1163.0,2.0,20.0,2.0,100.0,16.431677
1164.0,3.0,20.0,2.0,100.0,50.063293
1165.0,5.0,20.0,2.0,100.0,43.36281
1166.0,10.0,20.0,2.0,100.0,5.7542253
1167.0,20.0,20.0,2.0,100.0,6.0737886
1168.0,40.0,20.0,2.0,100.0,2.7000883
1169.0,49.0,20.0,2.0,100.0,5.42042
1170.0,0.0,20.0,2.0,100.0,0.0
1171.0,0.5,20.0,2.0,100.0,0.0
1172.0,1.0,20.0,2.0,100.0,0.0
1173.0,2.0,20.0,2.0,100.0,36.373066
1174.0,3.0,20.0,2.0,100.0,19.857828
1175.0,5.0,20.0,2.0,100.0,11.055803
1176.0,10.0,20.0,2.0,100.0,5.3750267
1177.0,20.0,20.0,2.0,100.0,6.7595053
1178.0,40.0,20.0,2.0,100.0,3.2187412
1179.0,49.0,20.0,2.0,100.0,3.9981616
1180.0,0.0,20.0,2.0,100.0,0.0
1181.0,0.5,20.0,2.0,100.0,33.78609
1182.0,1.0,20.0,2.0,100.0,25.845695
1183.0,2.0,20.0,2.0,100.0,18.083141
1184.0,3.0,20.0,2.0,100.0,9.303984
1185.0,5.0,20.0,2.0,100.0,20.161844
1186.0,10.0,20.0,2.0,100.0,3.6490808
1187.0,20.0,20.0,2.0,100.0,5.6918745
1188.0,40.0,20.0,2.0,100.0,3.8110118
1189.0,49.0,20.0,2.0,100.0,4.0293045
1190.0,0.0,20.0,2.0,100.0,0.0
1191.0,0.5,20.0,2.0,100.0,0.0
1192.0,1.0,20.0,2.0,100.0,31.895664
1193.0,2.0,20.0,2.0,100.0,2.4270303
1194.0,3.0,20.0,2.0,100.0,38.73414
1195.0,5.0,20.0,2.0,100.0,22.989128
1196.0,10.0,20.0,2.0,100.0,3.7922225
1197.0,20.0,20.0,2.0,100.0,4.732593
1198.0,40.0,20.0,2.0,100.0,2.2076044
1199.0,49.0,20.0,2.0,100.0,4.6888475
1200.0,0.0,20.0,2.0,100.0,15.168748
1201.0,0.5,20.0,2.0,100.0,30.664854
1202.0,1.0,20.0,2.0,100.0,45.214302
1203.0,2.0,20.0,2.0,100.0,9.104803
1204.0,3.0,20.0,2.0,100.0,9.073771
1205.0,5.0,20.0,2.0,100.0,12.477616
1206.0,10.0,20.0,2.0,100.0,4.4598737
1207.0,20.0,20.0,2.0,100.0,3.525181
1208.0,40.0,20.0,2.0,100.0,3.9418285
1209.0,49.0,20.0,2.0,100.0,4.313965
1210.0,0.0,20.0,2.0,100.0,0.0
1211.0,0.5,20.0,2.0,100.0,0.0
1212.0,1.0,20.0,2.0,100.0,43.661575
1213.0,2.0,20.0,2.0,100.0,18.841444
1214.0,3.0,20.0,2.0,100.0,15.304839
1215.0,5.0,20.0,2.0,100.0,22.327114
1216.0,10.0,20.0,2.0,100.0,4.2706084
1217.0,20.0,20.0,2.0,100.0,6.835991
1218.0,40.0,20.0,2.0,100.0,3.0883675
1219.0,49.0,20.0,2.0,100.0,3.515721
1220.0,0.0,20.0,2.0,100.0,0.0
1221.0,0.5,20.0,2.0,100.0,28.00595
1222.0,1.0,20.0,2.0,100.0,30.270998
1223.0,2.0,20.0,2.0,100.0,27.006172
1224.0,3.0,20.0,2.0,100.0,13.61216
1225.0,5.0,20.0,2.0,100.0,9.353658
1226.0,10.0,20.0,2.0,100.0,7.3390126
1227.0,20.0,20.0,2.0,100.0,4.0731406
1228.0,40.0,20.0,2.0,100.0,2.7550817
1229.0,49.0,20.0,2.0,100.0,2.7657049
1230.0,0.0,20.0,2.0,100.0,0.0
1231.0,0.5,20.0,2.0,100.0,39.95414
1232.0,1.0,20.0,2.0,100.0,10.6813345
1233.0,2.0,20.0,2.0,100.0,40.07909
1234.0,3.0,20.0,2.0,100.0,45.214306
1235.0,5.0,20.0,2.0,100.0,19.731531
1236.0,10.0,20.0,2.0,100.0,7.9127183
1237.0,20.0,20.0,2.0,100.0,3.0798206
1238.0,40.0,20.0,2.0,100.0,3.5334537
1239.0,49.0,20.0,2.0,100.0,3.3307009
1240.0,0.0,20.0,2.0,100.0,0.0
1241.0,0.5,20.0,2.0,100.0,41.404507
1242.0,1.0,20.0,2.0,100.0,30.215889
1243.0,2.0,20.0,2.0,100.0,51.69462
1244.0,3.0,20.0,2.0,100.0,33.020195
1245.0,5.0,20.0,2.0,100.0,5.5891056
1246.0,10.0,20.0,2.0,100.0,4.2848916
1247.0,20.0,20.0,2.0,100.0,6.421471
1248.0,40.0,20.0,2.0,100.0,2.9219878
1249.0,49.0,20.0,2.0,100.0,3.6592999
1250.0,0.0,20.0,2.0,100.0,48.211338
1251.0,0.5,20.0,2.0,100.0,42.14657
1252.0,1.0,20.0,2.0,100.0,50.895317
1253.0,2.0,20.0,2.0,100.0,11.895377
1254.0,3.0,20.0,2.0,100.0,38.734135
1255.0,5.0,20.0,2.0,100.0,31.754265
1256.0,10.0,20.0,2.0,100.0,13.99504
1257.0,20.0,20.0,2.0,100.0,4.240573
1258.0,40.0,20.0,2.0,100.0,2.7359266
1259.0,49.0,20.0,2.0,100.0,3.509386
1260.0,0.0,20.0,2.0,100.0,0.0
1261.0,0.5,20.0,2.0,100.0,0.0
1262.0,1.0,20.0,2.0,100.0,30.664854
1263.0,2.0,20.0,2.0,100.0,14.538263
1264.0,3.0,20.0,2.0,100.0,19.506409
1265.0,5.0,20.0,2.0,100.0,8.130874
1266.0,10.0,20.0,2.0,100.0,5.8649325
1267.0,20.0,20.0,2.0,100.0,4.0293045
1268.0,40.0,20.0,2.0,100.0,3.4799848
1269.0,49.0,20.0,2.0,100.0,3.159952
1270.0,0.0,20.0,2.0,100.0,0.0
1271.0,0.5,20.0,2.0,100.0,0.0
1272.0,1.0,20.0,2.0,100.0,46.003624
1273.0,2.0,20.0,2.0,100.0,35.34591
1274.0,3.0,20.0,2.0,100.0,30.270998
1275.0,5.0,20.0,2.0,100.0,5.907405
1276.0,10.0,20.0,2.0,100.0,4.980917
1277.0,20.0,20.0,2.0,100.0,4.5617456
1278.0,40.0,20.0,2.0,100.0,6.0605917
1279.0,49.0,20.0,2.0,100.0,2.527939
1280.0,0.0,20.0,2.0,100.0,0.0
1281.0,0.5,20.0,2.0,100.0,42.14657
1282.0,1.0,20.0,2.0,100.0,50.895317
1283.0,2.0,20.0,2.0,100.0,31.770006
1284.0,3.0,20.0,2.0,100.0,5.9361687
1285.0,5.0,20.0,2.0,100.0,11.930353
1286.0,10.0,20.0,2.0,100.0,8.388153
1287.0,20.0,20.0,2.0,100.0,6.7377625
1288.0,40.0,20.0,2.0,100.0,4.075573
1289.0,49.0,20.0,2.0,100.0,4.0999417
1290.0,0.0,20.0,2.0,100.0,0.0
1291.0,0.5,20.0,2.0,100.0,10.995337
1292.0,1.0,20.0,2.0,100.0,7.1927247
1293.0,2.0,20.0,2.0,100.0,22.501852
1294.0,3.0,20.0,2.0,100.0,10.123779
1295.0,5.0,20.0,2.0,100.0,29.687258
1296.0,10.0,20.0,2.0,100.0,6.685126
1297.0,20.0,20.0,2.0,100.0,4.775932
1298.0,40.0,20.0,2.0,100.0,3.3519092
1299.0,49.0,20.0,2.0,100.0,3.8871963
1300.0,0.0,20.0,2.0,100.0,0.0
1301.0,0.5,20.0,2.0,100.0,0.0
1302.0,1.0,20.0,2.0,100.0,29.569128
1303.0,2.0,20.0,2.0,100.0,27.838821
1304.0,3.0,20.0,2.0,100.0,17.009802
1305.0,5.0,20.0,2.0,100.0,5.1362395
1306.0,10.0,20.0,2.0,100.0,21.258053
1307.0,20.0,20.0,2.0,100.0,3.3332107
1308.0,40.0,20.0,2.0,100.0,2.9138422
1309.0,49.0,20.0,2.0,100.0,3.9400268
1310.0,0.0,20.0,2.0,100.0,0.0
1311.0,0.5,20.0,2.0,100.0,0.0
1312.0,1.0,20.0,2.0,100.0,46.003624
1313.0,2.0,20.0,2.0,100.0,23.80126
1314.0,3.0,20.0,2.0,100.0,0.0
1315.0,5.0,20.0,2.0,100.0,11.241046
1316.0,10.0,20.0,2.0,100.0,4.0903263
1317.0,20.0,20.0,2.0,100.0,5.8268676
1318.0,40.0,20.0,2.0,100.0,5.006406
1319.0,49.0,20.0,2.0,100.0,4.0293045
1320.0,0.0,20.0,2.0,100.0,0.0
1321.0,0.5,20.0,2.0,100.0,0.0
1322.0,1.0,20.0,2.0,100.0,0.0
1323.0,2.0,20.0,2.0,100.0,24.906492
1324.0,3.0,20.0,2.0,100.0,39.247078
1325.0,5.0,20.0,2.0,100.0,24.124676
1326.0,10.0,20.0,2.0,100.0,8.388153
1327.0,20.0,20.0,2.0,100.0,5.039587
1328.0,40.0,20.0,2.0,100.0,3.2573452
1329.0,49.0,20.0,2.0,100.0,2.445906
1330.0,0.0,20.0,2.0,100.0,0.0
1331.0,0.5,20.0,2.0,100.0,39.95414
1332.0,1.0,20.0,2.0,100.0,29.263174
1333.0,2.0,20.0,2.0,100.0,48.418316
1334.0,3.0,20.0,2.0,100.0,28.360771
1335.0,5.0,20.0,2.0,100.0,16.68832
1336.0,10.0,20.0,2.0,100.0,9.295022
1337.0,20.0,20.0,2.0,100.0,3.4619784
1338.0,40.0,20.0,2.0,100.0,4.3204937
1339.0,49.0,20.0,2.0,100.0,4.0824833
1340.0,0.0,20.0,2.0,100.0,0.0
1341.0,0.5,20.0,2.0,100.0,37.872593
1342.0,1.0,20.0,2.0,100.0,0.0
1343.0,2.0,20.0,2.0,100.0,21.007935
1344.0,3.0,20.0,2.0,100.0,36.555893
1345.0,5.0,20.0,2.0,100.0,6.9900146
1346.0,10.0,20.0,2.0,100.0,5.2599115
1347.0,20.0,20.0,2.0,100.0,6.6129246
1348.0,40.0,20.0,2.0,100.0,3.515721
1349.0,49.0,20.0,2.0,100.0,3.2802796
1350.0,0.0,20.0,2.0,100.0,0.0
1351.0,0.5,20.0,2.0,100.0,14.996362
1352.0,1.0,20.0,2.0,100.0,0.0
1353.0,2.0,20.0,2.0,100.0,17.009802
1354.0,3.0,20.0,2.0,100.0,46.003624
1355.0,5.0,20.0,2.0,100.0,11.686378
1356.0,10.0,20.0,2.0,100.0,5.3445396
1357.0,20.0,20.0,2.0,100.0,4.0999417
1358.0,40.0,20.0,2.0,100.0,4.507304
1359.0,49.0,20.0,2.0,100.0,3.5565605
1360.0,0.0,20.0,2.0,100.0,0.0
1361.0,0.5,20.0,2.0,100.0,0.0
1362.0,1.0,20.0,2.0,100.0,45.709225
1363.0,2.0,20.0,2.0,100.0,43.661575
1364.0,3.0,20.0,2.0,100.0,36.3639
1365.0,5.0,20.0,2.0,100.0,10.980502
1366.0,10.0,20.0,2.0,100.0,3.7279265
1367.0,20.0,20.0,2.0,100.0,4.2370253
1368.0,40.0,20.0,2.0,100.0,3.7352884
1369.0,49.0,20.0,2.0,100.0,3.9400268
1370.0,0.0,20.0,2.0,100.0,0.0
1371.0,0.5,20.0,2.0,100.0,0.0
1372.0,1.0,20.0,2.0,100.0,35.921207
1373.0,2.0,20.0,2.0,100.0,5.802299
1374.0,3.0,20.0,2.0,100.0,48.23208
1375.0,5.0,20.0,2.0,100.0,7.10801
1376.0,10.0,20.0,2.0,100.0,8.926977
1377.0,20.0,20.0,2.0,100.0,3.6187344
1378.0,40.0,20.0,2.0,100.0,3.8668306
1379.0,49.0,20.0,2.0,100.0,4.353433
1380.0,0.0,20.0,2.0,100.0,0.0
1381.0,0.5,20.0,2.0,100.0,52.576927
1382.0,1.0,20.0,2.0,100.0,29.580399
1383.0,2.0,20.0,2.0,100.0,33.946037
1384.0,3.0,20.0,2.0,100.0,31.085903
1385.0,5.0,20.0,2.0,100.0,12.046207
1386.0,10.0,20.0,2.0,100.0,6.8330746
1387.0,20.0,20.0,2.0,100.0,5.1826916
1388.0,40.0,20.0,2.0,100.0,3.4619784
1389.0,49.0,20.0,2.0,100.0,3.2573447
1390.0,0.0,20.0,2.0,100.0,0.0
1391.0,0.5,20.0,2.0,100.0,0.0
1392.0,1.0,20.0,2.0,100.0,0.0
1393.0,2.0,20.0,2.0,100.0,8.173709
1394.0,3.0,20.0,2.0,100.0,40.45162
1395.0,5.0,20.0,2.0,100.0,9.130231
1396.0,10.0,20.0,2.0,100.0,6.8622813
1397.0,20.0,20.0,2.0,100.0,4.044786
1398.0,40.0,20.0,2.0,100.0,3.3332107
1399.0,49.0,20.0,2.0,100.0,4.2370253
1400.0,0.0,20.0,2.0,100.0,0.0
1401.0,0.5,20.0,2.0,100.0,9.380048
1402.0,1.0,20.0,2.0,100.0,43.661575
1403.0,2.0,20.0,2.0,100.0,36.3639
1404.0,3.0,20.0,2.0,100.0,15.93302
1405.0,5.0,20.0,2.0,100.0,36.555893
1406.0,10.0,20.0,2.0,100.0,6.650622
1407.0,20.0,20.0,2.0,100.0,6.625514
1408.0,40.0,20.0,2.0,100.0,3.0643885
1409.0,49.0,20.0,2.0,100.0,4.2536535
1410.0,0.0,20.0,2.0,100.0,0.0
1411.0,0.5,20.0,2.0,100.0,33.56089
1412.0,1.0,20.0,2.0,100.0,23.544285
1413.0,2.0,20.0,2.0,100.0,34.53018
1414.0,3.0,20.0,2.0,100.0,33.020195
1415.0,5.0,20.0,2.0,100.0,11.3095
1416.0,10.0,20.0,2.0,100.0,7.3390136
1417.0,20.0,20.0,2.0,100.0,3.983886
1418.0,40.0,20.0,2.0,100.0,3.1770375
1419.0,49.0,20.0,2.0,100.0,3.3332107
1420.0,0.0,20.0,2.0,100.0,0.0
1421.0,0.5,20.0,2.0,100.0,0.0
1422.0,1.0,20.0,2.0,100.0,28.360771
1423.0,2.0,20.0,2.0,100.0,39.95414
1424.0,3.0,20.0,2.0,100.0,12.079104
1425.0,5.0,20.0,2.0,100.0,8.950481
1426.0,10.0,20.0,2.0,100.0,7.912718
1427.0,20.0,20.0,2.0,100.0,6.725383
1428.0,40.0,20.0,2.0,100.0,4.2848916
1429.0,49.0,20.0,2.0,100.0,5.2501526
1430.0,0.0,20.0,2.0,100.0,0.0
1431.0,0.5,20.0,2.0,100.0,0.0
1432.0,1.0,20.0,2.0,100.0,3.6380343
1433.0,2.0,20.0,2.0,100.0,40.857475
1434.0,3.0,20.0,2.0,100.0,36.555893
1435.0,5.0,20.0,2.0,100.0,3.5157208
1436.0,10.0,20.0,2.0,100.0,2.1021352
1437.0,20.0,20.0,2.0,100.0,3.2462306
1438.0,40.0,20.0,2.0,100.0,3.8483143
1439.0,49.0,20.0,2.0,100.0,3.5686543
1440.0,0.0,20.0,2.0,100.0,0.0
1441.0,0.5,20.0,2.0,100.0,40.673496
1442.0,1.0,20.0,2.0,100.0,23.388031
1443.0,2.0,20.0,2.0,100.0,12.444321
1444.0,3.0,20.0,2.0,100.0,10.271319
1445.0,5.0,20.0,2.0,100.0,44.060566
1446.0,10.0,20.0,2.0,100.0,5.879124
1447.0,20.0,20.0,2.0,100.0,5.5585465
1448.0,40.0,20.0,2.0,100.0,4.8461623
1449.0,49.0,20.0,2.0,100.0,4.305579
1450.0,0.0,20.0,2.0,100.0,29.103264
1451.0,0.5,20.0,2.0,100.0,0.0
1452.0,1.0,20.0,2.0,100.0,0.0
1453.0,2.0,20.0,2.0,100.0,6.071269
1454.0,3.0,20.0,2.0,100.0,13.796135
1455.0,5.0,20.0,2.0,100.0,13.650396
1456.0,10.0,20.0,2.0,100.0,8.695465
1457.0,20.0,20.0,2.0,100.0,2.467889
1458.0,40.0,20.0,2.0,100.0,3.6380343
1459.0,49.0,20.0,2.0,100.0,2.5692003
1460.0,0.0,20.0,2.0,100.0,0.0
1461.0,0.5,20.0,2.0,100.0,0.0
1462.0,1.0,20.0,2.0,100.0,1.1547005
1463.0,2.0,20.0,2.0,100.0,15.044379
1464.0,3.0,20.0,2.0,100.0,19.939196
1465.0,5.0,20.0,2.0,100.0,15.182226
1466.0,10.0,20.0,2.0,100.0,14.918828
1467.0,20.0,20.0,2.0,100.0,5.6018705
1468.0,40.0,20.0,2.0,100.0,4.7908645
1469.0,49.0,20.0,2.0,100.0,4.2142897
1470.0,0.0,20.0,2.0,100.0,0.0
1471.0,0.5,20.0,2.0,100.0,47.60602
1472.0,1.0,20.0,2.0,100.0,46.800995
1473.0,2.0,20.0,2.0,100.0,20.231987
1474.0,3.0,20.0,2.0,100.0,12.529964
1475.0,5.0,20.0,2.0,100.0,16.355427
1476.0,10.0,20.0,2.0,100.0,3.7229416
1477.0,20.0,20.0,2.0,100.0,3.8066359
1478.0,40.0,20.0,2.0,100.0,4.240907
1479.0,49.0,20.0,2.0,100.0,3.1201434
1480.0,0.0,20.0,2.0,100.0,0.0
1481.0,0.5,20.0,2.0,100.0,29.905407
1482.0,1.0,20.0,2.0,100.0,17.009802
1483.0,2.0,20.0,2.0,100.0,12.897029
1484.0,3.0,20.0,2.0,100.0,23.130068
1485.0,5.0,20.0,2.0,100.0,8.681078
1486.0,10.0,20.0,2.0,100.0,10.080234
1487.0,20.0,20.0,2.0,100.0,6.300072
1488.0,40.0,20.0,2.0,100.0,3.2187412
1489.0,49.0,20.0,2.0,100.0,4.1074743
1490.0,0.0,20.0,2.0,100.0,0.0
1491.0,0.5,20.0,2.0,100.0,0.0
1492.0,1.0,20.0,2.0,100.0,30.501366
1493.0,2.0,20.0,2.0,100.0,36.555893
1494.0,3.0,20.0,2.0,100.0,3.7689097
1495.0,5.0,20.0,2.0,100.0,13.149325
1496.0,10.0,20.0,2.0,100.0,5.7528467
1497.0,20.0,20.0,2.0,100.0,3.4935195
1498.0,40.0,20.0,2.0,100.0,3.7229416
1499.0,49.0,20.0,2.0,100.0,1.8027756
1500.0,0.0,20.0,2.0,100.0,0.0
1501.0,0.5,20.0,2.0,100.0,0.0
1502.0,1.0,20.0,2.0,100.0,28.0238
1503.0,2.0,20.0,2.0,100.0,39.95414
1504.0,3.0,20.0,2.0,100.0,3.0703256
1505.0,5.0,20.0,2.0,100.0,13.123951
1506.0,10.0,20.0,2.0,100.0,6.7253823
1507.0,20.0,20.0,2.0,100.0,4.7000966
1508.0,40.0,20.0,2.0,100.0,5.652644
1509.0,49.0,20.0,2.0,100.0,2.380476
1510.0,0.0,20.0,2.0,100.0,6.046826
1511.0,0.5,20.0,2.0,100.0,0.0
1512.0,1.0,20.0,2.0,100.0,45.214306
1513.0,2.0,20.0,2.0,100.0,28.360771
1514.0,3.0,20.0,2.0,100.0,14.983324
1515.0,5.0,20.0,2.0,100.0,12.845233
1516.0,10.0,20.0,2.0,100.0,3.8386579
1517.0,20.0,20.0,2.0,100.0,9.883871
1518.0,40.0,20.0,2.0,100.0,4.450789
1519.0,49.0,20.0,2.0,100.0,2.2114422
1520.0,0.0,20.0,2.0,100.0,0.0
1521.0,0.5,20.0,2.0,100.0,34.122326
1522.0,1.0,20.0,2.0,100.0,0.0
1523.0,2.0,20.0,2.0,100.0,11.930353
1524.0,3.0,20.0,2.0,100.0,42.44212
1525.0,5.0,20.0,2.0,100.0,14.407339
1526.0,10.0,20.0,2.0,100.0,8.16645
1527.0,20.0,20.0,2.0,100.0,2.755082
1528.0,40.0,20.0,2.0,100.0,4.8878326
1529.0,49.0,20.0,2.0,100.0,3.070326
1530.0,0.0,20.0,2.0,100.0,0.0
1531.0,0.5,20.0,2.0,100.0,0.0
1532.0,1.0,20.0,2.0,100.0,29.034462
1533.0,2.0,20.0,2.0,100.0,2.78572
1534.0,3.0,20.0,2.0,100.0,21.079216
1535.0,5.0,20.0,2.0,100.0,12.574224
1536.0,10.0,20.0,2.0,100.0,2.5658007
1537.0,20.0,20.0,2.0,100.0,5.297556
1538.0,40.0,20.0,2.0,100.0,5.2660007
1539.0,49.0,20.0,2.0,100.0,2.9970746
1540.0,0.0,20.0,2.0,100.0,0.0
1541.0,0.5,20.0,2.0,100.0,47.60602
1542.0,1.0,20.0,2.0,100.0,6.4291005
1543.0,2.0,20.0,2.0,100.0,42.14657
1544.0,3.0,20.0,2.0,100.0,7.5055537
1545.0,5.0,20.0,2.0,100.0,6.0330286
1546.0,10.0,20.0,2.0,100.0,3.858818
1547.0,20.0,20.0,2.0,100.0,6.650622
1548.0,40.0,20.0,2.0,100.0,3.2573447
1549.0,49.0,20.0,2.0,100.0,3.03158
1550.0,0.0,20.0,2.0,100.0,0.0
1551.0,0.5,20.0,2.0,100.0,0.0
1552.0,1.0,20.0,2.0,100.0,18.50225
1553.0,2.0,20.0,2.0,100.0,42.899105
1554.0,3.0,20.0,2.0,100.0,30.989246
1555.0,5.0,20.0,2.0,100.0,14.142136
1556.0,10.0,20.0,2.0,100.0,6.2900004
1557.0,20.0,20.0,2.0,100.0,4.763498
1558.0,40.0,20.0,2.0,100.0,4.608481
1559.0,49.0,20.0,2.0,100.0,2.7731707
1560.0,0.0,20.0,2.0,100.0,0.0
1561.0,0.5,20.0,2.0,100.0,0.0
1562.0,1.0,20.0,2.0,100.0,48.418316
1563.0,2.0,20.0,2.0,100.0,28.041634
1564.0,3.0,20.0,2.0,100.0,34.947582
1565.0,5.0,20.0,2.0,100.0,2.5671923
1566.0,10.0,20.0,2.0,100.0,11.645219
1567.0,20.0,20.0,2.0,100.0,4.2873015
1568.0,40.0,20.0,2.0,100.0,3.4972517
1569.0,49.0,20.0,2.0,100.0,3.419134
1570.0,0.0,20.0,2.0,100.0,0.0
1571.0,0.5,20.0,2.0,100.0,0.0
1572.0,1.0,20.0,2.0,100.0,16.552946
1573.0,2.0,20.0,2.0,100.0,17.029387
1574.0,3.0,20.0,2.0,100.0,14.189198
1575.0,5.0,20.0,2.0,100.0,8.173709
1576.0,10.0,20.0,2.0,100.0,7.7518325
1577.0,20.0,20.0,2.0,100.0,5.406549
1578.0,40.0,20.0,2.0,100.0,3.8852592
1579.0,49.0,20.0,2.0,100.0,3.3144069
1580.0,0.0,20.0,2.0,100.0,0.0
1581.0,0.5,20.0,2.0,100.0,0.0
1582.0,1.0,20.0,2.0,100.0,41.30779
1583.0,2.0,20.0,2.0,100.0,3.3889961
1584.0,3.0,20.0,2.0,100.0,26.0
1585.0,5.0,20.0,2.0,100.0,1.5275252
1586.0,10.0,20.0,2.0,100.0,11.912379
1587.0,20.0,20.0,2.0,100.0,6.972167
1588.0,40.0,20.0,2.0,100.0,2.467889
1589.0,49.0,20.0,2.0,100.0,4.482771
1590.0,0.0,20.0,2.0,100.0,9.914178
1591.0,0.5,20.0,2.0,100.0,13.225158
1592.0,1.0,20.0,2.0,100.0,28.18392
1593.0,2.0,20.0,2.0,100.0,12.884099
1594.0,3.0,20.0,2.0,100.0,9.073771
1595.0,5.0,20.0,2.0,100.0,13.7659
1596.0,10.0,20.0,2.0,100.0,18.418417
1597.0,20.0,20.0,2.0,100.0,3.2381005
1598.0,40.0,20.0,2.0,100.0,4.0939264
1599.0,49.0,20.0,2.0,100.0,1.972429
1600.0,0.0,20.0,2.0,100.0,0.0
1601.0,0.5,20.0,2.0,100.0,0.0
1602.0,1.0,20.0,2.0,100.0,36.555893
1603.0,2.0,20.0,2.0,100.0,35.92121
1604.0,3.0,20.0,2.0,100.0,9.073771
1605.0,5.0,20.0,2.0,100.0,17.320509
1606.0,10.0,20.0,2.0,100.0,7.40884
1607.0,20.0,20.0,2.0,100.0,5.80782
1608.0,40.0,20.0,2.0,100.0,7.4223247
1609.0,49.0,20.0,2.0,100.0,3.0339212
1610.0,0.0,20.0,2.0,100.0,0.0
1611.0,0.5,20.0,2.0,100.0,35.303444
1612.0,1.0,20.0,2.0,100.0,0.0
1613.0,2.0,20.0,2.0,100.0,44.43347
1614.0,3.0,20.0,2.0,100.0,14.918828
1615.0,5.0,20.0,2.0,100.0,18.411953
1616.0,10.0,20.0,2.0,100.0,9.586697
1617.0,20.0,20.0,2.0,100.0,4.679469
1618.0,40.0,20.0,2.0,100.0,2.621325
1619.0,49.0,20.0,2.0,100.0,4.1213217
1620.0,0.0,20.0,2.0,100.0,0.0
1621.0,0.5,20.0,2.0,100.0,7.197884
1622.0,1.0,20.0,2.0,100.0,29.569128
1623.0,2.0,20.0,2.0,100.0,19.68502
1624.0,3.0,20.0,2.0,100.0,17.734148
1625.0,5.0,20.0,2.0,100.0,24.959969
1626.0,10.0,20.0,2.0,100.0,6.0880294
1627.0,20.0,20.0,2.0,100.0,3.2290711
1628.0,40.0,20.0,2.0,100.0,3.8710845
1629.0,49.0,20.0,2.0,100.0,5.510018
1630.0,0.0,20.0,2.0,100.0,0.0
1631.0,0.5,20.0,2.0,100.0,0.0
1632.0,1.0,20.0,2.0,100.0,0.0
1633.0,2.0,20.0,2.0,100.0,37.31398
1634.0,3.0,20.0,2.0,100.0,27.46513
1635.0,5.0,20.0,2.0,100.0,8.388153
1636.0,10.0,20.0,2.0,100.0,7.4572854
1637.0,20.0,20.0,2.0,100.0,5.503718
1638.0,40.0,20.0,2.0,100.0,2.0803998
1639.0,49.0,20.0,2.0,100.0,5.3940005
1640.0,0.0,20.0,2.0,100.0,0.0
1641.0,0.5,20.0,2.0,100.0,32.62412
1642.0,1.0,20.0,2.0,100.0,5.7974386
1643.0,2.0,20.0,2.0,100.0,21.450201
1644.0,3.0,20.0,2.0,100.0,6.7904572
1645.0,5.0,20.0,2.0,100.0,15.502688
1646.0,10.0,20.0,2.0,100.0,3.0521781
1647.0,20.0,20.0,2.0,100.0,4.3369946
1648.0,40.0,20.0,2.0,100.0,4.7459254
1649.0,49.0,20.0,2.0,100.0,2.1449451
1650.0,0.0,20.0,2.0,100.0,0.0
1651.0,0.5,20.0,2.0,100.0,0.0
1652.0,1.0,20.0,2.0,100.0,0.0
1653.0,2.0,20.0,2.0,100.0,28.378397
1654.0,3.0,20.0,2.0,100.0,13.619503
1655.0,5.0,20.0,2.0,100.0,7.807201
1656.0,10.0,20.0,2.0,100.0,9.459963
1657.0,20.0,20.0,2.0,100.0,6.7446947
1658.0,40.0,20.0,2.0,100.0,4.011887
1659.0,49.0,20.0,2.0,100.0,4.4142146
1660.0,0.0,20.0,2.0,100.0,38.03069
1661.0,0.5,20.0,2.0,100.0,32.005207
1662.0,1.0,20.0,2.0,100.0,49.237522
1663.0,2.0,20.0,2.0,100.0,28.219378
1664.0,3.0,20.0,2.0,100.0,14.364307
1665.0,5.0,20.0,2.0,100.0,5.166324
1666.0,10.0,20.0,2.0,100.0,7.341488
1667.0,20.0,20.0,2.0,100.0,4.220133
1668.0,40.0,20.0,2.0,100.0,3.407388
1669.0,49.0,20.0,2.0,100.0,3.1289737
1670.0,0.0,20.0,2.0,100.0,0.0
1671.0,0.5,20.0,2.0,100.0,49.237522
1672.0,1.0,20.0,2.0,100.0,26.0832
1673.0,2.0,20.0,2.0,100.0,6.342773
1674.0,3.0,20.0,2.0,100.0,0.0
1675.0,5.0,20.0,2.0,100.0,4.181542
1676.0,10.0,20.0,2.0,100.0,16.977577
1677.0,20.0,20.0,2.0,100.0,3.0150418
1678.0,40.0,20.0,2.0,100.0,2.5692003
1679.0,49.0,20.0,2.0,100.0,3.772969
1680.0,0.0,20.0,2.0,100.0,0.0
1681.0,0.5,20.0,2.0,100.0,0.0
1682.0,1.0,20.0,2.0,100.0,0.0
1683.0,2.0,20.0,2.0,100.0,14.294521
1684.0,3.0,20.0,2.0,100.0,12.533591
1685.0,5.0,20.0,2.0,100.0,5.647782
1686.0,10.0,20.0,2.0,100.0,7.5690756
1687.0,20.0,20.0,2.0,100.0,2.7129862
1688.0,40.0,20.0,2.0,100.0,5.0204268
1689.0,49.0,20.0,2.0,100.0,3.9981616
1690.0,0.0,20.0,2.0,100.0,0.0
1691.0,0.5,20.0,2.0,100.0,0.0
1692.0,1.0,20.0,2.0,100.0,33.56089
1693.0,2.0,20.0,2.0,100.0,53.42596
1694.0,3.0,20.0,2.0,100.0,18.083141
1695.0,5.0,20.0,2.0,100.0,11.004132
1696.0,10.0,20.0,2.0,100.0,7.991315
1697.0,20.0,20.0,2.0,100.0,5.4305534
1698.0,40.0,20.0,2.0,100.0,3.534187
1699.0,49.0,20.0,2.0,100.0,4.805751
1700.0,0.0,20.0,2.0,100.0,0.0
1701.0,0.5,20.0,2.0,100.0,28.536526
1702.0,1.0,20.0,2.0,100.0,30.270998
1703.0,2.0,20.0,2.0,100.0,38.552994
1704.0,3.0,20.0,2.0,100.0,12.566016
1705.0,5.0,20.0,2.0,100.0,22.538855
1706.0,10.0,20.0,2.0,100.0,4.253654
1707.0,20.0,20.0,2.0,100.0,5.1378436
1708.0,40.0,20.0,2.0,100.0,3.1194181
1709.0,49.0,20.0,2.0,100.0,2.5865955
1710.0,0.0,20.0,2.0,100.0,0.0
1711.0,0.5,20.0,2.0,100.0,29.569128
1712.0,1.0,20.0,2.0,100.0,47.43768
1713.0,2.0,20.0,2.0,100.0,28.219378
1714.0,3.0,20.0,2.0,100.0,3.3967648
1715.0,5.0,20.0,2.0,100.0,14.142136
1716.0,10.0,20.0,2.0,100.0,2.7000883
1717.0,20.0,20.0,2.0,100.0,5.452593
1718.0,40.0,20.0,2.0,100.0,3.7229414
1719.0,49.0,20.0,2.0,100.0,2.5476413
1720.0,0.0,20.0,2.0,100.0,0.0
1721.0,0.5,20.0,2.0,100.0,43.661575
1722.0,1.0,20.0,2.0,100.0,28.18392
1723.0,2.0,20.0,2.0,100.0,36.350147
1724.0,3.0,20.0,2.0,100.0,17.9722
1725.0,5.0,20.0,2.0,100.0,16.170961
1726.0,10.0,20.0,2.0,100.0,3.0480282
1727.0,20.0,20.0,2.0,100.0,5.1501274
1728.0,40.0,20.0,2.0,100.0,4.8795004
1729.0,49.0,20.0,2.0,100.0,3.4978983
1730.0,0.0,20.0,2.0,100.0,0.0
1731.0,0.5,20.0,2.0,100.0,29.263174
1732.0,1.0,20.0,2.0,100.0,28.112867
1733.0,2.0,20.0,2.0,100.0,0.0
1734.0,3.0,20.0,2.0,100.0,4.2873015
1735.0,5.0,20.0,2.0,100.0,12.055428
1736.0,10.0,20.0,2.0,100.0,5.8404717
1737.0,20.0,20.0,2.0,100.0,3.1547394
1738.0,40.0,20.0,2.0,100.0,2.1887155
1739.0,49.0,20.0,2.0,100.0,17.451975
1740.0,0.0,20.0,2.0,100.0,0.0
1741.0,0.5,20.0,2.0,100.0,0.0
1742.0,1.0,20.0,2.0,100.0,37.872593
1743.0,2.0,20.0,2.0,100.0,29.569128
1744.0,3.0,20.0,2.0,100.0,23.30236
1745.0,5.0,20.0,2.0,100.0,9.027231
1746.0,10.0,20.0,2.0,100.0,14.670995
1747.0,20.0,20.0,2.0,100.0,2.8949876
1748.0,40.0,20.0,2.0,100.0,2.6213253
1749.0,49.0,20.0,2.0,100.0,3.7393122
1750.0,0.0,20.0,2.0,100.0,0.0
1751.0,0.5,20.0,2.0,100.0,43.661575
1752.0,1.0,20.0,2.0,100.0,43.661575
1753.0,2.0,20.0,2.0,100.0,3.052178
1754.0,3.0,20.0,2.0,100.0,11.005049
1755.0,5.0,20.0,2.0,100.0,5.301914
1756.0,10.0,20.0,2.0,100.0,6.3820667
1757.0,20.0,20.0,2.0,100.0,5.0560956
1758.0,40.0,20.0,2.0,100.0,3.9761193
1759.0,49.0,20.0,2.0,100.0,3.1770375
1760.0,0.0,20.0,2.0,100.0,0.0
1761.0,0.5,20.0,2.0,100.0,0.0
1762.0,1.0,20.0,2.0,100.0,34.42867
1763.0,2.0,20.0,2.0,100.0,5.644492
1764.0,3.0,20.0,2.0,100.0,15.182226
1765.0,5.0,20.0,2.0,100.0,14.339147
1766.0,10.0,20.0,2.0,100.0,10.625013
1767.0,20.0,20.0,2.0,100.0,5.8957815
1768.0,40.0,20.0,2.0,100.0,4.526068
1769.0,49.0,20.0,2.0,100.0,2.5865955
1770.0,0.0,20.0,2.0,100.0,0.0
1771.0,0.5,20.0,2.0,100.0,26.839027
1772.0,1.0,20.0,2.0,100.0,31.533052
1773.0,2.0,20.0,2.0,100.0,22.00541
1774.0,3.0,20.0,2.0,100.0,15.5197
1775.0,5.0,20.0,2.0,100.0,28.290163
1776.0,10.0,20.0,2.0,100.0,4.181542
1777.0,20.0,20.0,2.0,100.0,5.6181936
1778.0,40.0,20.0,2.0,100.0,2.9766247
1779.0,49.0,20.0,2.0,100.0,4.3284287
1780.0,0.0,20.0,2.0,100.0,0.0
1781.0,0.5,20.0,2.0,100.0,34.122326
1782.0,1.0,20.0,2.0,100.0,40.673496
1783.0,2.0,20.0,2.0,100.0,11.0
1784.0,3.0,20.0,2.0,100.0,10.9366865
1785.0,5.0,20.0,2.0,100.0,8.360469
1786.0,10.0,20.0,2.0,100.0,4.820591
1787.0,20.0,20.0,2.0,100.0,4.3232985
1788.0,40.0,20.0,2.0,100.0,4.3284287
1789.0,49.0,20.0,2.0,100.0,3.4799848
1790.0,0.0,20.0,2.0,100.0,13.30831
1791.0,0.5,20.0,2.0,100.0,15.885003
1792.0,1.0,20.0,2.0,100.0,26.102364
1793.0,2.0,20.0,2.0,100.0,30.6159
1794.0,3.0,20.0,2.0,100.0,36.555893
1795.0,5.0,20.0,2.0,100.0,22.300972
1796.0,10.0,20.0,2.0,100.0,6.8625975
1797.0,20.0,20.0,2.0,100.0,5.3756332
1798.0,40.0,20.0,2.0,100.0,5.3721776
1799.0,49.0,20.0,2.0,100.0,3.3889961
1800.0,0.0,20.0,2.0,100.0,0.0
1801.0,0.5,20.0,2.0,100.0,0.0
1802.0,1.0,20.0,2.0,100.0,38.552994
1803.0,2.0,20.0,2.0,100.0,35.92121
1804.0,3.0,20.0,2.0,100.0,33.47138
1805.0,5.0,20.0,2.0,100.0,17.42444
1806.0,10.0,20.0,2.0,100.0,7.4405046
1807.0,20.0,20.0,2.0,100.0,5.137843
1808.0,40.0,20.0,2.0,100.0,3.3307009
1809.0,49.0,20.0,2.0,100.0,4.514527
1810.0,0.0,20.0,2.0,100.0,0.0
1811.0,0.5,20.0,2.0,100.0,47.43768
1812.0,1.0,20.0,2.0,100.0,32.41913
1813.0,2.0,20.0,2.0,100.0,15.275252
1814.0,3.0,20.0,2.0,100.0,8.712334
1815.0,5.0,20.0,2.0,100.0,39.95414
1816.0,10.0,20.0,2.0,100.0,7.573712
1817.0,20.0,20.0,2.0,100.0,4.075573
1818.0,40.0,20.0,2.0,100.0,3.7061157
1819.0,49.0,20.0,2.0,100.0,3.4156501
1820.0,0.0,20.0,2.0,100.0,0.0
1821.0,0.5,20.0,2.0,100.0,0.0
1822.0,1.0,20.0,2.0,100.0,29.263174
1823.0,2.0,20.0,2.0,100.0,7.8709836
1824.0,3.0,20.0,2.0,100.0,42.899105
1825.0,5.0,20.0,2.0,100.0,4.794002
1826.0,10.0,20.0,2.0,100.0,5.0729966
1827.0,20.0,20.0,2.0,100.0,3.709479
1828.0,40.0,20.0,2.0,100.0,2.9970746
1829.0,49.0,20.0,2.0,100.0,5.7356286
1830.0,0.0,20.0,2.0,100.0,0.0
1831.0,0.5,20.0,2.0,100.0,49.237522
1832.0,1.0,20.0,2.0,100.0,31.501322
1833.0,2.0,20.0,2.0,100.0,37.20663
1834.0,3.0,20.0,2.0,100.0,16.152546
1835.0,5.0,20.0,2.0,100.0,14.247807
1836.0,10.0,20.0,2.0,100.0,7.540631
1837.0,20.0,20.0,2.0,100.0,5.3289247
1838.0,40.0,20.0,2.0,100.0,3.9032416
1839.0,49.0,20.0,2.0,100.0,3.396765
1840.0,0.0,20.0,2.0,100.0,0.0
1841.0,0.5,20.0,2.0,100.0,0.0
1842.0,1.0,20.0,2.0,100.0,42.899105
1843.0,2.0,20.0,2.0,100.0,6.5210285
1844.0,3.0,20.0,2.0,100.0,41.789154
1845.0,5.0,20.0,2.0,100.0,14.335271
1846.0,10.0,20.0,2.0,100.0,2.4063408
1847.0,20.0,20.0,2.0,100.0,6.564367
1848.0,40.0,20.0,2.0,100.0,2.745544
1849.0,49.0,20.0,2.0,100.0,3.8274176
1850.0,0.0,20.0,2.0,100.0,0.0
1851.0,0.5,20.0,2.0,100.0,8.5049
1852.0,1.0,20.0,2.0,100.0,25.696953
1853.0,2.0,20.0,2.0,100.0,38.214306
1854.0,3.0,20.0,2.0,100.0,42.899105
1855.0,5.0,20.0,2.0,100.0,13.623916
1856.0,10.0,20.0,2.0,100.0,11.362706
1857.0,20.0,20.0,2.0,100.0,8.129631
1858.0,40.0,20.0,2.0,100.0,3.5790396
1859.0,49.0,20.0,2.0,100.0,2.7657046
1860.0,0.0,20.0,2.0,100.0,0.0
1861.0,0.5,20.0,2.0,100.0,28.360771
1862.0,1.0,20.0,2.0,100.0,0.0
1863.0,2.0,20.0,2.0,100.0,39.703064
1864.0,3.0,20.0,2.0,100.0,8.07701
1865.0,5.0,20.0,2.0,100.0,11.994212
1866.0,10.0,20.0,2.0,100.0,4.5531054
1867.0,20.0,20.0,2.0,100.0,4.5531054
1868.0,40.0,20.0,2.0,100.0,4.1346383
1869.0,49.0,20.0,2.0,100.0,3.254301
1870.0,0.0,20.0,2.0,100.0,0.0
1871.0,0.5,20.0,2.0,100.0,51.733288
1872.0,1.0,20.0,2.0,100.0,28.041634
1873.0,2.0,20.0,2.0,100.0,24.337898
1874.0,3.0,20.0,2.0,100.0,13.033078
1875.0,5.0,20.0,2.0,100.0,10.371665
1876.0,10.0,20.0,2.0,100.0,7.2845116
1877.0,20.0,20.0,2.0,100.0,2.4063408
1878.0,40.0,20.0,2.0,100.0,5.5118923
1879.0,49.0,20.0,2.0,100.0,2.600045
1880.0,0.0,20.0,2.0,100.0,0.0
1881.0,0.5,20.0,2.0,100.0,39.247078
1882.0,1.0,20.0,2.0,100.0,21.897488
1883.0,2.0,20.0,2.0,100.0,25.774664
1884.0,3.0,20.0,2.0,100.0,16.40122
1885.0,5.0,20.0,2.0,100.0,3.679404
1886.0,10.0,20.0,2.0,100.0,7.0079317
1887.0,20.0,20.0,2.0,100.0,3.4771364
1888.0,40.0,20.0,2.0,100.0,2.8914173
1889.0,49.0,20.0,2.0,100.0,2.600045
1890.0,0.0,20.0,2.0,100.0,0.0
1891.0,0.5,20.0,2.0,100.0,44.43347
1892.0,1.0,20.0,2.0,100.0,39.247078
1893.0,2.0,20.0,2.0,100.0,42.253204
1894.0,3.0,20.0,2.0,100.0,16.563011
1895.0,5.0,20.0,2.0,100.0,8.251984
1896.0,10.0,20.0,2.0,100.0,7.389933
1897.0,20.0,20.0,2.0,100.0,3.0806618
1898.0,40.0,20.0,2.0,100.0,5.57766
1899.0,49.0,20.0,2.0,100.0,3.870718
1900.0,0.0,20.0,2.0,100.0,0.0
1901.0,0.5,20.0,2.0,100.0,0.0
1902.0,1.0,20.0,2.0,100.0,42.899105
1903.0,2.0,20.0,2.0,100.0,18.439089
1904.0,3.0,20.0,2.0,100.0,14.528968
1905.0,5.0,20.0,2.0,100.0,11.996032
1906.0,10.0,20.0,2.0,100.0,10.01804
1907.0,20.0,20.0,2.0,100.0,2.7237792
1908.0,40.0,20.0,2.0,100.0,3.2462306
1909.0,49.0,20.0,2.0,100.0,4.2113295
1910.0,0.0,20.0,2.0,100.0,0.0
1911.0,0.5,20.0,2.0,100.0,0.0
1912.0,1.0,20.0,2.0,100.0,46.801
1913.0,2.0,20.0,2.0,100.0,10.049875
1914.0,3.0,20.0,2.0,100.0,28.746014
1915.0,5.0,20.0,2.0,100.0,31.591139
1916.0,10.0,20.0,2.0,100.0,11.4503765
1917.0,20.0,20.0,2.0,100.0,6.229729
1918.0,40.0,20.0,2.0,100.0,2.8793192
1919.0,49.0,20.0,2.0,100.0,4.1665688
1920.0,0.0,20.0,2.0,100.0,0.0
1921.0,0.5,20.0,2.0,100.0,0.0
1922.0,1.0,20.0,2.0,100.0,0.0
1923.0,2.0,20.0,2.0,100.0,35.92121
1924.0,3.0,20.0,2.0,100.0,10.520975
1925.0,5.0,20.0,2.0,100.0,18.300404
1926.0,10.0,20.0,2.0,100.0,10.862781
1927.0,20.0,20.0,2.0,100.0,5.383799
1928.0,40.0,20.0,2.0,100.0,5.1053014
1929.0,49.0,20.0,2.0,100.0,3.3144069
1930.0,0.0,20.0,2.0,100.0,0.0
1931.0,0.5,20.0,2.0,100.0,0.0
1932.0,1.0,20.0,2.0,100.0,0.0
1933.0,2.0,20.0,2.0,100.0,20.256685
1934.0,3.0,20.0,2.0,100.0,1.5275252
1935.0,5.0,20.0,2.0,100.0,9.606815
1936.0,10.0,20.0,2.0,100.0,6.6129246
1937.0,20.0,20.0,2.0,100.0,4.7154317
1938.0,40.0,20.0,2.0,100.0,4.897478
1939.0,49.0,20.0,2.0,100.0,3.7244256
1940.0,0.0,20.0,2.0,100.0,0.0
1941.0,0.5,20.0,2.0,100.0,42.14657
1942.0,1.0,20.0,2.0,100.0,31.085901
1943.0,2.0,20.0,2.0,100.0,46.003624
1944.0,3.0,20.0,2.0,100.0,27.064737
1945.0,5.0,20.0,2.0,100.0,8.080279
1946.0,10.0,20.0,2.0,100.0,6.9863815
1947.0,20.0,20.0,2.0,100.0,4.514527
1948.0,40.0,20.0,2.0,100.0,4.973004
1949.0,49.0,20.0,2.0,100.0,2.7368736
1950.0,0.0,20.0,2.0,100.0,0.0
1951.0,0.5,20.0,2.0,100.0,48.418316
1952.0,1.0,20.0,2.0,100.0,11.590225
1953.0,2.0,20.0,2.0,100.0,13.874437
1954.0,3.0,20.0,2.0,100.0,19.712215
1955.0,5.0,20.0,2.0,100.0,18.261982
1956.0,10.0,20.0,2.0,100.0,4.871888
1957.0,20.0,20.0,2.0,100.0,5.682509
1958.0,40.0,20.0,2.0,100.0,2.166033
1959.0,49.0,20.0,2.0,100.0,2.7129862
1960.0,0.0,20.0,2.0,100.0,0.0
1961.0,0.5,20.0,2.0,100.0,44.881325
1962.0,1.0,20.0,2.0,100.0,19.655363
1963.0,2.0,20.0,2.0,100.0,2.081666
1964.0,3.0,20.0,2.0,100.0,24.826063
1965.0,5.0,20.0,2.0,100.0,21.154196
1966.0,10.0,20.0,2.0,100.0,3.9824984
1967.0,20.0,20.0,2.0,100.0,7.218803
1968.0,40.0,20.0,2.0,100.0,4.371532
1969.0,49.0,20.0,2.0,100.0,2.3055995
1970.0,0.0,20.0,2.0,100.0,0.0
1971.0,0.5,20.0,2.0,100.0,0.0
1972.0,1.0,20.0,2.0,100.0,52.576927
1973.0,2.0,20.0,2.0,100.0,44.43347
1974.0,3.0,20.0,2.0,100.0,0.0
1975.0,5.0,20.0,2.0,100.0,8.525896
1976.0,10.0,20.0,2.0,100.0,3.8274174
1977.0,20.0,20.0,2.0,100.0,3.987159
1978.0,40.0,20.0,2.0,100.0,2.9975479
1979.0,49.0,20.0,2.0,100.0,6.0880294
1980.0,0.0,20.0,2.0,100.0,13.298914
1981.0,0.5,20.0,2.0,100.0,31.085903
1982.0,1.0,20.0,2.0,100.0,0.0
1983.0,2.0,20.0,2.0,100.0,37.872593
1984.0,3.0,20.0,2.0,100.0,3.1770375
1985.0,5.0,20.0,2.0,100.0,14.236955
1986.0,10.0,20.0,2.0,100.0,3.1000476
1987.0,20.0,20.0,2.0,100.0,4.7157288
1988.0,40.0,20.0,2.0,100.0,3.1992648
1989.0,49.0,20.0,2.0,100.0,4.2113295
1990.0,0.0,20.0,2.0,100.0,0.0
1991.0,0.5,20.0,2.0,100.0,39.247078
1992.0,1.0,20.0,2.0,100.0,43.661575
1993.0,2.0,20.0,2.0,100.0,42.899105
1994.0,3.0,20.0,2.0,100.0,41.525093
1995.0,5.0,20.0,2.0,100.0,6.8845797
1996.0,10.0,20.0,2.0,100.0,14.581191
1997.0,20.0,20.0,2.0,100.0,6.284179
1998.0,40.0,20.0,2.0,100.0,2.2685335
1999.0,49.0,20.0,2.0,100.0,2.7857196
2000.0,0.0,20.0,2.0,100.0,0.0
2001.0,0.5,20.0,2.0,100.0,0.0
2002.0,1.0,20.0,2.0,100.0,39.95414
2003.0,2.0,20.0,2.0,100.0,45.214306
2004.0,3.0,20.0,2.0,100.0,10.07472
2005.0,5.0,20.0,2.0,100.0,25.501633
2006.0,10.0,20.0,2.0,100.0,14.05601
2007.0,20.0,20.0,2.0,100.0,4.357211
2008.0,40.0,20.0,2.0,100.0,4.121322
2009.0,49.0,20.0,2.0,100.0,3.0155544
2010.0,0.0,20.0,2.0,100.0,0.0
2011.0,0.5,20.0,2.0,100.0,0.0
2012.0,1.0,20.0,2.0,100.0,18.580585
2013.0,2.0,20.0,2.0,100.0,11.7520685
2014.0,3.0,20.0,2.0,100.0,18.934095
2015.0,5.0,20.0,2.0,100.0,29.670412
2016.0,10.0,20.0,2.0,100.0,5.163978
2017.0,20.0,20.0,2.0,100.0,6.0330286
2018.0,40.0,20.0,2.0,100.0,5.524836
2019.0,49.0,20.0,2.0,100.0,10.737361
2020.0,0.0,20.0,2.0,100.0,0.0
2021.0,0.5,20.0,2.0,100.0,32.50128
2022.0,1.0,20.0,2.0,100.0,0.0
2023.0,2.0,20.0,2.0,100.0,18.814888
2024.0,3.0,20.0,2.0,100.0,4.5092497
2025.0,5.0,20.0,2.0,100.0,9.6234665
2026.0,10.0,20.0,2.0,100.0,9.1044445
2027.0,20.0,20.0,2.0,100.0,3.9871588
2028.0,40.0,20.0,2.0,100.0,4.498366
2029.0,49.0,20.0,2.0,100.0,3.4978986
2030.0,0.0,20.0,2.0,100.0,0.0
2031.0,0.5,20.0,2.0,100.0,47.60602
2032.0,1.0,20.0,2.0,100.0,15.700318
2033.0,2.0,20.0,2.0,100.0,23.18045
2034.0,3.0,20.0,2.0,100.0,18.583145
2035.0,5.0,20.0,2.0,100.0,12.169261
2036.0,10.0,20.0,2.0,100.0,3.9351358
2037.0,20.0,20.0,2.0,100.0,3.7729688
2038.0,40.0,20.0,2.0,100.0,5.1342278
2039.0,49.0,20.0,2.0,100.0,1.9976175
2040.0,0.0,20.0,2.0,100.0,0.0
2041.0,0.5,20.0,2.0,100.0,46.003624
2042.0,1.0,20.0,2.0,100.0,0.0
2043.0,2.0,20.0,2.0,100.0,16.977577
2044.0,3.0,20.0,2.0,100.0,21.73323
2045.0,5.0,20.0,2.0,100.0,10.890872
2046.0,10.0,20.0,2.0,100.0,4.5617456
2047.0,20.0,20.0,2.0,100.0,3.0806618
2048.0,40.0,20.0,2.0,100.0,5.266431
2049.0,49.0,20.0,2.0,100.0,2.8055918
2050.0,0.0,20.0,2.0,100.0,0.0
2051.0,0.5,20.0,2.0,100.0,31.53305
2052.0,1.0,20.0,2.0,100.0,15.511644
2053.0,2.0,20.0,2.0,100.0,21.73323
2054.0,3.0,20.0,2.0,100.0,27.153883
2055.0,5.0,20.0,2.0,100.0,7.4088397
2056.0,10.0,20.0,2.0,100.0,4.456489
2057.0,20.0,20.0,2.0,100.0,5.921495
2058.0,40.0,20.0,2.0,100.0,3.679404
2059.0,49.0,20.0,2.0,100.0,3.4978983
2060.0,0.0,20.0,2.0,100.0,0.0
2061.0,0.5,20.0,2.0,100.0,52.576927
2062.0,1.0,20.0,2.0,100.0,0.0
2063.0,2.0,20.0,2.0,100.0,26.31223
2064.0,3.0,20.0,2.0,100.0,5.033223
2065.0,5.0,20.0,2.0,100.0,2.3665986
2066.0,10.0,20.0,2.0,100.0,5.914838
2067.0,20.0,20.0,2.0,100.0,4.6239543
2068.0,40.0,20.0,2.0,100.0,4.1518784
2069.0,49.0,20.0,2.0,100.0,3.8710845
2070.0,0.0,20.0,2.0,100.0,0.0
2071.0,0.5,20.0,2.0,100.0,0.0
2072.0,1.0,20.0,2.0,100.0,35.921207
2073.0,2.0,20.0,2.0,100.0,52.576927
2074.0,3.0,20.0,2.0,100.0,11.205866
2075.0,5.0,20.0,2.0,100.0,8.439833
2076.0,10.0,20.0,2.0,100.0,15.326604
2077.0,20.0,20.0,2.0,100.0,2.912953
2078.0,40.0,20.0,2.0,100.0,5.234256
2079.0,49.0,20.0,2.0,100.0,3.9699163
2080.0,0.0,20.0,2.0,100.0,0.0
2081.0,0.5,20.0,2.0,100.0,0.0
2082.0,1.0,20.0,2.0,100.0,6.101702
2083.0,2.0,20.0,2.0,100.0,0.0
2084.0,3.0,20.0,2.0,100.0,26.764404
2085.0,5.0,20.0,2.0,100.0,9.286447
2086.0,10.0,20.0,2.0,100.0,7.595453
2087.0,20.0,20.0,2.0,100.0,4.1346383
2088.0,40.0,20.0,2.0,100.0,5.0379515
2089.0,49.0,20.0,2.0,100.0,4.6239543
2090.0,0.0,20.0,2.0,100.0,0.0
2091.0,0.5,20.0,2.0,100.0,46.801
2092.0,1.0,20.0,2.0,100.0,0.0
2093.0,2.0,20.0,2.0,100.0,20.840666
2094.0,3.0,20.0,2.0,100.0,6.3824205
2095.0,5.0,20.0,2.0,100.0,10.078265
2096.0,10.0,20.0,2.0,100.0,6.9181137
2097.0,20.0,20.0,2.0,100.0,3.3735666
2098.0,40.0,20.0,2.0,100.0,5.4335823
2099.0,49.0,20.0,2.0,100.0,4.3568864
2100.0,0.0,20.0,2.0,100.0,0.0
2101.0,0.5,20.0,2.0,100.0,23.98958
2102.0,1.0,20.0,2.0,100.0,39.627434
2103.0,2.0,20.0,2.0,100.0,30.138569
2104.0,3.0,20.0,2.0,100.0,10.902345
2105.0,5.0,20.0,2.0,100.0,9.792391
2106.0,10.0,20.0,2.0,100.0,9.713964
2107.0,20.0,20.0,2.0,100.0,3.177038
2108.0,40.0,20.0,2.0,100.0,2.176073
2109.0,49.0,20.0,2.0,100.0,6.9451632
2110.0,0.0,20.0,2.0,100.0,0.0
2111.0,0.5,20.0,2.0,100.0,0.0
2112.0,1.0,20.0,2.0,100.0,14.146064
2113.0,2.0,20.0,2.0,100.0,29.263174
2114.0,3.0,20.0,2.0,100.0,15.779734
2115.0,5.0,20.0,2.0,100.0,3.6338243
2116.0,10.0,20.0,2.0,100.0,7.409281
2117.0,20.0,20.0,2.0,100.0,5.633007
2118.0,40.0,20.0,2.0,100.0,2.864381
2119.0,49.0,20.0,2.0,100.0,3.0521781
2120.0,0.0,20.0,2.0,100.0,0.0
2121.0,0.5,20.0,2.0,100.0,0.0
2122.0,1.0,20.0,2.0,100.0,38.552994
2123.0,2.0,20.0,2.0,100.0,14.277994
2124.0,3.0,20.0,2.0,100.0,11.015141
2125.0,5.0,20.0,2.0,100.0,9.741531
2126.0,10.0,20.0,2.0,100.0,5.360109
2127.0,20.0,20.0,2.0,100.0,3.2659862
2128.0,40.0,20.0,2.0,100.0,3.0389628
2129.0,49.0,20.0,2.0,100.0,3.05946
2130.0,0.0,20.0,2.0,100.0,0.0
2131.0,0.5,20.0,2.0,100.0,50.895317
2132.0,1.0,20.0,2.0,100.0,43.500957
2133.0,2.0,20.0,2.0,100.0,16.441816
2134.0,3.0,20.0,2.0,100.0,16.165808
2135.0,5.0,20.0,2.0,100.0,18.717194
2136.0,10.0,20.0,2.0,100.0,4.1710234
2137.0,20.0,20.0,2.0,100.0,4.7149515
2138.0,40.0,20.0,2.0,100.0,3.515721
2139.0,49.0,20.0,2.0,100.0,3.6031175
2140.0,0.0,20.0,2.0,100.0,0.0
2141.0,0.5,20.0,2.0,100.0,0.0
2142.0,1.0,20.0,2.0,100.0,0.0
2143.0,2.0,20.0,2.0,100.0,21.079216
2144.0,3.0,20.0,2.0,100.0,11.313708
2145.0,5.0,20.0,2.0,100.0,13.363063
2146.0,10.0,20.0,2.0,100.0,4.1612244
2147.0,20.0,20.0,2.0,100.0,5.7871327
2148.0,40.0,20.0,2.0,100.0,3.5186574
2149.0,49.0,20.0,2.0,100.0,20.507837
2150.0,0.0,20.0,2.0,100.0,0.0
2151.0,0.5,20.0,2.0,100.0,0.0
2152.0,1.0,20.0,2.0,100.0,42.14657
2153.0,2.0,20.0,2.0,100.0,15.176737
2154.0,3.0,20.0,2.0,100.0,39.95414
2155.0,5.0,20.0,2.0,100.0,6.074326
2156.0,10.0,20.0,2.0,100.0,7.584445
2157.0,20.0,20.0,2.0,100.0,4.196462
2158.0,40.0,20.0,2.0,100.0,3.1944764
2159.0,49.0,20.0,2.0,100.0,2.600045
2160.0,0.0,20.0,2.0,100.0,0.0
2161.0,0.5,20.0,2.0,100.0,0.0
2162.0,1.0,20.0,2.0,100.0,0.0
2163.0,2.0,20.0,2.0,100.0,18.761663
2164.0,3.0,20.0,2.0,100.0,20.840666
2165.0,5.0,20.0,2.0,100.0,21.505814
2166.0,10.0,20.0,2.0,100.0,4.7021585
2167.0,20.0,20.0,2.0,100.0,4.3471184
2168.0,40.0,20.0,2.0,100.0,3.9581141
2169.0,49.0,20.0,2.0,100.0,2.7731707
2170.0,0.0,20.0,2.0,100.0,0.0
2171.0,0.5,20.0,2.0,100.0,38.552994
2172.0,1.0,20.0,2.0,100.0,12.342339
2173.0,2.0,20.0,2.0,100.0,36.555893
2174.0,3.0,20.0,2.0,100.0,22.22611
2175.0,5.0,20.0,2.0,100.0,11.338611
2176.0,10.0,20.0,2.0,100.0,5.1639776
2177.0,20.0,20.0,2.0,100.0,10.377423
2178.0,40.0,20.0,2.0,100.0,2.621325
2179.0,49.0,20.0,2.0,100.0,4.3858056
2180.0,0.0,20.0,2.0,100.0,0.0
2181.0,0.5,20.0,2.0,100.0,39.247078
2182.0,1.0,20.0,2.0,100.0,39.247078
2183.0,2.0,20.0,2.0,100.0,36.226143
2184.0,3.0,20.0,2.0,100.0,29.569128
2185.0,5.0,20.0,2.0,100.0,35.725807
2186.0,10.0,20.0,2.0,100.0,2.0584347
2187.0,20.0,20.0,2.0,100.0,6.7149763
2188.0,40.0,20.0,2.0,100.0,3.3302367
2189.0,49.0,20.0,2.0,100.0,6.007932
2190.0,0.0,20.0,2.0,100.0,0.0
2191.0,0.5,20.0,2.0,100.0,49.23752
2192.0,1.0,20.0,2.0,100.0,45.214306
2193.0,2.0,20.0,2.0,100.0,54.280136
2194.0,3.0,20.0,2.0,100.0,40.463978
2195.0,5.0,20.0,2.0,100.0,10.067825
2196.0,10.0,20.0,2.0,100.0,3.4130812
2197.0,20.0,20.0,2.0,100.0,6.8237896
2198.0,40.0,20.0,2.0,100.0,2.7657049
2199.0,49.0,20.0,2.0,100.0,2.0505311
2200.0,0.0,20.0,2.0,100.0,0.0
2201.0,0.5,20.0,2.0,100.0,35.92121
2202.0,1.0,20.0,2.0,100.0,39.95414
2203.0,2.0,20.0,2.0,100.0,30.730007
2204.0,3.0,20.0,2.0,100.0,40.253365
2205.0,5.0,20.0,2.0,100.0,3.1944764
2206.0,10.0,20.0,2.0,100.0,3.283688
2207.0,20.0,20.0,2.0,100.0,4.013763
2208.0,40.0,20.0,2.0,100.0,2.488067
2209.0,49.0,20.0,2.0,100.0,1.991087
2210.0,0.0,20.0,2.0,100.0,0.0
2211.0,0.5,20.0,2.0,100.0,0.0
2212.0,1.0,20.0,2.0,100.0,17.986105
2213.0,2.0,20.0,2.0,100.0,7.767453
2214.0,3.0,20.0,2.0,100.0,12.917473
2215.0,5.0,20.0,2.0,100.0,17.77371
2216.0,10.0,20.0,2.0,100.0,4.029304
2217.0,20.0,20.0,2.0,100.0,1.9910867
2218.0,40.0,20.0,2.0,100.0,2.9029124
2219.0,49.0,20.0,2.0,100.0,5.3953958
2220.0,0.0,20.0,2.0,100.0,0.0
2221.0,0.5,20.0,2.0,100.0,0.0
2222.0,1.0,20.0,2.0,100.0,0.0
2223.0,2.0,20.0,2.0,100.0,17.564169
2224.0,3.0,20.0,2.0,100.0,14.221045
2225.0,5.0,20.0,2.0,100.0,2.8793187
2226.0,10.0,20.0,2.0,100.0,4.62172
2227.0,20.0,20.0,2.0,100.0,3.8274176
2228.0,40.0,20.0,2.0,100.0,5.360109
2229.0,49.0,20.0,2.0,100.0,2.0224926
2230.0,0.0,20.0,2.0,100.0,0.0
2231.0,0.5,20.0,2.0,100.0,0.0
2232.0,1.0,20.0,2.0,100.0,0.0
2233.0,2.0,20.0,2.0,100.0,39.95414
2234.0,3.0,20.0,2.0,100.0,15.182226
2235.0,5.0,20.0,2.0,100.0,25.079872
2236.0,10.0,20.0,2.0,100.0,9.47951
2237.0,20.0,20.0,2.0,100.0,7.178009
2238.0,40.0,20.0,2.0,100.0,3.8059552
2239.0,49.0,20.0,2.0,100.0,2.4685154
2240.0,0.0,20.0,2.0,100.0,0.0
2241.0,0.5,20.0,2.0,100.0,34.64583
2242.0,1.0,20.0,2.0,100.0,0.0
2243.0,2.0,20.0,2.0,100.0,7.983156
2244.0,3.0,20.0,2.0,100.0,2.6192164
2245.0,5.0,20.0,2.0,100.0,15.890248
2246.0,10.0,20.0,2.0,100.0,6.2100005
2247.0,20.0,20.0,2.0,100.0,2.6732461
2248.0,40.0,20.0,2.0,100.0,2.8199966
2249.0,49.0,20.0,2.0,100.0,3.8549051
2250.0,0.0,20.0,2.0,100.0,0.0
2251.0,0.5,20.0,2.0,100.0,33.020195
2252.0,1.0,20.0,2.0,100.0,0.0
2253.0,2.0,20.0,2.0,100.0,8.161563
2254.0,3.0,20.0,2.0,100.0,32.50128
2255.0,5.0,20.0,2.0,100.0,6.8845797
2256.0,10.0,20.0,2.0,100.0,5.0803075
2257.0,20.0,20.0,2.0,100.0,4.3039293
2258.0,40.0,20.0,2.0,100.0,4.9377074
2259.0,49.0,20.0,2.0,100.0,5.163978
2260.0,0.0,20.0,2.0,100.0,0.0
2261.0,0.5,20.0,2.0,100.0,35.921207
2262.0,1.0,20.0,2.0,100.0,0.0
2263.0,2.0,20.0,2.0,100.0,13.350584
2264.0,3.0,20.0,2.0,100.0,14.014188
2265.0,5.0,20.0,2.0,100.0,7.899205
2266.0,10.0,20.0,2.0,100.0,3.0155542
2267.0,20.0,20.0,2.0,100.0,6.661903
2268.0,40.0,20.0,2.0,100.0,6.031663
2269.0,49.0,20.0,2.0,100.0,3.7922225
2270.0,0.0,20.0,2.0,100.0,0.0
2271.0,0.5,20.0,2.0,100.0,41.01626
2272.0,1.0,20.0,2.0,100.0,35.303444
2273.0,2.0,20.0,2.0,100.0,13.486694
2274.0,3.0,20.0,2.0,100.0,45.214306
2275.0,5.0,20.0,2.0,100.0,32.316147
2276.0,10.0,20.0,2.0,100.0,14.80172
2277.0,20.0,20.0,2.0,100.0,6.511331
2278.0,40.0,20.0,2.0,100.0,9.321529
2279.0,49.0,20.0,2.0,100.0,5.6526446
2280.0,0.0,20.0,2.0,100.0,0.0
2281.0,0.5,20.0,2.0,100.0,23.234911
2282.0,1.0,20.0,2.0,100.0,42.899105
2283.0,2.0,20.0,2.0,100.0,33.47138
2284.0,3.0,20.0,2.0,100.0,19.697716
2285.0,5.0,20.0,2.0,100.0,8.018162
2286.0,10.0,20.0,2.0,100.0,12.72418
2287.0,20.0,20.0,2.0,100.0,2.7185433
2288.0,40.0,20.0,2.0,100.0,6.3135023
2289.0,49.0,20.0,2.0,100.0,3.0183265
2290.0,0.0,20.0,2.0,100.0,0.0
2291.0,0.5,20.0,2.0,100.0,36.555893
2292.0,1.0,20.0,2.0,100.0,40.426888
2293.0,2.0,20.0,2.0,100.0,16.258331
2294.0,3.0,20.0,2.0,100.0,13.91442
2295.0,5.0,20.0,2.0,100.0,4.4783177
2296.0,10.0,20.0,2.0,100.0,5.483074
2297.0,20.0,20.0,2.0,100.0,8.395886
2298.0,40.0,20.0,2.0,100.0,3.966774
2299.0,49.0,20.0,2.0,100.0,7.203534
2300.0,0.0,20.0,2.0,100.0,0.0
2301.0,0.5,20.0,2.0,100.0,0.0
2302.0,1.0,20.0,2.0,100.0,14.750303
2303.0,2.0,20.0,2.0,100.0,28.988503
2304.0,3.0,20.0,2.0,100.0,17.785763
2305.0,5.0,20.0,2.0,100.0,10.252371
2306.0,10.0,20.0,2.0,100.0,6.597258
2307.0,20.0,20.0,2.0,100.0,2.497057
2308.0,40.0,20.0,2.0,100.0,4.1364594
2309.0,49.0,20.0,2.0,100.0,2.0713465
2310.0,0.0,20.0,2.0,100.0,0.0
2311.0,0.5,20.0,2.0,100.0,0.0
2312.0,1.0,20.0,2.0,100.0,0.0
2313.0,2.0,20.0,2.0,100.0,30.664854
2314.0,3.0,20.0,2.0,100.0,15.215124
2315.0,5.0,20.0,2.0,100.0,8.608781
2316.0,10.0,20.0,2.0,100.0,5.2599115
2317.0,20.0,20.0,2.0,100.0,3.0798206
2318.0,40.0,20.0,2.0,100.0,4.80251
2319.0,49.0,20.0,2.0,100.0,3.7894979
2320.0,0.0,20.0,2.0,100.0,0.0
2321.0,0.5,20.0,2.0,100.0,35.921207
2322.0,1.0,20.0,2.0,100.0,37.872593
2323.0,2.0,20.0,2.0,100.0,3.413081
2324.0,3.0,20.0,2.0,100.0,11.503623
2325.0,5.0,20.0,2.0,100.0,11.264586
2326.0,10.0,20.0,2.0,100.0,6.8272333
2327.0,20.0,20.0,2.0,100.0,3.6031175
2328.0,40.0,20.0,2.0,100.0,2.605854
2329.0,49.0,20.0,2.0,100.0,4.482771
2330.0,0.0,20.0,2.0,100.0,0.0
2331.0,0.5,20.0,2.0,100.0,28.041636
2332.0,1.0,20.0,2.0,100.0,15.280706
2333.0,2.0,20.0,2.0,100.0,32.005207
2334.0,3.0,20.0,2.0,100.0,19.104973
2335.0,5.0,20.0,2.0,100.0,11.095545
2336.0,10.0,20.0,2.0,100.0,10.080234
2337.0,20.0,20.0,2.0,100.0,3.6380343
2338.0,40.0,20.0,2.0,100.0,2.6898503
2339.0,49.0,20.0,2.0,100.0,3.1992648
2340.0,0.0,20.0,2.0,100.0,0.0
2341.0,0.5,20.0,2.0,100.0,37.872593
2342.0,1.0,20.0,2.0,100.0,0.0
2343.0,2.0,20.0,2.0,100.0,18.44888
2344.0,3.0,20.0,2.0,100.0,37.072002
2345.0,5.0,20.0,2.0,100.0,11.677376
2346.0,10.0,20.0,2.0,100.0,7.304869
2347.0,20.0,20.0,2.0,100.0,4.7609525
2348.0,40.0,20.0,2.0,100.0,2.8449194
2349.0,49.0,20.0,2.0,100.0,3.5510974
2350.0,0.0,20.0,2.0,100.0,0.0
2351.0,0.5,20.0,2.0,100.0,11.426465
2352.0,1.0,20.0,2.0,100.0,0.0
2353.0,2.0,20.0,2.0,100.0,39.95414
2354.0,3.0,20.0,2.0,100.0,2.309401
2355.0,5.0,20.0,2.0,100.0,2.725234
2356.0,10.0,20.0,2.0,100.0,3.2573447
2357.0,20.0,20.0,2.0,100.0,8.537618
2358.0,40.0,20.0,2.0,100.0,4.0116787
2359.0,49.0,20.0,2.0,100.0,2.8267431
2360.0,0.0,20.0,2.0,100.0,0.0
2361.0,0.5,20.0,2.0,100.0,0.0
2362.0,1.0,20.0,2.0,100.0,37.20663
2363.0,2.0,20.0,2.0,100.0,10.39765
2364.0,3.0,20.0,2.0,100.0,29.639502
2365.0,5.0,20.0,2.0,100.0,19.403608
2366.0,10.0,20.0,2.0,100.0,7.704616
2367.0,20.0,20.0,2.0,100.0,3.9400265
2368.0,40.0,20.0,2.0,100.0,2.5131235
2369.0,49.0,20.0,2.0,100.0,3.2802796
2370.0,0.0,20.0,2.0,100.0,0.0
2371.0,0.5,20.0,2.0,100.0,28.746014
2372.0,1.0,20.0,2.0,100.0,36.85557
2373.0,2.0,20.0,2.0,100.0,9.685532
2374.0,3.0,20.0,2.0,100.0,13.397761
2375.0,5.0,20.0,2.0,100.0,10.594249
2376.0,10.0,20.0,2.0,100.0,7.091608
2377.0,20.0,20.0,2.0,100.0,3.315189
2378.0,40.0,20.0,2.0,100.0,6.220202
2379.0,49.0,20.0,2.0,100.0,2.6627948
2380.0,0.0,20.0,2.0,100.0,0.0
2381.0,0.5,20.0,2.0,100.0,28.0238
2382.0,1.0,20.0,2.0,100.0,0.0
2383.0,2.0,20.0,2.0,100.0,28.552374
2384.0,3.0,20.0,2.0,100.0,30.088758
2385.0,5.0,20.0,2.0,100.0,9.610468
2386.0,10.0,20.0,2.0,100.0,3.054188
2387.0,20.0,20.0,2.0,100.0,4.434712
2388.0,40.0,20.0,2.0,100.0,3.2462306
2389.0,49.0,20.0,2.0,100.0,3.5989416
2390.0,0.0,20.0,2.0,100.0,0.0
2391.0,0.5,20.0,2.0,100.0,0.0
2392.0,1.0,20.0,2.0,100.0,42.14657
2393.0,2.0,20.0,2.0,100.0,42.14657
2394.0,3.0,20.0,2.0,100.0,8.791525
2395.0,5.0,20.0,2.0,100.0,14.802402
2396.0,10.0,20.0,2.0,100.0,17.925774
2397.0,20.0,20.0,2.0,100.0,4.169047
2398.0,40.0,20.0,2.0,100.0,6.3951106
2399.0,49.0,20.0,2.0,100.0,4.121322
2400.0,0.0,20.0,2.0,100.0,0.0
2401.0,0.5,20.0,2.0,100.0,40.673496
2402.0,1.0,20.0,2.0,100.0,42.899105
2403.0,2.0,20.0,2.0,100.0,20.207258
2404.0,3.0,20.0,2.0,100.0,13.523716
2405.0,5.0,20.0,2.0,100.0,8.479668
2406.0,10.0,20.0,2.0,100.0,7.980659
2407.0,20.0,20.0,2.0,100.0,8.092645
2408.0,40.0,20.0,2.0,100.0,5.2326813
2409.0,49.0,20.0,2.0,100.0,3.9761193
2410.0,0.0,20.0,2.0,100.0,0.0
2411.0,0.5,20.0,2.0,100.0,0.0
2412.0,1.0,20.0,2.0,100.0,11.086242
2413.0,2.0,20.0,2.0,100.0,13.057565
2414.0,3.0,20.0,2.0,100.0,18.371174
2415.0,5.0,20.0,2.0,100.0,7.76132
2416.0,10.0,20.0,2.0,100.0,12.932057
2417.0,20.0,20.0,2.0,100.0,3.052178
2418.0,40.0,20.0,2.0,100.0,4.385806
2419.0,49.0,20.0,2.0,100.0,4.428351
2420.0,0.0,20.0,2.0,100.0,0.0
2421.0,0.5,20.0,2.0,100.0,24.027763
2422.0,1.0,20.0,2.0,100.0,28.988503
2423.0,2.0,20.0,2.0,100.0,0.0
2424.0,3.0,20.0,2.0,100.0,22.825424
2425.0,5.0,20.0,2.0,100.0,13.597969
2426.0,10.0,20.0,2.0,100.0,2.3857284
2427.0,20.0,20.0,2.0,100.0,3.3011267
2428.0,40.0,20.0,2.0,100.0,3.3705037
2429.0,49.0,20.0,2.0,100.0,3.3307009
2430.0,0.0,20.0,2.0,100.0,0.0
2431.0,0.5,20.0,2.0,100.0,35.303444
2432.0,1.0,20.0,2.0,100.0,3.9761193
2433.0,2.0,20.0,2.0,100.0,24.131584
2434.0,3.0,20.0,2.0,100.0,17.392527
2435.0,5.0,20.0,2.0,100.0,19.723083
2436.0,10.0,20.0,2.0,100.0,7.9177594
2437.0,20.0,20.0,2.0,100.0,4.2848916
2438.0,40.0,20.0,2.0,100.0,3.5157208
2439.0,49.0,20.0,2.0,100.0,4.580971
2440.0,0.0,20.0,2.0,100.0,0.0
2441.0,0.5,20.0,2.0,100.0,42.14657
2442.0,1.0,20.0,2.0,100.0,37.872593
2443.0,2.0,20.0,2.0,100.0,14.543039
2444.0,3.0,20.0,2.0,100.0,11.056134
2445.0,5.0,20.0,2.0,100.0,30.892286
2446.0,10.0,20.0,2.0,100.0,10.515294
2447.0,20.0,20.0,2.0,100.0,5.889899
2448.0,40.0,20.0,2.0,100.0,3.1922526
2449.0,49.0,20.0,2.0,100.0,2.805592
2450.0,0.0,20.0,2.0,100.0,0.0
2451.0,0.5,20.0,2.0,100.0,0.0
2452.0,1.0,20.0,2.0,100.0,6.549614
2453.0,2.0,20.0,2.0,100.0,0.0
2454.0,3.0,20.0,2.0,100.0,4.7286673
2455.0,5.0,20.0,2.0,100.0,2.9970746
2456.0,10.0,20.0,2.0,100.0,3.3601305
2457.0,20.0,20.0,2.0,100.0,3.404479
2458.0,40.0,20.0,2.0,100.0,3.5861254
2459.0,49.0,20.0,2.0,100.0,5.278285
2460.0,0.0,20.0,2.0,100.0,8.129632
2461.0,0.5,20.0,2.0,100.0,51.733288
2462.0,1.0,20.0,2.0,100.0,46.800995
2463.0,2.0,20.0,2.0,100.0,18.748333
2464.0,3.0,20.0,2.0,100.0,11.920189
2465.0,5.0,20.0,2.0,100.0,11.826289
2466.0,10.0,20.0,2.0,100.0,3.309438
2467.0,20.0,20.0,2.0,100.0,3.0703259
2468.0,40.0,20.0,2.0,100.0,4.6621127
2469.0,49.0,20.0,2.0,100.0,3.5251808
2470.0,0.0,20.0,2.0,100.0,0.0
2471.0,0.5,20.0,2.0,100.0,0.0
2472.0,1.0,20.0,2.0,100.0,19.339079
2473.0,2.0,20.0,2.0,100.0,40.673496
2474.0,3.0,20.0,2.0,100.0,36.50114
2475.0,5.0,20.0,2.0,100.0,14.862866
2476.0,10.0,20.0,2.0,100.0,6.382421
2477.0,20.0,20.0,2.0,100.0,5.475883
2478.0,40.0,20.0,2.0,100.0,5.5634866
2479.0,49.0,20.0,2.0,100.0,3.7982762
2480.0,0.0,20.0,2.0,100.0,0.0
2481.0,0.5,20.0,2.0,100.0,29.399546
2482.0,1.0,20.0,2.0,100.0,20.502033
2483.0,2.0,20.0,2.0,100.0,21.126602
2484.0,3.0,20.0,2.0,100.0,9.869014
2485.0,5.0,20.0,2.0,100.0,9.459964
2486.0,10.0,20.0,2.0,100.0,7.272614
2487.0,20.0,20.0,2.0,100.0,4.6885457
2488.0,40.0,20.0,2.0,100.0,3.5409057
2489.0,49.0,20.0,2.0,100.0,4.935615
2490.0,0.0,20.0,2.0,100.0,0.0
2491.0,0.5,20.0,2.0,100.0,0.0
2492.0,1.0,20.0,2.0,100.0,0.0
2493.0,2.0,20.0,2.0,100.0,22.854614
2494.0,3.0,20.0,2.0,100.0,3.0183263
2495.0,5.0,20.0,2.0,100.0,3.7393122
2496.0,10.0,20.0,2.0,100.0,3.798276
2497.0,20.0,20.0,2.0,100.0,4.169047
2498.0,40.0,20.0,2.0,100.0,4.6888475
2499.0,49.0,20.0,2.0,100.0,3.5686543
2500.0,0.0,20.0,2.0,100.0,0.0
2501.0,0.5,20.0,2.0,100.0,53.42596
2502.0,1.0,20.0,2.0,100.0,0.0
2503.0,2.0,20.0,2.0,100.0,49.166386
2504.0,3.0,20.0,2.0,100.0,17.214334
2505.0,5.0,20.0,2.0,100.0,9.095646
2506.0,10.0,20.0,2.0,100.0,6.7747655
2507.0,20.0,20.0,2.0,100.0,6.0192003
2508.0,40.0,20.0,2.0,100.0,2.5710492
2509.0,49.0,20.0,2.0,100.0,3.2573447
2510.0,0.0,20.0,2.0,100.0,0.0
2511.0,0.5,20.0,2.0,100.0,35.83992
2512.0,1.0,20.0,2.0,100.0,13.5769415
2513.0,2.0,20.0,2.0,100.0,37.20663
2514.0,3.0,20.0,2.0,100.0,39.247078
2515.0,5.0,20.0,2.0,100.0,34.64583
2516.0,10.0,20.0,2.0,100.0,9.829095
2517.0,20.0,20.0,2.0,100.0,6.078847
2518.0,40.0,20.0,2.0,100.0,5.665267
2519.0,49.0,20.0,2.0,100.0,4.1665688
2520.0,0.0,20.0,2.0,100.0,0.0
2521.0,0.5,20.0,2.0,100.0,29.19475
2522.0,1.0,20.0,2.0,100.0,48.418316
2523.0,2.0,20.0,2.0,100.0,25.890797
2524.0,3.0,20.0,2.0,100.0,20.256685
2525.0,5.0,20.0,2.0,100.0,7.364652
2526.0,10.0,20.0,2.0,100.0,4.775932
2527.0,20.0,20.0,2.0,100.0,5.1053014
2528.0,40.0,20.0,2.0,100.0,4.120978
2529.0,49.0,20.0,2.0,100.0,4.616903
2530.0,0.0,20.0,2.0,100.0,0.0
2531.0,0.5,20.0,2.0,100.0,0.0
2532.0,1.0,20.0,2.0,100.0,38.552994
2533.0,2.0,20.0,2.0,100.0,25.189283
2534.0,3.0,20.0,2.0,100.0,31.53305
2535.0,5.0,20.0,2.0,100.0,21.86321
2536.0,10.0,20.0,2.0,100.0,3.5200112
2537.0,20.0,20.0,2.0,100.0,5.327378
2538.0,40.0,20.0,2.0,100.0,4.4000335
2539.0,49.0,20.0,2.0,100.0,5.1083508
2540.0,0.0,20.0,2.0,100.0,0.0
2541.0,0.5,20.0,2.0,100.0,14.502873
2542.0,1.0,20.0,2.0,100.0,37.872593
2543.0,2.0,20.0,2.0,100.0,10.959521
2544.0,3.0,20.0,2.0,100.0,3.4293199
2545.0,5.0,20.0,2.0,100.0,8.657504
2546.0,10.0,20.0,2.0,100.0,9.13023
2547.0,20.0,20.0,2.0,100.0,3.5409057
2548.0,40.0,20.0,2.0,100.0,2.4459062
2549.0,49.0,20.0,2.0,100.0,3.8871963
2550.0,0.0,20.0,2.0,100.0,0.0
2551.0,0.5,20.0,2.0,100.0,35.921207
2552.0,1.0,20.0,2.0,100.0,15.524175
2553.0,2.0,20.0,2.0,100.0,17.564169
2554.0,3.0,20.0,2.0,100.0,25.13961
2555.0,5.0,20.0,2.0,100.0,3.4615684
2556.0,10.0,20.0,2.0,100.0,9.961832
2557.0,20.0,20.0,2.0,100.0,3.5209992
2558.0,40.0,20.0,2.0,100.0,4.313965
2559.0,49.0,20.0,2.0,100.0,3.6035113
2560.0,0.0,20.0,2.0,100.0,0.0
2561.0,0.5,20.0,2.0,100.0,0.0
2562.0,1.0,20.0,2.0,100.0,21.035685
2563.0,2.0,20.0,2.0,100.0,21.82888
2564.0,3.0,20.0,2.0,100.0,18.583145
2565.0,5.0,20.0,2.0,100.0,27.153883
2566.0,10.0,20.0,2.0,100.0,4.980916
2567.0,20.0,20.0,2.0,100.0,2.467889
2568.0,40.0,20.0,2.0,100.0,3.509386
2569.0,49.0,20.0,2.0,100.0,3.7541401
2570.0,0.0,20.0,2.0,100.0,0.0
2571.0,0.5,20.0,2.0,100.0,35.921207
2572.0,1.0,20.0,2.0,100.0,0.0
2573.0,2.0,20.0,2.0,100.0,30.28751
2574.0,3.0,20.0,2.0,100.0,5.194737
2575.0,5.0,20.0,2.0,100.0,3.785939
2576.0,10.0,20.0,2.0,100.0,14.174088
2577.0,20.0,20.0,2.0,100.0,6.5643663
2578.0,40.0,20.0,2.0,100.0,10.406292
2579.0,49.0,20.0,2.0,100.0,3.7229414
2580.0,0.0,20.0,2.0,100.0,0.0
2581.0,0.5,20.0,2.0,100.0,32.316147
2582.0,1.0,20.0,2.0,100.0,28.676355
2583.0,2.0,20.0,2.0,100.0,22.271057
2584.0,3.0,20.0,2.0,100.0,19.42936
2585.0,5.0,20.0,2.0,100.0,21.594753
2586.0,10.0,20.0,2.0,100.0,6.4877505
2587.0,20.0,20.0,2.0,100.0,5.8145957
2588.0,40.0,20.0,2.0,100.0,6.1225243
2589.0,49.0,20.0,2.0,100.0,2.4685152
2590.0,0.0,20.0,2.0,100.0,0.0
2591.0,0.5,20.0,2.0,100.0,12.405277
2592.0,1.0,20.0,2.0,100.0,20.231987
2593.0,2.0,20.0,2.0,100.0,17.363756
2594.0,3.0,20.0,2.0,100.0,17.156145
2595.0,5.0,20.0,2.0,100.0,28.112867
2596.0,10.0,20.0,2.0,100.0,5.380742
2597.0,20.0,20.0,2.0,100.0,5.974187
2598.0,40.0,20.0,2.0,100.0,5.4467115
2599.0,49.0,20.0,2.0,100.0,4.539856
2600.0,0.0,20.0,2.0,100.0,0.0
2601.0,0.5,20.0,2.0,100.0,54.280136
2602.0,1.0,20.0,2.0,100.0,0.0
2603.0,2.0,20.0,2.0,100.0,27.901613
2604.0,3.0,20.0,2.0,100.0,40.451614
2605.0,5.0,20.0,2.0,100.0,9.504385
2606.0,10.0,20.0,2.0,100.0,12.880403
2607.0,20.0,20.0,2.0,100.0,2.773171
2608.0,40.0,20.0,2.0,100.0,3.1944764
2609.0,49.0,20.0,2.0,100.0,3.0883675
2610.0,0.0,20.0,2.0,100.0,0.0
2611.0,0.5,20.0,2.0,100.0,0.0
2612.0,1.0,20.0,2.0,100.0,0.0
2613.0,2.0,20.0,2.0,100.0,36.555893
2614.0,3.0,20.0,2.0,100.0,37.072002
2615.0,5.0,20.0,2.0,100.0,10.741551
2616.0,10.0,20.0,2.0,100.0,8.978369
2617.0,20.0,20.0,2.0,100.0,3.333211
2618.0,40.0,20.0,2.0,100.0,2.8949873
2619.0,49.0,20.0,2.0,100.0,3.0339212
2620.0,0.0,20.0,2.0,100.0,0.0
2621.0,0.5,20.0,2.0,100.0,50.895317
2622.0,1.0,20.0,2.0,100.0,15.176737
2623.0,2.0,20.0,2.0,100.0,7.5736575
2624.0,3.0,20.0,2.0,100.0,10.034486
2625.0,5.0,20.0,2.0,100.0,2.6249716
2626.0,10.0,20.0,2.0,100.0,8.557926
2627.0,20.0,20.0,2.0,100.0,8.092646
2628.0,40.0,20.0,2.0,100.0,4.835386
2629.0,49.0,20.0,2.0,100.0,3.7393122
2630.0,0.0,20.0,2.0,100.0,0.0
2631.0,0.5,20.0,2.0,100.0,0.0
2632.0,1.0,20.0,2.0,100.0,43.890015
2633.0,2.0,20.0,2.0,100.0,5.8145967
2634.0,3.0,20.0,2.0,100.0,26.00641
2635.0,5.0,20.0,2.0,100.0,44.881325
2636.0,10.0,20.0,2.0,100.0,4.700097
2637.0,20.0,20.0,2.0,100.0,3.3889961
2638.0,40.0,20.0,2.0,100.0,3.0968494
2639.0,49.0,20.0,2.0,100.0,1.6329932
2640.0,0.0,20.0,2.0,100.0,0.0
2641.0,0.5,20.0,2.0,100.0,0.0
2642.0,1.0,20.0,2.0,100.0,49.237522
2643.0,2.0,20.0,2.0,100.0,28.536526
2644.0,3.0,20.0,2.0,100.0,24.906492
2645.0,5.0,20.0,2.0,100.0,14.970341
2646.0,10.0,20.0,2.0,100.0,7.462634
2647.0,20.0,20.0,2.0,100.0,4.2201333
2648.0,40.0,20.0,2.0,100.0,3.4034295
2649.0,49.0,20.0,2.0,100.0,2.4475448
2650.0,0.0,20.0,2.0,100.0,0.0
2651.0,0.5,20.0,2.0,100.0,18.66114
2652.0,1.0,20.0,2.0,100.0,28.219378
2653.0,2.0,20.0,2.0,100.0,25.57994
2654.0,3.0,20.0,2.0,100.0,3.5057776
2655.0,5.0,20.0,2.0,100.0,27.138533
2656.0,10.0,20.0,2.0,100.0,13.136644
2657.0,20.0,20.0,2.0,100.0,2.9920528
2658.0,40.0,20.0,2.0,100.0,3.1201434
2659.0,49.0,20.0,2.0,100.0,3.5590258
2660.0,0.0,20.0,2.0,100.0,0.0
2661.0,0.5,20.0,2.0,100.0,0.0
2662.0,1.0,20.0,2.0,100.0,37.20663
2663.0,2.0,20.0,2.0,100.0,24.698177
2664.0,3.0,20.0,2.0,100.0,25.149553
2665.0,5.0,20.0,2.0,100.0,18.748333
2666.0,10.0,20.0,2.0,100.0,8.207381
2667.0,20.0,20.0,2.0,100.0,3.4256814
2668.0,40.0,20.0,2.0,100.0,4.1213217
2669.0,49.0,20.0,2.0,100.0,3.6794038
2670.0,0.0,20.0,2.0,100.0,0.0
2671.0,0.5,20.0,2.0,100.0,49.23752
2672.0,1.0,20.0,2.0,100.0,37.872593
2673.0,2.0,20.0,2.0,100.0,38.626415
2674.0,3.0,20.0,2.0,100.0,8.688551
2675.0,5.0,20.0,2.0,100.0,12.893335
2676.0,10.0,20.0,2.0,100.0,9.586698
2677.0,20.0,20.0,2.0,100.0,3.1241374
2678.0,40.0,20.0,2.0,100.0,5.1053014
2679.0,49.0,20.0,2.0,100.0,3.5565605
2680.0,0.0,20.0,2.0,100.0,0.0
2681.0,0.5,20.0,2.0,100.0,34.703506
2682.0,1.0,20.0,2.0,100.0,46.801
2683.0,2.0,20.0,2.0,100.0,26.633312
2684.0,3.0,20.0,2.0,100.0,16.196707
2685.0,5.0,20.0,2.0,100.0,13.700033
2686.0,10.0,20.0,2.0,100.0,7.555853
2687.0,20.0,20.0,2.0,100.0,6.128956
2688.0,40.0,20.0,2.0,100.0,3.333211
2689.0,49.0,20.0,2.0,100.0,2.808999
2690.0,0.0,20.0,2.0,100.0,0.0
2691.0,0.5,20.0,2.0,100.0,0.0
2692.0,1.0,20.0,2.0,100.0,45.214306
2693.0,2.0,20.0,2.0,100.0,42.14657
2694.0,3.0,20.0,2.0,100.0,15.016658
2695.0,5.0,20.0,2.0,100.0,16.29417
2696.0,10.0,20.0,2.0,100.0,8.207381
2697.0,20.0,20.0,2.0,100.0,3.7922227
2698.0,40.0,20.0,2.0,100.0,4.4668093
2699.0,49.0,20.0,2.0,100.0,4.313965
2700.0,0.0,20.0,2.0,100.0,15.202339
2701.0,0.5,20.0,2.0,100.0,0.0
2702.0,1.0,20.0,2.0,100.0,28.536526
2703.0,2.0,20.0,2.0,100.0,11.031361
2704.0,3.0,20.0,2.0,100.0,19.553347
2705.0,5.0,20.0,2.0,100.0,11.379407
2706.0,10.0,20.0,2.0,100.0,8.8707905
2707.0,20.0,20.0,2.0,100.0,5.2660017
2708.0,40.0,20.0,2.0,100.0,2.0953462
2709.0,49.0,20.0,2.0,100.0,3.0594597
2710.0,0.0,20.0,2.0,100.0,0.0
2711.0,0.5,20.0,2.0,100.0,0.0
2712.0,1.0,20.0,2.0,100.0,53.42596
2713.0,2.0,20.0,2.0,100.0,20.297783
2714.0,3.0,20.0,2.0,100.0,15.703856
2715.0,5.0,20.0,2.0,100.0,16.598192
2716.0,10.0,20.0,2.0,100.0,4.2201333
2717.0,20.0,20.0,2.0,100.0,2.4475448
2718.0,40.0,20.0,2.0,100.0,3.8549051
2719.0,49.0,20.0,2.0,100.0,3.4293199
2720.0,0.0,20.0,2.0,100.0,26.499775
2721.0,0.5,20.0,2.0,100.0,46.003624
2722.0,1.0,20.0,2.0,100.0,46.801
2723.0,2.0,20.0,2.0,100.0,15.049917
2724.0,3.0,20.0,2.0,100.0,9.286053
2725.0,5.0,20.0,2.0,100.0,6.4985204
2726.0,10.0,20.0,2.0,100.0,8.731024
2727.0,20.0,20.0,2.0,100.0,3.2632992
2728.0,40.0,20.0,2.0,100.0,3.1599517
2729.0,49.0,20.0,2.0,100.0,2.621325
2730.0,0.0,20.0,2.0,100.0,0.0
2731.0,0.5,20.0,2.0,100.0,53.42596
2732.0,1.0,20.0,2.0,100.0,0.0
2733.0,2.0,20.0,2.0,100.0,12.3231945
2734.0,3.0,20.0,2.0,100.0,9.904086
2735.0,5.0,20.0,2.0,100.0,19.962465
2736.0,10.0,20.0,2.0,100.0,4.6239543
2737.0,20.0,20.0,2.0,100.0,4.151879
2738.0,40.0,20.0,2.0,100.0,7.462634
2739.0,49.0,20.0,2.0,100.0,3.1418695
2740.0,0.0,20.0,2.0,100.0,0.0
2741.0,0.5,20.0,2.0,100.0,0.0
2742.0,1.0,20.0,2.0,100.0,28.746014
2743.0,2.0,20.0,2.0,100.0,12.961481
2744.0,3.0,20.0,2.0,100.0,10.473343
2745.0,5.0,20.0,2.0,100.0,33.12099
2746.0,10.0,20.0,2.0,100.0,6.204104
2747.0,20.0,20.0,2.0,100.0,7.7259893
2748.0,40.0,20.0,2.0,100.0,3.3473392
2749.0,49.0,20.0,2.0,100.0,3.525181
2750.0,0.0,20.0,2.0,100.0,0.0
2751.0,0.5,20.0,2.0,100.0,42.14657
2752.0,1.0,20.0,2.0,100.0,12.66228
2753.0,2.0,20.0,2.0,100.0,16.17317
2754.0,3.0,20.0,2.0,100.0,24.58319
2755.0,5.0,20.0,2.0,100.0,11.629191
2756.0,10.0,20.0,2.0,100.0,4.4986773
2757.0,20.0,20.0,2.0,100.0,5.977522
2758.0,40.0,20.0,2.0,100.0,4.919825
2759.0,49.0,20.0,2.0,100.0,5.109823
2760.0,0.0,20.0,2.0,100.0,0.0
2761.0,0.5,20.0,2.0,100.0,0.0
2762.0,1.0,20.0,2.0,100.0,0.0
2763.0,2.0,20.0,2.0,100.0,30.270998
2764.0,3.0,20.0,2.0,100.0,13.21405
2765.0,5.0,20.0,2.0,100.0,20.2608
2766.0,10.0,20.0,2.0,100.0,3.798276
2767.0,20.0,20.0,2.0,100.0,3.0806618
2768.0,40.0,20.0,2.0,100.0,3.590331
2769.0,49.0,20.0,2.0,100.0,3.3897605
2770.0,0.0,20.0,2.0,100.0,0.0
2771.0,0.5,20.0,2.0,100.0,28.565714
2772.0,1.0,20.0,2.0,100.0,6.2100005
2773.0,2.0,20.0,2.0,100.0,20.627651
2774.0,3.0,20.0,2.0,100.0,24.027763
2775.0,5.0,20.0,2.0,100.0,10.969655
2776.0,10.0,20.0,2.0,100.0,17.785763
2777.0,20.0,20.0,2.0,100.0,4.5531054
2778.0,40.0,20.0,2.0,100.0,3.1595025
2779.0,49.0,20.0,2.0,100.0,4.442442
2780.0,0.0,20.0,2.0,100.0,0.0
2781.0,0.5,20.0,2.0,100.0,36.555893
2782.0,1.0,20.0,2.0,100.0,48.418316
2783.0,2.0,20.0,2.0,100.0,13.96424
2784.0,3.0,20.0,2.0,100.0,19.442223
2785.0,5.0,20.0,2.0,100.0,13.948886
2786.0,10.0,20.0,2.0,100.0,10.355583
2787.0,20.0,20.0,2.0,100.0,2.8036218
2788.0,40.0,20.0,2.0,100.0,4.385806
2789.0,49.0,20.0,2.0,100.0,2.825324
2790.0,0.0,20.0,2.0,100.0,0.0
2791.0,0.5,20.0,2.0,100.0,0.0
2792.0,1.0,20.0,2.0,100.0,21.779194
2793.0,2.0,20.0,2.0,100.0,40.673496
2794.0,3.0,20.0,2.0,100.0,18.343937
2795.0,5.0,20.0,2.0,100.0,11.686378
2796.0,10.0,20.0,2.0,100.0,6.5276566
2797.0,20.0,20.0,2.0,100.0,3.0339212
2798.0,40.0,20.0,2.0,100.0,4.320494
2799.0,49.0,20.0,2.0,100.0,2.5476415
2800.0,0.0,20.0,2.0,100.0,0.0
2801.0,0.5,20.0,2.0,100.0,41.404507
2802.0,1.0,20.0,2.0,100.0,43.661575
2803.0,2.0,20.0,2.0,100.0,14.734692
2804.0,3.0,20.0,2.0,100.0,12.459458
2805.0,5.0,20.0,2.0,100.0,8.665502
2806.0,10.0,20.0,2.0,100.0,5.433582
2807.0,20.0,20.0,2.0,100.0,10.568393
2808.0,40.0,20.0,2.0,100.0,3.4799848
2809.0,49.0,20.0,2.0,100.0,4.8203
2810.0,0.0,20.0,2.0,100.0,0.0
2811.0,0.5,20.0,2.0,100.0,15.194115
2812.0,1.0,20.0,2.0,100.0,28.041636
2813.0,2.0,20.0,2.0,100.0,13.288018
2814.0,3.0,20.0,2.0,100.0,6.506407
2815.0,5.0,20.0,2.0,100.0,11.218784
2816.0,10.0,20.0,2.0,100.0,4.6766815
2817.0,20.0,20.0,2.0,100.0,5.151506
2818.0,40.0,20.0,2.0,100.0,3.347339
2819.0,49.0,20.0,2.0,100.0,8.909599
2820.0,0.0,20.0,2.0,100.0,16.236105
2821.0,0.5,20.0,2.0,100.0,42.14657
2822.0,1.0,20.0,2.0,100.0,48.418316
2823.0,2.0,20.0,2.0,100.0,15.751543
2824.0,3.0,20.0,2.0,100.0,23.537205
2825.0,5.0,20.0,2.0,100.0,29.399546
2826.0,10.0,20.0,2.0,100.0,8.310482
2827.0,20.0,20.0,2.0,100.0,2.8036215
2828.0,40.0,20.0,2.0,100.0,9.14134
2829.0,49.0,20.0,2.0,100.0,3.694472
2830.0,0.0,20.0,2.0,100.0,0.0
2831.0,0.5,20.0,2.0,100.0,0.0
2832.0,1.0,20.0,2.0,100.0,37.872593
2833.0,2.0,20.0,2.0,100.0,32.50128
2834.0,3.0,20.0,2.0,100.0,22.678917
2835.0,5.0,20.0,2.0,100.0,13.536548
2836.0,10.0,20.0,2.0,100.0,7.6394444
2837.0,20.0,20.0,2.0,100.0,7.6348486
2838.0,40.0,20.0,2.0,100.0,3.347339
2839.0,49.0,20.0,2.0,100.0,3.8386576
2840.0,0.0,20.0,2.0,100.0,25.953255
2841.0,0.5,20.0,2.0,100.0,48.418316
2842.0,1.0,20.0,2.0,100.0,30.664854
2843.0,2.0,20.0,2.0,100.0,39.95414
2844.0,3.0,20.0,2.0,100.0,19.687841
2845.0,5.0,20.0,2.0,100.0,18.571611
2846.0,10.0,20.0,2.0,100.0,1.5811388
2847.0,20.0,20.0,2.0,100.0,4.781244
2848.0,40.0,20.0,2.0,100.0,1.8682815
2849.0,49.0,20.0,2.0,100.0,4.284891
2850.0,0.0,20.0,2.0,100.0,0.0
2851.0,0.5,20.0,2.0,100.0,46.800995
2852.0,1.0,20.0,2.0,100.0,0.0
2853.0,2.0,20.0,2.0,100.0,4.041452
2854.0,3.0,20.0,2.0,100.0,35.303444
2855.0,5.0,20.0,2.0,100.0,5.555204
2856.0,10.0,20.0,2.0,100.0,5.889899
2857.0,20.0,20.0,2.0,100.0,5.647204
2858.0,40.0,20.0,2.0,100.0,4.011679
2859.0,49.0,20.0,2.0,100.0,4.4185753
2860.0,0.0,20.0,2.0,100.0,0.0
2861.0,0.5,20.0,2.0,100.0,0.0
2862.0,1.0,20.0,2.0,100.0,33.105892
2863.0,2.0,20.0,2.0,100.0,36.66515
2864.0,3.0,20.0,2.0,100.0,20.207258
2865.0,5.0,20.0,2.0,100.0,26.593948
2866.0,10.0,20.0,2.0,100.0,3.8386579
2867.0,20.0,20.0,2.0,100.0,4.456489
2868.0,40.0,20.0,2.0,100.0,4.6853366
2869.0,49.0,20.0,2.0,100.0,3.4130812
2870.0,0.0,20.0,2.0,100.0,0.0
2871.0,0.5,20.0,2.0,100.0,0.0
2872.0,1.0,20.0,2.0,100.0,0.0
2873.0,2.0,20.0,2.0,100.0,39.627434
2874.0,3.0,20.0,2.0,100.0,20.81666
2875.0,5.0,20.0,2.0,100.0,21.44761
2876.0,10.0,20.0,2.0,100.0,3.525181
2877.0,20.0,20.0,2.0,100.0,3.6042304
2878.0,40.0,20.0,2.0,100.0,3.1201432
2879.0,49.0,20.0,2.0,100.0,5.82159
2880.0,0.0,20.0,2.0,100.0,0.0
2881.0,0.5,20.0,2.0,100.0,0.0
2882.0,1.0,20.0,2.0,100.0,41.404507
2883.0,2.0,20.0,2.0,100.0,22.825424
2884.0,3.0,20.0,2.0,100.0,46.003624
2885.0,5.0,20.0,2.0,100.0,4.434712
2886.0,10.0,20.0,2.0,100.0,10.63442
2887.0,20.0,20.0,2.0,100.0,5.3756332
2888.0,40.0,20.0,2.0,100.0,2.861901
2889.0,49.0,20.0,2.0,100.0,4.6257367
2890.0,0.0,20.0,2.0,100.0,49.11551
2891.0,0.5,20.0,2.0,100.0,39.247078
2892.0,1.0,20.0,2.0,100.0,39.95414
2893.0,2.0,20.0,2.0,100.0,28.360771
2894.0,3.0,20.0,2.0,100.0,34.385075
2895.0,5.0,20.0,2.0,100.0,6.956827
2896.0,10.0,20.0,2.0,100.0,8.8238945
2897.0,20.0,20.0,2.0,100.0,4.028743
2898.0,40.0,20.0,2.0,100.0,3.4130812
2899.0,49.0,20.0,2.0,100.0,2.2071123
2900.0,0.0,20.0,2.0,100.0,0.0
2901.0,0.5,20.0,2.0,100.0,28.746014
2902.0,1.0,20.0,2.0,100.0,31.085901
2903.0,2.0,20.0,2.0,100.0,11.785787
2904.0,3.0,20.0,2.0,100.0,39.703064
2905.0,5.0,20.0,2.0,100.0,26.764404
2906.0,10.0,20.0,2.0,100.0,7.896905
2907.0,20.0,20.0,2.0,100.0,5.7934537
2908.0,40.0,20.0,2.0,100.0,2.86972
2909.0,49.0,20.0,2.0,100.0,3.3332112
2910.0,0.0,20.0,2.0,100.0,0.0
2911.0,0.5,20.0,2.0,100.0,36.555893
2912.0,1.0,20.0,2.0,100.0,40.673496
2913.0,2.0,20.0,2.0,100.0,49.237522
2914.0,3.0,20.0,2.0,100.0,16.802776
2915.0,5.0,20.0,2.0,100.0,15.445758
2916.0,10.0,20.0,2.0,100.0,6.685126
2917.0,20.0,20.0,2.0,100.0,3.5388994
2918.0,40.0,20.0,2.0,100.0,5.5763106
2919.0,49.0,20.0,2.0,100.0,3.4799848
2920.0,0.0,20.0,2.0,100.0,0.0
2921.0,0.5,20.0,2.0,100.0,0.0
2922.0,1.0,20.0,2.0,100.0,7.1180515
2923.0,2.0,20.0,2.0,100.0,14.195069
2924.0,3.0,20.0,2.0,100.0,34.703506
2925.0,5.0,20.0,2.0,100.0,20.940392
2926.0,10.0,20.0,2.0,100.0,17.10472
2927.0,20.0,20.0,2.0,100.0,3.1063037
2928.0,40.0,20.0,2.0,100.0,2.7368734
2929.0,49.0,20.0,2.0,100.0,4.7942977
2930.0,0.0,20.0,2.0,100.0,0.0
2931.0,0.5,20.0,2.0,100.0,0.0
2932.0,1.0,20.0,2.0,100.0,43.661575
2933.0,2.0,20.0,2.0,100.0,11.819091
2934.0,3.0,20.0,2.0,100.0,35.92121
2935.0,5.0,20.0,2.0,100.0,6.377042
2936.0,10.0,20.0,2.0,100.0,11.629191
2937.0,20.0,20.0,2.0,100.0,3.03158
2938.0,40.0,20.0,2.0,100.0,2.621325
2939.0,49.0,20.0,2.0,100.0,2.0232565
2940.0,0.0,20.0,2.0,100.0,0.0
2941.0,0.5,20.0,2.0,100.0,35.571526
2942.0,1.0,20.0,2.0,100.0,0.0
2943.0,2.0,20.0,2.0,100.0,14.279522
2944.0,3.0,20.0,2.0,100.0,26.159765
2945.0,5.0,20.0,2.0,100.0,15.297058
2946.0,10.0,20.0,2.0,100.0,11.03136
2947.0,20.0,20.0,2.0,100.0,5.023753
2948.0,40.0,20.0,2.0,100.0,2.9816904
2949.0,49.0,20.0,2.0,100.0,4.466809
2950.0,0.0,20.0,2.0,100.0,0.0
2951.0,0.5,20.0,2.0,100.0,27.540878
2952.0,1.0,20.0,2.0,100.0,14.611639
2953.0,2.0,20.0,2.0,100.0,34.268547
2954.0,3.0,20.0,2.0,100.0,0.0
2955.0,5.0,20.0,2.0,100.0,17.50238
2956.0,10.0,20.0,2.0,100.0,17.651386
2957.0,20.0,20.0,2.0,100.0,2.3854718
2958.0,40.0,20.0,2.0,100.0,3.2573447
2959.0,49.0,20.0,2.0,100.0,2.7000883
2960.0,0.0,20.0,2.0,100.0,0.0
2961.0,0.5,20.0,2.0,100.0,42.253204
2962.0,1.0,20.0,2.0,100.0,0.0
2963.0,2.0,20.0,2.0,100.0,10.580755
2964.0,3.0,20.0,2.0,100.0,27.934448
2965.0,5.0,20.0,2.0,100.0,17.578396
2966.0,10.0,20.0,2.0,100.0,3.841905
2967.0,20.0,20.0,2.0,100.0,3.2764761
2968.0,40.0,20.0,2.0,100.0,5.023474
2969.0,49.0,20.0,2.0,100.0,3.8993175
2970.0,0.0,20.0,2.0,100.0,0.0
2971.0,0.5,20.0,2.0,100.0,38.552994
2972.0,1.0,20.0,2.0,100.0,35.921207
2973.0,2.0,20.0,2.0,100.0,28.041634
2974.0,3.0,20.0,2.0,100.0,48.418316
2975.0,5.0,20.0,2.0,100.0,21.897488
2976.0,10.0,20.0,2.0,100.0,10.693975
2977.0,20.0,20.0,2.0,100.0,3.8871963
2978.0,40.0,20.0,2.0,100.0,3.8850443
2979.0,49.0,20.0,2.0,100.0,3.7922225
2980.0,0.0,20.0,2.0,100.0,0.0
2981.0,0.5,20.0,2.0,100.0,29.263174
2982.0,1.0,20.0,2.0,100.0,10.306831
2983.0,2.0,20.0,2.0,100.0,34.019604
2984.0,3.0,20.0,2.0,100.0,50.895317
2985.0,5.0,20.0,2.0,100.0,39.803684
2986.0,10.0,20.0,2.0,100.0,10.653638
2987.0,20.0,20.0,2.0,100.0,3.443878
2988.0,40.0,20.0,2.0,100.0,2.9343302
2989.0,49.0,20.0,2.0,100.0,4.7942977
2990.0,0.0,20.0,2.0,100.0,0.0
2991.0,0.5,20.0,2.0,100.0,31.408598
2992.0,1.0,20.0,2.0,100.0,34.703506
2993.0,2.0,20.0,2.0,100.0,5.721081
2994.0,3.0,20.0,2.0,100.0,40.673496
2995.0,5.0,20.0,2.0,100.0,9.565088
2996.0,10.0,20.0,2.0,100.0,8.9943
2997.0,20.0,20.0,2.0,100.0,3.1201434
2998.0,40.0,20.0,2.0,100.0,3.6551738
2999.0,49.0,20.0,2.0,100.0,4.589565
3000.0,0.0,20.0,2.0,100.0,0.0
3001.0,0.5,20.0,2.0,100.0,32.50128
3002.0,1.0,20.0,2.0,100.0,14.88257
3003.0,2.0,20.0,2.0,100.0,24.704926
3004.0,3.0,20.0,2.0,100.0,31.501322
3005.0,5.0,20.0,2.0,100.0,15.1657505
3006.0,10.0,20.0,2.0,100.0,6.08803
3007.0,20.0,20.0,2.0,100.0,4.7021585
3008.0,40.0,20.0,2.0,100.0,2.385472
3009.0,49.0,20.0,2.0,100.0,5.2975564
3010.0,0.0,20.0,2.0,100.0,0.0
3011.0,0.5,20.0,2.0,100.0,39.95414
3012.0,1.0,20.0,2.0,100.0,47.511402
3013.0,2.0,20.0,2.0,100.0,32.005207
3014.0,3.0,20.0,2.0,100.0,44.97036
3015.0,5.0,20.0,2.0,100.0,5.3911133
3016.0,10.0,20.0,2.0,100.0,5.575922
3017.0,20.0,20.0,2.0,100.0,5.629468
3018.0,40.0,20.0,2.0,100.0,2.6249719
3019.0,49.0,20.0,2.0,100.0,4.0908794
3020.0,0.0,20.0,2.0,100.0,0.0
3021.0,0.5,20.0,2.0,100.0,0.0
3022.0,1.0,20.0,2.0,100.0,44.43347
3023.0,2.0,20.0,2.0,100.0,7.4223247
3024.0,3.0,20.0,2.0,100.0,44.769783
3025.0,5.0,20.0,2.0,100.0,13.239748
3026.0,10.0,20.0,2.0,100.0,13.959266
3027.0,20.0,20.0,2.0,100.0,7.2726135
3028.0,40.0,20.0,2.0,100.0,2.8036218
3029.0,49.0,20.0,2.0,100.0,3.4293199
3030.0,0.0,20.0,2.0,100.0,0.0
3031.0,0.5,20.0,2.0,100.0,36.253735
3032.0,1.0,20.0,2.0,100.0,50.895317
3033.0,2.0,20.0,2.0,100.0,15.818915
3034.0,3.0,20.0,2.0,100.0,19.583157
3035.0,5.0,20.0,2.0,100.0,9.492687
3036.0,10.0,20.0,2.0,100.0,7.304869
3037.0,20.0,20.0,2.0,100.0,2.725234
3038.0,40.0,20.0,2.0,100.0,3.0394235
3039.0,49.0,20.0,2.0,100.0,2.9597695
3040.0,0.0,20.0,2.0,100.0,52.538876
3041.0,0.5,20.0,2.0,100.0,34.703506
3042.0,1.0,20.0,2.0,100.0,35.303444
3043.0,2.0,20.0,2.0,100.0,27.061657
3044.0,3.0,20.0,2.0,100.0,11.912379
3045.0,5.0,20.0,2.0,100.0,10.493384
3046.0,10.0,20.0,2.0,100.0,2.4230857
3047.0,20.0,20.0,2.0,100.0,4.299453
3048.0,40.0,20.0,2.0,100.0,4.404252
3049.0,49.0,20.0,2.0,100.0,4.9482617
3050.0,0.0,20.0,2.0,100.0,12.429437
3051.0,0.5,20.0,2.0,100.0,21.386003
3052.0,1.0,20.0,2.0,100.0,0.0
3053.0,2.0,20.0,2.0,100.0,18.56071
3054.0,3.0,20.0,2.0,100.0,12.747549
3055.0,5.0,20.0,2.0,100.0,6.5428987
3056.0,10.0,20.0,2.0,100.0,9.333334
3057.0,20.0,20.0,2.0,100.0,5.467855
3058.0,40.0,20.0,2.0,100.0,3.8223414
3059.0,49.0,20.0,2.0,100.0,3.2971723
3060.0,0.0,20.0,2.0,100.0,0.0
3061.0,0.5,20.0,2.0,100.0,46.800995
3062.0,1.0,20.0,2.0,100.0,49.237522
3063.0,2.0,20.0,2.0,100.0,31.085901
3064.0,3.0,20.0,2.0,100.0,14.067863
3065.0,5.0,20.0,2.0,100.0,11.898379
3066.0,10.0,20.0,2.0,100.0,6.549614
3067.0,20.0,20.0,2.0,100.0,7.6500854
3068.0,40.0,20.0,2.0,100.0,3.9418287
3069.0,49.0,20.0,2.0,100.0,3.052178
3070.0,0.0,20.0,2.0,100.0,0.0
3071.0,0.5,20.0,2.0,100.0,0.0
3072.0,1.0,20.0,2.0,100.0,32.316147
3073.0,2.0,20.0,2.0,100.0,30.088758
3074.0,3.0,20.0,2.0,100.0,9.504385
3075.0,5.0,20.0,2.0,100.0,20.062403
3076.0,10.0,20.0,2.0,100.0,8.864052
3077.0,20.0,20.0,2.0,100.0,4.8648405
3078.0,40.0,20.0,2.0,100.0,3.287784
3079.0,49.0,20.0,2.0,100.0,2.8858385
3080.0,0.0,20.0,2.0,100.0,0.0
3081.0,0.5,20.0,2.0,100.0,0.0
3082.0,1.0,20.0,2.0,100.0,0.0
3083.0,2.0,20.0,2.0,100.0,10.503967
3084.0,3.0,20.0,2.0,100.0,15.934389
3085.0,5.0,20.0,2.0,100.0,6.4312606
3086.0,10.0,20.0,2.0,100.0,5.6625175
3087.0,20.0,20.0,2.0,100.0,6.2682457
3088.0,40.0,20.0,2.0,100.0,2.4047055
3089.0,49.0,20.0,2.0,100.0,2.725234
3090.0,0.0,20.0,2.0,100.0,0.0
3091.0,0.5,20.0,2.0,100.0,23.459185
3092.0,1.0,20.0,2.0,100.0,0.0
3093.0,2.0,20.0,2.0,100.0,52.576927
3094.0,3.0,20.0,2.0,100.0,22.72297
3095.0,5.0,20.0,2.0,100.0,12.389512
3096.0,10.0,20.0,2.0,100.0,12.432676
3097.0,20.0,20.0,2.0,100.0,7.0207486
3098.0,40.0,20.0,2.0,100.0,5.42042
3099.0,49.0,20.0,2.0,100.0,2.9920528
3100.0,0.0,20.0,2.0,100.0,0.0
3101.0,0.5,20.0,2.0,100.0,0.0
3102.0,1.0,20.0,2.0,100.0,10.802357
3103.0,2.0,20.0,2.0,100.0,0.0
3104.0,3.0,20.0,2.0,100.0,51.69462
3105.0,5.0,20.0,2.0,100.0,3.1992648
3106.0,10.0,20.0,2.0,100.0,4.1710234
3107.0,20.0,20.0,2.0,100.0,3.0521777
3108.0,40.0,20.0,2.0,100.0,4.3313084
3109.0,49.0,20.0,2.0,100.0,4.353433
3110.0,0.0,20.0,2.0,100.0,0.0
3111.0,0.5,20.0,2.0,100.0,28.746014
3112.0,1.0,20.0,2.0,100.0,0.0
3113.0,2.0,20.0,2.0,100.0,29.569128
3114.0,3.0,20.0,2.0,100.0,19.857828
3115.0,5.0,20.0,2.0,100.0,7.318751
3116.0,10.0,20.0,2.0,100.0,3.5565605
3117.0,20.0,20.0,2.0,100.0,3.257345
3118.0,40.0,20.0,2.0,100.0,3.295496
3119.0,49.0,20.0,2.0,100.0,4.5773773
3120.0,0.0,20.0,2.0,100.0,0.0
3121.0,0.5,20.0,2.0,100.0,28.536526
3122.0,1.0,20.0,2.0,100.0,28.112867
3123.0,2.0,20.0,2.0,100.0,0.0
3124.0,3.0,20.0,2.0,100.0,31.59905
3125.0,5.0,20.0,2.0,100.0,14.091537
3126.0,10.0,20.0,2.0,100.0,7.9127183
3127.0,20.0,20.0,2.0,100.0,6.1555595
3128.0,40.0,20.0,2.0,100.0,3.8128748
3129.0,49.0,20.0,2.0,100.0,2.7657049
3130.0,0.0,20.0,2.0,100.0,12.988106
3131.0,0.5,20.0,2.0,100.0,6.0905867
3132.0,1.0,20.0,2.0,100.0,32.50128
3133.0,2.0,20.0,2.0,100.0,49.237522
3134.0,3.0,20.0,2.0,100.0,32.036438
3135.0,5.0,20.0,2.0,100.0,10.193369
3136.0,10.0,20.0,2.0,100.0,13.494856
3137.0,20.0,20.0,2.0,100.0,3.4073884
3138.0,40.0,20.0,2.0,100.0,2.490919
3139.0,49.0,20.0,2.0,100.0,3.4775808
3140.0,0.0,20.0,2.0,100.0,0.0
3141.0,0.5,20.0,2.0,100.0,31.53305
3142.0,1.0,20.0,2.0,100.0,0.0
3143.0,2.0,20.0,2.0,100.0,8.498869
3144.0,3.0,20.0,2.0,100.0,28.00595
3145.0,5.0,20.0,2.0,100.0,11.720116
3146.0,10.0,20.0,2.0,100.0,12.932057
3147.0,20.0,20.0,2.0,100.0,6.3994055
3148.0,40.0,20.0,2.0,100.0,2.756953
3149.0,49.0,20.0,2.0,100.0,3.5251813
3150.0,0.0,20.0,2.0,100.0,0.0
3151.0,0.5,20.0,2.0,100.0,0.0
3152.0,1.0,20.0,2.0,100.0,36.555893
3153.0,2.0,20.0,2.0,100.0,48.418316
3154.0,3.0,20.0,2.0,100.0,5.033223
3155.0,5.0,20.0,2.0,100.0,14.067863
3156.0,10.0,20.0,2.0,100.0,6.2367806
3157.0,20.0,20.0,2.0,100.0,2.9439201
3158.0,40.0,20.0,2.0,100.0,4.064949
3159.0,49.0,20.0,2.0,100.0,5.3541265
3160.0,0.0,20.0,2.0,100.0,0.0
3161.0,0.5,20.0,2.0,100.0,36.555893
3162.0,1.0,20.0,2.0,100.0,0.0
3163.0,2.0,20.0,2.0,100.0,14.1170435
3164.0,3.0,20.0,2.0,100.0,10.765907
3165.0,5.0,20.0,2.0,100.0,4.8205914
3166.0,10.0,20.0,2.0,100.0,2.684153
3167.0,20.0,20.0,2.0,100.0,2.8258264
3168.0,40.0,20.0,2.0,100.0,3.694472
3169.0,49.0,20.0,2.0,100.0,4.805751
3170.0,0.0,20.0,2.0,100.0,0.0
3171.0,0.5,20.0,2.0,100.0,0.0
3172.0,1.0,20.0,2.0,100.0,28.041634
3173.0,2.0,20.0,2.0,100.0,37.20663
3174.0,3.0,20.0,2.0,100.0,31.085901
3175.0,5.0,20.0,2.0,100.0,19.646883
3176.0,10.0,20.0,2.0,100.0,6.08803
3177.0,20.0,20.0,2.0,100.0,3.5861254
3178.0,40.0,20.0,2.0,100.0,3.1063037
3179.0,49.0,20.0,2.0,100.0,4.1173267
3180.0,0.0,20.0,2.0,100.0,0.0
3181.0,0.5,20.0,2.0,100.0,25.884357
3182.0,1.0,20.0,2.0,100.0,29.905407
3183.0,2.0,20.0,2.0,100.0,29.905407
3184.0,3.0,20.0,2.0,100.0,14.224392
3185.0,5.0,20.0,2.0,100.0,3.5510979
3186.0,10.0,20.0,2.0,100.0,4.9809165
3187.0,20.0,20.0,2.0,100.0,4.029652
3188.0,40.0,20.0,2.0,100.0,2.9409392
3189.0,49.0,20.0,2.0,100.0,2.847858
3190.0,0.0,20.0,2.0,100.0,0.0
3191.0,0.5,20.0,2.0,100.0,50.063293
3192.0,1.0,20.0,2.0,100.0,47.60602
3193.0,2.0,20.0,2.0,100.0,30.664854
3194.0,3.0,20.0,2.0,100.0,12.445518
3195.0,5.0,20.0,2.0,100.0,5.13624
3196.0,10.0,20.0,2.0,100.0,5.5118923
3197.0,20.0,20.0,2.0,100.0,2.6815064
3198.0,40.0,20.0,2.0,100.0,4.1364594
3199.0,49.0,20.0,2.0,100.0,4.5196133
3200.0,0.0,20.0,2.0,100.0,0.0
3201.0,0.5,20.0,2.0,100.0,0.0
3202.0,1.0,20.0,2.0,100.0,6.110101
3203.0,2.0,20.0,2.0,100.0,12.270755
3204.0,3.0,20.0,2.0,100.0,36.555893
3205.0,5.0,20.0,2.0,100.0,37.20663
3206.0,10.0,20.0,2.0,100.0,5.80782
3207.0,20.0,20.0,2.0,100.0,4.730851
3208.0,40.0,20.0,2.0,100.0,2.6058543
3209.0,49.0,20.0,2.0,100.0,4.3949733
3210.0,0.0,20.0,2.0,100.0,0.0
3211.0,0.5,20.0,2.0,100.0,0.0
3212.0,1.0,20.0,2.0,100.0,0.0
3213.0,2.0,20.0,2.0,100.0,51.733288
3214.0,3.0,20.0,2.0,100.0,24.48469
3215.0,5.0,20.0,2.0,100.0,10.540926
3216.0,10.0,20.0,2.0,100.0,15.965737
3217.0,20.0,20.0,2.0,100.0,6.6551414
3218.0,40.0,20.0,2.0,100.0,4.741866
3219.0,49.0,20.0,2.0,100.0,1.972429
3220.0,0.0,20.0,2.0,100.0,9.310796
3221.0,0.5,20.0,2.0,100.0,49.23752
3222.0,1.0,20.0,2.0,100.0,29.569128
3223.0,2.0,20.0,2.0,100.0,22.300972
3224.0,3.0,20.0,2.0,100.0,25.514702
3225.0,5.0,20.0,2.0,100.0,13.583077
3226.0,10.0,20.0,2.0,100.0,7.097954
3227.0,20.0,20.0,2.0,100.0,8.926976
3228.0,40.0,20.0,2.0,100.0,4.7459254
3229.0,49.0,20.0,2.0,100.0,4.730851
3230.0,0.0,20.0,2.0,100.0,0.0
3231.0,0.5,20.0,2.0,100.0,0.0
3232.0,1.0,20.0,2.0,100.0,23.25642
3233.0,2.0,20.0,2.0,100.0,30.17173
3234.0,3.0,20.0,2.0,100.0,19.42507
3235.0,5.0,20.0,2.0,100.0,28.571548
3236.0,10.0,20.0,2.0,100.0,5.3807416
3237.0,20.0,20.0,2.0,100.0,7.3560257
3238.0,40.0,20.0,2.0,100.0,2.0615528
3239.0,49.0,20.0,2.0,100.0,2.5476415
3240.0,0.0,20.0,2.0,100.0,0.0
3241.0,0.5,20.0,2.0,100.0,0.0
3242.0,1.0,20.0,2.0,100.0,22.501852
3243.0,2.0,20.0,2.0,100.0,44.43347
3244.0,3.0,20.0,2.0,100.0,23.11565
3245.0,5.0,20.0,2.0,100.0,6.5467772
3246.0,10.0,20.0,2.0,100.0,6.3035946
3247.0,20.0,20.0,2.0,100.0,7.959969
3248.0,40.0,20.0,2.0,100.0,4.047339
3249.0,49.0,20.0,2.0,100.0,4.0530114
3250.0,0.0,20.0,2.0,100.0,0.0
3251.0,0.5,20.0,2.0,100.0,37.20663
3252.0,1.0,20.0,2.0,100.0,47.60602
3253.0,2.0,20.0,2.0,100.0,13.638182
3254.0,3.0,20.0,2.0,100.0,9.542751
3255.0,5.0,20.0,2.0,100.0,7.4205194
3256.0,10.0,20.0,2.0,100.0,5.163978
3257.0,20.0,20.0,2.0,100.0,4.445249
3258.0,40.0,20.0,2.0,100.0,2.700088
3259.0,49.0,20.0,2.0,100.0,3.0183265
3260.0,0.0,20.0,2.0,100.0,0.0
3261.0,0.5,20.0,2.0,100.0,38.552994
3262.0,1.0,20.0,2.0,100.0,44.43347
3263.0,2.0,20.0,2.0,100.0,43.661575
3264.0,3.0,20.0,2.0,100.0,12.604012
3265.0,5.0,20.0,2.0,100.0,18.345884
3266.0,10.0,20.0,2.0,100.0,9.688194
3267.0,20.0,20.0,2.0,100.0,5.9960313
3268.0,40.0,20.0,2.0,100.0,4.099942
3269.0,49.0,20.0,2.0,100.0,4.1213217
3270.0,0.0,20.0,2.0,100.0,0.0
3271.0,0.5,20.0,2.0,100.0,39.95414
3272.0,1.0,20.0,2.0,100.0,0.0
3273.0,2.0,20.0,2.0,100.0,26.689575
3274.0,3.0,20.0,2.0,100.0,12.708265
3275.0,5.0,20.0,2.0,100.0,3.6592999
3276.0,10.0,20.0,2.0,100.0,5.875697
3277.0,20.0,20.0,2.0,100.0,8.043066
3278.0,40.0,20.0,2.0,100.0,3.4615684
3279.0,49.0,20.0,2.0,100.0,4.9562187
3280.0,0.0,20.0,2.0,100.0,0.0
3281.0,0.5,20.0,2.0,100.0,0.0
3282.0,1.0,20.0,2.0,100.0,37.20663
3283.0,2.0,20.0,2.0,100.0,27.428696
3284.0,3.0,20.0,2.0,100.0,4.3949733
3285.0,5.0,20.0,2.0,100.0,4.561746
3286.0,10.0,20.0,2.0,100.0,10.457586
3287.0,20.0,20.0,2.0,100.0,7.4492216
3288.0,40.0,20.0,2.0,100.0,3.0389626
3289.0,49.0,20.0,2.0,100.0,2.8055916
3290.0,0.0,20.0,2.0,100.0,0.0
3291.0,0.5,20.0,2.0,100.0,0.0
3292.0,1.0,20.0,2.0,100.0,0.0
3293.0,2.0,20.0,2.0,100.0,16.71042
3294.0,3.0,20.0,2.0,100.0,8.938171
3295.0,5.0,20.0,2.0,100.0,11.730777
3296.0,10.0,20.0,2.0,100.0,9.310796
3297.0,20.0,20.0,2.0,100.0,2.7129862
3298.0,40.0,20.0,2.0,100.0,3.314407
3299.0,49.0,20.0,2.0,100.0,2.2562084
3300.0,0.0,20.0,2.0,100.0,7.975607
3301.0,0.5,20.0,2.0,100.0,0.0
3302.0,1.0,20.0,2.0,100.0,0.0
3303.0,2.0,20.0,2.0,100.0,42.14657
3304.0,3.0,20.0,2.0,100.0,3.0594597
3305.0,5.0,20.0,2.0,100.0,5.7650065
3306.0,10.0,20.0,2.0,100.0,8.066233
3307.0,20.0,20.0,2.0,100.0,4.516352
3308.0,40.0,20.0,2.0,100.0,4.082483
3309.0,49.0,20.0,2.0,100.0,3.388996
3310.0,0.0,20.0,2.0,100.0,0.0
3311.0,0.5,20.0,2.0,100.0,43.661575
3312.0,1.0,20.0,2.0,100.0,18.50225
3313.0,2.0,20.0,2.0,100.0,20.984121
3314.0,3.0,20.0,2.0,100.0,28.536526
3315.0,5.0,20.0,2.0,100.0,20.09975
3316.0,10.0,20.0,2.0,100.0,4.3369946
3317.0,20.0,20.0,2.0,100.0,3.6602507
3318.0,40.0,20.0,2.0,100.0,3.994043
3319.0,49.0,20.0,2.0,100.0,3.0183265
3320.0,0.0,20.0,2.0,100.0,0.0
3321.0,0.5,20.0,2.0,100.0,0.0
3322.0,1.0,20.0,2.0,100.0,37.872593
3323.0,2.0,20.0,2.0,100.0,11.010818
3324.0,3.0,20.0,2.0,100.0,19.899748
3325.0,5.0,20.0,2.0,100.0,29.263174
3326.0,10.0,20.0,2.0,100.0,6.1153445
3327.0,20.0,20.0,2.0,100.0,2.567192
3328.0,40.0,20.0,2.0,100.0,2.7047718
3329.0,49.0,20.0,2.0,100.0,2.768875
3330.0,0.0,20.0,2.0,100.0,0.0
3331.0,0.5,20.0,2.0,100.0,0.0
3332.0,1.0,20.0,2.0,100.0,17.671757
3333.0,2.0,20.0,2.0,100.0,27.646578
3334.0,3.0,20.0,2.0,100.0,6.0468254
3335.0,5.0,20.0,2.0,100.0,17.069304
3336.0,10.0,20.0,2.0,100.0,5.550633
3337.0,20.0,20.0,2.0,100.0,2.9597695
3338.0,40.0,20.0,2.0,100.0,5.0521097
3339.0,49.0,20.0,2.0,100.0,4.3428445
3340.0,0.0,20.0,2.0,100.0,0.0
3341.0,0.5,20.0,2.0,100.0,40.673496
3342.0,1.0,20.0,2.0,100.0,14.590782
3343.0,2.0,20.0,2.0,100.0,53.407238
3344.0,3.0,20.0,2.0,100.0,9.423881
3345.0,5.0,20.0,2.0,100.0,26.501572
3346.0,10.0,20.0,2.0,100.0,5.8635273
3347.0,20.0,20.0,2.0,100.0,2.460759
3348.0,40.0,20.0,2.0,100.0,3.679404
3349.0,49.0,20.0,2.0,100.0,9.877455
3350.0,0.0,20.0,2.0,100.0,21.265892
3351.0,0.5,20.0,2.0,100.0,28.360771
3352.0,1.0,20.0,2.0,100.0,0.0
3353.0,2.0,20.0,2.0,100.0,11.721665
3354.0,3.0,20.0,2.0,100.0,14.195069
3355.0,5.0,20.0,2.0,100.0,9.428544
3356.0,10.0,20.0,2.0,100.0,8.596362
3357.0,20.0,20.0,2.0,100.0,6.2100005
3358.0,40.0,20.0,2.0,100.0,3.4130814
3359.0,49.0,20.0,2.0,100.0,2.7252343
3360.0,0.0,20.0,2.0,100.0,0.0
3361.0,0.5,20.0,2.0,100.0,0.0
3362.0,1.0,20.0,2.0,100.0,49.23752
3363.0,2.0,20.0,2.0,100.0,15.0163555
3364.0,3.0,20.0,2.0,100.0,21.96209
3365.0,5.0,20.0,2.0,100.0,11.382944
3366.0,10.0,20.0,2.0,100.0,2.7368736
3367.0,20.0,20.0,2.0,100.0,3.7352889
3368.0,40.0,20.0,2.0,100.0,3.2971723
3369.0,49.0,20.0,2.0,100.0,4.0908794
3370.0,0.0,20.0,2.0,100.0,0.0
3371.0,0.5,20.0,2.0,100.0,0.0
3372.0,1.0,20.0,2.0,100.0,42.899105
3373.0,2.0,20.0,2.0,100.0,19.065676
3374.0,3.0,20.0,2.0,100.0,29.569128
3375.0,5.0,20.0,2.0,100.0,20.163616
3376.0,10.0,20.0,2.0,100.0,5.4072266
3377.0,20.0,20.0,2.0,100.0,5.281802
3378.0,40.0,20.0,2.0,100.0,3.8274174
3379.0,49.0,20.0,2.0,100.0,4.2702804
3380.0,0.0,20.0,2.0,100.0,0.0
3381.0,0.5,20.0,2.0,100.0,0.0
3382.0,1.0,20.0,2.0,100.0,29.263174
3383.0,2.0,20.0,2.0,100.0,17.585167
3384.0,3.0,20.0,2.0,100.0,20.207258
3385.0,5.0,20.0,2.0,100.0,15.79783
3386.0,10.0,20.0,2.0,100.0,2.9984126
3387.0,20.0,20.0,2.0,100.0,5.472877
3388.0,40.0,20.0,2.0,100.0,3.9239564
3389.0,49.0,20.0,2.0,100.0,5.0803075
3390.0,0.0,20.0,2.0,100.0,0.0
3391.0,0.5,20.0,2.0,100.0,46.003624
3392.0,1.0,20.0,2.0,100.0,18.175076
3393.0,2.0,20.0,2.0,100.0,37.20663
3394.0,3.0,20.0,2.0,100.0,22.538855
3395.0,5.0,20.0,2.0,100.0,17.9722
3396.0,10.0,20.0,2.0,100.0,2.2685335
3397.0,20.0,20.0,2.0,100.0,2.921988
3398.0,40.0,20.0,2.0,100.0,4.353433
3399.0,49.0,20.0,2.0,100.0,4.3662457
3400.0,0.0,20.0,2.0,100.0,13.501515
3401.0,0.5,20.0,2.0,100.0,50.063293
3402.0,1.0,20.0,2.0,100.0,17.986105
3403.0,2.0,20.0,2.0,100.0,3.8993177
3404.0,3.0,20.0,2.0,100.0,14.502873
3405.0,5.0,20.0,2.0,100.0,10.531133
3406.0,10.0,20.0,2.0,100.0,9.58442
3407.0,20.0,20.0,2.0,100.0,4.750169
3408.0,40.0,20.0,2.0,100.0,2.6627948
3409.0,49.0,20.0,2.0,100.0,2.6058543
3410.0,0.0,20.0,2.0,100.0,0.0
3411.0,0.5,20.0,2.0,100.0,52.576927
3412.0,1.0,20.0,2.0,100.0,0.0
3413.0,2.0,20.0,2.0,100.0,36.555893
3414.0,3.0,20.0,2.0,100.0,17.409506
3415.0,5.0,20.0,2.0,100.0,18.748333
3416.0,10.0,20.0,2.0,100.0,5.893282
3417.0,20.0,20.0,2.0,100.0,3.4619782
3418.0,40.0,20.0,2.0,100.0,3.515721
3419.0,49.0,20.0,2.0,100.0,3.870718
3420.0,0.0,20.0,2.0,100.0,0.0
3421.0,0.5,20.0,2.0,100.0,41.404507
3422.0,1.0,20.0,2.0,100.0,13.503086
3423.0,2.0,20.0,2.0,100.0,49.23752
3424.0,3.0,20.0,2.0,100.0,11.23981
3425.0,5.0,20.0,2.0,100.0,17.620752
3426.0,10.0,20.0,2.0,100.0,3.958114
3427.0,20.0,20.0,2.0,100.0,3.706116
3428.0,40.0,20.0,2.0,100.0,5.2599115
3429.0,49.0,20.0,2.0,100.0,3.5721471
3430.0,0.0,20.0,2.0,100.0,0.0
3431.0,0.5,20.0,2.0,100.0,0.0
3432.0,1.0,20.0,2.0,100.0,47.60602
3433.0,2.0,20.0,2.0,100.0,40.673496
3434.0,3.0,20.0,2.0,100.0,28.346075
3435.0,5.0,20.0,2.0,100.0,17.029387
3436.0,10.0,20.0,2.0,100.0,9.225568
3437.0,20.0,20.0,2.0,100.0,3.2971723
3438.0,40.0,20.0,2.0,100.0,5.3004947
3439.0,49.0,20.0,2.0,100.0,4.466809
3440.0,0.0,20.0,2.0,100.0,0.0
3441.0,0.5,20.0,2.0,100.0,36.555893
3442.0,1.0,20.0,2.0,100.0,14.335271
3443.0,2.0,20.0,2.0,100.0,28.219378
3444.0,3.0,20.0,2.0,100.0,24.54248
3445.0,5.0,20.0,2.0,100.0,13.948886
3446.0,10.0,20.0,2.0,100.0,9.428198
3447.0,20.0,20.0,2.0,100.0,5.7029653
3448.0,40.0,20.0,2.0,100.0,4.70038
3449.0,49.0,20.0,2.0,100.0,4.7459254
3450.0,0.0,20.0,2.0,100.0,0.0
3451.0,0.5,20.0,2.0,100.0,0.0
3452.0,1.0,20.0,2.0,100.0,33.86739
3453.0,2.0,20.0,2.0,100.0,17.61628
3454.0,3.0,20.0,2.0,100.0,35.303444
3455.0,5.0,20.0,2.0,100.0,30.534134
3456.0,10.0,20.0,2.0,100.0,6.996598
3457.0,20.0,20.0,2.0,100.0,9.426618
3458.0,40.0,20.0,2.0,100.0,5.8507066
3459.0,49.0,20.0,2.0,100.0,21.975096
3460.0,0.0,20.0,2.0,100.0,0.0
3461.0,0.5,20.0,2.0,100.0,37.872593
3462.0,1.0,20.0,2.0,100.0,0.0
3463.0,2.0,20.0,2.0,100.0,22.368132
3464.0,3.0,20.0,2.0,100.0,10.355583
3465.0,5.0,20.0,2.0,100.0,18.687914
3466.0,10.0,20.0,2.0,100.0,13.300555
3467.0,20.0,20.0,2.0,100.0,7.751833
3468.0,40.0,20.0,2.0,100.0,3.5565605
3469.0,49.0,20.0,2.0,100.0,4.0293045
3470.0,0.0,20.0,2.0,100.0,0.0
3471.0,0.5,20.0,2.0,100.0,0.0
3472.0,1.0,20.0,2.0,100.0,37.20663
3473.0,2.0,20.0,2.0,100.0,5.4372883
3474.0,3.0,20.0,2.0,100.0,18.54467
3475.0,5.0,20.0,2.0,100.0,11.580635
3476.0,10.0,20.0,2.0,100.0,18.384777
3477.0,20.0,20.0,2.0,100.0,3.5989418
3478.0,40.0,20.0,2.0,100.0,2.4000487
3479.0,49.0,20.0,2.0,100.0,2.4000487
3480.0,0.0,20.0,2.0,100.0,0.0
3481.0,0.5,20.0,2.0,100.0,0.0
3482.0,1.0,20.0,2.0,100.0,0.0
3483.0,2.0,20.0,2.0,100.0,28.360771
3484.0,3.0,20.0,2.0,100.0,44.286945
3485.0,5.0,20.0,2.0,100.0,7.2845116
3486.0,10.0,20.0,2.0,100.0,4.9086905
3487.0,20.0,20.0,2.0,100.0,4.3039293
3488.0,40.0,20.0,2.0,100.0,3.8297086
3489.0,49.0,20.0,2.0,100.0,3.805955
3490.0,0.0,20.0,2.0,100.0,0.0
3491.0,0.5,20.0,2.0,100.0,0.0
3492.0,1.0,20.0,2.0,100.0,0.0
3493.0,2.0,20.0,2.0,100.0,9.291573
3494.0,3.0,20.0,2.0,100.0,9.928315
3495.0,5.0,20.0,2.0,100.0,9.102808
3496.0,10.0,20.0,2.0,100.0,9.713964
3497.0,20.0,20.0,2.0,100.0,3.1129532
3498.0,40.0,20.0,2.0,100.0,6.142538
3499.0,49.0,20.0,2.0,100.0,3.3473392
3500.0,0.0,20.0,2.0,100.0,0.0
3501.0,0.5,20.0,2.0,100.0,40.673496
3502.0,1.0,20.0,2.0,100.0,47.60602
3503.0,2.0,20.0,2.0,100.0,11.022704
3504.0,3.0,20.0,2.0,100.0,26.839025
3505.0,5.0,20.0,2.0,100.0,10.641339
3506.0,10.0,20.0,2.0,100.0,4.7908645
3507.0,20.0,20.0,2.0,100.0,5.977522
3508.0,40.0,20.0,2.0,100.0,3.4615684
3509.0,49.0,20.0,2.0,100.0,2.968084
3510.0,0.0,20.0,2.0,100.0,0.0
3511.0,0.5,20.0,2.0,100.0,38.552994
3512.0,1.0,20.0,2.0,100.0,37.20663
3513.0,2.0,20.0,2.0,100.0,17.156954
3514.0,3.0,20.0,2.0,100.0,9.357961
3515.0,5.0,20.0,2.0,100.0,6.6250215
3516.0,10.0,20.0,2.0,100.0,8.154196
3517.0,20.0,20.0,2.0,100.0,7.8462796
3518.0,40.0,20.0,2.0,100.0,3.6490805
3519.0,49.0,20.0,2.0,100.0,4.1665688
3520.0,0.0,20.0,2.0,100.0,0.0
3521.0,0.5,20.0,2.0,100.0,29.034462
3522.0,1.0,20.0,2.0,100.0,28.988503
3523.0,2.0,20.0,2.0,100.0,13.747727
3524.0,3.0,20.0,2.0,100.0,12.509996
3525.0,5.0,20.0,2.0,100.0,12.373806
3526.0,10.0,20.0,2.0,100.0,10.445626
3527.0,20.0,20.0,2.0,100.0,4.654747
3528.0,40.0,20.0,2.0,100.0,2.883711
3529.0,49.0,20.0,2.0,100.0,2.5785892
3530.0,0.0,20.0,2.0,100.0,0.0
3531.0,0.5,20.0,2.0,100.0,0.0
3532.0,1.0,20.0,2.0,100.0,0.0
3533.0,2.0,20.0,2.0,100.0,33.501244
3534.0,3.0,20.0,2.0,100.0,12.583057
3535.0,5.0,20.0,2.0,100.0,9.739667
3536.0,10.0,20.0,2.0,100.0,3.7541401
3537.0,20.0,20.0,2.0,100.0,4.805751
3538.0,40.0,20.0,2.0,100.0,4.3715324
3539.0,49.0,20.0,2.0,100.0,3.2187412
3540.0,0.0,20.0,2.0,100.0,0.0
3541.0,0.5,20.0,2.0,100.0,53.42596
3542.0,1.0,20.0,2.0,100.0,0.0
3543.0,2.0,20.0,2.0,100.0,25.32456
3544.0,3.0,20.0,2.0,100.0,37.872593
3545.0,5.0,20.0,2.0,100.0,8.97837
3546.0,10.0,20.0,2.0,100.0,2.9788451
3547.0,20.0,20.0,2.0,100.0,3.6551738
3548.0,40.0,20.0,2.0,100.0,4.3279057
3549.0,49.0,20.0,2.0,100.0,3.0798206
3550.0,0.0,20.0,2.0,100.0,0.0
3551.0,0.5,20.0,2.0,100.0,0.0
3552.0,1.0,20.0,2.0,100.0,0.0
3553.0,2.0,20.0,2.0,100.0,28.378395
3554.0,3.0,20.0,2.0,100.0,18.015865
3555.0,5.0,20.0,2.0,100.0,3.8871965
3556.0,10.0,20.0,2.0,100.0,14.221045
3557.0,20.0,20.0,2.0,100.0,7.1056957
3558.0,40.0,20.0,2.0,100.0,4.2113295
3559.0,49.0,20.0,2.0,100.0,3.756367
3560.0,0.0,20.0,2.0,100.0,0.0
3561.0,0.5,20.0,2.0,100.0,0.0
3562.0,1.0,20.0,2.0,100.0,35.303444
3563.0,2.0,20.0,2.0,100.0,6.5368776
3564.0,3.0,20.0,2.0,100.0,4.163332
3565.0,5.0,20.0,2.0,100.0,8.100068
3566.0,10.0,20.0,2.0,100.0,4.8052998
3567.0,20.0,20.0,2.0,100.0,7.1342444
3568.0,40.0,20.0,2.0,100.0,2.423086
3569.0,49.0,20.0,2.0,100.0,3.525181
3570.0,0.0,20.0,2.0,100.0,0.0
3571.0,0.5,20.0,2.0,100.0,0.0
3572.0,1.0,20.0,2.0,100.0,0.0
3573.0,2.0,20.0,2.0,100.0,39.627434
3574.0,3.0,20.0,2.0,100.0,17.243355
3575.0,5.0,20.0,2.0,100.0,16.170961
3576.0,10.0,20.0,2.0,100.0,5.246314
3577.0,20.0,20.0,2.0,100.0,5.4982514
3578.0,40.0,20.0,2.0,100.0,5.281802
3579.0,49.0,20.0,2.0,100.0,3.4619784
3580.0,0.0,20.0,2.0,100.0,0.0
3581.0,0.5,20.0,2.0,100.0,7.470577
3582.0,1.0,20.0,2.0,100.0,46.003624
3583.0,2.0,20.0,2.0,100.0,36.555893
3584.0,3.0,20.0,2.0,100.0,34.703506
3585.0,5.0,20.0,2.0,100.0,5.4379616
3586.0,10.0,20.0,2.0,100.0,5.677215
3587.0,20.0,20.0,2.0,100.0,2.3082597
3588.0,40.0,20.0,2.0,100.0,2.7911425
3589.0,49.0,20.0,2.0,100.0,3.2462306
3590.0,0.0,20.0,2.0,100.0,0.0
3591.0,0.5,20.0,2.0,100.0,0.0
3592.0,1.0,20.0,2.0,100.0,29.871948
3593.0,2.0,20.0,2.0,100.0,50.895317
3594.0,3.0,20.0,2.0,100.0,4.7154317
3595.0,5.0,20.0,2.0,100.0,6.6416197
3596.0,10.0,20.0,2.0,100.0,4.237025
3597.0,20.0,20.0,2.0,100.0,4.434712
3598.0,40.0,20.0,2.0,100.0,5.242642
3599.0,49.0,20.0,2.0,100.0,4.1515408
3600.0,0.0,20.0,2.0,100.0,0.0
3601.0,0.5,20.0,2.0,100.0,10.419411
3602.0,1.0,20.0,2.0,100.0,21.126602
3603.0,2.0,20.0,2.0,100.0,15.297058
3604.0,3.0,20.0,2.0,100.0,21.868656
3605.0,5.0,20.0,2.0,100.0,34.385075
3606.0,10.0,20.0,2.0,100.0,13.72953
3607.0,20.0,20.0,2.0,100.0,3.8419049
3608.0,40.0,20.0,2.0,100.0,3.3302367
3609.0,49.0,20.0,2.0,100.0,2.864381
3610.0,0.0,20.0,2.0,100.0,0.0
3611.0,0.5,20.0,2.0,100.0,0.0
3612.0,1.0,20.0,2.0,100.0,35.921207
3613.0,2.0,20.0,2.0,100.0,19.087517
3614.0,3.0,20.0,2.0,100.0,46.694042
3615.0,5.0,20.0,2.0,100.0,3.7689095
3616.0,10.0,20.0,2.0,100.0,13.780594
3617.0,20.0,20.0,2.0,100.0,10.421665
3618.0,40.0,20.0,2.0,100.0,3.38037
3619.0,49.0,20.0,2.0,100.0,2.8443763
3620.0,0.0,20.0,2.0,100.0,0.0
3621.0,0.5,20.0,2.0,100.0,0.0
3622.0,1.0,20.0,2.0,100.0,0.0
3623.0,2.0,20.0,2.0,100.0,11.368294
3624.0,3.0,20.0,2.0,100.0,26.633312
3625.0,5.0,20.0,2.0,100.0,15.66844
3626.0,10.0,20.0,2.0,100.0,4.25385
3627.0,20.0,20.0,2.0,100.0,6.5947638
3628.0,40.0,20.0,2.0,100.0,3.1418698
3629.0,49.0,20.0,2.0,100.0,2.3278687
3630.0,0.0,20.0,2.0,100.0,0.0
3631.0,0.5,20.0,2.0,100.0,0.0
3632.0,1.0,20.0,2.0,100.0,36.85557
3633.0,2.0,20.0,2.0,100.0,4.8203
3634.0,3.0,20.0,2.0,100.0,33.57082
3635.0,5.0,20.0,2.0,100.0,8.237785
3636.0,10.0,20.0,2.0,100.0,6.7595053
3637.0,20.0,20.0,2.0,100.0,8.373238
3638.0,40.0,20.0,2.0,100.0,4.0293045
3639.0,49.0,20.0,2.0,100.0,2.7047718
3640.0,0.0,20.0,2.0,100.0,0.0
3641.0,0.5,20.0,2.0,100.0,42.14657
3642.0,1.0,20.0,2.0,100.0,13.697121
3643.0,2.0,20.0,2.0,100.0,23.797758
3644.0,3.0,20.0,2.0,100.0,2.5477264
3645.0,5.0,20.0,2.0,100.0,10.765907
3646.0,10.0,20.0,2.0,100.0,8.373238
3647.0,20.0,20.0,2.0,100.0,4.697244
3648.0,40.0,20.0,2.0,100.0,3.479985
3649.0,49.0,20.0,2.0,100.0,4.1364594
3650.0,0.0,20.0,2.0,100.0,0.0
3651.0,0.5,20.0,2.0,100.0,0.0
3652.0,1.0,20.0,2.0,100.0,28.00595
3653.0,2.0,20.0,2.0,100.0,12.700036
3654.0,3.0,20.0,2.0,100.0,14.764823
3655.0,5.0,20.0,2.0,100.0,14.8323965
3656.0,10.0,20.0,2.0,100.0,5.662517
3657.0,20.0,20.0,2.0,100.0,1.9148543
3658.0,40.0,20.0,2.0,100.0,5.279332
3659.0,49.0,20.0,2.0,100.0,3.6035113
3660.0,0.0,20.0,2.0,100.0,0.0
3661.0,0.5,20.0,2.0,100.0,26.40707
3662.0,1.0,20.0,2.0,100.0,49.237522
3663.0,2.0,20.0,2.0,100.0,48.418316
3664.0,3.0,20.0,2.0,100.0,42.158432
3665.0,5.0,20.0,2.0,100.0,16.730354
3666.0,10.0,20.0,2.0,100.0,10.775486
3667.0,20.0,20.0,2.0,100.0,2.808999
3668.0,40.0,20.0,2.0,100.0,3.5861254
3669.0,49.0,20.0,2.0,100.0,3.0521781
3670.0,0.0,20.0,2.0,100.0,0.0
3671.0,0.5,20.0,2.0,100.0,32.005207
3672.0,1.0,20.0,2.0,100.0,0.0
3673.0,2.0,20.0,2.0,100.0,19.139837
3674.0,3.0,20.0,2.0,100.0,1.1547005
3675.0,5.0,20.0,2.0,100.0,12.529964
3676.0,10.0,20.0,2.0,100.0,4.1346383
3677.0,20.0,20.0,2.0,100.0,4.6239543
3678.0,40.0,20.0,2.0,100.0,4.6239543
3679.0,49.0,20.0,2.0,100.0,1.374946
3680.0,0.0,20.0,2.0,100.0,0.0
3681.0,0.5,20.0,2.0,100.0,33.471382
3682.0,1.0,20.0,2.0,100.0,35.44479
3683.0,2.0,20.0,2.0,100.0,27.46513
3684.0,3.0,20.0,2.0,100.0,12.372992
3685.0,5.0,20.0,2.0,100.0,3.4256816
3686.0,10.0,20.0,2.0,100.0,7.687061
3687.0,20.0,20.0,2.0,100.0,3.0158312
3688.0,40.0,20.0,2.0,100.0,5.2023168
3689.0,49.0,20.0,2.0,100.0,3.2290714
3690.0,0.0,20.0,2.0,100.0,0.0
3691.0,0.5,20.0,2.0,100.0,42.14657
3692.0,1.0,20.0,2.0,100.0,34.93327
3693.0,2.0,20.0,2.0,100.0,24.433584
3694.0,3.0,20.0,2.0,100.0,13.190906
3695.0,5.0,20.0,2.0,100.0,14.764823
3696.0,10.0,20.0,2.0,100.0,6.2682457
3697.0,20.0,20.0,2.0,100.0,4.654747
3698.0,40.0,20.0,2.0,100.0,4.6081767
3699.0,49.0,20.0,2.0,100.0,3.4619782
3700.0,0.0,20.0,2.0,100.0,14.768586
3701.0,0.5,20.0,2.0,100.0,40.673496
3702.0,1.0,20.0,2.0,100.0,10.214369
3703.0,2.0,20.0,2.0,100.0,19.604422
3704.0,3.0,20.0,2.0,100.0,45.214306
3705.0,5.0,20.0,2.0,100.0,12.983506
3706.0,10.0,20.0,2.0,100.0,12.2927265
3707.0,20.0,20.0,2.0,100.0,8.038103
3708.0,40.0,20.0,2.0,100.0,4.0080047
3709.0,49.0,20.0,2.0,100.0,3.0521781
3710.0,0.0,20.0,2.0,100.0,0.0
3711.0,0.5,20.0,2.0,100.0,0.0
3712.0,1.0,20.0,2.0,100.0,50.063293
3713.0,2.0,20.0,2.0,100.0,34.122326
3714.0,3.0,20.0,2.0,100.0,13.612161
3715.0,5.0,20.0,2.0,100.0,14.304234
3716.0,10.0,20.0,2.0,100.0,11.571722
3717.0,20.0,20.0,2.0,100.0,3.8483145
3718.0,40.0,20.0,2.0,100.0,3.9277096
3719.0,49.0,20.0,2.0,100.0,4.675499
3720.0,0.0,20.0,2.0,100.0,0.0
3721.0,0.5,20.0,2.0,100.0,0.0
3722.0,1.0,20.0,2.0,100.0,0.0
3723.0,2.0,20.0,2.0,100.0,21.548395
3724.0,3.0,20.0,2.0,100.0,10.785793
3725.0,5.0,20.0,2.0,100.0,19.196354
3726.0,10.0,20.0,2.0,100.0,7.943251
3727.0,20.0,20.0,2.0,100.0,5.6116757
3728.0,40.0,20.0,2.0,100.0,3.5409057
3729.0,49.0,20.0,2.0,100.0,4.169047
3730.0,0.0,20.0,2.0,100.0,0.0
3731.0,0.5,20.0,2.0,100.0,29.263174
3732.0,1.0,20.0,2.0,100.0,44.43347
3733.0,2.0,20.0,2.0,100.0,8.625395
3734.0,3.0,20.0,2.0,100.0,9.073771
3735.0,5.0,20.0,2.0,100.0,20.712315
3736.0,10.0,20.0,2.0,100.0,3.4438782
3737.0,20.0,20.0,2.0,100.0,7.3953304
3738.0,40.0,20.0,2.0,100.0,2.6815064
3739.0,49.0,20.0,2.0,100.0,3.4978986
3740.0,0.0,20.0,2.0,100.0,0.0
3741.0,0.5,20.0,2.0,100.0,37.072002
3742.0,1.0,20.0,2.0,100.0,37.898987
3743.0,2.0,20.0,2.0,100.0,21.385353
3744.0,3.0,20.0,2.0,100.0,34.93327
3745.0,5.0,20.0,2.0,100.0,17.912596
3746.0,10.0,20.0,2.0,100.0,7.122554
3747.0,20.0,20.0,2.0,100.0,6.9491663
3748.0,40.0,20.0,2.0,100.0,2.7812397
3749.0,49.0,20.0,2.0,100.0,3.062834
3750.0,0.0,20.0,2.0,100.0,14.882876
3751.0,0.5,20.0,2.0,100.0,52.576927
3752.0,1.0,20.0,2.0,100.0,22.030283
3753.0,2.0,20.0,2.0,100.0,0.0
3754.0,3.0,20.0,2.0,100.0,28.536526
3755.0,5.0,20.0,2.0,100.0,19.502136
3756.0,10.0,20.0,2.0,100.0,5.158517
3757.0,20.0,20.0,2.0,100.0,5.9214954
3758.0,40.0,20.0,2.0,100.0,3.7396917
3759.0,49.0,20.0,2.0,100.0,3.9218557
3760.0,0.0,20.0,2.0,100.0,0.0
3761.0,0.5,20.0,2.0,100.0,0.0
3762.0,1.0,20.0,2.0,100.0,33.56089
3763.0,2.0,20.0,2.0,100.0,37.84618
3764.0,3.0,20.0,2.0,100.0,18.387798
3765.0,5.0,20.0,2.0,100.0,11.768602
3766.0,10.0,20.0,2.0,100.0,11.250397
3767.0,20.0,20.0,2.0,100.0,4.1518784
3768.0,40.0,20.0,2.0,100.0,3.3967652
3769.0,49.0,20.0,2.0,100.0,2.2813766
3770.0,0.0,20.0,2.0,100.0,0.0
3771.0,0.5,20.0,2.0,100.0,37.872593
3772.0,1.0,20.0,2.0,100.0,2.4685152
3773.0,2.0,20.0,2.0,100.0,15.885003
3774.0,3.0,20.0,2.0,100.0,20.840666
3775.0,5.0,20.0,2.0,100.0,7.420519
3776.0,10.0,20.0,2.0,100.0,4.441933
3777.0,20.0,20.0,2.0,100.0,5.1856446
3778.0,40.0,20.0,2.0,100.0,3.7352884
3779.0,49.0,20.0,2.0,100.0,2.3473134
3780.0,0.0,20.0,2.0,100.0,0.0
3781.0,0.5,20.0,2.0,100.0,20.599354
3782.0,1.0,20.0,2.0,100.0,38.552994
3783.0,2.0,20.0,2.0,100.0,22.315914
3784.0,3.0,20.0,2.0,100.0,35.303444
3785.0,5.0,20.0,2.0,100.0,22.830639
3786.0,10.0,20.0,2.0,100.0,5.360109
3787.0,20.0,20.0,2.0,100.0,4.5122385
3788.0,40.0,20.0,2.0,100.0,3.7061157
3789.0,49.0,20.0,2.0,100.0,2.7252343
3790.0,0.0,20.0,2.0,100.0,0.0
3791.0,0.5,20.0,2.0,100.0,0.0
3792.0,1.0,20.0,2.0,100.0,28.112867
3793.0,2.0,20.0,2.0,100.0,45.6545
3794.0,3.0,20.0,2.0,100.0,12.845233
3795.0,5.0,20.0,2.0,100.0,8.373238
3796.0,10.0,20.0,2.0,100.0,4.580971
3797.0,20.0,20.0,2.0,100.0,4.1815424
3798.0,40.0,20.0,2.0,100.0,3.3332112
3799.0,49.0,20.0,2.0,100.0,3.8483145
3800.0,0.0,20.0,2.0,100.0,0.0
3801.0,0.5,20.0,2.0,100.0,54.280136
3802.0,1.0,20.0,2.0,100.0,37.819748
3803.0,2.0,20.0,2.0,100.0,34.703506
3804.0,3.0,20.0,2.0,100.0,12.970663
3805.0,5.0,20.0,2.0,100.0,24.826063
3806.0,10.0,20.0,2.0,100.0,9.047713
3807.0,20.0,20.0,2.0,100.0,3.4438777
3808.0,40.0,20.0,2.0,100.0,3.694472
3809.0,49.0,20.0,2.0,100.0,2.6627948
3810.0,0.0,20.0,2.0,100.0,17.77371
3811.0,0.5,20.0,2.0,100.0,30.6159
3812.0,1.0,20.0,2.0,100.0,0.0
3813.0,2.0,20.0,2.0,100.0,19.399313
3814.0,3.0,20.0,2.0,100.0,15.556349
3815.0,5.0,20.0,2.0,100.0,14.244465
3816.0,10.0,20.0,2.0,100.0,10.889051
3817.0,20.0,20.0,2.0,100.0,9.34296
3818.0,40.0,20.0,2.0,100.0,3.9667737
3819.0,49.0,20.0,2.0,100.0,2.4063408
3820.0,0.0,20.0,2.0,100.0,18.71465
3821.0,0.5,20.0,2.0,100.0,0.0
3822.0,1.0,20.0,2.0,100.0,0.0
3823.0,2.0,20.0,2.0,100.0,41.95633
3824.0,3.0,20.0,2.0,100.0,2.7359266
3825.0,5.0,20.0,2.0,100.0,38.695393
3826.0,10.0,20.0,2.0,100.0,7.028331
3827.0,20.0,20.0,2.0,100.0,4.8198304
3828.0,40.0,20.0,2.0,100.0,2.8055916
3829.0,49.0,20.0,2.0,100.0,5.4644575
3830.0,0.0,20.0,2.0,100.0,0.0
3831.0,0.5,20.0,2.0,100.0,40.426888
3832.0,1.0,20.0,2.0,100.0,25.059929
3833.0,2.0,20.0,2.0,100.0,45.08141
3834.0,3.0,20.0,2.0,100.0,29.58885
3835.0,5.0,20.0,2.0,100.0,4.608177
3836.0,10.0,20.0,2.0,100.0,10.094789
3837.0,20.0,20.0,2.0,100.0,3.7396917
3838.0,40.0,20.0,2.0,100.0,3.0155544
3839.0,49.0,20.0,2.0,100.0,4.1173267
3840.0,0.0,20.0,2.0,100.0,0.0
3841.0,0.5,20.0,2.0,100.0,0.0
3842.0,1.0,20.0,2.0,100.0,20.108042
3843.0,2.0,20.0,2.0,100.0,37.872593
3844.0,3.0,20.0,2.0,100.0,12.503333
3845.0,5.0,20.0,2.0,100.0,3.2118206
3846.0,10.0,20.0,2.0,100.0,6.622772
3847.0,20.0,20.0,2.0,100.0,4.3861256
3848.0,40.0,20.0,2.0,100.0,2.745544
3849.0,49.0,20.0,2.0,100.0,2.7070394
3850.0,0.0,20.0,2.0,100.0,0.0
3851.0,0.5,20.0,2.0,100.0,0.0
3852.0,1.0,20.0,2.0,100.0,18.971155
3853.0,2.0,20.0,2.0,100.0,38.552994
3854.0,3.0,20.0,2.0,100.0,12.29789
3855.0,5.0,20.0,2.0,100.0,10.672617
3856.0,10.0,20.0,2.0,100.0,12.023786
3857.0,20.0,20.0,2.0,100.0,6.549115
3858.0,40.0,20.0,2.0,100.0,6.074326
3859.0,49.0,20.0,2.0,100.0,3.1595025
3860.0,0.0,20.0,2.0,100.0,0.0
3861.0,0.5,20.0,2.0,100.0,28.112867
3862.0,1.0,20.0,2.0,100.0,0.0
3863.0,2.0,20.0,2.0,100.0,0.0
3864.0,3.0,20.0,2.0,100.0,11.757158
3865.0,5.0,20.0,2.0,100.0,6.8833823
3866.0,10.0,20.0,2.0,100.0,6.860328
3867.0,20.0,20.0,2.0,100.0,6.3820662
3868.0,40.0,20.0,2.0,100.0,4.5773773
3869.0,49.0,20.0,2.0,100.0,4.2031736
3870.0,0.0,20.0,2.0,100.0,0.0
3871.0,0.5,20.0,2.0,100.0,0.0
3872.0,1.0,20.0,2.0,100.0,42.14657
3873.0,2.0,20.0,2.0,100.0,22.052965
3874.0,3.0,20.0,2.0,100.0,9.877825
3875.0,5.0,20.0,2.0,100.0,10.533394
3876.0,10.0,20.0,2.0,100.0,7.4357853
3877.0,20.0,20.0,2.0,100.0,3.4256816
3878.0,40.0,20.0,2.0,100.0,3.313979
3879.0,49.0,20.0,2.0,100.0,6.7129803
3880.0,0.0,20.0,2.0,100.0,0.0
3881.0,0.5,20.0,2.0,100.0,29.263174
3882.0,1.0,20.0,2.0,100.0,36.555893
3883.0,2.0,20.0,2.0,100.0,43.661575
3884.0,3.0,20.0,2.0,100.0,15.616053
3885.0,5.0,20.0,2.0,100.0,19.899748
3886.0,10.0,20.0,2.0,100.0,8.838049
3887.0,20.0,20.0,2.0,100.0,6.3946
3888.0,40.0,20.0,2.0,100.0,2.8914175
3889.0,49.0,20.0,2.0,100.0,3.03158
3890.0,0.0,20.0,2.0,100.0,0.0
3891.0,0.5,20.0,2.0,100.0,0.0
3892.0,1.0,20.0,2.0,100.0,26.818615
3893.0,2.0,20.0,2.0,100.0,28.041634
3894.0,3.0,20.0,2.0,100.0,12.35198
3895.0,5.0,20.0,2.0,100.0,21.36196
3896.0,10.0,20.0,2.0,100.0,2.600045
3897.0,20.0,20.0,2.0,100.0,5.380742
3898.0,40.0,20.0,2.0,100.0,4.0116787
3899.0,49.0,20.0,2.0,100.0,4.995236
3900.0,0.0,20.0,2.0,100.0,0.0
3901.0,0.5,20.0,2.0,100.0,28.112867
3902.0,1.0,20.0,2.0,100.0,45.214306
3903.0,2.0,20.0,2.0,100.0,23.965254
3904.0,3.0,20.0,2.0,100.0,28.112867
3905.0,5.0,20.0,2.0,100.0,13.111246
3906.0,10.0,20.0,2.0,100.0,3.9761193
3907.0,20.0,20.0,2.0,100.0,4.8941174
3908.0,40.0,20.0,2.0,100.0,2.825324
3909.0,49.0,20.0,2.0,100.0,4.147852
3910.0,0.0,20.0,2.0,100.0,0.0
3911.0,0.5,20.0,2.0,100.0,0.0
3912.0,1.0,20.0,2.0,100.0,15.011107
3913.0,2.0,20.0,2.0,100.0,28.988503
3914.0,3.0,20.0,2.0,100.0,40.426888
3915.0,5.0,20.0,2.0,100.0,2.808999
3916.0,10.0,20.0,2.0,100.0,6.735066
3917.0,20.0,20.0,2.0,100.0,6.2362576
3918.0,40.0,20.0,2.0,100.0,3.885044
3919.0,49.0,20.0,2.0,100.0,3.2659862
3920.0,0.0,20.0,2.0,100.0,0.0
3921.0,0.5,20.0,2.0,100.0,9.216962
3922.0,1.0,20.0,2.0,100.0,0.0
3923.0,2.0,20.0,2.0,100.0,14.525839
3924.0,3.0,20.0,2.0,100.0,32.316147
3925.0,5.0,20.0,2.0,100.0,14.21267
3926.0,10.0,20.0,2.0,100.0,13.732131
3927.0,20.0,20.0,2.0,100.0,3.9667737
3928.0,40.0,20.0,2.0,100.0,3.1241374
3929.0,49.0,20.0,2.0,100.0,4.805751
3930.0,0.0,20.0,2.0,100.0,0.0
3931.0,0.5,20.0,2.0,100.0,28.988503
3932.0,1.0,20.0,2.0,100.0,28.219378
3933.0,2.0,20.0,2.0,100.0,21.031721
3934.0,3.0,20.0,2.0,100.0,6.007793
3935.0,5.0,20.0,2.0,100.0,13.802174
3936.0,10.0,20.0,2.0,100.0,3.284886
3937.0,20.0,20.0,2.0,100.0,2.1887157
3938.0,40.0,20.0,2.0,100.0,5.840402
3939.0,49.0,20.0,2.0,100.0,2.8036215
3940.0,0.0,20.0,2.0,100.0,0.0
3941.0,0.5,20.0,2.0,100.0,40.673496
3942.0,1.0,20.0,2.0,100.0,35.92121
3943.0,2.0,20.0,2.0,100.0,4.0939264
3944.0,3.0,20.0,2.0,100.0,19.735754
3945.0,5.0,20.0,2.0,100.0,19.183327
3946.0,10.0,20.0,2.0,100.0,4.530321
3947.0,20.0,20.0,2.0,100.0,6.268246
3948.0,40.0,20.0,2.0,100.0,9.860566
3949.0,49.0,20.0,2.0,100.0,2.490919
3950.0,0.0,20.0,2.0,100.0,0.0
3951.0,0.5,20.0,2.0,100.0,0.0
3952.0,1.0,20.0,2.0,100.0,0.0
3953.0,2.0,20.0,2.0,100.0,33.47138
3954.0,3.0,20.0,2.0,100.0,37.872593
3955.0,5.0,20.0,2.0,100.0,19.771313
3956.0,10.0,20.0,2.0,100.0,3.0413814
3957.0,20.0,20.0,2.0,100.0,4.407596
3958.0,40.0,20.0,2.0,100.0,3.870718
3959.0,49.0,20.0,2.0,100.0,4.820591
3960.0,0.0,20.0,2.0,100.0,0.0
3961.0,0.5,20.0,2.0,100.0,29.569128
3962.0,1.0,20.0,2.0,100.0,29.905407
3963.0,2.0,20.0,2.0,100.0,22.31378
3964.0,3.0,20.0,2.0,100.0,28.591957
3965.0,5.0,20.0,2.0,100.0,7.168051
3966.0,10.0,20.0,2.0,100.0,11.279986
3967.0,20.0,20.0,2.0,100.0,6.378943
3968.0,40.0,20.0,2.0,100.0,2.5131235
3969.0,49.0,20.0,2.0,100.0,3.2971725
3970.0,0.0,20.0,2.0,100.0,0.0
3971.0,0.5,20.0,2.0,100.0,42.899105
3972.0,1.0,20.0,2.0,100.0,13.905435
3973.0,2.0,20.0,2.0,100.0,19.989283
3974.0,3.0,20.0,2.0,100.0,29.905407
3975.0,5.0,20.0,2.0,100.0,6.7377615
3976.0,10.0,20.0,2.0,100.0,7.052005
3977.0,20.0,20.0,2.0,100.0,6.1392922
3978.0,40.0,20.0,2.0,100.0,4.9055176
3979.0,49.0,20.0,2.0,100.0,2.2071123
3980.0,0.0,20.0,2.0,100.0,0.0
3981.0,0.5,20.0,2.0,100.0,49.237522
3982.0,1.0,20.0,2.0,100.0,43.661575
3983.0,2.0,20.0,2.0,100.0,35.232563
3984.0,3.0,20.0,2.0,100.0,16.03122
3985.0,5.0,20.0,2.0,100.0,15.684387
3986.0,10.0,20.0,2.0,100.0,2.9970746
3987.0,20.0,20.0,2.0,100.0,6.1831036
3988.0,40.0,20.0,2.0,100.0,2.9648736
3989.0,49.0,20.0,2.0,100.0,3.445482
3990.0,0.0,20.0,2.0,100.0,0.0
3991.0,0.5,20.0,2.0,100.0,42.14657
3992.0,1.0,20.0,2.0,100.0,28.746014
3993.0,2.0,20.0,2.0,100.0,20.880613
3994.0,3.0,20.0,2.0,100.0,20.599352
3995.0,5.0,20.0,2.0,100.0,9.047712
3996.0,10.0,20.0,2.0,100.0,8.99228
3997.0,20.0,20.0,2.0,100.0,6.0330286
3998.0,40.0,20.0,2.0,100.0,4.607686
3999.0,49.0,20.0,2.0,100.0,2.5785892
4000.0,0.0,20.0,2.0,100.0,0.0
4001.0,0.5,20.0,2.0,100.0,48.418316
4002.0,1.0,20.0,2.0,100.0,31.085903
4003.0,2.0,20.0,2.0,100.0,37.89899
4004.0,3.0,20.0,2.0,100.0,14.57738
4005.0,5.0,20.0,2.0,100.0,11.205866
4006.0,10.0,20.0,2.0,100.0,5.7350593
4007.0,20.0,20.0,2.0,100.0,1.6832508
4008.0,40.0,20.0,2.0,100.0,4.5773773
4009.0,49.0,20.0,2.0,100.0,3.3385994
4010.0,0.0,20.0,2.0,100.0,0.0
4011.0,0.5,20.0,2.0,100.0,0.0
4012.0,1.0,20.0,2.0,100.0,43.661575
4013.0,2.0,20.0,2.0,100.0,42.899105
4014.0,3.0,20.0,2.0,100.0,29.399546
4015.0,5.0,20.0,2.0,100.0,14.017846
4016.0,10.0,20.0,2.0,100.0,8.104993
4017.0,20.0,20.0,2.0,100.0,3.49352
4018.0,40.0,20.0,2.0,100.0,2.883711
4019.0,49.0,20.0,2.0,100.0,16.60154
4020.0,0.0,20.0,2.0,100.0,0.0
4021.0,0.5,20.0,2.0,100.0,52.538876
4022.0,1.0,20.0,2.0,100.0,40.673496
4023.0,2.0,20.0,2.0,100.0,20.984121
4024.0,3.0,20.0,2.0,100.0,11.894996
4025.0,5.0,20.0,2.0,100.0,2.3278687
4026.0,10.0,20.0,2.0,100.0,4.2113295
4027.0,20.0,20.0,2.0,100.0,3.7161167
4028.0,40.0,20.0,2.0,100.0,3.9418285
4029.0,49.0,20.0,2.0,100.0,1.972429
4030.0,0.0,20.0,2.0,100.0,0.0
4031.0,0.5,20.0,2.0,100.0,0.0
4032.0,1.0,20.0,2.0,100.0,48.418316
4033.0,2.0,20.0,2.0,100.0,29.87195
4034.0,3.0,20.0,2.0,100.0,14.545496
4035.0,5.0,20.0,2.0,100.0,16.33722
4036.0,10.0,20.0,2.0,100.0,3.0155544
4037.0,20.0,20.0,2.0,100.0,3.8850443
4038.0,40.0,20.0,2.0,100.0,3.448257
4039.0,49.0,20.0,2.0,100.0,3.4073884
4040.0,0.0,20.0,2.0,100.0,0.0
4041.0,0.5,20.0,2.0,100.0,29.905407
4042.0,1.0,20.0,2.0,100.0,35.303444
4043.0,2.0,20.0,2.0,100.0,0.0
4044.0,3.0,20.0,2.0,100.0,41.283573
4045.0,5.0,20.0,2.0,100.0,10.969655
4046.0,10.0,20.0,2.0,100.0,3.4073882
4047.0,20.0,20.0,2.0,100.0,6.9926705
4048.0,40.0,20.0,2.0,100.0,3.7161167
4049.0,49.0,20.0,2.0,100.0,1.9976176
4050.0,0.0,20.0,2.0,100.0,0.0
4051.0,0.5,20.0,2.0,100.0,0.0
4052.0,1.0,20.0,2.0,100.0,0.0
4053.0,2.0,20.0,2.0,100.0,16.802776
4054.0,3.0,20.0,2.0,100.0,29.365513
4055.0,5.0,20.0,2.0,100.0,4.1612244
4056.0,10.0,20.0,2.0,100.0,3.7269928
4057.0,20.0,20.0,2.0,100.0,3.5686545
4058.0,40.0,20.0,2.0,100.0,3.5876658
4059.0,49.0,20.0,2.0,100.0,2.467889
4060.0,0.0,20.0,2.0,100.0,0.0
4061.0,0.5,20.0,2.0,100.0,0.0
4062.0,1.0,20.0,2.0,100.0,0.0
4063.0,2.0,20.0,2.0,100.0,13.494855
4064.0,3.0,20.0,2.0,100.0,37.313984
4065.0,5.0,20.0,2.0,100.0,10.227957
4066.0,10.0,20.0,2.0,100.0,4.7550287
4067.0,20.0,20.0,2.0,100.0,2.861901
4068.0,40.0,20.0,2.0,100.0,2.9766247
4069.0,49.0,20.0,2.0,100.0,2.32174
4070.0,0.0,20.0,2.0,100.0,0.0
4071.0,0.5,20.0,2.0,100.0,0.0
4072.0,1.0,20.0,2.0,100.0,47.60602
4073.0,2.0,20.0,2.0,100.0,16.324827
4074.0,3.0,20.0,2.0,100.0,35.161533
4075.0,5.0,20.0,2.0,100.0,10.409664
4076.0,10.0,20.0,2.0,100.0,8.203104
4077.0,20.0,20.0,2.0,100.0,7.7775903
4078.0,40.0,20.0,2.0,100.0,3.1997025
4079.0,49.0,20.0,2.0,100.0,4.1612244
4080.0,0.0,20.0,2.0,100.0,0.0
4081.0,0.5,20.0,2.0,100.0,8.596362
4082.0,1.0,20.0,2.0,100.0,0.0
4083.0,2.0,20.0,2.0,100.0,54.280136
4084.0,3.0,20.0,2.0,100.0,16.046806
4085.0,5.0,20.0,2.0,100.0,23.300318
4086.0,10.0,20.0,2.0,100.0,7.7389216
4087.0,20.0,20.0,2.0,100.0,4.336995
4088.0,40.0,20.0,2.0,100.0,3.5409057
4089.0,49.0,20.0,2.0,100.0,3.515721
4090.0,0.0,20.0,2.0,100.0,0.0
4091.0,0.5,20.0,2.0,100.0,33.020195
4092.0,1.0,20.0,2.0,100.0,39.95414
4093.0,2.0,20.0,2.0,100.0,15.34963
4094.0,3.0,20.0,2.0,100.0,18.05547
4095.0,5.0,20.0,2.0,100.0,11.015141
4096.0,10.0,20.0,2.0,100.0,8.768746
4097.0,20.0,20.0,2.0,100.0,3.5510974
4098.0,40.0,20.0,2.0,100.0,2.9309514
4099.0,49.0,20.0,2.0,100.0,4.2370253
4100.0,0.0,20.0,2.0,100.0,0.0
4101.0,0.5,20.0,2.0,100.0,31.021498
4102.0,1.0,20.0,2.0,100.0,39.247078
4103.0,2.0,20.0,2.0,100.0,32.807518
4104.0,3.0,20.0,2.0,100.0,36.555893
4105.0,5.0,20.0,2.0,100.0,10.444659
4106.0,10.0,20.0,2.0,100.0,3.789498
4107.0,20.0,20.0,2.0,100.0,3.7061157
4108.0,40.0,20.0,2.0,100.0,3.6035113
4109.0,49.0,20.0,2.0,100.0,2.912953
4110.0,0.0,20.0,2.0,100.0,0.0
4111.0,0.5,20.0,2.0,100.0,0.0
4112.0,1.0,20.0,2.0,100.0,34.122326
4113.0,2.0,20.0,2.0,100.0,27.392212
4114.0,3.0,20.0,2.0,100.0,6.264032
4115.0,5.0,20.0,2.0,100.0,24.5017
4116.0,10.0,20.0,2.0,100.0,9.790869
4117.0,20.0,20.0,2.0,100.0,4.956218
4118.0,40.0,20.0,2.0,100.0,3.5686545
4119.0,49.0,20.0,2.0,100.0,2.4063408
4120.0,0.0,20.0,2.0,100.0,0.0
4121.0,0.5,20.0,2.0,100.0,0.0
4122.0,1.0,20.0,2.0,100.0,43.890015
4123.0,2.0,20.0,2.0,100.0,14.0119
4124.0,3.0,20.0,2.0,100.0,30.270998
4125.0,5.0,20.0,2.0,100.0,22.810818
4126.0,10.0,20.0,2.0,100.0,6.3820662
4127.0,20.0,20.0,2.0,100.0,4.850136
4128.0,40.0,20.0,2.0,100.0,3.0394237
4129.0,49.0,20.0,2.0,100.0,3.0798204
4130.0,0.0,20.0,2.0,100.0,0.0
4131.0,0.5,20.0,2.0,100.0,50.063293
4132.0,1.0,20.0,2.0,100.0,19.92247
4133.0,2.0,20.0,2.0,100.0,19.824228
4134.0,3.0,20.0,2.0,100.0,42.44212
4135.0,5.0,20.0,2.0,100.0,8.769118
4136.0,10.0,20.0,2.0,100.0,7.1053004
4137.0,20.0,20.0,2.0,100.0,4.8353853
4138.0,40.0,20.0,2.0,100.0,4.1710234
4139.0,49.0,20.0,2.0,100.0,2.600045
4140.0,0.0,20.0,2.0,100.0,0.0
4141.0,0.5,20.0,2.0,100.0,0.0
4142.0,1.0,20.0,2.0,100.0,40.673496
4143.0,2.0,20.0,2.0,100.0,49.237522
4144.0,3.0,20.0,2.0,100.0,49.963318
4145.0,5.0,20.0,2.0,100.0,10.387722
4146.0,10.0,20.0,2.0,100.0,6.66314
4147.0,20.0,20.0,2.0,100.0,4.9086905
4148.0,40.0,20.0,2.0,100.0,3.1997023
4149.0,49.0,20.0,2.0,100.0,3.1796687
4150.0,0.0,20.0,2.0,100.0,12.365467
4151.0,0.5,20.0,2.0,100.0,49.237522
4152.0,1.0,20.0,2.0,100.0,36.555893
4153.0,2.0,20.0,2.0,100.0,37.20663
4154.0,3.0,20.0,2.0,100.0,5.122314
4155.0,5.0,20.0,2.0,100.0,15.247951
4156.0,10.0,20.0,2.0,100.0,7.8416142
4157.0,20.0,20.0,2.0,100.0,6.536878
4158.0,40.0,20.0,2.0,100.0,2.9766247
4159.0,49.0,20.0,2.0,100.0,4.121322
4160.0,0.0,20.0,2.0,100.0,0.0
4161.0,0.5,20.0,2.0,100.0,0.0
4162.0,1.0,20.0,2.0,100.0,28.112867
4163.0,2.0,20.0,2.0,100.0,34.122326
4164.0,3.0,20.0,2.0,100.0,4.0530114
4165.0,5.0,20.0,2.0,100.0,16.03122
4166.0,10.0,20.0,2.0,100.0,6.0788474
4167.0,20.0,20.0,2.0,100.0,3.9581137
4168.0,40.0,20.0,2.0,100.0,3.805955
4169.0,49.0,20.0,2.0,100.0,3.4978986
4170.0,0.0,20.0,2.0,100.0,0.0
4171.0,0.5,20.0,2.0,100.0,4.0530114
4172.0,1.0,20.0,2.0,100.0,18.556221
4173.0,2.0,20.0,2.0,100.0,17.930422
4174.0,3.0,20.0,2.0,100.0,20.062403
4175.0,5.0,20.0,2.0,100.0,13.76557
4176.0,10.0,20.0,2.0,100.0,12.776466
4177.0,20.0,20.0,2.0,100.0,6.421119
4178.0,40.0,20.0,2.0,100.0,3.4156501
4179.0,49.0,20.0,2.0,100.0,3.4615684
4180.0,0.0,20.0,2.0,100.0,0.0
4181.0,0.5,20.0,2.0,100.0,31.085903
4182.0,1.0,20.0,2.0,100.0,30.369942
4183.0,2.0,20.0,2.0,100.0,28.112867
4184.0,3.0,20.0,2.0,100.0,16.29417
4185.0,5.0,20.0,2.0,100.0,2.7911425
4186.0,10.0,20.0,2.0,100.0,2.825324
4187.0,20.0,20.0,2.0,100.0,4.289223
4188.0,40.0,20.0,2.0,100.0,2.2813764
4189.0,49.0,20.0,2.0,100.0,6.223405
4190.0,0.0,20.0,2.0,100.0,0.0
4191.0,0.5,20.0,2.0,100.0,33.020195
4192.0,1.0,20.0,2.0,100.0,0.0
4193.0,2.0,20.0,2.0,100.0,23.515951
4194.0,3.0,20.0,2.0,100.0,37.20663
4195.0,5.0,20.0,2.0,100.0,18.439089
4196.0,10.0,20.0,2.0,100.0,9.279608
4197.0,20.0,20.0,2.0,100.0,3.3144073
4198.0,40.0,20.0,2.0,100.0,3.2290711
4199.0,49.0,20.0,2.0,100.0,3.6338243
4200.0,0.0,20.0,2.0,100.0,0.0
4201.0,0.5,20.0,2.0,100.0,0.0
4202.0,1.0,20.0,2.0,100.0,31.085901
4203.0,2.0,20.0,2.0,100.0,37.20663
4204.0,3.0,20.0,2.0,100.0,28.290163
4205.0,5.0,20.0,2.0,100.0,22.546247
4206.0,10.0,20.0,2.0,100.0,5.467258
4207.0,20.0,20.0,2.0,100.0,4.121322
4208.0,40.0,20.0,2.0,100.0,6.472823
4209.0,49.0,20.0,2.0,100.0,1.8948553
4210.0,0.0,20.0,2.0,100.0,0.0
4211.0,0.5,20.0,2.0,100.0,0.0
4212.0,1.0,20.0,2.0,100.0,48.418316
4213.0,2.0,20.0,2.0,100.0,0.0
4214.0,3.0,20.0,2.0,100.0,9.504385
4215.0,5.0,20.0,2.0,100.0,8.340949
4216.0,10.0,20.0,2.0,100.0,8.809717
4217.0,20.0,20.0,2.0,100.0,4.2031736
4218.0,40.0,20.0,2.0,100.0,3.7244256
4219.0,49.0,20.0,2.0,100.0,2.6043441
4220.0,0.0,20.0,2.0,100.0,0.0
4221.0,0.5,20.0,2.0,100.0,0.0
4222.0,1.0,20.0,2.0,100.0,15.795569
4223.0,2.0,20.0,2.0,100.0,11.631463
4224.0,3.0,20.0,2.0,100.0,21.221058
4225.0,5.0,20.0,2.0,100.0,9.726825
4226.0,10.0,20.0,2.0,100.0,6.284179
4227.0,20.0,20.0,2.0,100.0,6.8845797
4228.0,40.0,20.0,2.0,100.0,2.9555533
4229.0,49.0,20.0,2.0,100.0,3.14187
4230.0,0.0,20.0,2.0,100.0,0.0
4231.0,0.5,20.0,2.0,100.0,34.703506
4232.0,1.0,20.0,2.0,100.0,35.92121
4233.0,2.0,20.0,2.0,100.0,13.338096
4234.0,3.0,20.0,2.0,100.0,26.143833
4235.0,5.0,20.0,2.0,100.0,5.6918745
4236.0,10.0,20.0,2.0,100.0,10.018039
4237.0,20.0,20.0,2.0,100.0,5.437288
4238.0,40.0,20.0,2.0,100.0,2.1657507
4239.0,49.0,20.0,2.0,100.0,3.4256814
4240.0,0.0,20.0,2.0,100.0,0.0
4241.0,0.5,20.0,2.0,100.0,51.67527
4242.0,1.0,20.0,2.0,100.0,17.378147
4243.0,2.0,20.0,2.0,100.0,17.392527
4244.0,3.0,20.0,2.0,100.0,14.0
4245.0,5.0,20.0,2.0,100.0,4.041452
4246.0,10.0,20.0,2.0,100.0,9.648363
4247.0,20.0,20.0,2.0,100.0,4.060847
4248.0,40.0,20.0,2.0,100.0,2.9970746
4249.0,49.0,20.0,2.0,100.0,2.490919
4250.0,0.0,20.0,2.0,100.0,0.0
4251.0,0.5,20.0,2.0,100.0,0.0
4252.0,1.0,20.0,2.0,100.0,45.785732
4253.0,2.0,20.0,2.0,100.0,37.20663
4254.0,3.0,20.0,2.0,100.0,13.892444
4255.0,5.0,20.0,2.0,100.0,13.693064
4256.0,10.0,20.0,2.0,100.0,9.498988
4257.0,20.0,20.0,2.0,100.0,7.641822
4258.0,40.0,20.0,2.0,100.0,4.169047
4259.0,49.0,20.0,2.0,100.0,2.6815064
4260.0,0.0,20.0,2.0,100.0,0.0
4261.0,0.5,20.0,2.0,100.0,51.73329
4262.0,1.0,20.0,2.0,100.0,46.801
4263.0,2.0,20.0,2.0,100.0,16.0
4264.0,3.0,20.0,2.0,100.0,45.88391
4265.0,5.0,20.0,2.0,100.0,12.789505
4266.0,10.0,20.0,2.0,100.0,6.4105563
4267.0,20.0,20.0,2.0,100.0,3.2440424
4268.0,40.0,20.0,2.0,100.0,3.6551735
4269.0,49.0,20.0,2.0,100.0,2.2339373
4270.0,0.0,20.0,2.0,100.0,0.0
4271.0,0.5,20.0,2.0,100.0,0.0
4272.0,1.0,20.0,2.0,100.0,39.715656
4273.0,2.0,20.0,2.0,100.0,24.704926
4274.0,3.0,20.0,2.0,100.0,12.906256
4275.0,5.0,20.0,2.0,100.0,15.763883
4276.0,10.0,20.0,2.0,100.0,10.775487
4277.0,20.0,20.0,2.0,100.0,4.1061287
4278.0,40.0,20.0,2.0,100.0,2.5351336
4279.0,49.0,20.0,2.0,100.0,2.7368734
4280.0,0.0,20.0,2.0,100.0,0.0
4281.0,0.5,20.0,2.0,100.0,0.0
4282.0,1.0,20.0,2.0,100.0,38.552994
4283.0,2.0,20.0,2.0,100.0,6.835991
4284.0,3.0,20.0,2.0,100.0,13.503086
4285.0,5.0,20.0,2.0,100.0,3.2290711
4286.0,10.0,20.0,2.0,100.0,4.196462
4287.0,20.0,20.0,2.0,100.0,10.511466
4288.0,40.0,20.0,2.0,100.0,3.5409057
4289.0,49.0,20.0,2.0,100.0,3.3332112
4290.0,0.0,20.0,2.0,100.0,0.0
4291.0,0.5,20.0,2.0,100.0,0.0
4292.0,1.0,20.0,2.0,100.0,34.122326
4293.0,2.0,20.0,2.0,100.0,28.988503
4294.0,3.0,20.0,2.0,100.0,9.759001
4295.0,5.0,20.0,2.0,100.0,16.630436
4296.0,10.0,20.0,2.0,100.0,21.499723
4297.0,20.0,20.0,2.0,100.0,5.406549
4298.0,40.0,20.0,2.0,100.0,3.3735669
4299.0,49.0,20.0,2.0,100.0,3.1201432
4300.0,0.0,20.0,2.0,100.0,0.0
4301.0,0.5,20.0,2.0,100.0,0.0
4302.0,1.0,20.0,2.0,100.0,0.0
4303.0,2.0,20.0,2.0,100.0,49.23752
4304.0,3.0,20.0,2.0,100.0,50.895317
4305.0,5.0,20.0,2.0,100.0,3.5388994
4306.0,10.0,20.0,2.0,100.0,4.8025093
4307.0,20.0,20.0,2.0,100.0,4.2873015
4308.0,40.0,20.0,2.0,100.0,2.3644187
4309.0,49.0,20.0,2.0,100.0,3.4627268
4310.0,0.0,20.0,2.0,100.0,0.0
4311.0,0.5,20.0,2.0,100.0,5.848477
4312.0,1.0,20.0,2.0,100.0,0.0
4313.0,2.0,20.0,2.0,100.0,24.006943
4314.0,3.0,20.0,2.0,100.0,4.342844
4315.0,5.0,20.0,2.0,100.0,4.1219506
4316.0,10.0,20.0,2.0,100.0,7.6557894
4317.0,20.0,20.0,2.0,100.0,5.6918745
4318.0,40.0,20.0,2.0,100.0,4.6885457
4319.0,49.0,20.0,2.0,100.0,4.519613
4320.0,0.0,20.0,2.0,100.0,0.0
4321.0,0.5,20.0,2.0,100.0,42.14657
4322.0,1.0,20.0,2.0,100.0,21.045303
4323.0,2.0,20.0,2.0,100.0,42.14657
4324.0,3.0,20.0,2.0,100.0,37.20663
4325.0,5.0,20.0,2.0,100.0,27.428696
4326.0,10.0,20.0,2.0,100.0,4.385806
4327.0,20.0,20.0,2.0,100.0,2.6192164
4328.0,40.0,20.0,2.0,100.0,4.9377074
4329.0,49.0,20.0,2.0,100.0,3.1000476
4330.0,0.0,20.0,2.0,100.0,0.0
4331.0,0.5,20.0,2.0,100.0,0.0
4332.0,1.0,20.0,2.0,100.0,50.063293
4333.0,2.0,20.0,2.0,100.0,6.316442
4334.0,3.0,20.0,2.0,100.0,10.718718
4335.0,5.0,20.0,2.0,100.0,9.393514
4336.0,10.0,20.0,2.0,100.0,6.6400986
4337.0,20.0,20.0,2.0,100.0,8.8255825
4338.0,40.0,20.0,2.0,100.0,4.8714232
4339.0,49.0,20.0,2.0,100.0,4.0666957
4340.0,0.0,20.0,2.0,100.0,0.0
4341.0,0.5,20.0,2.0,100.0,50.895317
4342.0,1.0,20.0,2.0,100.0,12.8721
4343.0,2.0,20.0,2.0,100.0,23.58672
4344.0,3.0,20.0,2.0,100.0,39.95414
4345.0,5.0,20.0,2.0,100.0,9.843651
4346.0,10.0,20.0,2.0,100.0,10.564616
4347.0,20.0,20.0,2.0,100.0,6.101702
4348.0,40.0,20.0,2.0,100.0,4.700557
4349.0,49.0,20.0,2.0,100.0,4.5929556
4350.0,0.0,20.0,2.0,100.0,0.0
4351.0,0.5,20.0,2.0,100.0,0.0
4352.0,1.0,20.0,2.0,100.0,30.664854
4353.0,2.0,20.0,2.0,100.0,45.88391
4354.0,3.0,20.0,2.0,100.0,3.1241374
4355.0,5.0,20.0,2.0,100.0,5.7790513
4356.0,10.0,20.0,2.0,100.0,2.9138422
4357.0,20.0,20.0,2.0,100.0,5.0686197
4358.0,40.0,20.0,2.0,100.0,3.2290714
4359.0,49.0,20.0,2.0,100.0,4.060209
4360.0,0.0,20.0,2.0,100.0,0.0
4361.0,0.5,20.0,2.0,100.0,0.0
4362.0,1.0,20.0,2.0,100.0,0.0
4363.0,2.0,20.0,2.0,100.0,8.859509
4364.0,3.0,20.0,2.0,100.0,13.080945
4365.0,5.0,20.0,2.0,100.0,16.080156
4366.0,10.0,20.0,2.0,100.0,4.356886
4367.0,20.0,20.0,2.0,100.0,4.4606543
4368.0,40.0,20.0,2.0,100.0,7.0373154
4369.0,49.0,20.0,2.0,100.0,2.2339373
4370.0,0.0,20.0,2.0,100.0,0.0
4371.0,0.5,20.0,2.0,100.0,0.0
4372.0,1.0,20.0,2.0,100.0,46.003624
4373.0,2.0,20.0,2.0,100.0,26.312227
4374.0,3.0,20.0,2.0,100.0,42.193996
4375.0,5.0,20.0,2.0,100.0,2.912953
4376.0,10.0,20.0,2.0,100.0,4.670067
4377.0,20.0,20.0,2.0,100.0,5.383799
4378.0,40.0,20.0,2.0,100.0,4.450789
4379.0,49.0,20.0,2.0,100.0,2.7657049
4380.0,0.0,20.0,2.0,100.0,0.0
4381.0,0.5,20.0,2.0,100.0,14.795431
4382.0,1.0,20.0,2.0,100.0,0.0
4383.0,2.0,20.0,2.0,100.0,38.552994
4384.0,3.0,20.0,2.0,100.0,13.057565
4385.0,5.0,20.0,2.0,100.0,32.005207
4386.0,10.0,20.0,2.0,100.0,6.60991
4387.0,20.0,20.0,2.0,100.0,6.2634473
4388.0,40.0,20.0,2.0,100.0,4.3572116
4389.0,49.0,20.0,2.0,100.0,2.825324
4390.0,0.0,20.0,2.0,100.0,0.0
4391.0,0.5,20.0,2.0,100.0,0.0
4392.0,1.0,20.0,2.0,100.0,17.097757
4393.0,2.0,20.0,2.0,100.0,15.617451
4394.0,3.0,20.0,2.0,100.0,26.576933
4395.0,5.0,20.0,2.0,100.0,5.7528462
4396.0,10.0,20.0,2.0,100.0,8.901578
4397.0,20.0,20.0,2.0,100.0,2.4208045
4398.0,40.0,20.0,2.0,100.0,6.3296213
4399.0,49.0,20.0,2.0,100.0,3.3307006
4400.0,0.0,20.0,2.0,100.0,0.0
4401.0,0.5,20.0,2.0,100.0,28.360771
4402.0,1.0,20.0,2.0,100.0,0.0
4403.0,2.0,20.0,2.0,100.0,11.962906
4404.0,3.0,20.0,2.0,100.0,9.712535
4405.0,5.0,20.0,2.0,100.0,5.4072266
4406.0,10.0,20.0,2.0,100.0,4.479297
4407.0,20.0,20.0,2.0,100.0,6.518505
4408.0,40.0,20.0,2.0,100.0,4.240907
4409.0,49.0,20.0,2.0,100.0,3.8380685
4410.0,0.0,20.0,2.0,100.0,0.0
4411.0,0.5,20.0,2.0,100.0,0.0
4412.0,1.0,20.0,2.0,100.0,49.23752
4413.0,2.0,20.0,2.0,100.0,3.2462306
4414.0,3.0,20.0,2.0,100.0,20.231989
4415.0,5.0,20.0,2.0,100.0,10.940334
4416.0,10.0,20.0,2.0,100.0,5.6772146
4417.0,20.0,20.0,2.0,100.0,9.554627
4418.0,40.0,20.0,2.0,100.0,4.553602
4419.0,49.0,20.0,2.0,100.0,3.9667737
4420.0,0.0,20.0,2.0,100.0,0.0
4421.0,0.5,20.0,2.0,100.0,44.43347
4422.0,1.0,20.0,2.0,100.0,0.0
4423.0,2.0,20.0,2.0,100.0,28.360771
4424.0,3.0,20.0,2.0,100.0,17.905617
4425.0,5.0,20.0,2.0,100.0,11.895377
4426.0,10.0,20.0,2.0,100.0,4.7000966
4427.0,20.0,20.0,2.0,100.0,2.7657049
4428.0,40.0,20.0,2.0,100.0,4.7286673
4429.0,49.0,20.0,2.0,100.0,5.558546
4430.0,0.0,20.0,2.0,100.0,0.0
4431.0,0.5,20.0,2.0,100.0,0.0
4432.0,1.0,20.0,2.0,100.0,37.456642
4433.0,2.0,20.0,2.0,100.0,27.73686
4434.0,3.0,20.0,2.0,100.0,16.867128
4435.0,5.0,20.0,2.0,100.0,9.286447
4436.0,10.0,20.0,2.0,100.0,4.846742
4437.0,20.0,20.0,2.0,100.0,5.3445396
4438.0,40.0,20.0,2.0,100.0,3.199702
4439.0,49.0,20.0,2.0,100.0,1.4091681
4440.0,0.0,20.0,2.0,100.0,0.0
4441.0,0.5,20.0,2.0,100.0,54.280136
4442.0,1.0,20.0,2.0,100.0,0.0
4443.0,2.0,20.0,2.0,100.0,11.968211
4444.0,3.0,20.0,2.0,100.0,42.14657
4445.0,5.0,20.0,2.0,100.0,10.9043455
4446.0,10.0,20.0,2.0,100.0,10.276727
4447.0,20.0,20.0,2.0,100.0,3.5721471
4448.0,40.0,20.0,2.0,100.0,5.2326818
4449.0,49.0,20.0,2.0,100.0,2.9970746
4450.0,0.0,20.0,2.0,100.0,0.0
4451.0,0.5,20.0,2.0,100.0,0.0
4452.0,1.0,20.0,2.0,100.0,16.140013
4453.0,2.0,20.0,2.0,100.0,0.0
4454.0,3.0,20.0,2.0,100.0,0.0
4455.0,5.0,20.0,2.0,100.0,4.9759655
4456.0,10.0,20.0,2.0,100.0,2.994065
4457.0,20.0,20.0,2.0,100.0,3.8059552
4458.0,40.0,20.0,2.0,100.0,4.029652
4459.0,49.0,20.0,2.0,100.0,3.9824984
4460.0,0.0,20.0,2.0,100.0,0.0
4461.0,0.5,20.0,2.0,100.0,15.838595
4462.0,1.0,20.0,2.0,100.0,24.525497
4463.0,2.0,20.0,2.0,100.0,28.112867
4464.0,3.0,20.0,2.0,100.0,29.53529
4465.0,5.0,20.0,2.0,100.0,6.9687953
4466.0,10.0,20.0,2.0,100.0,3.709479
4467.0,20.0,20.0,2.0,100.0,4.299453
4468.0,40.0,20.0,2.0,100.0,5.3674507
4469.0,49.0,20.0,2.0,100.0,2.6213253
4470.0,0.0,20.0,2.0,100.0,0.0
4471.0,0.5,20.0,2.0,100.0,8.260193
4472.0,1.0,20.0,2.0,100.0,12.055428
4473.0,2.0,20.0,2.0,100.0,33.00505
4474.0,3.0,20.0,2.0,100.0,7.5406303
4475.0,5.0,20.0,2.0,100.0,19.857828
4476.0,10.0,20.0,2.0,100.0,9.803627
4477.0,20.0,20.0,2.0,100.0,4.2706084
4478.0,40.0,20.0,2.0,100.0,6.5943384
4479.0,49.0,20.0,2.0,100.0,5.513387
4480.0,0.0,20.0,2.0,100.0,0.0
4481.0,0.5,20.0,2.0,100.0,0.0
4482.0,1.0,20.0,2.0,100.0,0.0
4483.0,2.0,20.0,2.0,100.0,22.744963
4484.0,3.0,20.0,2.0,100.0,22.188585
4485.0,5.0,20.0,2.0,100.0,3.9036005
4486.0,10.0,20.0,2.0,100.0,9.239107
4487.0,20.0,20.0,2.0,100.0,5.3289247
4488.0,40.0,20.0,2.0,100.0,3.919221
4489.0,49.0,20.0,2.0,100.0,4.240907
4490.0,0.0,20.0,2.0,100.0,0.0
4491.0,0.5,20.0,2.0,100.0,0.0
4492.0,1.0,20.0,2.0,100.0,39.95414
4493.0,2.0,20.0,2.0,100.0,39.95414
4494.0,3.0,20.0,2.0,100.0,29.501413
4495.0,5.0,20.0,2.0,100.0,8.632716
4496.0,10.0,20.0,2.0,100.0,5.1777916
4497.0,20.0,20.0,2.0,100.0,3.9981613
4498.0,40.0,20.0,2.0,100.0,2.447545
4499.0,49.0,20.0,2.0,100.0,3.4454818
4500.0,0.0,20.0,2.0,100.0,0.0
4501.0,0.5,20.0,2.0,100.0,0.0
4502.0,1.0,20.0,2.0,100.0,29.905407
4503.0,2.0,20.0,2.0,100.0,31.069813
4504.0,3.0,20.0,2.0,100.0,36.087856
4505.0,5.0,20.0,2.0,100.0,9.123491
4506.0,10.0,20.0,2.0,100.0,18.907671
4507.0,20.0,20.0,2.0,100.0,3.3705037
4508.0,40.0,20.0,2.0,100.0,4.120978
4509.0,49.0,20.0,2.0,100.0,3.2462304
4510.0,0.0,20.0,2.0,100.0,0.0
4511.0,0.5,20.0,2.0,100.0,0.0
4512.0,1.0,20.0,2.0,100.0,29.263174
4513.0,2.0,20.0,2.0,100.0,23.094011
4514.0,3.0,20.0,2.0,100.0,38.370995
4515.0,5.0,20.0,2.0,100.0,2.1887157
4516.0,10.0,20.0,2.0,100.0,7.049178
4517.0,20.0,20.0,2.0,100.0,6.8481703
4518.0,40.0,20.0,2.0,100.0,4.8203
4519.0,49.0,20.0,2.0,100.0,4.516352
4520.0,0.0,20.0,2.0,100.0,0.0
4521.0,0.5,20.0,2.0,100.0,53.42596
4522.0,1.0,20.0,2.0,100.0,15.503584
4523.0,2.0,20.0,2.0,100.0,42.899105
4524.0,3.0,20.0,2.0,100.0,14.59452
4525.0,5.0,20.0,2.0,100.0,16.041613
4526.0,10.0,20.0,2.0,100.0,6.6416197
4527.0,20.0,20.0,2.0,100.0,5.7175965
4528.0,40.0,20.0,2.0,100.0,5.682509
4529.0,49.0,20.0,2.0,100.0,2.9816904
4530.0,0.0,20.0,2.0,100.0,0.0
4531.0,0.5,20.0,2.0,100.0,0.0
4532.0,1.0,20.0,2.0,100.0,32.516663
4533.0,2.0,20.0,2.0,100.0,29.569128
4534.0,3.0,20.0,2.0,100.0,14.525839
4535.0,5.0,20.0,2.0,100.0,9.235308
4536.0,10.0,20.0,2.0,100.0,2.0470653
4537.0,20.0,20.0,2.0,100.0,9.30005
4538.0,40.0,20.0,2.0,100.0,3.1241374
4539.0,49.0,20.0,2.0,100.0,3.8563387
4540.0,0.0,20.0,2.0,100.0,0.0
4541.0,0.5,20.0,2.0,100.0,39.95414
4542.0,1.0,20.0,2.0,100.0,0.0
4543.0,2.0,20.0,2.0,100.0,20.59126
4544.0,3.0,20.0,2.0,100.0,7.879779
4545.0,5.0,20.0,2.0,100.0,6.6506214
4546.0,10.0,20.0,2.0,100.0,7.660999
4547.0,20.0,20.0,2.0,100.0,5.4072266
4548.0,40.0,20.0,2.0,100.0,5.9481893
4549.0,49.0,20.0,2.0,100.0,3.0521777
4550.0,0.0,20.0,2.0,100.0,0.0
4551.0,0.5,20.0,2.0,100.0,46.003624
4552.0,1.0,20.0,2.0,100.0,46.800995
4553.0,2.0,20.0,2.0,100.0,34.122326
4554.0,3.0,20.0,2.0,100.0,35.92121
4555.0,5.0,20.0,2.0,100.0,16.852299
4556.0,10.0,20.0,2.0,100.0,8.129632
4557.0,20.0,20.0,2.0,100.0,4.639376
4558.0,40.0,20.0,2.0,100.0,3.586125
4559.0,49.0,20.0,2.0,100.0,2.9409394
4560.0,0.0,20.0,2.0,100.0,0.0
4561.0,0.5,20.0,2.0,100.0,50.895317
4562.0,1.0,20.0,2.0,100.0,35.92121
4563.0,2.0,20.0,2.0,100.0,22.030281
4564.0,3.0,20.0,2.0,100.0,6.697783
4565.0,5.0,20.0,2.0,100.0,23.64318
4566.0,10.0,20.0,2.0,100.0,16.730354
4567.0,20.0,20.0,2.0,100.0,6.343351
4568.0,40.0,20.0,2.0,100.0,6.443897
4569.0,49.0,20.0,2.0,100.0,2.8443763
4570.0,0.0,20.0,2.0,100.0,0.0
4571.0,0.5,20.0,2.0,100.0,0.0
4572.0,1.0,20.0,2.0,100.0,28.536526
4573.0,2.0,20.0,2.0,100.0,16.703293
4574.0,3.0,20.0,2.0,100.0,16.0
4575.0,5.0,20.0,2.0,100.0,12.983506
4576.0,10.0,20.0,2.0,100.0,2.4976177
4577.0,20.0,20.0,2.0,100.0,10.705658
4578.0,40.0,20.0,2.0,100.0,5.2326818
4579.0,49.0,20.0,2.0,100.0,4.7459254
4580.0,0.0,20.0,2.0,100.0,0.0
4581.0,0.5,20.0,2.0,100.0,32.65476
4582.0,1.0,20.0,2.0,100.0,5.8268676
4583.0,2.0,20.0,2.0,100.0,9.232449
4584.0,3.0,20.0,2.0,100.0,4.9809165
4585.0,5.0,20.0,2.0,100.0,9.713964
4586.0,10.0,20.0,2.0,100.0,10.133653
4587.0,20.0,20.0,2.0,100.0,4.5617456
4588.0,40.0,20.0,2.0,100.0,4.044786
4589.0,49.0,20.0,2.0,100.0,3.8128748
4590.0,0.0,20.0,2.0,100.0,15.293946
4591.0,0.5,20.0,2.0,100.0,0.0
4592.0,1.0,20.0,2.0,100.0,24.279621
4593.0,2.0,20.0,2.0,100.0,34.703506
4594.0,3.0,20.0,2.0,100.0,15.459625
4595.0,5.0,20.0,2.0,100.0,3.9981613
4596.0,10.0,20.0,2.0,100.0,5.5506334
4597.0,20.0,20.0,2.0,100.0,4.775932
4598.0,40.0,20.0,2.0,100.0,4.805751
4599.0,49.0,20.0,2.0,100.0,3.1449127
4600.0,0.0,20.0,2.0,100.0,0.0
4601.0,0.5,20.0,2.0,100.0,0.0
4602.0,1.0,20.0,2.0,100.0,27.024681
4603.0,2.0,20.0,2.0,100.0,34.154064
4604.0,3.0,20.0,2.0,100.0,38.03069
4605.0,5.0,20.0,2.0,100.0,12.378937
4606.0,10.0,20.0,2.0,100.0,6.0407705
4607.0,20.0,20.0,2.0,100.0,6.155559
4608.0,40.0,20.0,2.0,100.0,6.21
4609.0,49.0,20.0,2.0,100.0,4.1074743
4610.0,0.0,20.0,2.0,100.0,0.0
4611.0,0.5,20.0,2.0,100.0,0.0
4612.0,1.0,20.0,2.0,100.0,0.0
4613.0,2.0,20.0,2.0,100.0,31.342197
4614.0,3.0,20.0,2.0,100.0,38.798626
4615.0,5.0,20.0,2.0,100.0,9.268482
4616.0,10.0,20.0,2.0,100.0,7.004577
4617.0,20.0,20.0,2.0,100.0,4.30393
4618.0,40.0,20.0,2.0,100.0,3.6892133
4619.0,49.0,20.0,2.0,100.0,3.374978
4620.0,0.0,20.0,2.0,100.0,0.0
4621.0,0.5,20.0,2.0,100.0,27.910572
4622.0,1.0,20.0,2.0,100.0,15.716233
4623.0,2.0,20.0,2.0,100.0,18.770544
4624.0,3.0,20.0,2.0,100.0,33.26159
4625.0,5.0,20.0,2.0,100.0,10.68788
4626.0,10.0,20.0,2.0,100.0,7.5571895
4627.0,20.0,20.0,2.0,100.0,6.0737886
4628.0,40.0,20.0,2.0,100.0,4.3572116
4629.0,49.0,20.0,2.0,100.0,3.2219484
4630.0,0.0,20.0,2.0,100.0,49.11551
4631.0,0.5,20.0,2.0,100.0,37.872593
4632.0,1.0,20.0,2.0,100.0,2.5166113
4633.0,2.0,20.0,2.0,100.0,47.43768
4634.0,3.0,20.0,2.0,100.0,26.274195
4635.0,5.0,20.0,2.0,100.0,4.2873015
4636.0,10.0,20.0,2.0,100.0,5.907405
4637.0,20.0,20.0,2.0,100.0,4.922476
4638.0,40.0,20.0,2.0,100.0,4.5318885
4639.0,49.0,20.0,2.0,100.0,2.0470653
4640.0,0.0,20.0,2.0,100.0,0.0
4641.0,0.5,20.0,2.0,100.0,40.673496
4642.0,1.0,20.0,2.0,100.0,46.003624
4643.0,2.0,20.0,2.0,100.0,21.36196
4644.0,3.0,20.0,2.0,100.0,18.652206
4645.0,5.0,20.0,2.0,100.0,14.29119
4646.0,10.0,20.0,2.0,100.0,9.792391
4647.0,20.0,20.0,2.0,100.0,5.0725503
4648.0,40.0,20.0,2.0,100.0,3.1595025
4649.0,49.0,20.0,2.0,100.0,4.060209
4650.0,0.0,20.0,2.0,100.0,0.0
4651.0,0.5,20.0,2.0,100.0,37.20663
4652.0,1.0,20.0,2.0,100.0,9.712535
4653.0,2.0,20.0,2.0,100.0,13.505461
4654.0,3.0,20.0,2.0,100.0,10.030509
4655.0,5.0,20.0,2.0,100.0,13.683497
4656.0,10.0,20.0,2.0,100.0,5.10835
4657.0,20.0,20.0,2.0,100.0,2.3854718
4658.0,40.0,20.0,2.0,100.0,4.1815424
4659.0,49.0,20.0,2.0,100.0,4.136459
4660.0,0.0,20.0,2.0,100.0,0.0
4661.0,0.5,20.0,2.0,100.0,28.219378
4662.0,1.0,20.0,2.0,100.0,13.77901
4663.0,2.0,20.0,2.0,100.0,38.552994
4664.0,3.0,20.0,2.0,100.0,20.404247
4665.0,5.0,20.0,2.0,100.0,8.894443
4666.0,10.0,20.0,2.0,100.0,11.686378
4667.0,20.0,20.0,2.0,100.0,4.8941174
4668.0,40.0,20.0,2.0,100.0,4.4283514
4669.0,49.0,20.0,2.0,100.0,4.064949
4670.0,0.0,20.0,2.0,100.0,0.0
4671.0,0.5,20.0,2.0,100.0,32.005207
4672.0,1.0,20.0,2.0,100.0,39.57693
4673.0,2.0,20.0,2.0,100.0,28.00595
4674.0,3.0,20.0,2.0,100.0,8.738484
4675.0,5.0,20.0,2.0,100.0,8.388153
4676.0,10.0,20.0,2.0,100.0,9.216962
4677.0,20.0,20.0,2.0,100.0,11.397577
4678.0,40.0,20.0,2.0,100.0,2.5080822
4679.0,49.0,20.0,2.0,100.0,2.3055995
4680.0,0.0,20.0,2.0,100.0,0.0
4681.0,0.5,20.0,2.0,100.0,0.0
4682.0,1.0,20.0,2.0,100.0,25.774666
4683.0,2.0,20.0,2.0,100.0,25.758493
4684.0,3.0,20.0,2.0,100.0,16.492422
4685.0,5.0,20.0,2.0,100.0,14.244465
4686.0,10.0,20.0,2.0,100.0,8.677033
4687.0,20.0,20.0,2.0,100.0,5.4982514
4688.0,40.0,20.0,2.0,100.0,7.6220236
4689.0,49.0,20.0,2.0,100.0,3.9351358
4690.0,0.0,20.0,2.0,100.0,0.0
4691.0,0.5,20.0,2.0,100.0,45.214306
4692.0,1.0,20.0,2.0,100.0,25.482021
4693.0,2.0,20.0,2.0,100.0,39.247078
4694.0,3.0,20.0,2.0,100.0,0.0
4695.0,5.0,20.0,2.0,100.0,2.0713465
4696.0,10.0,20.0,2.0,100.0,3.5334537
4697.0,20.0,20.0,2.0,100.0,5.2023168
4698.0,40.0,20.0,2.0,100.0,2.8055916
4699.0,49.0,20.0,2.0,100.0,2.527939
4700.0,0.0,20.0,2.0,100.0,0.0
4701.0,0.5,20.0,2.0,100.0,46.003624
4702.0,1.0,20.0,2.0,100.0,10.226018
4703.0,2.0,20.0,2.0,100.0,29.687258
4704.0,3.0,20.0,2.0,100.0,12.996337
4705.0,5.0,20.0,2.0,100.0,27.46513
4706.0,10.0,20.0,2.0,100.0,3.3601305
4707.0,20.0,20.0,2.0,100.0,4.741866
4708.0,40.0,20.0,2.0,100.0,2.5952446
4709.0,49.0,20.0,2.0,100.0,4.044786
4710.0,0.0,20.0,2.0,100.0,0.0
4711.0,0.5,20.0,2.0,100.0,0.0
4712.0,1.0,20.0,2.0,100.0,22.12088
4713.0,2.0,20.0,2.0,100.0,0.0
4714.0,3.0,20.0,2.0,100.0,12.469964
4715.0,5.0,20.0,2.0,100.0,8.130874
4716.0,10.0,20.0,2.0,100.0,6.1831036
4717.0,20.0,20.0,2.0,100.0,2.9816902
4718.0,40.0,20.0,2.0,100.0,3.8710845
4719.0,49.0,20.0,2.0,100.0,2.8619008
4720.0,0.0,20.0,2.0,100.0,0.0
4721.0,0.5,20.0,2.0,100.0,38.552994
4722.0,1.0,20.0,2.0,100.0,44.43347
4723.0,2.0,20.0,2.0,100.0,41.404507
4724.0,3.0,20.0,2.0,100.0,46.003624
4725.0,5.0,20.0,2.0,100.0,7.3729987
4726.0,10.0,20.0,2.0,100.0,7.8333335
4727.0,20.0,20.0,2.0,100.0,3.1607716
4728.0,40.0,20.0,2.0,100.0,3.1063037
4729.0,49.0,20.0,2.0,100.0,2.1021352
4730.0,0.0,20.0,2.0,100.0,0.0
4731.0,0.5,20.0,2.0,100.0,0.0
4732.0,1.0,20.0,2.0,100.0,33.62043
4733.0,2.0,20.0,2.0,100.0,46.801
4734.0,3.0,20.0,2.0,100.0,11.629191
4735.0,5.0,20.0,2.0,100.0,26.727016
4736.0,10.0,20.0,2.0,100.0,6.2634473
4737.0,20.0,20.0,2.0,100.0,6.0330286
4738.0,40.0,20.0,2.0,100.0,2.9766247
4739.0,49.0,20.0,2.0,100.0,3.2573447
4740.0,0.0,20.0,2.0,100.0,0.0
4741.0,0.5,20.0,2.0,100.0,34.703506
4742.0,1.0,20.0,2.0,100.0,32.56276
4743.0,2.0,20.0,2.0,100.0,32.50128
4744.0,3.0,20.0,2.0,100.0,27.153883
4745.0,5.0,20.0,2.0,100.0,10.377423
4746.0,10.0,20.0,2.0,100.0,6.206755
4747.0,20.0,20.0,2.0,100.0,4.441933
4748.0,40.0,20.0,2.0,100.0,3.5510976
4749.0,49.0,20.0,2.0,100.0,3.9667737
4750.0,0.0,20.0,2.0,100.0,0.0
4751.0,0.5,20.0,2.0,100.0,43.661575
4752.0,1.0,20.0,2.0,100.0,17.83923
4753.0,2.0,20.0,2.0,100.0,13.650397
4754.0,3.0,20.0,2.0,100.0,54.28014
4755.0,5.0,20.0,2.0,100.0,2.3055997
4756.0,10.0,20.0,2.0,100.0,13.8874445
4757.0,20.0,20.0,2.0,100.0,6.2137184
4758.0,40.0,20.0,2.0,100.0,4.011294
4759.0,49.0,20.0,2.0,100.0,2.5476413
4760.0,0.0,20.0,2.0,100.0,0.0
4761.0,0.5,20.0,2.0,100.0,39.247078
4762.0,1.0,20.0,2.0,100.0,48.418316
4763.0,2.0,20.0,2.0,100.0,36.555893
4764.0,3.0,20.0,2.0,100.0,3.838658
4765.0,5.0,20.0,2.0,100.0,15.32971
4766.0,10.0,20.0,2.0,100.0,4.2706084
4767.0,20.0,20.0,2.0,100.0,4.8847
4768.0,40.0,20.0,2.0,100.0,2.8914175
4769.0,49.0,20.0,2.0,100.0,2.8700445
4770.0,0.0,20.0,2.0,100.0,0.0
4771.0,0.5,20.0,2.0,100.0,0.0
4772.0,1.0,20.0,2.0,100.0,29.569128
4773.0,2.0,20.0,2.0,100.0,12.472828
4774.0,3.0,20.0,2.0,100.0,17.602873
4775.0,5.0,20.0,2.0,100.0,4.732593
4776.0,10.0,20.0,2.0,100.0,9.195874
4777.0,20.0,20.0,2.0,100.0,4.4023805
4778.0,40.0,20.0,2.0,100.0,3.6551735
4779.0,49.0,20.0,2.0,100.0,3.0339212
4780.0,0.0,20.0,2.0,100.0,0.0
4781.0,0.5,20.0,2.0,100.0,52.576927
4782.0,1.0,20.0,2.0,100.0,41.404507
4783.0,2.0,20.0,2.0,100.0,21.548395
4784.0,3.0,20.0,2.0,100.0,12.584161
4785.0,5.0,20.0,2.0,100.0,18.041618
4786.0,10.0,20.0,2.0,100.0,3.7943952
4787.0,20.0,20.0,2.0,100.0,3.4156504
4788.0,40.0,20.0,2.0,100.0,3.388996
4789.0,49.0,20.0,2.0,100.0,3.6551735
4790.0,0.0,20.0,2.0,100.0,0.0
4791.0,0.5,20.0,2.0,100.0,45.214306
4792.0,1.0,20.0,2.0,100.0,35.92121
4793.0,2.0,20.0,2.0,100.0,36.555893
4794.0,3.0,20.0,2.0,100.0,8.700053
4795.0,5.0,20.0,2.0,100.0,9.904304
4796.0,10.0,20.0,2.0,100.0,3.7352884
4797.0,20.0,20.0,2.0,100.0,6.5750113
4798.0,40.0,20.0,2.0,100.0,3.3519092
4799.0,49.0,20.0,2.0,100.0,3.5334537
4800.0,0.0,20.0,2.0,100.0,0.0
4801.0,0.5,20.0,2.0,100.0,17.518698
4802.0,1.0,20.0,2.0,100.0,10.609969
4803.0,2.0,20.0,2.0,100.0,27.537853
4804.0,3.0,20.0,2.0,100.0,10.5873
4805.0,5.0,20.0,2.0,100.0,22.181072
4806.0,10.0,20.0,2.0,100.0,5.170181
4807.0,20.0,20.0,2.0,100.0,5.129892
4808.0,40.0,20.0,2.0,100.0,5.202317
4809.0,49.0,20.0,2.0,100.0,2.8914173
4810.0,0.0,20.0,2.0,100.0,0.0
4811.0,0.5,20.0,2.0,100.0,48.418316
4812.0,1.0,20.0,2.0,100.0,43.661575
4813.0,2.0,20.0,2.0,100.0,24.090109
4814.0,3.0,20.0,2.0,100.0,14.138768
4815.0,5.0,20.0,2.0,100.0,22.461077
4816.0,10.0,20.0,2.0,100.0,5.611676
4817.0,20.0,20.0,2.0,100.0,10.653211
4818.0,40.0,20.0,2.0,100.0,2.5569537
4819.0,49.0,20.0,2.0,100.0,3.7396917
4820.0,0.0,20.0,2.0,100.0,0.0
4821.0,0.5,20.0,2.0,100.0,0.0
4822.0,1.0,20.0,2.0,100.0,0.0
4823.0,2.0,20.0,2.0,100.0,49.166386
4824.0,3.0,20.0,2.0,100.0,5.83897
4825.0,5.0,20.0,2.0,100.0,3.9509866
4826.0,10.0,20.0,2.0,100.0,3.4293199
4827.0,20.0,20.0,2.0,100.0,4.3039293
4828.0,40.0,20.0,2.0,100.0,3.1241374
4829.0,49.0,20.0,2.0,100.0,3.05946
4830.0,0.0,20.0,2.0,100.0,0.0
4831.0,0.5,20.0,2.0,100.0,30.664854
4832.0,1.0,20.0,2.0,100.0,0.0
4833.0,2.0,20.0,2.0,100.0,18.583147
4834.0,3.0,20.0,2.0,100.0,5.342098
4835.0,5.0,20.0,2.0,100.0,8.757335
4836.0,10.0,20.0,2.0,100.0,7.201466
4837.0,20.0,20.0,2.0,100.0,4.2873015
4838.0,40.0,20.0,2.0,100.0,2.8914173
4839.0,49.0,20.0,2.0,100.0,2.7731707
4840.0,0.0,20.0,2.0,100.0,0.0
4841.0,0.5,20.0,2.0,100.0,52.548393
4842.0,1.0,20.0,2.0,100.0,12.272372
4843.0,2.0,20.0,2.0,100.0,0.0
4844.0,3.0,20.0,2.0,100.0,6.508479
4845.0,5.0,20.0,2.0,100.0,5.6454716
4846.0,10.0,20.0,2.0,100.0,3.8110116
4847.0,20.0,20.0,2.0,100.0,5.1083508
4848.0,40.0,20.0,2.0,100.0,4.082483
4849.0,49.0,20.0,2.0,100.0,2.997548
4850.0,0.0,20.0,2.0,100.0,0.0
4851.0,0.5,20.0,2.0,100.0,50.895317
4852.0,1.0,20.0,2.0,100.0,38.587563
4853.0,2.0,20.0,2.0,100.0,43.890015
4854.0,3.0,20.0,2.0,100.0,17.08522
4855.0,5.0,20.0,2.0,100.0,12.134171
4856.0,10.0,20.0,2.0,100.0,7.717778
4857.0,20.0,20.0,2.0,100.0,2.7657046
4858.0,40.0,20.0,2.0,100.0,3.5763774
4859.0,49.0,20.0,2.0,100.0,3.9418287
4860.0,0.0,20.0,2.0,100.0,0.0
4861.0,0.5,20.0,2.0,100.0,0.0
4862.0,1.0,20.0,2.0,100.0,44.43347
4863.0,2.0,20.0,2.0,100.0,15.011107
4864.0,3.0,20.0,2.0,100.0,10.692677
4865.0,5.0,20.0,2.0,100.0,18.13453
4866.0,10.0,20.0,2.0,100.0,4.3715324
4867.0,20.0,20.0,2.0,100.0,9.955457
4868.0,40.0,20.0,2.0,100.0,3.0155544
4869.0,49.0,20.0,2.0,100.0,1.7992094
4870.0,0.0,20.0,2.0,100.0,0.0
4871.0,0.5,20.0,2.0,100.0,22.72297
4872.0,1.0,20.0,2.0,100.0,51.73329
4873.0,2.0,20.0,2.0,100.0,18.364044
4874.0,3.0,20.0,2.0,100.0,16.570198
4875.0,5.0,20.0,2.0,100.0,11.161158
4876.0,10.0,20.0,2.0,100.0,9.033887
4877.0,20.0,20.0,2.0,100.0,2.1869175
4878.0,40.0,20.0,2.0,100.0,14.494513
4879.0,49.0,20.0,2.0,100.0,4.3698096
4880.0,0.0,20.0,2.0,100.0,0.0
4881.0,0.5,20.0,2.0,100.0,17.659592
4882.0,1.0,20.0,2.0,100.0,37.20663
4883.0,2.0,20.0,2.0,100.0,33.080708
4884.0,3.0,20.0,2.0,100.0,35.34591
4885.0,5.0,20.0,2.0,100.0,6.3558974
4886.0,10.0,20.0,2.0,100.0,9.204932
4887.0,20.0,20.0,2.0,100.0,5.4489365
4888.0,40.0,20.0,2.0,100.0,3.218741
4889.0,49.0,20.0,2.0,100.0,2.9970748
4890.0,0.0,20.0,2.0,100.0,15.703857
4891.0,0.5,20.0,2.0,100.0,49.237522
4892.0,1.0,20.0,2.0,100.0,34.703506
4893.0,2.0,20.0,2.0,100.0,28.112867
4894.0,3.0,20.0,2.0,100.0,17.717358
4895.0,5.0,20.0,2.0,100.0,8.189268
4896.0,10.0,20.0,2.0,100.0,17.0147
4897.0,20.0,20.0,2.0,100.0,5.864933
4898.0,40.0,20.0,2.0,100.0,2.7586763
4899.0,49.0,20.0,2.0,100.0,4.1364594
4900.0,0.0,20.0,2.0,100.0,0.0
4901.0,0.5,20.0,2.0,100.0,47.60602
4902.0,1.0,20.0,2.0,100.0,19.756855
4903.0,2.0,20.0,2.0,100.0,11.368294
4904.0,3.0,20.0,2.0,100.0,13.583077
4905.0,5.0,20.0,2.0,100.0,16.563011
4906.0,10.0,20.0,2.0,100.0,3.9509864
4907.0,20.0,20.0,2.0,100.0,6.046826
4908.0,40.0,20.0,2.0,100.0,2.7455442
4909.0,49.0,20.0,2.0,100.0,4.029304
4910.0,0.0,20.0,2.0,100.0,0.0
4911.0,0.5,20.0,2.0,100.0,45.214302
4912.0,1.0,20.0,2.0,100.0,51.733288
4913.0,2.0,20.0,2.0,100.0,26.0832
4914.0,3.0,20.0,2.0,100.0,7.315997
4915.0,5.0,20.0,2.0,100.0,3.5686543
4916.0,10.0,20.0,2.0,100.0,17.76232
4917.0,20.0,20.0,2.0,100.0,4.9086905
4918.0,40.0,20.0,2.0,100.0,2.1657507
4919.0,49.0,20.0,2.0,100.0,3.276476
4920.0,0.0,20.0,2.0,100.0,0.0
4921.0,0.5,20.0,2.0,100.0,16.042479
4922.0,1.0,20.0,2.0,100.0,19.62991
4923.0,2.0,20.0,2.0,100.0,50.895317
4924.0,3.0,20.0,2.0,100.0,8.994707
4925.0,5.0,20.0,2.0,100.0,22.181072
4926.0,10.0,20.0,2.0,100.0,3.179669
4927.0,20.0,20.0,2.0,100.0,6.6250215
4928.0,40.0,20.0,2.0,100.0,3.9509864
4929.0,49.0,20.0,2.0,100.0,4.6239543
4930.0,0.0,20.0,2.0,100.0,0.0
4931.0,0.5,20.0,2.0,100.0,37.872593
4932.0,1.0,20.0,2.0,100.0,51.733288
4933.0,2.0,20.0,2.0,100.0,37.872593
4934.0,3.0,20.0,2.0,100.0,32.624123
4935.0,5.0,20.0,2.0,100.0,4.2697506
4936.0,10.0,20.0,2.0,100.0,5.2023168
4937.0,20.0,20.0,2.0,100.0,3.1401105
4938.0,40.0,20.0,2.0,100.0,3.6384194
4939.0,49.0,20.0,2.0,100.0,5.310808
4940.0,0.0,20.0,2.0,100.0,0.0
4941.0,0.5,20.0,2.0,100.0,0.0
4942.0,1.0,20.0,2.0,100.0,23.629078
4943.0,2.0,20.0,2.0,100.0,36.350147
4944.0,3.0,20.0,2.0,100.0,30.989246
4945.0,5.0,20.0,2.0,100.0,12.499524
4946.0,10.0,20.0,2.0,100.0,10.168453
4947.0,20.0,20.0,2.0,100.0,6.101702
4948.0,40.0,20.0,2.0,100.0,3.7396917
4949.0,49.0,20.0,2.0,100.0,3.9036005
4950.0,0.0,20.0,2.0,100.0,0.0
4951.0,0.5,20.0,2.0,100.0,44.43347
4952.0,1.0,20.0,2.0,100.0,6.3658314
4953.0,2.0,20.0,2.0,100.0,22.300972
4954.0,3.0,20.0,2.0,100.0,19.678368
4955.0,5.0,20.0,2.0,100.0,12.147898
4956.0,10.0,20.0,2.0,100.0,11.27346
4957.0,20.0,20.0,2.0,100.0,4.203173
4958.0,40.0,20.0,2.0,100.0,2.0505311
4959.0,49.0,20.0,2.0,100.0,4.750169
4960.0,0.0,20.0,2.0,100.0,0.0
4961.0,0.5,20.0,2.0,100.0,18.181623
4962.0,1.0,20.0,2.0,100.0,34.947582
4963.0,2.0,20.0,2.0,100.0,17.785763
4964.0,3.0,20.0,2.0,100.0,29.569128
4965.0,5.0,20.0,2.0,100.0,17.363756
4966.0,10.0,20.0,2.0,100.0,7.149204
4967.0,20.0,20.0,2.0,100.0,2.9343302
4968.0,40.0,20.0,2.0,100.0,4.011887
4969.0,49.0,20.0,2.0,100.0,3.1063037
4970.0,0.0,20.0,2.0,100.0,0.0
4971.0,0.5,20.0,2.0,100.0,0.0
4972.0,1.0,20.0,2.0,100.0,53.42596
4973.0,2.0,20.0,2.0,100.0,51.69462
4974.0,3.0,20.0,2.0,100.0,31.134119
4975.0,5.0,20.0,2.0,100.0,7.9342537
4976.0,10.0,20.0,2.0,100.0,11.13063
4977.0,20.0,20.0,2.0,100.0,2.8793187
4978.0,40.0,20.0,2.0,100.0,3.1201432
4979.0,49.0,20.0,2.0,100.0,2.600045
4980.0,0.0,20.0,2.0,100.0,0.0
4981.0,0.5,20.0,2.0,100.0,0.0
4982.0,1.0,20.0,2.0,100.0,0.0
4983.0,2.0,20.0,2.0,100.0,15.885003
4984.0,3.0,20.0,2.0,100.0,2.5785892
4985.0,5.0,20.0,2.0,100.0,3.8549054
4986.0,10.0,20.0,2.0,100.0,6.2634473
4987.0,20.0,20.0,2.0,100.0,5.793453
4988.0,40.0,20.0,2.0,100.0,3.5334537
4989.0,49.0,20.0,2.0,100.0,2.9219875
4990.0,0.0,20.0,2.0,100.0,0.0
4991.0,0.5,20.0,2.0,100.0,40.673496
4992.0,1.0,20.0,2.0,100.0,50.895317
4993.0,2.0,20.0,2.0,100.0,8.305738
4994.0,3.0,20.0,2.0,100.0,24.826063
4995.0,5.0,20.0,2.0,100.0,9.47951
4996.0,10.0,20.0,2.0,100.0,5.8507066
4997.0,20.0,20.0,2.0,100.0,2.684153
4998.0,40.0,20.0,2.0,100.0,3.677473
4999.0,49.0,20.0,2.0,100.0,3.709479
