Factor 1,Factor 2,Factor 3,Factor 4,Factor 5,Result 1
0.0,0.0,20.0,0.0,100.0,6.9
1.0,0.5,20.0,0.0,100.0,6.89
2.0,1.0,20.0,0.0,100.0,6.9
3.0,2.0,20.0,0.0,100.0,7.07
4.0,3.0,20.0,0.0,100.0,7.03
5.0,5.0,20.0,0.0,100.0,6.92
6.0,10.0,20.0,0.0,100.0,7.43
7.0,20.0,20.0,0.0,100.0,7.27
8.0,40.0,20.0,0.0,100.0,7.57
9.0,49.0,20.0,0.0,100.0,7.72
10.0,0.0,20.0,0.0,100.0,6.89
11.0,0.5,20.0,0.0,100.0,6.92
12.0,1.0,20.0,0.0,100.0,7.01
13.0,2.0,20.0,0.0,100.0,7.03
14.0,3.0,20.0,0.0,100.0,7.09
15.0,5.0,20.0,0.0,100.0,7.16
16.0,10.0,20.0,0.0,100.0,7.05
17.0,20.0,20.0,0.0,100.0,7.79
18.0,40.0,20.0,0.0,100.0,7.55
19.0,49.0,20.0,0.0,100.0,8.56
20.0,0.0,20.0,0.0,100.0,6.87
21.0,0.5,20.0,0.0,100.0,6.89
22.0,1.0,20.0,0.0,100.0,6.9
23.0,2.0,20.0,0.0,100.0,7.03
24.0,3.0,20.0,0.0,100.0,6.87
25.0,5.0,20.0,0.0,100.0,7.05
26.0,10.0,20.0,0.0,100.0,7.48
27.0,20.0,20.0,0.0,100.0,7.43
28.0,40.0,20.0,0.0,100.0,7.55
29.0,49.0,20.0,0.0,100.0,7.77
30.0,0.0,20.0,0.0,100.0,6.91
31.0,0.5,20.0,0.0,100.0,6.9
32.0,1.0,20.0,0.0,100.0,7.06
33.0,2.0,20.0,0.0,100.0,6.96
34.0,3.0,20.0,0.0,100.0,6.97
35.0,5.0,20.0,0.0,100.0,6.91
36.0,10.0,20.0,0.0,100.0,7.34
37.0,20.0,20.0,0.0,100.0,7.4
38.0,40.0,20.0,0.0,100.0,7.79
39.0,49.0,20.0,0.0,100.0,7.38
40.0,0.0,20.0,0.0,100.0,6.92
41.0,0.5,20.0,0.0,100.0,6.91
42.0,1.0,20.0,0.0,100.0,6.92
43.0,2.0,20.0,0.0,100.0,6.96
44.0,3.0,20.0,0.0,100.0,6.91
45.0,5.0,20.0,0.0,100.0,7.11
46.0,10.0,20.0,0.0,100.0,7.43
47.0,20.0,20.0,0.0,100.0,7.16
48.0,40.0,20.0,0.0,100.0,7.67
49.0,49.0,20.0,0.0,100.0,7.6
50.0,0.0,20.0,0.0,100.0,6.95
51.0,0.5,20.0,0.0,100.0,7.07
52.0,1.0,20.0,0.0,100.0,6.87
53.0,2.0,20.0,0.0,100.0,7.02
54.0,3.0,20.0,0.0,100.0,6.86
55.0,5.0,20.0,0.0,100.0,6.94
56.0,10.0,20.0,0.0,100.0,7.16
57.0,20.0,20.0,0.0,100.0,7.57
58.0,40.0,20.0,0.0,100.0,7.57
59.0,49.0,20.0,0.0,100.0,7.7
60.0,0.0,20.0,0.0,100.0,6.91
61.0,0.5,20.0,0.0,100.0,6.92
62.0,1.0,20.0,0.0,100.0,7.03
63.0,2.0,20.0,0.0,100.0,6.91
64.0,3.0,20.0,0.0,100.0,6.93
65.0,5.0,20.0,0.0,100.0,7.48
66.0,10.0,20.0,0.0,100.0,7.95
67.0,20.0,20.0,0.0,100.0,7.46
68.0,40.0,20.0,0.0,100.0,7.45
69.0,49.0,20.0,0.0,100.0,7.44
70.0,0.0,20.0,0.0,100.0,6.91
71.0,0.5,20.0,0.0,100.0,6.91
72.0,1.0,20.0,0.0,100.0,7.06
73.0,2.0,20.0,0.0,100.0,7.0
74.0,3.0,20.0,0.0,100.0,7.05
75.0,5.0,20.0,0.0,100.0,7.37
76.0,10.0,20.0,0.0,100.0,7.31
77.0,20.0,20.0,0.0,100.0,7.91
78.0,40.0,20.0,0.0,100.0,7.71
79.0,49.0,20.0,0.0,100.0,7.41
80.0,0.0,20.0,0.0,100.0,6.89
81.0,0.5,20.0,0.0,100.0,6.98
82.0,1.0,20.0,0.0,100.0,7.22
83.0,2.0,20.0,0.0,100.0,7.05
84.0,3.0,20.0,0.0,100.0,7.49
85.0,5.0,20.0,0.0,100.0,7.23
86.0,10.0,20.0,0.0,100.0,7.3
87.0,20.0,20.0,0.0,100.0,7.6
88.0,40.0,20.0,0.0,100.0,7.63
89.0,49.0,20.0,0.0,100.0,7.69
90.0,0.0,20.0,0.0,100.0,6.9
91.0,0.5,20.0,0.0,100.0,6.9
92.0,1.0,20.0,0.0,100.0,7.04
93.0,2.0,20.0,0.0,100.0,6.92
94.0,3.0,20.0,0.0,100.0,7.23
95.0,5.0,20.0,0.0,100.0,7.17
96.0,10.0,20.0,0.0,100.0,7.27
97.0,20.0,20.0,0.0,100.0,7.87
98.0,40.0,20.0,0.0,100.0,7.72
99.0,49.0,20.0,0.0,100.0,7.72
100.0,0.0,20.0,0.0,100.0,6.93
101.0,0.5,20.0,0.0,100.0,7.14
102.0,1.0,20.0,0.0,100.0,7.23
103.0,2.0,20.0,0.0,100.0,6.97
104.0,3.0,20.0,0.0,100.0,6.84
105.0,5.0,20.0,0.0,100.0,7.17
106.0,10.0,20.0,0.0,100.0,7.18
107.0,20.0,20.0,0.0,100.0,7.66
108.0,40.0,20.0,0.0,100.0,8.04
109.0,49.0,20.0,0.0,100.0,7.44
110.0,0.0,20.0,0.0,100.0,6.89
111.0,0.5,20.0,0.0,100.0,7.01
112.0,1.0,20.0,0.0,100.0,6.93
113.0,2.0,20.0,0.0,100.0,6.85
114.0,3.0,20.0,0.0,100.0,7.12
115.0,5.0,20.0,0.0,100.0,7.03
116.0,10.0,20.0,0.0,100.0,7.66
117.0,20.0,20.0,0.0,100.0,7.46
118.0,40.0,20.0,0.0,100.0,7.78
119.0,49.0,20.0,0.0,100.0,8.24
120.0,0.0,20.0,0.0,100.0,6.96
121.0,0.5,20.0,0.0,100.0,6.91
122.0,1.0,20.0,0.0,100.0,6.88
123.0,2.0,20.0,0.0,100.0,7.0
124.0,3.0,20.0,0.0,100.0,7.07
125.0,5.0,20.0,0.0,100.0,7.01
126.0,10.0,20.0,0.0,100.0,7.63
127.0,20.0,20.0,0.0,100.0,7.61
128.0,40.0,20.0,0.0,100.0,7.49
129.0,49.0,20.0,0.0,100.0,7.25
130.0,0.0,20.0,0.0,100.0,6.88
131.0,0.5,20.0,0.0,100.0,6.96
132.0,1.0,20.0,0.0,100.0,6.86
133.0,2.0,20.0,0.0,100.0,6.88
134.0,3.0,20.0,0.0,100.0,6.98
135.0,5.0,20.0,0.0,100.0,7.34
136.0,10.0,20.0,0.0,100.0,7.65
137.0,20.0,20.0,0.0,100.0,7.66
138.0,40.0,20.0,0.0,100.0,7.36
139.0,49.0,20.0,0.0,100.0,7.46
140.0,0.0,20.0,0.0,100.0,6.9
141.0,0.5,20.0,0.0,100.0,6.91
142.0,1.0,20.0,0.0,100.0,6.89
143.0,2.0,20.0,0.0,100.0,6.87
144.0,3.0,20.0,0.0,100.0,6.95
145.0,5.0,20.0,0.0,100.0,7.11
146.0,10.0,20.0,0.0,100.0,7.1
147.0,20.0,20.0,0.0,100.0,7.21
148.0,40.0,20.0,0.0,100.0,7.15
149.0,49.0,20.0,0.0,100.0,7.57
150.0,0.0,20.0,0.0,100.0,6.92
151.0,0.5,20.0,0.0,100.0,6.83
152.0,1.0,20.0,0.0,100.0,6.93
153.0,2.0,20.0,0.0,100.0,6.95
154.0,3.0,20.0,0.0,100.0,6.86
155.0,5.0,20.0,0.0,100.0,7.13
156.0,10.0,20.0,0.0,100.0,7.15
157.0,20.0,20.0,0.0,100.0,7.4
158.0,40.0,20.0,0.0,100.0,7.62
159.0,49.0,20.0,0.0,100.0,7.48
160.0,0.0,20.0,0.0,100.0,6.97
161.0,0.5,20.0,0.0,100.0,6.92
162.0,1.0,20.0,0.0,100.0,6.92
163.0,2.0,20.0,0.0,100.0,7.0
164.0,3.0,20.0,0.0,100.0,6.9
165.0,5.0,20.0,0.0,100.0,6.89
166.0,10.0,20.0,0.0,100.0,7.53
167.0,20.0,20.0,0.0,100.0,7.54
168.0,40.0,20.0,0.0,100.0,7.57
169.0,49.0,20.0,0.0,100.0,7.6
170.0,0.0,20.0,0.0,100.0,7.03
171.0,0.5,20.0,0.0,100.0,7.01
172.0,1.0,20.0,0.0,100.0,6.98
173.0,2.0,20.0,0.0,100.0,6.99
174.0,3.0,20.0,0.0,100.0,7.1
175.0,5.0,20.0,0.0,100.0,7.03
176.0,10.0,20.0,0.0,100.0,7.41
177.0,20.0,20.0,0.0,100.0,7.37
178.0,40.0,20.0,0.0,100.0,7.51
179.0,49.0,20.0,0.0,100.0,7.68
180.0,0.0,20.0,0.0,100.0,6.89
181.0,0.5,20.0,0.0,100.0,6.94
182.0,1.0,20.0,0.0,100.0,7.01
183.0,2.0,20.0,0.0,100.0,7.29
184.0,3.0,20.0,0.0,100.0,7.03
185.0,5.0,20.0,0.0,100.0,7.05
186.0,10.0,20.0,0.0,100.0,7.21
187.0,20.0,20.0,0.0,100.0,7.89
188.0,40.0,20.0,0.0,100.0,8.13
189.0,49.0,20.0,0.0,100.0,8.02
190.0,0.0,20.0,0.0,100.0,6.89
191.0,0.5,20.0,0.0,100.0,6.87
192.0,1.0,20.0,0.0,100.0,6.97
193.0,2.0,20.0,0.0,100.0,7.17
194.0,3.0,20.0,0.0,100.0,6.88
195.0,5.0,20.0,0.0,100.0,7.56
196.0,10.0,20.0,0.0,100.0,7.4
197.0,20.0,20.0,0.0,100.0,7.28
198.0,40.0,20.0,0.0,100.0,7.3
199.0,49.0,20.0,0.0,100.0,7.92
200.0,0.0,20.0,0.0,100.0,7.03
201.0,0.5,20.0,0.0,100.0,6.9
202.0,1.0,20.0,0.0,100.0,6.93
203.0,2.0,20.0,0.0,100.0,6.86
204.0,3.0,20.0,0.0,100.0,7.31
205.0,5.0,20.0,0.0,100.0,6.87
206.0,10.0,20.0,0.0,100.0,7.14
207.0,20.0,20.0,0.0,100.0,7.3
208.0,40.0,20.0,0.0,100.0,7.56
209.0,49.0,20.0,0.0,100.0,7.45
210.0,0.0,20.0,0.0,100.0,6.89
211.0,0.5,20.0,0.0,100.0,6.94
212.0,1.0,20.0,0.0,100.0,7.34
213.0,2.0,20.0,0.0,100.0,6.92
214.0,3.0,20.0,0.0,100.0,7.09
215.0,5.0,20.0,0.0,100.0,7.57
216.0,10.0,20.0,0.0,100.0,7.59
217.0,20.0,20.0,0.0,100.0,7.25
218.0,40.0,20.0,0.0,100.0,7.59
219.0,49.0,20.0,0.0,100.0,7.88
220.0,0.0,20.0,0.0,100.0,6.86
221.0,0.5,20.0,0.0,100.0,6.9
222.0,1.0,20.0,0.0,100.0,6.93
223.0,2.0,20.0,0.0,100.0,6.9
224.0,3.0,20.0,0.0,100.0,6.99
225.0,5.0,20.0,0.0,100.0,6.91
226.0,10.0,20.0,0.0,100.0,7.56
227.0,20.0,20.0,0.0,100.0,7.38
228.0,40.0,20.0,0.0,100.0,7.84
229.0,49.0,20.0,0.0,100.0,8.09
230.0,0.0,20.0,0.0,100.0,6.9
231.0,0.5,20.0,0.0,100.0,6.88
232.0,1.0,20.0,0.0,100.0,6.95
233.0,2.0,20.0,0.0,100.0,7.07
234.0,3.0,20.0,0.0,100.0,7.5
235.0,5.0,20.0,0.0,100.0,7.22
236.0,10.0,20.0,0.0,100.0,7.51
237.0,20.0,20.0,0.0,100.0,7.5
238.0,40.0,20.0,0.0,100.0,7.49
239.0,49.0,20.0,0.0,100.0,7.83
240.0,0.0,20.0,0.0,100.0,6.88
241.0,0.5,20.0,0.0,100.0,6.95
242.0,1.0,20.0,0.0,100.0,6.92
243.0,2.0,20.0,0.0,100.0,6.89
244.0,3.0,20.0,0.0,100.0,7.25
245.0,5.0,20.0,0.0,100.0,7.81
246.0,10.0,20.0,0.0,100.0,7.49
247.0,20.0,20.0,0.0,100.0,7.77
248.0,40.0,20.0,0.0,100.0,7.44
249.0,49.0,20.0,0.0,100.0,8.52
250.0,0.0,20.0,0.0,100.0,6.88
251.0,0.5,20.0,0.0,100.0,6.97
252.0,1.0,20.0,0.0,100.0,6.87
253.0,2.0,20.0,0.0,100.0,6.97
254.0,3.0,20.0,0.0,100.0,6.97
255.0,5.0,20.0,0.0,100.0,7.19
256.0,10.0,20.0,0.0,100.0,7.25
257.0,20.0,20.0,0.0,100.0,7.39
258.0,40.0,20.0,0.0,100.0,7.39
259.0,49.0,20.0,0.0,100.0,7.76
260.0,0.0,20.0,0.0,100.0,6.93
261.0,0.5,20.0,0.0,100.0,7.04
262.0,1.0,20.0,0.0,100.0,6.95
263.0,2.0,20.0,0.0,100.0,6.9
264.0,3.0,20.0,0.0,100.0,7.07
265.0,5.0,20.0,0.0,100.0,7.12
266.0,10.0,20.0,0.0,100.0,7.1
267.0,20.0,20.0,0.0,100.0,7.83
268.0,40.0,20.0,0.0,100.0,7.56
269.0,49.0,20.0,0.0,100.0,7.58
270.0,0.0,20.0,0.0,100.0,6.88
271.0,0.5,20.0,0.0,100.0,6.9
272.0,1.0,20.0,0.0,100.0,7.01
273.0,2.0,20.0,0.0,100.0,7.21
274.0,3.0,20.0,0.0,100.0,6.88
275.0,5.0,20.0,0.0,100.0,7.3
276.0,10.0,20.0,0.0,100.0,7.04
277.0,20.0,20.0,0.0,100.0,7.79
278.0,40.0,20.0,0.0,100.0,7.77
279.0,49.0,20.0,0.0,100.0,7.86
280.0,0.0,20.0,0.0,100.0,6.85
281.0,0.5,20.0,0.0,100.0,6.96
282.0,1.0,20.0,0.0,100.0,6.84
283.0,2.0,20.0,0.0,100.0,6.95
284.0,3.0,20.0,0.0,100.0,7.19
285.0,5.0,20.0,0.0,100.0,6.97
286.0,10.0,20.0,0.0,100.0,7.93
287.0,20.0,20.0,0.0,100.0,7.51
288.0,40.0,20.0,0.0,100.0,7.37
289.0,49.0,20.0,0.0,100.0,8.09
290.0,0.0,20.0,0.0,100.0,6.88
291.0,0.5,20.0,0.0,100.0,7.09
292.0,1.0,20.0,0.0,100.0,6.91
293.0,2.0,20.0,0.0,100.0,6.92
294.0,3.0,20.0,0.0,100.0,7.66
295.0,5.0,20.0,0.0,100.0,7.03
296.0,10.0,20.0,0.0,100.0,7.39
297.0,20.0,20.0,0.0,100.0,7.49
298.0,40.0,20.0,0.0,100.0,7.39
299.0,49.0,20.0,0.0,100.0,7.89
300.0,0.0,20.0,0.0,100.0,6.87
301.0,0.5,20.0,0.0,100.0,6.89
302.0,1.0,20.0,0.0,100.0,7.16
303.0,2.0,20.0,0.0,100.0,7.21
304.0,3.0,20.0,0.0,100.0,7.14
305.0,5.0,20.0,0.0,100.0,7.12
306.0,10.0,20.0,0.0,100.0,7.77
307.0,20.0,20.0,0.0,100.0,7.45
308.0,40.0,20.0,0.0,100.0,7.54
309.0,49.0,20.0,0.0,100.0,8.36
310.0,0.0,20.0,0.0,100.0,6.9
311.0,0.5,20.0,0.0,100.0,6.87
312.0,1.0,20.0,0.0,100.0,6.9
313.0,2.0,20.0,0.0,100.0,6.96
314.0,3.0,20.0,0.0,100.0,7.22
315.0,5.0,20.0,0.0,100.0,7.2
316.0,10.0,20.0,0.0,100.0,7.33
317.0,20.0,20.0,0.0,100.0,7.33
318.0,40.0,20.0,0.0,100.0,7.16
319.0,49.0,20.0,0.0,100.0,7.52
320.0,0.0,20.0,0.0,100.0,6.89
321.0,0.5,20.0,0.0,100.0,6.94
322.0,1.0,20.0,0.0,100.0,6.92
323.0,2.0,20.0,0.0,100.0,6.97
324.0,3.0,20.0,0.0,100.0,7.11
325.0,5.0,20.0,0.0,100.0,7.2
326.0,10.0,20.0,0.0,100.0,7.3
327.0,20.0,20.0,0.0,100.0,7.28
328.0,40.0,20.0,0.0,100.0,7.72
329.0,49.0,20.0,0.0,100.0,8.33
330.0,0.0,20.0,0.0,100.0,6.88
331.0,0.5,20.0,0.0,100.0,6.94
332.0,1.0,20.0,0.0,100.0,7.13
333.0,2.0,20.0,0.0,100.0,7.06
334.0,3.0,20.0,0.0,100.0,7.0
335.0,5.0,20.0,0.0,100.0,7.18
336.0,10.0,20.0,0.0,100.0,7.11
337.0,20.0,20.0,0.0,100.0,7.25
338.0,40.0,20.0,0.0,100.0,7.39
339.0,49.0,20.0,0.0,100.0,7.28
340.0,0.0,20.0,0.0,100.0,6.88
341.0,0.5,20.0,0.0,100.0,6.92
342.0,1.0,20.0,0.0,100.0,7.24
343.0,2.0,20.0,0.0,100.0,6.93
344.0,3.0,20.0,0.0,100.0,6.92
345.0,5.0,20.0,0.0,100.0,7.26
346.0,10.0,20.0,0.0,100.0,7.12
347.0,20.0,20.0,0.0,100.0,7.43
348.0,40.0,20.0,0.0,100.0,7.48
349.0,49.0,20.0,0.0,100.0,7.36
350.0,0.0,20.0,0.0,100.0,6.88
351.0,0.5,20.0,0.0,100.0,6.87
352.0,1.0,20.0,0.0,100.0,7.12
353.0,2.0,20.0,0.0,100.0,6.89
354.0,3.0,20.0,0.0,100.0,6.95
355.0,5.0,20.0,0.0,100.0,7.36
356.0,10.0,20.0,0.0,100.0,7.3
357.0,20.0,20.0,0.0,100.0,7.25
358.0,40.0,20.0,0.0,100.0,7.19
359.0,49.0,20.0,0.0,100.0,7.82
360.0,0.0,20.0,0.0,100.0,6.91
361.0,0.5,20.0,0.0,100.0,6.88
362.0,1.0,20.0,0.0,100.0,7.21
363.0,2.0,20.0,0.0,100.0,6.96
364.0,3.0,20.0,0.0,100.0,6.91
365.0,5.0,20.0,0.0,100.0,7.18
366.0,10.0,20.0,0.0,100.0,7.68
367.0,20.0,20.0,0.0,100.0,7.65
368.0,40.0,20.0,0.0,100.0,8.55
369.0,49.0,20.0,0.0,100.0,7.86
370.0,0.0,20.0,0.0,100.0,6.92
371.0,0.5,20.0,0.0,100.0,6.93
372.0,1.0,20.0,0.0,100.0,6.85
373.0,2.0,20.0,0.0,100.0,6.88
374.0,3.0,20.0,0.0,100.0,7.01
375.0,5.0,20.0,0.0,100.0,6.99
376.0,10.0,20.0,0.0,100.0,7.01
377.0,20.0,20.0,0.0,100.0,7.25
378.0,40.0,20.0,0.0,100.0,7.51
379.0,49.0,20.0,0.0,100.0,7.68
380.0,0.0,20.0,0.0,100.0,6.9
381.0,0.5,20.0,0.0,100.0,6.87
382.0,1.0,20.0,0.0,100.0,6.9
383.0,2.0,20.0,0.0,100.0,6.87
384.0,3.0,20.0,0.0,100.0,7.08
385.0,5.0,20.0,0.0,100.0,6.92
386.0,10.0,20.0,0.0,100.0,7.28
387.0,20.0,20.0,0.0,100.0,7.61
388.0,40.0,20.0,0.0,100.0,7.65
389.0,49.0,20.0,0.0,100.0,7.66
390.0,0.0,20.0,0.0,100.0,6.91
391.0,0.5,20.0,0.0,100.0,6.89
392.0,1.0,20.0,0.0,100.0,6.88
393.0,2.0,20.0,0.0,100.0,6.9
394.0,3.0,20.0,0.0,100.0,6.91
395.0,5.0,20.0,0.0,100.0,6.97
396.0,10.0,20.0,0.0,100.0,7.12
397.0,20.0,20.0,0.0,100.0,7.71
398.0,40.0,20.0,0.0,100.0,7.18
399.0,49.0,20.0,0.0,100.0,7.58
400.0,0.0,20.0,0.0,100.0,6.86
401.0,0.5,20.0,0.0,100.0,6.94
402.0,1.0,20.0,0.0,100.0,6.92
403.0,2.0,20.0,0.0,100.0,6.96
404.0,3.0,20.0,0.0,100.0,7.0
405.0,5.0,20.0,0.0,100.0,7.02
406.0,10.0,20.0,0.0,100.0,8.19
407.0,20.0,20.0,0.0,100.0,7.26
408.0,40.0,20.0,0.0,100.0,7.34
409.0,49.0,20.0,0.0,100.0,8.19
410.0,0.0,20.0,0.0,100.0,6.91
411.0,0.5,20.0,0.0,100.0,6.9
412.0,1.0,20.0,0.0,100.0,6.96
413.0,2.0,20.0,0.0,100.0,6.9
414.0,3.0,20.0,0.0,100.0,6.93
415.0,5.0,20.0,0.0,100.0,7.36
416.0,10.0,20.0,0.0,100.0,7.19
417.0,20.0,20.0,0.0,100.0,7.68
418.0,40.0,20.0,0.0,100.0,7.67
419.0,49.0,20.0,0.0,100.0,7.47
420.0,0.0,20.0,0.0,100.0,6.87
421.0,0.5,20.0,0.0,100.0,6.9
422.0,1.0,20.0,0.0,100.0,7.1
423.0,2.0,20.0,0.0,100.0,6.93
424.0,3.0,20.0,0.0,100.0,7.23
425.0,5.0,20.0,0.0,100.0,6.96
426.0,10.0,20.0,0.0,100.0,7.32
427.0,20.0,20.0,0.0,100.0,7.88
428.0,40.0,20.0,0.0,100.0,7.52
429.0,49.0,20.0,0.0,100.0,7.91
430.0,0.0,20.0,0.0,100.0,6.97
431.0,0.5,20.0,0.0,100.0,7.05
432.0,1.0,20.0,0.0,100.0,6.91
433.0,2.0,20.0,0.0,100.0,6.9
434.0,3.0,20.0,0.0,100.0,7.41
435.0,5.0,20.0,0.0,100.0,7.0
436.0,10.0,20.0,0.0,100.0,7.31
437.0,20.0,20.0,0.0,100.0,7.62
438.0,40.0,20.0,0.0,100.0,7.62
439.0,49.0,20.0,0.0,100.0,7.71
440.0,0.0,20.0,0.0,100.0,7.01
441.0,0.5,20.0,0.0,100.0,6.89
442.0,1.0,20.0,0.0,100.0,6.9
443.0,2.0,20.0,0.0,100.0,6.92
444.0,3.0,20.0,0.0,100.0,7.0
445.0,5.0,20.0,0.0,100.0,7.05
446.0,10.0,20.0,0.0,100.0,7.72
447.0,20.0,20.0,0.0,100.0,7.62
448.0,40.0,20.0,0.0,100.0,7.4
449.0,49.0,20.0,0.0,100.0,8.07
450.0,0.0,20.0,0.0,100.0,6.9
451.0,0.5,20.0,0.0,100.0,6.91
452.0,1.0,20.0,0.0,100.0,6.95
453.0,2.0,20.0,0.0,100.0,6.95
454.0,3.0,20.0,0.0,100.0,7.25
455.0,5.0,20.0,0.0,100.0,7.07
456.0,10.0,20.0,0.0,100.0,7.27
457.0,20.0,20.0,0.0,100.0,7.55
458.0,40.0,20.0,0.0,100.0,7.91
459.0,49.0,20.0,0.0,100.0,7.19
460.0,0.0,20.0,0.0,100.0,6.87
461.0,0.5,20.0,0.0,100.0,6.89
462.0,1.0,20.0,0.0,100.0,6.88
463.0,2.0,20.0,0.0,100.0,7.07
464.0,3.0,20.0,0.0,100.0,6.92
465.0,5.0,20.0,0.0,100.0,7.19
466.0,10.0,20.0,0.0,100.0,7.67
467.0,20.0,20.0,0.0,100.0,7.52
468.0,40.0,20.0,0.0,100.0,7.36
469.0,49.0,20.0,0.0,100.0,8.42
470.0,0.0,20.0,0.0,100.0,6.92
471.0,0.5,20.0,0.0,100.0,6.86
472.0,1.0,20.0,0.0,100.0,6.99
473.0,2.0,20.0,0.0,100.0,7.06
474.0,3.0,20.0,0.0,100.0,6.86
475.0,5.0,20.0,0.0,100.0,7.06
476.0,10.0,20.0,0.0,100.0,6.96
477.0,20.0,20.0,0.0,100.0,7.77
478.0,40.0,20.0,0.0,100.0,7.51
479.0,49.0,20.0,0.0,100.0,7.51
480.0,0.0,20.0,0.0,100.0,6.9
481.0,0.5,20.0,0.0,100.0,6.93
482.0,1.0,20.0,0.0,100.0,6.92
483.0,2.0,20.0,0.0,100.0,7.1
484.0,3.0,20.0,0.0,100.0,7.26
485.0,5.0,20.0,0.0,100.0,7.21
486.0,10.0,20.0,0.0,100.0,7.03
487.0,20.0,20.0,0.0,100.0,7.4
488.0,40.0,20.0,0.0,100.0,7.54
489.0,49.0,20.0,0.0,100.0,8.25
490.0,0.0,20.0,0.0,100.0,6.95
491.0,0.5,20.0,0.0,100.0,7.03
492.0,1.0,20.0,0.0,100.0,7.14
493.0,2.0,20.0,0.0,100.0,7.24
494.0,3.0,20.0,0.0,100.0,6.89
495.0,5.0,20.0,0.0,100.0,7.28
496.0,10.0,20.0,0.0,100.0,7.33
497.0,20.0,20.0,0.0,100.0,7.65
498.0,40.0,20.0,0.0,100.0,7.55
499.0,49.0,20.0,0.0,100.0,8.08
500.0,0.0,20.0,1.0,100.0,12.33
501.0,0.5,20.0,1.0,100.0,11.27
502.0,1.0,20.0,1.0,100.0,8.37
503.0,2.0,20.0,1.0,100.0,9.05
504.0,3.0,20.0,1.0,100.0,9.91
505.0,5.0,20.0,1.0,100.0,7.89
506.0,10.0,20.0,1.0,100.0,8.08
507.0,20.0,20.0,1.0,100.0,9.15
508.0,40.0,20.0,1.0,100.0,7.99
509.0,49.0,20.0,1.0,100.0,11.75
510.0,0.0,20.0,1.0,100.0,9.31
511.0,0.5,20.0,1.0,100.0,9.35
512.0,1.0,20.0,1.0,100.0,9.66
513.0,2.0,20.0,1.0,100.0,10.11
514.0,3.0,20.0,1.0,100.0,8.27
515.0,5.0,20.0,1.0,100.0,8.55
516.0,10.0,20.0,1.0,100.0,8.71
517.0,20.0,20.0,1.0,100.0,8.29
518.0,40.0,20.0,1.0,100.0,8.3
519.0,49.0,20.0,1.0,100.0,9.13
520.0,0.0,20.0,1.0,100.0,9.2
521.0,0.5,20.0,1.0,100.0,8.29
522.0,1.0,20.0,1.0,100.0,8.08
523.0,2.0,20.0,1.0,100.0,8.3
524.0,3.0,20.0,1.0,100.0,8.39
525.0,5.0,20.0,1.0,100.0,8.61
526.0,10.0,20.0,1.0,100.0,8.65
527.0,20.0,20.0,1.0,100.0,7.75
528.0,40.0,20.0,1.0,100.0,9.54
529.0,49.0,20.0,1.0,100.0,9.42
530.0,0.0,20.0,1.0,100.0,8.24
531.0,0.5,20.0,1.0,100.0,9.72
532.0,1.0,20.0,1.0,100.0,8.26
533.0,2.0,20.0,1.0,100.0,9.15
534.0,3.0,20.0,1.0,100.0,8.93
535.0,5.0,20.0,1.0,100.0,12.25
536.0,10.0,20.0,1.0,100.0,8.48
537.0,20.0,20.0,1.0,100.0,7.49
538.0,40.0,20.0,1.0,100.0,8.19
539.0,49.0,20.0,1.0,100.0,9.4
540.0,0.0,20.0,1.0,100.0,10.01
541.0,0.5,20.0,1.0,100.0,8.0
542.0,1.0,20.0,1.0,100.0,9.19
543.0,2.0,20.0,1.0,100.0,10.88
544.0,3.0,20.0,1.0,100.0,10.62
545.0,5.0,20.0,1.0,100.0,9.02
546.0,10.0,20.0,1.0,100.0,9.27
547.0,20.0,20.0,1.0,100.0,9.15
548.0,40.0,20.0,1.0,100.0,9.7
549.0,49.0,20.0,1.0,100.0,12.56
550.0,0.0,20.0,1.0,100.0,10.79
551.0,0.5,20.0,1.0,100.0,10.63
552.0,1.0,20.0,1.0,100.0,9.11
553.0,2.0,20.0,1.0,100.0,8.77
554.0,3.0,20.0,1.0,100.0,9.03
555.0,5.0,20.0,1.0,100.0,8.96
556.0,10.0,20.0,1.0,100.0,7.43
557.0,20.0,20.0,1.0,100.0,8.6
558.0,40.0,20.0,1.0,100.0,8.9
559.0,49.0,20.0,1.0,100.0,9.82
560.0,0.0,20.0,1.0,100.0,9.24
561.0,0.5,20.0,1.0,100.0,11.52
562.0,1.0,20.0,1.0,100.0,7.64
563.0,2.0,20.0,1.0,100.0,11.3
564.0,3.0,20.0,1.0,100.0,8.35
565.0,5.0,20.0,1.0,100.0,8.27
566.0,10.0,20.0,1.0,100.0,7.88
567.0,20.0,20.0,1.0,100.0,7.95
568.0,40.0,20.0,1.0,100.0,8.82
569.0,49.0,20.0,1.0,100.0,8.36
570.0,0.0,20.0,1.0,100.0,8.82
571.0,0.5,20.0,1.0,100.0,9.67
572.0,1.0,20.0,1.0,100.0,11.34
573.0,2.0,20.0,1.0,100.0,8.63
574.0,3.0,20.0,1.0,100.0,7.73
575.0,5.0,20.0,1.0,100.0,9.23
576.0,10.0,20.0,1.0,100.0,8.08
577.0,20.0,20.0,1.0,100.0,9.14
578.0,40.0,20.0,1.0,100.0,8.37
579.0,49.0,20.0,1.0,100.0,8.9
580.0,0.0,20.0,1.0,100.0,8.35
581.0,0.5,20.0,1.0,100.0,10.28
582.0,1.0,20.0,1.0,100.0,13.68
583.0,2.0,20.0,1.0,100.0,9.56
584.0,3.0,20.0,1.0,100.0,7.81
585.0,5.0,20.0,1.0,100.0,7.82
586.0,10.0,20.0,1.0,100.0,7.82
587.0,20.0,20.0,1.0,100.0,8.2
588.0,40.0,20.0,1.0,100.0,10.32
589.0,49.0,20.0,1.0,100.0,11.92
590.0,0.0,20.0,1.0,100.0,8.25
591.0,0.5,20.0,1.0,100.0,8.08
592.0,1.0,20.0,1.0,100.0,9.48
593.0,2.0,20.0,1.0,100.0,7.76
594.0,3.0,20.0,1.0,100.0,8.24
595.0,5.0,20.0,1.0,100.0,9.57
596.0,10.0,20.0,1.0,100.0,7.96
597.0,20.0,20.0,1.0,100.0,8.82
598.0,40.0,20.0,1.0,100.0,8.22
599.0,49.0,20.0,1.0,100.0,9.39
600.0,0.0,20.0,1.0,100.0,9.16
601.0,0.5,20.0,1.0,100.0,8.25
602.0,1.0,20.0,1.0,100.0,8.06
603.0,2.0,20.0,1.0,100.0,12.03
604.0,3.0,20.0,1.0,100.0,7.42
605.0,5.0,20.0,1.0,100.0,8.69
606.0,10.0,20.0,1.0,100.0,7.67
607.0,20.0,20.0,1.0,100.0,7.8
608.0,40.0,20.0,1.0,100.0,8.17
609.0,49.0,20.0,1.0,100.0,10.01
610.0,0.0,20.0,1.0,100.0,14.15
611.0,0.5,20.0,1.0,100.0,7.58
612.0,1.0,20.0,1.0,100.0,12.52
613.0,2.0,20.0,1.0,100.0,10.04
614.0,3.0,20.0,1.0,100.0,8.79
615.0,5.0,20.0,1.0,100.0,8.07
616.0,10.0,20.0,1.0,100.0,8.65
617.0,20.0,20.0,1.0,100.0,7.87
618.0,40.0,20.0,1.0,100.0,10.16
619.0,49.0,20.0,1.0,100.0,8.76
620.0,0.0,20.0,1.0,100.0,10.02
621.0,0.5,20.0,1.0,100.0,8.28
622.0,1.0,20.0,1.0,100.0,9.79
623.0,2.0,20.0,1.0,100.0,8.49
624.0,3.0,20.0,1.0,100.0,9.48
625.0,5.0,20.0,1.0,100.0,7.95
626.0,10.0,20.0,1.0,100.0,7.97
627.0,20.0,20.0,1.0,100.0,9.88
628.0,40.0,20.0,1.0,100.0,9.95
629.0,49.0,20.0,1.0,100.0,11.13
630.0,0.0,20.0,1.0,100.0,9.4
631.0,0.5,20.0,1.0,100.0,7.82
632.0,1.0,20.0,1.0,100.0,9.41
633.0,2.0,20.0,1.0,100.0,7.76
634.0,3.0,20.0,1.0,100.0,8.62
635.0,5.0,20.0,1.0,100.0,7.65
636.0,10.0,20.0,1.0,100.0,8.09
637.0,20.0,20.0,1.0,100.0,9.58
638.0,40.0,20.0,1.0,100.0,7.51
639.0,49.0,20.0,1.0,100.0,7.99
640.0,0.0,20.0,1.0,100.0,11.92
641.0,0.5,20.0,1.0,100.0,9.71
642.0,1.0,20.0,1.0,100.0,8.53
643.0,2.0,20.0,1.0,100.0,8.5
644.0,3.0,20.0,1.0,100.0,8.65
645.0,5.0,20.0,1.0,100.0,8.82
646.0,10.0,20.0,1.0,100.0,8.85
647.0,20.0,20.0,1.0,100.0,8.31
648.0,40.0,20.0,1.0,100.0,9.49
649.0,49.0,20.0,1.0,100.0,8.86
650.0,0.0,20.0,1.0,100.0,11.96
651.0,0.5,20.0,1.0,100.0,9.72
652.0,1.0,20.0,1.0,100.0,8.67
653.0,2.0,20.0,1.0,100.0,10.06
654.0,3.0,20.0,1.0,100.0,9.05
655.0,5.0,20.0,1.0,100.0,7.84
656.0,10.0,20.0,1.0,100.0,7.88
657.0,20.0,20.0,1.0,100.0,7.58
658.0,40.0,20.0,1.0,100.0,8.39
659.0,49.0,20.0,1.0,100.0,8.85
660.0,0.0,20.0,1.0,100.0,7.71
661.0,0.5,20.0,1.0,100.0,13.23
662.0,1.0,20.0,1.0,100.0,8.23
663.0,2.0,20.0,1.0,100.0,12.72
664.0,3.0,20.0,1.0,100.0,7.67
665.0,5.0,20.0,1.0,100.0,8.87
666.0,10.0,20.0,1.0,100.0,7.83
667.0,20.0,20.0,1.0,100.0,9.33
668.0,40.0,20.0,1.0,100.0,8.22
669.0,49.0,20.0,1.0,100.0,8.61
670.0,0.0,20.0,1.0,100.0,14.49
671.0,0.5,20.0,1.0,100.0,7.71
672.0,1.0,20.0,1.0,100.0,8.47
673.0,2.0,20.0,1.0,100.0,12.65
674.0,3.0,20.0,1.0,100.0,8.97
675.0,5.0,20.0,1.0,100.0,8.07
676.0,10.0,20.0,1.0,100.0,8.24
677.0,20.0,20.0,1.0,100.0,7.91
678.0,40.0,20.0,1.0,100.0,7.87
679.0,49.0,20.0,1.0,100.0,8.77
680.0,0.0,20.0,1.0,100.0,8.88
681.0,0.5,20.0,1.0,100.0,8.87
682.0,1.0,20.0,1.0,100.0,8.31
683.0,2.0,20.0,1.0,100.0,8.87
684.0,3.0,20.0,1.0,100.0,8.33
685.0,5.0,20.0,1.0,100.0,8.0
686.0,10.0,20.0,1.0,100.0,9.25
687.0,20.0,20.0,1.0,100.0,9.03
688.0,40.0,20.0,1.0,100.0,8.5
689.0,49.0,20.0,1.0,100.0,9.46
690.0,0.0,20.0,1.0,100.0,15.2
691.0,0.5,20.0,1.0,100.0,8.97
692.0,1.0,20.0,1.0,100.0,13.64
693.0,2.0,20.0,1.0,100.0,7.72
694.0,3.0,20.0,1.0,100.0,9.13
695.0,5.0,20.0,1.0,100.0,8.76
696.0,10.0,20.0,1.0,100.0,8.7
697.0,20.0,20.0,1.0,100.0,8.06
698.0,40.0,20.0,1.0,100.0,9.25
699.0,49.0,20.0,1.0,100.0,12.92
700.0,0.0,20.0,1.0,100.0,9.98
701.0,0.5,20.0,1.0,100.0,8.1
702.0,1.0,20.0,1.0,100.0,9.27
703.0,2.0,20.0,1.0,100.0,8.3
704.0,3.0,20.0,1.0,100.0,8.86
705.0,5.0,20.0,1.0,100.0,9.55
706.0,10.0,20.0,1.0,100.0,8.79
707.0,20.0,20.0,1.0,100.0,7.74
708.0,40.0,20.0,1.0,100.0,10.58
709.0,49.0,20.0,1.0,100.0,8.54
710.0,0.0,20.0,1.0,100.0,14.94
711.0,0.5,20.0,1.0,100.0,9.3
712.0,1.0,20.0,1.0,100.0,8.32
713.0,2.0,20.0,1.0,100.0,7.74
714.0,3.0,20.0,1.0,100.0,8.4
715.0,5.0,20.0,1.0,100.0,8.92
716.0,10.0,20.0,1.0,100.0,8.39
717.0,20.0,20.0,1.0,100.0,7.99
718.0,40.0,20.0,1.0,100.0,8.87
719.0,49.0,20.0,1.0,100.0,9.86
720.0,0.0,20.0,1.0,100.0,8.64
721.0,0.5,20.0,1.0,100.0,8.67
722.0,1.0,20.0,1.0,100.0,9.03
723.0,2.0,20.0,1.0,100.0,9.74
724.0,3.0,20.0,1.0,100.0,9.17
725.0,5.0,20.0,1.0,100.0,7.76
726.0,10.0,20.0,1.0,100.0,8.42
727.0,20.0,20.0,1.0,100.0,8.63
728.0,40.0,20.0,1.0,100.0,8.77
729.0,49.0,20.0,1.0,100.0,10.23
730.0,0.0,20.0,1.0,100.0,10.88
731.0,0.5,20.0,1.0,100.0,7.7
732.0,1.0,20.0,1.0,100.0,9.13
733.0,2.0,20.0,1.0,100.0,10.7
734.0,3.0,20.0,1.0,100.0,7.56
735.0,5.0,20.0,1.0,100.0,8.36
736.0,10.0,20.0,1.0,100.0,7.41
737.0,20.0,20.0,1.0,100.0,9.36
738.0,40.0,20.0,1.0,100.0,11.81
739.0,49.0,20.0,1.0,100.0,9.12
740.0,0.0,20.0,1.0,100.0,10.05
741.0,0.5,20.0,1.0,100.0,8.29
742.0,1.0,20.0,1.0,100.0,8.08
743.0,2.0,20.0,1.0,100.0,10.37
744.0,3.0,20.0,1.0,100.0,8.55
745.0,5.0,20.0,1.0,100.0,8.27
746.0,10.0,20.0,1.0,100.0,8.24
747.0,20.0,20.0,1.0,100.0,9.6
748.0,40.0,20.0,1.0,100.0,8.5
749.0,49.0,20.0,1.0,100.0,12.32
750.0,0.0,20.0,1.0,100.0,8.16
751.0,0.5,20.0,1.0,100.0,8.47
752.0,1.0,20.0,1.0,100.0,10.61
753.0,2.0,20.0,1.0,100.0,8.71
754.0,3.0,20.0,1.0,100.0,8.75
755.0,5.0,20.0,1.0,100.0,8.52
756.0,10.0,20.0,1.0,100.0,9.08
757.0,20.0,20.0,1.0,100.0,7.54
758.0,40.0,20.0,1.0,100.0,8.84
759.0,49.0,20.0,1.0,100.0,8.54
760.0,0.0,20.0,1.0,100.0,10.87
761.0,0.5,20.0,1.0,100.0,8.24
762.0,1.0,20.0,1.0,100.0,8.83
763.0,2.0,20.0,1.0,100.0,11.09
764.0,3.0,20.0,1.0,100.0,7.72
765.0,5.0,20.0,1.0,100.0,10.47
766.0,10.0,20.0,1.0,100.0,7.78
767.0,20.0,20.0,1.0,100.0,9.8
768.0,40.0,20.0,1.0,100.0,8.82
769.0,49.0,20.0,1.0,100.0,9.41
770.0,0.0,20.0,1.0,100.0,9.15
771.0,0.5,20.0,1.0,100.0,14.89
772.0,1.0,20.0,1.0,100.0,7.89
773.0,2.0,20.0,1.0,100.0,12.42
774.0,3.0,20.0,1.0,100.0,10.7
775.0,5.0,20.0,1.0,100.0,8.5
776.0,10.0,20.0,1.0,100.0,8.84
777.0,20.0,20.0,1.0,100.0,8.32
778.0,40.0,20.0,1.0,100.0,8.51
779.0,49.0,20.0,1.0,100.0,9.15
780.0,0.0,20.0,1.0,100.0,7.89
781.0,0.5,20.0,1.0,100.0,11.78
782.0,1.0,20.0,1.0,100.0,10.89
783.0,2.0,20.0,1.0,100.0,8.53
784.0,3.0,20.0,1.0,100.0,12.42
785.0,5.0,20.0,1.0,100.0,8.23
786.0,10.0,20.0,1.0,100.0,7.71
787.0,20.0,20.0,1.0,100.0,9.07
788.0,40.0,20.0,1.0,100.0,10.17
789.0,49.0,20.0,1.0,100.0,9.66
790.0,0.0,20.0,1.0,100.0,11.1
791.0,0.5,20.0,1.0,100.0,17.47
792.0,1.0,20.0,1.0,100.0,8.68
793.0,2.0,20.0,1.0,100.0,10.82
794.0,3.0,20.0,1.0,100.0,9.01
795.0,5.0,20.0,1.0,100.0,8.23
796.0,10.0,20.0,1.0,100.0,9.1
797.0,20.0,20.0,1.0,100.0,7.73
798.0,40.0,20.0,1.0,100.0,9.4
799.0,49.0,20.0,1.0,100.0,9.24
800.0,0.0,20.0,1.0,100.0,8.25
801.0,0.5,20.0,1.0,100.0,7.92
802.0,1.0,20.0,1.0,100.0,8.62
803.0,2.0,20.0,1.0,100.0,7.54
804.0,3.0,20.0,1.0,100.0,7.96
805.0,5.0,20.0,1.0,100.0,8.05
806.0,10.0,20.0,1.0,100.0,7.86
807.0,20.0,20.0,1.0,100.0,7.67
808.0,40.0,20.0,1.0,100.0,8.47
809.0,49.0,20.0,1.0,100.0,11.28
810.0,0.0,20.0,1.0,100.0,10.82
811.0,0.5,20.0,1.0,100.0,9.61
812.0,1.0,20.0,1.0,100.0,9.39
813.0,2.0,20.0,1.0,100.0,8.92
814.0,3.0,20.0,1.0,100.0,9.17
815.0,5.0,20.0,1.0,100.0,8.32
816.0,10.0,20.0,1.0,100.0,8.15
817.0,20.0,20.0,1.0,100.0,7.75
818.0,40.0,20.0,1.0,100.0,8.08
819.0,49.0,20.0,1.0,100.0,11.32
820.0,0.0,20.0,1.0,100.0,8.33
821.0,0.5,20.0,1.0,100.0,8.01
822.0,1.0,20.0,1.0,100.0,8.7
823.0,2.0,20.0,1.0,100.0,10.99
824.0,3.0,20.0,1.0,100.0,9.31
825.0,5.0,20.0,1.0,100.0,8.96
826.0,10.0,20.0,1.0,100.0,7.75
827.0,20.0,20.0,1.0,100.0,8.11
828.0,40.0,20.0,1.0,100.0,12.38
829.0,49.0,20.0,1.0,100.0,13.2
830.0,0.0,20.0,1.0,100.0,17.42
831.0,0.5,20.0,1.0,100.0,11.47
832.0,1.0,20.0,1.0,100.0,7.78
833.0,2.0,20.0,1.0,100.0,8.24
834.0,3.0,20.0,1.0,100.0,8.09
835.0,5.0,20.0,1.0,100.0,7.46
836.0,10.0,20.0,1.0,100.0,8.34
837.0,20.0,20.0,1.0,100.0,7.82
838.0,40.0,20.0,1.0,100.0,8.48
839.0,49.0,20.0,1.0,100.0,8.91
840.0,0.0,20.0,1.0,100.0,9.08
841.0,0.5,20.0,1.0,100.0,11.81
842.0,1.0,20.0,1.0,100.0,9.66
843.0,2.0,20.0,1.0,100.0,8.05
844.0,3.0,20.0,1.0,100.0,9.43
845.0,5.0,20.0,1.0,100.0,7.88
846.0,10.0,20.0,1.0,100.0,8.73
847.0,20.0,20.0,1.0,100.0,8.5
848.0,40.0,20.0,1.0,100.0,7.87
849.0,49.0,20.0,1.0,100.0,11.74
850.0,0.0,20.0,1.0,100.0,8.35
851.0,0.5,20.0,1.0,100.0,10.78
852.0,1.0,20.0,1.0,100.0,8.35
853.0,2.0,20.0,1.0,100.0,8.46
854.0,3.0,20.0,1.0,100.0,7.71
855.0,5.0,20.0,1.0,100.0,7.64
856.0,10.0,20.0,1.0,100.0,8.22
857.0,20.0,20.0,1.0,100.0,9.47
858.0,40.0,20.0,1.0,100.0,8.81
859.0,49.0,20.0,1.0,100.0,9.63
860.0,0.0,20.0,1.0,100.0,8.25
861.0,0.5,20.0,1.0,100.0,8.05
862.0,1.0,20.0,1.0,100.0,7.98
863.0,2.0,20.0,1.0,100.0,7.76
864.0,3.0,20.0,1.0,100.0,9.41
865.0,5.0,20.0,1.0,100.0,8.12
866.0,10.0,20.0,1.0,100.0,8.16
867.0,20.0,20.0,1.0,100.0,10.28
868.0,40.0,20.0,1.0,100.0,8.67
869.0,49.0,20.0,1.0,100.0,9.33
870.0,0.0,20.0,1.0,100.0,11.29
871.0,0.5,20.0,1.0,100.0,10.27
872.0,1.0,20.0,1.0,100.0,7.67
873.0,2.0,20.0,1.0,100.0,11.69
874.0,3.0,20.0,1.0,100.0,7.48
875.0,5.0,20.0,1.0,100.0,8.82
876.0,10.0,20.0,1.0,100.0,9.58
877.0,20.0,20.0,1.0,100.0,8.02
878.0,40.0,20.0,1.0,100.0,9.65
879.0,49.0,20.0,1.0,100.0,10.2
880.0,0.0,20.0,1.0,100.0,12.1
881.0,0.5,20.0,1.0,100.0,10.69
882.0,1.0,20.0,1.0,100.0,9.33
883.0,2.0,20.0,1.0,100.0,9.17
884.0,3.0,20.0,1.0,100.0,8.78
885.0,5.0,20.0,1.0,100.0,7.93
886.0,10.0,20.0,1.0,100.0,8.45
887.0,20.0,20.0,1.0,100.0,8.01
888.0,40.0,20.0,1.0,100.0,11.22
889.0,49.0,20.0,1.0,100.0,8.32
890.0,0.0,20.0,1.0,100.0,8.96
891.0,0.5,20.0,1.0,100.0,10.52
892.0,1.0,20.0,1.0,100.0,9.27
893.0,2.0,20.0,1.0,100.0,7.88
894.0,3.0,20.0,1.0,100.0,10.4
895.0,5.0,20.0,1.0,100.0,8.76
896.0,10.0,20.0,1.0,100.0,7.6
897.0,20.0,20.0,1.0,100.0,7.79
898.0,40.0,20.0,1.0,100.0,8.68
899.0,49.0,20.0,1.0,100.0,9.37
900.0,0.0,20.0,1.0,100.0,10.62
901.0,0.5,20.0,1.0,100.0,12.03
902.0,1.0,20.0,1.0,100.0,10.47
903.0,2.0,20.0,1.0,100.0,12.38
904.0,3.0,20.0,1.0,100.0,8.17
905.0,5.0,20.0,1.0,100.0,8.66
906.0,10.0,20.0,1.0,100.0,7.88
907.0,20.0,20.0,1.0,100.0,8.5
908.0,40.0,20.0,1.0,100.0,9.91
909.0,49.0,20.0,1.0,100.0,8.61
910.0,0.0,20.0,1.0,100.0,10.86
911.0,0.5,20.0,1.0,100.0,8.97
912.0,1.0,20.0,1.0,100.0,8.08
913.0,2.0,20.0,1.0,100.0,12.42
914.0,3.0,20.0,1.0,100.0,9.46
915.0,5.0,20.0,1.0,100.0,8.79
916.0,10.0,20.0,1.0,100.0,7.54
917.0,20.0,20.0,1.0,100.0,9.06
918.0,40.0,20.0,1.0,100.0,9.63
919.0,49.0,20.0,1.0,100.0,9.62
920.0,0.0,20.0,1.0,100.0,9.06
921.0,0.5,20.0,1.0,100.0,11.15
922.0,1.0,20.0,1.0,100.0,13.54
923.0,2.0,20.0,1.0,100.0,8.09
924.0,3.0,20.0,1.0,100.0,8.49
925.0,5.0,20.0,1.0,100.0,8.18
926.0,10.0,20.0,1.0,100.0,8.82
927.0,20.0,20.0,1.0,100.0,9.74
928.0,40.0,20.0,1.0,100.0,10.11
929.0,49.0,20.0,1.0,100.0,8.94
930.0,0.0,20.0,1.0,100.0,8.11
931.0,0.5,20.0,1.0,100.0,14.69
932.0,1.0,20.0,1.0,100.0,9.15
933.0,2.0,20.0,1.0,100.0,7.64
934.0,3.0,20.0,1.0,100.0,9.8
935.0,5.0,20.0,1.0,100.0,7.36
936.0,10.0,20.0,1.0,100.0,8.71
937.0,20.0,20.0,1.0,100.0,8.91
938.0,40.0,20.0,1.0,100.0,9.53
939.0,49.0,20.0,1.0,100.0,10.23
940.0,0.0,20.0,1.0,100.0,8.46
941.0,0.5,20.0,1.0,100.0,12.4
942.0,1.0,20.0,1.0,100.0,9.28
943.0,2.0,20.0,1.0,100.0,12.84
944.0,3.0,20.0,1.0,100.0,7.64
945.0,5.0,20.0,1.0,100.0,9.59
946.0,10.0,20.0,1.0,100.0,8.35
947.0,20.0,20.0,1.0,100.0,7.56
948.0,40.0,20.0,1.0,100.0,8.3
949.0,49.0,20.0,1.0,100.0,8.77
950.0,0.0,20.0,1.0,100.0,11.84
951.0,0.5,20.0,1.0,100.0,11.17
952.0,1.0,20.0,1.0,100.0,7.86
953.0,2.0,20.0,1.0,100.0,8.99
954.0,3.0,20.0,1.0,100.0,7.63
955.0,5.0,20.0,1.0,100.0,9.28
956.0,10.0,20.0,1.0,100.0,8.09
957.0,20.0,20.0,1.0,100.0,10.08
958.0,40.0,20.0,1.0,100.0,8.95
959.0,49.0,20.0,1.0,100.0,8.41
960.0,0.0,20.0,1.0,100.0,9.62
961.0,0.5,20.0,1.0,100.0,8.7
962.0,1.0,20.0,1.0,100.0,8.85
963.0,2.0,20.0,1.0,100.0,7.7
964.0,3.0,20.0,1.0,100.0,8.54
965.0,5.0,20.0,1.0,100.0,8.65
966.0,10.0,20.0,1.0,100.0,8.21
967.0,20.0,20.0,1.0,100.0,9.52
968.0,40.0,20.0,1.0,100.0,7.83
969.0,49.0,20.0,1.0,100.0,8.68
970.0,0.0,20.0,1.0,100.0,12.63
971.0,0.5,20.0,1.0,100.0,7.86
972.0,1.0,20.0,1.0,100.0,8.89
973.0,2.0,20.0,1.0,100.0,7.73
974.0,3.0,20.0,1.0,100.0,7.72
975.0,5.0,20.0,1.0,100.0,9.05
976.0,10.0,20.0,1.0,100.0,7.41
977.0,20.0,20.0,1.0,100.0,7.95
978.0,40.0,20.0,1.0,100.0,11.64
979.0,49.0,20.0,1.0,100.0,9.72
980.0,0.0,20.0,1.0,100.0,8.87
981.0,0.5,20.0,1.0,100.0,12.42
982.0,1.0,20.0,1.0,100.0,8.56
983.0,2.0,20.0,1.0,100.0,7.86
984.0,3.0,20.0,1.0,100.0,7.86
985.0,5.0,20.0,1.0,100.0,8.0
986.0,10.0,20.0,1.0,100.0,8.29
987.0,20.0,20.0,1.0,100.0,7.95
988.0,40.0,20.0,1.0,100.0,9.14
989.0,49.0,20.0,1.0,100.0,9.06
990.0,0.0,20.0,1.0,100.0,15.11
991.0,0.5,20.0,1.0,100.0,9.44
992.0,1.0,20.0,1.0,100.0,9.04
993.0,2.0,20.0,1.0,100.0,7.99
994.0,3.0,20.0,1.0,100.0,8.16
995.0,5.0,20.0,1.0,100.0,8.32
996.0,10.0,20.0,1.0,100.0,8.19
997.0,20.0,20.0,1.0,100.0,7.72
998.0,40.0,20.0,1.0,100.0,9.67
999.0,49.0,20.0,1.0,100.0,11.77
1000.0,0.0,20.0,2.0,100.0,24.07
1001.0,0.5,20.0,2.0,100.0,11.38
1002.0,1.0,20.0,2.0,100.0,13.43
1003.0,2.0,20.0,2.0,100.0,9.79
1004.0,3.0,20.0,2.0,100.0,12.38
1005.0,5.0,20.0,2.0,100.0,8.56
1006.0,10.0,20.0,2.0,100.0,7.84
1007.0,20.0,20.0,2.0,100.0,10.77
1008.0,40.0,20.0,2.0,100.0,10.7
1009.0,49.0,20.0,2.0,100.0,9.53
1010.0,0.0,20.0,2.0,100.0,21.58
1011.0,0.5,20.0,2.0,100.0,15.35
1012.0,1.0,20.0,2.0,100.0,14.17
1013.0,2.0,20.0,2.0,100.0,16.92
1014.0,3.0,20.0,2.0,100.0,11.92
1015.0,5.0,20.0,2.0,100.0,9.27
1016.0,10.0,20.0,2.0,100.0,8.02
1017.0,20.0,20.0,2.0,100.0,8.91
1018.0,40.0,20.0,2.0,100.0,8.38
1019.0,49.0,20.0,2.0,100.0,10.64
1020.0,0.0,20.0,2.0,100.0,20.49
1021.0,0.5,20.0,2.0,100.0,13.13
1022.0,1.0,20.0,2.0,100.0,20.54
1023.0,2.0,20.0,2.0,100.0,12.79
1024.0,3.0,20.0,2.0,100.0,9.23
1025.0,5.0,20.0,2.0,100.0,8.79
1026.0,10.0,20.0,2.0,100.0,9.08
1027.0,20.0,20.0,2.0,100.0,9.46
1028.0,40.0,20.0,2.0,100.0,8.58
1029.0,49.0,20.0,2.0,100.0,13.3
1030.0,0.0,20.0,2.0,100.0,30.12
1031.0,0.5,20.0,2.0,100.0,18.19
1032.0,1.0,20.0,2.0,100.0,12.16
1033.0,2.0,20.0,2.0,100.0,10.59
1034.0,3.0,20.0,2.0,100.0,10.54
1035.0,5.0,20.0,2.0,100.0,9.64
1036.0,10.0,20.0,2.0,100.0,8.65
1037.0,20.0,20.0,2.0,100.0,8.08
1038.0,40.0,20.0,2.0,100.0,11.01
1039.0,49.0,20.0,2.0,100.0,13.9
1040.0,0.0,20.0,2.0,100.0,18.7
1041.0,0.5,20.0,2.0,100.0,25.83
1042.0,1.0,20.0,2.0,100.0,23.58
1043.0,2.0,20.0,2.0,100.0,8.31
1044.0,3.0,20.0,2.0,100.0,8.7
1045.0,5.0,20.0,2.0,100.0,9.34
1046.0,10.0,20.0,2.0,100.0,9.07
1047.0,20.0,20.0,2.0,100.0,12.08
1048.0,40.0,20.0,2.0,100.0,8.59
1049.0,49.0,20.0,2.0,100.0,10.08
1050.0,0.0,20.0,2.0,100.0,17.08
1051.0,0.5,20.0,2.0,100.0,20.71
1052.0,1.0,20.0,2.0,100.0,12.78
1053.0,2.0,20.0,2.0,100.0,9.69
1054.0,3.0,20.0,2.0,100.0,10.16
1055.0,5.0,20.0,2.0,100.0,10.01
1056.0,10.0,20.0,2.0,100.0,8.95
1057.0,20.0,20.0,2.0,100.0,8.52
1058.0,40.0,20.0,2.0,100.0,9.02
1059.0,49.0,20.0,2.0,100.0,10.84
1060.0,0.0,20.0,2.0,100.0,13.0
1061.0,0.5,20.0,2.0,100.0,14.16
1062.0,1.0,20.0,2.0,100.0,16.71
1063.0,2.0,20.0,2.0,100.0,9.23
1064.0,3.0,20.0,2.0,100.0,11.59
1065.0,5.0,20.0,2.0,100.0,9.85
1066.0,10.0,20.0,2.0,100.0,9.94
1067.0,20.0,20.0,2.0,100.0,10.22
1068.0,40.0,20.0,2.0,100.0,11.33
1069.0,49.0,20.0,2.0,100.0,8.96
1070.0,0.0,20.0,2.0,100.0,12.11
1071.0,0.5,20.0,2.0,100.0,22.18
1072.0,1.0,20.0,2.0,100.0,13.28
1073.0,2.0,20.0,2.0,100.0,11.63
1074.0,3.0,20.0,2.0,100.0,12.3
1075.0,5.0,20.0,2.0,100.0,9.76
1076.0,10.0,20.0,2.0,100.0,8.76
1077.0,20.0,20.0,2.0,100.0,8.78
1078.0,40.0,20.0,2.0,100.0,12.1
1079.0,49.0,20.0,2.0,100.0,11.19
1080.0,0.0,20.0,2.0,100.0,20.78
1081.0,0.5,20.0,2.0,100.0,23.81
1082.0,1.0,20.0,2.0,100.0,12.44
1083.0,2.0,20.0,2.0,100.0,19.68
1084.0,3.0,20.0,2.0,100.0,8.97
1085.0,5.0,20.0,2.0,100.0,10.41
1086.0,10.0,20.0,2.0,100.0,10.96
1087.0,20.0,20.0,2.0,100.0,12.1
1088.0,40.0,20.0,2.0,100.0,12.8
1089.0,49.0,20.0,2.0,100.0,8.73
1090.0,0.0,20.0,2.0,100.0,25.54
1091.0,0.5,20.0,2.0,100.0,28.11
1092.0,1.0,20.0,2.0,100.0,20.58
1093.0,2.0,20.0,2.0,100.0,16.1
1094.0,3.0,20.0,2.0,100.0,8.0
1095.0,5.0,20.0,2.0,100.0,10.36
1096.0,10.0,20.0,2.0,100.0,9.38
1097.0,20.0,20.0,2.0,100.0,9.25
1098.0,40.0,20.0,2.0,100.0,12.55
1099.0,49.0,20.0,2.0,100.0,10.3
1100.0,0.0,20.0,2.0,100.0,18.88
1101.0,0.5,20.0,2.0,100.0,10.42
1102.0,1.0,20.0,2.0,100.0,20.96
1103.0,2.0,20.0,2.0,100.0,11.89
1104.0,3.0,20.0,2.0,100.0,8.07
1105.0,5.0,20.0,2.0,100.0,11.85
1106.0,10.0,20.0,2.0,100.0,8.65
1107.0,20.0,20.0,2.0,100.0,12.34
1108.0,40.0,20.0,2.0,100.0,9.02
1109.0,49.0,20.0,2.0,100.0,11.21
1110.0,0.0,20.0,2.0,100.0,22.79
1111.0,0.5,20.0,2.0,100.0,20.3
1112.0,1.0,20.0,2.0,100.0,10.06
1113.0,2.0,20.0,2.0,100.0,13.17
1114.0,3.0,20.0,2.0,100.0,9.26
1115.0,5.0,20.0,2.0,100.0,10.93
1116.0,10.0,20.0,2.0,100.0,8.35
1117.0,20.0,20.0,2.0,100.0,9.03
1118.0,40.0,20.0,2.0,100.0,10.78
1119.0,49.0,20.0,2.0,100.0,11.69
1120.0,0.0,20.0,2.0,100.0,10.98
1121.0,0.5,20.0,2.0,100.0,13.54
1122.0,1.0,20.0,2.0,100.0,13.7
1123.0,2.0,20.0,2.0,100.0,9.45
1124.0,3.0,20.0,2.0,100.0,9.9
1125.0,5.0,20.0,2.0,100.0,14.48
1126.0,10.0,20.0,2.0,100.0,11.5
1127.0,20.0,20.0,2.0,100.0,8.77
1128.0,40.0,20.0,2.0,100.0,12.24
1129.0,49.0,20.0,2.0,100.0,8.76
1130.0,0.0,20.0,2.0,100.0,24.08
1131.0,0.5,20.0,2.0,100.0,12.83
1132.0,1.0,20.0,2.0,100.0,12.46
1133.0,2.0,20.0,2.0,100.0,20.34
1134.0,3.0,20.0,2.0,100.0,9.33
1135.0,5.0,20.0,2.0,100.0,12.15
1136.0,10.0,20.0,2.0,100.0,10.59
1137.0,20.0,20.0,2.0,100.0,10.18
1138.0,40.0,20.0,2.0,100.0,8.61
1139.0,49.0,20.0,2.0,100.0,8.04
1140.0,0.0,20.0,2.0,100.0,18.28
1141.0,0.5,20.0,2.0,100.0,16.41
1142.0,1.0,20.0,2.0,100.0,12.77
1143.0,2.0,20.0,2.0,100.0,9.36
1144.0,3.0,20.0,2.0,100.0,14.98
1145.0,5.0,20.0,2.0,100.0,9.39
1146.0,10.0,20.0,2.0,100.0,9.72
1147.0,20.0,20.0,2.0,100.0,9.1
1148.0,40.0,20.0,2.0,100.0,9.9
1149.0,49.0,20.0,2.0,100.0,8.95
1150.0,0.0,20.0,2.0,100.0,21.37
1151.0,0.5,20.0,2.0,100.0,16.2
1152.0,1.0,20.0,2.0,100.0,8.06
1153.0,2.0,20.0,2.0,100.0,13.96
1154.0,3.0,20.0,2.0,100.0,13.07
1155.0,5.0,20.0,2.0,100.0,9.09
1156.0,10.0,20.0,2.0,100.0,9.18
1157.0,20.0,20.0,2.0,100.0,9.19
1158.0,40.0,20.0,2.0,100.0,10.29
1159.0,49.0,20.0,2.0,100.0,12.09
1160.0,0.0,20.0,2.0,100.0,20.46
1161.0,0.5,20.0,2.0,100.0,14.85
1162.0,1.0,20.0,2.0,100.0,10.05
1163.0,2.0,20.0,2.0,100.0,9.64
1164.0,3.0,20.0,2.0,100.0,12.14
1165.0,5.0,20.0,2.0,100.0,10.6
1166.0,10.0,20.0,2.0,100.0,8.05
1167.0,20.0,20.0,2.0,100.0,9.38
1168.0,40.0,20.0,2.0,100.0,11.36
1169.0,49.0,20.0,2.0,100.0,9.12
1170.0,0.0,20.0,2.0,100.0,22.5
1171.0,0.5,20.0,2.0,100.0,14.66
1172.0,1.0,20.0,2.0,100.0,14.27
1173.0,2.0,20.0,2.0,100.0,11.67
1174.0,3.0,20.0,2.0,100.0,23.19
1175.0,5.0,20.0,2.0,100.0,9.64
1176.0,10.0,20.0,2.0,100.0,9.77
1177.0,20.0,20.0,2.0,100.0,11.3
1178.0,40.0,20.0,2.0,100.0,7.98
1179.0,49.0,20.0,2.0,100.0,10.4
1180.0,0.0,20.0,2.0,100.0,22.52
1181.0,0.5,20.0,2.0,100.0,11.37
1182.0,1.0,20.0,2.0,100.0,9.52
1183.0,2.0,20.0,2.0,100.0,9.52
1184.0,3.0,20.0,2.0,100.0,10.61
1185.0,5.0,20.0,2.0,100.0,13.04
1186.0,10.0,20.0,2.0,100.0,8.72
1187.0,20.0,20.0,2.0,100.0,10.68
1188.0,40.0,20.0,2.0,100.0,10.54
1189.0,49.0,20.0,2.0,100.0,8.31
1190.0,0.0,20.0,2.0,100.0,20.86
1191.0,0.5,20.0,2.0,100.0,17.08
1192.0,1.0,20.0,2.0,100.0,11.6
1193.0,2.0,20.0,2.0,100.0,18.25
1194.0,3.0,20.0,2.0,100.0,8.79
1195.0,5.0,20.0,2.0,100.0,8.54
1196.0,10.0,20.0,2.0,100.0,10.88
1197.0,20.0,20.0,2.0,100.0,8.68
1198.0,40.0,20.0,2.0,100.0,11.52
1199.0,49.0,20.0,2.0,100.0,10.79
1200.0,0.0,20.0,2.0,100.0,17.96
1201.0,0.5,20.0,2.0,100.0,17.94
1202.0,1.0,20.0,2.0,100.0,12.64
1203.0,2.0,20.0,2.0,100.0,12.24
1204.0,3.0,20.0,2.0,100.0,11.19
1205.0,5.0,20.0,2.0,100.0,7.77
1206.0,10.0,20.0,2.0,100.0,11.26
1207.0,20.0,20.0,2.0,100.0,10.33
1208.0,40.0,20.0,2.0,100.0,12.9
1209.0,49.0,20.0,2.0,100.0,10.4
1210.0,0.0,20.0,2.0,100.0,17.46
1211.0,0.5,20.0,2.0,100.0,22.43
1212.0,1.0,20.0,2.0,100.0,21.72
1213.0,2.0,20.0,2.0,100.0,13.38
1214.0,3.0,20.0,2.0,100.0,9.38
1215.0,5.0,20.0,2.0,100.0,9.62
1216.0,10.0,20.0,2.0,100.0,9.05
1217.0,20.0,20.0,2.0,100.0,9.58
1218.0,40.0,20.0,2.0,100.0,13.84
1219.0,49.0,20.0,2.0,100.0,9.7
1220.0,0.0,20.0,2.0,100.0,22.66
1221.0,0.5,20.0,2.0,100.0,20.16
1222.0,1.0,20.0,2.0,100.0,11.16
1223.0,2.0,20.0,2.0,100.0,9.0
1224.0,3.0,20.0,2.0,100.0,13.44
1225.0,5.0,20.0,2.0,100.0,10.33
1226.0,10.0,20.0,2.0,100.0,10.82
1227.0,20.0,20.0,2.0,100.0,9.15
1228.0,40.0,20.0,2.0,100.0,9.22
1229.0,49.0,20.0,2.0,100.0,10.35
1230.0,0.0,20.0,2.0,100.0,14.09
1231.0,0.5,20.0,2.0,100.0,22.98
1232.0,1.0,20.0,2.0,100.0,10.49
1233.0,2.0,20.0,2.0,100.0,9.81
1234.0,3.0,20.0,2.0,100.0,11.82
1235.0,5.0,20.0,2.0,100.0,11.51
1236.0,10.0,20.0,2.0,100.0,10.36
1237.0,20.0,20.0,2.0,100.0,9.13
1238.0,40.0,20.0,2.0,100.0,7.87
1239.0,49.0,20.0,2.0,100.0,8.41
1240.0,0.0,20.0,2.0,100.0,23.72
1241.0,0.5,20.0,2.0,100.0,16.78
1242.0,1.0,20.0,2.0,100.0,10.96
1243.0,2.0,20.0,2.0,100.0,13.49
1244.0,3.0,20.0,2.0,100.0,8.87
1245.0,5.0,20.0,2.0,100.0,8.32
1246.0,10.0,20.0,2.0,100.0,9.73
1247.0,20.0,20.0,2.0,100.0,10.56
1248.0,40.0,20.0,2.0,100.0,10.14
1249.0,49.0,20.0,2.0,100.0,11.15
1250.0,0.0,20.0,2.0,100.0,18.69
1251.0,0.5,20.0,2.0,100.0,22.64
1252.0,1.0,20.0,2.0,100.0,12.36
1253.0,2.0,20.0,2.0,100.0,15.28
1254.0,3.0,20.0,2.0,100.0,9.79
1255.0,5.0,20.0,2.0,100.0,8.11
1256.0,10.0,20.0,2.0,100.0,9.12
1257.0,20.0,20.0,2.0,100.0,8.49
1258.0,40.0,20.0,2.0,100.0,9.83
1259.0,49.0,20.0,2.0,100.0,10.78
1260.0,0.0,20.0,2.0,100.0,15.12
1261.0,0.5,20.0,2.0,100.0,23.02
1262.0,1.0,20.0,2.0,100.0,17.82
1263.0,2.0,20.0,2.0,100.0,10.42
1264.0,3.0,20.0,2.0,100.0,7.46
1265.0,5.0,20.0,2.0,100.0,12.51
1266.0,10.0,20.0,2.0,100.0,10.3
1267.0,20.0,20.0,2.0,100.0,10.06
1268.0,40.0,20.0,2.0,100.0,9.23
1269.0,49.0,20.0,2.0,100.0,13.28
1270.0,0.0,20.0,2.0,100.0,10.33
1271.0,0.5,20.0,2.0,100.0,20.49
1272.0,1.0,20.0,2.0,100.0,12.21
1273.0,2.0,20.0,2.0,100.0,11.32
1274.0,3.0,20.0,2.0,100.0,11.49
1275.0,5.0,20.0,2.0,100.0,11.43
1276.0,10.0,20.0,2.0,100.0,11.23
1277.0,20.0,20.0,2.0,100.0,7.91
1278.0,40.0,20.0,2.0,100.0,10.57
1279.0,49.0,20.0,2.0,100.0,9.71
1280.0,0.0,20.0,2.0,100.0,18.93
1281.0,0.5,20.0,2.0,100.0,8.49
1282.0,1.0,20.0,2.0,100.0,18.44
1283.0,2.0,20.0,2.0,100.0,11.95
1284.0,3.0,20.0,2.0,100.0,9.34
1285.0,5.0,20.0,2.0,100.0,9.19
1286.0,10.0,20.0,2.0,100.0,8.76
1287.0,20.0,20.0,2.0,100.0,8.08
1288.0,40.0,20.0,2.0,100.0,9.87
1289.0,49.0,20.0,2.0,100.0,10.17
1290.0,0.0,20.0,2.0,100.0,19.59
1291.0,0.5,20.0,2.0,100.0,20.57
1292.0,1.0,20.0,2.0,100.0,13.69
1293.0,2.0,20.0,2.0,100.0,10.22
1294.0,3.0,20.0,2.0,100.0,13.13
1295.0,5.0,20.0,2.0,100.0,12.38
1296.0,10.0,20.0,2.0,100.0,8.01
1297.0,20.0,20.0,2.0,100.0,9.98
1298.0,40.0,20.0,2.0,100.0,11.37
1299.0,49.0,20.0,2.0,100.0,12.24
1300.0,0.0,20.0,2.0,100.0,21.69
1301.0,0.5,20.0,2.0,100.0,19.85
1302.0,1.0,20.0,2.0,100.0,14.73
1303.0,2.0,20.0,2.0,100.0,12.05
1304.0,3.0,20.0,2.0,100.0,8.62
1305.0,5.0,20.0,2.0,100.0,12.06
1306.0,10.0,20.0,2.0,100.0,9.88
1307.0,20.0,20.0,2.0,100.0,8.51
1308.0,40.0,20.0,2.0,100.0,9.35
1309.0,49.0,20.0,2.0,100.0,9.53
1310.0,0.0,20.0,2.0,100.0,18.47
1311.0,0.5,20.0,2.0,100.0,22.12
1312.0,1.0,20.0,2.0,100.0,26.93
1313.0,2.0,20.0,2.0,100.0,12.09
1314.0,3.0,20.0,2.0,100.0,14.7
1315.0,5.0,20.0,2.0,100.0,9.47
1316.0,10.0,20.0,2.0,100.0,8.89
1317.0,20.0,20.0,2.0,100.0,10.49
1318.0,40.0,20.0,2.0,100.0,7.93
1319.0,49.0,20.0,2.0,100.0,9.56
1320.0,0.0,20.0,2.0,100.0,22.15
1321.0,0.5,20.0,2.0,100.0,22.53
1322.0,1.0,20.0,2.0,100.0,25.15
1323.0,2.0,20.0,2.0,100.0,10.34
1324.0,3.0,20.0,2.0,100.0,10.64
1325.0,5.0,20.0,2.0,100.0,9.31
1326.0,10.0,20.0,2.0,100.0,9.43
1327.0,20.0,20.0,2.0,100.0,9.64
1328.0,40.0,20.0,2.0,100.0,9.05
1329.0,49.0,20.0,2.0,100.0,9.74
1330.0,0.0,20.0,2.0,100.0,18.56
1331.0,0.5,20.0,2.0,100.0,10.22
1332.0,1.0,20.0,2.0,100.0,14.72
1333.0,2.0,20.0,2.0,100.0,12.07
1334.0,3.0,20.0,2.0,100.0,11.36
1335.0,5.0,20.0,2.0,100.0,8.31
1336.0,10.0,20.0,2.0,100.0,10.29
1337.0,20.0,20.0,2.0,100.0,8.24
1338.0,40.0,20.0,2.0,100.0,10.04
1339.0,49.0,20.0,2.0,100.0,8.87
1340.0,0.0,20.0,2.0,100.0,14.12
1341.0,0.5,20.0,2.0,100.0,15.62
1342.0,1.0,20.0,2.0,100.0,9.51
1343.0,2.0,20.0,2.0,100.0,10.5
1344.0,3.0,20.0,2.0,100.0,16.08
1345.0,5.0,20.0,2.0,100.0,9.34
1346.0,10.0,20.0,2.0,100.0,9.41
1347.0,20.0,20.0,2.0,100.0,9.26
1348.0,40.0,20.0,2.0,100.0,8.88
1349.0,49.0,20.0,2.0,100.0,8.02
1350.0,0.0,20.0,2.0,100.0,23.03
1351.0,0.5,20.0,2.0,100.0,13.26
1352.0,1.0,20.0,2.0,100.0,14.6
1353.0,2.0,20.0,2.0,100.0,23.69
1354.0,3.0,20.0,2.0,100.0,10.45
1355.0,5.0,20.0,2.0,100.0,9.28
1356.0,10.0,20.0,2.0,100.0,9.73
1357.0,20.0,20.0,2.0,100.0,9.1
1358.0,40.0,20.0,2.0,100.0,9.13
1359.0,49.0,20.0,2.0,100.0,8.49
1360.0,0.0,20.0,2.0,100.0,20.36
1361.0,0.5,20.0,2.0,100.0,11.16
1362.0,1.0,20.0,2.0,100.0,15.57
1363.0,2.0,20.0,2.0,100.0,12.24
1364.0,3.0,20.0,2.0,100.0,15.98
1365.0,5.0,20.0,2.0,100.0,8.29
1366.0,10.0,20.0,2.0,100.0,10.46
1367.0,20.0,20.0,2.0,100.0,10.95
1368.0,40.0,20.0,2.0,100.0,9.68
1369.0,49.0,20.0,2.0,100.0,8.98
1370.0,0.0,20.0,2.0,100.0,11.3
1371.0,0.5,20.0,2.0,100.0,15.73
1372.0,1.0,20.0,2.0,100.0,13.6
1373.0,2.0,20.0,2.0,100.0,7.86
1374.0,3.0,20.0,2.0,100.0,8.88
1375.0,5.0,20.0,2.0,100.0,8.33
1376.0,10.0,20.0,2.0,100.0,11.21
1377.0,20.0,20.0,2.0,100.0,8.82
1378.0,40.0,20.0,2.0,100.0,8.53
1379.0,49.0,20.0,2.0,100.0,8.68
1380.0,0.0,20.0,2.0,100.0,17.01
1381.0,0.5,20.0,2.0,100.0,25.43
1382.0,1.0,20.0,2.0,100.0,22.17
1383.0,2.0,20.0,2.0,100.0,10.48
1384.0,3.0,20.0,2.0,100.0,8.54
1385.0,5.0,20.0,2.0,100.0,7.99
1386.0,10.0,20.0,2.0,100.0,9.6
1387.0,20.0,20.0,2.0,100.0,8.03
1388.0,40.0,20.0,2.0,100.0,14.32
1389.0,49.0,20.0,2.0,100.0,13.6
1390.0,0.0,20.0,2.0,100.0,23.67
1391.0,0.5,20.0,2.0,100.0,12.75
1392.0,1.0,20.0,2.0,100.0,10.37
1393.0,2.0,20.0,2.0,100.0,10.53
1394.0,3.0,20.0,2.0,100.0,13.02
1395.0,5.0,20.0,2.0,100.0,17.13
1396.0,10.0,20.0,2.0,100.0,9.59
1397.0,20.0,20.0,2.0,100.0,12.12
1398.0,40.0,20.0,2.0,100.0,11.11
1399.0,49.0,20.0,2.0,100.0,11.43
1400.0,0.0,20.0,2.0,100.0,27.3
1401.0,0.5,20.0,2.0,100.0,17.77
1402.0,1.0,20.0,2.0,100.0,9.95
1403.0,2.0,20.0,2.0,100.0,15.18
1404.0,3.0,20.0,2.0,100.0,10.55
1405.0,5.0,20.0,2.0,100.0,11.41
1406.0,10.0,20.0,2.0,100.0,15.12
1407.0,20.0,20.0,2.0,100.0,10.59
1408.0,40.0,20.0,2.0,100.0,10.45
1409.0,49.0,20.0,2.0,100.0,9.97
1410.0,0.0,20.0,2.0,100.0,24.26
1411.0,0.5,20.0,2.0,100.0,13.66
1412.0,1.0,20.0,2.0,100.0,21.16
1413.0,2.0,20.0,2.0,100.0,18.16
1414.0,3.0,20.0,2.0,100.0,11.6
1415.0,5.0,20.0,2.0,100.0,8.44
1416.0,10.0,20.0,2.0,100.0,10.59
1417.0,20.0,20.0,2.0,100.0,8.49
1418.0,40.0,20.0,2.0,100.0,9.11
1419.0,49.0,20.0,2.0,100.0,8.56
1420.0,0.0,20.0,2.0,100.0,20.35
1421.0,0.5,20.0,2.0,100.0,11.6
1422.0,1.0,20.0,2.0,100.0,13.6
1423.0,2.0,20.0,2.0,100.0,12.99
1424.0,3.0,20.0,2.0,100.0,12.45
1425.0,5.0,20.0,2.0,100.0,10.84
1426.0,10.0,20.0,2.0,100.0,9.5
1427.0,20.0,20.0,2.0,100.0,9.31
1428.0,40.0,20.0,2.0,100.0,8.95
1429.0,49.0,20.0,2.0,100.0,14.48
1430.0,0.0,20.0,2.0,100.0,26.35
1431.0,0.5,20.0,2.0,100.0,8.74
1432.0,1.0,20.0,2.0,100.0,19.16
1433.0,2.0,20.0,2.0,100.0,9.4
1434.0,3.0,20.0,2.0,100.0,14.08
1435.0,5.0,20.0,2.0,100.0,9.77
1436.0,10.0,20.0,2.0,100.0,7.47
1437.0,20.0,20.0,2.0,100.0,10.64
1438.0,40.0,20.0,2.0,100.0,9.78
1439.0,49.0,20.0,2.0,100.0,15.2
1440.0,0.0,20.0,2.0,100.0,11.76
1441.0,0.5,20.0,2.0,100.0,20.52
1442.0,1.0,20.0,2.0,100.0,17.43
1443.0,2.0,20.0,2.0,100.0,14.82
1444.0,3.0,20.0,2.0,100.0,15.3
1445.0,5.0,20.0,2.0,100.0,8.73
1446.0,10.0,20.0,2.0,100.0,8.2
1447.0,20.0,20.0,2.0,100.0,8.42
1448.0,40.0,20.0,2.0,100.0,9.43
1449.0,49.0,20.0,2.0,100.0,8.62
1450.0,0.0,20.0,2.0,100.0,22.24
1451.0,0.5,20.0,2.0,100.0,8.66
1452.0,1.0,20.0,2.0,100.0,12.64
1453.0,2.0,20.0,2.0,100.0,12.99
1454.0,3.0,20.0,2.0,100.0,10.71
1455.0,5.0,20.0,2.0,100.0,9.59
1456.0,10.0,20.0,2.0,100.0,8.5
1457.0,20.0,20.0,2.0,100.0,8.04
1458.0,40.0,20.0,2.0,100.0,9.48
1459.0,49.0,20.0,2.0,100.0,9.59
1460.0,0.0,20.0,2.0,100.0,28.15
1461.0,0.5,20.0,2.0,100.0,11.99
1462.0,1.0,20.0,2.0,100.0,15.05
1463.0,2.0,20.0,2.0,100.0,12.15
1464.0,3.0,20.0,2.0,100.0,9.69
1465.0,5.0,20.0,2.0,100.0,10.93
1466.0,10.0,20.0,2.0,100.0,11.31
1467.0,20.0,20.0,2.0,100.0,10.08
1468.0,40.0,20.0,2.0,100.0,10.07
1469.0,49.0,20.0,2.0,100.0,11.12
1470.0,0.0,20.0,2.0,100.0,25.11
1471.0,0.5,20.0,2.0,100.0,10.02
1472.0,1.0,20.0,2.0,100.0,14.07
1473.0,2.0,20.0,2.0,100.0,12.63
1474.0,3.0,20.0,2.0,100.0,9.74
1475.0,5.0,20.0,2.0,100.0,7.67
1476.0,10.0,20.0,2.0,100.0,8.54
1477.0,20.0,20.0,2.0,100.0,10.39
1478.0,40.0,20.0,2.0,100.0,9.09
1479.0,49.0,20.0,2.0,100.0,10.82
1480.0,0.0,20.0,2.0,100.0,24.64
1481.0,0.5,20.0,2.0,100.0,24.52
1482.0,1.0,20.0,2.0,100.0,20.96
1483.0,2.0,20.0,2.0,100.0,9.15
1484.0,3.0,20.0,2.0,100.0,8.34
1485.0,5.0,20.0,2.0,100.0,8.58
1486.0,10.0,20.0,2.0,100.0,9.48
1487.0,20.0,20.0,2.0,100.0,10.25
1488.0,40.0,20.0,2.0,100.0,9.72
1489.0,49.0,20.0,2.0,100.0,8.12
1490.0,0.0,20.0,2.0,100.0,23.38
1491.0,0.5,20.0,2.0,100.0,24.52
1492.0,1.0,20.0,2.0,100.0,14.87
1493.0,2.0,20.0,2.0,100.0,10.07
1494.0,3.0,20.0,2.0,100.0,9.22
1495.0,5.0,20.0,2.0,100.0,10.77
1496.0,10.0,20.0,2.0,100.0,10.25
1497.0,20.0,20.0,2.0,100.0,7.72
1498.0,40.0,20.0,2.0,100.0,11.61
1499.0,49.0,20.0,2.0,100.0,9.36
1500.0,0.0,20.0,3.0,100.0,21.48
1501.0,0.5,20.0,3.0,100.0,17.05
1502.0,1.0,20.0,3.0,100.0,10.77
1503.0,2.0,20.0,3.0,100.0,16.22
1504.0,3.0,20.0,3.0,100.0,9.08
1505.0,5.0,20.0,3.0,100.0,10.57
1506.0,10.0,20.0,3.0,100.0,14.11
1507.0,20.0,20.0,3.0,100.0,9.21
1508.0,40.0,20.0,3.0,100.0,9.03
1509.0,49.0,20.0,3.0,100.0,8.8
1510.0,0.0,20.0,3.0,100.0,16.68
1511.0,0.5,20.0,3.0,100.0,14.44
1512.0,1.0,20.0,3.0,100.0,11.07
1513.0,2.0,20.0,3.0,100.0,9.39
1514.0,3.0,20.0,3.0,100.0,9.19
1515.0,5.0,20.0,3.0,100.0,12.38
1516.0,10.0,20.0,3.0,100.0,11.96
1517.0,20.0,20.0,3.0,100.0,8.43
1518.0,40.0,20.0,3.0,100.0,9.65
1519.0,49.0,20.0,3.0,100.0,14.53
1520.0,0.0,20.0,3.0,100.0,18.61
1521.0,0.5,20.0,3.0,100.0,18.8
1522.0,1.0,20.0,3.0,100.0,14.09
1523.0,2.0,20.0,3.0,100.0,8.61
1524.0,3.0,20.0,3.0,100.0,8.8
1525.0,5.0,20.0,3.0,100.0,10.3
1526.0,10.0,20.0,3.0,100.0,9.44
1527.0,20.0,20.0,3.0,100.0,8.5
1528.0,40.0,20.0,3.0,100.0,10.83
1529.0,49.0,20.0,3.0,100.0,10.14
1530.0,0.0,20.0,3.0,100.0,10.42
1531.0,0.5,20.0,3.0,100.0,21.01
1532.0,1.0,20.0,3.0,100.0,9.47
1533.0,2.0,20.0,3.0,100.0,14.61
1534.0,3.0,20.0,3.0,100.0,12.24
1535.0,5.0,20.0,3.0,100.0,9.85
1536.0,10.0,20.0,3.0,100.0,9.79
1537.0,20.0,20.0,3.0,100.0,8.57
1538.0,40.0,20.0,3.0,100.0,11.0
1539.0,49.0,20.0,3.0,100.0,15.28
1540.0,0.0,20.0,3.0,100.0,19.42
1541.0,0.5,20.0,3.0,100.0,16.12
1542.0,1.0,20.0,3.0,100.0,19.65
1543.0,2.0,20.0,3.0,100.0,18.1
1544.0,3.0,20.0,3.0,100.0,8.06
1545.0,5.0,20.0,3.0,100.0,8.87
1546.0,10.0,20.0,3.0,100.0,9.13
1547.0,20.0,20.0,3.0,100.0,8.89
1548.0,40.0,20.0,3.0,100.0,12.73
1549.0,49.0,20.0,3.0,100.0,10.77
1550.0,0.0,20.0,3.0,100.0,17.01
1551.0,0.5,20.0,3.0,100.0,22.34
1552.0,1.0,20.0,3.0,100.0,23.48
1553.0,2.0,20.0,3.0,100.0,15.45
1554.0,3.0,20.0,3.0,100.0,16.92
1555.0,5.0,20.0,3.0,100.0,13.07
1556.0,10.0,20.0,3.0,100.0,8.69
1557.0,20.0,20.0,3.0,100.0,11.12
1558.0,40.0,20.0,3.0,100.0,12.06
1559.0,49.0,20.0,3.0,100.0,12.53
1560.0,0.0,20.0,3.0,100.0,11.4
1561.0,0.5,20.0,3.0,100.0,12.73
1562.0,1.0,20.0,3.0,100.0,20.78
1563.0,2.0,20.0,3.0,100.0,20.12
1564.0,3.0,20.0,3.0,100.0,11.12
1565.0,5.0,20.0,3.0,100.0,10.65
1566.0,10.0,20.0,3.0,100.0,8.31
1567.0,20.0,20.0,3.0,100.0,8.75
1568.0,40.0,20.0,3.0,100.0,12.25
1569.0,49.0,20.0,3.0,100.0,8.63
1570.0,0.0,20.0,3.0,100.0,11.55
1571.0,0.5,20.0,3.0,100.0,13.15
1572.0,1.0,20.0,3.0,100.0,16.12
1573.0,2.0,20.0,3.0,100.0,9.01
1574.0,3.0,20.0,3.0,100.0,9.17
1575.0,5.0,20.0,3.0,100.0,8.4
1576.0,10.0,20.0,3.0,100.0,10.98
1577.0,20.0,20.0,3.0,100.0,9.53
1578.0,40.0,20.0,3.0,100.0,7.97
1579.0,49.0,20.0,3.0,100.0,12.26
1580.0,0.0,20.0,3.0,100.0,18.67
1581.0,0.5,20.0,3.0,100.0,9.49
1582.0,1.0,20.0,3.0,100.0,13.55
1583.0,2.0,20.0,3.0,100.0,9.85
1584.0,3.0,20.0,3.0,100.0,17.94
1585.0,5.0,20.0,3.0,100.0,7.8
1586.0,10.0,20.0,3.0,100.0,10.12
1587.0,20.0,20.0,3.0,100.0,10.5
1588.0,40.0,20.0,3.0,100.0,8.58
1589.0,49.0,20.0,3.0,100.0,8.52
1590.0,0.0,20.0,3.0,100.0,20.45
1591.0,0.5,20.0,3.0,100.0,11.77
1592.0,1.0,20.0,3.0,100.0,9.46
1593.0,2.0,20.0,3.0,100.0,7.89
1594.0,3.0,20.0,3.0,100.0,10.21
1595.0,5.0,20.0,3.0,100.0,8.99
1596.0,10.0,20.0,3.0,100.0,12.23
1597.0,20.0,20.0,3.0,100.0,8.07
1598.0,40.0,20.0,3.0,100.0,12.44
1599.0,49.0,20.0,3.0,100.0,15.89
1600.0,0.0,20.0,3.0,100.0,13.55
1601.0,0.5,20.0,3.0,100.0,20.39
1602.0,1.0,20.0,3.0,100.0,17.67
1603.0,2.0,20.0,3.0,100.0,11.7
1604.0,3.0,20.0,3.0,100.0,12.29
1605.0,5.0,20.0,3.0,100.0,12.58
1606.0,10.0,20.0,3.0,100.0,9.54
1607.0,20.0,20.0,3.0,100.0,8.23
1608.0,40.0,20.0,3.0,100.0,9.89
1609.0,49.0,20.0,3.0,100.0,12.94
1610.0,0.0,20.0,3.0,100.0,15.73
1611.0,0.5,20.0,3.0,100.0,11.16
1612.0,1.0,20.0,3.0,100.0,12.44
1613.0,2.0,20.0,3.0,100.0,8.21
1614.0,3.0,20.0,3.0,100.0,9.92
1615.0,5.0,20.0,3.0,100.0,7.96
1616.0,10.0,20.0,3.0,100.0,7.53
1617.0,20.0,20.0,3.0,100.0,9.51
1618.0,40.0,20.0,3.0,100.0,11.84
1619.0,49.0,20.0,3.0,100.0,11.58
1620.0,0.0,20.0,3.0,100.0,19.16
1621.0,0.5,20.0,3.0,100.0,19.38
1622.0,1.0,20.0,3.0,100.0,11.23
1623.0,2.0,20.0,3.0,100.0,12.09
1624.0,3.0,20.0,3.0,100.0,10.45
1625.0,5.0,20.0,3.0,100.0,10.16
1626.0,10.0,20.0,3.0,100.0,9.14
1627.0,20.0,20.0,3.0,100.0,9.01
1628.0,40.0,20.0,3.0,100.0,9.13
1629.0,49.0,20.0,3.0,100.0,13.7
1630.0,0.0,20.0,3.0,100.0,25.23
1631.0,0.5,20.0,3.0,100.0,11.6
1632.0,1.0,20.0,3.0,100.0,25.15
1633.0,2.0,20.0,3.0,100.0,11.25
1634.0,3.0,20.0,3.0,100.0,11.6
1635.0,5.0,20.0,3.0,100.0,9.64
1636.0,10.0,20.0,3.0,100.0,9.38
1637.0,20.0,20.0,3.0,100.0,8.42
1638.0,40.0,20.0,3.0,100.0,7.92
1639.0,49.0,20.0,3.0,100.0,11.47
1640.0,0.0,20.0,3.0,100.0,21.19
1641.0,0.5,20.0,3.0,100.0,14.73
1642.0,1.0,20.0,3.0,100.0,7.62
1643.0,2.0,20.0,3.0,100.0,16.91
1644.0,3.0,20.0,3.0,100.0,9.1
1645.0,5.0,20.0,3.0,100.0,8.57
1646.0,10.0,20.0,3.0,100.0,9.69
1647.0,20.0,20.0,3.0,100.0,12.08
1648.0,40.0,20.0,3.0,100.0,9.8
1649.0,49.0,20.0,3.0,100.0,10.0
1650.0,0.0,20.0,3.0,100.0,25.24
1651.0,0.5,20.0,3.0,100.0,13.25
1652.0,1.0,20.0,3.0,100.0,18.82
1653.0,2.0,20.0,3.0,100.0,23.96
1654.0,3.0,20.0,3.0,100.0,9.14
1655.0,5.0,20.0,3.0,100.0,8.87
1656.0,10.0,20.0,3.0,100.0,8.68
1657.0,20.0,20.0,3.0,100.0,9.6
1658.0,40.0,20.0,3.0,100.0,9.4
1659.0,49.0,20.0,3.0,100.0,11.73
1660.0,0.0,20.0,3.0,100.0,26.32
1661.0,0.5,20.0,3.0,100.0,22.67
1662.0,1.0,20.0,3.0,100.0,23.47
1663.0,2.0,20.0,3.0,100.0,10.91
1664.0,3.0,20.0,3.0,100.0,14.72
1665.0,5.0,20.0,3.0,100.0,9.08
1666.0,10.0,20.0,3.0,100.0,13.66
1667.0,20.0,20.0,3.0,100.0,9.33
1668.0,40.0,20.0,3.0,100.0,8.43
1669.0,49.0,20.0,3.0,100.0,10.38
1670.0,0.0,20.0,3.0,100.0,23.69
1671.0,0.5,20.0,3.0,100.0,24.9
1672.0,1.0,20.0,3.0,100.0,9.89
1673.0,2.0,20.0,3.0,100.0,14.79
1674.0,3.0,20.0,3.0,100.0,9.41
1675.0,5.0,20.0,3.0,100.0,8.71
1676.0,10.0,20.0,3.0,100.0,8.81
1677.0,20.0,20.0,3.0,100.0,11.27
1678.0,40.0,20.0,3.0,100.0,9.51
1679.0,49.0,20.0,3.0,100.0,8.93
1680.0,0.0,20.0,3.0,100.0,19.8
1681.0,0.5,20.0,3.0,100.0,26.88
1682.0,1.0,20.0,3.0,100.0,24.47
1683.0,2.0,20.0,3.0,100.0,11.74
1684.0,3.0,20.0,3.0,100.0,11.88
1685.0,5.0,20.0,3.0,100.0,10.24
1686.0,10.0,20.0,3.0,100.0,8.94
1687.0,20.0,20.0,3.0,100.0,8.8
1688.0,40.0,20.0,3.0,100.0,11.96
1689.0,49.0,20.0,3.0,100.0,9.52
1690.0,0.0,20.0,3.0,100.0,25.24
1691.0,0.5,20.0,3.0,100.0,13.53
1692.0,1.0,20.0,3.0,100.0,17.44
1693.0,2.0,20.0,3.0,100.0,8.79
1694.0,3.0,20.0,3.0,100.0,10.26
1695.0,5.0,20.0,3.0,100.0,8.67
1696.0,10.0,20.0,3.0,100.0,8.26
1697.0,20.0,20.0,3.0,100.0,12.11
1698.0,40.0,20.0,3.0,100.0,9.01
1699.0,49.0,20.0,3.0,100.0,9.05
1700.0,0.0,20.0,3.0,100.0,14.42
1701.0,0.5,20.0,3.0,100.0,25.65
1702.0,1.0,20.0,3.0,100.0,13.71
1703.0,2.0,20.0,3.0,100.0,9.75
1704.0,3.0,20.0,3.0,100.0,11.24
1705.0,5.0,20.0,3.0,100.0,8.08
1706.0,10.0,20.0,3.0,100.0,7.87
1707.0,20.0,20.0,3.0,100.0,11.53
1708.0,40.0,20.0,3.0,100.0,10.11
1709.0,49.0,20.0,3.0,100.0,14.54
1710.0,0.0,20.0,3.0,100.0,10.49
1711.0,0.5,20.0,3.0,100.0,17.89
1712.0,1.0,20.0,3.0,100.0,19.66
1713.0,2.0,20.0,3.0,100.0,14.01
1714.0,3.0,20.0,3.0,100.0,15.65
1715.0,5.0,20.0,3.0,100.0,8.46
1716.0,10.0,20.0,3.0,100.0,8.94
1717.0,20.0,20.0,3.0,100.0,8.84
1718.0,40.0,20.0,3.0,100.0,8.19
1719.0,49.0,20.0,3.0,100.0,9.55
1720.0,0.0,20.0,3.0,100.0,14.39
1721.0,0.5,20.0,3.0,100.0,25.49
1722.0,1.0,20.0,3.0,100.0,16.19
1723.0,2.0,20.0,3.0,100.0,9.46
1724.0,3.0,20.0,3.0,100.0,13.58
1725.0,5.0,20.0,3.0,100.0,10.47
1726.0,10.0,20.0,3.0,100.0,9.88
1727.0,20.0,20.0,3.0,100.0,7.45
1728.0,40.0,20.0,3.0,100.0,11.17
1729.0,49.0,20.0,3.0,100.0,9.5
1730.0,0.0,20.0,3.0,100.0,15.04
1731.0,0.5,20.0,3.0,100.0,11.87
1732.0,1.0,20.0,3.0,100.0,19.86
1733.0,2.0,20.0,3.0,100.0,24.75
1734.0,3.0,20.0,3.0,100.0,12.39
1735.0,5.0,20.0,3.0,100.0,8.33
1736.0,10.0,20.0,3.0,100.0,9.91
1737.0,20.0,20.0,3.0,100.0,13.08
1738.0,40.0,20.0,3.0,100.0,9.68
1739.0,49.0,20.0,3.0,100.0,11.24
1740.0,0.0,20.0,3.0,100.0,14.68
1741.0,0.5,20.0,3.0,100.0,18.04
1742.0,1.0,20.0,3.0,100.0,10.19
1743.0,2.0,20.0,3.0,100.0,9.35
1744.0,3.0,20.0,3.0,100.0,11.78
1745.0,5.0,20.0,3.0,100.0,8.36
1746.0,10.0,20.0,3.0,100.0,8.68
1747.0,20.0,20.0,3.0,100.0,12.23
1748.0,40.0,20.0,3.0,100.0,8.63
1749.0,49.0,20.0,3.0,100.0,9.9
1750.0,0.0,20.0,3.0,100.0,12.81
1751.0,0.5,20.0,3.0,100.0,13.05
1752.0,1.0,20.0,3.0,100.0,17.16
1753.0,2.0,20.0,3.0,100.0,11.38
1754.0,3.0,20.0,3.0,100.0,12.19
1755.0,5.0,20.0,3.0,100.0,11.77
1756.0,10.0,20.0,3.0,100.0,9.45
1757.0,20.0,20.0,3.0,100.0,12.35
1758.0,40.0,20.0,3.0,100.0,11.05
1759.0,49.0,20.0,3.0,100.0,9.63
1760.0,0.0,20.0,3.0,100.0,13.04
1761.0,0.5,20.0,3.0,100.0,23.96
1762.0,1.0,20.0,3.0,100.0,14.64
1763.0,2.0,20.0,3.0,100.0,12.46
1764.0,3.0,20.0,3.0,100.0,8.2
1765.0,5.0,20.0,3.0,100.0,21.29
1766.0,10.0,20.0,3.0,100.0,8.58
1767.0,20.0,20.0,3.0,100.0,11.22
1768.0,40.0,20.0,3.0,100.0,10.12
1769.0,49.0,20.0,3.0,100.0,13.11
1770.0,0.0,20.0,3.0,100.0,20.85
1771.0,0.5,20.0,3.0,100.0,15.8
1772.0,1.0,20.0,3.0,100.0,11.18
1773.0,2.0,20.0,3.0,100.0,18.65
1774.0,3.0,20.0,3.0,100.0,10.05
1775.0,5.0,20.0,3.0,100.0,8.74
1776.0,10.0,20.0,3.0,100.0,8.88
1777.0,20.0,20.0,3.0,100.0,9.07
1778.0,40.0,20.0,3.0,100.0,12.97
1779.0,49.0,20.0,3.0,100.0,10.23
1780.0,0.0,20.0,3.0,100.0,20.16
1781.0,0.5,20.0,3.0,100.0,11.79
1782.0,1.0,20.0,3.0,100.0,12.14
1783.0,2.0,20.0,3.0,100.0,12.51
1784.0,3.0,20.0,3.0,100.0,12.16
1785.0,5.0,20.0,3.0,100.0,9.48
1786.0,10.0,20.0,3.0,100.0,9.01
1787.0,20.0,20.0,3.0,100.0,10.08
1788.0,40.0,20.0,3.0,100.0,10.72
1789.0,49.0,20.0,3.0,100.0,12.6
1790.0,0.0,20.0,3.0,100.0,20.92
1791.0,0.5,20.0,3.0,100.0,11.29
1792.0,1.0,20.0,3.0,100.0,9.99
1793.0,2.0,20.0,3.0,100.0,16.83
1794.0,3.0,20.0,3.0,100.0,11.21
1795.0,5.0,20.0,3.0,100.0,9.76
1796.0,10.0,20.0,3.0,100.0,8.8
1797.0,20.0,20.0,3.0,100.0,8.26
1798.0,40.0,20.0,3.0,100.0,8.32
1799.0,49.0,20.0,3.0,100.0,8.97
1800.0,0.0,20.0,3.0,100.0,17.34
1801.0,0.5,20.0,3.0,100.0,11.04
1802.0,1.0,20.0,3.0,100.0,14.83
1803.0,2.0,20.0,3.0,100.0,11.48
1804.0,3.0,20.0,3.0,100.0,8.44
1805.0,5.0,20.0,3.0,100.0,11.15
1806.0,10.0,20.0,3.0,100.0,8.54
1807.0,20.0,20.0,3.0,100.0,10.76
1808.0,40.0,20.0,3.0,100.0,11.53
1809.0,49.0,20.0,3.0,100.0,9.58
1810.0,0.0,20.0,3.0,100.0,25.0
1811.0,0.5,20.0,3.0,100.0,15.46
1812.0,1.0,20.0,3.0,100.0,17.02
1813.0,2.0,20.0,3.0,100.0,10.91
1814.0,3.0,20.0,3.0,100.0,9.9
1815.0,5.0,20.0,3.0,100.0,9.12
1816.0,10.0,20.0,3.0,100.0,9.48
1817.0,20.0,20.0,3.0,100.0,9.56
1818.0,40.0,20.0,3.0,100.0,14.07
1819.0,49.0,20.0,3.0,100.0,9.1
1820.0,0.0,20.0,3.0,100.0,8.93
1821.0,0.5,20.0,3.0,100.0,17.75
1822.0,1.0,20.0,3.0,100.0,13.83
1823.0,2.0,20.0,3.0,100.0,9.31
1824.0,3.0,20.0,3.0,100.0,17.3
1825.0,5.0,20.0,3.0,100.0,8.66
1826.0,10.0,20.0,3.0,100.0,8.56
1827.0,20.0,20.0,3.0,100.0,11.7
1828.0,40.0,20.0,3.0,100.0,15.12
1829.0,49.0,20.0,3.0,100.0,9.84
1830.0,0.0,20.0,3.0,100.0,20.54
1831.0,0.5,20.0,3.0,100.0,11.22
1832.0,1.0,20.0,3.0,100.0,17.44
1833.0,2.0,20.0,3.0,100.0,16.17
1834.0,3.0,20.0,3.0,100.0,15.89
1835.0,5.0,20.0,3.0,100.0,9.08
1836.0,10.0,20.0,3.0,100.0,9.4
1837.0,20.0,20.0,3.0,100.0,11.38
1838.0,40.0,20.0,3.0,100.0,10.81
1839.0,49.0,20.0,3.0,100.0,9.27
1840.0,0.0,20.0,3.0,100.0,20.45
1841.0,0.5,20.0,3.0,100.0,24.4
1842.0,1.0,20.0,3.0,100.0,21.9
1843.0,2.0,20.0,3.0,100.0,17.77
1844.0,3.0,20.0,3.0,100.0,11.81
1845.0,5.0,20.0,3.0,100.0,7.91
1846.0,10.0,20.0,3.0,100.0,9.52
1847.0,20.0,20.0,3.0,100.0,11.34
1848.0,40.0,20.0,3.0,100.0,8.11
1849.0,49.0,20.0,3.0,100.0,10.64
1850.0,0.0,20.0,3.0,100.0,18.22
1851.0,0.5,20.0,3.0,100.0,9.75
1852.0,1.0,20.0,3.0,100.0,13.75
1853.0,2.0,20.0,3.0,100.0,9.31
1854.0,3.0,20.0,3.0,100.0,8.49
1855.0,5.0,20.0,3.0,100.0,8.48
1856.0,10.0,20.0,3.0,100.0,10.3
1857.0,20.0,20.0,3.0,100.0,10.75
1858.0,40.0,20.0,3.0,100.0,9.04
1859.0,49.0,20.0,3.0,100.0,9.06
1860.0,0.0,20.0,3.0,100.0,16.73
1861.0,0.5,20.0,3.0,100.0,14.35
1862.0,1.0,20.0,3.0,100.0,11.18
1863.0,2.0,20.0,3.0,100.0,18.4
1864.0,3.0,20.0,3.0,100.0,14.39
1865.0,5.0,20.0,3.0,100.0,11.05
1866.0,10.0,20.0,3.0,100.0,10.61
1867.0,20.0,20.0,3.0,100.0,9.27
1868.0,40.0,20.0,3.0,100.0,11.29
1869.0,49.0,20.0,3.0,100.0,11.86
1870.0,0.0,20.0,3.0,100.0,21.43
1871.0,0.5,20.0,3.0,100.0,10.63
1872.0,1.0,20.0,3.0,100.0,9.7
1873.0,2.0,20.0,3.0,100.0,9.1
1874.0,3.0,20.0,3.0,100.0,8.99
1875.0,5.0,20.0,3.0,100.0,11.51
1876.0,10.0,20.0,3.0,100.0,8.89
1877.0,20.0,20.0,3.0,100.0,10.76
1878.0,40.0,20.0,3.0,100.0,9.54
1879.0,49.0,20.0,3.0,100.0,8.62
1880.0,0.0,20.0,3.0,100.0,24.3
1881.0,0.5,20.0,3.0,100.0,17.83
1882.0,1.0,20.0,3.0,100.0,15.66
1883.0,2.0,20.0,3.0,100.0,10.81
1884.0,3.0,20.0,3.0,100.0,9.43
1885.0,5.0,20.0,3.0,100.0,9.46
1886.0,10.0,20.0,3.0,100.0,8.95
1887.0,20.0,20.0,3.0,100.0,8.95
1888.0,40.0,20.0,3.0,100.0,12.77
1889.0,49.0,20.0,3.0,100.0,9.94
1890.0,0.0,20.0,3.0,100.0,20.34
1891.0,0.5,20.0,3.0,100.0,12.37
1892.0,1.0,20.0,3.0,100.0,23.71
1893.0,2.0,20.0,3.0,100.0,13.16
1894.0,3.0,20.0,3.0,100.0,11.17
1895.0,5.0,20.0,3.0,100.0,8.08
1896.0,10.0,20.0,3.0,100.0,9.14
1897.0,20.0,20.0,3.0,100.0,9.81
1898.0,40.0,20.0,3.0,100.0,9.5
1899.0,49.0,20.0,3.0,100.0,13.58
1900.0,0.0,20.0,3.0,100.0,11.3
1901.0,0.5,20.0,3.0,100.0,16.16
1902.0,1.0,20.0,3.0,100.0,19.86
1903.0,2.0,20.0,3.0,100.0,13.63
1904.0,3.0,20.0,3.0,100.0,12.54
1905.0,5.0,20.0,3.0,100.0,9.56
1906.0,10.0,20.0,3.0,100.0,9.43
1907.0,20.0,20.0,3.0,100.0,9.36
1908.0,40.0,20.0,3.0,100.0,7.71
1909.0,49.0,20.0,3.0,100.0,10.49
1910.0,0.0,20.0,3.0,100.0,23.37
1911.0,0.5,20.0,3.0,100.0,25.05
1912.0,1.0,20.0,3.0,100.0,24.6
1913.0,2.0,20.0,3.0,100.0,9.43
1914.0,3.0,20.0,3.0,100.0,10.81
1915.0,5.0,20.0,3.0,100.0,10.57
1916.0,10.0,20.0,3.0,100.0,10.93
1917.0,20.0,20.0,3.0,100.0,7.79
1918.0,40.0,20.0,3.0,100.0,13.57
1919.0,49.0,20.0,3.0,100.0,10.52
1920.0,0.0,20.0,3.0,100.0,12.39
1921.0,0.5,20.0,3.0,100.0,15.95
1922.0,1.0,20.0,3.0,100.0,21.56
1923.0,2.0,20.0,3.0,100.0,10.77
1924.0,3.0,20.0,3.0,100.0,10.86
1925.0,5.0,20.0,3.0,100.0,10.31
1926.0,10.0,20.0,3.0,100.0,8.08
1927.0,20.0,20.0,3.0,100.0,7.76
1928.0,40.0,20.0,3.0,100.0,10.83
1929.0,49.0,20.0,3.0,100.0,9.59
1930.0,0.0,20.0,3.0,100.0,17.1
1931.0,0.5,20.0,3.0,100.0,22.94
1932.0,1.0,20.0,3.0,100.0,12.32
1933.0,2.0,20.0,3.0,100.0,9.82
1934.0,3.0,20.0,3.0,100.0,14.62
1935.0,5.0,20.0,3.0,100.0,12.73
1936.0,10.0,20.0,3.0,100.0,10.15
1937.0,20.0,20.0,3.0,100.0,10.73
1938.0,40.0,20.0,3.0,100.0,11.51
1939.0,49.0,20.0,3.0,100.0,15.15
1940.0,0.0,20.0,3.0,100.0,10.82
1941.0,0.5,20.0,3.0,100.0,10.04
1942.0,1.0,20.0,3.0,100.0,13.88
1943.0,2.0,20.0,3.0,100.0,15.05
1944.0,3.0,20.0,3.0,100.0,10.46
1945.0,5.0,20.0,3.0,100.0,9.11
1946.0,10.0,20.0,3.0,100.0,9.19
1947.0,20.0,20.0,3.0,100.0,10.15
1948.0,40.0,20.0,3.0,100.0,9.8
1949.0,49.0,20.0,3.0,100.0,10.27
1950.0,0.0,20.0,3.0,100.0,25.94
1951.0,0.5,20.0,3.0,100.0,15.18
1952.0,1.0,20.0,3.0,100.0,11.53
1953.0,2.0,20.0,3.0,100.0,12.44
1954.0,3.0,20.0,3.0,100.0,11.7
1955.0,5.0,20.0,3.0,100.0,11.01
1956.0,10.0,20.0,3.0,100.0,10.09
1957.0,20.0,20.0,3.0,100.0,8.21
1958.0,40.0,20.0,3.0,100.0,12.81
1959.0,49.0,20.0,3.0,100.0,16.52
1960.0,0.0,20.0,3.0,100.0,20.95
1961.0,0.5,20.0,3.0,100.0,22.62
1962.0,1.0,20.0,3.0,100.0,11.17
1963.0,2.0,20.0,3.0,100.0,13.0
1964.0,3.0,20.0,3.0,100.0,10.55
1965.0,5.0,20.0,3.0,100.0,9.23
1966.0,10.0,20.0,3.0,100.0,9.73
1967.0,20.0,20.0,3.0,100.0,11.6
1968.0,40.0,20.0,3.0,100.0,8.71
1969.0,49.0,20.0,3.0,100.0,10.37
1970.0,0.0,20.0,3.0,100.0,22.79
1971.0,0.5,20.0,3.0,100.0,23.39
1972.0,1.0,20.0,3.0,100.0,12.25
1973.0,2.0,20.0,3.0,100.0,8.7
1974.0,3.0,20.0,3.0,100.0,11.14
1975.0,5.0,20.0,3.0,100.0,8.97
1976.0,10.0,20.0,3.0,100.0,9.46
1977.0,20.0,20.0,3.0,100.0,9.0
1978.0,40.0,20.0,3.0,100.0,9.56
1979.0,49.0,20.0,3.0,100.0,12.79
1980.0,0.0,20.0,3.0,100.0,25.22
1981.0,0.5,20.0,3.0,100.0,19.47
1982.0,1.0,20.0,3.0,100.0,9.97
1983.0,2.0,20.0,3.0,100.0,10.56
1984.0,3.0,20.0,3.0,100.0,8.29
1985.0,5.0,20.0,3.0,100.0,11.67
1986.0,10.0,20.0,3.0,100.0,7.54
1987.0,20.0,20.0,3.0,100.0,10.96
1988.0,40.0,20.0,3.0,100.0,11.86
1989.0,49.0,20.0,3.0,100.0,11.19
1990.0,0.0,20.0,3.0,100.0,22.61
1991.0,0.5,20.0,3.0,100.0,13.22
1992.0,1.0,20.0,3.0,100.0,16.09
1993.0,2.0,20.0,3.0,100.0,9.0
1994.0,3.0,20.0,3.0,100.0,9.99
1995.0,5.0,20.0,3.0,100.0,10.49
1996.0,10.0,20.0,3.0,100.0,7.42
1997.0,20.0,20.0,3.0,100.0,8.92
1998.0,40.0,20.0,3.0,100.0,8.55
1999.0,49.0,20.0,3.0,100.0,12.48
2000.0,0.0,20.0,4.0,100.0,17.9
2001.0,0.5,20.0,4.0,100.0,17.14
2002.0,1.0,20.0,4.0,100.0,24.22
2003.0,2.0,20.0,4.0,100.0,17.25
2004.0,3.0,20.0,4.0,100.0,9.89
2005.0,5.0,20.0,4.0,100.0,8.14
2006.0,10.0,20.0,4.0,100.0,8.6
2007.0,20.0,20.0,4.0,100.0,9.97
2008.0,40.0,20.0,4.0,100.0,10.73
2009.0,49.0,20.0,4.0,100.0,18.12
2010.0,0.0,20.0,4.0,100.0,26.77
2011.0,0.5,20.0,4.0,100.0,26.14
2012.0,1.0,20.0,4.0,100.0,10.63
2013.0,2.0,20.0,4.0,100.0,11.35
2014.0,3.0,20.0,4.0,100.0,14.6
2015.0,5.0,20.0,4.0,100.0,7.91
2016.0,10.0,20.0,4.0,100.0,10.12
2017.0,20.0,20.0,4.0,100.0,12.79
2018.0,40.0,20.0,4.0,100.0,15.01
2019.0,49.0,20.0,4.0,100.0,9.01
2020.0,0.0,20.0,4.0,100.0,24.49
2021.0,0.5,20.0,4.0,100.0,18.36
2022.0,1.0,20.0,4.0,100.0,8.42
2023.0,2.0,20.0,4.0,100.0,17.37
2024.0,3.0,20.0,4.0,100.0,8.64
2025.0,5.0,20.0,4.0,100.0,8.28
2026.0,10.0,20.0,4.0,100.0,10.58
2027.0,20.0,20.0,4.0,100.0,9.34
2028.0,40.0,20.0,4.0,100.0,10.85
2029.0,49.0,20.0,4.0,100.0,17.55
2030.0,0.0,20.0,4.0,100.0,9.87
2031.0,0.5,20.0,4.0,100.0,17.36
2032.0,1.0,20.0,4.0,100.0,15.48
2033.0,2.0,20.0,4.0,100.0,11.18
2034.0,3.0,20.0,4.0,100.0,8.72
2035.0,5.0,20.0,4.0,100.0,10.32
2036.0,10.0,20.0,4.0,100.0,9.61
2037.0,20.0,20.0,4.0,100.0,9.19
2038.0,40.0,20.0,4.0,100.0,8.79
2039.0,49.0,20.0,4.0,100.0,14.51
2040.0,0.0,20.0,4.0,100.0,23.81
2041.0,0.5,20.0,4.0,100.0,23.42
2042.0,1.0,20.0,4.0,100.0,15.41
2043.0,2.0,20.0,4.0,100.0,9.19
2044.0,3.0,20.0,4.0,100.0,15.15
2045.0,5.0,20.0,4.0,100.0,9.16
2046.0,10.0,20.0,4.0,100.0,8.64
2047.0,20.0,20.0,4.0,100.0,9.27
2048.0,40.0,20.0,4.0,100.0,12.0
2049.0,49.0,20.0,4.0,100.0,10.93
2050.0,0.0,20.0,4.0,100.0,19.01
2051.0,0.5,20.0,4.0,100.0,24.19
2052.0,1.0,20.0,4.0,100.0,8.72
2053.0,2.0,20.0,4.0,100.0,10.7
2054.0,3.0,20.0,4.0,100.0,8.4
2055.0,5.0,20.0,4.0,100.0,8.36
2056.0,10.0,20.0,4.0,100.0,10.8
2057.0,20.0,20.0,4.0,100.0,11.19
2058.0,40.0,20.0,4.0,100.0,8.22
2059.0,49.0,20.0,4.0,100.0,16.0
2060.0,0.0,20.0,4.0,100.0,24.54
2061.0,0.5,20.0,4.0,100.0,19.21
2062.0,1.0,20.0,4.0,100.0,13.49
2063.0,2.0,20.0,4.0,100.0,11.61
2064.0,3.0,20.0,4.0,100.0,13.74
2065.0,5.0,20.0,4.0,100.0,11.89
2066.0,10.0,20.0,4.0,100.0,8.67
2067.0,20.0,20.0,4.0,100.0,11.27
2068.0,40.0,20.0,4.0,100.0,10.89
2069.0,49.0,20.0,4.0,100.0,18.52
2070.0,0.0,20.0,4.0,100.0,20.92
2071.0,0.5,20.0,4.0,100.0,24.62
2072.0,1.0,20.0,4.0,100.0,16.71
2073.0,2.0,20.0,4.0,100.0,22.58
2074.0,3.0,20.0,4.0,100.0,12.1
2075.0,5.0,20.0,4.0,100.0,7.98
2076.0,10.0,20.0,4.0,100.0,7.53
2077.0,20.0,20.0,4.0,100.0,9.09
2078.0,40.0,20.0,4.0,100.0,8.1
2079.0,49.0,20.0,4.0,100.0,10.79
2080.0,0.0,20.0,4.0,100.0,23.87
2081.0,0.5,20.0,4.0,100.0,12.49
2082.0,1.0,20.0,4.0,100.0,16.01
2083.0,2.0,20.0,4.0,100.0,11.26
2084.0,3.0,20.0,4.0,100.0,14.74
2085.0,5.0,20.0,4.0,100.0,13.65
2086.0,10.0,20.0,4.0,100.0,8.57
2087.0,20.0,20.0,4.0,100.0,10.58
2088.0,40.0,20.0,4.0,100.0,13.85
2089.0,49.0,20.0,4.0,100.0,12.57
2090.0,0.0,20.0,4.0,100.0,14.83
2091.0,0.5,20.0,4.0,100.0,18.61
2092.0,1.0,20.0,4.0,100.0,23.98
2093.0,2.0,20.0,4.0,100.0,20.66
2094.0,3.0,20.0,4.0,100.0,14.02
2095.0,5.0,20.0,4.0,100.0,9.35
2096.0,10.0,20.0,4.0,100.0,8.13
2097.0,20.0,20.0,4.0,100.0,11.28
2098.0,40.0,20.0,4.0,100.0,10.76
2099.0,49.0,20.0,4.0,100.0,13.21
2100.0,0.0,20.0,4.0,100.0,18.45
2101.0,0.5,20.0,4.0,100.0,11.96
2102.0,1.0,20.0,4.0,100.0,23.53
2103.0,2.0,20.0,4.0,100.0,12.45
2104.0,3.0,20.0,4.0,100.0,14.98
2105.0,5.0,20.0,4.0,100.0,8.58
2106.0,10.0,20.0,4.0,100.0,10.31
2107.0,20.0,20.0,4.0,100.0,8.89
2108.0,40.0,20.0,4.0,100.0,11.59
2109.0,49.0,20.0,4.0,100.0,13.43
2110.0,0.0,20.0,4.0,100.0,15.0
2111.0,0.5,20.0,4.0,100.0,16.54
2112.0,1.0,20.0,4.0,100.0,18.22
2113.0,2.0,20.0,4.0,100.0,11.95
2114.0,3.0,20.0,4.0,100.0,10.03
2115.0,5.0,20.0,4.0,100.0,11.25
2116.0,10.0,20.0,4.0,100.0,9.73
2117.0,20.0,20.0,4.0,100.0,9.97
2118.0,40.0,20.0,4.0,100.0,14.42
2119.0,49.0,20.0,4.0,100.0,16.04
2120.0,0.0,20.0,4.0,100.0,25.92
2121.0,0.5,20.0,4.0,100.0,11.37
2122.0,1.0,20.0,4.0,100.0,8.84
2123.0,2.0,20.0,4.0,100.0,10.36
2124.0,3.0,20.0,4.0,100.0,10.2
2125.0,5.0,20.0,4.0,100.0,9.99
2126.0,10.0,20.0,4.0,100.0,8.61
2127.0,20.0,20.0,4.0,100.0,11.87
2128.0,40.0,20.0,4.0,100.0,14.29
2129.0,49.0,20.0,4.0,100.0,11.39
2130.0,0.0,20.0,4.0,100.0,23.32
2131.0,0.5,20.0,4.0,100.0,19.88
2132.0,1.0,20.0,4.0,100.0,15.65
2133.0,2.0,20.0,4.0,100.0,13.23
2134.0,3.0,20.0,4.0,100.0,9.99
2135.0,5.0,20.0,4.0,100.0,7.83
2136.0,10.0,20.0,4.0,100.0,11.4
2137.0,20.0,20.0,4.0,100.0,8.53
2138.0,40.0,20.0,4.0,100.0,10.31
2139.0,49.0,20.0,4.0,100.0,10.99
2140.0,0.0,20.0,4.0,100.0,29.29
2141.0,0.5,20.0,4.0,100.0,11.05
2142.0,1.0,20.0,4.0,100.0,13.61
2143.0,2.0,20.0,4.0,100.0,11.29
2144.0,3.0,20.0,4.0,100.0,9.5
2145.0,5.0,20.0,4.0,100.0,8.55
2146.0,10.0,20.0,4.0,100.0,8.73
2147.0,20.0,20.0,4.0,100.0,9.89
2148.0,40.0,20.0,4.0,100.0,13.91
2149.0,49.0,20.0,4.0,100.0,9.86
2150.0,0.0,20.0,4.0,100.0,14.3
2151.0,0.5,20.0,4.0,100.0,18.59
2152.0,1.0,20.0,4.0,100.0,13.1
2153.0,2.0,20.0,4.0,100.0,9.35
2154.0,3.0,20.0,4.0,100.0,12.99
2155.0,5.0,20.0,4.0,100.0,9.57
2156.0,10.0,20.0,4.0,100.0,10.0
2157.0,20.0,20.0,4.0,100.0,14.78
2158.0,40.0,20.0,4.0,100.0,17.06
2159.0,49.0,20.0,4.0,100.0,14.27
2160.0,0.0,20.0,4.0,100.0,13.59
2161.0,0.5,20.0,4.0,100.0,17.06
2162.0,1.0,20.0,4.0,100.0,19.46
2163.0,2.0,20.0,4.0,100.0,9.02
2164.0,3.0,20.0,4.0,100.0,10.97
2165.0,5.0,20.0,4.0,100.0,10.63
2166.0,10.0,20.0,4.0,100.0,11.25
2167.0,20.0,20.0,4.0,100.0,10.54
2168.0,40.0,20.0,4.0,100.0,8.31
2169.0,49.0,20.0,4.0,100.0,12.48
2170.0,0.0,20.0,4.0,100.0,15.49
2171.0,0.5,20.0,4.0,100.0,14.79
2172.0,1.0,20.0,4.0,100.0,14.9
2173.0,2.0,20.0,4.0,100.0,9.0
2174.0,3.0,20.0,4.0,100.0,9.2
2175.0,5.0,20.0,4.0,100.0,12.32
2176.0,10.0,20.0,4.0,100.0,8.01
2177.0,20.0,20.0,4.0,100.0,8.07
2178.0,40.0,20.0,4.0,100.0,8.89
2179.0,49.0,20.0,4.0,100.0,9.19
2180.0,0.0,20.0,4.0,100.0,18.32
2181.0,0.5,20.0,4.0,100.0,15.06
2182.0,1.0,20.0,4.0,100.0,11.97
2183.0,2.0,20.0,4.0,100.0,25.77
2184.0,3.0,20.0,4.0,100.0,8.95
2185.0,5.0,20.0,4.0,100.0,14.86
2186.0,10.0,20.0,4.0,100.0,11.51
2187.0,20.0,20.0,4.0,100.0,8.2
2188.0,40.0,20.0,4.0,100.0,13.81
2189.0,49.0,20.0,4.0,100.0,11.0
2190.0,0.0,20.0,4.0,100.0,21.54
2191.0,0.5,20.0,4.0,100.0,10.66
2192.0,1.0,20.0,4.0,100.0,12.4
2193.0,2.0,20.0,4.0,100.0,9.47
2194.0,3.0,20.0,4.0,100.0,10.25
2195.0,5.0,20.0,4.0,100.0,11.21
2196.0,10.0,20.0,4.0,100.0,7.85
2197.0,20.0,20.0,4.0,100.0,8.94
2198.0,40.0,20.0,4.0,100.0,12.24
2199.0,49.0,20.0,4.0,100.0,8.39
2200.0,0.0,20.0,4.0,100.0,23.09
2201.0,0.5,20.0,4.0,100.0,9.49
2202.0,1.0,20.0,4.0,100.0,13.32
2203.0,2.0,20.0,4.0,100.0,12.1
2204.0,3.0,20.0,4.0,100.0,12.08
2205.0,5.0,20.0,4.0,100.0,8.72
2206.0,10.0,20.0,4.0,100.0,9.53
2207.0,20.0,20.0,4.0,100.0,9.74
2208.0,40.0,20.0,4.0,100.0,10.28
2209.0,49.0,20.0,4.0,100.0,8.63
2210.0,0.0,20.0,4.0,100.0,21.64
2211.0,0.5,20.0,4.0,100.0,19.34
2212.0,1.0,20.0,4.0,100.0,12.85
2213.0,2.0,20.0,4.0,100.0,15.58
2214.0,3.0,20.0,4.0,100.0,9.21
2215.0,5.0,20.0,4.0,100.0,8.34
2216.0,10.0,20.0,4.0,100.0,11.19
2217.0,20.0,20.0,4.0,100.0,9.75
2218.0,40.0,20.0,4.0,100.0,10.75
2219.0,49.0,20.0,4.0,100.0,15.2
2220.0,0.0,20.0,4.0,100.0,22.51
2221.0,0.5,20.0,4.0,100.0,15.6
2222.0,1.0,20.0,4.0,100.0,10.17
2223.0,2.0,20.0,4.0,100.0,16.46
2224.0,3.0,20.0,4.0,100.0,8.44
2225.0,5.0,20.0,4.0,100.0,8.4
2226.0,10.0,20.0,4.0,100.0,11.43
2227.0,20.0,20.0,4.0,100.0,7.99
2228.0,40.0,20.0,4.0,100.0,15.24
2229.0,49.0,20.0,4.0,100.0,14.52
2230.0,0.0,20.0,4.0,100.0,20.61
2231.0,0.5,20.0,4.0,100.0,25.01
2232.0,1.0,20.0,4.0,100.0,11.01
2233.0,2.0,20.0,4.0,100.0,16.12
2234.0,3.0,20.0,4.0,100.0,10.59
2235.0,5.0,20.0,4.0,100.0,15.67
2236.0,10.0,20.0,4.0,100.0,10.25
2237.0,20.0,20.0,4.0,100.0,10.34
2238.0,40.0,20.0,4.0,100.0,15.89
2239.0,49.0,20.0,4.0,100.0,11.08
2240.0,0.0,20.0,4.0,100.0,23.88
2241.0,0.5,20.0,4.0,100.0,18.66
2242.0,1.0,20.0,4.0,100.0,11.95
2243.0,2.0,20.0,4.0,100.0,20.41
2244.0,3.0,20.0,4.0,100.0,12.71
2245.0,5.0,20.0,4.0,100.0,11.04
2246.0,10.0,20.0,4.0,100.0,11.31
2247.0,20.0,20.0,4.0,100.0,9.51
2248.0,40.0,20.0,4.0,100.0,12.21
2249.0,49.0,20.0,4.0,100.0,17.31
2250.0,0.0,20.0,4.0,100.0,18.49
2251.0,0.5,20.0,4.0,100.0,25.1
2252.0,1.0,20.0,4.0,100.0,11.93
2253.0,2.0,20.0,4.0,100.0,16.99
2254.0,3.0,20.0,4.0,100.0,12.09
2255.0,5.0,20.0,4.0,100.0,8.77
2256.0,10.0,20.0,4.0,100.0,10.07
2257.0,20.0,20.0,4.0,100.0,9.29
2258.0,40.0,20.0,4.0,100.0,16.89
2259.0,49.0,20.0,4.0,100.0,10.72
2260.0,0.0,20.0,4.0,100.0,16.31
2261.0,0.5,20.0,4.0,100.0,25.13
2262.0,1.0,20.0,4.0,100.0,14.97
2263.0,2.0,20.0,4.0,100.0,9.77
2264.0,3.0,20.0,4.0,100.0,9.32
2265.0,5.0,20.0,4.0,100.0,9.43
2266.0,10.0,20.0,4.0,100.0,8.82
2267.0,20.0,20.0,4.0,100.0,9.72
2268.0,40.0,20.0,4.0,100.0,9.05
2269.0,49.0,20.0,4.0,100.0,13.27
2270.0,0.0,20.0,4.0,100.0,22.1
2271.0,0.5,20.0,4.0,100.0,19.14
2272.0,1.0,20.0,4.0,100.0,10.22
2273.0,2.0,20.0,4.0,100.0,8.51
2274.0,3.0,20.0,4.0,100.0,11.44
2275.0,5.0,20.0,4.0,100.0,12.97
2276.0,10.0,20.0,4.0,100.0,11.57
2277.0,20.0,20.0,4.0,100.0,10.99
2278.0,40.0,20.0,4.0,100.0,14.84
2279.0,49.0,20.0,4.0,100.0,14.78
2280.0,0.0,20.0,4.0,100.0,24.14
2281.0,0.5,20.0,4.0,100.0,14.85
2282.0,1.0,20.0,4.0,100.0,17.22
2283.0,2.0,20.0,4.0,100.0,10.17
2284.0,3.0,20.0,4.0,100.0,10.99
2285.0,5.0,20.0,4.0,100.0,13.16
2286.0,10.0,20.0,4.0,100.0,9.65
2287.0,20.0,20.0,4.0,100.0,9.5
2288.0,40.0,20.0,4.0,100.0,11.64
2289.0,49.0,20.0,4.0,100.0,12.78
2290.0,0.0,20.0,4.0,100.0,23.84
2291.0,0.5,20.0,4.0,100.0,15.89
2292.0,1.0,20.0,4.0,100.0,17.15
2293.0,2.0,20.0,4.0,100.0,14.42
2294.0,3.0,20.0,4.0,100.0,10.26
2295.0,5.0,20.0,4.0,100.0,8.05
2296.0,10.0,20.0,4.0,100.0,10.32
2297.0,20.0,20.0,4.0,100.0,11.45
2298.0,40.0,20.0,4.0,100.0,10.38
2299.0,49.0,20.0,4.0,100.0,11.66
2300.0,0.0,20.0,4.0,100.0,17.72
2301.0,0.5,20.0,4.0,100.0,12.45
2302.0,1.0,20.0,4.0,100.0,20.01
2303.0,2.0,20.0,4.0,100.0,11.01
2304.0,3.0,20.0,4.0,100.0,18.97
2305.0,5.0,20.0,4.0,100.0,9.76
2306.0,10.0,20.0,4.0,100.0,11.06
2307.0,20.0,20.0,4.0,100.0,11.75
2308.0,40.0,20.0,4.0,100.0,11.61
2309.0,49.0,20.0,4.0,100.0,13.2
2310.0,0.0,20.0,4.0,100.0,16.41
2311.0,0.5,20.0,4.0,100.0,12.56
2312.0,1.0,20.0,4.0,100.0,21.52
2313.0,2.0,20.0,4.0,100.0,12.22
2314.0,3.0,20.0,4.0,100.0,10.13
2315.0,5.0,20.0,4.0,100.0,8.56
2316.0,10.0,20.0,4.0,100.0,8.7
2317.0,20.0,20.0,4.0,100.0,11.02
2318.0,40.0,20.0,4.0,100.0,9.42
2319.0,49.0,20.0,4.0,100.0,13.9
2320.0,0.0,20.0,4.0,100.0,16.13
2321.0,0.5,20.0,4.0,100.0,21.19
2322.0,1.0,20.0,4.0,100.0,10.56
2323.0,2.0,20.0,4.0,100.0,10.72
2324.0,3.0,20.0,4.0,100.0,9.35
2325.0,5.0,20.0,4.0,100.0,8.39
2326.0,10.0,20.0,4.0,100.0,9.04
2327.0,20.0,20.0,4.0,100.0,9.63
2328.0,40.0,20.0,4.0,100.0,11.4
2329.0,49.0,20.0,4.0,100.0,10.88
2330.0,0.0,20.0,4.0,100.0,16.46
2331.0,0.5,20.0,4.0,100.0,18.58
2332.0,1.0,20.0,4.0,100.0,15.34
2333.0,2.0,20.0,4.0,100.0,11.28
2334.0,3.0,20.0,4.0,100.0,10.69
2335.0,5.0,20.0,4.0,100.0,9.74
2336.0,10.0,20.0,4.0,100.0,10.87
2337.0,20.0,20.0,4.0,100.0,12.75
2338.0,40.0,20.0,4.0,100.0,7.95
2339.0,49.0,20.0,4.0,100.0,11.46
2340.0,0.0,20.0,4.0,100.0,21.11
2341.0,0.5,20.0,4.0,100.0,19.0
2342.0,1.0,20.0,4.0,100.0,10.3
2343.0,2.0,20.0,4.0,100.0,13.28
2344.0,3.0,20.0,4.0,100.0,7.68
2345.0,5.0,20.0,4.0,100.0,9.42
2346.0,10.0,20.0,4.0,100.0,9.96
2347.0,20.0,20.0,4.0,100.0,12.8
2348.0,40.0,20.0,4.0,100.0,11.91
2349.0,49.0,20.0,4.0,100.0,8.42
2350.0,0.0,20.0,4.0,100.0,16.49
2351.0,0.5,20.0,4.0,100.0,15.79
2352.0,1.0,20.0,4.0,100.0,9.83
2353.0,2.0,20.0,4.0,100.0,8.03
2354.0,3.0,20.0,4.0,100.0,13.56
2355.0,5.0,20.0,4.0,100.0,9.74
2356.0,10.0,20.0,4.0,100.0,8.75
2357.0,20.0,20.0,4.0,100.0,8.37
2358.0,40.0,20.0,4.0,100.0,8.67
2359.0,49.0,20.0,4.0,100.0,10.33
2360.0,0.0,20.0,4.0,100.0,7.99
2361.0,0.5,20.0,4.0,100.0,24.03
2362.0,1.0,20.0,4.0,100.0,11.63
2363.0,2.0,20.0,4.0,100.0,13.66
2364.0,3.0,20.0,4.0,100.0,11.3
2365.0,5.0,20.0,4.0,100.0,13.03
2366.0,10.0,20.0,4.0,100.0,8.63
2367.0,20.0,20.0,4.0,100.0,10.56
2368.0,40.0,20.0,4.0,100.0,12.47
2369.0,49.0,20.0,4.0,100.0,17.12
2370.0,0.0,20.0,4.0,100.0,13.35
2371.0,0.5,20.0,4.0,100.0,11.74
2372.0,1.0,20.0,4.0,100.0,10.97
2373.0,2.0,20.0,4.0,100.0,10.78
2374.0,3.0,20.0,4.0,100.0,8.96
2375.0,5.0,20.0,4.0,100.0,12.49
2376.0,10.0,20.0,4.0,100.0,8.36
2377.0,20.0,20.0,4.0,100.0,10.48
2378.0,40.0,20.0,4.0,100.0,9.38
2379.0,49.0,20.0,4.0,100.0,14.67
2380.0,0.0,20.0,4.0,100.0,19.99
2381.0,0.5,20.0,4.0,100.0,14.68
2382.0,1.0,20.0,4.0,100.0,8.93
2383.0,2.0,20.0,4.0,100.0,21.63
2384.0,3.0,20.0,4.0,100.0,9.89
2385.0,5.0,20.0,4.0,100.0,12.84
2386.0,10.0,20.0,4.0,100.0,15.23
2387.0,20.0,20.0,4.0,100.0,13.01
2388.0,40.0,20.0,4.0,100.0,8.86
2389.0,49.0,20.0,4.0,100.0,10.62
2390.0,0.0,20.0,4.0,100.0,13.17
2391.0,0.5,20.0,4.0,100.0,26.35
2392.0,1.0,20.0,4.0,100.0,14.29
2393.0,2.0,20.0,4.0,100.0,10.02
2394.0,3.0,20.0,4.0,100.0,21.95
2395.0,5.0,20.0,4.0,100.0,8.98
2396.0,10.0,20.0,4.0,100.0,8.97
2397.0,20.0,20.0,4.0,100.0,13.11
2398.0,40.0,20.0,4.0,100.0,13.3
2399.0,49.0,20.0,4.0,100.0,8.41
2400.0,0.0,20.0,4.0,100.0,24.61
2401.0,0.5,20.0,4.0,100.0,16.88
2402.0,1.0,20.0,4.0,100.0,11.22
2403.0,2.0,20.0,4.0,100.0,9.14
2404.0,3.0,20.0,4.0,100.0,14.39
2405.0,5.0,20.0,4.0,100.0,9.41
2406.0,10.0,20.0,4.0,100.0,10.99
2407.0,20.0,20.0,4.0,100.0,9.92
2408.0,40.0,20.0,4.0,100.0,9.23
2409.0,49.0,20.0,4.0,100.0,10.98
2410.0,0.0,20.0,4.0,100.0,14.46
2411.0,0.5,20.0,4.0,100.0,16.11
2412.0,1.0,20.0,4.0,100.0,10.59
2413.0,2.0,20.0,4.0,100.0,9.46
2414.0,3.0,20.0,4.0,100.0,8.64
2415.0,5.0,20.0,4.0,100.0,11.22
2416.0,10.0,20.0,4.0,100.0,10.93
2417.0,20.0,20.0,4.0,100.0,10.93
2418.0,40.0,20.0,4.0,100.0,11.11
2419.0,49.0,20.0,4.0,100.0,13.37
2420.0,0.0,20.0,4.0,100.0,17.7
2421.0,0.5,20.0,4.0,100.0,10.99
2422.0,1.0,20.0,4.0,100.0,9.31
2423.0,2.0,20.0,4.0,100.0,9.38
2424.0,3.0,20.0,4.0,100.0,9.74
2425.0,5.0,20.0,4.0,100.0,9.56
2426.0,10.0,20.0,4.0,100.0,8.99
2427.0,20.0,20.0,4.0,100.0,9.22
2428.0,40.0,20.0,4.0,100.0,10.51
2429.0,49.0,20.0,4.0,100.0,10.27
2430.0,0.0,20.0,4.0,100.0,25.06
2431.0,0.5,20.0,4.0,100.0,14.03
2432.0,1.0,20.0,4.0,100.0,11.46
2433.0,2.0,20.0,4.0,100.0,8.43
2434.0,3.0,20.0,4.0,100.0,9.62
2435.0,5.0,20.0,4.0,100.0,9.52
2436.0,10.0,20.0,4.0,100.0,7.89
2437.0,20.0,20.0,4.0,100.0,10.87
2438.0,40.0,20.0,4.0,100.0,12.62
2439.0,49.0,20.0,4.0,100.0,12.03
2440.0,0.0,20.0,4.0,100.0,24.52
2441.0,0.5,20.0,4.0,100.0,23.85
2442.0,1.0,20.0,4.0,100.0,13.2
2443.0,2.0,20.0,4.0,100.0,20.25
2444.0,3.0,20.0,4.0,100.0,9.81
2445.0,5.0,20.0,4.0,100.0,9.54
2446.0,10.0,20.0,4.0,100.0,12.07
2447.0,20.0,20.0,4.0,100.0,13.47
2448.0,40.0,20.0,4.0,100.0,9.3
2449.0,49.0,20.0,4.0,100.0,9.87
2450.0,0.0,20.0,4.0,100.0,15.05
2451.0,0.5,20.0,4.0,100.0,12.38
2452.0,1.0,20.0,4.0,100.0,13.3
2453.0,2.0,20.0,4.0,100.0,14.46
2454.0,3.0,20.0,4.0,100.0,10.66
2455.0,5.0,20.0,4.0,100.0,17.05
2456.0,10.0,20.0,4.0,100.0,11.78
2457.0,20.0,20.0,4.0,100.0,8.1
2458.0,40.0,20.0,4.0,100.0,9.98
2459.0,49.0,20.0,4.0,100.0,11.08
2460.0,0.0,20.0,4.0,100.0,24.66
2461.0,0.5,20.0,4.0,100.0,11.87
2462.0,1.0,20.0,4.0,100.0,9.67
2463.0,2.0,20.0,4.0,100.0,13.35
2464.0,3.0,20.0,4.0,100.0,10.19
2465.0,5.0,20.0,4.0,100.0,10.28
2466.0,10.0,20.0,4.0,100.0,9.86
2467.0,20.0,20.0,4.0,100.0,9.14
2468.0,40.0,20.0,4.0,100.0,9.59
2469.0,49.0,20.0,4.0,100.0,10.3
2470.0,0.0,20.0,4.0,100.0,18.32
2471.0,0.5,20.0,4.0,100.0,20.09
2472.0,1.0,20.0,4.0,100.0,14.63
2473.0,2.0,20.0,4.0,100.0,12.53
2474.0,3.0,20.0,4.0,100.0,11.68
2475.0,5.0,20.0,4.0,100.0,13.89
2476.0,10.0,20.0,4.0,100.0,9.53
2477.0,20.0,20.0,4.0,100.0,11.08
2478.0,40.0,20.0,4.0,100.0,13.81
2479.0,49.0,20.0,4.0,100.0,10.88
2480.0,0.0,20.0,4.0,100.0,13.34
2481.0,0.5,20.0,4.0,100.0,23.52
2482.0,1.0,20.0,4.0,100.0,22.16
2483.0,2.0,20.0,4.0,100.0,14.95
2484.0,3.0,20.0,4.0,100.0,13.94
2485.0,5.0,20.0,4.0,100.0,10.21
2486.0,10.0,20.0,4.0,100.0,9.5
2487.0,20.0,20.0,4.0,100.0,10.72
2488.0,40.0,20.0,4.0,100.0,9.58
2489.0,49.0,20.0,4.0,100.0,16.99
2490.0,0.0,20.0,4.0,100.0,16.83
2491.0,0.5,20.0,4.0,100.0,21.37
2492.0,1.0,20.0,4.0,100.0,11.06
2493.0,2.0,20.0,4.0,100.0,8.36
2494.0,3.0,20.0,4.0,100.0,10.23
2495.0,5.0,20.0,4.0,100.0,10.31
2496.0,10.0,20.0,4.0,100.0,10.23
2497.0,20.0,20.0,4.0,100.0,10.88
2498.0,40.0,20.0,4.0,100.0,10.46
2499.0,49.0,20.0,4.0,100.0,12.73
2500.0,0.0,20.0,5.0,100.0,27.08
2501.0,0.5,20.0,5.0,100.0,16.73
2502.0,1.0,20.0,5.0,100.0,19.45
2503.0,2.0,20.0,5.0,100.0,8.45
2504.0,3.0,20.0,5.0,100.0,10.66
2505.0,5.0,20.0,5.0,100.0,10.35
2506.0,10.0,20.0,5.0,100.0,10.15
2507.0,20.0,20.0,5.0,100.0,11.93
2508.0,40.0,20.0,5.0,100.0,9.9
2509.0,49.0,20.0,5.0,100.0,14.57
2510.0,0.0,20.0,5.0,100.0,20.71
2511.0,0.5,20.0,5.0,100.0,11.06
2512.0,1.0,20.0,5.0,100.0,8.14
2513.0,2.0,20.0,5.0,100.0,10.1
2514.0,3.0,20.0,5.0,100.0,10.06
2515.0,5.0,20.0,5.0,100.0,9.13
2516.0,10.0,20.0,5.0,100.0,9.88
2517.0,20.0,20.0,5.0,100.0,12.16
2518.0,40.0,20.0,5.0,100.0,10.35
2519.0,49.0,20.0,5.0,100.0,9.56
2520.0,0.0,20.0,5.0,100.0,22.19
2521.0,0.5,20.0,5.0,100.0,12.39
2522.0,1.0,20.0,5.0,100.0,12.61
2523.0,2.0,20.0,5.0,100.0,8.33
2524.0,3.0,20.0,5.0,100.0,9.94
2525.0,5.0,20.0,5.0,100.0,9.92
2526.0,10.0,20.0,5.0,100.0,11.58
2527.0,20.0,20.0,5.0,100.0,12.02
2528.0,40.0,20.0,5.0,100.0,9.05
2529.0,49.0,20.0,5.0,100.0,12.04
2530.0,0.0,20.0,5.0,100.0,25.89
2531.0,0.5,20.0,5.0,100.0,14.07
2532.0,1.0,20.0,5.0,100.0,12.21
2533.0,2.0,20.0,5.0,100.0,9.15
2534.0,3.0,20.0,5.0,100.0,21.07
2535.0,5.0,20.0,5.0,100.0,14.33
2536.0,10.0,20.0,5.0,100.0,9.28
2537.0,20.0,20.0,5.0,100.0,10.88
2538.0,40.0,20.0,5.0,100.0,14.35
2539.0,49.0,20.0,5.0,100.0,14.36
2540.0,0.0,20.0,5.0,100.0,14.79
2541.0,0.5,20.0,5.0,100.0,11.56
2542.0,1.0,20.0,5.0,100.0,13.36
2543.0,2.0,20.0,5.0,100.0,14.85
2544.0,3.0,20.0,5.0,100.0,10.69
2545.0,5.0,20.0,5.0,100.0,13.09
2546.0,10.0,20.0,5.0,100.0,7.73
2547.0,20.0,20.0,5.0,100.0,12.94
2548.0,40.0,20.0,5.0,100.0,7.76
2549.0,49.0,20.0,5.0,100.0,18.03
2550.0,0.0,20.0,5.0,100.0,21.33
2551.0,0.5,20.0,5.0,100.0,21.77
2552.0,1.0,20.0,5.0,100.0,11.76
2553.0,2.0,20.0,5.0,100.0,24.64
2554.0,3.0,20.0,5.0,100.0,9.7
2555.0,5.0,20.0,5.0,100.0,8.79
2556.0,10.0,20.0,5.0,100.0,9.51
2557.0,20.0,20.0,5.0,100.0,10.7
2558.0,40.0,20.0,5.0,100.0,11.63
2559.0,49.0,20.0,5.0,100.0,14.77
2560.0,0.0,20.0,5.0,100.0,21.98
2561.0,0.5,20.0,5.0,100.0,18.23
2562.0,1.0,20.0,5.0,100.0,17.94
2563.0,2.0,20.0,5.0,100.0,13.31
2564.0,3.0,20.0,5.0,100.0,11.79
2565.0,5.0,20.0,5.0,100.0,8.72
2566.0,10.0,20.0,5.0,100.0,11.38
2567.0,20.0,20.0,5.0,100.0,9.3
2568.0,40.0,20.0,5.0,100.0,9.7
2569.0,49.0,20.0,5.0,100.0,12.81
2570.0,0.0,20.0,5.0,100.0,18.83
2571.0,0.5,20.0,5.0,100.0,10.57
2572.0,1.0,20.0,5.0,100.0,9.74
2573.0,2.0,20.0,5.0,100.0,11.04
2574.0,3.0,20.0,5.0,100.0,10.75
2575.0,5.0,20.0,5.0,100.0,9.69
2576.0,10.0,20.0,5.0,100.0,10.74
2577.0,20.0,20.0,5.0,100.0,12.21
2578.0,40.0,20.0,5.0,100.0,14.13
2579.0,49.0,20.0,5.0,100.0,9.57
2580.0,0.0,20.0,5.0,100.0,18.06
2581.0,0.5,20.0,5.0,100.0,14.22
2582.0,1.0,20.0,5.0,100.0,13.29
2583.0,2.0,20.0,5.0,100.0,11.73
2584.0,3.0,20.0,5.0,100.0,8.29
2585.0,5.0,20.0,5.0,100.0,10.26
2586.0,10.0,20.0,5.0,100.0,16.06
2587.0,20.0,20.0,5.0,100.0,9.57
2588.0,40.0,20.0,5.0,100.0,13.93
2589.0,49.0,20.0,5.0,100.0,11.61
2590.0,0.0,20.0,5.0,100.0,11.09
2591.0,0.5,20.0,5.0,100.0,11.93
2592.0,1.0,20.0,5.0,100.0,21.62
2593.0,2.0,20.0,5.0,100.0,12.48
2594.0,3.0,20.0,5.0,100.0,12.26
2595.0,5.0,20.0,5.0,100.0,10.94
2596.0,10.0,20.0,5.0,100.0,10.26
2597.0,20.0,20.0,5.0,100.0,9.31
2598.0,40.0,20.0,5.0,100.0,11.76
2599.0,49.0,20.0,5.0,100.0,10.27
2600.0,0.0,20.0,5.0,100.0,26.02
2601.0,0.5,20.0,5.0,100.0,9.77
2602.0,1.0,20.0,5.0,100.0,24.9
2603.0,2.0,20.0,5.0,100.0,23.86
2604.0,3.0,20.0,5.0,100.0,14.31
2605.0,5.0,20.0,5.0,100.0,8.91
2606.0,10.0,20.0,5.0,100.0,8.27
2607.0,20.0,20.0,5.0,100.0,9.21
2608.0,40.0,20.0,5.0,100.0,12.99
2609.0,49.0,20.0,5.0,100.0,14.29
2610.0,0.0,20.0,5.0,100.0,14.96
2611.0,0.5,20.0,5.0,100.0,17.45
2612.0,1.0,20.0,5.0,100.0,17.66
2613.0,2.0,20.0,5.0,100.0,10.41
2614.0,3.0,20.0,5.0,100.0,9.21
2615.0,5.0,20.0,5.0,100.0,9.46
2616.0,10.0,20.0,5.0,100.0,8.24
2617.0,20.0,20.0,5.0,100.0,9.47
2618.0,40.0,20.0,5.0,100.0,13.91
2619.0,49.0,20.0,5.0,100.0,11.84
2620.0,0.0,20.0,5.0,100.0,10.94
2621.0,0.5,20.0,5.0,100.0,18.67
2622.0,1.0,20.0,5.0,100.0,14.04
2623.0,2.0,20.0,5.0,100.0,9.03
2624.0,3.0,20.0,5.0,100.0,10.75
2625.0,5.0,20.0,5.0,100.0,16.01
2626.0,10.0,20.0,5.0,100.0,8.39
2627.0,20.0,20.0,5.0,100.0,8.59
2628.0,40.0,20.0,5.0,100.0,13.45
2629.0,49.0,20.0,5.0,100.0,13.84
2630.0,0.0,20.0,5.0,100.0,16.4
2631.0,0.5,20.0,5.0,100.0,11.28
2632.0,1.0,20.0,5.0,100.0,16.46
2633.0,2.0,20.0,5.0,100.0,17.79
2634.0,3.0,20.0,5.0,100.0,11.91
2635.0,5.0,20.0,5.0,100.0,9.38
2636.0,10.0,20.0,5.0,100.0,11.0
2637.0,20.0,20.0,5.0,100.0,15.2
2638.0,40.0,20.0,5.0,100.0,10.38
2639.0,49.0,20.0,5.0,100.0,14.44
2640.0,0.0,20.0,5.0,100.0,22.16
2641.0,0.5,20.0,5.0,100.0,19.33
2642.0,1.0,20.0,5.0,100.0,16.59
2643.0,2.0,20.0,5.0,100.0,18.56
2644.0,3.0,20.0,5.0,100.0,10.39
2645.0,5.0,20.0,5.0,100.0,9.66
2646.0,10.0,20.0,5.0,100.0,10.44
2647.0,20.0,20.0,5.0,100.0,12.76
2648.0,40.0,20.0,5.0,100.0,10.21
2649.0,49.0,20.0,5.0,100.0,10.21
2650.0,0.0,20.0,5.0,100.0,9.98
2651.0,0.5,20.0,5.0,100.0,15.41
2652.0,1.0,20.0,5.0,100.0,12.98
2653.0,2.0,20.0,5.0,100.0,17.36
2654.0,3.0,20.0,5.0,100.0,8.83
2655.0,5.0,20.0,5.0,100.0,13.37
2656.0,10.0,20.0,5.0,100.0,8.02
2657.0,20.0,20.0,5.0,100.0,12.35
2658.0,40.0,20.0,5.0,100.0,8.06
2659.0,49.0,20.0,5.0,100.0,18.08
2660.0,0.0,20.0,5.0,100.0,19.6
2661.0,0.5,20.0,5.0,100.0,26.79
2662.0,1.0,20.0,5.0,100.0,9.82
2663.0,2.0,20.0,5.0,100.0,14.34
2664.0,3.0,20.0,5.0,100.0,8.64
2665.0,5.0,20.0,5.0,100.0,9.43
2666.0,10.0,20.0,5.0,100.0,8.2
2667.0,20.0,20.0,5.0,100.0,13.38
2668.0,40.0,20.0,5.0,100.0,11.47
2669.0,49.0,20.0,5.0,100.0,14.61
2670.0,0.0,20.0,5.0,100.0,26.62
2671.0,0.5,20.0,5.0,100.0,17.03
2672.0,1.0,20.0,5.0,100.0,15.24
2673.0,2.0,20.0,5.0,100.0,27.13
2674.0,3.0,20.0,5.0,100.0,8.97
2675.0,5.0,20.0,5.0,100.0,10.73
2676.0,10.0,20.0,5.0,100.0,9.03
2677.0,20.0,20.0,5.0,100.0,9.69
2678.0,40.0,20.0,5.0,100.0,13.81
2679.0,49.0,20.0,5.0,100.0,11.66
2680.0,0.0,20.0,5.0,100.0,15.67
2681.0,0.5,20.0,5.0,100.0,19.89
2682.0,1.0,20.0,5.0,100.0,8.82
2683.0,2.0,20.0,5.0,100.0,11.25
2684.0,3.0,20.0,5.0,100.0,11.15
2685.0,5.0,20.0,5.0,100.0,10.42
2686.0,10.0,20.0,5.0,100.0,10.59
2687.0,20.0,20.0,5.0,100.0,9.2
2688.0,40.0,20.0,5.0,100.0,10.78
2689.0,49.0,20.0,5.0,100.0,11.74
2690.0,0.0,20.0,5.0,100.0,21.75
2691.0,0.5,20.0,5.0,100.0,24.04
2692.0,1.0,20.0,5.0,100.0,9.29
2693.0,2.0,20.0,5.0,100.0,10.16
2694.0,3.0,20.0,5.0,100.0,9.74
2695.0,5.0,20.0,5.0,100.0,11.35
2696.0,10.0,20.0,5.0,100.0,9.54
2697.0,20.0,20.0,5.0,100.0,9.18
2698.0,40.0,20.0,5.0,100.0,9.19
2699.0,49.0,20.0,5.0,100.0,15.51
2700.0,0.0,20.0,5.0,100.0,11.44
2701.0,0.5,20.0,5.0,100.0,19.66
2702.0,1.0,20.0,5.0,100.0,26.14
2703.0,2.0,20.0,5.0,100.0,12.18
2704.0,3.0,20.0,5.0,100.0,10.22
2705.0,5.0,20.0,5.0,100.0,14.05
2706.0,10.0,20.0,5.0,100.0,10.42
2707.0,20.0,20.0,5.0,100.0,10.63
2708.0,40.0,20.0,5.0,100.0,14.87
2709.0,49.0,20.0,5.0,100.0,11.77
2710.0,0.0,20.0,5.0,100.0,12.59
2711.0,0.5,20.0,5.0,100.0,22.4
2712.0,1.0,20.0,5.0,100.0,13.99
2713.0,2.0,20.0,5.0,100.0,20.47
2714.0,3.0,20.0,5.0,100.0,23.58
2715.0,5.0,20.0,5.0,100.0,8.85
2716.0,10.0,20.0,5.0,100.0,9.85
2717.0,20.0,20.0,5.0,100.0,10.29
2718.0,40.0,20.0,5.0,100.0,14.41
2719.0,49.0,20.0,5.0,100.0,18.67
2720.0,0.0,20.0,5.0,100.0,15.85
2721.0,0.5,20.0,5.0,100.0,20.65
2722.0,1.0,20.0,5.0,100.0,10.77
2723.0,2.0,20.0,5.0,100.0,14.35
2724.0,3.0,20.0,5.0,100.0,8.73
2725.0,5.0,20.0,5.0,100.0,10.2
2726.0,10.0,20.0,5.0,100.0,10.06
2727.0,20.0,20.0,5.0,100.0,9.98
2728.0,40.0,20.0,5.0,100.0,11.94
2729.0,49.0,20.0,5.0,100.0,15.29
2730.0,0.0,20.0,5.0,100.0,24.17
2731.0,0.5,20.0,5.0,100.0,8.85
2732.0,1.0,20.0,5.0,100.0,12.03
2733.0,2.0,20.0,5.0,100.0,14.35
2734.0,3.0,20.0,5.0,100.0,10.95
2735.0,5.0,20.0,5.0,100.0,12.13
2736.0,10.0,20.0,5.0,100.0,8.69
2737.0,20.0,20.0,5.0,100.0,9.11
2738.0,40.0,20.0,5.0,100.0,9.69
2739.0,49.0,20.0,5.0,100.0,16.45
2740.0,0.0,20.0,5.0,100.0,21.79
2741.0,0.5,20.0,5.0,100.0,25.55
2742.0,1.0,20.0,5.0,100.0,12.32
2743.0,2.0,20.0,5.0,100.0,10.13
2744.0,3.0,20.0,5.0,100.0,9.86
2745.0,5.0,20.0,5.0,100.0,11.91
2746.0,10.0,20.0,5.0,100.0,11.96
2747.0,20.0,20.0,5.0,100.0,9.91
2748.0,40.0,20.0,5.0,100.0,15.27
2749.0,49.0,20.0,5.0,100.0,12.71
2750.0,0.0,20.0,5.0,100.0,23.77
2751.0,0.5,20.0,5.0,100.0,23.92
2752.0,1.0,20.0,5.0,100.0,15.33
2753.0,2.0,20.0,5.0,100.0,10.47
2754.0,3.0,20.0,5.0,100.0,8.79
2755.0,5.0,20.0,5.0,100.0,11.83
2756.0,10.0,20.0,5.0,100.0,9.85
2757.0,20.0,20.0,5.0,100.0,9.44
2758.0,40.0,20.0,5.0,100.0,10.38
2759.0,49.0,20.0,5.0,100.0,15.23
2760.0,0.0,20.0,5.0,100.0,22.59
2761.0,0.5,20.0,5.0,100.0,13.0
2762.0,1.0,20.0,5.0,100.0,17.6
2763.0,2.0,20.0,5.0,100.0,21.64
2764.0,3.0,20.0,5.0,100.0,9.21
2765.0,5.0,20.0,5.0,100.0,12.14
2766.0,10.0,20.0,5.0,100.0,8.33
2767.0,20.0,20.0,5.0,100.0,8.48
2768.0,40.0,20.0,5.0,100.0,13.33
2769.0,49.0,20.0,5.0,100.0,17.97
2770.0,0.0,20.0,5.0,100.0,15.18
2771.0,0.5,20.0,5.0,100.0,22.03
2772.0,1.0,20.0,5.0,100.0,17.23
2773.0,2.0,20.0,5.0,100.0,8.89
2774.0,3.0,20.0,5.0,100.0,11.33
2775.0,5.0,20.0,5.0,100.0,11.63
2776.0,10.0,20.0,5.0,100.0,7.82
2777.0,20.0,20.0,5.0,100.0,13.52
2778.0,40.0,20.0,5.0,100.0,13.84
2779.0,49.0,20.0,5.0,100.0,15.77
2780.0,0.0,20.0,5.0,100.0,14.43
2781.0,0.5,20.0,5.0,100.0,12.88
2782.0,1.0,20.0,5.0,100.0,22.64
2783.0,2.0,20.0,5.0,100.0,12.76
2784.0,3.0,20.0,5.0,100.0,13.15
2785.0,5.0,20.0,5.0,100.0,10.81
2786.0,10.0,20.0,5.0,100.0,8.79
2787.0,20.0,20.0,5.0,100.0,8.32
2788.0,40.0,20.0,5.0,100.0,11.51
2789.0,49.0,20.0,5.0,100.0,11.99
2790.0,0.0,20.0,5.0,100.0,17.81
2791.0,0.5,20.0,5.0,100.0,11.68
2792.0,1.0,20.0,5.0,100.0,12.06
2793.0,2.0,20.0,5.0,100.0,25.64
2794.0,3.0,20.0,5.0,100.0,14.09
2795.0,5.0,20.0,5.0,100.0,8.49
2796.0,10.0,20.0,5.0,100.0,9.26
2797.0,20.0,20.0,5.0,100.0,12.35
2798.0,40.0,20.0,5.0,100.0,13.72
2799.0,49.0,20.0,5.0,100.0,17.78
2800.0,0.0,20.0,5.0,100.0,9.47
2801.0,0.5,20.0,5.0,100.0,13.07
2802.0,1.0,20.0,5.0,100.0,10.05
2803.0,2.0,20.0,5.0,100.0,12.44
2804.0,3.0,20.0,5.0,100.0,9.71
2805.0,5.0,20.0,5.0,100.0,13.54
2806.0,10.0,20.0,5.0,100.0,9.3
2807.0,20.0,20.0,5.0,100.0,10.77
2808.0,40.0,20.0,5.0,100.0,9.18
2809.0,49.0,20.0,5.0,100.0,11.01
2810.0,0.0,20.0,5.0,100.0,20.01
2811.0,0.5,20.0,5.0,100.0,18.78
2812.0,1.0,20.0,5.0,100.0,11.28
2813.0,2.0,20.0,5.0,100.0,9.8
2814.0,3.0,20.0,5.0,100.0,10.61
2815.0,5.0,20.0,5.0,100.0,13.5
2816.0,10.0,20.0,5.0,100.0,10.16
2817.0,20.0,20.0,5.0,100.0,10.37
2818.0,40.0,20.0,5.0,100.0,11.92
2819.0,49.0,20.0,5.0,100.0,11.56
2820.0,0.0,20.0,5.0,100.0,17.03
2821.0,0.5,20.0,5.0,100.0,13.96
2822.0,1.0,20.0,5.0,100.0,10.57
2823.0,2.0,20.0,5.0,100.0,18.51
2824.0,3.0,20.0,5.0,100.0,10.07
2825.0,5.0,20.0,5.0,100.0,9.89
2826.0,10.0,20.0,5.0,100.0,10.16
2827.0,20.0,20.0,5.0,100.0,9.42
2828.0,40.0,20.0,5.0,100.0,12.55
2829.0,49.0,20.0,5.0,100.0,12.96
2830.0,0.0,20.0,5.0,100.0,11.55
2831.0,0.5,20.0,5.0,100.0,10.54
2832.0,1.0,20.0,5.0,100.0,10.0
2833.0,2.0,20.0,5.0,100.0,11.34
2834.0,3.0,20.0,5.0,100.0,8.9
2835.0,5.0,20.0,5.0,100.0,8.12
2836.0,10.0,20.0,5.0,100.0,7.86
2837.0,20.0,20.0,5.0,100.0,12.66
2838.0,40.0,20.0,5.0,100.0,11.0
2839.0,49.0,20.0,5.0,100.0,15.14
2840.0,0.0,20.0,5.0,100.0,20.63
2841.0,0.5,20.0,5.0,100.0,15.99
2842.0,1.0,20.0,5.0,100.0,18.71
2843.0,2.0,20.0,5.0,100.0,14.22
2844.0,3.0,20.0,5.0,100.0,8.87
2845.0,5.0,20.0,5.0,100.0,11.27
2846.0,10.0,20.0,5.0,100.0,9.41
2847.0,20.0,20.0,5.0,100.0,9.56
2848.0,40.0,20.0,5.0,100.0,10.63
2849.0,49.0,20.0,5.0,100.0,13.36
2850.0,0.0,20.0,5.0,100.0,19.32
2851.0,0.5,20.0,5.0,100.0,12.25
2852.0,1.0,20.0,5.0,100.0,26.02
2853.0,2.0,20.0,5.0,100.0,10.65
2854.0,3.0,20.0,5.0,100.0,11.38
2855.0,5.0,20.0,5.0,100.0,9.26
2856.0,10.0,20.0,5.0,100.0,10.88
2857.0,20.0,20.0,5.0,100.0,9.91
2858.0,40.0,20.0,5.0,100.0,12.3
2859.0,49.0,20.0,5.0,100.0,16.7
2860.0,0.0,20.0,5.0,100.0,17.72
2861.0,0.5,20.0,5.0,100.0,9.98
2862.0,1.0,20.0,5.0,100.0,23.34
2863.0,2.0,20.0,5.0,100.0,9.59
2864.0,3.0,20.0,5.0,100.0,13.05
2865.0,5.0,20.0,5.0,100.0,10.78
2866.0,10.0,20.0,5.0,100.0,9.93
2867.0,20.0,20.0,5.0,100.0,9.86
2868.0,40.0,20.0,5.0,100.0,8.84
2869.0,49.0,20.0,5.0,100.0,19.27
2870.0,0.0,20.0,5.0,100.0,24.21
2871.0,0.5,20.0,5.0,100.0,14.03
2872.0,1.0,20.0,5.0,100.0,14.01
2873.0,2.0,20.0,5.0,100.0,11.23
2874.0,3.0,20.0,5.0,100.0,13.71
2875.0,5.0,20.0,5.0,100.0,9.24
2876.0,10.0,20.0,5.0,100.0,8.52
2877.0,20.0,20.0,5.0,100.0,9.44
2878.0,40.0,20.0,5.0,100.0,15.11
2879.0,49.0,20.0,5.0,100.0,8.73
2880.0,0.0,20.0,5.0,100.0,18.31
2881.0,0.5,20.0,5.0,100.0,13.09
2882.0,1.0,20.0,5.0,100.0,9.99
2883.0,2.0,20.0,5.0,100.0,9.89
2884.0,3.0,20.0,5.0,100.0,19.57
2885.0,5.0,20.0,5.0,100.0,11.83
2886.0,10.0,20.0,5.0,100.0,10.63
2887.0,20.0,20.0,5.0,100.0,10.04
2888.0,40.0,20.0,5.0,100.0,11.33
2889.0,49.0,20.0,5.0,100.0,13.69
2890.0,0.0,20.0,5.0,100.0,12.94
2891.0,0.5,20.0,5.0,100.0,24.79
2892.0,1.0,20.0,5.0,100.0,14.18
2893.0,2.0,20.0,5.0,100.0,13.73
2894.0,3.0,20.0,5.0,100.0,8.13
2895.0,5.0,20.0,5.0,100.0,8.85
2896.0,10.0,20.0,5.0,100.0,9.0
2897.0,20.0,20.0,5.0,100.0,10.13
2898.0,40.0,20.0,5.0,100.0,16.96
2899.0,49.0,20.0,5.0,100.0,11.92
2900.0,0.0,20.0,5.0,100.0,22.0
2901.0,0.5,20.0,5.0,100.0,25.03
2902.0,1.0,20.0,5.0,100.0,15.15
2903.0,2.0,20.0,5.0,100.0,23.07
2904.0,3.0,20.0,5.0,100.0,11.34
2905.0,5.0,20.0,5.0,100.0,13.59
2906.0,10.0,20.0,5.0,100.0,10.01
2907.0,20.0,20.0,5.0,100.0,9.36
2908.0,40.0,20.0,5.0,100.0,12.66
2909.0,49.0,20.0,5.0,100.0,17.05
2910.0,0.0,20.0,5.0,100.0,23.54
2911.0,0.5,20.0,5.0,100.0,14.03
2912.0,1.0,20.0,5.0,100.0,22.33
2913.0,2.0,20.0,5.0,100.0,11.46
2914.0,3.0,20.0,5.0,100.0,10.12
2915.0,5.0,20.0,5.0,100.0,11.49
2916.0,10.0,20.0,5.0,100.0,9.76
2917.0,20.0,20.0,5.0,100.0,11.64
2918.0,40.0,20.0,5.0,100.0,13.31
2919.0,49.0,20.0,5.0,100.0,13.52
2920.0,0.0,20.0,5.0,100.0,24.39
2921.0,0.5,20.0,5.0,100.0,17.18
2922.0,1.0,20.0,5.0,100.0,16.64
2923.0,2.0,20.0,5.0,100.0,17.61
2924.0,3.0,20.0,5.0,100.0,21.11
2925.0,5.0,20.0,5.0,100.0,9.25
2926.0,10.0,20.0,5.0,100.0,9.83
2927.0,20.0,20.0,5.0,100.0,8.33
2928.0,40.0,20.0,5.0,100.0,11.12
2929.0,49.0,20.0,5.0,100.0,9.37
2930.0,0.0,20.0,5.0,100.0,16.43
2931.0,0.5,20.0,5.0,100.0,21.11
2932.0,1.0,20.0,5.0,100.0,10.42
2933.0,2.0,20.0,5.0,100.0,9.13
2934.0,3.0,20.0,5.0,100.0,12.92
2935.0,5.0,20.0,5.0,100.0,8.75
2936.0,10.0,20.0,5.0,100.0,10.04
2937.0,20.0,20.0,5.0,100.0,10.83
2938.0,40.0,20.0,5.0,100.0,11.29
2939.0,49.0,20.0,5.0,100.0,13.18
2940.0,0.0,20.0,5.0,100.0,22.3
2941.0,0.5,20.0,5.0,100.0,11.99
2942.0,1.0,20.0,5.0,100.0,12.46
2943.0,2.0,20.0,5.0,100.0,14.16
2944.0,3.0,20.0,5.0,100.0,8.59
2945.0,5.0,20.0,5.0,100.0,8.99
2946.0,10.0,20.0,5.0,100.0,9.89
2947.0,20.0,20.0,5.0,100.0,7.62
2948.0,40.0,20.0,5.0,100.0,10.49
2949.0,49.0,20.0,5.0,100.0,14.83
2950.0,0.0,20.0,5.0,100.0,22.15
2951.0,0.5,20.0,5.0,100.0,18.82
2952.0,1.0,20.0,5.0,100.0,17.65
2953.0,2.0,20.0,5.0,100.0,8.38
2954.0,3.0,20.0,5.0,100.0,12.31
2955.0,5.0,20.0,5.0,100.0,9.99
2956.0,10.0,20.0,5.0,100.0,10.46
2957.0,20.0,20.0,5.0,100.0,12.28
2958.0,40.0,20.0,5.0,100.0,10.83
2959.0,49.0,20.0,5.0,100.0,16.5
2960.0,0.0,20.0,5.0,100.0,15.32
2961.0,0.5,20.0,5.0,100.0,15.9
2962.0,1.0,20.0,5.0,100.0,11.44
2963.0,2.0,20.0,5.0,100.0,11.16
2964.0,3.0,20.0,5.0,100.0,9.93
2965.0,5.0,20.0,5.0,100.0,9.8
2966.0,10.0,20.0,5.0,100.0,9.04
2967.0,20.0,20.0,5.0,100.0,10.67
2968.0,40.0,20.0,5.0,100.0,17.95
2969.0,49.0,20.0,5.0,100.0,15.28
2970.0,0.0,20.0,5.0,100.0,25.52
2971.0,0.5,20.0,5.0,100.0,11.77
2972.0,1.0,20.0,5.0,100.0,8.33
2973.0,2.0,20.0,5.0,100.0,14.19
2974.0,3.0,20.0,5.0,100.0,10.66
2975.0,5.0,20.0,5.0,100.0,11.26
2976.0,10.0,20.0,5.0,100.0,9.35
2977.0,20.0,20.0,5.0,100.0,7.87
2978.0,40.0,20.0,5.0,100.0,13.35
2979.0,49.0,20.0,5.0,100.0,15.85
2980.0,0.0,20.0,5.0,100.0,21.71
2981.0,0.5,20.0,5.0,100.0,19.35
2982.0,1.0,20.0,5.0,100.0,19.98
2983.0,2.0,20.0,5.0,100.0,15.73
2984.0,3.0,20.0,5.0,100.0,8.07
2985.0,5.0,20.0,5.0,100.0,9.36
2986.0,10.0,20.0,5.0,100.0,8.25
2987.0,20.0,20.0,5.0,100.0,11.49
2988.0,40.0,20.0,5.0,100.0,13.44
2989.0,49.0,20.0,5.0,100.0,9.31
2990.0,0.0,20.0,5.0,100.0,23.99
2991.0,0.5,20.0,5.0,100.0,25.14
2992.0,1.0,20.0,5.0,100.0,7.75
2993.0,2.0,20.0,5.0,100.0,11.33
2994.0,3.0,20.0,5.0,100.0,8.79
2995.0,5.0,20.0,5.0,100.0,11.95
2996.0,10.0,20.0,5.0,100.0,10.8
2997.0,20.0,20.0,5.0,100.0,8.67
2998.0,40.0,20.0,5.0,100.0,14.6
2999.0,49.0,20.0,5.0,100.0,15.73
3000.0,0.0,20.0,6.0,100.0,21.96
3001.0,0.5,20.0,6.0,100.0,13.48
3002.0,1.0,20.0,6.0,100.0,14.29
3003.0,2.0,20.0,6.0,100.0,11.18
3004.0,3.0,20.0,6.0,100.0,20.13
3005.0,5.0,20.0,6.0,100.0,8.78
3006.0,10.0,20.0,6.0,100.0,9.57
3007.0,20.0,20.0,6.0,100.0,13.3
3008.0,40.0,20.0,6.0,100.0,15.28
3009.0,49.0,20.0,6.0,100.0,15.53
3010.0,0.0,20.0,6.0,100.0,20.38
3011.0,0.5,20.0,6.0,100.0,21.62
3012.0,1.0,20.0,6.0,100.0,17.64
3013.0,2.0,20.0,6.0,100.0,10.14
3014.0,3.0,20.0,6.0,100.0,11.52
3015.0,5.0,20.0,6.0,100.0,8.83
3016.0,10.0,20.0,6.0,100.0,9.34
3017.0,20.0,20.0,6.0,100.0,10.99
3018.0,40.0,20.0,6.0,100.0,8.53
3019.0,49.0,20.0,6.0,100.0,14.08
3020.0,0.0,20.0,6.0,100.0,20.94
3021.0,0.5,20.0,6.0,100.0,13.27
3022.0,1.0,20.0,6.0,100.0,13.28
3023.0,2.0,20.0,6.0,100.0,12.82
3024.0,3.0,20.0,6.0,100.0,8.25
3025.0,5.0,20.0,6.0,100.0,12.93
3026.0,10.0,20.0,6.0,100.0,10.84
3027.0,20.0,20.0,6.0,100.0,11.83
3028.0,40.0,20.0,6.0,100.0,15.44
3029.0,49.0,20.0,6.0,100.0,16.2
3030.0,0.0,20.0,6.0,100.0,13.87
3031.0,0.5,20.0,6.0,100.0,13.36
3032.0,1.0,20.0,6.0,100.0,19.13
3033.0,2.0,20.0,6.0,100.0,11.25
3034.0,3.0,20.0,6.0,100.0,8.92
3035.0,5.0,20.0,6.0,100.0,8.77
3036.0,10.0,20.0,6.0,100.0,10.66
3037.0,20.0,20.0,6.0,100.0,9.05
3038.0,40.0,20.0,6.0,100.0,10.09
3039.0,49.0,20.0,6.0,100.0,17.78
3040.0,0.0,20.0,6.0,100.0,26.77
3041.0,0.5,20.0,6.0,100.0,10.85
3042.0,1.0,20.0,6.0,100.0,24.61
3043.0,2.0,20.0,6.0,100.0,10.08
3044.0,3.0,20.0,6.0,100.0,21.24
3045.0,5.0,20.0,6.0,100.0,9.85
3046.0,10.0,20.0,6.0,100.0,14.55
3047.0,20.0,20.0,6.0,100.0,11.0
3048.0,40.0,20.0,6.0,100.0,9.13
3049.0,49.0,20.0,6.0,100.0,16.26
3050.0,0.0,20.0,6.0,100.0,10.75
3051.0,0.5,20.0,6.0,100.0,19.42
3052.0,1.0,20.0,6.0,100.0,11.08
3053.0,2.0,20.0,6.0,100.0,14.39
3054.0,3.0,20.0,6.0,100.0,9.05
3055.0,5.0,20.0,6.0,100.0,10.25
3056.0,10.0,20.0,6.0,100.0,9.71
3057.0,20.0,20.0,6.0,100.0,8.32
3058.0,40.0,20.0,6.0,100.0,11.9
3059.0,49.0,20.0,6.0,100.0,9.59
3060.0,0.0,20.0,6.0,100.0,23.72
3061.0,0.5,20.0,6.0,100.0,11.85
3062.0,1.0,20.0,6.0,100.0,12.49
3063.0,2.0,20.0,6.0,100.0,11.28
3064.0,3.0,20.0,6.0,100.0,15.77
3065.0,5.0,20.0,6.0,100.0,8.73
3066.0,10.0,20.0,6.0,100.0,8.45
3067.0,20.0,20.0,6.0,100.0,11.27
3068.0,40.0,20.0,6.0,100.0,10.05
3069.0,49.0,20.0,6.0,100.0,12.43
3070.0,0.0,20.0,6.0,100.0,19.39
3071.0,0.5,20.0,6.0,100.0,19.72
3072.0,1.0,20.0,6.0,100.0,14.96
3073.0,2.0,20.0,6.0,100.0,11.41
3074.0,3.0,20.0,6.0,100.0,8.7
3075.0,5.0,20.0,6.0,100.0,10.06
3076.0,10.0,20.0,6.0,100.0,8.64
3077.0,20.0,20.0,6.0,100.0,9.81
3078.0,40.0,20.0,6.0,100.0,18.3
3079.0,49.0,20.0,6.0,100.0,18.15
3080.0,0.0,20.0,6.0,100.0,12.76
3081.0,0.5,20.0,6.0,100.0,24.95
3082.0,1.0,20.0,6.0,100.0,10.89
3083.0,2.0,20.0,6.0,100.0,11.98
3084.0,3.0,20.0,6.0,100.0,11.86
3085.0,5.0,20.0,6.0,100.0,9.52
3086.0,10.0,20.0,6.0,100.0,10.22
3087.0,20.0,20.0,6.0,100.0,10.12
3088.0,40.0,20.0,6.0,100.0,13.39
3089.0,49.0,20.0,6.0,100.0,15.03
3090.0,0.0,20.0,6.0,100.0,16.39
3091.0,0.5,20.0,6.0,100.0,13.65
3092.0,1.0,20.0,6.0,100.0,10.63
3093.0,2.0,20.0,6.0,100.0,16.14
3094.0,3.0,20.0,6.0,100.0,8.61
3095.0,5.0,20.0,6.0,100.0,9.57
3096.0,10.0,20.0,6.0,100.0,8.76
3097.0,20.0,20.0,6.0,100.0,9.39
3098.0,40.0,20.0,6.0,100.0,10.36
3099.0,49.0,20.0,6.0,100.0,17.38
3100.0,0.0,20.0,6.0,100.0,20.57
3101.0,0.5,20.0,6.0,100.0,23.99
3102.0,1.0,20.0,6.0,100.0,24.35
3103.0,2.0,20.0,6.0,100.0,18.82
3104.0,3.0,20.0,6.0,100.0,18.85
3105.0,5.0,20.0,6.0,100.0,10.73
3106.0,10.0,20.0,6.0,100.0,9.55
3107.0,20.0,20.0,6.0,100.0,9.46
3108.0,40.0,20.0,6.0,100.0,10.48
3109.0,49.0,20.0,6.0,100.0,12.36
3110.0,0.0,20.0,6.0,100.0,16.82
3111.0,0.5,20.0,6.0,100.0,13.1
3112.0,1.0,20.0,6.0,100.0,8.21
3113.0,2.0,20.0,6.0,100.0,9.86
3114.0,3.0,20.0,6.0,100.0,9.79
3115.0,5.0,20.0,6.0,100.0,8.86
3116.0,10.0,20.0,6.0,100.0,9.67
3117.0,20.0,20.0,6.0,100.0,11.45
3118.0,40.0,20.0,6.0,100.0,16.99
3119.0,49.0,20.0,6.0,100.0,17.73
3120.0,0.0,20.0,6.0,100.0,12.22
3121.0,0.5,20.0,6.0,100.0,12.09
3122.0,1.0,20.0,6.0,100.0,9.35
3123.0,2.0,20.0,6.0,100.0,12.35
3124.0,3.0,20.0,6.0,100.0,13.5
3125.0,5.0,20.0,6.0,100.0,11.72
3126.0,10.0,20.0,6.0,100.0,11.83
3127.0,20.0,20.0,6.0,100.0,13.54
3128.0,40.0,20.0,6.0,100.0,13.69
3129.0,49.0,20.0,6.0,100.0,12.46
3130.0,0.0,20.0,6.0,100.0,19.67
3131.0,0.5,20.0,6.0,100.0,19.45
3132.0,1.0,20.0,6.0,100.0,12.81
3133.0,2.0,20.0,6.0,100.0,9.51
3134.0,3.0,20.0,6.0,100.0,9.83
3135.0,5.0,20.0,6.0,100.0,10.21
3136.0,10.0,20.0,6.0,100.0,8.2
3137.0,20.0,20.0,6.0,100.0,9.77
3138.0,40.0,20.0,6.0,100.0,10.85
3139.0,49.0,20.0,6.0,100.0,8.43
3140.0,0.0,20.0,6.0,100.0,23.84
3141.0,0.5,20.0,6.0,100.0,24.56
3142.0,1.0,20.0,6.0,100.0,11.51
3143.0,2.0,20.0,6.0,100.0,20.15
3144.0,3.0,20.0,6.0,100.0,10.33
3145.0,5.0,20.0,6.0,100.0,8.76
3146.0,10.0,20.0,6.0,100.0,11.27
3147.0,20.0,20.0,6.0,100.0,10.05
3148.0,40.0,20.0,6.0,100.0,10.17
3149.0,49.0,20.0,6.0,100.0,18.09
3150.0,0.0,20.0,6.0,100.0,13.71
3151.0,0.5,20.0,6.0,100.0,25.77
3152.0,1.0,20.0,6.0,100.0,12.27
3153.0,2.0,20.0,6.0,100.0,12.95
3154.0,3.0,20.0,6.0,100.0,11.34
3155.0,5.0,20.0,6.0,100.0,10.31
3156.0,10.0,20.0,6.0,100.0,10.08
3157.0,20.0,20.0,6.0,100.0,8.68
3158.0,40.0,20.0,6.0,100.0,12.18
3159.0,49.0,20.0,6.0,100.0,12.23
3160.0,0.0,20.0,6.0,100.0,11.44
3161.0,0.5,20.0,6.0,100.0,11.91
3162.0,1.0,20.0,6.0,100.0,11.94
3163.0,2.0,20.0,6.0,100.0,11.59
3164.0,3.0,20.0,6.0,100.0,13.08
3165.0,5.0,20.0,6.0,100.0,12.36
3166.0,10.0,20.0,6.0,100.0,11.49
3167.0,20.0,20.0,6.0,100.0,8.09
3168.0,40.0,20.0,6.0,100.0,7.99
3169.0,49.0,20.0,6.0,100.0,13.87
3170.0,0.0,20.0,6.0,100.0,23.31
3171.0,0.5,20.0,6.0,100.0,18.36
3172.0,1.0,20.0,6.0,100.0,13.99
3173.0,2.0,20.0,6.0,100.0,8.31
3174.0,3.0,20.0,6.0,100.0,12.99
3175.0,5.0,20.0,6.0,100.0,10.9
3176.0,10.0,20.0,6.0,100.0,10.19
3177.0,20.0,20.0,6.0,100.0,8.44
3178.0,40.0,20.0,6.0,100.0,11.24
3179.0,49.0,20.0,6.0,100.0,10.66
3180.0,0.0,20.0,6.0,100.0,24.76
3181.0,0.5,20.0,6.0,100.0,9.75
3182.0,1.0,20.0,6.0,100.0,9.14
3183.0,2.0,20.0,6.0,100.0,15.25
3184.0,3.0,20.0,6.0,100.0,9.29
3185.0,5.0,20.0,6.0,100.0,9.92
3186.0,10.0,20.0,6.0,100.0,11.54
3187.0,20.0,20.0,6.0,100.0,9.88
3188.0,40.0,20.0,6.0,100.0,12.47
3189.0,49.0,20.0,6.0,100.0,16.14
3190.0,0.0,20.0,6.0,100.0,19.58
3191.0,0.5,20.0,6.0,100.0,22.8
3192.0,1.0,20.0,6.0,100.0,16.83
3193.0,2.0,20.0,6.0,100.0,10.0
3194.0,3.0,20.0,6.0,100.0,10.53
3195.0,5.0,20.0,6.0,100.0,9.48
3196.0,10.0,20.0,6.0,100.0,8.07
3197.0,20.0,20.0,6.0,100.0,9.24
3198.0,40.0,20.0,6.0,100.0,13.66
3199.0,49.0,20.0,6.0,100.0,11.89
3200.0,0.0,20.0,6.0,100.0,20.31
3201.0,0.5,20.0,6.0,100.0,15.93
3202.0,1.0,20.0,6.0,100.0,18.56
3203.0,2.0,20.0,6.0,100.0,15.24
3204.0,3.0,20.0,6.0,100.0,17.01
3205.0,5.0,20.0,6.0,100.0,13.24
3206.0,10.0,20.0,6.0,100.0,8.86
3207.0,20.0,20.0,6.0,100.0,8.56
3208.0,40.0,20.0,6.0,100.0,12.04
3209.0,49.0,20.0,6.0,100.0,12.52
3210.0,0.0,20.0,6.0,100.0,21.89
3211.0,0.5,20.0,6.0,100.0,21.99
3212.0,1.0,20.0,6.0,100.0,12.9
3213.0,2.0,20.0,6.0,100.0,12.52
3214.0,3.0,20.0,6.0,100.0,14.35
3215.0,5.0,20.0,6.0,100.0,9.91
3216.0,10.0,20.0,6.0,100.0,8.95
3217.0,20.0,20.0,6.0,100.0,10.75
3218.0,40.0,20.0,6.0,100.0,13.19
3219.0,49.0,20.0,6.0,100.0,11.06
3220.0,0.0,20.0,6.0,100.0,25.68
3221.0,0.5,20.0,6.0,100.0,17.83
3222.0,1.0,20.0,6.0,100.0,15.46
3223.0,2.0,20.0,6.0,100.0,15.69
3224.0,3.0,20.0,6.0,100.0,11.99
3225.0,5.0,20.0,6.0,100.0,10.26
3226.0,10.0,20.0,6.0,100.0,9.36
3227.0,20.0,20.0,6.0,100.0,10.5
3228.0,40.0,20.0,6.0,100.0,10.25
3229.0,49.0,20.0,6.0,100.0,12.93
3230.0,0.0,20.0,6.0,100.0,13.84
3231.0,0.5,20.0,6.0,100.0,21.53
3232.0,1.0,20.0,6.0,100.0,16.38
3233.0,2.0,20.0,6.0,100.0,13.92
3234.0,3.0,20.0,6.0,100.0,9.17
3235.0,5.0,20.0,6.0,100.0,9.31
3236.0,10.0,20.0,6.0,100.0,9.87
3237.0,20.0,20.0,6.0,100.0,11.85
3238.0,40.0,20.0,6.0,100.0,9.66
3239.0,49.0,20.0,6.0,100.0,13.12
3240.0,0.0,20.0,6.0,100.0,19.87
3241.0,0.5,20.0,6.0,100.0,16.29
3242.0,1.0,20.0,6.0,100.0,9.34
3243.0,2.0,20.0,6.0,100.0,10.4
3244.0,3.0,20.0,6.0,100.0,9.23
3245.0,5.0,20.0,6.0,100.0,11.43
3246.0,10.0,20.0,6.0,100.0,10.75
3247.0,20.0,20.0,6.0,100.0,8.01
3248.0,40.0,20.0,6.0,100.0,13.39
3249.0,49.0,20.0,6.0,100.0,11.23
3250.0,0.0,20.0,6.0,100.0,15.51
3251.0,0.5,20.0,6.0,100.0,25.92
3252.0,1.0,20.0,6.0,100.0,8.51
3253.0,2.0,20.0,6.0,100.0,11.33
3254.0,3.0,20.0,6.0,100.0,10.15
3255.0,5.0,20.0,6.0,100.0,9.48
3256.0,10.0,20.0,6.0,100.0,10.81
3257.0,20.0,20.0,6.0,100.0,9.82
3258.0,40.0,20.0,6.0,100.0,14.4
3259.0,49.0,20.0,6.0,100.0,13.14
3260.0,0.0,20.0,6.0,100.0,24.1
3261.0,0.5,20.0,6.0,100.0,11.56
3262.0,1.0,20.0,6.0,100.0,21.81
3263.0,2.0,20.0,6.0,100.0,13.4
3264.0,3.0,20.0,6.0,100.0,11.91
3265.0,5.0,20.0,6.0,100.0,9.41
3266.0,10.0,20.0,6.0,100.0,9.78
3267.0,20.0,20.0,6.0,100.0,12.09
3268.0,40.0,20.0,6.0,100.0,14.08
3269.0,49.0,20.0,6.0,100.0,17.6
3270.0,0.0,20.0,6.0,100.0,22.43
3271.0,0.5,20.0,6.0,100.0,11.19
3272.0,1.0,20.0,6.0,100.0,11.75
3273.0,2.0,20.0,6.0,100.0,8.49
3274.0,3.0,20.0,6.0,100.0,10.04
3275.0,5.0,20.0,6.0,100.0,9.75
3276.0,10.0,20.0,6.0,100.0,8.46
3277.0,20.0,20.0,6.0,100.0,10.02
3278.0,40.0,20.0,6.0,100.0,13.18
3279.0,49.0,20.0,6.0,100.0,17.86
3280.0,0.0,20.0,6.0,100.0,15.58
3281.0,0.5,20.0,6.0,100.0,14.23
3282.0,1.0,20.0,6.0,100.0,12.31
3283.0,2.0,20.0,6.0,100.0,8.59
3284.0,3.0,20.0,6.0,100.0,8.82
3285.0,5.0,20.0,6.0,100.0,9.91
3286.0,10.0,20.0,6.0,100.0,8.13
3287.0,20.0,20.0,6.0,100.0,16.22
3288.0,40.0,20.0,6.0,100.0,12.82
3289.0,49.0,20.0,6.0,100.0,12.19
3290.0,0.0,20.0,6.0,100.0,16.25
3291.0,0.5,20.0,6.0,100.0,18.49
3292.0,1.0,20.0,6.0,100.0,13.19
3293.0,2.0,20.0,6.0,100.0,14.48
3294.0,3.0,20.0,6.0,100.0,8.99
3295.0,5.0,20.0,6.0,100.0,8.46
3296.0,10.0,20.0,6.0,100.0,9.37
3297.0,20.0,20.0,6.0,100.0,8.36
3298.0,40.0,20.0,6.0,100.0,12.81
3299.0,49.0,20.0,6.0,100.0,10.62
3300.0,0.0,20.0,6.0,100.0,19.17
3301.0,0.5,20.0,6.0,100.0,25.07
3302.0,1.0,20.0,6.0,100.0,17.45
3303.0,2.0,20.0,6.0,100.0,15.64
3304.0,3.0,20.0,6.0,100.0,13.96
3305.0,5.0,20.0,6.0,100.0,11.73
3306.0,10.0,20.0,6.0,100.0,8.73
3307.0,20.0,20.0,6.0,100.0,11.22
3308.0,40.0,20.0,6.0,100.0,15.17
3309.0,49.0,20.0,6.0,100.0,9.42
3310.0,0.0,20.0,6.0,100.0,15.91
3311.0,0.5,20.0,6.0,100.0,10.5
3312.0,1.0,20.0,6.0,100.0,11.06
3313.0,2.0,20.0,6.0,100.0,9.52
3314.0,3.0,20.0,6.0,100.0,13.67
3315.0,5.0,20.0,6.0,100.0,11.17
3316.0,10.0,20.0,6.0,100.0,11.38
3317.0,20.0,20.0,6.0,100.0,9.75
3318.0,40.0,20.0,6.0,100.0,13.85
3319.0,49.0,20.0,6.0,100.0,15.16
3320.0,0.0,20.0,6.0,100.0,9.7
3321.0,0.5,20.0,6.0,100.0,23.67
3322.0,1.0,20.0,6.0,100.0,15.21
3323.0,2.0,20.0,6.0,100.0,10.26
3324.0,3.0,20.0,6.0,100.0,8.91
3325.0,5.0,20.0,6.0,100.0,8.86
3326.0,10.0,20.0,6.0,100.0,8.24
3327.0,20.0,20.0,6.0,100.0,9.79
3328.0,40.0,20.0,6.0,100.0,10.66
3329.0,49.0,20.0,6.0,100.0,16.43
3330.0,0.0,20.0,6.0,100.0,19.24
3331.0,0.5,20.0,6.0,100.0,10.92
3332.0,1.0,20.0,6.0,100.0,10.55
3333.0,2.0,20.0,6.0,100.0,10.81
3334.0,3.0,20.0,6.0,100.0,13.73
3335.0,5.0,20.0,6.0,100.0,15.95
3336.0,10.0,20.0,6.0,100.0,9.66
3337.0,20.0,20.0,6.0,100.0,12.58
3338.0,40.0,20.0,6.0,100.0,13.36
3339.0,49.0,20.0,6.0,100.0,12.26
3340.0,0.0,20.0,6.0,100.0,22.53
3341.0,0.5,20.0,6.0,100.0,24.02
3342.0,1.0,20.0,6.0,100.0,16.88
3343.0,2.0,20.0,6.0,100.0,10.01
3344.0,3.0,20.0,6.0,100.0,16.85
3345.0,5.0,20.0,6.0,100.0,11.92
3346.0,10.0,20.0,6.0,100.0,8.78
3347.0,20.0,20.0,6.0,100.0,11.7
3348.0,40.0,20.0,6.0,100.0,12.21
3349.0,49.0,20.0,6.0,100.0,20.89
3350.0,0.0,20.0,6.0,100.0,23.3
3351.0,0.5,20.0,6.0,100.0,16.59
3352.0,1.0,20.0,6.0,100.0,12.98
3353.0,2.0,20.0,6.0,100.0,20.13
3354.0,3.0,20.0,6.0,100.0,10.35
3355.0,5.0,20.0,6.0,100.0,9.54
3356.0,10.0,20.0,6.0,100.0,8.23
3357.0,20.0,20.0,6.0,100.0,10.42
3358.0,40.0,20.0,6.0,100.0,9.93
3359.0,49.0,20.0,6.0,100.0,10.63
3360.0,0.0,20.0,6.0,100.0,20.68
3361.0,0.5,20.0,6.0,100.0,15.74
3362.0,1.0,20.0,6.0,100.0,10.91
3363.0,2.0,20.0,6.0,100.0,11.64
3364.0,3.0,20.0,6.0,100.0,10.86
3365.0,5.0,20.0,6.0,100.0,10.05
3366.0,10.0,20.0,6.0,100.0,11.13
3367.0,20.0,20.0,6.0,100.0,10.14
3368.0,40.0,20.0,6.0,100.0,12.97
3369.0,49.0,20.0,6.0,100.0,15.08
3370.0,0.0,20.0,6.0,100.0,22.25
3371.0,0.5,20.0,6.0,100.0,10.48
3372.0,1.0,20.0,6.0,100.0,8.74
3373.0,2.0,20.0,6.0,100.0,14.04
3374.0,3.0,20.0,6.0,100.0,22.96
3375.0,5.0,20.0,6.0,100.0,13.68
3376.0,10.0,20.0,6.0,100.0,10.48
3377.0,20.0,20.0,6.0,100.0,9.69
3378.0,40.0,20.0,6.0,100.0,9.43
3379.0,49.0,20.0,6.0,100.0,16.41
3380.0,0.0,20.0,6.0,100.0,15.1
3381.0,0.5,20.0,6.0,100.0,26.18
3382.0,1.0,20.0,6.0,100.0,8.94
3383.0,2.0,20.0,6.0,100.0,11.87
3384.0,3.0,20.0,6.0,100.0,11.7
3385.0,5.0,20.0,6.0,100.0,7.47
3386.0,10.0,20.0,6.0,100.0,9.39
3387.0,20.0,20.0,6.0,100.0,7.83
3388.0,40.0,20.0,6.0,100.0,11.27
3389.0,49.0,20.0,6.0,100.0,16.23
3390.0,0.0,20.0,6.0,100.0,19.48
3391.0,0.5,20.0,6.0,100.0,23.78
3392.0,1.0,20.0,6.0,100.0,9.65
3393.0,2.0,20.0,6.0,100.0,10.5
3394.0,3.0,20.0,6.0,100.0,17.27
3395.0,5.0,20.0,6.0,100.0,9.83
3396.0,10.0,20.0,6.0,100.0,9.08
3397.0,20.0,20.0,6.0,100.0,8.06
3398.0,40.0,20.0,6.0,100.0,8.49
3399.0,49.0,20.0,6.0,100.0,11.23
3400.0,0.0,20.0,6.0,100.0,11.3
3401.0,0.5,20.0,6.0,100.0,11.01
3402.0,1.0,20.0,6.0,100.0,15.99
3403.0,2.0,20.0,6.0,100.0,11.51
3404.0,3.0,20.0,6.0,100.0,16.96
3405.0,5.0,20.0,6.0,100.0,11.22
3406.0,10.0,20.0,6.0,100.0,10.55
3407.0,20.0,20.0,6.0,100.0,15.32
3408.0,40.0,20.0,6.0,100.0,14.2
3409.0,49.0,20.0,6.0,100.0,15.56
3410.0,0.0,20.0,6.0,100.0,21.25
3411.0,0.5,20.0,6.0,100.0,12.34
3412.0,1.0,20.0,6.0,100.0,8.43
3413.0,2.0,20.0,6.0,100.0,8.72
3414.0,3.0,20.0,6.0,100.0,12.87
3415.0,5.0,20.0,6.0,100.0,10.85
3416.0,10.0,20.0,6.0,100.0,10.87
3417.0,20.0,20.0,6.0,100.0,10.47
3418.0,40.0,20.0,6.0,100.0,15.87
3419.0,49.0,20.0,6.0,100.0,12.68
3420.0,0.0,20.0,6.0,100.0,18.39
3421.0,0.5,20.0,6.0,100.0,22.63
3422.0,1.0,20.0,6.0,100.0,11.84
3423.0,2.0,20.0,6.0,100.0,12.89
3424.0,3.0,20.0,6.0,100.0,12.31
3425.0,5.0,20.0,6.0,100.0,10.98
3426.0,10.0,20.0,6.0,100.0,10.89
3427.0,20.0,20.0,6.0,100.0,9.65
3428.0,40.0,20.0,6.0,100.0,14.59
3429.0,49.0,20.0,6.0,100.0,13.88
3430.0,0.0,20.0,6.0,100.0,22.94
3431.0,0.5,20.0,6.0,100.0,13.93
3432.0,1.0,20.0,6.0,100.0,23.68
3433.0,2.0,20.0,6.0,100.0,9.15
3434.0,3.0,20.0,6.0,100.0,11.16
3435.0,5.0,20.0,6.0,100.0,10.06
3436.0,10.0,20.0,6.0,100.0,8.28
3437.0,20.0,20.0,6.0,100.0,9.18
3438.0,40.0,20.0,6.0,100.0,12.41
3439.0,49.0,20.0,6.0,100.0,18.33
3440.0,0.0,20.0,6.0,100.0,9.75
3441.0,0.5,20.0,6.0,100.0,18.12
3442.0,1.0,20.0,6.0,100.0,18.0
3443.0,2.0,20.0,6.0,100.0,9.7
3444.0,3.0,20.0,6.0,100.0,11.96
3445.0,5.0,20.0,6.0,100.0,10.53
3446.0,10.0,20.0,6.0,100.0,7.86
3447.0,20.0,20.0,6.0,100.0,8.0
3448.0,40.0,20.0,6.0,100.0,11.92
3449.0,49.0,20.0,6.0,100.0,12.52
3450.0,0.0,20.0,6.0,100.0,22.09
3451.0,0.5,20.0,6.0,100.0,12.48
3452.0,1.0,20.0,6.0,100.0,13.46
3453.0,2.0,20.0,6.0,100.0,14.32
3454.0,3.0,20.0,6.0,100.0,10.16
3455.0,5.0,20.0,6.0,100.0,8.5
3456.0,10.0,20.0,6.0,100.0,9.24
3457.0,20.0,20.0,6.0,100.0,11.72
3458.0,40.0,20.0,6.0,100.0,11.12
3459.0,49.0,20.0,6.0,100.0,11.76
3460.0,0.0,20.0,6.0,100.0,19.17
3461.0,0.5,20.0,6.0,100.0,8.31
3462.0,1.0,20.0,6.0,100.0,25.64
3463.0,2.0,20.0,6.0,100.0,14.09
3464.0,3.0,20.0,6.0,100.0,14.21
3465.0,5.0,20.0,6.0,100.0,10.21
3466.0,10.0,20.0,6.0,100.0,8.99
3467.0,20.0,20.0,6.0,100.0,8.88
3468.0,40.0,20.0,6.0,100.0,9.23
3469.0,49.0,20.0,6.0,100.0,11.97
3470.0,0.0,20.0,6.0,100.0,14.85
3471.0,0.5,20.0,6.0,100.0,15.06
3472.0,1.0,20.0,6.0,100.0,10.05
3473.0,2.0,20.0,6.0,100.0,19.49
3474.0,3.0,20.0,6.0,100.0,10.4
3475.0,5.0,20.0,6.0,100.0,7.58
3476.0,10.0,20.0,6.0,100.0,9.45
3477.0,20.0,20.0,6.0,100.0,10.96
3478.0,40.0,20.0,6.0,100.0,10.82
3479.0,49.0,20.0,6.0,100.0,14.73
3480.0,0.0,20.0,6.0,100.0,24.2
3481.0,0.5,20.0,6.0,100.0,10.79
3482.0,1.0,20.0,6.0,100.0,17.91
3483.0,2.0,20.0,6.0,100.0,12.77
3484.0,3.0,20.0,6.0,100.0,8.56
3485.0,5.0,20.0,6.0,100.0,7.97
3486.0,10.0,20.0,6.0,100.0,9.17
3487.0,20.0,20.0,6.0,100.0,9.35
3488.0,40.0,20.0,6.0,100.0,10.24
3489.0,49.0,20.0,6.0,100.0,13.23
3490.0,0.0,20.0,6.0,100.0,19.55
3491.0,0.5,20.0,6.0,100.0,19.12
3492.0,1.0,20.0,6.0,100.0,19.58
3493.0,2.0,20.0,6.0,100.0,13.52
3494.0,3.0,20.0,6.0,100.0,13.82
3495.0,5.0,20.0,6.0,100.0,19.83
3496.0,10.0,20.0,6.0,100.0,7.34
3497.0,20.0,20.0,6.0,100.0,9.99
3498.0,40.0,20.0,6.0,100.0,16.21
3499.0,49.0,20.0,6.0,100.0,11.81
3500.0,0.0,20.0,7.0,100.0,9.26
3501.0,0.5,20.0,7.0,100.0,12.79
3502.0,1.0,20.0,7.0,100.0,16.86
3503.0,2.0,20.0,7.0,100.0,10.1
3504.0,3.0,20.0,7.0,100.0,9.95
3505.0,5.0,20.0,7.0,100.0,11.11
3506.0,10.0,20.0,7.0,100.0,10.17
3507.0,20.0,20.0,7.0,100.0,8.44
3508.0,40.0,20.0,7.0,100.0,11.84
3509.0,49.0,20.0,7.0,100.0,12.8
3510.0,0.0,20.0,7.0,100.0,20.26
3511.0,0.5,20.0,7.0,100.0,12.25
3512.0,1.0,20.0,7.0,100.0,16.01
3513.0,2.0,20.0,7.0,100.0,14.78
3514.0,3.0,20.0,7.0,100.0,11.28
3515.0,5.0,20.0,7.0,100.0,10.49
3516.0,10.0,20.0,7.0,100.0,9.01
3517.0,20.0,20.0,7.0,100.0,9.13
3518.0,40.0,20.0,7.0,100.0,11.93
3519.0,49.0,20.0,7.0,100.0,12.81
3520.0,0.0,20.0,7.0,100.0,22.67
3521.0,0.5,20.0,7.0,100.0,8.92
3522.0,1.0,20.0,7.0,100.0,10.83
3523.0,2.0,20.0,7.0,100.0,18.84
3524.0,3.0,20.0,7.0,100.0,9.76
3525.0,5.0,20.0,7.0,100.0,9.5
3526.0,10.0,20.0,7.0,100.0,11.48
3527.0,20.0,20.0,7.0,100.0,7.55
3528.0,40.0,20.0,7.0,100.0,9.54
3529.0,49.0,20.0,7.0,100.0,15.74
3530.0,0.0,20.0,7.0,100.0,17.98
3531.0,0.5,20.0,7.0,100.0,25.97
3532.0,1.0,20.0,7.0,100.0,11.93
3533.0,2.0,20.0,7.0,100.0,8.88
3534.0,3.0,20.0,7.0,100.0,9.24
3535.0,5.0,20.0,7.0,100.0,10.69
3536.0,10.0,20.0,7.0,100.0,9.41
3537.0,20.0,20.0,7.0,100.0,14.53
3538.0,40.0,20.0,7.0,100.0,16.55
3539.0,49.0,20.0,7.0,100.0,12.14
3540.0,0.0,20.0,7.0,100.0,20.91
3541.0,0.5,20.0,7.0,100.0,17.69
3542.0,1.0,20.0,7.0,100.0,11.36
3543.0,2.0,20.0,7.0,100.0,14.43
3544.0,3.0,20.0,7.0,100.0,9.94
3545.0,5.0,20.0,7.0,100.0,13.32
3546.0,10.0,20.0,7.0,100.0,10.58
3547.0,20.0,20.0,7.0,100.0,8.54
3548.0,40.0,20.0,7.0,100.0,9.42
3549.0,49.0,20.0,7.0,100.0,16.29
3550.0,0.0,20.0,7.0,100.0,15.25
3551.0,0.5,20.0,7.0,100.0,15.65
3552.0,1.0,20.0,7.0,100.0,22.42
3553.0,2.0,20.0,7.0,100.0,9.08
3554.0,3.0,20.0,7.0,100.0,11.96
3555.0,5.0,20.0,7.0,100.0,8.98
3556.0,10.0,20.0,7.0,100.0,11.81
3557.0,20.0,20.0,7.0,100.0,10.31
3558.0,40.0,20.0,7.0,100.0,16.02
3559.0,49.0,20.0,7.0,100.0,15.24
3560.0,0.0,20.0,7.0,100.0,15.51
3561.0,0.5,20.0,7.0,100.0,14.91
3562.0,1.0,20.0,7.0,100.0,15.36
3563.0,2.0,20.0,7.0,100.0,10.79
3564.0,3.0,20.0,7.0,100.0,15.95
3565.0,5.0,20.0,7.0,100.0,9.6
3566.0,10.0,20.0,7.0,100.0,10.4
3567.0,20.0,20.0,7.0,100.0,17.53
3568.0,40.0,20.0,7.0,100.0,14.98
3569.0,49.0,20.0,7.0,100.0,15.49
3570.0,0.0,20.0,7.0,100.0,21.13
3571.0,0.5,20.0,7.0,100.0,20.17
3572.0,1.0,20.0,7.0,100.0,20.1
3573.0,2.0,20.0,7.0,100.0,11.08
3574.0,3.0,20.0,7.0,100.0,8.29
3575.0,5.0,20.0,7.0,100.0,10.95
3576.0,10.0,20.0,7.0,100.0,12.59
3577.0,20.0,20.0,7.0,100.0,11.22
3578.0,40.0,20.0,7.0,100.0,15.72
3579.0,49.0,20.0,7.0,100.0,14.1
3580.0,0.0,20.0,7.0,100.0,21.09
3581.0,0.5,20.0,7.0,100.0,20.74
3582.0,1.0,20.0,7.0,100.0,16.06
3583.0,2.0,20.0,7.0,100.0,14.0
3584.0,3.0,20.0,7.0,100.0,10.98
3585.0,5.0,20.0,7.0,100.0,9.83
3586.0,10.0,20.0,7.0,100.0,9.32
3587.0,20.0,20.0,7.0,100.0,10.47
3588.0,40.0,20.0,7.0,100.0,12.03
3589.0,49.0,20.0,7.0,100.0,13.98
3590.0,0.0,20.0,7.0,100.0,18.9
3591.0,0.5,20.0,7.0,100.0,9.66
3592.0,1.0,20.0,7.0,100.0,12.95
3593.0,2.0,20.0,7.0,100.0,12.36
3594.0,3.0,20.0,7.0,100.0,10.49
3595.0,5.0,20.0,7.0,100.0,7.91
3596.0,10.0,20.0,7.0,100.0,9.04
3597.0,20.0,20.0,7.0,100.0,7.99
3598.0,40.0,20.0,7.0,100.0,16.54
3599.0,49.0,20.0,7.0,100.0,11.42
3600.0,0.0,20.0,7.0,100.0,12.09
3601.0,0.5,20.0,7.0,100.0,11.22
3602.0,1.0,20.0,7.0,100.0,10.44
3603.0,2.0,20.0,7.0,100.0,14.83
3604.0,3.0,20.0,7.0,100.0,10.4
3605.0,5.0,20.0,7.0,100.0,9.81
3606.0,10.0,20.0,7.0,100.0,10.2
3607.0,20.0,20.0,7.0,100.0,8.56
3608.0,40.0,20.0,7.0,100.0,15.23
3609.0,49.0,20.0,7.0,100.0,15.62
3610.0,0.0,20.0,7.0,100.0,14.28
3611.0,0.5,20.0,7.0,100.0,13.04
3612.0,1.0,20.0,7.0,100.0,16.01
3613.0,2.0,20.0,7.0,100.0,14.14
3614.0,3.0,20.0,7.0,100.0,9.28
3615.0,5.0,20.0,7.0,100.0,13.13
3616.0,10.0,20.0,7.0,100.0,10.47
3617.0,20.0,20.0,7.0,100.0,8.97
3618.0,40.0,20.0,7.0,100.0,13.97
3619.0,49.0,20.0,7.0,100.0,10.86
3620.0,0.0,20.0,7.0,100.0,24.26
3621.0,0.5,20.0,7.0,100.0,17.81
3622.0,1.0,20.0,7.0,100.0,9.63
3623.0,2.0,20.0,7.0,100.0,14.51
3624.0,3.0,20.0,7.0,100.0,15.58
3625.0,5.0,20.0,7.0,100.0,11.54
3626.0,10.0,20.0,7.0,100.0,11.09
3627.0,20.0,20.0,7.0,100.0,11.92
3628.0,40.0,20.0,7.0,100.0,15.04
3629.0,49.0,20.0,7.0,100.0,9.56
3630.0,0.0,20.0,7.0,100.0,23.98
3631.0,0.5,20.0,7.0,100.0,12.23
3632.0,1.0,20.0,7.0,100.0,16.05
3633.0,2.0,20.0,7.0,100.0,15.69
3634.0,3.0,20.0,7.0,100.0,12.94
3635.0,5.0,20.0,7.0,100.0,9.8
3636.0,10.0,20.0,7.0,100.0,9.89
3637.0,20.0,20.0,7.0,100.0,12.19
3638.0,40.0,20.0,7.0,100.0,10.07
3639.0,49.0,20.0,7.0,100.0,18.3
3640.0,0.0,20.0,7.0,100.0,20.42
3641.0,0.5,20.0,7.0,100.0,16.61
3642.0,1.0,20.0,7.0,100.0,11.03
3643.0,2.0,20.0,7.0,100.0,13.7
3644.0,3.0,20.0,7.0,100.0,15.16
3645.0,5.0,20.0,7.0,100.0,10.11
3646.0,10.0,20.0,7.0,100.0,10.15
3647.0,20.0,20.0,7.0,100.0,8.78
3648.0,40.0,20.0,7.0,100.0,10.19
3649.0,49.0,20.0,7.0,100.0,17.53
3650.0,0.0,20.0,7.0,100.0,19.84
3651.0,0.5,20.0,7.0,100.0,19.08
3652.0,1.0,20.0,7.0,100.0,11.0
3653.0,2.0,20.0,7.0,100.0,23.33
3654.0,3.0,20.0,7.0,100.0,14.64
3655.0,5.0,20.0,7.0,100.0,9.72
3656.0,10.0,20.0,7.0,100.0,12.79
3657.0,20.0,20.0,7.0,100.0,9.12
3658.0,40.0,20.0,7.0,100.0,9.67
3659.0,49.0,20.0,7.0,100.0,13.48
3660.0,0.0,20.0,7.0,100.0,19.15
3661.0,0.5,20.0,7.0,100.0,15.35
3662.0,1.0,20.0,7.0,100.0,16.55
3663.0,2.0,20.0,7.0,100.0,12.91
3664.0,3.0,20.0,7.0,100.0,11.86
3665.0,5.0,20.0,7.0,100.0,8.2
3666.0,10.0,20.0,7.0,100.0,8.76
3667.0,20.0,20.0,7.0,100.0,8.06
3668.0,40.0,20.0,7.0,100.0,12.64
3669.0,49.0,20.0,7.0,100.0,14.68
3670.0,0.0,20.0,7.0,100.0,13.95
3671.0,0.5,20.0,7.0,100.0,23.58
3672.0,1.0,20.0,7.0,100.0,13.94
3673.0,2.0,20.0,7.0,100.0,9.73
3674.0,3.0,20.0,7.0,100.0,9.67
3675.0,5.0,20.0,7.0,100.0,9.54
3676.0,10.0,20.0,7.0,100.0,10.78
3677.0,20.0,20.0,7.0,100.0,11.22
3678.0,40.0,20.0,7.0,100.0,13.12
3679.0,49.0,20.0,7.0,100.0,13.09
3680.0,0.0,20.0,7.0,100.0,17.82
3681.0,0.5,20.0,7.0,100.0,11.35
3682.0,1.0,20.0,7.0,100.0,12.57
3683.0,2.0,20.0,7.0,100.0,10.5
3684.0,3.0,20.0,7.0,100.0,11.32
3685.0,5.0,20.0,7.0,100.0,8.67
3686.0,10.0,20.0,7.0,100.0,9.59
3687.0,20.0,20.0,7.0,100.0,10.58
3688.0,40.0,20.0,7.0,100.0,8.99
3689.0,49.0,20.0,7.0,100.0,12.38
3690.0,0.0,20.0,7.0,100.0,26.28
3691.0,0.5,20.0,7.0,100.0,11.59
3692.0,1.0,20.0,7.0,100.0,17.14
3693.0,2.0,20.0,7.0,100.0,9.2
3694.0,3.0,20.0,7.0,100.0,17.65
3695.0,5.0,20.0,7.0,100.0,10.28
3696.0,10.0,20.0,7.0,100.0,9.05
3697.0,20.0,20.0,7.0,100.0,8.22
3698.0,40.0,20.0,7.0,100.0,14.57
3699.0,49.0,20.0,7.0,100.0,17.06
3700.0,0.0,20.0,7.0,100.0,21.26
3701.0,0.5,20.0,7.0,100.0,25.93
3702.0,1.0,20.0,7.0,100.0,10.49
3703.0,2.0,20.0,7.0,100.0,12.9
3704.0,3.0,20.0,7.0,100.0,9.13
3705.0,5.0,20.0,7.0,100.0,13.68
3706.0,10.0,20.0,7.0,100.0,9.23
3707.0,20.0,20.0,7.0,100.0,8.64
3708.0,40.0,20.0,7.0,100.0,14.07
3709.0,49.0,20.0,7.0,100.0,9.76
3710.0,0.0,20.0,7.0,100.0,12.3
3711.0,0.5,20.0,7.0,100.0,11.79
3712.0,1.0,20.0,7.0,100.0,14.47
3713.0,2.0,20.0,7.0,100.0,11.26
3714.0,3.0,20.0,7.0,100.0,15.14
3715.0,5.0,20.0,7.0,100.0,14.02
3716.0,10.0,20.0,7.0,100.0,9.09
3717.0,20.0,20.0,7.0,100.0,10.16
3718.0,40.0,20.0,7.0,100.0,9.79
3719.0,49.0,20.0,7.0,100.0,10.65
3720.0,0.0,20.0,7.0,100.0,17.6
3721.0,0.5,20.0,7.0,100.0,14.76
3722.0,1.0,20.0,7.0,100.0,11.1
3723.0,2.0,20.0,7.0,100.0,9.63
3724.0,3.0,20.0,7.0,100.0,10.21
3725.0,5.0,20.0,7.0,100.0,7.77
3726.0,10.0,20.0,7.0,100.0,9.64
3727.0,20.0,20.0,7.0,100.0,9.82
3728.0,40.0,20.0,7.0,100.0,12.78
3729.0,49.0,20.0,7.0,100.0,11.07
3730.0,0.0,20.0,7.0,100.0,19.13
3731.0,0.5,20.0,7.0,100.0,19.43
3732.0,1.0,20.0,7.0,100.0,15.42
3733.0,2.0,20.0,7.0,100.0,16.28
3734.0,3.0,20.0,7.0,100.0,8.92
3735.0,5.0,20.0,7.0,100.0,7.8
3736.0,10.0,20.0,7.0,100.0,9.02
3737.0,20.0,20.0,7.0,100.0,11.51
3738.0,40.0,20.0,7.0,100.0,10.49
3739.0,49.0,20.0,7.0,100.0,16.13
3740.0,0.0,20.0,7.0,100.0,22.52
3741.0,0.5,20.0,7.0,100.0,19.5
3742.0,1.0,20.0,7.0,100.0,15.94
3743.0,2.0,20.0,7.0,100.0,17.53
3744.0,3.0,20.0,7.0,100.0,16.37
3745.0,5.0,20.0,7.0,100.0,8.9
3746.0,10.0,20.0,7.0,100.0,9.91
3747.0,20.0,20.0,7.0,100.0,8.59
3748.0,40.0,20.0,7.0,100.0,11.09
3749.0,49.0,20.0,7.0,100.0,16.35
3750.0,0.0,20.0,7.0,100.0,12.14
3751.0,0.5,20.0,7.0,100.0,13.2
3752.0,1.0,20.0,7.0,100.0,8.82
3753.0,2.0,20.0,7.0,100.0,9.53
3754.0,3.0,20.0,7.0,100.0,10.87
3755.0,5.0,20.0,7.0,100.0,9.08
3756.0,10.0,20.0,7.0,100.0,11.14
3757.0,20.0,20.0,7.0,100.0,11.87
3758.0,40.0,20.0,7.0,100.0,19.62
3759.0,49.0,20.0,7.0,100.0,11.26
3760.0,0.0,20.0,7.0,100.0,19.03
3761.0,0.5,20.0,7.0,100.0,17.25
3762.0,1.0,20.0,7.0,100.0,18.81
3763.0,2.0,20.0,7.0,100.0,9.58
3764.0,3.0,20.0,7.0,100.0,10.42
3765.0,5.0,20.0,7.0,100.0,10.54
3766.0,10.0,20.0,7.0,100.0,13.29
3767.0,20.0,20.0,7.0,100.0,10.94
3768.0,40.0,20.0,7.0,100.0,9.74
3769.0,49.0,20.0,7.0,100.0,16.46
3770.0,0.0,20.0,7.0,100.0,18.08
3771.0,0.5,20.0,7.0,100.0,23.57
3772.0,1.0,20.0,7.0,100.0,20.64
3773.0,2.0,20.0,7.0,100.0,14.14
3774.0,3.0,20.0,7.0,100.0,10.32
3775.0,5.0,20.0,7.0,100.0,10.24
3776.0,10.0,20.0,7.0,100.0,8.96
3777.0,20.0,20.0,7.0,100.0,12.17
3778.0,40.0,20.0,7.0,100.0,11.25
3779.0,49.0,20.0,7.0,100.0,16.24
3780.0,0.0,20.0,7.0,100.0,15.24
3781.0,0.5,20.0,7.0,100.0,12.3
3782.0,1.0,20.0,7.0,100.0,11.47
3783.0,2.0,20.0,7.0,100.0,8.53
3784.0,3.0,20.0,7.0,100.0,9.73
3785.0,5.0,20.0,7.0,100.0,10.77
3786.0,10.0,20.0,7.0,100.0,10.45
3787.0,20.0,20.0,7.0,100.0,9.77
3788.0,40.0,20.0,7.0,100.0,13.93
3789.0,49.0,20.0,7.0,100.0,13.14
3790.0,0.0,20.0,7.0,100.0,19.15
3791.0,0.5,20.0,7.0,100.0,9.82
3792.0,1.0,20.0,7.0,100.0,11.81
3793.0,2.0,20.0,7.0,100.0,13.72
3794.0,3.0,20.0,7.0,100.0,10.23
3795.0,5.0,20.0,7.0,100.0,9.74
3796.0,10.0,20.0,7.0,100.0,7.82
3797.0,20.0,20.0,7.0,100.0,9.55
3798.0,40.0,20.0,7.0,100.0,11.96
3799.0,49.0,20.0,7.0,100.0,14.37
3800.0,0.0,20.0,7.0,100.0,21.2
3801.0,0.5,20.0,7.0,100.0,15.3
3802.0,1.0,20.0,7.0,100.0,25.25
3803.0,2.0,20.0,7.0,100.0,8.64
3804.0,3.0,20.0,7.0,100.0,9.13
3805.0,5.0,20.0,7.0,100.0,9.77
3806.0,10.0,20.0,7.0,100.0,11.31
3807.0,20.0,20.0,7.0,100.0,13.86
3808.0,40.0,20.0,7.0,100.0,12.89
3809.0,49.0,20.0,7.0,100.0,9.97
3810.0,0.0,20.0,7.0,100.0,16.8
3811.0,0.5,20.0,7.0,100.0,13.31
3812.0,1.0,20.0,7.0,100.0,9.66
3813.0,2.0,20.0,7.0,100.0,10.12
3814.0,3.0,20.0,7.0,100.0,9.63
3815.0,5.0,20.0,7.0,100.0,9.16
3816.0,10.0,20.0,7.0,100.0,9.11
3817.0,20.0,20.0,7.0,100.0,13.28
3818.0,40.0,20.0,7.0,100.0,11.42
3819.0,49.0,20.0,7.0,100.0,12.99
3820.0,0.0,20.0,7.0,100.0,17.12
3821.0,0.5,20.0,7.0,100.0,22.1
3822.0,1.0,20.0,7.0,100.0,9.85
3823.0,2.0,20.0,7.0,100.0,8.53
3824.0,3.0,20.0,7.0,100.0,13.06
3825.0,5.0,20.0,7.0,100.0,8.31
3826.0,10.0,20.0,7.0,100.0,9.24
3827.0,20.0,20.0,7.0,100.0,9.1
3828.0,40.0,20.0,7.0,100.0,11.02
3829.0,49.0,20.0,7.0,100.0,16.24
3830.0,0.0,20.0,7.0,100.0,22.7
3831.0,0.5,20.0,7.0,100.0,8.4
3832.0,1.0,20.0,7.0,100.0,13.49
3833.0,2.0,20.0,7.0,100.0,15.08
3834.0,3.0,20.0,7.0,100.0,9.61
3835.0,5.0,20.0,7.0,100.0,10.2
3836.0,10.0,20.0,7.0,100.0,8.91
3837.0,20.0,20.0,7.0,100.0,9.42
3838.0,40.0,20.0,7.0,100.0,13.91
3839.0,49.0,20.0,7.0,100.0,16.7
3840.0,0.0,20.0,7.0,100.0,26.06
3841.0,0.5,20.0,7.0,100.0,20.09
3842.0,1.0,20.0,7.0,100.0,8.21
3843.0,2.0,20.0,7.0,100.0,12.33
3844.0,3.0,20.0,7.0,100.0,8.65
3845.0,5.0,20.0,7.0,100.0,8.12
3846.0,10.0,20.0,7.0,100.0,10.13
3847.0,20.0,20.0,7.0,100.0,10.78
3848.0,40.0,20.0,7.0,100.0,14.46
3849.0,49.0,20.0,7.0,100.0,12.83
3850.0,0.0,20.0,7.0,100.0,21.61
3851.0,0.5,20.0,7.0,100.0,21.14
3852.0,1.0,20.0,7.0,100.0,11.88
3853.0,2.0,20.0,7.0,100.0,12.28
3854.0,3.0,20.0,7.0,100.0,13.08
3855.0,5.0,20.0,7.0,100.0,11.44
3856.0,10.0,20.0,7.0,100.0,11.8
3857.0,20.0,20.0,7.0,100.0,10.58
3858.0,40.0,20.0,7.0,100.0,9.42
3859.0,49.0,20.0,7.0,100.0,8.26
3860.0,0.0,20.0,7.0,100.0,24.41
3861.0,0.5,20.0,7.0,100.0,13.52
3862.0,1.0,20.0,7.0,100.0,23.73
3863.0,2.0,20.0,7.0,100.0,10.22
3864.0,3.0,20.0,7.0,100.0,13.17
3865.0,5.0,20.0,7.0,100.0,8.61
3866.0,10.0,20.0,7.0,100.0,9.64
3867.0,20.0,20.0,7.0,100.0,9.83
3868.0,40.0,20.0,7.0,100.0,11.45
3869.0,49.0,20.0,7.0,100.0,11.37
3870.0,0.0,20.0,7.0,100.0,18.25
3871.0,0.5,20.0,7.0,100.0,13.29
3872.0,1.0,20.0,7.0,100.0,17.79
3873.0,2.0,20.0,7.0,100.0,12.88
3874.0,3.0,20.0,7.0,100.0,8.1
3875.0,5.0,20.0,7.0,100.0,8.53
3876.0,10.0,20.0,7.0,100.0,9.72
3877.0,20.0,20.0,7.0,100.0,8.91
3878.0,40.0,20.0,7.0,100.0,16.96
3879.0,49.0,20.0,7.0,100.0,12.0
3880.0,0.0,20.0,7.0,100.0,24.01
3881.0,0.5,20.0,7.0,100.0,23.73
3882.0,1.0,20.0,7.0,100.0,22.67
3883.0,2.0,20.0,7.0,100.0,8.73
3884.0,3.0,20.0,7.0,100.0,11.89
3885.0,5.0,20.0,7.0,100.0,8.66
3886.0,10.0,20.0,7.0,100.0,10.57
3887.0,20.0,20.0,7.0,100.0,9.6
3888.0,40.0,20.0,7.0,100.0,10.94
3889.0,49.0,20.0,7.0,100.0,14.11
3890.0,0.0,20.0,7.0,100.0,22.82
3891.0,0.5,20.0,7.0,100.0,16.22
3892.0,1.0,20.0,7.0,100.0,8.58
3893.0,2.0,20.0,7.0,100.0,16.58
3894.0,3.0,20.0,7.0,100.0,16.27
3895.0,5.0,20.0,7.0,100.0,11.0
3896.0,10.0,20.0,7.0,100.0,10.39
3897.0,20.0,20.0,7.0,100.0,8.29
3898.0,40.0,20.0,7.0,100.0,17.0
3899.0,49.0,20.0,7.0,100.0,16.56
3900.0,0.0,20.0,7.0,100.0,20.01
3901.0,0.5,20.0,7.0,100.0,14.05
3902.0,1.0,20.0,7.0,100.0,14.75
3903.0,2.0,20.0,7.0,100.0,9.39
3904.0,3.0,20.0,7.0,100.0,10.37
3905.0,5.0,20.0,7.0,100.0,10.43
3906.0,10.0,20.0,7.0,100.0,9.29
3907.0,20.0,20.0,7.0,100.0,7.92
3908.0,40.0,20.0,7.0,100.0,9.81
3909.0,49.0,20.0,7.0,100.0,10.36
3910.0,0.0,20.0,7.0,100.0,17.17
3911.0,0.5,20.0,7.0,100.0,23.85
3912.0,1.0,20.0,7.0,100.0,19.57
3913.0,2.0,20.0,7.0,100.0,7.97
3914.0,3.0,20.0,7.0,100.0,8.74
3915.0,5.0,20.0,7.0,100.0,9.03
3916.0,10.0,20.0,7.0,100.0,11.19
3917.0,20.0,20.0,7.0,100.0,7.85
3918.0,40.0,20.0,7.0,100.0,19.29
3919.0,49.0,20.0,7.0,100.0,18.16
3920.0,0.0,20.0,7.0,100.0,16.87
3921.0,0.5,20.0,7.0,100.0,21.72
3922.0,1.0,20.0,7.0,100.0,13.13
3923.0,2.0,20.0,7.0,100.0,17.67
3924.0,3.0,20.0,7.0,100.0,17.75
3925.0,5.0,20.0,7.0,100.0,13.86
3926.0,10.0,20.0,7.0,100.0,11.42
3927.0,20.0,20.0,7.0,100.0,9.82
3928.0,40.0,20.0,7.0,100.0,8.33
3929.0,49.0,20.0,7.0,100.0,16.74
3930.0,0.0,20.0,7.0,100.0,17.06
3931.0,0.5,20.0,7.0,100.0,18.42
3932.0,1.0,20.0,7.0,100.0,11.91
3933.0,2.0,20.0,7.0,100.0,13.65
3934.0,3.0,20.0,7.0,100.0,14.1
3935.0,5.0,20.0,7.0,100.0,10.48
3936.0,10.0,20.0,7.0,100.0,8.04
3937.0,20.0,20.0,7.0,100.0,7.97
3938.0,40.0,20.0,7.0,100.0,8.88
3939.0,49.0,20.0,7.0,100.0,19.2
3940.0,0.0,20.0,7.0,100.0,25.67
3941.0,0.5,20.0,7.0,100.0,20.83
3942.0,1.0,20.0,7.0,100.0,12.95
3943.0,2.0,20.0,7.0,100.0,14.07
3944.0,3.0,20.0,7.0,100.0,12.19
3945.0,5.0,20.0,7.0,100.0,10.32
3946.0,10.0,20.0,7.0,100.0,9.56
3947.0,20.0,20.0,7.0,100.0,9.36
3948.0,40.0,20.0,7.0,100.0,14.13
3949.0,49.0,20.0,7.0,100.0,14.96
3950.0,0.0,20.0,7.0,100.0,17.99
3951.0,0.5,20.0,7.0,100.0,14.59
3952.0,1.0,20.0,7.0,100.0,17.22
3953.0,2.0,20.0,7.0,100.0,17.31
3954.0,3.0,20.0,7.0,100.0,9.84
3955.0,5.0,20.0,7.0,100.0,7.83
3956.0,10.0,20.0,7.0,100.0,8.28
3957.0,20.0,20.0,7.0,100.0,8.89
3958.0,40.0,20.0,7.0,100.0,11.49
3959.0,49.0,20.0,7.0,100.0,12.25
3960.0,0.0,20.0,7.0,100.0,20.66
3961.0,0.5,20.0,7.0,100.0,14.3
3962.0,1.0,20.0,7.0,100.0,10.55
3963.0,2.0,20.0,7.0,100.0,12.34
3964.0,3.0,20.0,7.0,100.0,17.07
3965.0,5.0,20.0,7.0,100.0,9.11
3966.0,10.0,20.0,7.0,100.0,10.3
3967.0,20.0,20.0,7.0,100.0,11.71
3968.0,40.0,20.0,7.0,100.0,12.54
3969.0,49.0,20.0,7.0,100.0,10.64
3970.0,0.0,20.0,7.0,100.0,24.34
3971.0,0.5,20.0,7.0,100.0,19.03
3972.0,1.0,20.0,7.0,100.0,12.39
3973.0,2.0,20.0,7.0,100.0,9.51
3974.0,3.0,20.0,7.0,100.0,10.89
3975.0,5.0,20.0,7.0,100.0,7.95
3976.0,10.0,20.0,7.0,100.0,11.38
3977.0,20.0,20.0,7.0,100.0,8.99
3978.0,40.0,20.0,7.0,100.0,10.89
3979.0,49.0,20.0,7.0,100.0,9.65
3980.0,0.0,20.0,7.0,100.0,20.25
3981.0,0.5,20.0,7.0,100.0,21.43
3982.0,1.0,20.0,7.0,100.0,14.57
3983.0,2.0,20.0,7.0,100.0,8.59
3984.0,3.0,20.0,7.0,100.0,10.24
3985.0,5.0,20.0,7.0,100.0,10.29
3986.0,10.0,20.0,7.0,100.0,8.32
3987.0,20.0,20.0,7.0,100.0,10.06
3988.0,40.0,20.0,7.0,100.0,13.25
3989.0,49.0,20.0,7.0,100.0,13.76
3990.0,0.0,20.0,7.0,100.0,19.99
3991.0,0.5,20.0,7.0,100.0,14.92
3992.0,1.0,20.0,7.0,100.0,10.17
3993.0,2.0,20.0,7.0,100.0,9.28
3994.0,3.0,20.0,7.0,100.0,9.19
3995.0,5.0,20.0,7.0,100.0,10.85
3996.0,10.0,20.0,7.0,100.0,14.15
3997.0,20.0,20.0,7.0,100.0,9.59
3998.0,40.0,20.0,7.0,100.0,9.01
3999.0,49.0,20.0,7.0,100.0,14.68
4000.0,0.0,20.0,8.0,100.0,11.61
4001.0,0.5,20.0,8.0,100.0,11.66
4002.0,1.0,20.0,8.0,100.0,9.95
4003.0,2.0,20.0,8.0,100.0,12.19
4004.0,3.0,20.0,8.0,100.0,10.59
4005.0,5.0,20.0,8.0,100.0,9.89
4006.0,10.0,20.0,8.0,100.0,9.65
4007.0,20.0,20.0,8.0,100.0,10.55
4008.0,40.0,20.0,8.0,100.0,20.99
4009.0,49.0,20.0,8.0,100.0,14.61
4010.0,0.0,20.0,8.0,100.0,11.05
4011.0,0.5,20.0,8.0,100.0,16.19
4012.0,1.0,20.0,8.0,100.0,10.66
4013.0,2.0,20.0,8.0,100.0,13.52
4014.0,3.0,20.0,8.0,100.0,22.02
4015.0,5.0,20.0,8.0,100.0,10.09
4016.0,10.0,20.0,8.0,100.0,8.52
4017.0,20.0,20.0,8.0,100.0,10.61
4018.0,40.0,20.0,8.0,100.0,10.12
4019.0,49.0,20.0,8.0,100.0,13.3
4020.0,0.0,20.0,8.0,100.0,23.07
4021.0,0.5,20.0,8.0,100.0,19.44
4022.0,1.0,20.0,8.0,100.0,13.44
4023.0,2.0,20.0,8.0,100.0,10.09
4024.0,3.0,20.0,8.0,100.0,13.23
4025.0,5.0,20.0,8.0,100.0,13.3
4026.0,10.0,20.0,8.0,100.0,12.03
4027.0,20.0,20.0,8.0,100.0,9.19
4028.0,40.0,20.0,8.0,100.0,13.43
4029.0,49.0,20.0,8.0,100.0,14.9
4030.0,0.0,20.0,8.0,100.0,24.29
4031.0,0.5,20.0,8.0,100.0,9.31
4032.0,1.0,20.0,8.0,100.0,13.97
4033.0,2.0,20.0,8.0,100.0,13.67
4034.0,3.0,20.0,8.0,100.0,9.83
4035.0,5.0,20.0,8.0,100.0,8.59
4036.0,10.0,20.0,8.0,100.0,10.78
4037.0,20.0,20.0,8.0,100.0,8.27
4038.0,40.0,20.0,8.0,100.0,8.92
4039.0,49.0,20.0,8.0,100.0,18.11
4040.0,0.0,20.0,8.0,100.0,11.5
4041.0,0.5,20.0,8.0,100.0,10.71
4042.0,1.0,20.0,8.0,100.0,18.69
4043.0,2.0,20.0,8.0,100.0,9.65
4044.0,3.0,20.0,8.0,100.0,9.2
4045.0,5.0,20.0,8.0,100.0,9.51
4046.0,10.0,20.0,8.0,100.0,9.41
4047.0,20.0,20.0,8.0,100.0,10.86
4048.0,40.0,20.0,8.0,100.0,12.39
4049.0,49.0,20.0,8.0,100.0,14.01
4050.0,0.0,20.0,8.0,100.0,16.54
4051.0,0.5,20.0,8.0,100.0,9.11
4052.0,1.0,20.0,8.0,100.0,14.1
4053.0,2.0,20.0,8.0,100.0,11.21
4054.0,3.0,20.0,8.0,100.0,10.62
4055.0,5.0,20.0,8.0,100.0,9.44
4056.0,10.0,20.0,8.0,100.0,9.28
4057.0,20.0,20.0,8.0,100.0,12.82
4058.0,40.0,20.0,8.0,100.0,15.0
4059.0,49.0,20.0,8.0,100.0,12.98
4060.0,0.0,20.0,8.0,100.0,20.08
4061.0,0.5,20.0,8.0,100.0,14.98
4062.0,1.0,20.0,8.0,100.0,8.68
4063.0,2.0,20.0,8.0,100.0,10.85
4064.0,3.0,20.0,8.0,100.0,12.45
4065.0,5.0,20.0,8.0,100.0,10.35
4066.0,10.0,20.0,8.0,100.0,9.96
4067.0,20.0,20.0,8.0,100.0,11.27
4068.0,40.0,20.0,8.0,100.0,11.06
4069.0,49.0,20.0,8.0,100.0,11.8
4070.0,0.0,20.0,8.0,100.0,20.79
4071.0,0.5,20.0,8.0,100.0,10.67
4072.0,1.0,20.0,8.0,100.0,11.31
4073.0,2.0,20.0,8.0,100.0,16.27
4074.0,3.0,20.0,8.0,100.0,14.03
4075.0,5.0,20.0,8.0,100.0,10.49
4076.0,10.0,20.0,8.0,100.0,9.88
4077.0,20.0,20.0,8.0,100.0,13.98
4078.0,40.0,20.0,8.0,100.0,16.04
4079.0,49.0,20.0,8.0,100.0,12.8
4080.0,0.0,20.0,8.0,100.0,23.24
4081.0,0.5,20.0,8.0,100.0,20.85
4082.0,1.0,20.0,8.0,100.0,11.98
4083.0,2.0,20.0,8.0,100.0,10.89
4084.0,3.0,20.0,8.0,100.0,17.98
4085.0,5.0,20.0,8.0,100.0,8.09
4086.0,10.0,20.0,8.0,100.0,8.05
4087.0,20.0,20.0,8.0,100.0,8.91
4088.0,40.0,20.0,8.0,100.0,12.35
4089.0,49.0,20.0,8.0,100.0,12.84
4090.0,0.0,20.0,8.0,100.0,20.16
4091.0,0.5,20.0,8.0,100.0,19.5
4092.0,1.0,20.0,8.0,100.0,13.85
4093.0,2.0,20.0,8.0,100.0,13.27
4094.0,3.0,20.0,8.0,100.0,10.1
4095.0,5.0,20.0,8.0,100.0,10.12
4096.0,10.0,20.0,8.0,100.0,9.37
4097.0,20.0,20.0,8.0,100.0,16.28
4098.0,40.0,20.0,8.0,100.0,19.53
4099.0,49.0,20.0,8.0,100.0,9.11
4100.0,0.0,20.0,8.0,100.0,20.02
4101.0,0.5,20.0,8.0,100.0,14.61
4102.0,1.0,20.0,8.0,100.0,18.55
4103.0,2.0,20.0,8.0,100.0,15.63
4104.0,3.0,20.0,8.0,100.0,13.05
4105.0,5.0,20.0,8.0,100.0,8.41
4106.0,10.0,20.0,8.0,100.0,8.21
4107.0,20.0,20.0,8.0,100.0,12.95
4108.0,40.0,20.0,8.0,100.0,12.97
4109.0,49.0,20.0,8.0,100.0,11.65
4110.0,0.0,20.0,8.0,100.0,14.86
4111.0,0.5,20.0,8.0,100.0,12.34
4112.0,1.0,20.0,8.0,100.0,13.0
4113.0,2.0,20.0,8.0,100.0,13.34
4114.0,3.0,20.0,8.0,100.0,24.08
4115.0,5.0,20.0,8.0,100.0,9.37
4116.0,10.0,20.0,8.0,100.0,11.28
4117.0,20.0,20.0,8.0,100.0,9.88
4118.0,40.0,20.0,8.0,100.0,16.81
4119.0,49.0,20.0,8.0,100.0,12.35
4120.0,0.0,20.0,8.0,100.0,22.37
4121.0,0.5,20.0,8.0,100.0,14.0
4122.0,1.0,20.0,8.0,100.0,10.73
4123.0,2.0,20.0,8.0,100.0,18.82
4124.0,3.0,20.0,8.0,100.0,9.79
4125.0,5.0,20.0,8.0,100.0,9.38
4126.0,10.0,20.0,8.0,100.0,9.36
4127.0,20.0,20.0,8.0,100.0,9.29
4128.0,40.0,20.0,8.0,100.0,12.05
4129.0,49.0,20.0,8.0,100.0,11.53
4130.0,0.0,20.0,8.0,100.0,15.22
4131.0,0.5,20.0,8.0,100.0,21.48
4132.0,1.0,20.0,8.0,100.0,10.86
4133.0,2.0,20.0,8.0,100.0,16.05
4134.0,3.0,20.0,8.0,100.0,13.27
4135.0,5.0,20.0,8.0,100.0,13.26
4136.0,10.0,20.0,8.0,100.0,7.41
4137.0,20.0,20.0,8.0,100.0,13.04
4138.0,40.0,20.0,8.0,100.0,14.73
4139.0,49.0,20.0,8.0,100.0,11.27
4140.0,0.0,20.0,8.0,100.0,23.48
4141.0,0.5,20.0,8.0,100.0,18.13
4142.0,1.0,20.0,8.0,100.0,12.08
4143.0,2.0,20.0,8.0,100.0,10.13
4144.0,3.0,20.0,8.0,100.0,9.96
4145.0,5.0,20.0,8.0,100.0,9.76
4146.0,10.0,20.0,8.0,100.0,7.8
4147.0,20.0,20.0,8.0,100.0,9.14
4148.0,40.0,20.0,8.0,100.0,14.02
4149.0,49.0,20.0,8.0,100.0,10.13
4150.0,0.0,20.0,8.0,100.0,18.28
4151.0,0.5,20.0,8.0,100.0,17.8
4152.0,1.0,20.0,8.0,100.0,7.99
4153.0,2.0,20.0,8.0,100.0,14.45
4154.0,3.0,20.0,8.0,100.0,10.05
4155.0,5.0,20.0,8.0,100.0,8.48
4156.0,10.0,20.0,8.0,100.0,14.03
4157.0,20.0,20.0,8.0,100.0,13.25
4158.0,40.0,20.0,8.0,100.0,10.63
4159.0,49.0,20.0,8.0,100.0,17.65
4160.0,0.0,20.0,8.0,100.0,13.72
4161.0,0.5,20.0,8.0,100.0,11.75
4162.0,1.0,20.0,8.0,100.0,13.21
4163.0,2.0,20.0,8.0,100.0,8.85
4164.0,3.0,20.0,8.0,100.0,10.57
4165.0,5.0,20.0,8.0,100.0,8.78
4166.0,10.0,20.0,8.0,100.0,9.67
4167.0,20.0,20.0,8.0,100.0,9.84
4168.0,40.0,20.0,8.0,100.0,15.6
4169.0,49.0,20.0,8.0,100.0,15.76
4170.0,0.0,20.0,8.0,100.0,15.27
4171.0,0.5,20.0,8.0,100.0,10.09
4172.0,1.0,20.0,8.0,100.0,12.68
4173.0,2.0,20.0,8.0,100.0,8.94
4174.0,3.0,20.0,8.0,100.0,10.47
4175.0,5.0,20.0,8.0,100.0,10.27
4176.0,10.0,20.0,8.0,100.0,9.16
4177.0,20.0,20.0,8.0,100.0,15.56
4178.0,40.0,20.0,8.0,100.0,8.73
4179.0,49.0,20.0,8.0,100.0,12.49
4180.0,0.0,20.0,8.0,100.0,9.54
4181.0,0.5,20.0,8.0,100.0,12.35
4182.0,1.0,20.0,8.0,100.0,12.78
4183.0,2.0,20.0,8.0,100.0,20.1
4184.0,3.0,20.0,8.0,100.0,10.45
4185.0,5.0,20.0,8.0,100.0,10.92
4186.0,10.0,20.0,8.0,100.0,9.33
4187.0,20.0,20.0,8.0,100.0,10.95
4188.0,40.0,20.0,8.0,100.0,9.39
4189.0,49.0,20.0,8.0,100.0,16.61
4190.0,0.0,20.0,8.0,100.0,24.21
4191.0,0.5,20.0,8.0,100.0,17.32
4192.0,1.0,20.0,8.0,100.0,19.8
4193.0,2.0,20.0,8.0,100.0,15.26
4194.0,3.0,20.0,8.0,100.0,13.89
4195.0,5.0,20.0,8.0,100.0,9.78
4196.0,10.0,20.0,8.0,100.0,10.69
4197.0,20.0,20.0,8.0,100.0,10.67
4198.0,40.0,20.0,8.0,100.0,9.83
4199.0,49.0,20.0,8.0,100.0,10.77
4200.0,0.0,20.0,8.0,100.0,21.37
4201.0,0.5,20.0,8.0,100.0,24.54
4202.0,1.0,20.0,8.0,100.0,13.96
4203.0,2.0,20.0,8.0,100.0,13.12
4204.0,3.0,20.0,8.0,100.0,15.25
4205.0,5.0,20.0,8.0,100.0,8.19
4206.0,10.0,20.0,8.0,100.0,8.13
4207.0,20.0,20.0,8.0,100.0,9.56
4208.0,40.0,20.0,8.0,100.0,15.74
4209.0,49.0,20.0,8.0,100.0,14.94
4210.0,0.0,20.0,8.0,100.0,18.41
4211.0,0.5,20.0,8.0,100.0,20.42
4212.0,1.0,20.0,8.0,100.0,15.34
4213.0,2.0,20.0,8.0,100.0,10.35
4214.0,3.0,20.0,8.0,100.0,12.26
4215.0,5.0,20.0,8.0,100.0,8.17
4216.0,10.0,20.0,8.0,100.0,14.07
4217.0,20.0,20.0,8.0,100.0,12.91
4218.0,40.0,20.0,8.0,100.0,10.95
4219.0,49.0,20.0,8.0,100.0,16.13
4220.0,0.0,20.0,8.0,100.0,17.47
4221.0,0.5,20.0,8.0,100.0,17.75
4222.0,1.0,20.0,8.0,100.0,8.14
4223.0,2.0,20.0,8.0,100.0,10.77
4224.0,3.0,20.0,8.0,100.0,14.24
4225.0,5.0,20.0,8.0,100.0,9.43
4226.0,10.0,20.0,8.0,100.0,9.9
4227.0,20.0,20.0,8.0,100.0,12.34
4228.0,40.0,20.0,8.0,100.0,16.71
4229.0,49.0,20.0,8.0,100.0,19.65
4230.0,0.0,20.0,8.0,100.0,11.54
4231.0,0.5,20.0,8.0,100.0,11.09
4232.0,1.0,20.0,8.0,100.0,15.29
4233.0,2.0,20.0,8.0,100.0,13.14
4234.0,3.0,20.0,8.0,100.0,10.42
4235.0,5.0,20.0,8.0,100.0,8.6
4236.0,10.0,20.0,8.0,100.0,10.37
4237.0,20.0,20.0,8.0,100.0,8.64
4238.0,40.0,20.0,8.0,100.0,8.72
4239.0,49.0,20.0,8.0,100.0,15.26
4240.0,0.0,20.0,8.0,100.0,24.29
4241.0,0.5,20.0,8.0,100.0,15.36
4242.0,1.0,20.0,8.0,100.0,14.07
4243.0,2.0,20.0,8.0,100.0,16.58
4244.0,3.0,20.0,8.0,100.0,8.95
4245.0,5.0,20.0,8.0,100.0,8.92
4246.0,10.0,20.0,8.0,100.0,9.29
4247.0,20.0,20.0,8.0,100.0,8.81
4248.0,40.0,20.0,8.0,100.0,16.44
4249.0,49.0,20.0,8.0,100.0,14.3
4250.0,0.0,20.0,8.0,100.0,28.77
4251.0,0.5,20.0,8.0,100.0,19.48
4252.0,1.0,20.0,8.0,100.0,15.43
4253.0,2.0,20.0,8.0,100.0,10.7
4254.0,3.0,20.0,8.0,100.0,9.69
4255.0,5.0,20.0,8.0,100.0,8.48
4256.0,10.0,20.0,8.0,100.0,12.42
4257.0,20.0,20.0,8.0,100.0,9.31
4258.0,40.0,20.0,8.0,100.0,17.43
4259.0,49.0,20.0,8.0,100.0,10.67
4260.0,0.0,20.0,8.0,100.0,27.93
4261.0,0.5,20.0,8.0,100.0,9.54
4262.0,1.0,20.0,8.0,100.0,8.57
4263.0,2.0,20.0,8.0,100.0,14.39
4264.0,3.0,20.0,8.0,100.0,10.41
4265.0,5.0,20.0,8.0,100.0,9.95
4266.0,10.0,20.0,8.0,100.0,9.86
4267.0,20.0,20.0,8.0,100.0,14.05
4268.0,40.0,20.0,8.0,100.0,17.78
4269.0,49.0,20.0,8.0,100.0,15.92
4270.0,0.0,20.0,8.0,100.0,11.96
4271.0,0.5,20.0,8.0,100.0,13.2
4272.0,1.0,20.0,8.0,100.0,11.88
4273.0,2.0,20.0,8.0,100.0,10.61
4274.0,3.0,20.0,8.0,100.0,14.27
4275.0,5.0,20.0,8.0,100.0,12.25
4276.0,10.0,20.0,8.0,100.0,9.29
4277.0,20.0,20.0,8.0,100.0,7.88
4278.0,40.0,20.0,8.0,100.0,13.54
4279.0,49.0,20.0,8.0,100.0,17.57
4280.0,0.0,20.0,8.0,100.0,17.15
4281.0,0.5,20.0,8.0,100.0,23.1
4282.0,1.0,20.0,8.0,100.0,17.59
4283.0,2.0,20.0,8.0,100.0,14.63
4284.0,3.0,20.0,8.0,100.0,21.25
4285.0,5.0,20.0,8.0,100.0,10.11
4286.0,10.0,20.0,8.0,100.0,9.92
4287.0,20.0,20.0,8.0,100.0,9.64
4288.0,40.0,20.0,8.0,100.0,11.47
4289.0,49.0,20.0,8.0,100.0,9.59
4290.0,0.0,20.0,8.0,100.0,13.5
4291.0,0.5,20.0,8.0,100.0,13.37
4292.0,1.0,20.0,8.0,100.0,14.23
4293.0,2.0,20.0,8.0,100.0,12.71
4294.0,3.0,20.0,8.0,100.0,9.11
4295.0,5.0,20.0,8.0,100.0,8.2
4296.0,10.0,20.0,8.0,100.0,11.51
4297.0,20.0,20.0,8.0,100.0,10.53
4298.0,40.0,20.0,8.0,100.0,11.32
4299.0,49.0,20.0,8.0,100.0,14.84
4300.0,0.0,20.0,8.0,100.0,19.1
4301.0,0.5,20.0,8.0,100.0,8.64
4302.0,1.0,20.0,8.0,100.0,15.77
4303.0,2.0,20.0,8.0,100.0,19.88
4304.0,3.0,20.0,8.0,100.0,12.0
4305.0,5.0,20.0,8.0,100.0,9.33
4306.0,10.0,20.0,8.0,100.0,8.11
4307.0,20.0,20.0,8.0,100.0,13.76
4308.0,40.0,20.0,8.0,100.0,16.36
4309.0,49.0,20.0,8.0,100.0,13.33
4310.0,0.0,20.0,8.0,100.0,24.97
4311.0,0.5,20.0,8.0,100.0,10.41
4312.0,1.0,20.0,8.0,100.0,18.2
4313.0,2.0,20.0,8.0,100.0,9.85
4314.0,3.0,20.0,8.0,100.0,10.45
4315.0,5.0,20.0,8.0,100.0,9.64
4316.0,10.0,20.0,8.0,100.0,9.62
4317.0,20.0,20.0,8.0,100.0,8.96
4318.0,40.0,20.0,8.0,100.0,14.32
4319.0,49.0,20.0,8.0,100.0,18.37
4320.0,0.0,20.0,8.0,100.0,9.34
4321.0,0.5,20.0,8.0,100.0,14.9
4322.0,1.0,20.0,8.0,100.0,9.71
4323.0,2.0,20.0,8.0,100.0,11.85
4324.0,3.0,20.0,8.0,100.0,10.11
4325.0,5.0,20.0,8.0,100.0,12.04
4326.0,10.0,20.0,8.0,100.0,9.14
4327.0,20.0,20.0,8.0,100.0,7.29
4328.0,40.0,20.0,8.0,100.0,16.17
4329.0,49.0,20.0,8.0,100.0,15.33
4330.0,0.0,20.0,8.0,100.0,12.97
4331.0,0.5,20.0,8.0,100.0,21.15
4332.0,1.0,20.0,8.0,100.0,19.54
4333.0,2.0,20.0,8.0,100.0,10.79
4334.0,3.0,20.0,8.0,100.0,15.38
4335.0,5.0,20.0,8.0,100.0,11.34
4336.0,10.0,20.0,8.0,100.0,9.69
4337.0,20.0,20.0,8.0,100.0,12.92
4338.0,40.0,20.0,8.0,100.0,18.01
4339.0,49.0,20.0,8.0,100.0,12.34
4340.0,0.0,20.0,8.0,100.0,20.04
4341.0,0.5,20.0,8.0,100.0,16.05
4342.0,1.0,20.0,8.0,100.0,20.39
4343.0,2.0,20.0,8.0,100.0,12.18
4344.0,3.0,20.0,8.0,100.0,14.94
4345.0,5.0,20.0,8.0,100.0,10.42
4346.0,10.0,20.0,8.0,100.0,13.14
4347.0,20.0,20.0,8.0,100.0,9.99
4348.0,40.0,20.0,8.0,100.0,18.46
4349.0,49.0,20.0,8.0,100.0,12.67
4350.0,0.0,20.0,8.0,100.0,15.56
4351.0,0.5,20.0,8.0,100.0,17.03
4352.0,1.0,20.0,8.0,100.0,10.99
4353.0,2.0,20.0,8.0,100.0,19.08
4354.0,3.0,20.0,8.0,100.0,10.53
4355.0,5.0,20.0,8.0,100.0,14.11
4356.0,10.0,20.0,8.0,100.0,9.73
4357.0,20.0,20.0,8.0,100.0,11.24
4358.0,40.0,20.0,8.0,100.0,12.39
4359.0,49.0,20.0,8.0,100.0,8.05
4360.0,0.0,20.0,8.0,100.0,18.16
4361.0,0.5,20.0,8.0,100.0,25.71
4362.0,1.0,20.0,8.0,100.0,16.58
4363.0,2.0,20.0,8.0,100.0,10.68
4364.0,3.0,20.0,8.0,100.0,9.88
4365.0,5.0,20.0,8.0,100.0,8.04
4366.0,10.0,20.0,8.0,100.0,10.39
4367.0,20.0,20.0,8.0,100.0,13.92
4368.0,40.0,20.0,8.0,100.0,20.4
4369.0,49.0,20.0,8.0,100.0,15.71
4370.0,0.0,20.0,8.0,100.0,25.74
4371.0,0.5,20.0,8.0,100.0,21.53
4372.0,1.0,20.0,8.0,100.0,8.67
4373.0,2.0,20.0,8.0,100.0,9.63
4374.0,3.0,20.0,8.0,100.0,19.11
4375.0,5.0,20.0,8.0,100.0,9.28
4376.0,10.0,20.0,8.0,100.0,10.8
4377.0,20.0,20.0,8.0,100.0,8.83
4378.0,40.0,20.0,8.0,100.0,11.87
4379.0,49.0,20.0,8.0,100.0,13.59
4380.0,0.0,20.0,8.0,100.0,24.71
4381.0,0.5,20.0,8.0,100.0,22.92
4382.0,1.0,20.0,8.0,100.0,26.67
4383.0,2.0,20.0,8.0,100.0,10.06
4384.0,3.0,20.0,8.0,100.0,12.98
4385.0,5.0,20.0,8.0,100.0,11.08
4386.0,10.0,20.0,8.0,100.0,9.37
4387.0,20.0,20.0,8.0,100.0,9.46
4388.0,40.0,20.0,8.0,100.0,10.96
4389.0,49.0,20.0,8.0,100.0,14.72
4390.0,0.0,20.0,8.0,100.0,20.98
4391.0,0.5,20.0,8.0,100.0,12.03
4392.0,1.0,20.0,8.0,100.0,12.37
4393.0,2.0,20.0,8.0,100.0,14.64
4394.0,3.0,20.0,8.0,100.0,10.5
4395.0,5.0,20.0,8.0,100.0,9.95
4396.0,10.0,20.0,8.0,100.0,8.13
4397.0,20.0,20.0,8.0,100.0,11.51
4398.0,40.0,20.0,8.0,100.0,11.52
4399.0,49.0,20.0,8.0,100.0,8.15
4400.0,0.0,20.0,8.0,100.0,23.73
4401.0,0.5,20.0,8.0,100.0,20.54
4402.0,1.0,20.0,8.0,100.0,15.49
4403.0,2.0,20.0,8.0,100.0,8.16
4404.0,3.0,20.0,8.0,100.0,9.96
4405.0,5.0,20.0,8.0,100.0,10.45
4406.0,10.0,20.0,8.0,100.0,10.37
4407.0,20.0,20.0,8.0,100.0,8.01
4408.0,40.0,20.0,8.0,100.0,10.78
4409.0,49.0,20.0,8.0,100.0,16.82
4410.0,0.0,20.0,8.0,100.0,17.65
4411.0,0.5,20.0,8.0,100.0,10.49
4412.0,1.0,20.0,8.0,100.0,16.16
4413.0,2.0,20.0,8.0,100.0,14.95
4414.0,3.0,20.0,8.0,100.0,10.19
4415.0,5.0,20.0,8.0,100.0,8.64
4416.0,10.0,20.0,8.0,100.0,7.61
4417.0,20.0,20.0,8.0,100.0,8.64
4418.0,40.0,20.0,8.0,100.0,8.33
4419.0,49.0,20.0,8.0,100.0,11.59
4420.0,0.0,20.0,8.0,100.0,14.95
4421.0,0.5,20.0,8.0,100.0,20.57
4422.0,1.0,20.0,8.0,100.0,12.11
4423.0,2.0,20.0,8.0,100.0,11.03
4424.0,3.0,20.0,8.0,100.0,8.26
4425.0,5.0,20.0,8.0,100.0,15.0
4426.0,10.0,20.0,8.0,100.0,12.89
4427.0,20.0,20.0,8.0,100.0,8.69
4428.0,40.0,20.0,8.0,100.0,9.99
4429.0,49.0,20.0,8.0,100.0,9.91
4430.0,0.0,20.0,8.0,100.0,20.21
4431.0,0.5,20.0,8.0,100.0,13.33
4432.0,1.0,20.0,8.0,100.0,10.21
4433.0,2.0,20.0,8.0,100.0,9.13
4434.0,3.0,20.0,8.0,100.0,12.12
4435.0,5.0,20.0,8.0,100.0,9.52
4436.0,10.0,20.0,8.0,100.0,9.72
4437.0,20.0,20.0,8.0,100.0,12.34
4438.0,40.0,20.0,8.0,100.0,10.13
4439.0,49.0,20.0,8.0,100.0,19.02
4440.0,0.0,20.0,8.0,100.0,14.8
4441.0,0.5,20.0,8.0,100.0,13.81
4442.0,1.0,20.0,8.0,100.0,20.49
4443.0,2.0,20.0,8.0,100.0,12.46
4444.0,3.0,20.0,8.0,100.0,12.35
4445.0,5.0,20.0,8.0,100.0,9.75
4446.0,10.0,20.0,8.0,100.0,8.69
4447.0,20.0,20.0,8.0,100.0,11.21
4448.0,40.0,20.0,8.0,100.0,18.68
4449.0,49.0,20.0,8.0,100.0,13.23
4450.0,0.0,20.0,8.0,100.0,24.31
4451.0,0.5,20.0,8.0,100.0,24.27
4452.0,1.0,20.0,8.0,100.0,24.09
4453.0,2.0,20.0,8.0,100.0,11.59
4454.0,3.0,20.0,8.0,100.0,10.02
4455.0,5.0,20.0,8.0,100.0,14.81
4456.0,10.0,20.0,8.0,100.0,10.6
4457.0,20.0,20.0,8.0,100.0,13.0
4458.0,40.0,20.0,8.0,100.0,11.3
4459.0,49.0,20.0,8.0,100.0,14.89
4460.0,0.0,20.0,8.0,100.0,26.01
4461.0,0.5,20.0,8.0,100.0,17.33
4462.0,1.0,20.0,8.0,100.0,16.47
4463.0,2.0,20.0,8.0,100.0,10.12
4464.0,3.0,20.0,8.0,100.0,9.38
4465.0,5.0,20.0,8.0,100.0,11.6
4466.0,10.0,20.0,8.0,100.0,9.65
4467.0,20.0,20.0,8.0,100.0,11.58
4468.0,40.0,20.0,8.0,100.0,9.12
4469.0,49.0,20.0,8.0,100.0,11.54
4470.0,0.0,20.0,8.0,100.0,17.82
4471.0,0.5,20.0,8.0,100.0,9.38
4472.0,1.0,20.0,8.0,100.0,12.57
4473.0,2.0,20.0,8.0,100.0,8.38
4474.0,3.0,20.0,8.0,100.0,9.1
4475.0,5.0,20.0,8.0,100.0,9.2
4476.0,10.0,20.0,8.0,100.0,9.52
4477.0,20.0,20.0,8.0,100.0,14.16
4478.0,40.0,20.0,8.0,100.0,9.97
4479.0,49.0,20.0,8.0,100.0,14.18
4480.0,0.0,20.0,8.0,100.0,23.54
4481.0,0.5,20.0,8.0,100.0,12.06
4482.0,1.0,20.0,8.0,100.0,18.32
4483.0,2.0,20.0,8.0,100.0,13.11
4484.0,3.0,20.0,8.0,100.0,10.42
4485.0,5.0,20.0,8.0,100.0,9.31
4486.0,10.0,20.0,8.0,100.0,8.7
4487.0,20.0,20.0,8.0,100.0,9.22
4488.0,40.0,20.0,8.0,100.0,12.18
4489.0,49.0,20.0,8.0,100.0,10.01
4490.0,0.0,20.0,8.0,100.0,21.62
4491.0,0.5,20.0,8.0,100.0,23.46
4492.0,1.0,20.0,8.0,100.0,17.23
4493.0,2.0,20.0,8.0,100.0,8.17
4494.0,3.0,20.0,8.0,100.0,19.93
4495.0,5.0,20.0,8.0,100.0,9.42
4496.0,10.0,20.0,8.0,100.0,13.9
4497.0,20.0,20.0,8.0,100.0,10.54
4498.0,40.0,20.0,8.0,100.0,21.77
4499.0,49.0,20.0,8.0,100.0,19.5
4500.0,0.0,20.0,9.0,100.0,18.34
4501.0,0.5,20.0,9.0,100.0,9.29
4502.0,1.0,20.0,9.0,100.0,15.91
4503.0,2.0,20.0,9.0,100.0,10.36
4504.0,3.0,20.0,9.0,100.0,16.02
4505.0,5.0,20.0,9.0,100.0,12.25
4506.0,10.0,20.0,9.0,100.0,10.15
4507.0,20.0,20.0,9.0,100.0,11.59
4508.0,40.0,20.0,9.0,100.0,18.21
4509.0,49.0,20.0,9.0,100.0,11.68
4510.0,0.0,20.0,9.0,100.0,14.64
4511.0,0.5,20.0,9.0,100.0,25.33
4512.0,1.0,20.0,9.0,100.0,17.89
4513.0,2.0,20.0,9.0,100.0,14.21
4514.0,3.0,20.0,9.0,100.0,9.06
4515.0,5.0,20.0,9.0,100.0,8.86
4516.0,10.0,20.0,9.0,100.0,7.83
4517.0,20.0,20.0,9.0,100.0,9.52
4518.0,40.0,20.0,9.0,100.0,17.5
4519.0,49.0,20.0,9.0,100.0,11.2
4520.0,0.0,20.0,9.0,100.0,22.33
4521.0,0.5,20.0,9.0,100.0,8.82
4522.0,1.0,20.0,9.0,100.0,23.72
4523.0,2.0,20.0,9.0,100.0,8.42
4524.0,3.0,20.0,9.0,100.0,10.62
4525.0,5.0,20.0,9.0,100.0,11.93
4526.0,10.0,20.0,9.0,100.0,10.29
4527.0,20.0,20.0,9.0,100.0,11.17
4528.0,40.0,20.0,9.0,100.0,13.0
4529.0,49.0,20.0,9.0,100.0,14.57
4530.0,0.0,20.0,9.0,100.0,19.1
4531.0,0.5,20.0,9.0,100.0,12.89
4532.0,1.0,20.0,9.0,100.0,14.65
4533.0,2.0,20.0,9.0,100.0,12.84
4534.0,3.0,20.0,9.0,100.0,9.2
4535.0,5.0,20.0,9.0,100.0,10.27
4536.0,10.0,20.0,9.0,100.0,10.55
4537.0,20.0,20.0,9.0,100.0,11.9
4538.0,40.0,20.0,9.0,100.0,13.86
4539.0,49.0,20.0,9.0,100.0,20.9
4540.0,0.0,20.0,9.0,100.0,19.44
4541.0,0.5,20.0,9.0,100.0,19.54
4542.0,1.0,20.0,9.0,100.0,12.07
4543.0,2.0,20.0,9.0,100.0,9.7
4544.0,3.0,20.0,9.0,100.0,14.07
4545.0,5.0,20.0,9.0,100.0,9.07
4546.0,10.0,20.0,9.0,100.0,9.1
4547.0,20.0,20.0,9.0,100.0,9.19
4548.0,40.0,20.0,9.0,100.0,7.57
4549.0,49.0,20.0,9.0,100.0,12.64
4550.0,0.0,20.0,9.0,100.0,24.23
4551.0,0.5,20.0,9.0,100.0,12.87
4552.0,1.0,20.0,9.0,100.0,12.3
4553.0,2.0,20.0,9.0,100.0,8.35
4554.0,3.0,20.0,9.0,100.0,9.07
4555.0,5.0,20.0,9.0,100.0,9.89
4556.0,10.0,20.0,9.0,100.0,12.42
4557.0,20.0,20.0,9.0,100.0,12.68
4558.0,40.0,20.0,9.0,100.0,12.28
4559.0,49.0,20.0,9.0,100.0,8.89
4560.0,0.0,20.0,9.0,100.0,16.52
4561.0,0.5,20.0,9.0,100.0,16.98
4562.0,1.0,20.0,9.0,100.0,17.29
4563.0,2.0,20.0,9.0,100.0,16.12
4564.0,3.0,20.0,9.0,100.0,16.97
4565.0,5.0,20.0,9.0,100.0,8.18
4566.0,10.0,20.0,9.0,100.0,10.52
4567.0,20.0,20.0,9.0,100.0,11.19
4568.0,40.0,20.0,9.0,100.0,15.72
4569.0,49.0,20.0,9.0,100.0,17.04
4570.0,0.0,20.0,9.0,100.0,19.27
4571.0,0.5,20.0,9.0,100.0,14.21
4572.0,1.0,20.0,9.0,100.0,12.08
4573.0,2.0,20.0,9.0,100.0,11.26
4574.0,3.0,20.0,9.0,100.0,9.57
4575.0,5.0,20.0,9.0,100.0,10.55
4576.0,10.0,20.0,9.0,100.0,10.21
4577.0,20.0,20.0,9.0,100.0,14.0
4578.0,40.0,20.0,9.0,100.0,10.61
4579.0,49.0,20.0,9.0,100.0,16.02
4580.0,0.0,20.0,9.0,100.0,17.63
4581.0,0.5,20.0,9.0,100.0,14.59
4582.0,1.0,20.0,9.0,100.0,13.95
4583.0,2.0,20.0,9.0,100.0,9.93
4584.0,3.0,20.0,9.0,100.0,10.36
4585.0,5.0,20.0,9.0,100.0,8.99
4586.0,10.0,20.0,9.0,100.0,8.79
4587.0,20.0,20.0,9.0,100.0,13.25
4588.0,40.0,20.0,9.0,100.0,8.91
4589.0,49.0,20.0,9.0,100.0,8.91
4590.0,0.0,20.0,9.0,100.0,16.78
4591.0,0.5,20.0,9.0,100.0,25.31
4592.0,1.0,20.0,9.0,100.0,18.39
4593.0,2.0,20.0,9.0,100.0,8.44
4594.0,3.0,20.0,9.0,100.0,8.48
4595.0,5.0,20.0,9.0,100.0,8.98
4596.0,10.0,20.0,9.0,100.0,10.52
4597.0,20.0,20.0,9.0,100.0,10.87
4598.0,40.0,20.0,9.0,100.0,18.75
4599.0,49.0,20.0,9.0,100.0,19.93
4600.0,0.0,20.0,9.0,100.0,23.57
4601.0,0.5,20.0,9.0,100.0,15.86
4602.0,1.0,20.0,9.0,100.0,11.94
4603.0,2.0,20.0,9.0,100.0,16.17
4604.0,3.0,20.0,9.0,100.0,13.69
4605.0,5.0,20.0,9.0,100.0,10.51
4606.0,10.0,20.0,9.0,100.0,7.94
4607.0,20.0,20.0,9.0,100.0,11.8
4608.0,40.0,20.0,9.0,100.0,15.48
4609.0,49.0,20.0,9.0,100.0,9.01
4610.0,0.0,20.0,9.0,100.0,14.81
4611.0,0.5,20.0,9.0,100.0,9.78
4612.0,1.0,20.0,9.0,100.0,20.54
4613.0,2.0,20.0,9.0,100.0,9.2
4614.0,3.0,20.0,9.0,100.0,8.88
4615.0,5.0,20.0,9.0,100.0,11.26
4616.0,10.0,20.0,9.0,100.0,12.99
4617.0,20.0,20.0,9.0,100.0,16.5
4618.0,40.0,20.0,9.0,100.0,10.08
4619.0,49.0,20.0,9.0,100.0,18.32
4620.0,0.0,20.0,9.0,100.0,20.76
4621.0,0.5,20.0,9.0,100.0,12.15
4622.0,1.0,20.0,9.0,100.0,19.22
4623.0,2.0,20.0,9.0,100.0,11.68
4624.0,3.0,20.0,9.0,100.0,12.36
4625.0,5.0,20.0,9.0,100.0,8.99
4626.0,10.0,20.0,9.0,100.0,9.79
4627.0,20.0,20.0,9.0,100.0,14.54
4628.0,40.0,20.0,9.0,100.0,12.27
4629.0,49.0,20.0,9.0,100.0,10.0
4630.0,0.0,20.0,9.0,100.0,19.15
4631.0,0.5,20.0,9.0,100.0,9.9
4632.0,1.0,20.0,9.0,100.0,17.17
4633.0,2.0,20.0,9.0,100.0,11.85
4634.0,3.0,20.0,9.0,100.0,7.94
4635.0,5.0,20.0,9.0,100.0,16.59
4636.0,10.0,20.0,9.0,100.0,10.82
4637.0,20.0,20.0,9.0,100.0,9.94
4638.0,40.0,20.0,9.0,100.0,11.95
4639.0,49.0,20.0,9.0,100.0,10.05
4640.0,0.0,20.0,9.0,100.0,11.3
4641.0,0.5,20.0,9.0,100.0,14.95
4642.0,1.0,20.0,9.0,100.0,22.75
4643.0,2.0,20.0,9.0,100.0,13.48
4644.0,3.0,20.0,9.0,100.0,8.91
4645.0,5.0,20.0,9.0,100.0,8.79
4646.0,10.0,20.0,9.0,100.0,9.35
4647.0,20.0,20.0,9.0,100.0,16.84
4648.0,40.0,20.0,9.0,100.0,12.68
4649.0,49.0,20.0,9.0,100.0,14.44
4650.0,0.0,20.0,9.0,100.0,17.84
4651.0,0.5,20.0,9.0,100.0,10.54
4652.0,1.0,20.0,9.0,100.0,10.48
4653.0,2.0,20.0,9.0,100.0,10.66
4654.0,3.0,20.0,9.0,100.0,14.31
4655.0,5.0,20.0,9.0,100.0,8.93
4656.0,10.0,20.0,9.0,100.0,9.14
4657.0,20.0,20.0,9.0,100.0,11.09
4658.0,40.0,20.0,9.0,100.0,14.53
4659.0,49.0,20.0,9.0,100.0,14.32
4660.0,0.0,20.0,9.0,100.0,23.22
4661.0,0.5,20.0,9.0,100.0,22.16
4662.0,1.0,20.0,9.0,100.0,14.36
4663.0,2.0,20.0,9.0,100.0,14.2
4664.0,3.0,20.0,9.0,100.0,13.34
4665.0,5.0,20.0,9.0,100.0,9.02
4666.0,10.0,20.0,9.0,100.0,10.74
4667.0,20.0,20.0,9.0,100.0,11.81
4668.0,40.0,20.0,9.0,100.0,12.95
4669.0,49.0,20.0,9.0,100.0,16.89
4670.0,0.0,20.0,9.0,100.0,12.56
4671.0,0.5,20.0,9.0,100.0,17.34
4672.0,1.0,20.0,9.0,100.0,9.08
4673.0,2.0,20.0,9.0,100.0,12.24
4674.0,3.0,20.0,9.0,100.0,10.36
4675.0,5.0,20.0,9.0,100.0,13.43
4676.0,10.0,20.0,9.0,100.0,16.27
4677.0,20.0,20.0,9.0,100.0,10.8
4678.0,40.0,20.0,9.0,100.0,10.43
4679.0,49.0,20.0,9.0,100.0,13.09
4680.0,0.0,20.0,9.0,100.0,24.74
4681.0,0.5,20.0,9.0,100.0,14.66
4682.0,1.0,20.0,9.0,100.0,9.05
4683.0,2.0,20.0,9.0,100.0,9.52
4684.0,3.0,20.0,9.0,100.0,8.82
4685.0,5.0,20.0,9.0,100.0,9.0
4686.0,10.0,20.0,9.0,100.0,13.14
4687.0,20.0,20.0,9.0,100.0,7.65
4688.0,40.0,20.0,9.0,100.0,11.73
4689.0,49.0,20.0,9.0,100.0,13.3
4690.0,0.0,20.0,9.0,100.0,16.78
4691.0,0.5,20.0,9.0,100.0,19.9
4692.0,1.0,20.0,9.0,100.0,15.06
4693.0,2.0,20.0,9.0,100.0,13.89
4694.0,3.0,20.0,9.0,100.0,10.52
4695.0,5.0,20.0,9.0,100.0,10.58
4696.0,10.0,20.0,9.0,100.0,11.0
4697.0,20.0,20.0,9.0,100.0,12.8
4698.0,40.0,20.0,9.0,100.0,10.98
4699.0,49.0,20.0,9.0,100.0,11.98
4700.0,0.0,20.0,9.0,100.0,26.46
4701.0,0.5,20.0,9.0,100.0,10.47
4702.0,1.0,20.0,9.0,100.0,10.86
4703.0,2.0,20.0,9.0,100.0,14.31
4704.0,3.0,20.0,9.0,100.0,8.96
4705.0,5.0,20.0,9.0,100.0,9.4
4706.0,10.0,20.0,9.0,100.0,10.42
4707.0,20.0,20.0,9.0,100.0,13.6
4708.0,40.0,20.0,9.0,100.0,10.22
4709.0,49.0,20.0,9.0,100.0,12.37
4710.0,0.0,20.0,9.0,100.0,24.23
4711.0,0.5,20.0,9.0,100.0,14.38
4712.0,1.0,20.0,9.0,100.0,12.41
4713.0,2.0,20.0,9.0,100.0,17.31
4714.0,3.0,20.0,9.0,100.0,9.73
4715.0,5.0,20.0,9.0,100.0,8.34
4716.0,10.0,20.0,9.0,100.0,7.88
4717.0,20.0,20.0,9.0,100.0,7.64
4718.0,40.0,20.0,9.0,100.0,10.09
4719.0,49.0,20.0,9.0,100.0,16.74
4720.0,0.0,20.0,9.0,100.0,18.68
4721.0,0.5,20.0,9.0,100.0,19.17
4722.0,1.0,20.0,9.0,100.0,20.84
4723.0,2.0,20.0,9.0,100.0,9.24
4724.0,3.0,20.0,9.0,100.0,8.91
4725.0,5.0,20.0,9.0,100.0,14.23
4726.0,10.0,20.0,9.0,100.0,9.37
4727.0,20.0,20.0,9.0,100.0,9.84
4728.0,40.0,20.0,9.0,100.0,13.64
4729.0,49.0,20.0,9.0,100.0,11.61
4730.0,0.0,20.0,9.0,100.0,23.6
4731.0,0.5,20.0,9.0,100.0,20.24
4732.0,1.0,20.0,9.0,100.0,9.03
4733.0,2.0,20.0,9.0,100.0,9.95
4734.0,3.0,20.0,9.0,100.0,12.33
4735.0,5.0,20.0,9.0,100.0,9.19
4736.0,10.0,20.0,9.0,100.0,8.98
4737.0,20.0,20.0,9.0,100.0,12.93
4738.0,40.0,20.0,9.0,100.0,12.24
4739.0,49.0,20.0,9.0,100.0,13.44
4740.0,0.0,20.0,9.0,100.0,24.41
4741.0,0.5,20.0,9.0,100.0,11.0
4742.0,1.0,20.0,9.0,100.0,16.77
4743.0,2.0,20.0,9.0,100.0,14.96
4744.0,3.0,20.0,9.0,100.0,9.91
4745.0,5.0,20.0,9.0,100.0,9.65
4746.0,10.0,20.0,9.0,100.0,11.3
4747.0,20.0,20.0,9.0,100.0,8.68
4748.0,40.0,20.0,9.0,100.0,9.14
4749.0,49.0,20.0,9.0,100.0,16.92
4750.0,0.0,20.0,9.0,100.0,23.28
4751.0,0.5,20.0,9.0,100.0,13.63
4752.0,1.0,20.0,9.0,100.0,15.97
4753.0,2.0,20.0,9.0,100.0,13.12
4754.0,3.0,20.0,9.0,100.0,10.31
4755.0,5.0,20.0,9.0,100.0,12.81
4756.0,10.0,20.0,9.0,100.0,12.01
4757.0,20.0,20.0,9.0,100.0,9.55
4758.0,40.0,20.0,9.0,100.0,13.61
4759.0,49.0,20.0,9.0,100.0,12.96
4760.0,0.0,20.0,9.0,100.0,24.25
4761.0,0.5,20.0,9.0,100.0,9.35
4762.0,1.0,20.0,9.0,100.0,8.67
4763.0,2.0,20.0,9.0,100.0,13.47
4764.0,3.0,20.0,9.0,100.0,9.56
4765.0,5.0,20.0,9.0,100.0,9.43
4766.0,10.0,20.0,9.0,100.0,10.18
4767.0,20.0,20.0,9.0,100.0,7.4
4768.0,40.0,20.0,9.0,100.0,14.22
4769.0,49.0,20.0,9.0,100.0,15.99
4770.0,0.0,20.0,9.0,100.0,14.74
4771.0,0.5,20.0,9.0,100.0,23.35
4772.0,1.0,20.0,9.0,100.0,17.69
4773.0,2.0,20.0,9.0,100.0,11.36
4774.0,3.0,20.0,9.0,100.0,11.73
4775.0,5.0,20.0,9.0,100.0,10.55
4776.0,10.0,20.0,9.0,100.0,11.44
4777.0,20.0,20.0,9.0,100.0,11.22
4778.0,40.0,20.0,9.0,100.0,12.16
4779.0,49.0,20.0,9.0,100.0,11.75
4780.0,0.0,20.0,9.0,100.0,20.63
4781.0,0.5,20.0,9.0,100.0,24.54
4782.0,1.0,20.0,9.0,100.0,13.52
4783.0,2.0,20.0,9.0,100.0,12.17
4784.0,3.0,20.0,9.0,100.0,8.85
4785.0,5.0,20.0,9.0,100.0,10.58
4786.0,10.0,20.0,9.0,100.0,10.0
4787.0,20.0,20.0,9.0,100.0,11.59
4788.0,40.0,20.0,9.0,100.0,10.9
4789.0,49.0,20.0,9.0,100.0,14.5
4790.0,0.0,20.0,9.0,100.0,10.95
4791.0,0.5,20.0,9.0,100.0,9.75
4792.0,1.0,20.0,9.0,100.0,11.7
4793.0,2.0,20.0,9.0,100.0,13.77
4794.0,3.0,20.0,9.0,100.0,11.09
4795.0,5.0,20.0,9.0,100.0,9.87
4796.0,10.0,20.0,9.0,100.0,11.76
4797.0,20.0,20.0,9.0,100.0,9.36
4798.0,40.0,20.0,9.0,100.0,10.2
4799.0,49.0,20.0,9.0,100.0,14.12
4800.0,0.0,20.0,9.0,100.0,21.67
4801.0,0.5,20.0,9.0,100.0,23.74
4802.0,1.0,20.0,9.0,100.0,18.06
4803.0,2.0,20.0,9.0,100.0,9.12
4804.0,3.0,20.0,9.0,100.0,10.02
4805.0,5.0,20.0,9.0,100.0,10.85
4806.0,10.0,20.0,9.0,100.0,9.37
4807.0,20.0,20.0,9.0,100.0,8.48
4808.0,40.0,20.0,9.0,100.0,16.44
4809.0,49.0,20.0,9.0,100.0,15.34
4810.0,0.0,20.0,9.0,100.0,20.08
4811.0,0.5,20.0,9.0,100.0,17.17
4812.0,1.0,20.0,9.0,100.0,15.39
4813.0,2.0,20.0,9.0,100.0,10.97
4814.0,3.0,20.0,9.0,100.0,10.45
4815.0,5.0,20.0,9.0,100.0,12.98
4816.0,10.0,20.0,9.0,100.0,9.14
4817.0,20.0,20.0,9.0,100.0,8.27
4818.0,40.0,20.0,9.0,100.0,16.75
4819.0,49.0,20.0,9.0,100.0,17.99
4820.0,0.0,20.0,9.0,100.0,19.23
4821.0,0.5,20.0,9.0,100.0,20.48
4822.0,1.0,20.0,9.0,100.0,9.93
4823.0,2.0,20.0,9.0,100.0,15.01
4824.0,3.0,20.0,9.0,100.0,15.57
4825.0,5.0,20.0,9.0,100.0,11.8
4826.0,10.0,20.0,9.0,100.0,9.46
4827.0,20.0,20.0,9.0,100.0,9.58
4828.0,40.0,20.0,9.0,100.0,8.81
4829.0,49.0,20.0,9.0,100.0,13.93
4830.0,0.0,20.0,9.0,100.0,22.15
4831.0,0.5,20.0,9.0,100.0,15.17
4832.0,1.0,20.0,9.0,100.0,10.13
4833.0,2.0,20.0,9.0,100.0,11.68
4834.0,3.0,20.0,9.0,100.0,15.69
4835.0,5.0,20.0,9.0,100.0,10.6
4836.0,10.0,20.0,9.0,100.0,10.42
4837.0,20.0,20.0,9.0,100.0,11.02
4838.0,40.0,20.0,9.0,100.0,10.02
4839.0,49.0,20.0,9.0,100.0,18.58
4840.0,0.0,20.0,9.0,100.0,13.92
4841.0,0.5,20.0,9.0,100.0,22.62
4842.0,1.0,20.0,9.0,100.0,26.85
4843.0,2.0,20.0,9.0,100.0,20.21
4844.0,3.0,20.0,9.0,100.0,14.02
4845.0,5.0,20.0,9.0,100.0,8.62
4846.0,10.0,20.0,9.0,100.0,9.24
4847.0,20.0,20.0,9.0,100.0,12.96
4848.0,40.0,20.0,9.0,100.0,13.56
4849.0,49.0,20.0,9.0,100.0,14.31
4850.0,0.0,20.0,9.0,100.0,11.9
4851.0,0.5,20.0,9.0,100.0,20.45
4852.0,1.0,20.0,9.0,100.0,13.21
4853.0,2.0,20.0,9.0,100.0,11.91
4854.0,3.0,20.0,9.0,100.0,12.59
4855.0,5.0,20.0,9.0,100.0,9.39
4856.0,10.0,20.0,9.0,100.0,10.03
4857.0,20.0,20.0,9.0,100.0,12.59
4858.0,40.0,20.0,9.0,100.0,10.6
4859.0,49.0,20.0,9.0,100.0,13.33
4860.0,0.0,20.0,9.0,100.0,25.86
4861.0,0.5,20.0,9.0,100.0,14.21
4862.0,1.0,20.0,9.0,100.0,22.85
4863.0,2.0,20.0,9.0,100.0,14.65
4864.0,3.0,20.0,9.0,100.0,11.3
4865.0,5.0,20.0,9.0,100.0,12.24
4866.0,10.0,20.0,9.0,100.0,7.77
4867.0,20.0,20.0,9.0,100.0,12.9
4868.0,40.0,20.0,9.0,100.0,9.74
4869.0,49.0,20.0,9.0,100.0,13.48
4870.0,0.0,20.0,9.0,100.0,22.8
4871.0,0.5,20.0,9.0,100.0,23.44
4872.0,1.0,20.0,9.0,100.0,16.63
4873.0,2.0,20.0,9.0,100.0,8.6
4874.0,3.0,20.0,9.0,100.0,11.36
4875.0,5.0,20.0,9.0,100.0,8.54
4876.0,10.0,20.0,9.0,100.0,9.67
4877.0,20.0,20.0,9.0,100.0,8.11
4878.0,40.0,20.0,9.0,100.0,13.16
4879.0,49.0,20.0,9.0,100.0,15.75
4880.0,0.0,20.0,9.0,100.0,18.23
4881.0,0.5,20.0,9.0,100.0,10.76
4882.0,1.0,20.0,9.0,100.0,9.86
4883.0,2.0,20.0,9.0,100.0,12.91
4884.0,3.0,20.0,9.0,100.0,13.77
4885.0,5.0,20.0,9.0,100.0,12.67
4886.0,10.0,20.0,9.0,100.0,8.62
4887.0,20.0,20.0,9.0,100.0,10.78
4888.0,40.0,20.0,9.0,100.0,9.4
4889.0,49.0,20.0,9.0,100.0,12.71
4890.0,0.0,20.0,9.0,100.0,21.45
4891.0,0.5,20.0,9.0,100.0,11.52
4892.0,1.0,20.0,9.0,100.0,14.37
4893.0,2.0,20.0,9.0,100.0,11.36
4894.0,3.0,20.0,9.0,100.0,10.07
4895.0,5.0,20.0,9.0,100.0,8.09
4896.0,10.0,20.0,9.0,100.0,13.32
4897.0,20.0,20.0,9.0,100.0,13.1
4898.0,40.0,20.0,9.0,100.0,11.43
4899.0,49.0,20.0,9.0,100.0,15.64
4900.0,0.0,20.0,9.0,100.0,12.0
4901.0,0.5,20.0,9.0,100.0,26.64
4902.0,1.0,20.0,9.0,100.0,14.37
4903.0,2.0,20.0,9.0,100.0,24.01
4904.0,3.0,20.0,9.0,100.0,8.77
4905.0,5.0,20.0,9.0,100.0,10.45
4906.0,10.0,20.0,9.0,100.0,10.26
4907.0,20.0,20.0,9.0,100.0,12.97
4908.0,40.0,20.0,9.0,100.0,13.07
4909.0,49.0,20.0,9.0,100.0,12.0
4910.0,0.0,20.0,9.0,100.0,19.57
4911.0,0.5,20.0,9.0,100.0,13.34
4912.0,1.0,20.0,9.0,100.0,17.65
4913.0,2.0,20.0,9.0,100.0,12.7
4914.0,3.0,20.0,9.0,100.0,10.1
4915.0,5.0,20.0,9.0,100.0,8.77
4916.0,10.0,20.0,9.0,100.0,8.3
4917.0,20.0,20.0,9.0,100.0,8.63
4918.0,40.0,20.0,9.0,100.0,12.35
4919.0,49.0,20.0,9.0,100.0,10.37
4920.0,0.0,20.0,9.0,100.0,20.08
4921.0,0.5,20.0,9.0,100.0,17.84
4922.0,1.0,20.0,9.0,100.0,11.52
4923.0,2.0,20.0,9.0,100.0,16.38
4924.0,3.0,20.0,9.0,100.0,14.87
4925.0,5.0,20.0,9.0,100.0,12.48
4926.0,10.0,20.0,9.0,100.0,10.72
4927.0,20.0,20.0,9.0,100.0,10.17
4928.0,40.0,20.0,9.0,100.0,9.66
4929.0,49.0,20.0,9.0,100.0,16.01
4930.0,0.0,20.0,9.0,100.0,12.55
4931.0,0.5,20.0,9.0,100.0,9.86
4932.0,1.0,20.0,9.0,100.0,24.21
4933.0,2.0,20.0,9.0,100.0,16.64
4934.0,3.0,20.0,9.0,100.0,9.9
4935.0,5.0,20.0,9.0,100.0,10.46
4936.0,10.0,20.0,9.0,100.0,10.64
4937.0,20.0,20.0,9.0,100.0,7.66
4938.0,40.0,20.0,9.0,100.0,16.84
4939.0,49.0,20.0,9.0,100.0,13.81
4940.0,0.0,20.0,9.0,100.0,26.37
4941.0,0.5,20.0,9.0,100.0,9.51
4942.0,1.0,20.0,9.0,100.0,9.26
4943.0,2.0,20.0,9.0,100.0,18.18
4944.0,3.0,20.0,9.0,100.0,11.15
4945.0,5.0,20.0,9.0,100.0,8.69
4946.0,10.0,20.0,9.0,100.0,9.94
4947.0,20.0,20.0,9.0,100.0,10.0
4948.0,40.0,20.0,9.0,100.0,10.4
4949.0,49.0,20.0,9.0,100.0,11.78
4950.0,0.0,20.0,9.0,100.0,22.63
4951.0,0.5,20.0,9.0,100.0,16.41
4952.0,1.0,20.0,9.0,100.0,13.81
4953.0,2.0,20.0,9.0,100.0,10.88
4954.0,3.0,20.0,9.0,100.0,8.83
4955.0,5.0,20.0,9.0,100.0,9.36
4956.0,10.0,20.0,9.0,100.0,10.74
4957.0,20.0,20.0,9.0,100.0,13.95
4958.0,40.0,20.0,9.0,100.0,9.26
4959.0,49.0,20.0,9.0,100.0,11.01
4960.0,0.0,20.0,9.0,100.0,9.19
4961.0,0.5,20.0,9.0,100.0,12.87
4962.0,1.0,20.0,9.0,100.0,13.96
4963.0,2.0,20.0,9.0,100.0,9.4
4964.0,3.0,20.0,9.0,100.0,11.27
4965.0,5.0,20.0,9.0,100.0,9.31
4966.0,10.0,20.0,9.0,100.0,10.66
4967.0,20.0,20.0,9.0,100.0,15.54
4968.0,40.0,20.0,9.0,100.0,15.07
4969.0,49.0,20.0,9.0,100.0,15.73
4970.0,0.0,20.0,9.0,100.0,21.07
4971.0,0.5,20.0,9.0,100.0,17.33
4972.0,1.0,20.0,9.0,100.0,13.86
4973.0,2.0,20.0,9.0,100.0,10.43
4974.0,3.0,20.0,9.0,100.0,17.81
4975.0,5.0,20.0,9.0,100.0,10.04
4976.0,10.0,20.0,9.0,100.0,8.94
4977.0,20.0,20.0,9.0,100.0,11.98
4978.0,40.0,20.0,9.0,100.0,15.69
4979.0,49.0,20.0,9.0,100.0,11.29
4980.0,0.0,20.0,9.0,100.0,20.99
4981.0,0.5,20.0,9.0,100.0,24.96
4982.0,1.0,20.0,9.0,100.0,18.25
4983.0,2.0,20.0,9.0,100.0,16.82
4984.0,3.0,20.0,9.0,100.0,9.88
4985.0,5.0,20.0,9.0,100.0,12.2
4986.0,10.0,20.0,9.0,100.0,11.73
4987.0,20.0,20.0,9.0,100.0,11.01
4988.0,40.0,20.0,9.0,100.0,10.76
4989.0,49.0,20.0,9.0,100.0,14.02
4990.0,0.0,20.0,9.0,100.0,13.05
4991.0,0.5,20.0,9.0,100.0,16.91
4992.0,1.0,20.0,9.0,100.0,16.74
4993.0,2.0,20.0,9.0,100.0,11.06
4994.0,3.0,20.0,9.0,100.0,10.2
4995.0,5.0,20.0,9.0,100.0,9.5
4996.0,10.0,20.0,9.0,100.0,8.88
4997.0,20.0,20.0,9.0,100.0,13.49
4998.0,40.0,20.0,9.0,100.0,10.64
4999.0,49.0,20.0,9.0,100.0,8.48
