Factor 1,Factor 2,Factor 3,Factor 4,Factor 5,Result 1
0.0,0.0,20.0,0.0,100.0,4.7619047
1.0,0.5,20.0,0.0,100.0,4.7619047
2.0,1.0,20.0,0.0,100.0,5.263158
3.0,2.0,20.0,0.0,100.0,5.882353
4.0,3.0,20.0,0.0,100.0,5.263158
5.0,5.0,20.0,0.0,100.0,5.263158
6.0,10.0,20.0,0.0,100.0,5.263158
7.0,20.0,20.0,0.0,100.0,4.7619047
8.0,40.0,20.0,0.0,100.0,6.6666665
9.0,49.0,20.0,0.0,100.0,5.882353
10.0,0.0,20.0,0.0,100.0,5.263158
11.0,0.5,20.0,0.0,100.0,5.882353
12.0,1.0,20.0,0.0,100.0,4.7619047
13.0,2.0,20.0,0.0,100.0,5.263158
14.0,3.0,20.0,0.0,100.0,5.882353
15.0,5.0,20.0,0.0,100.0,5.263158
16.0,10.0,20.0,0.0,100.0,4.7619047
17.0,20.0,20.0,0.0,100.0,5.882353
18.0,40.0,20.0,0.0,100.0,5.0
19.0,49.0,20.0,0.0,100.0,5.882353
20.0,0.0,20.0,0.0,100.0,5.263158
21.0,0.5,20.0,0.0,100.0,4.7619047
22.0,1.0,20.0,0.0,100.0,4.7619047
23.0,2.0,20.0,0.0,100.0,5.263158
24.0,3.0,20.0,0.0,100.0,4.7619047
25.0,5.0,20.0,0.0,100.0,4.7619047
26.0,10.0,20.0,0.0,100.0,4.7619047
27.0,20.0,20.0,0.0,100.0,6.6666665
28.0,40.0,20.0,0.0,100.0,5.882353
29.0,49.0,20.0,0.0,100.0,5.263158
30.0,0.0,20.0,0.0,100.0,5.263158
31.0,0.5,20.0,0.0,100.0,4.7619047
32.0,1.0,20.0,0.0,100.0,4.0
33.0,2.0,20.0,0.0,100.0,5.882353
34.0,3.0,20.0,0.0,100.0,5.263158
35.0,5.0,20.0,0.0,100.0,5.882353
36.0,10.0,20.0,0.0,100.0,4.7619047
37.0,20.0,20.0,0.0,100.0,5.882353
38.0,40.0,20.0,0.0,100.0,5.882353
39.0,49.0,20.0,0.0,100.0,5.0
40.0,0.0,20.0,0.0,100.0,4.7619047
41.0,0.5,20.0,0.0,100.0,4.7619047
42.0,1.0,20.0,0.0,100.0,4.7619047
43.0,2.0,20.0,0.0,100.0,5.263158
44.0,3.0,20.0,0.0,100.0,5.263158
45.0,5.0,20.0,0.0,100.0,5.263158
46.0,10.0,20.0,0.0,100.0,5.263158
47.0,20.0,20.0,0.0,100.0,4.7619047
48.0,40.0,20.0,0.0,100.0,5.263158
49.0,49.0,20.0,0.0,100.0,4.7619047
50.0,0.0,20.0,0.0,100.0,4.7619047
51.0,0.5,20.0,0.0,100.0,4.7619047
52.0,1.0,20.0,0.0,100.0,4.7619047
53.0,2.0,20.0,0.0,100.0,4.7619047
54.0,3.0,20.0,0.0,100.0,4.347826
55.0,5.0,20.0,0.0,100.0,4.7619047
56.0,10.0,20.0,0.0,100.0,5.882353
57.0,20.0,20.0,0.0,100.0,5.882353
58.0,40.0,20.0,0.0,100.0,4.7619047
59.0,49.0,20.0,0.0,100.0,5.263158
60.0,0.0,20.0,0.0,100.0,4.7619047
61.0,0.5,20.0,0.0,100.0,5.263158
62.0,1.0,20.0,0.0,100.0,4.7619047
63.0,2.0,20.0,0.0,100.0,5.263158
64.0,3.0,20.0,0.0,100.0,5.263158
65.0,5.0,20.0,0.0,100.0,5.263158
66.0,10.0,20.0,0.0,100.0,5.882353
67.0,20.0,20.0,0.0,100.0,5.263158
68.0,40.0,20.0,0.0,100.0,5.263158
69.0,49.0,20.0,0.0,100.0,7.6923075
70.0,0.0,20.0,0.0,100.0,5.882353
71.0,0.5,20.0,0.0,100.0,5.263158
72.0,1.0,20.0,0.0,100.0,5.263158
73.0,2.0,20.0,0.0,100.0,5.263158
74.0,3.0,20.0,0.0,100.0,5.263158
75.0,5.0,20.0,0.0,100.0,5.263158
76.0,10.0,20.0,0.0,100.0,5.263158
77.0,20.0,20.0,0.0,100.0,5.882353
78.0,40.0,20.0,0.0,100.0,5.263158
79.0,49.0,20.0,0.0,100.0,4.7619047
80.0,0.0,20.0,0.0,100.0,5.263158
81.0,0.5,20.0,0.0,100.0,5.882353
82.0,1.0,20.0,0.0,100.0,5.263158
83.0,2.0,20.0,0.0,100.0,5.263158
84.0,3.0,20.0,0.0,100.0,5.882353
85.0,5.0,20.0,0.0,100.0,5.882353
86.0,10.0,20.0,0.0,100.0,5.882353
87.0,20.0,20.0,0.0,100.0,4.7619047
88.0,40.0,20.0,0.0,100.0,5.263158
89.0,49.0,20.0,0.0,100.0,4.7619047
90.0,0.0,20.0,0.0,100.0,5.263158
91.0,0.5,20.0,0.0,100.0,5.882353
92.0,1.0,20.0,0.0,100.0,4.7619047
93.0,2.0,20.0,0.0,100.0,5.882353
94.0,3.0,20.0,0.0,100.0,4.347826
95.0,5.0,20.0,0.0,100.0,4.7619047
96.0,10.0,20.0,0.0,100.0,4.7619047
97.0,20.0,20.0,0.0,100.0,5.882353
98.0,40.0,20.0,0.0,100.0,5.263158
99.0,49.0,20.0,0.0,100.0,5.263158
100.0,0.0,20.0,0.0,100.0,5.263158
101.0,0.5,20.0,0.0,100.0,4.0
102.0,1.0,20.0,0.0,100.0,4.347826
103.0,2.0,20.0,0.0,100.0,5.263158
104.0,3.0,20.0,0.0,100.0,4.7619047
105.0,5.0,20.0,0.0,100.0,4.7619047
106.0,10.0,20.0,0.0,100.0,6.6666665
107.0,20.0,20.0,0.0,100.0,4.7619047
108.0,40.0,20.0,0.0,100.0,5.263158
109.0,49.0,20.0,0.0,100.0,5.263158
110.0,0.0,20.0,0.0,100.0,4.347826
111.0,0.5,20.0,0.0,100.0,4.7619047
112.0,1.0,20.0,0.0,100.0,5.263158
113.0,2.0,20.0,0.0,100.0,4.7619047
114.0,3.0,20.0,0.0,100.0,5.263158
115.0,5.0,20.0,0.0,100.0,5.263158
116.0,10.0,20.0,0.0,100.0,5.263158
117.0,20.0,20.0,0.0,100.0,6.6666665
118.0,40.0,20.0,0.0,100.0,5.263158
119.0,49.0,20.0,0.0,100.0,5.882353
120.0,0.0,20.0,0.0,100.0,5.263158
121.0,0.5,20.0,0.0,100.0,5.263158
122.0,1.0,20.0,0.0,100.0,4.7619047
123.0,2.0,20.0,0.0,100.0,4.347826
124.0,3.0,20.0,0.0,100.0,5.263158
125.0,5.0,20.0,0.0,100.0,5.263158
126.0,10.0,20.0,0.0,100.0,6.6666665
127.0,20.0,20.0,0.0,100.0,5.263158
128.0,40.0,20.0,0.0,100.0,5.0
129.0,49.0,20.0,0.0,100.0,5.5555553
130.0,0.0,20.0,0.0,100.0,4.7619047
131.0,0.5,20.0,0.0,100.0,5.882353
132.0,1.0,20.0,0.0,100.0,5.263158
133.0,2.0,20.0,0.0,100.0,4.7619047
134.0,3.0,20.0,0.0,100.0,4.7619047
135.0,5.0,20.0,0.0,100.0,5.263158
136.0,10.0,20.0,0.0,100.0,4.5454545
137.0,20.0,20.0,0.0,100.0,4.7619047
138.0,40.0,20.0,0.0,100.0,5.263158
139.0,49.0,20.0,0.0,100.0,5.882353
140.0,0.0,20.0,0.0,100.0,4.7619047
141.0,0.5,20.0,0.0,100.0,4.7619047
142.0,1.0,20.0,0.0,100.0,4.7619047
143.0,2.0,20.0,0.0,100.0,5.882353
144.0,3.0,20.0,0.0,100.0,5.263158
145.0,5.0,20.0,0.0,100.0,5.263158
146.0,10.0,20.0,0.0,100.0,5.263158
147.0,20.0,20.0,0.0,100.0,5.263158
148.0,40.0,20.0,0.0,100.0,4.5454545
149.0,49.0,20.0,0.0,100.0,5.263158
150.0,0.0,20.0,0.0,100.0,4.7619047
151.0,0.5,20.0,0.0,100.0,4.7619047
152.0,1.0,20.0,0.0,100.0,5.263158
153.0,2.0,20.0,0.0,100.0,5.882353
154.0,3.0,20.0,0.0,100.0,5.263158
155.0,5.0,20.0,0.0,100.0,4.0
156.0,10.0,20.0,0.0,100.0,4.7619047
157.0,20.0,20.0,0.0,100.0,4.7619047
158.0,40.0,20.0,0.0,100.0,5.263158
159.0,49.0,20.0,0.0,100.0,5.263158
160.0,0.0,20.0,0.0,100.0,4.7619047
161.0,0.5,20.0,0.0,100.0,4.7619047
162.0,1.0,20.0,0.0,100.0,4.7619047
163.0,2.0,20.0,0.0,100.0,4.7619047
164.0,3.0,20.0,0.0,100.0,5.263158
165.0,5.0,20.0,0.0,100.0,6.6666665
166.0,10.0,20.0,0.0,100.0,5.882353
167.0,20.0,20.0,0.0,100.0,4.347826
168.0,40.0,20.0,0.0,100.0,5.263158
169.0,49.0,20.0,0.0,100.0,5.263158
170.0,0.0,20.0,0.0,100.0,5.263158
171.0,0.5,20.0,0.0,100.0,5.263158
172.0,1.0,20.0,0.0,100.0,5.882353
173.0,2.0,20.0,0.0,100.0,5.263158
174.0,3.0,20.0,0.0,100.0,5.882353
175.0,5.0,20.0,0.0,100.0,5.263158
176.0,10.0,20.0,0.0,100.0,5.882353
177.0,20.0,20.0,0.0,100.0,5.5555553
178.0,40.0,20.0,0.0,100.0,5.882353
179.0,49.0,20.0,0.0,100.0,4.7619047
180.0,0.0,20.0,0.0,100.0,5.882353
181.0,0.5,20.0,0.0,100.0,5.263158
182.0,1.0,20.0,0.0,100.0,5.882353
183.0,2.0,20.0,0.0,100.0,5.882353
184.0,3.0,20.0,0.0,100.0,5.263158
185.0,5.0,20.0,0.0,100.0,4.7619047
186.0,10.0,20.0,0.0,100.0,4.7619047
187.0,20.0,20.0,0.0,100.0,5.263158
188.0,40.0,20.0,0.0,100.0,5.263158
189.0,49.0,20.0,0.0,100.0,6.6666665
190.0,0.0,20.0,0.0,100.0,4.7619047
191.0,0.5,20.0,0.0,100.0,4.7619047
192.0,1.0,20.0,0.0,100.0,5.882353
193.0,2.0,20.0,0.0,100.0,5.263158
194.0,3.0,20.0,0.0,100.0,6.6666665
195.0,5.0,20.0,0.0,100.0,4.7619047
196.0,10.0,20.0,0.0,100.0,4.347826
197.0,20.0,20.0,0.0,100.0,5.882353
198.0,40.0,20.0,0.0,100.0,5.882353
199.0,49.0,20.0,0.0,100.0,4.7619047
200.0,0.0,20.0,0.0,100.0,4.7619047
201.0,0.5,20.0,0.0,100.0,4.347826
202.0,1.0,20.0,0.0,100.0,4.7619047
203.0,2.0,20.0,0.0,100.0,5.263158
204.0,3.0,20.0,0.0,100.0,4.7619047
205.0,5.0,20.0,0.0,100.0,5.263158
206.0,10.0,20.0,0.0,100.0,5.263158
207.0,20.0,20.0,0.0,100.0,4.7619047
208.0,40.0,20.0,0.0,100.0,5.263158
209.0,49.0,20.0,0.0,100.0,5.263158
210.0,0.0,20.0,0.0,100.0,4.7619047
211.0,0.5,20.0,0.0,100.0,5.263158
212.0,1.0,20.0,0.0,100.0,4.7619047
213.0,2.0,20.0,0.0,100.0,5.263158
214.0,3.0,20.0,0.0,100.0,5.263158
215.0,5.0,20.0,0.0,100.0,4.0
216.0,10.0,20.0,0.0,100.0,5.882353
217.0,20.0,20.0,0.0,100.0,5.263158
218.0,40.0,20.0,0.0,100.0,4.7619047
219.0,49.0,20.0,0.0,100.0,4.7619047
220.0,0.0,20.0,0.0,100.0,4.7619047
221.0,0.5,20.0,0.0,100.0,5.263158
222.0,1.0,20.0,0.0,100.0,5.263158
223.0,2.0,20.0,0.0,100.0,4.347826
224.0,3.0,20.0,0.0,100.0,4.347826
225.0,5.0,20.0,0.0,100.0,4.7619047
226.0,10.0,20.0,0.0,100.0,5.263158
227.0,20.0,20.0,0.0,100.0,5.263158
228.0,40.0,20.0,0.0,100.0,5.263158
229.0,49.0,20.0,0.0,100.0,4.7619047
230.0,0.0,20.0,0.0,100.0,4.7619047
231.0,0.5,20.0,0.0,100.0,4.7619047
232.0,1.0,20.0,0.0,100.0,5.263158
233.0,2.0,20.0,0.0,100.0,5.263158
234.0,3.0,20.0,0.0,100.0,4.0
235.0,5.0,20.0,0.0,100.0,5.882353
236.0,10.0,20.0,0.0,100.0,4.7619047
237.0,20.0,20.0,0.0,100.0,4.0
238.0,40.0,20.0,0.0,100.0,5.263158
239.0,49.0,20.0,0.0,100.0,5.882353
240.0,0.0,20.0,0.0,100.0,5.263158
241.0,0.5,20.0,0.0,100.0,4.7619047
242.0,1.0,20.0,0.0,100.0,4.7619047
243.0,2.0,20.0,0.0,100.0,4.7619047
244.0,3.0,20.0,0.0,100.0,4.7619047
245.0,5.0,20.0,0.0,100.0,5.263158
246.0,10.0,20.0,0.0,100.0,5.882353
247.0,20.0,20.0,0.0,100.0,5.0
248.0,40.0,20.0,0.0,100.0,5.882353
249.0,49.0,20.0,0.0,100.0,4.7619047
250.0,0.0,20.0,0.0,100.0,4.7619047
251.0,0.5,20.0,0.0,100.0,4.7619047
252.0,1.0,20.0,0.0,100.0,4.7619047
253.0,2.0,20.0,0.0,100.0,4.7619047
254.0,3.0,20.0,0.0,100.0,5.882353
255.0,5.0,20.0,0.0,100.0,5.882353
256.0,10.0,20.0,0.0,100.0,5.263158
257.0,20.0,20.0,0.0,100.0,4.347826
258.0,40.0,20.0,0.0,100.0,4.7619047
259.0,49.0,20.0,0.0,100.0,4.7619047
260.0,0.0,20.0,0.0,100.0,5.263158
261.0,0.5,20.0,0.0,100.0,4.7619047
262.0,1.0,20.0,0.0,100.0,5.882353
263.0,2.0,20.0,0.0,100.0,5.263158
264.0,3.0,20.0,0.0,100.0,4.0
265.0,5.0,20.0,0.0,100.0,4.7619047
266.0,10.0,20.0,0.0,100.0,4.7619047
267.0,20.0,20.0,0.0,100.0,5.0
268.0,40.0,20.0,0.0,100.0,5.882353
269.0,49.0,20.0,0.0,100.0,6.6666665
270.0,0.0,20.0,0.0,100.0,5.263158
271.0,0.5,20.0,0.0,100.0,5.263158
272.0,1.0,20.0,0.0,100.0,4.7619047
273.0,2.0,20.0,0.0,100.0,5.263158
274.0,3.0,20.0,0.0,100.0,5.882353
275.0,5.0,20.0,0.0,100.0,5.882353
276.0,10.0,20.0,0.0,100.0,5.882353
277.0,20.0,20.0,0.0,100.0,5.263158
278.0,40.0,20.0,0.0,100.0,5.263158
279.0,49.0,20.0,0.0,100.0,4.7619047
280.0,0.0,20.0,0.0,100.0,4.7619047
281.0,0.5,20.0,0.0,100.0,4.7619047
282.0,1.0,20.0,0.0,100.0,4.7619047
283.0,2.0,20.0,0.0,100.0,4.7619047
284.0,3.0,20.0,0.0,100.0,4.347826
285.0,5.0,20.0,0.0,100.0,4.7619047
286.0,10.0,20.0,0.0,100.0,5.263158
287.0,20.0,20.0,0.0,100.0,5.882353
288.0,40.0,20.0,0.0,100.0,6.6666665
289.0,49.0,20.0,0.0,100.0,5.5555553
290.0,0.0,20.0,0.0,100.0,4.347826
291.0,0.5,20.0,0.0,100.0,4.7619047
292.0,1.0,20.0,0.0,100.0,5.263158
293.0,2.0,20.0,0.0,100.0,4.7619047
294.0,3.0,20.0,0.0,100.0,4.7619047
295.0,5.0,20.0,0.0,100.0,4.0
296.0,10.0,20.0,0.0,100.0,4.347826
297.0,20.0,20.0,0.0,100.0,5.263158
298.0,40.0,20.0,0.0,100.0,5.882353
299.0,49.0,20.0,0.0,100.0,5.0
300.0,0.0,20.0,0.0,100.0,5.263158
301.0,0.5,20.0,0.0,100.0,4.7619047
302.0,1.0,20.0,0.0,100.0,4.0
303.0,2.0,20.0,0.0,100.0,4.7619047
304.0,3.0,20.0,0.0,100.0,5.882353
305.0,5.0,20.0,0.0,100.0,5.263158
306.0,10.0,20.0,0.0,100.0,6.6666665
307.0,20.0,20.0,0.0,100.0,4.7619047
308.0,40.0,20.0,0.0,100.0,5.882353
309.0,49.0,20.0,0.0,100.0,5.882353
310.0,0.0,20.0,0.0,100.0,5.263158
311.0,0.5,20.0,0.0,100.0,5.263158
312.0,1.0,20.0,0.0,100.0,4.7619047
313.0,2.0,20.0,0.0,100.0,5.263158
314.0,3.0,20.0,0.0,100.0,4.347826
315.0,5.0,20.0,0.0,100.0,5.882353
316.0,10.0,20.0,0.0,100.0,4.7619047
317.0,20.0,20.0,0.0,100.0,5.882353
318.0,40.0,20.0,0.0,100.0,5.882353
319.0,49.0,20.0,0.0,100.0,6.6666665
320.0,0.0,20.0,0.0,100.0,4.7619047
321.0,0.5,20.0,0.0,100.0,5.882353
322.0,1.0,20.0,0.0,100.0,5.882353
323.0,2.0,20.0,0.0,100.0,5.263158
324.0,3.0,20.0,0.0,100.0,4.7619047
325.0,5.0,20.0,0.0,100.0,4.7619047
326.0,10.0,20.0,0.0,100.0,4.7619047
327.0,20.0,20.0,0.0,100.0,4.7619047
328.0,40.0,20.0,0.0,100.0,5.263158
329.0,49.0,20.0,0.0,100.0,7.6923075
330.0,0.0,20.0,0.0,100.0,4.7619047
331.0,0.5,20.0,0.0,100.0,5.263158
332.0,1.0,20.0,0.0,100.0,6.6666665
333.0,2.0,20.0,0.0,100.0,4.7619047
334.0,3.0,20.0,0.0,100.0,5.263158
335.0,5.0,20.0,0.0,100.0,5.882353
336.0,10.0,20.0,0.0,100.0,6.6666665
337.0,20.0,20.0,0.0,100.0,5.263158
338.0,40.0,20.0,0.0,100.0,4.7619047
339.0,49.0,20.0,0.0,100.0,4.1666665
340.0,0.0,20.0,0.0,100.0,4.7619047
341.0,0.5,20.0,0.0,100.0,4.347826
342.0,1.0,20.0,0.0,100.0,4.347826
343.0,2.0,20.0,0.0,100.0,4.7619047
344.0,3.0,20.0,0.0,100.0,4.7619047
345.0,5.0,20.0,0.0,100.0,5.263158
346.0,10.0,20.0,0.0,100.0,4.0
347.0,20.0,20.0,0.0,100.0,4.7619047
348.0,40.0,20.0,0.0,100.0,4.347826
349.0,49.0,20.0,0.0,100.0,5.882353
350.0,0.0,20.0,0.0,100.0,4.7619047
351.0,0.5,20.0,0.0,100.0,5.882353
352.0,1.0,20.0,0.0,100.0,5.263158
353.0,2.0,20.0,0.0,100.0,5.263158
354.0,3.0,20.0,0.0,100.0,5.263158
355.0,5.0,20.0,0.0,100.0,4.7619047
356.0,10.0,20.0,0.0,100.0,4.347826
357.0,20.0,20.0,0.0,100.0,5.882353
358.0,40.0,20.0,0.0,100.0,5.263158
359.0,49.0,20.0,0.0,100.0,4.7619047
360.0,0.0,20.0,0.0,100.0,5.882353
361.0,0.5,20.0,0.0,100.0,4.7619047
362.0,1.0,20.0,0.0,100.0,4.7619047
363.0,2.0,20.0,0.0,100.0,5.882353
364.0,3.0,20.0,0.0,100.0,4.347826
365.0,5.0,20.0,0.0,100.0,3.7037036
366.0,10.0,20.0,0.0,100.0,5.263158
367.0,20.0,20.0,0.0,100.0,5.263158
368.0,40.0,20.0,0.0,100.0,5.263158
369.0,49.0,20.0,0.0,100.0,4.7619047
370.0,0.0,20.0,0.0,100.0,4.7619047
371.0,0.5,20.0,0.0,100.0,5.263158
372.0,1.0,20.0,0.0,100.0,4.7619047
373.0,2.0,20.0,0.0,100.0,4.7619047
374.0,3.0,20.0,0.0,100.0,5.263158
375.0,5.0,20.0,0.0,100.0,4.7619047
376.0,10.0,20.0,0.0,100.0,4.347826
377.0,20.0,20.0,0.0,100.0,5.263158
378.0,40.0,20.0,0.0,100.0,5.263158
379.0,49.0,20.0,0.0,100.0,5.263158
380.0,0.0,20.0,0.0,100.0,5.263158
381.0,0.5,20.0,0.0,100.0,5.263158
382.0,1.0,20.0,0.0,100.0,5.263158
383.0,2.0,20.0,0.0,100.0,5.263158
384.0,3.0,20.0,0.0,100.0,4.7619047
385.0,5.0,20.0,0.0,100.0,5.882353
386.0,10.0,20.0,0.0,100.0,5.882353
387.0,20.0,20.0,0.0,100.0,4.7619047
388.0,40.0,20.0,0.0,100.0,4.347826
389.0,49.0,20.0,0.0,100.0,5.263158
390.0,0.0,20.0,0.0,100.0,5.263158
391.0,0.5,20.0,0.0,100.0,4.347826
392.0,1.0,20.0,0.0,100.0,4.7619047
393.0,2.0,20.0,0.0,100.0,5.263158
394.0,3.0,20.0,0.0,100.0,5.882353
395.0,5.0,20.0,0.0,100.0,5.882353
396.0,10.0,20.0,0.0,100.0,5.263158
397.0,20.0,20.0,0.0,100.0,7.6923075
398.0,40.0,20.0,0.0,100.0,5.263158
399.0,49.0,20.0,0.0,100.0,4.7619047
400.0,0.0,20.0,0.0,100.0,5.263158
401.0,0.5,20.0,0.0,100.0,5.882353
402.0,1.0,20.0,0.0,100.0,4.347826
403.0,2.0,20.0,0.0,100.0,5.263158
404.0,3.0,20.0,0.0,100.0,5.882353
405.0,5.0,20.0,0.0,100.0,5.263158
406.0,10.0,20.0,0.0,100.0,5.882353
407.0,20.0,20.0,0.0,100.0,6.6666665
408.0,40.0,20.0,0.0,100.0,5.263158
409.0,49.0,20.0,0.0,100.0,4.0
410.0,0.0,20.0,0.0,100.0,5.263158
411.0,0.5,20.0,0.0,100.0,5.263158
412.0,1.0,20.0,0.0,100.0,5.263158
413.0,2.0,20.0,0.0,100.0,5.263158
414.0,3.0,20.0,0.0,100.0,4.7619047
415.0,5.0,20.0,0.0,100.0,5.263158
416.0,10.0,20.0,0.0,100.0,5.263158
417.0,20.0,20.0,0.0,100.0,5.263158
418.0,40.0,20.0,0.0,100.0,3.8461537
419.0,49.0,20.0,0.0,100.0,4.7619047
420.0,0.0,20.0,0.0,100.0,4.7619047
421.0,0.5,20.0,0.0,100.0,4.7619047
422.0,1.0,20.0,0.0,100.0,5.263158
423.0,2.0,20.0,0.0,100.0,4.7619047
424.0,3.0,20.0,0.0,100.0,5.263158
425.0,5.0,20.0,0.0,100.0,5.263158
426.0,10.0,20.0,0.0,100.0,5.263158
427.0,20.0,20.0,0.0,100.0,5.882353
428.0,40.0,20.0,0.0,100.0,4.0
429.0,49.0,20.0,0.0,100.0,5.882353
430.0,0.0,20.0,0.0,100.0,4.7619047
431.0,0.5,20.0,0.0,100.0,5.263158
432.0,1.0,20.0,0.0,100.0,4.7619047
433.0,2.0,20.0,0.0,100.0,5.882353
434.0,3.0,20.0,0.0,100.0,4.347826
435.0,5.0,20.0,0.0,100.0,4.347826
436.0,10.0,20.0,0.0,100.0,4.7619047
437.0,20.0,20.0,0.0,100.0,5.263158
438.0,40.0,20.0,0.0,100.0,5.263158
439.0,49.0,20.0,0.0,100.0,6.6666665
440.0,0.0,20.0,0.0,100.0,5.263158
441.0,0.5,20.0,0.0,100.0,4.7619047
442.0,1.0,20.0,0.0,100.0,4.7619047
443.0,2.0,20.0,0.0,100.0,4.347826
444.0,3.0,20.0,0.0,100.0,4.7619047
445.0,5.0,20.0,0.0,100.0,5.882353
446.0,10.0,20.0,0.0,100.0,4.7619047
447.0,20.0,20.0,0.0,100.0,4.7619047
448.0,40.0,20.0,0.0,100.0,5.263158
449.0,49.0,20.0,0.0,100.0,4.347826
450.0,0.0,20.0,0.0,100.0,4.7619047
451.0,0.5,20.0,0.0,100.0,5.882353
452.0,1.0,20.0,0.0,100.0,5.263158
453.0,2.0,20.0,0.0,100.0,5.882353
454.0,3.0,20.0,0.0,100.0,5.263158
455.0,5.0,20.0,0.0,100.0,5.882353
456.0,10.0,20.0,0.0,100.0,5.263158
457.0,20.0,20.0,0.0,100.0,7.6923075
458.0,40.0,20.0,0.0,100.0,5.263158
459.0,49.0,20.0,0.0,100.0,4.347826
460.0,0.0,20.0,0.0,100.0,5.263158
461.0,0.5,20.0,0.0,100.0,5.263158
462.0,1.0,20.0,0.0,100.0,4.347826
463.0,2.0,20.0,0.0,100.0,5.263158
464.0,3.0,20.0,0.0,100.0,5.882353
465.0,5.0,20.0,0.0,100.0,5.263158
466.0,10.0,20.0,0.0,100.0,4.7619047
467.0,20.0,20.0,0.0,100.0,4.7619047
468.0,40.0,20.0,0.0,100.0,6.25
469.0,49.0,20.0,0.0,100.0,4.347826
470.0,0.0,20.0,0.0,100.0,4.7619047
471.0,0.5,20.0,0.0,100.0,4.347826
472.0,1.0,20.0,0.0,100.0,5.263158
473.0,2.0,20.0,0.0,100.0,4.7619047
474.0,3.0,20.0,0.0,100.0,4.7619047
475.0,5.0,20.0,0.0,100.0,4.7619047
476.0,10.0,20.0,0.0,100.0,5.882353
477.0,20.0,20.0,0.0,100.0,5.263158
478.0,40.0,20.0,0.0,100.0,6.6666665
479.0,49.0,20.0,0.0,100.0,5.882353
480.0,0.0,20.0,0.0,100.0,4.7619047
481.0,0.5,20.0,0.0,100.0,5.263158
482.0,1.0,20.0,0.0,100.0,5.882353
483.0,2.0,20.0,0.0,100.0,4.7619047
484.0,3.0,20.0,0.0,100.0,5.263158
485.0,5.0,20.0,0.0,100.0,5.263158
486.0,10.0,20.0,0.0,100.0,5.263158
487.0,20.0,20.0,0.0,100.0,5.882353
488.0,40.0,20.0,0.0,100.0,5.0
489.0,49.0,20.0,0.0,100.0,6.25
490.0,0.0,20.0,0.0,100.0,5.263158
491.0,0.5,20.0,0.0,100.0,4.347826
492.0,1.0,20.0,0.0,100.0,4.347826
493.0,2.0,20.0,0.0,100.0,4.7619047
494.0,3.0,20.0,0.0,100.0,4.347826
495.0,5.0,20.0,0.0,100.0,5.263158
496.0,10.0,20.0,0.0,100.0,4.347826
497.0,20.0,20.0,0.0,100.0,6.6666665
498.0,40.0,20.0,0.0,100.0,5.263158
499.0,49.0,20.0,0.0,100.0,4.0
500.0,0.0,20.0,1.0,100.0,6.6666665
501.0,0.5,20.0,1.0,100.0,6.6666665
502.0,1.0,20.0,1.0,100.0,6.6666665
503.0,2.0,20.0,1.0,100.0,7.142857
504.0,3.0,20.0,1.0,100.0,5.882353
505.0,5.0,20.0,1.0,100.0,5.882353
506.0,10.0,20.0,1.0,100.0,7.142857
507.0,20.0,20.0,1.0,100.0,5.882353
508.0,40.0,20.0,1.0,100.0,4.7619047
509.0,49.0,20.0,1.0,100.0,5.882353
510.0,0.0,20.0,1.0,100.0,5.882353
511.0,0.5,20.0,1.0,100.0,4.347826
512.0,1.0,20.0,1.0,100.0,4.7619047
513.0,2.0,20.0,1.0,100.0,5.263158
514.0,3.0,20.0,1.0,100.0,5.0
515.0,5.0,20.0,1.0,100.0,4.7619047
516.0,10.0,20.0,1.0,100.0,6.6666665
517.0,20.0,20.0,1.0,100.0,5.882353
518.0,40.0,20.0,1.0,100.0,4.7619047
519.0,49.0,20.0,1.0,100.0,4.7619047
520.0,0.0,20.0,1.0,100.0,5.263158
521.0,0.5,20.0,1.0,100.0,5.5555553
522.0,1.0,20.0,1.0,100.0,5.263158
523.0,2.0,20.0,1.0,100.0,5.263158
524.0,3.0,20.0,1.0,100.0,6.6666665
525.0,5.0,20.0,1.0,100.0,5.0
526.0,10.0,20.0,1.0,100.0,5.882353
527.0,20.0,20.0,1.0,100.0,5.882353
528.0,40.0,20.0,1.0,100.0,4.7619047
529.0,49.0,20.0,1.0,100.0,3.5714285
530.0,0.0,20.0,1.0,100.0,6.6666665
531.0,0.5,20.0,1.0,100.0,5.263158
532.0,1.0,20.0,1.0,100.0,5.882353
533.0,2.0,20.0,1.0,100.0,5.882353
534.0,3.0,20.0,1.0,100.0,5.882353
535.0,5.0,20.0,1.0,100.0,5.5555553
536.0,10.0,20.0,1.0,100.0,5.263158
537.0,20.0,20.0,1.0,100.0,5.882353
538.0,40.0,20.0,1.0,100.0,5.263158
539.0,49.0,20.0,1.0,100.0,4.347826
540.0,0.0,20.0,1.0,100.0,6.6666665
541.0,0.5,20.0,1.0,100.0,5.882353
542.0,1.0,20.0,1.0,100.0,6.6666665
543.0,2.0,20.0,1.0,100.0,11.111111
544.0,3.0,20.0,1.0,100.0,11.111111
545.0,5.0,20.0,1.0,100.0,7.142857
546.0,10.0,20.0,1.0,100.0,7.6923075
547.0,20.0,20.0,1.0,100.0,4.0
548.0,40.0,20.0,1.0,100.0,5.882353
549.0,49.0,20.0,1.0,100.0,5.263158
550.0,0.0,20.0,1.0,100.0,5.263158
551.0,0.5,20.0,1.0,100.0,6.6666665
552.0,1.0,20.0,1.0,100.0,5.882353
553.0,2.0,20.0,1.0,100.0,7.6923075
554.0,3.0,20.0,1.0,100.0,6.25
555.0,5.0,20.0,1.0,100.0,4.7619047
556.0,10.0,20.0,1.0,100.0,5.0
557.0,20.0,20.0,1.0,100.0,6.25
558.0,40.0,20.0,1.0,100.0,5.263158
559.0,49.0,20.0,1.0,100.0,4.347826
560.0,0.0,20.0,1.0,100.0,6.6666665
561.0,0.5,20.0,1.0,100.0,6.6666665
562.0,1.0,20.0,1.0,100.0,5.5555553
563.0,2.0,20.0,1.0,100.0,5.263158
564.0,3.0,20.0,1.0,100.0,5.5555553
565.0,5.0,20.0,1.0,100.0,5.263158
566.0,10.0,20.0,1.0,100.0,5.5555553
567.0,20.0,20.0,1.0,100.0,5.263158
568.0,40.0,20.0,1.0,100.0,5.263158
569.0,49.0,20.0,1.0,100.0,4.5454545
570.0,0.0,20.0,1.0,100.0,5.882353
571.0,0.5,20.0,1.0,100.0,5.263158
572.0,1.0,20.0,1.0,100.0,7.6923075
573.0,2.0,20.0,1.0,100.0,4.7619047
574.0,3.0,20.0,1.0,100.0,4.1666665
575.0,5.0,20.0,1.0,100.0,9.090909
576.0,10.0,20.0,1.0,100.0,7.142857
577.0,20.0,20.0,1.0,100.0,5.5555553
578.0,40.0,20.0,1.0,100.0,4.0
579.0,49.0,20.0,1.0,100.0,4.347826
580.0,0.0,20.0,1.0,100.0,5.882353
581.0,0.5,20.0,1.0,100.0,6.6666665
582.0,1.0,20.0,1.0,100.0,9.090909
583.0,2.0,20.0,1.0,100.0,6.6666665
584.0,3.0,20.0,1.0,100.0,5.5555553
585.0,5.0,20.0,1.0,100.0,5.5555553
586.0,10.0,20.0,1.0,100.0,5.0
587.0,20.0,20.0,1.0,100.0,5.5555553
588.0,40.0,20.0,1.0,100.0,4.7619047
589.0,49.0,20.0,1.0,100.0,4.7619047
590.0,0.0,20.0,1.0,100.0,5.263158
591.0,0.5,20.0,1.0,100.0,5.263158
592.0,1.0,20.0,1.0,100.0,6.25
593.0,2.0,20.0,1.0,100.0,4.7619047
594.0,3.0,20.0,1.0,100.0,6.6666665
595.0,5.0,20.0,1.0,100.0,9.090909
596.0,10.0,20.0,1.0,100.0,9.090909
597.0,20.0,20.0,1.0,100.0,5.263158
598.0,40.0,20.0,1.0,100.0,4.347826
599.0,49.0,20.0,1.0,100.0,5.263158
600.0,0.0,20.0,1.0,100.0,5.882353
601.0,0.5,20.0,1.0,100.0,4.7619047
602.0,1.0,20.0,1.0,100.0,5.882353
603.0,2.0,20.0,1.0,100.0,9.090909
604.0,3.0,20.0,1.0,100.0,7.142857
605.0,5.0,20.0,1.0,100.0,5.882353
606.0,10.0,20.0,1.0,100.0,6.6666665
607.0,20.0,20.0,1.0,100.0,6.25
608.0,40.0,20.0,1.0,100.0,5.263158
609.0,49.0,20.0,1.0,100.0,4.7619047
610.0,0.0,20.0,1.0,100.0,5.882353
611.0,0.5,20.0,1.0,100.0,4.7619047
612.0,1.0,20.0,1.0,100.0,6.6666665
613.0,2.0,20.0,1.0,100.0,6.6666665
614.0,3.0,20.0,1.0,100.0,6.6666665
615.0,5.0,20.0,1.0,100.0,7.6923075
616.0,10.0,20.0,1.0,100.0,5.5555553
617.0,20.0,20.0,1.0,100.0,4.5454545
618.0,40.0,20.0,1.0,100.0,4.7619047
619.0,49.0,20.0,1.0,100.0,4.7619047
620.0,0.0,20.0,1.0,100.0,5.263158
621.0,0.5,20.0,1.0,100.0,5.5555553
622.0,1.0,20.0,1.0,100.0,9.090909
623.0,2.0,20.0,1.0,100.0,6.25
624.0,3.0,20.0,1.0,100.0,7.6923075
625.0,5.0,20.0,1.0,100.0,6.25
626.0,10.0,20.0,1.0,100.0,6.6666665
627.0,20.0,20.0,1.0,100.0,5.0
628.0,40.0,20.0,1.0,100.0,5.882353
629.0,49.0,20.0,1.0,100.0,5.263158
630.0,0.0,20.0,1.0,100.0,5.882353
631.0,0.5,20.0,1.0,100.0,5.5555553
632.0,1.0,20.0,1.0,100.0,6.6666665
633.0,2.0,20.0,1.0,100.0,6.6666665
634.0,3.0,20.0,1.0,100.0,7.6923075
635.0,5.0,20.0,1.0,100.0,5.5555553
636.0,10.0,20.0,1.0,100.0,4.0
637.0,20.0,20.0,1.0,100.0,5.882353
638.0,40.0,20.0,1.0,100.0,4.7619047
639.0,49.0,20.0,1.0,100.0,5.263158
640.0,0.0,20.0,1.0,100.0,5.263158
641.0,0.5,20.0,1.0,100.0,6.6666665
642.0,1.0,20.0,1.0,100.0,10.0
643.0,2.0,20.0,1.0,100.0,7.142857
644.0,3.0,20.0,1.0,100.0,5.882353
645.0,5.0,20.0,1.0,100.0,4.7619047
646.0,10.0,20.0,1.0,100.0,5.882353
647.0,20.0,20.0,1.0,100.0,4.5454545
648.0,40.0,20.0,1.0,100.0,4.0
649.0,49.0,20.0,1.0,100.0,5.882353
650.0,0.0,20.0,1.0,100.0,5.882353
651.0,0.5,20.0,1.0,100.0,6.6666665
652.0,1.0,20.0,1.0,100.0,7.6923075
653.0,2.0,20.0,1.0,100.0,5.882353
654.0,3.0,20.0,1.0,100.0,7.142857
655.0,5.0,20.0,1.0,100.0,5.0
656.0,10.0,20.0,1.0,100.0,7.6923075
657.0,20.0,20.0,1.0,100.0,5.263158
658.0,40.0,20.0,1.0,100.0,5.0
659.0,49.0,20.0,1.0,100.0,4.347826
660.0,0.0,20.0,1.0,100.0,5.263158
661.0,0.5,20.0,1.0,100.0,5.263158
662.0,1.0,20.0,1.0,100.0,5.0
663.0,2.0,20.0,1.0,100.0,6.25
664.0,3.0,20.0,1.0,100.0,5.882353
665.0,5.0,20.0,1.0,100.0,5.263158
666.0,10.0,20.0,1.0,100.0,5.263158
667.0,20.0,20.0,1.0,100.0,5.5555553
668.0,40.0,20.0,1.0,100.0,4.347826
669.0,49.0,20.0,1.0,100.0,4.7619047
670.0,0.0,20.0,1.0,100.0,7.6923075
671.0,0.5,20.0,1.0,100.0,5.263158
672.0,1.0,20.0,1.0,100.0,5.882353
673.0,2.0,20.0,1.0,100.0,5.263158
674.0,3.0,20.0,1.0,100.0,5.263158
675.0,5.0,20.0,1.0,100.0,5.5555553
676.0,10.0,20.0,1.0,100.0,7.6923075
677.0,20.0,20.0,1.0,100.0,5.882353
678.0,40.0,20.0,1.0,100.0,7.6923075
679.0,49.0,20.0,1.0,100.0,5.263158
680.0,0.0,20.0,1.0,100.0,5.882353
681.0,0.5,20.0,1.0,100.0,5.263158
682.0,1.0,20.0,1.0,100.0,4.7619047
683.0,2.0,20.0,1.0,100.0,5.0
684.0,3.0,20.0,1.0,100.0,7.142857
685.0,5.0,20.0,1.0,100.0,5.882353
686.0,10.0,20.0,1.0,100.0,7.142857
687.0,20.0,20.0,1.0,100.0,6.6666665
688.0,40.0,20.0,1.0,100.0,5.5555553
689.0,49.0,20.0,1.0,100.0,4.1666665
690.0,0.0,20.0,1.0,100.0,9.090909
691.0,0.5,20.0,1.0,100.0,5.882353
692.0,1.0,20.0,1.0,100.0,7.6923075
693.0,2.0,20.0,1.0,100.0,7.6923075
694.0,3.0,20.0,1.0,100.0,6.25
695.0,5.0,20.0,1.0,100.0,6.25
696.0,10.0,20.0,1.0,100.0,5.0
697.0,20.0,20.0,1.0,100.0,6.6666665
698.0,40.0,20.0,1.0,100.0,5.5555553
699.0,49.0,20.0,1.0,100.0,5.263158
700.0,0.0,20.0,1.0,100.0,6.6666665
701.0,0.5,20.0,1.0,100.0,5.882353
702.0,1.0,20.0,1.0,100.0,4.347826
703.0,2.0,20.0,1.0,100.0,5.882353
704.0,3.0,20.0,1.0,100.0,4.347826
705.0,5.0,20.0,1.0,100.0,5.882353
706.0,10.0,20.0,1.0,100.0,5.0
707.0,20.0,20.0,1.0,100.0,5.263158
708.0,40.0,20.0,1.0,100.0,5.263158
709.0,49.0,20.0,1.0,100.0,4.0
710.0,0.0,20.0,1.0,100.0,5.882353
711.0,0.5,20.0,1.0,100.0,5.263158
712.0,1.0,20.0,1.0,100.0,4.347826
713.0,2.0,20.0,1.0,100.0,5.5555553
714.0,3.0,20.0,1.0,100.0,4.7619047
715.0,5.0,20.0,1.0,100.0,4.7619047
716.0,10.0,20.0,1.0,100.0,4.7619047
717.0,20.0,20.0,1.0,100.0,5.882353
718.0,40.0,20.0,1.0,100.0,4.347826
719.0,49.0,20.0,1.0,100.0,4.7619047
720.0,0.0,20.0,1.0,100.0,5.263158
721.0,0.5,20.0,1.0,100.0,5.5555553
722.0,1.0,20.0,1.0,100.0,5.263158
723.0,2.0,20.0,1.0,100.0,5.882353
724.0,3.0,20.0,1.0,100.0,7.142857
725.0,5.0,20.0,1.0,100.0,7.142857
726.0,10.0,20.0,1.0,100.0,8.333333
727.0,20.0,20.0,1.0,100.0,5.263158
728.0,40.0,20.0,1.0,100.0,5.263158
729.0,49.0,20.0,1.0,100.0,5.882353
730.0,0.0,20.0,1.0,100.0,5.882353
731.0,0.5,20.0,1.0,100.0,5.882353
732.0,1.0,20.0,1.0,100.0,5.263158
733.0,2.0,20.0,1.0,100.0,6.6666665
734.0,3.0,20.0,1.0,100.0,4.7619047
735.0,5.0,20.0,1.0,100.0,5.882353
736.0,10.0,20.0,1.0,100.0,6.6666665
737.0,20.0,20.0,1.0,100.0,6.25
738.0,40.0,20.0,1.0,100.0,5.263158
739.0,49.0,20.0,1.0,100.0,4.347826
740.0,0.0,20.0,1.0,100.0,4.0
741.0,0.5,20.0,1.0,100.0,5.882353
742.0,1.0,20.0,1.0,100.0,5.882353
743.0,2.0,20.0,1.0,100.0,5.263158
744.0,3.0,20.0,1.0,100.0,7.142857
745.0,5.0,20.0,1.0,100.0,5.882353
746.0,10.0,20.0,1.0,100.0,5.263158
747.0,20.0,20.0,1.0,100.0,5.882353
748.0,40.0,20.0,1.0,100.0,4.347826
749.0,49.0,20.0,1.0,100.0,4.7619047
750.0,0.0,20.0,1.0,100.0,6.6666665
751.0,0.5,20.0,1.0,100.0,6.6666665
752.0,1.0,20.0,1.0,100.0,5.882353
753.0,2.0,20.0,1.0,100.0,4.7619047
754.0,3.0,20.0,1.0,100.0,6.6666665
755.0,5.0,20.0,1.0,100.0,6.6666665
756.0,10.0,20.0,1.0,100.0,9.090909
757.0,20.0,20.0,1.0,100.0,6.6666665
758.0,40.0,20.0,1.0,100.0,5.5555553
759.0,49.0,20.0,1.0,100.0,4.347826
760.0,0.0,20.0,1.0,100.0,5.882353
761.0,0.5,20.0,1.0,100.0,5.263158
762.0,1.0,20.0,1.0,100.0,5.882353
763.0,2.0,20.0,1.0,100.0,6.6666665
764.0,3.0,20.0,1.0,100.0,4.5454545
765.0,5.0,20.0,1.0,100.0,6.25
766.0,10.0,20.0,1.0,100.0,6.25
767.0,20.0,20.0,1.0,100.0,5.263158
768.0,40.0,20.0,1.0,100.0,4.7619047
769.0,49.0,20.0,1.0,100.0,4.7619047
770.0,0.0,20.0,1.0,100.0,5.263158
771.0,0.5,20.0,1.0,100.0,7.6923075
772.0,1.0,20.0,1.0,100.0,5.882353
773.0,2.0,20.0,1.0,100.0,5.882353
774.0,3.0,20.0,1.0,100.0,11.111111
775.0,5.0,20.0,1.0,100.0,5.5555553
776.0,10.0,20.0,1.0,100.0,6.25
777.0,20.0,20.0,1.0,100.0,4.1666665
778.0,40.0,20.0,1.0,100.0,5.0
779.0,49.0,20.0,1.0,100.0,4.7619047
780.0,0.0,20.0,1.0,100.0,6.6666665
781.0,0.5,20.0,1.0,100.0,5.882353
782.0,1.0,20.0,1.0,100.0,5.882353
783.0,2.0,20.0,1.0,100.0,6.6666665
784.0,3.0,20.0,1.0,100.0,9.090909
785.0,5.0,20.0,1.0,100.0,5.882353
786.0,10.0,20.0,1.0,100.0,8.333333
787.0,20.0,20.0,1.0,100.0,6.6666665
788.0,40.0,20.0,1.0,100.0,5.263158
789.0,49.0,20.0,1.0,100.0,4.347826
790.0,0.0,20.0,1.0,100.0,9.090909
791.0,0.5,20.0,1.0,100.0,6.6666665
792.0,1.0,20.0,1.0,100.0,5.882353
793.0,2.0,20.0,1.0,100.0,5.882353
794.0,3.0,20.0,1.0,100.0,6.6666665
795.0,5.0,20.0,1.0,100.0,5.882353
796.0,10.0,20.0,1.0,100.0,7.6923075
797.0,20.0,20.0,1.0,100.0,5.263158
798.0,40.0,20.0,1.0,100.0,4.347826
799.0,49.0,20.0,1.0,100.0,4.7619047
800.0,0.0,20.0,1.0,100.0,4.347826
801.0,0.5,20.0,1.0,100.0,5.882353
802.0,1.0,20.0,1.0,100.0,5.263158
803.0,2.0,20.0,1.0,100.0,4.5454545
804.0,3.0,20.0,1.0,100.0,5.263158
805.0,5.0,20.0,1.0,100.0,5.5555553
806.0,10.0,20.0,1.0,100.0,4.7619047
807.0,20.0,20.0,1.0,100.0,6.6666665
808.0,40.0,20.0,1.0,100.0,5.882353
809.0,49.0,20.0,1.0,100.0,4.7619047
810.0,0.0,20.0,1.0,100.0,7.6923075
811.0,0.5,20.0,1.0,100.0,6.6666665
812.0,1.0,20.0,1.0,100.0,4.7619047
813.0,2.0,20.0,1.0,100.0,9.090909
814.0,3.0,20.0,1.0,100.0,5.882353
815.0,5.0,20.0,1.0,100.0,4.1666665
816.0,10.0,20.0,1.0,100.0,5.263158
817.0,20.0,20.0,1.0,100.0,4.7619047
818.0,40.0,20.0,1.0,100.0,4.7619047
819.0,49.0,20.0,1.0,100.0,5.263158
820.0,0.0,20.0,1.0,100.0,4.7619047
821.0,0.5,20.0,1.0,100.0,4.7619047
822.0,1.0,20.0,1.0,100.0,5.5555553
823.0,2.0,20.0,1.0,100.0,6.25
824.0,3.0,20.0,1.0,100.0,8.333333
825.0,5.0,20.0,1.0,100.0,5.5555553
826.0,10.0,20.0,1.0,100.0,6.25
827.0,20.0,20.0,1.0,100.0,5.263158
828.0,40.0,20.0,1.0,100.0,5.263158
829.0,49.0,20.0,1.0,100.0,5.263158
830.0,0.0,20.0,1.0,100.0,7.6923075
831.0,0.5,20.0,1.0,100.0,5.882353
832.0,1.0,20.0,1.0,100.0,6.25
833.0,2.0,20.0,1.0,100.0,5.882353
834.0,3.0,20.0,1.0,100.0,5.263158
835.0,5.0,20.0,1.0,100.0,4.7619047
836.0,10.0,20.0,1.0,100.0,9.090909
837.0,20.0,20.0,1.0,100.0,5.5555553
838.0,40.0,20.0,1.0,100.0,4.7619047
839.0,49.0,20.0,1.0,100.0,4.7619047
840.0,0.0,20.0,1.0,100.0,5.882353
841.0,0.5,20.0,1.0,100.0,7.6923075
842.0,1.0,20.0,1.0,100.0,7.142857
843.0,2.0,20.0,1.0,100.0,4.7619047
844.0,3.0,20.0,1.0,100.0,14.285714
845.0,5.0,20.0,1.0,100.0,5.882353
846.0,10.0,20.0,1.0,100.0,5.263158
847.0,20.0,20.0,1.0,100.0,6.6666665
848.0,40.0,20.0,1.0,100.0,5.263158
849.0,49.0,20.0,1.0,100.0,4.347826
850.0,0.0,20.0,1.0,100.0,5.882353
851.0,0.5,20.0,1.0,100.0,5.263158
852.0,1.0,20.0,1.0,100.0,5.5555553
853.0,2.0,20.0,1.0,100.0,5.263158
854.0,3.0,20.0,1.0,100.0,5.5555553
855.0,5.0,20.0,1.0,100.0,5.0
856.0,10.0,20.0,1.0,100.0,4.7619047
857.0,20.0,20.0,1.0,100.0,5.0
858.0,40.0,20.0,1.0,100.0,4.7619047
859.0,49.0,20.0,1.0,100.0,4.0
860.0,0.0,20.0,1.0,100.0,5.263158
861.0,0.5,20.0,1.0,100.0,5.882353
862.0,1.0,20.0,1.0,100.0,5.263158
863.0,2.0,20.0,1.0,100.0,5.5555553
864.0,3.0,20.0,1.0,100.0,4.5454545
865.0,5.0,20.0,1.0,100.0,7.142857
866.0,10.0,20.0,1.0,100.0,5.882353
867.0,20.0,20.0,1.0,100.0,5.0
868.0,40.0,20.0,1.0,100.0,4.347826
869.0,49.0,20.0,1.0,100.0,5.263158
870.0,0.0,20.0,1.0,100.0,5.263158
871.0,0.5,20.0,1.0,100.0,5.263158
872.0,1.0,20.0,1.0,100.0,6.6666665
873.0,2.0,20.0,1.0,100.0,7.6923075
874.0,3.0,20.0,1.0,100.0,6.25
875.0,5.0,20.0,1.0,100.0,6.25
876.0,10.0,20.0,1.0,100.0,5.0
877.0,20.0,20.0,1.0,100.0,6.25
878.0,40.0,20.0,1.0,100.0,4.0
879.0,49.0,20.0,1.0,100.0,4.347826
880.0,0.0,20.0,1.0,100.0,5.882353
881.0,0.5,20.0,1.0,100.0,5.882353
882.0,1.0,20.0,1.0,100.0,4.7619047
883.0,2.0,20.0,1.0,100.0,7.142857
884.0,3.0,20.0,1.0,100.0,4.7619047
885.0,5.0,20.0,1.0,100.0,7.6923075
886.0,10.0,20.0,1.0,100.0,5.263158
887.0,20.0,20.0,1.0,100.0,4.7619047
888.0,40.0,20.0,1.0,100.0,6.25
889.0,49.0,20.0,1.0,100.0,4.7619047
890.0,0.0,20.0,1.0,100.0,5.263158
891.0,0.5,20.0,1.0,100.0,9.090909
892.0,1.0,20.0,1.0,100.0,4.347826
893.0,2.0,20.0,1.0,100.0,5.0
894.0,3.0,20.0,1.0,100.0,5.882353
895.0,5.0,20.0,1.0,100.0,5.882353
896.0,10.0,20.0,1.0,100.0,4.347826
897.0,20.0,20.0,1.0,100.0,7.6923075
898.0,40.0,20.0,1.0,100.0,5.263158
899.0,49.0,20.0,1.0,100.0,5.882353
900.0,0.0,20.0,1.0,100.0,4.347826
901.0,0.5,20.0,1.0,100.0,5.882353
902.0,1.0,20.0,1.0,100.0,7.6923075
903.0,2.0,20.0,1.0,100.0,7.6923075
904.0,3.0,20.0,1.0,100.0,5.0
905.0,5.0,20.0,1.0,100.0,5.263158
906.0,10.0,20.0,1.0,100.0,6.25
907.0,20.0,20.0,1.0,100.0,6.6666665
908.0,40.0,20.0,1.0,100.0,5.0
909.0,49.0,20.0,1.0,100.0,5.263158
910.0,0.0,20.0,1.0,100.0,5.882353
911.0,0.5,20.0,1.0,100.0,6.6666665
912.0,1.0,20.0,1.0,100.0,4.7619047
913.0,2.0,20.0,1.0,100.0,5.5555553
914.0,3.0,20.0,1.0,100.0,6.6666665
915.0,5.0,20.0,1.0,100.0,6.25
916.0,10.0,20.0,1.0,100.0,6.6666665
917.0,20.0,20.0,1.0,100.0,6.25
918.0,40.0,20.0,1.0,100.0,4.347826
919.0,49.0,20.0,1.0,100.0,5.263158
920.0,0.0,20.0,1.0,100.0,5.882353
921.0,0.5,20.0,1.0,100.0,6.6666665
922.0,1.0,20.0,1.0,100.0,9.090909
923.0,2.0,20.0,1.0,100.0,5.0
924.0,3.0,20.0,1.0,100.0,6.6666665
925.0,5.0,20.0,1.0,100.0,9.090909
926.0,10.0,20.0,1.0,100.0,6.25
927.0,20.0,20.0,1.0,100.0,5.263158
928.0,40.0,20.0,1.0,100.0,4.7619047
929.0,49.0,20.0,1.0,100.0,4.7619047
930.0,0.0,20.0,1.0,100.0,5.263158
931.0,0.5,20.0,1.0,100.0,7.6923075
932.0,1.0,20.0,1.0,100.0,4.1666665
933.0,2.0,20.0,1.0,100.0,5.5555553
934.0,3.0,20.0,1.0,100.0,5.263158
935.0,5.0,20.0,1.0,100.0,5.0
936.0,10.0,20.0,1.0,100.0,6.25
937.0,20.0,20.0,1.0,100.0,5.882353
938.0,40.0,20.0,1.0,100.0,4.7619047
939.0,49.0,20.0,1.0,100.0,4.347826
940.0,0.0,20.0,1.0,100.0,5.263158
941.0,0.5,20.0,1.0,100.0,5.263158
942.0,1.0,20.0,1.0,100.0,5.5555553
943.0,2.0,20.0,1.0,100.0,6.25
944.0,3.0,20.0,1.0,100.0,4.347826
945.0,5.0,20.0,1.0,100.0,7.142857
946.0,10.0,20.0,1.0,100.0,5.5555553
947.0,20.0,20.0,1.0,100.0,5.882353
948.0,40.0,20.0,1.0,100.0,5.882353
949.0,49.0,20.0,1.0,100.0,4.7619047
950.0,0.0,20.0,1.0,100.0,6.6666665
951.0,0.5,20.0,1.0,100.0,5.263158
952.0,1.0,20.0,1.0,100.0,4.7619047
953.0,2.0,20.0,1.0,100.0,6.6666665
954.0,3.0,20.0,1.0,100.0,5.882353
955.0,5.0,20.0,1.0,100.0,6.6666665
956.0,10.0,20.0,1.0,100.0,4.1666665
957.0,20.0,20.0,1.0,100.0,5.5555553
958.0,40.0,20.0,1.0,100.0,4.5454545
959.0,49.0,20.0,1.0,100.0,5.263158
960.0,0.0,20.0,1.0,100.0,4.7619047
961.0,0.5,20.0,1.0,100.0,6.6666665
962.0,1.0,20.0,1.0,100.0,6.6666665
963.0,2.0,20.0,1.0,100.0,5.263158
964.0,3.0,20.0,1.0,100.0,5.882353
965.0,5.0,20.0,1.0,100.0,5.5555553
966.0,10.0,20.0,1.0,100.0,7.6923075
967.0,20.0,20.0,1.0,100.0,5.5555553
968.0,40.0,20.0,1.0,100.0,5.263158
969.0,49.0,20.0,1.0,100.0,5.5555553
970.0,0.0,20.0,1.0,100.0,5.882353
971.0,0.5,20.0,1.0,100.0,5.263158
972.0,1.0,20.0,1.0,100.0,7.6923075
973.0,2.0,20.0,1.0,100.0,4.7619047
974.0,3.0,20.0,1.0,100.0,6.6666665
975.0,5.0,20.0,1.0,100.0,5.263158
976.0,10.0,20.0,1.0,100.0,4.347826
977.0,20.0,20.0,1.0,100.0,5.263158
978.0,40.0,20.0,1.0,100.0,5.882353
979.0,49.0,20.0,1.0,100.0,5.882353
980.0,0.0,20.0,1.0,100.0,5.882353
981.0,0.5,20.0,1.0,100.0,9.090909
982.0,1.0,20.0,1.0,100.0,5.5555553
983.0,2.0,20.0,1.0,100.0,4.7619047
984.0,3.0,20.0,1.0,100.0,6.6666665
985.0,5.0,20.0,1.0,100.0,6.25
986.0,10.0,20.0,1.0,100.0,7.6923075
987.0,20.0,20.0,1.0,100.0,5.5555553
988.0,40.0,20.0,1.0,100.0,4.347826
989.0,49.0,20.0,1.0,100.0,4.7619047
990.0,0.0,20.0,1.0,100.0,4.7619047
991.0,0.5,20.0,1.0,100.0,4.7619047
992.0,1.0,20.0,1.0,100.0,7.6923075
993.0,2.0,20.0,1.0,100.0,5.263158
994.0,3.0,20.0,1.0,100.0,5.5555553
995.0,5.0,20.0,1.0,100.0,5.882353
996.0,10.0,20.0,1.0,100.0,5.882353
997.0,20.0,20.0,1.0,100.0,4.0
998.0,40.0,20.0,1.0,100.0,5.882353
999.0,49.0,20.0,1.0,100.0,5.882353
1000.0,0.0,20.0,2.0,100.0,100.0
1001.0,0.5,20.0,2.0,100.0,100.0
1002.0,1.0,20.0,2.0,100.0,33.333332
1003.0,2.0,20.0,2.0,100.0,33.333332
1004.0,3.0,20.0,2.0,100.0,25.0
1005.0,5.0,20.0,2.0,100.0,6.6666665
1006.0,10.0,20.0,2.0,100.0,4.7619047
1007.0,20.0,20.0,2.0,100.0,5.882353
1008.0,40.0,20.0,2.0,100.0,4.5454545
1009.0,49.0,20.0,2.0,100.0,4.347826
1010.0,0.0,20.0,2.0,100.0,100.0
1011.0,0.5,20.0,2.0,100.0,33.333332
1012.0,1.0,20.0,2.0,100.0,33.333332
1013.0,2.0,20.0,2.0,100.0,50.0
1014.0,3.0,20.0,2.0,100.0,33.333332
1015.0,5.0,20.0,2.0,100.0,16.666666
1016.0,10.0,20.0,2.0,100.0,6.25
1017.0,20.0,20.0,2.0,100.0,5.263158
1018.0,40.0,20.0,2.0,100.0,5.882353
1019.0,49.0,20.0,2.0,100.0,4.347826
1020.0,0.0,20.0,2.0,100.0,100.0
1021.0,0.5,20.0,2.0,100.0,100.0
1022.0,1.0,20.0,2.0,100.0,33.333332
1023.0,2.0,20.0,2.0,100.0,25.0
1024.0,3.0,20.0,2.0,100.0,20.0
1025.0,5.0,20.0,2.0,100.0,14.285714
1026.0,10.0,20.0,2.0,100.0,9.090909
1027.0,20.0,20.0,2.0,100.0,5.882353
1028.0,40.0,20.0,2.0,100.0,5.263158
1029.0,49.0,20.0,2.0,100.0,4.7619047
1030.0,0.0,20.0,2.0,100.0,100.0
1031.0,0.5,20.0,2.0,100.0,100.0
1032.0,1.0,20.0,2.0,100.0,33.333332
1033.0,2.0,20.0,2.0,100.0,33.333332
1034.0,3.0,20.0,2.0,100.0,20.0
1035.0,5.0,20.0,2.0,100.0,8.333333
1036.0,10.0,20.0,2.0,100.0,10.0
1037.0,20.0,20.0,2.0,100.0,5.263158
1038.0,40.0,20.0,2.0,100.0,4.5454545
1039.0,49.0,20.0,2.0,100.0,5.263158
1040.0,0.0,20.0,2.0,100.0,100.0
1041.0,0.5,20.0,2.0,100.0,100.0
1042.0,1.0,20.0,2.0,100.0,100.0
1043.0,2.0,20.0,2.0,100.0,6.6666665
1044.0,3.0,20.0,2.0,100.0,8.333333
1045.0,5.0,20.0,2.0,100.0,4.7619047
1046.0,10.0,20.0,2.0,100.0,5.263158
1047.0,20.0,20.0,2.0,100.0,5.0
1048.0,40.0,20.0,2.0,100.0,5.263158
1049.0,49.0,20.0,2.0,100.0,4.347826
1050.0,0.0,20.0,2.0,100.0,14.285714
1051.0,0.5,20.0,2.0,100.0,100.0
1052.0,1.0,20.0,2.0,100.0,33.333332
1053.0,2.0,20.0,2.0,100.0,12.5
1054.0,3.0,20.0,2.0,100.0,50.0
1055.0,5.0,20.0,2.0,100.0,20.0
1056.0,10.0,20.0,2.0,100.0,8.333333
1057.0,20.0,20.0,2.0,100.0,4.7619047
1058.0,40.0,20.0,2.0,100.0,7.6923075
1059.0,49.0,20.0,2.0,100.0,4.347826
1060.0,0.0,20.0,2.0,100.0,100.0
1061.0,0.5,20.0,2.0,100.0,20.0
1062.0,1.0,20.0,2.0,100.0,33.333332
1063.0,2.0,20.0,2.0,100.0,20.0
1064.0,3.0,20.0,2.0,100.0,12.5
1065.0,5.0,20.0,2.0,100.0,16.666666
1066.0,10.0,20.0,2.0,100.0,10.0
1067.0,20.0,20.0,2.0,100.0,8.333333
1068.0,40.0,20.0,2.0,100.0,5.882353
1069.0,49.0,20.0,2.0,100.0,4.347826
1070.0,0.0,20.0,2.0,100.0,100.0
1071.0,0.5,20.0,2.0,100.0,100.0
1072.0,1.0,20.0,2.0,100.0,25.0
1073.0,2.0,20.0,2.0,100.0,25.0
1074.0,3.0,20.0,2.0,100.0,33.333332
1075.0,5.0,20.0,2.0,100.0,11.111111
1076.0,10.0,20.0,2.0,100.0,5.882353
1077.0,20.0,20.0,2.0,100.0,8.333333
1078.0,40.0,20.0,2.0,100.0,4.347826
1079.0,49.0,20.0,2.0,100.0,5.882353
1080.0,0.0,20.0,2.0,100.0,100.0
1081.0,0.5,20.0,2.0,100.0,100.0
1082.0,1.0,20.0,2.0,100.0,33.333332
1083.0,2.0,20.0,2.0,100.0,33.333332
1084.0,3.0,20.0,2.0,100.0,7.142857
1085.0,5.0,20.0,2.0,100.0,7.6923075
1086.0,10.0,20.0,2.0,100.0,9.090909
1087.0,20.0,20.0,2.0,100.0,6.6666665
1088.0,40.0,20.0,2.0,100.0,5.5555553
1089.0,49.0,20.0,2.0,100.0,5.882353
1090.0,0.0,20.0,2.0,100.0,100.0
1091.0,0.5,20.0,2.0,100.0,100.0
1092.0,1.0,20.0,2.0,100.0,33.333332
1093.0,2.0,20.0,2.0,100.0,33.333332
1094.0,3.0,20.0,2.0,100.0,12.5
1095.0,5.0,20.0,2.0,100.0,8.333333
1096.0,10.0,20.0,2.0,100.0,10.0
1097.0,20.0,20.0,2.0,100.0,5.0
1098.0,40.0,20.0,2.0,100.0,4.7619047
1099.0,49.0,20.0,2.0,100.0,4.347826
1100.0,0.0,20.0,2.0,100.0,100.0
1101.0,0.5,20.0,2.0,100.0,10.0
1102.0,1.0,20.0,2.0,100.0,100.0
1103.0,2.0,20.0,2.0,100.0,20.0
1104.0,3.0,20.0,2.0,100.0,20.0
1105.0,5.0,20.0,2.0,100.0,14.285714
1106.0,10.0,20.0,2.0,100.0,7.6923075
1107.0,20.0,20.0,2.0,100.0,5.0
1108.0,40.0,20.0,2.0,100.0,4.5454545
1109.0,49.0,20.0,2.0,100.0,5.263158
1110.0,0.0,20.0,2.0,100.0,100.0
1111.0,0.5,20.0,2.0,100.0,33.333332
1112.0,1.0,20.0,2.0,100.0,33.333332
1113.0,2.0,20.0,2.0,100.0,33.333332
1114.0,3.0,20.0,2.0,100.0,12.5
1115.0,5.0,20.0,2.0,100.0,9.090909
1116.0,10.0,20.0,2.0,100.0,10.0
1117.0,20.0,20.0,2.0,100.0,4.7619047
1118.0,40.0,20.0,2.0,100.0,5.263158
1119.0,49.0,20.0,2.0,100.0,5.263158
1120.0,0.0,20.0,2.0,100.0,14.285714
1121.0,0.5,20.0,2.0,100.0,9.090909
1122.0,1.0,20.0,2.0,100.0,25.0
1123.0,2.0,20.0,2.0,100.0,7.6923075
1124.0,3.0,20.0,2.0,100.0,16.666666
1125.0,5.0,20.0,2.0,100.0,33.333332
1126.0,10.0,20.0,2.0,100.0,7.6923075
1127.0,20.0,20.0,2.0,100.0,4.7619047
1128.0,40.0,20.0,2.0,100.0,4.347826
1129.0,49.0,20.0,2.0,100.0,4.7619047
1130.0,0.0,20.0,2.0,100.0,100.0
1131.0,0.5,20.0,2.0,100.0,100.0
1132.0,1.0,20.0,2.0,100.0,33.333332
1133.0,2.0,20.0,2.0,100.0,33.333332
1134.0,3.0,20.0,2.0,100.0,12.5
1135.0,5.0,20.0,2.0,100.0,25.0
1136.0,10.0,20.0,2.0,100.0,12.5
1137.0,20.0,20.0,2.0,100.0,6.6666665
1138.0,40.0,20.0,2.0,100.0,5.5555553
1139.0,49.0,20.0,2.0,100.0,4.7619047
1140.0,0.0,20.0,2.0,100.0,100.0
1141.0,0.5,20.0,2.0,100.0,100.0
1142.0,1.0,20.0,2.0,100.0,100.0
1143.0,2.0,20.0,2.0,100.0,7.6923075
1144.0,3.0,20.0,2.0,100.0,25.0
1145.0,5.0,20.0,2.0,100.0,20.0
1146.0,10.0,20.0,2.0,100.0,9.090909
1147.0,20.0,20.0,2.0,100.0,7.142857
1148.0,40.0,20.0,2.0,100.0,5.263158
1149.0,49.0,20.0,2.0,100.0,5.263158
1150.0,0.0,20.0,2.0,100.0,100.0
1151.0,0.5,20.0,2.0,100.0,33.333332
1152.0,1.0,20.0,2.0,100.0,9.090909
1153.0,2.0,20.0,2.0,100.0,33.333332
1154.0,3.0,20.0,2.0,100.0,33.333332
1155.0,5.0,20.0,2.0,100.0,12.5
1156.0,10.0,20.0,2.0,100.0,7.6923075
1157.0,20.0,20.0,2.0,100.0,5.0
1158.0,40.0,20.0,2.0,100.0,4.1666665
1159.0,49.0,20.0,2.0,100.0,5.263158
1160.0,0.0,20.0,2.0,100.0,100.0
1161.0,0.5,20.0,2.0,100.0,33.333332
1162.0,1.0,20.0,2.0,100.0,33.333332
1163.0,2.0,20.0,2.0,100.0,33.333332
1164.0,3.0,20.0,2.0,100.0,14.285714
1165.0,5.0,20.0,2.0,100.0,50.0
1166.0,10.0,20.0,2.0,100.0,11.111111
1167.0,20.0,20.0,2.0,100.0,5.5555553
1168.0,40.0,20.0,2.0,100.0,5.5555553
1169.0,49.0,20.0,2.0,100.0,4.347826
1170.0,0.0,20.0,2.0,100.0,100.0
1171.0,0.5,20.0,2.0,100.0,33.333332
1172.0,1.0,20.0,2.0,100.0,33.333332
1173.0,2.0,20.0,2.0,100.0,20.0
1174.0,3.0,20.0,2.0,100.0,33.333332
1175.0,5.0,20.0,2.0,100.0,16.666666
1176.0,10.0,20.0,2.0,100.0,9.090909
1177.0,20.0,20.0,2.0,100.0,5.882353
1178.0,40.0,20.0,2.0,100.0,5.882353
1179.0,49.0,20.0,2.0,100.0,3.8461537
1180.0,0.0,20.0,2.0,100.0,100.0
1181.0,0.5,20.0,2.0,100.0,25.0
1182.0,1.0,20.0,2.0,100.0,33.333332
1183.0,2.0,20.0,2.0,100.0,14.285714
1184.0,3.0,20.0,2.0,100.0,14.285714
1185.0,5.0,20.0,2.0,100.0,11.111111
1186.0,10.0,20.0,2.0,100.0,10.0
1187.0,20.0,20.0,2.0,100.0,6.6666665
1188.0,40.0,20.0,2.0,100.0,5.0
1189.0,49.0,20.0,2.0,100.0,5.0
1190.0,0.0,20.0,2.0,100.0,100.0
1191.0,0.5,20.0,2.0,100.0,100.0
1192.0,1.0,20.0,2.0,100.0,25.0
1193.0,2.0,20.0,2.0,100.0,33.333332
1194.0,3.0,20.0,2.0,100.0,14.285714
1195.0,5.0,20.0,2.0,100.0,7.6923075
1196.0,10.0,20.0,2.0,100.0,10.0
1197.0,20.0,20.0,2.0,100.0,5.882353
1198.0,40.0,20.0,2.0,100.0,4.7619047
1199.0,49.0,20.0,2.0,100.0,5.263158
1200.0,0.0,20.0,2.0,100.0,100.0
1201.0,0.5,20.0,2.0,100.0,33.333332
1202.0,1.0,20.0,2.0,100.0,33.333332
1203.0,2.0,20.0,2.0,100.0,14.285714
1204.0,3.0,20.0,2.0,100.0,33.333332
1205.0,5.0,20.0,2.0,100.0,5.0
1206.0,10.0,20.0,2.0,100.0,6.6666665
1207.0,20.0,20.0,2.0,100.0,5.882353
1208.0,40.0,20.0,2.0,100.0,5.263158
1209.0,49.0,20.0,2.0,100.0,4.7619047
1210.0,0.0,20.0,2.0,100.0,100.0
1211.0,0.5,20.0,2.0,100.0,100.0
1212.0,1.0,20.0,2.0,100.0,33.333332
1213.0,2.0,20.0,2.0,100.0,14.285714
1214.0,3.0,20.0,2.0,100.0,5.5555553
1215.0,5.0,20.0,2.0,100.0,16.666666
1216.0,10.0,20.0,2.0,100.0,6.6666665
1217.0,20.0,20.0,2.0,100.0,6.25
1218.0,40.0,20.0,2.0,100.0,4.7619047
1219.0,49.0,20.0,2.0,100.0,4.7619047
1220.0,0.0,20.0,2.0,100.0,100.0
1221.0,0.5,20.0,2.0,100.0,100.0
1222.0,1.0,20.0,2.0,100.0,25.0
1223.0,2.0,20.0,2.0,100.0,6.6666665
1224.0,3.0,20.0,2.0,100.0,16.666666
1225.0,5.0,20.0,2.0,100.0,12.5
1226.0,10.0,20.0,2.0,100.0,5.882353
1227.0,20.0,20.0,2.0,100.0,6.6666665
1228.0,40.0,20.0,2.0,100.0,5.263158
1229.0,49.0,20.0,2.0,100.0,5.263158
1230.0,0.0,20.0,2.0,100.0,100.0
1231.0,0.5,20.0,2.0,100.0,100.0
1232.0,1.0,20.0,2.0,100.0,100.0
1233.0,2.0,20.0,2.0,100.0,20.0
1234.0,3.0,20.0,2.0,100.0,11.111111
1235.0,5.0,20.0,2.0,100.0,12.5
1236.0,10.0,20.0,2.0,100.0,10.0
1237.0,20.0,20.0,2.0,100.0,9.090909
1238.0,40.0,20.0,2.0,100.0,5.882353
1239.0,49.0,20.0,2.0,100.0,5.263158
1240.0,0.0,20.0,2.0,100.0,100.0
1241.0,0.5,20.0,2.0,100.0,14.285714
1242.0,1.0,20.0,2.0,100.0,14.285714
1243.0,2.0,20.0,2.0,100.0,25.0
1244.0,3.0,20.0,2.0,100.0,7.142857
1245.0,5.0,20.0,2.0,100.0,4.347826
1246.0,10.0,20.0,2.0,100.0,8.333333
1247.0,20.0,20.0,2.0,100.0,5.5555553
1248.0,40.0,20.0,2.0,100.0,6.25
1249.0,49.0,20.0,2.0,100.0,4.347826
1250.0,0.0,20.0,2.0,100.0,100.0
1251.0,0.5,20.0,2.0,100.0,100.0
1252.0,1.0,20.0,2.0,100.0,33.333332
1253.0,2.0,20.0,2.0,100.0,33.333332
1254.0,3.0,20.0,2.0,100.0,11.111111
1255.0,5.0,20.0,2.0,100.0,12.5
1256.0,10.0,20.0,2.0,100.0,10.0
1257.0,20.0,20.0,2.0,100.0,4.5454545
1258.0,40.0,20.0,2.0,100.0,4.5454545
1259.0,49.0,20.0,2.0,100.0,5.882353
1260.0,0.0,20.0,2.0,100.0,100.0
1261.0,0.5,20.0,2.0,100.0,100.0
1262.0,1.0,20.0,2.0,100.0,100.0
1263.0,2.0,20.0,2.0,100.0,33.333332
1264.0,3.0,20.0,2.0,100.0,5.263158
1265.0,5.0,20.0,2.0,100.0,25.0
1266.0,10.0,20.0,2.0,100.0,11.111111
1267.0,20.0,20.0,2.0,100.0,5.882353
1268.0,40.0,20.0,2.0,100.0,5.263158
1269.0,49.0,20.0,2.0,100.0,5.882353
1270.0,0.0,20.0,2.0,100.0,100.0
1271.0,0.5,20.0,2.0,100.0,33.333332
1272.0,1.0,20.0,2.0,100.0,7.6923075
1273.0,2.0,20.0,2.0,100.0,33.333332
1274.0,3.0,20.0,2.0,100.0,14.285714
1275.0,5.0,20.0,2.0,100.0,25.0
1276.0,10.0,20.0,2.0,100.0,6.6666665
1277.0,20.0,20.0,2.0,100.0,5.882353
1278.0,40.0,20.0,2.0,100.0,4.7619047
1279.0,49.0,20.0,2.0,100.0,5.882353
1280.0,0.0,20.0,2.0,100.0,100.0
1281.0,0.5,20.0,2.0,100.0,33.333332
1282.0,1.0,20.0,2.0,100.0,100.0
1283.0,2.0,20.0,2.0,100.0,33.333332
1284.0,3.0,20.0,2.0,100.0,12.5
1285.0,5.0,20.0,2.0,100.0,14.285714
1286.0,10.0,20.0,2.0,100.0,9.090909
1287.0,20.0,20.0,2.0,100.0,5.263158
1288.0,40.0,20.0,2.0,100.0,5.882353
1289.0,49.0,20.0,2.0,100.0,4.7619047
1290.0,0.0,20.0,2.0,100.0,100.0
1291.0,0.5,20.0,2.0,100.0,100.0
1292.0,1.0,20.0,2.0,100.0,33.333332
1293.0,2.0,20.0,2.0,100.0,33.333332
1294.0,3.0,20.0,2.0,100.0,33.333332
1295.0,5.0,20.0,2.0,100.0,25.0
1296.0,10.0,20.0,2.0,100.0,8.333333
1297.0,20.0,20.0,2.0,100.0,5.882353
1298.0,40.0,20.0,2.0,100.0,5.263158
1299.0,49.0,20.0,2.0,100.0,5.263158
1300.0,0.0,20.0,2.0,100.0,100.0
1301.0,0.5,20.0,2.0,100.0,33.333332
1302.0,1.0,20.0,2.0,100.0,25.0
1303.0,2.0,20.0,2.0,100.0,33.333332
1304.0,3.0,20.0,2.0,100.0,10.0
1305.0,5.0,20.0,2.0,100.0,16.666666
1306.0,10.0,20.0,2.0,100.0,14.285714
1307.0,20.0,20.0,2.0,100.0,4.7619047
1308.0,40.0,20.0,2.0,100.0,5.882353
1309.0,49.0,20.0,2.0,100.0,4.347826
1310.0,0.0,20.0,2.0,100.0,100.0
1311.0,0.5,20.0,2.0,100.0,100.0
1312.0,1.0,20.0,2.0,100.0,100.0
1313.0,2.0,20.0,2.0,100.0,6.6666665
1314.0,3.0,20.0,2.0,100.0,33.333332
1315.0,5.0,20.0,2.0,100.0,16.666666
1316.0,10.0,20.0,2.0,100.0,4.347826
1317.0,20.0,20.0,2.0,100.0,5.882353
1318.0,40.0,20.0,2.0,100.0,4.5454545
1319.0,49.0,20.0,2.0,100.0,4.7619047
1320.0,0.0,20.0,2.0,100.0,100.0
1321.0,0.5,20.0,2.0,100.0,100.0
1322.0,1.0,20.0,2.0,100.0,33.333332
1323.0,2.0,20.0,2.0,100.0,33.333332
1324.0,3.0,20.0,2.0,100.0,16.666666
1325.0,5.0,20.0,2.0,100.0,16.666666
1326.0,10.0,20.0,2.0,100.0,8.333333
1327.0,20.0,20.0,2.0,100.0,8.333333
1328.0,40.0,20.0,2.0,100.0,4.347826
1329.0,49.0,20.0,2.0,100.0,4.0
1330.0,0.0,20.0,2.0,100.0,100.0
1331.0,0.5,20.0,2.0,100.0,33.333332
1332.0,1.0,20.0,2.0,100.0,33.333332
1333.0,2.0,20.0,2.0,100.0,11.111111
1334.0,3.0,20.0,2.0,100.0,16.666666
1335.0,5.0,20.0,2.0,100.0,9.090909
1336.0,10.0,20.0,2.0,100.0,6.6666665
1337.0,20.0,20.0,2.0,100.0,5.882353
1338.0,40.0,20.0,2.0,100.0,6.6666665
1339.0,49.0,20.0,2.0,100.0,5.263158
1340.0,0.0,20.0,2.0,100.0,100.0
1341.0,0.5,20.0,2.0,100.0,33.333332
1342.0,1.0,20.0,2.0,100.0,9.090909
1343.0,2.0,20.0,2.0,100.0,33.333332
1344.0,3.0,20.0,2.0,100.0,20.0
1345.0,5.0,20.0,2.0,100.0,10.0
1346.0,10.0,20.0,2.0,100.0,8.333333
1347.0,20.0,20.0,2.0,100.0,6.6666665
1348.0,40.0,20.0,2.0,100.0,4.347826
1349.0,49.0,20.0,2.0,100.0,5.263158
1350.0,0.0,20.0,2.0,100.0,100.0
1351.0,0.5,20.0,2.0,100.0,100.0
1352.0,1.0,20.0,2.0,100.0,33.333332
1353.0,2.0,20.0,2.0,100.0,33.333332
1354.0,3.0,20.0,2.0,100.0,14.285714
1355.0,5.0,20.0,2.0,100.0,5.5555553
1356.0,10.0,20.0,2.0,100.0,14.285714
1357.0,20.0,20.0,2.0,100.0,4.347826
1358.0,40.0,20.0,2.0,100.0,5.263158
1359.0,49.0,20.0,2.0,100.0,5.882353
1360.0,0.0,20.0,2.0,100.0,100.0
1361.0,0.5,20.0,2.0,100.0,20.0
1362.0,1.0,20.0,2.0,100.0,50.0
1363.0,2.0,20.0,2.0,100.0,100.0
1364.0,3.0,20.0,2.0,100.0,33.333332
1365.0,5.0,20.0,2.0,100.0,6.25
1366.0,10.0,20.0,2.0,100.0,5.5555553
1367.0,20.0,20.0,2.0,100.0,5.0
1368.0,40.0,20.0,2.0,100.0,5.263158
1369.0,49.0,20.0,2.0,100.0,4.7619047
1370.0,0.0,20.0,2.0,100.0,20.0
1371.0,0.5,20.0,2.0,100.0,33.333332
1372.0,1.0,20.0,2.0,100.0,25.0
1373.0,2.0,20.0,2.0,100.0,5.263158
1374.0,3.0,20.0,2.0,100.0,5.882353
1375.0,5.0,20.0,2.0,100.0,12.5
1376.0,10.0,20.0,2.0,100.0,8.333333
1377.0,20.0,20.0,2.0,100.0,5.263158
1378.0,40.0,20.0,2.0,100.0,7.6923075
1379.0,49.0,20.0,2.0,100.0,5.5555553
1380.0,0.0,20.0,2.0,100.0,100.0
1381.0,0.5,20.0,2.0,100.0,100.0
1382.0,1.0,20.0,2.0,100.0,100.0
1383.0,2.0,20.0,2.0,100.0,33.333332
1384.0,3.0,20.0,2.0,100.0,8.333333
1385.0,5.0,20.0,2.0,100.0,6.25
1386.0,10.0,20.0,2.0,100.0,12.5
1387.0,20.0,20.0,2.0,100.0,6.25
1388.0,40.0,20.0,2.0,100.0,4.347826
1389.0,49.0,20.0,2.0,100.0,5.5555553
1390.0,0.0,20.0,2.0,100.0,100.0
1391.0,0.5,20.0,2.0,100.0,100.0
1392.0,1.0,20.0,2.0,100.0,16.666666
1393.0,2.0,20.0,2.0,100.0,10.0
1394.0,3.0,20.0,2.0,100.0,16.666666
1395.0,5.0,20.0,2.0,100.0,50.0
1396.0,10.0,20.0,2.0,100.0,6.6666665
1397.0,20.0,20.0,2.0,100.0,6.25
1398.0,40.0,20.0,2.0,100.0,5.882353
1399.0,49.0,20.0,2.0,100.0,5.882353
1400.0,0.0,20.0,2.0,100.0,100.0
1401.0,0.5,20.0,2.0,100.0,100.0
1402.0,1.0,20.0,2.0,100.0,5.882353
1403.0,2.0,20.0,2.0,100.0,33.333332
1404.0,3.0,20.0,2.0,100.0,33.333332
1405.0,5.0,20.0,2.0,100.0,10.0
1406.0,10.0,20.0,2.0,100.0,12.5
1407.0,20.0,20.0,2.0,100.0,4.7619047
1408.0,40.0,20.0,2.0,100.0,4.7619047
1409.0,49.0,20.0,2.0,100.0,5.882353
1410.0,0.0,20.0,2.0,100.0,100.0
1411.0,0.5,20.0,2.0,100.0,33.333332
1412.0,1.0,20.0,2.0,100.0,100.0
1413.0,2.0,20.0,2.0,100.0,33.333332
1414.0,3.0,20.0,2.0,100.0,11.111111
1415.0,5.0,20.0,2.0,100.0,7.142857
1416.0,10.0,20.0,2.0,100.0,7.142857
1417.0,20.0,20.0,2.0,100.0,9.090909
1418.0,40.0,20.0,2.0,100.0,4.0
1419.0,49.0,20.0,2.0,100.0,5.263158
1420.0,0.0,20.0,2.0,100.0,100.0
1421.0,0.5,20.0,2.0,100.0,33.333332
1422.0,1.0,20.0,2.0,100.0,33.333332
1423.0,2.0,20.0,2.0,100.0,10.0
1424.0,3.0,20.0,2.0,100.0,9.090909
1425.0,5.0,20.0,2.0,100.0,16.666666
1426.0,10.0,20.0,2.0,100.0,7.142857
1427.0,20.0,20.0,2.0,100.0,5.0
1428.0,40.0,20.0,2.0,100.0,5.882353
1429.0,49.0,20.0,2.0,100.0,4.0
1430.0,0.0,20.0,2.0,100.0,100.0
1431.0,0.5,20.0,2.0,100.0,7.6923075
1432.0,1.0,20.0,2.0,100.0,33.333332
1433.0,2.0,20.0,2.0,100.0,5.5555553
1434.0,3.0,20.0,2.0,100.0,33.333332
1435.0,5.0,20.0,2.0,100.0,11.111111
1436.0,10.0,20.0,2.0,100.0,4.347826
1437.0,20.0,20.0,2.0,100.0,5.882353
1438.0,40.0,20.0,2.0,100.0,5.263158
1439.0,49.0,20.0,2.0,100.0,4.7619047
1440.0,0.0,20.0,2.0,100.0,100.0
1441.0,0.5,20.0,2.0,100.0,100.0
1442.0,1.0,20.0,2.0,100.0,100.0
1443.0,2.0,20.0,2.0,100.0,33.333332
1444.0,3.0,20.0,2.0,100.0,33.333332
1445.0,5.0,20.0,2.0,100.0,10.0
1446.0,10.0,20.0,2.0,100.0,10.0
1447.0,20.0,20.0,2.0,100.0,5.5555553
1448.0,40.0,20.0,2.0,100.0,5.263158
1449.0,49.0,20.0,2.0,100.0,4.7619047
1450.0,0.0,20.0,2.0,100.0,100.0
1451.0,0.5,20.0,2.0,100.0,16.666666
1452.0,1.0,20.0,2.0,100.0,25.0
1453.0,2.0,20.0,2.0,100.0,33.333332
1454.0,3.0,20.0,2.0,100.0,14.285714
1455.0,5.0,20.0,2.0,100.0,7.6923075
1456.0,10.0,20.0,2.0,100.0,7.6923075
1457.0,20.0,20.0,2.0,100.0,5.263158
1458.0,40.0,20.0,2.0,100.0,5.263158
1459.0,49.0,20.0,2.0,100.0,4.7619047
1460.0,0.0,20.0,2.0,100.0,100.0
1461.0,0.5,20.0,2.0,100.0,33.333332
1462.0,1.0,20.0,2.0,100.0,33.333332
1463.0,2.0,20.0,2.0,100.0,33.333332
1464.0,3.0,20.0,2.0,100.0,12.5
1465.0,5.0,20.0,2.0,100.0,12.5
1466.0,10.0,20.0,2.0,100.0,14.285714
1467.0,20.0,20.0,2.0,100.0,5.0
1468.0,40.0,20.0,2.0,100.0,5.882353
1469.0,49.0,20.0,2.0,100.0,4.7619047
1470.0,0.0,20.0,2.0,100.0,100.0
1471.0,0.5,20.0,2.0,100.0,33.333332
1472.0,1.0,20.0,2.0,100.0,100.0
1473.0,2.0,20.0,2.0,100.0,33.333332
1474.0,3.0,20.0,2.0,100.0,12.5
1475.0,5.0,20.0,2.0,100.0,5.0
1476.0,10.0,20.0,2.0,100.0,7.6923075
1477.0,20.0,20.0,2.0,100.0,7.142857
1478.0,40.0,20.0,2.0,100.0,4.7619047
1479.0,49.0,20.0,2.0,100.0,5.263158
1480.0,0.0,20.0,2.0,100.0,100.0
1481.0,0.5,20.0,2.0,100.0,100.0
1482.0,1.0,20.0,2.0,100.0,33.333332
1483.0,2.0,20.0,2.0,100.0,12.5
1484.0,3.0,20.0,2.0,100.0,16.666666
1485.0,5.0,20.0,2.0,100.0,8.333333
1486.0,10.0,20.0,2.0,100.0,10.0
1487.0,20.0,20.0,2.0,100.0,8.333333
1488.0,40.0,20.0,2.0,100.0,5.263158
1489.0,49.0,20.0,2.0,100.0,4.347826
1490.0,0.0,20.0,2.0,100.0,100.0
1491.0,0.5,20.0,2.0,100.0,100.0
1492.0,1.0,20.0,2.0,100.0,33.333332
1493.0,2.0,20.0,2.0,100.0,14.285714
1494.0,3.0,20.0,2.0,100.0,10.0
1495.0,5.0,20.0,2.0,100.0,25.0
1496.0,10.0,20.0,2.0,100.0,6.6666665
1497.0,20.0,20.0,2.0,100.0,4.5454545
1498.0,40.0,20.0,2.0,100.0,4.0
1499.0,49.0,20.0,2.0,100.0,4.347826
1500.0,0.0,20.0,3.0,100.0,100.0
1501.0,0.5,20.0,3.0,100.0,33.333332
1502.0,1.0,20.0,3.0,100.0,33.333332
1503.0,2.0,20.0,3.0,100.0,33.333332
1504.0,3.0,20.0,3.0,100.0,16.666666
1505.0,5.0,20.0,3.0,100.0,10.0
1506.0,10.0,20.0,3.0,100.0,7.6923075
1507.0,20.0,20.0,3.0,100.0,4.7619047
1508.0,40.0,20.0,3.0,100.0,5.882353
1509.0,49.0,20.0,3.0,100.0,5.882353
1510.0,0.0,20.0,3.0,100.0,100.0
1511.0,0.5,20.0,3.0,100.0,33.333332
1512.0,1.0,20.0,3.0,100.0,100.0
1513.0,2.0,20.0,3.0,100.0,16.666666
1514.0,3.0,20.0,3.0,100.0,5.5555553
1515.0,5.0,20.0,3.0,100.0,14.285714
1516.0,10.0,20.0,3.0,100.0,20.0
1517.0,20.0,20.0,3.0,100.0,6.6666665
1518.0,40.0,20.0,3.0,100.0,5.263158
1519.0,49.0,20.0,3.0,100.0,5.0
1520.0,0.0,20.0,3.0,100.0,100.0
1521.0,0.5,20.0,3.0,100.0,100.0
1522.0,1.0,20.0,3.0,100.0,100.0
1523.0,2.0,20.0,3.0,100.0,8.333333
1524.0,3.0,20.0,3.0,100.0,11.111111
1525.0,5.0,20.0,3.0,100.0,12.5
1526.0,10.0,20.0,3.0,100.0,6.6666665
1527.0,20.0,20.0,3.0,100.0,5.882353
1528.0,40.0,20.0,3.0,100.0,4.347826
1529.0,49.0,20.0,3.0,100.0,4.347826
1530.0,0.0,20.0,3.0,100.0,100.0
1531.0,0.5,20.0,3.0,100.0,100.0
1532.0,1.0,20.0,3.0,100.0,11.111111
1533.0,2.0,20.0,3.0,100.0,11.111111
1534.0,3.0,20.0,3.0,100.0,11.111111
1535.0,5.0,20.0,3.0,100.0,7.6923075
1536.0,10.0,20.0,3.0,100.0,6.25
1537.0,20.0,20.0,3.0,100.0,4.5454545
1538.0,40.0,20.0,3.0,100.0,4.7619047
1539.0,49.0,20.0,3.0,100.0,3.4482758
1540.0,0.0,20.0,3.0,100.0,100.0
1541.0,0.5,20.0,3.0,100.0,33.333332
1542.0,1.0,20.0,3.0,100.0,33.333332
1543.0,2.0,20.0,3.0,100.0,100.0
1544.0,3.0,20.0,3.0,100.0,7.6923075
1545.0,5.0,20.0,3.0,100.0,10.0
1546.0,10.0,20.0,3.0,100.0,5.882353
1547.0,20.0,20.0,3.0,100.0,5.263158
1548.0,40.0,20.0,3.0,100.0,4.7619047
1549.0,49.0,20.0,3.0,100.0,4.7619047
1550.0,0.0,20.0,3.0,100.0,100.0
1551.0,0.5,20.0,3.0,100.0,100.0
1552.0,1.0,20.0,3.0,100.0,100.0
1553.0,2.0,20.0,3.0,100.0,33.333332
1554.0,3.0,20.0,3.0,100.0,33.333332
1555.0,5.0,20.0,3.0,100.0,20.0
1556.0,10.0,20.0,3.0,100.0,7.142857
1557.0,20.0,20.0,3.0,100.0,4.7619047
1558.0,40.0,20.0,3.0,100.0,5.263158
1559.0,49.0,20.0,3.0,100.0,4.347826
1560.0,0.0,20.0,3.0,100.0,9.090909
1561.0,0.5,20.0,3.0,100.0,100.0
1562.0,1.0,20.0,3.0,100.0,33.333332
1563.0,2.0,20.0,3.0,100.0,33.333332
1564.0,3.0,20.0,3.0,100.0,11.111111
1565.0,5.0,20.0,3.0,100.0,11.111111
1566.0,10.0,20.0,3.0,100.0,5.263158
1567.0,20.0,20.0,3.0,100.0,5.0
1568.0,40.0,20.0,3.0,100.0,7.6923075
1569.0,49.0,20.0,3.0,100.0,4.0
1570.0,0.0,20.0,3.0,100.0,11.111111
1571.0,0.5,20.0,3.0,100.0,33.333332
1572.0,1.0,20.0,3.0,100.0,33.333332
1573.0,2.0,20.0,3.0,100.0,33.333332
1574.0,3.0,20.0,3.0,100.0,10.0
1575.0,5.0,20.0,3.0,100.0,7.6923075
1576.0,10.0,20.0,3.0,100.0,7.142857
1577.0,20.0,20.0,3.0,100.0,4.7619047
1578.0,40.0,20.0,3.0,100.0,4.7619047
1579.0,49.0,20.0,3.0,100.0,5.263158
1580.0,0.0,20.0,3.0,100.0,100.0
1581.0,0.5,20.0,3.0,100.0,33.333332
1582.0,1.0,20.0,3.0,100.0,9.090909
1583.0,2.0,20.0,3.0,100.0,20.0
1584.0,3.0,20.0,3.0,100.0,20.0
1585.0,5.0,20.0,3.0,100.0,4.7619047
1586.0,10.0,20.0,3.0,100.0,12.5
1587.0,20.0,20.0,3.0,100.0,5.882353
1588.0,40.0,20.0,3.0,100.0,4.347826
1589.0,49.0,20.0,3.0,100.0,4.347826
1590.0,0.0,20.0,3.0,100.0,100.0
1591.0,0.5,20.0,3.0,100.0,25.0
1592.0,1.0,20.0,3.0,100.0,20.0
1593.0,2.0,20.0,3.0,100.0,5.882353
1594.0,3.0,20.0,3.0,100.0,50.0
1595.0,5.0,20.0,3.0,100.0,7.6923075
1596.0,10.0,20.0,3.0,100.0,7.6923075
1597.0,20.0,20.0,3.0,100.0,9.090909
1598.0,40.0,20.0,3.0,100.0,5.263158
1599.0,49.0,20.0,3.0,100.0,5.263158
1600.0,0.0,20.0,3.0,100.0,33.333332
1601.0,0.5,20.0,3.0,100.0,100.0
1602.0,1.0,20.0,3.0,100.0,33.333332
1603.0,2.0,20.0,3.0,100.0,25.0
1604.0,3.0,20.0,3.0,100.0,20.0
1605.0,5.0,20.0,3.0,100.0,8.333333
1606.0,10.0,20.0,3.0,100.0,5.5555553
1607.0,20.0,20.0,3.0,100.0,4.7619047
1608.0,40.0,20.0,3.0,100.0,5.263158
1609.0,49.0,20.0,3.0,100.0,4.7619047
1610.0,0.0,20.0,3.0,100.0,100.0
1611.0,0.5,20.0,3.0,100.0,33.333332
1612.0,1.0,20.0,3.0,100.0,33.333332
1613.0,2.0,20.0,3.0,100.0,11.111111
1614.0,3.0,20.0,3.0,100.0,6.6666665
1615.0,5.0,20.0,3.0,100.0,6.25
1616.0,10.0,20.0,3.0,100.0,5.5555553
1617.0,20.0,20.0,3.0,100.0,5.882353
1618.0,40.0,20.0,3.0,100.0,4.7619047
1619.0,49.0,20.0,3.0,100.0,4.7619047
1620.0,0.0,20.0,3.0,100.0,100.0
1621.0,0.5,20.0,3.0,100.0,100.0
1622.0,1.0,20.0,3.0,100.0,14.285714
1623.0,2.0,20.0,3.0,100.0,16.666666
1624.0,3.0,20.0,3.0,100.0,33.333332
1625.0,5.0,20.0,3.0,100.0,10.0
1626.0,10.0,20.0,3.0,100.0,11.111111
1627.0,20.0,20.0,3.0,100.0,4.5454545
1628.0,40.0,20.0,3.0,100.0,5.882353
1629.0,49.0,20.0,3.0,100.0,5.263158
1630.0,0.0,20.0,3.0,100.0,100.0
1631.0,0.5,20.0,3.0,100.0,33.333332
1632.0,1.0,20.0,3.0,100.0,100.0
1633.0,2.0,20.0,3.0,100.0,11.111111
1634.0,3.0,20.0,3.0,100.0,25.0
1635.0,5.0,20.0,3.0,100.0,7.142857
1636.0,10.0,20.0,3.0,100.0,8.333333
1637.0,20.0,20.0,3.0,100.0,5.0
1638.0,40.0,20.0,3.0,100.0,5.263158
1639.0,49.0,20.0,3.0,100.0,4.7619047
1640.0,0.0,20.0,3.0,100.0,100.0
1641.0,0.5,20.0,3.0,100.0,100.0
1642.0,1.0,20.0,3.0,100.0,4.7619047
1643.0,2.0,20.0,3.0,100.0,33.333332
1644.0,3.0,20.0,3.0,100.0,8.333333
1645.0,5.0,20.0,3.0,100.0,5.882353
1646.0,10.0,20.0,3.0,100.0,6.6666665
1647.0,20.0,20.0,3.0,100.0,5.5555553
1648.0,40.0,20.0,3.0,100.0,4.347826
1649.0,49.0,20.0,3.0,100.0,4.347826
1650.0,0.0,20.0,3.0,100.0,100.0
1651.0,0.5,20.0,3.0,100.0,100.0
1652.0,1.0,20.0,3.0,100.0,100.0
1653.0,2.0,20.0,3.0,100.0,33.333332
1654.0,3.0,20.0,3.0,100.0,5.0
1655.0,5.0,20.0,3.0,100.0,12.5
1656.0,10.0,20.0,3.0,100.0,7.6923075
1657.0,20.0,20.0,3.0,100.0,4.7619047
1658.0,40.0,20.0,3.0,100.0,4.347826
1659.0,49.0,20.0,3.0,100.0,5.5555553
1660.0,0.0,20.0,3.0,100.0,100.0
1661.0,0.5,20.0,3.0,100.0,100.0
1662.0,1.0,20.0,3.0,100.0,100.0
1663.0,2.0,20.0,3.0,100.0,33.333332
1664.0,3.0,20.0,3.0,100.0,25.0
1665.0,5.0,20.0,3.0,100.0,16.666666
1666.0,10.0,20.0,3.0,100.0,11.111111
1667.0,20.0,20.0,3.0,100.0,5.263158
1668.0,40.0,20.0,3.0,100.0,4.347826
1669.0,49.0,20.0,3.0,100.0,4.347826
1670.0,0.0,20.0,3.0,100.0,100.0
1671.0,0.5,20.0,3.0,100.0,100.0
1672.0,1.0,20.0,3.0,100.0,16.666666
1673.0,2.0,20.0,3.0,100.0,50.0
1674.0,3.0,20.0,3.0,100.0,9.090909
1675.0,5.0,20.0,3.0,100.0,11.111111
1676.0,10.0,20.0,3.0,100.0,5.882353
1677.0,20.0,20.0,3.0,100.0,5.263158
1678.0,40.0,20.0,3.0,100.0,4.347826
1679.0,49.0,20.0,3.0,100.0,4.7619047
1680.0,0.0,20.0,3.0,100.0,100.0
1681.0,0.5,20.0,3.0,100.0,100.0
1682.0,1.0,20.0,3.0,100.0,100.0
1683.0,2.0,20.0,3.0,100.0,33.333332
1684.0,3.0,20.0,3.0,100.0,25.0
1685.0,5.0,20.0,3.0,100.0,12.5
1686.0,10.0,20.0,3.0,100.0,8.333333
1687.0,20.0,20.0,3.0,100.0,4.7619047
1688.0,40.0,20.0,3.0,100.0,5.5555553
1689.0,49.0,20.0,3.0,100.0,5.263158
1690.0,0.0,20.0,3.0,100.0,100.0
1691.0,0.5,20.0,3.0,100.0,33.333332
1692.0,1.0,20.0,3.0,100.0,33.333332
1693.0,2.0,20.0,3.0,100.0,5.263158
1694.0,3.0,20.0,3.0,100.0,14.285714
1695.0,5.0,20.0,3.0,100.0,14.285714
1696.0,10.0,20.0,3.0,100.0,11.111111
1697.0,20.0,20.0,3.0,100.0,4.5454545
1698.0,40.0,20.0,3.0,100.0,4.347826
1699.0,49.0,20.0,3.0,100.0,5.263158
1700.0,0.0,20.0,3.0,100.0,100.0
1701.0,0.5,20.0,3.0,100.0,100.0
1702.0,1.0,20.0,3.0,100.0,33.333332
1703.0,2.0,20.0,3.0,100.0,12.5
1704.0,3.0,20.0,3.0,100.0,25.0
1705.0,5.0,20.0,3.0,100.0,7.142857
1706.0,10.0,20.0,3.0,100.0,11.111111
1707.0,20.0,20.0,3.0,100.0,5.5555553
1708.0,40.0,20.0,3.0,100.0,4.7619047
1709.0,49.0,20.0,3.0,100.0,4.347826
1710.0,0.0,20.0,3.0,100.0,100.0
1711.0,0.5,20.0,3.0,100.0,25.0
1712.0,1.0,20.0,3.0,100.0,33.333332
1713.0,2.0,20.0,3.0,100.0,25.0
1714.0,3.0,20.0,3.0,100.0,25.0
1715.0,5.0,20.0,3.0,100.0,4.7619047
1716.0,10.0,20.0,3.0,100.0,6.25
1717.0,20.0,20.0,3.0,100.0,5.5555553
1718.0,40.0,20.0,3.0,100.0,3.7037036
1719.0,49.0,20.0,3.0,100.0,4.347826
1720.0,0.0,20.0,3.0,100.0,100.0
1721.0,0.5,20.0,3.0,100.0,33.333332
1722.0,1.0,20.0,3.0,100.0,100.0
1723.0,2.0,20.0,3.0,100.0,25.0
1724.0,3.0,20.0,3.0,100.0,25.0
1725.0,5.0,20.0,3.0,100.0,9.090909
1726.0,10.0,20.0,3.0,100.0,5.882353
1727.0,20.0,20.0,3.0,100.0,5.882353
1728.0,40.0,20.0,3.0,100.0,4.0
1729.0,49.0,20.0,3.0,100.0,5.5555553
1730.0,0.0,20.0,3.0,100.0,100.0
1731.0,0.5,20.0,3.0,100.0,33.333332
1732.0,1.0,20.0,3.0,100.0,100.0
1733.0,2.0,20.0,3.0,100.0,100.0
1734.0,3.0,20.0,3.0,100.0,25.0
1735.0,5.0,20.0,3.0,100.0,5.882353
1736.0,10.0,20.0,3.0,100.0,6.6666665
1737.0,20.0,20.0,3.0,100.0,5.882353
1738.0,40.0,20.0,3.0,100.0,5.263158
1739.0,49.0,20.0,3.0,100.0,4.7619047
1740.0,0.0,20.0,3.0,100.0,100.0
1741.0,0.5,20.0,3.0,100.0,33.333332
1742.0,1.0,20.0,3.0,100.0,7.142857
1743.0,2.0,20.0,3.0,100.0,33.333332
1744.0,3.0,20.0,3.0,100.0,16.666666
1745.0,5.0,20.0,3.0,100.0,7.142857
1746.0,10.0,20.0,3.0,100.0,5.882353
1747.0,20.0,20.0,3.0,100.0,6.6666665
1748.0,40.0,20.0,3.0,100.0,4.7619047
1749.0,49.0,20.0,3.0,100.0,4.347826
1750.0,0.0,20.0,3.0,100.0,20.0
1751.0,0.5,20.0,3.0,100.0,33.333332
1752.0,1.0,20.0,3.0,100.0,33.333332
1753.0,2.0,20.0,3.0,100.0,11.111111
1754.0,3.0,20.0,3.0,100.0,25.0
1755.0,5.0,20.0,3.0,100.0,12.5
1756.0,10.0,20.0,3.0,100.0,5.882353
1757.0,20.0,20.0,3.0,100.0,5.263158
1758.0,40.0,20.0,3.0,100.0,4.7619047
1759.0,49.0,20.0,3.0,100.0,5.263158
1760.0,0.0,20.0,3.0,100.0,100.0
1761.0,0.5,20.0,3.0,100.0,100.0
1762.0,1.0,20.0,3.0,100.0,25.0
1763.0,2.0,20.0,3.0,100.0,25.0
1764.0,3.0,20.0,3.0,100.0,6.6666665
1765.0,5.0,20.0,3.0,100.0,50.0
1766.0,10.0,20.0,3.0,100.0,6.6666665
1767.0,20.0,20.0,3.0,100.0,4.7619047
1768.0,40.0,20.0,3.0,100.0,5.882353
1769.0,49.0,20.0,3.0,100.0,5.263158
1770.0,0.0,20.0,3.0,100.0,100.0
1771.0,0.5,20.0,3.0,100.0,33.333332
1772.0,1.0,20.0,3.0,100.0,11.111111
1773.0,2.0,20.0,3.0,100.0,33.333332
1774.0,3.0,20.0,3.0,100.0,7.6923075
1775.0,5.0,20.0,3.0,100.0,5.5555553
1776.0,10.0,20.0,3.0,100.0,5.5555553
1777.0,20.0,20.0,3.0,100.0,5.882353
1778.0,40.0,20.0,3.0,100.0,4.347826
1779.0,49.0,20.0,3.0,100.0,5.263158
1780.0,0.0,20.0,3.0,100.0,100.0
1781.0,0.5,20.0,3.0,100.0,14.285714
1782.0,1.0,20.0,3.0,100.0,25.0
1783.0,2.0,20.0,3.0,100.0,25.0
1784.0,3.0,20.0,3.0,100.0,16.666666
1785.0,5.0,20.0,3.0,100.0,12.5
1786.0,10.0,20.0,3.0,100.0,12.5
1787.0,20.0,20.0,3.0,100.0,6.6666665
1788.0,40.0,20.0,3.0,100.0,5.263158
1789.0,49.0,20.0,3.0,100.0,4.347826
1790.0,0.0,20.0,3.0,100.0,100.0
1791.0,0.5,20.0,3.0,100.0,25.0
1792.0,1.0,20.0,3.0,100.0,33.333332
1793.0,2.0,20.0,3.0,100.0,33.333332
1794.0,3.0,20.0,3.0,100.0,9.090909
1795.0,5.0,20.0,3.0,100.0,7.142857
1796.0,10.0,20.0,3.0,100.0,12.5
1797.0,20.0,20.0,3.0,100.0,5.263158
1798.0,40.0,20.0,3.0,100.0,4.7619047
1799.0,49.0,20.0,3.0,100.0,4.347826
1800.0,0.0,20.0,3.0,100.0,20.0
1801.0,0.5,20.0,3.0,100.0,33.333332
1802.0,1.0,20.0,3.0,100.0,33.333332
1803.0,2.0,20.0,3.0,100.0,33.333332
1804.0,3.0,20.0,3.0,100.0,6.25
1805.0,5.0,20.0,3.0,100.0,11.111111
1806.0,10.0,20.0,3.0,100.0,11.111111
1807.0,20.0,20.0,3.0,100.0,4.7619047
1808.0,40.0,20.0,3.0,100.0,4.347826
1809.0,49.0,20.0,3.0,100.0,4.7619047
1810.0,0.0,20.0,3.0,100.0,100.0
1811.0,0.5,20.0,3.0,100.0,33.333332
1812.0,1.0,20.0,3.0,100.0,33.333332
1813.0,2.0,20.0,3.0,100.0,5.882353
1814.0,3.0,20.0,3.0,100.0,33.333332
1815.0,5.0,20.0,3.0,100.0,8.333333
1816.0,10.0,20.0,3.0,100.0,7.6923075
1817.0,20.0,20.0,3.0,100.0,7.6923075
1818.0,40.0,20.0,3.0,100.0,4.347826
1819.0,49.0,20.0,3.0,100.0,5.263158
1820.0,0.0,20.0,3.0,100.0,100.0
1821.0,0.5,20.0,3.0,100.0,100.0
1822.0,1.0,20.0,3.0,100.0,100.0
1823.0,2.0,20.0,3.0,100.0,16.666666
1824.0,3.0,20.0,3.0,100.0,33.333332
1825.0,5.0,20.0,3.0,100.0,5.263158
1826.0,10.0,20.0,3.0,100.0,6.6666665
1827.0,20.0,20.0,3.0,100.0,7.6923075
1828.0,40.0,20.0,3.0,100.0,4.0
1829.0,49.0,20.0,3.0,100.0,4.7619047
1830.0,0.0,20.0,3.0,100.0,100.0
1831.0,0.5,20.0,3.0,100.0,11.111111
1832.0,1.0,20.0,3.0,100.0,33.333332
1833.0,2.0,20.0,3.0,100.0,25.0
1834.0,3.0,20.0,3.0,100.0,25.0
1835.0,5.0,20.0,3.0,100.0,12.5
1836.0,10.0,20.0,3.0,100.0,5.5555553
1837.0,20.0,20.0,3.0,100.0,5.882353
1838.0,40.0,20.0,3.0,100.0,4.347826
1839.0,49.0,20.0,3.0,100.0,4.1666665
1840.0,0.0,20.0,3.0,100.0,100.0
1841.0,0.5,20.0,3.0,100.0,100.0
1842.0,1.0,20.0,3.0,100.0,33.333332
1843.0,2.0,20.0,3.0,100.0,100.0
1844.0,3.0,20.0,3.0,100.0,33.333332
1845.0,5.0,20.0,3.0,100.0,10.0
1846.0,10.0,20.0,3.0,100.0,9.090909
1847.0,20.0,20.0,3.0,100.0,7.6923075
1848.0,40.0,20.0,3.0,100.0,5.0
1849.0,49.0,20.0,3.0,100.0,4.7619047
1850.0,0.0,20.0,3.0,100.0,100.0
1851.0,0.5,20.0,3.0,100.0,11.111111
1852.0,1.0,20.0,3.0,100.0,33.333332
1853.0,2.0,20.0,3.0,100.0,20.0
1854.0,3.0,20.0,3.0,100.0,7.142857
1855.0,5.0,20.0,3.0,100.0,7.6923075
1856.0,10.0,20.0,3.0,100.0,6.25
1857.0,20.0,20.0,3.0,100.0,5.0
1858.0,40.0,20.0,3.0,100.0,4.7619047
1859.0,49.0,20.0,3.0,100.0,4.7619047
1860.0,0.0,20.0,3.0,100.0,100.0
1861.0,0.5,20.0,3.0,100.0,100.0
1862.0,1.0,20.0,3.0,100.0,33.333332
1863.0,2.0,20.0,3.0,100.0,33.333332
1864.0,3.0,20.0,3.0,100.0,25.0
1865.0,5.0,20.0,3.0,100.0,5.263158
1866.0,10.0,20.0,3.0,100.0,8.333333
1867.0,20.0,20.0,3.0,100.0,5.263158
1868.0,40.0,20.0,3.0,100.0,4.347826
1869.0,49.0,20.0,3.0,100.0,4.347826
1870.0,0.0,20.0,3.0,100.0,100.0
1871.0,0.5,20.0,3.0,100.0,33.333332
1872.0,1.0,20.0,3.0,100.0,33.333332
1873.0,2.0,20.0,3.0,100.0,12.5
1874.0,3.0,20.0,3.0,100.0,6.25
1875.0,5.0,20.0,3.0,100.0,14.285714
1876.0,10.0,20.0,3.0,100.0,6.25
1877.0,20.0,20.0,3.0,100.0,7.142857
1878.0,40.0,20.0,3.0,100.0,3.7037036
1879.0,49.0,20.0,3.0,100.0,5.882353
1880.0,0.0,20.0,3.0,100.0,100.0
1881.0,0.5,20.0,3.0,100.0,100.0
1882.0,1.0,20.0,3.0,100.0,33.333332
1883.0,2.0,20.0,3.0,100.0,10.0
1884.0,3.0,20.0,3.0,100.0,8.333333
1885.0,5.0,20.0,3.0,100.0,9.090909
1886.0,10.0,20.0,3.0,100.0,8.333333
1887.0,20.0,20.0,3.0,100.0,5.882353
1888.0,40.0,20.0,3.0,100.0,4.7619047
1889.0,49.0,20.0,3.0,100.0,4.7619047
1890.0,0.0,20.0,3.0,100.0,100.0
1891.0,0.5,20.0,3.0,100.0,33.333332
1892.0,1.0,20.0,3.0,100.0,100.0
1893.0,2.0,20.0,3.0,100.0,16.666666
1894.0,3.0,20.0,3.0,100.0,20.0
1895.0,5.0,20.0,3.0,100.0,6.25
1896.0,10.0,20.0,3.0,100.0,5.263158
1897.0,20.0,20.0,3.0,100.0,4.347826
1898.0,40.0,20.0,3.0,100.0,5.0
1899.0,49.0,20.0,3.0,100.0,5.882353
1900.0,0.0,20.0,3.0,100.0,100.0
1901.0,0.5,20.0,3.0,100.0,100.0
1902.0,1.0,20.0,3.0,100.0,100.0
1903.0,2.0,20.0,3.0,100.0,33.333332
1904.0,3.0,20.0,3.0,100.0,25.0
1905.0,5.0,20.0,3.0,100.0,11.111111
1906.0,10.0,20.0,3.0,100.0,7.6923075
1907.0,20.0,20.0,3.0,100.0,6.6666665
1908.0,40.0,20.0,3.0,100.0,6.6666665
1909.0,49.0,20.0,3.0,100.0,5.263158
1910.0,0.0,20.0,3.0,100.0,100.0
1911.0,0.5,20.0,3.0,100.0,100.0
1912.0,1.0,20.0,3.0,100.0,100.0
1913.0,2.0,20.0,3.0,100.0,6.6666665
1914.0,3.0,20.0,3.0,100.0,25.0
1915.0,5.0,20.0,3.0,100.0,12.5
1916.0,10.0,20.0,3.0,100.0,7.142857
1917.0,20.0,20.0,3.0,100.0,6.6666665
1918.0,40.0,20.0,3.0,100.0,5.263158
1919.0,49.0,20.0,3.0,100.0,4.7619047
1920.0,0.0,20.0,3.0,100.0,100.0
1921.0,0.5,20.0,3.0,100.0,100.0
1922.0,1.0,20.0,3.0,100.0,100.0
1923.0,2.0,20.0,3.0,100.0,33.333332
1924.0,3.0,20.0,3.0,100.0,25.0
1925.0,5.0,20.0,3.0,100.0,16.666666
1926.0,10.0,20.0,3.0,100.0,4.5454545
1927.0,20.0,20.0,3.0,100.0,5.882353
1928.0,40.0,20.0,3.0,100.0,4.5454545
1929.0,49.0,20.0,3.0,100.0,4.347826
1930.0,0.0,20.0,3.0,100.0,100.0
1931.0,0.5,20.0,3.0,100.0,100.0
1932.0,1.0,20.0,3.0,100.0,11.111111
1933.0,2.0,20.0,3.0,100.0,5.882353
1934.0,3.0,20.0,3.0,100.0,20.0
1935.0,5.0,20.0,3.0,100.0,11.111111
1936.0,10.0,20.0,3.0,100.0,20.0
1937.0,20.0,20.0,3.0,100.0,5.263158
1938.0,40.0,20.0,3.0,100.0,4.7619047
1939.0,49.0,20.0,3.0,100.0,4.7619047
1940.0,0.0,20.0,3.0,100.0,100.0
1941.0,0.5,20.0,3.0,100.0,7.142857
1942.0,1.0,20.0,3.0,100.0,33.333332
1943.0,2.0,20.0,3.0,100.0,50.0
1944.0,3.0,20.0,3.0,100.0,100.0
1945.0,5.0,20.0,3.0,100.0,14.285714
1946.0,10.0,20.0,3.0,100.0,4.7619047
1947.0,20.0,20.0,3.0,100.0,6.6666665
1948.0,40.0,20.0,3.0,100.0,4.7619047
1949.0,49.0,20.0,3.0,100.0,4.0
1950.0,0.0,20.0,3.0,100.0,100.0
1951.0,0.5,20.0,3.0,100.0,100.0
1952.0,1.0,20.0,3.0,100.0,14.285714
1953.0,2.0,20.0,3.0,100.0,25.0
1954.0,3.0,20.0,3.0,100.0,33.333332
1955.0,5.0,20.0,3.0,100.0,11.111111
1956.0,10.0,20.0,3.0,100.0,7.6923075
1957.0,20.0,20.0,3.0,100.0,5.263158
1958.0,40.0,20.0,3.0,100.0,4.7619047
1959.0,49.0,20.0,3.0,100.0,5.263158
1960.0,0.0,20.0,3.0,100.0,100.0
1961.0,0.5,20.0,3.0,100.0,100.0
1962.0,1.0,20.0,3.0,100.0,33.333332
1963.0,2.0,20.0,3.0,100.0,25.0
1964.0,3.0,20.0,3.0,100.0,14.285714
1965.0,5.0,20.0,3.0,100.0,9.090909
1966.0,10.0,20.0,3.0,100.0,8.333333
1967.0,20.0,20.0,3.0,100.0,5.263158
1968.0,40.0,20.0,3.0,100.0,5.882353
1969.0,49.0,20.0,3.0,100.0,4.347826
1970.0,0.0,20.0,3.0,100.0,100.0
1971.0,0.5,20.0,3.0,100.0,100.0
1972.0,1.0,20.0,3.0,100.0,33.333332
1973.0,2.0,20.0,3.0,100.0,9.090909
1974.0,3.0,20.0,3.0,100.0,16.666666
1975.0,5.0,20.0,3.0,100.0,14.285714
1976.0,10.0,20.0,3.0,100.0,5.263158
1977.0,20.0,20.0,3.0,100.0,6.6666665
1978.0,40.0,20.0,3.0,100.0,5.263158
1979.0,49.0,20.0,3.0,100.0,4.0
1980.0,0.0,20.0,3.0,100.0,100.0
1981.0,0.5,20.0,3.0,100.0,33.333332
1982.0,1.0,20.0,3.0,100.0,11.111111
1983.0,2.0,20.0,3.0,100.0,50.0
1984.0,3.0,20.0,3.0,100.0,5.5555553
1985.0,5.0,20.0,3.0,100.0,20.0
1986.0,10.0,20.0,3.0,100.0,8.333333
1987.0,20.0,20.0,3.0,100.0,6.6666665
1988.0,40.0,20.0,3.0,100.0,4.347826
1989.0,49.0,20.0,3.0,100.0,5.882353
1990.0,0.0,20.0,3.0,100.0,100.0
1991.0,0.5,20.0,3.0,100.0,33.333332
1992.0,1.0,20.0,3.0,100.0,100.0
1993.0,2.0,20.0,3.0,100.0,14.285714
1994.0,3.0,20.0,3.0,100.0,7.142857
1995.0,5.0,20.0,3.0,100.0,8.333333
1996.0,10.0,20.0,3.0,100.0,5.5555553
1997.0,20.0,20.0,3.0,100.0,5.263158
1998.0,40.0,20.0,3.0,100.0,4.5454545
1999.0,49.0,20.0,3.0,100.0,4.7619047
2000.0,0.0,20.0,4.0,100.0,100.0
2001.0,0.5,20.0,4.0,100.0,100.0
2002.0,1.0,20.0,4.0,100.0,100.0
2003.0,2.0,20.0,4.0,100.0,50.0
2004.0,3.0,20.0,4.0,100.0,5.882353
2005.0,5.0,20.0,4.0,100.0,12.5
2006.0,10.0,20.0,4.0,100.0,6.6666665
2007.0,20.0,20.0,4.0,100.0,9.090909
2008.0,40.0,20.0,4.0,100.0,4.7619047
2009.0,49.0,20.0,4.0,100.0,4.347826
2010.0,0.0,20.0,4.0,100.0,100.0
2011.0,0.5,20.0,4.0,100.0,100.0
2012.0,1.0,20.0,4.0,100.0,16.666666
2013.0,2.0,20.0,4.0,100.0,10.0
2014.0,3.0,20.0,4.0,100.0,16.666666
2015.0,5.0,20.0,4.0,100.0,14.285714
2016.0,10.0,20.0,4.0,100.0,7.142857
2017.0,20.0,20.0,4.0,100.0,5.0
2018.0,40.0,20.0,4.0,100.0,4.347826
2019.0,49.0,20.0,4.0,100.0,4.0
2020.0,0.0,20.0,4.0,100.0,100.0
2021.0,0.5,20.0,4.0,100.0,100.0
2022.0,1.0,20.0,4.0,100.0,8.333333
2023.0,2.0,20.0,4.0,100.0,33.333332
2024.0,3.0,20.0,4.0,100.0,33.333332
2025.0,5.0,20.0,4.0,100.0,12.5
2026.0,10.0,20.0,4.0,100.0,6.25
2027.0,20.0,20.0,4.0,100.0,5.882353
2028.0,40.0,20.0,4.0,100.0,5.263158
2029.0,49.0,20.0,4.0,100.0,4.7619047
2030.0,0.0,20.0,4.0,100.0,14.285714
2031.0,0.5,20.0,4.0,100.0,33.333332
2032.0,1.0,20.0,4.0,100.0,33.333332
2033.0,2.0,20.0,4.0,100.0,7.142857
2034.0,3.0,20.0,4.0,100.0,12.5
2035.0,5.0,20.0,4.0,100.0,12.5
2036.0,10.0,20.0,4.0,100.0,6.6666665
2037.0,20.0,20.0,4.0,100.0,7.6923075
2038.0,40.0,20.0,4.0,100.0,4.7619047
2039.0,49.0,20.0,4.0,100.0,4.347826
2040.0,0.0,20.0,4.0,100.0,100.0
2041.0,0.5,20.0,4.0,100.0,100.0
2042.0,1.0,20.0,4.0,100.0,100.0
2043.0,2.0,20.0,4.0,100.0,7.142857
2044.0,3.0,20.0,4.0,100.0,12.5
2045.0,5.0,20.0,4.0,100.0,16.666666
2046.0,10.0,20.0,4.0,100.0,9.090909
2047.0,20.0,20.0,4.0,100.0,4.347826
2048.0,40.0,20.0,4.0,100.0,5.263158
2049.0,49.0,20.0,4.0,100.0,4.347826
2050.0,0.0,20.0,4.0,100.0,100.0
2051.0,0.5,20.0,4.0,100.0,100.0
2052.0,1.0,20.0,4.0,100.0,7.142857
2053.0,2.0,20.0,4.0,100.0,25.0
2054.0,3.0,20.0,4.0,100.0,25.0
2055.0,5.0,20.0,4.0,100.0,14.285714
2056.0,10.0,20.0,4.0,100.0,5.0
2057.0,20.0,20.0,4.0,100.0,5.263158
2058.0,40.0,20.0,4.0,100.0,4.347826
2059.0,49.0,20.0,4.0,100.0,4.347826
2060.0,0.0,20.0,4.0,100.0,100.0
2061.0,0.5,20.0,4.0,100.0,33.333332
2062.0,1.0,20.0,4.0,100.0,20.0
2063.0,2.0,20.0,4.0,100.0,20.0
2064.0,3.0,20.0,4.0,100.0,33.333332
2065.0,5.0,20.0,4.0,100.0,6.25
2066.0,10.0,20.0,4.0,100.0,6.6666665
2067.0,20.0,20.0,4.0,100.0,5.263158
2068.0,40.0,20.0,4.0,100.0,6.6666665
2069.0,49.0,20.0,4.0,100.0,4.0
2070.0,0.0,20.0,4.0,100.0,100.0
2071.0,0.5,20.0,4.0,100.0,100.0
2072.0,1.0,20.0,4.0,100.0,100.0
2073.0,2.0,20.0,4.0,100.0,100.0
2074.0,3.0,20.0,4.0,100.0,7.6923075
2075.0,5.0,20.0,4.0,100.0,10.0
2076.0,10.0,20.0,4.0,100.0,4.1666665
2077.0,20.0,20.0,4.0,100.0,5.882353
2078.0,40.0,20.0,4.0,100.0,4.7619047
2079.0,49.0,20.0,4.0,100.0,4.7619047
2080.0,0.0,20.0,4.0,100.0,100.0
2081.0,0.5,20.0,4.0,100.0,33.333332
2082.0,1.0,20.0,4.0,100.0,100.0
2083.0,2.0,20.0,4.0,100.0,9.090909
2084.0,3.0,20.0,4.0,100.0,33.333332
2085.0,5.0,20.0,4.0,100.0,20.0
2086.0,10.0,20.0,4.0,100.0,7.142857
2087.0,20.0,20.0,4.0,100.0,6.6666665
2088.0,40.0,20.0,4.0,100.0,4.7619047
2089.0,49.0,20.0,4.0,100.0,4.347826
2090.0,0.0,20.0,4.0,100.0,100.0
2091.0,0.5,20.0,4.0,100.0,33.333332
2092.0,1.0,20.0,4.0,100.0,100.0
2093.0,2.0,20.0,4.0,100.0,100.0
2094.0,3.0,20.0,4.0,100.0,33.333332
2095.0,5.0,20.0,4.0,100.0,9.090909
2096.0,10.0,20.0,4.0,100.0,5.263158
2097.0,20.0,20.0,4.0,100.0,5.882353
2098.0,40.0,20.0,4.0,100.0,5.263158
2099.0,49.0,20.0,4.0,100.0,4.7619047
2100.0,0.0,20.0,4.0,100.0,100.0
2101.0,0.5,20.0,4.0,100.0,33.333332
2102.0,1.0,20.0,4.0,100.0,33.333332
2103.0,2.0,20.0,4.0,100.0,33.333332
2104.0,3.0,20.0,4.0,100.0,25.0
2105.0,5.0,20.0,4.0,100.0,6.6666665
2106.0,10.0,20.0,4.0,100.0,7.6923075
2107.0,20.0,20.0,4.0,100.0,5.882353
2108.0,40.0,20.0,4.0,100.0,4.5454545
2109.0,49.0,20.0,4.0,100.0,4.347826
2110.0,0.0,20.0,4.0,100.0,100.0
2111.0,0.5,20.0,4.0,100.0,33.333332
2112.0,1.0,20.0,4.0,100.0,33.333332
2113.0,2.0,20.0,4.0,100.0,12.5
2114.0,3.0,20.0,4.0,100.0,16.666666
2115.0,5.0,20.0,4.0,100.0,6.6666665
2116.0,10.0,20.0,4.0,100.0,12.5
2117.0,20.0,20.0,4.0,100.0,5.0
2118.0,40.0,20.0,4.0,100.0,5.263158
2119.0,49.0,20.0,4.0,100.0,5.263158
2120.0,0.0,20.0,4.0,100.0,100.0
2121.0,0.5,20.0,4.0,100.0,33.333332
2122.0,1.0,20.0,4.0,100.0,7.142857
2123.0,2.0,20.0,4.0,100.0,25.0
2124.0,3.0,20.0,4.0,100.0,16.666666
2125.0,5.0,20.0,4.0,100.0,33.333332
2126.0,10.0,20.0,4.0,100.0,7.142857
2127.0,20.0,20.0,4.0,100.0,7.6923075
2128.0,40.0,20.0,4.0,100.0,4.347826
2129.0,49.0,20.0,4.0,100.0,4.7619047
2130.0,0.0,20.0,4.0,100.0,100.0
2131.0,0.5,20.0,4.0,100.0,33.333332
2132.0,1.0,20.0,4.0,100.0,33.333332
2133.0,2.0,20.0,4.0,100.0,33.333332
2134.0,3.0,20.0,4.0,100.0,10.0
2135.0,5.0,20.0,4.0,100.0,5.263158
2136.0,10.0,20.0,4.0,100.0,5.882353
2137.0,20.0,20.0,4.0,100.0,4.7619047
2138.0,40.0,20.0,4.0,100.0,5.882353
2139.0,49.0,20.0,4.0,100.0,4.347826
2140.0,0.0,20.0,4.0,100.0,100.0
2141.0,0.5,20.0,4.0,100.0,33.333332
2142.0,1.0,20.0,4.0,100.0,33.333332
2143.0,2.0,20.0,4.0,100.0,33.333332
2144.0,3.0,20.0,4.0,100.0,11.111111
2145.0,5.0,20.0,4.0,100.0,6.6666665
2146.0,10.0,20.0,4.0,100.0,4.5454545
2147.0,20.0,20.0,4.0,100.0,4.7619047
2148.0,40.0,20.0,4.0,100.0,5.263158
2149.0,49.0,20.0,4.0,100.0,4.7619047
2150.0,0.0,20.0,4.0,100.0,100.0
2151.0,0.5,20.0,4.0,100.0,100.0
2152.0,1.0,20.0,4.0,100.0,33.333332
2153.0,2.0,20.0,4.0,100.0,12.5
2154.0,3.0,20.0,4.0,100.0,11.111111
2155.0,5.0,20.0,4.0,100.0,25.0
2156.0,10.0,20.0,4.0,100.0,6.6666665
2157.0,20.0,20.0,4.0,100.0,5.882353
2158.0,40.0,20.0,4.0,100.0,4.347826
2159.0,49.0,20.0,4.0,100.0,6.6666665
2160.0,0.0,20.0,4.0,100.0,33.333332
2161.0,0.5,20.0,4.0,100.0,33.333332
2162.0,1.0,20.0,4.0,100.0,100.0
2163.0,2.0,20.0,4.0,100.0,33.333332
2164.0,3.0,20.0,4.0,100.0,50.0
2165.0,5.0,20.0,4.0,100.0,33.333332
2166.0,10.0,20.0,4.0,100.0,6.6666665
2167.0,20.0,20.0,4.0,100.0,6.6666665
2168.0,40.0,20.0,4.0,100.0,4.347826
2169.0,49.0,20.0,4.0,100.0,5.882353
2170.0,0.0,20.0,4.0,100.0,100.0
2171.0,0.5,20.0,4.0,100.0,33.333332
2172.0,1.0,20.0,4.0,100.0,33.333332
2173.0,2.0,20.0,4.0,100.0,25.0
2174.0,3.0,20.0,4.0,100.0,8.333333
2175.0,5.0,20.0,4.0,100.0,50.0
2176.0,10.0,20.0,4.0,100.0,7.6923075
2177.0,20.0,20.0,4.0,100.0,5.263158
2178.0,40.0,20.0,4.0,100.0,5.882353
2179.0,49.0,20.0,4.0,100.0,4.7619047
2180.0,0.0,20.0,4.0,100.0,100.0
2181.0,0.5,20.0,4.0,100.0,33.333332
2182.0,1.0,20.0,4.0,100.0,25.0
2183.0,2.0,20.0,4.0,100.0,100.0
2184.0,3.0,20.0,4.0,100.0,20.0
2185.0,5.0,20.0,4.0,100.0,33.333332
2186.0,10.0,20.0,4.0,100.0,5.882353
2187.0,20.0,20.0,4.0,100.0,5.882353
2188.0,40.0,20.0,4.0,100.0,4.0
2189.0,49.0,20.0,4.0,100.0,4.7619047
2190.0,0.0,20.0,4.0,100.0,100.0
2191.0,0.5,20.0,4.0,100.0,33.333332
2192.0,1.0,20.0,4.0,100.0,14.285714
2193.0,2.0,20.0,4.0,100.0,9.090909
2194.0,3.0,20.0,4.0,100.0,25.0
2195.0,5.0,20.0,4.0,100.0,9.090909
2196.0,10.0,20.0,4.0,100.0,4.5454545
2197.0,20.0,20.0,4.0,100.0,5.882353
2198.0,40.0,20.0,4.0,100.0,4.347826
2199.0,49.0,20.0,4.0,100.0,4.7619047
2200.0,0.0,20.0,4.0,100.0,100.0
2201.0,0.5,20.0,4.0,100.0,7.6923075
2202.0,1.0,20.0,4.0,100.0,33.333332
2203.0,2.0,20.0,4.0,100.0,33.333332
2204.0,3.0,20.0,4.0,100.0,25.0
2205.0,5.0,20.0,4.0,100.0,9.090909
2206.0,10.0,20.0,4.0,100.0,7.6923075
2207.0,20.0,20.0,4.0,100.0,5.882353
2208.0,40.0,20.0,4.0,100.0,4.0
2209.0,49.0,20.0,4.0,100.0,4.0
2210.0,0.0,20.0,4.0,100.0,100.0
2211.0,0.5,20.0,4.0,100.0,100.0
2212.0,1.0,20.0,4.0,100.0,33.333332
2213.0,2.0,20.0,4.0,100.0,33.333332
2214.0,3.0,20.0,4.0,100.0,8.333333
2215.0,5.0,20.0,4.0,100.0,7.142857
2216.0,10.0,20.0,4.0,100.0,7.6923075
2217.0,20.0,20.0,4.0,100.0,6.25
2218.0,40.0,20.0,4.0,100.0,4.7619047
2219.0,49.0,20.0,4.0,100.0,7.6923075
2220.0,0.0,20.0,4.0,100.0,100.0
2221.0,0.5,20.0,4.0,100.0,33.333332
2222.0,1.0,20.0,4.0,100.0,12.5
2223.0,2.0,20.0,4.0,100.0,33.333332
2224.0,3.0,20.0,4.0,100.0,6.6666665
2225.0,5.0,20.0,4.0,100.0,5.882353
2226.0,10.0,20.0,4.0,100.0,7.6923075
2227.0,20.0,20.0,4.0,100.0,4.7619047
2228.0,40.0,20.0,4.0,100.0,4.347826
2229.0,49.0,20.0,4.0,100.0,5.263158
2230.0,0.0,20.0,4.0,100.0,100.0
2231.0,0.5,20.0,4.0,100.0,100.0
2232.0,1.0,20.0,4.0,100.0,33.333332
2233.0,2.0,20.0,4.0,100.0,33.333332
2234.0,3.0,20.0,4.0,100.0,16.666666
2235.0,5.0,20.0,4.0,100.0,25.0
2236.0,10.0,20.0,4.0,100.0,8.333333
2237.0,20.0,20.0,4.0,100.0,5.263158
2238.0,40.0,20.0,4.0,100.0,5.882353
2239.0,49.0,20.0,4.0,100.0,3.7037036
2240.0,0.0,20.0,4.0,100.0,100.0
2241.0,0.5,20.0,4.0,100.0,100.0
2242.0,1.0,20.0,4.0,100.0,7.6923075
2243.0,2.0,20.0,4.0,100.0,25.0
2244.0,3.0,20.0,4.0,100.0,9.090909
2245.0,5.0,20.0,4.0,100.0,25.0
2246.0,10.0,20.0,4.0,100.0,7.6923075
2247.0,20.0,20.0,4.0,100.0,5.882353
2248.0,40.0,20.0,4.0,100.0,4.347826
2249.0,49.0,20.0,4.0,100.0,4.7619047
2250.0,0.0,20.0,4.0,100.0,100.0
2251.0,0.5,20.0,4.0,100.0,33.333332
2252.0,1.0,20.0,4.0,100.0,33.333332
2253.0,2.0,20.0,4.0,100.0,100.0
2254.0,3.0,20.0,4.0,100.0,25.0
2255.0,5.0,20.0,4.0,100.0,20.0
2256.0,10.0,20.0,4.0,100.0,6.6666665
2257.0,20.0,20.0,4.0,100.0,6.6666665
2258.0,40.0,20.0,4.0,100.0,4.7619047
2259.0,49.0,20.0,4.0,100.0,5.263158
2260.0,0.0,20.0,4.0,100.0,14.285714
2261.0,0.5,20.0,4.0,100.0,100.0
2262.0,1.0,20.0,4.0,100.0,33.333332
2263.0,2.0,20.0,4.0,100.0,11.111111
2264.0,3.0,20.0,4.0,100.0,9.090909
2265.0,5.0,20.0,4.0,100.0,7.6923075
2266.0,10.0,20.0,4.0,100.0,10.0
2267.0,20.0,20.0,4.0,100.0,5.263158
2268.0,40.0,20.0,4.0,100.0,5.263158
2269.0,49.0,20.0,4.0,100.0,5.263158
2270.0,0.0,20.0,4.0,100.0,100.0
2271.0,0.5,20.0,4.0,100.0,33.333332
2272.0,1.0,20.0,4.0,100.0,33.333332
2273.0,2.0,20.0,4.0,100.0,9.090909
2274.0,3.0,20.0,4.0,100.0,14.285714
2275.0,5.0,20.0,4.0,100.0,12.5
2276.0,10.0,20.0,4.0,100.0,10.0
2277.0,20.0,20.0,4.0,100.0,6.6666665
2278.0,40.0,20.0,4.0,100.0,4.347826
2279.0,49.0,20.0,4.0,100.0,5.882353
2280.0,0.0,20.0,4.0,100.0,100.0
2281.0,0.5,20.0,4.0,100.0,33.333332
2282.0,1.0,20.0,4.0,100.0,33.333332
2283.0,2.0,20.0,4.0,100.0,20.0
2284.0,3.0,20.0,4.0,100.0,33.333332
2285.0,5.0,20.0,4.0,100.0,33.333332
2286.0,10.0,20.0,4.0,100.0,8.333333
2287.0,20.0,20.0,4.0,100.0,5.882353
2288.0,40.0,20.0,4.0,100.0,4.347826
2289.0,49.0,20.0,4.0,100.0,4.347826
2290.0,0.0,20.0,4.0,100.0,100.0
2291.0,0.5,20.0,4.0,100.0,33.333332
2292.0,1.0,20.0,4.0,100.0,33.333332
2293.0,2.0,20.0,4.0,100.0,33.333332
2294.0,3.0,20.0,4.0,100.0,33.333332
2295.0,5.0,20.0,4.0,100.0,7.142857
2296.0,10.0,20.0,4.0,100.0,9.090909
2297.0,20.0,20.0,4.0,100.0,4.7619047
2298.0,40.0,20.0,4.0,100.0,5.263158
2299.0,49.0,20.0,4.0,100.0,5.882353
2300.0,0.0,20.0,4.0,100.0,100.0
2301.0,0.5,20.0,4.0,100.0,100.0
2302.0,1.0,20.0,4.0,100.0,33.333332
2303.0,2.0,20.0,4.0,100.0,7.142857
2304.0,3.0,20.0,4.0,100.0,33.333332
2305.0,5.0,20.0,4.0,100.0,11.111111
2306.0,10.0,20.0,4.0,100.0,5.882353
2307.0,20.0,20.0,4.0,100.0,4.7619047
2308.0,40.0,20.0,4.0,100.0,4.347826
2309.0,49.0,20.0,4.0,100.0,4.0
2310.0,0.0,20.0,4.0,100.0,100.0
2311.0,0.5,20.0,4.0,100.0,20.0
2312.0,1.0,20.0,4.0,100.0,100.0
2313.0,2.0,20.0,4.0,100.0,10.0
2314.0,3.0,20.0,4.0,100.0,12.5
2315.0,5.0,20.0,4.0,100.0,14.285714
2316.0,10.0,20.0,4.0,100.0,6.6666665
2317.0,20.0,20.0,4.0,100.0,4.5454545
2318.0,40.0,20.0,4.0,100.0,5.263158
2319.0,49.0,20.0,4.0,100.0,5.882353
2320.0,0.0,20.0,4.0,100.0,100.0
2321.0,0.5,20.0,4.0,100.0,100.0
2322.0,1.0,20.0,4.0,100.0,50.0
2323.0,2.0,20.0,4.0,100.0,33.333332
2324.0,3.0,20.0,4.0,100.0,16.666666
2325.0,5.0,20.0,4.0,100.0,14.285714
2326.0,10.0,20.0,4.0,100.0,6.6666665
2327.0,20.0,20.0,4.0,100.0,4.347826
2328.0,40.0,20.0,4.0,100.0,4.7619047
2329.0,49.0,20.0,4.0,100.0,6.6666665
2330.0,0.0,20.0,4.0,100.0,14.285714
2331.0,0.5,20.0,4.0,100.0,33.333332
2332.0,1.0,20.0,4.0,100.0,100.0
2333.0,2.0,20.0,4.0,100.0,14.285714
2334.0,3.0,20.0,4.0,100.0,5.882353
2335.0,5.0,20.0,4.0,100.0,16.666666
2336.0,10.0,20.0,4.0,100.0,12.5
2337.0,20.0,20.0,4.0,100.0,4.347826
2338.0,40.0,20.0,4.0,100.0,4.347826
2339.0,49.0,20.0,4.0,100.0,4.347826
2340.0,0.0,20.0,4.0,100.0,100.0
2341.0,0.5,20.0,4.0,100.0,100.0
2342.0,1.0,20.0,4.0,100.0,33.333332
2343.0,2.0,20.0,4.0,100.0,33.333332
2344.0,3.0,20.0,4.0,100.0,5.0
2345.0,5.0,20.0,4.0,100.0,11.111111
2346.0,10.0,20.0,4.0,100.0,16.666666
2347.0,20.0,20.0,4.0,100.0,5.5555553
2348.0,40.0,20.0,4.0,100.0,5.0
2349.0,49.0,20.0,4.0,100.0,5.5555553
2350.0,0.0,20.0,4.0,100.0,100.0
2351.0,0.5,20.0,4.0,100.0,33.333332
2352.0,1.0,20.0,4.0,100.0,16.666666
2353.0,2.0,20.0,4.0,100.0,5.263158
2354.0,3.0,20.0,4.0,100.0,16.666666
2355.0,5.0,20.0,4.0,100.0,20.0
2356.0,10.0,20.0,4.0,100.0,7.6923075
2357.0,20.0,20.0,4.0,100.0,4.0
2358.0,40.0,20.0,4.0,100.0,5.263158
2359.0,49.0,20.0,4.0,100.0,4.7619047
2360.0,0.0,20.0,4.0,100.0,100.0
2361.0,0.5,20.0,4.0,100.0,100.0
2362.0,1.0,20.0,4.0,100.0,33.333332
2363.0,2.0,20.0,4.0,100.0,25.0
2364.0,3.0,20.0,4.0,100.0,33.333332
2365.0,5.0,20.0,4.0,100.0,25.0
2366.0,10.0,20.0,4.0,100.0,5.882353
2367.0,20.0,20.0,4.0,100.0,5.263158
2368.0,40.0,20.0,4.0,100.0,4.347826
2369.0,49.0,20.0,4.0,100.0,4.7619047
2370.0,0.0,20.0,4.0,100.0,100.0
2371.0,0.5,20.0,4.0,100.0,33.333332
2372.0,1.0,20.0,4.0,100.0,20.0
2373.0,2.0,20.0,4.0,100.0,33.333332
2374.0,3.0,20.0,4.0,100.0,14.285714
2375.0,5.0,20.0,4.0,100.0,7.6923075
2376.0,10.0,20.0,4.0,100.0,9.090909
2377.0,20.0,20.0,4.0,100.0,4.7619047
2378.0,40.0,20.0,4.0,100.0,4.0
2379.0,49.0,20.0,4.0,100.0,4.347826
2380.0,0.0,20.0,4.0,100.0,100.0
2381.0,0.5,20.0,4.0,100.0,33.333332
2382.0,1.0,20.0,4.0,100.0,20.0
2383.0,2.0,20.0,4.0,100.0,33.333332
2384.0,3.0,20.0,4.0,100.0,33.333332
2385.0,5.0,20.0,4.0,100.0,10.0
2386.0,10.0,20.0,4.0,100.0,7.6923075
2387.0,20.0,20.0,4.0,100.0,5.263158
2388.0,40.0,20.0,4.0,100.0,4.0
2389.0,49.0,20.0,4.0,100.0,5.263158
2390.0,0.0,20.0,4.0,100.0,100.0
2391.0,0.5,20.0,4.0,100.0,100.0
2392.0,1.0,20.0,4.0,100.0,33.333332
2393.0,2.0,20.0,4.0,100.0,25.0
2394.0,3.0,20.0,4.0,100.0,33.333332
2395.0,5.0,20.0,4.0,100.0,20.0
2396.0,10.0,20.0,4.0,100.0,7.6923075
2397.0,20.0,20.0,4.0,100.0,5.263158
2398.0,40.0,20.0,4.0,100.0,4.0
2399.0,49.0,20.0,4.0,100.0,4.347826
2400.0,0.0,20.0,4.0,100.0,100.0
2401.0,0.5,20.0,4.0,100.0,33.333332
2402.0,1.0,20.0,4.0,100.0,33.333332
2403.0,2.0,20.0,4.0,100.0,33.333332
2404.0,3.0,20.0,4.0,100.0,33.333332
2405.0,5.0,20.0,4.0,100.0,7.6923075
2406.0,10.0,20.0,4.0,100.0,11.111111
2407.0,20.0,20.0,4.0,100.0,6.25
2408.0,40.0,20.0,4.0,100.0,5.263158
2409.0,49.0,20.0,4.0,100.0,4.347826
2410.0,0.0,20.0,4.0,100.0,100.0
2411.0,0.5,20.0,4.0,100.0,33.333332
2412.0,1.0,20.0,4.0,100.0,16.666666
2413.0,2.0,20.0,4.0,100.0,14.285714
2414.0,3.0,20.0,4.0,100.0,10.0
2415.0,5.0,20.0,4.0,100.0,25.0
2416.0,10.0,20.0,4.0,100.0,7.6923075
2417.0,20.0,20.0,4.0,100.0,6.25
2418.0,40.0,20.0,4.0,100.0,4.0
2419.0,49.0,20.0,4.0,100.0,5.263158
2420.0,0.0,20.0,4.0,100.0,100.0
2421.0,0.5,20.0,4.0,100.0,100.0
2422.0,1.0,20.0,4.0,100.0,5.5555553
2423.0,2.0,20.0,4.0,100.0,8.333333
2424.0,3.0,20.0,4.0,100.0,33.333332
2425.0,5.0,20.0,4.0,100.0,100.0
2426.0,10.0,20.0,4.0,100.0,6.6666665
2427.0,20.0,20.0,4.0,100.0,5.263158
2428.0,40.0,20.0,4.0,100.0,5.263158
2429.0,49.0,20.0,4.0,100.0,4.347826
2430.0,0.0,20.0,4.0,100.0,100.0
2431.0,0.5,20.0,4.0,100.0,33.333332
2432.0,1.0,20.0,4.0,100.0,100.0
2433.0,2.0,20.0,4.0,100.0,14.285714
2434.0,3.0,20.0,4.0,100.0,25.0
2435.0,5.0,20.0,4.0,100.0,9.090909
2436.0,10.0,20.0,4.0,100.0,11.111111
2437.0,20.0,20.0,4.0,100.0,5.263158
2438.0,40.0,20.0,4.0,100.0,4.347826
2439.0,49.0,20.0,4.0,100.0,5.263158
2440.0,0.0,20.0,4.0,100.0,100.0
2441.0,0.5,20.0,4.0,100.0,100.0
2442.0,1.0,20.0,4.0,100.0,33.333332
2443.0,2.0,20.0,4.0,100.0,33.333332
2444.0,3.0,20.0,4.0,100.0,25.0
2445.0,5.0,20.0,4.0,100.0,6.25
2446.0,10.0,20.0,4.0,100.0,9.090909
2447.0,20.0,20.0,4.0,100.0,4.7619047
2448.0,40.0,20.0,4.0,100.0,4.7619047
2449.0,49.0,20.0,4.0,100.0,4.7619047
2450.0,0.0,20.0,4.0,100.0,100.0
2451.0,0.5,20.0,4.0,100.0,33.333332
2452.0,1.0,20.0,4.0,100.0,33.333332
2453.0,2.0,20.0,4.0,100.0,100.0
2454.0,3.0,20.0,4.0,100.0,25.0
2455.0,5.0,20.0,4.0,100.0,16.666666
2456.0,10.0,20.0,4.0,100.0,5.882353
2457.0,20.0,20.0,4.0,100.0,7.6923075
2458.0,40.0,20.0,4.0,100.0,4.7619047
2459.0,49.0,20.0,4.0,100.0,5.263158
2460.0,0.0,20.0,4.0,100.0,100.0
2461.0,0.5,20.0,4.0,100.0,33.333332
2462.0,1.0,20.0,4.0,100.0,100.0
2463.0,2.0,20.0,4.0,100.0,33.333332
2464.0,3.0,20.0,4.0,100.0,33.333332
2465.0,5.0,20.0,4.0,100.0,11.111111
2466.0,10.0,20.0,4.0,100.0,6.6666665
2467.0,20.0,20.0,4.0,100.0,5.263158
2468.0,40.0,20.0,4.0,100.0,4.7619047
2469.0,49.0,20.0,4.0,100.0,5.882353
2470.0,0.0,20.0,4.0,100.0,100.0
2471.0,0.5,20.0,4.0,100.0,100.0
2472.0,1.0,20.0,4.0,100.0,33.333332
2473.0,2.0,20.0,4.0,100.0,25.0
2474.0,3.0,20.0,4.0,100.0,7.6923075
2475.0,5.0,20.0,4.0,100.0,50.0
2476.0,10.0,20.0,4.0,100.0,6.6666665
2477.0,20.0,20.0,4.0,100.0,5.263158
2478.0,40.0,20.0,4.0,100.0,5.263158
2479.0,49.0,20.0,4.0,100.0,5.263158
2480.0,0.0,20.0,4.0,100.0,33.333332
2481.0,0.5,20.0,4.0,100.0,100.0
2482.0,1.0,20.0,4.0,100.0,100.0
2483.0,2.0,20.0,4.0,100.0,33.333332
2484.0,3.0,20.0,4.0,100.0,25.0
2485.0,5.0,20.0,4.0,100.0,6.6666665
2486.0,10.0,20.0,4.0,100.0,5.5555553
2487.0,20.0,20.0,4.0,100.0,5.0
2488.0,40.0,20.0,4.0,100.0,5.263158
2489.0,49.0,20.0,4.0,100.0,4.0
2490.0,0.0,20.0,4.0,100.0,100.0
2491.0,0.5,20.0,4.0,100.0,100.0
2492.0,1.0,20.0,4.0,100.0,33.333332
2493.0,2.0,20.0,4.0,100.0,7.6923075
2494.0,3.0,20.0,4.0,100.0,10.0
2495.0,5.0,20.0,4.0,100.0,7.6923075
2496.0,10.0,20.0,4.0,100.0,6.25
2497.0,20.0,20.0,4.0,100.0,5.882353
2498.0,40.0,20.0,4.0,100.0,4.7619047
2499.0,49.0,20.0,4.0,100.0,4.7619047
2500.0,0.0,20.0,5.0,100.0,100.0
2501.0,0.5,20.0,5.0,100.0,33.333332
2502.0,1.0,20.0,5.0,100.0,100.0
2503.0,2.0,20.0,5.0,100.0,7.142857
2504.0,3.0,20.0,5.0,100.0,8.333333
2505.0,5.0,20.0,5.0,100.0,20.0
2506.0,10.0,20.0,5.0,100.0,14.285714
2507.0,20.0,20.0,5.0,100.0,4.0
2508.0,40.0,20.0,5.0,100.0,4.347826
2509.0,49.0,20.0,5.0,100.0,4.347826
2510.0,0.0,20.0,5.0,100.0,100.0
2511.0,0.5,20.0,5.0,100.0,33.333332
2512.0,1.0,20.0,5.0,100.0,8.333333
2513.0,2.0,20.0,5.0,100.0,9.090909
2514.0,3.0,20.0,5.0,100.0,6.6666665
2515.0,5.0,20.0,5.0,100.0,10.0
2516.0,10.0,20.0,5.0,100.0,4.7619047
2517.0,20.0,20.0,5.0,100.0,4.7619047
2518.0,40.0,20.0,5.0,100.0,4.7619047
2519.0,49.0,20.0,5.0,100.0,4.7619047
2520.0,0.0,20.0,5.0,100.0,100.0
2521.0,0.5,20.0,5.0,100.0,100.0
2522.0,1.0,20.0,5.0,100.0,33.333332
2523.0,2.0,20.0,5.0,100.0,12.5
2524.0,3.0,20.0,5.0,100.0,10.0
2525.0,5.0,20.0,5.0,100.0,5.882353
2526.0,10.0,20.0,5.0,100.0,4.7619047
2527.0,20.0,20.0,5.0,100.0,5.263158
2528.0,40.0,20.0,5.0,100.0,5.882353
2529.0,49.0,20.0,5.0,100.0,4.7619047
2530.0,0.0,20.0,5.0,100.0,100.0
2531.0,0.5,20.0,5.0,100.0,33.333332
2532.0,1.0,20.0,5.0,100.0,50.0
2533.0,2.0,20.0,5.0,100.0,33.333332
2534.0,3.0,20.0,5.0,100.0,33.333332
2535.0,5.0,20.0,5.0,100.0,20.0
2536.0,10.0,20.0,5.0,100.0,5.263158
2537.0,20.0,20.0,5.0,100.0,5.882353
2538.0,40.0,20.0,5.0,100.0,4.0
2539.0,49.0,20.0,5.0,100.0,3.4482758
2540.0,0.0,20.0,5.0,100.0,100.0
2541.0,0.5,20.0,5.0,100.0,100.0
2542.0,1.0,20.0,5.0,100.0,33.333332
2543.0,2.0,20.0,5.0,100.0,16.666666
2544.0,3.0,20.0,5.0,100.0,20.0
2545.0,5.0,20.0,5.0,100.0,20.0
2546.0,10.0,20.0,5.0,100.0,5.263158
2547.0,20.0,20.0,5.0,100.0,5.263158
2548.0,40.0,20.0,5.0,100.0,5.263158
2549.0,49.0,20.0,5.0,100.0,5.263158
2550.0,0.0,20.0,5.0,100.0,100.0
2551.0,0.5,20.0,5.0,100.0,33.333332
2552.0,1.0,20.0,5.0,100.0,25.0
2553.0,2.0,20.0,5.0,100.0,100.0
2554.0,3.0,20.0,5.0,100.0,7.142857
2555.0,5.0,20.0,5.0,100.0,4.7619047
2556.0,10.0,20.0,5.0,100.0,5.0
2557.0,20.0,20.0,5.0,100.0,5.263158
2558.0,40.0,20.0,5.0,100.0,4.7619047
2559.0,49.0,20.0,5.0,100.0,4.7619047
2560.0,0.0,20.0,5.0,100.0,33.333332
2561.0,0.5,20.0,5.0,100.0,100.0
2562.0,1.0,20.0,5.0,100.0,33.333332
2563.0,2.0,20.0,5.0,100.0,33.333332
2564.0,3.0,20.0,5.0,100.0,20.0
2565.0,5.0,20.0,5.0,100.0,10.0
2566.0,10.0,20.0,5.0,100.0,6.25
2567.0,20.0,20.0,5.0,100.0,5.263158
2568.0,40.0,20.0,5.0,100.0,4.0
2569.0,49.0,20.0,5.0,100.0,5.263158
2570.0,0.0,20.0,5.0,100.0,100.0
2571.0,0.5,20.0,5.0,100.0,25.0
2572.0,1.0,20.0,5.0,100.0,33.333332
2573.0,2.0,20.0,5.0,100.0,25.0
2574.0,3.0,20.0,5.0,100.0,12.5
2575.0,5.0,20.0,5.0,100.0,8.333333
2576.0,10.0,20.0,5.0,100.0,5.882353
2577.0,20.0,20.0,5.0,100.0,5.263158
2578.0,40.0,20.0,5.0,100.0,5.263158
2579.0,49.0,20.0,5.0,100.0,5.263158
2580.0,0.0,20.0,5.0,100.0,100.0
2581.0,0.5,20.0,5.0,100.0,33.333332
2582.0,1.0,20.0,5.0,100.0,33.333332
2583.0,2.0,20.0,5.0,100.0,25.0
2584.0,3.0,20.0,5.0,100.0,12.5
2585.0,5.0,20.0,5.0,100.0,12.5
2586.0,10.0,20.0,5.0,100.0,20.0
2587.0,20.0,20.0,5.0,100.0,4.7619047
2588.0,40.0,20.0,5.0,100.0,4.7619047
2589.0,49.0,20.0,5.0,100.0,5.882353
2590.0,0.0,20.0,5.0,100.0,100.0
2591.0,0.5,20.0,5.0,100.0,33.333332
2592.0,1.0,20.0,5.0,100.0,100.0
2593.0,2.0,20.0,5.0,100.0,10.0
2594.0,3.0,20.0,5.0,100.0,20.0
2595.0,5.0,20.0,5.0,100.0,20.0
2596.0,10.0,20.0,5.0,100.0,7.6923075
2597.0,20.0,20.0,5.0,100.0,4.7619047
2598.0,40.0,20.0,5.0,100.0,4.7619047
2599.0,49.0,20.0,5.0,100.0,4.7619047
2600.0,0.0,20.0,5.0,100.0,100.0
2601.0,0.5,20.0,5.0,100.0,33.333332
2602.0,1.0,20.0,5.0,100.0,100.0
2603.0,2.0,20.0,5.0,100.0,33.333332
2604.0,3.0,20.0,5.0,100.0,25.0
2605.0,5.0,20.0,5.0,100.0,7.6923075
2606.0,10.0,20.0,5.0,100.0,5.882353
2607.0,20.0,20.0,5.0,100.0,6.6666665
2608.0,40.0,20.0,5.0,100.0,4.7619047
2609.0,49.0,20.0,5.0,100.0,4.347826
2610.0,0.0,20.0,5.0,100.0,100.0
2611.0,0.5,20.0,5.0,100.0,33.333332
2612.0,1.0,20.0,5.0,100.0,100.0
2613.0,2.0,20.0,5.0,100.0,12.5
2614.0,3.0,20.0,5.0,100.0,16.666666
2615.0,5.0,20.0,5.0,100.0,9.090909
2616.0,10.0,20.0,5.0,100.0,11.111111
2617.0,20.0,20.0,5.0,100.0,5.263158
2618.0,40.0,20.0,5.0,100.0,4.7619047
2619.0,49.0,20.0,5.0,100.0,5.263158
2620.0,0.0,20.0,5.0,100.0,33.333332
2621.0,0.5,20.0,5.0,100.0,100.0
2622.0,1.0,20.0,5.0,100.0,33.333332
2623.0,2.0,20.0,5.0,100.0,11.111111
2624.0,3.0,20.0,5.0,100.0,8.333333
2625.0,5.0,20.0,5.0,100.0,11.111111
2626.0,10.0,20.0,5.0,100.0,10.0
2627.0,20.0,20.0,5.0,100.0,5.882353
2628.0,40.0,20.0,5.0,100.0,4.7619047
2629.0,49.0,20.0,5.0,100.0,4.7619047
2630.0,0.0,20.0,5.0,100.0,100.0
2631.0,0.5,20.0,5.0,100.0,11.111111
2632.0,1.0,20.0,5.0,100.0,33.333332
2633.0,2.0,20.0,5.0,100.0,100.0
2634.0,3.0,20.0,5.0,100.0,8.333333
2635.0,5.0,20.0,5.0,100.0,16.666666
2636.0,10.0,20.0,5.0,100.0,6.6666665
2637.0,20.0,20.0,5.0,100.0,5.882353
2638.0,40.0,20.0,5.0,100.0,4.347826
2639.0,49.0,20.0,5.0,100.0,4.7619047
2640.0,0.0,20.0,5.0,100.0,100.0
2641.0,0.5,20.0,5.0,100.0,50.0
2642.0,1.0,20.0,5.0,100.0,33.333332
2643.0,2.0,20.0,5.0,100.0,25.0
2644.0,3.0,20.0,5.0,100.0,6.6666665
2645.0,5.0,20.0,5.0,100.0,7.142857
2646.0,10.0,20.0,5.0,100.0,7.6923075
2647.0,20.0,20.0,5.0,100.0,5.263158
2648.0,40.0,20.0,5.0,100.0,6.25
2649.0,49.0,20.0,5.0,100.0,5.263158
2650.0,0.0,20.0,5.0,100.0,11.111111
2651.0,0.5,20.0,5.0,100.0,100.0
2652.0,1.0,20.0,5.0,100.0,33.333332
2653.0,2.0,20.0,5.0,100.0,25.0
2654.0,3.0,20.0,5.0,100.0,7.6923075
2655.0,5.0,20.0,5.0,100.0,11.111111
2656.0,10.0,20.0,5.0,100.0,6.25
2657.0,20.0,20.0,5.0,100.0,4.7619047
2658.0,40.0,20.0,5.0,100.0,4.7619047
2659.0,49.0,20.0,5.0,100.0,3.7037036
2660.0,0.0,20.0,5.0,100.0,100.0
2661.0,0.5,20.0,5.0,100.0,100.0
2662.0,1.0,20.0,5.0,100.0,33.333332
2663.0,2.0,20.0,5.0,100.0,33.333332
2664.0,3.0,20.0,5.0,100.0,4.347826
2665.0,5.0,20.0,5.0,100.0,16.666666
2666.0,10.0,20.0,5.0,100.0,6.6666665
2667.0,20.0,20.0,5.0,100.0,5.263158
2668.0,40.0,20.0,5.0,100.0,4.7619047
2669.0,49.0,20.0,5.0,100.0,4.347826
2670.0,0.0,20.0,5.0,100.0,100.0
2671.0,0.5,20.0,5.0,100.0,33.333332
2672.0,1.0,20.0,5.0,100.0,33.333332
2673.0,2.0,20.0,5.0,100.0,33.333332
2674.0,3.0,20.0,5.0,100.0,8.333333
2675.0,5.0,20.0,5.0,100.0,11.111111
2676.0,10.0,20.0,5.0,100.0,10.0
2677.0,20.0,20.0,5.0,100.0,4.7619047
2678.0,40.0,20.0,5.0,100.0,4.347826
2679.0,49.0,20.0,5.0,100.0,6.6666665
2680.0,0.0,20.0,5.0,100.0,100.0
2681.0,0.5,20.0,5.0,100.0,100.0
2682.0,1.0,20.0,5.0,100.0,16.666666
2683.0,2.0,20.0,5.0,100.0,33.333332
2684.0,3.0,20.0,5.0,100.0,11.111111
2685.0,5.0,20.0,5.0,100.0,12.5
2686.0,10.0,20.0,5.0,100.0,6.6666665
2687.0,20.0,20.0,5.0,100.0,5.263158
2688.0,40.0,20.0,5.0,100.0,4.347826
2689.0,49.0,20.0,5.0,100.0,4.347826
2690.0,0.0,20.0,5.0,100.0,100.0
2691.0,0.5,20.0,5.0,100.0,33.333332
2692.0,1.0,20.0,5.0,100.0,5.263158
2693.0,2.0,20.0,5.0,100.0,20.0
2694.0,3.0,20.0,5.0,100.0,25.0
2695.0,5.0,20.0,5.0,100.0,20.0
2696.0,10.0,20.0,5.0,100.0,11.111111
2697.0,20.0,20.0,5.0,100.0,4.347826
2698.0,40.0,20.0,5.0,100.0,4.7619047
2699.0,49.0,20.0,5.0,100.0,5.263158
2700.0,0.0,20.0,5.0,100.0,100.0
2701.0,0.5,20.0,5.0,100.0,100.0
2702.0,1.0,20.0,5.0,100.0,100.0
2703.0,2.0,20.0,5.0,100.0,9.090909
2704.0,3.0,20.0,5.0,100.0,12.5
2705.0,5.0,20.0,5.0,100.0,20.0
2706.0,10.0,20.0,5.0,100.0,9.090909
2707.0,20.0,20.0,5.0,100.0,4.7619047
2708.0,40.0,20.0,5.0,100.0,4.347826
2709.0,49.0,20.0,5.0,100.0,4.0
2710.0,0.0,20.0,5.0,100.0,100.0
2711.0,0.5,20.0,5.0,100.0,100.0
2712.0,1.0,20.0,5.0,100.0,33.333332
2713.0,2.0,20.0,5.0,100.0,33.333332
2714.0,3.0,20.0,5.0,100.0,33.333332
2715.0,5.0,20.0,5.0,100.0,9.090909
2716.0,10.0,20.0,5.0,100.0,5.0
2717.0,20.0,20.0,5.0,100.0,5.263158
2718.0,40.0,20.0,5.0,100.0,4.7619047
2719.0,49.0,20.0,5.0,100.0,4.7619047
2720.0,0.0,20.0,5.0,100.0,100.0
2721.0,0.5,20.0,5.0,100.0,100.0
2722.0,1.0,20.0,5.0,100.0,16.666666
2723.0,2.0,20.0,5.0,100.0,33.333332
2724.0,3.0,20.0,5.0,100.0,11.111111
2725.0,5.0,20.0,5.0,100.0,14.285714
2726.0,10.0,20.0,5.0,100.0,5.263158
2727.0,20.0,20.0,5.0,100.0,5.263158
2728.0,40.0,20.0,5.0,100.0,5.263158
2729.0,49.0,20.0,5.0,100.0,5.263158
2730.0,0.0,20.0,5.0,100.0,100.0
2731.0,0.5,20.0,5.0,100.0,33.333332
2732.0,1.0,20.0,5.0,100.0,100.0
2733.0,2.0,20.0,5.0,100.0,25.0
2734.0,3.0,20.0,5.0,100.0,25.0
2735.0,5.0,20.0,5.0,100.0,14.285714
2736.0,10.0,20.0,5.0,100.0,5.882353
2737.0,20.0,20.0,5.0,100.0,4.347826
2738.0,40.0,20.0,5.0,100.0,5.263158
2739.0,49.0,20.0,5.0,100.0,4.0
2740.0,0.0,20.0,5.0,100.0,100.0
2741.0,0.5,20.0,5.0,100.0,100.0
2742.0,1.0,20.0,5.0,100.0,33.333332
2743.0,2.0,20.0,5.0,100.0,25.0
2744.0,3.0,20.0,5.0,100.0,20.0
2745.0,5.0,20.0,5.0,100.0,5.882353
2746.0,10.0,20.0,5.0,100.0,5.882353
2747.0,20.0,20.0,5.0,100.0,6.25
2748.0,40.0,20.0,5.0,100.0,5.263158
2749.0,49.0,20.0,5.0,100.0,5.263158
2750.0,0.0,20.0,5.0,100.0,100.0
2751.0,0.5,20.0,5.0,100.0,100.0
2752.0,1.0,20.0,5.0,100.0,33.333332
2753.0,2.0,20.0,5.0,100.0,33.333332
2754.0,3.0,20.0,5.0,100.0,12.5
2755.0,5.0,20.0,5.0,100.0,25.0
2756.0,10.0,20.0,5.0,100.0,7.6923075
2757.0,20.0,20.0,5.0,100.0,4.7619047
2758.0,40.0,20.0,5.0,100.0,4.7619047
2759.0,49.0,20.0,5.0,100.0,4.7619047
2760.0,0.0,20.0,5.0,100.0,100.0
2761.0,0.5,20.0,5.0,100.0,33.333332
2762.0,1.0,20.0,5.0,100.0,33.333332
2763.0,2.0,20.0,5.0,100.0,100.0
2764.0,3.0,20.0,5.0,100.0,14.285714
2765.0,5.0,20.0,5.0,100.0,11.111111
2766.0,10.0,20.0,5.0,100.0,6.6666665
2767.0,20.0,20.0,5.0,100.0,4.7619047
2768.0,40.0,20.0,5.0,100.0,5.263158
2769.0,49.0,20.0,5.0,100.0,5.882353
2770.0,0.0,20.0,5.0,100.0,100.0
2771.0,0.5,20.0,5.0,100.0,100.0
2772.0,1.0,20.0,5.0,100.0,33.333332
2773.0,2.0,20.0,5.0,100.0,7.142857
2774.0,3.0,20.0,5.0,100.0,16.666666
2775.0,5.0,20.0,5.0,100.0,20.0
2776.0,10.0,20.0,5.0,100.0,4.347826
2777.0,20.0,20.0,5.0,100.0,4.7619047
2778.0,40.0,20.0,5.0,100.0,5.882353
2779.0,49.0,20.0,5.0,100.0,4.7619047
2780.0,0.0,20.0,5.0,100.0,100.0
2781.0,0.5,20.0,5.0,100.0,33.333332
2782.0,1.0,20.0,5.0,100.0,33.333332
2783.0,2.0,20.0,5.0,100.0,33.333332
2784.0,3.0,20.0,5.0,100.0,10.0
2785.0,5.0,20.0,5.0,100.0,11.111111
2786.0,10.0,20.0,5.0,100.0,6.6666665
2787.0,20.0,20.0,5.0,100.0,5.0
2788.0,40.0,20.0,5.0,100.0,5.263158
2789.0,49.0,20.0,5.0,100.0,4.347826
2790.0,0.0,20.0,5.0,100.0,100.0
2791.0,0.5,20.0,5.0,100.0,100.0
2792.0,1.0,20.0,5.0,100.0,33.333332
2793.0,2.0,20.0,5.0,100.0,100.0
2794.0,3.0,20.0,5.0,100.0,9.090909
2795.0,5.0,20.0,5.0,100.0,5.882353
2796.0,10.0,20.0,5.0,100.0,4.5454545
2797.0,20.0,20.0,5.0,100.0,5.263158
2798.0,40.0,20.0,5.0,100.0,4.7619047
2799.0,49.0,20.0,5.0,100.0,6.6666665
2800.0,0.0,20.0,5.0,100.0,7.6923075
2801.0,0.5,20.0,5.0,100.0,33.333332
2802.0,1.0,20.0,5.0,100.0,100.0
2803.0,2.0,20.0,5.0,100.0,33.333332
2804.0,3.0,20.0,5.0,100.0,10.0
2805.0,5.0,20.0,5.0,100.0,20.0
2806.0,10.0,20.0,5.0,100.0,7.6923075
2807.0,20.0,20.0,5.0,100.0,5.263158
2808.0,40.0,20.0,5.0,100.0,4.347826
2809.0,49.0,20.0,5.0,100.0,4.7619047
2810.0,0.0,20.0,5.0,100.0,100.0
2811.0,0.5,20.0,5.0,100.0,100.0
2812.0,1.0,20.0,5.0,100.0,25.0
2813.0,2.0,20.0,5.0,100.0,11.111111
2814.0,3.0,20.0,5.0,100.0,25.0
2815.0,5.0,20.0,5.0,100.0,8.333333
2816.0,10.0,20.0,5.0,100.0,7.142857
2817.0,20.0,20.0,5.0,100.0,7.142857
2818.0,40.0,20.0,5.0,100.0,4.347826
2819.0,49.0,20.0,5.0,100.0,4.7619047
2820.0,0.0,20.0,5.0,100.0,100.0
2821.0,0.5,20.0,5.0,100.0,100.0
2822.0,1.0,20.0,5.0,100.0,4.347826
2823.0,2.0,20.0,5.0,100.0,33.333332
2824.0,3.0,20.0,5.0,100.0,16.666666
2825.0,5.0,20.0,5.0,100.0,6.25
2826.0,10.0,20.0,5.0,100.0,5.263158
2827.0,20.0,20.0,5.0,100.0,4.7619047
2828.0,40.0,20.0,5.0,100.0,4.7619047
2829.0,49.0,20.0,5.0,100.0,5.263158
2830.0,0.0,20.0,5.0,100.0,100.0
2831.0,0.5,20.0,5.0,100.0,25.0
2832.0,1.0,20.0,5.0,100.0,33.333332
2833.0,2.0,20.0,5.0,100.0,33.333332
2834.0,3.0,20.0,5.0,100.0,20.0
2835.0,5.0,20.0,5.0,100.0,14.285714
2836.0,10.0,20.0,5.0,100.0,5.882353
2837.0,20.0,20.0,5.0,100.0,5.263158
2838.0,40.0,20.0,5.0,100.0,4.7619047
2839.0,49.0,20.0,5.0,100.0,4.0
2840.0,0.0,20.0,5.0,100.0,100.0
2841.0,0.5,20.0,5.0,100.0,100.0
2842.0,1.0,20.0,5.0,100.0,25.0
2843.0,2.0,20.0,5.0,100.0,33.333332
2844.0,3.0,20.0,5.0,100.0,8.333333
2845.0,5.0,20.0,5.0,100.0,33.333332
2846.0,10.0,20.0,5.0,100.0,5.882353
2847.0,20.0,20.0,5.0,100.0,5.263158
2848.0,40.0,20.0,5.0,100.0,4.7619047
2849.0,49.0,20.0,5.0,100.0,5.263158
2850.0,0.0,20.0,5.0,100.0,100.0
2851.0,0.5,20.0,5.0,100.0,33.333332
2852.0,1.0,20.0,5.0,100.0,33.333332
2853.0,2.0,20.0,5.0,100.0,12.5
2854.0,3.0,20.0,5.0,100.0,20.0
2855.0,5.0,20.0,5.0,100.0,6.25
2856.0,10.0,20.0,5.0,100.0,5.263158
2857.0,20.0,20.0,5.0,100.0,4.0
2858.0,40.0,20.0,5.0,100.0,4.0
2859.0,49.0,20.0,5.0,100.0,6.6666665
2860.0,0.0,20.0,5.0,100.0,100.0
2861.0,0.5,20.0,5.0,100.0,6.25
2862.0,1.0,20.0,5.0,100.0,100.0
2863.0,2.0,20.0,5.0,100.0,25.0
2864.0,3.0,20.0,5.0,100.0,33.333332
2865.0,5.0,20.0,5.0,100.0,11.111111
2866.0,10.0,20.0,5.0,100.0,8.333333
2867.0,20.0,20.0,5.0,100.0,6.6666665
2868.0,40.0,20.0,5.0,100.0,5.882353
2869.0,49.0,20.0,5.0,100.0,5.882353
2870.0,0.0,20.0,5.0,100.0,100.0
2871.0,0.5,20.0,5.0,100.0,33.333332
2872.0,1.0,20.0,5.0,100.0,33.333332
2873.0,2.0,20.0,5.0,100.0,100.0
2874.0,3.0,20.0,5.0,100.0,33.333332
2875.0,5.0,20.0,5.0,100.0,12.5
2876.0,10.0,20.0,5.0,100.0,5.263158
2877.0,20.0,20.0,5.0,100.0,5.882353
2878.0,40.0,20.0,5.0,100.0,4.7619047
2879.0,49.0,20.0,5.0,100.0,4.347826
2880.0,0.0,20.0,5.0,100.0,100.0
2881.0,0.5,20.0,5.0,100.0,33.333332
2882.0,1.0,20.0,5.0,100.0,25.0
2883.0,2.0,20.0,5.0,100.0,25.0
2884.0,3.0,20.0,5.0,100.0,50.0
2885.0,5.0,20.0,5.0,100.0,6.6666665
2886.0,10.0,20.0,5.0,100.0,7.6923075
2887.0,20.0,20.0,5.0,100.0,5.263158
2888.0,40.0,20.0,5.0,100.0,4.7619047
2889.0,49.0,20.0,5.0,100.0,3.7037036
2890.0,0.0,20.0,5.0,100.0,100.0
2891.0,0.5,20.0,5.0,100.0,100.0
2892.0,1.0,20.0,5.0,100.0,33.333332
2893.0,2.0,20.0,5.0,100.0,16.666666
2894.0,3.0,20.0,5.0,100.0,10.0
2895.0,5.0,20.0,5.0,100.0,33.333332
2896.0,10.0,20.0,5.0,100.0,8.333333
2897.0,20.0,20.0,5.0,100.0,5.882353
2898.0,40.0,20.0,5.0,100.0,5.263158
2899.0,49.0,20.0,5.0,100.0,4.347826
2900.0,0.0,20.0,5.0,100.0,100.0
2901.0,0.5,20.0,5.0,100.0,100.0
2902.0,1.0,20.0,5.0,100.0,11.111111
2903.0,2.0,20.0,5.0,100.0,100.0
2904.0,3.0,20.0,5.0,100.0,33.333332
2905.0,5.0,20.0,5.0,100.0,33.333332
2906.0,10.0,20.0,5.0,100.0,7.6923075
2907.0,20.0,20.0,5.0,100.0,6.6666665
2908.0,40.0,20.0,5.0,100.0,6.6666665
2909.0,49.0,20.0,5.0,100.0,5.882353
2910.0,0.0,20.0,5.0,100.0,100.0
2911.0,0.5,20.0,5.0,100.0,100.0
2912.0,1.0,20.0,5.0,100.0,100.0
2913.0,2.0,20.0,5.0,100.0,14.285714
2914.0,3.0,20.0,5.0,100.0,7.6923075
2915.0,5.0,20.0,5.0,100.0,8.333333
2916.0,10.0,20.0,5.0,100.0,6.6666665
2917.0,20.0,20.0,5.0,100.0,4.347826
2918.0,40.0,20.0,5.0,100.0,4.7619047
2919.0,49.0,20.0,5.0,100.0,4.347826
2920.0,0.0,20.0,5.0,100.0,100.0
2921.0,0.5,20.0,5.0,100.0,100.0
2922.0,1.0,20.0,5.0,100.0,33.333332
2923.0,2.0,20.0,5.0,100.0,33.333332
2924.0,3.0,20.0,5.0,100.0,33.333332
2925.0,5.0,20.0,5.0,100.0,6.6666665
2926.0,10.0,20.0,5.0,100.0,7.142857
2927.0,20.0,20.0,5.0,100.0,4.347826
2928.0,40.0,20.0,5.0,100.0,5.882353
2929.0,49.0,20.0,5.0,100.0,5.263158
2930.0,0.0,20.0,5.0,100.0,100.0
2931.0,0.5,20.0,5.0,100.0,100.0
2932.0,1.0,20.0,5.0,100.0,33.333332
2933.0,2.0,20.0,5.0,100.0,10.0
2934.0,3.0,20.0,5.0,100.0,33.333332
2935.0,5.0,20.0,5.0,100.0,5.263158
2936.0,10.0,20.0,5.0,100.0,6.6666665
2937.0,20.0,20.0,5.0,100.0,4.347826
2938.0,40.0,20.0,5.0,100.0,4.0
2939.0,49.0,20.0,5.0,100.0,4.347826
2940.0,0.0,20.0,5.0,100.0,100.0
2941.0,0.5,20.0,5.0,100.0,33.333332
2942.0,1.0,20.0,5.0,100.0,20.0
2943.0,2.0,20.0,5.0,100.0,25.0
2944.0,3.0,20.0,5.0,100.0,6.6666665
2945.0,5.0,20.0,5.0,100.0,6.6666665
2946.0,10.0,20.0,5.0,100.0,5.882353
2947.0,20.0,20.0,5.0,100.0,5.263158
2948.0,40.0,20.0,5.0,100.0,4.7619047
2949.0,49.0,20.0,5.0,100.0,4.347826
2950.0,0.0,20.0,5.0,100.0,100.0
2951.0,0.5,20.0,5.0,100.0,100.0
2952.0,1.0,20.0,5.0,100.0,33.333332
2953.0,2.0,20.0,5.0,100.0,7.142857
2954.0,3.0,20.0,5.0,100.0,6.6666665
2955.0,5.0,20.0,5.0,100.0,14.285714
2956.0,10.0,20.0,5.0,100.0,7.6923075
2957.0,20.0,20.0,5.0,100.0,5.882353
2958.0,40.0,20.0,5.0,100.0,5.0
2959.0,49.0,20.0,5.0,100.0,4.347826
2960.0,0.0,20.0,5.0,100.0,100.0
2961.0,0.5,20.0,5.0,100.0,100.0
2962.0,1.0,20.0,5.0,100.0,25.0
2963.0,2.0,20.0,5.0,100.0,12.5
2964.0,3.0,20.0,5.0,100.0,6.6666665
2965.0,5.0,20.0,5.0,100.0,16.666666
2966.0,10.0,20.0,5.0,100.0,7.6923075
2967.0,20.0,20.0,5.0,100.0,5.882353
2968.0,40.0,20.0,5.0,100.0,5.263158
2969.0,49.0,20.0,5.0,100.0,4.7619047
2970.0,0.0,20.0,5.0,100.0,100.0
2971.0,0.5,20.0,5.0,100.0,33.333332
2972.0,1.0,20.0,5.0,100.0,14.285714
2973.0,2.0,20.0,5.0,100.0,33.333332
2974.0,3.0,20.0,5.0,100.0,11.111111
2975.0,5.0,20.0,5.0,100.0,20.0
2976.0,10.0,20.0,5.0,100.0,12.5
2977.0,20.0,20.0,5.0,100.0,5.263158
2978.0,40.0,20.0,5.0,100.0,5.263158
2979.0,49.0,20.0,5.0,100.0,5.882353
2980.0,0.0,20.0,5.0,100.0,100.0
2981.0,0.5,20.0,5.0,100.0,100.0
2982.0,1.0,20.0,5.0,100.0,33.333332
2983.0,2.0,20.0,5.0,100.0,14.285714
2984.0,3.0,20.0,5.0,100.0,10.0
2985.0,5.0,20.0,5.0,100.0,10.0
2986.0,10.0,20.0,5.0,100.0,5.263158
2987.0,20.0,20.0,5.0,100.0,5.882353
2988.0,40.0,20.0,5.0,100.0,4.7619047
2989.0,49.0,20.0,5.0,100.0,5.263158
2990.0,0.0,20.0,5.0,100.0,100.0
2991.0,0.5,20.0,5.0,100.0,100.0
2992.0,1.0,20.0,5.0,100.0,7.142857
2993.0,2.0,20.0,5.0,100.0,25.0
2994.0,3.0,20.0,5.0,100.0,11.111111
2995.0,5.0,20.0,5.0,100.0,12.5
2996.0,10.0,20.0,5.0,100.0,6.6666665
2997.0,20.0,20.0,5.0,100.0,5.5555553
2998.0,40.0,20.0,5.0,100.0,4.347826
2999.0,49.0,20.0,5.0,100.0,5.263158
3000.0,0.0,20.0,6.0,100.0,100.0
3001.0,0.5,20.0,6.0,100.0,33.333332
3002.0,1.0,20.0,6.0,100.0,33.333332
3003.0,2.0,20.0,6.0,100.0,9.090909
3004.0,3.0,20.0,6.0,100.0,100.0
3005.0,5.0,20.0,6.0,100.0,9.090909
3006.0,10.0,20.0,6.0,100.0,9.090909
3007.0,20.0,20.0,6.0,100.0,4.7619047
3008.0,40.0,20.0,6.0,100.0,5.882353
3009.0,49.0,20.0,6.0,100.0,4.7619047
3010.0,0.0,20.0,6.0,100.0,100.0
3011.0,0.5,20.0,6.0,100.0,100.0
3012.0,1.0,20.0,6.0,100.0,33.333332
3013.0,2.0,20.0,6.0,100.0,6.25
3014.0,3.0,20.0,6.0,100.0,14.285714
3015.0,5.0,20.0,6.0,100.0,11.111111
3016.0,10.0,20.0,6.0,100.0,5.263158
3017.0,20.0,20.0,6.0,100.0,5.882353
3018.0,40.0,20.0,6.0,100.0,4.347826
3019.0,49.0,20.0,6.0,100.0,5.263158
3020.0,0.0,20.0,6.0,100.0,100.0
3021.0,0.5,20.0,6.0,100.0,33.333332
3022.0,1.0,20.0,6.0,100.0,25.0
3023.0,2.0,20.0,6.0,100.0,16.666666
3024.0,3.0,20.0,6.0,100.0,6.6666665
3025.0,5.0,20.0,6.0,100.0,20.0
3026.0,10.0,20.0,6.0,100.0,14.285714
3027.0,20.0,20.0,6.0,100.0,4.7619047
3028.0,40.0,20.0,6.0,100.0,5.882353
3029.0,49.0,20.0,6.0,100.0,5.263158
3030.0,0.0,20.0,6.0,100.0,33.333332
3031.0,0.5,20.0,6.0,100.0,100.0
3032.0,1.0,20.0,6.0,100.0,100.0
3033.0,2.0,20.0,6.0,100.0,25.0
3034.0,3.0,20.0,6.0,100.0,16.666666
3035.0,5.0,20.0,6.0,100.0,4.7619047
3036.0,10.0,20.0,6.0,100.0,5.263158
3037.0,20.0,20.0,6.0,100.0,5.263158
3038.0,40.0,20.0,6.0,100.0,4.0
3039.0,49.0,20.0,6.0,100.0,5.263158
3040.0,0.0,20.0,6.0,100.0,100.0
3041.0,0.5,20.0,6.0,100.0,33.333332
3042.0,1.0,20.0,6.0,100.0,100.0
3043.0,2.0,20.0,6.0,100.0,20.0
3044.0,3.0,20.0,6.0,100.0,33.333332
3045.0,5.0,20.0,6.0,100.0,16.666666
3046.0,10.0,20.0,6.0,100.0,5.882353
3047.0,20.0,20.0,6.0,100.0,4.7619047
3048.0,40.0,20.0,6.0,100.0,4.347826
3049.0,49.0,20.0,6.0,100.0,5.263158
3050.0,0.0,20.0,6.0,100.0,100.0
3051.0,0.5,20.0,6.0,100.0,100.0
3052.0,1.0,20.0,6.0,100.0,33.333332
3053.0,2.0,20.0,6.0,100.0,20.0
3054.0,3.0,20.0,6.0,100.0,14.285714
3055.0,5.0,20.0,6.0,100.0,10.0
3056.0,10.0,20.0,6.0,100.0,7.142857
3057.0,20.0,20.0,6.0,100.0,5.263158
3058.0,40.0,20.0,6.0,100.0,4.347826
3059.0,49.0,20.0,6.0,100.0,5.882353
3060.0,0.0,20.0,6.0,100.0,100.0
3061.0,0.5,20.0,6.0,100.0,33.333332
3062.0,1.0,20.0,6.0,100.0,5.263158
3063.0,2.0,20.0,6.0,100.0,33.333332
3064.0,3.0,20.0,6.0,100.0,33.333332
3065.0,5.0,20.0,6.0,100.0,6.25
3066.0,10.0,20.0,6.0,100.0,5.263158
3067.0,20.0,20.0,6.0,100.0,5.263158
3068.0,40.0,20.0,6.0,100.0,5.882353
3069.0,49.0,20.0,6.0,100.0,5.882353
3070.0,0.0,20.0,6.0,100.0,100.0
3071.0,0.5,20.0,6.0,100.0,100.0
3072.0,1.0,20.0,6.0,100.0,100.0
3073.0,2.0,20.0,6.0,100.0,50.0
3074.0,3.0,20.0,6.0,100.0,7.142857
3075.0,5.0,20.0,6.0,100.0,33.333332
3076.0,10.0,20.0,6.0,100.0,6.6666665
3077.0,20.0,20.0,6.0,100.0,5.263158
3078.0,40.0,20.0,6.0,100.0,4.347826
3079.0,49.0,20.0,6.0,100.0,4.347826
3080.0,0.0,20.0,6.0,100.0,9.090909
3081.0,0.5,20.0,6.0,100.0,100.0
3082.0,1.0,20.0,6.0,100.0,33.333332
3083.0,2.0,20.0,6.0,100.0,33.333332
3084.0,3.0,20.0,6.0,100.0,20.0
3085.0,5.0,20.0,6.0,100.0,10.0
3086.0,10.0,20.0,6.0,100.0,5.0
3087.0,20.0,20.0,6.0,100.0,4.7619047
3088.0,40.0,20.0,6.0,100.0,4.347826
3089.0,49.0,20.0,6.0,100.0,3.8461537
3090.0,0.0,20.0,6.0,100.0,100.0
3091.0,0.5,20.0,6.0,100.0,33.333332
3092.0,1.0,20.0,6.0,100.0,6.6666665
3093.0,2.0,20.0,6.0,100.0,25.0
3094.0,3.0,20.0,6.0,100.0,9.090909
3095.0,5.0,20.0,6.0,100.0,14.285714
3096.0,10.0,20.0,6.0,100.0,9.090909
3097.0,20.0,20.0,6.0,100.0,4.7619047
3098.0,40.0,20.0,6.0,100.0,4.347826
3099.0,49.0,20.0,6.0,100.0,6.6666665
3100.0,0.0,20.0,6.0,100.0,100.0
3101.0,0.5,20.0,6.0,100.0,100.0
3102.0,1.0,20.0,6.0,100.0,100.0
3103.0,2.0,20.0,6.0,100.0,33.333332
3104.0,3.0,20.0,6.0,100.0,33.333332
3105.0,5.0,20.0,6.0,100.0,12.5
3106.0,10.0,20.0,6.0,100.0,5.263158
3107.0,20.0,20.0,6.0,100.0,4.7619047
3108.0,40.0,20.0,6.0,100.0,4.7619047
3109.0,49.0,20.0,6.0,100.0,4.347826
3110.0,0.0,20.0,6.0,100.0,100.0
3111.0,0.5,20.0,6.0,100.0,100.0
3112.0,1.0,20.0,6.0,100.0,33.333332
3113.0,2.0,20.0,6.0,100.0,20.0
3114.0,3.0,20.0,6.0,100.0,10.0
3115.0,5.0,20.0,6.0,100.0,10.0
3116.0,10.0,20.0,6.0,100.0,5.882353
3117.0,20.0,20.0,6.0,100.0,4.7619047
3118.0,40.0,20.0,6.0,100.0,5.263158
3119.0,49.0,20.0,6.0,100.0,4.7619047
3120.0,0.0,20.0,6.0,100.0,20.0
3121.0,0.5,20.0,6.0,100.0,14.285714
3122.0,1.0,20.0,6.0,100.0,12.5
3123.0,2.0,20.0,6.0,100.0,33.333332
3124.0,3.0,20.0,6.0,100.0,25.0
3125.0,5.0,20.0,6.0,100.0,20.0
3126.0,10.0,20.0,6.0,100.0,5.882353
3127.0,20.0,20.0,6.0,100.0,5.882353
3128.0,40.0,20.0,6.0,100.0,4.7619047
3129.0,49.0,20.0,6.0,100.0,4.7619047
3130.0,0.0,20.0,6.0,100.0,100.0
3131.0,0.5,20.0,6.0,100.0,100.0
3132.0,1.0,20.0,6.0,100.0,14.285714
3133.0,2.0,20.0,6.0,100.0,10.0
3134.0,3.0,20.0,6.0,100.0,5.263158
3135.0,5.0,20.0,6.0,100.0,12.5
3136.0,10.0,20.0,6.0,100.0,7.6923075
3137.0,20.0,20.0,6.0,100.0,5.882353
3138.0,40.0,20.0,6.0,100.0,5.263158
3139.0,49.0,20.0,6.0,100.0,4.0
3140.0,0.0,20.0,6.0,100.0,100.0
3141.0,0.5,20.0,6.0,100.0,100.0
3142.0,1.0,20.0,6.0,100.0,20.0
3143.0,2.0,20.0,6.0,100.0,33.333332
3144.0,3.0,20.0,6.0,100.0,7.142857
3145.0,5.0,20.0,6.0,100.0,6.6666665
3146.0,10.0,20.0,6.0,100.0,12.5
3147.0,20.0,20.0,6.0,100.0,5.263158
3148.0,40.0,20.0,6.0,100.0,5.263158
3149.0,49.0,20.0,6.0,100.0,4.347826
3150.0,0.0,20.0,6.0,100.0,100.0
3151.0,0.5,20.0,6.0,100.0,33.333332
3152.0,1.0,20.0,6.0,100.0,14.285714
3153.0,2.0,20.0,6.0,100.0,33.333332
3154.0,3.0,20.0,6.0,100.0,20.0
3155.0,5.0,20.0,6.0,100.0,8.333333
3156.0,10.0,20.0,6.0,100.0,7.6923075
3157.0,20.0,20.0,6.0,100.0,4.7619047
3158.0,40.0,20.0,6.0,100.0,4.347826
3159.0,49.0,20.0,6.0,100.0,5.882353
3160.0,0.0,20.0,6.0,100.0,33.333332
3161.0,0.5,20.0,6.0,100.0,20.0
3162.0,1.0,20.0,6.0,100.0,7.6923075
3163.0,2.0,20.0,6.0,100.0,14.285714
3164.0,3.0,20.0,6.0,100.0,20.0
3165.0,5.0,20.0,6.0,100.0,14.285714
3166.0,10.0,20.0,6.0,100.0,7.6923075
3167.0,20.0,20.0,6.0,100.0,4.7619047
3168.0,40.0,20.0,6.0,100.0,5.263158
3169.0,49.0,20.0,6.0,100.0,6.6666665
3170.0,0.0,20.0,6.0,100.0,100.0
3171.0,0.5,20.0,6.0,100.0,33.333332
3172.0,1.0,20.0,6.0,100.0,25.0
3173.0,2.0,20.0,6.0,100.0,11.111111
3174.0,3.0,20.0,6.0,100.0,20.0
3175.0,5.0,20.0,6.0,100.0,33.333332
3176.0,10.0,20.0,6.0,100.0,11.111111
3177.0,20.0,20.0,6.0,100.0,6.6666665
3178.0,40.0,20.0,6.0,100.0,4.7619047
3179.0,49.0,20.0,6.0,100.0,6.6666665
3180.0,0.0,20.0,6.0,100.0,100.0
3181.0,0.5,20.0,6.0,100.0,11.111111
3182.0,1.0,20.0,6.0,100.0,25.0
3183.0,2.0,20.0,6.0,100.0,33.333332
3184.0,3.0,20.0,6.0,100.0,7.6923075
3185.0,5.0,20.0,6.0,100.0,9.090909
3186.0,10.0,20.0,6.0,100.0,5.0
3187.0,20.0,20.0,6.0,100.0,5.5555553
3188.0,40.0,20.0,6.0,100.0,4.0
3189.0,49.0,20.0,6.0,100.0,4.347826
3190.0,0.0,20.0,6.0,100.0,100.0
3191.0,0.5,20.0,6.0,100.0,33.333332
3192.0,1.0,20.0,6.0,100.0,100.0
3193.0,2.0,20.0,6.0,100.0,5.5555553
3194.0,3.0,20.0,6.0,100.0,12.5
3195.0,5.0,20.0,6.0,100.0,5.882353
3196.0,10.0,20.0,6.0,100.0,4.7619047
3197.0,20.0,20.0,6.0,100.0,5.0
3198.0,40.0,20.0,6.0,100.0,5.263158
3199.0,49.0,20.0,6.0,100.0,4.347826
3200.0,0.0,20.0,6.0,100.0,100.0
3201.0,0.5,20.0,6.0,100.0,33.333332
3202.0,1.0,20.0,6.0,100.0,33.333332
3203.0,2.0,20.0,6.0,100.0,25.0
3204.0,3.0,20.0,6.0,100.0,33.333332
3205.0,5.0,20.0,6.0,100.0,5.263158
3206.0,10.0,20.0,6.0,100.0,5.263158
3207.0,20.0,20.0,6.0,100.0,5.882353
3208.0,40.0,20.0,6.0,100.0,5.882353
3209.0,49.0,20.0,6.0,100.0,4.0
3210.0,0.0,20.0,6.0,100.0,100.0
3211.0,0.5,20.0,6.0,100.0,100.0
3212.0,1.0,20.0,6.0,100.0,14.285714
3213.0,2.0,20.0,6.0,100.0,33.333332
3214.0,3.0,20.0,6.0,100.0,25.0
3215.0,5.0,20.0,6.0,100.0,7.6923075
3216.0,10.0,20.0,6.0,100.0,5.882353
3217.0,20.0,20.0,6.0,100.0,4.347826
3218.0,40.0,20.0,6.0,100.0,5.263158
3219.0,49.0,20.0,6.0,100.0,5.263158
3220.0,0.0,20.0,6.0,100.0,100.0
3221.0,0.5,20.0,6.0,100.0,100.0
3222.0,1.0,20.0,6.0,100.0,33.333332
3223.0,2.0,20.0,6.0,100.0,100.0
3224.0,3.0,20.0,6.0,100.0,25.0
3225.0,5.0,20.0,6.0,100.0,9.090909
3226.0,10.0,20.0,6.0,100.0,5.263158
3227.0,20.0,20.0,6.0,100.0,4.7619047
3228.0,40.0,20.0,6.0,100.0,4.347826
3229.0,49.0,20.0,6.0,100.0,5.263158
3230.0,0.0,20.0,6.0,100.0,100.0
3231.0,0.5,20.0,6.0,100.0,100.0
3232.0,1.0,20.0,6.0,100.0,33.333332
3233.0,2.0,20.0,6.0,100.0,50.0
3234.0,3.0,20.0,6.0,100.0,14.285714
3235.0,5.0,20.0,6.0,100.0,10.0
3236.0,10.0,20.0,6.0,100.0,7.6923075
3237.0,20.0,20.0,6.0,100.0,5.263158
3238.0,40.0,20.0,6.0,100.0,4.7619047
3239.0,49.0,20.0,6.0,100.0,4.7619047
3240.0,0.0,20.0,6.0,100.0,100.0
3241.0,0.5,20.0,6.0,100.0,33.333332
3242.0,1.0,20.0,6.0,100.0,20.0
3243.0,2.0,20.0,6.0,100.0,16.666666
3244.0,3.0,20.0,6.0,100.0,8.333333
3245.0,5.0,20.0,6.0,100.0,10.0
3246.0,10.0,20.0,6.0,100.0,6.6666665
3247.0,20.0,20.0,6.0,100.0,4.7619047
3248.0,40.0,20.0,6.0,100.0,4.7619047
3249.0,49.0,20.0,6.0,100.0,7.6923075
3250.0,0.0,20.0,6.0,100.0,100.0
3251.0,0.5,20.0,6.0,100.0,100.0
3252.0,1.0,20.0,6.0,100.0,7.142857
3253.0,2.0,20.0,6.0,100.0,10.0
3254.0,3.0,20.0,6.0,100.0,12.5
3255.0,5.0,20.0,6.0,100.0,7.6923075
3256.0,10.0,20.0,6.0,100.0,5.0
3257.0,20.0,20.0,6.0,100.0,4.347826
3258.0,40.0,20.0,6.0,100.0,4.347826
3259.0,49.0,20.0,6.0,100.0,5.263158
3260.0,0.0,20.0,6.0,100.0,100.0
3261.0,0.5,20.0,6.0,100.0,50.0
3262.0,1.0,20.0,6.0,100.0,33.333332
3263.0,2.0,20.0,6.0,100.0,33.333332
3264.0,3.0,20.0,6.0,100.0,33.333332
3265.0,5.0,20.0,6.0,100.0,7.6923075
3266.0,10.0,20.0,6.0,100.0,11.111111
3267.0,20.0,20.0,6.0,100.0,5.0
3268.0,40.0,20.0,6.0,100.0,4.7619047
3269.0,49.0,20.0,6.0,100.0,5.263158
3270.0,0.0,20.0,6.0,100.0,100.0
3271.0,0.5,20.0,6.0,100.0,25.0
3272.0,1.0,20.0,6.0,100.0,33.333332
3273.0,2.0,20.0,6.0,100.0,4.7619047
3274.0,3.0,20.0,6.0,100.0,33.333332
3275.0,5.0,20.0,6.0,100.0,25.0
3276.0,10.0,20.0,6.0,100.0,6.6666665
3277.0,20.0,20.0,6.0,100.0,4.347826
3278.0,40.0,20.0,6.0,100.0,4.7619047
3279.0,49.0,20.0,6.0,100.0,5.882353
3280.0,0.0,20.0,6.0,100.0,100.0
3281.0,0.5,20.0,6.0,100.0,33.333332
3282.0,1.0,20.0,6.0,100.0,33.333332
3283.0,2.0,20.0,6.0,100.0,12.5
3284.0,3.0,20.0,6.0,100.0,16.666666
3285.0,5.0,20.0,6.0,100.0,14.285714
3286.0,10.0,20.0,6.0,100.0,10.0
3287.0,20.0,20.0,6.0,100.0,6.6666665
3288.0,40.0,20.0,6.0,100.0,5.263158
3289.0,49.0,20.0,6.0,100.0,4.7619047
3290.0,0.0,20.0,6.0,100.0,100.0
3291.0,0.5,20.0,6.0,100.0,50.0
3292.0,1.0,20.0,6.0,100.0,33.333332
3293.0,2.0,20.0,6.0,100.0,25.0
3294.0,3.0,20.0,6.0,100.0,11.111111
3295.0,5.0,20.0,6.0,100.0,4.7619047
3296.0,10.0,20.0,6.0,100.0,9.090909
3297.0,20.0,20.0,6.0,100.0,4.7619047
3298.0,40.0,20.0,6.0,100.0,5.882353
3299.0,49.0,20.0,6.0,100.0,3.7037036
3300.0,0.0,20.0,6.0,100.0,100.0
3301.0,0.5,20.0,6.0,100.0,100.0
3302.0,1.0,20.0,6.0,100.0,33.333332
3303.0,2.0,20.0,6.0,100.0,33.333332
3304.0,3.0,20.0,6.0,100.0,20.0
3305.0,5.0,20.0,6.0,100.0,16.666666
3306.0,10.0,20.0,6.0,100.0,7.6923075
3307.0,20.0,20.0,6.0,100.0,5.263158
3308.0,40.0,20.0,6.0,100.0,3.7037036
3309.0,49.0,20.0,6.0,100.0,5.263158
3310.0,0.0,20.0,6.0,100.0,100.0
3311.0,0.5,20.0,6.0,100.0,5.882353
3312.0,1.0,20.0,6.0,100.0,33.333332
3313.0,2.0,20.0,6.0,100.0,8.333333
3314.0,3.0,20.0,6.0,100.0,9.090909
3315.0,5.0,20.0,6.0,100.0,6.6666665
3316.0,10.0,20.0,6.0,100.0,6.25
3317.0,20.0,20.0,6.0,100.0,7.142857
3318.0,40.0,20.0,6.0,100.0,4.347826
3319.0,49.0,20.0,6.0,100.0,5.882353
3320.0,0.0,20.0,6.0,100.0,100.0
3321.0,0.5,20.0,6.0,100.0,100.0
3322.0,1.0,20.0,6.0,100.0,33.333332
3323.0,2.0,20.0,6.0,100.0,25.0
3324.0,3.0,20.0,6.0,100.0,10.0
3325.0,5.0,20.0,6.0,100.0,6.25
3326.0,10.0,20.0,6.0,100.0,5.0
3327.0,20.0,20.0,6.0,100.0,5.263158
3328.0,40.0,20.0,6.0,100.0,5.882353
3329.0,49.0,20.0,6.0,100.0,4.347826
3330.0,0.0,20.0,6.0,100.0,100.0
3331.0,0.5,20.0,6.0,100.0,33.333332
3332.0,1.0,20.0,6.0,100.0,16.666666
3333.0,2.0,20.0,6.0,100.0,33.333332
3334.0,3.0,20.0,6.0,100.0,25.0
3335.0,5.0,20.0,6.0,100.0,20.0
3336.0,10.0,20.0,6.0,100.0,5.882353
3337.0,20.0,20.0,6.0,100.0,4.347826
3338.0,40.0,20.0,6.0,100.0,4.7619047
3339.0,49.0,20.0,6.0,100.0,5.263158
3340.0,0.0,20.0,6.0,100.0,100.0
3341.0,0.5,20.0,6.0,100.0,33.333332
3342.0,1.0,20.0,6.0,100.0,100.0
3343.0,2.0,20.0,6.0,100.0,8.333333
3344.0,3.0,20.0,6.0,100.0,33.333332
3345.0,5.0,20.0,6.0,100.0,11.111111
3346.0,10.0,20.0,6.0,100.0,4.1666665
3347.0,20.0,20.0,6.0,100.0,6.25
3348.0,40.0,20.0,6.0,100.0,4.347826
3349.0,49.0,20.0,6.0,100.0,5.263158
3350.0,0.0,20.0,6.0,100.0,100.0
3351.0,0.5,20.0,6.0,100.0,100.0
3352.0,1.0,20.0,6.0,100.0,33.333332
3353.0,2.0,20.0,6.0,100.0,33.333332
3354.0,3.0,20.0,6.0,100.0,25.0
3355.0,5.0,20.0,6.0,100.0,7.6923075
3356.0,10.0,20.0,6.0,100.0,5.5555553
3357.0,20.0,20.0,6.0,100.0,4.347826
3358.0,40.0,20.0,6.0,100.0,5.263158
3359.0,49.0,20.0,6.0,100.0,5.263158
3360.0,0.0,20.0,6.0,100.0,100.0
3361.0,0.5,20.0,6.0,100.0,33.333332
3362.0,1.0,20.0,6.0,100.0,5.263158
3363.0,2.0,20.0,6.0,100.0,25.0
3364.0,3.0,20.0,6.0,100.0,33.333332
3365.0,5.0,20.0,6.0,100.0,5.882353
3366.0,10.0,20.0,6.0,100.0,5.882353
3367.0,20.0,20.0,6.0,100.0,5.5555553
3368.0,40.0,20.0,6.0,100.0,4.7619047
3369.0,49.0,20.0,6.0,100.0,5.882353
3370.0,0.0,20.0,6.0,100.0,100.0
3371.0,0.5,20.0,6.0,100.0,100.0
3372.0,1.0,20.0,6.0,100.0,6.6666665
3373.0,2.0,20.0,6.0,100.0,33.333332
3374.0,3.0,20.0,6.0,100.0,33.333332
3375.0,5.0,20.0,6.0,100.0,33.333332
3376.0,10.0,20.0,6.0,100.0,5.263158
3377.0,20.0,20.0,6.0,100.0,5.263158
3378.0,40.0,20.0,6.0,100.0,5.882353
3379.0,49.0,20.0,6.0,100.0,4.0
3380.0,0.0,20.0,6.0,100.0,100.0
3381.0,0.5,20.0,6.0,100.0,100.0
3382.0,1.0,20.0,6.0,100.0,33.333332
3383.0,2.0,20.0,6.0,100.0,33.333332
3384.0,3.0,20.0,6.0,100.0,33.333332
3385.0,5.0,20.0,6.0,100.0,5.5555553
3386.0,10.0,20.0,6.0,100.0,9.090909
3387.0,20.0,20.0,6.0,100.0,4.347826
3388.0,40.0,20.0,6.0,100.0,4.347826
3389.0,49.0,20.0,6.0,100.0,5.882353
3390.0,0.0,20.0,6.0,100.0,100.0
3391.0,0.5,20.0,6.0,100.0,100.0
3392.0,1.0,20.0,6.0,100.0,25.0
3393.0,2.0,20.0,6.0,100.0,20.0
3394.0,3.0,20.0,6.0,100.0,50.0
3395.0,5.0,20.0,6.0,100.0,9.090909
3396.0,10.0,20.0,6.0,100.0,7.142857
3397.0,20.0,20.0,6.0,100.0,5.263158
3398.0,40.0,20.0,6.0,100.0,5.882353
3399.0,49.0,20.0,6.0,100.0,5.882353
3400.0,0.0,20.0,6.0,100.0,100.0
3401.0,0.5,20.0,6.0,100.0,33.333332
3402.0,1.0,20.0,6.0,100.0,33.333332
3403.0,2.0,20.0,6.0,100.0,9.090909
3404.0,3.0,20.0,6.0,100.0,33.333332
3405.0,5.0,20.0,6.0,100.0,5.882353
3406.0,10.0,20.0,6.0,100.0,7.6923075
3407.0,20.0,20.0,6.0,100.0,4.5454545
3408.0,40.0,20.0,6.0,100.0,4.0
3409.0,49.0,20.0,6.0,100.0,5.263158
3410.0,0.0,20.0,6.0,100.0,100.0
3411.0,0.5,20.0,6.0,100.0,11.111111
3412.0,1.0,20.0,6.0,100.0,7.6923075
3413.0,2.0,20.0,6.0,100.0,33.333332
3414.0,3.0,20.0,6.0,100.0,9.090909
3415.0,5.0,20.0,6.0,100.0,5.882353
3416.0,10.0,20.0,6.0,100.0,5.882353
3417.0,20.0,20.0,6.0,100.0,5.263158
3418.0,40.0,20.0,6.0,100.0,4.7619047
3419.0,49.0,20.0,6.0,100.0,6.6666665
3420.0,0.0,20.0,6.0,100.0,100.0
3421.0,0.5,20.0,6.0,100.0,100.0
3422.0,1.0,20.0,6.0,100.0,33.333332
3423.0,2.0,20.0,6.0,100.0,33.333332
3424.0,3.0,20.0,6.0,100.0,16.666666
3425.0,5.0,20.0,6.0,100.0,14.285714
3426.0,10.0,20.0,6.0,100.0,7.6923075
3427.0,20.0,20.0,6.0,100.0,5.5555553
3428.0,40.0,20.0,6.0,100.0,5.263158
3429.0,49.0,20.0,6.0,100.0,4.7619047
3430.0,0.0,20.0,6.0,100.0,100.0
3431.0,0.5,20.0,6.0,100.0,33.333332
3432.0,1.0,20.0,6.0,100.0,100.0
3433.0,2.0,20.0,6.0,100.0,33.333332
3434.0,3.0,20.0,6.0,100.0,33.333332
3435.0,5.0,20.0,6.0,100.0,7.142857
3436.0,10.0,20.0,6.0,100.0,4.7619047
3437.0,20.0,20.0,6.0,100.0,4.347826
3438.0,40.0,20.0,6.0,100.0,4.7619047
3439.0,49.0,20.0,6.0,100.0,5.263158
3440.0,0.0,20.0,6.0,100.0,9.090909
3441.0,0.5,20.0,6.0,100.0,100.0
3442.0,1.0,20.0,6.0,100.0,100.0
3443.0,2.0,20.0,6.0,100.0,5.0
3444.0,3.0,20.0,6.0,100.0,10.0
3445.0,5.0,20.0,6.0,100.0,7.6923075
3446.0,10.0,20.0,6.0,100.0,5.263158
3447.0,20.0,20.0,6.0,100.0,4.7619047
3448.0,40.0,20.0,6.0,100.0,4.0
3449.0,49.0,20.0,6.0,100.0,4.7619047
3450.0,0.0,20.0,6.0,100.0,100.0
3451.0,0.5,20.0,6.0,100.0,33.333332
3452.0,1.0,20.0,6.0,100.0,33.333332
3453.0,2.0,20.0,6.0,100.0,33.333332
3454.0,3.0,20.0,6.0,100.0,20.0
3455.0,5.0,20.0,6.0,100.0,4.0
3456.0,10.0,20.0,6.0,100.0,4.7619047
3457.0,20.0,20.0,6.0,100.0,4.7619047
3458.0,40.0,20.0,6.0,100.0,4.7619047
3459.0,49.0,20.0,6.0,100.0,5.263158
3460.0,0.0,20.0,6.0,100.0,100.0
3461.0,0.5,20.0,6.0,100.0,14.285714
3462.0,1.0,20.0,6.0,100.0,100.0
3463.0,2.0,20.0,6.0,100.0,33.333332
3464.0,3.0,20.0,6.0,100.0,20.0
3465.0,5.0,20.0,6.0,100.0,10.0
3466.0,10.0,20.0,6.0,100.0,4.7619047
3467.0,20.0,20.0,6.0,100.0,4.0
3468.0,40.0,20.0,6.0,100.0,5.263158
3469.0,49.0,20.0,6.0,100.0,4.7619047
3470.0,0.0,20.0,6.0,100.0,100.0
3471.0,0.5,20.0,6.0,100.0,50.0
3472.0,1.0,20.0,6.0,100.0,9.090909
3473.0,2.0,20.0,6.0,100.0,20.0
3474.0,3.0,20.0,6.0,100.0,25.0
3475.0,5.0,20.0,6.0,100.0,4.347826
3476.0,10.0,20.0,6.0,100.0,6.6666665
3477.0,20.0,20.0,6.0,100.0,5.263158
3478.0,40.0,20.0,6.0,100.0,4.7619047
3479.0,49.0,20.0,6.0,100.0,4.7619047
3480.0,0.0,20.0,6.0,100.0,100.0
3481.0,0.5,20.0,6.0,100.0,25.0
3482.0,1.0,20.0,6.0,100.0,100.0
3483.0,2.0,20.0,6.0,100.0,33.333332
3484.0,3.0,20.0,6.0,100.0,8.333333
3485.0,5.0,20.0,6.0,100.0,6.25
3486.0,10.0,20.0,6.0,100.0,8.333333
3487.0,20.0,20.0,6.0,100.0,4.7619047
3488.0,40.0,20.0,6.0,100.0,5.882353
3489.0,49.0,20.0,6.0,100.0,4.347826
3490.0,0.0,20.0,6.0,100.0,100.0
3491.0,0.5,20.0,6.0,100.0,100.0
3492.0,1.0,20.0,6.0,100.0,50.0
3493.0,2.0,20.0,6.0,100.0,33.333332
3494.0,3.0,20.0,6.0,100.0,33.333332
3495.0,5.0,20.0,6.0,100.0,20.0
3496.0,10.0,20.0,6.0,100.0,4.7619047
3497.0,20.0,20.0,6.0,100.0,4.7619047
3498.0,40.0,20.0,6.0,100.0,4.7619047
3499.0,49.0,20.0,6.0,100.0,6.6666665
3500.0,0.0,20.0,7.0,100.0,9.090909
3501.0,0.5,20.0,7.0,100.0,14.285714
3502.0,1.0,20.0,7.0,100.0,33.333332
3503.0,2.0,20.0,7.0,100.0,10.0
3504.0,3.0,20.0,7.0,100.0,20.0
3505.0,5.0,20.0,7.0,100.0,20.0
3506.0,10.0,20.0,7.0,100.0,5.263158
3507.0,20.0,20.0,7.0,100.0,4.7619047
3508.0,40.0,20.0,7.0,100.0,4.347826
3509.0,49.0,20.0,7.0,100.0,5.263158
3510.0,0.0,20.0,7.0,100.0,100.0
3511.0,0.5,20.0,7.0,100.0,100.0
3512.0,1.0,20.0,7.0,100.0,20.0
3513.0,2.0,20.0,7.0,100.0,33.333332
3514.0,3.0,20.0,7.0,100.0,14.285714
3515.0,5.0,20.0,7.0,100.0,6.6666665
3516.0,10.0,20.0,7.0,100.0,11.111111
3517.0,20.0,20.0,7.0,100.0,5.263158
3518.0,40.0,20.0,7.0,100.0,5.263158
3519.0,49.0,20.0,7.0,100.0,4.7619047
3520.0,0.0,20.0,7.0,100.0,100.0
3521.0,0.5,20.0,7.0,100.0,20.0
3522.0,1.0,20.0,7.0,100.0,14.285714
3523.0,2.0,20.0,7.0,100.0,50.0
3524.0,3.0,20.0,7.0,100.0,33.333332
3525.0,5.0,20.0,7.0,100.0,14.285714
3526.0,10.0,20.0,7.0,100.0,14.285714
3527.0,20.0,20.0,7.0,100.0,3.8461537
3528.0,40.0,20.0,7.0,100.0,6.25
3529.0,49.0,20.0,7.0,100.0,5.263158
3530.0,0.0,20.0,7.0,100.0,100.0
3531.0,0.5,20.0,7.0,100.0,100.0
3532.0,1.0,20.0,7.0,100.0,33.333332
3533.0,2.0,20.0,7.0,100.0,5.882353
3534.0,3.0,20.0,7.0,100.0,11.111111
3535.0,5.0,20.0,7.0,100.0,5.882353
3536.0,10.0,20.0,7.0,100.0,9.090909
3537.0,20.0,20.0,7.0,100.0,5.882353
3538.0,40.0,20.0,7.0,100.0,6.6666665
3539.0,49.0,20.0,7.0,100.0,4.0
3540.0,0.0,20.0,7.0,100.0,100.0
3541.0,0.5,20.0,7.0,100.0,50.0
3542.0,1.0,20.0,7.0,100.0,33.333332
3543.0,2.0,20.0,7.0,100.0,20.0
3544.0,3.0,20.0,7.0,100.0,8.333333
3545.0,5.0,20.0,7.0,100.0,6.6666665
3546.0,10.0,20.0,7.0,100.0,5.882353
3547.0,20.0,20.0,7.0,100.0,5.263158
3548.0,40.0,20.0,7.0,100.0,4.0
3549.0,49.0,20.0,7.0,100.0,5.263158
3550.0,0.0,20.0,7.0,100.0,7.6923075
3551.0,0.5,20.0,7.0,100.0,33.333332
3552.0,1.0,20.0,7.0,100.0,100.0
3553.0,2.0,20.0,7.0,100.0,50.0
3554.0,3.0,20.0,7.0,100.0,11.111111
3555.0,5.0,20.0,7.0,100.0,6.25
3556.0,10.0,20.0,7.0,100.0,7.6923075
3557.0,20.0,20.0,7.0,100.0,5.882353
3558.0,40.0,20.0,7.0,100.0,5.882353
3559.0,49.0,20.0,7.0,100.0,11.111111
3560.0,0.0,20.0,7.0,100.0,100.0
3561.0,0.5,20.0,7.0,100.0,33.333332
3562.0,1.0,20.0,7.0,100.0,50.0
3563.0,2.0,20.0,7.0,100.0,10.0
3564.0,3.0,20.0,7.0,100.0,25.0
3565.0,5.0,20.0,7.0,100.0,16.666666
3566.0,10.0,20.0,7.0,100.0,7.6923075
3567.0,20.0,20.0,7.0,100.0,5.263158
3568.0,40.0,20.0,7.0,100.0,4.347826
3569.0,49.0,20.0,7.0,100.0,5.263158
3570.0,0.0,20.0,7.0,100.0,100.0
3571.0,0.5,20.0,7.0,100.0,100.0
3572.0,1.0,20.0,7.0,100.0,100.0
3573.0,2.0,20.0,7.0,100.0,33.333332
3574.0,3.0,20.0,7.0,100.0,6.25
3575.0,5.0,20.0,7.0,100.0,11.111111
3576.0,10.0,20.0,7.0,100.0,5.263158
3577.0,20.0,20.0,7.0,100.0,5.263158
3578.0,40.0,20.0,7.0,100.0,6.6666665
3579.0,49.0,20.0,7.0,100.0,4.7619047
3580.0,0.0,20.0,7.0,100.0,100.0
3581.0,0.5,20.0,7.0,100.0,100.0
3582.0,1.0,20.0,7.0,100.0,33.333332
3583.0,2.0,20.0,7.0,100.0,25.0
3584.0,3.0,20.0,7.0,100.0,20.0
3585.0,5.0,20.0,7.0,100.0,12.5
3586.0,10.0,20.0,7.0,100.0,5.882353
3587.0,20.0,20.0,7.0,100.0,4.347826
3588.0,40.0,20.0,7.0,100.0,3.7037036
3589.0,49.0,20.0,7.0,100.0,4.0
3590.0,0.0,20.0,7.0,100.0,100.0
3591.0,0.5,20.0,7.0,100.0,20.0
3592.0,1.0,20.0,7.0,100.0,33.333332
3593.0,2.0,20.0,7.0,100.0,33.333332
3594.0,3.0,20.0,7.0,100.0,9.090909
3595.0,5.0,20.0,7.0,100.0,7.6923075
3596.0,10.0,20.0,7.0,100.0,4.7619047
3597.0,20.0,20.0,7.0,100.0,5.263158
3598.0,40.0,20.0,7.0,100.0,4.7619047
3599.0,49.0,20.0,7.0,100.0,4.7619047
3600.0,0.0,20.0,7.0,100.0,100.0
3601.0,0.5,20.0,7.0,100.0,10.0
3602.0,1.0,20.0,7.0,100.0,33.333332
3603.0,2.0,20.0,7.0,100.0,33.333332
3604.0,3.0,20.0,7.0,100.0,12.5
3605.0,5.0,20.0,7.0,100.0,10.0
3606.0,10.0,20.0,7.0,100.0,11.111111
3607.0,20.0,20.0,7.0,100.0,4.7619047
3608.0,40.0,20.0,7.0,100.0,4.7619047
3609.0,49.0,20.0,7.0,100.0,4.7619047
3610.0,0.0,20.0,7.0,100.0,100.0
3611.0,0.5,20.0,7.0,100.0,100.0
3612.0,1.0,20.0,7.0,100.0,100.0
3613.0,2.0,20.0,7.0,100.0,33.333332
3614.0,3.0,20.0,7.0,100.0,7.142857
3615.0,5.0,20.0,7.0,100.0,7.6923075
3616.0,10.0,20.0,7.0,100.0,5.882353
3617.0,20.0,20.0,7.0,100.0,4.7619047
3618.0,40.0,20.0,7.0,100.0,4.7619047
3619.0,49.0,20.0,7.0,100.0,6.6666665
3620.0,0.0,20.0,7.0,100.0,100.0
3621.0,0.5,20.0,7.0,100.0,33.333332
3622.0,1.0,20.0,7.0,100.0,16.666666
3623.0,2.0,20.0,7.0,100.0,9.090909
3624.0,3.0,20.0,7.0,100.0,100.0
3625.0,5.0,20.0,7.0,100.0,25.0
3626.0,10.0,20.0,7.0,100.0,5.882353
3627.0,20.0,20.0,7.0,100.0,5.882353
3628.0,40.0,20.0,7.0,100.0,5.882353
3629.0,49.0,20.0,7.0,100.0,4.7619047
3630.0,0.0,20.0,7.0,100.0,100.0
3631.0,0.5,20.0,7.0,100.0,16.666666
3632.0,1.0,20.0,7.0,100.0,33.333332
3633.0,2.0,20.0,7.0,100.0,33.333332
3634.0,3.0,20.0,7.0,100.0,11.111111
3635.0,5.0,20.0,7.0,100.0,9.090909
3636.0,10.0,20.0,7.0,100.0,7.6923075
3637.0,20.0,20.0,7.0,100.0,6.25
3638.0,40.0,20.0,7.0,100.0,4.7619047
3639.0,49.0,20.0,7.0,100.0,7.6923075
3640.0,0.0,20.0,7.0,100.0,100.0
3641.0,0.5,20.0,7.0,100.0,100.0
3642.0,1.0,20.0,7.0,100.0,33.333332
3643.0,2.0,20.0,7.0,100.0,33.333332
3644.0,3.0,20.0,7.0,100.0,20.0
3645.0,5.0,20.0,7.0,100.0,9.090909
3646.0,10.0,20.0,7.0,100.0,9.090909
3647.0,20.0,20.0,7.0,100.0,6.25
3648.0,40.0,20.0,7.0,100.0,4.0
3649.0,49.0,20.0,7.0,100.0,6.6666665
3650.0,0.0,20.0,7.0,100.0,100.0
3651.0,0.5,20.0,7.0,100.0,100.0
3652.0,1.0,20.0,7.0,100.0,20.0
3653.0,2.0,20.0,7.0,100.0,100.0
3654.0,3.0,20.0,7.0,100.0,7.6923075
3655.0,5.0,20.0,7.0,100.0,9.090909
3656.0,10.0,20.0,7.0,100.0,11.111111
3657.0,20.0,20.0,7.0,100.0,4.347826
3658.0,40.0,20.0,7.0,100.0,4.7619047
3659.0,49.0,20.0,7.0,100.0,4.347826
3660.0,0.0,20.0,7.0,100.0,100.0
3661.0,0.5,20.0,7.0,100.0,100.0
3662.0,1.0,20.0,7.0,100.0,50.0
3663.0,2.0,20.0,7.0,100.0,33.333332
3664.0,3.0,20.0,7.0,100.0,9.090909
3665.0,5.0,20.0,7.0,100.0,20.0
3666.0,10.0,20.0,7.0,100.0,5.882353
3667.0,20.0,20.0,7.0,100.0,4.347826
3668.0,40.0,20.0,7.0,100.0,5.882353
3669.0,49.0,20.0,7.0,100.0,7.6923075
3670.0,0.0,20.0,7.0,100.0,20.0
3671.0,0.5,20.0,7.0,100.0,100.0
3672.0,1.0,20.0,7.0,100.0,33.333332
3673.0,2.0,20.0,7.0,100.0,14.285714
3674.0,3.0,20.0,7.0,100.0,33.333332
3675.0,5.0,20.0,7.0,100.0,12.5
3676.0,10.0,20.0,7.0,100.0,9.090909
3677.0,20.0,20.0,7.0,100.0,5.882353
3678.0,40.0,20.0,7.0,100.0,4.7619047
3679.0,49.0,20.0,7.0,100.0,5.263158
3680.0,0.0,20.0,7.0,100.0,100.0
3681.0,0.5,20.0,7.0,100.0,33.333332
3682.0,1.0,20.0,7.0,100.0,33.333332
3683.0,2.0,20.0,7.0,100.0,12.5
3684.0,3.0,20.0,7.0,100.0,25.0
3685.0,5.0,20.0,7.0,100.0,5.263158
3686.0,10.0,20.0,7.0,100.0,10.0
3687.0,20.0,20.0,7.0,100.0,4.7619047
3688.0,40.0,20.0,7.0,100.0,4.347826
3689.0,49.0,20.0,7.0,100.0,4.7619047
3690.0,0.0,20.0,7.0,100.0,100.0
3691.0,0.5,20.0,7.0,100.0,33.333332
3692.0,1.0,20.0,7.0,100.0,100.0
3693.0,2.0,20.0,7.0,100.0,33.333332
3694.0,3.0,20.0,7.0,100.0,33.333332
3695.0,5.0,20.0,7.0,100.0,7.6923075
3696.0,10.0,20.0,7.0,100.0,9.090909
3697.0,20.0,20.0,7.0,100.0,4.7619047
3698.0,40.0,20.0,7.0,100.0,4.347826
3699.0,49.0,20.0,7.0,100.0,5.882353
3700.0,0.0,20.0,7.0,100.0,100.0
3701.0,0.5,20.0,7.0,100.0,100.0
3702.0,1.0,20.0,7.0,100.0,7.6923075
3703.0,2.0,20.0,7.0,100.0,25.0
3704.0,3.0,20.0,7.0,100.0,8.333333
3705.0,5.0,20.0,7.0,100.0,20.0
3706.0,10.0,20.0,7.0,100.0,8.333333
3707.0,20.0,20.0,7.0,100.0,4.347826
3708.0,40.0,20.0,7.0,100.0,4.7619047
3709.0,49.0,20.0,7.0,100.0,4.7619047
3710.0,0.0,20.0,7.0,100.0,100.0
3711.0,0.5,20.0,7.0,100.0,6.6666665
3712.0,1.0,20.0,7.0,100.0,100.0
3713.0,2.0,20.0,7.0,100.0,33.333332
3714.0,3.0,20.0,7.0,100.0,10.0
3715.0,5.0,20.0,7.0,100.0,11.111111
3716.0,10.0,20.0,7.0,100.0,6.25
3717.0,20.0,20.0,7.0,100.0,5.263158
3718.0,40.0,20.0,7.0,100.0,6.6666665
3719.0,49.0,20.0,7.0,100.0,5.882353
3720.0,0.0,20.0,7.0,100.0,100.0
3721.0,0.5,20.0,7.0,100.0,33.333332
3722.0,1.0,20.0,7.0,100.0,33.333332
3723.0,2.0,20.0,7.0,100.0,33.333332
3724.0,3.0,20.0,7.0,100.0,16.666666
3725.0,5.0,20.0,7.0,100.0,4.7619047
3726.0,10.0,20.0,7.0,100.0,5.263158
3727.0,20.0,20.0,7.0,100.0,4.7619047
3728.0,40.0,20.0,7.0,100.0,4.0
3729.0,49.0,20.0,7.0,100.0,5.882353
3730.0,0.0,20.0,7.0,100.0,100.0
3731.0,0.5,20.0,7.0,100.0,33.333332
3732.0,1.0,20.0,7.0,100.0,33.333332
3733.0,2.0,20.0,7.0,100.0,33.333332
3734.0,3.0,20.0,7.0,100.0,16.666666
3735.0,5.0,20.0,7.0,100.0,8.333333
3736.0,10.0,20.0,7.0,100.0,7.6923075
3737.0,20.0,20.0,7.0,100.0,5.263158
3738.0,40.0,20.0,7.0,100.0,4.7619047
3739.0,49.0,20.0,7.0,100.0,6.6666665
3740.0,0.0,20.0,7.0,100.0,100.0
3741.0,0.5,20.0,7.0,100.0,33.333332
3742.0,1.0,20.0,7.0,100.0,33.333332
3743.0,2.0,20.0,7.0,100.0,33.333332
3744.0,3.0,20.0,7.0,100.0,33.333332
3745.0,5.0,20.0,7.0,100.0,8.333333
3746.0,10.0,20.0,7.0,100.0,14.285714
3747.0,20.0,20.0,7.0,100.0,5.263158
3748.0,40.0,20.0,7.0,100.0,5.882353
3749.0,49.0,20.0,7.0,100.0,5.882353
3750.0,0.0,20.0,7.0,100.0,100.0
3751.0,0.5,20.0,7.0,100.0,14.285714
3752.0,1.0,20.0,7.0,100.0,25.0
3753.0,2.0,20.0,7.0,100.0,12.5
3754.0,3.0,20.0,7.0,100.0,33.333332
3755.0,5.0,20.0,7.0,100.0,20.0
3756.0,10.0,20.0,7.0,100.0,6.25
3757.0,20.0,20.0,7.0,100.0,4.7619047
3758.0,40.0,20.0,7.0,100.0,5.882353
3759.0,49.0,20.0,7.0,100.0,5.263158
3760.0,0.0,20.0,7.0,100.0,100.0
3761.0,0.5,20.0,7.0,100.0,33.333332
3762.0,1.0,20.0,7.0,100.0,33.333332
3763.0,2.0,20.0,7.0,100.0,8.333333
3764.0,3.0,20.0,7.0,100.0,20.0
3765.0,5.0,20.0,7.0,100.0,10.0
3766.0,10.0,20.0,7.0,100.0,4.7619047
3767.0,20.0,20.0,7.0,100.0,5.882353
3768.0,40.0,20.0,7.0,100.0,4.7619047
3769.0,49.0,20.0,7.0,100.0,4.0
3770.0,0.0,20.0,7.0,100.0,100.0
3771.0,0.5,20.0,7.0,100.0,33.333332
3772.0,1.0,20.0,7.0,100.0,100.0
3773.0,2.0,20.0,7.0,100.0,20.0
3774.0,3.0,20.0,7.0,100.0,14.285714
3775.0,5.0,20.0,7.0,100.0,11.111111
3776.0,10.0,20.0,7.0,100.0,10.0
3777.0,20.0,20.0,7.0,100.0,7.6923075
3778.0,40.0,20.0,7.0,100.0,4.7619047
3779.0,49.0,20.0,7.0,100.0,5.263158
3780.0,0.0,20.0,7.0,100.0,100.0
3781.0,0.5,20.0,7.0,100.0,33.333332
3782.0,1.0,20.0,7.0,100.0,100.0
3783.0,2.0,20.0,7.0,100.0,20.0
3784.0,3.0,20.0,7.0,100.0,11.111111
3785.0,5.0,20.0,7.0,100.0,9.090909
3786.0,10.0,20.0,7.0,100.0,7.6923075
3787.0,20.0,20.0,7.0,100.0,4.347826
3788.0,40.0,20.0,7.0,100.0,4.347826
3789.0,49.0,20.0,7.0,100.0,4.7619047
3790.0,0.0,20.0,7.0,100.0,100.0
3791.0,0.5,20.0,7.0,100.0,7.6923075
3792.0,1.0,20.0,7.0,100.0,16.666666
3793.0,2.0,20.0,7.0,100.0,33.333332
3794.0,3.0,20.0,7.0,100.0,7.6923075
3795.0,5.0,20.0,7.0,100.0,9.090909
3796.0,10.0,20.0,7.0,100.0,4.347826
3797.0,20.0,20.0,7.0,100.0,5.882353
3798.0,40.0,20.0,7.0,100.0,5.263158
3799.0,49.0,20.0,7.0,100.0,4.347826
3800.0,0.0,20.0,7.0,100.0,100.0
3801.0,0.5,20.0,7.0,100.0,100.0
3802.0,1.0,20.0,7.0,100.0,100.0
3803.0,2.0,20.0,7.0,100.0,5.882353
3804.0,3.0,20.0,7.0,100.0,11.111111
3805.0,5.0,20.0,7.0,100.0,20.0
3806.0,10.0,20.0,7.0,100.0,6.6666665
3807.0,20.0,20.0,7.0,100.0,5.882353
3808.0,40.0,20.0,7.0,100.0,4.7619047
3809.0,49.0,20.0,7.0,100.0,4.347826
3810.0,0.0,20.0,7.0,100.0,100.0
3811.0,0.5,20.0,7.0,100.0,33.333332
3812.0,1.0,20.0,7.0,100.0,8.333333
3813.0,2.0,20.0,7.0,100.0,12.5
3814.0,3.0,20.0,7.0,100.0,4.347826
3815.0,5.0,20.0,7.0,100.0,16.666666
3816.0,10.0,20.0,7.0,100.0,6.6666665
3817.0,20.0,20.0,7.0,100.0,5.0
3818.0,40.0,20.0,7.0,100.0,5.882353
3819.0,49.0,20.0,7.0,100.0,4.7619047
3820.0,0.0,20.0,7.0,100.0,100.0
3821.0,0.5,20.0,7.0,100.0,100.0
3822.0,1.0,20.0,7.0,100.0,20.0
3823.0,2.0,20.0,7.0,100.0,5.882353
3824.0,3.0,20.0,7.0,100.0,33.333332
3825.0,5.0,20.0,7.0,100.0,5.0
3826.0,10.0,20.0,7.0,100.0,5.882353
3827.0,20.0,20.0,7.0,100.0,6.6666665
3828.0,40.0,20.0,7.0,100.0,5.263158
3829.0,49.0,20.0,7.0,100.0,5.882353
3830.0,0.0,20.0,7.0,100.0,100.0
3831.0,0.5,20.0,7.0,100.0,14.285714
3832.0,1.0,20.0,7.0,100.0,100.0
3833.0,2.0,20.0,7.0,100.0,100.0
3834.0,3.0,20.0,7.0,100.0,6.25
3835.0,5.0,20.0,7.0,100.0,20.0
3836.0,10.0,20.0,7.0,100.0,7.6923075
3837.0,20.0,20.0,7.0,100.0,5.263158
3838.0,40.0,20.0,7.0,100.0,5.882353
3839.0,49.0,20.0,7.0,100.0,5.263158
3840.0,0.0,20.0,7.0,100.0,100.0
3841.0,0.5,20.0,7.0,100.0,100.0
3842.0,1.0,20.0,7.0,100.0,5.0
3843.0,2.0,20.0,7.0,100.0,14.285714
3844.0,3.0,20.0,7.0,100.0,20.0
3845.0,5.0,20.0,7.0,100.0,14.285714
3846.0,10.0,20.0,7.0,100.0,7.142857
3847.0,20.0,20.0,7.0,100.0,7.6923075
3848.0,40.0,20.0,7.0,100.0,5.882353
3849.0,49.0,20.0,7.0,100.0,5.263158
3850.0,0.0,20.0,7.0,100.0,100.0
3851.0,0.5,20.0,7.0,100.0,100.0
3852.0,1.0,20.0,7.0,100.0,33.333332
3853.0,2.0,20.0,7.0,100.0,33.333332
3854.0,3.0,20.0,7.0,100.0,25.0
3855.0,5.0,20.0,7.0,100.0,33.333332
3856.0,10.0,20.0,7.0,100.0,5.882353
3857.0,20.0,20.0,7.0,100.0,5.882353
3858.0,40.0,20.0,7.0,100.0,5.263158
3859.0,49.0,20.0,7.0,100.0,5.263158
3860.0,0.0,20.0,7.0,100.0,100.0
3861.0,0.5,20.0,7.0,100.0,33.333332
3862.0,1.0,20.0,7.0,100.0,100.0
3863.0,2.0,20.0,7.0,100.0,100.0
3864.0,3.0,20.0,7.0,100.0,25.0
3865.0,5.0,20.0,7.0,100.0,5.882353
3866.0,10.0,20.0,7.0,100.0,6.6666665
3867.0,20.0,20.0,7.0,100.0,4.7619047
3868.0,40.0,20.0,7.0,100.0,5.263158
3869.0,49.0,20.0,7.0,100.0,6.6666665
3870.0,0.0,20.0,7.0,100.0,100.0
3871.0,0.5,20.0,7.0,100.0,33.333332
3872.0,1.0,20.0,7.0,100.0,33.333332
3873.0,2.0,20.0,7.0,100.0,20.0
3874.0,3.0,20.0,7.0,100.0,7.142857
3875.0,5.0,20.0,7.0,100.0,6.25
3876.0,10.0,20.0,7.0,100.0,7.142857
3877.0,20.0,20.0,7.0,100.0,4.7619047
3878.0,40.0,20.0,7.0,100.0,5.263158
3879.0,49.0,20.0,7.0,100.0,5.263158
3880.0,0.0,20.0,7.0,100.0,100.0
3881.0,0.5,20.0,7.0,100.0,100.0
3882.0,1.0,20.0,7.0,100.0,100.0
3883.0,2.0,20.0,7.0,100.0,10.0
3884.0,3.0,20.0,7.0,100.0,33.333332
3885.0,5.0,20.0,7.0,100.0,11.111111
3886.0,10.0,20.0,7.0,100.0,5.263158
3887.0,20.0,20.0,7.0,100.0,4.7619047
3888.0,40.0,20.0,7.0,100.0,4.7619047
3889.0,49.0,20.0,7.0,100.0,4.7619047
3890.0,0.0,20.0,7.0,100.0,100.0
3891.0,0.5,20.0,7.0,100.0,33.333332
3892.0,1.0,20.0,7.0,100.0,33.333332
3893.0,2.0,20.0,7.0,100.0,25.0
3894.0,3.0,20.0,7.0,100.0,25.0
3895.0,5.0,20.0,7.0,100.0,16.666666
3896.0,10.0,20.0,7.0,100.0,7.6923075
3897.0,20.0,20.0,7.0,100.0,5.263158
3898.0,40.0,20.0,7.0,100.0,4.7619047
3899.0,49.0,20.0,7.0,100.0,6.6666665
3900.0,0.0,20.0,7.0,100.0,100.0
3901.0,0.5,20.0,7.0,100.0,100.0
3902.0,1.0,20.0,7.0,100.0,100.0
3903.0,2.0,20.0,7.0,100.0,20.0
3904.0,3.0,20.0,7.0,100.0,7.6923075
3905.0,5.0,20.0,7.0,100.0,12.5
3906.0,10.0,20.0,7.0,100.0,11.111111
3907.0,20.0,20.0,7.0,100.0,4.7619047
3908.0,40.0,20.0,7.0,100.0,5.263158
3909.0,49.0,20.0,7.0,100.0,5.882353
3910.0,0.0,20.0,7.0,100.0,100.0
3911.0,0.5,20.0,7.0,100.0,100.0
3912.0,1.0,20.0,7.0,100.0,100.0
3913.0,2.0,20.0,7.0,100.0,4.1666665
3914.0,3.0,20.0,7.0,100.0,5.882353
3915.0,5.0,20.0,7.0,100.0,14.285714
3916.0,10.0,20.0,7.0,100.0,8.333333
3917.0,20.0,20.0,7.0,100.0,4.7619047
3918.0,40.0,20.0,7.0,100.0,5.263158
3919.0,49.0,20.0,7.0,100.0,5.263158
3920.0,0.0,20.0,7.0,100.0,100.0
3921.0,0.5,20.0,7.0,100.0,100.0
3922.0,1.0,20.0,7.0,100.0,33.333332
3923.0,2.0,20.0,7.0,100.0,25.0
3924.0,3.0,20.0,7.0,100.0,100.0
3925.0,5.0,20.0,7.0,100.0,20.0
3926.0,10.0,20.0,7.0,100.0,9.090909
3927.0,20.0,20.0,7.0,100.0,6.6666665
3928.0,40.0,20.0,7.0,100.0,5.0
3929.0,49.0,20.0,7.0,100.0,5.263158
3930.0,0.0,20.0,7.0,100.0,100.0
3931.0,0.5,20.0,7.0,100.0,33.333332
3932.0,1.0,20.0,7.0,100.0,33.333332
3933.0,2.0,20.0,7.0,100.0,33.333332
3934.0,3.0,20.0,7.0,100.0,20.0
3935.0,5.0,20.0,7.0,100.0,20.0
3936.0,10.0,20.0,7.0,100.0,4.7619047
3937.0,20.0,20.0,7.0,100.0,5.263158
3938.0,40.0,20.0,7.0,100.0,4.0
3939.0,49.0,20.0,7.0,100.0,9.090909
3940.0,0.0,20.0,7.0,100.0,100.0
3941.0,0.5,20.0,7.0,100.0,100.0
3942.0,1.0,20.0,7.0,100.0,33.333332
3943.0,2.0,20.0,7.0,100.0,25.0
3944.0,3.0,20.0,7.0,100.0,25.0
3945.0,5.0,20.0,7.0,100.0,8.333333
3946.0,10.0,20.0,7.0,100.0,9.090909
3947.0,20.0,20.0,7.0,100.0,7.6923075
3948.0,40.0,20.0,7.0,100.0,4.7619047
3949.0,49.0,20.0,7.0,100.0,5.882353
3950.0,0.0,20.0,7.0,100.0,100.0
3951.0,0.5,20.0,7.0,100.0,11.111111
3952.0,1.0,20.0,7.0,100.0,33.333332
3953.0,2.0,20.0,7.0,100.0,25.0
3954.0,3.0,20.0,7.0,100.0,16.666666
3955.0,5.0,20.0,7.0,100.0,6.6666665
3956.0,10.0,20.0,7.0,100.0,6.6666665
3957.0,20.0,20.0,7.0,100.0,5.263158
3958.0,40.0,20.0,7.0,100.0,5.263158
3959.0,49.0,20.0,7.0,100.0,4.7619047
3960.0,0.0,20.0,7.0,100.0,100.0
3961.0,0.5,20.0,7.0,100.0,7.6923075
3962.0,1.0,20.0,7.0,100.0,9.090909
3963.0,2.0,20.0,7.0,100.0,25.0
3964.0,3.0,20.0,7.0,100.0,33.333332
3965.0,5.0,20.0,7.0,100.0,20.0
3966.0,10.0,20.0,7.0,100.0,6.25
3967.0,20.0,20.0,7.0,100.0,5.5555553
3968.0,40.0,20.0,7.0,100.0,5.263158
3969.0,49.0,20.0,7.0,100.0,4.347826
3970.0,0.0,20.0,7.0,100.0,100.0
3971.0,0.5,20.0,7.0,100.0,100.0
3972.0,1.0,20.0,7.0,100.0,33.333332
3973.0,2.0,20.0,7.0,100.0,20.0
3974.0,3.0,20.0,7.0,100.0,5.882353
3975.0,5.0,20.0,7.0,100.0,9.090909
3976.0,10.0,20.0,7.0,100.0,7.6923075
3977.0,20.0,20.0,7.0,100.0,5.263158
3978.0,40.0,20.0,7.0,100.0,5.263158
3979.0,49.0,20.0,7.0,100.0,5.5555553
3980.0,0.0,20.0,7.0,100.0,100.0
3981.0,0.5,20.0,7.0,100.0,33.333332
3982.0,1.0,20.0,7.0,100.0,33.333332
3983.0,2.0,20.0,7.0,100.0,8.333333
3984.0,3.0,20.0,7.0,100.0,33.333332
3985.0,5.0,20.0,7.0,100.0,6.25
3986.0,10.0,20.0,7.0,100.0,4.347826
3987.0,20.0,20.0,7.0,100.0,5.882353
3988.0,40.0,20.0,7.0,100.0,4.347826
3989.0,49.0,20.0,7.0,100.0,7.6923075
3990.0,0.0,20.0,7.0,100.0,100.0
3991.0,0.5,20.0,7.0,100.0,33.333332
3992.0,1.0,20.0,7.0,100.0,33.333332
3993.0,2.0,20.0,7.0,100.0,20.0
3994.0,3.0,20.0,7.0,100.0,10.0
3995.0,5.0,20.0,7.0,100.0,9.090909
3996.0,10.0,20.0,7.0,100.0,5.263158
3997.0,20.0,20.0,7.0,100.0,5.882353
3998.0,40.0,20.0,7.0,100.0,5.263158
3999.0,49.0,20.0,7.0,100.0,4.347826
4000.0,0.0,20.0,8.0,100.0,100.0
4001.0,0.5,20.0,8.0,100.0,33.333332
4002.0,1.0,20.0,8.0,100.0,25.0
4003.0,2.0,20.0,8.0,100.0,12.5
4004.0,3.0,20.0,8.0,100.0,9.090909
4005.0,5.0,20.0,8.0,100.0,14.285714
4006.0,10.0,20.0,8.0,100.0,9.090909
4007.0,20.0,20.0,8.0,100.0,5.263158
4008.0,40.0,20.0,8.0,100.0,5.263158
4009.0,49.0,20.0,8.0,100.0,5.882353
4010.0,0.0,20.0,8.0,100.0,11.111111
4011.0,0.5,20.0,8.0,100.0,33.333332
4012.0,1.0,20.0,8.0,100.0,33.333332
4013.0,2.0,20.0,8.0,100.0,33.333332
4014.0,3.0,20.0,8.0,100.0,100.0
4015.0,5.0,20.0,8.0,100.0,11.111111
4016.0,10.0,20.0,8.0,100.0,5.263158
4017.0,20.0,20.0,8.0,100.0,5.0
4018.0,40.0,20.0,8.0,100.0,4.347826
4019.0,49.0,20.0,8.0,100.0,4.0
4020.0,0.0,20.0,8.0,100.0,100.0
4021.0,0.5,20.0,8.0,100.0,100.0
4022.0,1.0,20.0,8.0,100.0,33.333332
4023.0,2.0,20.0,8.0,100.0,33.333332
4024.0,3.0,20.0,8.0,100.0,14.285714
4025.0,5.0,20.0,8.0,100.0,6.6666665
4026.0,10.0,20.0,8.0,100.0,6.6666665
4027.0,20.0,20.0,8.0,100.0,5.263158
4028.0,40.0,20.0,8.0,100.0,6.6666665
4029.0,49.0,20.0,8.0,100.0,6.6666665
4030.0,0.0,20.0,8.0,100.0,100.0
4031.0,0.5,20.0,8.0,100.0,33.333332
4032.0,1.0,20.0,8.0,100.0,50.0
4033.0,2.0,20.0,8.0,100.0,33.333332
4034.0,3.0,20.0,8.0,100.0,20.0
4035.0,5.0,20.0,8.0,100.0,9.090909
4036.0,10.0,20.0,8.0,100.0,5.263158
4037.0,20.0,20.0,8.0,100.0,3.7037036
4038.0,40.0,20.0,8.0,100.0,4.7619047
4039.0,49.0,20.0,8.0,100.0,6.6666665
4040.0,0.0,20.0,8.0,100.0,100.0
4041.0,0.5,20.0,8.0,100.0,33.333332
4042.0,1.0,20.0,8.0,100.0,100.0
4043.0,2.0,20.0,8.0,100.0,16.666666
4044.0,3.0,20.0,8.0,100.0,10.0
4045.0,5.0,20.0,8.0,100.0,10.0
4046.0,10.0,20.0,8.0,100.0,5.882353
4047.0,20.0,20.0,8.0,100.0,5.263158
4048.0,40.0,20.0,8.0,100.0,5.882353
4049.0,49.0,20.0,8.0,100.0,6.6666665
4050.0,0.0,20.0,8.0,100.0,100.0
4051.0,0.5,20.0,8.0,100.0,33.333332
4052.0,1.0,20.0,8.0,100.0,25.0
4053.0,2.0,20.0,8.0,100.0,5.263158
4054.0,3.0,20.0,8.0,100.0,16.666666
4055.0,5.0,20.0,8.0,100.0,10.0
4056.0,10.0,20.0,8.0,100.0,10.0
4057.0,20.0,20.0,8.0,100.0,4.7619047
4058.0,40.0,20.0,8.0,100.0,5.882353
4059.0,49.0,20.0,8.0,100.0,4.7619047
4060.0,0.0,20.0,8.0,100.0,100.0
4061.0,0.5,20.0,8.0,100.0,33.333332
4062.0,1.0,20.0,8.0,100.0,9.090909
4063.0,2.0,20.0,8.0,100.0,20.0
4064.0,3.0,20.0,8.0,100.0,33.333332
4065.0,5.0,20.0,8.0,100.0,4.347826
4066.0,10.0,20.0,8.0,100.0,7.142857
4067.0,20.0,20.0,8.0,100.0,5.882353
4068.0,40.0,20.0,8.0,100.0,4.7619047
4069.0,49.0,20.0,8.0,100.0,6.6666665
4070.0,0.0,20.0,8.0,100.0,100.0
4071.0,0.5,20.0,8.0,100.0,11.111111
4072.0,1.0,20.0,8.0,100.0,100.0
4073.0,2.0,20.0,8.0,100.0,33.333332
4074.0,3.0,20.0,8.0,100.0,16.666666
4075.0,5.0,20.0,8.0,100.0,5.0
4076.0,10.0,20.0,8.0,100.0,6.6666665
4077.0,20.0,20.0,8.0,100.0,7.6923075
4078.0,40.0,20.0,8.0,100.0,5.882353
4079.0,49.0,20.0,8.0,100.0,4.7619047
4080.0,0.0,20.0,8.0,100.0,100.0
4081.0,0.5,20.0,8.0,100.0,100.0
4082.0,1.0,20.0,8.0,100.0,9.090909
4083.0,2.0,20.0,8.0,100.0,50.0
4084.0,3.0,20.0,8.0,100.0,33.333332
4085.0,5.0,20.0,8.0,100.0,7.142857
4086.0,10.0,20.0,8.0,100.0,7.142857
4087.0,20.0,20.0,8.0,100.0,4.347826
4088.0,40.0,20.0,8.0,100.0,5.882353
4089.0,49.0,20.0,8.0,100.0,5.882353
4090.0,0.0,20.0,8.0,100.0,100.0
4091.0,0.5,20.0,8.0,100.0,50.0
4092.0,1.0,20.0,8.0,100.0,33.333332
4093.0,2.0,20.0,8.0,100.0,25.0
4094.0,3.0,20.0,8.0,100.0,12.5
4095.0,5.0,20.0,8.0,100.0,20.0
4096.0,10.0,20.0,8.0,100.0,6.6666665
4097.0,20.0,20.0,8.0,100.0,5.263158
4098.0,40.0,20.0,8.0,100.0,4.347826
4099.0,49.0,20.0,8.0,100.0,3.7037036
4100.0,0.0,20.0,8.0,100.0,100.0
4101.0,0.5,20.0,8.0,100.0,11.111111
4102.0,1.0,20.0,8.0,100.0,33.333332
4103.0,2.0,20.0,8.0,100.0,33.333332
4104.0,3.0,20.0,8.0,100.0,20.0
4105.0,5.0,20.0,8.0,100.0,11.111111
4106.0,10.0,20.0,8.0,100.0,5.0
4107.0,20.0,20.0,8.0,100.0,5.263158
4108.0,40.0,20.0,8.0,100.0,4.7619047
4109.0,49.0,20.0,8.0,100.0,3.7037036
4110.0,0.0,20.0,8.0,100.0,100.0
4111.0,0.5,20.0,8.0,100.0,33.333332
4112.0,1.0,20.0,8.0,100.0,33.333332
4113.0,2.0,20.0,8.0,100.0,25.0
4114.0,3.0,20.0,8.0,100.0,20.0
4115.0,5.0,20.0,8.0,100.0,14.285714
4116.0,10.0,20.0,8.0,100.0,5.882353
4117.0,20.0,20.0,8.0,100.0,5.263158
4118.0,40.0,20.0,8.0,100.0,9.090909
4119.0,49.0,20.0,8.0,100.0,7.6923075
4120.0,0.0,20.0,8.0,100.0,100.0
4121.0,0.5,20.0,8.0,100.0,33.333332
4122.0,1.0,20.0,8.0,100.0,25.0
4123.0,2.0,20.0,8.0,100.0,100.0
4124.0,3.0,20.0,8.0,100.0,20.0
4125.0,5.0,20.0,8.0,100.0,20.0
4126.0,10.0,20.0,8.0,100.0,4.7619047
4127.0,20.0,20.0,8.0,100.0,6.25
4128.0,40.0,20.0,8.0,100.0,4.347826
4129.0,49.0,20.0,8.0,100.0,4.347826
4130.0,0.0,20.0,8.0,100.0,100.0
4131.0,0.5,20.0,8.0,100.0,33.333332
4132.0,1.0,20.0,8.0,100.0,25.0
4133.0,2.0,20.0,8.0,100.0,5.882353
4134.0,3.0,20.0,8.0,100.0,100.0
4135.0,5.0,20.0,8.0,100.0,12.5
4136.0,10.0,20.0,8.0,100.0,5.263158
4137.0,20.0,20.0,8.0,100.0,5.263158
4138.0,40.0,20.0,8.0,100.0,7.6923075
4139.0,49.0,20.0,8.0,100.0,4.7619047
4140.0,0.0,20.0,8.0,100.0,100.0
4141.0,0.5,20.0,8.0,100.0,100.0
4142.0,1.0,20.0,8.0,100.0,12.5
4143.0,2.0,20.0,8.0,100.0,12.5
4144.0,3.0,20.0,8.0,100.0,10.0
4145.0,5.0,20.0,8.0,100.0,14.285714
4146.0,10.0,20.0,8.0,100.0,4.7619047
4147.0,20.0,20.0,8.0,100.0,4.7619047
4148.0,40.0,20.0,8.0,100.0,4.7619047
4149.0,49.0,20.0,8.0,100.0,5.882353
4150.0,0.0,20.0,8.0,100.0,100.0
4151.0,0.5,20.0,8.0,100.0,100.0
4152.0,1.0,20.0,8.0,100.0,9.090909
4153.0,2.0,20.0,8.0,100.0,33.333332
4154.0,3.0,20.0,8.0,100.0,20.0
4155.0,5.0,20.0,8.0,100.0,7.6923075
4156.0,10.0,20.0,8.0,100.0,5.263158
4157.0,20.0,20.0,8.0,100.0,5.5555553
4158.0,40.0,20.0,8.0,100.0,5.263158
4159.0,49.0,20.0,8.0,100.0,5.263158
4160.0,0.0,20.0,8.0,100.0,100.0
4161.0,0.5,20.0,8.0,100.0,100.0
4162.0,1.0,20.0,8.0,100.0,12.5
4163.0,2.0,20.0,8.0,100.0,6.25
4164.0,3.0,20.0,8.0,100.0,11.111111
4165.0,5.0,20.0,8.0,100.0,6.25
4166.0,10.0,20.0,8.0,100.0,5.5555553
4167.0,20.0,20.0,8.0,100.0,4.7619047
4168.0,40.0,20.0,8.0,100.0,5.263158
4169.0,49.0,20.0,8.0,100.0,7.6923075
4170.0,0.0,20.0,8.0,100.0,100.0
4171.0,0.5,20.0,8.0,100.0,25.0
4172.0,1.0,20.0,8.0,100.0,33.333332
4173.0,2.0,20.0,8.0,100.0,9.090909
4174.0,3.0,20.0,8.0,100.0,16.666666
4175.0,5.0,20.0,8.0,100.0,25.0
4176.0,10.0,20.0,8.0,100.0,5.882353
4177.0,20.0,20.0,8.0,100.0,5.882353
4178.0,40.0,20.0,8.0,100.0,6.6666665
4179.0,49.0,20.0,8.0,100.0,4.7619047
4180.0,0.0,20.0,8.0,100.0,20.0
4181.0,0.5,20.0,8.0,100.0,33.333332
4182.0,1.0,20.0,8.0,100.0,25.0
4183.0,2.0,20.0,8.0,100.0,100.0
4184.0,3.0,20.0,8.0,100.0,7.142857
4185.0,5.0,20.0,8.0,100.0,9.090909
4186.0,10.0,20.0,8.0,100.0,4.7619047
4187.0,20.0,20.0,8.0,100.0,5.263158
4188.0,40.0,20.0,8.0,100.0,7.6923075
4189.0,49.0,20.0,8.0,100.0,5.882353
4190.0,0.0,20.0,8.0,100.0,100.0
4191.0,0.5,20.0,8.0,100.0,33.333332
4192.0,1.0,20.0,8.0,100.0,100.0
4193.0,2.0,20.0,8.0,100.0,33.333332
4194.0,3.0,20.0,8.0,100.0,16.666666
4195.0,5.0,20.0,8.0,100.0,6.6666665
4196.0,10.0,20.0,8.0,100.0,4.347826
4197.0,20.0,20.0,8.0,100.0,6.6666665
4198.0,40.0,20.0,8.0,100.0,6.6666665
4199.0,49.0,20.0,8.0,100.0,4.7619047
4200.0,0.0,20.0,8.0,100.0,100.0
4201.0,0.5,20.0,8.0,100.0,100.0
4202.0,1.0,20.0,8.0,100.0,33.333332
4203.0,2.0,20.0,8.0,100.0,25.0
4204.0,3.0,20.0,8.0,100.0,100.0
4205.0,5.0,20.0,8.0,100.0,9.090909
4206.0,10.0,20.0,8.0,100.0,7.142857
4207.0,20.0,20.0,8.0,100.0,5.263158
4208.0,40.0,20.0,8.0,100.0,7.6923075
4209.0,49.0,20.0,8.0,100.0,5.263158
4210.0,0.0,20.0,8.0,100.0,100.0
4211.0,0.5,20.0,8.0,100.0,100.0
4212.0,1.0,20.0,8.0,100.0,100.0
4213.0,2.0,20.0,8.0,100.0,7.142857
4214.0,3.0,20.0,8.0,100.0,11.111111
4215.0,5.0,20.0,8.0,100.0,10.0
4216.0,10.0,20.0,8.0,100.0,4.347826
4217.0,20.0,20.0,8.0,100.0,4.347826
4218.0,40.0,20.0,8.0,100.0,4.347826
4219.0,49.0,20.0,8.0,100.0,5.882353
4220.0,0.0,20.0,8.0,100.0,33.333332
4221.0,0.5,20.0,8.0,100.0,100.0
4222.0,1.0,20.0,8.0,100.0,33.333332
4223.0,2.0,20.0,8.0,100.0,20.0
4224.0,3.0,20.0,8.0,100.0,50.0
4225.0,5.0,20.0,8.0,100.0,8.333333
4226.0,10.0,20.0,8.0,100.0,14.285714
4227.0,20.0,20.0,8.0,100.0,4.0
4228.0,40.0,20.0,8.0,100.0,5.263158
4229.0,49.0,20.0,8.0,100.0,5.882353
4230.0,0.0,20.0,8.0,100.0,100.0
4231.0,0.5,20.0,8.0,100.0,5.5555553
4232.0,1.0,20.0,8.0,100.0,100.0
4233.0,2.0,20.0,8.0,100.0,33.333332
4234.0,3.0,20.0,8.0,100.0,14.285714
4235.0,5.0,20.0,8.0,100.0,20.0
4236.0,10.0,20.0,8.0,100.0,5.263158
4237.0,20.0,20.0,8.0,100.0,5.263158
4238.0,40.0,20.0,8.0,100.0,5.263158
4239.0,49.0,20.0,8.0,100.0,4.7619047
4240.0,0.0,20.0,8.0,100.0,100.0
4241.0,0.5,20.0,8.0,100.0,33.333332
4242.0,1.0,20.0,8.0,100.0,20.0
4243.0,2.0,20.0,8.0,100.0,20.0
4244.0,3.0,20.0,8.0,100.0,11.111111
4245.0,5.0,20.0,8.0,100.0,9.090909
4246.0,10.0,20.0,8.0,100.0,6.6666665
4247.0,20.0,20.0,8.0,100.0,4.347826
4248.0,40.0,20.0,8.0,100.0,4.7619047
4249.0,49.0,20.0,8.0,100.0,4.347826
4250.0,0.0,20.0,8.0,100.0,100.0
4251.0,0.5,20.0,8.0,100.0,100.0
4252.0,1.0,20.0,8.0,100.0,33.333332
4253.0,2.0,20.0,8.0,100.0,33.333332
4254.0,3.0,20.0,8.0,100.0,33.333332
4255.0,5.0,20.0,8.0,100.0,7.142857
4256.0,10.0,20.0,8.0,100.0,7.6923075
4257.0,20.0,20.0,8.0,100.0,5.263158
4258.0,40.0,20.0,8.0,100.0,5.263158
4259.0,49.0,20.0,8.0,100.0,5.882353
4260.0,0.0,20.0,8.0,100.0,100.0
4261.0,0.5,20.0,8.0,100.0,33.333332
4262.0,1.0,20.0,8.0,100.0,20.0
4263.0,2.0,20.0,8.0,100.0,33.333332
4264.0,3.0,20.0,8.0,100.0,14.285714
4265.0,5.0,20.0,8.0,100.0,20.0
4266.0,10.0,20.0,8.0,100.0,5.263158
4267.0,20.0,20.0,8.0,100.0,4.5454545
4268.0,40.0,20.0,8.0,100.0,4.7619047
4269.0,49.0,20.0,8.0,100.0,5.882353
4270.0,0.0,20.0,8.0,100.0,100.0
4271.0,0.5,20.0,8.0,100.0,33.333332
4272.0,1.0,20.0,8.0,100.0,25.0
4273.0,2.0,20.0,8.0,100.0,33.333332
4274.0,3.0,20.0,8.0,100.0,33.333332
4275.0,5.0,20.0,8.0,100.0,14.285714
4276.0,10.0,20.0,8.0,100.0,7.142857
4277.0,20.0,20.0,8.0,100.0,4.0
4278.0,40.0,20.0,8.0,100.0,4.7619047
4279.0,49.0,20.0,8.0,100.0,4.7619047
4280.0,0.0,20.0,8.0,100.0,100.0
4281.0,0.5,20.0,8.0,100.0,100.0
4282.0,1.0,20.0,8.0,100.0,100.0
4283.0,2.0,20.0,8.0,100.0,33.333332
4284.0,3.0,20.0,8.0,100.0,50.0
4285.0,5.0,20.0,8.0,100.0,16.666666
4286.0,10.0,20.0,8.0,100.0,14.285714
4287.0,20.0,20.0,8.0,100.0,4.7619047
4288.0,40.0,20.0,8.0,100.0,5.263158
4289.0,49.0,20.0,8.0,100.0,5.263158
4290.0,0.0,20.0,8.0,100.0,100.0
4291.0,0.5,20.0,8.0,100.0,33.333332
4292.0,1.0,20.0,8.0,100.0,33.333332
4293.0,2.0,20.0,8.0,100.0,25.0
4294.0,3.0,20.0,8.0,100.0,5.882353
4295.0,5.0,20.0,8.0,100.0,6.25
4296.0,10.0,20.0,8.0,100.0,6.6666665
4297.0,20.0,20.0,8.0,100.0,5.263158
4298.0,40.0,20.0,8.0,100.0,4.347826
4299.0,49.0,20.0,8.0,100.0,4.7619047
4300.0,0.0,20.0,8.0,100.0,100.0
4301.0,0.5,20.0,8.0,100.0,5.0
4302.0,1.0,20.0,8.0,100.0,33.333332
4303.0,2.0,20.0,8.0,100.0,33.333332
4304.0,3.0,20.0,8.0,100.0,25.0
4305.0,5.0,20.0,8.0,100.0,20.0
4306.0,10.0,20.0,8.0,100.0,5.263158
4307.0,20.0,20.0,8.0,100.0,5.263158
4308.0,40.0,20.0,8.0,100.0,4.7619047
4309.0,49.0,20.0,8.0,100.0,6.6666665
4310.0,0.0,20.0,8.0,100.0,100.0
4311.0,0.5,20.0,8.0,100.0,25.0
4312.0,1.0,20.0,8.0,100.0,33.333332
4313.0,2.0,20.0,8.0,100.0,25.0
4314.0,3.0,20.0,8.0,100.0,16.666666
4315.0,5.0,20.0,8.0,100.0,9.090909
4316.0,10.0,20.0,8.0,100.0,5.5555553
4317.0,20.0,20.0,8.0,100.0,5.263158
4318.0,40.0,20.0,8.0,100.0,6.6666665
4319.0,49.0,20.0,8.0,100.0,5.263158
4320.0,0.0,20.0,8.0,100.0,100.0
4321.0,0.5,20.0,8.0,100.0,50.0
4322.0,1.0,20.0,8.0,100.0,50.0
4323.0,2.0,20.0,8.0,100.0,33.333332
4324.0,3.0,20.0,8.0,100.0,33.333332
4325.0,5.0,20.0,8.0,100.0,14.285714
4326.0,10.0,20.0,8.0,100.0,12.5
4327.0,20.0,20.0,8.0,100.0,5.882353
4328.0,40.0,20.0,8.0,100.0,5.882353
4329.0,49.0,20.0,8.0,100.0,5.882353
4330.0,0.0,20.0,8.0,100.0,100.0
4331.0,0.5,20.0,8.0,100.0,100.0
4332.0,1.0,20.0,8.0,100.0,100.0
4333.0,2.0,20.0,8.0,100.0,14.285714
4334.0,3.0,20.0,8.0,100.0,20.0
4335.0,5.0,20.0,8.0,100.0,11.111111
4336.0,10.0,20.0,8.0,100.0,5.263158
4337.0,20.0,20.0,8.0,100.0,4.7619047
4338.0,40.0,20.0,8.0,100.0,4.347826
4339.0,49.0,20.0,8.0,100.0,4.7619047
4340.0,0.0,20.0,8.0,100.0,100.0
4341.0,0.5,20.0,8.0,100.0,100.0
4342.0,1.0,20.0,8.0,100.0,33.333332
4343.0,2.0,20.0,8.0,100.0,11.111111
4344.0,3.0,20.0,8.0,100.0,25.0
4345.0,5.0,20.0,8.0,100.0,16.666666
4346.0,10.0,20.0,8.0,100.0,4.7619047
4347.0,20.0,20.0,8.0,100.0,4.347826
4348.0,40.0,20.0,8.0,100.0,5.882353
4349.0,49.0,20.0,8.0,100.0,4.7619047
4350.0,0.0,20.0,8.0,100.0,100.0
4351.0,0.5,20.0,8.0,100.0,33.333332
4352.0,1.0,20.0,8.0,100.0,33.333332
4353.0,2.0,20.0,8.0,100.0,33.333332
4354.0,3.0,20.0,8.0,100.0,14.285714
4355.0,5.0,20.0,8.0,100.0,16.666666
4356.0,10.0,20.0,8.0,100.0,6.6666665
4357.0,20.0,20.0,8.0,100.0,5.882353
4358.0,40.0,20.0,8.0,100.0,5.882353
4359.0,49.0,20.0,8.0,100.0,5.263158
4360.0,0.0,20.0,8.0,100.0,100.0
4361.0,0.5,20.0,8.0,100.0,100.0
4362.0,1.0,20.0,8.0,100.0,33.333332
4363.0,2.0,20.0,8.0,100.0,25.0
4364.0,3.0,20.0,8.0,100.0,9.090909
4365.0,5.0,20.0,8.0,100.0,5.5555553
4366.0,10.0,20.0,8.0,100.0,7.6923075
4367.0,20.0,20.0,8.0,100.0,4.7619047
4368.0,40.0,20.0,8.0,100.0,7.6923075
4369.0,49.0,20.0,8.0,100.0,4.7619047
4370.0,0.0,20.0,8.0,100.0,100.0
4371.0,0.5,20.0,8.0,100.0,100.0
4372.0,1.0,20.0,8.0,100.0,10.0
4373.0,2.0,20.0,8.0,100.0,20.0
4374.0,3.0,20.0,8.0,100.0,25.0
4375.0,5.0,20.0,8.0,100.0,10.0
4376.0,10.0,20.0,8.0,100.0,5.263158
4377.0,20.0,20.0,8.0,100.0,7.6923075
4378.0,40.0,20.0,8.0,100.0,5.263158
4379.0,49.0,20.0,8.0,100.0,5.263158
4380.0,0.0,20.0,8.0,100.0,100.0
4381.0,0.5,20.0,8.0,100.0,100.0
4382.0,1.0,20.0,8.0,100.0,100.0
4383.0,2.0,20.0,8.0,100.0,33.333332
4384.0,3.0,20.0,8.0,100.0,16.666666
4385.0,5.0,20.0,8.0,100.0,25.0
4386.0,10.0,20.0,8.0,100.0,4.347826
4387.0,20.0,20.0,8.0,100.0,4.347826
4388.0,40.0,20.0,8.0,100.0,7.6923075
4389.0,49.0,20.0,8.0,100.0,5.882353
4390.0,0.0,20.0,8.0,100.0,100.0
4391.0,0.5,20.0,8.0,100.0,33.333332
4392.0,1.0,20.0,8.0,100.0,33.333332
4393.0,2.0,20.0,8.0,100.0,12.5
4394.0,3.0,20.0,8.0,100.0,9.090909
4395.0,5.0,20.0,8.0,100.0,10.0
4396.0,10.0,20.0,8.0,100.0,4.7619047
4397.0,20.0,20.0,8.0,100.0,5.0
4398.0,40.0,20.0,8.0,100.0,4.7619047
4399.0,49.0,20.0,8.0,100.0,4.7619047
4400.0,0.0,20.0,8.0,100.0,100.0
4401.0,0.5,20.0,8.0,100.0,100.0
4402.0,1.0,20.0,8.0,100.0,33.333332
4403.0,2.0,20.0,8.0,100.0,8.333333
4404.0,3.0,20.0,8.0,100.0,9.090909
4405.0,5.0,20.0,8.0,100.0,11.111111
4406.0,10.0,20.0,8.0,100.0,7.6923075
4407.0,20.0,20.0,8.0,100.0,6.6666665
4408.0,40.0,20.0,8.0,100.0,5.263158
4409.0,49.0,20.0,8.0,100.0,4.347826
4410.0,0.0,20.0,8.0,100.0,100.0
4411.0,0.5,20.0,8.0,100.0,33.333332
4412.0,1.0,20.0,8.0,100.0,33.333332
4413.0,2.0,20.0,8.0,100.0,25.0
4414.0,3.0,20.0,8.0,100.0,33.333332
4415.0,5.0,20.0,8.0,100.0,7.142857
4416.0,10.0,20.0,8.0,100.0,4.7619047
4417.0,20.0,20.0,8.0,100.0,5.5555553
4418.0,40.0,20.0,8.0,100.0,5.263158
4419.0,49.0,20.0,8.0,100.0,4.347826
4420.0,0.0,20.0,8.0,100.0,100.0
4421.0,0.5,20.0,8.0,100.0,100.0
4422.0,1.0,20.0,8.0,100.0,33.333332
4423.0,2.0,20.0,8.0,100.0,14.285714
4424.0,3.0,20.0,8.0,100.0,5.882353
4425.0,5.0,20.0,8.0,100.0,33.333332
4426.0,10.0,20.0,8.0,100.0,12.5
4427.0,20.0,20.0,8.0,100.0,4.7619047
4428.0,40.0,20.0,8.0,100.0,4.0
4429.0,49.0,20.0,8.0,100.0,4.7619047
4430.0,0.0,20.0,8.0,100.0,100.0
4431.0,0.5,20.0,8.0,100.0,33.333332
4432.0,1.0,20.0,8.0,100.0,25.0
4433.0,2.0,20.0,8.0,100.0,25.0
4434.0,3.0,20.0,8.0,100.0,25.0
4435.0,5.0,20.0,8.0,100.0,11.111111
4436.0,10.0,20.0,8.0,100.0,10.0
4437.0,20.0,20.0,8.0,100.0,5.0
4438.0,40.0,20.0,8.0,100.0,6.6666665
4439.0,49.0,20.0,8.0,100.0,6.6666665
4440.0,0.0,20.0,8.0,100.0,100.0
4441.0,0.5,20.0,8.0,100.0,14.285714
4442.0,1.0,20.0,8.0,100.0,33.333332
4443.0,2.0,20.0,8.0,100.0,25.0
4444.0,3.0,20.0,8.0,100.0,20.0
4445.0,5.0,20.0,8.0,100.0,14.285714
4446.0,10.0,20.0,8.0,100.0,9.090909
4447.0,20.0,20.0,8.0,100.0,5.263158
4448.0,40.0,20.0,8.0,100.0,7.6923075
4449.0,49.0,20.0,8.0,100.0,5.263158
4450.0,0.0,20.0,8.0,100.0,100.0
4451.0,0.5,20.0,8.0,100.0,100.0
4452.0,1.0,20.0,8.0,100.0,100.0
4453.0,2.0,20.0,8.0,100.0,33.333332
4454.0,3.0,20.0,8.0,100.0,12.5
4455.0,5.0,20.0,8.0,100.0,33.333332
4456.0,10.0,20.0,8.0,100.0,7.6923075
4457.0,20.0,20.0,8.0,100.0,4.5454545
4458.0,40.0,20.0,8.0,100.0,4.347826
4459.0,49.0,20.0,8.0,100.0,6.6666665
4460.0,0.0,20.0,8.0,100.0,100.0
4461.0,0.5,20.0,8.0,100.0,33.333332
4462.0,1.0,20.0,8.0,100.0,33.333332
4463.0,2.0,20.0,8.0,100.0,11.111111
4464.0,3.0,20.0,8.0,100.0,11.111111
4465.0,5.0,20.0,8.0,100.0,9.090909
4466.0,10.0,20.0,8.0,100.0,7.6923075
4467.0,20.0,20.0,8.0,100.0,4.7619047
4468.0,40.0,20.0,8.0,100.0,4.7619047
4469.0,49.0,20.0,8.0,100.0,7.6923075
4470.0,0.0,20.0,8.0,100.0,100.0
4471.0,0.5,20.0,8.0,100.0,20.0
4472.0,1.0,20.0,8.0,100.0,25.0
4473.0,2.0,20.0,8.0,100.0,11.111111
4474.0,3.0,20.0,8.0,100.0,6.6666665
4475.0,5.0,20.0,8.0,100.0,4.7619047
4476.0,10.0,20.0,8.0,100.0,4.7619047
4477.0,20.0,20.0,8.0,100.0,5.882353
4478.0,40.0,20.0,8.0,100.0,4.7619047
4479.0,49.0,20.0,8.0,100.0,5.263158
4480.0,0.0,20.0,8.0,100.0,100.0
4481.0,0.5,20.0,8.0,100.0,9.090909
4482.0,1.0,20.0,8.0,100.0,100.0
4483.0,2.0,20.0,8.0,100.0,33.333332
4484.0,3.0,20.0,8.0,100.0,9.090909
4485.0,5.0,20.0,8.0,100.0,4.7619047
4486.0,10.0,20.0,8.0,100.0,8.333333
4487.0,20.0,20.0,8.0,100.0,6.6666665
4488.0,40.0,20.0,8.0,100.0,5.882353
4489.0,49.0,20.0,8.0,100.0,6.6666665
4490.0,0.0,20.0,8.0,100.0,100.0
4491.0,0.5,20.0,8.0,100.0,100.0
4492.0,1.0,20.0,8.0,100.0,33.333332
4493.0,2.0,20.0,8.0,100.0,9.090909
4494.0,3.0,20.0,8.0,100.0,50.0
4495.0,5.0,20.0,8.0,100.0,20.0
4496.0,10.0,20.0,8.0,100.0,11.111111
4497.0,20.0,20.0,8.0,100.0,4.347826
4498.0,40.0,20.0,8.0,100.0,7.6923075
4499.0,49.0,20.0,8.0,100.0,6.6666665
4500.0,0.0,20.0,9.0,100.0,100.0
4501.0,0.5,20.0,9.0,100.0,5.882353
4502.0,1.0,20.0,9.0,100.0,33.333332
4503.0,2.0,20.0,9.0,100.0,14.285714
4504.0,3.0,20.0,9.0,100.0,20.0
4505.0,5.0,20.0,9.0,100.0,20.0
4506.0,10.0,20.0,9.0,100.0,6.6666665
4507.0,20.0,20.0,9.0,100.0,4.0
4508.0,40.0,20.0,9.0,100.0,4.0
4509.0,49.0,20.0,9.0,100.0,5.263158
4510.0,0.0,20.0,9.0,100.0,100.0
4511.0,0.5,20.0,9.0,100.0,33.333332
4512.0,1.0,20.0,9.0,100.0,33.333332
4513.0,2.0,20.0,9.0,100.0,33.333332
4514.0,3.0,20.0,9.0,100.0,20.0
4515.0,5.0,20.0,9.0,100.0,6.6666665
4516.0,10.0,20.0,9.0,100.0,5.263158
4517.0,20.0,20.0,9.0,100.0,6.6666665
4518.0,40.0,20.0,9.0,100.0,4.7619047
4519.0,49.0,20.0,9.0,100.0,4.347826
4520.0,0.0,20.0,9.0,100.0,100.0
4521.0,0.5,20.0,9.0,100.0,7.6923075
4522.0,1.0,20.0,9.0,100.0,100.0
4523.0,2.0,20.0,9.0,100.0,5.263158
4524.0,3.0,20.0,9.0,100.0,14.285714
4525.0,5.0,20.0,9.0,100.0,16.666666
4526.0,10.0,20.0,9.0,100.0,4.7619047
4527.0,20.0,20.0,9.0,100.0,6.6666665
4528.0,40.0,20.0,9.0,100.0,5.882353
4529.0,49.0,20.0,9.0,100.0,11.111111
4530.0,0.0,20.0,9.0,100.0,100.0
4531.0,0.5,20.0,9.0,100.0,33.333332
4532.0,1.0,20.0,9.0,100.0,33.333332
4533.0,2.0,20.0,9.0,100.0,33.333332
4534.0,3.0,20.0,9.0,100.0,5.882353
4535.0,5.0,20.0,9.0,100.0,33.333332
4536.0,10.0,20.0,9.0,100.0,5.882353
4537.0,20.0,20.0,9.0,100.0,4.7619047
4538.0,40.0,20.0,9.0,100.0,7.6923075
4539.0,49.0,20.0,9.0,100.0,5.882353
4540.0,0.0,20.0,9.0,100.0,100.0
4541.0,0.5,20.0,9.0,100.0,100.0
4542.0,1.0,20.0,9.0,100.0,33.333332
4543.0,2.0,20.0,9.0,100.0,5.5555553
4544.0,3.0,20.0,9.0,100.0,33.333332
4545.0,5.0,20.0,9.0,100.0,4.7619047
4546.0,10.0,20.0,9.0,100.0,5.5555553
4547.0,20.0,20.0,9.0,100.0,4.1666665
4548.0,40.0,20.0,9.0,100.0,4.7619047
4549.0,49.0,20.0,9.0,100.0,6.6666665
4550.0,0.0,20.0,9.0,100.0,100.0
4551.0,0.5,20.0,9.0,100.0,33.333332
4552.0,1.0,20.0,9.0,100.0,33.333332
4553.0,2.0,20.0,9.0,100.0,16.666666
4554.0,3.0,20.0,9.0,100.0,14.285714
4555.0,5.0,20.0,9.0,100.0,16.666666
4556.0,10.0,20.0,9.0,100.0,7.6923075
4557.0,20.0,20.0,9.0,100.0,5.263158
4558.0,40.0,20.0,9.0,100.0,5.5555553
4559.0,49.0,20.0,9.0,100.0,5.263158
4560.0,0.0,20.0,9.0,100.0,100.0
4561.0,0.5,20.0,9.0,100.0,33.333332
4562.0,1.0,20.0,9.0,100.0,33.333332
4563.0,2.0,20.0,9.0,100.0,33.333332
4564.0,3.0,20.0,9.0,100.0,33.333332
4565.0,5.0,20.0,9.0,100.0,6.6666665
4566.0,10.0,20.0,9.0,100.0,5.882353
4567.0,20.0,20.0,9.0,100.0,9.090909
4568.0,40.0,20.0,9.0,100.0,4.7619047
4569.0,49.0,20.0,9.0,100.0,4.7619047
4570.0,0.0,20.0,9.0,100.0,100.0
4571.0,0.5,20.0,9.0,100.0,20.0
4572.0,1.0,20.0,9.0,100.0,9.090909
4573.0,2.0,20.0,9.0,100.0,9.090909
4574.0,3.0,20.0,9.0,100.0,20.0
4575.0,5.0,20.0,9.0,100.0,7.6923075
4576.0,10.0,20.0,9.0,100.0,7.6923075
4577.0,20.0,20.0,9.0,100.0,4.7619047
4578.0,40.0,20.0,9.0,100.0,4.347826
4579.0,49.0,20.0,9.0,100.0,6.25
4580.0,0.0,20.0,9.0,100.0,100.0
4581.0,0.5,20.0,9.0,100.0,33.333332
4582.0,1.0,20.0,9.0,100.0,33.333332
4583.0,2.0,20.0,9.0,100.0,14.285714
4584.0,3.0,20.0,9.0,100.0,14.285714
4585.0,5.0,20.0,9.0,100.0,7.142857
4586.0,10.0,20.0,9.0,100.0,5.5555553
4587.0,20.0,20.0,9.0,100.0,4.347826
4588.0,40.0,20.0,9.0,100.0,4.7619047
4589.0,49.0,20.0,9.0,100.0,4.347826
4590.0,0.0,20.0,9.0,100.0,100.0
4591.0,0.5,20.0,9.0,100.0,100.0
4592.0,1.0,20.0,9.0,100.0,100.0
4593.0,2.0,20.0,9.0,100.0,16.666666
4594.0,3.0,20.0,9.0,100.0,10.0
4595.0,5.0,20.0,9.0,100.0,11.111111
4596.0,10.0,20.0,9.0,100.0,8.333333
4597.0,20.0,20.0,9.0,100.0,5.263158
4598.0,40.0,20.0,9.0,100.0,5.882353
4599.0,49.0,20.0,9.0,100.0,6.6666665
4600.0,0.0,20.0,9.0,100.0,100.0
4601.0,0.5,20.0,9.0,100.0,100.0
4602.0,1.0,20.0,9.0,100.0,33.333332
4603.0,2.0,20.0,9.0,100.0,25.0
4604.0,3.0,20.0,9.0,100.0,20.0
4605.0,5.0,20.0,9.0,100.0,5.0
4606.0,10.0,20.0,9.0,100.0,4.0
4607.0,20.0,20.0,9.0,100.0,4.347826
4608.0,40.0,20.0,9.0,100.0,5.263158
4609.0,49.0,20.0,9.0,100.0,5.882353
4610.0,0.0,20.0,9.0,100.0,100.0
4611.0,0.5,20.0,9.0,100.0,33.333332
4612.0,1.0,20.0,9.0,100.0,33.333332
4613.0,2.0,20.0,9.0,100.0,14.285714
4614.0,3.0,20.0,9.0,100.0,10.0
4615.0,5.0,20.0,9.0,100.0,8.333333
4616.0,10.0,20.0,9.0,100.0,4.7619047
4617.0,20.0,20.0,9.0,100.0,5.882353
4618.0,40.0,20.0,9.0,100.0,5.263158
4619.0,49.0,20.0,9.0,100.0,9.090909
4620.0,0.0,20.0,9.0,100.0,100.0
4621.0,0.5,20.0,9.0,100.0,50.0
4622.0,1.0,20.0,9.0,100.0,100.0
4623.0,2.0,20.0,9.0,100.0,20.0
4624.0,3.0,20.0,9.0,100.0,5.882353
4625.0,5.0,20.0,9.0,100.0,8.333333
4626.0,10.0,20.0,9.0,100.0,5.0
4627.0,20.0,20.0,9.0,100.0,3.4482758
4628.0,40.0,20.0,9.0,100.0,4.7619047
4629.0,49.0,20.0,9.0,100.0,5.263158
4630.0,0.0,20.0,9.0,100.0,100.0
4631.0,0.5,20.0,9.0,100.0,11.111111
4632.0,1.0,20.0,9.0,100.0,33.333332
4633.0,2.0,20.0,9.0,100.0,5.5555553
4634.0,3.0,20.0,9.0,100.0,20.0
4635.0,5.0,20.0,9.0,100.0,25.0
4636.0,10.0,20.0,9.0,100.0,5.263158
4637.0,20.0,20.0,9.0,100.0,4.7619047
4638.0,40.0,20.0,9.0,100.0,4.7619047
4639.0,49.0,20.0,9.0,100.0,4.7619047
4640.0,0.0,20.0,9.0,100.0,100.0
4641.0,0.5,20.0,9.0,100.0,33.333332
4642.0,1.0,20.0,9.0,100.0,100.0
4643.0,2.0,20.0,9.0,100.0,12.5
4644.0,3.0,20.0,9.0,100.0,12.5
4645.0,5.0,20.0,9.0,100.0,5.882353
4646.0,10.0,20.0,9.0,100.0,10.0
4647.0,20.0,20.0,9.0,100.0,5.263158
4648.0,40.0,20.0,9.0,100.0,5.263158
4649.0,49.0,20.0,9.0,100.0,4.347826
4650.0,0.0,20.0,9.0,100.0,100.0
4651.0,0.5,20.0,9.0,100.0,33.333332
4652.0,1.0,20.0,9.0,100.0,33.333332
4653.0,2.0,20.0,9.0,100.0,6.6666665
4654.0,3.0,20.0,9.0,100.0,33.333332
4655.0,5.0,20.0,9.0,100.0,10.0
4656.0,10.0,20.0,9.0,100.0,7.6923075
4657.0,20.0,20.0,9.0,100.0,4.7619047
4658.0,40.0,20.0,9.0,100.0,7.6923075
4659.0,49.0,20.0,9.0,100.0,5.263158
4660.0,0.0,20.0,9.0,100.0,100.0
4661.0,0.5,20.0,9.0,100.0,100.0
4662.0,1.0,20.0,9.0,100.0,33.333332
4663.0,2.0,20.0,9.0,100.0,33.333332
4664.0,3.0,20.0,9.0,100.0,33.333332
4665.0,5.0,20.0,9.0,100.0,11.111111
4666.0,10.0,20.0,9.0,100.0,5.5555553
4667.0,20.0,20.0,9.0,100.0,5.882353
4668.0,40.0,20.0,9.0,100.0,4.7619047
4669.0,49.0,20.0,9.0,100.0,11.111111
4670.0,0.0,20.0,9.0,100.0,100.0
4671.0,0.5,20.0,9.0,100.0,33.333332
4672.0,1.0,20.0,9.0,100.0,7.142857
4673.0,2.0,20.0,9.0,100.0,16.666666
4674.0,3.0,20.0,9.0,100.0,20.0
4675.0,5.0,20.0,9.0,100.0,20.0
4676.0,10.0,20.0,9.0,100.0,33.333332
4677.0,20.0,20.0,9.0,100.0,6.6666665
4678.0,40.0,20.0,9.0,100.0,5.263158
4679.0,49.0,20.0,9.0,100.0,4.7619047
4680.0,0.0,20.0,9.0,100.0,100.0
4681.0,0.5,20.0,9.0,100.0,50.0
4682.0,1.0,20.0,9.0,100.0,16.666666
4683.0,2.0,20.0,9.0,100.0,9.090909
4684.0,3.0,20.0,9.0,100.0,12.5
4685.0,5.0,20.0,9.0,100.0,10.0
4686.0,10.0,20.0,9.0,100.0,5.263158
4687.0,20.0,20.0,9.0,100.0,5.882353
4688.0,40.0,20.0,9.0,100.0,5.882353
4689.0,49.0,20.0,9.0,100.0,6.6666665
4690.0,0.0,20.0,9.0,100.0,100.0
4691.0,0.5,20.0,9.0,100.0,100.0
4692.0,1.0,20.0,9.0,100.0,100.0
4693.0,2.0,20.0,9.0,100.0,33.333332
4694.0,3.0,20.0,9.0,100.0,20.0
4695.0,5.0,20.0,9.0,100.0,7.6923075
4696.0,10.0,20.0,9.0,100.0,7.6923075
4697.0,20.0,20.0,9.0,100.0,4.5454545
4698.0,40.0,20.0,9.0,100.0,4.347826
4699.0,49.0,20.0,9.0,100.0,4.347826
4700.0,0.0,20.0,9.0,100.0,100.0
4701.0,0.5,20.0,9.0,100.0,12.5
4702.0,1.0,20.0,9.0,100.0,100.0
4703.0,2.0,20.0,9.0,100.0,25.0
4704.0,3.0,20.0,9.0,100.0,20.0
4705.0,5.0,20.0,9.0,100.0,10.0
4706.0,10.0,20.0,9.0,100.0,9.090909
4707.0,20.0,20.0,9.0,100.0,9.090909
4708.0,40.0,20.0,9.0,100.0,6.6666665
4709.0,49.0,20.0,9.0,100.0,5.882353
4710.0,0.0,20.0,9.0,100.0,100.0
4711.0,0.5,20.0,9.0,100.0,33.333332
4712.0,1.0,20.0,9.0,100.0,50.0
4713.0,2.0,20.0,9.0,100.0,33.333332
4714.0,3.0,20.0,9.0,100.0,11.111111
4715.0,5.0,20.0,9.0,100.0,14.285714
4716.0,10.0,20.0,9.0,100.0,6.6666665
4717.0,20.0,20.0,9.0,100.0,4.0
4718.0,40.0,20.0,9.0,100.0,4.347826
4719.0,49.0,20.0,9.0,100.0,5.882353
4720.0,0.0,20.0,9.0,100.0,100.0
4721.0,0.5,20.0,9.0,100.0,33.333332
4722.0,1.0,20.0,9.0,100.0,100.0
4723.0,2.0,20.0,9.0,100.0,14.285714
4724.0,3.0,20.0,9.0,100.0,12.5
4725.0,5.0,20.0,9.0,100.0,9.090909
4726.0,10.0,20.0,9.0,100.0,6.25
4727.0,20.0,20.0,9.0,100.0,4.347826
4728.0,40.0,20.0,9.0,100.0,5.263158
4729.0,49.0,20.0,9.0,100.0,5.882353
4730.0,0.0,20.0,9.0,100.0,100.0
4731.0,0.5,20.0,9.0,100.0,33.333332
4732.0,1.0,20.0,9.0,100.0,7.142857
4733.0,2.0,20.0,9.0,100.0,14.285714
4734.0,3.0,20.0,9.0,100.0,33.333332
4735.0,5.0,20.0,9.0,100.0,9.090909
4736.0,10.0,20.0,9.0,100.0,5.263158
4737.0,20.0,20.0,9.0,100.0,5.882353
4738.0,40.0,20.0,9.0,100.0,6.6666665
4739.0,49.0,20.0,9.0,100.0,5.263158
4740.0,0.0,20.0,9.0,100.0,100.0
4741.0,0.5,20.0,9.0,100.0,33.333332
4742.0,1.0,20.0,9.0,100.0,33.333332
4743.0,2.0,20.0,9.0,100.0,33.333332
4744.0,3.0,20.0,9.0,100.0,14.285714
4745.0,5.0,20.0,9.0,100.0,5.263158
4746.0,10.0,20.0,9.0,100.0,5.0
4747.0,20.0,20.0,9.0,100.0,4.5454545
4748.0,40.0,20.0,9.0,100.0,5.882353
4749.0,49.0,20.0,9.0,100.0,9.090909
4750.0,0.0,20.0,9.0,100.0,100.0
4751.0,0.5,20.0,9.0,100.0,33.333332
4752.0,1.0,20.0,9.0,100.0,100.0
4753.0,2.0,20.0,9.0,100.0,33.333332
4754.0,3.0,20.0,9.0,100.0,12.5
4755.0,5.0,20.0,9.0,100.0,25.0
4756.0,10.0,20.0,9.0,100.0,7.6923075
4757.0,20.0,20.0,9.0,100.0,4.0
4758.0,40.0,20.0,9.0,100.0,7.6923075
4759.0,49.0,20.0,9.0,100.0,7.6923075
4760.0,0.0,20.0,9.0,100.0,100.0
4761.0,0.5,20.0,9.0,100.0,11.111111
4762.0,1.0,20.0,9.0,100.0,6.25
4763.0,2.0,20.0,9.0,100.0,33.333332
4764.0,3.0,20.0,9.0,100.0,5.882353
4765.0,5.0,20.0,9.0,100.0,14.285714
4766.0,10.0,20.0,9.0,100.0,9.090909
4767.0,20.0,20.0,9.0,100.0,5.882353
4768.0,40.0,20.0,9.0,100.0,4.7619047
4769.0,49.0,20.0,9.0,100.0,9.090909
4770.0,0.0,20.0,9.0,100.0,11.111111
4771.0,0.5,20.0,9.0,100.0,100.0
4772.0,1.0,20.0,9.0,100.0,33.333332
4773.0,2.0,20.0,9.0,100.0,20.0
4774.0,3.0,20.0,9.0,100.0,7.6923075
4775.0,5.0,20.0,9.0,100.0,6.25
4776.0,10.0,20.0,9.0,100.0,6.6666665
4777.0,20.0,20.0,9.0,100.0,4.347826
4778.0,40.0,20.0,9.0,100.0,4.7619047
4779.0,49.0,20.0,9.0,100.0,4.347826
4780.0,0.0,20.0,9.0,100.0,100.0
4781.0,0.5,20.0,9.0,100.0,100.0
4782.0,1.0,20.0,9.0,100.0,33.333332
4783.0,2.0,20.0,9.0,100.0,25.0
4784.0,3.0,20.0,9.0,100.0,7.142857
4785.0,5.0,20.0,9.0,100.0,16.666666
4786.0,10.0,20.0,9.0,100.0,9.090909
4787.0,20.0,20.0,9.0,100.0,6.6666665
4788.0,40.0,20.0,9.0,100.0,4.7619047
4789.0,49.0,20.0,9.0,100.0,5.882353
4790.0,0.0,20.0,9.0,100.0,9.090909
4791.0,0.5,20.0,9.0,100.0,20.0
4792.0,1.0,20.0,9.0,100.0,33.333332
4793.0,2.0,20.0,9.0,100.0,20.0
4794.0,3.0,20.0,9.0,100.0,20.0
4795.0,5.0,20.0,9.0,100.0,7.6923075
4796.0,10.0,20.0,9.0,100.0,6.6666665
4797.0,20.0,20.0,9.0,100.0,4.1666665
4798.0,40.0,20.0,9.0,100.0,5.0
4799.0,49.0,20.0,9.0,100.0,5.263158
4800.0,0.0,20.0,9.0,100.0,100.0
4801.0,0.5,20.0,9.0,100.0,100.0
4802.0,1.0,20.0,9.0,100.0,33.333332
4803.0,2.0,20.0,9.0,100.0,33.333332
4804.0,3.0,20.0,9.0,100.0,20.0
4805.0,5.0,20.0,9.0,100.0,14.285714
4806.0,10.0,20.0,9.0,100.0,5.882353
4807.0,20.0,20.0,9.0,100.0,4.7619047
4808.0,40.0,20.0,9.0,100.0,5.882353
4809.0,49.0,20.0,9.0,100.0,11.111111
4810.0,0.0,20.0,9.0,100.0,100.0
4811.0,0.5,20.0,9.0,100.0,33.333332
4812.0,1.0,20.0,9.0,100.0,33.333332
4813.0,2.0,20.0,9.0,100.0,12.5
4814.0,3.0,20.0,9.0,100.0,16.666666
4815.0,5.0,20.0,9.0,100.0,14.285714
4816.0,10.0,20.0,9.0,100.0,7.142857
4817.0,20.0,20.0,9.0,100.0,4.347826
4818.0,40.0,20.0,9.0,100.0,4.347826
4819.0,49.0,20.0,9.0,100.0,6.6666665
4820.0,0.0,20.0,9.0,100.0,100.0
4821.0,0.5,20.0,9.0,100.0,100.0
4822.0,1.0,20.0,9.0,100.0,20.0
4823.0,2.0,20.0,9.0,100.0,20.0
4824.0,3.0,20.0,9.0,100.0,33.333332
4825.0,5.0,20.0,9.0,100.0,14.285714
4826.0,10.0,20.0,9.0,100.0,10.0
4827.0,20.0,20.0,9.0,100.0,5.263158
4828.0,40.0,20.0,9.0,100.0,5.263158
4829.0,49.0,20.0,9.0,100.0,5.882353
4830.0,0.0,20.0,9.0,100.0,100.0
4831.0,0.5,20.0,9.0,100.0,25.0
4832.0,1.0,20.0,9.0,100.0,20.0
4833.0,2.0,20.0,9.0,100.0,6.6666665
4834.0,3.0,20.0,9.0,100.0,14.285714
4835.0,5.0,20.0,9.0,100.0,14.285714
4836.0,10.0,20.0,9.0,100.0,7.142857
4837.0,20.0,20.0,9.0,100.0,7.6923075
4838.0,40.0,20.0,9.0,100.0,5.263158
4839.0,49.0,20.0,9.0,100.0,5.263158
4840.0,0.0,20.0,9.0,100.0,100.0
4841.0,0.5,20.0,9.0,100.0,100.0
4842.0,1.0,20.0,9.0,100.0,100.0
4843.0,2.0,20.0,9.0,100.0,100.0
4844.0,3.0,20.0,9.0,100.0,25.0
4845.0,5.0,20.0,9.0,100.0,5.882353
4846.0,10.0,20.0,9.0,100.0,10.0
4847.0,20.0,20.0,9.0,100.0,4.5454545
4848.0,40.0,20.0,9.0,100.0,14.285714
4849.0,49.0,20.0,9.0,100.0,9.090909
4850.0,0.0,20.0,9.0,100.0,100.0
4851.0,0.5,20.0,9.0,100.0,100.0
4852.0,1.0,20.0,9.0,100.0,33.333332
4853.0,2.0,20.0,9.0,100.0,25.0
4854.0,3.0,20.0,9.0,100.0,33.333332
4855.0,5.0,20.0,9.0,100.0,20.0
4856.0,10.0,20.0,9.0,100.0,5.882353
4857.0,20.0,20.0,9.0,100.0,4.347826
4858.0,40.0,20.0,9.0,100.0,4.0
4859.0,49.0,20.0,9.0,100.0,5.882353
4860.0,0.0,20.0,9.0,100.0,100.0
4861.0,0.5,20.0,9.0,100.0,33.333332
4862.0,1.0,20.0,9.0,100.0,100.0
4863.0,2.0,20.0,9.0,100.0,33.333332
4864.0,3.0,20.0,9.0,100.0,20.0
4865.0,5.0,20.0,9.0,100.0,5.263158
4866.0,10.0,20.0,9.0,100.0,4.7619047
4867.0,20.0,20.0,9.0,100.0,6.6666665
4868.0,40.0,20.0,9.0,100.0,7.6923075
4869.0,49.0,20.0,9.0,100.0,6.6666665
4870.0,0.0,20.0,9.0,100.0,100.0
4871.0,0.5,20.0,9.0,100.0,100.0
4872.0,1.0,20.0,9.0,100.0,33.333332
4873.0,2.0,20.0,9.0,100.0,5.263158
4874.0,3.0,20.0,9.0,100.0,9.090909
4875.0,5.0,20.0,9.0,100.0,4.5454545
4876.0,10.0,20.0,9.0,100.0,5.263158
4877.0,20.0,20.0,9.0,100.0,4.347826
4878.0,40.0,20.0,9.0,100.0,6.6666665
4879.0,49.0,20.0,9.0,100.0,6.6666665
4880.0,0.0,20.0,9.0,100.0,100.0
4881.0,0.5,20.0,9.0,100.0,100.0
4882.0,1.0,20.0,9.0,100.0,14.285714
4883.0,2.0,20.0,9.0,100.0,20.0
4884.0,3.0,20.0,9.0,100.0,25.0
4885.0,5.0,20.0,9.0,100.0,10.0
4886.0,10.0,20.0,9.0,100.0,11.111111
4887.0,20.0,20.0,9.0,100.0,5.882353
4888.0,40.0,20.0,9.0,100.0,4.7619047
4889.0,49.0,20.0,9.0,100.0,4.0
4890.0,0.0,20.0,9.0,100.0,100.0
4891.0,0.5,20.0,9.0,100.0,25.0
4892.0,1.0,20.0,9.0,100.0,33.333332
4893.0,2.0,20.0,9.0,100.0,33.333332
4894.0,3.0,20.0,9.0,100.0,11.111111
4895.0,5.0,20.0,9.0,100.0,5.882353
4896.0,10.0,20.0,9.0,100.0,9.090909
4897.0,20.0,20.0,9.0,100.0,4.7619047
4898.0,40.0,20.0,9.0,100.0,4.0
4899.0,49.0,20.0,9.0,100.0,6.6666665
4900.0,0.0,20.0,9.0,100.0,100.0
4901.0,0.5,20.0,9.0,100.0,100.0
4902.0,1.0,20.0,9.0,100.0,33.333332
4903.0,2.0,20.0,9.0,100.0,100.0
4904.0,3.0,20.0,9.0,100.0,5.263158
4905.0,5.0,20.0,9.0,100.0,12.5
4906.0,10.0,20.0,9.0,100.0,6.6666665
4907.0,20.0,20.0,9.0,100.0,5.882353
4908.0,40.0,20.0,9.0,100.0,5.263158
4909.0,49.0,20.0,9.0,100.0,20.0
4910.0,0.0,20.0,9.0,100.0,100.0
4911.0,0.5,20.0,9.0,100.0,33.333332
4912.0,1.0,20.0,9.0,100.0,33.333332
4913.0,2.0,20.0,9.0,100.0,11.111111
4914.0,3.0,20.0,9.0,100.0,12.5
4915.0,5.0,20.0,9.0,100.0,7.6923075
4916.0,10.0,20.0,9.0,100.0,5.263158
4917.0,20.0,20.0,9.0,100.0,5.263158
4918.0,40.0,20.0,9.0,100.0,4.347826
4919.0,49.0,20.0,9.0,100.0,4.347826
4920.0,0.0,20.0,9.0,100.0,100.0
4921.0,0.5,20.0,9.0,100.0,33.333332
4922.0,1.0,20.0,9.0,100.0,50.0
4923.0,2.0,20.0,9.0,100.0,33.333332
4924.0,3.0,20.0,9.0,100.0,33.333332
4925.0,5.0,20.0,9.0,100.0,9.090909
4926.0,10.0,20.0,9.0,100.0,7.6923075
4927.0,20.0,20.0,9.0,100.0,6.6666665
4928.0,40.0,20.0,9.0,100.0,4.7619047
4929.0,49.0,20.0,9.0,100.0,4.0
4930.0,0.0,20.0,9.0,100.0,11.111111
4931.0,0.5,20.0,9.0,100.0,11.111111
4932.0,1.0,20.0,9.0,100.0,100.0
4933.0,2.0,20.0,9.0,100.0,33.333332
4934.0,3.0,20.0,9.0,100.0,25.0
4935.0,5.0,20.0,9.0,100.0,14.285714
4936.0,10.0,20.0,9.0,100.0,5.263158
4937.0,20.0,20.0,9.0,100.0,4.347826
4938.0,40.0,20.0,9.0,100.0,11.111111
4939.0,49.0,20.0,9.0,100.0,5.882353
4940.0,0.0,20.0,9.0,100.0,100.0
4941.0,0.5,20.0,9.0,100.0,33.333332
4942.0,1.0,20.0,9.0,100.0,50.0
4943.0,2.0,20.0,9.0,100.0,100.0
4944.0,3.0,20.0,9.0,100.0,5.263158
4945.0,5.0,20.0,9.0,100.0,7.6923075
4946.0,10.0,20.0,9.0,100.0,7.6923075
4947.0,20.0,20.0,9.0,100.0,5.882353
4948.0,40.0,20.0,9.0,100.0,5.263158
4949.0,49.0,20.0,9.0,100.0,9.090909
4950.0,0.0,20.0,9.0,100.0,100.0
4951.0,0.5,20.0,9.0,100.0,100.0
4952.0,1.0,20.0,9.0,100.0,33.333332
4953.0,2.0,20.0,9.0,100.0,7.142857
4954.0,3.0,20.0,9.0,100.0,16.666666
4955.0,5.0,20.0,9.0,100.0,7.142857
4956.0,10.0,20.0,9.0,100.0,9.090909
4957.0,20.0,20.0,9.0,100.0,5.5555553
4958.0,40.0,20.0,9.0,100.0,4.7619047
4959.0,49.0,20.0,9.0,100.0,5.882353
4960.0,0.0,20.0,9.0,100.0,100.0
4961.0,0.5,20.0,9.0,100.0,100.0
4962.0,1.0,20.0,9.0,100.0,33.333332
4963.0,2.0,20.0,9.0,100.0,33.333332
4964.0,3.0,20.0,9.0,100.0,25.0
4965.0,5.0,20.0,9.0,100.0,25.0
4966.0,10.0,20.0,9.0,100.0,5.882353
4967.0,20.0,20.0,9.0,100.0,4.7619047
4968.0,40.0,20.0,9.0,100.0,7.6923075
4969.0,49.0,20.0,9.0,100.0,5.882353
4970.0,0.0,20.0,9.0,100.0,100.0
4971.0,0.5,20.0,9.0,100.0,33.333332
4972.0,1.0,20.0,9.0,100.0,9.090909
4973.0,2.0,20.0,9.0,100.0,12.5
4974.0,3.0,20.0,9.0,100.0,33.333332
4975.0,5.0,20.0,9.0,100.0,12.5
4976.0,10.0,20.0,9.0,100.0,5.882353
4977.0,20.0,20.0,9.0,100.0,5.263158
4978.0,40.0,20.0,9.0,100.0,7.6923075
4979.0,49.0,20.0,9.0,100.0,4.7619047
4980.0,0.0,20.0,9.0,100.0,100.0
4981.0,0.5,20.0,9.0,100.0,100.0
4982.0,1.0,20.0,9.0,100.0,100.0
4983.0,2.0,20.0,9.0,100.0,33.333332
4984.0,3.0,20.0,9.0,100.0,16.666666
4985.0,5.0,20.0,9.0,100.0,7.6923075
4986.0,10.0,20.0,9.0,100.0,6.6666665
4987.0,20.0,20.0,9.0,100.0,4.347826
4988.0,40.0,20.0,9.0,100.0,4.7619047
4989.0,49.0,20.0,9.0,100.0,4.7619047
4990.0,0.0,20.0,9.0,100.0,100.0
4991.0,0.5,20.0,9.0,100.0,100.0
4992.0,1.0,20.0,9.0,100.0,100.0
4993.0,2.0,20.0,9.0,100.0,25.0
4994.0,3.0,20.0,9.0,100.0,20.0
4995.0,5.0,20.0,9.0,100.0,9.090909
4996.0,10.0,20.0,9.0,100.0,6.6666665
4997.0,20.0,20.0,9.0,100.0,4.7619047
4998.0,40.0,20.0,9.0,100.0,5.263158
4999.0,49.0,20.0,9.0,100.0,8.333333
