Factor 1,Factor 2,Factor 3,Factor 4,Factor 5,Result 1
0.0,0.0,20.0,0.0,100.0,7.918919
1.0,0.5,20.0,0.0,100.0,8.105263
2.0,1.0,20.0,0.0,100.0,7.5585585
3.0,2.0,20.0,0.0,100.0,9.581197
4.0,3.0,20.0,0.0,100.0,9.330508
5.0,5.0,20.0,0.0,100.0,9.474576
6.0,10.0,20.0,0.0,100.0,16.475863
7.0,20.0,20.0,0.0,100.0,18.8503
8.0,40.0,20.0,0.0,100.0,25.611353
9.0,49.0,20.0,0.0,100.0,29.030054
10.0,0.0,20.0,0.0,100.0,7.6788993
11.0,0.5,20.0,0.0,100.0,7.675676
12.0,1.0,20.0,0.0,100.0,9.008696
13.0,2.0,20.0,0.0,100.0,9.771187
14.0,3.0,20.0,0.0,100.0,9.906779
15.0,5.0,20.0,0.0,100.0,10.512196
16.0,10.0,20.0,0.0,100.0,14.022556
17.0,20.0,20.0,0.0,100.0,17.787233
18.0,40.0,20.0,0.0,100.0,24.51699
19.0,49.0,20.0,0.0,100.0,33.157494
20.0,0.0,20.0,0.0,100.0,7.5945945
21.0,0.5,20.0,0.0,100.0,7.7719297
22.0,1.0,20.0,0.0,100.0,8.196428
23.0,2.0,20.0,0.0,100.0,9.067797
24.0,3.0,20.0,0.0,100.0,7.9099097
25.0,5.0,20.0,0.0,100.0,9.735043
26.0,10.0,20.0,0.0,100.0,14.162963
27.0,20.0,20.0,0.0,100.0,16.717949
28.0,40.0,20.0,0.0,100.0,22.610271
29.0,49.0,20.0,0.0,100.0,38.076653
30.0,0.0,20.0,0.0,100.0,7.642857
31.0,0.5,20.0,0.0,100.0,7.651786
32.0,1.0,20.0,0.0,100.0,8.530973
33.0,2.0,20.0,0.0,100.0,9.451327
34.0,3.0,20.0,0.0,100.0,8.321739
35.0,5.0,20.0,0.0,100.0,8.885965
36.0,10.0,20.0,0.0,100.0,16.108109
37.0,20.0,20.0,0.0,100.0,16.181818
38.0,40.0,20.0,0.0,100.0,22.210417
39.0,49.0,20.0,0.0,100.0,34.039425
40.0,0.0,20.0,0.0,100.0,7.36036
41.0,0.5,20.0,0.0,100.0,7.146789
42.0,1.0,20.0,0.0,100.0,6.972477
43.0,2.0,20.0,0.0,100.0,8.153153
44.0,3.0,20.0,0.0,100.0,7.517544
45.0,5.0,20.0,0.0,100.0,11.881356
46.0,10.0,20.0,0.0,100.0,14.829932
47.0,20.0,20.0,0.0,100.0,17.627329
48.0,40.0,20.0,0.0,100.0,22.02564
49.0,49.0,20.0,0.0,100.0,53.355587
50.0,0.0,20.0,0.0,100.0,7.747748
51.0,0.5,20.0,0.0,100.0,9.713115
52.0,1.0,20.0,0.0,100.0,7.36036
53.0,2.0,20.0,0.0,100.0,8.455358
54.0,3.0,20.0,0.0,100.0,8.342342
55.0,5.0,20.0,0.0,100.0,9.461538
56.0,10.0,20.0,0.0,100.0,12.8046875
57.0,20.0,20.0,0.0,100.0,17.296053
58.0,40.0,20.0,0.0,100.0,24.91081
59.0,49.0,20.0,0.0,100.0,26.135475
60.0,0.0,20.0,0.0,100.0,7.2612615
61.0,0.5,20.0,0.0,100.0,7.7043476
62.0,1.0,20.0,0.0,100.0,8.394737
63.0,2.0,20.0,0.0,100.0,9.252174
64.0,3.0,20.0,0.0,100.0,8.619469
65.0,5.0,20.0,0.0,100.0,11.211382
66.0,10.0,20.0,0.0,100.0,16.309353
67.0,20.0,20.0,0.0,100.0,20.201086
68.0,40.0,20.0,0.0,100.0,40.48077
69.0,49.0,20.0,0.0,100.0,30.502655
70.0,0.0,20.0,0.0,100.0,7.675676
71.0,0.5,20.0,0.0,100.0,7.776786
72.0,1.0,20.0,0.0,100.0,8.421053
73.0,2.0,20.0,0.0,100.0,7.885965
74.0,3.0,20.0,0.0,100.0,9.210084
75.0,5.0,20.0,0.0,100.0,9.906779
76.0,10.0,20.0,0.0,100.0,14.210145
77.0,20.0,20.0,0.0,100.0,19.524391
78.0,40.0,20.0,0.0,100.0,21.955414
79.0,49.0,20.0,0.0,100.0,66.077
80.0,0.0,20.0,0.0,100.0,7.7807016
81.0,0.5,20.0,0.0,100.0,7.892857
82.0,1.0,20.0,0.0,100.0,10.713115
83.0,2.0,20.0,0.0,100.0,11.041667
84.0,3.0,20.0,0.0,100.0,9.836206
85.0,5.0,20.0,0.0,100.0,13.569231
86.0,10.0,20.0,0.0,100.0,15.219858
87.0,20.0,20.0,0.0,100.0,15.972028
88.0,40.0,20.0,0.0,100.0,23.012793
89.0,49.0,20.0,0.0,100.0,33.357456
90.0,0.0,20.0,0.0,100.0,7.839286
91.0,0.5,20.0,0.0,100.0,8.175439
92.0,1.0,20.0,0.0,100.0,9.410256
93.0,2.0,20.0,0.0,100.0,9.188034
94.0,3.0,20.0,0.0,100.0,10.791667
95.0,5.0,20.0,0.0,100.0,11.459678
96.0,10.0,20.0,0.0,100.0,15.972028
97.0,20.0,20.0,0.0,100.0,19.092592
98.0,40.0,20.0,0.0,100.0,27.763159
99.0,49.0,20.0,0.0,100.0,36.739956
100.0,0.0,20.0,0.0,100.0,7.8672566
101.0,0.5,20.0,0.0,100.0,9.443479
102.0,1.0,20.0,0.0,100.0,9.333333
103.0,2.0,20.0,0.0,100.0,8.315789
104.0,3.0,20.0,0.0,100.0,7.6842103
105.0,5.0,20.0,0.0,100.0,10.229508
106.0,10.0,20.0,0.0,100.0,13.015625
107.0,20.0,20.0,0.0,100.0,20.141304
108.0,40.0,20.0,0.0,100.0,26.748478
109.0,49.0,20.0,0.0,100.0,26.862885
110.0,0.0,20.0,0.0,100.0,7.5545454
111.0,0.5,20.0,0.0,100.0,9.044642
112.0,1.0,20.0,0.0,100.0,8.408695
113.0,2.0,20.0,0.0,100.0,7.616071
114.0,3.0,20.0,0.0,100.0,8.652892
115.0,5.0,20.0,0.0,100.0,11.007751
116.0,10.0,20.0,0.0,100.0,13.280303
117.0,20.0,20.0,0.0,100.0,20.522842
118.0,40.0,20.0,0.0,100.0,24.071428
119.0,49.0,20.0,0.0,100.0,33.779716
120.0,0.0,20.0,0.0,100.0,7.891892
121.0,0.5,20.0,0.0,100.0,8.216216
122.0,1.0,20.0,0.0,100.0,7.0825686
123.0,2.0,20.0,0.0,100.0,9.754386
124.0,3.0,20.0,0.0,100.0,10.626017
125.0,5.0,20.0,0.0,100.0,9.639344
126.0,10.0,20.0,0.0,100.0,17.236486
127.0,20.0,20.0,0.0,100.0,17.836363
128.0,40.0,20.0,0.0,100.0,21.622871
129.0,49.0,20.0,0.0,100.0,31.385416
130.0,0.0,20.0,0.0,100.0,8.295652
131.0,0.5,20.0,0.0,100.0,7.63964
132.0,1.0,20.0,0.0,100.0,8.303572
133.0,2.0,20.0,0.0,100.0,7.3513513
134.0,3.0,20.0,0.0,100.0,9.273504
135.0,5.0,20.0,0.0,100.0,12.539682
136.0,10.0,20.0,0.0,100.0,16.927631
137.0,20.0,20.0,0.0,100.0,17.255434
138.0,40.0,20.0,0.0,100.0,22.897099
139.0,49.0,20.0,0.0,100.0,27.862238
140.0,0.0,20.0,0.0,100.0,7.5045047
141.0,0.5,20.0,0.0,100.0,7.3873873
142.0,1.0,20.0,0.0,100.0,7.3636365
143.0,2.0,20.0,0.0,100.0,8.315789
144.0,3.0,20.0,0.0,100.0,9.683333
145.0,5.0,20.0,0.0,100.0,13.02439
146.0,10.0,20.0,0.0,100.0,12.515873
147.0,20.0,20.0,0.0,100.0,15.0903225
148.0,40.0,20.0,0.0,100.0,22.339092
149.0,49.0,20.0,0.0,100.0,69.999435
150.0,0.0,20.0,0.0,100.0,7.3153152
151.0,0.5,20.0,0.0,100.0,7.1181817
152.0,1.0,20.0,0.0,100.0,10.393442
153.0,2.0,20.0,0.0,100.0,8.965218
154.0,3.0,20.0,0.0,100.0,8.230088
155.0,5.0,20.0,0.0,100.0,12.801527
156.0,10.0,20.0,0.0,100.0,12.294574
157.0,20.0,20.0,0.0,100.0,20.125605
158.0,40.0,20.0,0.0,100.0,22.063013
159.0,49.0,20.0,0.0,100.0,42.39768
160.0,0.0,20.0,0.0,100.0,7.8018017
161.0,0.5,20.0,0.0,100.0,7.4234233
162.0,1.0,20.0,0.0,100.0,7.36036
163.0,2.0,20.0,0.0,100.0,9.079646
164.0,3.0,20.0,0.0,100.0,8.0
165.0,5.0,20.0,0.0,100.0,9.589744
166.0,10.0,20.0,0.0,100.0,14.106383
167.0,20.0,20.0,0.0,100.0,18.34066
168.0,40.0,20.0,0.0,100.0,23.419643
169.0,49.0,20.0,0.0,100.0,32.397877
170.0,0.0,20.0,0.0,100.0,8.123894
171.0,0.5,20.0,0.0,100.0,8.491228
172.0,1.0,20.0,0.0,100.0,8.539823
173.0,2.0,20.0,0.0,100.0,8.803419
174.0,3.0,20.0,0.0,100.0,9.51282
175.0,5.0,20.0,0.0,100.0,8.704348
176.0,10.0,20.0,0.0,100.0,14.466166
177.0,20.0,20.0,0.0,100.0,15.275
178.0,40.0,20.0,0.0,100.0,24.722504
179.0,49.0,20.0,0.0,100.0,36.330322
180.0,0.0,20.0,0.0,100.0,8.265487
181.0,0.5,20.0,0.0,100.0,7.5
182.0,1.0,20.0,0.0,100.0,7.828829
183.0,2.0,20.0,0.0,100.0,11.218488
184.0,3.0,20.0,0.0,100.0,9.559322
185.0,5.0,20.0,0.0,100.0,11.422764
186.0,10.0,20.0,0.0,100.0,13.097015
187.0,20.0,20.0,0.0,100.0,18.58228
188.0,40.0,20.0,0.0,100.0,27.982857
189.0,49.0,20.0,0.0,100.0,31.026215
190.0,0.0,20.0,0.0,100.0,7.6576576
191.0,0.5,20.0,0.0,100.0,7.1454544
192.0,1.0,20.0,0.0,100.0,8.982456
193.0,2.0,20.0,0.0,100.0,9.815126
194.0,3.0,20.0,0.0,100.0,9.135593
195.0,5.0,20.0,0.0,100.0,13.369231
196.0,10.0,20.0,0.0,100.0,12.757143
197.0,20.0,20.0,0.0,100.0,15.213793
198.0,40.0,20.0,0.0,100.0,24.545286
199.0,49.0,20.0,0.0,100.0,33.68807
200.0,0.0,20.0,0.0,100.0,8.377193
201.0,0.5,20.0,0.0,100.0,8.548673
202.0,1.0,20.0,0.0,100.0,8.026316
203.0,2.0,20.0,0.0,100.0,7.8938055
204.0,3.0,20.0,0.0,100.0,10.016666
205.0,5.0,20.0,0.0,100.0,8.561403
206.0,10.0,20.0,0.0,100.0,12.638461
207.0,20.0,20.0,0.0,100.0,18.611702
208.0,40.0,20.0,0.0,100.0,33.719536
209.0,49.0,20.0,0.0,100.0,25.06653
210.0,0.0,20.0,0.0,100.0,7.3636365
211.0,0.5,20.0,0.0,100.0,7.920354
212.0,1.0,20.0,0.0,100.0,9.931623
213.0,2.0,20.0,0.0,100.0,7.936937
214.0,3.0,20.0,0.0,100.0,10.622807
215.0,5.0,20.0,0.0,100.0,13.3412695
216.0,10.0,20.0,0.0,100.0,15.176471
217.0,20.0,20.0,0.0,100.0,17.5847
218.0,40.0,20.0,0.0,100.0,21.637333
219.0,49.0,20.0,0.0,100.0,37.33042
220.0,0.0,20.0,0.0,100.0,7.7027025
221.0,0.5,20.0,0.0,100.0,7.8761063
222.0,1.0,20.0,0.0,100.0,7.7699113
223.0,2.0,20.0,0.0,100.0,8.175439
224.0,3.0,20.0,0.0,100.0,9.176471
225.0,5.0,20.0,0.0,100.0,9.084745
226.0,10.0,20.0,0.0,100.0,14.333333
227.0,20.0,20.0,0.0,100.0,19.666666
228.0,40.0,20.0,0.0,100.0,26.248192
229.0,49.0,20.0,0.0,100.0,26.911386
230.0,0.0,20.0,0.0,100.0,7.427273
231.0,0.5,20.0,0.0,100.0,7.580357
232.0,1.0,20.0,0.0,100.0,8.063063
233.0,2.0,20.0,0.0,100.0,8.818966
234.0,3.0,20.0,0.0,100.0,10.420168
235.0,5.0,20.0,0.0,100.0,10.201681
236.0,10.0,20.0,0.0,100.0,11.897637
237.0,20.0,20.0,0.0,100.0,15.122581
238.0,40.0,20.0,0.0,100.0,25.725338
239.0,49.0,20.0,0.0,100.0,38.621056
240.0,0.0,20.0,0.0,100.0,7.944954
241.0,0.5,20.0,0.0,100.0,8.223214
242.0,1.0,20.0,0.0,100.0,7.8378377
243.0,2.0,20.0,0.0,100.0,7.758929
244.0,3.0,20.0,0.0,100.0,11.854838
245.0,5.0,20.0,0.0,100.0,13.4
246.0,10.0,20.0,0.0,100.0,14.613139
247.0,20.0,20.0,0.0,100.0,17.7375
248.0,40.0,20.0,0.0,100.0,22.070797
249.0,49.0,20.0,0.0,100.0,35.534943
250.0,0.0,20.0,0.0,100.0,7.1363635
251.0,0.5,20.0,0.0,100.0,8.348214
252.0,1.0,20.0,0.0,100.0,7.754386
253.0,2.0,20.0,0.0,100.0,7.877193
254.0,3.0,20.0,0.0,100.0,8.0438595
255.0,5.0,20.0,0.0,100.0,11.9765625
256.0,10.0,20.0,0.0,100.0,13.785714
257.0,20.0,20.0,0.0,100.0,18.284023
258.0,40.0,20.0,0.0,100.0,23.50478
259.0,49.0,20.0,0.0,100.0,25.830587
260.0,0.0,20.0,0.0,100.0,7.616071
261.0,0.5,20.0,0.0,100.0,8.921053
262.0,1.0,20.0,0.0,100.0,7.776786
263.0,2.0,20.0,0.0,100.0,8.303572
264.0,3.0,20.0,0.0,100.0,10.557377
265.0,5.0,20.0,0.0,100.0,9.153846
266.0,10.0,20.0,0.0,100.0,11.0
267.0,20.0,20.0,0.0,100.0,19.96875
268.0,40.0,20.0,0.0,100.0,24.609686
269.0,49.0,20.0,0.0,100.0,27.036123
270.0,0.0,20.0,0.0,100.0,7.900901
271.0,0.5,20.0,0.0,100.0,7.5625
272.0,1.0,20.0,0.0,100.0,8.745614
273.0,2.0,20.0,0.0,100.0,10.956897
274.0,3.0,20.0,0.0,100.0,10.264957
275.0,5.0,20.0,0.0,100.0,11.692913
276.0,10.0,20.0,0.0,100.0,10.176471
277.0,20.0,20.0,0.0,100.0,17.611465
278.0,40.0,20.0,0.0,100.0,22.729115
279.0,49.0,20.0,0.0,100.0,27.729961
280.0,0.0,20.0,0.0,100.0,7.207207
281.0,0.5,20.0,0.0,100.0,8.141593
282.0,1.0,20.0,0.0,100.0,7.1621623
283.0,2.0,20.0,0.0,100.0,8.887931
284.0,3.0,20.0,0.0,100.0,8.941176
285.0,5.0,20.0,0.0,100.0,9.123894
286.0,10.0,20.0,0.0,100.0,13.3984375
287.0,20.0,20.0,0.0,100.0,18.242775
288.0,40.0,20.0,0.0,100.0,23.12
289.0,49.0,20.0,0.0,100.0,50.210377
290.0,0.0,20.0,0.0,100.0,7.3
291.0,0.5,20.0,0.0,100.0,8.298245
292.0,1.0,20.0,0.0,100.0,7.660714
293.0,2.0,20.0,0.0,100.0,8.216216
294.0,3.0,20.0,0.0,100.0,11.5
295.0,5.0,20.0,0.0,100.0,10.278688
296.0,10.0,20.0,0.0,100.0,16.070423
297.0,20.0,20.0,0.0,100.0,18.403315
298.0,40.0,20.0,0.0,100.0,23.112867
299.0,49.0,20.0,0.0,100.0,33.5342
300.0,0.0,20.0,0.0,100.0,7.696429
301.0,0.5,20.0,0.0,100.0,7.6106195
302.0,1.0,20.0,0.0,100.0,11.04918
303.0,2.0,20.0,0.0,100.0,11.241667
304.0,3.0,20.0,0.0,100.0,9.293103
305.0,5.0,20.0,0.0,100.0,10.864407
306.0,10.0,20.0,0.0,100.0,16.290781
307.0,20.0,20.0,0.0,100.0,17.92228
308.0,40.0,20.0,0.0,100.0,23.871853
309.0,49.0,20.0,0.0,100.0,28.571342
310.0,0.0,20.0,0.0,100.0,8.105263
311.0,0.5,20.0,0.0,100.0,8.666667
312.0,1.0,20.0,0.0,100.0,7.756757
313.0,2.0,20.0,0.0,100.0,9.4529915
314.0,3.0,20.0,0.0,100.0,9.99138
315.0,5.0,20.0,0.0,100.0,12.570248
316.0,10.0,20.0,0.0,100.0,13.863636
317.0,20.0,20.0,0.0,100.0,17.905882
318.0,40.0,20.0,0.0,100.0,23.92325
319.0,49.0,20.0,0.0,100.0,35.677383
320.0,0.0,20.0,0.0,100.0,7.3693695
321.0,0.5,20.0,0.0,100.0,8.350877
322.0,1.0,20.0,0.0,100.0,8.095653
323.0,2.0,20.0,0.0,100.0,8.461538
324.0,3.0,20.0,0.0,100.0,12.846774
325.0,5.0,20.0,0.0,100.0,10.302521
326.0,10.0,20.0,0.0,100.0,12.110236
327.0,20.0,20.0,0.0,100.0,17.353592
328.0,40.0,20.0,0.0,100.0,21.934837
329.0,49.0,20.0,0.0,100.0,34.577217
330.0,0.0,20.0,0.0,100.0,7.2702703
331.0,0.5,20.0,0.0,100.0,8.460177
332.0,1.0,20.0,0.0,100.0,9.068966
333.0,2.0,20.0,0.0,100.0,9.025641
334.0,3.0,20.0,0.0,100.0,8.587719
335.0,5.0,20.0,0.0,100.0,12.46875
336.0,10.0,20.0,0.0,100.0,12.2213745
337.0,20.0,20.0,0.0,100.0,18.367231
338.0,40.0,20.0,0.0,100.0,26.654795
339.0,49.0,20.0,0.0,100.0,30.974276
340.0,0.0,20.0,0.0,100.0,7.1
341.0,0.5,20.0,0.0,100.0,7.3873873
342.0,1.0,20.0,0.0,100.0,9.66087
343.0,2.0,20.0,0.0,100.0,8.0
344.0,3.0,20.0,0.0,100.0,7.864865
345.0,5.0,20.0,0.0,100.0,10.536586
346.0,10.0,20.0,0.0,100.0,13.828359
347.0,20.0,20.0,0.0,100.0,19.778948
348.0,40.0,20.0,0.0,100.0,25.793798
349.0,49.0,20.0,0.0,100.0,29.49292
350.0,0.0,20.0,0.0,100.0,7.747748
351.0,0.5,20.0,0.0,100.0,8.353982
352.0,1.0,20.0,0.0,100.0,8.57265
353.0,2.0,20.0,0.0,100.0,8.265487
354.0,3.0,20.0,0.0,100.0,8.131579
355.0,5.0,20.0,0.0,100.0,12.944881
356.0,10.0,20.0,0.0,100.0,14.817568
357.0,20.0,20.0,0.0,100.0,19.84
358.0,40.0,20.0,0.0,100.0,23.519503
359.0,49.0,20.0,0.0,100.0,35.788136
360.0,0.0,20.0,0.0,100.0,8.225225
361.0,0.5,20.0,0.0,100.0,7.892857
362.0,1.0,20.0,0.0,100.0,9.438597
363.0,2.0,20.0,0.0,100.0,9.612069
364.0,3.0,20.0,0.0,100.0,8.657895
365.0,5.0,20.0,0.0,100.0,10.457627
366.0,10.0,20.0,0.0,100.0,15.170213
367.0,20.0,20.0,0.0,100.0,19.58201
368.0,40.0,20.0,0.0,100.0,25.855692
369.0,49.0,20.0,0.0,100.0,36.374153
370.0,0.0,20.0,0.0,100.0,7.544643
371.0,0.5,20.0,0.0,100.0,7.723214
372.0,1.0,20.0,0.0,100.0,7.1454544
373.0,2.0,20.0,0.0,100.0,7.5765767
374.0,3.0,20.0,0.0,100.0,9.610169
375.0,5.0,20.0,0.0,100.0,11.533898
376.0,10.0,20.0,0.0,100.0,11.008197
377.0,20.0,20.0,0.0,100.0,18.736263
378.0,40.0,20.0,0.0,100.0,21.417303
379.0,49.0,20.0,0.0,100.0,29.987226
380.0,0.0,20.0,0.0,100.0,7.522936
381.0,0.5,20.0,0.0,100.0,7.828829
382.0,1.0,20.0,0.0,100.0,7.669643
383.0,2.0,20.0,0.0,100.0,8.236842
384.0,3.0,20.0,0.0,100.0,9.512397
385.0,5.0,20.0,0.0,100.0,10.191667
386.0,10.0,20.0,0.0,100.0,11.952
387.0,20.0,20.0,0.0,100.0,19.287878
388.0,40.0,20.0,0.0,100.0,27.221823
389.0,49.0,20.0,0.0,100.0,36.550232
390.0,0.0,20.0,0.0,100.0,7.509091
391.0,0.5,20.0,0.0,100.0,7.5137615
392.0,1.0,20.0,0.0,100.0,7.5545454
393.0,2.0,20.0,0.0,100.0,7.7297297
394.0,3.0,20.0,0.0,100.0,10.3
395.0,5.0,20.0,0.0,100.0,8.22807
396.0,10.0,20.0,0.0,100.0,11.491936
397.0,20.0,20.0,0.0,100.0,22.684782
398.0,40.0,20.0,0.0,100.0,24.251429
399.0,49.0,20.0,0.0,100.0,35.808434
400.0,0.0,20.0,0.0,100.0,7.572727
401.0,0.5,20.0,0.0,100.0,8.053098
402.0,1.0,20.0,0.0,100.0,7.5945945
403.0,2.0,20.0,0.0,100.0,11.083333
404.0,3.0,20.0,0.0,100.0,8.5438595
405.0,5.0,20.0,0.0,100.0,9.301724
406.0,10.0,20.0,0.0,100.0,14.308824
407.0,20.0,20.0,0.0,100.0,17.939226
408.0,40.0,20.0,0.0,100.0,21.439903
409.0,49.0,20.0,0.0,100.0,39.86373
410.0,0.0,20.0,0.0,100.0,7.9649124
411.0,0.5,20.0,0.0,100.0,8.415929
412.0,1.0,20.0,0.0,100.0,8.210526
413.0,2.0,20.0,0.0,100.0,7.5363636
414.0,3.0,20.0,0.0,100.0,8.150442
415.0,5.0,20.0,0.0,100.0,10.2661295
416.0,10.0,20.0,0.0,100.0,12.723077
417.0,20.0,20.0,0.0,100.0,17.49711
418.0,40.0,20.0,0.0,100.0,22.372025
419.0,49.0,20.0,0.0,100.0,33.49937
420.0,0.0,20.0,0.0,100.0,7.4954953
421.0,0.5,20.0,0.0,100.0,7.1545453
422.0,1.0,20.0,0.0,100.0,8.182609
423.0,2.0,20.0,0.0,100.0,7.6902657
424.0,3.0,20.0,0.0,100.0,11.396694
425.0,5.0,20.0,0.0,100.0,8.775862
426.0,10.0,20.0,0.0,100.0,13.028571
427.0,20.0,20.0,0.0,100.0,18.988094
428.0,40.0,20.0,0.0,100.0,32.50752
429.0,49.0,20.0,0.0,100.0,34.629612
430.0,0.0,20.0,0.0,100.0,7.7454543
431.0,0.5,20.0,0.0,100.0,8.380531
432.0,1.0,20.0,0.0,100.0,7.288288
433.0,2.0,20.0,0.0,100.0,9.035088
434.0,3.0,20.0,0.0,100.0,11.114754
435.0,5.0,20.0,0.0,100.0,11.211864
436.0,10.0,20.0,0.0,100.0,12.333333
437.0,20.0,20.0,0.0,100.0,18.452381
438.0,40.0,20.0,0.0,100.0,23.728102
439.0,49.0,20.0,0.0,100.0,32.368706
440.0,0.0,20.0,0.0,100.0,8.0
441.0,0.5,20.0,0.0,100.0,7.5315313
442.0,1.0,20.0,0.0,100.0,8.265487
443.0,2.0,20.0,0.0,100.0,8.594828
444.0,3.0,20.0,0.0,100.0,8.752137
445.0,5.0,20.0,0.0,100.0,11.401639
446.0,10.0,20.0,0.0,100.0,13.954545
447.0,20.0,20.0,0.0,100.0,19.434782
448.0,40.0,20.0,0.0,100.0,22.943693
449.0,49.0,20.0,0.0,100.0,52.65401
450.0,0.0,20.0,0.0,100.0,7.318182
451.0,0.5,20.0,0.0,100.0,7.6902657
452.0,1.0,20.0,0.0,100.0,7.783784
453.0,2.0,20.0,0.0,100.0,8.495652
454.0,3.0,20.0,0.0,100.0,11.349593
455.0,5.0,20.0,0.0,100.0,10.803279
456.0,10.0,20.0,0.0,100.0,12.984848
457.0,20.0,20.0,0.0,100.0,20.8867
458.0,40.0,20.0,0.0,100.0,27.442013
459.0,49.0,20.0,0.0,100.0,43.05944
460.0,0.0,20.0,0.0,100.0,7.401786
461.0,0.5,20.0,0.0,100.0,7.252252
462.0,1.0,20.0,0.0,100.0,7.7387385
463.0,2.0,20.0,0.0,100.0,8.99138
464.0,3.0,20.0,0.0,100.0,9.798319
465.0,5.0,20.0,0.0,100.0,13.435484
466.0,10.0,20.0,0.0,100.0,11.7421875
467.0,20.0,20.0,0.0,100.0,14.097222
468.0,40.0,20.0,0.0,100.0,23.169773
469.0,49.0,20.0,0.0,100.0,41.059784
470.0,0.0,20.0,0.0,100.0,7.4545455
471.0,0.5,20.0,0.0,100.0,7.336364
472.0,1.0,20.0,0.0,100.0,7.910714
473.0,2.0,20.0,0.0,100.0,10.589744
474.0,3.0,20.0,0.0,100.0,7.481818
475.0,5.0,20.0,0.0,100.0,10.546219
476.0,10.0,20.0,0.0,100.0,8.551724
477.0,20.0,20.0,0.0,100.0,14.889655
478.0,40.0,20.0,0.0,100.0,23.238094
479.0,49.0,20.0,0.0,100.0,44.5
480.0,0.0,20.0,0.0,100.0,7.669643
481.0,0.5,20.0,0.0,100.0,8.238938
482.0,1.0,20.0,0.0,100.0,7.696429
483.0,2.0,20.0,0.0,100.0,10.058333
484.0,3.0,20.0,0.0,100.0,11.349593
485.0,5.0,20.0,0.0,100.0,12.121951
486.0,10.0,20.0,0.0,100.0,10.683333
487.0,20.0,20.0,0.0,100.0,18.469135
488.0,40.0,20.0,0.0,100.0,25.270935
489.0,49.0,20.0,0.0,100.0,32.815735
490.0,0.0,20.0,0.0,100.0,7.8421054
491.0,0.5,20.0,0.0,100.0,9.0172415
492.0,1.0,20.0,0.0,100.0,9.538462
493.0,2.0,20.0,0.0,100.0,11.563025
494.0,3.0,20.0,0.0,100.0,7.607143
495.0,5.0,20.0,0.0,100.0,11.637096
496.0,10.0,20.0,0.0,100.0,14.237037
497.0,20.0,20.0,0.0,100.0,16.28125
498.0,40.0,20.0,0.0,100.0,22.037407
499.0,49.0,20.0,0.0,100.0,27.578947
500.0,0.0,20.0,1.0,100.0,17.975807
501.0,0.5,20.0,1.0,100.0,16.47826
502.0,1.0,20.0,1.0,100.0,16.143835
503.0,2.0,20.0,1.0,100.0,16.902985
504.0,3.0,20.0,1.0,100.0,16.560284
505.0,5.0,20.0,1.0,100.0,17.048485
506.0,10.0,20.0,1.0,100.0,16.684616
507.0,20.0,20.0,1.0,100.0,24.545023
508.0,40.0,20.0,1.0,100.0,34.762463
509.0,49.0,20.0,1.0,100.0,45.011375
510.0,0.0,20.0,1.0,100.0,12.918033
511.0,0.5,20.0,1.0,100.0,18.232
512.0,1.0,20.0,1.0,100.0,19.188524
513.0,2.0,20.0,1.0,100.0,19.457365
514.0,3.0,20.0,1.0,100.0,18.184397
515.0,5.0,20.0,1.0,100.0,16.242188
516.0,10.0,20.0,1.0,100.0,23.810652
517.0,20.0,20.0,1.0,100.0,25.112612
518.0,40.0,20.0,1.0,100.0,42.015533
519.0,49.0,20.0,1.0,100.0,38.907864
520.0,0.0,20.0,1.0,100.0,16.273438
521.0,0.5,20.0,1.0,100.0,19.42647
522.0,1.0,20.0,1.0,100.0,20.3125
523.0,2.0,20.0,1.0,100.0,16.465117
524.0,3.0,20.0,1.0,100.0,16.038462
525.0,5.0,20.0,1.0,100.0,14.7382555
526.0,10.0,20.0,1.0,100.0,21.564936
527.0,20.0,20.0,1.0,100.0,22.916666
528.0,40.0,20.0,1.0,100.0,31.510754
529.0,49.0,20.0,1.0,100.0,39.643814
530.0,0.0,20.0,1.0,100.0,14.860656
531.0,0.5,20.0,1.0,100.0,17.727942
532.0,1.0,20.0,1.0,100.0,12.762295
533.0,2.0,20.0,1.0,100.0,13.442623
534.0,3.0,20.0,1.0,100.0,16.407408
535.0,5.0,20.0,1.0,100.0,17.727942
536.0,10.0,20.0,1.0,100.0,15.5161295
537.0,20.0,20.0,1.0,100.0,26.1875
538.0,40.0,20.0,1.0,100.0,28.04088
539.0,49.0,20.0,1.0,100.0,43.554306
540.0,0.0,20.0,1.0,100.0,20.130081
541.0,0.5,20.0,1.0,100.0,14.008
542.0,1.0,20.0,1.0,100.0,13.672
543.0,2.0,20.0,1.0,100.0,17.709923
544.0,3.0,20.0,1.0,100.0,15.844961
545.0,5.0,20.0,1.0,100.0,13.985186
546.0,10.0,20.0,1.0,100.0,16.006622
547.0,20.0,20.0,1.0,100.0,25.4375
548.0,40.0,20.0,1.0,100.0,31.93767
549.0,49.0,20.0,1.0,100.0,88.41324
550.0,0.0,20.0,1.0,100.0,16.142857
551.0,0.5,20.0,1.0,100.0,15.884615
552.0,1.0,20.0,1.0,100.0,15.398374
553.0,2.0,20.0,1.0,100.0,13.229508
554.0,3.0,20.0,1.0,100.0,9.908334
555.0,5.0,20.0,1.0,100.0,15.492857
556.0,10.0,20.0,1.0,100.0,20.052023
557.0,20.0,20.0,1.0,100.0,21.284153
558.0,40.0,20.0,1.0,100.0,30.854616
559.0,49.0,20.0,1.0,100.0,50.83874
560.0,0.0,20.0,1.0,100.0,13.050847
561.0,0.5,20.0,1.0,100.0,22.219858
562.0,1.0,20.0,1.0,100.0,19.95139
563.0,2.0,20.0,1.0,100.0,15.737705
564.0,3.0,20.0,1.0,100.0,14.532846
565.0,5.0,20.0,1.0,100.0,20.634615
566.0,10.0,20.0,1.0,100.0,18.871796
567.0,20.0,20.0,1.0,100.0,28.597221
568.0,40.0,20.0,1.0,100.0,31.408817
569.0,49.0,20.0,1.0,100.0,61.78182
570.0,0.0,20.0,1.0,100.0,16.393702
571.0,0.5,20.0,1.0,100.0,15.214286
572.0,1.0,20.0,1.0,100.0,15.21875
573.0,2.0,20.0,1.0,100.0,17.602837
574.0,3.0,20.0,1.0,100.0,12.319327
575.0,5.0,20.0,1.0,100.0,18.878378
576.0,10.0,20.0,1.0,100.0,17.58278
577.0,20.0,20.0,1.0,100.0,22.823233
578.0,40.0,20.0,1.0,100.0,35.25114
579.0,49.0,20.0,1.0,100.0,45.11868
580.0,0.0,20.0,1.0,100.0,17.52
581.0,0.5,20.0,1.0,100.0,18.88806
582.0,1.0,20.0,1.0,100.0,19.410852
583.0,2.0,20.0,1.0,100.0,19.12245
584.0,3.0,20.0,1.0,100.0,16.726562
585.0,5.0,20.0,1.0,100.0,15.142858
586.0,10.0,20.0,1.0,100.0,19.586206
587.0,20.0,20.0,1.0,100.0,20.369318
588.0,40.0,20.0,1.0,100.0,40.32439
589.0,49.0,20.0,1.0,100.0,46.535244
590.0,0.0,20.0,1.0,100.0,14.016666
591.0,0.5,20.0,1.0,100.0,11.563025
592.0,1.0,20.0,1.0,100.0,13.862596
593.0,2.0,20.0,1.0,100.0,15.964788
594.0,3.0,20.0,1.0,100.0,15.510067
595.0,5.0,20.0,1.0,100.0,13.356061
596.0,10.0,20.0,1.0,100.0,22.794703
597.0,20.0,20.0,1.0,100.0,26.556034
598.0,40.0,20.0,1.0,100.0,33.351894
599.0,49.0,20.0,1.0,100.0,54.67132
600.0,0.0,20.0,1.0,100.0,16.658537
601.0,0.5,20.0,1.0,100.0,15.413534
602.0,1.0,20.0,1.0,100.0,16.590164
603.0,2.0,20.0,1.0,100.0,22.794703
604.0,3.0,20.0,1.0,100.0,14.111111
605.0,5.0,20.0,1.0,100.0,16.05
606.0,10.0,20.0,1.0,100.0,18.118011
607.0,20.0,20.0,1.0,100.0,17.597315
608.0,40.0,20.0,1.0,100.0,36.604904
609.0,49.0,20.0,1.0,100.0,71.67102
610.0,0.0,20.0,1.0,100.0,22.833334
611.0,0.5,20.0,1.0,100.0,14.275
612.0,1.0,20.0,1.0,100.0,18.172932
613.0,2.0,20.0,1.0,100.0,16.146852
614.0,3.0,20.0,1.0,100.0,14.914893
615.0,5.0,20.0,1.0,100.0,13.430769
616.0,10.0,20.0,1.0,100.0,16.419355
617.0,20.0,20.0,1.0,100.0,22.796537
618.0,40.0,20.0,1.0,100.0,48.379528
619.0,49.0,20.0,1.0,100.0,52.761257
620.0,0.0,20.0,1.0,100.0,14.958677
621.0,0.5,20.0,1.0,100.0,12.788136
622.0,1.0,20.0,1.0,100.0,19.615942
623.0,2.0,20.0,1.0,100.0,12.954545
624.0,3.0,20.0,1.0,100.0,16.821918
625.0,5.0,20.0,1.0,100.0,14.60584
626.0,10.0,20.0,1.0,100.0,17.980263
627.0,20.0,20.0,1.0,100.0,21.383839
628.0,40.0,20.0,1.0,100.0,31.435484
629.0,49.0,20.0,1.0,100.0,65.34581
630.0,0.0,20.0,1.0,100.0,18.968992
631.0,0.5,20.0,1.0,100.0,18.976744
632.0,1.0,20.0,1.0,100.0,14.8
633.0,2.0,20.0,1.0,100.0,12.604838
634.0,3.0,20.0,1.0,100.0,15.822695
635.0,5.0,20.0,1.0,100.0,14.248062
636.0,10.0,20.0,1.0,100.0,22.517857
637.0,20.0,20.0,1.0,100.0,24.128714
638.0,40.0,20.0,1.0,100.0,36.14496
639.0,49.0,20.0,1.0,100.0,54.09296
640.0,0.0,20.0,1.0,100.0,20.242188
641.0,0.5,20.0,1.0,100.0,15.459678
642.0,1.0,20.0,1.0,100.0,20.769737
643.0,2.0,20.0,1.0,100.0,13.106871
644.0,3.0,20.0,1.0,100.0,14.521428
645.0,5.0,20.0,1.0,100.0,15.176471
646.0,10.0,20.0,1.0,100.0,15.836735
647.0,20.0,20.0,1.0,100.0,16.321838
648.0,40.0,20.0,1.0,100.0,27.068966
649.0,49.0,20.0,1.0,100.0,77.87285
650.0,0.0,20.0,1.0,100.0,16.508064
651.0,0.5,20.0,1.0,100.0,18.785185
652.0,1.0,20.0,1.0,100.0,23.696552
653.0,2.0,20.0,1.0,100.0,15.752137
654.0,3.0,20.0,1.0,100.0,15.662069
655.0,5.0,20.0,1.0,100.0,13.223881
656.0,10.0,20.0,1.0,100.0,18.700638
657.0,20.0,20.0,1.0,100.0,18.646067
658.0,40.0,20.0,1.0,100.0,32.712982
659.0,49.0,20.0,1.0,100.0,67.34106
660.0,0.0,20.0,1.0,100.0,15.634147
661.0,0.5,20.0,1.0,100.0,17.573914
662.0,1.0,20.0,1.0,100.0,16.992424
663.0,2.0,20.0,1.0,100.0,18.581396
664.0,3.0,20.0,1.0,100.0,15.582734
665.0,5.0,20.0,1.0,100.0,17.094488
666.0,10.0,20.0,1.0,100.0,21.12426
667.0,20.0,20.0,1.0,100.0,21.24862
668.0,40.0,20.0,1.0,100.0,53.419426
669.0,49.0,20.0,1.0,100.0,59.8862
670.0,0.0,20.0,1.0,100.0,19.715385
671.0,0.5,20.0,1.0,100.0,13.25
672.0,1.0,20.0,1.0,100.0,15.666667
673.0,2.0,20.0,1.0,100.0,18.0813
674.0,3.0,20.0,1.0,100.0,21.874172
675.0,5.0,20.0,1.0,100.0,15.094488
676.0,10.0,20.0,1.0,100.0,15.898551
677.0,20.0,20.0,1.0,100.0,25.703884
678.0,40.0,20.0,1.0,100.0,31.431654
679.0,49.0,20.0,1.0,100.0,36.31162
680.0,0.0,20.0,1.0,100.0,13.504132
681.0,0.5,20.0,1.0,100.0,18.464285
682.0,1.0,20.0,1.0,100.0,16.921259
683.0,2.0,20.0,1.0,100.0,14.95122
684.0,3.0,20.0,1.0,100.0,16.467627
685.0,5.0,20.0,1.0,100.0,13.479452
686.0,10.0,20.0,1.0,100.0,18.27673
687.0,20.0,20.0,1.0,100.0,22.893854
688.0,40.0,20.0,1.0,100.0,44.759357
689.0,49.0,20.0,1.0,100.0,41.41323
690.0,0.0,20.0,1.0,100.0,25.662163
691.0,0.5,20.0,1.0,100.0,15.900826
692.0,1.0,20.0,1.0,100.0,18.173553
693.0,2.0,20.0,1.0,100.0,11.95935
694.0,3.0,20.0,1.0,100.0,14.8984375
695.0,5.0,20.0,1.0,100.0,16.244444
696.0,10.0,20.0,1.0,100.0,17.560509
697.0,20.0,20.0,1.0,100.0,22.646551
698.0,40.0,20.0,1.0,100.0,36.655956
699.0,49.0,20.0,1.0,100.0,60.444004
700.0,0.0,20.0,1.0,100.0,14.8125
701.0,0.5,20.0,1.0,100.0,20.550335
702.0,1.0,20.0,1.0,100.0,13.569106
703.0,2.0,20.0,1.0,100.0,16.929577
704.0,3.0,20.0,1.0,100.0,11.785714
705.0,5.0,20.0,1.0,100.0,17.707483
706.0,10.0,20.0,1.0,100.0,17.79878
707.0,20.0,20.0,1.0,100.0,22.151833
708.0,40.0,20.0,1.0,100.0,37.606953
709.0,49.0,20.0,1.0,100.0,66.23566
710.0,0.0,20.0,1.0,100.0,20.240875
711.0,0.5,20.0,1.0,100.0,14.834711
712.0,1.0,20.0,1.0,100.0,14.536586
713.0,2.0,20.0,1.0,100.0,17.058393
714.0,3.0,20.0,1.0,100.0,20.837837
715.0,5.0,20.0,1.0,100.0,18.37143
716.0,10.0,20.0,1.0,100.0,19.72781
717.0,20.0,20.0,1.0,100.0,20.658163
718.0,40.0,20.0,1.0,100.0,32.066776
719.0,49.0,20.0,1.0,100.0,74.52449
720.0,0.0,20.0,1.0,100.0,13.581967
721.0,0.5,20.0,1.0,100.0,15.811024
722.0,1.0,20.0,1.0,100.0,16.842857
723.0,2.0,20.0,1.0,100.0,20.36875
724.0,3.0,20.0,1.0,100.0,15.227642
725.0,5.0,20.0,1.0,100.0,16.979311
726.0,10.0,20.0,1.0,100.0,17.23611
727.0,20.0,20.0,1.0,100.0,24.22467
728.0,40.0,20.0,1.0,100.0,36.683365
729.0,49.0,20.0,1.0,100.0,46.769512
730.0,0.0,20.0,1.0,100.0,17.208
731.0,0.5,20.0,1.0,100.0,16.721312
732.0,1.0,20.0,1.0,100.0,13.038462
733.0,2.0,20.0,1.0,100.0,23.855072
734.0,3.0,20.0,1.0,100.0,10.224138
735.0,5.0,20.0,1.0,100.0,13.345589
736.0,10.0,20.0,1.0,100.0,20.686274
737.0,20.0,20.0,1.0,100.0,22.201117
738.0,40.0,20.0,1.0,100.0,39.36522
739.0,49.0,20.0,1.0,100.0,41.48676
740.0,0.0,20.0,1.0,100.0,16.488
741.0,0.5,20.0,1.0,100.0,15.25
742.0,1.0,20.0,1.0,100.0,16.933823
743.0,2.0,20.0,1.0,100.0,16.951612
744.0,3.0,20.0,1.0,100.0,15.895522
745.0,5.0,20.0,1.0,100.0,20.9
746.0,10.0,20.0,1.0,100.0,19.203947
747.0,20.0,20.0,1.0,100.0,20.435755
748.0,40.0,20.0,1.0,100.0,28.469334
749.0,49.0,20.0,1.0,100.0,49.409798
750.0,0.0,20.0,1.0,100.0,15.028302
751.0,0.5,20.0,1.0,100.0,13.477273
752.0,1.0,20.0,1.0,100.0,16.833334
753.0,2.0,20.0,1.0,100.0,13.040983
754.0,3.0,20.0,1.0,100.0,16.879747
755.0,5.0,20.0,1.0,100.0,11.721805
756.0,10.0,20.0,1.0,100.0,16.616766
757.0,20.0,20.0,1.0,100.0,22.841808
758.0,40.0,20.0,1.0,100.0,29.875
759.0,49.0,20.0,1.0,100.0,49.851505
760.0,0.0,20.0,1.0,100.0,16.625
761.0,0.5,20.0,1.0,100.0,16.832117
762.0,1.0,20.0,1.0,100.0,12.075
763.0,2.0,20.0,1.0,100.0,21.021128
764.0,3.0,20.0,1.0,100.0,12.310078
765.0,5.0,20.0,1.0,100.0,18.776978
766.0,10.0,20.0,1.0,100.0,19.114649
767.0,20.0,20.0,1.0,100.0,25.892157
768.0,40.0,20.0,1.0,100.0,56.2449
769.0,49.0,20.0,1.0,100.0,45.241135
770.0,0.0,20.0,1.0,100.0,20.64394
771.0,0.5,20.0,1.0,100.0,20.395683
772.0,1.0,20.0,1.0,100.0,13.603448
773.0,2.0,20.0,1.0,100.0,21.94853
774.0,3.0,20.0,1.0,100.0,19.409395
775.0,5.0,20.0,1.0,100.0,12.604317
776.0,10.0,20.0,1.0,100.0,19.212904
777.0,20.0,20.0,1.0,100.0,35.333332
778.0,40.0,20.0,1.0,100.0,55.889153
779.0,49.0,20.0,1.0,100.0,54.802753
780.0,0.0,20.0,1.0,100.0,14.973913
781.0,0.5,20.0,1.0,100.0,20.906475
782.0,1.0,20.0,1.0,100.0,21.794117
783.0,2.0,20.0,1.0,100.0,14.08547
784.0,3.0,20.0,1.0,100.0,18.674242
785.0,5.0,20.0,1.0,100.0,11.764228
786.0,10.0,20.0,1.0,100.0,11.91129
787.0,20.0,20.0,1.0,100.0,27.967915
788.0,40.0,20.0,1.0,100.0,39.20083
789.0,49.0,20.0,1.0,100.0,43.277107
790.0,0.0,20.0,1.0,100.0,22.382978
791.0,0.5,20.0,1.0,100.0,24.006945
792.0,1.0,20.0,1.0,100.0,13.459678
793.0,2.0,20.0,1.0,100.0,17.52381
794.0,3.0,20.0,1.0,100.0,17.976
795.0,5.0,20.0,1.0,100.0,16.378788
796.0,10.0,20.0,1.0,100.0,15.548611
797.0,20.0,20.0,1.0,100.0,24.605127
798.0,40.0,20.0,1.0,100.0,36.86698
799.0,49.0,20.0,1.0,100.0,58.560783
800.0,0.0,20.0,1.0,100.0,13.299146
801.0,0.5,20.0,1.0,100.0,17.907143
802.0,1.0,20.0,1.0,100.0,13.747968
803.0,2.0,20.0,1.0,100.0,18.774193
804.0,3.0,20.0,1.0,100.0,17.992424
805.0,5.0,20.0,1.0,100.0,19.425
806.0,10.0,20.0,1.0,100.0,20.780487
807.0,20.0,20.0,1.0,100.0,25.748692
808.0,40.0,20.0,1.0,100.0,33.668213
809.0,49.0,20.0,1.0,100.0,50.23897
810.0,0.0,20.0,1.0,100.0,17.945736
811.0,0.5,20.0,1.0,100.0,16.650793
812.0,1.0,20.0,1.0,100.0,18.577778
813.0,2.0,20.0,1.0,100.0,13.2734375
814.0,3.0,20.0,1.0,100.0,15.83077
815.0,5.0,20.0,1.0,100.0,18.723684
816.0,10.0,20.0,1.0,100.0,18.571428
817.0,20.0,20.0,1.0,100.0,22.806452
818.0,40.0,20.0,1.0,100.0,32.985764
819.0,49.0,20.0,1.0,100.0,51.24683
820.0,0.0,20.0,1.0,100.0,13.403509
821.0,0.5,20.0,1.0,100.0,14.221312
822.0,1.0,20.0,1.0,100.0,14.268116
823.0,2.0,20.0,1.0,100.0,17.726562
824.0,3.0,20.0,1.0,100.0,13.846774
825.0,5.0,20.0,1.0,100.0,14.476191
826.0,10.0,20.0,1.0,100.0,18.496815
827.0,20.0,20.0,1.0,100.0,24.9799
828.0,40.0,20.0,1.0,100.0,37.519608
829.0,49.0,20.0,1.0,100.0,50.581123
830.0,0.0,20.0,1.0,100.0,21.25564
831.0,0.5,20.0,1.0,100.0,16.308271
832.0,1.0,20.0,1.0,100.0,14.429629
833.0,2.0,20.0,1.0,100.0,15.379032
834.0,3.0,20.0,1.0,100.0,18.758389
835.0,5.0,20.0,1.0,100.0,22.714285
836.0,10.0,20.0,1.0,100.0,18.796053
837.0,20.0,20.0,1.0,100.0,23.181818
838.0,40.0,20.0,1.0,100.0,33.55759
839.0,49.0,20.0,1.0,100.0,69.96351
840.0,0.0,20.0,1.0,100.0,14.147286
841.0,0.5,20.0,1.0,100.0,17.162394
842.0,1.0,20.0,1.0,100.0,16.275362
843.0,2.0,20.0,1.0,100.0,19.722221
844.0,3.0,20.0,1.0,100.0,15.208955
845.0,5.0,20.0,1.0,100.0,15.919708
846.0,10.0,20.0,1.0,100.0,16.5
847.0,20.0,20.0,1.0,100.0,18.62573
848.0,40.0,20.0,1.0,100.0,28.45
849.0,49.0,20.0,1.0,100.0,45.769146
850.0,0.0,20.0,1.0,100.0,15.346774
851.0,0.5,20.0,1.0,100.0,16.729507
852.0,1.0,20.0,1.0,100.0,11.954887
853.0,2.0,20.0,1.0,100.0,20.014084
854.0,3.0,20.0,1.0,100.0,10.544
855.0,5.0,20.0,1.0,100.0,15.316176
856.0,10.0,20.0,1.0,100.0,18.438272
857.0,20.0,20.0,1.0,100.0,22.12
858.0,40.0,20.0,1.0,100.0,30.683594
859.0,49.0,20.0,1.0,100.0,51.08312
860.0,0.0,20.0,1.0,100.0,18.728813
861.0,0.5,20.0,1.0,100.0,13.260162
862.0,1.0,20.0,1.0,100.0,15.553191
863.0,2.0,20.0,1.0,100.0,13.831933
864.0,3.0,20.0,1.0,100.0,16.973154
865.0,5.0,20.0,1.0,100.0,18.91096
866.0,10.0,20.0,1.0,100.0,16.507246
867.0,20.0,20.0,1.0,100.0,30.92748
868.0,40.0,20.0,1.0,100.0,33.98016
869.0,49.0,20.0,1.0,100.0,46.370064
870.0,0.0,20.0,1.0,100.0,18.909775
871.0,0.5,20.0,1.0,100.0,18.894737
872.0,1.0,20.0,1.0,100.0,17.225351
873.0,2.0,20.0,1.0,100.0,15.824428
874.0,3.0,20.0,1.0,100.0,15.969231
875.0,5.0,20.0,1.0,100.0,15.014599
876.0,10.0,20.0,1.0,100.0,21.394444
877.0,20.0,20.0,1.0,100.0,22.507853
878.0,40.0,20.0,1.0,100.0,34.71466
879.0,49.0,20.0,1.0,100.0,130.7338
880.0,0.0,20.0,1.0,100.0,17.942148
881.0,0.5,20.0,1.0,100.0,13.504202
882.0,1.0,20.0,1.0,100.0,17.377777
883.0,2.0,20.0,1.0,100.0,19.792593
884.0,3.0,20.0,1.0,100.0,16.464788
885.0,5.0,20.0,1.0,100.0,12.913794
886.0,10.0,20.0,1.0,100.0,18.817074
887.0,20.0,20.0,1.0,100.0,18.664804
888.0,40.0,20.0,1.0,100.0,30.426914
889.0,49.0,20.0,1.0,100.0,40.657215
890.0,0.0,20.0,1.0,100.0,17.429688
891.0,0.5,20.0,1.0,100.0,14.363636
892.0,1.0,20.0,1.0,100.0,16.0
893.0,2.0,20.0,1.0,100.0,11.471074
894.0,3.0,20.0,1.0,100.0,15.543307
895.0,5.0,20.0,1.0,100.0,12.134454
896.0,10.0,20.0,1.0,100.0,25.041025
897.0,20.0,20.0,1.0,100.0,25.12264
898.0,40.0,20.0,1.0,100.0,33.483093
899.0,49.0,20.0,1.0,100.0,55.500973
900.0,0.0,20.0,1.0,100.0,20.732283
901.0,0.5,20.0,1.0,100.0,19.92647
902.0,1.0,20.0,1.0,100.0,17.237705
903.0,2.0,20.0,1.0,100.0,19.697674
904.0,3.0,20.0,1.0,100.0,15.968
905.0,5.0,20.0,1.0,100.0,14.7883215
906.0,10.0,20.0,1.0,100.0,21.761906
907.0,20.0,20.0,1.0,100.0,20.247368
908.0,40.0,20.0,1.0,100.0,43.993988
909.0,49.0,20.0,1.0,100.0,65.605995
910.0,0.0,20.0,1.0,100.0,20.436508
911.0,0.5,20.0,1.0,100.0,20.221375
912.0,1.0,20.0,1.0,100.0,13.683333
913.0,2.0,20.0,1.0,100.0,17.421429
914.0,3.0,20.0,1.0,100.0,15.730769
915.0,5.0,20.0,1.0,100.0,15.205882
916.0,10.0,20.0,1.0,100.0,18.14394
917.0,20.0,20.0,1.0,100.0,23.509174
918.0,40.0,20.0,1.0,100.0,36.55077
919.0,49.0,20.0,1.0,100.0,64.655205
920.0,0.0,20.0,1.0,100.0,21.088236
921.0,0.5,20.0,1.0,100.0,17.058823
922.0,1.0,20.0,1.0,100.0,15.841666
923.0,2.0,20.0,1.0,100.0,14.145039
924.0,3.0,20.0,1.0,100.0,16.852713
925.0,5.0,20.0,1.0,100.0,18.761005
926.0,10.0,20.0,1.0,100.0,15.79452
927.0,20.0,20.0,1.0,100.0,26.6
928.0,40.0,20.0,1.0,100.0,33.502674
929.0,49.0,20.0,1.0,100.0,59.710526
930.0,0.0,20.0,1.0,100.0,15.706349
931.0,0.5,20.0,1.0,100.0,18.624
932.0,1.0,20.0,1.0,100.0,16.374046
933.0,2.0,20.0,1.0,100.0,12.75969
934.0,3.0,20.0,1.0,100.0,12.317073
935.0,5.0,20.0,1.0,100.0,22.406061
936.0,10.0,20.0,1.0,100.0,16.609272
937.0,20.0,20.0,1.0,100.0,24.800947
938.0,40.0,20.0,1.0,100.0,36.223164
939.0,49.0,20.0,1.0,100.0,97.33584
940.0,0.0,20.0,1.0,100.0,15.317073
941.0,0.5,20.0,1.0,100.0,19.059322
942.0,1.0,20.0,1.0,100.0,13.150442
943.0,2.0,20.0,1.0,100.0,21.578571
944.0,3.0,20.0,1.0,100.0,21.404907
945.0,5.0,20.0,1.0,100.0,20.019608
946.0,10.0,20.0,1.0,100.0,17.320513
947.0,20.0,20.0,1.0,100.0,28.143541
948.0,40.0,20.0,1.0,100.0,37.33268
949.0,49.0,20.0,1.0,100.0,72.89203
950.0,0.0,20.0,1.0,100.0,21.507353
951.0,0.5,20.0,1.0,100.0,19.898438
952.0,1.0,20.0,1.0,100.0,12.737705
953.0,2.0,20.0,1.0,100.0,14.433824
954.0,3.0,20.0,1.0,100.0,12.557377
955.0,5.0,20.0,1.0,100.0,13.55814
956.0,10.0,20.0,1.0,100.0,22.762161
957.0,20.0,20.0,1.0,100.0,25.539604
958.0,40.0,20.0,1.0,100.0,28.878452
959.0,49.0,20.0,1.0,100.0,77.608505
960.0,0.0,20.0,1.0,100.0,16.888
961.0,0.5,20.0,1.0,100.0,13.636364
962.0,1.0,20.0,1.0,100.0,12.081819
963.0,2.0,20.0,1.0,100.0,17.031496
964.0,3.0,20.0,1.0,100.0,15.960318
965.0,5.0,20.0,1.0,100.0,17.192053
966.0,10.0,20.0,1.0,100.0,13.615942
967.0,20.0,20.0,1.0,100.0,22.956284
968.0,40.0,20.0,1.0,100.0,34.340908
969.0,49.0,20.0,1.0,100.0,63.16994
970.0,0.0,20.0,1.0,100.0,19.94964
971.0,0.5,20.0,1.0,100.0,14.5161295
972.0,1.0,20.0,1.0,100.0,14.150794
973.0,2.0,20.0,1.0,100.0,19.291666
974.0,3.0,20.0,1.0,100.0,18.218979
975.0,5.0,20.0,1.0,100.0,22.957317
976.0,10.0,20.0,1.0,100.0,21.018183
977.0,20.0,20.0,1.0,100.0,19.640522
978.0,40.0,20.0,1.0,100.0,33.90293
979.0,49.0,20.0,1.0,100.0,45.63892
980.0,0.0,20.0,1.0,100.0,16.716417
981.0,0.5,20.0,1.0,100.0,21.151724
982.0,1.0,20.0,1.0,100.0,11.780488
983.0,2.0,20.0,1.0,100.0,15.551181
984.0,3.0,20.0,1.0,100.0,13.046875
985.0,5.0,20.0,1.0,100.0,17.02174
986.0,10.0,20.0,1.0,100.0,22.197453
987.0,20.0,20.0,1.0,100.0,22.337078
988.0,40.0,20.0,1.0,100.0,39.572918
989.0,49.0,20.0,1.0,100.0,50.248356
990.0,0.0,20.0,1.0,100.0,22.659721
991.0,0.5,20.0,1.0,100.0,16.315384
992.0,1.0,20.0,1.0,100.0,15.458647
993.0,2.0,20.0,1.0,100.0,14.906475
994.0,3.0,20.0,1.0,100.0,16.86755
995.0,5.0,20.0,1.0,100.0,18.619719
996.0,10.0,20.0,1.0,100.0,16.635761
997.0,20.0,20.0,1.0,100.0,28.089947
998.0,40.0,20.0,1.0,100.0,31.108173
999.0,49.0,20.0,1.0,100.0,61.975704
1000.0,0.0,20.0,2.0,100.0,28.732485
1001.0,0.5,20.0,2.0,100.0,28.700638
1002.0,1.0,20.0,2.0,100.0,15.6
1003.0,2.0,20.0,2.0,100.0,17.016949
1004.0,3.0,20.0,2.0,100.0,18.43919
1005.0,5.0,20.0,2.0,100.0,16.080292
1006.0,10.0,20.0,2.0,100.0,43.695816
1007.0,20.0,20.0,2.0,100.0,28.801802
1008.0,40.0,20.0,2.0,100.0,38.50348
1009.0,49.0,20.0,2.0,100.0,70.877686
1010.0,0.0,20.0,2.0,100.0,29.64151
1011.0,0.5,20.0,2.0,100.0,16.512606
1012.0,1.0,20.0,2.0,100.0,17.776224
1013.0,2.0,20.0,2.0,100.0,20.128
1014.0,3.0,20.0,2.0,100.0,16.142857
1015.0,5.0,20.0,2.0,100.0,11.944445
1016.0,10.0,20.0,2.0,100.0,21.644737
1017.0,20.0,20.0,2.0,100.0,23.461538
1018.0,40.0,20.0,2.0,100.0,36.07672
1019.0,49.0,20.0,2.0,100.0,102.152596
1020.0,0.0,20.0,2.0,100.0,29.522013
1021.0,0.5,20.0,2.0,100.0,29.506329
1022.0,1.0,20.0,2.0,100.0,27.288591
1023.0,2.0,20.0,2.0,100.0,17.11194
1024.0,3.0,20.0,2.0,100.0,27.206348
1025.0,5.0,20.0,2.0,100.0,17.353384
1026.0,10.0,20.0,2.0,100.0,12.723684
1027.0,20.0,20.0,2.0,100.0,18.287582
1028.0,40.0,20.0,2.0,100.0,43.160072
1029.0,49.0,20.0,2.0,100.0,61.22222
1030.0,0.0,20.0,2.0,100.0,30.484472
1031.0,0.5,20.0,2.0,100.0,28.962025
1032.0,1.0,20.0,2.0,100.0,19.84138
1033.0,2.0,20.0,2.0,100.0,12.698276
1034.0,3.0,20.0,2.0,100.0,13.676056
1035.0,5.0,20.0,2.0,100.0,26.944445
1036.0,10.0,20.0,2.0,100.0,18.62585
1037.0,20.0,20.0,2.0,100.0,18.426136
1038.0,40.0,20.0,2.0,100.0,40.016705
1039.0,49.0,20.0,2.0,100.0,100.45419
1040.0,0.0,20.0,2.0,100.0,28.816456
1041.0,0.5,20.0,2.0,100.0,29.8239
1042.0,1.0,20.0,2.0,100.0,28.48077
1043.0,2.0,20.0,2.0,100.0,18.98611
1044.0,3.0,20.0,2.0,100.0,15.007519
1045.0,5.0,20.0,2.0,100.0,26.674286
1046.0,10.0,20.0,2.0,100.0,26.257576
1047.0,20.0,20.0,2.0,100.0,23.690355
1048.0,40.0,20.0,2.0,100.0,30.396105
1049.0,49.0,20.0,2.0,100.0,58.330563
1050.0,0.0,20.0,2.0,100.0,37.31016
1051.0,0.5,20.0,2.0,100.0,27.99359
1052.0,1.0,20.0,2.0,100.0,13.420635
1053.0,2.0,20.0,2.0,100.0,13.697183
1054.0,3.0,20.0,2.0,100.0,19.958904
1055.0,5.0,20.0,2.0,100.0,16.035715
1056.0,10.0,20.0,2.0,100.0,19.055172
1057.0,20.0,20.0,2.0,100.0,28.72165
1058.0,40.0,20.0,2.0,100.0,44.05011
1059.0,49.0,20.0,2.0,100.0,66.00757
1060.0,0.0,20.0,2.0,100.0,55.469387
1061.0,0.5,20.0,2.0,100.0,47.24878
1062.0,1.0,20.0,2.0,100.0,19.40411
1063.0,2.0,20.0,2.0,100.0,16.506945
1064.0,3.0,20.0,2.0,100.0,15.475806
1065.0,5.0,20.0,2.0,100.0,10.709402
1066.0,10.0,20.0,2.0,100.0,18.269007
1067.0,20.0,20.0,2.0,100.0,37.42248
1068.0,40.0,20.0,2.0,100.0,34.023056
1069.0,49.0,20.0,2.0,100.0,82.37052
1070.0,0.0,20.0,2.0,100.0,29.710691
1071.0,0.5,20.0,2.0,100.0,28.420382
1072.0,1.0,20.0,2.0,100.0,19.544872
1073.0,2.0,20.0,2.0,100.0,17.954887
1074.0,3.0,20.0,2.0,100.0,16.732283
1075.0,5.0,20.0,2.0,100.0,14.537879
1076.0,10.0,20.0,2.0,100.0,19.655367
1077.0,20.0,20.0,2.0,100.0,23.19898
1078.0,40.0,20.0,2.0,100.0,40.909534
1079.0,49.0,20.0,2.0,100.0,83.253456
1080.0,0.0,20.0,2.0,100.0,28.343948
1081.0,0.5,20.0,2.0,100.0,29.74375
1082.0,1.0,20.0,2.0,100.0,20.17323
1083.0,2.0,20.0,2.0,100.0,29.68387
1084.0,3.0,20.0,2.0,100.0,17.304054
1085.0,5.0,20.0,2.0,100.0,23.655172
1086.0,10.0,20.0,2.0,100.0,16.241611
1087.0,20.0,20.0,2.0,100.0,25.791666
1088.0,40.0,20.0,2.0,100.0,45.050594
1089.0,49.0,20.0,2.0,100.0,67.26842
1090.0,0.0,20.0,2.0,100.0,29.490566
1091.0,0.5,20.0,2.0,100.0,30.695652
1092.0,1.0,20.0,2.0,100.0,28.11111
1093.0,2.0,20.0,2.0,100.0,16.638655
1094.0,3.0,20.0,2.0,100.0,10.072
1095.0,5.0,20.0,2.0,100.0,18.32298
1096.0,10.0,20.0,2.0,100.0,20.463276
1097.0,20.0,20.0,2.0,100.0,22.451777
1098.0,40.0,20.0,2.0,100.0,31.34638
1099.0,49.0,20.0,2.0,100.0,53.07218
1100.0,0.0,20.0,2.0,100.0,29.322784
1101.0,0.5,20.0,2.0,100.0,18.593103
1102.0,1.0,20.0,2.0,100.0,29.327044
1103.0,2.0,20.0,2.0,100.0,14.647482
1104.0,3.0,20.0,2.0,100.0,24.865498
1105.0,5.0,20.0,2.0,100.0,14.68254
1106.0,10.0,20.0,2.0,100.0,26.42932
1107.0,20.0,20.0,2.0,100.0,27.8211
1108.0,40.0,20.0,2.0,100.0,41.724228
1109.0,49.0,20.0,2.0,100.0,69.78354
1110.0,0.0,20.0,2.0,100.0,30.18125
1111.0,0.5,20.0,2.0,100.0,25.106382
1112.0,1.0,20.0,2.0,100.0,27.09036
1113.0,2.0,20.0,2.0,100.0,18.93496
1114.0,3.0,20.0,2.0,100.0,24.268456
1115.0,5.0,20.0,2.0,100.0,18.651613
1116.0,10.0,20.0,2.0,100.0,21.8
1117.0,20.0,20.0,2.0,100.0,22.983147
1118.0,40.0,20.0,2.0,100.0,40.005386
1119.0,49.0,20.0,2.0,100.0,64.04593
1120.0,0.0,20.0,2.0,100.0,48.54673
1121.0,0.5,20.0,2.0,100.0,39.862274
1122.0,1.0,20.0,2.0,100.0,21.02381
1123.0,2.0,20.0,2.0,100.0,26.632353
1124.0,3.0,20.0,2.0,100.0,12.18254
1125.0,5.0,20.0,2.0,100.0,23.927536
1126.0,10.0,20.0,2.0,100.0,20.680233
1127.0,20.0,20.0,2.0,100.0,24.592783
1128.0,40.0,20.0,2.0,100.0,30.977207
1129.0,49.0,20.0,2.0,100.0,72.081635
1130.0,0.0,20.0,2.0,100.0,28.012821
1131.0,0.5,20.0,2.0,100.0,30.45625
1132.0,1.0,20.0,2.0,100.0,14.795455
1133.0,2.0,20.0,2.0,100.0,26.157534
1134.0,3.0,20.0,2.0,100.0,14.881481
1135.0,5.0,20.0,2.0,100.0,15.378788
1136.0,10.0,20.0,2.0,100.0,11.555555
1137.0,20.0,20.0,2.0,100.0,25.300518
1138.0,40.0,20.0,2.0,100.0,54.56418
1139.0,49.0,20.0,2.0,100.0,55.02726
1140.0,0.0,20.0,2.0,100.0,29.8375
1141.0,0.5,20.0,2.0,100.0,29.522013
1142.0,1.0,20.0,2.0,100.0,31.042944
1143.0,2.0,20.0,2.0,100.0,12.574627
1144.0,3.0,20.0,2.0,100.0,17.878262
1145.0,5.0,20.0,2.0,100.0,14.6
1146.0,10.0,20.0,2.0,100.0,16.58
1147.0,20.0,20.0,2.0,100.0,28.315
1148.0,40.0,20.0,2.0,100.0,29.816721
1149.0,49.0,20.0,2.0,100.0,74.74777
1150.0,0.0,20.0,2.0,100.0,29.308176
1151.0,0.5,20.0,2.0,100.0,19.0
1152.0,1.0,20.0,2.0,100.0,37.710983
1153.0,2.0,20.0,2.0,100.0,27.91772
1154.0,3.0,20.0,2.0,100.0,15.248062
1155.0,5.0,20.0,2.0,100.0,12.234042
1156.0,10.0,20.0,2.0,100.0,15.928104
1157.0,20.0,20.0,2.0,100.0,24.688171
1158.0,40.0,20.0,2.0,100.0,26.944445
1159.0,49.0,20.0,2.0,100.0,57.921803
1160.0,0.0,20.0,2.0,100.0,28.522293
1161.0,0.5,20.0,2.0,100.0,25.67133
1162.0,1.0,20.0,2.0,100.0,38.63298
1163.0,2.0,20.0,2.0,100.0,11.798245
1164.0,3.0,20.0,2.0,100.0,15.253623
1165.0,5.0,20.0,2.0,100.0,17.302816
1166.0,10.0,20.0,2.0,100.0,10.742647
1167.0,20.0,20.0,2.0,100.0,32.557446
1168.0,40.0,20.0,2.0,100.0,40.92453
1169.0,49.0,20.0,2.0,100.0,81.56075
1170.0,0.0,20.0,2.0,100.0,29.20886
1171.0,0.5,20.0,2.0,100.0,16.860294
1172.0,1.0,20.0,2.0,100.0,16.050724
1173.0,2.0,20.0,2.0,100.0,14.402985
1174.0,3.0,20.0,2.0,100.0,27.933332
1175.0,5.0,20.0,2.0,100.0,14.598485
1176.0,10.0,20.0,2.0,100.0,22.45033
1177.0,20.0,20.0,2.0,100.0,30.848888
1178.0,40.0,20.0,2.0,100.0,39.974537
1179.0,49.0,20.0,2.0,100.0,58.38518
1180.0,0.0,20.0,2.0,100.0,29.54088
1181.0,0.5,20.0,2.0,100.0,12.68644
1182.0,1.0,20.0,2.0,100.0,14.806452
1183.0,2.0,20.0,2.0,100.0,10.526717
1184.0,3.0,20.0,2.0,100.0,13.030075
1185.0,5.0,20.0,2.0,100.0,17.692913
1186.0,10.0,20.0,2.0,100.0,24.449703
1187.0,20.0,20.0,2.0,100.0,29.869955
1188.0,40.0,20.0,2.0,100.0,30.902954
1189.0,49.0,20.0,2.0,100.0,60.7608
1190.0,0.0,20.0,2.0,100.0,30.0125
1191.0,0.5,20.0,2.0,100.0,30.075
1192.0,1.0,20.0,2.0,100.0,18.20438
1193.0,2.0,20.0,2.0,100.0,28.76129
1194.0,3.0,20.0,2.0,100.0,18.330645
1195.0,5.0,20.0,2.0,100.0,21.175676
1196.0,10.0,20.0,2.0,100.0,23.146893
1197.0,20.0,20.0,2.0,100.0,17.432749
1198.0,40.0,20.0,2.0,100.0,39.349365
1199.0,49.0,20.0,2.0,100.0,89.24588
1200.0,0.0,20.0,2.0,100.0,28.611465
1201.0,0.5,20.0,2.0,100.0,24.142857
1202.0,1.0,20.0,2.0,100.0,19.223776
1203.0,2.0,20.0,2.0,100.0,17.931818
1204.0,3.0,20.0,2.0,100.0,13.439024
1205.0,5.0,20.0,2.0,100.0,15.543478
1206.0,10.0,20.0,2.0,100.0,19.883041
1207.0,20.0,20.0,2.0,100.0,31.59756
1208.0,40.0,20.0,2.0,100.0,45.26741
1209.0,49.0,20.0,2.0,100.0,68.611244
1210.0,0.0,20.0,2.0,100.0,29.3481
1211.0,0.5,20.0,2.0,100.0,29.144653
1212.0,1.0,20.0,2.0,100.0,24.961039
1213.0,2.0,20.0,2.0,100.0,17.04861
1214.0,3.0,20.0,2.0,100.0,26.0
1215.0,5.0,20.0,2.0,100.0,18.141844
1216.0,10.0,20.0,2.0,100.0,26.192982
1217.0,20.0,20.0,2.0,100.0,19.54955
1218.0,40.0,20.0,2.0,100.0,40.0
1219.0,49.0,20.0,2.0,100.0,66.510704
1220.0,0.0,20.0,2.0,100.0,28.52564
1221.0,0.5,20.0,2.0,100.0,29.603773
1222.0,1.0,20.0,2.0,100.0,16.142857
1223.0,2.0,20.0,2.0,100.0,17.960938
1224.0,3.0,20.0,2.0,100.0,18.70139
1225.0,5.0,20.0,2.0,100.0,11.834645
1226.0,10.0,20.0,2.0,100.0,19.538921
1227.0,20.0,20.0,2.0,100.0,21.63402
1228.0,40.0,20.0,2.0,100.0,49.031673
1229.0,49.0,20.0,2.0,100.0,77.462166
1230.0,0.0,20.0,2.0,100.0,30.25926
1231.0,0.5,20.0,2.0,100.0,28.866241
1232.0,1.0,20.0,2.0,100.0,28.235668
1233.0,2.0,20.0,2.0,100.0,11.291045
1234.0,3.0,20.0,2.0,100.0,17.406666
1235.0,5.0,20.0,2.0,100.0,14.136
1236.0,10.0,20.0,2.0,100.0,15.5348835
1237.0,20.0,20.0,2.0,100.0,20.005
1238.0,40.0,20.0,2.0,100.0,37.86605
1239.0,49.0,20.0,2.0,100.0,59.88277
1240.0,0.0,20.0,2.0,100.0,30.21118
1241.0,0.5,20.0,2.0,100.0,52.918453
1242.0,1.0,20.0,2.0,100.0,54.324112
1243.0,2.0,20.0,2.0,100.0,17.120968
1244.0,3.0,20.0,2.0,100.0,13.560976
1245.0,5.0,20.0,2.0,100.0,24.569696
1246.0,10.0,20.0,2.0,100.0,12.087591
1247.0,20.0,20.0,2.0,100.0,29.22381
1248.0,40.0,20.0,2.0,100.0,48.76607
1249.0,49.0,20.0,2.0,100.0,78.761314
1250.0,0.0,20.0,2.0,100.0,29.89375
1251.0,0.5,20.0,2.0,100.0,29.259493
1252.0,1.0,20.0,2.0,100.0,14.229508
1253.0,2.0,20.0,2.0,100.0,17.094488
1254.0,3.0,20.0,2.0,100.0,20.644928
1255.0,5.0,20.0,2.0,100.0,11.0
1256.0,10.0,20.0,2.0,100.0,22.88125
1257.0,20.0,20.0,2.0,100.0,28.143541
1258.0,40.0,20.0,2.0,100.0,36.73799
1259.0,49.0,20.0,2.0,100.0,56.017944
1260.0,0.0,20.0,2.0,100.0,29.238995
1261.0,0.5,20.0,2.0,100.0,28.280254
1262.0,1.0,20.0,2.0,100.0,28.765823
1263.0,2.0,20.0,2.0,100.0,12.195489
1264.0,3.0,20.0,2.0,100.0,17.376923
1265.0,5.0,20.0,2.0,100.0,15.788136
1266.0,10.0,20.0,2.0,100.0,18.596153
1267.0,20.0,20.0,2.0,100.0,23.592592
1268.0,40.0,20.0,2.0,100.0,45.527523
1269.0,49.0,20.0,2.0,100.0,59.836628
1270.0,0.0,20.0,2.0,100.0,29.41772
1271.0,0.5,20.0,2.0,100.0,24.774649
1272.0,1.0,20.0,2.0,100.0,20.452991
1273.0,2.0,20.0,2.0,100.0,14.2734375
1274.0,3.0,20.0,2.0,100.0,17.235294
1275.0,5.0,20.0,2.0,100.0,14.798388
1276.0,10.0,20.0,2.0,100.0,19.94
1277.0,20.0,20.0,2.0,100.0,33.09453
1278.0,40.0,20.0,2.0,100.0,42.136772
1279.0,49.0,20.0,2.0,100.0,95.40885
1280.0,0.0,20.0,2.0,100.0,29.647799
1281.0,0.5,20.0,2.0,100.0,12.586777
1282.0,1.0,20.0,2.0,100.0,28.343948
1283.0,2.0,20.0,2.0,100.0,14.775194
1284.0,3.0,20.0,2.0,100.0,20.294872
1285.0,5.0,20.0,2.0,100.0,10.730769
1286.0,10.0,20.0,2.0,100.0,16.923077
1287.0,20.0,20.0,2.0,100.0,26.80498
1288.0,40.0,20.0,2.0,100.0,40.745537
1289.0,49.0,20.0,2.0,100.0,75.98736
1290.0,0.0,20.0,2.0,100.0,27.858065
1291.0,0.5,20.0,2.0,100.0,29.19497
1292.0,1.0,20.0,2.0,100.0,24.528986
1293.0,2.0,20.0,2.0,100.0,16.691668
1294.0,3.0,20.0,2.0,100.0,18.05
1295.0,5.0,20.0,2.0,100.0,13.241667
1296.0,10.0,20.0,2.0,100.0,14.092105
1297.0,20.0,20.0,2.0,100.0,30.967077
1298.0,40.0,20.0,2.0,100.0,36.75991
1299.0,49.0,20.0,2.0,100.0,49.277405
1300.0,0.0,20.0,2.0,100.0,28.872612
1301.0,0.5,20.0,2.0,100.0,22.514925
1302.0,1.0,20.0,2.0,100.0,15.528926
1303.0,2.0,20.0,2.0,100.0,13.017544
1304.0,3.0,20.0,2.0,100.0,18.136095
1305.0,5.0,20.0,2.0,100.0,14.33871
1306.0,10.0,20.0,2.0,100.0,13.72
1307.0,20.0,20.0,2.0,100.0,19.089285
1308.0,40.0,20.0,2.0,100.0,29.19084
1309.0,49.0,20.0,2.0,100.0,57.35171
1310.0,0.0,20.0,2.0,100.0,28.923567
1311.0,0.5,20.0,2.0,100.0,29.455696
1312.0,1.0,20.0,2.0,100.0,30.590061
1313.0,2.0,20.0,2.0,100.0,21.617886
1314.0,3.0,20.0,2.0,100.0,19.683098
1315.0,5.0,20.0,2.0,100.0,12.583333
1316.0,10.0,20.0,2.0,100.0,35.90338
1317.0,20.0,20.0,2.0,100.0,18.40625
1318.0,40.0,20.0,2.0,100.0,49.60742
1319.0,49.0,20.0,2.0,100.0,66.980804
1320.0,0.0,20.0,2.0,100.0,29.761005
1321.0,0.5,20.0,2.0,100.0,28.452229
1322.0,1.0,20.0,2.0,100.0,28.348387
1323.0,2.0,20.0,2.0,100.0,11.416
1324.0,3.0,20.0,2.0,100.0,12.090909
1325.0,5.0,20.0,2.0,100.0,10.5079365
1326.0,10.0,20.0,2.0,100.0,14.361111
1327.0,20.0,20.0,2.0,100.0,19.17742
1328.0,40.0,20.0,2.0,100.0,40.830288
1329.0,49.0,20.0,2.0,100.0,134.31927
1330.0,0.0,20.0,2.0,100.0,28.23077
1331.0,0.5,20.0,2.0,100.0,14.857142
1332.0,1.0,20.0,2.0,100.0,14.864
1333.0,2.0,20.0,2.0,100.0,20.919754
1334.0,3.0,20.0,2.0,100.0,26.70946
1335.0,5.0,20.0,2.0,100.0,11.270073
1336.0,10.0,20.0,2.0,100.0,22.558283
1337.0,20.0,20.0,2.0,100.0,27.609243
1338.0,40.0,20.0,2.0,100.0,38.57072
1339.0,49.0,20.0,2.0,100.0,60.954243
1340.0,0.0,20.0,2.0,100.0,29.018988
1341.0,0.5,20.0,2.0,100.0,21.147287
1342.0,1.0,20.0,2.0,100.0,22.358778
1343.0,2.0,20.0,2.0,100.0,22.430555
1344.0,3.0,20.0,2.0,100.0,17.85
1345.0,5.0,20.0,2.0,100.0,19.31677
1346.0,10.0,20.0,2.0,100.0,23.169155
1347.0,20.0,20.0,2.0,100.0,31.487288
1348.0,40.0,20.0,2.0,100.0,41.01902
1349.0,49.0,20.0,2.0,100.0,64.27656
1350.0,0.0,20.0,2.0,100.0,27.929487
1351.0,0.5,20.0,2.0,100.0,29.490566
1352.0,1.0,20.0,2.0,100.0,18.972414
1353.0,2.0,20.0,2.0,100.0,27.583893
1354.0,3.0,20.0,2.0,100.0,20.158941
1355.0,5.0,20.0,2.0,100.0,23.908537
1356.0,10.0,20.0,2.0,100.0,23.661291
1357.0,20.0,20.0,2.0,100.0,21.542553
1358.0,40.0,20.0,2.0,100.0,40.09469
1359.0,49.0,20.0,2.0,100.0,109.03882
1360.0,0.0,20.0,2.0,100.0,29.226416
1361.0,0.5,20.0,2.0,100.0,13.333333
1362.0,1.0,20.0,2.0,100.0,15.380953
1363.0,2.0,20.0,2.0,100.0,29.8125
1364.0,3.0,20.0,2.0,100.0,19.872
1365.0,5.0,20.0,2.0,100.0,26.140127
1366.0,10.0,20.0,2.0,100.0,20.263159
1367.0,20.0,20.0,2.0,100.0,23.84127
1368.0,40.0,20.0,2.0,100.0,49.902752
1369.0,49.0,20.0,2.0,100.0,90.87815
1370.0,0.0,20.0,2.0,100.0,57.658535
1371.0,0.5,20.0,2.0,100.0,18.139345
1372.0,1.0,20.0,2.0,100.0,19.01653
1373.0,2.0,20.0,2.0,100.0,18.55102
1374.0,3.0,20.0,2.0,100.0,23.378881
1375.0,5.0,20.0,2.0,100.0,19.365269
1376.0,10.0,20.0,2.0,100.0,21.414635
1377.0,20.0,20.0,2.0,100.0,23.892654
1378.0,40.0,20.0,2.0,100.0,59.195652
1379.0,49.0,20.0,2.0,100.0,57.4277
1380.0,0.0,20.0,2.0,100.0,29.95625
1381.0,0.5,20.0,2.0,100.0,30.21875
1382.0,1.0,20.0,2.0,100.0,28.468355
1383.0,2.0,20.0,2.0,100.0,13.198529
1384.0,3.0,20.0,2.0,100.0,16.245033
1385.0,5.0,20.0,2.0,100.0,23.602339
1386.0,10.0,20.0,2.0,100.0,11.723404
1387.0,20.0,20.0,2.0,100.0,28.486364
1388.0,40.0,20.0,2.0,100.0,38.83871
1389.0,49.0,20.0,2.0,100.0,63.812943
1390.0,0.0,20.0,2.0,100.0,29.94375
1391.0,0.5,20.0,2.0,100.0,28.414013
1392.0,1.0,20.0,2.0,100.0,13.124087
1393.0,2.0,20.0,2.0,100.0,25.219355
1394.0,3.0,20.0,2.0,100.0,14.5801525
1395.0,5.0,20.0,2.0,100.0,21.414474
1396.0,10.0,20.0,2.0,100.0,25.453552
1397.0,20.0,20.0,2.0,100.0,28.412935
1398.0,40.0,20.0,2.0,100.0,37.5843
1399.0,49.0,20.0,2.0,100.0,78.07586
1400.0,0.0,20.0,2.0,100.0,30.596273
1401.0,0.5,20.0,2.0,100.0,30.24375
1402.0,1.0,20.0,2.0,100.0,20.076923
1403.0,2.0,20.0,2.0,100.0,21.777779
1404.0,3.0,20.0,2.0,100.0,16.925926
1405.0,5.0,20.0,2.0,100.0,15.611511
1406.0,10.0,20.0,2.0,100.0,19.801325
1407.0,20.0,20.0,2.0,100.0,25.144384
1408.0,40.0,20.0,2.0,100.0,37.43411
1409.0,49.0,20.0,2.0,100.0,77.27622
1410.0,0.0,20.0,2.0,100.0,29.515724
1411.0,0.5,20.0,2.0,100.0,15.422222
1412.0,1.0,20.0,2.0,100.0,29.056963
1413.0,2.0,20.0,2.0,100.0,21.047619
1414.0,3.0,20.0,2.0,100.0,15.522727
1415.0,5.0,20.0,2.0,100.0,25.949438
1416.0,10.0,20.0,2.0,100.0,27.015957
1417.0,20.0,20.0,2.0,100.0,14.64
1418.0,40.0,20.0,2.0,100.0,38.08169
1419.0,49.0,20.0,2.0,100.0,62.100056
1420.0,0.0,20.0,2.0,100.0,29.559748
1421.0,0.5,20.0,2.0,100.0,15.992701
1422.0,1.0,20.0,2.0,100.0,20.027027
1423.0,2.0,20.0,2.0,100.0,15.467742
1424.0,3.0,20.0,2.0,100.0,18.145985
1425.0,5.0,20.0,2.0,100.0,14.148936
1426.0,10.0,20.0,2.0,100.0,21.073034
1427.0,20.0,20.0,2.0,100.0,24.063158
1428.0,40.0,20.0,2.0,100.0,42.27204
1429.0,49.0,20.0,2.0,100.0,58.81802
1430.0,0.0,20.0,2.0,100.0,28.452229
1431.0,0.5,20.0,2.0,100.0,27.847826
1432.0,1.0,20.0,2.0,100.0,27.088436
1433.0,2.0,20.0,2.0,100.0,15.418033
1434.0,3.0,20.0,2.0,100.0,15.957143
1435.0,5.0,20.0,2.0,100.0,23.591717
1436.0,10.0,20.0,2.0,100.0,30.416245
1437.0,20.0,20.0,2.0,100.0,26.281916
1438.0,40.0,20.0,2.0,100.0,45.378548
1439.0,49.0,20.0,2.0,100.0,63.72383
1440.0,0.0,20.0,2.0,100.0,29.591194
1441.0,0.5,20.0,2.0,100.0,29.120253
1442.0,1.0,20.0,2.0,100.0,27.99359
1443.0,2.0,20.0,2.0,100.0,20.726562
1444.0,3.0,20.0,2.0,100.0,18.319445
1445.0,5.0,20.0,2.0,100.0,22.272728
1446.0,10.0,20.0,2.0,100.0,18.49133
1447.0,20.0,20.0,2.0,100.0,22.351648
1448.0,40.0,20.0,2.0,100.0,52.07742
1449.0,49.0,20.0,2.0,100.0,79.18787
1450.0,0.0,20.0,2.0,100.0,29.352201
1451.0,0.5,20.0,2.0,100.0,10.819673
1452.0,1.0,20.0,2.0,100.0,15.982609
1453.0,2.0,20.0,2.0,100.0,25.546099
1454.0,3.0,20.0,2.0,100.0,35.923077
1455.0,5.0,20.0,2.0,100.0,18.614864
1456.0,10.0,20.0,2.0,100.0,16.421053
1457.0,20.0,20.0,2.0,100.0,20.39521
1458.0,40.0,20.0,2.0,100.0,38.104897
1459.0,49.0,20.0,2.0,100.0,60.958397
1460.0,0.0,20.0,2.0,100.0,29.037975
1461.0,0.5,20.0,2.0,100.0,25.375887
1462.0,1.0,20.0,2.0,100.0,16.788136
1463.0,2.0,20.0,2.0,100.0,15.957265
1464.0,3.0,20.0,2.0,100.0,15.278571
1465.0,5.0,20.0,2.0,100.0,18.382353
1466.0,10.0,20.0,2.0,100.0,13.330827
1467.0,20.0,20.0,2.0,100.0,26.880184
1468.0,40.0,20.0,2.0,100.0,33.097656
1469.0,49.0,20.0,2.0,100.0,75.87104
1470.0,0.0,20.0,2.0,100.0,29.471699
1471.0,0.5,20.0,2.0,100.0,16.748201
1472.0,1.0,20.0,2.0,100.0,30.95679
1473.0,2.0,20.0,2.0,100.0,13.701492
1474.0,3.0,20.0,2.0,100.0,10.984848
1475.0,5.0,20.0,2.0,100.0,17.580153
1476.0,10.0,20.0,2.0,100.0,23.141104
1477.0,20.0,20.0,2.0,100.0,24.04369
1478.0,40.0,20.0,2.0,100.0,38.325413
1479.0,49.0,20.0,2.0,100.0,95.59064
1480.0,0.0,20.0,2.0,100.0,28.331211
1481.0,0.5,20.0,2.0,100.0,29.339622
1482.0,1.0,20.0,2.0,100.0,26.88
1483.0,2.0,20.0,2.0,100.0,14.429629
1484.0,3.0,20.0,2.0,100.0,20.0
1485.0,5.0,20.0,2.0,100.0,23.253334
1486.0,10.0,20.0,2.0,100.0,14.390411
1487.0,20.0,20.0,2.0,100.0,16.173077
1488.0,40.0,20.0,2.0,100.0,40.170773
1489.0,49.0,20.0,2.0,100.0,58.82636
1490.0,0.0,20.0,2.0,100.0,28.636942
1491.0,0.5,20.0,2.0,100.0,29.234177
1492.0,1.0,20.0,2.0,100.0,21.91603
1493.0,2.0,20.0,2.0,100.0,11.83077
1494.0,3.0,20.0,2.0,100.0,19.592358
1495.0,5.0,20.0,2.0,100.0,14.778688
1496.0,10.0,20.0,2.0,100.0,25.214724
1497.0,20.0,20.0,2.0,100.0,23.307262
1498.0,40.0,20.0,2.0,100.0,38.64847
1499.0,49.0,20.0,2.0,100.0,45.173843
1500.0,0.0,20.0,3.0,100.0,28.981012
1501.0,0.5,20.0,3.0,100.0,28.193333
1502.0,1.0,20.0,3.0,100.0,11.663865
1503.0,2.0,20.0,3.0,100.0,20.515625
1504.0,3.0,20.0,3.0,100.0,23.89535
1505.0,5.0,20.0,3.0,100.0,15.905109
1506.0,10.0,20.0,3.0,100.0,26.83105
1507.0,20.0,20.0,3.0,100.0,35.522335
1508.0,40.0,20.0,3.0,100.0,54.838997
1509.0,49.0,20.0,3.0,100.0,87.217766
1510.0,0.0,20.0,3.0,100.0,30.648148
1511.0,0.5,20.0,3.0,100.0,16.31387
1512.0,1.0,20.0,3.0,100.0,29.037975
1513.0,2.0,20.0,3.0,100.0,12.0
1514.0,3.0,20.0,3.0,100.0,17.243244
1515.0,5.0,20.0,3.0,100.0,26.833334
1516.0,10.0,20.0,3.0,100.0,19.853659
1517.0,20.0,20.0,3.0,100.0,32.345993
1518.0,40.0,20.0,3.0,100.0,62.92386
1519.0,49.0,20.0,3.0,100.0,61.465416
1520.0,0.0,20.0,3.0,100.0,29.01266
1521.0,0.5,20.0,3.0,100.0,29.06962
1522.0,1.0,20.0,3.0,100.0,28.210192
1523.0,2.0,20.0,3.0,100.0,20.677166
1524.0,3.0,20.0,3.0,100.0,47.776318
1525.0,5.0,20.0,3.0,100.0,11.863309
1526.0,10.0,20.0,3.0,100.0,23.852564
1527.0,20.0,20.0,3.0,100.0,27.734884
1528.0,40.0,20.0,3.0,100.0,47.72106
1529.0,49.0,20.0,3.0,100.0,85.95612
1530.0,0.0,20.0,3.0,100.0,30.80368
1531.0,0.5,20.0,3.0,100.0,28.7707
1532.0,1.0,20.0,3.0,100.0,33.228394
1533.0,2.0,20.0,3.0,100.0,24.678787
1534.0,3.0,20.0,3.0,100.0,20.42
1535.0,5.0,20.0,3.0,100.0,17.632
1536.0,10.0,20.0,3.0,100.0,28.582888
1537.0,20.0,20.0,3.0,100.0,27.911764
1538.0,40.0,20.0,3.0,100.0,31.39206
1539.0,49.0,20.0,3.0,100.0,60.844826
1540.0,0.0,20.0,3.0,100.0,30.0625
1541.0,0.5,20.0,3.0,100.0,22.06107
1542.0,1.0,20.0,3.0,100.0,25.944445
1543.0,2.0,20.0,3.0,100.0,29.716982
1544.0,3.0,20.0,3.0,100.0,21.092714
1545.0,5.0,20.0,3.0,100.0,20.088709
1546.0,10.0,20.0,3.0,100.0,34.497536
1547.0,20.0,20.0,3.0,100.0,36.5
1548.0,40.0,20.0,3.0,100.0,44.508297
1549.0,49.0,20.0,3.0,100.0,128.38731
1550.0,0.0,20.0,3.0,100.0,29.215189
1551.0,0.5,20.0,3.0,100.0,29.259493
1552.0,1.0,20.0,3.0,100.0,28.968355
1553.0,2.0,20.0,3.0,100.0,20.424
1554.0,3.0,20.0,3.0,100.0,18.685951
1555.0,5.0,20.0,3.0,100.0,16.926174
1556.0,10.0,20.0,3.0,100.0,59.966557
1557.0,20.0,20.0,3.0,100.0,23.675127
1558.0,40.0,20.0,3.0,100.0,32.63797
1559.0,49.0,20.0,3.0,100.0,61.79368
1560.0,0.0,20.0,3.0,100.0,48.620193
1561.0,0.5,20.0,3.0,100.0,30.05625
1562.0,1.0,20.0,3.0,100.0,23.288889
1563.0,2.0,20.0,3.0,100.0,25.323944
1564.0,3.0,20.0,3.0,100.0,17.79375
1565.0,5.0,20.0,3.0,100.0,12.383459
1566.0,10.0,20.0,3.0,100.0,33.774868
1567.0,20.0,20.0,3.0,100.0,34.307693
1568.0,40.0,20.0,3.0,100.0,46.683872
1569.0,49.0,20.0,3.0,100.0,102.719894
1570.0,0.0,20.0,3.0,100.0,31.451612
1571.0,0.5,20.0,3.0,100.0,15.637681
1572.0,1.0,20.0,3.0,100.0,25.76389
1573.0,2.0,20.0,3.0,100.0,29.14674
1574.0,3.0,20.0,3.0,100.0,14.44
1575.0,5.0,20.0,3.0,100.0,21.017046
1576.0,10.0,20.0,3.0,100.0,13.653061
1577.0,20.0,20.0,3.0,100.0,22.595556
1578.0,40.0,20.0,3.0,100.0,56.64695
1579.0,49.0,20.0,3.0,100.0,75.0841
1580.0,0.0,20.0,3.0,100.0,29.471699
1581.0,0.5,20.0,3.0,100.0,20.302326
1582.0,1.0,20.0,3.0,100.0,24.177778
1583.0,2.0,20.0,3.0,100.0,10.576923
1584.0,3.0,20.0,3.0,100.0,21.544117
1585.0,5.0,20.0,3.0,100.0,30.216417
1586.0,10.0,20.0,3.0,100.0,21.074713
1587.0,20.0,20.0,3.0,100.0,44.479244
1588.0,40.0,20.0,3.0,100.0,50.090786
1589.0,49.0,20.0,3.0,100.0,40.446777
1590.0,0.0,20.0,3.0,100.0,29.710691
1591.0,0.5,20.0,3.0,100.0,15.492754
1592.0,1.0,20.0,3.0,100.0,14.986014
1593.0,2.0,20.0,3.0,100.0,23.027586
1594.0,3.0,20.0,3.0,100.0,21.686567
1595.0,5.0,20.0,3.0,100.0,26.53416
1596.0,10.0,20.0,3.0,100.0,27.616161
1597.0,20.0,20.0,3.0,100.0,21.466257
1598.0,40.0,20.0,3.0,100.0,38.796875
1599.0,49.0,20.0,3.0,100.0,54.176395
1600.0,0.0,20.0,3.0,100.0,60.39216
1601.0,0.5,20.0,3.0,100.0,29.113924
1602.0,1.0,20.0,3.0,100.0,28.05921
1603.0,2.0,20.0,3.0,100.0,21.627329
1604.0,3.0,20.0,3.0,100.0,15.007143
1605.0,5.0,20.0,3.0,100.0,28.863905
1606.0,10.0,20.0,3.0,100.0,31.180904
1607.0,20.0,20.0,3.0,100.0,36.79842
1608.0,40.0,20.0,3.0,100.0,43.589443
1609.0,49.0,20.0,3.0,100.0,64.11503
1610.0,0.0,20.0,3.0,100.0,28.873417
1611.0,0.5,20.0,3.0,100.0,15.4
1612.0,1.0,20.0,3.0,100.0,17.528456
1613.0,2.0,20.0,3.0,100.0,16.045113
1614.0,3.0,20.0,3.0,100.0,23.266272
1615.0,5.0,20.0,3.0,100.0,22.23841
1616.0,10.0,20.0,3.0,100.0,25.126373
1617.0,20.0,20.0,3.0,100.0,24.517412
1618.0,40.0,20.0,3.0,100.0,46.400475
1619.0,49.0,20.0,3.0,100.0,57.94277
1620.0,0.0,20.0,3.0,100.0,28.331211
1621.0,0.5,20.0,3.0,100.0,29.006329
1622.0,1.0,20.0,3.0,100.0,23.484848
1623.0,2.0,20.0,3.0,100.0,20.807947
1624.0,3.0,20.0,3.0,100.0,13.553719
1625.0,5.0,20.0,3.0,100.0,28.65909
1626.0,10.0,20.0,3.0,100.0,13.8
1627.0,20.0,20.0,3.0,100.0,27.109524
1628.0,40.0,20.0,3.0,100.0,38.700245
1629.0,49.0,20.0,3.0,100.0,49.185528
1630.0,0.0,20.0,3.0,100.0,28.391026
1631.0,0.5,20.0,3.0,100.0,29.267515
1632.0,1.0,20.0,3.0,100.0,29.018867
1633.0,2.0,20.0,3.0,100.0,14.328571
1634.0,3.0,20.0,3.0,100.0,21.666666
1635.0,5.0,20.0,3.0,100.0,16.251614
1636.0,10.0,20.0,3.0,100.0,16.84049
1637.0,20.0,20.0,3.0,100.0,31.871796
1638.0,40.0,20.0,3.0,100.0,45.29979
1639.0,49.0,20.0,3.0,100.0,87.89875
1640.0,0.0,20.0,3.0,100.0,29.91195
1641.0,0.5,20.0,3.0,100.0,29.85625
1642.0,1.0,20.0,3.0,100.0,26.072992
1643.0,2.0,20.0,3.0,100.0,24.065218
1644.0,3.0,20.0,3.0,100.0,17.61832
1645.0,5.0,20.0,3.0,100.0,25.822485
1646.0,10.0,20.0,3.0,100.0,22.231133
1647.0,20.0,20.0,3.0,100.0,26.147465
1648.0,40.0,20.0,3.0,100.0,42.39388
1649.0,49.0,20.0,3.0,100.0,100.52361
1650.0,0.0,20.0,3.0,100.0,29.415094
1651.0,0.5,20.0,3.0,100.0,30.304348
1652.0,1.0,20.0,3.0,100.0,40.480198
1653.0,2.0,20.0,3.0,100.0,26.993103
1654.0,3.0,20.0,3.0,100.0,19.541353
1655.0,5.0,20.0,3.0,100.0,9.901639
1656.0,10.0,20.0,3.0,100.0,26.863636
1657.0,20.0,20.0,3.0,100.0,21.880953
1658.0,40.0,20.0,3.0,100.0,40.27612
1659.0,49.0,20.0,3.0,100.0,118.25329
1660.0,0.0,20.0,3.0,100.0,28.292994
1661.0,0.5,20.0,3.0,100.0,29.874214
1662.0,1.0,20.0,3.0,100.0,29.227848
1663.0,2.0,20.0,3.0,100.0,13.204918
1664.0,3.0,20.0,3.0,100.0,22.256756
1665.0,5.0,20.0,3.0,100.0,13.216
1666.0,10.0,20.0,3.0,100.0,36.21097
1667.0,20.0,20.0,3.0,100.0,31.844898
1668.0,40.0,20.0,3.0,100.0,33.759357
1669.0,49.0,20.0,3.0,100.0,60.94145
1670.0,0.0,20.0,3.0,100.0,28.949045
1671.0,0.5,20.0,3.0,100.0,29.272152
1672.0,1.0,20.0,3.0,100.0,37.04145
1673.0,2.0,20.0,3.0,100.0,22.518797
1674.0,3.0,20.0,3.0,100.0,37.69101
1675.0,5.0,20.0,3.0,100.0,9.6171875
1676.0,10.0,20.0,3.0,100.0,35.253807
1677.0,20.0,20.0,3.0,100.0,29.106482
1678.0,40.0,20.0,3.0,100.0,41.844078
1679.0,49.0,20.0,3.0,100.0,73.8263
1680.0,0.0,20.0,3.0,100.0,28.91772
1681.0,0.5,20.0,3.0,100.0,30.4625
1682.0,1.0,20.0,3.0,100.0,28.696203
1683.0,2.0,20.0,3.0,100.0,26.272152
1684.0,3.0,20.0,3.0,100.0,12.381356
1685.0,5.0,20.0,3.0,100.0,13.293706
1686.0,10.0,20.0,3.0,100.0,15.364779
1687.0,20.0,20.0,3.0,100.0,27.89
1688.0,40.0,20.0,3.0,100.0,35.998135
1689.0,49.0,20.0,3.0,100.0,88.78615
1690.0,0.0,20.0,3.0,100.0,29.36076
1691.0,0.5,20.0,3.0,100.0,26.979452
1692.0,1.0,20.0,3.0,100.0,24.788733
1693.0,2.0,20.0,3.0,100.0,19.526718
1694.0,3.0,20.0,3.0,100.0,18.0
1695.0,5.0,20.0,3.0,100.0,12.070922
1696.0,10.0,20.0,3.0,100.0,17.670454
1697.0,20.0,20.0,3.0,100.0,39.40678
1698.0,40.0,20.0,3.0,100.0,42.11321
1699.0,49.0,20.0,3.0,100.0,48.786087
1700.0,0.0,20.0,3.0,100.0,30.3375
1701.0,0.5,20.0,3.0,100.0,28.477707
1702.0,1.0,20.0,3.0,100.0,16.381355
1703.0,2.0,20.0,3.0,100.0,10.123967
1704.0,3.0,20.0,3.0,100.0,11.617887
1705.0,5.0,20.0,3.0,100.0,18.604317
1706.0,10.0,20.0,3.0,100.0,11.246268
1707.0,20.0,20.0,3.0,100.0,27.236967
1708.0,40.0,20.0,3.0,100.0,35.680374
1709.0,49.0,20.0,3.0,100.0,81.06405
1710.0,0.0,20.0,3.0,100.0,29.83125
1711.0,0.5,20.0,3.0,100.0,23.362963
1712.0,1.0,20.0,3.0,100.0,22.253845
1713.0,2.0,20.0,3.0,100.0,16.496
1714.0,3.0,20.0,3.0,100.0,32.22561
1715.0,5.0,20.0,3.0,100.0,23.021898
1716.0,10.0,20.0,3.0,100.0,19.0559
1717.0,20.0,20.0,3.0,100.0,32.97345
1718.0,40.0,20.0,3.0,100.0,63.791668
1719.0,49.0,20.0,3.0,100.0,66.02573
1720.0,0.0,20.0,3.0,100.0,28.630573
1721.0,0.5,20.0,3.0,100.0,28.564936
1722.0,1.0,20.0,3.0,100.0,30.52795
1723.0,2.0,20.0,3.0,100.0,14.864285
1724.0,3.0,20.0,3.0,100.0,18.503597
1725.0,5.0,20.0,3.0,100.0,18.041666
1726.0,10.0,20.0,3.0,100.0,31.658823
1727.0,20.0,20.0,3.0,100.0,27.994844
1728.0,40.0,20.0,3.0,100.0,30.346733
1729.0,49.0,20.0,3.0,100.0,71.46452
1730.0,0.0,20.0,3.0,100.0,30.025
1731.0,0.5,20.0,3.0,100.0,35.074287
1732.0,1.0,20.0,3.0,100.0,29.875
1733.0,2.0,20.0,3.0,100.0,31.191359
1734.0,3.0,20.0,3.0,100.0,13.8
1735.0,5.0,20.0,3.0,100.0,19.97619
1736.0,10.0,20.0,3.0,100.0,28.329609
1737.0,20.0,20.0,3.0,100.0,30.9187
1738.0,40.0,20.0,3.0,100.0,55.952965
1739.0,49.0,20.0,3.0,100.0,79.39018
1740.0,0.0,20.0,3.0,100.0,28.753164
1741.0,0.5,20.0,3.0,100.0,26.673077
1742.0,1.0,20.0,3.0,100.0,28.88889
1743.0,2.0,20.0,3.0,100.0,21.28125
1744.0,3.0,20.0,3.0,100.0,16.864286
1745.0,5.0,20.0,3.0,100.0,20.758865
1746.0,10.0,20.0,3.0,100.0,27.816832
1747.0,20.0,20.0,3.0,100.0,23.316832
1748.0,40.0,20.0,3.0,100.0,50.723515
1749.0,49.0,20.0,3.0,100.0,67.19301
1750.0,0.0,20.0,3.0,100.0,41.071796
1751.0,0.5,20.0,3.0,100.0,14.78125
1752.0,1.0,20.0,3.0,100.0,18.245901
1753.0,2.0,20.0,3.0,100.0,37.651936
1754.0,3.0,20.0,3.0,100.0,14.27907
1755.0,5.0,20.0,3.0,100.0,12.30303
1756.0,10.0,20.0,3.0,100.0,21.526627
1757.0,20.0,20.0,3.0,100.0,26.255144
1758.0,40.0,20.0,3.0,100.0,49.57283
1759.0,49.0,20.0,3.0,100.0,68.91934
1760.0,0.0,20.0,3.0,100.0,29.6125
1761.0,0.5,20.0,3.0,100.0,28.777071
1762.0,1.0,20.0,3.0,100.0,23.034721
1763.0,2.0,20.0,3.0,100.0,15.234782
1764.0,3.0,20.0,3.0,100.0,31.885246
1765.0,5.0,20.0,3.0,100.0,23.48611
1766.0,10.0,20.0,3.0,100.0,28.56213
1767.0,20.0,20.0,3.0,100.0,25.846512
1768.0,40.0,20.0,3.0,100.0,45.28353
1769.0,49.0,20.0,3.0,100.0,78.87702
1770.0,0.0,20.0,3.0,100.0,29.265823
1771.0,0.5,20.0,3.0,100.0,22.850746
1772.0,1.0,20.0,3.0,100.0,22.620914
1773.0,2.0,20.0,3.0,100.0,25.521128
1774.0,3.0,20.0,3.0,100.0,17.192858
1775.0,5.0,20.0,3.0,100.0,44.903507
1776.0,10.0,20.0,3.0,100.0,18.390411
1777.0,20.0,20.0,3.0,100.0,27.97826
1778.0,40.0,20.0,3.0,100.0,45.36495
1779.0,49.0,20.0,3.0,100.0,67.377975
1780.0,0.0,20.0,3.0,100.0,29.591194
1781.0,0.5,20.0,3.0,100.0,20.733334
1782.0,1.0,20.0,3.0,100.0,14.75
1783.0,2.0,20.0,3.0,100.0,18.80137
1784.0,3.0,20.0,3.0,100.0,11.560345
1785.0,5.0,20.0,3.0,100.0,16.030535
1786.0,10.0,20.0,3.0,100.0,26.92473
1787.0,20.0,20.0,3.0,100.0,28.75
1788.0,40.0,20.0,3.0,100.0,46.182846
1789.0,49.0,20.0,3.0,100.0,66.24902
1790.0,0.0,20.0,3.0,100.0,30.45
1791.0,0.5,20.0,3.0,100.0,14.755905
1792.0,1.0,20.0,3.0,100.0,10.557377
1793.0,2.0,20.0,3.0,100.0,22.679104
1794.0,3.0,20.0,3.0,100.0,17.669172
1795.0,5.0,20.0,3.0,100.0,30.109756
1796.0,10.0,20.0,3.0,100.0,28.560747
1797.0,20.0,20.0,3.0,100.0,34.64681
1798.0,40.0,20.0,3.0,100.0,28.853556
1799.0,49.0,20.0,3.0,100.0,59.62087
1800.0,0.0,20.0,3.0,100.0,36.736263
1801.0,0.5,20.0,3.0,100.0,24.561152
1802.0,1.0,20.0,3.0,100.0,26.472221
1803.0,2.0,20.0,3.0,100.0,11.429825
1804.0,3.0,20.0,3.0,100.0,25.024096
1805.0,5.0,20.0,3.0,100.0,16.77612
1806.0,10.0,20.0,3.0,100.0,11.492857
1807.0,20.0,20.0,3.0,100.0,28.990992
1808.0,40.0,20.0,3.0,100.0,57.78581
1809.0,49.0,20.0,3.0,100.0,57.171906
1810.0,0.0,20.0,3.0,100.0,28.649681
1811.0,0.5,20.0,3.0,100.0,22.820896
1812.0,1.0,20.0,3.0,100.0,17.17647
1813.0,2.0,20.0,3.0,100.0,27.39855
1814.0,3.0,20.0,3.0,100.0,18.513514
1815.0,5.0,20.0,3.0,100.0,20.904762
1816.0,10.0,20.0,3.0,100.0,19.414364
1817.0,20.0,20.0,3.0,100.0,24.90367
1818.0,40.0,20.0,3.0,100.0,37.230927
1819.0,49.0,20.0,3.0,100.0,67.20975
1820.0,0.0,20.0,3.0,100.0,30.378881
1821.0,0.5,20.0,3.0,100.0,29.371069
1822.0,1.0,20.0,3.0,100.0,28.98734
1823.0,2.0,20.0,3.0,100.0,24.27564
1824.0,3.0,20.0,3.0,100.0,18.894308
1825.0,5.0,20.0,3.0,100.0,27.383234
1826.0,10.0,20.0,3.0,100.0,27.515465
1827.0,20.0,20.0,3.0,100.0,17.73301
1828.0,40.0,20.0,3.0,100.0,30.62815
1829.0,49.0,20.0,3.0,100.0,55.386612
1830.0,0.0,20.0,3.0,100.0,28.076433
1831.0,0.5,20.0,3.0,100.0,53.50463
1832.0,1.0,20.0,3.0,100.0,23.772058
1833.0,2.0,20.0,3.0,100.0,24.384106
1834.0,3.0,20.0,3.0,100.0,23.214815
1835.0,5.0,20.0,3.0,100.0,11.471544
1836.0,10.0,20.0,3.0,100.0,33.514423
1837.0,20.0,20.0,3.0,100.0,34.76889
1838.0,40.0,20.0,3.0,100.0,44.46682
1839.0,49.0,20.0,3.0,100.0,82.03131
1840.0,0.0,20.0,3.0,100.0,30.05625
1841.0,0.5,20.0,3.0,100.0,29.63522
1842.0,1.0,20.0,3.0,100.0,27.56
1843.0,2.0,20.0,3.0,100.0,28.924051
1844.0,3.0,20.0,3.0,100.0,19.07377
1845.0,5.0,20.0,3.0,100.0,18.020134
1846.0,10.0,20.0,3.0,100.0,24.649006
1847.0,20.0,20.0,3.0,100.0,16.860466
1848.0,40.0,20.0,3.0,100.0,62.300682
1849.0,49.0,20.0,3.0,100.0,54.75306
1850.0,0.0,20.0,3.0,100.0,29.8875
1851.0,0.5,20.0,3.0,100.0,40.349205
1852.0,1.0,20.0,3.0,100.0,20.653543
1853.0,2.0,20.0,3.0,100.0,12.782258
1854.0,3.0,20.0,3.0,100.0,11.859375
1855.0,5.0,20.0,3.0,100.0,30.489012
1856.0,10.0,20.0,3.0,100.0,24.987421
1857.0,20.0,20.0,3.0,100.0,29.331776
1858.0,40.0,20.0,3.0,100.0,33.133335
1859.0,49.0,20.0,3.0,100.0,64.52326
1860.0,0.0,20.0,3.0,100.0,28.7707
1861.0,0.5,20.0,3.0,100.0,28.656052
1862.0,1.0,20.0,3.0,100.0,14.253623
1863.0,2.0,20.0,3.0,100.0,27.4702
1864.0,3.0,20.0,3.0,100.0,18.140495
1865.0,5.0,20.0,3.0,100.0,23.178082
1866.0,10.0,20.0,3.0,100.0,26.040462
1867.0,20.0,20.0,3.0,100.0,30.92511
1868.0,40.0,20.0,3.0,100.0,29.003584
1869.0,49.0,20.0,3.0,100.0,64.473976
1870.0,0.0,20.0,3.0,100.0,28.363058
1871.0,0.5,20.0,3.0,100.0,18.409395
1872.0,1.0,20.0,3.0,100.0,41.75862
1873.0,2.0,20.0,3.0,100.0,13.350746
1874.0,3.0,20.0,3.0,100.0,19.716814
1875.0,5.0,20.0,3.0,100.0,14.007143
1876.0,10.0,20.0,3.0,100.0,23.425806
1877.0,20.0,20.0,3.0,100.0,29.181818
1878.0,40.0,20.0,3.0,100.0,37.718803
1879.0,49.0,20.0,3.0,100.0,109.64536
1880.0,0.0,20.0,3.0,100.0,28.43312
1881.0,0.5,20.0,3.0,100.0,29.481012
1882.0,1.0,20.0,3.0,100.0,26.898088
1883.0,2.0,20.0,3.0,100.0,32.21557
1884.0,3.0,20.0,3.0,100.0,26.369791
1885.0,5.0,20.0,3.0,100.0,33.216217
1886.0,10.0,20.0,3.0,100.0,38.32843
1887.0,20.0,20.0,3.0,100.0,35.2093
1888.0,40.0,20.0,3.0,100.0,51.66075
1889.0,49.0,20.0,3.0,100.0,67.88819
1890.0,0.0,20.0,3.0,100.0,29.094936
1891.0,0.5,20.0,3.0,100.0,15.648
1892.0,1.0,20.0,3.0,100.0,28.222929
1893.0,2.0,20.0,3.0,100.0,13.927273
1894.0,3.0,20.0,3.0,100.0,14.608392
1895.0,5.0,20.0,3.0,100.0,17.058393
1896.0,10.0,20.0,3.0,100.0,28.185568
1897.0,20.0,20.0,3.0,100.0,34.535713
1898.0,40.0,20.0,3.0,100.0,36.964104
1899.0,49.0,20.0,3.0,100.0,83.88179
1900.0,0.0,20.0,3.0,100.0,28.585987
1901.0,0.5,20.0,3.0,100.0,29.259493
1902.0,1.0,20.0,3.0,100.0,27.632257
1903.0,2.0,20.0,3.0,100.0,17.566668
1904.0,3.0,20.0,3.0,100.0,14.937984
1905.0,5.0,20.0,3.0,100.0,17.333334
1906.0,10.0,20.0,3.0,100.0,37.283104
1907.0,20.0,20.0,3.0,100.0,53.989437
1908.0,40.0,20.0,3.0,100.0,48.33932
1909.0,49.0,20.0,3.0,100.0,55.578793
1910.0,0.0,20.0,3.0,100.0,28.121796
1911.0,0.5,20.0,3.0,100.0,29.245283
1912.0,1.0,20.0,3.0,100.0,28.664557
1913.0,2.0,20.0,3.0,100.0,22.844156
1914.0,3.0,20.0,3.0,100.0,12.398305
1915.0,5.0,20.0,3.0,100.0,12.785185
1916.0,10.0,20.0,3.0,100.0,39.335907
1917.0,20.0,20.0,3.0,100.0,36.180996
1918.0,40.0,20.0,3.0,100.0,52.416855
1919.0,49.0,20.0,3.0,100.0,66.93287
1920.0,0.0,20.0,3.0,100.0,28.515924
1921.0,0.5,20.0,3.0,100.0,28.949368
1922.0,1.0,20.0,3.0,100.0,29.81761
1923.0,2.0,20.0,3.0,100.0,10.875
1924.0,3.0,20.0,3.0,100.0,16.469696
1925.0,5.0,20.0,3.0,100.0,14.115942
1926.0,10.0,20.0,3.0,100.0,33.815952
1927.0,20.0,20.0,3.0,100.0,20.931936
1928.0,40.0,20.0,3.0,100.0,41.51948
1929.0,49.0,20.0,3.0,100.0,102.92168
1930.0,0.0,20.0,3.0,100.0,28.254778
1931.0,0.5,20.0,3.0,100.0,27.846153
1932.0,1.0,20.0,3.0,100.0,20.3
1933.0,2.0,20.0,3.0,100.0,21.523489
1934.0,3.0,20.0,3.0,100.0,14.487395
1935.0,5.0,20.0,3.0,100.0,22.596859
1936.0,10.0,20.0,3.0,100.0,24.75
1937.0,20.0,20.0,3.0,100.0,27.857143
1938.0,40.0,20.0,3.0,100.0,33.082546
1939.0,49.0,20.0,3.0,100.0,74.00762
1940.0,0.0,20.0,3.0,100.0,29.528301
1941.0,0.5,20.0,3.0,100.0,24.068703
1942.0,1.0,20.0,3.0,100.0,16.52459
1943.0,2.0,20.0,3.0,100.0,21.791946
1944.0,3.0,20.0,3.0,100.0,29.782608
1945.0,5.0,20.0,3.0,100.0,11.457364
1946.0,10.0,20.0,3.0,100.0,51.076305
1947.0,20.0,20.0,3.0,100.0,17.174864
1948.0,40.0,20.0,3.0,100.0,93.303085
1949.0,49.0,20.0,3.0,100.0,56.47189
1950.0,0.0,20.0,3.0,100.0,29.006329
1951.0,0.5,20.0,3.0,100.0,30.075
1952.0,1.0,20.0,3.0,100.0,20.608109
1953.0,2.0,20.0,3.0,100.0,13.743589
1954.0,3.0,20.0,3.0,100.0,13.76378
1955.0,5.0,20.0,3.0,100.0,24.955801
1956.0,10.0,20.0,3.0,100.0,12.145454
1957.0,20.0,20.0,3.0,100.0,20.54023
1958.0,40.0,20.0,3.0,100.0,46.769093
1959.0,49.0,20.0,3.0,100.0,38.10676
1960.0,0.0,20.0,3.0,100.0,29.245283
1961.0,0.5,20.0,3.0,100.0,28.462025
1962.0,1.0,20.0,3.0,100.0,17.884298
1963.0,2.0,20.0,3.0,100.0,20.806202
1964.0,3.0,20.0,3.0,100.0,15.589744
1965.0,5.0,20.0,3.0,100.0,19.803797
1966.0,10.0,20.0,3.0,100.0,16.455696
1967.0,20.0,20.0,3.0,100.0,24.243902
1968.0,40.0,20.0,3.0,100.0,36.42808
1969.0,49.0,20.0,3.0,100.0,78.81552
1970.0,0.0,20.0,3.0,100.0,29.647799
1971.0,0.5,20.0,3.0,100.0,29.43038
1972.0,1.0,20.0,3.0,100.0,12.641026
1973.0,2.0,20.0,3.0,100.0,10.5
1974.0,3.0,20.0,3.0,100.0,12.0
1975.0,5.0,20.0,3.0,100.0,10.0
1976.0,10.0,20.0,3.0,100.0,25.632433
1977.0,20.0,20.0,3.0,100.0,30.616789
1978.0,40.0,20.0,3.0,100.0,29.396782
1979.0,49.0,20.0,3.0,100.0,60.288113
1980.0,0.0,20.0,3.0,100.0,29.056963
1981.0,0.5,20.0,3.0,100.0,32.842106
1982.0,1.0,20.0,3.0,100.0,17.284615
1983.0,2.0,20.0,3.0,100.0,31.778442
1984.0,3.0,20.0,3.0,100.0,18.697184
1985.0,5.0,20.0,3.0,100.0,12.976
1986.0,10.0,20.0,3.0,100.0,27.9162
1987.0,20.0,20.0,3.0,100.0,23.18894
1988.0,40.0,20.0,3.0,100.0,46.299107
1989.0,49.0,20.0,3.0,100.0,69.425446
1990.0,0.0,20.0,3.0,100.0,29.522013
1991.0,0.5,20.0,3.0,100.0,21.18792
1992.0,1.0,20.0,3.0,100.0,28.696203
1993.0,2.0,20.0,3.0,100.0,17.79878
1994.0,3.0,20.0,3.0,100.0,30.547873
1995.0,5.0,20.0,3.0,100.0,18.167786
1996.0,10.0,20.0,3.0,100.0,45.489178
1997.0,20.0,20.0,3.0,100.0,31.768183
1998.0,40.0,20.0,3.0,100.0,51.5719
1999.0,49.0,20.0,3.0,100.0,48.978848
2000.0,0.0,20.0,4.0,100.0,27.541935
2001.0,0.5,20.0,4.0,100.0,28.636942
2002.0,1.0,20.0,4.0,100.0,29.339622
2003.0,2.0,20.0,4.0,100.0,19.548388
2004.0,3.0,20.0,4.0,100.0,32.868263
2005.0,5.0,20.0,4.0,100.0,11.469697
2006.0,10.0,20.0,4.0,100.0,35.778847
2007.0,20.0,20.0,4.0,100.0,13.089655
2008.0,40.0,20.0,4.0,100.0,40.868595
2009.0,49.0,20.0,4.0,100.0,47.324646
2010.0,0.0,20.0,4.0,100.0,29.303797
2011.0,0.5,20.0,4.0,100.0,28.968355
2012.0,1.0,20.0,4.0,100.0,20.694267
2013.0,2.0,20.0,4.0,100.0,18.263159
2014.0,3.0,20.0,4.0,100.0,23.28
2015.0,5.0,20.0,4.0,100.0,10.519685
2016.0,10.0,20.0,4.0,100.0,11.422535
2017.0,20.0,20.0,4.0,100.0,25.2
2018.0,40.0,20.0,4.0,100.0,49.363266
2019.0,49.0,20.0,4.0,100.0,71.82739
2020.0,0.0,20.0,4.0,100.0,29.025316
2021.0,0.5,20.0,4.0,100.0,29.679245
2022.0,1.0,20.0,4.0,100.0,32.56579
2023.0,2.0,20.0,4.0,100.0,19.648
2024.0,3.0,20.0,4.0,100.0,18.040983
2025.0,5.0,20.0,4.0,100.0,28.380953
2026.0,10.0,20.0,4.0,100.0,17.366198
2027.0,20.0,20.0,4.0,100.0,38.48182
2028.0,40.0,20.0,4.0,100.0,56.1
2029.0,49.0,20.0,4.0,100.0,64.11275
2030.0,0.0,20.0,4.0,100.0,37.85792
2031.0,0.5,20.0,4.0,100.0,25.895105
2032.0,1.0,20.0,4.0,100.0,18.669014
2033.0,2.0,20.0,4.0,100.0,26.729322
2034.0,3.0,20.0,4.0,100.0,10.2713175
2035.0,5.0,20.0,4.0,100.0,29.517006
2036.0,10.0,20.0,4.0,100.0,32.675392
2037.0,20.0,20.0,4.0,100.0,34.67281
2038.0,40.0,20.0,4.0,100.0,54.22465
2039.0,49.0,20.0,4.0,100.0,61.96496
2040.0,0.0,20.0,4.0,100.0,29.257862
2041.0,0.5,20.0,4.0,100.0,28.636942
2042.0,1.0,20.0,4.0,100.0,30.069181
2043.0,2.0,20.0,4.0,100.0,27.063292
2044.0,3.0,20.0,4.0,100.0,21.484663
2045.0,5.0,20.0,4.0,100.0,24.797468
2046.0,10.0,20.0,4.0,100.0,27.89375
2047.0,20.0,20.0,4.0,100.0,48.17551
2048.0,40.0,20.0,4.0,100.0,28.982037
2049.0,49.0,20.0,4.0,100.0,107.79581
2050.0,0.0,20.0,4.0,100.0,28.757961
2051.0,0.5,20.0,4.0,100.0,28.898735
2052.0,1.0,20.0,4.0,100.0,19.593496
2053.0,2.0,20.0,4.0,100.0,12.672
2054.0,3.0,20.0,4.0,100.0,16.007463
2055.0,5.0,20.0,4.0,100.0,9.958677
2056.0,10.0,20.0,4.0,100.0,30.049725
2057.0,20.0,20.0,4.0,100.0,46.912663
2058.0,40.0,20.0,4.0,100.0,56.930416
2059.0,49.0,20.0,4.0,100.0,66.262856
2060.0,0.0,20.0,4.0,100.0,30.125
2061.0,0.5,20.0,4.0,100.0,24.149351
2062.0,1.0,20.0,4.0,100.0,30.03352
2063.0,2.0,20.0,4.0,100.0,19.233767
2064.0,3.0,20.0,4.0,100.0,22.0
2065.0,5.0,20.0,4.0,100.0,19.239725
2066.0,10.0,20.0,4.0,100.0,40.87168
2067.0,20.0,20.0,4.0,100.0,39.075863
2068.0,40.0,20.0,4.0,100.0,40.221275
2069.0,49.0,20.0,4.0,100.0,47.216217
2070.0,0.0,20.0,4.0,100.0,29.603773
2071.0,0.5,20.0,4.0,100.0,29.425
2072.0,1.0,20.0,4.0,100.0,28.211538
2073.0,2.0,20.0,4.0,100.0,29.146498
2074.0,3.0,20.0,4.0,100.0,45.322582
2075.0,5.0,20.0,4.0,100.0,21.938461
2076.0,10.0,20.0,4.0,100.0,48.27041
2077.0,20.0,20.0,4.0,100.0,41.335026
2078.0,40.0,20.0,4.0,100.0,38.105263
2079.0,49.0,20.0,4.0,100.0,56.527206
2080.0,0.0,20.0,4.0,100.0,29.113924
2081.0,0.5,20.0,4.0,100.0,22.0
2082.0,1.0,20.0,4.0,100.0,30.0
2083.0,2.0,20.0,4.0,100.0,38.2807
2084.0,3.0,20.0,4.0,100.0,16.318182
2085.0,5.0,20.0,4.0,100.0,13.852174
2086.0,10.0,20.0,4.0,100.0,27.755981
2087.0,20.0,20.0,4.0,100.0,61.70533
2088.0,40.0,20.0,4.0,100.0,41.984913
2089.0,49.0,20.0,4.0,100.0,75.7414
2090.0,0.0,20.0,4.0,100.0,29.063292
2091.0,0.5,20.0,4.0,100.0,19.2
2092.0,1.0,20.0,4.0,100.0,29.578617
2093.0,2.0,20.0,4.0,100.0,30.621119
2094.0,3.0,20.0,4.0,100.0,18.699186
2095.0,5.0,20.0,4.0,100.0,26.651007
2096.0,10.0,20.0,4.0,100.0,49.683167
2097.0,20.0,20.0,4.0,100.0,36.966805
2098.0,40.0,20.0,4.0,100.0,41.114967
2099.0,49.0,20.0,4.0,100.0,73.7762
2100.0,0.0,20.0,4.0,100.0,28.605095
2101.0,0.5,20.0,4.0,100.0,14.722222
2102.0,1.0,20.0,4.0,100.0,27.243244
2103.0,2.0,20.0,4.0,100.0,15.719697
2104.0,3.0,20.0,4.0,100.0,20.496296
2105.0,5.0,20.0,4.0,100.0,29.5
2106.0,10.0,20.0,4.0,100.0,14.7786255
2107.0,20.0,20.0,4.0,100.0,42.974453
2108.0,40.0,20.0,4.0,100.0,43.301888
2109.0,49.0,20.0,4.0,100.0,69.30679
2110.0,0.0,20.0,4.0,100.0,28.547771
2111.0,0.5,20.0,4.0,100.0,19.435484
2112.0,1.0,20.0,4.0,100.0,26.719177
2113.0,2.0,20.0,4.0,100.0,18.442028
2114.0,3.0,20.0,4.0,100.0,20.013334
2115.0,5.0,20.0,4.0,100.0,31.067797
2116.0,10.0,20.0,4.0,100.0,10.32
2117.0,20.0,20.0,4.0,100.0,28.899563
2118.0,40.0,20.0,4.0,100.0,41.565636
2119.0,49.0,20.0,4.0,100.0,62.579144
2120.0,0.0,20.0,4.0,100.0,29.107595
2121.0,0.5,20.0,4.0,100.0,12.111111
2122.0,1.0,20.0,4.0,100.0,25.559702
2123.0,2.0,20.0,4.0,100.0,14.284672
2124.0,3.0,20.0,4.0,100.0,33.944443
2125.0,5.0,20.0,4.0,100.0,10.853448
2126.0,10.0,20.0,4.0,100.0,29.725714
2127.0,20.0,20.0,4.0,100.0,15.0
2128.0,40.0,20.0,4.0,100.0,31.419725
2129.0,49.0,20.0,4.0,100.0,76.38207
2130.0,0.0,20.0,4.0,100.0,29.45283
2131.0,0.5,20.0,4.0,100.0,23.474073
2132.0,1.0,20.0,4.0,100.0,18.23077
2133.0,2.0,20.0,4.0,100.0,19.443548
2134.0,3.0,20.0,4.0,100.0,38.70391
2135.0,5.0,20.0,4.0,100.0,29.535912
2136.0,10.0,20.0,4.0,100.0,38.6875
2137.0,20.0,20.0,4.0,100.0,55.4
2138.0,40.0,20.0,4.0,100.0,63.310345
2139.0,49.0,20.0,4.0,100.0,69.51717
2140.0,0.0,20.0,4.0,100.0,30.24375
2141.0,0.5,20.0,4.0,100.0,19.232
2142.0,1.0,20.0,4.0,100.0,18.081966
2143.0,2.0,20.0,4.0,100.0,16.769785
2144.0,3.0,20.0,4.0,100.0,18.524822
2145.0,5.0,20.0,4.0,100.0,36.810184
2146.0,10.0,20.0,4.0,100.0,24.604166
2147.0,20.0,20.0,4.0,100.0,37.00352
2148.0,40.0,20.0,4.0,100.0,60.305107
2149.0,49.0,20.0,4.0,100.0,48.89341
2150.0,0.0,20.0,4.0,100.0,28.598726
2151.0,0.5,20.0,4.0,100.0,27.741936
2152.0,1.0,20.0,4.0,100.0,21.449612
2153.0,2.0,20.0,4.0,100.0,35.357143
2154.0,3.0,20.0,4.0,100.0,19.984615
2155.0,5.0,20.0,4.0,100.0,16.858156
2156.0,10.0,20.0,4.0,100.0,26.192308
2157.0,20.0,20.0,4.0,100.0,31.35433
2158.0,40.0,20.0,4.0,100.0,32.47059
2159.0,49.0,20.0,4.0,100.0,49.9384
2160.0,0.0,20.0,4.0,100.0,61.929413
2161.0,0.5,20.0,4.0,100.0,24.903225
2162.0,1.0,20.0,4.0,100.0,28.114649
2163.0,2.0,20.0,4.0,100.0,10.877049
2164.0,3.0,20.0,4.0,100.0,15.709924
2165.0,5.0,20.0,4.0,100.0,12.646617
2166.0,10.0,20.0,4.0,100.0,21.270115
2167.0,20.0,20.0,4.0,100.0,30.924171
2168.0,40.0,20.0,4.0,100.0,41.513157
2169.0,49.0,20.0,4.0,100.0,95.476456
2170.0,0.0,20.0,4.0,100.0,29.45912
2171.0,0.5,20.0,4.0,100.0,26.314686
2172.0,1.0,20.0,4.0,100.0,19.653225
2173.0,2.0,20.0,4.0,100.0,14.782258
2174.0,3.0,20.0,4.0,100.0,24.20859
2175.0,5.0,20.0,4.0,100.0,14.015385
2176.0,10.0,20.0,4.0,100.0,12.01282
2177.0,20.0,20.0,4.0,100.0,69.39274
2178.0,40.0,20.0,4.0,100.0,36.117886
2179.0,49.0,20.0,4.0,100.0,53.67388
2180.0,0.0,20.0,4.0,100.0,29.779875
2181.0,0.5,20.0,4.0,100.0,21.4
2182.0,1.0,20.0,4.0,100.0,21.030535
2183.0,2.0,20.0,4.0,100.0,29.798742
2184.0,3.0,20.0,4.0,100.0,10.758064
2185.0,5.0,20.0,4.0,100.0,16.549181
2186.0,10.0,20.0,4.0,100.0,37.87166
2187.0,20.0,20.0,4.0,100.0,38.791668
2188.0,40.0,20.0,4.0,100.0,37.87593
2189.0,49.0,20.0,4.0,100.0,36.40484
2190.0,0.0,20.0,4.0,100.0,30.347826
2191.0,0.5,20.0,4.0,100.0,27.546667
2192.0,1.0,20.0,4.0,100.0,39.945354
2193.0,2.0,20.0,4.0,100.0,24.58904
2194.0,3.0,20.0,4.0,100.0,14.961832
2195.0,5.0,20.0,4.0,100.0,56.492367
2196.0,10.0,20.0,4.0,100.0,23.496689
2197.0,20.0,20.0,4.0,100.0,32.57563
2198.0,40.0,20.0,4.0,100.0,39.449303
2199.0,49.0,20.0,4.0,100.0,88.27946
2200.0,0.0,20.0,4.0,100.0,28.532051
2201.0,0.5,20.0,4.0,100.0,41.139534
2202.0,1.0,20.0,4.0,100.0,14.580646
2203.0,2.0,20.0,4.0,100.0,13.455284
2204.0,3.0,20.0,4.0,100.0,13.07826
2205.0,5.0,20.0,4.0,100.0,23.465408
2206.0,10.0,20.0,4.0,100.0,31.153488
2207.0,20.0,20.0,4.0,100.0,16.842697
2208.0,40.0,20.0,4.0,100.0,44.68376
2209.0,49.0,20.0,4.0,100.0,58.036045
2210.0,0.0,20.0,4.0,100.0,30.385094
2211.0,0.5,20.0,4.0,100.0,29.226416
2212.0,1.0,20.0,4.0,100.0,20.269842
2213.0,2.0,20.0,4.0,100.0,15.768
2214.0,3.0,20.0,4.0,100.0,10.189394
2215.0,5.0,20.0,4.0,100.0,21.956835
2216.0,10.0,20.0,4.0,100.0,19.621952
2217.0,20.0,20.0,4.0,100.0,20.415789
2218.0,40.0,20.0,4.0,100.0,37.8318
2219.0,49.0,20.0,4.0,100.0,49.322014
2220.0,0.0,20.0,4.0,100.0,28.911392
2221.0,0.5,20.0,4.0,100.0,18.23077
2222.0,1.0,20.0,4.0,100.0,29.635359
2223.0,2.0,20.0,4.0,100.0,19.194632
2224.0,3.0,20.0,4.0,100.0,42.365295
2225.0,5.0,20.0,4.0,100.0,24.203007
2226.0,10.0,20.0,4.0,100.0,27.856287
2227.0,20.0,20.0,4.0,100.0,38.013824
2228.0,40.0,20.0,4.0,100.0,47.37893
2229.0,49.0,20.0,4.0,100.0,89.38291
2230.0,0.0,20.0,4.0,100.0,28.617834
2231.0,0.5,20.0,4.0,100.0,29.157232
2232.0,1.0,20.0,4.0,100.0,15.5
2233.0,2.0,20.0,4.0,100.0,25.042553
2234.0,3.0,20.0,4.0,100.0,29.705883
2235.0,5.0,20.0,4.0,100.0,15.18254
2236.0,10.0,20.0,4.0,100.0,14.7375
2237.0,20.0,20.0,4.0,100.0,24.742105
2238.0,40.0,20.0,4.0,100.0,38.84944
2239.0,49.0,20.0,4.0,100.0,53.696697
2240.0,0.0,20.0,4.0,100.0,28.611465
2241.0,0.5,20.0,4.0,100.0,29.91824
2242.0,1.0,20.0,4.0,100.0,27.732485
2243.0,2.0,20.0,4.0,100.0,27.572414
2244.0,3.0,20.0,4.0,100.0,22.331125
2245.0,5.0,20.0,4.0,100.0,24.573034
2246.0,10.0,20.0,4.0,100.0,27.357513
2247.0,20.0,20.0,4.0,100.0,32.541668
2248.0,40.0,20.0,4.0,100.0,41.427895
2249.0,49.0,20.0,4.0,100.0,67.95692
2250.0,0.0,20.0,4.0,100.0,29.597485
2251.0,0.5,20.0,4.0,100.0,29.846153
2252.0,1.0,20.0,4.0,100.0,12.635593
2253.0,2.0,20.0,4.0,100.0,28.822784
2254.0,3.0,20.0,4.0,100.0,14.158334
2255.0,5.0,20.0,4.0,100.0,14.390071
2256.0,10.0,20.0,4.0,100.0,29.088398
2257.0,20.0,20.0,4.0,100.0,29.860083
2258.0,40.0,20.0,4.0,100.0,53.706898
2259.0,49.0,20.0,4.0,100.0,53.025486
2260.0,0.0,20.0,4.0,100.0,42.30102
2261.0,0.5,20.0,4.0,100.0,30.51875
2262.0,1.0,20.0,4.0,100.0,19.313433
2263.0,2.0,20.0,4.0,100.0,12.167883
2264.0,3.0,20.0,4.0,100.0,14.161765
2265.0,5.0,20.0,4.0,100.0,30.559322
2266.0,10.0,20.0,4.0,100.0,25.418367
2267.0,20.0,20.0,4.0,100.0,24.417112
2268.0,40.0,20.0,4.0,100.0,65.545296
2269.0,49.0,20.0,4.0,100.0,50.75
2270.0,0.0,20.0,4.0,100.0,28.713375
2271.0,0.5,20.0,4.0,100.0,25.902098
2272.0,1.0,20.0,4.0,100.0,21.266666
2273.0,2.0,20.0,4.0,100.0,45.96552
2274.0,3.0,20.0,4.0,100.0,33.502464
2275.0,5.0,20.0,4.0,100.0,34.611874
2276.0,10.0,20.0,4.0,100.0,19.627907
2277.0,20.0,20.0,4.0,100.0,23.793104
2278.0,40.0,20.0,4.0,100.0,36.633186
2279.0,49.0,20.0,4.0,100.0,45.94676
2280.0,0.0,20.0,4.0,100.0,29.3481
2281.0,0.5,20.0,4.0,100.0,24.5
2282.0,1.0,20.0,4.0,100.0,26.349316
2283.0,2.0,20.0,4.0,100.0,11.48
2284.0,3.0,20.0,4.0,100.0,12.528926
2285.0,5.0,20.0,4.0,100.0,17.015385
2286.0,10.0,20.0,4.0,100.0,11.86014
2287.0,20.0,20.0,4.0,100.0,40.3083
2288.0,40.0,20.0,4.0,100.0,30.78
2289.0,49.0,20.0,4.0,100.0,64.44513
2290.0,0.0,20.0,4.0,100.0,28.816456
2291.0,0.5,20.0,4.0,100.0,29.192547
2292.0,1.0,20.0,4.0,100.0,18.338842
2293.0,2.0,20.0,4.0,100.0,16.350428
2294.0,3.0,20.0,4.0,100.0,15.814569
2295.0,5.0,20.0,4.0,100.0,17.677631
2296.0,10.0,20.0,4.0,100.0,25.0
2297.0,20.0,20.0,4.0,100.0,36.53846
2298.0,40.0,20.0,4.0,100.0,35.525497
2299.0,49.0,20.0,4.0,100.0,80.9811
2300.0,0.0,20.0,4.0,100.0,30.484472
2301.0,0.5,20.0,4.0,100.0,30.037735
2302.0,1.0,20.0,4.0,100.0,29.153847
2303.0,2.0,20.0,4.0,100.0,21.039736
2304.0,3.0,20.0,4.0,100.0,25.03871
2305.0,5.0,20.0,4.0,100.0,31.666666
2306.0,10.0,20.0,4.0,100.0,27.814102
2307.0,20.0,20.0,4.0,100.0,32.188072
2308.0,40.0,20.0,4.0,100.0,44.823277
2309.0,49.0,20.0,4.0,100.0,54.191544
2310.0,0.0,20.0,4.0,100.0,28.898735
2311.0,0.5,20.0,4.0,100.0,52.703197
2312.0,1.0,20.0,4.0,100.0,29.775
2313.0,2.0,20.0,4.0,100.0,25.267605
2314.0,3.0,20.0,4.0,100.0,10.968992
2315.0,5.0,20.0,4.0,100.0,13.0
2316.0,10.0,20.0,4.0,100.0,46.21154
2317.0,20.0,20.0,4.0,100.0,27.445887
2318.0,40.0,20.0,4.0,100.0,35.064285
2319.0,49.0,20.0,4.0,100.0,48.645554
2320.0,0.0,20.0,4.0,100.0,29.132076
2321.0,0.5,20.0,4.0,100.0,28.261147
2322.0,1.0,20.0,4.0,100.0,18.942028
2323.0,2.0,20.0,4.0,100.0,17.62676
2324.0,3.0,20.0,4.0,100.0,11.180451
2325.0,5.0,20.0,4.0,100.0,37.62174
2326.0,10.0,20.0,4.0,100.0,31.126373
2327.0,20.0,20.0,4.0,100.0,45.04091
2328.0,40.0,20.0,4.0,100.0,51.343452
2329.0,49.0,20.0,4.0,100.0,93.190475
2330.0,0.0,20.0,4.0,100.0,34.848484
2331.0,0.5,20.0,4.0,100.0,22.712122
2332.0,1.0,20.0,4.0,100.0,28.942675
2333.0,2.0,20.0,4.0,100.0,14.263566
2334.0,3.0,20.0,4.0,100.0,24.509933
2335.0,5.0,20.0,4.0,100.0,13.692913
2336.0,10.0,20.0,4.0,100.0,12.213235
2337.0,20.0,20.0,4.0,100.0,29.04386
2338.0,40.0,20.0,4.0,100.0,53.11111
2339.0,49.0,20.0,4.0,100.0,60.116856
2340.0,0.0,20.0,4.0,100.0,28.835443
2341.0,0.5,20.0,4.0,100.0,28.687899
2342.0,1.0,20.0,4.0,100.0,10.849206
2343.0,2.0,20.0,4.0,100.0,14.388889
2344.0,3.0,20.0,4.0,100.0,25.18543
2345.0,5.0,20.0,4.0,100.0,21.23741
2346.0,10.0,20.0,4.0,100.0,19.654322
2347.0,20.0,20.0,4.0,100.0,59.793312
2348.0,40.0,20.0,4.0,100.0,37.67452
2349.0,49.0,20.0,4.0,100.0,86.30739
2350.0,0.0,20.0,4.0,100.0,29.698112
2351.0,0.5,20.0,4.0,100.0,20.574802
2352.0,1.0,20.0,4.0,100.0,18.065218
2353.0,2.0,20.0,4.0,100.0,34.70253
2354.0,3.0,20.0,4.0,100.0,15.350428
2355.0,5.0,20.0,4.0,100.0,27.149426
2356.0,10.0,20.0,4.0,100.0,25.167597
2357.0,20.0,20.0,4.0,100.0,28.814285
2358.0,40.0,20.0,4.0,100.0,82.703186
2359.0,49.0,20.0,4.0,100.0,52.960438
2360.0,0.0,20.0,4.0,100.0,28.886076
2361.0,0.5,20.0,4.0,100.0,30.906832
2362.0,1.0,20.0,4.0,100.0,18.183332
2363.0,2.0,20.0,4.0,100.0,23.903704
2364.0,3.0,20.0,4.0,100.0,26.013794
2365.0,5.0,20.0,4.0,100.0,19.97826
2366.0,10.0,20.0,4.0,100.0,14.364285
2367.0,20.0,20.0,4.0,100.0,28.204445
2368.0,40.0,20.0,4.0,100.0,32.1551
2369.0,49.0,20.0,4.0,100.0,57.39007
2370.0,0.0,20.0,4.0,100.0,28.949368
2371.0,0.5,20.0,4.0,100.0,14.0
2372.0,1.0,20.0,4.0,100.0,12.569231
2373.0,2.0,20.0,4.0,100.0,17.261194
2374.0,3.0,20.0,4.0,100.0,9.373015
2375.0,5.0,20.0,4.0,100.0,36.063725
2376.0,10.0,20.0,4.0,100.0,14.525641
2377.0,20.0,20.0,4.0,100.0,22.738094
2378.0,40.0,20.0,4.0,100.0,34.04612
2379.0,49.0,20.0,4.0,100.0,82.4975
2380.0,0.0,20.0,4.0,100.0,29.050632
2381.0,0.5,20.0,4.0,100.0,28.948051
2382.0,1.0,20.0,4.0,100.0,9.754237
2383.0,2.0,20.0,4.0,100.0,23.55147
2384.0,3.0,20.0,4.0,100.0,14.355371
2385.0,5.0,20.0,4.0,100.0,34.741463
2386.0,10.0,20.0,4.0,100.0,39.17857
2387.0,20.0,20.0,4.0,100.0,52.427006
2388.0,40.0,20.0,4.0,100.0,77.57333
2389.0,49.0,20.0,4.0,100.0,81.81265
2390.0,0.0,20.0,4.0,100.0,29.496855
2391.0,0.5,20.0,4.0,100.0,30.080746
2392.0,1.0,20.0,4.0,100.0,20.88961
2393.0,2.0,20.0,4.0,100.0,19.428572
2394.0,3.0,20.0,4.0,100.0,26.640844
2395.0,5.0,20.0,4.0,100.0,11.071428
2396.0,10.0,20.0,4.0,100.0,29.545895
2397.0,20.0,20.0,4.0,100.0,23.53125
2398.0,40.0,20.0,4.0,100.0,44.262115
2399.0,49.0,20.0,4.0,100.0,74.64956
2400.0,0.0,20.0,4.0,100.0,29.063292
2401.0,0.5,20.0,4.0,100.0,23.414814
2402.0,1.0,20.0,4.0,100.0,14.828359
2403.0,2.0,20.0,4.0,100.0,15.698413
2404.0,3.0,20.0,4.0,100.0,18.118881
2405.0,5.0,20.0,4.0,100.0,24.862434
2406.0,10.0,20.0,4.0,100.0,13.806452
2407.0,20.0,20.0,4.0,100.0,32.4949
2408.0,40.0,20.0,4.0,100.0,52.618183
2409.0,49.0,20.0,4.0,100.0,81.83168
2410.0,0.0,20.0,4.0,100.0,28.471338
2411.0,0.5,20.0,4.0,100.0,18.92623
2412.0,1.0,20.0,4.0,100.0,11.83871
2413.0,2.0,20.0,4.0,100.0,46.317757
2414.0,3.0,20.0,4.0,100.0,46.215446
2415.0,5.0,20.0,4.0,100.0,21.011906
2416.0,10.0,20.0,4.0,100.0,25.192772
2417.0,20.0,20.0,4.0,100.0,56.90511
2418.0,40.0,20.0,4.0,100.0,40.467434
2419.0,49.0,20.0,4.0,100.0,54.309353
2420.0,0.0,20.0,4.0,100.0,28.394905
2421.0,0.5,20.0,4.0,100.0,29.132076
2422.0,1.0,20.0,4.0,100.0,31.012121
2423.0,2.0,20.0,4.0,100.0,37.96818
2424.0,3.0,20.0,4.0,100.0,12.473283
2425.0,5.0,20.0,4.0,100.0,27.974522
2426.0,10.0,20.0,4.0,100.0,35.92228
2427.0,20.0,20.0,4.0,100.0,29.457895
2428.0,40.0,20.0,4.0,100.0,47.04952
2429.0,49.0,20.0,4.0,100.0,63.7272
2430.0,0.0,20.0,4.0,100.0,28.420382
2431.0,0.5,20.0,4.0,100.0,19.352459
2432.0,1.0,20.0,4.0,100.0,28.436708
2433.0,2.0,20.0,4.0,100.0,10.822222
2434.0,3.0,20.0,4.0,100.0,23.43871
2435.0,5.0,20.0,4.0,100.0,15.623287
2436.0,10.0,20.0,4.0,100.0,26.27957
2437.0,20.0,20.0,4.0,100.0,29.717592
2438.0,40.0,20.0,4.0,100.0,37.55056
2439.0,49.0,20.0,4.0,100.0,59.805378
2440.0,0.0,20.0,4.0,100.0,29.196203
2441.0,0.5,20.0,4.0,100.0,28.962025
2442.0,1.0,20.0,4.0,100.0,14.5161295
2443.0,2.0,20.0,4.0,100.0,28.019737
2444.0,3.0,20.0,4.0,100.0,15.992
2445.0,5.0,20.0,4.0,100.0,46.506668
2446.0,10.0,20.0,4.0,100.0,24.021505
2447.0,20.0,20.0,4.0,100.0,28.137442
2448.0,40.0,20.0,4.0,100.0,33.221558
2449.0,49.0,20.0,4.0,100.0,91.57583
2450.0,0.0,20.0,4.0,100.0,30.329193
2451.0,0.5,20.0,4.0,100.0,14.325397
2452.0,1.0,20.0,4.0,100.0,15.353847
2453.0,2.0,20.0,4.0,100.0,28.331211
2454.0,3.0,20.0,4.0,100.0,11.991453
2455.0,5.0,20.0,4.0,100.0,16.81203
2456.0,10.0,20.0,4.0,100.0,36.611374
2457.0,20.0,20.0,4.0,100.0,26.525423
2458.0,40.0,20.0,4.0,100.0,70.393654
2459.0,49.0,20.0,4.0,100.0,48.72401
2460.0,0.0,20.0,4.0,100.0,29.477987
2461.0,0.5,20.0,4.0,100.0,26.535032
2462.0,1.0,20.0,4.0,100.0,30.141975
2463.0,2.0,20.0,4.0,100.0,18.63889
2464.0,3.0,20.0,4.0,100.0,11.934959
2465.0,5.0,20.0,4.0,100.0,29.189655
2466.0,10.0,20.0,4.0,100.0,14.466258
2467.0,20.0,20.0,4.0,100.0,38.23256
2468.0,40.0,20.0,4.0,100.0,57.408745
2469.0,49.0,20.0,4.0,100.0,68.00956
2470.0,0.0,20.0,4.0,100.0,29.20886
2471.0,0.5,20.0,4.0,100.0,29.43038
2472.0,1.0,20.0,4.0,100.0,21.221375
2473.0,2.0,20.0,4.0,100.0,13.889706
2474.0,3.0,20.0,4.0,100.0,21.266666
2475.0,5.0,20.0,4.0,100.0,18.964539
2476.0,10.0,20.0,4.0,100.0,22.518072
2477.0,20.0,20.0,4.0,100.0,41.129707
2478.0,40.0,20.0,4.0,100.0,44.932316
2479.0,49.0,20.0,4.0,100.0,70.59292
2480.0,0.0,20.0,4.0,100.0,59.4502
2481.0,0.5,20.0,4.0,100.0,30.45
2482.0,1.0,20.0,4.0,100.0,28.789808
2483.0,2.0,20.0,4.0,100.0,21.409395
2484.0,3.0,20.0,4.0,100.0,23.346666
2485.0,5.0,20.0,4.0,100.0,49.018265
2486.0,10.0,20.0,4.0,100.0,36.856384
2487.0,20.0,20.0,4.0,100.0,29.203703
2488.0,40.0,20.0,4.0,100.0,50.615868
2489.0,49.0,20.0,4.0,100.0,72.81829
2490.0,0.0,20.0,4.0,100.0,28.643312
2491.0,0.5,20.0,4.0,100.0,29.232704
2492.0,1.0,20.0,4.0,100.0,15.19084
2493.0,2.0,20.0,4.0,100.0,27.927153
2494.0,3.0,20.0,4.0,100.0,23.63522
2495.0,5.0,20.0,4.0,100.0,41.237625
2496.0,10.0,20.0,4.0,100.0,23.131783
2497.0,20.0,20.0,4.0,100.0,32.96347
2498.0,40.0,20.0,4.0,100.0,35.441734
2499.0,49.0,20.0,4.0,100.0,81.19844
2500.0,0.0,20.0,5.0,100.0,30.298136
2501.0,0.5,20.0,5.0,100.0,26.027779
2502.0,1.0,20.0,5.0,100.0,29.66875
2503.0,2.0,20.0,5.0,100.0,24.075758
2504.0,3.0,20.0,5.0,100.0,26.829786
2505.0,5.0,20.0,5.0,100.0,31.08738
2506.0,10.0,20.0,5.0,100.0,12.468085
2507.0,20.0,20.0,5.0,100.0,37.92891
2508.0,40.0,20.0,5.0,100.0,46.656933
2509.0,49.0,20.0,5.0,100.0,94.301834
2510.0,0.0,20.0,5.0,100.0,29.0
2511.0,0.5,20.0,5.0,100.0,13.008333
2512.0,1.0,20.0,5.0,100.0,18.689394
2513.0,2.0,20.0,5.0,100.0,29.601156
2514.0,3.0,20.0,5.0,100.0,21.992857
2515.0,5.0,20.0,5.0,100.0,28.850828
2516.0,10.0,20.0,5.0,100.0,47.166668
2517.0,20.0,20.0,5.0,100.0,33.619434
2518.0,40.0,20.0,5.0,100.0,38.184467
2519.0,49.0,20.0,5.0,100.0,61.52338
2520.0,0.0,20.0,5.0,100.0,30.614906
2521.0,0.5,20.0,5.0,100.0,28.55414
2522.0,1.0,20.0,5.0,100.0,17.495935
2523.0,2.0,20.0,5.0,100.0,20.13889
2524.0,3.0,20.0,5.0,100.0,24.717241
2525.0,5.0,20.0,5.0,100.0,28.919075
2526.0,10.0,20.0,5.0,100.0,44.61951
2527.0,20.0,20.0,5.0,100.0,30.116936
2528.0,40.0,20.0,5.0,100.0,29.238533
2529.0,49.0,20.0,5.0,100.0,72.038765
2530.0,0.0,20.0,5.0,100.0,29.597485
2531.0,0.5,20.0,5.0,100.0,19.531034
2532.0,1.0,20.0,5.0,100.0,15.353383
2533.0,2.0,20.0,5.0,100.0,26.145834
2534.0,3.0,20.0,5.0,100.0,23.132868
2535.0,5.0,20.0,5.0,100.0,17.84
2536.0,10.0,20.0,5.0,100.0,42.348213
2537.0,20.0,20.0,5.0,100.0,42.47303
2538.0,40.0,20.0,5.0,100.0,92.23977
2539.0,49.0,20.0,5.0,100.0,54.508022
2540.0,0.0,20.0,5.0,100.0,31.061728
2541.0,0.5,20.0,5.0,100.0,29.339622
2542.0,1.0,20.0,5.0,100.0,17.312057
2543.0,2.0,20.0,5.0,100.0,26.366459
2544.0,3.0,20.0,5.0,100.0,10.855932
2545.0,5.0,20.0,5.0,100.0,13.961832
2546.0,10.0,20.0,5.0,100.0,19.440994
2547.0,20.0,20.0,5.0,100.0,36.623016
2548.0,40.0,20.0,5.0,100.0,37.20155
2549.0,49.0,20.0,5.0,100.0,61.95741
2550.0,0.0,20.0,5.0,100.0,28.617834
2551.0,0.5,20.0,5.0,100.0,26.537415
2552.0,1.0,20.0,5.0,100.0,12.15625
2553.0,2.0,20.0,5.0,100.0,28.585987
2554.0,3.0,20.0,5.0,100.0,20.701492
2555.0,5.0,20.0,5.0,100.0,39.67033
2556.0,10.0,20.0,5.0,100.0,46.863014
2557.0,20.0,20.0,5.0,100.0,44.298164
2558.0,40.0,20.0,5.0,100.0,36.981213
2559.0,49.0,20.0,5.0,100.0,39.868927
2560.0,0.0,20.0,5.0,100.0,36.873016
2561.0,0.5,20.0,5.0,100.0,28.746836
2562.0,1.0,20.0,5.0,100.0,21.795454
2563.0,2.0,20.0,5.0,100.0,27.031847
2564.0,3.0,20.0,5.0,100.0,16.175182
2565.0,5.0,20.0,5.0,100.0,31.052631
2566.0,10.0,20.0,5.0,100.0,23.765957
2567.0,20.0,20.0,5.0,100.0,26.707071
2568.0,40.0,20.0,5.0,100.0,50.19759
2569.0,49.0,20.0,5.0,100.0,62.978134
2570.0,0.0,20.0,5.0,100.0,28.873417
2571.0,0.5,20.0,5.0,100.0,12.9430895
2572.0,1.0,20.0,5.0,100.0,23.368422
2573.0,2.0,20.0,5.0,100.0,12.844262
2574.0,3.0,20.0,5.0,100.0,19.506666
2575.0,5.0,20.0,5.0,100.0,34.83582
2576.0,10.0,20.0,5.0,100.0,21.961327
2577.0,20.0,20.0,5.0,100.0,46.50338
2578.0,40.0,20.0,5.0,100.0,39.694164
2579.0,49.0,20.0,5.0,100.0,51.260426
2580.0,0.0,20.0,5.0,100.0,30.18239
2581.0,0.5,20.0,5.0,100.0,15.262295
2582.0,1.0,20.0,5.0,100.0,22.713333
2583.0,2.0,20.0,5.0,100.0,12.457627
2584.0,3.0,20.0,5.0,100.0,28.118227
2585.0,5.0,20.0,5.0,100.0,11.609022
2586.0,10.0,20.0,5.0,100.0,16.313433
2587.0,20.0,20.0,5.0,100.0,29.438503
2588.0,40.0,20.0,5.0,100.0,54.204224
2589.0,49.0,20.0,5.0,100.0,77.99401
2590.0,0.0,20.0,5.0,100.0,28.375795
2591.0,0.5,20.0,5.0,100.0,21.993334
2592.0,1.0,20.0,5.0,100.0,29.389936
2593.0,2.0,20.0,5.0,100.0,42.561855
2594.0,3.0,20.0,5.0,100.0,15.729323
2595.0,5.0,20.0,5.0,100.0,12.120968
2596.0,10.0,20.0,5.0,100.0,31.435
2597.0,20.0,20.0,5.0,100.0,32.37445
2598.0,40.0,20.0,5.0,100.0,35.334953
2599.0,49.0,20.0,5.0,100.0,87.41339
2600.0,0.0,20.0,5.0,100.0,28.649681
2601.0,0.5,20.0,5.0,100.0,18.674797
2602.0,1.0,20.0,5.0,100.0,29.20886
2603.0,2.0,20.0,5.0,100.0,27.251656
2604.0,3.0,20.0,5.0,100.0,28.064516
2605.0,5.0,20.0,5.0,100.0,32.240963
2606.0,10.0,20.0,5.0,100.0,34.90278
2607.0,20.0,20.0,5.0,100.0,39.05023
2608.0,40.0,20.0,5.0,100.0,35.705357
2609.0,49.0,20.0,5.0,100.0,58.229935
2610.0,0.0,20.0,5.0,100.0,28.829113
2611.0,0.5,20.0,5.0,100.0,27.633987
2612.0,1.0,20.0,5.0,100.0,28.585987
2613.0,2.0,20.0,5.0,100.0,33.66864
2614.0,3.0,20.0,5.0,100.0,9.706349
2615.0,5.0,20.0,5.0,100.0,12.12
2616.0,10.0,20.0,5.0,100.0,10.610294
2617.0,20.0,20.0,5.0,100.0,31.422413
2618.0,40.0,20.0,5.0,100.0,38.65333
2619.0,49.0,20.0,5.0,100.0,67.63669
2620.0,0.0,20.0,5.0,100.0,37.42857
2621.0,0.5,20.0,5.0,100.0,39.14796
2622.0,1.0,20.0,5.0,100.0,18.385246
2623.0,2.0,20.0,5.0,100.0,23.235668
2624.0,3.0,20.0,5.0,100.0,32.743168
2625.0,5.0,20.0,5.0,100.0,19.622517
2626.0,10.0,20.0,5.0,100.0,20.98936
2627.0,20.0,20.0,5.0,100.0,29.656052
2628.0,40.0,20.0,5.0,100.0,56.640537
2629.0,49.0,20.0,5.0,100.0,63.424656
2630.0,0.0,20.0,5.0,100.0,28.598726
2631.0,0.5,20.0,5.0,100.0,44.5027
2632.0,1.0,20.0,5.0,100.0,22.295454
2633.0,2.0,20.0,5.0,100.0,28.057692
2634.0,3.0,20.0,5.0,100.0,42.364582
2635.0,5.0,20.0,5.0,100.0,11.030769
2636.0,10.0,20.0,5.0,100.0,36.973682
2637.0,20.0,20.0,5.0,100.0,27.342106
2638.0,40.0,20.0,5.0,100.0,32.767773
2639.0,49.0,20.0,5.0,100.0,61.859837
2640.0,0.0,20.0,5.0,100.0,29.490566
2641.0,0.5,20.0,5.0,100.0,22.320896
2642.0,1.0,20.0,5.0,100.0,16.344538
2643.0,2.0,20.0,5.0,100.0,24.205883
2644.0,3.0,20.0,5.0,100.0,22.193548
2645.0,5.0,20.0,5.0,100.0,18.579365
2646.0,10.0,20.0,5.0,100.0,28.953642
2647.0,20.0,20.0,5.0,100.0,30.65625
2648.0,40.0,20.0,5.0,100.0,55.356785
2649.0,49.0,20.0,5.0,100.0,75.85705
2650.0,0.0,20.0,5.0,100.0,44.065327
2651.0,0.5,20.0,5.0,100.0,29.45912
2652.0,1.0,20.0,5.0,100.0,16.348837
2653.0,2.0,20.0,5.0,100.0,21.791666
2654.0,3.0,20.0,5.0,100.0,36.153374
2655.0,5.0,20.0,5.0,100.0,28.868292
2656.0,10.0,20.0,5.0,100.0,66.66013
2657.0,20.0,20.0,5.0,100.0,27.085714
2658.0,40.0,20.0,5.0,100.0,74.66282
2659.0,49.0,20.0,5.0,100.0,77.43794
2660.0,0.0,20.0,5.0,100.0,29.246836
2661.0,0.5,20.0,5.0,100.0,29.83125
2662.0,1.0,20.0,5.0,100.0,16.353384
2663.0,2.0,20.0,5.0,100.0,15.280992
2664.0,3.0,20.0,5.0,100.0,53.64423
2665.0,5.0,20.0,5.0,100.0,46.91532
2666.0,10.0,20.0,5.0,100.0,26.804598
2667.0,20.0,20.0,5.0,100.0,48.455883
2668.0,40.0,20.0,5.0,100.0,39.32568
2669.0,49.0,20.0,5.0,100.0,69.27711
2670.0,0.0,20.0,5.0,100.0,29.411392
2671.0,0.5,20.0,5.0,100.0,26.641891
2672.0,1.0,20.0,5.0,100.0,15.991453
2673.0,2.0,20.0,5.0,100.0,27.688742
2674.0,3.0,20.0,5.0,100.0,42.653267
2675.0,5.0,20.0,5.0,100.0,37.242153
2676.0,10.0,20.0,5.0,100.0,10.542636
2677.0,20.0,20.0,5.0,100.0,43.25103
2678.0,40.0,20.0,5.0,100.0,39.11229
2679.0,49.0,20.0,5.0,100.0,44.83556
2680.0,0.0,20.0,5.0,100.0,29.126583
2681.0,0.5,20.0,5.0,100.0,28.375795
2682.0,1.0,20.0,5.0,100.0,30.0
2683.0,2.0,20.0,5.0,100.0,11.660714
2684.0,3.0,20.0,5.0,100.0,36.953846
2685.0,5.0,20.0,5.0,100.0,11.476191
2686.0,10.0,20.0,5.0,100.0,23.487047
2687.0,20.0,20.0,5.0,100.0,47.05485
2688.0,40.0,20.0,5.0,100.0,42.98904
2689.0,49.0,20.0,5.0,100.0,125.09044
2690.0,0.0,20.0,5.0,100.0,28.388535
2691.0,0.5,20.0,5.0,100.0,26.531645
2692.0,1.0,20.0,5.0,100.0,58.4329
2693.0,2.0,20.0,5.0,100.0,14.5245905
2694.0,3.0,20.0,5.0,100.0,19.62676
2695.0,5.0,20.0,5.0,100.0,12.779411
2696.0,10.0,20.0,5.0,100.0,25.55414
2697.0,20.0,20.0,5.0,100.0,71.456665
2698.0,40.0,20.0,5.0,100.0,48.86248
2699.0,49.0,20.0,5.0,100.0,60.05365
2700.0,0.0,20.0,5.0,100.0,29.031847
2701.0,0.5,20.0,5.0,100.0,28.981012
2702.0,1.0,20.0,5.0,100.0,28.484076
2703.0,2.0,20.0,5.0,100.0,26.942675
2704.0,3.0,20.0,5.0,100.0,27.204546
2705.0,5.0,20.0,5.0,100.0,16.527132
2706.0,10.0,20.0,5.0,100.0,20.541935
2707.0,20.0,20.0,5.0,100.0,18.51366
2708.0,40.0,20.0,5.0,100.0,31.528679
2709.0,49.0,20.0,5.0,100.0,48.6583
2710.0,0.0,20.0,5.0,100.0,29.127388
2711.0,0.5,20.0,5.0,100.0,28.410257
2712.0,1.0,20.0,5.0,100.0,20.818897
2713.0,2.0,20.0,5.0,100.0,24.67114
2714.0,3.0,20.0,5.0,100.0,28.388159
2715.0,5.0,20.0,5.0,100.0,35.454544
2716.0,10.0,20.0,5.0,100.0,40.166668
2717.0,20.0,20.0,5.0,100.0,44.652016
2718.0,40.0,20.0,5.0,100.0,40.184685
2719.0,49.0,20.0,5.0,100.0,44.83877
2720.0,0.0,20.0,5.0,100.0,29.341772
2721.0,0.5,20.0,5.0,100.0,29.037975
2722.0,1.0,20.0,5.0,100.0,20.429487
2723.0,2.0,20.0,5.0,100.0,18.034721
2724.0,3.0,20.0,5.0,100.0,10.3307085
2725.0,5.0,20.0,5.0,100.0,11.080646
2726.0,10.0,20.0,5.0,100.0,23.567074
2727.0,20.0,20.0,5.0,100.0,49.48971
2728.0,40.0,20.0,5.0,100.0,36.063454
2729.0,49.0,20.0,5.0,100.0,93.4735
2730.0,0.0,20.0,5.0,100.0,29.0
2731.0,0.5,20.0,5.0,100.0,16.902985
2732.0,1.0,20.0,5.0,100.0,29.126583
2733.0,2.0,20.0,5.0,100.0,17.175
2734.0,3.0,20.0,5.0,100.0,14.598361
2735.0,5.0,20.0,5.0,100.0,15.322034
2736.0,10.0,20.0,5.0,100.0,43.221375
2737.0,20.0,20.0,5.0,100.0,49.384315
2738.0,40.0,20.0,5.0,100.0,47.8
2739.0,49.0,20.0,5.0,100.0,43.83566
2740.0,0.0,20.0,5.0,100.0,29.95625
2741.0,0.5,20.0,5.0,100.0,29.836477
2742.0,1.0,20.0,5.0,100.0,15.447762
2743.0,2.0,20.0,5.0,100.0,12.666667
2744.0,3.0,20.0,5.0,100.0,17.37584
2745.0,5.0,20.0,5.0,100.0,44.65
2746.0,10.0,20.0,5.0,100.0,15.734568
2747.0,20.0,20.0,5.0,100.0,53.363297
2748.0,40.0,20.0,5.0,100.0,39.46966
2749.0,49.0,20.0,5.0,100.0,76.30445
2750.0,0.0,20.0,5.0,100.0,29.329113
2751.0,0.5,20.0,5.0,100.0,30.5375
2752.0,1.0,20.0,5.0,100.0,17.739437
2753.0,2.0,20.0,5.0,100.0,17.103704
2754.0,3.0,20.0,5.0,100.0,10.008
2755.0,5.0,20.0,5.0,100.0,16.65926
2756.0,10.0,20.0,5.0,100.0,13.966666
2757.0,20.0,20.0,5.0,100.0,46.023075
2758.0,40.0,20.0,5.0,100.0,50.05589
2759.0,49.0,20.0,5.0,100.0,78.579895
2760.0,0.0,20.0,5.0,100.0,27.419355
2761.0,0.5,20.0,5.0,100.0,12.478633
2762.0,1.0,20.0,5.0,100.0,19.976
2763.0,2.0,20.0,5.0,100.0,28.734177
2764.0,3.0,20.0,5.0,100.0,20.407894
2765.0,5.0,20.0,5.0,100.0,16.821428
2766.0,10.0,20.0,5.0,100.0,58.17376
2767.0,20.0,20.0,5.0,100.0,29.38247
2768.0,40.0,20.0,5.0,100.0,50.06405
2769.0,49.0,20.0,5.0,100.0,61.81455
2770.0,0.0,20.0,5.0,100.0,39.264248
2771.0,0.5,20.0,5.0,100.0,30.19375
2772.0,1.0,20.0,5.0,100.0,23.444445
2773.0,2.0,20.0,5.0,100.0,32.14724
2774.0,3.0,20.0,5.0,100.0,11.7265625
2775.0,5.0,20.0,5.0,100.0,32.186527
2776.0,10.0,20.0,5.0,100.0,30.205479
2777.0,20.0,20.0,5.0,100.0,33.343628
2778.0,40.0,20.0,5.0,100.0,66.61729
2779.0,49.0,20.0,5.0,100.0,47.60811
2780.0,0.0,20.0,5.0,100.0,28.821655
2781.0,0.5,20.0,5.0,100.0,14.730159
2782.0,1.0,20.0,5.0,100.0,26.972603
2783.0,2.0,20.0,5.0,100.0,12.933333
2784.0,3.0,20.0,5.0,100.0,20.701298
2785.0,5.0,20.0,5.0,100.0,13.805369
2786.0,10.0,20.0,5.0,100.0,30.131578
2787.0,20.0,20.0,5.0,100.0,41.99187
2788.0,40.0,20.0,5.0,100.0,46.01497
2789.0,49.0,20.0,5.0,100.0,63.09391
2790.0,0.0,20.0,5.0,100.0,28.630573
2791.0,0.5,20.0,5.0,100.0,29.9875
2792.0,1.0,20.0,5.0,100.0,24.10949
2793.0,2.0,20.0,5.0,100.0,29.792454
2794.0,3.0,20.0,5.0,100.0,32.097702
2795.0,5.0,20.0,5.0,100.0,25.907894
2796.0,10.0,20.0,5.0,100.0,26.546583
2797.0,20.0,20.0,5.0,100.0,15.580646
2798.0,40.0,20.0,5.0,100.0,45.866055
2799.0,49.0,20.0,5.0,100.0,41.721226
2800.0,0.0,20.0,5.0,100.0,38.641617
2801.0,0.5,20.0,5.0,100.0,25.875862
2802.0,1.0,20.0,5.0,100.0,29.6
2803.0,2.0,20.0,5.0,100.0,24.688313
2804.0,3.0,20.0,5.0,100.0,10.142858
2805.0,5.0,20.0,5.0,100.0,13.432
2806.0,10.0,20.0,5.0,100.0,57.19573
2807.0,20.0,20.0,5.0,100.0,50.287357
2808.0,40.0,20.0,5.0,100.0,42.67713
2809.0,49.0,20.0,5.0,100.0,94.36917
2810.0,0.0,20.0,5.0,100.0,29.484472
2811.0,0.5,20.0,5.0,100.0,29.462025
2812.0,1.0,20.0,5.0,100.0,28.572254
2813.0,2.0,20.0,5.0,100.0,11.098485
2814.0,3.0,20.0,5.0,100.0,17.26923
2815.0,5.0,20.0,5.0,100.0,25.139072
2816.0,10.0,20.0,5.0,100.0,12.120254
2817.0,20.0,20.0,5.0,100.0,12.477707
2818.0,40.0,20.0,5.0,100.0,33.35893
2819.0,49.0,20.0,5.0,100.0,58.383904
2820.0,0.0,20.0,5.0,100.0,29.8239
2821.0,0.5,20.0,5.0,100.0,29.603773
2822.0,1.0,20.0,5.0,100.0,27.33846
2823.0,2.0,20.0,5.0,100.0,28.232704
2824.0,3.0,20.0,5.0,100.0,10.682171
2825.0,5.0,20.0,5.0,100.0,50.735043
2826.0,10.0,20.0,5.0,100.0,47.47547
2827.0,20.0,20.0,5.0,100.0,66.62069
2828.0,40.0,20.0,5.0,100.0,45.32423
2829.0,49.0,20.0,5.0,100.0,71.01866
2830.0,0.0,20.0,5.0,100.0,30.10625
2831.0,0.5,20.0,5.0,100.0,21.071428
2832.0,1.0,20.0,5.0,100.0,17.3
2833.0,2.0,20.0,5.0,100.0,23.858824
2834.0,3.0,20.0,5.0,100.0,13.394366
2835.0,5.0,20.0,5.0,100.0,13.765625
2836.0,10.0,20.0,5.0,100.0,34.576923
2837.0,20.0,20.0,5.0,100.0,31.172413
2838.0,40.0,20.0,5.0,100.0,74.85377
2839.0,49.0,20.0,5.0,100.0,63.178722
2840.0,0.0,20.0,5.0,100.0,29.295597
2841.0,0.5,20.0,5.0,100.0,29.132076
2842.0,1.0,20.0,5.0,100.0,21.79054
2843.0,2.0,20.0,5.0,100.0,26.962566
2844.0,3.0,20.0,5.0,100.0,24.911564
2845.0,5.0,20.0,5.0,100.0,16.425
2846.0,10.0,20.0,5.0,100.0,25.097702
2847.0,20.0,20.0,5.0,100.0,32.782806
2848.0,40.0,20.0,5.0,100.0,47.77406
2849.0,49.0,20.0,5.0,100.0,84.910545
2850.0,0.0,20.0,5.0,100.0,30.136646
2851.0,0.5,20.0,5.0,100.0,20.783783
2852.0,1.0,20.0,5.0,100.0,27.73585
2853.0,2.0,20.0,5.0,100.0,12.735538
2854.0,3.0,20.0,5.0,100.0,11.941667
2855.0,5.0,20.0,5.0,100.0,17.424051
2856.0,10.0,20.0,5.0,100.0,49.18584
2857.0,20.0,20.0,5.0,100.0,46.922726
2858.0,40.0,20.0,5.0,100.0,26.453367
2859.0,49.0,20.0,5.0,100.0,49.168175
2860.0,0.0,20.0,5.0,100.0,28.369427
2861.0,0.5,20.0,5.0,100.0,30.893082
2862.0,1.0,20.0,5.0,100.0,28.815287
2863.0,2.0,20.0,5.0,100.0,17.396946
2864.0,3.0,20.0,5.0,100.0,13.9
2865.0,5.0,20.0,5.0,100.0,13.592308
2866.0,10.0,20.0,5.0,100.0,35.69959
2867.0,20.0,20.0,5.0,100.0,47.3366
2868.0,40.0,20.0,5.0,100.0,66.6468
2869.0,49.0,20.0,5.0,100.0,50.79518
2870.0,0.0,20.0,5.0,100.0,28.834394
2871.0,0.5,20.0,5.0,100.0,15.877049
2872.0,1.0,20.0,5.0,100.0,21.224806
2873.0,2.0,20.0,5.0,100.0,28.365385
2874.0,3.0,20.0,5.0,100.0,14.947369
2875.0,5.0,20.0,5.0,100.0,9.5
2876.0,10.0,20.0,5.0,100.0,43.51579
2877.0,20.0,20.0,5.0,100.0,63.81648
2878.0,40.0,20.0,5.0,100.0,35.113537
2879.0,49.0,20.0,5.0,100.0,70.53567
2880.0,0.0,20.0,5.0,100.0,30.378881
2881.0,0.5,20.0,5.0,100.0,15.057851
2882.0,1.0,20.0,5.0,100.0,18.015038
2883.0,2.0,20.0,5.0,100.0,16.0813
2884.0,3.0,20.0,5.0,100.0,22.820896
2885.0,5.0,20.0,5.0,100.0,21.506756
2886.0,10.0,20.0,5.0,100.0,64.560814
2887.0,20.0,20.0,5.0,100.0,39.523075
2888.0,40.0,20.0,5.0,100.0,57.015984
2889.0,49.0,20.0,5.0,100.0,63.077755
2890.0,0.0,20.0,5.0,100.0,30.820988
2891.0,0.5,20.0,5.0,100.0,28.745222
2892.0,1.0,20.0,5.0,100.0,17.553719
2893.0,2.0,20.0,5.0,100.0,19.537931
2894.0,3.0,20.0,5.0,100.0,58.552845
2895.0,5.0,20.0,5.0,100.0,22.068703
2896.0,10.0,20.0,5.0,100.0,32.468292
2897.0,20.0,20.0,5.0,100.0,26.986725
2898.0,40.0,20.0,5.0,100.0,26.056702
2899.0,49.0,20.0,5.0,100.0,92.939926
2900.0,0.0,20.0,5.0,100.0,29.044586
2901.0,0.5,20.0,5.0,100.0,29.647799
2902.0,1.0,20.0,5.0,100.0,28.88889
2903.0,2.0,20.0,5.0,100.0,30.132076
2904.0,3.0,20.0,5.0,100.0,15.07563
2905.0,5.0,20.0,5.0,100.0,13.349206
2906.0,10.0,20.0,5.0,100.0,32.152264
2907.0,20.0,20.0,5.0,100.0,27.738094
2908.0,40.0,20.0,5.0,100.0,41.537346
2909.0,49.0,20.0,5.0,100.0,53.738365
2910.0,0.0,20.0,5.0,100.0,29.20886
2911.0,0.5,20.0,5.0,100.0,29.056604
2912.0,1.0,20.0,5.0,100.0,28.98726
2913.0,2.0,20.0,5.0,100.0,16.365671
2914.0,3.0,20.0,5.0,100.0,26.695946
2915.0,5.0,20.0,5.0,100.0,22.778572
2916.0,10.0,20.0,5.0,100.0,41.064934
2917.0,20.0,20.0,5.0,100.0,65.97668
2918.0,40.0,20.0,5.0,100.0,41.376923
2919.0,49.0,20.0,5.0,100.0,51.343964
2920.0,0.0,20.0,5.0,100.0,29.584906
2921.0,0.5,20.0,5.0,100.0,29.322784
2922.0,1.0,20.0,5.0,100.0,28.824675
2923.0,2.0,20.0,5.0,100.0,27.36478
2924.0,3.0,20.0,5.0,100.0,25.288462
2925.0,5.0,20.0,5.0,100.0,19.649426
2926.0,10.0,20.0,5.0,100.0,18.195946
2927.0,20.0,20.0,5.0,100.0,39.989304
2928.0,40.0,20.0,5.0,100.0,40.789577
2929.0,49.0,20.0,5.0,100.0,66.03985
2930.0,0.0,20.0,5.0,100.0,29.773584
2931.0,0.5,20.0,5.0,100.0,28.696203
2932.0,1.0,20.0,5.0,100.0,10.974576
2933.0,2.0,20.0,5.0,100.0,16.933332
2934.0,3.0,20.0,5.0,100.0,23.014814
2935.0,5.0,20.0,5.0,100.0,20.87755
2936.0,10.0,20.0,5.0,100.0,44.320576
2937.0,20.0,20.0,5.0,100.0,58.27869
2938.0,40.0,20.0,5.0,100.0,36.207207
2939.0,49.0,20.0,5.0,100.0,65.96302
2940.0,0.0,20.0,5.0,100.0,30.496895
2941.0,0.5,20.0,5.0,100.0,31.89759
2942.0,1.0,20.0,5.0,100.0,14.5078125
2943.0,2.0,20.0,5.0,100.0,14.855932
2944.0,3.0,20.0,5.0,100.0,25.409449
2945.0,5.0,20.0,5.0,100.0,32.989742
2946.0,10.0,20.0,5.0,100.0,38.135513
2947.0,20.0,20.0,5.0,100.0,45.673836
2948.0,40.0,20.0,5.0,100.0,59.28542
2949.0,49.0,20.0,5.0,100.0,81.60925
2950.0,0.0,20.0,5.0,100.0,28.414013
2951.0,0.5,20.0,5.0,100.0,28.66242
2952.0,1.0,20.0,5.0,100.0,21.053846
2953.0,2.0,20.0,5.0,100.0,38.010365
2954.0,3.0,20.0,5.0,100.0,33.0
2955.0,5.0,20.0,5.0,100.0,10.735538
2956.0,10.0,20.0,5.0,100.0,21.27907
2957.0,20.0,20.0,5.0,100.0,41.204723
2958.0,40.0,20.0,5.0,100.0,33.72639
2959.0,49.0,20.0,5.0,100.0,69.227486
2960.0,0.0,20.0,5.0,100.0,29.7875
2961.0,0.5,20.0,5.0,100.0,29.55346
2962.0,1.0,20.0,5.0,100.0,13.533898
2963.0,2.0,20.0,5.0,100.0,11.483606
2964.0,3.0,20.0,5.0,100.0,35.770187
2965.0,5.0,20.0,5.0,100.0,13.354838
2966.0,10.0,20.0,5.0,100.0,24.344156
2967.0,20.0,20.0,5.0,100.0,40.2212
2968.0,40.0,20.0,5.0,100.0,54.13883
2969.0,49.0,20.0,5.0,100.0,48.294933
2970.0,0.0,20.0,5.0,100.0,29.767296
2971.0,0.5,20.0,5.0,100.0,15.637681
2972.0,1.0,20.0,5.0,100.0,16.509933
2973.0,2.0,20.0,5.0,100.0,20.25
2974.0,3.0,20.0,5.0,100.0,18.644444
2975.0,5.0,20.0,5.0,100.0,11.215517
2976.0,10.0,20.0,5.0,100.0,11.166667
2977.0,20.0,20.0,5.0,100.0,43.282608
2978.0,40.0,20.0,5.0,100.0,47.151093
2979.0,49.0,20.0,5.0,100.0,73.27151
2980.0,0.0,20.0,5.0,100.0,27.942308
2981.0,0.5,20.0,5.0,100.0,29.698112
2982.0,1.0,20.0,5.0,100.0,21.164062
2983.0,2.0,20.0,5.0,100.0,38.494564
2984.0,3.0,20.0,5.0,100.0,20.525
2985.0,5.0,20.0,5.0,100.0,11.330827
2986.0,10.0,20.0,5.0,100.0,31.615385
2987.0,20.0,20.0,5.0,100.0,37.4346
2988.0,40.0,20.0,5.0,100.0,47.492275
2989.0,49.0,20.0,5.0,100.0,68.778725
2990.0,0.0,20.0,5.0,100.0,29.522013
2991.0,0.5,20.0,5.0,100.0,28.280254
2992.0,1.0,20.0,5.0,100.0,25.305555
2993.0,2.0,20.0,5.0,100.0,21.666666
2994.0,3.0,20.0,5.0,100.0,27.331633
2995.0,5.0,20.0,5.0,100.0,36.99539
2996.0,10.0,20.0,5.0,100.0,12.618421
2997.0,20.0,20.0,5.0,100.0,40.94139
2998.0,40.0,20.0,5.0,100.0,37.587963
2999.0,49.0,20.0,5.0,100.0,79.0896
3000.0,0.0,20.0,6.0,100.0,29.018988
3001.0,0.5,20.0,6.0,100.0,14.753846
3002.0,1.0,20.0,6.0,100.0,14.544716
3003.0,2.0,20.0,6.0,100.0,32.392265
3004.0,3.0,20.0,6.0,100.0,29.496815
3005.0,5.0,20.0,6.0,100.0,22.22078
3006.0,10.0,20.0,6.0,100.0,26.60101
3007.0,20.0,20.0,6.0,100.0,38.965958
3008.0,40.0,20.0,6.0,100.0,29.575676
3009.0,49.0,20.0,6.0,100.0,47.829018
3010.0,0.0,20.0,6.0,100.0,29.297468
3011.0,0.5,20.0,6.0,100.0,28.407642
3012.0,1.0,20.0,6.0,100.0,20.96875
3013.0,2.0,20.0,6.0,100.0,35.714287
3014.0,3.0,20.0,6.0,100.0,13.338462
3015.0,5.0,20.0,6.0,100.0,18.450293
3016.0,10.0,20.0,6.0,100.0,36.425533
3017.0,20.0,20.0,6.0,100.0,31.161016
3018.0,40.0,20.0,6.0,100.0,60.282326
3019.0,49.0,20.0,6.0,100.0,68.144485
3020.0,0.0,20.0,6.0,100.0,30.1375
3021.0,0.5,20.0,6.0,100.0,15.884892
3022.0,1.0,20.0,6.0,100.0,19.433071
3023.0,2.0,20.0,6.0,100.0,32.62032
3024.0,3.0,20.0,6.0,100.0,44.0625
3025.0,5.0,20.0,6.0,100.0,14.379845
3026.0,10.0,20.0,6.0,100.0,11.358209
3027.0,20.0,20.0,6.0,100.0,37.940094
3028.0,40.0,20.0,6.0,100.0,24.325052
3029.0,49.0,20.0,6.0,100.0,48.954117
3030.0,0.0,20.0,6.0,100.0,48.94737
3031.0,0.5,20.0,6.0,100.0,29.36076
3032.0,1.0,20.0,6.0,100.0,27.865385
3033.0,2.0,20.0,6.0,100.0,11.016807
3034.0,3.0,20.0,6.0,100.0,10.195122
3035.0,5.0,20.0,6.0,100.0,48.741783
3036.0,10.0,20.0,6.0,100.0,50.55263
3037.0,20.0,20.0,6.0,100.0,48.947826
3038.0,40.0,20.0,6.0,100.0,42.3824
3039.0,49.0,20.0,6.0,100.0,59.3044
3040.0,0.0,20.0,6.0,100.0,28.98734
3041.0,0.5,20.0,6.0,100.0,15.611511
3042.0,1.0,20.0,6.0,100.0,28.936708
3043.0,2.0,20.0,6.0,100.0,14.839161
3044.0,3.0,20.0,6.0,100.0,29.339743
3045.0,5.0,20.0,6.0,100.0,12.883333
3046.0,10.0,20.0,6.0,100.0,17.888268
3047.0,20.0,20.0,6.0,100.0,37.560165
3048.0,40.0,20.0,6.0,100.0,55.025784
3049.0,49.0,20.0,6.0,100.0,40.701416
3050.0,0.0,20.0,6.0,100.0,29.84375
3051.0,0.5,20.0,6.0,100.0,28.93038
3052.0,1.0,20.0,6.0,100.0,15.448
3053.0,2.0,20.0,6.0,100.0,15.394737
3054.0,3.0,20.0,6.0,100.0,9.379032
3055.0,5.0,20.0,6.0,100.0,11.276119
3056.0,10.0,20.0,6.0,100.0,37.109093
3057.0,20.0,20.0,6.0,100.0,36.886227
3058.0,40.0,20.0,6.0,100.0,52.847404
3059.0,49.0,20.0,6.0,100.0,60.194134
3060.0,0.0,20.0,6.0,100.0,28.905064
3061.0,0.5,20.0,6.0,100.0,14.273381
3062.0,1.0,20.0,6.0,100.0,29.437037
3063.0,2.0,20.0,6.0,100.0,13.682927
3064.0,3.0,20.0,6.0,100.0,19.070866
3065.0,5.0,20.0,6.0,100.0,22.790323
3066.0,10.0,20.0,6.0,100.0,25.765306
3067.0,20.0,20.0,6.0,100.0,39.946903
3068.0,40.0,20.0,6.0,100.0,28.093971
3069.0,49.0,20.0,6.0,100.0,50.27159
3070.0,0.0,20.0,6.0,100.0,29.23125
3071.0,0.5,20.0,6.0,100.0,29.729559
3072.0,1.0,20.0,6.0,100.0,28.23077
3073.0,2.0,20.0,6.0,100.0,17.132868
3074.0,3.0,20.0,6.0,100.0,27.5
3075.0,5.0,20.0,6.0,100.0,12.699115
3076.0,10.0,20.0,6.0,100.0,37.15
3077.0,20.0,20.0,6.0,100.0,43.580357
3078.0,40.0,20.0,6.0,100.0,39.18887
3079.0,49.0,20.0,6.0,100.0,55.878677
3080.0,0.0,20.0,6.0,100.0,36.9
3081.0,0.5,20.0,6.0,100.0,27.832258
3082.0,1.0,20.0,6.0,100.0,19.171232
3083.0,2.0,20.0,6.0,100.0,14.961538
3084.0,3.0,20.0,6.0,100.0,17.2
3085.0,5.0,20.0,6.0,100.0,61.068493
3086.0,10.0,20.0,6.0,100.0,14.771605
3087.0,20.0,20.0,6.0,100.0,39.70642
3088.0,40.0,20.0,6.0,100.0,30.634539
3089.0,49.0,20.0,6.0,100.0,67.55544
3090.0,0.0,20.0,6.0,100.0,30.234568
3091.0,0.5,20.0,6.0,100.0,19.829931
3092.0,1.0,20.0,6.0,100.0,36.184525
3093.0,2.0,20.0,6.0,100.0,18.65873
3094.0,3.0,20.0,6.0,100.0,27.180645
3095.0,5.0,20.0,6.0,100.0,10.68595
3096.0,10.0,20.0,6.0,100.0,26.451777
3097.0,20.0,20.0,6.0,100.0,56.135136
3098.0,40.0,20.0,6.0,100.0,68.6927
3099.0,49.0,20.0,6.0,100.0,46.567947
3100.0,0.0,20.0,6.0,100.0,28.734177
3101.0,0.5,20.0,6.0,100.0,29.710691
3102.0,1.0,20.0,6.0,100.0,28.772152
3103.0,2.0,20.0,6.0,100.0,28.412903
3104.0,3.0,20.0,6.0,100.0,26.427631
3105.0,5.0,20.0,6.0,100.0,11.223141
3106.0,10.0,20.0,6.0,100.0,45.81081
3107.0,20.0,20.0,6.0,100.0,70.345634
3108.0,40.0,20.0,6.0,100.0,24.027542
3109.0,49.0,20.0,6.0,100.0,62.581127
3110.0,0.0,20.0,6.0,100.0,28.93038
3111.0,0.5,20.0,6.0,100.0,29.301888
3112.0,1.0,20.0,6.0,100.0,33.467457
3113.0,2.0,20.0,6.0,100.0,30.192513
3114.0,3.0,20.0,6.0,100.0,40.960396
3115.0,5.0,20.0,6.0,100.0,22.901316
3116.0,10.0,20.0,6.0,100.0,38.105503
3117.0,20.0,20.0,6.0,100.0,42.984314
3118.0,40.0,20.0,6.0,100.0,28.07243
3119.0,49.0,20.0,6.0,100.0,50.00724
3120.0,0.0,20.0,6.0,100.0,57.883335
3121.0,0.5,20.0,6.0,100.0,34.6631
3122.0,1.0,20.0,6.0,100.0,36.455055
3123.0,2.0,20.0,6.0,100.0,16.563025
3124.0,3.0,20.0,6.0,100.0,24.429531
3125.0,5.0,20.0,6.0,100.0,14.318841
3126.0,10.0,20.0,6.0,100.0,25.010988
3127.0,20.0,20.0,6.0,100.0,99.203835
3128.0,40.0,20.0,6.0,100.0,52.642067
3129.0,49.0,20.0,6.0,100.0,88.40007
3130.0,0.0,20.0,6.0,100.0,28.56688
3131.0,0.5,20.0,6.0,100.0,28.886076
3132.0,1.0,20.0,6.0,100.0,38.036587
3133.0,2.0,20.0,6.0,100.0,24.288136
3134.0,3.0,20.0,6.0,100.0,68.92453
3135.0,5.0,20.0,6.0,100.0,36.538013
3136.0,10.0,20.0,6.0,100.0,41.215054
3137.0,20.0,20.0,6.0,100.0,93.90981
3138.0,40.0,20.0,6.0,100.0,44.724552
3139.0,49.0,20.0,6.0,100.0,73.72839
3140.0,0.0,20.0,6.0,100.0,29.145569
3141.0,0.5,20.0,6.0,100.0,29.20886
3142.0,1.0,20.0,6.0,100.0,35.97449
3143.0,2.0,20.0,6.0,100.0,21.755396
3144.0,3.0,20.0,6.0,100.0,28.776
3145.0,5.0,20.0,6.0,100.0,45.095505
3146.0,10.0,20.0,6.0,100.0,13.423358
3147.0,20.0,20.0,6.0,100.0,27.066668
3148.0,40.0,20.0,6.0,100.0,44.06813
3149.0,49.0,20.0,6.0,100.0,37.70084
3150.0,0.0,20.0,6.0,100.0,29.53125
3151.0,0.5,20.0,6.0,100.0,27.426666
3152.0,1.0,20.0,6.0,100.0,28.560694
3153.0,2.0,20.0,6.0,100.0,17.455284
3154.0,3.0,20.0,6.0,100.0,12.954887
3155.0,5.0,20.0,6.0,100.0,22.491621
3156.0,10.0,20.0,6.0,100.0,18.804348
3157.0,20.0,20.0,6.0,100.0,36.995026
3158.0,40.0,20.0,6.0,100.0,30.235752
3159.0,49.0,20.0,6.0,100.0,49.24427
3160.0,0.0,20.0,6.0,100.0,38.703297
3161.0,0.5,20.0,6.0,100.0,14.635659
3162.0,1.0,20.0,6.0,100.0,28.915033
3163.0,2.0,20.0,6.0,100.0,49.131275
3164.0,3.0,20.0,6.0,100.0,16.657534
3165.0,5.0,20.0,6.0,100.0,12.328125
3166.0,10.0,20.0,6.0,100.0,49.528927
3167.0,20.0,20.0,6.0,100.0,34.85973
3168.0,40.0,20.0,6.0,100.0,56.203663
3169.0,49.0,20.0,6.0,100.0,53.746136
3170.0,0.0,20.0,6.0,100.0,29.99375
3171.0,0.5,20.0,6.0,100.0,26.655172
3172.0,1.0,20.0,6.0,100.0,14.881356
3173.0,2.0,20.0,6.0,100.0,46.726143
3174.0,3.0,20.0,6.0,100.0,15.488372
3175.0,5.0,20.0,6.0,100.0,14.364285
3176.0,10.0,20.0,6.0,100.0,12.914893
3177.0,20.0,20.0,6.0,100.0,43.95133
3178.0,40.0,20.0,6.0,100.0,42.23581
3179.0,49.0,20.0,6.0,100.0,56.656803
3180.0,0.0,20.0,6.0,100.0,28.93038
3181.0,0.5,20.0,6.0,100.0,25.525547
3182.0,1.0,20.0,6.0,100.0,22.116959
3183.0,2.0,20.0,6.0,100.0,20.966442
3184.0,3.0,20.0,6.0,100.0,31.781065
3185.0,5.0,20.0,6.0,100.0,19.05
3186.0,10.0,20.0,6.0,100.0,44.425102
3187.0,20.0,20.0,6.0,100.0,89.58785
3188.0,40.0,20.0,6.0,100.0,40.82883
3189.0,49.0,20.0,6.0,100.0,50.133587
3190.0,0.0,20.0,6.0,100.0,28.993671
3191.0,0.5,20.0,6.0,100.0,26.126583
3192.0,1.0,20.0,6.0,100.0,28.643312
3193.0,2.0,20.0,6.0,100.0,25.688524
3194.0,3.0,20.0,6.0,100.0,28.217648
3195.0,5.0,20.0,6.0,100.0,43.918804
3196.0,10.0,20.0,6.0,100.0,40.61905
3197.0,20.0,20.0,6.0,100.0,47.644737
3198.0,40.0,20.0,6.0,100.0,34.38294
3199.0,49.0,20.0,6.0,100.0,32.680313
3200.0,0.0,20.0,6.0,100.0,28.070513
3201.0,0.5,20.0,6.0,100.0,20.032
3202.0,1.0,20.0,6.0,100.0,21.954199
3203.0,2.0,20.0,6.0,100.0,27.767296
3204.0,3.0,20.0,6.0,100.0,22.48855
3205.0,5.0,20.0,6.0,100.0,53.61712
3206.0,10.0,20.0,6.0,100.0,36.241024
3207.0,20.0,20.0,6.0,100.0,35.511738
3208.0,40.0,20.0,6.0,100.0,60.550537
3209.0,49.0,20.0,6.0,100.0,87.5269
3210.0,0.0,20.0,6.0,100.0,30.01875
3211.0,0.5,20.0,6.0,100.0,31.374233
3212.0,1.0,20.0,6.0,100.0,28.37569
3213.0,2.0,20.0,6.0,100.0,15.038168
3214.0,3.0,20.0,6.0,100.0,15.263158
3215.0,5.0,20.0,6.0,100.0,45.72619
3216.0,10.0,20.0,6.0,100.0,29.738636
3217.0,20.0,20.0,6.0,100.0,50.01293
3218.0,40.0,20.0,6.0,100.0,44.57979
3219.0,49.0,20.0,6.0,100.0,75.85655
3220.0,0.0,20.0,6.0,100.0,28.955414
3221.0,0.5,20.0,6.0,100.0,30.012579
3222.0,1.0,20.0,6.0,100.0,16.388489
3223.0,2.0,20.0,6.0,100.0,28.746836
3224.0,3.0,20.0,6.0,100.0,13.826087
3225.0,5.0,20.0,6.0,100.0,33.591743
3226.0,10.0,20.0,6.0,100.0,30.993977
3227.0,20.0,20.0,6.0,100.0,37.743317
3228.0,40.0,20.0,6.0,100.0,53.912163
3229.0,49.0,20.0,6.0,100.0,65.724014
3230.0,0.0,20.0,6.0,100.0,28.310127
3231.0,0.5,20.0,6.0,100.0,28.8481
3232.0,1.0,20.0,6.0,100.0,23.105263
3233.0,2.0,20.0,6.0,100.0,23.292517
3234.0,3.0,20.0,6.0,100.0,33.4492
3235.0,5.0,20.0,6.0,100.0,10.651163
3236.0,10.0,20.0,6.0,100.0,24.426035
3237.0,20.0,20.0,6.0,100.0,26.617022
3238.0,40.0,20.0,6.0,100.0,30.75909
3239.0,49.0,20.0,6.0,100.0,75.964035
3240.0,0.0,20.0,6.0,100.0,30.142857
3241.0,0.5,20.0,6.0,100.0,22.184616
3242.0,1.0,20.0,6.0,100.0,8.898305
3243.0,2.0,20.0,6.0,100.0,12.610687
3244.0,3.0,20.0,6.0,100.0,18.768
3245.0,5.0,20.0,6.0,100.0,13.165414
3246.0,10.0,20.0,6.0,100.0,32.60101
3247.0,20.0,20.0,6.0,100.0,59.097275
3248.0,40.0,20.0,6.0,100.0,52.389454
3249.0,49.0,20.0,6.0,100.0,111.0622
3250.0,0.0,20.0,6.0,100.0,28.48077
3251.0,0.5,20.0,6.0,100.0,29.284811
3252.0,1.0,20.0,6.0,100.0,41.79897
3253.0,2.0,20.0,6.0,100.0,12.296875
3254.0,3.0,20.0,6.0,100.0,59.75794
3255.0,5.0,20.0,6.0,100.0,30.958334
3256.0,10.0,20.0,6.0,100.0,30.55814
3257.0,20.0,20.0,6.0,100.0,46.26389
3258.0,40.0,20.0,6.0,100.0,35.175278
3259.0,49.0,20.0,6.0,100.0,67.66148
3260.0,0.0,20.0,6.0,100.0,29.234177
3261.0,0.5,20.0,6.0,100.0,21.04861
3262.0,1.0,20.0,6.0,100.0,23.533333
3263.0,2.0,20.0,6.0,100.0,16.118055
3264.0,3.0,20.0,6.0,100.0,14.751938
3265.0,5.0,20.0,6.0,100.0,33.136093
3266.0,10.0,20.0,6.0,100.0,13.5
3267.0,20.0,20.0,6.0,100.0,46.445343
3268.0,40.0,20.0,6.0,100.0,33.32332
3269.0,49.0,20.0,6.0,100.0,52.95316
3270.0,0.0,20.0,6.0,100.0,29.025316
3271.0,0.5,20.0,6.0,100.0,12.349206
3272.0,1.0,20.0,6.0,100.0,15.881481
3273.0,2.0,20.0,6.0,100.0,31.337837
3274.0,3.0,20.0,6.0,100.0,11.951612
3275.0,5.0,20.0,6.0,100.0,15.942149
3276.0,10.0,20.0,6.0,100.0,14.75
3277.0,20.0,20.0,6.0,100.0,28.506788
3278.0,40.0,20.0,6.0,100.0,24.705376
3279.0,49.0,20.0,6.0,100.0,54.847588
3280.0,0.0,20.0,6.0,100.0,28.77848
3281.0,0.5,20.0,6.0,100.0,19.81119
3282.0,1.0,20.0,6.0,100.0,17.71831
3283.0,2.0,20.0,6.0,100.0,9.325
3284.0,3.0,20.0,6.0,100.0,25.503267
3285.0,5.0,20.0,6.0,100.0,10.5161295
3286.0,10.0,20.0,6.0,100.0,8.640625
3287.0,20.0,20.0,6.0,100.0,19.33173
3288.0,40.0,20.0,6.0,100.0,24.641752
3289.0,49.0,20.0,6.0,100.0,49.38224
3290.0,0.0,20.0,6.0,100.0,28.962025
3291.0,0.5,20.0,6.0,100.0,22.93617
3292.0,1.0,20.0,6.0,100.0,15.24812
3293.0,2.0,20.0,6.0,100.0,17.8
3294.0,3.0,20.0,6.0,100.0,24.904762
3295.0,5.0,20.0,6.0,100.0,40.690216
3296.0,10.0,20.0,6.0,100.0,18.82069
3297.0,20.0,20.0,6.0,100.0,21.184782
3298.0,40.0,20.0,6.0,100.0,33.36018
3299.0,49.0,20.0,6.0,100.0,56.15781
3300.0,0.0,20.0,6.0,100.0,29.509434
3301.0,0.5,20.0,6.0,100.0,27.878204
3302.0,1.0,20.0,6.0,100.0,20.25
3303.0,2.0,20.0,6.0,100.0,24.86331
3304.0,3.0,20.0,6.0,100.0,40.20642
3305.0,5.0,20.0,6.0,100.0,26.137142
3306.0,10.0,20.0,6.0,100.0,30.993866
3307.0,20.0,20.0,6.0,100.0,42.812
3308.0,40.0,20.0,6.0,100.0,29.483263
3309.0,49.0,20.0,6.0,100.0,84.27396
3310.0,0.0,20.0,6.0,100.0,30.093168
3311.0,0.5,20.0,6.0,100.0,38.870785
3312.0,1.0,20.0,6.0,100.0,11.652892
3313.0,2.0,20.0,6.0,100.0,35.934525
3314.0,3.0,20.0,6.0,100.0,33.973404
3315.0,5.0,20.0,6.0,100.0,23.109589
3316.0,10.0,20.0,6.0,100.0,49.25969
3317.0,20.0,20.0,6.0,100.0,43.46281
3318.0,40.0,20.0,6.0,100.0,36.119858
3319.0,49.0,20.0,6.0,100.0,59.714546
3320.0,0.0,20.0,6.0,100.0,30.944445
3321.0,0.5,20.0,6.0,100.0,29.522013
3322.0,1.0,20.0,6.0,100.0,15.4
3323.0,2.0,20.0,6.0,100.0,37.901478
3324.0,3.0,20.0,6.0,100.0,10.734848
3325.0,5.0,20.0,6.0,100.0,40.366665
3326.0,10.0,20.0,6.0,100.0,45.361702
3327.0,20.0,20.0,6.0,100.0,35.98182
3328.0,40.0,20.0,6.0,100.0,61.521065
3329.0,49.0,20.0,6.0,100.0,68.14965
3330.0,0.0,20.0,6.0,100.0,29.107595
3331.0,0.5,20.0,6.0,100.0,15.992701
3332.0,1.0,20.0,6.0,100.0,13.571428
3333.0,2.0,20.0,6.0,100.0,20.017857
3334.0,3.0,20.0,6.0,100.0,24.73743
3335.0,5.0,20.0,6.0,100.0,16.454546
3336.0,10.0,20.0,6.0,100.0,20.850515
3337.0,20.0,20.0,6.0,100.0,43.957806
3338.0,40.0,20.0,6.0,100.0,51.413704
3339.0,49.0,20.0,6.0,100.0,45.28609
3340.0,0.0,20.0,6.0,100.0,29.710691
3341.0,0.5,20.0,6.0,100.0,28.597403
3342.0,1.0,20.0,6.0,100.0,28.65625
3343.0,2.0,20.0,6.0,100.0,25.612677
3344.0,3.0,20.0,6.0,100.0,26.0
3345.0,5.0,20.0,6.0,100.0,28.576687
3346.0,10.0,20.0,6.0,100.0,46.323383
3347.0,20.0,20.0,6.0,100.0,14.920213
3348.0,40.0,20.0,6.0,100.0,34.30194
3349.0,49.0,20.0,6.0,100.0,64.62928
3350.0,0.0,20.0,6.0,100.0,29.591194
3351.0,0.5,20.0,6.0,100.0,28.898735
3352.0,1.0,20.0,6.0,100.0,14.617887
3353.0,2.0,20.0,6.0,100.0,23.81208
3354.0,3.0,20.0,6.0,100.0,31.134329
3355.0,5.0,20.0,6.0,100.0,44.493393
3356.0,10.0,20.0,6.0,100.0,43.57143
3357.0,20.0,20.0,6.0,100.0,39.7217
3358.0,40.0,20.0,6.0,100.0,45.851852
3359.0,49.0,20.0,6.0,100.0,35.583935
3360.0,0.0,20.0,6.0,100.0,28.726114
3361.0,0.5,20.0,6.0,100.0,22.192308
3362.0,1.0,20.0,6.0,100.0,28.085272
3363.0,2.0,20.0,6.0,100.0,17.737589
3364.0,3.0,20.0,6.0,100.0,10.706349
3365.0,5.0,20.0,6.0,100.0,32.942307
3366.0,10.0,20.0,6.0,100.0,35.995434
3367.0,20.0,20.0,6.0,100.0,44.16102
3368.0,40.0,20.0,6.0,100.0,52.017353
3369.0,49.0,20.0,6.0,100.0,94.24258
3370.0,0.0,20.0,6.0,100.0,28.759493
3371.0,0.5,20.0,6.0,100.0,29.7125
3372.0,1.0,20.0,6.0,100.0,34.81503
3373.0,2.0,20.0,6.0,100.0,19.445946
3374.0,3.0,20.0,6.0,100.0,27.06579
3375.0,5.0,20.0,6.0,100.0,17.784615
3376.0,10.0,20.0,6.0,100.0,34.110527
3377.0,20.0,20.0,6.0,100.0,44.907173
3378.0,40.0,20.0,6.0,100.0,65.1897
3379.0,49.0,20.0,6.0,100.0,41.406612
3380.0,0.0,20.0,6.0,100.0,28.66242
3381.0,0.5,20.0,6.0,100.0,29.145569
3382.0,1.0,20.0,6.0,100.0,21.734463
3383.0,2.0,20.0,6.0,100.0,25.840279
3384.0,3.0,20.0,6.0,100.0,14.12
3385.0,5.0,20.0,6.0,100.0,40.63981
3386.0,10.0,20.0,6.0,100.0,36.282513
3387.0,20.0,20.0,6.0,100.0,45.35676
3388.0,40.0,20.0,6.0,100.0,44.512604
3389.0,49.0,20.0,6.0,100.0,72.76376
3390.0,0.0,20.0,6.0,100.0,29.875
3391.0,0.5,20.0,6.0,100.0,28.598726
3392.0,1.0,20.0,6.0,100.0,15.695036
3393.0,2.0,20.0,6.0,100.0,11.055119
3394.0,3.0,20.0,6.0,100.0,25.089743
3395.0,5.0,20.0,6.0,100.0,27.417582
3396.0,10.0,20.0,6.0,100.0,50.419353
3397.0,20.0,20.0,6.0,100.0,34.052
3398.0,40.0,20.0,6.0,100.0,56.812798
3399.0,49.0,20.0,6.0,100.0,57.702465
3400.0,0.0,20.0,6.0,100.0,28.585987
3401.0,0.5,20.0,6.0,100.0,17.157143
3402.0,1.0,20.0,6.0,100.0,19.471544
3403.0,2.0,20.0,6.0,100.0,33.06952
3404.0,3.0,20.0,6.0,100.0,26.006804
3405.0,5.0,20.0,6.0,100.0,35.941177
3406.0,10.0,20.0,6.0,100.0,11.489362
3407.0,20.0,20.0,6.0,100.0,36.774647
3408.0,40.0,20.0,6.0,100.0,25.913794
3409.0,49.0,20.0,6.0,100.0,67.266884
3410.0,0.0,20.0,6.0,100.0,29.0
3411.0,0.5,20.0,6.0,100.0,41.244793
3412.0,1.0,20.0,6.0,100.0,38.274853
3413.0,2.0,20.0,6.0,100.0,21.664234
3414.0,3.0,20.0,6.0,100.0,35.221718
3415.0,5.0,20.0,6.0,100.0,32.69608
3416.0,10.0,20.0,6.0,100.0,43.205357
3417.0,20.0,20.0,6.0,100.0,39.33745
3418.0,40.0,20.0,6.0,100.0,42.452892
3419.0,49.0,20.0,6.0,100.0,96.12755
3420.0,0.0,20.0,6.0,100.0,29.660378
3421.0,0.5,20.0,6.0,100.0,29.383648
3422.0,1.0,20.0,6.0,100.0,19.217741
3423.0,2.0,20.0,6.0,100.0,16.166666
3424.0,3.0,20.0,6.0,100.0,15.183207
3425.0,5.0,20.0,6.0,100.0,12.140496
3426.0,10.0,20.0,6.0,100.0,36.302326
3427.0,20.0,20.0,6.0,100.0,48.335793
3428.0,40.0,20.0,6.0,100.0,51.978313
3429.0,49.0,20.0,6.0,100.0,64.74088
3430.0,0.0,20.0,6.0,100.0,29.704403
3431.0,0.5,20.0,6.0,100.0,23.421053
3432.0,1.0,20.0,6.0,100.0,28.777071
3433.0,2.0,20.0,6.0,100.0,22.818182
3434.0,3.0,20.0,6.0,100.0,15.325582
3435.0,5.0,20.0,6.0,100.0,22.18493
3436.0,10.0,20.0,6.0,100.0,58.32927
3437.0,20.0,20.0,6.0,100.0,35.25714
3438.0,40.0,20.0,6.0,100.0,52.650444
3439.0,49.0,20.0,6.0,100.0,77.923195
3440.0,0.0,20.0,6.0,100.0,37.120483
3441.0,0.5,20.0,6.0,100.0,29.742138
3442.0,1.0,20.0,6.0,100.0,29.22152
3443.0,2.0,20.0,6.0,100.0,26.476562
3444.0,3.0,20.0,6.0,100.0,45.17073
3445.0,5.0,20.0,6.0,100.0,12.342857
3446.0,10.0,20.0,6.0,100.0,63.26766
3447.0,20.0,20.0,6.0,100.0,31.524391
3448.0,40.0,20.0,6.0,100.0,49.6507
3449.0,49.0,20.0,6.0,100.0,55.58455
3450.0,0.0,20.0,6.0,100.0,28.822784
3451.0,0.5,20.0,6.0,100.0,15.909091
3452.0,1.0,20.0,6.0,100.0,19.4
3453.0,2.0,20.0,6.0,100.0,21.780304
3454.0,3.0,20.0,6.0,100.0,9.894309
3455.0,5.0,20.0,6.0,100.0,32.280823
3456.0,10.0,20.0,6.0,100.0,42.877094
3457.0,20.0,20.0,6.0,100.0,36.849056
3458.0,40.0,20.0,6.0,100.0,26.382353
3459.0,49.0,20.0,6.0,100.0,51.209095
3460.0,0.0,20.0,6.0,100.0,28.974684
3461.0,0.5,20.0,6.0,100.0,38.0
3462.0,1.0,20.0,6.0,100.0,27.448717
3463.0,2.0,20.0,6.0,100.0,18.92437
3464.0,3.0,20.0,6.0,100.0,19.888
3465.0,5.0,20.0,6.0,100.0,24.170069
3466.0,10.0,20.0,6.0,100.0,47.074074
3467.0,20.0,20.0,6.0,100.0,78.854225
3468.0,40.0,20.0,6.0,100.0,58.43411
3469.0,49.0,20.0,6.0,100.0,65.80672
3470.0,0.0,20.0,6.0,100.0,29.0
3471.0,0.5,20.0,6.0,100.0,21.146154
3472.0,1.0,20.0,6.0,100.0,24.993196
3473.0,2.0,20.0,6.0,100.0,37.695652
3474.0,3.0,20.0,6.0,100.0,11.555555
3475.0,5.0,20.0,6.0,100.0,48.78
3476.0,10.0,20.0,6.0,100.0,30.657894
3477.0,20.0,20.0,6.0,100.0,43.883816
3478.0,40.0,20.0,6.0,100.0,47.19238
3479.0,49.0,20.0,6.0,100.0,51.92224
3480.0,0.0,20.0,6.0,100.0,29.113207
3481.0,0.5,20.0,6.0,100.0,12.459017
3482.0,1.0,20.0,6.0,100.0,30.037735
3483.0,2.0,20.0,6.0,100.0,20.416
3484.0,3.0,20.0,6.0,100.0,11.363636
3485.0,5.0,20.0,6.0,100.0,45.71564
3486.0,10.0,20.0,6.0,100.0,26.569696
3487.0,20.0,20.0,6.0,100.0,40.158535
3488.0,40.0,20.0,6.0,100.0,53.002617
3489.0,49.0,20.0,6.0,100.0,63.812565
3490.0,0.0,20.0,6.0,100.0,27.406452
3491.0,0.5,20.0,6.0,100.0,30.298136
3492.0,1.0,20.0,6.0,100.0,25.979166
3493.0,2.0,20.0,6.0,100.0,15.585185
3494.0,3.0,20.0,6.0,100.0,16.545454
3495.0,5.0,20.0,6.0,100.0,23.489796
3496.0,10.0,20.0,6.0,100.0,17.06211
3497.0,20.0,20.0,6.0,100.0,24.289772
3498.0,40.0,20.0,6.0,100.0,27.785597
3499.0,49.0,20.0,6.0,100.0,50.680923
3500.0,0.0,20.0,7.0,100.0,42.448277
3501.0,0.5,20.0,7.0,100.0,45.409092
3502.0,1.0,20.0,7.0,100.0,20.353333
3503.0,2.0,20.0,7.0,100.0,45.65306
3504.0,3.0,20.0,7.0,100.0,11.024794
3505.0,5.0,20.0,7.0,100.0,13.653543
3506.0,10.0,20.0,7.0,100.0,55.359375
3507.0,20.0,20.0,7.0,100.0,31.455883
3508.0,40.0,20.0,7.0,100.0,43.351414
3509.0,49.0,20.0,7.0,100.0,46.185925
3510.0,0.0,20.0,7.0,100.0,29.06962
3511.0,0.5,20.0,7.0,100.0,29.73585
3512.0,1.0,20.0,7.0,100.0,18.008064
3513.0,2.0,20.0,7.0,100.0,18.932432
3514.0,3.0,20.0,7.0,100.0,28.447674
3515.0,5.0,20.0,7.0,100.0,39.68485
3516.0,10.0,20.0,7.0,100.0,62.93077
3517.0,20.0,20.0,7.0,100.0,43.492645
3518.0,40.0,20.0,7.0,100.0,56.85614
3519.0,49.0,20.0,7.0,100.0,110.98047
3520.0,0.0,20.0,7.0,100.0,29.63522
3521.0,0.5,20.0,7.0,100.0,30.496855
3522.0,1.0,20.0,7.0,100.0,45.763035
3523.0,2.0,20.0,7.0,100.0,22.89781
3524.0,3.0,20.0,7.0,100.0,16.766666
3525.0,5.0,20.0,7.0,100.0,10.07258
3526.0,10.0,20.0,7.0,100.0,20.755953
3527.0,20.0,20.0,7.0,100.0,52.405262
3528.0,40.0,20.0,7.0,100.0,30.936508
3529.0,49.0,20.0,7.0,100.0,54.017563
3530.0,0.0,20.0,7.0,100.0,30.832298
3531.0,0.5,20.0,7.0,100.0,29.66875
3532.0,1.0,20.0,7.0,100.0,14.84252
3533.0,2.0,20.0,7.0,100.0,71.029854
3534.0,3.0,20.0,7.0,100.0,22.37037
3535.0,5.0,20.0,7.0,100.0,50.688
3536.0,10.0,20.0,7.0,100.0,15.210526
3537.0,20.0,20.0,7.0,100.0,28.362934
3538.0,40.0,20.0,7.0,100.0,34.532753
3539.0,49.0,20.0,7.0,100.0,85.44583
3540.0,0.0,20.0,7.0,100.0,27.664516
3541.0,0.5,20.0,7.0,100.0,20.503876
3542.0,1.0,20.0,7.0,100.0,24.392857
3543.0,2.0,20.0,7.0,100.0,16.784615
3544.0,3.0,20.0,7.0,100.0,27.489473
3545.0,5.0,20.0,7.0,100.0,31.183247
3546.0,10.0,20.0,7.0,100.0,30.859756
3547.0,20.0,20.0,7.0,100.0,50.701756
3548.0,40.0,20.0,7.0,100.0,66.48282
3549.0,49.0,20.0,7.0,100.0,48.13705
3550.0,0.0,20.0,7.0,100.0,40.831394
3551.0,0.5,20.0,7.0,100.0,24.182482
3552.0,1.0,20.0,7.0,100.0,29.8625
3553.0,2.0,20.0,7.0,100.0,18.732283
3554.0,3.0,20.0,7.0,100.0,15.907802
3555.0,5.0,20.0,7.0,100.0,40.253887
3556.0,10.0,20.0,7.0,100.0,30.456953
3557.0,20.0,20.0,7.0,100.0,46.61607
3558.0,40.0,20.0,7.0,100.0,32.134956
3559.0,49.0,20.0,7.0,100.0,41.186966
3560.0,0.0,20.0,7.0,100.0,29.773584
3561.0,0.5,20.0,7.0,100.0,19.403225
3562.0,1.0,20.0,7.0,100.0,21.689922
3563.0,2.0,20.0,7.0,100.0,35.44944
3564.0,3.0,20.0,7.0,100.0,22.435373
3565.0,5.0,20.0,7.0,100.0,18.521128
3566.0,10.0,20.0,7.0,100.0,12.188406
3567.0,20.0,20.0,7.0,100.0,40.70213
3568.0,40.0,20.0,7.0,100.0,36.97582
3569.0,49.0,20.0,7.0,100.0,82.55903
3570.0,0.0,20.0,7.0,100.0,28.365385
3571.0,0.5,20.0,7.0,100.0,28.962025
3572.0,1.0,20.0,7.0,100.0,30.0375
3573.0,2.0,20.0,7.0,100.0,22.958904
3574.0,3.0,20.0,7.0,100.0,43.46073
3575.0,5.0,20.0,7.0,100.0,25.913265
3576.0,10.0,20.0,7.0,100.0,27.652174
3577.0,20.0,20.0,7.0,100.0,43.524662
3578.0,40.0,20.0,7.0,100.0,29.944347
3579.0,49.0,20.0,7.0,100.0,83.705414
3580.0,0.0,20.0,7.0,100.0,27.942308
3581.0,0.5,20.0,7.0,100.0,30.223602
3582.0,1.0,20.0,7.0,100.0,26.33793
3583.0,2.0,20.0,7.0,100.0,14.129032
3584.0,3.0,20.0,7.0,100.0,10.853847
3585.0,5.0,20.0,7.0,100.0,12.724409
3586.0,10.0,20.0,7.0,100.0,60.33898
3587.0,20.0,20.0,7.0,100.0,44.885715
3588.0,40.0,20.0,7.0,100.0,36.172
3589.0,49.0,20.0,7.0,100.0,77.24633
3590.0,0.0,20.0,7.0,100.0,28.166666
3591.0,0.5,20.0,7.0,100.0,10.355932
3592.0,1.0,20.0,7.0,100.0,25.593548
3593.0,2.0,20.0,7.0,100.0,15.316546
3594.0,3.0,20.0,7.0,100.0,22.748251
3595.0,5.0,20.0,7.0,100.0,30.153847
3596.0,10.0,20.0,7.0,100.0,43.064518
3597.0,20.0,20.0,7.0,100.0,59.004696
3598.0,40.0,20.0,7.0,100.0,34.26944
3599.0,49.0,20.0,7.0,100.0,72.14634
3600.0,0.0,20.0,7.0,100.0,42.92857
3601.0,0.5,20.0,7.0,100.0,35.051613
3602.0,1.0,20.0,7.0,100.0,24.848276
3603.0,2.0,20.0,7.0,100.0,16.09091
3604.0,3.0,20.0,7.0,100.0,11.7279415
3605.0,5.0,20.0,7.0,100.0,50.581303
3606.0,10.0,20.0,7.0,100.0,12.827067
3607.0,20.0,20.0,7.0,100.0,62.299343
3608.0,40.0,20.0,7.0,100.0,28.756453
3609.0,49.0,20.0,7.0,100.0,37.180927
3610.0,0.0,20.0,7.0,100.0,30.2875
3611.0,0.5,20.0,7.0,100.0,30.273293
3612.0,1.0,20.0,7.0,100.0,29.79375
3613.0,2.0,20.0,7.0,100.0,14.85
3614.0,3.0,20.0,7.0,100.0,26.134752
3615.0,5.0,20.0,7.0,100.0,34.365383
3616.0,10.0,20.0,7.0,100.0,40.31818
3617.0,20.0,20.0,7.0,100.0,49.078014
3618.0,40.0,20.0,7.0,100.0,34.482838
3619.0,49.0,20.0,7.0,100.0,62.932266
3620.0,0.0,20.0,7.0,100.0,29.550632
3621.0,0.5,20.0,7.0,100.0,18.198347
3622.0,1.0,20.0,7.0,100.0,11.0
3623.0,2.0,20.0,7.0,100.0,33.565933
3624.0,3.0,20.0,7.0,100.0,28.840765
3625.0,5.0,20.0,7.0,100.0,16.405594
3626.0,10.0,20.0,7.0,100.0,57.53185
3627.0,20.0,20.0,7.0,100.0,50.69805
3628.0,40.0,20.0,7.0,100.0,41.470024
3629.0,49.0,20.0,7.0,100.0,64.07525
3630.0,0.0,20.0,7.0,100.0,29.339622
3631.0,0.5,20.0,7.0,100.0,15.014286
3632.0,1.0,20.0,7.0,100.0,24.10219
3633.0,2.0,20.0,7.0,100.0,21.818182
3634.0,3.0,20.0,7.0,100.0,32.355423
3635.0,5.0,20.0,7.0,100.0,43.2094
3636.0,10.0,20.0,7.0,100.0,20.492647
3637.0,20.0,20.0,7.0,100.0,14.899471
3638.0,40.0,20.0,7.0,100.0,38.499245
3639.0,49.0,20.0,7.0,100.0,84.34083
3640.0,0.0,20.0,7.0,100.0,29.415094
3641.0,0.5,20.0,7.0,100.0,28.974684
3642.0,1.0,20.0,7.0,100.0,28.551949
3643.0,2.0,20.0,7.0,100.0,17.741667
3644.0,3.0,20.0,7.0,100.0,15.78626
3645.0,5.0,20.0,7.0,100.0,33.653633
3646.0,10.0,20.0,7.0,100.0,45.276016
3647.0,20.0,20.0,7.0,100.0,27.952127
3648.0,40.0,20.0,7.0,100.0,59.43212
3649.0,49.0,20.0,7.0,100.0,75.49913
3650.0,0.0,20.0,7.0,100.0,29.018988
3651.0,0.5,20.0,7.0,100.0,27.846153
3652.0,1.0,20.0,7.0,100.0,14.215827
3653.0,2.0,20.0,7.0,100.0,29.025316
3654.0,3.0,20.0,7.0,100.0,31.837349
3655.0,5.0,20.0,7.0,100.0,11.378788
3656.0,10.0,20.0,7.0,100.0,17.424461
3657.0,20.0,20.0,7.0,100.0,31.09694
3658.0,40.0,20.0,7.0,100.0,21.27451
3659.0,49.0,20.0,7.0,100.0,52.006546
3660.0,0.0,20.0,7.0,100.0,28.822784
3661.0,0.5,20.0,7.0,100.0,28.41772
3662.0,1.0,20.0,7.0,100.0,19.67114
3663.0,2.0,20.0,7.0,100.0,18.56081
3664.0,3.0,20.0,7.0,100.0,23.563381
3665.0,5.0,20.0,7.0,100.0,50.78626
3666.0,10.0,20.0,7.0,100.0,67.23954
3667.0,20.0,20.0,7.0,100.0,41.99091
3668.0,40.0,20.0,7.0,100.0,33.845207
3669.0,49.0,20.0,7.0,100.0,53.98912
3670.0,0.0,20.0,7.0,100.0,49.9863
3671.0,0.5,20.0,7.0,100.0,28.267515
3672.0,1.0,20.0,7.0,100.0,15.333333
3673.0,2.0,20.0,7.0,100.0,57.819744
3674.0,3.0,20.0,7.0,100.0,12.877863
3675.0,5.0,20.0,7.0,100.0,42.10573
3676.0,10.0,20.0,7.0,100.0,26.228426
3677.0,20.0,20.0,7.0,100.0,23.858408
3678.0,40.0,20.0,7.0,100.0,29.318897
3679.0,49.0,20.0,7.0,100.0,46.77385
3680.0,0.0,20.0,7.0,100.0,29.3481
3681.0,0.5,20.0,7.0,100.0,16.885714
3682.0,1.0,20.0,7.0,100.0,21.346666
3683.0,2.0,20.0,7.0,100.0,23.378048
3684.0,3.0,20.0,7.0,100.0,20.725807
3685.0,5.0,20.0,7.0,100.0,41.092594
3686.0,10.0,20.0,7.0,100.0,36.180412
3687.0,20.0,20.0,7.0,100.0,43.7
3688.0,40.0,20.0,7.0,100.0,45.642147
3689.0,49.0,20.0,7.0,100.0,63.858433
3690.0,0.0,20.0,7.0,100.0,27.884615
3691.0,0.5,20.0,7.0,100.0,14.103174
3692.0,1.0,20.0,7.0,100.0,28.602564
3693.0,2.0,20.0,7.0,100.0,12.704
3694.0,3.0,20.0,7.0,100.0,23.642857
3695.0,5.0,20.0,7.0,100.0,38.35602
3696.0,10.0,20.0,7.0,100.0,13.006711
3697.0,20.0,20.0,7.0,100.0,49.68198
3698.0,40.0,20.0,7.0,100.0,40.43146
3699.0,49.0,20.0,7.0,100.0,64.74715
3700.0,0.0,20.0,7.0,100.0,29.440252
3701.0,0.5,20.0,7.0,100.0,28.745222
3702.0,1.0,20.0,7.0,100.0,24.148148
3703.0,2.0,20.0,7.0,100.0,19.617886
3704.0,3.0,20.0,7.0,100.0,23.891191
3705.0,5.0,20.0,7.0,100.0,16.186567
3706.0,10.0,20.0,7.0,100.0,44.710526
3707.0,20.0,20.0,7.0,100.0,32.464912
3708.0,40.0,20.0,7.0,100.0,25.503922
3709.0,49.0,20.0,7.0,100.0,50.553696
3710.0,0.0,20.0,7.0,100.0,30.25
3711.0,0.5,20.0,7.0,100.0,40.409355
3712.0,1.0,20.0,7.0,100.0,29.421383
3713.0,2.0,20.0,7.0,100.0,26.473333
3714.0,3.0,20.0,7.0,100.0,17.651852
3715.0,5.0,20.0,7.0,100.0,34.489246
3716.0,10.0,20.0,7.0,100.0,44.00813
3717.0,20.0,20.0,7.0,100.0,62.71987
3718.0,40.0,20.0,7.0,100.0,35.940773
3719.0,49.0,20.0,7.0,100.0,58.8049
3720.0,0.0,20.0,7.0,100.0,29.754717
3721.0,0.5,20.0,7.0,100.0,19.398375
3722.0,1.0,20.0,7.0,100.0,12.672269
3723.0,2.0,20.0,7.0,100.0,16.798319
3724.0,3.0,20.0,7.0,100.0,22.034246
3725.0,5.0,20.0,7.0,100.0,42.51744
3726.0,10.0,20.0,7.0,100.0,35.877193
3727.0,20.0,20.0,7.0,100.0,33.20435
3728.0,40.0,20.0,7.0,100.0,32.529556
3729.0,49.0,20.0,7.0,100.0,117.712074
3730.0,0.0,20.0,7.0,100.0,28.797468
3731.0,0.5,20.0,7.0,100.0,25.22857
3732.0,1.0,20.0,7.0,100.0,22.701492
3733.0,2.0,20.0,7.0,100.0,17.336134
3734.0,3.0,20.0,7.0,100.0,14.858156
3735.0,5.0,20.0,7.0,100.0,57.729507
3736.0,10.0,20.0,7.0,100.0,29.156757
3737.0,20.0,20.0,7.0,100.0,40.995193
3738.0,40.0,20.0,7.0,100.0,43.43784
3739.0,49.0,20.0,7.0,100.0,53.851025
3740.0,0.0,20.0,7.0,100.0,29.729559
3741.0,0.5,20.0,7.0,100.0,19.443548
3742.0,1.0,20.0,7.0,100.0,22.597015
3743.0,2.0,20.0,7.0,100.0,23.270678
3744.0,3.0,20.0,7.0,100.0,21.46923
3745.0,5.0,20.0,7.0,100.0,30.52143
3746.0,10.0,20.0,7.0,100.0,62.985455
3747.0,20.0,20.0,7.0,100.0,70.60854
3748.0,40.0,20.0,7.0,100.0,39.673737
3749.0,49.0,20.0,7.0,100.0,56.392826
3750.0,0.0,20.0,7.0,100.0,28.320513
3751.0,0.5,20.0,7.0,100.0,40.107956
3752.0,1.0,20.0,7.0,100.0,11.889764
3753.0,2.0,20.0,7.0,100.0,12.204724
3754.0,3.0,20.0,7.0,100.0,12.083333
3755.0,5.0,20.0,7.0,100.0,24.475904
3756.0,10.0,20.0,7.0,100.0,23.536083
3757.0,20.0,20.0,7.0,100.0,25.205883
3758.0,40.0,20.0,7.0,100.0,33.48812
3759.0,49.0,20.0,7.0,100.0,42.12189
3760.0,0.0,20.0,7.0,100.0,30.39375
3761.0,0.5,20.0,7.0,100.0,25.916084
3762.0,1.0,20.0,7.0,100.0,21.839695
3763.0,2.0,20.0,7.0,100.0,27.986486
3764.0,3.0,20.0,7.0,100.0,11.508064
3765.0,5.0,20.0,7.0,100.0,13.16312
3766.0,10.0,20.0,7.0,100.0,24.8125
3767.0,20.0,20.0,7.0,100.0,53.698414
3768.0,40.0,20.0,7.0,100.0,48.404293
3769.0,49.0,20.0,7.0,100.0,36.92286
3770.0,0.0,20.0,7.0,100.0,28.179487
3771.0,0.5,20.0,7.0,100.0,26.176056
3772.0,1.0,20.0,7.0,100.0,28.102564
3773.0,2.0,20.0,7.0,100.0,15.794871
3774.0,3.0,20.0,7.0,100.0,38.454975
3775.0,5.0,20.0,7.0,100.0,10.962963
3776.0,10.0,20.0,7.0,100.0,10.241936
3777.0,20.0,20.0,7.0,100.0,15.355932
3778.0,40.0,20.0,7.0,100.0,46.082
3779.0,49.0,20.0,7.0,100.0,45.633614
3780.0,0.0,20.0,7.0,100.0,29.603773
3781.0,0.5,20.0,7.0,100.0,17.20438
3782.0,1.0,20.0,7.0,100.0,30.21875
3783.0,2.0,20.0,7.0,100.0,13.221429
3784.0,3.0,20.0,7.0,100.0,10.7786255
3785.0,5.0,20.0,7.0,100.0,30.425531
3786.0,10.0,20.0,7.0,100.0,14.276073
3787.0,20.0,20.0,7.0,100.0,45.400967
3788.0,40.0,20.0,7.0,100.0,27.073112
3789.0,49.0,20.0,7.0,100.0,41.362423
3790.0,0.0,20.0,7.0,100.0,29.144653
3791.0,0.5,20.0,7.0,100.0,45.346592
3792.0,1.0,20.0,7.0,100.0,15.789474
3793.0,2.0,20.0,7.0,100.0,14.277778
3794.0,3.0,20.0,7.0,100.0,21.37324
3795.0,5.0,20.0,7.0,100.0,10.894737
3796.0,10.0,20.0,7.0,100.0,64.96342
3797.0,20.0,20.0,7.0,100.0,69.58258
3798.0,40.0,20.0,7.0,100.0,42.704468
3799.0,49.0,20.0,7.0,100.0,62.832523
3800.0,0.0,20.0,7.0,100.0,28.4586
3801.0,0.5,20.0,7.0,100.0,29.528301
3802.0,1.0,20.0,7.0,100.0,28.607595
3803.0,2.0,20.0,7.0,100.0,69.252
3804.0,3.0,20.0,7.0,100.0,36.453125
3805.0,5.0,20.0,7.0,100.0,12.0
3806.0,10.0,20.0,7.0,100.0,12.691781
3807.0,20.0,20.0,7.0,100.0,19.878452
3808.0,40.0,20.0,7.0,100.0,47.17647
3809.0,49.0,20.0,7.0,100.0,90.19293
3810.0,0.0,20.0,7.0,100.0,29.113207
3811.0,0.5,20.0,7.0,100.0,26.597221
3812.0,1.0,20.0,7.0,100.0,30.232395
3813.0,2.0,20.0,7.0,100.0,32.194244
3814.0,3.0,20.0,7.0,100.0,34.455223
3815.0,5.0,20.0,7.0,100.0,10.184
3816.0,10.0,20.0,7.0,100.0,56.16883
3817.0,20.0,20.0,7.0,100.0,44.417294
3818.0,40.0,20.0,7.0,100.0,39.97154
3819.0,49.0,20.0,7.0,100.0,54.95954
3820.0,0.0,20.0,7.0,100.0,28.44586
3821.0,0.5,20.0,7.0,100.0,30.35
3822.0,1.0,20.0,7.0,100.0,43.331608
3823.0,2.0,20.0,7.0,100.0,31.605095
3824.0,3.0,20.0,7.0,100.0,15.522388
3825.0,5.0,20.0,7.0,100.0,58.950382
3826.0,10.0,20.0,7.0,100.0,69.74468
3827.0,20.0,20.0,7.0,100.0,46.439518
3828.0,40.0,20.0,7.0,100.0,79.51852
3829.0,49.0,20.0,7.0,100.0,59.649982
3830.0,0.0,20.0,7.0,100.0,28.43312
3831.0,0.5,20.0,7.0,100.0,39.982353
3832.0,1.0,20.0,7.0,100.0,28.691824
3833.0,2.0,20.0,7.0,100.0,30.08176
3834.0,3.0,20.0,7.0,100.0,26.377623
3835.0,5.0,20.0,7.0,100.0,16.395973
3836.0,10.0,20.0,7.0,100.0,76.64413
3837.0,20.0,20.0,7.0,100.0,43.22381
3838.0,40.0,20.0,7.0,100.0,26.663889
3839.0,49.0,20.0,7.0,100.0,88.18433
3840.0,0.0,20.0,7.0,100.0,29.120253
3841.0,0.5,20.0,7.0,100.0,29.126583
3842.0,1.0,20.0,7.0,100.0,38.40698
3843.0,2.0,20.0,7.0,100.0,15.44186
3844.0,3.0,20.0,7.0,100.0,11.520326
3845.0,5.0,20.0,7.0,100.0,10.264
3846.0,10.0,20.0,7.0,100.0,40.043667
3847.0,20.0,20.0,7.0,100.0,22.458763
3848.0,40.0,20.0,7.0,100.0,33.33895
3849.0,49.0,20.0,7.0,100.0,59.729595
3850.0,0.0,20.0,7.0,100.0,29.44654
3851.0,0.5,20.0,7.0,100.0,30.895061
3852.0,1.0,20.0,7.0,100.0,21.984734
3853.0,2.0,20.0,7.0,100.0,15.781022
3854.0,3.0,20.0,7.0,100.0,18.589148
3855.0,5.0,20.0,7.0,100.0,15.959017
3856.0,10.0,20.0,7.0,100.0,39.191113
3857.0,20.0,20.0,7.0,100.0,74.12094
3858.0,40.0,20.0,7.0,100.0,39.020935
3859.0,49.0,20.0,7.0,100.0,58.912018
3860.0,0.0,20.0,7.0,100.0,28.898735
3861.0,0.5,20.0,7.0,100.0,14.72093
3862.0,1.0,20.0,7.0,100.0,28.490446
3863.0,2.0,20.0,7.0,100.0,28.828026
3864.0,3.0,20.0,7.0,100.0,15.525547
3865.0,5.0,20.0,7.0,100.0,66.613335
3866.0,10.0,20.0,7.0,100.0,33.471504
3867.0,20.0,20.0,7.0,100.0,33.90945
3868.0,40.0,20.0,7.0,100.0,59.713024
3869.0,49.0,20.0,7.0,100.0,63.66417
3870.0,0.0,20.0,7.0,100.0,29.54717
3871.0,0.5,20.0,7.0,100.0,16.181818
3872.0,1.0,20.0,7.0,100.0,26.979866
3873.0,2.0,20.0,7.0,100.0,15.353333
3874.0,3.0,20.0,7.0,100.0,25.163935
3875.0,5.0,20.0,7.0,100.0,36.530613
3876.0,10.0,20.0,7.0,100.0,60.056538
3877.0,20.0,20.0,7.0,100.0,41.14829
3878.0,40.0,20.0,7.0,100.0,38.508278
3879.0,49.0,20.0,7.0,100.0,41.423447
3880.0,0.0,20.0,7.0,100.0,28.696203
3881.0,0.5,20.0,7.0,100.0,29.101265
3882.0,1.0,20.0,7.0,100.0,29.710691
3883.0,2.0,20.0,7.0,100.0,32.29605
3884.0,3.0,20.0,7.0,100.0,20.310078
3885.0,5.0,20.0,7.0,100.0,10.793893
3886.0,10.0,20.0,7.0,100.0,26.567568
3887.0,20.0,20.0,7.0,100.0,33.648937
3888.0,40.0,20.0,7.0,100.0,52.420074
3889.0,49.0,20.0,7.0,100.0,51.885582
3890.0,0.0,20.0,7.0,100.0,30.447205
3891.0,0.5,20.0,7.0,100.0,22.39735
3892.0,1.0,20.0,7.0,100.0,17.078571
3893.0,2.0,20.0,7.0,100.0,22.058393
3894.0,3.0,20.0,7.0,100.0,21.837837
3895.0,5.0,20.0,7.0,100.0,21.402597
3896.0,10.0,20.0,7.0,100.0,14.470589
3897.0,20.0,20.0,7.0,100.0,46.34173
3898.0,40.0,20.0,7.0,100.0,22.93421
3899.0,49.0,20.0,7.0,100.0,50.207977
3900.0,0.0,20.0,7.0,100.0,29.164557
3901.0,0.5,20.0,7.0,100.0,29.84375
3902.0,1.0,20.0,7.0,100.0,29.773584
3903.0,2.0,20.0,7.0,100.0,9.520661
3904.0,3.0,20.0,7.0,100.0,56.86381
3905.0,5.0,20.0,7.0,100.0,10.8
3906.0,10.0,20.0,7.0,100.0,12.798611
3907.0,20.0,20.0,7.0,100.0,53.57915
3908.0,40.0,20.0,7.0,100.0,80.85714
3909.0,49.0,20.0,7.0,100.0,67.18917
3910.0,0.0,20.0,7.0,100.0,28.86076
3911.0,0.5,20.0,7.0,100.0,28.70886
3912.0,1.0,20.0,7.0,100.0,29.572327
3913.0,2.0,20.0,7.0,100.0,36.01242
3914.0,3.0,20.0,7.0,100.0,19.643412
3915.0,5.0,20.0,7.0,100.0,9.653226
3916.0,10.0,20.0,7.0,100.0,13.594405
3917.0,20.0,20.0,7.0,100.0,48.320465
3918.0,40.0,20.0,7.0,100.0,28.422182
3919.0,49.0,20.0,7.0,100.0,68.69494
3920.0,0.0,20.0,7.0,100.0,28.55414
3921.0,0.5,20.0,7.0,100.0,29.528301
3922.0,1.0,20.0,7.0,100.0,24.300577
3923.0,2.0,20.0,7.0,100.0,22.351145
3924.0,3.0,20.0,7.0,100.0,29.62264
3925.0,5.0,20.0,7.0,100.0,13.640351
3926.0,10.0,20.0,7.0,100.0,25.317648
3927.0,20.0,20.0,7.0,100.0,41.22222
3928.0,40.0,20.0,7.0,100.0,41.671387
3929.0,49.0,20.0,7.0,100.0,38.696774
3930.0,0.0,20.0,7.0,100.0,29.975
3931.0,0.5,20.0,7.0,100.0,24.992857
3932.0,1.0,20.0,7.0,100.0,18.829268
3933.0,2.0,20.0,7.0,100.0,15.238095
3934.0,3.0,20.0,7.0,100.0,30.69697
3935.0,5.0,20.0,7.0,100.0,21.301205
3936.0,10.0,20.0,7.0,100.0,18.331125
3937.0,20.0,20.0,7.0,100.0,40.627117
3938.0,40.0,20.0,7.0,100.0,71.419754
3939.0,49.0,20.0,7.0,100.0,60.502453
3940.0,0.0,20.0,7.0,100.0,29.069181
3941.0,0.5,20.0,7.0,100.0,28.464968
3942.0,1.0,20.0,7.0,100.0,14.992
3943.0,2.0,20.0,7.0,100.0,18.609928
3944.0,3.0,20.0,7.0,100.0,14.983606
3945.0,5.0,20.0,7.0,100.0,31.265823
3946.0,10.0,20.0,7.0,100.0,51.8383
3947.0,20.0,20.0,7.0,100.0,57.080154
3948.0,40.0,20.0,7.0,100.0,52.46
3949.0,49.0,20.0,7.0,100.0,54.439648
3950.0,0.0,20.0,7.0,100.0,30.075472
3951.0,0.5,20.0,7.0,100.0,52.75238
3952.0,1.0,20.0,7.0,100.0,21.977272
3953.0,2.0,20.0,7.0,100.0,23.157894
3954.0,3.0,20.0,7.0,100.0,12.404411
3955.0,5.0,20.0,7.0,100.0,51.436
3956.0,10.0,20.0,7.0,100.0,44.900414
3957.0,20.0,20.0,7.0,100.0,72.572845
3958.0,40.0,20.0,7.0,100.0,51.987698
3959.0,49.0,20.0,7.0,100.0,54.553383
3960.0,0.0,20.0,7.0,100.0,29.875
3961.0,0.5,20.0,7.0,100.0,44.215385
3962.0,1.0,20.0,7.0,100.0,36.640625
3963.0,2.0,20.0,7.0,100.0,15.764286
3964.0,3.0,20.0,7.0,100.0,16.07377
3965.0,5.0,20.0,7.0,100.0,37.253456
3966.0,10.0,20.0,7.0,100.0,25.839573
3967.0,20.0,20.0,7.0,100.0,34.346153
3968.0,40.0,20.0,7.0,100.0,40.59506
3969.0,49.0,20.0,7.0,100.0,62.657326
3970.0,0.0,20.0,7.0,100.0,28.624205
3971.0,0.5,20.0,7.0,100.0,29.220125
3972.0,1.0,20.0,7.0,100.0,16.533897
3973.0,2.0,20.0,7.0,100.0,11.121739
3974.0,3.0,20.0,7.0,100.0,26.92562
3975.0,5.0,20.0,7.0,100.0,35.889534
3976.0,10.0,20.0,7.0,100.0,31.662037
3977.0,20.0,20.0,7.0,100.0,32.337276
3978.0,40.0,20.0,7.0,100.0,33.70117
3979.0,49.0,20.0,7.0,100.0,52.976814
3980.0,0.0,20.0,7.0,100.0,29.63522
3981.0,0.5,20.0,7.0,100.0,27.691824
3982.0,1.0,20.0,7.0,100.0,25.25
3983.0,2.0,20.0,7.0,100.0,33.929905
3984.0,3.0,20.0,7.0,100.0,11.484127
3985.0,5.0,20.0,7.0,100.0,26.546762
3986.0,10.0,20.0,7.0,100.0,30.371952
3987.0,20.0,20.0,7.0,100.0,40.84127
3988.0,40.0,20.0,7.0,100.0,34.681133
3989.0,49.0,20.0,7.0,100.0,53.307365
3990.0,0.0,20.0,7.0,100.0,29.64375
3991.0,0.5,20.0,7.0,100.0,28.5625
3992.0,1.0,20.0,7.0,100.0,14.930233
3993.0,2.0,20.0,7.0,100.0,11.083333
3994.0,3.0,20.0,7.0,100.0,24.847221
3995.0,5.0,20.0,7.0,100.0,39.656864
3996.0,10.0,20.0,7.0,100.0,18.324324
3997.0,20.0,20.0,7.0,100.0,81.00741
3998.0,40.0,20.0,7.0,100.0,53.331593
3999.0,49.0,20.0,7.0,100.0,84.9289
4000.0,0.0,20.0,8.0,100.0,29.44375
4001.0,0.5,20.0,8.0,100.0,31.2
4002.0,1.0,20.0,8.0,100.0,16.985075
4003.0,2.0,20.0,8.0,100.0,13.409449
4004.0,3.0,20.0,8.0,100.0,16.320755
4005.0,5.0,20.0,8.0,100.0,27.16279
4006.0,10.0,20.0,8.0,100.0,15.589928
4007.0,20.0,20.0,8.0,100.0,26.842424
4008.0,40.0,20.0,8.0,100.0,34.455772
4009.0,49.0,20.0,8.0,100.0,37.655582
4010.0,0.0,20.0,8.0,100.0,58.188595
4011.0,0.5,20.0,8.0,100.0,22.575758
4012.0,1.0,20.0,8.0,100.0,17.92517
4013.0,2.0,20.0,8.0,100.0,23.620438
4014.0,3.0,20.0,8.0,100.0,30.075
4015.0,5.0,20.0,8.0,100.0,13.42953
4016.0,10.0,20.0,8.0,100.0,42.058296
4017.0,20.0,20.0,8.0,100.0,54.006687
4018.0,40.0,20.0,8.0,100.0,45.61216
4019.0,49.0,20.0,8.0,100.0,48.770782
4020.0,0.0,20.0,8.0,100.0,28.363058
4021.0,0.5,20.0,8.0,100.0,29.310127
4022.0,1.0,20.0,8.0,100.0,21.351562
4023.0,2.0,20.0,8.0,100.0,20.293333
4024.0,3.0,20.0,8.0,100.0,14.590164
4025.0,5.0,20.0,8.0,100.0,16.751593
4026.0,10.0,20.0,8.0,100.0,32.289017
4027.0,20.0,20.0,8.0,100.0,42.274418
4028.0,40.0,20.0,8.0,100.0,42.747234
4029.0,49.0,20.0,8.0,100.0,66.532326
4030.0,0.0,20.0,8.0,100.0,28.414013
4031.0,0.5,20.0,8.0,100.0,15.759398
4032.0,1.0,20.0,8.0,100.0,14.595238
4033.0,2.0,20.0,8.0,100.0,14.345324
4034.0,3.0,20.0,8.0,100.0,10.123967
4035.0,5.0,20.0,8.0,100.0,65.091225
4036.0,10.0,20.0,8.0,100.0,16.10989
4037.0,20.0,20.0,8.0,100.0,60.209923
4038.0,40.0,20.0,8.0,100.0,55.10428
4039.0,49.0,20.0,8.0,100.0,55.404278
4040.0,0.0,20.0,8.0,100.0,29.08228
4041.0,0.5,20.0,8.0,100.0,19.968
4042.0,1.0,20.0,8.0,100.0,27.839743
4043.0,2.0,20.0,8.0,100.0,9.726496
4044.0,3.0,20.0,8.0,100.0,32.233532
4045.0,5.0,20.0,8.0,100.0,59.266666
4046.0,10.0,20.0,8.0,100.0,75.16938
4047.0,20.0,20.0,8.0,100.0,22.626263
4048.0,40.0,20.0,8.0,100.0,51.886257
4049.0,49.0,20.0,8.0,100.0,66.39788
4050.0,0.0,20.0,8.0,100.0,29.80503
4051.0,0.5,20.0,8.0,100.0,10.191667
4052.0,1.0,20.0,8.0,100.0,16.878788
4053.0,2.0,20.0,8.0,100.0,36.66923
4054.0,3.0,20.0,8.0,100.0,12.333333
4055.0,5.0,20.0,8.0,100.0,32.725
4056.0,10.0,20.0,8.0,100.0,24.101797
4057.0,20.0,20.0,8.0,100.0,46.240875
4058.0,40.0,20.0,8.0,100.0,47.536
4059.0,49.0,20.0,8.0,100.0,87.76485
4060.0,0.0,20.0,8.0,100.0,28.573248
4061.0,0.5,20.0,8.0,100.0,18.041323
4062.0,1.0,20.0,8.0,100.0,42.104652
4063.0,2.0,20.0,8.0,100.0,12.532258
4064.0,3.0,20.0,8.0,100.0,14.412699
4065.0,5.0,20.0,8.0,100.0,38.13483
4066.0,10.0,20.0,8.0,100.0,13.319149
4067.0,20.0,20.0,8.0,100.0,68.10078
4068.0,40.0,20.0,8.0,100.0,36.25576
4069.0,49.0,20.0,8.0,100.0,68.98593
4070.0,0.0,20.0,8.0,100.0,28.160257
4071.0,0.5,20.0,8.0,100.0,62.054165
4072.0,1.0,20.0,8.0,100.0,30.192547
4073.0,2.0,20.0,8.0,100.0,16.422764
4074.0,3.0,20.0,8.0,100.0,15.470085
4075.0,5.0,20.0,8.0,100.0,72.76
4076.0,10.0,20.0,8.0,100.0,14.828947
4077.0,20.0,20.0,8.0,100.0,49.857594
4078.0,40.0,20.0,8.0,100.0,30.020184
4079.0,49.0,20.0,8.0,100.0,49.269608
4080.0,0.0,20.0,8.0,100.0,29.5
4081.0,0.5,20.0,8.0,100.0,28.962025
4082.0,1.0,20.0,8.0,100.0,29.722221
4083.0,2.0,20.0,8.0,100.0,28.706522
4084.0,3.0,20.0,8.0,100.0,24.9078
4085.0,5.0,20.0,8.0,100.0,76.58555
4086.0,10.0,20.0,8.0,100.0,31.670807
4087.0,20.0,20.0,8.0,100.0,75.2947
4088.0,40.0,20.0,8.0,100.0,110.04512
4089.0,49.0,20.0,8.0,100.0,75.8936
4090.0,0.0,20.0,8.0,100.0,29.056963
4091.0,0.5,20.0,8.0,100.0,21.845589
4092.0,1.0,20.0,8.0,100.0,15.8970585
4093.0,2.0,20.0,8.0,100.0,16.74627
4094.0,3.0,20.0,8.0,100.0,75.95744
4095.0,5.0,20.0,8.0,100.0,12.857142
4096.0,10.0,20.0,8.0,100.0,22.774391
4097.0,20.0,20.0,8.0,100.0,29.285025
4098.0,40.0,20.0,8.0,100.0,35.794575
4099.0,49.0,20.0,8.0,100.0,68.53458
4100.0,0.0,20.0,8.0,100.0,28.713375
4101.0,0.5,20.0,8.0,100.0,49.264248
4102.0,1.0,20.0,8.0,100.0,25.8
4103.0,2.0,20.0,8.0,100.0,21.066225
4104.0,3.0,20.0,8.0,100.0,15.042735
4105.0,5.0,20.0,8.0,100.0,21.93865
4106.0,10.0,20.0,8.0,100.0,85.30224
4107.0,20.0,20.0,8.0,100.0,28.205534
4108.0,40.0,20.0,8.0,100.0,39.52152
4109.0,49.0,20.0,8.0,100.0,49.577175
4110.0,0.0,20.0,8.0,100.0,28.968355
4111.0,0.5,20.0,8.0,100.0,15.131147
4112.0,1.0,20.0,8.0,100.0,18.666666
4113.0,2.0,20.0,8.0,100.0,20.79845
4114.0,3.0,20.0,8.0,100.0,25.447205
4115.0,5.0,20.0,8.0,100.0,40.644146
4116.0,10.0,20.0,8.0,100.0,13.366667
4117.0,20.0,20.0,8.0,100.0,32.301506
4118.0,40.0,20.0,8.0,100.0,29.318653
4119.0,49.0,20.0,8.0,100.0,43.850468
4120.0,0.0,20.0,8.0,100.0,29.037975
4121.0,0.5,20.0,8.0,100.0,20.206896
4122.0,1.0,20.0,8.0,100.0,13.19403
4123.0,2.0,20.0,8.0,100.0,28.93038
4124.0,3.0,20.0,8.0,100.0,10.304348
4125.0,5.0,20.0,8.0,100.0,9.847328
4126.0,10.0,20.0,8.0,100.0,36.670105
4127.0,20.0,20.0,8.0,100.0,33.247787
4128.0,40.0,20.0,8.0,100.0,85.16803
4129.0,49.0,20.0,8.0,100.0,73.174095
4130.0,0.0,20.0,8.0,100.0,29.5875
4131.0,0.5,20.0,8.0,100.0,27.94079
4132.0,1.0,20.0,8.0,100.0,12.661157
4133.0,2.0,20.0,8.0,100.0,37.71519
4134.0,3.0,20.0,8.0,100.0,29.993938
4135.0,5.0,20.0,8.0,100.0,22.89011
4136.0,10.0,20.0,8.0,100.0,44.563065
4137.0,20.0,20.0,8.0,100.0,55.640263
4138.0,40.0,20.0,8.0,100.0,39.44469
4139.0,49.0,20.0,8.0,100.0,32.16949
4140.0,0.0,20.0,8.0,100.0,29.591194
4141.0,0.5,20.0,8.0,100.0,30.192547
4142.0,1.0,20.0,8.0,100.0,15.6267605
4143.0,2.0,20.0,8.0,100.0,26.151686
4144.0,3.0,20.0,8.0,100.0,25.027586
4145.0,5.0,20.0,8.0,100.0,19.993547
4146.0,10.0,20.0,8.0,100.0,42.09816
4147.0,20.0,20.0,8.0,100.0,46.209877
4148.0,40.0,20.0,8.0,100.0,47.52727
4149.0,49.0,20.0,8.0,100.0,58.907032
4150.0,0.0,20.0,8.0,100.0,29.08228
4151.0,0.5,20.0,8.0,100.0,27.666666
4152.0,1.0,20.0,8.0,100.0,46.085712
4153.0,2.0,20.0,8.0,100.0,36.602802
4154.0,3.0,20.0,8.0,100.0,10.595238
4155.0,5.0,20.0,8.0,100.0,94.57478
4156.0,10.0,20.0,8.0,100.0,24.39151
4157.0,20.0,20.0,8.0,100.0,18.160805
4158.0,40.0,20.0,8.0,100.0,33.805756
4159.0,49.0,20.0,8.0,100.0,56.98647
4160.0,0.0,20.0,8.0,100.0,29.45283
4161.0,0.5,20.0,8.0,100.0,29.76875
4162.0,1.0,20.0,8.0,100.0,20.485508
4163.0,2.0,20.0,8.0,100.0,30.18797
4164.0,3.0,20.0,8.0,100.0,19.228916
4165.0,5.0,20.0,8.0,100.0,32.153286
4166.0,10.0,20.0,8.0,100.0,40.903225
4167.0,20.0,20.0,8.0,100.0,46.84332
4168.0,40.0,20.0,8.0,100.0,32.90749
4169.0,49.0,20.0,8.0,100.0,61.128365
4170.0,0.0,20.0,8.0,100.0,28.477707
4171.0,0.5,20.0,8.0,100.0,26.240963
4172.0,1.0,20.0,8.0,100.0,43.669952
4173.0,2.0,20.0,8.0,100.0,28.914772
4174.0,3.0,20.0,8.0,100.0,43.719513
4175.0,5.0,20.0,8.0,100.0,11.075
4176.0,10.0,20.0,8.0,100.0,49.089203
4177.0,20.0,20.0,8.0,100.0,55.448376
4178.0,40.0,20.0,8.0,100.0,40.200653
4179.0,49.0,20.0,8.0,100.0,40.928154
4180.0,0.0,20.0,8.0,100.0,69.75746
4181.0,0.5,20.0,8.0,100.0,19.104477
4182.0,1.0,20.0,8.0,100.0,15.10219
4183.0,2.0,20.0,8.0,100.0,28.496815
4184.0,3.0,20.0,8.0,100.0,41.343285
4185.0,5.0,20.0,8.0,100.0,25.283504
4186.0,10.0,20.0,8.0,100.0,22.503267
4187.0,20.0,20.0,8.0,100.0,43.954197
4188.0,40.0,20.0,8.0,100.0,33.683964
4189.0,49.0,20.0,8.0,100.0,54.63908
4190.0,0.0,20.0,8.0,100.0,30.590061
4191.0,0.5,20.0,8.0,100.0,19.330645
4192.0,1.0,20.0,8.0,100.0,29.26415
4193.0,2.0,20.0,8.0,100.0,27.037975
4194.0,3.0,20.0,8.0,100.0,16.757353
4195.0,5.0,20.0,8.0,100.0,25.474285
4196.0,10.0,20.0,8.0,100.0,49.295357
4197.0,20.0,20.0,8.0,100.0,44.244637
4198.0,40.0,20.0,8.0,100.0,33.358715
4199.0,49.0,20.0,8.0,100.0,78.9401
4200.0,0.0,20.0,8.0,100.0,27.522581
4201.0,0.5,20.0,8.0,100.0,30.0875
4202.0,1.0,20.0,8.0,100.0,17.648855
4203.0,2.0,20.0,8.0,100.0,36.028408
4204.0,3.0,20.0,8.0,100.0,29.777779
4205.0,5.0,20.0,8.0,100.0,46.95694
4206.0,10.0,20.0,8.0,100.0,33.63804
4207.0,20.0,20.0,8.0,100.0,52.41132
4208.0,40.0,20.0,8.0,100.0,26.483263
4209.0,49.0,20.0,8.0,100.0,63.34441
4210.0,0.0,20.0,8.0,100.0,28.570513
4211.0,0.5,20.0,8.0,100.0,29.335443
4212.0,1.0,20.0,8.0,100.0,30.3625
4213.0,2.0,20.0,8.0,100.0,33.041096
4214.0,3.0,20.0,8.0,100.0,31.779005
4215.0,5.0,20.0,8.0,100.0,30.773006
4216.0,10.0,20.0,8.0,100.0,47.786667
4217.0,20.0,20.0,8.0,100.0,47.716534
4218.0,40.0,20.0,8.0,100.0,41.748505
4219.0,49.0,20.0,8.0,100.0,35.54337
4220.0,0.0,20.0,8.0,100.0,43.82266
4221.0,0.5,20.0,8.0,100.0,29.113924
4222.0,1.0,20.0,8.0,100.0,24.518248
4223.0,2.0,20.0,8.0,100.0,50.864864
4224.0,3.0,20.0,8.0,100.0,23.26923
4225.0,5.0,20.0,8.0,100.0,56.923912
4226.0,10.0,20.0,8.0,100.0,12.764286
4227.0,20.0,20.0,8.0,100.0,63.427563
4228.0,40.0,20.0,8.0,100.0,48.485588
4229.0,49.0,20.0,8.0,100.0,53.17092
4230.0,0.0,20.0,8.0,100.0,29.855347
4231.0,0.5,20.0,8.0,100.0,33.25
4232.0,1.0,20.0,8.0,100.0,44.80734
4233.0,2.0,20.0,8.0,100.0,15.659259
4234.0,3.0,20.0,8.0,100.0,13.156463
4235.0,5.0,20.0,8.0,100.0,13.491803
4236.0,10.0,20.0,8.0,100.0,62.588478
4237.0,20.0,20.0,8.0,100.0,46.575874
4238.0,40.0,20.0,8.0,100.0,40.376343
4239.0,49.0,20.0,8.0,100.0,48.341774
4240.0,0.0,20.0,8.0,100.0,28.490446
4241.0,0.5,20.0,8.0,100.0,20.054422
4242.0,1.0,20.0,8.0,100.0,14.918699
4243.0,2.0,20.0,8.0,100.0,28.06322
4244.0,3.0,20.0,8.0,100.0,39.65939
4245.0,5.0,20.0,8.0,100.0,25.765715
4246.0,10.0,20.0,8.0,100.0,26.560747
4247.0,20.0,20.0,8.0,100.0,53.191303
4248.0,40.0,20.0,8.0,100.0,33.498306
4249.0,49.0,20.0,8.0,100.0,45.541992
4250.0,0.0,20.0,8.0,100.0,30.701864
4251.0,0.5,20.0,8.0,100.0,29.515724
4252.0,1.0,20.0,8.0,100.0,19.857143
4253.0,2.0,20.0,8.0,100.0,16.455284
4254.0,3.0,20.0,8.0,100.0,52.22619
4255.0,5.0,20.0,8.0,100.0,36.74854
4256.0,10.0,20.0,8.0,100.0,21.26776
4257.0,20.0,20.0,8.0,100.0,44.896267
4258.0,40.0,20.0,8.0,100.0,20.546175
4259.0,49.0,20.0,8.0,100.0,99.26854
4260.0,0.0,20.0,8.0,100.0,28.350319
4261.0,0.5,20.0,8.0,100.0,12.75
4262.0,1.0,20.0,8.0,100.0,10.707317
4263.0,2.0,20.0,8.0,100.0,17.958677
4264.0,3.0,20.0,8.0,100.0,24.319767
4265.0,5.0,20.0,8.0,100.0,23.2
4266.0,10.0,20.0,8.0,100.0,44.99535
4267.0,20.0,20.0,8.0,100.0,44.045628
4268.0,40.0,20.0,8.0,100.0,27.33012
4269.0,49.0,20.0,8.0,100.0,78.21935
4270.0,0.0,20.0,8.0,100.0,30.734568
4271.0,0.5,20.0,8.0,100.0,15.624
4272.0,1.0,20.0,8.0,100.0,18.016666
4273.0,2.0,20.0,8.0,100.0,20.126984
4274.0,3.0,20.0,8.0,100.0,23.562963
4275.0,5.0,20.0,8.0,100.0,36.27
4276.0,10.0,20.0,8.0,100.0,41.960976
4277.0,20.0,20.0,8.0,100.0,69.419266
4278.0,40.0,20.0,8.0,100.0,78.41016
4279.0,49.0,20.0,8.0,100.0,63.99291
4280.0,0.0,20.0,8.0,100.0,29.056604
4281.0,0.5,20.0,8.0,100.0,28.538462
4282.0,1.0,20.0,8.0,100.0,30.00625
4283.0,2.0,20.0,8.0,100.0,35.42857
4284.0,3.0,20.0,8.0,100.0,32.577145
4285.0,5.0,20.0,8.0,100.0,12.041323
4286.0,10.0,20.0,8.0,100.0,12.408451
4287.0,20.0,20.0,8.0,100.0,40.691055
4288.0,40.0,20.0,8.0,100.0,72.01227
4289.0,49.0,20.0,8.0,100.0,58.574703
4290.0,0.0,20.0,8.0,100.0,28.560509
4291.0,0.5,20.0,8.0,100.0,14.746154
4292.0,1.0,20.0,8.0,100.0,24.97826
4293.0,2.0,20.0,8.0,100.0,39.903408
4294.0,3.0,20.0,8.0,100.0,63.075314
4295.0,5.0,20.0,8.0,100.0,36.26178
4296.0,10.0,20.0,8.0,100.0,85.90961
4297.0,20.0,20.0,8.0,100.0,32.703884
4298.0,40.0,20.0,8.0,100.0,43.33069
4299.0,49.0,20.0,8.0,100.0,38.362854
4300.0,0.0,20.0,8.0,100.0,29.64151
4301.0,0.5,20.0,8.0,100.0,40.80663
4302.0,1.0,20.0,8.0,100.0,16.474577
4303.0,2.0,20.0,8.0,100.0,24.735714
4304.0,3.0,20.0,8.0,100.0,18.296553
4305.0,5.0,20.0,8.0,100.0,20.727272
4306.0,10.0,20.0,8.0,100.0,31.925743
4307.0,20.0,20.0,8.0,100.0,33.26852
4308.0,40.0,20.0,8.0,100.0,30.493547
4309.0,49.0,20.0,8.0,100.0,51.947514
4310.0,0.0,20.0,8.0,100.0,29.113924
4311.0,0.5,20.0,8.0,100.0,19.231344
4312.0,1.0,20.0,8.0,100.0,22.183207
4313.0,2.0,20.0,8.0,100.0,44.246304
4314.0,3.0,20.0,8.0,100.0,14.627737
4315.0,5.0,20.0,8.0,100.0,47.81818
4316.0,10.0,20.0,8.0,100.0,51.251102
4317.0,20.0,20.0,8.0,100.0,25.683258
4318.0,40.0,20.0,8.0,100.0,27.966368
4319.0,49.0,20.0,8.0,100.0,40.238197
4320.0,0.0,20.0,8.0,100.0,30.2375
4321.0,0.5,20.0,8.0,100.0,24.715279
4322.0,1.0,20.0,8.0,100.0,24.049644
4323.0,2.0,20.0,8.0,100.0,30.626263
4324.0,3.0,20.0,8.0,100.0,13.55303
4325.0,5.0,20.0,8.0,100.0,16.171429
4326.0,10.0,20.0,8.0,100.0,17.014286
4327.0,20.0,20.0,8.0,100.0,44.67382
4328.0,40.0,20.0,8.0,100.0,42.451756
4329.0,49.0,20.0,8.0,100.0,45.64426
4330.0,0.0,20.0,8.0,100.0,28.873417
4331.0,0.5,20.0,8.0,100.0,30.19375
4332.0,1.0,20.0,8.0,100.0,28.613924
4333.0,2.0,20.0,8.0,100.0,33.63793
4334.0,3.0,20.0,8.0,100.0,41.764977
4335.0,5.0,20.0,8.0,100.0,23.547873
4336.0,10.0,20.0,8.0,100.0,14.679487
4337.0,20.0,20.0,8.0,100.0,55.171207
4338.0,40.0,20.0,8.0,100.0,28.257603
4339.0,49.0,20.0,8.0,100.0,48.335587
4340.0,0.0,20.0,8.0,100.0,29.082802
4341.0,0.5,20.0,8.0,100.0,29.19497
4342.0,1.0,20.0,8.0,100.0,25.580645
4343.0,2.0,20.0,8.0,100.0,12.2
4344.0,3.0,20.0,8.0,100.0,18.195122
4345.0,5.0,20.0,8.0,100.0,11.140351
4346.0,10.0,20.0,8.0,100.0,43.57085
4347.0,20.0,20.0,8.0,100.0,32.727272
4348.0,40.0,20.0,8.0,100.0,26.144117
4349.0,49.0,20.0,8.0,100.0,73.272316
4350.0,0.0,20.0,8.0,100.0,29.158228
4351.0,0.5,20.0,8.0,100.0,17.268908
4352.0,1.0,20.0,8.0,100.0,15.176923
4353.0,2.0,20.0,8.0,100.0,22.331125
4354.0,3.0,20.0,8.0,100.0,11.131147
4355.0,5.0,20.0,8.0,100.0,23.054794
4356.0,10.0,20.0,8.0,100.0,33.436363
4357.0,20.0,20.0,8.0,100.0,28.69748
4358.0,40.0,20.0,8.0,100.0,45.53818
4359.0,49.0,20.0,8.0,100.0,62.17702
4360.0,0.0,20.0,8.0,100.0,30.0875
4361.0,0.5,20.0,8.0,100.0,28.924051
4362.0,1.0,20.0,8.0,100.0,22.398497
4363.0,2.0,20.0,8.0,100.0,31.053398
4364.0,3.0,20.0,8.0,100.0,48.294872
4365.0,5.0,20.0,8.0,100.0,42.079365
4366.0,10.0,20.0,8.0,100.0,26.48848
4367.0,20.0,20.0,8.0,100.0,56.192028
4368.0,40.0,20.0,8.0,100.0,25.238562
4369.0,49.0,20.0,8.0,100.0,56.152027
4370.0,0.0,20.0,8.0,100.0,29.666666
4371.0,0.5,20.0,8.0,100.0,28.628204
4372.0,1.0,20.0,8.0,100.0,22.988235
4373.0,2.0,20.0,8.0,100.0,10.9
4374.0,3.0,20.0,8.0,100.0,23.118519
4375.0,5.0,20.0,8.0,100.0,52.031498
4376.0,10.0,20.0,8.0,100.0,47.29018
4377.0,20.0,20.0,8.0,100.0,42.380074
4378.0,40.0,20.0,8.0,100.0,30.71523
4379.0,49.0,20.0,8.0,100.0,95.22583
4380.0,0.0,20.0,8.0,100.0,30.012579
4381.0,0.5,20.0,8.0,100.0,28.382166
4382.0,1.0,20.0,8.0,100.0,29.076433
4383.0,2.0,20.0,8.0,100.0,14.496454
4384.0,3.0,20.0,8.0,100.0,35.481674
4385.0,5.0,20.0,8.0,100.0,14.128
4386.0,10.0,20.0,8.0,100.0,35.65625
4387.0,20.0,20.0,8.0,100.0,49.39419
4388.0,40.0,20.0,8.0,100.0,43.328896
4389.0,49.0,20.0,8.0,100.0,38.036026
4390.0,0.0,20.0,8.0,100.0,29.838509
4391.0,0.5,20.0,8.0,100.0,23.074074
4392.0,1.0,20.0,8.0,100.0,23.163399
4393.0,2.0,20.0,8.0,100.0,30.314285
4394.0,3.0,20.0,8.0,100.0,33.167664
4395.0,5.0,20.0,8.0,100.0,23.882353
4396.0,10.0,20.0,8.0,100.0,51.81739
4397.0,20.0,20.0,8.0,100.0,25.80303
4398.0,40.0,20.0,8.0,100.0,72.9127
4399.0,49.0,20.0,8.0,100.0,78.568794
4400.0,0.0,20.0,8.0,100.0,29.371069
4401.0,0.5,20.0,8.0,100.0,29.7125
4402.0,1.0,20.0,8.0,100.0,18.691057
4403.0,2.0,20.0,8.0,100.0,64.900795
4404.0,3.0,20.0,8.0,100.0,56.90551
4405.0,5.0,20.0,8.0,100.0,13.195652
4406.0,10.0,20.0,8.0,100.0,21.097143
4407.0,20.0,20.0,8.0,100.0,31.252747
4408.0,40.0,20.0,8.0,100.0,25.584389
4409.0,49.0,20.0,8.0,100.0,63.60221
4410.0,0.0,20.0,8.0,100.0,29.861635
4411.0,0.5,20.0,8.0,100.0,14.736
4412.0,1.0,20.0,8.0,100.0,21.8
4413.0,2.0,20.0,8.0,100.0,20.864662
4414.0,3.0,20.0,8.0,100.0,11.795455
4415.0,5.0,20.0,8.0,100.0,36.272728
4416.0,10.0,20.0,8.0,100.0,47.588
4417.0,20.0,20.0,8.0,100.0,43.037037
4418.0,40.0,20.0,8.0,100.0,29.490835
4419.0,49.0,20.0,8.0,100.0,54.17418
4420.0,0.0,20.0,8.0,100.0,29.66875
4421.0,0.5,20.0,8.0,100.0,29.383648
4422.0,1.0,20.0,8.0,100.0,12.856061
4423.0,2.0,20.0,8.0,100.0,25.617977
4424.0,3.0,20.0,8.0,100.0,22.19084
4425.0,5.0,20.0,8.0,100.0,16.061403
4426.0,10.0,20.0,8.0,100.0,15.3970585
4427.0,20.0,20.0,8.0,100.0,61.68639
4428.0,40.0,20.0,8.0,100.0,38.70081
4429.0,49.0,20.0,8.0,100.0,72.77757
4430.0,0.0,20.0,8.0,100.0,28.237179
4431.0,0.5,20.0,8.0,100.0,15.992481
4432.0,1.0,20.0,8.0,100.0,17.772413
4433.0,2.0,20.0,8.0,100.0,13.048388
4434.0,3.0,20.0,8.0,100.0,23.0
4435.0,5.0,20.0,8.0,100.0,38.603962
4436.0,10.0,20.0,8.0,100.0,53.894737
4437.0,20.0,20.0,8.0,100.0,48.105484
4438.0,40.0,20.0,8.0,100.0,67.82552
4439.0,49.0,20.0,8.0,100.0,45.89133
4440.0,0.0,20.0,8.0,100.0,28.624205
4441.0,0.5,20.0,8.0,100.0,63.285126
4442.0,1.0,20.0,8.0,100.0,25.602837
4443.0,2.0,20.0,8.0,100.0,14.109243
4444.0,3.0,20.0,8.0,100.0,14.338843
4445.0,5.0,20.0,8.0,100.0,9.976
4446.0,10.0,20.0,8.0,100.0,49.65929
4447.0,20.0,20.0,8.0,100.0,35.228573
4448.0,40.0,20.0,8.0,100.0,26.024296
4449.0,49.0,20.0,8.0,100.0,92.59966
4450.0,0.0,20.0,8.0,100.0,29.126583
4451.0,0.5,20.0,8.0,100.0,29.95625
4452.0,1.0,20.0,8.0,100.0,29.949686
4453.0,2.0,20.0,8.0,100.0,13.904762
4454.0,3.0,20.0,8.0,100.0,10.955556
4455.0,5.0,20.0,8.0,100.0,15.38843
4456.0,10.0,20.0,8.0,100.0,12.771812
4457.0,20.0,20.0,8.0,100.0,39.824886
4458.0,40.0,20.0,8.0,100.0,36.436783
4459.0,49.0,20.0,8.0,100.0,45.70818
4460.0,0.0,20.0,8.0,100.0,29.484276
4461.0,0.5,20.0,8.0,100.0,23.5817
4462.0,1.0,20.0,8.0,100.0,21.523489
4463.0,2.0,20.0,8.0,100.0,28.943396
4464.0,3.0,20.0,8.0,100.0,29.978836
4465.0,5.0,20.0,8.0,100.0,40.554455
4466.0,10.0,20.0,8.0,100.0,51.556602
4467.0,20.0,20.0,8.0,100.0,51.845238
4468.0,40.0,20.0,8.0,100.0,66.558975
4469.0,49.0,20.0,8.0,100.0,40.58597
4470.0,0.0,20.0,8.0,100.0,45.908257
4471.0,0.5,20.0,8.0,100.0,29.011765
4472.0,1.0,20.0,8.0,100.0,17.929134
4473.0,2.0,20.0,8.0,100.0,33.464706
4474.0,3.0,20.0,8.0,100.0,40.830067
4475.0,5.0,20.0,8.0,100.0,32.903225
4476.0,10.0,20.0,8.0,100.0,56.836067
4477.0,20.0,20.0,8.0,100.0,23.341463
4478.0,40.0,20.0,8.0,100.0,54.58857
4479.0,49.0,20.0,8.0,100.0,60.50718
4480.0,0.0,20.0,8.0,100.0,28.032259
4481.0,0.5,20.0,8.0,100.0,38.906593
4482.0,1.0,20.0,8.0,100.0,28.726114
4483.0,2.0,20.0,8.0,100.0,14.87395
4484.0,3.0,20.0,8.0,100.0,33.061855
4485.0,5.0,20.0,8.0,100.0,54.394737
4486.0,10.0,20.0,8.0,100.0,35.04186
4487.0,20.0,20.0,8.0,100.0,53.783783
4488.0,40.0,20.0,8.0,100.0,32.554913
4489.0,49.0,20.0,8.0,100.0,67.692825
4490.0,0.0,20.0,8.0,100.0,29.158228
4491.0,0.5,20.0,8.0,100.0,29.81761
4492.0,1.0,20.0,8.0,100.0,23.281046
4493.0,2.0,20.0,8.0,100.0,53.37751
4494.0,3.0,20.0,8.0,100.0,24.827337
4495.0,5.0,20.0,8.0,100.0,49.963116
4496.0,10.0,20.0,8.0,100.0,12.779528
4497.0,20.0,20.0,8.0,100.0,42.70611
4498.0,40.0,20.0,8.0,100.0,29.347033
4499.0,49.0,20.0,8.0,100.0,46.762127
4500.0,0.0,20.0,9.0,100.0,28.538462
4501.0,0.5,20.0,9.0,100.0,37.201614
4502.0,1.0,20.0,9.0,100.0,28.019867
4503.0,2.0,20.0,9.0,100.0,11.265625
4504.0,3.0,20.0,9.0,100.0,27.886906
4505.0,5.0,20.0,9.0,100.0,16.598639
4506.0,10.0,20.0,9.0,100.0,42.919193
4507.0,20.0,20.0,9.0,100.0,38.396225
4508.0,40.0,20.0,9.0,100.0,23.179625
4509.0,49.0,20.0,9.0,100.0,57.4262
4510.0,0.0,20.0,9.0,100.0,29.36478
4511.0,0.5,20.0,9.0,100.0,27.226416
4512.0,1.0,20.0,9.0,100.0,26.449665
4513.0,2.0,20.0,9.0,100.0,14.81746
4514.0,3.0,20.0,9.0,100.0,9.017094
4515.0,5.0,20.0,9.0,100.0,45.18617
4516.0,10.0,20.0,9.0,100.0,33.80328
4517.0,20.0,20.0,9.0,100.0,41.36877
4518.0,40.0,20.0,9.0,100.0,27.734348
4519.0,49.0,20.0,9.0,100.0,49.924137
4520.0,0.0,20.0,9.0,100.0,28.211538
4521.0,0.5,20.0,9.0,100.0,30.327044
4522.0,1.0,20.0,9.0,100.0,28.423077
4523.0,2.0,20.0,9.0,100.0,60.793427
4524.0,3.0,20.0,9.0,100.0,10.869919
4525.0,5.0,20.0,9.0,100.0,42.704723
4526.0,10.0,20.0,9.0,100.0,53.640907
4527.0,20.0,20.0,9.0,100.0,48.06639
4528.0,40.0,20.0,9.0,100.0,44.430737
4529.0,49.0,20.0,9.0,100.0,50.695347
4530.0,0.0,20.0,9.0,100.0,30.1
4531.0,0.5,20.0,9.0,100.0,26.241611
4532.0,1.0,20.0,9.0,100.0,27.284811
4533.0,2.0,20.0,9.0,100.0,15.514493
4534.0,3.0,20.0,9.0,100.0,29.292856
4535.0,5.0,20.0,9.0,100.0,11.097561
4536.0,10.0,20.0,9.0,100.0,55.569508
4537.0,20.0,20.0,9.0,100.0,58.282608
4538.0,40.0,20.0,9.0,100.0,26.211294
4539.0,49.0,20.0,9.0,100.0,46.476852
4540.0,0.0,20.0,9.0,100.0,29.628931
4541.0,0.5,20.0,9.0,100.0,30.2125
4542.0,1.0,20.0,9.0,100.0,13.816667
4543.0,2.0,20.0,9.0,100.0,40.985916
4544.0,3.0,20.0,9.0,100.0,17.7
4545.0,5.0,20.0,9.0,100.0,63.183037
4546.0,10.0,20.0,9.0,100.0,59.047245
4547.0,20.0,20.0,9.0,100.0,50.284
4548.0,40.0,20.0,9.0,100.0,62.117836
4549.0,49.0,20.0,9.0,100.0,43.000546
4550.0,0.0,20.0,9.0,100.0,28.5414
4551.0,0.5,20.0,9.0,100.0,17.40146
4552.0,1.0,20.0,9.0,100.0,16.640844
4553.0,2.0,20.0,9.0,100.0,21.479166
4554.0,3.0,20.0,9.0,100.0,35.623596
4555.0,5.0,20.0,9.0,100.0,31.90863
4556.0,10.0,20.0,9.0,100.0,14.245509
4557.0,20.0,20.0,9.0,100.0,95.595894
4558.0,40.0,20.0,9.0,100.0,46.324326
4559.0,49.0,20.0,9.0,100.0,51.314373
4560.0,0.0,20.0,9.0,100.0,29.691824
4561.0,0.5,20.0,9.0,100.0,22.068703
4562.0,1.0,20.0,9.0,100.0,21.82313
4563.0,2.0,20.0,9.0,100.0,41.90991
4564.0,3.0,20.0,9.0,100.0,19.62
4565.0,5.0,20.0,9.0,100.0,28.172619
4566.0,10.0,20.0,9.0,100.0,26.32886
4567.0,20.0,20.0,9.0,100.0,16.671957
4568.0,40.0,20.0,9.0,100.0,39.062374
4569.0,49.0,20.0,9.0,100.0,60.014954
4570.0,0.0,20.0,9.0,100.0,28.594936
4571.0,0.5,20.0,9.0,100.0,52.576744
4572.0,1.0,20.0,9.0,100.0,47.122223
4573.0,2.0,20.0,9.0,100.0,34.548386
4574.0,3.0,20.0,9.0,100.0,13.769841
4575.0,5.0,20.0,9.0,100.0,49.55656
4576.0,10.0,20.0,9.0,100.0,43.795834
4577.0,20.0,20.0,9.0,100.0,48.61194
4578.0,40.0,20.0,9.0,100.0,75.32973
4579.0,49.0,20.0,9.0,100.0,57.150482
4580.0,0.0,20.0,9.0,100.0,29.106918
4581.0,0.5,20.0,9.0,100.0,28.919254
4582.0,1.0,20.0,9.0,100.0,14.398497
4583.0,2.0,20.0,9.0,100.0,10.090909
4584.0,3.0,20.0,9.0,100.0,52.34568
4585.0,5.0,20.0,9.0,100.0,33.778522
4586.0,10.0,20.0,9.0,100.0,114.74663
4587.0,20.0,20.0,9.0,100.0,50.32082
4588.0,40.0,20.0,9.0,100.0,47.506878
4589.0,49.0,20.0,9.0,100.0,86.63755
4590.0,0.0,20.0,9.0,100.0,28.535032
4591.0,0.5,20.0,9.0,100.0,29.753164
4592.0,1.0,20.0,9.0,100.0,28.949368
4593.0,2.0,20.0,9.0,100.0,19.330986
4594.0,3.0,20.0,9.0,100.0,88.27566
4595.0,5.0,20.0,9.0,100.0,9.732284
4596.0,10.0,20.0,9.0,100.0,34.223682
4597.0,20.0,20.0,9.0,100.0,55.898373
4598.0,40.0,20.0,9.0,100.0,29.14179
4599.0,49.0,20.0,9.0,100.0,56.12236
4600.0,0.0,20.0,9.0,100.0,29.177216
4601.0,0.5,20.0,9.0,100.0,29.54088
4602.0,1.0,20.0,9.0,100.0,15.401639
4603.0,2.0,20.0,9.0,100.0,19.316547
4604.0,3.0,20.0,9.0,100.0,16.147541
4605.0,5.0,20.0,9.0,100.0,56.149574
4606.0,10.0,20.0,9.0,100.0,138.97588
4607.0,20.0,20.0,9.0,100.0,27.540983
4608.0,40.0,20.0,9.0,100.0,47.315037
4609.0,49.0,20.0,9.0,100.0,68.73405
4610.0,0.0,20.0,9.0,100.0,30.19375
4611.0,0.5,20.0,9.0,100.0,17.180555
4612.0,1.0,20.0,9.0,100.0,26.59589
4613.0,2.0,20.0,9.0,100.0,38.83019
4614.0,3.0,20.0,9.0,100.0,43.788017
4615.0,5.0,20.0,9.0,100.0,67.098305
4616.0,10.0,20.0,9.0,100.0,39.76344
4617.0,20.0,20.0,9.0,100.0,30.597284
4618.0,40.0,20.0,9.0,100.0,39.892788
4619.0,49.0,20.0,9.0,100.0,47.164627
4620.0,0.0,20.0,9.0,100.0,29.402515
4621.0,0.5,20.0,9.0,100.0,14.767442
4622.0,1.0,20.0,9.0,100.0,29.80503
4623.0,2.0,20.0,9.0,100.0,27.16959
4624.0,3.0,20.0,9.0,100.0,35.903614
4625.0,5.0,20.0,9.0,100.0,53.58369
4626.0,10.0,20.0,9.0,100.0,64.246864
4627.0,20.0,20.0,9.0,100.0,31.686441
4628.0,40.0,20.0,9.0,100.0,61.46003
4629.0,49.0,20.0,9.0,100.0,83.41211
4630.0,0.0,20.0,9.0,100.0,29.13924
4631.0,0.5,20.0,9.0,100.0,63.29958
4632.0,1.0,20.0,9.0,100.0,22.81457
4633.0,2.0,20.0,9.0,100.0,38.789856
4634.0,3.0,20.0,9.0,100.0,9.104838
4635.0,5.0,20.0,9.0,100.0,19.543625
4636.0,10.0,20.0,9.0,100.0,26.03012
4637.0,20.0,20.0,9.0,100.0,48.24
4638.0,40.0,20.0,9.0,100.0,44.67017
4639.0,49.0,20.0,9.0,100.0,96.33141
4640.0,0.0,20.0,9.0,100.0,29.767296
4641.0,0.5,20.0,9.0,100.0,16.311594
4642.0,1.0,20.0,9.0,100.0,30.04375
4643.0,2.0,20.0,9.0,100.0,27.197674
4644.0,3.0,20.0,9.0,100.0,11.265625
4645.0,5.0,20.0,9.0,100.0,30.6
4646.0,10.0,20.0,9.0,100.0,21.094675
4647.0,20.0,20.0,9.0,100.0,20.00885
4648.0,40.0,20.0,9.0,100.0,36.233032
4649.0,49.0,20.0,9.0,100.0,31.08068
4650.0,0.0,20.0,9.0,100.0,28.624205
4651.0,0.5,20.0,9.0,100.0,27.62745
4652.0,1.0,20.0,9.0,100.0,13.444445
4653.0,2.0,20.0,9.0,100.0,33.317883
4654.0,3.0,20.0,9.0,100.0,21.070423
4655.0,5.0,20.0,9.0,100.0,15.843137
4656.0,10.0,20.0,9.0,100.0,59.103176
4657.0,20.0,20.0,9.0,100.0,57.27532
4658.0,40.0,20.0,9.0,100.0,27.13425
4659.0,49.0,20.0,9.0,100.0,48.40209
4660.0,0.0,20.0,9.0,100.0,29.20886
4661.0,0.5,20.0,9.0,100.0,28.789808
4662.0,1.0,20.0,9.0,100.0,18.20979
4663.0,2.0,20.0,9.0,100.0,19.0
4664.0,3.0,20.0,9.0,100.0,15.0
4665.0,5.0,20.0,9.0,100.0,25.65625
4666.0,10.0,20.0,9.0,100.0,12.627586
4667.0,20.0,20.0,9.0,100.0,28.18617
4668.0,40.0,20.0,9.0,100.0,44.685898
4669.0,49.0,20.0,9.0,100.0,55.03139
4670.0,0.0,20.0,9.0,100.0,29.7375
4671.0,0.5,20.0,9.0,100.0,28.124184
4672.0,1.0,20.0,9.0,100.0,31.155844
4673.0,2.0,20.0,9.0,100.0,45.965065
4674.0,3.0,20.0,9.0,100.0,12.924242
4675.0,5.0,20.0,9.0,100.0,20.448818
4676.0,10.0,20.0,9.0,100.0,14.5
4677.0,20.0,20.0,9.0,100.0,34.69804
4678.0,40.0,20.0,9.0,100.0,44.403942
4679.0,49.0,20.0,9.0,100.0,43.777267
4680.0,0.0,20.0,9.0,100.0,29.525316
4681.0,0.5,20.0,9.0,100.0,23.813334
4682.0,1.0,20.0,9.0,100.0,33.07229
4683.0,2.0,20.0,9.0,100.0,27.842106
4684.0,3.0,20.0,9.0,100.0,9.626985
4685.0,5.0,20.0,9.0,100.0,10.895162
4686.0,10.0,20.0,9.0,100.0,24.265957
4687.0,20.0,20.0,9.0,100.0,35.233162
4688.0,40.0,20.0,9.0,100.0,84.24228
4689.0,49.0,20.0,9.0,100.0,59.335003
4690.0,0.0,20.0,9.0,100.0,28.689873
4691.0,0.5,20.0,9.0,100.0,28.280254
4692.0,1.0,20.0,9.0,100.0,31.092592
4693.0,2.0,20.0,9.0,100.0,17.37037
4694.0,3.0,20.0,9.0,100.0,11.714286
4695.0,5.0,20.0,9.0,100.0,34.688526
4696.0,10.0,20.0,9.0,100.0,55.16102
4697.0,20.0,20.0,9.0,100.0,62.27673
4698.0,40.0,20.0,9.0,100.0,99.32483
4699.0,49.0,20.0,9.0,100.0,77.08714
4700.0,0.0,20.0,9.0,100.0,29.056963
4701.0,0.5,20.0,9.0,100.0,30.6
4702.0,1.0,20.0,9.0,100.0,30.149069
4703.0,2.0,20.0,9.0,100.0,14.591241
4704.0,3.0,20.0,9.0,100.0,51.0125
4705.0,5.0,20.0,9.0,100.0,33.77957
4706.0,10.0,20.0,9.0,100.0,16.294798
4707.0,20.0,20.0,9.0,100.0,31.387218
4708.0,40.0,20.0,9.0,100.0,34.36853
4709.0,49.0,20.0,9.0,100.0,82.23775
4710.0,0.0,20.0,9.0,100.0,27.793549
4711.0,0.5,20.0,9.0,100.0,18.169014
4712.0,1.0,20.0,9.0,100.0,23.971224
4713.0,2.0,20.0,9.0,100.0,21.962122
4714.0,3.0,20.0,9.0,100.0,11.364341
4715.0,5.0,20.0,9.0,100.0,39.9457
4716.0,10.0,20.0,9.0,100.0,33.208588
4717.0,20.0,20.0,9.0,100.0,34.957672
4718.0,40.0,20.0,9.0,100.0,60.937645
4719.0,49.0,20.0,9.0,100.0,45.194756
4720.0,0.0,20.0,9.0,100.0,28.535032
4721.0,0.5,20.0,9.0,100.0,23.441177
4722.0,1.0,20.0,9.0,100.0,29.729559
4723.0,2.0,20.0,9.0,100.0,15.099291
4724.0,3.0,20.0,9.0,100.0,26.344444
4725.0,5.0,20.0,9.0,100.0,15.215827
4726.0,10.0,20.0,9.0,100.0,26.887701
4727.0,20.0,20.0,9.0,100.0,61.672474
4728.0,40.0,20.0,9.0,100.0,54.024822
4729.0,49.0,20.0,9.0,100.0,107.45012
4730.0,0.0,20.0,9.0,100.0,30.1375
4731.0,0.5,20.0,9.0,100.0,22.31387
4732.0,1.0,20.0,9.0,100.0,33.409573
4733.0,2.0,20.0,9.0,100.0,10.554622
4734.0,3.0,20.0,9.0,100.0,13.317073
4735.0,5.0,20.0,9.0,100.0,35.017776
4736.0,10.0,20.0,9.0,100.0,42.322273
4737.0,20.0,20.0,9.0,100.0,44.866196
4738.0,40.0,20.0,9.0,100.0,49.949886
4739.0,49.0,20.0,9.0,100.0,41.149734
4740.0,0.0,20.0,9.0,100.0,29.0
4741.0,0.5,20.0,9.0,100.0,11.7153845
4742.0,1.0,20.0,9.0,100.0,21.78
4743.0,2.0,20.0,9.0,100.0,14.795455
4744.0,3.0,20.0,9.0,100.0,15.0
4745.0,5.0,20.0,9.0,100.0,56.125603
4746.0,10.0,20.0,9.0,100.0,42.53879
4747.0,20.0,20.0,9.0,100.0,34.086956
4748.0,40.0,20.0,9.0,100.0,29.872377
4749.0,49.0,20.0,9.0,100.0,45.66888
4750.0,0.0,20.0,9.0,100.0,27.448717
4751.0,0.5,20.0,9.0,100.0,15.057377
4752.0,1.0,20.0,9.0,100.0,29.832298
4753.0,2.0,20.0,9.0,100.0,20.81457
4754.0,3.0,20.0,9.0,100.0,11.971014
4755.0,5.0,20.0,9.0,100.0,15.150376
4756.0,10.0,20.0,9.0,100.0,15.808219
4757.0,20.0,20.0,9.0,100.0,135.50618
4758.0,40.0,20.0,9.0,100.0,25.24452
4759.0,49.0,20.0,9.0,100.0,67.54749
4760.0,0.0,20.0,9.0,100.0,29.265823
4761.0,0.5,20.0,9.0,100.0,52.171875
4762.0,1.0,20.0,9.0,100.0,37.02174
4763.0,2.0,20.0,9.0,100.0,19.166666
4764.0,3.0,20.0,9.0,100.0,30.51145
4765.0,5.0,20.0,9.0,100.0,9.51938
4766.0,10.0,20.0,9.0,100.0,20.241758
4767.0,20.0,20.0,9.0,100.0,33.505
4768.0,40.0,20.0,9.0,100.0,50.094162
4769.0,49.0,20.0,9.0,100.0,65.421555
4770.0,0.0,20.0,9.0,100.0,62.396626
4771.0,0.5,20.0,9.0,100.0,28.886076
4772.0,1.0,20.0,9.0,100.0,20.176
4773.0,2.0,20.0,9.0,100.0,11.062992
4774.0,3.0,20.0,9.0,100.0,68.29921
4775.0,5.0,20.0,9.0,100.0,13.632653
4776.0,10.0,20.0,9.0,100.0,62.154762
4777.0,20.0,20.0,9.0,100.0,31.174757
4778.0,40.0,20.0,9.0,100.0,35.801777
4779.0,49.0,20.0,9.0,100.0,48.734432
4780.0,0.0,20.0,9.0,100.0,27.673077
4781.0,0.5,20.0,9.0,100.0,29.6375
4782.0,1.0,20.0,9.0,100.0,14.6640625
4783.0,2.0,20.0,9.0,100.0,12.555555
4784.0,3.0,20.0,9.0,100.0,32.14754
4785.0,5.0,20.0,9.0,100.0,27.093567
4786.0,10.0,20.0,9.0,100.0,46.80226
4787.0,20.0,20.0,9.0,100.0,39.748
4788.0,40.0,20.0,9.0,100.0,30.244373
4789.0,49.0,20.0,9.0,100.0,47.569897
4790.0,0.0,20.0,9.0,100.0,65.129036
4791.0,0.5,20.0,9.0,100.0,49.98598
4792.0,1.0,20.0,9.0,100.0,14.59542
4793.0,2.0,20.0,9.0,100.0,33.551723
4794.0,3.0,20.0,9.0,100.0,14.333333
4795.0,5.0,20.0,9.0,100.0,47.327682
4796.0,10.0,20.0,9.0,100.0,34.695236
4797.0,20.0,20.0,9.0,100.0,34.345177
4798.0,40.0,20.0,9.0,100.0,122.8264
4799.0,49.0,20.0,9.0,100.0,45.083546
4800.0,0.0,20.0,9.0,100.0,29.075949
4801.0,0.5,20.0,9.0,100.0,28.67516
4802.0,1.0,20.0,9.0,100.0,26.213793
4803.0,2.0,20.0,9.0,100.0,19.546875
4804.0,3.0,20.0,9.0,100.0,10.372881
4805.0,5.0,20.0,9.0,100.0,10.836206
4806.0,10.0,20.0,9.0,100.0,44.844696
4807.0,20.0,20.0,9.0,100.0,45.932205
4808.0,40.0,20.0,9.0,100.0,24.369802
4809.0,49.0,20.0,9.0,100.0,52.917606
4810.0,0.0,20.0,9.0,100.0,29.188679
4811.0,0.5,20.0,9.0,100.0,46.04369
4812.0,1.0,20.0,9.0,100.0,19.186993
4813.0,2.0,20.0,9.0,100.0,11.131147
4814.0,3.0,20.0,9.0,100.0,20.130434
4815.0,5.0,20.0,9.0,100.0,48.278027
4816.0,10.0,20.0,9.0,100.0,13.886525
4817.0,20.0,20.0,9.0,100.0,43.555046
4818.0,40.0,20.0,9.0,100.0,23.646597
4819.0,49.0,20.0,9.0,100.0,41.467903
4820.0,0.0,20.0,9.0,100.0,31.08642
4821.0,0.5,20.0,9.0,100.0,29.754717
4822.0,1.0,20.0,9.0,100.0,18.651163
4823.0,2.0,20.0,9.0,100.0,28.664705
4824.0,3.0,20.0,9.0,100.0,21.993334
4825.0,5.0,20.0,9.0,100.0,38.583733
4826.0,10.0,20.0,9.0,100.0,32.84564
4827.0,20.0,20.0,9.0,100.0,74.61389
4828.0,40.0,20.0,9.0,100.0,69.518456
4829.0,49.0,20.0,9.0,100.0,48.52523
4830.0,0.0,20.0,9.0,100.0,27.272728
4831.0,0.5,20.0,9.0,100.0,17.020834
4832.0,1.0,20.0,9.0,100.0,10.548388
4833.0,2.0,20.0,9.0,100.0,48.874287
4834.0,3.0,20.0,9.0,100.0,14.894309
4835.0,5.0,20.0,9.0,100.0,37.261467
4836.0,10.0,20.0,9.0,100.0,24.850574
4837.0,20.0,20.0,9.0,100.0,40.322956
4838.0,40.0,20.0,9.0,100.0,52.01818
4839.0,49.0,20.0,9.0,100.0,46.10586
4840.0,0.0,20.0,9.0,100.0,30.47205
4841.0,0.5,20.0,9.0,100.0,28.471338
4842.0,1.0,20.0,9.0,100.0,29.220125
4843.0,2.0,20.0,9.0,100.0,28.27848
4844.0,3.0,20.0,9.0,100.0,26.138365
4845.0,5.0,20.0,9.0,100.0,27.779528
4846.0,10.0,20.0,9.0,100.0,16.066668
4847.0,20.0,20.0,9.0,100.0,56.802197
4848.0,40.0,20.0,9.0,100.0,24.369308
4849.0,49.0,20.0,9.0,100.0,45.206745
4850.0,0.0,20.0,9.0,100.0,50.46552
4851.0,0.5,20.0,9.0,100.0,29.088608
4852.0,1.0,20.0,9.0,100.0,14.713179
4853.0,2.0,20.0,9.0,100.0,34.75138
4854.0,3.0,20.0,9.0,100.0,15.066176
4855.0,5.0,20.0,9.0,100.0,9.290322
4856.0,10.0,20.0,9.0,100.0,40.893024
4857.0,20.0,20.0,9.0,100.0,47.701836
4858.0,40.0,20.0,9.0,100.0,64.14747
4859.0,49.0,20.0,9.0,100.0,68.09434
4860.0,0.0,20.0,9.0,100.0,29.55346
4861.0,0.5,20.0,9.0,100.0,20.16
4862.0,1.0,20.0,9.0,100.0,28.734177
4863.0,2.0,20.0,9.0,100.0,18.614754
4864.0,3.0,20.0,9.0,100.0,13.725352
4865.0,5.0,20.0,9.0,100.0,49.91795
4866.0,10.0,20.0,9.0,100.0,41.28
4867.0,20.0,20.0,9.0,100.0,53.219696
4868.0,40.0,20.0,9.0,100.0,42.01222
4869.0,49.0,20.0,9.0,100.0,79.99484
4870.0,0.0,20.0,9.0,100.0,30.198757
4871.0,0.5,20.0,9.0,100.0,28.44586
4872.0,1.0,20.0,9.0,100.0,20.594595
4873.0,2.0,20.0,9.0,100.0,47.277534
4874.0,3.0,20.0,9.0,100.0,27.04651
4875.0,5.0,20.0,9.0,100.0,31.572464
4876.0,10.0,20.0,9.0,100.0,45.46479
4877.0,20.0,20.0,9.0,100.0,55.54762
4878.0,40.0,20.0,9.0,100.0,29.93038
4879.0,49.0,20.0,9.0,100.0,99.71251
4880.0,0.0,20.0,9.0,100.0,28.873417
4881.0,0.5,20.0,9.0,100.0,27.580645
4882.0,1.0,20.0,9.0,100.0,9.827868
4883.0,2.0,20.0,9.0,100.0,15.992308
4884.0,3.0,20.0,9.0,100.0,23.687117
4885.0,5.0,20.0,9.0,100.0,56.077553
4886.0,10.0,20.0,9.0,100.0,56.57143
4887.0,20.0,20.0,9.0,100.0,80.36826
4888.0,40.0,20.0,9.0,100.0,49.189392
4889.0,49.0,20.0,9.0,100.0,78.05703
4890.0,0.0,20.0,9.0,100.0,28.490446
4891.0,0.5,20.0,9.0,100.0,21.477123
4892.0,1.0,20.0,9.0,100.0,73.339226
4893.0,2.0,20.0,9.0,100.0,14.875969
4894.0,3.0,20.0,9.0,100.0,11.029851
4895.0,5.0,20.0,9.0,100.0,32.13889
4896.0,10.0,20.0,9.0,100.0,18.433735
4897.0,20.0,20.0,9.0,100.0,47.625454
4898.0,40.0,20.0,9.0,100.0,36.72622
4899.0,49.0,20.0,9.0,100.0,67.00313
4900.0,0.0,20.0,9.0,100.0,47.56561
4901.0,0.5,20.0,9.0,100.0,27.961538
4902.0,1.0,20.0,9.0,100.0,22.81955
4903.0,2.0,20.0,9.0,100.0,28.949368
4904.0,3.0,20.0,9.0,100.0,47.039104
4905.0,5.0,20.0,9.0,100.0,16.014492
4906.0,10.0,20.0,9.0,100.0,31.699074
4907.0,20.0,20.0,9.0,100.0,17.494566
4908.0,40.0,20.0,9.0,100.0,23.48889
4909.0,49.0,20.0,9.0,100.0,100.7591
4910.0,0.0,20.0,9.0,100.0,29.685535
4911.0,0.5,20.0,9.0,100.0,16.376812
4912.0,1.0,20.0,9.0,100.0,26.496552
4913.0,2.0,20.0,9.0,100.0,38.58289
4914.0,3.0,20.0,9.0,100.0,28.372671
4915.0,5.0,20.0,9.0,100.0,38.873737
4916.0,10.0,20.0,9.0,100.0,32.72043
4917.0,20.0,20.0,9.0,100.0,54.491596
4918.0,40.0,20.0,9.0,100.0,52.830433
4919.0,49.0,20.0,9.0,100.0,66.54647
4920.0,0.0,20.0,9.0,100.0,28.968355
4921.0,0.5,20.0,9.0,100.0,24.545454
4922.0,1.0,20.0,9.0,100.0,14.472
4923.0,2.0,20.0,9.0,100.0,24.226278
4924.0,3.0,20.0,9.0,100.0,17.571428
4925.0,5.0,20.0,9.0,100.0,85.97314
4926.0,10.0,20.0,9.0,100.0,83.31392
4927.0,20.0,20.0,9.0,100.0,64.21595
4928.0,40.0,20.0,9.0,100.0,54.493977
4929.0,49.0,20.0,9.0,100.0,40.218422
4930.0,0.0,20.0,9.0,100.0,46.153847
4931.0,0.5,20.0,9.0,100.0,48.653267
4932.0,1.0,20.0,9.0,100.0,29.471699
4933.0,2.0,20.0,9.0,100.0,21.962122
4934.0,3.0,20.0,9.0,100.0,12.739838
4935.0,5.0,20.0,9.0,100.0,13.375
4936.0,10.0,20.0,9.0,100.0,56.341564
4937.0,20.0,20.0,9.0,100.0,44.82547
4938.0,40.0,20.0,9.0,100.0,23.762638
4939.0,49.0,20.0,9.0,100.0,33.296482
4940.0,0.0,20.0,9.0,100.0,29.433962
4941.0,0.5,20.0,9.0,100.0,18.385246
4942.0,1.0,20.0,9.0,100.0,31.73054
4943.0,2.0,20.0,9.0,100.0,29.603773
4944.0,3.0,20.0,9.0,100.0,30.510792
4945.0,5.0,20.0,9.0,100.0,18.143713
4946.0,10.0,20.0,9.0,100.0,12.060811
4947.0,20.0,20.0,9.0,100.0,83.2044
4948.0,40.0,20.0,9.0,100.0,49.051586
4949.0,49.0,20.0,9.0,100.0,43.429966
4950.0,0.0,20.0,9.0,100.0,29.069181
4951.0,0.5,20.0,9.0,100.0,29.126583
4952.0,1.0,20.0,9.0,100.0,14.642277
4953.0,2.0,20.0,9.0,100.0,33.36517
4954.0,3.0,20.0,9.0,100.0,57.392593
4955.0,5.0,20.0,9.0,100.0,41.689655
4956.0,10.0,20.0,9.0,100.0,34.331898
4957.0,20.0,20.0,9.0,100.0,28.262932
4958.0,40.0,20.0,9.0,100.0,56.137363
4959.0,49.0,20.0,9.0,100.0,62.472294
4960.0,0.0,20.0,9.0,100.0,28.8481
4961.0,0.5,20.0,9.0,100.0,29.27848
4962.0,1.0,20.0,9.0,100.0,15.189394
4963.0,2.0,20.0,9.0,100.0,12.449153
4964.0,3.0,20.0,9.0,100.0,25.47183
4965.0,5.0,20.0,9.0,100.0,11.826772
4966.0,10.0,20.0,9.0,100.0,75.23741
4967.0,20.0,20.0,9.0,100.0,33.2125
4968.0,40.0,20.0,9.0,100.0,29.371197
4969.0,49.0,20.0,9.0,100.0,84.645485
4970.0,0.0,20.0,9.0,100.0,28.936708
4971.0,0.5,20.0,9.0,100.0,23.592106
4972.0,1.0,20.0,9.0,100.0,43.24
4973.0,2.0,20.0,9.0,100.0,77.53075
4974.0,3.0,20.0,9.0,100.0,19.523438
4975.0,5.0,20.0,9.0,100.0,39.18848
4976.0,10.0,20.0,9.0,100.0,57.984554
4977.0,20.0,20.0,9.0,100.0,82.90712
4978.0,40.0,20.0,9.0,100.0,25.03012
4979.0,49.0,20.0,9.0,100.0,80.961426
4980.0,0.0,20.0,9.0,100.0,29.64375
4981.0,0.5,20.0,9.0,100.0,29.930819
4982.0,1.0,20.0,9.0,100.0,28.822784
4983.0,2.0,20.0,9.0,100.0,20.166666
4984.0,3.0,20.0,9.0,100.0,11.219697
4985.0,5.0,20.0,9.0,100.0,118.685715
4986.0,10.0,20.0,9.0,100.0,37.25778
4987.0,20.0,20.0,9.0,100.0,24.86598
4988.0,40.0,20.0,9.0,100.0,34.837837
4989.0,49.0,20.0,9.0,100.0,96.839615
4990.0,0.0,20.0,9.0,100.0,30.25625
4991.0,0.5,20.0,9.0,100.0,29.08176
4992.0,1.0,20.0,9.0,100.0,28.993631
4993.0,2.0,20.0,9.0,100.0,13.567164
4994.0,3.0,20.0,9.0,100.0,10.696721
4995.0,5.0,20.0,9.0,100.0,42.405983
4996.0,10.0,20.0,9.0,100.0,34.18497
4997.0,20.0,20.0,9.0,100.0,56.74126
4998.0,40.0,20.0,9.0,100.0,53.18217
4999.0,49.0,20.0,9.0,100.0,53.66843
