Factor 1,Factor 2,Factor 3,Factor 4,Factor 5,Result 1
0.0,0.0,20.0,0.0,100.0,2.3644187
1.0,0.5,20.0,0.0,100.0,2.3001034
2.0,1.0,20.0,0.0,100.0,3.2971725
3.0,2.0,20.0,0.0,100.0,4.6081767
4.0,3.0,20.0,0.0,100.0,3.5093858
5.0,5.0,20.0,0.0,100.0,3.75414
6.0,10.0,20.0,0.0,100.0,3.8563383
7.0,20.0,20.0,0.0,100.0,3.419134
8.0,40.0,20.0,0.0,100.0,4.700557
9.0,49.0,20.0,0.0,100.0,3.9667737
10.0,0.0,20.0,0.0,100.0,3.3139791
11.0,0.5,20.0,0.0,100.0,2.8697202
12.0,1.0,20.0,0.0,100.0,2.5080822
13.0,2.0,20.0,0.0,100.0,2.725234
14.0,3.0,20.0,0.0,100.0,4.768154
15.0,5.0,20.0,0.0,100.0,3.8274174
16.0,10.0,20.0,0.0,100.0,2.913842
17.0,20.0,20.0,0.0,100.0,4.013763
18.0,40.0,20.0,0.0,100.0,3.4027853
19.0,49.0,20.0,0.0,100.0,3.9351358
20.0,0.0,20.0,0.0,100.0,3.4454818
21.0,0.5,20.0,0.0,100.0,2.2562084
22.0,1.0,20.0,0.0,100.0,2.5476413
23.0,2.0,20.0,0.0,100.0,3.9135392
24.0,3.0,20.0,0.0,100.0,2.3431766
25.0,5.0,20.0,0.0,100.0,3.2078776
26.0,10.0,20.0,0.0,100.0,2.3431766
27.0,20.0,20.0,0.0,100.0,4.879501
28.0,40.0,20.0,0.0,100.0,3.7229416
29.0,49.0,20.0,0.0,100.0,3.8128748
30.0,0.0,20.0,0.0,100.0,3.2462304
31.0,0.5,20.0,0.0,100.0,2.385472
32.0,1.0,20.0,0.0,100.0,2.1213202
33.0,2.0,20.0,0.0,100.0,3.6380346
34.0,3.0,20.0,0.0,100.0,3.38037
35.0,5.0,20.0,0.0,100.0,4.181542
36.0,10.0,20.0,0.0,100.0,3.3302367
37.0,20.0,20.0,0.0,100.0,4.3284287
38.0,40.0,20.0,0.0,100.0,3.2954962
39.0,49.0,20.0,0.0,100.0,3.7556975
40.0,0.0,20.0,0.0,100.0,2.2114422
41.0,0.5,20.0,0.0,100.0,2.1657507
42.0,1.0,20.0,0.0,100.0,2.0470653
43.0,2.0,20.0,0.0,100.0,3.0339212
44.0,3.0,20.0,0.0,100.0,3.2971723
45.0,5.0,20.0,0.0,100.0,3.709479
46.0,10.0,20.0,0.0,100.0,4.407596
47.0,20.0,20.0,0.0,100.0,2.4475448
48.0,40.0,20.0,0.0,100.0,2.353298
49.0,49.0,20.0,0.0,100.0,3.1129532
50.0,0.0,20.0,0.0,100.0,2.3644187
51.0,0.5,20.0,0.0,100.0,2.7185428
52.0,1.0,20.0,0.0,100.0,2.278262
53.0,2.0,20.0,0.0,100.0,2.5671923
54.0,3.0,20.0,0.0,100.0,2.2884827
55.0,5.0,20.0,0.0,100.0,3.6042302
56.0,10.0,20.0,0.0,100.0,4.3572116
57.0,20.0,20.0,0.0,100.0,3.9351356
58.0,40.0,20.0,0.0,100.0,3.419134
59.0,49.0,20.0,0.0,100.0,3.1241374
60.0,0.0,20.0,0.0,100.0,2.1887157
61.0,0.5,20.0,0.0,100.0,3.1595025
62.0,1.0,20.0,0.0,100.0,2.700088
63.0,2.0,20.0,0.0,100.0,3.6338243
64.0,3.0,20.0,0.0,100.0,2.9219878
65.0,5.0,20.0,0.0,100.0,3.0339212
66.0,10.0,20.0,0.0,100.0,4.284891
67.0,20.0,20.0,0.0,100.0,2.4909194
68.0,40.0,20.0,0.0,100.0,4.279695
69.0,49.0,20.0,0.0,100.0,5.721081
70.0,0.0,20.0,0.0,100.0,2.8914173
71.0,0.5,20.0,0.0,100.0,3.3638952
72.0,1.0,20.0,0.0,100.0,2.4230857
73.0,2.0,20.0,0.0,100.0,3.2971723
74.0,3.0,20.0,0.0,100.0,2.725234
75.0,5.0,20.0,0.0,100.0,3.297172
76.0,10.0,20.0,0.0,100.0,3.4615684
77.0,20.0,20.0,0.0,100.0,4.1364594
78.0,40.0,20.0,0.0,100.0,3.1418695
79.0,49.0,20.0,0.0,100.0,3.1289737
80.0,0.0,20.0,0.0,100.0,4.0255036
81.0,0.5,20.0,0.0,100.0,2.6192164
82.0,1.0,20.0,0.0,100.0,3.0703259
83.0,2.0,20.0,0.0,100.0,4.1612244
84.0,3.0,20.0,0.0,100.0,3.4619784
85.0,5.0,20.0,0.0,100.0,3.620814
86.0,10.0,20.0,0.0,100.0,4.299453
87.0,20.0,20.0,0.0,100.0,4.526641
88.0,40.0,20.0,0.0,100.0,2.9409392
89.0,49.0,20.0,0.0,100.0,2.5080822
90.0,0.0,20.0,0.0,100.0,3.2462306
91.0,0.5,20.0,0.0,100.0,4.151541
92.0,1.0,20.0,0.0,100.0,4.0853977
93.0,2.0,20.0,0.0,100.0,4.1665683
94.0,3.0,20.0,0.0,100.0,1.8490462
95.0,5.0,20.0,0.0,100.0,2.385472
96.0,10.0,20.0,0.0,100.0,2.527939
97.0,20.0,20.0,0.0,100.0,3.805955
98.0,40.0,20.0,0.0,100.0,3.870718
99.0,49.0,20.0,0.0,100.0,3.6944718
100.0,0.0,20.0,0.0,100.0,2.8837109
101.0,0.5,20.0,0.0,100.0,2.4324198
102.0,1.0,20.0,0.0,100.0,3.0242758
103.0,2.0,20.0,0.0,100.0,2.940939
104.0,3.0,20.0,0.0,100.0,2.2782617
105.0,5.0,20.0,0.0,100.0,3.1922529
106.0,10.0,20.0,0.0,100.0,5.136239
107.0,20.0,20.0,0.0,100.0,2.9648738
108.0,40.0,20.0,0.0,100.0,2.642434
109.0,49.0,20.0,0.0,100.0,3.313979
110.0,0.0,20.0,0.0,100.0,2.288483
111.0,0.5,20.0,0.0,100.0,3.0480282
112.0,1.0,20.0,0.0,100.0,2.745544
113.0,2.0,20.0,0.0,100.0,2.3001037
114.0,3.0,20.0,0.0,100.0,2.6841533
115.0,5.0,20.0,0.0,100.0,3.2632992
116.0,10.0,20.0,0.0,100.0,3.4454818
117.0,20.0,20.0,0.0,100.0,4.0999417
118.0,40.0,20.0,0.0,100.0,3.2971723
119.0,49.0,20.0,0.0,100.0,4.6486874
120.0,0.0,20.0,0.0,100.0,2.8055916
121.0,0.5,20.0,0.0,100.0,3.3967652
122.0,1.0,20.0,0.0,100.0,2.2114422
123.0,2.0,20.0,0.0,100.0,2.6561882
124.0,3.0,20.0,0.0,100.0,4.723959
125.0,5.0,20.0,0.0,100.0,2.5351331
126.0,10.0,20.0,0.0,100.0,5.287001
127.0,20.0,20.0,0.0,100.0,3.5409057
128.0,40.0,20.0,0.0,100.0,2.7529888
129.0,49.0,20.0,0.0,100.0,4.4088445
130.0,0.0,20.0,0.0,100.0,2.2562084
131.0,0.5,20.0,0.0,100.0,2.912953
132.0,1.0,20.0,0.0,100.0,2.621325
133.0,2.0,20.0,0.0,100.0,2.2339375
134.0,3.0,20.0,0.0,100.0,2.8619008
135.0,5.0,20.0,0.0,100.0,3.2118204
136.0,10.0,20.0,0.0,100.0,2.6498387
137.0,20.0,20.0,0.0,100.0,2.7368734
138.0,40.0,20.0,0.0,100.0,3.313979
139.0,49.0,20.0,0.0,100.0,3.9351356
140.0,0.0,20.0,0.0,100.0,2.2339373
141.0,0.5,20.0,0.0,100.0,2.2782617
142.0,1.0,20.0,0.0,100.0,2.2562084
143.0,2.0,20.0,0.0,100.0,4.3715324
144.0,3.0,20.0,0.0,100.0,3.6031177
145.0,5.0,20.0,0.0,100.0,3.0155544
146.0,10.0,20.0,0.0,100.0,4.0255036
147.0,20.0,20.0,0.0,100.0,4.0666957
148.0,40.0,20.0,0.0,100.0,2.1320071
149.0,49.0,20.0,0.0,100.0,2.5569537
150.0,0.0,20.0,0.0,100.0,2.2114422
151.0,0.5,20.0,0.0,100.0,1.9469146
152.0,1.0,20.0,0.0,100.0,3.2462306
153.0,2.0,20.0,0.0,100.0,3.772969
154.0,3.0,20.0,0.0,100.0,2.805592
155.0,5.0,20.0,0.0,100.0,1.8708287
156.0,10.0,20.0,0.0,100.0,3.015042
157.0,20.0,20.0,0.0,100.0,2.4063408
158.0,40.0,20.0,0.0,100.0,4.134437
159.0,49.0,20.0,0.0,100.0,3.2632995
160.0,0.0,20.0,0.0,100.0,2.527939
161.0,0.5,20.0,0.0,100.0,2.1887157
162.0,1.0,20.0,0.0,100.0,2.3854718
163.0,2.0,20.0,0.0,100.0,2.9816904
164.0,3.0,20.0,0.0,100.0,3.0521777
165.0,5.0,20.0,0.0,100.0,4.5929556
166.0,10.0,20.0,0.0,100.0,3.2573445
167.0,20.0,20.0,0.0,100.0,2.288483
168.0,40.0,20.0,0.0,100.0,2.490919
169.0,49.0,20.0,0.0,100.0,3.106304
170.0,0.0,20.0,0.0,100.0,2.4230857
171.0,0.5,20.0,0.0,100.0,4.2142897
172.0,1.0,20.0,0.0,100.0,4.299453
173.0,2.0,20.0,0.0,100.0,2.8449197
174.0,3.0,20.0,0.0,100.0,3.9981613
175.0,5.0,20.0,0.0,100.0,3.4454818
176.0,10.0,20.0,0.0,100.0,3.3519092
177.0,20.0,20.0,0.0,100.0,4.4881835
178.0,40.0,20.0,0.0,100.0,3.9824984
179.0,49.0,20.0,0.0,100.0,2.7731707
180.0,0.0,20.0,0.0,100.0,4.4000335
181.0,0.5,20.0,0.0,100.0,2.9409394
182.0,1.0,20.0,0.0,100.0,2.7129862
183.0,2.0,20.0,0.0,100.0,4.662112
184.0,3.0,20.0,0.0,100.0,4.0939264
185.0,5.0,20.0,0.0,100.0,3.6456108
186.0,10.0,20.0,0.0,100.0,2.7731707
187.0,20.0,20.0,0.0,100.0,2.400049
188.0,40.0,20.0,0.0,100.0,3.0155544
189.0,49.0,20.0,0.0,100.0,5.6273146
190.0,0.0,20.0,0.0,100.0,2.2782617
191.0,0.5,20.0,0.0,100.0,2.2562084
192.0,1.0,20.0,0.0,100.0,4.121322
193.0,2.0,20.0,0.0,100.0,3.1770375
194.0,3.0,20.0,0.0,100.0,4.952152
195.0,5.0,20.0,0.0,100.0,2.2562087
196.0,10.0,20.0,0.0,100.0,3.283688
197.0,20.0,20.0,0.0,100.0,3.3144073
198.0,40.0,20.0,0.0,100.0,3.2573447
199.0,49.0,20.0,0.0,100.0,2.896632
200.0,0.0,20.0,0.0,100.0,3.03158
201.0,0.5,20.0,0.0,100.0,2.423534
202.0,1.0,20.0,0.0,100.0,2.447545
203.0,2.0,20.0,0.0,100.0,4.1478524
204.0,3.0,20.0,0.0,100.0,3.1922522
205.0,5.0,20.0,0.0,100.0,2.9784803
206.0,10.0,20.0,0.0,100.0,3.9277093
207.0,20.0,20.0,0.0,100.0,2.2339373
208.0,40.0,20.0,0.0,100.0,3.633824
209.0,49.0,20.0,0.0,100.0,2.4685152
210.0,0.0,20.0,0.0,100.0,2.0713465
211.0,0.5,20.0,0.0,100.0,3.2462304
212.0,1.0,20.0,0.0,100.0,2.6815064
213.0,2.0,20.0,0.0,100.0,3.445482
214.0,3.0,20.0,0.0,100.0,3.5565605
215.0,5.0,20.0,0.0,100.0,1.95789
216.0,10.0,20.0,0.0,100.0,3.8710842
217.0,20.0,20.0,0.0,100.0,4.039281
218.0,40.0,20.0,0.0,100.0,3.1607716
219.0,49.0,20.0,0.0,100.0,2.3001037
220.0,0.0,20.0,0.0,100.0,2.1887157
221.0,0.5,20.0,0.0,100.0,3.4130812
222.0,1.0,20.0,0.0,100.0,2.8055916
223.0,2.0,20.0,0.0,100.0,2.3278685
224.0,3.0,20.0,0.0,100.0,2.7897327
225.0,5.0,20.0,0.0,100.0,3.374978
226.0,10.0,20.0,0.0,100.0,3.9978063
227.0,20.0,20.0,0.0,100.0,3.1770375
228.0,40.0,20.0,0.0,100.0,3.1063037
229.0,49.0,20.0,0.0,100.0,3.6180768
230.0,0.0,20.0,0.0,100.0,2.2114422
231.0,0.5,20.0,0.0,100.0,3.2848861
232.0,1.0,20.0,0.0,100.0,3.2118204
233.0,2.0,20.0,0.0,100.0,3.8274174
234.0,3.0,20.0,0.0,100.0,2.309401
235.0,5.0,20.0,0.0,100.0,2.9766247
236.0,10.0,20.0,0.0,100.0,4.2060046
237.0,20.0,20.0,0.0,100.0,1.8484228
238.0,40.0,20.0,0.0,100.0,4.025503
239.0,49.0,20.0,0.0,100.0,3.8549051
240.0,0.0,20.0,0.0,100.0,3.3967652
241.0,0.5,20.0,0.0,100.0,2.7000883
242.0,1.0,20.0,0.0,100.0,2.2562084
243.0,2.0,20.0,0.0,100.0,2.1887155
244.0,3.0,20.0,0.0,100.0,3.8328161
245.0,5.0,20.0,0.0,100.0,2.5131235
246.0,10.0,20.0,0.0,100.0,4.6621127
247.0,20.0,20.0,0.0,100.0,4.05229
248.0,40.0,20.0,0.0,100.0,4.1364594
249.0,49.0,20.0,0.0,100.0,2.527939
250.0,0.0,20.0,0.0,100.0,2.2339373
251.0,0.5,20.0,0.0,100.0,2.488067
252.0,1.0,20.0,0.0,100.0,2.2114422
253.0,2.0,20.0,0.0,100.0,2.8443763
254.0,3.0,20.0,0.0,100.0,2.7812397
255.0,5.0,20.0,0.0,100.0,4.151541
256.0,10.0,20.0,0.0,100.0,4.2926564
257.0,20.0,20.0,0.0,100.0,3.185317
258.0,40.0,20.0,0.0,100.0,2.8443763
259.0,49.0,20.0,0.0,100.0,2.643951
260.0,0.0,20.0,0.0,100.0,3.413081
261.0,0.5,20.0,0.0,100.0,3.7802746
262.0,1.0,20.0,0.0,100.0,2.8914173
263.0,2.0,20.0,0.0,100.0,2.6633751
264.0,3.0,20.0,0.0,100.0,1.95789
265.0,5.0,20.0,0.0,100.0,2.4475448
266.0,10.0,20.0,0.0,100.0,2.896632
267.0,20.0,20.0,0.0,100.0,3.8797722
268.0,40.0,20.0,0.0,100.0,4.0602083
269.0,49.0,20.0,0.0,100.0,4.047339
270.0,0.0,20.0,0.0,100.0,3.4293199
271.0,0.5,20.0,0.0,100.0,2.7857196
272.0,1.0,20.0,0.0,100.0,2.4475448
273.0,2.0,20.0,0.0,100.0,3.1595025
274.0,3.0,20.0,0.0,100.0,3.5686543
275.0,5.0,20.0,0.0,100.0,3.9981616
276.0,10.0,20.0,0.0,100.0,3.7229416
277.0,20.0,20.0,0.0,100.0,3.2462306
278.0,40.0,20.0,0.0,100.0,2.825324
279.0,49.0,20.0,0.0,100.0,3.2078772
280.0,0.0,20.0,0.0,100.0,2.278262
281.0,0.5,20.0,0.0,100.0,2.6249716
282.0,1.0,20.0,0.0,100.0,2.2782617
283.0,2.0,20.0,0.0,100.0,2.527939
284.0,3.0,20.0,0.0,100.0,2.4974294
285.0,5.0,20.0,0.0,100.0,3.6865263
286.0,10.0,20.0,0.0,100.0,5.4654684
287.0,20.0,20.0,0.0,100.0,4.1061287
288.0,40.0,20.0,0.0,100.0,4.6393757
289.0,49.0,20.0,0.0,100.0,3.5016336
290.0,0.0,20.0,0.0,100.0,2.4047053
291.0,0.5,20.0,0.0,100.0,2.5080824
292.0,1.0,20.0,0.0,100.0,3.2118204
293.0,2.0,20.0,0.0,100.0,2.567192
294.0,3.0,20.0,0.0,100.0,2.4063408
295.0,5.0,20.0,0.0,100.0,2.1408722
296.0,10.0,20.0,0.0,100.0,2.3082597
297.0,20.0,20.0,0.0,100.0,2.5785892
298.0,40.0,20.0,0.0,100.0,3.4799848
299.0,49.0,20.0,0.0,100.0,3.2767122
300.0,0.0,20.0,0.0,100.0,3.4615686
301.0,0.5,20.0,0.0,100.0,2.2562084
302.0,1.0,20.0,0.0,100.0,2.5658007
303.0,2.0,20.0,0.0,100.0,3.1129532
304.0,3.0,20.0,0.0,100.0,3.6035116
305.0,5.0,20.0,0.0,100.0,3.4293199
306.0,10.0,20.0,0.0,100.0,6.1836963
307.0,20.0,20.0,0.0,100.0,3.284886
308.0,40.0,20.0,0.0,100.0,2.9343302
309.0,49.0,20.0,0.0,100.0,3.159952
310.0,0.0,20.0,0.0,100.0,2.9970748
311.0,0.5,20.0,0.0,100.0,4.011679
312.0,1.0,20.0,0.0,100.0,2.2782617
313.0,2.0,20.0,0.0,100.0,3.0521777
314.0,3.0,20.0,0.0,100.0,2.4607592
315.0,5.0,20.0,0.0,100.0,4.4283514
316.0,10.0,20.0,0.0,100.0,3.03158
317.0,20.0,20.0,0.0,100.0,4.7021585
318.0,40.0,20.0,0.0,100.0,4.1061287
319.0,49.0,20.0,0.0,100.0,3.994043
320.0,0.0,20.0,0.0,100.0,2.2339373
321.0,0.5,20.0,0.0,100.0,3.0389626
322.0,1.0,20.0,0.0,100.0,4.0447865
323.0,2.0,20.0,0.0,100.0,3.1770375
324.0,3.0,20.0,0.0,100.0,2.643951
325.0,5.0,20.0,0.0,100.0,3.0968494
326.0,10.0,20.0,0.0,100.0,2.7185433
327.0,20.0,20.0,0.0,100.0,3.1607716
328.0,40.0,20.0,0.0,100.0,3.1063037
329.0,49.0,20.0,0.0,100.0,5.1540375
330.0,0.0,20.0,0.0,100.0,2.1425397
331.0,0.5,20.0,0.0,100.0,3.2971723
332.0,1.0,20.0,0.0,100.0,4.0999417
333.0,2.0,20.0,0.0,100.0,2.488067
334.0,3.0,20.0,0.0,100.0,2.883711
335.0,5.0,20.0,0.0,100.0,4.313965
336.0,10.0,20.0,0.0,100.0,3.3735664
337.0,20.0,20.0,0.0,100.0,3.4615684
338.0,40.0,20.0,0.0,100.0,2.98169
339.0,49.0,20.0,0.0,100.0,2.3713262
340.0,0.0,20.0,0.0,100.0,2.2114422
341.0,0.5,20.0,0.0,100.0,2.4607592
342.0,1.0,20.0,0.0,100.0,2.756953
343.0,2.0,20.0,0.0,100.0,3.9988096
344.0,3.0,20.0,0.0,100.0,2.2782617
345.0,5.0,20.0,0.0,100.0,3.3967648
346.0,10.0,20.0,0.0,100.0,2.345208
347.0,20.0,20.0,0.0,100.0,1.8682816
348.0,40.0,20.0,0.0,100.0,2.0804
349.0,49.0,20.0,0.0,100.0,3.4978986
350.0,0.0,20.0,0.0,100.0,2.4475448
351.0,0.5,20.0,0.0,100.0,3.8549051
352.0,1.0,20.0,0.0,100.0,4.279695
353.0,2.0,20.0,0.0,100.0,3.2290711
354.0,3.0,20.0,0.0,100.0,2.8449194
355.0,5.0,20.0,0.0,100.0,2.9984124
356.0,10.0,20.0,0.0,100.0,2.0584347
357.0,20.0,20.0,0.0,100.0,3.3889961
358.0,40.0,20.0,0.0,100.0,4.025503
359.0,49.0,20.0,0.0,100.0,2.9479613
360.0,0.0,20.0,0.0,100.0,4.5536027
361.0,0.5,20.0,0.0,100.0,3.9484777
362.0,1.0,20.0,0.0,100.0,1.7292993
363.0,2.0,20.0,0.0,100.0,3.9192212
364.0,3.0,20.0,0.0,100.0,3.1422153
365.0,5.0,20.0,0.0,100.0,1.7279338
366.0,10.0,20.0,0.0,100.0,2.9597695
367.0,20.0,20.0,0.0,100.0,3.2462306
368.0,40.0,20.0,0.0,100.0,2.883711
369.0,49.0,20.0,0.0,100.0,2.718543
370.0,0.0,20.0,0.0,100.0,2.2114422
371.0,0.5,20.0,0.0,100.0,3.2462304
372.0,1.0,20.0,0.0,100.0,1.9469146
373.0,2.0,20.0,0.0,100.0,3.223426
374.0,3.0,20.0,0.0,100.0,3.0155544
375.0,5.0,20.0,0.0,100.0,3.6865263
376.0,10.0,20.0,0.0,100.0,2.789733
377.0,20.0,20.0,0.0,100.0,3.106304
378.0,40.0,20.0,0.0,100.0,3.313979
379.0,49.0,20.0,0.0,100.0,5.1081862
380.0,0.0,20.0,0.0,100.0,3.2802796
381.0,0.5,20.0,0.0,100.0,2.663375
382.0,1.0,20.0,0.0,100.0,2.7857196
383.0,2.0,20.0,0.0,100.0,4.279695
384.0,3.0,20.0,0.0,100.0,3.1129532
385.0,5.0,20.0,0.0,100.0,4.580971
386.0,10.0,20.0,0.0,100.0,4.922935
387.0,20.0,20.0,0.0,100.0,2.6249714
388.0,40.0,20.0,0.0,100.0,2.3857284
389.0,49.0,20.0,0.0,100.0,3.709479
390.0,0.0,20.0,0.0,100.0,3.396765
391.0,0.5,20.0,0.0,100.0,2.3665988
392.0,1.0,20.0,0.0,100.0,2.2339373
393.0,2.0,20.0,0.0,100.0,3.413081
394.0,3.0,20.0,0.0,100.0,4.7681546
395.0,5.0,20.0,0.0,100.0,2.7359266
396.0,10.0,20.0,0.0,100.0,3.1063037
397.0,20.0,20.0,0.0,100.0,5.3132634
398.0,40.0,20.0,0.0,100.0,2.9597695
399.0,49.0,20.0,0.0,100.0,3.7403848
400.0,0.0,20.0,0.0,100.0,3.445482
401.0,0.5,20.0,0.0,100.0,4.060209
402.0,1.0,20.0,0.0,100.0,2.3665986
403.0,2.0,20.0,0.0,100.0,3.4293199
404.0,3.0,20.0,0.0,100.0,4.3428445
405.0,5.0,20.0,0.0,100.0,3.955897
406.0,10.0,20.0,0.0,100.0,4.768154
407.0,20.0,20.0,0.0,100.0,4.029652
408.0,40.0,20.0,0.0,100.0,4.214289
409.0,49.0,20.0,0.0,100.0,1.8929694
410.0,0.0,20.0,0.0,100.0,3.1595025
411.0,0.5,20.0,0.0,100.0,3.4615684
412.0,1.0,20.0,0.0,100.0,2.6000447
413.0,2.0,20.0,0.0,100.0,3.3967652
414.0,3.0,20.0,0.0,100.0,2.2562084
415.0,5.0,20.0,0.0,100.0,4.0939264
416.0,10.0,20.0,0.0,100.0,4.344116
417.0,20.0,20.0,0.0,100.0,2.9784803
418.0,40.0,20.0,0.0,100.0,2.2572956
419.0,49.0,20.0,0.0,100.0,2.2339375
420.0,0.0,20.0,0.0,100.0,2.2562082
421.0,0.5,20.0,0.0,100.0,2.2114422
422.0,1.0,20.0,0.0,100.0,2.8449194
423.0,2.0,20.0,0.0,100.0,2.1425397
424.0,3.0,20.0,0.0,100.0,4.5563397
425.0,5.0,20.0,0.0,100.0,2.5785892
426.0,10.0,20.0,0.0,100.0,3.7244253
427.0,20.0,20.0,0.0,100.0,2.471901
428.0,40.0,20.0,0.0,100.0,2.309401
429.0,49.0,20.0,0.0,100.0,3.1401107
430.0,0.0,20.0,0.0,100.0,3.0643883
431.0,0.5,20.0,0.0,100.0,2.621325
432.0,1.0,20.0,0.0,100.0,2.2114422
433.0,2.0,20.0,0.0,100.0,4.013763
434.0,3.0,20.0,0.0,100.0,2.2484074
435.0,5.0,20.0,0.0,100.0,2.6043441
436.0,10.0,20.0,0.0,100.0,2.6627948
437.0,20.0,20.0,0.0,100.0,3.4775808
438.0,40.0,20.0,0.0,100.0,2.9219878
439.0,49.0,20.0,0.0,100.0,3.976119
440.0,0.0,20.0,0.0,100.0,2.725234
441.0,0.5,20.0,0.0,100.0,2.2114422
442.0,1.0,20.0,0.0,100.0,2.4475448
443.0,2.0,20.0,0.0,100.0,2.2484074
444.0,3.0,20.0,0.0,100.0,2.6058543
445.0,5.0,20.0,0.0,100.0,4.1364594
446.0,10.0,20.0,0.0,100.0,2.7911425
447.0,20.0,20.0,0.0,100.0,3.2543015
448.0,40.0,20.0,0.0,100.0,2.9029124
449.0,49.0,20.0,0.0,100.0,2.288483
450.0,0.0,20.0,0.0,100.0,2.0224926
451.0,0.5,20.0,0.0,100.0,2.8914173
452.0,1.0,20.0,0.0,100.0,2.9219878
453.0,2.0,20.0,0.0,100.0,2.4970572
454.0,3.0,20.0,0.0,100.0,3.525181
455.0,5.0,20.0,0.0,100.0,3.1599517
456.0,10.0,20.0,0.0,100.0,3.2802796
457.0,20.0,20.0,0.0,100.0,5.5735183
458.0,40.0,20.0,0.0,100.0,3.9277098
459.0,49.0,20.0,0.0,100.0,2.870044
460.0,0.0,20.0,0.0,100.0,3.1241374
461.0,0.5,20.0,0.0,100.0,3.1241374
462.0,1.0,20.0,0.0,100.0,2.4047053
463.0,2.0,20.0,0.0,100.0,3.9135392
464.0,3.0,20.0,0.0,100.0,3.9824986
465.0,5.0,20.0,0.0,100.0,4.4452486
466.0,10.0,20.0,0.0,100.0,2.8267431
467.0,20.0,20.0,0.0,100.0,3.0968494
468.0,40.0,20.0,0.0,100.0,5.2089667
469.0,49.0,20.0,0.0,100.0,2.3278685
470.0,0.0,20.0,0.0,100.0,2.2782617
471.0,0.5,20.0,0.0,100.0,2.1869175
472.0,1.0,20.0,0.0,100.0,2.5785892
473.0,2.0,20.0,0.0,100.0,2.8443763
474.0,3.0,20.0,0.0,100.0,2.0953465
475.0,5.0,20.0,0.0,100.0,3.3897605
476.0,10.0,20.0,0.0,100.0,4.075573
477.0,20.0,20.0,0.0,100.0,3.4775808
478.0,40.0,20.0,0.0,100.0,4.835386
479.0,49.0,20.0,0.0,100.0,3.8223414
480.0,0.0,20.0,0.0,100.0,2.1887155
481.0,0.5,20.0,0.0,100.0,2.7047715
482.0,1.0,20.0,0.0,100.0,2.8697202
483.0,2.0,20.0,0.0,100.0,2.9479616
484.0,3.0,20.0,0.0,100.0,2.9970746
485.0,5.0,20.0,0.0,100.0,3.0155542
486.0,10.0,20.0,0.0,100.0,2.5569534
487.0,20.0,20.0,0.0,100.0,3.620814
488.0,40.0,20.0,0.0,100.0,3.6992176
489.0,49.0,20.0,0.0,100.0,3.5496478
490.0,0.0,20.0,0.0,100.0,2.805592
491.0,0.5,20.0,0.0,100.0,2.515564
492.0,1.0,20.0,0.0,100.0,2.6732464
493.0,2.0,20.0,0.0,100.0,2.567192
494.0,3.0,20.0,0.0,100.0,2.3278687
495.0,5.0,20.0,0.0,100.0,2.883711
496.0,10.0,20.0,0.0,100.0,2.4422174
497.0,20.0,20.0,0.0,100.0,4.9377074
498.0,40.0,20.0,0.0,100.0,3.1241374
499.0,49.0,20.0,0.0,100.0,1.95789
500.0,0.0,20.0,1.0,100.0,3.5989416
501.0,0.5,20.0,1.0,100.0,4.2706084
502.0,1.0,20.0,1.0,100.0,4.9952364
503.0,2.0,20.0,1.0,100.0,5.230931
504.0,3.0,20.0,1.0,100.0,4.5122385
505.0,5.0,20.0,1.0,100.0,3.1796691
506.0,10.0,20.0,1.0,100.0,4.959174
507.0,20.0,20.0,1.0,100.0,3.295496
508.0,40.0,20.0,1.0,100.0,2.0713463
509.0,49.0,20.0,1.0,100.0,3.3332107
510.0,0.0,20.0,1.0,100.0,4.9482617
511.0,0.5,20.0,1.0,100.0,2.423534
512.0,1.0,20.0,1.0,100.0,3.254301
513.0,2.0,20.0,1.0,100.0,3.347339
514.0,3.0,20.0,1.0,100.0,3.4027853
515.0,5.0,20.0,1.0,100.0,2.5476413
516.0,10.0,20.0,1.0,100.0,4.6239543
517.0,20.0,20.0,1.0,100.0,3.4799848
518.0,40.0,20.0,1.0,100.0,2.6815064
519.0,49.0,20.0,1.0,100.0,2.4270303
520.0,0.0,20.0,1.0,100.0,3.313979
521.0,0.5,20.0,1.0,100.0,2.7700546
522.0,1.0,20.0,1.0,100.0,2.7857196
523.0,2.0,20.0,1.0,100.0,3.6490808
524.0,3.0,20.0,1.0,100.0,6.298148
525.0,5.0,20.0,1.0,100.0,2.937955
526.0,10.0,20.0,1.0,100.0,3.5861254
527.0,20.0,20.0,1.0,100.0,3.8059552
528.0,40.0,20.0,1.0,100.0,3.3749783
529.0,49.0,20.0,1.0,100.0,1.8940172
530.0,0.0,20.0,1.0,100.0,6.0079317
531.0,0.5,20.0,1.0,100.0,3.313979
532.0,1.0,20.0,1.0,100.0,3.2187412
533.0,2.0,20.0,1.0,100.0,3.9509864
534.0,3.0,20.0,1.0,100.0,3.179669
535.0,5.0,20.0,1.0,100.0,3.0529106
536.0,10.0,20.0,1.0,100.0,3.1944764
537.0,20.0,20.0,1.0,100.0,3.4256818
538.0,40.0,20.0,1.0,100.0,3.0339212
539.0,49.0,20.0,1.0,100.0,2.7733912
540.0,0.0,20.0,1.0,100.0,5.287001
541.0,0.5,20.0,1.0,100.0,2.9766247
542.0,1.0,20.0,1.0,100.0,3.5388997
543.0,2.0,20.0,1.0,100.0,7.007932
544.0,3.0,20.0,1.0,100.0,10.421665
545.0,5.0,20.0,1.0,100.0,4.571772
546.0,10.0,20.0,1.0,100.0,6.434084
547.0,20.0,20.0,1.0,100.0,1.7795131
548.0,40.0,20.0,1.0,100.0,3.7894976
549.0,49.0,20.0,1.0,100.0,2.7047718
550.0,0.0,20.0,1.0,100.0,3.5565605
551.0,0.5,20.0,1.0,100.0,5.122314
552.0,1.0,20.0,1.0,100.0,4.6888475
553.0,2.0,20.0,1.0,100.0,6.4599357
554.0,3.0,20.0,1.0,100.0,4.2661457
555.0,5.0,20.0,1.0,100.0,1.7579751
556.0,10.0,20.0,1.0,100.0,2.9735677
557.0,20.0,20.0,1.0,100.0,5.8934994
558.0,40.0,20.0,1.0,100.0,3.2632995
559.0,49.0,20.0,1.0,100.0,2.91717
560.0,0.0,20.0,1.0,100.0,2.9439206
561.0,0.5,20.0,1.0,100.0,3.4572217
562.0,1.0,20.0,1.0,100.0,3.1477766
563.0,2.0,20.0,1.0,100.0,3.0521781
564.0,3.0,20.0,1.0,100.0,3.3819976
565.0,5.0,20.0,1.0,100.0,2.7657049
566.0,10.0,20.0,1.0,100.0,3.1664088
567.0,20.0,20.0,1.0,100.0,2.6424336
568.0,40.0,20.0,1.0,100.0,3.5251808
569.0,49.0,20.0,1.0,100.0,2.6498384
570.0,0.0,20.0,1.0,100.0,2.9766247
571.0,0.5,20.0,1.0,100.0,1.851189
572.0,1.0,20.0,1.0,100.0,6.8845797
573.0,2.0,20.0,1.0,100.0,2.1190746
574.0,3.0,20.0,1.0,100.0,2.098999
575.0,5.0,20.0,1.0,100.0,4.548726
576.0,10.0,20.0,1.0,100.0,5.6139545
577.0,20.0,20.0,1.0,100.0,3.3116946
578.0,40.0,20.0,1.0,100.0,1.95789
579.0,49.0,20.0,1.0,100.0,1.7737658
580.0,0.0,20.0,1.0,100.0,3.6551735
581.0,0.5,20.0,1.0,100.0,3.5989418
582.0,1.0,20.0,1.0,100.0,8.0306225
583.0,2.0,20.0,1.0,100.0,5.246314
584.0,3.0,20.0,1.0,100.0,3.203348
585.0,5.0,20.0,1.0,100.0,3.184932
586.0,10.0,20.0,1.0,100.0,5.419264
587.0,20.0,20.0,1.0,100.0,3.5350716
588.0,40.0,20.0,1.0,100.0,3.5057776
589.0,49.0,20.0,1.0,100.0,3.548306
590.0,0.0,20.0,1.0,100.0,3.052178
591.0,0.5,20.0,1.0,100.0,4.214289
592.0,1.0,20.0,1.0,100.0,5.495453
593.0,2.0,20.0,1.0,100.0,2.6815066
594.0,3.0,20.0,1.0,100.0,3.4572217
595.0,5.0,20.0,1.0,100.0,7.9806585
596.0,10.0,20.0,1.0,100.0,7.1617675
597.0,20.0,20.0,1.0,100.0,3.0339212
598.0,40.0,20.0,1.0,100.0,2.2685335
599.0,49.0,20.0,1.0,100.0,3.052178
600.0,0.0,20.0,1.0,100.0,3.5334537
601.0,0.5,20.0,1.0,100.0,2.4063408
602.0,1.0,20.0,1.0,100.0,2.9766247
603.0,2.0,20.0,1.0,100.0,5.048852
604.0,3.0,20.0,1.0,100.0,4.3298097
605.0,5.0,20.0,1.0,100.0,3.8549051
606.0,10.0,20.0,1.0,100.0,3.7922225
607.0,20.0,20.0,1.0,100.0,3.678768
608.0,40.0,20.0,1.0,100.0,2.921988
609.0,49.0,20.0,1.0,100.0,2.2114422
610.0,0.0,20.0,1.0,100.0,3.1599517
611.0,0.5,20.0,1.0,100.0,2.5080822
612.0,1.0,20.0,1.0,100.0,3.9218557
613.0,2.0,20.0,1.0,100.0,3.559026
614.0,3.0,20.0,1.0,100.0,4.1518784
615.0,5.0,20.0,1.0,100.0,8.825953
616.0,10.0,20.0,1.0,100.0,3.5183923
617.0,20.0,20.0,1.0,100.0,3.3484504
618.0,40.0,20.0,1.0,100.0,2.826743
619.0,49.0,20.0,1.0,100.0,2.9309516
620.0,0.0,20.0,1.0,100.0,4.093927
621.0,0.5,20.0,1.0,100.0,3.72941
622.0,1.0,20.0,1.0,100.0,6.744695
623.0,2.0,20.0,1.0,100.0,4.419653
624.0,3.0,20.0,1.0,100.0,4.9562187
625.0,5.0,20.0,1.0,100.0,4.946379
626.0,10.0,20.0,1.0,100.0,3.866831
627.0,20.0,20.0,1.0,100.0,2.9199855
628.0,40.0,20.0,1.0,100.0,3.4619784
629.0,49.0,20.0,1.0,100.0,2.9970746
630.0,0.0,20.0,1.0,100.0,5.4872847
631.0,0.5,20.0,1.0,100.0,2.894665
632.0,1.0,20.0,1.0,100.0,4.5303216
633.0,2.0,20.0,1.0,100.0,4.608481
634.0,3.0,20.0,1.0,100.0,7.2386074
635.0,5.0,20.0,1.0,100.0,3.6657755
636.0,10.0,20.0,1.0,100.0,2.1408722
637.0,20.0,20.0,1.0,100.0,3.388996
638.0,40.0,20.0,1.0,100.0,2.718543
639.0,49.0,20.0,1.0,100.0,2.9029124
640.0,0.0,20.0,1.0,100.0,3.2632995
641.0,0.5,20.0,1.0,100.0,3.9036002
642.0,1.0,20.0,1.0,100.0,6.2716293
643.0,2.0,20.0,1.0,100.0,5.558876
644.0,3.0,20.0,1.0,100.0,3.9824986
645.0,5.0,20.0,1.0,100.0,2.7911425
646.0,10.0,20.0,1.0,100.0,3.1992648
647.0,20.0,20.0,1.0,100.0,3.3908458
648.0,40.0,20.0,1.0,100.0,2.3273733
649.0,49.0,20.0,1.0,100.0,3.739692
650.0,0.0,20.0,1.0,100.0,4.3858056
651.0,0.5,20.0,1.0,100.0,3.3094382
652.0,1.0,20.0,1.0,100.0,4.404252
653.0,2.0,20.0,1.0,100.0,3.7061157
654.0,3.0,20.0,1.0,100.0,3.8601942
655.0,5.0,20.0,1.0,100.0,4.4248104
656.0,10.0,20.0,1.0,100.0,5.80782
657.0,20.0,20.0,1.0,100.0,2.8449197
658.0,40.0,20.0,1.0,100.0,3.2444284
659.0,49.0,20.0,1.0,100.0,2.8541627
660.0,0.0,20.0,1.0,100.0,4.407596
661.0,0.5,20.0,1.0,100.0,4.3568864
662.0,1.0,20.0,1.0,100.0,2.8097575
663.0,2.0,20.0,1.0,100.0,4.5092497
664.0,3.0,20.0,1.0,100.0,3.3519092
665.0,5.0,20.0,1.0,100.0,3.5565605
666.0,10.0,20.0,1.0,100.0,2.2568934
667.0,20.0,20.0,1.0,100.0,3.3470306
668.0,40.0,20.0,1.0,100.0,2.5335689
669.0,49.0,20.0,1.0,100.0,2.9138422
670.0,0.0,20.0,1.0,100.0,6.7501187
671.0,0.5,20.0,1.0,100.0,2.9970746
672.0,1.0,20.0,1.0,100.0,3.1401105
673.0,2.0,20.0,1.0,100.0,3.3307006
674.0,3.0,20.0,1.0,100.0,2.959769
675.0,5.0,20.0,1.0,100.0,2.9945486
676.0,10.0,20.0,1.0,100.0,5.543534
677.0,20.0,20.0,1.0,100.0,2.6429708
678.0,40.0,20.0,1.0,100.0,5.218311
679.0,49.0,20.0,1.0,100.0,4.0255036
680.0,0.0,20.0,1.0,100.0,4.1665688
681.0,0.5,20.0,1.0,100.0,2.8643808
682.0,1.0,20.0,1.0,100.0,3.1607716
683.0,2.0,20.0,1.0,100.0,2.635786
684.0,3.0,20.0,1.0,100.0,4.8967366
685.0,5.0,20.0,1.0,100.0,4.255619
686.0,10.0,20.0,1.0,100.0,6.948793
687.0,20.0,20.0,1.0,100.0,5.42042
688.0,40.0,20.0,1.0,100.0,3.5016336
689.0,49.0,20.0,1.0,100.0,2.6648545
690.0,0.0,20.0,1.0,100.0,8.607608
691.0,0.5,20.0,1.0,100.0,3.6892133
692.0,1.0,20.0,1.0,100.0,6.342773
693.0,2.0,20.0,1.0,100.0,5.513387
694.0,3.0,20.0,1.0,100.0,4.07431
695.0,5.0,20.0,1.0,100.0,4.725816
696.0,10.0,20.0,1.0,100.0,2.8469744
697.0,20.0,20.0,1.0,100.0,5.9601855
698.0,40.0,20.0,1.0,100.0,3.8535273
699.0,49.0,20.0,1.0,100.0,3.1063037
700.0,0.0,20.0,1.0,100.0,5.1083503
701.0,0.5,20.0,1.0,100.0,4.442442
702.0,1.0,20.0,1.0,100.0,2.3278685
703.0,2.0,20.0,1.0,100.0,4.414215
704.0,3.0,20.0,1.0,100.0,2.4422174
705.0,5.0,20.0,1.0,100.0,3.3519092
706.0,10.0,20.0,1.0,100.0,2.5546656
707.0,20.0,20.0,1.0,100.0,3.8707178
708.0,40.0,20.0,1.0,100.0,3.6031177
709.0,49.0,20.0,1.0,100.0,2.362908
710.0,0.0,20.0,1.0,100.0,3.4438777
711.0,0.5,20.0,1.0,100.0,3.0155542
712.0,1.0,20.0,1.0,100.0,2.2076046
713.0,2.0,20.0,1.0,100.0,3.9440532
714.0,3.0,20.0,1.0,100.0,2.9138422
715.0,5.0,20.0,1.0,100.0,2.773171
716.0,10.0,20.0,1.0,100.0,2.527939
717.0,20.0,20.0,1.0,100.0,4.299453
718.0,40.0,20.0,1.0,100.0,2.3665988
719.0,49.0,20.0,1.0,100.0,2.7368734
720.0,0.0,20.0,1.0,100.0,2.8449197
721.0,0.5,20.0,1.0,100.0,4.328051
722.0,1.0,20.0,1.0,100.0,2.825324
723.0,2.0,20.0,1.0,100.0,3.854905
724.0,3.0,20.0,1.0,100.0,4.365197
725.0,5.0,20.0,1.0,100.0,4.896736
726.0,10.0,20.0,1.0,100.0,7.3525915
727.0,20.0,20.0,1.0,100.0,2.130261
728.0,40.0,20.0,1.0,100.0,3.2802799
729.0,49.0,20.0,1.0,100.0,3.739692
730.0,0.0,20.0,1.0,100.0,2.3948474
731.0,0.5,20.0,1.0,100.0,3.6208138
732.0,1.0,20.0,1.0,100.0,2.8449194
733.0,2.0,20.0,1.0,100.0,4.3039293
734.0,3.0,20.0,1.0,100.0,3.2848861
735.0,5.0,20.0,1.0,100.0,3.9509864
736.0,10.0,20.0,1.0,100.0,3.5388997
737.0,20.0,20.0,1.0,100.0,5.3851647
738.0,40.0,20.0,1.0,100.0,2.4685154
739.0,49.0,20.0,1.0,100.0,1.9910867
740.0,0.0,20.0,1.0,100.0,1.9790571
741.0,0.5,20.0,1.0,100.0,2.955553
742.0,1.0,20.0,1.0,100.0,3.7894976
743.0,2.0,20.0,1.0,100.0,2.9970746
744.0,3.0,20.0,1.0,100.0,5.3616467
745.0,5.0,20.0,1.0,100.0,2.997548
746.0,10.0,20.0,1.0,100.0,2.9597695
747.0,20.0,20.0,1.0,100.0,4.240907
748.0,40.0,20.0,1.0,100.0,2.5692003
749.0,49.0,20.0,1.0,100.0,2.1190743
750.0,0.0,20.0,1.0,100.0,4.3039293
751.0,0.5,20.0,1.0,100.0,5.814596
752.0,1.0,20.0,1.0,100.0,3.7229416
753.0,2.0,20.0,1.0,100.0,2.4475448
754.0,3.0,20.0,1.0,100.0,3.3309515
755.0,5.0,20.0,1.0,100.0,6.0905867
756.0,10.0,20.0,1.0,100.0,4.846742
757.0,20.0,20.0,1.0,100.0,2.554175
758.0,40.0,20.0,1.0,100.0,3.2759774
759.0,49.0,20.0,1.0,100.0,2.5692003
760.0,0.0,20.0,1.0,100.0,3.5157208
761.0,0.5,20.0,1.0,100.0,3.9978063
762.0,1.0,20.0,1.0,100.0,3.5334537
763.0,2.0,20.0,1.0,100.0,5.122314
764.0,3.0,20.0,1.0,100.0,3.7635756
765.0,5.0,20.0,1.0,100.0,6.6483083
766.0,10.0,20.0,1.0,100.0,3.941235
767.0,20.0,20.0,1.0,100.0,3.4293199
768.0,40.0,20.0,1.0,100.0,3.0806618
769.0,49.0,20.0,1.0,100.0,2.7368734
770.0,0.0,20.0,1.0,100.0,4.187841
771.0,0.5,20.0,1.0,100.0,2.982857
772.0,1.0,20.0,1.0,100.0,3.7563672
773.0,2.0,20.0,1.0,100.0,3.333211
774.0,3.0,20.0,1.0,100.0,6.9542155
775.0,5.0,20.0,1.0,100.0,5.7417173
776.0,10.0,20.0,1.0,100.0,4.725816
777.0,20.0,20.0,1.0,100.0,2.2778075
778.0,40.0,20.0,1.0,100.0,3.0607877
779.0,49.0,20.0,1.0,100.0,3.7934783
780.0,0.0,20.0,1.0,100.0,3.309438
781.0,0.5,20.0,1.0,100.0,2.7812395
782.0,1.0,20.0,1.0,100.0,3.1796687
783.0,2.0,20.0,1.0,100.0,3.5590262
784.0,3.0,20.0,1.0,100.0,6.818424
785.0,5.0,20.0,1.0,100.0,3.8549051
786.0,10.0,20.0,1.0,100.0,6.879923
787.0,20.0,20.0,1.0,100.0,4.418576
788.0,40.0,20.0,1.0,100.0,3.3307006
789.0,49.0,20.0,1.0,100.0,1.8975747
790.0,0.0,20.0,1.0,100.0,7.147791
791.0,0.5,20.0,1.0,100.0,4.8205914
792.0,1.0,20.0,1.0,100.0,3.7894979
793.0,2.0,20.0,1.0,100.0,3.772969
794.0,3.0,20.0,1.0,100.0,3.287784
795.0,5.0,20.0,1.0,100.0,2.5952444
796.0,10.0,20.0,1.0,100.0,3.9026618
797.0,20.0,20.0,1.0,100.0,2.4685152
798.0,40.0,20.0,1.0,100.0,2.102135
799.0,49.0,20.0,1.0,100.0,2.2114422
800.0,0.0,20.0,1.0,100.0,2.9635465
801.0,0.5,20.0,1.0,100.0,4.342844
802.0,1.0,20.0,1.0,100.0,4.080334
803.0,2.0,20.0,1.0,100.0,2.017242
804.0,3.0,20.0,1.0,100.0,2.8837113
805.0,5.0,20.0,1.0,100.0,4.1191406
806.0,10.0,20.0,1.0,100.0,2.467889
807.0,20.0,20.0,1.0,100.0,4.745926
808.0,40.0,20.0,1.0,100.0,3.6035116
809.0,49.0,20.0,1.0,100.0,2.3001037
810.0,0.0,20.0,1.0,100.0,6.1425376
811.0,0.5,20.0,1.0,100.0,3.9940434
812.0,1.0,20.0,1.0,100.0,2.8793187
813.0,2.0,20.0,1.0,100.0,4.504543
814.0,3.0,20.0,1.0,100.0,4.240907
815.0,5.0,20.0,1.0,100.0,1.8097963
816.0,10.0,20.0,1.0,100.0,3.6185036
817.0,20.0,20.0,1.0,100.0,2.0224926
818.0,40.0,20.0,1.0,100.0,3.7135532
819.0,49.0,20.0,1.0,100.0,3.4775808
820.0,0.0,20.0,1.0,100.0,2.6627946
821.0,0.5,20.0,1.0,100.0,2.1190746
822.0,1.0,20.0,1.0,100.0,5.1015825
823.0,2.0,20.0,1.0,100.0,3.7682886
824.0,3.0,20.0,1.0,100.0,6.3580065
825.0,5.0,20.0,1.0,100.0,3.239866
826.0,10.0,20.0,1.0,100.0,3.941235
827.0,20.0,20.0,1.0,100.0,4.3184633
828.0,40.0,20.0,1.0,100.0,2.9029124
829.0,49.0,20.0,1.0,100.0,3.0883672
830.0,0.0,20.0,1.0,100.0,5.558546
831.0,0.5,20.0,1.0,100.0,3.1599517
832.0,1.0,20.0,1.0,100.0,4.2347765
833.0,2.0,20.0,1.0,100.0,3.5861254
834.0,3.0,20.0,1.0,100.0,2.9029124
835.0,5.0,20.0,1.0,100.0,2.9984124
836.0,10.0,20.0,1.0,100.0,5.787133
837.0,20.0,20.0,1.0,100.0,3.681787
838.0,40.0,20.0,1.0,100.0,2.2562084
839.0,49.0,20.0,1.0,100.0,3.0643883
840.0,0.0,20.0,1.0,100.0,3.0389626
841.0,0.5,20.0,1.0,100.0,7.465305
842.0,1.0,20.0,1.0,100.0,5.5450206
843.0,2.0,20.0,1.0,100.0,3.2234263
844.0,3.0,20.0,1.0,100.0,13.707837
845.0,5.0,20.0,1.0,100.0,3.805955
846.0,10.0,20.0,1.0,100.0,2.2568934
847.0,20.0,20.0,1.0,100.0,4.775932
848.0,40.0,20.0,1.0,100.0,3.1944764
849.0,49.0,20.0,1.0,100.0,1.824298
850.0,0.0,20.0,1.0,100.0,3.4619784
851.0,0.5,20.0,1.0,100.0,4.2142897
852.0,1.0,20.0,1.0,100.0,3.5183926
853.0,2.0,20.0,1.0,100.0,2.84492
854.0,3.0,20.0,1.0,100.0,3.6657753
855.0,5.0,20.0,1.0,100.0,3.656285
856.0,10.0,20.0,1.0,100.0,2.6627948
857.0,20.0,20.0,1.0,100.0,4.6453147
858.0,40.0,20.0,1.0,100.0,2.9984124
859.0,49.0,20.0,1.0,100.0,2.7537854
860.0,0.0,20.0,1.0,100.0,4.025503
861.0,0.5,20.0,1.0,100.0,4.013763
862.0,1.0,20.0,1.0,100.0,2.9029124
863.0,2.0,20.0,1.0,100.0,3.8074574
864.0,3.0,20.0,1.0,100.0,2.8573592
865.0,5.0,20.0,1.0,100.0,5.7893424
866.0,10.0,20.0,1.0,100.0,4.781244
867.0,20.0,20.0,1.0,100.0,3.4335802
868.0,40.0,20.0,1.0,100.0,3.1277163
869.0,49.0,20.0,1.0,100.0,2.883711
870.0,0.0,20.0,1.0,100.0,2.5351334
871.0,0.5,20.0,1.0,100.0,3.2290711
872.0,1.0,20.0,1.0,100.0,4.320494
873.0,2.0,20.0,1.0,100.0,6.3427734
874.0,3.0,20.0,1.0,100.0,3.8729835
875.0,5.0,20.0,1.0,100.0,5.8366656
876.0,10.0,20.0,1.0,100.0,2.7529888
877.0,20.0,20.0,1.0,100.0,4.3741665
878.0,40.0,20.0,1.0,100.0,2.236068
879.0,49.0,20.0,1.0,100.0,2.8858383
880.0,0.0,20.0,1.0,100.0,3.0183263
881.0,0.5,20.0,1.0,100.0,4.284891
882.0,1.0,20.0,1.0,100.0,2.755082
883.0,2.0,20.0,1.0,100.0,6.1999645
884.0,3.0,20.0,1.0,100.0,2.826743
885.0,5.0,20.0,1.0,100.0,5.879124
886.0,10.0,20.0,1.0,100.0,3.694472
887.0,20.0,20.0,1.0,100.0,2.1887157
888.0,40.0,20.0,1.0,100.0,5.297798
889.0,49.0,20.0,1.0,100.0,2.9138422
890.0,0.0,20.0,1.0,100.0,2.6633751
891.0,0.5,20.0,1.0,100.0,9.438798
892.0,1.0,20.0,1.0,100.0,2.0803998
893.0,2.0,20.0,1.0,100.0,3.4027853
894.0,3.0,20.0,1.0,100.0,4.897478
895.0,5.0,20.0,1.0,100.0,6.253823
896.0,10.0,20.0,1.0,100.0,2.8221314
897.0,20.0,20.0,1.0,100.0,5.2975564
898.0,40.0,20.0,1.0,100.0,4.0530114
899.0,49.0,20.0,1.0,100.0,3.620814
900.0,0.0,20.0,1.0,100.0,2.0362332
901.0,0.5,20.0,1.0,100.0,3.1401105
902.0,1.0,20.0,1.0,100.0,5.528481
903.0,2.0,20.0,1.0,100.0,4.0080047
904.0,3.0,20.0,1.0,100.0,3.3872828
905.0,5.0,20.0,1.0,100.0,3.0155544
906.0,10.0,20.0,1.0,100.0,4.106905
907.0,20.0,20.0,1.0,100.0,5.163978
908.0,40.0,20.0,1.0,100.0,2.2242682
909.0,49.0,20.0,1.0,100.0,3.5721471
910.0,0.0,20.0,1.0,100.0,2.9766247
911.0,0.5,20.0,1.0,100.0,3.3094382
912.0,1.0,20.0,1.0,100.0,2.6058543
913.0,2.0,20.0,1.0,100.0,3.2938843
914.0,3.0,20.0,1.0,100.0,4.850136
915.0,5.0,20.0,1.0,100.0,4.7116876
916.0,10.0,20.0,1.0,100.0,4.8941174
917.0,20.0,20.0,1.0,100.0,3.7505555
918.0,40.0,20.0,1.0,100.0,2.4235342
919.0,49.0,20.0,1.0,100.0,3.7689095
920.0,0.0,20.0,1.0,100.0,3.0594597
921.0,0.5,20.0,1.0,100.0,4.4827714
922.0,1.0,20.0,1.0,100.0,6.729852
923.0,2.0,20.0,1.0,100.0,3.4792619
924.0,3.0,20.0,1.0,100.0,4.6853366
925.0,5.0,20.0,1.0,100.0,8.478851
926.0,10.0,20.0,1.0,100.0,4.4795833
927.0,20.0,20.0,1.0,100.0,3.2971723
928.0,40.0,20.0,1.0,100.0,2.7911425
929.0,49.0,20.0,1.0,100.0,3.254301
930.0,0.0,20.0,1.0,100.0,3.38037
931.0,0.5,20.0,1.0,100.0,5.170181
932.0,1.0,20.0,1.0,100.0,2.869126
933.0,2.0,20.0,1.0,100.0,3.776432
934.0,3.0,20.0,1.0,100.0,2.9409392
935.0,5.0,20.0,1.0,100.0,3.32455
936.0,10.0,20.0,1.0,100.0,4.312772
937.0,20.0,20.0,1.0,100.0,3.1000473
938.0,40.0,20.0,1.0,100.0,2.488067
939.0,49.0,20.0,1.0,100.0,2.7897327
940.0,0.0,20.0,1.0,100.0,2.745544
941.0,0.5,20.0,1.0,100.0,1.851189
942.0,1.0,20.0,1.0,100.0,3.3116946
943.0,2.0,20.0,1.0,100.0,2.4358435
944.0,3.0,20.0,1.0,100.0,2.1869178
945.0,5.0,20.0,1.0,100.0,6.4074135
946.0,10.0,20.0,1.0,100.0,4.877586
947.0,20.0,20.0,1.0,100.0,3.6035113
948.0,40.0,20.0,1.0,100.0,3.407388
949.0,49.0,20.0,1.0,100.0,2.7000883
950.0,0.0,20.0,1.0,100.0,5.0379515
951.0,0.5,20.0,1.0,100.0,3.1418698
952.0,1.0,20.0,1.0,100.0,3.7802746
953.0,2.0,20.0,1.0,100.0,3.3523269
954.0,3.0,20.0,1.0,100.0,4.075573
955.0,5.0,20.0,1.0,100.0,4.134639
956.0,10.0,20.0,1.0,100.0,2.2968156
957.0,20.0,20.0,1.0,100.0,4.003267
958.0,40.0,20.0,1.0,100.0,2.424621
959.0,49.0,20.0,1.0,100.0,2.8253243
960.0,0.0,20.0,1.0,100.0,2.7185433
961.0,0.5,20.0,1.0,100.0,4.186145
962.0,1.0,20.0,1.0,100.0,5.023753
963.0,2.0,20.0,1.0,100.0,3.6642737
964.0,3.0,20.0,1.0,100.0,3.8386579
965.0,5.0,20.0,1.0,100.0,3.6977293
966.0,10.0,20.0,1.0,100.0,4.1710234
967.0,20.0,20.0,1.0,100.0,3.4847944
968.0,40.0,20.0,1.0,100.0,2.9784806
969.0,49.0,20.0,1.0,100.0,3.8382323
970.0,0.0,20.0,1.0,100.0,4.1665683
971.0,0.5,20.0,1.0,100.0,2.9970746
972.0,1.0,20.0,1.0,100.0,4.750169
973.0,2.0,20.0,1.0,100.0,2.9309514
974.0,3.0,20.0,1.0,100.0,3.8852592
975.0,5.0,20.0,1.0,100.0,3.347339
976.0,10.0,20.0,1.0,100.0,2.8381922
977.0,20.0,20.0,1.0,100.0,3.7689095
978.0,40.0,20.0,1.0,100.0,3.9981613
979.0,49.0,20.0,1.0,100.0,4.4424424
980.0,0.0,20.0,1.0,100.0,3.9192212
981.0,0.5,20.0,1.0,100.0,10.309749
982.0,1.0,20.0,1.0,100.0,3.4847941
983.0,2.0,20.0,1.0,100.0,4.4148016
984.0,3.0,20.0,1.0,100.0,4.86484
985.0,5.0,20.0,1.0,100.0,3.623994
986.0,10.0,20.0,1.0,100.0,4.4231324
987.0,20.0,20.0,1.0,100.0,3.3294096
988.0,40.0,20.0,1.0,100.0,2.9327104
989.0,49.0,20.0,1.0,100.0,3.03158
990.0,0.0,20.0,1.0,100.0,1.813967
991.0,0.5,20.0,1.0,100.0,2.7368734
992.0,1.0,20.0,1.0,100.0,6.4599357
993.0,2.0,20.0,1.0,100.0,3.525181
994.0,3.0,20.0,1.0,100.0,3.3294096
995.0,5.0,20.0,1.0,100.0,4.1665683
996.0,10.0,20.0,1.0,100.0,4.075573
997.0,20.0,20.0,1.0,100.0,2.309401
998.0,40.0,20.0,1.0,100.0,3.7061157
999.0,49.0,20.0,1.0,100.0,3.1201434
1000.0,0.0,20.0,2.0,100.0,0.0
1001.0,0.5,20.0,2.0,100.0,0.0
1002.0,1.0,20.0,2.0,100.0,28.112867
1003.0,2.0,20.0,2.0,100.0,35.921207
1004.0,3.0,20.0,2.0,100.0,27.51969
1005.0,5.0,20.0,2.0,100.0,6.4990845
1006.0,10.0,20.0,2.0,100.0,3.0806618
1007.0,20.0,20.0,2.0,100.0,2.7129862
1008.0,40.0,20.0,2.0,100.0,3.7635756
1009.0,49.0,20.0,2.0,100.0,2.288483
1010.0,0.0,20.0,2.0,100.0,0.0
1011.0,0.5,20.0,2.0,100.0,35.303444
1012.0,1.0,20.0,2.0,100.0,35.303444
1013.0,2.0,20.0,2.0,100.0,38.183765
1014.0,3.0,20.0,2.0,100.0,32.746502
1015.0,5.0,20.0,2.0,100.0,14.760307
1016.0,10.0,20.0,2.0,100.0,6.0387635
1017.0,20.0,20.0,2.0,100.0,3.445482
1018.0,40.0,20.0,2.0,100.0,3.6380343
1019.0,49.0,20.0,2.0,100.0,2.978845
1020.0,0.0,20.0,2.0,100.0,0.0
1021.0,0.5,20.0,2.0,100.0,0.0
1022.0,1.0,20.0,2.0,100.0,50.895317
1023.0,2.0,20.0,2.0,100.0,27.89265
1024.0,3.0,20.0,2.0,100.0,22.660538
1025.0,5.0,20.0,2.0,100.0,9.8101015
1026.0,10.0,20.0,2.0,100.0,7.203534
1027.0,20.0,20.0,2.0,100.0,4.2848916
1028.0,40.0,20.0,2.0,100.0,3.2802796
1029.0,49.0,20.0,2.0,100.0,2.5279393
1030.0,0.0,20.0,2.0,100.0,0.0
1031.0,0.5,20.0,2.0,100.0,0.0
1032.0,1.0,20.0,2.0,100.0,37.872593
1033.0,2.0,20.0,2.0,100.0,20.404247
1034.0,3.0,20.0,2.0,100.0,16.03122
1035.0,5.0,20.0,2.0,100.0,6.1101007
1036.0,10.0,20.0,2.0,100.0,10.561986
1037.0,20.0,20.0,2.0,100.0,2.765705
1038.0,40.0,20.0,2.0,100.0,2.806918
1039.0,49.0,20.0,2.0,100.0,4.432733
1040.0,0.0,20.0,2.0,100.0,0.0
1041.0,0.5,20.0,2.0,100.0,0.0
1042.0,1.0,20.0,2.0,100.0,0.0
1043.0,2.0,20.0,2.0,100.0,5.05211
1044.0,3.0,20.0,2.0,100.0,8.435136
1045.0,5.0,20.0,2.0,100.0,4.023739
1046.0,10.0,20.0,2.0,100.0,3.525181
1047.0,20.0,20.0,2.0,100.0,2.828427
1048.0,40.0,20.0,2.0,100.0,3.8128746
1049.0,49.0,20.0,2.0,100.0,2.036233
1050.0,0.0,20.0,2.0,100.0,29.454563
1051.0,0.5,20.0,2.0,100.0,0.0
1052.0,1.0,20.0,2.0,100.0,23.11565
1053.0,2.0,20.0,2.0,100.0,13.938642
1054.0,3.0,20.0,2.0,100.0,7.071068
1055.0,5.0,20.0,2.0,100.0,23.0
1056.0,10.0,20.0,2.0,100.0,10.948917
1057.0,20.0,20.0,2.0,100.0,3.3601303
1058.0,40.0,20.0,2.0,100.0,4.230536
1059.0,49.0,20.0,2.0,100.0,3.2278433
1060.0,0.0,20.0,2.0,100.0,0.0
1061.0,0.5,20.0,2.0,100.0,27.910572
1062.0,1.0,20.0,2.0,100.0,37.872593
1063.0,2.0,20.0,2.0,100.0,18.986837
1064.0,3.0,20.0,2.0,100.0,18.57802
1065.0,5.0,20.0,2.0,100.0,14.417582
1066.0,10.0,20.0,2.0,100.0,6.765928
1067.0,20.0,20.0,2.0,100.0,7.511607
1068.0,40.0,20.0,2.0,100.0,3.4619784
1069.0,49.0,20.0,2.0,100.0,2.3665988
1070.0,0.0,20.0,2.0,100.0,0.0
1071.0,0.5,20.0,2.0,100.0,0.0
1072.0,1.0,20.0,2.0,100.0,27.652607
1073.0,2.0,20.0,2.0,100.0,28.948229
1074.0,3.0,20.0,2.0,100.0,30.924639
1075.0,5.0,20.0,2.0,100.0,11.931518
1076.0,10.0,20.0,2.0,100.0,4.3572116
1077.0,20.0,20.0,2.0,100.0,5.2281294
1078.0,40.0,20.0,2.0,100.0,2.0584347
1079.0,49.0,20.0,2.0,100.0,4.1364594
1080.0,0.0,20.0,2.0,100.0,0.0
1081.0,0.5,20.0,2.0,100.0,0.0
1082.0,1.0,20.0,2.0,100.0,39.501053
1083.0,2.0,20.0,2.0,100.0,53.42596
1084.0,3.0,20.0,2.0,100.0,5.600236
1085.0,5.0,20.0,2.0,100.0,6.101702
1086.0,10.0,20.0,2.0,100.0,11.004132
1087.0,20.0,20.0,2.0,100.0,4.151879
1088.0,40.0,20.0,2.0,100.0,3.5016336
1089.0,49.0,20.0,2.0,100.0,2.8914173
1090.0,0.0,20.0,2.0,100.0,0.0
1091.0,0.5,20.0,2.0,100.0,0.0
1092.0,1.0,20.0,2.0,100.0,49.08496
1093.0,2.0,20.0,2.0,100.0,35.303444
1094.0,3.0,20.0,2.0,100.0,8.928286
1095.0,5.0,20.0,2.0,100.0,8.689945
1096.0,10.0,20.0,2.0,100.0,10.551461
1097.0,20.0,20.0,2.0,100.0,3.5688713
1098.0,40.0,20.0,2.0,100.0,2.0713465
1099.0,49.0,20.0,2.0,100.0,2.123648
1100.0,0.0,20.0,2.0,100.0,0.0
1101.0,0.5,20.0,2.0,100.0,11.421227
1102.0,1.0,20.0,2.0,100.0,0.0
1103.0,2.0,20.0,2.0,100.0,20.92845
1104.0,3.0,20.0,2.0,100.0,27.285528
1105.0,5.0,20.0,2.0,100.0,12.33848
1106.0,10.0,20.0,2.0,100.0,7.192411
1107.0,20.0,20.0,2.0,100.0,2.5546656
1108.0,40.0,20.0,2.0,100.0,2.9395056
1109.0,49.0,20.0,2.0,100.0,2.940939
1110.0,0.0,20.0,2.0,100.0,0.0
1111.0,0.5,20.0,2.0,100.0,46.801
1112.0,1.0,20.0,2.0,100.0,25.006666
1113.0,2.0,20.0,2.0,100.0,38.552994
1114.0,3.0,20.0,2.0,100.0,11.698596
1115.0,5.0,20.0,2.0,100.0,16.652054
1116.0,10.0,20.0,2.0,100.0,9.357113
1117.0,20.0,20.0,2.0,100.0,3.0806618
1118.0,40.0,20.0,2.0,100.0,3.633824
1119.0,49.0,20.0,2.0,100.0,3.4935195
1120.0,0.0,20.0,2.0,100.0,18.427464
1121.0,0.5,20.0,2.0,100.0,7.3546524
1122.0,1.0,20.0,2.0,100.0,35.562153
1123.0,2.0,20.0,2.0,100.0,11.671794
1124.0,3.0,20.0,2.0,100.0,18.917364
1125.0,5.0,20.0,2.0,100.0,46.003624
1126.0,10.0,20.0,2.0,100.0,5.437288
1127.0,20.0,20.0,2.0,100.0,4.369265
1128.0,40.0,20.0,2.0,100.0,1.6126968
1129.0,49.0,20.0,2.0,100.0,3.0643883
1130.0,0.0,20.0,2.0,100.0,0.0
1131.0,0.5,20.0,2.0,100.0,0.0
1132.0,1.0,20.0,2.0,100.0,28.041634
1133.0,2.0,20.0,2.0,100.0,49.237522
1134.0,3.0,20.0,2.0,100.0,12.917319
1135.0,5.0,20.0,2.0,100.0,23.480488
1136.0,10.0,20.0,2.0,100.0,12.994505
1137.0,20.0,20.0,2.0,100.0,4.320494
1138.0,40.0,20.0,2.0,100.0,3.681787
1139.0,49.0,20.0,2.0,100.0,2.9648736
1140.0,0.0,20.0,2.0,100.0,0.0
1141.0,0.5,20.0,2.0,100.0,0.0
1142.0,1.0,20.0,2.0,100.0,0.0
1143.0,2.0,20.0,2.0,100.0,5.836446
1144.0,3.0,20.0,2.0,100.0,27.676704
1145.0,5.0,20.0,2.0,100.0,22.923786
1146.0,10.0,20.0,2.0,100.0,7.4492226
1147.0,20.0,20.0,2.0,100.0,4.365197
1148.0,40.0,20.0,2.0,100.0,3.2632997
1149.0,49.0,20.0,2.0,100.0,4.55634
1150.0,0.0,20.0,2.0,100.0,0.0
1151.0,0.5,20.0,2.0,100.0,28.919428
1152.0,1.0,20.0,2.0,100.0,13.9388275
1153.0,2.0,20.0,2.0,100.0,41.35618
1154.0,3.0,20.0,2.0,100.0,24.583193
1155.0,5.0,20.0,2.0,100.0,9.636241
1156.0,10.0,20.0,2.0,100.0,9.268087
1157.0,20.0,20.0,2.0,100.0,3.292735
1158.0,40.0,20.0,2.0,100.0,2.0144408
1159.0,49.0,20.0,2.0,100.0,2.7857196
1160.0,0.0,20.0,2.0,100.0,0.0
1161.0,0.5,20.0,2.0,100.0,48.418316
1162.0,1.0,20.0,2.0,100.0,44.43347
1163.0,2.0,20.0,2.0,100.0,19.139835
1164.0,3.0,20.0,2.0,100.0,16.918573
1165.0,5.0,20.0,2.0,100.0,19.79899
1166.0,10.0,20.0,2.0,100.0,7.5406303
1167.0,20.0,20.0,2.0,100.0,3.416607
1168.0,40.0,20.0,2.0,100.0,4.680651
1169.0,49.0,20.0,2.0,100.0,2.1869175
1170.0,0.0,20.0,2.0,100.0,0.0
1171.0,0.5,20.0,2.0,100.0,24.193663
1172.0,1.0,20.0,2.0,100.0,31.53305
1173.0,2.0,20.0,2.0,100.0,20.639767
1174.0,3.0,20.0,2.0,100.0,51.733288
1175.0,5.0,20.0,2.0,100.0,20.046614
1176.0,10.0,20.0,2.0,100.0,8.9939375
1177.0,20.0,20.0,2.0,100.0,4.8590426
1178.0,40.0,20.0,2.0,100.0,4.768154
1179.0,49.0,20.0,2.0,100.0,1.9736727
1180.0,0.0,20.0,2.0,100.0,0.0
1181.0,0.5,20.0,2.0,100.0,17.606817
1182.0,1.0,20.0,2.0,100.0,28.041636
1183.0,2.0,20.0,2.0,100.0,10.291004
1184.0,3.0,20.0,2.0,100.0,14.020393
1185.0,5.0,20.0,2.0,100.0,13.298914
1186.0,10.0,20.0,2.0,100.0,8.993825
1187.0,20.0,20.0,2.0,100.0,4.8501353
1188.0,40.0,20.0,2.0,100.0,3.077935
1189.0,49.0,20.0,2.0,100.0,4.472136
1190.0,0.0,20.0,2.0,100.0,0.0
1191.0,0.5,20.0,2.0,100.0,0.0
1192.0,1.0,20.0,2.0,100.0,29.200457
1193.0,2.0,20.0,2.0,100.0,54.28014
1194.0,3.0,20.0,2.0,100.0,26.94262
1195.0,5.0,20.0,2.0,100.0,10.926912
1196.0,10.0,20.0,2.0,100.0,6.7494855
1197.0,20.0,20.0,2.0,100.0,3.966774
1198.0,40.0,20.0,2.0,100.0,2.6627948
1199.0,49.0,20.0,2.0,100.0,3.313979
1200.0,0.0,20.0,2.0,100.0,0.0
1201.0,0.5,20.0,2.0,100.0,45.214306
1202.0,1.0,20.0,2.0,100.0,31.78574
1203.0,2.0,20.0,2.0,100.0,24.655725
1204.0,3.0,20.0,2.0,100.0,22.590557
1205.0,5.0,20.0,2.0,100.0,2.5751853
1206.0,10.0,20.0,2.0,100.0,7.1480937
1207.0,20.0,20.0,2.0,100.0,3.9824986
1208.0,40.0,20.0,2.0,100.0,2.825324
1209.0,49.0,20.0,2.0,100.0,2.861901
1210.0,0.0,20.0,2.0,100.0,0.0
1211.0,0.5,20.0,2.0,100.0,0.0
1212.0,1.0,20.0,2.0,100.0,49.237522
1213.0,2.0,20.0,2.0,100.0,18.300404
1214.0,3.0,20.0,2.0,100.0,4.1191406
1215.0,5.0,20.0,2.0,100.0,17.648418
1216.0,10.0,20.0,2.0,100.0,4.835386
1217.0,20.0,20.0,2.0,100.0,4.973262
1218.0,40.0,20.0,2.0,100.0,2.5865955
1219.0,49.0,20.0,2.0,100.0,4.1098027
1220.0,0.0,20.0,2.0,100.0,0.0
1221.0,0.5,20.0,2.0,100.0,0.0
1222.0,1.0,20.0,2.0,100.0,24.207438
1223.0,2.0,20.0,2.0,100.0,5.9960303
1224.0,3.0,20.0,2.0,100.0,23.027521
1225.0,5.0,20.0,2.0,100.0,13.363062
1226.0,10.0,20.0,2.0,100.0,3.935136
1227.0,20.0,20.0,2.0,100.0,4.530321
1228.0,40.0,20.0,2.0,100.0,3.7982762
1229.0,49.0,20.0,2.0,100.0,3.0703259
1230.0,0.0,20.0,2.0,100.0,0.0
1231.0,0.5,20.0,2.0,100.0,0.0
1232.0,1.0,20.0,2.0,100.0,0.0
1233.0,2.0,20.0,2.0,100.0,13.747727
1234.0,3.0,20.0,2.0,100.0,13.986104
1235.0,5.0,20.0,2.0,100.0,12.106668
1236.0,10.0,20.0,2.0,100.0,9.741093
1237.0,20.0,20.0,2.0,100.0,6.1066284
1238.0,40.0,20.0,2.0,100.0,2.3948474
1239.0,49.0,20.0,2.0,100.0,3.38037
1240.0,0.0,20.0,2.0,100.0,0.0
1241.0,0.5,20.0,2.0,100.0,26.405266
1242.0,1.0,20.0,2.0,100.0,23.767725
1243.0,2.0,20.0,2.0,100.0,29.810513
1244.0,3.0,20.0,2.0,100.0,8.925824
1245.0,5.0,20.0,2.0,100.0,2.4422176
1246.0,10.0,20.0,2.0,100.0,11.268085
1247.0,20.0,20.0,2.0,100.0,3.9737704
1248.0,40.0,20.0,2.0,100.0,4.8097124
1249.0,49.0,20.0,2.0,100.0,2.5868318
1250.0,0.0,20.0,2.0,100.0,0.0
1251.0,0.5,20.0,2.0,100.0,0.0
1252.0,1.0,20.0,2.0,100.0,24.906492
1253.0,2.0,20.0,2.0,100.0,25.10644
1254.0,3.0,20.0,2.0,100.0,6.7164807
1255.0,5.0,20.0,2.0,100.0,11.625095
1256.0,10.0,20.0,2.0,100.0,5.981453
1257.0,20.0,20.0,2.0,100.0,2.3037705
1258.0,40.0,20.0,2.0,100.0,2.7899015
1259.0,49.0,20.0,2.0,100.0,4.1061287
1260.0,0.0,20.0,2.0,100.0,0.0
1261.0,0.5,20.0,2.0,100.0,0.0
1262.0,1.0,20.0,2.0,100.0,0.0
1263.0,2.0,20.0,2.0,100.0,9.451631
1264.0,3.0,20.0,2.0,100.0,3.2462306
1265.0,5.0,20.0,2.0,100.0,27.832834
1266.0,10.0,20.0,2.0,100.0,10.856386
1267.0,20.0,20.0,2.0,100.0,3.3144073
1268.0,40.0,20.0,2.0,100.0,3.6185036
1269.0,49.0,20.0,2.0,100.0,3.218741
1270.0,0.0,20.0,2.0,100.0,0.0
1271.0,0.5,20.0,2.0,100.0,48.418316
1272.0,1.0,20.0,2.0,100.0,9.809729
1273.0,2.0,20.0,2.0,100.0,28.112867
1274.0,3.0,20.0,2.0,100.0,24.35648
1275.0,5.0,20.0,2.0,100.0,20.558859
1276.0,10.0,20.0,2.0,100.0,7.7613206
1277.0,20.0,20.0,2.0,100.0,3.5686543
1278.0,40.0,20.0,2.0,100.0,2.3644187
1279.0,49.0,20.0,2.0,100.0,3.5686543
1280.0,0.0,20.0,2.0,100.0,0.0
1281.0,0.5,20.0,2.0,100.0,20.256685
1282.0,1.0,20.0,2.0,100.0,0.0
1283.0,2.0,20.0,2.0,100.0,28.536526
1284.0,3.0,20.0,2.0,100.0,15.693493
1285.0,5.0,20.0,2.0,100.0,9.250483
1286.0,10.0,20.0,2.0,100.0,7.00649
1287.0,20.0,20.0,2.0,100.0,2.6000447
1288.0,40.0,20.0,2.0,100.0,3.4438777
1289.0,49.0,20.0,2.0,100.0,3.793478
1290.0,0.0,20.0,2.0,100.0,0.0
1291.0,0.5,20.0,2.0,100.0,0.0
1292.0,1.0,20.0,2.0,100.0,46.003624
1293.0,2.0,20.0,2.0,100.0,33.56089
1294.0,3.0,20.0,2.0,100.0,37.20663
1295.0,5.0,20.0,2.0,100.0,24.385788
1296.0,10.0,20.0,2.0,100.0,5.122736
1297.0,20.0,20.0,2.0,100.0,3.2187412
1298.0,40.0,20.0,2.0,100.0,4.201086
1299.0,49.0,20.0,2.0,100.0,3.885044
1300.0,0.0,20.0,2.0,100.0,0.0
1301.0,0.5,20.0,2.0,100.0,44.43347
1302.0,1.0,20.0,2.0,100.0,25.468935
1303.0,2.0,20.0,2.0,100.0,25.813435
1304.0,3.0,20.0,2.0,100.0,9.416298
1305.0,5.0,20.0,2.0,100.0,18.853825
1306.0,10.0,20.0,2.0,100.0,9.8101015
1307.0,20.0,20.0,2.0,100.0,2.4270303
1308.0,40.0,20.0,2.0,100.0,3.8059554
1309.0,49.0,20.0,2.0,100.0,2.4235342
1310.0,0.0,20.0,2.0,100.0,0.0
1311.0,0.5,20.0,2.0,100.0,0.0
1312.0,1.0,20.0,2.0,100.0,0.0
1313.0,2.0,20.0,2.0,100.0,8.917612
1314.0,3.0,20.0,2.0,100.0,22.501852
1315.0,5.0,20.0,2.0,100.0,11.552777
1316.0,10.0,20.0,2.0,100.0,2.0137863
1317.0,20.0,20.0,2.0,100.0,4.635223
1318.0,40.0,20.0,2.0,100.0,2.9069257
1319.0,49.0,20.0,2.0,100.0,3.5623696
1320.0,0.0,20.0,2.0,100.0,0.0
1321.0,0.5,20.0,2.0,100.0,0.0
1322.0,1.0,20.0,2.0,100.0,54.28014
1323.0,2.0,20.0,2.0,100.0,12.013882
1324.0,3.0,20.0,2.0,100.0,13.500617
1325.0,5.0,20.0,2.0,100.0,16.083117
1326.0,10.0,20.0,2.0,100.0,8.988208
1327.0,20.0,20.0,2.0,100.0,5.613836
1328.0,40.0,20.0,2.0,100.0,2.533569
1329.0,49.0,20.0,2.0,100.0,2.1794496
1330.0,0.0,20.0,2.0,100.0,0.0
1331.0,0.5,20.0,2.0,100.0,29.905407
1332.0,1.0,20.0,2.0,100.0,28.91943
1333.0,2.0,20.0,2.0,100.0,14.641076
1334.0,3.0,20.0,2.0,100.0,33.01313
1335.0,5.0,20.0,2.0,100.0,8.848215
1336.0,10.0,20.0,2.0,100.0,5.839113
1337.0,20.0,20.0,2.0,100.0,3.6035113
1338.0,40.0,20.0,2.0,100.0,5.665266
1339.0,49.0,20.0,2.0,100.0,3.1063037
1340.0,0.0,20.0,2.0,100.0,0.0
1341.0,0.5,20.0,2.0,100.0,35.907288
1342.0,1.0,20.0,2.0,100.0,14.916129
1343.0,2.0,20.0,2.0,100.0,6.027714
1344.0,3.0,20.0,2.0,100.0,20.37155
1345.0,5.0,20.0,2.0,100.0,6.0553007
1346.0,10.0,20.0,2.0,100.0,9.604292
1347.0,20.0,20.0,2.0,100.0,3.8668308
1348.0,40.0,20.0,2.0,100.0,2.586832
1349.0,49.0,20.0,2.0,100.0,3.1944764
1350.0,0.0,20.0,2.0,100.0,0.0
1351.0,0.5,20.0,2.0,100.0,0.0
1352.0,1.0,20.0,2.0,100.0,35.303444
1353.0,2.0,20.0,2.0,100.0,51.733288
1354.0,3.0,20.0,2.0,100.0,17.02659
1355.0,5.0,20.0,2.0,100.0,5.5753894
1356.0,10.0,20.0,2.0,100.0,10.5469475
1357.0,20.0,20.0,2.0,100.0,1.824298
1358.0,40.0,20.0,2.0,100.0,2.600045
1359.0,49.0,20.0,2.0,100.0,3.6551735
1360.0,0.0,20.0,2.0,100.0,0.0
1361.0,0.5,20.0,2.0,100.0,24.474476
1362.0,1.0,20.0,2.0,100.0,19.79899
1363.0,2.0,20.0,2.0,100.0,0.0
1364.0,3.0,20.0,2.0,100.0,35.161533
1365.0,5.0,20.0,2.0,100.0,5.6745043
1366.0,10.0,20.0,2.0,100.0,3.6335404
1367.0,20.0,20.0,2.0,100.0,3.1788776
1368.0,40.0,20.0,2.0,100.0,3.396765
1369.0,49.0,20.0,2.0,100.0,3.4914863
1370.0,0.0,20.0,2.0,100.0,23.811762
1371.0,0.5,20.0,2.0,100.0,37.872593
1372.0,1.0,20.0,2.0,100.0,26.153393
1373.0,2.0,20.0,2.0,100.0,2.7657049
1374.0,3.0,20.0,2.0,100.0,3.0183265
1375.0,5.0,20.0,2.0,100.0,10.993505
1376.0,10.0,20.0,2.0,100.0,8.595277
1377.0,20.0,20.0,2.0,100.0,2.3055997
1378.0,40.0,20.0,2.0,100.0,4.8714237
1379.0,49.0,20.0,2.0,100.0,2.3818486
1380.0,0.0,20.0,2.0,100.0,0.0
1381.0,0.5,20.0,2.0,100.0,0.0
1382.0,1.0,20.0,2.0,100.0,0.0
1383.0,2.0,20.0,2.0,100.0,13.796135
1384.0,3.0,20.0,2.0,100.0,6.3293447
1385.0,5.0,20.0,2.0,100.0,5.4833083
1386.0,10.0,20.0,2.0,100.0,11.464231
1387.0,20.0,20.0,2.0,100.0,4.8648396
1388.0,40.0,20.0,2.0,100.0,2.288483
1389.0,49.0,20.0,2.0,100.0,4.09048
1390.0,0.0,20.0,2.0,100.0,0.0
1391.0,0.5,20.0,2.0,100.0,0.0
1392.0,1.0,20.0,2.0,100.0,15.970807
1393.0,2.0,20.0,2.0,100.0,13.864423
1394.0,3.0,20.0,2.0,100.0,21.786846
1395.0,5.0,20.0,2.0,100.0,32.526913
1396.0,10.0,20.0,2.0,100.0,3.8297088
1397.0,20.0,20.0,2.0,100.0,3.2145503
1398.0,40.0,20.0,2.0,100.0,2.6665134
1399.0,49.0,20.0,2.0,100.0,3.1201434
1400.0,0.0,20.0,2.0,100.0,0.0
1401.0,0.5,20.0,2.0,100.0,0.0
1402.0,1.0,20.0,2.0,100.0,4.3284287
1403.0,2.0,20.0,2.0,100.0,40.451614
1404.0,3.0,20.0,2.0,100.0,23.713568
1405.0,5.0,20.0,2.0,100.0,13.896442
1406.0,10.0,20.0,2.0,100.0,20.612062
1407.0,20.0,20.0,2.0,100.0,2.2782617
1408.0,40.0,20.0,2.0,100.0,2.5671923
1409.0,49.0,20.0,2.0,100.0,3.6892133
1410.0,0.0,20.0,2.0,100.0,0.0
1411.0,0.5,20.0,2.0,100.0,28.988503
1412.0,1.0,20.0,2.0,100.0,0.0
1413.0,2.0,20.0,2.0,100.0,39.247078
1414.0,3.0,20.0,2.0,100.0,15.390293
1415.0,5.0,20.0,2.0,100.0,6.1999645
1416.0,10.0,20.0,2.0,100.0,6.3592114
1417.0,20.0,20.0,2.0,100.0,6.252272
1418.0,40.0,20.0,2.0,100.0,2.0
1419.0,49.0,20.0,2.0,100.0,3.9978063
1420.0,0.0,20.0,2.0,100.0,0.0
1421.0,0.5,20.0,2.0,100.0,29.569128
1422.0,1.0,20.0,2.0,100.0,38.552994
1423.0,2.0,20.0,2.0,100.0,15.930404
1424.0,3.0,20.0,2.0,100.0,8.882056
1425.0,5.0,20.0,2.0,100.0,20.829468
1426.0,10.0,20.0,2.0,100.0,5.972464
1427.0,20.0,20.0,2.0,100.0,3.0607877
1428.0,40.0,20.0,2.0,100.0,4.414215
1429.0,49.0,20.0,2.0,100.0,2.081666
1430.0,0.0,20.0,2.0,100.0,0.0
1431.0,0.5,20.0,2.0,100.0,12.222825
1432.0,1.0,20.0,2.0,100.0,50.063293
1433.0,2.0,20.0,2.0,100.0,5.7314634
1434.0,3.0,20.0,2.0,100.0,30.005556
1435.0,5.0,20.0,2.0,100.0,11.072989
1436.0,10.0,20.0,2.0,100.0,2.63902
1437.0,20.0,20.0,2.0,100.0,3.2381008
1438.0,40.0,20.0,2.0,100.0,3.1063037
1439.0,49.0,20.0,2.0,100.0,1.8139669
1440.0,0.0,20.0,2.0,100.0,0.0
1441.0,0.5,20.0,2.0,100.0,0.0
1442.0,1.0,20.0,2.0,100.0,0.0
1443.0,2.0,20.0,2.0,100.0,41.404507
1444.0,3.0,20.0,2.0,100.0,35.92121
1445.0,5.0,20.0,2.0,100.0,10.893423
1446.0,10.0,20.0,2.0,100.0,12.918549
1447.0,20.0,20.0,2.0,100.0,5.305072
1448.0,40.0,20.0,2.0,100.0,2.684153
1449.0,49.0,20.0,2.0,100.0,3.6592999
1450.0,0.0,20.0,2.0,100.0,0.0
1451.0,0.5,20.0,2.0,100.0,6.8896055
1452.0,1.0,20.0,2.0,100.0,26.012817
1453.0,2.0,20.0,2.0,100.0,46.801
1454.0,3.0,20.0,2.0,100.0,18.935982
1455.0,5.0,20.0,2.0,100.0,6.6129246
1456.0,10.0,20.0,2.0,100.0,6.1425376
1457.0,20.0,20.0,2.0,100.0,3.8274174
1458.0,40.0,20.0,2.0,100.0,2.7857196
1459.0,49.0,20.0,2.0,100.0,3.0480282
1460.0,0.0,20.0,2.0,100.0,0.0
1461.0,0.5,20.0,2.0,100.0,46.801
1462.0,1.0,20.0,2.0,100.0,36.555893
1463.0,2.0,20.0,2.0,100.0,33.080708
1464.0,3.0,20.0,2.0,100.0,10.928338
1465.0,5.0,20.0,2.0,100.0,12.200703
1466.0,10.0,20.0,2.0,100.0,13.009154
1467.0,20.0,20.0,2.0,100.0,3.14559
1468.0,40.0,20.0,2.0,100.0,4.498366
1469.0,49.0,20.0,2.0,100.0,2.8089993
1470.0,0.0,20.0,2.0,100.0,0.0
1471.0,0.5,20.0,2.0,100.0,29.569128
1472.0,1.0,20.0,2.0,100.0,0.0
1473.0,2.0,20.0,2.0,100.0,20.305992
1474.0,3.0,20.0,2.0,100.0,13.815105
1475.0,5.0,20.0,2.0,100.0,2.4920928
1476.0,10.0,20.0,2.0,100.0,6.8237896
1477.0,20.0,20.0,2.0,100.0,4.2218685
1478.0,40.0,20.0,2.0,100.0,2.5671923
1479.0,49.0,20.0,2.0,100.0,2.7657049
1480.0,0.0,20.0,2.0,100.0,0.0
1481.0,0.5,20.0,2.0,100.0,0.0
1482.0,1.0,20.0,2.0,100.0,52.576927
1483.0,2.0,20.0,2.0,100.0,11.526367
1484.0,3.0,20.0,2.0,100.0,15.590596
1485.0,5.0,20.0,2.0,100.0,8.574098
1486.0,10.0,20.0,2.0,100.0,7.25718
1487.0,20.0,20.0,2.0,100.0,7.6435757
1488.0,40.0,20.0,2.0,100.0,3.7393122
1489.0,49.0,20.0,2.0,100.0,2.6561882
1490.0,0.0,20.0,2.0,100.0,0.0
1491.0,0.5,20.0,2.0,100.0,0.0
1492.0,1.0,20.0,2.0,100.0,42.14657
1493.0,2.0,20.0,2.0,100.0,10.451703
1494.0,3.0,20.0,2.0,100.0,9.626352
1495.0,5.0,20.0,2.0,100.0,24.124676
1496.0,10.0,20.0,2.0,100.0,3.9400265
1497.0,20.0,20.0,2.0,100.0,2.0407112
1498.0,40.0,20.0,2.0,100.0,2.3979158
1499.0,49.0,20.0,2.0,100.0,2.288483
1500.0,0.0,20.0,3.0,100.0,0.0
1501.0,0.5,20.0,3.0,100.0,50.063293
1502.0,1.0,20.0,3.0,100.0,17.097757
1503.0,2.0,20.0,3.0,100.0,41.404507
1504.0,3.0,20.0,3.0,100.0,15.279616
1505.0,5.0,20.0,3.0,100.0,9.451632
1506.0,10.0,20.0,3.0,100.0,6.6255136
1507.0,20.0,20.0,3.0,100.0,2.488067
1508.0,40.0,20.0,3.0,100.0,3.772969
1509.0,49.0,20.0,3.0,100.0,4.2848916
1510.0,0.0,20.0,3.0,100.0,0.0
1511.0,0.5,20.0,3.0,100.0,29.569128
1512.0,1.0,20.0,3.0,100.0,0.0
1513.0,2.0,20.0,3.0,100.0,16.954842
1514.0,3.0,20.0,3.0,100.0,3.6657753
1515.0,5.0,20.0,3.0,100.0,13.237753
1516.0,10.0,20.0,3.0,100.0,25.670996
1517.0,20.0,20.0,3.0,100.0,4.4827714
1518.0,40.0,20.0,3.0,100.0,3.885044
1519.0,49.0,20.0,3.0,100.0,3.2606103
1520.0,0.0,20.0,3.0,100.0,0.0
1521.0,0.5,20.0,3.0,100.0,0.0
1522.0,1.0,20.0,3.0,100.0,0.0
1523.0,2.0,20.0,3.0,100.0,7.8431587
1524.0,3.0,20.0,3.0,100.0,11.106805
1525.0,5.0,20.0,3.0,100.0,13.049357
1526.0,10.0,20.0,3.0,100.0,4.320494
1527.0,20.0,20.0,3.0,100.0,4.1665688
1528.0,40.0,20.0,3.0,100.0,2.5335689
1529.0,49.0,20.0,3.0,100.0,2.1449451
1530.0,0.0,20.0,3.0,100.0,0.0
1531.0,0.5,20.0,3.0,100.0,0.0
1532.0,1.0,20.0,3.0,100.0,20.978825
1533.0,2.0,20.0,3.0,100.0,11.931518
1534.0,3.0,20.0,3.0,100.0,19.2837
1535.0,5.0,20.0,3.0,100.0,6.434084
1536.0,10.0,20.0,3.0,100.0,5.8137765
1537.0,20.0,20.0,3.0,100.0,3.4877646
1538.0,40.0,20.0,3.0,100.0,2.527939
1539.0,49.0,20.0,3.0,100.0,1.6601679
1540.0,0.0,20.0,3.0,100.0,0.0
1541.0,0.5,20.0,3.0,100.0,41.404507
1542.0,1.0,20.0,3.0,100.0,48.418316
1543.0,2.0,20.0,3.0,100.0,0.0
1544.0,3.0,20.0,3.0,100.0,10.593903
1545.0,5.0,20.0,3.0,100.0,8.956686
1546.0,10.0,20.0,3.0,100.0,3.772969
1547.0,20.0,20.0,3.0,100.0,3.070326
1548.0,40.0,20.0,3.0,100.0,2.896632
1549.0,49.0,20.0,3.0,100.0,2.7731707
1550.0,0.0,20.0,3.0,100.0,0.0
1551.0,0.5,20.0,3.0,100.0,0.0
1552.0,1.0,20.0,3.0,100.0,0.0
1553.0,2.0,20.0,3.0,100.0,39.310726
1554.0,3.0,20.0,3.0,100.0,36.89625
1555.0,5.0,20.0,3.0,100.0,22.248596
1556.0,10.0,20.0,3.0,100.0,5.881616
1557.0,20.0,20.0,3.0,100.0,2.8619006
1558.0,40.0,20.0,3.0,100.0,3.0883672
1559.0,49.0,20.0,3.0,100.0,2.5155644
1560.0,0.0,20.0,3.0,100.0,17.323132
1561.0,0.5,20.0,3.0,100.0,0.0
1562.0,1.0,20.0,3.0,100.0,44.43347
1563.0,2.0,20.0,3.0,100.0,47.60602
1564.0,3.0,20.0,3.0,100.0,9.033887
1565.0,5.0,20.0,3.0,100.0,11.25216
1566.0,10.0,20.0,3.0,100.0,2.745544
1567.0,20.0,20.0,3.0,100.0,3.3872828
1568.0,40.0,20.0,3.0,100.0,6.7501187
1569.0,49.0,20.0,3.0,100.0,1.6072751
1570.0,0.0,20.0,3.0,100.0,14.878209
1571.0,0.5,20.0,3.0,100.0,31.533052
1572.0,1.0,20.0,3.0,100.0,48.211338
1573.0,2.0,20.0,3.0,100.0,27.736858
1574.0,3.0,20.0,3.0,100.0,11.841547
1575.0,5.0,20.0,3.0,100.0,7.6418223
1576.0,10.0,20.0,3.0,100.0,4.638586
1577.0,20.0,20.0,3.0,100.0,2.643951
1578.0,40.0,20.0,3.0,100.0,3.5483062
1579.0,49.0,20.0,3.0,100.0,3.1241374
1580.0,0.0,20.0,3.0,100.0,0.0
1581.0,0.5,20.0,3.0,100.0,40.463974
1582.0,1.0,20.0,3.0,100.0,17.985853
1583.0,2.0,20.0,3.0,100.0,11.958261
1584.0,3.0,20.0,3.0,100.0,35.81899
1585.0,5.0,20.0,3.0,100.0,2.5476413
1586.0,10.0,20.0,3.0,100.0,13.190906
1587.0,20.0,20.0,3.0,100.0,2.9766247
1588.0,40.0,20.0,3.0,100.0,2.3082597
1589.0,49.0,20.0,3.0,100.0,2.036233
1590.0,0.0,20.0,3.0,100.0,0.0
1591.0,0.5,20.0,3.0,100.0,24.04163
1592.0,1.0,20.0,3.0,100.0,18.35756
1593.0,2.0,20.0,3.0,100.0,4.414215
1594.0,3.0,20.0,3.0,100.0,38.183765
1595.0,5.0,20.0,3.0,100.0,9.551479
1596.0,10.0,20.0,3.0,100.0,5.7356286
1597.0,20.0,20.0,3.0,100.0,9.914178
1598.0,40.0,20.0,3.0,100.0,2.9409392
1599.0,49.0,20.0,3.0,100.0,3.1418695
1600.0,0.0,20.0,3.0,100.0,52.538876
1601.0,0.5,20.0,3.0,100.0,0.0
1602.0,1.0,20.0,3.0,100.0,52.576927
1603.0,2.0,20.0,3.0,100.0,25.78113
1604.0,3.0,20.0,3.0,100.0,15.890248
1605.0,5.0,20.0,3.0,100.0,6.8931236
1606.0,10.0,20.0,3.0,100.0,3.184932
1607.0,20.0,20.0,3.0,100.0,2.0470653
1608.0,40.0,20.0,3.0,100.0,3.9418287
1609.0,49.0,20.0,3.0,100.0,3.284886
1610.0,0.0,20.0,3.0,100.0,0.0
1611.0,0.5,20.0,3.0,100.0,31.533052
1612.0,1.0,20.0,3.0,100.0,29.737741
1613.0,2.0,20.0,3.0,100.0,8.781294
1614.0,3.0,20.0,3.0,100.0,5.3407693
1615.0,5.0,20.0,3.0,100.0,3.1304953
1616.0,10.0,20.0,3.0,100.0,5.5223846
1617.0,20.0,20.0,3.0,100.0,3.9192214
1618.0,40.0,20.0,3.0,100.0,2.913842
1619.0,49.0,20.0,3.0,100.0,2.5865955
1620.0,0.0,20.0,3.0,100.0,0.0
1621.0,0.5,20.0,3.0,100.0,0.0
1622.0,1.0,20.0,3.0,100.0,21.982677
1623.0,2.0,20.0,3.0,100.0,17.87363
1624.0,3.0,20.0,3.0,100.0,26.40707
1625.0,5.0,20.0,3.0,100.0,9.42809
1626.0,10.0,20.0,3.0,100.0,9.505846
1627.0,20.0,20.0,3.0,100.0,2.6318069
1628.0,40.0,20.0,3.0,100.0,3.5334537
1629.0,49.0,20.0,3.0,100.0,3.445482
1630.0,0.0,20.0,3.0,100.0,0.0
1631.0,0.5,20.0,3.0,100.0,49.963318
1632.0,1.0,20.0,3.0,100.0,0.0
1633.0,2.0,20.0,3.0,100.0,10.445626
1634.0,3.0,20.0,3.0,100.0,38.183765
1635.0,5.0,20.0,3.0,100.0,7.6947246
1636.0,10.0,20.0,3.0,100.0,7.0367002
1637.0,20.0,20.0,3.0,100.0,2.8097575
1638.0,40.0,20.0,3.0,100.0,2.353298
1639.0,49.0,20.0,3.0,100.0,2.6249714
1640.0,0.0,20.0,3.0,100.0,0.0
1641.0,0.5,20.0,3.0,100.0,0.0
1642.0,1.0,20.0,3.0,100.0,2.385472
1643.0,2.0,20.0,3.0,100.0,44.43347
1644.0,3.0,20.0,3.0,100.0,8.026472
1645.0,5.0,20.0,3.0,100.0,6.0299506
1646.0,10.0,20.0,3.0,100.0,3.1997025
1647.0,20.0,20.0,3.0,100.0,3.7919765
1648.0,40.0,20.0,3.0,100.0,3.379197
1649.0,49.0,20.0,3.0,100.0,2.586832
1650.0,0.0,20.0,3.0,100.0,0.0
1651.0,0.5,20.0,3.0,100.0,0.0
1652.0,1.0,20.0,3.0,100.0,0.0
1653.0,2.0,20.0,3.0,100.0,47.60602
1654.0,3.0,20.0,3.0,100.0,2.7529888
1655.0,5.0,20.0,3.0,100.0,10.663691
1656.0,10.0,20.0,3.0,100.0,4.732593
1657.0,20.0,20.0,3.0,100.0,2.700088
1658.0,40.0,20.0,3.0,100.0,2.2484074
1659.0,49.0,20.0,3.0,100.0,4.996731
1660.0,0.0,20.0,3.0,100.0,0.0
1661.0,0.5,20.0,3.0,100.0,0.0
1662.0,1.0,20.0,3.0,100.0,0.0
1663.0,2.0,20.0,3.0,100.0,20.207258
1664.0,3.0,20.0,3.0,100.0,35.06185
1665.0,5.0,20.0,3.0,100.0,19.582306
1666.0,10.0,20.0,3.0,100.0,14.743172
1667.0,20.0,20.0,3.0,100.0,3.4775808
1668.0,40.0,20.0,3.0,100.0,2.9788451
1669.0,49.0,20.0,3.0,100.0,1.9681252
1670.0,0.0,20.0,3.0,100.0,0.0
1671.0,0.5,20.0,3.0,100.0,0.0
1672.0,1.0,20.0,3.0,100.0,21.70407
1673.0,2.0,20.0,3.0,100.0,45.254833
1674.0,3.0,20.0,3.0,100.0,14.672795
1675.0,5.0,20.0,3.0,100.0,9.58442
1676.0,10.0,20.0,3.0,100.0,6.556318
1677.0,20.0,20.0,3.0,100.0,3.2290711
1678.0,40.0,20.0,3.0,100.0,3.1566482
1679.0,49.0,20.0,3.0,100.0,2.9479616
1680.0,0.0,20.0,3.0,100.0,0.0
1681.0,0.5,20.0,3.0,100.0,0.0
1682.0,1.0,20.0,3.0,100.0,0.0
1683.0,2.0,20.0,3.0,100.0,50.895317
1684.0,3.0,20.0,3.0,100.0,17.682383
1685.0,5.0,20.0,3.0,100.0,12.432675
1686.0,10.0,20.0,3.0,100.0,8.605847
1687.0,20.0,20.0,3.0,100.0,2.4880667
1688.0,40.0,20.0,3.0,100.0,2.2549872
1689.0,49.0,20.0,3.0,100.0,2.4000487
1690.0,0.0,20.0,3.0,100.0,0.0
1691.0,0.5,20.0,3.0,100.0,48.418316
1692.0,1.0,20.0,3.0,100.0,48.418316
1693.0,2.0,20.0,3.0,100.0,3.8993177
1694.0,3.0,20.0,3.0,100.0,12.392394
1695.0,5.0,20.0,3.0,100.0,11.614851
1696.0,10.0,20.0,3.0,100.0,9.426618
1697.0,20.0,20.0,3.0,100.0,2.3447464
1698.0,40.0,20.0,3.0,100.0,2.3082597
1699.0,49.0,20.0,3.0,100.0,2.745544
1700.0,0.0,20.0,3.0,100.0,0.0
1701.0,0.5,20.0,3.0,100.0,0.0
1702.0,1.0,20.0,3.0,100.0,37.20663
1703.0,2.0,20.0,3.0,100.0,12.083046
1704.0,3.0,20.0,3.0,100.0,21.86321
1705.0,5.0,20.0,3.0,100.0,7.6143303
1706.0,10.0,20.0,3.0,100.0,9.252628
1707.0,20.0,20.0,3.0,100.0,2.7055984
1708.0,40.0,20.0,3.0,100.0,2.6058543
1709.0,49.0,20.0,3.0,100.0,4.312863
1710.0,0.0,20.0,3.0,100.0,0.0
1711.0,0.5,20.0,3.0,100.0,35.37419
1712.0,1.0,20.0,3.0,100.0,41.95633
1713.0,2.0,20.0,3.0,100.0,31.272991
1714.0,3.0,20.0,3.0,100.0,38.0
1715.0,5.0,20.0,3.0,100.0,5.337647
1716.0,10.0,20.0,3.0,100.0,4.25049
1717.0,20.0,20.0,3.0,100.0,3.551673
1718.0,40.0,20.0,3.0,100.0,2.1981604
1719.0,49.0,20.0,3.0,100.0,1.8975749
1720.0,0.0,20.0,3.0,100.0,0.0
1721.0,0.5,20.0,3.0,100.0,53.42596
1722.0,1.0,20.0,3.0,100.0,0.0
1723.0,2.0,20.0,3.0,100.0,19.252705
1724.0,3.0,20.0,3.0,100.0,25.468935
1725.0,5.0,20.0,3.0,100.0,6.891365
1726.0,10.0,20.0,3.0,100.0,3.7563672
1727.0,20.0,20.0,3.0,100.0,3.9351358
1728.0,40.0,20.0,3.0,100.0,1.8929694
1729.0,49.0,20.0,3.0,100.0,3.6010165
1730.0,0.0,20.0,3.0,100.0,0.0
1731.0,0.5,20.0,3.0,100.0,49.08496
1732.0,1.0,20.0,3.0,100.0,0.0
1733.0,2.0,20.0,3.0,100.0,0.0
1734.0,3.0,20.0,3.0,100.0,24.711672
1735.0,5.0,20.0,3.0,100.0,5.2067547
1736.0,10.0,20.0,3.0,100.0,3.287784
1737.0,20.0,20.0,3.0,100.0,3.1201434
1738.0,40.0,20.0,3.0,100.0,3.4454818
1739.0,49.0,20.0,3.0,100.0,2.9138422
1740.0,0.0,20.0,3.0,100.0,0.0
1741.0,0.5,20.0,3.0,100.0,51.733288
1742.0,1.0,20.0,3.0,100.0,7.940715
1743.0,2.0,20.0,3.0,100.0,39.95414
1744.0,3.0,20.0,3.0,100.0,23.243639
1745.0,5.0,20.0,3.0,100.0,7.764388
1746.0,10.0,20.0,3.0,100.0,4.6081767
1747.0,20.0,20.0,3.0,100.0,4.482772
1748.0,40.0,20.0,3.0,100.0,3.5200107
1749.0,49.0,20.0,3.0,100.0,2.036233
1750.0,0.0,20.0,3.0,100.0,33.105892
1751.0,0.5,20.0,3.0,100.0,28.536526
1752.0,1.0,20.0,3.0,100.0,38.552994
1753.0,2.0,20.0,3.0,100.0,18.844393
1754.0,3.0,20.0,3.0,100.0,23.050669
1755.0,5.0,20.0,3.0,100.0,14.481515
1756.0,10.0,20.0,3.0,100.0,4.0293045
1757.0,20.0,20.0,3.0,100.0,3.1944764
1758.0,40.0,20.0,3.0,100.0,3.0480285
1759.0,49.0,20.0,3.0,100.0,3.2462306
1760.0,0.0,20.0,3.0,100.0,0.0
1761.0,0.5,20.0,3.0,100.0,0.0
1762.0,1.0,20.0,3.0,100.0,34.08812
1763.0,2.0,20.0,3.0,100.0,30.331501
1764.0,3.0,20.0,3.0,100.0,6.6188765
1765.0,5.0,20.0,3.0,100.0,56.568542
1766.0,10.0,20.0,3.0,100.0,7.916228
1767.0,20.0,20.0,3.0,100.0,2.488067
1768.0,40.0,20.0,3.0,100.0,4.044786
1769.0,49.0,20.0,3.0,100.0,3.2118204
1770.0,0.0,20.0,3.0,100.0,0.0
1771.0,0.5,20.0,3.0,100.0,43.661575
1772.0,1.0,20.0,3.0,100.0,14.953632
1773.0,2.0,20.0,3.0,100.0,47.60602
1774.0,3.0,20.0,3.0,100.0,6.8237896
1775.0,5.0,20.0,3.0,100.0,4.553243
1776.0,10.0,20.0,3.0,100.0,5.0084896
1777.0,20.0,20.0,3.0,100.0,3.7061157
1778.0,40.0,20.0,3.0,100.0,2.123648
1779.0,49.0,20.0,3.0,100.0,2.5351331
1780.0,0.0,20.0,3.0,100.0,0.0
1781.0,0.5,20.0,3.0,100.0,17.114462
1782.0,1.0,20.0,3.0,100.0,22.315914
1783.0,2.0,20.0,3.0,100.0,29.086079
1784.0,3.0,20.0,3.0,100.0,18.304827
1785.0,5.0,20.0,3.0,100.0,12.023786
1786.0,10.0,20.0,3.0,100.0,12.165525
1787.0,20.0,20.0,3.0,100.0,4.820591
1788.0,40.0,20.0,3.0,100.0,3.445482
1789.0,49.0,20.0,3.0,100.0,3.5625408
1790.0,0.0,20.0,3.0,100.0,0.0
1791.0,0.5,20.0,3.0,100.0,22.61268
1792.0,1.0,20.0,3.0,100.0,7.767453
1793.0,2.0,20.0,3.0,100.0,44.43347
1794.0,3.0,20.0,3.0,100.0,10.700043
1795.0,5.0,20.0,3.0,100.0,7.145275
1796.0,10.0,20.0,3.0,100.0,11.122692
1797.0,20.0,20.0,3.0,100.0,2.7657049
1798.0,40.0,20.0,3.0,100.0,3.2543013
1799.0,49.0,20.0,3.0,100.0,3.4981635
1800.0,0.0,20.0,3.0,100.0,33.06055
1801.0,0.5,20.0,3.0,100.0,46.801
1802.0,1.0,20.0,3.0,100.0,47.60602
1803.0,2.0,20.0,3.0,100.0,16.862186
1804.0,3.0,20.0,3.0,100.0,6.1264453
1805.0,5.0,20.0,3.0,100.0,16.065836
1806.0,10.0,20.0,3.0,100.0,8.252945
1807.0,20.0,20.0,3.0,100.0,3.2078774
1808.0,40.0,20.0,3.0,100.0,2.6217394
1809.0,49.0,20.0,3.0,100.0,2.467889
1810.0,0.0,20.0,3.0,100.0,0.0
1811.0,0.5,20.0,3.0,100.0,44.43347
1812.0,1.0,20.0,3.0,100.0,35.92121
1813.0,2.0,20.0,3.0,100.0,6.0918226
1814.0,3.0,20.0,3.0,100.0,19.731531
1815.0,5.0,20.0,3.0,100.0,7.075352
1816.0,10.0,20.0,3.0,100.0,8.547754
1817.0,20.0,20.0,3.0,100.0,4.80251
1818.0,40.0,20.0,3.0,100.0,1.9910867
1819.0,49.0,20.0,3.0,100.0,3.1595027
1820.0,0.0,20.0,3.0,100.0,0.0
1821.0,0.5,20.0,3.0,100.0,0.0
1822.0,1.0,20.0,3.0,100.0,0.0
1823.0,2.0,20.0,3.0,100.0,21.115557
1824.0,3.0,20.0,3.0,100.0,37.872593
1825.0,5.0,20.0,3.0,100.0,3.6794038
1826.0,10.0,20.0,3.0,100.0,6.3882337
1827.0,20.0,20.0,3.0,100.0,7.57611
1828.0,40.0,20.0,3.0,100.0,1.95789
1829.0,49.0,20.0,3.0,100.0,3.03158
1830.0,0.0,20.0,3.0,100.0,0.0
1831.0,0.5,20.0,3.0,100.0,19.277216
1832.0,1.0,20.0,3.0,100.0,40.611984
1833.0,2.0,20.0,3.0,100.0,32.934277
1834.0,3.0,20.0,3.0,100.0,38.79003
1835.0,5.0,20.0,3.0,100.0,12.983506
1836.0,10.0,20.0,3.0,100.0,4.1476035
1837.0,20.0,20.0,3.0,100.0,3.8710845
1838.0,40.0,20.0,3.0,100.0,2.5514467
1839.0,49.0,20.0,3.0,100.0,2.2393067
1840.0,0.0,20.0,3.0,100.0,0.0
1841.0,0.5,20.0,3.0,100.0,0.0
1842.0,1.0,20.0,3.0,100.0,50.895317
1843.0,2.0,20.0,3.0,100.0,0.0
1844.0,3.0,20.0,3.0,100.0,35.27511
1845.0,5.0,20.0,3.0,100.0,11.813363
1846.0,10.0,20.0,3.0,100.0,8.407789
1847.0,20.0,20.0,3.0,100.0,6.29
1848.0,40.0,20.0,3.0,100.0,2.2242682
1849.0,49.0,20.0,3.0,100.0,2.930951
1850.0,0.0,20.0,3.0,100.0,0.0
1851.0,0.5,20.0,3.0,100.0,15.430849
1852.0,1.0,20.0,3.0,100.0,39.95414
1853.0,2.0,20.0,3.0,100.0,20.037464
1854.0,3.0,20.0,3.0,100.0,8.769328
1855.0,5.0,20.0,3.0,100.0,9.295022
1856.0,10.0,20.0,3.0,100.0,5.157519
1857.0,20.0,20.0,3.0,100.0,3.1953914
1858.0,40.0,20.0,3.0,100.0,2.3001037
1859.0,49.0,20.0,3.0,100.0,1.8682816
1860.0,0.0,20.0,3.0,100.0,0.0
1861.0,0.5,20.0,3.0,100.0,0.0
1862.0,1.0,20.0,3.0,100.0,20.840666
1863.0,2.0,20.0,3.0,100.0,51.733288
1864.0,3.0,20.0,3.0,100.0,30.474033
1865.0,5.0,20.0,3.0,100.0,2.4000487
1866.0,10.0,20.0,3.0,100.0,10.832053
1867.0,20.0,20.0,3.0,100.0,2.9409392
1868.0,40.0,20.0,3.0,100.0,2.123648
1869.0,49.0,20.0,3.0,100.0,2.1869175
1870.0,0.0,20.0,3.0,100.0,0.0
1871.0,0.5,20.0,3.0,100.0,33.126022
1872.0,1.0,20.0,3.0,100.0,43.92418
1873.0,2.0,20.0,3.0,100.0,11.489125
1874.0,3.0,20.0,3.0,100.0,5.372771
1875.0,5.0,20.0,3.0,100.0,16.449057
1876.0,10.0,20.0,3.0,100.0,5.310367
1877.0,20.0,20.0,3.0,100.0,6.224729
1878.0,40.0,20.0,3.0,100.0,2.4778216
1879.0,49.0,20.0,3.0,100.0,3.6380343
1880.0,0.0,20.0,3.0,100.0,0.0
1881.0,0.5,20.0,3.0,100.0,0.0
1882.0,1.0,20.0,3.0,100.0,51.733288
1883.0,2.0,20.0,3.0,100.0,14.522014
1884.0,3.0,20.0,3.0,100.0,8.271895
1885.0,5.0,20.0,3.0,100.0,10.387055
1886.0,10.0,20.0,3.0,100.0,6.8666964
1887.0,20.0,20.0,3.0,100.0,4.6888475
1888.0,40.0,20.0,3.0,100.0,2.8443763
1889.0,49.0,20.0,3.0,100.0,2.5476413
1890.0,0.0,20.0,3.0,100.0,0.0
1891.0,0.5,20.0,3.0,100.0,30.270998
1892.0,1.0,20.0,3.0,100.0,0.0
1893.0,2.0,20.0,3.0,100.0,24.038857
1894.0,3.0,20.0,3.0,100.0,19.811613
1895.0,5.0,20.0,3.0,100.0,7.5144305
1896.0,10.0,20.0,3.0,100.0,2.9029124
1897.0,20.0,20.0,3.0,100.0,1.9910868
1898.0,40.0,20.0,3.0,100.0,2.883711
1899.0,49.0,20.0,3.0,100.0,4.4704914
1900.0,0.0,20.0,3.0,100.0,0.0
1901.0,0.5,20.0,3.0,100.0,0.0
1902.0,1.0,20.0,3.0,100.0,0.0
1903.0,2.0,20.0,3.0,100.0,37.872593
1904.0,3.0,20.0,3.0,100.0,23.466288
1905.0,5.0,20.0,3.0,100.0,10.810231
1906.0,10.0,20.0,3.0,100.0,5.2023168
1907.0,20.0,20.0,3.0,100.0,3.8483145
1908.0,40.0,20.0,3.0,100.0,4.3369946
1909.0,49.0,20.0,3.0,100.0,4.187841
1910.0,0.0,20.0,3.0,100.0,0.0
1911.0,0.5,20.0,3.0,100.0,0.0
1912.0,1.0,20.0,3.0,100.0,0.0
1913.0,2.0,20.0,3.0,100.0,8.156213
1914.0,3.0,20.0,3.0,100.0,10.614455
1915.0,5.0,20.0,3.0,100.0,12.386629
1916.0,10.0,20.0,3.0,100.0,5.201437
1917.0,20.0,20.0,3.0,100.0,3.5590262
1918.0,40.0,20.0,3.0,100.0,2.8643808
1919.0,49.0,20.0,3.0,100.0,2.7911425
1920.0,0.0,20.0,3.0,100.0,0.0
1921.0,0.5,20.0,3.0,100.0,0.0
1922.0,1.0,20.0,3.0,100.0,0.0
1923.0,2.0,20.0,3.0,100.0,8.5049
1924.0,3.0,20.0,3.0,100.0,23.607908
1925.0,5.0,20.0,3.0,100.0,15.422926
1926.0,10.0,20.0,3.0,100.0,2.6855392
1927.0,20.0,20.0,3.0,100.0,4.922935
1928.0,40.0,20.0,3.0,100.0,2.1095536
1929.0,49.0,20.0,3.0,100.0,2.9940653
1930.0,0.0,20.0,3.0,100.0,0.0
1931.0,0.5,20.0,3.0,100.0,0.0
1932.0,1.0,20.0,3.0,100.0,17.488884
1933.0,2.0,20.0,3.0,100.0,4.8203
1934.0,3.0,20.0,3.0,100.0,27.285528
1935.0,5.0,20.0,3.0,100.0,15.325179
1936.0,10.0,20.0,3.0,100.0,17.262676
1937.0,20.0,20.0,3.0,100.0,2.84492
1938.0,40.0,20.0,3.0,100.0,2.4270303
1939.0,49.0,20.0,3.0,100.0,2.964874
1940.0,0.0,20.0,3.0,100.0,0.0
1941.0,0.5,20.0,3.0,100.0,8.027426
1942.0,1.0,20.0,3.0,100.0,33.020195
1943.0,2.0,20.0,3.0,100.0,7.071068
1944.0,3.0,20.0,3.0,100.0,0.0
1945.0,5.0,20.0,3.0,100.0,14.727687
1946.0,10.0,20.0,3.0,100.0,2.467889
1947.0,20.0,20.0,3.0,100.0,3.0158312
1948.0,40.0,20.0,3.0,100.0,2.8793187
1949.0,49.0,20.0,3.0,100.0,1.8257419
1950.0,0.0,20.0,3.0,100.0,0.0
1951.0,0.5,20.0,3.0,100.0,0.0
1952.0,1.0,20.0,3.0,100.0,13.889015
1953.0,2.0,20.0,3.0,100.0,24.124676
1954.0,3.0,20.0,3.0,100.0,21.501938
1955.0,5.0,20.0,3.0,100.0,8.43274
1956.0,10.0,20.0,3.0,100.0,8.138229
1957.0,20.0,20.0,3.0,100.0,2.5351334
1958.0,40.0,20.0,3.0,100.0,2.8619008
1959.0,49.0,20.0,3.0,100.0,2.7047715
1960.0,0.0,20.0,3.0,100.0,0.0
1961.0,0.5,20.0,3.0,100.0,0.0
1962.0,1.0,20.0,3.0,100.0,38.552994
1963.0,2.0,20.0,3.0,100.0,37.139378
1964.0,3.0,20.0,3.0,100.0,17.308132
1965.0,5.0,20.0,3.0,100.0,9.481082
1966.0,10.0,20.0,3.0,100.0,7.923881
1967.0,20.0,20.0,3.0,100.0,2.6841533
1968.0,40.0,20.0,3.0,100.0,4.121322
1969.0,49.0,20.0,3.0,100.0,1.9910867
1970.0,0.0,20.0,3.0,100.0,0.0
1971.0,0.5,20.0,3.0,100.0,0.0
1972.0,1.0,20.0,3.0,100.0,23.094011
1973.0,2.0,20.0,3.0,100.0,9.449387
1974.0,3.0,20.0,3.0,100.0,17.01372
1975.0,5.0,20.0,3.0,100.0,12.079104
1976.0,10.0,20.0,3.0,100.0,3.969916
1977.0,20.0,20.0,3.0,100.0,4.1861453
1978.0,40.0,20.0,3.0,100.0,3.6031175
1979.0,49.0,20.0,3.0,100.0,1.6072751
1980.0,0.0,20.0,3.0,100.0,0.0
1981.0,0.5,20.0,3.0,100.0,43.890015
1982.0,1.0,20.0,3.0,100.0,13.751768
1983.0,2.0,20.0,3.0,100.0,53.740116
1984.0,3.0,20.0,3.0,100.0,5.436502
1985.0,5.0,20.0,3.0,100.0,18.748333
1986.0,10.0,20.0,3.0,100.0,12.175486
1987.0,20.0,20.0,3.0,100.0,4.805751
1988.0,40.0,20.0,3.0,100.0,3.0838096
1989.0,49.0,20.0,3.0,100.0,3.6551735
1990.0,0.0,20.0,3.0,100.0,0.0
1991.0,0.5,20.0,3.0,100.0,41.404507
1992.0,1.0,20.0,3.0,100.0,0.0
1993.0,2.0,20.0,3.0,100.0,12.82854
1994.0,3.0,20.0,3.0,100.0,5.260259
1995.0,5.0,20.0,3.0,100.0,6.3865385
1996.0,10.0,20.0,3.0,100.0,2.1481106
1997.0,20.0,20.0,3.0,100.0,3.2118201
1998.0,40.0,20.0,3.0,100.0,2.7207716
1999.0,49.0,20.0,3.0,100.0,2.9984121
2000.0,0.0,20.0,4.0,100.0,0.0
2001.0,0.5,20.0,4.0,100.0,0.0
2002.0,1.0,20.0,4.0,100.0,0.0
2003.0,2.0,20.0,4.0,100.0,35.35534
2004.0,3.0,20.0,4.0,100.0,4.4704914
2005.0,5.0,20.0,4.0,100.0,10.555973
2006.0,10.0,20.0,4.0,100.0,4.7005577
2007.0,20.0,20.0,4.0,100.0,11.237923
2008.0,40.0,20.0,4.0,100.0,2.7368731
2009.0,49.0,20.0,4.0,100.0,3.024276
2010.0,0.0,20.0,4.0,100.0,0.0
2011.0,0.5,20.0,4.0,100.0,0.0
2012.0,1.0,20.0,4.0,100.0,18.543642
2013.0,2.0,20.0,4.0,100.0,8.931841
2014.0,3.0,20.0,4.0,100.0,27.847204
2015.0,5.0,20.0,4.0,100.0,11.799919
2016.0,10.0,20.0,4.0,100.0,6.6778293
2017.0,20.0,20.0,4.0,100.0,2.8097575
2018.0,40.0,20.0,4.0,100.0,2.978845
2019.0,49.0,20.0,4.0,100.0,1.6832508
2020.0,0.0,20.0,4.0,100.0,0.0
2021.0,0.5,20.0,4.0,100.0,0.0
2022.0,1.0,20.0,4.0,100.0,14.265873
2023.0,2.0,20.0,4.0,100.0,39.247078
2024.0,3.0,20.0,4.0,100.0,38.552994
2025.0,5.0,20.0,4.0,100.0,13.732131
2026.0,10.0,20.0,4.0,100.0,4.449719
2027.0,20.0,20.0,4.0,100.0,4.090879
2028.0,40.0,20.0,4.0,100.0,3.9699163
2029.0,49.0,20.0,4.0,100.0,3.1922526
2030.0,0.0,20.0,4.0,100.0,18.562635
2031.0,0.5,20.0,4.0,100.0,47.60602
2032.0,1.0,20.0,4.0,100.0,34.31229
2033.0,2.0,20.0,4.0,100.0,5.503246
2034.0,3.0,20.0,4.0,100.0,11.526367
2035.0,5.0,20.0,4.0,100.0,15.901483
2036.0,10.0,20.0,4.0,100.0,3.3735669
2037.0,20.0,20.0,4.0,100.0,8.740562
2038.0,40.0,20.0,4.0,100.0,3.5623696
2039.0,49.0,20.0,4.0,100.0,1.8734677
2040.0,0.0,20.0,4.0,100.0,0.0
2041.0,0.5,20.0,4.0,100.0,0.0
2042.0,1.0,20.0,4.0,100.0,0.0
2043.0,2.0,20.0,4.0,100.0,8.337655
2044.0,3.0,20.0,4.0,100.0,21.494184
2045.0,5.0,20.0,4.0,100.0,14.746752
2046.0,10.0,20.0,4.0,100.0,7.5558524
2047.0,20.0,20.0,4.0,100.0,2.2280993
2048.0,40.0,20.0,4.0,100.0,3.2462306
2049.0,49.0,20.0,4.0,100.0,2.3278687
2050.0,0.0,20.0,4.0,100.0,0.0
2051.0,0.5,20.0,4.0,100.0,0.0
2052.0,1.0,20.0,4.0,100.0,7.9213166
2053.0,2.0,20.0,4.0,100.0,18.63688
2054.0,3.0,20.0,4.0,100.0,23.846733
2055.0,5.0,20.0,4.0,100.0,12.605743
2056.0,10.0,20.0,4.0,100.0,2.883711
2057.0,20.0,20.0,4.0,100.0,3.5565605
2058.0,40.0,20.0,4.0,100.0,2.4607592
2059.0,49.0,20.0,4.0,100.0,3.8329747
2060.0,0.0,20.0,4.0,100.0,0.0
2061.0,0.5,20.0,4.0,100.0,45.214306
2062.0,1.0,20.0,4.0,100.0,21.435951
2063.0,2.0,20.0,4.0,100.0,28.257742
2064.0,3.0,20.0,4.0,100.0,42.14657
2065.0,5.0,20.0,4.0,100.0,4.312772
2066.0,10.0,20.0,4.0,100.0,4.466809
2067.0,20.0,20.0,4.0,100.0,4.4075956
2068.0,40.0,20.0,4.0,100.0,8.5077
2069.0,49.0,20.0,4.0,100.0,2.2546248
2070.0,0.0,20.0,4.0,100.0,0.0
2071.0,0.5,20.0,4.0,100.0,0.0
2072.0,1.0,20.0,4.0,100.0,0.0
2073.0,2.0,20.0,4.0,100.0,0.0
2074.0,3.0,20.0,4.0,100.0,7.028331
2075.0,5.0,20.0,4.0,100.0,9.273619
2076.0,10.0,20.0,4.0,100.0,3.1987317
2077.0,20.0,20.0,4.0,100.0,2.4464862
2078.0,40.0,20.0,4.0,100.0,2.6058543
2079.0,49.0,20.0,4.0,100.0,3.1607716
2080.0,0.0,20.0,4.0,100.0,0.0
2081.0,0.5,20.0,4.0,100.0,42.899105
2082.0,1.0,20.0,4.0,100.0,0.0
2083.0,2.0,20.0,4.0,100.0,13.003496
2084.0,3.0,20.0,4.0,100.0,25.026653
2085.0,5.0,20.0,4.0,100.0,24.819347
2086.0,10.0,20.0,4.0,100.0,8.207475
2087.0,20.0,20.0,4.0,100.0,6.608076
2088.0,40.0,20.0,4.0,100.0,2.7911425
2089.0,49.0,20.0,4.0,100.0,2.63902
2090.0,0.0,20.0,4.0,100.0,0.0
2091.0,0.5,20.0,4.0,100.0,39.247078
2092.0,1.0,20.0,4.0,100.0,0.0
2093.0,2.0,20.0,4.0,100.0,0.0
2094.0,3.0,20.0,4.0,100.0,37.872593
2095.0,5.0,20.0,4.0,100.0,10.728043
2096.0,10.0,20.0,4.0,100.0,5.576161
2097.0,20.0,20.0,4.0,100.0,5.0729966
2098.0,40.0,20.0,4.0,100.0,2.725234
2099.0,49.0,20.0,4.0,100.0,2.2114422
2100.0,0.0,20.0,4.0,100.0,0.0
2101.0,0.5,20.0,4.0,100.0,29.263174
2102.0,1.0,20.0,4.0,100.0,46.47939
2103.0,2.0,20.0,4.0,100.0,25.69695
2104.0,3.0,20.0,4.0,100.0,30.210373
2105.0,5.0,20.0,4.0,100.0,6.820836
2106.0,10.0,20.0,4.0,100.0,8.825953
2107.0,20.0,20.0,4.0,100.0,3.4799848
2108.0,40.0,20.0,4.0,100.0,2.6677485
2109.0,49.0,20.0,4.0,100.0,2.036233
2110.0,0.0,20.0,4.0,100.0,0.0
2111.0,0.5,20.0,4.0,100.0,39.247078
2112.0,1.0,20.0,4.0,100.0,49.23752
2113.0,2.0,20.0,4.0,100.0,19.257652
2114.0,3.0,20.0,4.0,100.0,19.663841
2115.0,5.0,20.0,4.0,100.0,8.07701
2116.0,10.0,20.0,4.0,100.0,14.392458
2117.0,20.0,20.0,4.0,100.0,2.9735677
2118.0,40.0,20.0,4.0,100.0,3.445482
2119.0,49.0,20.0,4.0,100.0,3.8707182
2120.0,0.0,20.0,4.0,100.0,0.0
2121.0,0.5,20.0,4.0,100.0,19.087517
2122.0,1.0,20.0,4.0,100.0,9.355024
2123.0,2.0,20.0,4.0,100.0,20.51016
2124.0,3.0,20.0,4.0,100.0,19.714632
2125.0,5.0,20.0,4.0,100.0,12.66228
2126.0,10.0,20.0,4.0,100.0,7.2733145
2127.0,20.0,20.0,4.0,100.0,5.58845
2128.0,40.0,20.0,4.0,100.0,2.3473134
2129.0,49.0,20.0,4.0,100.0,2.643951
2130.0,0.0,20.0,4.0,100.0,0.0
2131.0,0.5,20.0,4.0,100.0,43.661575
2132.0,1.0,20.0,4.0,100.0,34.703506
2133.0,2.0,20.0,4.0,100.0,39.004272
2134.0,3.0,20.0,4.0,100.0,10.994948
2135.0,5.0,20.0,4.0,100.0,4.420182
2136.0,10.0,20.0,4.0,100.0,4.1515408
2137.0,20.0,20.0,4.0,100.0,3.0643883
2138.0,40.0,20.0,4.0,100.0,4.181542
2139.0,49.0,20.0,4.0,100.0,2.460759
2140.0,0.0,20.0,4.0,100.0,0.0
2141.0,0.5,20.0,4.0,100.0,38.552994
2142.0,1.0,20.0,4.0,100.0,38.552994
2143.0,2.0,20.0,4.0,100.0,28.746014
2144.0,3.0,20.0,4.0,100.0,13.697122
2145.0,5.0,20.0,4.0,100.0,5.122314
2146.0,10.0,20.0,4.0,100.0,2.9069257
2147.0,20.0,20.0,4.0,100.0,3.1289737
2148.0,40.0,20.0,4.0,100.0,3.1241374
2149.0,49.0,20.0,4.0,100.0,2.6815062
2150.0,0.0,20.0,4.0,100.0,0.0
2151.0,0.5,20.0,4.0,100.0,0.0
2152.0,1.0,20.0,4.0,100.0,40.673496
2153.0,2.0,20.0,4.0,100.0,11.376668
2154.0,3.0,20.0,4.0,100.0,21.09173
2155.0,5.0,20.0,4.0,100.0,28.959742
2156.0,10.0,20.0,4.0,100.0,4.7609525
2157.0,20.0,20.0,4.0,100.0,3.6035113
2158.0,40.0,20.0,4.0,100.0,3.0392687
2159.0,49.0,20.0,4.0,100.0,4.169047
2160.0,0.0,20.0,4.0,100.0,48.273525
2161.0,0.5,20.0,4.0,100.0,47.60602
2162.0,1.0,20.0,4.0,100.0,0.0
2163.0,2.0,20.0,4.0,100.0,9.451631
2164.0,3.0,20.0,4.0,100.0,11.313708
2165.0,5.0,20.0,4.0,100.0,10.503967
2166.0,10.0,20.0,4.0,100.0,4.7609525
2167.0,20.0,20.0,4.0,100.0,7.4896755
2168.0,40.0,20.0,4.0,100.0,1.7737658
2169.0,49.0,20.0,4.0,100.0,3.1599517
2170.0,0.0,20.0,4.0,100.0,0.0
2171.0,0.5,20.0,4.0,100.0,46.800995
2172.0,1.0,20.0,4.0,100.0,33.70954
2173.0,2.0,20.0,4.0,100.0,21.602468
2174.0,3.0,20.0,4.0,100.0,10.307397
2175.0,5.0,20.0,4.0,100.0,0.0
2176.0,10.0,20.0,4.0,100.0,6.7501187
2177.0,20.0,20.0,4.0,100.0,3.2971725
2178.0,40.0,20.0,4.0,100.0,4.9102235
2179.0,49.0,20.0,4.0,100.0,2.1657507
2180.0,0.0,20.0,4.0,100.0,0.0
2181.0,0.5,20.0,4.0,100.0,41.404507
2182.0,1.0,20.0,4.0,100.0,38.00877
2183.0,2.0,20.0,4.0,100.0,0.0
2184.0,3.0,20.0,4.0,100.0,14.949917
2185.0,5.0,20.0,4.0,100.0,34.67468
2186.0,10.0,20.0,4.0,100.0,4.98601
2187.0,20.0,20.0,4.0,100.0,2.847858
2188.0,40.0,20.0,4.0,100.0,1.6072751
2189.0,49.0,20.0,4.0,100.0,2.7911425
2190.0,0.0,20.0,4.0,100.0,0.0
2191.0,0.5,20.0,4.0,100.0,50.895317
2192.0,1.0,20.0,4.0,100.0,21.258053
2193.0,2.0,20.0,4.0,100.0,10.004545
2194.0,3.0,20.0,4.0,100.0,17.64464
2195.0,5.0,20.0,4.0,100.0,8.239594
2196.0,10.0,20.0,4.0,100.0,3.1430535
2197.0,20.0,20.0,4.0,100.0,3.0798204
2198.0,40.0,20.0,4.0,100.0,2.4047053
2199.0,49.0,20.0,4.0,100.0,3.112953
2200.0,0.0,20.0,4.0,100.0,0.0
2201.0,0.5,20.0,4.0,100.0,9.902732
2202.0,1.0,20.0,4.0,100.0,24.94661
2203.0,2.0,20.0,4.0,100.0,20.13289
2204.0,3.0,20.0,4.0,100.0,17.962925
2205.0,5.0,20.0,4.0,100.0,7.231246
2206.0,10.0,20.0,4.0,100.0,4.7851267
2207.0,20.0,20.0,4.0,100.0,3.5686543
2208.0,40.0,20.0,4.0,100.0,1.9364917
2209.0,49.0,20.0,4.0,100.0,2.6457512
2210.0,0.0,20.0,4.0,100.0,0.0
2211.0,0.5,20.0,4.0,100.0,0.0
2212.0,1.0,20.0,4.0,100.0,38.552994
2213.0,2.0,20.0,4.0,100.0,27.46513
2214.0,3.0,20.0,4.0,100.0,8.105367
2215.0,5.0,20.0,4.0,100.0,6.0237627
2216.0,10.0,20.0,4.0,100.0,5.921495
2217.0,20.0,20.0,4.0,100.0,3.991658
2218.0,40.0,20.0,4.0,100.0,2.4475448
2219.0,49.0,20.0,4.0,100.0,6.005339
2220.0,0.0,20.0,4.0,100.0,0.0
2221.0,0.5,20.0,4.0,100.0,22.501852
2222.0,1.0,20.0,4.0,100.0,16.801361
2223.0,2.0,20.0,4.0,100.0,34.35598
2224.0,3.0,20.0,4.0,100.0,4.7005577
2225.0,5.0,20.0,4.0,100.0,5.710542
2226.0,10.0,20.0,4.0,100.0,7.6527185
2227.0,20.0,20.0,4.0,100.0,2.896632
2228.0,40.0,20.0,4.0,100.0,2.8541627
2229.0,49.0,20.0,4.0,100.0,2.5785894
2230.0,0.0,20.0,4.0,100.0,0.0
2231.0,0.5,20.0,4.0,100.0,0.0
2232.0,1.0,20.0,4.0,100.0,29.263174
2233.0,2.0,20.0,4.0,100.0,46.801
2234.0,3.0,20.0,4.0,100.0,26.402021
2235.0,5.0,20.0,4.0,100.0,25.586454
2236.0,10.0,20.0,4.0,100.0,7.377279
2237.0,20.0,20.0,4.0,100.0,3.8128748
2238.0,40.0,20.0,4.0,100.0,3.4619787
2239.0,49.0,20.0,4.0,100.0,1.5144131
2240.0,0.0,20.0,4.0,100.0,0.0
2241.0,0.5,20.0,4.0,100.0,0.0
2242.0,1.0,20.0,4.0,100.0,5.721081
2243.0,2.0,20.0,4.0,100.0,39.38697
2244.0,3.0,20.0,4.0,100.0,16.090088
2245.0,5.0,20.0,4.0,100.0,19.76529
2246.0,10.0,20.0,4.0,100.0,6.7129803
2247.0,20.0,20.0,4.0,100.0,3.1000476
2248.0,40.0,20.0,4.0,100.0,3.0541878
2249.0,49.0,20.0,4.0,100.0,2.2782617
2250.0,0.0,20.0,4.0,100.0,0.0
2251.0,0.5,20.0,4.0,100.0,54.28014
2252.0,1.0,20.0,4.0,100.0,18.556221
2253.0,2.0,20.0,4.0,100.0,0.0
2254.0,3.0,20.0,4.0,100.0,25.429642
2255.0,5.0,20.0,4.0,100.0,15.984367
2256.0,10.0,20.0,4.0,100.0,7.364652
2257.0,20.0,20.0,4.0,100.0,5.6273146
2258.0,40.0,20.0,4.0,100.0,2.773171
2259.0,49.0,20.0,4.0,100.0,2.5351334
2260.0,0.0,20.0,4.0,100.0,28.140802
2261.0,0.5,20.0,4.0,100.0,0.0
2262.0,1.0,20.0,4.0,100.0,34.35598
2263.0,2.0,20.0,4.0,100.0,8.936504
2264.0,3.0,20.0,4.0,100.0,12.429438
2265.0,5.0,20.0,4.0,100.0,5.1378436
2266.0,10.0,20.0,4.0,100.0,10.964589
2267.0,20.0,20.0,4.0,100.0,5.556199
2268.0,40.0,20.0,4.0,100.0,3.5565605
2269.0,49.0,20.0,4.0,100.0,3.724426
2270.0,0.0,20.0,4.0,100.0,0.0
2271.0,0.5,20.0,4.0,100.0,47.60602
2272.0,1.0,20.0,4.0,100.0,41.198704
2273.0,2.0,20.0,4.0,100.0,14.017522
2274.0,3.0,20.0,4.0,100.0,16.529915
2275.0,5.0,20.0,4.0,100.0,12.094863
2276.0,10.0,20.0,4.0,100.0,6.342099
2277.0,20.0,20.0,4.0,100.0,5.7029653
2278.0,40.0,20.0,4.0,100.0,2.2484074
2279.0,49.0,20.0,4.0,100.0,3.1796691
2280.0,0.0,20.0,4.0,100.0,0.0
2281.0,0.5,20.0,4.0,100.0,45.214306
2282.0,1.0,20.0,4.0,100.0,44.769783
2283.0,2.0,20.0,4.0,100.0,16.324827
2284.0,3.0,20.0,4.0,100.0,18.929693
2285.0,5.0,20.0,4.0,100.0,30.088757
2286.0,10.0,20.0,4.0,100.0,8.637481
2287.0,20.0,20.0,4.0,100.0,5.840402
2288.0,40.0,20.0,4.0,100.0,2.2484074
2289.0,49.0,20.0,4.0,100.0,2.3857281
2290.0,0.0,20.0,4.0,100.0,0.0
2291.0,0.5,20.0,4.0,100.0,49.963318
2292.0,1.0,20.0,4.0,100.0,36.610565
2293.0,2.0,20.0,4.0,100.0,35.921207
2294.0,3.0,20.0,4.0,100.0,20.502031
2295.0,5.0,20.0,4.0,100.0,7.5126266
2296.0,10.0,20.0,4.0,100.0,6.3946
2297.0,20.0,20.0,4.0,100.0,3.345217
2298.0,40.0,20.0,4.0,100.0,3.8128746
2299.0,49.0,20.0,4.0,100.0,3.772969
2300.0,0.0,20.0,4.0,100.0,0.0
2301.0,0.5,20.0,4.0,100.0,0.0
2302.0,1.0,20.0,4.0,100.0,54.280136
2303.0,2.0,20.0,4.0,100.0,12.183578
2304.0,3.0,20.0,4.0,100.0,50.895317
2305.0,5.0,20.0,4.0,100.0,6.565905
2306.0,10.0,20.0,4.0,100.0,5.3136888
2307.0,20.0,20.0,4.0,100.0,2.8966322
2308.0,40.0,20.0,4.0,100.0,2.6561882
2309.0,49.0,20.0,4.0,100.0,2.0
2310.0,0.0,20.0,4.0,100.0,0.0
2311.0,0.5,20.0,4.0,100.0,26.485846
2312.0,1.0,20.0,4.0,100.0,0.0
2313.0,2.0,20.0,4.0,100.0,9.545215
2314.0,3.0,20.0,4.0,100.0,14.764823
2315.0,5.0,20.0,4.0,100.0,10.796825
2316.0,10.0,20.0,4.0,100.0,8.624439
2317.0,20.0,20.0,4.0,100.0,2.5953672
2318.0,40.0,20.0,4.0,100.0,4.919825
2319.0,49.0,20.0,4.0,100.0,3.314407
2320.0,0.0,20.0,4.0,100.0,0.0
2321.0,0.5,20.0,4.0,100.0,0.0
2322.0,1.0,20.0,4.0,100.0,12.727922
2323.0,2.0,20.0,4.0,100.0,32.129944
2324.0,3.0,20.0,4.0,100.0,14.868311
2325.0,5.0,20.0,4.0,100.0,11.010817
2326.0,10.0,20.0,4.0,100.0,3.5388997
2327.0,20.0,20.0,4.0,100.0,3.445797
2328.0,40.0,20.0,4.0,100.0,3.548306
2329.0,49.0,20.0,4.0,100.0,5.6399937
2330.0,0.0,20.0,4.0,100.0,23.844738
2331.0,0.5,20.0,4.0,100.0,36.66515
2332.0,1.0,20.0,4.0,100.0,0.0
2333.0,2.0,20.0,4.0,100.0,17.133926
2334.0,3.0,20.0,4.0,100.0,4.3715324
2335.0,5.0,20.0,4.0,100.0,14.637851
2336.0,10.0,20.0,4.0,100.0,13.180071
2337.0,20.0,20.0,4.0,100.0,2.0803998
2338.0,40.0,20.0,4.0,100.0,2.723779
2339.0,49.0,20.0,4.0,100.0,2.7237792
2340.0,0.0,20.0,4.0,100.0,0.0
2341.0,0.5,20.0,4.0,100.0,0.0
2342.0,1.0,20.0,4.0,100.0,8.962886
2343.0,2.0,20.0,4.0,100.0,28.536528
2344.0,3.0,20.0,4.0,100.0,3.6992176
2345.0,5.0,20.0,4.0,100.0,11.307569
2346.0,10.0,20.0,4.0,100.0,15.357951
2347.0,20.0,20.0,4.0,100.0,2.8946648
2348.0,40.0,20.0,4.0,100.0,2.655679
2349.0,49.0,20.0,4.0,100.0,4.680651
2350.0,0.0,20.0,4.0,100.0,0.0
2351.0,0.5,20.0,4.0,100.0,40.673496
2352.0,1.0,20.0,4.0,100.0,17.895996
2353.0,2.0,20.0,4.0,100.0,3.3638952
2354.0,3.0,20.0,4.0,100.0,23.018833
2355.0,5.0,20.0,4.0,100.0,13.856406
2356.0,10.0,20.0,4.0,100.0,4.4606543
2357.0,20.0,20.0,4.0,100.0,2.0
2358.0,40.0,20.0,4.0,100.0,2.684153
2359.0,49.0,20.0,4.0,100.0,2.8966317
2360.0,0.0,20.0,4.0,100.0,0.0
2361.0,0.5,20.0,4.0,100.0,0.0
2362.0,1.0,20.0,4.0,100.0,37.20663
2363.0,2.0,20.0,4.0,100.0,35.65576
2364.0,3.0,20.0,4.0,100.0,49.237522
2365.0,5.0,20.0,4.0,100.0,34.127213
2366.0,10.0,20.0,4.0,100.0,3.966774
2367.0,20.0,20.0,4.0,100.0,2.6424336
2368.0,40.0,20.0,4.0,100.0,2.423534
2369.0,49.0,20.0,4.0,100.0,3.448257
2370.0,0.0,20.0,4.0,100.0,0.0
2371.0,0.5,20.0,4.0,100.0,24.419937
2372.0,1.0,20.0,4.0,100.0,17.073372
2373.0,2.0,20.0,4.0,100.0,28.431204
2374.0,3.0,20.0,4.0,100.0,11.41219
2375.0,5.0,20.0,4.0,100.0,7.8780775
2376.0,10.0,20.0,4.0,100.0,7.462634
2377.0,20.0,20.0,4.0,100.0,2.5476413
2378.0,40.0,20.0,4.0,100.0,2.1213202
2379.0,49.0,20.0,4.0,100.0,2.5155642
2380.0,0.0,20.0,4.0,100.0,0.0
2381.0,0.5,20.0,4.0,100.0,52.576927
2382.0,1.0,20.0,4.0,100.0,15.362291
2383.0,2.0,20.0,4.0,100.0,40.611984
2384.0,3.0,20.0,4.0,100.0,29.02298
2385.0,5.0,20.0,4.0,100.0,9.189365
2386.0,10.0,20.0,4.0,100.0,10.811913
2387.0,20.0,20.0,4.0,100.0,2.6424336
2388.0,40.0,20.0,4.0,100.0,2.1984844
2389.0,49.0,20.0,4.0,100.0,4.305579
2390.0,0.0,20.0,4.0,100.0,0.0
2391.0,0.5,20.0,4.0,100.0,0.0
2392.0,1.0,20.0,4.0,100.0,38.214306
2393.0,2.0,20.0,4.0,100.0,22.905603
2394.0,3.0,20.0,4.0,100.0,46.543888
2395.0,5.0,20.0,4.0,100.0,13.038404
2396.0,10.0,20.0,4.0,100.0,10.419411
2397.0,20.0,20.0,4.0,100.0,3.177038
2398.0,40.0,20.0,4.0,100.0,2.5819888
2399.0,49.0,20.0,4.0,100.0,1.8490462
2400.0,0.0,20.0,4.0,100.0,0.0
2401.0,0.5,20.0,4.0,100.0,34.443188
2402.0,1.0,20.0,4.0,100.0,23.755701
2403.0,2.0,20.0,4.0,100.0,28.290163
2404.0,3.0,20.0,4.0,100.0,33.020195
2405.0,5.0,20.0,4.0,100.0,5.6918745
2406.0,10.0,20.0,4.0,100.0,11.25216
2407.0,20.0,20.0,4.0,100.0,3.2145503
2408.0,40.0,20.0,4.0,100.0,2.6633754
2409.0,49.0,20.0,4.0,100.0,1.944893
2410.0,0.0,20.0,4.0,100.0,0.0
2411.0,0.5,20.0,4.0,100.0,37.872593
2412.0,1.0,20.0,4.0,100.0,15.161354
2413.0,2.0,20.0,4.0,100.0,21.32068
2414.0,3.0,20.0,4.0,100.0,13.02135
2415.0,5.0,20.0,4.0,100.0,25.311394
2416.0,10.0,20.0,4.0,100.0,7.674467
2417.0,20.0,20.0,4.0,100.0,3.3565855
2418.0,40.0,20.0,4.0,100.0,2.0615528
2419.0,49.0,20.0,4.0,100.0,3.4130814
2420.0,0.0,20.0,4.0,100.0,0.0
2421.0,0.5,20.0,4.0,100.0,0.0
2422.0,1.0,20.0,4.0,100.0,3.8074574
2423.0,2.0,20.0,4.0,100.0,8.315739
2424.0,3.0,20.0,4.0,100.0,13.279056
2425.0,5.0,20.0,4.0,100.0,0.0
2426.0,10.0,20.0,4.0,100.0,7.1480937
2427.0,20.0,20.0,4.0,100.0,2.5785894
2428.0,40.0,20.0,4.0,100.0,2.5569537
2429.0,49.0,20.0,4.0,100.0,2.7897325
2430.0,0.0,20.0,4.0,100.0,0.0
2431.0,0.5,20.0,4.0,100.0,36.253735
2432.0,1.0,20.0,4.0,100.0,0.0
2433.0,2.0,20.0,4.0,100.0,11.161158
2434.0,3.0,20.0,4.0,100.0,25.858591
2435.0,5.0,20.0,4.0,100.0,12.003787
2436.0,10.0,20.0,4.0,100.0,9.765302
2437.0,20.0,20.0,4.0,100.0,3.1770372
2438.0,40.0,20.0,4.0,100.0,3.1277163
2439.0,49.0,20.0,4.0,100.0,3.3638952
2440.0,0.0,20.0,4.0,100.0,0.0
2441.0,0.5,20.0,4.0,100.0,0.0
2442.0,1.0,20.0,4.0,100.0,22.810818
2443.0,2.0,20.0,4.0,100.0,52.576927
2444.0,3.0,20.0,4.0,100.0,20.864643
2445.0,5.0,20.0,4.0,100.0,5.1316013
2446.0,10.0,20.0,4.0,100.0,10.709385
2447.0,20.0,20.0,4.0,100.0,2.6249719
2448.0,40.0,20.0,4.0,100.0,2.527939
2449.0,49.0,20.0,4.0,100.0,3.7802749
2450.0,0.0,20.0,4.0,100.0,0.0
2451.0,0.5,20.0,4.0,100.0,21.73323
2452.0,1.0,20.0,4.0,100.0,28.988503
2453.0,2.0,20.0,4.0,100.0,0.0
2454.0,3.0,20.0,4.0,100.0,15.895493
2455.0,5.0,20.0,4.0,100.0,27.832836
2456.0,10.0,20.0,4.0,100.0,4.2409077
2457.0,20.0,20.0,4.0,100.0,9.516518
2458.0,40.0,20.0,4.0,100.0,2.6249714
2459.0,49.0,20.0,4.0,100.0,3.0703259
2460.0,0.0,20.0,4.0,100.0,0.0
2461.0,0.5,20.0,4.0,100.0,50.895317
2462.0,1.0,20.0,4.0,100.0,0.0
2463.0,2.0,20.0,4.0,100.0,35.92121
2464.0,3.0,20.0,4.0,100.0,18.036999
2465.0,5.0,20.0,4.0,100.0,10.481465
2466.0,10.0,20.0,4.0,100.0,4.1690474
2467.0,20.0,20.0,4.0,100.0,3.679404
2468.0,40.0,20.0,4.0,100.0,2.9479613
2469.0,49.0,20.0,4.0,100.0,2.8697205
2470.0,0.0,20.0,4.0,100.0,0.0
2471.0,0.5,20.0,4.0,100.0,0.0
2472.0,1.0,20.0,4.0,100.0,41.525093
2473.0,2.0,20.0,4.0,100.0,21.432064
2474.0,3.0,20.0,4.0,100.0,8.4890585
2475.0,5.0,20.0,4.0,100.0,4.2426405
2476.0,10.0,20.0,4.0,100.0,5.5118923
2477.0,20.0,20.0,4.0,100.0,3.330701
2478.0,40.0,20.0,4.0,100.0,3.6185036
2479.0,49.0,20.0,4.0,100.0,3.2632995
2480.0,0.0,20.0,4.0,100.0,42.335957
2481.0,0.5,20.0,4.0,100.0,0.0
2482.0,1.0,20.0,4.0,100.0,0.0
2483.0,2.0,20.0,4.0,100.0,41.404507
2484.0,3.0,20.0,4.0,100.0,26.57066
2485.0,5.0,20.0,4.0,100.0,6.0553017
2486.0,10.0,20.0,4.0,100.0,4.51432
2487.0,20.0,20.0,4.0,100.0,2.955815
2488.0,40.0,20.0,4.0,100.0,3.6031175
2489.0,49.0,20.0,4.0,100.0,2.020726
2490.0,0.0,20.0,4.0,100.0,0.0
2491.0,0.5,20.0,4.0,100.0,0.0
2492.0,1.0,20.0,4.0,100.0,28.041634
2493.0,2.0,20.0,4.0,100.0,7.587101
2494.0,3.0,20.0,4.0,100.0,7.4684525
2495.0,5.0,20.0,4.0,100.0,10.773306
2496.0,10.0,20.0,4.0,100.0,6.298148
2497.0,20.0,20.0,4.0,100.0,4.6352234
2498.0,40.0,20.0,4.0,100.0,4.805255
2499.0,49.0,20.0,4.0,100.0,2.9648736
2500.0,0.0,20.0,5.0,100.0,0.0
2501.0,0.5,20.0,5.0,100.0,48.418316
2502.0,1.0,20.0,5.0,100.0,0.0
2503.0,2.0,20.0,5.0,100.0,7.853046
2504.0,3.0,20.0,5.0,100.0,11.718931
2505.0,5.0,20.0,5.0,100.0,16.763054
2506.0,10.0,20.0,5.0,100.0,18.812357
2507.0,20.0,20.0,5.0,100.0,2.020726
2508.0,40.0,20.0,5.0,100.0,2.2076044
2509.0,49.0,20.0,5.0,100.0,2.8381922
2510.0,0.0,20.0,5.0,100.0,0.0
2511.0,0.5,20.0,5.0,100.0,21.36196
2512.0,1.0,20.0,5.0,100.0,10.948918
2513.0,2.0,20.0,5.0,100.0,11.013215
2514.0,3.0,20.0,5.0,100.0,5.2326813
2515.0,5.0,20.0,5.0,100.0,12.055428
2516.0,10.0,20.0,5.0,100.0,3.2389004
2517.0,20.0,20.0,5.0,100.0,2.6058543
2518.0,40.0,20.0,5.0,100.0,2.6249716
2519.0,49.0,20.0,5.0,100.0,3.0150416
2520.0,0.0,20.0,5.0,100.0,0.0
2521.0,0.5,20.0,5.0,100.0,0.0
2522.0,1.0,20.0,5.0,100.0,34.947582
2523.0,2.0,20.0,5.0,100.0,14.570028
2524.0,3.0,20.0,5.0,100.0,11.841547
2525.0,5.0,20.0,5.0,100.0,6.6415586
2526.0,10.0,20.0,5.0,100.0,2.5476415
2527.0,20.0,20.0,5.0,100.0,3.7244258
2528.0,40.0,20.0,5.0,100.0,4.794298
2529.0,49.0,20.0,5.0,100.0,2.7731707
2530.0,0.0,20.0,5.0,100.0,0.0
2531.0,0.5,20.0,5.0,100.0,27.006172
2532.0,1.0,20.0,5.0,100.0,4.2426405
2533.0,2.0,20.0,5.0,100.0,46.801
2534.0,3.0,20.0,5.0,100.0,43.92418
2535.0,5.0,20.0,5.0,100.0,28.213472
2536.0,10.0,20.0,5.0,100.0,4.0803337
2537.0,20.0,20.0,5.0,100.0,2.8697202
2538.0,40.0,20.0,5.0,100.0,1.8257419
2539.0,49.0,20.0,5.0,100.0,1.7026492
2540.0,0.0,20.0,5.0,100.0,0.0
2541.0,0.5,20.0,5.0,100.0,0.0
2542.0,1.0,20.0,5.0,100.0,32.50128
2543.0,2.0,20.0,5.0,100.0,29.628813
2544.0,3.0,20.0,5.0,100.0,19.672316
2545.0,5.0,20.0,5.0,100.0,20.615528
2546.0,10.0,20.0,5.0,100.0,3.8274174
2547.0,20.0,20.0,5.0,100.0,2.4459062
2548.0,40.0,20.0,5.0,100.0,3.5876658
2549.0,49.0,20.0,5.0,100.0,3.9838862
2550.0,0.0,20.0,5.0,100.0,0.0
2551.0,0.5,20.0,5.0,100.0,50.063293
2552.0,1.0,20.0,5.0,100.0,16.57307
2553.0,2.0,20.0,5.0,100.0,0.0
2554.0,3.0,20.0,5.0,100.0,7.940714
2555.0,5.0,20.0,5.0,100.0,3.7802746
2556.0,10.0,20.0,5.0,100.0,4.4603515
2557.0,20.0,20.0,5.0,100.0,3.0521777
2558.0,40.0,20.0,5.0,100.0,3.03158
2559.0,49.0,20.0,5.0,100.0,2.6439507
2560.0,0.0,20.0,5.0,100.0,52.538876
2561.0,0.5,20.0,5.0,100.0,0.0
2562.0,1.0,20.0,5.0,100.0,42.899105
2563.0,2.0,20.0,5.0,100.0,52.576927
2564.0,3.0,20.0,5.0,100.0,23.484037
2565.0,5.0,20.0,5.0,100.0,9.15302
2566.0,10.0,20.0,5.0,100.0,5.259911
2567.0,20.0,20.0,5.0,100.0,2.9597692
2568.0,40.0,20.0,5.0,100.0,2.2173557
2569.0,49.0,20.0,5.0,100.0,4.6885457
2570.0,0.0,20.0,5.0,100.0,0.0
2571.0,0.5,20.0,5.0,100.0,19.510681
2572.0,1.0,20.0,5.0,100.0,42.899105
2573.0,2.0,20.0,5.0,100.0,23.958298
2574.0,3.0,20.0,5.0,100.0,20.825808
2575.0,5.0,20.0,5.0,100.0,7.3895917
2576.0,10.0,20.0,5.0,100.0,3.5334537
2577.0,20.0,20.0,5.0,100.0,3.6490808
2578.0,40.0,20.0,5.0,100.0,3.052178
2579.0,49.0,20.0,5.0,100.0,1.9956092
2580.0,0.0,20.0,5.0,100.0,0.0
2581.0,0.5,20.0,5.0,100.0,32.005207
2582.0,1.0,20.0,5.0,100.0,32.005207
2583.0,2.0,20.0,5.0,100.0,18.384777
2584.0,3.0,20.0,5.0,100.0,11.019464
2585.0,5.0,20.0,5.0,100.0,9.651055
2586.0,10.0,20.0,5.0,100.0,27.395254
2587.0,20.0,20.0,5.0,100.0,3.3749783
2588.0,40.0,20.0,5.0,100.0,2.8267431
2589.0,49.0,20.0,5.0,100.0,6.594339
2590.0,0.0,20.0,5.0,100.0,0.0
2591.0,0.5,20.0,5.0,100.0,42.899105
2592.0,1.0,20.0,5.0,100.0,0.0
2593.0,2.0,20.0,5.0,100.0,7.483315
2594.0,3.0,20.0,5.0,100.0,23.916521
2595.0,5.0,20.0,5.0,100.0,13.72953
2596.0,10.0,20.0,5.0,100.0,6.5113316
2597.0,20.0,20.0,5.0,100.0,2.844376
2598.0,40.0,20.0,5.0,100.0,2.4475448
2599.0,49.0,20.0,5.0,100.0,4.170189
2600.0,0.0,20.0,5.0,100.0,0.0
2601.0,0.5,20.0,5.0,100.0,37.872593
2602.0,1.0,20.0,5.0,100.0,0.0
2603.0,2.0,20.0,5.0,100.0,53.42596
2604.0,3.0,20.0,5.0,100.0,28.890598
2605.0,5.0,20.0,5.0,100.0,5.5884495
2606.0,10.0,20.0,5.0,100.0,5.543942
2607.0,20.0,20.0,5.0,100.0,3.8668308
2608.0,40.0,20.0,5.0,100.0,1.972429
2609.0,49.0,20.0,5.0,100.0,2.3278685
2610.0,0.0,20.0,5.0,100.0,0.0
2611.0,0.5,20.0,5.0,100.0,53.42596
2612.0,1.0,20.0,5.0,100.0,0.0
2613.0,2.0,20.0,5.0,100.0,14.677485
2614.0,3.0,20.0,5.0,100.0,13.750152
2615.0,5.0,20.0,5.0,100.0,7.569076
2616.0,10.0,20.0,5.0,100.0,8.709828
2617.0,20.0,20.0,5.0,100.0,2.8449197
2618.0,40.0,20.0,5.0,100.0,2.1887157
2619.0,49.0,20.0,5.0,100.0,3.6185036
2620.0,0.0,20.0,5.0,100.0,43.362812
2621.0,0.5,20.0,5.0,100.0,0.0
2622.0,1.0,20.0,5.0,100.0,36.555893
2623.0,2.0,20.0,5.0,100.0,8.069146
2624.0,3.0,20.0,5.0,100.0,5.140452
2625.0,5.0,20.0,5.0,100.0,16.480627
2626.0,10.0,20.0,5.0,100.0,10.821789
2627.0,20.0,20.0,5.0,100.0,3.2764757
2628.0,40.0,20.0,5.0,100.0,2.4270303
2629.0,49.0,20.0,5.0,100.0,2.9309516
2630.0,0.0,20.0,5.0,100.0,0.0
2631.0,0.5,20.0,5.0,100.0,16.951729
2632.0,1.0,20.0,5.0,100.0,38.21431
2633.0,2.0,20.0,5.0,100.0,0.0
2634.0,3.0,20.0,5.0,100.0,9.0185
2635.0,5.0,20.0,5.0,100.0,14.486775
2636.0,10.0,20.0,5.0,100.0,3.2659864
2637.0,20.0,20.0,5.0,100.0,3.9032419
2638.0,40.0,20.0,5.0,100.0,1.9681255
2639.0,49.0,20.0,5.0,100.0,3.6729383
2640.0,0.0,20.0,5.0,100.0,0.0
2641.0,0.5,20.0,5.0,100.0,48.08326
2642.0,1.0,20.0,5.0,100.0,34.703506
2643.0,2.0,20.0,5.0,100.0,35.65576
2644.0,3.0,20.0,5.0,100.0,6.79986
2645.0,5.0,20.0,5.0,100.0,5.9077153
2646.0,10.0,20.0,5.0,100.0,6.8724647
2647.0,20.0,20.0,5.0,100.0,4.025503
2648.0,40.0,20.0,5.0,100.0,3.7682886
2649.0,49.0,20.0,5.0,100.0,2.921988
2650.0,0.0,20.0,5.0,100.0,18.597342
2651.0,0.5,20.0,5.0,100.0,0.0
2652.0,1.0,20.0,5.0,100.0,23.459185
2653.0,2.0,20.0,5.0,100.0,33.506218
2654.0,3.0,20.0,5.0,100.0,5.1540375
2655.0,5.0,20.0,5.0,100.0,13.995039
2656.0,10.0,20.0,5.0,100.0,5.3354163
2657.0,20.0,20.0,5.0,100.0,2.1190746
2658.0,40.0,20.0,5.0,100.0,1.9976176
2659.0,49.0,20.0,5.0,100.0,2.0534177
2660.0,0.0,20.0,5.0,100.0,0.0
2661.0,0.5,20.0,5.0,100.0,0.0
2662.0,1.0,20.0,5.0,100.0,23.67136
2663.0,2.0,20.0,5.0,100.0,32.50128
2664.0,3.0,20.0,5.0,100.0,2.7070394
2665.0,5.0,20.0,5.0,100.0,10.557777
2666.0,10.0,20.0,5.0,100.0,5.851333
2667.0,20.0,20.0,5.0,100.0,2.9784803
2668.0,40.0,20.0,5.0,100.0,3.2696295
2669.0,49.0,20.0,5.0,100.0,6.2929163
2670.0,0.0,20.0,5.0,100.0,0.0
2671.0,0.5,20.0,5.0,100.0,50.846172
2672.0,1.0,20.0,5.0,100.0,35.921207
2673.0,2.0,20.0,5.0,100.0,52.576927
2674.0,3.0,20.0,5.0,100.0,10.120487
2675.0,5.0,20.0,5.0,100.0,10.481465
2676.0,10.0,20.0,5.0,100.0,11.284207
2677.0,20.0,20.0,5.0,100.0,2.1887157
2678.0,40.0,20.0,5.0,100.0,2.288483
2679.0,49.0,20.0,5.0,100.0,6.8417487
2680.0,0.0,20.0,5.0,100.0,0.0
2681.0,0.5,20.0,5.0,100.0,0.0
2682.0,1.0,20.0,5.0,100.0,14.787382
2683.0,2.0,20.0,5.0,100.0,19.00877
2684.0,3.0,20.0,5.0,100.0,20.0714
2685.0,5.0,20.0,5.0,100.0,14.471647
2686.0,10.0,20.0,5.0,100.0,6.1836963
2687.0,20.0,20.0,5.0,100.0,2.9784806
2688.0,40.0,20.0,5.0,100.0,2.9788451
2689.0,49.0,20.0,5.0,100.0,2.91717
2690.0,0.0,20.0,5.0,100.0,0.0
2691.0,0.5,20.0,5.0,100.0,52.576927
2692.0,1.0,20.0,5.0,100.0,4.6647873
2693.0,2.0,20.0,5.0,100.0,15.921683
2694.0,3.0,20.0,5.0,100.0,19.71463
2695.0,5.0,20.0,5.0,100.0,19.091883
2696.0,10.0,20.0,5.0,100.0,8.268078
2697.0,20.0,20.0,5.0,100.0,2.0137863
2698.0,40.0,20.0,5.0,100.0,2.605854
2699.0,49.0,20.0,5.0,100.0,3.1595025
2700.0,0.0,20.0,5.0,100.0,0.0
2701.0,0.5,20.0,5.0,100.0,0.0
2702.0,1.0,20.0,5.0,100.0,0.0
2703.0,2.0,20.0,5.0,100.0,11.562477
2704.0,3.0,20.0,5.0,100.0,9.396048
2705.0,5.0,20.0,5.0,100.0,27.358728
2706.0,10.0,20.0,5.0,100.0,7.381796
2707.0,20.0,20.0,5.0,100.0,3.7537282
2708.0,40.0,20.0,5.0,100.0,2.3665988
2709.0,49.0,20.0,5.0,100.0,1.95789
2710.0,0.0,20.0,5.0,100.0,0.0
2711.0,0.5,20.0,5.0,100.0,0.0
2712.0,1.0,20.0,5.0,100.0,39.95414
2713.0,2.0,20.0,5.0,100.0,49.11551
2714.0,3.0,20.0,5.0,100.0,51.733288
2715.0,5.0,20.0,5.0,100.0,7.2588506
2716.0,10.0,20.0,5.0,100.0,3.1288135
2717.0,20.0,20.0,5.0,100.0,4.2405725
2718.0,40.0,20.0,5.0,100.0,2.7911425
2719.0,49.0,20.0,5.0,100.0,3.8846467
2720.0,0.0,20.0,5.0,100.0,0.0
2721.0,0.5,20.0,5.0,100.0,0.0
2722.0,1.0,20.0,5.0,100.0,18.661903
2723.0,2.0,20.0,5.0,100.0,34.122326
2724.0,3.0,20.0,5.0,100.0,10.178954
2725.0,5.0,20.0,5.0,100.0,15.16261
2726.0,10.0,20.0,5.0,100.0,2.9970746
2727.0,20.0,20.0,5.0,100.0,3.9558969
2728.0,40.0,20.0,5.0,100.0,2.684153
2729.0,49.0,20.0,5.0,100.0,4.0530114
2730.0,0.0,20.0,5.0,100.0,0.0
2731.0,0.5,20.0,5.0,100.0,23.755701
2732.0,1.0,20.0,5.0,100.0,0.0
2733.0,2.0,20.0,5.0,100.0,33.82307
2734.0,3.0,20.0,5.0,100.0,28.248894
2735.0,5.0,20.0,5.0,100.0,24.635437
2736.0,10.0,20.0,5.0,100.0,3.4619784
2737.0,20.0,20.0,5.0,100.0,2.7733912
2738.0,40.0,20.0,5.0,100.0,2.6841533
2739.0,49.0,20.0,5.0,100.0,2.4832773
2740.0,0.0,20.0,5.0,100.0,0.0
2741.0,0.5,20.0,5.0,100.0,0.0
2742.0,1.0,20.0,5.0,100.0,28.360771
2743.0,2.0,20.0,5.0,100.0,12.274635
2744.0,3.0,20.0,5.0,100.0,13.416408
2745.0,5.0,20.0,5.0,100.0,5.8510942
2746.0,10.0,20.0,5.0,100.0,4.121322
2747.0,20.0,20.0,5.0,100.0,4.905779
2748.0,40.0,20.0,5.0,100.0,4.640907
2749.0,49.0,20.0,5.0,100.0,3.633824
2750.0,0.0,20.0,5.0,100.0,0.0
2751.0,0.5,20.0,5.0,100.0,0.0
2752.0,1.0,20.0,5.0,100.0,32.005207
2753.0,2.0,20.0,5.0,100.0,32.316147
2754.0,3.0,20.0,5.0,100.0,11.551128
2755.0,5.0,20.0,5.0,100.0,26.683329
2756.0,10.0,20.0,5.0,100.0,6.872465
2757.0,20.0,20.0,5.0,100.0,1.972429
2758.0,40.0,20.0,5.0,100.0,2.6627946
2759.0,49.0,20.0,5.0,100.0,3.0968497
2760.0,0.0,20.0,5.0,100.0,0.0
2761.0,0.5,20.0,5.0,100.0,20.502031
2762.0,1.0,20.0,5.0,100.0,39.247078
2763.0,2.0,20.0,5.0,100.0,0.0
2764.0,3.0,20.0,5.0,100.0,12.392394
2765.0,5.0,20.0,5.0,100.0,13.147666
2766.0,10.0,20.0,5.0,100.0,5.8513327
2767.0,20.0,20.0,5.0,100.0,2.467889
2768.0,40.0,20.0,5.0,100.0,2.9597695
2769.0,49.0,20.0,5.0,100.0,3.2187412
2770.0,0.0,20.0,5.0,100.0,0.0
2771.0,0.5,20.0,5.0,100.0,0.0
2772.0,1.0,20.0,5.0,100.0,43.661575
2773.0,2.0,20.0,5.0,100.0,6.4194083
2774.0,3.0,20.0,5.0,100.0,16.788885
2775.0,5.0,20.0,5.0,100.0,16.792856
2776.0,10.0,20.0,5.0,100.0,2.551447
2777.0,20.0,20.0,5.0,100.0,2.7550821
2778.0,40.0,20.0,5.0,100.0,3.7894979
2779.0,49.0,20.0,5.0,100.0,3.9862862
2780.0,0.0,20.0,5.0,100.0,0.0
2781.0,0.5,20.0,5.0,100.0,29.569128
2782.0,1.0,20.0,5.0,100.0,48.418316
2783.0,2.0,20.0,5.0,100.0,24.131584
2784.0,3.0,20.0,5.0,100.0,12.692955
2785.0,5.0,20.0,5.0,100.0,10.166666
2786.0,10.0,20.0,5.0,100.0,7.733661
2787.0,20.0,20.0,5.0,100.0,2.7720408
2788.0,40.0,20.0,5.0,100.0,2.9409394
2789.0,49.0,20.0,5.0,100.0,2.8059788
2790.0,0.0,20.0,5.0,100.0,0.0
2791.0,0.5,20.0,5.0,100.0,0.0
2792.0,1.0,20.0,5.0,100.0,45.214306
2793.0,2.0,20.0,5.0,100.0,0.0
2794.0,3.0,20.0,5.0,100.0,16.973242
2795.0,5.0,20.0,5.0,100.0,4.1364594
2796.0,10.0,20.0,5.0,100.0,2.5019474
2797.0,20.0,20.0,5.0,100.0,4.279695
2798.0,40.0,20.0,5.0,100.0,2.467889
2799.0,49.0,20.0,5.0,100.0,4.047339
2800.0,0.0,20.0,5.0,100.0,8.117724
2801.0,0.5,20.0,5.0,100.0,41.30779
2802.0,1.0,20.0,5.0,100.0,0.0
2803.0,2.0,20.0,5.0,100.0,49.23752
2804.0,3.0,20.0,5.0,100.0,12.073847
2805.0,5.0,20.0,5.0,100.0,22.759613
2806.0,10.0,20.0,5.0,100.0,3.3011267
2807.0,20.0,20.0,5.0,100.0,4.174554
2808.0,40.0,20.0,5.0,100.0,2.4047055
2809.0,49.0,20.0,5.0,100.0,2.32174
2810.0,0.0,20.0,5.0,100.0,0.0
2811.0,0.5,20.0,5.0,100.0,0.0
2812.0,1.0,20.0,5.0,100.0,35.071358
2813.0,2.0,20.0,5.0,100.0,10.142047
2814.0,3.0,20.0,5.0,100.0,22.105806
2815.0,5.0,20.0,5.0,100.0,8.478136
2816.0,10.0,20.0,5.0,100.0,5.972464
2817.0,20.0,20.0,5.0,100.0,6.31064
2818.0,40.0,20.0,5.0,100.0,3.7002294
2819.0,49.0,20.0,5.0,100.0,2.8619008
2820.0,0.0,20.0,5.0,100.0,0.0
2821.0,0.5,20.0,5.0,100.0,0.0
2822.0,1.0,20.0,5.0,100.0,2.5514467
2823.0,2.0,20.0,5.0,100.0,54.28014
2824.0,3.0,20.0,5.0,100.0,15.75648
2825.0,5.0,20.0,5.0,100.0,5.9385743
2826.0,10.0,20.0,5.0,100.0,3.9277096
2827.0,20.0,20.0,5.0,100.0,2.2562084
2828.0,40.0,20.0,5.0,100.0,2.8267431
2829.0,49.0,20.0,5.0,100.0,4.712184
2830.0,0.0,20.0,5.0,100.0,0.0
2831.0,0.5,20.0,5.0,100.0,31.506613
2832.0,1.0,20.0,5.0,100.0,36.555893
2833.0,2.0,20.0,5.0,100.0,17.473791
2834.0,3.0,20.0,5.0,100.0,12.942179
2835.0,5.0,20.0,5.0,100.0,19.284834
2836.0,10.0,20.0,5.0,100.0,3.706116
2837.0,20.0,20.0,5.0,100.0,2.445906
2838.0,40.0,20.0,5.0,100.0,1.7292994
2839.0,49.0,20.0,5.0,100.0,1.8484228
2840.0,0.0,20.0,5.0,100.0,0.0
2841.0,0.5,20.0,5.0,100.0,0.0
2842.0,1.0,20.0,5.0,100.0,39.623226
2843.0,2.0,20.0,5.0,100.0,28.988503
2844.0,3.0,20.0,5.0,100.0,5.280037
2845.0,5.0,20.0,5.0,100.0,31.564749
2846.0,10.0,20.0,5.0,100.0,4.4424424
2847.0,20.0,20.0,5.0,100.0,2.6213253
2848.0,40.0,20.0,5.0,100.0,4.158182
2849.0,49.0,20.0,5.0,100.0,3.1944764
2850.0,0.0,20.0,5.0,100.0,0.0
2851.0,0.5,20.0,5.0,100.0,40.673496
2852.0,1.0,20.0,5.0,100.0,54.280136
2853.0,2.0,20.0,5.0,100.0,17.004202
2854.0,3.0,20.0,5.0,100.0,20.40833
2855.0,5.0,20.0,5.0,100.0,4.4347115
2856.0,10.0,20.0,5.0,100.0,3.0703259
2857.0,20.0,20.0,5.0,100.0,2.345208
2858.0,40.0,20.0,5.0,100.0,1.7078252
2859.0,49.0,20.0,5.0,100.0,4.5773773
2860.0,0.0,20.0,5.0,100.0,0.0
2861.0,0.5,20.0,5.0,100.0,4.6404023
2862.0,1.0,20.0,5.0,100.0,0.0
2863.0,2.0,20.0,5.0,100.0,20.704268
2864.0,3.0,20.0,5.0,100.0,24.006945
2865.0,5.0,20.0,5.0,100.0,14.683702
2866.0,10.0,20.0,5.0,100.0,7.265527
2867.0,20.0,20.0,5.0,100.0,4.151879
2868.0,40.0,20.0,5.0,100.0,3.295496
2869.0,49.0,20.0,5.0,100.0,7.025689
2870.0,0.0,20.0,5.0,100.0,0.0
2871.0,0.5,20.0,5.0,100.0,32.50128
2872.0,1.0,20.0,5.0,100.0,42.14657
2873.0,2.0,20.0,5.0,100.0,0.0
2874.0,3.0,20.0,5.0,100.0,28.360771
2875.0,5.0,20.0,5.0,100.0,11.74734
2876.0,10.0,20.0,5.0,100.0,3.38037
2877.0,20.0,20.0,5.0,100.0,4.6754994
2878.0,40.0,20.0,5.0,100.0,2.896632
2879.0,49.0,20.0,5.0,100.0,2.8381925
2880.0,0.0,20.0,5.0,100.0,0.0
2881.0,0.5,20.0,5.0,100.0,32.50128
2882.0,1.0,20.0,5.0,100.0,25.13961
2883.0,2.0,20.0,5.0,100.0,18.511257
2884.0,3.0,20.0,5.0,100.0,46.66905
2885.0,5.0,20.0,5.0,100.0,5.7029653
2886.0,10.0,20.0,5.0,100.0,5.7064967
2887.0,20.0,20.0,5.0,100.0,4.5685167
2888.0,40.0,20.0,5.0,100.0,3.315189
2889.0,49.0,20.0,5.0,100.0,1.7934672
2890.0,0.0,20.0,5.0,100.0,0.0
2891.0,0.5,20.0,5.0,100.0,0.0
2892.0,1.0,20.0,5.0,100.0,36.665154
2893.0,2.0,20.0,5.0,100.0,22.196096
2894.0,3.0,20.0,5.0,100.0,9.64941
2895.0,5.0,20.0,5.0,100.0,36.855576
2896.0,10.0,20.0,5.0,100.0,6.213378
2897.0,20.0,20.0,5.0,100.0,3.887196
2898.0,40.0,20.0,5.0,100.0,4.885831
2899.0,49.0,20.0,5.0,100.0,2.2685335
2900.0,0.0,20.0,5.0,100.0,0.0
2901.0,0.5,20.0,5.0,100.0,0.0
2902.0,1.0,20.0,5.0,100.0,12.946471
2903.0,2.0,20.0,5.0,100.0,0.0
2904.0,3.0,20.0,5.0,100.0,29.501413
2905.0,5.0,20.0,5.0,100.0,27.300795
2906.0,10.0,20.0,5.0,100.0,5.82215
2907.0,20.0,20.0,5.0,100.0,4.2201333
2908.0,40.0,20.0,5.0,100.0,5.340769
2909.0,49.0,20.0,5.0,100.0,4.7942977
2910.0,0.0,20.0,5.0,100.0,0.0
2911.0,0.5,20.0,5.0,100.0,0.0
2912.0,1.0,20.0,5.0,100.0,0.0
2913.0,2.0,20.0,5.0,100.0,15.997025
2914.0,3.0,20.0,5.0,100.0,7.0755997
2915.0,5.0,20.0,5.0,100.0,11.609819
2916.0,10.0,20.0,5.0,100.0,7.8891125
2917.0,20.0,20.0,5.0,100.0,1.849046
2918.0,40.0,20.0,5.0,100.0,2.467889
2919.0,49.0,20.0,5.0,100.0,2.604344
2920.0,0.0,20.0,5.0,100.0,0.0
2921.0,0.5,20.0,5.0,100.0,0.0
2922.0,1.0,20.0,5.0,100.0,52.576927
2923.0,2.0,20.0,5.0,100.0,54.280136
2924.0,3.0,20.0,5.0,100.0,52.576927
2925.0,5.0,20.0,5.0,100.0,5.972158
2926.0,10.0,20.0,5.0,100.0,6.8708653
2927.0,20.0,20.0,5.0,100.0,2.805979
2928.0,40.0,20.0,5.0,100.0,3.5686543
2929.0,49.0,20.0,5.0,100.0,3.2802796
2930.0,0.0,20.0,5.0,100.0,0.0
2931.0,0.5,20.0,5.0,100.0,0.0
2932.0,1.0,20.0,5.0,100.0,10.263203
2933.0,2.0,20.0,5.0,100.0,8.806563
2934.0,3.0,20.0,5.0,100.0,43.878624
2935.0,5.0,20.0,5.0,100.0,5.857969
2936.0,10.0,20.0,5.0,100.0,4.099942
2937.0,20.0,20.0,5.0,100.0,2.6732461
2938.0,40.0,20.0,5.0,100.0,1.9790571
2939.0,49.0,20.0,5.0,100.0,2.1021352
2940.0,0.0,20.0,5.0,100.0,0.0
2941.0,0.5,20.0,5.0,100.0,42.14657
2942.0,1.0,20.0,5.0,100.0,23.0
2943.0,2.0,20.0,5.0,100.0,29.473152
2944.0,3.0,20.0,5.0,100.0,4.5773773
2945.0,5.0,20.0,5.0,100.0,5.287001
2946.0,10.0,20.0,5.0,100.0,2.8258264
2947.0,20.0,20.0,5.0,100.0,2.8643808
2948.0,40.0,20.0,5.0,100.0,2.467889
2949.0,49.0,20.0,5.0,100.0,2.166033
2950.0,0.0,20.0,5.0,100.0,0.0
2951.0,0.5,20.0,5.0,100.0,0.0
2952.0,1.0,20.0,5.0,100.0,42.14657
2953.0,2.0,20.0,5.0,100.0,8.574176
2954.0,3.0,20.0,5.0,100.0,8.112307
2955.0,5.0,20.0,5.0,100.0,14.636875
2956.0,10.0,20.0,5.0,100.0,6.060591
2957.0,20.0,20.0,5.0,100.0,5.301914
2958.0,40.0,20.0,5.0,100.0,2.2710998
2959.0,49.0,20.0,5.0,100.0,2.91717
2960.0,0.0,20.0,5.0,100.0,0.0
2961.0,0.5,20.0,5.0,100.0,0.0
2962.0,1.0,20.0,5.0,100.0,21.22891
2963.0,2.0,20.0,5.0,100.0,14.579829
2964.0,3.0,20.0,5.0,100.0,8.820971
2965.0,5.0,20.0,5.0,100.0,17.397318
2966.0,10.0,20.0,5.0,100.0,5.603341
2967.0,20.0,20.0,5.0,100.0,3.966774
2968.0,40.0,20.0,5.0,100.0,4.107475
2969.0,49.0,20.0,5.0,100.0,3.3601305
2970.0,0.0,20.0,5.0,100.0,0.0
2971.0,0.5,20.0,5.0,100.0,26.65208
2972.0,1.0,20.0,5.0,100.0,8.826367
2973.0,2.0,20.0,5.0,100.0,38.552994
2974.0,3.0,20.0,5.0,100.0,14.207784
2975.0,5.0,20.0,5.0,100.0,18.124569
2976.0,10.0,20.0,5.0,100.0,11.649647
2977.0,20.0,20.0,5.0,100.0,2.2568932
2978.0,40.0,20.0,5.0,100.0,3.313979
2979.0,49.0,20.0,5.0,100.0,5.301914
2980.0,0.0,20.0,5.0,100.0,0.0
2981.0,0.5,20.0,5.0,100.0,0.0
2982.0,1.0,20.0,5.0,100.0,35.907288
2983.0,2.0,20.0,5.0,100.0,22.610577
2984.0,3.0,20.0,5.0,100.0,8.11035
2985.0,5.0,20.0,5.0,100.0,10.143415
2986.0,10.0,20.0,5.0,100.0,4.3184633
2987.0,20.0,20.0,5.0,100.0,5.5552044
2988.0,40.0,20.0,5.0,100.0,2.2782617
2989.0,49.0,20.0,5.0,100.0,2.9784803
2990.0,0.0,20.0,5.0,100.0,0.0
2991.0,0.5,20.0,5.0,100.0,0.0
2992.0,1.0,20.0,5.0,100.0,5.1568794
2993.0,2.0,20.0,5.0,100.0,20.639767
2994.0,3.0,20.0,5.0,100.0,8.31331
2995.0,5.0,20.0,5.0,100.0,12.839671
2996.0,10.0,20.0,5.0,100.0,5.313953
2997.0,20.0,20.0,5.0,100.0,3.2759771
2998.0,40.0,20.0,5.0,100.0,2.166033
2999.0,49.0,20.0,5.0,100.0,3.9418287
3000.0,0.0,20.0,6.0,100.0,0.0
3001.0,0.5,20.0,6.0,100.0,28.00595
3002.0,1.0,20.0,6.0,100.0,31.085901
3003.0,2.0,20.0,6.0,100.0,11.886586
3004.0,3.0,20.0,6.0,100.0,0.0
3005.0,5.0,20.0,6.0,100.0,13.232192
3006.0,10.0,20.0,6.0,100.0,8.904544
3007.0,20.0,20.0,6.0,100.0,2.755082
3008.0,40.0,20.0,6.0,100.0,3.9667737
3009.0,49.0,20.0,6.0,100.0,3.2696295
3010.0,0.0,20.0,6.0,100.0,0.0
3011.0,0.5,20.0,6.0,100.0,0.0
3012.0,1.0,20.0,6.0,100.0,40.673496
3013.0,2.0,20.0,6.0,100.0,3.5496478
3014.0,3.0,20.0,6.0,100.0,14.750302
3015.0,5.0,20.0,6.0,100.0,12.444321
3016.0,10.0,20.0,6.0,100.0,2.5569537
3017.0,20.0,20.0,6.0,100.0,3.6892135
3018.0,40.0,20.0,6.0,100.0,2.1021352
3019.0,49.0,20.0,6.0,100.0,4.011679
3020.0,0.0,20.0,6.0,100.0,0.0
3021.0,0.5,20.0,6.0,100.0,28.589043
3022.0,1.0,20.0,6.0,100.0,35.071358
3023.0,2.0,20.0,6.0,100.0,23.235031
3024.0,3.0,20.0,6.0,100.0,6.862597
3025.0,5.0,20.0,6.0,100.0,20.892582
3026.0,10.0,20.0,6.0,100.0,12.893335
3027.0,20.0,20.0,6.0,100.0,2.9816902
3028.0,40.0,20.0,6.0,100.0,5.498663
3029.0,49.0,20.0,6.0,100.0,3.4130814
3030.0,0.0,20.0,6.0,100.0,48.273525
3031.0,0.5,20.0,6.0,100.0,0.0
3032.0,1.0,20.0,6.0,100.0,0.0
3033.0,2.0,20.0,6.0,100.0,20.704268
3034.0,3.0,20.0,6.0,100.0,11.741663
3035.0,5.0,20.0,6.0,100.0,3.2078772
3036.0,10.0,20.0,6.0,100.0,3.3307009
3037.0,20.0,20.0,6.0,100.0,3.8563385
3038.0,40.0,20.0,6.0,100.0,2.0412414
3039.0,49.0,20.0,6.0,100.0,4.987118
3040.0,0.0,20.0,6.0,100.0,0.0
3041.0,0.5,20.0,6.0,100.0,29.09181
3042.0,1.0,20.0,6.0,100.0,0.0
3043.0,2.0,20.0,6.0,100.0,17.986105
3044.0,3.0,20.0,6.0,100.0,54.28014
3045.0,5.0,20.0,6.0,100.0,18.5652
3046.0,10.0,20.0,6.0,100.0,6.0918226
3047.0,20.0,20.0,6.0,100.0,2.2782617
3048.0,40.0,20.0,6.0,100.0,3.1710148
3049.0,49.0,20.0,6.0,100.0,3.4130814
3050.0,0.0,20.0,6.0,100.0,0.0
3051.0,0.5,20.0,6.0,100.0,0.0
3052.0,1.0,20.0,6.0,100.0,31.533052
3053.0,2.0,20.0,6.0,100.0,28.879059
3054.0,3.0,20.0,6.0,100.0,9.776064
3055.0,5.0,20.0,6.0,100.0,10.498677
3056.0,10.0,20.0,6.0,100.0,7.7047157
3057.0,20.0,20.0,6.0,100.0,4.544131
3058.0,40.0,20.0,6.0,100.0,2.3082597
3059.0,49.0,20.0,6.0,100.0,5.57766
3060.0,0.0,20.0,6.0,100.0,0.0
3061.0,0.5,20.0,6.0,100.0,21.221058
3062.0,1.0,20.0,6.0,100.0,5.586115
3063.0,2.0,20.0,6.0,100.0,20.744476
3064.0,3.0,20.0,6.0,100.0,36.350147
3065.0,5.0,20.0,6.0,100.0,5.5677643
3066.0,10.0,20.0,6.0,100.0,3.6642735
3067.0,20.0,20.0,6.0,100.0,3.0339212
3068.0,40.0,20.0,6.0,100.0,4.121322
3069.0,49.0,20.0,6.0,100.0,2.7812395
3070.0,0.0,20.0,6.0,100.0,0.0
3071.0,0.5,20.0,6.0,100.0,0.0
3072.0,1.0,20.0,6.0,100.0,0.0
3073.0,2.0,20.0,6.0,100.0,22.627417
3074.0,3.0,20.0,6.0,100.0,8.365287
3075.0,5.0,20.0,6.0,100.0,21.126602
3076.0,10.0,20.0,6.0,100.0,6.715299
3077.0,20.0,20.0,6.0,100.0,3.363895
3078.0,40.0,20.0,6.0,100.0,3.1131496
3079.0,49.0,20.0,6.0,100.0,3.0092084
3080.0,0.0,20.0,6.0,100.0,15.3717575
3081.0,0.5,20.0,6.0,100.0,0.0
3082.0,1.0,20.0,6.0,100.0,35.303444
3083.0,2.0,20.0,6.0,100.0,24.704926
3084.0,3.0,20.0,6.0,100.0,24.617067
3085.0,5.0,20.0,6.0,100.0,7.4386377
3086.0,10.0,20.0,6.0,100.0,3.5243514
3087.0,20.0,20.0,6.0,100.0,2.8443763
3088.0,40.0,20.0,6.0,100.0,2.1449451
3089.0,49.0,20.0,6.0,100.0,1.5150526
3090.0,0.0,20.0,6.0,100.0,0.0
3091.0,0.5,20.0,6.0,100.0,37.872593
3092.0,1.0,20.0,6.0,100.0,7.247331
3093.0,2.0,20.0,6.0,100.0,31.706991
3094.0,3.0,20.0,6.0,100.0,12.061962
3095.0,5.0,20.0,6.0,100.0,17.384996
3096.0,10.0,20.0,6.0,100.0,11.085617
3097.0,20.0,20.0,6.0,100.0,2.2339373
3098.0,40.0,20.0,6.0,100.0,2.604344
3099.0,49.0,20.0,6.0,100.0,7.247331
3100.0,0.0,20.0,6.0,100.0,0.0
3101.0,0.5,20.0,6.0,100.0,0.0
3102.0,1.0,20.0,6.0,100.0,0.0
3103.0,2.0,20.0,6.0,100.0,54.280136
3104.0,3.0,20.0,6.0,100.0,51.675266
3105.0,5.0,20.0,6.0,100.0,11.795883
3106.0,10.0,20.0,6.0,100.0,3.709479
3107.0,20.0,20.0,6.0,100.0,2.6627948
3108.0,40.0,20.0,6.0,100.0,3.144913
3109.0,49.0,20.0,6.0,100.0,2.4607592
3110.0,0.0,20.0,6.0,100.0,0.0
3111.0,0.5,20.0,6.0,100.0,0.0
3112.0,1.0,20.0,6.0,100.0,28.988503
3113.0,2.0,20.0,6.0,100.0,13.7659
3114.0,3.0,20.0,6.0,100.0,9.439868
3115.0,5.0,20.0,6.0,100.0,9.333334
3116.0,10.0,20.0,6.0,100.0,3.9824984
3117.0,20.0,20.0,6.0,100.0,2.5865955
3118.0,40.0,20.0,6.0,100.0,2.600045
3119.0,49.0,20.0,6.0,100.0,2.9984121
3120.0,0.0,20.0,6.0,100.0,33.105892
3121.0,0.5,20.0,6.0,100.0,21.77701
3122.0,1.0,20.0,6.0,100.0,21.560547
3123.0,2.0,20.0,6.0,100.0,35.921207
3124.0,3.0,20.0,6.0,100.0,34.689095
3125.0,5.0,20.0,6.0,100.0,15.066519
3126.0,10.0,20.0,6.0,100.0,5.048296
3127.0,20.0,20.0,6.0,100.0,3.370504
3128.0,40.0,20.0,6.0,100.0,2.3001037
3129.0,49.0,20.0,6.0,100.0,2.0713465
3130.0,0.0,20.0,6.0,100.0,0.0
3131.0,0.5,20.0,6.0,100.0,0.0
3132.0,1.0,20.0,6.0,100.0,18.052832
3133.0,2.0,20.0,6.0,100.0,10.327955
3134.0,3.0,20.0,6.0,100.0,4.318463
3135.0,5.0,20.0,6.0,100.0,12.861904
3136.0,10.0,20.0,6.0,100.0,4.767679
3137.0,20.0,20.0,6.0,100.0,5.600026
3138.0,40.0,20.0,6.0,100.0,3.6185036
3139.0,49.0,20.0,6.0,100.0,2.4324198
3140.0,0.0,20.0,6.0,100.0,0.0
3141.0,0.5,20.0,6.0,100.0,0.0
3142.0,1.0,20.0,6.0,100.0,23.216373
3143.0,2.0,20.0,6.0,100.0,46.801
3144.0,3.0,20.0,6.0,100.0,7.674705
3145.0,5.0,20.0,6.0,100.0,4.9521523
3146.0,10.0,20.0,6.0,100.0,13.352367
3147.0,20.0,20.0,6.0,100.0,2.9029126
3148.0,40.0,20.0,6.0,100.0,3.052178
3149.0,49.0,20.0,6.0,100.0,2.2484076
3150.0,0.0,20.0,6.0,100.0,0.0
3151.0,0.5,20.0,6.0,100.0,51.733288
3152.0,1.0,20.0,6.0,100.0,17.075462
3153.0,2.0,20.0,6.0,100.0,34.947582
3154.0,3.0,20.0,6.0,100.0,17.734148
3155.0,5.0,20.0,6.0,100.0,9.276886
3156.0,10.0,20.0,6.0,100.0,7.7822943
3157.0,20.0,20.0,6.0,100.0,2.488067
3158.0,40.0,20.0,6.0,100.0,2.3278687
3159.0,49.0,20.0,6.0,100.0,3.2381005
3160.0,0.0,20.0,6.0,100.0,40.426888
3161.0,0.5,20.0,6.0,100.0,21.691011
3162.0,1.0,20.0,6.0,100.0,8.229871
3163.0,2.0,20.0,6.0,100.0,15.997024
3164.0,3.0,20.0,6.0,100.0,25.268557
3165.0,5.0,20.0,6.0,100.0,18.117342
3166.0,10.0,20.0,6.0,100.0,7.3187504
3167.0,20.0,20.0,6.0,100.0,2.8793187
3168.0,40.0,20.0,6.0,100.0,3.0703256
3169.0,49.0,20.0,6.0,100.0,3.7161167
3170.0,0.0,20.0,6.0,100.0,0.0
3171.0,0.5,20.0,6.0,100.0,48.418316
3172.0,1.0,20.0,6.0,100.0,27.92848
3173.0,2.0,20.0,6.0,100.0,10.142047
3174.0,3.0,20.0,6.0,100.0,24.402868
3175.0,5.0,20.0,6.0,100.0,23.797758
3176.0,10.0,20.0,6.0,100.0,9.765302
3177.0,20.0,20.0,6.0,100.0,3.3946736
3178.0,40.0,20.0,6.0,100.0,3.112953
3179.0,49.0,20.0,6.0,100.0,5.9841065
3180.0,0.0,20.0,6.0,100.0,0.0
3181.0,0.5,20.0,6.0,100.0,10.68228
3182.0,1.0,20.0,6.0,100.0,17.14643
3183.0,2.0,20.0,6.0,100.0,39.95414
3184.0,3.0,20.0,6.0,100.0,11.220403
3185.0,5.0,20.0,6.0,100.0,11.166509
3186.0,10.0,20.0,6.0,100.0,2.635786
3187.0,20.0,20.0,6.0,100.0,3.6335404
3188.0,40.0,20.0,6.0,100.0,2.6925824
3189.0,49.0,20.0,6.0,100.0,2.4607592
3190.0,0.0,20.0,6.0,100.0,0.0
3191.0,0.5,20.0,6.0,100.0,47.60602
3192.0,1.0,20.0,6.0,100.0,0.0
3193.0,2.0,20.0,6.0,100.0,5.962848
3194.0,3.0,20.0,6.0,100.0,14.909249
3195.0,5.0,20.0,6.0,100.0,5.2067547
3196.0,10.0,20.0,6.0,100.0,3.345217
3197.0,20.0,20.0,6.0,100.0,4.723959
3198.0,40.0,20.0,6.0,100.0,2.600045
3199.0,49.0,20.0,6.0,100.0,2.423534
3200.0,0.0,20.0,6.0,100.0,0.0
3201.0,0.5,20.0,6.0,100.0,34.42867
3202.0,1.0,20.0,6.0,100.0,42.899105
3203.0,2.0,20.0,6.0,100.0,28.366648
3204.0,3.0,20.0,6.0,100.0,40.611984
3205.0,5.0,20.0,6.0,100.0,4.0666957
3206.0,10.0,20.0,6.0,100.0,3.3307009
3207.0,20.0,20.0,6.0,100.0,4.151541
3208.0,40.0,20.0,6.0,100.0,3.2187412
3209.0,49.0,20.0,6.0,100.0,1.9148543
3210.0,0.0,20.0,6.0,100.0,0.0
3211.0,0.5,20.0,6.0,100.0,0.0
3212.0,1.0,20.0,6.0,100.0,20.361029
3213.0,2.0,20.0,6.0,100.0,28.112867
3214.0,3.0,20.0,6.0,100.0,25.9101
3215.0,5.0,20.0,6.0,100.0,6.860328
3216.0,10.0,20.0,6.0,100.0,8.29821
3217.0,20.0,20.0,6.0,100.0,2.5868318
3218.0,40.0,20.0,6.0,100.0,2.3055995
3219.0,49.0,20.0,6.0,100.0,4.616903
3220.0,0.0,20.0,6.0,100.0,0.0
3221.0,0.5,20.0,6.0,100.0,0.0
3222.0,1.0,20.0,6.0,100.0,29.569128
3223.0,2.0,20.0,6.0,100.0,0.0
3224.0,3.0,20.0,6.0,100.0,22.905603
3225.0,5.0,20.0,6.0,100.0,10.671968
3226.0,10.0,20.0,6.0,100.0,6.198944
3227.0,20.0,20.0,6.0,100.0,3.1129532
3228.0,40.0,20.0,6.0,100.0,3.2418947
3229.0,49.0,20.0,6.0,100.0,3.6031175
3230.0,0.0,20.0,6.0,100.0,0.0
3231.0,0.5,20.0,6.0,100.0,0.0
3232.0,1.0,20.0,6.0,100.0,37.434387
3233.0,2.0,20.0,6.0,100.0,57.982758
3234.0,3.0,20.0,6.0,100.0,11.968211
3235.0,5.0,20.0,6.0,100.0,9.921917
3236.0,10.0,20.0,6.0,100.0,6.872465
3237.0,20.0,20.0,6.0,100.0,3.1418698
3238.0,40.0,20.0,6.0,100.0,3.0968494
3239.0,49.0,20.0,6.0,100.0,3.0806618
3240.0,0.0,20.0,6.0,100.0,0.0
3241.0,0.5,20.0,6.0,100.0,41.404507
3242.0,1.0,20.0,6.0,100.0,12.747549
3243.0,2.0,20.0,6.0,100.0,20.694605
3244.0,3.0,20.0,6.0,100.0,7.2655272
3245.0,5.0,20.0,6.0,100.0,13.936363
3246.0,10.0,20.0,6.0,100.0,7.0067997
3247.0,20.0,20.0,6.0,100.0,2.4880667
3248.0,40.0,20.0,6.0,100.0,2.1887157
3249.0,49.0,20.0,6.0,100.0,4.1710234
3250.0,0.0,20.0,6.0,100.0,0.0
3251.0,0.5,20.0,6.0,100.0,0.0
3252.0,1.0,20.0,6.0,100.0,7.230886
3253.0,2.0,20.0,6.0,100.0,15.055453
3254.0,3.0,20.0,6.0,100.0,11.376668
3255.0,5.0,20.0,6.0,100.0,6.005339
3256.0,10.0,20.0,6.0,100.0,3.1622777
3257.0,20.0,20.0,6.0,100.0,3.0092084
3258.0,40.0,20.0,6.0,100.0,3.379197
3259.0,49.0,20.0,6.0,100.0,4.9198256
3260.0,0.0,20.0,6.0,100.0,0.0
3261.0,0.5,20.0,6.0,100.0,11.313708
3262.0,1.0,20.0,6.0,100.0,44.43347
3263.0,2.0,20.0,6.0,100.0,28.360771
3264.0,3.0,20.0,6.0,100.0,25.423088
3265.0,5.0,20.0,6.0,100.0,7.6853175
3266.0,10.0,20.0,6.0,100.0,13.317699
3267.0,20.0,20.0,6.0,100.0,2.5339797
3268.0,40.0,20.0,6.0,100.0,2.8267431
3269.0,49.0,20.0,6.0,100.0,4.4327335
3270.0,0.0,20.0,6.0,100.0,0.0
3271.0,0.5,20.0,6.0,100.0,11.916375
3272.0,1.0,20.0,6.0,100.0,28.290163
3273.0,2.0,20.0,6.0,100.0,2.4880667
3274.0,3.0,20.0,6.0,100.0,13.5769415
3275.0,5.0,20.0,6.0,100.0,20.639767
3276.0,10.0,20.0,6.0,100.0,7.364652
3277.0,20.0,20.0,6.0,100.0,2.3082597
3278.0,40.0,20.0,6.0,100.0,2.32174
3279.0,49.0,20.0,6.0,100.0,4.3572116
3280.0,0.0,20.0,6.0,100.0,0.0
3281.0,0.5,20.0,6.0,100.0,23.028969
3282.0,1.0,20.0,6.0,100.0,33.020195
3283.0,2.0,20.0,6.0,100.0,10.281745
3284.0,3.0,20.0,6.0,100.0,18.348478
3285.0,5.0,20.0,6.0,100.0,15.151614
3286.0,10.0,20.0,6.0,100.0,8.326664
3287.0,20.0,20.0,6.0,100.0,5.246314
3288.0,40.0,20.0,6.0,100.0,3.3967652
3289.0,49.0,20.0,6.0,100.0,2.5279393
3290.0,0.0,20.0,6.0,100.0,0.0
3291.0,0.5,20.0,6.0,100.0,41.01219
3292.0,1.0,20.0,6.0,100.0,28.041634
3293.0,2.0,20.0,6.0,100.0,27.724838
3294.0,3.0,20.0,6.0,100.0,9.662355
3295.0,5.0,20.0,6.0,100.0,2.718543
3296.0,10.0,20.0,6.0,100.0,8.190905
3297.0,20.0,20.0,6.0,100.0,2.4063408
3298.0,40.0,20.0,6.0,100.0,4.313965
3299.0,49.0,20.0,6.0,100.0,1.6828277
3300.0,0.0,20.0,6.0,100.0,0.0
3301.0,0.5,20.0,6.0,100.0,0.0
3302.0,1.0,20.0,6.0,100.0,41.404507
3303.0,2.0,20.0,6.0,100.0,45.214302
3304.0,3.0,20.0,6.0,100.0,26.381811
3305.0,5.0,20.0,6.0,100.0,16.931232
3306.0,10.0,20.0,6.0,100.0,10.094426
3307.0,20.0,20.0,6.0,100.0,2.9029124
3308.0,40.0,20.0,6.0,100.0,1.9377787
3309.0,49.0,20.0,6.0,100.0,4.8744473
3310.0,0.0,20.0,6.0,100.0,0.0
3311.0,0.5,20.0,6.0,100.0,5.588855
3312.0,1.0,20.0,6.0,100.0,16.921387
3313.0,2.0,20.0,6.0,100.0,6.7194877
3314.0,3.0,20.0,6.0,100.0,8.734467
3315.0,5.0,20.0,6.0,100.0,6.661903
3316.0,10.0,20.0,6.0,100.0,6.444636
3317.0,20.0,20.0,6.0,100.0,6.80336
3318.0,40.0,20.0,6.0,100.0,2.347314
3319.0,49.0,20.0,6.0,100.0,5.0110173
3320.0,0.0,20.0,6.0,100.0,0.0
3321.0,0.5,20.0,6.0,100.0,0.0
3322.0,1.0,20.0,6.0,100.0,33.56089
3323.0,2.0,20.0,6.0,100.0,32.690468
3324.0,3.0,20.0,6.0,100.0,8.11035
3325.0,5.0,20.0,6.0,100.0,7.234178
3326.0,10.0,20.0,6.0,100.0,4.6453147
3327.0,20.0,20.0,6.0,100.0,3.0155544
3328.0,40.0,20.0,6.0,100.0,2.8036215
3329.0,49.0,20.0,6.0,100.0,2.0803998
3330.0,0.0,20.0,6.0,100.0,0.0
3331.0,0.5,20.0,6.0,100.0,29.569128
3332.0,1.0,20.0,6.0,100.0,18.640457
3333.0,2.0,20.0,6.0,100.0,14.224392
3334.0,3.0,20.0,6.0,100.0,24.23496
3335.0,5.0,20.0,6.0,100.0,30.610456
3336.0,10.0,20.0,6.0,100.0,4.456489
3337.0,20.0,20.0,6.0,100.0,2.3278687
3338.0,40.0,20.0,6.0,100.0,3.4482572
3339.0,49.0,20.0,6.0,100.0,2.9409394
3340.0,0.0,20.0,6.0,100.0,0.0
3341.0,0.5,20.0,6.0,100.0,53.42596
3342.0,1.0,20.0,6.0,100.0,0.0
3343.0,2.0,20.0,6.0,100.0,8.595277
3344.0,3.0,20.0,6.0,100.0,49.237522
3345.0,5.0,20.0,6.0,100.0,15.687929
3346.0,10.0,20.0,6.0,100.0,2.443566
3347.0,20.0,20.0,6.0,100.0,4.7679486
3348.0,40.0,20.0,6.0,100.0,2.5155637
3349.0,49.0,20.0,6.0,100.0,3.1595025
3350.0,0.0,20.0,6.0,100.0,0.0
3351.0,0.5,20.0,6.0,100.0,0.0
3352.0,1.0,20.0,6.0,100.0,27.934446
3353.0,2.0,20.0,6.0,100.0,47.60602
3354.0,3.0,20.0,6.0,100.0,17.682383
3355.0,5.0,20.0,6.0,100.0,7.052005
3356.0,10.0,20.0,6.0,100.0,5.3050714
3357.0,20.0,20.0,6.0,100.0,2.3278685
3358.0,40.0,20.0,6.0,100.0,2.642434
3359.0,49.0,20.0,6.0,100.0,3.7244256
3360.0,0.0,20.0,6.0,100.0,0.0
3361.0,0.5,20.0,6.0,100.0,41.404507
3362.0,1.0,20.0,6.0,100.0,3.7393122
3363.0,2.0,20.0,6.0,100.0,30.463093
3364.0,3.0,20.0,6.0,100.0,2.8867514
3365.0,5.0,20.0,6.0,100.0,4.781244
3366.0,10.0,20.0,6.0,100.0,4.9356146
3367.0,20.0,20.0,6.0,100.0,4.003267
3368.0,40.0,20.0,6.0,100.0,2.8443763
3369.0,49.0,20.0,6.0,100.0,2.8036218
3370.0,0.0,20.0,6.0,100.0,0.0
3371.0,0.5,20.0,6.0,100.0,0.0
3372.0,1.0,20.0,6.0,100.0,4.2370253
3373.0,2.0,20.0,6.0,100.0,36.89625
3374.0,3.0,20.0,6.0,100.0,49.11551
3375.0,5.0,20.0,6.0,100.0,30.892286
3376.0,10.0,20.0,6.0,100.0,4.253654
3377.0,20.0,20.0,6.0,100.0,4.0803337
3378.0,40.0,20.0,6.0,100.0,3.8223414
3379.0,49.0,20.0,6.0,100.0,1.8257419
3380.0,0.0,20.0,6.0,100.0,0.0
3381.0,0.5,20.0,6.0,100.0,0.0
3382.0,1.0,20.0,6.0,100.0,14.294521
3383.0,2.0,20.0,6.0,100.0,48.418316
3384.0,3.0,20.0,6.0,100.0,21.079216
3385.0,5.0,20.0,6.0,100.0,6.1474266
3386.0,10.0,20.0,6.0,100.0,9.627611
3387.0,20.0,20.0,6.0,100.0,2.9015467
3388.0,40.0,20.0,6.0,100.0,2.4791622
3389.0,49.0,20.0,6.0,100.0,4.1061287
3390.0,0.0,20.0,6.0,100.0,0.0
3391.0,0.5,20.0,6.0,100.0,0.0
3392.0,1.0,20.0,6.0,100.0,20.89657
3393.0,2.0,20.0,6.0,100.0,16.896746
3394.0,3.0,20.0,6.0,100.0,56.568542
3395.0,5.0,20.0,6.0,100.0,7.2174034
3396.0,10.0,20.0,6.0,100.0,6.0619516
3397.0,20.0,20.0,6.0,100.0,4.187841
3398.0,40.0,20.0,6.0,100.0,3.4799848
3399.0,49.0,20.0,6.0,100.0,3.8871963
3400.0,0.0,20.0,6.0,100.0,0.0
3401.0,0.5,20.0,6.0,100.0,30.664854
3402.0,1.0,20.0,6.0,100.0,37.872593
3403.0,2.0,20.0,6.0,100.0,11.291187
3404.0,3.0,20.0,6.0,100.0,49.237522
3405.0,5.0,20.0,6.0,100.0,7.655737
3406.0,10.0,20.0,6.0,100.0,8.4497
3407.0,20.0,20.0,6.0,100.0,2.5397277
3408.0,40.0,20.0,6.0,100.0,2.081666
3409.0,49.0,20.0,6.0,100.0,3.38037
3410.0,0.0,20.0,6.0,100.0,0.0
3411.0,0.5,20.0,6.0,100.0,24.359003
3412.0,1.0,20.0,6.0,100.0,12.051173
3413.0,2.0,20.0,6.0,100.0,23.544285
3414.0,3.0,20.0,6.0,100.0,10.894536
3415.0,5.0,20.0,6.0,100.0,3.7396917
3416.0,10.0,20.0,6.0,100.0,4.121322
3417.0,20.0,20.0,6.0,100.0,4.0530114
3418.0,40.0,20.0,6.0,100.0,3.700065
3419.0,49.0,20.0,6.0,100.0,3.9036005
3420.0,0.0,20.0,6.0,100.0,0.0
3421.0,0.5,20.0,6.0,100.0,0.0
3422.0,1.0,20.0,6.0,100.0,38.08324
3423.0,2.0,20.0,6.0,100.0,35.57152
3424.0,3.0,20.0,6.0,100.0,20.51016
3425.0,5.0,20.0,6.0,100.0,18.953579
3426.0,10.0,20.0,6.0,100.0,9.603685
3427.0,20.0,20.0,6.0,100.0,2.525685
3428.0,40.0,20.0,6.0,100.0,3.9558976
3429.0,49.0,20.0,6.0,100.0,2.32174
3430.0,0.0,20.0,6.0,100.0,0.0
3431.0,0.5,20.0,6.0,100.0,47.60602
3432.0,1.0,20.0,6.0,100.0,0.0
3433.0,2.0,20.0,6.0,100.0,42.44212
3434.0,3.0,20.0,6.0,100.0,28.746014
3435.0,5.0,20.0,6.0,100.0,9.138736
3436.0,10.0,20.0,6.0,100.0,3.9611206
3437.0,20.0,20.0,6.0,100.0,2.2076044
3438.0,40.0,20.0,6.0,100.0,2.4880667
3439.0,49.0,20.0,6.0,100.0,4.4201827
3440.0,0.0,20.0,6.0,100.0,16.293892
3441.0,0.5,20.0,6.0,100.0,0.0
3442.0,1.0,20.0,6.0,100.0,0.0
3443.0,2.0,20.0,6.0,100.0,3.8933141
3444.0,3.0,20.0,6.0,100.0,13.258121
3445.0,5.0,20.0,6.0,100.0,8.919871
3446.0,10.0,20.0,6.0,100.0,2.423086
3447.0,20.0,20.0,6.0,100.0,2.2339373
3448.0,40.0,20.0,6.0,100.0,2.362908
3449.0,49.0,20.0,6.0,100.0,2.4063408
3450.0,0.0,20.0,6.0,100.0,0.0
3451.0,0.5,20.0,6.0,100.0,32.50128
3452.0,1.0,20.0,6.0,100.0,29.143324
3453.0,2.0,20.0,6.0,100.0,42.899105
3454.0,3.0,20.0,6.0,100.0,13.472194
3455.0,5.0,20.0,6.0,100.0,2.6140645
3456.0,10.0,20.0,6.0,100.0,3.1765509
3457.0,20.0,20.0,6.0,100.0,2.6815062
3458.0,40.0,20.0,6.0,100.0,2.5080822
3459.0,49.0,20.0,6.0,100.0,4.1612244
3460.0,0.0,20.0,6.0,100.0,0.0
3461.0,0.5,20.0,6.0,100.0,22.043247
3462.0,1.0,20.0,6.0,100.0,0.0
3463.0,2.0,20.0,6.0,100.0,35.161533
3464.0,3.0,20.0,6.0,100.0,32.710854
3465.0,5.0,20.0,6.0,100.0,13.56466
3466.0,10.0,20.0,6.0,100.0,3.3000722
3467.0,20.0,20.0,6.0,100.0,2.081666
3468.0,40.0,20.0,6.0,100.0,3.2118204
3469.0,49.0,20.0,6.0,100.0,3.284886
3470.0,0.0,20.0,6.0,100.0,0.0
3471.0,0.5,20.0,6.0,100.0,45.254833
3472.0,1.0,20.0,6.0,100.0,9.332251
3473.0,2.0,20.0,6.0,100.0,29.359837
3474.0,3.0,20.0,6.0,100.0,19.442223
3475.0,5.0,20.0,6.0,100.0,2.3082597
3476.0,10.0,20.0,6.0,100.0,5.7776256
3477.0,20.0,20.0,6.0,100.0,3.6338243
3478.0,40.0,20.0,6.0,100.0,2.896632
3479.0,49.0,20.0,6.0,100.0,2.5476413
3480.0,0.0,20.0,6.0,100.0,0.0
3481.0,0.5,20.0,6.0,100.0,21.071308
3482.0,1.0,20.0,6.0,100.0,0.0
3483.0,2.0,20.0,6.0,100.0,39.247078
3484.0,3.0,20.0,6.0,100.0,7.5237
3485.0,5.0,20.0,6.0,100.0,5.531727
3486.0,10.0,20.0,6.0,100.0,8.260898
3487.0,20.0,20.0,6.0,100.0,2.7368734
3488.0,40.0,20.0,6.0,100.0,2.6898503
3489.0,49.0,20.0,6.0,100.0,3.0985143
3490.0,0.0,20.0,6.0,100.0,0.0
3491.0,0.5,20.0,6.0,100.0,0.0
3492.0,1.0,20.0,6.0,100.0,55.154327
3493.0,2.0,20.0,6.0,100.0,28.360771
3494.0,3.0,20.0,6.0,100.0,36.226143
3495.0,5.0,20.0,6.0,100.0,34.756294
3496.0,10.0,20.0,6.0,100.0,3.2848864
3497.0,20.0,20.0,6.0,100.0,3.832816
3498.0,40.0,20.0,6.0,100.0,3.590331
3499.0,49.0,20.0,6.0,100.0,5.4728775
3500.0,0.0,20.0,7.0,100.0,15.680909
3501.0,0.5,20.0,7.0,100.0,25.044722
3502.0,1.0,20.0,7.0,100.0,40.451614
3503.0,2.0,20.0,7.0,100.0,10.832051
3504.0,3.0,20.0,7.0,100.0,15.132746
3505.0,5.0,20.0,7.0,100.0,20.481699
3506.0,10.0,20.0,7.0,100.0,4.0255036
3507.0,20.0,20.0,7.0,100.0,3.0806618
3508.0,40.0,20.0,7.0,100.0,2.3857281
3509.0,49.0,20.0,7.0,100.0,3.38037
3510.0,0.0,20.0,7.0,100.0,0.0
3511.0,0.5,20.0,7.0,100.0,0.0
3512.0,1.0,20.0,7.0,100.0,30.618622
3513.0,2.0,20.0,7.0,100.0,35.92121
3514.0,3.0,20.0,7.0,100.0,14.784162
3515.0,5.0,20.0,7.0,100.0,7.1080103
3516.0,10.0,20.0,7.0,100.0,9.266128
3517.0,20.0,20.0,7.0,100.0,3.4454818
3518.0,40.0,20.0,7.0,100.0,3.6185036
3519.0,49.0,20.0,7.0,100.0,3.0643885
3520.0,0.0,20.0,7.0,100.0,0.0
3521.0,0.5,20.0,7.0,100.0,29.086079
3522.0,1.0,20.0,7.0,100.0,22.830639
3523.0,2.0,20.0,7.0,100.0,50.91169
3524.0,3.0,20.0,7.0,100.0,34.789845
3525.0,5.0,20.0,7.0,100.0,11.368294
3526.0,10.0,20.0,7.0,100.0,23.371737
3527.0,20.0,20.0,7.0,100.0,2.3270977
3528.0,40.0,20.0,7.0,100.0,2.977695
3529.0,49.0,20.0,7.0,100.0,3.2462306
3530.0,0.0,20.0,7.0,100.0,0.0
3531.0,0.5,20.0,7.0,100.0,0.0
3532.0,1.0,20.0,7.0,100.0,29.263174
3533.0,2.0,20.0,7.0,100.0,5.0110173
3534.0,3.0,20.0,7.0,100.0,7.7046165
3535.0,5.0,20.0,7.0,100.0,5.5552044
3536.0,10.0,20.0,7.0,100.0,9.596401
3537.0,20.0,20.0,7.0,100.0,3.4256816
3538.0,40.0,20.0,7.0,100.0,5.912054
3539.0,49.0,20.0,7.0,100.0,2.5166116
3540.0,0.0,20.0,7.0,100.0,0.0
3541.0,0.5,20.0,7.0,100.0,42.426407
3542.0,1.0,20.0,7.0,100.0,46.003624
3543.0,2.0,20.0,7.0,100.0,24.04163
3544.0,3.0,20.0,7.0,100.0,7.290509
3545.0,5.0,20.0,7.0,100.0,6.1139965
3546.0,10.0,20.0,7.0,100.0,6.0299506
3547.0,20.0,20.0,7.0,100.0,3.7836215
3548.0,40.0,20.0,7.0,100.0,2.6140645
3549.0,49.0,20.0,7.0,100.0,3.8850443
3550.0,0.0,20.0,7.0,100.0,13.695406
3551.0,0.5,20.0,7.0,100.0,44.43347
3552.0,1.0,20.0,7.0,100.0,0.0
3553.0,2.0,20.0,7.0,100.0,38.183765
3554.0,3.0,20.0,7.0,100.0,11.384687
3555.0,5.0,20.0,7.0,100.0,5.0133157
3556.0,10.0,20.0,7.0,100.0,9.672854
3557.0,20.0,20.0,7.0,100.0,3.0183265
3558.0,40.0,20.0,7.0,100.0,5.266431
3559.0,49.0,20.0,7.0,100.0,9.955457
3560.0,0.0,20.0,7.0,100.0,0.0
3561.0,0.5,20.0,7.0,100.0,38.552994
3562.0,1.0,20.0,7.0,100.0,42.426407
3563.0,2.0,20.0,7.0,100.0,13.896442
3564.0,3.0,20.0,7.0,100.0,40.108185
3565.0,5.0,20.0,7.0,100.0,14.278189
3566.0,10.0,20.0,7.0,100.0,5.4219403
3567.0,20.0,20.0,7.0,100.0,2.745544
3568.0,40.0,20.0,7.0,100.0,3.0541878
3569.0,49.0,20.0,7.0,100.0,3.5721471
3570.0,0.0,20.0,7.0,100.0,0.0
3571.0,0.5,20.0,7.0,100.0,0.0
3572.0,1.0,20.0,7.0,100.0,0.0
3573.0,2.0,20.0,7.0,100.0,24.193663
3574.0,3.0,20.0,7.0,100.0,3.6423435
3575.0,5.0,20.0,7.0,100.0,11.285438
3576.0,10.0,20.0,7.0,100.0,3.0703256
3577.0,20.0,20.0,7.0,100.0,3.6794038
3578.0,40.0,20.0,7.0,100.0,6.597258
3579.0,49.0,20.0,7.0,100.0,3.3452168
3580.0,0.0,20.0,7.0,100.0,0.0
3581.0,0.5,20.0,7.0,100.0,0.0
3582.0,1.0,20.0,7.0,100.0,48.418316
3583.0,2.0,20.0,7.0,100.0,26.012817
3584.0,3.0,20.0,7.0,100.0,13.17194
3585.0,5.0,20.0,7.0,100.0,16.792856
3586.0,10.0,20.0,7.0,100.0,4.897478
3587.0,20.0,20.0,7.0,100.0,2.5514467
3588.0,40.0,20.0,7.0,100.0,1.659815
3589.0,49.0,20.0,7.0,100.0,1.9148543
3590.0,0.0,20.0,7.0,100.0,0.0
3591.0,0.5,20.0,7.0,100.0,15.811388
3592.0,1.0,20.0,7.0,100.0,50.895317
3593.0,2.0,20.0,7.0,100.0,27.300795
3594.0,3.0,20.0,7.0,100.0,11.317725
3595.0,5.0,20.0,7.0,100.0,8.625395
3596.0,10.0,20.0,7.0,100.0,3.8197486
3597.0,20.0,20.0,7.0,100.0,2.5569537
3598.0,40.0,20.0,7.0,100.0,2.9984124
3599.0,49.0,20.0,7.0,100.0,1.9976176
3600.0,0.0,20.0,7.0,100.0,0.0
3601.0,0.5,20.0,7.0,100.0,13.466006
3602.0,1.0,20.0,7.0,100.0,47.511402
3603.0,2.0,20.0,7.0,100.0,35.303444
3604.0,3.0,20.0,7.0,100.0,14.461772
3605.0,5.0,20.0,7.0,100.0,6.3069625
3606.0,10.0,20.0,7.0,100.0,11.709446
3607.0,20.0,20.0,7.0,100.0,2.32174
3608.0,40.0,20.0,7.0,100.0,3.4337263
3609.0,49.0,20.0,7.0,100.0,2.467889
3610.0,0.0,20.0,7.0,100.0,0.0
3611.0,0.5,20.0,7.0,100.0,0.0
3612.0,1.0,20.0,7.0,100.0,0.0
3613.0,2.0,20.0,7.0,100.0,32.005207
3614.0,3.0,20.0,7.0,100.0,4.486855
3615.0,5.0,20.0,7.0,100.0,8.854233
3616.0,10.0,20.0,7.0,100.0,5.1342278
3617.0,20.0,20.0,7.0,100.0,2.9479613
3618.0,40.0,20.0,7.0,100.0,3.0480285
3619.0,49.0,20.0,7.0,100.0,6.8729973
3620.0,0.0,20.0,7.0,100.0,0.0
3621.0,0.5,20.0,7.0,100.0,31.64385
3622.0,1.0,20.0,7.0,100.0,14.895189
3623.0,2.0,20.0,7.0,100.0,11.614255
3624.0,3.0,20.0,7.0,100.0,0.0
3625.0,5.0,20.0,7.0,100.0,21.64871
3626.0,10.0,20.0,7.0,100.0,5.4185143
3627.0,20.0,20.0,7.0,100.0,3.295496
3628.0,40.0,20.0,7.0,100.0,2.9343305
3629.0,49.0,20.0,7.0,100.0,3.4627268
3630.0,0.0,20.0,7.0,100.0,0.0
3631.0,0.5,20.0,7.0,100.0,19.704485
3632.0,1.0,20.0,7.0,100.0,44.43347
3633.0,2.0,20.0,7.0,100.0,41.64533
3634.0,3.0,20.0,7.0,100.0,14.260474
3635.0,5.0,20.0,7.0,100.0,11.605641
3636.0,10.0,20.0,7.0,100.0,10.68788
3637.0,20.0,20.0,7.0,100.0,4.2347765
3638.0,40.0,20.0,7.0,100.0,2.6058543
3639.0,49.0,20.0,7.0,100.0,6.956827
3640.0,0.0,20.0,7.0,100.0,0.0
3641.0,0.5,20.0,7.0,100.0,0.0
3642.0,1.0,20.0,7.0,100.0,52.576927
3643.0,2.0,20.0,7.0,100.0,37.20663
3644.0,3.0,20.0,7.0,100.0,25.465664
3645.0,5.0,20.0,7.0,100.0,12.185685
3646.0,10.0,20.0,7.0,100.0,10.596741
3647.0,20.0,20.0,7.0,100.0,3.6968455
3648.0,40.0,20.0,7.0,100.0,2.0615528
3649.0,49.0,20.0,7.0,100.0,4.9952364
3650.0,0.0,20.0,7.0,100.0,0.0
3651.0,0.5,20.0,7.0,100.0,0.0
3652.0,1.0,20.0,7.0,100.0,19.0
3653.0,2.0,20.0,7.0,100.0,0.0
3654.0,3.0,20.0,7.0,100.0,8.663955
3655.0,5.0,20.0,7.0,100.0,9.585975
3656.0,10.0,20.0,7.0,100.0,13.242399
3657.0,20.0,20.0,7.0,100.0,2.1449451
3658.0,40.0,20.0,7.0,100.0,2.0953462
3659.0,49.0,20.0,7.0,100.0,4.2491565
3660.0,0.0,20.0,7.0,100.0,0.0
3661.0,0.5,20.0,7.0,100.0,0.0
3662.0,1.0,20.0,7.0,100.0,36.769554
3663.0,2.0,20.0,7.0,100.0,35.57152
3664.0,3.0,20.0,7.0,100.0,16.706015
3665.0,5.0,20.0,7.0,100.0,17.492855
3666.0,10.0,20.0,7.0,100.0,4.5945945
3667.0,20.0,20.0,7.0,100.0,2.036233
3668.0,40.0,20.0,7.0,100.0,3.7229419
3669.0,49.0,20.0,7.0,100.0,8.635051
3670.0,0.0,20.0,7.0,100.0,34.117443
3671.0,0.5,20.0,7.0,100.0,0.0
3672.0,1.0,20.0,7.0,100.0,31.533052
3673.0,2.0,20.0,7.0,100.0,14.761598
3674.0,3.0,20.0,7.0,100.0,15.947831
3675.0,5.0,20.0,7.0,100.0,13.363062
3676.0,10.0,20.0,7.0,100.0,7.489386
3677.0,20.0,20.0,7.0,100.0,4.7550287
3678.0,40.0,20.0,7.0,100.0,3.0643885
3679.0,49.0,20.0,7.0,100.0,4.1478524
3680.0,0.0,20.0,7.0,100.0,0.0
3681.0,0.5,20.0,7.0,100.0,30.270998
3682.0,1.0,20.0,7.0,100.0,42.899105
3683.0,2.0,20.0,7.0,100.0,14.570028
3684.0,3.0,20.0,7.0,100.0,31.112698
3685.0,5.0,20.0,7.0,100.0,5.108187
3686.0,10.0,20.0,7.0,100.0,11.175369
3687.0,20.0,20.0,7.0,100.0,2.9984124
3688.0,40.0,20.0,7.0,100.0,2.3665988
3689.0,49.0,20.0,7.0,100.0,2.7368734
3690.0,0.0,20.0,7.0,100.0,0.0
3691.0,0.5,20.0,7.0,100.0,28.746014
3692.0,1.0,20.0,7.0,100.0,0.0
3693.0,2.0,20.0,7.0,100.0,18.036999
3694.0,3.0,20.0,7.0,100.0,45.214306
3695.0,5.0,20.0,7.0,100.0,8.107451
3696.0,10.0,20.0,7.0,100.0,5.611676
3697.0,20.0,20.0,7.0,100.0,2.8793187
3698.0,40.0,20.0,7.0,100.0,1.8490462
3699.0,49.0,20.0,7.0,100.0,6.6977835
3700.0,0.0,20.0,7.0,100.0,0.0
3701.0,0.5,20.0,7.0,100.0,0.0
3702.0,1.0,20.0,7.0,100.0,9.321879
3703.0,2.0,20.0,7.0,100.0,30.994623
3704.0,3.0,20.0,7.0,100.0,7.7616
3705.0,5.0,20.0,7.0,100.0,22.989128
3706.0,10.0,20.0,7.0,100.0,5.6622086
3707.0,20.0,20.0,7.0,100.0,2.7404163
3708.0,40.0,20.0,7.0,100.0,2.32174
3709.0,49.0,20.0,7.0,100.0,4.060847
3710.0,0.0,20.0,7.0,100.0,0.0
3711.0,0.5,20.0,7.0,100.0,7.4322333
3712.0,1.0,20.0,7.0,100.0,0.0
3713.0,2.0,20.0,7.0,100.0,29.53529
3714.0,3.0,20.0,7.0,100.0,18.773504
3715.0,5.0,20.0,7.0,100.0,16.305248
3716.0,10.0,20.0,7.0,100.0,5.5075707
3717.0,20.0,20.0,7.0,100.0,4.6048536
3718.0,40.0,20.0,7.0,100.0,5.0379515
3719.0,49.0,20.0,7.0,100.0,4.8847003
3720.0,0.0,20.0,7.0,100.0,0.0
3721.0,0.5,20.0,7.0,100.0,38.279675
3722.0,1.0,20.0,7.0,100.0,19.604422
3723.0,2.0,20.0,7.0,100.0,36.555893
3724.0,3.0,20.0,7.0,100.0,17.339743
3725.0,5.0,20.0,7.0,100.0,3.7269928
3726.0,10.0,20.0,7.0,100.0,4.227452
3727.0,20.0,20.0,7.0,100.0,3.5763776
3728.0,40.0,20.0,7.0,100.0,2.309401
3729.0,49.0,20.0,7.0,100.0,3.919221
3730.0,0.0,20.0,7.0,100.0,0.0
3731.0,0.5,20.0,7.0,100.0,45.214306
3732.0,1.0,20.0,7.0,100.0,43.661575
3733.0,2.0,20.0,7.0,100.0,36.555893
3734.0,3.0,20.0,7.0,100.0,13.937958
3735.0,5.0,20.0,7.0,100.0,7.9696393
3736.0,10.0,20.0,7.0,100.0,3.8380685
3737.0,20.0,20.0,7.0,100.0,3.2632995
3738.0,40.0,20.0,7.0,100.0,2.6815064
3739.0,49.0,20.0,7.0,100.0,7.1480937
3740.0,0.0,20.0,7.0,100.0,0.0
3741.0,0.5,20.0,7.0,100.0,38.552994
3742.0,1.0,20.0,7.0,100.0,44.43347
3743.0,2.0,20.0,7.0,100.0,42.899105
3744.0,3.0,20.0,7.0,100.0,42.14657
3745.0,5.0,20.0,7.0,100.0,9.689107
3746.0,10.0,20.0,7.0,100.0,14.20932
3747.0,20.0,20.0,7.0,100.0,3.603118
3748.0,40.0,20.0,7.0,100.0,3.179669
3749.0,49.0,20.0,7.0,100.0,6.7996545
3750.0,0.0,20.0,7.0,100.0,0.0
3751.0,0.5,20.0,7.0,100.0,23.87268
3752.0,1.0,20.0,7.0,100.0,16.309507
3753.0,2.0,20.0,7.0,100.0,14.081396
3754.0,3.0,20.0,7.0,100.0,9.609024
3755.0,5.0,20.0,7.0,100.0,19.039433
3756.0,10.0,20.0,7.0,100.0,6.0827627
3757.0,20.0,20.0,7.0,100.0,2.7368734
3758.0,40.0,20.0,7.0,100.0,3.5686543
3759.0,49.0,20.0,7.0,100.0,2.4685152
3760.0,0.0,20.0,7.0,100.0,0.0
3761.0,0.5,20.0,7.0,100.0,47.60602
3762.0,1.0,20.0,7.0,100.0,38.21431
3763.0,2.0,20.0,7.0,100.0,5.789227
3764.0,3.0,20.0,7.0,100.0,16.462078
3765.0,5.0,20.0,7.0,100.0,11.566234
3766.0,10.0,20.0,7.0,100.0,3.5057776
3767.0,20.0,20.0,7.0,100.0,4.498366
3768.0,40.0,20.0,7.0,100.0,2.7911425
3769.0,49.0,20.0,7.0,100.0,2.5
3770.0,0.0,20.0,7.0,100.0,0.0
3771.0,0.5,20.0,7.0,100.0,46.801
3772.0,1.0,20.0,7.0,100.0,0.0
3773.0,2.0,20.0,7.0,100.0,29.2831
3774.0,3.0,20.0,7.0,100.0,15.8504925
3775.0,5.0,20.0,7.0,100.0,11.406626
3776.0,10.0,20.0,7.0,100.0,11.205157
3777.0,20.0,20.0,7.0,100.0,6.3296213
3778.0,40.0,20.0,7.0,100.0,2.9138422
3779.0,49.0,20.0,7.0,100.0,3.4775808
3780.0,0.0,20.0,7.0,100.0,0.0
3781.0,0.5,20.0,7.0,100.0,24.684677
3782.0,1.0,20.0,7.0,100.0,0.0
3783.0,2.0,20.0,7.0,100.0,10.049875
3784.0,3.0,20.0,7.0,100.0,11.50483
3785.0,5.0,20.0,7.0,100.0,10.995041
3786.0,10.0,20.0,7.0,100.0,6.88458
3787.0,20.0,20.0,7.0,100.0,1.64064
3788.0,40.0,20.0,7.0,100.0,3.2137303
3789.0,49.0,20.0,7.0,100.0,3.4191337
3790.0,0.0,20.0,7.0,100.0,0.0
3791.0,0.5,20.0,7.0,100.0,11.36797
3792.0,1.0,20.0,7.0,100.0,22.330847
3793.0,2.0,20.0,7.0,100.0,22.300972
3794.0,3.0,20.0,7.0,100.0,12.064995
3795.0,5.0,20.0,7.0,100.0,9.741197
3796.0,10.0,20.0,7.0,100.0,1.7737658
3797.0,20.0,20.0,7.0,100.0,4.2261443
3798.0,40.0,20.0,7.0,100.0,2.329571
3799.0,49.0,20.0,7.0,100.0,2.6732461
3800.0,0.0,20.0,7.0,100.0,0.0
3801.0,0.5,20.0,7.0,100.0,0.0
3802.0,1.0,20.0,7.0,100.0,0.0
3803.0,2.0,20.0,7.0,100.0,4.3284283
3804.0,3.0,20.0,7.0,100.0,11.52654
3805.0,5.0,20.0,7.0,100.0,20.310097
3806.0,10.0,20.0,7.0,100.0,4.820591
3807.0,20.0,20.0,7.0,100.0,4.121322
3808.0,40.0,20.0,7.0,100.0,2.913842
3809.0,49.0,20.0,7.0,100.0,2.4607592
3810.0,0.0,20.0,7.0,100.0,0.0
3811.0,0.5,20.0,7.0,100.0,46.800995
3812.0,1.0,20.0,7.0,100.0,8.520919
3813.0,2.0,20.0,7.0,100.0,14.382529
3814.0,3.0,20.0,7.0,100.0,3.445797
3815.0,5.0,20.0,7.0,100.0,13.216151
3816.0,10.0,20.0,7.0,100.0,4.8501353
3817.0,20.0,20.0,7.0,100.0,3.077935
3818.0,40.0,20.0,7.0,100.0,3.5510976
3819.0,49.0,20.0,7.0,100.0,3.0643883
3820.0,0.0,20.0,7.0,100.0,0.0
3821.0,0.5,20.0,7.0,100.0,0.0
3822.0,1.0,20.0,7.0,100.0,32.58834
3823.0,2.0,20.0,7.0,100.0,7.7611403
3824.0,3.0,20.0,7.0,100.0,28.00595
3825.0,5.0,20.0,7.0,100.0,3.5093858
3826.0,10.0,20.0,7.0,100.0,4.998529
3827.0,20.0,20.0,7.0,100.0,4.9952364
3828.0,40.0,20.0,7.0,100.0,3.8993175
3829.0,49.0,20.0,7.0,100.0,4.0755725
3830.0,0.0,20.0,7.0,100.0,0.0
3831.0,0.5,20.0,7.0,100.0,19.439774
3832.0,1.0,20.0,7.0,100.0,0.0
3833.0,2.0,20.0,7.0,100.0,0.0
3834.0,3.0,20.0,7.0,100.0,5.91608
3835.0,5.0,20.0,7.0,100.0,21.494184
3836.0,10.0,20.0,7.0,100.0,5.1053014
3837.0,20.0,20.0,7.0,100.0,2.9597695
3838.0,40.0,20.0,7.0,100.0,6.8818817
3839.0,49.0,20.0,7.0,100.0,2.3055997
3840.0,0.0,20.0,7.0,100.0,0.0
3841.0,0.5,20.0,7.0,100.0,0.0
3842.0,1.0,20.0,7.0,100.0,3.4335802
3843.0,2.0,20.0,7.0,100.0,21.883894
3844.0,3.0,20.0,7.0,100.0,16.703293
3845.0,5.0,20.0,7.0,100.0,9.551864
3846.0,10.0,20.0,7.0,100.0,4.8015566
3847.0,20.0,20.0,7.0,100.0,7.0991154
3848.0,40.0,20.0,7.0,100.0,3.8386579
3849.0,49.0,20.0,7.0,100.0,2.883711
3850.0,0.0,20.0,7.0,100.0,0.0
3851.0,0.5,20.0,7.0,100.0,0.0
3852.0,1.0,20.0,7.0,100.0,42.14657
3853.0,2.0,20.0,7.0,100.0,29.569128
3854.0,3.0,20.0,7.0,100.0,34.08812
3855.0,5.0,20.0,7.0,100.0,33.946037
3856.0,10.0,20.0,7.0,100.0,4.2848916
3857.0,20.0,20.0,7.0,100.0,3.5157213
3858.0,40.0,20.0,7.0,100.0,3.8707178
3859.0,49.0,20.0,7.0,100.0,4.0803337
3860.0,0.0,20.0,7.0,100.0,0.0
3861.0,0.5,20.0,7.0,100.0,28.360771
3862.0,1.0,20.0,7.0,100.0,0.0
3863.0,2.0,20.0,7.0,100.0,0.0
3864.0,3.0,20.0,7.0,100.0,22.642143
3865.0,5.0,20.0,7.0,100.0,4.1061287
3866.0,10.0,20.0,7.0,100.0,4.3861256
3867.0,20.0,20.0,7.0,100.0,2.7368736
3868.0,40.0,20.0,7.0,100.0,2.9409392
3869.0,49.0,20.0,7.0,100.0,7.247331
3870.0,0.0,20.0,7.0,100.0,0.0
3871.0,0.5,20.0,7.0,100.0,25.813435
3872.0,1.0,20.0,7.0,100.0,50.895317
3873.0,2.0,20.0,7.0,100.0,21.874643
3874.0,3.0,20.0,7.0,100.0,6.1124983
3875.0,5.0,20.0,7.0,100.0,9.532401
3876.0,10.0,20.0,7.0,100.0,7.102082
3877.0,20.0,20.0,7.0,100.0,3.1607714
3878.0,40.0,20.0,7.0,100.0,3.0521781
3879.0,49.0,20.0,7.0,100.0,4.369619
3880.0,0.0,20.0,7.0,100.0,0.0
3881.0,0.5,20.0,7.0,100.0,0.0
3882.0,1.0,20.0,7.0,100.0,0.0
3883.0,2.0,20.0,7.0,100.0,11.850925
3884.0,3.0,20.0,7.0,100.0,38.759945
3885.0,5.0,20.0,7.0,100.0,11.900046
3886.0,10.0,20.0,7.0,100.0,2.864381
3887.0,20.0,20.0,7.0,100.0,2.930951
3888.0,40.0,20.0,7.0,100.0,2.8619008
3889.0,49.0,20.0,7.0,100.0,2.5080822
3890.0,0.0,20.0,7.0,100.0,0.0
3891.0,0.5,20.0,7.0,100.0,44.43347
3892.0,1.0,20.0,7.0,100.0,30.270998
3893.0,2.0,20.0,7.0,100.0,33.674915
3894.0,3.0,20.0,7.0,100.0,37.139378
3895.0,5.0,20.0,7.0,100.0,18.040695
3896.0,10.0,20.0,7.0,100.0,6.115344
3897.0,20.0,20.0,7.0,100.0,3.2632995
3898.0,40.0,20.0,7.0,100.0,2.5671923
3899.0,49.0,20.0,7.0,100.0,8.465617
3900.0,0.0,20.0,7.0,100.0,0.0
3901.0,0.5,20.0,7.0,100.0,0.0
3902.0,1.0,20.0,7.0,100.0,0.0
3903.0,2.0,20.0,7.0,100.0,11.113055
3904.0,3.0,20.0,7.0,100.0,13.474572
3905.0,5.0,20.0,7.0,100.0,14.589624
3906.0,10.0,20.0,7.0,100.0,9.116529
3907.0,20.0,20.0,7.0,100.0,3.4044793
3908.0,40.0,20.0,7.0,100.0,2.9784803
3909.0,49.0,20.0,7.0,100.0,3.2187412
3910.0,0.0,20.0,7.0,100.0,0.0
3911.0,0.5,20.0,7.0,100.0,0.0
3912.0,1.0,20.0,7.0,100.0,0.0
3913.0,2.0,20.0,7.0,100.0,2.4077172
3914.0,3.0,20.0,7.0,100.0,6.7812467
3915.0,5.0,20.0,7.0,100.0,10.419761
3916.0,10.0,20.0,7.0,100.0,8.917127
3917.0,20.0,20.0,7.0,100.0,3.4044793
3918.0,40.0,20.0,7.0,100.0,5.5059776
3919.0,49.0,20.0,7.0,100.0,4.2666945
3920.0,0.0,20.0,7.0,100.0,0.0
3921.0,0.5,20.0,7.0,100.0,0.0
3922.0,1.0,20.0,7.0,100.0,32.005207
3923.0,2.0,20.0,7.0,100.0,37.380924
3924.0,3.0,20.0,7.0,100.0,0.0
3925.0,5.0,20.0,7.0,100.0,25.806976
3926.0,10.0,20.0,7.0,100.0,10.044447
3927.0,20.0,20.0,7.0,100.0,6.264032
3928.0,40.0,20.0,7.0,100.0,2.4494898
3929.0,49.0,20.0,7.0,100.0,5.0754547
3930.0,0.0,20.0,7.0,100.0,0.0
3931.0,0.5,20.0,7.0,100.0,46.801
3932.0,1.0,20.0,7.0,100.0,37.872593
3933.0,2.0,20.0,7.0,100.0,23.860708
3934.0,3.0,20.0,7.0,100.0,23.80126
3935.0,5.0,20.0,7.0,100.0,13.190906
3936.0,10.0,20.0,7.0,100.0,4.9790034
3937.0,20.0,20.0,7.0,100.0,3.106304
3938.0,40.0,20.0,7.0,100.0,1.9148543
3939.0,49.0,20.0,7.0,100.0,5.70008
3940.0,0.0,20.0,7.0,100.0,0.0
3941.0,0.5,20.0,7.0,100.0,0.0
3942.0,1.0,20.0,7.0,100.0,30.664854
3943.0,2.0,20.0,7.0,100.0,29.855206
3944.0,3.0,20.0,7.0,100.0,26.47011
3945.0,5.0,20.0,7.0,100.0,10.075473
3946.0,10.0,20.0,7.0,100.0,8.802893
3947.0,20.0,20.0,7.0,100.0,8.390318
3948.0,40.0,20.0,7.0,100.0,2.9984126
3949.0,49.0,20.0,7.0,100.0,6.050645
3950.0,0.0,20.0,7.0,100.0,0.0
3951.0,0.5,20.0,7.0,100.0,19.541265
3952.0,1.0,20.0,7.0,100.0,42.899105
3953.0,2.0,20.0,7.0,100.0,34.957115
3954.0,3.0,20.0,7.0,100.0,17.235622
3955.0,5.0,20.0,7.0,100.0,7.3646517
3956.0,10.0,20.0,7.0,100.0,5.2326813
3957.0,20.0,20.0,7.0,100.0,3.1944761
3958.0,40.0,20.0,7.0,100.0,3.0155542
3959.0,49.0,20.0,7.0,100.0,2.8443763
3960.0,0.0,20.0,7.0,100.0,0.0
3961.0,0.5,20.0,7.0,100.0,7.0283313
3962.0,1.0,20.0,7.0,100.0,10.300045
3963.0,2.0,20.0,7.0,100.0,23.579653
3964.0,3.0,20.0,7.0,100.0,32.005207
3965.0,5.0,20.0,7.0,100.0,11.7046995
3966.0,10.0,20.0,7.0,100.0,2.7688746
3967.0,20.0,20.0,7.0,100.0,2.5946147
3968.0,40.0,20.0,7.0,100.0,2.1561823
3969.0,49.0,20.0,7.0,100.0,2.3278685
3970.0,0.0,20.0,7.0,100.0,0.0
3971.0,0.5,20.0,7.0,100.0,0.0
3972.0,1.0,20.0,7.0,100.0,37.20663
3973.0,2.0,20.0,7.0,100.0,20.651876
3974.0,3.0,20.0,7.0,100.0,5.3371615
3975.0,5.0,20.0,7.0,100.0,8.665502
3976.0,10.0,20.0,7.0,100.0,9.9530945
3977.0,20.0,20.0,7.0,100.0,2.077448
3978.0,40.0,20.0,7.0,100.0,3.3307009
3979.0,49.0,20.0,7.0,100.0,2.833045
3980.0,0.0,20.0,7.0,100.0,0.0
3981.0,0.5,20.0,7.0,100.0,54.280136
3982.0,1.0,20.0,7.0,100.0,45.709225
3983.0,2.0,20.0,7.0,100.0,8.937493
3984.0,3.0,20.0,7.0,100.0,14.189198
3985.0,5.0,20.0,7.0,100.0,4.669047
3986.0,10.0,20.0,7.0,100.0,2.2685335
3987.0,20.0,20.0,7.0,100.0,4.62172
3988.0,40.0,20.0,7.0,100.0,2.036233
3989.0,49.0,20.0,7.0,100.0,10.282547
3990.0,0.0,20.0,7.0,100.0,0.0
3991.0,0.5,20.0,7.0,100.0,54.280136
3992.0,1.0,20.0,7.0,100.0,28.746014
3993.0,2.0,20.0,7.0,100.0,10.049875
3994.0,3.0,20.0,7.0,100.0,10.477489
3995.0,5.0,20.0,7.0,100.0,15.155558
3996.0,10.0,20.0,7.0,100.0,4.1074743
3997.0,20.0,20.0,7.0,100.0,4.255619
3998.0,40.0,20.0,7.0,100.0,3.783621
3999.0,49.0,20.0,7.0,100.0,2.8858385
4000.0,0.0,20.0,8.0,100.0,0.0
4001.0,0.5,20.0,8.0,100.0,34.703506
4002.0,1.0,20.0,8.0,100.0,24.23496
4003.0,2.0,20.0,8.0,100.0,16.475088
4004.0,3.0,20.0,8.0,100.0,9.4069605
4005.0,5.0,20.0,8.0,100.0,16.080158
4006.0,10.0,20.0,8.0,100.0,9.396324
4007.0,20.0,20.0,8.0,100.0,3.2462306
4008.0,40.0,20.0,8.0,100.0,3.2462306
4009.0,49.0,20.0,8.0,100.0,3.6380343
4010.0,0.0,20.0,8.0,100.0,18.414968
4011.0,0.5,20.0,8.0,100.0,42.899105
4012.0,1.0,20.0,8.0,100.0,30.435724
4013.0,2.0,20.0,8.0,100.0,45.214306
4014.0,3.0,20.0,8.0,100.0,0.0
4015.0,5.0,20.0,8.0,100.0,7.6230645
4016.0,10.0,20.0,8.0,100.0,2.9409392
4017.0,20.0,20.0,8.0,100.0,3.3403435
4018.0,40.0,20.0,8.0,100.0,2.102135
4019.0,49.0,20.0,8.0,100.0,2.1602468
4020.0,0.0,20.0,8.0,100.0,0.0
4021.0,0.5,20.0,8.0,100.0,0.0
4022.0,1.0,20.0,8.0,100.0,41.404507
4023.0,2.0,20.0,8.0,100.0,38.99145
4024.0,3.0,20.0,8.0,100.0,20.524086
4025.0,5.0,20.0,8.0,100.0,6.3882337
4026.0,10.0,20.0,8.0,100.0,6.3546014
4027.0,20.0,20.0,8.0,100.0,3.1595025
4028.0,40.0,20.0,8.0,100.0,5.9960313
4029.0,49.0,20.0,8.0,100.0,4.466809
4030.0,0.0,20.0,8.0,100.0,0.0
4031.0,0.5,20.0,8.0,100.0,28.00595
4032.0,1.0,20.0,8.0,100.0,9.899495
4033.0,2.0,20.0,8.0,100.0,19.857828
4034.0,3.0,20.0,8.0,100.0,17.334936
4035.0,5.0,20.0,8.0,100.0,8.467049
4036.0,10.0,20.0,8.0,100.0,2.8643808
4037.0,20.0,20.0,8.0,100.0,2.0156088
4038.0,40.0,20.0,8.0,100.0,2.844376
4039.0,49.0,20.0,8.0,100.0,7.0575867
4040.0,0.0,20.0,8.0,100.0,0.0
4041.0,0.5,20.0,8.0,100.0,38.552994
4042.0,1.0,20.0,8.0,100.0,0.0
4043.0,2.0,20.0,8.0,100.0,15.39697
4044.0,3.0,20.0,8.0,100.0,9.921917
4045.0,5.0,20.0,8.0,100.0,15.326085
4046.0,10.0,20.0,8.0,100.0,4.2113295
4047.0,20.0,20.0,8.0,100.0,3.0339212
4048.0,40.0,20.0,8.0,100.0,3.7396917
4049.0,49.0,20.0,8.0,100.0,6.078848
4050.0,0.0,20.0,8.0,100.0,0.0
4051.0,0.5,20.0,8.0,100.0,8.082904
4052.0,1.0,20.0,8.0,100.0,21.463146
4053.0,2.0,20.0,8.0,100.0,4.187841
4054.0,3.0,20.0,8.0,100.0,15.731072
4055.0,5.0,20.0,8.0,100.0,7.2418537
4056.0,10.0,20.0,8.0,100.0,9.854497
4057.0,20.0,20.0,8.0,100.0,2.4063408
4058.0,40.0,20.0,8.0,100.0,2.847858
4059.0,49.0,20.0,8.0,100.0,3.3897605
4060.0,0.0,20.0,8.0,100.0,0.0
4061.0,0.5,20.0,8.0,100.0,37.872593
4062.0,1.0,20.0,8.0,100.0,14.187703
4063.0,2.0,20.0,8.0,100.0,19.659603
4064.0,3.0,20.0,8.0,100.0,30.270998
4065.0,5.0,20.0,8.0,100.0,5.597148
4066.0,10.0,20.0,8.0,100.0,5.735948
4067.0,20.0,20.0,8.0,100.0,4.1364594
4068.0,40.0,20.0,8.0,100.0,3.4482572
4069.0,49.0,20.0,8.0,100.0,7.9072
4070.0,0.0,20.0,8.0,100.0,0.0
4071.0,0.5,20.0,8.0,100.0,22.909847
4072.0,1.0,20.0,8.0,100.0,0.0
4073.0,2.0,20.0,8.0,100.0,34.210136
4074.0,3.0,20.0,8.0,100.0,22.686266
4075.0,5.0,20.0,8.0,100.0,3.1953914
4076.0,10.0,20.0,8.0,100.0,6.1836963
4077.0,20.0,20.0,8.0,100.0,4.8198304
4078.0,40.0,20.0,8.0,100.0,7.1053014
4079.0,49.0,20.0,8.0,100.0,2.0224926
4080.0,0.0,20.0,8.0,100.0,0.0
4081.0,0.5,20.0,8.0,100.0,0.0
4082.0,1.0,20.0,8.0,100.0,9.137336
4083.0,2.0,20.0,8.0,100.0,33.941124
4084.0,3.0,20.0,8.0,100.0,46.47939
4085.0,5.0,20.0,8.0,100.0,6.150136
4086.0,10.0,20.0,8.0,100.0,5.946649
4087.0,20.0,20.0,8.0,100.0,2.4974294
4088.0,40.0,20.0,8.0,100.0,2.847858
4089.0,49.0,20.0,8.0,100.0,4.960877
4090.0,0.0,20.0,8.0,100.0,0.0
4091.0,0.5,20.0,8.0,100.0,49.497475
4092.0,1.0,20.0,8.0,100.0,28.988503
4093.0,2.0,20.0,8.0,100.0,24.752104
4094.0,3.0,20.0,8.0,100.0,11.892375
4095.0,5.0,20.0,8.0,100.0,13.546217
4096.0,10.0,20.0,8.0,100.0,4.450789
4097.0,20.0,20.0,8.0,100.0,2.745544
4098.0,40.0,20.0,8.0,100.0,2.5335689
4099.0,49.0,20.0,8.0,100.0,2.1981604
4100.0,0.0,20.0,8.0,100.0,0.0
4101.0,0.5,20.0,8.0,100.0,19.554056
4102.0,1.0,20.0,8.0,100.0,51.733288
4103.0,2.0,20.0,8.0,100.0,41.95633
4104.0,3.0,20.0,8.0,100.0,25.32785
4105.0,5.0,20.0,8.0,100.0,11.815715
4106.0,10.0,20.0,8.0,100.0,3.4027853
4107.0,20.0,20.0,8.0,100.0,2.9029124
4108.0,40.0,20.0,8.0,100.0,3.03158
4109.0,49.0,20.0,8.0,100.0,2.1805928
4110.0,0.0,20.0,8.0,100.0,0.0
4111.0,0.5,20.0,8.0,100.0,31.533052
4112.0,1.0,20.0,8.0,100.0,38.552994
4113.0,2.0,20.0,8.0,100.0,28.248894
4114.0,3.0,20.0,8.0,100.0,38.059166
4115.0,5.0,20.0,8.0,100.0,14.465065
4116.0,10.0,20.0,8.0,100.0,4.1364594
4117.0,20.0,20.0,8.0,100.0,3.49352
4118.0,40.0,20.0,8.0,100.0,16.021576
4119.0,49.0,20.0,8.0,100.0,8.929209
4120.0,0.0,20.0,8.0,100.0,0.0
4121.0,0.5,20.0,8.0,100.0,28.148417
4122.0,1.0,20.0,8.0,100.0,16.350332
4123.0,2.0,20.0,8.0,100.0,0.0
4124.0,3.0,20.0,8.0,100.0,17.986105
4125.0,5.0,20.0,8.0,100.0,14.265343
4126.0,10.0,20.0,8.0,100.0,3.0643883
4127.0,20.0,20.0,8.0,100.0,4.494441
4128.0,40.0,20.0,8.0,100.0,2.7237792
4129.0,49.0,20.0,8.0,100.0,2.6043441
4130.0,0.0,20.0,8.0,100.0,0.0
4131.0,0.5,20.0,8.0,100.0,53.42596
4132.0,1.0,20.0,8.0,100.0,22.015146
4133.0,2.0,20.0,8.0,100.0,6.9451637
4134.0,3.0,20.0,8.0,100.0,0.0
4135.0,5.0,20.0,8.0,100.0,16.84382
4136.0,10.0,20.0,8.0,100.0,3.8419054
4137.0,20.0,20.0,8.0,100.0,3.1770375
4138.0,40.0,20.0,8.0,100.0,10.077902
4139.0,49.0,20.0,8.0,100.0,2.1887155
4140.0,0.0,20.0,8.0,100.0,0.0
4141.0,0.5,20.0,8.0,100.0,0.0
4142.0,1.0,20.0,8.0,100.0,18.470053
4143.0,2.0,20.0,8.0,100.0,13.180071
4144.0,3.0,20.0,8.0,100.0,12.101423
4145.0,5.0,20.0,8.0,100.0,13.756384
4146.0,10.0,20.0,8.0,100.0,1.9976177
4147.0,20.0,20.0,8.0,100.0,2.9479613
4148.0,40.0,20.0,8.0,100.0,2.0953462
4149.0,49.0,20.0,8.0,100.0,4.648687
4150.0,0.0,20.0,8.0,100.0,0.0
4151.0,0.5,20.0,8.0,100.0,0.0
4152.0,1.0,20.0,8.0,100.0,11.094635
4153.0,2.0,20.0,8.0,100.0,34.268547
4154.0,3.0,20.0,8.0,100.0,13.747727
4155.0,5.0,20.0,8.0,100.0,6.650622
4156.0,10.0,20.0,8.0,100.0,3.38037
4157.0,20.0,20.0,8.0,100.0,3.5516727
4158.0,40.0,20.0,8.0,100.0,2.9409392
4159.0,49.0,20.0,8.0,100.0,3.8419054
4160.0,0.0,20.0,8.0,100.0,0.0
4161.0,0.5,20.0,8.0,100.0,0.0
4162.0,1.0,20.0,8.0,100.0,15.334369
4163.0,2.0,20.0,8.0,100.0,5.6979527
4164.0,3.0,20.0,8.0,100.0,15.862254
4165.0,5.0,20.0,8.0,100.0,7.037992
4166.0,10.0,20.0,8.0,100.0,6.9808326
4167.0,20.0,20.0,8.0,100.0,2.1887157
4168.0,40.0,20.0,8.0,100.0,3.6944723
4169.0,49.0,20.0,8.0,100.0,5.406549
4170.0,0.0,20.0,8.0,100.0,0.0
4171.0,0.5,20.0,8.0,100.0,18.018509
4172.0,1.0,20.0,8.0,100.0,50.81666
4173.0,2.0,20.0,8.0,100.0,8.1664505
4174.0,3.0,20.0,8.0,100.0,19.294214
4175.0,5.0,20.0,8.0,100.0,15.427249
4176.0,10.0,20.0,8.0,100.0,3.5334537
4177.0,20.0,20.0,8.0,100.0,3.5861254
4178.0,40.0,20.0,8.0,100.0,5.0237536
4179.0,49.0,20.0,8.0,100.0,3.015042
4180.0,0.0,20.0,8.0,100.0,31.257
4181.0,0.5,20.0,8.0,100.0,42.44212
4182.0,1.0,20.0,8.0,100.0,24.399452
4183.0,2.0,20.0,8.0,100.0,0.0
4184.0,3.0,20.0,8.0,100.0,4.8810015
4185.0,5.0,20.0,8.0,100.0,8.383967
4186.0,10.0,20.0,8.0,100.0,3.3000722
4187.0,20.0,20.0,8.0,100.0,3.8993177
4188.0,40.0,20.0,8.0,100.0,4.625736
4189.0,49.0,20.0,8.0,100.0,5.9148374
4190.0,0.0,20.0,8.0,100.0,0.0
4191.0,0.5,20.0,8.0,100.0,39.95414
4192.0,1.0,20.0,8.0,100.0,0.0
4193.0,2.0,20.0,8.0,100.0,45.62163
4194.0,3.0,20.0,8.0,100.0,23.51737
4195.0,5.0,20.0,8.0,100.0,6.078848
4196.0,10.0,20.0,8.0,100.0,1.8975749
4197.0,20.0,20.0,8.0,100.0,5.7776256
4198.0,40.0,20.0,8.0,100.0,6.0198092
4199.0,49.0,20.0,8.0,100.0,2.773171
4200.0,0.0,20.0,8.0,100.0,0.0
4201.0,0.5,20.0,8.0,100.0,0.0
4202.0,1.0,20.0,8.0,100.0,20.744476
4203.0,2.0,20.0,8.0,100.0,32.465366
4204.0,3.0,20.0,8.0,100.0,0.0
4205.0,5.0,20.0,8.0,100.0,10.8577585
4206.0,10.0,20.0,8.0,100.0,5.972464
4207.0,20.0,20.0,8.0,100.0,4.0255036
4208.0,40.0,20.0,8.0,100.0,7.8462796
4209.0,49.0,20.0,8.0,100.0,4.9198256
4210.0,0.0,20.0,8.0,100.0,0.0
4211.0,0.5,20.0,8.0,100.0,0.0
4212.0,1.0,20.0,8.0,100.0,0.0
4213.0,2.0,20.0,8.0,100.0,5.2602596
4214.0,3.0,20.0,8.0,100.0,15.656025
4215.0,5.0,20.0,8.0,100.0,10.509255
4216.0,10.0,20.0,8.0,100.0,1.8734678
4217.0,20.0,20.0,8.0,100.0,2.3857284
4218.0,40.0,20.0,8.0,100.0,2.058435
4219.0,49.0,20.0,8.0,100.0,3.8386579
4220.0,0.0,20.0,8.0,100.0,50.806824
4221.0,0.5,20.0,8.0,100.0,0.0
4222.0,1.0,20.0,8.0,100.0,42.899105
4223.0,2.0,20.0,8.0,100.0,14.3527
4224.0,3.0,20.0,8.0,100.0,50.91169
4225.0,5.0,20.0,8.0,100.0,8.478136
4226.0,10.0,20.0,8.0,100.0,13.250337
4227.0,20.0,20.0,8.0,100.0,1.8708287
4228.0,40.0,20.0,8.0,100.0,3.9558976
4229.0,49.0,20.0,8.0,100.0,8.637726
4230.0,0.0,20.0,8.0,100.0,0.0
4231.0,0.5,20.0,8.0,100.0,4.382079
4232.0,1.0,20.0,8.0,100.0,0.0
4233.0,2.0,20.0,8.0,100.0,28.746014
4234.0,3.0,20.0,8.0,100.0,10.889051
4235.0,5.0,20.0,8.0,100.0,25.826344
4236.0,10.0,20.0,8.0,100.0,2.725234
4237.0,20.0,20.0,8.0,100.0,3.6185036
4238.0,40.0,20.0,8.0,100.0,2.725234
4239.0,49.0,20.0,8.0,100.0,3.3000722
4240.0,0.0,20.0,8.0,100.0,0.0
4241.0,0.5,20.0,8.0,100.0,39.247078
4242.0,1.0,20.0,8.0,100.0,27.21213
4243.0,2.0,20.0,8.0,100.0,34.80661
4244.0,3.0,20.0,8.0,100.0,13.176156
4245.0,5.0,20.0,8.0,100.0,10.143516
4246.0,10.0,20.0,8.0,100.0,8.6657505
4247.0,20.0,20.0,8.0,100.0,2.479162
4248.0,40.0,20.0,8.0,100.0,2.5671923
4249.0,49.0,20.0,8.0,100.0,2.515564
4250.0,0.0,20.0,8.0,100.0,0.0
4251.0,0.5,20.0,8.0,100.0,0.0
4252.0,1.0,20.0,8.0,100.0,35.303444
4253.0,2.0,20.0,8.0,100.0,28.571547
4254.0,3.0,20.0,8.0,100.0,17.616282
4255.0,5.0,20.0,8.0,100.0,5.62764
4256.0,10.0,20.0,8.0,100.0,5.1862736
4257.0,20.0,20.0,8.0,100.0,2.5785892
4258.0,40.0,20.0,8.0,100.0,4.70038
4259.0,49.0,20.0,8.0,100.0,4.1964617
4260.0,0.0,20.0,8.0,100.0,0.0
4261.0,0.5,20.0,8.0,100.0,10.969655
4262.0,1.0,20.0,8.0,100.0,16.507574
4263.0,2.0,20.0,8.0,100.0,36.61056
4264.0,3.0,20.0,8.0,100.0,19.198215
4265.0,5.0,20.0,8.0,100.0,17.478558
4266.0,10.0,20.0,8.0,100.0,3.7393126
4267.0,20.0,20.0,8.0,100.0,2.2409027
4268.0,40.0,20.0,8.0,100.0,3.8846464
4269.0,49.0,20.0,8.0,100.0,5.5776596
4270.0,0.0,20.0,8.0,100.0,0.0
4271.0,0.5,20.0,8.0,100.0,31.085901
4272.0,1.0,20.0,8.0,100.0,32.731228
4273.0,2.0,20.0,8.0,100.0,39.247078
4274.0,3.0,20.0,8.0,100.0,43.661575
4275.0,5.0,20.0,8.0,100.0,16.72039
4276.0,10.0,20.0,8.0,100.0,6.036519
4277.0,20.0,20.0,8.0,100.0,2.4494898
4278.0,40.0,20.0,8.0,100.0,2.3001037
4279.0,49.0,20.0,8.0,100.0,5.898345
4280.0,0.0,20.0,8.0,100.0,0.0
4281.0,0.5,20.0,8.0,100.0,0.0
4282.0,1.0,20.0,8.0,100.0,0.0
4283.0,2.0,20.0,8.0,100.0,32.02083
4284.0,3.0,20.0,8.0,100.0,57.982758
4285.0,5.0,20.0,8.0,100.0,18.217209
4286.0,10.0,20.0,8.0,100.0,17.471066
4287.0,20.0,20.0,8.0,100.0,2.808999
4288.0,40.0,20.0,8.0,100.0,3.4935195
4289.0,49.0,20.0,8.0,100.0,3.4130812
4290.0,0.0,20.0,8.0,100.0,0.0
4291.0,0.5,20.0,8.0,100.0,28.360771
4292.0,1.0,20.0,8.0,100.0,39.004272
4293.0,2.0,20.0,8.0,100.0,30.01111
4294.0,3.0,20.0,8.0,100.0,4.526068
4295.0,5.0,20.0,8.0,100.0,5.6862407
4296.0,10.0,20.0,8.0,100.0,6.7152987
4297.0,20.0,20.0,8.0,100.0,4.0939264
4298.0,40.0,20.0,8.0,100.0,2.9635465
4299.0,49.0,20.0,8.0,100.0,2.5865955
4300.0,0.0,20.0,8.0,100.0,0.0
4301.0,0.5,20.0,8.0,100.0,3.4027853
4302.0,1.0,20.0,8.0,100.0,37.20663
4303.0,2.0,20.0,8.0,100.0,46.800995
4304.0,3.0,20.0,8.0,100.0,26.919634
4305.0,5.0,20.0,8.0,100.0,16.643316
4306.0,10.0,20.0,8.0,100.0,2.5785892
4307.0,20.0,20.0,8.0,100.0,3.6031177
4308.0,40.0,20.0,8.0,100.0,3.03158
4309.0,49.0,20.0,8.0,100.0,9.393514
4310.0,0.0,20.0,8.0,100.0,0.0
4311.0,0.5,20.0,8.0,100.0,22.992752
4312.0,1.0,20.0,8.0,100.0,41.404507
4313.0,2.0,20.0,8.0,100.0,12.935739
4314.0,3.0,20.0,8.0,100.0,16.883919
4315.0,5.0,20.0,8.0,100.0,6.818424
4316.0,10.0,20.0,8.0,100.0,3.681787
4317.0,20.0,20.0,8.0,100.0,4.214289
4318.0,40.0,20.0,8.0,100.0,5.789975
4319.0,49.0,20.0,8.0,100.0,3.8274174
4320.0,0.0,20.0,8.0,100.0,0.0
4321.0,0.5,20.0,8.0,100.0,56.568542
4322.0,1.0,20.0,8.0,100.0,55.154327
4323.0,2.0,20.0,8.0,100.0,26.159765
4324.0,3.0,20.0,8.0,100.0,23.860706
4325.0,5.0,20.0,8.0,100.0,19.310741
4326.0,10.0,20.0,8.0,100.0,15.014279
4327.0,20.0,20.0,8.0,100.0,5.90426
4328.0,40.0,20.0,8.0,100.0,3.8059552
4329.0,49.0,20.0,8.0,100.0,4.428351
4330.0,0.0,20.0,8.0,100.0,0.0
4331.0,0.5,20.0,8.0,100.0,0.0
4332.0,1.0,20.0,8.0,100.0,0.0
4333.0,2.0,20.0,8.0,100.0,7.3872476
4334.0,3.0,20.0,8.0,100.0,27.313
4335.0,5.0,20.0,8.0,100.0,14.40004
4336.0,10.0,20.0,8.0,100.0,4.2536535
4337.0,20.0,20.0,8.0,100.0,3.2389004
4338.0,40.0,20.0,8.0,100.0,2.533569
4339.0,49.0,20.0,8.0,100.0,3.315189
4340.0,0.0,20.0,8.0,100.0,0.0
4341.0,0.5,20.0,8.0,100.0,0.0
4342.0,1.0,20.0,8.0,100.0,45.62163
4343.0,2.0,20.0,8.0,100.0,13.080945
4344.0,3.0,20.0,8.0,100.0,34.765884
4345.0,5.0,20.0,8.0,100.0,17.177504
4346.0,10.0,20.0,8.0,100.0,2.2114422
4347.0,20.0,20.0,8.0,100.0,2.366599
4348.0,40.0,20.0,8.0,100.0,3.388996
4349.0,49.0,20.0,8.0,100.0,3.4482572
4350.0,0.0,20.0,8.0,100.0,0.0
4351.0,0.5,20.0,8.0,100.0,37.20663
4352.0,1.0,20.0,8.0,100.0,28.219378
4353.0,2.0,20.0,8.0,100.0,42.899105
4354.0,3.0,20.0,8.0,100.0,13.707836
4355.0,5.0,20.0,8.0,100.0,22.042385
4356.0,10.0,20.0,8.0,100.0,6.0670857
4357.0,20.0,20.0,8.0,100.0,3.756367
4358.0,40.0,20.0,8.0,100.0,4.7021585
4359.0,49.0,20.0,8.0,100.0,3.6338243
4360.0,0.0,20.0,8.0,100.0,0.0
4361.0,0.5,20.0,8.0,100.0,0.0
4362.0,1.0,20.0,8.0,100.0,42.899105
4363.0,2.0,20.0,8.0,100.0,21.16601
4364.0,3.0,20.0,8.0,100.0,9.30005
4365.0,5.0,20.0,8.0,100.0,3.6977296
4366.0,10.0,20.0,8.0,100.0,9.577619
4367.0,20.0,20.0,8.0,100.0,3.2848861
4368.0,40.0,20.0,8.0,100.0,10.964979
4369.0,49.0,20.0,8.0,100.0,5.318879
4370.0,0.0,20.0,8.0,100.0,0.0
4371.0,0.5,20.0,8.0,100.0,0.0
4372.0,1.0,20.0,8.0,100.0,7.164728
4373.0,2.0,20.0,8.0,100.0,9.4604435
4374.0,3.0,20.0,8.0,100.0,38.686775
4375.0,5.0,20.0,8.0,100.0,9.237604
4376.0,10.0,20.0,8.0,100.0,3.7244258
4377.0,20.0,20.0,8.0,100.0,8.250097
4378.0,40.0,20.0,8.0,100.0,2.4685154
4379.0,49.0,20.0,8.0,100.0,3.7393122
4380.0,0.0,20.0,8.0,100.0,0.0
4381.0,0.5,20.0,8.0,100.0,0.0
4382.0,1.0,20.0,8.0,100.0,0.0
4383.0,2.0,20.0,8.0,100.0,21.73323
4384.0,3.0,20.0,8.0,100.0,14.841384
4385.0,5.0,20.0,8.0,100.0,22.55364
4386.0,10.0,20.0,8.0,100.0,3.3112574
4387.0,20.0,20.0,8.0,100.0,2.288483
4388.0,40.0,20.0,8.0,100.0,6.920798
4389.0,49.0,20.0,8.0,100.0,4.013763
4390.0,0.0,20.0,8.0,100.0,0.0
4391.0,0.5,20.0,8.0,100.0,37.434387
4392.0,1.0,20.0,8.0,100.0,43.661575
4393.0,2.0,20.0,8.0,100.0,17.138094
4394.0,3.0,20.0,8.0,100.0,9.954442
4395.0,5.0,20.0,8.0,100.0,9.510228
4396.0,10.0,20.0,8.0,100.0,3.0480282
4397.0,20.0,20.0,8.0,100.0,3.3403435
4398.0,40.0,20.0,8.0,100.0,2.5080822
4399.0,49.0,20.0,8.0,100.0,3.0643883
4400.0,0.0,20.0,8.0,100.0,0.0
4401.0,0.5,20.0,8.0,100.0,0.0
4402.0,1.0,20.0,8.0,100.0,33.00505
4403.0,2.0,20.0,8.0,100.0,12.76596
4404.0,3.0,20.0,8.0,100.0,15.378262
4405.0,5.0,20.0,8.0,100.0,10.34945
4406.0,10.0,20.0,8.0,100.0,10.507018
4407.0,20.0,20.0,8.0,100.0,4.2370253
4408.0,40.0,20.0,8.0,100.0,3.6490808
4409.0,49.0,20.0,8.0,100.0,2.1236482
4410.0,0.0,20.0,8.0,100.0,0.0
4411.0,0.5,20.0,8.0,100.0,29.569128
4412.0,1.0,20.0,8.0,100.0,41.404507
4413.0,2.0,20.0,8.0,100.0,32.50641
4414.0,3.0,20.0,8.0,100.0,11.06044
4415.0,5.0,20.0,8.0,100.0,7.7940526
4416.0,10.0,20.0,8.0,100.0,2.896632
4417.0,20.0,20.0,8.0,100.0,5.3821297
4418.0,40.0,20.0,8.0,100.0,3.3473392
4419.0,49.0,20.0,8.0,100.0,2.6561882
4420.0,0.0,20.0,8.0,100.0,0.0
4421.0,0.5,20.0,8.0,100.0,0.0
4422.0,1.0,20.0,8.0,100.0,18.50225
4423.0,2.0,20.0,8.0,100.0,15.986601
4424.0,3.0,20.0,8.0,100.0,5.883052
4425.0,5.0,20.0,8.0,100.0,31.817186
4426.0,10.0,20.0,8.0,100.0,13.341664
4427.0,20.0,20.0,8.0,100.0,2.1657507
4428.0,40.0,20.0,8.0,100.0,2.7080128
4429.0,49.0,20.0,8.0,100.0,3.0480282
4430.0,0.0,20.0,8.0,100.0,0.0
4431.0,0.5,20.0,8.0,100.0,28.0238
4432.0,1.0,20.0,8.0,100.0,29.855206
4433.0,2.0,20.0,8.0,100.0,19.949938
4434.0,3.0,20.0,8.0,100.0,29.246082
4435.0,5.0,20.0,8.0,100.0,11.329657
4436.0,10.0,20.0,8.0,100.0,8.537498
4437.0,20.0,20.0,8.0,100.0,3.7275646
4438.0,40.0,20.0,8.0,100.0,5.394001
4439.0,49.0,20.0,8.0,100.0,5.2190137
4440.0,0.0,20.0,8.0,100.0,0.0
4441.0,0.5,20.0,8.0,100.0,26.480904
4442.0,1.0,20.0,8.0,100.0,46.003624
4443.0,2.0,20.0,8.0,100.0,21.400934
4444.0,3.0,20.0,8.0,100.0,23.759209
4445.0,5.0,20.0,8.0,100.0,14.40734
4446.0,10.0,20.0,8.0,100.0,10.367783
4447.0,20.0,20.0,8.0,100.0,2.3055997
4448.0,40.0,20.0,8.0,100.0,8.615728
4449.0,49.0,20.0,8.0,100.0,3.0883672
4450.0,0.0,20.0,8.0,100.0,0.0
4451.0,0.5,20.0,8.0,100.0,0.0
4452.0,1.0,20.0,8.0,100.0,0.0
4453.0,2.0,20.0,8.0,100.0,24.54248
4454.0,3.0,20.0,8.0,100.0,11.224972
4455.0,5.0,20.0,8.0,100.0,33.020195
4456.0,10.0,20.0,8.0,100.0,6.675635
4457.0,20.0,20.0,8.0,100.0,2.7032125
4458.0,40.0,20.0,8.0,100.0,2.6217394
4459.0,49.0,20.0,8.0,100.0,6.2640324
4460.0,0.0,20.0,8.0,100.0,0.0
4461.0,0.5,20.0,8.0,100.0,46.801
4462.0,1.0,20.0,8.0,100.0,41.404507
4463.0,2.0,20.0,8.0,100.0,10.879389
4464.0,3.0,20.0,8.0,100.0,16.158934
4465.0,5.0,20.0,8.0,100.0,15.286952
4466.0,10.0,20.0,8.0,100.0,6.6380796
4467.0,20.0,20.0,8.0,100.0,2.0713465
4468.0,40.0,20.0,8.0,100.0,4.2884116
4469.0,49.0,20.0,8.0,100.0,7.6853185
4470.0,0.0,20.0,8.0,100.0,0.0
4471.0,0.5,20.0,8.0,100.0,17.9722
4472.0,1.0,20.0,8.0,100.0,24.179882
4473.0,2.0,20.0,8.0,100.0,12.221338
4474.0,3.0,20.0,8.0,100.0,4.2706084
4475.0,5.0,20.0,8.0,100.0,1.9469146
4476.0,10.0,20.0,8.0,100.0,4.6033115
4477.0,20.0,20.0,8.0,100.0,5.2187443
4478.0,40.0,20.0,8.0,100.0,2.7185428
4479.0,49.0,20.0,8.0,100.0,3.4293199
4480.0,0.0,20.0,8.0,100.0,0.0
4481.0,0.5,20.0,8.0,100.0,10.338807
4482.0,1.0,20.0,8.0,100.0,0.0
4483.0,2.0,20.0,8.0,100.0,30.105371
4484.0,3.0,20.0,8.0,100.0,13.118343
4485.0,5.0,20.0,8.0,100.0,3.448257
4486.0,10.0,20.0,8.0,100.0,6.139786
4487.0,20.0,20.0,8.0,100.0,5.2599115
4488.0,40.0,20.0,8.0,100.0,5.521349
4489.0,49.0,20.0,8.0,100.0,6.0553017
4490.0,0.0,20.0,8.0,100.0,0.0
4491.0,0.5,20.0,8.0,100.0,0.0
4492.0,1.0,20.0,8.0,100.0,44.43347
4493.0,2.0,20.0,8.0,100.0,9.449387
4494.0,3.0,20.0,8.0,100.0,50.91169
4495.0,5.0,20.0,8.0,100.0,28.635643
4496.0,10.0,20.0,8.0,100.0,18.604061
4497.0,20.0,20.0,8.0,100.0,1.9681255
4498.0,40.0,20.0,8.0,100.0,10.411408
4499.0,49.0,20.0,8.0,100.0,6.9556417
4500.0,0.0,20.0,9.0,100.0,0.0
4501.0,0.5,20.0,9.0,100.0,3.3332107
4502.0,1.0,20.0,9.0,100.0,51.733288
4503.0,2.0,20.0,9.0,100.0,14.772883
4504.0,3.0,20.0,9.0,100.0,29.656364
4505.0,5.0,20.0,9.0,100.0,24.617067
4506.0,10.0,20.0,9.0,100.0,5.1223135
4507.0,20.0,20.0,9.0,100.0,1.7795131
4508.0,40.0,20.0,9.0,100.0,2.020726
4509.0,49.0,20.0,9.0,100.0,4.120978
4510.0,0.0,20.0,9.0,100.0,0.0
4511.0,0.5,20.0,9.0,100.0,52.576927
4512.0,1.0,20.0,9.0,100.0,34.0196
4513.0,2.0,20.0,9.0,100.0,29.263174
4514.0,3.0,20.0,9.0,100.0,13.472194
4515.0,5.0,20.0,9.0,100.0,4.186145
4516.0,10.0,20.0,9.0,100.0,4.1344366
4517.0,20.0,20.0,9.0,100.0,7.489676
4518.0,40.0,20.0,9.0,100.0,4.48224
4519.0,49.0,20.0,9.0,100.0,2.2685335
4520.0,0.0,20.0,9.0,100.0,0.0
4521.0,0.5,20.0,9.0,100.0,14.043888
4522.0,1.0,20.0,9.0,100.0,0.0
4523.0,2.0,20.0,9.0,100.0,3.9978065
4524.0,3.0,20.0,9.0,100.0,17.259918
4525.0,5.0,20.0,9.0,100.0,11.465892
4526.0,10.0,20.0,9.0,100.0,2.527939
4527.0,20.0,20.0,9.0,100.0,4.514527
4528.0,40.0,20.0,9.0,100.0,4.044786
4529.0,49.0,20.0,9.0,100.0,9.649409
4530.0,0.0,20.0,9.0,100.0,0.0
4531.0,0.5,20.0,9.0,100.0,50.895317
4532.0,1.0,20.0,9.0,100.0,54.280136
4533.0,2.0,20.0,9.0,100.0,27.319101
4534.0,3.0,20.0,9.0,100.0,5.6776133
4535.0,5.0,20.0,9.0,100.0,11.930353
4536.0,10.0,20.0,9.0,100.0,4.539856
4537.0,20.0,20.0,9.0,100.0,3.9230695
4538.0,40.0,20.0,9.0,100.0,7.7501035
4539.0,49.0,20.0,9.0,100.0,8.1000185
4540.0,0.0,20.0,9.0,100.0,0.0
4541.0,0.5,20.0,9.0,100.0,0.0
4542.0,1.0,20.0,9.0,100.0,22.501852
4543.0,2.0,20.0,9.0,100.0,4.7182026
4544.0,3.0,20.0,9.0,100.0,37.20663
4545.0,5.0,20.0,9.0,100.0,3.2234263
4546.0,10.0,20.0,9.0,100.0,3.450869
4547.0,20.0,20.0,9.0,100.0,2.2968156
4548.0,40.0,20.0,9.0,100.0,2.4475448
4549.0,49.0,20.0,9.0,100.0,4.530321
4550.0,0.0,20.0,9.0,100.0,0.0
4551.0,0.5,20.0,9.0,100.0,23.755701
4552.0,1.0,20.0,9.0,100.0,28.536528
4553.0,2.0,20.0,9.0,100.0,13.603921
4554.0,3.0,20.0,9.0,100.0,14.079706
4555.0,5.0,20.0,9.0,100.0,17.328205
4556.0,10.0,20.0,9.0,100.0,5.3445396
4557.0,20.0,20.0,9.0,100.0,4.2142897
4558.0,40.0,20.0,9.0,100.0,4.2179203
4559.0,49.0,20.0,9.0,100.0,2.745544
4560.0,0.0,20.0,9.0,100.0,0.0
4561.0,0.5,20.0,9.0,100.0,41.404507
4562.0,1.0,20.0,9.0,100.0,39.310726
4563.0,2.0,20.0,9.0,100.0,29.143324
4564.0,3.0,20.0,9.0,100.0,37.607624
4565.0,5.0,20.0,9.0,100.0,4.730851
4566.0,10.0,20.0,9.0,100.0,3.2573447
4567.0,20.0,20.0,9.0,100.0,7.5293365
4568.0,40.0,20.0,9.0,100.0,3.0315802
4569.0,49.0,20.0,9.0,100.0,2.3001037
4570.0,0.0,20.0,9.0,100.0,0.0
4571.0,0.5,20.0,9.0,100.0,29.690065
4572.0,1.0,20.0,9.0,100.0,11.657226
4573.0,2.0,20.0,9.0,100.0,12.0950775
4574.0,3.0,20.0,9.0,100.0,19.51922
4575.0,5.0,20.0,9.0,100.0,8.179086
4576.0,10.0,20.0,9.0,100.0,5.0560956
4577.0,20.0,20.0,9.0,100.0,2.808999
4578.0,40.0,20.0,9.0,100.0,2.4791622
4579.0,49.0,20.0,9.0,100.0,5.6391487
4580.0,0.0,20.0,9.0,100.0,0.0
4581.0,0.5,20.0,9.0,100.0,49.08496
4582.0,1.0,20.0,9.0,100.0,28.041634
4583.0,2.0,20.0,9.0,100.0,14.862866
4584.0,3.0,20.0,9.0,100.0,17.55671
4585.0,5.0,20.0,9.0,100.0,6.7579827
4586.0,10.0,20.0,9.0,100.0,3.2938843
4587.0,20.0,20.0,9.0,100.0,2.166033
4588.0,40.0,20.0,9.0,100.0,2.791143
4589.0,49.0,20.0,9.0,100.0,2.4422176
4590.0,0.0,20.0,9.0,100.0,0.0
4591.0,0.5,20.0,9.0,100.0,0.0
4592.0,1.0,20.0,9.0,100.0,0.0
4593.0,2.0,20.0,9.0,100.0,25.081202
4594.0,3.0,20.0,9.0,100.0,10.739336
4595.0,5.0,20.0,9.0,100.0,7.457286
4596.0,10.0,20.0,9.0,100.0,5.3823504
4597.0,20.0,20.0,9.0,100.0,2.883711
4598.0,40.0,20.0,9.0,100.0,4.897478
4599.0,49.0,20.0,9.0,100.0,6.102303
4600.0,0.0,20.0,9.0,100.0,0.0
4601.0,0.5,20.0,9.0,100.0,0.0
4602.0,1.0,20.0,9.0,100.0,34.31229
4603.0,2.0,20.0,9.0,100.0,29.608557
4604.0,3.0,20.0,9.0,100.0,30.339743
4605.0,5.0,20.0,9.0,100.0,2.7720408
4606.0,10.0,20.0,9.0,100.0,2.0615528
4607.0,20.0,20.0,9.0,100.0,2.1449451
4608.0,40.0,20.0,9.0,100.0,3.6490808
4609.0,49.0,20.0,9.0,100.0,4.741866
4610.0,0.0,20.0,9.0,100.0,0.0
4611.0,0.5,20.0,9.0,100.0,29.87195
4612.0,1.0,20.0,9.0,100.0,49.23752
4613.0,2.0,20.0,9.0,100.0,16.859362
4614.0,3.0,20.0,9.0,100.0,10.34945
4615.0,5.0,20.0,9.0,100.0,11.420344
4616.0,10.0,20.0,9.0,100.0,3.9357946
4617.0,20.0,20.0,9.0,100.0,4.3858056
4618.0,40.0,20.0,9.0,100.0,8.594844
4619.0,49.0,20.0,9.0,100.0,14.862399
4620.0,0.0,20.0,9.0,100.0,0.0
4621.0,0.5,20.0,9.0,100.0,9.899495
4622.0,1.0,20.0,9.0,100.0,0.0
4623.0,2.0,20.0,9.0,100.0,17.986105
4624.0,3.0,20.0,9.0,100.0,3.8223414
4625.0,5.0,20.0,9.0,100.0,7.96964
4626.0,10.0,20.0,9.0,100.0,2.9912152
4627.0,20.0,20.0,9.0,100.0,1.4289409
4628.0,40.0,20.0,9.0,100.0,2.467889
4629.0,49.0,20.0,9.0,100.0,2.9409392
4630.0,0.0,20.0,9.0,100.0,0.0
4631.0,0.5,20.0,9.0,100.0,20.349718
4632.0,1.0,20.0,9.0,100.0,36.66515
4633.0,2.0,20.0,9.0,100.0,5.1816664
4634.0,3.0,20.0,9.0,100.0,9.513149
4635.0,5.0,20.0,9.0,100.0,33.773758
4636.0,10.0,20.0,9.0,100.0,3.9135394
4637.0,20.0,20.0,9.0,100.0,3.8588178
4638.0,40.0,20.0,9.0,100.0,3.4337265
4639.0,49.0,20.0,9.0,100.0,3.8717537
4640.0,0.0,20.0,9.0,100.0,0.0
4641.0,0.5,20.0,9.0,100.0,29.569128
4642.0,1.0,20.0,9.0,100.0,0.0
4643.0,2.0,20.0,9.0,100.0,18.20518
4644.0,3.0,20.0,9.0,100.0,14.111798
4645.0,5.0,20.0,9.0,100.0,7.227399
4646.0,10.0,20.0,9.0,100.0,11.195237
4647.0,20.0,20.0,9.0,100.0,4.7707686
4648.0,40.0,20.0,9.0,100.0,4.201086
4649.0,49.0,20.0,9.0,100.0,2.3278685
4650.0,0.0,20.0,9.0,100.0,0.0
4651.0,0.5,20.0,9.0,100.0,43.661575
4652.0,1.0,20.0,9.0,100.0,16.563011
4653.0,2.0,20.0,9.0,100.0,5.814596
4654.0,3.0,20.0,9.0,100.0,38.88873
4655.0,5.0,20.0,9.0,100.0,8.602325
4656.0,10.0,20.0,9.0,100.0,6.549614
4657.0,20.0,20.0,9.0,100.0,2.8443763
4658.0,40.0,20.0,9.0,100.0,5.2501526
4659.0,49.0,20.0,9.0,100.0,6.4622164
4660.0,0.0,20.0,9.0,100.0,0.0
4661.0,0.5,20.0,9.0,100.0,0.0
4662.0,1.0,20.0,9.0,100.0,34.122326
4663.0,2.0,20.0,9.0,100.0,35.907288
4664.0,3.0,20.0,9.0,100.0,29.905407
4665.0,5.0,20.0,9.0,100.0,9.829095
4666.0,10.0,20.0,9.0,100.0,5.468866
4667.0,20.0,20.0,9.0,100.0,5.5888543
4668.0,40.0,20.0,9.0,100.0,2.9479616
4669.0,49.0,20.0,9.0,100.0,7.7208233
4670.0,0.0,20.0,9.0,100.0,0.0
4671.0,0.5,20.0,9.0,100.0,53.42596
4672.0,1.0,20.0,9.0,100.0,5.842249
4673.0,2.0,20.0,9.0,100.0,19.273472
4674.0,3.0,20.0,9.0,100.0,23.140873
4675.0,5.0,20.0,9.0,100.0,33.105892
4676.0,10.0,20.0,9.0,100.0,33.47138
4677.0,20.0,20.0,9.0,100.0,6.5100656
4678.0,40.0,20.0,9.0,100.0,2.9029124
4679.0,49.0,20.0,9.0,100.0,2.9138422
4680.0,0.0,20.0,9.0,100.0,0.0
4681.0,0.5,20.0,9.0,100.0,16.970562
4682.0,1.0,20.0,9.0,100.0,14.827901
4683.0,2.0,20.0,9.0,100.0,14.767901
4684.0,3.0,20.0,9.0,100.0,11.637379
4685.0,5.0,20.0,9.0,100.0,13.457753
4686.0,10.0,20.0,9.0,100.0,3.9277096
4687.0,20.0,20.0,9.0,100.0,3.2381005
4688.0,40.0,20.0,9.0,100.0,3.6380346
4689.0,49.0,20.0,9.0,100.0,6.477066
4690.0,0.0,20.0,9.0,100.0,0.0
4691.0,0.5,20.0,9.0,100.0,0.0
4692.0,1.0,20.0,9.0,100.0,0.0
4693.0,2.0,20.0,9.0,100.0,29.68726
4694.0,3.0,20.0,9.0,100.0,19.634153
4695.0,5.0,20.0,9.0,100.0,5.186274
4696.0,10.0,20.0,9.0,100.0,6.7377625
4697.0,20.0,20.0,9.0,100.0,2.4828413
4698.0,40.0,20.0,9.0,100.0,2.288483
4699.0,49.0,20.0,9.0,100.0,2.0803998
4700.0,0.0,20.0,9.0,100.0,0.0
4701.0,0.5,20.0,9.0,100.0,13.606721
4702.0,1.0,20.0,9.0,100.0,0.0
4703.0,2.0,20.0,9.0,100.0,24.752104
4704.0,3.0,20.0,9.0,100.0,10.653638
4705.0,5.0,20.0,9.0,100.0,8.944272
4706.0,10.0,20.0,9.0,100.0,9.459964
4707.0,20.0,20.0,9.0,100.0,7.3137484
4708.0,40.0,20.0,9.0,100.0,6.6511726
4709.0,49.0,20.0,9.0,100.0,7.959919
4710.0,0.0,20.0,9.0,100.0,0.0
4711.0,0.5,20.0,9.0,100.0,33.020195
4712.0,1.0,20.0,9.0,100.0,52.3259
4713.0,2.0,20.0,9.0,100.0,43.661575
4714.0,3.0,20.0,9.0,100.0,11.218784
4715.0,5.0,20.0,9.0,100.0,9.159954
4716.0,10.0,20.0,9.0,100.0,6.97615
4717.0,20.0,20.0,9.0,100.0,2.6614532
4718.0,40.0,20.0,9.0,100.0,2.5514467
4719.0,49.0,20.0,9.0,100.0,5.011017
4720.0,0.0,20.0,9.0,100.0,0.0
4721.0,0.5,20.0,9.0,100.0,45.214306
4722.0,1.0,20.0,9.0,100.0,0.0
4723.0,2.0,20.0,9.0,100.0,11.353623
4724.0,3.0,20.0,9.0,100.0,9.841602
4725.0,5.0,20.0,9.0,100.0,11.553827
4726.0,10.0,20.0,9.0,100.0,5.026596
4727.0,20.0,20.0,9.0,100.0,2.166033
4728.0,40.0,20.0,9.0,100.0,2.5351334
4729.0,49.0,20.0,9.0,100.0,3.4438777
4730.0,0.0,20.0,9.0,100.0,0.0
4731.0,0.5,20.0,9.0,100.0,40.611984
4732.0,1.0,20.0,9.0,100.0,7.583963
4733.0,2.0,20.0,9.0,100.0,15.691976
4734.0,3.0,20.0,9.0,100.0,22.007574
4735.0,5.0,20.0,9.0,100.0,10.094104
4736.0,10.0,20.0,9.0,100.0,5.7816005
4737.0,20.0,20.0,9.0,100.0,3.5334537
4738.0,40.0,20.0,9.0,100.0,3.8110116
4739.0,49.0,20.0,9.0,100.0,3.9135394
4740.0,0.0,20.0,9.0,100.0,0.0
4741.0,0.5,20.0,9.0,100.0,8.5049
4742.0,1.0,20.0,9.0,100.0,39.95414
4743.0,2.0,20.0,9.0,100.0,28.00595
4744.0,3.0,20.0,9.0,100.0,22.321249
4745.0,5.0,20.0,9.0,100.0,2.600045
4746.0,10.0,20.0,9.0,100.0,3.7556975
4747.0,20.0,20.0,9.0,100.0,2.8739762
4748.0,40.0,20.0,9.0,100.0,4.859042
4749.0,49.0,20.0,9.0,100.0,9.428198
4750.0,0.0,20.0,9.0,100.0,0.0
4751.0,0.5,20.0,9.0,100.0,31.53305
4752.0,1.0,20.0,9.0,100.0,0.0
4753.0,2.0,20.0,9.0,100.0,36.85557
4754.0,3.0,20.0,9.0,100.0,13.2664995
4755.0,5.0,20.0,9.0,100.0,26.583202
4756.0,10.0,20.0,9.0,100.0,6.472823
4757.0,20.0,20.0,9.0,100.0,2.4494898
4758.0,40.0,20.0,9.0,100.0,9.022053
4759.0,49.0,20.0,9.0,100.0,7.273062
4760.0,0.0,20.0,9.0,100.0,0.0
4761.0,0.5,20.0,9.0,100.0,14.021809
4762.0,1.0,20.0,9.0,100.0,4.8785243
4763.0,2.0,20.0,9.0,100.0,36.115555
4764.0,3.0,20.0,9.0,100.0,4.2848916
4765.0,5.0,20.0,9.0,100.0,10.703804
4766.0,10.0,20.0,9.0,100.0,10.084191
4767.0,20.0,20.0,9.0,100.0,3.5510974
4768.0,40.0,20.0,9.0,100.0,2.6058543
4769.0,49.0,20.0,9.0,100.0,12.152815
4770.0,0.0,20.0,9.0,100.0,20.624285
4771.0,0.5,20.0,9.0,100.0,0.0
4772.0,1.0,20.0,9.0,100.0,33.70954
4773.0,2.0,20.0,9.0,100.0,14.035668
4774.0,3.0,20.0,9.0,100.0,8.947855
4775.0,5.0,20.0,9.0,100.0,5.6035705
4776.0,10.0,20.0,9.0,100.0,3.7352889
4777.0,20.0,20.0,9.0,100.0,2.5692003
4778.0,40.0,20.0,9.0,100.0,4.8260207
4779.0,49.0,20.0,9.0,100.0,2.5155642
4780.0,0.0,20.0,9.0,100.0,0.0
4781.0,0.5,20.0,9.0,100.0,0.0
4782.0,1.0,20.0,9.0,100.0,28.536526
4783.0,2.0,20.0,9.0,100.0,16.792856
4784.0,3.0,20.0,9.0,100.0,6.837197
4785.0,5.0,20.0,9.0,100.0,17.918333
4786.0,10.0,20.0,9.0,100.0,6.6701503
4787.0,20.0,20.0,9.0,100.0,5.380742
4788.0,40.0,20.0,9.0,100.0,2.2114422
4789.0,49.0,20.0,9.0,100.0,4.807317
4790.0,0.0,20.0,9.0,100.0,13.419796
4791.0,0.5,20.0,9.0,100.0,17.578396
4792.0,1.0,20.0,9.0,100.0,28.00595
4793.0,2.0,20.0,9.0,100.0,19.849434
4794.0,3.0,20.0,9.0,100.0,26.645824
4795.0,5.0,20.0,9.0,100.0,6.7747645
4796.0,10.0,20.0,9.0,100.0,6.2981486
4797.0,20.0,20.0,9.0,100.0,2.5480886
4798.0,40.0,20.0,9.0,100.0,3.2118201
4799.0,49.0,20.0,9.0,100.0,3.7982762
4800.0,0.0,20.0,9.0,100.0,0.0
4801.0,0.5,20.0,9.0,100.0,0.0
4802.0,1.0,20.0,9.0,100.0,49.08496
4803.0,2.0,20.0,9.0,100.0,37.581024
4804.0,3.0,20.0,9.0,100.0,15.66844
4805.0,5.0,20.0,9.0,100.0,19.327997
4806.0,10.0,20.0,9.0,100.0,4.414215
4807.0,20.0,20.0,9.0,100.0,2.700088
4808.0,40.0,20.0,9.0,100.0,7.078863
4809.0,49.0,20.0,9.0,100.0,11.666667
4810.0,0.0,20.0,9.0,100.0,0.0
4811.0,0.5,20.0,9.0,100.0,47.353283
4812.0,1.0,20.0,9.0,100.0,38.552994
4813.0,2.0,20.0,9.0,100.0,17.22125
4814.0,3.0,20.0,9.0,100.0,23.140152
4815.0,5.0,20.0,9.0,100.0,20.196653
4816.0,10.0,20.0,9.0,100.0,8.725358
4817.0,20.0,20.0,9.0,100.0,2.423534
4818.0,40.0,20.0,9.0,100.0,2.4607592
4819.0,49.0,20.0,9.0,100.0,4.654747
4820.0,0.0,20.0,9.0,100.0,0.0
4821.0,0.5,20.0,9.0,100.0,0.0
4822.0,1.0,20.0,9.0,100.0,29.740545
4823.0,2.0,20.0,9.0,100.0,32.109188
4824.0,3.0,20.0,9.0,100.0,42.14657
4825.0,5.0,20.0,9.0,100.0,23.535181
4826.0,10.0,20.0,9.0,100.0,9.079892
4827.0,20.0,20.0,9.0,100.0,3.2802796
4828.0,40.0,20.0,9.0,100.0,3.7689095
4829.0,49.0,20.0,9.0,100.0,4.4283514
4830.0,0.0,20.0,9.0,100.0,0.0
4831.0,0.5,20.0,9.0,100.0,27.856777
4832.0,1.0,20.0,9.0,100.0,17.262676
4833.0,2.0,20.0,9.0,100.0,5.485913
4834.0,3.0,20.0,9.0,100.0,23.25736
4835.0,5.0,20.0,9.0,100.0,16.730354
4836.0,10.0,20.0,9.0,100.0,6.286214
4837.0,20.0,20.0,9.0,100.0,4.5531054
4838.0,40.0,20.0,9.0,100.0,2.5785894
4839.0,49.0,20.0,9.0,100.0,3.5721471
4840.0,0.0,20.0,9.0,100.0,0.0
4841.0,0.5,20.0,9.0,100.0,0.0
4842.0,1.0,20.0,9.0,100.0,0.0
4843.0,2.0,20.0,9.0,100.0,0.0
4844.0,3.0,20.0,9.0,100.0,30.463093
4845.0,5.0,20.0,9.0,100.0,3.9824986
4846.0,10.0,20.0,9.0,100.0,10.230673
4847.0,20.0,20.0,9.0,100.0,2.4828413
4848.0,40.0,20.0,9.0,100.0,12.161611
4849.0,49.0,20.0,9.0,100.0,6.8184247
4850.0,0.0,20.0,9.0,100.0,0.0
4851.0,0.5,20.0,9.0,100.0,0.0
4852.0,1.0,20.0,9.0,100.0,28.746014
4853.0,2.0,20.0,9.0,100.0,21.36976
4854.0,3.0,20.0,9.0,100.0,28.988503
4855.0,5.0,20.0,9.0,100.0,14.933185
4856.0,10.0,20.0,9.0,100.0,4.9102235
4857.0,20.0,20.0,9.0,100.0,2.102135
4858.0,40.0,20.0,9.0,100.0,1.95789
4859.0,49.0,20.0,9.0,100.0,4.299453
4860.0,0.0,20.0,9.0,100.0,0.0
4861.0,0.5,20.0,9.0,100.0,39.247078
4862.0,1.0,20.0,9.0,100.0,0.0
4863.0,2.0,20.0,9.0,100.0,38.552994
4864.0,3.0,20.0,9.0,100.0,18.641352
4865.0,5.0,20.0,9.0,100.0,3.7244256
4866.0,10.0,20.0,9.0,100.0,3.2848861
4867.0,20.0,20.0,9.0,100.0,3.8852594
4868.0,40.0,20.0,9.0,100.0,4.9897323
4869.0,49.0,20.0,9.0,100.0,5.3273787
4870.0,0.0,20.0,9.0,100.0,0.0
4871.0,0.5,20.0,9.0,100.0,0.0
4872.0,1.0,20.0,9.0,100.0,39.247078
4873.0,2.0,20.0,9.0,100.0,4.420182
4874.0,3.0,20.0,9.0,100.0,11.085617
4875.0,5.0,20.0,9.0,100.0,2.283007
4876.0,10.0,20.0,9.0,100.0,3.347339
4877.0,20.0,20.0,9.0,100.0,3.5879683
4878.0,40.0,20.0,9.0,100.0,5.150128
4879.0,49.0,20.0,9.0,100.0,3.3735664
4880.0,0.0,20.0,9.0,100.0,0.0
4881.0,0.5,20.0,9.0,100.0,0.0
4882.0,1.0,20.0,9.0,100.0,15.424162
4883.0,2.0,20.0,9.0,100.0,27.45906
4884.0,3.0,20.0,9.0,100.0,34.36083
4885.0,5.0,20.0,9.0,100.0,11.728408
4886.0,10.0,20.0,9.0,100.0,9.636447
4887.0,20.0,20.0,9.0,100.0,3.179669
4888.0,40.0,20.0,9.0,100.0,3.4044788
4889.0,49.0,20.0,9.0,100.0,2.2173557
4890.0,0.0,20.0,9.0,100.0,0.0
4891.0,0.5,20.0,9.0,100.0,32.290348
4892.0,1.0,20.0,9.0,100.0,50.895317
4893.0,2.0,20.0,9.0,100.0,28.219378
4894.0,3.0,20.0,9.0,100.0,12.604012
4895.0,5.0,20.0,9.0,100.0,7.769189
4896.0,10.0,20.0,9.0,100.0,11.27346
4897.0,20.0,20.0,9.0,100.0,2.643951
4898.0,40.0,20.0,9.0,100.0,2.0615528
4899.0,49.0,20.0,9.0,100.0,5.627315
4900.0,0.0,20.0,9.0,100.0,0.0
4901.0,0.5,20.0,9.0,100.0,0.0
4902.0,1.0,20.0,9.0,100.0,42.899105
4903.0,2.0,20.0,9.0,100.0,0.0
4904.0,3.0,20.0,9.0,100.0,2.745544
4905.0,5.0,20.0,9.0,100.0,15.982133
4906.0,10.0,20.0,9.0,100.0,4.482771
4907.0,20.0,20.0,9.0,100.0,3.9824984
4908.0,40.0,20.0,9.0,100.0,5.3108077
4909.0,49.0,20.0,9.0,100.0,17.66352
4910.0,0.0,20.0,9.0,100.0,0.0
4911.0,0.5,20.0,9.0,100.0,30.270998
4912.0,1.0,20.0,9.0,100.0,48.418316
4913.0,2.0,20.0,9.0,100.0,14.207784
4914.0,3.0,20.0,9.0,100.0,16.204056
4915.0,5.0,20.0,9.0,100.0,5.5884495
4916.0,10.0,20.0,9.0,100.0,4.6409063
4917.0,20.0,20.0,9.0,100.0,4.4577293
4918.0,40.0,20.0,9.0,100.0,1.8975748
4919.0,49.0,20.0,9.0,100.0,3.4193127
4920.0,0.0,20.0,9.0,100.0,0.0
4921.0,0.5,20.0,9.0,100.0,46.801
4922.0,1.0,20.0,9.0,100.0,11.313708
4923.0,2.0,20.0,9.0,100.0,44.43347
4924.0,3.0,20.0,9.0,100.0,30.435724
4925.0,5.0,20.0,9.0,100.0,10.290331
4926.0,10.0,20.0,9.0,100.0,5.5884495
4927.0,20.0,20.0,9.0,100.0,6.3320804
4928.0,40.0,20.0,9.0,100.0,3.5341868
4929.0,49.0,20.0,9.0,100.0,2.1213202
4930.0,0.0,20.0,9.0,100.0,20.660618
4931.0,0.5,20.0,9.0,100.0,18.811195
4932.0,1.0,20.0,9.0,100.0,0.0
4933.0,2.0,20.0,9.0,100.0,41.404507
4934.0,3.0,20.0,9.0,100.0,21.679483
4935.0,5.0,20.0,9.0,100.0,17.15337
4936.0,10.0,20.0,9.0,100.0,2.9784803
4937.0,20.0,20.0,9.0,100.0,3.1131496
4938.0,40.0,20.0,9.0,100.0,23.40109
4939.0,49.0,20.0,9.0,100.0,4.8203
4940.0,0.0,20.0,9.0,100.0,0.0
4941.0,0.5,20.0,9.0,100.0,37.872593
4942.0,1.0,20.0,9.0,100.0,41.01219
4943.0,2.0,20.0,9.0,100.0,0.0
4944.0,3.0,20.0,9.0,100.0,3.9418287
4945.0,5.0,20.0,9.0,100.0,8.586663
4946.0,10.0,20.0,9.0,100.0,7.2501106
4947.0,20.0,20.0,9.0,100.0,4.6754994
4948.0,40.0,20.0,9.0,100.0,2.1817958
4949.0,49.0,20.0,9.0,100.0,10.22208
4950.0,0.0,20.0,9.0,100.0,0.0
4951.0,0.5,20.0,9.0,100.0,0.0
4952.0,1.0,20.0,9.0,100.0,31.085903
4953.0,2.0,20.0,9.0,100.0,6.6431823
4954.0,3.0,20.0,9.0,100.0,13.063945
4955.0,5.0,20.0,9.0,100.0,11.766034
4956.0,10.0,20.0,9.0,100.0,5.9068527
4957.0,20.0,20.0,9.0,100.0,3.6657755
4958.0,40.0,20.0,9.0,100.0,2.9138424
4959.0,49.0,20.0,9.0,100.0,6.4988685
4960.0,0.0,20.0,9.0,100.0,0.0
4961.0,0.5,20.0,9.0,100.0,0.0
4962.0,1.0,20.0,9.0,100.0,28.00595
4963.0,2.0,20.0,9.0,100.0,16.502525
4964.0,3.0,20.0,9.0,100.0,34.18577
4965.0,5.0,20.0,9.0,100.0,14.445299
4966.0,10.0,20.0,9.0,100.0,5.7650065
4967.0,20.0,20.0,9.0,100.0,3.2389004
4968.0,40.0,20.0,9.0,100.0,8.410159
4969.0,49.0,20.0,9.0,100.0,4.859042
4970.0,0.0,20.0,9.0,100.0,0.0
4971.0,0.5,20.0,9.0,100.0,46.800995
4972.0,1.0,20.0,9.0,100.0,12.053668
4973.0,2.0,20.0,9.0,100.0,11.313708
4974.0,3.0,20.0,9.0,100.0,39.95414
4975.0,5.0,20.0,9.0,100.0,18.685364
4976.0,10.0,20.0,9.0,100.0,3.5510976
4977.0,20.0,20.0,9.0,100.0,2.4685154
4978.0,40.0,20.0,9.0,100.0,7.8036814
4979.0,49.0,20.0,9.0,100.0,2.773171
4980.0,0.0,20.0,9.0,100.0,0.0
4981.0,0.5,20.0,9.0,100.0,0.0
4982.0,1.0,20.0,9.0,100.0,0.0
4983.0,2.0,20.0,9.0,100.0,37.287174
4984.0,3.0,20.0,9.0,100.0,14.651507
4985.0,5.0,20.0,9.0,100.0,9.259091
4986.0,10.0,20.0,9.0,100.0,5.9241233
4987.0,20.0,20.0,9.0,100.0,2.123648
4988.0,40.0,20.0,9.0,100.0,3.3000722
4989.0,49.0,20.0,9.0,100.0,3.448257
4990.0,0.0,20.0,9.0,100.0,0.0
4991.0,0.5,20.0,9.0,100.0,0.0
4992.0,1.0,20.0,9.0,100.0,0.0
4993.0,2.0,20.0,9.0,100.0,21.86321
4994.0,3.0,20.0,9.0,100.0,14.882876
4995.0,5.0,20.0,9.0,100.0,8.324116
4996.0,10.0,20.0,9.0,100.0,8.17371
4997.0,20.0,20.0,9.0,100.0,2.5476413
4998.0,40.0,20.0,9.0,100.0,3.1418698
4999.0,49.0,20.0,9.0,100.0,8.584694
