Factor 1,Factor 2,Factor 3,Factor 4,Factor 5,Result 1
0.0,0.0,0.0,2.0,100.0,29.389936
1.0,0.5,0.0,2.0,100.0,15.5801525
2.0,1.0,0.0,2.0,100.0,27.231293
3.0,2.0,0.0,2.0,100.0,28.201258
4.0,3.0,0.0,2.0,100.0,16.066177
5.0,5.0,0.0,2.0,100.0,14.741667
6.0,10.0,0.0,2.0,100.0,17.99315
7.0,20.0,0.0,2.0,100.0,28.558685
8.0,40.0,0.0,2.0,100.0,27.03211
9.0,49.0,0.0,2.0,100.0,34.37879
10.0,0.0,0.0,2.0,100.0,29.81761
11.0,0.5,0.0,2.0,100.0,29.607595
12.0,1.0,0.0,2.0,100.0,14.354838
13.0,2.0,0.0,2.0,100.0,14.524475
14.0,3.0,0.0,2.0,100.0,24.962732
15.0,5.0,0.0,2.0,100.0,11.088
16.0,10.0,0.0,2.0,100.0,26.462687
17.0,20.0,0.0,2.0,100.0,28.01646
18.0,40.0,0.0,2.0,100.0,20.145065
19.0,49.0,0.0,2.0,100.0,25.267822
20.0,0.0,0.0,2.0,100.0,29.625
21.0,0.5,0.0,2.0,100.0,26.041958
22.0,1.0,0.0,2.0,100.0,15.0737705
23.0,2.0,0.0,2.0,100.0,22.38961
24.0,3.0,0.0,2.0,100.0,10.701612
25.0,5.0,0.0,2.0,100.0,19.441559
26.0,10.0,0.0,2.0,100.0,19.030674
27.0,20.0,0.0,2.0,100.0,28.474104
28.0,40.0,0.0,2.0,100.0,38.75
29.0,49.0,0.0,2.0,100.0,30.237352
30.0,0.0,0.0,2.0,100.0,28.292994
31.0,0.5,0.0,2.0,100.0,27.935898
32.0,1.0,0.0,2.0,100.0,29.333334
33.0,2.0,0.0,2.0,100.0,20.726562
34.0,3.0,0.0,2.0,100.0,13.986207
35.0,5.0,0.0,2.0,100.0,13.714286
36.0,10.0,0.0,2.0,100.0,10.649254
37.0,20.0,0.0,2.0,100.0,28.678392
38.0,40.0,0.0,2.0,100.0,19.424603
39.0,49.0,0.0,2.0,100.0,41.55683
40.0,0.0,0.0,2.0,100.0,29.215189
41.0,0.5,0.0,2.0,100.0,21.032259
42.0,1.0,0.0,2.0,100.0,19.766666
43.0,2.0,0.0,2.0,100.0,21.06383
44.0,3.0,0.0,2.0,100.0,12.984252
45.0,5.0,0.0,2.0,100.0,16.422535
46.0,10.0,0.0,2.0,100.0,23.096045
47.0,20.0,0.0,2.0,100.0,23.075556
48.0,40.0,0.0,2.0,100.0,27.615156
49.0,49.0,0.0,2.0,100.0,24.994297
50.0,0.0,0.0,2.0,100.0,29.327044
51.0,0.5,0.0,2.0,100.0,29.316456
52.0,1.0,0.0,2.0,100.0,15.16
53.0,2.0,0.0,2.0,100.0,22.568628
54.0,3.0,0.0,2.0,100.0,21.729033
55.0,5.0,0.0,2.0,100.0,10.693548
56.0,10.0,0.0,2.0,100.0,21.853659
57.0,20.0,0.0,2.0,100.0,23.63889
58.0,40.0,0.0,2.0,100.0,43.51795
59.0,49.0,0.0,2.0,100.0,28.351347
60.0,0.0,0.0,2.0,100.0,28.66242
61.0,0.5,0.0,2.0,100.0,27.398735
62.0,1.0,0.0,2.0,100.0,14.124087
63.0,2.0,0.0,2.0,100.0,15.888889
64.0,3.0,0.0,2.0,100.0,29.304348
65.0,5.0,0.0,2.0,100.0,18.119719
66.0,10.0,0.0,2.0,100.0,23.139666
67.0,20.0,0.0,2.0,100.0,27.919283
68.0,40.0,0.0,2.0,100.0,27.854736
69.0,49.0,0.0,2.0,100.0,22.953655
70.0,0.0,0.0,2.0,100.0,28.67516
71.0,0.5,0.0,2.0,100.0,29.8
72.0,1.0,0.0,2.0,100.0,28.401274
73.0,2.0,0.0,2.0,100.0,15.358209
74.0,3.0,0.0,2.0,100.0,17.366667
75.0,5.0,0.0,2.0,100.0,12.098485
76.0,10.0,0.0,2.0,100.0,14.79114
77.0,20.0,0.0,2.0,100.0,23.66827
78.0,40.0,0.0,2.0,100.0,29.749142
79.0,49.0,0.0,2.0,100.0,35.706585
80.0,0.0,0.0,2.0,100.0,52.295963
81.0,0.5,0.0,2.0,100.0,29.196203
82.0,1.0,0.0,2.0,100.0,29.587097
83.0,2.0,0.0,2.0,100.0,15.119403
84.0,3.0,0.0,2.0,100.0,11.325203
85.0,5.0,0.0,2.0,100.0,18.496689
86.0,10.0,0.0,2.0,100.0,21.347826
87.0,20.0,0.0,2.0,100.0,34.083332
88.0,40.0,0.0,2.0,100.0,22.019705
89.0,49.0,0.0,2.0,100.0,46.413734
90.0,0.0,0.0,2.0,100.0,29.99375
91.0,0.5,0.0,2.0,100.0,22.917294
92.0,1.0,0.0,2.0,100.0,15.16
93.0,2.0,0.0,2.0,100.0,18.253246
94.0,3.0,0.0,2.0,100.0,11.8
95.0,5.0,0.0,2.0,100.0,21.563637
96.0,10.0,0.0,2.0,100.0,29.834253
97.0,20.0,0.0,2.0,100.0,23.824741
98.0,40.0,0.0,2.0,100.0,29.868813
99.0,49.0,0.0,2.0,100.0,24.921492
100.0,0.0,0.0,2.0,100.0,29.177216
101.0,0.5,0.0,2.0,100.0,27.882353
102.0,1.0,0.0,2.0,100.0,26.17361
103.0,2.0,0.0,2.0,100.0,15.286765
104.0,3.0,0.0,2.0,100.0,16.891891
105.0,5.0,0.0,2.0,100.0,16.401234
106.0,10.0,0.0,2.0,100.0,18.556292
107.0,20.0,0.0,2.0,100.0,24.310043
108.0,40.0,0.0,2.0,100.0,23.393234
109.0,49.0,0.0,2.0,100.0,45.727505
110.0,0.0,0.0,2.0,100.0,29.496855
111.0,0.5,0.0,2.0,100.0,27.333334
112.0,1.0,0.0,2.0,100.0,25.404255
113.0,2.0,0.0,2.0,100.0,12.666667
114.0,3.0,0.0,2.0,100.0,17.4183
115.0,5.0,0.0,2.0,100.0,14.318519
116.0,10.0,0.0,2.0,100.0,16.646708
117.0,20.0,0.0,2.0,100.0,37.034042
118.0,40.0,0.0,2.0,100.0,25.8682
119.0,49.0,0.0,2.0,100.0,45.488754
120.0,0.0,0.0,2.0,100.0,28.898735
121.0,0.5,0.0,2.0,100.0,28.141026
122.0,1.0,0.0,2.0,100.0,11.381356
123.0,2.0,0.0,2.0,100.0,10.633588
124.0,3.0,0.0,2.0,100.0,24.255474
125.0,5.0,0.0,2.0,100.0,21.317648
126.0,10.0,0.0,2.0,100.0,24.75238
127.0,20.0,0.0,2.0,100.0,22.6722
128.0,40.0,0.0,2.0,100.0,30.205624
129.0,49.0,0.0,2.0,100.0,49.604496
130.0,0.0,0.0,2.0,100.0,29.183544
131.0,0.5,0.0,2.0,100.0,29.465408
132.0,1.0,0.0,2.0,100.0,22.358025
133.0,2.0,0.0,2.0,100.0,18.27673
134.0,3.0,0.0,2.0,100.0,13.732824
135.0,5.0,0.0,2.0,100.0,10.632
136.0,10.0,0.0,2.0,100.0,15.636364
137.0,20.0,0.0,2.0,100.0,24.376
138.0,40.0,0.0,2.0,100.0,30.645021
139.0,49.0,0.0,2.0,100.0,30.498592
140.0,0.0,0.0,2.0,100.0,28.879747
141.0,0.5,0.0,2.0,100.0,26.054422
142.0,1.0,0.0,2.0,100.0,21.38168
143.0,2.0,0.0,2.0,100.0,23.697369
144.0,3.0,0.0,2.0,100.0,17.537931
145.0,5.0,0.0,2.0,100.0,11.548148
146.0,10.0,0.0,2.0,100.0,19.730158
147.0,20.0,0.0,2.0,100.0,18.0
148.0,40.0,0.0,2.0,100.0,20.717756
149.0,49.0,0.0,2.0,100.0,21.382269
150.0,0.0,0.0,2.0,100.0,30.0875
151.0,0.5,0.0,2.0,100.0,15.864
152.0,1.0,0.0,2.0,100.0,30.229815
153.0,2.0,0.0,2.0,100.0,10.129032
154.0,3.0,0.0,2.0,100.0,16.292517
155.0,5.0,0.0,2.0,100.0,13.574325
156.0,10.0,0.0,2.0,100.0,19.603352
157.0,20.0,0.0,2.0,100.0,19.099056
158.0,40.0,0.0,2.0,100.0,37.080826
159.0,49.0,0.0,2.0,100.0,38.379803
160.0,0.0,0.0,2.0,100.0,28.98734
161.0,0.5,0.0,2.0,100.0,29.405064
162.0,1.0,0.0,2.0,100.0,29.08228
163.0,2.0,0.0,2.0,100.0,24.651316
164.0,3.0,0.0,2.0,100.0,18.39161
165.0,5.0,0.0,2.0,100.0,17.536144
166.0,10.0,0.0,2.0,100.0,27.398964
167.0,20.0,0.0,2.0,100.0,22.88843
168.0,40.0,0.0,2.0,100.0,30.528017
169.0,49.0,0.0,2.0,100.0,25.103434
170.0,0.0,0.0,2.0,100.0,28.210192
171.0,0.5,0.0,2.0,100.0,50.064518
172.0,1.0,0.0,2.0,100.0,29.1519
173.0,2.0,0.0,2.0,100.0,18.307692
174.0,3.0,0.0,2.0,100.0,21.215279
175.0,5.0,0.0,2.0,100.0,15.513158
176.0,10.0,0.0,2.0,100.0,22.213484
177.0,20.0,0.0,2.0,100.0,30.144104
178.0,40.0,0.0,2.0,100.0,22.126387
179.0,49.0,0.0,2.0,100.0,37.35149
180.0,0.0,0.0,2.0,100.0,28.63924
181.0,0.5,0.0,2.0,100.0,28.159235
182.0,1.0,0.0,2.0,100.0,14.960629
183.0,2.0,0.0,2.0,100.0,24.126583
184.0,3.0,0.0,2.0,100.0,13.6214285
185.0,5.0,0.0,2.0,100.0,10.620689
186.0,10.0,0.0,2.0,100.0,20.721212
187.0,20.0,0.0,2.0,100.0,21.927536
188.0,40.0,0.0,2.0,100.0,17.0
189.0,49.0,0.0,2.0,100.0,42.878387
190.0,0.0,0.0,2.0,100.0,29.842768
191.0,0.5,0.0,2.0,100.0,28.613924
192.0,1.0,0.0,2.0,100.0,22.99359
193.0,2.0,0.0,2.0,100.0,15.601503
194.0,3.0,0.0,2.0,100.0,12.496296
195.0,5.0,0.0,2.0,100.0,15.847826
196.0,10.0,0.0,2.0,100.0,16.396105
197.0,20.0,0.0,2.0,100.0,22.185629
198.0,40.0,0.0,2.0,100.0,31.450407
199.0,49.0,0.0,2.0,100.0,29.833029
200.0,0.0,0.0,2.0,100.0,29.20886
201.0,0.5,0.0,2.0,100.0,29.259493
202.0,1.0,0.0,2.0,100.0,21.875969
203.0,2.0,0.0,2.0,100.0,18.109375
204.0,3.0,0.0,2.0,100.0,19.172186
205.0,5.0,0.0,2.0,100.0,13.465754
206.0,10.0,0.0,2.0,100.0,26.07104
207.0,20.0,0.0,2.0,100.0,18.58763
208.0,40.0,0.0,2.0,100.0,39.59612
209.0,49.0,0.0,2.0,100.0,31.648552
210.0,0.0,0.0,2.0,100.0,28.63924
211.0,0.5,0.0,2.0,100.0,38.100628
212.0,1.0,0.0,2.0,100.0,27.474026
213.0,2.0,0.0,2.0,100.0,16.0
214.0,3.0,0.0,2.0,100.0,13.715447
215.0,5.0,0.0,2.0,100.0,16.694445
216.0,10.0,0.0,2.0,100.0,23.682352
217.0,20.0,0.0,2.0,100.0,17.811518
218.0,40.0,0.0,2.0,100.0,19.400328
219.0,49.0,0.0,2.0,100.0,28.454576
220.0,0.0,0.0,2.0,100.0,28.942675
221.0,0.5,0.0,2.0,100.0,16.563492
222.0,1.0,0.0,2.0,100.0,13.405405
223.0,2.0,0.0,2.0,100.0,14.545455
224.0,3.0,0.0,2.0,100.0,13.865079
225.0,5.0,0.0,2.0,100.0,17.491526
226.0,10.0,0.0,2.0,100.0,18.297297
227.0,20.0,0.0,2.0,100.0,24.269842
228.0,40.0,0.0,2.0,100.0,22.612246
229.0,49.0,0.0,2.0,100.0,28.151722
230.0,0.0,0.0,2.0,100.0,29.050632
231.0,0.5,0.0,2.0,100.0,29.63522
232.0,1.0,0.0,2.0,100.0,29.421383
233.0,2.0,0.0,2.0,100.0,25.38889
234.0,3.0,0.0,2.0,100.0,17.361538
235.0,5.0,0.0,2.0,100.0,16.431654
236.0,10.0,0.0,2.0,100.0,16.136906
237.0,20.0,0.0,2.0,100.0,26.859156
238.0,40.0,0.0,2.0,100.0,21.990244
239.0,49.0,0.0,2.0,100.0,25.316643
240.0,0.0,0.0,2.0,100.0,28.535032
241.0,0.5,0.0,2.0,100.0,17.333334
242.0,1.0,0.0,2.0,100.0,27.194632
243.0,2.0,0.0,2.0,100.0,19.921686
244.0,3.0,0.0,2.0,100.0,14.876713
245.0,5.0,0.0,2.0,100.0,17.358824
246.0,10.0,0.0,2.0,100.0,8.755905
247.0,20.0,0.0,2.0,100.0,20.363207
248.0,40.0,0.0,2.0,100.0,28.492228
249.0,49.0,0.0,2.0,100.0,26.940441
250.0,0.0,0.0,2.0,100.0,29.465408
251.0,0.5,0.0,2.0,100.0,29.333334
252.0,1.0,0.0,2.0,100.0,28.681528
253.0,2.0,0.0,2.0,100.0,18.694216
254.0,3.0,0.0,2.0,100.0,14.132353
255.0,5.0,0.0,2.0,100.0,12.253333
256.0,10.0,0.0,2.0,100.0,21.28409
257.0,20.0,0.0,2.0,100.0,27.262627
258.0,40.0,0.0,2.0,100.0,35.43408
259.0,49.0,0.0,2.0,100.0,27.065033
260.0,0.0,0.0,2.0,100.0,30.285715
261.0,0.5,0.0,2.0,100.0,30.26708
262.0,1.0,0.0,2.0,100.0,29.207546
263.0,2.0,0.0,2.0,100.0,20.280575
264.0,3.0,0.0,2.0,100.0,18.156029
265.0,5.0,0.0,2.0,100.0,11.3309355
266.0,10.0,0.0,2.0,100.0,15.345589
267.0,20.0,0.0,2.0,100.0,24.646067
268.0,40.0,0.0,2.0,100.0,37.233788
269.0,49.0,0.0,2.0,100.0,29.127327
270.0,0.0,0.0,2.0,100.0,34.530727
271.0,0.5,0.0,2.0,100.0,15.532258
272.0,1.0,0.0,2.0,100.0,22.5
273.0,2.0,0.0,2.0,100.0,16.2406
274.0,3.0,0.0,2.0,100.0,17.453125
275.0,5.0,0.0,2.0,100.0,19.075472
276.0,10.0,0.0,2.0,100.0,20.018293
277.0,20.0,0.0,2.0,100.0,27.99052
278.0,40.0,0.0,2.0,100.0,29.166666
279.0,49.0,0.0,2.0,100.0,39.778625
280.0,0.0,0.0,2.0,100.0,29.572327
281.0,0.5,0.0,2.0,100.0,29.425
282.0,1.0,0.0,2.0,100.0,18.175
283.0,2.0,0.0,2.0,100.0,28.99375
284.0,3.0,0.0,2.0,100.0,16.601694
285.0,5.0,0.0,2.0,100.0,13.212766
286.0,10.0,0.0,2.0,100.0,14.745098
287.0,20.0,0.0,2.0,100.0,20.25
288.0,40.0,0.0,2.0,100.0,29.283146
289.0,49.0,0.0,2.0,100.0,28.592728
290.0,0.0,0.0,2.0,100.0,29.53125
291.0,0.5,0.0,2.0,100.0,18.666666
292.0,1.0,0.0,2.0,100.0,20.434483
293.0,2.0,0.0,2.0,100.0,22.371622
294.0,3.0,0.0,2.0,100.0,14.748032
295.0,5.0,0.0,2.0,100.0,12.847826
296.0,10.0,0.0,2.0,100.0,20.512564
297.0,20.0,0.0,2.0,100.0,28.195238
298.0,40.0,0.0,2.0,100.0,19.302084
299.0,49.0,0.0,2.0,100.0,40.280262
300.0,0.0,0.0,2.0,100.0,29.6625
301.0,0.5,0.0,2.0,100.0,19.138212
302.0,1.0,0.0,2.0,100.0,24.023392
303.0,2.0,0.0,2.0,100.0,22.802631
304.0,3.0,0.0,2.0,100.0,10.912699
305.0,5.0,0.0,2.0,100.0,17.346153
306.0,10.0,0.0,2.0,100.0,24.14045
307.0,20.0,0.0,2.0,100.0,28.586872
308.0,40.0,0.0,2.0,100.0,18.444664
309.0,49.0,0.0,2.0,100.0,25.79516
310.0,0.0,0.0,2.0,100.0,29.584906
311.0,0.5,0.0,2.0,100.0,18.439024
312.0,1.0,0.0,2.0,100.0,20.322834
313.0,2.0,0.0,2.0,100.0,15.269841
314.0,3.0,0.0,2.0,100.0,19.013794
315.0,5.0,0.0,2.0,100.0,14.0078125
316.0,10.0,0.0,2.0,100.0,16.28125
317.0,20.0,0.0,2.0,100.0,16.209303
318.0,40.0,0.0,2.0,100.0,28.006172
319.0,49.0,0.0,2.0,100.0,30.210688
320.0,0.0,0.0,2.0,100.0,28.821655
321.0,0.5,0.0,2.0,100.0,14.5
322.0,1.0,0.0,2.0,100.0,15.223141
323.0,2.0,0.0,2.0,100.0,34.098267
324.0,3.0,0.0,2.0,100.0,18.639345
325.0,5.0,0.0,2.0,100.0,18.343948
326.0,10.0,0.0,2.0,100.0,10.532374
327.0,20.0,0.0,2.0,100.0,39.958492
328.0,40.0,0.0,2.0,100.0,22.12882
329.0,49.0,0.0,2.0,100.0,33.556698
330.0,0.0,0.0,2.0,100.0,28.598726
331.0,0.5,0.0,2.0,100.0,23.746376
332.0,1.0,0.0,2.0,100.0,18.860655
333.0,2.0,0.0,2.0,100.0,30.025158
334.0,3.0,0.0,2.0,100.0,11.368
335.0,5.0,0.0,2.0,100.0,17.654089
336.0,10.0,0.0,2.0,100.0,12.298014
337.0,20.0,0.0,2.0,100.0,20.238579
338.0,40.0,0.0,2.0,100.0,29.749569
339.0,49.0,0.0,2.0,100.0,33.866093
340.0,0.0,0.0,2.0,100.0,30.509317
341.0,0.5,0.0,2.0,100.0,25.820513
342.0,1.0,0.0,2.0,100.0,15.596491
343.0,2.0,0.0,2.0,100.0,18.48819
344.0,3.0,0.0,2.0,100.0,22.876812
345.0,5.0,0.0,2.0,100.0,15.126667
346.0,10.0,0.0,2.0,100.0,24.420765
347.0,20.0,0.0,2.0,100.0,24.0
348.0,40.0,0.0,2.0,100.0,33.805492
349.0,49.0,0.0,2.0,100.0,22.732897
350.0,0.0,0.0,2.0,100.0,29.352201
351.0,0.5,0.0,2.0,100.0,14.861789
352.0,1.0,0.0,2.0,100.0,16.966667
353.0,2.0,0.0,2.0,100.0,19.834587
354.0,3.0,0.0,2.0,100.0,18.18
355.0,5.0,0.0,2.0,100.0,13.3046875
356.0,10.0,0.0,2.0,100.0,25.581282
357.0,20.0,0.0,2.0,100.0,31.262295
358.0,40.0,0.0,2.0,100.0,17.846153
359.0,49.0,0.0,2.0,100.0,33.08809
360.0,0.0,0.0,2.0,100.0,56.08051
361.0,0.5,0.0,2.0,100.0,20.312
362.0,1.0,0.0,2.0,100.0,27.801283
363.0,2.0,0.0,2.0,100.0,15.1605835
364.0,3.0,0.0,2.0,100.0,19.291044
365.0,5.0,0.0,2.0,100.0,15.427536
366.0,10.0,0.0,2.0,100.0,24.011494
367.0,20.0,0.0,2.0,100.0,24.972477
368.0,40.0,0.0,2.0,100.0,39.04701
369.0,49.0,0.0,2.0,100.0,48.126247
370.0,0.0,0.0,2.0,100.0,30.167702
371.0,0.5,0.0,2.0,100.0,15.883333
372.0,1.0,0.0,2.0,100.0,14.4375
373.0,2.0,0.0,2.0,100.0,26.052631
374.0,3.0,0.0,2.0,100.0,16.149254
375.0,5.0,0.0,2.0,100.0,16.708956
376.0,10.0,0.0,2.0,100.0,16.006622
377.0,20.0,0.0,2.0,100.0,31.799242
378.0,40.0,0.0,2.0,100.0,28.07819
379.0,49.0,0.0,2.0,100.0,28.739288
380.0,0.0,0.0,2.0,100.0,28.835443
381.0,0.5,0.0,2.0,100.0,28.727848
382.0,1.0,0.0,2.0,100.0,34.645714
383.0,2.0,0.0,2.0,100.0,11.816793
384.0,3.0,0.0,2.0,100.0,19.55862
385.0,5.0,0.0,2.0,100.0,12.311476
386.0,10.0,0.0,2.0,100.0,29.557142
387.0,20.0,0.0,2.0,100.0,28.075222
388.0,40.0,0.0,2.0,100.0,24.948315
389.0,49.0,0.0,2.0,100.0,37.035282
390.0,0.0,0.0,2.0,100.0,30.16875
391.0,0.5,0.0,2.0,100.0,29.132076
392.0,1.0,0.0,2.0,100.0,16.969465
393.0,2.0,0.0,2.0,100.0,13.118644
394.0,3.0,0.0,2.0,100.0,12.934426
395.0,5.0,0.0,2.0,100.0,16.82069
396.0,10.0,0.0,2.0,100.0,17.843575
397.0,20.0,0.0,2.0,100.0,24.46025
398.0,40.0,0.0,2.0,100.0,16.778904
399.0,49.0,0.0,2.0,100.0,36.245365
400.0,0.0,0.0,2.0,100.0,29.647799
401.0,0.5,0.0,2.0,100.0,14.931818
402.0,1.0,0.0,2.0,100.0,19.335665
403.0,2.0,0.0,2.0,100.0,20.797468
404.0,3.0,0.0,2.0,100.0,16.154472
405.0,5.0,0.0,2.0,100.0,11.323741
406.0,10.0,0.0,2.0,100.0,24.246988
407.0,20.0,0.0,2.0,100.0,24.363636
408.0,40.0,0.0,2.0,100.0,25.62521
409.0,49.0,0.0,2.0,100.0,21.876837
410.0,0.0,0.0,2.0,100.0,28.713375
411.0,0.5,0.0,2.0,100.0,23.640522
412.0,1.0,0.0,2.0,100.0,29.70625
413.0,2.0,0.0,2.0,100.0,29.245283
414.0,3.0,0.0,2.0,100.0,26.956284
415.0,5.0,0.0,2.0,100.0,17.993671
416.0,10.0,0.0,2.0,100.0,25.728813
417.0,20.0,0.0,2.0,100.0,17.972094
418.0,40.0,0.0,2.0,100.0,18.83599
419.0,49.0,0.0,2.0,100.0,26.877748
420.0,0.0,0.0,2.0,100.0,28.388535
421.0,0.5,0.0,2.0,100.0,16.708334
422.0,1.0,0.0,2.0,100.0,28.26923
423.0,2.0,0.0,2.0,100.0,30.766083
424.0,3.0,0.0,2.0,100.0,23.162964
425.0,5.0,0.0,2.0,100.0,19.363636
426.0,10.0,0.0,2.0,100.0,28.973959
427.0,20.0,0.0,2.0,100.0,26.355732
428.0,40.0,0.0,2.0,100.0,22.502863
429.0,49.0,0.0,2.0,100.0,16.918297
430.0,0.0,0.0,2.0,100.0,38.5414
431.0,0.5,0.0,2.0,100.0,16.70229
432.0,1.0,0.0,2.0,100.0,14.142858
433.0,2.0,0.0,2.0,100.0,19.328
434.0,3.0,0.0,2.0,100.0,15.433333
435.0,5.0,0.0,2.0,100.0,22.251799
436.0,10.0,0.0,2.0,100.0,21.758865
437.0,20.0,0.0,2.0,100.0,28.522388
438.0,40.0,0.0,2.0,100.0,19.409483
439.0,49.0,0.0,2.0,100.0,32.886707
440.0,0.0,0.0,2.0,100.0,29.471699
441.0,0.5,0.0,2.0,100.0,28.700638
442.0,1.0,0.0,2.0,100.0,20.823944
443.0,2.0,0.0,2.0,100.0,11.450381
444.0,3.0,0.0,2.0,100.0,18.682926
445.0,5.0,0.0,2.0,100.0,18.83815
446.0,10.0,0.0,2.0,100.0,20.832432
447.0,20.0,0.0,2.0,100.0,51.618557
448.0,40.0,0.0,2.0,100.0,21.61771
449.0,49.0,0.0,2.0,100.0,22.603336
450.0,0.0,0.0,2.0,100.0,28.867088
451.0,0.5,0.0,2.0,100.0,26.394905
452.0,1.0,0.0,2.0,100.0,29.094936
453.0,2.0,0.0,2.0,100.0,27.797203
454.0,3.0,0.0,2.0,100.0,23.216417
455.0,5.0,0.0,2.0,100.0,9.507576
456.0,10.0,0.0,2.0,100.0,15.917722
457.0,20.0,0.0,2.0,100.0,19.613861
458.0,40.0,0.0,2.0,100.0,29.016588
459.0,49.0,0.0,2.0,100.0,29.904577
460.0,0.0,0.0,2.0,100.0,29.018988
461.0,0.5,0.0,2.0,100.0,29.45912
462.0,1.0,0.0,2.0,100.0,29.202532
463.0,2.0,0.0,2.0,100.0,28.585987
464.0,3.0,0.0,2.0,100.0,23.88889
465.0,5.0,0.0,2.0,100.0,18.818182
466.0,10.0,0.0,2.0,100.0,14.514925
467.0,20.0,0.0,2.0,100.0,22.390375
468.0,40.0,0.0,2.0,100.0,30.228941
469.0,49.0,0.0,2.0,100.0,28.912447
470.0,0.0,0.0,2.0,100.0,29.08228
471.0,0.5,0.0,2.0,100.0,33.612717
472.0,1.0,0.0,2.0,100.0,15.459259
473.0,2.0,0.0,2.0,100.0,16.745098
474.0,3.0,0.0,2.0,100.0,13.83871
475.0,5.0,0.0,2.0,100.0,20.380367
476.0,10.0,0.0,2.0,100.0,10.282443
477.0,20.0,0.0,2.0,100.0,28.195238
478.0,40.0,0.0,2.0,100.0,34.655476
479.0,49.0,0.0,2.0,100.0,29.715363
480.0,0.0,0.0,2.0,100.0,28.503185
481.0,0.5,0.0,2.0,100.0,29.566038
482.0,1.0,0.0,2.0,100.0,10.233334
483.0,2.0,0.0,2.0,100.0,24.217392
484.0,3.0,0.0,2.0,100.0,21.728682
485.0,5.0,0.0,2.0,100.0,20.402515
486.0,10.0,0.0,2.0,100.0,27.37143
487.0,20.0,0.0,2.0,100.0,29.447155
488.0,40.0,0.0,2.0,100.0,50.23092
489.0,49.0,0.0,2.0,100.0,42.880936
490.0,0.0,0.0,2.0,100.0,28.477707
491.0,0.5,0.0,2.0,100.0,19.65
492.0,1.0,0.0,2.0,100.0,19.422222
493.0,2.0,0.0,2.0,100.0,20.449102
494.0,3.0,0.0,2.0,100.0,11.356589
495.0,5.0,0.0,2.0,100.0,23.513159
496.0,10.0,0.0,2.0,100.0,21.462963
497.0,20.0,0.0,2.0,100.0,20.757732
498.0,40.0,0.0,2.0,100.0,32.661224
499.0,49.0,0.0,2.0,100.0,26.397959
500.0,0.0,10.0,2.0,100.0,30.099379
501.0,0.5,10.0,2.0,100.0,30.0375
502.0,1.0,10.0,2.0,100.0,28.07353
503.0,2.0,10.0,2.0,100.0,28.830189
504.0,3.0,10.0,2.0,100.0,12.5
505.0,5.0,10.0,2.0,100.0,21.696552
506.0,10.0,10.0,2.0,100.0,28.840708
507.0,20.0,10.0,2.0,100.0,23.86636
508.0,40.0,10.0,2.0,100.0,31.39162
509.0,49.0,10.0,2.0,100.0,72.00528
510.0,0.0,10.0,2.0,100.0,29.433962
511.0,0.5,10.0,2.0,100.0,29.62264
512.0,1.0,10.0,2.0,100.0,17.105635
513.0,2.0,10.0,2.0,100.0,26.693878
514.0,3.0,10.0,2.0,100.0,15.419354
515.0,5.0,10.0,2.0,100.0,13.551471
516.0,10.0,10.0,2.0,100.0,27.538921
517.0,20.0,10.0,2.0,100.0,27.12069
518.0,40.0,10.0,2.0,100.0,31.945206
519.0,49.0,10.0,2.0,100.0,40.95521
520.0,0.0,10.0,2.0,100.0,29.591194
521.0,0.5,10.0,2.0,100.0,29.56962
522.0,1.0,10.0,2.0,100.0,20.440298
523.0,2.0,10.0,2.0,100.0,18.755396
524.0,3.0,10.0,2.0,100.0,17.544218
525.0,5.0,10.0,2.0,100.0,25.164772
526.0,10.0,10.0,2.0,100.0,27.201086
527.0,20.0,10.0,2.0,100.0,32.55967
528.0,40.0,10.0,2.0,100.0,34.960526
529.0,49.0,10.0,2.0,100.0,52.49454
530.0,0.0,10.0,2.0,100.0,29.0
531.0,0.5,10.0,2.0,100.0,24.467154
532.0,1.0,10.0,2.0,100.0,17.037594
533.0,2.0,10.0,2.0,100.0,17.527779
534.0,3.0,10.0,2.0,100.0,12.788618
535.0,5.0,10.0,2.0,100.0,13.577236
536.0,10.0,10.0,2.0,100.0,27.502487
537.0,20.0,10.0,2.0,100.0,23.440218
538.0,40.0,10.0,2.0,100.0,42.494717
539.0,49.0,10.0,2.0,100.0,85.91793
540.0,0.0,10.0,2.0,100.0,35.88276
541.0,0.5,10.0,2.0,100.0,29.333334
542.0,1.0,10.0,2.0,100.0,40.333332
543.0,2.0,10.0,2.0,100.0,12.302521
544.0,3.0,10.0,2.0,100.0,12.104838
545.0,5.0,10.0,2.0,100.0,22.105263
546.0,10.0,10.0,2.0,100.0,21.682432
547.0,20.0,10.0,2.0,100.0,20.869791
548.0,40.0,10.0,2.0,100.0,34.464207
549.0,49.0,10.0,2.0,100.0,43.455933
550.0,0.0,10.0,2.0,100.0,28.66242
551.0,0.5,10.0,2.0,100.0,15.858334
552.0,1.0,10.0,2.0,100.0,15.237705
553.0,2.0,10.0,2.0,100.0,18.737226
554.0,3.0,10.0,2.0,100.0,15.366906
555.0,5.0,10.0,2.0,100.0,10.891473
556.0,10.0,10.0,2.0,100.0,27.051813
557.0,20.0,10.0,2.0,100.0,26.976852
558.0,40.0,10.0,2.0,100.0,30.004839
559.0,49.0,10.0,2.0,100.0,41.916508
560.0,0.0,10.0,2.0,100.0,29.660378
561.0,0.5,10.0,2.0,100.0,28.468355
562.0,1.0,10.0,2.0,100.0,14.312977
563.0,2.0,10.0,2.0,100.0,12.4921875
564.0,3.0,10.0,2.0,100.0,21.142857
565.0,5.0,10.0,2.0,100.0,19.198795
566.0,10.0,10.0,2.0,100.0,12.356164
567.0,20.0,10.0,2.0,100.0,23.799044
568.0,40.0,10.0,2.0,100.0,27.10395
569.0,49.0,10.0,2.0,100.0,57.511242
570.0,0.0,10.0,2.0,100.0,28.86076
571.0,0.5,10.0,2.0,100.0,14.323944
572.0,1.0,10.0,2.0,100.0,20.806202
573.0,2.0,10.0,2.0,100.0,20.192
574.0,3.0,10.0,2.0,100.0,15.07826
575.0,5.0,10.0,2.0,100.0,25.312101
576.0,10.0,10.0,2.0,100.0,19.464285
577.0,20.0,10.0,2.0,100.0,22.895834
578.0,40.0,10.0,2.0,100.0,68.87545
579.0,49.0,10.0,2.0,100.0,47.123707
580.0,0.0,10.0,2.0,100.0,29.396227
581.0,0.5,10.0,2.0,100.0,27.82
582.0,1.0,10.0,2.0,100.0,17.607407
583.0,2.0,10.0,2.0,100.0,11.260162
584.0,3.0,10.0,2.0,100.0,10.807407
585.0,5.0,10.0,2.0,100.0,22.826086
586.0,10.0,10.0,2.0,100.0,24.027624
587.0,20.0,10.0,2.0,100.0,20.254658
588.0,40.0,10.0,2.0,100.0,38.747025
589.0,49.0,10.0,2.0,100.0,64.60128
590.0,0.0,10.0,2.0,100.0,27.942308
591.0,0.5,10.0,2.0,100.0,29.509434
592.0,1.0,10.0,2.0,100.0,26.318436
593.0,2.0,10.0,2.0,100.0,22.204546
594.0,3.0,10.0,2.0,100.0,18.30597
595.0,5.0,10.0,2.0,100.0,22.293333
596.0,10.0,10.0,2.0,100.0,18.821838
597.0,20.0,10.0,2.0,100.0,30.969465
598.0,40.0,10.0,2.0,100.0,36.204205
599.0,49.0,10.0,2.0,100.0,52.86678
600.0,0.0,10.0,2.0,100.0,29.556963
601.0,0.5,10.0,2.0,100.0,29.253164
602.0,1.0,10.0,2.0,100.0,14.934783
603.0,2.0,10.0,2.0,100.0,14.08871
604.0,3.0,10.0,2.0,100.0,19.791367
605.0,5.0,10.0,2.0,100.0,20.598425
606.0,10.0,10.0,2.0,100.0,30.027027
607.0,20.0,10.0,2.0,100.0,24.35465
608.0,40.0,10.0,2.0,100.0,34.19338
609.0,49.0,10.0,2.0,100.0,69.01474
610.0,0.0,10.0,2.0,100.0,29.90566
611.0,0.5,10.0,2.0,100.0,29.251572
612.0,1.0,10.0,2.0,100.0,14.859375
613.0,2.0,10.0,2.0,100.0,19.409395
614.0,3.0,10.0,2.0,100.0,13.776
615.0,5.0,10.0,2.0,100.0,22.401274
616.0,10.0,10.0,2.0,100.0,18.369047
617.0,20.0,10.0,2.0,100.0,39.598457
618.0,40.0,10.0,2.0,100.0,35.10685
619.0,49.0,10.0,2.0,100.0,38.531185
620.0,0.0,10.0,2.0,100.0,51.81166
621.0,0.5,10.0,2.0,100.0,24.157143
622.0,1.0,10.0,2.0,100.0,27.258503
623.0,2.0,10.0,2.0,100.0,30.70625
624.0,3.0,10.0,2.0,100.0,23.941559
625.0,5.0,10.0,2.0,100.0,9.908334
626.0,10.0,10.0,2.0,100.0,29.256039
627.0,20.0,10.0,2.0,100.0,27.299145
628.0,40.0,10.0,2.0,100.0,44.935482
629.0,49.0,10.0,2.0,100.0,56.40224
630.0,0.0,10.0,2.0,100.0,29.875
631.0,0.5,10.0,2.0,100.0,18.959677
632.0,1.0,10.0,2.0,100.0,22.742424
633.0,2.0,10.0,2.0,100.0,16.924812
634.0,3.0,10.0,2.0,100.0,14.25
635.0,5.0,10.0,2.0,100.0,20.961538
636.0,10.0,10.0,2.0,100.0,23.852942
637.0,20.0,10.0,2.0,100.0,22.33721
638.0,40.0,10.0,2.0,100.0,28.39454
639.0,49.0,10.0,2.0,100.0,97.30741
640.0,0.0,10.0,2.0,100.0,29.44654
641.0,0.5,10.0,2.0,100.0,18.157024
642.0,1.0,10.0,2.0,100.0,15.849206
643.0,2.0,10.0,2.0,100.0,18.783783
644.0,3.0,10.0,2.0,100.0,19.184616
645.0,5.0,10.0,2.0,100.0,15.044118
646.0,10.0,10.0,2.0,100.0,14.08
647.0,20.0,10.0,2.0,100.0,33.455696
648.0,40.0,10.0,2.0,100.0,36.172638
649.0,49.0,10.0,2.0,100.0,55.08298
650.0,0.0,10.0,2.0,100.0,29.265823
651.0,0.5,10.0,2.0,100.0,18.030535
652.0,1.0,10.0,2.0,100.0,28.605095
653.0,2.0,10.0,2.0,100.0,12.421875
654.0,3.0,10.0,2.0,100.0,24.937063
655.0,5.0,10.0,2.0,100.0,16.271318
656.0,10.0,10.0,2.0,100.0,20.081966
657.0,20.0,10.0,2.0,100.0,19.989246
658.0,40.0,10.0,2.0,100.0,28.860237
659.0,49.0,10.0,2.0,100.0,38.148277
660.0,0.0,10.0,2.0,100.0,29.70625
661.0,0.5,10.0,2.0,100.0,15.186567
662.0,1.0,10.0,2.0,100.0,22.536764
663.0,2.0,10.0,2.0,100.0,19.851852
664.0,3.0,10.0,2.0,100.0,12.791305
665.0,5.0,10.0,2.0,100.0,17.902098
666.0,10.0,10.0,2.0,100.0,23.180723
667.0,20.0,10.0,2.0,100.0,21.626795
668.0,40.0,10.0,2.0,100.0,26.379105
669.0,49.0,10.0,2.0,100.0,47.61905
670.0,0.0,10.0,2.0,100.0,28.636942
671.0,0.5,10.0,2.0,100.0,26.755102
672.0,1.0,10.0,2.0,100.0,16.282442
673.0,2.0,10.0,2.0,100.0,21.892857
674.0,3.0,10.0,2.0,100.0,18.48936
675.0,5.0,10.0,2.0,100.0,13.096774
676.0,10.0,10.0,2.0,100.0,23.245714
677.0,20.0,10.0,2.0,100.0,24.84264
678.0,40.0,10.0,2.0,100.0,29.466333
679.0,49.0,10.0,2.0,100.0,49.8863
680.0,0.0,10.0,2.0,100.0,28.550632
681.0,0.5,10.0,2.0,100.0,29.566038
682.0,1.0,10.0,2.0,100.0,15.32258
683.0,2.0,10.0,2.0,100.0,15.21875
684.0,3.0,10.0,2.0,100.0,15.115646
685.0,5.0,10.0,2.0,100.0,21.0625
686.0,10.0,10.0,2.0,100.0,22.366667
687.0,20.0,10.0,2.0,100.0,20.608696
688.0,40.0,10.0,2.0,100.0,31.514084
689.0,49.0,10.0,2.0,100.0,41.740295
690.0,0.0,10.0,2.0,100.0,28.943037
691.0,0.5,10.0,2.0,100.0,25.084507
692.0,1.0,10.0,2.0,100.0,14.780488
693.0,2.0,10.0,2.0,100.0,16.357143
694.0,3.0,10.0,2.0,100.0,25.19697
695.0,5.0,10.0,2.0,100.0,13.666667
696.0,10.0,10.0,2.0,100.0,22.20904
697.0,20.0,10.0,2.0,100.0,21.461538
698.0,40.0,10.0,2.0,100.0,32.418316
699.0,49.0,10.0,2.0,100.0,69.87034
700.0,0.0,10.0,2.0,100.0,28.732485
701.0,0.5,10.0,2.0,100.0,29.89937
702.0,1.0,10.0,2.0,100.0,26.06993
703.0,2.0,10.0,2.0,100.0,27.632257
704.0,3.0,10.0,2.0,100.0,13.741936
705.0,5.0,10.0,2.0,100.0,21.906832
706.0,10.0,10.0,2.0,100.0,18.00565
707.0,20.0,10.0,2.0,100.0,23.86937
708.0,40.0,10.0,2.0,100.0,25.663244
709.0,49.0,10.0,2.0,100.0,44.85691
710.0,0.0,10.0,2.0,100.0,29.1519
711.0,0.5,10.0,2.0,100.0,30.447205
712.0,1.0,10.0,2.0,100.0,19.515625
713.0,2.0,10.0,2.0,100.0,13.80597
714.0,3.0,10.0,2.0,100.0,15.1292515
715.0,5.0,10.0,2.0,100.0,22.232704
716.0,10.0,10.0,2.0,100.0,17.402367
717.0,20.0,10.0,2.0,100.0,28.949495
718.0,40.0,10.0,2.0,100.0,37.00786
719.0,49.0,10.0,2.0,100.0,46.238827
720.0,0.0,10.0,2.0,100.0,28.847134
721.0,0.5,10.0,2.0,100.0,28.93038
722.0,1.0,10.0,2.0,100.0,16.728682
723.0,2.0,10.0,2.0,100.0,16.514706
724.0,3.0,10.0,2.0,100.0,10.5245905
725.0,5.0,10.0,2.0,100.0,26.28777
726.0,10.0,10.0,2.0,100.0,30.14573
727.0,20.0,10.0,2.0,100.0,31.033653
728.0,40.0,10.0,2.0,100.0,31.234468
729.0,49.0,10.0,2.0,100.0,60.645782
730.0,0.0,10.0,2.0,100.0,29.01266
731.0,0.5,10.0,2.0,100.0,20.425198
732.0,1.0,10.0,2.0,100.0,29.37736
733.0,2.0,10.0,2.0,100.0,10.31405
734.0,3.0,10.0,2.0,100.0,16.09091
735.0,5.0,10.0,2.0,100.0,11.0
736.0,10.0,10.0,2.0,100.0,18.256983
737.0,20.0,10.0,2.0,100.0,20.255434
738.0,40.0,10.0,2.0,100.0,40.13983
739.0,49.0,10.0,2.0,100.0,55.46198
740.0,0.0,10.0,2.0,100.0,29.35849
741.0,0.5,10.0,2.0,100.0,29.283018
742.0,1.0,10.0,2.0,100.0,18.764227
743.0,2.0,10.0,2.0,100.0,23.255173
744.0,3.0,10.0,2.0,100.0,12.8984375
745.0,5.0,10.0,2.0,100.0,25.457447
746.0,10.0,10.0,2.0,100.0,17.341772
747.0,20.0,10.0,2.0,100.0,21.016483
748.0,40.0,10.0,2.0,100.0,51.316635
749.0,49.0,10.0,2.0,100.0,91.22204
750.0,0.0,10.0,2.0,100.0,29.333334
751.0,0.5,10.0,2.0,100.0,28.98726
752.0,1.0,10.0,2.0,100.0,26.597315
753.0,2.0,10.0,2.0,100.0,26.732485
754.0,3.0,10.0,2.0,100.0,28.435898
755.0,5.0,10.0,2.0,100.0,11.725806
756.0,10.0,10.0,2.0,100.0,14.592105
757.0,20.0,10.0,2.0,100.0,29.367088
758.0,40.0,10.0,2.0,100.0,29.029057
759.0,49.0,10.0,2.0,100.0,58.81182
760.0,0.0,10.0,2.0,100.0,29.031645
761.0,0.5,10.0,2.0,100.0,28.974522
762.0,1.0,10.0,2.0,100.0,29.45679
763.0,2.0,10.0,2.0,100.0,18.319445
764.0,3.0,10.0,2.0,100.0,27.22973
765.0,5.0,10.0,2.0,100.0,23.134615
766.0,10.0,10.0,2.0,100.0,19.581005
767.0,20.0,10.0,2.0,100.0,27.139038
768.0,40.0,10.0,2.0,100.0,30.328358
769.0,49.0,10.0,2.0,100.0,47.20296
770.0,0.0,10.0,2.0,100.0,53.515022
771.0,0.5,10.0,2.0,100.0,27.458065
772.0,1.0,10.0,2.0,100.0,18.457747
773.0,2.0,10.0,2.0,100.0,15.037594
774.0,3.0,10.0,2.0,100.0,11.709924
775.0,5.0,10.0,2.0,100.0,22.319527
776.0,10.0,10.0,2.0,100.0,15.27673
777.0,20.0,10.0,2.0,100.0,25.74359
778.0,40.0,10.0,2.0,100.0,32.882458
779.0,49.0,10.0,2.0,100.0,61.962807
780.0,0.0,10.0,2.0,100.0,28.949368
781.0,0.5,10.0,2.0,100.0,30.36875
782.0,1.0,10.0,2.0,100.0,28.42236
783.0,2.0,10.0,2.0,100.0,12.247863
784.0,3.0,10.0,2.0,100.0,12.205882
785.0,5.0,10.0,2.0,100.0,18.44898
786.0,10.0,10.0,2.0,100.0,26.809525
787.0,20.0,10.0,2.0,100.0,21.271795
788.0,40.0,10.0,2.0,100.0,35.321495
789.0,49.0,10.0,2.0,100.0,61.47783
790.0,0.0,10.0,2.0,100.0,29.27848
791.0,0.5,10.0,2.0,100.0,16.805756
792.0,1.0,10.0,2.0,100.0,17.322035
793.0,2.0,10.0,2.0,100.0,14.284553
794.0,3.0,10.0,2.0,100.0,17.832169
795.0,5.0,10.0,2.0,100.0,26.818792
796.0,10.0,10.0,2.0,100.0,11.107914
797.0,20.0,10.0,2.0,100.0,24.211712
798.0,40.0,10.0,2.0,100.0,36.2848
799.0,49.0,10.0,2.0,100.0,59.347237
800.0,0.0,10.0,2.0,100.0,28.585987
801.0,0.5,10.0,2.0,100.0,30.962963
802.0,1.0,10.0,2.0,100.0,27.745222
803.0,2.0,10.0,2.0,100.0,28.522293
804.0,3.0,10.0,2.0,100.0,11.589552
805.0,5.0,10.0,2.0,100.0,17.25641
806.0,10.0,10.0,2.0,100.0,23.077845
807.0,20.0,10.0,2.0,100.0,24.9799
808.0,40.0,10.0,2.0,100.0,29.41108
809.0,49.0,10.0,2.0,100.0,41.970055
810.0,0.0,10.0,2.0,100.0,29.628931
811.0,0.5,10.0,2.0,100.0,22.348484
812.0,1.0,10.0,2.0,100.0,29.54717
813.0,2.0,10.0,2.0,100.0,19.225609
814.0,3.0,10.0,2.0,100.0,13.794326
815.0,5.0,10.0,2.0,100.0,16.725351
816.0,10.0,10.0,2.0,100.0,10.155039
817.0,20.0,10.0,2.0,100.0,21.248926
818.0,40.0,10.0,2.0,100.0,85.712296
819.0,49.0,10.0,2.0,100.0,33.348145
820.0,0.0,10.0,2.0,100.0,29.06962
821.0,0.5,10.0,2.0,100.0,20.015385
822.0,1.0,10.0,2.0,100.0,16.991936
823.0,2.0,10.0,2.0,100.0,16.308332
824.0,3.0,10.0,2.0,100.0,29.15
825.0,5.0,10.0,2.0,100.0,20.179104
826.0,10.0,10.0,2.0,100.0,22.859873
827.0,20.0,10.0,2.0,100.0,21.7
828.0,40.0,10.0,2.0,100.0,29.461676
829.0,49.0,10.0,2.0,100.0,48.807465
830.0,0.0,10.0,2.0,100.0,28.518988
831.0,0.5,10.0,2.0,100.0,17.87143
832.0,1.0,10.0,2.0,100.0,21.347221
833.0,2.0,10.0,2.0,100.0,13.604478
834.0,3.0,10.0,2.0,100.0,23.274286
835.0,5.0,10.0,2.0,100.0,12.75
836.0,10.0,10.0,2.0,100.0,24.4702
837.0,20.0,10.0,2.0,100.0,26.476852
838.0,40.0,10.0,2.0,100.0,33.16941
839.0,49.0,10.0,2.0,100.0,31.529167
840.0,0.0,10.0,2.0,100.0,29.584906
841.0,0.5,10.0,2.0,100.0,30.273293
842.0,1.0,10.0,2.0,100.0,25.0
843.0,2.0,10.0,2.0,100.0,21.794521
844.0,3.0,10.0,2.0,100.0,12.590909
845.0,5.0,10.0,2.0,100.0,23.592178
846.0,10.0,10.0,2.0,100.0,25.372972
847.0,20.0,10.0,2.0,100.0,27.041237
848.0,40.0,10.0,2.0,100.0,37.80309
849.0,49.0,10.0,2.0,100.0,54.580288
850.0,0.0,10.0,2.0,100.0,29.578617
851.0,0.5,10.0,2.0,100.0,32.952663
852.0,1.0,10.0,2.0,100.0,46.236362
853.0,2.0,10.0,2.0,100.0,28.803797
854.0,3.0,10.0,2.0,100.0,9.523077
855.0,5.0,10.0,2.0,100.0,11.892086
856.0,10.0,10.0,2.0,100.0,12.503496
857.0,20.0,10.0,2.0,100.0,29.120155
858.0,40.0,10.0,2.0,100.0,28.113703
859.0,49.0,10.0,2.0,100.0,47.683506
860.0,0.0,10.0,2.0,100.0,28.8481
861.0,0.5,10.0,2.0,100.0,28.656052
862.0,1.0,10.0,2.0,100.0,16.366907
863.0,2.0,10.0,2.0,100.0,17.88276
864.0,3.0,10.0,2.0,100.0,21.481012
865.0,5.0,10.0,2.0,100.0,16.977444
866.0,10.0,10.0,2.0,100.0,32.168365
867.0,20.0,10.0,2.0,100.0,27.76
868.0,40.0,10.0,2.0,100.0,27.758808
869.0,49.0,10.0,2.0,100.0,62.45103
870.0,0.0,10.0,2.0,100.0,28.58228
871.0,0.5,10.0,2.0,100.0,17.915493
872.0,1.0,10.0,2.0,100.0,27.408163
873.0,2.0,10.0,2.0,100.0,16.653543
874.0,3.0,10.0,2.0,100.0,18.72
875.0,5.0,10.0,2.0,100.0,18.10219
876.0,10.0,10.0,2.0,100.0,22.71591
877.0,20.0,10.0,2.0,100.0,24.777779
878.0,40.0,10.0,2.0,100.0,41.56579
879.0,49.0,10.0,2.0,100.0,38.237434
880.0,0.0,10.0,2.0,100.0,30.58385
881.0,0.5,10.0,2.0,100.0,30.05
882.0,1.0,10.0,2.0,100.0,16.634329
883.0,2.0,10.0,2.0,100.0,14.965035
884.0,3.0,10.0,2.0,100.0,22.53416
885.0,5.0,10.0,2.0,100.0,13.008404
886.0,10.0,10.0,2.0,100.0,13.42446
887.0,20.0,10.0,2.0,100.0,36.038315
888.0,40.0,10.0,2.0,100.0,21.693182
889.0,49.0,10.0,2.0,100.0,61.8399
890.0,0.0,10.0,2.0,100.0,29.408806
891.0,0.5,10.0,2.0,100.0,29.54717
892.0,1.0,10.0,2.0,100.0,15.1203
893.0,2.0,10.0,2.0,100.0,18.084616
894.0,3.0,10.0,2.0,100.0,25.877907
895.0,5.0,10.0,2.0,100.0,23.777143
896.0,10.0,10.0,2.0,100.0,20.591717
897.0,20.0,10.0,2.0,100.0,24.782124
898.0,40.0,10.0,2.0,100.0,38.107143
899.0,49.0,10.0,2.0,100.0,46.838066
900.0,0.0,10.0,2.0,100.0,30.19375
901.0,0.5,10.0,2.0,100.0,17.891666
902.0,1.0,10.0,2.0,100.0,15.85926
903.0,2.0,10.0,2.0,100.0,16.671642
904.0,3.0,10.0,2.0,100.0,24.407642
905.0,5.0,10.0,2.0,100.0,10.789916
906.0,10.0,10.0,2.0,100.0,13.881579
907.0,20.0,10.0,2.0,100.0,25.129187
908.0,40.0,10.0,2.0,100.0,29.584324
909.0,49.0,10.0,2.0,100.0,51.49487
910.0,0.0,10.0,2.0,100.0,29.503145
911.0,0.5,10.0,2.0,100.0,28.296774
912.0,1.0,10.0,2.0,100.0,28.611465
913.0,2.0,10.0,2.0,100.0,11.130081
914.0,3.0,10.0,2.0,100.0,24.24026
915.0,5.0,10.0,2.0,100.0,10.638461
916.0,10.0,10.0,2.0,100.0,14.388158
917.0,20.0,10.0,2.0,100.0,20.892157
918.0,40.0,10.0,2.0,100.0,35.521034
919.0,49.0,10.0,2.0,100.0,47.22233
920.0,0.0,10.0,2.0,100.0,28.702532
921.0,0.5,10.0,2.0,100.0,28.751593
922.0,1.0,10.0,2.0,100.0,21.174496
923.0,2.0,10.0,2.0,100.0,20.64865
924.0,3.0,10.0,2.0,100.0,15.30303
925.0,5.0,10.0,2.0,100.0,21.215117
926.0,10.0,10.0,2.0,100.0,19.396105
927.0,20.0,10.0,2.0,100.0,30.71831
928.0,40.0,10.0,2.0,100.0,38.912525
929.0,49.0,10.0,2.0,100.0,45.608772
930.0,0.0,10.0,2.0,100.0,30.41615
931.0,0.5,10.0,2.0,100.0,29.031645
932.0,1.0,10.0,2.0,100.0,46.765
933.0,2.0,10.0,2.0,100.0,15.217391
934.0,3.0,10.0,2.0,100.0,12.8359375
935.0,5.0,10.0,2.0,100.0,24.694267
936.0,10.0,10.0,2.0,100.0,17.862068
937.0,20.0,10.0,2.0,100.0,21.123152
938.0,40.0,10.0,2.0,100.0,39.403004
939.0,49.0,10.0,2.0,100.0,60.265003
940.0,0.0,10.0,2.0,100.0,28.759493
941.0,0.5,10.0,2.0,100.0,20.8125
942.0,1.0,10.0,2.0,100.0,13.544776
943.0,2.0,10.0,2.0,100.0,30.777779
944.0,3.0,10.0,2.0,100.0,24.85
945.0,5.0,10.0,2.0,100.0,11.372093
946.0,10.0,10.0,2.0,100.0,13.904
947.0,20.0,10.0,2.0,100.0,26.465813
948.0,40.0,10.0,2.0,100.0,37.5138
949.0,49.0,10.0,2.0,100.0,31.869566
950.0,0.0,10.0,2.0,100.0,30.09375
951.0,0.5,10.0,2.0,100.0,32.840237
952.0,1.0,10.0,2.0,100.0,11.422764
953.0,2.0,10.0,2.0,100.0,19.287672
954.0,3.0,10.0,2.0,100.0,16.21168
955.0,5.0,10.0,2.0,100.0,23.10063
956.0,10.0,10.0,2.0,100.0,16.476511
957.0,20.0,10.0,2.0,100.0,32.61966
958.0,40.0,10.0,2.0,100.0,34.927063
959.0,49.0,10.0,2.0,100.0,51.50417
960.0,0.0,10.0,2.0,100.0,28.624205
961.0,0.5,10.0,2.0,100.0,28.968355
962.0,1.0,10.0,2.0,100.0,31.061224
963.0,2.0,10.0,2.0,100.0,13.557377
964.0,3.0,10.0,2.0,100.0,12.25
965.0,5.0,10.0,2.0,100.0,17.111889
966.0,10.0,10.0,2.0,100.0,26.977528
967.0,20.0,10.0,2.0,100.0,28.00909
968.0,40.0,10.0,2.0,100.0,27.833334
969.0,49.0,10.0,2.0,100.0,88.68014
970.0,0.0,10.0,2.0,100.0,43.130207
971.0,0.5,10.0,2.0,100.0,20.184
972.0,1.0,10.0,2.0,100.0,23.244444
973.0,2.0,10.0,2.0,100.0,20.48227
974.0,3.0,10.0,2.0,100.0,14.103226
975.0,5.0,10.0,2.0,100.0,29.418182
976.0,10.0,10.0,2.0,100.0,22.25
977.0,20.0,10.0,2.0,100.0,25.230337
978.0,40.0,10.0,2.0,100.0,30.288221
979.0,49.0,10.0,2.0,100.0,60.450478
980.0,0.0,10.0,2.0,100.0,28.43312
981.0,0.5,10.0,2.0,100.0,25.45033
982.0,1.0,10.0,2.0,100.0,25.89172
983.0,2.0,10.0,2.0,100.0,24.147058
984.0,3.0,10.0,2.0,100.0,20.032259
985.0,5.0,10.0,2.0,100.0,21.251799
986.0,10.0,10.0,2.0,100.0,25.747059
987.0,20.0,10.0,2.0,100.0,19.429953
988.0,40.0,10.0,2.0,100.0,26.068884
989.0,49.0,10.0,2.0,100.0,82.63246
990.0,0.0,10.0,2.0,100.0,28.911392
991.0,0.5,10.0,2.0,100.0,24.292208
992.0,1.0,10.0,2.0,100.0,14.330646
993.0,2.0,10.0,2.0,100.0,13.046875
994.0,3.0,10.0,2.0,100.0,14.852113
995.0,5.0,10.0,2.0,100.0,15.674242
996.0,10.0,10.0,2.0,100.0,18.044025
997.0,20.0,10.0,2.0,100.0,30.066986
998.0,40.0,10.0,2.0,100.0,37.623016
999.0,49.0,10.0,2.0,100.0,62.49876
1000.0,0.0,20.0,2.0,100.0,28.816456
1001.0,0.5,20.0,2.0,100.0,29.9375
1002.0,1.0,20.0,2.0,100.0,20.115646
1003.0,2.0,20.0,2.0,100.0,37.342857
1004.0,3.0,20.0,2.0,100.0,24.297468
1005.0,5.0,20.0,2.0,100.0,14.8
1006.0,10.0,20.0,2.0,100.0,14.817518
1007.0,20.0,20.0,2.0,100.0,21.743315
1008.0,40.0,20.0,2.0,100.0,36.784737
1009.0,49.0,20.0,2.0,100.0,51.885
1010.0,0.0,20.0,2.0,100.0,28.320513
1011.0,0.5,20.0,2.0,100.0,16.491072
1012.0,1.0,20.0,2.0,100.0,26.45139
1013.0,2.0,20.0,2.0,100.0,25.839743
1014.0,3.0,20.0,2.0,100.0,18.089655
1015.0,5.0,20.0,2.0,100.0,17.545454
1016.0,10.0,20.0,2.0,100.0,14.024845
1017.0,20.0,20.0,2.0,100.0,26.616327
1018.0,40.0,20.0,2.0,100.0,37.88889
1019.0,49.0,20.0,2.0,100.0,56.598747
1020.0,0.0,20.0,2.0,100.0,35.25
1021.0,0.5,20.0,2.0,100.0,28.902597
1022.0,1.0,20.0,2.0,100.0,16.413794
1023.0,2.0,20.0,2.0,100.0,15.266666
1024.0,3.0,20.0,2.0,100.0,24.025478
1025.0,5.0,20.0,2.0,100.0,12.528571
1026.0,10.0,20.0,2.0,100.0,23.867088
1027.0,20.0,20.0,2.0,100.0,28.027779
1028.0,40.0,20.0,2.0,100.0,33.68287
1029.0,49.0,20.0,2.0,100.0,62.438583
1030.0,0.0,20.0,2.0,100.0,29.177216
1031.0,0.5,20.0,2.0,100.0,28.070513
1032.0,1.0,20.0,2.0,100.0,18.46281
1033.0,2.0,20.0,2.0,100.0,29.85
1034.0,3.0,20.0,2.0,100.0,13.167883
1035.0,5.0,20.0,2.0,100.0,25.071428
1036.0,10.0,20.0,2.0,100.0,25.272728
1037.0,20.0,20.0,2.0,100.0,25.507538
1038.0,40.0,20.0,2.0,100.0,42.826694
1039.0,49.0,20.0,2.0,100.0,69.68774
1040.0,0.0,20.0,2.0,100.0,34.458565
1041.0,0.5,20.0,2.0,100.0,15.910569
1042.0,1.0,20.0,2.0,100.0,15.477612
1043.0,2.0,20.0,2.0,100.0,24.347826
1044.0,3.0,20.0,2.0,100.0,25.343374
1045.0,5.0,20.0,2.0,100.0,20.31788
1046.0,10.0,20.0,2.0,100.0,24.248486
1047.0,20.0,20.0,2.0,100.0,21.626944
1048.0,40.0,20.0,2.0,100.0,30.245575
1049.0,49.0,20.0,2.0,100.0,61.140694
1050.0,0.0,20.0,2.0,100.0,63.75954
1051.0,0.5,20.0,2.0,100.0,28.178345
1052.0,1.0,20.0,2.0,100.0,18.791044
1053.0,2.0,20.0,2.0,100.0,15.614754
1054.0,3.0,20.0,2.0,100.0,11.214286
1055.0,5.0,20.0,2.0,100.0,10.7734375
1056.0,10.0,20.0,2.0,100.0,20.022223
1057.0,20.0,20.0,2.0,100.0,15.787879
1058.0,40.0,20.0,2.0,100.0,68.67061
1059.0,49.0,20.0,2.0,100.0,82.52871
1060.0,0.0,20.0,2.0,100.0,30.440994
1061.0,0.5,20.0,2.0,100.0,28.369427
1062.0,1.0,20.0,2.0,100.0,16.20979
1063.0,2.0,20.0,2.0,100.0,28.56688
1064.0,3.0,20.0,2.0,100.0,11.141732
1065.0,5.0,20.0,2.0,100.0,20.965754
1066.0,10.0,20.0,2.0,100.0,20.65497
1067.0,20.0,20.0,2.0,100.0,30.295774
1068.0,40.0,20.0,2.0,100.0,36.80134
1069.0,49.0,20.0,2.0,100.0,91.0901
1070.0,0.0,20.0,2.0,100.0,28.904459
1071.0,0.5,20.0,2.0,100.0,29.99375
1072.0,1.0,20.0,2.0,100.0,25.493055
1073.0,2.0,20.0,2.0,100.0,15.147826
1074.0,3.0,20.0,2.0,100.0,22.701986
1075.0,5.0,20.0,2.0,100.0,24.294798
1076.0,10.0,20.0,2.0,100.0,20.860928
1077.0,20.0,20.0,2.0,100.0,32.230087
1078.0,40.0,20.0,2.0,100.0,42.23718
1079.0,49.0,20.0,2.0,100.0,62.669514
1080.0,0.0,20.0,2.0,100.0,29.493671
1081.0,0.5,20.0,2.0,100.0,27.3481
1082.0,1.0,20.0,2.0,100.0,16.714285
1083.0,2.0,20.0,2.0,100.0,17.475
1084.0,3.0,20.0,2.0,100.0,16.167831
1085.0,5.0,20.0,2.0,100.0,20.806896
1086.0,10.0,20.0,2.0,100.0,33.055836
1087.0,20.0,20.0,2.0,100.0,13.881988
1088.0,40.0,20.0,2.0,100.0,35.47212
1089.0,49.0,20.0,2.0,100.0,87.62763
1090.0,0.0,20.0,2.0,100.0,28.464968
1091.0,0.5,20.0,2.0,100.0,27.929487
1092.0,1.0,20.0,2.0,100.0,15.540741
1093.0,2.0,20.0,2.0,100.0,11.450381
1094.0,3.0,20.0,2.0,100.0,15.401575
1095.0,5.0,20.0,2.0,100.0,12.931297
1096.0,10.0,20.0,2.0,100.0,10.464
1097.0,20.0,20.0,2.0,100.0,36.527428
1098.0,40.0,20.0,2.0,100.0,36.92011
1099.0,49.0,20.0,2.0,100.0,102.45818
1100.0,0.0,20.0,2.0,100.0,30.447205
1101.0,0.5,20.0,2.0,100.0,28.242039
1102.0,1.0,20.0,2.0,100.0,24.791367
1103.0,2.0,20.0,2.0,100.0,29.203592
1104.0,3.0,20.0,2.0,100.0,25.3125
1105.0,5.0,20.0,2.0,100.0,24.577778
1106.0,10.0,20.0,2.0,100.0,32.14423
1107.0,20.0,20.0,2.0,100.0,25.077982
1108.0,40.0,20.0,2.0,100.0,56.805176
1109.0,49.0,20.0,2.0,100.0,64.09942
1110.0,0.0,20.0,2.0,100.0,28.943037
1111.0,0.5,20.0,2.0,100.0,53.81938
1112.0,1.0,20.0,2.0,100.0,28.707006
1113.0,2.0,20.0,2.0,100.0,25.371796
1114.0,3.0,20.0,2.0,100.0,20.051851
1115.0,5.0,20.0,2.0,100.0,23.819876
1116.0,10.0,20.0,2.0,100.0,20.441717
1117.0,20.0,20.0,2.0,100.0,33.532787
1118.0,40.0,20.0,2.0,100.0,41.18085
1119.0,49.0,20.0,2.0,100.0,86.3593
1120.0,0.0,20.0,2.0,100.0,31.150375
1121.0,0.5,20.0,2.0,100.0,24.342857
1122.0,1.0,20.0,2.0,100.0,23.817518
1123.0,2.0,20.0,2.0,100.0,16.41739
1124.0,3.0,20.0,2.0,100.0,25.725
1125.0,5.0,20.0,2.0,100.0,17.194244
1126.0,10.0,20.0,2.0,100.0,21.255682
1127.0,20.0,20.0,2.0,100.0,28.99149
1128.0,40.0,20.0,2.0,100.0,47.21267
1129.0,49.0,20.0,2.0,100.0,54.652203
1130.0,0.0,20.0,2.0,100.0,29.5875
1131.0,0.5,20.0,2.0,100.0,25.262411
1132.0,1.0,20.0,2.0,100.0,18.057852
1133.0,2.0,20.0,2.0,100.0,17.449276
1134.0,3.0,20.0,2.0,100.0,20.851612
1135.0,5.0,20.0,2.0,100.0,14.565517
1136.0,10.0,20.0,2.0,100.0,13.083333
1137.0,20.0,20.0,2.0,100.0,27.22467
1138.0,40.0,20.0,2.0,100.0,55.053497
1139.0,49.0,20.0,2.0,100.0,88.14072
1140.0,0.0,20.0,2.0,100.0,29.201258
1141.0,0.5,20.0,2.0,100.0,14.78626
1142.0,1.0,20.0,2.0,100.0,15.577778
1143.0,2.0,20.0,2.0,100.0,14.1
1144.0,3.0,20.0,2.0,100.0,22.25373
1145.0,5.0,20.0,2.0,100.0,26.683617
1146.0,10.0,20.0,2.0,100.0,24.307692
1147.0,20.0,20.0,2.0,100.0,36.144
1148.0,40.0,20.0,2.0,100.0,46.92184
1149.0,49.0,20.0,2.0,100.0,60.732372
1150.0,0.0,20.0,2.0,100.0,28.286625
1151.0,0.5,20.0,2.0,100.0,24.75
1152.0,1.0,20.0,2.0,100.0,29.335443
1153.0,2.0,20.0,2.0,100.0,21.381578
1154.0,3.0,20.0,2.0,100.0,19.755905
1155.0,5.0,20.0,2.0,100.0,19.303703
1156.0,10.0,20.0,2.0,100.0,20.064102
1157.0,20.0,20.0,2.0,100.0,25.064356
1158.0,40.0,20.0,2.0,100.0,33.966667
1159.0,49.0,20.0,2.0,100.0,88.421394
1160.0,0.0,20.0,2.0,100.0,27.737179
1161.0,0.5,20.0,2.0,100.0,28.484076
1162.0,1.0,20.0,2.0,100.0,21.715385
1163.0,2.0,20.0,2.0,100.0,11.92029
1164.0,3.0,20.0,2.0,100.0,14.935484
1165.0,5.0,20.0,2.0,100.0,10.432836
1166.0,10.0,20.0,2.0,100.0,32.05963
1167.0,20.0,20.0,2.0,100.0,18.4
1168.0,40.0,20.0,2.0,100.0,38.813663
1169.0,49.0,20.0,2.0,100.0,43.54894
1170.0,0.0,20.0,2.0,100.0,29.786163
1171.0,0.5,20.0,2.0,100.0,30.055555
1172.0,1.0,20.0,2.0,100.0,17.170214
1173.0,2.0,20.0,2.0,100.0,22.338028
1174.0,3.0,20.0,2.0,100.0,11.053435
1175.0,5.0,20.0,2.0,100.0,14.5234375
1176.0,10.0,20.0,2.0,100.0,24.943878
1177.0,20.0,20.0,2.0,100.0,21.686487
1178.0,40.0,20.0,2.0,100.0,40.671604
1179.0,49.0,20.0,2.0,100.0,52.758938
1180.0,0.0,20.0,2.0,100.0,56.708862
1181.0,0.5,20.0,2.0,100.0,23.691729
1182.0,1.0,20.0,2.0,100.0,14.785714
1183.0,2.0,20.0,2.0,100.0,17.681818
1184.0,3.0,20.0,2.0,100.0,13.614285
1185.0,5.0,20.0,2.0,100.0,19.858109
1186.0,10.0,20.0,2.0,100.0,23.666666
1187.0,20.0,20.0,2.0,100.0,24.47929
1188.0,40.0,20.0,2.0,100.0,33.62247
1189.0,49.0,20.0,2.0,100.0,76.40978
1190.0,0.0,20.0,2.0,100.0,28.7707
1191.0,0.5,20.0,2.0,100.0,30.1375
1192.0,1.0,20.0,2.0,100.0,25.073864
1193.0,2.0,20.0,2.0,100.0,12.3046875
1194.0,3.0,20.0,2.0,100.0,22.813334
1195.0,5.0,20.0,2.0,100.0,19.854305
1196.0,10.0,20.0,2.0,100.0,29.303482
1197.0,20.0,20.0,2.0,100.0,33.122547
1198.0,40.0,20.0,2.0,100.0,35.19298
1199.0,49.0,20.0,2.0,100.0,89.04856
1200.0,0.0,20.0,2.0,100.0,29.415094
1201.0,0.5,20.0,2.0,100.0,29.559748
1202.0,1.0,20.0,2.0,100.0,18.265734
1203.0,2.0,20.0,2.0,100.0,14.310606
1204.0,3.0,20.0,2.0,100.0,15.0
1205.0,5.0,20.0,2.0,100.0,24.664234
1206.0,10.0,20.0,2.0,100.0,24.316383
1207.0,20.0,20.0,2.0,100.0,21.837078
1208.0,40.0,20.0,2.0,100.0,33.08478
1209.0,49.0,20.0,2.0,100.0,75.02348
1210.0,0.0,20.0,2.0,100.0,29.289309
1211.0,0.5,20.0,2.0,100.0,23.649254
1212.0,1.0,20.0,2.0,100.0,24.584507
1213.0,2.0,20.0,2.0,100.0,13.1953125
1214.0,3.0,20.0,2.0,100.0,26.541096
1215.0,5.0,20.0,2.0,100.0,17.931034
1216.0,10.0,20.0,2.0,100.0,16.31507
1217.0,20.0,20.0,2.0,100.0,31.876984
1218.0,40.0,20.0,2.0,100.0,40.59901
1219.0,49.0,20.0,2.0,100.0,85.67569
1220.0,0.0,20.0,2.0,100.0,28.664557
1221.0,0.5,20.0,2.0,100.0,16.375
1222.0,1.0,20.0,2.0,100.0,17.942148
1223.0,2.0,20.0,2.0,100.0,17.408333
1224.0,3.0,20.0,2.0,100.0,15.5461
1225.0,5.0,20.0,2.0,100.0,18.185184
1226.0,10.0,20.0,2.0,100.0,26.882023
1227.0,20.0,20.0,2.0,100.0,22.807512
1228.0,40.0,20.0,2.0,100.0,56.568047
1229.0,49.0,20.0,2.0,100.0,73.483604
1230.0,0.0,20.0,2.0,100.0,29.295597
1231.0,0.5,20.0,2.0,100.0,28.86076
1232.0,1.0,20.0,2.0,100.0,21.181103
1233.0,2.0,20.0,2.0,100.0,15.912699
1234.0,3.0,20.0,2.0,100.0,17.897638
1235.0,5.0,20.0,2.0,100.0,18.695652
1236.0,10.0,20.0,2.0,100.0,14.371069
1237.0,20.0,20.0,2.0,100.0,24.345
1238.0,40.0,20.0,2.0,100.0,44.538597
1239.0,49.0,20.0,2.0,100.0,71.382805
1240.0,0.0,20.0,2.0,100.0,29.333334
1241.0,0.5,20.0,2.0,100.0,23.745098
1242.0,1.0,20.0,2.0,100.0,12.634783
1243.0,2.0,20.0,2.0,100.0,19.419117
1244.0,3.0,20.0,2.0,100.0,11.732284
1245.0,5.0,20.0,2.0,100.0,17.230263
1246.0,10.0,20.0,2.0,100.0,21.620878
1247.0,20.0,20.0,2.0,100.0,31.692682
1248.0,40.0,20.0,2.0,100.0,36.555782
1249.0,49.0,20.0,2.0,100.0,61.786118
1250.0,0.0,20.0,2.0,100.0,53.152542
1251.0,0.5,20.0,2.0,100.0,28.735483
1252.0,1.0,20.0,2.0,100.0,11.751938
1253.0,2.0,20.0,2.0,100.0,15.986301
1254.0,3.0,20.0,2.0,100.0,16.260563
1255.0,5.0,20.0,2.0,100.0,20.93617
1256.0,10.0,20.0,2.0,100.0,13.955696
1257.0,20.0,20.0,2.0,100.0,22.217392
1258.0,40.0,20.0,2.0,100.0,38.726116
1259.0,49.0,20.0,2.0,100.0,89.842735
1260.0,0.0,20.0,2.0,100.0,30.0625
1261.0,0.5,20.0,2.0,100.0,30.565218
1262.0,1.0,20.0,2.0,100.0,21.561539
1263.0,2.0,20.0,2.0,100.0,23.802816
1264.0,3.0,20.0,2.0,100.0,12.682171
1265.0,5.0,20.0,2.0,100.0,12.646153
1266.0,10.0,20.0,2.0,100.0,29.625698
1267.0,20.0,20.0,2.0,100.0,21.44149
1268.0,40.0,20.0,2.0,100.0,36.23793
1269.0,49.0,20.0,2.0,100.0,58.32355
1270.0,0.0,20.0,2.0,100.0,29.044304
1271.0,0.5,20.0,2.0,100.0,18.286884
1272.0,1.0,20.0,2.0,100.0,17.760563
1273.0,2.0,20.0,2.0,100.0,10.355371
1274.0,3.0,20.0,2.0,100.0,19.895424
1275.0,5.0,20.0,2.0,100.0,10.859649
1276.0,10.0,20.0,2.0,100.0,12.952756
1277.0,20.0,20.0,2.0,100.0,29.203188
1278.0,40.0,20.0,2.0,100.0,29.200483
1279.0,49.0,20.0,2.0,100.0,55.972668
1280.0,0.0,20.0,2.0,100.0,29.63522
1281.0,0.5,20.0,2.0,100.0,18.549295
1282.0,1.0,20.0,2.0,100.0,26.057692
1283.0,2.0,20.0,2.0,100.0,25.938356
1284.0,3.0,20.0,2.0,100.0,28.024845
1285.0,5.0,20.0,2.0,100.0,17.619047
1286.0,10.0,20.0,2.0,100.0,16.844828
1287.0,20.0,20.0,2.0,100.0,27.889345
1288.0,40.0,20.0,2.0,100.0,32.014492
1289.0,49.0,20.0,2.0,100.0,71.21533
1290.0,0.0,20.0,2.0,100.0,46.45596
1291.0,0.5,20.0,2.0,100.0,29.5125
1292.0,1.0,20.0,2.0,100.0,20.408163
1293.0,2.0,20.0,2.0,100.0,24.197453
1294.0,3.0,20.0,2.0,100.0,11.664123
1295.0,5.0,20.0,2.0,100.0,17.128834
1296.0,10.0,20.0,2.0,100.0,18.47531
1297.0,20.0,20.0,2.0,100.0,21.949495
1298.0,40.0,20.0,2.0,100.0,39.23992
1299.0,49.0,20.0,2.0,100.0,72.47409
1300.0,0.0,20.0,2.0,100.0,28.525316
1301.0,0.5,20.0,2.0,100.0,21.033558
1302.0,1.0,20.0,2.0,100.0,22.326086
1303.0,2.0,20.0,2.0,100.0,29.301888
1304.0,3.0,20.0,2.0,100.0,15.928
1305.0,5.0,20.0,2.0,100.0,23.364706
1306.0,10.0,20.0,2.0,100.0,22.792683
1307.0,20.0,20.0,2.0,100.0,28.895397
1308.0,40.0,20.0,2.0,100.0,49.862743
1309.0,49.0,20.0,2.0,100.0,71.02075
1310.0,0.0,20.0,2.0,100.0,29.01266
1311.0,0.5,20.0,2.0,100.0,23.453947
1312.0,1.0,20.0,2.0,100.0,18.93464
1313.0,2.0,20.0,2.0,100.0,16.414967
1314.0,3.0,20.0,2.0,100.0,14.344
1315.0,5.0,20.0,2.0,100.0,18.634146
1316.0,10.0,20.0,2.0,100.0,12.448529
1317.0,20.0,20.0,2.0,100.0,33.903225
1318.0,40.0,20.0,2.0,100.0,25.180685
1319.0,49.0,20.0,2.0,100.0,74.25921
1320.0,0.0,20.0,2.0,100.0,30.0375
1321.0,0.5,20.0,2.0,100.0,24.865385
1322.0,1.0,20.0,2.0,100.0,28.053476
1323.0,2.0,20.0,2.0,100.0,12.546154
1324.0,3.0,20.0,2.0,100.0,14.684615
1325.0,5.0,20.0,2.0,100.0,19.282894
1326.0,10.0,20.0,2.0,100.0,17.2454
1327.0,20.0,20.0,2.0,100.0,25.005262
1328.0,40.0,20.0,2.0,100.0,39.415417
1329.0,49.0,20.0,2.0,100.0,59.844177
1330.0,0.0,20.0,2.0,100.0,43.79558
1331.0,0.5,20.0,2.0,100.0,20.31496
1332.0,1.0,20.0,2.0,100.0,26.972973
1333.0,2.0,20.0,2.0,100.0,11.525862
1334.0,3.0,20.0,2.0,100.0,18.471075
1335.0,5.0,20.0,2.0,100.0,21.296774
1336.0,10.0,20.0,2.0,100.0,20.74026
1337.0,20.0,20.0,2.0,100.0,27.821783
1338.0,40.0,20.0,2.0,100.0,33.987015
1339.0,49.0,20.0,2.0,100.0,46.904797
1340.0,0.0,20.0,2.0,100.0,28.076923
1341.0,0.5,20.0,2.0,100.0,29.220125
1342.0,1.0,20.0,2.0,100.0,19.344
1343.0,2.0,20.0,2.0,100.0,13.3529415
1344.0,3.0,20.0,2.0,100.0,15.444445
1345.0,5.0,20.0,2.0,100.0,17.577923
1346.0,10.0,20.0,2.0,100.0,28.314009
1347.0,20.0,20.0,2.0,100.0,30.005129
1348.0,40.0,20.0,2.0,100.0,31.927954
1349.0,49.0,20.0,2.0,100.0,63.478363
1350.0,0.0,20.0,2.0,100.0,28.656052
1351.0,0.5,20.0,2.0,100.0,13.764228
1352.0,1.0,20.0,2.0,100.0,16.405798
1353.0,2.0,20.0,2.0,100.0,14.368
1354.0,3.0,20.0,2.0,100.0,16.383333
1355.0,5.0,20.0,2.0,100.0,19.759125
1356.0,10.0,20.0,2.0,100.0,12.6850395
1357.0,20.0,20.0,2.0,100.0,23.459597
1358.0,40.0,20.0,2.0,100.0,39.847507
1359.0,49.0,20.0,2.0,100.0,68.84202
1360.0,0.0,20.0,2.0,100.0,29.9125
1361.0,0.5,20.0,2.0,100.0,28.343948
1362.0,1.0,20.0,2.0,100.0,29.56962
1363.0,2.0,20.0,2.0,100.0,21.072369
1364.0,3.0,20.0,2.0,100.0,13.518249
1365.0,5.0,20.0,2.0,100.0,12.978572
1366.0,10.0,20.0,2.0,100.0,26.172413
1367.0,20.0,20.0,2.0,100.0,17.128378
1368.0,40.0,20.0,2.0,100.0,37.106228
1369.0,49.0,20.0,2.0,100.0,45.786358
1370.0,0.0,20.0,2.0,100.0,51.87615
1371.0,0.5,20.0,2.0,100.0,30.1125
1372.0,1.0,20.0,2.0,100.0,15.336
1373.0,2.0,20.0,2.0,100.0,14.585366
1374.0,3.0,20.0,2.0,100.0,14.935484
1375.0,5.0,20.0,2.0,100.0,14.108696
1376.0,10.0,20.0,2.0,100.0,18.86755
1377.0,20.0,20.0,2.0,100.0,23.276596
1378.0,40.0,20.0,2.0,100.0,46.678497
1379.0,49.0,20.0,2.0,100.0,76.64907
1380.0,0.0,20.0,2.0,100.0,29.215189
1381.0,0.5,20.0,2.0,100.0,16.275362
1382.0,1.0,20.0,2.0,100.0,19.80822
1383.0,2.0,20.0,2.0,100.0,14.2
1384.0,3.0,20.0,2.0,100.0,20.007576
1385.0,5.0,20.0,2.0,100.0,17.080538
1386.0,10.0,20.0,2.0,100.0,30.92056
1387.0,20.0,20.0,2.0,100.0,27.538462
1388.0,40.0,20.0,2.0,100.0,45.490276
1389.0,49.0,20.0,2.0,100.0,103.27147
1390.0,0.0,20.0,2.0,100.0,28.636942
1391.0,0.5,20.0,2.0,100.0,28.955696
1392.0,1.0,20.0,2.0,100.0,13.46281
1393.0,2.0,20.0,2.0,100.0,22.84091
1394.0,3.0,20.0,2.0,100.0,23.670732
1395.0,5.0,20.0,2.0,100.0,21.25625
1396.0,10.0,20.0,2.0,100.0,12.993197
1397.0,20.0,20.0,2.0,100.0,24.405128
1398.0,40.0,20.0,2.0,100.0,51.27613
1399.0,49.0,20.0,2.0,100.0,94.92458
1400.0,0.0,20.0,2.0,100.0,28.841772
1401.0,0.5,20.0,2.0,100.0,20.64567
1402.0,1.0,20.0,2.0,100.0,26.59589
1403.0,2.0,20.0,2.0,100.0,18.2406
1404.0,3.0,20.0,2.0,100.0,20.492424
1405.0,5.0,20.0,2.0,100.0,22.926828
1406.0,10.0,20.0,2.0,100.0,28.75281
1407.0,20.0,20.0,2.0,100.0,38.229885
1408.0,40.0,20.0,2.0,100.0,33.09859
1409.0,49.0,20.0,2.0,100.0,77.54078
1410.0,0.0,20.0,2.0,100.0,59.975903
1411.0,0.5,20.0,2.0,100.0,29.10063
1412.0,1.0,20.0,2.0,100.0,14.495868
1413.0,2.0,20.0,2.0,100.0,10.873015
1414.0,3.0,20.0,2.0,100.0,9.650407
1415.0,5.0,20.0,2.0,100.0,14.956522
1416.0,10.0,20.0,2.0,100.0,17.47826
1417.0,20.0,20.0,2.0,100.0,28.004366
1418.0,40.0,20.0,2.0,100.0,39.214954
1419.0,49.0,20.0,2.0,100.0,71.5391
1420.0,0.0,20.0,2.0,100.0,29.628931
1421.0,0.5,20.0,2.0,100.0,28.784811
1422.0,1.0,20.0,2.0,100.0,18.064285
1423.0,2.0,20.0,2.0,100.0,27.877005
1424.0,3.0,20.0,2.0,100.0,20.75974
1425.0,5.0,20.0,2.0,100.0,25.018867
1426.0,10.0,20.0,2.0,100.0,12.274648
1427.0,20.0,20.0,2.0,100.0,27.005
1428.0,40.0,20.0,2.0,100.0,37.76259
1429.0,49.0,20.0,2.0,100.0,48.306984
1430.0,0.0,20.0,2.0,100.0,30.391304
1431.0,0.5,20.0,2.0,100.0,36.19337
1432.0,1.0,20.0,2.0,100.0,29.388535
1433.0,2.0,20.0,2.0,100.0,22.962963
1434.0,3.0,20.0,2.0,100.0,26.80822
1435.0,5.0,20.0,2.0,100.0,29.05747
1436.0,10.0,20.0,2.0,100.0,12.619047
1437.0,20.0,20.0,2.0,100.0,35.411068
1438.0,40.0,20.0,2.0,100.0,33.31635
1439.0,49.0,20.0,2.0,100.0,88.54555
1440.0,0.0,20.0,2.0,100.0,33.238094
1441.0,0.5,20.0,2.0,100.0,28.429487
1442.0,1.0,20.0,2.0,100.0,51.828705
1443.0,2.0,20.0,2.0,100.0,12.97037
1444.0,3.0,20.0,2.0,100.0,16.601625
1445.0,5.0,20.0,2.0,100.0,20.583334
1446.0,10.0,20.0,2.0,100.0,12.390411
1447.0,20.0,20.0,2.0,100.0,32.517788
1448.0,40.0,20.0,2.0,100.0,34.68889
1449.0,49.0,20.0,2.0,100.0,68.0468
1450.0,0.0,20.0,2.0,100.0,28.87898
1451.0,0.5,20.0,2.0,100.0,22.973856
1452.0,1.0,20.0,2.0,100.0,28.961784
1453.0,2.0,20.0,2.0,100.0,26.954802
1454.0,3.0,20.0,2.0,100.0,13.68254
1455.0,5.0,20.0,2.0,100.0,17.1203
1456.0,10.0,20.0,2.0,100.0,18.547771
1457.0,20.0,20.0,2.0,100.0,23.28125
1458.0,40.0,20.0,2.0,100.0,33.490685
1459.0,49.0,20.0,2.0,100.0,49.082638
1460.0,0.0,20.0,2.0,100.0,29.120253
1461.0,0.5,20.0,2.0,100.0,20.975609
1462.0,1.0,20.0,2.0,100.0,11.059829
1463.0,2.0,20.0,2.0,100.0,21.503311
1464.0,3.0,20.0,2.0,100.0,22.798508
1465.0,5.0,20.0,2.0,100.0,17.387932
1466.0,10.0,20.0,2.0,100.0,22.22078
1467.0,20.0,20.0,2.0,100.0,23.97
1468.0,40.0,20.0,2.0,100.0,50.362537
1469.0,49.0,20.0,2.0,100.0,64.525566
1470.0,0.0,20.0,2.0,100.0,29.779875
1471.0,0.5,20.0,2.0,100.0,17.084745
1472.0,1.0,20.0,2.0,100.0,37.359787
1473.0,2.0,20.0,2.0,100.0,17.067226
1474.0,3.0,20.0,2.0,100.0,16.709677
1475.0,5.0,20.0,2.0,100.0,21.089743
1476.0,10.0,20.0,2.0,100.0,14.0
1477.0,20.0,20.0,2.0,100.0,20.228426
1478.0,40.0,20.0,2.0,100.0,35.0
1479.0,49.0,20.0,2.0,100.0,70.68152
1480.0,0.0,20.0,2.0,100.0,30.728395
1481.0,0.5,20.0,2.0,100.0,29.006329
1482.0,1.0,20.0,2.0,100.0,14.814516
1483.0,2.0,20.0,2.0,100.0,21.302631
1484.0,3.0,20.0,2.0,100.0,27.401234
1485.0,5.0,20.0,2.0,100.0,18.19632
1486.0,10.0,20.0,2.0,100.0,22.488636
1487.0,20.0,20.0,2.0,100.0,28.289915
1488.0,40.0,20.0,2.0,100.0,29.664103
1489.0,49.0,20.0,2.0,100.0,64.499435
1490.0,0.0,20.0,2.0,100.0,28.746836
1491.0,0.5,20.0,2.0,100.0,28.598726
1492.0,1.0,20.0,2.0,100.0,17.042856
1493.0,2.0,20.0,2.0,100.0,21.413334
1494.0,3.0,20.0,2.0,100.0,13.753968
1495.0,5.0,20.0,2.0,100.0,23.285715
1496.0,10.0,20.0,2.0,100.0,12.090278
1497.0,20.0,20.0,2.0,100.0,21.832487
1498.0,40.0,20.0,2.0,100.0,46.052208
1499.0,49.0,20.0,2.0,100.0,40.673367
1500.0,0.0,30.0,2.0,100.0,52.849056
1501.0,0.5,30.0,2.0,100.0,26.845638
1502.0,1.0,30.0,2.0,100.0,14.507576
1503.0,2.0,30.0,2.0,100.0,14.330579
1504.0,3.0,30.0,2.0,100.0,20.45
1505.0,5.0,30.0,2.0,100.0,13.935484
1506.0,10.0,30.0,2.0,100.0,18.441717
1507.0,20.0,30.0,2.0,100.0,24.748663
1508.0,40.0,30.0,2.0,100.0,49.494446
1509.0,49.0,30.0,2.0,100.0,90.771225
1510.0,0.0,30.0,2.0,100.0,28.52564
1511.0,0.5,30.0,2.0,100.0,30.391304
1512.0,1.0,30.0,2.0,100.0,28.490446
1513.0,2.0,30.0,2.0,100.0,18.697184
1514.0,3.0,30.0,2.0,100.0,28.66883
1515.0,5.0,30.0,2.0,100.0,16.433567
1516.0,10.0,30.0,2.0,100.0,20.307692
1517.0,20.0,30.0,2.0,100.0,23.948187
1518.0,40.0,30.0,2.0,100.0,45.58289
1519.0,49.0,30.0,2.0,100.0,74.97408
1520.0,0.0,30.0,2.0,100.0,28.292994
1521.0,0.5,30.0,2.0,100.0,15.683824
1522.0,1.0,30.0,2.0,100.0,15.084745
1523.0,2.0,30.0,2.0,100.0,24.709091
1524.0,3.0,30.0,2.0,100.0,21.116564
1525.0,5.0,30.0,2.0,100.0,34.35784
1526.0,10.0,30.0,2.0,100.0,23.0113
1527.0,20.0,30.0,2.0,100.0,16.598803
1528.0,40.0,30.0,2.0,100.0,40.085293
1529.0,49.0,30.0,2.0,100.0,100.69881
1530.0,0.0,30.0,2.0,100.0,29.303797
1531.0,0.5,30.0,2.0,100.0,27.31613
1532.0,1.0,30.0,2.0,100.0,28.681528
1533.0,2.0,30.0,2.0,100.0,26.825806
1534.0,3.0,30.0,2.0,100.0,16.532787
1535.0,5.0,30.0,2.0,100.0,9.165355
1536.0,10.0,30.0,2.0,100.0,19.192308
1537.0,20.0,30.0,2.0,100.0,38.24889
1538.0,40.0,30.0,2.0,100.0,45.87811
1539.0,49.0,30.0,2.0,100.0,74.27865
1540.0,0.0,30.0,2.0,100.0,28.585987
1541.0,0.5,30.0,2.0,100.0,21.488373
1542.0,1.0,30.0,2.0,100.0,16.65873
1543.0,2.0,30.0,2.0,100.0,27.953333
1544.0,3.0,30.0,2.0,100.0,22.674242
1545.0,5.0,30.0,2.0,100.0,15.404762
1546.0,10.0,30.0,2.0,100.0,27.44898
1547.0,20.0,30.0,2.0,100.0,26.862434
1548.0,40.0,30.0,2.0,100.0,39.3318
1549.0,49.0,30.0,2.0,100.0,80.50185
1550.0,0.0,30.0,2.0,100.0,30.47531
1551.0,0.5,30.0,2.0,100.0,25.60839
1552.0,1.0,30.0,2.0,100.0,28.955696
1553.0,2.0,30.0,2.0,100.0,24.62143
1554.0,3.0,30.0,2.0,100.0,18.16084
1555.0,5.0,30.0,2.0,100.0,17.691275
1556.0,10.0,30.0,2.0,100.0,24.024096
1557.0,20.0,30.0,2.0,100.0,21.629835
1558.0,40.0,30.0,2.0,100.0,44.978592
1559.0,49.0,30.0,2.0,100.0,51.714592
1560.0,0.0,30.0,2.0,100.0,37.694267
1561.0,0.5,30.0,2.0,100.0,29.515724
1562.0,1.0,30.0,2.0,100.0,19.744
1563.0,2.0,30.0,2.0,100.0,17.071428
1564.0,3.0,30.0,2.0,100.0,22.233334
1565.0,5.0,30.0,2.0,100.0,12.015504
1566.0,10.0,30.0,2.0,100.0,13.320611
1567.0,20.0,30.0,2.0,100.0,19.521212
1568.0,40.0,30.0,2.0,100.0,36.377975
1569.0,49.0,30.0,2.0,100.0,69.20624
1570.0,0.0,30.0,2.0,100.0,29.528301
1571.0,0.5,30.0,2.0,100.0,16.62712
1572.0,1.0,30.0,2.0,100.0,28.331211
1573.0,2.0,30.0,2.0,100.0,41.63014
1574.0,3.0,30.0,2.0,100.0,15.198198
1575.0,5.0,30.0,2.0,100.0,17.031008
1576.0,10.0,30.0,2.0,100.0,20.098684
1577.0,20.0,30.0,2.0,100.0,24.353592
1578.0,40.0,30.0,2.0,100.0,43.66979
1579.0,49.0,30.0,2.0,100.0,88.77898
1580.0,0.0,30.0,2.0,100.0,29.6625
1581.0,0.5,30.0,2.0,100.0,29.679245
1582.0,1.0,30.0,2.0,100.0,15.62963
1583.0,2.0,30.0,2.0,100.0,19.142857
1584.0,3.0,30.0,2.0,100.0,10.732824
1585.0,5.0,30.0,2.0,100.0,20.443787
1586.0,10.0,30.0,2.0,100.0,24.129213
1587.0,20.0,30.0,2.0,100.0,28.878378
1588.0,40.0,30.0,2.0,100.0,44.58011
1589.0,49.0,30.0,2.0,100.0,58.66537
1590.0,0.0,30.0,2.0,100.0,29.227848
1591.0,0.5,30.0,2.0,100.0,30.20497
1592.0,1.0,30.0,2.0,100.0,22.631578
1593.0,2.0,30.0,2.0,100.0,11.162394
1594.0,3.0,30.0,2.0,100.0,13.862596
1595.0,5.0,30.0,2.0,100.0,11.134921
1596.0,10.0,30.0,2.0,100.0,25.251366
1597.0,20.0,30.0,2.0,100.0,25.518019
1598.0,40.0,30.0,2.0,100.0,48.726078
1599.0,49.0,30.0,2.0,100.0,48.62526
1600.0,0.0,30.0,2.0,100.0,29.8625
1601.0,0.5,30.0,2.0,100.0,25.795774
1602.0,1.0,30.0,2.0,100.0,20.807947
1603.0,2.0,30.0,2.0,100.0,11.68
1604.0,3.0,30.0,2.0,100.0,17.876923
1605.0,5.0,30.0,2.0,100.0,15.5
1606.0,10.0,30.0,2.0,100.0,12.360294
1607.0,20.0,30.0,2.0,100.0,34.89147
1608.0,40.0,30.0,2.0,100.0,45.568832
1609.0,49.0,30.0,2.0,100.0,53.65924
1610.0,0.0,30.0,2.0,100.0,27.458065
1611.0,0.5,30.0,2.0,100.0,19.744
1612.0,1.0,30.0,2.0,100.0,29.836477
1613.0,2.0,30.0,2.0,100.0,20.152
1614.0,3.0,30.0,2.0,100.0,18.714285
1615.0,5.0,30.0,2.0,100.0,9.828125
1616.0,10.0,30.0,2.0,100.0,25.760736
1617.0,20.0,30.0,2.0,100.0,19.093567
1618.0,40.0,30.0,2.0,100.0,38.48175
1619.0,49.0,30.0,2.0,100.0,98.44291
1620.0,0.0,30.0,2.0,100.0,45.878174
1621.0,0.5,30.0,2.0,100.0,29.424051
1622.0,1.0,30.0,2.0,100.0,49.89216
1623.0,2.0,30.0,2.0,100.0,22.97973
1624.0,3.0,30.0,2.0,100.0,14.865079
1625.0,5.0,30.0,2.0,100.0,18.712122
1626.0,10.0,30.0,2.0,100.0,18.911392
1627.0,20.0,30.0,2.0,100.0,22.521276
1628.0,40.0,30.0,2.0,100.0,42.799213
1629.0,49.0,30.0,2.0,100.0,79.85314
1630.0,0.0,30.0,2.0,100.0,28.808918
1631.0,0.5,30.0,2.0,100.0,28.573248
1632.0,1.0,30.0,2.0,100.0,19.43609
1633.0,2.0,30.0,2.0,100.0,14.5079365
1634.0,3.0,30.0,2.0,100.0,19.916128
1635.0,5.0,30.0,2.0,100.0,24.369698
1636.0,10.0,30.0,2.0,100.0,18.538462
1637.0,20.0,30.0,2.0,100.0,25.210045
1638.0,40.0,30.0,2.0,100.0,52.892345
1639.0,49.0,30.0,2.0,100.0,73.07662
1640.0,0.0,30.0,2.0,100.0,29.666666
1641.0,0.5,30.0,2.0,100.0,21.087248
1642.0,1.0,30.0,2.0,100.0,15.624
1643.0,2.0,30.0,2.0,100.0,23.0
1644.0,3.0,30.0,2.0,100.0,18.421429
1645.0,5.0,30.0,2.0,100.0,12.449275
1646.0,10.0,30.0,2.0,100.0,16.943396
1647.0,20.0,30.0,2.0,100.0,23.973545
1648.0,40.0,30.0,2.0,100.0,54.142857
1649.0,49.0,30.0,2.0,100.0,84.17434
1650.0,0.0,30.0,2.0,100.0,28.879747
1651.0,0.5,30.0,2.0,100.0,20.36508
1652.0,1.0,30.0,2.0,100.0,17.014814
1653.0,2.0,30.0,2.0,100.0,30.13125
1654.0,3.0,30.0,2.0,100.0,16.286764
1655.0,5.0,30.0,2.0,100.0,32.759434
1656.0,10.0,30.0,2.0,100.0,22.441341
1657.0,20.0,30.0,2.0,100.0,42.67078
1658.0,40.0,30.0,2.0,100.0,36.628296
1659.0,49.0,30.0,2.0,100.0,60.590405
1660.0,0.0,30.0,2.0,100.0,30.25625
1661.0,0.5,30.0,2.0,100.0,24.866198
1662.0,1.0,30.0,2.0,100.0,28.841772
1663.0,2.0,30.0,2.0,100.0,16.290323
1664.0,3.0,30.0,2.0,100.0,15.684211
1665.0,5.0,30.0,2.0,100.0,14.219858
1666.0,10.0,30.0,2.0,100.0,9.983334
1667.0,20.0,30.0,2.0,100.0,28.157068
1668.0,40.0,30.0,2.0,100.0,42.72195
1669.0,49.0,30.0,2.0,100.0,61.072906
1670.0,0.0,30.0,2.0,100.0,29.088608
1671.0,0.5,30.0,2.0,100.0,30.0
1672.0,1.0,30.0,2.0,100.0,29.057325
1673.0,2.0,30.0,2.0,100.0,18.563381
1674.0,3.0,30.0,2.0,100.0,18.434425
1675.0,5.0,30.0,2.0,100.0,11.1796875
1676.0,10.0,30.0,2.0,100.0,15.857142
1677.0,20.0,30.0,2.0,100.0,24.59375
1678.0,40.0,30.0,2.0,100.0,55.56157
1679.0,49.0,30.0,2.0,100.0,129.68776
1680.0,0.0,30.0,2.0,100.0,30.273293
1681.0,0.5,30.0,2.0,100.0,14.651163
1682.0,1.0,30.0,2.0,100.0,25.832169
1683.0,2.0,30.0,2.0,100.0,20.925926
1684.0,3.0,30.0,2.0,100.0,16.321678
1685.0,5.0,30.0,2.0,100.0,16.270073
1686.0,10.0,30.0,2.0,100.0,13.262069
1687.0,20.0,30.0,2.0,100.0,23.590425
1688.0,40.0,30.0,2.0,100.0,45.090908
1689.0,49.0,30.0,2.0,100.0,62.63789
1690.0,0.0,30.0,2.0,100.0,29.433962
1691.0,0.5,30.0,2.0,100.0,28.677216
1692.0,1.0,30.0,2.0,100.0,20.008547
1693.0,2.0,30.0,2.0,100.0,27.711409
1694.0,3.0,30.0,2.0,100.0,23.74026
1695.0,5.0,30.0,2.0,100.0,13.116788
1696.0,10.0,30.0,2.0,100.0,23.225609
1697.0,20.0,30.0,2.0,100.0,27.526829
1698.0,40.0,30.0,2.0,100.0,33.322983
1699.0,49.0,30.0,2.0,100.0,80.20659
1700.0,0.0,30.0,2.0,100.0,28.765823
1701.0,0.5,30.0,2.0,100.0,29.654089
1702.0,1.0,30.0,2.0,100.0,29.685535
1703.0,2.0,30.0,2.0,100.0,17.86777
1704.0,3.0,30.0,2.0,100.0,16.271318
1705.0,5.0,30.0,2.0,100.0,17.935251
1706.0,10.0,30.0,2.0,100.0,16.403847
1707.0,20.0,30.0,2.0,100.0,30.172413
1708.0,40.0,30.0,2.0,100.0,43.339844
1709.0,49.0,30.0,2.0,100.0,83.94001
1710.0,0.0,30.0,2.0,100.0,27.99359
1711.0,0.5,30.0,2.0,100.0,28.58228
1712.0,1.0,30.0,2.0,100.0,21.826666
1713.0,2.0,30.0,2.0,100.0,11.677165
1714.0,3.0,30.0,2.0,100.0,11.784
1715.0,5.0,30.0,2.0,100.0,23.99435
1716.0,10.0,30.0,2.0,100.0,20.076923
1717.0,20.0,30.0,2.0,100.0,26.174864
1718.0,40.0,30.0,2.0,100.0,46.332237
1719.0,49.0,30.0,2.0,100.0,66.22984
1720.0,0.0,30.0,2.0,100.0,29.30625
1721.0,0.5,30.0,2.0,100.0,28.564102
1722.0,1.0,30.0,2.0,100.0,18.532787
1723.0,2.0,30.0,2.0,100.0,11.793893
1724.0,3.0,30.0,2.0,100.0,15.678572
1725.0,5.0,30.0,2.0,100.0,12.614173
1726.0,10.0,30.0,2.0,100.0,16.870787
1727.0,20.0,30.0,2.0,100.0,35.69784
1728.0,40.0,30.0,2.0,100.0,48.541145
1729.0,49.0,30.0,2.0,100.0,68.51095
1730.0,0.0,30.0,2.0,100.0,29.270441
1731.0,0.5,30.0,2.0,100.0,10.68644
1732.0,1.0,30.0,2.0,100.0,15.046154
1733.0,2.0,30.0,2.0,100.0,15.135339
1734.0,3.0,30.0,2.0,100.0,20.597015
1735.0,5.0,30.0,2.0,100.0,13.159091
1736.0,10.0,30.0,2.0,100.0,16.840279
1737.0,20.0,30.0,2.0,100.0,26.44186
1738.0,40.0,30.0,2.0,100.0,46.777977
1739.0,49.0,30.0,2.0,100.0,60.450134
1740.0,0.0,30.0,2.0,100.0,27.955128
1741.0,0.5,30.0,2.0,100.0,16.550848
1742.0,1.0,30.0,2.0,100.0,14.69697
1743.0,2.0,30.0,2.0,100.0,22.6
1744.0,3.0,30.0,2.0,100.0,16.271187
1745.0,5.0,30.0,2.0,100.0,11.934426
1746.0,10.0,30.0,2.0,100.0,9.603306
1747.0,20.0,30.0,2.0,100.0,30.59322
1748.0,40.0,30.0,2.0,100.0,61.698814
1749.0,49.0,30.0,2.0,100.0,81.46991
1750.0,0.0,30.0,2.0,100.0,28.924051
1751.0,0.5,30.0,2.0,100.0,25.426573
1752.0,1.0,30.0,2.0,100.0,25.682432
1753.0,2.0,30.0,2.0,100.0,27.232876
1754.0,3.0,30.0,2.0,100.0,14.683824
1755.0,5.0,30.0,2.0,100.0,19.793549
1756.0,10.0,30.0,2.0,100.0,22.876345
1757.0,20.0,30.0,2.0,100.0,26.376812
1758.0,40.0,30.0,2.0,100.0,29.118011
1759.0,49.0,30.0,2.0,100.0,74.07705
1760.0,0.0,30.0,2.0,100.0,29.025316
1761.0,0.5,30.0,2.0,100.0,26.0
1762.0,1.0,30.0,2.0,100.0,19.784
1763.0,2.0,30.0,2.0,100.0,20.120878
1764.0,3.0,30.0,2.0,100.0,18.248062
1765.0,5.0,30.0,2.0,100.0,14.691667
1766.0,10.0,30.0,2.0,100.0,16.944056
1767.0,20.0,30.0,2.0,100.0,31.716158
1768.0,40.0,30.0,2.0,100.0,41.662
1769.0,49.0,30.0,2.0,100.0,72.024086
1770.0,0.0,30.0,2.0,100.0,29.322784
1771.0,0.5,30.0,2.0,100.0,24.357664
1772.0,1.0,30.0,2.0,100.0,18.496504
1773.0,2.0,30.0,2.0,100.0,20.768211
1774.0,3.0,30.0,2.0,100.0,15.4651165
1775.0,5.0,30.0,2.0,100.0,11.244275
1776.0,10.0,30.0,2.0,100.0,24.627907
1777.0,20.0,30.0,2.0,100.0,28.076923
1778.0,40.0,30.0,2.0,100.0,43.46797
1779.0,49.0,30.0,2.0,100.0,72.92346
1780.0,0.0,30.0,2.0,100.0,29.35849
1781.0,0.5,30.0,2.0,100.0,15.838235
1782.0,1.0,30.0,2.0,100.0,21.197279
1783.0,2.0,30.0,2.0,100.0,39.657753
1784.0,3.0,30.0,2.0,100.0,18.549181
1785.0,5.0,30.0,2.0,100.0,18.170214
1786.0,10.0,30.0,2.0,100.0,22.081522
1787.0,20.0,30.0,2.0,100.0,22.034313
1788.0,40.0,30.0,2.0,100.0,35.730244
1789.0,49.0,30.0,2.0,100.0,82.30582
1790.0,0.0,30.0,2.0,100.0,28.076923
1791.0,0.5,30.0,2.0,100.0,17.084034
1792.0,1.0,30.0,2.0,100.0,30.175
1793.0,2.0,30.0,2.0,100.0,22.0
1794.0,3.0,30.0,2.0,100.0,26.535912
1795.0,5.0,30.0,2.0,100.0,15.67742
1796.0,10.0,30.0,2.0,100.0,29.772947
1797.0,20.0,30.0,2.0,100.0,27.440191
1798.0,40.0,30.0,2.0,100.0,41.565517
1799.0,49.0,30.0,2.0,100.0,78.497795
1800.0,0.0,30.0,2.0,100.0,29.396227
1801.0,0.5,30.0,2.0,100.0,29.78125
1802.0,1.0,30.0,2.0,100.0,19.040983
1803.0,2.0,30.0,2.0,100.0,17.885906
1804.0,3.0,30.0,2.0,100.0,16.2
1805.0,5.0,30.0,2.0,100.0,17.304878
1806.0,10.0,30.0,2.0,100.0,12.069445
1807.0,20.0,30.0,2.0,100.0,26.565
1808.0,40.0,30.0,2.0,100.0,55.07196
1809.0,49.0,30.0,2.0,100.0,90.065094
1810.0,0.0,30.0,2.0,100.0,28.382166
1811.0,0.5,30.0,2.0,100.0,30.770185
1812.0,1.0,30.0,2.0,100.0,24.89928
1813.0,2.0,30.0,2.0,100.0,34.229885
1814.0,3.0,30.0,2.0,100.0,13.463414
1815.0,5.0,30.0,2.0,100.0,27.59322
1816.0,10.0,30.0,2.0,100.0,14.04698
1817.0,20.0,30.0,2.0,100.0,19.22152
1818.0,40.0,30.0,2.0,100.0,37.259888
1819.0,49.0,30.0,2.0,100.0,101.314224
1820.0,0.0,30.0,2.0,100.0,28.184713
1821.0,0.5,30.0,2.0,100.0,29.114649
1822.0,1.0,30.0,2.0,100.0,10.872881
1823.0,2.0,30.0,2.0,100.0,17.876923
1824.0,3.0,30.0,2.0,100.0,14.549295
1825.0,5.0,30.0,2.0,100.0,18.059702
1826.0,10.0,30.0,2.0,100.0,26.952879
1827.0,20.0,30.0,2.0,100.0,26.876345
1828.0,40.0,30.0,2.0,100.0,47.598698
1829.0,49.0,30.0,2.0,100.0,96.57172
1830.0,0.0,30.0,2.0,100.0,29.295597
1831.0,0.5,30.0,2.0,100.0,29.389936
1832.0,1.0,30.0,2.0,100.0,23.811687
1833.0,2.0,30.0,2.0,100.0,20.237705
1834.0,3.0,30.0,2.0,100.0,15.763158
1835.0,5.0,30.0,2.0,100.0,18.470589
1836.0,10.0,30.0,2.0,100.0,22.98077
1837.0,20.0,30.0,2.0,100.0,31.165049
1838.0,40.0,30.0,2.0,100.0,37.38106
1839.0,49.0,30.0,2.0,100.0,52.743523
1840.0,0.0,30.0,2.0,100.0,29.08228
1841.0,0.5,30.0,2.0,100.0,28.630573
1842.0,1.0,30.0,2.0,100.0,29.27848
1843.0,2.0,30.0,2.0,100.0,13.172132
1844.0,3.0,30.0,2.0,100.0,15.008064
1845.0,5.0,30.0,2.0,100.0,20.514084
1846.0,10.0,30.0,2.0,100.0,27.873737
1847.0,20.0,30.0,2.0,100.0,25.951456
1848.0,40.0,30.0,2.0,100.0,47.00219
1849.0,49.0,30.0,2.0,100.0,62.853683
1850.0,0.0,30.0,2.0,100.0,28.624205
1851.0,0.5,30.0,2.0,100.0,29.72327
1852.0,1.0,30.0,2.0,100.0,20.368
1853.0,2.0,30.0,2.0,100.0,18.736
1854.0,3.0,30.0,2.0,100.0,15.342657
1855.0,5.0,30.0,2.0,100.0,22.124184
1856.0,10.0,30.0,2.0,100.0,32.68
1857.0,20.0,30.0,2.0,100.0,28.265116
1858.0,40.0,30.0,2.0,100.0,35.733334
1859.0,49.0,30.0,2.0,100.0,53.01792
1860.0,0.0,30.0,2.0,100.0,28.401274
1861.0,0.5,30.0,2.0,100.0,16.683453
1862.0,1.0,30.0,2.0,100.0,16.208
1863.0,2.0,30.0,2.0,100.0,27.324324
1864.0,3.0,30.0,2.0,100.0,28.85625
1865.0,5.0,30.0,2.0,100.0,29.642458
1866.0,10.0,30.0,2.0,100.0,30.495283
1867.0,20.0,30.0,2.0,100.0,23.65934
1868.0,40.0,30.0,2.0,100.0,55.705994
1869.0,49.0,30.0,2.0,100.0,68.33431
1870.0,0.0,30.0,2.0,100.0,51.365295
1871.0,0.5,30.0,2.0,100.0,27.280823
1872.0,1.0,30.0,2.0,100.0,29.37736
1873.0,2.0,30.0,2.0,100.0,15.555555
1874.0,3.0,30.0,2.0,100.0,16.460993
1875.0,5.0,30.0,2.0,100.0,11.991803
1876.0,10.0,30.0,2.0,100.0,15.642336
1877.0,20.0,30.0,2.0,100.0,20.214724
1878.0,40.0,30.0,2.0,100.0,43.622597
1879.0,49.0,30.0,2.0,100.0,69.802216
1880.0,0.0,30.0,2.0,100.0,29.158228
1881.0,0.5,30.0,2.0,100.0,30.099379
1882.0,1.0,30.0,2.0,100.0,17.234375
1883.0,2.0,30.0,2.0,100.0,19.277779
1884.0,3.0,30.0,2.0,100.0,10.916031
1885.0,5.0,30.0,2.0,100.0,12.748252
1886.0,10.0,30.0,2.0,100.0,24.918604
1887.0,20.0,30.0,2.0,100.0,32.739338
1888.0,40.0,30.0,2.0,100.0,41.817204
1889.0,49.0,30.0,2.0,100.0,72.00322
1890.0,0.0,30.0,2.0,100.0,29.27673
1891.0,0.5,30.0,2.0,100.0,29.7875
1892.0,1.0,30.0,2.0,100.0,16.48
1893.0,2.0,30.0,2.0,100.0,10.910569
1894.0,3.0,30.0,2.0,100.0,11.697675
1895.0,5.0,30.0,2.0,100.0,15.320895
1896.0,10.0,30.0,2.0,100.0,20.955801
1897.0,20.0,30.0,2.0,100.0,25.831818
1898.0,40.0,30.0,2.0,100.0,41.248745
1899.0,49.0,30.0,2.0,100.0,72.21413
1900.0,0.0,30.0,2.0,100.0,28.426752
1901.0,0.5,30.0,2.0,100.0,15.491072
1902.0,1.0,30.0,2.0,100.0,12.977444
1903.0,2.0,30.0,2.0,100.0,11.159664
1904.0,3.0,30.0,2.0,100.0,15.407692
1905.0,5.0,30.0,2.0,100.0,17.372093
1906.0,10.0,30.0,2.0,100.0,17.122906
1907.0,20.0,30.0,2.0,100.0,31.867256
1908.0,40.0,30.0,2.0,100.0,47.8267
1909.0,49.0,30.0,2.0,100.0,66.39759
1910.0,0.0,30.0,2.0,100.0,29.213837
1911.0,0.5,30.0,2.0,100.0,45.82474
1912.0,1.0,30.0,2.0,100.0,26.475863
1913.0,2.0,30.0,2.0,100.0,16.642336
1914.0,3.0,30.0,2.0,100.0,16.271187
1915.0,5.0,30.0,2.0,100.0,18.622952
1916.0,10.0,30.0,2.0,100.0,25.302856
1917.0,20.0,30.0,2.0,100.0,32.379166
1918.0,40.0,30.0,2.0,100.0,53.216373
1919.0,49.0,30.0,2.0,100.0,43.739796
1920.0,0.0,30.0,2.0,100.0,29.120253
1921.0,0.5,30.0,2.0,100.0,18.017857
1922.0,1.0,30.0,2.0,100.0,26.267124
1923.0,2.0,30.0,2.0,100.0,9.02439
1924.0,3.0,30.0,2.0,100.0,29.290123
1925.0,5.0,30.0,2.0,100.0,11.285714
1926.0,10.0,30.0,2.0,100.0,13.278195
1927.0,20.0,30.0,2.0,100.0,16.559748
1928.0,40.0,30.0,2.0,100.0,46.815216
1929.0,49.0,30.0,2.0,100.0,72.80516
1930.0,0.0,30.0,2.0,100.0,29.93125
1931.0,0.5,30.0,2.0,100.0,27.067114
1932.0,1.0,30.0,2.0,100.0,28.305733
1933.0,2.0,30.0,2.0,100.0,24.489052
1934.0,3.0,30.0,2.0,100.0,22.279762
1935.0,5.0,30.0,2.0,100.0,17.34507
1936.0,10.0,30.0,2.0,100.0,20.74
1937.0,20.0,30.0,2.0,100.0,21.630573
1938.0,40.0,30.0,2.0,100.0,42.73348
1939.0,49.0,30.0,2.0,100.0,95.447556
1940.0,0.0,30.0,2.0,100.0,29.025316
1941.0,0.5,30.0,2.0,100.0,29.7125
1942.0,1.0,30.0,2.0,100.0,15.045113
1943.0,2.0,30.0,2.0,100.0,14.056452
1944.0,3.0,30.0,2.0,100.0,15.617887
1945.0,5.0,30.0,2.0,100.0,13.434426
1946.0,10.0,30.0,2.0,100.0,20.235668
1947.0,20.0,30.0,2.0,100.0,19.646408
1948.0,40.0,30.0,2.0,100.0,46.458187
1949.0,49.0,30.0,2.0,100.0,80.372444
1950.0,0.0,30.0,2.0,100.0,29.468355
1951.0,0.5,30.0,2.0,100.0,22.175573
1952.0,1.0,30.0,2.0,100.0,18.275
1953.0,2.0,30.0,2.0,100.0,23.020834
1954.0,3.0,30.0,2.0,100.0,15.747826
1955.0,5.0,30.0,2.0,100.0,17.318472
1956.0,10.0,30.0,2.0,100.0,25.969326
1957.0,20.0,30.0,2.0,100.0,30.406374
1958.0,40.0,30.0,2.0,100.0,37.523365
1959.0,49.0,30.0,2.0,100.0,68.442665
1960.0,0.0,30.0,2.0,100.0,29.716982
1961.0,0.5,30.0,2.0,100.0,30.378881
1962.0,1.0,30.0,2.0,100.0,19.025806
1963.0,2.0,30.0,2.0,100.0,17.615942
1964.0,3.0,30.0,2.0,100.0,22.577381
1965.0,5.0,30.0,2.0,100.0,21.697842
1966.0,10.0,30.0,2.0,100.0,13.607142
1967.0,20.0,30.0,2.0,100.0,24.877934
1968.0,40.0,30.0,2.0,100.0,51.98475
1969.0,49.0,30.0,2.0,100.0,77.47289
1970.0,0.0,30.0,2.0,100.0,29.490566
1971.0,0.5,30.0,2.0,100.0,30.130434
1972.0,1.0,30.0,2.0,100.0,28.56688
1973.0,2.0,30.0,2.0,100.0,14.646153
1974.0,3.0,30.0,2.0,100.0,28.42236
1975.0,5.0,30.0,2.0,100.0,23.57639
1976.0,10.0,30.0,2.0,100.0,22.526316
1977.0,20.0,30.0,2.0,100.0,20.190475
1978.0,40.0,30.0,2.0,100.0,42.563774
1979.0,49.0,30.0,2.0,100.0,75.88953
1980.0,0.0,30.0,2.0,100.0,29.389936
1981.0,0.5,30.0,2.0,100.0,32.95402
1982.0,1.0,30.0,2.0,100.0,28.562092
1983.0,2.0,30.0,2.0,100.0,15.241135
1984.0,3.0,30.0,2.0,100.0,17.90909
1985.0,5.0,30.0,2.0,100.0,17.36
1986.0,10.0,30.0,2.0,100.0,17.255033
1987.0,20.0,30.0,2.0,100.0,19.728323
1988.0,40.0,30.0,2.0,100.0,38.730526
1989.0,49.0,30.0,2.0,100.0,84.54312
1990.0,0.0,30.0,2.0,100.0,29.522013
1991.0,0.5,30.0,2.0,100.0,29.80503
1992.0,1.0,30.0,2.0,100.0,21.979866
1993.0,2.0,30.0,2.0,100.0,19.119719
1994.0,3.0,30.0,2.0,100.0,12.125984
1995.0,5.0,30.0,2.0,100.0,14.993548
1996.0,10.0,30.0,2.0,100.0,22.346457
1997.0,20.0,30.0,2.0,100.0,31.223255
1998.0,40.0,30.0,2.0,100.0,34.341904
1999.0,49.0,30.0,2.0,100.0,62.450756
2000.0,0.0,40.0,2.0,100.0,29.830189
2001.0,0.5,40.0,2.0,100.0,29.455696
2002.0,1.0,40.0,2.0,100.0,25.95862
2003.0,2.0,40.0,2.0,100.0,16.477612
2004.0,3.0,40.0,2.0,100.0,23.748148
2005.0,5.0,40.0,2.0,100.0,15.527027
2006.0,10.0,40.0,2.0,100.0,16.222221
2007.0,20.0,40.0,2.0,100.0,23.226805
2008.0,40.0,40.0,2.0,100.0,40.25971
2009.0,49.0,40.0,2.0,100.0,86.49595
2010.0,0.0,40.0,2.0,100.0,29.270441
2011.0,0.5,40.0,2.0,100.0,29.094936
2012.0,1.0,40.0,2.0,100.0,19.547945
2013.0,2.0,40.0,2.0,100.0,19.368055
2014.0,3.0,40.0,2.0,100.0,18.368422
2015.0,5.0,40.0,2.0,100.0,11.9262295
2016.0,10.0,40.0,2.0,100.0,17.491936
2017.0,20.0,40.0,2.0,100.0,32.535713
2018.0,40.0,40.0,2.0,100.0,48.7947
2019.0,49.0,40.0,2.0,100.0,58.26923
2020.0,0.0,40.0,2.0,100.0,29.484276
2021.0,0.5,40.0,2.0,100.0,29.685535
2022.0,1.0,40.0,2.0,100.0,22.609022
2023.0,2.0,40.0,2.0,100.0,18.216667
2024.0,3.0,40.0,2.0,100.0,14.895105
2025.0,5.0,40.0,2.0,100.0,20.42
2026.0,10.0,40.0,2.0,100.0,23.300577
2027.0,20.0,40.0,2.0,100.0,22.562841
2028.0,40.0,40.0,2.0,100.0,116.438896
2029.0,49.0,40.0,2.0,100.0,58.15538
2030.0,0.0,40.0,2.0,100.0,29.64151
2031.0,0.5,40.0,2.0,100.0,30.375
2032.0,1.0,40.0,2.0,100.0,26.878378
2033.0,2.0,40.0,2.0,100.0,10.947369
2034.0,3.0,40.0,2.0,100.0,20.93985
2035.0,5.0,40.0,2.0,100.0,17.235294
2036.0,10.0,40.0,2.0,100.0,22.731579
2037.0,20.0,40.0,2.0,100.0,21.48936
2038.0,40.0,40.0,2.0,100.0,47.265118
2039.0,49.0,40.0,2.0,100.0,50.986145
2040.0,0.0,40.0,2.0,100.0,53.15525
2041.0,0.5,40.0,2.0,100.0,18.374102
2042.0,1.0,40.0,2.0,100.0,14.422764
2043.0,2.0,40.0,2.0,100.0,28.59375
2044.0,3.0,40.0,2.0,100.0,24.782608
2045.0,5.0,40.0,2.0,100.0,18.919117
2046.0,10.0,40.0,2.0,100.0,26.387434
2047.0,20.0,40.0,2.0,100.0,29.955
2048.0,40.0,40.0,2.0,100.0,42.944767
2049.0,49.0,40.0,2.0,100.0,55.732365
2050.0,0.0,40.0,2.0,100.0,28.248407
2051.0,0.5,40.0,2.0,100.0,29.660378
2052.0,1.0,40.0,2.0,100.0,29.751593
2053.0,2.0,40.0,2.0,100.0,24.447369
2054.0,3.0,40.0,2.0,100.0,13.866667
2055.0,5.0,40.0,2.0,100.0,14.711111
2056.0,10.0,40.0,2.0,100.0,20.23871
2057.0,20.0,40.0,2.0,100.0,26.459822
2058.0,40.0,40.0,2.0,100.0,48.91224
2059.0,49.0,40.0,2.0,100.0,76.60768
2060.0,0.0,40.0,2.0,100.0,28.974684
2061.0,0.5,40.0,2.0,100.0,19.403225
2062.0,1.0,40.0,2.0,100.0,19.967106
2063.0,2.0,40.0,2.0,100.0,11.235772
2064.0,3.0,40.0,2.0,100.0,17.428572
2065.0,5.0,40.0,2.0,100.0,15.411347
2066.0,10.0,40.0,2.0,100.0,11.0
2067.0,20.0,40.0,2.0,100.0,31.845133
2068.0,40.0,40.0,2.0,100.0,53.187347
2069.0,49.0,40.0,2.0,100.0,98.24465
2070.0,0.0,40.0,2.0,100.0,28.740507
2071.0,0.5,40.0,2.0,100.0,21.666666
2072.0,1.0,40.0,2.0,100.0,27.447369
2073.0,2.0,40.0,2.0,100.0,18.330578
2074.0,3.0,40.0,2.0,100.0,10.976923
2075.0,5.0,40.0,2.0,100.0,17.397058
2076.0,10.0,40.0,2.0,100.0,33.936584
2077.0,20.0,40.0,2.0,100.0,25.068323
2078.0,40.0,40.0,2.0,100.0,42.734695
2079.0,49.0,40.0,2.0,100.0,76.78138
2080.0,0.0,40.0,2.0,100.0,29.314465
2081.0,0.5,40.0,2.0,100.0,29.691824
2082.0,1.0,40.0,2.0,100.0,17.4375
2083.0,2.0,40.0,2.0,100.0,21.977098
2084.0,3.0,40.0,2.0,100.0,13.559055
2085.0,5.0,40.0,2.0,100.0,12.46281
2086.0,10.0,40.0,2.0,100.0,19.127274
2087.0,20.0,40.0,2.0,100.0,29.348259
2088.0,40.0,40.0,2.0,100.0,59.92857
2089.0,49.0,40.0,2.0,100.0,91.09402
2090.0,0.0,40.0,2.0,100.0,28.089743
2091.0,0.5,40.0,2.0,100.0,15.298508
2092.0,1.0,40.0,2.0,100.0,22.015385
2093.0,2.0,40.0,2.0,100.0,16.258333
2094.0,3.0,40.0,2.0,100.0,23.338236
2095.0,5.0,40.0,2.0,100.0,25.435583
2096.0,10.0,40.0,2.0,100.0,23.578651
2097.0,20.0,40.0,2.0,100.0,35.96552
2098.0,40.0,40.0,2.0,100.0,33.51734
2099.0,49.0,40.0,2.0,100.0,75.51773
2100.0,0.0,40.0,2.0,100.0,29.7375
2101.0,0.5,40.0,2.0,100.0,14.823529
2102.0,1.0,40.0,2.0,100.0,20.317568
2103.0,2.0,40.0,2.0,100.0,21.877863
2104.0,3.0,40.0,2.0,100.0,16.491667
2105.0,5.0,40.0,2.0,100.0,18.255814
2106.0,10.0,40.0,2.0,100.0,26.642424
2107.0,20.0,40.0,2.0,100.0,24.241205
2108.0,40.0,40.0,2.0,100.0,39.90411
2109.0,49.0,40.0,2.0,100.0,79.98736
2110.0,0.0,40.0,2.0,100.0,29.339622
2111.0,0.5,40.0,2.0,100.0,29.91875
2112.0,1.0,40.0,2.0,100.0,21.737804
2113.0,2.0,40.0,2.0,100.0,19.095238
2114.0,3.0,40.0,2.0,100.0,20.591194
2115.0,5.0,40.0,2.0,100.0,14.423077
2116.0,10.0,40.0,2.0,100.0,19.855263
2117.0,20.0,40.0,2.0,100.0,39.90045
2118.0,40.0,40.0,2.0,100.0,55.454197
2119.0,49.0,40.0,2.0,100.0,94.56744
2120.0,0.0,40.0,2.0,100.0,29.85
2121.0,0.5,40.0,2.0,100.0,34.384617
2122.0,1.0,40.0,2.0,100.0,16.661871
2123.0,2.0,40.0,2.0,100.0,13.1328125
2124.0,3.0,40.0,2.0,100.0,18.46853
2125.0,5.0,40.0,2.0,100.0,20.918129
2126.0,10.0,40.0,2.0,100.0,23.72093
2127.0,20.0,40.0,2.0,100.0,30.755209
2128.0,40.0,40.0,2.0,100.0,52.95982
2129.0,49.0,40.0,2.0,100.0,106.81672
2130.0,0.0,40.0,2.0,100.0,30.018867
2131.0,0.5,40.0,2.0,100.0,20.585938
2132.0,1.0,40.0,2.0,100.0,17.477942
2133.0,2.0,40.0,2.0,100.0,14.647541
2134.0,3.0,40.0,2.0,100.0,14.026316
2135.0,5.0,40.0,2.0,100.0,18.452381
2136.0,10.0,40.0,2.0,100.0,22.559322
2137.0,20.0,40.0,2.0,100.0,35.25322
2138.0,40.0,40.0,2.0,100.0,35.38869
2139.0,49.0,40.0,2.0,100.0,63.242046
2140.0,0.0,40.0,2.0,100.0,29.297468
2141.0,0.5,40.0,2.0,100.0,17.235294
2142.0,1.0,40.0,2.0,100.0,17.268908
2143.0,2.0,40.0,2.0,100.0,24.956835
2144.0,3.0,40.0,2.0,100.0,14.661972
2145.0,5.0,40.0,2.0,100.0,21.554838
2146.0,10.0,40.0,2.0,100.0,13.795082
2147.0,20.0,40.0,2.0,100.0,34.179165
2148.0,40.0,40.0,2.0,100.0,37.30961
2149.0,49.0,40.0,2.0,100.0,94.478745
2150.0,0.0,40.0,2.0,100.0,28.407642
2151.0,0.5,40.0,2.0,100.0,29.779875
2152.0,1.0,40.0,2.0,100.0,29.01266
2153.0,2.0,40.0,2.0,100.0,16.553846
2154.0,3.0,40.0,2.0,100.0,21.660494
2155.0,5.0,40.0,2.0,100.0,20.238462
2156.0,10.0,40.0,2.0,100.0,14.111111
2157.0,20.0,40.0,2.0,100.0,34.588234
2158.0,40.0,40.0,2.0,100.0,43.97859
2159.0,49.0,40.0,2.0,100.0,92.946815
2160.0,0.0,40.0,2.0,100.0,28.350319
2161.0,0.5,40.0,2.0,100.0,12.022901
2162.0,1.0,40.0,2.0,100.0,29.685535
2163.0,2.0,40.0,2.0,100.0,19.051851
2164.0,3.0,40.0,2.0,100.0,13.985401
2165.0,5.0,40.0,2.0,100.0,19.630873
2166.0,10.0,40.0,2.0,100.0,18.875816
2167.0,20.0,40.0,2.0,100.0,22.748428
2168.0,40.0,40.0,2.0,100.0,44.3059
2169.0,49.0,40.0,2.0,100.0,81.56313
2170.0,0.0,40.0,2.0,100.0,29.597485
2171.0,0.5,40.0,2.0,100.0,21.348684
2172.0,1.0,40.0,2.0,100.0,27.72
2173.0,2.0,40.0,2.0,100.0,19.554054
2174.0,3.0,40.0,2.0,100.0,15.451128
2175.0,5.0,40.0,2.0,100.0,22.30539
2176.0,10.0,40.0,2.0,100.0,19.753164
2177.0,20.0,40.0,2.0,100.0,33.222706
2178.0,40.0,40.0,2.0,100.0,49.494976
2179.0,49.0,40.0,2.0,100.0,119.67337
2180.0,0.0,40.0,2.0,100.0,55.650208
2181.0,0.5,40.0,2.0,100.0,29.572327
2182.0,1.0,40.0,2.0,100.0,28.892405
2183.0,2.0,40.0,2.0,100.0,24.855072
2184.0,3.0,40.0,2.0,100.0,16.193548
2185.0,5.0,40.0,2.0,100.0,20.358778
2186.0,10.0,40.0,2.0,100.0,29.6875
2187.0,20.0,40.0,2.0,100.0,25.061321
2188.0,40.0,40.0,2.0,100.0,37.993008
2189.0,49.0,40.0,2.0,100.0,51.271454
2190.0,0.0,40.0,2.0,100.0,28.414013
2191.0,0.5,40.0,2.0,100.0,28.8481
2192.0,1.0,40.0,2.0,100.0,23.19403
2193.0,2.0,40.0,2.0,100.0,17.992805
2194.0,3.0,40.0,2.0,100.0,15.234375
2195.0,5.0,40.0,2.0,100.0,18.587837
2196.0,10.0,40.0,2.0,100.0,20.767443
2197.0,20.0,40.0,2.0,100.0,34.46087
2198.0,40.0,40.0,2.0,100.0,51.36628
2199.0,49.0,40.0,2.0,100.0,55.074505
2200.0,0.0,40.0,2.0,100.0,29.06962
2201.0,0.5,40.0,2.0,100.0,28.98734
2202.0,1.0,40.0,2.0,100.0,29.672956
2203.0,2.0,40.0,2.0,100.0,23.22289
2204.0,3.0,40.0,2.0,100.0,15.411765
2205.0,5.0,40.0,2.0,100.0,16.099339
2206.0,10.0,40.0,2.0,100.0,13.575758
2207.0,20.0,40.0,2.0,100.0,28.913979
2208.0,40.0,40.0,2.0,100.0,54.83983
2209.0,49.0,40.0,2.0,100.0,67.64765
2210.0,0.0,40.0,2.0,100.0,28.777071
2211.0,0.5,40.0,2.0,100.0,29.98125
2212.0,1.0,40.0,2.0,100.0,17.893442
2213.0,2.0,40.0,2.0,100.0,16.302816
2214.0,3.0,40.0,2.0,100.0,16.460526
2215.0,5.0,40.0,2.0,100.0,18.973154
2216.0,10.0,40.0,2.0,100.0,25.756907
2217.0,20.0,40.0,2.0,100.0,30.009615
2218.0,40.0,40.0,2.0,100.0,45.02077
2219.0,49.0,40.0,2.0,100.0,86.6935
2220.0,0.0,40.0,2.0,100.0,29.63522
2221.0,0.5,40.0,2.0,100.0,32.812122
2222.0,1.0,40.0,2.0,100.0,20.113636
2223.0,2.0,40.0,2.0,100.0,14.008772
2224.0,3.0,40.0,2.0,100.0,12.402985
2225.0,5.0,40.0,2.0,100.0,20.929031
2226.0,10.0,40.0,2.0,100.0,23.961327
2227.0,20.0,40.0,2.0,100.0,29.780952
2228.0,40.0,40.0,2.0,100.0,56.40399
2229.0,49.0,40.0,2.0,100.0,82.14838
2230.0,0.0,40.0,2.0,100.0,30.453417
2231.0,0.5,40.0,2.0,100.0,19.175182
2232.0,1.0,40.0,2.0,100.0,19.013605
2233.0,2.0,40.0,2.0,100.0,17.88889
2234.0,3.0,40.0,2.0,100.0,20.86923
2235.0,5.0,40.0,2.0,100.0,18.937931
2236.0,10.0,40.0,2.0,100.0,21.879747
2237.0,20.0,40.0,2.0,100.0,26.80808
2238.0,40.0,40.0,2.0,100.0,43.819443
2239.0,49.0,40.0,2.0,100.0,85.916
2240.0,0.0,40.0,2.0,100.0,29.006329
2241.0,0.5,40.0,2.0,100.0,29.132912
2242.0,1.0,40.0,2.0,100.0,19.4375
2243.0,2.0,40.0,2.0,100.0,16.730434
2244.0,3.0,40.0,2.0,100.0,10.578125
2245.0,5.0,40.0,2.0,100.0,11.560606
2246.0,10.0,40.0,2.0,100.0,13.619719
2247.0,20.0,40.0,2.0,100.0,31.311111
2248.0,40.0,40.0,2.0,100.0,43.16566
2249.0,49.0,40.0,2.0,100.0,61.590183
2250.0,0.0,40.0,2.0,100.0,29.455696
2251.0,0.5,40.0,2.0,100.0,18.264463
2252.0,1.0,40.0,2.0,100.0,15.175
2253.0,2.0,40.0,2.0,100.0,10.428572
2254.0,3.0,40.0,2.0,100.0,23.235294
2255.0,5.0,40.0,2.0,100.0,12.629921
2256.0,10.0,40.0,2.0,100.0,27.89326
2257.0,20.0,40.0,2.0,100.0,21.235954
2258.0,40.0,40.0,2.0,100.0,40.59268
2259.0,49.0,40.0,2.0,100.0,71.755165
2260.0,0.0,40.0,2.0,100.0,29.54717
2261.0,0.5,40.0,2.0,100.0,17.514492
2262.0,1.0,40.0,2.0,100.0,29.45283
2263.0,2.0,40.0,2.0,100.0,17.732824
2264.0,3.0,40.0,2.0,100.0,16.481203
2265.0,5.0,40.0,2.0,100.0,15.435115
2266.0,10.0,40.0,2.0,100.0,22.731707
2267.0,20.0,40.0,2.0,100.0,30.074257
2268.0,40.0,40.0,2.0,100.0,44.847683
2269.0,49.0,40.0,2.0,100.0,116.71429
2270.0,0.0,40.0,2.0,100.0,28.905064
2271.0,0.5,40.0,2.0,100.0,28.751593
2272.0,1.0,40.0,2.0,100.0,28.484076
2273.0,2.0,40.0,2.0,100.0,30.1125
2274.0,3.0,40.0,2.0,100.0,19.616352
2275.0,5.0,40.0,2.0,100.0,20.099339
2276.0,10.0,40.0,2.0,100.0,22.885351
2277.0,20.0,40.0,2.0,100.0,25.945812
2278.0,40.0,40.0,2.0,100.0,47.52312
2279.0,49.0,40.0,2.0,100.0,57.56854
2280.0,0.0,40.0,2.0,100.0,29.89937
2281.0,0.5,40.0,2.0,100.0,24.453238
2282.0,1.0,40.0,2.0,100.0,16.94853
2283.0,2.0,40.0,2.0,100.0,22.87857
2284.0,3.0,40.0,2.0,100.0,15.365672
2285.0,5.0,40.0,2.0,100.0,15.798611
2286.0,10.0,40.0,2.0,100.0,21.886793
2287.0,20.0,40.0,2.0,100.0,25.910614
2288.0,40.0,40.0,2.0,100.0,54.08257
2289.0,49.0,40.0,2.0,100.0,68.32286
2290.0,0.0,40.0,2.0,100.0,29.537975
2291.0,0.5,40.0,2.0,100.0,29.861635
2292.0,1.0,40.0,2.0,100.0,16.402878
2293.0,2.0,40.0,2.0,100.0,16.447762
2294.0,3.0,40.0,2.0,100.0,24.0625
2295.0,5.0,40.0,2.0,100.0,23.709303
2296.0,10.0,40.0,2.0,100.0,17.980392
2297.0,20.0,40.0,2.0,100.0,19.6875
2298.0,40.0,40.0,2.0,100.0,48.61807
2299.0,49.0,40.0,2.0,100.0,96.746506
2300.0,0.0,40.0,2.0,100.0,29.402515
2301.0,0.5,40.0,2.0,100.0,27.133802
2302.0,1.0,40.0,2.0,100.0,17.300814
2303.0,2.0,40.0,2.0,100.0,18.371212
2304.0,3.0,40.0,2.0,100.0,19.145985
2305.0,5.0,40.0,2.0,100.0,11.208
2306.0,10.0,40.0,2.0,100.0,22.427778
2307.0,20.0,40.0,2.0,100.0,15.801325
2308.0,40.0,40.0,2.0,100.0,48.734177
2309.0,49.0,40.0,2.0,100.0,78.14508
2310.0,0.0,40.0,2.0,100.0,50.827103
2311.0,0.5,40.0,2.0,100.0,14.808333
2312.0,1.0,40.0,2.0,100.0,14.15748
2313.0,2.0,40.0,2.0,100.0,13.12782
2314.0,3.0,40.0,2.0,100.0,26.461538
2315.0,5.0,40.0,2.0,100.0,23.97183
2316.0,10.0,40.0,2.0,100.0,26.899471
2317.0,20.0,40.0,2.0,100.0,37.38384
2318.0,40.0,40.0,2.0,100.0,39.24759
2319.0,49.0,40.0,2.0,100.0,170.38115
2320.0,0.0,40.0,2.0,100.0,28.91772
2321.0,0.5,40.0,2.0,100.0,29.26415
2322.0,1.0,40.0,2.0,100.0,29.36076
2323.0,2.0,40.0,2.0,100.0,13.082706
2324.0,3.0,40.0,2.0,100.0,13.008333
2325.0,5.0,40.0,2.0,100.0,20.51145
2326.0,10.0,40.0,2.0,100.0,11.0703125
2327.0,20.0,40.0,2.0,100.0,21.593582
2328.0,40.0,40.0,2.0,100.0,46.193024
2329.0,49.0,40.0,2.0,100.0,76.97011
2330.0,0.0,40.0,2.0,100.0,29.220125
2331.0,0.5,40.0,2.0,100.0,16.537878
2332.0,1.0,40.0,2.0,100.0,29.827381
2333.0,2.0,40.0,2.0,100.0,29.120253
2334.0,3.0,40.0,2.0,100.0,10.471074
2335.0,5.0,40.0,2.0,100.0,11.40625
2336.0,10.0,40.0,2.0,100.0,13.669014
2337.0,20.0,40.0,2.0,100.0,26.58125
2338.0,40.0,40.0,2.0,100.0,37.15772
2339.0,49.0,40.0,2.0,100.0,75.92076
2340.0,0.0,40.0,2.0,100.0,28.873417
2341.0,0.5,40.0,2.0,100.0,29.597485
2342.0,1.0,40.0,2.0,100.0,15.462687
2343.0,2.0,40.0,2.0,100.0,29.382166
2344.0,3.0,40.0,2.0,100.0,28.394905
2345.0,5.0,40.0,2.0,100.0,11.0079365
2346.0,10.0,40.0,2.0,100.0,17.986013
2347.0,20.0,40.0,2.0,100.0,31.641026
2348.0,40.0,40.0,2.0,100.0,49.176632
2349.0,49.0,40.0,2.0,100.0,88.45758
2350.0,0.0,40.0,2.0,100.0,28.592358
2351.0,0.5,40.0,2.0,100.0,14.347458
2352.0,1.0,40.0,2.0,100.0,20.8125
2353.0,2.0,40.0,2.0,100.0,26.013699
2354.0,3.0,40.0,2.0,100.0,23.424837
2355.0,5.0,40.0,2.0,100.0,18.445784
2356.0,10.0,40.0,2.0,100.0,38.2
2357.0,20.0,40.0,2.0,100.0,41.291496
2358.0,40.0,40.0,2.0,100.0,43.69598
2359.0,49.0,40.0,2.0,100.0,89.54829
2360.0,0.0,40.0,2.0,100.0,29.80625
2361.0,0.5,40.0,2.0,100.0,15.330827
2362.0,1.0,40.0,2.0,100.0,28.867088
2363.0,2.0,40.0,2.0,100.0,29.314465
2364.0,3.0,40.0,2.0,100.0,14.7786255
2365.0,5.0,40.0,2.0,100.0,17.171974
2366.0,10.0,40.0,2.0,100.0,16.14
2367.0,20.0,40.0,2.0,100.0,21.527273
2368.0,40.0,40.0,2.0,100.0,45.984905
2369.0,49.0,40.0,2.0,100.0,72.535484
2370.0,0.0,40.0,2.0,100.0,29.396227
2371.0,0.5,40.0,2.0,100.0,30.031446
2372.0,1.0,40.0,2.0,100.0,17.648438
2373.0,2.0,40.0,2.0,100.0,14.8
2374.0,3.0,40.0,2.0,100.0,13.320611
2375.0,5.0,40.0,2.0,100.0,24.10241
2376.0,10.0,40.0,2.0,100.0,21.345455
2377.0,20.0,40.0,2.0,100.0,23.15508
2378.0,40.0,40.0,2.0,100.0,50.376205
2379.0,49.0,40.0,2.0,100.0,75.6993
2380.0,0.0,40.0,2.0,100.0,29.91875
2381.0,0.5,40.0,2.0,100.0,13.256638
2382.0,1.0,40.0,2.0,100.0,18.806202
2383.0,2.0,40.0,2.0,100.0,12.255639
2384.0,3.0,40.0,2.0,100.0,24.058393
2385.0,5.0,40.0,2.0,100.0,9.5245905
2386.0,10.0,40.0,2.0,100.0,14.091503
2387.0,20.0,40.0,2.0,100.0,41.051586
2388.0,40.0,40.0,2.0,100.0,45.437008
2389.0,49.0,40.0,2.0,100.0,81.37942
2390.0,0.0,40.0,2.0,100.0,29.220125
2391.0,0.5,40.0,2.0,100.0,23.231707
2392.0,1.0,40.0,2.0,100.0,18.893442
2393.0,2.0,40.0,2.0,100.0,18.13669
2394.0,3.0,40.0,2.0,100.0,19.85034
2395.0,5.0,40.0,2.0,100.0,17.865671
2396.0,10.0,40.0,2.0,100.0,25.791445
2397.0,20.0,40.0,2.0,100.0,38.632233
2398.0,40.0,40.0,2.0,100.0,42.29032
2399.0,49.0,40.0,2.0,100.0,82.17212
2400.0,0.0,40.0,2.0,100.0,29.748428
2401.0,0.5,40.0,2.0,100.0,28.423077
2402.0,1.0,40.0,2.0,100.0,29.471699
2403.0,2.0,40.0,2.0,100.0,11.064516
2404.0,3.0,40.0,2.0,100.0,14.392
2405.0,5.0,40.0,2.0,100.0,16.792856
2406.0,10.0,40.0,2.0,100.0,28.707865
2407.0,20.0,40.0,2.0,100.0,17.308176
2408.0,40.0,40.0,2.0,100.0,77.39645
2409.0,49.0,40.0,2.0,100.0,96.184715
2410.0,0.0,40.0,2.0,100.0,29.861635
2411.0,0.5,40.0,2.0,100.0,29.710691
2412.0,1.0,40.0,2.0,100.0,14.54918
2413.0,2.0,40.0,2.0,100.0,18.450819
2414.0,3.0,40.0,2.0,100.0,14.385715
2415.0,5.0,40.0,2.0,100.0,15.324561
2416.0,10.0,40.0,2.0,100.0,20.796179
2417.0,20.0,40.0,2.0,100.0,24.902702
2418.0,40.0,40.0,2.0,100.0,49.69853
2419.0,49.0,40.0,2.0,100.0,73.03651
2420.0,0.0,40.0,2.0,100.0,29.666666
2421.0,0.5,40.0,2.0,100.0,25.478872
2422.0,1.0,40.0,2.0,100.0,24.535715
2423.0,2.0,40.0,2.0,100.0,14.9609375
2424.0,3.0,40.0,2.0,100.0,26.486486
2425.0,5.0,40.0,2.0,100.0,18.806452
2426.0,10.0,40.0,2.0,100.0,25.437159
2427.0,20.0,40.0,2.0,100.0,18.73054
2428.0,40.0,40.0,2.0,100.0,48.1167
2429.0,49.0,40.0,2.0,100.0,72.42557
2430.0,0.0,40.0,2.0,100.0,29.8875
2431.0,0.5,40.0,2.0,100.0,36.715847
2432.0,1.0,40.0,2.0,100.0,17.702478
2433.0,2.0,40.0,2.0,100.0,16.270073
2434.0,3.0,40.0,2.0,100.0,12.274194
2435.0,5.0,40.0,2.0,100.0,14.1484375
2436.0,10.0,40.0,2.0,100.0,24.70122
2437.0,20.0,40.0,2.0,100.0,24.90625
2438.0,40.0,40.0,2.0,100.0,48.376568
2439.0,49.0,40.0,2.0,100.0,74.3314
2440.0,0.0,40.0,2.0,100.0,29.170887
2441.0,0.5,40.0,2.0,100.0,29.295597
2442.0,1.0,40.0,2.0,100.0,29.9125
2443.0,2.0,40.0,2.0,100.0,16.12782
2444.0,3.0,40.0,2.0,100.0,16.236841
2445.0,5.0,40.0,2.0,100.0,14.597015
2446.0,10.0,40.0,2.0,100.0,16.603659
2447.0,20.0,40.0,2.0,100.0,18.78395
2448.0,40.0,40.0,2.0,100.0,54.97679
2449.0,49.0,40.0,2.0,100.0,64.63685
2450.0,0.0,40.0,2.0,100.0,29.322784
2451.0,0.5,40.0,2.0,100.0,15.683824
2452.0,1.0,40.0,2.0,100.0,32.6375
2453.0,2.0,40.0,2.0,100.0,17.504202
2454.0,3.0,40.0,2.0,100.0,15.601503
2455.0,5.0,40.0,2.0,100.0,17.130718
2456.0,10.0,40.0,2.0,100.0,25.22093
2457.0,20.0,40.0,2.0,100.0,33.89756
2458.0,40.0,40.0,2.0,100.0,47.391644
2459.0,49.0,40.0,2.0,100.0,69.34915
2460.0,0.0,40.0,2.0,100.0,29.101265
2461.0,0.5,40.0,2.0,100.0,28.617834
2462.0,1.0,40.0,2.0,100.0,28.872612
2463.0,2.0,40.0,2.0,100.0,10.206349
2464.0,3.0,40.0,2.0,100.0,22.506098
2465.0,5.0,40.0,2.0,100.0,20.872482
2466.0,10.0,40.0,2.0,100.0,25.13497
2467.0,20.0,40.0,2.0,100.0,18.487654
2468.0,40.0,40.0,2.0,100.0,49.2
2469.0,49.0,40.0,2.0,100.0,86.39515
2470.0,0.0,40.0,2.0,100.0,37.629414
2471.0,0.5,40.0,2.0,100.0,29.493671
2472.0,1.0,40.0,2.0,100.0,27.56129
2473.0,2.0,40.0,2.0,100.0,37.790123
2474.0,3.0,40.0,2.0,100.0,13.352
2475.0,5.0,40.0,2.0,100.0,18.070923
2476.0,10.0,40.0,2.0,100.0,21.76087
2477.0,20.0,40.0,2.0,100.0,33.175114
2478.0,40.0,40.0,2.0,100.0,37.401016
2479.0,49.0,40.0,2.0,100.0,73.20578
2480.0,0.0,40.0,2.0,100.0,30.0
2481.0,0.5,40.0,2.0,100.0,27.880795
2482.0,1.0,40.0,2.0,100.0,27.90909
2483.0,2.0,40.0,2.0,100.0,16.984
2484.0,3.0,40.0,2.0,100.0,18.289257
2485.0,5.0,40.0,2.0,100.0,25.753426
2486.0,10.0,40.0,2.0,100.0,13.889655
2487.0,20.0,40.0,2.0,100.0,21.489584
2488.0,40.0,40.0,2.0,100.0,39.21519
2489.0,49.0,40.0,2.0,100.0,83.1045
2490.0,0.0,40.0,2.0,100.0,29.13924
2491.0,0.5,40.0,2.0,100.0,24.930555
2492.0,1.0,40.0,2.0,100.0,28.86076
2493.0,2.0,40.0,2.0,100.0,15.875862
2494.0,3.0,40.0,2.0,100.0,16.472221
2495.0,5.0,40.0,2.0,100.0,22.635359
2496.0,10.0,40.0,2.0,100.0,20.45614
2497.0,20.0,40.0,2.0,100.0,35.913635
2498.0,40.0,40.0,2.0,100.0,47.21693
2499.0,49.0,40.0,2.0,100.0,106.6616
2500.0,0.0,50.0,2.0,100.0,28.656052
2501.0,0.5,50.0,2.0,100.0,28.487013
2502.0,1.0,50.0,2.0,100.0,18.560976
2503.0,2.0,50.0,2.0,100.0,25.231884
2504.0,3.0,50.0,2.0,100.0,18.590164
2505.0,5.0,50.0,2.0,100.0,19.787672
2506.0,10.0,50.0,2.0,100.0,14.6453905
2507.0,20.0,50.0,2.0,100.0,20.120253
2508.0,40.0,50.0,2.0,100.0,44.555557
2509.0,49.0,50.0,2.0,100.0,73.80496
2510.0,0.0,50.0,2.0,100.0,29.534592
2511.0,0.5,50.0,2.0,100.0,14.555555
2512.0,1.0,50.0,2.0,100.0,29.455696
2513.0,2.0,50.0,2.0,100.0,12.610169
2514.0,3.0,50.0,2.0,100.0,15.992593
2515.0,5.0,50.0,2.0,100.0,13.762295
2516.0,10.0,50.0,2.0,100.0,14.028369
2517.0,20.0,50.0,2.0,100.0,30.53719
2518.0,40.0,50.0,2.0,100.0,65.19481
2519.0,49.0,50.0,2.0,100.0,82.79219
2520.0,0.0,50.0,2.0,100.0,28.8481
2521.0,0.5,50.0,2.0,100.0,18.868055
2522.0,1.0,50.0,2.0,100.0,18.542253
2523.0,2.0,50.0,2.0,100.0,15.75188
2524.0,3.0,50.0,2.0,100.0,29.421383
2525.0,5.0,50.0,2.0,100.0,13.367521
2526.0,10.0,50.0,2.0,100.0,27.231155
2527.0,20.0,50.0,2.0,100.0,22.72067
2528.0,40.0,50.0,2.0,100.0,77.60098
2529.0,49.0,50.0,2.0,100.0,111.272316
2530.0,0.0,50.0,2.0,100.0,28.829113
2531.0,0.5,50.0,2.0,100.0,19.263514
2532.0,1.0,50.0,2.0,100.0,28.426752
2533.0,2.0,50.0,2.0,100.0,22.253845
2534.0,3.0,50.0,2.0,100.0,16.44697
2535.0,5.0,50.0,2.0,100.0,15.627737
2536.0,10.0,50.0,2.0,100.0,33.625668
2537.0,20.0,50.0,2.0,100.0,24.27528
2538.0,40.0,50.0,2.0,100.0,55.23077
2539.0,49.0,50.0,2.0,100.0,71.78625
2540.0,0.0,50.0,2.0,100.0,28.892405
2541.0,0.5,50.0,2.0,100.0,28.356688
2542.0,1.0,50.0,2.0,100.0,30.875
2543.0,2.0,50.0,2.0,100.0,23.722628
2544.0,3.0,50.0,2.0,100.0,19.213675
2545.0,5.0,50.0,2.0,100.0,14.4925375
2546.0,10.0,50.0,2.0,100.0,10.954199
2547.0,20.0,50.0,2.0,100.0,29.59116
2548.0,40.0,50.0,2.0,100.0,56.623287
2549.0,49.0,50.0,2.0,100.0,89.34661
2550.0,0.0,50.0,2.0,100.0,29.6875
2551.0,0.5,50.0,2.0,100.0,29.660378
2552.0,1.0,50.0,2.0,100.0,21.015625
2553.0,2.0,50.0,2.0,100.0,16.942446
2554.0,3.0,50.0,2.0,100.0,12.452174
2555.0,5.0,50.0,2.0,100.0,17.666666
2556.0,10.0,50.0,2.0,100.0,26.505814
2557.0,20.0,50.0,2.0,100.0,20.313187
2558.0,40.0,50.0,2.0,100.0,73.2104
2559.0,49.0,50.0,2.0,100.0,92.606804
2560.0,0.0,50.0,2.0,100.0,28.134615
2561.0,0.5,50.0,2.0,100.0,29.246836
2562.0,1.0,50.0,2.0,100.0,24.242775
2563.0,2.0,50.0,2.0,100.0,12.163935
2564.0,3.0,50.0,2.0,100.0,13.7846155
2565.0,5.0,50.0,2.0,100.0,20.4
2566.0,10.0,50.0,2.0,100.0,16.748201
2567.0,20.0,50.0,2.0,100.0,24.091398
2568.0,40.0,50.0,2.0,100.0,48.728615
2569.0,49.0,50.0,2.0,100.0,78.84637
2570.0,0.0,50.0,2.0,100.0,28.707006
2571.0,0.5,50.0,2.0,100.0,28.420382
2572.0,1.0,50.0,2.0,100.0,23.19403
2573.0,2.0,50.0,2.0,100.0,19.284672
2574.0,3.0,50.0,2.0,100.0,21.16
2575.0,5.0,50.0,2.0,100.0,23.733334
2576.0,10.0,50.0,2.0,100.0,20.291391
2577.0,20.0,50.0,2.0,100.0,16.78
2578.0,40.0,50.0,2.0,100.0,47.31304
2579.0,49.0,50.0,2.0,100.0,79.32806
2580.0,0.0,50.0,2.0,100.0,29.238995
2581.0,0.5,50.0,2.0,100.0,25.695402
2582.0,1.0,50.0,2.0,100.0,14.469231
2583.0,2.0,50.0,2.0,100.0,21.725351
2584.0,3.0,50.0,2.0,100.0,14.659259
2585.0,5.0,50.0,2.0,100.0,13.651163
2586.0,10.0,50.0,2.0,100.0,23.044586
2587.0,20.0,50.0,2.0,100.0,29.555
2588.0,40.0,50.0,2.0,100.0,44.618374
2589.0,49.0,50.0,2.0,100.0,90.57948
2590.0,0.0,50.0,2.0,100.0,60.859375
2591.0,0.5,50.0,2.0,100.0,30.325
2592.0,1.0,50.0,2.0,100.0,21.180555
2593.0,2.0,50.0,2.0,100.0,19.3125
2594.0,3.0,50.0,2.0,100.0,15.97037
2595.0,5.0,50.0,2.0,100.0,20.0
2596.0,10.0,50.0,2.0,100.0,25.897436
2597.0,20.0,50.0,2.0,100.0,35.25991
2598.0,40.0,50.0,2.0,100.0,45.627453
2599.0,49.0,50.0,2.0,100.0,71.61259
2600.0,0.0,50.0,2.0,100.0,28.343948
2601.0,0.5,50.0,2.0,100.0,28.605095
2602.0,1.0,50.0,2.0,100.0,13.532846
2603.0,2.0,50.0,2.0,100.0,18.87218
2604.0,3.0,50.0,2.0,100.0,20.897638
2605.0,5.0,50.0,2.0,100.0,11.795276
2606.0,10.0,50.0,2.0,100.0,22.445715
2607.0,20.0,50.0,2.0,100.0,23.43956
2608.0,40.0,50.0,2.0,100.0,43.177727
2609.0,49.0,50.0,2.0,100.0,96.83137
2610.0,0.0,50.0,2.0,100.0,29.1761
2611.0,0.5,50.0,2.0,100.0,23.711111
2612.0,1.0,50.0,2.0,100.0,19.596153
2613.0,2.0,50.0,2.0,100.0,13.954887
2614.0,3.0,50.0,2.0,100.0,13.272727
2615.0,5.0,50.0,2.0,100.0,12.352459
2616.0,10.0,50.0,2.0,100.0,21.0
2617.0,20.0,50.0,2.0,100.0,22.415205
2618.0,40.0,50.0,2.0,100.0,53.195946
2619.0,49.0,50.0,2.0,100.0,60.75147
2620.0,0.0,50.0,2.0,100.0,29.861635
2621.0,0.5,50.0,2.0,100.0,29.869566
2622.0,1.0,50.0,2.0,100.0,31.152174
2623.0,2.0,50.0,2.0,100.0,10.930435
2624.0,3.0,50.0,2.0,100.0,16.604477
2625.0,5.0,50.0,2.0,100.0,12.302521
2626.0,10.0,50.0,2.0,100.0,12.832061
2627.0,20.0,50.0,2.0,100.0,19.327486
2628.0,40.0,50.0,2.0,100.0,50.83293
2629.0,49.0,50.0,2.0,100.0,59.496906
2630.0,0.0,50.0,2.0,100.0,28.879747
2631.0,0.5,50.0,2.0,100.0,14.470589
2632.0,1.0,50.0,2.0,100.0,17.726667
2633.0,2.0,50.0,2.0,100.0,19.103449
2634.0,3.0,50.0,2.0,100.0,15.738806
2635.0,5.0,50.0,2.0,100.0,24.109827
2636.0,10.0,50.0,2.0,100.0,15.086331
2637.0,20.0,50.0,2.0,100.0,19.362415
2638.0,40.0,50.0,2.0,100.0,56.5865
2639.0,49.0,50.0,2.0,100.0,69.92778
2640.0,0.0,50.0,2.0,100.0,28.949368
2641.0,0.5,50.0,2.0,100.0,14.936
2642.0,1.0,50.0,2.0,100.0,28.369427
2643.0,2.0,50.0,2.0,100.0,22.619404
2644.0,3.0,50.0,2.0,100.0,20.08642
2645.0,5.0,50.0,2.0,100.0,16.94853
2646.0,10.0,50.0,2.0,100.0,25.771812
2647.0,20.0,50.0,2.0,100.0,19.963636
2648.0,40.0,50.0,2.0,100.0,54.70773
2649.0,49.0,50.0,2.0,100.0,72.79518
2650.0,0.0,50.0,2.0,100.0,29.339622
2651.0,0.5,50.0,2.0,100.0,18.165289
2652.0,1.0,50.0,2.0,100.0,18.040651
2653.0,2.0,50.0,2.0,100.0,14.61157
2654.0,3.0,50.0,2.0,100.0,16.397163
2655.0,5.0,50.0,2.0,100.0,19.246914
2656.0,10.0,50.0,2.0,100.0,15.251852
2657.0,20.0,50.0,2.0,100.0,37.108696
2658.0,40.0,50.0,2.0,100.0,43.262856
2659.0,49.0,50.0,2.0,100.0,81.202896
2660.0,0.0,50.0,2.0,100.0,29.196203
2661.0,0.5,50.0,2.0,100.0,18.81507
2662.0,1.0,50.0,2.0,100.0,28.821655
2663.0,2.0,50.0,2.0,100.0,15.875
2664.0,3.0,50.0,2.0,100.0,14.863309
2665.0,5.0,50.0,2.0,100.0,14.848485
2666.0,10.0,50.0,2.0,100.0,11.931818
2667.0,20.0,50.0,2.0,100.0,21.714285
2668.0,40.0,50.0,2.0,100.0,53.348602
2669.0,49.0,50.0,2.0,100.0,85.63442
2670.0,0.0,50.0,2.0,100.0,29.628931
2671.0,0.5,50.0,2.0,100.0,28.25
2672.0,1.0,50.0,2.0,100.0,29.830189
2673.0,2.0,50.0,2.0,100.0,17.48889
2674.0,3.0,50.0,2.0,100.0,17.68116
2675.0,5.0,50.0,2.0,100.0,17.007195
2676.0,10.0,50.0,2.0,100.0,22.142046
2677.0,20.0,50.0,2.0,100.0,17.263159
2678.0,40.0,50.0,2.0,100.0,44.740063
2679.0,49.0,50.0,2.0,100.0,65.61743
2680.0,0.0,50.0,2.0,100.0,28.687899
2681.0,0.5,50.0,2.0,100.0,15.881481
2682.0,1.0,50.0,2.0,100.0,17.254238
2683.0,2.0,50.0,2.0,100.0,17.194244
2684.0,3.0,50.0,2.0,100.0,14.894309
2685.0,5.0,50.0,2.0,100.0,18.52143
2686.0,10.0,50.0,2.0,100.0,20.068182
2687.0,20.0,50.0,2.0,100.0,21.994413
2688.0,40.0,50.0,2.0,100.0,60.65271
2689.0,49.0,50.0,2.0,100.0,81.92895
2690.0,0.0,50.0,2.0,100.0,29.66875
2691.0,0.5,50.0,2.0,100.0,27.735483
2692.0,1.0,50.0,2.0,100.0,27.526667
2693.0,2.0,50.0,2.0,100.0,23.08397
2694.0,3.0,50.0,2.0,100.0,14.914729
2695.0,5.0,50.0,2.0,100.0,17.470589
2696.0,10.0,50.0,2.0,100.0,30.541464
2697.0,20.0,50.0,2.0,100.0,28.02564
2698.0,40.0,50.0,2.0,100.0,51.162792
2699.0,49.0,50.0,2.0,100.0,76.30769
2700.0,0.0,50.0,2.0,100.0,50.29646
2701.0,0.5,50.0,2.0,100.0,20.682539
2702.0,1.0,50.0,2.0,100.0,17.846716
2703.0,2.0,50.0,2.0,100.0,20.62585
2704.0,3.0,50.0,2.0,100.0,22.695364
2705.0,5.0,50.0,2.0,100.0,20.951725
2706.0,10.0,50.0,2.0,100.0,16.264
2707.0,20.0,50.0,2.0,100.0,30.57767
2708.0,40.0,50.0,2.0,100.0,40.14331
2709.0,49.0,50.0,2.0,100.0,72.76322
2710.0,0.0,50.0,2.0,100.0,29.261147
2711.0,0.5,50.0,2.0,100.0,17.22857
2712.0,1.0,50.0,2.0,100.0,16.435484
2713.0,2.0,50.0,2.0,100.0,26.196203
2714.0,3.0,50.0,2.0,100.0,13.637681
2715.0,5.0,50.0,2.0,100.0,12.753968
2716.0,10.0,50.0,2.0,100.0,25.603352
2717.0,20.0,50.0,2.0,100.0,26.016575
2718.0,40.0,50.0,2.0,100.0,38.611465
2719.0,49.0,50.0,2.0,100.0,72.25563
2720.0,0.0,50.0,2.0,100.0,29.679245
2721.0,0.5,50.0,2.0,100.0,28.356688
2722.0,1.0,50.0,2.0,100.0,19.656
2723.0,2.0,50.0,2.0,100.0,19.349316
2724.0,3.0,50.0,2.0,100.0,14.322034
2725.0,5.0,50.0,2.0,100.0,19.726562
2726.0,10.0,50.0,2.0,100.0,12.45082
2727.0,20.0,50.0,2.0,100.0,26.80392
2728.0,40.0,50.0,2.0,100.0,77.51936
2729.0,49.0,50.0,2.0,100.0,76.60031
2730.0,0.0,50.0,2.0,100.0,28.962025
2731.0,0.5,50.0,2.0,100.0,42.911766
2732.0,1.0,50.0,2.0,100.0,29.698112
2733.0,2.0,50.0,2.0,100.0,30.107595
2734.0,3.0,50.0,2.0,100.0,17.266188
2735.0,5.0,50.0,2.0,100.0,17.217392
2736.0,10.0,50.0,2.0,100.0,23.144444
2737.0,20.0,50.0,2.0,100.0,36.163635
2738.0,40.0,50.0,2.0,100.0,48.6799
2739.0,49.0,50.0,2.0,100.0,76.57125
2740.0,0.0,50.0,2.0,100.0,28.924051
2741.0,0.5,50.0,2.0,100.0,30.44375
2742.0,1.0,50.0,2.0,100.0,30.38125
2743.0,2.0,50.0,2.0,100.0,14.619047
2744.0,3.0,50.0,2.0,100.0,19.443663
2745.0,5.0,50.0,2.0,100.0,13.717949
2746.0,10.0,50.0,2.0,100.0,12.16923
2747.0,20.0,50.0,2.0,100.0,25.723164
2748.0,40.0,50.0,2.0,100.0,52.608227
2749.0,49.0,50.0,2.0,100.0,61.85269
2750.0,0.0,50.0,2.0,100.0,28.407642
2751.0,0.5,50.0,2.0,100.0,30.03125
2752.0,1.0,50.0,2.0,100.0,17.724138
2753.0,2.0,50.0,2.0,100.0,15.233083
2754.0,3.0,50.0,2.0,100.0,15.112069
2755.0,5.0,50.0,2.0,100.0,12.46281
2756.0,10.0,50.0,2.0,100.0,27.957447
2757.0,20.0,50.0,2.0,100.0,34.101322
2758.0,40.0,50.0,2.0,100.0,52.843407
2759.0,49.0,50.0,2.0,100.0,72.974266
2760.0,0.0,50.0,2.0,100.0,29.113924
2761.0,0.5,50.0,2.0,100.0,23.927008
2762.0,1.0,50.0,2.0,100.0,29.45912
2763.0,2.0,50.0,2.0,100.0,13.238806
2764.0,3.0,50.0,2.0,100.0,23.288889
2765.0,5.0,50.0,2.0,100.0,11.709678
2766.0,10.0,50.0,2.0,100.0,12.75
2767.0,20.0,50.0,2.0,100.0,21.650888
2768.0,40.0,50.0,2.0,100.0,67.60109
2769.0,49.0,50.0,2.0,100.0,90.55672
2770.0,0.0,50.0,2.0,100.0,28.803797
2771.0,0.5,50.0,2.0,100.0,29.35849
2772.0,1.0,50.0,2.0,100.0,23.558823
2773.0,2.0,50.0,2.0,100.0,10.15126
2774.0,3.0,50.0,2.0,100.0,17.214285
2775.0,5.0,50.0,2.0,100.0,20.310976
2776.0,10.0,50.0,2.0,100.0,19.039215
2777.0,20.0,50.0,2.0,100.0,38.104073
2778.0,40.0,50.0,2.0,100.0,63.538284
2779.0,49.0,50.0,2.0,100.0,95.85345
2780.0,0.0,50.0,2.0,100.0,29.018988
2781.0,0.5,50.0,2.0,100.0,30.08125
2782.0,1.0,50.0,2.0,100.0,18.933332
2783.0,2.0,50.0,2.0,100.0,10.753968
2784.0,3.0,50.0,2.0,100.0,17.173553
2785.0,5.0,50.0,2.0,100.0,13.617647
2786.0,10.0,50.0,2.0,100.0,28.394873
2787.0,20.0,50.0,2.0,100.0,16.608974
2788.0,40.0,50.0,2.0,100.0,56.029724
2789.0,49.0,50.0,2.0,100.0,87.97843
2790.0,0.0,50.0,2.0,100.0,30.26708
2791.0,0.5,50.0,2.0,100.0,28.740507
2792.0,1.0,50.0,2.0,100.0,17.186207
2793.0,2.0,50.0,2.0,100.0,17.466166
2794.0,3.0,50.0,2.0,100.0,13.872
2795.0,5.0,50.0,2.0,100.0,12.859375
2796.0,10.0,50.0,2.0,100.0,13.320895
2797.0,20.0,50.0,2.0,100.0,19.714285
2798.0,40.0,50.0,2.0,100.0,45.3935
2799.0,49.0,50.0,2.0,100.0,68.0
2800.0,0.0,50.0,2.0,100.0,49.129463
2801.0,0.5,50.0,2.0,100.0,29.025316
2802.0,1.0,50.0,2.0,100.0,19.584
2803.0,2.0,50.0,2.0,100.0,18.09859
2804.0,3.0,50.0,2.0,100.0,10.272727
2805.0,5.0,50.0,2.0,100.0,14.323741
2806.0,10.0,50.0,2.0,100.0,18.179487
2807.0,20.0,50.0,2.0,100.0,25.211428
2808.0,40.0,50.0,2.0,100.0,36.135532
2809.0,49.0,50.0,2.0,100.0,76.33148
2810.0,0.0,50.0,2.0,100.0,27.75
2811.0,0.5,50.0,2.0,100.0,30.434782
2812.0,1.0,50.0,2.0,100.0,19.185184
2813.0,2.0,50.0,2.0,100.0,16.636364
2814.0,3.0,50.0,2.0,100.0,28.431507
2815.0,5.0,50.0,2.0,100.0,20.59375
2816.0,10.0,50.0,2.0,100.0,20.9
2817.0,20.0,50.0,2.0,100.0,35.159817
2818.0,40.0,50.0,2.0,100.0,55.418953
2819.0,49.0,50.0,2.0,100.0,65.62672
2820.0,0.0,50.0,2.0,100.0,30.1125
2821.0,0.5,50.0,2.0,100.0,29.297468
2822.0,1.0,50.0,2.0,100.0,15.4
2823.0,2.0,50.0,2.0,100.0,27.52381
2824.0,3.0,50.0,2.0,100.0,17.783216
2825.0,5.0,50.0,2.0,100.0,11.669421
2826.0,10.0,50.0,2.0,100.0,17.904762
2827.0,20.0,50.0,2.0,100.0,43.418518
2828.0,40.0,50.0,2.0,100.0,82.0
2829.0,49.0,50.0,2.0,100.0,78.46638
2830.0,0.0,50.0,2.0,100.0,54.794643
2831.0,0.5,50.0,2.0,100.0,17.797203
2832.0,1.0,50.0,2.0,100.0,29.79375
2833.0,2.0,50.0,2.0,100.0,15.049587
2834.0,3.0,50.0,2.0,100.0,17.326666
2835.0,5.0,50.0,2.0,100.0,17.71223
2836.0,10.0,50.0,2.0,100.0,26.892307
2837.0,20.0,50.0,2.0,100.0,54.704544
2838.0,40.0,50.0,2.0,100.0,50.679245
2839.0,49.0,50.0,2.0,100.0,72.46963
2840.0,0.0,50.0,2.0,100.0,29.22152
2841.0,0.5,50.0,2.0,100.0,29.792454
2842.0,1.0,50.0,2.0,100.0,29.329113
2843.0,2.0,50.0,2.0,100.0,15.629032
2844.0,3.0,50.0,2.0,100.0,14.732284
2845.0,5.0,50.0,2.0,100.0,12.962121
2846.0,10.0,50.0,2.0,100.0,17.24375
2847.0,20.0,50.0,2.0,100.0,30.716417
2848.0,40.0,50.0,2.0,100.0,58.46715
2849.0,49.0,50.0,2.0,100.0,71.26535
2850.0,0.0,50.0,2.0,100.0,28.56688
2851.0,0.5,50.0,2.0,100.0,27.335617
2852.0,1.0,50.0,2.0,100.0,27.473333
2853.0,2.0,50.0,2.0,100.0,24.0
2854.0,3.0,50.0,2.0,100.0,28.435064
2855.0,5.0,50.0,2.0,100.0,27.886906
2856.0,10.0,50.0,2.0,100.0,14.496124
2857.0,20.0,50.0,2.0,100.0,35.33621
2858.0,40.0,50.0,2.0,100.0,51.925064
2859.0,49.0,50.0,2.0,100.0,45.784126
2860.0,0.0,50.0,2.0,100.0,28.70886
2861.0,0.5,50.0,2.0,100.0,28.47436
2862.0,1.0,50.0,2.0,100.0,29.227848
2863.0,2.0,50.0,2.0,100.0,16.483334
2864.0,3.0,50.0,2.0,100.0,12.4789915
2865.0,5.0,50.0,2.0,100.0,20.150793
2866.0,10.0,50.0,2.0,100.0,17.72078
2867.0,20.0,50.0,2.0,100.0,35.729084
2868.0,40.0,50.0,2.0,100.0,65.46777
2869.0,49.0,50.0,2.0,100.0,80.655464
2870.0,0.0,50.0,2.0,100.0,29.886793
2871.0,0.5,50.0,2.0,100.0,18.221312
2872.0,1.0,50.0,2.0,100.0,14.976
2873.0,2.0,50.0,2.0,100.0,29.754717
2874.0,3.0,50.0,2.0,100.0,10.777778
2875.0,5.0,50.0,2.0,100.0,20.182352
2876.0,10.0,50.0,2.0,100.0,16.929077
2877.0,20.0,50.0,2.0,100.0,29.213903
2878.0,40.0,50.0,2.0,100.0,42.64883
2879.0,49.0,50.0,2.0,100.0,66.810524
2880.0,0.0,50.0,2.0,100.0,30.01875
2881.0,0.5,50.0,2.0,100.0,29.73125
2882.0,1.0,50.0,2.0,100.0,10.403361
2883.0,2.0,50.0,2.0,100.0,14.038462
2884.0,3.0,50.0,2.0,100.0,16.427536
2885.0,5.0,50.0,2.0,100.0,17.344828
2886.0,10.0,50.0,2.0,100.0,11.653226
2887.0,20.0,50.0,2.0,100.0,22.518919
2888.0,40.0,50.0,2.0,100.0,55.54975
2889.0,49.0,50.0,2.0,100.0,100.51803
2890.0,0.0,50.0,2.0,100.0,30.47531
2891.0,0.5,50.0,2.0,100.0,29.405064
2892.0,1.0,50.0,2.0,100.0,29.094936
2893.0,2.0,50.0,2.0,100.0,37.666668
2894.0,3.0,50.0,2.0,100.0,18.946154
2895.0,5.0,50.0,2.0,100.0,14.826772
2896.0,10.0,50.0,2.0,100.0,15.690141
2897.0,20.0,50.0,2.0,100.0,27.373737
2898.0,40.0,50.0,2.0,100.0,44.27726
2899.0,49.0,50.0,2.0,100.0,98.84393
2900.0,0.0,50.0,2.0,100.0,29.45283
2901.0,0.5,50.0,2.0,100.0,19.534246
2902.0,1.0,50.0,2.0,100.0,28.053692
2903.0,2.0,50.0,2.0,100.0,14.968254
2904.0,3.0,50.0,2.0,100.0,16.385185
2905.0,5.0,50.0,2.0,100.0,15.887218
2906.0,10.0,50.0,2.0,100.0,14.49635
2907.0,20.0,50.0,2.0,100.0,24.404495
2908.0,40.0,50.0,2.0,100.0,45.853733
2909.0,49.0,50.0,2.0,100.0,70.99848
2910.0,0.0,50.0,2.0,100.0,29.36478
2911.0,0.5,50.0,2.0,100.0,29.113924
2912.0,1.0,50.0,2.0,100.0,22.357143
2913.0,2.0,50.0,2.0,100.0,16.68421
2914.0,3.0,50.0,2.0,100.0,22.02027
2915.0,5.0,50.0,2.0,100.0,14.300752
2916.0,10.0,50.0,2.0,100.0,15.069767
2917.0,20.0,50.0,2.0,100.0,28.785715
2918.0,40.0,50.0,2.0,100.0,48.293377
2919.0,49.0,50.0,2.0,100.0,92.7141
2920.0,0.0,50.0,2.0,100.0,42.216667
2921.0,0.5,50.0,2.0,100.0,18.094488
2922.0,1.0,50.0,2.0,100.0,25.013794
2923.0,2.0,50.0,2.0,100.0,12.153846
2924.0,3.0,50.0,2.0,100.0,15.658537
2925.0,5.0,50.0,2.0,100.0,20.587412
2926.0,10.0,50.0,2.0,100.0,16.882353
2927.0,20.0,50.0,2.0,100.0,31.239437
2928.0,40.0,50.0,2.0,100.0,51.62069
2929.0,49.0,50.0,2.0,100.0,76.20954
2930.0,0.0,50.0,2.0,100.0,28.949368
2931.0,0.5,50.0,2.0,100.0,50.85268
2932.0,1.0,50.0,2.0,100.0,30.2
2933.0,2.0,50.0,2.0,100.0,19.50685
2934.0,3.0,50.0,2.0,100.0,26.375
2935.0,5.0,50.0,2.0,100.0,19.197279
2936.0,10.0,50.0,2.0,100.0,28.213198
2937.0,20.0,50.0,2.0,100.0,35.375
2938.0,40.0,50.0,2.0,100.0,54.854946
2939.0,49.0,50.0,2.0,100.0,64.28616
2940.0,0.0,50.0,2.0,100.0,28.535032
2941.0,0.5,50.0,2.0,100.0,28.873417
2942.0,1.0,50.0,2.0,100.0,15.975
2943.0,2.0,50.0,2.0,100.0,21.476511
2944.0,3.0,50.0,2.0,100.0,21.746155
2945.0,5.0,50.0,2.0,100.0,11.804878
2946.0,10.0,50.0,2.0,100.0,23.60479
2947.0,20.0,50.0,2.0,100.0,34.0597
2948.0,40.0,50.0,2.0,100.0,50.406914
2949.0,49.0,50.0,2.0,100.0,60.14244
2950.0,0.0,50.0,2.0,100.0,28.815287
2951.0,0.5,50.0,2.0,100.0,25.295774
2952.0,1.0,50.0,2.0,100.0,24.828768
2953.0,2.0,50.0,2.0,100.0,17.786764
2954.0,3.0,50.0,2.0,100.0,14.664
2955.0,5.0,50.0,2.0,100.0,19.472
2956.0,10.0,50.0,2.0,100.0,17.5
2957.0,20.0,50.0,2.0,100.0,26.989473
2958.0,40.0,50.0,2.0,100.0,47.95178
2959.0,49.0,50.0,2.0,100.0,90.870026
2960.0,0.0,50.0,2.0,100.0,30.295597
2961.0,0.5,50.0,2.0,100.0,29.333334
2962.0,1.0,50.0,2.0,100.0,15.488889
2963.0,2.0,50.0,2.0,100.0,35.126373
2964.0,3.0,50.0,2.0,100.0,21.583942
2965.0,5.0,50.0,2.0,100.0,17.503597
2966.0,10.0,50.0,2.0,100.0,19.481928
2967.0,20.0,50.0,2.0,100.0,24.55801
2968.0,40.0,50.0,2.0,100.0,58.3
2969.0,49.0,50.0,2.0,100.0,80.386246
2970.0,0.0,50.0,2.0,100.0,53.66812
2971.0,0.5,50.0,2.0,100.0,26.275862
2972.0,1.0,50.0,2.0,100.0,29.51266
2973.0,2.0,50.0,2.0,100.0,15.253425
2974.0,3.0,50.0,2.0,100.0,12.555555
2975.0,5.0,50.0,2.0,100.0,23.576687
2976.0,10.0,50.0,2.0,100.0,20.733334
2977.0,20.0,50.0,2.0,100.0,33.04813
2978.0,40.0,50.0,2.0,100.0,59.66271
2979.0,49.0,50.0,2.0,100.0,89.156166
2980.0,0.0,50.0,2.0,100.0,29.396227
2981.0,0.5,50.0,2.0,100.0,22.548872
2982.0,1.0,50.0,2.0,100.0,29.63522
2983.0,2.0,50.0,2.0,100.0,17.08209
2984.0,3.0,50.0,2.0,100.0,26.42069
2985.0,5.0,50.0,2.0,100.0,20.591463
2986.0,10.0,50.0,2.0,100.0,17.639456
2987.0,20.0,50.0,2.0,100.0,46.03663
2988.0,40.0,50.0,2.0,100.0,58.887672
2989.0,49.0,50.0,2.0,100.0,64.76631
2990.0,0.0,50.0,2.0,100.0,29.177216
2991.0,0.5,50.0,2.0,100.0,21.054264
2992.0,1.0,50.0,2.0,100.0,13.565574
2993.0,2.0,50.0,2.0,100.0,30.1875
2994.0,3.0,50.0,2.0,100.0,11.713115
2995.0,5.0,50.0,2.0,100.0,19.153847
2996.0,10.0,50.0,2.0,100.0,21.382353
2997.0,20.0,50.0,2.0,100.0,25.382652
2998.0,40.0,50.0,2.0,100.0,48.18261
2999.0,49.0,50.0,2.0,100.0,84.7681
3000.0,0.0,60.0,2.0,100.0,30.3125
3001.0,0.5,60.0,2.0,100.0,26.966442
3002.0,1.0,60.0,2.0,100.0,30.747253
3003.0,2.0,60.0,2.0,100.0,13.937984
3004.0,3.0,60.0,2.0,100.0,19.503145
3005.0,5.0,60.0,2.0,100.0,15.546667
3006.0,10.0,60.0,2.0,100.0,14.795774
3007.0,20.0,60.0,2.0,100.0,45.057915
3008.0,40.0,60.0,2.0,100.0,47.884922
3009.0,49.0,60.0,2.0,100.0,79.76832
3010.0,0.0,60.0,2.0,100.0,28.681528
3011.0,0.5,60.0,2.0,100.0,31.26994
3012.0,1.0,60.0,2.0,100.0,29.19497
3013.0,2.0,60.0,2.0,100.0,23.122137
3014.0,3.0,60.0,2.0,100.0,19.23664
3015.0,5.0,60.0,2.0,100.0,18.519686
3016.0,10.0,60.0,2.0,100.0,14.652482
3017.0,20.0,60.0,2.0,100.0,35.16923
3018.0,40.0,60.0,2.0,100.0,38.190083
3019.0,49.0,60.0,2.0,100.0,68.50778
3020.0,0.0,60.0,2.0,100.0,28.012821
3021.0,0.5,60.0,2.0,100.0,56.58369
3022.0,1.0,60.0,2.0,100.0,25.697184
3023.0,2.0,60.0,2.0,100.0,14.936937
3024.0,3.0,60.0,2.0,100.0,12.480916
3025.0,5.0,60.0,2.0,100.0,13.242647
3026.0,10.0,60.0,2.0,100.0,18.834482
3027.0,20.0,60.0,2.0,100.0,20.932926
3028.0,40.0,60.0,2.0,100.0,43.132812
3029.0,49.0,60.0,2.0,100.0,87.30495
3030.0,0.0,60.0,2.0,100.0,29.240507
3031.0,0.5,60.0,2.0,100.0,29.37736
3032.0,1.0,60.0,2.0,100.0,17.0073
3033.0,2.0,60.0,2.0,100.0,26.946667
3034.0,3.0,60.0,2.0,100.0,16.321428
3035.0,5.0,60.0,2.0,100.0,19.603306
3036.0,10.0,60.0,2.0,100.0,15.707143
3037.0,20.0,60.0,2.0,100.0,22.42941
3038.0,40.0,60.0,2.0,100.0,49.75238
3039.0,49.0,60.0,2.0,100.0,86.59205
3040.0,0.0,60.0,2.0,100.0,29.253164
3041.0,0.5,60.0,2.0,100.0,38.043957
3042.0,1.0,60.0,2.0,100.0,29.83125
3043.0,2.0,60.0,2.0,100.0,25.316547
3044.0,3.0,60.0,2.0,100.0,19.790697
3045.0,5.0,60.0,2.0,100.0,24.095589
3046.0,10.0,60.0,2.0,100.0,15.420635
3047.0,20.0,60.0,2.0,100.0,24.231958
3048.0,40.0,60.0,2.0,100.0,83.55046
3049.0,49.0,60.0,2.0,100.0,79.481995
3050.0,0.0,60.0,2.0,100.0,29.515724
3051.0,0.5,60.0,2.0,100.0,27.323076
3052.0,1.0,60.0,2.0,100.0,28.666666
3053.0,2.0,60.0,2.0,100.0,30.415585
3054.0,3.0,60.0,2.0,100.0,15.119047
3055.0,5.0,60.0,2.0,100.0,10.284553
3056.0,10.0,60.0,2.0,100.0,14.772727
3057.0,20.0,60.0,2.0,100.0,20.943396
3058.0,40.0,60.0,2.0,100.0,50.390747
3059.0,49.0,60.0,2.0,100.0,70.79659
3060.0,0.0,60.0,2.0,100.0,34.804195
3061.0,0.5,60.0,2.0,100.0,29.8125
3062.0,1.0,60.0,2.0,100.0,29.575
3063.0,2.0,60.0,2.0,100.0,13.488889
3064.0,3.0,60.0,2.0,100.0,17.432203
3065.0,5.0,60.0,2.0,100.0,15.893939
3066.0,10.0,60.0,2.0,100.0,17.014389
3067.0,20.0,60.0,2.0,100.0,39.94805
3068.0,40.0,60.0,2.0,100.0,50.26302
3069.0,49.0,60.0,2.0,100.0,89.00886
3070.0,0.0,60.0,2.0,100.0,27.99359
3071.0,0.5,60.0,2.0,100.0,30.06875
3072.0,1.0,60.0,2.0,100.0,34.172222
3073.0,2.0,60.0,2.0,100.0,20.88189
3074.0,3.0,60.0,2.0,100.0,23.95862
3075.0,5.0,60.0,2.0,100.0,27.722221
3076.0,10.0,60.0,2.0,100.0,14.909722
3077.0,20.0,60.0,2.0,100.0,39.054054
3078.0,40.0,60.0,2.0,100.0,51.833332
3079.0,49.0,60.0,2.0,100.0,169.50697
3080.0,0.0,60.0,2.0,100.0,30.180124
3081.0,0.5,60.0,2.0,100.0,29.8125
3082.0,1.0,60.0,2.0,100.0,28.083334
3083.0,2.0,60.0,2.0,100.0,16.236841
3084.0,3.0,60.0,2.0,100.0,16.015749
3085.0,5.0,60.0,2.0,100.0,20.371069
3086.0,10.0,60.0,2.0,100.0,15.143939
3087.0,20.0,60.0,2.0,100.0,21.729559
3088.0,40.0,60.0,2.0,100.0,46.485622
3089.0,49.0,60.0,2.0,100.0,55.785168
3090.0,0.0,60.0,2.0,100.0,29.35849
3091.0,0.5,60.0,2.0,100.0,29.383648
3092.0,1.0,60.0,2.0,100.0,14.432
3093.0,2.0,60.0,2.0,100.0,22.333334
3094.0,3.0,60.0,2.0,100.0,19.528
3095.0,5.0,60.0,2.0,100.0,18.065575
3096.0,10.0,60.0,2.0,100.0,30.453608
3097.0,20.0,60.0,2.0,100.0,28.117647
3098.0,40.0,60.0,2.0,100.0,45.583073
3099.0,49.0,60.0,2.0,100.0,92.30303
3100.0,0.0,60.0,2.0,100.0,27.929031
3101.0,0.5,60.0,2.0,100.0,18.20139
3102.0,1.0,60.0,2.0,100.0,29.55346
3103.0,2.0,60.0,2.0,100.0,16.613636
3104.0,3.0,60.0,2.0,100.0,15.777778
3105.0,5.0,60.0,2.0,100.0,15.070867
3106.0,10.0,60.0,2.0,100.0,21.10063
3107.0,20.0,60.0,2.0,100.0,27.616915
3108.0,40.0,60.0,2.0,100.0,44.303753
3109.0,49.0,60.0,2.0,100.0,86.02436
3110.0,0.0,60.0,2.0,100.0,29.075949
3111.0,0.5,60.0,2.0,100.0,29.126583
3112.0,1.0,60.0,2.0,100.0,16.618055
3113.0,2.0,60.0,2.0,100.0,21.238094
3114.0,3.0,60.0,2.0,100.0,18.715446
3115.0,5.0,60.0,2.0,100.0,16.978872
3116.0,10.0,60.0,2.0,100.0,19.238094
3117.0,20.0,60.0,2.0,100.0,36.875557
3118.0,40.0,60.0,2.0,100.0,51.257862
3119.0,49.0,60.0,2.0,100.0,74.77541
3120.0,0.0,60.0,2.0,100.0,29.069181
3121.0,0.5,60.0,2.0,100.0,26.702703
3122.0,1.0,60.0,2.0,100.0,21.69178
3123.0,2.0,60.0,2.0,100.0,21.923077
3124.0,3.0,60.0,2.0,100.0,15.257576
3125.0,5.0,60.0,2.0,100.0,20.444445
3126.0,10.0,60.0,2.0,100.0,17.67361
3127.0,20.0,60.0,2.0,100.0,18.41096
3128.0,40.0,60.0,2.0,100.0,45.86707
3129.0,49.0,60.0,2.0,100.0,74.324776
3130.0,0.0,60.0,2.0,100.0,29.246836
3131.0,0.5,60.0,2.0,100.0,29.056604
3132.0,1.0,60.0,2.0,100.0,33.792683
3133.0,2.0,60.0,2.0,100.0,20.372414
3134.0,3.0,60.0,2.0,100.0,30.484472
3135.0,5.0,60.0,2.0,100.0,13.343284
3136.0,10.0,60.0,2.0,100.0,16.496403
3137.0,20.0,60.0,2.0,100.0,26.728323
3138.0,40.0,60.0,2.0,100.0,53.78694
3139.0,49.0,60.0,2.0,100.0,100.1717
3140.0,0.0,60.0,2.0,100.0,29.8375
3141.0,0.5,60.0,2.0,100.0,29.710691
3142.0,1.0,60.0,2.0,100.0,28.414013
3143.0,2.0,60.0,2.0,100.0,14.274194
3144.0,3.0,60.0,2.0,100.0,19.578232
3145.0,5.0,60.0,2.0,100.0,24.075342
3146.0,10.0,60.0,2.0,100.0,16.186567
3147.0,20.0,60.0,2.0,100.0,29.274193
3148.0,40.0,60.0,2.0,100.0,46.405262
3149.0,49.0,60.0,2.0,100.0,80.82362
3150.0,0.0,60.0,2.0,100.0,29.177216
3151.0,0.5,60.0,2.0,100.0,14.769231
3152.0,1.0,60.0,2.0,100.0,20.637794
3153.0,2.0,60.0,2.0,100.0,20.066668
3154.0,3.0,60.0,2.0,100.0,13.976
3155.0,5.0,60.0,2.0,100.0,12.359375
3156.0,10.0,60.0,2.0,100.0,12.886179
3157.0,20.0,60.0,2.0,100.0,22.060242
3158.0,40.0,60.0,2.0,100.0,78.26028
3159.0,49.0,60.0,2.0,100.0,83.05625
3160.0,0.0,60.0,2.0,100.0,28.547771
3161.0,0.5,60.0,2.0,100.0,29.465408
3162.0,1.0,60.0,2.0,100.0,29.234177
3163.0,2.0,60.0,2.0,100.0,16.814285
3164.0,3.0,60.0,2.0,100.0,19.516779
3165.0,5.0,60.0,2.0,100.0,15.96
3166.0,10.0,60.0,2.0,100.0,16.309353
3167.0,20.0,60.0,2.0,100.0,24.631868
3168.0,40.0,60.0,2.0,100.0,47.26481
3169.0,49.0,60.0,2.0,100.0,91.45431
3170.0,0.0,60.0,2.0,100.0,28.943037
3171.0,0.5,60.0,2.0,100.0,29.037975
3172.0,1.0,60.0,2.0,100.0,30.725
3173.0,2.0,60.0,2.0,100.0,14.275591
3174.0,3.0,60.0,2.0,100.0,20.768
3175.0,5.0,60.0,2.0,100.0,11.5
3176.0,10.0,60.0,2.0,100.0,35.383083
3177.0,20.0,60.0,2.0,100.0,22.77381
3178.0,40.0,60.0,2.0,100.0,55.229885
3179.0,49.0,60.0,2.0,100.0,80.46758
3180.0,0.0,60.0,2.0,100.0,28.474684
3181.0,0.5,60.0,2.0,100.0,50.148838
3182.0,1.0,60.0,2.0,100.0,28.55414
3183.0,2.0,60.0,2.0,100.0,12.534351
3184.0,3.0,60.0,2.0,100.0,14.404762
3185.0,5.0,60.0,2.0,100.0,12.824428
3186.0,10.0,60.0,2.0,100.0,20.18493
3187.0,20.0,60.0,2.0,100.0,30.53476
3188.0,40.0,60.0,2.0,100.0,50.10294
3189.0,49.0,60.0,2.0,100.0,102.77862
3190.0,0.0,60.0,2.0,100.0,30.41615
3191.0,0.5,60.0,2.0,100.0,11.418033
3192.0,1.0,60.0,2.0,100.0,12.443479
3193.0,2.0,60.0,2.0,100.0,10.957983
3194.0,3.0,60.0,2.0,100.0,26.17361
3195.0,5.0,60.0,2.0,100.0,18.537313
3196.0,10.0,60.0,2.0,100.0,13.312977
3197.0,20.0,60.0,2.0,100.0,20.815287
3198.0,40.0,60.0,2.0,100.0,47.526173
3199.0,49.0,60.0,2.0,100.0,100.87105
3200.0,0.0,60.0,2.0,100.0,28.01923
3201.0,0.5,60.0,2.0,100.0,29.0
3202.0,1.0,60.0,2.0,100.0,28.43038
3203.0,2.0,60.0,2.0,100.0,15.448276
3204.0,3.0,60.0,2.0,100.0,27.78808
3205.0,5.0,60.0,2.0,100.0,14.433071
3206.0,10.0,60.0,2.0,100.0,15.0161295
3207.0,20.0,60.0,2.0,100.0,23.706896
3208.0,40.0,60.0,2.0,100.0,53.875324
3209.0,49.0,60.0,2.0,100.0,89.148056
3210.0,0.0,60.0,2.0,100.0,29.088608
3211.0,0.5,60.0,2.0,100.0,30.882715
3212.0,1.0,60.0,2.0,100.0,26.32639
3213.0,2.0,60.0,2.0,100.0,11.224
3214.0,3.0,60.0,2.0,100.0,14.251968
3215.0,5.0,60.0,2.0,100.0,25.679558
3216.0,10.0,60.0,2.0,100.0,29.951923
3217.0,20.0,60.0,2.0,100.0,24.5
3218.0,40.0,60.0,2.0,100.0,44.626545
3219.0,49.0,60.0,2.0,100.0,73.95317
3220.0,0.0,60.0,2.0,100.0,35.30612
3221.0,0.5,60.0,2.0,100.0,27.72
3222.0,1.0,60.0,2.0,100.0,19.491936
3223.0,2.0,60.0,2.0,100.0,15.637795
3224.0,3.0,60.0,2.0,100.0,15.434109
3225.0,5.0,60.0,2.0,100.0,12.153846
3226.0,10.0,60.0,2.0,100.0,17.840279
3227.0,20.0,60.0,2.0,100.0,28.566668
3228.0,40.0,60.0,2.0,100.0,57.740837
3229.0,49.0,60.0,2.0,100.0,95.9164
3230.0,0.0,60.0,2.0,100.0,29.21656
3231.0,0.5,60.0,2.0,100.0,28.573248
3232.0,1.0,60.0,2.0,100.0,14.661417
3233.0,2.0,60.0,2.0,100.0,13.669492
3234.0,3.0,60.0,2.0,100.0,18.911564
3235.0,5.0,60.0,2.0,100.0,11.0737705
3236.0,10.0,60.0,2.0,100.0,23.303572
3237.0,20.0,60.0,2.0,100.0,23.994818
3238.0,40.0,60.0,2.0,100.0,66.753685
3239.0,49.0,60.0,2.0,100.0,122.79371
3240.0,0.0,60.0,2.0,100.0,28.643312
3241.0,0.5,60.0,2.0,100.0,29.113207
3242.0,1.0,60.0,2.0,100.0,29.379747
3243.0,2.0,60.0,2.0,100.0,15.438017
3244.0,3.0,60.0,2.0,100.0,17.278688
3245.0,5.0,60.0,2.0,100.0,35.527027
3246.0,10.0,60.0,2.0,100.0,21.353333
3247.0,20.0,60.0,2.0,100.0,29.175879
3248.0,40.0,60.0,2.0,100.0,61.209717
3249.0,49.0,60.0,2.0,100.0,88.66555
3250.0,0.0,60.0,2.0,100.0,29.44654
3251.0,0.5,60.0,2.0,100.0,28.538462
3252.0,1.0,60.0,2.0,100.0,15.930233
3253.0,2.0,60.0,2.0,100.0,15.016
3254.0,3.0,60.0,2.0,100.0,17.507042
3255.0,5.0,60.0,2.0,100.0,18.985508
3256.0,10.0,60.0,2.0,100.0,18.836601
3257.0,20.0,60.0,2.0,100.0,40.96958
3258.0,40.0,60.0,2.0,100.0,43.822224
3259.0,49.0,60.0,2.0,100.0,89.02934
3260.0,0.0,60.0,2.0,100.0,29.019108
3261.0,0.5,60.0,2.0,100.0,29.075949
3262.0,1.0,60.0,2.0,100.0,30.43125
3263.0,2.0,60.0,2.0,100.0,13.515625
3264.0,3.0,60.0,2.0,100.0,29.68212
3265.0,5.0,60.0,2.0,100.0,27.772223
3266.0,10.0,60.0,2.0,100.0,17.65926
3267.0,20.0,60.0,2.0,100.0,20.706293
3268.0,40.0,60.0,2.0,100.0,67.989296
3269.0,49.0,60.0,2.0,100.0,63.562263
3270.0,0.0,60.0,2.0,100.0,28.898088
3271.0,0.5,60.0,2.0,100.0,29.196203
3272.0,1.0,60.0,2.0,100.0,30.602484
3273.0,2.0,60.0,2.0,100.0,27.251701
3274.0,3.0,60.0,2.0,100.0,21.271523
3275.0,5.0,60.0,2.0,100.0,17.807142
3276.0,10.0,60.0,2.0,100.0,19.574324
3277.0,20.0,60.0,2.0,100.0,29.418718
3278.0,40.0,60.0,2.0,100.0,35.619835
3279.0,49.0,60.0,2.0,100.0,97.02233
3280.0,0.0,60.0,2.0,100.0,30.689442
3281.0,0.5,60.0,2.0,100.0,19.130081
3282.0,1.0,60.0,2.0,100.0,10.656
3283.0,2.0,60.0,2.0,100.0,12.016949
3284.0,3.0,60.0,2.0,100.0,16.184
3285.0,5.0,60.0,2.0,100.0,13.036496
3286.0,10.0,60.0,2.0,100.0,15.954199
3287.0,20.0,60.0,2.0,100.0,35.258476
3288.0,40.0,60.0,2.0,100.0,48.275433
3289.0,49.0,60.0,2.0,100.0,94.6047
3290.0,0.0,60.0,2.0,100.0,40.771572
3291.0,0.5,60.0,2.0,100.0,15.6328125
3292.0,1.0,60.0,2.0,100.0,29.591194
3293.0,2.0,60.0,2.0,100.0,21.67516
3294.0,3.0,60.0,2.0,100.0,19.456694
3295.0,5.0,60.0,2.0,100.0,15.929133
3296.0,10.0,60.0,2.0,100.0,21.420382
3297.0,20.0,60.0,2.0,100.0,23.118645
3298.0,40.0,60.0,2.0,100.0,55.753666
3299.0,49.0,60.0,2.0,100.0,83.307045
3300.0,0.0,60.0,2.0,100.0,30.88889
3301.0,0.5,60.0,2.0,100.0,15.802919
3302.0,1.0,60.0,2.0,100.0,35.775864
3303.0,2.0,60.0,2.0,100.0,17.191668
3304.0,3.0,60.0,2.0,100.0,25.615894
3305.0,5.0,60.0,2.0,100.0,11.570371
3306.0,10.0,60.0,2.0,100.0,30.50505
3307.0,20.0,60.0,2.0,100.0,21.085365
3308.0,40.0,60.0,2.0,100.0,73.303535
3309.0,49.0,60.0,2.0,100.0,83.43828
3310.0,0.0,60.0,2.0,100.0,29.408806
3311.0,0.5,60.0,2.0,100.0,34.024097
3312.0,1.0,60.0,2.0,100.0,20.536
3313.0,2.0,60.0,2.0,100.0,28.643312
3314.0,3.0,60.0,2.0,100.0,18.972221
3315.0,5.0,60.0,2.0,100.0,12.933333
3316.0,10.0,60.0,2.0,100.0,20.335821
3317.0,20.0,60.0,2.0,100.0,18.02721
3318.0,40.0,60.0,2.0,100.0,41.282528
3319.0,49.0,60.0,2.0,100.0,91.44735
3320.0,0.0,60.0,2.0,100.0,28.668789
3321.0,0.5,60.0,2.0,100.0,18.650406
3322.0,1.0,60.0,2.0,100.0,19.554054
3323.0,2.0,60.0,2.0,100.0,20.777779
3324.0,3.0,60.0,2.0,100.0,14.243478
3325.0,5.0,60.0,2.0,100.0,13.744361
3326.0,10.0,60.0,2.0,100.0,30.353933
3327.0,20.0,60.0,2.0,100.0,41.609055
3328.0,40.0,60.0,2.0,100.0,38.561405
3329.0,49.0,60.0,2.0,100.0,77.75356
3330.0,0.0,60.0,2.0,100.0,28.560509
3331.0,0.5,60.0,2.0,100.0,22.462069
3332.0,1.0,60.0,2.0,100.0,26.253426
3333.0,2.0,60.0,2.0,100.0,19.548388
3334.0,3.0,60.0,2.0,100.0,12.385827
3335.0,5.0,60.0,2.0,100.0,15.046357
3336.0,10.0,60.0,2.0,100.0,22.27848
3337.0,20.0,60.0,2.0,100.0,33.32093
3338.0,40.0,60.0,2.0,100.0,56.3275
3339.0,49.0,60.0,2.0,100.0,62.087273
3340.0,0.0,60.0,2.0,100.0,39.1677
3341.0,0.5,60.0,2.0,100.0,28.873417
3342.0,1.0,60.0,2.0,100.0,17.454546
3343.0,2.0,60.0,2.0,100.0,10.569106
3344.0,3.0,60.0,2.0,100.0,21.222221
3345.0,5.0,60.0,2.0,100.0,14.172132
3346.0,10.0,60.0,2.0,100.0,26.430939
3347.0,20.0,60.0,2.0,100.0,16.197369
3348.0,40.0,60.0,2.0,100.0,61.103977
3349.0,49.0,60.0,2.0,100.0,72.09886
3350.0,0.0,60.0,2.0,100.0,29.36478
3351.0,0.5,60.0,2.0,100.0,13.879311
3352.0,1.0,60.0,2.0,100.0,21.263565
3353.0,2.0,60.0,2.0,100.0,11.376923
3354.0,3.0,60.0,2.0,100.0,16.507143
3355.0,5.0,60.0,2.0,100.0,17.10949
3356.0,10.0,60.0,2.0,100.0,30.239796
3357.0,20.0,60.0,2.0,100.0,31.130045
3358.0,40.0,60.0,2.0,100.0,44.159885
3359.0,49.0,60.0,2.0,100.0,60.89963
3360.0,0.0,60.0,2.0,100.0,28.471338
3361.0,0.5,60.0,2.0,100.0,28.398735
3362.0,1.0,60.0,2.0,100.0,17.565575
3363.0,2.0,60.0,2.0,100.0,27.041916
3364.0,3.0,60.0,2.0,100.0,15.306452
3365.0,5.0,60.0,2.0,100.0,14.113044
3366.0,10.0,60.0,2.0,100.0,20.93038
3367.0,20.0,60.0,2.0,100.0,35.00769
3368.0,40.0,60.0,2.0,100.0,41.90566
3369.0,49.0,60.0,2.0,100.0,84.48584
3370.0,0.0,60.0,2.0,100.0,33.431034
3371.0,0.5,60.0,2.0,100.0,29.63522
3372.0,1.0,60.0,2.0,100.0,29.71875
3373.0,2.0,60.0,2.0,100.0,10.54918
3374.0,3.0,60.0,2.0,100.0,12.353383
3375.0,5.0,60.0,2.0,100.0,12.853847
3376.0,10.0,60.0,2.0,100.0,27.065475
3377.0,20.0,60.0,2.0,100.0,15.288733
3378.0,40.0,60.0,2.0,100.0,54.403316
3379.0,49.0,60.0,2.0,100.0,106.5966
3380.0,0.0,60.0,2.0,100.0,56.905174
3381.0,0.5,60.0,2.0,100.0,13.216666
3382.0,1.0,60.0,2.0,100.0,41.88068
3383.0,2.0,60.0,2.0,100.0,27.75817
3384.0,3.0,60.0,2.0,100.0,22.30247
3385.0,5.0,60.0,2.0,100.0,11.569106
3386.0,10.0,60.0,2.0,100.0,16.985815
3387.0,20.0,60.0,2.0,100.0,18.736841
3388.0,40.0,60.0,2.0,100.0,46.555206
3389.0,49.0,60.0,2.0,100.0,58.873886
3390.0,0.0,60.0,2.0,100.0,30.0125
3391.0,0.5,60.0,2.0,100.0,45.64467
3392.0,1.0,60.0,2.0,100.0,14.954199
3393.0,2.0,60.0,2.0,100.0,12.992481
3394.0,3.0,60.0,2.0,100.0,20.578125
3395.0,5.0,60.0,2.0,100.0,26.226027
3396.0,10.0,60.0,2.0,100.0,32.14706
3397.0,20.0,60.0,2.0,100.0,33.51402
3398.0,40.0,60.0,2.0,100.0,63.532085
3399.0,49.0,60.0,2.0,100.0,87.57607
3400.0,0.0,60.0,2.0,100.0,33.724636
3401.0,0.5,60.0,2.0,100.0,28.525316
3402.0,1.0,60.0,2.0,100.0,30.5625
3403.0,2.0,60.0,2.0,100.0,31.790123
3404.0,3.0,60.0,2.0,100.0,15.860656
3405.0,5.0,60.0,2.0,100.0,16.34
3406.0,10.0,60.0,2.0,100.0,22.187098
3407.0,20.0,60.0,2.0,100.0,21.24
3408.0,40.0,60.0,2.0,100.0,59.68397
3409.0,49.0,60.0,2.0,100.0,70.89223
3410.0,0.0,60.0,2.0,100.0,28.924051
3411.0,0.5,60.0,2.0,100.0,30.251572
3412.0,1.0,60.0,2.0,100.0,30.4875
3413.0,2.0,60.0,2.0,100.0,15.30597
3414.0,3.0,60.0,2.0,100.0,13.098214
3415.0,5.0,60.0,2.0,100.0,22.977777
3416.0,10.0,60.0,2.0,100.0,17.072464
3417.0,20.0,60.0,2.0,100.0,30.206423
3418.0,40.0,60.0,2.0,100.0,55.002266
3419.0,49.0,60.0,2.0,100.0,78.38916
3420.0,0.0,60.0,2.0,100.0,54.635555
3421.0,0.5,60.0,2.0,100.0,30.3625
3422.0,1.0,60.0,2.0,100.0,18.563637
3423.0,2.0,60.0,2.0,100.0,13.168067
3424.0,3.0,60.0,2.0,100.0,11.166667
3425.0,5.0,60.0,2.0,100.0,13.481482
3426.0,10.0,60.0,2.0,100.0,16.985815
3427.0,20.0,60.0,2.0,100.0,27.538462
3428.0,40.0,60.0,2.0,100.0,68.93705
3429.0,49.0,60.0,2.0,100.0,76.748505
3430.0,0.0,60.0,2.0,100.0,29.962265
3431.0,0.5,60.0,2.0,100.0,28.726114
3432.0,1.0,60.0,2.0,100.0,28.307692
3433.0,2.0,60.0,2.0,100.0,14.919708
3434.0,3.0,60.0,2.0,100.0,14.560606
3435.0,5.0,60.0,2.0,100.0,15.7404585
3436.0,10.0,60.0,2.0,100.0,26.90909
3437.0,20.0,60.0,2.0,100.0,35.465115
3438.0,40.0,60.0,2.0,100.0,49.986378
3439.0,49.0,60.0,2.0,100.0,85.9739
3440.0,0.0,60.0,2.0,100.0,29.270441
3441.0,0.5,60.0,2.0,100.0,21.236221
3442.0,1.0,60.0,2.0,100.0,19.331034
3443.0,2.0,60.0,2.0,100.0,18.77931
3444.0,3.0,60.0,2.0,100.0,14.417266
3445.0,5.0,60.0,2.0,100.0,14.845529
3446.0,10.0,60.0,2.0,100.0,24.604519
3447.0,20.0,60.0,2.0,100.0,38.792454
3448.0,40.0,60.0,2.0,100.0,52.136597
3449.0,49.0,60.0,2.0,100.0,74.60833
3450.0,0.0,60.0,2.0,100.0,28.803797
3451.0,0.5,60.0,2.0,100.0,29.18239
3452.0,1.0,60.0,2.0,100.0,12.658334
3453.0,2.0,60.0,2.0,100.0,17.066177
3454.0,3.0,60.0,2.0,100.0,16.518518
3455.0,5.0,60.0,2.0,100.0,22.771242
3456.0,10.0,60.0,2.0,100.0,17.45
3457.0,20.0,60.0,2.0,100.0,29.58201
3458.0,40.0,60.0,2.0,100.0,69.56651
3459.0,49.0,60.0,2.0,100.0,69.975044
3460.0,0.0,60.0,2.0,100.0,29.050632
3461.0,0.5,60.0,2.0,100.0,28.727848
3462.0,1.0,60.0,2.0,100.0,29.9625
3463.0,2.0,60.0,2.0,100.0,19.588709
3464.0,3.0,60.0,2.0,100.0,17.386555
3465.0,5.0,60.0,2.0,100.0,25.055172
3466.0,10.0,60.0,2.0,100.0,38.01762
3467.0,20.0,60.0,2.0,100.0,14.639706
3468.0,40.0,60.0,2.0,100.0,41.796993
3469.0,49.0,60.0,2.0,100.0,133.97322
3470.0,0.0,60.0,2.0,100.0,27.961538
3471.0,0.5,60.0,2.0,100.0,29.037975
3472.0,1.0,60.0,2.0,100.0,16.654676
3473.0,2.0,60.0,2.0,100.0,15.68595
3474.0,3.0,60.0,2.0,100.0,15.808333
3475.0,5.0,60.0,2.0,100.0,21.389261
3476.0,10.0,60.0,2.0,100.0,14.257576
3477.0,20.0,60.0,2.0,100.0,24.623655
3478.0,40.0,60.0,2.0,100.0,68.61949
3479.0,49.0,60.0,2.0,100.0,119.63714
3480.0,0.0,60.0,2.0,100.0,29.031645
3481.0,0.5,60.0,2.0,100.0,29.245283
3482.0,1.0,60.0,2.0,100.0,15.570371
3483.0,2.0,60.0,2.0,100.0,18.25
3484.0,3.0,60.0,2.0,100.0,12.543307
3485.0,5.0,60.0,2.0,100.0,17.544777
3486.0,10.0,60.0,2.0,100.0,16.222221
3487.0,20.0,60.0,2.0,100.0,17.142857
3488.0,40.0,60.0,2.0,100.0,50.00331
3489.0,49.0,60.0,2.0,100.0,88.75601
3490.0,0.0,60.0,2.0,100.0,29.08805
3491.0,0.5,60.0,2.0,100.0,29.91875
3492.0,1.0,60.0,2.0,100.0,29.70625
3493.0,2.0,60.0,2.0,100.0,17.391666
3494.0,3.0,60.0,2.0,100.0,10.625
3495.0,5.0,60.0,2.0,100.0,15.036496
3496.0,10.0,60.0,2.0,100.0,21.490797
3497.0,20.0,60.0,2.0,100.0,31.603773
3498.0,40.0,60.0,2.0,100.0,49.80048
3499.0,49.0,60.0,2.0,100.0,67.60727
3500.0,0.0,70.0,2.0,100.0,28.784811
3501.0,0.5,70.0,2.0,100.0,28.740507
3502.0,1.0,70.0,2.0,100.0,29.10828
3503.0,2.0,70.0,2.0,100.0,29.25
3504.0,3.0,70.0,2.0,100.0,19.666666
3505.0,5.0,70.0,2.0,100.0,17.191177
3506.0,10.0,70.0,2.0,100.0,14.4779415
3507.0,20.0,70.0,2.0,100.0,25.325302
3508.0,40.0,70.0,2.0,100.0,71.025764
3509.0,49.0,70.0,2.0,100.0,82.63423
3510.0,0.0,70.0,2.0,100.0,28.93038
3511.0,0.5,70.0,2.0,100.0,51.753246
3512.0,1.0,70.0,2.0,100.0,28.942308
3513.0,2.0,70.0,2.0,100.0,29.84375
3514.0,3.0,70.0,2.0,100.0,16.32787
3515.0,5.0,70.0,2.0,100.0,23.37736
3516.0,10.0,70.0,2.0,100.0,17.464788
3517.0,20.0,70.0,2.0,100.0,24.005682
3518.0,40.0,70.0,2.0,100.0,56.61905
3519.0,49.0,70.0,2.0,100.0,82.905426
3520.0,0.0,70.0,2.0,100.0,29.094936
3521.0,0.5,70.0,2.0,100.0,29.95
3522.0,1.0,70.0,2.0,100.0,22.012579
3523.0,2.0,70.0,2.0,100.0,13.661157
3524.0,3.0,70.0,2.0,100.0,11.875
3525.0,5.0,70.0,2.0,100.0,29.3625
3526.0,10.0,70.0,2.0,100.0,17.19853
3527.0,20.0,70.0,2.0,100.0,38.803417
3528.0,40.0,70.0,2.0,100.0,49.463413
3529.0,49.0,70.0,2.0,100.0,100.47929
3530.0,0.0,70.0,2.0,100.0,28.841772
3531.0,0.5,70.0,2.0,100.0,17.208334
3532.0,1.0,70.0,2.0,100.0,30.58385
3533.0,2.0,70.0,2.0,100.0,23.644444
3534.0,3.0,70.0,2.0,100.0,14.773109
3535.0,5.0,70.0,2.0,100.0,18.097744
3536.0,10.0,70.0,2.0,100.0,18.438461
3537.0,20.0,70.0,2.0,100.0,23.506172
3538.0,40.0,70.0,2.0,100.0,40.451736
3539.0,49.0,70.0,2.0,100.0,90.32772
3540.0,0.0,70.0,2.0,100.0,38.524693
3541.0,0.5,70.0,2.0,100.0,15.451128
3542.0,1.0,70.0,2.0,100.0,23.177778
3543.0,2.0,70.0,2.0,100.0,19.539007
3544.0,3.0,70.0,2.0,100.0,16.789474
3545.0,5.0,70.0,2.0,100.0,16.096296
3546.0,10.0,70.0,2.0,100.0,21.95122
3547.0,20.0,70.0,2.0,100.0,31.238937
3548.0,40.0,70.0,2.0,100.0,73.12944
3549.0,49.0,70.0,2.0,100.0,84.4019
3550.0,0.0,70.0,2.0,100.0,28.981012
3551.0,0.5,70.0,2.0,100.0,14.533334
3552.0,1.0,70.0,2.0,100.0,22.922482
3553.0,2.0,70.0,2.0,100.0,14.208333
3554.0,3.0,70.0,2.0,100.0,27.581081
3555.0,5.0,70.0,2.0,100.0,26.441341
3556.0,10.0,70.0,2.0,100.0,23.944445
3557.0,20.0,70.0,2.0,100.0,19.396105
3558.0,40.0,70.0,2.0,100.0,55.183334
3559.0,49.0,70.0,2.0,100.0,84.3002
3560.0,0.0,70.0,2.0,100.0,28.509554
3561.0,0.5,70.0,2.0,100.0,24.964285
3562.0,1.0,70.0,2.0,100.0,21.416
3563.0,2.0,70.0,2.0,100.0,18.475178
3564.0,3.0,70.0,2.0,100.0,12.958333
3565.0,5.0,70.0,2.0,100.0,18.236841
3566.0,10.0,70.0,2.0,100.0,17.846716
3567.0,20.0,70.0,2.0,100.0,29.55615
3568.0,40.0,70.0,2.0,100.0,59.0542
3569.0,49.0,70.0,2.0,100.0,66.68445
3570.0,0.0,70.0,2.0,100.0,34.01105
3571.0,0.5,70.0,2.0,100.0,28.141026
3572.0,1.0,70.0,2.0,100.0,29.74375
3573.0,2.0,70.0,2.0,100.0,14.803149
3574.0,3.0,70.0,2.0,100.0,18.797203
3575.0,5.0,70.0,2.0,100.0,28.906736
3576.0,10.0,70.0,2.0,100.0,15.027972
3577.0,20.0,70.0,2.0,100.0,36.316063
3578.0,40.0,70.0,2.0,100.0,63.38409
3579.0,49.0,70.0,2.0,100.0,59.211304
3580.0,0.0,70.0,2.0,100.0,29.79375
3581.0,0.5,70.0,2.0,100.0,28.92258
3582.0,1.0,70.0,2.0,100.0,24.643835
3583.0,2.0,70.0,2.0,100.0,25.104166
3584.0,3.0,70.0,2.0,100.0,25.83688
3585.0,5.0,70.0,2.0,100.0,26.20946
3586.0,10.0,70.0,2.0,100.0,14.729323
3587.0,20.0,70.0,2.0,100.0,31.746479
3588.0,40.0,70.0,2.0,100.0,58.81
3589.0,49.0,70.0,2.0,100.0,76.430405
3590.0,0.0,70.0,2.0,100.0,29.301888
3591.0,0.5,70.0,2.0,100.0,33.914288
3592.0,1.0,70.0,2.0,100.0,13.358974
3593.0,2.0,70.0,2.0,100.0,25.445206
3594.0,3.0,70.0,2.0,100.0,16.471014
3595.0,5.0,70.0,2.0,100.0,25.22353
3596.0,10.0,70.0,2.0,100.0,16.34507
3597.0,20.0,70.0,2.0,100.0,28.16949
3598.0,40.0,70.0,2.0,100.0,60.949493
3599.0,49.0,70.0,2.0,100.0,87.83563
3600.0,0.0,70.0,2.0,100.0,29.06962
3601.0,0.5,70.0,2.0,100.0,53.52174
3602.0,1.0,70.0,2.0,100.0,15.007633
3603.0,2.0,70.0,2.0,100.0,17.142857
3604.0,3.0,70.0,2.0,100.0,14.680327
3605.0,5.0,70.0,2.0,100.0,16.978724
3606.0,10.0,70.0,2.0,100.0,24.761005
3607.0,20.0,70.0,2.0,100.0,31.495327
3608.0,40.0,70.0,2.0,100.0,46.55369
3609.0,49.0,70.0,2.0,100.0,112.87641
3610.0,0.0,70.0,2.0,100.0,30.10625
3611.0,0.5,70.0,2.0,100.0,16.436975
3612.0,1.0,70.0,2.0,100.0,29.050314
3613.0,2.0,70.0,2.0,100.0,27.0625
3614.0,3.0,70.0,2.0,100.0,32.00568
3615.0,5.0,70.0,2.0,100.0,15.552238
3616.0,10.0,70.0,2.0,100.0,15.754237
3617.0,20.0,70.0,2.0,100.0,29.11236
3618.0,40.0,70.0,2.0,100.0,63.31138
3619.0,49.0,70.0,2.0,100.0,78.0
3620.0,0.0,70.0,2.0,100.0,28.397436
3621.0,0.5,70.0,2.0,100.0,28.388535
3622.0,1.0,70.0,2.0,100.0,14.630769
3623.0,2.0,70.0,2.0,100.0,19.04651
3624.0,3.0,70.0,2.0,100.0,21.429487
3625.0,5.0,70.0,2.0,100.0,13.40458
3626.0,10.0,70.0,2.0,100.0,16.77305
3627.0,20.0,70.0,2.0,100.0,19.20606
3628.0,40.0,70.0,2.0,100.0,72.12203
3629.0,49.0,70.0,2.0,100.0,114.7053
3630.0,0.0,70.0,2.0,100.0,28.305733
3631.0,0.5,70.0,2.0,100.0,17.613445
3632.0,1.0,70.0,2.0,100.0,29.83125
3633.0,2.0,70.0,2.0,100.0,29.956522
3634.0,3.0,70.0,2.0,100.0,13.653226
3635.0,5.0,70.0,2.0,100.0,14.604317
3636.0,10.0,70.0,2.0,100.0,15.604651
3637.0,20.0,70.0,2.0,100.0,32.929905
3638.0,40.0,70.0,2.0,100.0,50.151672
3639.0,49.0,70.0,2.0,100.0,64.986015
3640.0,0.0,70.0,2.0,100.0,29.367088
3641.0,0.5,70.0,2.0,100.0,29.767296
3642.0,1.0,70.0,2.0,100.0,17.722689
3643.0,2.0,70.0,2.0,100.0,20.19697
3644.0,3.0,70.0,2.0,100.0,21.95105
3645.0,5.0,70.0,2.0,100.0,20.763159
3646.0,10.0,70.0,2.0,100.0,22.753086
3647.0,20.0,70.0,2.0,100.0,34.122547
3648.0,40.0,70.0,2.0,100.0,52.744186
3649.0,49.0,70.0,2.0,100.0,96.30093
3650.0,0.0,70.0,2.0,100.0,29.761005
3651.0,0.5,70.0,2.0,100.0,17.508333
3652.0,1.0,70.0,2.0,100.0,10.565574
3653.0,2.0,70.0,2.0,100.0,21.093023
3654.0,3.0,70.0,2.0,100.0,21.908451
3655.0,5.0,70.0,2.0,100.0,18.272058
3656.0,10.0,70.0,2.0,100.0,15.12
3657.0,20.0,70.0,2.0,100.0,41.58921
3658.0,40.0,70.0,2.0,100.0,53.613293
3659.0,49.0,70.0,2.0,100.0,95.56227
3660.0,0.0,70.0,2.0,100.0,30.099379
3661.0,0.5,70.0,2.0,100.0,29.339622
3662.0,1.0,70.0,2.0,100.0,30.062893
3663.0,2.0,70.0,2.0,100.0,18.304964
3664.0,3.0,70.0,2.0,100.0,19.193104
3665.0,5.0,70.0,2.0,100.0,22.19658
3666.0,10.0,70.0,2.0,100.0,15.430555
3667.0,20.0,70.0,2.0,100.0,26.265701
3668.0,40.0,70.0,2.0,100.0,63.08393
3669.0,49.0,70.0,2.0,100.0,83.96218
3670.0,0.0,70.0,2.0,100.0,54.228813
3671.0,0.5,70.0,2.0,100.0,28.547771
3672.0,1.0,70.0,2.0,100.0,30.093168
3673.0,2.0,70.0,2.0,100.0,28.222221
3674.0,3.0,70.0,2.0,100.0,11.409449
3675.0,5.0,70.0,2.0,100.0,13.590551
3676.0,10.0,70.0,2.0,100.0,20.108696
3677.0,20.0,70.0,2.0,100.0,20.074324
3678.0,40.0,70.0,2.0,100.0,41.06464
3679.0,49.0,70.0,2.0,100.0,72.83973
3680.0,0.0,70.0,2.0,100.0,29.09434
3681.0,0.5,70.0,2.0,100.0,30.5125
3682.0,1.0,70.0,2.0,100.0,26.756578
3683.0,2.0,70.0,2.0,100.0,23.470589
3684.0,3.0,70.0,2.0,100.0,15.906475
3685.0,5.0,70.0,2.0,100.0,17.545454
3686.0,10.0,70.0,2.0,100.0,16.519083
3687.0,20.0,70.0,2.0,100.0,29.097088
3688.0,40.0,70.0,2.0,100.0,82.17742
3689.0,49.0,70.0,2.0,100.0,67.74484
3690.0,0.0,70.0,2.0,100.0,28.757961
3691.0,0.5,70.0,2.0,100.0,35.02055
3692.0,1.0,70.0,2.0,100.0,14.813433
3693.0,2.0,70.0,2.0,100.0,18.644295
3694.0,3.0,70.0,2.0,100.0,23.511627
3695.0,5.0,70.0,2.0,100.0,14.585185
3696.0,10.0,70.0,2.0,100.0,32.860214
3697.0,20.0,70.0,2.0,100.0,37.548077
3698.0,40.0,70.0,2.0,100.0,66.418655
3699.0,49.0,70.0,2.0,100.0,97.09
3700.0,0.0,70.0,2.0,100.0,29.37736
3701.0,0.5,70.0,2.0,100.0,30.0875
3702.0,1.0,70.0,2.0,100.0,30.804878
3703.0,2.0,70.0,2.0,100.0,12.528926
3704.0,3.0,70.0,2.0,100.0,21.125984
3705.0,5.0,70.0,2.0,100.0,24.811321
3706.0,10.0,70.0,2.0,100.0,18.589403
3707.0,20.0,70.0,2.0,100.0,23.50289
3708.0,40.0,70.0,2.0,100.0,55.903046
3709.0,49.0,70.0,2.0,100.0,83.31948
3710.0,0.0,70.0,2.0,100.0,29.716982
3711.0,0.5,70.0,2.0,100.0,21.669231
3712.0,1.0,70.0,2.0,100.0,15.830882
3713.0,2.0,70.0,2.0,100.0,19.165354
3714.0,3.0,70.0,2.0,100.0,14.379032
3715.0,5.0,70.0,2.0,100.0,24.502762
3716.0,10.0,70.0,2.0,100.0,23.051283
3717.0,20.0,70.0,2.0,100.0,25.522223
3718.0,40.0,70.0,2.0,100.0,52.779613
3719.0,49.0,70.0,2.0,100.0,103.38569
3720.0,0.0,70.0,2.0,100.0,28.835443
3721.0,0.5,70.0,2.0,100.0,30.4
3722.0,1.0,70.0,2.0,100.0,37.786457
3723.0,2.0,70.0,2.0,100.0,17.546219
3724.0,3.0,70.0,2.0,100.0,36.186337
3725.0,5.0,70.0,2.0,100.0,21.333334
3726.0,10.0,70.0,2.0,100.0,19.174496
3727.0,20.0,70.0,2.0,100.0,38.629955
3728.0,40.0,70.0,2.0,100.0,59.677834
3729.0,49.0,70.0,2.0,100.0,75.031685
3730.0,0.0,70.0,2.0,100.0,28.7707
3731.0,0.5,70.0,2.0,100.0,21.085938
3732.0,1.0,70.0,2.0,100.0,28.62745
3733.0,2.0,70.0,2.0,100.0,15.38806
3734.0,3.0,70.0,2.0,100.0,18.947369
3735.0,5.0,70.0,2.0,100.0,17.554745
3736.0,10.0,70.0,2.0,100.0,15.061539
3737.0,20.0,70.0,2.0,100.0,17.708334
3738.0,40.0,70.0,2.0,100.0,60.533176
3739.0,49.0,70.0,2.0,100.0,76.9113
3740.0,0.0,70.0,2.0,100.0,28.160257
3741.0,0.5,70.0,2.0,100.0,30.460318
3742.0,1.0,70.0,2.0,100.0,29.54717
3743.0,2.0,70.0,2.0,100.0,23.865671
3744.0,3.0,70.0,2.0,100.0,26.716312
3745.0,5.0,70.0,2.0,100.0,13.12605
3746.0,10.0,70.0,2.0,100.0,23.603659
3747.0,20.0,70.0,2.0,100.0,48.321194
3748.0,40.0,70.0,2.0,100.0,50.878677
3749.0,49.0,70.0,2.0,100.0,80.647644
3750.0,0.0,70.0,2.0,100.0,29.79375
3751.0,0.5,70.0,2.0,100.0,44.160427
3752.0,1.0,70.0,2.0,100.0,29.616352
3753.0,2.0,70.0,2.0,100.0,24.537975
3754.0,3.0,70.0,2.0,100.0,10.610169
3755.0,5.0,70.0,2.0,100.0,28.269663
3756.0,10.0,70.0,2.0,100.0,18.11628
3757.0,20.0,70.0,2.0,100.0,24.424242
3758.0,40.0,70.0,2.0,100.0,56.82058
3759.0,49.0,70.0,2.0,100.0,104.56468
3760.0,0.0,70.0,2.0,100.0,43.330048
3761.0,0.5,70.0,2.0,100.0,16.762712
3762.0,1.0,70.0,2.0,100.0,31.19753
3763.0,2.0,70.0,2.0,100.0,15.560976
3764.0,3.0,70.0,2.0,100.0,30.09375
3765.0,5.0,70.0,2.0,100.0,20.925676
3766.0,10.0,70.0,2.0,100.0,26.292135
3767.0,20.0,70.0,2.0,100.0,27.567568
3768.0,40.0,70.0,2.0,100.0,70.521065
3769.0,49.0,70.0,2.0,100.0,56.113403
3770.0,0.0,70.0,2.0,100.0,28.496815
3771.0,0.5,70.0,2.0,100.0,21.375
3772.0,1.0,70.0,2.0,100.0,30.00625
3773.0,2.0,70.0,2.0,100.0,14.033613
3774.0,3.0,70.0,2.0,100.0,15.759398
3775.0,5.0,70.0,2.0,100.0,23.36923
3776.0,10.0,70.0,2.0,100.0,19.104576
3777.0,20.0,70.0,2.0,100.0,20.27564
3778.0,40.0,70.0,2.0,100.0,47.345455
3779.0,49.0,70.0,2.0,100.0,83.41324
3780.0,0.0,70.0,2.0,100.0,30.52174
3781.0,0.5,70.0,2.0,100.0,29.254658
3782.0,1.0,70.0,2.0,100.0,34.64835
3783.0,2.0,70.0,2.0,100.0,13.4140625
3784.0,3.0,70.0,2.0,100.0,13.41129
3785.0,5.0,70.0,2.0,100.0,15.148761
3786.0,10.0,70.0,2.0,100.0,17.656488
3787.0,20.0,70.0,2.0,100.0,25.235294
3788.0,40.0,70.0,2.0,100.0,45.61652
3789.0,49.0,70.0,2.0,100.0,66.39609
3790.0,0.0,70.0,2.0,100.0,28.713375
3791.0,0.5,70.0,2.0,100.0,21.351562
3792.0,1.0,70.0,2.0,100.0,23.61194
3793.0,2.0,70.0,2.0,100.0,16.907143
3794.0,3.0,70.0,2.0,100.0,16.286821
3795.0,5.0,70.0,2.0,100.0,19.348993
3796.0,10.0,70.0,2.0,100.0,24.038462
3797.0,20.0,70.0,2.0,100.0,39.408512
3798.0,40.0,70.0,2.0,100.0,55.412888
3799.0,49.0,70.0,2.0,100.0,100.216095
3800.0,0.0,70.0,2.0,100.0,30.18125
3801.0,0.5,70.0,2.0,100.0,28.713375
3802.0,1.0,70.0,2.0,100.0,16.39855
3803.0,2.0,70.0,2.0,100.0,20.547619
3804.0,3.0,70.0,2.0,100.0,17.085272
3805.0,5.0,70.0,2.0,100.0,21.452703
3806.0,10.0,70.0,2.0,100.0,28.573864
3807.0,20.0,70.0,2.0,100.0,24.930107
3808.0,40.0,70.0,2.0,100.0,71.11617
3809.0,49.0,70.0,2.0,100.0,76.85823
3810.0,0.0,70.0,2.0,100.0,28.759493
3811.0,0.5,70.0,2.0,100.0,29.018988
3812.0,1.0,70.0,2.0,100.0,19.482517
3813.0,2.0,70.0,2.0,100.0,15.764706
3814.0,3.0,70.0,2.0,100.0,12.535433
3815.0,5.0,70.0,2.0,100.0,12.959017
3816.0,10.0,70.0,2.0,100.0,18.104576
3817.0,20.0,70.0,2.0,100.0,33.96694
3818.0,40.0,70.0,2.0,100.0,50.41795
3819.0,49.0,70.0,2.0,100.0,75.06035
3820.0,0.0,70.0,2.0,100.0,29.03125
3821.0,0.5,70.0,2.0,100.0,29.41772
3822.0,1.0,70.0,2.0,100.0,18.754099
3823.0,2.0,70.0,2.0,100.0,23.40523
3824.0,3.0,70.0,2.0,100.0,39.18072
3825.0,5.0,70.0,2.0,100.0,13.866667
3826.0,10.0,70.0,2.0,100.0,16.234043
3827.0,20.0,70.0,2.0,100.0,26.705202
3828.0,40.0,70.0,2.0,100.0,48.200993
3829.0,49.0,70.0,2.0,100.0,72.961464
3830.0,0.0,70.0,2.0,100.0,32.398495
3831.0,0.5,70.0,2.0,100.0,29.566038
3832.0,1.0,70.0,2.0,100.0,30.19375
3833.0,2.0,70.0,2.0,100.0,31.944786
3834.0,3.0,70.0,2.0,100.0,25.936619
3835.0,5.0,70.0,2.0,100.0,16.057325
3836.0,10.0,70.0,2.0,100.0,15.650794
3837.0,20.0,70.0,2.0,100.0,27.63492
3838.0,40.0,70.0,2.0,100.0,52.457386
3839.0,49.0,70.0,2.0,100.0,81.053116
3840.0,0.0,70.0,2.0,100.0,29.74375
3841.0,0.5,70.0,2.0,100.0,27.961538
3842.0,1.0,70.0,2.0,100.0,25.294964
3843.0,2.0,70.0,2.0,100.0,12.739838
3844.0,3.0,70.0,2.0,100.0,17.361345
3845.0,5.0,70.0,2.0,100.0,18.248365
3846.0,10.0,70.0,2.0,100.0,18.01389
3847.0,20.0,70.0,2.0,100.0,29.41969
3848.0,40.0,70.0,2.0,100.0,44.589474
3849.0,49.0,70.0,2.0,100.0,100.65315
3850.0,0.0,70.0,2.0,100.0,29.70625
3851.0,0.5,70.0,2.0,100.0,28.133759
3852.0,1.0,70.0,2.0,100.0,27.142857
3853.0,2.0,70.0,2.0,100.0,40.884617
3854.0,3.0,70.0,2.0,100.0,15.589286
3855.0,5.0,70.0,2.0,100.0,12.918699
3856.0,10.0,70.0,2.0,100.0,15.0
3857.0,20.0,70.0,2.0,100.0,18.483444
3858.0,40.0,70.0,2.0,100.0,51.81818
3859.0,49.0,70.0,2.0,100.0,114.5167
3860.0,0.0,70.0,2.0,100.0,29.018988
3861.0,0.5,70.0,2.0,100.0,16.183332
3862.0,1.0,70.0,2.0,100.0,29.698112
3863.0,2.0,70.0,2.0,100.0,20.619047
3864.0,3.0,70.0,2.0,100.0,13.695652
3865.0,5.0,70.0,2.0,100.0,13.3515625
3866.0,10.0,70.0,2.0,100.0,21.969326
3867.0,20.0,70.0,2.0,100.0,20.967741
3868.0,40.0,70.0,2.0,100.0,53.466293
3869.0,49.0,70.0,2.0,100.0,73.6729
3870.0,0.0,70.0,2.0,100.0,46.274612
3871.0,0.5,70.0,2.0,100.0,29.35849
3872.0,1.0,70.0,2.0,100.0,27.653595
3873.0,2.0,70.0,2.0,100.0,14.125
3874.0,3.0,70.0,2.0,100.0,18.062016
3875.0,5.0,70.0,2.0,100.0,19.32886
3876.0,10.0,70.0,2.0,100.0,20.392405
3877.0,20.0,70.0,2.0,100.0,32.84519
3878.0,40.0,70.0,2.0,100.0,67.520515
3879.0,49.0,70.0,2.0,100.0,84.277
3880.0,0.0,70.0,2.0,100.0,28.484076
3881.0,0.5,70.0,2.0,100.0,15.113636
3882.0,1.0,70.0,2.0,100.0,49.551403
3883.0,2.0,70.0,2.0,100.0,30.09434
3884.0,3.0,70.0,2.0,100.0,20.299213
3885.0,5.0,70.0,2.0,100.0,18.17037
3886.0,10.0,70.0,2.0,100.0,17.534483
3887.0,20.0,70.0,2.0,100.0,16.622223
3888.0,40.0,70.0,2.0,100.0,95.99822
3889.0,49.0,70.0,2.0,100.0,66.28451
3890.0,0.0,70.0,2.0,100.0,29.345911
3891.0,0.5,70.0,2.0,100.0,29.89375
3892.0,1.0,70.0,2.0,100.0,29.754717
3893.0,2.0,70.0,2.0,100.0,18.22857
3894.0,3.0,70.0,2.0,100.0,16.55814
3895.0,5.0,70.0,2.0,100.0,16.980392
3896.0,10.0,70.0,2.0,100.0,18.418919
3897.0,20.0,70.0,2.0,100.0,28.0
3898.0,40.0,70.0,2.0,100.0,53.065903
3899.0,49.0,70.0,2.0,100.0,136.68513
3900.0,0.0,70.0,2.0,100.0,29.522013
3901.0,0.5,70.0,2.0,100.0,26.467106
3902.0,1.0,70.0,2.0,100.0,23.328358
3903.0,2.0,70.0,2.0,100.0,30.46875
3904.0,3.0,70.0,2.0,100.0,14.6875
3905.0,5.0,70.0,2.0,100.0,19.238094
3906.0,10.0,70.0,2.0,100.0,24.419754
3907.0,20.0,70.0,2.0,100.0,31.364162
3908.0,40.0,70.0,2.0,100.0,51.813812
3909.0,49.0,70.0,2.0,100.0,93.81843
3910.0,0.0,70.0,2.0,100.0,29.301888
3911.0,0.5,70.0,2.0,100.0,24.964285
3912.0,1.0,70.0,2.0,100.0,15.1214285
3913.0,2.0,70.0,2.0,100.0,13.834645
3914.0,3.0,70.0,2.0,100.0,18.207144
3915.0,5.0,70.0,2.0,100.0,17.219177
3916.0,10.0,70.0,2.0,100.0,20.09375
3917.0,20.0,70.0,2.0,100.0,24.036364
3918.0,40.0,70.0,2.0,100.0,51.30748
3919.0,49.0,70.0,2.0,100.0,109.98501
3920.0,0.0,70.0,2.0,100.0,29.150944
3921.0,0.5,70.0,2.0,100.0,26.73793
3922.0,1.0,70.0,2.0,100.0,26.062069
3923.0,2.0,70.0,2.0,100.0,26.174826
3924.0,3.0,70.0,2.0,100.0,14.184874
3925.0,5.0,70.0,2.0,100.0,12.680327
3926.0,10.0,70.0,2.0,100.0,18.357616
3927.0,20.0,70.0,2.0,100.0,44.55294
3928.0,40.0,70.0,2.0,100.0,63.711483
3929.0,49.0,70.0,2.0,100.0,89.39436
3930.0,0.0,70.0,2.0,100.0,28.853502
3931.0,0.5,70.0,2.0,100.0,29.515724
3932.0,1.0,70.0,2.0,100.0,18.242857
3933.0,2.0,70.0,2.0,100.0,29.232704
3934.0,3.0,70.0,2.0,100.0,11.935484
3935.0,5.0,70.0,2.0,100.0,25.882353
3936.0,10.0,70.0,2.0,100.0,16.318182
3937.0,20.0,70.0,2.0,100.0,36.713005
3938.0,40.0,70.0,2.0,100.0,38.200935
3939.0,49.0,70.0,2.0,100.0,68.47679
3940.0,0.0,70.0,2.0,100.0,28.777071
3941.0,0.5,70.0,2.0,100.0,21.046875
3942.0,1.0,70.0,2.0,100.0,20.796875
3943.0,2.0,70.0,2.0,100.0,20.008131
3944.0,3.0,70.0,2.0,100.0,14.557252
3945.0,5.0,70.0,2.0,100.0,17.503937
3946.0,10.0,70.0,2.0,100.0,25.412903
3947.0,20.0,70.0,2.0,100.0,36.60515
3948.0,40.0,70.0,2.0,100.0,104.011734
3949.0,49.0,70.0,2.0,100.0,73.96678
3950.0,0.0,70.0,2.0,100.0,28.936708
3951.0,0.5,70.0,2.0,100.0,16.708956
3952.0,1.0,70.0,2.0,100.0,26.680273
3953.0,2.0,70.0,2.0,100.0,24.650684
3954.0,3.0,70.0,2.0,100.0,20.275362
3955.0,5.0,70.0,2.0,100.0,13.866141
3956.0,10.0,70.0,2.0,100.0,15.694445
3957.0,20.0,70.0,2.0,100.0,29.2
3958.0,40.0,70.0,2.0,100.0,48.494583
3959.0,49.0,70.0,2.0,100.0,62.971428
3960.0,0.0,70.0,2.0,100.0,29.107595
3961.0,0.5,70.0,2.0,100.0,19.930555
3962.0,1.0,70.0,2.0,100.0,30.15
3963.0,2.0,70.0,2.0,100.0,24.283237
3964.0,3.0,70.0,2.0,100.0,17.179855
3965.0,5.0,70.0,2.0,100.0,23.458647
3966.0,10.0,70.0,2.0,100.0,17.768707
3967.0,20.0,70.0,2.0,100.0,20.148148
3968.0,40.0,70.0,2.0,100.0,38.767124
3969.0,49.0,70.0,2.0,100.0,79.10959
3970.0,0.0,70.0,2.0,100.0,29.22152
3971.0,0.5,70.0,2.0,100.0,33.61236
3972.0,1.0,70.0,2.0,100.0,28.6519
3973.0,2.0,70.0,2.0,100.0,17.8
3974.0,3.0,70.0,2.0,100.0,15.267176
3975.0,5.0,70.0,2.0,100.0,15.625955
3976.0,10.0,70.0,2.0,100.0,31.955801
3977.0,20.0,70.0,2.0,100.0,28.851675
3978.0,40.0,70.0,2.0,100.0,56.867725
3979.0,49.0,70.0,2.0,100.0,54.219513
3980.0,0.0,70.0,2.0,100.0,28.968355
3981.0,0.5,70.0,2.0,100.0,18.206612
3982.0,1.0,70.0,2.0,100.0,12.549619
3983.0,2.0,70.0,2.0,100.0,15.776
3984.0,3.0,70.0,2.0,100.0,19.938356
3985.0,5.0,70.0,2.0,100.0,12.298388
3986.0,10.0,70.0,2.0,100.0,24.072289
3987.0,20.0,70.0,2.0,100.0,36.89496
3988.0,40.0,70.0,2.0,100.0,70.93924
3989.0,49.0,70.0,2.0,100.0,53.595173
3990.0,0.0,70.0,2.0,100.0,29.679245
3991.0,0.5,70.0,2.0,100.0,29.044304
3992.0,1.0,70.0,2.0,100.0,29.427673
3993.0,2.0,70.0,2.0,100.0,17.092857
3994.0,3.0,70.0,2.0,100.0,38.748604
3995.0,5.0,70.0,2.0,100.0,22.007195
3996.0,10.0,70.0,2.0,100.0,22.796053
3997.0,20.0,70.0,2.0,100.0,44.05814
3998.0,40.0,70.0,2.0,100.0,62.43632
3999.0,49.0,70.0,2.0,100.0,115.87702
4000.0,0.0,80.0,2.0,100.0,29.591194
4001.0,0.5,80.0,2.0,100.0,28.496815
4002.0,1.0,80.0,2.0,100.0,23.1203
4003.0,2.0,80.0,2.0,100.0,18.38843
4004.0,3.0,80.0,2.0,100.0,16.970802
4005.0,5.0,80.0,2.0,100.0,22.68421
4006.0,10.0,80.0,2.0,100.0,13.952756
4007.0,20.0,80.0,2.0,100.0,20.763159
4008.0,40.0,80.0,2.0,100.0,58.66765
4009.0,49.0,80.0,2.0,100.0,69.98496
4010.0,0.0,80.0,2.0,100.0,42.608696
4011.0,0.5,80.0,2.0,100.0,27.378204
4012.0,1.0,80.0,2.0,100.0,31.070065
4013.0,2.0,80.0,2.0,100.0,20.84472
4014.0,3.0,80.0,2.0,100.0,22.398497
4015.0,5.0,80.0,2.0,100.0,20.104
4016.0,10.0,80.0,2.0,100.0,15.8962965
4017.0,20.0,80.0,2.0,100.0,21.884615
4018.0,40.0,80.0,2.0,100.0,54.69512
4019.0,49.0,80.0,2.0,100.0,117.34622
4020.0,0.0,80.0,2.0,100.0,30.08125
4021.0,0.5,80.0,2.0,100.0,29.037975
4022.0,1.0,80.0,2.0,100.0,28.867088
4023.0,2.0,80.0,2.0,100.0,11.465517
4024.0,3.0,80.0,2.0,100.0,14.765625
4025.0,5.0,80.0,2.0,100.0,19.827337
4026.0,10.0,80.0,2.0,100.0,28.353292
4027.0,20.0,80.0,2.0,100.0,31.79147
4028.0,40.0,80.0,2.0,100.0,55.705086
4029.0,49.0,80.0,2.0,100.0,85.897575
4030.0,0.0,80.0,2.0,100.0,29.9875
4031.0,0.5,80.0,2.0,100.0,30.175
4032.0,1.0,80.0,2.0,100.0,18.606558
4033.0,2.0,80.0,2.0,100.0,24.296774
4034.0,3.0,80.0,2.0,100.0,19.024
4035.0,5.0,80.0,2.0,100.0,18.355556
4036.0,10.0,80.0,2.0,100.0,18.123188
4037.0,20.0,80.0,2.0,100.0,32.615383
4038.0,40.0,80.0,2.0,100.0,54.390625
4039.0,49.0,80.0,2.0,100.0,81.126884
4040.0,0.0,80.0,2.0,100.0,28.910828
4041.0,0.5,80.0,2.0,100.0,29.522013
4042.0,1.0,80.0,2.0,100.0,17.525
4043.0,2.0,80.0,2.0,100.0,17.195122
4044.0,3.0,80.0,2.0,100.0,21.08
4045.0,5.0,80.0,2.0,100.0,18.48951
4046.0,10.0,80.0,2.0,100.0,29.25
4047.0,20.0,80.0,2.0,100.0,21.714285
4048.0,40.0,80.0,2.0,100.0,63.94635
4049.0,49.0,80.0,2.0,100.0,84.16145
4050.0,0.0,80.0,2.0,100.0,29.55346
4051.0,0.5,80.0,2.0,100.0,23.430656
4052.0,1.0,80.0,2.0,100.0,16.654135
4053.0,2.0,80.0,2.0,100.0,15.295455
4054.0,3.0,80.0,2.0,100.0,17.262411
4055.0,5.0,80.0,2.0,100.0,14.246032
4056.0,10.0,80.0,2.0,100.0,20.641975
4057.0,20.0,80.0,2.0,100.0,35.193134
4058.0,40.0,80.0,2.0,100.0,66.37467
4059.0,49.0,80.0,2.0,100.0,95.28729
4060.0,0.0,80.0,2.0,100.0,31.02469
4061.0,0.5,80.0,2.0,100.0,29.748428
4062.0,1.0,80.0,2.0,100.0,29.398735
4063.0,2.0,80.0,2.0,100.0,15.839695
4064.0,3.0,80.0,2.0,100.0,12.992
4065.0,5.0,80.0,2.0,100.0,20.945206
4066.0,10.0,80.0,2.0,100.0,14.863636
4067.0,20.0,80.0,2.0,100.0,31.87156
4068.0,40.0,80.0,2.0,100.0,57.59633
4069.0,49.0,80.0,2.0,100.0,96.928696
4070.0,0.0,80.0,2.0,100.0,37.96175
4071.0,0.5,80.0,2.0,100.0,20.428572
4072.0,1.0,80.0,2.0,100.0,30.0
4073.0,2.0,80.0,2.0,100.0,11.384
4074.0,3.0,80.0,2.0,100.0,14.722222
4075.0,5.0,80.0,2.0,100.0,21.02027
4076.0,10.0,80.0,2.0,100.0,24.156626
4077.0,20.0,80.0,2.0,100.0,33.096153
4078.0,40.0,80.0,2.0,100.0,46.03346
4079.0,49.0,80.0,2.0,100.0,70.57766
4080.0,0.0,80.0,2.0,100.0,29.74375
4081.0,0.5,80.0,2.0,100.0,29.056963
4082.0,1.0,80.0,2.0,100.0,21.077518
4083.0,2.0,80.0,2.0,100.0,29.077923
4084.0,3.0,80.0,2.0,100.0,16.442028
4085.0,5.0,80.0,2.0,100.0,15.962963
4086.0,10.0,80.0,2.0,100.0,21.854305
4087.0,20.0,80.0,2.0,100.0,40.209923
4088.0,40.0,80.0,2.0,100.0,48.70968
4089.0,49.0,80.0,2.0,100.0,81.30197
4090.0,0.0,80.0,2.0,100.0,29.402515
4091.0,0.5,80.0,2.0,100.0,15.467213
4092.0,1.0,80.0,2.0,100.0,22.833334
4093.0,2.0,80.0,2.0,100.0,28.117647
4094.0,3.0,80.0,2.0,100.0,18.544
4095.0,5.0,80.0,2.0,100.0,18.2
4096.0,10.0,80.0,2.0,100.0,28.460674
4097.0,20.0,80.0,2.0,100.0,17.474821
4098.0,40.0,80.0,2.0,100.0,66.84492
4099.0,49.0,80.0,2.0,100.0,83.954346
4100.0,0.0,80.0,2.0,100.0,28.273886
4101.0,0.5,80.0,2.0,100.0,29.503145
4102.0,1.0,80.0,2.0,100.0,20.037975
4103.0,2.0,80.0,2.0,100.0,15.899281
4104.0,3.0,80.0,2.0,100.0,27.850649
4105.0,5.0,80.0,2.0,100.0,18.198582
4106.0,10.0,80.0,2.0,100.0,21.22436
4107.0,20.0,80.0,2.0,100.0,23.464285
4108.0,40.0,80.0,2.0,100.0,55.887005
4109.0,49.0,80.0,2.0,100.0,74.51777
4110.0,0.0,80.0,2.0,100.0,29.36076
4111.0,0.5,80.0,2.0,100.0,30.68323
4112.0,1.0,80.0,2.0,100.0,12.396947
4113.0,2.0,80.0,2.0,100.0,14.133859
4114.0,3.0,80.0,2.0,100.0,13.238095
4115.0,5.0,80.0,2.0,100.0,16.692308
4116.0,10.0,80.0,2.0,100.0,16.556337
4117.0,20.0,80.0,2.0,100.0,25.19553
4118.0,40.0,80.0,2.0,100.0,48.504086
4119.0,49.0,80.0,2.0,100.0,63.513393
4120.0,0.0,80.0,2.0,100.0,29.440252
4121.0,0.5,80.0,2.0,100.0,29.120253
4122.0,1.0,80.0,2.0,100.0,29.251572
4123.0,2.0,80.0,2.0,100.0,29.202532
4124.0,3.0,80.0,2.0,100.0,18.352459
4125.0,5.0,80.0,2.0,100.0,14.589148
4126.0,10.0,80.0,2.0,100.0,16.47015
4127.0,20.0,80.0,2.0,100.0,18.620253
4128.0,40.0,80.0,2.0,100.0,37.214546
4129.0,49.0,80.0,2.0,100.0,176.52074
4130.0,0.0,80.0,2.0,100.0,28.796179
4131.0,0.5,80.0,2.0,100.0,29.566038
4132.0,1.0,80.0,2.0,100.0,21.442858
4133.0,2.0,80.0,2.0,100.0,28.867088
4134.0,3.0,80.0,2.0,100.0,19.689394
4135.0,5.0,80.0,2.0,100.0,20.648275
4136.0,10.0,80.0,2.0,100.0,29.755102
4137.0,20.0,80.0,2.0,100.0,31.11468
4138.0,40.0,80.0,2.0,100.0,50.05862
4139.0,49.0,80.0,2.0,100.0,82.34323
4140.0,0.0,80.0,2.0,100.0,28.942675
4141.0,0.5,80.0,2.0,100.0,29.392405
4142.0,1.0,80.0,2.0,100.0,16.942858
4143.0,2.0,80.0,2.0,100.0,17.492064
4144.0,3.0,80.0,2.0,100.0,16.544828
4145.0,5.0,80.0,2.0,100.0,15.706767
4146.0,10.0,80.0,2.0,100.0,31.76684
4147.0,20.0,80.0,2.0,100.0,27.413044
4148.0,40.0,80.0,2.0,100.0,84.15563
4149.0,49.0,80.0,2.0,100.0,108.756004
4150.0,0.0,80.0,2.0,100.0,28.405064
4151.0,0.5,80.0,2.0,100.0,28.214285
4152.0,1.0,80.0,2.0,100.0,28.737179
4153.0,2.0,80.0,2.0,100.0,29.189873
4154.0,3.0,80.0,2.0,100.0,20.992188
4155.0,5.0,80.0,2.0,100.0,19.664062
4156.0,10.0,80.0,2.0,100.0,19.593985
4157.0,20.0,80.0,2.0,100.0,38.855072
4158.0,40.0,80.0,2.0,100.0,72.06532
4159.0,49.0,80.0,2.0,100.0,95.60461
4160.0,0.0,80.0,2.0,100.0,49.75
4161.0,0.5,80.0,2.0,100.0,43.027172
4162.0,1.0,80.0,2.0,100.0,22.985075
4163.0,2.0,80.0,2.0,100.0,17.423729
4164.0,3.0,80.0,2.0,100.0,15.69697
4165.0,5.0,80.0,2.0,100.0,19.674242
4166.0,10.0,80.0,2.0,100.0,16.346153
4167.0,20.0,80.0,2.0,100.0,20.425676
4168.0,40.0,80.0,2.0,100.0,62.786667
4169.0,49.0,80.0,2.0,100.0,100.79862
4170.0,0.0,80.0,2.0,100.0,29.157232
4171.0,0.5,80.0,2.0,100.0,29.159235
4172.0,1.0,80.0,2.0,100.0,19.710526
4173.0,2.0,80.0,2.0,100.0,26.136055
4174.0,3.0,80.0,2.0,100.0,20.301588
4175.0,5.0,80.0,2.0,100.0,17.257576
4176.0,10.0,80.0,2.0,100.0,15.278195
4177.0,20.0,80.0,2.0,100.0,21.901316
4178.0,40.0,80.0,2.0,100.0,55.66857
4179.0,49.0,80.0,2.0,100.0,60.401905
4180.0,0.0,80.0,2.0,100.0,28.702532
4181.0,0.5,80.0,2.0,100.0,28.98734
4182.0,1.0,80.0,2.0,100.0,28.356688
4183.0,2.0,80.0,2.0,100.0,21.761194
4184.0,3.0,80.0,2.0,100.0,19.992126
4185.0,5.0,80.0,2.0,100.0,27.59477
4186.0,10.0,80.0,2.0,100.0,18.485294
4187.0,20.0,80.0,2.0,100.0,42.649807
4188.0,40.0,80.0,2.0,100.0,65.03125
4189.0,49.0,80.0,2.0,100.0,72.52373
4190.0,0.0,80.0,2.0,100.0,29.484276
4191.0,0.5,80.0,2.0,100.0,17.546219
4192.0,1.0,80.0,2.0,100.0,25.601398
4193.0,2.0,80.0,2.0,100.0,16.88983
4194.0,3.0,80.0,2.0,100.0,25.361963
4195.0,5.0,80.0,2.0,100.0,35.259068
4196.0,10.0,80.0,2.0,100.0,15.447762
4197.0,20.0,80.0,2.0,100.0,21.246914
4198.0,40.0,80.0,2.0,100.0,63.67143
4199.0,49.0,80.0,2.0,100.0,81.824684
4200.0,0.0,80.0,2.0,100.0,30.39375
4201.0,0.5,80.0,2.0,100.0,17.330883
4202.0,1.0,80.0,2.0,100.0,36.240223
4203.0,2.0,80.0,2.0,100.0,14.55303
4204.0,3.0,80.0,2.0,100.0,12.768
4205.0,5.0,80.0,2.0,100.0,23.012346
4206.0,10.0,80.0,2.0,100.0,19.808
4207.0,20.0,80.0,2.0,100.0,32.752808
4208.0,40.0,80.0,2.0,100.0,64.12195
4209.0,49.0,80.0,2.0,100.0,181.80362
4210.0,0.0,80.0,2.0,100.0,29.660378
4211.0,0.5,80.0,2.0,100.0,28.408163
4212.0,1.0,80.0,2.0,100.0,19.463415
4213.0,2.0,80.0,2.0,100.0,29.132076
4214.0,3.0,80.0,2.0,100.0,13.166667
4215.0,5.0,80.0,2.0,100.0,12.42735
4216.0,10.0,80.0,2.0,100.0,19.67647
4217.0,20.0,80.0,2.0,100.0,27.727272
4218.0,40.0,80.0,2.0,100.0,46.0173
4219.0,49.0,80.0,2.0,100.0,79.38508
4220.0,0.0,80.0,2.0,100.0,28.467949
4221.0,0.5,80.0,2.0,100.0,30.08125
4222.0,1.0,80.0,2.0,100.0,14.875
4223.0,2.0,80.0,2.0,100.0,25.021276
4224.0,3.0,80.0,2.0,100.0,13.923077
4225.0,5.0,80.0,2.0,100.0,13.162601
4226.0,10.0,80.0,2.0,100.0,22.767742
4227.0,20.0,80.0,2.0,100.0,21.632652
4228.0,40.0,80.0,2.0,100.0,44.544827
4229.0,49.0,80.0,2.0,100.0,147.30623
4230.0,0.0,80.0,2.0,100.0,29.238995
4231.0,0.5,80.0,2.0,100.0,28.464968
4232.0,1.0,80.0,2.0,100.0,16.607407
4233.0,2.0,80.0,2.0,100.0,24.764706
4234.0,3.0,80.0,2.0,100.0,16.955883
4235.0,5.0,80.0,2.0,100.0,23.205128
4236.0,10.0,80.0,2.0,100.0,25.179192
4237.0,20.0,80.0,2.0,100.0,51.2
4238.0,40.0,80.0,2.0,100.0,45.985073
4239.0,49.0,80.0,2.0,100.0,85.52915
4240.0,0.0,80.0,2.0,100.0,29.647799
4241.0,0.5,80.0,2.0,100.0,21.87023
4242.0,1.0,80.0,2.0,100.0,16.786259
4243.0,2.0,80.0,2.0,100.0,29.215189
4244.0,3.0,80.0,2.0,100.0,28.906666
4245.0,5.0,80.0,2.0,100.0,12.652892
4246.0,10.0,80.0,2.0,100.0,15.079365
4247.0,20.0,80.0,2.0,100.0,23.197802
4248.0,40.0,80.0,2.0,100.0,44.78067
4249.0,49.0,80.0,2.0,100.0,80.82297
4250.0,0.0,80.0,2.0,100.0,28.911392
4251.0,0.5,80.0,2.0,100.0,21.609375
4252.0,1.0,80.0,2.0,100.0,24.640287
4253.0,2.0,80.0,2.0,100.0,15.161538
4254.0,3.0,80.0,2.0,100.0,15.871212
4255.0,5.0,80.0,2.0,100.0,17.272
4256.0,10.0,80.0,2.0,100.0,16.291044
4257.0,20.0,80.0,2.0,100.0,22.649006
4258.0,40.0,80.0,2.0,100.0,61.077282
4259.0,49.0,80.0,2.0,100.0,67.51448
4260.0,0.0,80.0,2.0,100.0,28.382166
4261.0,0.5,80.0,2.0,100.0,18.942446
4262.0,1.0,80.0,2.0,100.0,14.338583
4263.0,2.0,80.0,2.0,100.0,22.82353
4264.0,3.0,80.0,2.0,100.0,26.212328
4265.0,5.0,80.0,2.0,100.0,17.2
4266.0,10.0,80.0,2.0,100.0,14.38168
4267.0,20.0,80.0,2.0,100.0,31.659685
4268.0,40.0,80.0,2.0,100.0,53.805084
4269.0,49.0,80.0,2.0,100.0,73.36199
4270.0,0.0,80.0,2.0,100.0,28.955696
4271.0,0.5,80.0,2.0,100.0,30.16875
4272.0,1.0,80.0,2.0,100.0,28.968554
4273.0,2.0,80.0,2.0,100.0,25.065218
4274.0,3.0,80.0,2.0,100.0,15.141732
4275.0,5.0,80.0,2.0,100.0,23.992249
4276.0,10.0,80.0,2.0,100.0,18.314686
4277.0,20.0,80.0,2.0,100.0,24.608187
4278.0,40.0,80.0,2.0,100.0,35.803417
4279.0,49.0,80.0,2.0,100.0,80.451805
4280.0,0.0,80.0,2.0,100.0,28.866241
4281.0,0.5,80.0,2.0,100.0,25.908451
4282.0,1.0,80.0,2.0,100.0,18.43609
4283.0,2.0,80.0,2.0,100.0,16.629032
4284.0,3.0,80.0,2.0,100.0,25.758621
4285.0,5.0,80.0,2.0,100.0,16.48889
4286.0,10.0,80.0,2.0,100.0,23.371622
4287.0,20.0,80.0,2.0,100.0,34.92105
4288.0,40.0,80.0,2.0,100.0,73.34713
4289.0,49.0,80.0,2.0,100.0,71.084724
4290.0,0.0,80.0,2.0,100.0,29.27673
4291.0,0.5,80.0,2.0,100.0,26.71591
4292.0,1.0,80.0,2.0,100.0,22.473684
4293.0,2.0,80.0,2.0,100.0,20.748032
4294.0,3.0,80.0,2.0,100.0,23.75
4295.0,5.0,80.0,2.0,100.0,15.174242
4296.0,10.0,80.0,2.0,100.0,17.462687
4297.0,20.0,80.0,2.0,100.0,32.260418
4298.0,40.0,80.0,2.0,100.0,59.348625
4299.0,49.0,80.0,2.0,100.0,80.840515
4300.0,0.0,80.0,2.0,100.0,28.784811
4301.0,0.5,80.0,2.0,100.0,30.00625
4302.0,1.0,80.0,2.0,100.0,28.19079
4303.0,2.0,80.0,2.0,100.0,30.757765
4304.0,3.0,80.0,2.0,100.0,26.623188
4305.0,5.0,80.0,2.0,100.0,14.5245905
4306.0,10.0,80.0,2.0,100.0,20.506493
4307.0,20.0,80.0,2.0,100.0,23.5
4308.0,40.0,80.0,2.0,100.0,37.48016
4309.0,49.0,80.0,2.0,100.0,75.28571
4310.0,0.0,80.0,2.0,100.0,29.025316
4311.0,0.5,80.0,2.0,100.0,42.354496
4312.0,1.0,80.0,2.0,100.0,16.224806
4313.0,2.0,80.0,2.0,100.0,18.706766
4314.0,3.0,80.0,2.0,100.0,15.379311
4315.0,5.0,80.0,2.0,100.0,23.797619
4316.0,10.0,80.0,2.0,100.0,14.144928
4317.0,20.0,80.0,2.0,100.0,30.96591
4318.0,40.0,80.0,2.0,100.0,45.749065
4319.0,49.0,80.0,2.0,100.0,74.10714
4320.0,0.0,80.0,2.0,100.0,28.816456
4321.0,0.5,80.0,2.0,100.0,26.782312
4322.0,1.0,80.0,2.0,100.0,27.020409
4323.0,2.0,80.0,2.0,100.0,15.0079365
4324.0,3.0,80.0,2.0,100.0,16.25
4325.0,5.0,80.0,2.0,100.0,28.079365
4326.0,10.0,80.0,2.0,100.0,23.467455
4327.0,20.0,80.0,2.0,100.0,23.69461
4328.0,40.0,80.0,2.0,100.0,47.543568
4329.0,49.0,80.0,2.0,100.0,88.33944
4330.0,0.0,80.0,2.0,100.0,28.829113
4331.0,0.5,80.0,2.0,100.0,28.772152
4332.0,1.0,80.0,2.0,100.0,13.590164
4333.0,2.0,80.0,2.0,100.0,21.15873
4334.0,3.0,80.0,2.0,100.0,23.164179
4335.0,5.0,80.0,2.0,100.0,21.357616
4336.0,10.0,80.0,2.0,100.0,18.69863
4337.0,20.0,80.0,2.0,100.0,26.162012
4338.0,40.0,80.0,2.0,100.0,59.50909
4339.0,49.0,80.0,2.0,100.0,87.32353
4340.0,0.0,80.0,2.0,100.0,28.7707
4341.0,0.5,80.0,2.0,100.0,46.63158
4342.0,1.0,80.0,2.0,100.0,26.245033
4343.0,2.0,80.0,2.0,100.0,19.416
4344.0,3.0,80.0,2.0,100.0,18.59836
4345.0,5.0,80.0,2.0,100.0,24.54375
4346.0,10.0,80.0,2.0,100.0,24.091503
4347.0,20.0,80.0,2.0,100.0,34.88318
4348.0,40.0,80.0,2.0,100.0,53.258965
4349.0,49.0,80.0,2.0,100.0,71.946106
4350.0,0.0,80.0,2.0,100.0,29.66875
4351.0,0.5,80.0,2.0,100.0,27.782051
4352.0,1.0,80.0,2.0,100.0,16.159664
4353.0,2.0,80.0,2.0,100.0,25.366907
4354.0,3.0,80.0,2.0,100.0,16.097345
4355.0,5.0,80.0,2.0,100.0,16.931297
4356.0,10.0,80.0,2.0,100.0,15.2279415
4357.0,20.0,80.0,2.0,100.0,28.26087
4358.0,40.0,80.0,2.0,100.0,75.48294
4359.0,49.0,80.0,2.0,100.0,69.19159
4360.0,0.0,80.0,2.0,100.0,27.838709
4361.0,0.5,80.0,2.0,100.0,15.613636
4362.0,1.0,80.0,2.0,100.0,28.829113
4363.0,2.0,80.0,2.0,100.0,15.631147
4364.0,3.0,80.0,2.0,100.0,17.189655
4365.0,5.0,80.0,2.0,100.0,18.506329
4366.0,10.0,80.0,2.0,100.0,14.719008
4367.0,20.0,80.0,2.0,100.0,26.433525
4368.0,40.0,80.0,2.0,100.0,61.619446
4369.0,49.0,80.0,2.0,100.0,71.35476
4370.0,0.0,80.0,2.0,100.0,38.4875
4371.0,0.5,80.0,2.0,100.0,41.63402
4372.0,1.0,80.0,2.0,100.0,14.840909
4373.0,2.0,80.0,2.0,100.0,17.425
4374.0,3.0,80.0,2.0,100.0,19.85484
4375.0,5.0,80.0,2.0,100.0,15.163935
4376.0,10.0,80.0,2.0,100.0,18.785715
4377.0,20.0,80.0,2.0,100.0,23.97546
4378.0,40.0,80.0,2.0,100.0,44.463413
4379.0,49.0,80.0,2.0,100.0,71.20235
4380.0,0.0,80.0,2.0,100.0,28.687899
4381.0,0.5,80.0,2.0,100.0,24.956522
4382.0,1.0,80.0,2.0,100.0,27.395973
4383.0,2.0,80.0,2.0,100.0,23.984734
4384.0,3.0,80.0,2.0,100.0,21.451853
4385.0,5.0,80.0,2.0,100.0,30.567709
4386.0,10.0,80.0,2.0,100.0,23.692772
4387.0,20.0,80.0,2.0,100.0,19.527397
4388.0,40.0,80.0,2.0,100.0,68.69524
4389.0,49.0,80.0,2.0,100.0,125.78854
4390.0,0.0,80.0,2.0,100.0,28.777071
4391.0,0.5,80.0,2.0,100.0,29.213837
4392.0,1.0,80.0,2.0,100.0,16.386555
4393.0,2.0,80.0,2.0,100.0,31.29114
4394.0,3.0,80.0,2.0,100.0,15.886179
4395.0,5.0,80.0,2.0,100.0,15.739838
4396.0,10.0,80.0,2.0,100.0,16.872341
4397.0,20.0,80.0,2.0,100.0,38.237705
4398.0,40.0,80.0,2.0,100.0,56.887573
4399.0,49.0,80.0,2.0,100.0,92.84604
4400.0,0.0,80.0,2.0,100.0,52.12
4401.0,0.5,80.0,2.0,100.0,28.547771
4402.0,1.0,80.0,2.0,100.0,15.746154
4403.0,2.0,80.0,2.0,100.0,22.068966
4404.0,3.0,80.0,2.0,100.0,20.699247
4405.0,5.0,80.0,2.0,100.0,15.880953
4406.0,10.0,80.0,2.0,100.0,15.390071
4407.0,20.0,80.0,2.0,100.0,30.188776
4408.0,40.0,80.0,2.0,100.0,52.480892
4409.0,49.0,80.0,2.0,100.0,77.518364
4410.0,0.0,80.0,2.0,100.0,29.08228
4411.0,0.5,80.0,2.0,100.0,24.81884
4412.0,1.0,80.0,2.0,100.0,16.0
4413.0,2.0,80.0,2.0,100.0,29.490566
4414.0,3.0,80.0,2.0,100.0,26.59859
4415.0,5.0,80.0,2.0,100.0,14.00813
4416.0,10.0,80.0,2.0,100.0,26.006578
4417.0,20.0,80.0,2.0,100.0,46.439114
4418.0,40.0,80.0,2.0,100.0,60.27036
4419.0,49.0,80.0,2.0,100.0,148.78297
4420.0,0.0,80.0,2.0,100.0,28.318472
4421.0,0.5,80.0,2.0,100.0,29.044304
4422.0,1.0,80.0,2.0,100.0,17.613445
4423.0,2.0,80.0,2.0,100.0,27.851562
4424.0,3.0,80.0,2.0,100.0,13.092308
4425.0,5.0,80.0,2.0,100.0,20.196722
4426.0,10.0,80.0,2.0,100.0,14.585366
4427.0,20.0,80.0,2.0,100.0,39.793247
4428.0,40.0,80.0,2.0,100.0,81.82942
4429.0,49.0,80.0,2.0,100.0,70.240654
4430.0,0.0,80.0,2.0,100.0,28.891026
4431.0,0.5,80.0,2.0,100.0,19.984375
4432.0,1.0,80.0,2.0,100.0,30.018867
4433.0,2.0,80.0,2.0,100.0,14.709678
4434.0,3.0,80.0,2.0,100.0,33.26923
4435.0,5.0,80.0,2.0,100.0,14.853659
4436.0,10.0,80.0,2.0,100.0,20.946108
4437.0,20.0,80.0,2.0,100.0,29.828125
4438.0,40.0,80.0,2.0,100.0,49.596214
4439.0,49.0,80.0,2.0,100.0,70.3907
4440.0,0.0,80.0,2.0,100.0,29.811321
4441.0,0.5,80.0,2.0,100.0,54.908714
4442.0,1.0,80.0,2.0,100.0,15.189394
4443.0,2.0,80.0,2.0,100.0,29.811321
4444.0,3.0,80.0,2.0,100.0,15.46281
4445.0,5.0,80.0,2.0,100.0,18.644068
4446.0,10.0,80.0,2.0,100.0,17.891891
4447.0,20.0,80.0,2.0,100.0,40.880165
4448.0,40.0,80.0,2.0,100.0,54.988235
4449.0,49.0,80.0,2.0,100.0,60.478367
4450.0,0.0,80.0,2.0,100.0,28.668789
4451.0,0.5,80.0,2.0,100.0,28.797468
4452.0,1.0,80.0,2.0,100.0,15.387597
4453.0,2.0,80.0,2.0,100.0,26.834482
4454.0,3.0,80.0,2.0,100.0,16.741259
4455.0,5.0,80.0,2.0,100.0,12.587301
4456.0,10.0,80.0,2.0,100.0,17.100775
4457.0,20.0,80.0,2.0,100.0,35.8125
4458.0,40.0,80.0,2.0,100.0,60.54865
4459.0,49.0,80.0,2.0,100.0,111.87436
4460.0,0.0,80.0,2.0,100.0,30.0375
4461.0,0.5,80.0,2.0,100.0,28.470968
4462.0,1.0,80.0,2.0,100.0,29.64375
4463.0,2.0,80.0,2.0,100.0,16.352
4464.0,3.0,80.0,2.0,100.0,19.532259
4465.0,5.0,80.0,2.0,100.0,27.06383
4466.0,10.0,80.0,2.0,100.0,19.55944
4467.0,20.0,80.0,2.0,100.0,31.887096
4468.0,40.0,80.0,2.0,100.0,57.30625
4469.0,49.0,80.0,2.0,100.0,63.0597
4470.0,0.0,80.0,2.0,100.0,29.616352
4471.0,0.5,80.0,2.0,100.0,29.76875
4472.0,1.0,80.0,2.0,100.0,27.74
4473.0,2.0,80.0,2.0,100.0,18.209677
4474.0,3.0,80.0,2.0,100.0,18.947369
4475.0,5.0,80.0,2.0,100.0,13.183824
4476.0,10.0,80.0,2.0,100.0,27.89326
4477.0,20.0,80.0,2.0,100.0,19.469799
4478.0,40.0,80.0,2.0,100.0,63.867607
4479.0,49.0,80.0,2.0,100.0,87.37165
4480.0,0.0,80.0,2.0,100.0,29.421383
4481.0,0.5,80.0,2.0,100.0,45.032085
4482.0,1.0,80.0,2.0,100.0,27.040817
4483.0,2.0,80.0,2.0,100.0,16.32787
4484.0,3.0,80.0,2.0,100.0,15.96748
4485.0,5.0,80.0,2.0,100.0,19.176056
4486.0,10.0,80.0,2.0,100.0,21.74026
4487.0,20.0,80.0,2.0,100.0,34.099525
4488.0,40.0,80.0,2.0,100.0,61.153847
4489.0,49.0,80.0,2.0,100.0,69.60522
4490.0,0.0,80.0,2.0,100.0,29.55346
4491.0,0.5,80.0,2.0,100.0,28.326797
4492.0,1.0,80.0,2.0,100.0,30.53416
4493.0,2.0,80.0,2.0,100.0,23.651163
4494.0,3.0,80.0,2.0,100.0,18.518518
4495.0,5.0,80.0,2.0,100.0,17.97183
4496.0,10.0,80.0,2.0,100.0,30.84066
4497.0,20.0,80.0,2.0,100.0,22.076923
4498.0,40.0,80.0,2.0,100.0,50.69279
4499.0,49.0,80.0,2.0,100.0,98.17621
4500.0,0.0,90.0,2.0,100.0,28.528662
4501.0,0.5,90.0,2.0,100.0,25.65035
4502.0,1.0,90.0,2.0,100.0,27.103226
4503.0,2.0,90.0,2.0,100.0,24.8
4504.0,3.0,90.0,2.0,100.0,23.512196
4505.0,5.0,90.0,2.0,100.0,18.094202
4506.0,10.0,90.0,2.0,100.0,20.901316
4507.0,20.0,90.0,2.0,100.0,22.251534
4508.0,40.0,90.0,2.0,100.0,68.5102
4509.0,49.0,90.0,2.0,100.0,76.69486
4510.0,0.0,90.0,2.0,100.0,27.802547
4511.0,0.5,90.0,2.0,100.0,15.965517
4512.0,1.0,90.0,2.0,100.0,18.532787
4513.0,2.0,90.0,2.0,100.0,24.382166
4514.0,3.0,90.0,2.0,100.0,16.827337
4515.0,5.0,90.0,2.0,100.0,19.688889
4516.0,10.0,90.0,2.0,100.0,21.715189
4517.0,20.0,90.0,2.0,100.0,39.744587
4518.0,40.0,90.0,2.0,100.0,49.71717
4519.0,49.0,90.0,2.0,100.0,84.29401
4520.0,0.0,90.0,2.0,100.0,29.289309
4521.0,0.5,90.0,2.0,100.0,21.03125
4522.0,1.0,90.0,2.0,100.0,26.678082
4523.0,2.0,90.0,2.0,100.0,20.976744
4524.0,3.0,90.0,2.0,100.0,28.537975
4525.0,5.0,90.0,2.0,100.0,16.025862
4526.0,10.0,90.0,2.0,100.0,19.637682
4527.0,20.0,90.0,2.0,100.0,38.186527
4528.0,40.0,90.0,2.0,100.0,54.315613
4529.0,49.0,90.0,2.0,100.0,74.45023
4530.0,0.0,90.0,2.0,100.0,28.707006
4531.0,0.5,90.0,2.0,100.0,24.528572
4532.0,1.0,90.0,2.0,100.0,29.770185
4533.0,2.0,90.0,2.0,100.0,15.336
4534.0,3.0,90.0,2.0,100.0,18.568966
4535.0,5.0,90.0,2.0,100.0,14.881889
4536.0,10.0,90.0,2.0,100.0,24.03125
4537.0,20.0,90.0,2.0,100.0,19.175676
4538.0,40.0,90.0,2.0,100.0,62.3794
4539.0,49.0,90.0,2.0,100.0,97.60971
4540.0,0.0,90.0,2.0,100.0,28.968355
4541.0,0.5,90.0,2.0,100.0,29.107595
4542.0,1.0,90.0,2.0,100.0,21.193798
4543.0,2.0,90.0,2.0,100.0,29.666666
4544.0,3.0,90.0,2.0,100.0,15.492308
4545.0,5.0,90.0,2.0,100.0,17.5
4546.0,10.0,90.0,2.0,100.0,18.918518
4547.0,20.0,90.0,2.0,100.0,32.901554
4548.0,40.0,90.0,2.0,100.0,58.813217
4549.0,49.0,90.0,2.0,100.0,79.58542
4550.0,0.0,90.0,2.0,100.0,28.713375
4551.0,0.5,90.0,2.0,100.0,24.284672
4552.0,1.0,90.0,2.0,100.0,15.252032
4553.0,2.0,90.0,2.0,100.0,30.79375
4554.0,3.0,90.0,2.0,100.0,19.836735
4555.0,5.0,90.0,2.0,100.0,21.304054
4556.0,10.0,90.0,2.0,100.0,15.296875
4557.0,20.0,90.0,2.0,100.0,30.928205
4558.0,40.0,90.0,2.0,100.0,60.654434
4559.0,49.0,90.0,2.0,100.0,92.3568
4560.0,0.0,90.0,2.0,100.0,30.627329
4561.0,0.5,90.0,2.0,100.0,15.656716
4562.0,1.0,90.0,2.0,100.0,15.85
4563.0,2.0,90.0,2.0,100.0,16.430656
4564.0,3.0,90.0,2.0,100.0,14.226891
4565.0,5.0,90.0,2.0,100.0,22.012196
4566.0,10.0,90.0,2.0,100.0,19.044117
4567.0,20.0,90.0,2.0,100.0,38.468468
4568.0,40.0,90.0,2.0,100.0,52.108696
4569.0,49.0,90.0,2.0,100.0,75.7981
4570.0,0.0,90.0,2.0,100.0,28.854431
4571.0,0.5,90.0,2.0,100.0,29.345911
4572.0,1.0,90.0,2.0,100.0,26.986013
4573.0,2.0,90.0,2.0,100.0,32.165646
4574.0,3.0,90.0,2.0,100.0,15.129771
4575.0,5.0,90.0,2.0,100.0,14.859375
4576.0,10.0,90.0,2.0,100.0,21.083916
4577.0,20.0,90.0,2.0,100.0,36.939533
4578.0,40.0,90.0,2.0,100.0,63.930668
4579.0,49.0,90.0,2.0,100.0,75.88641
4580.0,0.0,90.0,2.0,100.0,28.955696
4581.0,0.5,90.0,2.0,100.0,28.21656
4582.0,1.0,90.0,2.0,100.0,29.308176
4583.0,2.0,90.0,2.0,100.0,14.859375
4584.0,3.0,90.0,2.0,100.0,24.30147
4585.0,5.0,90.0,2.0,100.0,27.731544
4586.0,10.0,90.0,2.0,100.0,14.888
4587.0,20.0,90.0,2.0,100.0,26.24
4588.0,40.0,90.0,2.0,100.0,53.025974
4589.0,49.0,90.0,2.0,100.0,77.73707
4590.0,0.0,90.0,2.0,100.0,29.402515
4591.0,0.5,90.0,2.0,100.0,20.261906
4592.0,1.0,90.0,2.0,100.0,13.635593
4593.0,2.0,90.0,2.0,100.0,14.515873
4594.0,3.0,90.0,2.0,100.0,18.15625
4595.0,5.0,90.0,2.0,100.0,29.054054
4596.0,10.0,90.0,2.0,100.0,18.014925
4597.0,20.0,90.0,2.0,100.0,25.350878
4598.0,40.0,90.0,2.0,100.0,42.25292
4599.0,49.0,90.0,2.0,100.0,87.39937
4600.0,0.0,90.0,2.0,100.0,28.879747
4601.0,0.5,90.0,2.0,100.0,20.190475
4602.0,1.0,90.0,2.0,100.0,28.44586
4603.0,2.0,90.0,2.0,100.0,28.092857
4604.0,3.0,90.0,2.0,100.0,16.316547
4605.0,5.0,90.0,2.0,100.0,22.78882
4606.0,10.0,90.0,2.0,100.0,17.02985
4607.0,20.0,90.0,2.0,100.0,31.0
4608.0,40.0,90.0,2.0,100.0,57.65607
4609.0,49.0,90.0,2.0,100.0,95.09012
4610.0,0.0,90.0,2.0,100.0,39.408165
4611.0,0.5,90.0,2.0,100.0,17.21168
4612.0,1.0,90.0,2.0,100.0,29.018988
4613.0,2.0,90.0,2.0,100.0,29.925
4614.0,3.0,90.0,2.0,100.0,21.006536
4615.0,5.0,90.0,2.0,100.0,17.308271
4616.0,10.0,90.0,2.0,100.0,13.9920635
4617.0,20.0,90.0,2.0,100.0,21.842768
4618.0,40.0,90.0,2.0,100.0,49.0
4619.0,49.0,90.0,2.0,100.0,91.692764
4620.0,0.0,90.0,2.0,100.0,29.427673
4621.0,0.5,90.0,2.0,100.0,29.484276
4622.0,1.0,90.0,2.0,100.0,17.446154
4623.0,2.0,90.0,2.0,100.0,17.15748
4624.0,3.0,90.0,2.0,100.0,16.165354
4625.0,5.0,90.0,2.0,100.0,16.481752
4626.0,10.0,90.0,2.0,100.0,21.918367
4627.0,20.0,90.0,2.0,100.0,40.323402
4628.0,40.0,90.0,2.0,100.0,53.20069
4629.0,49.0,90.0,2.0,100.0,102.9918
4630.0,0.0,90.0,2.0,100.0,28.687899
4631.0,0.5,90.0,2.0,100.0,28.401274
4632.0,1.0,90.0,2.0,100.0,47.295567
4633.0,2.0,90.0,2.0,100.0,23.384
4634.0,3.0,90.0,2.0,100.0,18.696722
4635.0,5.0,90.0,2.0,100.0,16.813793
4636.0,10.0,90.0,2.0,100.0,14.795082
4637.0,20.0,90.0,2.0,100.0,49.291668
4638.0,40.0,90.0,2.0,100.0,55.866848
4639.0,49.0,90.0,2.0,100.0,76.96807
4640.0,0.0,90.0,2.0,100.0,28.79114
4641.0,0.5,90.0,2.0,100.0,21.538462
4642.0,1.0,90.0,2.0,100.0,18.42623
4643.0,2.0,90.0,2.0,100.0,29.89937
4644.0,3.0,90.0,2.0,100.0,26.080883
4645.0,5.0,90.0,2.0,100.0,17.248
4646.0,10.0,90.0,2.0,100.0,18.464
4647.0,20.0,90.0,2.0,100.0,36.741936
4648.0,40.0,90.0,2.0,100.0,52.43403
4649.0,49.0,90.0,2.0,100.0,87.07045
4650.0,0.0,90.0,2.0,100.0,28.841772
4651.0,0.5,90.0,2.0,100.0,23.037313
4652.0,1.0,90.0,2.0,100.0,16.294117
4653.0,2.0,90.0,2.0,100.0,26.641891
4654.0,3.0,90.0,2.0,100.0,18.207693
4655.0,5.0,90.0,2.0,100.0,19.64567
4656.0,10.0,90.0,2.0,100.0,15.377953
4657.0,20.0,90.0,2.0,100.0,23.68212
4658.0,40.0,90.0,2.0,100.0,67.18737
4659.0,49.0,90.0,2.0,100.0,67.804825
4660.0,0.0,90.0,2.0,100.0,29.503145
4661.0,0.5,90.0,2.0,100.0,27.31081
4662.0,1.0,90.0,2.0,100.0,22.410448
4663.0,2.0,90.0,2.0,100.0,15.601695
4664.0,3.0,90.0,2.0,100.0,22.77037
4665.0,5.0,90.0,2.0,100.0,14.95
4666.0,10.0,90.0,2.0,100.0,17.76389
4667.0,20.0,90.0,2.0,100.0,27.624277
4668.0,40.0,90.0,2.0,100.0,48.80755
4669.0,49.0,90.0,2.0,100.0,88.51264
4670.0,0.0,90.0,2.0,100.0,29.8
4671.0,0.5,90.0,2.0,100.0,29.157232
4672.0,1.0,90.0,2.0,100.0,22.313433
4673.0,2.0,90.0,2.0,100.0,15.711111
4674.0,3.0,90.0,2.0,100.0,33.29032
4675.0,5.0,90.0,2.0,100.0,18.846153
4676.0,10.0,90.0,2.0,100.0,25.788572
4677.0,20.0,90.0,2.0,100.0,34.157143
4678.0,40.0,90.0,2.0,100.0,62.98361
4679.0,49.0,90.0,2.0,100.0,103.06457
4680.0,0.0,90.0,2.0,100.0,29.5
4681.0,0.5,90.0,2.0,100.0,13.596491
4682.0,1.0,90.0,2.0,100.0,15.220339
4683.0,2.0,90.0,2.0,100.0,30.43038
4684.0,3.0,90.0,2.0,100.0,18.104477
4685.0,5.0,90.0,2.0,100.0,21.607693
4686.0,10.0,90.0,2.0,100.0,17.902985
4687.0,20.0,90.0,2.0,100.0,19.854305
4688.0,40.0,90.0,2.0,100.0,57.643505
4689.0,49.0,90.0,2.0,100.0,82.09164
4690.0,0.0,90.0,2.0,100.0,28.573248
4691.0,0.5,90.0,2.0,100.0,31.656443
4692.0,1.0,90.0,2.0,100.0,23.922535
4693.0,2.0,90.0,2.0,100.0,21.402878
4694.0,3.0,90.0,2.0,100.0,14.089552
4695.0,5.0,90.0,2.0,100.0,16.969465
4696.0,10.0,90.0,2.0,100.0,22.496552
4697.0,20.0,90.0,2.0,100.0,30.646408
4698.0,40.0,90.0,2.0,100.0,59.934673
4699.0,49.0,90.0,2.0,100.0,119.967896
4700.0,0.0,90.0,2.0,100.0,29.798742
4701.0,0.5,90.0,2.0,100.0,14.869231
4702.0,1.0,90.0,2.0,100.0,30.95679
4703.0,2.0,90.0,2.0,100.0,17.510792
4704.0,3.0,90.0,2.0,100.0,23.335365
4705.0,5.0,90.0,2.0,100.0,31.834436
4706.0,10.0,90.0,2.0,100.0,16.526316
4707.0,20.0,90.0,2.0,100.0,21.151316
4708.0,40.0,90.0,2.0,100.0,69.7359
4709.0,49.0,90.0,2.0,100.0,114.73776
4710.0,0.0,90.0,2.0,100.0,33.072624
4711.0,0.5,90.0,2.0,100.0,28.784811
4712.0,1.0,90.0,2.0,100.0,42.87192
4713.0,2.0,90.0,2.0,100.0,25.730497
4714.0,3.0,90.0,2.0,100.0,19.555555
4715.0,5.0,90.0,2.0,100.0,25.786764
4716.0,10.0,90.0,2.0,100.0,15.773723
4717.0,20.0,90.0,2.0,100.0,23.02381
4718.0,40.0,90.0,2.0,100.0,70.80109
4719.0,49.0,90.0,2.0,100.0,74.508194
4720.0,0.0,90.0,2.0,100.0,28.089743
4721.0,0.5,90.0,2.0,100.0,29.797468
4722.0,1.0,90.0,2.0,100.0,18.674603
4723.0,2.0,90.0,2.0,100.0,14.8125
4724.0,3.0,90.0,2.0,100.0,22.108696
4725.0,5.0,90.0,2.0,100.0,21.93125
4726.0,10.0,90.0,2.0,100.0,22.48936
4727.0,20.0,90.0,2.0,100.0,40.670498
4728.0,40.0,90.0,2.0,100.0,65.89978
4729.0,49.0,90.0,2.0,100.0,84.93322
4730.0,0.0,90.0,2.0,100.0,41.392265
4731.0,0.5,90.0,2.0,100.0,28.391026
4732.0,1.0,90.0,2.0,100.0,26.81208
4733.0,2.0,90.0,2.0,100.0,16.959349
4734.0,3.0,90.0,2.0,100.0,19.950413
4735.0,5.0,90.0,2.0,100.0,20.890625
4736.0,10.0,90.0,2.0,100.0,20.18493
4737.0,20.0,90.0,2.0,100.0,31.01087
4738.0,40.0,90.0,2.0,100.0,69.109795
4739.0,49.0,90.0,2.0,100.0,75.10462
4740.0,0.0,90.0,2.0,100.0,29.55346
4741.0,0.5,90.0,2.0,100.0,31.30247
4742.0,1.0,90.0,2.0,100.0,13.957627
4743.0,2.0,90.0,2.0,100.0,20.75
4744.0,3.0,90.0,2.0,100.0,17.663794
4745.0,5.0,90.0,2.0,100.0,14.160305
4746.0,10.0,90.0,2.0,100.0,18.794327
4747.0,20.0,90.0,2.0,100.0,23.714285
4748.0,40.0,90.0,2.0,100.0,53.787163
4749.0,49.0,90.0,2.0,100.0,67.818695
4750.0,0.0,90.0,2.0,100.0,29.632912
4751.0,0.5,90.0,2.0,100.0,29.88125
4752.0,1.0,90.0,2.0,100.0,30.090279
4753.0,2.0,90.0,2.0,100.0,30.325
4754.0,3.0,90.0,2.0,100.0,15.280992
4755.0,5.0,90.0,2.0,100.0,17.671755
4756.0,10.0,90.0,2.0,100.0,25.128834
4757.0,20.0,90.0,2.0,100.0,23.197369
4758.0,40.0,90.0,2.0,100.0,54.45378
4759.0,49.0,90.0,2.0,100.0,92.79973
4760.0,0.0,90.0,2.0,100.0,29.245283
4761.0,0.5,90.0,2.0,100.0,25.115108
4762.0,1.0,90.0,2.0,100.0,28.617834
4763.0,2.0,90.0,2.0,100.0,24.597122
4764.0,3.0,90.0,2.0,100.0,23.426573
4765.0,5.0,90.0,2.0,100.0,30.534483
4766.0,10.0,90.0,2.0,100.0,18.092857
4767.0,20.0,90.0,2.0,100.0,23.733334
4768.0,40.0,90.0,2.0,100.0,53.046574
4769.0,49.0,90.0,2.0,100.0,95.94145
4770.0,0.0,90.0,2.0,100.0,30.1
4771.0,0.5,90.0,2.0,100.0,16.84874
4772.0,1.0,90.0,2.0,100.0,35.717514
4773.0,2.0,90.0,2.0,100.0,17.563025
4774.0,3.0,90.0,2.0,100.0,16.307692
4775.0,5.0,90.0,2.0,100.0,28.180555
4776.0,10.0,90.0,2.0,100.0,17.007353
4777.0,20.0,90.0,2.0,100.0,25.76923
4778.0,40.0,90.0,2.0,100.0,55.554123
4779.0,49.0,90.0,2.0,100.0,78.70722
4780.0,0.0,90.0,2.0,100.0,28.573248
4781.0,0.5,90.0,2.0,100.0,27.620914
4782.0,1.0,90.0,2.0,100.0,30.025
4783.0,2.0,90.0,2.0,100.0,16.120968
4784.0,3.0,90.0,2.0,100.0,19.504131
4785.0,5.0,90.0,2.0,100.0,19.829268
4786.0,10.0,90.0,2.0,100.0,22.442858
4787.0,20.0,90.0,2.0,100.0,24.192308
4788.0,40.0,90.0,2.0,100.0,80.42643
4789.0,49.0,90.0,2.0,100.0,69.79126
4790.0,0.0,90.0,2.0,100.0,29.779875
4791.0,0.5,90.0,2.0,100.0,29.775
4792.0,1.0,90.0,2.0,100.0,18.42623
4793.0,2.0,90.0,2.0,100.0,16.57377
4794.0,3.0,90.0,2.0,100.0,17.07377
4795.0,5.0,90.0,2.0,100.0,13.708333
4796.0,10.0,90.0,2.0,100.0,19.19863
4797.0,20.0,90.0,2.0,100.0,23.202532
4798.0,40.0,90.0,2.0,100.0,70.340706
4799.0,49.0,90.0,2.0,100.0,117.36477
4800.0,0.0,90.0,2.0,100.0,29.880503
4801.0,0.5,90.0,2.0,100.0,17.186441
4802.0,1.0,90.0,2.0,100.0,17.043797
4803.0,2.0,90.0,2.0,100.0,12.416667
4804.0,3.0,90.0,2.0,100.0,13.754098
4805.0,5.0,90.0,2.0,100.0,17.390625
4806.0,10.0,90.0,2.0,100.0,19.731884
4807.0,20.0,90.0,2.0,100.0,51.36434
4808.0,40.0,90.0,2.0,100.0,46.85214
4809.0,49.0,90.0,2.0,100.0,77.343285
4810.0,0.0,90.0,2.0,100.0,28.509554
4811.0,0.5,90.0,2.0,100.0,25.636364
4812.0,1.0,90.0,2.0,100.0,30.88889
4813.0,2.0,90.0,2.0,100.0,27.22449
4814.0,3.0,90.0,2.0,100.0,19.516394
4815.0,5.0,90.0,2.0,100.0,17.013699
4816.0,10.0,90.0,2.0,100.0,18.953333
4817.0,20.0,90.0,2.0,100.0,45.235043
4818.0,40.0,90.0,2.0,100.0,60.681347
4819.0,49.0,90.0,2.0,100.0,71.34519
4820.0,0.0,90.0,2.0,100.0,27.903225
4821.0,0.5,90.0,2.0,100.0,31.105556
4822.0,1.0,90.0,2.0,100.0,24.268116
4823.0,2.0,90.0,2.0,100.0,13.745902
4824.0,3.0,90.0,2.0,100.0,50.019703
4825.0,5.0,90.0,2.0,100.0,15.100775
4826.0,10.0,90.0,2.0,100.0,20.02027
4827.0,20.0,90.0,2.0,100.0,24.784431
4828.0,40.0,90.0,2.0,100.0,59.7781
4829.0,49.0,90.0,2.0,100.0,85.2291
4830.0,0.0,90.0,2.0,100.0,29.018988
4831.0,0.5,90.0,2.0,100.0,29.84375
4832.0,1.0,90.0,2.0,100.0,24.539007
4833.0,2.0,90.0,2.0,100.0,16.142857
4834.0,3.0,90.0,2.0,100.0,18.034966
4835.0,5.0,90.0,2.0,100.0,20.5125
4836.0,10.0,90.0,2.0,100.0,30.055277
4837.0,20.0,90.0,2.0,100.0,31.329609
4838.0,40.0,90.0,2.0,100.0,62.158054
4839.0,49.0,90.0,2.0,100.0,72.92922
4840.0,0.0,90.0,2.0,100.0,28.509554
4841.0,0.5,90.0,2.0,100.0,29.704403
4842.0,1.0,90.0,2.0,100.0,24.62857
4843.0,2.0,90.0,2.0,100.0,27.48
4844.0,3.0,90.0,2.0,100.0,25.557142
4845.0,5.0,90.0,2.0,100.0,18.875
4846.0,10.0,90.0,2.0,100.0,21.535948
4847.0,20.0,90.0,2.0,100.0,35.626167
4848.0,40.0,90.0,2.0,100.0,49.47826
4849.0,49.0,90.0,2.0,100.0,86.919945
4850.0,0.0,90.0,2.0,100.0,29.251572
4851.0,0.5,90.0,2.0,100.0,29.616352
4852.0,1.0,90.0,2.0,100.0,22.762962
4853.0,2.0,90.0,2.0,100.0,16.389313
4854.0,3.0,90.0,2.0,100.0,16.595238
4855.0,5.0,90.0,2.0,100.0,23.311377
4856.0,10.0,90.0,2.0,100.0,16.633587
4857.0,20.0,90.0,2.0,100.0,47.541832
4858.0,40.0,90.0,2.0,100.0,86.78536
4859.0,49.0,90.0,2.0,100.0,98.01927
4860.0,0.0,90.0,2.0,100.0,29.7375
4861.0,0.5,90.0,2.0,100.0,15.152672
4862.0,1.0,90.0,2.0,100.0,19.302158
4863.0,2.0,90.0,2.0,100.0,16.131783
4864.0,3.0,90.0,2.0,100.0,23.445255
4865.0,5.0,90.0,2.0,100.0,24.184397
4866.0,10.0,90.0,2.0,100.0,19.294964
4867.0,20.0,90.0,2.0,100.0,21.432926
4868.0,40.0,90.0,2.0,100.0,59.893173
4869.0,49.0,90.0,2.0,100.0,96.95981
4870.0,0.0,90.0,2.0,100.0,49.334927
4871.0,0.5,90.0,2.0,100.0,29.35849
4872.0,1.0,90.0,2.0,100.0,15.432836
4873.0,2.0,90.0,2.0,100.0,21.484127
4874.0,3.0,90.0,2.0,100.0,18.72
4875.0,5.0,90.0,2.0,100.0,15.615385
4876.0,10.0,90.0,2.0,100.0,18.549618
4877.0,20.0,90.0,2.0,100.0,27.70349
4878.0,40.0,90.0,2.0,100.0,62.58651
4879.0,49.0,90.0,2.0,100.0,114.74492
4880.0,0.0,90.0,2.0,100.0,28.535032
4881.0,0.5,90.0,2.0,100.0,37.502674
4882.0,1.0,90.0,2.0,100.0,30.3375
4883.0,2.0,90.0,2.0,100.0,21.015625
4884.0,3.0,90.0,2.0,100.0,15.345864
4885.0,5.0,90.0,2.0,100.0,17.528925
4886.0,10.0,90.0,2.0,100.0,16.861538
4887.0,20.0,90.0,2.0,100.0,30.1066
4888.0,40.0,90.0,2.0,100.0,62.34066
4889.0,49.0,90.0,2.0,100.0,70.613335
4890.0,0.0,90.0,2.0,100.0,37.993828
4891.0,0.5,90.0,2.0,100.0,28.152317
4892.0,1.0,90.0,2.0,100.0,28.98734
4893.0,2.0,90.0,2.0,100.0,14.140625
4894.0,3.0,90.0,2.0,100.0,13.92126
4895.0,5.0,90.0,2.0,100.0,15.1
4896.0,10.0,90.0,2.0,100.0,26.7929
4897.0,20.0,90.0,2.0,100.0,35.197918
4898.0,40.0,90.0,2.0,100.0,50.59736
4899.0,49.0,90.0,2.0,100.0,91.565056
4900.0,0.0,90.0,2.0,100.0,27.865385
4901.0,0.5,90.0,2.0,100.0,20.11811
4902.0,1.0,90.0,2.0,100.0,21.341085
4903.0,2.0,90.0,2.0,100.0,15.045455
4904.0,3.0,90.0,2.0,100.0,15.0546875
4905.0,5.0,90.0,2.0,100.0,19.881119
4906.0,10.0,90.0,2.0,100.0,20.051094
4907.0,20.0,90.0,2.0,100.0,25.900553
4908.0,40.0,90.0,2.0,100.0,76.038124
4909.0,49.0,90.0,2.0,100.0,103.67971
4910.0,0.0,90.0,2.0,100.0,29.371069
4911.0,0.5,90.0,2.0,100.0,28.626583
4912.0,1.0,90.0,2.0,100.0,25.035212
4913.0,2.0,90.0,2.0,100.0,30.962732
4914.0,3.0,90.0,2.0,100.0,18.769737
4915.0,5.0,90.0,2.0,100.0,17.882812
4916.0,10.0,90.0,2.0,100.0,27.954023
4917.0,20.0,90.0,2.0,100.0,22.012346
4918.0,40.0,90.0,2.0,100.0,58.34138
4919.0,49.0,90.0,2.0,100.0,58.621304
4920.0,0.0,90.0,2.0,100.0,29.44654
4921.0,0.5,90.0,2.0,100.0,26.887323
4922.0,1.0,90.0,2.0,100.0,17.478992
4923.0,2.0,90.0,2.0,100.0,20.59375
4924.0,3.0,90.0,2.0,100.0,12.495868
4925.0,5.0,90.0,2.0,100.0,21.208054
4926.0,10.0,90.0,2.0,100.0,22.933823
4927.0,20.0,90.0,2.0,100.0,43.672897
4928.0,40.0,90.0,2.0,100.0,41.861702
4929.0,49.0,90.0,2.0,100.0,86.71935
4930.0,0.0,90.0,2.0,100.0,29.8625
4931.0,0.5,90.0,2.0,100.0,29.220125
4932.0,1.0,90.0,2.0,100.0,24.014706
4933.0,2.0,90.0,2.0,100.0,25.772413
4934.0,3.0,90.0,2.0,100.0,17.854961
4935.0,5.0,90.0,2.0,100.0,17.851562
4936.0,10.0,90.0,2.0,100.0,17.176
4937.0,20.0,90.0,2.0,100.0,24.428572
4938.0,40.0,90.0,2.0,100.0,46.273685
4939.0,49.0,90.0,2.0,100.0,93.50084
4940.0,0.0,90.0,2.0,100.0,28.388535
4941.0,0.5,90.0,2.0,100.0,28.522293
4942.0,1.0,90.0,2.0,100.0,24.314285
4943.0,2.0,90.0,2.0,100.0,19.768
4944.0,3.0,90.0,2.0,100.0,20.074074
4945.0,5.0,90.0,2.0,100.0,24.566265
4946.0,10.0,90.0,2.0,100.0,18.658915
4947.0,20.0,90.0,2.0,100.0,27.766083
4948.0,40.0,90.0,2.0,100.0,56.71875
4949.0,49.0,90.0,2.0,100.0,112.75765
4950.0,0.0,90.0,2.0,100.0,28.392405
4951.0,0.5,90.0,2.0,100.0,29.861635
4952.0,1.0,90.0,2.0,100.0,13.512
4953.0,2.0,90.0,2.0,100.0,16.362318
4954.0,3.0,90.0,2.0,100.0,21.164062
4955.0,5.0,90.0,2.0,100.0,42.551914
4956.0,10.0,90.0,2.0,100.0,21.18792
4957.0,20.0,90.0,2.0,100.0,29.765364
4958.0,40.0,90.0,2.0,100.0,60.12467
4959.0,49.0,90.0,2.0,100.0,92.0984
4960.0,0.0,90.0,2.0,100.0,29.389936
4961.0,0.5,90.0,2.0,100.0,29.120253
4962.0,1.0,90.0,2.0,100.0,29.490566
4963.0,2.0,90.0,2.0,100.0,16.781021
4964.0,3.0,90.0,2.0,100.0,18.256199
4965.0,5.0,90.0,2.0,100.0,17.236841
4966.0,10.0,90.0,2.0,100.0,15.356589
4967.0,20.0,90.0,2.0,100.0,24.915789
4968.0,40.0,90.0,2.0,100.0,47.995834
4969.0,49.0,90.0,2.0,100.0,85.925
4970.0,0.0,90.0,2.0,100.0,30.0
4971.0,0.5,90.0,2.0,100.0,28.401274
4972.0,1.0,90.0,2.0,100.0,14.384615
4973.0,2.0,90.0,2.0,100.0,15.217054
4974.0,3.0,90.0,2.0,100.0,13.188524
4975.0,5.0,90.0,2.0,100.0,25.620438
4976.0,10.0,90.0,2.0,100.0,16.862595
4977.0,20.0,90.0,2.0,100.0,34.657894
4978.0,40.0,90.0,2.0,100.0,33.701572
4979.0,49.0,90.0,2.0,100.0,77.592674
4980.0,0.0,90.0,2.0,100.0,30.1125
4981.0,0.5,90.0,2.0,100.0,28.854431
4982.0,1.0,90.0,2.0,100.0,22.398438
4983.0,2.0,90.0,2.0,100.0,31.453987
4984.0,3.0,90.0,2.0,100.0,29.923077
4985.0,5.0,90.0,2.0,100.0,21.108109
4986.0,10.0,90.0,2.0,100.0,19.92647
4987.0,20.0,90.0,2.0,100.0,22.910715
4988.0,40.0,90.0,2.0,100.0,90.68632
4989.0,49.0,90.0,2.0,100.0,79.96429
4990.0,0.0,90.0,2.0,100.0,29.333334
4991.0,0.5,90.0,2.0,100.0,25.83916
4992.0,1.0,90.0,2.0,100.0,29.528662
4993.0,2.0,90.0,2.0,100.0,15.491803
4994.0,3.0,90.0,2.0,100.0,18.64516
4995.0,5.0,90.0,2.0,100.0,16.156717
4996.0,10.0,90.0,2.0,100.0,16.984497
4997.0,20.0,90.0,2.0,100.0,19.707792
4998.0,40.0,90.0,2.0,100.0,60.38838
4999.0,49.0,90.0,2.0,100.0,81.30769
