Factor 1,Factor 2,Factor 3,Factor 4,Factor 5,Result 1
0.0,0.0,20.0,2.0,25.0,258.0
1.0,0.5,20.0,2.0,25.0,257.0
2.0,1.0,20.0,2.0,25.0,166.0
3.0,2.0,20.0,2.0,25.0,261.0
4.0,3.0,20.0,2.0,25.0,233.0
5.0,5.0,20.0,2.0,25.0,121.0
6.0,10.0,20.0,2.0,25.0,221.0
7.0,20.0,20.0,2.0,25.0,183.0
8.0,40.0,20.0,2.0,25.0,1990.0
9.0,0.0,20.0,2.0,25.0,259.0
10.0,0.5,20.0,2.0,25.0,257.0
11.0,1.0,20.0,2.0,25.0,241.0
12.0,2.0,20.0,2.0,25.0,145.0
13.0,3.0,20.0,2.0,25.0,255.0
14.0,5.0,20.0,2.0,25.0,254.0
15.0,10.0,20.0,2.0,25.0,317.0
16.0,20.0,20.0,2.0,25.0,345.0
17.0,40.0,20.0,2.0,25.0,2543.0
18.0,0.0,20.0,2.0,25.0,252.0
19.0,0.5,20.0,2.0,25.0,271.0
20.0,1.0,20.0,2.0,25.0,289.0
21.0,2.0,20.0,2.0,25.0,256.0
22.0,3.0,20.0,2.0,25.0,237.0
23.0,5.0,20.0,2.0,25.0,257.0
24.0,10.0,20.0,2.0,25.0,250.0
25.0,20.0,20.0,2.0,25.0,458.0
26.0,40.0,20.0,2.0,25.0,477.0
27.0,0.0,20.0,2.0,25.0,256.0
28.0,0.5,20.0,2.0,25.0,115.0
29.0,1.0,20.0,2.0,25.0,259.0
30.0,2.0,20.0,2.0,25.0,207.0
31.0,3.0,20.0,2.0,25.0,136.0
32.0,5.0,20.0,2.0,25.0,241.0
33.0,10.0,20.0,2.0,25.0,261.0
34.0,20.0,20.0,2.0,25.0,269.0
35.0,40.0,20.0,2.0,25.0,602.0
36.0,0.0,20.0,2.0,25.0,247.0
37.0,0.5,20.0,2.0,25.0,228.0
38.0,1.0,20.0,2.0,25.0,252.0
39.0,2.0,20.0,2.0,25.0,255.0
40.0,3.0,20.0,2.0,25.0,277.0
41.0,5.0,20.0,2.0,25.0,125.0
42.0,10.0,20.0,2.0,25.0,165.0
43.0,20.0,20.0,2.0,25.0,168.0
44.0,40.0,20.0,2.0,25.0,560.0
45.0,0.0,20.0,2.0,25.0,255.0
46.0,0.5,20.0,2.0,25.0,228.0
47.0,1.0,20.0,2.0,25.0,249.0
48.0,2.0,20.0,2.0,25.0,249.0
49.0,3.0,20.0,2.0,25.0,258.0
50.0,5.0,20.0,2.0,25.0,318.0
51.0,10.0,20.0,2.0,25.0,192.0
52.0,20.0,20.0,2.0,25.0,429.0
53.0,40.0,20.0,2.0,25.0,1627.0
54.0,0.0,20.0,2.0,25.0,254.0
55.0,0.5,20.0,2.0,25.0,272.0
56.0,1.0,20.0,2.0,25.0,178.0
57.0,2.0,20.0,2.0,25.0,146.0
58.0,3.0,20.0,2.0,25.0,282.0
59.0,5.0,20.0,2.0,25.0,207.0
60.0,10.0,20.0,2.0,25.0,311.0
61.0,20.0,20.0,2.0,25.0,225.0
62.0,40.0,20.0,2.0,25.0,671.0
63.0,0.0,20.0,2.0,25.0,244.0
64.0,0.5,20.0,2.0,25.0,273.0
65.0,1.0,20.0,2.0,25.0,273.0
66.0,2.0,20.0,2.0,25.0,269.0
67.0,3.0,20.0,2.0,25.0,160.0
68.0,5.0,20.0,2.0,25.0,134.0
69.0,10.0,20.0,2.0,25.0,187.0
70.0,20.0,20.0,2.0,25.0,254.0
71.0,40.0,20.0,2.0,25.0,1850.0
72.0,0.0,20.0,2.0,25.0,255.0
73.0,0.5,20.0,2.0,25.0,257.0
74.0,1.0,20.0,2.0,25.0,247.0
75.0,2.0,20.0,2.0,25.0,127.0
76.0,3.0,20.0,2.0,25.0,273.0
77.0,5.0,20.0,2.0,25.0,205.0
78.0,10.0,20.0,2.0,25.0,243.0
79.0,20.0,20.0,2.0,25.0,263.0
80.0,40.0,20.0,2.0,25.0,600.0
81.0,0.0,20.0,2.0,25.0,255.0
82.0,0.5,20.0,2.0,25.0,257.0
83.0,1.0,20.0,2.0,25.0,258.0
84.0,2.0,20.0,2.0,25.0,269.0
85.0,3.0,20.0,2.0,25.0,275.0
86.0,5.0,20.0,2.0,25.0,341.0
87.0,10.0,20.0,2.0,25.0,139.0
88.0,20.0,20.0,2.0,25.0,204.0
89.0,40.0,20.0,2.0,25.0,1427.0
90.0,0.0,20.0,2.0,25.0,255.0
91.0,0.5,20.0,2.0,25.0,283.0
92.0,1.0,20.0,2.0,25.0,249.0
93.0,2.0,20.0,2.0,25.0,272.0
94.0,3.0,20.0,2.0,25.0,184.0
95.0,5.0,20.0,2.0,25.0,154.0
96.0,10.0,20.0,2.0,25.0,188.0
97.0,20.0,20.0,2.0,25.0,207.0
98.0,40.0,20.0,2.0,25.0,1036.0
99.0,0.0,20.0,2.0,25.0,253.0
100.0,0.5,20.0,2.0,25.0,253.0
101.0,1.0,20.0,2.0,25.0,245.0
102.0,2.0,20.0,2.0,25.0,252.0
103.0,3.0,20.0,2.0,25.0,248.0
104.0,5.0,20.0,2.0,25.0,227.0
105.0,10.0,20.0,2.0,25.0,269.0
106.0,20.0,20.0,2.0,25.0,395.0
107.0,40.0,20.0,2.0,25.0,1493.0
108.0,0.0,20.0,2.0,25.0,234.0
109.0,0.5,20.0,2.0,25.0,273.0
110.0,1.0,20.0,2.0,25.0,268.0
111.0,2.0,20.0,2.0,25.0,254.0
112.0,3.0,20.0,2.0,25.0,277.0
113.0,5.0,20.0,2.0,25.0,405.0
114.0,10.0,20.0,2.0,25.0,407.0
115.0,20.0,20.0,2.0,25.0,391.0
116.0,40.0,20.0,2.0,25.0,710.0
117.0,0.0,20.0,2.0,25.0,249.0
118.0,0.5,20.0,2.0,25.0,256.0
119.0,1.0,20.0,2.0,25.0,254.0
120.0,2.0,20.0,2.0,25.0,236.0
121.0,3.0,20.0,2.0,25.0,254.0
122.0,5.0,20.0,2.0,25.0,121.0
123.0,10.0,20.0,2.0,25.0,243.0
124.0,20.0,20.0,2.0,25.0,285.0
125.0,40.0,20.0,2.0,25.0,1340.0
126.0,0.0,20.0,2.0,25.0,228.0
127.0,0.5,20.0,2.0,25.0,230.0
128.0,1.0,20.0,2.0,25.0,250.0
129.0,2.0,20.0,2.0,25.0,252.0
130.0,3.0,20.0,2.0,25.0,273.0
131.0,5.0,20.0,2.0,25.0,137.0
132.0,10.0,20.0,2.0,25.0,143.0
133.0,20.0,20.0,2.0,25.0,217.0
134.0,40.0,20.0,2.0,25.0,3223.0
135.0,0.0,20.0,2.0,25.0,272.0
136.0,0.5,20.0,2.0,25.0,255.0
137.0,1.0,20.0,2.0,25.0,256.0
138.0,2.0,20.0,2.0,25.0,252.0
139.0,3.0,20.0,2.0,25.0,247.0
140.0,5.0,20.0,2.0,25.0,617.0
141.0,10.0,20.0,2.0,25.0,181.0
142.0,20.0,20.0,2.0,25.0,191.0
143.0,40.0,20.0,2.0,25.0,618.0
144.0,0.0,20.0,2.0,25.0,269.0
145.0,0.5,20.0,2.0,25.0,231.0
146.0,1.0,20.0,2.0,25.0,254.0
147.0,2.0,20.0,2.0,25.0,249.0
148.0,3.0,20.0,2.0,25.0,310.0
149.0,5.0,20.0,2.0,25.0,147.0
150.0,10.0,20.0,2.0,25.0,178.0
151.0,20.0,20.0,2.0,25.0,266.0
152.0,40.0,20.0,2.0,25.0,1006.0
153.0,0.0,20.0,2.0,25.0,253.0
154.0,0.5,20.0,2.0,25.0,250.0
155.0,1.0,20.0,2.0,25.0,257.0
156.0,2.0,20.0,2.0,25.0,286.0
157.0,3.0,20.0,2.0,25.0,256.0
158.0,5.0,20.0,2.0,25.0,215.0
159.0,10.0,20.0,2.0,25.0,137.0
160.0,20.0,20.0,2.0,25.0,363.0
161.0,40.0,20.0,2.0,25.0,1487.0
162.0,0.0,20.0,2.0,25.0,255.0
163.0,0.5,20.0,2.0,25.0,273.0
164.0,1.0,20.0,2.0,25.0,251.0
165.0,2.0,20.0,2.0,25.0,273.0
166.0,3.0,20.0,2.0,25.0,146.0
167.0,5.0,20.0,2.0,25.0,132.0
168.0,10.0,20.0,2.0,25.0,501.0
169.0,20.0,20.0,2.0,25.0,285.0
170.0,40.0,20.0,2.0,25.0,457.0
171.0,0.0,20.0,2.0,25.0,269.0
172.0,0.5,20.0,2.0,25.0,225.0
173.0,1.0,20.0,2.0,25.0,268.0
174.0,2.0,20.0,2.0,25.0,285.0
175.0,3.0,20.0,2.0,25.0,110.0
176.0,5.0,20.0,2.0,25.0,122.0
177.0,10.0,20.0,2.0,25.0,180.0
178.0,20.0,20.0,2.0,25.0,138.0
179.0,40.0,20.0,2.0,25.0,1871.0
180.0,0.0,20.0,2.0,25.0,258.0
181.0,0.5,20.0,2.0,25.0,249.0
182.0,1.0,20.0,2.0,25.0,232.0
183.0,2.0,20.0,2.0,25.0,259.0
184.0,3.0,20.0,2.0,25.0,266.0
185.0,5.0,20.0,2.0,25.0,139.0
186.0,10.0,20.0,2.0,25.0,169.0
187.0,20.0,20.0,2.0,25.0,170.0
188.0,40.0,20.0,2.0,25.0,727.0
189.0,0.0,20.0,2.0,25.0,235.0
190.0,0.5,20.0,2.0,25.0,230.0
191.0,1.0,20.0,2.0,25.0,219.0
192.0,2.0,20.0,2.0,25.0,284.0
193.0,3.0,20.0,2.0,25.0,249.0
194.0,5.0,20.0,2.0,25.0,124.0
195.0,10.0,20.0,2.0,25.0,482.0
196.0,20.0,20.0,2.0,25.0,286.0
197.0,40.0,20.0,2.0,25.0,491.0
198.0,0.0,20.0,2.0,25.0,277.0
199.0,0.5,20.0,2.0,25.0,228.0
200.0,1.0,20.0,2.0,25.0,251.0
201.0,2.0,20.0,2.0,25.0,181.0
202.0,3.0,20.0,2.0,25.0,138.0
203.0,5.0,20.0,2.0,25.0,167.0
204.0,10.0,20.0,2.0,25.0,187.0
205.0,20.0,20.0,2.0,25.0,164.0
206.0,40.0,20.0,2.0,25.0,1619.0
207.0,0.0,20.0,2.0,25.0,272.0
208.0,0.5,20.0,2.0,25.0,278.0
209.0,1.0,20.0,2.0,25.0,253.0
210.0,2.0,20.0,2.0,25.0,299.0
211.0,3.0,20.0,2.0,25.0,248.0
212.0,5.0,20.0,2.0,25.0,632.0
213.0,10.0,20.0,2.0,25.0,576.0
214.0,20.0,20.0,2.0,25.0,139.0
215.0,40.0,20.0,2.0,25.0,1030.0
216.0,0.0,20.0,2.0,25.0,257.0
217.0,0.5,20.0,2.0,25.0,249.0
218.0,1.0,20.0,2.0,25.0,244.0
219.0,2.0,20.0,2.0,25.0,125.0
220.0,3.0,20.0,2.0,25.0,245.0
221.0,5.0,20.0,2.0,25.0,136.0
222.0,10.0,20.0,2.0,25.0,142.0
223.0,20.0,20.0,2.0,25.0,955.0
224.0,40.0,20.0,2.0,25.0,821.0
225.0,0.0,20.0,2.0,25.0,229.0
226.0,0.5,20.0,2.0,25.0,256.0
227.0,1.0,20.0,2.0,25.0,251.0
228.0,2.0,20.0,2.0,25.0,307.0
229.0,3.0,20.0,2.0,25.0,201.0
230.0,5.0,20.0,2.0,25.0,568.0
231.0,10.0,20.0,2.0,25.0,202.0
232.0,20.0,20.0,2.0,25.0,128.0
233.0,40.0,20.0,2.0,25.0,774.0
234.0,0.0,20.0,2.0,25.0,251.0
235.0,0.5,20.0,2.0,25.0,274.0
236.0,1.0,20.0,2.0,25.0,152.0
237.0,2.0,20.0,2.0,25.0,229.0
238.0,3.0,20.0,2.0,25.0,234.0
239.0,5.0,20.0,2.0,25.0,172.0
240.0,10.0,20.0,2.0,25.0,586.0
241.0,20.0,20.0,2.0,25.0,268.0
242.0,40.0,20.0,2.0,25.0,843.0
243.0,0.0,20.0,2.0,25.0,272.0
244.0,0.5,20.0,2.0,25.0,253.0
245.0,1.0,20.0,2.0,25.0,157.0
246.0,2.0,20.0,2.0,25.0,202.0
247.0,3.0,20.0,2.0,25.0,254.0
248.0,5.0,20.0,2.0,25.0,152.0
249.0,10.0,20.0,2.0,25.0,168.0
250.0,20.0,20.0,2.0,25.0,744.0
251.0,40.0,20.0,2.0,25.0,1077.0
252.0,0.0,20.0,2.0,25.0,233.0
253.0,0.5,20.0,2.0,25.0,277.0
254.0,1.0,20.0,2.0,25.0,233.0
255.0,2.0,20.0,2.0,25.0,244.0
256.0,3.0,20.0,2.0,25.0,326.0
257.0,5.0,20.0,2.0,25.0,120.0
258.0,10.0,20.0,2.0,25.0,225.0
259.0,20.0,20.0,2.0,25.0,377.0
260.0,40.0,20.0,2.0,25.0,575.0
261.0,0.0,20.0,2.0,25.0,276.0
262.0,0.5,20.0,2.0,25.0,176.0
263.0,1.0,20.0,2.0,25.0,252.0
264.0,2.0,20.0,2.0,25.0,137.0
265.0,3.0,20.0,2.0,25.0,271.0
266.0,5.0,20.0,2.0,25.0,274.0
267.0,10.0,20.0,2.0,25.0,190.0
268.0,20.0,20.0,2.0,25.0,215.0
269.0,40.0,20.0,2.0,25.0,399.0
270.0,0.0,20.0,2.0,25.0,253.0
271.0,0.5,20.0,2.0,25.0,248.0
272.0,1.0,20.0,2.0,25.0,257.0
273.0,2.0,20.0,2.0,25.0,179.0
274.0,3.0,20.0,2.0,25.0,248.0
275.0,5.0,20.0,2.0,25.0,229.0
276.0,10.0,20.0,2.0,25.0,204.0
277.0,20.0,20.0,2.0,25.0,192.0
278.0,40.0,20.0,2.0,25.0,320.0
279.0,0.0,20.0,2.0,25.0,251.0
280.0,0.5,20.0,2.0,25.0,228.0
281.0,1.0,20.0,2.0,25.0,177.0
282.0,2.0,20.0,2.0,25.0,471.0
283.0,3.0,20.0,2.0,25.0,119.0
284.0,5.0,20.0,2.0,25.0,242.0
285.0,10.0,20.0,2.0,25.0,243.0
286.0,20.0,20.0,2.0,25.0,249.0
287.0,40.0,20.0,2.0,25.0,430.0
288.0,0.0,20.0,2.0,25.0,271.0
289.0,0.5,20.0,2.0,25.0,270.0
290.0,1.0,20.0,2.0,25.0,131.0
291.0,2.0,20.0,2.0,25.0,278.0
292.0,3.0,20.0,2.0,25.0,188.0
293.0,5.0,20.0,2.0,25.0,123.0
294.0,10.0,20.0,2.0,25.0,227.0
295.0,20.0,20.0,2.0,25.0,342.0
296.0,40.0,20.0,2.0,25.0,1236.0
297.0,0.0,20.0,2.0,25.0,273.0
298.0,0.5,20.0,2.0,25.0,242.0
299.0,1.0,20.0,2.0,25.0,247.0
300.0,2.0,20.0,2.0,25.0,302.0
301.0,3.0,20.0,2.0,25.0,235.0
302.0,5.0,20.0,2.0,25.0,164.0
303.0,10.0,20.0,2.0,25.0,313.0
304.0,20.0,20.0,2.0,25.0,332.0
305.0,40.0,20.0,2.0,25.0,1940.0
306.0,0.0,20.0,2.0,25.0,257.0
307.0,0.5,20.0,2.0,25.0,234.0
308.0,1.0,20.0,2.0,25.0,252.0
309.0,2.0,20.0,2.0,25.0,257.0
310.0,3.0,20.0,2.0,25.0,246.0
311.0,5.0,20.0,2.0,25.0,247.0
312.0,10.0,20.0,2.0,25.0,161.0
313.0,20.0,20.0,2.0,25.0,173.0
314.0,40.0,20.0,2.0,25.0,572.0
315.0,0.0,20.0,2.0,25.0,256.0
316.0,0.5,20.0,2.0,25.0,291.0
317.0,1.0,20.0,2.0,25.0,233.0
318.0,2.0,20.0,2.0,25.0,127.0
319.0,3.0,20.0,2.0,25.0,235.0
320.0,5.0,20.0,2.0,25.0,270.0
321.0,10.0,20.0,2.0,25.0,211.0
322.0,20.0,20.0,2.0,25.0,177.0
323.0,40.0,20.0,2.0,25.0,1187.0
324.0,0.0,20.0,2.0,25.0,276.0
325.0,0.5,20.0,2.0,25.0,254.0
326.0,1.0,20.0,2.0,25.0,254.0
327.0,2.0,20.0,2.0,25.0,250.0
328.0,3.0,20.0,2.0,25.0,145.0
329.0,5.0,20.0,2.0,25.0,138.0
330.0,10.0,20.0,2.0,25.0,182.0
331.0,20.0,20.0,2.0,25.0,180.0
332.0,40.0,20.0,2.0,25.0,2342.0
333.0,0.0,20.0,2.0,25.0,244.0
334.0,0.5,20.0,2.0,25.0,253.0
335.0,1.0,20.0,2.0,25.0,252.0
336.0,2.0,20.0,2.0,25.0,168.0
337.0,3.0,20.0,2.0,25.0,260.0
338.0,5.0,20.0,2.0,25.0,247.0
339.0,10.0,20.0,2.0,25.0,300.0
340.0,20.0,20.0,2.0,25.0,417.0
341.0,40.0,20.0,2.0,25.0,2069.0
342.0,0.0,20.0,2.0,25.0,270.0
343.0,0.5,20.0,2.0,25.0,276.0
344.0,1.0,20.0,2.0,25.0,247.0
345.0,2.0,20.0,2.0,25.0,230.0
346.0,3.0,20.0,2.0,25.0,136.0
347.0,5.0,20.0,2.0,25.0,284.0
348.0,10.0,20.0,2.0,25.0,156.0
349.0,20.0,20.0,2.0,25.0,216.0
350.0,40.0,20.0,2.0,25.0,2309.0
351.0,0.0,20.0,2.0,25.0,243.0
352.0,0.5,20.0,2.0,25.0,130.0
353.0,1.0,20.0,2.0,25.0,275.0
354.0,2.0,20.0,2.0,25.0,143.0
355.0,3.0,20.0,2.0,25.0,170.0
356.0,5.0,20.0,2.0,25.0,138.0
357.0,10.0,20.0,2.0,25.0,206.0
358.0,20.0,20.0,2.0,25.0,132.0
359.0,40.0,20.0,2.0,25.0,828.0
360.0,0.0,20.0,2.0,25.0,248.0
361.0,0.5,20.0,2.0,25.0,253.0
362.0,1.0,20.0,2.0,25.0,275.0
363.0,2.0,20.0,2.0,25.0,248.0
364.0,3.0,20.0,2.0,25.0,128.0
365.0,5.0,20.0,2.0,25.0,250.0
366.0,10.0,20.0,2.0,25.0,301.0
367.0,20.0,20.0,2.0,25.0,878.0
368.0,40.0,20.0,2.0,25.0,750.0
369.0,0.0,20.0,2.0,25.0,252.0
370.0,0.5,20.0,2.0,25.0,746.0
371.0,1.0,20.0,2.0,25.0,251.0
372.0,2.0,20.0,2.0,25.0,247.0
373.0,3.0,20.0,2.0,25.0,241.0
374.0,5.0,20.0,2.0,25.0,245.0
375.0,10.0,20.0,2.0,25.0,170.0
376.0,20.0,20.0,2.0,25.0,443.0
377.0,40.0,20.0,2.0,25.0,1842.0
378.0,0.0,20.0,2.0,25.0,250.0
379.0,0.5,20.0,2.0,25.0,253.0
380.0,1.0,20.0,2.0,25.0,198.0
381.0,2.0,20.0,2.0,25.0,253.0
382.0,3.0,20.0,2.0,25.0,110.0
383.0,5.0,20.0,2.0,25.0,243.0
384.0,10.0,20.0,2.0,25.0,353.0
385.0,20.0,20.0,2.0,25.0,482.0
386.0,40.0,20.0,2.0,25.0,1343.0
387.0,0.0,20.0,2.0,25.0,259.0
388.0,0.5,20.0,2.0,25.0,275.0
389.0,1.0,20.0,2.0,25.0,254.0
390.0,2.0,20.0,2.0,25.0,233.0
391.0,3.0,20.0,2.0,25.0,301.0
392.0,5.0,20.0,2.0,25.0,153.0
393.0,10.0,20.0,2.0,25.0,145.0
394.0,20.0,20.0,2.0,25.0,288.0
395.0,40.0,20.0,2.0,25.0,783.0
396.0,0.0,20.0,2.0,25.0,247.0
397.0,0.5,20.0,2.0,25.0,258.0
398.0,1.0,20.0,2.0,25.0,256.0
399.0,2.0,20.0,2.0,25.0,250.0
400.0,3.0,20.0,2.0,25.0,260.0
401.0,5.0,20.0,2.0,25.0,116.0
402.0,10.0,20.0,2.0,25.0,184.0
403.0,20.0,20.0,2.0,25.0,384.0
404.0,40.0,20.0,2.0,25.0,522.0
405.0,0.0,20.0,2.0,25.0,252.0
406.0,0.5,20.0,2.0,25.0,253.0
407.0,1.0,20.0,2.0,25.0,248.0
408.0,2.0,20.0,2.0,25.0,253.0
409.0,3.0,20.0,2.0,25.0,249.0
410.0,5.0,20.0,2.0,25.0,275.0
411.0,10.0,20.0,2.0,25.0,203.0
412.0,20.0,20.0,2.0,25.0,225.0
413.0,40.0,20.0,2.0,25.0,1180.0
414.0,0.0,20.0,2.0,25.0,273.0
415.0,0.5,20.0,2.0,25.0,230.0
416.0,1.0,20.0,2.0,25.0,253.0
417.0,2.0,20.0,2.0,25.0,248.0
418.0,3.0,20.0,2.0,25.0,230.0
419.0,5.0,20.0,2.0,25.0,241.0
420.0,10.0,20.0,2.0,25.0,601.0
421.0,20.0,20.0,2.0,25.0,267.0
422.0,40.0,20.0,2.0,25.0,1681.0
423.0,0.0,20.0,2.0,25.0,256.0
424.0,0.5,20.0,2.0,25.0,252.0
425.0,1.0,20.0,2.0,25.0,272.0
426.0,2.0,20.0,2.0,25.0,272.0
427.0,3.0,20.0,2.0,25.0,256.0
428.0,5.0,20.0,2.0,25.0,148.0
429.0,10.0,20.0,2.0,25.0,156.0
430.0,20.0,20.0,2.0,25.0,241.0
431.0,40.0,20.0,2.0,25.0,864.0
432.0,0.0,20.0,2.0,25.0,257.0
433.0,0.5,20.0,2.0,25.0,150.0
434.0,1.0,20.0,2.0,25.0,245.0
435.0,2.0,20.0,2.0,25.0,287.0
436.0,3.0,20.0,2.0,25.0,168.0
437.0,5.0,20.0,2.0,25.0,276.0
438.0,10.0,20.0,2.0,25.0,457.0
439.0,20.0,20.0,2.0,25.0,189.0
440.0,40.0,20.0,2.0,25.0,825.0
441.0,0.0,20.0,2.0,25.0,231.0
442.0,0.5,20.0,2.0,25.0,253.0
443.0,1.0,20.0,2.0,25.0,213.0
444.0,2.0,20.0,2.0,25.0,474.0
445.0,3.0,20.0,2.0,25.0,139.0
446.0,5.0,20.0,2.0,25.0,131.0
447.0,10.0,20.0,2.0,25.0,118.0
448.0,20.0,20.0,2.0,25.0,302.0
449.0,40.0,20.0,2.0,25.0,845.0
450.0,0.0,20.0,2.0,50.0,1151.0
451.0,0.5,20.0,2.0,50.0,1114.0
452.0,1.0,20.0,2.0,50.0,1079.0
453.0,2.0,20.0,2.0,50.0,486.0
454.0,3.0,20.0,2.0,50.0,1088.0
455.0,5.0,20.0,2.0,50.0,670.0
456.0,10.0,20.0,2.0,50.0,550.0
457.0,20.0,20.0,2.0,50.0,872.0
458.0,40.0,20.0,2.0,50.0,2645.0
459.0,0.0,20.0,2.0,50.0,1158.0
460.0,0.5,20.0,2.0,50.0,1083.0
461.0,1.0,20.0,2.0,50.0,657.0
462.0,2.0,20.0,2.0,50.0,1103.0
463.0,3.0,20.0,2.0,50.0,1096.0
464.0,5.0,20.0,2.0,50.0,627.0
465.0,10.0,20.0,2.0,50.0,578.0
466.0,20.0,20.0,2.0,50.0,878.0
467.0,40.0,20.0,2.0,50.0,14499.0
468.0,0.0,20.0,2.0,50.0,1061.0
469.0,0.5,20.0,2.0,50.0,1161.0
470.0,1.0,20.0,2.0,50.0,689.0
471.0,2.0,20.0,2.0,50.0,771.0
472.0,3.0,20.0,2.0,50.0,882.0
473.0,5.0,20.0,2.0,50.0,954.0
474.0,10.0,20.0,2.0,50.0,515.0
475.0,20.0,20.0,2.0,50.0,956.0
476.0,40.0,20.0,2.0,50.0,3800.0
477.0,0.0,20.0,2.0,50.0,1093.0
478.0,0.5,20.0,2.0,50.0,1200.0
479.0,1.0,20.0,2.0,50.0,1276.0
480.0,2.0,20.0,2.0,50.0,478.0
481.0,3.0,20.0,2.0,50.0,934.0
482.0,5.0,20.0,2.0,50.0,1469.0
483.0,10.0,20.0,2.0,50.0,1292.0
484.0,20.0,20.0,2.0,50.0,938.0
485.0,40.0,20.0,2.0,50.0,6935.0
486.0,0.0,20.0,2.0,50.0,1106.0
487.0,0.5,20.0,2.0,50.0,507.0
488.0,1.0,20.0,2.0,50.0,979.0
489.0,2.0,20.0,2.0,50.0,908.0
490.0,3.0,20.0,2.0,50.0,730.0
491.0,5.0,20.0,2.0,50.0,480.0
492.0,10.0,20.0,2.0,50.0,1115.0
493.0,20.0,20.0,2.0,50.0,2142.0
494.0,40.0,20.0,2.0,50.0,3509.0
495.0,0.0,20.0,2.0,50.0,1149.0
496.0,0.5,20.0,2.0,50.0,654.0
497.0,1.0,20.0,2.0,50.0,476.0
498.0,2.0,20.0,2.0,50.0,454.0
499.0,3.0,20.0,2.0,50.0,940.0
500.0,5.0,20.0,2.0,50.0,389.0
501.0,10.0,20.0,2.0,50.0,1006.0
502.0,20.0,20.0,2.0,50.0,2072.0
503.0,40.0,20.0,2.0,50.0,5806.0
504.0,0.0,20.0,2.0,50.0,1097.0
505.0,0.5,20.0,2.0,50.0,985.0
506.0,1.0,20.0,2.0,50.0,1141.0
507.0,2.0,20.0,2.0,50.0,1068.0
508.0,3.0,20.0,2.0,50.0,502.0
509.0,5.0,20.0,2.0,50.0,560.0
510.0,10.0,20.0,2.0,50.0,2528.0
511.0,20.0,20.0,2.0,50.0,982.0
512.0,40.0,20.0,2.0,50.0,6830.0
513.0,0.0,20.0,2.0,50.0,1164.0
514.0,0.5,20.0,2.0,50.0,1090.0
515.0,1.0,20.0,2.0,50.0,370.0
516.0,2.0,20.0,2.0,50.0,748.0
517.0,3.0,20.0,2.0,50.0,1152.0
518.0,5.0,20.0,2.0,50.0,928.0
519.0,10.0,20.0,2.0,50.0,517.0
520.0,20.0,20.0,2.0,50.0,1053.0
521.0,40.0,20.0,2.0,50.0,2912.0
522.0,0.0,20.0,2.0,50.0,1089.0
523.0,0.5,20.0,2.0,50.0,1080.0
524.0,1.0,20.0,2.0,50.0,675.0
525.0,2.0,20.0,2.0,50.0,1119.0
526.0,3.0,20.0,2.0,50.0,1042.0
527.0,5.0,20.0,2.0,50.0,483.0
528.0,10.0,20.0,2.0,50.0,393.0
529.0,20.0,20.0,2.0,50.0,1294.0
530.0,40.0,20.0,2.0,50.0,2894.0
531.0,0.0,20.0,2.0,50.0,1101.0
532.0,0.5,20.0,2.0,50.0,598.0
533.0,1.0,20.0,2.0,50.0,1019.0
534.0,2.0,20.0,2.0,50.0,592.0
535.0,3.0,20.0,2.0,50.0,450.0
536.0,5.0,20.0,2.0,50.0,1295.0
537.0,10.0,20.0,2.0,50.0,868.0
538.0,20.0,20.0,2.0,50.0,816.0
539.0,40.0,20.0,2.0,50.0,4698.0
540.0,0.0,20.0,2.0,50.0,1141.0
541.0,0.5,20.0,2.0,50.0,1077.0
542.0,1.0,20.0,2.0,50.0,1090.0
543.0,2.0,20.0,2.0,50.0,1322.0
544.0,3.0,20.0,2.0,50.0,509.0
545.0,5.0,20.0,2.0,50.0,710.0
546.0,10.0,20.0,2.0,50.0,1333.0
547.0,20.0,20.0,2.0,50.0,2025.0
548.0,40.0,20.0,2.0,50.0,6955.0
549.0,0.0,20.0,2.0,50.0,1097.0
550.0,0.5,20.0,2.0,50.0,1098.0
551.0,1.0,20.0,2.0,50.0,728.0
552.0,2.0,20.0,2.0,50.0,1093.0
553.0,3.0,20.0,2.0,50.0,428.0
554.0,5.0,20.0,2.0,50.0,560.0
555.0,10.0,20.0,2.0,50.0,682.0
556.0,20.0,20.0,2.0,50.0,883.0
557.0,40.0,20.0,2.0,50.0,4160.0
558.0,0.0,20.0,2.0,50.0,1086.0
559.0,0.5,20.0,2.0,50.0,1190.0
560.0,1.0,20.0,2.0,50.0,1148.0
561.0,2.0,20.0,2.0,50.0,876.0
562.0,3.0,20.0,2.0,50.0,463.0
563.0,5.0,20.0,2.0,50.0,1155.0
564.0,10.0,20.0,2.0,50.0,1289.0
565.0,20.0,20.0,2.0,50.0,2434.0
566.0,40.0,20.0,2.0,50.0,3521.0
567.0,0.0,20.0,2.0,50.0,1098.0
568.0,0.5,20.0,2.0,50.0,1114.0
569.0,1.0,20.0,2.0,50.0,1092.0
570.0,2.0,20.0,2.0,50.0,1165.0
571.0,3.0,20.0,2.0,50.0,1085.0
572.0,5.0,20.0,2.0,50.0,457.0
573.0,10.0,20.0,2.0,50.0,1169.0
574.0,20.0,20.0,2.0,50.0,742.0
575.0,40.0,20.0,2.0,50.0,6850.0
576.0,0.0,20.0,2.0,50.0,1108.0
577.0,0.5,20.0,2.0,50.0,1162.0
578.0,1.0,20.0,2.0,50.0,1105.0
579.0,2.0,20.0,2.0,50.0,1559.0
580.0,3.0,20.0,2.0,50.0,1002.0
581.0,5.0,20.0,2.0,50.0,624.0
582.0,10.0,20.0,2.0,50.0,1016.0
583.0,20.0,20.0,2.0,50.0,1036.0
584.0,40.0,20.0,2.0,50.0,2828.0
585.0,0.0,20.0,2.0,50.0,1184.0
586.0,0.5,20.0,2.0,50.0,1183.0
587.0,1.0,20.0,2.0,50.0,939.0
588.0,2.0,20.0,2.0,50.0,504.0
589.0,3.0,20.0,2.0,50.0,804.0
590.0,5.0,20.0,2.0,50.0,687.0
591.0,10.0,20.0,2.0,50.0,799.0
592.0,20.0,20.0,2.0,50.0,748.0
593.0,40.0,20.0,2.0,50.0,4618.0
594.0,0.0,20.0,2.0,50.0,1064.0
595.0,0.5,20.0,2.0,50.0,1102.0
596.0,1.0,20.0,2.0,50.0,1129.0
597.0,2.0,20.0,2.0,50.0,1175.0
598.0,3.0,20.0,2.0,50.0,826.0
599.0,5.0,20.0,2.0,50.0,666.0
600.0,10.0,20.0,2.0,50.0,417.0
601.0,20.0,20.0,2.0,50.0,1084.0
602.0,40.0,20.0,2.0,50.0,2170.0
603.0,0.0,20.0,2.0,50.0,1106.0
604.0,0.5,20.0,2.0,50.0,1047.0
605.0,1.0,20.0,2.0,50.0,611.0
606.0,2.0,20.0,2.0,50.0,520.0
607.0,3.0,20.0,2.0,50.0,349.0
608.0,5.0,20.0,2.0,50.0,512.0
609.0,10.0,20.0,2.0,50.0,640.0
610.0,20.0,20.0,2.0,50.0,1177.0
611.0,40.0,20.0,2.0,50.0,4138.0
612.0,0.0,20.0,2.0,50.0,1146.0
613.0,0.5,20.0,2.0,50.0,1153.0
614.0,1.0,20.0,2.0,50.0,937.0
615.0,2.0,20.0,2.0,50.0,1184.0
616.0,3.0,20.0,2.0,50.0,1013.0
617.0,5.0,20.0,2.0,50.0,1271.0
618.0,10.0,20.0,2.0,50.0,465.0
619.0,20.0,20.0,2.0,50.0,1150.0
620.0,40.0,20.0,2.0,50.0,3698.0
621.0,0.0,20.0,2.0,50.0,1037.0
622.0,0.5,20.0,2.0,50.0,1168.0
623.0,1.0,20.0,2.0,50.0,1084.0
624.0,2.0,20.0,2.0,50.0,1099.0
625.0,3.0,20.0,2.0,50.0,925.0
626.0,5.0,20.0,2.0,50.0,2054.0
627.0,10.0,20.0,2.0,50.0,696.0
628.0,20.0,20.0,2.0,50.0,905.0
629.0,40.0,20.0,2.0,50.0,12917.0
630.0,0.0,20.0,2.0,50.0,1149.0
631.0,0.5,20.0,2.0,50.0,864.0
632.0,1.0,20.0,2.0,50.0,1147.0
633.0,2.0,20.0,2.0,50.0,582.0
634.0,3.0,20.0,2.0,50.0,661.0
635.0,5.0,20.0,2.0,50.0,423.0
636.0,10.0,20.0,2.0,50.0,511.0
637.0,20.0,20.0,2.0,50.0,1812.0
638.0,40.0,20.0,2.0,50.0,5415.0
639.0,0.0,20.0,2.0,50.0,1079.0
640.0,0.5,20.0,2.0,50.0,1074.0
641.0,1.0,20.0,2.0,50.0,1086.0
642.0,2.0,20.0,2.0,50.0,653.0
643.0,3.0,20.0,2.0,50.0,1136.0
644.0,5.0,20.0,2.0,50.0,1092.0
645.0,10.0,20.0,2.0,50.0,556.0
646.0,20.0,20.0,2.0,50.0,1688.0
647.0,40.0,20.0,2.0,50.0,3552.0
648.0,0.0,20.0,2.0,50.0,1150.0
649.0,0.5,20.0,2.0,50.0,1151.0
650.0,1.0,20.0,2.0,50.0,711.0
651.0,2.0,20.0,2.0,50.0,785.0
652.0,3.0,20.0,2.0,50.0,539.0
653.0,5.0,20.0,2.0,50.0,569.0
654.0,10.0,20.0,2.0,50.0,607.0
655.0,20.0,20.0,2.0,50.0,1197.0
656.0,40.0,20.0,2.0,50.0,5526.0
657.0,0.0,20.0,2.0,50.0,1103.0
658.0,0.5,20.0,2.0,50.0,1188.0
659.0,1.0,20.0,2.0,50.0,1163.0
660.0,2.0,20.0,2.0,50.0,1064.0
661.0,3.0,20.0,2.0,50.0,1112.0
662.0,5.0,20.0,2.0,50.0,570.0
663.0,10.0,20.0,2.0,50.0,1172.0
664.0,20.0,20.0,2.0,50.0,557.0
665.0,40.0,20.0,2.0,50.0,3249.0
666.0,0.0,20.0,2.0,50.0,1037.0
667.0,0.5,20.0,2.0,50.0,860.0
668.0,1.0,20.0,2.0,50.0,615.0
669.0,2.0,20.0,2.0,50.0,544.0
670.0,3.0,20.0,2.0,50.0,543.0
671.0,5.0,20.0,2.0,50.0,843.0
672.0,10.0,20.0,2.0,50.0,643.0
673.0,20.0,20.0,2.0,50.0,1077.0
674.0,40.0,20.0,2.0,50.0,6852.0
675.0,0.0,20.0,2.0,50.0,1153.0
676.0,0.5,20.0,2.0,50.0,1174.0
677.0,1.0,20.0,2.0,50.0,984.0
678.0,2.0,20.0,2.0,50.0,1037.0
679.0,3.0,20.0,2.0,50.0,1242.0
680.0,5.0,20.0,2.0,50.0,886.0
681.0,10.0,20.0,2.0,50.0,760.0
682.0,20.0,20.0,2.0,50.0,3083.0
683.0,40.0,20.0,2.0,50.0,5318.0
684.0,0.0,20.0,2.0,50.0,1110.0
685.0,0.5,20.0,2.0,50.0,1158.0
686.0,1.0,20.0,2.0,50.0,1095.0
687.0,2.0,20.0,2.0,50.0,806.0
688.0,3.0,20.0,2.0,50.0,808.0
689.0,5.0,20.0,2.0,50.0,584.0
690.0,10.0,20.0,2.0,50.0,674.0
691.0,20.0,20.0,2.0,50.0,765.0
692.0,40.0,20.0,2.0,50.0,3563.0
693.0,0.0,20.0,2.0,50.0,1094.0
694.0,0.5,20.0,2.0,50.0,817.0
695.0,1.0,20.0,2.0,50.0,758.0
696.0,2.0,20.0,2.0,50.0,500.0
697.0,3.0,20.0,2.0,50.0,851.0
698.0,5.0,20.0,2.0,50.0,1122.0
699.0,10.0,20.0,2.0,50.0,379.0
700.0,20.0,20.0,2.0,50.0,724.0
701.0,40.0,20.0,2.0,50.0,8339.0
702.0,0.0,20.0,2.0,50.0,1150.0
703.0,0.5,20.0,2.0,50.0,622.0
704.0,1.0,20.0,2.0,50.0,1093.0
705.0,2.0,20.0,2.0,50.0,1163.0
706.0,3.0,20.0,2.0,50.0,785.0
707.0,5.0,20.0,2.0,50.0,539.0
708.0,10.0,20.0,2.0,50.0,502.0
709.0,20.0,20.0,2.0,50.0,737.0
710.0,40.0,20.0,2.0,50.0,2415.0
711.0,0.0,20.0,2.0,50.0,1043.0
712.0,0.5,20.0,2.0,50.0,672.0
713.0,1.0,20.0,2.0,50.0,1169.0
714.0,2.0,20.0,2.0,50.0,1049.0
715.0,3.0,20.0,2.0,50.0,1811.0
716.0,5.0,20.0,2.0,50.0,600.0
717.0,10.0,20.0,2.0,50.0,560.0
718.0,20.0,20.0,2.0,50.0,1839.0
719.0,40.0,20.0,2.0,50.0,7856.0
720.0,0.0,20.0,2.0,50.0,1100.0
721.0,0.5,20.0,2.0,50.0,831.0
722.0,1.0,20.0,2.0,50.0,1061.0
723.0,2.0,20.0,2.0,50.0,680.0
724.0,3.0,20.0,2.0,50.0,560.0
725.0,5.0,20.0,2.0,50.0,505.0
726.0,10.0,20.0,2.0,50.0,1134.0
727.0,20.0,20.0,2.0,50.0,1138.0
728.0,40.0,20.0,2.0,50.0,5547.0
729.0,0.0,20.0,2.0,50.0,1104.0
730.0,0.5,20.0,2.0,50.0,1107.0
731.0,1.0,20.0,2.0,50.0,1100.0
732.0,2.0,20.0,2.0,50.0,1275.0
733.0,3.0,20.0,2.0,50.0,576.0
734.0,5.0,20.0,2.0,50.0,649.0
735.0,10.0,20.0,2.0,50.0,616.0
736.0,20.0,20.0,2.0,50.0,1680.0
737.0,40.0,20.0,2.0,50.0,4631.0
738.0,0.0,20.0,2.0,50.0,1082.0
739.0,0.5,20.0,2.0,50.0,648.0
740.0,1.0,20.0,2.0,50.0,1466.0
741.0,2.0,20.0,2.0,50.0,1130.0
742.0,3.0,20.0,2.0,50.0,697.0
743.0,5.0,20.0,2.0,50.0,701.0
744.0,10.0,20.0,2.0,50.0,860.0
745.0,20.0,20.0,2.0,50.0,747.0
746.0,40.0,20.0,2.0,50.0,3615.0
747.0,0.0,20.0,2.0,50.0,1151.0
748.0,0.5,20.0,2.0,50.0,1157.0
749.0,1.0,20.0,2.0,50.0,1160.0
750.0,2.0,20.0,2.0,50.0,1145.0
751.0,3.0,20.0,2.0,50.0,1140.0
752.0,5.0,20.0,2.0,50.0,850.0
753.0,10.0,20.0,2.0,50.0,731.0
754.0,20.0,20.0,2.0,50.0,1550.0
755.0,40.0,20.0,2.0,50.0,8234.0
756.0,0.0,20.0,2.0,50.0,1149.0
757.0,0.5,20.0,2.0,50.0,822.0
758.0,1.0,20.0,2.0,50.0,1016.0
759.0,2.0,20.0,2.0,50.0,378.0
760.0,3.0,20.0,2.0,50.0,524.0
761.0,5.0,20.0,2.0,50.0,654.0
762.0,10.0,20.0,2.0,50.0,510.0
763.0,20.0,20.0,2.0,50.0,1797.0
764.0,40.0,20.0,2.0,50.0,4023.0
765.0,0.0,20.0,2.0,50.0,1043.0
766.0,0.5,20.0,2.0,50.0,1234.0
767.0,1.0,20.0,2.0,50.0,517.0
768.0,2.0,20.0,2.0,50.0,542.0
769.0,3.0,20.0,2.0,50.0,692.0
770.0,5.0,20.0,2.0,50.0,441.0
771.0,10.0,20.0,2.0,50.0,576.0
772.0,20.0,20.0,2.0,50.0,1665.0
773.0,40.0,20.0,2.0,50.0,4170.0
774.0,0.0,20.0,2.0,50.0,1078.0
775.0,0.5,20.0,2.0,50.0,1094.0
776.0,1.0,20.0,2.0,50.0,1171.0
777.0,2.0,20.0,2.0,50.0,461.0
778.0,3.0,20.0,2.0,50.0,897.0
779.0,5.0,20.0,2.0,50.0,760.0
780.0,10.0,20.0,2.0,50.0,944.0
781.0,20.0,20.0,2.0,50.0,1203.0
782.0,40.0,20.0,2.0,50.0,5236.0
783.0,0.0,20.0,2.0,50.0,1023.0
784.0,0.5,20.0,2.0,50.0,1085.0
785.0,1.0,20.0,2.0,50.0,1160.0
786.0,2.0,20.0,2.0,50.0,346.0
787.0,3.0,20.0,2.0,50.0,1587.0
788.0,5.0,20.0,2.0,50.0,581.0
789.0,10.0,20.0,2.0,50.0,463.0
790.0,20.0,20.0,2.0,50.0,1163.0
791.0,40.0,20.0,2.0,50.0,3817.0
792.0,0.0,20.0,2.0,50.0,1202.0
793.0,0.5,20.0,2.0,50.0,1052.0
794.0,1.0,20.0,2.0,50.0,1039.0
795.0,2.0,20.0,2.0,50.0,1150.0
796.0,3.0,20.0,2.0,50.0,1209.0
797.0,5.0,20.0,2.0,50.0,814.0
798.0,10.0,20.0,2.0,50.0,751.0
799.0,20.0,20.0,2.0,50.0,658.0
800.0,40.0,20.0,2.0,50.0,3949.0
801.0,0.0,20.0,2.0,50.0,1100.0
802.0,0.5,20.0,2.0,50.0,1080.0
803.0,1.0,20.0,2.0,50.0,827.0
804.0,2.0,20.0,2.0,50.0,1102.0
805.0,3.0,20.0,2.0,50.0,704.0
806.0,5.0,20.0,2.0,50.0,857.0
807.0,10.0,20.0,2.0,50.0,533.0
808.0,20.0,20.0,2.0,50.0,1661.0
809.0,40.0,20.0,2.0,50.0,4390.0
810.0,0.0,20.0,2.0,50.0,1118.0
811.0,0.5,20.0,2.0,50.0,1016.0
812.0,1.0,20.0,2.0,50.0,832.0
813.0,2.0,20.0,2.0,50.0,705.0
814.0,3.0,20.0,2.0,50.0,1104.0
815.0,5.0,20.0,2.0,50.0,1107.0
816.0,10.0,20.0,2.0,50.0,422.0
817.0,20.0,20.0,2.0,50.0,2342.0
818.0,40.0,20.0,2.0,50.0,2939.0
819.0,0.0,20.0,2.0,50.0,1072.0
820.0,0.5,20.0,2.0,50.0,1127.0
821.0,1.0,20.0,2.0,50.0,510.0
822.0,2.0,20.0,2.0,50.0,1154.0
823.0,3.0,20.0,2.0,50.0,1104.0
824.0,5.0,20.0,2.0,50.0,925.0
825.0,10.0,20.0,2.0,50.0,974.0
826.0,20.0,20.0,2.0,50.0,1017.0
827.0,40.0,20.0,2.0,50.0,3580.0
828.0,0.0,20.0,2.0,50.0,1143.0
829.0,0.5,20.0,2.0,50.0,1155.0
830.0,1.0,20.0,2.0,50.0,1099.0
831.0,2.0,20.0,2.0,50.0,423.0
832.0,3.0,20.0,2.0,50.0,544.0
833.0,5.0,20.0,2.0,50.0,892.0
834.0,10.0,20.0,2.0,50.0,1219.0
835.0,20.0,20.0,2.0,50.0,799.0
836.0,40.0,20.0,2.0,50.0,6314.0
837.0,0.0,20.0,2.0,50.0,1151.0
838.0,0.5,20.0,2.0,50.0,1141.0
839.0,1.0,20.0,2.0,50.0,1046.0
840.0,2.0,20.0,2.0,50.0,581.0
841.0,3.0,20.0,2.0,50.0,673.0
842.0,5.0,20.0,2.0,50.0,382.0
843.0,10.0,20.0,2.0,50.0,2863.0
844.0,20.0,20.0,2.0,50.0,1512.0
845.0,40.0,20.0,2.0,50.0,4258.0
846.0,0.0,20.0,2.0,50.0,1139.0
847.0,0.5,20.0,2.0,50.0,1175.0
848.0,1.0,20.0,2.0,50.0,492.0
849.0,2.0,20.0,2.0,50.0,570.0
850.0,3.0,20.0,2.0,50.0,364.0
851.0,5.0,20.0,2.0,50.0,537.0
852.0,10.0,20.0,2.0,50.0,2334.0
853.0,20.0,20.0,2.0,50.0,2240.0
854.0,40.0,20.0,2.0,50.0,3377.0
855.0,0.0,20.0,2.0,50.0,1020.0
856.0,0.5,20.0,2.0,50.0,1088.0
857.0,1.0,20.0,2.0,50.0,702.0
858.0,2.0,20.0,2.0,50.0,447.0
859.0,3.0,20.0,2.0,50.0,867.0
860.0,5.0,20.0,2.0,50.0,385.0
861.0,10.0,20.0,2.0,50.0,568.0
862.0,20.0,20.0,2.0,50.0,1594.0
863.0,40.0,20.0,2.0,50.0,3037.0
864.0,0.0,20.0,2.0,50.0,1152.0
865.0,0.5,20.0,2.0,50.0,1084.0
866.0,1.0,20.0,2.0,50.0,591.0
867.0,2.0,20.0,2.0,50.0,864.0
868.0,3.0,20.0,2.0,50.0,425.0
869.0,5.0,20.0,2.0,50.0,443.0
870.0,10.0,20.0,2.0,50.0,840.0
871.0,20.0,20.0,2.0,50.0,1248.0
872.0,40.0,20.0,2.0,50.0,2877.0
873.0,0.0,20.0,2.0,50.0,1057.0
874.0,0.5,20.0,2.0,50.0,1013.0
875.0,1.0,20.0,2.0,50.0,466.0
876.0,2.0,20.0,2.0,50.0,1082.0
877.0,3.0,20.0,2.0,50.0,540.0
878.0,5.0,20.0,2.0,50.0,716.0
879.0,10.0,20.0,2.0,50.0,1078.0
880.0,20.0,20.0,2.0,50.0,1368.0
881.0,40.0,20.0,2.0,50.0,3053.0
882.0,0.0,20.0,2.0,50.0,1107.0
883.0,0.5,20.0,2.0,50.0,1075.0
884.0,1.0,20.0,2.0,50.0,503.0
885.0,2.0,20.0,2.0,50.0,703.0
886.0,3.0,20.0,2.0,50.0,592.0
887.0,5.0,20.0,2.0,50.0,891.0
888.0,10.0,20.0,2.0,50.0,1007.0
889.0,20.0,20.0,2.0,50.0,823.0
890.0,40.0,20.0,2.0,50.0,1971.0
891.0,0.0,20.0,2.0,50.0,1085.0
892.0,0.5,20.0,2.0,50.0,1110.0
893.0,1.0,20.0,2.0,50.0,989.0
894.0,2.0,20.0,2.0,50.0,467.0
895.0,3.0,20.0,2.0,50.0,995.0
896.0,5.0,20.0,2.0,50.0,716.0
897.0,10.0,20.0,2.0,50.0,581.0
898.0,20.0,20.0,2.0,50.0,988.0
899.0,40.0,20.0,2.0,50.0,5156.0
900.0,0.0,20.0,2.0,75.0,2469.0
901.0,0.5,20.0,2.0,75.0,2568.0
902.0,1.0,20.0,2.0,75.0,1021.0
903.0,2.0,20.0,2.0,75.0,1395.0
904.0,3.0,20.0,2.0,75.0,1344.0
905.0,5.0,20.0,2.0,75.0,818.0
906.0,10.0,20.0,2.0,75.0,2937.0
907.0,20.0,20.0,2.0,75.0,3945.0
908.0,40.0,20.0,2.0,75.0,5673.0
909.0,0.0,20.0,2.0,75.0,2528.0
910.0,0.5,20.0,2.0,75.0,1772.0
911.0,1.0,20.0,2.0,75.0,2675.0
912.0,2.0,20.0,2.0,75.0,1321.0
913.0,3.0,20.0,2.0,75.0,1361.0
914.0,5.0,20.0,2.0,75.0,1319.0
915.0,10.0,20.0,2.0,75.0,1972.0
916.0,20.0,20.0,2.0,75.0,2252.0
917.0,40.0,20.0,2.0,75.0,9360.0
918.0,0.0,20.0,2.0,75.0,2540.0
919.0,0.5,20.0,2.0,75.0,2516.0
920.0,1.0,20.0,2.0,75.0,2222.0
921.0,2.0,20.0,2.0,75.0,735.0
922.0,3.0,20.0,2.0,75.0,1751.0
923.0,5.0,20.0,2.0,75.0,1985.0
924.0,10.0,20.0,2.0,75.0,2383.0
925.0,20.0,20.0,2.0,75.0,2664.0
926.0,40.0,20.0,2.0,75.0,6461.0
927.0,0.0,20.0,2.0,75.0,2561.0
928.0,0.5,20.0,2.0,75.0,1508.0
929.0,1.0,20.0,2.0,75.0,2634.0
930.0,2.0,20.0,2.0,75.0,725.0
931.0,3.0,20.0,2.0,75.0,1165.0
932.0,5.0,20.0,2.0,75.0,3483.0
933.0,10.0,20.0,2.0,75.0,3250.0
934.0,20.0,20.0,2.0,75.0,5275.0
935.0,40.0,20.0,2.0,75.0,7279.0
936.0,0.0,20.0,2.0,75.0,2550.0
937.0,0.5,20.0,2.0,75.0,2721.0
938.0,1.0,20.0,2.0,75.0,2583.0
939.0,2.0,20.0,2.0,75.0,2619.0
940.0,3.0,20.0,2.0,75.0,854.0
941.0,5.0,20.0,2.0,75.0,1829.0
942.0,10.0,20.0,2.0,75.0,944.0
943.0,20.0,20.0,2.0,75.0,2130.0
944.0,40.0,20.0,2.0,75.0,7703.0
945.0,0.0,20.0,2.0,75.0,2520.0
946.0,0.5,20.0,2.0,75.0,2770.0
947.0,1.0,20.0,2.0,75.0,2264.0
948.0,2.0,20.0,2.0,75.0,1220.0
949.0,3.0,20.0,2.0,75.0,1426.0
950.0,5.0,20.0,2.0,75.0,1028.0
951.0,10.0,20.0,2.0,75.0,3284.0
952.0,20.0,20.0,2.0,75.0,2741.0
953.0,40.0,20.0,2.0,75.0,10105.0
954.0,0.0,20.0,2.0,75.0,2923.0
955.0,0.5,20.0,2.0,75.0,2041.0
956.0,1.0,20.0,2.0,75.0,1564.0
957.0,2.0,20.0,2.0,75.0,2718.0
958.0,3.0,20.0,2.0,75.0,1369.0
959.0,5.0,20.0,2.0,75.0,872.0
960.0,10.0,20.0,2.0,75.0,1304.0
961.0,20.0,20.0,2.0,75.0,9866.0
962.0,40.0,20.0,2.0,75.0,6851.0
963.0,0.0,20.0,2.0,75.0,6910.0
964.0,0.5,20.0,2.0,75.0,1088.0
965.0,1.0,20.0,2.0,75.0,1059.0
966.0,2.0,20.0,2.0,75.0,836.0
967.0,3.0,20.0,2.0,75.0,1490.0
968.0,5.0,20.0,2.0,75.0,1336.0
969.0,10.0,20.0,2.0,75.0,1161.0
970.0,20.0,20.0,2.0,75.0,2431.0
971.0,40.0,20.0,2.0,75.0,8115.0
972.0,0.0,20.0,2.0,75.0,2599.0
973.0,0.5,20.0,2.0,75.0,1305.0
974.0,1.0,20.0,2.0,75.0,2006.0
975.0,2.0,20.0,2.0,75.0,1290.0
976.0,3.0,20.0,2.0,75.0,1484.0
977.0,5.0,20.0,2.0,75.0,1872.0
978.0,10.0,20.0,2.0,75.0,851.0
979.0,20.0,20.0,2.0,75.0,3344.0
980.0,40.0,20.0,2.0,75.0,12704.0
981.0,0.0,20.0,2.0,75.0,2464.0
982.0,0.5,20.0,2.0,75.0,2540.0
983.0,1.0,20.0,2.0,75.0,2545.0
984.0,2.0,20.0,2.0,75.0,1121.0
985.0,3.0,20.0,2.0,75.0,2165.0
986.0,5.0,20.0,2.0,75.0,1829.0
987.0,10.0,20.0,2.0,75.0,1057.0
988.0,20.0,20.0,2.0,75.0,2171.0
989.0,40.0,20.0,2.0,75.0,14890.0
990.0,0.0,20.0,2.0,75.0,2663.0
991.0,0.5,20.0,2.0,75.0,1135.0
992.0,1.0,20.0,2.0,75.0,2528.0
993.0,2.0,20.0,2.0,75.0,1537.0
994.0,3.0,20.0,2.0,75.0,1240.0
995.0,5.0,20.0,2.0,75.0,1645.0
996.0,10.0,20.0,2.0,75.0,1054.0
997.0,20.0,20.0,2.0,75.0,2898.0
998.0,40.0,20.0,2.0,75.0,7417.0
999.0,0.0,20.0,2.0,75.0,2508.0
1000.0,0.5,20.0,2.0,75.0,1748.0
1001.0,1.0,20.0,2.0,75.0,2482.0
1002.0,2.0,20.0,2.0,75.0,2178.0
1003.0,3.0,20.0,2.0,75.0,919.0
1004.0,5.0,20.0,2.0,75.0,1121.0
1005.0,10.0,20.0,2.0,75.0,1310.0
1006.0,20.0,20.0,2.0,75.0,3689.0
1007.0,40.0,20.0,2.0,75.0,8619.0
1008.0,0.0,20.0,2.0,75.0,2771.0
1009.0,0.5,20.0,2.0,75.0,1848.0
1010.0,1.0,20.0,2.0,75.0,2749.0
1011.0,2.0,20.0,2.0,75.0,931.0
1012.0,3.0,20.0,2.0,75.0,1376.0
1013.0,5.0,20.0,2.0,75.0,2329.0
1014.0,10.0,20.0,2.0,75.0,3997.0
1015.0,20.0,20.0,2.0,75.0,3507.0
1016.0,40.0,20.0,2.0,75.0,7714.0
1017.0,0.0,20.0,2.0,75.0,2588.0
1018.0,0.5,20.0,2.0,75.0,2632.0
1019.0,1.0,20.0,2.0,75.0,2691.0
1020.0,2.0,20.0,2.0,75.0,1423.0
1021.0,3.0,20.0,2.0,75.0,1843.0
1022.0,5.0,20.0,2.0,75.0,2077.0
1023.0,10.0,20.0,2.0,75.0,1643.0
1024.0,20.0,20.0,2.0,75.0,3920.0
1025.0,40.0,20.0,2.0,75.0,9036.0
1026.0,0.0,20.0,2.0,75.0,2496.0
1027.0,0.5,20.0,2.0,75.0,2457.0
1028.0,1.0,20.0,2.0,75.0,2224.0
1029.0,2.0,20.0,2.0,75.0,1084.0
1030.0,3.0,20.0,2.0,75.0,765.0
1031.0,5.0,20.0,2.0,75.0,1617.0
1032.0,10.0,20.0,2.0,75.0,2114.0
1033.0,20.0,20.0,2.0,75.0,2279.0
1034.0,40.0,20.0,2.0,75.0,6645.0
1035.0,0.0,20.0,2.0,75.0,2532.0
1036.0,0.5,20.0,2.0,75.0,1450.0
1037.0,1.0,20.0,2.0,75.0,954.0
1038.0,2.0,20.0,2.0,75.0,1152.0
1039.0,3.0,20.0,2.0,75.0,2158.0
1040.0,5.0,20.0,2.0,75.0,858.0
1041.0,10.0,20.0,2.0,75.0,1337.0
1042.0,20.0,20.0,2.0,75.0,3423.0
1043.0,40.0,20.0,2.0,75.0,12211.0
1044.0,0.0,20.0,2.0,75.0,2540.0
1045.0,0.5,20.0,2.0,75.0,2673.0
1046.0,1.0,20.0,2.0,75.0,1429.0
1047.0,2.0,20.0,2.0,75.0,1406.0
1048.0,3.0,20.0,2.0,75.0,1398.0
1049.0,5.0,20.0,2.0,75.0,782.0
1050.0,10.0,20.0,2.0,75.0,1925.0
1051.0,20.0,20.0,2.0,75.0,4173.0
1052.0,40.0,20.0,2.0,75.0,13103.0
1053.0,0.0,20.0,2.0,75.0,2484.0
1054.0,0.5,20.0,2.0,75.0,2636.0
1055.0,1.0,20.0,2.0,75.0,2225.0
1056.0,2.0,20.0,2.0,75.0,1232.0
1057.0,3.0,20.0,2.0,75.0,879.0
1058.0,5.0,20.0,2.0,75.0,1318.0
1059.0,10.0,20.0,2.0,75.0,1177.0
1060.0,20.0,20.0,2.0,75.0,2514.0
1061.0,40.0,20.0,2.0,75.0,10418.0
1062.0,0.0,20.0,2.0,75.0,2573.0
1063.0,0.5,20.0,2.0,75.0,1176.0
1064.0,1.0,20.0,2.0,75.0,1574.0
1065.0,2.0,20.0,2.0,75.0,1508.0
1066.0,3.0,20.0,2.0,75.0,953.0
1067.0,5.0,20.0,2.0,75.0,1245.0
1068.0,10.0,20.0,2.0,75.0,1176.0
1069.0,20.0,20.0,2.0,75.0,10437.0
1070.0,40.0,20.0,2.0,75.0,11080.0
1071.0,0.0,20.0,2.0,75.0,2634.0
1072.0,0.5,20.0,2.0,75.0,1867.0
1073.0,1.0,20.0,2.0,75.0,2167.0
1074.0,2.0,20.0,2.0,75.0,1424.0
1075.0,3.0,20.0,2.0,75.0,1473.0
1076.0,5.0,20.0,2.0,75.0,834.0
1077.0,10.0,20.0,2.0,75.0,2128.0
1078.0,20.0,20.0,2.0,75.0,4171.0
1079.0,40.0,20.0,2.0,75.0,9755.0
1080.0,0.0,20.0,2.0,75.0,2524.0
1081.0,0.5,20.0,2.0,75.0,1608.0
1082.0,1.0,20.0,2.0,75.0,2643.0
1083.0,2.0,20.0,2.0,75.0,1229.0
1084.0,3.0,20.0,2.0,75.0,1262.0
1085.0,5.0,20.0,2.0,75.0,2052.0
1086.0,10.0,20.0,2.0,75.0,1139.0
1087.0,20.0,20.0,2.0,75.0,4311.0
1088.0,40.0,20.0,2.0,75.0,9949.0
1089.0,0.0,20.0,2.0,75.0,2543.0
1090.0,0.5,20.0,2.0,75.0,2593.0
1091.0,1.0,20.0,2.0,75.0,1124.0
1092.0,2.0,20.0,2.0,75.0,1002.0
1093.0,3.0,20.0,2.0,75.0,1358.0
1094.0,5.0,20.0,2.0,75.0,1621.0
1095.0,10.0,20.0,2.0,75.0,1921.0
1096.0,20.0,20.0,2.0,75.0,2591.0
1097.0,40.0,20.0,2.0,75.0,8529.0
1098.0,0.0,20.0,2.0,75.0,2463.0
1099.0,0.5,20.0,2.0,75.0,2696.0
1100.0,1.0,20.0,2.0,75.0,1432.0
1101.0,2.0,20.0,2.0,75.0,1827.0
1102.0,3.0,20.0,2.0,75.0,1188.0
1103.0,5.0,20.0,2.0,75.0,1078.0
1104.0,10.0,20.0,2.0,75.0,2276.0
1105.0,20.0,20.0,2.0,75.0,3138.0
1106.0,40.0,20.0,2.0,75.0,12805.0
1107.0,0.0,20.0,2.0,75.0,2600.0
1108.0,0.5,20.0,2.0,75.0,1711.0
1109.0,1.0,20.0,2.0,75.0,1761.0
1110.0,2.0,20.0,2.0,75.0,2174.0
1111.0,3.0,20.0,2.0,75.0,1350.0
1112.0,5.0,20.0,2.0,75.0,1199.0
1113.0,10.0,20.0,2.0,75.0,2570.0
1114.0,20.0,20.0,2.0,75.0,2383.0
1115.0,40.0,20.0,2.0,75.0,5581.0
1116.0,0.0,20.0,2.0,75.0,2612.0
1117.0,0.5,20.0,2.0,75.0,1206.0
1118.0,1.0,20.0,2.0,75.0,1205.0
1119.0,2.0,20.0,2.0,75.0,1276.0
1120.0,3.0,20.0,2.0,75.0,924.0
1121.0,5.0,20.0,2.0,75.0,753.0
1122.0,10.0,20.0,2.0,75.0,1176.0
1123.0,20.0,20.0,2.0,75.0,3372.0
1124.0,40.0,20.0,2.0,75.0,10462.0
1125.0,0.0,20.0,2.0,75.0,2537.0
1126.0,0.5,20.0,2.0,75.0,2730.0
1127.0,1.0,20.0,2.0,75.0,1283.0
1128.0,2.0,20.0,2.0,75.0,2579.0
1129.0,3.0,20.0,2.0,75.0,3941.0
1130.0,5.0,20.0,2.0,75.0,2331.0
1131.0,10.0,20.0,2.0,75.0,1216.0
1132.0,20.0,20.0,2.0,75.0,2457.0
1133.0,40.0,20.0,2.0,75.0,10491.0
1134.0,0.0,20.0,2.0,75.0,2768.0
1135.0,0.5,20.0,2.0,75.0,2486.0
1136.0,1.0,20.0,2.0,75.0,2552.0
1137.0,2.0,20.0,2.0,75.0,2565.0
1138.0,3.0,20.0,2.0,75.0,1436.0
1139.0,5.0,20.0,2.0,75.0,1631.0
1140.0,10.0,20.0,2.0,75.0,1148.0
1141.0,20.0,20.0,2.0,75.0,3124.0
1142.0,40.0,20.0,2.0,75.0,17328.0
1143.0,0.0,20.0,2.0,75.0,2585.0
1144.0,0.5,20.0,2.0,75.0,2523.0
1145.0,1.0,20.0,2.0,75.0,2525.0
1146.0,2.0,20.0,2.0,75.0,1597.0
1147.0,3.0,20.0,2.0,75.0,1087.0
1148.0,5.0,20.0,2.0,75.0,1538.0
1149.0,10.0,20.0,2.0,75.0,861.0
1150.0,20.0,20.0,2.0,75.0,2603.0
1151.0,40.0,20.0,2.0,75.0,14574.0
1152.0,0.0,20.0,2.0,75.0,2380.0
1153.0,0.5,20.0,2.0,75.0,1308.0
1154.0,1.0,20.0,2.0,75.0,1235.0
1155.0,2.0,20.0,2.0,75.0,1140.0
1156.0,3.0,20.0,2.0,75.0,1812.0
1157.0,5.0,20.0,2.0,75.0,900.0
1158.0,10.0,20.0,2.0,75.0,1322.0
1159.0,20.0,20.0,2.0,75.0,3350.0
1160.0,40.0,20.0,2.0,75.0,10316.0
1161.0,0.0,20.0,2.0,75.0,2606.0
1162.0,0.5,20.0,2.0,75.0,2513.0
1163.0,1.0,20.0,2.0,75.0,1100.0
1164.0,2.0,20.0,2.0,75.0,1844.0
1165.0,3.0,20.0,2.0,75.0,2167.0
1166.0,5.0,20.0,2.0,75.0,2588.0
1167.0,10.0,20.0,2.0,75.0,952.0
1168.0,20.0,20.0,2.0,75.0,1714.0
1169.0,40.0,20.0,2.0,75.0,9046.0
1170.0,0.0,20.0,2.0,75.0,2591.0
1171.0,0.5,20.0,2.0,75.0,2446.0
1172.0,1.0,20.0,2.0,75.0,1379.0
1173.0,2.0,20.0,2.0,75.0,2552.0
1174.0,3.0,20.0,2.0,75.0,1398.0
1175.0,5.0,20.0,2.0,75.0,1625.0
1176.0,10.0,20.0,2.0,75.0,2313.0
1177.0,20.0,20.0,2.0,75.0,919.0
1178.0,40.0,20.0,2.0,75.0,14604.0
1179.0,0.0,20.0,2.0,75.0,2555.0
1180.0,0.5,20.0,2.0,75.0,1621.0
1181.0,1.0,20.0,2.0,75.0,2597.0
1182.0,2.0,20.0,2.0,75.0,2669.0
1183.0,3.0,20.0,2.0,75.0,1251.0
1184.0,5.0,20.0,2.0,75.0,1391.0
1185.0,10.0,20.0,2.0,75.0,1681.0
1186.0,20.0,20.0,2.0,75.0,3250.0
1187.0,40.0,20.0,2.0,75.0,10125.0
1188.0,0.0,20.0,2.0,75.0,6846.0
1189.0,0.5,20.0,2.0,75.0,1293.0
1190.0,1.0,20.0,2.0,75.0,1196.0
1191.0,2.0,20.0,2.0,75.0,1129.0
1192.0,3.0,20.0,2.0,75.0,1091.0
1193.0,5.0,20.0,2.0,75.0,911.0
1194.0,10.0,20.0,2.0,75.0,1587.0
1195.0,20.0,20.0,2.0,75.0,3766.0
1196.0,40.0,20.0,2.0,75.0,11251.0
1197.0,0.0,20.0,2.0,75.0,2716.0
1198.0,0.5,20.0,2.0,75.0,5115.0
1199.0,1.0,20.0,2.0,75.0,2391.0
1200.0,2.0,20.0,2.0,75.0,1183.0
1201.0,3.0,20.0,2.0,75.0,888.0
1202.0,5.0,20.0,2.0,75.0,960.0
1203.0,10.0,20.0,2.0,75.0,1570.0
1204.0,20.0,20.0,2.0,75.0,4084.0
1205.0,40.0,20.0,2.0,75.0,12654.0
1206.0,0.0,20.0,2.0,75.0,2593.0
1207.0,0.5,20.0,2.0,75.0,2476.0
1208.0,1.0,20.0,2.0,75.0,2462.0
1209.0,2.0,20.0,2.0,75.0,985.0
1210.0,3.0,20.0,2.0,75.0,849.0
1211.0,5.0,20.0,2.0,75.0,1248.0
1212.0,10.0,20.0,2.0,75.0,1054.0
1213.0,20.0,20.0,2.0,75.0,1705.0
1214.0,40.0,20.0,2.0,75.0,16250.0
1215.0,0.0,20.0,2.0,75.0,7066.0
1216.0,0.5,20.0,2.0,75.0,2571.0
1217.0,1.0,20.0,2.0,75.0,2107.0
1218.0,2.0,20.0,2.0,75.0,2720.0
1219.0,3.0,20.0,2.0,75.0,734.0
1220.0,5.0,20.0,2.0,75.0,1073.0
1221.0,10.0,20.0,2.0,75.0,995.0
1222.0,20.0,20.0,2.0,75.0,6613.0
1223.0,40.0,20.0,2.0,75.0,7339.0
1224.0,0.0,20.0,2.0,75.0,2605.0
1225.0,0.5,20.0,2.0,75.0,1345.0
1226.0,1.0,20.0,2.0,75.0,2345.0
1227.0,2.0,20.0,2.0,75.0,1580.0
1228.0,3.0,20.0,2.0,75.0,1686.0
1229.0,5.0,20.0,2.0,75.0,1297.0
1230.0,10.0,20.0,2.0,75.0,1921.0
1231.0,20.0,20.0,2.0,75.0,4003.0
1232.0,40.0,20.0,2.0,75.0,7286.0
1233.0,0.0,20.0,2.0,75.0,2642.0
1234.0,0.5,20.0,2.0,75.0,2390.0
1235.0,1.0,20.0,2.0,75.0,2533.0
1236.0,2.0,20.0,2.0,75.0,2031.0
1237.0,3.0,20.0,2.0,75.0,3011.0
1238.0,5.0,20.0,2.0,75.0,1963.0
1239.0,10.0,20.0,2.0,75.0,1201.0
1240.0,20.0,20.0,2.0,75.0,3433.0
1241.0,40.0,20.0,2.0,75.0,5574.0
1242.0,0.0,20.0,2.0,75.0,2713.0
1243.0,0.5,20.0,2.0,75.0,1756.0
1244.0,1.0,20.0,2.0,75.0,1093.0
1245.0,2.0,20.0,2.0,75.0,2096.0
1246.0,3.0,20.0,2.0,75.0,2729.0
1247.0,5.0,20.0,2.0,75.0,3107.0
1248.0,10.0,20.0,2.0,75.0,2316.0
1249.0,20.0,20.0,2.0,75.0,2335.0
1250.0,40.0,20.0,2.0,75.0,6735.0
1251.0,0.0,20.0,2.0,75.0,2565.0
1252.0,0.5,20.0,2.0,75.0,2433.0
1253.0,1.0,20.0,2.0,75.0,2542.0
1254.0,2.0,20.0,2.0,75.0,1007.0
1255.0,3.0,20.0,2.0,75.0,1825.0
1256.0,5.0,20.0,2.0,75.0,2123.0
1257.0,10.0,20.0,2.0,75.0,2021.0
1258.0,20.0,20.0,2.0,75.0,1923.0
1259.0,40.0,20.0,2.0,75.0,7306.0
1260.0,0.0,20.0,2.0,75.0,2553.0
1261.0,0.5,20.0,2.0,75.0,1267.0
1262.0,1.0,20.0,2.0,75.0,1172.0
1263.0,2.0,20.0,2.0,75.0,2532.0
1264.0,3.0,20.0,2.0,75.0,1398.0
1265.0,5.0,20.0,2.0,75.0,2007.0
1266.0,10.0,20.0,2.0,75.0,1099.0
1267.0,20.0,20.0,2.0,75.0,2078.0
1268.0,40.0,20.0,2.0,75.0,7771.0
1269.0,0.0,20.0,2.0,75.0,2727.0
1270.0,0.5,20.0,2.0,75.0,1134.0
1271.0,1.0,20.0,2.0,75.0,1035.0
1272.0,2.0,20.0,2.0,75.0,1041.0
1273.0,3.0,20.0,2.0,75.0,1721.0
1274.0,5.0,20.0,2.0,75.0,2498.0
1275.0,10.0,20.0,2.0,75.0,1975.0
1276.0,20.0,20.0,2.0,75.0,2781.0
1277.0,40.0,20.0,2.0,75.0,8933.0
1278.0,0.0,20.0,2.0,75.0,2585.0
1279.0,0.5,20.0,2.0,75.0,1540.0
1280.0,1.0,20.0,2.0,75.0,2545.0
1281.0,2.0,20.0,2.0,75.0,2401.0
1282.0,3.0,20.0,2.0,75.0,1098.0
1283.0,5.0,20.0,2.0,75.0,1244.0
1284.0,10.0,20.0,2.0,75.0,2175.0
1285.0,20.0,20.0,2.0,75.0,5420.0
1286.0,40.0,20.0,2.0,75.0,12387.0
1287.0,0.0,20.0,2.0,75.0,8607.0
1288.0,0.5,20.0,2.0,75.0,2377.0
1289.0,1.0,20.0,2.0,75.0,1430.0
1290.0,2.0,20.0,2.0,75.0,1421.0
1291.0,3.0,20.0,2.0,75.0,1432.0
1292.0,5.0,20.0,2.0,75.0,1047.0
1293.0,10.0,20.0,2.0,75.0,1369.0
1294.0,20.0,20.0,2.0,75.0,1559.0
1295.0,40.0,20.0,2.0,75.0,14266.0
1296.0,0.0,20.0,2.0,75.0,2510.0
1297.0,0.5,20.0,2.0,75.0,2771.0
1298.0,1.0,20.0,2.0,75.0,1378.0
1299.0,2.0,20.0,2.0,75.0,992.0
1300.0,3.0,20.0,2.0,75.0,1672.0
1301.0,5.0,20.0,2.0,75.0,998.0
1302.0,10.0,20.0,2.0,75.0,7033.0
1303.0,20.0,20.0,2.0,75.0,1443.0
1304.0,40.0,20.0,2.0,75.0,9596.0
1305.0,0.0,20.0,2.0,75.0,2458.0
1306.0,0.5,20.0,2.0,75.0,2428.0
1307.0,1.0,20.0,2.0,75.0,1605.0
1308.0,2.0,20.0,2.0,75.0,2600.0
1309.0,3.0,20.0,2.0,75.0,1456.0
1310.0,5.0,20.0,2.0,75.0,1491.0
1311.0,10.0,20.0,2.0,75.0,1201.0
1312.0,20.0,20.0,2.0,75.0,3742.0
1313.0,40.0,20.0,2.0,75.0,8170.0
1314.0,0.0,20.0,2.0,75.0,2772.0
1315.0,0.5,20.0,2.0,75.0,1010.0
1316.0,1.0,20.0,2.0,75.0,1979.0
1317.0,2.0,20.0,2.0,75.0,1528.0
1318.0,3.0,20.0,2.0,75.0,884.0
1319.0,5.0,20.0,2.0,75.0,1917.0
1320.0,10.0,20.0,2.0,75.0,3126.0
1321.0,20.0,20.0,2.0,75.0,7492.0
1322.0,40.0,20.0,2.0,75.0,9993.0
1323.0,0.0,20.0,2.0,75.0,2709.0
1324.0,0.5,20.0,2.0,75.0,1103.0
1325.0,1.0,20.0,2.0,75.0,1499.0
1326.0,2.0,20.0,2.0,75.0,1650.0
1327.0,3.0,20.0,2.0,75.0,1185.0
1328.0,5.0,20.0,2.0,75.0,979.0
1329.0,10.0,20.0,2.0,75.0,1139.0
1330.0,20.0,20.0,2.0,75.0,1522.0
1331.0,40.0,20.0,2.0,75.0,12151.0
1332.0,0.0,20.0,2.0,75.0,2546.0
1333.0,0.5,20.0,2.0,75.0,2610.0
1334.0,1.0,20.0,2.0,75.0,2549.0
1335.0,2.0,20.0,2.0,75.0,745.0
1336.0,3.0,20.0,2.0,75.0,2636.0
1337.0,5.0,20.0,2.0,75.0,1770.0
1338.0,10.0,20.0,2.0,75.0,1545.0
1339.0,20.0,20.0,2.0,75.0,5075.0
1340.0,40.0,20.0,2.0,75.0,10691.0
1341.0,0.0,20.0,2.0,75.0,2534.0
1342.0,0.5,20.0,2.0,75.0,2434.0
1343.0,1.0,20.0,2.0,75.0,1359.0
1344.0,2.0,20.0,2.0,75.0,1084.0
1345.0,3.0,20.0,2.0,75.0,2217.0
1346.0,5.0,20.0,2.0,75.0,923.0
1347.0,10.0,20.0,2.0,75.0,3345.0
1348.0,20.0,20.0,2.0,75.0,9776.0
1349.0,40.0,20.0,2.0,75.0,7625.0
1350.0,0.0,20.0,2.0,100.0,4351.0
1351.0,0.5,20.0,2.0,100.0,4728.0
1352.0,1.0,20.0,2.0,100.0,2365.0
1353.0,2.0,20.0,2.0,100.0,2270.0
1354.0,3.0,20.0,2.0,100.0,1807.0
1355.0,5.0,20.0,2.0,100.0,2908.0
1356.0,10.0,20.0,2.0,100.0,3673.0
1357.0,20.0,20.0,2.0,100.0,4211.0
1358.0,40.0,20.0,2.0,100.0,11368.0
1359.0,0.0,20.0,2.0,100.0,4586.0
1360.0,0.5,20.0,2.0,100.0,4623.0
1361.0,1.0,20.0,2.0,100.0,4724.0
1362.0,2.0,20.0,2.0,100.0,2270.0
1363.0,3.0,20.0,2.0,100.0,2084.0
1364.0,5.0,20.0,2.0,100.0,2006.0
1365.0,10.0,20.0,2.0,100.0,5053.0
1366.0,20.0,20.0,2.0,100.0,4596.0
1367.0,40.0,20.0,2.0,100.0,16005.0
1368.0,0.0,20.0,2.0,100.0,4481.0
1369.0,0.5,20.0,2.0,100.0,3643.0
1370.0,1.0,20.0,2.0,100.0,2161.0
1371.0,2.0,20.0,2.0,100.0,2815.0
1372.0,3.0,20.0,2.0,100.0,1639.0
1373.0,5.0,20.0,2.0,100.0,4645.0
1374.0,10.0,20.0,2.0,100.0,3327.0
1375.0,20.0,20.0,2.0,100.0,3687.0
1376.0,40.0,20.0,2.0,100.0,15730.0
1377.0,0.0,20.0,2.0,100.0,4590.0
1378.0,0.5,20.0,2.0,100.0,6104.0
1379.0,1.0,20.0,2.0,100.0,4689.0
1380.0,2.0,20.0,2.0,100.0,4502.0
1381.0,3.0,20.0,2.0,100.0,1211.0
1382.0,5.0,20.0,2.0,100.0,3041.0
1383.0,10.0,20.0,2.0,100.0,4937.0
1384.0,20.0,20.0,2.0,100.0,4718.0
1385.0,40.0,20.0,2.0,100.0,18422.0
1386.0,0.0,20.0,2.0,100.0,4734.0
1387.0,0.5,20.0,2.0,100.0,4226.0
1388.0,1.0,20.0,2.0,100.0,4742.0
1389.0,2.0,20.0,2.0,100.0,1887.0
1390.0,3.0,20.0,2.0,100.0,2042.0
1391.0,5.0,20.0,2.0,100.0,1535.0
1392.0,10.0,20.0,2.0,100.0,2184.0
1393.0,20.0,20.0,2.0,100.0,8131.0
1394.0,40.0,20.0,2.0,100.0,14314.0
1395.0,0.0,20.0,2.0,100.0,4559.0
1396.0,0.5,20.0,2.0,100.0,4013.0
1397.0,1.0,20.0,2.0,100.0,4063.0
1398.0,2.0,20.0,2.0,100.0,2369.0
1399.0,3.0,20.0,2.0,100.0,4258.0
1400.0,5.0,20.0,2.0,100.0,1884.0
1401.0,10.0,20.0,2.0,100.0,2236.0
1402.0,20.0,20.0,2.0,100.0,8039.0
1403.0,40.0,20.0,2.0,100.0,20930.0
1404.0,0.0,20.0,2.0,100.0,4800.0
1405.0,0.5,20.0,2.0,100.0,4902.0
1406.0,1.0,20.0,2.0,100.0,1845.0
1407.0,2.0,20.0,2.0,100.0,3247.0
1408.0,3.0,20.0,2.0,100.0,2055.0
1409.0,5.0,20.0,2.0,100.0,4341.0
1410.0,10.0,20.0,2.0,100.0,3450.0
1411.0,20.0,20.0,2.0,100.0,5196.0
1412.0,40.0,20.0,2.0,100.0,12403.0
1413.0,0.0,20.0,2.0,100.0,4703.0
1414.0,0.5,20.0,2.0,100.0,4470.0
1415.0,1.0,20.0,2.0,100.0,1784.0
1416.0,2.0,20.0,2.0,100.0,4624.0
1417.0,3.0,20.0,2.0,100.0,1534.0
1418.0,5.0,20.0,2.0,100.0,1407.0
1419.0,10.0,20.0,2.0,100.0,2789.0
1420.0,20.0,20.0,2.0,100.0,3296.0
1421.0,40.0,20.0,2.0,100.0,11480.0
1422.0,0.0,20.0,2.0,100.0,4583.0
1423.0,0.5,20.0,2.0,100.0,2086.0
1424.0,1.0,20.0,2.0,100.0,1921.0
1425.0,2.0,20.0,2.0,100.0,1117.0
1426.0,3.0,20.0,2.0,100.0,1743.0
1427.0,5.0,20.0,2.0,100.0,2272.0
1428.0,10.0,20.0,2.0,100.0,3145.0
1429.0,20.0,20.0,2.0,100.0,3185.0
1430.0,40.0,20.0,2.0,100.0,13495.0
1431.0,0.0,20.0,2.0,100.0,4568.0
1432.0,0.5,20.0,2.0,100.0,4521.0
1433.0,1.0,20.0,2.0,100.0,4439.0
1434.0,2.0,20.0,2.0,100.0,4196.0
1435.0,3.0,20.0,2.0,100.0,3397.0
1436.0,5.0,20.0,2.0,100.0,1448.0
1437.0,10.0,20.0,2.0,100.0,5778.0
1438.0,20.0,20.0,2.0,100.0,3327.0
1439.0,40.0,20.0,2.0,100.0,15019.0
1440.0,0.0,20.0,2.0,100.0,4323.0
1441.0,0.5,20.0,2.0,100.0,4758.0
1442.0,1.0,20.0,2.0,100.0,1776.0
1443.0,2.0,20.0,2.0,100.0,2692.0
1444.0,3.0,20.0,2.0,100.0,1211.0
1445.0,5.0,20.0,2.0,100.0,4169.0
1446.0,10.0,20.0,2.0,100.0,4495.0
1447.0,20.0,20.0,2.0,100.0,13531.0
1448.0,40.0,20.0,2.0,100.0,14247.0
1449.0,0.0,20.0,2.0,100.0,4730.0
1450.0,0.5,20.0,2.0,100.0,4692.0
1451.0,1.0,20.0,2.0,100.0,4680.0
1452.0,2.0,20.0,2.0,100.0,2281.0
1453.0,3.0,20.0,2.0,100.0,2603.0
1454.0,5.0,20.0,2.0,100.0,4519.0
1455.0,10.0,20.0,2.0,100.0,3764.0
1456.0,20.0,20.0,2.0,100.0,5288.0
1457.0,40.0,20.0,2.0,100.0,24981.0
1458.0,0.0,20.0,2.0,100.0,4681.0
1459.0,0.5,20.0,2.0,100.0,2104.0
1460.0,1.0,20.0,2.0,100.0,2407.0
1461.0,2.0,20.0,2.0,100.0,1470.0
1462.0,3.0,20.0,2.0,100.0,2279.0
1463.0,5.0,20.0,2.0,100.0,1148.0
1464.0,10.0,20.0,2.0,100.0,3108.0
1465.0,20.0,20.0,2.0,100.0,8258.0
1466.0,40.0,20.0,2.0,100.0,26925.0
1467.0,0.0,20.0,2.0,100.0,4478.0
1468.0,0.5,20.0,2.0,100.0,3204.0
1469.0,1.0,20.0,2.0,100.0,1887.0
1470.0,2.0,20.0,2.0,100.0,3042.0
1471.0,3.0,20.0,2.0,100.0,2447.0
1472.0,5.0,20.0,2.0,100.0,4200.0
1473.0,10.0,20.0,2.0,100.0,1988.0
1474.0,20.0,20.0,2.0,100.0,7845.0
1475.0,40.0,20.0,2.0,100.0,13443.0
1476.0,0.0,20.0,2.0,100.0,4597.0
1477.0,0.5,20.0,2.0,100.0,4793.0
1478.0,1.0,20.0,2.0,100.0,8560.0
1479.0,2.0,20.0,2.0,100.0,1722.0
1480.0,3.0,20.0,2.0,100.0,1378.0
1481.0,5.0,20.0,2.0,100.0,1829.0
1482.0,10.0,20.0,2.0,100.0,8932.0
1483.0,20.0,20.0,2.0,100.0,3176.0
1484.0,40.0,20.0,2.0,100.0,21186.0
1485.0,0.0,20.0,2.0,100.0,4595.0
1486.0,0.5,20.0,2.0,100.0,4372.0
1487.0,1.0,20.0,2.0,100.0,2326.0
1488.0,2.0,20.0,2.0,100.0,1257.0
1489.0,3.0,20.0,2.0,100.0,4214.0
1490.0,5.0,20.0,2.0,100.0,1362.0
1491.0,10.0,20.0,2.0,100.0,1568.0
1492.0,20.0,20.0,2.0,100.0,4650.0
1493.0,40.0,20.0,2.0,100.0,14719.0
1494.0,0.0,20.0,2.0,100.0,4632.0
1495.0,0.5,20.0,2.0,100.0,4574.0
1496.0,1.0,20.0,2.0,100.0,4606.0
1497.0,2.0,20.0,2.0,100.0,2129.0
1498.0,3.0,20.0,2.0,100.0,3328.0
1499.0,5.0,20.0,2.0,100.0,3233.0
1500.0,10.0,20.0,2.0,100.0,6009.0
1501.0,20.0,20.0,2.0,100.0,5191.0
1502.0,40.0,20.0,2.0,100.0,20943.0
1503.0,0.0,20.0,2.0,100.0,4680.0
1504.0,0.5,20.0,2.0,100.0,3130.0
1505.0,1.0,20.0,2.0,100.0,2969.0
1506.0,2.0,20.0,2.0,100.0,1500.0
1507.0,3.0,20.0,2.0,100.0,1704.0
1508.0,5.0,20.0,2.0,100.0,1393.0
1509.0,10.0,20.0,2.0,100.0,3791.0
1510.0,20.0,20.0,2.0,100.0,6261.0
1511.0,40.0,20.0,2.0,100.0,10887.0
1512.0,0.0,20.0,2.0,100.0,4514.0
1513.0,0.5,20.0,2.0,100.0,3889.0
1514.0,1.0,20.0,2.0,100.0,4740.0
1515.0,2.0,20.0,2.0,100.0,3004.0
1516.0,3.0,20.0,2.0,100.0,1809.0
1517.0,5.0,20.0,2.0,100.0,4797.0
1518.0,10.0,20.0,2.0,100.0,3876.0
1519.0,20.0,20.0,2.0,100.0,6099.0
1520.0,40.0,20.0,2.0,100.0,10752.0
1521.0,0.0,20.0,2.0,100.0,4529.0
1522.0,0.5,20.0,2.0,100.0,4452.0
1523.0,1.0,20.0,2.0,100.0,1591.0
1524.0,2.0,20.0,2.0,100.0,3391.0
1525.0,3.0,20.0,2.0,100.0,1967.0
1526.0,5.0,20.0,2.0,100.0,3106.0
1527.0,10.0,20.0,2.0,100.0,4182.0
1528.0,20.0,20.0,2.0,100.0,6955.0
1529.0,40.0,20.0,2.0,100.0,20816.0
1530.0,0.0,20.0,2.0,100.0,4609.0
1531.0,0.5,20.0,2.0,100.0,4137.0
1532.0,1.0,20.0,2.0,100.0,4305.0
1533.0,2.0,20.0,2.0,100.0,2813.0
1534.0,3.0,20.0,2.0,100.0,2542.0
1535.0,5.0,20.0,2.0,100.0,2871.0
1536.0,10.0,20.0,2.0,100.0,1493.0
1537.0,20.0,20.0,2.0,100.0,6682.0
1538.0,40.0,20.0,2.0,100.0,18841.0
1539.0,0.0,20.0,2.0,100.0,4494.0
1540.0,0.5,20.0,2.0,100.0,2162.0
1541.0,1.0,20.0,2.0,100.0,4726.0
1542.0,2.0,20.0,2.0,100.0,2026.0
1543.0,3.0,20.0,2.0,100.0,3924.0
1544.0,5.0,20.0,2.0,100.0,3407.0
1545.0,10.0,20.0,2.0,100.0,2369.0
1546.0,20.0,20.0,2.0,100.0,3741.0
1547.0,40.0,20.0,2.0,100.0,12637.0
1548.0,0.0,20.0,2.0,100.0,4817.0
1549.0,0.5,20.0,2.0,100.0,3147.0
1550.0,1.0,20.0,2.0,100.0,3505.0
1551.0,2.0,20.0,2.0,100.0,2212.0
1552.0,3.0,20.0,2.0,100.0,2879.0
1553.0,5.0,20.0,2.0,100.0,2232.0
1554.0,10.0,20.0,2.0,100.0,2950.0
1555.0,20.0,20.0,2.0,100.0,3123.0
1556.0,40.0,20.0,2.0,100.0,11575.0
1557.0,0.0,20.0,2.0,100.0,4588.0
1558.0,0.5,20.0,2.0,100.0,4934.0
1559.0,1.0,20.0,2.0,100.0,1763.0
1560.0,2.0,20.0,2.0,100.0,1919.0
1561.0,3.0,20.0,2.0,100.0,2443.0
1562.0,5.0,20.0,2.0,100.0,2229.0
1563.0,10.0,20.0,2.0,100.0,4278.0
1564.0,20.0,20.0,2.0,100.0,12735.0
1565.0,40.0,20.0,2.0,100.0,18612.0
1566.0,0.0,20.0,2.0,100.0,4658.0
1567.0,0.5,20.0,2.0,100.0,4547.0
1568.0,1.0,20.0,2.0,100.0,4438.0
1569.0,2.0,20.0,2.0,100.0,4298.0
1570.0,3.0,20.0,2.0,100.0,2867.0
1571.0,5.0,20.0,2.0,100.0,1700.0
1572.0,10.0,20.0,2.0,100.0,3116.0
1573.0,20.0,20.0,2.0,100.0,2452.0
1574.0,40.0,20.0,2.0,100.0,14086.0
1575.0,0.0,20.0,2.0,100.0,4800.0
1576.0,0.5,20.0,2.0,100.0,4611.0
1577.0,1.0,20.0,2.0,100.0,2783.0
1578.0,2.0,20.0,2.0,100.0,1749.0
1579.0,3.0,20.0,2.0,100.0,1464.0
1580.0,5.0,20.0,2.0,100.0,2156.0
1581.0,10.0,20.0,2.0,100.0,1797.0
1582.0,20.0,20.0,2.0,100.0,3919.0
1583.0,40.0,20.0,2.0,100.0,14833.0
1584.0,0.0,20.0,2.0,100.0,4525.0
1585.0,0.5,20.0,2.0,100.0,2231.0
1586.0,1.0,20.0,2.0,100.0,4099.0
1587.0,2.0,20.0,2.0,100.0,2926.0
1588.0,3.0,20.0,2.0,100.0,2762.0
1589.0,5.0,20.0,2.0,100.0,5687.0
1590.0,10.0,20.0,2.0,100.0,2420.0
1591.0,20.0,20.0,2.0,100.0,6941.0
1592.0,40.0,20.0,2.0,100.0,12564.0
1593.0,0.0,20.0,2.0,100.0,4798.0
1594.0,0.5,20.0,2.0,100.0,1919.0
1595.0,1.0,20.0,2.0,100.0,2246.0
1596.0,2.0,20.0,2.0,100.0,2633.0
1597.0,3.0,20.0,2.0,100.0,3126.0
1598.0,5.0,20.0,2.0,100.0,3188.0
1599.0,10.0,20.0,2.0,100.0,2905.0
1600.0,20.0,20.0,2.0,100.0,5234.0
1601.0,40.0,20.0,2.0,100.0,21056.0
1602.0,0.0,20.0,2.0,100.0,4723.0
1603.0,0.5,20.0,2.0,100.0,2237.0
1604.0,1.0,20.0,2.0,100.0,2788.0
1605.0,2.0,20.0,2.0,100.0,2527.0
1606.0,3.0,20.0,2.0,100.0,2608.0
1607.0,5.0,20.0,2.0,100.0,1455.0
1608.0,10.0,20.0,2.0,100.0,2376.0
1609.0,20.0,20.0,2.0,100.0,6128.0
1610.0,40.0,20.0,2.0,100.0,21649.0
1611.0,0.0,20.0,2.0,100.0,4481.0
1612.0,0.5,20.0,2.0,100.0,7486.0
1613.0,1.0,20.0,2.0,100.0,2050.0
1614.0,2.0,20.0,2.0,100.0,11992.0
1615.0,3.0,20.0,2.0,100.0,2845.0
1616.0,5.0,20.0,2.0,100.0,1684.0
1617.0,10.0,20.0,2.0,100.0,3168.0
1618.0,20.0,20.0,2.0,100.0,6213.0
1619.0,40.0,20.0,2.0,100.0,22874.0
1620.0,0.0,20.0,2.0,100.0,4534.0
1621.0,0.5,20.0,2.0,100.0,4641.0
1622.0,1.0,20.0,2.0,100.0,2627.0
1623.0,2.0,20.0,2.0,100.0,3310.0
1624.0,3.0,20.0,2.0,100.0,2090.0
1625.0,5.0,20.0,2.0,100.0,2087.0
1626.0,10.0,20.0,2.0,100.0,2910.0
1627.0,20.0,20.0,2.0,100.0,6397.0
1628.0,40.0,20.0,2.0,100.0,17165.0
1629.0,0.0,20.0,2.0,100.0,13211.0
1630.0,0.5,20.0,2.0,100.0,4305.0
1631.0,1.0,20.0,2.0,100.0,4672.0
1632.0,2.0,20.0,2.0,100.0,4106.0
1633.0,3.0,20.0,2.0,100.0,1295.0
1634.0,5.0,20.0,2.0,100.0,2455.0
1635.0,10.0,20.0,2.0,100.0,3512.0
1636.0,20.0,20.0,2.0,100.0,5047.0
1637.0,40.0,20.0,2.0,100.0,18328.0
1638.0,0.0,20.0,2.0,100.0,4455.0
1639.0,0.5,20.0,2.0,100.0,3261.0
1640.0,1.0,20.0,2.0,100.0,4742.0
1641.0,2.0,20.0,2.0,100.0,1539.0
1642.0,3.0,20.0,2.0,100.0,2927.0
1643.0,5.0,20.0,2.0,100.0,5015.0
1644.0,10.0,20.0,2.0,100.0,1515.0
1645.0,20.0,20.0,2.0,100.0,4593.0
1646.0,40.0,20.0,2.0,100.0,21712.0
1647.0,0.0,20.0,2.0,100.0,4487.0
1648.0,0.5,20.0,2.0,100.0,4620.0
1649.0,1.0,20.0,2.0,100.0,1336.0
1650.0,2.0,20.0,2.0,100.0,2389.0
1651.0,3.0,20.0,2.0,100.0,2467.0
1652.0,5.0,20.0,2.0,100.0,3156.0
1653.0,10.0,20.0,2.0,100.0,2063.0
1654.0,20.0,20.0,2.0,100.0,3429.0
1655.0,40.0,20.0,2.0,100.0,29524.0
1656.0,0.0,20.0,2.0,100.0,4913.0
1657.0,0.5,20.0,2.0,100.0,3145.0
1658.0,1.0,20.0,2.0,100.0,3687.0
1659.0,2.0,20.0,2.0,100.0,2344.0
1660.0,3.0,20.0,2.0,100.0,1447.0
1661.0,5.0,20.0,2.0,100.0,1320.0
1662.0,10.0,20.0,2.0,100.0,5670.0
1663.0,20.0,20.0,2.0,100.0,7422.0
1664.0,40.0,20.0,2.0,100.0,13163.0
1665.0,0.0,20.0,2.0,100.0,4478.0
1666.0,0.5,20.0,2.0,100.0,4456.0
1667.0,1.0,20.0,2.0,100.0,4677.0
1668.0,2.0,20.0,2.0,100.0,2673.0
1669.0,3.0,20.0,2.0,100.0,2311.0
1670.0,5.0,20.0,2.0,100.0,2322.0
1671.0,10.0,20.0,2.0,100.0,6341.0
1672.0,20.0,20.0,2.0,100.0,1840.0
1673.0,40.0,20.0,2.0,100.0,24625.0
1674.0,0.0,20.0,2.0,100.0,4726.0
1675.0,0.5,20.0,2.0,100.0,2465.0
1676.0,1.0,20.0,2.0,100.0,4729.0
1677.0,2.0,20.0,2.0,100.0,3777.0
1678.0,3.0,20.0,2.0,100.0,1716.0
1679.0,5.0,20.0,2.0,100.0,1827.0
1680.0,10.0,20.0,2.0,100.0,5426.0
1681.0,20.0,20.0,2.0,100.0,5854.0
1682.0,40.0,20.0,2.0,100.0,16526.0
1683.0,0.0,20.0,2.0,100.0,5081.0
1684.0,0.5,20.0,2.0,100.0,4518.0
1685.0,1.0,20.0,2.0,100.0,4785.0
1686.0,2.0,20.0,2.0,100.0,3516.0
1687.0,3.0,20.0,2.0,100.0,1684.0
1688.0,5.0,20.0,2.0,100.0,1628.0
1689.0,10.0,20.0,2.0,100.0,3262.0
1690.0,20.0,20.0,2.0,100.0,2526.0
1691.0,40.0,20.0,2.0,100.0,13263.0
1692.0,0.0,20.0,2.0,100.0,13409.0
1693.0,0.5,20.0,2.0,100.0,4697.0
1694.0,1.0,20.0,2.0,100.0,2564.0
1695.0,2.0,20.0,2.0,100.0,2870.0
1696.0,3.0,20.0,2.0,100.0,2743.0
1697.0,5.0,20.0,2.0,100.0,1626.0
1698.0,10.0,20.0,2.0,100.0,5470.0
1699.0,20.0,20.0,2.0,100.0,5213.0
1700.0,40.0,20.0,2.0,100.0,17978.0
1701.0,0.0,20.0,2.0,100.0,4547.0
1702.0,0.5,20.0,2.0,100.0,1888.0
1703.0,1.0,20.0,2.0,100.0,4721.0
1704.0,2.0,20.0,2.0,100.0,1275.0
1705.0,3.0,20.0,2.0,100.0,1311.0
1706.0,5.0,20.0,2.0,100.0,2076.0
1707.0,10.0,20.0,2.0,100.0,2199.0
1708.0,20.0,20.0,2.0,100.0,6843.0
1709.0,40.0,20.0,2.0,100.0,19267.0
1710.0,0.0,20.0,2.0,100.0,4479.0
1711.0,0.5,20.0,2.0,100.0,4828.0
1712.0,1.0,20.0,2.0,100.0,2794.0
1713.0,2.0,20.0,2.0,100.0,2674.0
1714.0,3.0,20.0,2.0,100.0,3053.0
1715.0,5.0,20.0,2.0,100.0,1757.0
1716.0,10.0,20.0,2.0,100.0,4646.0
1717.0,20.0,20.0,2.0,100.0,4865.0
1718.0,40.0,20.0,2.0,100.0,11677.0
1719.0,0.0,20.0,2.0,100.0,4561.0
1720.0,0.5,20.0,2.0,100.0,4834.0
1721.0,1.0,20.0,2.0,100.0,2250.0
1722.0,2.0,20.0,2.0,100.0,2008.0
1723.0,3.0,20.0,2.0,100.0,1783.0
1724.0,5.0,20.0,2.0,100.0,1814.0
1725.0,10.0,20.0,2.0,100.0,5456.0
1726.0,20.0,20.0,2.0,100.0,3794.0
1727.0,40.0,20.0,2.0,100.0,19876.0
1728.0,0.0,20.0,2.0,100.0,4475.0
1729.0,0.5,20.0,2.0,100.0,4451.0
1730.0,1.0,20.0,2.0,100.0,3073.0
1731.0,2.0,20.0,2.0,100.0,2480.0
1732.0,3.0,20.0,2.0,100.0,1771.0
1733.0,5.0,20.0,2.0,100.0,3117.0
1734.0,10.0,20.0,2.0,100.0,3676.0
1735.0,20.0,20.0,2.0,100.0,6280.0
1736.0,40.0,20.0,2.0,100.0,14927.0
1737.0,0.0,20.0,2.0,100.0,4723.0
1738.0,0.5,20.0,2.0,100.0,4729.0
1739.0,1.0,20.0,2.0,100.0,4370.0
1740.0,2.0,20.0,2.0,100.0,3408.0
1741.0,3.0,20.0,2.0,100.0,3953.0
1742.0,5.0,20.0,2.0,100.0,3521.0
1743.0,10.0,20.0,2.0,100.0,2670.0
1744.0,20.0,20.0,2.0,100.0,5312.0
1745.0,40.0,20.0,2.0,100.0,18721.0
1746.0,0.0,20.0,2.0,100.0,4736.0
1747.0,0.5,20.0,2.0,100.0,2525.0
1748.0,1.0,20.0,2.0,100.0,2587.0
1749.0,2.0,20.0,2.0,100.0,2422.0
1750.0,3.0,20.0,2.0,100.0,2558.0
1751.0,5.0,20.0,2.0,100.0,2779.0
1752.0,10.0,20.0,2.0,100.0,2724.0
1753.0,20.0,20.0,2.0,100.0,6559.0
1754.0,40.0,20.0,2.0,100.0,23336.0
1755.0,0.0,20.0,2.0,100.0,9392.0
1756.0,0.5,20.0,2.0,100.0,10426.0
1757.0,1.0,20.0,2.0,100.0,2566.0
1758.0,2.0,20.0,2.0,100.0,2535.0
1759.0,3.0,20.0,2.0,100.0,2030.0
1760.0,5.0,20.0,2.0,100.0,2105.0
1761.0,10.0,20.0,2.0,100.0,4662.0
1762.0,20.0,20.0,2.0,100.0,14141.0
1763.0,40.0,20.0,2.0,100.0,13277.0
1764.0,0.0,20.0,2.0,100.0,4735.0
1765.0,0.5,20.0,2.0,100.0,3891.0
1766.0,1.0,20.0,2.0,100.0,3106.0
1767.0,2.0,20.0,2.0,100.0,1406.0
1768.0,3.0,20.0,2.0,100.0,2376.0
1769.0,5.0,20.0,2.0,100.0,2794.0
1770.0,10.0,20.0,2.0,100.0,2045.0
1771.0,20.0,20.0,2.0,100.0,4805.0
1772.0,40.0,20.0,2.0,100.0,19486.0
1773.0,0.0,20.0,2.0,100.0,4667.0
1774.0,0.5,20.0,2.0,100.0,2083.0
1775.0,1.0,20.0,2.0,100.0,2770.0
1776.0,2.0,20.0,2.0,100.0,3197.0
1777.0,3.0,20.0,2.0,100.0,2209.0
1778.0,5.0,20.0,2.0,100.0,1310.0
1779.0,10.0,20.0,2.0,100.0,4031.0
1780.0,20.0,20.0,2.0,100.0,6168.0
1781.0,40.0,20.0,2.0,100.0,17502.0
1782.0,0.0,20.0,2.0,100.0,4579.0
1783.0,0.5,20.0,2.0,100.0,3652.0
1784.0,1.0,20.0,2.0,100.0,4435.0
1785.0,2.0,20.0,2.0,100.0,2458.0
1786.0,3.0,20.0,2.0,100.0,1361.0
1787.0,5.0,20.0,2.0,100.0,2789.0
1788.0,10.0,20.0,2.0,100.0,3225.0
1789.0,20.0,20.0,2.0,100.0,10277.0
1790.0,40.0,20.0,2.0,100.0,12213.0
1791.0,0.0,20.0,2.0,100.0,4598.0
1792.0,0.5,20.0,2.0,100.0,4466.0
1793.0,1.0,20.0,2.0,100.0,4410.0
1794.0,2.0,20.0,2.0,100.0,2432.0
1795.0,3.0,20.0,2.0,100.0,3976.0
1796.0,5.0,20.0,2.0,100.0,7880.0
1797.0,10.0,20.0,2.0,100.0,1502.0
1798.0,20.0,20.0,2.0,100.0,8107.0
1799.0,40.0,20.0,2.0,100.0,17418.0
1800.0,0.0,20.0,2.0,125.0,7276.0
1801.0,0.5,20.0,2.0,125.0,4193.0
1802.0,1.0,20.0,2.0,125.0,4172.0
1803.0,2.0,20.0,2.0,125.0,10757.0
1804.0,3.0,20.0,2.0,125.0,3009.0
1805.0,5.0,20.0,2.0,125.0,3882.0
1806.0,10.0,20.0,2.0,125.0,12563.0
1807.0,20.0,20.0,2.0,125.0,13624.0
1808.0,40.0,20.0,2.0,125.0,31520.0
1809.0,0.0,20.0,2.0,125.0,7400.0
1810.0,0.5,20.0,2.0,125.0,3618.0
1811.0,1.0,20.0,2.0,125.0,7204.0
1812.0,2.0,20.0,2.0,125.0,2929.0
1813.0,3.0,20.0,2.0,125.0,2174.0
1814.0,5.0,20.0,2.0,125.0,5095.0
1815.0,10.0,20.0,2.0,125.0,6296.0
1816.0,20.0,20.0,2.0,125.0,14286.0
1817.0,40.0,20.0,2.0,125.0,27386.0
1818.0,0.0,20.0,2.0,125.0,7455.0
1819.0,0.5,20.0,2.0,125.0,7219.0
1820.0,1.0,20.0,2.0,125.0,15734.0
1821.0,2.0,20.0,2.0,125.0,2808.0
1822.0,3.0,20.0,2.0,125.0,3887.0
1823.0,5.0,20.0,2.0,125.0,3250.0
1824.0,10.0,20.0,2.0,125.0,3935.0
1825.0,20.0,20.0,2.0,125.0,8808.0
1826.0,40.0,20.0,2.0,125.0,21007.0
1827.0,0.0,20.0,2.0,125.0,7476.0
1828.0,0.5,20.0,2.0,125.0,3039.0
1829.0,1.0,20.0,2.0,125.0,7026.0
1830.0,2.0,20.0,2.0,125.0,1715.0
1831.0,3.0,20.0,2.0,125.0,2441.0
1832.0,5.0,20.0,2.0,125.0,3880.0
1833.0,10.0,20.0,2.0,125.0,5510.0
1834.0,20.0,20.0,2.0,125.0,7374.0
1835.0,40.0,20.0,2.0,125.0,32677.0
1836.0,0.0,20.0,2.0,125.0,7511.0
1837.0,0.5,20.0,2.0,125.0,7077.0
1838.0,1.0,20.0,2.0,125.0,5683.0
1839.0,2.0,20.0,2.0,125.0,2859.0
1840.0,3.0,20.0,2.0,125.0,4767.0
1841.0,5.0,20.0,2.0,125.0,3741.0
1842.0,10.0,20.0,2.0,125.0,7762.0
1843.0,20.0,20.0,2.0,125.0,9576.0
1844.0,40.0,20.0,2.0,125.0,18385.0
1845.0,0.0,20.0,2.0,125.0,15789.0
1846.0,0.5,20.0,2.0,125.0,5522.0
1847.0,1.0,20.0,2.0,125.0,3739.0
1848.0,2.0,20.0,2.0,125.0,6590.0
1849.0,3.0,20.0,2.0,125.0,1582.0
1850.0,5.0,20.0,2.0,125.0,4198.0
1851.0,10.0,20.0,2.0,125.0,2374.0
1852.0,20.0,20.0,2.0,125.0,10033.0
1853.0,40.0,20.0,2.0,125.0,36870.0
1854.0,0.0,20.0,2.0,125.0,7404.0
1855.0,0.5,20.0,2.0,125.0,7389.0
1856.0,1.0,20.0,2.0,125.0,6386.0
1857.0,2.0,20.0,2.0,125.0,4346.0
1858.0,3.0,20.0,2.0,125.0,4004.0
1859.0,5.0,20.0,2.0,125.0,2318.0
1860.0,10.0,20.0,2.0,125.0,5883.0
1861.0,20.0,20.0,2.0,125.0,10850.0
1862.0,40.0,20.0,2.0,125.0,22778.0
1863.0,0.0,20.0,2.0,125.0,7243.0
1864.0,0.5,20.0,2.0,125.0,6744.0
1865.0,1.0,20.0,2.0,125.0,3406.0
1866.0,2.0,20.0,2.0,125.0,3582.0
1867.0,3.0,20.0,2.0,125.0,4332.0
1868.0,5.0,20.0,2.0,125.0,4800.0
1869.0,10.0,20.0,2.0,125.0,3947.0
1870.0,20.0,20.0,2.0,125.0,9079.0
1871.0,40.0,20.0,2.0,125.0,48165.0
1872.0,0.0,20.0,2.0,125.0,10195.0
1873.0,0.5,20.0,2.0,125.0,17578.0
1874.0,1.0,20.0,2.0,125.0,2217.0
1875.0,2.0,20.0,2.0,125.0,4368.0
1876.0,3.0,20.0,2.0,125.0,3958.0
1877.0,5.0,20.0,2.0,125.0,4428.0
1878.0,10.0,20.0,2.0,125.0,2856.0
1879.0,20.0,20.0,2.0,125.0,7463.0
1880.0,40.0,20.0,2.0,125.0,22985.0
1881.0,0.0,20.0,2.0,125.0,15019.0
1882.0,0.5,20.0,2.0,125.0,4707.0
1883.0,1.0,20.0,2.0,125.0,4791.0
1884.0,2.0,20.0,2.0,125.0,5816.0
1885.0,3.0,20.0,2.0,125.0,2560.0
1886.0,5.0,20.0,2.0,125.0,4030.0
1887.0,10.0,20.0,2.0,125.0,5827.0
1888.0,20.0,20.0,2.0,125.0,8782.0
1889.0,40.0,20.0,2.0,125.0,26677.0
1890.0,0.0,20.0,2.0,125.0,7086.0
1891.0,0.5,20.0,2.0,125.0,3103.0
1892.0,1.0,20.0,2.0,125.0,2225.0
1893.0,2.0,20.0,2.0,125.0,3430.0
1894.0,3.0,20.0,2.0,125.0,3761.0
1895.0,5.0,20.0,2.0,125.0,3813.0
1896.0,10.0,20.0,2.0,125.0,6590.0
1897.0,20.0,20.0,2.0,125.0,6150.0
1898.0,40.0,20.0,2.0,125.0,26800.0
1899.0,0.0,20.0,2.0,125.0,7391.0
1900.0,0.5,20.0,2.0,125.0,4997.0
1901.0,1.0,20.0,2.0,125.0,4957.0
1902.0,2.0,20.0,2.0,125.0,3925.0
1903.0,3.0,20.0,2.0,125.0,4344.0
1904.0,5.0,20.0,2.0,125.0,3397.0
1905.0,10.0,20.0,2.0,125.0,8461.0
1906.0,20.0,20.0,2.0,125.0,9244.0
1907.0,40.0,20.0,2.0,125.0,23978.0
1908.0,0.0,20.0,2.0,125.0,7246.0
1909.0,0.5,20.0,2.0,125.0,7112.0
1910.0,1.0,20.0,2.0,125.0,2809.0
1911.0,2.0,20.0,2.0,125.0,2235.0
1912.0,3.0,20.0,2.0,125.0,2509.0
1913.0,5.0,20.0,2.0,125.0,4975.0
1914.0,10.0,20.0,2.0,125.0,4676.0
1915.0,20.0,20.0,2.0,125.0,11617.0
1916.0,40.0,20.0,2.0,125.0,16544.0
1917.0,0.0,20.0,2.0,125.0,7500.0
1918.0,0.5,20.0,2.0,125.0,4158.0
1919.0,1.0,20.0,2.0,125.0,7427.0
1920.0,2.0,20.0,2.0,125.0,2641.0
1921.0,3.0,20.0,2.0,125.0,3887.0
1922.0,5.0,20.0,2.0,125.0,5120.0
1923.0,10.0,20.0,2.0,125.0,4201.0
1924.0,20.0,20.0,2.0,125.0,7785.0
1925.0,40.0,20.0,2.0,125.0,33843.0
1926.0,0.0,20.0,2.0,125.0,7280.0
1927.0,0.5,20.0,2.0,125.0,12636.0
1928.0,1.0,20.0,2.0,125.0,7203.0
1929.0,2.0,20.0,2.0,125.0,3169.0
1930.0,3.0,20.0,2.0,125.0,3974.0
1931.0,5.0,20.0,2.0,125.0,2017.0
1932.0,10.0,20.0,2.0,125.0,5156.0
1933.0,20.0,20.0,2.0,125.0,9115.0
1934.0,40.0,20.0,2.0,125.0,20226.0
1935.0,0.0,20.0,2.0,125.0,7526.0
1936.0,0.5,20.0,2.0,125.0,5041.0
1937.0,1.0,20.0,2.0,125.0,4957.0
1938.0,2.0,20.0,2.0,125.0,4313.0
1939.0,3.0,20.0,2.0,125.0,4254.0
1940.0,5.0,20.0,2.0,125.0,3740.0
1941.0,10.0,20.0,2.0,125.0,4666.0
1942.0,20.0,20.0,2.0,125.0,8429.0
1943.0,40.0,20.0,2.0,125.0,39045.0
1944.0,0.0,20.0,2.0,125.0,7332.0
1945.0,0.5,20.0,2.0,125.0,3007.0
1946.0,1.0,20.0,2.0,125.0,6597.0
1947.0,2.0,20.0,2.0,125.0,3714.0
1948.0,3.0,20.0,2.0,125.0,3440.0
1949.0,5.0,20.0,2.0,125.0,3707.0
1950.0,10.0,20.0,2.0,125.0,10170.0
1951.0,20.0,20.0,2.0,125.0,6229.0
1952.0,40.0,20.0,2.0,125.0,25388.0
1953.0,0.0,20.0,2.0,125.0,19351.0
1954.0,0.5,20.0,2.0,125.0,3186.0
1955.0,1.0,20.0,2.0,125.0,3670.0
1956.0,2.0,20.0,2.0,125.0,7539.0
1957.0,3.0,20.0,2.0,125.0,3215.0
1958.0,5.0,20.0,2.0,125.0,3976.0
1959.0,10.0,20.0,2.0,125.0,8147.0
1960.0,20.0,20.0,2.0,125.0,6795.0
1961.0,40.0,20.0,2.0,125.0,17265.0
1962.0,0.0,20.0,2.0,125.0,7206.0
1963.0,0.5,20.0,2.0,125.0,3046.0
1964.0,1.0,20.0,2.0,125.0,6123.0
1965.0,2.0,20.0,2.0,125.0,2055.0
1966.0,3.0,20.0,2.0,125.0,3859.0
1967.0,5.0,20.0,2.0,125.0,2829.0
1968.0,10.0,20.0,2.0,125.0,4520.0
1969.0,20.0,20.0,2.0,125.0,11462.0
1970.0,40.0,20.0,2.0,125.0,23751.0
1971.0,0.0,20.0,2.0,125.0,6995.0
1972.0,0.5,20.0,2.0,125.0,7413.0
1973.0,1.0,20.0,2.0,125.0,3616.0
1974.0,2.0,20.0,2.0,125.0,3800.0
1975.0,3.0,20.0,2.0,125.0,3168.0
1976.0,5.0,20.0,2.0,125.0,1838.0
1977.0,10.0,20.0,2.0,125.0,15040.0
1978.0,20.0,20.0,2.0,125.0,8621.0
1979.0,40.0,20.0,2.0,125.0,23722.0
1980.0,0.0,20.0,2.0,125.0,7165.0
1981.0,0.5,20.0,2.0,125.0,17397.0
1982.0,1.0,20.0,2.0,125.0,2097.0
1983.0,2.0,20.0,2.0,125.0,1885.0
1984.0,3.0,20.0,2.0,125.0,5535.0
1985.0,5.0,20.0,2.0,125.0,4549.0
1986.0,10.0,20.0,2.0,125.0,4324.0
1987.0,20.0,20.0,2.0,125.0,8034.0
1988.0,40.0,20.0,2.0,125.0,19714.0
1989.0,0.0,20.0,2.0,125.0,7490.0
1990.0,0.5,20.0,2.0,125.0,4257.0
1991.0,1.0,20.0,2.0,125.0,3301.0
1992.0,2.0,20.0,2.0,125.0,4326.0
1993.0,3.0,20.0,2.0,125.0,2040.0
1994.0,5.0,20.0,2.0,125.0,4317.0
1995.0,10.0,20.0,2.0,125.0,4656.0
1996.0,20.0,20.0,2.0,125.0,9339.0
1997.0,40.0,20.0,2.0,125.0,18751.0
1998.0,0.0,20.0,2.0,125.0,7531.0
1999.0,0.5,20.0,2.0,125.0,4227.0
2000.0,1.0,20.0,2.0,125.0,5035.0
2001.0,2.0,20.0,2.0,125.0,3605.0
2002.0,3.0,20.0,2.0,125.0,3644.0
2003.0,5.0,20.0,2.0,125.0,1940.0
2004.0,10.0,20.0,2.0,125.0,5125.0
2005.0,20.0,20.0,2.0,125.0,6466.0
2006.0,40.0,20.0,2.0,125.0,32290.0
2007.0,0.0,20.0,2.0,125.0,7063.0
2008.0,0.5,20.0,2.0,125.0,6878.0
2009.0,1.0,20.0,2.0,125.0,4676.0
2010.0,2.0,20.0,2.0,125.0,5666.0
2011.0,3.0,20.0,2.0,125.0,5883.0
2012.0,5.0,20.0,2.0,125.0,5390.0
2013.0,10.0,20.0,2.0,125.0,6280.0
2014.0,20.0,20.0,2.0,125.0,8196.0
2015.0,40.0,20.0,2.0,125.0,36347.0
2016.0,0.0,20.0,2.0,125.0,7537.0
2017.0,0.5,20.0,2.0,125.0,6113.0
2018.0,1.0,20.0,2.0,125.0,3647.0
2019.0,2.0,20.0,2.0,125.0,4382.0
2020.0,3.0,20.0,2.0,125.0,2421.0
2021.0,5.0,20.0,2.0,125.0,3336.0
2022.0,10.0,20.0,2.0,125.0,4099.0
2023.0,20.0,20.0,2.0,125.0,11415.0
2024.0,40.0,20.0,2.0,125.0,31226.0
2025.0,0.0,20.0,2.0,125.0,7228.0
2026.0,0.5,20.0,2.0,125.0,7185.0
2027.0,1.0,20.0,2.0,125.0,5331.0
2028.0,2.0,20.0,2.0,125.0,7228.0
2029.0,3.0,20.0,2.0,125.0,4742.0
2030.0,5.0,20.0,2.0,125.0,4675.0
2031.0,10.0,20.0,2.0,125.0,6187.0
2032.0,20.0,20.0,2.0,125.0,8894.0
2033.0,40.0,20.0,2.0,125.0,14360.0
2034.0,0.0,20.0,2.0,125.0,7133.0
2035.0,0.5,20.0,2.0,125.0,7269.0
2036.0,1.0,20.0,2.0,125.0,3968.0
2037.0,2.0,20.0,2.0,125.0,6415.0
2038.0,3.0,20.0,2.0,125.0,4082.0
2039.0,5.0,20.0,2.0,125.0,6451.0
2040.0,10.0,20.0,2.0,125.0,6193.0
2041.0,20.0,20.0,2.0,125.0,5973.0
2042.0,40.0,20.0,2.0,125.0,44114.0
2043.0,0.0,20.0,2.0,125.0,18996.0
2044.0,0.5,20.0,2.0,125.0,7445.0
2045.0,1.0,20.0,2.0,125.0,3340.0
2046.0,2.0,20.0,2.0,125.0,8023.0
2047.0,3.0,20.0,2.0,125.0,2296.0
2048.0,5.0,20.0,2.0,125.0,5812.0
2049.0,10.0,20.0,2.0,125.0,9914.0
2050.0,20.0,20.0,2.0,125.0,4346.0
2051.0,40.0,20.0,2.0,125.0,24115.0
2052.0,0.0,20.0,2.0,125.0,7594.0
2053.0,0.5,20.0,2.0,125.0,7567.0
2054.0,1.0,20.0,2.0,125.0,1937.0
2055.0,2.0,20.0,2.0,125.0,4507.0
2056.0,3.0,20.0,2.0,125.0,3142.0
2057.0,5.0,20.0,2.0,125.0,4809.0
2058.0,10.0,20.0,2.0,125.0,5340.0
2059.0,20.0,20.0,2.0,125.0,7846.0
2060.0,40.0,20.0,2.0,125.0,39489.0
2061.0,0.0,20.0,2.0,125.0,12540.0
2062.0,0.5,20.0,2.0,125.0,3797.0
2063.0,1.0,20.0,2.0,125.0,5954.0
2064.0,2.0,20.0,2.0,125.0,3516.0
2065.0,3.0,20.0,2.0,125.0,2852.0
2066.0,5.0,20.0,2.0,125.0,3941.0
2067.0,10.0,20.0,2.0,125.0,6330.0
2068.0,20.0,20.0,2.0,125.0,8414.0
2069.0,40.0,20.0,2.0,125.0,28465.0
2070.0,0.0,20.0,2.0,125.0,7496.0
2071.0,0.5,20.0,2.0,125.0,7114.0
2072.0,1.0,20.0,2.0,125.0,3594.0
2073.0,2.0,20.0,2.0,125.0,2562.0
2074.0,3.0,20.0,2.0,125.0,2758.0
2075.0,5.0,20.0,2.0,125.0,7061.0
2076.0,10.0,20.0,2.0,125.0,3475.0
2077.0,20.0,20.0,2.0,125.0,6748.0
2078.0,40.0,20.0,2.0,125.0,37392.0
2079.0,0.0,20.0,2.0,125.0,7126.0
2080.0,0.5,20.0,2.0,125.0,7158.0
2081.0,1.0,20.0,2.0,125.0,7327.0
2082.0,2.0,20.0,2.0,125.0,9919.0
2083.0,3.0,20.0,2.0,125.0,3783.0
2084.0,5.0,20.0,2.0,125.0,2948.0
2085.0,10.0,20.0,2.0,125.0,3594.0
2086.0,20.0,20.0,2.0,125.0,5431.0
2087.0,40.0,20.0,2.0,125.0,30605.0
2088.0,0.0,20.0,2.0,125.0,7110.0
2089.0,0.5,20.0,2.0,125.0,7183.0
2090.0,1.0,20.0,2.0,125.0,5686.0
2091.0,2.0,20.0,2.0,125.0,2315.0
2092.0,3.0,20.0,2.0,125.0,2384.0
2093.0,5.0,20.0,2.0,125.0,3920.0
2094.0,10.0,20.0,2.0,125.0,3664.0
2095.0,20.0,20.0,2.0,125.0,6079.0
2096.0,40.0,20.0,2.0,125.0,27723.0
2097.0,0.0,20.0,2.0,125.0,7353.0
2098.0,0.5,20.0,2.0,125.0,3176.0
2099.0,1.0,20.0,2.0,125.0,3762.0
2100.0,2.0,20.0,2.0,125.0,3372.0
2101.0,3.0,20.0,2.0,125.0,2589.0
2102.0,5.0,20.0,2.0,125.0,1990.0
2103.0,10.0,20.0,2.0,125.0,4121.0
2104.0,20.0,20.0,2.0,125.0,9253.0
2105.0,40.0,20.0,2.0,125.0,19581.0
2106.0,0.0,20.0,2.0,125.0,7414.0
2107.0,0.5,20.0,2.0,125.0,6711.0
2108.0,1.0,20.0,2.0,125.0,4280.0
2109.0,2.0,20.0,2.0,125.0,3267.0
2110.0,3.0,20.0,2.0,125.0,2968.0
2111.0,5.0,20.0,2.0,125.0,2103.0
2112.0,10.0,20.0,2.0,125.0,4362.0
2113.0,20.0,20.0,2.0,125.0,5402.0
2114.0,40.0,20.0,2.0,125.0,23564.0
2115.0,0.0,20.0,2.0,125.0,7512.0
2116.0,0.5,20.0,2.0,125.0,6837.0
2117.0,1.0,20.0,2.0,125.0,2753.0
2118.0,2.0,20.0,2.0,125.0,3955.0
2119.0,3.0,20.0,2.0,125.0,1883.0
2120.0,5.0,20.0,2.0,125.0,3708.0
2121.0,10.0,20.0,2.0,125.0,7381.0
2122.0,20.0,20.0,2.0,125.0,8278.0
2123.0,40.0,20.0,2.0,125.0,58482.0
2124.0,0.0,20.0,2.0,125.0,7335.0
2125.0,0.5,20.0,2.0,125.0,7087.0
2126.0,1.0,20.0,2.0,125.0,3523.0
2127.0,2.0,20.0,2.0,125.0,4937.0
2128.0,3.0,20.0,2.0,125.0,4154.0
2129.0,5.0,20.0,2.0,125.0,3000.0
2130.0,10.0,20.0,2.0,125.0,3031.0
2131.0,20.0,20.0,2.0,125.0,7304.0
2132.0,40.0,20.0,2.0,125.0,16974.0
2133.0,0.0,20.0,2.0,125.0,7364.0
2134.0,0.5,20.0,2.0,125.0,7565.0
2135.0,1.0,20.0,2.0,125.0,8862.0
2136.0,2.0,20.0,2.0,125.0,5502.0
2137.0,3.0,20.0,2.0,125.0,2449.0
2138.0,5.0,20.0,2.0,125.0,4185.0
2139.0,10.0,20.0,2.0,125.0,4764.0
2140.0,20.0,20.0,2.0,125.0,6157.0
2141.0,40.0,20.0,2.0,125.0,37155.0
2142.0,0.0,20.0,2.0,125.0,8543.0
2143.0,0.5,20.0,2.0,125.0,13026.0
2144.0,1.0,20.0,2.0,125.0,3535.0
2145.0,2.0,20.0,2.0,125.0,3620.0
2146.0,3.0,20.0,2.0,125.0,4010.0
2147.0,5.0,20.0,2.0,125.0,3995.0
2148.0,10.0,20.0,2.0,125.0,4746.0
2149.0,20.0,20.0,2.0,125.0,6389.0
2150.0,40.0,20.0,2.0,125.0,38789.0
2151.0,0.0,20.0,2.0,125.0,7634.0
2152.0,0.5,20.0,2.0,125.0,7150.0
2153.0,1.0,20.0,2.0,125.0,4583.0
2154.0,2.0,20.0,2.0,125.0,4192.0
2155.0,3.0,20.0,2.0,125.0,4590.0
2156.0,5.0,20.0,2.0,125.0,3631.0
2157.0,10.0,20.0,2.0,125.0,8673.0
2158.0,20.0,20.0,2.0,125.0,6857.0
2159.0,40.0,20.0,2.0,125.0,42308.0
2160.0,0.0,20.0,2.0,125.0,7286.0
2161.0,0.5,20.0,2.0,125.0,6980.0
2162.0,1.0,20.0,2.0,125.0,7410.0
2163.0,2.0,20.0,2.0,125.0,1876.0
2164.0,3.0,20.0,2.0,125.0,2637.0
2165.0,5.0,20.0,2.0,125.0,5277.0
2166.0,10.0,20.0,2.0,125.0,6797.0
2167.0,20.0,20.0,2.0,125.0,11344.0
2168.0,40.0,20.0,2.0,125.0,34681.0
2169.0,0.0,20.0,2.0,125.0,8693.0
2170.0,0.5,20.0,2.0,125.0,26169.0
2171.0,1.0,20.0,2.0,125.0,3811.0
2172.0,2.0,20.0,2.0,125.0,2920.0
2173.0,3.0,20.0,2.0,125.0,3664.0
2174.0,5.0,20.0,2.0,125.0,10461.0
2175.0,10.0,20.0,2.0,125.0,10420.0
2176.0,20.0,20.0,2.0,125.0,10585.0
2177.0,40.0,20.0,2.0,125.0,22231.0
2178.0,0.0,20.0,2.0,125.0,9744.0
2179.0,0.5,20.0,2.0,125.0,3212.0
2180.0,1.0,20.0,2.0,125.0,2709.0
2181.0,2.0,20.0,2.0,125.0,3064.0
2182.0,3.0,20.0,2.0,125.0,3630.0
2183.0,5.0,20.0,2.0,125.0,3970.0
2184.0,10.0,20.0,2.0,125.0,3807.0
2185.0,20.0,20.0,2.0,125.0,8953.0
2186.0,40.0,20.0,2.0,125.0,36779.0
2187.0,0.0,20.0,2.0,125.0,7258.0
2188.0,0.5,20.0,2.0,125.0,7347.0
2189.0,1.0,20.0,2.0,125.0,3880.0
2190.0,2.0,20.0,2.0,125.0,3463.0
2191.0,3.0,20.0,2.0,125.0,3223.0
2192.0,5.0,20.0,2.0,125.0,2147.0
2193.0,10.0,20.0,2.0,125.0,7150.0
2194.0,20.0,20.0,2.0,125.0,5522.0
2195.0,40.0,20.0,2.0,125.0,54617.0
2196.0,0.0,20.0,2.0,125.0,7394.0
2197.0,0.5,20.0,2.0,125.0,6996.0
2198.0,1.0,20.0,2.0,125.0,3894.0
2199.0,2.0,20.0,2.0,125.0,5945.0
2200.0,3.0,20.0,2.0,125.0,3360.0
2201.0,5.0,20.0,2.0,125.0,3639.0
2202.0,10.0,20.0,2.0,125.0,5665.0
2203.0,20.0,20.0,2.0,125.0,7639.0
2204.0,40.0,20.0,2.0,125.0,34805.0
2205.0,0.0,20.0,2.0,125.0,7213.0
2206.0,0.5,20.0,2.0,125.0,3277.0
2207.0,1.0,20.0,2.0,125.0,2461.0
2208.0,2.0,20.0,2.0,125.0,6504.0
2209.0,3.0,20.0,2.0,125.0,5952.0
2210.0,5.0,20.0,2.0,125.0,3351.0
2211.0,10.0,20.0,2.0,125.0,6345.0
2212.0,20.0,20.0,2.0,125.0,8735.0
2213.0,40.0,20.0,2.0,125.0,38856.0
2214.0,0.0,20.0,2.0,125.0,12450.0
2215.0,0.5,20.0,2.0,125.0,6449.0
2216.0,1.0,20.0,2.0,125.0,3508.0
2217.0,2.0,20.0,2.0,125.0,2607.0
2218.0,3.0,20.0,2.0,125.0,7266.0
2219.0,5.0,20.0,2.0,125.0,6047.0
2220.0,10.0,20.0,2.0,125.0,7840.0
2221.0,20.0,20.0,2.0,125.0,17018.0
2222.0,40.0,20.0,2.0,125.0,28786.0
2223.0,0.0,20.0,2.0,125.0,7241.0
2224.0,0.5,20.0,2.0,125.0,11666.0
2225.0,1.0,20.0,2.0,125.0,3656.0
2226.0,2.0,20.0,2.0,125.0,3164.0
2227.0,3.0,20.0,2.0,125.0,4349.0
2228.0,5.0,20.0,2.0,125.0,3749.0
2229.0,10.0,20.0,2.0,125.0,5101.0
2230.0,20.0,20.0,2.0,125.0,15135.0
2231.0,40.0,20.0,2.0,125.0,87847.0
2232.0,0.0,20.0,2.0,125.0,7369.0
2233.0,0.5,20.0,2.0,125.0,4111.0
2234.0,1.0,20.0,2.0,125.0,2705.0
2235.0,2.0,20.0,2.0,125.0,7375.0
2236.0,3.0,20.0,2.0,125.0,3505.0
2237.0,5.0,20.0,2.0,125.0,2749.0
2238.0,10.0,20.0,2.0,125.0,4979.0
2239.0,20.0,20.0,2.0,125.0,8041.0
2240.0,40.0,20.0,2.0,125.0,37551.0
2241.0,0.0,20.0,2.0,125.0,7256.0
2242.0,0.5,20.0,2.0,125.0,7609.0
2243.0,1.0,20.0,2.0,125.0,6177.0
2244.0,2.0,20.0,2.0,125.0,4572.0
2245.0,3.0,20.0,2.0,125.0,4177.0
2246.0,5.0,20.0,2.0,125.0,3192.0
2247.0,10.0,20.0,2.0,125.0,5491.0
2248.0,20.0,20.0,2.0,125.0,7182.0
2249.0,40.0,20.0,2.0,125.0,24702.0
2250.0,0.0,20.0,2.0,150.0,10492.0
2251.0,0.5,20.0,2.0,150.0,6239.0
2252.0,1.0,20.0,2.0,150.0,5228.0
2253.0,2.0,20.0,2.0,150.0,4974.0
2254.0,3.0,20.0,2.0,150.0,5357.0
2255.0,5.0,20.0,2.0,150.0,8074.0
2256.0,10.0,20.0,2.0,150.0,12862.0
2257.0,20.0,20.0,2.0,150.0,9691.0
2258.0,40.0,20.0,2.0,150.0,106363.0
2259.0,0.0,20.0,2.0,150.0,10834.0
2260.0,0.5,20.0,2.0,150.0,5746.0
2261.0,1.0,20.0,2.0,150.0,8914.0
2262.0,2.0,20.0,2.0,150.0,3290.0
2263.0,3.0,20.0,2.0,150.0,7927.0
2264.0,5.0,20.0,2.0,150.0,6018.0
2265.0,10.0,20.0,2.0,150.0,5650.0
2266.0,20.0,20.0,2.0,150.0,14825.0
2267.0,40.0,20.0,2.0,150.0,21960.0
2268.0,0.0,20.0,2.0,150.0,10218.0
2269.0,0.5,20.0,2.0,150.0,4468.0
2270.0,1.0,20.0,2.0,150.0,3752.0
2271.0,2.0,20.0,2.0,150.0,5822.0
2272.0,3.0,20.0,2.0,150.0,3943.0
2273.0,5.0,20.0,2.0,150.0,6539.0
2274.0,10.0,20.0,2.0,150.0,8116.0
2275.0,20.0,20.0,2.0,150.0,9983.0
2276.0,40.0,20.0,2.0,150.0,38563.0
2277.0,0.0,20.0,2.0,150.0,14510.0
2278.0,0.5,20.0,2.0,150.0,7329.0
2279.0,1.0,20.0,2.0,150.0,10783.0
2280.0,2.0,20.0,2.0,150.0,5364.0
2281.0,3.0,20.0,2.0,150.0,2689.0
2282.0,5.0,20.0,2.0,150.0,5738.0
2283.0,10.0,20.0,2.0,150.0,11117.0
2284.0,20.0,20.0,2.0,150.0,24976.0
2285.0,40.0,20.0,2.0,150.0,25534.0
2286.0,0.0,20.0,2.0,150.0,10859.0
2287.0,0.5,20.0,2.0,150.0,10546.0
2288.0,1.0,20.0,2.0,150.0,20281.0
2289.0,2.0,20.0,2.0,150.0,5242.0
2290.0,3.0,20.0,2.0,150.0,3298.0
2291.0,5.0,20.0,2.0,150.0,5350.0
2292.0,10.0,20.0,2.0,150.0,7573.0
2293.0,20.0,20.0,2.0,150.0,10413.0
2294.0,40.0,20.0,2.0,150.0,38024.0
2295.0,0.0,20.0,2.0,150.0,10486.0
2296.0,0.5,20.0,2.0,150.0,6634.0
2297.0,1.0,20.0,2.0,150.0,6313.0
2298.0,2.0,20.0,2.0,150.0,3837.0
2299.0,3.0,20.0,2.0,150.0,4913.0
2300.0,5.0,20.0,2.0,150.0,4514.0
2301.0,10.0,20.0,2.0,150.0,6388.0
2302.0,20.0,20.0,2.0,150.0,11676.0
2303.0,40.0,20.0,2.0,150.0,58699.0
2304.0,0.0,20.0,2.0,150.0,10467.0
2305.0,0.5,20.0,2.0,150.0,7047.0
2306.0,1.0,20.0,2.0,150.0,10490.0
2307.0,2.0,20.0,2.0,150.0,5275.0
2308.0,3.0,20.0,2.0,150.0,4093.0
2309.0,5.0,20.0,2.0,150.0,4531.0
2310.0,10.0,20.0,2.0,150.0,3230.0
2311.0,20.0,20.0,2.0,150.0,10493.0
2312.0,40.0,20.0,2.0,150.0,32169.0
2313.0,0.0,20.0,2.0,150.0,10382.0
2314.0,0.5,20.0,2.0,150.0,10300.0
2315.0,1.0,20.0,2.0,150.0,10153.0
2316.0,2.0,20.0,2.0,150.0,4737.0
2317.0,3.0,20.0,2.0,150.0,2625.0
2318.0,5.0,20.0,2.0,150.0,6750.0
2319.0,10.0,20.0,2.0,150.0,5291.0
2320.0,20.0,20.0,2.0,150.0,8822.0
2321.0,40.0,20.0,2.0,150.0,52413.0
2322.0,0.0,20.0,2.0,150.0,16502.0
2323.0,0.5,20.0,2.0,150.0,23951.0
2324.0,1.0,20.0,2.0,150.0,4970.0
2325.0,2.0,20.0,2.0,150.0,2163.0
2326.0,3.0,20.0,2.0,150.0,8860.0
2327.0,5.0,20.0,2.0,150.0,5174.0
2328.0,10.0,20.0,2.0,150.0,5159.0
2329.0,20.0,20.0,2.0,150.0,13139.0
2330.0,40.0,20.0,2.0,150.0,27348.0
2331.0,0.0,20.0,2.0,150.0,12394.0
2332.0,0.5,20.0,2.0,150.0,10311.0
2333.0,1.0,20.0,2.0,150.0,8968.0
2334.0,2.0,20.0,2.0,150.0,5584.0
2335.0,3.0,20.0,2.0,150.0,3461.0
2336.0,5.0,20.0,2.0,150.0,6401.0
2337.0,10.0,20.0,2.0,150.0,5412.0
2338.0,20.0,20.0,2.0,150.0,12986.0
2339.0,40.0,20.0,2.0,150.0,41205.0
2340.0,0.0,20.0,2.0,150.0,10850.0
2341.0,0.5,20.0,2.0,150.0,8715.0
2342.0,1.0,20.0,2.0,150.0,5894.0
2343.0,2.0,20.0,2.0,150.0,5862.0
2344.0,3.0,20.0,2.0,150.0,16214.0
2345.0,5.0,20.0,2.0,150.0,7926.0
2346.0,10.0,20.0,2.0,150.0,9340.0
2347.0,20.0,20.0,2.0,150.0,7403.0
2348.0,40.0,20.0,2.0,150.0,40849.0
2349.0,0.0,20.0,2.0,150.0,10383.0
2350.0,0.5,20.0,2.0,150.0,10602.0
2351.0,1.0,20.0,2.0,150.0,4679.0
2352.0,2.0,20.0,2.0,150.0,11775.0
2353.0,3.0,20.0,2.0,150.0,2762.0
2354.0,5.0,20.0,2.0,150.0,5107.0
2355.0,10.0,20.0,2.0,150.0,9627.0
2356.0,20.0,20.0,2.0,150.0,17401.0
2357.0,40.0,20.0,2.0,150.0,39926.0
2358.0,0.0,20.0,2.0,150.0,11028.0
2359.0,0.5,20.0,2.0,150.0,8920.0
2360.0,1.0,20.0,2.0,150.0,6326.0
2361.0,2.0,20.0,2.0,150.0,5143.0
2362.0,3.0,20.0,2.0,150.0,5980.0
2363.0,5.0,20.0,2.0,150.0,7408.0
2364.0,10.0,20.0,2.0,150.0,7444.0
2365.0,20.0,20.0,2.0,150.0,13931.0
2366.0,40.0,20.0,2.0,150.0,41146.0
2367.0,0.0,20.0,2.0,150.0,10626.0
2368.0,0.5,20.0,2.0,150.0,21093.0
2369.0,1.0,20.0,2.0,150.0,10140.0
2370.0,2.0,20.0,2.0,150.0,4599.0
2371.0,3.0,20.0,2.0,150.0,3742.0
2372.0,5.0,20.0,2.0,150.0,7704.0
2373.0,10.0,20.0,2.0,150.0,5205.0
2374.0,20.0,20.0,2.0,150.0,13377.0
2375.0,40.0,20.0,2.0,150.0,42979.0
2376.0,0.0,20.0,2.0,150.0,8136.0
2377.0,0.5,20.0,2.0,150.0,4152.0
2378.0,1.0,20.0,2.0,150.0,4310.0
2379.0,2.0,20.0,2.0,150.0,2433.0
2380.0,3.0,20.0,2.0,150.0,5704.0
2381.0,5.0,20.0,2.0,150.0,9941.0
2382.0,10.0,20.0,2.0,150.0,4758.0
2383.0,20.0,20.0,2.0,150.0,11230.0
2384.0,40.0,20.0,2.0,150.0,34000.0
2385.0,0.0,20.0,2.0,150.0,10658.0
2386.0,0.5,20.0,2.0,150.0,10560.0
2387.0,1.0,20.0,2.0,150.0,9314.0
2388.0,2.0,20.0,2.0,150.0,4333.0
2389.0,3.0,20.0,2.0,150.0,4126.0
2390.0,5.0,20.0,2.0,150.0,6604.0
2391.0,10.0,20.0,2.0,150.0,10685.0
2392.0,20.0,20.0,2.0,150.0,10696.0
2393.0,40.0,20.0,2.0,150.0,36461.0
2394.0,0.0,20.0,2.0,150.0,19266.0
2395.0,0.5,20.0,2.0,150.0,10531.0
2396.0,1.0,20.0,2.0,150.0,4047.0
2397.0,2.0,20.0,2.0,150.0,4801.0
2398.0,3.0,20.0,2.0,150.0,3549.0
2399.0,5.0,20.0,2.0,150.0,4112.0
2400.0,10.0,20.0,2.0,150.0,7456.0
2401.0,20.0,20.0,2.0,150.0,11060.0
2402.0,40.0,20.0,2.0,150.0,31848.0
2403.0,0.0,20.0,2.0,150.0,17222.0
2404.0,0.5,20.0,2.0,150.0,11209.0
2405.0,1.0,20.0,2.0,150.0,5035.0
2406.0,2.0,20.0,2.0,150.0,4570.0
2407.0,3.0,20.0,2.0,150.0,5631.0
2408.0,5.0,20.0,2.0,150.0,3335.0
2409.0,10.0,20.0,2.0,150.0,6588.0
2410.0,20.0,20.0,2.0,150.0,9297.0
2411.0,40.0,20.0,2.0,150.0,28077.0
2412.0,0.0,20.0,2.0,150.0,10644.0
2413.0,0.5,20.0,2.0,150.0,10906.0
2414.0,1.0,20.0,2.0,150.0,4834.0
2415.0,2.0,20.0,2.0,150.0,7231.0
2416.0,3.0,20.0,2.0,150.0,6839.0
2417.0,5.0,20.0,2.0,150.0,3807.0
2418.0,10.0,20.0,2.0,150.0,9532.0
2419.0,20.0,20.0,2.0,150.0,16953.0
2420.0,40.0,20.0,2.0,150.0,34398.0
2421.0,0.0,20.0,2.0,150.0,24630.0
2422.0,0.5,20.0,2.0,150.0,5336.0
2423.0,1.0,20.0,2.0,150.0,5920.0
2424.0,2.0,20.0,2.0,150.0,10968.0
2425.0,3.0,20.0,2.0,150.0,6012.0
2426.0,5.0,20.0,2.0,150.0,10436.0
2427.0,10.0,20.0,2.0,150.0,11106.0
2428.0,20.0,20.0,2.0,150.0,23695.0
2429.0,40.0,20.0,2.0,150.0,27143.0
2430.0,0.0,20.0,2.0,150.0,11150.0
2431.0,0.5,20.0,2.0,150.0,10355.0
2432.0,1.0,20.0,2.0,150.0,3963.0
2433.0,2.0,20.0,2.0,150.0,5525.0
2434.0,3.0,20.0,2.0,150.0,3484.0
2435.0,5.0,20.0,2.0,150.0,7083.0
2436.0,10.0,20.0,2.0,150.0,4358.0
2437.0,20.0,20.0,2.0,150.0,13959.0
2438.0,40.0,20.0,2.0,150.0,43176.0
2439.0,0.0,20.0,2.0,150.0,10544.0
2440.0,0.5,20.0,2.0,150.0,12380.0
2441.0,1.0,20.0,2.0,150.0,4174.0
2442.0,2.0,20.0,2.0,150.0,3674.0
2443.0,3.0,20.0,2.0,150.0,9397.0
2444.0,5.0,20.0,2.0,150.0,8775.0
2445.0,10.0,20.0,2.0,150.0,12988.0
2446.0,20.0,20.0,2.0,150.0,20151.0
2447.0,40.0,20.0,2.0,150.0,28901.0
2448.0,0.0,20.0,2.0,150.0,19905.0
2449.0,0.5,20.0,2.0,150.0,13374.0
2450.0,1.0,20.0,2.0,150.0,8026.0
2451.0,2.0,20.0,2.0,150.0,6242.0
2452.0,3.0,20.0,2.0,150.0,5061.0
2453.0,5.0,20.0,2.0,150.0,2960.0
2454.0,10.0,20.0,2.0,150.0,9808.0
2455.0,20.0,20.0,2.0,150.0,9284.0
2456.0,40.0,20.0,2.0,150.0,28550.0
2457.0,0.0,20.0,2.0,150.0,10896.0
2458.0,0.5,20.0,2.0,150.0,10594.0
2459.0,1.0,20.0,2.0,150.0,10534.0
2460.0,2.0,20.0,2.0,150.0,5826.0
2461.0,3.0,20.0,2.0,150.0,6958.0
2462.0,5.0,20.0,2.0,150.0,2915.0
2463.0,10.0,20.0,2.0,150.0,8212.0
2464.0,20.0,20.0,2.0,150.0,21711.0
2465.0,40.0,20.0,2.0,150.0,26847.0
2466.0,0.0,20.0,2.0,150.0,10985.0
2467.0,0.5,20.0,2.0,150.0,7563.0
2468.0,1.0,20.0,2.0,150.0,6023.0
2469.0,2.0,20.0,2.0,150.0,3437.0
2470.0,3.0,20.0,2.0,150.0,10523.0
2471.0,5.0,20.0,2.0,150.0,4936.0
2472.0,10.0,20.0,2.0,150.0,6483.0
2473.0,20.0,20.0,2.0,150.0,7752.0
2474.0,40.0,20.0,2.0,150.0,44637.0
2475.0,0.0,20.0,2.0,150.0,10761.0
2476.0,0.5,20.0,2.0,150.0,6290.0
2477.0,1.0,20.0,2.0,150.0,2499.0
2478.0,2.0,20.0,2.0,150.0,3941.0
2479.0,3.0,20.0,2.0,150.0,7977.0
2480.0,5.0,20.0,2.0,150.0,6876.0
2481.0,10.0,20.0,2.0,150.0,12330.0
2482.0,20.0,20.0,2.0,150.0,11908.0
2483.0,40.0,20.0,2.0,150.0,41829.0
2484.0,0.0,20.0,2.0,150.0,10849.0
2485.0,0.5,20.0,2.0,150.0,3388.0
2486.0,1.0,20.0,2.0,150.0,6158.0
2487.0,2.0,20.0,2.0,150.0,3723.0
2488.0,3.0,20.0,2.0,150.0,5748.0
2489.0,5.0,20.0,2.0,150.0,9171.0
2490.0,10.0,20.0,2.0,150.0,3665.0
2491.0,20.0,20.0,2.0,150.0,9600.0
2492.0,40.0,20.0,2.0,150.0,24037.0
2493.0,0.0,20.0,2.0,150.0,25572.0
2494.0,0.5,20.0,2.0,150.0,9147.0
2495.0,1.0,20.0,2.0,150.0,5957.0
2496.0,2.0,20.0,2.0,150.0,27657.0
2497.0,3.0,20.0,2.0,150.0,4765.0
2498.0,5.0,20.0,2.0,150.0,7662.0
2499.0,10.0,20.0,2.0,150.0,5691.0
2500.0,20.0,20.0,2.0,150.0,12939.0
2501.0,40.0,20.0,2.0,150.0,57138.0
2502.0,0.0,20.0,2.0,150.0,10481.0
2503.0,0.5,20.0,2.0,150.0,7393.0
2504.0,1.0,20.0,2.0,150.0,4607.0
2505.0,2.0,20.0,2.0,150.0,3235.0
2506.0,3.0,20.0,2.0,150.0,5383.0
2507.0,5.0,20.0,2.0,150.0,4740.0
2508.0,10.0,20.0,2.0,150.0,11583.0
2509.0,20.0,20.0,2.0,150.0,15319.0
2510.0,40.0,20.0,2.0,150.0,68459.0
2511.0,0.0,20.0,2.0,150.0,24459.0
2512.0,0.5,20.0,2.0,150.0,10851.0
2513.0,1.0,20.0,2.0,150.0,5123.0
2514.0,2.0,20.0,2.0,150.0,3118.0
2515.0,3.0,20.0,2.0,150.0,7032.0
2516.0,5.0,20.0,2.0,150.0,4191.0
2517.0,10.0,20.0,2.0,150.0,10691.0
2518.0,20.0,20.0,2.0,150.0,9317.0
2519.0,40.0,20.0,2.0,150.0,26551.0
2520.0,0.0,20.0,2.0,150.0,15373.0
2521.0,0.5,20.0,2.0,150.0,10495.0
2522.0,1.0,20.0,2.0,150.0,4537.0
2523.0,2.0,20.0,2.0,150.0,5859.0
2524.0,3.0,20.0,2.0,150.0,4121.0
2525.0,5.0,20.0,2.0,150.0,4700.0
2526.0,10.0,20.0,2.0,150.0,12668.0
2527.0,20.0,20.0,2.0,150.0,7423.0
2528.0,40.0,20.0,2.0,150.0,26401.0
2529.0,0.0,20.0,2.0,150.0,10824.0
2530.0,0.5,20.0,2.0,150.0,6882.0
2531.0,1.0,20.0,2.0,150.0,14039.0
2532.0,2.0,20.0,2.0,150.0,3152.0
2533.0,3.0,20.0,2.0,150.0,4580.0
2534.0,5.0,20.0,2.0,150.0,5021.0
2535.0,10.0,20.0,2.0,150.0,3436.0
2536.0,20.0,20.0,2.0,150.0,19037.0
2537.0,40.0,20.0,2.0,150.0,53688.0
2538.0,0.0,20.0,2.0,150.0,10847.0
2539.0,0.5,20.0,2.0,150.0,8002.0
2540.0,1.0,20.0,2.0,150.0,4111.0
2541.0,2.0,20.0,2.0,150.0,3907.0
2542.0,3.0,20.0,2.0,150.0,3257.0
2543.0,5.0,20.0,2.0,150.0,4188.0
2544.0,10.0,20.0,2.0,150.0,6573.0
2545.0,20.0,20.0,2.0,150.0,12048.0
2546.0,40.0,20.0,2.0,150.0,47694.0
2547.0,0.0,20.0,2.0,150.0,10731.0
2548.0,0.5,20.0,2.0,150.0,5883.0
2549.0,1.0,20.0,2.0,150.0,4122.0
2550.0,2.0,20.0,2.0,150.0,8162.0
2551.0,3.0,20.0,2.0,150.0,6608.0
2552.0,5.0,20.0,2.0,150.0,6065.0
2553.0,10.0,20.0,2.0,150.0,5098.0
2554.0,20.0,20.0,2.0,150.0,7089.0
2555.0,40.0,20.0,2.0,150.0,44482.0
2556.0,0.0,20.0,2.0,150.0,10172.0
2557.0,0.5,20.0,2.0,150.0,10632.0
2558.0,1.0,20.0,2.0,150.0,4480.0
2559.0,2.0,20.0,2.0,150.0,6198.0
2560.0,3.0,20.0,2.0,150.0,4542.0
2561.0,5.0,20.0,2.0,150.0,7211.0
2562.0,10.0,20.0,2.0,150.0,11879.0
2563.0,20.0,20.0,2.0,150.0,9370.0
2564.0,40.0,20.0,2.0,150.0,32856.0
2565.0,0.0,20.0,2.0,150.0,10568.0
2566.0,0.5,20.0,2.0,150.0,3770.0
2567.0,1.0,20.0,2.0,150.0,4897.0
2568.0,2.0,20.0,2.0,150.0,4258.0
2569.0,3.0,20.0,2.0,150.0,3054.0
2570.0,5.0,20.0,2.0,150.0,10384.0
2571.0,10.0,20.0,2.0,150.0,9266.0
2572.0,20.0,20.0,2.0,150.0,6946.0
2573.0,40.0,20.0,2.0,150.0,36386.0
2574.0,0.0,20.0,2.0,150.0,10446.0
2575.0,0.5,20.0,2.0,150.0,5657.0
2576.0,1.0,20.0,2.0,150.0,10108.0
2577.0,2.0,20.0,2.0,150.0,5813.0
2578.0,3.0,20.0,2.0,150.0,3164.0
2579.0,5.0,20.0,2.0,150.0,11298.0
2580.0,10.0,20.0,2.0,150.0,12729.0
2581.0,20.0,20.0,2.0,150.0,18466.0
2582.0,40.0,20.0,2.0,150.0,33162.0
2583.0,0.0,20.0,2.0,150.0,10654.0
2584.0,0.5,20.0,2.0,150.0,9160.0
2585.0,1.0,20.0,2.0,150.0,3702.0
2586.0,2.0,20.0,2.0,150.0,8046.0
2587.0,3.0,20.0,2.0,150.0,3763.0
2588.0,5.0,20.0,2.0,150.0,4418.0
2589.0,10.0,20.0,2.0,150.0,6848.0
2590.0,20.0,20.0,2.0,150.0,15739.0
2591.0,40.0,20.0,2.0,150.0,36778.0
2592.0,0.0,20.0,2.0,150.0,10094.0
2593.0,0.5,20.0,2.0,150.0,8077.0
2594.0,1.0,20.0,2.0,150.0,5320.0
2595.0,2.0,20.0,2.0,150.0,5579.0
2596.0,3.0,20.0,2.0,150.0,7313.0
2597.0,5.0,20.0,2.0,150.0,6419.0
2598.0,10.0,20.0,2.0,150.0,6770.0
2599.0,20.0,20.0,2.0,150.0,8860.0
2600.0,40.0,20.0,2.0,150.0,61747.0
2601.0,0.0,20.0,2.0,150.0,10638.0
2602.0,0.5,20.0,2.0,150.0,10267.0
2603.0,1.0,20.0,2.0,150.0,10100.0
2604.0,2.0,20.0,2.0,150.0,4486.0
2605.0,3.0,20.0,2.0,150.0,5494.0
2606.0,5.0,20.0,2.0,150.0,5997.0
2607.0,10.0,20.0,2.0,150.0,4931.0
2608.0,20.0,20.0,2.0,150.0,9386.0
2609.0,40.0,20.0,2.0,150.0,62334.0
2610.0,0.0,20.0,2.0,150.0,10270.0
2611.0,0.5,20.0,2.0,150.0,9167.0
2612.0,1.0,20.0,2.0,150.0,4198.0
2613.0,2.0,20.0,2.0,150.0,3089.0
2614.0,3.0,20.0,2.0,150.0,5409.0
2615.0,5.0,20.0,2.0,150.0,5760.0
2616.0,10.0,20.0,2.0,150.0,4176.0
2617.0,20.0,20.0,2.0,150.0,14300.0
2618.0,40.0,20.0,2.0,150.0,37913.0
2619.0,0.0,20.0,2.0,150.0,4678.0
2620.0,0.5,20.0,2.0,150.0,18610.0
2621.0,1.0,20.0,2.0,150.0,3579.0
2622.0,2.0,20.0,2.0,150.0,2754.0
2623.0,3.0,20.0,2.0,150.0,4053.0
2624.0,5.0,20.0,2.0,150.0,3862.0
2625.0,10.0,20.0,2.0,150.0,7100.0
2626.0,20.0,20.0,2.0,150.0,10895.0
2627.0,40.0,20.0,2.0,150.0,30453.0
2628.0,0.0,20.0,2.0,150.0,10713.0
2629.0,0.5,20.0,2.0,150.0,4493.0
2630.0,1.0,20.0,2.0,150.0,6536.0
2631.0,2.0,20.0,2.0,150.0,3507.0
2632.0,3.0,20.0,2.0,150.0,3477.0
2633.0,5.0,20.0,2.0,150.0,4077.0
2634.0,10.0,20.0,2.0,150.0,10286.0
2635.0,20.0,20.0,2.0,150.0,12190.0
2636.0,40.0,20.0,2.0,150.0,60768.0
2637.0,0.0,20.0,2.0,150.0,10495.0
2638.0,0.5,20.0,2.0,150.0,10355.0
2639.0,1.0,20.0,2.0,150.0,5376.0
2640.0,2.0,20.0,2.0,150.0,4689.0
2641.0,3.0,20.0,2.0,150.0,3646.0
2642.0,5.0,20.0,2.0,150.0,6581.0
2643.0,10.0,20.0,2.0,150.0,9530.0
2644.0,20.0,20.0,2.0,150.0,9264.0
2645.0,40.0,20.0,2.0,150.0,60845.0
2646.0,0.0,20.0,2.0,150.0,10909.0
2647.0,0.5,20.0,2.0,150.0,3496.0
2648.0,1.0,20.0,2.0,150.0,8125.0
2649.0,2.0,20.0,2.0,150.0,6454.0
2650.0,3.0,20.0,2.0,150.0,7094.0
2651.0,5.0,20.0,2.0,150.0,9655.0
2652.0,10.0,20.0,2.0,150.0,5547.0
2653.0,20.0,20.0,2.0,150.0,12224.0
2654.0,40.0,20.0,2.0,150.0,42929.0
2655.0,0.0,20.0,2.0,150.0,10448.0
2656.0,0.5,20.0,2.0,150.0,9159.0
2657.0,1.0,20.0,2.0,150.0,3534.0
2658.0,2.0,20.0,2.0,150.0,10843.0
2659.0,3.0,20.0,2.0,150.0,8692.0
2660.0,5.0,20.0,2.0,150.0,2447.0
2661.0,10.0,20.0,2.0,150.0,10397.0
2662.0,20.0,20.0,2.0,150.0,10665.0
2663.0,40.0,20.0,2.0,150.0,74695.0
2664.0,0.0,20.0,2.0,150.0,10299.0
2665.0,0.5,20.0,2.0,150.0,5040.0
2666.0,1.0,20.0,2.0,150.0,4128.0
2667.0,2.0,20.0,2.0,150.0,3049.0
2668.0,3.0,20.0,2.0,150.0,14532.0
2669.0,5.0,20.0,2.0,150.0,5610.0
2670.0,10.0,20.0,2.0,150.0,9369.0
2671.0,20.0,20.0,2.0,150.0,16963.0
2672.0,40.0,20.0,2.0,150.0,32348.0
2673.0,0.0,20.0,2.0,150.0,10503.0
2674.0,0.5,20.0,2.0,150.0,10976.0
2675.0,1.0,20.0,2.0,150.0,4591.0
2676.0,2.0,20.0,2.0,150.0,7405.0
2677.0,3.0,20.0,2.0,150.0,4473.0
2678.0,5.0,20.0,2.0,150.0,4572.0
2679.0,10.0,20.0,2.0,150.0,10634.0
2680.0,20.0,20.0,2.0,150.0,10166.0
2681.0,40.0,20.0,2.0,150.0,37409.0
2682.0,0.0,20.0,2.0,150.0,10684.0
2683.0,0.5,20.0,2.0,150.0,10513.0
2684.0,1.0,20.0,2.0,150.0,6450.0
2685.0,2.0,20.0,2.0,150.0,4962.0
2686.0,3.0,20.0,2.0,150.0,3284.0
2687.0,5.0,20.0,2.0,150.0,4205.0
2688.0,10.0,20.0,2.0,150.0,13528.0
2689.0,20.0,20.0,2.0,150.0,14300.0
2690.0,40.0,20.0,2.0,150.0,48742.0
2691.0,0.0,20.0,2.0,150.0,10133.0
2692.0,0.5,20.0,2.0,150.0,10047.0
2693.0,1.0,20.0,2.0,150.0,3145.0
2694.0,2.0,20.0,2.0,150.0,4299.0
2695.0,3.0,20.0,2.0,150.0,5155.0
2696.0,5.0,20.0,2.0,150.0,2722.0
2697.0,10.0,20.0,2.0,150.0,7398.0
2698.0,20.0,20.0,2.0,150.0,12630.0
2699.0,40.0,20.0,2.0,150.0,33256.0
2700.0,0.0,20.0,2.0,175.0,14250.0
2701.0,0.5,20.0,2.0,175.0,10033.0
2702.0,1.0,20.0,2.0,175.0,10616.0
2703.0,2.0,20.0,2.0,175.0,7791.0
2704.0,3.0,20.0,2.0,175.0,9516.0
2705.0,5.0,20.0,2.0,175.0,9500.0
2706.0,10.0,20.0,2.0,175.0,8893.0
2707.0,20.0,20.0,2.0,175.0,19411.0
2708.0,40.0,20.0,2.0,175.0,66600.0
2709.0,0.0,20.0,2.0,175.0,26100.0
2710.0,0.5,20.0,2.0,175.0,14422.0
2711.0,1.0,20.0,2.0,175.0,11045.0
2712.0,2.0,20.0,2.0,175.0,4838.0
2713.0,3.0,20.0,2.0,175.0,3628.0
2714.0,5.0,20.0,2.0,175.0,4781.0
2715.0,10.0,20.0,2.0,175.0,5538.0
2716.0,20.0,20.0,2.0,175.0,11936.0
2717.0,40.0,20.0,2.0,175.0,45027.0
2718.0,0.0,20.0,2.0,175.0,10978.0
2719.0,0.5,20.0,2.0,175.0,4756.0
2720.0,1.0,20.0,2.0,175.0,5994.0
2721.0,2.0,20.0,2.0,175.0,6852.0
2722.0,3.0,20.0,2.0,175.0,11918.0
2723.0,5.0,20.0,2.0,175.0,10314.0
2724.0,10.0,20.0,2.0,175.0,14298.0
2725.0,20.0,20.0,2.0,175.0,28405.0
2726.0,40.0,20.0,2.0,175.0,78206.0
2727.0,0.0,20.0,2.0,175.0,13898.0
2728.0,0.5,20.0,2.0,175.0,14640.0
2729.0,1.0,20.0,2.0,175.0,6903.0
2730.0,2.0,20.0,2.0,175.0,5490.0
2731.0,3.0,20.0,2.0,175.0,9359.0
2732.0,5.0,20.0,2.0,175.0,7600.0
2733.0,10.0,20.0,2.0,175.0,12384.0
2734.0,20.0,20.0,2.0,175.0,32765.0
2735.0,40.0,20.0,2.0,175.0,52901.0
2736.0,0.0,20.0,2.0,175.0,15216.0
2737.0,0.5,20.0,2.0,175.0,5665.0
2738.0,1.0,20.0,2.0,175.0,6555.0
2739.0,2.0,20.0,2.0,175.0,7563.0
2740.0,3.0,20.0,2.0,175.0,8752.0
2741.0,5.0,20.0,2.0,175.0,21320.0
2742.0,10.0,20.0,2.0,175.0,12206.0
2743.0,20.0,20.0,2.0,175.0,15651.0
2744.0,40.0,20.0,2.0,175.0,104180.0
2745.0,0.0,20.0,2.0,175.0,14453.0
2746.0,0.5,20.0,2.0,175.0,6073.0
2747.0,1.0,20.0,2.0,175.0,12436.0
2748.0,2.0,20.0,2.0,175.0,10070.0
2749.0,3.0,20.0,2.0,175.0,7164.0
2750.0,5.0,20.0,2.0,175.0,6011.0
2751.0,10.0,20.0,2.0,175.0,10049.0
2752.0,20.0,20.0,2.0,175.0,19412.0
2753.0,40.0,20.0,2.0,175.0,42960.0
2754.0,0.0,20.0,2.0,175.0,14271.0
2755.0,0.5,20.0,2.0,175.0,33938.0
2756.0,1.0,20.0,2.0,175.0,5183.0
2757.0,2.0,20.0,2.0,175.0,7043.0
2758.0,3.0,20.0,2.0,175.0,6742.0
2759.0,5.0,20.0,2.0,175.0,12129.0
2760.0,10.0,20.0,2.0,175.0,10496.0
2761.0,20.0,20.0,2.0,175.0,25514.0
2762.0,40.0,20.0,2.0,175.0,50597.0
2763.0,0.0,20.0,2.0,175.0,20271.0
2764.0,0.5,20.0,2.0,175.0,14022.0
2765.0,1.0,20.0,2.0,175.0,3722.0
2766.0,2.0,20.0,2.0,175.0,5227.0
2767.0,3.0,20.0,2.0,175.0,10164.0
2768.0,5.0,20.0,2.0,175.0,9438.0
2769.0,10.0,20.0,2.0,175.0,8744.0
2770.0,20.0,20.0,2.0,175.0,14417.0
2771.0,40.0,20.0,2.0,175.0,62174.0
2772.0,0.0,20.0,2.0,175.0,14640.0
2773.0,0.5,20.0,2.0,175.0,13309.0
2774.0,1.0,20.0,2.0,175.0,3114.0
2775.0,2.0,20.0,2.0,175.0,6590.0
2776.0,3.0,20.0,2.0,175.0,7266.0
2777.0,5.0,20.0,2.0,175.0,17184.0
2778.0,10.0,20.0,2.0,175.0,10361.0
2779.0,20.0,20.0,2.0,175.0,20632.0
2780.0,40.0,20.0,2.0,175.0,60670.0
2781.0,0.0,20.0,2.0,175.0,23717.0
2782.0,0.5,20.0,2.0,175.0,14023.0
2783.0,1.0,20.0,2.0,175.0,6584.0
2784.0,2.0,20.0,2.0,175.0,11232.0
2785.0,3.0,20.0,2.0,175.0,4408.0
2786.0,5.0,20.0,2.0,175.0,6101.0
2787.0,10.0,20.0,2.0,175.0,11273.0
2788.0,20.0,20.0,2.0,175.0,12619.0
2789.0,40.0,20.0,2.0,175.0,29274.0
2790.0,0.0,20.0,2.0,175.0,14322.0
2791.0,0.5,20.0,2.0,175.0,12582.0
2792.0,1.0,20.0,2.0,175.0,8320.0
2793.0,2.0,20.0,2.0,175.0,5231.0
2794.0,3.0,20.0,2.0,175.0,5585.0
2795.0,5.0,20.0,2.0,175.0,10574.0
2796.0,10.0,20.0,2.0,175.0,15179.0
2797.0,20.0,20.0,2.0,175.0,28898.0
2798.0,40.0,20.0,2.0,175.0,58010.0
2799.0,0.0,20.0,2.0,175.0,14186.0
2800.0,0.5,20.0,2.0,175.0,5341.0
2801.0,1.0,20.0,2.0,175.0,4124.0
2802.0,2.0,20.0,2.0,175.0,7595.0
2803.0,3.0,20.0,2.0,175.0,8824.0
2804.0,5.0,20.0,2.0,175.0,10774.0
2805.0,10.0,20.0,2.0,175.0,8699.0
2806.0,20.0,20.0,2.0,175.0,16110.0
2807.0,40.0,20.0,2.0,175.0,37148.0
2808.0,0.0,20.0,2.0,175.0,15231.0
2809.0,0.5,20.0,2.0,175.0,13806.0
2810.0,1.0,20.0,2.0,175.0,5943.0
2811.0,2.0,20.0,2.0,175.0,7045.0
2812.0,3.0,20.0,2.0,175.0,3794.0
2813.0,5.0,20.0,2.0,175.0,11186.0
2814.0,10.0,20.0,2.0,175.0,7517.0
2815.0,20.0,20.0,2.0,175.0,6738.0
2816.0,40.0,20.0,2.0,175.0,74071.0
2817.0,0.0,20.0,2.0,175.0,14192.0
2818.0,0.5,20.0,2.0,175.0,6278.0
2819.0,1.0,20.0,2.0,175.0,11269.0
2820.0,2.0,20.0,2.0,175.0,8832.0
2821.0,3.0,20.0,2.0,175.0,6307.0
2822.0,5.0,20.0,2.0,175.0,7071.0
2823.0,10.0,20.0,2.0,175.0,14610.0
2824.0,20.0,20.0,2.0,175.0,27908.0
2825.0,40.0,20.0,2.0,175.0,43712.0
2826.0,0.0,20.0,2.0,175.0,14815.0
2827.0,0.5,20.0,2.0,175.0,15286.0
2828.0,1.0,20.0,2.0,175.0,7888.0
2829.0,2.0,20.0,2.0,175.0,7079.0
2830.0,3.0,20.0,2.0,175.0,7645.0
2831.0,5.0,20.0,2.0,175.0,6567.0
2832.0,10.0,20.0,2.0,175.0,10311.0
2833.0,20.0,20.0,2.0,175.0,13430.0
2834.0,40.0,20.0,2.0,175.0,52916.0
2835.0,0.0,20.0,2.0,175.0,14574.0
2836.0,0.5,20.0,2.0,175.0,5763.0
2837.0,1.0,20.0,2.0,175.0,6661.0
2838.0,2.0,20.0,2.0,175.0,4639.0
2839.0,3.0,20.0,2.0,175.0,6547.0
2840.0,5.0,20.0,2.0,175.0,5397.0
2841.0,10.0,20.0,2.0,175.0,5505.0
2842.0,20.0,20.0,2.0,175.0,15122.0
2843.0,40.0,20.0,2.0,175.0,75771.0
2844.0,0.0,20.0,2.0,175.0,14068.0
2845.0,0.5,20.0,2.0,175.0,10722.0
2846.0,1.0,20.0,2.0,175.0,11301.0
2847.0,2.0,20.0,2.0,175.0,3857.0
2848.0,3.0,20.0,2.0,175.0,7568.0
2849.0,5.0,20.0,2.0,175.0,8204.0
2850.0,10.0,20.0,2.0,175.0,22468.0
2851.0,20.0,20.0,2.0,175.0,16211.0
2852.0,40.0,20.0,2.0,175.0,33410.0
2853.0,0.0,20.0,2.0,175.0,15496.0
2854.0,0.5,20.0,2.0,175.0,6629.0
2855.0,1.0,20.0,2.0,175.0,4557.0
2856.0,2.0,20.0,2.0,175.0,11206.0
2857.0,3.0,20.0,2.0,175.0,4531.0
2858.0,5.0,20.0,2.0,175.0,4575.0
2859.0,10.0,20.0,2.0,175.0,14088.0
2860.0,20.0,20.0,2.0,175.0,30468.0
2861.0,40.0,20.0,2.0,175.0,47665.0
2862.0,0.0,20.0,2.0,175.0,14635.0
2863.0,0.5,20.0,2.0,175.0,11943.0
2864.0,1.0,20.0,2.0,175.0,6219.0
2865.0,2.0,20.0,2.0,175.0,6350.0
2866.0,3.0,20.0,2.0,175.0,9841.0
2867.0,5.0,20.0,2.0,175.0,7736.0
2868.0,10.0,20.0,2.0,175.0,6499.0
2869.0,20.0,20.0,2.0,175.0,8869.0
2870.0,40.0,20.0,2.0,175.0,100089.0
2871.0,0.0,20.0,2.0,175.0,14589.0
2872.0,0.5,20.0,2.0,175.0,4401.0
2873.0,1.0,20.0,2.0,175.0,5801.0
2874.0,2.0,20.0,2.0,175.0,7432.0
2875.0,3.0,20.0,2.0,175.0,5940.0
2876.0,5.0,20.0,2.0,175.0,3500.0
2877.0,10.0,20.0,2.0,175.0,11085.0
2878.0,20.0,20.0,2.0,175.0,11473.0
2879.0,40.0,20.0,2.0,175.0,55274.0
2880.0,0.0,20.0,2.0,175.0,14376.0
2881.0,0.5,20.0,2.0,175.0,5661.0
2882.0,1.0,20.0,2.0,175.0,6556.0
2883.0,2.0,20.0,2.0,175.0,8473.0
2884.0,3.0,20.0,2.0,175.0,3902.0
2885.0,5.0,20.0,2.0,175.0,10855.0
2886.0,10.0,20.0,2.0,175.0,12939.0
2887.0,20.0,20.0,2.0,175.0,19505.0
2888.0,40.0,20.0,2.0,175.0,74047.0
2889.0,0.0,20.0,2.0,175.0,14188.0
2890.0,0.5,20.0,2.0,175.0,9722.0
2891.0,1.0,20.0,2.0,175.0,11390.0
2892.0,2.0,20.0,2.0,175.0,6116.0
2893.0,3.0,20.0,2.0,175.0,4754.0
2894.0,5.0,20.0,2.0,175.0,13541.0
2895.0,10.0,20.0,2.0,175.0,13107.0
2896.0,20.0,20.0,2.0,175.0,19295.0
2897.0,40.0,20.0,2.0,175.0,43510.0
2898.0,0.0,20.0,2.0,175.0,15004.0
2899.0,0.5,20.0,2.0,175.0,11535.0
2900.0,1.0,20.0,2.0,175.0,4847.0
2901.0,2.0,20.0,2.0,175.0,8256.0
2902.0,3.0,20.0,2.0,175.0,6525.0
2903.0,5.0,20.0,2.0,175.0,8886.0
2904.0,10.0,20.0,2.0,175.0,14678.0
2905.0,20.0,20.0,2.0,175.0,25991.0
2906.0,40.0,20.0,2.0,175.0,34716.0
2907.0,0.0,20.0,2.0,175.0,25368.0
2908.0,0.5,20.0,2.0,175.0,15137.0
2909.0,1.0,20.0,2.0,175.0,8447.0
2910.0,2.0,20.0,2.0,175.0,8559.0
2911.0,3.0,20.0,2.0,175.0,5010.0
2912.0,5.0,20.0,2.0,175.0,3421.0
2913.0,10.0,20.0,2.0,175.0,14197.0
2914.0,20.0,20.0,2.0,175.0,38120.0
2915.0,40.0,20.0,2.0,175.0,129529.0
2916.0,0.0,20.0,2.0,175.0,14465.0
2917.0,0.5,20.0,2.0,175.0,29555.0
2918.0,1.0,20.0,2.0,175.0,4670.0
2919.0,2.0,20.0,2.0,175.0,6628.0
2920.0,3.0,20.0,2.0,175.0,8987.0
2921.0,5.0,20.0,2.0,175.0,10394.0
2922.0,10.0,20.0,2.0,175.0,10168.0
2923.0,20.0,20.0,2.0,175.0,30267.0
2924.0,40.0,20.0,2.0,175.0,52376.0
2925.0,0.0,20.0,2.0,175.0,15187.0
2926.0,0.5,20.0,2.0,175.0,10982.0
2927.0,1.0,20.0,2.0,175.0,16478.0
2928.0,2.0,20.0,2.0,175.0,11275.0
2929.0,3.0,20.0,2.0,175.0,8267.0
2930.0,5.0,20.0,2.0,175.0,7387.0
2931.0,10.0,20.0,2.0,175.0,9004.0
2932.0,20.0,20.0,2.0,175.0,12744.0
2933.0,40.0,20.0,2.0,175.0,54418.0
2934.0,0.0,20.0,2.0,175.0,14174.0
2935.0,0.5,20.0,2.0,175.0,8254.0
2936.0,1.0,20.0,2.0,175.0,5460.0
2937.0,2.0,20.0,2.0,175.0,8561.0
2938.0,3.0,20.0,2.0,175.0,8464.0
2939.0,5.0,20.0,2.0,175.0,6195.0
2940.0,10.0,20.0,2.0,175.0,10876.0
2941.0,20.0,20.0,2.0,175.0,13286.0
2942.0,40.0,20.0,2.0,175.0,48361.0
2943.0,0.0,20.0,2.0,175.0,26199.0
2944.0,0.5,20.0,2.0,175.0,18490.0
2945.0,1.0,20.0,2.0,175.0,7015.0
2946.0,2.0,20.0,2.0,175.0,7740.0
2947.0,3.0,20.0,2.0,175.0,11372.0
2948.0,5.0,20.0,2.0,175.0,8531.0
2949.0,10.0,20.0,2.0,175.0,21383.0
2950.0,20.0,20.0,2.0,175.0,26565.0
2951.0,40.0,20.0,2.0,175.0,86680.0
2952.0,0.0,20.0,2.0,175.0,28871.0
2953.0,0.5,20.0,2.0,175.0,19676.0
2954.0,1.0,20.0,2.0,175.0,8386.0
2955.0,2.0,20.0,2.0,175.0,14340.0
2956.0,3.0,20.0,2.0,175.0,7234.0
2957.0,5.0,20.0,2.0,175.0,5792.0
2958.0,10.0,20.0,2.0,175.0,15632.0
2959.0,20.0,20.0,2.0,175.0,16117.0
2960.0,40.0,20.0,2.0,175.0,35971.0
2961.0,0.0,20.0,2.0,175.0,13821.0
2962.0,0.5,20.0,2.0,175.0,6990.0
2963.0,1.0,20.0,2.0,175.0,13077.0
2964.0,2.0,20.0,2.0,175.0,6606.0
2965.0,3.0,20.0,2.0,175.0,5726.0
2966.0,5.0,20.0,2.0,175.0,11094.0
2967.0,10.0,20.0,2.0,175.0,7963.0
2968.0,20.0,20.0,2.0,175.0,12405.0
2969.0,40.0,20.0,2.0,175.0,42894.0
2970.0,0.0,20.0,2.0,175.0,32480.0
2971.0,0.5,20.0,2.0,175.0,13469.0
2972.0,1.0,20.0,2.0,175.0,13419.0
2973.0,2.0,20.0,2.0,175.0,4094.0
2974.0,3.0,20.0,2.0,175.0,6092.0
2975.0,5.0,20.0,2.0,175.0,13414.0
2976.0,10.0,20.0,2.0,175.0,12157.0
2977.0,20.0,20.0,2.0,175.0,20820.0
2978.0,40.0,20.0,2.0,175.0,70384.0
2979.0,0.0,20.0,2.0,175.0,15020.0
2980.0,0.5,20.0,2.0,175.0,7012.0
2981.0,1.0,20.0,2.0,175.0,6805.0
2982.0,2.0,20.0,2.0,175.0,8589.0
2983.0,3.0,20.0,2.0,175.0,8862.0
2984.0,5.0,20.0,2.0,175.0,8761.0
2985.0,10.0,20.0,2.0,175.0,9119.0
2986.0,20.0,20.0,2.0,175.0,20418.0
2987.0,40.0,20.0,2.0,175.0,44028.0
2988.0,0.0,20.0,2.0,175.0,23909.0
2989.0,0.5,20.0,2.0,175.0,4672.0
2990.0,1.0,20.0,2.0,175.0,5540.0
2991.0,2.0,20.0,2.0,175.0,7017.0
2992.0,3.0,20.0,2.0,175.0,4245.0
2993.0,5.0,20.0,2.0,175.0,5106.0
2994.0,10.0,20.0,2.0,175.0,13010.0
2995.0,20.0,20.0,2.0,175.0,17366.0
2996.0,40.0,20.0,2.0,175.0,68493.0
2997.0,0.0,20.0,2.0,175.0,15099.0
2998.0,0.5,20.0,2.0,175.0,5598.0
2999.0,1.0,20.0,2.0,175.0,3735.0
3000.0,2.0,20.0,2.0,175.0,4863.0
3001.0,3.0,20.0,2.0,175.0,5436.0
3002.0,5.0,20.0,2.0,175.0,10584.0
3003.0,10.0,20.0,2.0,175.0,20586.0
3004.0,20.0,20.0,2.0,175.0,18347.0
3005.0,40.0,20.0,2.0,175.0,44576.0
3006.0,0.0,20.0,2.0,175.0,14614.0
3007.0,0.5,20.0,2.0,175.0,5540.0
3008.0,1.0,20.0,2.0,175.0,9762.0
3009.0,2.0,20.0,2.0,175.0,7230.0
3010.0,3.0,20.0,2.0,175.0,6535.0
3011.0,5.0,20.0,2.0,175.0,4369.0
3012.0,10.0,20.0,2.0,175.0,16133.0
3013.0,20.0,20.0,2.0,175.0,47705.0
3014.0,40.0,20.0,2.0,175.0,43312.0
3015.0,0.0,20.0,2.0,175.0,14922.0
3016.0,0.5,20.0,2.0,175.0,9457.0
3017.0,1.0,20.0,2.0,175.0,10243.0
3018.0,2.0,20.0,2.0,175.0,8923.0
3019.0,3.0,20.0,2.0,175.0,3183.0
3020.0,5.0,20.0,2.0,175.0,7502.0
3021.0,10.0,20.0,2.0,175.0,6688.0
3022.0,20.0,20.0,2.0,175.0,35729.0
3023.0,40.0,20.0,2.0,175.0,33775.0
3024.0,0.0,20.0,2.0,175.0,15491.0
3025.0,0.5,20.0,2.0,175.0,10735.0
3026.0,1.0,20.0,2.0,175.0,15493.0
3027.0,2.0,20.0,2.0,175.0,9945.0
3028.0,3.0,20.0,2.0,175.0,7212.0
3029.0,5.0,20.0,2.0,175.0,14606.0
3030.0,10.0,20.0,2.0,175.0,23181.0
3031.0,20.0,20.0,2.0,175.0,11670.0
3032.0,40.0,20.0,2.0,175.0,78858.0
3033.0,0.0,20.0,2.0,175.0,14958.0
3034.0,0.5,20.0,2.0,175.0,14804.0
3035.0,1.0,20.0,2.0,175.0,5782.0
3036.0,2.0,20.0,2.0,175.0,7566.0
3037.0,3.0,20.0,2.0,175.0,8735.0
3038.0,5.0,20.0,2.0,175.0,7566.0
3039.0,10.0,20.0,2.0,175.0,10208.0
3040.0,20.0,20.0,2.0,175.0,9786.0
3041.0,40.0,20.0,2.0,175.0,181068.0
3042.0,0.0,20.0,2.0,175.0,15794.0
3043.0,0.5,20.0,2.0,175.0,9194.0
3044.0,1.0,20.0,2.0,175.0,7117.0
3045.0,2.0,20.0,2.0,175.0,8354.0
3046.0,3.0,20.0,2.0,175.0,6566.0
3047.0,5.0,20.0,2.0,175.0,9572.0
3048.0,10.0,20.0,2.0,175.0,10496.0
3049.0,20.0,20.0,2.0,175.0,15893.0
3050.0,40.0,20.0,2.0,175.0,67286.0
3051.0,0.0,20.0,2.0,175.0,14202.0
3052.0,0.5,20.0,2.0,175.0,5988.0
3053.0,1.0,20.0,2.0,175.0,8943.0
3054.0,2.0,20.0,2.0,175.0,4637.0
3055.0,3.0,20.0,2.0,175.0,7675.0
3056.0,5.0,20.0,2.0,175.0,10686.0
3057.0,10.0,20.0,2.0,175.0,7902.0
3058.0,20.0,20.0,2.0,175.0,11314.0
3059.0,40.0,20.0,2.0,175.0,113372.0
3060.0,0.0,20.0,2.0,175.0,13954.0
3061.0,0.5,20.0,2.0,175.0,14964.0
3062.0,1.0,20.0,2.0,175.0,6148.0
3063.0,2.0,20.0,2.0,175.0,12517.0
3064.0,3.0,20.0,2.0,175.0,7750.0
3065.0,5.0,20.0,2.0,175.0,6184.0
3066.0,10.0,20.0,2.0,175.0,10775.0
3067.0,20.0,20.0,2.0,175.0,12636.0
3068.0,40.0,20.0,2.0,175.0,61758.0
3069.0,0.0,20.0,2.0,175.0,28513.0
3070.0,0.5,20.0,2.0,175.0,5972.0
3071.0,1.0,20.0,2.0,175.0,8962.0
3072.0,2.0,20.0,2.0,175.0,5728.0
3073.0,3.0,20.0,2.0,175.0,7059.0
3074.0,5.0,20.0,2.0,175.0,10059.0
3075.0,10.0,20.0,2.0,175.0,7401.0
3076.0,20.0,20.0,2.0,175.0,19032.0
3077.0,40.0,20.0,2.0,175.0,41419.0
3078.0,0.0,20.0,2.0,175.0,33133.0
3079.0,0.5,20.0,2.0,175.0,9043.0
3080.0,1.0,20.0,2.0,175.0,14049.0
3081.0,2.0,20.0,2.0,175.0,5393.0
3082.0,3.0,20.0,2.0,175.0,3929.0
3083.0,5.0,20.0,2.0,175.0,8032.0
3084.0,10.0,20.0,2.0,175.0,6247.0
3085.0,20.0,20.0,2.0,175.0,19035.0
3086.0,40.0,20.0,2.0,175.0,71252.0
3087.0,0.0,20.0,2.0,175.0,30064.0
3088.0,0.5,20.0,2.0,175.0,5598.0
3089.0,1.0,20.0,2.0,175.0,13933.0
3090.0,2.0,20.0,2.0,175.0,8633.0
3091.0,3.0,20.0,2.0,175.0,4520.0
3092.0,5.0,20.0,2.0,175.0,9354.0
3093.0,10.0,20.0,2.0,175.0,21178.0
3094.0,20.0,20.0,2.0,175.0,14097.0
3095.0,40.0,20.0,2.0,175.0,34881.0
3096.0,0.0,20.0,2.0,175.0,13915.0
3097.0,0.5,20.0,2.0,175.0,7931.0
3098.0,1.0,20.0,2.0,175.0,5509.0
3099.0,2.0,20.0,2.0,175.0,6283.0
3100.0,3.0,20.0,2.0,175.0,9482.0
3101.0,5.0,20.0,2.0,175.0,7681.0
3102.0,10.0,20.0,2.0,175.0,7699.0
3103.0,20.0,20.0,2.0,175.0,27486.0
3104.0,40.0,20.0,2.0,175.0,52275.0
3105.0,0.0,20.0,2.0,175.0,22446.0
3106.0,0.5,20.0,2.0,175.0,9631.0
3107.0,1.0,20.0,2.0,175.0,10829.0
3108.0,2.0,20.0,2.0,175.0,4966.0
3109.0,3.0,20.0,2.0,175.0,8911.0
3110.0,5.0,20.0,2.0,175.0,9050.0
3111.0,10.0,20.0,2.0,175.0,23239.0
3112.0,20.0,20.0,2.0,175.0,30878.0
3113.0,40.0,20.0,2.0,175.0,47018.0
3114.0,0.0,20.0,2.0,175.0,9160.0
3115.0,0.5,20.0,2.0,175.0,14095.0
3116.0,1.0,20.0,2.0,175.0,5651.0
3117.0,2.0,20.0,2.0,175.0,6318.0
3118.0,3.0,20.0,2.0,175.0,6534.0
3119.0,5.0,20.0,2.0,175.0,7540.0
3120.0,10.0,20.0,2.0,175.0,10279.0
3121.0,20.0,20.0,2.0,175.0,20843.0
3122.0,40.0,20.0,2.0,175.0,50562.0
3123.0,0.0,20.0,2.0,175.0,14344.0
3124.0,0.5,20.0,2.0,175.0,6883.0
3125.0,1.0,20.0,2.0,175.0,7394.0
3126.0,2.0,20.0,2.0,175.0,3548.0
3127.0,3.0,20.0,2.0,175.0,8165.0
3128.0,5.0,20.0,2.0,175.0,5267.0
3129.0,10.0,20.0,2.0,175.0,7693.0
3130.0,20.0,20.0,2.0,175.0,19315.0
3131.0,40.0,20.0,2.0,175.0,53620.0
3132.0,0.0,20.0,2.0,175.0,6376.0
3133.0,0.5,20.0,2.0,175.0,14508.0
3134.0,1.0,20.0,2.0,175.0,10930.0
3135.0,2.0,20.0,2.0,175.0,6194.0
3136.0,3.0,20.0,2.0,175.0,5993.0
3137.0,5.0,20.0,2.0,175.0,12533.0
3138.0,10.0,20.0,2.0,175.0,18500.0
3139.0,20.0,20.0,2.0,175.0,41208.0
3140.0,40.0,20.0,2.0,175.0,42922.0
3141.0,0.0,20.0,2.0,175.0,14670.0
3142.0,0.5,20.0,2.0,175.0,8075.0
3143.0,1.0,20.0,2.0,175.0,8218.0
3144.0,2.0,20.0,2.0,175.0,4941.0
3145.0,3.0,20.0,2.0,175.0,4905.0
3146.0,5.0,20.0,2.0,175.0,8391.0
3147.0,10.0,20.0,2.0,175.0,13486.0
3148.0,20.0,20.0,2.0,175.0,14769.0
3149.0,40.0,20.0,2.0,175.0,61601.0
3150.0,0.0,20.0,2.0,200.0,18772.0
3151.0,0.5,20.0,2.0,200.0,11422.0
3152.0,1.0,20.0,2.0,200.0,11584.0
3153.0,2.0,20.0,2.0,200.0,8960.0
3154.0,3.0,20.0,2.0,200.0,3986.0
3155.0,5.0,20.0,2.0,200.0,10556.0
3156.0,10.0,20.0,2.0,200.0,17380.0
3157.0,20.0,20.0,2.0,200.0,14355.0
3158.0,40.0,20.0,2.0,200.0,70609.0
3159.0,0.0,20.0,2.0,200.0,19531.0
3160.0,0.5,20.0,2.0,200.0,7001.0
3161.0,1.0,20.0,2.0,200.0,8701.0
3162.0,2.0,20.0,2.0,200.0,15125.0
3163.0,3.0,20.0,2.0,200.0,16062.0
3164.0,5.0,20.0,2.0,200.0,16369.0
3165.0,10.0,20.0,2.0,200.0,13701.0
3166.0,20.0,20.0,2.0,200.0,43270.0
3167.0,40.0,20.0,2.0,200.0,56218.0
3168.0,0.0,20.0,2.0,200.0,20586.0
3169.0,0.5,20.0,2.0,200.0,18881.0
3170.0,1.0,20.0,2.0,200.0,10925.0
3171.0,2.0,20.0,2.0,200.0,6438.0
3172.0,3.0,20.0,2.0,200.0,10436.0
3173.0,5.0,20.0,2.0,200.0,12887.0
3174.0,10.0,20.0,2.0,200.0,19417.0
3175.0,20.0,20.0,2.0,200.0,28895.0
3176.0,40.0,20.0,2.0,200.0,75465.0
3177.0,0.0,20.0,2.0,200.0,18892.0
3178.0,0.5,20.0,2.0,200.0,14365.0
3179.0,1.0,20.0,2.0,200.0,6070.0
3180.0,2.0,20.0,2.0,200.0,11314.0
3181.0,3.0,20.0,2.0,200.0,11689.0
3182.0,5.0,20.0,2.0,200.0,10818.0
3183.0,10.0,20.0,2.0,200.0,9377.0
3184.0,20.0,20.0,2.0,200.0,40363.0
3185.0,40.0,20.0,2.0,200.0,49809.0
3186.0,0.0,20.0,2.0,200.0,14931.0
3187.0,0.5,20.0,2.0,200.0,12268.0
3188.0,1.0,20.0,2.0,200.0,18397.0
3189.0,2.0,20.0,2.0,200.0,8833.0
3190.0,3.0,20.0,2.0,200.0,8275.0
3191.0,5.0,20.0,2.0,200.0,8883.0
3192.0,10.0,20.0,2.0,200.0,16706.0
3193.0,20.0,20.0,2.0,200.0,18212.0
3194.0,40.0,20.0,2.0,200.0,61314.0
3195.0,0.0,20.0,2.0,200.0,47028.0
3196.0,0.5,20.0,2.0,200.0,13671.0
3197.0,1.0,20.0,2.0,200.0,6237.0
3198.0,2.0,20.0,2.0,200.0,10859.0
3199.0,3.0,20.0,2.0,200.0,6313.0
3200.0,5.0,20.0,2.0,200.0,9449.0
3201.0,10.0,20.0,2.0,200.0,20051.0
3202.0,20.0,20.0,2.0,200.0,33929.0
3203.0,40.0,20.0,2.0,200.0,83161.0
3204.0,0.0,20.0,2.0,200.0,8857.0
3205.0,0.5,20.0,2.0,200.0,19197.0
3206.0,1.0,20.0,2.0,200.0,19285.0
3207.0,2.0,20.0,2.0,200.0,5918.0
3208.0,3.0,20.0,2.0,200.0,9447.0
3209.0,5.0,20.0,2.0,200.0,13659.0
3210.0,10.0,20.0,2.0,200.0,25264.0
3211.0,20.0,20.0,2.0,200.0,28520.0
3212.0,40.0,20.0,2.0,200.0,57247.0
3213.0,0.0,20.0,2.0,200.0,17945.0
3214.0,0.5,20.0,2.0,200.0,18741.0
3215.0,1.0,20.0,2.0,200.0,4814.0
3216.0,2.0,20.0,2.0,200.0,10605.0
3217.0,3.0,20.0,2.0,200.0,7410.0
3218.0,5.0,20.0,2.0,200.0,9845.0
3219.0,10.0,20.0,2.0,200.0,9239.0
3220.0,20.0,20.0,2.0,200.0,26161.0
3221.0,40.0,20.0,2.0,200.0,51097.0
3222.0,0.0,20.0,2.0,200.0,18857.0
3223.0,0.5,20.0,2.0,200.0,19198.0
3224.0,1.0,20.0,2.0,200.0,10563.0
3225.0,2.0,20.0,2.0,200.0,4652.0
3226.0,3.0,20.0,2.0,200.0,6147.0
3227.0,5.0,20.0,2.0,200.0,4095.0
3228.0,10.0,20.0,2.0,200.0,23099.0
3229.0,20.0,20.0,2.0,200.0,27063.0
3230.0,40.0,20.0,2.0,200.0,67086.0
3231.0,0.0,20.0,2.0,200.0,25830.0
3232.0,0.5,20.0,2.0,200.0,9260.0
3233.0,1.0,20.0,2.0,200.0,7251.0
3234.0,2.0,20.0,2.0,200.0,8754.0
3235.0,3.0,20.0,2.0,200.0,9596.0
3236.0,5.0,20.0,2.0,200.0,13203.0
3237.0,10.0,20.0,2.0,200.0,15669.0
3238.0,20.0,20.0,2.0,200.0,31843.0
3239.0,40.0,20.0,2.0,200.0,68772.0
3240.0,0.0,20.0,2.0,200.0,38715.0
3241.0,0.5,20.0,2.0,200.0,7602.0
3242.0,1.0,20.0,2.0,200.0,7333.0
3243.0,2.0,20.0,2.0,200.0,5394.0
3244.0,3.0,20.0,2.0,200.0,12997.0
3245.0,5.0,20.0,2.0,200.0,29336.0
3246.0,10.0,20.0,2.0,200.0,14741.0
3247.0,20.0,20.0,2.0,200.0,28097.0
3248.0,40.0,20.0,2.0,200.0,58432.0
3249.0,0.0,20.0,2.0,200.0,21909.0
3250.0,0.5,20.0,2.0,200.0,12382.0
3251.0,1.0,20.0,2.0,200.0,36990.0
3252.0,2.0,20.0,2.0,200.0,6443.0
3253.0,3.0,20.0,2.0,200.0,8894.0
3254.0,5.0,20.0,2.0,200.0,11091.0
3255.0,10.0,20.0,2.0,200.0,18525.0
3256.0,20.0,20.0,2.0,200.0,15419.0
3257.0,40.0,20.0,2.0,200.0,61750.0
3258.0,0.0,20.0,2.0,200.0,34555.0
3259.0,0.5,20.0,2.0,200.0,10289.0
3260.0,1.0,20.0,2.0,200.0,12687.0
3261.0,2.0,20.0,2.0,200.0,8964.0
3262.0,3.0,20.0,2.0,200.0,15160.0
3263.0,5.0,20.0,2.0,200.0,10392.0
3264.0,10.0,20.0,2.0,200.0,13978.0
3265.0,20.0,20.0,2.0,200.0,23611.0
3266.0,40.0,20.0,2.0,200.0,43649.0
3267.0,0.0,20.0,2.0,200.0,19075.0
3268.0,0.5,20.0,2.0,200.0,6155.0
3269.0,1.0,20.0,2.0,200.0,10861.0
3270.0,2.0,20.0,2.0,200.0,10541.0
3271.0,3.0,20.0,2.0,200.0,8181.0
3272.0,5.0,20.0,2.0,200.0,10284.0
3273.0,10.0,20.0,2.0,200.0,13202.0
3274.0,20.0,20.0,2.0,200.0,24761.0
3275.0,40.0,20.0,2.0,200.0,53041.0
3276.0,0.0,20.0,2.0,200.0,23823.0
3277.0,0.5,20.0,2.0,200.0,5857.0
3278.0,1.0,20.0,2.0,200.0,13820.0
3279.0,2.0,20.0,2.0,200.0,5485.0
3280.0,3.0,20.0,2.0,200.0,7078.0
3281.0,5.0,20.0,2.0,200.0,13480.0
3282.0,10.0,20.0,2.0,200.0,7659.0
3283.0,20.0,20.0,2.0,200.0,25403.0
3284.0,40.0,20.0,2.0,200.0,39001.0
3285.0,0.0,20.0,2.0,200.0,19656.0
3286.0,0.5,20.0,2.0,200.0,9459.0
3287.0,1.0,20.0,2.0,200.0,16399.0
3288.0,2.0,20.0,2.0,200.0,8248.0
3289.0,3.0,20.0,2.0,200.0,7291.0
3290.0,5.0,20.0,2.0,200.0,13470.0
3291.0,10.0,20.0,2.0,200.0,11764.0
3292.0,20.0,20.0,2.0,200.0,21720.0
3293.0,40.0,20.0,2.0,200.0,74834.0
3294.0,0.0,20.0,2.0,200.0,9287.0
3295.0,0.5,20.0,2.0,200.0,10545.0
3296.0,1.0,20.0,2.0,200.0,3996.0
3297.0,2.0,20.0,2.0,200.0,7135.0
3298.0,3.0,20.0,2.0,200.0,12235.0
3299.0,5.0,20.0,2.0,200.0,18837.0
3300.0,10.0,20.0,2.0,200.0,15787.0
3301.0,20.0,20.0,2.0,200.0,30532.0
3302.0,40.0,20.0,2.0,200.0,65374.0
3303.0,0.0,20.0,2.0,200.0,19578.0
3304.0,0.5,20.0,2.0,200.0,18746.0
3305.0,1.0,20.0,2.0,200.0,8820.0
3306.0,2.0,20.0,2.0,200.0,9514.0
3307.0,3.0,20.0,2.0,200.0,9798.0
3308.0,5.0,20.0,2.0,200.0,8270.0
3309.0,10.0,20.0,2.0,200.0,11108.0
3310.0,20.0,20.0,2.0,200.0,32607.0
3311.0,40.0,20.0,2.0,200.0,76890.0
3312.0,0.0,20.0,2.0,200.0,15073.0
3313.0,0.5,20.0,2.0,200.0,19043.0
3314.0,1.0,20.0,2.0,200.0,7228.0
3315.0,2.0,20.0,2.0,200.0,8576.0
3316.0,3.0,20.0,2.0,200.0,5400.0
3317.0,5.0,20.0,2.0,200.0,12850.0
3318.0,10.0,20.0,2.0,200.0,12812.0
3319.0,20.0,20.0,2.0,200.0,26253.0
3320.0,40.0,20.0,2.0,200.0,71584.0
3321.0,0.0,20.0,2.0,200.0,18863.0
3322.0,0.5,20.0,2.0,200.0,18729.0
3323.0,1.0,20.0,2.0,200.0,7414.0
3324.0,2.0,20.0,2.0,200.0,7808.0
3325.0,3.0,20.0,2.0,200.0,5881.0
3326.0,5.0,20.0,2.0,200.0,10509.0
3327.0,10.0,20.0,2.0,200.0,16491.0
3328.0,20.0,20.0,2.0,200.0,13159.0
3329.0,40.0,20.0,2.0,200.0,57854.0
3330.0,0.0,20.0,2.0,200.0,18519.0
3331.0,0.5,20.0,2.0,200.0,5204.0
3332.0,1.0,20.0,2.0,200.0,5803.0
3333.0,2.0,20.0,2.0,200.0,12089.0
3334.0,3.0,20.0,2.0,200.0,4962.0
3335.0,5.0,20.0,2.0,200.0,8852.0
3336.0,10.0,20.0,2.0,200.0,26587.0
3337.0,20.0,20.0,2.0,200.0,27927.0
3338.0,40.0,20.0,2.0,200.0,116137.0
3339.0,0.0,20.0,2.0,200.0,18865.0
3340.0,0.5,20.0,2.0,200.0,11736.0
3341.0,1.0,20.0,2.0,200.0,5484.0
3342.0,2.0,20.0,2.0,200.0,5506.0
3343.0,3.0,20.0,2.0,200.0,8267.0
3344.0,5.0,20.0,2.0,200.0,8571.0
3345.0,10.0,20.0,2.0,200.0,16547.0
3346.0,20.0,20.0,2.0,200.0,19049.0
3347.0,40.0,20.0,2.0,200.0,64733.0
3348.0,0.0,20.0,2.0,200.0,18987.0
3349.0,0.5,20.0,2.0,200.0,29822.0
3350.0,1.0,20.0,2.0,200.0,7400.0
3351.0,2.0,20.0,2.0,200.0,5881.0
3352.0,3.0,20.0,2.0,200.0,7899.0
3353.0,5.0,20.0,2.0,200.0,9292.0
3354.0,10.0,20.0,2.0,200.0,10489.0
3355.0,20.0,20.0,2.0,200.0,25711.0
3356.0,40.0,20.0,2.0,200.0,67659.0
3357.0,0.0,20.0,2.0,200.0,17693.0
3358.0,0.5,20.0,2.0,200.0,18602.0
3359.0,1.0,20.0,2.0,200.0,9483.0
3360.0,2.0,20.0,2.0,200.0,11171.0
3361.0,3.0,20.0,2.0,200.0,10078.0
3362.0,5.0,20.0,2.0,200.0,6861.0
3363.0,10.0,20.0,2.0,200.0,21226.0
3364.0,20.0,20.0,2.0,200.0,15037.0
3365.0,40.0,20.0,2.0,200.0,73926.0
3366.0,0.0,20.0,2.0,200.0,42559.0
3367.0,0.5,20.0,2.0,200.0,7864.0
3368.0,1.0,20.0,2.0,200.0,15701.0
3369.0,2.0,20.0,2.0,200.0,9417.0
3370.0,3.0,20.0,2.0,200.0,7389.0
3371.0,5.0,20.0,2.0,200.0,5909.0
3372.0,10.0,20.0,2.0,200.0,10824.0
3373.0,20.0,20.0,2.0,200.0,15508.0
3374.0,40.0,20.0,2.0,200.0,80849.0
3375.0,0.0,20.0,2.0,200.0,36386.0
3376.0,0.5,20.0,2.0,200.0,27095.0
3377.0,1.0,20.0,2.0,200.0,14536.0
3378.0,2.0,20.0,2.0,200.0,9863.0
3379.0,3.0,20.0,2.0,200.0,5919.0
3380.0,5.0,20.0,2.0,200.0,13067.0
3381.0,10.0,20.0,2.0,200.0,12593.0
3382.0,20.0,20.0,2.0,200.0,28983.0
3383.0,40.0,20.0,2.0,200.0,71510.0
3384.0,0.0,20.0,2.0,200.0,19008.0
3385.0,0.5,20.0,2.0,200.0,6621.0
3386.0,1.0,20.0,2.0,200.0,7202.0
3387.0,2.0,20.0,2.0,200.0,5705.0
3388.0,3.0,20.0,2.0,200.0,6693.0
3389.0,5.0,20.0,2.0,200.0,6773.0
3390.0,10.0,20.0,2.0,200.0,10283.0
3391.0,20.0,20.0,2.0,200.0,16057.0
3392.0,40.0,20.0,2.0,200.0,47613.0
3393.0,0.0,20.0,2.0,200.0,26926.0
3394.0,0.5,20.0,2.0,200.0,13618.0
3395.0,1.0,20.0,2.0,200.0,5050.0
3396.0,2.0,20.0,2.0,200.0,6846.0
3397.0,3.0,20.0,2.0,200.0,12945.0
3398.0,5.0,20.0,2.0,200.0,10540.0
3399.0,10.0,20.0,2.0,200.0,17564.0
3400.0,20.0,20.0,2.0,200.0,23860.0
3401.0,40.0,20.0,2.0,200.0,42926.0
3402.0,0.0,20.0,2.0,200.0,18130.0
3403.0,0.5,20.0,2.0,200.0,12301.0
3404.0,1.0,20.0,2.0,200.0,9031.0
3405.0,2.0,20.0,2.0,200.0,9516.0
3406.0,3.0,20.0,2.0,200.0,11596.0
3407.0,5.0,20.0,2.0,200.0,14152.0
3408.0,10.0,20.0,2.0,200.0,10129.0
3409.0,20.0,20.0,2.0,200.0,25374.0
3410.0,40.0,20.0,2.0,200.0,91751.0
3411.0,0.0,20.0,2.0,200.0,18564.0
3412.0,0.5,20.0,2.0,200.0,9296.0
3413.0,1.0,20.0,2.0,200.0,5403.0
3414.0,2.0,20.0,2.0,200.0,4907.0
3415.0,3.0,20.0,2.0,200.0,7111.0
3416.0,5.0,20.0,2.0,200.0,5878.0
3417.0,10.0,20.0,2.0,200.0,11615.0
3418.0,20.0,20.0,2.0,200.0,16775.0
3419.0,40.0,20.0,2.0,200.0,54513.0
3420.0,0.0,20.0,2.0,200.0,19321.0
3421.0,0.5,20.0,2.0,200.0,8216.0
3422.0,1.0,20.0,2.0,200.0,9340.0
3423.0,2.0,20.0,2.0,200.0,7709.0
3424.0,3.0,20.0,2.0,200.0,8707.0
3425.0,5.0,20.0,2.0,200.0,7461.0
3426.0,10.0,20.0,2.0,200.0,12804.0
3427.0,20.0,20.0,2.0,200.0,9611.0
3428.0,40.0,20.0,2.0,200.0,63048.0
3429.0,0.0,20.0,2.0,200.0,18864.0
3430.0,0.5,20.0,2.0,200.0,8607.0
3431.0,1.0,20.0,2.0,200.0,9978.0
3432.0,2.0,20.0,2.0,200.0,5623.0
3433.0,3.0,20.0,2.0,200.0,5853.0
3434.0,5.0,20.0,2.0,200.0,7963.0
3435.0,10.0,20.0,2.0,200.0,22584.0
3436.0,20.0,20.0,2.0,200.0,11021.0
3437.0,40.0,20.0,2.0,200.0,69913.0
3438.0,0.0,20.0,2.0,200.0,19853.0
3439.0,0.5,20.0,2.0,200.0,19183.0
3440.0,1.0,20.0,2.0,200.0,11014.0
3441.0,2.0,20.0,2.0,200.0,5875.0
3442.0,3.0,20.0,2.0,200.0,9740.0
3443.0,5.0,20.0,2.0,200.0,9991.0
3444.0,10.0,20.0,2.0,200.0,17894.0
3445.0,20.0,20.0,2.0,200.0,21346.0
3446.0,40.0,20.0,2.0,200.0,81130.0
3447.0,0.0,20.0,2.0,200.0,19027.0
3448.0,0.5,20.0,2.0,200.0,8510.0
3449.0,1.0,20.0,2.0,200.0,4936.0
3450.0,2.0,20.0,2.0,200.0,8289.0
3451.0,3.0,20.0,2.0,200.0,5089.0
3452.0,5.0,20.0,2.0,200.0,8412.0
3453.0,10.0,20.0,2.0,200.0,10868.0
3454.0,20.0,20.0,2.0,200.0,15484.0
3455.0,40.0,20.0,2.0,200.0,62452.0
3456.0,0.0,20.0,2.0,200.0,19524.0
3457.0,0.5,20.0,2.0,200.0,18805.0
3458.0,1.0,20.0,2.0,200.0,9364.0
3459.0,2.0,20.0,2.0,200.0,10094.0
3460.0,3.0,20.0,2.0,200.0,13290.0
3461.0,5.0,20.0,2.0,200.0,12737.0
3462.0,10.0,20.0,2.0,200.0,9529.0
3463.0,20.0,20.0,2.0,200.0,31063.0
3464.0,40.0,20.0,2.0,200.0,74354.0
3465.0,0.0,20.0,2.0,200.0,19337.0
3466.0,0.5,20.0,2.0,200.0,7427.0
3467.0,1.0,20.0,2.0,200.0,13736.0
3468.0,2.0,20.0,2.0,200.0,7862.0
3469.0,3.0,20.0,2.0,200.0,9242.0
3470.0,5.0,20.0,2.0,200.0,11385.0
3471.0,10.0,20.0,2.0,200.0,14859.0
3472.0,20.0,20.0,2.0,200.0,16441.0
3473.0,40.0,20.0,2.0,200.0,57173.0
3474.0,0.0,20.0,2.0,200.0,18830.0
3475.0,0.5,20.0,2.0,200.0,53391.0
3476.0,1.0,20.0,2.0,200.0,8971.0
3477.0,2.0,20.0,2.0,200.0,6990.0
3478.0,3.0,20.0,2.0,200.0,8706.0
3479.0,5.0,20.0,2.0,200.0,9601.0
3480.0,10.0,20.0,2.0,200.0,10139.0
3481.0,20.0,20.0,2.0,200.0,19066.0
3482.0,40.0,20.0,2.0,200.0,64344.0
3483.0,0.0,20.0,2.0,200.0,24431.0
3484.0,0.5,20.0,2.0,200.0,14957.0
3485.0,1.0,20.0,2.0,200.0,15835.0
3486.0,2.0,20.0,2.0,200.0,6544.0
3487.0,3.0,20.0,2.0,200.0,8938.0
3488.0,5.0,20.0,2.0,200.0,23604.0
3489.0,10.0,20.0,2.0,200.0,12215.0
3490.0,20.0,20.0,2.0,200.0,21951.0
3491.0,40.0,20.0,2.0,200.0,44882.0
3492.0,0.0,20.0,2.0,200.0,16886.0
3493.0,0.5,20.0,2.0,200.0,12390.0
3494.0,1.0,20.0,2.0,200.0,12823.0
3495.0,2.0,20.0,2.0,200.0,7290.0
3496.0,3.0,20.0,2.0,200.0,9851.0
3497.0,5.0,20.0,2.0,200.0,11559.0
3498.0,10.0,20.0,2.0,200.0,15157.0
3499.0,20.0,20.0,2.0,200.0,106287.0
3500.0,40.0,20.0,2.0,200.0,40369.0
3501.0,0.0,20.0,2.0,200.0,19238.0
3502.0,0.5,20.0,2.0,200.0,19512.0
3503.0,1.0,20.0,2.0,200.0,11468.0
3504.0,2.0,20.0,2.0,200.0,11097.0
3505.0,3.0,20.0,2.0,200.0,6249.0
3506.0,5.0,20.0,2.0,200.0,4499.0
3507.0,10.0,20.0,2.0,200.0,13715.0
3508.0,20.0,20.0,2.0,200.0,17089.0
3509.0,40.0,20.0,2.0,200.0,46951.0
3510.0,0.0,20.0,2.0,200.0,25284.0
3511.0,0.5,20.0,2.0,200.0,7796.0
3512.0,1.0,20.0,2.0,200.0,5804.0
3513.0,2.0,20.0,2.0,200.0,11578.0
3514.0,3.0,20.0,2.0,200.0,10676.0
3515.0,5.0,20.0,2.0,200.0,28223.0
3516.0,10.0,20.0,2.0,200.0,15151.0
3517.0,20.0,20.0,2.0,200.0,20651.0
3518.0,40.0,20.0,2.0,200.0,66616.0
3519.0,0.0,20.0,2.0,200.0,21761.0
3520.0,0.5,20.0,2.0,200.0,12053.0
3521.0,1.0,20.0,2.0,200.0,8066.0
3522.0,2.0,20.0,2.0,200.0,11665.0
3523.0,3.0,20.0,2.0,200.0,10741.0
3524.0,5.0,20.0,2.0,200.0,15306.0
3525.0,10.0,20.0,2.0,200.0,9390.0
3526.0,20.0,20.0,2.0,200.0,18765.0
3527.0,40.0,20.0,2.0,200.0,72555.0
3528.0,0.0,20.0,2.0,200.0,25844.0
3529.0,0.5,20.0,2.0,200.0,27122.0
3530.0,1.0,20.0,2.0,200.0,5779.0
3531.0,2.0,20.0,2.0,200.0,7907.0
3532.0,3.0,20.0,2.0,200.0,8667.0
3533.0,5.0,20.0,2.0,200.0,12950.0
3534.0,10.0,20.0,2.0,200.0,12998.0
3535.0,20.0,20.0,2.0,200.0,20476.0
3536.0,40.0,20.0,2.0,200.0,126647.0
3537.0,0.0,20.0,2.0,200.0,39583.0
3538.0,0.5,20.0,2.0,200.0,8355.0
3539.0,1.0,20.0,2.0,200.0,10358.0
3540.0,2.0,20.0,2.0,200.0,7521.0
3541.0,3.0,20.0,2.0,200.0,5071.0
3542.0,5.0,20.0,2.0,200.0,9403.0
3543.0,10.0,20.0,2.0,200.0,17137.0
3544.0,20.0,20.0,2.0,200.0,43339.0
3545.0,40.0,20.0,2.0,200.0,75021.0
3546.0,0.0,20.0,2.0,200.0,18708.0
3547.0,0.5,20.0,2.0,200.0,18099.0
3548.0,1.0,20.0,2.0,200.0,6876.0
3549.0,2.0,20.0,2.0,200.0,8119.0
3550.0,3.0,20.0,2.0,200.0,8494.0
3551.0,5.0,20.0,2.0,200.0,11385.0
3552.0,10.0,20.0,2.0,200.0,9261.0
3553.0,20.0,20.0,2.0,200.0,23014.0
3554.0,40.0,20.0,2.0,200.0,60113.0
3555.0,0.0,20.0,2.0,200.0,18664.0
3556.0,0.5,20.0,2.0,200.0,14237.0
3557.0,1.0,20.0,2.0,200.0,7955.0
3558.0,2.0,20.0,2.0,200.0,12611.0
3559.0,3.0,20.0,2.0,200.0,13000.0
3560.0,5.0,20.0,2.0,200.0,10564.0
3561.0,10.0,20.0,2.0,200.0,12377.0
3562.0,20.0,20.0,2.0,200.0,22054.0
3563.0,40.0,20.0,2.0,200.0,72200.0
3564.0,0.0,20.0,2.0,200.0,58712.0
3565.0,0.5,20.0,2.0,200.0,19722.0
3566.0,1.0,20.0,2.0,200.0,18899.0
3567.0,2.0,20.0,2.0,200.0,10900.0
3568.0,3.0,20.0,2.0,200.0,11123.0
3569.0,5.0,20.0,2.0,200.0,9359.0
3570.0,10.0,20.0,2.0,200.0,34660.0
3571.0,20.0,20.0,2.0,200.0,18383.0
3572.0,40.0,20.0,2.0,200.0,63813.0
3573.0,0.0,20.0,2.0,200.0,19549.0
3574.0,0.5,20.0,2.0,200.0,19259.0
3575.0,1.0,20.0,2.0,200.0,18869.0
3576.0,2.0,20.0,2.0,200.0,6971.0
3577.0,3.0,20.0,2.0,200.0,10930.0
3578.0,5.0,20.0,2.0,200.0,13248.0
3579.0,10.0,20.0,2.0,200.0,24708.0
3580.0,20.0,20.0,2.0,200.0,14498.0
3581.0,40.0,20.0,2.0,200.0,86802.0
3582.0,0.0,20.0,2.0,200.0,18503.0
3583.0,0.5,20.0,2.0,200.0,9597.0
3584.0,1.0,20.0,2.0,200.0,9245.0
3585.0,2.0,20.0,2.0,200.0,7798.0
3586.0,3.0,20.0,2.0,200.0,6819.0
3587.0,5.0,20.0,2.0,200.0,19199.0
3588.0,10.0,20.0,2.0,200.0,12963.0
3589.0,20.0,20.0,2.0,200.0,12350.0
3590.0,40.0,20.0,2.0,200.0,92582.0
3591.0,0.0,20.0,2.0,200.0,18063.0
3592.0,0.5,20.0,2.0,200.0,20942.0
3593.0,1.0,20.0,2.0,200.0,7843.0
3594.0,2.0,20.0,2.0,200.0,22293.0
3595.0,3.0,20.0,2.0,200.0,5272.0
3596.0,5.0,20.0,2.0,200.0,9407.0
3597.0,10.0,20.0,2.0,200.0,9480.0
3598.0,20.0,20.0,2.0,200.0,25738.0
3599.0,40.0,20.0,2.0,200.0,71033.0
3600.0,0.0,20.0,2.0,225.0,24587.0
3601.0,0.5,20.0,2.0,225.0,9411.0
3602.0,1.0,20.0,2.0,225.0,12683.0
3603.0,2.0,20.0,2.0,225.0,13622.0
3604.0,3.0,20.0,2.0,225.0,7940.0
3605.0,5.0,20.0,2.0,225.0,20376.0
3606.0,10.0,20.0,2.0,225.0,20924.0
3607.0,20.0,20.0,2.0,225.0,40559.0
3608.0,40.0,20.0,2.0,225.0,66425.0
3609.0,0.0,20.0,2.0,225.0,23986.0
3610.0,0.5,20.0,2.0,225.0,6563.0
3611.0,1.0,20.0,2.0,225.0,7506.0
3612.0,2.0,20.0,2.0,225.0,8021.0
3613.0,3.0,20.0,2.0,225.0,11789.0
3614.0,5.0,20.0,2.0,225.0,13490.0
3615.0,10.0,20.0,2.0,225.0,12502.0
3616.0,20.0,20.0,2.0,225.0,57793.0
3617.0,40.0,20.0,2.0,225.0,96554.0
3618.0,0.0,20.0,2.0,225.0,54243.0
3619.0,0.5,20.0,2.0,225.0,7431.0
3620.0,1.0,20.0,2.0,225.0,6387.0
3621.0,2.0,20.0,2.0,225.0,20784.0
3622.0,3.0,20.0,2.0,225.0,7367.0
3623.0,5.0,20.0,2.0,225.0,20502.0
3624.0,10.0,20.0,2.0,225.0,15341.0
3625.0,20.0,20.0,2.0,225.0,33524.0
3626.0,40.0,20.0,2.0,225.0,118424.0
3627.0,0.0,20.0,2.0,225.0,24320.0
3628.0,0.5,20.0,2.0,225.0,19622.0
3629.0,1.0,20.0,2.0,225.0,12168.0
3630.0,2.0,20.0,2.0,225.0,10074.0
3631.0,3.0,20.0,2.0,225.0,10882.0
3632.0,5.0,20.0,2.0,225.0,16812.0
3633.0,10.0,20.0,2.0,225.0,26668.0
3634.0,20.0,20.0,2.0,225.0,35250.0
3635.0,40.0,20.0,2.0,225.0,104051.0
3636.0,0.0,20.0,2.0,225.0,23861.0
3637.0,0.5,20.0,2.0,225.0,36307.0
3638.0,1.0,20.0,2.0,225.0,10802.0
3639.0,2.0,20.0,2.0,225.0,7329.0
3640.0,3.0,20.0,2.0,225.0,7449.0
3641.0,5.0,20.0,2.0,225.0,26475.0
3642.0,10.0,20.0,2.0,225.0,13760.0
3643.0,20.0,20.0,2.0,225.0,28361.0
3644.0,40.0,20.0,2.0,225.0,51502.0
3645.0,0.0,20.0,2.0,225.0,24478.0
3646.0,0.5,20.0,2.0,225.0,6659.0
3647.0,1.0,20.0,2.0,225.0,12067.0
3648.0,2.0,20.0,2.0,225.0,36097.0
3649.0,3.0,20.0,2.0,225.0,6043.0
3650.0,5.0,20.0,2.0,225.0,7279.0
3651.0,10.0,20.0,2.0,225.0,14580.0
3652.0,20.0,20.0,2.0,225.0,74658.0
3653.0,40.0,20.0,2.0,225.0,118290.0
3654.0,0.0,20.0,2.0,225.0,24505.0
3655.0,0.5,20.0,2.0,225.0,12616.0
3656.0,1.0,20.0,2.0,225.0,9803.0
3657.0,2.0,20.0,2.0,225.0,12479.0
3658.0,3.0,20.0,2.0,225.0,8795.0
3659.0,5.0,20.0,2.0,225.0,5788.0
3660.0,10.0,20.0,2.0,225.0,22672.0
3661.0,20.0,20.0,2.0,225.0,32460.0
3662.0,40.0,20.0,2.0,225.0,184744.0
3663.0,0.0,20.0,2.0,225.0,10109.0
3664.0,0.5,20.0,2.0,225.0,13038.0
3665.0,1.0,20.0,2.0,225.0,19821.0
3666.0,2.0,20.0,2.0,225.0,5518.0
3667.0,3.0,20.0,2.0,225.0,6977.0
3668.0,5.0,20.0,2.0,225.0,8221.0
3669.0,10.0,20.0,2.0,225.0,13232.0
3670.0,20.0,20.0,2.0,225.0,40644.0
3671.0,40.0,20.0,2.0,225.0,70920.0
3672.0,0.0,20.0,2.0,225.0,36970.0
3673.0,0.5,20.0,2.0,225.0,12616.0
3674.0,1.0,20.0,2.0,225.0,18140.0
3675.0,2.0,20.0,2.0,225.0,10287.0
3676.0,3.0,20.0,2.0,225.0,10629.0
3677.0,5.0,20.0,2.0,225.0,12107.0
3678.0,10.0,20.0,2.0,225.0,10620.0
3679.0,20.0,20.0,2.0,225.0,27241.0
3680.0,40.0,20.0,2.0,225.0,65248.0
3681.0,0.0,20.0,2.0,225.0,28840.0
3682.0,0.5,20.0,2.0,225.0,24684.0
3683.0,1.0,20.0,2.0,225.0,15345.0
3684.0,2.0,20.0,2.0,225.0,9244.0
3685.0,3.0,20.0,2.0,225.0,8695.0
3686.0,5.0,20.0,2.0,225.0,15985.0
3687.0,10.0,20.0,2.0,225.0,61123.0
3688.0,20.0,20.0,2.0,225.0,32991.0
3689.0,40.0,20.0,2.0,225.0,73648.0
3690.0,0.0,20.0,2.0,225.0,24255.0
3691.0,0.5,20.0,2.0,225.0,10680.0
3692.0,1.0,20.0,2.0,225.0,8489.0
3693.0,2.0,20.0,2.0,225.0,16243.0
3694.0,3.0,20.0,2.0,225.0,8981.0
3695.0,5.0,20.0,2.0,225.0,27162.0
3696.0,10.0,20.0,2.0,225.0,13635.0
3697.0,20.0,20.0,2.0,225.0,32795.0
3698.0,40.0,20.0,2.0,225.0,64634.0
3699.0,0.0,20.0,2.0,225.0,47471.0
3700.0,0.5,20.0,2.0,225.0,35997.0
3701.0,1.0,20.0,2.0,225.0,28346.0
3702.0,2.0,20.0,2.0,225.0,7886.0
3703.0,3.0,20.0,2.0,225.0,9846.0
3704.0,5.0,20.0,2.0,225.0,19289.0
3705.0,10.0,20.0,2.0,225.0,29616.0
3706.0,20.0,20.0,2.0,225.0,37622.0
3707.0,40.0,20.0,2.0,225.0,98491.0
3708.0,0.0,20.0,2.0,225.0,14724.0
3709.0,0.5,20.0,2.0,225.0,14751.0
3710.0,1.0,20.0,2.0,225.0,17739.0
3711.0,2.0,20.0,2.0,225.0,6960.0
3712.0,3.0,20.0,2.0,225.0,11251.0
3713.0,5.0,20.0,2.0,225.0,15000.0
3714.0,10.0,20.0,2.0,225.0,11058.0
3715.0,20.0,20.0,2.0,225.0,31971.0
3716.0,40.0,20.0,2.0,225.0,64882.0
3717.0,0.0,20.0,2.0,225.0,19404.0
3718.0,0.5,20.0,2.0,225.0,12184.0
3719.0,1.0,20.0,2.0,225.0,12137.0
3720.0,2.0,20.0,2.0,225.0,10051.0
3721.0,3.0,20.0,2.0,225.0,12350.0
3722.0,5.0,20.0,2.0,225.0,17901.0
3723.0,10.0,20.0,2.0,225.0,22604.0
3724.0,20.0,20.0,2.0,225.0,31641.0
3725.0,40.0,20.0,2.0,225.0,145141.0
3726.0,0.0,20.0,2.0,225.0,24083.0
3727.0,0.5,20.0,2.0,225.0,15323.0
3728.0,1.0,20.0,2.0,225.0,11626.0
3729.0,2.0,20.0,2.0,225.0,9681.0
3730.0,3.0,20.0,2.0,225.0,9120.0
3731.0,5.0,20.0,2.0,225.0,15109.0
3732.0,10.0,20.0,2.0,225.0,15019.0
3733.0,20.0,20.0,2.0,225.0,21696.0
3734.0,40.0,20.0,2.0,225.0,76535.0
3735.0,0.0,20.0,2.0,225.0,23750.0
3736.0,0.5,20.0,2.0,225.0,10330.0
3737.0,1.0,20.0,2.0,225.0,7470.0
3738.0,2.0,20.0,2.0,225.0,9474.0
3739.0,3.0,20.0,2.0,225.0,9119.0
3740.0,5.0,20.0,2.0,225.0,8062.0
3741.0,10.0,20.0,2.0,225.0,11325.0
3742.0,20.0,20.0,2.0,225.0,32675.0
3743.0,40.0,20.0,2.0,225.0,132681.0
3744.0,0.0,20.0,2.0,225.0,16136.0
3745.0,0.5,20.0,2.0,225.0,38447.0
3746.0,1.0,20.0,2.0,225.0,9164.0
3747.0,2.0,20.0,2.0,225.0,6862.0
3748.0,3.0,20.0,2.0,225.0,10952.0
3749.0,5.0,20.0,2.0,225.0,12313.0
3750.0,10.0,20.0,2.0,225.0,10004.0
3751.0,20.0,20.0,2.0,225.0,14122.0
3752.0,40.0,20.0,2.0,225.0,60914.0
3753.0,0.0,20.0,2.0,225.0,23530.0
3754.0,0.5,20.0,2.0,225.0,20830.0
3755.0,1.0,20.0,2.0,225.0,11335.0
3756.0,2.0,20.0,2.0,225.0,12205.0
3757.0,3.0,20.0,2.0,225.0,14248.0
3758.0,5.0,20.0,2.0,225.0,16071.0
3759.0,10.0,20.0,2.0,225.0,21240.0
3760.0,20.0,20.0,2.0,225.0,37219.0
3761.0,40.0,20.0,2.0,225.0,146511.0
3762.0,0.0,20.0,2.0,225.0,23383.0
3763.0,0.5,20.0,2.0,225.0,9354.0
3764.0,1.0,20.0,2.0,225.0,15189.0
3765.0,2.0,20.0,2.0,225.0,6777.0
3766.0,3.0,20.0,2.0,225.0,15592.0
3767.0,5.0,20.0,2.0,225.0,18901.0
3768.0,10.0,20.0,2.0,225.0,21183.0
3769.0,20.0,20.0,2.0,225.0,31996.0
3770.0,40.0,20.0,2.0,225.0,53431.0
3771.0,0.0,20.0,2.0,225.0,33271.0
3772.0,0.5,20.0,2.0,225.0,16043.0
3773.0,1.0,20.0,2.0,225.0,4909.0
3774.0,2.0,20.0,2.0,225.0,7305.0
3775.0,3.0,20.0,2.0,225.0,7848.0
3776.0,5.0,20.0,2.0,225.0,15756.0
3777.0,10.0,20.0,2.0,225.0,15605.0
3778.0,20.0,20.0,2.0,225.0,23059.0
3779.0,40.0,20.0,2.0,225.0,83203.0
3780.0,0.0,20.0,2.0,225.0,24090.0
3781.0,0.5,20.0,2.0,225.0,10851.0
3782.0,1.0,20.0,2.0,225.0,15571.0
3783.0,2.0,20.0,2.0,225.0,7300.0
3784.0,3.0,20.0,2.0,225.0,11039.0
3785.0,5.0,20.0,2.0,225.0,7781.0
3786.0,10.0,20.0,2.0,225.0,47056.0
3787.0,20.0,20.0,2.0,225.0,31596.0
3788.0,40.0,20.0,2.0,225.0,114856.0
3789.0,0.0,20.0,2.0,225.0,17337.0
3790.0,0.5,20.0,2.0,225.0,45198.0
3791.0,1.0,20.0,2.0,225.0,10946.0
3792.0,2.0,20.0,2.0,225.0,19286.0
3793.0,3.0,20.0,2.0,225.0,9481.0
3794.0,5.0,20.0,2.0,225.0,10103.0
3795.0,10.0,20.0,2.0,225.0,18041.0
3796.0,20.0,20.0,2.0,225.0,19215.0
3797.0,40.0,20.0,2.0,225.0,72334.0
3798.0,0.0,20.0,2.0,225.0,23943.0
3799.0,0.5,20.0,2.0,225.0,18095.0
3800.0,1.0,20.0,2.0,225.0,9974.0
3801.0,2.0,20.0,2.0,225.0,18309.0
3802.0,3.0,20.0,2.0,225.0,6559.0
3803.0,5.0,20.0,2.0,225.0,19845.0
3804.0,10.0,20.0,2.0,225.0,19196.0
3805.0,20.0,20.0,2.0,225.0,45700.0
3806.0,40.0,20.0,2.0,225.0,110848.0
3807.0,0.0,20.0,2.0,225.0,24364.0
3808.0,0.5,20.0,2.0,225.0,15973.0
3809.0,1.0,20.0,2.0,225.0,27617.0
3810.0,2.0,20.0,2.0,225.0,8966.0
3811.0,3.0,20.0,2.0,225.0,7505.0
3812.0,5.0,20.0,2.0,225.0,12567.0
3813.0,10.0,20.0,2.0,225.0,18338.0
3814.0,20.0,20.0,2.0,225.0,26994.0
3815.0,40.0,20.0,2.0,225.0,127983.0
3816.0,0.0,20.0,2.0,225.0,24419.0
3817.0,0.5,20.0,2.0,225.0,8473.0
3818.0,1.0,20.0,2.0,225.0,17560.0
3819.0,2.0,20.0,2.0,225.0,8766.0
3820.0,3.0,20.0,2.0,225.0,9222.0
3821.0,5.0,20.0,2.0,225.0,10306.0
3822.0,10.0,20.0,2.0,225.0,10441.0
3823.0,20.0,20.0,2.0,225.0,19478.0
3824.0,40.0,20.0,2.0,225.0,65040.0
3825.0,0.0,20.0,2.0,225.0,22921.0
3826.0,0.5,20.0,2.0,225.0,16749.0
3827.0,1.0,20.0,2.0,225.0,18357.0
3828.0,2.0,20.0,2.0,225.0,7970.0
3829.0,3.0,20.0,2.0,225.0,9123.0
3830.0,5.0,20.0,2.0,225.0,8732.0
3831.0,10.0,20.0,2.0,225.0,18548.0
3832.0,20.0,20.0,2.0,225.0,20507.0
3833.0,40.0,20.0,2.0,225.0,66301.0
3834.0,0.0,20.0,2.0,225.0,24047.0
3835.0,0.5,20.0,2.0,225.0,10083.0
3836.0,1.0,20.0,2.0,225.0,15192.0
3837.0,2.0,20.0,2.0,225.0,14837.0
3838.0,3.0,20.0,2.0,225.0,8671.0
3839.0,5.0,20.0,2.0,225.0,7248.0
3840.0,10.0,20.0,2.0,225.0,15064.0
3841.0,20.0,20.0,2.0,225.0,40723.0
3842.0,40.0,20.0,2.0,225.0,210889.0
3843.0,0.0,20.0,2.0,225.0,24483.0
3844.0,0.5,20.0,2.0,225.0,7315.0
3845.0,1.0,20.0,2.0,225.0,13849.0
3846.0,2.0,20.0,2.0,225.0,7077.0
3847.0,3.0,20.0,2.0,225.0,10425.0
3848.0,5.0,20.0,2.0,225.0,11155.0
3849.0,10.0,20.0,2.0,225.0,14160.0
3850.0,20.0,20.0,2.0,225.0,24082.0
3851.0,40.0,20.0,2.0,225.0,72652.0
3852.0,0.0,20.0,2.0,225.0,24371.0
3853.0,0.5,20.0,2.0,225.0,9313.0
3854.0,1.0,20.0,2.0,225.0,14470.0
3855.0,2.0,20.0,2.0,225.0,13281.0
3856.0,3.0,20.0,2.0,225.0,16347.0
3857.0,5.0,20.0,2.0,225.0,10961.0
3858.0,10.0,20.0,2.0,225.0,16463.0
3859.0,20.0,20.0,2.0,225.0,18794.0
3860.0,40.0,20.0,2.0,225.0,91481.0
3861.0,0.0,20.0,2.0,225.0,23872.0
3862.0,0.5,20.0,2.0,225.0,54793.0
3863.0,1.0,20.0,2.0,225.0,6406.0
3864.0,2.0,20.0,2.0,225.0,7736.0
3865.0,3.0,20.0,2.0,225.0,10700.0
3866.0,5.0,20.0,2.0,225.0,21227.0
3867.0,10.0,20.0,2.0,225.0,19461.0
3868.0,20.0,20.0,2.0,225.0,29365.0
3869.0,40.0,20.0,2.0,225.0,64396.0
3870.0,0.0,20.0,2.0,225.0,24762.0
3871.0,0.5,20.0,2.0,225.0,17504.0
3872.0,1.0,20.0,2.0,225.0,14878.0
3873.0,2.0,20.0,2.0,225.0,10851.0
3874.0,3.0,20.0,2.0,225.0,13644.0
3875.0,5.0,20.0,2.0,225.0,22237.0
3876.0,10.0,20.0,2.0,225.0,24788.0
3877.0,20.0,20.0,2.0,225.0,31108.0
3878.0,40.0,20.0,2.0,225.0,80692.0
3879.0,0.0,20.0,2.0,225.0,42262.0
3880.0,0.5,20.0,2.0,225.0,19150.0
3881.0,1.0,20.0,2.0,225.0,8209.0
3882.0,2.0,20.0,2.0,225.0,10190.0
3883.0,3.0,20.0,2.0,225.0,24753.0
3884.0,5.0,20.0,2.0,225.0,10396.0
3885.0,10.0,20.0,2.0,225.0,14723.0
3886.0,20.0,20.0,2.0,225.0,24641.0
3887.0,40.0,20.0,2.0,225.0,95139.0
3888.0,0.0,20.0,2.0,225.0,24789.0
3889.0,0.5,20.0,2.0,225.0,14310.0
3890.0,1.0,20.0,2.0,225.0,11422.0
3891.0,2.0,20.0,2.0,225.0,9638.0
3892.0,3.0,20.0,2.0,225.0,15247.0
3893.0,5.0,20.0,2.0,225.0,15268.0
3894.0,10.0,20.0,2.0,225.0,15156.0
3895.0,20.0,20.0,2.0,225.0,55720.0
3896.0,40.0,20.0,2.0,225.0,74470.0
3897.0,0.0,20.0,2.0,225.0,23682.0
3898.0,0.5,20.0,2.0,225.0,14651.0
3899.0,1.0,20.0,2.0,225.0,14186.0
3900.0,2.0,20.0,2.0,225.0,12899.0
3901.0,3.0,20.0,2.0,225.0,16229.0
3902.0,5.0,20.0,2.0,225.0,11511.0
3903.0,10.0,20.0,2.0,225.0,18964.0
3904.0,20.0,20.0,2.0,225.0,29638.0
3905.0,40.0,20.0,2.0,225.0,90030.0
3906.0,0.0,20.0,2.0,225.0,23831.0
3907.0,0.5,20.0,2.0,225.0,11631.0
3908.0,1.0,20.0,2.0,225.0,19511.0
3909.0,2.0,20.0,2.0,225.0,13861.0
3910.0,3.0,20.0,2.0,225.0,12611.0
3911.0,5.0,20.0,2.0,225.0,7077.0
3912.0,10.0,20.0,2.0,225.0,12902.0
3913.0,20.0,20.0,2.0,225.0,26282.0
3914.0,40.0,20.0,2.0,225.0,92275.0
3915.0,0.0,20.0,2.0,225.0,23589.0
3916.0,0.5,20.0,2.0,225.0,10400.0
3917.0,1.0,20.0,2.0,225.0,8718.0
3918.0,2.0,20.0,2.0,225.0,27047.0
3919.0,3.0,20.0,2.0,225.0,14786.0
3920.0,5.0,20.0,2.0,225.0,11953.0
3921.0,10.0,20.0,2.0,225.0,23726.0
3922.0,20.0,20.0,2.0,225.0,36655.0
3923.0,40.0,20.0,2.0,225.0,63854.0
3924.0,0.0,20.0,2.0,225.0,23971.0
3925.0,0.5,20.0,2.0,225.0,17186.0
3926.0,1.0,20.0,2.0,225.0,10961.0
3927.0,2.0,20.0,2.0,225.0,12576.0
3928.0,3.0,20.0,2.0,225.0,10824.0
3929.0,5.0,20.0,2.0,225.0,14256.0
3930.0,10.0,20.0,2.0,225.0,21280.0
3931.0,20.0,20.0,2.0,225.0,28409.0
3932.0,40.0,20.0,2.0,225.0,70878.0
3933.0,0.0,20.0,2.0,225.0,23992.0
3934.0,0.5,20.0,2.0,225.0,24483.0
3935.0,1.0,20.0,2.0,225.0,9297.0
3936.0,2.0,20.0,2.0,225.0,8220.0
3937.0,3.0,20.0,2.0,225.0,16289.0
3938.0,5.0,20.0,2.0,225.0,19776.0
3939.0,10.0,20.0,2.0,225.0,21278.0
3940.0,20.0,20.0,2.0,225.0,33758.0
3941.0,40.0,20.0,2.0,225.0,98109.0
3942.0,0.0,20.0,2.0,225.0,24471.0
3943.0,0.5,20.0,2.0,225.0,14897.0
3944.0,1.0,20.0,2.0,225.0,24450.0
3945.0,2.0,20.0,2.0,225.0,9146.0
3946.0,3.0,20.0,2.0,225.0,42894.0
3947.0,5.0,20.0,2.0,225.0,104524.0
3948.0,10.0,20.0,2.0,225.0,17590.0
3949.0,20.0,20.0,2.0,225.0,25190.0
3950.0,40.0,20.0,2.0,225.0,52122.0
3951.0,0.0,20.0,2.0,225.0,33198.0
3952.0,0.5,20.0,2.0,225.0,24248.0
3953.0,1.0,20.0,2.0,225.0,11249.0
3954.0,2.0,20.0,2.0,225.0,14809.0
3955.0,3.0,20.0,2.0,225.0,6776.0
3956.0,5.0,20.0,2.0,225.0,11465.0
3957.0,10.0,20.0,2.0,225.0,16054.0
3958.0,20.0,20.0,2.0,225.0,24908.0
3959.0,40.0,20.0,2.0,225.0,96705.0
3960.0,0.0,20.0,2.0,225.0,24020.0
3961.0,0.5,20.0,2.0,225.0,11377.0
3962.0,1.0,20.0,2.0,225.0,14496.0
3963.0,2.0,20.0,2.0,225.0,22591.0
3964.0,3.0,20.0,2.0,225.0,9341.0
3965.0,5.0,20.0,2.0,225.0,12555.0
3966.0,10.0,20.0,2.0,225.0,20432.0
3967.0,20.0,20.0,2.0,225.0,24273.0
3968.0,40.0,20.0,2.0,225.0,97625.0
3969.0,0.0,20.0,2.0,225.0,25031.0
3970.0,0.5,20.0,2.0,225.0,20178.0
3971.0,1.0,20.0,2.0,225.0,9748.0
3972.0,2.0,20.0,2.0,225.0,19829.0
3973.0,3.0,20.0,2.0,225.0,13450.0
3974.0,5.0,20.0,2.0,225.0,9255.0
3975.0,10.0,20.0,2.0,225.0,24398.0
3976.0,20.0,20.0,2.0,225.0,38092.0
3977.0,40.0,20.0,2.0,225.0,167971.0
3978.0,0.0,20.0,2.0,225.0,35788.0
3979.0,0.5,20.0,2.0,225.0,11662.0
3980.0,1.0,20.0,2.0,225.0,11913.0
3981.0,2.0,20.0,2.0,225.0,8180.0
3982.0,3.0,20.0,2.0,225.0,6913.0
3983.0,5.0,20.0,2.0,225.0,10454.0
3984.0,10.0,20.0,2.0,225.0,20009.0
3985.0,20.0,20.0,2.0,225.0,38103.0
3986.0,40.0,20.0,2.0,225.0,171098.0
3987.0,0.0,20.0,2.0,225.0,24124.0
3988.0,0.5,20.0,2.0,225.0,24236.0
3989.0,1.0,20.0,2.0,225.0,9443.0
3990.0,2.0,20.0,2.0,225.0,10362.0
3991.0,3.0,20.0,2.0,225.0,13049.0
3992.0,5.0,20.0,2.0,225.0,12162.0
3993.0,10.0,20.0,2.0,225.0,17234.0
3994.0,20.0,20.0,2.0,225.0,25613.0
3995.0,40.0,20.0,2.0,225.0,56720.0
3996.0,0.0,20.0,2.0,225.0,18044.0
3997.0,0.5,20.0,2.0,225.0,42111.0
3998.0,1.0,20.0,2.0,225.0,23593.0
3999.0,2.0,20.0,2.0,225.0,13855.0
4000.0,3.0,20.0,2.0,225.0,8551.0
4001.0,5.0,20.0,2.0,225.0,9640.0
4002.0,10.0,20.0,2.0,225.0,15921.0
4003.0,20.0,20.0,2.0,225.0,109155.0
4004.0,40.0,20.0,2.0,225.0,54937.0
4005.0,0.0,20.0,2.0,225.0,27841.0
4006.0,0.5,20.0,2.0,225.0,16026.0
4007.0,1.0,20.0,2.0,225.0,16825.0
4008.0,2.0,20.0,2.0,225.0,11816.0
4009.0,3.0,20.0,2.0,225.0,6616.0
4010.0,5.0,20.0,2.0,225.0,8361.0
4011.0,10.0,20.0,2.0,225.0,16276.0
4012.0,20.0,20.0,2.0,225.0,41677.0
4013.0,40.0,20.0,2.0,225.0,73206.0
4014.0,0.0,20.0,2.0,225.0,23194.0
4015.0,0.5,20.0,2.0,225.0,10378.0
4016.0,1.0,20.0,2.0,225.0,7757.0
4017.0,2.0,20.0,2.0,225.0,18153.0
4018.0,3.0,20.0,2.0,225.0,15618.0
4019.0,5.0,20.0,2.0,225.0,16302.0
4020.0,10.0,20.0,2.0,225.0,14722.0
4021.0,20.0,20.0,2.0,225.0,17550.0
4022.0,40.0,20.0,2.0,225.0,173165.0
4023.0,0.0,20.0,2.0,225.0,25100.0
4024.0,0.5,20.0,2.0,225.0,7414.0
4025.0,1.0,20.0,2.0,225.0,10667.0
4026.0,2.0,20.0,2.0,225.0,10956.0
4027.0,3.0,20.0,2.0,225.0,9887.0
4028.0,5.0,20.0,2.0,225.0,7640.0
4029.0,10.0,20.0,2.0,225.0,12554.0
4030.0,20.0,20.0,2.0,225.0,44212.0
4031.0,40.0,20.0,2.0,225.0,82510.0
4032.0,0.0,20.0,2.0,225.0,24376.0
4033.0,0.5,20.0,2.0,225.0,23457.0
4034.0,1.0,20.0,2.0,225.0,9910.0
4035.0,2.0,20.0,2.0,225.0,9338.0
4036.0,3.0,20.0,2.0,225.0,11006.0
4037.0,5.0,20.0,2.0,225.0,12285.0
4038.0,10.0,20.0,2.0,225.0,18209.0
4039.0,20.0,20.0,2.0,225.0,26039.0
4040.0,40.0,20.0,2.0,225.0,98891.0
4041.0,0.0,20.0,2.0,225.0,24830.0
4042.0,0.5,20.0,2.0,225.0,24704.0
4043.0,1.0,20.0,2.0,225.0,13331.0
4044.0,2.0,20.0,2.0,225.0,10101.0
4045.0,3.0,20.0,2.0,225.0,6892.0
4046.0,5.0,20.0,2.0,225.0,12609.0
4047.0,10.0,20.0,2.0,225.0,20237.0
4048.0,20.0,20.0,2.0,225.0,25244.0
4049.0,40.0,20.0,2.0,225.0,104489.0
4050.0,0.0,20.0,2.0,250.0,55385.0
4051.0,0.5,20.0,2.0,250.0,35339.0
4052.0,1.0,20.0,2.0,250.0,12896.0
4053.0,2.0,20.0,2.0,250.0,11406.0
4054.0,3.0,20.0,2.0,250.0,16234.0
4055.0,5.0,20.0,2.0,250.0,11948.0
4056.0,10.0,20.0,2.0,250.0,40234.0
4057.0,20.0,20.0,2.0,250.0,61118.0
4058.0,40.0,20.0,2.0,250.0,102001.0
4059.0,0.0,20.0,2.0,250.0,15566.0
4060.0,0.5,20.0,2.0,250.0,12199.0
4061.0,1.0,20.0,2.0,250.0,37799.0
4062.0,2.0,20.0,2.0,250.0,12347.0
4063.0,3.0,20.0,2.0,250.0,9490.0
4064.0,5.0,20.0,2.0,250.0,11560.0
4065.0,10.0,20.0,2.0,250.0,23616.0
4066.0,20.0,20.0,2.0,250.0,16370.0
4067.0,40.0,20.0,2.0,250.0,65658.0
4068.0,0.0,20.0,2.0,250.0,70155.0
4069.0,0.5,20.0,2.0,250.0,17332.0
4070.0,1.0,20.0,2.0,250.0,26117.0
4071.0,2.0,20.0,2.0,250.0,20837.0
4072.0,3.0,20.0,2.0,250.0,14887.0
4073.0,5.0,20.0,2.0,250.0,9326.0
4074.0,10.0,20.0,2.0,250.0,35158.0
4075.0,20.0,20.0,2.0,250.0,50195.0
4076.0,40.0,20.0,2.0,250.0,139153.0
4077.0,0.0,20.0,2.0,250.0,43436.0
4078.0,0.5,20.0,2.0,250.0,14904.0
4079.0,1.0,20.0,2.0,250.0,19252.0
4080.0,2.0,20.0,2.0,250.0,10379.0
4081.0,3.0,20.0,2.0,250.0,11357.0
4082.0,5.0,20.0,2.0,250.0,14676.0
4083.0,10.0,20.0,2.0,250.0,13964.0
4084.0,20.0,20.0,2.0,250.0,46853.0
4085.0,40.0,20.0,2.0,250.0,136562.0
4086.0,0.0,20.0,2.0,250.0,30450.0
4087.0,0.5,20.0,2.0,250.0,12441.0
4088.0,1.0,20.0,2.0,250.0,36231.0
4089.0,2.0,20.0,2.0,250.0,10038.0
4090.0,3.0,20.0,2.0,250.0,17630.0
4091.0,5.0,20.0,2.0,250.0,27827.0
4092.0,10.0,20.0,2.0,250.0,18107.0
4093.0,20.0,20.0,2.0,250.0,39517.0
4094.0,40.0,20.0,2.0,250.0,94631.0
4095.0,0.0,20.0,2.0,250.0,29637.0
4096.0,0.5,20.0,2.0,250.0,15874.0
4097.0,1.0,20.0,2.0,250.0,25430.0
4098.0,2.0,20.0,2.0,250.0,16235.0
4099.0,3.0,20.0,2.0,250.0,12227.0
4100.0,5.0,20.0,2.0,250.0,22276.0
4101.0,10.0,20.0,2.0,250.0,16128.0
4102.0,20.0,20.0,2.0,250.0,40211.0
4103.0,40.0,20.0,2.0,250.0,108549.0
4104.0,0.0,20.0,2.0,250.0,15043.0
4105.0,0.5,20.0,2.0,250.0,22643.0
4106.0,1.0,20.0,2.0,250.0,21917.0
4107.0,2.0,20.0,2.0,250.0,33005.0
4108.0,3.0,20.0,2.0,250.0,11716.0
4109.0,5.0,20.0,2.0,250.0,37803.0
4110.0,10.0,20.0,2.0,250.0,23323.0
4111.0,20.0,20.0,2.0,250.0,36947.0
4112.0,40.0,20.0,2.0,250.0,158199.0
4113.0,0.0,20.0,2.0,250.0,71002.0
4114.0,0.5,20.0,2.0,250.0,14167.0
4115.0,1.0,20.0,2.0,250.0,19891.0
4116.0,2.0,20.0,2.0,250.0,17845.0
4117.0,3.0,20.0,2.0,250.0,22558.0
4118.0,5.0,20.0,2.0,250.0,14643.0
4119.0,10.0,20.0,2.0,250.0,18545.0
4120.0,20.0,20.0,2.0,250.0,29010.0
4121.0,40.0,20.0,2.0,250.0,110955.0
4122.0,0.0,20.0,2.0,250.0,30151.0
4123.0,0.5,20.0,2.0,250.0,16541.0
4124.0,1.0,20.0,2.0,250.0,23455.0
4125.0,2.0,20.0,2.0,250.0,13199.0
4126.0,3.0,20.0,2.0,250.0,23612.0
4127.0,5.0,20.0,2.0,250.0,22852.0
4128.0,10.0,20.0,2.0,250.0,17868.0
4129.0,20.0,20.0,2.0,250.0,22047.0
4130.0,40.0,20.0,2.0,250.0,132622.0
4131.0,0.0,20.0,2.0,250.0,28211.0
4132.0,0.5,20.0,2.0,250.0,22844.0
4133.0,1.0,20.0,2.0,250.0,9155.0
4134.0,2.0,20.0,2.0,250.0,21507.0
4135.0,3.0,20.0,2.0,250.0,11192.0
4136.0,5.0,20.0,2.0,250.0,15976.0
4137.0,10.0,20.0,2.0,250.0,23842.0
4138.0,20.0,20.0,2.0,250.0,33319.0
4139.0,40.0,20.0,2.0,250.0,174639.0
4140.0,0.0,20.0,2.0,250.0,27737.0
4141.0,0.5,20.0,2.0,250.0,20659.0
4142.0,1.0,20.0,2.0,250.0,13163.0
4143.0,2.0,20.0,2.0,250.0,7914.0
4144.0,3.0,20.0,2.0,250.0,30437.0
4145.0,5.0,20.0,2.0,250.0,19917.0
4146.0,10.0,20.0,2.0,250.0,30272.0
4147.0,20.0,20.0,2.0,250.0,60846.0
4148.0,40.0,20.0,2.0,250.0,167164.0
4149.0,0.0,20.0,2.0,250.0,33446.0
4150.0,0.5,20.0,2.0,250.0,34927.0
4151.0,1.0,20.0,2.0,250.0,16673.0
4152.0,2.0,20.0,2.0,250.0,12393.0
4153.0,3.0,20.0,2.0,250.0,12261.0
4154.0,5.0,20.0,2.0,250.0,14813.0
4155.0,10.0,20.0,2.0,250.0,19056.0
4156.0,20.0,20.0,2.0,250.0,48795.0
4157.0,40.0,20.0,2.0,250.0,118649.0
4158.0,0.0,20.0,2.0,250.0,54571.0
4159.0,0.5,20.0,2.0,250.0,10454.0
4160.0,1.0,20.0,2.0,250.0,17011.0
4161.0,2.0,20.0,2.0,250.0,18241.0
4162.0,3.0,20.0,2.0,250.0,15095.0
4163.0,5.0,20.0,2.0,250.0,8923.0
4164.0,10.0,20.0,2.0,250.0,26727.0
4165.0,20.0,20.0,2.0,250.0,74213.0
4166.0,40.0,20.0,2.0,250.0,201264.0
4167.0,0.0,20.0,2.0,250.0,21526.0
4168.0,0.5,20.0,2.0,250.0,14594.0
4169.0,1.0,20.0,2.0,250.0,10339.0
4170.0,2.0,20.0,2.0,250.0,8708.0
4171.0,3.0,20.0,2.0,250.0,10467.0
4172.0,5.0,20.0,2.0,250.0,10633.0
4173.0,10.0,20.0,2.0,250.0,28755.0
4174.0,20.0,20.0,2.0,250.0,38455.0
4175.0,40.0,20.0,2.0,250.0,112678.0
4176.0,0.0,20.0,2.0,250.0,14210.0
4177.0,0.5,20.0,2.0,250.0,23679.0
4178.0,1.0,20.0,2.0,250.0,15069.0
4179.0,2.0,20.0,2.0,250.0,12234.0
4180.0,3.0,20.0,2.0,250.0,12708.0
4181.0,5.0,20.0,2.0,250.0,10297.0
4182.0,10.0,20.0,2.0,250.0,33493.0
4183.0,20.0,20.0,2.0,250.0,30288.0
4184.0,40.0,20.0,2.0,250.0,82502.0
4185.0,0.0,20.0,2.0,250.0,28567.0
4186.0,0.5,20.0,2.0,250.0,11734.0
4187.0,1.0,20.0,2.0,250.0,13587.0
4188.0,2.0,20.0,2.0,250.0,15123.0
4189.0,3.0,20.0,2.0,250.0,8528.0
4190.0,5.0,20.0,2.0,250.0,18524.0
4191.0,10.0,20.0,2.0,250.0,29839.0
4192.0,20.0,20.0,2.0,250.0,39960.0
4193.0,40.0,20.0,2.0,250.0,72914.0
4194.0,0.0,20.0,2.0,250.0,19811.0
4195.0,0.5,20.0,2.0,250.0,27087.0
4196.0,1.0,20.0,2.0,250.0,7028.0
4197.0,2.0,20.0,2.0,250.0,13712.0
4198.0,3.0,20.0,2.0,250.0,19228.0
4199.0,5.0,20.0,2.0,250.0,14728.0
4200.0,10.0,20.0,2.0,250.0,23277.0
4201.0,20.0,20.0,2.0,250.0,57895.0
4202.0,40.0,20.0,2.0,250.0,79001.0
4203.0,0.0,20.0,2.0,250.0,25065.0
4204.0,0.5,20.0,2.0,250.0,14001.0
4205.0,1.0,20.0,2.0,250.0,15249.0
4206.0,2.0,20.0,2.0,250.0,7373.0
4207.0,3.0,20.0,2.0,250.0,11246.0
4208.0,5.0,20.0,2.0,250.0,10509.0
4209.0,10.0,20.0,2.0,250.0,44437.0
4210.0,20.0,20.0,2.0,250.0,32535.0
4211.0,40.0,20.0,2.0,250.0,103952.0
4212.0,0.0,20.0,2.0,250.0,40304.0
4213.0,0.5,20.0,2.0,250.0,24230.0
4214.0,1.0,20.0,2.0,250.0,15131.0
4215.0,2.0,20.0,2.0,250.0,6352.0
4216.0,3.0,20.0,2.0,250.0,17451.0
4217.0,5.0,20.0,2.0,250.0,7821.0
4218.0,10.0,20.0,2.0,250.0,35634.0
4219.0,20.0,20.0,2.0,250.0,52403.0
4220.0,40.0,20.0,2.0,250.0,69540.0
4221.0,0.0,20.0,2.0,250.0,29963.0
4222.0,0.5,20.0,2.0,250.0,30207.0
4223.0,1.0,20.0,2.0,250.0,18712.0
4224.0,2.0,20.0,2.0,250.0,11476.0
4225.0,3.0,20.0,2.0,250.0,12679.0
4226.0,5.0,20.0,2.0,250.0,12582.0
4227.0,10.0,20.0,2.0,250.0,18027.0
4228.0,20.0,20.0,2.0,250.0,27668.0
4229.0,40.0,20.0,2.0,250.0,82574.0
4230.0,0.0,20.0,2.0,250.0,37319.0
4231.0,0.5,20.0,2.0,250.0,10407.0
4232.0,1.0,20.0,2.0,250.0,13096.0
4233.0,2.0,20.0,2.0,250.0,16418.0
4234.0,3.0,20.0,2.0,250.0,11453.0
4235.0,5.0,20.0,2.0,250.0,12692.0
4236.0,10.0,20.0,2.0,250.0,17274.0
4237.0,20.0,20.0,2.0,250.0,21600.0
4238.0,40.0,20.0,2.0,250.0,191347.0
4239.0,0.0,20.0,2.0,250.0,29342.0
4240.0,0.5,20.0,2.0,250.0,14027.0
4241.0,1.0,20.0,2.0,250.0,17453.0
4242.0,2.0,20.0,2.0,250.0,9799.0
4243.0,3.0,20.0,2.0,250.0,14633.0
4244.0,5.0,20.0,2.0,250.0,14178.0
4245.0,10.0,20.0,2.0,250.0,22150.0
4246.0,20.0,20.0,2.0,250.0,17627.0
4247.0,40.0,20.0,2.0,250.0,93246.0
4248.0,0.0,20.0,2.0,250.0,29415.0
4249.0,0.5,20.0,2.0,250.0,16791.0
4250.0,1.0,20.0,2.0,250.0,20025.0
4251.0,2.0,20.0,2.0,250.0,13134.0
4252.0,3.0,20.0,2.0,250.0,24791.0
4253.0,5.0,20.0,2.0,250.0,18587.0
4254.0,10.0,20.0,2.0,250.0,17075.0
4255.0,20.0,20.0,2.0,250.0,21483.0
4256.0,40.0,20.0,2.0,250.0,93352.0
4257.0,0.0,20.0,2.0,250.0,30560.0
4258.0,0.5,20.0,2.0,250.0,42235.0
4259.0,1.0,20.0,2.0,250.0,29437.0
4260.0,2.0,20.0,2.0,250.0,9943.0
4261.0,3.0,20.0,2.0,250.0,21652.0
4262.0,5.0,20.0,2.0,250.0,19944.0
4263.0,10.0,20.0,2.0,250.0,17798.0
4264.0,20.0,20.0,2.0,250.0,25466.0
4265.0,40.0,20.0,2.0,250.0,91259.0
4266.0,0.0,20.0,2.0,250.0,30849.0
4267.0,0.5,20.0,2.0,250.0,40358.0
4268.0,1.0,20.0,2.0,250.0,11456.0
4269.0,2.0,20.0,2.0,250.0,11936.0
4270.0,3.0,20.0,2.0,250.0,13829.0
4271.0,5.0,20.0,2.0,250.0,11056.0
4272.0,10.0,20.0,2.0,250.0,36358.0
4273.0,20.0,20.0,2.0,250.0,34488.0
4274.0,40.0,20.0,2.0,250.0,94786.0
4275.0,0.0,20.0,2.0,250.0,29782.0
4276.0,0.5,20.0,2.0,250.0,17722.0
4277.0,1.0,20.0,2.0,250.0,11546.0
4278.0,2.0,20.0,2.0,250.0,8383.0
4279.0,3.0,20.0,2.0,250.0,12323.0
4280.0,5.0,20.0,2.0,250.0,10689.0
4281.0,10.0,20.0,2.0,250.0,31747.0
4282.0,20.0,20.0,2.0,250.0,77000.0
4283.0,40.0,20.0,2.0,250.0,514364.0
4284.0,0.0,20.0,2.0,250.0,30218.0
4285.0,0.5,20.0,2.0,250.0,28970.0
4286.0,1.0,20.0,2.0,250.0,11456.0
4287.0,2.0,20.0,2.0,250.0,18053.0
4288.0,3.0,20.0,2.0,250.0,8748.0
4289.0,5.0,20.0,2.0,250.0,6410.0
4290.0,10.0,20.0,2.0,250.0,26908.0
4291.0,20.0,20.0,2.0,250.0,34693.0
4292.0,40.0,20.0,2.0,250.0,253794.0
4293.0,0.0,20.0,2.0,250.0,16693.0
4294.0,0.5,20.0,2.0,250.0,9707.0
4295.0,1.0,20.0,2.0,250.0,14960.0
4296.0,2.0,20.0,2.0,250.0,11500.0
4297.0,3.0,20.0,2.0,250.0,18800.0
4298.0,5.0,20.0,2.0,250.0,12887.0
4299.0,10.0,20.0,2.0,250.0,27009.0
4300.0,20.0,20.0,2.0,250.0,24445.0
4301.0,40.0,20.0,2.0,250.0,107908.0
4302.0,0.0,20.0,2.0,250.0,28640.0
4303.0,0.5,20.0,2.0,250.0,16739.0
4304.0,1.0,20.0,2.0,250.0,6166.0
4305.0,2.0,20.0,2.0,250.0,5618.0
4306.0,3.0,20.0,2.0,250.0,12425.0
4307.0,5.0,20.0,2.0,250.0,19057.0
4308.0,10.0,20.0,2.0,250.0,33621.0
4309.0,20.0,20.0,2.0,250.0,58523.0
4310.0,40.0,20.0,2.0,250.0,101824.0
4311.0,0.0,20.0,2.0,250.0,29816.0
4312.0,0.5,20.0,2.0,250.0,12178.0
4313.0,1.0,20.0,2.0,250.0,20127.0
4314.0,2.0,20.0,2.0,250.0,13544.0
4315.0,3.0,20.0,2.0,250.0,13920.0
4316.0,5.0,20.0,2.0,250.0,15928.0
4317.0,10.0,20.0,2.0,250.0,49182.0
4318.0,20.0,20.0,2.0,250.0,29518.0
4319.0,40.0,20.0,2.0,250.0,80719.0
4320.0,0.0,20.0,2.0,250.0,32557.0
4321.0,0.5,20.0,2.0,250.0,8058.0
4322.0,1.0,20.0,2.0,250.0,18071.0
4323.0,2.0,20.0,2.0,250.0,12649.0
4324.0,3.0,20.0,2.0,250.0,13228.0
4325.0,5.0,20.0,2.0,250.0,8795.0
4326.0,10.0,20.0,2.0,250.0,19597.0
4327.0,20.0,20.0,2.0,250.0,21453.0
4328.0,40.0,20.0,2.0,250.0,61018.0
4329.0,0.0,20.0,2.0,250.0,29935.0
4330.0,0.5,20.0,2.0,250.0,22655.0
4331.0,1.0,20.0,2.0,250.0,11981.0
4332.0,2.0,20.0,2.0,250.0,16485.0
4333.0,3.0,20.0,2.0,250.0,17774.0
4334.0,5.0,20.0,2.0,250.0,17921.0
4335.0,10.0,20.0,2.0,250.0,21805.0
4336.0,20.0,20.0,2.0,250.0,170610.0
4337.0,40.0,20.0,2.0,250.0,99558.0
4338.0,0.0,20.0,2.0,250.0,46708.0
4339.0,0.5,20.0,2.0,250.0,29774.0
4340.0,1.0,20.0,2.0,250.0,10040.0
4341.0,2.0,20.0,2.0,250.0,12766.0
4342.0,3.0,20.0,2.0,250.0,8617.0
4343.0,5.0,20.0,2.0,250.0,12070.0
4344.0,10.0,20.0,2.0,250.0,35983.0
4345.0,20.0,20.0,2.0,250.0,131293.0
4346.0,40.0,20.0,2.0,250.0,82083.0
4347.0,0.0,20.0,2.0,250.0,29383.0
4348.0,0.5,20.0,2.0,250.0,29945.0
4349.0,1.0,20.0,2.0,250.0,9276.0
4350.0,2.0,20.0,2.0,250.0,11988.0
4351.0,3.0,20.0,2.0,250.0,10240.0
4352.0,5.0,20.0,2.0,250.0,17897.0
4353.0,10.0,20.0,2.0,250.0,21228.0
4354.0,20.0,20.0,2.0,250.0,56752.0
4355.0,40.0,20.0,2.0,250.0,124703.0
4356.0,0.0,20.0,2.0,250.0,29402.0
4357.0,0.5,20.0,2.0,250.0,28378.0
4358.0,1.0,20.0,2.0,250.0,8544.0
4359.0,2.0,20.0,2.0,250.0,23528.0
4360.0,3.0,20.0,2.0,250.0,11315.0
4361.0,5.0,20.0,2.0,250.0,22352.0
4362.0,10.0,20.0,2.0,250.0,23747.0
4363.0,20.0,20.0,2.0,250.0,49442.0
4364.0,40.0,20.0,2.0,250.0,103635.0
4365.0,0.0,20.0,2.0,250.0,44304.0
4366.0,0.5,20.0,2.0,250.0,8885.0
4367.0,1.0,20.0,2.0,250.0,13795.0
4368.0,2.0,20.0,2.0,250.0,11452.0
4369.0,3.0,20.0,2.0,250.0,12401.0
4370.0,5.0,20.0,2.0,250.0,14887.0
4371.0,10.0,20.0,2.0,250.0,18397.0
4372.0,20.0,20.0,2.0,250.0,72428.0
4373.0,40.0,20.0,2.0,250.0,112790.0
4374.0,0.0,20.0,2.0,250.0,35850.0
4375.0,0.5,20.0,2.0,250.0,43984.0
4376.0,1.0,20.0,2.0,250.0,21396.0
4377.0,2.0,20.0,2.0,250.0,17257.0
4378.0,3.0,20.0,2.0,250.0,10173.0
4379.0,5.0,20.0,2.0,250.0,13163.0
4380.0,10.0,20.0,2.0,250.0,35998.0
4381.0,20.0,20.0,2.0,250.0,51005.0
4382.0,40.0,20.0,2.0,250.0,96551.0
4383.0,0.0,20.0,2.0,250.0,29327.0
4384.0,0.5,20.0,2.0,250.0,9289.0
4385.0,1.0,20.0,2.0,250.0,10570.0
4386.0,2.0,20.0,2.0,250.0,17819.0
4387.0,3.0,20.0,2.0,250.0,14742.0
4388.0,5.0,20.0,2.0,250.0,28085.0
4389.0,10.0,20.0,2.0,250.0,19700.0
4390.0,20.0,20.0,2.0,250.0,46095.0
4391.0,40.0,20.0,2.0,250.0,265665.0
4392.0,0.0,20.0,2.0,250.0,29946.0
4393.0,0.5,20.0,2.0,250.0,15098.0
4394.0,1.0,20.0,2.0,250.0,12061.0
4395.0,2.0,20.0,2.0,250.0,8568.0
4396.0,3.0,20.0,2.0,250.0,8261.0
4397.0,5.0,20.0,2.0,250.0,14192.0
4398.0,10.0,20.0,2.0,250.0,20514.0
4399.0,20.0,20.0,2.0,250.0,40451.0
4400.0,40.0,20.0,2.0,250.0,430060.0
4401.0,0.0,20.0,2.0,250.0,27668.0
4402.0,0.5,20.0,2.0,250.0,12995.0
4403.0,1.0,20.0,2.0,250.0,9042.0
4404.0,2.0,20.0,2.0,250.0,30406.0
4405.0,3.0,20.0,2.0,250.0,8244.0
4406.0,5.0,20.0,2.0,250.0,12996.0
4407.0,10.0,20.0,2.0,250.0,18518.0
4408.0,20.0,20.0,2.0,250.0,34417.0
4409.0,40.0,20.0,2.0,250.0,59135.0
4410.0,0.0,20.0,2.0,250.0,25736.0
4411.0,0.5,20.0,2.0,250.0,38637.0
4412.0,1.0,20.0,2.0,250.0,7973.0
4413.0,2.0,20.0,2.0,250.0,6484.0
4414.0,3.0,20.0,2.0,250.0,10521.0
4415.0,5.0,20.0,2.0,250.0,11511.0
4416.0,10.0,20.0,2.0,250.0,26417.0
4417.0,20.0,20.0,2.0,250.0,29954.0
4418.0,40.0,20.0,2.0,250.0,107838.0
4419.0,0.0,20.0,2.0,250.0,29125.0
4420.0,0.5,20.0,2.0,250.0,11052.0
4421.0,1.0,20.0,2.0,250.0,15829.0
4422.0,2.0,20.0,2.0,250.0,17691.0
4423.0,3.0,20.0,2.0,250.0,9399.0
4424.0,5.0,20.0,2.0,250.0,10149.0
4425.0,10.0,20.0,2.0,250.0,15947.0
4426.0,20.0,20.0,2.0,250.0,24901.0
4427.0,40.0,20.0,2.0,250.0,86997.0
4428.0,0.0,20.0,2.0,250.0,46858.0
4429.0,0.5,20.0,2.0,250.0,10395.0
4430.0,1.0,20.0,2.0,250.0,12324.0
4431.0,2.0,20.0,2.0,250.0,16320.0
4432.0,3.0,20.0,2.0,250.0,9796.0
4433.0,5.0,20.0,2.0,250.0,12725.0
4434.0,10.0,20.0,2.0,250.0,13167.0
4435.0,20.0,20.0,2.0,250.0,201110.0
4436.0,40.0,20.0,2.0,250.0,113545.0
4437.0,0.0,20.0,2.0,250.0,30849.0
4438.0,0.5,20.0,2.0,250.0,44969.0
4439.0,1.0,20.0,2.0,250.0,17179.0
4440.0,2.0,20.0,2.0,250.0,7993.0
4441.0,3.0,20.0,2.0,250.0,20523.0
4442.0,5.0,20.0,2.0,250.0,16761.0
4443.0,10.0,20.0,2.0,250.0,12260.0
4444.0,20.0,20.0,2.0,250.0,36430.0
4445.0,40.0,20.0,2.0,250.0,202323.0
4446.0,0.0,20.0,2.0,250.0,29156.0
4447.0,0.5,20.0,2.0,250.0,22430.0
4448.0,1.0,20.0,2.0,250.0,18608.0
4449.0,2.0,20.0,2.0,250.0,12259.0
4450.0,3.0,20.0,2.0,250.0,32891.0
4451.0,5.0,20.0,2.0,250.0,11618.0
4452.0,10.0,20.0,2.0,250.0,21389.0
4453.0,20.0,20.0,2.0,250.0,60466.0
4454.0,40.0,20.0,2.0,250.0,83872.0
4455.0,0.0,20.0,2.0,250.0,15841.0
4456.0,0.5,20.0,2.0,250.0,24115.0
4457.0,1.0,20.0,2.0,250.0,12357.0
4458.0,2.0,20.0,2.0,250.0,9406.0
4459.0,3.0,20.0,2.0,250.0,13171.0
4460.0,5.0,20.0,2.0,250.0,22144.0
4461.0,10.0,20.0,2.0,250.0,23499.0
4462.0,20.0,20.0,2.0,250.0,39362.0
4463.0,40.0,20.0,2.0,250.0,120363.0
4464.0,0.0,20.0,2.0,250.0,35716.0
4465.0,0.5,20.0,2.0,250.0,51990.0
4466.0,1.0,20.0,2.0,250.0,19998.0
4467.0,2.0,20.0,2.0,250.0,15162.0
4468.0,3.0,20.0,2.0,250.0,17346.0
4469.0,5.0,20.0,2.0,250.0,24944.0
4470.0,10.0,20.0,2.0,250.0,17274.0
4471.0,20.0,20.0,2.0,250.0,29827.0
4472.0,40.0,20.0,2.0,250.0,85814.0
4473.0,0.0,20.0,2.0,250.0,30247.0
4474.0,0.5,20.0,2.0,250.0,29370.0
4475.0,1.0,20.0,2.0,250.0,27381.0
4476.0,2.0,20.0,2.0,250.0,6263.0
4477.0,3.0,20.0,2.0,250.0,10754.0
4478.0,5.0,20.0,2.0,250.0,13616.0
4479.0,10.0,20.0,2.0,250.0,32746.0
4480.0,20.0,20.0,2.0,250.0,56979.0
4481.0,40.0,20.0,2.0,250.0,92695.0
4482.0,0.0,20.0,2.0,250.0,28589.0
4483.0,0.5,20.0,2.0,250.0,46776.0
4484.0,1.0,20.0,2.0,250.0,21237.0
4485.0,2.0,20.0,2.0,250.0,22458.0
4486.0,3.0,20.0,2.0,250.0,14817.0
4487.0,5.0,20.0,2.0,250.0,13380.0
4488.0,10.0,20.0,2.0,250.0,12437.0
4489.0,20.0,20.0,2.0,250.0,32015.0
4490.0,40.0,20.0,2.0,250.0,106138.0
4491.0,0.0,20.0,2.0,250.0,31896.0
4492.0,0.5,20.0,2.0,250.0,71973.0
4493.0,1.0,20.0,2.0,250.0,20340.0
4494.0,2.0,20.0,2.0,250.0,11126.0
4495.0,3.0,20.0,2.0,250.0,18492.0
4496.0,5.0,20.0,2.0,250.0,32823.0
4497.0,10.0,20.0,2.0,250.0,36441.0
4498.0,20.0,20.0,2.0,250.0,28010.0
4499.0,40.0,20.0,2.0,250.0,84753.0
