Factor 1,Factor 2,Factor 3,Factor 4,Factor 5,Result 1
0.0,0.0,20.0,2.0,25.0,25.0
1.0,0.5,20.0,2.0,25.0,25.0
2.0,1.0,20.0,2.0,25.0,8.333333
3.0,2.0,20.0,2.0,25.0,25.0
4.0,3.0,20.0,2.0,25.0,8.333333
5.0,5.0,20.0,2.0,25.0,8.333333
6.0,10.0,20.0,2.0,25.0,25.0
7.0,20.0,20.0,2.0,25.0,6.25
8.0,40.0,20.0,2.0,25.0,5.0
9.0,0.0,20.0,2.0,25.0,25.0
10.0,0.5,20.0,2.0,25.0,25.0
11.0,1.0,20.0,2.0,25.0,25.0
12.0,2.0,20.0,2.0,25.0,8.333333
13.0,3.0,20.0,2.0,25.0,25.0
14.0,5.0,20.0,2.0,25.0,25.0
15.0,10.0,20.0,2.0,25.0,12.5
16.0,20.0,20.0,2.0,25.0,8.333333
17.0,40.0,20.0,2.0,25.0,3.5714285
18.0,0.0,20.0,2.0,25.0,25.0
19.0,0.5,20.0,2.0,25.0,25.0
20.0,1.0,20.0,2.0,25.0,25.0
21.0,2.0,20.0,2.0,25.0,25.0
22.0,3.0,20.0,2.0,25.0,25.0
23.0,5.0,20.0,2.0,25.0,25.0
24.0,10.0,20.0,2.0,25.0,6.25
25.0,20.0,20.0,2.0,25.0,6.25
26.0,40.0,20.0,2.0,25.0,8.333333
27.0,0.0,20.0,2.0,25.0,25.0
28.0,0.5,20.0,2.0,25.0,8.333333
29.0,1.0,20.0,2.0,25.0,25.0
30.0,2.0,20.0,2.0,25.0,8.333333
31.0,3.0,20.0,2.0,25.0,8.333333
32.0,5.0,20.0,2.0,25.0,8.333333
33.0,10.0,20.0,2.0,25.0,8.333333
34.0,20.0,20.0,2.0,25.0,25.0
35.0,40.0,20.0,2.0,25.0,4.1666665
36.0,0.0,20.0,2.0,25.0,25.0
37.0,0.5,20.0,2.0,25.0,25.0
38.0,1.0,20.0,2.0,25.0,25.0
39.0,2.0,20.0,2.0,25.0,25.0
40.0,3.0,20.0,2.0,25.0,25.0
41.0,5.0,20.0,2.0,25.0,8.333333
42.0,10.0,20.0,2.0,25.0,12.5
43.0,20.0,20.0,2.0,25.0,12.5
44.0,40.0,20.0,2.0,25.0,3.5714285
45.0,0.0,20.0,2.0,25.0,25.0
46.0,0.5,20.0,2.0,25.0,25.0
47.0,1.0,20.0,2.0,25.0,25.0
48.0,2.0,20.0,2.0,25.0,25.0
49.0,3.0,20.0,2.0,25.0,25.0
50.0,5.0,20.0,2.0,25.0,25.0
51.0,10.0,20.0,2.0,25.0,8.333333
52.0,20.0,20.0,2.0,25.0,6.25
53.0,40.0,20.0,2.0,25.0,5.0
54.0,0.0,20.0,2.0,25.0,25.0
55.0,0.5,20.0,2.0,25.0,25.0
56.0,1.0,20.0,2.0,25.0,8.333333
57.0,2.0,20.0,2.0,25.0,8.333333
58.0,3.0,20.0,2.0,25.0,25.0
59.0,5.0,20.0,2.0,25.0,8.333333
60.0,10.0,20.0,2.0,25.0,25.0
61.0,20.0,20.0,2.0,25.0,12.5
62.0,40.0,20.0,2.0,25.0,5.0
63.0,0.0,20.0,2.0,25.0,25.0
64.0,0.5,20.0,2.0,25.0,25.0
65.0,1.0,20.0,2.0,25.0,25.0
66.0,2.0,20.0,2.0,25.0,25.0
67.0,3.0,20.0,2.0,25.0,8.333333
68.0,5.0,20.0,2.0,25.0,12.5
69.0,10.0,20.0,2.0,25.0,8.333333
70.0,20.0,20.0,2.0,25.0,8.333333
71.0,40.0,20.0,2.0,25.0,4.1666665
72.0,0.0,20.0,2.0,25.0,25.0
73.0,0.5,20.0,2.0,25.0,25.0
74.0,1.0,20.0,2.0,25.0,25.0
75.0,2.0,20.0,2.0,25.0,8.333333
76.0,3.0,20.0,2.0,25.0,25.0
77.0,5.0,20.0,2.0,25.0,8.333333
78.0,10.0,20.0,2.0,25.0,6.25
79.0,20.0,20.0,2.0,25.0,12.5
80.0,40.0,20.0,2.0,25.0,4.1666665
81.0,0.0,20.0,2.0,25.0,25.0
82.0,0.5,20.0,2.0,25.0,25.0
83.0,1.0,20.0,2.0,25.0,25.0
84.0,2.0,20.0,2.0,25.0,25.0
85.0,3.0,20.0,2.0,25.0,25.0
86.0,5.0,20.0,2.0,25.0,5.0
87.0,10.0,20.0,2.0,25.0,8.333333
88.0,20.0,20.0,2.0,25.0,12.5
89.0,40.0,20.0,2.0,25.0,5.0
90.0,0.0,20.0,2.0,25.0,25.0
91.0,0.5,20.0,2.0,25.0,25.0
92.0,1.0,20.0,2.0,25.0,25.0
93.0,2.0,20.0,2.0,25.0,25.0
94.0,3.0,20.0,2.0,25.0,8.333333
95.0,5.0,20.0,2.0,25.0,8.333333
96.0,10.0,20.0,2.0,25.0,8.333333
97.0,20.0,20.0,2.0,25.0,5.0
98.0,40.0,20.0,2.0,25.0,8.333333
99.0,0.0,20.0,2.0,25.0,25.0
100.0,0.5,20.0,2.0,25.0,25.0
101.0,1.0,20.0,2.0,25.0,25.0
102.0,2.0,20.0,2.0,25.0,25.0
103.0,3.0,20.0,2.0,25.0,25.0
104.0,5.0,20.0,2.0,25.0,25.0
105.0,10.0,20.0,2.0,25.0,25.0
106.0,20.0,20.0,2.0,25.0,8.333333
107.0,40.0,20.0,2.0,25.0,3.5714285
108.0,0.0,20.0,2.0,25.0,25.0
109.0,0.5,20.0,2.0,25.0,25.0
110.0,1.0,20.0,2.0,25.0,25.0
111.0,2.0,20.0,2.0,25.0,25.0
112.0,3.0,20.0,2.0,25.0,25.0
113.0,5.0,20.0,2.0,25.0,12.5
114.0,10.0,20.0,2.0,25.0,25.0
115.0,20.0,20.0,2.0,25.0,6.25
116.0,40.0,20.0,2.0,25.0,5.0
117.0,0.0,20.0,2.0,25.0,25.0
118.0,0.5,20.0,2.0,25.0,25.0
119.0,1.0,20.0,2.0,25.0,25.0
120.0,2.0,20.0,2.0,25.0,25.0
121.0,3.0,20.0,2.0,25.0,25.0
122.0,5.0,20.0,2.0,25.0,8.333333
123.0,10.0,20.0,2.0,25.0,5.0
124.0,20.0,20.0,2.0,25.0,5.0
125.0,40.0,20.0,2.0,25.0,5.0
126.0,0.0,20.0,2.0,25.0,25.0
127.0,0.5,20.0,2.0,25.0,25.0
128.0,1.0,20.0,2.0,25.0,25.0
129.0,2.0,20.0,2.0,25.0,25.0
130.0,3.0,20.0,2.0,25.0,25.0
131.0,5.0,20.0,2.0,25.0,8.333333
132.0,10.0,20.0,2.0,25.0,12.5
133.0,20.0,20.0,2.0,25.0,6.25
134.0,40.0,20.0,2.0,25.0,3.5714285
135.0,0.0,20.0,2.0,25.0,25.0
136.0,0.5,20.0,2.0,25.0,25.0
137.0,1.0,20.0,2.0,25.0,25.0
138.0,2.0,20.0,2.0,25.0,25.0
139.0,3.0,20.0,2.0,25.0,25.0
140.0,5.0,20.0,2.0,25.0,12.5
141.0,10.0,20.0,2.0,25.0,8.333333
142.0,20.0,20.0,2.0,25.0,8.333333
143.0,40.0,20.0,2.0,25.0,8.333333
144.0,0.0,20.0,2.0,25.0,25.0
145.0,0.5,20.0,2.0,25.0,25.0
146.0,1.0,20.0,2.0,25.0,25.0
147.0,2.0,20.0,2.0,25.0,25.0
148.0,3.0,20.0,2.0,25.0,25.0
149.0,5.0,20.0,2.0,25.0,8.333333
150.0,10.0,20.0,2.0,25.0,8.333333
151.0,20.0,20.0,2.0,25.0,8.333333
152.0,40.0,20.0,2.0,25.0,5.0
153.0,0.0,20.0,2.0,25.0,25.0
154.0,0.5,20.0,2.0,25.0,25.0
155.0,1.0,20.0,2.0,25.0,25.0
156.0,2.0,20.0,2.0,25.0,25.0
157.0,3.0,20.0,2.0,25.0,25.0
158.0,5.0,20.0,2.0,25.0,8.333333
159.0,10.0,20.0,2.0,25.0,12.5
160.0,20.0,20.0,2.0,25.0,8.333333
161.0,40.0,20.0,2.0,25.0,8.333333
162.0,0.0,20.0,2.0,25.0,25.0
163.0,0.5,20.0,2.0,25.0,25.0
164.0,1.0,20.0,2.0,25.0,25.0
165.0,2.0,20.0,2.0,25.0,25.0
166.0,3.0,20.0,2.0,25.0,8.333333
167.0,5.0,20.0,2.0,25.0,8.333333
168.0,10.0,20.0,2.0,25.0,8.333333
169.0,20.0,20.0,2.0,25.0,6.25
170.0,40.0,20.0,2.0,25.0,6.25
171.0,0.0,20.0,2.0,25.0,25.0
172.0,0.5,20.0,2.0,25.0,25.0
173.0,1.0,20.0,2.0,25.0,25.0
174.0,2.0,20.0,2.0,25.0,25.0
175.0,3.0,20.0,2.0,25.0,8.333333
176.0,5.0,20.0,2.0,25.0,8.333333
177.0,10.0,20.0,2.0,25.0,8.333333
178.0,20.0,20.0,2.0,25.0,8.333333
179.0,40.0,20.0,2.0,25.0,3.5714285
180.0,0.0,20.0,2.0,25.0,25.0
181.0,0.5,20.0,2.0,25.0,25.0
182.0,1.0,20.0,2.0,25.0,25.0
183.0,2.0,20.0,2.0,25.0,25.0
184.0,3.0,20.0,2.0,25.0,25.0
185.0,5.0,20.0,2.0,25.0,8.333333
186.0,10.0,20.0,2.0,25.0,8.333333
187.0,20.0,20.0,2.0,25.0,6.25
188.0,40.0,20.0,2.0,25.0,8.333333
189.0,0.0,20.0,2.0,25.0,25.0
190.0,0.5,20.0,2.0,25.0,25.0
191.0,1.0,20.0,2.0,25.0,25.0
192.0,2.0,20.0,2.0,25.0,25.0
193.0,3.0,20.0,2.0,25.0,25.0
194.0,5.0,20.0,2.0,25.0,6.25
195.0,10.0,20.0,2.0,25.0,8.333333
196.0,20.0,20.0,2.0,25.0,12.5
197.0,40.0,20.0,2.0,25.0,5.0
198.0,0.0,20.0,2.0,25.0,25.0
199.0,0.5,20.0,2.0,25.0,25.0
200.0,1.0,20.0,2.0,25.0,25.0
201.0,2.0,20.0,2.0,25.0,8.333333
202.0,3.0,20.0,2.0,25.0,8.333333
203.0,5.0,20.0,2.0,25.0,8.333333
204.0,10.0,20.0,2.0,25.0,8.333333
205.0,20.0,20.0,2.0,25.0,8.333333
206.0,40.0,20.0,2.0,25.0,5.0
207.0,0.0,20.0,2.0,25.0,25.0
208.0,0.5,20.0,2.0,25.0,25.0
209.0,1.0,20.0,2.0,25.0,25.0
210.0,2.0,20.0,2.0,25.0,25.0
211.0,3.0,20.0,2.0,25.0,25.0
212.0,5.0,20.0,2.0,25.0,5.0
213.0,10.0,20.0,2.0,25.0,5.0
214.0,20.0,20.0,2.0,25.0,8.333333
215.0,40.0,20.0,2.0,25.0,6.25
216.0,0.0,20.0,2.0,25.0,25.0
217.0,0.5,20.0,2.0,25.0,25.0
218.0,1.0,20.0,2.0,25.0,25.0
219.0,2.0,20.0,2.0,25.0,8.333333
220.0,3.0,20.0,2.0,25.0,25.0
221.0,5.0,20.0,2.0,25.0,8.333333
222.0,10.0,20.0,2.0,25.0,6.25
223.0,20.0,20.0,2.0,25.0,5.0
224.0,40.0,20.0,2.0,25.0,5.0
225.0,0.0,20.0,2.0,25.0,25.0
226.0,0.5,20.0,2.0,25.0,25.0
227.0,1.0,20.0,2.0,25.0,25.0
228.0,2.0,20.0,2.0,25.0,25.0
229.0,3.0,20.0,2.0,25.0,8.333333
230.0,5.0,20.0,2.0,25.0,5.0
231.0,10.0,20.0,2.0,25.0,6.25
232.0,20.0,20.0,2.0,25.0,8.333333
233.0,40.0,20.0,2.0,25.0,5.0
234.0,0.0,20.0,2.0,25.0,25.0
235.0,0.5,20.0,2.0,25.0,25.0
236.0,1.0,20.0,2.0,25.0,8.333333
237.0,2.0,20.0,2.0,25.0,25.0
238.0,3.0,20.0,2.0,25.0,25.0
239.0,5.0,20.0,2.0,25.0,8.333333
240.0,10.0,20.0,2.0,25.0,12.5
241.0,20.0,20.0,2.0,25.0,4.1666665
242.0,40.0,20.0,2.0,25.0,5.0
243.0,0.0,20.0,2.0,25.0,25.0
244.0,0.5,20.0,2.0,25.0,25.0
245.0,1.0,20.0,2.0,25.0,8.333333
246.0,2.0,20.0,2.0,25.0,8.333333
247.0,3.0,20.0,2.0,25.0,25.0
248.0,5.0,20.0,2.0,25.0,8.333333
249.0,10.0,20.0,2.0,25.0,6.25
250.0,20.0,20.0,2.0,25.0,3.5714285
251.0,40.0,20.0,2.0,25.0,8.333333
252.0,0.0,20.0,2.0,25.0,25.0
253.0,0.5,20.0,2.0,25.0,25.0
254.0,1.0,20.0,2.0,25.0,25.0
255.0,2.0,20.0,2.0,25.0,25.0
256.0,3.0,20.0,2.0,25.0,12.5
257.0,5.0,20.0,2.0,25.0,8.333333
258.0,10.0,20.0,2.0,25.0,5.0
259.0,20.0,20.0,2.0,25.0,4.1666665
260.0,40.0,20.0,2.0,25.0,5.0
261.0,0.0,20.0,2.0,25.0,25.0
262.0,0.5,20.0,2.0,25.0,8.333333
263.0,1.0,20.0,2.0,25.0,25.0
264.0,2.0,20.0,2.0,25.0,8.333333
265.0,3.0,20.0,2.0,25.0,25.0
266.0,5.0,20.0,2.0,25.0,25.0
267.0,10.0,20.0,2.0,25.0,12.5
268.0,20.0,20.0,2.0,25.0,8.333333
269.0,40.0,20.0,2.0,25.0,8.333333
270.0,0.0,20.0,2.0,25.0,25.0
271.0,0.5,20.0,2.0,25.0,25.0
272.0,1.0,20.0,2.0,25.0,25.0
273.0,2.0,20.0,2.0,25.0,8.333333
274.0,3.0,20.0,2.0,25.0,25.0
275.0,5.0,20.0,2.0,25.0,8.333333
276.0,10.0,20.0,2.0,25.0,25.0
277.0,20.0,20.0,2.0,25.0,8.333333
278.0,40.0,20.0,2.0,25.0,6.25
279.0,0.0,20.0,2.0,25.0,25.0
280.0,0.5,20.0,2.0,25.0,25.0
281.0,1.0,20.0,2.0,25.0,8.333333
282.0,2.0,20.0,2.0,25.0,6.25
283.0,3.0,20.0,2.0,25.0,8.333333
284.0,5.0,20.0,2.0,25.0,8.333333
285.0,10.0,20.0,2.0,25.0,8.333333
286.0,20.0,20.0,2.0,25.0,8.333333
287.0,40.0,20.0,2.0,25.0,5.0
288.0,0.0,20.0,2.0,25.0,25.0
289.0,0.5,20.0,2.0,25.0,25.0
290.0,1.0,20.0,2.0,25.0,8.333333
291.0,2.0,20.0,2.0,25.0,25.0
292.0,3.0,20.0,2.0,25.0,8.333333
293.0,5.0,20.0,2.0,25.0,8.333333
294.0,10.0,20.0,2.0,25.0,6.25
295.0,20.0,20.0,2.0,25.0,6.25
296.0,40.0,20.0,2.0,25.0,4.1666665
297.0,0.0,20.0,2.0,25.0,25.0
298.0,0.5,20.0,2.0,25.0,25.0
299.0,1.0,20.0,2.0,25.0,25.0
300.0,2.0,20.0,2.0,25.0,25.0
301.0,3.0,20.0,2.0,25.0,25.0
302.0,5.0,20.0,2.0,25.0,8.333333
303.0,10.0,20.0,2.0,25.0,25.0
304.0,20.0,20.0,2.0,25.0,8.333333
305.0,40.0,20.0,2.0,25.0,3.5714285
306.0,0.0,20.0,2.0,25.0,25.0
307.0,0.5,20.0,2.0,25.0,25.0
308.0,1.0,20.0,2.0,25.0,25.0
309.0,2.0,20.0,2.0,25.0,25.0
310.0,3.0,20.0,2.0,25.0,25.0
311.0,5.0,20.0,2.0,25.0,25.0
312.0,10.0,20.0,2.0,25.0,8.333333
313.0,20.0,20.0,2.0,25.0,8.333333
314.0,40.0,20.0,2.0,25.0,8.333333
315.0,0.0,20.0,2.0,25.0,25.0
316.0,0.5,20.0,2.0,25.0,25.0
317.0,1.0,20.0,2.0,25.0,25.0
318.0,2.0,20.0,2.0,25.0,6.25
319.0,3.0,20.0,2.0,25.0,8.333333
320.0,5.0,20.0,2.0,25.0,25.0
321.0,10.0,20.0,2.0,25.0,6.25
322.0,20.0,20.0,2.0,25.0,8.333333
323.0,40.0,20.0,2.0,25.0,5.0
324.0,0.0,20.0,2.0,25.0,25.0
325.0,0.5,20.0,2.0,25.0,25.0
326.0,1.0,20.0,2.0,25.0,25.0
327.0,2.0,20.0,2.0,25.0,25.0
328.0,3.0,20.0,2.0,25.0,8.333333
329.0,5.0,20.0,2.0,25.0,8.333333
330.0,10.0,20.0,2.0,25.0,8.333333
331.0,20.0,20.0,2.0,25.0,8.333333
332.0,40.0,20.0,2.0,25.0,5.0
333.0,0.0,20.0,2.0,25.0,25.0
334.0,0.5,20.0,2.0,25.0,25.0
335.0,1.0,20.0,2.0,25.0,25.0
336.0,2.0,20.0,2.0,25.0,6.25
337.0,3.0,20.0,2.0,25.0,25.0
338.0,5.0,20.0,2.0,25.0,25.0
339.0,10.0,20.0,2.0,25.0,8.333333
340.0,20.0,20.0,2.0,25.0,8.333333
341.0,40.0,20.0,2.0,25.0,5.0
342.0,0.0,20.0,2.0,25.0,25.0
343.0,0.5,20.0,2.0,25.0,25.0
344.0,1.0,20.0,2.0,25.0,25.0
345.0,2.0,20.0,2.0,25.0,25.0
346.0,3.0,20.0,2.0,25.0,12.5
347.0,5.0,20.0,2.0,25.0,25.0
348.0,10.0,20.0,2.0,25.0,8.333333
349.0,20.0,20.0,2.0,25.0,8.333333
350.0,40.0,20.0,2.0,25.0,5.0
351.0,0.0,20.0,2.0,25.0,25.0
352.0,0.5,20.0,2.0,25.0,8.333333
353.0,1.0,20.0,2.0,25.0,25.0
354.0,2.0,20.0,2.0,25.0,8.333333
355.0,3.0,20.0,2.0,25.0,8.333333
356.0,5.0,20.0,2.0,25.0,12.5
357.0,10.0,20.0,2.0,25.0,12.5
358.0,20.0,20.0,2.0,25.0,8.333333
359.0,40.0,20.0,2.0,25.0,5.0
360.0,0.0,20.0,2.0,25.0,25.0
361.0,0.5,20.0,2.0,25.0,25.0
362.0,1.0,20.0,2.0,25.0,25.0
363.0,2.0,20.0,2.0,25.0,25.0
364.0,3.0,20.0,2.0,25.0,8.333333
365.0,5.0,20.0,2.0,25.0,25.0
366.0,10.0,20.0,2.0,25.0,8.333333
367.0,20.0,20.0,2.0,25.0,3.5714285
368.0,40.0,20.0,2.0,25.0,5.0
369.0,0.0,20.0,2.0,25.0,25.0
370.0,0.5,20.0,2.0,25.0,8.333333
371.0,1.0,20.0,2.0,25.0,25.0
372.0,2.0,20.0,2.0,25.0,25.0
373.0,3.0,20.0,2.0,25.0,25.0
374.0,5.0,20.0,2.0,25.0,25.0
375.0,10.0,20.0,2.0,25.0,8.333333
376.0,20.0,20.0,2.0,25.0,6.25
377.0,40.0,20.0,2.0,25.0,8.333333
378.0,0.0,20.0,2.0,25.0,25.0
379.0,0.5,20.0,2.0,25.0,25.0
380.0,1.0,20.0,2.0,25.0,12.5
381.0,2.0,20.0,2.0,25.0,25.0
382.0,3.0,20.0,2.0,25.0,8.333333
383.0,5.0,20.0,2.0,25.0,25.0
384.0,10.0,20.0,2.0,25.0,5.0
385.0,20.0,20.0,2.0,25.0,5.0
386.0,40.0,20.0,2.0,25.0,8.333333
387.0,0.0,20.0,2.0,25.0,25.0
388.0,0.5,20.0,2.0,25.0,25.0
389.0,1.0,20.0,2.0,25.0,25.0
390.0,2.0,20.0,2.0,25.0,25.0
391.0,3.0,20.0,2.0,25.0,25.0
392.0,5.0,20.0,2.0,25.0,8.333333
393.0,10.0,20.0,2.0,25.0,8.333333
394.0,20.0,20.0,2.0,25.0,6.25
395.0,40.0,20.0,2.0,25.0,3.5714285
396.0,0.0,20.0,2.0,25.0,25.0
397.0,0.5,20.0,2.0,25.0,25.0
398.0,1.0,20.0,2.0,25.0,25.0
399.0,2.0,20.0,2.0,25.0,25.0
400.0,3.0,20.0,2.0,25.0,25.0
401.0,5.0,20.0,2.0,25.0,8.333333
402.0,10.0,20.0,2.0,25.0,6.25
403.0,20.0,20.0,2.0,25.0,8.333333
404.0,40.0,20.0,2.0,25.0,5.0
405.0,0.0,20.0,2.0,25.0,25.0
406.0,0.5,20.0,2.0,25.0,25.0
407.0,1.0,20.0,2.0,25.0,25.0
408.0,2.0,20.0,2.0,25.0,25.0
409.0,3.0,20.0,2.0,25.0,25.0
410.0,5.0,20.0,2.0,25.0,25.0
411.0,10.0,20.0,2.0,25.0,12.5
412.0,20.0,20.0,2.0,25.0,5.0
413.0,40.0,20.0,2.0,25.0,8.333333
414.0,0.0,20.0,2.0,25.0,25.0
415.0,0.5,20.0,2.0,25.0,25.0
416.0,1.0,20.0,2.0,25.0,25.0
417.0,2.0,20.0,2.0,25.0,25.0
418.0,3.0,20.0,2.0,25.0,25.0
419.0,5.0,20.0,2.0,25.0,8.333333
420.0,10.0,20.0,2.0,25.0,8.333333
421.0,20.0,20.0,2.0,25.0,8.333333
422.0,40.0,20.0,2.0,25.0,5.0
423.0,0.0,20.0,2.0,25.0,25.0
424.0,0.5,20.0,2.0,25.0,25.0
425.0,1.0,20.0,2.0,25.0,25.0
426.0,2.0,20.0,2.0,25.0,25.0
427.0,3.0,20.0,2.0,25.0,25.0
428.0,5.0,20.0,2.0,25.0,8.333333
429.0,10.0,20.0,2.0,25.0,8.333333
430.0,20.0,20.0,2.0,25.0,12.5
431.0,40.0,20.0,2.0,25.0,4.1666665
432.0,0.0,20.0,2.0,25.0,25.0
433.0,0.5,20.0,2.0,25.0,8.333333
434.0,1.0,20.0,2.0,25.0,25.0
435.0,2.0,20.0,2.0,25.0,25.0
436.0,3.0,20.0,2.0,25.0,8.333333
437.0,5.0,20.0,2.0,25.0,25.0
438.0,10.0,20.0,2.0,25.0,12.5
439.0,20.0,20.0,2.0,25.0,8.333333
440.0,40.0,20.0,2.0,25.0,3.5714285
441.0,0.0,20.0,2.0,25.0,25.0
442.0,0.5,20.0,2.0,25.0,25.0
443.0,1.0,20.0,2.0,25.0,8.333333
444.0,2.0,20.0,2.0,25.0,8.333333
445.0,3.0,20.0,2.0,25.0,8.333333
446.0,5.0,20.0,2.0,25.0,8.333333
447.0,10.0,20.0,2.0,25.0,8.333333
448.0,20.0,20.0,2.0,25.0,6.25
449.0,40.0,20.0,2.0,25.0,8.333333
450.0,0.0,20.0,2.0,50.0,50.0
451.0,0.5,20.0,2.0,50.0,50.0
452.0,1.0,20.0,2.0,50.0,50.0
453.0,2.0,20.0,2.0,50.0,16.666666
454.0,3.0,20.0,2.0,50.0,50.0
455.0,5.0,20.0,2.0,50.0,12.5
456.0,10.0,20.0,2.0,50.0,8.333333
457.0,20.0,20.0,2.0,50.0,5.0
458.0,40.0,20.0,2.0,50.0,4.1666665
459.0,0.0,20.0,2.0,50.0,50.0
460.0,0.5,20.0,2.0,50.0,50.0
461.0,1.0,20.0,2.0,50.0,12.5
462.0,2.0,20.0,2.0,50.0,50.0
463.0,3.0,20.0,2.0,50.0,50.0
464.0,5.0,20.0,2.0,50.0,16.666666
465.0,10.0,20.0,2.0,50.0,7.142857
466.0,20.0,20.0,2.0,50.0,7.142857
467.0,40.0,20.0,2.0,50.0,4.5454545
468.0,0.0,20.0,2.0,50.0,50.0
469.0,0.5,20.0,2.0,50.0,50.0
470.0,1.0,20.0,2.0,50.0,16.666666
471.0,2.0,20.0,2.0,50.0,16.666666
472.0,3.0,20.0,2.0,50.0,16.666666
473.0,5.0,20.0,2.0,50.0,12.5
474.0,10.0,20.0,2.0,50.0,10.0
475.0,20.0,20.0,2.0,50.0,6.25
476.0,40.0,20.0,2.0,50.0,3.8461537
477.0,0.0,20.0,2.0,50.0,50.0
478.0,0.5,20.0,2.0,50.0,50.0
479.0,1.0,20.0,2.0,50.0,50.0
480.0,2.0,20.0,2.0,50.0,16.666666
481.0,3.0,20.0,2.0,50.0,12.5
482.0,5.0,20.0,2.0,50.0,10.0
483.0,10.0,20.0,2.0,50.0,5.5555553
484.0,20.0,20.0,2.0,50.0,6.25
485.0,40.0,20.0,2.0,50.0,4.1666665
486.0,0.0,20.0,2.0,50.0,50.0
487.0,0.5,20.0,2.0,50.0,16.666666
488.0,1.0,20.0,2.0,50.0,50.0
489.0,2.0,20.0,2.0,50.0,16.666666
490.0,3.0,20.0,2.0,50.0,16.666666
491.0,5.0,20.0,2.0,50.0,25.0
492.0,10.0,20.0,2.0,50.0,5.5555553
493.0,20.0,20.0,2.0,50.0,6.25
494.0,40.0,20.0,2.0,50.0,4.5454545
495.0,0.0,20.0,2.0,50.0,50.0
496.0,0.5,20.0,2.0,50.0,16.666666
497.0,1.0,20.0,2.0,50.0,12.5
498.0,2.0,20.0,2.0,50.0,16.666666
499.0,3.0,20.0,2.0,50.0,4.5454545
500.0,5.0,20.0,2.0,50.0,16.666666
501.0,10.0,20.0,2.0,50.0,5.0
502.0,20.0,20.0,2.0,50.0,5.5555553
503.0,40.0,20.0,2.0,50.0,3.8461537
504.0,0.0,20.0,2.0,50.0,50.0
505.0,0.5,20.0,2.0,50.0,16.666666
506.0,1.0,20.0,2.0,50.0,50.0
507.0,2.0,20.0,2.0,50.0,50.0
508.0,3.0,20.0,2.0,50.0,16.666666
509.0,5.0,20.0,2.0,50.0,25.0
510.0,10.0,20.0,2.0,50.0,10.0
511.0,20.0,20.0,2.0,50.0,5.5555553
512.0,40.0,20.0,2.0,50.0,4.5454545
513.0,0.0,20.0,2.0,50.0,50.0
514.0,0.5,20.0,2.0,50.0,50.0
515.0,1.0,20.0,2.0,50.0,16.666666
516.0,2.0,20.0,2.0,50.0,7.142857
517.0,3.0,20.0,2.0,50.0,16.666666
518.0,5.0,20.0,2.0,50.0,16.666666
519.0,10.0,20.0,2.0,50.0,8.333333
520.0,20.0,20.0,2.0,50.0,5.5555553
521.0,40.0,20.0,2.0,50.0,6.25
522.0,0.0,20.0,2.0,50.0,50.0
523.0,0.5,20.0,2.0,50.0,50.0
524.0,1.0,20.0,2.0,50.0,16.666666
525.0,2.0,20.0,2.0,50.0,50.0
526.0,3.0,20.0,2.0,50.0,50.0
527.0,5.0,20.0,2.0,50.0,16.666666
528.0,10.0,20.0,2.0,50.0,16.666666
529.0,20.0,20.0,2.0,50.0,8.333333
530.0,40.0,20.0,2.0,50.0,5.5555553
531.0,0.0,20.0,2.0,50.0,50.0
532.0,0.5,20.0,2.0,50.0,12.5
533.0,1.0,20.0,2.0,50.0,50.0
534.0,2.0,20.0,2.0,50.0,16.666666
535.0,3.0,20.0,2.0,50.0,16.666666
536.0,5.0,20.0,2.0,50.0,12.5
537.0,10.0,20.0,2.0,50.0,8.333333
538.0,20.0,20.0,2.0,50.0,10.0
539.0,40.0,20.0,2.0,50.0,5.5555553
540.0,0.0,20.0,2.0,50.0,50.0
541.0,0.5,20.0,2.0,50.0,50.0
542.0,1.0,20.0,2.0,50.0,50.0
543.0,2.0,20.0,2.0,50.0,8.333333
544.0,3.0,20.0,2.0,50.0,12.5
545.0,5.0,20.0,2.0,50.0,16.666666
546.0,10.0,20.0,2.0,50.0,12.5
547.0,20.0,20.0,2.0,50.0,4.1666665
548.0,40.0,20.0,2.0,50.0,5.5555553
549.0,0.0,20.0,2.0,50.0,50.0
550.0,0.5,20.0,2.0,50.0,50.0
551.0,1.0,20.0,2.0,50.0,16.666666
552.0,2.0,20.0,2.0,50.0,50.0
553.0,3.0,20.0,2.0,50.0,16.666666
554.0,5.0,20.0,2.0,50.0,8.333333
555.0,10.0,20.0,2.0,50.0,16.666666
556.0,20.0,20.0,2.0,50.0,6.25
557.0,40.0,20.0,2.0,50.0,4.1666665
558.0,0.0,20.0,2.0,50.0,50.0
559.0,0.5,20.0,2.0,50.0,50.0
560.0,1.0,20.0,2.0,50.0,50.0
561.0,2.0,20.0,2.0,50.0,5.5555553
562.0,3.0,20.0,2.0,50.0,16.666666
563.0,5.0,20.0,2.0,50.0,50.0
564.0,10.0,20.0,2.0,50.0,7.142857
565.0,20.0,20.0,2.0,50.0,4.5454545
566.0,40.0,20.0,2.0,50.0,4.5454545
567.0,0.0,20.0,2.0,50.0,50.0
568.0,0.5,20.0,2.0,50.0,50.0
569.0,1.0,20.0,2.0,50.0,50.0
570.0,2.0,20.0,2.0,50.0,50.0
571.0,3.0,20.0,2.0,50.0,50.0
572.0,5.0,20.0,2.0,50.0,25.0
573.0,10.0,20.0,2.0,50.0,8.333333
574.0,20.0,20.0,2.0,50.0,8.333333
575.0,40.0,20.0,2.0,50.0,5.5555553
576.0,0.0,20.0,2.0,50.0,50.0
577.0,0.5,20.0,2.0,50.0,50.0
578.0,1.0,20.0,2.0,50.0,50.0
579.0,2.0,20.0,2.0,50.0,16.666666
580.0,3.0,20.0,2.0,50.0,50.0
581.0,5.0,20.0,2.0,50.0,16.666666
582.0,10.0,20.0,2.0,50.0,8.333333
583.0,20.0,20.0,2.0,50.0,6.25
584.0,40.0,20.0,2.0,50.0,4.1666665
585.0,0.0,20.0,2.0,50.0,50.0
586.0,0.5,20.0,2.0,50.0,50.0
587.0,1.0,20.0,2.0,50.0,16.666666
588.0,2.0,20.0,2.0,50.0,12.5
589.0,3.0,20.0,2.0,50.0,16.666666
590.0,5.0,20.0,2.0,50.0,12.5
591.0,10.0,20.0,2.0,50.0,10.0
592.0,20.0,20.0,2.0,50.0,8.333333
593.0,40.0,20.0,2.0,50.0,4.5454545
594.0,0.0,20.0,2.0,50.0,50.0
595.0,0.5,20.0,2.0,50.0,50.0
596.0,1.0,20.0,2.0,50.0,50.0
597.0,2.0,20.0,2.0,50.0,50.0
598.0,3.0,20.0,2.0,50.0,16.666666
599.0,5.0,20.0,2.0,50.0,16.666666
600.0,10.0,20.0,2.0,50.0,6.25
601.0,20.0,20.0,2.0,50.0,7.142857
602.0,40.0,20.0,2.0,50.0,5.0
603.0,0.0,20.0,2.0,50.0,50.0
604.0,0.5,20.0,2.0,50.0,50.0
605.0,1.0,20.0,2.0,50.0,16.666666
606.0,2.0,20.0,2.0,50.0,16.666666
607.0,3.0,20.0,2.0,50.0,16.666666
608.0,5.0,20.0,2.0,50.0,16.666666
609.0,10.0,20.0,2.0,50.0,12.5
610.0,20.0,20.0,2.0,50.0,8.333333
611.0,40.0,20.0,2.0,50.0,4.5454545
612.0,0.0,20.0,2.0,50.0,50.0
613.0,0.5,20.0,2.0,50.0,50.0
614.0,1.0,20.0,2.0,50.0,16.666666
615.0,2.0,20.0,2.0,50.0,50.0
616.0,3.0,20.0,2.0,50.0,50.0
617.0,5.0,20.0,2.0,50.0,10.0
618.0,10.0,20.0,2.0,50.0,8.333333
619.0,20.0,20.0,2.0,50.0,7.142857
620.0,40.0,20.0,2.0,50.0,4.5454545
621.0,0.0,20.0,2.0,50.0,50.0
622.0,0.5,20.0,2.0,50.0,50.0
623.0,1.0,20.0,2.0,50.0,50.0
624.0,2.0,20.0,2.0,50.0,50.0
625.0,3.0,20.0,2.0,50.0,25.0
626.0,5.0,20.0,2.0,50.0,7.142857
627.0,10.0,20.0,2.0,50.0,5.0
628.0,20.0,20.0,2.0,50.0,5.0
629.0,40.0,20.0,2.0,50.0,3.8461537
630.0,0.0,20.0,2.0,50.0,50.0
631.0,0.5,20.0,2.0,50.0,12.5
632.0,1.0,20.0,2.0,50.0,50.0
633.0,2.0,20.0,2.0,50.0,16.666666
634.0,3.0,20.0,2.0,50.0,8.333333
635.0,5.0,20.0,2.0,50.0,16.666666
636.0,10.0,20.0,2.0,50.0,10.0
637.0,20.0,20.0,2.0,50.0,10.0
638.0,40.0,20.0,2.0,50.0,5.0
639.0,0.0,20.0,2.0,50.0,50.0
640.0,0.5,20.0,2.0,50.0,50.0
641.0,1.0,20.0,2.0,50.0,16.666666
642.0,2.0,20.0,2.0,50.0,16.666666
643.0,3.0,20.0,2.0,50.0,25.0
644.0,5.0,20.0,2.0,50.0,8.333333
645.0,10.0,20.0,2.0,50.0,16.666666
646.0,20.0,20.0,2.0,50.0,4.5454545
647.0,40.0,20.0,2.0,50.0,4.5454545
648.0,0.0,20.0,2.0,50.0,50.0
649.0,0.5,20.0,2.0,50.0,50.0
650.0,1.0,20.0,2.0,50.0,16.666666
651.0,2.0,20.0,2.0,50.0,12.5
652.0,3.0,20.0,2.0,50.0,10.0
653.0,5.0,20.0,2.0,50.0,16.666666
654.0,10.0,20.0,2.0,50.0,16.666666
655.0,20.0,20.0,2.0,50.0,5.0
656.0,40.0,20.0,2.0,50.0,4.1666665
657.0,0.0,20.0,2.0,50.0,50.0
658.0,0.5,20.0,2.0,50.0,50.0
659.0,1.0,20.0,2.0,50.0,50.0
660.0,2.0,20.0,2.0,50.0,50.0
661.0,3.0,20.0,2.0,50.0,50.0
662.0,5.0,20.0,2.0,50.0,10.0
663.0,10.0,20.0,2.0,50.0,5.0
664.0,20.0,20.0,2.0,50.0,10.0
665.0,40.0,20.0,2.0,50.0,5.5555553
666.0,0.0,20.0,2.0,50.0,50.0
667.0,0.5,20.0,2.0,50.0,16.666666
668.0,1.0,20.0,2.0,50.0,16.666666
669.0,2.0,20.0,2.0,50.0,12.5
670.0,3.0,20.0,2.0,50.0,16.666666
671.0,5.0,20.0,2.0,50.0,16.666666
672.0,10.0,20.0,2.0,50.0,12.5
673.0,20.0,20.0,2.0,50.0,6.25
674.0,40.0,20.0,2.0,50.0,7.142857
675.0,0.0,20.0,2.0,50.0,50.0
676.0,0.5,20.0,2.0,50.0,50.0
677.0,1.0,20.0,2.0,50.0,16.666666
678.0,2.0,20.0,2.0,50.0,16.666666
679.0,3.0,20.0,2.0,50.0,10.0
680.0,5.0,20.0,2.0,50.0,12.5
681.0,10.0,20.0,2.0,50.0,5.5555553
682.0,20.0,20.0,2.0,50.0,10.0
683.0,40.0,20.0,2.0,50.0,5.5555553
684.0,0.0,20.0,2.0,50.0,50.0
685.0,0.5,20.0,2.0,50.0,50.0
686.0,1.0,20.0,2.0,50.0,50.0
687.0,2.0,20.0,2.0,50.0,16.666666
688.0,3.0,20.0,2.0,50.0,16.666666
689.0,5.0,20.0,2.0,50.0,12.5
690.0,10.0,20.0,2.0,50.0,8.333333
691.0,20.0,20.0,2.0,50.0,6.25
692.0,40.0,20.0,2.0,50.0,5.5555553
693.0,0.0,20.0,2.0,50.0,50.0
694.0,0.5,20.0,2.0,50.0,16.666666
695.0,1.0,20.0,2.0,50.0,16.666666
696.0,2.0,20.0,2.0,50.0,16.666666
697.0,3.0,20.0,2.0,50.0,16.666666
698.0,5.0,20.0,2.0,50.0,7.142857
699.0,10.0,20.0,2.0,50.0,16.666666
700.0,20.0,20.0,2.0,50.0,7.142857
701.0,40.0,20.0,2.0,50.0,5.5555553
702.0,0.0,20.0,2.0,50.0,50.0
703.0,0.5,20.0,2.0,50.0,16.666666
704.0,1.0,20.0,2.0,50.0,50.0
705.0,2.0,20.0,2.0,50.0,50.0
706.0,3.0,20.0,2.0,50.0,16.666666
707.0,5.0,20.0,2.0,50.0,16.666666
708.0,10.0,20.0,2.0,50.0,8.333333
709.0,20.0,20.0,2.0,50.0,10.0
710.0,40.0,20.0,2.0,50.0,5.0
711.0,0.0,20.0,2.0,50.0,50.0
712.0,0.5,20.0,2.0,50.0,16.666666
713.0,1.0,20.0,2.0,50.0,50.0
714.0,2.0,20.0,2.0,50.0,16.666666
715.0,3.0,20.0,2.0,50.0,10.0
716.0,5.0,20.0,2.0,50.0,10.0
717.0,10.0,20.0,2.0,50.0,8.333333
718.0,20.0,20.0,2.0,50.0,5.0
719.0,40.0,20.0,2.0,50.0,3.8461537
720.0,0.0,20.0,2.0,50.0,50.0
721.0,0.5,20.0,2.0,50.0,16.666666
722.0,1.0,20.0,2.0,50.0,50.0
723.0,2.0,20.0,2.0,50.0,16.666666
724.0,3.0,20.0,2.0,50.0,16.666666
725.0,5.0,20.0,2.0,50.0,10.0
726.0,10.0,20.0,2.0,50.0,4.5454545
727.0,20.0,20.0,2.0,50.0,10.0
728.0,40.0,20.0,2.0,50.0,5.5555553
729.0,0.0,20.0,2.0,50.0,50.0
730.0,0.5,20.0,2.0,50.0,50.0
731.0,1.0,20.0,2.0,50.0,50.0
732.0,2.0,20.0,2.0,50.0,50.0
733.0,3.0,20.0,2.0,50.0,16.666666
734.0,5.0,20.0,2.0,50.0,12.5
735.0,10.0,20.0,2.0,50.0,12.5
736.0,20.0,20.0,2.0,50.0,5.5555553
737.0,40.0,20.0,2.0,50.0,5.5555553
738.0,0.0,20.0,2.0,50.0,50.0
739.0,0.5,20.0,2.0,50.0,16.666666
740.0,1.0,20.0,2.0,50.0,7.142857
741.0,2.0,20.0,2.0,50.0,50.0
742.0,3.0,20.0,2.0,50.0,8.333333
743.0,5.0,20.0,2.0,50.0,12.5
744.0,10.0,20.0,2.0,50.0,5.5555553
745.0,20.0,20.0,2.0,50.0,10.0
746.0,40.0,20.0,2.0,50.0,5.5555553
747.0,0.0,20.0,2.0,50.0,50.0
748.0,0.5,20.0,2.0,50.0,50.0
749.0,1.0,20.0,2.0,50.0,50.0
750.0,2.0,20.0,2.0,50.0,50.0
751.0,3.0,20.0,2.0,50.0,50.0
752.0,5.0,20.0,2.0,50.0,16.666666
753.0,10.0,20.0,2.0,50.0,6.25
754.0,20.0,20.0,2.0,50.0,6.25
755.0,40.0,20.0,2.0,50.0,3.8461537
756.0,0.0,20.0,2.0,50.0,50.0
757.0,0.5,20.0,2.0,50.0,16.666666
758.0,1.0,20.0,2.0,50.0,50.0
759.0,2.0,20.0,2.0,50.0,10.0
760.0,3.0,20.0,2.0,50.0,16.666666
761.0,5.0,20.0,2.0,50.0,10.0
762.0,10.0,20.0,2.0,50.0,7.142857
763.0,20.0,20.0,2.0,50.0,7.142857
764.0,40.0,20.0,2.0,50.0,4.5454545
765.0,0.0,20.0,2.0,50.0,50.0
766.0,0.5,20.0,2.0,50.0,50.0
767.0,1.0,20.0,2.0,50.0,16.666666
768.0,2.0,20.0,2.0,50.0,16.666666
769.0,3.0,20.0,2.0,50.0,25.0
770.0,5.0,20.0,2.0,50.0,10.0
771.0,10.0,20.0,2.0,50.0,8.333333
772.0,20.0,20.0,2.0,50.0,7.142857
773.0,40.0,20.0,2.0,50.0,5.5555553
774.0,0.0,20.0,2.0,50.0,50.0
775.0,0.5,20.0,2.0,50.0,50.0
776.0,1.0,20.0,2.0,50.0,50.0
777.0,2.0,20.0,2.0,50.0,16.666666
778.0,3.0,20.0,2.0,50.0,25.0
779.0,5.0,20.0,2.0,50.0,16.666666
780.0,10.0,20.0,2.0,50.0,5.0
781.0,20.0,20.0,2.0,50.0,5.0
782.0,40.0,20.0,2.0,50.0,4.1666665
783.0,0.0,20.0,2.0,50.0,50.0
784.0,0.5,20.0,2.0,50.0,50.0
785.0,1.0,20.0,2.0,50.0,50.0
786.0,2.0,20.0,2.0,50.0,16.666666
787.0,3.0,20.0,2.0,50.0,8.333333
788.0,5.0,20.0,2.0,50.0,16.666666
789.0,10.0,20.0,2.0,50.0,10.0
790.0,20.0,20.0,2.0,50.0,5.5555553
791.0,40.0,20.0,2.0,50.0,4.1666665
792.0,0.0,20.0,2.0,50.0,50.0
793.0,0.5,20.0,2.0,50.0,50.0
794.0,1.0,20.0,2.0,50.0,50.0
795.0,2.0,20.0,2.0,50.0,50.0
796.0,3.0,20.0,2.0,50.0,12.5
797.0,5.0,20.0,2.0,50.0,16.666666
798.0,10.0,20.0,2.0,50.0,12.5
799.0,20.0,20.0,2.0,50.0,10.0
800.0,40.0,20.0,2.0,50.0,5.5555553
801.0,0.0,20.0,2.0,50.0,50.0
802.0,0.5,20.0,2.0,50.0,16.666666
803.0,1.0,20.0,2.0,50.0,7.142857
804.0,2.0,20.0,2.0,50.0,50.0
805.0,3.0,20.0,2.0,50.0,16.666666
806.0,5.0,20.0,2.0,50.0,25.0
807.0,10.0,20.0,2.0,50.0,12.5
808.0,20.0,20.0,2.0,50.0,6.25
809.0,40.0,20.0,2.0,50.0,4.5454545
810.0,0.0,20.0,2.0,50.0,50.0
811.0,0.5,20.0,2.0,50.0,50.0
812.0,1.0,20.0,2.0,50.0,16.666666
813.0,2.0,20.0,2.0,50.0,16.666666
814.0,3.0,20.0,2.0,50.0,50.0
815.0,5.0,20.0,2.0,50.0,50.0
816.0,10.0,20.0,2.0,50.0,16.666666
817.0,20.0,20.0,2.0,50.0,7.142857
818.0,40.0,20.0,2.0,50.0,4.5454545
819.0,0.0,20.0,2.0,50.0,50.0
820.0,0.5,20.0,2.0,50.0,50.0
821.0,1.0,20.0,2.0,50.0,16.666666
822.0,2.0,20.0,2.0,50.0,16.666666
823.0,3.0,20.0,2.0,50.0,50.0
824.0,5.0,20.0,2.0,50.0,16.666666
825.0,10.0,20.0,2.0,50.0,8.333333
826.0,20.0,20.0,2.0,50.0,5.5555553
827.0,40.0,20.0,2.0,50.0,4.5454545
828.0,0.0,20.0,2.0,50.0,50.0
829.0,0.5,20.0,2.0,50.0,50.0
830.0,1.0,20.0,2.0,50.0,50.0
831.0,2.0,20.0,2.0,50.0,16.666666
832.0,3.0,20.0,2.0,50.0,16.666666
833.0,5.0,20.0,2.0,50.0,16.666666
834.0,10.0,20.0,2.0,50.0,7.142857
835.0,20.0,20.0,2.0,50.0,6.25
836.0,40.0,20.0,2.0,50.0,5.5555553
837.0,0.0,20.0,2.0,50.0,50.0
838.0,0.5,20.0,2.0,50.0,50.0
839.0,1.0,20.0,2.0,50.0,50.0
840.0,2.0,20.0,2.0,50.0,16.666666
841.0,3.0,20.0,2.0,50.0,16.666666
842.0,5.0,20.0,2.0,50.0,10.0
843.0,10.0,20.0,2.0,50.0,10.0
844.0,20.0,20.0,2.0,50.0,6.25
845.0,40.0,20.0,2.0,50.0,5.5555553
846.0,0.0,20.0,2.0,50.0,50.0
847.0,0.5,20.0,2.0,50.0,50.0
848.0,1.0,20.0,2.0,50.0,16.666666
849.0,2.0,20.0,2.0,50.0,25.0
850.0,3.0,20.0,2.0,50.0,16.666666
851.0,5.0,20.0,2.0,50.0,12.5
852.0,10.0,20.0,2.0,50.0,10.0
853.0,20.0,20.0,2.0,50.0,6.25
854.0,40.0,20.0,2.0,50.0,3.8461537
855.0,0.0,20.0,2.0,50.0,50.0
856.0,0.5,20.0,2.0,50.0,50.0
857.0,1.0,20.0,2.0,50.0,16.666666
858.0,2.0,20.0,2.0,50.0,12.5
859.0,3.0,20.0,2.0,50.0,16.666666
860.0,5.0,20.0,2.0,50.0,16.666666
861.0,10.0,20.0,2.0,50.0,8.333333
862.0,20.0,20.0,2.0,50.0,4.5454545
863.0,40.0,20.0,2.0,50.0,5.5555553
864.0,0.0,20.0,2.0,50.0,50.0
865.0,0.5,20.0,2.0,50.0,50.0
866.0,1.0,20.0,2.0,50.0,12.5
867.0,2.0,20.0,2.0,50.0,16.666666
868.0,3.0,20.0,2.0,50.0,10.0
869.0,5.0,20.0,2.0,50.0,12.5
870.0,10.0,20.0,2.0,50.0,16.666666
871.0,20.0,20.0,2.0,50.0,10.0
872.0,40.0,20.0,2.0,50.0,4.5454545
873.0,0.0,20.0,2.0,50.0,50.0
874.0,0.5,20.0,2.0,50.0,16.666666
875.0,1.0,20.0,2.0,50.0,12.5
876.0,2.0,20.0,2.0,50.0,50.0
877.0,3.0,20.0,2.0,50.0,16.666666
878.0,5.0,20.0,2.0,50.0,16.666666
879.0,10.0,20.0,2.0,50.0,16.666666
880.0,20.0,20.0,2.0,50.0,5.5555553
881.0,40.0,20.0,2.0,50.0,7.142857
882.0,0.0,20.0,2.0,50.0,50.0
883.0,0.5,20.0,2.0,50.0,50.0
884.0,1.0,20.0,2.0,50.0,25.0
885.0,2.0,20.0,2.0,50.0,25.0
886.0,3.0,20.0,2.0,50.0,16.666666
887.0,5.0,20.0,2.0,50.0,16.666666
888.0,10.0,20.0,2.0,50.0,12.5
889.0,20.0,20.0,2.0,50.0,7.142857
890.0,40.0,20.0,2.0,50.0,4.1666665
891.0,0.0,20.0,2.0,50.0,50.0
892.0,0.5,20.0,2.0,50.0,50.0
893.0,1.0,20.0,2.0,50.0,50.0
894.0,2.0,20.0,2.0,50.0,12.5
895.0,3.0,20.0,2.0,50.0,16.666666
896.0,5.0,20.0,2.0,50.0,16.666666
897.0,10.0,20.0,2.0,50.0,8.333333
898.0,20.0,20.0,2.0,50.0,6.25
899.0,40.0,20.0,2.0,50.0,4.5454545
900.0,0.0,20.0,2.0,75.0,75.0
901.0,0.5,20.0,2.0,75.0,75.0
902.0,1.0,20.0,2.0,75.0,25.0
903.0,2.0,20.0,2.0,75.0,25.0
904.0,3.0,20.0,2.0,75.0,25.0
905.0,5.0,20.0,2.0,75.0,9.375
906.0,10.0,20.0,2.0,75.0,5.769231
907.0,20.0,20.0,2.0,75.0,5.0
908.0,40.0,20.0,2.0,75.0,5.0
909.0,0.0,20.0,2.0,75.0,75.0
910.0,0.5,20.0,2.0,75.0,25.0
911.0,1.0,20.0,2.0,75.0,75.0
912.0,2.0,20.0,2.0,75.0,25.0
913.0,3.0,20.0,2.0,75.0,25.0
914.0,5.0,20.0,2.0,75.0,7.5
915.0,10.0,20.0,2.0,75.0,8.333333
916.0,20.0,20.0,2.0,75.0,5.357143
917.0,40.0,20.0,2.0,75.0,5.0
918.0,0.0,20.0,2.0,75.0,75.0
919.0,0.5,20.0,2.0,75.0,75.0
920.0,1.0,20.0,2.0,75.0,10.714286
921.0,2.0,20.0,2.0,75.0,25.0
922.0,3.0,20.0,2.0,75.0,25.0
923.0,5.0,20.0,2.0,75.0,25.0
924.0,10.0,20.0,2.0,75.0,6.25
925.0,20.0,20.0,2.0,75.0,5.769231
926.0,40.0,20.0,2.0,75.0,4.4117646
927.0,0.0,20.0,2.0,75.0,75.0
928.0,0.5,20.0,2.0,75.0,25.0
929.0,1.0,20.0,2.0,75.0,75.0
930.0,2.0,20.0,2.0,75.0,15.0
931.0,3.0,20.0,2.0,75.0,25.0
932.0,5.0,20.0,2.0,75.0,12.5
933.0,10.0,20.0,2.0,75.0,12.5
934.0,20.0,20.0,2.0,75.0,5.357143
935.0,40.0,20.0,2.0,75.0,5.0
936.0,0.0,20.0,2.0,75.0,75.0
937.0,0.5,20.0,2.0,75.0,75.0
938.0,1.0,20.0,2.0,75.0,75.0
939.0,2.0,20.0,2.0,75.0,75.0
940.0,3.0,20.0,2.0,75.0,25.0
941.0,5.0,20.0,2.0,75.0,10.714286
942.0,10.0,20.0,2.0,75.0,12.5
943.0,20.0,20.0,2.0,75.0,5.769231
944.0,40.0,20.0,2.0,75.0,5.769231
945.0,0.0,20.0,2.0,75.0,75.0
946.0,0.5,20.0,2.0,75.0,75.0
947.0,1.0,20.0,2.0,75.0,6.818182
948.0,2.0,20.0,2.0,75.0,25.0
949.0,3.0,20.0,2.0,75.0,3.5714285
950.0,5.0,20.0,2.0,75.0,18.75
951.0,10.0,20.0,2.0,75.0,7.5
952.0,20.0,20.0,2.0,75.0,8.333333
953.0,40.0,20.0,2.0,75.0,5.0
954.0,0.0,20.0,2.0,75.0,5.769231
955.0,0.5,20.0,2.0,75.0,25.0
956.0,1.0,20.0,2.0,75.0,25.0
957.0,2.0,20.0,2.0,75.0,75.0
958.0,3.0,20.0,2.0,75.0,18.75
959.0,5.0,20.0,2.0,75.0,25.0
960.0,10.0,20.0,2.0,75.0,9.375
961.0,20.0,20.0,2.0,75.0,6.818182
962.0,40.0,20.0,2.0,75.0,4.1666665
963.0,0.0,20.0,2.0,75.0,8.333333
964.0,0.5,20.0,2.0,75.0,25.0
965.0,1.0,20.0,2.0,75.0,25.0
966.0,2.0,20.0,2.0,75.0,18.75
967.0,3.0,20.0,2.0,75.0,15.0
968.0,5.0,20.0,2.0,75.0,18.75
969.0,10.0,20.0,2.0,75.0,12.5
970.0,20.0,20.0,2.0,75.0,6.818182
971.0,40.0,20.0,2.0,75.0,5.0
972.0,0.0,20.0,2.0,75.0,75.0
973.0,0.5,20.0,2.0,75.0,25.0
974.0,1.0,20.0,2.0,75.0,25.0
975.0,2.0,20.0,2.0,75.0,25.0
976.0,3.0,20.0,2.0,75.0,18.75
977.0,5.0,20.0,2.0,75.0,25.0
978.0,10.0,20.0,2.0,75.0,15.0
979.0,20.0,20.0,2.0,75.0,4.6875
980.0,40.0,20.0,2.0,75.0,4.4117646
981.0,0.0,20.0,2.0,75.0,75.0
982.0,0.5,20.0,2.0,75.0,75.0
983.0,1.0,20.0,2.0,75.0,75.0
984.0,2.0,20.0,2.0,75.0,25.0
985.0,3.0,20.0,2.0,75.0,25.0
986.0,5.0,20.0,2.0,75.0,37.5
987.0,10.0,20.0,2.0,75.0,9.375
988.0,20.0,20.0,2.0,75.0,6.25
989.0,40.0,20.0,2.0,75.0,5.0
990.0,0.0,20.0,2.0,75.0,75.0
991.0,0.5,20.0,2.0,75.0,25.0
992.0,1.0,20.0,2.0,75.0,75.0
993.0,2.0,20.0,2.0,75.0,18.75
994.0,3.0,20.0,2.0,75.0,18.75
995.0,5.0,20.0,2.0,75.0,8.333333
996.0,10.0,20.0,2.0,75.0,12.5
997.0,20.0,20.0,2.0,75.0,6.818182
998.0,40.0,20.0,2.0,75.0,5.0
999.0,0.0,20.0,2.0,75.0,75.0
1000.0,0.5,20.0,2.0,75.0,8.333333
1001.0,1.0,20.0,2.0,75.0,75.0
1002.0,2.0,20.0,2.0,75.0,8.333333
1003.0,3.0,20.0,2.0,75.0,25.0
1004.0,5.0,20.0,2.0,75.0,12.5
1005.0,10.0,20.0,2.0,75.0,12.5
1006.0,20.0,20.0,2.0,75.0,3.9473684
1007.0,40.0,20.0,2.0,75.0,6.25
1008.0,0.0,20.0,2.0,75.0,75.0
1009.0,0.5,20.0,2.0,75.0,25.0
1010.0,1.0,20.0,2.0,75.0,75.0
1011.0,2.0,20.0,2.0,75.0,15.0
1012.0,3.0,20.0,2.0,75.0,25.0
1013.0,5.0,20.0,2.0,75.0,25.0
1014.0,10.0,20.0,2.0,75.0,5.0
1015.0,20.0,20.0,2.0,75.0,6.818182
1016.0,40.0,20.0,2.0,75.0,5.0
1017.0,0.0,20.0,2.0,75.0,75.0
1018.0,0.5,20.0,2.0,75.0,75.0
1019.0,1.0,20.0,2.0,75.0,75.0
1020.0,2.0,20.0,2.0,75.0,37.5
1021.0,3.0,20.0,2.0,75.0,37.5
1022.0,5.0,20.0,2.0,75.0,6.818182
1023.0,10.0,20.0,2.0,75.0,15.0
1024.0,20.0,20.0,2.0,75.0,3.9473684
1025.0,40.0,20.0,2.0,75.0,6.818182
1026.0,0.0,20.0,2.0,75.0,75.0
1027.0,0.5,20.0,2.0,75.0,75.0
1028.0,1.0,20.0,2.0,75.0,25.0
1029.0,2.0,20.0,2.0,75.0,18.75
1030.0,3.0,20.0,2.0,75.0,12.5
1031.0,5.0,20.0,2.0,75.0,8.333333
1032.0,10.0,20.0,2.0,75.0,5.769231
1033.0,20.0,20.0,2.0,75.0,6.25
1034.0,40.0,20.0,2.0,75.0,4.6875
1035.0,0.0,20.0,2.0,75.0,75.0
1036.0,0.5,20.0,2.0,75.0,25.0
1037.0,1.0,20.0,2.0,75.0,18.75
1038.0,2.0,20.0,2.0,75.0,18.75
1039.0,3.0,20.0,2.0,75.0,12.5
1040.0,5.0,20.0,2.0,75.0,9.375
1041.0,10.0,20.0,2.0,75.0,7.5
1042.0,20.0,20.0,2.0,75.0,6.25
1043.0,40.0,20.0,2.0,75.0,5.0
1044.0,0.0,20.0,2.0,75.0,75.0
1045.0,0.5,20.0,2.0,75.0,75.0
1046.0,1.0,20.0,2.0,75.0,25.0
1047.0,2.0,20.0,2.0,75.0,18.75
1048.0,3.0,20.0,2.0,75.0,9.375
1049.0,5.0,20.0,2.0,75.0,10.714286
1050.0,10.0,20.0,2.0,75.0,9.375
1051.0,20.0,20.0,2.0,75.0,5.0
1052.0,40.0,20.0,2.0,75.0,5.769231
1053.0,0.0,20.0,2.0,75.0,75.0
1054.0,0.5,20.0,2.0,75.0,75.0
1055.0,1.0,20.0,2.0,75.0,25.0
1056.0,2.0,20.0,2.0,75.0,25.0
1057.0,3.0,20.0,2.0,75.0,18.75
1058.0,5.0,20.0,2.0,75.0,5.769231
1059.0,10.0,20.0,2.0,75.0,7.5
1060.0,20.0,20.0,2.0,75.0,8.333333
1061.0,40.0,20.0,2.0,75.0,5.0
1062.0,0.0,20.0,2.0,75.0,75.0
1063.0,0.5,20.0,2.0,75.0,8.333333
1064.0,1.0,20.0,2.0,75.0,25.0
1065.0,2.0,20.0,2.0,75.0,18.75
1066.0,3.0,20.0,2.0,75.0,25.0
1067.0,5.0,20.0,2.0,75.0,25.0
1068.0,10.0,20.0,2.0,75.0,15.0
1069.0,20.0,20.0,2.0,75.0,7.5
1070.0,40.0,20.0,2.0,75.0,4.4117646
1071.0,0.0,20.0,2.0,75.0,75.0
1072.0,0.5,20.0,2.0,75.0,25.0
1073.0,1.0,20.0,2.0,75.0,25.0
1074.0,2.0,20.0,2.0,75.0,9.375
1075.0,3.0,20.0,2.0,75.0,6.818182
1076.0,5.0,20.0,2.0,75.0,12.5
1077.0,10.0,20.0,2.0,75.0,8.333333
1078.0,20.0,20.0,2.0,75.0,5.769231
1079.0,40.0,20.0,2.0,75.0,5.0
1080.0,0.0,20.0,2.0,75.0,75.0
1081.0,0.5,20.0,2.0,75.0,25.0
1082.0,1.0,20.0,2.0,75.0,75.0
1083.0,2.0,20.0,2.0,75.0,12.5
1084.0,3.0,20.0,2.0,75.0,25.0
1085.0,5.0,20.0,2.0,75.0,6.818182
1086.0,10.0,20.0,2.0,75.0,25.0
1087.0,20.0,20.0,2.0,75.0,5.0
1088.0,40.0,20.0,2.0,75.0,4.6875
1089.0,0.0,20.0,2.0,75.0,75.0
1090.0,0.5,20.0,2.0,75.0,75.0
1091.0,1.0,20.0,2.0,75.0,25.0
1092.0,2.0,20.0,2.0,75.0,25.0
1093.0,3.0,20.0,2.0,75.0,25.0
1094.0,5.0,20.0,2.0,75.0,9.375
1095.0,10.0,20.0,2.0,75.0,6.818182
1096.0,20.0,20.0,2.0,75.0,5.357143
1097.0,40.0,20.0,2.0,75.0,5.0
1098.0,0.0,20.0,2.0,75.0,75.0
1099.0,0.5,20.0,2.0,75.0,75.0
1100.0,1.0,20.0,2.0,75.0,25.0
1101.0,2.0,20.0,2.0,75.0,5.769231
1102.0,3.0,20.0,2.0,75.0,18.75
1103.0,5.0,20.0,2.0,75.0,15.0
1104.0,10.0,20.0,2.0,75.0,4.4117646
1105.0,20.0,20.0,2.0,75.0,6.25
1106.0,40.0,20.0,2.0,75.0,5.0
1107.0,0.0,20.0,2.0,75.0,75.0
1108.0,0.5,20.0,2.0,75.0,37.5
1109.0,1.0,20.0,2.0,75.0,25.0
1110.0,2.0,20.0,2.0,75.0,25.0
1111.0,3.0,20.0,2.0,75.0,25.0
1112.0,5.0,20.0,2.0,75.0,7.5
1113.0,10.0,20.0,2.0,75.0,10.714286
1114.0,20.0,20.0,2.0,75.0,5.357143
1115.0,40.0,20.0,2.0,75.0,5.0
1116.0,0.0,20.0,2.0,75.0,75.0
1117.0,0.5,20.0,2.0,75.0,25.0
1118.0,1.0,20.0,2.0,75.0,25.0
1119.0,2.0,20.0,2.0,75.0,15.0
1120.0,3.0,20.0,2.0,75.0,25.0
1121.0,5.0,20.0,2.0,75.0,9.375
1122.0,10.0,20.0,2.0,75.0,9.375
1123.0,20.0,20.0,2.0,75.0,4.6875
1124.0,40.0,20.0,2.0,75.0,5.769231
1125.0,0.0,20.0,2.0,75.0,75.0
1126.0,0.5,20.0,2.0,75.0,75.0
1127.0,1.0,20.0,2.0,75.0,25.0
1128.0,2.0,20.0,2.0,75.0,75.0
1129.0,3.0,20.0,2.0,75.0,7.5
1130.0,5.0,20.0,2.0,75.0,5.769231
1131.0,10.0,20.0,2.0,75.0,7.5
1132.0,20.0,20.0,2.0,75.0,4.6875
1133.0,40.0,20.0,2.0,75.0,4.4117646
1134.0,0.0,20.0,2.0,75.0,75.0
1135.0,0.5,20.0,2.0,75.0,75.0
1136.0,1.0,20.0,2.0,75.0,75.0
1137.0,2.0,20.0,2.0,75.0,75.0
1138.0,3.0,20.0,2.0,75.0,15.0
1139.0,5.0,20.0,2.0,75.0,37.5
1140.0,10.0,20.0,2.0,75.0,8.333333
1141.0,20.0,20.0,2.0,75.0,5.769231
1142.0,40.0,20.0,2.0,75.0,4.4117646
1143.0,0.0,20.0,2.0,75.0,75.0
1144.0,0.5,20.0,2.0,75.0,75.0
1145.0,1.0,20.0,2.0,75.0,75.0
1146.0,2.0,20.0,2.0,75.0,25.0
1147.0,3.0,20.0,2.0,75.0,9.375
1148.0,5.0,20.0,2.0,75.0,10.714286
1149.0,10.0,20.0,2.0,75.0,10.714286
1150.0,20.0,20.0,2.0,75.0,6.818182
1151.0,40.0,20.0,2.0,75.0,5.0
1152.0,0.0,20.0,2.0,75.0,75.0
1153.0,0.5,20.0,2.0,75.0,25.0
1154.0,1.0,20.0,2.0,75.0,25.0
1155.0,2.0,20.0,2.0,75.0,8.333333
1156.0,3.0,20.0,2.0,75.0,18.75
1157.0,5.0,20.0,2.0,75.0,15.0
1158.0,10.0,20.0,2.0,75.0,15.0
1159.0,20.0,20.0,2.0,75.0,5.769231
1160.0,40.0,20.0,2.0,75.0,5.0
1161.0,0.0,20.0,2.0,75.0,75.0
1162.0,0.5,20.0,2.0,75.0,75.0
1163.0,1.0,20.0,2.0,75.0,25.0
1164.0,2.0,20.0,2.0,75.0,25.0
1165.0,3.0,20.0,2.0,75.0,10.714286
1166.0,5.0,20.0,2.0,75.0,5.357143
1167.0,10.0,20.0,2.0,75.0,10.714286
1168.0,20.0,20.0,2.0,75.0,9.375
1169.0,40.0,20.0,2.0,75.0,5.357143
1170.0,0.0,20.0,2.0,75.0,75.0
1171.0,0.5,20.0,2.0,75.0,75.0
1172.0,1.0,20.0,2.0,75.0,25.0
1173.0,2.0,20.0,2.0,75.0,75.0
1174.0,3.0,20.0,2.0,75.0,25.0
1175.0,5.0,20.0,2.0,75.0,12.5
1176.0,10.0,20.0,2.0,75.0,7.5
1177.0,20.0,20.0,2.0,75.0,15.0
1178.0,40.0,20.0,2.0,75.0,5.0
1179.0,0.0,20.0,2.0,75.0,75.0
1180.0,0.5,20.0,2.0,75.0,25.0
1181.0,1.0,20.0,2.0,75.0,75.0
1182.0,2.0,20.0,2.0,75.0,75.0
1183.0,3.0,20.0,2.0,75.0,25.0
1184.0,5.0,20.0,2.0,75.0,15.0
1185.0,10.0,20.0,2.0,75.0,8.333333
1186.0,20.0,20.0,2.0,75.0,15.0
1187.0,40.0,20.0,2.0,75.0,4.4117646
1188.0,0.0,20.0,2.0,75.0,25.0
1189.0,0.5,20.0,2.0,75.0,25.0
1190.0,1.0,20.0,2.0,75.0,25.0
1191.0,2.0,20.0,2.0,75.0,25.0
1192.0,3.0,20.0,2.0,75.0,10.714286
1193.0,5.0,20.0,2.0,75.0,15.0
1194.0,10.0,20.0,2.0,75.0,8.333333
1195.0,20.0,20.0,2.0,75.0,5.769231
1196.0,40.0,20.0,2.0,75.0,4.4117646
1197.0,0.0,20.0,2.0,75.0,75.0
1198.0,0.5,20.0,2.0,75.0,15.0
1199.0,1.0,20.0,2.0,75.0,75.0
1200.0,2.0,20.0,2.0,75.0,25.0
1201.0,3.0,20.0,2.0,75.0,25.0
1202.0,5.0,20.0,2.0,75.0,18.75
1203.0,10.0,20.0,2.0,75.0,8.333333
1204.0,20.0,20.0,2.0,75.0,3.5714285
1205.0,40.0,20.0,2.0,75.0,4.1666665
1206.0,0.0,20.0,2.0,75.0,75.0
1207.0,0.5,20.0,2.0,75.0,75.0
1208.0,1.0,20.0,2.0,75.0,75.0
1209.0,2.0,20.0,2.0,75.0,18.75
1210.0,3.0,20.0,2.0,75.0,25.0
1211.0,5.0,20.0,2.0,75.0,8.333333
1212.0,10.0,20.0,2.0,75.0,10.714286
1213.0,20.0,20.0,2.0,75.0,5.357143
1214.0,40.0,20.0,2.0,75.0,5.0
1215.0,0.0,20.0,2.0,75.0,15.0
1216.0,0.5,20.0,2.0,75.0,75.0
1217.0,1.0,20.0,2.0,75.0,25.0
1218.0,2.0,20.0,2.0,75.0,75.0
1219.0,3.0,20.0,2.0,75.0,15.0
1220.0,5.0,20.0,2.0,75.0,18.75
1221.0,10.0,20.0,2.0,75.0,18.75
1222.0,20.0,20.0,2.0,75.0,8.333333
1223.0,40.0,20.0,2.0,75.0,4.4117646
1224.0,0.0,20.0,2.0,75.0,75.0
1225.0,0.5,20.0,2.0,75.0,25.0
1226.0,1.0,20.0,2.0,75.0,25.0
1227.0,2.0,20.0,2.0,75.0,25.0
1228.0,3.0,20.0,2.0,75.0,25.0
1229.0,5.0,20.0,2.0,75.0,9.375
1230.0,10.0,20.0,2.0,75.0,7.5
1231.0,20.0,20.0,2.0,75.0,5.0
1232.0,40.0,20.0,2.0,75.0,5.0
1233.0,0.0,20.0,2.0,75.0,75.0
1234.0,0.5,20.0,2.0,75.0,75.0
1235.0,1.0,20.0,2.0,75.0,75.0
1236.0,2.0,20.0,2.0,75.0,37.5
1237.0,3.0,20.0,2.0,75.0,9.375
1238.0,5.0,20.0,2.0,75.0,25.0
1239.0,10.0,20.0,2.0,75.0,9.375
1240.0,20.0,20.0,2.0,75.0,6.25
1241.0,40.0,20.0,2.0,75.0,5.769231
1242.0,0.0,20.0,2.0,75.0,75.0
1243.0,0.5,20.0,2.0,75.0,25.0
1244.0,1.0,20.0,2.0,75.0,25.0
1245.0,2.0,20.0,2.0,75.0,18.75
1246.0,3.0,20.0,2.0,75.0,75.0
1247.0,5.0,20.0,2.0,75.0,6.818182
1248.0,10.0,20.0,2.0,75.0,6.818182
1249.0,20.0,20.0,2.0,75.0,5.0
1250.0,40.0,20.0,2.0,75.0,5.0
1251.0,0.0,20.0,2.0,75.0,75.0
1252.0,0.5,20.0,2.0,75.0,75.0
1253.0,1.0,20.0,2.0,75.0,75.0
1254.0,2.0,20.0,2.0,75.0,25.0
1255.0,3.0,20.0,2.0,75.0,37.5
1256.0,5.0,20.0,2.0,75.0,37.5
1257.0,10.0,20.0,2.0,75.0,5.769231
1258.0,20.0,20.0,2.0,75.0,6.818182
1259.0,40.0,20.0,2.0,75.0,4.4117646
1260.0,0.0,20.0,2.0,75.0,75.0
1261.0,0.5,20.0,2.0,75.0,18.75
1262.0,1.0,20.0,2.0,75.0,25.0
1263.0,2.0,20.0,2.0,75.0,75.0
1264.0,3.0,20.0,2.0,75.0,25.0
1265.0,5.0,20.0,2.0,75.0,7.5
1266.0,10.0,20.0,2.0,75.0,12.5
1267.0,20.0,20.0,2.0,75.0,6.25
1268.0,40.0,20.0,2.0,75.0,5.769231
1269.0,0.0,20.0,2.0,75.0,75.0
1270.0,0.5,20.0,2.0,75.0,25.0
1271.0,1.0,20.0,2.0,75.0,25.0
1272.0,2.0,20.0,2.0,75.0,18.75
1273.0,3.0,20.0,2.0,75.0,25.0
1274.0,5.0,20.0,2.0,75.0,5.357143
1275.0,10.0,20.0,2.0,75.0,5.0
1276.0,20.0,20.0,2.0,75.0,5.769231
1277.0,40.0,20.0,2.0,75.0,3.9473684
1278.0,0.0,20.0,2.0,75.0,75.0
1279.0,0.5,20.0,2.0,75.0,25.0
1280.0,1.0,20.0,2.0,75.0,75.0
1281.0,2.0,20.0,2.0,75.0,25.0
1282.0,3.0,20.0,2.0,75.0,25.0
1283.0,5.0,20.0,2.0,75.0,18.75
1284.0,10.0,20.0,2.0,75.0,6.25
1285.0,20.0,20.0,2.0,75.0,5.769231
1286.0,40.0,20.0,2.0,75.0,5.357143
1287.0,0.0,20.0,2.0,75.0,75.0
1288.0,0.5,20.0,2.0,75.0,75.0
1289.0,1.0,20.0,2.0,75.0,25.0
1290.0,2.0,20.0,2.0,75.0,25.0
1291.0,3.0,20.0,2.0,75.0,15.0
1292.0,5.0,20.0,2.0,75.0,25.0
1293.0,10.0,20.0,2.0,75.0,9.375
1294.0,20.0,20.0,2.0,75.0,5.357143
1295.0,40.0,20.0,2.0,75.0,5.769231
1296.0,0.0,20.0,2.0,75.0,75.0
1297.0,0.5,20.0,2.0,75.0,75.0
1298.0,1.0,20.0,2.0,75.0,25.0
1299.0,2.0,20.0,2.0,75.0,25.0
1300.0,3.0,20.0,2.0,75.0,37.5
1301.0,5.0,20.0,2.0,75.0,18.75
1302.0,10.0,20.0,2.0,75.0,5.0
1303.0,20.0,20.0,2.0,75.0,5.769231
1304.0,40.0,20.0,2.0,75.0,6.818182
1305.0,0.0,20.0,2.0,75.0,75.0
1306.0,0.5,20.0,2.0,75.0,75.0
1307.0,1.0,20.0,2.0,75.0,25.0
1308.0,2.0,20.0,2.0,75.0,75.0
1309.0,3.0,20.0,2.0,75.0,18.75
1310.0,5.0,20.0,2.0,75.0,18.75
1311.0,10.0,20.0,2.0,75.0,12.5
1312.0,20.0,20.0,2.0,75.0,7.5
1313.0,40.0,20.0,2.0,75.0,8.333333
1314.0,0.0,20.0,2.0,75.0,75.0
1315.0,0.5,20.0,2.0,75.0,25.0
1316.0,1.0,20.0,2.0,75.0,8.333333
1317.0,2.0,20.0,2.0,75.0,25.0
1318.0,3.0,20.0,2.0,75.0,25.0
1319.0,5.0,20.0,2.0,75.0,8.333333
1320.0,10.0,20.0,2.0,75.0,5.357143
1321.0,20.0,20.0,2.0,75.0,5.769231
1322.0,40.0,20.0,2.0,75.0,5.0
1323.0,0.0,20.0,2.0,75.0,75.0
1324.0,0.5,20.0,2.0,75.0,25.0
1325.0,1.0,20.0,2.0,75.0,25.0
1326.0,2.0,20.0,2.0,75.0,8.333333
1327.0,3.0,20.0,2.0,75.0,18.75
1328.0,5.0,20.0,2.0,75.0,25.0
1329.0,10.0,20.0,2.0,75.0,8.333333
1330.0,20.0,20.0,2.0,75.0,7.5
1331.0,40.0,20.0,2.0,75.0,5.769231
1332.0,0.0,20.0,2.0,75.0,75.0
1333.0,0.5,20.0,2.0,75.0,75.0
1334.0,1.0,20.0,2.0,75.0,75.0
1335.0,2.0,20.0,2.0,75.0,15.0
1336.0,3.0,20.0,2.0,75.0,75.0
1337.0,5.0,20.0,2.0,75.0,7.5
1338.0,10.0,20.0,2.0,75.0,9.375
1339.0,20.0,20.0,2.0,75.0,6.818182
1340.0,40.0,20.0,2.0,75.0,5.0
1341.0,0.0,20.0,2.0,75.0,75.0
1342.0,0.5,20.0,2.0,75.0,75.0
1343.0,1.0,20.0,2.0,75.0,12.5
1344.0,2.0,20.0,2.0,75.0,25.0
1345.0,3.0,20.0,2.0,75.0,5.769231
1346.0,5.0,20.0,2.0,75.0,10.714286
1347.0,10.0,20.0,2.0,75.0,5.357143
1348.0,20.0,20.0,2.0,75.0,10.714286
1349.0,40.0,20.0,2.0,75.0,6.818182
1350.0,0.0,20.0,2.0,100.0,100.0
1351.0,0.5,20.0,2.0,100.0,100.0
1352.0,1.0,20.0,2.0,100.0,33.333332
1353.0,2.0,20.0,2.0,100.0,16.666666
1354.0,3.0,20.0,2.0,100.0,33.333332
1355.0,5.0,20.0,2.0,100.0,7.142857
1356.0,10.0,20.0,2.0,100.0,6.6666665
1357.0,20.0,20.0,2.0,100.0,7.142857
1358.0,40.0,20.0,2.0,100.0,4.347826
1359.0,0.0,20.0,2.0,100.0,100.0
1360.0,0.5,20.0,2.0,100.0,100.0
1361.0,1.0,20.0,2.0,100.0,100.0
1362.0,2.0,20.0,2.0,100.0,10.0
1363.0,3.0,20.0,2.0,100.0,20.0
1364.0,5.0,20.0,2.0,100.0,16.666666
1365.0,10.0,20.0,2.0,100.0,4.7619047
1366.0,20.0,20.0,2.0,100.0,5.5555553
1367.0,40.0,20.0,2.0,100.0,5.263158
1368.0,0.0,20.0,2.0,100.0,100.0
1369.0,0.5,20.0,2.0,100.0,33.333332
1370.0,1.0,20.0,2.0,100.0,33.333332
1371.0,2.0,20.0,2.0,100.0,33.333332
1372.0,3.0,20.0,2.0,100.0,12.5
1373.0,5.0,20.0,2.0,100.0,12.5
1374.0,10.0,20.0,2.0,100.0,5.263158
1375.0,20.0,20.0,2.0,100.0,5.5555553
1376.0,40.0,20.0,2.0,100.0,4.347826
1377.0,0.0,20.0,2.0,100.0,100.0
1378.0,0.5,20.0,2.0,100.0,7.6923075
1379.0,1.0,20.0,2.0,100.0,100.0
1380.0,2.0,20.0,2.0,100.0,100.0
1381.0,3.0,20.0,2.0,100.0,14.285714
1382.0,5.0,20.0,2.0,100.0,6.6666665
1383.0,10.0,20.0,2.0,100.0,8.333333
1384.0,20.0,20.0,2.0,100.0,5.0
1385.0,40.0,20.0,2.0,100.0,5.263158
1386.0,0.0,20.0,2.0,100.0,100.0
1387.0,0.5,20.0,2.0,100.0,33.333332
1388.0,1.0,20.0,2.0,100.0,100.0
1389.0,2.0,20.0,2.0,100.0,25.0
1390.0,3.0,20.0,2.0,100.0,25.0
1391.0,5.0,20.0,2.0,100.0,20.0
1392.0,10.0,20.0,2.0,100.0,12.5
1393.0,20.0,20.0,2.0,100.0,5.0
1394.0,40.0,20.0,2.0,100.0,3.8461537
1395.0,0.0,20.0,2.0,100.0,100.0
1396.0,0.5,20.0,2.0,100.0,33.333332
1397.0,1.0,20.0,2.0,100.0,33.333332
1398.0,2.0,20.0,2.0,100.0,33.333332
1399.0,3.0,20.0,2.0,100.0,5.263158
1400.0,5.0,20.0,2.0,100.0,20.0
1401.0,10.0,20.0,2.0,100.0,7.6923075
1402.0,20.0,20.0,2.0,100.0,5.263158
1403.0,40.0,20.0,2.0,100.0,4.7619047
1404.0,0.0,20.0,2.0,100.0,100.0
1405.0,0.5,20.0,2.0,100.0,100.0
1406.0,1.0,20.0,2.0,100.0,33.333332
1407.0,2.0,20.0,2.0,100.0,33.333332
1408.0,3.0,20.0,2.0,100.0,33.333332
1409.0,5.0,20.0,2.0,100.0,6.6666665
1410.0,10.0,20.0,2.0,100.0,4.347826
1411.0,20.0,20.0,2.0,100.0,8.333333
1412.0,40.0,20.0,2.0,100.0,5.0
1413.0,0.0,20.0,2.0,100.0,100.0
1414.0,0.5,20.0,2.0,100.0,100.0
1415.0,1.0,20.0,2.0,100.0,33.333332
1416.0,2.0,20.0,2.0,100.0,33.333332
1417.0,3.0,20.0,2.0,100.0,33.333332
1418.0,5.0,20.0,2.0,100.0,16.666666
1419.0,10.0,20.0,2.0,100.0,9.090909
1420.0,20.0,20.0,2.0,100.0,5.5555553
1421.0,40.0,20.0,2.0,100.0,5.882353
1422.0,0.0,20.0,2.0,100.0,100.0
1423.0,0.5,20.0,2.0,100.0,33.333332
1424.0,1.0,20.0,2.0,100.0,25.0
1425.0,2.0,20.0,2.0,100.0,20.0
1426.0,3.0,20.0,2.0,100.0,33.333332
1427.0,5.0,20.0,2.0,100.0,11.111111
1428.0,10.0,20.0,2.0,100.0,5.882353
1429.0,20.0,20.0,2.0,100.0,7.6923075
1430.0,40.0,20.0,2.0,100.0,4.347826
1431.0,0.0,20.0,2.0,100.0,100.0
1432.0,0.5,20.0,2.0,100.0,100.0
1433.0,1.0,20.0,2.0,100.0,100.0
1434.0,2.0,20.0,2.0,100.0,33.333332
1435.0,3.0,20.0,2.0,100.0,6.6666665
1436.0,5.0,20.0,2.0,100.0,33.333332
1437.0,10.0,20.0,2.0,100.0,4.347826
1438.0,20.0,20.0,2.0,100.0,7.142857
1439.0,40.0,20.0,2.0,100.0,5.882353
1440.0,0.0,20.0,2.0,100.0,100.0
1441.0,0.5,20.0,2.0,100.0,100.0
1442.0,1.0,20.0,2.0,100.0,33.333332
1443.0,2.0,20.0,2.0,100.0,33.333332
1444.0,3.0,20.0,2.0,100.0,14.285714
1445.0,5.0,20.0,2.0,100.0,11.111111
1446.0,10.0,20.0,2.0,100.0,5.5555553
1447.0,20.0,20.0,2.0,100.0,5.882353
1448.0,40.0,20.0,2.0,100.0,4.7619047
1449.0,0.0,20.0,2.0,100.0,100.0
1450.0,0.5,20.0,2.0,100.0,100.0
1451.0,1.0,20.0,2.0,100.0,100.0
1452.0,2.0,20.0,2.0,100.0,33.333332
1453.0,3.0,20.0,2.0,100.0,6.6666665
1454.0,5.0,20.0,2.0,100.0,14.285714
1455.0,10.0,20.0,2.0,100.0,12.5
1456.0,20.0,20.0,2.0,100.0,5.882353
1457.0,40.0,20.0,2.0,100.0,5.263158
1458.0,0.0,20.0,2.0,100.0,100.0
1459.0,0.5,20.0,2.0,100.0,33.333332
1460.0,1.0,20.0,2.0,100.0,10.0
1461.0,2.0,20.0,2.0,100.0,14.285714
1462.0,3.0,20.0,2.0,100.0,25.0
1463.0,5.0,20.0,2.0,100.0,14.285714
1464.0,10.0,20.0,2.0,100.0,11.111111
1465.0,20.0,20.0,2.0,100.0,5.5555553
1466.0,40.0,20.0,2.0,100.0,5.882353
1467.0,0.0,20.0,2.0,100.0,100.0
1468.0,0.5,20.0,2.0,100.0,25.0
1469.0,1.0,20.0,2.0,100.0,50.0
1470.0,2.0,20.0,2.0,100.0,33.333332
1471.0,3.0,20.0,2.0,100.0,20.0
1472.0,5.0,20.0,2.0,100.0,8.333333
1473.0,10.0,20.0,2.0,100.0,16.666666
1474.0,20.0,20.0,2.0,100.0,5.882353
1475.0,40.0,20.0,2.0,100.0,4.5454545
1476.0,0.0,20.0,2.0,100.0,100.0
1477.0,0.5,20.0,2.0,100.0,100.0
1478.0,1.0,20.0,2.0,100.0,7.6923075
1479.0,2.0,20.0,2.0,100.0,33.333332
1480.0,3.0,20.0,2.0,100.0,16.666666
1481.0,5.0,20.0,2.0,100.0,16.666666
1482.0,10.0,20.0,2.0,100.0,8.333333
1483.0,20.0,20.0,2.0,100.0,7.142857
1484.0,40.0,20.0,2.0,100.0,4.7619047
1485.0,0.0,20.0,2.0,100.0,100.0
1486.0,0.5,20.0,2.0,100.0,100.0
1487.0,1.0,20.0,2.0,100.0,33.333332
1488.0,2.0,20.0,2.0,100.0,20.0
1489.0,3.0,20.0,2.0,100.0,14.285714
1490.0,5.0,20.0,2.0,100.0,12.5
1491.0,10.0,20.0,2.0,100.0,11.111111
1492.0,20.0,20.0,2.0,100.0,6.25
1493.0,40.0,20.0,2.0,100.0,4.7619047
1494.0,0.0,20.0,2.0,100.0,100.0
1495.0,0.5,20.0,2.0,100.0,100.0
1496.0,1.0,20.0,2.0,100.0,100.0
1497.0,2.0,20.0,2.0,100.0,33.333332
1498.0,3.0,20.0,2.0,100.0,33.333332
1499.0,5.0,20.0,2.0,100.0,7.6923075
1500.0,10.0,20.0,2.0,100.0,5.882353
1501.0,20.0,20.0,2.0,100.0,4.5454545
1502.0,40.0,20.0,2.0,100.0,5.5555553
1503.0,0.0,20.0,2.0,100.0,100.0
1504.0,0.5,20.0,2.0,100.0,10.0
1505.0,1.0,20.0,2.0,100.0,33.333332
1506.0,2.0,20.0,2.0,100.0,33.333332
1507.0,3.0,20.0,2.0,100.0,25.0
1508.0,5.0,20.0,2.0,100.0,12.5
1509.0,10.0,20.0,2.0,100.0,5.0
1510.0,20.0,20.0,2.0,100.0,5.0
1511.0,40.0,20.0,2.0,100.0,5.882353
1512.0,0.0,20.0,2.0,100.0,100.0
1513.0,0.5,20.0,2.0,100.0,33.333332
1514.0,1.0,20.0,2.0,100.0,100.0
1515.0,2.0,20.0,2.0,100.0,6.25
1516.0,3.0,20.0,2.0,100.0,50.0
1517.0,5.0,20.0,2.0,100.0,5.882353
1518.0,10.0,20.0,2.0,100.0,11.111111
1519.0,20.0,20.0,2.0,100.0,4.7619047
1520.0,40.0,20.0,2.0,100.0,4.7619047
1521.0,0.0,20.0,2.0,100.0,100.0
1522.0,0.5,20.0,2.0,100.0,33.333332
1523.0,1.0,20.0,2.0,100.0,25.0
1524.0,2.0,20.0,2.0,100.0,7.142857
1525.0,3.0,20.0,2.0,100.0,33.333332
1526.0,5.0,20.0,2.0,100.0,5.263158
1527.0,10.0,20.0,2.0,100.0,9.090909
1528.0,20.0,20.0,2.0,100.0,5.882353
1529.0,40.0,20.0,2.0,100.0,5.882353
1530.0,0.0,20.0,2.0,100.0,100.0
1531.0,0.5,20.0,2.0,100.0,50.0
1532.0,1.0,20.0,2.0,100.0,33.333332
1533.0,2.0,20.0,2.0,100.0,33.333332
1534.0,3.0,20.0,2.0,100.0,33.333332
1535.0,5.0,20.0,2.0,100.0,8.333333
1536.0,10.0,20.0,2.0,100.0,7.142857
1537.0,20.0,20.0,2.0,100.0,5.882353
1538.0,40.0,20.0,2.0,100.0,4.7619047
1539.0,0.0,20.0,2.0,100.0,100.0
1540.0,0.5,20.0,2.0,100.0,33.333332
1541.0,1.0,20.0,2.0,100.0,100.0
1542.0,2.0,20.0,2.0,100.0,33.333332
1543.0,3.0,20.0,2.0,100.0,11.111111
1544.0,5.0,20.0,2.0,100.0,10.0
1545.0,10.0,20.0,2.0,100.0,10.0
1546.0,20.0,20.0,2.0,100.0,7.142857
1547.0,40.0,20.0,2.0,100.0,4.347826
1548.0,0.0,20.0,2.0,100.0,100.0
1549.0,0.5,20.0,2.0,100.0,14.285714
1550.0,1.0,20.0,2.0,100.0,33.333332
1551.0,2.0,20.0,2.0,100.0,8.333333
1552.0,3.0,20.0,2.0,100.0,20.0
1553.0,5.0,20.0,2.0,100.0,33.333332
1554.0,10.0,20.0,2.0,100.0,6.6666665
1555.0,20.0,20.0,2.0,100.0,5.5555553
1556.0,40.0,20.0,2.0,100.0,5.882353
1557.0,0.0,20.0,2.0,100.0,100.0
1558.0,0.5,20.0,2.0,100.0,100.0
1559.0,1.0,20.0,2.0,100.0,33.333332
1560.0,2.0,20.0,2.0,100.0,25.0
1561.0,3.0,20.0,2.0,100.0,33.333332
1562.0,5.0,20.0,2.0,100.0,9.090909
1563.0,10.0,20.0,2.0,100.0,7.6923075
1564.0,20.0,20.0,2.0,100.0,4.7619047
1565.0,40.0,20.0,2.0,100.0,5.263158
1566.0,0.0,20.0,2.0,100.0,100.0
1567.0,0.5,20.0,2.0,100.0,100.0
1568.0,1.0,20.0,2.0,100.0,100.0
1569.0,2.0,20.0,2.0,100.0,11.111111
1570.0,3.0,20.0,2.0,100.0,33.333332
1571.0,5.0,20.0,2.0,100.0,16.666666
1572.0,10.0,20.0,2.0,100.0,5.263158
1573.0,20.0,20.0,2.0,100.0,8.333333
1574.0,40.0,20.0,2.0,100.0,4.7619047
1575.0,0.0,20.0,2.0,100.0,100.0
1576.0,0.5,20.0,2.0,100.0,100.0
1577.0,1.0,20.0,2.0,100.0,33.333332
1578.0,2.0,20.0,2.0,100.0,25.0
1579.0,3.0,20.0,2.0,100.0,10.0
1580.0,5.0,20.0,2.0,100.0,25.0
1581.0,10.0,20.0,2.0,100.0,8.333333
1582.0,20.0,20.0,2.0,100.0,5.263158
1583.0,40.0,20.0,2.0,100.0,4.1666665
1584.0,0.0,20.0,2.0,100.0,100.0
1585.0,0.5,20.0,2.0,100.0,33.333332
1586.0,1.0,20.0,2.0,100.0,33.333332
1587.0,2.0,20.0,2.0,100.0,33.333332
1588.0,3.0,20.0,2.0,100.0,25.0
1589.0,5.0,20.0,2.0,100.0,4.7619047
1590.0,10.0,20.0,2.0,100.0,7.6923075
1591.0,20.0,20.0,2.0,100.0,4.7619047
1592.0,40.0,20.0,2.0,100.0,4.7619047
1593.0,0.0,20.0,2.0,100.0,100.0
1594.0,0.5,20.0,2.0,100.0,33.333332
1595.0,1.0,20.0,2.0,100.0,33.333332
1596.0,2.0,20.0,2.0,100.0,8.333333
1597.0,3.0,20.0,2.0,100.0,9.090909
1598.0,5.0,20.0,2.0,100.0,6.25
1599.0,10.0,20.0,2.0,100.0,9.090909
1600.0,20.0,20.0,2.0,100.0,4.0
1601.0,40.0,20.0,2.0,100.0,6.6666665
1602.0,0.0,20.0,2.0,100.0,100.0
1603.0,0.5,20.0,2.0,100.0,33.333332
1604.0,1.0,20.0,2.0,100.0,33.333332
1605.0,2.0,20.0,2.0,100.0,7.6923075
1606.0,3.0,20.0,2.0,100.0,16.666666
1607.0,5.0,20.0,2.0,100.0,10.0
1608.0,10.0,20.0,2.0,100.0,20.0
1609.0,20.0,20.0,2.0,100.0,7.142857
1610.0,40.0,20.0,2.0,100.0,5.882353
1611.0,0.0,20.0,2.0,100.0,100.0
1612.0,0.5,20.0,2.0,100.0,6.6666665
1613.0,1.0,20.0,2.0,100.0,33.333332
1614.0,2.0,20.0,2.0,100.0,11.111111
1615.0,3.0,20.0,2.0,100.0,6.25
1616.0,5.0,20.0,2.0,100.0,20.0
1617.0,10.0,20.0,2.0,100.0,8.333333
1618.0,20.0,20.0,2.0,100.0,5.882353
1619.0,40.0,20.0,2.0,100.0,5.263158
1620.0,0.0,20.0,2.0,100.0,100.0
1621.0,0.5,20.0,2.0,100.0,100.0
1622.0,1.0,20.0,2.0,100.0,8.333333
1623.0,2.0,20.0,2.0,100.0,10.0
1624.0,3.0,20.0,2.0,100.0,6.6666665
1625.0,5.0,20.0,2.0,100.0,33.333332
1626.0,10.0,20.0,2.0,100.0,9.090909
1627.0,20.0,20.0,2.0,100.0,7.142857
1628.0,40.0,20.0,2.0,100.0,5.263158
1629.0,0.0,20.0,2.0,100.0,33.333332
1630.0,0.5,20.0,2.0,100.0,33.333332
1631.0,1.0,20.0,2.0,100.0,100.0
1632.0,2.0,20.0,2.0,100.0,33.333332
1633.0,3.0,20.0,2.0,100.0,14.285714
1634.0,5.0,20.0,2.0,100.0,6.25
1635.0,10.0,20.0,2.0,100.0,8.333333
1636.0,20.0,20.0,2.0,100.0,6.25
1637.0,40.0,20.0,2.0,100.0,5.263158
1638.0,0.0,20.0,2.0,100.0,100.0
1639.0,0.5,20.0,2.0,100.0,33.333332
1640.0,1.0,20.0,2.0,100.0,5.882353
1641.0,2.0,20.0,2.0,100.0,25.0
1642.0,3.0,20.0,2.0,100.0,33.333332
1643.0,5.0,20.0,2.0,100.0,10.0
1644.0,10.0,20.0,2.0,100.0,11.111111
1645.0,20.0,20.0,2.0,100.0,9.090909
1646.0,40.0,20.0,2.0,100.0,4.7619047
1647.0,0.0,20.0,2.0,100.0,100.0
1648.0,0.5,20.0,2.0,100.0,100.0
1649.0,1.0,20.0,2.0,100.0,33.333332
1650.0,2.0,20.0,2.0,100.0,33.333332
1651.0,3.0,20.0,2.0,100.0,14.285714
1652.0,5.0,20.0,2.0,100.0,6.6666665
1653.0,10.0,20.0,2.0,100.0,16.666666
1654.0,20.0,20.0,2.0,100.0,6.6666665
1655.0,40.0,20.0,2.0,100.0,4.347826
1656.0,0.0,20.0,2.0,100.0,100.0
1657.0,0.5,20.0,2.0,100.0,16.666666
1658.0,1.0,20.0,2.0,100.0,33.333332
1659.0,2.0,20.0,2.0,100.0,33.333332
1660.0,3.0,20.0,2.0,100.0,14.285714
1661.0,5.0,20.0,2.0,100.0,12.5
1662.0,10.0,20.0,2.0,100.0,5.882353
1663.0,20.0,20.0,2.0,100.0,5.0
1664.0,40.0,20.0,2.0,100.0,4.7619047
1665.0,0.0,20.0,2.0,100.0,100.0
1666.0,0.5,20.0,2.0,100.0,100.0
1667.0,1.0,20.0,2.0,100.0,33.333332
1668.0,2.0,20.0,2.0,100.0,7.142857
1669.0,3.0,20.0,2.0,100.0,33.333332
1670.0,5.0,20.0,2.0,100.0,14.285714
1671.0,10.0,20.0,2.0,100.0,6.6666665
1672.0,20.0,20.0,2.0,100.0,7.6923075
1673.0,40.0,20.0,2.0,100.0,5.5555553
1674.0,0.0,20.0,2.0,100.0,100.0
1675.0,0.5,20.0,2.0,100.0,8.333333
1676.0,1.0,20.0,2.0,100.0,100.0
1677.0,2.0,20.0,2.0,100.0,50.0
1678.0,3.0,20.0,2.0,100.0,20.0
1679.0,5.0,20.0,2.0,100.0,12.5
1680.0,10.0,20.0,2.0,100.0,7.142857
1681.0,20.0,20.0,2.0,100.0,5.882353
1682.0,40.0,20.0,2.0,100.0,5.0
1683.0,0.0,20.0,2.0,100.0,100.0
1684.0,0.5,20.0,2.0,100.0,100.0
1685.0,1.0,20.0,2.0,100.0,100.0
1686.0,2.0,20.0,2.0,100.0,5.263158
1687.0,3.0,20.0,2.0,100.0,20.0
1688.0,5.0,20.0,2.0,100.0,33.333332
1689.0,10.0,20.0,2.0,100.0,4.7619047
1690.0,20.0,20.0,2.0,100.0,9.090909
1691.0,40.0,20.0,2.0,100.0,5.263158
1692.0,0.0,20.0,2.0,100.0,33.333332
1693.0,0.5,20.0,2.0,100.0,100.0
1694.0,1.0,20.0,2.0,100.0,33.333332
1695.0,2.0,20.0,2.0,100.0,25.0
1696.0,3.0,20.0,2.0,100.0,5.882353
1697.0,5.0,20.0,2.0,100.0,25.0
1698.0,10.0,20.0,2.0,100.0,4.347826
1699.0,20.0,20.0,2.0,100.0,5.882353
1700.0,40.0,20.0,2.0,100.0,4.0
1701.0,0.0,20.0,2.0,100.0,100.0
1702.0,0.5,20.0,2.0,100.0,33.333332
1703.0,1.0,20.0,2.0,100.0,100.0
1704.0,2.0,20.0,2.0,100.0,33.333332
1705.0,3.0,20.0,2.0,100.0,14.285714
1706.0,5.0,20.0,2.0,100.0,16.666666
1707.0,10.0,20.0,2.0,100.0,10.0
1708.0,20.0,20.0,2.0,100.0,5.263158
1709.0,40.0,20.0,2.0,100.0,5.263158
1710.0,0.0,20.0,2.0,100.0,100.0
1711.0,0.5,20.0,2.0,100.0,100.0
1712.0,1.0,20.0,2.0,100.0,33.333332
1713.0,2.0,20.0,2.0,100.0,33.333332
1714.0,3.0,20.0,2.0,100.0,33.333332
1715.0,5.0,20.0,2.0,100.0,14.285714
1716.0,10.0,20.0,2.0,100.0,5.0
1717.0,20.0,20.0,2.0,100.0,5.5555553
1718.0,40.0,20.0,2.0,100.0,4.7619047
1719.0,0.0,20.0,2.0,100.0,100.0
1720.0,0.5,20.0,2.0,100.0,100.0
1721.0,1.0,20.0,2.0,100.0,33.333332
1722.0,2.0,20.0,2.0,100.0,25.0
1723.0,3.0,20.0,2.0,100.0,16.666666
1724.0,5.0,20.0,2.0,100.0,6.6666665
1725.0,10.0,20.0,2.0,100.0,6.6666665
1726.0,20.0,20.0,2.0,100.0,6.25
1727.0,40.0,20.0,2.0,100.0,4.7619047
1728.0,0.0,20.0,2.0,100.0,100.0
1729.0,0.5,20.0,2.0,100.0,100.0
1730.0,1.0,20.0,2.0,100.0,33.333332
1731.0,2.0,20.0,2.0,100.0,33.333332
1732.0,3.0,20.0,2.0,100.0,25.0
1733.0,5.0,20.0,2.0,100.0,20.0
1734.0,10.0,20.0,2.0,100.0,11.111111
1735.0,20.0,20.0,2.0,100.0,5.263158
1736.0,40.0,20.0,2.0,100.0,5.263158
1737.0,0.0,20.0,2.0,100.0,100.0
1738.0,0.5,20.0,2.0,100.0,100.0
1739.0,1.0,20.0,2.0,100.0,100.0
1740.0,2.0,20.0,2.0,100.0,12.5
1741.0,3.0,20.0,2.0,100.0,50.0
1742.0,5.0,20.0,2.0,100.0,7.6923075
1743.0,10.0,20.0,2.0,100.0,5.882353
1744.0,20.0,20.0,2.0,100.0,4.7619047
1745.0,40.0,20.0,2.0,100.0,5.263158
1746.0,0.0,20.0,2.0,100.0,100.0
1747.0,0.5,20.0,2.0,100.0,10.0
1748.0,1.0,20.0,2.0,100.0,25.0
1749.0,2.0,20.0,2.0,100.0,7.6923075
1750.0,3.0,20.0,2.0,100.0,33.333332
1751.0,5.0,20.0,2.0,100.0,7.142857
1752.0,10.0,20.0,2.0,100.0,7.6923075
1753.0,20.0,20.0,2.0,100.0,7.6923075
1754.0,40.0,20.0,2.0,100.0,6.25
1755.0,0.0,20.0,2.0,100.0,14.285714
1756.0,0.5,20.0,2.0,100.0,14.285714
1757.0,1.0,20.0,2.0,100.0,33.333332
1758.0,2.0,20.0,2.0,100.0,16.666666
1759.0,3.0,20.0,2.0,100.0,20.0
1760.0,5.0,20.0,2.0,100.0,12.5
1761.0,10.0,20.0,2.0,100.0,6.25
1762.0,20.0,20.0,2.0,100.0,5.882353
1763.0,40.0,20.0,2.0,100.0,4.347826
1764.0,0.0,20.0,2.0,100.0,100.0
1765.0,0.5,20.0,2.0,100.0,33.333332
1766.0,1.0,20.0,2.0,100.0,33.333332
1767.0,2.0,20.0,2.0,100.0,20.0
1768.0,3.0,20.0,2.0,100.0,33.333332
1769.0,5.0,20.0,2.0,100.0,20.0
1770.0,10.0,20.0,2.0,100.0,8.333333
1771.0,20.0,20.0,2.0,100.0,4.5454545
1772.0,40.0,20.0,2.0,100.0,4.347826
1773.0,0.0,20.0,2.0,100.0,100.0
1774.0,0.5,20.0,2.0,100.0,33.333332
1775.0,1.0,20.0,2.0,100.0,25.0
1776.0,2.0,20.0,2.0,100.0,33.333332
1777.0,3.0,20.0,2.0,100.0,9.090909
1778.0,5.0,20.0,2.0,100.0,16.666666
1779.0,10.0,20.0,2.0,100.0,9.090909
1780.0,20.0,20.0,2.0,100.0,4.5454545
1781.0,40.0,20.0,2.0,100.0,6.25
1782.0,0.0,20.0,2.0,100.0,100.0
1783.0,0.5,20.0,2.0,100.0,33.333332
1784.0,1.0,20.0,2.0,100.0,100.0
1785.0,2.0,20.0,2.0,100.0,25.0
1786.0,3.0,20.0,2.0,100.0,20.0
1787.0,5.0,20.0,2.0,100.0,7.142857
1788.0,10.0,20.0,2.0,100.0,10.0
1789.0,20.0,20.0,2.0,100.0,5.0
1790.0,40.0,20.0,2.0,100.0,6.6666665
1791.0,0.0,20.0,2.0,100.0,100.0
1792.0,0.5,20.0,2.0,100.0,100.0
1793.0,1.0,20.0,2.0,100.0,100.0
1794.0,2.0,20.0,2.0,100.0,7.142857
1795.0,3.0,20.0,2.0,100.0,9.090909
1796.0,5.0,20.0,2.0,100.0,9.090909
1797.0,10.0,20.0,2.0,100.0,14.285714
1798.0,20.0,20.0,2.0,100.0,5.5555553
1799.0,40.0,20.0,2.0,100.0,5.5555553
1800.0,0.0,20.0,2.0,125.0,125.0
1801.0,0.5,20.0,2.0,125.0,41.666668
1802.0,1.0,20.0,2.0,125.0,10.416667
1803.0,2.0,20.0,2.0,125.0,13.888889
1804.0,3.0,20.0,2.0,125.0,20.833334
1805.0,5.0,20.0,2.0,125.0,5.0
1806.0,10.0,20.0,2.0,125.0,6.9444447
1807.0,20.0,20.0,2.0,125.0,6.5789475
1808.0,40.0,20.0,2.0,125.0,5.4347825
1809.0,0.0,20.0,2.0,125.0,125.0
1810.0,0.5,20.0,2.0,125.0,41.666668
1811.0,1.0,20.0,2.0,125.0,125.0
1812.0,2.0,20.0,2.0,125.0,41.666668
1813.0,3.0,20.0,2.0,125.0,17.857143
1814.0,5.0,20.0,2.0,125.0,12.5
1815.0,10.0,20.0,2.0,125.0,6.5789475
1816.0,20.0,20.0,2.0,125.0,6.5789475
1817.0,40.0,20.0,2.0,125.0,5.0
1818.0,0.0,20.0,2.0,125.0,125.0
1819.0,0.5,20.0,2.0,125.0,125.0
1820.0,1.0,20.0,2.0,125.0,9.615385
1821.0,2.0,20.0,2.0,125.0,6.9444447
1822.0,3.0,20.0,2.0,125.0,11.363636
1823.0,5.0,20.0,2.0,125.0,15.625
1824.0,10.0,20.0,2.0,125.0,8.928572
1825.0,20.0,20.0,2.0,125.0,7.352941
1826.0,40.0,20.0,2.0,125.0,6.5789475
1827.0,0.0,20.0,2.0,125.0,125.0
1828.0,0.5,20.0,2.0,125.0,41.666668
1829.0,1.0,20.0,2.0,125.0,125.0
1830.0,2.0,20.0,2.0,125.0,17.857143
1831.0,3.0,20.0,2.0,125.0,25.0
1832.0,5.0,20.0,2.0,125.0,31.25
1833.0,10.0,20.0,2.0,125.0,8.333333
1834.0,20.0,20.0,2.0,125.0,5.952381
1835.0,40.0,20.0,2.0,125.0,5.0
1836.0,0.0,20.0,2.0,125.0,125.0
1837.0,0.5,20.0,2.0,125.0,125.0
1838.0,1.0,20.0,2.0,125.0,41.666668
1839.0,2.0,20.0,2.0,125.0,8.333333
1840.0,3.0,20.0,2.0,125.0,6.25
1841.0,5.0,20.0,2.0,125.0,15.625
1842.0,10.0,20.0,2.0,125.0,5.952381
1843.0,20.0,20.0,2.0,125.0,5.4347825
1844.0,40.0,20.0,2.0,125.0,5.0
1845.0,0.0,20.0,2.0,125.0,41.666668
1846.0,0.5,20.0,2.0,125.0,41.666668
1847.0,1.0,20.0,2.0,125.0,8.928572
1848.0,2.0,20.0,2.0,125.0,25.0
1849.0,3.0,20.0,2.0,125.0,17.857143
1850.0,5.0,20.0,2.0,125.0,6.9444447
1851.0,10.0,20.0,2.0,125.0,13.888889
1852.0,20.0,20.0,2.0,125.0,5.681818
1853.0,40.0,20.0,2.0,125.0,6.5789475
1854.0,0.0,20.0,2.0,125.0,125.0
1855.0,0.5,20.0,2.0,125.0,125.0
1856.0,1.0,20.0,2.0,125.0,41.666668
1857.0,2.0,20.0,2.0,125.0,5.0
1858.0,3.0,20.0,2.0,125.0,31.25
1859.0,5.0,20.0,2.0,125.0,25.0
1860.0,10.0,20.0,2.0,125.0,8.333333
1861.0,20.0,20.0,2.0,125.0,6.25
1862.0,40.0,20.0,2.0,125.0,4.6296296
1863.0,0.0,20.0,2.0,125.0,125.0
1864.0,0.5,20.0,2.0,125.0,41.666668
1865.0,1.0,20.0,2.0,125.0,31.25
1866.0,2.0,20.0,2.0,125.0,31.25
1867.0,3.0,20.0,2.0,125.0,25.0
1868.0,5.0,20.0,2.0,125.0,6.5789475
1869.0,10.0,20.0,2.0,125.0,10.416667
1870.0,20.0,20.0,2.0,125.0,8.333333
1871.0,40.0,20.0,2.0,125.0,4.6296296
1872.0,0.0,20.0,2.0,125.0,41.666668
1873.0,0.5,20.0,2.0,125.0,13.888889
1874.0,1.0,20.0,2.0,125.0,41.666668
1875.0,2.0,20.0,2.0,125.0,17.857143
1876.0,3.0,20.0,2.0,125.0,41.666668
1877.0,5.0,20.0,2.0,125.0,11.363636
1878.0,10.0,20.0,2.0,125.0,13.888889
1879.0,20.0,20.0,2.0,125.0,5.2083335
1880.0,40.0,20.0,2.0,125.0,4.8076925
1881.0,0.0,20.0,2.0,125.0,13.888889
1882.0,0.5,20.0,2.0,125.0,41.666668
1883.0,1.0,20.0,2.0,125.0,62.5
1884.0,2.0,20.0,2.0,125.0,62.5
1885.0,3.0,20.0,2.0,125.0,17.857143
1886.0,5.0,20.0,2.0,125.0,6.25
1887.0,10.0,20.0,2.0,125.0,8.928572
1888.0,20.0,20.0,2.0,125.0,6.9444447
1889.0,40.0,20.0,2.0,125.0,5.4347825
1890.0,0.0,20.0,2.0,125.0,125.0
1891.0,0.5,20.0,2.0,125.0,9.615385
1892.0,1.0,20.0,2.0,125.0,31.25
1893.0,2.0,20.0,2.0,125.0,41.666668
1894.0,3.0,20.0,2.0,125.0,6.9444447
1895.0,5.0,20.0,2.0,125.0,12.5
1896.0,10.0,20.0,2.0,125.0,6.25
1897.0,20.0,20.0,2.0,125.0,4.8076925
1898.0,40.0,20.0,2.0,125.0,4.6296296
1899.0,0.0,20.0,2.0,125.0,125.0
1900.0,0.5,20.0,2.0,125.0,13.888889
1901.0,1.0,20.0,2.0,125.0,41.666668
1902.0,2.0,20.0,2.0,125.0,13.888889
1903.0,3.0,20.0,2.0,125.0,11.363636
1904.0,5.0,20.0,2.0,125.0,25.0
1905.0,10.0,20.0,2.0,125.0,7.8125
1906.0,20.0,20.0,2.0,125.0,6.5789475
1907.0,40.0,20.0,2.0,125.0,4.6296296
1908.0,0.0,20.0,2.0,125.0,125.0
1909.0,0.5,20.0,2.0,125.0,125.0
1910.0,1.0,20.0,2.0,125.0,8.928572
1911.0,2.0,20.0,2.0,125.0,17.857143
1912.0,3.0,20.0,2.0,125.0,41.666668
1913.0,5.0,20.0,2.0,125.0,5.0
1914.0,10.0,20.0,2.0,125.0,7.8125
1915.0,20.0,20.0,2.0,125.0,5.0
1916.0,40.0,20.0,2.0,125.0,5.952381
1917.0,0.0,20.0,2.0,125.0,125.0
1918.0,0.5,20.0,2.0,125.0,31.25
1919.0,1.0,20.0,2.0,125.0,125.0
1920.0,2.0,20.0,2.0,125.0,41.666668
1921.0,3.0,20.0,2.0,125.0,20.833334
1922.0,5.0,20.0,2.0,125.0,25.0
1923.0,10.0,20.0,2.0,125.0,11.363636
1924.0,20.0,20.0,2.0,125.0,6.9444447
1925.0,40.0,20.0,2.0,125.0,5.4347825
1926.0,0.0,20.0,2.0,125.0,125.0
1927.0,0.5,20.0,2.0,125.0,11.363636
1928.0,1.0,20.0,2.0,125.0,125.0
1929.0,2.0,20.0,2.0,125.0,31.25
1930.0,3.0,20.0,2.0,125.0,12.5
1931.0,5.0,20.0,2.0,125.0,17.857143
1932.0,10.0,20.0,2.0,125.0,6.5789475
1933.0,20.0,20.0,2.0,125.0,5.0
1934.0,40.0,20.0,2.0,125.0,5.952381
1935.0,0.0,20.0,2.0,125.0,125.0
1936.0,0.5,20.0,2.0,125.0,41.666668
1937.0,1.0,20.0,2.0,125.0,41.666668
1938.0,2.0,20.0,2.0,125.0,10.416667
1939.0,3.0,20.0,2.0,125.0,12.5
1940.0,5.0,20.0,2.0,125.0,13.888889
1941.0,10.0,20.0,2.0,125.0,8.333333
1942.0,20.0,20.0,2.0,125.0,5.681818
1943.0,40.0,20.0,2.0,125.0,5.0
1944.0,0.0,20.0,2.0,125.0,125.0
1945.0,0.5,20.0,2.0,125.0,41.666668
1946.0,1.0,20.0,2.0,125.0,41.666668
1947.0,2.0,20.0,2.0,125.0,9.615385
1948.0,3.0,20.0,2.0,125.0,41.666668
1949.0,5.0,20.0,2.0,125.0,6.5789475
1950.0,10.0,20.0,2.0,125.0,4.3103447
1951.0,20.0,20.0,2.0,125.0,4.3103447
1952.0,40.0,20.0,2.0,125.0,5.4347825
1953.0,0.0,20.0,2.0,125.0,17.857143
1954.0,0.5,20.0,2.0,125.0,41.666668
1955.0,1.0,20.0,2.0,125.0,6.5789475
1956.0,2.0,20.0,2.0,125.0,125.0
1957.0,3.0,20.0,2.0,125.0,5.4347825
1958.0,5.0,20.0,2.0,125.0,15.625
1959.0,10.0,20.0,2.0,125.0,5.681818
1960.0,20.0,20.0,2.0,125.0,7.352941
1961.0,40.0,20.0,2.0,125.0,5.4347825
1962.0,0.0,20.0,2.0,125.0,125.0
1963.0,0.5,20.0,2.0,125.0,41.666668
1964.0,1.0,20.0,2.0,125.0,41.666668
1965.0,2.0,20.0,2.0,125.0,41.666668
1966.0,3.0,20.0,2.0,125.0,31.25
1967.0,5.0,20.0,2.0,125.0,17.857143
1968.0,10.0,20.0,2.0,125.0,9.615385
1969.0,20.0,20.0,2.0,125.0,5.681818
1970.0,40.0,20.0,2.0,125.0,4.3103447
1971.0,0.0,20.0,2.0,125.0,125.0
1972.0,0.5,20.0,2.0,125.0,125.0
1973.0,1.0,20.0,2.0,125.0,12.5
1974.0,2.0,20.0,2.0,125.0,4.6296296
1975.0,3.0,20.0,2.0,125.0,13.888889
1976.0,5.0,20.0,2.0,125.0,25.0
1977.0,10.0,20.0,2.0,125.0,5.0
1978.0,20.0,20.0,2.0,125.0,4.6296296
1979.0,40.0,20.0,2.0,125.0,5.0
1980.0,0.0,20.0,2.0,125.0,125.0
1981.0,0.5,20.0,2.0,125.0,25.0
1982.0,1.0,20.0,2.0,125.0,25.0
1983.0,2.0,20.0,2.0,125.0,15.625
1984.0,3.0,20.0,2.0,125.0,7.8125
1985.0,5.0,20.0,2.0,125.0,25.0
1986.0,10.0,20.0,2.0,125.0,11.363636
1987.0,20.0,20.0,2.0,125.0,5.4347825
1988.0,40.0,20.0,2.0,125.0,5.2083335
1989.0,0.0,20.0,2.0,125.0,125.0
1990.0,0.5,20.0,2.0,125.0,41.666668
1991.0,1.0,20.0,2.0,125.0,10.416667
1992.0,2.0,20.0,2.0,125.0,31.25
1993.0,3.0,20.0,2.0,125.0,17.857143
1994.0,5.0,20.0,2.0,125.0,8.928572
1995.0,10.0,20.0,2.0,125.0,5.952381
1996.0,20.0,20.0,2.0,125.0,4.3103447
1997.0,40.0,20.0,2.0,125.0,5.0
1998.0,0.0,20.0,2.0,125.0,125.0
1999.0,0.5,20.0,2.0,125.0,41.666668
2000.0,1.0,20.0,2.0,125.0,41.666668
2001.0,2.0,20.0,2.0,125.0,41.666668
2002.0,3.0,20.0,2.0,125.0,9.615385
2003.0,5.0,20.0,2.0,125.0,10.416667
2004.0,10.0,20.0,2.0,125.0,7.8125
2005.0,20.0,20.0,2.0,125.0,6.25
2006.0,40.0,20.0,2.0,125.0,6.5789475
2007.0,0.0,20.0,2.0,125.0,125.0
2008.0,0.5,20.0,2.0,125.0,12.5
2009.0,1.0,20.0,2.0,125.0,41.666668
2010.0,2.0,20.0,2.0,125.0,15.625
2011.0,3.0,20.0,2.0,125.0,41.666668
2012.0,5.0,20.0,2.0,125.0,11.363636
2013.0,10.0,20.0,2.0,125.0,13.888889
2014.0,20.0,20.0,2.0,125.0,6.9444447
2015.0,40.0,20.0,2.0,125.0,6.5789475
2016.0,0.0,20.0,2.0,125.0,125.0
2017.0,0.5,20.0,2.0,125.0,41.666668
2018.0,1.0,20.0,2.0,125.0,15.625
2019.0,2.0,20.0,2.0,125.0,41.666668
2020.0,3.0,20.0,2.0,125.0,8.333333
2021.0,5.0,20.0,2.0,125.0,15.625
2022.0,10.0,20.0,2.0,125.0,9.615385
2023.0,20.0,20.0,2.0,125.0,5.681818
2024.0,40.0,20.0,2.0,125.0,5.952381
2025.0,0.0,20.0,2.0,125.0,125.0
2026.0,0.5,20.0,2.0,125.0,125.0
2027.0,1.0,20.0,2.0,125.0,13.888889
2028.0,2.0,20.0,2.0,125.0,125.0
2029.0,3.0,20.0,2.0,125.0,5.0
2030.0,5.0,20.0,2.0,125.0,31.25
2031.0,10.0,20.0,2.0,125.0,6.5789475
2032.0,20.0,20.0,2.0,125.0,5.681818
2033.0,40.0,20.0,2.0,125.0,5.4347825
2034.0,0.0,20.0,2.0,125.0,125.0
2035.0,0.5,20.0,2.0,125.0,125.0
2036.0,1.0,20.0,2.0,125.0,41.666668
2037.0,2.0,20.0,2.0,125.0,8.333333
2038.0,3.0,20.0,2.0,125.0,6.5789475
2039.0,5.0,20.0,2.0,125.0,8.333333
2040.0,10.0,20.0,2.0,125.0,7.352941
2041.0,20.0,20.0,2.0,125.0,5.952381
2042.0,40.0,20.0,2.0,125.0,5.0
2043.0,0.0,20.0,2.0,125.0,17.857143
2044.0,0.5,20.0,2.0,125.0,125.0
2045.0,1.0,20.0,2.0,125.0,20.833334
2046.0,2.0,20.0,2.0,125.0,41.666668
2047.0,3.0,20.0,2.0,125.0,17.857143
2048.0,5.0,20.0,2.0,125.0,5.952381
2049.0,10.0,20.0,2.0,125.0,4.8076925
2050.0,20.0,20.0,2.0,125.0,7.352941
2051.0,40.0,20.0,2.0,125.0,5.0
2052.0,0.0,20.0,2.0,125.0,125.0
2053.0,0.5,20.0,2.0,125.0,125.0
2054.0,1.0,20.0,2.0,125.0,41.666668
2055.0,2.0,20.0,2.0,125.0,17.857143
2056.0,3.0,20.0,2.0,125.0,9.615385
2057.0,5.0,20.0,2.0,125.0,6.9444447
2058.0,10.0,20.0,2.0,125.0,5.952381
2059.0,20.0,20.0,2.0,125.0,5.2083335
2060.0,40.0,20.0,2.0,125.0,5.0
2061.0,0.0,20.0,2.0,125.0,9.615385
2062.0,0.5,20.0,2.0,125.0,41.666668
2063.0,1.0,20.0,2.0,125.0,41.666668
2064.0,2.0,20.0,2.0,125.0,8.928572
2065.0,3.0,20.0,2.0,125.0,9.615385
2066.0,5.0,20.0,2.0,125.0,12.5
2067.0,10.0,20.0,2.0,125.0,6.9444447
2068.0,20.0,20.0,2.0,125.0,5.0
2069.0,40.0,20.0,2.0,125.0,4.6296296
2070.0,0.0,20.0,2.0,125.0,125.0
2071.0,0.5,20.0,2.0,125.0,125.0
2072.0,1.0,20.0,2.0,125.0,6.5789475
2073.0,2.0,20.0,2.0,125.0,20.833334
2074.0,3.0,20.0,2.0,125.0,8.333333
2075.0,5.0,20.0,2.0,125.0,7.8125
2076.0,10.0,20.0,2.0,125.0,12.5
2077.0,20.0,20.0,2.0,125.0,3.90625
2078.0,40.0,20.0,2.0,125.0,5.0
2079.0,0.0,20.0,2.0,125.0,125.0
2080.0,0.5,20.0,2.0,125.0,125.0
2081.0,1.0,20.0,2.0,125.0,125.0
2082.0,2.0,20.0,2.0,125.0,25.0
2083.0,3.0,20.0,2.0,125.0,17.857143
2084.0,5.0,20.0,2.0,125.0,25.0
2085.0,10.0,20.0,2.0,125.0,7.8125
2086.0,20.0,20.0,2.0,125.0,6.5789475
2087.0,40.0,20.0,2.0,125.0,3.6764705
2088.0,0.0,20.0,2.0,125.0,125.0
2089.0,0.5,20.0,2.0,125.0,125.0
2090.0,1.0,20.0,2.0,125.0,15.625
2091.0,2.0,20.0,2.0,125.0,10.416667
2092.0,3.0,20.0,2.0,125.0,20.833334
2093.0,5.0,20.0,2.0,125.0,7.8125
2094.0,10.0,20.0,2.0,125.0,8.333333
2095.0,20.0,20.0,2.0,125.0,5.681818
2096.0,40.0,20.0,2.0,125.0,5.0
2097.0,0.0,20.0,2.0,125.0,5.952381
2098.0,0.5,20.0,2.0,125.0,41.666668
2099.0,1.0,20.0,2.0,125.0,7.8125
2100.0,2.0,20.0,2.0,125.0,31.25
2101.0,3.0,20.0,2.0,125.0,15.625
2102.0,5.0,20.0,2.0,125.0,20.833334
2103.0,10.0,20.0,2.0,125.0,5.4347825
2104.0,20.0,20.0,2.0,125.0,8.333333
2105.0,40.0,20.0,2.0,125.0,4.3103447
2106.0,0.0,20.0,2.0,125.0,125.0
2107.0,0.5,20.0,2.0,125.0,125.0
2108.0,1.0,20.0,2.0,125.0,41.666668
2109.0,2.0,20.0,2.0,125.0,41.666668
2110.0,3.0,20.0,2.0,125.0,25.0
2111.0,5.0,20.0,2.0,125.0,15.625
2112.0,10.0,20.0,2.0,125.0,5.2083335
2113.0,20.0,20.0,2.0,125.0,6.5789475
2114.0,40.0,20.0,2.0,125.0,5.0
2115.0,0.0,20.0,2.0,125.0,125.0
2116.0,0.5,20.0,2.0,125.0,125.0
2117.0,1.0,20.0,2.0,125.0,31.25
2118.0,2.0,20.0,2.0,125.0,8.333333
2119.0,3.0,20.0,2.0,125.0,12.5
2120.0,5.0,20.0,2.0,125.0,5.681818
2121.0,10.0,20.0,2.0,125.0,6.5789475
2122.0,20.0,20.0,2.0,125.0,6.9444447
2123.0,40.0,20.0,2.0,125.0,4.8076925
2124.0,0.0,20.0,2.0,125.0,125.0
2125.0,0.5,20.0,2.0,125.0,125.0
2126.0,1.0,20.0,2.0,125.0,31.25
2127.0,2.0,20.0,2.0,125.0,41.666668
2128.0,3.0,20.0,2.0,125.0,8.928572
2129.0,5.0,20.0,2.0,125.0,10.416667
2130.0,10.0,20.0,2.0,125.0,6.9444447
2131.0,20.0,20.0,2.0,125.0,5.681818
2132.0,40.0,20.0,2.0,125.0,5.4347825
2133.0,0.0,20.0,2.0,125.0,125.0
2134.0,0.5,20.0,2.0,125.0,125.0
2135.0,1.0,20.0,2.0,125.0,62.5
2136.0,2.0,20.0,2.0,125.0,7.352941
2137.0,3.0,20.0,2.0,125.0,17.857143
2138.0,5.0,20.0,2.0,125.0,8.333333
2139.0,10.0,20.0,2.0,125.0,6.9444447
2140.0,20.0,20.0,2.0,125.0,5.952381
2141.0,40.0,20.0,2.0,125.0,4.6296296
2142.0,0.0,20.0,2.0,125.0,8.333333
2143.0,0.5,20.0,2.0,125.0,17.857143
2144.0,1.0,20.0,2.0,125.0,8.928572
2145.0,2.0,20.0,2.0,125.0,20.833334
2146.0,3.0,20.0,2.0,125.0,25.0
2147.0,5.0,20.0,2.0,125.0,17.857143
2148.0,10.0,20.0,2.0,125.0,17.857143
2149.0,20.0,20.0,2.0,125.0,5.0
2150.0,40.0,20.0,2.0,125.0,5.952381
2151.0,0.0,20.0,2.0,125.0,125.0
2152.0,0.5,20.0,2.0,125.0,125.0
2153.0,1.0,20.0,2.0,125.0,13.888889
2154.0,2.0,20.0,2.0,125.0,41.666668
2155.0,3.0,20.0,2.0,125.0,8.928572
2156.0,5.0,20.0,2.0,125.0,13.888889
2157.0,10.0,20.0,2.0,125.0,8.928572
2158.0,20.0,20.0,2.0,125.0,8.333333
2159.0,40.0,20.0,2.0,125.0,5.952381
2160.0,0.0,20.0,2.0,125.0,125.0
2161.0,0.5,20.0,2.0,125.0,125.0
2162.0,1.0,20.0,2.0,125.0,125.0
2163.0,2.0,20.0,2.0,125.0,25.0
2164.0,3.0,20.0,2.0,125.0,10.416667
2165.0,5.0,20.0,2.0,125.0,12.5
2166.0,10.0,20.0,2.0,125.0,5.4347825
2167.0,20.0,20.0,2.0,125.0,7.352941
2168.0,40.0,20.0,2.0,125.0,5.952381
2169.0,0.0,20.0,2.0,125.0,6.5789475
2170.0,0.5,20.0,2.0,125.0,41.666668
2171.0,1.0,20.0,2.0,125.0,31.25
2172.0,2.0,20.0,2.0,125.0,20.833334
2173.0,3.0,20.0,2.0,125.0,10.416667
2174.0,5.0,20.0,2.0,125.0,5.0
2175.0,10.0,20.0,2.0,125.0,5.0
2176.0,20.0,20.0,2.0,125.0,5.952381
2177.0,40.0,20.0,2.0,125.0,5.952381
2178.0,0.0,20.0,2.0,125.0,25.0
2179.0,0.5,20.0,2.0,125.0,12.5
2180.0,1.0,20.0,2.0,125.0,31.25
2181.0,2.0,20.0,2.0,125.0,41.666668
2182.0,3.0,20.0,2.0,125.0,10.416667
2183.0,5.0,20.0,2.0,125.0,7.8125
2184.0,10.0,20.0,2.0,125.0,5.681818
2185.0,20.0,20.0,2.0,125.0,4.6296296
2186.0,40.0,20.0,2.0,125.0,6.9444447
2187.0,0.0,20.0,2.0,125.0,125.0
2188.0,0.5,20.0,2.0,125.0,125.0
2189.0,1.0,20.0,2.0,125.0,41.666668
2190.0,2.0,20.0,2.0,125.0,13.888889
2191.0,3.0,20.0,2.0,125.0,10.416667
2192.0,5.0,20.0,2.0,125.0,20.833334
2193.0,10.0,20.0,2.0,125.0,8.333333
2194.0,20.0,20.0,2.0,125.0,5.0
2195.0,40.0,20.0,2.0,125.0,5.0
2196.0,0.0,20.0,2.0,125.0,125.0
2197.0,0.5,20.0,2.0,125.0,125.0
2198.0,1.0,20.0,2.0,125.0,62.5
2199.0,2.0,20.0,2.0,125.0,13.888889
2200.0,3.0,20.0,2.0,125.0,12.5
2201.0,5.0,20.0,2.0,125.0,6.9444447
2202.0,10.0,20.0,2.0,125.0,6.5789475
2203.0,20.0,20.0,2.0,125.0,5.952381
2204.0,40.0,20.0,2.0,125.0,4.6296296
2205.0,0.0,20.0,2.0,125.0,125.0
2206.0,0.5,20.0,2.0,125.0,41.666668
2207.0,1.0,20.0,2.0,125.0,12.5
2208.0,2.0,20.0,2.0,125.0,62.5
2209.0,3.0,20.0,2.0,125.0,41.666668
2210.0,5.0,20.0,2.0,125.0,6.9444447
2211.0,10.0,20.0,2.0,125.0,7.8125
2212.0,20.0,20.0,2.0,125.0,5.952381
2213.0,40.0,20.0,2.0,125.0,4.6296296
2214.0,0.0,20.0,2.0,125.0,7.352941
2215.0,0.5,20.0,2.0,125.0,41.666668
2216.0,1.0,20.0,2.0,125.0,41.666668
2217.0,2.0,20.0,2.0,125.0,20.833334
2218.0,3.0,20.0,2.0,125.0,15.625
2219.0,5.0,20.0,2.0,125.0,5.4347825
2220.0,10.0,20.0,2.0,125.0,7.8125
2221.0,20.0,20.0,2.0,125.0,6.5789475
2222.0,40.0,20.0,2.0,125.0,5.0
2223.0,0.0,20.0,2.0,125.0,125.0
2224.0,0.5,20.0,2.0,125.0,41.666668
2225.0,1.0,20.0,2.0,125.0,41.666668
2226.0,2.0,20.0,2.0,125.0,7.352941
2227.0,3.0,20.0,2.0,125.0,8.333333
2228.0,5.0,20.0,2.0,125.0,6.25
2229.0,10.0,20.0,2.0,125.0,6.9444447
2230.0,20.0,20.0,2.0,125.0,6.25
2231.0,40.0,20.0,2.0,125.0,4.6296296
2232.0,0.0,20.0,2.0,125.0,125.0
2233.0,0.5,20.0,2.0,125.0,41.666668
2234.0,1.0,20.0,2.0,125.0,31.25
2235.0,2.0,20.0,2.0,125.0,125.0
2236.0,3.0,20.0,2.0,125.0,20.833334
2237.0,5.0,20.0,2.0,125.0,4.6296296
2238.0,10.0,20.0,2.0,125.0,9.615385
2239.0,20.0,20.0,2.0,125.0,5.952381
2240.0,40.0,20.0,2.0,125.0,6.25
2241.0,0.0,20.0,2.0,125.0,125.0
2242.0,0.5,20.0,2.0,125.0,125.0
2243.0,1.0,20.0,2.0,125.0,31.25
2244.0,2.0,20.0,2.0,125.0,20.833334
2245.0,3.0,20.0,2.0,125.0,13.888889
2246.0,5.0,20.0,2.0,125.0,7.8125
2247.0,10.0,20.0,2.0,125.0,5.952381
2248.0,20.0,20.0,2.0,125.0,5.0
2249.0,40.0,20.0,2.0,125.0,5.952381
2250.0,0.0,20.0,2.0,150.0,150.0
2251.0,0.5,20.0,2.0,150.0,21.428572
2252.0,1.0,20.0,2.0,150.0,50.0
2253.0,2.0,20.0,2.0,150.0,9.375
2254.0,3.0,20.0,2.0,150.0,8.823529
2255.0,5.0,20.0,2.0,150.0,5.172414
2256.0,10.0,20.0,2.0,150.0,4.5454545
2257.0,20.0,20.0,2.0,150.0,5.5555553
2258.0,40.0,20.0,2.0,150.0,4.83871
2259.0,0.0,20.0,2.0,150.0,150.0
2260.0,0.5,20.0,2.0,150.0,15.0
2261.0,1.0,20.0,2.0,150.0,12.5
2262.0,2.0,20.0,2.0,150.0,25.0
2263.0,3.0,20.0,2.0,150.0,4.5454545
2264.0,5.0,20.0,2.0,150.0,6.818182
2265.0,10.0,20.0,2.0,150.0,8.823529
2266.0,20.0,20.0,2.0,150.0,6.521739
2267.0,40.0,20.0,2.0,150.0,4.83871
2268.0,0.0,20.0,2.0,150.0,150.0
2269.0,0.5,20.0,2.0,150.0,6.521739
2270.0,1.0,20.0,2.0,150.0,9.375
2271.0,2.0,20.0,2.0,150.0,50.0
2272.0,3.0,20.0,2.0,150.0,10.714286
2273.0,5.0,20.0,2.0,150.0,5.172414
2274.0,10.0,20.0,2.0,150.0,4.285714
2275.0,20.0,20.0,2.0,150.0,6.521739
2276.0,40.0,20.0,2.0,150.0,4.5454545
2277.0,0.0,20.0,2.0,150.0,10.0
2278.0,0.5,20.0,2.0,150.0,50.0
2279.0,1.0,20.0,2.0,150.0,150.0
2280.0,2.0,20.0,2.0,150.0,13.636364
2281.0,3.0,20.0,2.0,150.0,8.333333
2282.0,5.0,20.0,2.0,150.0,7.5
2283.0,10.0,20.0,2.0,150.0,7.5
2284.0,20.0,20.0,2.0,150.0,4.83871
2285.0,40.0,20.0,2.0,150.0,5.5555553
2286.0,0.0,20.0,2.0,150.0,150.0
2287.0,0.5,20.0,2.0,150.0,150.0
2288.0,1.0,20.0,2.0,150.0,10.0
2289.0,2.0,20.0,2.0,150.0,8.823529
2290.0,3.0,20.0,2.0,150.0,12.5
2291.0,5.0,20.0,2.0,150.0,8.333333
2292.0,10.0,20.0,2.0,150.0,6.521739
2293.0,20.0,20.0,2.0,150.0,6.25
2294.0,40.0,20.0,2.0,150.0,6.0
2295.0,0.0,20.0,2.0,150.0,150.0
2296.0,0.5,20.0,2.0,150.0,7.142857
2297.0,1.0,20.0,2.0,150.0,16.666666
2298.0,2.0,20.0,2.0,150.0,37.5
2299.0,3.0,20.0,2.0,150.0,8.333333
2300.0,5.0,20.0,2.0,150.0,21.428572
2301.0,10.0,20.0,2.0,150.0,6.818182
2302.0,20.0,20.0,2.0,150.0,7.142857
2303.0,40.0,20.0,2.0,150.0,6.25
2304.0,0.0,20.0,2.0,150.0,150.0
2305.0,0.5,20.0,2.0,150.0,37.5
2306.0,1.0,20.0,2.0,150.0,150.0
2307.0,2.0,20.0,2.0,150.0,37.5
2308.0,3.0,20.0,2.0,150.0,12.5
2309.0,5.0,20.0,2.0,150.0,8.823529
2310.0,10.0,20.0,2.0,150.0,13.636364
2311.0,20.0,20.0,2.0,150.0,6.521739
2312.0,40.0,20.0,2.0,150.0,4.4117646
2313.0,0.0,20.0,2.0,150.0,150.0
2314.0,0.5,20.0,2.0,150.0,150.0
2315.0,1.0,20.0,2.0,150.0,150.0
2316.0,2.0,20.0,2.0,150.0,13.636364
2317.0,3.0,20.0,2.0,150.0,30.0
2318.0,5.0,20.0,2.0,150.0,5.5555553
2319.0,10.0,20.0,2.0,150.0,11.538462
2320.0,20.0,20.0,2.0,150.0,6.0
2321.0,40.0,20.0,2.0,150.0,5.5555553
2322.0,0.0,20.0,2.0,150.0,10.0
2323.0,0.5,20.0,2.0,150.0,13.636364
2324.0,1.0,20.0,2.0,150.0,6.25
2325.0,2.0,20.0,2.0,150.0,16.666666
2326.0,3.0,20.0,2.0,150.0,6.25
2327.0,5.0,20.0,2.0,150.0,10.714286
2328.0,10.0,20.0,2.0,150.0,6.25
2329.0,20.0,20.0,2.0,150.0,5.172414
2330.0,40.0,20.0,2.0,150.0,4.83871
2331.0,0.0,20.0,2.0,150.0,16.666666
2332.0,0.5,20.0,2.0,150.0,150.0
2333.0,1.0,20.0,2.0,150.0,50.0
2334.0,2.0,20.0,2.0,150.0,6.0
2335.0,3.0,20.0,2.0,150.0,30.0
2336.0,5.0,20.0,2.0,150.0,10.0
2337.0,10.0,20.0,2.0,150.0,7.142857
2338.0,20.0,20.0,2.0,150.0,6.25
2339.0,40.0,20.0,2.0,150.0,4.83871
2340.0,0.0,20.0,2.0,150.0,150.0
2341.0,0.5,20.0,2.0,150.0,50.0
2342.0,1.0,20.0,2.0,150.0,25.0
2343.0,2.0,20.0,2.0,150.0,50.0
2344.0,3.0,20.0,2.0,150.0,8.823529
2345.0,5.0,20.0,2.0,150.0,4.5454545
2346.0,10.0,20.0,2.0,150.0,5.769231
2347.0,20.0,20.0,2.0,150.0,5.172414
2348.0,40.0,20.0,2.0,150.0,4.83871
2349.0,0.0,20.0,2.0,150.0,150.0
2350.0,0.5,20.0,2.0,150.0,150.0
2351.0,1.0,20.0,2.0,150.0,8.333333
2352.0,2.0,20.0,2.0,150.0,7.142857
2353.0,3.0,20.0,2.0,150.0,18.75
2354.0,5.0,20.0,2.0,150.0,6.818182
2355.0,10.0,20.0,2.0,150.0,6.25
2356.0,20.0,20.0,2.0,150.0,4.5454545
2357.0,40.0,20.0,2.0,150.0,5.5555553
2358.0,0.0,20.0,2.0,150.0,150.0
2359.0,0.5,20.0,2.0,150.0,50.0
2360.0,1.0,20.0,2.0,150.0,50.0
2361.0,2.0,20.0,2.0,150.0,50.0
2362.0,3.0,20.0,2.0,150.0,50.0
2363.0,5.0,20.0,2.0,150.0,10.0
2364.0,10.0,20.0,2.0,150.0,6.818182
2365.0,20.0,20.0,2.0,150.0,6.0
2366.0,40.0,20.0,2.0,150.0,5.172414
2367.0,0.0,20.0,2.0,150.0,150.0
2368.0,0.5,20.0,2.0,150.0,13.636364
2369.0,1.0,20.0,2.0,150.0,8.823529
2370.0,2.0,20.0,2.0,150.0,7.894737
2371.0,3.0,20.0,2.0,150.0,21.428572
2372.0,5.0,20.0,2.0,150.0,7.142857
2373.0,10.0,20.0,2.0,150.0,7.894737
2374.0,20.0,20.0,2.0,150.0,5.172414
2375.0,40.0,20.0,2.0,150.0,5.0
2376.0,0.0,20.0,2.0,150.0,5.5555553
2377.0,0.5,20.0,2.0,150.0,50.0
2378.0,1.0,20.0,2.0,150.0,50.0
2379.0,2.0,20.0,2.0,150.0,18.75
2380.0,3.0,20.0,2.0,150.0,11.538462
2381.0,5.0,20.0,2.0,150.0,6.521739
2382.0,10.0,20.0,2.0,150.0,10.0
2383.0,20.0,20.0,2.0,150.0,5.357143
2384.0,40.0,20.0,2.0,150.0,5.172414
2385.0,0.0,20.0,2.0,150.0,150.0
2386.0,0.5,20.0,2.0,150.0,150.0
2387.0,1.0,20.0,2.0,150.0,50.0
2388.0,2.0,20.0,2.0,150.0,6.521739
2389.0,3.0,20.0,2.0,150.0,6.818182
2390.0,5.0,20.0,2.0,150.0,5.5555553
2391.0,10.0,20.0,2.0,150.0,7.142857
2392.0,20.0,20.0,2.0,150.0,5.5555553
2393.0,40.0,20.0,2.0,150.0,4.83871
2394.0,0.0,20.0,2.0,150.0,13.636364
2395.0,0.5,20.0,2.0,150.0,150.0
2396.0,1.0,20.0,2.0,150.0,50.0
2397.0,2.0,20.0,2.0,150.0,9.375
2398.0,3.0,20.0,2.0,150.0,37.5
2399.0,5.0,20.0,2.0,150.0,21.428572
2400.0,10.0,20.0,2.0,150.0,6.25
2401.0,20.0,20.0,2.0,150.0,5.172414
2402.0,40.0,20.0,2.0,150.0,4.5454545
2403.0,0.0,20.0,2.0,150.0,13.636364
2404.0,0.5,20.0,2.0,150.0,150.0
2405.0,1.0,20.0,2.0,150.0,50.0
2406.0,2.0,20.0,2.0,150.0,6.25
2407.0,3.0,20.0,2.0,150.0,8.823529
2408.0,5.0,20.0,2.0,150.0,37.5
2409.0,10.0,20.0,2.0,150.0,7.5
2410.0,20.0,20.0,2.0,150.0,7.894737
2411.0,40.0,20.0,2.0,150.0,6.25
2412.0,0.0,20.0,2.0,150.0,150.0
2413.0,0.5,20.0,2.0,150.0,150.0
2414.0,1.0,20.0,2.0,150.0,6.0
2415.0,2.0,20.0,2.0,150.0,50.0
2416.0,3.0,20.0,2.0,150.0,21.428572
2417.0,5.0,20.0,2.0,150.0,21.428572
2418.0,10.0,20.0,2.0,150.0,6.521739
2419.0,20.0,20.0,2.0,150.0,4.4117646
2420.0,40.0,20.0,2.0,150.0,5.172414
2421.0,0.0,20.0,2.0,150.0,13.636364
2422.0,0.5,20.0,2.0,150.0,50.0
2423.0,1.0,20.0,2.0,150.0,37.5
2424.0,2.0,20.0,2.0,150.0,150.0
2425.0,3.0,20.0,2.0,150.0,7.894737
2426.0,5.0,20.0,2.0,150.0,6.521739
2427.0,10.0,20.0,2.0,150.0,6.0
2428.0,20.0,20.0,2.0,150.0,5.5555553
2429.0,40.0,20.0,2.0,150.0,6.25
2430.0,0.0,20.0,2.0,150.0,150.0
2431.0,0.5,20.0,2.0,150.0,150.0
2432.0,1.0,20.0,2.0,150.0,50.0
2433.0,2.0,20.0,2.0,150.0,37.5
2434.0,3.0,20.0,2.0,150.0,9.375
2435.0,5.0,20.0,2.0,150.0,5.0
2436.0,10.0,20.0,2.0,150.0,10.0
2437.0,20.0,20.0,2.0,150.0,7.142857
2438.0,40.0,20.0,2.0,150.0,5.769231
2439.0,0.0,20.0,2.0,150.0,150.0
2440.0,0.5,20.0,2.0,150.0,7.894737
2441.0,1.0,20.0,2.0,150.0,9.375
2442.0,2.0,20.0,2.0,150.0,12.5
2443.0,3.0,20.0,2.0,150.0,10.714286
2444.0,5.0,20.0,2.0,150.0,7.142857
2445.0,10.0,20.0,2.0,150.0,5.769231
2446.0,20.0,20.0,2.0,150.0,5.0
2447.0,40.0,20.0,2.0,150.0,4.5454545
2448.0,0.0,20.0,2.0,150.0,13.636364
2449.0,0.5,20.0,2.0,150.0,12.5
2450.0,1.0,20.0,2.0,150.0,37.5
2451.0,2.0,20.0,2.0,150.0,11.538462
2452.0,3.0,20.0,2.0,150.0,25.0
2453.0,5.0,20.0,2.0,150.0,16.666666
2454.0,10.0,20.0,2.0,150.0,6.0
2455.0,20.0,20.0,2.0,150.0,5.5555553
2456.0,40.0,20.0,2.0,150.0,4.83871
2457.0,0.0,20.0,2.0,150.0,150.0
2458.0,0.5,20.0,2.0,150.0,150.0
2459.0,1.0,20.0,2.0,150.0,150.0
2460.0,2.0,20.0,2.0,150.0,37.5
2461.0,3.0,20.0,2.0,150.0,7.5
2462.0,5.0,20.0,2.0,150.0,13.636364
2463.0,10.0,20.0,2.0,150.0,6.818182
2464.0,20.0,20.0,2.0,150.0,4.6875
2465.0,40.0,20.0,2.0,150.0,4.6875
2466.0,0.0,20.0,2.0,150.0,150.0
2467.0,0.5,20.0,2.0,150.0,50.0
2468.0,1.0,20.0,2.0,150.0,6.0
2469.0,2.0,20.0,2.0,150.0,37.5
2470.0,3.0,20.0,2.0,150.0,6.25
2471.0,5.0,20.0,2.0,150.0,11.538462
2472.0,10.0,20.0,2.0,150.0,7.894737
2473.0,20.0,20.0,2.0,150.0,5.5555553
2474.0,40.0,20.0,2.0,150.0,4.83871
2475.0,0.0,20.0,2.0,150.0,150.0
2476.0,0.5,20.0,2.0,150.0,8.823529
2477.0,1.0,20.0,2.0,150.0,25.0
2478.0,2.0,20.0,2.0,150.0,13.636364
2479.0,3.0,20.0,2.0,150.0,16.666666
2480.0,5.0,20.0,2.0,150.0,8.823529
2481.0,10.0,20.0,2.0,150.0,4.5454545
2482.0,20.0,20.0,2.0,150.0,4.83871
2483.0,40.0,20.0,2.0,150.0,4.5454545
2484.0,0.0,20.0,2.0,150.0,150.0
2485.0,0.5,20.0,2.0,150.0,50.0
2486.0,1.0,20.0,2.0,150.0,50.0
2487.0,2.0,20.0,2.0,150.0,9.375
2488.0,3.0,20.0,2.0,150.0,9.375
2489.0,5.0,20.0,2.0,150.0,6.25
2490.0,10.0,20.0,2.0,150.0,9.375
2491.0,20.0,20.0,2.0,150.0,5.769231
2492.0,40.0,20.0,2.0,150.0,5.5555553
2493.0,0.0,20.0,2.0,150.0,50.0
2494.0,0.5,20.0,2.0,150.0,8.823529
2495.0,1.0,20.0,2.0,150.0,50.0
2496.0,2.0,20.0,2.0,150.0,13.636364
2497.0,3.0,20.0,2.0,150.0,50.0
2498.0,5.0,20.0,2.0,150.0,13.636364
2499.0,10.0,20.0,2.0,150.0,11.538462
2500.0,20.0,20.0,2.0,150.0,4.6875
2501.0,40.0,20.0,2.0,150.0,5.357143
2502.0,0.0,20.0,2.0,150.0,150.0
2503.0,0.5,20.0,2.0,150.0,50.0
2504.0,1.0,20.0,2.0,150.0,5.769231
2505.0,2.0,20.0,2.0,150.0,18.75
2506.0,3.0,20.0,2.0,150.0,30.0
2507.0,5.0,20.0,2.0,150.0,10.0
2508.0,10.0,20.0,2.0,150.0,6.521739
2509.0,20.0,20.0,2.0,150.0,5.5555553
2510.0,40.0,20.0,2.0,150.0,5.172414
2511.0,0.0,20.0,2.0,150.0,50.0
2512.0,0.5,20.0,2.0,150.0,150.0
2513.0,1.0,20.0,2.0,150.0,21.428572
2514.0,2.0,20.0,2.0,150.0,10.0
2515.0,3.0,20.0,2.0,150.0,30.0
2516.0,5.0,20.0,2.0,150.0,13.636364
2517.0,10.0,20.0,2.0,150.0,5.769231
2518.0,20.0,20.0,2.0,150.0,6.818182
2519.0,40.0,20.0,2.0,150.0,5.172414
2520.0,0.0,20.0,2.0,150.0,11.538462
2521.0,0.5,20.0,2.0,150.0,150.0
2522.0,1.0,20.0,2.0,150.0,50.0
2523.0,2.0,20.0,2.0,150.0,16.666666
2524.0,3.0,20.0,2.0,150.0,50.0
2525.0,5.0,20.0,2.0,150.0,25.0
2526.0,10.0,20.0,2.0,150.0,6.25
2527.0,20.0,20.0,2.0,150.0,6.25
2528.0,40.0,20.0,2.0,150.0,4.83871
2529.0,0.0,20.0,2.0,150.0,150.0
2530.0,0.5,20.0,2.0,150.0,50.0
2531.0,1.0,20.0,2.0,150.0,8.823529
2532.0,2.0,20.0,2.0,150.0,50.0
2533.0,3.0,20.0,2.0,150.0,8.823529
2534.0,5.0,20.0,2.0,150.0,5.5555553
2535.0,10.0,20.0,2.0,150.0,11.538462
2536.0,20.0,20.0,2.0,150.0,6.25
2537.0,40.0,20.0,2.0,150.0,5.172414
2538.0,0.0,20.0,2.0,150.0,150.0
2539.0,0.5,20.0,2.0,150.0,50.0
2540.0,1.0,20.0,2.0,150.0,6.25
2541.0,2.0,20.0,2.0,150.0,12.5
2542.0,3.0,20.0,2.0,150.0,50.0
2543.0,5.0,20.0,2.0,150.0,9.375
2544.0,10.0,20.0,2.0,150.0,8.823529
2545.0,20.0,20.0,2.0,150.0,4.6875
2546.0,40.0,20.0,2.0,150.0,4.5454545
2547.0,0.0,20.0,2.0,150.0,150.0
2548.0,0.5,20.0,2.0,150.0,50.0
2549.0,1.0,20.0,2.0,150.0,37.5
2550.0,2.0,20.0,2.0,150.0,9.375
2551.0,3.0,20.0,2.0,150.0,75.0
2552.0,5.0,20.0,2.0,150.0,7.142857
2553.0,10.0,20.0,2.0,150.0,6.818182
2554.0,20.0,20.0,2.0,150.0,5.357143
2555.0,40.0,20.0,2.0,150.0,6.0
2556.0,0.0,20.0,2.0,150.0,150.0
2557.0,0.5,20.0,2.0,150.0,150.0
2558.0,1.0,20.0,2.0,150.0,50.0
2559.0,2.0,20.0,2.0,150.0,50.0
2560.0,3.0,20.0,2.0,150.0,5.769231
2561.0,5.0,20.0,2.0,150.0,5.0
2562.0,10.0,20.0,2.0,150.0,6.818182
2563.0,20.0,20.0,2.0,150.0,5.357143
2564.0,40.0,20.0,2.0,150.0,5.172414
2565.0,0.0,20.0,2.0,150.0,150.0
2566.0,0.5,20.0,2.0,150.0,50.0
2567.0,1.0,20.0,2.0,150.0,50.0
2568.0,2.0,20.0,2.0,150.0,10.0
2569.0,3.0,20.0,2.0,150.0,16.666666
2570.0,5.0,20.0,2.0,150.0,7.894737
2571.0,10.0,20.0,2.0,150.0,5.769231
2572.0,20.0,20.0,2.0,150.0,5.5555553
2573.0,40.0,20.0,2.0,150.0,5.5555553
2574.0,0.0,20.0,2.0,150.0,150.0
2575.0,0.5,20.0,2.0,150.0,10.0
2576.0,1.0,20.0,2.0,150.0,25.0
2577.0,2.0,20.0,2.0,150.0,37.5
2578.0,3.0,20.0,2.0,150.0,25.0
2579.0,5.0,20.0,2.0,150.0,7.142857
2580.0,10.0,20.0,2.0,150.0,6.818182
2581.0,20.0,20.0,2.0,150.0,5.357143
2582.0,40.0,20.0,2.0,150.0,4.83871
2583.0,0.0,20.0,2.0,150.0,150.0
2584.0,0.5,20.0,2.0,150.0,50.0
2585.0,1.0,20.0,2.0,150.0,30.0
2586.0,2.0,20.0,2.0,150.0,37.5
2587.0,3.0,20.0,2.0,150.0,18.75
2588.0,5.0,20.0,2.0,150.0,16.666666
2589.0,10.0,20.0,2.0,150.0,10.0
2590.0,20.0,20.0,2.0,150.0,4.83871
2591.0,40.0,20.0,2.0,150.0,4.285714
2592.0,0.0,20.0,2.0,150.0,150.0
2593.0,0.5,20.0,2.0,150.0,37.5
2594.0,1.0,20.0,2.0,150.0,15.0
2595.0,2.0,20.0,2.0,150.0,5.5555553
2596.0,3.0,20.0,2.0,150.0,9.375
2597.0,5.0,20.0,2.0,150.0,5.769231
2598.0,10.0,20.0,2.0,150.0,9.375
2599.0,20.0,20.0,2.0,150.0,5.769231
2600.0,40.0,20.0,2.0,150.0,4.6875
2601.0,0.0,20.0,2.0,150.0,6.521739
2602.0,0.5,20.0,2.0,150.0,50.0
2603.0,1.0,20.0,2.0,150.0,150.0
2604.0,2.0,20.0,2.0,150.0,25.0
2605.0,3.0,20.0,2.0,150.0,16.666666
2606.0,5.0,20.0,2.0,150.0,13.636364
2607.0,10.0,20.0,2.0,150.0,9.375
2608.0,20.0,20.0,2.0,150.0,5.769231
2609.0,40.0,20.0,2.0,150.0,4.6875
2610.0,0.0,20.0,2.0,150.0,150.0
2611.0,0.5,20.0,2.0,150.0,50.0
2612.0,1.0,20.0,2.0,150.0,50.0
2613.0,2.0,20.0,2.0,150.0,15.0
2614.0,3.0,20.0,2.0,150.0,30.0
2615.0,5.0,20.0,2.0,150.0,6.25
2616.0,10.0,20.0,2.0,150.0,8.333333
2617.0,20.0,20.0,2.0,150.0,5.172414
2618.0,40.0,20.0,2.0,150.0,4.83871
2619.0,0.0,20.0,2.0,150.0,5.5555553
2620.0,0.5,20.0,2.0,150.0,10.0
2621.0,1.0,20.0,2.0,150.0,37.5
2622.0,2.0,20.0,2.0,150.0,25.0
2623.0,3.0,20.0,2.0,150.0,7.142857
2624.0,5.0,20.0,2.0,150.0,16.666666
2625.0,10.0,20.0,2.0,150.0,10.0
2626.0,20.0,20.0,2.0,150.0,6.521739
2627.0,40.0,20.0,2.0,150.0,5.172414
2628.0,0.0,20.0,2.0,150.0,150.0
2629.0,0.5,20.0,2.0,150.0,50.0
2630.0,1.0,20.0,2.0,150.0,50.0
2631.0,2.0,20.0,2.0,150.0,8.333333
2632.0,3.0,20.0,2.0,150.0,37.5
2633.0,5.0,20.0,2.0,150.0,11.538462
2634.0,10.0,20.0,2.0,150.0,7.5
2635.0,20.0,20.0,2.0,150.0,4.6875
2636.0,40.0,20.0,2.0,150.0,6.0
2637.0,0.0,20.0,2.0,150.0,150.0
2638.0,0.5,20.0,2.0,150.0,150.0
2639.0,1.0,20.0,2.0,150.0,25.0
2640.0,2.0,20.0,2.0,150.0,16.666666
2641.0,3.0,20.0,2.0,150.0,50.0
2642.0,5.0,20.0,2.0,150.0,4.83871
2643.0,10.0,20.0,2.0,150.0,6.25
2644.0,20.0,20.0,2.0,150.0,5.172414
2645.0,40.0,20.0,2.0,150.0,6.0
2646.0,0.0,20.0,2.0,150.0,150.0
2647.0,0.5,20.0,2.0,150.0,8.333333
2648.0,1.0,20.0,2.0,150.0,50.0
2649.0,2.0,20.0,2.0,150.0,37.5
2650.0,3.0,20.0,2.0,150.0,9.375
2651.0,5.0,20.0,2.0,150.0,6.0
2652.0,10.0,20.0,2.0,150.0,10.714286
2653.0,20.0,20.0,2.0,150.0,5.357143
2654.0,40.0,20.0,2.0,150.0,4.83871
2655.0,0.0,20.0,2.0,150.0,150.0
2656.0,0.5,20.0,2.0,150.0,37.5
2657.0,1.0,20.0,2.0,150.0,8.333333
2658.0,2.0,20.0,2.0,150.0,15.0
2659.0,3.0,20.0,2.0,150.0,50.0
2660.0,5.0,20.0,2.0,150.0,15.0
2661.0,10.0,20.0,2.0,150.0,7.894737
2662.0,20.0,20.0,2.0,150.0,4.83871
2663.0,40.0,20.0,2.0,150.0,5.5555553
2664.0,0.0,20.0,2.0,150.0,150.0
2665.0,0.5,20.0,2.0,150.0,50.0
2666.0,1.0,20.0,2.0,150.0,37.5
2667.0,2.0,20.0,2.0,150.0,12.5
2668.0,3.0,20.0,2.0,150.0,10.714286
2669.0,5.0,20.0,2.0,150.0,5.0
2670.0,10.0,20.0,2.0,150.0,4.5454545
2671.0,20.0,20.0,2.0,150.0,5.5555553
2672.0,40.0,20.0,2.0,150.0,4.6875
2673.0,0.0,20.0,2.0,150.0,150.0
2674.0,0.5,20.0,2.0,150.0,150.0
2675.0,1.0,20.0,2.0,150.0,13.636364
2676.0,2.0,20.0,2.0,150.0,15.0
2677.0,3.0,20.0,2.0,150.0,15.0
2678.0,5.0,20.0,2.0,150.0,6.818182
2679.0,10.0,20.0,2.0,150.0,8.333333
2680.0,20.0,20.0,2.0,150.0,5.172414
2681.0,40.0,20.0,2.0,150.0,5.172414
2682.0,0.0,20.0,2.0,150.0,150.0
2683.0,0.5,20.0,2.0,150.0,150.0
2684.0,1.0,20.0,2.0,150.0,50.0
2685.0,2.0,20.0,2.0,150.0,16.666666
2686.0,3.0,20.0,2.0,150.0,6.818182
2687.0,5.0,20.0,2.0,150.0,10.0
2688.0,10.0,20.0,2.0,150.0,4.6875
2689.0,20.0,20.0,2.0,150.0,6.25
2690.0,40.0,20.0,2.0,150.0,4.4117646
2691.0,0.0,20.0,2.0,150.0,150.0
2692.0,0.5,20.0,2.0,150.0,50.0
2693.0,1.0,20.0,2.0,150.0,37.5
2694.0,2.0,20.0,2.0,150.0,15.0
2695.0,3.0,20.0,2.0,150.0,7.5
2696.0,5.0,20.0,2.0,150.0,30.0
2697.0,10.0,20.0,2.0,150.0,7.5
2698.0,20.0,20.0,2.0,150.0,6.0
2699.0,40.0,20.0,2.0,150.0,5.5555553
2700.0,0.0,20.0,2.0,175.0,175.0
2701.0,0.5,20.0,2.0,175.0,15.909091
2702.0,1.0,20.0,2.0,175.0,87.5
2703.0,2.0,20.0,2.0,175.0,19.444445
2704.0,3.0,20.0,2.0,175.0,6.730769
2705.0,5.0,20.0,2.0,175.0,5.8333335
2706.0,10.0,20.0,2.0,175.0,5.8333335
2707.0,20.0,20.0,2.0,175.0,5.645161
2708.0,40.0,20.0,2.0,175.0,5.147059
2709.0,0.0,20.0,2.0,175.0,10.294118
2710.0,0.5,20.0,2.0,175.0,175.0
2711.0,1.0,20.0,2.0,175.0,43.75
2712.0,2.0,20.0,2.0,175.0,17.5
2713.0,3.0,20.0,2.0,175.0,35.0
2714.0,5.0,20.0,2.0,175.0,21.875
2715.0,10.0,20.0,2.0,175.0,9.210526
2716.0,20.0,20.0,2.0,175.0,6.25
2717.0,40.0,20.0,2.0,175.0,5.3030305
2718.0,0.0,20.0,2.0,175.0,8.333333
2719.0,0.5,20.0,2.0,175.0,43.75
2720.0,1.0,20.0,2.0,175.0,58.333332
2721.0,2.0,20.0,2.0,175.0,8.75
2722.0,3.0,20.0,2.0,175.0,8.333333
2723.0,5.0,20.0,2.0,175.0,6.25
2724.0,10.0,20.0,2.0,175.0,5.147059
2725.0,20.0,20.0,2.0,175.0,5.46875
2726.0,40.0,20.0,2.0,175.0,5.147059
2727.0,0.0,20.0,2.0,175.0,175.0
2728.0,0.5,20.0,2.0,175.0,175.0
2729.0,1.0,20.0,2.0,175.0,58.333332
2730.0,2.0,20.0,2.0,175.0,25.0
2731.0,3.0,20.0,2.0,175.0,10.9375
2732.0,5.0,20.0,2.0,175.0,7.9545455
2733.0,10.0,20.0,2.0,175.0,6.730769
2734.0,20.0,20.0,2.0,175.0,6.730769
2735.0,40.0,20.0,2.0,175.0,5.0
2736.0,0.0,20.0,2.0,175.0,175.0
2737.0,0.5,20.0,2.0,175.0,5.645161
2738.0,1.0,20.0,2.0,175.0,43.75
2739.0,2.0,20.0,2.0,175.0,10.294118
2740.0,3.0,20.0,2.0,175.0,5.8333335
2741.0,5.0,20.0,2.0,175.0,4.4871793
2742.0,10.0,20.0,2.0,175.0,7.0
2743.0,20.0,20.0,2.0,175.0,5.0
2744.0,40.0,20.0,2.0,175.0,5.0
2745.0,0.0,20.0,2.0,175.0,175.0
2746.0,0.5,20.0,2.0,175.0,58.333332
2747.0,1.0,20.0,2.0,175.0,58.333332
2748.0,2.0,20.0,2.0,175.0,6.730769
2749.0,3.0,20.0,2.0,175.0,5.645161
2750.0,5.0,20.0,2.0,175.0,7.9545455
2751.0,10.0,20.0,2.0,175.0,6.034483
2752.0,20.0,20.0,2.0,175.0,5.147059
2753.0,40.0,20.0,2.0,175.0,5.0
2754.0,0.0,20.0,2.0,175.0,175.0
2755.0,0.5,20.0,2.0,175.0,19.444445
2756.0,1.0,20.0,2.0,175.0,7.0
2757.0,2.0,20.0,2.0,175.0,8.333333
2758.0,3.0,20.0,2.0,175.0,43.75
2759.0,5.0,20.0,2.0,175.0,5.645161
2760.0,10.0,20.0,2.0,175.0,5.3030305
2761.0,20.0,20.0,2.0,175.0,5.3030305
2762.0,40.0,20.0,2.0,175.0,5.3030305
2763.0,0.0,20.0,2.0,175.0,10.294118
2764.0,0.5,20.0,2.0,175.0,175.0
2765.0,1.0,20.0,2.0,175.0,35.0
2766.0,2.0,20.0,2.0,175.0,21.875
2767.0,3.0,20.0,2.0,175.0,6.4814816
2768.0,5.0,20.0,2.0,175.0,7.6086955
2769.0,10.0,20.0,2.0,175.0,6.034483
2770.0,20.0,20.0,2.0,175.0,6.730769
2771.0,40.0,20.0,2.0,175.0,4.7297297
2772.0,0.0,20.0,2.0,175.0,175.0
2773.0,0.5,20.0,2.0,175.0,58.333332
2774.0,1.0,20.0,2.0,175.0,21.875
2775.0,2.0,20.0,2.0,175.0,8.75
2776.0,3.0,20.0,2.0,175.0,17.5
2777.0,5.0,20.0,2.0,175.0,5.645161
2778.0,10.0,20.0,2.0,175.0,10.294118
2779.0,20.0,20.0,2.0,175.0,6.034483
2780.0,40.0,20.0,2.0,175.0,5.0
2781.0,0.0,20.0,2.0,175.0,25.0
2782.0,0.5,20.0,2.0,175.0,175.0
2783.0,1.0,20.0,2.0,175.0,21.875
2784.0,2.0,20.0,2.0,175.0,29.166666
2785.0,3.0,20.0,2.0,175.0,11.666667
2786.0,5.0,20.0,2.0,175.0,7.0
2787.0,10.0,20.0,2.0,175.0,4.605263
2788.0,20.0,20.0,2.0,175.0,6.4814816
2789.0,40.0,20.0,2.0,175.0,5.0
2790.0,0.0,20.0,2.0,175.0,175.0
2791.0,0.5,20.0,2.0,175.0,10.294118
2792.0,1.0,20.0,2.0,175.0,14.583333
2793.0,2.0,20.0,2.0,175.0,35.0
2794.0,3.0,20.0,2.0,175.0,9.722222
2795.0,5.0,20.0,2.0,175.0,7.0
2796.0,10.0,20.0,2.0,175.0,6.034483
2797.0,20.0,20.0,2.0,175.0,5.3030305
2798.0,40.0,20.0,2.0,175.0,5.3030305
2799.0,0.0,20.0,2.0,175.0,175.0
2800.0,0.5,20.0,2.0,175.0,58.333332
2801.0,1.0,20.0,2.0,175.0,58.333332
2802.0,2.0,20.0,2.0,175.0,6.034483
2803.0,3.0,20.0,2.0,175.0,7.9545455
2804.0,5.0,20.0,2.0,175.0,6.034483
2805.0,10.0,20.0,2.0,175.0,7.9545455
2806.0,20.0,20.0,2.0,175.0,6.034483
2807.0,40.0,20.0,2.0,175.0,5.0
2808.0,0.0,20.0,2.0,175.0,175.0
2809.0,0.5,20.0,2.0,175.0,58.333332
2810.0,1.0,20.0,2.0,175.0,9.210526
2811.0,2.0,20.0,2.0,175.0,9.210526
2812.0,3.0,20.0,2.0,175.0,35.0
2813.0,5.0,20.0,2.0,175.0,6.4814816
2814.0,10.0,20.0,2.0,175.0,10.294118
2815.0,20.0,20.0,2.0,175.0,6.4814816
2816.0,40.0,20.0,2.0,175.0,6.034483
2817.0,0.0,20.0,2.0,175.0,175.0
2818.0,0.5,20.0,2.0,175.0,10.294118
2819.0,1.0,20.0,2.0,175.0,43.75
2820.0,2.0,20.0,2.0,175.0,12.5
2821.0,3.0,20.0,2.0,175.0,19.444445
2822.0,5.0,20.0,2.0,175.0,7.6086955
2823.0,10.0,20.0,2.0,175.0,6.034483
2824.0,20.0,20.0,2.0,175.0,5.0
2825.0,40.0,20.0,2.0,175.0,4.7297297
2826.0,0.0,20.0,2.0,175.0,175.0
2827.0,0.5,20.0,2.0,175.0,175.0
2828.0,1.0,20.0,2.0,175.0,17.5
2829.0,2.0,20.0,2.0,175.0,58.333332
2830.0,3.0,20.0,2.0,175.0,6.730769
2831.0,5.0,20.0,2.0,175.0,8.75
2832.0,10.0,20.0,2.0,175.0,7.9545455
2833.0,20.0,20.0,2.0,175.0,5.46875
2834.0,40.0,20.0,2.0,175.0,5.3030305
2835.0,0.0,20.0,2.0,175.0,175.0
2836.0,0.5,20.0,2.0,175.0,58.333332
2837.0,1.0,20.0,2.0,175.0,58.333332
2838.0,2.0,20.0,2.0,175.0,29.166666
2839.0,3.0,20.0,2.0,175.0,6.25
2840.0,5.0,20.0,2.0,175.0,11.666667
2841.0,10.0,20.0,2.0,175.0,7.6086955
2842.0,20.0,20.0,2.0,175.0,5.645161
2843.0,40.0,20.0,2.0,175.0,4.7297297
2844.0,0.0,20.0,2.0,175.0,175.0
2845.0,0.5,20.0,2.0,175.0,7.0
2846.0,1.0,20.0,2.0,175.0,14.583333
2847.0,2.0,20.0,2.0,175.0,29.166666
2848.0,3.0,20.0,2.0,175.0,58.333332
2849.0,5.0,20.0,2.0,175.0,8.333333
2850.0,10.0,20.0,2.0,175.0,5.645161
2851.0,20.0,20.0,2.0,175.0,7.0
2852.0,40.0,20.0,2.0,175.0,5.0
2853.0,0.0,20.0,2.0,175.0,175.0
2854.0,0.5,20.0,2.0,175.0,58.333332
2855.0,1.0,20.0,2.0,175.0,35.0
2856.0,2.0,20.0,2.0,175.0,58.333332
2857.0,3.0,20.0,2.0,175.0,29.166666
2858.0,5.0,20.0,2.0,175.0,29.166666
2859.0,10.0,20.0,2.0,175.0,6.25
2860.0,20.0,20.0,2.0,175.0,4.861111
2861.0,40.0,20.0,2.0,175.0,5.3030305
2862.0,0.0,20.0,2.0,175.0,175.0
2863.0,0.5,20.0,2.0,175.0,58.333332
2864.0,1.0,20.0,2.0,175.0,58.333332
2865.0,2.0,20.0,2.0,175.0,12.5
2866.0,3.0,20.0,2.0,175.0,25.0
2867.0,5.0,20.0,2.0,175.0,5.3030305
2868.0,10.0,20.0,2.0,175.0,7.2916665
2869.0,20.0,20.0,2.0,175.0,5.147059
2870.0,40.0,20.0,2.0,175.0,5.645161
2871.0,0.0,20.0,2.0,175.0,175.0
2872.0,0.5,20.0,2.0,175.0,43.75
2873.0,1.0,20.0,2.0,175.0,7.0
2874.0,2.0,20.0,2.0,175.0,21.875
2875.0,3.0,20.0,2.0,175.0,7.6086955
2876.0,5.0,20.0,2.0,175.0,25.0
2877.0,10.0,20.0,2.0,175.0,6.25
2878.0,20.0,20.0,2.0,175.0,5.0
2879.0,40.0,20.0,2.0,175.0,5.645161
2880.0,0.0,20.0,2.0,175.0,175.0
2881.0,0.5,20.0,2.0,175.0,6.730769
2882.0,1.0,20.0,2.0,175.0,6.4814816
2883.0,2.0,20.0,2.0,175.0,6.034483
2884.0,3.0,20.0,2.0,175.0,17.5
2885.0,5.0,20.0,2.0,175.0,8.333333
2886.0,10.0,20.0,2.0,175.0,7.0
2887.0,20.0,20.0,2.0,175.0,4.605263
2888.0,40.0,20.0,2.0,175.0,4.4871793
2889.0,0.0,20.0,2.0,175.0,175.0
2890.0,0.5,20.0,2.0,175.0,58.333332
2891.0,1.0,20.0,2.0,175.0,58.333332
2892.0,2.0,20.0,2.0,175.0,43.75
2893.0,3.0,20.0,2.0,175.0,13.461538
2894.0,5.0,20.0,2.0,175.0,7.2916665
2895.0,10.0,20.0,2.0,175.0,7.0
2896.0,20.0,20.0,2.0,175.0,6.4814816
2897.0,40.0,20.0,2.0,175.0,5.3030305
2898.0,0.0,20.0,2.0,175.0,175.0
2899.0,0.5,20.0,2.0,175.0,9.210526
2900.0,1.0,20.0,2.0,175.0,29.166666
2901.0,2.0,20.0,2.0,175.0,58.333332
2902.0,3.0,20.0,2.0,175.0,7.6086955
2903.0,5.0,20.0,2.0,175.0,7.6086955
2904.0,10.0,20.0,2.0,175.0,6.25
2905.0,20.0,20.0,2.0,175.0,5.645161
2906.0,40.0,20.0,2.0,175.0,6.25
2907.0,0.0,20.0,2.0,175.0,25.0
2908.0,0.5,20.0,2.0,175.0,175.0
2909.0,1.0,20.0,2.0,175.0,58.333332
2910.0,2.0,20.0,2.0,175.0,7.9545455
2911.0,3.0,20.0,2.0,175.0,43.75
2912.0,5.0,20.0,2.0,175.0,21.875
2913.0,10.0,20.0,2.0,175.0,6.4814816
2914.0,20.0,20.0,2.0,175.0,5.3030305
2915.0,40.0,20.0,2.0,175.0,4.861111
2916.0,0.0,20.0,2.0,175.0,175.0
2917.0,0.5,20.0,2.0,175.0,15.909091
2918.0,1.0,20.0,2.0,175.0,29.166666
2919.0,2.0,20.0,2.0,175.0,14.583333
2920.0,3.0,20.0,2.0,175.0,13.461538
2921.0,5.0,20.0,2.0,175.0,6.25
2922.0,10.0,20.0,2.0,175.0,5.46875
2923.0,20.0,20.0,2.0,175.0,5.46875
2924.0,40.0,20.0,2.0,175.0,5.147059
2925.0,0.0,20.0,2.0,175.0,175.0
2926.0,0.5,20.0,2.0,175.0,9.210526
2927.0,1.0,20.0,2.0,175.0,13.461538
2928.0,2.0,20.0,2.0,175.0,87.5
2929.0,3.0,20.0,2.0,175.0,35.0
2930.0,5.0,20.0,2.0,175.0,6.730769
2931.0,10.0,20.0,2.0,175.0,5.645161
2932.0,20.0,20.0,2.0,175.0,5.645161
2933.0,40.0,20.0,2.0,175.0,5.645161
2934.0,0.0,20.0,2.0,175.0,175.0
2935.0,0.5,20.0,2.0,175.0,58.333332
2936.0,1.0,20.0,2.0,175.0,29.166666
2937.0,2.0,20.0,2.0,175.0,7.9545455
2938.0,3.0,20.0,2.0,175.0,21.875
2939.0,5.0,20.0,2.0,175.0,19.444445
2940.0,10.0,20.0,2.0,175.0,7.2916665
2941.0,20.0,20.0,2.0,175.0,4.861111
2942.0,40.0,20.0,2.0,175.0,5.645161
2943.0,0.0,20.0,2.0,175.0,19.444445
2944.0,0.5,20.0,2.0,175.0,29.166666
2945.0,1.0,20.0,2.0,175.0,58.333332
2946.0,2.0,20.0,2.0,175.0,7.6086955
2947.0,3.0,20.0,2.0,175.0,7.9545455
2948.0,5.0,20.0,2.0,175.0,12.5
2949.0,10.0,20.0,2.0,175.0,5.3030305
2950.0,20.0,20.0,2.0,175.0,5.0
2951.0,40.0,20.0,2.0,175.0,4.861111
2952.0,0.0,20.0,2.0,175.0,25.0
2953.0,0.5,20.0,2.0,175.0,12.5
2954.0,1.0,20.0,2.0,175.0,8.333333
2955.0,2.0,20.0,2.0,175.0,11.666667
2956.0,3.0,20.0,2.0,175.0,7.2916665
2957.0,5.0,20.0,2.0,175.0,9.722222
2958.0,10.0,20.0,2.0,175.0,4.605263
2959.0,20.0,20.0,2.0,175.0,6.4814816
2960.0,40.0,20.0,2.0,175.0,4.861111
2961.0,0.0,20.0,2.0,175.0,175.0
2962.0,0.5,20.0,2.0,175.0,58.333332
2963.0,1.0,20.0,2.0,175.0,87.5
2964.0,2.0,20.0,2.0,175.0,6.034483
2965.0,3.0,20.0,2.0,175.0,7.6086955
2966.0,5.0,20.0,2.0,175.0,8.333333
2967.0,10.0,20.0,2.0,175.0,5.645161
2968.0,20.0,20.0,2.0,175.0,5.46875
2969.0,40.0,20.0,2.0,175.0,6.034483
2970.0,0.0,20.0,2.0,175.0,58.333332
2971.0,0.5,20.0,2.0,175.0,58.333332
2972.0,1.0,20.0,2.0,175.0,58.333332
2973.0,2.0,20.0,2.0,175.0,21.875
2974.0,3.0,20.0,2.0,175.0,4.7297297
2975.0,5.0,20.0,2.0,175.0,6.034483
2976.0,10.0,20.0,2.0,175.0,5.147059
2977.0,20.0,20.0,2.0,175.0,6.034483
2978.0,40.0,20.0,2.0,175.0,6.034483
2979.0,0.0,20.0,2.0,175.0,7.0
2980.0,0.5,20.0,2.0,175.0,58.333332
2981.0,1.0,20.0,2.0,175.0,29.166666
2982.0,2.0,20.0,2.0,175.0,14.583333
2983.0,3.0,20.0,2.0,175.0,5.645161
2984.0,5.0,20.0,2.0,175.0,7.0
2985.0,10.0,20.0,2.0,175.0,6.4814816
2986.0,20.0,20.0,2.0,175.0,5.46875
2987.0,40.0,20.0,2.0,175.0,6.034483
2988.0,0.0,20.0,2.0,175.0,19.444445
2989.0,0.5,20.0,2.0,175.0,12.5
2990.0,1.0,20.0,2.0,175.0,43.75
2991.0,2.0,20.0,2.0,175.0,58.333332
2992.0,3.0,20.0,2.0,175.0,15.909091
2993.0,5.0,20.0,2.0,175.0,10.9375
2994.0,10.0,20.0,2.0,175.0,7.6086955
2995.0,20.0,20.0,2.0,175.0,5.8333335
2996.0,40.0,20.0,2.0,175.0,6.034483
2997.0,0.0,20.0,2.0,175.0,175.0
2998.0,0.5,20.0,2.0,175.0,12.5
2999.0,1.0,20.0,2.0,175.0,35.0
3000.0,2.0,20.0,2.0,175.0,10.9375
3001.0,3.0,20.0,2.0,175.0,6.4814816
3002.0,5.0,20.0,2.0,175.0,5.46875
3003.0,10.0,20.0,2.0,175.0,6.25
3004.0,20.0,20.0,2.0,175.0,5.46875
3005.0,40.0,20.0,2.0,175.0,5.147059
3006.0,0.0,20.0,2.0,175.0,175.0
3007.0,0.5,20.0,2.0,175.0,58.333332
3008.0,1.0,20.0,2.0,175.0,58.333332
3009.0,2.0,20.0,2.0,175.0,7.2916665
3010.0,3.0,20.0,2.0,175.0,7.6086955
3011.0,5.0,20.0,2.0,175.0,19.444445
3012.0,10.0,20.0,2.0,175.0,6.4814816
3013.0,20.0,20.0,2.0,175.0,5.645161
3014.0,40.0,20.0,2.0,175.0,5.0
3015.0,0.0,20.0,2.0,175.0,175.0
3016.0,0.5,20.0,2.0,175.0,58.333332
3017.0,1.0,20.0,2.0,175.0,43.75
3018.0,2.0,20.0,2.0,175.0,10.294118
3019.0,3.0,20.0,2.0,175.0,29.166666
3020.0,5.0,20.0,2.0,175.0,12.5
3021.0,10.0,20.0,2.0,175.0,7.6086955
3022.0,20.0,20.0,2.0,175.0,4.7297297
3023.0,40.0,20.0,2.0,175.0,4.605263
3024.0,0.0,20.0,2.0,175.0,175.0
3025.0,0.5,20.0,2.0,175.0,58.333332
3026.0,1.0,20.0,2.0,175.0,175.0
3027.0,2.0,20.0,2.0,175.0,6.4814816
3028.0,3.0,20.0,2.0,175.0,8.75
3029.0,5.0,20.0,2.0,175.0,11.666667
3030.0,10.0,20.0,2.0,175.0,5.3030305
3031.0,20.0,20.0,2.0,175.0,5.8333335
3032.0,40.0,20.0,2.0,175.0,4.4871793
3033.0,0.0,20.0,2.0,175.0,175.0
3034.0,0.5,20.0,2.0,175.0,175.0
3035.0,1.0,20.0,2.0,175.0,43.75
3036.0,2.0,20.0,2.0,175.0,43.75
3037.0,3.0,20.0,2.0,175.0,8.333333
3038.0,5.0,20.0,2.0,175.0,7.0
3039.0,10.0,20.0,2.0,175.0,6.4814816
3040.0,20.0,20.0,2.0,175.0,5.3030305
3041.0,40.0,20.0,2.0,175.0,5.3030305
3042.0,0.0,20.0,2.0,175.0,7.0
3043.0,0.5,20.0,2.0,175.0,58.333332
3044.0,1.0,20.0,2.0,175.0,58.333332
3045.0,2.0,20.0,2.0,175.0,8.75
3046.0,3.0,20.0,2.0,175.0,11.666667
3047.0,5.0,20.0,2.0,175.0,7.2916665
3048.0,10.0,20.0,2.0,175.0,7.0
3049.0,20.0,20.0,2.0,175.0,4.861111
3050.0,40.0,20.0,2.0,175.0,5.46875
3051.0,0.0,20.0,2.0,175.0,175.0
3052.0,0.5,20.0,2.0,175.0,58.333332
3053.0,1.0,20.0,2.0,175.0,58.333332
3054.0,2.0,20.0,2.0,175.0,25.0
3055.0,3.0,20.0,2.0,175.0,12.5
3056.0,5.0,20.0,2.0,175.0,9.210526
3057.0,10.0,20.0,2.0,175.0,7.0
3058.0,20.0,20.0,2.0,175.0,6.25
3059.0,40.0,20.0,2.0,175.0,5.3030305
3060.0,0.0,20.0,2.0,175.0,175.0
3061.0,0.5,20.0,2.0,175.0,175.0
3062.0,1.0,20.0,2.0,175.0,87.5
3063.0,2.0,20.0,2.0,175.0,58.333332
3064.0,3.0,20.0,2.0,175.0,21.875
3065.0,5.0,20.0,2.0,175.0,17.5
3066.0,10.0,20.0,2.0,175.0,8.333333
3067.0,20.0,20.0,2.0,175.0,5.0
3068.0,40.0,20.0,2.0,175.0,5.0
3069.0,0.0,20.0,2.0,175.0,13.461538
3070.0,0.5,20.0,2.0,175.0,58.333332
3071.0,1.0,20.0,2.0,175.0,25.0
3072.0,2.0,20.0,2.0,175.0,8.75
3073.0,3.0,20.0,2.0,175.0,8.333333
3074.0,5.0,20.0,2.0,175.0,8.333333
3075.0,10.0,20.0,2.0,175.0,9.210526
3076.0,20.0,20.0,2.0,175.0,5.0
3077.0,40.0,20.0,2.0,175.0,5.3030305
3078.0,0.0,20.0,2.0,175.0,58.333332
3079.0,0.5,20.0,2.0,175.0,5.0
3080.0,1.0,20.0,2.0,175.0,58.333332
3081.0,2.0,20.0,2.0,175.0,29.166666
3082.0,3.0,20.0,2.0,175.0,35.0
3083.0,5.0,20.0,2.0,175.0,5.0
3084.0,10.0,20.0,2.0,175.0,7.2916665
3085.0,20.0,20.0,2.0,175.0,6.034483
3086.0,40.0,20.0,2.0,175.0,5.645161
3087.0,0.0,20.0,2.0,175.0,11.666667
3088.0,0.5,20.0,2.0,175.0,58.333332
3089.0,1.0,20.0,2.0,175.0,7.0
3090.0,2.0,20.0,2.0,175.0,11.666667
3091.0,3.0,20.0,2.0,175.0,7.9545455
3092.0,5.0,20.0,2.0,175.0,6.4814816
3093.0,10.0,20.0,2.0,175.0,5.147059
3094.0,20.0,20.0,2.0,175.0,5.3030305
3095.0,40.0,20.0,2.0,175.0,5.0
3096.0,0.0,20.0,2.0,175.0,175.0
3097.0,0.5,20.0,2.0,175.0,19.444445
3098.0,1.0,20.0,2.0,175.0,12.5
3099.0,2.0,20.0,2.0,175.0,13.461538
3100.0,3.0,20.0,2.0,175.0,6.4814816
3101.0,5.0,20.0,2.0,175.0,7.9545455
3102.0,10.0,20.0,2.0,175.0,11.666667
3103.0,20.0,20.0,2.0,175.0,5.46875
3104.0,40.0,20.0,2.0,175.0,4.4871793
3105.0,0.0,20.0,2.0,175.0,19.444445
3106.0,0.5,20.0,2.0,175.0,7.0
3107.0,1.0,20.0,2.0,175.0,58.333332
3108.0,2.0,20.0,2.0,175.0,29.166666
3109.0,3.0,20.0,2.0,175.0,12.5
3110.0,5.0,20.0,2.0,175.0,5.147059
3111.0,10.0,20.0,2.0,175.0,4.605263
3112.0,20.0,20.0,2.0,175.0,4.4871793
3113.0,40.0,20.0,2.0,175.0,4.268293
3114.0,0.0,20.0,2.0,175.0,6.4814816
3115.0,0.5,20.0,2.0,175.0,175.0
3116.0,1.0,20.0,2.0,175.0,43.75
3117.0,2.0,20.0,2.0,175.0,35.0
3118.0,3.0,20.0,2.0,175.0,21.875
3119.0,5.0,20.0,2.0,175.0,9.210526
3120.0,10.0,20.0,2.0,175.0,6.25
3121.0,20.0,20.0,2.0,175.0,6.4814816
3122.0,40.0,20.0,2.0,175.0,4.268293
3123.0,0.0,20.0,2.0,175.0,175.0
3124.0,0.5,20.0,2.0,175.0,6.730769
3125.0,1.0,20.0,2.0,175.0,15.909091
3126.0,2.0,20.0,2.0,175.0,35.0
3127.0,3.0,20.0,2.0,175.0,10.294118
3128.0,5.0,20.0,2.0,175.0,9.722222
3129.0,10.0,20.0,2.0,175.0,6.034483
3130.0,20.0,20.0,2.0,175.0,5.147059
3131.0,40.0,20.0,2.0,175.0,5.0
3132.0,0.0,20.0,2.0,175.0,6.034483
3133.0,0.5,20.0,2.0,175.0,175.0
3134.0,1.0,20.0,2.0,175.0,58.333332
3135.0,2.0,20.0,2.0,175.0,29.166666
3136.0,3.0,20.0,2.0,175.0,15.909091
3137.0,5.0,20.0,2.0,175.0,5.3030305
3138.0,10.0,20.0,2.0,175.0,5.0
3139.0,20.0,20.0,2.0,175.0,4.605263
3140.0,40.0,20.0,2.0,175.0,6.034483
3141.0,0.0,20.0,2.0,175.0,175.0
3142.0,0.5,20.0,2.0,175.0,35.0
3143.0,1.0,20.0,2.0,175.0,58.333332
3144.0,2.0,20.0,2.0,175.0,5.46875
3145.0,3.0,20.0,2.0,175.0,29.166666
3146.0,5.0,20.0,2.0,175.0,6.25
3147.0,10.0,20.0,2.0,175.0,6.25
3148.0,20.0,20.0,2.0,175.0,6.4814816
3149.0,40.0,20.0,2.0,175.0,6.4814816
3150.0,0.0,20.0,2.0,200.0,200.0
3151.0,0.5,20.0,2.0,200.0,12.5
3152.0,1.0,20.0,2.0,200.0,16.666666
3153.0,2.0,20.0,2.0,200.0,11.111111
3154.0,3.0,20.0,2.0,200.0,28.571428
3155.0,5.0,20.0,2.0,200.0,7.142857
3156.0,10.0,20.0,2.0,200.0,6.060606
3157.0,20.0,20.0,2.0,200.0,5.714286
3158.0,40.0,20.0,2.0,200.0,4.878049
3159.0,0.0,20.0,2.0,200.0,200.0
3160.0,0.5,20.0,2.0,200.0,7.6923075
3161.0,1.0,20.0,2.0,200.0,8.695652
3162.0,2.0,20.0,2.0,200.0,7.142857
3163.0,3.0,20.0,2.0,200.0,11.111111
3164.0,5.0,20.0,2.0,200.0,6.451613
3165.0,10.0,20.0,2.0,200.0,6.8965516
3166.0,20.0,20.0,2.0,200.0,5.714286
3167.0,40.0,20.0,2.0,200.0,5.714286
3168.0,0.0,20.0,2.0,200.0,8.0
3169.0,0.5,20.0,2.0,200.0,200.0
3170.0,1.0,20.0,2.0,200.0,66.666664
3171.0,2.0,20.0,2.0,200.0,20.0
3172.0,3.0,20.0,2.0,200.0,6.060606
3173.0,5.0,20.0,2.0,200.0,13.333333
3174.0,10.0,20.0,2.0,200.0,6.6666665
3175.0,20.0,20.0,2.0,200.0,5.4054055
3176.0,40.0,20.0,2.0,200.0,5.4054055
3177.0,0.0,20.0,2.0,200.0,200.0
3178.0,0.5,20.0,2.0,200.0,66.666664
3179.0,1.0,20.0,2.0,200.0,66.666664
3180.0,2.0,20.0,2.0,200.0,8.0
3181.0,3.0,20.0,2.0,200.0,10.0
3182.0,5.0,20.0,2.0,200.0,8.695652
3183.0,10.0,20.0,2.0,200.0,6.8965516
3184.0,20.0,20.0,2.0,200.0,4.878049
3185.0,40.0,20.0,2.0,200.0,4.878049
3186.0,0.0,20.0,2.0,200.0,6.8965516
3187.0,0.5,20.0,2.0,200.0,6.060606
3188.0,1.0,20.0,2.0,200.0,200.0
3189.0,2.0,20.0,2.0,200.0,13.333333
3190.0,3.0,20.0,2.0,200.0,10.526316
3191.0,5.0,20.0,2.0,200.0,7.142857
3192.0,10.0,20.0,2.0,200.0,5.5555553
3193.0,20.0,20.0,2.0,200.0,6.060606
3194.0,40.0,20.0,2.0,200.0,5.4054055
3195.0,0.0,20.0,2.0,200.0,22.222221
3196.0,0.5,20.0,2.0,200.0,66.666664
3197.0,1.0,20.0,2.0,200.0,66.666664
3198.0,2.0,20.0,2.0,200.0,5.882353
3199.0,3.0,20.0,2.0,200.0,22.222221
3200.0,5.0,20.0,2.0,200.0,6.6666665
3201.0,10.0,20.0,2.0,200.0,6.060606
3202.0,20.0,20.0,2.0,200.0,5.4054055
3203.0,40.0,20.0,2.0,200.0,4.878049
3204.0,0.0,20.0,2.0,200.0,5.4054055
3205.0,0.5,20.0,2.0,200.0,66.666664
3206.0,1.0,20.0,2.0,200.0,200.0
3207.0,2.0,20.0,2.0,200.0,14.285714
3208.0,3.0,20.0,2.0,200.0,7.4074073
3209.0,5.0,20.0,2.0,200.0,11.764706
3210.0,10.0,20.0,2.0,200.0,5.0
3211.0,20.0,20.0,2.0,200.0,7.4074073
3212.0,40.0,20.0,2.0,200.0,5.714286
3213.0,0.0,20.0,2.0,200.0,200.0
3214.0,0.5,20.0,2.0,200.0,200.0
3215.0,1.0,20.0,2.0,200.0,66.666664
3216.0,2.0,20.0,2.0,200.0,5.882353
3217.0,3.0,20.0,2.0,200.0,8.333333
3218.0,5.0,20.0,2.0,200.0,11.111111
3219.0,10.0,20.0,2.0,200.0,6.25
3220.0,20.0,20.0,2.0,200.0,4.6511626
3221.0,40.0,20.0,2.0,200.0,4.6511626
3222.0,0.0,20.0,2.0,200.0,200.0
3223.0,0.5,20.0,2.0,200.0,200.0
3224.0,1.0,20.0,2.0,200.0,66.666664
3225.0,2.0,20.0,2.0,200.0,40.0
3226.0,3.0,20.0,2.0,200.0,7.6923075
3227.0,5.0,20.0,2.0,200.0,22.222221
3228.0,10.0,20.0,2.0,200.0,5.263158
3229.0,20.0,20.0,2.0,200.0,6.451613
3230.0,40.0,20.0,2.0,200.0,4.878049
3231.0,0.0,20.0,2.0,200.0,22.222221
3232.0,0.5,20.0,2.0,200.0,66.666664
3233.0,1.0,20.0,2.0,200.0,40.0
3234.0,2.0,20.0,2.0,200.0,4.878049
3235.0,3.0,20.0,2.0,200.0,9.523809
3236.0,5.0,20.0,2.0,200.0,8.333333
3237.0,10.0,20.0,2.0,200.0,5.5555553
3238.0,20.0,20.0,2.0,200.0,6.451613
3239.0,40.0,20.0,2.0,200.0,4.4444447
3240.0,0.0,20.0,2.0,200.0,18.181818
3241.0,0.5,20.0,2.0,200.0,66.666664
3242.0,1.0,20.0,2.0,200.0,6.6666665
3243.0,2.0,20.0,2.0,200.0,33.333332
3244.0,3.0,20.0,2.0,200.0,9.523809
3245.0,5.0,20.0,2.0,200.0,5.1282053
3246.0,10.0,20.0,2.0,200.0,5.882353
3247.0,20.0,20.0,2.0,200.0,6.25
3248.0,40.0,20.0,2.0,200.0,5.1282053
3249.0,0.0,20.0,2.0,200.0,7.4074073
3250.0,0.5,20.0,2.0,200.0,5.714286
3251.0,1.0,20.0,2.0,200.0,22.222221
3252.0,2.0,20.0,2.0,200.0,33.333332
3253.0,3.0,20.0,2.0,200.0,6.6666665
3254.0,5.0,20.0,2.0,200.0,5.714286
3255.0,10.0,20.0,2.0,200.0,7.4074073
3256.0,20.0,20.0,2.0,200.0,6.451613
3257.0,40.0,20.0,2.0,200.0,4.6511626
3258.0,0.0,20.0,2.0,200.0,15.384615
3259.0,0.5,20.0,2.0,200.0,66.666664
3260.0,1.0,20.0,2.0,200.0,66.666664
3261.0,2.0,20.0,2.0,200.0,5.1282053
3262.0,3.0,20.0,2.0,200.0,8.695652
3263.0,5.0,20.0,2.0,200.0,7.142857
3264.0,10.0,20.0,2.0,200.0,7.6923075
3265.0,20.0,20.0,2.0,200.0,5.1282053
3266.0,40.0,20.0,2.0,200.0,6.25
3267.0,0.0,20.0,2.0,200.0,200.0
3268.0,0.5,20.0,2.0,200.0,66.666664
3269.0,1.0,20.0,2.0,200.0,10.526316
3270.0,2.0,20.0,2.0,200.0,6.6666665
3271.0,3.0,20.0,2.0,200.0,9.523809
3272.0,5.0,20.0,2.0,200.0,7.6923075
3273.0,10.0,20.0,2.0,200.0,5.714286
3274.0,20.0,20.0,2.0,200.0,4.4444447
3275.0,40.0,20.0,2.0,200.0,5.5555553
3276.0,0.0,20.0,2.0,200.0,10.526316
3277.0,0.5,20.0,2.0,200.0,50.0
3278.0,1.0,20.0,2.0,200.0,66.666664
3279.0,2.0,20.0,2.0,200.0,20.0
3280.0,3.0,20.0,2.0,200.0,10.526316
3281.0,5.0,20.0,2.0,200.0,4.6511626
3282.0,10.0,20.0,2.0,200.0,6.6666665
3283.0,20.0,20.0,2.0,200.0,5.4054055
3284.0,40.0,20.0,2.0,200.0,5.263158
3285.0,0.0,20.0,2.0,200.0,11.764706
3286.0,0.5,20.0,2.0,200.0,11.764706
3287.0,1.0,20.0,2.0,200.0,100.0
3288.0,2.0,20.0,2.0,200.0,10.526316
3289.0,3.0,20.0,2.0,200.0,8.695652
3290.0,5.0,20.0,2.0,200.0,12.5
3291.0,10.0,20.0,2.0,200.0,6.25
3292.0,20.0,20.0,2.0,200.0,6.451613
3293.0,40.0,20.0,2.0,200.0,4.255319
3294.0,0.0,20.0,2.0,200.0,8.0
3295.0,0.5,20.0,2.0,200.0,66.666664
3296.0,1.0,20.0,2.0,200.0,40.0
3297.0,2.0,20.0,2.0,200.0,9.523809
3298.0,3.0,20.0,2.0,200.0,10.0
3299.0,5.0,20.0,2.0,200.0,7.4074073
3300.0,10.0,20.0,2.0,200.0,5.4054055
3301.0,20.0,20.0,2.0,200.0,5.1282053
3302.0,40.0,20.0,2.0,200.0,5.714286
3303.0,0.0,20.0,2.0,200.0,200.0
3304.0,0.5,20.0,2.0,200.0,200.0
3305.0,1.0,20.0,2.0,200.0,8.333333
3306.0,2.0,20.0,2.0,200.0,6.060606
3307.0,3.0,20.0,2.0,200.0,7.142857
3308.0,5.0,20.0,2.0,200.0,5.4054055
3309.0,10.0,20.0,2.0,200.0,8.695652
3310.0,20.0,20.0,2.0,200.0,6.8965516
3311.0,40.0,20.0,2.0,200.0,4.7619047
3312.0,0.0,20.0,2.0,200.0,6.451613
3313.0,0.5,20.0,2.0,200.0,200.0
3314.0,1.0,20.0,2.0,200.0,66.666664
3315.0,2.0,20.0,2.0,200.0,28.571428
3316.0,3.0,20.0,2.0,200.0,22.222221
3317.0,5.0,20.0,2.0,200.0,6.8965516
3318.0,10.0,20.0,2.0,200.0,5.882353
3319.0,20.0,20.0,2.0,200.0,6.060606
3320.0,40.0,20.0,2.0,200.0,5.1282053
3321.0,0.0,20.0,2.0,200.0,200.0
3322.0,0.5,20.0,2.0,200.0,200.0
3323.0,1.0,20.0,2.0,200.0,66.666664
3324.0,2.0,20.0,2.0,200.0,22.222221
3325.0,3.0,20.0,2.0,200.0,20.0
3326.0,5.0,20.0,2.0,200.0,5.263158
3327.0,10.0,20.0,2.0,200.0,7.6923075
3328.0,20.0,20.0,2.0,200.0,5.882353
3329.0,40.0,20.0,2.0,200.0,5.4054055
3330.0,0.0,20.0,2.0,200.0,200.0
3331.0,0.5,20.0,2.0,200.0,66.666664
3332.0,1.0,20.0,2.0,200.0,66.666664
3333.0,2.0,20.0,2.0,200.0,20.0
3334.0,3.0,20.0,2.0,200.0,20.0
3335.0,5.0,20.0,2.0,200.0,10.0
3336.0,10.0,20.0,2.0,200.0,5.714286
3337.0,20.0,20.0,2.0,200.0,5.4054055
3338.0,40.0,20.0,2.0,200.0,6.060606
3339.0,0.0,20.0,2.0,200.0,200.0
3340.0,0.5,20.0,2.0,200.0,66.666664
3341.0,1.0,20.0,2.0,200.0,28.571428
3342.0,2.0,20.0,2.0,200.0,8.695652
3343.0,3.0,20.0,2.0,200.0,9.523809
3344.0,5.0,20.0,2.0,200.0,6.6666665
3345.0,10.0,20.0,2.0,200.0,5.1282053
3346.0,20.0,20.0,2.0,200.0,5.5555553
3347.0,40.0,20.0,2.0,200.0,5.4054055
3348.0,0.0,20.0,2.0,200.0,200.0
3349.0,0.5,20.0,2.0,200.0,40.0
3350.0,1.0,20.0,2.0,200.0,66.666664
3351.0,2.0,20.0,2.0,200.0,7.6923075
3352.0,3.0,20.0,2.0,200.0,5.1282053
3353.0,5.0,20.0,2.0,200.0,13.333333
3354.0,10.0,20.0,2.0,200.0,6.8965516
3355.0,20.0,20.0,2.0,200.0,5.0
3356.0,40.0,20.0,2.0,200.0,4.878049
3357.0,0.0,20.0,2.0,200.0,200.0
3358.0,0.5,20.0,2.0,200.0,66.666664
3359.0,1.0,20.0,2.0,200.0,66.666664
3360.0,2.0,20.0,2.0,200.0,11.111111
3361.0,3.0,20.0,2.0,200.0,12.5
3362.0,5.0,20.0,2.0,200.0,10.0
3363.0,10.0,20.0,2.0,200.0,7.142857
3364.0,20.0,20.0,2.0,200.0,7.4074073
3365.0,40.0,20.0,2.0,200.0,4.6511626
3366.0,0.0,20.0,2.0,200.0,40.0
3367.0,0.5,20.0,2.0,200.0,66.666664
3368.0,1.0,20.0,2.0,200.0,66.666664
3369.0,2.0,20.0,2.0,200.0,50.0
3370.0,3.0,20.0,2.0,200.0,7.6923075
3371.0,5.0,20.0,2.0,200.0,6.8965516
3372.0,10.0,20.0,2.0,200.0,6.25
3373.0,20.0,20.0,2.0,200.0,5.263158
3374.0,40.0,20.0,2.0,200.0,4.6511626
3375.0,0.0,20.0,2.0,200.0,28.571428
3376.0,0.5,20.0,2.0,200.0,11.764706
3377.0,1.0,20.0,2.0,200.0,66.666664
3378.0,2.0,20.0,2.0,200.0,6.25
3379.0,3.0,20.0,2.0,200.0,28.571428
3380.0,5.0,20.0,2.0,200.0,7.4074073
3381.0,10.0,20.0,2.0,200.0,8.333333
3382.0,20.0,20.0,2.0,200.0,5.882353
3383.0,40.0,20.0,2.0,200.0,5.1282053
3384.0,0.0,20.0,2.0,200.0,200.0
3385.0,0.5,20.0,2.0,200.0,6.8965516
3386.0,1.0,20.0,2.0,200.0,16.666666
3387.0,2.0,20.0,2.0,200.0,14.285714
3388.0,3.0,20.0,2.0,200.0,13.333333
3389.0,5.0,20.0,2.0,200.0,18.181818
3390.0,10.0,20.0,2.0,200.0,5.5555553
3391.0,20.0,20.0,2.0,200.0,5.714286
3392.0,40.0,20.0,2.0,200.0,5.0
3393.0,0.0,20.0,2.0,200.0,15.384615
3394.0,0.5,20.0,2.0,200.0,66.666664
3395.0,1.0,20.0,2.0,200.0,66.666664
3396.0,2.0,20.0,2.0,200.0,14.285714
3397.0,3.0,20.0,2.0,200.0,9.523809
3398.0,5.0,20.0,2.0,200.0,5.4054055
3399.0,10.0,20.0,2.0,200.0,7.142857
3400.0,20.0,20.0,2.0,200.0,6.6666665
3401.0,40.0,20.0,2.0,200.0,6.451613
3402.0,0.0,20.0,2.0,200.0,200.0
3403.0,0.5,20.0,2.0,200.0,66.666664
3404.0,1.0,20.0,2.0,200.0,10.0
3405.0,2.0,20.0,2.0,200.0,5.1282053
3406.0,3.0,20.0,2.0,200.0,8.333333
3407.0,5.0,20.0,2.0,200.0,5.263158
3408.0,10.0,20.0,2.0,200.0,5.263158
3409.0,20.0,20.0,2.0,200.0,5.882353
3410.0,40.0,20.0,2.0,200.0,5.263158
3411.0,0.0,20.0,2.0,200.0,200.0
3412.0,0.5,20.0,2.0,200.0,50.0
3413.0,1.0,20.0,2.0,200.0,66.666664
3414.0,2.0,20.0,2.0,200.0,25.0
3415.0,3.0,20.0,2.0,200.0,8.695652
3416.0,5.0,20.0,2.0,200.0,11.764706
3417.0,10.0,20.0,2.0,200.0,6.060606
3418.0,20.0,20.0,2.0,200.0,4.6511626
3419.0,40.0,20.0,2.0,200.0,5.1282053
3420.0,0.0,20.0,2.0,200.0,200.0
3421.0,0.5,20.0,2.0,200.0,66.666664
3422.0,1.0,20.0,2.0,200.0,6.6666665
3423.0,2.0,20.0,2.0,200.0,5.714286
3424.0,3.0,20.0,2.0,200.0,7.4074073
3425.0,5.0,20.0,2.0,200.0,7.4074073
3426.0,10.0,20.0,2.0,200.0,8.333333
3427.0,20.0,20.0,2.0,200.0,5.4054055
3428.0,40.0,20.0,2.0,200.0,5.4054055
3429.0,0.0,20.0,2.0,200.0,200.0
3430.0,0.5,20.0,2.0,200.0,66.666664
3431.0,1.0,20.0,2.0,200.0,28.571428
3432.0,2.0,20.0,2.0,200.0,40.0
3433.0,3.0,20.0,2.0,200.0,40.0
3434.0,5.0,20.0,2.0,200.0,8.695652
3435.0,10.0,20.0,2.0,200.0,8.333333
3436.0,20.0,20.0,2.0,200.0,4.7619047
3437.0,40.0,20.0,2.0,200.0,5.4054055
3438.0,0.0,20.0,2.0,200.0,200.0
3439.0,0.5,20.0,2.0,200.0,200.0
3440.0,1.0,20.0,2.0,200.0,66.666664
3441.0,2.0,20.0,2.0,200.0,33.333332
3442.0,3.0,20.0,2.0,200.0,8.0
3443.0,5.0,20.0,2.0,200.0,10.0
3444.0,10.0,20.0,2.0,200.0,7.142857
3445.0,20.0,20.0,2.0,200.0,5.4054055
3446.0,40.0,20.0,2.0,200.0,6.060606
3447.0,0.0,20.0,2.0,200.0,200.0
3448.0,0.5,20.0,2.0,200.0,16.666666
3449.0,1.0,20.0,2.0,200.0,40.0
3450.0,2.0,20.0,2.0,200.0,7.4074073
3451.0,3.0,20.0,2.0,200.0,28.571428
3452.0,5.0,20.0,2.0,200.0,9.090909
3453.0,10.0,20.0,2.0,200.0,10.0
3454.0,20.0,20.0,2.0,200.0,6.25
3455.0,40.0,20.0,2.0,200.0,5.1282053
3456.0,0.0,20.0,2.0,200.0,200.0
3457.0,0.5,20.0,2.0,200.0,200.0
3458.0,1.0,20.0,2.0,200.0,10.526316
3459.0,2.0,20.0,2.0,200.0,16.666666
3460.0,3.0,20.0,2.0,200.0,5.882353
3461.0,5.0,20.0,2.0,200.0,7.6923075
3462.0,10.0,20.0,2.0,200.0,6.451613
3463.0,20.0,20.0,2.0,200.0,5.5555553
3464.0,40.0,20.0,2.0,200.0,5.4054055
3465.0,0.0,20.0,2.0,200.0,200.0
3466.0,0.5,20.0,2.0,200.0,66.666664
3467.0,1.0,20.0,2.0,200.0,7.4074073
3468.0,2.0,20.0,2.0,200.0,22.222221
3469.0,3.0,20.0,2.0,200.0,11.111111
3470.0,5.0,20.0,2.0,200.0,11.111111
3471.0,10.0,20.0,2.0,200.0,7.4074073
3472.0,20.0,20.0,2.0,200.0,5.5555553
3473.0,40.0,20.0,2.0,200.0,5.5555553
3474.0,0.0,20.0,2.0,200.0,200.0
3475.0,0.5,20.0,2.0,200.0,66.666664
3476.0,1.0,20.0,2.0,200.0,8.333333
3477.0,2.0,20.0,2.0,200.0,66.666664
3478.0,3.0,20.0,2.0,200.0,6.6666665
3479.0,5.0,20.0,2.0,200.0,7.6923075
3480.0,10.0,20.0,2.0,200.0,5.5555553
3481.0,20.0,20.0,2.0,200.0,5.882353
3482.0,40.0,20.0,2.0,200.0,4.4444447
3483.0,0.0,20.0,2.0,200.0,8.695652
3484.0,0.5,20.0,2.0,200.0,22.222221
3485.0,1.0,20.0,2.0,200.0,66.666664
3486.0,2.0,20.0,2.0,200.0,50.0
3487.0,3.0,20.0,2.0,200.0,10.526316
3488.0,5.0,20.0,2.0,200.0,6.060606
3489.0,10.0,20.0,2.0,200.0,6.451613
3490.0,20.0,20.0,2.0,200.0,6.060606
3491.0,40.0,20.0,2.0,200.0,5.1282053
3492.0,0.0,20.0,2.0,200.0,6.060606
3493.0,0.5,20.0,2.0,200.0,66.666664
3494.0,1.0,20.0,2.0,200.0,12.5
3495.0,2.0,20.0,2.0,200.0,16.666666
3496.0,3.0,20.0,2.0,200.0,5.5555553
3497.0,5.0,20.0,2.0,200.0,8.0
3498.0,10.0,20.0,2.0,200.0,7.142857
3499.0,20.0,20.0,2.0,200.0,4.6511626
3500.0,40.0,20.0,2.0,200.0,4.878049
3501.0,0.0,20.0,2.0,200.0,200.0
3502.0,0.5,20.0,2.0,200.0,200.0
3503.0,1.0,20.0,2.0,200.0,15.384615
3504.0,2.0,20.0,2.0,200.0,50.0
3505.0,3.0,20.0,2.0,200.0,6.8965516
3506.0,5.0,20.0,2.0,200.0,14.285714
3507.0,10.0,20.0,2.0,200.0,4.6511626
3508.0,20.0,20.0,2.0,200.0,5.882353
3509.0,40.0,20.0,2.0,200.0,4.6511626
3510.0,0.0,20.0,2.0,200.0,13.333333
3511.0,0.5,20.0,2.0,200.0,15.384615
3512.0,1.0,20.0,2.0,200.0,11.111111
3513.0,2.0,20.0,2.0,200.0,33.333332
3514.0,3.0,20.0,2.0,200.0,4.878049
3515.0,5.0,20.0,2.0,200.0,4.878049
3516.0,10.0,20.0,2.0,200.0,5.0
3517.0,20.0,20.0,2.0,200.0,6.451613
3518.0,40.0,20.0,2.0,200.0,5.5555553
3519.0,0.0,20.0,2.0,200.0,8.695652
3520.0,0.5,20.0,2.0,200.0,6.451613
3521.0,1.0,20.0,2.0,200.0,66.666664
3522.0,2.0,20.0,2.0,200.0,50.0
3523.0,3.0,20.0,2.0,200.0,4.878049
3524.0,5.0,20.0,2.0,200.0,6.8965516
3525.0,10.0,20.0,2.0,200.0,6.451613
3526.0,20.0,20.0,2.0,200.0,6.060606
3527.0,40.0,20.0,2.0,200.0,5.1282053
3528.0,0.0,20.0,2.0,200.0,66.666664
3529.0,0.5,20.0,2.0,200.0,8.695652
3530.0,1.0,20.0,2.0,200.0,50.0
3531.0,2.0,20.0,2.0,200.0,15.384615
3532.0,3.0,20.0,2.0,200.0,28.571428
3533.0,5.0,20.0,2.0,200.0,5.882353
3534.0,10.0,20.0,2.0,200.0,6.6666665
3535.0,20.0,20.0,2.0,200.0,5.882353
3536.0,40.0,20.0,2.0,200.0,4.878049
3537.0,0.0,20.0,2.0,200.0,15.384615
3538.0,0.5,20.0,2.0,200.0,5.1282053
3539.0,1.0,20.0,2.0,200.0,10.526316
3540.0,2.0,20.0,2.0,200.0,20.0
3541.0,3.0,20.0,2.0,200.0,16.666666
3542.0,5.0,20.0,2.0,200.0,16.666666
3543.0,10.0,20.0,2.0,200.0,9.090909
3544.0,20.0,20.0,2.0,200.0,6.060606
3545.0,40.0,20.0,2.0,200.0,6.060606
3546.0,0.0,20.0,2.0,200.0,200.0
3547.0,0.5,20.0,2.0,200.0,7.4074073
3548.0,1.0,20.0,2.0,200.0,8.695652
3549.0,2.0,20.0,2.0,200.0,20.0
3550.0,3.0,20.0,2.0,200.0,6.6666665
3551.0,5.0,20.0,2.0,200.0,8.333333
3552.0,10.0,20.0,2.0,200.0,6.8965516
3553.0,20.0,20.0,2.0,200.0,5.882353
3554.0,40.0,20.0,2.0,200.0,5.1282053
3555.0,0.0,20.0,2.0,200.0,200.0
3556.0,0.5,20.0,2.0,200.0,66.666664
3557.0,1.0,20.0,2.0,200.0,15.384615
3558.0,2.0,20.0,2.0,200.0,6.8965516
3559.0,3.0,20.0,2.0,200.0,8.695652
3560.0,5.0,20.0,2.0,200.0,7.6923075
3561.0,10.0,20.0,2.0,200.0,6.451613
3562.0,20.0,20.0,2.0,200.0,5.714286
3563.0,40.0,20.0,2.0,200.0,5.1282053
3564.0,0.0,20.0,2.0,200.0,28.571428
3565.0,0.5,20.0,2.0,200.0,28.571428
3566.0,1.0,20.0,2.0,200.0,66.666664
3567.0,2.0,20.0,2.0,200.0,66.666664
3568.0,3.0,20.0,2.0,200.0,7.4074073
3569.0,5.0,20.0,2.0,200.0,20.0
3570.0,10.0,20.0,2.0,200.0,5.1282053
3571.0,20.0,20.0,2.0,200.0,5.1282053
3572.0,40.0,20.0,2.0,200.0,5.5555553
3573.0,0.0,20.0,2.0,200.0,200.0
3574.0,0.5,20.0,2.0,200.0,200.0
3575.0,1.0,20.0,2.0,200.0,200.0
3576.0,2.0,20.0,2.0,200.0,12.5
3577.0,3.0,20.0,2.0,200.0,6.25
3578.0,5.0,20.0,2.0,200.0,6.25
3579.0,10.0,20.0,2.0,200.0,5.0
3580.0,20.0,20.0,2.0,200.0,5.1282053
3581.0,40.0,20.0,2.0,200.0,6.060606
3582.0,0.0,20.0,2.0,200.0,200.0
3583.0,0.5,20.0,2.0,200.0,66.666664
3584.0,1.0,20.0,2.0,200.0,50.0
3585.0,2.0,20.0,2.0,200.0,16.666666
3586.0,3.0,20.0,2.0,200.0,28.571428
3587.0,5.0,20.0,2.0,200.0,8.333333
3588.0,10.0,20.0,2.0,200.0,5.5555553
3589.0,20.0,20.0,2.0,200.0,5.4054055
3590.0,40.0,20.0,2.0,200.0,5.4054055
3591.0,0.0,20.0,2.0,200.0,200.0
3592.0,0.5,20.0,2.0,200.0,15.384615
3593.0,1.0,20.0,2.0,200.0,50.0
3594.0,2.0,20.0,2.0,200.0,8.695652
3595.0,3.0,20.0,2.0,200.0,10.0
3596.0,5.0,20.0,2.0,200.0,6.6666665
3597.0,10.0,20.0,2.0,200.0,7.6923075
3598.0,20.0,20.0,2.0,200.0,5.5555553
3599.0,40.0,20.0,2.0,200.0,5.263158
3600.0,0.0,20.0,2.0,225.0,225.0
3601.0,0.5,20.0,2.0,225.0,11.842105
3602.0,1.0,20.0,2.0,225.0,28.125
3603.0,2.0,20.0,2.0,225.0,8.333333
3604.0,3.0,20.0,2.0,225.0,14.0625
3605.0,5.0,20.0,2.0,225.0,6.818182
3606.0,10.0,20.0,2.0,225.0,7.03125
3607.0,20.0,20.0,2.0,225.0,5.769231
3608.0,40.0,20.0,2.0,225.0,5.2325583
3609.0,0.0,20.0,2.0,225.0,225.0
3610.0,0.5,20.0,2.0,225.0,12.5
3611.0,1.0,20.0,2.0,225.0,9.375
3612.0,2.0,20.0,2.0,225.0,25.0
3613.0,3.0,20.0,2.0,225.0,6.428571
3614.0,5.0,20.0,2.0,225.0,6.25
3615.0,10.0,20.0,2.0,225.0,5.769231
3616.0,20.0,20.0,2.0,225.0,5.0
3617.0,40.0,20.0,2.0,225.0,5.487805
3618.0,0.0,20.0,2.0,225.0,75.0
3619.0,0.5,20.0,2.0,225.0,5.0
3620.0,1.0,20.0,2.0,225.0,25.0
3621.0,2.0,20.0,2.0,225.0,9.782609
3622.0,3.0,20.0,2.0,225.0,10.227273
3623.0,5.0,20.0,2.0,225.0,5.0
3624.0,10.0,20.0,2.0,225.0,6.428571
3625.0,20.0,20.0,2.0,225.0,5.9210525
3626.0,40.0,20.0,2.0,225.0,5.487805
3627.0,0.0,20.0,2.0,225.0,225.0
3628.0,0.5,20.0,2.0,225.0,75.0
3629.0,1.0,20.0,2.0,225.0,16.071428
3630.0,2.0,20.0,2.0,225.0,8.035714
3631.0,3.0,20.0,2.0,225.0,5.769231
3632.0,5.0,20.0,2.0,225.0,8.333333
3633.0,10.0,20.0,2.0,225.0,6.428571
3634.0,20.0,20.0,2.0,225.0,5.625
3635.0,40.0,20.0,2.0,225.0,4.787234
3636.0,0.0,20.0,2.0,225.0,225.0
3637.0,0.5,20.0,2.0,225.0,17.307692
3638.0,1.0,20.0,2.0,225.0,75.0
3639.0,2.0,20.0,2.0,225.0,9.0
3640.0,3.0,20.0,2.0,225.0,75.0
3641.0,5.0,20.0,2.0,225.0,5.487805
3642.0,10.0,20.0,2.0,225.0,5.487805
3643.0,20.0,20.0,2.0,225.0,6.081081
3644.0,40.0,20.0,2.0,225.0,5.0
3645.0,0.0,20.0,2.0,225.0,10.714286
3646.0,0.5,20.0,2.0,225.0,75.0
3647.0,1.0,20.0,2.0,225.0,75.0
3648.0,2.0,20.0,2.0,225.0,11.842105
3649.0,3.0,20.0,2.0,225.0,25.0
3650.0,5.0,20.0,2.0,225.0,15.0
3651.0,10.0,20.0,2.0,225.0,6.617647
3652.0,20.0,20.0,2.0,225.0,5.769231
3653.0,40.0,20.0,2.0,225.0,5.769231
3654.0,0.0,20.0,2.0,225.0,225.0
3655.0,0.5,20.0,2.0,225.0,7.7586207
3656.0,1.0,20.0,2.0,225.0,15.0
3657.0,2.0,20.0,2.0,225.0,14.0625
3658.0,3.0,20.0,2.0,225.0,10.227273
3659.0,5.0,20.0,2.0,225.0,10.227273
3660.0,10.0,20.0,2.0,225.0,6.428571
3661.0,20.0,20.0,2.0,225.0,6.25
3662.0,40.0,20.0,2.0,225.0,6.081081
3663.0,0.0,20.0,2.0,225.0,6.818182
3664.0,0.5,20.0,2.0,225.0,17.307692
3665.0,1.0,20.0,2.0,225.0,75.0
3666.0,2.0,20.0,2.0,225.0,32.142857
3667.0,3.0,20.0,2.0,225.0,10.227273
3668.0,5.0,20.0,2.0,225.0,7.2580647
3669.0,10.0,20.0,2.0,225.0,8.653846
3670.0,20.0,20.0,2.0,225.0,5.0
3671.0,40.0,20.0,2.0,225.0,5.487805
3672.0,0.0,20.0,2.0,225.0,9.782609
3673.0,0.5,20.0,2.0,225.0,8.653846
3674.0,1.0,20.0,2.0,225.0,10.227273
3675.0,2.0,20.0,2.0,225.0,5.625
3676.0,3.0,20.0,2.0,225.0,75.0
3677.0,5.0,20.0,2.0,225.0,7.2580647
3678.0,10.0,20.0,2.0,225.0,7.7586207
3679.0,20.0,20.0,2.0,225.0,6.428571
3680.0,40.0,20.0,2.0,225.0,4.8913045
3681.0,0.0,20.0,2.0,225.0,9.0
3682.0,0.5,20.0,2.0,225.0,225.0
3683.0,1.0,20.0,2.0,225.0,8.653846
3684.0,2.0,20.0,2.0,225.0,12.5
3685.0,3.0,20.0,2.0,225.0,9.0
3686.0,5.0,20.0,2.0,225.0,7.2580647
3687.0,10.0,20.0,2.0,225.0,5.2325583
3688.0,20.0,20.0,2.0,225.0,6.081081
3689.0,40.0,20.0,2.0,225.0,6.081081
3690.0,0.0,20.0,2.0,225.0,225.0
3691.0,0.5,20.0,2.0,225.0,75.0
3692.0,1.0,20.0,2.0,225.0,5.769231
3693.0,2.0,20.0,2.0,225.0,20.454546
3694.0,3.0,20.0,2.0,225.0,20.454546
3695.0,5.0,20.0,2.0,225.0,11.25
3696.0,10.0,20.0,2.0,225.0,7.5
3697.0,20.0,20.0,2.0,225.0,5.2325583
3698.0,40.0,20.0,2.0,225.0,5.2325583
3699.0,0.0,20.0,2.0,225.0,25.0
3700.0,0.5,20.0,2.0,225.0,32.142857
3701.0,1.0,20.0,2.0,225.0,8.333333
3702.0,2.0,20.0,2.0,225.0,75.0
3703.0,3.0,20.0,2.0,225.0,14.0625
3704.0,5.0,20.0,2.0,225.0,7.5
3705.0,10.0,20.0,2.0,225.0,5.2325583
3706.0,20.0,20.0,2.0,225.0,7.03125
3707.0,40.0,20.0,2.0,225.0,5.1136365
3708.0,0.0,20.0,2.0,225.0,13.235294
3709.0,0.5,20.0,2.0,225.0,6.081081
3710.0,1.0,20.0,2.0,225.0,75.0
3711.0,2.0,20.0,2.0,225.0,8.653846
3712.0,3.0,20.0,2.0,225.0,7.7586207
3713.0,5.0,20.0,2.0,225.0,9.375
3714.0,10.0,20.0,2.0,225.0,6.617647
3715.0,20.0,20.0,2.0,225.0,6.081081
3716.0,40.0,20.0,2.0,225.0,5.2325583
3717.0,0.0,20.0,2.0,225.0,9.782609
3718.0,0.5,20.0,2.0,225.0,75.0
3719.0,1.0,20.0,2.0,225.0,11.842105
3720.0,2.0,20.0,2.0,225.0,13.235294
3721.0,3.0,20.0,2.0,225.0,20.454546
3722.0,5.0,20.0,2.0,225.0,5.487805
3723.0,10.0,20.0,2.0,225.0,5.625
3724.0,20.0,20.0,2.0,225.0,5.487805
3725.0,40.0,20.0,2.0,225.0,5.1136365
3726.0,0.0,20.0,2.0,225.0,225.0
3727.0,0.5,20.0,2.0,225.0,75.0
3728.0,1.0,20.0,2.0,225.0,32.142857
3729.0,2.0,20.0,2.0,225.0,16.071428
3730.0,3.0,20.0,2.0,225.0,37.5
3731.0,5.0,20.0,2.0,225.0,8.035714
3732.0,10.0,20.0,2.0,225.0,11.842105
3733.0,20.0,20.0,2.0,225.0,7.2580647
3734.0,40.0,20.0,2.0,225.0,5.2325583
3735.0,0.0,20.0,2.0,225.0,225.0
3736.0,0.5,20.0,2.0,225.0,75.0
3737.0,1.0,20.0,2.0,225.0,8.333333
3738.0,2.0,20.0,2.0,225.0,13.235294
3739.0,3.0,20.0,2.0,225.0,9.782609
3740.0,5.0,20.0,2.0,225.0,7.03125
3741.0,10.0,20.0,2.0,225.0,5.625
3742.0,20.0,20.0,2.0,225.0,5.487805
3743.0,40.0,20.0,2.0,225.0,5.2325583
3744.0,0.0,20.0,2.0,225.0,6.428571
3745.0,0.5,20.0,2.0,225.0,32.142857
3746.0,1.0,20.0,2.0,225.0,75.0
3747.0,2.0,20.0,2.0,225.0,45.0
3748.0,3.0,20.0,2.0,225.0,6.617647
3749.0,5.0,20.0,2.0,225.0,5.625
3750.0,10.0,20.0,2.0,225.0,6.428571
3751.0,20.0,20.0,2.0,225.0,5.0
3752.0,40.0,20.0,2.0,225.0,5.2325583
3753.0,0.0,20.0,2.0,225.0,225.0
3754.0,0.5,20.0,2.0,225.0,7.2580647
3755.0,1.0,20.0,2.0,225.0,75.0
3756.0,2.0,20.0,2.0,225.0,7.5
3757.0,3.0,20.0,2.0,225.0,5.487805
3758.0,5.0,20.0,2.0,225.0,6.617647
3759.0,10.0,20.0,2.0,225.0,6.25
3760.0,20.0,20.0,2.0,225.0,5.487805
3761.0,40.0,20.0,2.0,225.0,5.0
3762.0,0.0,20.0,2.0,225.0,225.0
3763.0,0.5,20.0,2.0,225.0,15.0
3764.0,1.0,20.0,2.0,225.0,37.5
3765.0,2.0,20.0,2.0,225.0,10.227273
3766.0,3.0,20.0,2.0,225.0,7.03125
3767.0,5.0,20.0,2.0,225.0,4.591837
3768.0,10.0,20.0,2.0,225.0,4.591837
3769.0,20.0,20.0,2.0,225.0,7.2580647
3770.0,40.0,20.0,2.0,225.0,5.2325583
3771.0,0.0,20.0,2.0,225.0,10.714286
3772.0,0.5,20.0,2.0,225.0,56.25
3773.0,1.0,20.0,2.0,225.0,45.0
3774.0,2.0,20.0,2.0,225.0,13.235294
3775.0,3.0,20.0,2.0,225.0,11.25
3776.0,5.0,20.0,2.0,225.0,8.035714
3777.0,10.0,20.0,2.0,225.0,6.428571
3778.0,20.0,20.0,2.0,225.0,6.818182
3779.0,40.0,20.0,2.0,225.0,5.2325583
3780.0,0.0,20.0,2.0,225.0,225.0
3781.0,0.5,20.0,2.0,225.0,75.0
3782.0,1.0,20.0,2.0,225.0,112.5
3783.0,2.0,20.0,2.0,225.0,22.5
3784.0,3.0,20.0,2.0,225.0,6.428571
3785.0,5.0,20.0,2.0,225.0,11.25
3786.0,10.0,20.0,2.0,225.0,4.326923
3787.0,20.0,20.0,2.0,225.0,5.2325583
3788.0,40.0,20.0,2.0,225.0,4.787234
3789.0,0.0,20.0,2.0,225.0,5.769231
3790.0,0.5,20.0,2.0,225.0,17.307692
3791.0,1.0,20.0,2.0,225.0,11.842105
3792.0,2.0,20.0,2.0,225.0,5.9210525
3793.0,3.0,20.0,2.0,225.0,10.227273
3794.0,5.0,20.0,2.0,225.0,11.842105
3795.0,10.0,20.0,2.0,225.0,8.035714
3796.0,20.0,20.0,2.0,225.0,5.9210525
3797.0,40.0,20.0,2.0,225.0,4.787234
3798.0,0.0,20.0,2.0,225.0,225.0
3799.0,0.5,20.0,2.0,225.0,112.5
3800.0,1.0,20.0,2.0,225.0,15.0
3801.0,2.0,20.0,2.0,225.0,5.625
3802.0,3.0,20.0,2.0,225.0,10.714286
3803.0,5.0,20.0,2.0,225.0,9.0
3804.0,10.0,20.0,2.0,225.0,5.1136365
3805.0,20.0,20.0,2.0,225.0,5.487805
3806.0,40.0,20.0,2.0,225.0,4.787234
3807.0,0.0,20.0,2.0,225.0,225.0
3808.0,0.5,20.0,2.0,225.0,28.125
3809.0,1.0,20.0,2.0,225.0,7.7586207
3810.0,2.0,20.0,2.0,225.0,11.25
3811.0,3.0,20.0,2.0,225.0,6.617647
3812.0,5.0,20.0,2.0,225.0,8.333333
3813.0,10.0,20.0,2.0,225.0,6.818182
3814.0,20.0,20.0,2.0,225.0,6.25
3815.0,40.0,20.0,2.0,225.0,5.625
3816.0,0.0,20.0,2.0,225.0,225.0
3817.0,0.5,20.0,2.0,225.0,56.25
3818.0,1.0,20.0,2.0,225.0,7.7586207
3819.0,2.0,20.0,2.0,225.0,7.2580647
3820.0,3.0,20.0,2.0,225.0,18.75
3821.0,5.0,20.0,2.0,225.0,9.375
3822.0,10.0,20.0,2.0,225.0,6.081081
3823.0,20.0,20.0,2.0,225.0,4.8913045
3824.0,40.0,20.0,2.0,225.0,5.625
3825.0,0.0,20.0,2.0,225.0,225.0
3826.0,0.5,20.0,2.0,225.0,6.428571
3827.0,1.0,20.0,2.0,225.0,75.0
3828.0,2.0,20.0,2.0,225.0,9.375
3829.0,3.0,20.0,2.0,225.0,13.235294
3830.0,5.0,20.0,2.0,225.0,15.0
3831.0,10.0,20.0,2.0,225.0,4.4117646
3832.0,20.0,20.0,2.0,225.0,5.769231
3833.0,40.0,20.0,2.0,225.0,5.769231
3834.0,0.0,20.0,2.0,225.0,225.0
3835.0,0.5,20.0,2.0,225.0,75.0
3836.0,1.0,20.0,2.0,225.0,75.0
3837.0,2.0,20.0,2.0,225.0,22.5
3838.0,3.0,20.0,2.0,225.0,18.75
3839.0,5.0,20.0,2.0,225.0,9.375
3840.0,10.0,20.0,2.0,225.0,6.25
3841.0,20.0,20.0,2.0,225.0,5.9210525
3842.0,40.0,20.0,2.0,225.0,5.2325583
3843.0,0.0,20.0,2.0,225.0,225.0
3844.0,0.5,20.0,2.0,225.0,12.5
3845.0,1.0,20.0,2.0,225.0,75.0
3846.0,2.0,20.0,2.0,225.0,11.842105
3847.0,3.0,20.0,2.0,225.0,10.714286
3848.0,5.0,20.0,2.0,225.0,9.375
3849.0,10.0,20.0,2.0,225.0,6.428571
3850.0,20.0,20.0,2.0,225.0,5.0
3851.0,40.0,20.0,2.0,225.0,6.081081
3852.0,0.0,20.0,2.0,225.0,8.333333
3853.0,0.5,20.0,2.0,225.0,56.25
3854.0,1.0,20.0,2.0,225.0,6.428571
3855.0,2.0,20.0,2.0,225.0,7.5
3856.0,3.0,20.0,2.0,225.0,6.617647
3857.0,5.0,20.0,2.0,225.0,8.333333
3858.0,10.0,20.0,2.0,225.0,6.818182
3859.0,20.0,20.0,2.0,225.0,5.9210525
3860.0,40.0,20.0,2.0,225.0,5.9210525
3861.0,0.0,20.0,2.0,225.0,225.0
3862.0,0.5,20.0,2.0,225.0,75.0
3863.0,1.0,20.0,2.0,225.0,32.142857
3864.0,2.0,20.0,2.0,225.0,8.653846
3865.0,3.0,20.0,2.0,225.0,7.03125
3866.0,5.0,20.0,2.0,225.0,8.333333
3867.0,10.0,20.0,2.0,225.0,6.617647
3868.0,20.0,20.0,2.0,225.0,4.8913045
3869.0,40.0,20.0,2.0,225.0,5.1136365
3870.0,0.0,20.0,2.0,225.0,225.0
3871.0,0.5,20.0,2.0,225.0,9.0
3872.0,1.0,20.0,2.0,225.0,56.25
3873.0,2.0,20.0,2.0,225.0,8.035714
3874.0,3.0,20.0,2.0,225.0,8.333333
3875.0,5.0,20.0,2.0,225.0,4.591837
3876.0,10.0,20.0,2.0,225.0,6.081081
3877.0,20.0,20.0,2.0,225.0,6.25
3878.0,40.0,20.0,2.0,225.0,4.4117646
3879.0,0.0,20.0,2.0,225.0,75.0
3880.0,0.5,20.0,2.0,225.0,13.235294
3881.0,1.0,20.0,2.0,225.0,8.333333
3882.0,2.0,20.0,2.0,225.0,75.0
3883.0,3.0,20.0,2.0,225.0,6.25
3884.0,5.0,20.0,2.0,225.0,17.307692
3885.0,10.0,20.0,2.0,225.0,5.769231
3886.0,20.0,20.0,2.0,225.0,5.487805
3887.0,40.0,20.0,2.0,225.0,5.769231
3888.0,0.0,20.0,2.0,225.0,9.782609
3889.0,0.5,20.0,2.0,225.0,75.0
3890.0,1.0,20.0,2.0,225.0,8.333333
3891.0,2.0,20.0,2.0,225.0,11.842105
3892.0,3.0,20.0,2.0,225.0,5.9210525
3893.0,5.0,20.0,2.0,225.0,4.8913045
3894.0,10.0,20.0,2.0,225.0,7.7586207
3895.0,20.0,20.0,2.0,225.0,5.0
3896.0,40.0,20.0,2.0,225.0,5.487805
3897.0,0.0,20.0,2.0,225.0,225.0
3898.0,0.5,20.0,2.0,225.0,75.0
3899.0,1.0,20.0,2.0,225.0,75.0
3900.0,2.0,20.0,2.0,225.0,12.5
3901.0,3.0,20.0,2.0,225.0,28.125
3902.0,5.0,20.0,2.0,225.0,6.081081
3903.0,10.0,20.0,2.0,225.0,5.9210525
3904.0,20.0,20.0,2.0,225.0,6.081081
3905.0,40.0,20.0,2.0,225.0,5.2325583
3906.0,0.0,20.0,2.0,225.0,225.0
3907.0,0.5,20.0,2.0,225.0,75.0
3908.0,1.0,20.0,2.0,225.0,25.0
3909.0,2.0,20.0,2.0,225.0,112.5
3910.0,3.0,20.0,2.0,225.0,7.5
3911.0,5.0,20.0,2.0,225.0,10.714286
3912.0,10.0,20.0,2.0,225.0,8.333333
3913.0,20.0,20.0,2.0,225.0,5.625
3914.0,40.0,20.0,2.0,225.0,5.487805
3915.0,0.0,20.0,2.0,225.0,225.0
3916.0,0.5,20.0,2.0,225.0,11.25
3917.0,1.0,20.0,2.0,225.0,13.235294
3918.0,2.0,20.0,2.0,225.0,32.142857
3919.0,3.0,20.0,2.0,225.0,10.227273
3920.0,5.0,20.0,2.0,225.0,7.2580647
3921.0,10.0,20.0,2.0,225.0,6.428571
3922.0,20.0,20.0,2.0,225.0,5.769231
3923.0,40.0,20.0,2.0,225.0,4.591837
3924.0,0.0,20.0,2.0,225.0,225.0
3925.0,0.5,20.0,2.0,225.0,75.0
3926.0,1.0,20.0,2.0,225.0,45.0
3927.0,2.0,20.0,2.0,225.0,6.818182
3928.0,3.0,20.0,2.0,225.0,11.842105
3929.0,5.0,20.0,2.0,225.0,8.035714
3930.0,10.0,20.0,2.0,225.0,6.428571
3931.0,20.0,20.0,2.0,225.0,5.357143
3932.0,40.0,20.0,2.0,225.0,4.8913045
3933.0,0.0,20.0,2.0,225.0,225.0
3934.0,0.5,20.0,2.0,225.0,225.0
3935.0,1.0,20.0,2.0,225.0,22.5
3936.0,2.0,20.0,2.0,225.0,13.235294
3937.0,3.0,20.0,2.0,225.0,6.818182
3938.0,5.0,20.0,2.0,225.0,5.0
3939.0,10.0,20.0,2.0,225.0,6.428571
3940.0,20.0,20.0,2.0,225.0,5.487805
3941.0,40.0,20.0,2.0,225.0,5.357143
3942.0,0.0,20.0,2.0,225.0,225.0
3943.0,0.5,20.0,2.0,225.0,75.0
3944.0,1.0,20.0,2.0,225.0,225.0
3945.0,2.0,20.0,2.0,225.0,8.035714
3946.0,3.0,20.0,2.0,225.0,9.0
3947.0,5.0,20.0,2.0,225.0,5.9210525
3948.0,10.0,20.0,2.0,225.0,7.2580647
3949.0,20.0,20.0,2.0,225.0,5.487805
3950.0,40.0,20.0,2.0,225.0,5.1136365
3951.0,0.0,20.0,2.0,225.0,10.714286
3952.0,0.5,20.0,2.0,225.0,225.0
3953.0,1.0,20.0,2.0,225.0,28.125
3954.0,2.0,20.0,2.0,225.0,10.714286
3955.0,3.0,20.0,2.0,225.0,18.75
3956.0,5.0,20.0,2.0,225.0,7.7586207
3957.0,10.0,20.0,2.0,225.0,6.25
3958.0,20.0,20.0,2.0,225.0,4.6875
3959.0,40.0,20.0,2.0,225.0,4.787234
3960.0,0.0,20.0,2.0,225.0,225.0
3961.0,0.5,20.0,2.0,225.0,25.0
3962.0,1.0,20.0,2.0,225.0,75.0
3963.0,2.0,20.0,2.0,225.0,75.0
3964.0,3.0,20.0,2.0,225.0,7.5
3965.0,5.0,20.0,2.0,225.0,6.428571
3966.0,10.0,20.0,2.0,225.0,9.0
3967.0,20.0,20.0,2.0,225.0,4.8913045
3968.0,40.0,20.0,2.0,225.0,6.081081
3969.0,0.0,20.0,2.0,225.0,225.0
3970.0,0.5,20.0,2.0,225.0,10.227273
3971.0,1.0,20.0,2.0,225.0,22.5
3972.0,2.0,20.0,2.0,225.0,5.625
3973.0,3.0,20.0,2.0,225.0,8.035714
3974.0,5.0,20.0,2.0,225.0,7.2580647
3975.0,10.0,20.0,2.0,225.0,5.487805
3976.0,20.0,20.0,2.0,225.0,5.769231
3977.0,40.0,20.0,2.0,225.0,5.0
3978.0,0.0,20.0,2.0,225.0,11.842105
3979.0,0.5,20.0,2.0,225.0,17.307692
3980.0,1.0,20.0,2.0,225.0,6.428571
3981.0,2.0,20.0,2.0,225.0,7.2580647
3982.0,3.0,20.0,2.0,225.0,32.142857
3983.0,5.0,20.0,2.0,225.0,5.625
3984.0,10.0,20.0,2.0,225.0,6.818182
3985.0,20.0,20.0,2.0,225.0,6.25
3986.0,40.0,20.0,2.0,225.0,5.2325583
3987.0,0.0,20.0,2.0,225.0,225.0
3988.0,0.5,20.0,2.0,225.0,225.0
3989.0,1.0,20.0,2.0,225.0,20.454546
3990.0,2.0,20.0,2.0,225.0,16.071428
3991.0,3.0,20.0,2.0,225.0,8.653846
3992.0,5.0,20.0,2.0,225.0,6.428571
3993.0,10.0,20.0,2.0,225.0,6.25
3994.0,20.0,20.0,2.0,225.0,5.625
3995.0,40.0,20.0,2.0,225.0,6.081081
3996.0,0.0,20.0,2.0,225.0,7.2580647
3997.0,0.5,20.0,2.0,225.0,25.0
3998.0,1.0,20.0,2.0,225.0,225.0
3999.0,2.0,20.0,2.0,225.0,10.714286
4000.0,3.0,20.0,2.0,225.0,7.2580647
4001.0,5.0,20.0,2.0,225.0,6.25
4002.0,10.0,20.0,2.0,225.0,6.25
4003.0,20.0,20.0,2.0,225.0,5.357143
4004.0,40.0,20.0,2.0,225.0,5.769231
4005.0,0.0,20.0,2.0,225.0,13.235294
4006.0,0.5,20.0,2.0,225.0,56.25
4007.0,1.0,20.0,2.0,225.0,10.714286
4008.0,2.0,20.0,2.0,225.0,6.428571
4009.0,3.0,20.0,2.0,225.0,25.0
4010.0,5.0,20.0,2.0,225.0,8.035714
4011.0,10.0,20.0,2.0,225.0,8.035714
4012.0,20.0,20.0,2.0,225.0,5.2325583
4013.0,40.0,20.0,2.0,225.0,5.769231
4014.0,0.0,20.0,2.0,225.0,225.0
4015.0,0.5,20.0,2.0,225.0,75.0
4016.0,1.0,20.0,2.0,225.0,10.227273
4017.0,2.0,20.0,2.0,225.0,8.653846
4018.0,3.0,20.0,2.0,225.0,8.333333
4019.0,5.0,20.0,2.0,225.0,6.617647
4020.0,10.0,20.0,2.0,225.0,6.818182
4021.0,20.0,20.0,2.0,225.0,5.0
4022.0,40.0,20.0,2.0,225.0,5.2325583
4023.0,0.0,20.0,2.0,225.0,225.0
4024.0,0.5,20.0,2.0,225.0,13.235294
4025.0,1.0,20.0,2.0,225.0,45.0
4026.0,2.0,20.0,2.0,225.0,6.617647
4027.0,3.0,20.0,2.0,225.0,6.818182
4028.0,5.0,20.0,2.0,225.0,14.0625
4029.0,10.0,20.0,2.0,225.0,7.2580647
4030.0,20.0,20.0,2.0,225.0,5.487805
4031.0,40.0,20.0,2.0,225.0,5.769231
4032.0,0.0,20.0,2.0,225.0,225.0
4033.0,0.5,20.0,2.0,225.0,225.0
4034.0,1.0,20.0,2.0,225.0,56.25
4035.0,2.0,20.0,2.0,225.0,37.5
4036.0,3.0,20.0,2.0,225.0,8.333333
4037.0,5.0,20.0,2.0,225.0,7.2580647
4038.0,10.0,20.0,2.0,225.0,7.2580647
4039.0,20.0,20.0,2.0,225.0,5.357143
4040.0,40.0,20.0,2.0,225.0,5.0
4041.0,0.0,20.0,2.0,225.0,225.0
4042.0,0.5,20.0,2.0,225.0,225.0
4043.0,1.0,20.0,2.0,225.0,10.714286
4044.0,2.0,20.0,2.0,225.0,12.5
4045.0,3.0,20.0,2.0,225.0,15.0
4046.0,5.0,20.0,2.0,225.0,6.428571
4047.0,10.0,20.0,2.0,225.0,4.8913045
4048.0,20.0,20.0,2.0,225.0,5.625
4049.0,40.0,20.0,2.0,225.0,5.0
4050.0,0.0,20.0,2.0,250.0,50.0
4051.0,0.5,20.0,2.0,250.0,19.23077
4052.0,1.0,20.0,2.0,250.0,8.064516
4053.0,2.0,20.0,2.0,250.0,7.352941
4054.0,3.0,20.0,2.0,250.0,9.259259
4055.0,5.0,20.0,2.0,250.0,10.0
4056.0,10.0,20.0,2.0,250.0,5.0
4057.0,20.0,20.0,2.0,250.0,5.319149
4058.0,40.0,20.0,2.0,250.0,5.319149
4059.0,0.0,20.0,2.0,250.0,5.8139534
4060.0,0.5,20.0,2.0,250.0,41.666668
4061.0,1.0,20.0,2.0,250.0,16.666666
4062.0,2.0,20.0,2.0,250.0,10.0
4063.0,3.0,20.0,2.0,250.0,8.928572
4064.0,5.0,20.0,2.0,250.0,8.064516
4065.0,10.0,20.0,2.0,250.0,4.716981
4066.0,20.0,20.0,2.0,250.0,6.4102564
4067.0,40.0,20.0,2.0,250.0,5.8139534
4068.0,0.0,20.0,2.0,250.0,35.714287
4069.0,0.5,20.0,2.0,250.0,5.319149
4070.0,1.0,20.0,2.0,250.0,83.333336
4071.0,2.0,20.0,2.0,250.0,19.23077
4072.0,3.0,20.0,2.0,250.0,10.0
4073.0,5.0,20.0,2.0,250.0,11.904762
4074.0,10.0,20.0,2.0,250.0,5.952381
4075.0,20.0,20.0,2.0,250.0,6.4102564
4076.0,40.0,20.0,2.0,250.0,5.319149
4077.0,0.0,20.0,2.0,250.0,10.0
4078.0,0.5,20.0,2.0,250.0,83.333336
4079.0,1.0,20.0,2.0,250.0,35.714287
4080.0,2.0,20.0,2.0,250.0,9.259259
4081.0,3.0,20.0,2.0,250.0,8.064516
4082.0,5.0,20.0,2.0,250.0,6.097561
4083.0,10.0,20.0,2.0,250.0,8.064516
4084.0,20.0,20.0,2.0,250.0,5.102041
4085.0,40.0,20.0,2.0,250.0,5.2083335
4086.0,0.0,20.0,2.0,250.0,250.0
4087.0,0.5,20.0,2.0,250.0,8.064516
4088.0,1.0,20.0,2.0,250.0,83.333336
4089.0,2.0,20.0,2.0,250.0,14.705882
4090.0,3.0,20.0,2.0,250.0,8.620689
4091.0,5.0,20.0,2.0,250.0,10.869565
4092.0,10.0,20.0,2.0,250.0,6.9444447
4093.0,20.0,20.0,2.0,250.0,5.319149
4094.0,40.0,20.0,2.0,250.0,5.102041
4095.0,0.0,20.0,2.0,250.0,250.0
4096.0,0.5,20.0,2.0,250.0,83.333336
4097.0,1.0,20.0,2.0,250.0,25.0
4098.0,2.0,20.0,2.0,250.0,19.23077
4099.0,3.0,20.0,2.0,250.0,7.352941
4100.0,5.0,20.0,2.0,250.0,10.869565
4101.0,10.0,20.0,2.0,250.0,8.064516
4102.0,20.0,20.0,2.0,250.0,6.097561
4103.0,40.0,20.0,2.0,250.0,5.2083335
4104.0,0.0,20.0,2.0,250.0,6.756757
4105.0,0.5,20.0,2.0,250.0,125.0
4106.0,1.0,20.0,2.0,250.0,16.666666
4107.0,2.0,20.0,2.0,250.0,6.9444447
4108.0,3.0,20.0,2.0,250.0,6.5789475
4109.0,5.0,20.0,2.0,250.0,7.142857
4110.0,10.0,20.0,2.0,250.0,7.142857
4111.0,20.0,20.0,2.0,250.0,5.5555553
4112.0,40.0,20.0,2.0,250.0,6.4102564
4113.0,0.0,20.0,2.0,250.0,14.705882
4114.0,0.5,20.0,2.0,250.0,35.714287
4115.0,1.0,20.0,2.0,250.0,7.142857
4116.0,2.0,20.0,2.0,250.0,11.904762
4117.0,3.0,20.0,2.0,250.0,5.681818
4118.0,5.0,20.0,2.0,250.0,7.8125
4119.0,10.0,20.0,2.0,250.0,8.064516
4120.0,20.0,20.0,2.0,250.0,5.952381
4121.0,40.0,20.0,2.0,250.0,5.102041
4122.0,0.0,20.0,2.0,250.0,250.0
4123.0,0.5,20.0,2.0,250.0,83.333336
4124.0,1.0,20.0,2.0,250.0,6.756757
4125.0,2.0,20.0,2.0,250.0,7.352941
4126.0,3.0,20.0,2.0,250.0,7.142857
4127.0,5.0,20.0,2.0,250.0,11.904762
4128.0,10.0,20.0,2.0,250.0,6.097561
4129.0,20.0,20.0,2.0,250.0,5.8139534
4130.0,40.0,20.0,2.0,250.0,4.716981
4131.0,0.0,20.0,2.0,250.0,250.0
4132.0,0.5,20.0,2.0,250.0,22.727272
4133.0,1.0,20.0,2.0,250.0,11.363636
4134.0,2.0,20.0,2.0,250.0,6.4102564
4135.0,3.0,20.0,2.0,250.0,13.888889
4136.0,5.0,20.0,2.0,250.0,7.5757575
4137.0,10.0,20.0,2.0,250.0,8.064516
4138.0,20.0,20.0,2.0,250.0,5.5555553
4139.0,40.0,20.0,2.0,250.0,5.319149
4140.0,0.0,20.0,2.0,250.0,8.064516
4141.0,0.5,20.0,2.0,250.0,19.23077
4142.0,1.0,20.0,2.0,250.0,62.5
4143.0,2.0,20.0,2.0,250.0,25.0
4144.0,3.0,20.0,2.0,250.0,8.333333
4145.0,5.0,20.0,2.0,250.0,5.319149
4146.0,10.0,20.0,2.0,250.0,6.4102564
4147.0,20.0,20.0,2.0,250.0,5.8139534
4148.0,40.0,20.0,2.0,250.0,4.901961
4149.0,0.0,20.0,2.0,250.0,5.8139534
4150.0,0.5,20.0,2.0,250.0,35.714287
4151.0,1.0,20.0,2.0,250.0,83.333336
4152.0,2.0,20.0,2.0,250.0,13.888889
4153.0,3.0,20.0,2.0,250.0,8.620689
4154.0,5.0,20.0,2.0,250.0,5.5555553
4155.0,10.0,20.0,2.0,250.0,6.4102564
4156.0,20.0,20.0,2.0,250.0,5.2083335
4157.0,40.0,20.0,2.0,250.0,5.5555553
4158.0,0.0,20.0,2.0,250.0,22.727272
4159.0,0.5,20.0,2.0,250.0,41.666668
4160.0,1.0,20.0,2.0,250.0,8.928572
4161.0,2.0,20.0,2.0,250.0,10.0
4162.0,3.0,20.0,2.0,250.0,8.064516
4163.0,5.0,20.0,2.0,250.0,17.857143
4164.0,10.0,20.0,2.0,250.0,5.681818
4165.0,20.0,20.0,2.0,250.0,5.681818
4166.0,40.0,20.0,2.0,250.0,5.102041
4167.0,0.0,20.0,2.0,250.0,6.097561
4168.0,0.5,20.0,2.0,250.0,9.259259
4169.0,1.0,20.0,2.0,250.0,41.666668
4170.0,2.0,20.0,2.0,250.0,10.869565
4171.0,3.0,20.0,2.0,250.0,6.9444447
4172.0,5.0,20.0,2.0,250.0,8.333333
4173.0,10.0,20.0,2.0,250.0,6.25
4174.0,20.0,20.0,2.0,250.0,5.681818
4175.0,40.0,20.0,2.0,250.0,5.319149
4176.0,0.0,20.0,2.0,250.0,6.097561
4177.0,0.5,20.0,2.0,250.0,10.869565
4178.0,1.0,20.0,2.0,250.0,6.756757
4179.0,2.0,20.0,2.0,250.0,14.705882
4180.0,3.0,20.0,2.0,250.0,6.5789475
4181.0,5.0,20.0,2.0,250.0,10.0
4182.0,10.0,20.0,2.0,250.0,5.319149
4183.0,20.0,20.0,2.0,250.0,5.2083335
4184.0,40.0,20.0,2.0,250.0,5.8139534
4185.0,0.0,20.0,2.0,250.0,250.0
4186.0,0.5,20.0,2.0,250.0,83.333336
4187.0,1.0,20.0,2.0,250.0,83.333336
4188.0,2.0,20.0,2.0,250.0,5.681818
4189.0,3.0,20.0,2.0,250.0,41.666668
4190.0,5.0,20.0,2.0,250.0,6.5789475
4191.0,10.0,20.0,2.0,250.0,6.4102564
4192.0,20.0,20.0,2.0,250.0,4.901961
4193.0,40.0,20.0,2.0,250.0,5.319149
4194.0,0.0,20.0,2.0,250.0,7.142857
4195.0,0.5,20.0,2.0,250.0,9.259259
4196.0,1.0,20.0,2.0,250.0,50.0
4197.0,2.0,20.0,2.0,250.0,16.666666
4198.0,3.0,20.0,2.0,250.0,6.25
4199.0,5.0,20.0,2.0,250.0,5.4347825
4200.0,10.0,20.0,2.0,250.0,5.319149
4201.0,20.0,20.0,2.0,250.0,5.8139534
4202.0,40.0,20.0,2.0,250.0,5.319149
4203.0,0.0,20.0,2.0,250.0,7.5757575
4204.0,0.5,20.0,2.0,250.0,7.352941
4205.0,1.0,20.0,2.0,250.0,10.0
4206.0,2.0,20.0,2.0,250.0,13.157895
4207.0,3.0,20.0,2.0,250.0,35.714287
4208.0,5.0,20.0,2.0,250.0,7.142857
4209.0,10.0,20.0,2.0,250.0,6.5789475
4210.0,20.0,20.0,2.0,250.0,5.681818
4211.0,40.0,20.0,2.0,250.0,5.5555553
4212.0,0.0,20.0,2.0,250.0,16.666666
4213.0,0.5,20.0,2.0,250.0,8.620689
4214.0,1.0,20.0,2.0,250.0,8.333333
4215.0,2.0,20.0,2.0,250.0,27.777779
4216.0,3.0,20.0,2.0,250.0,7.352941
4217.0,5.0,20.0,2.0,250.0,13.888889
4218.0,10.0,20.0,2.0,250.0,5.2083335
4219.0,20.0,20.0,2.0,250.0,6.25
4220.0,40.0,20.0,2.0,250.0,6.097561
4221.0,0.0,20.0,2.0,250.0,250.0
4222.0,0.5,20.0,2.0,250.0,250.0
4223.0,1.0,20.0,2.0,250.0,10.869565
4224.0,2.0,20.0,2.0,250.0,16.666666
4225.0,3.0,20.0,2.0,250.0,6.9444447
4226.0,5.0,20.0,2.0,250.0,10.416667
4227.0,10.0,20.0,2.0,250.0,6.4102564
4228.0,20.0,20.0,2.0,250.0,5.5555553
4229.0,40.0,20.0,2.0,250.0,4.5454545
4230.0,0.0,20.0,2.0,250.0,14.705882
4231.0,0.5,20.0,2.0,250.0,62.5
4232.0,1.0,20.0,2.0,250.0,11.904762
4233.0,2.0,20.0,2.0,250.0,13.888889
4234.0,3.0,20.0,2.0,250.0,50.0
4235.0,5.0,20.0,2.0,250.0,7.8125
4236.0,10.0,20.0,2.0,250.0,5.8139534
4237.0,20.0,20.0,2.0,250.0,5.8139534
4238.0,40.0,20.0,2.0,250.0,5.681818
4239.0,0.0,20.0,2.0,250.0,250.0
4240.0,0.5,20.0,2.0,250.0,14.705882
4241.0,1.0,20.0,2.0,250.0,62.5
4242.0,2.0,20.0,2.0,250.0,15.625
4243.0,3.0,20.0,2.0,250.0,5.8139534
4244.0,5.0,20.0,2.0,250.0,7.142857
4245.0,10.0,20.0,2.0,250.0,6.4102564
4246.0,20.0,20.0,2.0,250.0,6.097561
4247.0,40.0,20.0,2.0,250.0,5.102041
4248.0,0.0,20.0,2.0,250.0,250.0
4249.0,0.5,20.0,2.0,250.0,62.5
4250.0,1.0,20.0,2.0,250.0,25.0
4251.0,2.0,20.0,2.0,250.0,7.5757575
4252.0,3.0,20.0,2.0,250.0,9.259259
4253.0,5.0,20.0,2.0,250.0,8.333333
4254.0,10.0,20.0,2.0,250.0,6.4102564
4255.0,20.0,20.0,2.0,250.0,6.25
4256.0,40.0,20.0,2.0,250.0,4.8076925
4257.0,0.0,20.0,2.0,250.0,250.0
4258.0,0.5,20.0,2.0,250.0,27.777779
4259.0,1.0,20.0,2.0,250.0,250.0
4260.0,2.0,20.0,2.0,250.0,20.833334
4261.0,3.0,20.0,2.0,250.0,5.4347825
4262.0,5.0,20.0,2.0,250.0,8.928572
4263.0,10.0,20.0,2.0,250.0,5.5555553
4264.0,20.0,20.0,2.0,250.0,5.319149
4265.0,40.0,20.0,2.0,250.0,4.901961
4266.0,0.0,20.0,2.0,250.0,250.0
4267.0,0.5,20.0,2.0,250.0,22.727272
4268.0,1.0,20.0,2.0,250.0,16.666666
4269.0,2.0,20.0,2.0,250.0,15.625
4270.0,3.0,20.0,2.0,250.0,9.259259
4271.0,5.0,20.0,2.0,250.0,8.333333
4272.0,10.0,20.0,2.0,250.0,6.25
4273.0,20.0,20.0,2.0,250.0,4.8076925
4274.0,40.0,20.0,2.0,250.0,5.319149
4275.0,0.0,20.0,2.0,250.0,250.0
4276.0,0.5,20.0,2.0,250.0,83.333336
4277.0,1.0,20.0,2.0,250.0,10.416667
4278.0,2.0,20.0,2.0,250.0,11.363636
4279.0,3.0,20.0,2.0,250.0,14.705882
4280.0,5.0,20.0,2.0,250.0,9.259259
4281.0,10.0,20.0,2.0,250.0,5.4347825
4282.0,20.0,20.0,2.0,250.0,4.8076925
4283.0,40.0,20.0,2.0,250.0,4.716981
4284.0,0.0,20.0,2.0,250.0,250.0
4285.0,0.5,20.0,2.0,250.0,10.416667
4286.0,1.0,20.0,2.0,250.0,11.904762
4287.0,2.0,20.0,2.0,250.0,19.23077
4288.0,3.0,20.0,2.0,250.0,10.869565
4289.0,5.0,20.0,2.0,250.0,16.666666
4290.0,10.0,20.0,2.0,250.0,7.142857
4291.0,20.0,20.0,2.0,250.0,5.5555553
4292.0,40.0,20.0,2.0,250.0,6.25
4293.0,0.0,20.0,2.0,250.0,7.142857
4294.0,0.5,20.0,2.0,250.0,35.714287
4295.0,1.0,20.0,2.0,250.0,11.363636
4296.0,2.0,20.0,2.0,250.0,6.756757
4297.0,3.0,20.0,2.0,250.0,7.142857
4298.0,5.0,20.0,2.0,250.0,6.5789475
4299.0,10.0,20.0,2.0,250.0,7.352941
4300.0,20.0,20.0,2.0,250.0,5.319149
4301.0,40.0,20.0,2.0,250.0,5.319149
4302.0,0.0,20.0,2.0,250.0,8.064516
4303.0,0.5,20.0,2.0,250.0,5.952381
4304.0,1.0,20.0,2.0,250.0,41.666668
4305.0,2.0,20.0,2.0,250.0,27.777779
4306.0,3.0,20.0,2.0,250.0,6.097561
4307.0,5.0,20.0,2.0,250.0,5.2083335
4308.0,10.0,20.0,2.0,250.0,6.25
4309.0,20.0,20.0,2.0,250.0,6.097561
4310.0,40.0,20.0,2.0,250.0,4.716981
4311.0,0.0,20.0,2.0,250.0,250.0
4312.0,0.5,20.0,2.0,250.0,62.5
4313.0,1.0,20.0,2.0,250.0,11.363636
4314.0,2.0,20.0,2.0,250.0,12.5
4315.0,3.0,20.0,2.0,250.0,8.928572
4316.0,5.0,20.0,2.0,250.0,6.097561
4317.0,10.0,20.0,2.0,250.0,5.319149
4318.0,20.0,20.0,2.0,250.0,5.4347825
4319.0,40.0,20.0,2.0,250.0,5.102041
4320.0,0.0,20.0,2.0,250.0,11.904762
4321.0,0.5,20.0,2.0,250.0,41.666668
4322.0,1.0,20.0,2.0,250.0,5.5555553
4323.0,2.0,20.0,2.0,250.0,7.5757575
4324.0,3.0,20.0,2.0,250.0,6.4102564
4325.0,5.0,20.0,2.0,250.0,6.5789475
4326.0,10.0,20.0,2.0,250.0,5.952381
4327.0,20.0,20.0,2.0,250.0,6.097561
4328.0,40.0,20.0,2.0,250.0,5.8139534
4329.0,0.0,20.0,2.0,250.0,250.0
4330.0,0.5,20.0,2.0,250.0,8.064516
4331.0,1.0,20.0,2.0,250.0,11.363636
4332.0,2.0,20.0,2.0,250.0,7.5757575
4333.0,3.0,20.0,2.0,250.0,8.333333
4334.0,5.0,20.0,2.0,250.0,6.25
4335.0,10.0,20.0,2.0,250.0,5.5555553
4336.0,20.0,20.0,2.0,250.0,5.319149
4337.0,40.0,20.0,2.0,250.0,4.901961
4338.0,0.0,20.0,2.0,250.0,10.869565
4339.0,0.5,20.0,2.0,250.0,250.0
4340.0,1.0,20.0,2.0,250.0,50.0
4341.0,2.0,20.0,2.0,250.0,19.23077
4342.0,3.0,20.0,2.0,250.0,13.888889
4343.0,5.0,20.0,2.0,250.0,6.097561
4344.0,10.0,20.0,2.0,250.0,7.8125
4345.0,20.0,20.0,2.0,250.0,5.4347825
4346.0,40.0,20.0,2.0,250.0,5.102041
4347.0,0.0,20.0,2.0,250.0,250.0
4348.0,0.5,20.0,2.0,250.0,250.0
4349.0,1.0,20.0,2.0,250.0,83.333336
4350.0,2.0,20.0,2.0,250.0,6.5789475
4351.0,3.0,20.0,2.0,250.0,9.615385
4352.0,5.0,20.0,2.0,250.0,7.8125
4353.0,10.0,20.0,2.0,250.0,6.5789475
4354.0,20.0,20.0,2.0,250.0,5.5555553
4355.0,40.0,20.0,2.0,250.0,5.5555553
4356.0,0.0,20.0,2.0,250.0,250.0
4357.0,0.5,20.0,2.0,250.0,125.0
4358.0,1.0,20.0,2.0,250.0,41.666668
4359.0,2.0,20.0,2.0,250.0,5.952381
4360.0,3.0,20.0,2.0,250.0,10.0
4361.0,5.0,20.0,2.0,250.0,7.5757575
4362.0,10.0,20.0,2.0,250.0,7.8125
4363.0,20.0,20.0,2.0,250.0,5.319149
4364.0,40.0,20.0,2.0,250.0,5.319149
4365.0,0.0,20.0,2.0,250.0,10.869565
4366.0,0.5,20.0,2.0,250.0,62.5
4367.0,1.0,20.0,2.0,250.0,83.333336
4368.0,2.0,20.0,2.0,250.0,7.8125
4369.0,3.0,20.0,2.0,250.0,20.833334
4370.0,5.0,20.0,2.0,250.0,7.352941
4371.0,10.0,20.0,2.0,250.0,6.4102564
4372.0,20.0,20.0,2.0,250.0,6.756757
4373.0,40.0,20.0,2.0,250.0,5.5555553
4374.0,0.0,20.0,2.0,250.0,10.0
4375.0,0.5,20.0,2.0,250.0,19.23077
4376.0,1.0,20.0,2.0,250.0,50.0
4377.0,2.0,20.0,2.0,250.0,8.620689
4378.0,3.0,20.0,2.0,250.0,41.666668
4379.0,5.0,20.0,2.0,250.0,10.869565
4380.0,10.0,20.0,2.0,250.0,6.5789475
4381.0,20.0,20.0,2.0,250.0,6.097561
4382.0,40.0,20.0,2.0,250.0,4.716981
4383.0,0.0,20.0,2.0,250.0,250.0
4384.0,0.5,20.0,2.0,250.0,62.5
4385.0,1.0,20.0,2.0,250.0,83.333336
4386.0,2.0,20.0,2.0,250.0,7.5757575
4387.0,3.0,20.0,2.0,250.0,6.9444447
4388.0,5.0,20.0,2.0,250.0,4.901961
4389.0,10.0,20.0,2.0,250.0,5.319149
4390.0,20.0,20.0,2.0,250.0,7.352941
4391.0,40.0,20.0,2.0,250.0,5.5555553
4392.0,0.0,20.0,2.0,250.0,250.0
4393.0,0.5,20.0,2.0,250.0,14.705882
4394.0,1.0,20.0,2.0,250.0,25.0
4395.0,2.0,20.0,2.0,250.0,8.928572
4396.0,3.0,20.0,2.0,250.0,10.869565
4397.0,5.0,20.0,2.0,250.0,6.9444447
4398.0,10.0,20.0,2.0,250.0,8.064516
4399.0,20.0,20.0,2.0,250.0,5.5555553
4400.0,40.0,20.0,2.0,250.0,4.385965
4401.0,0.0,20.0,2.0,250.0,6.4102564
4402.0,0.5,20.0,2.0,250.0,62.5
4403.0,1.0,20.0,2.0,250.0,83.333336
4404.0,2.0,20.0,2.0,250.0,5.2083335
4405.0,3.0,20.0,2.0,250.0,8.928572
4406.0,5.0,20.0,2.0,250.0,8.620689
4407.0,10.0,20.0,2.0,250.0,6.9444447
4408.0,20.0,20.0,2.0,250.0,5.319149
4409.0,40.0,20.0,2.0,250.0,5.319149
4410.0,0.0,20.0,2.0,250.0,7.5757575
4411.0,0.5,20.0,2.0,250.0,16.666666
4412.0,1.0,20.0,2.0,250.0,14.705882
4413.0,2.0,20.0,2.0,250.0,25.0
4414.0,3.0,20.0,2.0,250.0,8.064516
4415.0,5.0,20.0,2.0,250.0,7.352941
4416.0,10.0,20.0,2.0,250.0,6.5789475
4417.0,20.0,20.0,2.0,250.0,5.5555553
4418.0,40.0,20.0,2.0,250.0,4.901961
4419.0,0.0,20.0,2.0,250.0,250.0
4420.0,0.5,20.0,2.0,250.0,7.8125
4421.0,1.0,20.0,2.0,250.0,8.333333
4422.0,2.0,20.0,2.0,250.0,5.319149
4423.0,3.0,20.0,2.0,250.0,7.8125
4424.0,5.0,20.0,2.0,250.0,6.756757
4425.0,10.0,20.0,2.0,250.0,6.25
4426.0,20.0,20.0,2.0,250.0,5.8139534
4427.0,40.0,20.0,2.0,250.0,5.319149
4428.0,0.0,20.0,2.0,250.0,13.157895
4429.0,0.5,20.0,2.0,250.0,31.25
4430.0,1.0,20.0,2.0,250.0,8.333333
4431.0,2.0,20.0,2.0,250.0,7.8125
4432.0,3.0,20.0,2.0,250.0,10.416667
4433.0,5.0,20.0,2.0,250.0,11.904762
4434.0,10.0,20.0,2.0,250.0,6.4102564
4435.0,20.0,20.0,2.0,250.0,5.5555553
4436.0,40.0,20.0,2.0,250.0,4.901961
4437.0,0.0,20.0,2.0,250.0,250.0
4438.0,0.5,20.0,2.0,250.0,50.0
4439.0,1.0,20.0,2.0,250.0,7.142857
4440.0,2.0,20.0,2.0,250.0,41.666668
4441.0,3.0,20.0,2.0,250.0,6.4102564
4442.0,5.0,20.0,2.0,250.0,6.9444447
4443.0,10.0,20.0,2.0,250.0,5.8139534
4444.0,20.0,20.0,2.0,250.0,5.8139534
4445.0,40.0,20.0,2.0,250.0,5.8139534
4446.0,0.0,20.0,2.0,250.0,250.0
4447.0,0.5,20.0,2.0,250.0,83.333336
4448.0,1.0,20.0,2.0,250.0,83.333336
4449.0,2.0,20.0,2.0,250.0,7.142857
4450.0,3.0,20.0,2.0,250.0,5.319149
4451.0,5.0,20.0,2.0,250.0,10.0
4452.0,10.0,20.0,2.0,250.0,5.681818
4453.0,20.0,20.0,2.0,250.0,5.319149
4454.0,40.0,20.0,2.0,250.0,6.4102564
4455.0,0.0,20.0,2.0,250.0,7.5757575
4456.0,0.5,20.0,2.0,250.0,83.333336
4457.0,1.0,20.0,2.0,250.0,10.869565
4458.0,2.0,20.0,2.0,250.0,11.363636
4459.0,3.0,20.0,2.0,250.0,31.25
4460.0,5.0,20.0,2.0,250.0,6.756757
4461.0,10.0,20.0,2.0,250.0,6.097561
4462.0,20.0,20.0,2.0,250.0,5.5555553
4463.0,40.0,20.0,2.0,250.0,5.8139534
4464.0,0.0,20.0,2.0,250.0,9.259259
4465.0,0.5,20.0,2.0,250.0,7.142857
4466.0,1.0,20.0,2.0,250.0,12.5
4467.0,2.0,20.0,2.0,250.0,7.142857
4468.0,3.0,20.0,2.0,250.0,10.869565
4469.0,5.0,20.0,2.0,250.0,4.901961
4470.0,10.0,20.0,2.0,250.0,7.5757575
4471.0,20.0,20.0,2.0,250.0,5.2083335
4472.0,40.0,20.0,2.0,250.0,5.102041
4473.0,0.0,20.0,2.0,250.0,250.0
4474.0,0.5,20.0,2.0,250.0,250.0
4475.0,1.0,20.0,2.0,250.0,9.615385
4476.0,2.0,20.0,2.0,250.0,19.23077
4477.0,3.0,20.0,2.0,250.0,8.333333
4478.0,5.0,20.0,2.0,250.0,10.416667
4479.0,10.0,20.0,2.0,250.0,6.097561
4480.0,20.0,20.0,2.0,250.0,6.4102564
4481.0,40.0,20.0,2.0,250.0,6.097561
4482.0,0.0,20.0,2.0,250.0,250.0
4483.0,0.5,20.0,2.0,250.0,83.333336
4484.0,1.0,20.0,2.0,250.0,14.705882
4485.0,2.0,20.0,2.0,250.0,6.25
4486.0,3.0,20.0,2.0,250.0,8.333333
4487.0,5.0,20.0,2.0,250.0,6.097561
4488.0,10.0,20.0,2.0,250.0,7.8125
4489.0,20.0,20.0,2.0,250.0,5.8139534
4490.0,40.0,20.0,2.0,250.0,5.102041
4491.0,0.0,20.0,2.0,250.0,9.259259
4492.0,0.5,20.0,2.0,250.0,27.777779
4493.0,1.0,20.0,2.0,250.0,27.777779
4494.0,2.0,20.0,2.0,250.0,8.333333
4495.0,3.0,20.0,2.0,250.0,6.097561
4496.0,5.0,20.0,2.0,250.0,5.8139534
4497.0,10.0,20.0,2.0,250.0,7.5757575
4498.0,20.0,20.0,2.0,250.0,5.102041
4499.0,40.0,20.0,2.0,250.0,5.0
