Factor 1,Factor 2,Factor 3,Factor 4,Factor 5,Result 1
0.0,0.0,20.0,2.0,100.0,0.0
1.0,0.5,20.0,2.0,100.0,47.60602
2.0,1.0,20.0,2.0,100.0,0.0
3.0,2.0,20.0,2.0,100.0,19.863823
4.0,3.0,20.0,2.0,100.0,15.297058
5.0,5.0,20.0,2.0,100.0,19.131126
6.0,10.0,20.0,2.0,100.0,5.434458
7.0,20.0,20.0,2.0,100.0,2.955553
8.0,40.0,20.0,2.0,100.0,3.783621
9.0,49.0,20.0,2.0,100.0,3.1953914
10.0,0.0,20.0,2.0,100.0,0.0
11.0,0.5,20.0,2.0,100.0,0.0
12.0,1.0,20.0,2.0,100.0,23.259407
13.0,2.0,20.0,2.0,100.0,2.7731707
14.0,3.0,20.0,2.0,100.0,28.401878
15.0,5.0,20.0,2.0,100.0,5.3616467
16.0,10.0,20.0,2.0,100.0,2.4909194
17.0,20.0,20.0,2.0,100.0,6.29
18.0,40.0,20.0,2.0,100.0,2.9409392
19.0,49.0,20.0,2.0,100.0,2.1270206
20.0,0.0,20.0,2.0,100.0,0.0
21.0,0.5,20.0,2.0,100.0,0.0
22.0,1.0,20.0,2.0,100.0,27.300793
23.0,2.0,20.0,2.0,100.0,37.84618
24.0,3.0,20.0,2.0,100.0,3.275977
25.0,5.0,20.0,2.0,100.0,4.4283514
26.0,10.0,20.0,2.0,100.0,11.680079
27.0,20.0,20.0,2.0,100.0,2.1095536
28.0,40.0,20.0,2.0,100.0,3.0155544
29.0,49.0,20.0,2.0,100.0,2.3447464
30.0,0.0,20.0,2.0,100.0,0.0
31.0,0.5,20.0,2.0,100.0,53.42596
32.0,1.0,20.0,2.0,100.0,0.0
33.0,2.0,20.0,2.0,100.0,19.111204
34.0,3.0,20.0,2.0,100.0,7.3817954
35.0,5.0,20.0,2.0,100.0,12.096832
36.0,10.0,20.0,2.0,100.0,8.47885
37.0,20.0,20.0,2.0,100.0,5.4072266
38.0,40.0,20.0,2.0,100.0,3.966774
39.0,49.0,20.0,2.0,100.0,4.7958317
40.0,0.0,20.0,2.0,100.0,0.0
41.0,0.5,20.0,2.0,100.0,28.988503
42.0,1.0,20.0,2.0,100.0,19.76529
43.0,2.0,20.0,2.0,100.0,10.8737335
44.0,3.0,20.0,2.0,100.0,0.0
45.0,5.0,20.0,2.0,100.0,10.078264
46.0,10.0,20.0,2.0,100.0,5.150127
47.0,20.0,20.0,2.0,100.0,3.7061157
48.0,40.0,20.0,2.0,100.0,3.6010168
49.0,49.0,20.0,2.0,100.0,2.9219878
50.0,0.0,20.0,2.0,100.0,11.579763
51.0,0.5,20.0,2.0,100.0,0.0
52.0,1.0,20.0,2.0,100.0,38.552994
53.0,2.0,20.0,2.0,100.0,8.498365
54.0,3.0,20.0,2.0,100.0,45.214306
55.0,5.0,20.0,2.0,100.0,9.105206
56.0,10.0,20.0,2.0,100.0,4.6115794
57.0,20.0,20.0,2.0,100.0,4.3039293
58.0,40.0,20.0,2.0,100.0,2.586832
59.0,49.0,20.0,2.0,100.0,2.7688746
60.0,0.0,20.0,2.0,100.0,0.0
61.0,0.5,20.0,2.0,100.0,36.66515
62.0,1.0,20.0,2.0,100.0,16.970562
63.0,2.0,20.0,2.0,100.0,36.115555
64.0,3.0,20.0,2.0,100.0,49.237522
65.0,5.0,20.0,2.0,100.0,13.606721
66.0,10.0,20.0,2.0,100.0,13.034753
67.0,20.0,20.0,2.0,100.0,5.056095
68.0,40.0,20.0,2.0,100.0,2.447545
69.0,49.0,20.0,2.0,100.0,1.7055298
70.0,0.0,20.0,2.0,100.0,0.0
71.0,0.5,20.0,2.0,100.0,0.0
72.0,1.0,20.0,2.0,100.0,0.0
73.0,2.0,20.0,2.0,100.0,0.0
74.0,3.0,20.0,2.0,100.0,29.698484
75.0,5.0,20.0,2.0,100.0,2.427908
76.0,10.0,20.0,2.0,100.0,4.9952364
77.0,20.0,20.0,2.0,100.0,3.1000476
78.0,40.0,20.0,2.0,100.0,2.5351331
79.0,49.0,20.0,2.0,100.0,3.9824984
80.0,0.0,20.0,2.0,100.0,0.0
81.0,0.5,20.0,2.0,100.0,51.73329
82.0,1.0,20.0,2.0,100.0,59.39697
83.0,2.0,20.0,2.0,100.0,23.437862
84.0,3.0,20.0,2.0,100.0,11.7266865
85.0,5.0,20.0,2.0,100.0,31.112698
86.0,10.0,20.0,2.0,100.0,13.794598
87.0,20.0,20.0,2.0,100.0,2.5476413
88.0,40.0,20.0,2.0,100.0,2.0470653
89.0,49.0,20.0,2.0,100.0,2.6424336
90.0,0.0,20.0,2.0,100.0,0.0
91.0,0.5,20.0,2.0,100.0,0.0
92.0,1.0,20.0,2.0,100.0,18.493242
93.0,2.0,20.0,2.0,100.0,7.3783174
94.0,3.0,20.0,2.0,100.0,12.66228
95.0,5.0,20.0,2.0,100.0,5.57766
96.0,10.0,20.0,2.0,100.0,7.97078
97.0,20.0,20.0,2.0,100.0,3.05946
98.0,40.0,20.0,2.0,100.0,2.3473136
99.0,49.0,20.0,2.0,100.0,2.533569
100.0,0.0,20.0,2.0,100.0,0.0
101.0,0.5,20.0,2.0,100.0,0.0
102.0,1.0,20.0,2.0,100.0,12.845233
103.0,2.0,20.0,2.0,100.0,30.664854
104.0,3.0,20.0,2.0,100.0,11.846237
105.0,5.0,20.0,2.0,100.0,4.743072
106.0,10.0,20.0,2.0,100.0,3.586125
107.0,20.0,20.0,2.0,100.0,2.8097575
108.0,40.0,20.0,2.0,100.0,3.4454815
109.0,49.0,20.0,2.0,100.0,2.1190746
110.0,0.0,20.0,2.0,100.0,0.0
111.0,0.5,20.0,2.0,100.0,49.237522
112.0,1.0,20.0,2.0,100.0,9.911732
113.0,2.0,20.0,2.0,100.0,39.95414
114.0,3.0,20.0,2.0,100.0,2.0586634
115.0,5.0,20.0,2.0,100.0,2.3644187
116.0,10.0,20.0,2.0,100.0,6.6923747
117.0,20.0,20.0,2.0,100.0,2.8238318
118.0,40.0,20.0,2.0,100.0,3.0703259
119.0,49.0,20.0,2.0,100.0,1.7593703
120.0,0.0,20.0,2.0,100.0,0.0
121.0,0.5,20.0,2.0,100.0,0.0
122.0,1.0,20.0,2.0,100.0,40.673496
123.0,2.0,20.0,2.0,100.0,0.0
124.0,3.0,20.0,2.0,100.0,17.037214
125.0,5.0,20.0,2.0,100.0,18.258179
126.0,10.0,20.0,2.0,100.0,4.9086905
127.0,20.0,20.0,2.0,100.0,2.748737
128.0,40.0,20.0,2.0,100.0,2.5671923
129.0,49.0,20.0,2.0,100.0,3.0643883
130.0,0.0,20.0,2.0,100.0,0.0
131.0,0.5,20.0,2.0,100.0,0.0
132.0,1.0,20.0,2.0,100.0,8.326664
133.0,2.0,20.0,2.0,100.0,27.092434
134.0,3.0,20.0,2.0,100.0,6.3669467
135.0,5.0,20.0,2.0,100.0,18.726095
136.0,10.0,20.0,2.0,100.0,6.7122984
137.0,20.0,20.0,2.0,100.0,4.0824833
138.0,40.0,20.0,2.0,100.0,2.364968
139.0,49.0,20.0,2.0,100.0,3.4627266
140.0,0.0,20.0,2.0,100.0,0.0
141.0,0.5,20.0,2.0,100.0,0.0
142.0,1.0,20.0,2.0,100.0,9.910712
143.0,2.0,20.0,2.0,100.0,8.37987
144.0,3.0,20.0,2.0,100.0,42.14657
145.0,5.0,20.0,2.0,100.0,6.497863
146.0,10.0,20.0,2.0,100.0,6.735066
147.0,20.0,20.0,2.0,100.0,4.2426405
148.0,40.0,20.0,2.0,100.0,2.745544
149.0,49.0,20.0,2.0,100.0,2.9029124
150.0,0.0,20.0,2.0,100.0,0.0
151.0,0.5,20.0,2.0,100.0,49.237522
152.0,1.0,20.0,2.0,100.0,14.571662
153.0,2.0,20.0,2.0,100.0,9.332252
154.0,3.0,20.0,2.0,100.0,6.8313003
155.0,5.0,20.0,2.0,100.0,3.4182174
156.0,10.0,20.0,2.0,100.0,6.1066284
157.0,20.0,20.0,2.0,100.0,2.288483
158.0,40.0,20.0,2.0,100.0,3.3645597
159.0,49.0,20.0,2.0,100.0,2.883711
160.0,0.0,20.0,2.0,100.0,0.0
161.0,0.5,20.0,2.0,100.0,28.290163
162.0,1.0,20.0,2.0,100.0,24.849546
163.0,2.0,20.0,2.0,100.0,5.1826916
164.0,3.0,20.0,2.0,100.0,41.01219
165.0,5.0,20.0,2.0,100.0,3.7689095
166.0,10.0,20.0,2.0,100.0,9.893984
167.0,20.0,20.0,2.0,100.0,3.9291105
168.0,40.0,20.0,2.0,100.0,5.8252325
169.0,49.0,20.0,2.0,100.0,2.7911422
170.0,0.0,20.0,2.0,100.0,0.0
171.0,0.5,20.0,2.0,100.0,36.555893
172.0,1.0,20.0,2.0,100.0,31.187605
173.0,2.0,20.0,2.0,100.0,18.05547
174.0,3.0,20.0,2.0,100.0,10.016653
175.0,5.0,20.0,2.0,100.0,8.122685
176.0,10.0,20.0,2.0,100.0,12.980406
177.0,20.0,20.0,2.0,100.0,6.232951
178.0,40.0,20.0,2.0,100.0,3.144913
179.0,49.0,20.0,2.0,100.0,5.512756
180.0,0.0,20.0,2.0,100.0,0.0
181.0,0.5,20.0,2.0,100.0,0.0
182.0,1.0,20.0,2.0,100.0,52.576927
183.0,2.0,20.0,2.0,100.0,10.438855
184.0,3.0,20.0,2.0,100.0,19.283844
185.0,5.0,20.0,2.0,100.0,15.30795
186.0,10.0,20.0,2.0,100.0,7.0237694
187.0,20.0,20.0,2.0,100.0,2.9149153
188.0,40.0,20.0,2.0,100.0,3.2696295
189.0,49.0,20.0,2.0,100.0,2.4270303
190.0,0.0,20.0,2.0,100.0,10.940333
191.0,0.5,20.0,2.0,100.0,31.53305
192.0,1.0,20.0,2.0,100.0,0.0
193.0,2.0,20.0,2.0,100.0,0.0
194.0,3.0,20.0,2.0,100.0,17.14365
195.0,5.0,20.0,2.0,100.0,4.1941004
196.0,10.0,20.0,2.0,100.0,5.6745043
197.0,20.0,20.0,2.0,100.0,2.677063
198.0,40.0,20.0,2.0,100.0,2.288483
199.0,49.0,20.0,2.0,100.0,3.4454823
200.0,0.0,20.0,2.0,100.0,0.0
201.0,0.5,20.0,2.0,100.0,44.97036
202.0,1.0,20.0,2.0,100.0,0.0
203.0,2.0,20.0,2.0,100.0,31.801468
204.0,3.0,20.0,2.0,100.0,39.31073
205.0,5.0,20.0,2.0,100.0,28.035692
206.0,10.0,20.0,2.0,100.0,2.3001037
207.0,20.0,20.0,2.0,100.0,8.092646
208.0,40.0,20.0,2.0,100.0,3.9981616
209.0,49.0,20.0,2.0,100.0,2.9029124
210.0,0.0,20.0,2.0,100.0,0.0
211.0,0.5,20.0,2.0,100.0,23.028969
212.0,1.0,20.0,2.0,100.0,0.0
213.0,2.0,20.0,2.0,100.0,0.0
214.0,3.0,20.0,2.0,100.0,6.5412445
215.0,5.0,20.0,2.0,100.0,9.261629
216.0,10.0,20.0,2.0,100.0,4.9569573
217.0,20.0,20.0,2.0,100.0,4.181542
218.0,40.0,20.0,2.0,100.0,2.643951
219.0,49.0,20.0,2.0,100.0,4.775932
220.0,0.0,20.0,2.0,100.0,0.0
221.0,0.5,20.0,2.0,100.0,0.0
222.0,1.0,20.0,2.0,100.0,15.940864
223.0,2.0,20.0,2.0,100.0,24.906492
224.0,3.0,20.0,2.0,100.0,25.423088
225.0,5.0,20.0,2.0,100.0,12.386629
226.0,10.0,20.0,2.0,100.0,11.981467
227.0,20.0,20.0,2.0,100.0,2.901905
228.0,40.0,20.0,2.0,100.0,6.090586
229.0,49.0,20.0,2.0,100.0,2.0
230.0,0.0,20.0,2.0,100.0,0.0
231.0,0.5,20.0,2.0,100.0,51.733288
232.0,1.0,20.0,2.0,100.0,40.673496
233.0,2.0,20.0,2.0,100.0,10.350984
234.0,3.0,20.0,2.0,100.0,28.219378
235.0,5.0,20.0,2.0,100.0,12.177262
236.0,10.0,20.0,2.0,100.0,6.904105
237.0,20.0,20.0,2.0,100.0,4.320494
238.0,40.0,20.0,2.0,100.0,2.773171
239.0,49.0,20.0,2.0,100.0,1.771892
240.0,0.0,20.0,2.0,100.0,0.0
241.0,0.5,20.0,2.0,100.0,39.803684
242.0,1.0,20.0,2.0,100.0,25.455845
243.0,2.0,20.0,2.0,100.0,4.472136
244.0,3.0,20.0,2.0,100.0,19.784554
245.0,5.0,20.0,2.0,100.0,16.613247
246.0,10.0,20.0,2.0,100.0,4.3949733
247.0,20.0,20.0,2.0,100.0,3.9749215
248.0,40.0,20.0,2.0,100.0,3.7229416
249.0,49.0,20.0,2.0,100.0,3.03158
250.0,0.0,20.0,2.0,100.0,0.0
251.0,0.5,20.0,2.0,100.0,0.0
252.0,1.0,20.0,2.0,100.0,35.92121
253.0,2.0,20.0,2.0,100.0,34.554306
254.0,3.0,20.0,2.0,100.0,9.899495
255.0,5.0,20.0,2.0,100.0,5.5075707
256.0,10.0,20.0,2.0,100.0,5.5450206
257.0,20.0,20.0,2.0,100.0,2.5569537
258.0,40.0,20.0,2.0,100.0,4.1061287
259.0,49.0,20.0,2.0,100.0,4.0530114
260.0,0.0,20.0,2.0,100.0,0.0
261.0,0.5,20.0,2.0,100.0,0.0
262.0,1.0,20.0,2.0,100.0,14.142136
263.0,2.0,20.0,2.0,100.0,41.404507
264.0,3.0,20.0,2.0,100.0,3.2802796
265.0,5.0,20.0,2.0,100.0,5.31436
266.0,10.0,20.0,2.0,100.0,3.276476
267.0,20.0,20.0,2.0,100.0,4.2595525
268.0,40.0,20.0,2.0,100.0,2.7569532
269.0,49.0,20.0,2.0,100.0,4.121322
270.0,0.0,20.0,2.0,100.0,0.0
271.0,0.5,20.0,2.0,100.0,32.005207
272.0,1.0,20.0,2.0,100.0,28.988503
273.0,2.0,20.0,2.0,100.0,19.022795
274.0,3.0,20.0,2.0,100.0,18.69492
275.0,5.0,20.0,2.0,100.0,19.158985
276.0,10.0,20.0,2.0,100.0,8.856887
277.0,20.0,20.0,2.0,100.0,4.996731
278.0,40.0,20.0,2.0,100.0,3.3735666
279.0,49.0,20.0,2.0,100.0,2.5476415
280.0,0.0,20.0,2.0,100.0,0.0
281.0,0.5,20.0,2.0,100.0,43.661575
282.0,1.0,20.0,2.0,100.0,42.14657
283.0,2.0,20.0,2.0,100.0,13.404884
284.0,3.0,20.0,2.0,100.0,37.20663
285.0,5.0,20.0,2.0,100.0,10.856642
286.0,10.0,20.0,2.0,100.0,7.0283313
287.0,20.0,20.0,2.0,100.0,5.293972
288.0,40.0,20.0,2.0,100.0,2.9219875
289.0,49.0,20.0,2.0,100.0,5.8946805
290.0,0.0,20.0,2.0,100.0,25.716402
291.0,0.5,20.0,2.0,100.0,8.915768
292.0,1.0,20.0,2.0,100.0,32.807518
293.0,2.0,20.0,2.0,100.0,6.596602
294.0,3.0,20.0,2.0,100.0,22.464787
295.0,5.0,20.0,2.0,100.0,8.8238945
296.0,10.0,20.0,2.0,100.0,4.316431
297.0,20.0,20.0,2.0,100.0,2.525685
298.0,40.0,20.0,2.0,100.0,3.5876658
299.0,49.0,20.0,2.0,100.0,2.0232565
300.0,0.0,20.0,2.0,100.0,0.0
301.0,0.5,20.0,2.0,100.0,0.0
302.0,1.0,20.0,2.0,100.0,6.7807097
303.0,2.0,20.0,2.0,100.0,20.392673
304.0,3.0,20.0,2.0,100.0,20.126268
305.0,5.0,20.0,2.0,100.0,15.0
306.0,10.0,20.0,2.0,100.0,6.0198092
307.0,20.0,20.0,2.0,100.0,3.2579718
308.0,40.0,20.0,2.0,100.0,2.8654015
309.0,49.0,20.0,2.0,100.0,2.1794496
310.0,0.0,20.0,2.0,100.0,0.0
311.0,0.5,20.0,2.0,100.0,0.0
312.0,1.0,20.0,2.0,100.0,28.041636
313.0,2.0,20.0,2.0,100.0,17.095808
314.0,3.0,20.0,2.0,100.0,31.085901
315.0,5.0,20.0,2.0,100.0,2.283007
316.0,10.0,20.0,2.0,100.0,19.001755
317.0,20.0,20.0,2.0,100.0,9.615959
318.0,40.0,20.0,2.0,100.0,3.3332107
319.0,49.0,20.0,2.0,100.0,1.6832508
320.0,0.0,20.0,2.0,100.0,0.0
321.0,0.5,20.0,2.0,100.0,34.176014
322.0,1.0,20.0,2.0,100.0,0.0
323.0,2.0,20.0,2.0,100.0,31.085901
324.0,3.0,20.0,2.0,100.0,31.134119
325.0,5.0,20.0,2.0,100.0,7.8173594
326.0,10.0,20.0,2.0,100.0,2.9097536
327.0,20.0,20.0,2.0,100.0,4.1478524
328.0,40.0,20.0,2.0,100.0,3.7244253
329.0,49.0,20.0,2.0,100.0,2.0
330.0,0.0,20.0,2.0,100.0,0.0
331.0,0.5,20.0,2.0,100.0,39.95414
332.0,1.0,20.0,2.0,100.0,46.003624
333.0,2.0,20.0,2.0,100.0,35.921207
334.0,3.0,20.0,2.0,100.0,24.097027
335.0,5.0,20.0,2.0,100.0,9.991205
336.0,10.0,20.0,2.0,100.0,12.040337
337.0,20.0,20.0,2.0,100.0,5.372177
338.0,40.0,20.0,2.0,100.0,2.5080824
339.0,49.0,20.0,2.0,100.0,2.5671923
340.0,0.0,20.0,2.0,100.0,0.0
341.0,0.5,20.0,2.0,100.0,0.0
342.0,1.0,20.0,2.0,100.0,44.769783
343.0,2.0,20.0,2.0,100.0,6.410219
344.0,3.0,20.0,2.0,100.0,14.066508
345.0,5.0,20.0,2.0,100.0,10.488089
346.0,10.0,20.0,2.0,100.0,4.9488287
347.0,20.0,20.0,2.0,100.0,3.106304
348.0,40.0,20.0,2.0,100.0,3.6335404
349.0,49.0,20.0,2.0,100.0,3.03158
350.0,0.0,20.0,2.0,100.0,0.0
351.0,0.5,20.0,2.0,100.0,0.0
352.0,1.0,20.0,2.0,100.0,9.291573
353.0,2.0,20.0,2.0,100.0,39.929104
354.0,3.0,20.0,2.0,100.0,16.062378
355.0,5.0,20.0,2.0,100.0,11.287048
356.0,10.0,20.0,2.0,100.0,4.181542
357.0,20.0,20.0,2.0,100.0,3.443878
358.0,40.0,20.0,2.0,100.0,2.7911425
359.0,49.0,20.0,2.0,100.0,2.3278687
360.0,0.0,20.0,2.0,100.0,0.0
361.0,0.5,20.0,2.0,100.0,0.0
362.0,1.0,20.0,2.0,100.0,41.404507
363.0,2.0,20.0,2.0,100.0,32.005207
364.0,3.0,20.0,2.0,100.0,9.944289
365.0,5.0,20.0,2.0,100.0,12.467099
366.0,10.0,20.0,2.0,100.0,9.879834
367.0,20.0,20.0,2.0,100.0,3.9838858
368.0,40.0,20.0,2.0,100.0,2.3055995
369.0,49.0,20.0,2.0,100.0,2.7911425
370.0,0.0,20.0,2.0,100.0,0.0
371.0,0.5,20.0,2.0,100.0,0.0
372.0,1.0,20.0,2.0,100.0,39.95414
373.0,2.0,20.0,2.0,100.0,20.199009
374.0,3.0,20.0,2.0,100.0,15.908832
375.0,5.0,20.0,2.0,100.0,2.662795
376.0,10.0,20.0,2.0,100.0,6.3722887
377.0,20.0,20.0,2.0,100.0,3.9277093
378.0,40.0,20.0,2.0,100.0,2.3431766
379.0,49.0,20.0,2.0,100.0,2.7070396
380.0,0.0,20.0,2.0,100.0,0.0
381.0,0.5,20.0,2.0,100.0,45.214306
382.0,1.0,20.0,2.0,100.0,8.14745
383.0,2.0,20.0,2.0,100.0,0.0
384.0,3.0,20.0,2.0,100.0,6.746492
385.0,5.0,20.0,2.0,100.0,12.503333
386.0,10.0,20.0,2.0,100.0,6.4258
387.0,20.0,20.0,2.0,100.0,5.6477814
388.0,40.0,20.0,2.0,100.0,2.3082597
389.0,49.0,20.0,2.0,100.0,3.0703256
390.0,0.0,20.0,2.0,100.0,0.0
391.0,0.5,20.0,2.0,100.0,39.247078
392.0,1.0,20.0,2.0,100.0,18.129166
393.0,2.0,20.0,2.0,100.0,8.356087
394.0,3.0,20.0,2.0,100.0,7.003924
395.0,5.0,20.0,2.0,100.0,13.373749
396.0,10.0,20.0,2.0,100.0,20.303648
397.0,20.0,20.0,2.0,100.0,1.9724292
398.0,40.0,20.0,2.0,100.0,2.1561825
399.0,49.0,20.0,2.0,100.0,2.964874
400.0,0.0,20.0,2.0,100.0,0.0
401.0,0.5,20.0,2.0,100.0,21.221058
402.0,1.0,20.0,2.0,100.0,38.552994
403.0,2.0,20.0,2.0,100.0,15.93302
404.0,3.0,20.0,2.0,100.0,12.392394
405.0,5.0,20.0,2.0,100.0,20.116327
406.0,10.0,20.0,2.0,100.0,5.3756337
407.0,20.0,20.0,2.0,100.0,2.3857281
408.0,40.0,20.0,2.0,100.0,3.620814
409.0,49.0,20.0,2.0,100.0,3.6722329
410.0,0.0,20.0,2.0,100.0,5.259912
411.0,0.5,20.0,2.0,100.0,0.0
412.0,1.0,20.0,2.0,100.0,50.895317
413.0,2.0,20.0,2.0,100.0,9.040507
414.0,3.0,20.0,2.0,100.0,13.277264
415.0,5.0,20.0,2.0,100.0,14.081396
416.0,10.0,20.0,2.0,100.0,11.129291
417.0,20.0,20.0,2.0,100.0,2.2321415
418.0,40.0,20.0,2.0,100.0,2.309401
419.0,49.0,20.0,2.0,100.0,2.9138422
420.0,0.0,20.0,2.0,100.0,0.0
421.0,0.5,20.0,2.0,100.0,26.102364
422.0,1.0,20.0,2.0,100.0,51.73329
423.0,2.0,20.0,2.0,100.0,0.0
424.0,3.0,20.0,2.0,100.0,12.512851
425.0,5.0,20.0,2.0,100.0,21.056143
426.0,10.0,20.0,2.0,100.0,11.275764
427.0,20.0,20.0,2.0,100.0,2.9409392
428.0,40.0,20.0,2.0,100.0,2.7047715
429.0,49.0,20.0,2.0,100.0,2.9309516
430.0,0.0,20.0,2.0,100.0,0.0
431.0,0.5,20.0,2.0,100.0,33.56089
432.0,1.0,20.0,2.0,100.0,36.963947
433.0,2.0,20.0,2.0,100.0,42.14657
434.0,3.0,20.0,2.0,100.0,11.129291
435.0,5.0,20.0,2.0,100.0,33.56089
436.0,10.0,20.0,2.0,100.0,5.3616467
437.0,20.0,20.0,2.0,100.0,3.5243514
438.0,40.0,20.0,2.0,100.0,3.726993
439.0,49.0,20.0,2.0,100.0,2.2280996
440.0,0.0,20.0,2.0,100.0,0.0
441.0,0.5,20.0,2.0,100.0,0.0
442.0,1.0,20.0,2.0,100.0,29.569128
443.0,2.0,20.0,2.0,100.0,25.33208
444.0,3.0,20.0,2.0,100.0,28.041634
445.0,5.0,20.0,2.0,100.0,23.12286
446.0,10.0,20.0,2.0,100.0,6.199965
447.0,20.0,20.0,2.0,100.0,3.9509864
448.0,40.0,20.0,2.0,100.0,2.4459062
449.0,49.0,20.0,2.0,100.0,3.6456106
450.0,0.0,20.0,2.0,100.0,0.0
451.0,0.5,20.0,2.0,100.0,0.0
452.0,1.0,20.0,2.0,100.0,27.027763
453.0,2.0,20.0,2.0,100.0,39.247078
454.0,3.0,20.0,2.0,100.0,2.9970746
455.0,5.0,20.0,2.0,100.0,6.5468397
456.0,10.0,20.0,2.0,100.0,10.099504
457.0,20.0,20.0,2.0,100.0,2.9597695
458.0,40.0,20.0,2.0,100.0,2.812205
459.0,49.0,20.0,2.0,100.0,2.7911427
460.0,0.0,20.0,2.0,100.0,22.10455
461.0,0.5,20.0,2.0,100.0,0.0
462.0,1.0,20.0,2.0,100.0,0.0
463.0,2.0,20.0,2.0,100.0,18.165901
464.0,3.0,20.0,2.0,100.0,10.300045
465.0,5.0,20.0,2.0,100.0,20.122246
466.0,10.0,20.0,2.0,100.0,5.3445396
467.0,20.0,20.0,2.0,100.0,2.5710492
468.0,40.0,20.0,2.0,100.0,2.515564
469.0,49.0,20.0,2.0,100.0,3.3749778
470.0,0.0,20.0,2.0,100.0,0.0
471.0,0.5,20.0,2.0,100.0,0.0
472.0,1.0,20.0,2.0,100.0,35.83992
473.0,2.0,20.0,2.0,100.0,9.168457
474.0,3.0,20.0,2.0,100.0,8.623289
475.0,5.0,20.0,2.0,100.0,14.4990425
476.0,10.0,20.0,2.0,100.0,5.4580994
477.0,20.0,20.0,2.0,100.0,3.3166249
478.0,40.0,20.0,2.0,100.0,4.154896
479.0,49.0,20.0,2.0,100.0,2.527939
480.0,0.0,20.0,2.0,100.0,0.0
481.0,0.5,20.0,2.0,100.0,0.0
482.0,1.0,20.0,2.0,100.0,39.95414
483.0,2.0,20.0,2.0,100.0,15.871508
484.0,3.0,20.0,2.0,100.0,9.930313
485.0,5.0,20.0,2.0,100.0,22.300972
486.0,10.0,20.0,2.0,100.0,8.310482
487.0,20.0,20.0,2.0,100.0,3.8800702
488.0,40.0,20.0,2.0,100.0,3.1595025
489.0,49.0,20.0,2.0,100.0,4.245721
490.0,0.0,20.0,2.0,100.0,0.0
491.0,0.5,20.0,2.0,100.0,30.270998
492.0,1.0,20.0,2.0,100.0,0.0
493.0,2.0,20.0,2.0,100.0,8.582929
494.0,3.0,20.0,2.0,100.0,11.979149
495.0,5.0,20.0,2.0,100.0,5.6820517
496.0,10.0,20.0,2.0,100.0,4.181542
497.0,20.0,20.0,2.0,100.0,5.7792735
498.0,40.0,20.0,2.0,100.0,2.7368734
499.0,49.0,20.0,2.0,100.0,2.930951
500.0,0.0,20.0,2.0,100.0,0.0
501.0,0.5,20.0,2.0,100.0,0.0
502.0,1.0,20.0,2.0,100.0,39.95414
503.0,2.0,20.0,2.0,100.0,9.662355
504.0,3.0,20.0,2.0,100.0,9.354954
505.0,5.0,20.0,2.0,100.0,23.266571
506.0,10.0,20.0,2.0,100.0,15.775207
507.0,20.0,20.0,2.0,100.0,2.6043441
508.0,40.0,20.0,2.0,100.0,2.5868318
509.0,49.0,20.0,2.0,100.0,2.467889
510.0,0.0,20.0,2.0,100.0,0.0
511.0,0.5,20.0,2.0,100.0,0.0
512.0,1.0,20.0,2.0,100.0,22.501852
513.0,2.0,20.0,2.0,100.0,12.147899
514.0,3.0,20.0,2.0,100.0,16.263456
515.0,5.0,20.0,2.0,100.0,6.8556547
516.0,10.0,20.0,2.0,100.0,2.5785894
517.0,20.0,20.0,2.0,100.0,4.417746
518.0,40.0,20.0,2.0,100.0,5.163978
519.0,49.0,20.0,2.0,100.0,2.283007
520.0,0.0,20.0,2.0,100.0,0.0
521.0,0.5,20.0,2.0,100.0,46.003624
522.0,1.0,20.0,2.0,100.0,19.00877
523.0,2.0,20.0,2.0,100.0,12.991839
524.0,3.0,20.0,2.0,100.0,18.275667
525.0,5.0,20.0,2.0,100.0,14.798649
526.0,10.0,20.0,2.0,100.0,2.5476413
527.0,20.0,20.0,2.0,100.0,3.7859387
528.0,40.0,20.0,2.0,100.0,3.374978
529.0,49.0,20.0,2.0,100.0,2.7368736
530.0,0.0,20.0,2.0,100.0,0.0
531.0,0.5,20.0,2.0,100.0,0.0
532.0,1.0,20.0,2.0,100.0,7.040178
533.0,2.0,20.0,2.0,100.0,14.985707
534.0,3.0,20.0,2.0,100.0,2.446486
535.0,5.0,20.0,2.0,100.0,9.325755
536.0,10.0,20.0,2.0,100.0,15.547163
537.0,20.0,20.0,2.0,100.0,3.838658
538.0,40.0,20.0,2.0,100.0,3.4454818
539.0,49.0,20.0,2.0,100.0,2.3532982
540.0,0.0,20.0,2.0,100.0,46.479385
541.0,0.5,20.0,2.0,100.0,0.0
542.0,1.0,20.0,2.0,100.0,28.112867
543.0,2.0,20.0,2.0,100.0,14.815533
544.0,3.0,20.0,2.0,100.0,11.161158
545.0,5.0,20.0,2.0,100.0,5.8878407
546.0,10.0,20.0,2.0,100.0,9.374369
547.0,20.0,20.0,2.0,100.0,3.739692
548.0,40.0,20.0,2.0,100.0,2.9325757
549.0,49.0,20.0,2.0,100.0,2.5080824
550.0,0.0,20.0,2.0,100.0,12.887627
551.0,0.5,20.0,2.0,100.0,0.0
552.0,1.0,20.0,2.0,100.0,0.0
553.0,2.0,20.0,2.0,100.0,42.899105
554.0,3.0,20.0,2.0,100.0,14.067863
555.0,5.0,20.0,2.0,100.0,13.325593
556.0,10.0,20.0,2.0,100.0,9.566356
557.0,20.0,20.0,2.0,100.0,4.196462
558.0,40.0,20.0,2.0,100.0,3.1607711
559.0,49.0,20.0,2.0,100.0,3.2462306
560.0,0.0,20.0,2.0,100.0,0.0
561.0,0.5,20.0,2.0,100.0,0.0
562.0,1.0,20.0,2.0,100.0,0.0
563.0,2.0,20.0,2.0,100.0,15.370039
564.0,3.0,20.0,2.0,100.0,30.088757
565.0,5.0,20.0,2.0,100.0,11.499482
566.0,10.0,20.0,2.0,100.0,5.6979527
567.0,20.0,20.0,2.0,100.0,3.7229416
568.0,40.0,20.0,2.0,100.0,3.5876658
569.0,49.0,20.0,2.0,100.0,2.9481688
570.0,0.0,20.0,2.0,100.0,0.0
571.0,0.5,20.0,2.0,100.0,38.214306
572.0,1.0,20.0,2.0,100.0,46.801
573.0,2.0,20.0,2.0,100.0,20.59126
574.0,3.0,20.0,2.0,100.0,30.664854
575.0,5.0,20.0,2.0,100.0,7.4740295
576.0,10.0,20.0,2.0,100.0,4.3369946
577.0,20.0,20.0,2.0,100.0,3.1953914
578.0,40.0,20.0,2.0,100.0,3.9824984
579.0,49.0,20.0,2.0,100.0,2.9766247
580.0,0.0,20.0,2.0,100.0,0.0
581.0,0.5,20.0,2.0,100.0,13.517795
582.0,1.0,20.0,2.0,100.0,4.828643
583.0,2.0,20.0,2.0,100.0,16.391054
584.0,3.0,20.0,2.0,100.0,43.661575
585.0,5.0,20.0,2.0,100.0,10.883219
586.0,10.0,20.0,2.0,100.0,4.4844503
587.0,20.0,20.0,2.0,100.0,3.9242833
588.0,40.0,20.0,2.0,100.0,4.3715324
589.0,49.0,20.0,2.0,100.0,3.3705037
590.0,0.0,20.0,2.0,100.0,0.0
591.0,0.5,20.0,2.0,100.0,0.0
592.0,1.0,20.0,2.0,100.0,36.555893
593.0,2.0,20.0,2.0,100.0,32.072834
594.0,3.0,20.0,2.0,100.0,11.469768
595.0,5.0,20.0,2.0,100.0,13.937958
596.0,10.0,20.0,2.0,100.0,3.3519092
597.0,20.0,20.0,2.0,100.0,3.7294102
598.0,40.0,20.0,2.0,100.0,2.4230857
599.0,49.0,20.0,2.0,100.0,6.316442
600.0,0.0,20.0,2.0,100.0,0.0
601.0,0.5,20.0,2.0,100.0,11.759716
602.0,1.0,20.0,2.0,100.0,39.247078
603.0,2.0,20.0,2.0,100.0,13.732131
604.0,3.0,20.0,2.0,100.0,16.583124
605.0,5.0,20.0,2.0,100.0,8.43274
606.0,10.0,20.0,2.0,100.0,9.870591
607.0,20.0,20.0,2.0,100.0,4.255619
608.0,40.0,20.0,2.0,100.0,2.551447
609.0,49.0,20.0,2.0,100.0,2.7368736
610.0,0.0,20.0,2.0,100.0,0.0
611.0,0.5,20.0,2.0,100.0,49.115513
612.0,1.0,20.0,2.0,100.0,40.611984
613.0,2.0,20.0,2.0,100.0,13.659115
614.0,3.0,20.0,2.0,100.0,14.882876
615.0,5.0,20.0,2.0,100.0,3.351909
616.0,10.0,20.0,2.0,100.0,5.513387
617.0,20.0,20.0,2.0,100.0,6.223405
618.0,40.0,20.0,2.0,100.0,4.3572116
619.0,49.0,20.0,2.0,100.0,2.7733912
620.0,0.0,20.0,2.0,100.0,24.26736
621.0,0.5,20.0,2.0,100.0,0.0
622.0,1.0,20.0,2.0,100.0,28.746014
623.0,2.0,20.0,2.0,100.0,18.069311
624.0,3.0,20.0,2.0,100.0,2.7733912
625.0,5.0,20.0,2.0,100.0,39.62743
626.0,10.0,20.0,2.0,100.0,9.273619
627.0,20.0,20.0,2.0,100.0,2.32174
628.0,40.0,20.0,2.0,100.0,2.9648736
629.0,49.0,20.0,2.0,100.0,2.2685335
630.0,0.0,20.0,2.0,100.0,0.0
631.0,0.5,20.0,2.0,100.0,28.041636
632.0,1.0,20.0,2.0,100.0,0.0
633.0,2.0,20.0,2.0,100.0,18.876793
634.0,3.0,20.0,2.0,100.0,10.169984
635.0,5.0,20.0,2.0,100.0,7.2157235
636.0,10.0,20.0,2.0,100.0,7.5478277
637.0,20.0,20.0,2.0,100.0,4.220133
638.0,40.0,20.0,2.0,100.0,2.9975479
639.0,49.0,20.0,2.0,100.0,2.6901958
640.0,0.0,20.0,2.0,100.0,0.0
641.0,0.5,20.0,2.0,100.0,49.963318
642.0,1.0,20.0,2.0,100.0,10.958599
643.0,2.0,20.0,2.0,100.0,10.061351
644.0,3.0,20.0,2.0,100.0,11.103644
645.0,5.0,20.0,2.0,100.0,11.537379
646.0,10.0,20.0,2.0,100.0,3.660601
647.0,20.0,20.0,2.0,100.0,3.5590262
648.0,40.0,20.0,2.0,100.0,2.3979158
649.0,49.0,20.0,2.0,100.0,2.5086744
650.0,0.0,20.0,2.0,100.0,0.0
651.0,0.5,20.0,2.0,100.0,36.555893
652.0,1.0,20.0,2.0,100.0,0.0
653.0,2.0,20.0,2.0,100.0,48.418316
654.0,3.0,20.0,2.0,100.0,50.063293
655.0,5.0,20.0,2.0,100.0,34.64583
656.0,10.0,20.0,2.0,100.0,10.63537
657.0,20.0,20.0,2.0,100.0,2.5671923
658.0,40.0,20.0,2.0,100.0,3.6490808
659.0,49.0,20.0,2.0,100.0,2.617188
660.0,0.0,20.0,2.0,100.0,0.0
661.0,0.5,20.0,2.0,100.0,0.0
662.0,1.0,20.0,2.0,100.0,0.0
663.0,2.0,20.0,2.0,100.0,17.873632
664.0,3.0,20.0,2.0,100.0,37.20663
665.0,5.0,20.0,2.0,100.0,27.288582
666.0,10.0,20.0,2.0,100.0,5.432785
667.0,20.0,20.0,2.0,100.0,3.4799848
668.0,40.0,20.0,2.0,100.0,3.9838858
669.0,49.0,20.0,2.0,100.0,2.3431766
670.0,0.0,20.0,2.0,100.0,0.0
671.0,0.5,20.0,2.0,100.0,0.0
672.0,1.0,20.0,2.0,100.0,42.253204
673.0,2.0,20.0,2.0,100.0,29.966648
674.0,3.0,20.0,2.0,100.0,3.3872828
675.0,5.0,20.0,2.0,100.0,17.20465
676.0,10.0,20.0,2.0,100.0,7.1010027
677.0,20.0,20.0,2.0,100.0,2.6157417
678.0,40.0,20.0,2.0,100.0,3.0150418
679.0,49.0,20.0,2.0,100.0,3.1607716
680.0,0.0,20.0,2.0,100.0,0.0
681.0,0.5,20.0,2.0,100.0,0.0
682.0,1.0,20.0,2.0,100.0,41.404507
683.0,2.0,20.0,2.0,100.0,28.589043
684.0,3.0,20.0,2.0,100.0,27.288582
685.0,5.0,20.0,2.0,100.0,16.985289
686.0,10.0,20.0,2.0,100.0,3.1622777
687.0,20.0,20.0,2.0,100.0,5.219013
688.0,40.0,20.0,2.0,100.0,2.3767881
689.0,49.0,20.0,2.0,100.0,2.718543
690.0,0.0,20.0,2.0,100.0,0.0
691.0,0.5,20.0,2.0,100.0,0.0
692.0,1.0,20.0,2.0,100.0,20.16598
693.0,2.0,20.0,2.0,100.0,19.723083
694.0,3.0,20.0,2.0,100.0,14.071247
695.0,5.0,20.0,2.0,100.0,9.928315
696.0,10.0,20.0,2.0,100.0,12.108308
697.0,20.0,20.0,2.0,100.0,4.9229355
698.0,40.0,20.0,2.0,100.0,3.1288135
699.0,49.0,20.0,2.0,100.0,3.8074574
700.0,0.0,20.0,2.0,100.0,0.0
701.0,0.5,20.0,2.0,100.0,0.0
702.0,1.0,20.0,2.0,100.0,0.0
703.0,2.0,20.0,2.0,100.0,15.083103
704.0,3.0,20.0,2.0,100.0,30.138569
705.0,5.0,20.0,2.0,100.0,11.7046995
706.0,10.0,20.0,2.0,100.0,5.0644965
707.0,20.0,20.0,2.0,100.0,5.2217493
708.0,40.0,20.0,2.0,100.0,3.6722329
709.0,49.0,20.0,2.0,100.0,3.1289737
710.0,0.0,20.0,2.0,100.0,0.0
711.0,0.5,20.0,2.0,100.0,41.404507
712.0,1.0,20.0,2.0,100.0,48.335632
713.0,2.0,20.0,2.0,100.0,19.60272
714.0,3.0,20.0,2.0,100.0,11.785787
715.0,5.0,20.0,2.0,100.0,6.7788186
716.0,10.0,20.0,2.0,100.0,5.573518
717.0,20.0,20.0,2.0,100.0,3.2444284
718.0,40.0,20.0,2.0,100.0,2.0407112
719.0,49.0,20.0,2.0,100.0,3.2848861
720.0,0.0,20.0,2.0,100.0,0.0
721.0,0.5,20.0,2.0,100.0,42.14657
722.0,1.0,20.0,2.0,100.0,23.846733
723.0,2.0,20.0,2.0,100.0,19.04131
724.0,3.0,20.0,2.0,100.0,25.32785
725.0,5.0,20.0,2.0,100.0,7.78499
726.0,10.0,20.0,2.0,100.0,5.066228
727.0,20.0,20.0,2.0,100.0,3.9470174
728.0,40.0,20.0,2.0,100.0,2.9479616
729.0,49.0,20.0,2.0,100.0,4.044786
730.0,0.0,20.0,2.0,100.0,0.0
731.0,0.5,20.0,2.0,100.0,0.0
732.0,1.0,20.0,2.0,100.0,0.0
733.0,2.0,20.0,2.0,100.0,46.003624
734.0,3.0,20.0,2.0,100.0,36.350147
735.0,5.0,20.0,2.0,100.0,32.807518
736.0,10.0,20.0,2.0,100.0,4.9562187
737.0,20.0,20.0,2.0,100.0,3.1304953
738.0,40.0,20.0,2.0,100.0,2.9784803
739.0,49.0,20.0,2.0,100.0,2.4974294
740.0,0.0,20.0,2.0,100.0,0.0
741.0,0.5,20.0,2.0,100.0,0.0
742.0,1.0,20.0,2.0,100.0,0.0
743.0,2.0,20.0,2.0,100.0,28.890598
744.0,3.0,20.0,2.0,100.0,31.722757
745.0,5.0,20.0,2.0,100.0,12.011899
746.0,10.0,20.0,2.0,100.0,12.03764
747.0,20.0,20.0,2.0,100.0,9.596401
748.0,40.0,20.0,2.0,100.0,3.4482572
749.0,49.0,20.0,2.0,100.0,3.1201434
750.0,0.0,20.0,2.0,100.0,0.0
751.0,0.5,20.0,2.0,100.0,0.0
752.0,1.0,20.0,2.0,100.0,29.569128
753.0,2.0,20.0,2.0,100.0,23.692474
754.0,3.0,20.0,2.0,100.0,38.734135
755.0,5.0,20.0,2.0,100.0,8.802893
756.0,10.0,20.0,2.0,100.0,5.881616
757.0,20.0,20.0,2.0,100.0,4.92559
758.0,40.0,20.0,2.0,100.0,3.1418695
759.0,49.0,20.0,2.0,100.0,3.5409057
760.0,0.0,20.0,2.0,100.0,0.0
761.0,0.5,20.0,2.0,100.0,34.703506
762.0,1.0,20.0,2.0,100.0,45.214306
763.0,2.0,20.0,2.0,100.0,29.569128
764.0,3.0,20.0,2.0,100.0,18.05547
765.0,5.0,20.0,2.0,100.0,9.148273
766.0,10.0,20.0,2.0,100.0,21.341665
767.0,20.0,20.0,2.0,100.0,3.9978063
768.0,40.0,20.0,2.0,100.0,4.060209
769.0,49.0,20.0,2.0,100.0,3.5409057
770.0,0.0,20.0,2.0,100.0,0.0
771.0,0.5,20.0,2.0,100.0,50.806824
772.0,1.0,20.0,2.0,100.0,54.280136
773.0,2.0,20.0,2.0,100.0,25.53429
774.0,3.0,20.0,2.0,100.0,29.905407
775.0,5.0,20.0,2.0,100.0,9.12871
776.0,10.0,20.0,2.0,100.0,5.287001
777.0,20.0,20.0,2.0,100.0,3.7396917
778.0,40.0,20.0,2.0,100.0,2.9816904
779.0,49.0,20.0,2.0,100.0,3.8901584
780.0,0.0,20.0,2.0,100.0,0.0
781.0,0.5,20.0,2.0,100.0,0.0
782.0,1.0,20.0,2.0,100.0,16.630438
783.0,2.0,20.0,2.0,100.0,30.930029
784.0,3.0,20.0,2.0,100.0,30.397367
785.0,5.0,20.0,2.0,100.0,48.08326
786.0,10.0,20.0,2.0,100.0,7.227086
787.0,20.0,20.0,2.0,100.0,5.0803075
788.0,40.0,20.0,2.0,100.0,3.2381005
789.0,49.0,20.0,2.0,100.0,2.883711
790.0,0.0,20.0,2.0,100.0,0.0
791.0,0.5,20.0,2.0,100.0,23.607908
792.0,1.0,20.0,2.0,100.0,17.587875
793.0,2.0,20.0,2.0,100.0,48.418316
794.0,3.0,20.0,2.0,100.0,14.978688
795.0,5.0,20.0,2.0,100.0,18.273062
796.0,10.0,20.0,2.0,100.0,5.033223
797.0,20.0,20.0,2.0,100.0,2.7487369
798.0,40.0,20.0,2.0,100.0,2.7368734
799.0,49.0,20.0,2.0,100.0,2.036233
800.0,0.0,20.0,2.0,100.0,0.0
801.0,0.5,20.0,2.0,100.0,57.982758
802.0,1.0,20.0,2.0,100.0,39.95414
803.0,2.0,20.0,2.0,100.0,34.268547
804.0,3.0,20.0,2.0,100.0,20.542639
805.0,5.0,20.0,2.0,100.0,10.561986
806.0,10.0,20.0,2.0,100.0,5.98989
807.0,20.0,20.0,2.0,100.0,2.901905
808.0,40.0,20.0,2.0,100.0,5.1190505
809.0,49.0,20.0,2.0,100.0,3.0643885
810.0,0.0,20.0,2.0,100.0,0.0
811.0,0.5,20.0,2.0,100.0,30.664854
812.0,1.0,20.0,2.0,100.0,37.581024
813.0,2.0,20.0,2.0,100.0,21.93931
814.0,3.0,20.0,2.0,100.0,21.587032
815.0,5.0,20.0,2.0,100.0,17.219175
816.0,10.0,20.0,2.0,100.0,8.491826
817.0,20.0,20.0,2.0,100.0,4.669047
818.0,40.0,20.0,2.0,100.0,2.7550821
819.0,49.0,20.0,2.0,100.0,2.7731712
820.0,0.0,20.0,2.0,100.0,0.0
821.0,0.5,20.0,2.0,100.0,0.0
822.0,1.0,20.0,2.0,100.0,0.0
823.0,2.0,20.0,2.0,100.0,43.661575
824.0,3.0,20.0,2.0,100.0,14.525839
825.0,5.0,20.0,2.0,100.0,12.93942
826.0,10.0,20.0,2.0,100.0,3.3638952
827.0,20.0,20.0,2.0,100.0,4.266694
828.0,40.0,20.0,2.0,100.0,3.9418287
829.0,49.0,20.0,2.0,100.0,3.9151063
830.0,0.0,20.0,2.0,100.0,0.0
831.0,0.5,20.0,2.0,100.0,0.0
832.0,1.0,20.0,2.0,100.0,26.727016
833.0,2.0,20.0,2.0,100.0,49.237522
834.0,3.0,20.0,2.0,100.0,24.617067
835.0,5.0,20.0,2.0,100.0,6.666301
836.0,10.0,20.0,2.0,100.0,3.2118201
837.0,20.0,20.0,2.0,100.0,4.51432
838.0,40.0,20.0,2.0,100.0,2.6841533
839.0,49.0,20.0,2.0,100.0,3.3307009
840.0,0.0,20.0,2.0,100.0,0.0
841.0,0.5,20.0,2.0,100.0,0.0
842.0,1.0,20.0,2.0,100.0,57.982758
843.0,2.0,20.0,2.0,100.0,29.966648
844.0,3.0,20.0,2.0,100.0,9.058925
845.0,5.0,20.0,2.0,100.0,10.218819
846.0,10.0,20.0,2.0,100.0,5.361646
847.0,20.0,20.0,2.0,100.0,4.8775864
848.0,40.0,20.0,2.0,100.0,2.8221316
849.0,49.0,20.0,2.0,100.0,1.7078252
850.0,0.0,20.0,2.0,100.0,0.0
851.0,0.5,20.0,2.0,100.0,0.0
852.0,1.0,20.0,2.0,100.0,9.590517
853.0,2.0,20.0,2.0,100.0,29.263174
854.0,3.0,20.0,2.0,100.0,46.003624
855.0,5.0,20.0,2.0,100.0,17.39458
856.0,10.0,20.0,2.0,100.0,8.205689
857.0,20.0,20.0,2.0,100.0,2.1190746
858.0,40.0,20.0,2.0,100.0,2.7207713
859.0,49.0,20.0,2.0,100.0,2.8966317
860.0,0.0,20.0,2.0,100.0,0.0
861.0,0.5,20.0,2.0,100.0,0.0
862.0,1.0,20.0,2.0,100.0,23.755701
863.0,2.0,20.0,2.0,100.0,29.569128
864.0,3.0,20.0,2.0,100.0,37.072002
865.0,5.0,20.0,2.0,100.0,7.169201
866.0,10.0,20.0,2.0,100.0,4.7550282
867.0,20.0,20.0,2.0,100.0,4.4795833
868.0,40.0,20.0,2.0,100.0,2.1021352
869.0,49.0,20.0,2.0,100.0,3.8563383
870.0,0.0,20.0,2.0,100.0,0.0
871.0,0.5,20.0,2.0,100.0,51.73329
872.0,1.0,20.0,2.0,100.0,59.39697
873.0,2.0,20.0,2.0,100.0,34.263683
874.0,3.0,20.0,2.0,100.0,27.682728
875.0,5.0,20.0,2.0,100.0,15.6281185
876.0,10.0,20.0,2.0,100.0,4.3282022
877.0,20.0,20.0,2.0,100.0,3.6208138
878.0,40.0,20.0,2.0,100.0,3.106304
879.0,49.0,20.0,2.0,100.0,2.643951
880.0,0.0,20.0,2.0,100.0,0.0
881.0,0.5,20.0,2.0,100.0,10.802357
882.0,1.0,20.0,2.0,100.0,9.079623
883.0,2.0,20.0,2.0,100.0,28.095078
884.0,3.0,20.0,2.0,100.0,6.090586
885.0,5.0,20.0,2.0,100.0,11.722993
886.0,10.0,20.0,2.0,100.0,8.381075
887.0,20.0,20.0,2.0,100.0,4.9871182
888.0,40.0,20.0,2.0,100.0,2.4270303
889.0,49.0,20.0,2.0,100.0,3.223426
890.0,0.0,20.0,2.0,100.0,0.0
891.0,0.5,20.0,2.0,100.0,0.0
892.0,1.0,20.0,2.0,100.0,40.673496
893.0,2.0,20.0,2.0,100.0,42.14657
894.0,3.0,20.0,2.0,100.0,40.253365
895.0,5.0,20.0,2.0,100.0,26.388128
896.0,10.0,20.0,2.0,100.0,10.012115
897.0,20.0,20.0,2.0,100.0,2.2685337
898.0,40.0,20.0,2.0,100.0,2.6815064
899.0,49.0,20.0,2.0,100.0,3.070326
900.0,0.0,20.0,2.0,100.0,0.0
901.0,0.5,20.0,2.0,100.0,28.219378
902.0,1.0,20.0,2.0,100.0,24.197107
903.0,2.0,20.0,2.0,100.0,0.0
904.0,3.0,20.0,2.0,100.0,14.291189
905.0,5.0,20.0,2.0,100.0,12.047524
906.0,10.0,20.0,2.0,100.0,6.733003
907.0,20.0,20.0,2.0,100.0,2.8966317
908.0,40.0,20.0,2.0,100.0,2.5584085
909.0,49.0,20.0,2.0,100.0,3.0883675
910.0,0.0,20.0,2.0,100.0,0.0
911.0,0.5,20.0,2.0,100.0,11.301803
912.0,1.0,20.0,2.0,100.0,49.963318
913.0,2.0,20.0,2.0,100.0,25.696953
914.0,3.0,20.0,2.0,100.0,18.794628
915.0,5.0,20.0,2.0,100.0,12.405836
916.0,10.0,20.0,2.0,100.0,2.2778075
917.0,20.0,20.0,2.0,100.0,4.266694
918.0,40.0,20.0,2.0,100.0,2.2546248
919.0,49.0,20.0,2.0,100.0,3.0690346
920.0,0.0,20.0,2.0,100.0,0.0
921.0,0.5,20.0,2.0,100.0,42.253204
922.0,1.0,20.0,2.0,100.0,50.003334
923.0,2.0,20.0,2.0,100.0,2.3001037
924.0,3.0,20.0,2.0,100.0,19.71463
925.0,5.0,20.0,2.0,100.0,11.538754
926.0,10.0,20.0,2.0,100.0,7.0164647
927.0,20.0,20.0,2.0,100.0,3.1449127
928.0,40.0,20.0,2.0,100.0,3.1449127
929.0,49.0,20.0,2.0,100.0,3.2078772
930.0,0.0,20.0,2.0,100.0,37.456642
931.0,0.5,20.0,2.0,100.0,0.0
932.0,1.0,20.0,2.0,100.0,39.95414
933.0,2.0,20.0,2.0,100.0,27.46513
934.0,3.0,20.0,2.0,100.0,6.7164197
935.0,5.0,20.0,2.0,100.0,15.215124
936.0,10.0,20.0,2.0,100.0,3.8812501
937.0,20.0,20.0,2.0,100.0,4.069902
938.0,40.0,20.0,2.0,100.0,3.4799848
939.0,49.0,20.0,2.0,100.0,2.5584085
940.0,0.0,20.0,2.0,100.0,0.0
941.0,0.5,20.0,2.0,100.0,0.0
942.0,1.0,20.0,2.0,100.0,0.0
943.0,2.0,20.0,2.0,100.0,15.680136
944.0,3.0,20.0,2.0,100.0,30.199337
945.0,5.0,20.0,2.0,100.0,16.0
946.0,10.0,20.0,2.0,100.0,3.7393124
947.0,20.0,20.0,2.0,100.0,4.7161875
948.0,40.0,20.0,2.0,100.0,2.7550821
949.0,49.0,20.0,2.0,100.0,2.808999
950.0,0.0,20.0,2.0,100.0,0.0
951.0,0.5,20.0,2.0,100.0,0.0
952.0,1.0,20.0,2.0,100.0,38.214306
953.0,2.0,20.0,2.0,100.0,28.988503
954.0,3.0,20.0,2.0,100.0,15.956538
955.0,5.0,20.0,2.0,100.0,10.482308
956.0,10.0,20.0,2.0,100.0,8.537618
957.0,20.0,20.0,2.0,100.0,2.0359094
958.0,40.0,20.0,2.0,100.0,5.487285
959.0,49.0,20.0,2.0,100.0,3.9135394
960.0,0.0,20.0,2.0,100.0,12.918627
961.0,0.5,20.0,2.0,100.0,0.0
962.0,1.0,20.0,2.0,100.0,33.321667
963.0,2.0,20.0,2.0,100.0,17.541786
964.0,3.0,20.0,2.0,100.0,28.431204
965.0,5.0,20.0,2.0,100.0,17.293545
966.0,10.0,20.0,2.0,100.0,6.1530724
967.0,20.0,20.0,2.0,100.0,4.9562182
968.0,40.0,20.0,2.0,100.0,4.065257
969.0,49.0,20.0,2.0,100.0,3.2216587
970.0,0.0,20.0,2.0,100.0,0.0
971.0,0.5,20.0,2.0,100.0,24.684677
972.0,1.0,20.0,2.0,100.0,0.0
973.0,2.0,20.0,2.0,100.0,39.247078
974.0,3.0,20.0,2.0,100.0,4.2501884
975.0,5.0,20.0,2.0,100.0,17.580294
976.0,10.0,20.0,2.0,100.0,6.1501365
977.0,20.0,20.0,2.0,100.0,3.9036005
978.0,40.0,20.0,2.0,100.0,2.8858385
979.0,49.0,20.0,2.0,100.0,2.6249716
980.0,0.0,20.0,2.0,100.0,0.0
981.0,0.5,20.0,2.0,100.0,36.555893
982.0,1.0,20.0,2.0,100.0,28.91943
983.0,2.0,20.0,2.0,100.0,36.350147
984.0,3.0,20.0,2.0,100.0,21.548395
985.0,5.0,20.0,2.0,100.0,4.353433
986.0,10.0,20.0,2.0,100.0,4.497863
987.0,20.0,20.0,2.0,100.0,4.1061287
988.0,40.0,20.0,2.0,100.0,4.482772
989.0,49.0,20.0,2.0,100.0,3.2696295
990.0,0.0,20.0,2.0,100.0,0.0
991.0,0.5,20.0,2.0,100.0,39.95414
992.0,1.0,20.0,2.0,100.0,37.20663
993.0,2.0,20.0,2.0,100.0,12.727922
994.0,3.0,20.0,2.0,100.0,12.079104
995.0,5.0,20.0,2.0,100.0,9.016147
996.0,10.0,20.0,2.0,100.0,6.046826
997.0,20.0,20.0,2.0,100.0,2.4786673
998.0,40.0,20.0,2.0,100.0,2.840645
999.0,49.0,20.0,2.0,100.0,2.861901
1000.0,0.0,20.0,2.0,100.0,12.965767
1001.0,0.5,20.0,2.0,100.0,46.003624
1002.0,1.0,20.0,2.0,100.0,48.335632
1003.0,2.0,20.0,2.0,100.0,0.0
1004.0,3.0,20.0,2.0,100.0,28.307833
1005.0,5.0,20.0,2.0,100.0,14.3527
1006.0,10.0,20.0,2.0,100.0,10.519822
1007.0,20.0,20.0,2.0,100.0,3.330237
1008.0,40.0,20.0,2.0,100.0,3.313979
1009.0,49.0,20.0,2.0,100.0,2.9648736
1010.0,0.0,20.0,2.0,100.0,0.0
1011.0,0.5,20.0,2.0,100.0,36.555893
1012.0,1.0,20.0,2.0,100.0,33.941124
1013.0,2.0,20.0,2.0,100.0,0.0
1014.0,3.0,20.0,2.0,100.0,24.832775
1015.0,5.0,20.0,2.0,100.0,21.023796
1016.0,10.0,20.0,2.0,100.0,8.022538
1017.0,20.0,20.0,2.0,100.0,3.1992643
1018.0,40.0,20.0,2.0,100.0,3.3889961
1019.0,49.0,20.0,2.0,100.0,3.509386
1020.0,0.0,20.0,2.0,100.0,4.4424424
1021.0,0.5,20.0,2.0,100.0,28.536526
1022.0,1.0,20.0,2.0,100.0,43.661575
1023.0,2.0,20.0,2.0,100.0,28.219378
1024.0,3.0,20.0,2.0,100.0,12.980755
1025.0,5.0,20.0,2.0,100.0,12.28433
1026.0,10.0,20.0,2.0,100.0,10.106031
1027.0,20.0,20.0,2.0,100.0,4.142209
1028.0,40.0,20.0,2.0,100.0,4.8648405
1029.0,49.0,20.0,2.0,100.0,2.4494898
1030.0,0.0,20.0,2.0,100.0,0.0
1031.0,0.5,20.0,2.0,100.0,34.703506
1032.0,1.0,20.0,2.0,100.0,41.404507
1033.0,2.0,20.0,2.0,100.0,18.641352
1034.0,3.0,20.0,2.0,100.0,4.932883
1035.0,5.0,20.0,2.0,100.0,16.140013
1036.0,10.0,20.0,2.0,100.0,6.7446947
1037.0,20.0,20.0,2.0,100.0,2.8055916
1038.0,40.0,20.0,2.0,100.0,2.5584085
1039.0,49.0,20.0,2.0,100.0,1.9377785
1040.0,0.0,20.0,2.0,100.0,0.0
1041.0,0.5,20.0,2.0,100.0,3.4544656
1042.0,1.0,20.0,2.0,100.0,26.102364
1043.0,2.0,20.0,2.0,100.0,16.45195
1044.0,3.0,20.0,2.0,100.0,6.3946
1045.0,5.0,20.0,2.0,100.0,19.235384
1046.0,10.0,20.0,2.0,100.0,5.6477823
1047.0,20.0,20.0,2.0,100.0,4.2706084
1048.0,40.0,20.0,2.0,100.0,3.4775808
1049.0,49.0,20.0,2.0,100.0,3.345217
1050.0,0.0,20.0,2.0,100.0,0.0
1051.0,0.5,20.0,2.0,100.0,11.811653
1052.0,1.0,20.0,2.0,100.0,0.0
1053.0,2.0,20.0,2.0,100.0,34.64583
1054.0,3.0,20.0,2.0,100.0,13.918128
1055.0,5.0,20.0,2.0,100.0,19.065676
1056.0,10.0,20.0,2.0,100.0,32.58834
1057.0,20.0,20.0,2.0,100.0,5.6979527
1058.0,40.0,20.0,2.0,100.0,4.255619
1059.0,49.0,20.0,2.0,100.0,2.8267431
1060.0,0.0,20.0,2.0,100.0,18.436506
1061.0,0.5,20.0,2.0,100.0,0.0
1062.0,1.0,20.0,2.0,100.0,0.0
1063.0,2.0,20.0,2.0,100.0,25.9101
1064.0,3.0,20.0,2.0,100.0,10.0
1065.0,5.0,20.0,2.0,100.0,20.502031
1066.0,10.0,20.0,2.0,100.0,4.395482
1067.0,20.0,20.0,2.0,100.0,2.6903708
1068.0,40.0,20.0,2.0,100.0,3.6817873
1069.0,49.0,20.0,2.0,100.0,3.7126207
1070.0,0.0,20.0,2.0,100.0,0.0
1071.0,0.5,20.0,2.0,100.0,0.0
1072.0,1.0,20.0,2.0,100.0,27.006172
1073.0,2.0,20.0,2.0,100.0,25.553865
1074.0,3.0,20.0,2.0,100.0,38.99145
1075.0,5.0,20.0,2.0,100.0,23.632605
1076.0,10.0,20.0,2.0,100.0,4.155318
1077.0,20.0,20.0,2.0,100.0,5.4993114
1078.0,40.0,20.0,2.0,100.0,2.4049013
1079.0,49.0,20.0,2.0,100.0,4.2370253
1080.0,0.0,20.0,2.0,100.0,0.0
1081.0,0.5,20.0,2.0,100.0,0.0
1082.0,1.0,20.0,2.0,100.0,35.303444
1083.0,2.0,20.0,2.0,100.0,32.259365
1084.0,3.0,20.0,2.0,100.0,13.071234
1085.0,5.0,20.0,2.0,100.0,29.263174
1086.0,10.0,20.0,2.0,100.0,4.854287
1087.0,20.0,20.0,2.0,100.0,4.169047
1088.0,40.0,20.0,2.0,100.0,5.097577
1089.0,49.0,20.0,2.0,100.0,3.4627268
1090.0,0.0,20.0,2.0,100.0,0.0
1091.0,0.5,20.0,2.0,100.0,44.76978
1092.0,1.0,20.0,2.0,100.0,0.0
1093.0,2.0,20.0,2.0,100.0,31.622776
1094.0,3.0,20.0,2.0,100.0,6.6315928
1095.0,5.0,20.0,2.0,100.0,7.6042213
1096.0,10.0,20.0,2.0,100.0,11.709445
1097.0,20.0,20.0,2.0,100.0,3.1599514
1098.0,40.0,20.0,2.0,100.0,3.4641016
1099.0,49.0,20.0,2.0,100.0,3.2971723
1100.0,0.0,20.0,2.0,100.0,0.0
1101.0,0.5,20.0,2.0,100.0,21.768478
1102.0,1.0,20.0,2.0,100.0,21.548395
1103.0,2.0,20.0,2.0,100.0,43.362812
1104.0,3.0,20.0,2.0,100.0,12.037334
1105.0,5.0,20.0,2.0,100.0,11.695636
1106.0,10.0,20.0,2.0,100.0,9.968004
1107.0,20.0,20.0,2.0,100.0,4.5673075
1108.0,40.0,20.0,2.0,100.0,2.6058543
1109.0,49.0,20.0,2.0,100.0,2.0505314
1110.0,0.0,20.0,2.0,100.0,0.0
1111.0,0.5,20.0,2.0,100.0,0.0
1112.0,1.0,20.0,2.0,100.0,37.434387
1113.0,2.0,20.0,2.0,100.0,28.112867
1114.0,3.0,20.0,2.0,100.0,39.95414
1115.0,5.0,20.0,2.0,100.0,11.666666
1116.0,10.0,20.0,2.0,100.0,8.636747
1117.0,20.0,20.0,2.0,100.0,4.498677
1118.0,40.0,20.0,2.0,100.0,3.396765
1119.0,49.0,20.0,2.0,100.0,3.7275646
1120.0,0.0,20.0,2.0,100.0,0.0
1121.0,0.5,20.0,2.0,100.0,39.247078
1122.0,1.0,20.0,2.0,100.0,13.773681
1123.0,2.0,20.0,2.0,100.0,0.0
1124.0,3.0,20.0,2.0,100.0,38.552994
1125.0,5.0,20.0,2.0,100.0,5.382351
1126.0,10.0,20.0,2.0,100.0,8.922506
1127.0,20.0,20.0,2.0,100.0,4.0293045
1128.0,40.0,20.0,2.0,100.0,2.9784803
1129.0,49.0,20.0,2.0,100.0,4.6046295
1130.0,0.0,20.0,2.0,100.0,0.0
1131.0,0.5,20.0,2.0,100.0,0.0
1132.0,1.0,20.0,2.0,100.0,43.661575
1133.0,2.0,20.0,2.0,100.0,9.339742
1134.0,3.0,20.0,2.0,100.0,19.592516
1135.0,5.0,20.0,2.0,100.0,4.3471184
1136.0,10.0,20.0,2.0,100.0,13.605555
1137.0,20.0,20.0,2.0,100.0,3.0521777
1138.0,40.0,20.0,2.0,100.0,3.525181
1139.0,49.0,20.0,2.0,100.0,4.2370253
1140.0,0.0,20.0,2.0,100.0,0.0
1141.0,0.5,20.0,2.0,100.0,0.0
1142.0,1.0,20.0,2.0,100.0,46.003624
1143.0,2.0,20.0,2.0,100.0,26.318562
1144.0,3.0,20.0,2.0,100.0,42.899105
1145.0,5.0,20.0,2.0,100.0,19.502136
1146.0,10.0,20.0,2.0,100.0,13.396517
1147.0,20.0,20.0,2.0,100.0,2.7857196
1148.0,40.0,20.0,2.0,100.0,3.2078772
1149.0,49.0,20.0,2.0,100.0,2.3343685
1150.0,0.0,20.0,2.0,100.0,0.0
1151.0,0.5,20.0,2.0,100.0,0.0
1152.0,1.0,20.0,2.0,100.0,0.0
1153.0,2.0,20.0,2.0,100.0,19.611504
1154.0,3.0,20.0,2.0,100.0,11.979149
1155.0,5.0,20.0,2.0,100.0,3.7802746
1156.0,10.0,20.0,2.0,100.0,7.0612397
1157.0,20.0,20.0,2.0,100.0,4.608481
1158.0,40.0,20.0,2.0,100.0,4.0676103
1159.0,49.0,20.0,2.0,100.0,2.7812395
1160.0,0.0,20.0,2.0,100.0,0.0
1161.0,0.5,20.0,2.0,100.0,18.53675
1162.0,1.0,20.0,2.0,100.0,27.537853
1163.0,2.0,20.0,2.0,100.0,15.275252
1164.0,3.0,20.0,2.0,100.0,9.776064
1165.0,5.0,20.0,2.0,100.0,12.744578
1166.0,10.0,20.0,2.0,100.0,11.898071
1167.0,20.0,20.0,2.0,100.0,3.4978986
1168.0,40.0,20.0,2.0,100.0,4.1612244
1169.0,49.0,20.0,2.0,100.0,3.4935193
1170.0,0.0,20.0,2.0,100.0,0.0
1171.0,0.5,20.0,2.0,100.0,0.0
1172.0,1.0,20.0,2.0,100.0,13.0128145
1173.0,2.0,20.0,2.0,100.0,11.445523
1174.0,3.0,20.0,2.0,100.0,29.19475
1175.0,5.0,20.0,2.0,100.0,12.538293
1176.0,10.0,20.0,2.0,100.0,6.0553007
1177.0,20.0,20.0,2.0,100.0,2.288483
1178.0,40.0,20.0,2.0,100.0,2.9138422
1179.0,49.0,20.0,2.0,100.0,2.3152308
1180.0,0.0,20.0,2.0,100.0,0.0
1181.0,0.5,20.0,2.0,100.0,34.122326
1182.0,1.0,20.0,2.0,100.0,0.0
1183.0,2.0,20.0,2.0,100.0,41.404507
1184.0,3.0,20.0,2.0,100.0,24.317347
1185.0,5.0,20.0,2.0,100.0,3.1418698
1186.0,10.0,20.0,2.0,100.0,4.7844443
1187.0,20.0,20.0,2.0,100.0,2.8837113
1188.0,40.0,20.0,2.0,100.0,3.407388
1189.0,49.0,20.0,2.0,100.0,3.5392535
1190.0,0.0,20.0,2.0,100.0,16.324549
1191.0,0.5,20.0,2.0,100.0,0.0
1192.0,1.0,20.0,2.0,100.0,38.552994
1193.0,2.0,20.0,2.0,100.0,46.800995
1194.0,3.0,20.0,2.0,100.0,16.065836
1195.0,5.0,20.0,2.0,100.0,15.116217
1196.0,10.0,20.0,2.0,100.0,4.7354245
1197.0,20.0,20.0,2.0,100.0,5.1215982
1198.0,40.0,20.0,2.0,100.0,3.3332107
1199.0,49.0,20.0,2.0,100.0,2.9015465
1200.0,0.0,20.0,2.0,100.0,0.0
1201.0,0.5,20.0,2.0,100.0,0.0
1202.0,1.0,20.0,2.0,100.0,46.47939
1203.0,2.0,20.0,2.0,100.0,7.003924
1204.0,3.0,20.0,2.0,100.0,6.175101
1205.0,5.0,20.0,2.0,100.0,22.056746
1206.0,10.0,20.0,2.0,100.0,4.6142073
1207.0,20.0,20.0,2.0,100.0,4.1364594
1208.0,40.0,20.0,2.0,100.0,2.9912152
1209.0,49.0,20.0,2.0,100.0,2.6217394
1210.0,0.0,20.0,2.0,100.0,0.0
1211.0,0.5,20.0,2.0,100.0,0.0
1212.0,1.0,20.0,2.0,100.0,11.0855255
1213.0,2.0,20.0,2.0,100.0,0.0
1214.0,3.0,20.0,2.0,100.0,39.703064
1215.0,5.0,20.0,2.0,100.0,13.946325
1216.0,10.0,20.0,2.0,100.0,2.940939
1217.0,20.0,20.0,2.0,100.0,4.553387
1218.0,40.0,20.0,2.0,100.0,2.443566
1219.0,49.0,20.0,2.0,100.0,3.8707178
1220.0,0.0,20.0,2.0,100.0,0.0
1221.0,0.5,20.0,2.0,100.0,0.0
1222.0,1.0,20.0,2.0,100.0,34.703506
1223.0,2.0,20.0,2.0,100.0,36.555893
1224.0,3.0,20.0,2.0,100.0,14.05347
1225.0,5.0,20.0,2.0,100.0,20.51016
1226.0,10.0,20.0,2.0,100.0,7.8543563
1227.0,20.0,20.0,2.0,100.0,5.12696
1228.0,40.0,20.0,2.0,100.0,3.1000476
1229.0,49.0,20.0,2.0,100.0,1.8484228
1230.0,0.0,20.0,2.0,100.0,0.0
1231.0,0.5,20.0,2.0,100.0,0.0
1232.0,1.0,20.0,2.0,100.0,0.0
1233.0,2.0,20.0,2.0,100.0,6.837197
1234.0,3.0,20.0,2.0,100.0,19.795622
1235.0,5.0,20.0,2.0,100.0,20.894293
1236.0,10.0,20.0,2.0,100.0,4.075573
1237.0,20.0,20.0,2.0,100.0,2.3431766
1238.0,40.0,20.0,2.0,100.0,2.7731707
1239.0,49.0,20.0,2.0,100.0,2.6140645
1240.0,0.0,20.0,2.0,100.0,0.0
1241.0,0.5,20.0,2.0,100.0,0.0
1242.0,1.0,20.0,2.0,100.0,28.746014
1243.0,2.0,20.0,2.0,100.0,14.713939
1244.0,3.0,20.0,2.0,100.0,31.533052
1245.0,5.0,20.0,2.0,100.0,11.019464
1246.0,10.0,20.0,2.0,100.0,5.3851647
1247.0,20.0,20.0,2.0,100.0,3.1418695
1248.0,40.0,20.0,2.0,100.0,2.8643808
1249.0,49.0,20.0,2.0,100.0,2.9343302
1250.0,0.0,20.0,2.0,100.0,0.0
1251.0,0.5,20.0,2.0,100.0,44.43347
1252.0,1.0,20.0,2.0,100.0,0.0
1253.0,2.0,20.0,2.0,100.0,19.761072
1254.0,3.0,20.0,2.0,100.0,14.277994
1255.0,5.0,20.0,2.0,100.0,7.4921207
1256.0,10.0,20.0,2.0,100.0,6.8371964
1257.0,20.0,20.0,2.0,100.0,2.861901
1258.0,40.0,20.0,2.0,100.0,2.236068
1259.0,49.0,20.0,2.0,100.0,2.380476
1260.0,0.0,20.0,2.0,100.0,0.0
1261.0,0.5,20.0,2.0,100.0,0.0
1262.0,1.0,20.0,2.0,100.0,19.479902
1263.0,2.0,20.0,2.0,100.0,49.497475
1264.0,3.0,20.0,2.0,100.0,28.041634
1265.0,5.0,20.0,2.0,100.0,9.481812
1266.0,10.0,20.0,2.0,100.0,11.47046
1267.0,20.0,20.0,2.0,100.0,2.8739762
1268.0,40.0,20.0,2.0,100.0,2.211442
1269.0,49.0,20.0,2.0,100.0,4.106129
1270.0,0.0,20.0,2.0,100.0,0.0
1271.0,0.5,20.0,2.0,100.0,0.0
1272.0,1.0,20.0,2.0,100.0,16.243973
1273.0,2.0,20.0,2.0,100.0,34.08812
1274.0,3.0,20.0,2.0,100.0,8.219219
1275.0,5.0,20.0,2.0,100.0,5.543534
1276.0,10.0,20.0,2.0,100.0,6.115554
1277.0,20.0,20.0,2.0,100.0,3.3470306
1278.0,40.0,20.0,2.0,100.0,3.955897
1279.0,49.0,20.0,2.0,100.0,2.7404163
1280.0,0.0,20.0,2.0,100.0,0.0
1281.0,0.5,20.0,2.0,100.0,2.864381
1282.0,1.0,20.0,2.0,100.0,0.0
1283.0,2.0,20.0,2.0,100.0,13.56801
1284.0,3.0,20.0,2.0,100.0,3.1992645
1285.0,5.0,20.0,2.0,100.0,14.124447
1286.0,10.0,20.0,2.0,100.0,10.349449
1287.0,20.0,20.0,2.0,100.0,3.772969
1288.0,40.0,20.0,2.0,100.0,1.7922392
1289.0,49.0,20.0,2.0,100.0,3.2290714
1290.0,0.0,20.0,2.0,100.0,0.0
1291.0,0.5,20.0,2.0,100.0,46.500896
1292.0,1.0,20.0,2.0,100.0,23.508863
1293.0,2.0,20.0,2.0,100.0,28.219378
1294.0,3.0,20.0,2.0,100.0,3.0594597
1295.0,5.0,20.0,2.0,100.0,29.365513
1296.0,10.0,20.0,2.0,100.0,6.8033605
1297.0,20.0,20.0,2.0,100.0,2.8258264
1298.0,40.0,20.0,2.0,100.0,1.9210613
1299.0,49.0,20.0,2.0,100.0,3.1278667
1300.0,0.0,20.0,2.0,100.0,0.0
1301.0,0.5,20.0,2.0,100.0,37.872593
1302.0,1.0,20.0,2.0,100.0,13.471855
1303.0,2.0,20.0,2.0,100.0,12.946471
1304.0,3.0,20.0,2.0,100.0,25.468935
1305.0,5.0,20.0,2.0,100.0,12.270755
1306.0,10.0,20.0,2.0,100.0,7.381796
1307.0,20.0,20.0,2.0,100.0,3.6729386
1308.0,40.0,20.0,2.0,100.0,3.467873
1309.0,49.0,20.0,2.0,100.0,3.0806618
1310.0,0.0,20.0,2.0,100.0,0.0
1311.0,0.5,20.0,2.0,100.0,0.0
1312.0,1.0,20.0,2.0,100.0,32.807518
1313.0,2.0,20.0,2.0,100.0,0.0
1314.0,3.0,20.0,2.0,100.0,28.118795
1315.0,5.0,20.0,2.0,100.0,3.0703259
1316.0,10.0,20.0,2.0,100.0,10.093502
1317.0,20.0,20.0,2.0,100.0,3.4978986
1318.0,40.0,20.0,2.0,100.0,2.5952446
1319.0,49.0,20.0,2.0,100.0,3.1770375
1320.0,0.0,20.0,2.0,100.0,0.0
1321.0,0.5,20.0,2.0,100.0,22.920757
1322.0,1.0,20.0,2.0,100.0,28.746014
1323.0,2.0,20.0,2.0,100.0,0.0
1324.0,3.0,20.0,2.0,100.0,19.274336
1325.0,5.0,20.0,2.0,100.0,14.854854
1326.0,10.0,20.0,2.0,100.0,11.039072
1327.0,20.0,20.0,2.0,100.0,3.5308166
1328.0,40.0,20.0,2.0,100.0,2.7070396
1329.0,49.0,20.0,2.0,100.0,3.419134
1330.0,0.0,20.0,2.0,100.0,0.0
1331.0,0.5,20.0,2.0,100.0,29.143324
1332.0,1.0,20.0,2.0,100.0,42.899105
1333.0,2.0,20.0,2.0,100.0,26.26785
1334.0,3.0,20.0,2.0,100.0,5.656854
1335.0,5.0,20.0,2.0,100.0,23.64318
1336.0,10.0,20.0,2.0,100.0,2.756953
1337.0,20.0,20.0,2.0,100.0,3.3332107
1338.0,40.0,20.0,2.0,100.0,5.9253945
1339.0,49.0,20.0,2.0,100.0,2.7731707
1340.0,0.0,20.0,2.0,100.0,0.0
1341.0,0.5,20.0,2.0,100.0,50.81666
1342.0,1.0,20.0,2.0,100.0,8.621677
1343.0,2.0,20.0,2.0,100.0,42.14657
1344.0,3.0,20.0,2.0,100.0,16.058054
1345.0,5.0,20.0,2.0,100.0,7.086764
1346.0,10.0,20.0,2.0,100.0,5.1581063
1347.0,20.0,20.0,2.0,100.0,3.0721178
1348.0,40.0,20.0,2.0,100.0,3.8511257
1349.0,49.0,20.0,2.0,100.0,3.6185036
1350.0,0.0,20.0,2.0,100.0,0.0
1351.0,0.5,20.0,2.0,100.0,20.22375
1352.0,1.0,20.0,2.0,100.0,0.0
1353.0,2.0,20.0,2.0,100.0,44.769783
1354.0,3.0,20.0,2.0,100.0,5.686241
1355.0,5.0,20.0,2.0,100.0,32.62923
1356.0,10.0,20.0,2.0,100.0,4.7819104
1357.0,20.0,20.0,2.0,100.0,2.467889
1358.0,40.0,20.0,2.0,100.0,2.705598
1359.0,49.0,20.0,2.0,100.0,2.527939
1360.0,0.0,20.0,2.0,100.0,0.0
1361.0,0.5,20.0,2.0,100.0,8.768746
1362.0,1.0,20.0,2.0,100.0,0.0
1363.0,2.0,20.0,2.0,100.0,8.338094
1364.0,3.0,20.0,2.0,100.0,9.365591
1365.0,5.0,20.0,2.0,100.0,8.491826
1366.0,10.0,20.0,2.0,100.0,11.557311
1367.0,20.0,20.0,2.0,100.0,3.2759774
1368.0,40.0,20.0,2.0,100.0,3.3139791
1369.0,49.0,20.0,2.0,100.0,3.3473394
1370.0,0.0,20.0,2.0,100.0,0.0
1371.0,0.5,20.0,2.0,100.0,0.0
1372.0,1.0,20.0,2.0,100.0,24.986662
1373.0,2.0,20.0,2.0,100.0,44.97036
1374.0,3.0,20.0,2.0,100.0,9.195874
1375.0,5.0,20.0,2.0,100.0,14.525839
1376.0,10.0,20.0,2.0,100.0,13.541089
1377.0,20.0,20.0,2.0,100.0,4.7532525
1378.0,40.0,20.0,2.0,100.0,3.7982764
1379.0,49.0,20.0,2.0,100.0,2.808999
1380.0,0.0,20.0,2.0,100.0,0.0
1381.0,0.5,20.0,2.0,100.0,0.0
1382.0,1.0,20.0,2.0,100.0,28.041634
1383.0,2.0,20.0,2.0,100.0,41.404507
1384.0,3.0,20.0,2.0,100.0,59.39697
1385.0,5.0,20.0,2.0,100.0,11.035297
1386.0,10.0,20.0,2.0,100.0,6.2571173
1387.0,20.0,20.0,2.0,100.0,3.9141107
1388.0,40.0,20.0,2.0,100.0,3.706116
1389.0,49.0,20.0,2.0,100.0,3.284886
1390.0,0.0,20.0,2.0,100.0,0.0
1391.0,0.5,20.0,2.0,100.0,22.483328
1392.0,1.0,20.0,2.0,100.0,0.0
1393.0,2.0,20.0,2.0,100.0,14.817945
1394.0,3.0,20.0,2.0,100.0,5.219013
1395.0,5.0,20.0,2.0,100.0,9.300049
1396.0,10.0,20.0,2.0,100.0,3.3332107
1397.0,20.0,20.0,2.0,100.0,5.6772146
1398.0,40.0,20.0,2.0,100.0,2.2484074
1399.0,49.0,20.0,2.0,100.0,2.3854718
1400.0,0.0,20.0,2.0,100.0,0.0
1401.0,0.5,20.0,2.0,100.0,0.0
1402.0,1.0,20.0,2.0,100.0,19.231918
1403.0,2.0,20.0,2.0,100.0,14.632536
1404.0,3.0,20.0,2.0,100.0,19.933222
1405.0,5.0,20.0,2.0,100.0,32.316147
1406.0,10.0,20.0,2.0,100.0,6.63808
1407.0,20.0,20.0,2.0,100.0,5.6526437
1408.0,40.0,20.0,2.0,100.0,3.7229416
1409.0,49.0,20.0,2.0,100.0,4.09048
1410.0,0.0,20.0,2.0,100.0,0.0
1411.0,0.5,20.0,2.0,100.0,0.0
1412.0,1.0,20.0,2.0,100.0,0.0
1413.0,2.0,20.0,2.0,100.0,14.370108
1414.0,3.0,20.0,2.0,100.0,26.839025
1415.0,5.0,20.0,2.0,100.0,2.8469744
1416.0,10.0,20.0,2.0,100.0,5.310367
1417.0,20.0,20.0,2.0,100.0,4.0249224
1418.0,40.0,20.0,2.0,100.0,3.8297083
1419.0,49.0,20.0,2.0,100.0,4.187841
1420.0,0.0,20.0,2.0,100.0,36.359318
1421.0,0.5,20.0,2.0,100.0,17.280369
1422.0,1.0,20.0,2.0,100.0,27.11703
1423.0,2.0,20.0,2.0,100.0,21.297216
1424.0,3.0,20.0,2.0,100.0,2.520908
1425.0,5.0,20.0,2.0,100.0,13.190906
1426.0,10.0,20.0,2.0,100.0,9.893371
1427.0,20.0,20.0,2.0,100.0,4.148348
1428.0,40.0,20.0,2.0,100.0,2.6043441
1429.0,49.0,20.0,2.0,100.0,3.0529103
1430.0,0.0,20.0,2.0,100.0,0.0
1431.0,0.5,20.0,2.0,100.0,29.905407
1432.0,1.0,20.0,2.0,100.0,44.43347
1433.0,2.0,20.0,2.0,100.0,37.072002
1434.0,3.0,20.0,2.0,100.0,5.9481897
1435.0,5.0,20.0,2.0,100.0,6.212359
1436.0,10.0,20.0,2.0,100.0,6.4189267
1437.0,20.0,20.0,2.0,100.0,3.1000473
1438.0,40.0,20.0,2.0,100.0,2.7000883
1439.0,49.0,20.0,2.0,100.0,4.2817445
1440.0,0.0,20.0,2.0,100.0,15.527753
1441.0,0.5,20.0,2.0,100.0,0.0
1442.0,1.0,20.0,2.0,100.0,18.723553
1443.0,2.0,20.0,2.0,100.0,25.78113
1444.0,3.0,20.0,2.0,100.0,23.692474
1445.0,5.0,20.0,2.0,100.0,12.825755
1446.0,10.0,20.0,2.0,100.0,28.711205
1447.0,20.0,20.0,2.0,100.0,3.887196
1448.0,40.0,20.0,2.0,100.0,4.5806613
1449.0,49.0,20.0,2.0,100.0,2.2076044
1450.0,0.0,20.0,2.0,100.0,9.049721
1451.0,0.5,20.0,2.0,100.0,13.427052
1452.0,1.0,20.0,2.0,100.0,0.0
1453.0,2.0,20.0,2.0,100.0,42.426407
1454.0,3.0,20.0,2.0,100.0,13.205961
1455.0,5.0,20.0,2.0,100.0,30.210373
1456.0,10.0,20.0,2.0,100.0,10.421665
1457.0,20.0,20.0,2.0,100.0,8.066233
1458.0,40.0,20.0,2.0,100.0,3.276573
1459.0,49.0,20.0,2.0,100.0,2.9029124
1460.0,0.0,20.0,2.0,100.0,0.0
1461.0,0.5,20.0,2.0,100.0,4.2706084
1462.0,1.0,20.0,2.0,100.0,39.95414
1463.0,2.0,20.0,2.0,100.0,50.895317
1464.0,3.0,20.0,2.0,100.0,3.7919765
1465.0,5.0,20.0,2.0,100.0,11.526367
1466.0,10.0,20.0,2.0,100.0,3.0389626
1467.0,20.0,20.0,2.0,100.0,3.1000476
1468.0,40.0,20.0,2.0,100.0,3.3803704
1469.0,49.0,20.0,2.0,100.0,2.8089993
1470.0,0.0,20.0,2.0,100.0,0.0
1471.0,0.5,20.0,2.0,100.0,0.0
1472.0,1.0,20.0,2.0,100.0,19.79899
1473.0,2.0,20.0,2.0,100.0,39.247078
1474.0,3.0,20.0,2.0,100.0,23.11565
1475.0,5.0,20.0,2.0,100.0,2.790963
1476.0,10.0,20.0,2.0,100.0,4.187282
1477.0,20.0,20.0,2.0,100.0,3.1770375
1478.0,40.0,20.0,2.0,100.0,3.38037
1479.0,49.0,20.0,2.0,100.0,3.1853173
1480.0,0.0,20.0,2.0,100.0,0.0
1481.0,0.5,20.0,2.0,100.0,0.0
1482.0,1.0,20.0,2.0,100.0,50.895317
1483.0,2.0,20.0,2.0,100.0,0.0
1484.0,3.0,20.0,2.0,100.0,15.675276
1485.0,5.0,20.0,2.0,100.0,5.7279606
1486.0,10.0,20.0,2.0,100.0,4.8714237
1487.0,20.0,20.0,2.0,100.0,3.8557317
1488.0,40.0,20.0,2.0,100.0,3.199702
1489.0,49.0,20.0,2.0,100.0,4.98601
1490.0,0.0,20.0,2.0,100.0,0.0
1491.0,0.5,20.0,2.0,100.0,41.01219
1492.0,1.0,20.0,2.0,100.0,0.0
1493.0,2.0,20.0,2.0,100.0,33.26159
1494.0,3.0,20.0,2.0,100.0,18.526688
1495.0,5.0,20.0,2.0,100.0,24.426762
1496.0,10.0,20.0,2.0,100.0,3.7836215
1497.0,20.0,20.0,2.0,100.0,5.543534
1498.0,40.0,20.0,2.0,100.0,1.7992094
1499.0,49.0,20.0,2.0,100.0,6.241184
1500.0,0.0,20.0,2.0,100.0,0.0
1501.0,0.5,20.0,2.0,100.0,0.0
1502.0,1.0,20.0,2.0,100.0,32.50128
1503.0,2.0,20.0,2.0,100.0,36.696957
1504.0,3.0,20.0,2.0,100.0,27.227436
1505.0,5.0,20.0,2.0,100.0,10.925251
1506.0,10.0,20.0,2.0,100.0,10.796825
1507.0,20.0,20.0,2.0,100.0,2.020726
1508.0,40.0,20.0,2.0,100.0,1.7078252
1509.0,49.0,20.0,2.0,100.0,2.2782617
1510.0,0.0,20.0,2.0,100.0,0.0
1511.0,0.5,20.0,2.0,100.0,34.73471
1512.0,1.0,20.0,2.0,100.0,0.0
1513.0,2.0,20.0,2.0,100.0,27.717625
1514.0,3.0,20.0,2.0,100.0,11.131251
1515.0,5.0,20.0,2.0,100.0,17.856571
1516.0,10.0,20.0,2.0,100.0,8.022538
1517.0,20.0,20.0,2.0,100.0,4.2113295
1518.0,40.0,20.0,2.0,100.0,2.8619008
1519.0,49.0,20.0,2.0,100.0,2.380476
1520.0,0.0,20.0,2.0,100.0,0.0
1521.0,0.5,20.0,2.0,100.0,65.053825
1522.0,1.0,20.0,2.0,100.0,46.801
1523.0,2.0,20.0,2.0,100.0,34.122326
1524.0,3.0,20.0,2.0,100.0,33.70954
1525.0,5.0,20.0,2.0,100.0,19.966639
1526.0,10.0,20.0,2.0,100.0,3.185317
1527.0,20.0,20.0,2.0,100.0,5.9674363
1528.0,40.0,20.0,2.0,100.0,2.9327104
1529.0,49.0,20.0,2.0,100.0,3.8710842
1530.0,0.0,20.0,2.0,100.0,0.0
1531.0,0.5,20.0,2.0,100.0,0.0
1532.0,1.0,20.0,2.0,100.0,49.237522
1533.0,2.0,20.0,2.0,100.0,39.247078
1534.0,3.0,20.0,2.0,100.0,28.746014
1535.0,5.0,20.0,2.0,100.0,30.005556
1536.0,10.0,20.0,2.0,100.0,4.2113295
1537.0,20.0,20.0,2.0,100.0,5.4752192
1538.0,40.0,20.0,2.0,100.0,3.314407
1539.0,49.0,20.0,2.0,100.0,1.7078252
1540.0,0.0,20.0,2.0,100.0,0.0
1541.0,0.5,20.0,2.0,100.0,28.112867
1542.0,1.0,20.0,2.0,100.0,3.0221405
1543.0,2.0,20.0,2.0,100.0,7.1882076
1544.0,3.0,20.0,2.0,100.0,43.24735
1545.0,5.0,20.0,2.0,100.0,3.838232
1546.0,10.0,20.0,2.0,100.0,7.1459155
1547.0,20.0,20.0,2.0,100.0,3.6490808
1548.0,40.0,20.0,2.0,100.0,3.3749778
1549.0,49.0,20.0,2.0,100.0,2.3948474
1550.0,0.0,20.0,2.0,100.0,0.0
1551.0,0.5,20.0,2.0,100.0,0.0
1552.0,1.0,20.0,2.0,100.0,33.020195
1553.0,2.0,20.0,2.0,100.0,0.0
1554.0,3.0,20.0,2.0,100.0,17.020996
1555.0,5.0,20.0,2.0,100.0,30.474033
1556.0,10.0,20.0,2.0,100.0,14.326134
1557.0,20.0,20.0,2.0,100.0,3.450869
1558.0,40.0,20.0,2.0,100.0,2.6561882
1559.0,49.0,20.0,2.0,100.0,2.6561882
1560.0,0.0,20.0,2.0,100.0,0.0
1561.0,0.5,20.0,2.0,100.0,0.0
1562.0,1.0,20.0,2.0,100.0,40.673496
1563.0,2.0,20.0,2.0,100.0,39.95414
1564.0,3.0,20.0,2.0,100.0,39.247078
1565.0,5.0,20.0,2.0,100.0,3.939097
1566.0,10.0,20.0,2.0,100.0,8.742096
1567.0,20.0,20.0,2.0,100.0,6.0746274
1568.0,40.0,20.0,2.0,100.0,2.8739762
1569.0,49.0,20.0,2.0,100.0,3.1277163
1570.0,0.0,20.0,2.0,100.0,0.0
1571.0,0.5,20.0,2.0,100.0,36.555893
1572.0,1.0,20.0,2.0,100.0,0.0
1573.0,2.0,20.0,2.0,100.0,5.360109
1574.0,3.0,20.0,2.0,100.0,17.339743
1575.0,5.0,20.0,2.0,100.0,9.566355
1576.0,10.0,20.0,2.0,100.0,3.4438777
1577.0,20.0,20.0,2.0,100.0,3.5269759
1578.0,40.0,20.0,2.0,100.0,1.747952
1579.0,49.0,20.0,2.0,100.0,3.112953
1580.0,0.0,20.0,2.0,100.0,0.0
1581.0,0.5,20.0,2.0,100.0,30.566868
1582.0,1.0,20.0,2.0,100.0,18.493242
1583.0,2.0,20.0,2.0,100.0,17.925774
1584.0,3.0,20.0,2.0,100.0,33.946037
1585.0,5.0,20.0,2.0,100.0,6.904371
1586.0,10.0,20.0,2.0,100.0,9.41124
1587.0,20.0,20.0,2.0,100.0,4.952152
1588.0,40.0,20.0,2.0,100.0,2.6429706
1589.0,49.0,20.0,2.0,100.0,5.4833083
1590.0,0.0,20.0,2.0,100.0,0.0
1591.0,0.5,20.0,2.0,100.0,0.0
1592.0,1.0,20.0,2.0,100.0,0.0
1593.0,2.0,20.0,2.0,100.0,12.569805
1594.0,3.0,20.0,2.0,100.0,23.054283
1595.0,5.0,20.0,2.0,100.0,17.902514
1596.0,10.0,20.0,2.0,100.0,4.805751
1597.0,20.0,20.0,2.0,100.0,5.779052
1598.0,40.0,20.0,2.0,100.0,3.1119463
1599.0,49.0,20.0,2.0,100.0,3.5057776
1600.0,0.0,20.0,2.0,100.0,4.879501
1601.0,0.5,20.0,2.0,100.0,0.0
1602.0,1.0,20.0,2.0,100.0,22.94922
1603.0,2.0,20.0,2.0,100.0,37.20663
1604.0,3.0,20.0,2.0,100.0,10.5469475
1605.0,5.0,20.0,2.0,100.0,7.2274
1606.0,10.0,20.0,2.0,100.0,9.480443
1607.0,20.0,20.0,2.0,100.0,3.9357946
1608.0,40.0,20.0,2.0,100.0,3.38037
1609.0,49.0,20.0,2.0,100.0,2.4974294
1610.0,0.0,20.0,2.0,100.0,0.0
1611.0,0.5,20.0,2.0,100.0,39.95414
1612.0,1.0,20.0,2.0,100.0,0.0
1613.0,2.0,20.0,2.0,100.0,28.571548
1614.0,3.0,20.0,2.0,100.0,16.309507
1615.0,5.0,20.0,2.0,100.0,12.262182
1616.0,10.0,20.0,2.0,100.0,18.88562
1617.0,20.0,20.0,2.0,100.0,6.0330286
1618.0,40.0,20.0,2.0,100.0,3.3601303
1619.0,49.0,20.0,2.0,100.0,4.442442
1620.0,0.0,20.0,2.0,100.0,16.355427
1621.0,0.5,20.0,2.0,100.0,0.0
1622.0,1.0,20.0,2.0,100.0,54.280136
1623.0,2.0,20.0,2.0,100.0,0.0
1624.0,3.0,20.0,2.0,100.0,3.5483065
1625.0,5.0,20.0,2.0,100.0,4.3551493
1626.0,10.0,20.0,2.0,100.0,9.453101
1627.0,20.0,20.0,2.0,100.0,4.80251
1628.0,40.0,20.0,2.0,100.0,2.4235337
1629.0,49.0,20.0,2.0,100.0,3.709479
1630.0,0.0,20.0,2.0,100.0,0.0
1631.0,0.5,20.0,2.0,100.0,41.404507
1632.0,1.0,20.0,2.0,100.0,8.3864975
1633.0,2.0,20.0,2.0,100.0,12.565465
1634.0,3.0,20.0,2.0,100.0,33.56089
1635.0,5.0,20.0,2.0,100.0,5.1445765
1636.0,10.0,20.0,2.0,100.0,4.928054
1637.0,20.0,20.0,2.0,100.0,3.2118204
1638.0,40.0,20.0,2.0,100.0,3.0036051
1639.0,49.0,20.0,2.0,100.0,2.424621
1640.0,0.0,20.0,2.0,100.0,0.0
1641.0,0.5,20.0,2.0,100.0,0.0
1642.0,1.0,20.0,2.0,100.0,38.552994
1643.0,2.0,20.0,2.0,100.0,21.427618
1644.0,3.0,20.0,2.0,100.0,29.263174
1645.0,5.0,20.0,2.0,100.0,11.597413
1646.0,10.0,20.0,2.0,100.0,9.689733
1647.0,20.0,20.0,2.0,100.0,3.706116
1648.0,40.0,20.0,2.0,100.0,3.5510976
1649.0,49.0,20.0,2.0,100.0,2.4047053
1650.0,0.0,20.0,2.0,100.0,0.0
1651.0,0.5,20.0,2.0,100.0,0.0
1652.0,1.0,20.0,2.0,100.0,34.703506
1653.0,2.0,20.0,2.0,100.0,50.063293
1654.0,3.0,20.0,2.0,100.0,14.375906
1655.0,5.0,20.0,2.0,100.0,3.4792619
1656.0,10.0,20.0,2.0,100.0,8.07165
1657.0,20.0,20.0,2.0,100.0,3.9761195
1658.0,40.0,20.0,2.0,100.0,3.1201432
1659.0,49.0,20.0,2.0,100.0,2.756953
1660.0,0.0,20.0,2.0,100.0,0.0
1661.0,0.5,20.0,2.0,100.0,0.0
1662.0,1.0,20.0,2.0,100.0,49.23752
1663.0,2.0,20.0,2.0,100.0,13.735599
1664.0,3.0,20.0,2.0,100.0,5.3756332
1665.0,5.0,20.0,2.0,100.0,24.859606
1666.0,10.0,20.0,2.0,100.0,22.181072
1667.0,20.0,20.0,2.0,100.0,5.05525
1668.0,40.0,20.0,2.0,100.0,4.8501353
1669.0,49.0,20.0,2.0,100.0,2.1408722
1670.0,0.0,20.0,2.0,100.0,0.0
1671.0,0.5,20.0,2.0,100.0,19.39072
1672.0,1.0,20.0,2.0,100.0,33.709545
1673.0,2.0,20.0,2.0,100.0,37.16629
1674.0,3.0,20.0,2.0,100.0,7.088189
1675.0,5.0,20.0,2.0,100.0,11.982129
1676.0,10.0,20.0,2.0,100.0,4.494962
1677.0,20.0,20.0,2.0,100.0,2.1095536
1678.0,40.0,20.0,2.0,100.0,4.151879
1679.0,49.0,20.0,2.0,100.0,2.6213253
1680.0,0.0,20.0,2.0,100.0,0.0
1681.0,0.5,20.0,2.0,100.0,0.0
1682.0,1.0,20.0,2.0,100.0,16.419838
1683.0,2.0,20.0,2.0,100.0,0.0
1684.0,3.0,20.0,2.0,100.0,16.217276
1685.0,5.0,20.0,2.0,100.0,15.923927
1686.0,10.0,20.0,2.0,100.0,2.7129862
1687.0,20.0,20.0,2.0,100.0,2.7912095
1688.0,40.0,20.0,2.0,100.0,2.4047055
1689.0,49.0,20.0,2.0,100.0,3.7352889
1690.0,0.0,20.0,2.0,100.0,0.0
1691.0,0.5,20.0,2.0,100.0,0.0
1692.0,1.0,20.0,2.0,100.0,0.0
1693.0,2.0,20.0,2.0,100.0,24.929901
1694.0,3.0,20.0,2.0,100.0,17.03591
1695.0,5.0,20.0,2.0,100.0,15.041213
1696.0,10.0,20.0,2.0,100.0,7.8160677
1697.0,20.0,20.0,2.0,100.0,2.8619008
1698.0,40.0,20.0,2.0,100.0,3.008759
1699.0,49.0,20.0,2.0,100.0,3.0339212
1700.0,0.0,20.0,2.0,100.0,0.0
1701.0,0.5,20.0,2.0,100.0,31.533052
1702.0,1.0,20.0,2.0,100.0,4.041452
1703.0,2.0,20.0,2.0,100.0,9.400059
1704.0,3.0,20.0,2.0,100.0,9.115659
1705.0,5.0,20.0,2.0,100.0,6.893751
1706.0,10.0,20.0,2.0,100.0,1.9708015
1707.0,20.0,20.0,2.0,100.0,4.029652
1708.0,40.0,20.0,2.0,100.0,2.3473136
1709.0,49.0,20.0,2.0,100.0,3.3519092
1710.0,0.0,20.0,2.0,100.0,0.0
1711.0,0.5,20.0,2.0,100.0,32.50128
1712.0,1.0,20.0,2.0,100.0,0.0
1713.0,2.0,20.0,2.0,100.0,19.570385
1714.0,3.0,20.0,2.0,100.0,9.86725
1715.0,5.0,20.0,2.0,100.0,12.950455
1716.0,10.0,20.0,2.0,100.0,7.006491
1717.0,20.0,20.0,2.0,100.0,2.525685
1718.0,40.0,20.0,2.0,100.0,2.5476413
1719.0,49.0,20.0,2.0,100.0,3.144913
1720.0,0.0,20.0,2.0,100.0,0.0
1721.0,0.5,20.0,2.0,100.0,32.526913
1722.0,1.0,20.0,2.0,100.0,42.14657
1723.0,2.0,20.0,2.0,100.0,18.502253
1724.0,3.0,20.0,2.0,100.0,9.888265
1725.0,5.0,20.0,2.0,100.0,25.017328
1726.0,10.0,20.0,2.0,100.0,3.5510976
1727.0,20.0,20.0,2.0,100.0,3.1477766
1728.0,40.0,20.0,2.0,100.0,4.5929556
1729.0,49.0,20.0,2.0,100.0,2.1449451
1730.0,0.0,20.0,2.0,100.0,0.0
1731.0,0.5,20.0,2.0,100.0,28.536526
1732.0,1.0,20.0,2.0,100.0,8.819171
1733.0,2.0,20.0,2.0,100.0,30.270998
1734.0,3.0,20.0,2.0,100.0,36.22614
1735.0,5.0,20.0,2.0,100.0,26.580069
1736.0,10.0,20.0,2.0,100.0,4.966555
1737.0,20.0,20.0,2.0,100.0,4.1061287
1738.0,40.0,20.0,2.0,100.0,3.8483145
1739.0,49.0,20.0,2.0,100.0,1.95789
1740.0,0.0,20.0,2.0,100.0,0.0
1741.0,0.5,20.0,2.0,100.0,13.091885
1742.0,1.0,20.0,2.0,100.0,20.3347
1743.0,2.0,20.0,2.0,100.0,0.0
1744.0,3.0,20.0,2.0,100.0,13.490738
1745.0,5.0,20.0,2.0,100.0,4.441933
1746.0,10.0,20.0,2.0,100.0,4.3139653
1747.0,20.0,20.0,2.0,100.0,2.2685335
1748.0,40.0,20.0,2.0,100.0,2.675424
1749.0,49.0,20.0,2.0,100.0,2.6424341
1750.0,0.0,20.0,2.0,100.0,0.0
1751.0,0.5,20.0,2.0,100.0,0.0
1752.0,1.0,20.0,2.0,100.0,8.014868
1753.0,2.0,20.0,2.0,100.0,38.552994
1754.0,3.0,20.0,2.0,100.0,15.908069
1755.0,5.0,20.0,2.0,100.0,12.308165
1756.0,10.0,20.0,2.0,100.0,9.856547
1757.0,20.0,20.0,2.0,100.0,5.1915684
1758.0,40.0,20.0,2.0,100.0,2.385472
1759.0,49.0,20.0,2.0,100.0,3.8993177
1760.0,0.0,20.0,2.0,100.0,0.0
1761.0,0.5,20.0,2.0,100.0,40.07909
1762.0,1.0,20.0,2.0,100.0,37.20663
1763.0,2.0,20.0,2.0,100.0,45.214306
1764.0,3.0,20.0,2.0,100.0,6.0872774
1765.0,5.0,20.0,2.0,100.0,9.239107
1766.0,10.0,20.0,2.0,100.0,22.050806
1767.0,20.0,20.0,2.0,100.0,4.07431
1768.0,40.0,20.0,2.0,100.0,3.4256816
1769.0,49.0,20.0,2.0,100.0,3.6642737
1770.0,0.0,20.0,2.0,100.0,0.0
1771.0,0.5,20.0,2.0,100.0,39.247078
1772.0,1.0,20.0,2.0,100.0,32.526913
1773.0,2.0,20.0,2.0,100.0,38.08324
1774.0,3.0,20.0,2.0,100.0,14.491377
1775.0,5.0,20.0,2.0,100.0,9.558301
1776.0,10.0,20.0,2.0,100.0,4.8412714
1777.0,20.0,20.0,2.0,100.0,3.8297086
1778.0,40.0,20.0,2.0,100.0,1.8147858
1779.0,49.0,20.0,2.0,100.0,3.885259
1780.0,0.0,20.0,2.0,100.0,0.0
1781.0,0.5,20.0,2.0,100.0,43.661575
1782.0,1.0,20.0,2.0,100.0,20.445047
1783.0,2.0,20.0,2.0,100.0,39.803684
1784.0,3.0,20.0,2.0,100.0,5.0668726
1785.0,5.0,20.0,2.0,100.0,16.015617
1786.0,10.0,20.0,2.0,100.0,4.0760736
1787.0,20.0,20.0,2.0,100.0,2.7359266
1788.0,40.0,20.0,2.0,100.0,3.0480282
1789.0,49.0,20.0,2.0,100.0,3.8687623
1790.0,0.0,20.0,2.0,100.0,0.0
1791.0,0.5,20.0,2.0,100.0,42.14657
1792.0,1.0,20.0,2.0,100.0,42.426407
1793.0,2.0,20.0,2.0,100.0,5.266001
1794.0,3.0,20.0,2.0,100.0,24.443813
1795.0,5.0,20.0,2.0,100.0,5.1342278
1796.0,10.0,20.0,2.0,100.0,4.9487853
1797.0,20.0,20.0,2.0,100.0,4.526068
1798.0,40.0,20.0,2.0,100.0,2.844376
1799.0,49.0,20.0,2.0,100.0,3.9032416
1800.0,0.0,20.0,2.0,100.0,0.0
1801.0,0.5,20.0,2.0,100.0,0.0
1802.0,1.0,20.0,2.0,100.0,43.661575
1803.0,2.0,20.0,2.0,100.0,19.74504
1804.0,3.0,20.0,2.0,100.0,2.755082
1805.0,5.0,20.0,2.0,100.0,2.2562084
1806.0,10.0,20.0,2.0,100.0,7.83156
1807.0,20.0,20.0,2.0,100.0,3.435113
1808.0,40.0,20.0,2.0,100.0,3.6892133
1809.0,49.0,20.0,2.0,100.0,4.5927734
1810.0,0.0,20.0,2.0,100.0,0.0
1811.0,0.5,20.0,2.0,100.0,40.673496
1812.0,1.0,20.0,2.0,100.0,21.273727
1813.0,2.0,20.0,2.0,100.0,30.664854
1814.0,3.0,20.0,2.0,100.0,17.413734
1815.0,5.0,20.0,2.0,100.0,2.533569
1816.0,10.0,20.0,2.0,100.0,10.177005
1817.0,20.0,20.0,2.0,100.0,4.1476035
1818.0,40.0,20.0,2.0,100.0,3.6185036
1819.0,49.0,20.0,2.0,100.0,1.9213797
1820.0,0.0,20.0,2.0,100.0,0.0
1821.0,0.5,20.0,2.0,100.0,0.0
1822.0,1.0,20.0,2.0,100.0,0.0
1823.0,2.0,20.0,2.0,100.0,13.437687
1824.0,3.0,20.0,2.0,100.0,5.475883
1825.0,5.0,20.0,2.0,100.0,7.3991394
1826.0,10.0,20.0,2.0,100.0,5.531131
1827.0,20.0,20.0,2.0,100.0,6.175101
1828.0,40.0,20.0,2.0,100.0,3.8128748
1829.0,49.0,20.0,2.0,100.0,2.4974294
1830.0,0.0,20.0,2.0,100.0,0.0
1831.0,0.5,20.0,2.0,100.0,17.534725
1832.0,1.0,20.0,2.0,100.0,25.927555
1833.0,2.0,20.0,2.0,100.0,28.589043
1834.0,3.0,20.0,2.0,100.0,5.226451
1835.0,5.0,20.0,2.0,100.0,8.038104
1836.0,10.0,20.0,2.0,100.0,8.150106
1837.0,20.0,20.0,2.0,100.0,3.6187344
1838.0,40.0,20.0,2.0,100.0,3.0339212
1839.0,49.0,20.0,2.0,100.0,2.5131235
1840.0,0.0,20.0,2.0,100.0,0.0
1841.0,0.5,20.0,2.0,100.0,45.214306
1842.0,1.0,20.0,2.0,100.0,35.921207
1843.0,2.0,20.0,2.0,100.0,10.552777
1844.0,3.0,20.0,2.0,100.0,6.904105
1845.0,5.0,20.0,2.0,100.0,5.2431774
1846.0,10.0,20.0,2.0,100.0,5.1833067
1847.0,20.0,20.0,2.0,100.0,3.4156504
1848.0,40.0,20.0,2.0,100.0,2.890498
1849.0,49.0,20.0,2.0,100.0,3.374978
1850.0,0.0,20.0,2.0,100.0,0.0
1851.0,0.5,20.0,2.0,100.0,0.0
1852.0,1.0,20.0,2.0,100.0,0.0
1853.0,2.0,20.0,2.0,100.0,3.3519092
1854.0,3.0,20.0,2.0,100.0,10.519822
1855.0,5.0,20.0,2.0,100.0,6.568981
1856.0,10.0,20.0,2.0,100.0,16.206995
1857.0,20.0,20.0,2.0,100.0,3.941235
1858.0,40.0,20.0,2.0,100.0,2.6157417
1859.0,49.0,20.0,2.0,100.0,2.4607592
1860.0,0.0,20.0,2.0,100.0,0.0
1861.0,0.5,20.0,2.0,100.0,24.913183
1862.0,1.0,20.0,2.0,100.0,23.965254
1863.0,2.0,20.0,2.0,100.0,19.206894
1864.0,3.0,20.0,2.0,100.0,22.501852
1865.0,5.0,20.0,2.0,100.0,22.992752
1866.0,10.0,20.0,2.0,100.0,12.75035
1867.0,20.0,20.0,2.0,100.0,5.7501388
1868.0,40.0,20.0,2.0,100.0,3.6185033
1869.0,49.0,20.0,2.0,100.0,3.4627268
1870.0,0.0,20.0,2.0,100.0,0.0
1871.0,0.5,20.0,2.0,100.0,0.0
1872.0,1.0,20.0,2.0,100.0,53.42596
1873.0,2.0,20.0,2.0,100.0,26.658333
1874.0,3.0,20.0,2.0,100.0,8.161254
1875.0,5.0,20.0,2.0,100.0,27.86575
1876.0,10.0,20.0,2.0,100.0,11.16083
1877.0,20.0,20.0,2.0,100.0,3.2606103
1878.0,40.0,20.0,2.0,100.0,3.0480282
1879.0,49.0,20.0,2.0,100.0,4.039281
1880.0,0.0,20.0,2.0,100.0,0.0
1881.0,0.5,20.0,2.0,100.0,0.0
1882.0,1.0,20.0,2.0,100.0,29.501413
1883.0,2.0,20.0,2.0,100.0,25.317978
1884.0,3.0,20.0,2.0,100.0,17.828817
1885.0,5.0,20.0,2.0,100.0,2.733804
1886.0,10.0,20.0,2.0,100.0,14.443377
1887.0,20.0,20.0,2.0,100.0,3.8483143
1888.0,40.0,20.0,2.0,100.0,2.2034936
1889.0,49.0,20.0,2.0,100.0,4.7016234
1890.0,0.0,20.0,2.0,100.0,0.0
1891.0,0.5,20.0,2.0,100.0,0.0
1892.0,1.0,20.0,2.0,100.0,50.895317
1893.0,2.0,20.0,2.0,100.0,6.518505
1894.0,3.0,20.0,2.0,100.0,24.214321
1895.0,5.0,20.0,2.0,100.0,9.104333
1896.0,10.0,20.0,2.0,100.0,8.02773
1897.0,20.0,20.0,2.0,100.0,5.519662
1898.0,40.0,20.0,2.0,100.0,1.747952
1899.0,49.0,20.0,2.0,100.0,2.621325
1900.0,0.0,20.0,2.0,100.0,0.0
1901.0,0.5,20.0,2.0,100.0,43.92418
1902.0,1.0,20.0,2.0,100.0,23.437862
1903.0,2.0,20.0,2.0,100.0,15.901483
1904.0,3.0,20.0,2.0,100.0,53.740116
1905.0,5.0,20.0,2.0,100.0,23.115652
1906.0,10.0,20.0,2.0,100.0,12.062338
1907.0,20.0,20.0,2.0,100.0,4.8511167
1908.0,40.0,20.0,2.0,100.0,4.1346393
1909.0,49.0,20.0,2.0,100.0,2.2782617
1910.0,0.0,20.0,2.0,100.0,0.0
1911.0,0.5,20.0,2.0,100.0,43.661575
1912.0,1.0,20.0,2.0,100.0,0.0
1913.0,2.0,20.0,2.0,100.0,0.0
1914.0,3.0,20.0,2.0,100.0,20.471119
1915.0,5.0,20.0,2.0,100.0,14.525839
1916.0,10.0,20.0,2.0,100.0,3.8990529
1917.0,20.0,20.0,2.0,100.0,2.8469744
1918.0,40.0,20.0,2.0,100.0,3.1944764
1919.0,49.0,20.0,2.0,100.0,2.9635465
1920.0,0.0,20.0,2.0,100.0,0.0
1921.0,0.5,20.0,2.0,100.0,28.746014
1922.0,1.0,20.0,2.0,100.0,42.899105
1923.0,2.0,20.0,2.0,100.0,0.0
1924.0,3.0,20.0,2.0,100.0,28.360771
1925.0,5.0,20.0,2.0,100.0,7.0367956
1926.0,10.0,20.0,2.0,100.0,3.098514
1927.0,20.0,20.0,2.0,100.0,4.750169
1928.0,40.0,20.0,2.0,100.0,2.8036218
1929.0,49.0,20.0,2.0,100.0,4.770769
1930.0,0.0,20.0,2.0,100.0,0.0
1931.0,0.5,20.0,2.0,100.0,28.112867
1932.0,1.0,20.0,2.0,100.0,0.0
1933.0,2.0,20.0,2.0,100.0,38.552994
1934.0,3.0,20.0,2.0,100.0,4.8785243
1935.0,5.0,20.0,2.0,100.0,6.2182527
1936.0,10.0,20.0,2.0,100.0,8.235544
1937.0,20.0,20.0,2.0,100.0,3.660601
1938.0,40.0,20.0,2.0,100.0,2.828427
1939.0,49.0,20.0,2.0,100.0,5.750139
1940.0,0.0,20.0,2.0,100.0,0.0
1941.0,0.5,20.0,2.0,100.0,44.881325
1942.0,1.0,20.0,2.0,100.0,39.95414
1943.0,2.0,20.0,2.0,100.0,14.815533
1944.0,3.0,20.0,2.0,100.0,24.04163
1945.0,5.0,20.0,2.0,100.0,3.8059552
1946.0,10.0,20.0,2.0,100.0,11.220112
1947.0,20.0,20.0,2.0,100.0,4.1518784
1948.0,40.0,20.0,2.0,100.0,2.1802807
1949.0,49.0,20.0,2.0,100.0,2.4719007
1950.0,0.0,20.0,2.0,100.0,0.0
1951.0,0.5,20.0,2.0,100.0,0.0
1952.0,1.0,20.0,2.0,100.0,53.42596
1953.0,2.0,20.0,2.0,100.0,11.372482
1954.0,3.0,20.0,2.0,100.0,44.43347
1955.0,5.0,20.0,2.0,100.0,20.829466
1956.0,10.0,20.0,2.0,100.0,8.847921
1957.0,20.0,20.0,2.0,100.0,4.966555
1958.0,40.0,20.0,2.0,100.0,2.6841533
1959.0,49.0,20.0,2.0,100.0,2.861901
1960.0,0.0,20.0,2.0,100.0,0.0
1961.0,0.5,20.0,2.0,100.0,0.0
1962.0,1.0,20.0,2.0,100.0,9.761706
1963.0,2.0,20.0,2.0,100.0,4.8590426
1964.0,3.0,20.0,2.0,100.0,42.426407
1965.0,5.0,20.0,2.0,100.0,24.038857
1966.0,10.0,20.0,2.0,100.0,4.2661457
1967.0,20.0,20.0,2.0,100.0,4.6547465
1968.0,40.0,20.0,2.0,100.0,3.3872828
1969.0,49.0,20.0,2.0,100.0,3.0242758
1970.0,0.0,20.0,2.0,100.0,0.0
1971.0,0.5,20.0,2.0,100.0,0.0
1972.0,1.0,20.0,2.0,100.0,0.0
1973.0,2.0,20.0,2.0,100.0,33.724373
1974.0,3.0,20.0,2.0,100.0,25.019993
1975.0,5.0,20.0,2.0,100.0,14.933185
1976.0,10.0,20.0,2.0,100.0,4.6393766
1977.0,20.0,20.0,2.0,100.0,5.2605324
1978.0,40.0,20.0,2.0,100.0,2.8055918
1979.0,49.0,20.0,2.0,100.0,2.3473136
1980.0,0.0,20.0,2.0,100.0,14.101812
1981.0,0.5,20.0,2.0,100.0,50.063293
1982.0,1.0,20.0,2.0,100.0,30.408333
1983.0,2.0,20.0,2.0,100.0,30.664854
1984.0,3.0,20.0,2.0,100.0,35.23256
1985.0,5.0,20.0,2.0,100.0,12.094863
1986.0,10.0,20.0,2.0,100.0,2.4974294
1987.0,20.0,20.0,2.0,100.0,4.3039293
1988.0,40.0,20.0,2.0,100.0,2.642434
1989.0,49.0,20.0,2.0,100.0,2.6561882
1990.0,0.0,20.0,2.0,100.0,0.0
1991.0,0.5,20.0,2.0,100.0,0.0
1992.0,1.0,20.0,2.0,100.0,20.768566
1993.0,2.0,20.0,2.0,100.0,20.108042
1994.0,3.0,20.0,2.0,100.0,13.18677
1995.0,5.0,20.0,2.0,100.0,24.006943
1996.0,10.0,20.0,2.0,100.0,9.286447
1997.0,20.0,20.0,2.0,100.0,3.2573447
1998.0,40.0,20.0,2.0,100.0,2.9199855
1999.0,49.0,20.0,2.0,100.0,3.2759774
2000.0,0.0,20.0,2.0,100.0,0.0
2001.0,0.5,20.0,2.0,100.0,0.0
2002.0,1.0,20.0,2.0,100.0,6.6833124
2003.0,2.0,20.0,2.0,100.0,49.237522
2004.0,3.0,20.0,2.0,100.0,13.659115
2005.0,5.0,20.0,2.0,100.0,22.123894
2006.0,10.0,20.0,2.0,100.0,4.450789
2007.0,20.0,20.0,2.0,100.0,2.790963
2008.0,40.0,20.0,2.0,100.0,4.8203
2009.0,49.0,20.0,2.0,100.0,2.2730303
2010.0,0.0,20.0,2.0,100.0,0.0
2011.0,0.5,20.0,2.0,100.0,0.0
2012.0,1.0,20.0,2.0,100.0,22.222986
2013.0,2.0,20.0,2.0,100.0,14.512273
2014.0,3.0,20.0,2.0,100.0,20.654566
2015.0,5.0,20.0,2.0,100.0,6.7807097
2016.0,10.0,20.0,2.0,100.0,4.6115794
2017.0,20.0,20.0,2.0,100.0,3.4044793
2018.0,40.0,20.0,2.0,100.0,3.2764761
2019.0,49.0,20.0,2.0,100.0,2.1425397
2020.0,0.0,20.0,2.0,100.0,0.0
2021.0,0.5,20.0,2.0,100.0,37.434387
2022.0,1.0,20.0,2.0,100.0,52.576927
2023.0,2.0,20.0,2.0,100.0,8.144528
2024.0,3.0,20.0,2.0,100.0,16.990192
2025.0,5.0,20.0,2.0,100.0,20.451569
2026.0,10.0,20.0,2.0,100.0,7.7498784
2027.0,20.0,20.0,2.0,100.0,4.2706084
2028.0,40.0,20.0,2.0,100.0,2.9784806
2029.0,49.0,20.0,2.0,100.0,2.9816904
2030.0,0.0,20.0,2.0,100.0,0.0
2031.0,0.5,20.0,2.0,100.0,21.43271
2032.0,1.0,20.0,2.0,100.0,39.703064
2033.0,2.0,20.0,2.0,100.0,23.755701
2034.0,3.0,20.0,2.0,100.0,8.499134
2035.0,5.0,20.0,2.0,100.0,16.673332
2036.0,10.0,20.0,2.0,100.0,5.2053094
2037.0,20.0,20.0,2.0,100.0,3.257972
2038.0,40.0,20.0,2.0,100.0,3.3819978
2039.0,49.0,20.0,2.0,100.0,1.771892
2040.0,0.0,20.0,2.0,100.0,0.0
2041.0,0.5,20.0,2.0,100.0,19.655363
2042.0,1.0,20.0,2.0,100.0,0.0
2043.0,2.0,20.0,2.0,100.0,16.563011
2044.0,3.0,20.0,2.0,100.0,37.872593
2045.0,5.0,20.0,2.0,100.0,2.2484074
2046.0,10.0,20.0,2.0,100.0,6.2041044
2047.0,20.0,20.0,2.0,100.0,2.6665134
2048.0,40.0,20.0,2.0,100.0,2.8443763
2049.0,49.0,20.0,2.0,100.0,2.6217391
2050.0,0.0,20.0,2.0,100.0,0.0
2051.0,0.5,20.0,2.0,100.0,0.0
2052.0,1.0,20.0,2.0,100.0,23.312372
2053.0,2.0,20.0,2.0,100.0,8.982812
2054.0,3.0,20.0,2.0,100.0,20.12461
2055.0,5.0,20.0,2.0,100.0,11.83216
2056.0,10.0,20.0,2.0,100.0,6.3471026
2057.0,20.0,20.0,2.0,100.0,5.3940005
2058.0,40.0,20.0,2.0,100.0,4.266694
2059.0,49.0,20.0,2.0,100.0,3.2696295
2060.0,0.0,20.0,2.0,100.0,0.0
2061.0,0.5,20.0,2.0,100.0,0.0
2062.0,1.0,20.0,2.0,100.0,38.552994
2063.0,2.0,20.0,2.0,100.0,18.147543
2064.0,3.0,20.0,2.0,100.0,9.310796
2065.0,5.0,20.0,2.0,100.0,5.1568794
2066.0,10.0,20.0,2.0,100.0,15.965737
2067.0,20.0,20.0,2.0,100.0,3.805955
2068.0,40.0,20.0,2.0,100.0,3.8933141
2069.0,49.0,20.0,2.0,100.0,1.7992094
2070.0,0.0,20.0,2.0,100.0,0.0
2071.0,0.5,20.0,2.0,100.0,50.063293
2072.0,1.0,20.0,2.0,100.0,22.501852
2073.0,2.0,20.0,2.0,100.0,36.115555
2074.0,3.0,20.0,2.0,100.0,12.936812
2075.0,5.0,20.0,2.0,100.0,12.257165
2076.0,10.0,20.0,2.0,100.0,3.681787
2077.0,20.0,20.0,2.0,100.0,5.2972264
2078.0,40.0,20.0,2.0,100.0,3.0315797
2079.0,49.0,20.0,2.0,100.0,2.3665988
2080.0,0.0,20.0,2.0,100.0,0.0
2081.0,0.5,20.0,2.0,100.0,54.280136
2082.0,1.0,20.0,2.0,100.0,28.536526
2083.0,2.0,20.0,2.0,100.0,35.37419
2084.0,3.0,20.0,2.0,100.0,6.283733
2085.0,5.0,20.0,2.0,100.0,0.0
2086.0,10.0,20.0,2.0,100.0,4.1110945
2087.0,20.0,20.0,2.0,100.0,6.7237487
2088.0,40.0,20.0,2.0,100.0,3.315189
2089.0,49.0,20.0,2.0,100.0,2.058435
2090.0,0.0,20.0,2.0,100.0,0.0
2091.0,0.5,20.0,2.0,100.0,18.93703
2092.0,1.0,20.0,2.0,100.0,44.43347
2093.0,2.0,20.0,2.0,100.0,21.886068
2094.0,3.0,20.0,2.0,100.0,9.357113
2095.0,5.0,20.0,2.0,100.0,20.108042
2096.0,10.0,20.0,2.0,100.0,5.234501
2097.0,20.0,20.0,2.0,100.0,4.835386
2098.0,40.0,20.0,2.0,100.0,2.2968159
2099.0,49.0,20.0,2.0,100.0,2.1869175
2100.0,0.0,20.0,2.0,100.0,0.0
2101.0,0.5,20.0,2.0,100.0,8.023774
2102.0,1.0,20.0,2.0,100.0,3.1765509
2103.0,2.0,20.0,2.0,100.0,49.497475
2104.0,3.0,20.0,2.0,100.0,18.748333
2105.0,5.0,20.0,2.0,100.0,6.4536138
2106.0,10.0,20.0,2.0,100.0,11.421227
2107.0,20.0,20.0,2.0,100.0,3.4335802
2108.0,40.0,20.0,2.0,100.0,3.2971723
2109.0,49.0,20.0,2.0,100.0,2.5080824
2110.0,0.0,20.0,2.0,100.0,18.089724
2111.0,0.5,20.0,2.0,100.0,33.00505
2112.0,1.0,20.0,2.0,100.0,28.571548
2113.0,2.0,20.0,2.0,100.0,24.779024
2114.0,3.0,20.0,2.0,100.0,15.198684
2115.0,5.0,20.0,2.0,100.0,18.05547
2116.0,10.0,20.0,2.0,100.0,10.46379
2117.0,20.0,20.0,2.0,100.0,3.672233
2118.0,40.0,20.0,2.0,100.0,2.8858383
2119.0,49.0,20.0,2.0,100.0,2.2076046
2120.0,0.0,20.0,2.0,100.0,0.0
2121.0,0.5,20.0,2.0,100.0,33.00505
2122.0,1.0,20.0,2.0,100.0,0.0
2123.0,2.0,20.0,2.0,100.0,7.9162283
2124.0,3.0,20.0,2.0,100.0,8.615728
2125.0,5.0,20.0,2.0,100.0,18.401388
2126.0,10.0,20.0,2.0,100.0,8.957572
2127.0,20.0,20.0,2.0,100.0,7.010814
2128.0,40.0,20.0,2.0,100.0,4.060209
2129.0,49.0,20.0,2.0,100.0,4.5809712
2130.0,0.0,20.0,2.0,100.0,0.0
2131.0,0.5,20.0,2.0,100.0,44.43347
2132.0,1.0,20.0,2.0,100.0,0.0
2133.0,2.0,20.0,2.0,100.0,30.088757
2134.0,3.0,20.0,2.0,100.0,30.989246
2135.0,5.0,20.0,2.0,100.0,10.454229
2136.0,10.0,20.0,2.0,100.0,8.124039
2137.0,20.0,20.0,2.0,100.0,2.6665134
2138.0,40.0,20.0,2.0,100.0,2.6633754
2139.0,49.0,20.0,2.0,100.0,2.813657
2140.0,0.0,20.0,2.0,100.0,0.0
2141.0,0.5,20.0,2.0,100.0,39.95414
2142.0,1.0,20.0,2.0,100.0,47.60602
2143.0,2.0,20.0,2.0,100.0,30.664854
2144.0,3.0,20.0,2.0,100.0,16.065838
2145.0,5.0,20.0,2.0,100.0,10.364776
2146.0,10.0,20.0,2.0,100.0,2.6058543
2147.0,20.0,20.0,2.0,100.0,2.527939
2148.0,40.0,20.0,2.0,100.0,3.4256818
2149.0,49.0,20.0,2.0,100.0,3.4619784
2150.0,0.0,20.0,2.0,100.0,0.0
2151.0,0.5,20.0,2.0,100.0,46.003624
2152.0,1.0,20.0,2.0,100.0,42.14657
2153.0,2.0,20.0,2.0,100.0,16.753109
2154.0,3.0,20.0,2.0,100.0,18.59749
2155.0,5.0,20.0,2.0,100.0,7.0349774
2156.0,10.0,20.0,2.0,100.0,5.614607
2157.0,20.0,20.0,2.0,100.0,2.6136503
2158.0,40.0,20.0,2.0,100.0,3.5686543
2159.0,49.0,20.0,2.0,100.0,2.2546248
2160.0,0.0,20.0,2.0,100.0,9.060404
2161.0,0.5,20.0,2.0,100.0,32.145504
2162.0,1.0,20.0,2.0,100.0,39.247078
2163.0,2.0,20.0,2.0,100.0,16.214338
2164.0,3.0,20.0,2.0,100.0,6.958753
2165.0,5.0,20.0,2.0,100.0,17.130869
2166.0,10.0,20.0,2.0,100.0,8.797582
2167.0,20.0,20.0,2.0,100.0,2.5692003
2168.0,40.0,20.0,2.0,100.0,2.7911425
2169.0,49.0,20.0,2.0,100.0,2.2339373
2170.0,0.0,20.0,2.0,100.0,0.0
2171.0,0.5,20.0,2.0,100.0,49.237522
2172.0,1.0,20.0,2.0,100.0,31.085901
2173.0,2.0,20.0,2.0,100.0,23.860706
2174.0,3.0,20.0,2.0,100.0,4.896736
2175.0,5.0,20.0,2.0,100.0,7.8492746
2176.0,10.0,20.0,2.0,100.0,6.115344
2177.0,20.0,20.0,2.0,100.0,5.524836
2178.0,40.0,20.0,2.0,100.0,2.6815062
2179.0,49.0,20.0,2.0,100.0,3.0155544
2180.0,0.0,20.0,2.0,100.0,0.0
2181.0,0.5,20.0,2.0,100.0,35.35534
2182.0,1.0,20.0,2.0,100.0,30.82207
2183.0,2.0,20.0,2.0,100.0,3.803507
2184.0,3.0,20.0,2.0,100.0,7.2450614
2185.0,5.0,20.0,2.0,100.0,21.760056
2186.0,10.0,20.0,2.0,100.0,4.221869
2187.0,20.0,20.0,2.0,100.0,2.9029126
2188.0,40.0,20.0,2.0,100.0,2.828427
2189.0,49.0,20.0,2.0,100.0,2.5339797
2190.0,0.0,20.0,2.0,100.0,0.0
2191.0,0.5,20.0,2.0,100.0,0.0
2192.0,1.0,20.0,2.0,100.0,33.56089
2193.0,2.0,20.0,2.0,100.0,25.501633
2194.0,3.0,20.0,2.0,100.0,33.126022
2195.0,5.0,20.0,2.0,100.0,14.115172
2196.0,10.0,20.0,2.0,100.0,3.077935
2197.0,20.0,20.0,2.0,100.0,2.1095536
2198.0,40.0,20.0,2.0,100.0,3.345217
2199.0,49.0,20.0,2.0,100.0,3.2118201
2200.0,0.0,20.0,2.0,100.0,0.0
2201.0,0.5,20.0,2.0,100.0,17.336996
2202.0,1.0,20.0,2.0,100.0,0.0
2203.0,2.0,20.0,2.0,100.0,41.016254
2204.0,3.0,20.0,2.0,100.0,26.40707
2205.0,5.0,20.0,2.0,100.0,12.75035
2206.0,10.0,20.0,2.0,100.0,8.35331
2207.0,20.0,20.0,2.0,100.0,2.8267431
2208.0,40.0,20.0,2.0,100.0,2.5692003
2209.0,49.0,20.0,2.0,100.0,3.1607716
2210.0,0.0,20.0,2.0,100.0,0.0
2211.0,0.5,20.0,2.0,100.0,36.555893
2212.0,1.0,20.0,2.0,100.0,0.0
2213.0,2.0,20.0,2.0,100.0,14.885277
2214.0,3.0,20.0,2.0,100.0,27.373953
2215.0,5.0,20.0,2.0,100.0,16.033298
2216.0,10.0,20.0,2.0,100.0,8.949353
2217.0,20.0,20.0,2.0,100.0,2.490919
2218.0,40.0,20.0,2.0,100.0,5.5435343
2219.0,49.0,20.0,2.0,100.0,3.2440422
2220.0,0.0,20.0,2.0,100.0,0.0
2221.0,0.5,20.0,2.0,100.0,30.270998
2222.0,1.0,20.0,2.0,100.0,36.66515
2223.0,2.0,20.0,2.0,100.0,19.79899
2224.0,3.0,20.0,2.0,100.0,14.445299
2225.0,5.0,20.0,2.0,100.0,13.793718
2226.0,10.0,20.0,2.0,100.0,7.4873633
2227.0,20.0,20.0,2.0,100.0,10.064339
2228.0,40.0,20.0,2.0,100.0,2.7731707
2229.0,49.0,20.0,2.0,100.0,2.2339373
2230.0,0.0,20.0,2.0,100.0,0.0
2231.0,0.5,20.0,2.0,100.0,0.0
2232.0,1.0,20.0,2.0,100.0,28.832851
2233.0,2.0,20.0,2.0,100.0,37.872593
2234.0,3.0,20.0,2.0,100.0,31.78574
2235.0,5.0,20.0,2.0,100.0,23.235033
2236.0,10.0,20.0,2.0,100.0,4.7370415
2237.0,20.0,20.0,2.0,100.0,4.8652167
2238.0,40.0,20.0,2.0,100.0,3.716117
2239.0,49.0,20.0,2.0,100.0,3.4771361
2240.0,0.0,20.0,2.0,100.0,0.0
2241.0,0.5,20.0,2.0,100.0,50.895317
2242.0,1.0,20.0,2.0,100.0,35.303444
2243.0,2.0,20.0,2.0,100.0,19.886343
2244.0,3.0,20.0,2.0,100.0,11.004131
2245.0,5.0,20.0,2.0,100.0,0.0
2246.0,10.0,20.0,2.0,100.0,4.1213217
2247.0,20.0,20.0,2.0,100.0,3.0150418
2248.0,40.0,20.0,2.0,100.0,2.497057
2249.0,49.0,20.0,2.0,100.0,4.230536
2250.0,0.0,20.0,2.0,100.0,0.0
2251.0,0.5,20.0,2.0,100.0,14.031782
2252.0,1.0,20.0,2.0,100.0,0.0
2253.0,2.0,20.0,2.0,100.0,0.0
2254.0,3.0,20.0,2.0,100.0,9.531901
2255.0,5.0,20.0,2.0,100.0,6.9848323
2256.0,10.0,20.0,2.0,100.0,7.4769483
2257.0,20.0,20.0,2.0,100.0,2.642434
2258.0,40.0,20.0,2.0,100.0,1.7795131
2259.0,49.0,20.0,2.0,100.0,2.7000883
2260.0,0.0,20.0,2.0,100.0,0.0
2261.0,0.5,20.0,2.0,100.0,0.0
2262.0,1.0,20.0,2.0,100.0,0.0
2263.0,2.0,20.0,2.0,100.0,24.752104
2264.0,3.0,20.0,2.0,100.0,20.161844
2265.0,5.0,20.0,2.0,100.0,12.25116
2266.0,10.0,20.0,2.0,100.0,2.098999
2267.0,20.0,20.0,2.0,100.0,3.3638952
2268.0,40.0,20.0,2.0,100.0,3.1241376
2269.0,49.0,20.0,2.0,100.0,2.4152296
2270.0,0.0,20.0,2.0,100.0,0.0
2271.0,0.5,20.0,2.0,100.0,21.960571
2272.0,1.0,20.0,2.0,100.0,24.54248
2273.0,2.0,20.0,2.0,100.0,3.838658
2274.0,3.0,20.0,2.0,100.0,19.085772
2275.0,5.0,20.0,2.0,100.0,13.373749
2276.0,10.0,20.0,2.0,100.0,7.0207486
2277.0,20.0,20.0,2.0,100.0,4.5532436
2278.0,40.0,20.0,2.0,100.0,3.4293199
2279.0,49.0,20.0,2.0,100.0,3.3638952
2280.0,0.0,20.0,2.0,100.0,0.0
2281.0,0.5,20.0,2.0,100.0,0.0
2282.0,1.0,20.0,2.0,100.0,0.0
2283.0,2.0,20.0,2.0,100.0,15.349629
2284.0,3.0,20.0,2.0,100.0,10.535654
2285.0,5.0,20.0,2.0,100.0,10.594454
2286.0,10.0,20.0,2.0,100.0,4.553602
2287.0,20.0,20.0,2.0,100.0,3.5183923
2288.0,40.0,20.0,2.0,100.0,2.1449454
2289.0,49.0,20.0,2.0,100.0,3.4191337
2290.0,0.0,20.0,2.0,100.0,0.0
2291.0,0.5,20.0,2.0,100.0,34.703506
2292.0,1.0,20.0,2.0,100.0,21.830517
2293.0,2.0,20.0,2.0,100.0,0.0
2294.0,3.0,20.0,2.0,100.0,49.166386
2295.0,5.0,20.0,2.0,100.0,10.351402
2296.0,10.0,20.0,2.0,100.0,5.006406
2297.0,20.0,20.0,2.0,100.0,2.97484
2298.0,40.0,20.0,2.0,100.0,4.041452
2299.0,49.0,20.0,2.0,100.0,3.0643883
2300.0,0.0,20.0,2.0,100.0,0.0
2301.0,0.5,20.0,2.0,100.0,29.263174
2302.0,1.0,20.0,2.0,100.0,46.003624
2303.0,2.0,20.0,2.0,100.0,9.820613
2304.0,3.0,20.0,2.0,100.0,14.442002
2305.0,5.0,20.0,2.0,100.0,13.601471
2306.0,10.0,20.0,2.0,100.0,8.657504
2307.0,20.0,20.0,2.0,100.0,3.1401107
2308.0,40.0,20.0,2.0,100.0,4.3284287
2309.0,49.0,20.0,2.0,100.0,2.8793187
2310.0,0.0,20.0,2.0,100.0,0.0
2311.0,0.5,20.0,2.0,100.0,11.907047
2312.0,1.0,20.0,2.0,100.0,27.540878
2313.0,2.0,20.0,2.0,100.0,37.004505
2314.0,3.0,20.0,2.0,100.0,16.855597
2315.0,5.0,20.0,2.0,100.0,2.5671923
2316.0,10.0,20.0,2.0,100.0,5.8221498
2317.0,20.0,20.0,2.0,100.0,2.9766247
2318.0,40.0,20.0,2.0,100.0,4.8046813
2319.0,49.0,20.0,2.0,100.0,2.1869173
2320.0,0.0,20.0,2.0,100.0,0.0
2321.0,0.5,20.0,2.0,100.0,20.318985
2322.0,1.0,20.0,2.0,100.0,28.041636
2323.0,2.0,20.0,2.0,100.0,0.0
2324.0,3.0,20.0,2.0,100.0,16.077934
2325.0,5.0,20.0,2.0,100.0,17.67107
2326.0,10.0,20.0,2.0,100.0,2.5569537
2327.0,20.0,20.0,2.0,100.0,3.8871963
2328.0,40.0,20.0,2.0,100.0,2.9479613
2329.0,49.0,20.0,2.0,100.0,2.2114422
2330.0,0.0,20.0,2.0,100.0,0.0
2331.0,0.5,20.0,2.0,100.0,0.0
2332.0,1.0,20.0,2.0,100.0,0.0
2333.0,2.0,20.0,2.0,100.0,33.020195
2334.0,3.0,20.0,2.0,100.0,37.20663
2335.0,5.0,20.0,2.0,100.0,9.258201
2336.0,10.0,20.0,2.0,100.0,2.8443763
2337.0,20.0,20.0,2.0,100.0,4.075573
2338.0,40.0,20.0,2.0,100.0,3.5861254
2339.0,49.0,20.0,2.0,100.0,2.5476413
2340.0,0.0,20.0,2.0,100.0,0.0
2341.0,0.5,20.0,2.0,100.0,21.115423
2342.0,1.0,20.0,2.0,100.0,15.062831
2343.0,2.0,20.0,2.0,100.0,13.161995
2344.0,3.0,20.0,2.0,100.0,24.114311
2345.0,5.0,20.0,2.0,100.0,21.89912
2346.0,10.0,20.0,2.0,100.0,5.090039
2347.0,20.0,20.0,2.0,100.0,5.281802
2348.0,40.0,20.0,2.0,100.0,3.0968494
2349.0,49.0,20.0,2.0,100.0,2.228099
2350.0,0.0,20.0,2.0,100.0,0.0
2351.0,0.5,20.0,2.0,100.0,0.0
2352.0,1.0,20.0,2.0,100.0,14.038044
2353.0,2.0,20.0,2.0,100.0,13.398328
2354.0,3.0,20.0,2.0,100.0,8.679479
2355.0,5.0,20.0,2.0,100.0,18.5652
2356.0,10.0,20.0,2.0,100.0,5.668498
2357.0,20.0,20.0,2.0,100.0,4.6260133
2358.0,40.0,20.0,2.0,100.0,4.7286673
2359.0,49.0,20.0,2.0,100.0,2.6677485
2360.0,0.0,20.0,2.0,100.0,8.877473
2361.0,0.5,20.0,2.0,100.0,0.0
2362.0,1.0,20.0,2.0,100.0,12.413336
2363.0,2.0,20.0,2.0,100.0,10.0
2364.0,3.0,20.0,2.0,100.0,26.482698
2365.0,5.0,20.0,2.0,100.0,21.528276
2366.0,10.0,20.0,2.0,100.0,6.182412
2367.0,20.0,20.0,2.0,100.0,4.527332
2368.0,40.0,20.0,2.0,100.0,2.5219624
2369.0,49.0,20.0,2.0,100.0,2.9788451
2370.0,0.0,20.0,2.0,100.0,0.0
2371.0,0.5,20.0,2.0,100.0,0.0
2372.0,1.0,20.0,2.0,100.0,28.219378
2373.0,2.0,20.0,2.0,100.0,60.811184
2374.0,3.0,20.0,2.0,100.0,15.362291
2375.0,5.0,20.0,2.0,100.0,17.874563
2376.0,10.0,20.0,2.0,100.0,10.252371
2377.0,20.0,20.0,2.0,100.0,3.8223414
2378.0,40.0,20.0,2.0,100.0,3.8483145
2379.0,49.0,20.0,2.0,100.0,3.3302367
2380.0,0.0,20.0,2.0,100.0,0.0
2381.0,0.5,20.0,2.0,100.0,25.65151
2382.0,1.0,20.0,2.0,100.0,31.368774
2383.0,2.0,20.0,2.0,100.0,28.728617
2384.0,3.0,20.0,2.0,100.0,55.154327
2385.0,5.0,20.0,2.0,100.0,16.743986
2386.0,10.0,20.0,2.0,100.0,8.681078
2387.0,20.0,20.0,2.0,100.0,2.7657049
2388.0,40.0,20.0,2.0,100.0,3.6490808
2389.0,49.0,20.0,2.0,100.0,4.0731406
2390.0,0.0,20.0,2.0,100.0,0.0
2391.0,0.5,20.0,2.0,100.0,0.0
2392.0,1.0,20.0,2.0,100.0,38.552994
2393.0,2.0,20.0,2.0,100.0,15.940863
2394.0,3.0,20.0,2.0,100.0,4.9311047
2395.0,5.0,20.0,2.0,100.0,17.500477
2396.0,10.0,20.0,2.0,100.0,4.725816
2397.0,20.0,20.0,2.0,100.0,4.151879
2398.0,40.0,20.0,2.0,100.0,3.1241374
2399.0,49.0,20.0,2.0,100.0,2.6732461
2400.0,0.0,20.0,2.0,100.0,0.0
2401.0,0.5,20.0,2.0,100.0,28.219378
2402.0,1.0,20.0,2.0,100.0,57.982758
2403.0,2.0,20.0,2.0,100.0,25.126347
2404.0,3.0,20.0,2.0,100.0,36.555893
2405.0,5.0,20.0,2.0,100.0,16.04458
2406.0,10.0,20.0,2.0,100.0,10.338708
2407.0,20.0,20.0,2.0,100.0,3.7505555
2408.0,40.0,20.0,2.0,100.0,5.7652493
2409.0,49.0,20.0,2.0,100.0,2.6561882
2410.0,0.0,20.0,2.0,100.0,0.0
2411.0,0.5,20.0,2.0,100.0,0.0
2412.0,1.0,20.0,2.0,100.0,0.0
2413.0,2.0,20.0,2.0,100.0,15.905973
2414.0,3.0,20.0,2.0,100.0,26.870058
2415.0,5.0,20.0,2.0,100.0,21.548395
2416.0,10.0,20.0,2.0,100.0,5.5726967
2417.0,20.0,20.0,2.0,100.0,4.1617618
2418.0,40.0,20.0,2.0,100.0,3.6380343
2419.0,49.0,20.0,2.0,100.0,2.890498
2420.0,0.0,20.0,2.0,100.0,0.0
2421.0,0.5,20.0,2.0,100.0,0.0
2422.0,1.0,20.0,2.0,100.0,8.447641
2423.0,2.0,20.0,2.0,100.0,9.924717
2424.0,3.0,20.0,2.0,100.0,20.868637
2425.0,5.0,20.0,2.0,100.0,14.151561
2426.0,10.0,20.0,2.0,100.0,5.6862407
2427.0,20.0,20.0,2.0,100.0,3.052178
2428.0,40.0,20.0,2.0,100.0,3.7836215
2429.0,49.0,20.0,2.0,100.0,2.4047055
2430.0,0.0,20.0,2.0,100.0,0.0
2431.0,0.5,20.0,2.0,100.0,0.0
2432.0,1.0,20.0,2.0,100.0,7.3452287
2433.0,2.0,20.0,2.0,100.0,21.679483
2434.0,3.0,20.0,2.0,100.0,9.188267
2435.0,5.0,20.0,2.0,100.0,12.814922
2436.0,10.0,20.0,2.0,100.0,11.045361
2437.0,20.0,20.0,2.0,100.0,4.106905
2438.0,40.0,20.0,2.0,100.0,3.7396917
2439.0,49.0,20.0,2.0,100.0,3.2802796
2440.0,0.0,20.0,2.0,100.0,0.0
2441.0,0.5,20.0,2.0,100.0,37.872593
2442.0,1.0,20.0,2.0,100.0,29.905407
2443.0,2.0,20.0,2.0,100.0,18.015867
2444.0,3.0,20.0,2.0,100.0,13.223356
2445.0,5.0,20.0,2.0,100.0,7.565401
2446.0,10.0,20.0,2.0,100.0,4.2661457
2447.0,20.0,20.0,2.0,100.0,4.7855096
2448.0,40.0,20.0,2.0,100.0,4.106905
2449.0,49.0,20.0,2.0,100.0,4.6486874
2450.0,0.0,20.0,2.0,100.0,0.0
2451.0,0.5,20.0,2.0,100.0,0.0
2452.0,1.0,20.0,2.0,100.0,43.661575
2453.0,2.0,20.0,2.0,100.0,28.284271
2454.0,3.0,20.0,2.0,100.0,39.247078
2455.0,5.0,20.0,2.0,100.0,13.351654
2456.0,10.0,20.0,2.0,100.0,6.814658
2457.0,20.0,20.0,2.0,100.0,4.1364594
2458.0,40.0,20.0,2.0,100.0,2.8443763
2459.0,49.0,20.0,2.0,100.0,2.9481685
2460.0,0.0,20.0,2.0,100.0,32.534595
2461.0,0.5,20.0,2.0,100.0,13.406371
2462.0,1.0,20.0,2.0,100.0,0.0
2463.0,2.0,20.0,2.0,100.0,36.027767
2464.0,3.0,20.0,2.0,100.0,20.161844
2465.0,5.0,20.0,2.0,100.0,8.922506
2466.0,10.0,20.0,2.0,100.0,6.3333335
2467.0,20.0,20.0,2.0,100.0,3.4641016
2468.0,40.0,20.0,2.0,100.0,2.921988
2469.0,49.0,20.0,2.0,100.0,2.385472
2470.0,0.0,20.0,2.0,100.0,0.0
2471.0,0.5,20.0,2.0,100.0,0.0
2472.0,1.0,20.0,2.0,100.0,24.193663
2473.0,2.0,20.0,2.0,100.0,39.95414
2474.0,3.0,20.0,2.0,100.0,10.438856
2475.0,5.0,20.0,2.0,100.0,3.672233
2476.0,10.0,20.0,2.0,100.0,3.9036002
2477.0,20.0,20.0,2.0,100.0,3.6031175
2478.0,40.0,20.0,2.0,100.0,3.6490805
2479.0,49.0,20.0,2.0,100.0,3.9509866
2480.0,0.0,20.0,2.0,100.0,10.73456
2481.0,0.5,20.0,2.0,100.0,0.0
2482.0,1.0,20.0,2.0,100.0,44.43347
2483.0,2.0,20.0,2.0,100.0,2.642434
2484.0,3.0,20.0,2.0,100.0,53.740116
2485.0,5.0,20.0,2.0,100.0,5.517206
2486.0,10.0,20.0,2.0,100.0,8.417905
2487.0,20.0,20.0,2.0,100.0,4.9232206
2488.0,40.0,20.0,2.0,100.0,2.755082
2489.0,49.0,20.0,2.0,100.0,4.044786
2490.0,0.0,20.0,2.0,100.0,0.0
2491.0,0.5,20.0,2.0,100.0,0.0
2492.0,1.0,20.0,2.0,100.0,0.0
2493.0,2.0,20.0,2.0,100.0,18.09604
2494.0,3.0,20.0,2.0,100.0,49.497475
2495.0,5.0,20.0,2.0,100.0,9.178368
2496.0,10.0,20.0,2.0,100.0,6.21
2497.0,20.0,20.0,2.0,100.0,5.6918745
2498.0,40.0,20.0,2.0,100.0,2.901905
2499.0,49.0,20.0,2.0,100.0,2.5569537
2500.0,0.0,20.0,2.0,100.0,0.0
2501.0,0.5,20.0,2.0,100.0,4.041452
2502.0,1.0,20.0,2.0,100.0,20.042812
2503.0,2.0,20.0,2.0,100.0,0.0
2504.0,3.0,20.0,2.0,100.0,16.94966
2505.0,5.0,20.0,2.0,100.0,18.098934
2506.0,10.0,20.0,2.0,100.0,3.7396917
2507.0,20.0,20.0,2.0,100.0,3.7543626
2508.0,40.0,20.0,2.0,100.0,2.8793187
2509.0,49.0,20.0,2.0,100.0,2.745544
2510.0,0.0,20.0,2.0,100.0,12.565465
2511.0,0.5,20.0,2.0,100.0,38.552994
2512.0,1.0,20.0,2.0,100.0,54.280136
2513.0,2.0,20.0,2.0,100.0,33.501244
2514.0,3.0,20.0,2.0,100.0,14.461772
2515.0,5.0,20.0,2.0,100.0,3.8386579
2516.0,10.0,20.0,2.0,100.0,4.8461633
2517.0,20.0,20.0,2.0,100.0,4.134437
2518.0,40.0,20.0,2.0,100.0,3.7061157
2519.0,49.0,20.0,2.0,100.0,2.444182
2520.0,0.0,20.0,2.0,100.0,0.0
2521.0,0.5,20.0,2.0,100.0,29.53529
2522.0,1.0,20.0,2.0,100.0,9.392669
2523.0,2.0,20.0,2.0,100.0,9.710351
2524.0,3.0,20.0,2.0,100.0,15.744992
2525.0,5.0,20.0,2.0,100.0,20.60744
2526.0,10.0,20.0,2.0,100.0,2.324349
2527.0,20.0,20.0,2.0,100.0,4.6239543
2528.0,40.0,20.0,2.0,100.0,2.9912152
2529.0,49.0,20.0,2.0,100.0,2.9479613
2530.0,0.0,20.0,2.0,100.0,0.0
2531.0,0.5,20.0,2.0,100.0,29.569128
2532.0,1.0,20.0,2.0,100.0,42.899105
2533.0,2.0,20.0,2.0,100.0,27.361774
2534.0,3.0,20.0,2.0,100.0,15.143755
2535.0,5.0,20.0,2.0,100.0,12.786712
2536.0,10.0,20.0,2.0,100.0,5.2326813
2537.0,20.0,20.0,2.0,100.0,2.8078566
2538.0,40.0,20.0,2.0,100.0,3.709479
2539.0,49.0,20.0,2.0,100.0,2.7657049
2540.0,0.0,20.0,2.0,100.0,0.0
2541.0,0.5,20.0,2.0,100.0,0.0
2542.0,1.0,20.0,2.0,100.0,0.0
2543.0,2.0,20.0,2.0,100.0,19.218048
2544.0,3.0,20.0,2.0,100.0,8.312354
2545.0,5.0,20.0,2.0,100.0,8.576453
2546.0,10.0,20.0,2.0,100.0,5.0361333
2547.0,20.0,20.0,2.0,100.0,3.8223414
2548.0,40.0,20.0,2.0,100.0,2.8966322
2549.0,49.0,20.0,2.0,100.0,3.4775808
2550.0,0.0,20.0,2.0,100.0,0.0
2551.0,0.5,20.0,2.0,100.0,0.0
2552.0,1.0,20.0,2.0,100.0,15.045302
2553.0,2.0,20.0,2.0,100.0,17.224014
2554.0,3.0,20.0,2.0,100.0,12.455635
2555.0,5.0,20.0,2.0,100.0,3.3645597
2556.0,10.0,20.0,2.0,100.0,3.8328156
2557.0,20.0,20.0,2.0,100.0,3.445482
2558.0,40.0,20.0,2.0,100.0,3.052178
2559.0,49.0,20.0,2.0,100.0,2.7550817
2560.0,0.0,20.0,2.0,100.0,0.0
2561.0,0.5,20.0,2.0,100.0,39.803684
2562.0,1.0,20.0,2.0,100.0,0.0
2563.0,2.0,20.0,2.0,100.0,4.7793417
2564.0,3.0,20.0,2.0,100.0,18.86443
2565.0,5.0,20.0,2.0,100.0,4.871888
2566.0,10.0,20.0,2.0,100.0,15.042796
2567.0,20.0,20.0,2.0,100.0,3.413081
2568.0,40.0,20.0,2.0,100.0,4.712184
2569.0,49.0,20.0,2.0,100.0,2.5131235
2570.0,0.0,20.0,2.0,100.0,0.0
2571.0,0.5,20.0,2.0,100.0,0.0
2572.0,1.0,20.0,2.0,100.0,37.607624
2573.0,2.0,20.0,2.0,100.0,13.686976
2574.0,3.0,20.0,2.0,100.0,29.87195
2575.0,5.0,20.0,2.0,100.0,11.979149
2576.0,10.0,20.0,2.0,100.0,6.227991
2577.0,20.0,20.0,2.0,100.0,5.4219403
2578.0,40.0,20.0,2.0,100.0,2.7731707
2579.0,49.0,20.0,2.0,100.0,3.8852594
2580.0,0.0,20.0,2.0,100.0,0.0
2581.0,0.5,20.0,2.0,100.0,6.8727946
2582.0,1.0,20.0,2.0,100.0,50.895317
2583.0,2.0,20.0,2.0,100.0,15.3717575
2584.0,3.0,20.0,2.0,100.0,6.514565
2585.0,5.0,20.0,2.0,100.0,13.320231
2586.0,10.0,20.0,2.0,100.0,6.334972
2587.0,20.0,20.0,2.0,100.0,3.8990533
2588.0,40.0,20.0,2.0,100.0,3.4488747
2589.0,49.0,20.0,2.0,100.0,2.527939
2590.0,0.0,20.0,2.0,100.0,0.0
2591.0,0.5,20.0,2.0,100.0,0.0
2592.0,1.0,20.0,2.0,100.0,0.0
2593.0,2.0,20.0,2.0,100.0,17.66352
2594.0,3.0,20.0,2.0,100.0,31.817186
2595.0,5.0,20.0,2.0,100.0,13.678857
2596.0,10.0,20.0,2.0,100.0,5.4993114
2597.0,20.0,20.0,2.0,100.0,5.186627
2598.0,40.0,20.0,2.0,100.0,2.948169
2599.0,49.0,20.0,2.0,100.0,1.7217511
2600.0,0.0,20.0,2.0,100.0,0.0
2601.0,0.5,20.0,2.0,100.0,34.241787
2602.0,1.0,20.0,2.0,100.0,46.801
2603.0,2.0,20.0,2.0,100.0,34.64583
2604.0,3.0,20.0,2.0,100.0,13.613718
2605.0,5.0,20.0,2.0,100.0,15.39697
2606.0,10.0,20.0,2.0,100.0,2.4257078
2607.0,20.0,20.0,2.0,100.0,3.5308166
2608.0,40.0,20.0,2.0,100.0,3.5903308
2609.0,49.0,20.0,2.0,100.0,2.527939
2610.0,0.0,20.0,2.0,100.0,0.0
2611.0,0.5,20.0,2.0,100.0,0.0
2612.0,1.0,20.0,2.0,100.0,25.006666
2613.0,2.0,20.0,2.0,100.0,25.423088
2614.0,3.0,20.0,2.0,100.0,4.8921704
2615.0,5.0,20.0,2.0,100.0,19.602722
2616.0,10.0,20.0,2.0,100.0,2.808999
2617.0,20.0,20.0,2.0,100.0,2.7000883
2618.0,40.0,20.0,2.0,100.0,4.805751
2619.0,49.0,20.0,2.0,100.0,3.1063037
2620.0,0.0,20.0,2.0,100.0,18.776884
2621.0,0.5,20.0,2.0,100.0,0.0
2622.0,1.0,20.0,2.0,100.0,2.828427
2623.0,2.0,20.0,2.0,100.0,41.404507
2624.0,3.0,20.0,2.0,100.0,12.82854
2625.0,5.0,20.0,2.0,100.0,2.1213202
2626.0,10.0,20.0,2.0,100.0,3.7244256
2627.0,20.0,20.0,2.0,100.0,8.084621
2628.0,40.0,20.0,2.0,100.0,3.709479
2629.0,49.0,20.0,2.0,100.0,2.4791622
2630.0,0.0,20.0,2.0,100.0,0.0
2631.0,0.5,20.0,2.0,100.0,46.003624
2632.0,1.0,20.0,2.0,100.0,0.0
2633.0,2.0,20.0,2.0,100.0,29.569128
2634.0,3.0,20.0,2.0,100.0,19.916492
2635.0,5.0,20.0,2.0,100.0,6.4239135
2636.0,10.0,20.0,2.0,100.0,6.945677
2637.0,20.0,20.0,2.0,100.0,4.6081767
2638.0,40.0,20.0,2.0,100.0,3.05946
2639.0,49.0,20.0,2.0,100.0,2.642434
2640.0,0.0,20.0,2.0,100.0,0.0
2641.0,0.5,20.0,2.0,100.0,36.555893
2642.0,1.0,20.0,2.0,100.0,0.0
2643.0,2.0,20.0,2.0,100.0,14.29219
2644.0,3.0,20.0,2.0,100.0,7.512952
2645.0,5.0,20.0,2.0,100.0,8.835192
2646.0,10.0,20.0,2.0,100.0,5.838742
2647.0,20.0,20.0,2.0,100.0,4.617387
2648.0,40.0,20.0,2.0,100.0,3.295496
2649.0,49.0,20.0,2.0,100.0,2.6058543
2650.0,0.0,20.0,2.0,100.0,0.0
2651.0,0.5,20.0,2.0,100.0,0.0
2652.0,1.0,20.0,2.0,100.0,16.196707
2653.0,2.0,20.0,2.0,100.0,31.38471
2654.0,3.0,20.0,2.0,100.0,7.571878
2655.0,5.0,20.0,2.0,100.0,7.83156
2656.0,10.0,20.0,2.0,100.0,2.725234
2657.0,20.0,20.0,2.0,100.0,7.6870613
2658.0,40.0,20.0,2.0,100.0,2.5309677
2659.0,49.0,20.0,2.0,100.0,2.3854718
2660.0,0.0,20.0,2.0,100.0,0.0
2661.0,0.5,20.0,2.0,100.0,0.0
2662.0,1.0,20.0,2.0,100.0,12.797569
2663.0,2.0,20.0,2.0,100.0,20.1825
2664.0,3.0,20.0,2.0,100.0,8.793938
2665.0,5.0,20.0,2.0,100.0,29.143324
2666.0,10.0,20.0,2.0,100.0,6.6663003
2667.0,20.0,20.0,2.0,100.0,3.8297088
2668.0,40.0,20.0,2.0,100.0,3.2118206
2669.0,49.0,20.0,2.0,100.0,3.1418698
2670.0,0.0,20.0,2.0,100.0,0.0
2671.0,0.5,20.0,2.0,100.0,45.62163
2672.0,1.0,20.0,2.0,100.0,52.576927
2673.0,2.0,20.0,2.0,100.0,52.576927
2674.0,3.0,20.0,2.0,100.0,5.297798
2675.0,5.0,20.0,2.0,100.0,20.607443
2676.0,10.0,20.0,2.0,100.0,6.585031
2677.0,20.0,20.0,2.0,100.0,2.7657049
2678.0,40.0,20.0,2.0,100.0,4.2142897
2679.0,49.0,20.0,2.0,100.0,2.6815064
2680.0,0.0,20.0,2.0,100.0,0.0
2681.0,0.5,20.0,2.0,100.0,37.607624
2682.0,1.0,20.0,2.0,100.0,17.95099
2683.0,2.0,20.0,2.0,100.0,31.342197
2684.0,3.0,20.0,2.0,100.0,9.658722
2685.0,5.0,20.0,2.0,100.0,7.522859
2686.0,10.0,20.0,2.0,100.0,8.172385
2687.0,20.0,20.0,2.0,100.0,3.797506
2688.0,40.0,20.0,2.0,100.0,3.4775805
2689.0,49.0,20.0,2.0,100.0,2.5569537
2690.0,0.0,20.0,2.0,100.0,15.161171
2691.0,0.5,20.0,2.0,100.0,41.404507
2692.0,1.0,20.0,2.0,100.0,0.0
2693.0,2.0,20.0,2.0,100.0,9.12871
2694.0,3.0,20.0,2.0,100.0,16.462078
2695.0,5.0,20.0,2.0,100.0,11.930353
2696.0,10.0,20.0,2.0,100.0,9.028574
2697.0,20.0,20.0,2.0,100.0,3.0607877
2698.0,40.0,20.0,2.0,100.0,3.239866
2699.0,49.0,20.0,2.0,100.0,2.0584347
2700.0,0.0,20.0,2.0,100.0,0.0
2701.0,0.5,20.0,2.0,100.0,40.673496
2702.0,1.0,20.0,2.0,100.0,38.552994
2703.0,2.0,20.0,2.0,100.0,14.742229
2704.0,3.0,20.0,2.0,100.0,1.4142135
2705.0,5.0,20.0,2.0,100.0,5.786648
2706.0,10.0,20.0,2.0,100.0,5.7210813
2707.0,20.0,20.0,2.0,100.0,2.0224926
2708.0,40.0,20.0,2.0,100.0,2.663375
2709.0,49.0,20.0,2.0,100.0,3.4615684
2710.0,0.0,20.0,2.0,100.0,0.0
2711.0,0.5,20.0,2.0,100.0,26.102362
2712.0,1.0,20.0,2.0,100.0,45.214306
2713.0,2.0,20.0,2.0,100.0,27.507576
2714.0,3.0,20.0,2.0,100.0,35.014282
2715.0,5.0,20.0,2.0,100.0,5.7501388
2716.0,10.0,20.0,2.0,100.0,9.571369
2717.0,20.0,20.0,2.0,100.0,4.98601
2718.0,40.0,20.0,2.0,100.0,2.662795
2719.0,49.0,20.0,2.0,100.0,2.4475448
2720.0,0.0,20.0,2.0,100.0,0.0
2721.0,0.5,20.0,2.0,100.0,28.536526
2722.0,1.0,20.0,2.0,100.0,49.23752
2723.0,2.0,20.0,2.0,100.0,17.281975
2724.0,3.0,20.0,2.0,100.0,22.770596
2725.0,5.0,20.0,2.0,100.0,2.9920533
2726.0,10.0,20.0,2.0,100.0,3.3735669
2727.0,20.0,20.0,2.0,100.0,4.8885
2728.0,40.0,20.0,2.0,100.0,3.1796691
2729.0,49.0,20.0,2.0,100.0,2.8381922
2730.0,0.0,20.0,2.0,100.0,0.0
2731.0,0.5,20.0,2.0,100.0,0.0
2732.0,1.0,20.0,2.0,100.0,16.98739
2733.0,2.0,20.0,2.0,100.0,44.43347
2734.0,3.0,20.0,2.0,100.0,13.249738
2735.0,5.0,20.0,2.0,100.0,15.240923
2736.0,10.0,20.0,2.0,100.0,4.151541
2737.0,20.0,20.0,2.0,100.0,2.5279393
2738.0,40.0,20.0,2.0,100.0,2.130261
2739.0,49.0,20.0,2.0,100.0,3.709479
2740.0,0.0,20.0,2.0,100.0,0.0
2741.0,0.5,20.0,2.0,100.0,0.0
2742.0,1.0,20.0,2.0,100.0,52.576927
2743.0,2.0,20.0,2.0,100.0,11.313708
2744.0,3.0,20.0,2.0,100.0,9.883872
2745.0,5.0,20.0,2.0,100.0,24.052027
2746.0,10.0,20.0,2.0,100.0,2.9970746
2747.0,20.0,20.0,2.0,100.0,3.4293199
2748.0,40.0,20.0,2.0,100.0,3.413081
2749.0,49.0,20.0,2.0,100.0,3.0339212
2750.0,0.0,20.0,2.0,100.0,0.0
2751.0,0.5,20.0,2.0,100.0,0.0
2752.0,1.0,20.0,2.0,100.0,56.568542
2753.0,2.0,20.0,2.0,100.0,34.122326
2754.0,3.0,20.0,2.0,100.0,15.226986
2755.0,5.0,20.0,2.0,100.0,22.007574
2756.0,10.0,20.0,2.0,100.0,5.921495
2757.0,20.0,20.0,2.0,100.0,6.6483083
2758.0,40.0,20.0,2.0,100.0,4.5122385
2759.0,49.0,20.0,2.0,100.0,3.1290336
2760.0,0.0,20.0,2.0,100.0,0.0
2761.0,0.5,20.0,2.0,100.0,0.0
2762.0,1.0,20.0,2.0,100.0,5.887841
2763.0,2.0,20.0,2.0,100.0,18.326666
2764.0,3.0,20.0,2.0,100.0,6.7465906
2765.0,5.0,20.0,2.0,100.0,8.391916
2766.0,10.0,20.0,2.0,100.0,2.6925824
2767.0,20.0,20.0,2.0,100.0,3.8800702
2768.0,40.0,20.0,2.0,100.0,3.0643883
2769.0,49.0,20.0,2.0,100.0,2.2778072
2770.0,0.0,20.0,2.0,100.0,0.0
2771.0,0.5,20.0,2.0,100.0,54.280136
2772.0,1.0,20.0,2.0,100.0,16.593172
2773.0,2.0,20.0,2.0,100.0,34.08812
2774.0,3.0,20.0,2.0,100.0,6.963541
2775.0,5.0,20.0,2.0,100.0,6.331738
2776.0,10.0,20.0,2.0,100.0,13.472194
2777.0,20.0,20.0,2.0,100.0,3.9940429
2778.0,40.0,20.0,2.0,100.0,3.0150416
2779.0,49.0,20.0,2.0,100.0,3.6380346
2780.0,0.0,20.0,2.0,100.0,0.0
2781.0,0.5,20.0,2.0,100.0,0.0
2782.0,1.0,20.0,2.0,100.0,17.363756
2783.0,2.0,20.0,2.0,100.0,28.044607
2784.0,3.0,20.0,2.0,100.0,13.878441
2785.0,5.0,20.0,2.0,100.0,24.64684
2786.0,10.0,20.0,2.0,100.0,5.6018705
2787.0,20.0,20.0,2.0,100.0,3.2118206
2788.0,40.0,20.0,2.0,100.0,2.712986
2789.0,49.0,20.0,2.0,100.0,4.0666957
2790.0,0.0,20.0,2.0,100.0,4.3858056
2791.0,0.5,20.0,2.0,100.0,30.270998
2792.0,1.0,20.0,2.0,100.0,17.353468
2793.0,2.0,20.0,2.0,100.0,46.47939
2794.0,3.0,20.0,2.0,100.0,8.668998
2795.0,5.0,20.0,2.0,100.0,9.707854
2796.0,10.0,20.0,2.0,100.0,9.148605
2797.0,20.0,20.0,2.0,100.0,3.38037
2798.0,40.0,20.0,2.0,100.0,3.9277093
2799.0,49.0,20.0,2.0,100.0,1.8027756
2800.0,0.0,20.0,2.0,100.0,0.0
2801.0,0.5,20.0,2.0,100.0,34.12233
2802.0,1.0,20.0,2.0,100.0,37.20663
2803.0,2.0,20.0,2.0,100.0,65.053825
2804.0,3.0,20.0,2.0,100.0,19.578901
2805.0,5.0,20.0,2.0,100.0,7.148093
2806.0,10.0,20.0,2.0,100.0,6.5947638
2807.0,20.0,20.0,2.0,100.0,4.7908645
2808.0,40.0,20.0,2.0,100.0,3.6722329
2809.0,49.0,20.0,2.0,100.0,2.6732461
2810.0,0.0,20.0,2.0,100.0,0.0
2811.0,0.5,20.0,2.0,100.0,31.085903
2812.0,1.0,20.0,2.0,100.0,50.063293
2813.0,2.0,20.0,2.0,100.0,10.517181
2814.0,3.0,20.0,2.0,100.0,21.760056
2815.0,5.0,20.0,2.0,100.0,13.589211
2816.0,10.0,20.0,2.0,100.0,5.7175965
2817.0,20.0,20.0,2.0,100.0,3.008759
2818.0,40.0,20.0,2.0,100.0,2.6950247
2819.0,49.0,20.0,2.0,100.0,2.6627948
2820.0,0.0,20.0,2.0,100.0,0.0
2821.0,0.5,20.0,2.0,100.0,0.0
2822.0,1.0,20.0,2.0,100.0,35.014282
2823.0,2.0,20.0,2.0,100.0,34.703506
2824.0,3.0,20.0,2.0,100.0,16.142225
2825.0,5.0,20.0,2.0,100.0,16.177586
2826.0,10.0,20.0,2.0,100.0,11.983786
2827.0,20.0,20.0,2.0,100.0,8.339997
2828.0,40.0,20.0,2.0,100.0,3.5510979
2829.0,49.0,20.0,2.0,100.0,2.8449194
2830.0,0.0,20.0,2.0,100.0,0.0
2831.0,0.5,20.0,2.0,100.0,37.434387
2832.0,1.0,20.0,2.0,100.0,25.046623
2833.0,2.0,20.0,2.0,100.0,46.800995
2834.0,3.0,20.0,2.0,100.0,17.281977
2835.0,5.0,20.0,2.0,100.0,22.368132
2836.0,10.0,20.0,2.0,100.0,13.0603
2837.0,20.0,20.0,2.0,100.0,3.2381005
2838.0,40.0,20.0,2.0,100.0,2.8858383
2839.0,49.0,20.0,2.0,100.0,2.4974294
2840.0,0.0,20.0,2.0,100.0,0.0
2841.0,0.5,20.0,2.0,100.0,0.0
2842.0,1.0,20.0,2.0,100.0,0.0
2843.0,2.0,20.0,2.0,100.0,0.0
2844.0,3.0,20.0,2.0,100.0,18.384777
2845.0,5.0,20.0,2.0,100.0,12.079104
2846.0,10.0,20.0,2.0,100.0,6.7194877
2847.0,20.0,20.0,2.0,100.0,3.1241374
2848.0,40.0,20.0,2.0,100.0,4.0083246
2849.0,49.0,20.0,2.0,100.0,4.186145
2850.0,0.0,20.0,2.0,100.0,0.0
2851.0,0.5,20.0,2.0,100.0,41.404507
2852.0,1.0,20.0,2.0,100.0,47.34272
2853.0,2.0,20.0,2.0,100.0,9.646975
2854.0,3.0,20.0,2.0,100.0,14.8323965
2855.0,5.0,20.0,2.0,100.0,2.9309516
2856.0,10.0,20.0,2.0,100.0,15.315724
2857.0,20.0,20.0,2.0,100.0,5.0662284
2858.0,40.0,20.0,2.0,100.0,3.6338243
2859.0,49.0,20.0,2.0,100.0,2.1449451
2860.0,0.0,20.0,2.0,100.0,0.0
2861.0,0.5,20.0,2.0,100.0,0.0
2862.0,1.0,20.0,2.0,100.0,0.0
2863.0,2.0,20.0,2.0,100.0,20.59126
2864.0,3.0,20.0,2.0,100.0,28.711205
2865.0,5.0,20.0,2.0,100.0,38.03069
2866.0,10.0,20.0,2.0,100.0,3.4678733
2867.0,20.0,20.0,2.0,100.0,2.3665988
2868.0,40.0,20.0,2.0,100.0,4.432733
2869.0,49.0,20.0,2.0,100.0,2.7070394
2870.0,0.0,20.0,2.0,100.0,0.0
2871.0,0.5,20.0,2.0,100.0,41.404507
2872.0,1.0,20.0,2.0,100.0,31.069813
2873.0,2.0,20.0,2.0,100.0,50.91169
2874.0,3.0,20.0,2.0,100.0,29.501413
2875.0,5.0,20.0,2.0,100.0,16.07275
2876.0,10.0,20.0,2.0,100.0,3.4572217
2877.0,20.0,20.0,2.0,100.0,3.9032416
2878.0,40.0,20.0,2.0,100.0,5.7776256
2879.0,49.0,20.0,2.0,100.0,3.2462304
2880.0,0.0,20.0,2.0,100.0,0.0
2881.0,0.5,20.0,2.0,100.0,0.0
2882.0,1.0,20.0,2.0,100.0,45.214302
2883.0,2.0,20.0,2.0,100.0,20.810255
2884.0,3.0,20.0,2.0,100.0,18.348478
2885.0,5.0,20.0,2.0,100.0,12.547054
2886.0,10.0,20.0,2.0,100.0,6.8966737
2887.0,20.0,20.0,2.0,100.0,3.008759
2888.0,40.0,20.0,2.0,100.0,4.196462
2889.0,49.0,20.0,2.0,100.0,3.6849623
2890.0,0.0,20.0,2.0,100.0,0.0
2891.0,0.5,20.0,2.0,100.0,39.247078
2892.0,1.0,20.0,2.0,100.0,31.973948
2893.0,2.0,20.0,2.0,100.0,23.209194
2894.0,3.0,20.0,2.0,100.0,9.42809
2895.0,5.0,20.0,2.0,100.0,11.125546
2896.0,10.0,20.0,2.0,100.0,3.991658
2897.0,20.0,20.0,2.0,100.0,4.91242
2898.0,40.0,20.0,2.0,100.0,2.883711
2899.0,49.0,20.0,2.0,100.0,2.63902
2900.0,0.0,20.0,2.0,100.0,0.0
2901.0,0.5,20.0,2.0,100.0,0.0
2902.0,1.0,20.0,2.0,100.0,20.578306
2903.0,2.0,20.0,2.0,100.0,25.228952
2904.0,3.0,20.0,2.0,100.0,35.393032
2905.0,5.0,20.0,2.0,100.0,6.8300166
2906.0,10.0,20.0,2.0,100.0,2.86972
2907.0,20.0,20.0,2.0,100.0,5.10835
2908.0,40.0,20.0,2.0,100.0,3.0155544
2909.0,49.0,20.0,2.0,100.0,3.0883672
2910.0,0.0,20.0,2.0,100.0,0.0
2911.0,0.5,20.0,2.0,100.0,22.090721
2912.0,1.0,20.0,2.0,100.0,28.536526
2913.0,2.0,20.0,2.0,100.0,13.600357
2914.0,3.0,20.0,2.0,100.0,38.03069
2915.0,5.0,20.0,2.0,100.0,20.016659
2916.0,10.0,20.0,2.0,100.0,9.332252
2917.0,20.0,20.0,2.0,100.0,3.2632995
2918.0,40.0,20.0,2.0,100.0,3.3705037
2919.0,49.0,20.0,2.0,100.0,2.6043441
2920.0,0.0,20.0,2.0,100.0,0.0
2921.0,0.5,20.0,2.0,100.0,0.0
2922.0,1.0,20.0,2.0,100.0,0.0
2923.0,2.0,20.0,2.0,100.0,9.258201
2924.0,3.0,20.0,2.0,100.0,24.04163
2925.0,5.0,20.0,2.0,100.0,24.826061
2926.0,10.0,20.0,2.0,100.0,3.5540934
2927.0,20.0,20.0,2.0,100.0,7.0912423
2928.0,40.0,20.0,2.0,100.0,3.0643883
2929.0,49.0,20.0,2.0,100.0,3.0521781
2930.0,0.0,20.0,2.0,100.0,0.0
2931.0,0.5,20.0,2.0,100.0,0.0
2932.0,1.0,20.0,2.0,100.0,0.0
2933.0,2.0,20.0,2.0,100.0,11.313708
2934.0,3.0,20.0,2.0,100.0,4.486855
2935.0,5.0,20.0,2.0,100.0,11.810628
2936.0,10.0,20.0,2.0,100.0,12.550505
2937.0,20.0,20.0,2.0,100.0,4.561746
2938.0,40.0,20.0,2.0,100.0,2.1449451
2939.0,49.0,20.0,2.0,100.0,4.1909547
2940.0,0.0,20.0,2.0,100.0,0.0
2941.0,0.5,20.0,2.0,100.0,0.0
2942.0,1.0,20.0,2.0,100.0,20.34699
2943.0,2.0,20.0,2.0,100.0,16.462078
2944.0,3.0,20.0,2.0,100.0,34.53018
2945.0,5.0,20.0,2.0,100.0,5.1568794
2946.0,10.0,20.0,2.0,100.0,4.0118866
2947.0,20.0,20.0,2.0,100.0,4.1364594
2948.0,40.0,20.0,2.0,100.0,3.783621
2949.0,49.0,20.0,2.0,100.0,2.4828415
2950.0,0.0,20.0,2.0,100.0,0.0
2951.0,0.5,20.0,2.0,100.0,0.0
2952.0,1.0,20.0,2.0,100.0,0.0
2953.0,2.0,20.0,2.0,100.0,15.014279
2954.0,3.0,20.0,2.0,100.0,5.8635273
2955.0,5.0,20.0,2.0,100.0,15.763883
2956.0,10.0,20.0,2.0,100.0,5.0332227
2957.0,20.0,20.0,2.0,100.0,4.475058
2958.0,40.0,20.0,2.0,100.0,3.3889961
2959.0,49.0,20.0,2.0,100.0,2.997548
2960.0,0.0,20.0,2.0,100.0,11.785199
2961.0,0.5,20.0,2.0,100.0,0.0
2962.0,1.0,20.0,2.0,100.0,45.214306
2963.0,2.0,20.0,2.0,100.0,3.785939
2964.0,3.0,20.0,2.0,100.0,17.339743
2965.0,5.0,20.0,2.0,100.0,3.868762
2966.0,10.0,20.0,2.0,100.0,5.287001
2967.0,20.0,20.0,2.0,100.0,5.1378436
2968.0,40.0,20.0,2.0,100.0,2.7000883
2969.0,49.0,20.0,2.0,100.0,3.6496933
2970.0,0.0,20.0,2.0,100.0,0.0
2971.0,0.5,20.0,2.0,100.0,0.0
2972.0,1.0,20.0,2.0,100.0,49.237522
2973.0,2.0,20.0,2.0,100.0,28.219378
2974.0,3.0,20.0,2.0,100.0,15.478095
2975.0,5.0,20.0,2.0,100.0,1.9724292
2976.0,10.0,20.0,2.0,100.0,7.35283
2977.0,20.0,20.0,2.0,100.0,2.7767148
2978.0,40.0,20.0,2.0,100.0,2.1869175
2979.0,49.0,20.0,2.0,100.0,3.2290711
2980.0,0.0,20.0,2.0,100.0,0.0
2981.0,0.5,20.0,2.0,100.0,0.0
2982.0,1.0,20.0,2.0,100.0,0.0
2983.0,2.0,20.0,2.0,100.0,19.270012
2984.0,3.0,20.0,2.0,100.0,12.861904
2985.0,5.0,20.0,2.0,100.0,14.570028
2986.0,10.0,20.0,2.0,100.0,5.8756967
2987.0,20.0,20.0,2.0,100.0,7.1520286
2988.0,40.0,20.0,2.0,100.0,2.32174
2989.0,49.0,20.0,2.0,100.0,2.0
2990.0,0.0,20.0,2.0,100.0,0.0
2991.0,0.5,20.0,2.0,100.0,0.0
2992.0,1.0,20.0,2.0,100.0,13.190906
2993.0,2.0,20.0,2.0,100.0,18.493242
2994.0,3.0,20.0,2.0,100.0,5.5557775
2995.0,5.0,20.0,2.0,100.0,14.0
2996.0,10.0,20.0,2.0,100.0,8.092646
2997.0,20.0,20.0,2.0,100.0,2.8654015
2998.0,40.0,20.0,2.0,100.0,4.1364594
2999.0,49.0,20.0,2.0,100.0,4.608481
3000.0,0.0,20.0,2.0,100.0,8.107451
3001.0,0.5,20.0,2.0,100.0,0.0
3002.0,1.0,20.0,2.0,100.0,9.033887
3003.0,2.0,20.0,2.0,100.0,32.67262
3004.0,3.0,20.0,2.0,100.0,15.721052
3005.0,5.0,20.0,2.0,100.0,10.267841
3006.0,10.0,20.0,2.0,100.0,2.6925824
3007.0,20.0,20.0,2.0,100.0,6.9058604
3008.0,40.0,20.0,2.0,100.0,3.2759771
3009.0,49.0,20.0,2.0,100.0,3.112953
3010.0,0.0,20.0,2.0,100.0,0.0
3011.0,0.5,20.0,2.0,100.0,0.0
3012.0,1.0,20.0,2.0,100.0,25.797287
3013.0,2.0,20.0,2.0,100.0,0.0
3014.0,3.0,20.0,2.0,100.0,20.412415
3015.0,5.0,20.0,2.0,100.0,10.451703
3016.0,10.0,20.0,2.0,100.0,20.964254
3017.0,20.0,20.0,2.0,100.0,2.4000487
3018.0,40.0,20.0,2.0,100.0,3.4627268
3019.0,49.0,20.0,2.0,100.0,1.7559422
3020.0,0.0,20.0,2.0,100.0,0.0
3021.0,0.5,20.0,2.0,100.0,0.0
3022.0,1.0,20.0,2.0,100.0,37.872593
3023.0,2.0,20.0,2.0,100.0,18.717194
3024.0,3.0,20.0,2.0,100.0,6.1855836
3025.0,5.0,20.0,2.0,100.0,15.670719
3026.0,10.0,20.0,2.0,100.0,8.178687
3027.0,20.0,20.0,2.0,100.0,2.7897327
3028.0,40.0,20.0,2.0,100.0,2.6249716
3029.0,49.0,20.0,2.0,100.0,3.5721471
3030.0,0.0,20.0,2.0,100.0,0.0
3031.0,0.5,20.0,2.0,100.0,0.0
3032.0,1.0,20.0,2.0,100.0,0.0
3033.0,2.0,20.0,2.0,100.0,14.815533
3034.0,3.0,20.0,2.0,100.0,7.6217394
3035.0,5.0,20.0,2.0,100.0,7.865184
3036.0,10.0,20.0,2.0,100.0,4.1941
3037.0,20.0,20.0,2.0,100.0,3.9036005
3038.0,40.0,20.0,2.0,100.0,2.1561825
3039.0,49.0,20.0,2.0,100.0,4.371532
3040.0,0.0,20.0,2.0,100.0,0.0
3041.0,0.5,20.0,2.0,100.0,0.0
3042.0,1.0,20.0,2.0,100.0,28.431204
3043.0,2.0,20.0,2.0,100.0,13.038404
3044.0,3.0,20.0,2.0,100.0,2.527939
3045.0,5.0,20.0,2.0,100.0,17.00196
3046.0,10.0,20.0,2.0,100.0,5.4530077
3047.0,20.0,20.0,2.0,100.0,2.773171
3048.0,40.0,20.0,2.0,100.0,4.2702804
3049.0,49.0,20.0,2.0,100.0,2.5868318
3050.0,0.0,20.0,2.0,100.0,0.0
3051.0,0.5,20.0,2.0,100.0,33.00505
3052.0,1.0,20.0,2.0,100.0,32.005207
3053.0,2.0,20.0,2.0,100.0,20.839067
3054.0,3.0,20.0,2.0,100.0,46.800995
3055.0,5.0,20.0,2.0,100.0,5.5322747
3056.0,10.0,20.0,2.0,100.0,13.937958
3057.0,20.0,20.0,2.0,100.0,4.7157288
3058.0,40.0,20.0,2.0,100.0,4.1612244
3059.0,49.0,20.0,2.0,100.0,2.0359097
3060.0,0.0,20.0,2.0,100.0,0.0
3061.0,0.5,20.0,2.0,100.0,0.0
3062.0,1.0,20.0,2.0,100.0,35.92121
3063.0,2.0,20.0,2.0,100.0,4.7958317
3064.0,3.0,20.0,2.0,100.0,4.3039293
3065.0,5.0,20.0,2.0,100.0,14.21267
3066.0,10.0,20.0,2.0,100.0,14.985707
3067.0,20.0,20.0,2.0,100.0,4.8332486
3068.0,40.0,20.0,2.0,100.0,2.6249716
3069.0,49.0,20.0,2.0,100.0,1.8484228
3070.0,0.0,20.0,2.0,100.0,0.0
3071.0,0.5,20.0,2.0,100.0,9.250088
3072.0,1.0,20.0,2.0,100.0,0.0
3073.0,2.0,20.0,2.0,100.0,2.6648545
3074.0,3.0,20.0,2.0,100.0,27.92848
3075.0,5.0,20.0,2.0,100.0,6.7000675
3076.0,10.0,20.0,2.0,100.0,6.4770665
3077.0,20.0,20.0,2.0,100.0,7.9412913
3078.0,40.0,20.0,2.0,100.0,4.2702804
3079.0,49.0,20.0,2.0,100.0,2.9479616
3080.0,0.0,20.0,2.0,100.0,0.0
3081.0,0.5,20.0,2.0,100.0,26.41969
3082.0,1.0,20.0,2.0,100.0,18.408073
3083.0,2.0,20.0,2.0,100.0,15.1657505
3084.0,3.0,20.0,2.0,100.0,12.0
3085.0,5.0,20.0,2.0,100.0,10.9366865
3086.0,10.0,20.0,2.0,100.0,6.7494855
3087.0,20.0,20.0,2.0,100.0,3.3946738
3088.0,40.0,20.0,2.0,100.0,4.5122385
3089.0,49.0,20.0,2.0,100.0,2.8443763
3090.0,0.0,20.0,2.0,100.0,50.81666
3091.0,0.5,20.0,2.0,100.0,45.62163
3092.0,1.0,20.0,2.0,100.0,36.555893
3093.0,2.0,20.0,2.0,100.0,12.769756
3094.0,3.0,20.0,2.0,100.0,11.7627
3095.0,5.0,20.0,2.0,100.0,18.5652
3096.0,10.0,20.0,2.0,100.0,3.7275646
3097.0,20.0,20.0,2.0,100.0,3.5200107
3098.0,40.0,20.0,2.0,100.0,3.5540934
3099.0,49.0,20.0,2.0,100.0,3.2290711
3100.0,0.0,20.0,2.0,100.0,0.0
3101.0,0.5,20.0,2.0,100.0,29.737741
3102.0,1.0,20.0,2.0,100.0,34.947582
3103.0,2.0,20.0,2.0,100.0,16.867128
3104.0,3.0,20.0,2.0,100.0,23.755701
3105.0,5.0,20.0,2.0,100.0,18.761663
3106.0,10.0,20.0,2.0,100.0,7.796658
3107.0,20.0,20.0,2.0,100.0,3.9484777
3108.0,40.0,20.0,2.0,100.0,3.0968494
3109.0,49.0,20.0,2.0,100.0,2.789733
3110.0,0.0,20.0,2.0,100.0,21.646511
3111.0,0.5,20.0,2.0,100.0,39.95414
3112.0,1.0,20.0,2.0,100.0,28.041634
3113.0,2.0,20.0,2.0,100.0,23.674881
3114.0,3.0,20.0,2.0,100.0,19.962465
3115.0,5.0,20.0,2.0,100.0,20.049938
3116.0,10.0,20.0,2.0,100.0,3.7061155
3117.0,20.0,20.0,2.0,100.0,3.6335402
3118.0,40.0,20.0,2.0,100.0,2.2484074
3119.0,49.0,20.0,2.0,100.0,3.295496
3120.0,0.0,20.0,2.0,100.0,0.0
3121.0,0.5,20.0,2.0,100.0,33.56089
3122.0,1.0,20.0,2.0,100.0,39.703064
3123.0,2.0,20.0,2.0,100.0,17.009802
3124.0,3.0,20.0,2.0,100.0,48.418316
3125.0,5.0,20.0,2.0,100.0,4.1191406
3126.0,10.0,20.0,2.0,100.0,7.9284997
3127.0,20.0,20.0,2.0,100.0,5.5938277
3128.0,40.0,20.0,2.0,100.0,3.2971725
3129.0,49.0,20.0,2.0,100.0,4.4792967
3130.0,0.0,20.0,2.0,100.0,0.0
3131.0,0.5,20.0,2.0,100.0,0.0
3132.0,1.0,20.0,2.0,100.0,10.0332775
3133.0,2.0,20.0,2.0,100.0,3.6035113
3134.0,3.0,20.0,2.0,100.0,25.366646
3135.0,5.0,20.0,2.0,100.0,27.45906
3136.0,10.0,20.0,2.0,100.0,11.22992
3137.0,20.0,20.0,2.0,100.0,4.7609525
3138.0,40.0,20.0,2.0,100.0,4.8714237
3139.0,49.0,20.0,2.0,100.0,3.144913
3140.0,0.0,20.0,2.0,100.0,0.0
3141.0,0.5,20.0,2.0,100.0,0.0
3142.0,1.0,20.0,2.0,100.0,10.530476
3143.0,2.0,20.0,2.0,100.0,16.329933
3144.0,3.0,20.0,2.0,100.0,0.0
3145.0,5.0,20.0,2.0,100.0,6.237075
3146.0,10.0,20.0,2.0,100.0,3.3139791
3147.0,20.0,20.0,2.0,100.0,3.4156501
3148.0,40.0,20.0,2.0,100.0,2.7070394
3149.0,49.0,20.0,2.0,100.0,4.580971
3150.0,0.0,20.0,2.0,100.0,0.0
3151.0,0.5,20.0,2.0,100.0,0.0
3152.0,1.0,20.0,2.0,100.0,42.899105
3153.0,2.0,20.0,2.0,100.0,42.14657
3154.0,3.0,20.0,2.0,100.0,29.02298
3155.0,5.0,20.0,2.0,100.0,22.686266
3156.0,10.0,20.0,2.0,100.0,10.143415
3157.0,20.0,20.0,2.0,100.0,4.0392814
3158.0,40.0,20.0,2.0,100.0,3.0507965
3159.0,49.0,20.0,2.0,100.0,3.287784
3160.0,0.0,20.0,2.0,100.0,0.0
3161.0,0.5,20.0,2.0,100.0,0.0
3162.0,1.0,20.0,2.0,100.0,11.6004925
3163.0,2.0,20.0,2.0,100.0,42.44212
3164.0,3.0,20.0,2.0,100.0,30.270998
3165.0,5.0,20.0,2.0,100.0,16.926311
3166.0,10.0,20.0,2.0,100.0,3.1992648
3167.0,20.0,20.0,2.0,100.0,3.7275646
3168.0,40.0,20.0,2.0,100.0,2.5476413
3169.0,49.0,20.0,2.0,100.0,2.2484074
3170.0,0.0,20.0,2.0,100.0,0.0
3171.0,0.5,20.0,2.0,100.0,0.0
3172.0,1.0,20.0,2.0,100.0,28.219378
3173.0,2.0,20.0,2.0,100.0,39.803684
3174.0,3.0,20.0,2.0,100.0,17.962925
3175.0,5.0,20.0,2.0,100.0,12.525871
3176.0,10.0,20.0,2.0,100.0,9.201449
3177.0,20.0,20.0,2.0,100.0,2.3395905
3178.0,40.0,20.0,2.0,100.0,3.8274174
3179.0,49.0,20.0,2.0,100.0,3.9032414
3180.0,0.0,20.0,2.0,100.0,0.0
3181.0,0.5,20.0,2.0,100.0,41.404507
3182.0,1.0,20.0,2.0,100.0,35.34591
3183.0,2.0,20.0,2.0,100.0,10.488089
3184.0,3.0,20.0,2.0,100.0,13.55954
3185.0,5.0,20.0,2.0,100.0,14.8323965
3186.0,10.0,20.0,2.0,100.0,10.0
3187.0,20.0,20.0,2.0,100.0,3.7764318
3188.0,40.0,20.0,2.0,100.0,5.464457
3189.0,49.0,20.0,2.0,100.0,2.63902
3190.0,0.0,20.0,2.0,100.0,0.0
3191.0,0.5,20.0,2.0,100.0,0.0
3192.0,1.0,20.0,2.0,100.0,32.005207
3193.0,2.0,20.0,2.0,100.0,17.388533
3194.0,3.0,20.0,2.0,100.0,16.818357
3195.0,5.0,20.0,2.0,100.0,8.769328
3196.0,10.0,20.0,2.0,100.0,17.10472
3197.0,20.0,20.0,2.0,100.0,3.356063
3198.0,40.0,20.0,2.0,100.0,2.3473136
3199.0,49.0,20.0,2.0,100.0,2.5865955
3200.0,0.0,20.0,2.0,100.0,0.0
3201.0,0.5,20.0,2.0,100.0,2.9219878
3202.0,1.0,20.0,2.0,100.0,40.673496
3203.0,2.0,20.0,2.0,100.0,39.247078
3204.0,3.0,20.0,2.0,100.0,25.285042
3205.0,5.0,20.0,2.0,100.0,9.614803
3206.0,10.0,20.0,2.0,100.0,10.2720585
3207.0,20.0,20.0,2.0,100.0,6.3865385
3208.0,40.0,20.0,2.0,100.0,3.0703259
3209.0,49.0,20.0,2.0,100.0,4.1344366
3210.0,0.0,20.0,2.0,100.0,0.0
3211.0,0.5,20.0,2.0,100.0,0.0
3212.0,1.0,20.0,2.0,100.0,42.899105
3213.0,2.0,20.0,2.0,100.0,48.335632
3214.0,3.0,20.0,2.0,100.0,34.957115
3215.0,5.0,20.0,2.0,100.0,9.707631
3216.0,10.0,20.0,2.0,100.0,3.568654
3217.0,20.0,20.0,2.0,100.0,6.036519
3218.0,40.0,20.0,2.0,100.0,4.080334
3219.0,49.0,20.0,2.0,100.0,2.5335689
3220.0,0.0,20.0,2.0,100.0,0.0
3221.0,0.5,20.0,2.0,100.0,48.418316
3222.0,1.0,20.0,2.0,100.0,0.0
3223.0,2.0,20.0,2.0,100.0,13.700886
3224.0,3.0,20.0,2.0,100.0,15.779734
3225.0,5.0,20.0,2.0,100.0,9.648363
3226.0,10.0,20.0,2.0,100.0,7.7028136
3227.0,20.0,20.0,2.0,100.0,4.9102235
3228.0,40.0,20.0,2.0,100.0,2.5397277
3229.0,49.0,20.0,2.0,100.0,4.5122385
3230.0,0.0,20.0,2.0,100.0,0.0
3231.0,0.5,20.0,2.0,100.0,0.0
3232.0,1.0,20.0,2.0,100.0,31.112698
3233.0,2.0,20.0,2.0,100.0,4.2347765
3234.0,3.0,20.0,2.0,100.0,22.55364
3235.0,5.0,20.0,2.0,100.0,18.009256
3236.0,10.0,20.0,2.0,100.0,9.008414
3237.0,20.0,20.0,2.0,100.0,3.5334535
3238.0,40.0,20.0,2.0,100.0,2.5155642
3239.0,49.0,20.0,2.0,100.0,3.9418285
3240.0,0.0,20.0,2.0,100.0,0.0
3241.0,0.5,20.0,2.0,100.0,16.196707
3242.0,1.0,20.0,2.0,100.0,0.0
3243.0,2.0,20.0,2.0,100.0,13.327082
3244.0,3.0,20.0,2.0,100.0,19.980944
3245.0,5.0,20.0,2.0,100.0,10.546947
3246.0,10.0,20.0,2.0,100.0,6.524117
3247.0,20.0,20.0,2.0,100.0,4.3861256
3248.0,40.0,20.0,2.0,100.0,3.7416575
3249.0,49.0,20.0,2.0,100.0,2.5671923
3250.0,0.0,20.0,2.0,100.0,8.263831
3251.0,0.5,20.0,2.0,100.0,13.937958
3252.0,1.0,20.0,2.0,100.0,39.247078
3253.0,2.0,20.0,2.0,100.0,28.284271
3254.0,3.0,20.0,2.0,100.0,9.0685215
3255.0,5.0,20.0,2.0,100.0,14.579829
3256.0,10.0,20.0,2.0,100.0,2.896632
3257.0,20.0,20.0,2.0,100.0,4.2661457
3258.0,40.0,20.0,2.0,100.0,3.5623696
3259.0,49.0,20.0,2.0,100.0,2.0137866
3260.0,0.0,20.0,2.0,100.0,0.0
3261.0,0.5,20.0,2.0,100.0,0.0
3262.0,1.0,20.0,2.0,100.0,8.901167
3263.0,2.0,20.0,2.0,100.0,8.129897
3264.0,3.0,20.0,2.0,100.0,35.421272
3265.0,5.0,20.0,2.0,100.0,7.102425
3266.0,10.0,20.0,2.0,100.0,6.305572
3267.0,20.0,20.0,2.0,100.0,5.150128
3268.0,40.0,20.0,2.0,100.0,2.5514467
3269.0,49.0,20.0,2.0,100.0,3.2696295
3270.0,0.0,20.0,2.0,100.0,0.0
3271.0,0.5,20.0,2.0,100.0,0.0
3272.0,1.0,20.0,2.0,100.0,22.052965
3273.0,2.0,20.0,2.0,100.0,19.849434
3274.0,3.0,20.0,2.0,100.0,26.159765
3275.0,5.0,20.0,2.0,100.0,13.54358
3276.0,10.0,20.0,2.0,100.0,4.1191406
3277.0,20.0,20.0,2.0,100.0,3.450869
3278.0,40.0,20.0,2.0,100.0,3.38037
3279.0,49.0,20.0,2.0,100.0,3.1277163
3280.0,0.0,20.0,2.0,100.0,12.474418
3281.0,0.5,20.0,2.0,100.0,37.20663
3282.0,1.0,20.0,2.0,100.0,0.0
3283.0,2.0,20.0,2.0,100.0,34.122326
3284.0,3.0,20.0,2.0,100.0,11.836
3285.0,5.0,20.0,2.0,100.0,26.159765
3286.0,10.0,20.0,2.0,100.0,3.8990529
3287.0,20.0,20.0,2.0,100.0,2.635786
3288.0,40.0,20.0,2.0,100.0,4.20615
3289.0,49.0,20.0,2.0,100.0,3.1992648
3290.0,0.0,20.0,2.0,100.0,0.0
3291.0,0.5,20.0,2.0,100.0,39.501053
3292.0,1.0,20.0,2.0,100.0,33.941124
3293.0,2.0,20.0,2.0,100.0,15.464244
3294.0,3.0,20.0,2.0,100.0,16.182295
3295.0,5.0,20.0,2.0,100.0,6.9325757
3296.0,10.0,20.0,2.0,100.0,3.199265
3297.0,20.0,20.0,2.0,100.0,7.5871015
3298.0,40.0,20.0,2.0,100.0,3.838658
3299.0,49.0,20.0,2.0,100.0,2.6901958
3300.0,0.0,20.0,2.0,100.0,0.0
3301.0,0.5,20.0,2.0,100.0,0.0
3302.0,1.0,20.0,2.0,100.0,28.398943
3303.0,2.0,20.0,2.0,100.0,17.351273
3304.0,3.0,20.0,2.0,100.0,36.064754
3305.0,5.0,20.0,2.0,100.0,6.6663003
3306.0,10.0,20.0,2.0,100.0,7.1780086
3307.0,20.0,20.0,2.0,100.0,3.854905
3308.0,40.0,20.0,2.0,100.0,3.1770375
3309.0,49.0,20.0,2.0,100.0,3.1063035
3310.0,0.0,20.0,2.0,100.0,0.0
3311.0,0.5,20.0,2.0,100.0,0.0
3312.0,1.0,20.0,2.0,100.0,28.360771
3313.0,2.0,20.0,2.0,100.0,17.631142
3314.0,3.0,20.0,2.0,100.0,15.585402
3315.0,5.0,20.0,2.0,100.0,6.050294
3316.0,10.0,20.0,2.0,100.0,5.485518
3317.0,20.0,20.0,2.0,100.0,3.8687623
3318.0,40.0,20.0,2.0,100.0,3.0339212
3319.0,49.0,20.0,2.0,100.0,3.832816
3320.0,0.0,20.0,2.0,100.0,0.0
3321.0,0.5,20.0,2.0,100.0,13.479277
3322.0,1.0,20.0,2.0,100.0,43.362812
3323.0,2.0,20.0,2.0,100.0,0.0
3324.0,3.0,20.0,2.0,100.0,15.7207775
3325.0,5.0,20.0,2.0,100.0,5.8934994
3326.0,10.0,20.0,2.0,100.0,4.8714237
3327.0,20.0,20.0,2.0,100.0,2.8258264
3328.0,40.0,20.0,2.0,100.0,3.1418695
3329.0,49.0,20.0,2.0,100.0,2.4974294
3330.0,0.0,20.0,2.0,100.0,0.0
3331.0,0.5,20.0,2.0,100.0,39.95414
3332.0,1.0,20.0,2.0,100.0,17.048948
3333.0,2.0,20.0,2.0,100.0,26.870058
3334.0,3.0,20.0,2.0,100.0,6.5966015
3335.0,5.0,20.0,2.0,100.0,3.284886
3336.0,10.0,20.0,2.0,100.0,7.7615995
3337.0,20.0,20.0,2.0,100.0,3.3819978
3338.0,40.0,20.0,2.0,100.0,2.2327776
3339.0,49.0,20.0,2.0,100.0,3.1770375
3340.0,0.0,20.0,2.0,100.0,0.0
3341.0,0.5,20.0,2.0,100.0,5.6776133
3342.0,1.0,20.0,2.0,100.0,0.0
3343.0,2.0,20.0,2.0,100.0,26.448063
3344.0,3.0,20.0,2.0,100.0,2.1762195
3345.0,5.0,20.0,2.0,100.0,15.882904
3346.0,10.0,20.0,2.0,100.0,5.2501526
3347.0,20.0,20.0,2.0,100.0,5.0853014
3348.0,40.0,20.0,2.0,100.0,1.7861904
3349.0,49.0,20.0,2.0,100.0,2.1408722
3350.0,0.0,20.0,2.0,100.0,0.0
3351.0,0.5,20.0,2.0,100.0,53.42596
3352.0,1.0,20.0,2.0,100.0,16.753109
3353.0,2.0,20.0,2.0,100.0,49.08496
3354.0,3.0,20.0,2.0,100.0,12.961481
3355.0,5.0,20.0,2.0,100.0,18.036999
3356.0,10.0,20.0,2.0,100.0,8.752488
3357.0,20.0,20.0,2.0,100.0,3.0663655
3358.0,40.0,20.0,2.0,100.0,3.1710148
3359.0,49.0,20.0,2.0,100.0,4.466809
3360.0,0.0,20.0,2.0,100.0,0.0
3361.0,0.5,20.0,2.0,100.0,0.0
3362.0,1.0,20.0,2.0,100.0,0.0
3363.0,2.0,20.0,2.0,100.0,10.903711
3364.0,3.0,20.0,2.0,100.0,15.641825
3365.0,5.0,20.0,2.0,100.0,19.672316
3366.0,10.0,20.0,2.0,100.0,12.459458
3367.0,20.0,20.0,2.0,100.0,3.5861254
3368.0,40.0,20.0,2.0,100.0,3.515721
3369.0,49.0,20.0,2.0,100.0,3.3601303
3370.0,0.0,20.0,2.0,100.0,0.0
3371.0,0.5,20.0,2.0,100.0,0.0
3372.0,1.0,20.0,2.0,100.0,35.580894
3373.0,2.0,20.0,2.0,100.0,22.241104
3374.0,3.0,20.0,2.0,100.0,19.582306
3375.0,5.0,20.0,2.0,100.0,19.52093
3376.0,10.0,20.0,2.0,100.0,5.804387
3377.0,20.0,20.0,2.0,100.0,2.5955427
3378.0,40.0,20.0,2.0,100.0,2.5476413
3379.0,49.0,20.0,2.0,100.0,2.380476
3380.0,0.0,20.0,2.0,100.0,0.0
3381.0,0.5,20.0,2.0,100.0,28.448784
3382.0,1.0,20.0,2.0,100.0,0.0
3383.0,2.0,20.0,2.0,100.0,21.307276
3384.0,3.0,20.0,2.0,100.0,19.148542
3385.0,5.0,20.0,2.0,100.0,10.5627365
3386.0,10.0,20.0,2.0,100.0,6.060591
3387.0,20.0,20.0,2.0,100.0,5.422177
3388.0,40.0,20.0,2.0,100.0,2.5710495
3389.0,49.0,20.0,2.0,100.0,3.2696295
3390.0,0.0,20.0,2.0,100.0,0.0
3391.0,0.5,20.0,2.0,100.0,0.0
3392.0,1.0,20.0,2.0,100.0,21.177818
3393.0,2.0,20.0,2.0,100.0,8.350495
3394.0,3.0,20.0,2.0,100.0,7.688323
3395.0,5.0,20.0,2.0,100.0,5.7792735
3396.0,10.0,20.0,2.0,100.0,6.675635
3397.0,20.0,20.0,2.0,100.0,3.9351358
3398.0,40.0,20.0,2.0,100.0,2.78124
3399.0,49.0,20.0,2.0,100.0,5.1706185
3400.0,0.0,20.0,2.0,100.0,0.0
3401.0,0.5,20.0,2.0,100.0,39.95414
3402.0,1.0,20.0,2.0,100.0,30.276505
3403.0,2.0,20.0,2.0,100.0,6.948793
3404.0,3.0,20.0,2.0,100.0,5.0817494
3405.0,5.0,20.0,2.0,100.0,11.597413
3406.0,10.0,20.0,2.0,100.0,6.3164415
3407.0,20.0,20.0,2.0,100.0,2.3979158
3408.0,40.0,20.0,2.0,100.0,3.7894979
3409.0,49.0,20.0,2.0,100.0,5.097577
3410.0,0.0,20.0,2.0,100.0,0.0
3411.0,0.5,20.0,2.0,100.0,0.0
3412.0,1.0,20.0,2.0,100.0,0.0
3413.0,2.0,20.0,2.0,100.0,13.258121
3414.0,3.0,20.0,2.0,100.0,15.020357
3415.0,5.0,20.0,2.0,100.0,25.967928
3416.0,10.0,20.0,2.0,100.0,8.045544
3417.0,20.0,20.0,2.0,100.0,3.7148352
3418.0,40.0,20.0,2.0,100.0,3.8223414
3419.0,49.0,20.0,2.0,100.0,2.2685335
3420.0,0.0,20.0,2.0,100.0,0.0
3421.0,0.5,20.0,2.0,100.0,0.0
3422.0,1.0,20.0,2.0,100.0,26.845236
3423.0,2.0,20.0,2.0,100.0,40.253365
3424.0,3.0,20.0,2.0,100.0,17.135082
3425.0,5.0,20.0,2.0,100.0,10.74667
3426.0,10.0,20.0,2.0,100.0,6.303235
3427.0,20.0,20.0,2.0,100.0,3.5565605
3428.0,40.0,20.0,2.0,100.0,2.5671923
3429.0,49.0,20.0,2.0,100.0,2.2280993
3430.0,0.0,20.0,2.0,100.0,0.0
3431.0,0.5,20.0,2.0,100.0,39.247078
3432.0,1.0,20.0,2.0,100.0,24.097027
3433.0,2.0,20.0,2.0,100.0,30.989246
3434.0,3.0,20.0,2.0,100.0,4.013763
3435.0,5.0,20.0,2.0,100.0,24.131584
3436.0,10.0,20.0,2.0,100.0,4.9562187
3437.0,20.0,20.0,2.0,100.0,3.5388994
3438.0,40.0,20.0,2.0,100.0,2.9597695
3439.0,49.0,20.0,2.0,100.0,3.9418287
3440.0,0.0,20.0,2.0,100.0,0.0
3441.0,0.5,20.0,2.0,100.0,0.0
3442.0,1.0,20.0,2.0,100.0,0.0
3443.0,2.0,20.0,2.0,100.0,0.0
3444.0,3.0,20.0,2.0,100.0,3.8549051
3445.0,5.0,20.0,2.0,100.0,8.917127
3446.0,10.0,20.0,2.0,100.0,7.2153034
3447.0,20.0,20.0,2.0,100.0,2.8643808
3448.0,40.0,20.0,2.0,100.0,3.1418698
3449.0,49.0,20.0,2.0,100.0,2.864381
3450.0,0.0,20.0,2.0,100.0,0.0
3451.0,0.5,20.0,2.0,100.0,0.0
3452.0,1.0,20.0,2.0,100.0,7.6316724
3453.0,2.0,20.0,2.0,100.0,21.73323
3454.0,3.0,20.0,2.0,100.0,12.840907
3455.0,5.0,20.0,2.0,100.0,10.3484745
3456.0,10.0,20.0,2.0,100.0,3.8059552
3457.0,20.0,20.0,2.0,100.0,3.0912066
3458.0,40.0,20.0,2.0,100.0,2.4235342
3459.0,49.0,20.0,2.0,100.0,1.972429
3460.0,0.0,20.0,2.0,100.0,0.0
3461.0,0.5,20.0,2.0,100.0,0.0
3462.0,1.0,20.0,2.0,100.0,20.914793
3463.0,2.0,20.0,2.0,100.0,37.872593
3464.0,3.0,20.0,2.0,100.0,10.69045
3465.0,5.0,20.0,2.0,100.0,7.164728
3466.0,10.0,20.0,2.0,100.0,8.663954
3467.0,20.0,20.0,2.0,100.0,4.8785243
3468.0,40.0,20.0,2.0,100.0,1.9770766
3469.0,49.0,20.0,2.0,100.0,2.5569537
3470.0,0.0,20.0,2.0,100.0,0.0
3471.0,0.5,20.0,2.0,100.0,36.555893
3472.0,1.0,20.0,2.0,100.0,47.43768
3473.0,2.0,20.0,2.0,100.0,20.880613
3474.0,3.0,20.0,2.0,100.0,15.908069
3475.0,5.0,20.0,2.0,100.0,15.923927
3476.0,10.0,20.0,2.0,100.0,6.9087453
3477.0,20.0,20.0,2.0,100.0,3.7563672
3478.0,40.0,20.0,2.0,100.0,2.130261
3479.0,49.0,20.0,2.0,100.0,3.8993177
3480.0,0.0,20.0,2.0,100.0,0.0
3481.0,0.5,20.0,2.0,100.0,0.0
3482.0,1.0,20.0,2.0,100.0,27.428696
3483.0,2.0,20.0,2.0,100.0,0.0
3484.0,3.0,20.0,2.0,100.0,32.75159
3485.0,5.0,20.0,2.0,100.0,23.916521
3486.0,10.0,20.0,2.0,100.0,6.733003
3487.0,20.0,20.0,2.0,100.0,5.327378
3488.0,40.0,20.0,2.0,100.0,3.292735
3489.0,49.0,20.0,2.0,100.0,2.32174
3490.0,0.0,20.0,2.0,100.0,0.0
3491.0,0.5,20.0,2.0,100.0,22.546247
3492.0,1.0,20.0,2.0,100.0,0.0
3493.0,2.0,20.0,2.0,100.0,34.12233
3494.0,3.0,20.0,2.0,100.0,20.796635
3495.0,5.0,20.0,2.0,100.0,9.357961
3496.0,10.0,20.0,2.0,100.0,3.1944764
3497.0,20.0,20.0,2.0,100.0,3.3705037
3498.0,40.0,20.0,2.0,100.0,3.6794038
3499.0,49.0,20.0,2.0,100.0,4.735705
3500.0,0.0,20.0,2.0,100.0,0.0
3501.0,0.5,20.0,2.0,100.0,22.640041
3502.0,1.0,20.0,2.0,100.0,0.0
3503.0,2.0,20.0,2.0,100.0,29.905407
3504.0,3.0,20.0,2.0,100.0,0.0
3505.0,5.0,20.0,2.0,100.0,2.7202942
3506.0,10.0,20.0,2.0,100.0,7.487363
3507.0,20.0,20.0,2.0,100.0,2.4685152
3508.0,40.0,20.0,2.0,100.0,2.9409392
3509.0,49.0,20.0,2.0,100.0,1.6828277
3510.0,0.0,20.0,2.0,100.0,0.0
3511.0,0.5,20.0,2.0,100.0,0.0
3512.0,1.0,20.0,2.0,100.0,8.271894
3513.0,2.0,20.0,2.0,100.0,13.426343
3514.0,3.0,20.0,2.0,100.0,24.341322
3515.0,5.0,20.0,2.0,100.0,3.5409057
3516.0,10.0,20.0,2.0,100.0,2.9439204
3517.0,20.0,20.0,2.0,100.0,3.1622777
3518.0,40.0,20.0,2.0,100.0,3.0521781
3519.0,49.0,20.0,2.0,100.0,2.5865955
3520.0,0.0,20.0,2.0,100.0,0.0
3521.0,0.5,20.0,2.0,100.0,50.895317
3522.0,1.0,20.0,2.0,100.0,24.859606
3523.0,2.0,20.0,2.0,100.0,22.394196
3524.0,3.0,20.0,2.0,100.0,12.5734215
3525.0,5.0,20.0,2.0,100.0,9.180725
3526.0,10.0,20.0,2.0,100.0,12.783918
3527.0,20.0,20.0,2.0,100.0,3.0798204
3528.0,40.0,20.0,2.0,100.0,3.1922526
3529.0,49.0,20.0,2.0,100.0,2.9409392
3530.0,0.0,20.0,2.0,100.0,0.0
3531.0,0.5,20.0,2.0,100.0,13.758303
3532.0,1.0,20.0,2.0,100.0,0.0
3533.0,2.0,20.0,2.0,100.0,24.155745
3534.0,3.0,20.0,2.0,100.0,22.597935
3535.0,5.0,20.0,2.0,100.0,13.54358
3536.0,10.0,20.0,2.0,100.0,8.105367
3537.0,20.0,20.0,2.0,100.0,2.955553
3538.0,40.0,20.0,2.0,100.0,3.8074574
3539.0,49.0,20.0,2.0,100.0,4.6621127
3540.0,0.0,20.0,2.0,100.0,0.0
3541.0,0.5,20.0,2.0,100.0,0.0
3542.0,1.0,20.0,2.0,100.0,42.899105
3543.0,2.0,20.0,2.0,100.0,7.687062
3544.0,3.0,20.0,2.0,100.0,38.99145
3545.0,5.0,20.0,2.0,100.0,27.153883
3546.0,10.0,20.0,2.0,100.0,8.653836
3547.0,20.0,20.0,2.0,100.0,4.741866
3548.0,40.0,20.0,2.0,100.0,3.955897
3549.0,49.0,20.0,2.0,100.0,3.8223414
3550.0,0.0,20.0,2.0,100.0,0.0
3551.0,0.5,20.0,2.0,100.0,0.0
3552.0,1.0,20.0,2.0,100.0,44.43347
3553.0,2.0,20.0,2.0,100.0,1.4142135
3554.0,3.0,20.0,2.0,100.0,13.86843
3555.0,5.0,20.0,2.0,100.0,16.918573
3556.0,10.0,20.0,2.0,100.0,4.743072
3557.0,20.0,20.0,2.0,100.0,8.383967
3558.0,40.0,20.0,2.0,100.0,2.4047055
3559.0,49.0,20.0,2.0,100.0,2.7857196
3560.0,0.0,20.0,2.0,100.0,0.0
3561.0,0.5,20.0,2.0,100.0,25.586454
3562.0,1.0,20.0,2.0,100.0,31.134119
3563.0,2.0,20.0,2.0,100.0,36.17089
3564.0,3.0,20.0,2.0,100.0,11.07299
3565.0,5.0,20.0,2.0,100.0,7.6448965
3566.0,10.0,20.0,2.0,100.0,5.503246
3567.0,20.0,20.0,2.0,100.0,3.450869
3568.0,40.0,20.0,2.0,100.0,3.3872828
3569.0,49.0,20.0,2.0,100.0,4.420182
3570.0,0.0,20.0,2.0,100.0,0.0
3571.0,0.5,20.0,2.0,100.0,50.063293
3572.0,1.0,20.0,2.0,100.0,15.305773
3573.0,2.0,20.0,2.0,100.0,21.954498
3574.0,3.0,20.0,2.0,100.0,17.378147
3575.0,5.0,20.0,2.0,100.0,13.581033
3576.0,10.0,20.0,2.0,100.0,15.066519
3577.0,20.0,20.0,2.0,100.0,3.8419049
3578.0,40.0,20.0,2.0,100.0,3.4799848
3579.0,49.0,20.0,2.0,100.0,2.1984844
3580.0,0.0,20.0,2.0,100.0,0.0
3581.0,0.5,20.0,2.0,100.0,0.0
3582.0,1.0,20.0,2.0,100.0,22.590557
3583.0,2.0,20.0,2.0,100.0,42.899105
3584.0,3.0,20.0,2.0,100.0,17.492855
3585.0,5.0,20.0,2.0,100.0,17.726763
3586.0,10.0,20.0,2.0,100.0,4.2031736
3587.0,20.0,20.0,2.0,100.0,3.9141107
3588.0,40.0,20.0,2.0,100.0,4.1964617
3589.0,49.0,20.0,2.0,100.0,2.3665988
3590.0,0.0,20.0,2.0,100.0,0.0
3591.0,0.5,20.0,2.0,100.0,30.270998
3592.0,1.0,20.0,2.0,100.0,45.214306
3593.0,2.0,20.0,2.0,100.0,15.152925
3594.0,3.0,20.0,2.0,100.0,38.552994
3595.0,5.0,20.0,2.0,100.0,9.225569
3596.0,10.0,20.0,2.0,100.0,7.7177787
3597.0,20.0,20.0,2.0,100.0,4.445248
3598.0,40.0,20.0,2.0,100.0,3.4935198
3599.0,49.0,20.0,2.0,100.0,2.2562084
3600.0,0.0,20.0,2.0,100.0,0.0
3601.0,0.5,20.0,2.0,100.0,0.0
3602.0,1.0,20.0,2.0,100.0,28.041636
3603.0,2.0,20.0,2.0,100.0,30.270998
3604.0,3.0,20.0,2.0,100.0,9.316002
3605.0,5.0,20.0,2.0,100.0,7.483315
3606.0,10.0,20.0,2.0,100.0,7.8333335
3607.0,20.0,20.0,2.0,100.0,3.8110118
3608.0,40.0,20.0,2.0,100.0,3.4737108
3609.0,49.0,20.0,2.0,100.0,3.6892133
3610.0,0.0,20.0,2.0,100.0,0.0
3611.0,0.5,20.0,2.0,100.0,0.0
3612.0,1.0,20.0,2.0,100.0,0.0
3613.0,2.0,20.0,2.0,100.0,25.26394
3614.0,3.0,20.0,2.0,100.0,3.6722329
3615.0,5.0,20.0,2.0,100.0,16.936857
3616.0,10.0,20.0,2.0,100.0,17.161003
3617.0,20.0,20.0,2.0,100.0,4.111095
3618.0,40.0,20.0,2.0,100.0,2.527939
3619.0,49.0,20.0,2.0,100.0,1.659815
3620.0,0.0,20.0,2.0,100.0,0.0
3621.0,0.5,20.0,2.0,100.0,33.56089
3622.0,1.0,20.0,2.0,100.0,37.819748
3623.0,2.0,20.0,2.0,100.0,27.361774
3624.0,3.0,20.0,2.0,100.0,27.153883
3625.0,5.0,20.0,2.0,100.0,10.370899
3626.0,10.0,20.0,2.0,100.0,4.975966
3627.0,20.0,20.0,2.0,100.0,4.8673306
3628.0,40.0,20.0,2.0,100.0,2.6950247
3629.0,49.0,20.0,2.0,100.0,5.4859133
3630.0,0.0,20.0,2.0,100.0,0.0
3631.0,0.5,20.0,2.0,100.0,0.0
3632.0,1.0,20.0,2.0,100.0,28.00595
3633.0,2.0,20.0,2.0,100.0,17.243355
3634.0,3.0,20.0,2.0,100.0,7.752111
3635.0,5.0,20.0,2.0,100.0,22.671568
3636.0,10.0,20.0,2.0,100.0,7.573712
3637.0,20.0,20.0,2.0,100.0,4.7044516
3638.0,40.0,20.0,2.0,100.0,5.3953958
3639.0,49.0,20.0,2.0,100.0,3.8563385
3640.0,0.0,20.0,2.0,100.0,0.0
3641.0,0.5,20.0,2.0,100.0,0.0
3642.0,1.0,20.0,2.0,100.0,6.3436913
3643.0,2.0,20.0,2.0,100.0,53.740116
3644.0,3.0,20.0,2.0,100.0,2.4920928
3645.0,5.0,20.0,2.0,100.0,8.287998
3646.0,10.0,20.0,2.0,100.0,5.2051487
3647.0,20.0,20.0,2.0,100.0,3.6892133
3648.0,40.0,20.0,2.0,100.0,3.1622777
3649.0,49.0,20.0,2.0,100.0,3.9277093
3650.0,0.0,20.0,2.0,100.0,0.0
3651.0,0.5,20.0,2.0,100.0,49.237522
3652.0,1.0,20.0,2.0,100.0,25.006666
3653.0,2.0,20.0,2.0,100.0,36.85557
3654.0,3.0,20.0,2.0,100.0,3.5186577
3655.0,5.0,20.0,2.0,100.0,11.74734
3656.0,10.0,20.0,2.0,100.0,3.6180763
3657.0,20.0,20.0,2.0,100.0,4.5924363
3658.0,40.0,20.0,2.0,100.0,3.6185033
3659.0,49.0,20.0,2.0,100.0,2.643951
3660.0,0.0,20.0,2.0,100.0,0.0
3661.0,0.5,20.0,2.0,100.0,32.807518
3662.0,1.0,20.0,2.0,100.0,47.60602
3663.0,2.0,20.0,2.0,100.0,28.589043
3664.0,3.0,20.0,2.0,100.0,18.036999
3665.0,5.0,20.0,2.0,100.0,10.338806
3666.0,10.0,20.0,2.0,100.0,5.0784693
3667.0,20.0,20.0,2.0,100.0,3.8839374
3668.0,40.0,20.0,2.0,100.0,3.3249564
3669.0,49.0,20.0,2.0,100.0,2.8267431
3670.0,0.0,20.0,2.0,100.0,41.789154
3671.0,0.5,20.0,2.0,100.0,0.0
3672.0,1.0,20.0,2.0,100.0,44.76978
3673.0,2.0,20.0,2.0,100.0,0.0
3674.0,3.0,20.0,2.0,100.0,19.026299
3675.0,5.0,20.0,2.0,100.0,14.9761715
3676.0,10.0,20.0,2.0,100.0,6.4568496
3677.0,20.0,20.0,2.0,100.0,3.8074574
3678.0,40.0,20.0,2.0,100.0,2.7368736
3679.0,49.0,20.0,2.0,100.0,2.4791622
3680.0,0.0,20.0,2.0,100.0,0.0
3681.0,0.5,20.0,2.0,100.0,33.941124
3682.0,1.0,20.0,2.0,100.0,35.05234
3683.0,2.0,20.0,2.0,100.0,42.253204
3684.0,3.0,20.0,2.0,100.0,14.294521
3685.0,5.0,20.0,2.0,100.0,15.378556
3686.0,10.0,20.0,2.0,100.0,6.549614
3687.0,20.0,20.0,2.0,100.0,3.5243514
3688.0,40.0,20.0,2.0,100.0,2.291288
3689.0,49.0,20.0,2.0,100.0,4.047339
3690.0,0.0,20.0,2.0,100.0,0.0
3691.0,0.5,20.0,2.0,100.0,42.14657
3692.0,1.0,20.0,2.0,100.0,22.27854
3693.0,2.0,20.0,2.0,100.0,7.998626
3694.0,3.0,20.0,2.0,100.0,18.5652
3695.0,5.0,20.0,2.0,100.0,6.7599535
3696.0,10.0,20.0,2.0,100.0,5.606951
3697.0,20.0,20.0,2.0,100.0,6.046826
3698.0,40.0,20.0,2.0,100.0,3.5057776
3699.0,49.0,20.0,2.0,100.0,2.825324
3700.0,0.0,20.0,2.0,100.0,0.0
3701.0,0.5,20.0,2.0,100.0,29.569128
3702.0,1.0,20.0,2.0,100.0,0.0
3703.0,2.0,20.0,2.0,100.0,35.06185
3704.0,3.0,20.0,2.0,100.0,23.71357
3705.0,5.0,20.0,2.0,100.0,4.279695
3706.0,10.0,20.0,2.0,100.0,3.460928
3707.0,20.0,20.0,2.0,100.0,4.0824833
3708.0,40.0,20.0,2.0,100.0,2.773171
3709.0,49.0,20.0,2.0,100.0,3.5510979
3710.0,0.0,20.0,2.0,100.0,0.0
3711.0,0.5,20.0,2.0,100.0,29.949959
3712.0,1.0,20.0,2.0,100.0,0.0
3713.0,2.0,20.0,2.0,100.0,33.020195
3714.0,3.0,20.0,2.0,100.0,10.377423
3715.0,5.0,20.0,2.0,100.0,33.321667
3716.0,10.0,20.0,2.0,100.0,5.1053014
3717.0,20.0,20.0,2.0,100.0,4.0293045
3718.0,40.0,20.0,2.0,100.0,6.1952367
3719.0,49.0,20.0,2.0,100.0,2.5785892
3720.0,0.0,20.0,2.0,100.0,0.0
3721.0,0.5,20.0,2.0,100.0,0.0
3722.0,1.0,20.0,2.0,100.0,0.0
3723.0,2.0,20.0,2.0,100.0,49.237522
3724.0,3.0,20.0,2.0,100.0,46.003624
3725.0,5.0,20.0,2.0,100.0,22.726637
3726.0,10.0,20.0,2.0,100.0,13.559745
3727.0,20.0,20.0,2.0,100.0,3.2444284
3728.0,40.0,20.0,2.0,100.0,2.551447
3729.0,49.0,20.0,2.0,100.0,3.0389626
3730.0,0.0,20.0,2.0,100.0,0.0
3731.0,0.5,20.0,2.0,100.0,0.0
3732.0,1.0,20.0,2.0,100.0,0.0
3733.0,2.0,20.0,2.0,100.0,20.305992
3734.0,3.0,20.0,2.0,100.0,29.655804
3735.0,5.0,20.0,2.0,100.0,20.599354
3736.0,10.0,20.0,2.0,100.0,13.090497
3737.0,20.0,20.0,2.0,100.0,3.7451494
3738.0,40.0,20.0,2.0,100.0,4.1665688
3739.0,49.0,20.0,2.0,100.0,2.896632
3740.0,0.0,20.0,2.0,100.0,0.0
3741.0,0.5,20.0,2.0,100.0,0.0
3742.0,1.0,20.0,2.0,100.0,0.0
3743.0,2.0,20.0,2.0,100.0,11.19949
3744.0,3.0,20.0,2.0,100.0,16.80986
3745.0,5.0,20.0,2.0,100.0,6.3149652
3746.0,10.0,20.0,2.0,100.0,7.454133
3747.0,20.0,20.0,2.0,100.0,2.9325757
3748.0,40.0,20.0,2.0,100.0,3.4935193
3749.0,49.0,20.0,2.0,100.0,2.8619006
3750.0,0.0,20.0,2.0,100.0,0.0
3751.0,0.5,20.0,2.0,100.0,0.0
3752.0,1.0,20.0,2.0,100.0,0.0
3753.0,2.0,20.0,2.0,100.0,22.479622
3754.0,3.0,20.0,2.0,100.0,3.3519092
3755.0,5.0,20.0,2.0,100.0,14.103361
3756.0,10.0,20.0,2.0,100.0,9.532109
3757.0,20.0,20.0,2.0,100.0,3.732738
3758.0,40.0,20.0,2.0,100.0,2.4077172
3759.0,49.0,20.0,2.0,100.0,2.1657507
3760.0,0.0,20.0,2.0,100.0,0.0
3761.0,0.5,20.0,2.0,100.0,45.785732
3762.0,1.0,20.0,2.0,100.0,0.0
3763.0,2.0,20.0,2.0,100.0,17.421251
3764.0,3.0,20.0,2.0,100.0,4.5549154
3765.0,5.0,20.0,2.0,100.0,21.491085
3766.0,10.0,20.0,2.0,100.0,7.5718775
3767.0,20.0,20.0,2.0,100.0,4.044129
3768.0,40.0,20.0,2.0,100.0,3.2078774
3769.0,49.0,20.0,2.0,100.0,3.345217
3770.0,0.0,20.0,2.0,100.0,0.0
3771.0,0.5,20.0,2.0,100.0,27.10166
3772.0,1.0,20.0,2.0,100.0,45.62163
3773.0,2.0,20.0,2.0,100.0,18.814888
3774.0,3.0,20.0,2.0,100.0,20.412415
3775.0,5.0,20.0,2.0,100.0,20.016659
3776.0,10.0,20.0,2.0,100.0,4.8885
3777.0,20.0,20.0,2.0,100.0,4.2261443
3778.0,40.0,20.0,2.0,100.0,2.0
3779.0,49.0,20.0,2.0,100.0,4.266694
3780.0,0.0,20.0,2.0,100.0,0.0
3781.0,0.5,20.0,2.0,100.0,46.801
3782.0,1.0,20.0,2.0,100.0,24.986662
3783.0,2.0,20.0,2.0,100.0,13.073055
3784.0,3.0,20.0,2.0,100.0,9.752493
3785.0,5.0,20.0,2.0,100.0,10.8577585
3786.0,10.0,20.0,2.0,100.0,3.9192212
3787.0,20.0,20.0,2.0,100.0,2.4685152
3788.0,40.0,20.0,2.0,100.0,3.6496935
3789.0,49.0,20.0,2.0,100.0,2.4791622
3790.0,0.0,20.0,2.0,100.0,0.0
3791.0,0.5,20.0,2.0,100.0,0.0
3792.0,1.0,20.0,2.0,100.0,0.0
3793.0,2.0,20.0,2.0,100.0,26.658333
3794.0,3.0,20.0,2.0,100.0,12.701706
3795.0,5.0,20.0,2.0,100.0,13.61022
3796.0,10.0,20.0,2.0,100.0,10.499433
3797.0,20.0,20.0,2.0,100.0,3.2118206
3798.0,40.0,20.0,2.0,100.0,2.291288
3799.0,49.0,20.0,2.0,100.0,2.9138424
3800.0,0.0,20.0,2.0,100.0,0.0
3801.0,0.5,20.0,2.0,100.0,40.673496
3802.0,1.0,20.0,2.0,100.0,26.727015
3803.0,2.0,20.0,2.0,100.0,21.118711
3804.0,3.0,20.0,2.0,100.0,18.502253
3805.0,5.0,20.0,2.0,100.0,7.9018707
3806.0,10.0,20.0,2.0,100.0,4.0080047
3807.0,20.0,20.0,2.0,100.0,5.0110173
3808.0,40.0,20.0,2.0,100.0,3.3519092
3809.0,49.0,20.0,2.0,100.0,2.2114422
3810.0,0.0,20.0,2.0,100.0,0.0
3811.0,0.5,20.0,2.0,100.0,19.237747
3812.0,1.0,20.0,2.0,100.0,35.161533
3813.0,2.0,20.0,2.0,100.0,48.418316
3814.0,3.0,20.0,2.0,100.0,46.003624
3815.0,5.0,20.0,2.0,100.0,3.772369
3816.0,10.0,20.0,2.0,100.0,6.3000717
3817.0,20.0,20.0,2.0,100.0,2.1762192
3818.0,40.0,20.0,2.0,100.0,3.2802796
3819.0,49.0,20.0,2.0,100.0,3.4720793
3820.0,0.0,20.0,2.0,100.0,0.0
3821.0,0.5,20.0,2.0,100.0,0.0
3822.0,1.0,20.0,2.0,100.0,42.899105
3823.0,2.0,20.0,2.0,100.0,10.011105
3824.0,3.0,20.0,2.0,100.0,10.5017
3825.0,5.0,20.0,2.0,100.0,7.5838737
3826.0,10.0,20.0,2.0,100.0,6.542899
3827.0,20.0,20.0,2.0,100.0,3.7733402
3828.0,40.0,20.0,2.0,100.0,3.8707178
3829.0,49.0,20.0,2.0,100.0,3.5623696
3830.0,0.0,20.0,2.0,100.0,0.0
3831.0,0.5,20.0,2.0,100.0,0.0
3832.0,1.0,20.0,2.0,100.0,20.80064
3833.0,2.0,20.0,2.0,100.0,13.012814
3834.0,3.0,20.0,2.0,100.0,24.832775
3835.0,5.0,20.0,2.0,100.0,4.5531054
3836.0,10.0,20.0,2.0,100.0,3.8993177
3837.0,20.0,20.0,2.0,100.0,2.0584347
3838.0,40.0,20.0,2.0,100.0,3.3144073
3839.0,49.0,20.0,2.0,100.0,3.7802746
3840.0,0.0,20.0,2.0,100.0,34.234486
3841.0,0.5,20.0,2.0,100.0,0.0
3842.0,1.0,20.0,2.0,100.0,42.899105
3843.0,2.0,20.0,2.0,100.0,0.0
3844.0,3.0,20.0,2.0,100.0,15.253415
3845.0,5.0,20.0,2.0,100.0,11.414277
3846.0,10.0,20.0,2.0,100.0,6.378943
3847.0,20.0,20.0,2.0,100.0,4.3086076
3848.0,40.0,20.0,2.0,100.0,4.5929556
3849.0,49.0,20.0,2.0,100.0,2.7404163
3850.0,0.0,20.0,2.0,100.0,0.0
3851.0,0.5,20.0,2.0,100.0,50.806824
3852.0,1.0,20.0,2.0,100.0,6.0166435
3853.0,2.0,20.0,2.0,100.0,16.017847
3854.0,3.0,20.0,2.0,100.0,49.963318
3855.0,5.0,20.0,2.0,100.0,11.928358
3856.0,10.0,20.0,2.0,100.0,3.732738
3857.0,20.0,20.0,2.0,100.0,4.0939264
3858.0,40.0,20.0,2.0,100.0,2.9309514
3859.0,49.0,20.0,2.0,100.0,2.2620528
3860.0,0.0,20.0,2.0,100.0,5.163978
3861.0,0.5,20.0,2.0,100.0,16.61659
3862.0,1.0,20.0,2.0,100.0,40.673496
3863.0,2.0,20.0,2.0,100.0,20.297783
3864.0,3.0,20.0,2.0,100.0,36.36619
3865.0,5.0,20.0,2.0,100.0,8.957814
3866.0,10.0,20.0,2.0,100.0,13.621878
3867.0,20.0,20.0,2.0,100.0,3.935136
3868.0,40.0,20.0,2.0,100.0,2.8258264
3869.0,49.0,20.0,2.0,100.0,2.805979
3870.0,0.0,20.0,2.0,100.0,0.0
3871.0,0.5,20.0,2.0,100.0,28.988503
3872.0,1.0,20.0,2.0,100.0,33.020195
3873.0,2.0,20.0,2.0,100.0,12.727922
3874.0,3.0,20.0,2.0,100.0,17.06849
3875.0,5.0,20.0,2.0,100.0,4.155318
3876.0,10.0,20.0,2.0,100.0,5.2454886
3877.0,20.0,20.0,2.0,100.0,3.5016336
3878.0,40.0,20.0,2.0,100.0,3.223426
3879.0,49.0,20.0,2.0,100.0,3.3403435
3880.0,0.0,20.0,2.0,100.0,0.0
3881.0,0.5,20.0,2.0,100.0,0.0
3882.0,1.0,20.0,2.0,100.0,0.0
3883.0,2.0,20.0,2.0,100.0,23.11565
3884.0,3.0,20.0,2.0,100.0,51.67527
3885.0,5.0,20.0,2.0,100.0,15.776716
3886.0,10.0,20.0,2.0,100.0,4.3086076
3887.0,20.0,20.0,2.0,100.0,3.179669
3888.0,40.0,20.0,2.0,100.0,4.514527
3889.0,49.0,20.0,2.0,100.0,3.9981613
3890.0,0.0,20.0,2.0,100.0,0.0
3891.0,0.5,20.0,2.0,100.0,30.88689
3892.0,1.0,20.0,2.0,100.0,0.0
3893.0,2.0,20.0,2.0,100.0,43.840622
3894.0,3.0,20.0,2.0,100.0,23.420076
3895.0,5.0,20.0,2.0,100.0,28.507309
3896.0,10.0,20.0,2.0,100.0,11.065462
3897.0,20.0,20.0,2.0,100.0,3.2764761
3898.0,40.0,20.0,2.0,100.0,2.2076044
3899.0,49.0,20.0,2.0,100.0,2.7555528
3900.0,0.0,20.0,2.0,100.0,0.0
3901.0,0.5,20.0,2.0,100.0,15.053608
3902.0,1.0,20.0,2.0,100.0,18.583147
3903.0,2.0,20.0,2.0,100.0,30.435724
3904.0,3.0,20.0,2.0,100.0,28.307833
3905.0,5.0,20.0,2.0,100.0,9.504385
3906.0,10.0,20.0,2.0,100.0,3.1418695
3907.0,20.0,20.0,2.0,100.0,5.196152
3908.0,40.0,20.0,2.0,100.0,3.7229414
3909.0,49.0,20.0,2.0,100.0,3.7689097
3910.0,0.0,20.0,2.0,100.0,0.0
3911.0,0.5,20.0,2.0,100.0,0.0
3912.0,1.0,20.0,2.0,100.0,0.0
3913.0,2.0,20.0,2.0,100.0,33.946037
3914.0,3.0,20.0,2.0,100.0,20.049938
3915.0,5.0,20.0,2.0,100.0,14.918828
3916.0,10.0,20.0,2.0,100.0,4.9055176
3917.0,20.0,20.0,2.0,100.0,3.5861254
3918.0,40.0,20.0,2.0,100.0,2.166033
3919.0,49.0,20.0,2.0,100.0,2.718543
3920.0,0.0,20.0,2.0,100.0,17.707947
3921.0,0.5,20.0,2.0,100.0,41.428654
3922.0,1.0,20.0,2.0,100.0,32.02083
3923.0,2.0,20.0,2.0,100.0,20.314198
3924.0,3.0,20.0,2.0,100.0,23.459185
3925.0,5.0,20.0,2.0,100.0,8.653954
3926.0,10.0,20.0,2.0,100.0,3.3470306
3927.0,20.0,20.0,2.0,100.0,5.5118923
3928.0,40.0,20.0,2.0,100.0,2.9138422
3929.0,49.0,20.0,2.0,100.0,2.288483
3930.0,0.0,20.0,2.0,100.0,0.0
3931.0,0.5,20.0,2.0,100.0,0.0
3932.0,1.0,20.0,2.0,100.0,22.402382
3933.0,2.0,20.0,2.0,100.0,28.507309
3934.0,3.0,20.0,2.0,100.0,32.38312
3935.0,5.0,20.0,2.0,100.0,14.96663
3936.0,10.0,20.0,2.0,100.0,3.8128748
3937.0,20.0,20.0,2.0,100.0,4.4283514
3938.0,40.0,20.0,2.0,100.0,2.5476413
3939.0,49.0,20.0,2.0,100.0,5.60597
3940.0,0.0,20.0,2.0,100.0,0.0
3941.0,0.5,20.0,2.0,100.0,0.0
3942.0,1.0,20.0,2.0,100.0,15.972198
3943.0,2.0,20.0,2.0,100.0,5.2463145
3944.0,3.0,20.0,2.0,100.0,11.676187
3945.0,5.0,20.0,2.0,100.0,13.659116
3946.0,10.0,20.0,2.0,100.0,16.109003
3947.0,20.0,20.0,2.0,100.0,4.530321
3948.0,40.0,20.0,2.0,100.0,2.773171
3949.0,49.0,20.0,2.0,100.0,3.05946
3950.0,0.0,20.0,2.0,100.0,0.0
3951.0,0.5,20.0,2.0,100.0,0.0
3952.0,1.0,20.0,2.0,100.0,14.21267
3953.0,2.0,20.0,2.0,100.0,8.043066
3954.0,3.0,20.0,2.0,100.0,2.6627948
3955.0,5.0,20.0,2.0,100.0,23.860706
3956.0,10.0,20.0,2.0,100.0,7.7071395
3957.0,20.0,20.0,2.0,100.0,2.6249716
3958.0,40.0,20.0,2.0,100.0,1.9448929
3959.0,49.0,20.0,2.0,100.0,3.419134
3960.0,0.0,20.0,2.0,100.0,0.0
3961.0,0.5,20.0,2.0,100.0,0.0
3962.0,1.0,20.0,2.0,100.0,41.404507
3963.0,2.0,20.0,2.0,100.0,21.079216
3964.0,3.0,20.0,2.0,100.0,18.583147
3965.0,5.0,20.0,2.0,100.0,8.498365
3966.0,10.0,20.0,2.0,100.0,3.572147
3967.0,20.0,20.0,2.0,100.0,6.4194074
3968.0,40.0,20.0,2.0,100.0,2.5671923
3969.0,49.0,20.0,2.0,100.0,3.4914863
3970.0,0.0,20.0,2.0,100.0,0.0
3971.0,0.5,20.0,2.0,100.0,11.768215
3972.0,1.0,20.0,2.0,100.0,0.0
3973.0,2.0,20.0,2.0,100.0,36.963943
3974.0,3.0,20.0,2.0,100.0,15.556349
3975.0,5.0,20.0,2.0,100.0,25.774664
3976.0,10.0,20.0,2.0,100.0,3.3803701
3977.0,20.0,20.0,2.0,100.0,4.4177465
3978.0,40.0,20.0,2.0,100.0,2.5692003
3979.0,49.0,20.0,2.0,100.0,2.6901956
3980.0,0.0,20.0,2.0,100.0,0.0
3981.0,0.5,20.0,2.0,100.0,50.806824
3982.0,1.0,20.0,2.0,100.0,40.734917
3983.0,2.0,20.0,2.0,100.0,26.689573
3984.0,3.0,20.0,2.0,100.0,28.670542
3985.0,5.0,20.0,2.0,100.0,16.38597
3986.0,10.0,20.0,2.0,100.0,6.057302
3987.0,20.0,20.0,2.0,100.0,2.3686059
3988.0,40.0,20.0,2.0,100.0,1.8241674
3989.0,49.0,20.0,2.0,100.0,2.5166116
3990.0,0.0,20.0,2.0,100.0,0.0
3991.0,0.5,20.0,2.0,100.0,0.0
3992.0,1.0,20.0,2.0,100.0,0.0
3993.0,2.0,20.0,2.0,100.0,45.214302
3994.0,3.0,20.0,2.0,100.0,12.886451
3995.0,5.0,20.0,2.0,100.0,12.727922
3996.0,10.0,20.0,2.0,100.0,13.034753
3997.0,20.0,20.0,2.0,100.0,4.8795004
3998.0,40.0,20.0,2.0,100.0,2.527939
3999.0,49.0,20.0,2.0,100.0,1.7559422
4000.0,0.0,20.0,2.0,100.0,0.0
4001.0,0.5,20.0,2.0,100.0,24.785748
4002.0,1.0,20.0,2.0,100.0,42.14657
4003.0,2.0,20.0,2.0,100.0,35.571526
4004.0,3.0,20.0,2.0,100.0,15.1657505
4005.0,5.0,20.0,2.0,100.0,12.429803
4006.0,10.0,20.0,2.0,100.0,5.5248365
4007.0,20.0,20.0,2.0,100.0,2.5476413
4008.0,40.0,20.0,2.0,100.0,3.5686545
4009.0,49.0,20.0,2.0,100.0,4.2370253
4010.0,0.0,20.0,2.0,100.0,0.0
4011.0,0.5,20.0,2.0,100.0,0.0
4012.0,1.0,20.0,2.0,100.0,28.360771
4013.0,2.0,20.0,2.0,100.0,38.747044
4014.0,3.0,20.0,2.0,100.0,7.064595
4015.0,5.0,20.0,2.0,100.0,17.534727
4016.0,10.0,20.0,2.0,100.0,5.1083508
4017.0,20.0,20.0,2.0,100.0,4.635223
4018.0,40.0,20.0,2.0,100.0,2.9479613
4019.0,49.0,20.0,2.0,100.0,4.044786
4020.0,0.0,20.0,2.0,100.0,0.0
4021.0,0.5,20.0,2.0,100.0,32.50128
4022.0,1.0,20.0,2.0,100.0,28.988503
4023.0,2.0,20.0,2.0,100.0,28.219378
4024.0,3.0,20.0,2.0,100.0,19.604422
4025.0,5.0,20.0,2.0,100.0,11.45592
4026.0,10.0,20.0,2.0,100.0,2.364968
4027.0,20.0,20.0,2.0,100.0,3.7229416
4028.0,40.0,20.0,2.0,100.0,3.3086808
4029.0,49.0,20.0,2.0,100.0,4.0666957
4030.0,0.0,20.0,2.0,100.0,0.0
4031.0,0.5,20.0,2.0,100.0,0.0
4032.0,1.0,20.0,2.0,100.0,49.237522
4033.0,2.0,20.0,2.0,100.0,39.247078
4034.0,3.0,20.0,2.0,100.0,13.038404
4035.0,5.0,20.0,2.0,100.0,14.988885
4036.0,10.0,20.0,2.0,100.0,4.755028
4037.0,20.0,20.0,2.0,100.0,3.9141107
4038.0,40.0,20.0,2.0,100.0,2.5692005
4039.0,49.0,20.0,2.0,100.0,3.345217
4040.0,0.0,20.0,2.0,100.0,0.0
4041.0,0.5,20.0,2.0,100.0,0.0
4042.0,1.0,20.0,2.0,100.0,0.0
4043.0,2.0,20.0,2.0,100.0,3.2352228
4044.0,3.0,20.0,2.0,100.0,3.2761767
4045.0,5.0,20.0,2.0,100.0,7.0878835
4046.0,10.0,20.0,2.0,100.0,5.1701803
4047.0,20.0,20.0,2.0,100.0,3.6380343
4048.0,40.0,20.0,2.0,100.0,2.5785892
4049.0,49.0,20.0,2.0,100.0,1.8708287
4050.0,0.0,20.0,2.0,100.0,0.0
4051.0,0.5,20.0,2.0,100.0,40.673496
4052.0,1.0,20.0,2.0,100.0,0.0
4053.0,2.0,20.0,2.0,100.0,20.294498
4054.0,3.0,20.0,2.0,100.0,31.085901
4055.0,5.0,20.0,2.0,100.0,16.358824
4056.0,10.0,20.0,2.0,100.0,7.8663077
4057.0,20.0,20.0,2.0,100.0,7.138094
4058.0,40.0,20.0,2.0,100.0,3.6706517
4059.0,49.0,20.0,2.0,100.0,2.6217394
4060.0,0.0,20.0,2.0,100.0,0.0
4061.0,0.5,20.0,2.0,100.0,38.552994
4062.0,1.0,20.0,2.0,100.0,3.2632995
4063.0,2.0,20.0,2.0,100.0,30.270998
4064.0,3.0,20.0,2.0,100.0,17.029387
4065.0,5.0,20.0,2.0,100.0,9.670323
4066.0,10.0,20.0,2.0,100.0,8.498365
4067.0,20.0,20.0,2.0,100.0,2.9784803
4068.0,40.0,20.0,2.0,100.0,2.745544
4069.0,49.0,20.0,2.0,100.0,3.347339
4070.0,0.0,20.0,2.0,100.0,3.7061157
4071.0,0.5,20.0,2.0,100.0,44.43347
4072.0,1.0,20.0,2.0,100.0,6.224729
4073.0,2.0,20.0,2.0,100.0,31.895664
4074.0,3.0,20.0,2.0,100.0,31.112698
4075.0,5.0,20.0,2.0,100.0,5.6139545
4076.0,10.0,20.0,2.0,100.0,7.004577
4077.0,20.0,20.0,2.0,100.0,4.3698096
4078.0,40.0,20.0,2.0,100.0,3.2632995
4079.0,49.0,20.0,2.0,100.0,2.5865955
4080.0,0.0,20.0,2.0,100.0,0.0
4081.0,0.5,20.0,2.0,100.0,32.316147
4082.0,1.0,20.0,2.0,100.0,45.254833
4083.0,2.0,20.0,2.0,100.0,28.112867
4084.0,3.0,20.0,2.0,100.0,7.7336617
4085.0,5.0,20.0,2.0,100.0,14.382529
4086.0,10.0,20.0,2.0,100.0,3.6977293
4087.0,20.0,20.0,2.0,100.0,3.838232
4088.0,40.0,20.0,2.0,100.0,3.467873
4089.0,49.0,20.0,2.0,100.0,3.4438777
4090.0,0.0,20.0,2.0,100.0,24.226118
4091.0,0.5,20.0,2.0,100.0,30.105371
4092.0,1.0,20.0,2.0,100.0,30.270998
4093.0,2.0,20.0,2.0,100.0,21.416504
4094.0,3.0,20.0,2.0,100.0,9.441549
4095.0,5.0,20.0,2.0,100.0,13.216151
4096.0,10.0,20.0,2.0,100.0,8.080279
4097.0,20.0,20.0,2.0,100.0,5.3911133
4098.0,40.0,20.0,2.0,100.0,2.8089993
4099.0,49.0,20.0,2.0,100.0,2.8449197
4100.0,0.0,20.0,2.0,100.0,0.0
4101.0,0.5,20.0,2.0,100.0,8.457174
4102.0,1.0,20.0,2.0,100.0,8.742096
4103.0,2.0,20.0,2.0,100.0,10.419762
4104.0,3.0,20.0,2.0,100.0,3.7393122
4105.0,5.0,20.0,2.0,100.0,15.269016
4106.0,10.0,20.0,2.0,100.0,6.9448376
4107.0,20.0,20.0,2.0,100.0,3.295496
4108.0,40.0,20.0,2.0,100.0,2.9788451
4109.0,49.0,20.0,2.0,100.0,2.3082597
4110.0,0.0,20.0,2.0,100.0,0.0
4111.0,0.5,20.0,2.0,100.0,35.303444
4112.0,1.0,20.0,2.0,100.0,38.552994
4113.0,2.0,20.0,2.0,100.0,48.418316
4114.0,3.0,20.0,2.0,100.0,35.730473
4115.0,5.0,20.0,2.0,100.0,15.394804
4116.0,10.0,20.0,2.0,100.0,5.7210813
4117.0,20.0,20.0,2.0,100.0,2.97484
4118.0,40.0,20.0,2.0,100.0,4.592955
4119.0,49.0,20.0,2.0,100.0,2.288483
4120.0,0.0,20.0,2.0,100.0,0.0
4121.0,0.5,20.0,2.0,100.0,0.0
4122.0,1.0,20.0,2.0,100.0,48.418316
4123.0,2.0,20.0,2.0,100.0,34.703506
4124.0,3.0,20.0,2.0,100.0,28.284271
4125.0,5.0,20.0,2.0,100.0,30.353474
4126.0,10.0,20.0,2.0,100.0,11.212238
4127.0,20.0,20.0,2.0,100.0,2.2114422
4128.0,40.0,20.0,2.0,100.0,3.5334537
4129.0,49.0,20.0,2.0,100.0,2.8793187
4130.0,0.0,20.0,2.0,100.0,0.0
4131.0,0.5,20.0,2.0,100.0,0.0
4132.0,1.0,20.0,2.0,100.0,0.0
4133.0,2.0,20.0,2.0,100.0,9.28668
4134.0,3.0,20.0,2.0,100.0,17.435596
4135.0,5.0,20.0,2.0,100.0,15.829448
4136.0,10.0,20.0,2.0,100.0,7.315405
4137.0,20.0,20.0,2.0,100.0,4.442442
4138.0,40.0,20.0,2.0,100.0,3.4073882
4139.0,49.0,20.0,2.0,100.0,2.2076044
4140.0,0.0,20.0,2.0,100.0,0.0
4141.0,0.5,20.0,2.0,100.0,42.44212
4142.0,1.0,20.0,2.0,100.0,32.50128
4143.0,2.0,20.0,2.0,100.0,42.14657
4144.0,3.0,20.0,2.0,100.0,46.543884
4145.0,5.0,20.0,2.0,100.0,3.5487187
4146.0,10.0,20.0,2.0,100.0,9.828838
4147.0,20.0,20.0,2.0,100.0,5.3289247
4148.0,40.0,20.0,2.0,100.0,3.370504
4149.0,49.0,20.0,2.0,100.0,3.347339
4150.0,0.0,20.0,2.0,100.0,0.0
4151.0,0.5,20.0,2.0,100.0,18.147543
4152.0,1.0,20.0,2.0,100.0,37.20663
4153.0,2.0,20.0,2.0,100.0,31.134119
4154.0,3.0,20.0,2.0,100.0,28.219378
4155.0,5.0,20.0,2.0,100.0,9.961832
4156.0,10.0,20.0,2.0,100.0,4.823553
4157.0,20.0,20.0,2.0,100.0,6.0050488
4158.0,40.0,20.0,2.0,100.0,2.5080824
4159.0,49.0,20.0,2.0,100.0,3.3601303
4160.0,0.0,20.0,2.0,100.0,0.0
4161.0,0.5,20.0,2.0,100.0,0.0
4162.0,1.0,20.0,2.0,100.0,11.254628
4163.0,2.0,20.0,2.0,100.0,29.949959
4164.0,3.0,20.0,2.0,100.0,10.44466
4165.0,5.0,20.0,2.0,100.0,11.095545
4166.0,10.0,20.0,2.0,100.0,4.5773773
4167.0,20.0,20.0,2.0,100.0,2.8449194
4168.0,40.0,20.0,2.0,100.0,2.5987735
4169.0,49.0,20.0,2.0,100.0,3.1418698
4170.0,0.0,20.0,2.0,100.0,0.0
4171.0,0.5,20.0,2.0,100.0,29.571947
4172.0,1.0,20.0,2.0,100.0,13.932377
4173.0,2.0,20.0,2.0,100.0,35.92121
4174.0,3.0,20.0,2.0,100.0,14.306176
4175.0,5.0,20.0,2.0,100.0,10.363274
4176.0,10.0,20.0,2.0,100.0,11.720115
4177.0,20.0,20.0,2.0,100.0,5.122314
4178.0,40.0,20.0,2.0,100.0,3.709479
4179.0,49.0,20.0,2.0,100.0,2.6561882
4180.0,0.0,20.0,2.0,100.0,0.0
4181.0,0.5,20.0,2.0,100.0,0.0
4182.0,1.0,20.0,2.0,100.0,34.935654
4183.0,2.0,20.0,2.0,100.0,40.673496
4184.0,3.0,20.0,2.0,100.0,48.418316
4185.0,5.0,20.0,2.0,100.0,3.6657753
4186.0,10.0,20.0,2.0,100.0,8.563489
4187.0,20.0,20.0,2.0,100.0,3.2698164
4188.0,40.0,20.0,2.0,100.0,4.253654
4189.0,49.0,20.0,2.0,100.0,3.4972517
4190.0,0.0,20.0,2.0,100.0,15.711815
4191.0,0.5,20.0,2.0,100.0,0.0
4192.0,1.0,20.0,2.0,100.0,40.673496
4193.0,2.0,20.0,2.0,100.0,21.59321
4194.0,3.0,20.0,2.0,100.0,38.21431
4195.0,5.0,20.0,2.0,100.0,16.165808
4196.0,10.0,20.0,2.0,100.0,4.061617
4197.0,20.0,20.0,2.0,100.0,2.890498
4198.0,40.0,20.0,2.0,100.0,3.7689095
4199.0,49.0,20.0,2.0,100.0,2.423534
4200.0,0.0,20.0,2.0,100.0,0.0
4201.0,0.5,20.0,2.0,100.0,0.0
4202.0,1.0,20.0,2.0,100.0,49.08496
4203.0,2.0,20.0,2.0,100.0,50.895317
4204.0,3.0,20.0,2.0,100.0,10.154365
4205.0,5.0,20.0,2.0,100.0,22.759613
4206.0,10.0,20.0,2.0,100.0,5.8022985
4207.0,20.0,20.0,2.0,100.0,5.0513844
4208.0,40.0,20.0,2.0,100.0,3.0392687
4209.0,49.0,20.0,2.0,100.0,3.3000722
4210.0,0.0,20.0,2.0,100.0,7.4992065
4211.0,0.5,20.0,2.0,100.0,0.0
4212.0,1.0,20.0,2.0,100.0,23.930456
4213.0,2.0,20.0,2.0,100.0,28.728617
4214.0,3.0,20.0,2.0,100.0,21.631107
4215.0,5.0,20.0,2.0,100.0,18.348478
4216.0,10.0,20.0,2.0,100.0,3.7396917
4217.0,20.0,20.0,2.0,100.0,3.3144073
4218.0,40.0,20.0,2.0,100.0,3.7894979
4219.0,49.0,20.0,2.0,100.0,4.5318885
4220.0,0.0,20.0,2.0,100.0,0.0
4221.0,0.5,20.0,2.0,100.0,0.0
4222.0,1.0,20.0,2.0,100.0,0.0
4223.0,2.0,20.0,2.0,100.0,29.569128
4224.0,3.0,20.0,2.0,100.0,12.649111
4225.0,5.0,20.0,2.0,100.0,8.228869
4226.0,10.0,20.0,2.0,100.0,14.501232
4227.0,20.0,20.0,2.0,100.0,3.5861254
4228.0,40.0,20.0,2.0,100.0,2.662795
4229.0,49.0,20.0,2.0,100.0,2.6815062
4230.0,0.0,20.0,2.0,100.0,0.0
4231.0,0.5,20.0,2.0,100.0,0.0
4232.0,1.0,20.0,2.0,100.0,28.041636
4233.0,2.0,20.0,2.0,100.0,7.7393436
4234.0,3.0,20.0,2.0,100.0,25.57994
4235.0,5.0,20.0,2.0,100.0,11.674148
4236.0,10.0,20.0,2.0,100.0,10.68228
4237.0,20.0,20.0,2.0,100.0,5.6069517
4238.0,40.0,20.0,2.0,100.0,3.4256816
4239.0,49.0,20.0,2.0,100.0,3.448257
4240.0,0.0,20.0,2.0,100.0,0.0
4241.0,0.5,20.0,2.0,100.0,0.0
4242.0,1.0,20.0,2.0,100.0,36.555893
4243.0,2.0,20.0,2.0,100.0,46.003624
4244.0,3.0,20.0,2.0,100.0,18.717194
4245.0,5.0,20.0,2.0,100.0,36.226143
4246.0,10.0,20.0,2.0,100.0,7.886698
4247.0,20.0,20.0,2.0,100.0,4.6551404
4248.0,40.0,20.0,2.0,100.0,2.3001037
4249.0,49.0,20.0,2.0,100.0,2.2782617
4250.0,0.0,20.0,2.0,100.0,0.0
4251.0,0.5,20.0,2.0,100.0,0.0
4252.0,1.0,20.0,2.0,100.0,2.808999
4253.0,2.0,20.0,2.0,100.0,8.320503
4254.0,3.0,20.0,2.0,100.0,12.432675
4255.0,5.0,20.0,2.0,100.0,10.409664
4256.0,10.0,20.0,2.0,100.0,2.9479613
4257.0,20.0,20.0,2.0,100.0,2.805979
4258.0,40.0,20.0,2.0,100.0,2.643951
4259.0,49.0,20.0,2.0,100.0,3.254301
4260.0,0.0,20.0,2.0,100.0,0.0
4261.0,0.5,20.0,2.0,100.0,0.0
4262.0,1.0,20.0,2.0,100.0,0.0
4263.0,2.0,20.0,2.0,100.0,27.428696
4264.0,3.0,20.0,2.0,100.0,13.360049
4265.0,5.0,20.0,2.0,100.0,15.585402
4266.0,10.0,20.0,2.0,100.0,3.6551738
4267.0,20.0,20.0,2.0,100.0,5.9441843
4268.0,40.0,20.0,2.0,100.0,2.7731707
4269.0,49.0,20.0,2.0,100.0,2.883711
4270.0,0.0,20.0,2.0,100.0,0.0
4271.0,0.5,20.0,2.0,100.0,0.0
4272.0,1.0,20.0,2.0,100.0,51.733288
4273.0,2.0,20.0,2.0,100.0,19.300259
4274.0,3.0,20.0,2.0,100.0,15.370969
4275.0,5.0,20.0,2.0,100.0,22.783035
4276.0,10.0,20.0,2.0,100.0,8.906926
4277.0,20.0,20.0,2.0,100.0,2.4475448
4278.0,40.0,20.0,2.0,100.0,2.423534
4279.0,49.0,20.0,2.0,100.0,4.4283514
4280.0,0.0,20.0,2.0,100.0,0.0
4281.0,0.5,20.0,2.0,100.0,45.214306
4282.0,1.0,20.0,2.0,100.0,23.748684
4283.0,2.0,20.0,2.0,100.0,26.53928
4284.0,3.0,20.0,2.0,100.0,21.118711
4285.0,5.0,20.0,2.0,100.0,6.0198092
4286.0,10.0,20.0,2.0,100.0,6.2767377
4287.0,20.0,20.0,2.0,100.0,5.0943484
4288.0,40.0,20.0,2.0,100.0,3.3872828
4289.0,49.0,20.0,2.0,100.0,2.4678893
4290.0,0.0,20.0,2.0,100.0,0.0
4291.0,0.5,20.0,2.0,100.0,0.0
4292.0,1.0,20.0,2.0,100.0,0.0
4293.0,2.0,20.0,2.0,100.0,11.211466
4294.0,3.0,20.0,2.0,100.0,4.106905
4295.0,5.0,20.0,2.0,100.0,8.417904
4296.0,10.0,20.0,2.0,100.0,14.172408
4297.0,20.0,20.0,2.0,100.0,6.3135657
4298.0,40.0,20.0,2.0,100.0,3.2462306
4299.0,49.0,20.0,2.0,100.0,3.106304
4300.0,0.0,20.0,2.0,100.0,0.0
4301.0,0.5,20.0,2.0,100.0,0.0
4302.0,1.0,20.0,2.0,100.0,15.107552
4303.0,2.0,20.0,2.0,100.0,36.555893
4304.0,3.0,20.0,2.0,100.0,14.481515
4305.0,5.0,20.0,2.0,100.0,13.38324
4306.0,10.0,20.0,2.0,100.0,2.621325
4307.0,20.0,20.0,2.0,100.0,4.041452
4308.0,40.0,20.0,2.0,100.0,3.38037
4309.0,49.0,20.0,2.0,100.0,3.1418698
4310.0,0.0,20.0,2.0,100.0,0.0
4311.0,0.5,20.0,2.0,100.0,0.0
4312.0,1.0,20.0,2.0,100.0,21.16601
4313.0,2.0,20.0,2.0,100.0,33.773758
4314.0,3.0,20.0,2.0,100.0,6.773388
4315.0,5.0,20.0,2.0,100.0,14.067863
4316.0,10.0,20.0,2.0,100.0,8.783594
4317.0,20.0,20.0,2.0,100.0,4.8175507
4318.0,40.0,20.0,2.0,100.0,2.745544
4319.0,49.0,20.0,2.0,100.0,3.5510979
4320.0,0.0,20.0,2.0,100.0,0.0
4321.0,0.5,20.0,2.0,100.0,28.219378
4322.0,1.0,20.0,2.0,100.0,46.47939
4323.0,2.0,20.0,2.0,100.0,0.0
4324.0,3.0,20.0,2.0,100.0,11.698596
4325.0,5.0,20.0,2.0,100.0,9.451632
4326.0,10.0,20.0,2.0,100.0,13.968218
4327.0,20.0,20.0,2.0,100.0,6.60991
4328.0,40.0,20.0,2.0,100.0,2.8443763
4329.0,49.0,20.0,2.0,100.0,2.2076046
4330.0,0.0,20.0,2.0,100.0,0.0
4331.0,0.5,20.0,2.0,100.0,41.404507
4332.0,1.0,20.0,2.0,100.0,0.0
4333.0,2.0,20.0,2.0,100.0,20.724382
4334.0,3.0,20.0,2.0,100.0,11.930353
4335.0,5.0,20.0,2.0,100.0,8.053393
4336.0,10.0,20.0,2.0,100.0,7.099115
4337.0,20.0,20.0,2.0,100.0,2.8089993
4338.0,40.0,20.0,2.0,100.0,3.284886
4339.0,49.0,20.0,2.0,100.0,3.5861254
4340.0,0.0,20.0,2.0,100.0,0.0
4341.0,0.5,20.0,2.0,100.0,0.0
4342.0,1.0,20.0,2.0,100.0,4.2426405
4343.0,2.0,20.0,2.0,100.0,43.661575
4344.0,3.0,20.0,2.0,100.0,4.312772
4345.0,5.0,20.0,2.0,100.0,8.717798
4346.0,10.0,20.0,2.0,100.0,5.6334085
4347.0,20.0,20.0,2.0,100.0,3.9824984
4348.0,40.0,20.0,2.0,100.0,2.4063408
4349.0,49.0,20.0,2.0,100.0,2.7529888
4350.0,0.0,20.0,2.0,100.0,11.6432
4351.0,0.5,20.0,2.0,100.0,45.214306
4352.0,1.0,20.0,2.0,100.0,23.860708
4353.0,2.0,20.0,2.0,100.0,28.988503
4354.0,3.0,20.0,2.0,100.0,5.656854
4355.0,5.0,20.0,2.0,100.0,5.4467115
4356.0,10.0,20.0,2.0,100.0,4.028743
4357.0,20.0,20.0,2.0,100.0,1.9956094
4358.0,40.0,20.0,2.0,100.0,3.4775808
4359.0,49.0,20.0,2.0,100.0,2.423534
4360.0,0.0,20.0,2.0,100.0,0.0
4361.0,0.5,20.0,2.0,100.0,9.403417
4362.0,1.0,20.0,2.0,100.0,0.0
4363.0,2.0,20.0,2.0,100.0,11.628877
4364.0,3.0,20.0,2.0,100.0,21.710213
4365.0,5.0,20.0,2.0,100.0,4.7286673
4366.0,10.0,20.0,2.0,100.0,3.008759
4367.0,20.0,20.0,2.0,100.0,3.4073884
4368.0,40.0,20.0,2.0,100.0,6.091822
4369.0,49.0,20.0,2.0,100.0,4.214289
4370.0,0.0,20.0,2.0,100.0,0.0
4371.0,0.5,20.0,2.0,100.0,0.0
4372.0,1.0,20.0,2.0,100.0,28.18392
4373.0,2.0,20.0,2.0,100.0,13.585706
4374.0,3.0,20.0,2.0,100.0,29.263174
4375.0,5.0,20.0,2.0,100.0,10.270877
4376.0,10.0,20.0,2.0,100.0,6.3833575
4377.0,20.0,20.0,2.0,100.0,3.3302367
4378.0,40.0,20.0,2.0,100.0,2.2339373
4379.0,49.0,20.0,2.0,100.0,4.482585
4380.0,0.0,20.0,2.0,100.0,0.0
4381.0,0.5,20.0,2.0,100.0,0.0
4382.0,1.0,20.0,2.0,100.0,11.175752
4383.0,2.0,20.0,2.0,100.0,16.256866
4384.0,3.0,20.0,2.0,100.0,0.0
4385.0,5.0,20.0,2.0,100.0,36.083237
4386.0,10.0,20.0,2.0,100.0,12.932057
4387.0,20.0,20.0,2.0,100.0,4.4185753
4388.0,40.0,20.0,2.0,100.0,2.7404163
4389.0,49.0,20.0,2.0,100.0,1.6126968
4390.0,0.0,20.0,2.0,100.0,0.0
4391.0,0.5,20.0,2.0,100.0,0.0
4392.0,1.0,20.0,2.0,100.0,23.234911
4393.0,2.0,20.0,2.0,100.0,21.236761
4394.0,3.0,20.0,2.0,100.0,10.165301
4395.0,5.0,20.0,2.0,100.0,8.05549
4396.0,10.0,20.0,2.0,100.0,6.368995
4397.0,20.0,20.0,2.0,100.0,3.772969
4398.0,40.0,20.0,2.0,100.0,3.6579986
4399.0,49.0,20.0,2.0,100.0,2.6249716
4400.0,0.0,20.0,2.0,100.0,0.0
4401.0,0.5,20.0,2.0,100.0,30.664854
4402.0,1.0,20.0,2.0,100.0,14.948802
4403.0,2.0,20.0,2.0,100.0,12.130245
4404.0,3.0,20.0,2.0,100.0,25.735838
4405.0,5.0,20.0,2.0,100.0,5.282849
4406.0,10.0,20.0,2.0,100.0,11.575837
4407.0,20.0,20.0,2.0,100.0,2.4459062
4408.0,40.0,20.0,2.0,100.0,3.958114
4409.0,49.0,20.0,2.0,100.0,2.2173557
4410.0,0.0,20.0,2.0,100.0,0.0
4411.0,0.5,20.0,2.0,100.0,0.0
4412.0,1.0,20.0,2.0,100.0,34.763485
4413.0,2.0,20.0,2.0,100.0,3.7294097
4414.0,3.0,20.0,2.0,100.0,39.95414
4415.0,5.0,20.0,2.0,100.0,17.772482
4416.0,10.0,20.0,2.0,100.0,11.785787
4417.0,20.0,20.0,2.0,100.0,3.3645597
4418.0,40.0,20.0,2.0,100.0,2.8619008
4419.0,49.0,20.0,2.0,100.0,2.479162
4420.0,0.0,20.0,2.0,100.0,0.0
4421.0,0.5,20.0,2.0,100.0,47.60602
4422.0,1.0,20.0,2.0,100.0,33.56089
4423.0,2.0,20.0,2.0,100.0,50.895317
4424.0,3.0,20.0,2.0,100.0,23.58672
4425.0,5.0,20.0,2.0,100.0,14.347861
4426.0,10.0,20.0,2.0,100.0,7.364946
4427.0,20.0,20.0,2.0,100.0,6.040771
4428.0,40.0,20.0,2.0,100.0,2.3665988
4429.0,49.0,20.0,2.0,100.0,3.1944761
4430.0,0.0,20.0,2.0,100.0,0.0
4431.0,0.5,20.0,2.0,100.0,40.673496
4432.0,1.0,20.0,2.0,100.0,24.013885
4433.0,2.0,20.0,2.0,100.0,0.0
4434.0,3.0,20.0,2.0,100.0,37.872593
4435.0,5.0,20.0,2.0,100.0,23.653048
4436.0,10.0,20.0,2.0,100.0,9.126386
4437.0,20.0,20.0,2.0,100.0,4.823553
4438.0,40.0,20.0,2.0,100.0,2.5155642
4439.0,49.0,20.0,2.0,100.0,2.2076046
4440.0,0.0,20.0,2.0,100.0,0.0
4441.0,0.5,20.0,2.0,100.0,0.0
4442.0,1.0,20.0,2.0,100.0,0.0
4443.0,2.0,20.0,2.0,100.0,45.785732
4444.0,3.0,20.0,2.0,100.0,6.5100656
4445.0,5.0,20.0,2.0,100.0,8.337655
4446.0,10.0,20.0,2.0,100.0,9.610469
4447.0,20.0,20.0,2.0,100.0,2.1542265
4448.0,40.0,20.0,2.0,100.0,4.09048
4449.0,49.0,20.0,2.0,100.0,1.8929694
4450.0,0.0,20.0,2.0,100.0,0.0
4451.0,0.5,20.0,2.0,100.0,31.533052
4452.0,1.0,20.0,2.0,100.0,33.941124
4453.0,2.0,20.0,2.0,100.0,29.263174
4454.0,3.0,20.0,2.0,100.0,30.967726
4455.0,5.0,20.0,2.0,100.0,25.573423
4456.0,10.0,20.0,2.0,100.0,6.1481705
4457.0,20.0,20.0,2.0,100.0,3.4438777
4458.0,40.0,20.0,2.0,100.0,3.254301
4459.0,49.0,20.0,2.0,100.0,2.1657507
4460.0,0.0,20.0,2.0,100.0,0.0
4461.0,0.5,20.0,2.0,100.0,0.0
4462.0,1.0,20.0,2.0,100.0,37.20663
4463.0,2.0,20.0,2.0,100.0,34.93327
4464.0,3.0,20.0,2.0,100.0,9.797959
4465.0,5.0,20.0,2.0,100.0,5.140452
4466.0,10.0,20.0,2.0,100.0,5.920722
4467.0,20.0,20.0,2.0,100.0,3.8209946
4468.0,40.0,20.0,2.0,100.0,1.9194298
4469.0,49.0,20.0,2.0,100.0,2.6429708
4470.0,0.0,20.0,2.0,100.0,0.0
4471.0,0.5,20.0,2.0,100.0,0.0
4472.0,1.0,20.0,2.0,100.0,38.552994
4473.0,2.0,20.0,2.0,100.0,48.08326
4474.0,3.0,20.0,2.0,100.0,18.147543
4475.0,5.0,20.0,2.0,100.0,5.4039445
4476.0,10.0,20.0,2.0,100.0,6.1831036
4477.0,20.0,20.0,2.0,100.0,5.2472215
4478.0,40.0,20.0,2.0,100.0,3.3385992
4479.0,49.0,20.0,2.0,100.0,3.7061157
4480.0,0.0,20.0,2.0,100.0,0.0
4481.0,0.5,20.0,2.0,100.0,15.0111065
4482.0,1.0,20.0,2.0,100.0,8.250097
4483.0,2.0,20.0,2.0,100.0,36.665154
4484.0,3.0,20.0,2.0,100.0,13.487207
4485.0,5.0,20.0,2.0,100.0,4.151879
4486.0,10.0,20.0,2.0,100.0,7.465305
4487.0,20.0,20.0,2.0,100.0,3.4293199
4488.0,40.0,20.0,2.0,100.0,2.9309514
4489.0,49.0,20.0,2.0,100.0,2.3431766
4490.0,0.0,20.0,2.0,100.0,0.0
4491.0,0.5,20.0,2.0,100.0,30.270998
4492.0,1.0,20.0,2.0,100.0,0.0
4493.0,2.0,20.0,2.0,100.0,14.445299
4494.0,3.0,20.0,2.0,100.0,14.84363
4495.0,5.0,20.0,2.0,100.0,4.7759323
4496.0,10.0,20.0,2.0,100.0,12.82854
4497.0,20.0,20.0,2.0,100.0,4.064949
4498.0,40.0,20.0,2.0,100.0,5.2089667
4499.0,49.0,20.0,2.0,100.0,2.864381
4500.0,0.0,20.0,2.0,100.0,0.0
4501.0,0.5,20.0,2.0,100.0,0.0
4502.0,1.0,20.0,2.0,100.0,0.0
4503.0,2.0,20.0,2.0,100.0,28.948229
4504.0,3.0,20.0,2.0,100.0,20.445047
4505.0,5.0,20.0,2.0,100.0,15.556349
4506.0,10.0,20.0,2.0,100.0,1.7055297
4507.0,20.0,20.0,2.0,100.0,2.8253243
4508.0,40.0,20.0,2.0,100.0,2.7185433
4509.0,49.0,20.0,2.0,100.0,2.6815064
4510.0,0.0,20.0,2.0,100.0,0.0
4511.0,0.5,20.0,2.0,100.0,33.020195
4512.0,1.0,20.0,2.0,100.0,0.0
4513.0,2.0,20.0,2.0,100.0,19.49359
4514.0,3.0,20.0,2.0,100.0,19.218048
4515.0,5.0,20.0,2.0,100.0,11.973351
4516.0,10.0,20.0,2.0,100.0,8.419674
4517.0,20.0,20.0,2.0,100.0,2.5476413
4518.0,40.0,20.0,2.0,100.0,4.167544
4519.0,49.0,20.0,2.0,100.0,3.0339212
4520.0,0.0,20.0,2.0,100.0,0.0
4521.0,0.5,20.0,2.0,100.0,0.0
4522.0,1.0,20.0,2.0,100.0,15.315726
4523.0,2.0,20.0,2.0,100.0,26.280539
4524.0,3.0,20.0,2.0,100.0,23.762716
4525.0,5.0,20.0,2.0,100.0,18.165901
4526.0,10.0,20.0,2.0,100.0,4.0906396
4527.0,20.0,20.0,2.0,100.0,5.340769
4528.0,40.0,20.0,2.0,100.0,2.0505314
4529.0,49.0,20.0,2.0,100.0,3.1770375
4530.0,0.0,20.0,2.0,100.0,0.0
4531.0,0.5,20.0,2.0,100.0,0.0
4532.0,1.0,20.0,2.0,100.0,51.733288
4533.0,2.0,20.0,2.0,100.0,21.481775
4534.0,3.0,20.0,2.0,100.0,33.575787
4535.0,5.0,20.0,2.0,100.0,5.3992147
4536.0,10.0,20.0,2.0,100.0,4.0530114
4537.0,20.0,20.0,2.0,100.0,3.5540934
4538.0,40.0,20.0,2.0,100.0,1.9448929
4539.0,49.0,20.0,2.0,100.0,3.7061157
4540.0,0.0,20.0,2.0,100.0,0.0
4541.0,0.5,20.0,2.0,100.0,0.0
4542.0,1.0,20.0,2.0,100.0,28.360771
4543.0,2.0,20.0,2.0,100.0,44.43347
4544.0,3.0,20.0,2.0,100.0,5.9635644
4545.0,5.0,20.0,2.0,100.0,18.672617
4546.0,10.0,20.0,2.0,100.0,3.798276
4547.0,20.0,20.0,2.0,100.0,5.234256
4548.0,40.0,20.0,2.0,100.0,3.3645597
4549.0,49.0,20.0,2.0,100.0,2.3055995
4550.0,0.0,20.0,2.0,100.0,0.0
4551.0,0.5,20.0,2.0,100.0,0.0
4552.0,1.0,20.0,2.0,100.0,7.016986
4553.0,2.0,20.0,2.0,100.0,48.418316
4554.0,3.0,20.0,2.0,100.0,33.773758
4555.0,5.0,20.0,2.0,100.0,7.7746024
4556.0,10.0,20.0,2.0,100.0,3.2440424
4557.0,20.0,20.0,2.0,100.0,4.6833034
4558.0,40.0,20.0,2.0,100.0,2.755082
4559.0,49.0,20.0,2.0,100.0,3.3519092
4560.0,0.0,20.0,2.0,100.0,20.279007
4561.0,0.5,20.0,2.0,100.0,29.520615
4562.0,1.0,20.0,2.0,100.0,37.434387
4563.0,2.0,20.0,2.0,100.0,43.840622
4564.0,3.0,20.0,2.0,100.0,9.974513
4565.0,5.0,20.0,2.0,100.0,6.213378
4566.0,10.0,20.0,2.0,100.0,4.404543
4567.0,20.0,20.0,2.0,100.0,2.8253243
4568.0,40.0,20.0,2.0,100.0,3.1477766
4569.0,49.0,20.0,2.0,100.0,3.0703259
4570.0,0.0,20.0,2.0,100.0,34.698704
4571.0,0.5,20.0,2.0,100.0,35.907288
4572.0,1.0,20.0,2.0,100.0,46.003624
4573.0,2.0,20.0,2.0,100.0,39.59798
4574.0,3.0,20.0,2.0,100.0,35.35534
4575.0,5.0,20.0,2.0,100.0,4.2283316
4576.0,10.0,20.0,2.0,100.0,4.7958317
4577.0,20.0,20.0,2.0,100.0,5.2307067
4578.0,40.0,20.0,2.0,100.0,4.2873015
4579.0,49.0,20.0,2.0,100.0,2.8267434
4580.0,0.0,20.0,2.0,100.0,0.0
4581.0,0.5,20.0,2.0,100.0,50.91169
4582.0,1.0,20.0,2.0,100.0,0.0
4583.0,2.0,20.0,2.0,100.0,30.989246
4584.0,3.0,20.0,2.0,100.0,24.768932
4585.0,5.0,20.0,2.0,100.0,10.91962
4586.0,10.0,20.0,2.0,100.0,10.780641
4587.0,20.0,20.0,2.0,100.0,3.0818555
4588.0,40.0,20.0,2.0,100.0,2.6901958
4589.0,49.0,20.0,2.0,100.0,3.2848861
4590.0,0.0,20.0,2.0,100.0,0.0
4591.0,0.5,20.0,2.0,100.0,20.305992
4592.0,1.0,20.0,2.0,100.0,28.571548
4593.0,2.0,20.0,2.0,100.0,2.5166116
4594.0,3.0,20.0,2.0,100.0,36.555893
4595.0,5.0,20.0,2.0,100.0,5.709641
4596.0,10.0,20.0,2.0,100.0,8.640987
4597.0,20.0,20.0,2.0,100.0,4.482771
4598.0,40.0,20.0,2.0,100.0,4.2277083
4599.0,49.0,20.0,2.0,100.0,2.228099
4600.0,0.0,20.0,2.0,100.0,0.0
4601.0,0.5,20.0,2.0,100.0,0.0
4602.0,1.0,20.0,2.0,100.0,18.654758
4603.0,2.0,20.0,2.0,100.0,20.047564
4604.0,3.0,20.0,2.0,100.0,5.859465
4605.0,5.0,20.0,2.0,100.0,16.370705
4606.0,10.0,20.0,2.0,100.0,3.8729835
4607.0,20.0,20.0,2.0,100.0,3.0155544
4608.0,40.0,20.0,2.0,100.0,3.772969
4609.0,49.0,20.0,2.0,100.0,2.1425397
4610.0,0.0,20.0,2.0,100.0,0.0
4611.0,0.5,20.0,2.0,100.0,29.263174
4612.0,1.0,20.0,2.0,100.0,0.0
4613.0,2.0,20.0,2.0,100.0,30.664854
4614.0,3.0,20.0,2.0,100.0,11.075499
4615.0,5.0,20.0,2.0,100.0,4.097618
4616.0,10.0,20.0,2.0,100.0,3.05946
4617.0,20.0,20.0,2.0,100.0,3.838232
4618.0,40.0,20.0,2.0,100.0,3.5876658
4619.0,49.0,20.0,2.0,100.0,1.7795131
4620.0,0.0,20.0,2.0,100.0,36.89851
4621.0,0.5,20.0,2.0,100.0,0.0
4622.0,1.0,20.0,2.0,100.0,0.0
4623.0,2.0,20.0,2.0,100.0,6.2021503
4624.0,3.0,20.0,2.0,100.0,0.0
4625.0,5.0,20.0,2.0,100.0,8.529201
4626.0,10.0,20.0,2.0,100.0,6.1721344
4627.0,20.0,20.0,2.0,100.0,6.7149763
4628.0,40.0,20.0,2.0,100.0,4.299453
4629.0,49.0,20.0,2.0,100.0,3.3601303
4630.0,0.0,20.0,2.0,100.0,0.0
4631.0,0.5,20.0,2.0,100.0,49.08496
4632.0,1.0,20.0,2.0,100.0,24.006943
4633.0,2.0,20.0,2.0,100.0,19.94019
4634.0,3.0,20.0,2.0,100.0,1.1547005
4635.0,5.0,20.0,2.0,100.0,6.859661
4636.0,10.0,20.0,2.0,100.0,3.8707182
4637.0,20.0,20.0,2.0,100.0,3.467873
4638.0,40.0,20.0,2.0,100.0,3.8388596
4639.0,49.0,20.0,2.0,100.0,3.2118204
4640.0,0.0,20.0,2.0,100.0,0.0
4641.0,0.5,20.0,2.0,100.0,45.214302
4642.0,1.0,20.0,2.0,100.0,36.555893
4643.0,2.0,20.0,2.0,100.0,18.293898
4644.0,3.0,20.0,2.0,100.0,8.190905
4645.0,5.0,20.0,2.0,100.0,15.93439
4646.0,10.0,20.0,2.0,100.0,5.513387
4647.0,20.0,20.0,2.0,100.0,5.721081
4648.0,40.0,20.0,2.0,100.0,3.0972688
4649.0,49.0,20.0,2.0,100.0,2.1408722
4650.0,0.0,20.0,2.0,100.0,0.0
4651.0,0.5,20.0,2.0,100.0,0.0
4652.0,1.0,20.0,2.0,100.0,43.015503
4653.0,2.0,20.0,2.0,100.0,5.4072266
4654.0,3.0,20.0,2.0,100.0,22.803509
4655.0,5.0,20.0,2.0,100.0,21.548395
4656.0,10.0,20.0,2.0,100.0,3.4615684
4657.0,20.0,20.0,2.0,100.0,3.0643888
4658.0,40.0,20.0,2.0,100.0,1.8975749
4659.0,49.0,20.0,2.0,100.0,4.960876
4660.0,0.0,20.0,2.0,100.0,0.0
4661.0,0.5,20.0,2.0,100.0,0.0
4662.0,1.0,20.0,2.0,100.0,45.214302
4663.0,2.0,20.0,2.0,100.0,10.263203
4664.0,3.0,20.0,2.0,100.0,44.43347
4665.0,5.0,20.0,2.0,100.0,12.073847
4666.0,10.0,20.0,2.0,100.0,6.8708663
4667.0,20.0,20.0,2.0,100.0,5.677215
4668.0,40.0,20.0,2.0,100.0,3.2573447
4669.0,49.0,20.0,2.0,100.0,1.9724289
4670.0,0.0,20.0,2.0,100.0,0.0
4671.0,0.5,20.0,2.0,100.0,31.895664
4672.0,1.0,20.0,2.0,100.0,33.857544
4673.0,2.0,20.0,2.0,100.0,52.576927
4674.0,3.0,20.0,2.0,100.0,12.727922
4675.0,5.0,20.0,2.0,100.0,8.041558
4676.0,10.0,20.0,2.0,100.0,10.280609
4677.0,20.0,20.0,2.0,100.0,3.4771361
4678.0,40.0,20.0,2.0,100.0,4.1899347
4679.0,49.0,20.0,2.0,100.0,4.25385
4680.0,0.0,20.0,2.0,100.0,0.0
4681.0,0.5,20.0,2.0,100.0,32.316147
4682.0,1.0,20.0,2.0,100.0,0.0
4683.0,2.0,20.0,2.0,100.0,8.919393
4684.0,3.0,20.0,2.0,100.0,15.807172
4685.0,5.0,20.0,2.0,100.0,11.338934
4686.0,10.0,20.0,2.0,100.0,8.6189165
4687.0,20.0,20.0,2.0,100.0,2.9015465
4688.0,40.0,20.0,2.0,100.0,4.5073037
4689.0,49.0,20.0,2.0,100.0,3.7537284
4690.0,0.0,20.0,2.0,100.0,0.0
4691.0,0.5,20.0,2.0,100.0,28.536526
4692.0,1.0,20.0,2.0,100.0,46.801
4693.0,2.0,20.0,2.0,100.0,26.1916
4694.0,3.0,20.0,2.0,100.0,30.91925
4695.0,5.0,20.0,2.0,100.0,35.907288
4696.0,10.0,20.0,2.0,100.0,11.794538
4697.0,20.0,20.0,2.0,100.0,3.9749215
4698.0,40.0,20.0,2.0,100.0,2.9975483
4699.0,49.0,20.0,2.0,100.0,1.9364917
4700.0,0.0,20.0,2.0,100.0,0.0
4701.0,0.5,20.0,2.0,100.0,38.183765
4702.0,1.0,20.0,2.0,100.0,37.872593
4703.0,2.0,20.0,2.0,100.0,4.5122385
4704.0,3.0,20.0,2.0,100.0,22.627417
4705.0,5.0,20.0,2.0,100.0,3.958114
4706.0,10.0,20.0,2.0,100.0,6.434084
4707.0,20.0,20.0,2.0,100.0,4.4827714
4708.0,40.0,20.0,2.0,100.0,1.7737658
4709.0,49.0,20.0,2.0,100.0,2.4828415
4710.0,0.0,20.0,2.0,100.0,0.0
4711.0,0.5,20.0,2.0,100.0,0.0
4712.0,1.0,20.0,2.0,100.0,20.51016
4713.0,2.0,20.0,2.0,100.0,23.484037
4714.0,3.0,20.0,2.0,100.0,18.436506
4715.0,5.0,20.0,2.0,100.0,7.1180525
4716.0,10.0,20.0,2.0,100.0,15.427249
4717.0,20.0,20.0,2.0,100.0,2.5476415
4718.0,40.0,20.0,2.0,100.0,3.6318693
4719.0,49.0,20.0,2.0,100.0,3.955897
4720.0,0.0,20.0,2.0,100.0,0.0
4721.0,0.5,20.0,2.0,100.0,0.0
4722.0,1.0,20.0,2.0,100.0,0.0
4723.0,2.0,20.0,2.0,100.0,12.436505
4724.0,3.0,20.0,2.0,100.0,5.2456155
4725.0,5.0,20.0,2.0,100.0,16.258331
4726.0,10.0,20.0,2.0,100.0,4.414851
4727.0,20.0,20.0,2.0,100.0,2.9735677
4728.0,40.0,20.0,2.0,100.0,5.550633
4729.0,49.0,20.0,2.0,100.0,3.8710842
4730.0,0.0,20.0,2.0,100.0,0.0
4731.0,0.5,20.0,2.0,100.0,0.0
4732.0,1.0,20.0,2.0,100.0,17.895996
4733.0,2.0,20.0,2.0,100.0,19.61292
4734.0,3.0,20.0,2.0,100.0,11.698596
4735.0,5.0,20.0,2.0,100.0,8.538215
4736.0,10.0,20.0,2.0,100.0,4.6621127
4737.0,20.0,20.0,2.0,100.0,4.4002995
4738.0,40.0,20.0,2.0,100.0,4.625736
4739.0,49.0,20.0,2.0,100.0,2.5692003
4740.0,0.0,20.0,2.0,100.0,0.0
4741.0,0.5,20.0,2.0,100.0,14.689376
4742.0,1.0,20.0,2.0,100.0,29.569128
4743.0,2.0,20.0,2.0,100.0,19.013153
4744.0,3.0,20.0,2.0,100.0,3.4438777
4745.0,5.0,20.0,2.0,100.0,5.6002355
4746.0,10.0,20.0,2.0,100.0,5.9135184
4747.0,20.0,20.0,2.0,100.0,5.2828493
4748.0,40.0,20.0,2.0,100.0,3.9868205
4749.0,49.0,20.0,2.0,100.0,2.0470653
4750.0,0.0,20.0,2.0,100.0,0.0
4751.0,0.5,20.0,2.0,100.0,14.101672
4752.0,1.0,20.0,2.0,100.0,37.31398
4753.0,2.0,20.0,2.0,100.0,16.872066
4754.0,3.0,20.0,2.0,100.0,13.425279
4755.0,5.0,20.0,2.0,100.0,21.96209
4756.0,10.0,20.0,2.0,100.0,8.137704
4757.0,20.0,20.0,2.0,100.0,2.7000883
4758.0,40.0,20.0,2.0,100.0,2.6841533
4759.0,49.0,20.0,2.0,100.0,2.3431766
4760.0,0.0,20.0,2.0,100.0,0.0
4761.0,0.5,20.0,2.0,100.0,44.43347
4762.0,1.0,20.0,2.0,100.0,3.7563672
4763.0,2.0,20.0,2.0,100.0,9.512671
4764.0,3.0,20.0,2.0,100.0,6.8534436
4765.0,5.0,20.0,2.0,100.0,11.135529
4766.0,10.0,20.0,2.0,100.0,4.5039663
4767.0,20.0,20.0,2.0,100.0,3.7416575
4768.0,40.0,20.0,2.0,100.0,3.388996
4769.0,49.0,20.0,2.0,100.0,4.1878405
4770.0,0.0,20.0,2.0,100.0,0.0
4771.0,0.5,20.0,2.0,100.0,50.895317
4772.0,1.0,20.0,2.0,100.0,18.991226
4773.0,2.0,20.0,2.0,100.0,32.005207
4774.0,3.0,20.0,2.0,100.0,28.97125
4775.0,5.0,20.0,2.0,100.0,7.450849
4776.0,10.0,20.0,2.0,100.0,6.253822
4777.0,20.0,20.0,2.0,100.0,2.4063408
4778.0,40.0,20.0,2.0,100.0,4.526068
4779.0,49.0,20.0,2.0,100.0,2.8381922
4780.0,0.0,20.0,2.0,100.0,0.0
4781.0,0.5,20.0,2.0,100.0,29.569128
4782.0,1.0,20.0,2.0,100.0,43.661575
4783.0,2.0,20.0,2.0,100.0,19.782146
4784.0,3.0,20.0,2.0,100.0,11.146409
4785.0,5.0,20.0,2.0,100.0,26.495283
4786.0,10.0,20.0,2.0,100.0,5.0379515
4787.0,20.0,20.0,2.0,100.0,3.0968494
4788.0,40.0,20.0,2.0,100.0,3.3294096
4789.0,49.0,20.0,2.0,100.0,3.1595025
4790.0,0.0,20.0,2.0,100.0,0.0
4791.0,0.5,20.0,2.0,100.0,41.404507
4792.0,1.0,20.0,2.0,100.0,7.9342537
4793.0,2.0,20.0,2.0,100.0,21.045303
4794.0,3.0,20.0,2.0,100.0,7.086764
4795.0,5.0,20.0,2.0,100.0,27.141603
4796.0,10.0,20.0,2.0,100.0,3.7919765
4797.0,20.0,20.0,2.0,100.0,4.297286
4798.0,40.0,20.0,2.0,100.0,3.2444284
4799.0,49.0,20.0,2.0,100.0,2.9970748
4800.0,0.0,20.0,2.0,100.0,0.0
4801.0,0.5,20.0,2.0,100.0,32.50128
4802.0,1.0,20.0,2.0,100.0,33.020195
4803.0,2.0,20.0,2.0,100.0,39.501057
4804.0,3.0,20.0,2.0,100.0,12.615184
4805.0,5.0,20.0,2.0,100.0,17.11446
4806.0,10.0,20.0,2.0,100.0,5.6033416
4807.0,20.0,20.0,2.0,100.0,3.716117
4808.0,40.0,20.0,2.0,100.0,2.4270303
4809.0,49.0,20.0,2.0,100.0,3.3803701
4810.0,0.0,20.0,2.0,100.0,0.0
4811.0,0.5,20.0,2.0,100.0,0.0
4812.0,1.0,20.0,2.0,100.0,40.857475
4813.0,2.0,20.0,2.0,100.0,21.851011
4814.0,3.0,20.0,2.0,100.0,5.2051487
4815.0,5.0,20.0,2.0,100.0,9.30005
4816.0,10.0,20.0,2.0,100.0,6.920798
4817.0,20.0,20.0,2.0,100.0,3.7919765
4818.0,40.0,20.0,2.0,100.0,1.64064
4819.0,49.0,20.0,2.0,100.0,3.9230697
4820.0,0.0,20.0,2.0,100.0,19.412909
4821.0,0.5,20.0,2.0,100.0,0.0
4822.0,1.0,20.0,2.0,100.0,35.27511
4823.0,2.0,20.0,2.0,100.0,39.247078
4824.0,3.0,20.0,2.0,100.0,20.9165
4825.0,5.0,20.0,2.0,100.0,2.9481688
4826.0,10.0,20.0,2.0,100.0,3.8274174
4827.0,20.0,20.0,2.0,100.0,3.3470306
4828.0,40.0,20.0,2.0,100.0,2.515564
4829.0,49.0,20.0,2.0,100.0,2.8469744
4830.0,0.0,20.0,2.0,100.0,0.0
4831.0,0.5,20.0,2.0,100.0,15.5670595
4832.0,1.0,20.0,2.0,100.0,13.207742
4833.0,2.0,20.0,2.0,100.0,6.3320804
4834.0,3.0,20.0,2.0,100.0,55.154327
4835.0,5.0,20.0,2.0,100.0,24.262455
4836.0,10.0,20.0,2.0,100.0,4.594594
4837.0,20.0,20.0,2.0,100.0,3.1770375
4838.0,40.0,20.0,2.0,100.0,3.5251808
4839.0,49.0,20.0,2.0,100.0,4.8971887
4840.0,0.0,20.0,2.0,100.0,0.0
4841.0,0.5,20.0,2.0,100.0,28.00595
4842.0,1.0,20.0,2.0,100.0,20.215506
4843.0,2.0,20.0,2.0,100.0,11.23981
4844.0,3.0,20.0,2.0,100.0,8.488852
4845.0,5.0,20.0,2.0,100.0,15.556349
4846.0,10.0,20.0,2.0,100.0,3.1477768
4847.0,20.0,20.0,2.0,100.0,4.2817445
4848.0,40.0,20.0,2.0,100.0,2.5080822
4849.0,49.0,20.0,2.0,100.0,3.6865263
4850.0,0.0,20.0,2.0,100.0,0.0
4851.0,0.5,20.0,2.0,100.0,44.43347
4852.0,1.0,20.0,2.0,100.0,13.896442
4853.0,2.0,20.0,2.0,100.0,32.50128
4854.0,3.0,20.0,2.0,100.0,18.17324
4855.0,5.0,20.0,2.0,100.0,9.330325
4856.0,10.0,20.0,2.0,100.0,2.9479613
4857.0,20.0,20.0,2.0,100.0,3.515721
4858.0,40.0,20.0,2.0,100.0,2.5351331
4859.0,49.0,20.0,2.0,100.0,1.6832508
4860.0,0.0,20.0,2.0,100.0,17.904509
4861.0,0.5,20.0,2.0,100.0,35.921207
4862.0,1.0,20.0,2.0,100.0,22.256086
4863.0,2.0,20.0,2.0,100.0,22.580229
4864.0,3.0,20.0,2.0,100.0,9.247512
4865.0,5.0,20.0,2.0,100.0,16.080156
4866.0,10.0,20.0,2.0,100.0,9.061518
4867.0,20.0,20.0,2.0,100.0,4.082483
4868.0,40.0,20.0,2.0,100.0,3.8563385
4869.0,49.0,20.0,2.0,100.0,2.2339375
4870.0,0.0,20.0,2.0,100.0,0.0
4871.0,0.5,20.0,2.0,100.0,0.0
4872.0,1.0,20.0,2.0,100.0,46.003624
4873.0,2.0,20.0,2.0,100.0,19.986662
4874.0,3.0,20.0,2.0,100.0,4.9136324
4875.0,5.0,20.0,2.0,100.0,6.6547513
4876.0,10.0,20.0,2.0,100.0,3.5835884
4877.0,20.0,20.0,2.0,100.0,5.1079264
4878.0,40.0,20.0,2.0,100.0,2.0803998
4879.0,49.0,20.0,2.0,100.0,4.7286673
4880.0,0.0,20.0,2.0,100.0,0.0
4881.0,0.5,20.0,2.0,100.0,41.198704
4882.0,1.0,20.0,2.0,100.0,12.083046
4883.0,2.0,20.0,2.0,100.0,29.569128
4884.0,3.0,20.0,2.0,100.0,21.472464
4885.0,5.0,20.0,2.0,100.0,11.580635
4886.0,10.0,20.0,2.0,100.0,10.615597
4887.0,20.0,20.0,2.0,100.0,3.1796687
4888.0,40.0,20.0,2.0,100.0,2.6815066
4889.0,49.0,20.0,2.0,100.0,2.9015462
4890.0,0.0,20.0,2.0,100.0,4.4564886
4891.0,0.5,20.0,2.0,100.0,39.004272
4892.0,1.0,20.0,2.0,100.0,0.0
4893.0,2.0,20.0,2.0,100.0,17.320509
4894.0,3.0,20.0,2.0,100.0,20.126268
4895.0,5.0,20.0,2.0,100.0,13.806199
4896.0,10.0,20.0,2.0,100.0,7.149147
4897.0,20.0,20.0,2.0,100.0,2.546624
4898.0,40.0,20.0,2.0,100.0,2.2685335
4899.0,49.0,20.0,2.0,100.0,4.5713716
4900.0,0.0,20.0,2.0,100.0,0.0
4901.0,0.5,20.0,2.0,100.0,0.0
4902.0,1.0,20.0,2.0,100.0,26.944387
4903.0,2.0,20.0,2.0,100.0,36.064754
4904.0,3.0,20.0,2.0,100.0,26.501574
4905.0,5.0,20.0,2.0,100.0,9.824653
4906.0,10.0,20.0,2.0,100.0,24.39399
4907.0,20.0,20.0,2.0,100.0,6.4291005
4908.0,40.0,20.0,2.0,100.0,2.9784803
4909.0,49.0,20.0,2.0,100.0,3.4364989
4910.0,0.0,20.0,2.0,100.0,0.0
4911.0,0.5,20.0,2.0,100.0,47.60602
4912.0,1.0,20.0,2.0,100.0,35.921207
4913.0,2.0,20.0,2.0,100.0,21.213203
4914.0,3.0,20.0,2.0,100.0,8.069146
4915.0,5.0,20.0,2.0,100.0,10.142047
4916.0,10.0,20.0,2.0,100.0,7.8333335
4917.0,20.0,20.0,2.0,100.0,3.6496935
4918.0,40.0,20.0,2.0,100.0,2.1095536
4919.0,49.0,20.0,2.0,100.0,3.38037
4920.0,0.0,20.0,2.0,100.0,0.0
4921.0,0.5,20.0,2.0,100.0,0.0
4922.0,1.0,20.0,2.0,100.0,17.785763
4923.0,2.0,20.0,2.0,100.0,30.989246
4924.0,3.0,20.0,2.0,100.0,11.113055
4925.0,5.0,20.0,2.0,100.0,14.35657
4926.0,10.0,20.0,2.0,100.0,11.384687
4927.0,20.0,20.0,2.0,100.0,5.467855
4928.0,40.0,20.0,2.0,100.0,2.5080822
4929.0,49.0,20.0,2.0,100.0,3.2078772
4930.0,0.0,20.0,2.0,100.0,0.0
4931.0,0.5,20.0,2.0,100.0,0.0
4932.0,1.0,20.0,2.0,100.0,32.316147
4933.0,2.0,20.0,2.0,100.0,3.5093863
4934.0,3.0,20.0,2.0,100.0,4.896736
4935.0,5.0,20.0,2.0,100.0,19.416489
4936.0,10.0,20.0,2.0,100.0,1.7922392
4937.0,20.0,20.0,2.0,100.0,2.3767884
4938.0,40.0,20.0,2.0,100.0,4.2113295
4939.0,49.0,20.0,2.0,100.0,2.9479613
4940.0,0.0,20.0,2.0,100.0,0.0
4941.0,0.5,20.0,2.0,100.0,0.0
4942.0,1.0,20.0,2.0,100.0,24.232998
4943.0,2.0,20.0,2.0,100.0,7.9522376
4944.0,3.0,20.0,2.0,100.0,5.9336996
4945.0,5.0,20.0,2.0,100.0,6.0897436
4946.0,10.0,20.0,2.0,100.0,5.6391487
4947.0,20.0,20.0,2.0,100.0,3.2964628
4948.0,40.0,20.0,2.0,100.0,3.2573445
4949.0,49.0,20.0,2.0,100.0,3.0806615
4950.0,0.0,20.0,2.0,100.0,0.0
4951.0,0.5,20.0,2.0,100.0,30.270998
4952.0,1.0,20.0,2.0,100.0,25.423088
4953.0,2.0,20.0,2.0,100.0,30.435724
4954.0,3.0,20.0,2.0,100.0,15.095253
4955.0,5.0,20.0,2.0,100.0,14.36265
4956.0,10.0,20.0,2.0,100.0,8.237785
4957.0,20.0,20.0,2.0,100.0,3.1101775
4958.0,40.0,20.0,2.0,100.0,2.8793187
4959.0,49.0,20.0,2.0,100.0,2.8966317
4960.0,0.0,20.0,2.0,100.0,0.0
4961.0,0.5,20.0,2.0,100.0,0.0
4962.0,1.0,20.0,2.0,100.0,0.0
4963.0,2.0,20.0,2.0,100.0,46.003624
4964.0,3.0,20.0,2.0,100.0,39.247078
4965.0,5.0,20.0,2.0,100.0,2.1449454
4966.0,10.0,20.0,2.0,100.0,4.2702804
4967.0,20.0,20.0,2.0,100.0,4.1758723
4968.0,40.0,20.0,2.0,100.0,4.344116
4969.0,49.0,20.0,2.0,100.0,2.700088
4970.0,0.0,20.0,2.0,100.0,0.0
4971.0,0.5,20.0,2.0,100.0,30.022213
4972.0,1.0,20.0,2.0,100.0,40.00833
4973.0,2.0,20.0,2.0,100.0,29.263174
4974.0,3.0,20.0,2.0,100.0,13.432961
4975.0,5.0,20.0,2.0,100.0,14.918828
4976.0,10.0,20.0,2.0,100.0,2.4063408
4977.0,20.0,20.0,2.0,100.0,2.7070396
4978.0,40.0,20.0,2.0,100.0,2.5131235
4979.0,49.0,20.0,2.0,100.0,5.1915684
4980.0,0.0,20.0,2.0,100.0,0.0
4981.0,0.5,20.0,2.0,100.0,0.0
4982.0,1.0,20.0,2.0,100.0,32.005207
4983.0,2.0,20.0,2.0,100.0,32.67262
4984.0,3.0,20.0,2.0,100.0,16.763054
4985.0,5.0,20.0,2.0,100.0,8.397845
4986.0,10.0,20.0,2.0,100.0,6.9542155
4987.0,20.0,20.0,2.0,100.0,3.789498
4988.0,40.0,20.0,2.0,100.0,1.5275252
4989.0,49.0,20.0,2.0,100.0,4.385806
4990.0,0.0,20.0,2.0,100.0,0.0
4991.0,0.5,20.0,2.0,100.0,0.0
4992.0,1.0,20.0,2.0,100.0,0.0
4993.0,2.0,20.0,2.0,100.0,28.00595
4994.0,3.0,20.0,2.0,100.0,6.3922067
4995.0,5.0,20.0,2.0,100.0,14.476582
4996.0,10.0,20.0,2.0,100.0,6.6400986
4997.0,20.0,20.0,2.0,100.0,3.5496478
4998.0,40.0,20.0,2.0,100.0,4.196462
4999.0,49.0,20.0,2.0,100.0,2.825324
