Factor 1,Factor 2,Factor 3,Factor 4,Factor 5,Result 1
0.0,0.0,20.0,2.0,100.0,13.92
1.0,0.5,20.0,2.0,100.0,9.45
2.0,1.0,20.0,2.0,100.0,18.47
3.0,2.0,20.0,2.0,100.0,13.54
4.0,3.0,20.0,2.0,100.0,13.2
5.0,5.0,20.0,2.0,100.0,8.86
6.0,10.0,20.0,2.0,100.0,8.99
7.0,20.0,20.0,2.0,100.0,9.73
8.0,40.0,20.0,2.0,100.0,8.28
9.0,49.0,20.0,2.0,100.0,7.79
10.0,0.0,20.0,2.0,100.0,12.63
11.0,0.5,20.0,2.0,100.0,13.2
12.0,1.0,20.0,2.0,100.0,8.88
13.0,2.0,20.0,2.0,100.0,7.74
14.0,3.0,20.0,2.0,100.0,11.06
15.0,5.0,20.0,2.0,100.0,9.1
16.0,10.0,20.0,2.0,100.0,9.91
17.0,20.0,20.0,2.0,100.0,9.43
18.0,40.0,20.0,2.0,100.0,8.03
19.0,49.0,20.0,2.0,100.0,15.15
20.0,0.0,20.0,2.0,100.0,12.83
21.0,0.5,20.0,2.0,100.0,23.52
22.0,1.0,20.0,2.0,100.0,10.97
23.0,2.0,20.0,2.0,100.0,9.95
24.0,3.0,20.0,2.0,100.0,8.52
25.0,5.0,20.0,2.0,100.0,9.72
26.0,10.0,20.0,2.0,100.0,9.15
27.0,20.0,20.0,2.0,100.0,7.88
28.0,40.0,20.0,2.0,100.0,12.19
29.0,49.0,20.0,2.0,100.0,8.26
30.0,0.0,20.0,2.0,100.0,8.51
31.0,0.5,20.0,2.0,100.0,20.47
32.0,1.0,20.0,2.0,100.0,14.57
33.0,2.0,20.0,2.0,100.0,12.33
34.0,3.0,20.0,2.0,100.0,8.26
35.0,5.0,20.0,2.0,100.0,10.65
36.0,10.0,20.0,2.0,100.0,8.37
37.0,20.0,20.0,2.0,100.0,9.64
38.0,40.0,20.0,2.0,100.0,11.25
39.0,49.0,20.0,2.0,100.0,12.35
40.0,0.0,20.0,2.0,100.0,15.45
41.0,0.5,20.0,2.0,100.0,12.85
42.0,1.0,20.0,2.0,100.0,9.99
43.0,2.0,20.0,2.0,100.0,9.47
44.0,3.0,20.0,2.0,100.0,28.48
45.0,5.0,20.0,2.0,100.0,9.26
46.0,10.0,20.0,2.0,100.0,9.39
47.0,20.0,20.0,2.0,100.0,9.39
48.0,40.0,20.0,2.0,100.0,9.61
49.0,49.0,20.0,2.0,100.0,10.57
50.0,0.0,20.0,2.0,100.0,12.11
51.0,0.5,20.0,2.0,100.0,25.61
52.0,1.0,20.0,2.0,100.0,17.18
53.0,2.0,20.0,2.0,100.0,8.84
54.0,3.0,20.0,2.0,100.0,13.4
55.0,5.0,20.0,2.0,100.0,9.62
56.0,10.0,20.0,2.0,100.0,7.86
57.0,20.0,20.0,2.0,100.0,9.14
58.0,40.0,20.0,2.0,100.0,9.58
59.0,49.0,20.0,2.0,100.0,8.9
60.0,0.0,20.0,2.0,100.0,14.58
61.0,0.5,20.0,2.0,100.0,15.23
62.0,1.0,20.0,2.0,100.0,11.75
63.0,2.0,20.0,2.0,100.0,16.84
64.0,3.0,20.0,2.0,100.0,10.72
65.0,5.0,20.0,2.0,100.0,11.49
66.0,10.0,20.0,2.0,100.0,9.02
67.0,20.0,20.0,2.0,100.0,9.6
68.0,40.0,20.0,2.0,100.0,7.76
69.0,49.0,20.0,2.0,100.0,8.79
70.0,0.0,20.0,2.0,100.0,15.68
71.0,0.5,20.0,2.0,100.0,24.57
72.0,1.0,20.0,2.0,100.0,25.93
73.0,2.0,20.0,2.0,100.0,16.02
74.0,3.0,20.0,2.0,100.0,16.35
75.0,5.0,20.0,2.0,100.0,9.51
76.0,10.0,20.0,2.0,100.0,11.59
77.0,20.0,20.0,2.0,100.0,9.83
78.0,40.0,20.0,2.0,100.0,9.25
79.0,49.0,20.0,2.0,100.0,9.95
80.0,0.0,20.0,2.0,100.0,26.87
81.0,0.5,20.0,2.0,100.0,17.74
82.0,1.0,20.0,2.0,100.0,9.61
83.0,2.0,20.0,2.0,100.0,11.97
84.0,3.0,20.0,2.0,100.0,9.09
85.0,5.0,20.0,2.0,100.0,11.17
86.0,10.0,20.0,2.0,100.0,10.59
87.0,20.0,20.0,2.0,100.0,8.33
88.0,40.0,20.0,2.0,100.0,9.8
89.0,49.0,20.0,2.0,100.0,9.87
90.0,0.0,20.0,2.0,100.0,22.26
91.0,0.5,20.0,2.0,100.0,28.33
92.0,1.0,20.0,2.0,100.0,10.1
93.0,2.0,20.0,2.0,100.0,10.07
94.0,3.0,20.0,2.0,100.0,8.82
95.0,5.0,20.0,2.0,100.0,8.63
96.0,10.0,20.0,2.0,100.0,9.13
97.0,20.0,20.0,2.0,100.0,8.56
98.0,40.0,20.0,2.0,100.0,8.98
99.0,49.0,20.0,2.0,100.0,8.0
100.0,0.0,20.0,2.0,100.0,18.6
101.0,0.5,20.0,2.0,100.0,23.38
102.0,1.0,20.0,2.0,100.0,9.25
103.0,2.0,20.0,2.0,100.0,14.26
104.0,3.0,20.0,2.0,100.0,9.54
105.0,5.0,20.0,2.0,100.0,8.62
106.0,10.0,20.0,2.0,100.0,9.0
107.0,20.0,20.0,2.0,100.0,9.9
108.0,40.0,20.0,2.0,100.0,9.48
109.0,49.0,20.0,2.0,100.0,8.35
110.0,0.0,20.0,2.0,100.0,25.06
111.0,0.5,20.0,2.0,100.0,9.13
112.0,1.0,20.0,2.0,100.0,8.74
113.0,2.0,20.0,2.0,100.0,10.53
114.0,3.0,20.0,2.0,100.0,9.45
115.0,5.0,20.0,2.0,100.0,8.48
116.0,10.0,20.0,2.0,100.0,10.38
117.0,20.0,20.0,2.0,100.0,8.73
118.0,40.0,20.0,2.0,100.0,9.04
119.0,49.0,20.0,2.0,100.0,9.2
120.0,0.0,20.0,2.0,100.0,24.18
121.0,0.5,20.0,2.0,100.0,21.91
122.0,1.0,20.0,2.0,100.0,12.77
123.0,2.0,20.0,2.0,100.0,18.66
124.0,3.0,20.0,2.0,100.0,10.26
125.0,5.0,20.0,2.0,100.0,13.36
126.0,10.0,20.0,2.0,100.0,8.96
127.0,20.0,20.0,2.0,100.0,12.17
128.0,40.0,20.0,2.0,100.0,7.66
129.0,49.0,20.0,2.0,100.0,8.44
130.0,0.0,20.0,2.0,100.0,24.43
131.0,0.5,20.0,2.0,100.0,12.75
132.0,1.0,20.0,2.0,100.0,10.19
133.0,2.0,20.0,2.0,100.0,15.06
134.0,3.0,20.0,2.0,100.0,10.19
135.0,5.0,20.0,2.0,100.0,9.45
136.0,10.0,20.0,2.0,100.0,11.13
137.0,20.0,20.0,2.0,100.0,9.78
138.0,40.0,20.0,2.0,100.0,11.32
139.0,49.0,20.0,2.0,100.0,9.06
140.0,0.0,20.0,2.0,100.0,16.34
141.0,0.5,20.0,2.0,100.0,12.22
142.0,1.0,20.0,2.0,100.0,9.38
143.0,2.0,20.0,2.0,100.0,11.9
144.0,3.0,20.0,2.0,100.0,17.51
145.0,5.0,20.0,2.0,100.0,8.3
146.0,10.0,20.0,2.0,100.0,9.9
147.0,20.0,20.0,2.0,100.0,8.24
148.0,40.0,20.0,2.0,100.0,9.99
149.0,49.0,20.0,2.0,100.0,14.56
150.0,0.0,20.0,2.0,100.0,18.52
151.0,0.5,20.0,2.0,100.0,23.99
152.0,1.0,20.0,2.0,100.0,11.42
153.0,2.0,20.0,2.0,100.0,10.89
154.0,3.0,20.0,2.0,100.0,9.18
155.0,5.0,20.0,2.0,100.0,8.08
156.0,10.0,20.0,2.0,100.0,9.98
157.0,20.0,20.0,2.0,100.0,8.05
158.0,40.0,20.0,2.0,100.0,10.22
159.0,49.0,20.0,2.0,100.0,11.95
160.0,0.0,20.0,2.0,100.0,10.26
161.0,0.5,20.0,2.0,100.0,12.68
162.0,1.0,20.0,2.0,100.0,14.73
163.0,2.0,20.0,2.0,100.0,8.32
164.0,3.0,20.0,2.0,100.0,16.05
165.0,5.0,20.0,2.0,100.0,8.63
166.0,10.0,20.0,2.0,100.0,10.11
167.0,20.0,20.0,2.0,100.0,10.11
168.0,40.0,20.0,2.0,100.0,9.31
169.0,49.0,20.0,2.0,100.0,11.02
170.0,0.0,20.0,2.0,100.0,15.49
171.0,0.5,20.0,2.0,100.0,13.76
172.0,1.0,20.0,2.0,100.0,15.72
173.0,2.0,20.0,2.0,100.0,8.6
174.0,3.0,20.0,2.0,100.0,10.11
175.0,5.0,20.0,2.0,100.0,8.46
176.0,10.0,20.0,2.0,100.0,8.54
177.0,20.0,20.0,2.0,100.0,8.07
178.0,40.0,20.0,2.0,100.0,8.11
179.0,49.0,20.0,2.0,100.0,10.72
180.0,0.0,20.0,2.0,100.0,13.95
181.0,0.5,20.0,2.0,100.0,27.15
182.0,1.0,20.0,2.0,100.0,18.96
183.0,2.0,20.0,2.0,100.0,8.61
184.0,3.0,20.0,2.0,100.0,11.72
185.0,5.0,20.0,2.0,100.0,9.58
186.0,10.0,20.0,2.0,100.0,9.47
187.0,20.0,20.0,2.0,100.0,9.27
188.0,40.0,20.0,2.0,100.0,16.83
189.0,49.0,20.0,2.0,100.0,16.43
190.0,0.0,20.0,2.0,100.0,14.37
191.0,0.5,20.0,2.0,100.0,13.37
192.0,1.0,20.0,2.0,100.0,13.87
193.0,2.0,20.0,2.0,100.0,19.59
194.0,3.0,20.0,2.0,100.0,10.94
195.0,5.0,20.0,2.0,100.0,9.43
196.0,10.0,20.0,2.0,100.0,9.89
197.0,20.0,20.0,2.0,100.0,10.32
198.0,40.0,20.0,2.0,100.0,9.25
199.0,49.0,20.0,2.0,100.0,9.29
200.0,0.0,20.0,2.0,100.0,13.8
201.0,0.5,20.0,2.0,100.0,14.91
202.0,1.0,20.0,2.0,100.0,11.62
203.0,2.0,20.0,2.0,100.0,16.77
204.0,3.0,20.0,2.0,100.0,17.88
205.0,5.0,20.0,2.0,100.0,13.44
206.0,10.0,20.0,2.0,100.0,7.66
207.0,20.0,20.0,2.0,100.0,8.31
208.0,40.0,20.0,2.0,100.0,8.9
209.0,49.0,20.0,2.0,100.0,14.14
210.0,0.0,20.0,2.0,100.0,16.28
211.0,0.5,20.0,2.0,100.0,11.83
212.0,1.0,20.0,2.0,100.0,24.82
213.0,2.0,20.0,2.0,100.0,16.71
214.0,3.0,20.0,2.0,100.0,8.92
215.0,5.0,20.0,2.0,100.0,9.0
216.0,10.0,20.0,2.0,100.0,8.34
217.0,20.0,20.0,2.0,100.0,12.53
218.0,40.0,20.0,2.0,100.0,8.34
219.0,49.0,20.0,2.0,100.0,14.66
220.0,0.0,20.0,2.0,100.0,16.51
221.0,0.5,20.0,2.0,100.0,22.41
222.0,1.0,20.0,2.0,100.0,13.08
223.0,2.0,20.0,2.0,100.0,11.49
224.0,3.0,20.0,2.0,100.0,12.51
225.0,5.0,20.0,2.0,100.0,9.35
226.0,10.0,20.0,2.0,100.0,10.01
227.0,20.0,20.0,2.0,100.0,8.35
228.0,40.0,20.0,2.0,100.0,12.43
229.0,49.0,20.0,2.0,100.0,10.04
230.0,0.0,20.0,2.0,100.0,19.99
231.0,0.5,20.0,2.0,100.0,22.55
232.0,1.0,20.0,2.0,100.0,10.43
233.0,2.0,20.0,2.0,100.0,10.78
234.0,3.0,20.0,2.0,100.0,14.19
235.0,5.0,20.0,2.0,100.0,10.03
236.0,10.0,20.0,2.0,100.0,8.04
237.0,20.0,20.0,2.0,100.0,8.26
238.0,40.0,20.0,2.0,100.0,11.93
239.0,49.0,20.0,2.0,100.0,8.13
240.0,0.0,20.0,2.0,100.0,23.14
241.0,0.5,20.0,2.0,100.0,16.59
242.0,1.0,20.0,2.0,100.0,9.78
243.0,2.0,20.0,2.0,100.0,10.62
244.0,3.0,20.0,2.0,100.0,9.41
245.0,5.0,20.0,2.0,100.0,9.08
246.0,10.0,20.0,2.0,100.0,10.64
247.0,20.0,20.0,2.0,100.0,9.8
248.0,40.0,20.0,2.0,100.0,9.31
249.0,49.0,20.0,2.0,100.0,12.38
250.0,0.0,20.0,2.0,100.0,18.6
251.0,0.5,20.0,2.0,100.0,20.43
252.0,1.0,20.0,2.0,100.0,13.85
253.0,2.0,20.0,2.0,100.0,13.13
254.0,3.0,20.0,2.0,100.0,13.27
255.0,5.0,20.0,2.0,100.0,9.18
256.0,10.0,20.0,2.0,100.0,8.88
257.0,20.0,20.0,2.0,100.0,10.77
258.0,40.0,20.0,2.0,100.0,10.6
259.0,49.0,20.0,2.0,100.0,11.53
260.0,0.0,20.0,2.0,100.0,13.35
261.0,0.5,20.0,2.0,100.0,24.23
262.0,1.0,20.0,2.0,100.0,13.29
263.0,2.0,20.0,2.0,100.0,14.99
264.0,3.0,20.0,2.0,100.0,9.8
265.0,5.0,20.0,2.0,100.0,8.53
266.0,10.0,20.0,2.0,100.0,8.6
267.0,20.0,20.0,2.0,100.0,10.0
268.0,40.0,20.0,2.0,100.0,8.79
269.0,49.0,20.0,2.0,100.0,13.16
270.0,0.0,20.0,2.0,100.0,27.18
271.0,0.5,20.0,2.0,100.0,13.68
272.0,1.0,20.0,2.0,100.0,13.73
273.0,2.0,20.0,2.0,100.0,8.5
274.0,3.0,20.0,2.0,100.0,10.4
275.0,5.0,20.0,2.0,100.0,11.19
276.0,10.0,20.0,2.0,100.0,8.51
277.0,20.0,20.0,2.0,100.0,9.83
278.0,40.0,20.0,2.0,100.0,10.6
279.0,49.0,20.0,2.0,100.0,9.48
280.0,0.0,20.0,2.0,100.0,24.31
281.0,0.5,20.0,2.0,100.0,19.66
282.0,1.0,20.0,2.0,100.0,12.25
283.0,2.0,20.0,2.0,100.0,10.16
284.0,3.0,20.0,2.0,100.0,14.65
285.0,5.0,20.0,2.0,100.0,8.82
286.0,10.0,20.0,2.0,100.0,9.19
287.0,20.0,20.0,2.0,100.0,8.49
288.0,40.0,20.0,2.0,100.0,8.0
289.0,49.0,20.0,2.0,100.0,11.53
290.0,0.0,20.0,2.0,100.0,14.44
291.0,0.5,20.0,2.0,100.0,14.25
292.0,1.0,20.0,2.0,100.0,18.1
293.0,2.0,20.0,2.0,100.0,10.33
294.0,3.0,20.0,2.0,100.0,10.88
295.0,5.0,20.0,2.0,100.0,8.11
296.0,10.0,20.0,2.0,100.0,10.09
297.0,20.0,20.0,2.0,100.0,11.24
298.0,40.0,20.0,2.0,100.0,8.24
299.0,49.0,20.0,2.0,100.0,9.48
300.0,0.0,20.0,2.0,100.0,25.18
301.0,0.5,20.0,2.0,100.0,18.59
302.0,1.0,20.0,2.0,100.0,9.32
303.0,2.0,20.0,2.0,100.0,9.53
304.0,3.0,20.0,2.0,100.0,10.76
305.0,5.0,20.0,2.0,100.0,10.34
306.0,10.0,20.0,2.0,100.0,10.28
307.0,20.0,20.0,2.0,100.0,9.26
308.0,40.0,20.0,2.0,100.0,11.25
309.0,49.0,20.0,2.0,100.0,11.55
310.0,0.0,20.0,2.0,100.0,22.07
311.0,0.5,20.0,2.0,100.0,15.12
312.0,1.0,20.0,2.0,100.0,13.72
313.0,2.0,20.0,2.0,100.0,11.87
314.0,3.0,20.0,2.0,100.0,10.17
315.0,5.0,20.0,2.0,100.0,9.96
316.0,10.0,20.0,2.0,100.0,10.79
317.0,20.0,20.0,2.0,100.0,8.63
318.0,40.0,20.0,2.0,100.0,10.66
319.0,49.0,20.0,2.0,100.0,9.77
320.0,0.0,20.0,2.0,100.0,18.42
321.0,0.5,20.0,2.0,100.0,14.71
322.0,1.0,20.0,2.0,100.0,11.66
323.0,2.0,20.0,2.0,100.0,13.65
324.0,3.0,20.0,2.0,100.0,10.43
325.0,5.0,20.0,2.0,100.0,8.41
326.0,10.0,20.0,2.0,100.0,8.12
327.0,20.0,20.0,2.0,100.0,9.02
328.0,40.0,20.0,2.0,100.0,9.24
329.0,49.0,20.0,2.0,100.0,8.72
330.0,0.0,20.0,2.0,100.0,22.78
331.0,0.5,20.0,2.0,100.0,18.97
332.0,1.0,20.0,2.0,100.0,10.7
333.0,2.0,20.0,2.0,100.0,10.8
334.0,3.0,20.0,2.0,100.0,14.93
335.0,5.0,20.0,2.0,100.0,9.67
336.0,10.0,20.0,2.0,100.0,10.57
337.0,20.0,20.0,2.0,100.0,8.9
338.0,40.0,20.0,2.0,100.0,10.86
339.0,49.0,20.0,2.0,100.0,9.63
340.0,0.0,20.0,2.0,100.0,11.81
341.0,0.5,20.0,2.0,100.0,16.31
342.0,1.0,20.0,2.0,100.0,11.51
343.0,2.0,20.0,2.0,100.0,9.89
344.0,3.0,20.0,2.0,100.0,9.23
345.0,5.0,20.0,2.0,100.0,9.16
346.0,10.0,20.0,2.0,100.0,9.62
347.0,20.0,20.0,2.0,100.0,9.32
348.0,40.0,20.0,2.0,100.0,11.26
349.0,49.0,20.0,2.0,100.0,15.34
350.0,0.0,20.0,2.0,100.0,20.13
351.0,0.5,20.0,2.0,100.0,24.29
352.0,1.0,20.0,2.0,100.0,9.28
353.0,2.0,20.0,2.0,100.0,16.63
354.0,3.0,20.0,2.0,100.0,9.48
355.0,5.0,20.0,2.0,100.0,9.11
356.0,10.0,20.0,2.0,100.0,12.11
357.0,20.0,20.0,2.0,100.0,10.93
358.0,40.0,20.0,2.0,100.0,9.72
359.0,49.0,20.0,2.0,100.0,7.94
360.0,0.0,20.0,2.0,100.0,12.12
361.0,0.5,20.0,2.0,100.0,20.53
362.0,1.0,20.0,2.0,100.0,19.8
363.0,2.0,20.0,2.0,100.0,13.71
364.0,3.0,20.0,2.0,100.0,8.7
365.0,5.0,20.0,2.0,100.0,12.72
366.0,10.0,20.0,2.0,100.0,8.74
367.0,20.0,20.0,2.0,100.0,9.05
368.0,40.0,20.0,2.0,100.0,9.05
369.0,49.0,20.0,2.0,100.0,10.26
370.0,0.0,20.0,2.0,100.0,24.97
371.0,0.5,20.0,2.0,100.0,12.54
372.0,1.0,20.0,2.0,100.0,16.19
373.0,2.0,20.0,2.0,100.0,9.34
374.0,3.0,20.0,2.0,100.0,12.9
375.0,5.0,20.0,2.0,100.0,7.77
376.0,10.0,20.0,2.0,100.0,8.55
377.0,20.0,20.0,2.0,100.0,9.98
378.0,40.0,20.0,2.0,100.0,15.1
379.0,49.0,20.0,2.0,100.0,9.09
380.0,0.0,20.0,2.0,100.0,25.77
381.0,0.5,20.0,2.0,100.0,15.43
382.0,1.0,20.0,2.0,100.0,9.09
383.0,2.0,20.0,2.0,100.0,23.28
384.0,3.0,20.0,2.0,100.0,9.46
385.0,5.0,20.0,2.0,100.0,10.46
386.0,10.0,20.0,2.0,100.0,9.35
387.0,20.0,20.0,2.0,100.0,9.34
388.0,40.0,20.0,2.0,100.0,8.86
389.0,49.0,20.0,2.0,100.0,8.32
390.0,0.0,20.0,2.0,100.0,12.47
391.0,0.5,20.0,2.0,100.0,8.52
392.0,1.0,20.0,2.0,100.0,11.26
393.0,2.0,20.0,2.0,100.0,8.99
394.0,3.0,20.0,2.0,100.0,10.08
395.0,5.0,20.0,2.0,100.0,10.06
396.0,10.0,20.0,2.0,100.0,8.55
397.0,20.0,20.0,2.0,100.0,8.17
398.0,40.0,20.0,2.0,100.0,8.66
399.0,49.0,20.0,2.0,100.0,14.91
400.0,0.0,20.0,2.0,100.0,23.31
401.0,0.5,20.0,2.0,100.0,11.23
402.0,1.0,20.0,2.0,100.0,13.82
403.0,2.0,20.0,2.0,100.0,12.45
404.0,3.0,20.0,2.0,100.0,8.17
405.0,5.0,20.0,2.0,100.0,10.33
406.0,10.0,20.0,2.0,100.0,8.2
407.0,20.0,20.0,2.0,100.0,10.33
408.0,40.0,20.0,2.0,100.0,8.25
409.0,49.0,20.0,2.0,100.0,12.31
410.0,0.0,20.0,2.0,100.0,12.63
411.0,0.5,20.0,2.0,100.0,14.08
412.0,1.0,20.0,2.0,100.0,20.1
413.0,2.0,20.0,2.0,100.0,10.27
414.0,3.0,20.0,2.0,100.0,11.15
415.0,5.0,20.0,2.0,100.0,9.11
416.0,10.0,20.0,2.0,100.0,10.95
417.0,20.0,20.0,2.0,100.0,8.05
418.0,40.0,20.0,2.0,100.0,11.3
419.0,49.0,20.0,2.0,100.0,9.62
420.0,0.0,20.0,2.0,100.0,14.1
421.0,0.5,20.0,2.0,100.0,12.93
422.0,1.0,20.0,2.0,100.0,14.43
423.0,2.0,20.0,2.0,100.0,20.88
424.0,3.0,20.0,2.0,100.0,9.65
425.0,5.0,20.0,2.0,100.0,11.21
426.0,10.0,20.0,2.0,100.0,9.29
427.0,20.0,20.0,2.0,100.0,9.99
428.0,40.0,20.0,2.0,100.0,9.67
429.0,49.0,20.0,2.0,100.0,9.71
430.0,0.0,20.0,2.0,100.0,23.97
431.0,0.5,20.0,2.0,100.0,13.13
432.0,1.0,20.0,2.0,100.0,16.71
433.0,2.0,20.0,2.0,100.0,15.48
434.0,3.0,20.0,2.0,100.0,16.9
435.0,5.0,20.0,2.0,100.0,10.8
436.0,10.0,20.0,2.0,100.0,10.38
437.0,20.0,20.0,2.0,100.0,9.16
438.0,40.0,20.0,2.0,100.0,10.46
439.0,49.0,20.0,2.0,100.0,13.44
440.0,0.0,20.0,2.0,100.0,19.68
441.0,0.5,20.0,2.0,100.0,26.21
442.0,1.0,20.0,2.0,100.0,15.0
443.0,2.0,20.0,2.0,100.0,16.47
444.0,3.0,20.0,2.0,100.0,10.53
445.0,5.0,20.0,2.0,100.0,13.59
446.0,10.0,20.0,2.0,100.0,9.73
447.0,20.0,20.0,2.0,100.0,9.32
448.0,40.0,20.0,2.0,100.0,8.65
449.0,49.0,20.0,2.0,100.0,11.79
450.0,0.0,20.0,2.0,100.0,27.18
451.0,0.5,20.0,2.0,100.0,20.09
452.0,1.0,20.0,2.0,100.0,9.87
453.0,2.0,20.0,2.0,100.0,13.15
454.0,3.0,20.0,2.0,100.0,7.71
455.0,5.0,20.0,2.0,100.0,9.26
456.0,10.0,20.0,2.0,100.0,11.33
457.0,20.0,20.0,2.0,100.0,9.15
458.0,40.0,20.0,2.0,100.0,10.48
459.0,49.0,20.0,2.0,100.0,9.21
460.0,0.0,20.0,2.0,100.0,13.75
461.0,0.5,20.0,2.0,100.0,24.03
462.0,1.0,20.0,2.0,100.0,19.64
463.0,2.0,20.0,2.0,100.0,13.24
464.0,3.0,20.0,2.0,100.0,9.16
465.0,5.0,20.0,2.0,100.0,11.93
466.0,10.0,20.0,2.0,100.0,9.02
467.0,20.0,20.0,2.0,100.0,8.67
468.0,40.0,20.0,2.0,100.0,9.78
469.0,49.0,20.0,2.0,100.0,11.21
470.0,0.0,20.0,2.0,100.0,16.6
471.0,0.5,20.0,2.0,100.0,23.36
472.0,1.0,20.0,2.0,100.0,22.37
473.0,2.0,20.0,2.0,100.0,8.74
474.0,3.0,20.0,2.0,100.0,8.61
475.0,5.0,20.0,2.0,100.0,10.28
476.0,10.0,20.0,2.0,100.0,7.59
477.0,20.0,20.0,2.0,100.0,9.42
478.0,40.0,20.0,2.0,100.0,8.69
479.0,49.0,20.0,2.0,100.0,8.08
480.0,0.0,20.0,2.0,100.0,14.54
481.0,0.5,20.0,2.0,100.0,14.5
482.0,1.0,20.0,2.0,100.0,15.83
483.0,2.0,20.0,2.0,100.0,10.01
484.0,3.0,20.0,2.0,100.0,9.69
485.0,5.0,20.0,2.0,100.0,10.58
486.0,10.0,20.0,2.0,100.0,9.9
487.0,20.0,20.0,2.0,100.0,8.23
488.0,40.0,20.0,2.0,100.0,9.4
489.0,49.0,20.0,2.0,100.0,12.15
490.0,0.0,20.0,2.0,100.0,17.97
491.0,0.5,20.0,2.0,100.0,10.72
492.0,1.0,20.0,2.0,100.0,23.69
493.0,2.0,20.0,2.0,100.0,8.89
494.0,3.0,20.0,2.0,100.0,9.85
495.0,5.0,20.0,2.0,100.0,9.41
496.0,10.0,20.0,2.0,100.0,10.61
497.0,20.0,20.0,2.0,100.0,12.68
498.0,40.0,20.0,2.0,100.0,9.71
499.0,49.0,20.0,2.0,100.0,8.86
500.0,0.0,20.0,2.0,100.0,10.58
501.0,0.5,20.0,2.0,100.0,19.65
502.0,1.0,20.0,2.0,100.0,18.17
503.0,2.0,20.0,2.0,100.0,9.77
504.0,3.0,20.0,2.0,100.0,11.55
505.0,5.0,20.0,2.0,100.0,13.26
506.0,10.0,20.0,2.0,100.0,10.54
507.0,20.0,20.0,2.0,100.0,8.32
508.0,40.0,20.0,2.0,100.0,9.63
509.0,49.0,20.0,2.0,100.0,10.49
510.0,0.0,20.0,2.0,100.0,20.4
511.0,0.5,20.0,2.0,100.0,13.55
512.0,1.0,20.0,2.0,100.0,12.99
513.0,2.0,20.0,2.0,100.0,9.02
514.0,3.0,20.0,2.0,100.0,8.53
515.0,5.0,20.0,2.0,100.0,8.54
516.0,10.0,20.0,2.0,100.0,9.16
517.0,20.0,20.0,2.0,100.0,10.93
518.0,40.0,20.0,2.0,100.0,8.63
519.0,49.0,20.0,2.0,100.0,10.79
520.0,0.0,20.0,2.0,100.0,26.29
521.0,0.5,20.0,2.0,100.0,12.43
522.0,1.0,20.0,2.0,100.0,11.45
523.0,2.0,20.0,2.0,100.0,8.2
524.0,3.0,20.0,2.0,100.0,10.51
525.0,5.0,20.0,2.0,100.0,9.28
526.0,10.0,20.0,2.0,100.0,7.91
527.0,20.0,20.0,2.0,100.0,8.55
528.0,40.0,20.0,2.0,100.0,9.13
529.0,49.0,20.0,2.0,100.0,8.31
530.0,0.0,20.0,2.0,100.0,26.23
531.0,0.5,20.0,2.0,100.0,18.15
532.0,1.0,20.0,2.0,100.0,8.6
533.0,2.0,20.0,2.0,100.0,12.43
534.0,3.0,20.0,2.0,100.0,8.76
535.0,5.0,20.0,2.0,100.0,8.46
536.0,10.0,20.0,2.0,100.0,8.99
537.0,20.0,20.0,2.0,100.0,10.22
538.0,40.0,20.0,2.0,100.0,9.99
539.0,49.0,20.0,2.0,100.0,10.46
540.0,0.0,20.0,2.0,100.0,22.1
541.0,0.5,20.0,2.0,100.0,19.85
542.0,1.0,20.0,2.0,100.0,12.45
543.0,2.0,20.0,2.0,100.0,11.7
544.0,3.0,20.0,2.0,100.0,10.88
545.0,5.0,20.0,2.0,100.0,10.2
546.0,10.0,20.0,2.0,100.0,9.58
547.0,20.0,20.0,2.0,100.0,8.58
548.0,40.0,20.0,2.0,100.0,11.09
549.0,49.0,20.0,2.0,100.0,13.25
550.0,0.0,20.0,2.0,100.0,14.08
551.0,0.5,20.0,2.0,100.0,21.51
552.0,1.0,20.0,2.0,100.0,18.97
553.0,2.0,20.0,2.0,100.0,12.69
554.0,3.0,20.0,2.0,100.0,11.04
555.0,5.0,20.0,2.0,100.0,10.75
556.0,10.0,20.0,2.0,100.0,10.34
557.0,20.0,20.0,2.0,100.0,11.23
558.0,40.0,20.0,2.0,100.0,8.27
559.0,49.0,20.0,2.0,100.0,8.03
560.0,0.0,20.0,2.0,100.0,23.5
561.0,0.5,20.0,2.0,100.0,14.56
562.0,1.0,20.0,2.0,100.0,14.31
563.0,2.0,20.0,2.0,100.0,9.69
564.0,3.0,20.0,2.0,100.0,14.91
565.0,5.0,20.0,2.0,100.0,9.38
566.0,10.0,20.0,2.0,100.0,9.23
567.0,20.0,20.0,2.0,100.0,9.79
568.0,40.0,20.0,2.0,100.0,10.22
569.0,49.0,20.0,2.0,100.0,12.58
570.0,0.0,20.0,2.0,100.0,10.38
571.0,0.5,20.0,2.0,100.0,16.18
572.0,1.0,20.0,2.0,100.0,17.99
573.0,2.0,20.0,2.0,100.0,10.13
574.0,3.0,20.0,2.0,100.0,10.94
575.0,5.0,20.0,2.0,100.0,8.72
576.0,10.0,20.0,2.0,100.0,10.17
577.0,20.0,20.0,2.0,100.0,7.74
578.0,40.0,20.0,2.0,100.0,8.5
579.0,49.0,20.0,2.0,100.0,10.52
580.0,0.0,20.0,2.0,100.0,16.48
581.0,0.5,20.0,2.0,100.0,8.93
582.0,1.0,20.0,2.0,100.0,9.71
583.0,2.0,20.0,2.0,100.0,9.81
584.0,3.0,20.0,2.0,100.0,18.73
585.0,5.0,20.0,2.0,100.0,11.85
586.0,10.0,20.0,2.0,100.0,9.04
587.0,20.0,20.0,2.0,100.0,8.21
588.0,40.0,20.0,2.0,100.0,9.2
589.0,49.0,20.0,2.0,100.0,10.67
590.0,0.0,20.0,2.0,100.0,12.4
591.0,0.5,20.0,2.0,100.0,10.51
592.0,1.0,20.0,2.0,100.0,10.12
593.0,2.0,20.0,2.0,100.0,14.56
594.0,3.0,20.0,2.0,100.0,12.09
595.0,5.0,20.0,2.0,100.0,9.56
596.0,10.0,20.0,2.0,100.0,10.98
597.0,20.0,20.0,2.0,100.0,8.32
598.0,40.0,20.0,2.0,100.0,8.95
599.0,49.0,20.0,2.0,100.0,11.67
600.0,0.0,20.0,2.0,100.0,19.41
601.0,0.5,20.0,2.0,100.0,16.05
602.0,1.0,20.0,2.0,100.0,12.94
603.0,2.0,20.0,2.0,100.0,8.06
604.0,3.0,20.0,2.0,100.0,10.23
605.0,5.0,20.0,2.0,100.0,8.69
606.0,10.0,20.0,2.0,100.0,9.67
607.0,20.0,20.0,2.0,100.0,7.97
608.0,40.0,20.0,2.0,100.0,11.52
609.0,49.0,20.0,2.0,100.0,11.79
610.0,0.0,20.0,2.0,100.0,20.89
611.0,0.5,20.0,2.0,100.0,9.33
612.0,1.0,20.0,2.0,100.0,14.85
613.0,2.0,20.0,2.0,100.0,9.94
614.0,3.0,20.0,2.0,100.0,9.85
615.0,5.0,20.0,2.0,100.0,10.43
616.0,10.0,20.0,2.0,100.0,7.39
617.0,20.0,20.0,2.0,100.0,9.14
618.0,40.0,20.0,2.0,100.0,10.19
619.0,49.0,20.0,2.0,100.0,9.7
620.0,0.0,20.0,2.0,100.0,9.63
621.0,0.5,20.0,2.0,100.0,16.44
622.0,1.0,20.0,2.0,100.0,10.67
623.0,2.0,20.0,2.0,100.0,10.09
624.0,3.0,20.0,2.0,100.0,11.35
625.0,5.0,20.0,2.0,100.0,16.16
626.0,10.0,20.0,2.0,100.0,9.47
627.0,20.0,20.0,2.0,100.0,10.7
628.0,40.0,20.0,2.0,100.0,8.89
629.0,49.0,20.0,2.0,100.0,8.95
630.0,0.0,20.0,2.0,100.0,24.39
631.0,0.5,20.0,2.0,100.0,14.03
632.0,1.0,20.0,2.0,100.0,18.23
633.0,2.0,20.0,2.0,100.0,11.06
634.0,3.0,20.0,2.0,100.0,9.1
635.0,5.0,20.0,2.0,100.0,8.88
636.0,10.0,20.0,2.0,100.0,8.68
637.0,20.0,20.0,2.0,100.0,10.03
638.0,40.0,20.0,2.0,100.0,11.84
639.0,49.0,20.0,2.0,100.0,12.59
640.0,0.0,20.0,2.0,100.0,12.94
641.0,0.5,20.0,2.0,100.0,15.54
642.0,1.0,20.0,2.0,100.0,10.25
643.0,2.0,20.0,2.0,100.0,8.71
644.0,3.0,20.0,2.0,100.0,10.62
645.0,5.0,20.0,2.0,100.0,8.72
646.0,10.0,20.0,2.0,100.0,10.23
647.0,20.0,20.0,2.0,100.0,9.08
648.0,40.0,20.0,2.0,100.0,12.51
649.0,49.0,20.0,2.0,100.0,11.0
650.0,0.0,20.0,2.0,100.0,24.39
651.0,0.5,20.0,2.0,100.0,15.22
652.0,1.0,20.0,2.0,100.0,23.47
653.0,2.0,20.0,2.0,100.0,18.31
654.0,3.0,20.0,2.0,100.0,11.24
655.0,5.0,20.0,2.0,100.0,16.23
656.0,10.0,20.0,2.0,100.0,9.39
657.0,20.0,20.0,2.0,100.0,10.42
658.0,40.0,20.0,2.0,100.0,10.19
659.0,49.0,20.0,2.0,100.0,8.34
660.0,0.0,20.0,2.0,100.0,15.57
661.0,0.5,20.0,2.0,100.0,15.3
662.0,1.0,20.0,2.0,100.0,23.8
663.0,2.0,20.0,2.0,100.0,10.84
664.0,3.0,20.0,2.0,100.0,15.35
665.0,5.0,20.0,2.0,100.0,13.1
666.0,10.0,20.0,2.0,100.0,9.03
667.0,20.0,20.0,2.0,100.0,9.28
668.0,40.0,20.0,2.0,100.0,10.29
669.0,49.0,20.0,2.0,100.0,8.58
670.0,0.0,20.0,2.0,100.0,16.01
671.0,0.5,20.0,2.0,100.0,20.01
672.0,1.0,20.0,2.0,100.0,13.49
673.0,2.0,20.0,2.0,100.0,10.91
674.0,3.0,20.0,2.0,100.0,8.1
675.0,5.0,20.0,2.0,100.0,10.01
676.0,10.0,20.0,2.0,100.0,10.73
677.0,20.0,20.0,2.0,100.0,9.24
678.0,40.0,20.0,2.0,100.0,13.13
679.0,49.0,20.0,2.0,100.0,9.9
680.0,0.0,20.0,2.0,100.0,9.61
681.0,0.5,20.0,2.0,100.0,19.15
682.0,1.0,20.0,2.0,100.0,12.55
683.0,2.0,20.0,2.0,100.0,13.65
684.0,3.0,20.0,2.0,100.0,13.47
685.0,5.0,20.0,2.0,100.0,10.67
686.0,10.0,20.0,2.0,100.0,7.96
687.0,20.0,20.0,2.0,100.0,10.83
688.0,40.0,20.0,2.0,100.0,11.18
689.0,49.0,20.0,2.0,100.0,8.51
690.0,0.0,20.0,2.0,100.0,18.85
691.0,0.5,20.0,2.0,100.0,15.54
692.0,1.0,20.0,2.0,100.0,12.83
693.0,2.0,20.0,2.0,100.0,9.8
694.0,3.0,20.0,2.0,100.0,10.01
695.0,5.0,20.0,2.0,100.0,8.71
696.0,10.0,20.0,2.0,100.0,10.23
697.0,20.0,20.0,2.0,100.0,9.15
698.0,40.0,20.0,2.0,100.0,10.27
699.0,49.0,20.0,2.0,100.0,9.4
700.0,0.0,20.0,2.0,100.0,11.22
701.0,0.5,20.0,2.0,100.0,21.56
702.0,1.0,20.0,2.0,100.0,15.29
703.0,2.0,20.0,2.0,100.0,9.91
704.0,3.0,20.0,2.0,100.0,13.53
705.0,5.0,20.0,2.0,100.0,9.88
706.0,10.0,20.0,2.0,100.0,7.59
707.0,20.0,20.0,2.0,100.0,7.89
708.0,40.0,20.0,2.0,100.0,8.39
709.0,49.0,20.0,2.0,100.0,9.47
710.0,0.0,20.0,2.0,100.0,21.57
711.0,0.5,20.0,2.0,100.0,17.71
712.0,1.0,20.0,2.0,100.0,12.02
713.0,2.0,20.0,2.0,100.0,10.56
714.0,3.0,20.0,2.0,100.0,9.06
715.0,5.0,20.0,2.0,100.0,8.48
716.0,10.0,20.0,2.0,100.0,9.43
717.0,20.0,20.0,2.0,100.0,10.92
718.0,40.0,20.0,2.0,100.0,8.61
719.0,49.0,20.0,2.0,100.0,10.13
720.0,0.0,20.0,2.0,100.0,22.15
721.0,0.5,20.0,2.0,100.0,15.17
722.0,1.0,20.0,2.0,100.0,11.86
723.0,2.0,20.0,2.0,100.0,11.84
724.0,3.0,20.0,2.0,100.0,9.29
725.0,5.0,20.0,2.0,100.0,8.15
726.0,10.0,20.0,2.0,100.0,8.95
727.0,20.0,20.0,2.0,100.0,9.4
728.0,40.0,20.0,2.0,100.0,10.8
729.0,49.0,20.0,2.0,100.0,11.54
730.0,0.0,20.0,2.0,100.0,17.15
731.0,0.5,20.0,2.0,100.0,13.5
732.0,1.0,20.0,2.0,100.0,16.28
733.0,2.0,20.0,2.0,100.0,15.5
734.0,3.0,20.0,2.0,100.0,13.88
735.0,5.0,20.0,2.0,100.0,14.87
736.0,10.0,20.0,2.0,100.0,10.23
737.0,20.0,20.0,2.0,100.0,9.41
738.0,40.0,20.0,2.0,100.0,10.78
739.0,49.0,20.0,2.0,100.0,11.51
740.0,0.0,20.0,2.0,100.0,22.74
741.0,0.5,20.0,2.0,100.0,14.46
742.0,1.0,20.0,2.0,100.0,18.95
743.0,2.0,20.0,2.0,100.0,13.92
744.0,3.0,20.0,2.0,100.0,9.52
745.0,5.0,20.0,2.0,100.0,9.4
746.0,10.0,20.0,2.0,100.0,8.61
747.0,20.0,20.0,2.0,100.0,9.2
748.0,40.0,20.0,2.0,100.0,9.9
749.0,49.0,20.0,2.0,100.0,9.64
750.0,0.0,20.0,2.0,100.0,16.59
751.0,0.5,20.0,2.0,100.0,17.73
752.0,1.0,20.0,2.0,100.0,13.71
753.0,2.0,20.0,2.0,100.0,10.6
754.0,3.0,20.0,2.0,100.0,16.91
755.0,5.0,20.0,2.0,100.0,8.65
756.0,10.0,20.0,2.0,100.0,7.97
757.0,20.0,20.0,2.0,100.0,8.74
758.0,40.0,20.0,2.0,100.0,8.04
759.0,49.0,20.0,2.0,100.0,10.6
760.0,0.0,20.0,2.0,100.0,22.13
761.0,0.5,20.0,2.0,100.0,15.65
762.0,1.0,20.0,2.0,100.0,10.35
763.0,2.0,20.0,2.0,100.0,12.63
764.0,3.0,20.0,2.0,100.0,9.83
765.0,5.0,20.0,2.0,100.0,9.79
766.0,10.0,20.0,2.0,100.0,11.54
767.0,20.0,20.0,2.0,100.0,10.3
768.0,40.0,20.0,2.0,100.0,10.0
769.0,49.0,20.0,2.0,100.0,8.87
770.0,0.0,20.0,2.0,100.0,24.16
771.0,0.5,20.0,2.0,100.0,16.17
772.0,1.0,20.0,2.0,100.0,25.76
773.0,2.0,20.0,2.0,100.0,13.91
774.0,3.0,20.0,2.0,100.0,11.76
775.0,5.0,20.0,2.0,100.0,11.48
776.0,10.0,20.0,2.0,100.0,8.12
777.0,20.0,20.0,2.0,100.0,9.03
778.0,40.0,20.0,2.0,100.0,10.74
779.0,49.0,20.0,2.0,100.0,8.02
780.0,0.0,20.0,2.0,100.0,18.41
781.0,0.5,20.0,2.0,100.0,19.99
782.0,1.0,20.0,2.0,100.0,11.81
783.0,2.0,20.0,2.0,100.0,10.08
784.0,3.0,20.0,2.0,100.0,13.44
785.0,5.0,20.0,2.0,100.0,14.98
786.0,10.0,20.0,2.0,100.0,13.46
787.0,20.0,20.0,2.0,100.0,9.03
788.0,40.0,20.0,2.0,100.0,10.39
789.0,49.0,20.0,2.0,100.0,11.1
790.0,0.0,20.0,2.0,100.0,23.12
791.0,0.5,20.0,2.0,100.0,12.05
792.0,1.0,20.0,2.0,100.0,9.96
793.0,2.0,20.0,2.0,100.0,16.51
794.0,3.0,20.0,2.0,100.0,10.7
795.0,5.0,20.0,2.0,100.0,11.83
796.0,10.0,20.0,2.0,100.0,9.38
797.0,20.0,20.0,2.0,100.0,9.3
798.0,40.0,20.0,2.0,100.0,7.68
799.0,49.0,20.0,2.0,100.0,9.77
800.0,0.0,20.0,2.0,100.0,13.9
801.0,0.5,20.0,2.0,100.0,16.25
802.0,1.0,20.0,2.0,100.0,16.44
803.0,2.0,20.0,2.0,100.0,15.55
804.0,3.0,20.0,2.0,100.0,11.55
805.0,5.0,20.0,2.0,100.0,8.08
806.0,10.0,20.0,2.0,100.0,9.14
807.0,20.0,20.0,2.0,100.0,8.3
808.0,40.0,20.0,2.0,100.0,10.54
809.0,49.0,20.0,2.0,100.0,8.8
810.0,0.0,20.0,2.0,100.0,22.53
811.0,0.5,20.0,2.0,100.0,12.18
812.0,1.0,20.0,2.0,100.0,15.13
813.0,2.0,20.0,2.0,100.0,8.92
814.0,3.0,20.0,2.0,100.0,12.04
815.0,5.0,20.0,2.0,100.0,10.87
816.0,10.0,20.0,2.0,100.0,8.68
817.0,20.0,20.0,2.0,100.0,8.83
818.0,40.0,20.0,2.0,100.0,9.04
819.0,49.0,20.0,2.0,100.0,12.34
820.0,0.0,20.0,2.0,100.0,23.64
821.0,0.5,20.0,2.0,100.0,17.31
822.0,1.0,20.0,2.0,100.0,17.01
823.0,2.0,20.0,2.0,100.0,12.33
824.0,3.0,20.0,2.0,100.0,9.06
825.0,5.0,20.0,2.0,100.0,10.76
826.0,10.0,20.0,2.0,100.0,8.86
827.0,20.0,20.0,2.0,100.0,11.34
828.0,40.0,20.0,2.0,100.0,10.42
829.0,49.0,20.0,2.0,100.0,11.64
830.0,0.0,20.0,2.0,100.0,12.26
831.0,0.5,20.0,2.0,100.0,25.85
832.0,1.0,20.0,2.0,100.0,12.76
833.0,2.0,20.0,2.0,100.0,17.77
834.0,3.0,20.0,2.0,100.0,11.97
835.0,5.0,20.0,2.0,100.0,9.19
836.0,10.0,20.0,2.0,100.0,11.4
837.0,20.0,20.0,2.0,100.0,9.77
838.0,40.0,20.0,2.0,100.0,9.56
839.0,49.0,20.0,2.0,100.0,10.57
840.0,0.0,20.0,2.0,100.0,24.48
841.0,0.5,20.0,2.0,100.0,25.72
842.0,1.0,20.0,2.0,100.0,15.75
843.0,2.0,20.0,2.0,100.0,13.56
844.0,3.0,20.0,2.0,100.0,12.4
845.0,5.0,20.0,2.0,100.0,8.59
846.0,10.0,20.0,2.0,100.0,8.88
847.0,20.0,20.0,2.0,100.0,9.39
848.0,40.0,20.0,2.0,100.0,8.01
849.0,49.0,20.0,2.0,100.0,8.51
850.0,0.0,20.0,2.0,100.0,26.83
851.0,0.5,20.0,2.0,100.0,15.87
852.0,1.0,20.0,2.0,100.0,9.87
853.0,2.0,20.0,2.0,100.0,10.57
854.0,3.0,20.0,2.0,100.0,20.71
855.0,5.0,20.0,2.0,100.0,12.94
856.0,10.0,20.0,2.0,100.0,8.38
857.0,20.0,20.0,2.0,100.0,11.63
858.0,40.0,20.0,2.0,100.0,9.46
859.0,49.0,20.0,2.0,100.0,14.7
860.0,0.0,20.0,2.0,100.0,16.35
861.0,0.5,20.0,2.0,100.0,21.7
862.0,1.0,20.0,2.0,100.0,15.12
863.0,2.0,20.0,2.0,100.0,12.0
864.0,3.0,20.0,2.0,100.0,15.4
865.0,5.0,20.0,2.0,100.0,9.11
866.0,10.0,20.0,2.0,100.0,7.98
867.0,20.0,20.0,2.0,100.0,9.97
868.0,40.0,20.0,2.0,100.0,13.41
869.0,49.0,20.0,2.0,100.0,12.89
870.0,0.0,20.0,2.0,100.0,15.34
871.0,0.5,20.0,2.0,100.0,25.58
872.0,1.0,20.0,2.0,100.0,13.08
873.0,2.0,20.0,2.0,100.0,16.79
874.0,3.0,20.0,2.0,100.0,14.22
875.0,5.0,20.0,2.0,100.0,9.92
876.0,10.0,20.0,2.0,100.0,7.81
877.0,20.0,20.0,2.0,100.0,9.99
878.0,40.0,20.0,2.0,100.0,8.81
879.0,49.0,20.0,2.0,100.0,13.17
880.0,0.0,20.0,2.0,100.0,19.41
881.0,0.5,20.0,2.0,100.0,11.47
882.0,1.0,20.0,2.0,100.0,11.09
883.0,2.0,20.0,2.0,100.0,13.88
884.0,3.0,20.0,2.0,100.0,10.89
885.0,5.0,20.0,2.0,100.0,10.56
886.0,10.0,20.0,2.0,100.0,10.28
887.0,20.0,20.0,2.0,100.0,8.27
888.0,40.0,20.0,2.0,100.0,11.36
889.0,49.0,20.0,2.0,100.0,8.04
890.0,0.0,20.0,2.0,100.0,22.33
891.0,0.5,20.0,2.0,100.0,11.88
892.0,1.0,20.0,2.0,100.0,16.88
893.0,2.0,20.0,2.0,100.0,18.2
894.0,3.0,20.0,2.0,100.0,18.46
895.0,5.0,20.0,2.0,100.0,12.58
896.0,10.0,20.0,2.0,100.0,8.5
897.0,20.0,20.0,2.0,100.0,8.53
898.0,40.0,20.0,2.0,100.0,10.74
899.0,49.0,20.0,2.0,100.0,12.55
900.0,0.0,20.0,2.0,100.0,22.62
901.0,0.5,20.0,2.0,100.0,13.27
902.0,1.0,20.0,2.0,100.0,13.71
903.0,2.0,20.0,2.0,100.0,21.2
904.0,3.0,20.0,2.0,100.0,9.67
905.0,5.0,20.0,2.0,100.0,7.88
906.0,10.0,20.0,2.0,100.0,8.49
907.0,20.0,20.0,2.0,100.0,8.17
908.0,40.0,20.0,2.0,100.0,9.28
909.0,49.0,20.0,2.0,100.0,11.34
910.0,0.0,20.0,2.0,100.0,14.26
911.0,0.5,20.0,2.0,100.0,12.87
912.0,1.0,20.0,2.0,100.0,21.86
913.0,2.0,20.0,2.0,100.0,13.6
914.0,3.0,20.0,2.0,100.0,14.6
915.0,5.0,20.0,2.0,100.0,11.09
916.0,10.0,20.0,2.0,100.0,8.49
917.0,20.0,20.0,2.0,100.0,10.3
918.0,40.0,20.0,2.0,100.0,10.95
919.0,49.0,20.0,2.0,100.0,9.27
920.0,0.0,20.0,2.0,100.0,14.05
921.0,0.5,20.0,2.0,100.0,17.48
922.0,1.0,20.0,2.0,100.0,14.42
923.0,2.0,20.0,2.0,100.0,8.29
924.0,3.0,20.0,2.0,100.0,11.45
925.0,5.0,20.0,2.0,100.0,12.61
926.0,10.0,20.0,2.0,100.0,9.89
927.0,20.0,20.0,2.0,100.0,9.93
928.0,40.0,20.0,2.0,100.0,10.25
929.0,49.0,20.0,2.0,100.0,10.3
930.0,0.0,20.0,2.0,100.0,17.28
931.0,0.5,20.0,2.0,100.0,17.95
932.0,1.0,20.0,2.0,100.0,16.35
933.0,2.0,20.0,2.0,100.0,13.32
934.0,3.0,20.0,2.0,100.0,8.33
935.0,5.0,20.0,2.0,100.0,10.82
936.0,10.0,20.0,2.0,100.0,8.3
937.0,20.0,20.0,2.0,100.0,9.58
938.0,40.0,20.0,2.0,100.0,11.0
939.0,49.0,20.0,2.0,100.0,11.92
940.0,0.0,20.0,2.0,100.0,24.92
941.0,0.5,20.0,2.0,100.0,17.0
942.0,1.0,20.0,2.0,100.0,13.75
943.0,2.0,20.0,2.0,100.0,10.21
944.0,3.0,20.0,2.0,100.0,14.28
945.0,5.0,20.0,2.0,100.0,8.63
946.0,10.0,20.0,2.0,100.0,9.92
947.0,20.0,20.0,2.0,100.0,10.18
948.0,40.0,20.0,2.0,100.0,9.54
949.0,49.0,20.0,2.0,100.0,8.35
950.0,0.0,20.0,2.0,100.0,23.08
951.0,0.5,20.0,2.0,100.0,18.97
952.0,1.0,20.0,2.0,100.0,18.07
953.0,2.0,20.0,2.0,100.0,11.49
954.0,3.0,20.0,2.0,100.0,9.56
955.0,5.0,20.0,2.0,100.0,9.07
956.0,10.0,20.0,2.0,100.0,11.72
957.0,20.0,20.0,2.0,100.0,7.7
958.0,40.0,20.0,2.0,100.0,11.68
959.0,49.0,20.0,2.0,100.0,9.34
960.0,0.0,20.0,2.0,100.0,18.13
961.0,0.5,20.0,2.0,100.0,15.34
962.0,1.0,20.0,2.0,100.0,11.96
963.0,2.0,20.0,2.0,100.0,8.95
964.0,3.0,20.0,2.0,100.0,15.37
965.0,5.0,20.0,2.0,100.0,10.92
966.0,10.0,20.0,2.0,100.0,10.13
967.0,20.0,20.0,2.0,100.0,11.7
968.0,40.0,20.0,2.0,100.0,10.2
969.0,49.0,20.0,2.0,100.0,9.97
970.0,0.0,20.0,2.0,100.0,21.28
971.0,0.5,20.0,2.0,100.0,14.55
972.0,1.0,20.0,2.0,100.0,18.49
973.0,2.0,20.0,2.0,100.0,14.77
974.0,3.0,20.0,2.0,100.0,8.69
975.0,5.0,20.0,2.0,100.0,9.86
976.0,10.0,20.0,2.0,100.0,8.92
977.0,20.0,20.0,2.0,100.0,10.23
978.0,40.0,20.0,2.0,100.0,13.81
979.0,49.0,20.0,2.0,100.0,9.63
980.0,0.0,20.0,2.0,100.0,15.61
981.0,0.5,20.0,2.0,100.0,14.69
982.0,1.0,20.0,2.0,100.0,16.12
983.0,2.0,20.0,2.0,100.0,11.5
984.0,3.0,20.0,2.0,100.0,11.52
985.0,5.0,20.0,2.0,100.0,8.9
986.0,10.0,20.0,2.0,100.0,9.54
987.0,20.0,20.0,2.0,100.0,8.26
988.0,40.0,20.0,2.0,100.0,10.79
989.0,49.0,20.0,2.0,100.0,10.65
990.0,0.0,20.0,2.0,100.0,18.85
991.0,0.5,20.0,2.0,100.0,9.52
992.0,1.0,20.0,2.0,100.0,12.92
993.0,2.0,20.0,2.0,100.0,10.17
994.0,3.0,20.0,2.0,100.0,10.54
995.0,5.0,20.0,2.0,100.0,9.44
996.0,10.0,20.0,2.0,100.0,11.03
997.0,20.0,20.0,2.0,100.0,10.17
998.0,40.0,20.0,2.0,100.0,9.2
999.0,49.0,20.0,2.0,100.0,13.24
1000.0,0.0,20.0,2.0,100.0,11.74
1001.0,0.5,20.0,2.0,100.0,15.79
1002.0,1.0,20.0,2.0,100.0,17.27
1003.0,2.0,20.0,2.0,100.0,13.89
1004.0,3.0,20.0,2.0,100.0,14.6
1005.0,5.0,20.0,2.0,100.0,11.61
1006.0,10.0,20.0,2.0,100.0,8.79
1007.0,20.0,20.0,2.0,100.0,10.81
1008.0,40.0,20.0,2.0,100.0,10.46
1009.0,49.0,20.0,2.0,100.0,9.16
1010.0,0.0,20.0,2.0,100.0,10.7
1011.0,0.5,20.0,2.0,100.0,17.61
1012.0,1.0,20.0,2.0,100.0,15.97
1013.0,2.0,20.0,2.0,100.0,18.46
1014.0,3.0,20.0,2.0,100.0,11.73
1015.0,5.0,20.0,2.0,100.0,11.08
1016.0,10.0,20.0,2.0,100.0,10.38
1017.0,20.0,20.0,2.0,100.0,8.88
1018.0,40.0,20.0,2.0,100.0,10.74
1019.0,49.0,20.0,2.0,100.0,10.64
1020.0,0.0,20.0,2.0,100.0,9.57
1021.0,0.5,20.0,2.0,100.0,14.08
1022.0,1.0,20.0,2.0,100.0,16.74
1023.0,2.0,20.0,2.0,100.0,8.25
1024.0,3.0,20.0,2.0,100.0,10.01
1025.0,5.0,20.0,2.0,100.0,9.58
1026.0,10.0,20.0,2.0,100.0,9.16
1027.0,20.0,20.0,2.0,100.0,9.12
1028.0,40.0,20.0,2.0,100.0,9.47
1029.0,49.0,20.0,2.0,100.0,14.82
1030.0,0.0,20.0,2.0,100.0,23.67
1031.0,0.5,20.0,2.0,100.0,12.42
1032.0,1.0,20.0,2.0,100.0,17.39
1033.0,2.0,20.0,2.0,100.0,10.92
1034.0,3.0,20.0,2.0,100.0,10.05
1035.0,5.0,20.0,2.0,100.0,9.6
1036.0,10.0,20.0,2.0,100.0,9.35
1037.0,20.0,20.0,2.0,100.0,9.14
1038.0,40.0,20.0,2.0,100.0,9.13
1039.0,49.0,20.0,2.0,100.0,7.62
1040.0,0.0,20.0,2.0,100.0,24.21
1041.0,0.5,20.0,2.0,100.0,8.53
1042.0,1.0,20.0,2.0,100.0,13.56
1043.0,2.0,20.0,2.0,100.0,10.64
1044.0,3.0,20.0,2.0,100.0,8.49
1045.0,5.0,20.0,2.0,100.0,11.18
1046.0,10.0,20.0,2.0,100.0,7.68
1047.0,20.0,20.0,2.0,100.0,9.96
1048.0,40.0,20.0,2.0,100.0,8.94
1049.0,49.0,20.0,2.0,100.0,9.4
1050.0,0.0,20.0,2.0,100.0,19.18
1051.0,0.5,20.0,2.0,100.0,10.78
1052.0,1.0,20.0,2.0,100.0,12.24
1053.0,2.0,20.0,2.0,100.0,14.72
1054.0,3.0,20.0,2.0,100.0,10.9
1055.0,5.0,20.0,2.0,100.0,10.06
1056.0,10.0,20.0,2.0,100.0,12.78
1057.0,20.0,20.0,2.0,100.0,9.55
1058.0,40.0,20.0,2.0,100.0,7.78
1059.0,49.0,20.0,2.0,100.0,11.53
1060.0,0.0,20.0,2.0,100.0,10.75
1061.0,0.5,20.0,2.0,100.0,16.28
1062.0,1.0,20.0,2.0,100.0,9.15
1063.0,2.0,20.0,2.0,100.0,10.33
1064.0,3.0,20.0,2.0,100.0,10.22
1065.0,5.0,20.0,2.0,100.0,12.29
1066.0,10.0,20.0,2.0,100.0,8.34
1067.0,20.0,20.0,2.0,100.0,10.23
1068.0,40.0,20.0,2.0,100.0,10.7
1069.0,49.0,20.0,2.0,100.0,8.79
1070.0,0.0,20.0,2.0,100.0,23.57
1071.0,0.5,20.0,2.0,100.0,21.43
1072.0,1.0,20.0,2.0,100.0,12.98
1073.0,2.0,20.0,2.0,100.0,8.11
1074.0,3.0,20.0,2.0,100.0,10.08
1075.0,5.0,20.0,2.0,100.0,16.65
1076.0,10.0,20.0,2.0,100.0,8.88
1077.0,20.0,20.0,2.0,100.0,11.49
1078.0,40.0,20.0,2.0,100.0,10.99
1079.0,49.0,20.0,2.0,100.0,11.54
1080.0,0.0,20.0,2.0,100.0,17.41
1081.0,0.5,20.0,2.0,100.0,13.1
1082.0,1.0,20.0,2.0,100.0,10.67
1083.0,2.0,20.0,2.0,100.0,12.84
1084.0,3.0,20.0,2.0,100.0,9.7
1085.0,5.0,20.0,2.0,100.0,13.39
1086.0,10.0,20.0,2.0,100.0,8.62
1087.0,20.0,20.0,2.0,100.0,8.16
1088.0,40.0,20.0,2.0,100.0,8.91
1089.0,49.0,20.0,2.0,100.0,10.75
1090.0,0.0,20.0,2.0,100.0,10.76
1091.0,0.5,20.0,2.0,100.0,20.87
1092.0,1.0,20.0,2.0,100.0,17.47
1093.0,2.0,20.0,2.0,100.0,12.32
1094.0,3.0,20.0,2.0,100.0,8.27
1095.0,5.0,20.0,2.0,100.0,9.5
1096.0,10.0,20.0,2.0,100.0,12.26
1097.0,20.0,20.0,2.0,100.0,12.18
1098.0,40.0,20.0,2.0,100.0,11.53
1099.0,49.0,20.0,2.0,100.0,10.62
1100.0,0.0,20.0,2.0,100.0,23.49
1101.0,0.5,20.0,2.0,100.0,9.34
1102.0,1.0,20.0,2.0,100.0,13.07
1103.0,2.0,20.0,2.0,100.0,11.54
1104.0,3.0,20.0,2.0,100.0,18.55
1105.0,5.0,20.0,2.0,100.0,8.5
1106.0,10.0,20.0,2.0,100.0,9.83
1107.0,20.0,20.0,2.0,100.0,7.48
1108.0,40.0,20.0,2.0,100.0,11.67
1109.0,49.0,20.0,2.0,100.0,12.34
1110.0,0.0,20.0,2.0,100.0,25.89
1111.0,0.5,20.0,2.0,100.0,21.75
1112.0,1.0,20.0,2.0,100.0,13.15
1113.0,2.0,20.0,2.0,100.0,11.23
1114.0,3.0,20.0,2.0,100.0,15.25
1115.0,5.0,20.0,2.0,100.0,8.52
1116.0,10.0,20.0,2.0,100.0,9.97
1117.0,20.0,20.0,2.0,100.0,9.63
1118.0,40.0,20.0,2.0,100.0,9.42
1119.0,49.0,20.0,2.0,100.0,15.4
1120.0,0.0,20.0,2.0,100.0,21.91
1121.0,0.5,20.0,2.0,100.0,17.54
1122.0,1.0,20.0,2.0,100.0,14.76
1123.0,2.0,20.0,2.0,100.0,17.56
1124.0,3.0,20.0,2.0,100.0,17.4
1125.0,5.0,20.0,2.0,100.0,9.16
1126.0,10.0,20.0,2.0,100.0,9.49
1127.0,20.0,20.0,2.0,100.0,11.2
1128.0,40.0,20.0,2.0,100.0,11.92
1129.0,49.0,20.0,2.0,100.0,8.32
1130.0,0.0,20.0,2.0,100.0,22.0
1131.0,0.5,20.0,2.0,100.0,23.43
1132.0,1.0,20.0,2.0,100.0,15.44
1133.0,2.0,20.0,2.0,100.0,12.29
1134.0,3.0,20.0,2.0,100.0,10.9
1135.0,5.0,20.0,2.0,100.0,9.16
1136.0,10.0,20.0,2.0,100.0,9.48
1137.0,20.0,20.0,2.0,100.0,9.65
1138.0,40.0,20.0,2.0,100.0,10.24
1139.0,49.0,20.0,2.0,100.0,14.06
1140.0,0.0,20.0,2.0,100.0,16.4
1141.0,0.5,20.0,2.0,100.0,23.82
1142.0,1.0,20.0,2.0,100.0,11.78
1143.0,2.0,20.0,2.0,100.0,13.44
1144.0,3.0,20.0,2.0,100.0,15.74
1145.0,5.0,20.0,2.0,100.0,11.54
1146.0,10.0,20.0,2.0,100.0,8.5
1147.0,20.0,20.0,2.0,100.0,10.66
1148.0,40.0,20.0,2.0,100.0,11.14
1149.0,49.0,20.0,2.0,100.0,9.86
1150.0,0.0,20.0,2.0,100.0,21.64
1151.0,0.5,20.0,2.0,100.0,17.04
1152.0,1.0,20.0,2.0,100.0,16.55
1153.0,2.0,20.0,2.0,100.0,11.2
1154.0,3.0,20.0,2.0,100.0,9.36
1155.0,5.0,20.0,2.0,100.0,8.64
1156.0,10.0,20.0,2.0,100.0,10.51
1157.0,20.0,20.0,2.0,100.0,9.71
1158.0,40.0,20.0,2.0,100.0,10.78
1159.0,49.0,20.0,2.0,100.0,7.6
1160.0,0.0,20.0,2.0,100.0,9.85
1161.0,0.5,20.0,2.0,100.0,14.68
1162.0,1.0,20.0,2.0,100.0,14.41
1163.0,2.0,20.0,2.0,100.0,10.23
1164.0,3.0,20.0,2.0,100.0,8.65
1165.0,5.0,20.0,2.0,100.0,7.92
1166.0,10.0,20.0,2.0,100.0,11.39
1167.0,20.0,20.0,2.0,100.0,8.37
1168.0,40.0,20.0,2.0,100.0,10.47
1169.0,49.0,20.0,2.0,100.0,8.05
1170.0,0.0,20.0,2.0,100.0,21.4
1171.0,0.5,20.0,2.0,100.0,12.67
1172.0,1.0,20.0,2.0,100.0,9.46
1173.0,2.0,20.0,2.0,100.0,8.91
1174.0,3.0,20.0,2.0,100.0,12.41
1175.0,5.0,20.0,2.0,100.0,12.44
1176.0,10.0,20.0,2.0,100.0,8.51
1177.0,20.0,20.0,2.0,100.0,10.16
1178.0,40.0,20.0,2.0,100.0,8.14
1179.0,49.0,20.0,2.0,100.0,12.98
1180.0,0.0,20.0,2.0,100.0,12.78
1181.0,0.5,20.0,2.0,100.0,15.18
1182.0,1.0,20.0,2.0,100.0,14.66
1183.0,2.0,20.0,2.0,100.0,10.94
1184.0,3.0,20.0,2.0,100.0,11.63
1185.0,5.0,20.0,2.0,100.0,10.5
1186.0,10.0,20.0,2.0,100.0,8.72
1187.0,20.0,20.0,2.0,100.0,8.19
1188.0,40.0,20.0,2.0,100.0,10.6
1189.0,49.0,20.0,2.0,100.0,8.62
1190.0,0.0,20.0,2.0,100.0,11.63
1191.0,0.5,20.0,2.0,100.0,23.28
1192.0,1.0,20.0,2.0,100.0,13.25
1193.0,2.0,20.0,2.0,100.0,13.83
1194.0,3.0,20.0,2.0,100.0,8.37
1195.0,5.0,20.0,2.0,100.0,8.16
1196.0,10.0,20.0,2.0,100.0,8.16
1197.0,20.0,20.0,2.0,100.0,10.32
1198.0,40.0,20.0,2.0,100.0,10.68
1199.0,49.0,20.0,2.0,100.0,10.75
1200.0,0.0,20.0,2.0,100.0,26.08
1201.0,0.5,20.0,2.0,100.0,13.92
1202.0,1.0,20.0,2.0,100.0,21.84
1203.0,2.0,20.0,2.0,100.0,9.26
1204.0,3.0,20.0,2.0,100.0,8.06
1205.0,5.0,20.0,2.0,100.0,10.04
1206.0,10.0,20.0,2.0,100.0,8.65
1207.0,20.0,20.0,2.0,100.0,9.92
1208.0,40.0,20.0,2.0,100.0,7.94
1209.0,49.0,20.0,2.0,100.0,9.26
1210.0,0.0,20.0,2.0,100.0,20.53
1211.0,0.5,20.0,2.0,100.0,17.89
1212.0,1.0,20.0,2.0,100.0,7.78
1213.0,2.0,20.0,2.0,100.0,19.92
1214.0,3.0,20.0,2.0,100.0,17.57
1215.0,5.0,20.0,2.0,100.0,9.14
1216.0,10.0,20.0,2.0,100.0,7.76
1217.0,20.0,20.0,2.0,100.0,8.63
1218.0,40.0,20.0,2.0,100.0,9.31
1219.0,49.0,20.0,2.0,100.0,9.34
1220.0,0.0,20.0,2.0,100.0,23.45
1221.0,0.5,20.0,2.0,100.0,10.26
1222.0,1.0,20.0,2.0,100.0,13.41
1223.0,2.0,20.0,2.0,100.0,15.73
1224.0,3.0,20.0,2.0,100.0,9.79
1225.0,5.0,20.0,2.0,100.0,10.41
1226.0,10.0,20.0,2.0,100.0,10.06
1227.0,20.0,20.0,2.0,100.0,10.73
1228.0,40.0,20.0,2.0,100.0,9.35
1229.0,49.0,20.0,2.0,100.0,9.5
1230.0,0.0,20.0,2.0,100.0,15.4
1231.0,0.5,20.0,2.0,100.0,23.51
1232.0,1.0,20.0,2.0,100.0,14.75
1233.0,2.0,20.0,2.0,100.0,8.01
1234.0,3.0,20.0,2.0,100.0,11.24
1235.0,5.0,20.0,2.0,100.0,12.74
1236.0,10.0,20.0,2.0,100.0,9.16
1237.0,20.0,20.0,2.0,100.0,10.51
1238.0,40.0,20.0,2.0,100.0,8.58
1239.0,49.0,20.0,2.0,100.0,11.78
1240.0,0.0,20.0,2.0,100.0,14.61
1241.0,0.5,20.0,2.0,100.0,13.17
1242.0,1.0,20.0,2.0,100.0,12.64
1243.0,2.0,20.0,2.0,100.0,8.78
1244.0,3.0,20.0,2.0,100.0,13.22
1245.0,5.0,20.0,2.0,100.0,8.86
1246.0,10.0,20.0,2.0,100.0,9.11
1247.0,20.0,20.0,2.0,100.0,11.09
1248.0,40.0,20.0,2.0,100.0,8.68
1249.0,49.0,20.0,2.0,100.0,9.66
1250.0,0.0,20.0,2.0,100.0,12.56
1251.0,0.5,20.0,2.0,100.0,18.8
1252.0,1.0,20.0,2.0,100.0,22.02
1253.0,2.0,20.0,2.0,100.0,11.7
1254.0,3.0,20.0,2.0,100.0,11.95
1255.0,5.0,20.0,2.0,100.0,9.55
1256.0,10.0,20.0,2.0,100.0,10.61
1257.0,20.0,20.0,2.0,100.0,10.26
1258.0,40.0,20.0,2.0,100.0,9.44
1259.0,49.0,20.0,2.0,100.0,8.46
1260.0,0.0,20.0,2.0,100.0,21.04
1261.0,0.5,20.0,2.0,100.0,22.5
1262.0,1.0,20.0,2.0,100.0,9.6
1263.0,2.0,20.0,2.0,100.0,9.95
1264.0,3.0,20.0,2.0,100.0,14.22
1265.0,5.0,20.0,2.0,100.0,9.34
1266.0,10.0,20.0,2.0,100.0,8.53
1267.0,20.0,20.0,2.0,100.0,8.69
1268.0,40.0,20.0,2.0,100.0,7.69
1269.0,49.0,20.0,2.0,100.0,11.02
1270.0,0.0,20.0,2.0,100.0,15.3
1271.0,0.5,20.0,2.0,100.0,12.56
1272.0,1.0,20.0,2.0,100.0,9.66
1273.0,2.0,20.0,2.0,100.0,19.64
1274.0,3.0,20.0,2.0,100.0,9.46
1275.0,5.0,20.0,2.0,100.0,8.5
1276.0,10.0,20.0,2.0,100.0,9.11
1277.0,20.0,20.0,2.0,100.0,10.89
1278.0,40.0,20.0,2.0,100.0,7.87
1279.0,49.0,20.0,2.0,100.0,8.29
1280.0,0.0,20.0,2.0,100.0,13.15
1281.0,0.5,20.0,2.0,100.0,8.36
1282.0,1.0,20.0,2.0,100.0,24.38
1283.0,2.0,20.0,2.0,100.0,12.19
1284.0,3.0,20.0,2.0,100.0,11.88
1285.0,5.0,20.0,2.0,100.0,10.56
1286.0,10.0,20.0,2.0,100.0,9.59
1287.0,20.0,20.0,2.0,100.0,9.11
1288.0,40.0,20.0,2.0,100.0,12.29
1289.0,49.0,20.0,2.0,100.0,8.37
1290.0,0.0,20.0,2.0,100.0,17.1
1291.0,0.5,20.0,2.0,100.0,12.46
1292.0,1.0,20.0,2.0,100.0,11.32
1293.0,2.0,20.0,2.0,100.0,12.9
1294.0,3.0,20.0,2.0,100.0,8.08
1295.0,5.0,20.0,2.0,100.0,11.02
1296.0,10.0,20.0,2.0,100.0,9.02
1297.0,20.0,20.0,2.0,100.0,8.93
1298.0,40.0,20.0,2.0,100.0,9.12
1299.0,49.0,20.0,2.0,100.0,11.58
1300.0,0.0,20.0,2.0,100.0,14.18
1301.0,0.5,20.0,2.0,100.0,11.81
1302.0,1.0,20.0,2.0,100.0,9.47
1303.0,2.0,20.0,2.0,100.0,11.77
1304.0,3.0,20.0,2.0,100.0,9.09
1305.0,5.0,20.0,2.0,100.0,9.85
1306.0,10.0,20.0,2.0,100.0,8.82
1307.0,20.0,20.0,2.0,100.0,7.46
1308.0,40.0,20.0,2.0,100.0,8.81
1309.0,49.0,20.0,2.0,100.0,8.39
1310.0,0.0,20.0,2.0,100.0,23.02
1311.0,0.5,20.0,2.0,100.0,13.86
1312.0,1.0,20.0,2.0,100.0,12.2
1313.0,2.0,20.0,2.0,100.0,23.12
1314.0,3.0,20.0,2.0,100.0,13.22
1315.0,5.0,20.0,2.0,100.0,8.83
1316.0,10.0,20.0,2.0,100.0,9.63
1317.0,20.0,20.0,2.0,100.0,10.55
1318.0,40.0,20.0,2.0,100.0,9.32
1319.0,49.0,20.0,2.0,100.0,10.4
1320.0,0.0,20.0,2.0,100.0,14.69
1321.0,0.5,20.0,2.0,100.0,8.41
1322.0,1.0,20.0,2.0,100.0,12.61
1323.0,2.0,20.0,2.0,100.0,24.53
1324.0,3.0,20.0,2.0,100.0,9.99
1325.0,5.0,20.0,2.0,100.0,10.13
1326.0,10.0,20.0,2.0,100.0,10.82
1327.0,20.0,20.0,2.0,100.0,11.79
1328.0,40.0,20.0,2.0,100.0,11.98
1329.0,49.0,20.0,2.0,100.0,9.06
1330.0,0.0,20.0,2.0,100.0,20.68
1331.0,0.5,20.0,2.0,100.0,13.36
1332.0,1.0,20.0,2.0,100.0,16.26
1333.0,2.0,20.0,2.0,100.0,10.39
1334.0,3.0,20.0,2.0,100.0,9.55
1335.0,5.0,20.0,2.0,100.0,11.98
1336.0,10.0,20.0,2.0,100.0,7.88
1337.0,20.0,20.0,2.0,100.0,8.89
1338.0,40.0,20.0,2.0,100.0,8.38
1339.0,49.0,20.0,2.0,100.0,8.14
1340.0,0.0,20.0,2.0,100.0,19.56
1341.0,0.5,20.0,2.0,100.0,12.16
1342.0,1.0,20.0,2.0,100.0,9.71
1343.0,2.0,20.0,2.0,100.0,11.29
1344.0,3.0,20.0,2.0,100.0,9.79
1345.0,5.0,20.0,2.0,100.0,8.11
1346.0,10.0,20.0,2.0,100.0,8.03
1347.0,20.0,20.0,2.0,100.0,12.05
1348.0,40.0,20.0,2.0,100.0,9.06
1349.0,49.0,20.0,2.0,100.0,10.28
1350.0,0.0,20.0,2.0,100.0,22.2
1351.0,0.5,20.0,2.0,100.0,10.97
1352.0,1.0,20.0,2.0,100.0,23.48
1353.0,2.0,20.0,2.0,100.0,17.73
1354.0,3.0,20.0,2.0,100.0,10.28
1355.0,5.0,20.0,2.0,100.0,16.1
1356.0,10.0,20.0,2.0,100.0,8.87
1357.0,20.0,20.0,2.0,100.0,8.45
1358.0,40.0,20.0,2.0,100.0,15.42
1359.0,49.0,20.0,2.0,100.0,9.59
1360.0,0.0,20.0,2.0,100.0,25.39
1361.0,0.5,20.0,2.0,100.0,9.9
1362.0,1.0,20.0,2.0,100.0,21.81
1363.0,2.0,20.0,2.0,100.0,9.33
1364.0,3.0,20.0,2.0,100.0,8.79
1365.0,5.0,20.0,2.0,100.0,8.43
1366.0,10.0,20.0,2.0,100.0,10.23
1367.0,20.0,20.0,2.0,100.0,7.92
1368.0,40.0,20.0,2.0,100.0,9.31
1369.0,49.0,20.0,2.0,100.0,11.35
1370.0,0.0,20.0,2.0,100.0,24.2
1371.0,0.5,20.0,2.0,100.0,25.34
1372.0,1.0,20.0,2.0,100.0,12.99
1373.0,2.0,20.0,2.0,100.0,11.21
1374.0,3.0,20.0,2.0,100.0,9.39
1375.0,5.0,20.0,2.0,100.0,11.41
1376.0,10.0,20.0,2.0,100.0,11.28
1377.0,20.0,20.0,2.0,100.0,8.92
1378.0,40.0,20.0,2.0,100.0,8.54
1379.0,49.0,20.0,2.0,100.0,8.57
1380.0,0.0,20.0,2.0,100.0,15.47
1381.0,0.5,20.0,2.0,100.0,21.67
1382.0,1.0,20.0,2.0,100.0,12.35
1383.0,2.0,20.0,2.0,100.0,16.73
1384.0,3.0,20.0,2.0,100.0,15.34
1385.0,5.0,20.0,2.0,100.0,9.06
1386.0,10.0,20.0,2.0,100.0,9.29
1387.0,20.0,20.0,2.0,100.0,8.46
1388.0,40.0,20.0,2.0,100.0,10.17
1389.0,49.0,20.0,2.0,100.0,10.5
1390.0,0.0,20.0,2.0,100.0,23.06
1391.0,0.5,20.0,2.0,100.0,13.52
1392.0,1.0,20.0,2.0,100.0,26.18
1393.0,2.0,20.0,2.0,100.0,9.38
1394.0,3.0,20.0,2.0,100.0,9.17
1395.0,5.0,20.0,2.0,100.0,9.49
1396.0,10.0,20.0,2.0,100.0,8.9
1397.0,20.0,20.0,2.0,100.0,9.74
1398.0,40.0,20.0,2.0,100.0,8.44
1399.0,49.0,20.0,2.0,100.0,10.09
1400.0,0.0,20.0,2.0,100.0,23.42
1401.0,0.5,20.0,2.0,100.0,20.26
1402.0,1.0,20.0,2.0,100.0,12.0
1403.0,2.0,20.0,2.0,100.0,15.72
1404.0,3.0,20.0,2.0,100.0,11.68
1405.0,5.0,20.0,2.0,100.0,13.1
1406.0,10.0,20.0,2.0,100.0,12.62
1407.0,20.0,20.0,2.0,100.0,9.81
1408.0,40.0,20.0,2.0,100.0,8.66
1409.0,49.0,20.0,2.0,100.0,9.47
1410.0,0.0,20.0,2.0,100.0,13.0
1411.0,0.5,20.0,2.0,100.0,14.62
1412.0,1.0,20.0,2.0,100.0,25.44
1413.0,2.0,20.0,2.0,100.0,10.77
1414.0,3.0,20.0,2.0,100.0,12.82
1415.0,5.0,20.0,2.0,100.0,7.58
1416.0,10.0,20.0,2.0,100.0,8.12
1417.0,20.0,20.0,2.0,100.0,9.47
1418.0,40.0,20.0,2.0,100.0,9.72
1419.0,49.0,20.0,2.0,100.0,14.11
1420.0,0.0,20.0,2.0,100.0,10.25
1421.0,0.5,20.0,2.0,100.0,16.51
1422.0,1.0,20.0,2.0,100.0,13.61
1423.0,2.0,20.0,2.0,100.0,11.96
1424.0,3.0,20.0,2.0,100.0,8.54
1425.0,5.0,20.0,2.0,100.0,9.18
1426.0,10.0,20.0,2.0,100.0,9.98
1427.0,20.0,20.0,2.0,100.0,12.94
1428.0,40.0,20.0,2.0,100.0,8.75
1429.0,49.0,20.0,2.0,100.0,8.48
1430.0,0.0,20.0,2.0,100.0,21.87
1431.0,0.5,20.0,2.0,100.0,11.82
1432.0,1.0,20.0,2.0,100.0,13.05
1433.0,2.0,20.0,2.0,100.0,9.43
1434.0,3.0,20.0,2.0,100.0,8.3
1435.0,5.0,20.0,2.0,100.0,7.87
1436.0,10.0,20.0,2.0,100.0,9.85
1437.0,20.0,20.0,2.0,100.0,9.1
1438.0,40.0,20.0,2.0,100.0,13.11
1439.0,49.0,20.0,2.0,100.0,9.03
1440.0,0.0,20.0,2.0,100.0,12.79
1441.0,0.5,20.0,2.0,100.0,18.74
1442.0,1.0,20.0,2.0,100.0,11.14
1443.0,2.0,20.0,2.0,100.0,12.72
1444.0,3.0,20.0,2.0,100.0,14.3
1445.0,5.0,20.0,2.0,100.0,10.84
1446.0,10.0,20.0,2.0,100.0,14.58
1447.0,20.0,20.0,2.0,100.0,10.2
1448.0,40.0,20.0,2.0,100.0,7.66
1449.0,49.0,20.0,2.0,100.0,8.32
1450.0,0.0,20.0,2.0,100.0,12.16
1451.0,0.5,20.0,2.0,100.0,10.42
1452.0,1.0,20.0,2.0,100.0,26.01
1453.0,2.0,20.0,2.0,100.0,14.55
1454.0,3.0,20.0,2.0,100.0,13.07
1455.0,5.0,20.0,2.0,100.0,10.3
1456.0,10.0,20.0,2.0,100.0,10.18
1457.0,20.0,20.0,2.0,100.0,7.72
1458.0,40.0,20.0,2.0,100.0,9.78
1459.0,49.0,20.0,2.0,100.0,10.26
1460.0,0.0,20.0,2.0,100.0,23.97
1461.0,0.5,20.0,2.0,100.0,9.89
1462.0,1.0,20.0,2.0,100.0,15.92
1463.0,2.0,20.0,2.0,100.0,16.44
1464.0,3.0,20.0,2.0,100.0,9.85
1465.0,5.0,20.0,2.0,100.0,8.9
1466.0,10.0,20.0,2.0,100.0,10.31
1467.0,20.0,20.0,2.0,100.0,10.26
1468.0,40.0,20.0,2.0,100.0,12.75
1469.0,49.0,20.0,2.0,100.0,10.8
1470.0,0.0,20.0,2.0,100.0,14.41
1471.0,0.5,20.0,2.0,100.0,26.04
1472.0,1.0,20.0,2.0,100.0,11.31
1473.0,2.0,20.0,2.0,100.0,14.86
1474.0,3.0,20.0,2.0,100.0,11.8
1475.0,5.0,20.0,2.0,100.0,8.8
1476.0,10.0,20.0,2.0,100.0,8.79
1477.0,20.0,20.0,2.0,100.0,8.11
1478.0,40.0,20.0,2.0,100.0,8.75
1479.0,49.0,20.0,2.0,100.0,9.39
1480.0,0.0,20.0,2.0,100.0,23.31
1481.0,0.5,20.0,2.0,100.0,21.88
1482.0,1.0,20.0,2.0,100.0,20.26
1483.0,2.0,20.0,2.0,100.0,25.33
1484.0,3.0,20.0,2.0,100.0,10.32
1485.0,5.0,20.0,2.0,100.0,9.68
1486.0,10.0,20.0,2.0,100.0,10.27
1487.0,20.0,20.0,2.0,100.0,10.16
1488.0,40.0,20.0,2.0,100.0,7.75
1489.0,49.0,20.0,2.0,100.0,8.89
1490.0,0.0,20.0,2.0,100.0,24.69
1491.0,0.5,20.0,2.0,100.0,9.84
1492.0,1.0,20.0,2.0,100.0,23.99
1493.0,2.0,20.0,2.0,100.0,13.35
1494.0,3.0,20.0,2.0,100.0,11.45
1495.0,5.0,20.0,2.0,100.0,9.67
1496.0,10.0,20.0,2.0,100.0,9.97
1497.0,20.0,20.0,2.0,100.0,11.57
1498.0,40.0,20.0,2.0,100.0,10.27
1499.0,49.0,20.0,2.0,100.0,11.82
1500.0,0.0,20.0,2.0,100.0,21.22
1501.0,0.5,20.0,2.0,100.0,18.27
1502.0,1.0,20.0,2.0,100.0,10.24
1503.0,2.0,20.0,2.0,100.0,8.53
1504.0,3.0,20.0,2.0,100.0,14.46
1505.0,5.0,20.0,2.0,100.0,10.99
1506.0,10.0,20.0,2.0,100.0,10.98
1507.0,20.0,20.0,2.0,100.0,9.24
1508.0,40.0,20.0,2.0,100.0,9.9
1509.0,49.0,20.0,2.0,100.0,10.95
1510.0,0.0,20.0,2.0,100.0,20.15
1511.0,0.5,20.0,2.0,100.0,9.48
1512.0,1.0,20.0,2.0,100.0,22.92
1513.0,2.0,20.0,2.0,100.0,12.61
1514.0,3.0,20.0,2.0,100.0,9.71
1515.0,5.0,20.0,2.0,100.0,9.03
1516.0,10.0,20.0,2.0,100.0,9.64
1517.0,20.0,20.0,2.0,100.0,8.32
1518.0,40.0,20.0,2.0,100.0,11.45
1519.0,49.0,20.0,2.0,100.0,11.45
1520.0,0.0,20.0,2.0,100.0,12.18
1521.0,0.5,20.0,2.0,100.0,17.49
1522.0,1.0,20.0,2.0,100.0,18.64
1523.0,2.0,20.0,2.0,100.0,13.62
1524.0,3.0,20.0,2.0,100.0,13.18
1525.0,5.0,20.0,2.0,100.0,10.12
1526.0,10.0,20.0,2.0,100.0,7.5
1527.0,20.0,20.0,2.0,100.0,8.43
1528.0,40.0,20.0,2.0,100.0,11.82
1529.0,49.0,20.0,2.0,100.0,10.15
1530.0,0.0,20.0,2.0,100.0,11.71
1531.0,0.5,20.0,2.0,100.0,11.63
1532.0,1.0,20.0,2.0,100.0,16.9
1533.0,2.0,20.0,2.0,100.0,16.92
1534.0,3.0,20.0,2.0,100.0,13.93
1535.0,5.0,20.0,2.0,100.0,8.72
1536.0,10.0,20.0,2.0,100.0,9.16
1537.0,20.0,20.0,2.0,100.0,8.6
1538.0,40.0,20.0,2.0,100.0,7.67
1539.0,49.0,20.0,2.0,100.0,13.28
1540.0,0.0,20.0,2.0,100.0,12.31
1541.0,0.5,20.0,2.0,100.0,14.06
1542.0,1.0,20.0,2.0,100.0,10.43
1543.0,2.0,20.0,2.0,100.0,8.96
1544.0,3.0,20.0,2.0,100.0,13.49
1545.0,5.0,20.0,2.0,100.0,8.68
1546.0,10.0,20.0,2.0,100.0,10.4
1547.0,20.0,20.0,2.0,100.0,9.52
1548.0,40.0,20.0,2.0,100.0,10.74
1549.0,49.0,20.0,2.0,100.0,11.3
1550.0,0.0,20.0,2.0,100.0,21.47
1551.0,0.5,20.0,2.0,100.0,18.8
1552.0,1.0,20.0,2.0,100.0,10.59
1553.0,2.0,20.0,2.0,100.0,16.07
1554.0,3.0,20.0,2.0,100.0,12.14
1555.0,5.0,20.0,2.0,100.0,10.6
1556.0,10.0,20.0,2.0,100.0,8.83
1557.0,20.0,20.0,2.0,100.0,8.97
1558.0,40.0,20.0,2.0,100.0,10.76
1559.0,49.0,20.0,2.0,100.0,10.75
1560.0,0.0,20.0,2.0,100.0,8.56
1561.0,0.5,20.0,2.0,100.0,18.78
1562.0,1.0,20.0,2.0,100.0,12.27
1563.0,2.0,20.0,2.0,100.0,11.06
1564.0,3.0,20.0,2.0,100.0,10.98
1565.0,5.0,20.0,2.0,100.0,11.47
1566.0,10.0,20.0,2.0,100.0,8.45
1567.0,20.0,20.0,2.0,100.0,10.71
1568.0,40.0,20.0,2.0,100.0,11.84
1569.0,49.0,20.0,2.0,100.0,10.32
1570.0,0.0,20.0,2.0,100.0,21.21
1571.0,0.5,20.0,2.0,100.0,15.75
1572.0,1.0,20.0,2.0,100.0,18.53
1573.0,2.0,20.0,2.0,100.0,8.68
1574.0,3.0,20.0,2.0,100.0,9.72
1575.0,5.0,20.0,2.0,100.0,9.0
1576.0,10.0,20.0,2.0,100.0,9.22
1577.0,20.0,20.0,2.0,100.0,9.93
1578.0,40.0,20.0,2.0,100.0,11.76
1579.0,49.0,20.0,2.0,100.0,11.15
1580.0,0.0,20.0,2.0,100.0,14.16
1581.0,0.5,20.0,2.0,100.0,9.81
1582.0,1.0,20.0,2.0,100.0,10.86
1583.0,2.0,20.0,2.0,100.0,10.64
1584.0,3.0,20.0,2.0,100.0,14.24
1585.0,5.0,20.0,2.0,100.0,9.1
1586.0,10.0,20.0,2.0,100.0,9.64
1587.0,20.0,20.0,2.0,100.0,8.76
1588.0,40.0,20.0,2.0,100.0,9.75
1589.0,49.0,20.0,2.0,100.0,8.31
1590.0,0.0,20.0,2.0,100.0,14.68
1591.0,0.5,20.0,2.0,100.0,23.31
1592.0,1.0,20.0,2.0,100.0,25.35
1593.0,2.0,20.0,2.0,100.0,11.82
1594.0,3.0,20.0,2.0,100.0,10.95
1595.0,5.0,20.0,2.0,100.0,10.68
1596.0,10.0,20.0,2.0,100.0,9.39
1597.0,20.0,20.0,2.0,100.0,9.58
1598.0,40.0,20.0,2.0,100.0,9.77
1599.0,49.0,20.0,2.0,100.0,7.83
1600.0,0.0,20.0,2.0,100.0,12.34
1601.0,0.5,20.0,2.0,100.0,23.07
1602.0,1.0,20.0,2.0,100.0,10.71
1603.0,2.0,20.0,2.0,100.0,14.9
1604.0,3.0,20.0,2.0,100.0,8.86
1605.0,5.0,20.0,2.0,100.0,8.12
1606.0,10.0,20.0,2.0,100.0,9.03
1607.0,20.0,20.0,2.0,100.0,8.9
1608.0,40.0,20.0,2.0,100.0,8.63
1609.0,49.0,20.0,2.0,100.0,12.19
1610.0,0.0,20.0,2.0,100.0,16.96
1611.0,0.5,20.0,2.0,100.0,12.29
1612.0,1.0,20.0,2.0,100.0,25.23
1613.0,2.0,20.0,2.0,100.0,13.49
1614.0,3.0,20.0,2.0,100.0,9.55
1615.0,5.0,20.0,2.0,100.0,10.66
1616.0,10.0,20.0,2.0,100.0,11.34
1617.0,20.0,20.0,2.0,100.0,9.89
1618.0,40.0,20.0,2.0,100.0,10.99
1619.0,49.0,20.0,2.0,100.0,12.98
1620.0,0.0,20.0,2.0,100.0,14.4
1621.0,0.5,20.0,2.0,100.0,13.93
1622.0,1.0,20.0,2.0,100.0,19.47
1623.0,2.0,20.0,2.0,100.0,11.4
1624.0,3.0,20.0,2.0,100.0,7.53
1625.0,5.0,20.0,2.0,100.0,8.84
1626.0,10.0,20.0,2.0,100.0,8.67
1627.0,20.0,20.0,2.0,100.0,9.83
1628.0,40.0,20.0,2.0,100.0,8.01
1629.0,49.0,20.0,2.0,100.0,9.72
1630.0,0.0,20.0,2.0,100.0,15.23
1631.0,0.5,20.0,2.0,100.0,14.2
1632.0,1.0,20.0,2.0,100.0,10.19
1633.0,2.0,20.0,2.0,100.0,9.13
1634.0,3.0,20.0,2.0,100.0,12.33
1635.0,5.0,20.0,2.0,100.0,9.41
1636.0,10.0,20.0,2.0,100.0,8.89
1637.0,20.0,20.0,2.0,100.0,7.61
1638.0,40.0,20.0,2.0,100.0,8.69
1639.0,49.0,20.0,2.0,100.0,8.42
1640.0,0.0,20.0,2.0,100.0,20.91
1641.0,0.5,20.0,2.0,100.0,20.86
1642.0,1.0,20.0,2.0,100.0,13.18
1643.0,2.0,20.0,2.0,100.0,13.29
1644.0,3.0,20.0,2.0,100.0,9.55
1645.0,5.0,20.0,2.0,100.0,8.85
1646.0,10.0,20.0,2.0,100.0,8.16
1647.0,20.0,20.0,2.0,100.0,7.86
1648.0,40.0,20.0,2.0,100.0,8.56
1649.0,49.0,20.0,2.0,100.0,9.91
1650.0,0.0,20.0,2.0,100.0,11.21
1651.0,0.5,20.0,2.0,100.0,15.05
1652.0,1.0,20.0,2.0,100.0,16.95
1653.0,2.0,20.0,2.0,100.0,20.21
1654.0,3.0,20.0,2.0,100.0,9.32
1655.0,5.0,20.0,2.0,100.0,8.4
1656.0,10.0,20.0,2.0,100.0,9.35
1657.0,20.0,20.0,2.0,100.0,9.73
1658.0,40.0,20.0,2.0,100.0,10.27
1659.0,49.0,20.0,2.0,100.0,13.09
1660.0,0.0,20.0,2.0,100.0,21.45
1661.0,0.5,20.0,2.0,100.0,23.84
1662.0,1.0,20.0,2.0,100.0,12.3
1663.0,2.0,20.0,2.0,100.0,10.93
1664.0,3.0,20.0,2.0,100.0,10.6
1665.0,5.0,20.0,2.0,100.0,13.36
1666.0,10.0,20.0,2.0,100.0,11.26
1667.0,20.0,20.0,2.0,100.0,10.49
1668.0,40.0,20.0,2.0,100.0,8.75
1669.0,49.0,20.0,2.0,100.0,11.78
1670.0,0.0,20.0,2.0,100.0,19.75
1671.0,0.5,20.0,2.0,100.0,14.93
1672.0,1.0,20.0,2.0,100.0,12.37
1673.0,2.0,20.0,2.0,100.0,9.0
1674.0,3.0,20.0,2.0,100.0,8.25
1675.0,5.0,20.0,2.0,100.0,10.95
1676.0,10.0,20.0,2.0,100.0,10.47
1677.0,20.0,20.0,2.0,100.0,10.7
1678.0,40.0,20.0,2.0,100.0,8.97
1679.0,49.0,20.0,2.0,100.0,10.98
1680.0,0.0,20.0,2.0,100.0,24.84
1681.0,0.5,20.0,2.0,100.0,21.72
1682.0,1.0,20.0,2.0,100.0,11.99
1683.0,2.0,20.0,2.0,100.0,22.2
1684.0,3.0,20.0,2.0,100.0,10.09
1685.0,5.0,20.0,2.0,100.0,10.99
1686.0,10.0,20.0,2.0,100.0,9.47
1687.0,20.0,20.0,2.0,100.0,11.16
1688.0,40.0,20.0,2.0,100.0,9.89
1689.0,49.0,20.0,2.0,100.0,8.93
1690.0,0.0,20.0,2.0,100.0,13.23
1691.0,0.5,20.0,2.0,100.0,23.94
1692.0,1.0,20.0,2.0,100.0,21.64
1693.0,2.0,20.0,2.0,100.0,9.15
1694.0,3.0,20.0,2.0,100.0,10.79
1695.0,5.0,20.0,2.0,100.0,11.9
1696.0,10.0,20.0,2.0,100.0,9.64
1697.0,20.0,20.0,2.0,100.0,8.05
1698.0,40.0,20.0,2.0,100.0,8.18
1699.0,49.0,20.0,2.0,100.0,7.78
1700.0,0.0,20.0,2.0,100.0,15.74
1701.0,0.5,20.0,2.0,100.0,14.13
1702.0,1.0,20.0,2.0,100.0,10.12
1703.0,2.0,20.0,2.0,100.0,10.96
1704.0,3.0,20.0,2.0,100.0,8.34
1705.0,5.0,20.0,2.0,100.0,8.62
1706.0,10.0,20.0,2.0,100.0,8.4
1707.0,20.0,20.0,2.0,100.0,13.06
1708.0,40.0,20.0,2.0,100.0,10.04
1709.0,49.0,20.0,2.0,100.0,8.7
1710.0,0.0,20.0,2.0,100.0,8.56
1711.0,0.5,20.0,2.0,100.0,13.92
1712.0,1.0,20.0,2.0,100.0,21.79
1713.0,2.0,20.0,2.0,100.0,10.39
1714.0,3.0,20.0,2.0,100.0,9.68
1715.0,5.0,20.0,2.0,100.0,9.69
1716.0,10.0,20.0,2.0,100.0,9.95
1717.0,20.0,20.0,2.0,100.0,10.86
1718.0,40.0,20.0,2.0,100.0,9.45
1719.0,49.0,20.0,2.0,100.0,9.42
1720.0,0.0,20.0,2.0,100.0,21.92
1721.0,0.5,20.0,2.0,100.0,11.63
1722.0,1.0,20.0,2.0,100.0,16.83
1723.0,2.0,20.0,2.0,100.0,11.2
1724.0,3.0,20.0,2.0,100.0,11.12
1725.0,5.0,20.0,2.0,100.0,14.99
1726.0,10.0,20.0,2.0,100.0,11.57
1727.0,20.0,20.0,2.0,100.0,11.86
1728.0,40.0,20.0,2.0,100.0,8.59
1729.0,49.0,20.0,2.0,100.0,8.99
1730.0,0.0,20.0,2.0,100.0,15.89
1731.0,0.5,20.0,2.0,100.0,13.81
1732.0,1.0,20.0,2.0,100.0,8.94
1733.0,2.0,20.0,2.0,100.0,13.75
1734.0,3.0,20.0,2.0,100.0,12.39
1735.0,5.0,20.0,2.0,100.0,14.77
1736.0,10.0,20.0,2.0,100.0,9.3
1737.0,20.0,20.0,2.0,100.0,9.53
1738.0,40.0,20.0,2.0,100.0,8.86
1739.0,49.0,20.0,2.0,100.0,8.4
1740.0,0.0,20.0,2.0,100.0,22.19
1741.0,0.5,20.0,2.0,100.0,10.12
1742.0,1.0,20.0,2.0,100.0,10.92
1743.0,2.0,20.0,2.0,100.0,16.64
1744.0,3.0,20.0,2.0,100.0,11.23
1745.0,5.0,20.0,2.0,100.0,9.34
1746.0,10.0,20.0,2.0,100.0,7.74
1747.0,20.0,20.0,2.0,100.0,7.97
1748.0,40.0,20.0,2.0,100.0,8.94
1749.0,49.0,20.0,2.0,100.0,10.56
1750.0,0.0,20.0,2.0,100.0,19.84
1751.0,0.5,20.0,2.0,100.0,25.56
1752.0,1.0,20.0,2.0,100.0,9.21
1753.0,2.0,20.0,2.0,100.0,16.69
1754.0,3.0,20.0,2.0,100.0,11.78
1755.0,5.0,20.0,2.0,100.0,11.23
1756.0,10.0,20.0,2.0,100.0,8.2
1757.0,20.0,20.0,2.0,100.0,10.66
1758.0,40.0,20.0,2.0,100.0,8.15
1759.0,49.0,20.0,2.0,100.0,9.31
1760.0,0.0,20.0,2.0,100.0,11.91
1761.0,0.5,20.0,2.0,100.0,14.02
1762.0,1.0,20.0,2.0,100.0,16.32
1763.0,2.0,20.0,2.0,100.0,13.29
1764.0,3.0,20.0,2.0,100.0,9.02
1765.0,5.0,20.0,2.0,100.0,10.2
1766.0,10.0,20.0,2.0,100.0,11.01
1767.0,20.0,20.0,2.0,100.0,10.69
1768.0,40.0,20.0,2.0,100.0,11.51
1769.0,49.0,20.0,2.0,100.0,10.26
1770.0,0.0,20.0,2.0,100.0,22.94
1771.0,0.5,20.0,2.0,100.0,14.03
1772.0,1.0,20.0,2.0,100.0,11.37
1773.0,2.0,20.0,2.0,100.0,13.09
1774.0,3.0,20.0,2.0,100.0,10.47
1775.0,5.0,20.0,2.0,100.0,9.73
1776.0,10.0,20.0,2.0,100.0,8.74
1777.0,20.0,20.0,2.0,100.0,11.28
1778.0,40.0,20.0,2.0,100.0,10.95
1779.0,49.0,20.0,2.0,100.0,8.34
1780.0,0.0,20.0,2.0,100.0,21.82
1781.0,0.5,20.0,2.0,100.0,17.37
1782.0,1.0,20.0,2.0,100.0,10.72
1783.0,2.0,20.0,2.0,100.0,21.49
1784.0,3.0,20.0,2.0,100.0,8.08
1785.0,5.0,20.0,2.0,100.0,10.15
1786.0,10.0,20.0,2.0,100.0,8.43
1787.0,20.0,20.0,2.0,100.0,10.28
1788.0,40.0,20.0,2.0,100.0,10.08
1789.0,49.0,20.0,2.0,100.0,8.32
1790.0,0.0,20.0,2.0,100.0,24.91
1791.0,0.5,20.0,2.0,100.0,11.66
1792.0,1.0,20.0,2.0,100.0,15.3
1793.0,2.0,20.0,2.0,100.0,9.18
1794.0,3.0,20.0,2.0,100.0,12.65
1795.0,5.0,20.0,2.0,100.0,9.52
1796.0,10.0,20.0,2.0,100.0,8.5
1797.0,20.0,20.0,2.0,100.0,9.95
1798.0,40.0,20.0,2.0,100.0,10.93
1799.0,49.0,20.0,2.0,100.0,8.37
1800.0,0.0,20.0,2.0,100.0,20.04
1801.0,0.5,20.0,2.0,100.0,18.49
1802.0,1.0,20.0,2.0,100.0,18.48
1803.0,2.0,20.0,2.0,100.0,10.01
1804.0,3.0,20.0,2.0,100.0,8.51
1805.0,5.0,20.0,2.0,100.0,7.83
1806.0,10.0,20.0,2.0,100.0,8.96
1807.0,20.0,20.0,2.0,100.0,9.76
1808.0,40.0,20.0,2.0,100.0,7.98
1809.0,49.0,20.0,2.0,100.0,8.72
1810.0,0.0,20.0,2.0,100.0,13.41
1811.0,0.5,20.0,2.0,100.0,18.37
1812.0,1.0,20.0,2.0,100.0,9.48
1813.0,2.0,20.0,2.0,100.0,12.94
1814.0,3.0,20.0,2.0,100.0,9.58
1815.0,5.0,20.0,2.0,100.0,7.71
1816.0,10.0,20.0,2.0,100.0,9.45
1817.0,20.0,20.0,2.0,100.0,8.95
1818.0,40.0,20.0,2.0,100.0,10.85
1819.0,49.0,20.0,2.0,100.0,7.91
1820.0,0.0,20.0,2.0,100.0,19.72
1821.0,0.5,20.0,2.0,100.0,25.89
1822.0,1.0,20.0,2.0,100.0,17.97
1823.0,2.0,20.0,2.0,100.0,9.45
1824.0,3.0,20.0,2.0,100.0,9.94
1825.0,5.0,20.0,2.0,100.0,8.96
1826.0,10.0,20.0,2.0,100.0,7.82
1827.0,20.0,20.0,2.0,100.0,8.58
1828.0,40.0,20.0,2.0,100.0,10.36
1829.0,49.0,20.0,2.0,100.0,9.95
1830.0,0.0,20.0,2.0,100.0,20.54
1831.0,0.5,20.0,2.0,100.0,10.89
1832.0,1.0,20.0,2.0,100.0,13.84
1833.0,2.0,20.0,2.0,100.0,12.77
1834.0,3.0,20.0,2.0,100.0,7.82
1835.0,5.0,20.0,2.0,100.0,10.14
1836.0,10.0,20.0,2.0,100.0,8.87
1837.0,20.0,20.0,2.0,100.0,11.22
1838.0,40.0,20.0,2.0,100.0,8.7
1839.0,49.0,20.0,2.0,100.0,7.95
1840.0,0.0,20.0,2.0,100.0,27.79
1841.0,0.5,20.0,2.0,100.0,10.84
1842.0,1.0,20.0,2.0,100.0,13.84
1843.0,2.0,20.0,2.0,100.0,8.79
1844.0,3.0,20.0,2.0,100.0,9.26
1845.0,5.0,20.0,2.0,100.0,10.15
1846.0,10.0,20.0,2.0,100.0,11.04
1847.0,20.0,20.0,2.0,100.0,8.85
1848.0,40.0,20.0,2.0,100.0,8.4
1849.0,49.0,20.0,2.0,100.0,9.78
1850.0,0.0,20.0,2.0,100.0,16.6
1851.0,0.5,20.0,2.0,100.0,23.11
1852.0,1.0,20.0,2.0,100.0,15.63
1853.0,2.0,20.0,2.0,100.0,8.7
1854.0,3.0,20.0,2.0,100.0,10.95
1855.0,5.0,20.0,2.0,100.0,8.56
1856.0,10.0,20.0,2.0,100.0,10.18
1857.0,20.0,20.0,2.0,100.0,7.89
1858.0,40.0,20.0,2.0,100.0,11.02
1859.0,49.0,20.0,2.0,100.0,9.15
1860.0,0.0,20.0,2.0,100.0,11.23
1861.0,0.5,20.0,2.0,100.0,9.23
1862.0,1.0,20.0,2.0,100.0,11.85
1863.0,2.0,20.0,2.0,100.0,10.49
1864.0,3.0,20.0,2.0,100.0,12.27
1865.0,5.0,20.0,2.0,100.0,9.0
1866.0,10.0,20.0,2.0,100.0,10.03
1867.0,20.0,20.0,2.0,100.0,9.17
1868.0,40.0,20.0,2.0,100.0,10.5
1869.0,49.0,20.0,2.0,100.0,11.37
1870.0,0.0,20.0,2.0,100.0,20.72
1871.0,0.5,20.0,2.0,100.0,22.47
1872.0,1.0,20.0,2.0,100.0,20.12
1873.0,2.0,20.0,2.0,100.0,17.04
1874.0,3.0,20.0,2.0,100.0,10.47
1875.0,5.0,20.0,2.0,100.0,10.83
1876.0,10.0,20.0,2.0,100.0,9.35
1877.0,20.0,20.0,2.0,100.0,8.39
1878.0,40.0,20.0,2.0,100.0,9.08
1879.0,49.0,20.0,2.0,100.0,8.7
1880.0,0.0,20.0,2.0,100.0,10.78
1881.0,0.5,20.0,2.0,100.0,14.51
1882.0,1.0,20.0,2.0,100.0,8.74
1883.0,2.0,20.0,2.0,100.0,12.35
1884.0,3.0,20.0,2.0,100.0,10.53
1885.0,5.0,20.0,2.0,100.0,8.11
1886.0,10.0,20.0,2.0,100.0,11.24
1887.0,20.0,20.0,2.0,100.0,9.96
1888.0,40.0,20.0,2.0,100.0,10.77
1889.0,49.0,20.0,2.0,100.0,11.34
1890.0,0.0,20.0,2.0,100.0,18.18
1891.0,0.5,20.0,2.0,100.0,22.56
1892.0,1.0,20.0,2.0,100.0,15.52
1893.0,2.0,20.0,2.0,100.0,9.97
1894.0,3.0,20.0,2.0,100.0,9.55
1895.0,5.0,20.0,2.0,100.0,8.88
1896.0,10.0,20.0,2.0,100.0,9.68
1897.0,20.0,20.0,2.0,100.0,8.48
1898.0,40.0,20.0,2.0,100.0,10.37
1899.0,49.0,20.0,2.0,100.0,9.41
1900.0,0.0,20.0,2.0,100.0,21.7
1901.0,0.5,20.0,2.0,100.0,12.27
1902.0,1.0,20.0,2.0,100.0,12.39
1903.0,2.0,20.0,2.0,100.0,9.01
1904.0,3.0,20.0,2.0,100.0,18.78
1905.0,5.0,20.0,2.0,100.0,12.39
1906.0,10.0,20.0,2.0,100.0,8.46
1907.0,20.0,20.0,2.0,100.0,11.19
1908.0,40.0,20.0,2.0,100.0,9.34
1909.0,49.0,20.0,2.0,100.0,8.35
1910.0,0.0,20.0,2.0,100.0,13.67
1911.0,0.5,20.0,2.0,100.0,17.87
1912.0,1.0,20.0,2.0,100.0,22.79
1913.0,2.0,20.0,2.0,100.0,15.05
1914.0,3.0,20.0,2.0,100.0,11.16
1915.0,5.0,20.0,2.0,100.0,9.58
1916.0,10.0,20.0,2.0,100.0,8.5
1917.0,20.0,20.0,2.0,100.0,8.1
1918.0,40.0,20.0,2.0,100.0,9.41
1919.0,49.0,20.0,2.0,100.0,8.96
1920.0,0.0,20.0,2.0,100.0,22.49
1921.0,0.5,20.0,2.0,100.0,12.37
1922.0,1.0,20.0,2.0,100.0,12.67
1923.0,2.0,20.0,2.0,100.0,15.78
1924.0,3.0,20.0,2.0,100.0,12.46
1925.0,5.0,20.0,2.0,100.0,9.87
1926.0,10.0,20.0,2.0,100.0,7.52
1927.0,20.0,20.0,2.0,100.0,11.85
1928.0,40.0,20.0,2.0,100.0,10.11
1929.0,49.0,20.0,2.0,100.0,9.2
1930.0,0.0,20.0,2.0,100.0,21.25
1931.0,0.5,20.0,2.0,100.0,12.68
1932.0,1.0,20.0,2.0,100.0,18.56
1933.0,2.0,20.0,2.0,100.0,11.41
1934.0,3.0,20.0,2.0,100.0,7.88
1935.0,5.0,20.0,2.0,100.0,9.12
1936.0,10.0,20.0,2.0,100.0,9.36
1937.0,20.0,20.0,2.0,100.0,8.45
1938.0,40.0,20.0,2.0,100.0,8.8
1939.0,49.0,20.0,2.0,100.0,9.63
1940.0,0.0,20.0,2.0,100.0,20.86
1941.0,0.5,20.0,2.0,100.0,15.5
1942.0,1.0,20.0,2.0,100.0,9.29
1943.0,2.0,20.0,2.0,100.0,12.55
1944.0,3.0,20.0,2.0,100.0,11.28
1945.0,5.0,20.0,2.0,100.0,7.83
1946.0,10.0,20.0,2.0,100.0,9.36
1947.0,20.0,20.0,2.0,100.0,8.98
1948.0,40.0,20.0,2.0,100.0,7.79
1949.0,49.0,20.0,2.0,100.0,10.49
1950.0,0.0,20.0,2.0,100.0,21.19
1951.0,0.5,20.0,2.0,100.0,25.7
1952.0,1.0,20.0,2.0,100.0,24.74
1953.0,2.0,20.0,2.0,100.0,11.09
1954.0,3.0,20.0,2.0,100.0,17.13
1955.0,5.0,20.0,2.0,100.0,11.0
1956.0,10.0,20.0,2.0,100.0,8.45
1957.0,20.0,20.0,2.0,100.0,11.58
1958.0,40.0,20.0,2.0,100.0,9.78
1959.0,49.0,20.0,2.0,100.0,10.42
1960.0,0.0,20.0,2.0,100.0,14.63
1961.0,0.5,20.0,2.0,100.0,11.2
1962.0,1.0,20.0,2.0,100.0,9.94
1963.0,2.0,20.0,2.0,100.0,9.62
1964.0,3.0,20.0,2.0,100.0,12.26
1965.0,5.0,20.0,2.0,100.0,12.94
1966.0,10.0,20.0,2.0,100.0,9.56
1967.0,20.0,20.0,2.0,100.0,10.0
1968.0,40.0,20.0,2.0,100.0,11.09
1969.0,49.0,20.0,2.0,100.0,10.29
1970.0,0.0,20.0,2.0,100.0,15.31
1971.0,0.5,20.0,2.0,100.0,19.34
1972.0,1.0,20.0,2.0,100.0,13.23
1973.0,2.0,20.0,2.0,100.0,11.95
1974.0,3.0,20.0,2.0,100.0,12.43
1975.0,5.0,20.0,2.0,100.0,9.47
1976.0,10.0,20.0,2.0,100.0,8.33
1977.0,20.0,20.0,2.0,100.0,8.21
1978.0,40.0,20.0,2.0,100.0,10.17
1979.0,49.0,20.0,2.0,100.0,9.91
1980.0,0.0,20.0,2.0,100.0,9.05
1981.0,0.5,20.0,2.0,100.0,16.55
1982.0,1.0,20.0,2.0,100.0,10.93
1983.0,2.0,20.0,2.0,100.0,12.14
1984.0,3.0,20.0,2.0,100.0,14.9
1985.0,5.0,20.0,2.0,100.0,11.08
1986.0,10.0,20.0,2.0,100.0,7.72
1987.0,20.0,20.0,2.0,100.0,9.4
1988.0,40.0,20.0,2.0,100.0,8.68
1989.0,49.0,20.0,2.0,100.0,11.48
1990.0,0.0,20.0,2.0,100.0,12.32
1991.0,0.5,20.0,2.0,100.0,16.29
1992.0,1.0,20.0,2.0,100.0,12.54
1993.0,2.0,20.0,2.0,100.0,11.87
1994.0,3.0,20.0,2.0,100.0,10.63
1995.0,5.0,20.0,2.0,100.0,14.15
1996.0,10.0,20.0,2.0,100.0,9.33
1997.0,20.0,20.0,2.0,100.0,10.39
1998.0,40.0,20.0,2.0,100.0,9.29
1999.0,49.0,20.0,2.0,100.0,8.65
2000.0,0.0,20.0,2.0,100.0,19.04
2001.0,0.5,20.0,2.0,100.0,17.43
2002.0,1.0,20.0,2.0,100.0,10.28
2003.0,2.0,20.0,2.0,100.0,19.64
2004.0,3.0,20.0,2.0,100.0,11.03
2005.0,5.0,20.0,2.0,100.0,11.47
2006.0,10.0,20.0,2.0,100.0,10.68
2007.0,20.0,20.0,2.0,100.0,10.97
2008.0,40.0,20.0,2.0,100.0,8.27
2009.0,49.0,20.0,2.0,100.0,13.99
2010.0,0.0,20.0,2.0,100.0,25.51
2011.0,0.5,20.0,2.0,100.0,21.22
2012.0,1.0,20.0,2.0,100.0,8.22
2013.0,2.0,20.0,2.0,100.0,11.99
2014.0,3.0,20.0,2.0,100.0,13.35
2015.0,5.0,20.0,2.0,100.0,10.36
2016.0,10.0,20.0,2.0,100.0,9.95
2017.0,20.0,20.0,2.0,100.0,11.02
2018.0,40.0,20.0,2.0,100.0,12.95
2019.0,49.0,20.0,2.0,100.0,8.78
2020.0,0.0,20.0,2.0,100.0,12.78
2021.0,0.5,20.0,2.0,100.0,17.82
2022.0,1.0,20.0,2.0,100.0,8.94
2023.0,2.0,20.0,2.0,100.0,10.25
2024.0,3.0,20.0,2.0,100.0,10.32
2025.0,5.0,20.0,2.0,100.0,11.26
2026.0,10.0,20.0,2.0,100.0,8.69
2027.0,20.0,20.0,2.0,100.0,8.52
2028.0,40.0,20.0,2.0,100.0,7.99
2029.0,49.0,20.0,2.0,100.0,11.69
2030.0,0.0,20.0,2.0,100.0,16.5
2031.0,0.5,20.0,2.0,100.0,16.03
2032.0,1.0,20.0,2.0,100.0,13.31
2033.0,2.0,20.0,2.0,100.0,11.56
2034.0,3.0,20.0,2.0,100.0,8.74
2035.0,5.0,20.0,2.0,100.0,11.28
2036.0,10.0,20.0,2.0,100.0,11.75
2037.0,20.0,20.0,2.0,100.0,8.84
2038.0,40.0,20.0,2.0,100.0,8.17
2039.0,49.0,20.0,2.0,100.0,9.91
2040.0,0.0,20.0,2.0,100.0,14.53
2041.0,0.5,20.0,2.0,100.0,11.13
2042.0,1.0,20.0,2.0,100.0,11.15
2043.0,2.0,20.0,2.0,100.0,10.96
2044.0,3.0,20.0,2.0,100.0,10.09
2045.0,5.0,20.0,2.0,100.0,7.8
2046.0,10.0,20.0,2.0,100.0,8.92
2047.0,20.0,20.0,2.0,100.0,11.54
2048.0,40.0,20.0,2.0,100.0,8.01
2049.0,49.0,20.0,2.0,100.0,11.99
2050.0,0.0,20.0,2.0,100.0,24.46
2051.0,0.5,20.0,2.0,100.0,28.05
2052.0,1.0,20.0,2.0,100.0,11.29
2053.0,2.0,20.0,2.0,100.0,8.98
2054.0,3.0,20.0,2.0,100.0,10.05
2055.0,5.0,20.0,2.0,100.0,10.46
2056.0,10.0,20.0,2.0,100.0,9.62
2057.0,20.0,20.0,2.0,100.0,7.81
2058.0,40.0,20.0,2.0,100.0,8.68
2059.0,49.0,20.0,2.0,100.0,8.01
2060.0,0.0,20.0,2.0,100.0,27.56
2061.0,0.5,20.0,2.0,100.0,15.17
2062.0,1.0,20.0,2.0,100.0,14.21
2063.0,2.0,20.0,2.0,100.0,12.54
2064.0,3.0,20.0,2.0,100.0,13.35
2065.0,5.0,20.0,2.0,100.0,8.79
2066.0,10.0,20.0,2.0,100.0,10.31
2067.0,20.0,20.0,2.0,100.0,9.09
2068.0,40.0,20.0,2.0,100.0,10.14
2069.0,49.0,20.0,2.0,100.0,9.72
2070.0,0.0,20.0,2.0,100.0,14.62
2071.0,0.5,20.0,2.0,100.0,20.89
2072.0,1.0,20.0,2.0,100.0,10.27
2073.0,2.0,20.0,2.0,100.0,11.53
2074.0,3.0,20.0,2.0,100.0,9.21
2075.0,5.0,20.0,2.0,100.0,8.81
2076.0,10.0,20.0,2.0,100.0,7.71
2077.0,20.0,20.0,2.0,100.0,11.69
2078.0,40.0,20.0,2.0,100.0,9.34
2079.0,49.0,20.0,2.0,100.0,9.97
2080.0,0.0,20.0,2.0,100.0,17.52
2081.0,0.5,20.0,2.0,100.0,15.96
2082.0,1.0,20.0,2.0,100.0,10.67
2083.0,2.0,20.0,2.0,100.0,9.22
2084.0,3.0,20.0,2.0,100.0,8.38
2085.0,5.0,20.0,2.0,100.0,11.38
2086.0,10.0,20.0,2.0,100.0,11.1
2087.0,20.0,20.0,2.0,100.0,9.32
2088.0,40.0,20.0,2.0,100.0,9.46
2089.0,49.0,20.0,2.0,100.0,9.44
2090.0,0.0,20.0,2.0,100.0,19.25
2091.0,0.5,20.0,2.0,100.0,13.82
2092.0,1.0,20.0,2.0,100.0,16.0
2093.0,2.0,20.0,2.0,100.0,9.55
2094.0,3.0,20.0,2.0,100.0,10.15
2095.0,5.0,20.0,2.0,100.0,13.15
2096.0,10.0,20.0,2.0,100.0,8.75
2097.0,20.0,20.0,2.0,100.0,9.15
2098.0,40.0,20.0,2.0,100.0,9.63
2099.0,49.0,20.0,2.0,100.0,13.29
2100.0,0.0,20.0,2.0,100.0,14.59
2101.0,0.5,20.0,2.0,100.0,10.32
2102.0,1.0,20.0,2.0,100.0,8.63
2103.0,2.0,20.0,2.0,100.0,16.67
2104.0,3.0,20.0,2.0,100.0,11.01
2105.0,5.0,20.0,2.0,100.0,9.39
2106.0,10.0,20.0,2.0,100.0,10.24
2107.0,20.0,20.0,2.0,100.0,8.29
2108.0,40.0,20.0,2.0,100.0,10.58
2109.0,49.0,20.0,2.0,100.0,11.44
2110.0,0.0,20.0,2.0,100.0,13.5
2111.0,0.5,20.0,2.0,100.0,12.19
2112.0,1.0,20.0,2.0,100.0,10.15
2113.0,2.0,20.0,2.0,100.0,10.58
2114.0,3.0,20.0,2.0,100.0,10.98
2115.0,5.0,20.0,2.0,100.0,9.91
2116.0,10.0,20.0,2.0,100.0,9.52
2117.0,20.0,20.0,2.0,100.0,11.96
2118.0,40.0,20.0,2.0,100.0,9.45
2119.0,49.0,20.0,2.0,100.0,11.1
2120.0,0.0,20.0,2.0,100.0,8.46
2121.0,0.5,20.0,2.0,100.0,14.2
2122.0,1.0,20.0,2.0,100.0,19.01
2123.0,2.0,20.0,2.0,100.0,10.21
2124.0,3.0,20.0,2.0,100.0,9.14
2125.0,5.0,20.0,2.0,100.0,12.87
2126.0,10.0,20.0,2.0,100.0,8.06
2127.0,20.0,20.0,2.0,100.0,10.5
2128.0,40.0,20.0,2.0,100.0,10.85
2129.0,49.0,20.0,2.0,100.0,11.64
2130.0,0.0,20.0,2.0,100.0,10.79
2131.0,0.5,20.0,2.0,100.0,21.02
2132.0,1.0,20.0,2.0,100.0,15.73
2133.0,2.0,20.0,2.0,100.0,12.83
2134.0,3.0,20.0,2.0,100.0,16.41
2135.0,5.0,20.0,2.0,100.0,10.09
2136.0,10.0,20.0,2.0,100.0,7.91
2137.0,20.0,20.0,2.0,100.0,10.08
2138.0,40.0,20.0,2.0,100.0,7.93
2139.0,49.0,20.0,2.0,100.0,12.29
2140.0,0.0,20.0,2.0,100.0,21.28
2141.0,0.5,20.0,2.0,100.0,13.47
2142.0,1.0,20.0,2.0,100.0,21.18
2143.0,2.0,20.0,2.0,100.0,13.81
2144.0,3.0,20.0,2.0,100.0,10.92
2145.0,5.0,20.0,2.0,100.0,9.91
2146.0,10.0,20.0,2.0,100.0,7.8
2147.0,20.0,20.0,2.0,100.0,8.86
2148.0,40.0,20.0,2.0,100.0,8.08
2149.0,49.0,20.0,2.0,100.0,9.34
2150.0,0.0,20.0,2.0,100.0,15.67
2151.0,0.5,20.0,2.0,100.0,14.09
2152.0,1.0,20.0,2.0,100.0,10.72
2153.0,2.0,20.0,2.0,100.0,10.73
2154.0,3.0,20.0,2.0,100.0,11.99
2155.0,5.0,20.0,2.0,100.0,8.66
2156.0,10.0,20.0,2.0,100.0,10.75
2157.0,20.0,20.0,2.0,100.0,8.37
2158.0,40.0,20.0,2.0,100.0,10.25
2159.0,49.0,20.0,2.0,100.0,11.48
2160.0,0.0,20.0,2.0,100.0,12.49
2161.0,0.5,20.0,2.0,100.0,13.91
2162.0,1.0,20.0,2.0,100.0,12.91
2163.0,2.0,20.0,2.0,100.0,9.49
2164.0,3.0,20.0,2.0,100.0,10.2
2165.0,5.0,20.0,2.0,100.0,10.17
2166.0,10.0,20.0,2.0,100.0,9.09
2167.0,20.0,20.0,2.0,100.0,10.26
2168.0,40.0,20.0,2.0,100.0,12.14
2169.0,49.0,20.0,2.0,100.0,11.4
2170.0,0.0,20.0,2.0,100.0,26.96
2171.0,0.5,20.0,2.0,100.0,20.94
2172.0,1.0,20.0,2.0,100.0,14.59
2173.0,2.0,20.0,2.0,100.0,10.56
2174.0,3.0,20.0,2.0,100.0,7.91
2175.0,5.0,20.0,2.0,100.0,9.32
2176.0,10.0,20.0,2.0,100.0,10.99
2177.0,20.0,20.0,2.0,100.0,7.92
2178.0,40.0,20.0,2.0,100.0,8.56
2179.0,49.0,20.0,2.0,100.0,10.93
2180.0,0.0,20.0,2.0,100.0,19.76
2181.0,0.5,20.0,2.0,100.0,12.22
2182.0,1.0,20.0,2.0,100.0,14.33
2183.0,2.0,20.0,2.0,100.0,8.42
2184.0,3.0,20.0,2.0,100.0,9.24
2185.0,5.0,20.0,2.0,100.0,10.29
2186.0,10.0,20.0,2.0,100.0,9.17
2187.0,20.0,20.0,2.0,100.0,7.99
2188.0,40.0,20.0,2.0,100.0,10.2
2189.0,49.0,20.0,2.0,100.0,12.58
2190.0,0.0,20.0,2.0,100.0,22.8
2191.0,0.5,20.0,2.0,100.0,19.6
2192.0,1.0,20.0,2.0,100.0,16.68
2193.0,2.0,20.0,2.0,100.0,11.85
2194.0,3.0,20.0,2.0,100.0,9.74
2195.0,5.0,20.0,2.0,100.0,9.9
2196.0,10.0,20.0,2.0,100.0,9.0
2197.0,20.0,20.0,2.0,100.0,9.31
2198.0,40.0,20.0,2.0,100.0,9.6
2199.0,49.0,20.0,2.0,100.0,8.0
2200.0,0.0,20.0,2.0,100.0,12.69
2201.0,0.5,20.0,2.0,100.0,14.83
2202.0,1.0,20.0,2.0,100.0,20.98
2203.0,2.0,20.0,2.0,100.0,19.71
2204.0,3.0,20.0,2.0,100.0,13.98
2205.0,5.0,20.0,2.0,100.0,9.86
2206.0,10.0,20.0,2.0,100.0,8.11
2207.0,20.0,20.0,2.0,100.0,8.09
2208.0,40.0,20.0,2.0,100.0,10.95
2209.0,49.0,20.0,2.0,100.0,11.17
2210.0,0.0,20.0,2.0,100.0,12.88
2211.0,0.5,20.0,2.0,100.0,12.19
2212.0,1.0,20.0,2.0,100.0,22.74
2213.0,2.0,20.0,2.0,100.0,11.22
2214.0,3.0,20.0,2.0,100.0,13.89
2215.0,5.0,20.0,2.0,100.0,8.62
2216.0,10.0,20.0,2.0,100.0,10.83
2217.0,20.0,20.0,2.0,100.0,9.45
2218.0,40.0,20.0,2.0,100.0,12.79
2219.0,49.0,20.0,2.0,100.0,13.12
2220.0,0.0,20.0,2.0,100.0,20.53
2221.0,0.5,20.0,2.0,100.0,13.12
2222.0,1.0,20.0,2.0,100.0,19.65
2223.0,2.0,20.0,2.0,100.0,14.53
2224.0,3.0,20.0,2.0,100.0,10.18
2225.0,5.0,20.0,2.0,100.0,9.26
2226.0,10.0,20.0,2.0,100.0,9.68
2227.0,20.0,20.0,2.0,100.0,10.46
2228.0,40.0,20.0,2.0,100.0,8.73
2229.0,49.0,20.0,2.0,100.0,11.73
2230.0,0.0,20.0,2.0,100.0,18.3
2231.0,0.5,20.0,2.0,100.0,17.24
2232.0,1.0,20.0,2.0,100.0,15.72
2233.0,2.0,20.0,2.0,100.0,10.93
2234.0,3.0,20.0,2.0,100.0,16.06
2235.0,5.0,20.0,2.0,100.0,12.16
2236.0,10.0,20.0,2.0,100.0,9.31
2237.0,20.0,20.0,2.0,100.0,10.87
2238.0,40.0,20.0,2.0,100.0,10.2
2239.0,49.0,20.0,2.0,100.0,8.97
2240.0,0.0,20.0,2.0,100.0,15.67
2241.0,0.5,20.0,2.0,100.0,20.94
2242.0,1.0,20.0,2.0,100.0,9.83
2243.0,2.0,20.0,2.0,100.0,9.95
2244.0,3.0,20.0,2.0,100.0,11.28
2245.0,5.0,20.0,2.0,100.0,16.39
2246.0,10.0,20.0,2.0,100.0,8.51
2247.0,20.0,20.0,2.0,100.0,10.76
2248.0,40.0,20.0,2.0,100.0,8.85
2249.0,49.0,20.0,2.0,100.0,9.41
2250.0,0.0,20.0,2.0,100.0,11.4
2251.0,0.5,20.0,2.0,100.0,11.76
2252.0,1.0,20.0,2.0,100.0,22.34
2253.0,2.0,20.0,2.0,100.0,12.43
2254.0,3.0,20.0,2.0,100.0,8.82
2255.0,5.0,20.0,2.0,100.0,10.26
2256.0,10.0,20.0,2.0,100.0,8.98
2257.0,20.0,20.0,2.0,100.0,10.01
2258.0,40.0,20.0,2.0,100.0,7.75
2259.0,49.0,20.0,2.0,100.0,9.46
2260.0,0.0,20.0,2.0,100.0,14.05
2261.0,0.5,20.0,2.0,100.0,21.66
2262.0,1.0,20.0,2.0,100.0,24.94
2263.0,2.0,20.0,2.0,100.0,10.21
2264.0,3.0,20.0,2.0,100.0,11.14
2265.0,5.0,20.0,2.0,100.0,8.81
2266.0,10.0,20.0,2.0,100.0,7.94
2267.0,20.0,20.0,2.0,100.0,8.14
2268.0,40.0,20.0,2.0,100.0,10.68
2269.0,49.0,20.0,2.0,100.0,9.64
2270.0,0.0,20.0,2.0,100.0,25.88
2271.0,0.5,20.0,2.0,100.0,8.0
2272.0,1.0,20.0,2.0,100.0,11.2
2273.0,2.0,20.0,2.0,100.0,12.47
2274.0,3.0,20.0,2.0,100.0,11.65
2275.0,5.0,20.0,2.0,100.0,8.95
2276.0,10.0,20.0,2.0,100.0,9.53
2277.0,20.0,20.0,2.0,100.0,8.63
2278.0,40.0,20.0,2.0,100.0,10.45
2279.0,49.0,20.0,2.0,100.0,9.53
2280.0,0.0,20.0,2.0,100.0,12.49
2281.0,0.5,20.0,2.0,100.0,18.26
2282.0,1.0,20.0,2.0,100.0,24.53
2283.0,2.0,20.0,2.0,100.0,10.52
2284.0,3.0,20.0,2.0,100.0,9.93
2285.0,5.0,20.0,2.0,100.0,10.6
2286.0,10.0,20.0,2.0,100.0,9.61
2287.0,20.0,20.0,2.0,100.0,8.31
2288.0,40.0,20.0,2.0,100.0,9.04
2289.0,49.0,20.0,2.0,100.0,9.09
2290.0,0.0,20.0,2.0,100.0,23.16
2291.0,0.5,20.0,2.0,100.0,12.98
2292.0,1.0,20.0,2.0,100.0,14.23
2293.0,2.0,20.0,2.0,100.0,18.76
2294.0,3.0,20.0,2.0,100.0,8.77
2295.0,5.0,20.0,2.0,100.0,9.85
2296.0,10.0,20.0,2.0,100.0,9.97
2297.0,20.0,20.0,2.0,100.0,9.97
2298.0,40.0,20.0,2.0,100.0,7.9
2299.0,49.0,20.0,2.0,100.0,11.3
2300.0,0.0,20.0,2.0,100.0,18.8
2301.0,0.5,20.0,2.0,100.0,14.14
2302.0,1.0,20.0,2.0,100.0,18.23
2303.0,2.0,20.0,2.0,100.0,8.45
2304.0,3.0,20.0,2.0,100.0,10.17
2305.0,5.0,20.0,2.0,100.0,8.4
2306.0,10.0,20.0,2.0,100.0,8.63
2307.0,20.0,20.0,2.0,100.0,8.76
2308.0,40.0,20.0,2.0,100.0,8.62
2309.0,49.0,20.0,2.0,100.0,11.1
2310.0,0.0,20.0,2.0,100.0,23.13
2311.0,0.5,20.0,2.0,100.0,10.1
2312.0,1.0,20.0,2.0,100.0,10.18
2313.0,2.0,20.0,2.0,100.0,14.1
2314.0,3.0,20.0,2.0,100.0,12.88
2315.0,5.0,20.0,2.0,100.0,8.3
2316.0,10.0,20.0,2.0,100.0,8.53
2317.0,20.0,20.0,2.0,100.0,9.8
2318.0,40.0,20.0,2.0,100.0,8.7
2319.0,49.0,20.0,2.0,100.0,8.46
2320.0,0.0,20.0,2.0,100.0,22.69
2321.0,0.5,20.0,2.0,100.0,9.19
2322.0,1.0,20.0,2.0,100.0,13.17
2323.0,2.0,20.0,2.0,100.0,11.68
2324.0,3.0,20.0,2.0,100.0,9.48
2325.0,5.0,20.0,2.0,100.0,11.49
2326.0,10.0,20.0,2.0,100.0,7.73
2327.0,20.0,20.0,2.0,100.0,8.56
2328.0,40.0,20.0,2.0,100.0,9.0
2329.0,49.0,20.0,2.0,100.0,10.43
2330.0,0.0,20.0,2.0,100.0,22.13
2331.0,0.5,20.0,2.0,100.0,14.5
2332.0,1.0,20.0,2.0,100.0,24.54
2333.0,2.0,20.0,2.0,100.0,12.88
2334.0,3.0,20.0,2.0,100.0,12.24
2335.0,5.0,20.0,2.0,100.0,8.53
2336.0,10.0,20.0,2.0,100.0,8.47
2337.0,20.0,20.0,2.0,100.0,7.94
2338.0,40.0,20.0,2.0,100.0,9.85
2339.0,49.0,20.0,2.0,100.0,10.34
2340.0,0.0,20.0,2.0,100.0,12.54
2341.0,0.5,20.0,2.0,100.0,11.09
2342.0,1.0,20.0,2.0,100.0,11.29
2343.0,2.0,20.0,2.0,100.0,11.79
2344.0,3.0,20.0,2.0,100.0,9.06
2345.0,5.0,20.0,2.0,100.0,16.58
2346.0,10.0,20.0,2.0,100.0,9.22
2347.0,20.0,20.0,2.0,100.0,8.76
2348.0,40.0,20.0,2.0,100.0,10.62
2349.0,49.0,20.0,2.0,100.0,10.32
2350.0,0.0,20.0,2.0,100.0,15.51
2351.0,0.5,20.0,2.0,100.0,20.58
2352.0,1.0,20.0,2.0,100.0,10.1
2353.0,2.0,20.0,2.0,100.0,11.49
2354.0,3.0,20.0,2.0,100.0,8.17
2355.0,5.0,20.0,2.0,100.0,10.26
2356.0,10.0,20.0,2.0,100.0,9.91
2357.0,20.0,20.0,2.0,100.0,10.64
2358.0,40.0,20.0,2.0,100.0,9.94
2359.0,49.0,20.0,2.0,100.0,11.59
2360.0,0.0,20.0,2.0,100.0,12.06
2361.0,0.5,20.0,2.0,100.0,18.32
2362.0,1.0,20.0,2.0,100.0,14.0
2363.0,2.0,20.0,2.0,100.0,7.81
2364.0,3.0,20.0,2.0,100.0,14.24
2365.0,5.0,20.0,2.0,100.0,10.67
2366.0,10.0,20.0,2.0,100.0,10.66
2367.0,20.0,20.0,2.0,100.0,8.53
2368.0,40.0,20.0,2.0,100.0,10.25
2369.0,49.0,20.0,2.0,100.0,9.4
2370.0,0.0,20.0,2.0,100.0,19.76
2371.0,0.5,20.0,2.0,100.0,23.26
2372.0,1.0,20.0,2.0,100.0,11.19
2373.0,2.0,20.0,2.0,100.0,20.4
2374.0,3.0,20.0,2.0,100.0,10.88
2375.0,5.0,20.0,2.0,100.0,10.04
2376.0,10.0,20.0,2.0,100.0,8.53
2377.0,20.0,20.0,2.0,100.0,9.24
2378.0,40.0,20.0,2.0,100.0,7.71
2379.0,49.0,20.0,2.0,100.0,11.18
2380.0,0.0,20.0,2.0,100.0,16.83
2381.0,0.5,20.0,2.0,100.0,15.28
2382.0,1.0,20.0,2.0,100.0,14.12
2383.0,2.0,20.0,2.0,100.0,15.73
2384.0,3.0,20.0,2.0,100.0,16.86
2385.0,5.0,20.0,2.0,100.0,9.94
2386.0,10.0,20.0,2.0,100.0,8.92
2387.0,20.0,20.0,2.0,100.0,9.04
2388.0,40.0,20.0,2.0,100.0,8.31
2389.0,49.0,20.0,2.0,100.0,10.75
2390.0,0.0,20.0,2.0,100.0,14.72
2391.0,0.5,20.0,2.0,100.0,18.83
2392.0,1.0,20.0,2.0,100.0,18.72
2393.0,2.0,20.0,2.0,100.0,10.9
2394.0,3.0,20.0,2.0,100.0,9.01
2395.0,5.0,20.0,2.0,100.0,8.06
2396.0,10.0,20.0,2.0,100.0,9.07
2397.0,20.0,20.0,2.0,100.0,8.2
2398.0,40.0,20.0,2.0,100.0,11.88
2399.0,49.0,20.0,2.0,100.0,9.14
2400.0,0.0,20.0,2.0,100.0,15.68
2401.0,0.5,20.0,2.0,100.0,12.18
2402.0,1.0,20.0,2.0,100.0,21.76
2403.0,2.0,20.0,2.0,100.0,13.85
2404.0,3.0,20.0,2.0,100.0,15.0
2405.0,5.0,20.0,2.0,100.0,9.76
2406.0,10.0,20.0,2.0,100.0,8.69
2407.0,20.0,20.0,2.0,100.0,9.92
2408.0,40.0,20.0,2.0,100.0,9.54
2409.0,49.0,20.0,2.0,100.0,9.53
2410.0,0.0,20.0,2.0,100.0,22.45
2411.0,0.5,20.0,2.0,100.0,19.29
2412.0,1.0,20.0,2.0,100.0,21.15
2413.0,2.0,20.0,2.0,100.0,9.53
2414.0,3.0,20.0,2.0,100.0,16.53
2415.0,5.0,20.0,2.0,100.0,11.52
2416.0,10.0,20.0,2.0,100.0,10.25
2417.0,20.0,20.0,2.0,100.0,10.1
2418.0,40.0,20.0,2.0,100.0,9.16
2419.0,49.0,20.0,2.0,100.0,11.98
2420.0,0.0,20.0,2.0,100.0,17.95
2421.0,0.5,20.0,2.0,100.0,22.5
2422.0,1.0,20.0,2.0,100.0,8.78
2423.0,2.0,20.0,2.0,100.0,9.19
2424.0,3.0,20.0,2.0,100.0,10.3
2425.0,5.0,20.0,2.0,100.0,9.68
2426.0,10.0,20.0,2.0,100.0,8.78
2427.0,20.0,20.0,2.0,100.0,8.62
2428.0,40.0,20.0,2.0,100.0,8.48
2429.0,49.0,20.0,2.0,100.0,12.3
2430.0,0.0,20.0,2.0,100.0,26.93
2431.0,0.5,20.0,2.0,100.0,23.98
2432.0,1.0,20.0,2.0,100.0,10.41
2433.0,2.0,20.0,2.0,100.0,11.89
2434.0,3.0,20.0,2.0,100.0,8.04
2435.0,5.0,20.0,2.0,100.0,12.99
2436.0,10.0,20.0,2.0,100.0,10.06
2437.0,20.0,20.0,2.0,100.0,8.93
2438.0,40.0,20.0,2.0,100.0,10.4
2439.0,49.0,20.0,2.0,100.0,10.17
2440.0,0.0,20.0,2.0,100.0,16.7
2441.0,0.5,20.0,2.0,100.0,17.04
2442.0,1.0,20.0,2.0,100.0,8.84
2443.0,2.0,20.0,2.0,100.0,13.16
2444.0,3.0,20.0,2.0,100.0,11.94
2445.0,5.0,20.0,2.0,100.0,8.93
2446.0,10.0,20.0,2.0,100.0,9.54
2447.0,20.0,20.0,2.0,100.0,11.45
2448.0,40.0,20.0,2.0,100.0,8.58
2449.0,49.0,20.0,2.0,100.0,8.35
2450.0,0.0,20.0,2.0,100.0,15.25
2451.0,0.5,20.0,2.0,100.0,19.16
2452.0,1.0,20.0,2.0,100.0,14.34
2453.0,2.0,20.0,2.0,100.0,8.86
2454.0,3.0,20.0,2.0,100.0,14.26
2455.0,5.0,20.0,2.0,100.0,10.42
2456.0,10.0,20.0,2.0,100.0,9.37
2457.0,20.0,20.0,2.0,100.0,9.7
2458.0,40.0,20.0,2.0,100.0,10.09
2459.0,49.0,20.0,2.0,100.0,10.36
2460.0,0.0,20.0,2.0,100.0,13.97
2461.0,0.5,20.0,2.0,100.0,10.06
2462.0,1.0,20.0,2.0,100.0,21.79
2463.0,2.0,20.0,2.0,100.0,11.91
2464.0,3.0,20.0,2.0,100.0,12.67
2465.0,5.0,20.0,2.0,100.0,8.52
2466.0,10.0,20.0,2.0,100.0,9.5
2467.0,20.0,20.0,2.0,100.0,8.16
2468.0,40.0,20.0,2.0,100.0,8.13
2469.0,49.0,20.0,2.0,100.0,11.49
2470.0,0.0,20.0,2.0,100.0,19.96
2471.0,0.5,20.0,2.0,100.0,23.09
2472.0,1.0,20.0,2.0,100.0,11.98
2473.0,2.0,20.0,2.0,100.0,11.13
2474.0,3.0,20.0,2.0,100.0,8.49
2475.0,5.0,20.0,2.0,100.0,8.74
2476.0,10.0,20.0,2.0,100.0,10.1
2477.0,20.0,20.0,2.0,100.0,11.61
2478.0,40.0,20.0,2.0,100.0,10.37
2479.0,49.0,20.0,2.0,100.0,9.38
2480.0,0.0,20.0,2.0,100.0,10.97
2481.0,0.5,20.0,2.0,100.0,14.2
2482.0,1.0,20.0,2.0,100.0,11.7
2483.0,2.0,20.0,2.0,100.0,9.08
2484.0,3.0,20.0,2.0,100.0,14.8
2485.0,5.0,20.0,2.0,100.0,9.38
2486.0,10.0,20.0,2.0,100.0,9.91
2487.0,20.0,20.0,2.0,100.0,11.21
2488.0,40.0,20.0,2.0,100.0,10.43
2489.0,49.0,20.0,2.0,100.0,11.34
2490.0,0.0,20.0,2.0,100.0,14.29
2491.0,0.5,20.0,2.0,100.0,17.11
2492.0,1.0,20.0,2.0,100.0,12.39
2493.0,2.0,20.0,2.0,100.0,10.03
2494.0,3.0,20.0,2.0,100.0,14.4
2495.0,5.0,20.0,2.0,100.0,10.71
2496.0,10.0,20.0,2.0,100.0,10.11
2497.0,20.0,20.0,2.0,100.0,8.84
2498.0,40.0,20.0,2.0,100.0,10.72
2499.0,49.0,20.0,2.0,100.0,13.98
2500.0,0.0,20.0,2.0,100.0,20.83
2501.0,0.5,20.0,2.0,100.0,9.88
2502.0,1.0,20.0,2.0,100.0,12.62
2503.0,2.0,20.0,2.0,100.0,23.7
2504.0,3.0,20.0,2.0,100.0,12.08
2505.0,5.0,20.0,2.0,100.0,11.63
2506.0,10.0,20.0,2.0,100.0,11.1
2507.0,20.0,20.0,2.0,100.0,11.06
2508.0,40.0,20.0,2.0,100.0,10.62
2509.0,49.0,20.0,2.0,100.0,10.92
2510.0,0.0,20.0,2.0,100.0,14.15
2511.0,0.5,20.0,2.0,100.0,16.87
2512.0,1.0,20.0,2.0,100.0,15.95
2513.0,2.0,20.0,2.0,100.0,10.81
2514.0,3.0,20.0,2.0,100.0,9.02
2515.0,5.0,20.0,2.0,100.0,8.57
2516.0,10.0,20.0,2.0,100.0,9.27
2517.0,20.0,20.0,2.0,100.0,9.74
2518.0,40.0,20.0,2.0,100.0,8.39
2519.0,49.0,20.0,2.0,100.0,12.68
2520.0,0.0,20.0,2.0,100.0,16.86
2521.0,0.5,20.0,2.0,100.0,14.31
2522.0,1.0,20.0,2.0,100.0,8.97
2523.0,2.0,20.0,2.0,100.0,11.68
2524.0,3.0,20.0,2.0,100.0,13.89
2525.0,5.0,20.0,2.0,100.0,9.72
2526.0,10.0,20.0,2.0,100.0,7.77
2527.0,20.0,20.0,2.0,100.0,9.28
2528.0,40.0,20.0,2.0,100.0,9.91
2529.0,49.0,20.0,2.0,100.0,8.9
2530.0,0.0,20.0,2.0,100.0,17.49
2531.0,0.5,20.0,2.0,100.0,13.06
2532.0,1.0,20.0,2.0,100.0,17.65
2533.0,2.0,20.0,2.0,100.0,11.53
2534.0,3.0,20.0,2.0,100.0,10.91
2535.0,5.0,20.0,2.0,100.0,9.17
2536.0,10.0,20.0,2.0,100.0,9.92
2537.0,20.0,20.0,2.0,100.0,7.99
2538.0,40.0,20.0,2.0,100.0,8.22
2539.0,49.0,20.0,2.0,100.0,8.46
2540.0,0.0,20.0,2.0,100.0,15.74
2541.0,0.5,20.0,2.0,100.0,16.5
2542.0,1.0,20.0,2.0,100.0,18.4
2543.0,2.0,20.0,2.0,100.0,12.16
2544.0,3.0,20.0,2.0,100.0,9.49
2545.0,5.0,20.0,2.0,100.0,8.7
2546.0,10.0,20.0,2.0,100.0,10.12
2547.0,20.0,20.0,2.0,100.0,8.43
2548.0,40.0,20.0,2.0,100.0,9.66
2549.0,49.0,20.0,2.0,100.0,12.37
2550.0,0.0,20.0,2.0,100.0,19.43
2551.0,0.5,20.0,2.0,100.0,14.15
2552.0,1.0,20.0,2.0,100.0,8.8
2553.0,2.0,20.0,2.0,100.0,9.95
2554.0,3.0,20.0,2.0,100.0,9.85
2555.0,5.0,20.0,2.0,100.0,10.1
2556.0,10.0,20.0,2.0,100.0,8.44
2557.0,20.0,20.0,2.0,100.0,8.39
2558.0,40.0,20.0,2.0,100.0,9.7
2559.0,49.0,20.0,2.0,100.0,13.22
2560.0,0.0,20.0,2.0,100.0,20.53
2561.0,0.5,20.0,2.0,100.0,16.38
2562.0,1.0,20.0,2.0,100.0,17.75
2563.0,2.0,20.0,2.0,100.0,10.11
2564.0,3.0,20.0,2.0,100.0,13.0
2565.0,5.0,20.0,2.0,100.0,10.45
2566.0,10.0,20.0,2.0,100.0,10.42
2567.0,20.0,20.0,2.0,100.0,10.01
2568.0,40.0,20.0,2.0,100.0,10.69
2569.0,49.0,20.0,2.0,100.0,9.18
2570.0,0.0,20.0,2.0,100.0,17.86
2571.0,0.5,20.0,2.0,100.0,12.52
2572.0,1.0,20.0,2.0,100.0,13.3
2573.0,2.0,20.0,2.0,100.0,9.1
2574.0,3.0,20.0,2.0,100.0,13.48
2575.0,5.0,20.0,2.0,100.0,8.83
2576.0,10.0,20.0,2.0,100.0,8.85
2577.0,20.0,20.0,2.0,100.0,9.59
2578.0,40.0,20.0,2.0,100.0,9.04
2579.0,49.0,20.0,2.0,100.0,11.37
2580.0,0.0,20.0,2.0,100.0,19.99
2581.0,0.5,20.0,2.0,100.0,10.13
2582.0,1.0,20.0,2.0,100.0,20.1
2583.0,2.0,20.0,2.0,100.0,8.62
2584.0,3.0,20.0,2.0,100.0,9.71
2585.0,5.0,20.0,2.0,100.0,9.7
2586.0,10.0,20.0,2.0,100.0,7.97
2587.0,20.0,20.0,2.0,100.0,8.65
2588.0,40.0,20.0,2.0,100.0,8.42
2589.0,49.0,20.0,2.0,100.0,11.87
2590.0,0.0,20.0,2.0,100.0,22.7
2591.0,0.5,20.0,2.0,100.0,11.57
2592.0,1.0,20.0,2.0,100.0,10.49
2593.0,2.0,20.0,2.0,100.0,9.95
2594.0,3.0,20.0,2.0,100.0,14.96
2595.0,5.0,20.0,2.0,100.0,10.46
2596.0,10.0,20.0,2.0,100.0,10.45
2597.0,20.0,20.0,2.0,100.0,7.75
2598.0,40.0,20.0,2.0,100.0,10.97
2599.0,49.0,20.0,2.0,100.0,9.38
2600.0,0.0,20.0,2.0,100.0,26.43
2601.0,0.5,20.0,2.0,100.0,10.29
2602.0,1.0,20.0,2.0,100.0,19.96
2603.0,2.0,20.0,2.0,100.0,12.85
2604.0,3.0,20.0,2.0,100.0,9.53
2605.0,5.0,20.0,2.0,100.0,8.02
2606.0,10.0,20.0,2.0,100.0,7.34
2607.0,20.0,20.0,2.0,100.0,8.52
2608.0,40.0,20.0,2.0,100.0,10.73
2609.0,49.0,20.0,2.0,100.0,11.05
2610.0,0.0,20.0,2.0,100.0,17.48
2611.0,0.5,20.0,2.0,100.0,16.83
2612.0,1.0,20.0,2.0,100.0,12.3
2613.0,2.0,20.0,2.0,100.0,11.01
2614.0,3.0,20.0,2.0,100.0,8.34
2615.0,5.0,20.0,2.0,100.0,12.94
2616.0,10.0,20.0,2.0,100.0,8.74
2617.0,20.0,20.0,2.0,100.0,8.43
2618.0,40.0,20.0,2.0,100.0,9.1
2619.0,49.0,20.0,2.0,100.0,11.16
2620.0,0.0,20.0,2.0,100.0,15.22
2621.0,0.5,20.0,2.0,100.0,13.12
2622.0,1.0,20.0,2.0,100.0,11.4
2623.0,2.0,20.0,2.0,100.0,16.37
2624.0,3.0,20.0,2.0,100.0,10.05
2625.0,5.0,20.0,2.0,100.0,9.06
2626.0,10.0,20.0,2.0,100.0,9.63
2627.0,20.0,20.0,2.0,100.0,8.71
2628.0,40.0,20.0,2.0,100.0,10.17
2629.0,49.0,20.0,2.0,100.0,9.95
2630.0,0.0,20.0,2.0,100.0,15.95
2631.0,0.5,20.0,2.0,100.0,17.67
2632.0,1.0,20.0,2.0,100.0,15.3
2633.0,2.0,20.0,2.0,100.0,12.18
2634.0,3.0,20.0,2.0,100.0,11.17
2635.0,5.0,20.0,2.0,100.0,9.25
2636.0,10.0,20.0,2.0,100.0,10.22
2637.0,20.0,20.0,2.0,100.0,8.55
2638.0,40.0,20.0,2.0,100.0,10.18
2639.0,49.0,20.0,2.0,100.0,9.38
2640.0,0.0,20.0,2.0,100.0,20.86
2641.0,0.5,20.0,2.0,100.0,10.51
2642.0,1.0,20.0,2.0,100.0,15.57
2643.0,2.0,20.0,2.0,100.0,11.18
2644.0,3.0,20.0,2.0,100.0,10.07
2645.0,5.0,20.0,2.0,100.0,10.78
2646.0,10.0,20.0,2.0,100.0,11.13
2647.0,20.0,20.0,2.0,100.0,8.18
2648.0,40.0,20.0,2.0,100.0,9.19
2649.0,49.0,20.0,2.0,100.0,11.17
2650.0,0.0,20.0,2.0,100.0,17.78
2651.0,0.5,20.0,2.0,100.0,15.5
2652.0,1.0,20.0,2.0,100.0,10.69
2653.0,2.0,20.0,2.0,100.0,15.14
2654.0,3.0,20.0,2.0,100.0,9.14
2655.0,5.0,20.0,2.0,100.0,10.3
2656.0,10.0,20.0,2.0,100.0,7.38
2657.0,20.0,20.0,2.0,100.0,9.85
2658.0,40.0,20.0,2.0,100.0,10.26
2659.0,49.0,20.0,2.0,100.0,7.61
2660.0,0.0,20.0,2.0,100.0,10.79
2661.0,0.5,20.0,2.0,100.0,15.16
2662.0,1.0,20.0,2.0,100.0,9.35
2663.0,2.0,20.0,2.0,100.0,11.48
2664.0,3.0,20.0,2.0,100.0,9.51
2665.0,5.0,20.0,2.0,100.0,11.72
2666.0,10.0,20.0,2.0,100.0,11.37
2667.0,20.0,20.0,2.0,100.0,9.96
2668.0,40.0,20.0,2.0,100.0,10.73
2669.0,49.0,20.0,2.0,100.0,11.25
2670.0,0.0,20.0,2.0,100.0,11.85
2671.0,0.5,20.0,2.0,100.0,14.51
2672.0,1.0,20.0,2.0,100.0,18.21
2673.0,2.0,20.0,2.0,100.0,20.84
2674.0,3.0,20.0,2.0,100.0,8.91
2675.0,5.0,20.0,2.0,100.0,10.9
2676.0,10.0,20.0,2.0,100.0,10.57
2677.0,20.0,20.0,2.0,100.0,11.59
2678.0,40.0,20.0,2.0,100.0,9.57
2679.0,49.0,20.0,2.0,100.0,10.44
2680.0,0.0,20.0,2.0,100.0,23.07
2681.0,0.5,20.0,2.0,100.0,16.17
2682.0,1.0,20.0,2.0,100.0,9.2
2683.0,2.0,20.0,2.0,100.0,14.68
2684.0,3.0,20.0,2.0,100.0,9.64
2685.0,5.0,20.0,2.0,100.0,8.47
2686.0,10.0,20.0,2.0,100.0,8.85
2687.0,20.0,20.0,2.0,100.0,7.94
2688.0,40.0,20.0,2.0,100.0,10.38
2689.0,49.0,20.0,2.0,100.0,9.7
2690.0,0.0,20.0,2.0,100.0,16.58
2691.0,0.5,20.0,2.0,100.0,14.96
2692.0,1.0,20.0,2.0,100.0,17.64
2693.0,2.0,20.0,2.0,100.0,10.92
2694.0,3.0,20.0,2.0,100.0,11.08
2695.0,5.0,20.0,2.0,100.0,9.38
2696.0,10.0,20.0,2.0,100.0,10.35
2697.0,20.0,20.0,2.0,100.0,7.86
2698.0,40.0,20.0,2.0,100.0,8.64
2699.0,49.0,20.0,2.0,100.0,9.98
2700.0,0.0,20.0,2.0,100.0,22.82
2701.0,0.5,20.0,2.0,100.0,14.64
2702.0,1.0,20.0,2.0,100.0,16.45
2703.0,2.0,20.0,2.0,100.0,11.02
2704.0,3.0,20.0,2.0,100.0,12.77
2705.0,5.0,20.0,2.0,100.0,9.35
2706.0,10.0,20.0,2.0,100.0,8.25
2707.0,20.0,20.0,2.0,100.0,10.84
2708.0,40.0,20.0,2.0,100.0,8.02
2709.0,49.0,20.0,2.0,100.0,8.89
2710.0,0.0,20.0,2.0,100.0,19.25
2711.0,0.5,20.0,2.0,100.0,14.63
2712.0,1.0,20.0,2.0,100.0,17.05
2713.0,2.0,20.0,2.0,100.0,11.67
2714.0,3.0,20.0,2.0,100.0,10.18
2715.0,5.0,20.0,2.0,100.0,10.77
2716.0,10.0,20.0,2.0,100.0,10.43
2717.0,20.0,20.0,2.0,100.0,10.43
2718.0,40.0,20.0,2.0,100.0,9.06
2719.0,49.0,20.0,2.0,100.0,7.98
2720.0,0.0,20.0,2.0,100.0,21.06
2721.0,0.5,20.0,2.0,100.0,11.56
2722.0,1.0,20.0,2.0,100.0,19.7
2723.0,2.0,20.0,2.0,100.0,9.87
2724.0,3.0,20.0,2.0,100.0,13.15
2725.0,5.0,20.0,2.0,100.0,9.23
2726.0,10.0,20.0,2.0,100.0,8.27
2727.0,20.0,20.0,2.0,100.0,8.74
2728.0,40.0,20.0,2.0,100.0,9.04
2729.0,49.0,20.0,2.0,100.0,8.25
2730.0,0.0,20.0,2.0,100.0,10.58
2731.0,0.5,20.0,2.0,100.0,18.16
2732.0,1.0,20.0,2.0,100.0,8.49
2733.0,2.0,20.0,2.0,100.0,11.29
2734.0,3.0,20.0,2.0,100.0,10.2
2735.0,5.0,20.0,2.0,100.0,10.41
2736.0,10.0,20.0,2.0,100.0,9.75
2737.0,20.0,20.0,2.0,100.0,10.3
2738.0,40.0,20.0,2.0,100.0,8.18
2739.0,49.0,20.0,2.0,100.0,9.65
2740.0,0.0,20.0,2.0,100.0,13.23
2741.0,0.5,20.0,2.0,100.0,22.04
2742.0,1.0,20.0,2.0,100.0,16.64
2743.0,2.0,20.0,2.0,100.0,10.02
2744.0,3.0,20.0,2.0,100.0,10.67
2745.0,5.0,20.0,2.0,100.0,10.15
2746.0,10.0,20.0,2.0,100.0,10.61
2747.0,20.0,20.0,2.0,100.0,11.12
2748.0,40.0,20.0,2.0,100.0,11.97
2749.0,49.0,20.0,2.0,100.0,9.24
2750.0,0.0,20.0,2.0,100.0,20.49
2751.0,0.5,20.0,2.0,100.0,21.22
2752.0,1.0,20.0,2.0,100.0,15.92
2753.0,2.0,20.0,2.0,100.0,13.42
2754.0,3.0,20.0,2.0,100.0,12.06
2755.0,5.0,20.0,2.0,100.0,11.43
2756.0,10.0,20.0,2.0,100.0,9.16
2757.0,20.0,20.0,2.0,100.0,10.67
2758.0,40.0,20.0,2.0,100.0,9.9
2759.0,49.0,20.0,2.0,100.0,10.01
2760.0,0.0,20.0,2.0,100.0,21.81
2761.0,0.5,20.0,2.0,100.0,18.78
2762.0,1.0,20.0,2.0,100.0,9.16
2763.0,2.0,20.0,2.0,100.0,9.49
2764.0,3.0,20.0,2.0,100.0,7.79
2765.0,5.0,20.0,2.0,100.0,10.2
2766.0,10.0,20.0,2.0,100.0,8.91
2767.0,20.0,20.0,2.0,100.0,9.95
2768.0,40.0,20.0,2.0,100.0,9.15
2769.0,49.0,20.0,2.0,100.0,9.4
2770.0,0.0,20.0,2.0,100.0,20.1
2771.0,0.5,20.0,2.0,100.0,14.72
2772.0,1.0,20.0,2.0,100.0,8.24
2773.0,2.0,20.0,2.0,100.0,15.89
2774.0,3.0,20.0,2.0,100.0,9.76
2775.0,5.0,20.0,2.0,100.0,9.85
2776.0,10.0,20.0,2.0,100.0,9.64
2777.0,20.0,20.0,2.0,100.0,9.27
2778.0,40.0,20.0,2.0,100.0,9.69
2779.0,49.0,20.0,2.0,100.0,9.79
2780.0,0.0,20.0,2.0,100.0,12.21
2781.0,0.5,20.0,2.0,100.0,14.57
2782.0,1.0,20.0,2.0,100.0,11.97
2783.0,2.0,20.0,2.0,100.0,9.91
2784.0,3.0,20.0,2.0,100.0,11.69
2785.0,5.0,20.0,2.0,100.0,12.81
2786.0,10.0,20.0,2.0,100.0,10.4
2787.0,20.0,20.0,2.0,100.0,10.26
2788.0,40.0,20.0,2.0,100.0,10.23
2789.0,49.0,20.0,2.0,100.0,9.75
2790.0,0.0,20.0,2.0,100.0,9.7
2791.0,0.5,20.0,2.0,100.0,14.22
2792.0,1.0,20.0,2.0,100.0,8.48
2793.0,2.0,20.0,2.0,100.0,15.57
2794.0,3.0,20.0,2.0,100.0,7.83
2795.0,5.0,20.0,2.0,100.0,9.3
2796.0,10.0,20.0,2.0,100.0,7.97
2797.0,20.0,20.0,2.0,100.0,8.0
2798.0,40.0,20.0,2.0,100.0,7.81
2799.0,49.0,20.0,2.0,100.0,8.41
2800.0,0.0,20.0,2.0,100.0,23.48
2801.0,0.5,20.0,2.0,100.0,14.64
2802.0,1.0,20.0,2.0,100.0,9.2
2803.0,2.0,20.0,2.0,100.0,12.26
2804.0,3.0,20.0,2.0,100.0,11.13
2805.0,5.0,20.0,2.0,100.0,10.23
2806.0,10.0,20.0,2.0,100.0,9.23
2807.0,20.0,20.0,2.0,100.0,8.43
2808.0,40.0,20.0,2.0,100.0,11.42
2809.0,49.0,20.0,2.0,100.0,10.85
2810.0,0.0,20.0,2.0,100.0,10.77
2811.0,0.5,20.0,2.0,100.0,13.16
2812.0,1.0,20.0,2.0,100.0,17.49
2813.0,2.0,20.0,2.0,100.0,9.04
2814.0,3.0,20.0,2.0,100.0,11.8
2815.0,5.0,20.0,2.0,100.0,10.33
2816.0,10.0,20.0,2.0,100.0,9.6
2817.0,20.0,20.0,2.0,100.0,8.96
2818.0,40.0,20.0,2.0,100.0,9.39
2819.0,49.0,20.0,2.0,100.0,9.56
2820.0,0.0,20.0,2.0,100.0,19.69
2821.0,0.5,20.0,2.0,100.0,18.29
2822.0,1.0,20.0,2.0,100.0,16.79
2823.0,2.0,20.0,2.0,100.0,14.99
2824.0,3.0,20.0,2.0,100.0,9.72
2825.0,5.0,20.0,2.0,100.0,11.12
2826.0,10.0,20.0,2.0,100.0,9.01
2827.0,20.0,20.0,2.0,100.0,8.5
2828.0,40.0,20.0,2.0,100.0,10.58
2829.0,49.0,20.0,2.0,100.0,11.25
2830.0,0.0,20.0,2.0,100.0,17.06
2831.0,0.5,20.0,2.0,100.0,19.46
2832.0,1.0,20.0,2.0,100.0,8.64
2833.0,2.0,20.0,2.0,100.0,10.56
2834.0,3.0,20.0,2.0,100.0,10.86
2835.0,5.0,20.0,2.0,100.0,10.64
2836.0,10.0,20.0,2.0,100.0,9.1
2837.0,20.0,20.0,2.0,100.0,9.66
2838.0,40.0,20.0,2.0,100.0,15.07
2839.0,49.0,20.0,2.0,100.0,10.45
2840.0,0.0,20.0,2.0,100.0,18.55
2841.0,0.5,20.0,2.0,100.0,25.5
2842.0,1.0,20.0,2.0,100.0,20.46
2843.0,2.0,20.0,2.0,100.0,22.93
2844.0,3.0,20.0,2.0,100.0,11.36
2845.0,5.0,20.0,2.0,100.0,9.4
2846.0,10.0,20.0,2.0,100.0,10.85
2847.0,20.0,20.0,2.0,100.0,8.2
2848.0,40.0,20.0,2.0,100.0,11.57
2849.0,49.0,20.0,2.0,100.0,8.87
2850.0,0.0,20.0,2.0,100.0,18.67
2851.0,0.5,20.0,2.0,100.0,17.2
2852.0,1.0,20.0,2.0,100.0,13.68
2853.0,2.0,20.0,2.0,100.0,12.74
2854.0,3.0,20.0,2.0,100.0,9.58
2855.0,5.0,20.0,2.0,100.0,7.92
2856.0,10.0,20.0,2.0,100.0,12.6
2857.0,20.0,20.0,2.0,100.0,9.96
2858.0,40.0,20.0,2.0,100.0,8.25
2859.0,49.0,20.0,2.0,100.0,11.83
2860.0,0.0,20.0,2.0,100.0,23.01
2861.0,0.5,20.0,2.0,100.0,22.51
2862.0,1.0,20.0,2.0,100.0,18.55
2863.0,2.0,20.0,2.0,100.0,10.25
2864.0,3.0,20.0,2.0,100.0,10.37
2865.0,5.0,20.0,2.0,100.0,15.88
2866.0,10.0,20.0,2.0,100.0,9.49
2867.0,20.0,20.0,2.0,100.0,10.98
2868.0,40.0,20.0,2.0,100.0,10.34
2869.0,49.0,20.0,2.0,100.0,11.52
2870.0,0.0,20.0,2.0,100.0,20.97
2871.0,0.5,20.0,2.0,100.0,17.88
2872.0,1.0,20.0,2.0,100.0,14.33
2873.0,2.0,20.0,2.0,100.0,16.27
2874.0,3.0,20.0,2.0,100.0,12.44
2875.0,5.0,20.0,2.0,100.0,10.01
2876.0,10.0,20.0,2.0,100.0,9.12
2877.0,20.0,20.0,2.0,100.0,11.23
2878.0,40.0,20.0,2.0,100.0,11.18
2879.0,49.0,20.0,2.0,100.0,11.47
2880.0,0.0,20.0,2.0,100.0,22.67
2881.0,0.5,20.0,2.0,100.0,19.56
2882.0,1.0,20.0,2.0,100.0,19.23
2883.0,2.0,20.0,2.0,100.0,12.73
2884.0,3.0,20.0,2.0,100.0,9.96
2885.0,5.0,20.0,2.0,100.0,10.32
2886.0,10.0,20.0,2.0,100.0,8.72
2887.0,20.0,20.0,2.0,100.0,9.1
2888.0,40.0,20.0,2.0,100.0,12.58
2889.0,49.0,20.0,2.0,100.0,8.98
2890.0,0.0,20.0,2.0,100.0,20.94
2891.0,0.5,20.0,2.0,100.0,15.42
2892.0,1.0,20.0,2.0,100.0,13.35
2893.0,2.0,20.0,2.0,100.0,12.71
2894.0,3.0,20.0,2.0,100.0,8.89
2895.0,5.0,20.0,2.0,100.0,10.78
2896.0,10.0,20.0,2.0,100.0,11.91
2897.0,20.0,20.0,2.0,100.0,11.2
2898.0,40.0,20.0,2.0,100.0,8.8
2899.0,49.0,20.0,2.0,100.0,8.1
2900.0,0.0,20.0,2.0,100.0,19.19
2901.0,0.5,20.0,2.0,100.0,25.2
2902.0,1.0,20.0,2.0,100.0,9.53
2903.0,2.0,20.0,2.0,100.0,11.61
2904.0,3.0,20.0,2.0,100.0,15.26
2905.0,5.0,20.0,2.0,100.0,8.94
2906.0,10.0,20.0,2.0,100.0,9.56
2907.0,20.0,20.0,2.0,100.0,9.91
2908.0,40.0,20.0,2.0,100.0,10.56
2909.0,49.0,20.0,2.0,100.0,9.7
2910.0,0.0,20.0,2.0,100.0,23.19
2911.0,0.5,20.0,2.0,100.0,8.98
2912.0,1.0,20.0,2.0,100.0,12.89
2913.0,2.0,20.0,2.0,100.0,7.99
2914.0,3.0,20.0,2.0,100.0,15.55
2915.0,5.0,20.0,2.0,100.0,11.66
2916.0,10.0,20.0,2.0,100.0,9.66
2917.0,20.0,20.0,2.0,100.0,8.32
2918.0,40.0,20.0,2.0,100.0,11.32
2919.0,49.0,20.0,2.0,100.0,13.87
2920.0,0.0,20.0,2.0,100.0,21.85
2921.0,0.5,20.0,2.0,100.0,14.08
2922.0,1.0,20.0,2.0,100.0,20.67
2923.0,2.0,20.0,2.0,100.0,8.44
2924.0,3.0,20.0,2.0,100.0,14.73
2925.0,5.0,20.0,2.0,100.0,13.11
2926.0,10.0,20.0,2.0,100.0,7.91
2927.0,20.0,20.0,2.0,100.0,8.78
2928.0,40.0,20.0,2.0,100.0,12.14
2929.0,49.0,20.0,2.0,100.0,7.97
2930.0,0.0,20.0,2.0,100.0,25.87
2931.0,0.5,20.0,2.0,100.0,19.32
2932.0,1.0,20.0,2.0,100.0,19.1
2933.0,2.0,20.0,2.0,100.0,10.77
2934.0,3.0,20.0,2.0,100.0,9.71
2935.0,5.0,20.0,2.0,100.0,9.44
2936.0,10.0,20.0,2.0,100.0,9.39
2937.0,20.0,20.0,2.0,100.0,10.1
2938.0,40.0,20.0,2.0,100.0,11.17
2939.0,49.0,20.0,2.0,100.0,9.89
2940.0,0.0,20.0,2.0,100.0,14.91
2941.0,0.5,20.0,2.0,100.0,21.96
2942.0,1.0,20.0,2.0,100.0,12.49
2943.0,2.0,20.0,2.0,100.0,11.77
2944.0,3.0,20.0,2.0,100.0,9.95
2945.0,5.0,20.0,2.0,100.0,9.18
2946.0,10.0,20.0,2.0,100.0,11.3
2947.0,20.0,20.0,2.0,100.0,12.28
2948.0,40.0,20.0,2.0,100.0,8.88
2949.0,49.0,20.0,2.0,100.0,11.93
2950.0,0.0,20.0,2.0,100.0,17.38
2951.0,0.5,20.0,2.0,100.0,21.5
2952.0,1.0,20.0,2.0,100.0,25.42
2953.0,2.0,20.0,2.0,100.0,15.59
2954.0,3.0,20.0,2.0,100.0,8.31
2955.0,5.0,20.0,2.0,100.0,10.52
2956.0,10.0,20.0,2.0,100.0,9.97
2957.0,20.0,20.0,2.0,100.0,7.96
2958.0,40.0,20.0,2.0,100.0,10.44
2959.0,49.0,20.0,2.0,100.0,9.92
2960.0,0.0,20.0,2.0,100.0,11.01
2961.0,0.5,20.0,2.0,100.0,17.38
2962.0,1.0,20.0,2.0,100.0,17.57
2963.0,2.0,20.0,2.0,100.0,10.54
2964.0,3.0,20.0,2.0,100.0,8.61
2965.0,5.0,20.0,2.0,100.0,8.91
2966.0,10.0,20.0,2.0,100.0,8.78
2967.0,20.0,20.0,2.0,100.0,11.45
2968.0,40.0,20.0,2.0,100.0,11.88
2969.0,49.0,20.0,2.0,100.0,11.71
2970.0,0.0,20.0,2.0,100.0,11.17
2971.0,0.5,20.0,2.0,100.0,24.82
2972.0,1.0,20.0,2.0,100.0,19.47
2973.0,2.0,20.0,2.0,100.0,11.07
2974.0,3.0,20.0,2.0,100.0,7.94
2975.0,5.0,20.0,2.0,100.0,10.15
2976.0,10.0,20.0,2.0,100.0,11.44
2977.0,20.0,20.0,2.0,100.0,10.46
2978.0,40.0,20.0,2.0,100.0,13.12
2979.0,49.0,20.0,2.0,100.0,11.65
2980.0,0.0,20.0,2.0,100.0,21.57
2981.0,0.5,20.0,2.0,100.0,20.29
2982.0,1.0,20.0,2.0,100.0,26.95
2983.0,2.0,20.0,2.0,100.0,11.49
2984.0,3.0,20.0,2.0,100.0,9.76
2985.0,5.0,20.0,2.0,100.0,9.58
2986.0,10.0,20.0,2.0,100.0,8.92
2987.0,20.0,20.0,2.0,100.0,8.56
2988.0,40.0,20.0,2.0,100.0,9.22
2989.0,49.0,20.0,2.0,100.0,12.94
2990.0,0.0,20.0,2.0,100.0,20.6
2991.0,0.5,20.0,2.0,100.0,12.41
2992.0,1.0,20.0,2.0,100.0,9.55
2993.0,2.0,20.0,2.0,100.0,10.59
2994.0,3.0,20.0,2.0,100.0,8.34
2995.0,5.0,20.0,2.0,100.0,9.27
2996.0,10.0,20.0,2.0,100.0,9.45
2997.0,20.0,20.0,2.0,100.0,9.29
2998.0,40.0,20.0,2.0,100.0,9.48
2999.0,49.0,20.0,2.0,100.0,12.46
3000.0,0.0,20.0,2.0,100.0,10.46
3001.0,0.5,20.0,2.0,100.0,19.76
3002.0,1.0,20.0,2.0,100.0,9.73
3003.0,2.0,20.0,2.0,100.0,15.7
3004.0,3.0,20.0,2.0,100.0,12.28
3005.0,5.0,20.0,2.0,100.0,9.16
3006.0,10.0,20.0,2.0,100.0,7.88
3007.0,20.0,20.0,2.0,100.0,8.95
3008.0,40.0,20.0,2.0,100.0,7.94
3009.0,49.0,20.0,2.0,100.0,9.68
3010.0,0.0,20.0,2.0,100.0,16.28
3011.0,0.5,20.0,2.0,100.0,17.67
3012.0,1.0,20.0,2.0,100.0,9.75
3013.0,2.0,20.0,2.0,100.0,23.17
3014.0,3.0,20.0,2.0,100.0,11.56
3015.0,5.0,20.0,2.0,100.0,9.79
3016.0,10.0,20.0,2.0,100.0,10.63
3017.0,20.0,20.0,2.0,100.0,9.79
3018.0,40.0,20.0,2.0,100.0,8.0
3019.0,49.0,20.0,2.0,100.0,9.77
3020.0,0.0,20.0,2.0,100.0,19.0
3021.0,0.5,20.0,2.0,100.0,17.91
3022.0,1.0,20.0,2.0,100.0,15.39
3023.0,2.0,20.0,2.0,100.0,9.9
3024.0,3.0,20.0,2.0,100.0,9.64
3025.0,5.0,20.0,2.0,100.0,10.28
3026.0,10.0,20.0,2.0,100.0,7.96
3027.0,20.0,20.0,2.0,100.0,7.39
3028.0,40.0,20.0,2.0,100.0,10.83
3029.0,49.0,20.0,2.0,100.0,13.42
3030.0,0.0,20.0,2.0,100.0,18.85
3031.0,0.5,20.0,2.0,100.0,17.8
3032.0,1.0,20.0,2.0,100.0,11.86
3033.0,2.0,20.0,2.0,100.0,10.09
3034.0,3.0,20.0,2.0,100.0,9.19
3035.0,5.0,20.0,2.0,100.0,9.0
3036.0,10.0,20.0,2.0,100.0,8.43
3037.0,20.0,20.0,2.0,100.0,9.34
3038.0,40.0,20.0,2.0,100.0,8.34
3039.0,49.0,20.0,2.0,100.0,8.19
3040.0,0.0,20.0,2.0,100.0,24.2
3041.0,0.5,20.0,2.0,100.0,16.84
3042.0,1.0,20.0,2.0,100.0,10.93
3043.0,2.0,20.0,2.0,100.0,10.3
3044.0,3.0,20.0,2.0,100.0,9.36
3045.0,5.0,20.0,2.0,100.0,10.35
3046.0,10.0,20.0,2.0,100.0,9.43
3047.0,20.0,20.0,2.0,100.0,8.35
3048.0,40.0,20.0,2.0,100.0,8.03
3049.0,49.0,20.0,2.0,100.0,10.82
3050.0,0.0,20.0,2.0,100.0,24.06
3051.0,0.5,20.0,2.0,100.0,13.61
3052.0,1.0,20.0,2.0,100.0,13.29
3053.0,2.0,20.0,2.0,100.0,11.27
3054.0,3.0,20.0,2.0,100.0,17.62
3055.0,5.0,20.0,2.0,100.0,8.78
3056.0,10.0,20.0,2.0,100.0,9.98
3057.0,20.0,20.0,2.0,100.0,7.93
3058.0,40.0,20.0,2.0,100.0,8.35
3059.0,49.0,20.0,2.0,100.0,8.38
3060.0,0.0,20.0,2.0,100.0,18.27
3061.0,0.5,20.0,2.0,100.0,25.67
3062.0,1.0,20.0,2.0,100.0,16.09
3063.0,2.0,20.0,2.0,100.0,8.49
3064.0,3.0,20.0,2.0,100.0,10.39
3065.0,5.0,20.0,2.0,100.0,10.72
3066.0,10.0,20.0,2.0,100.0,8.53
3067.0,20.0,20.0,2.0,100.0,11.4
3068.0,40.0,20.0,2.0,100.0,9.59
3069.0,49.0,20.0,2.0,100.0,13.11
3070.0,0.0,20.0,2.0,100.0,21.7
3071.0,0.5,20.0,2.0,100.0,9.11
3072.0,1.0,20.0,2.0,100.0,14.1
3073.0,2.0,20.0,2.0,100.0,8.67
3074.0,3.0,20.0,2.0,100.0,14.55
3075.0,5.0,20.0,2.0,100.0,8.82
3076.0,10.0,20.0,2.0,100.0,12.53
3077.0,20.0,20.0,2.0,100.0,9.51
3078.0,40.0,20.0,2.0,100.0,8.5
3079.0,49.0,20.0,2.0,100.0,9.58
3080.0,0.0,20.0,2.0,100.0,14.97
3081.0,0.5,20.0,2.0,100.0,11.8
3082.0,1.0,20.0,2.0,100.0,10.91
3083.0,2.0,20.0,2.0,100.0,10.22
3084.0,3.0,20.0,2.0,100.0,8.5
3085.0,5.0,20.0,2.0,100.0,9.26
3086.0,10.0,20.0,2.0,100.0,9.49
3087.0,20.0,20.0,2.0,100.0,9.96
3088.0,40.0,20.0,2.0,100.0,8.33
3089.0,49.0,20.0,2.0,100.0,8.68
3090.0,0.0,20.0,2.0,100.0,22.62
3091.0,0.5,20.0,2.0,100.0,20.45
3092.0,1.0,20.0,2.0,100.0,15.87
3093.0,2.0,20.0,2.0,100.0,9.14
3094.0,3.0,20.0,2.0,100.0,8.68
3095.0,5.0,20.0,2.0,100.0,11.42
3096.0,10.0,20.0,2.0,100.0,8.64
3097.0,20.0,20.0,2.0,100.0,8.67
3098.0,40.0,20.0,2.0,100.0,8.68
3099.0,49.0,20.0,2.0,100.0,8.63
3100.0,0.0,20.0,2.0,100.0,15.65
3101.0,0.5,20.0,2.0,100.0,16.83
3102.0,1.0,20.0,2.0,100.0,12.08
3103.0,2.0,20.0,2.0,100.0,10.87
3104.0,3.0,20.0,2.0,100.0,14.4
3105.0,5.0,20.0,2.0,100.0,8.91
3106.0,10.0,20.0,2.0,100.0,9.19
3107.0,20.0,20.0,2.0,100.0,7.76
3108.0,40.0,20.0,2.0,100.0,12.9
3109.0,49.0,20.0,2.0,100.0,10.59
3110.0,0.0,20.0,2.0,100.0,13.45
3111.0,0.5,20.0,2.0,100.0,18.85
3112.0,1.0,20.0,2.0,100.0,13.91
3113.0,2.0,20.0,2.0,100.0,11.37
3114.0,3.0,20.0,2.0,100.0,10.87
3115.0,5.0,20.0,2.0,100.0,10.76
3116.0,10.0,20.0,2.0,100.0,9.24
3117.0,20.0,20.0,2.0,100.0,10.66
3118.0,40.0,20.0,2.0,100.0,10.17
3119.0,49.0,20.0,2.0,100.0,9.84
3120.0,0.0,20.0,2.0,100.0,12.5
3121.0,0.5,20.0,2.0,100.0,13.84
3122.0,1.0,20.0,2.0,100.0,14.02
3123.0,2.0,20.0,2.0,100.0,11.21
3124.0,3.0,20.0,2.0,100.0,19.08
3125.0,5.0,20.0,2.0,100.0,7.69
3126.0,10.0,20.0,2.0,100.0,9.9
3127.0,20.0,20.0,2.0,100.0,9.9
3128.0,40.0,20.0,2.0,100.0,8.1
3129.0,49.0,20.0,2.0,100.0,8.52
3130.0,0.0,20.0,2.0,100.0,26.9
3131.0,0.5,20.0,2.0,100.0,21.01
3132.0,1.0,20.0,2.0,100.0,9.77
3133.0,2.0,20.0,2.0,100.0,8.46
3134.0,3.0,20.0,2.0,100.0,14.69
3135.0,5.0,20.0,2.0,100.0,13.08
3136.0,10.0,20.0,2.0,100.0,9.84
3137.0,20.0,20.0,2.0,100.0,10.07
3138.0,40.0,20.0,2.0,100.0,9.05
3139.0,49.0,20.0,2.0,100.0,7.84
3140.0,0.0,20.0,2.0,100.0,22.37
3141.0,0.5,20.0,2.0,100.0,18.03
3142.0,1.0,20.0,2.0,100.0,11.69
3143.0,2.0,20.0,2.0,100.0,9.66
3144.0,3.0,20.0,2.0,100.0,23.5
3145.0,5.0,20.0,2.0,100.0,8.1
3146.0,10.0,20.0,2.0,100.0,10.68
3147.0,20.0,20.0,2.0,100.0,9.03
3148.0,40.0,20.0,2.0,100.0,8.05
3149.0,49.0,20.0,2.0,100.0,12.57
3150.0,0.0,20.0,2.0,100.0,10.48
3151.0,0.5,20.0,2.0,100.0,23.85
3152.0,1.0,20.0,2.0,100.0,14.99
3153.0,2.0,20.0,2.0,100.0,13.72
3154.0,3.0,20.0,2.0,100.0,11.93
3155.0,5.0,20.0,2.0,100.0,8.54
3156.0,10.0,20.0,2.0,100.0,8.63
3157.0,20.0,20.0,2.0,100.0,8.27
3158.0,40.0,20.0,2.0,100.0,9.44
3159.0,49.0,20.0,2.0,100.0,8.61
3160.0,0.0,20.0,2.0,100.0,23.69
3161.0,0.5,20.0,2.0,100.0,13.02
3162.0,1.0,20.0,2.0,100.0,9.17
3163.0,2.0,20.0,2.0,100.0,14.44
3164.0,3.0,20.0,2.0,100.0,12.96
3165.0,5.0,20.0,2.0,100.0,10.09
3166.0,10.0,20.0,2.0,100.0,8.07
3167.0,20.0,20.0,2.0,100.0,9.42
3168.0,40.0,20.0,2.0,100.0,8.98
3169.0,49.0,20.0,2.0,100.0,10.12
3170.0,0.0,20.0,2.0,100.0,25.33
3171.0,0.5,20.0,2.0,100.0,13.96
3172.0,1.0,20.0,2.0,100.0,12.12
3173.0,2.0,20.0,2.0,100.0,18.39
3174.0,3.0,20.0,2.0,100.0,9.32
3175.0,5.0,20.0,2.0,100.0,10.21
3176.0,10.0,20.0,2.0,100.0,9.6
3177.0,20.0,20.0,2.0,100.0,8.28
3178.0,40.0,20.0,2.0,100.0,10.41
3179.0,49.0,20.0,2.0,100.0,13.66
3180.0,0.0,20.0,2.0,100.0,24.33
3181.0,0.5,20.0,2.0,100.0,15.02
3182.0,1.0,20.0,2.0,100.0,15.91
3183.0,2.0,20.0,2.0,100.0,8.22
3184.0,3.0,20.0,2.0,100.0,10.73
3185.0,5.0,20.0,2.0,100.0,8.83
3186.0,10.0,20.0,2.0,100.0,9.11
3187.0,20.0,20.0,2.0,100.0,10.64
3188.0,40.0,20.0,2.0,100.0,9.52
3189.0,49.0,20.0,2.0,100.0,8.48
3190.0,0.0,20.0,2.0,100.0,22.89
3191.0,0.5,20.0,2.0,100.0,23.69
3192.0,1.0,20.0,2.0,100.0,15.28
3193.0,2.0,20.0,2.0,100.0,16.51
3194.0,3.0,20.0,2.0,100.0,9.9
3195.0,5.0,20.0,2.0,100.0,8.42
3196.0,10.0,20.0,2.0,100.0,9.86
3197.0,20.0,20.0,2.0,100.0,11.55
3198.0,40.0,20.0,2.0,100.0,9.07
3199.0,49.0,20.0,2.0,100.0,13.46
3200.0,0.0,20.0,2.0,100.0,24.53
3201.0,0.5,20.0,2.0,100.0,7.6
3202.0,1.0,20.0,2.0,100.0,16.95
3203.0,2.0,20.0,2.0,100.0,9.47
3204.0,3.0,20.0,2.0,100.0,12.89
3205.0,5.0,20.0,2.0,100.0,10.26
3206.0,10.0,20.0,2.0,100.0,8.66
3207.0,20.0,20.0,2.0,100.0,9.46
3208.0,40.0,20.0,2.0,100.0,8.33
3209.0,49.0,20.0,2.0,100.0,8.38
3210.0,0.0,20.0,2.0,100.0,23.29
3211.0,0.5,20.0,2.0,100.0,11.59
3212.0,1.0,20.0,2.0,100.0,18.1
3213.0,2.0,20.0,2.0,100.0,18.41
3214.0,3.0,20.0,2.0,100.0,15.73
3215.0,5.0,20.0,2.0,100.0,9.13
3216.0,10.0,20.0,2.0,100.0,8.5
3217.0,20.0,20.0,2.0,100.0,9.57
3218.0,40.0,20.0,2.0,100.0,9.84
3219.0,49.0,20.0,2.0,100.0,8.85
3220.0,0.0,20.0,2.0,100.0,21.0
3221.0,0.5,20.0,2.0,100.0,14.8
3222.0,1.0,20.0,2.0,100.0,13.58
3223.0,2.0,20.0,2.0,100.0,11.7
3224.0,3.0,20.0,2.0,100.0,9.19
3225.0,5.0,20.0,2.0,100.0,9.22
3226.0,10.0,20.0,2.0,100.0,8.48
3227.0,20.0,20.0,2.0,100.0,8.47
3228.0,40.0,20.0,2.0,100.0,11.38
3229.0,49.0,20.0,2.0,100.0,9.46
3230.0,0.0,20.0,2.0,100.0,11.8
3231.0,0.5,20.0,2.0,100.0,23.77
3232.0,1.0,20.0,2.0,100.0,12.83
3233.0,2.0,20.0,2.0,100.0,8.51
3234.0,3.0,20.0,2.0,100.0,11.58
3235.0,5.0,20.0,2.0,100.0,12.39
3236.0,10.0,20.0,2.0,100.0,9.37
3237.0,20.0,20.0,2.0,100.0,9.3
3238.0,40.0,20.0,2.0,100.0,8.18
3239.0,49.0,20.0,2.0,100.0,13.46
3240.0,0.0,20.0,2.0,100.0,15.49
3241.0,0.5,20.0,2.0,100.0,10.35
3242.0,1.0,20.0,2.0,100.0,22.03
3243.0,2.0,20.0,2.0,100.0,9.78
3244.0,3.0,20.0,2.0,100.0,11.3
3245.0,5.0,20.0,2.0,100.0,8.31
3246.0,10.0,20.0,2.0,100.0,9.9
3247.0,20.0,20.0,2.0,100.0,9.49
3248.0,40.0,20.0,2.0,100.0,9.39
3249.0,49.0,20.0,2.0,100.0,10.37
3250.0,0.0,20.0,2.0,100.0,9.57
3251.0,0.5,20.0,2.0,100.0,9.68
3252.0,1.0,20.0,2.0,100.0,15.28
3253.0,2.0,20.0,2.0,100.0,11.88
3254.0,3.0,20.0,2.0,100.0,8.96
3255.0,5.0,20.0,2.0,100.0,11.47
3256.0,10.0,20.0,2.0,100.0,9.57
3257.0,20.0,20.0,2.0,100.0,7.73
3258.0,40.0,20.0,2.0,100.0,10.59
3259.0,49.0,20.0,2.0,100.0,9.78
3260.0,0.0,20.0,2.0,100.0,24.37
3261.0,0.5,20.0,2.0,100.0,15.86
3262.0,1.0,20.0,2.0,100.0,9.47
3263.0,2.0,20.0,2.0,100.0,9.11
3264.0,3.0,20.0,2.0,100.0,9.97
3265.0,5.0,20.0,2.0,100.0,8.84
3266.0,10.0,20.0,2.0,100.0,7.93
3267.0,20.0,20.0,2.0,100.0,9.7
3268.0,40.0,20.0,2.0,100.0,10.44
3269.0,49.0,20.0,2.0,100.0,10.32
3270.0,0.0,20.0,2.0,100.0,18.26
3271.0,0.5,20.0,2.0,100.0,16.21
3272.0,1.0,20.0,2.0,100.0,13.35
3273.0,2.0,20.0,2.0,100.0,10.86
3274.0,3.0,20.0,2.0,100.0,11.14
3275.0,5.0,20.0,2.0,100.0,10.49
3276.0,10.0,20.0,2.0,100.0,9.27
3277.0,20.0,20.0,2.0,100.0,9.76
3278.0,40.0,20.0,2.0,100.0,9.32
3279.0,49.0,20.0,2.0,100.0,9.57
3280.0,0.0,20.0,2.0,100.0,8.67
3281.0,0.5,20.0,2.0,100.0,13.53
3282.0,1.0,20.0,2.0,100.0,9.13
3283.0,2.0,20.0,2.0,100.0,15.12
3284.0,3.0,20.0,2.0,100.0,10.11
3285.0,5.0,20.0,2.0,100.0,11.78
3286.0,10.0,20.0,2.0,100.0,7.75
3287.0,20.0,20.0,2.0,100.0,9.45
3288.0,40.0,20.0,2.0,100.0,7.62
3289.0,49.0,20.0,2.0,100.0,8.68
3290.0,0.0,20.0,2.0,100.0,9.81
3291.0,0.5,20.0,2.0,100.0,14.82
3292.0,1.0,20.0,2.0,100.0,14.93
3293.0,2.0,20.0,2.0,100.0,10.31
3294.0,3.0,20.0,2.0,100.0,10.0
3295.0,5.0,20.0,2.0,100.0,10.07
3296.0,10.0,20.0,2.0,100.0,10.14
3297.0,20.0,20.0,2.0,100.0,8.46
3298.0,40.0,20.0,2.0,100.0,9.09
3299.0,49.0,20.0,2.0,100.0,12.6
3300.0,0.0,20.0,2.0,100.0,24.87
3301.0,0.5,20.0,2.0,100.0,19.17
3302.0,1.0,20.0,2.0,100.0,12.72
3303.0,2.0,20.0,2.0,100.0,9.88
3304.0,3.0,20.0,2.0,100.0,15.0
3305.0,5.0,20.0,2.0,100.0,11.95
3306.0,10.0,20.0,2.0,100.0,11.9
3307.0,20.0,20.0,2.0,100.0,10.27
3308.0,40.0,20.0,2.0,100.0,11.11
3309.0,49.0,20.0,2.0,100.0,9.7
3310.0,0.0,20.0,2.0,100.0,19.75
3311.0,0.5,20.0,2.0,100.0,11.35
3312.0,1.0,20.0,2.0,100.0,13.42
3313.0,2.0,20.0,2.0,100.0,14.12
3314.0,3.0,20.0,2.0,100.0,9.39
3315.0,5.0,20.0,2.0,100.0,8.87
3316.0,10.0,20.0,2.0,100.0,9.27
3317.0,20.0,20.0,2.0,100.0,9.42
3318.0,40.0,20.0,2.0,100.0,8.13
3319.0,49.0,20.0,2.0,100.0,10.74
3320.0,0.0,20.0,2.0,100.0,22.23
3321.0,0.5,20.0,2.0,100.0,15.03
3322.0,1.0,20.0,2.0,100.0,17.23
3323.0,2.0,20.0,2.0,100.0,14.64
3324.0,3.0,20.0,2.0,100.0,9.79
3325.0,5.0,20.0,2.0,100.0,8.29
3326.0,10.0,20.0,2.0,100.0,11.29
3327.0,20.0,20.0,2.0,100.0,11.12
3328.0,40.0,20.0,2.0,100.0,10.87
3329.0,49.0,20.0,2.0,100.0,9.61
3330.0,0.0,20.0,2.0,100.0,28.8
3331.0,0.5,20.0,2.0,100.0,16.52
3332.0,1.0,20.0,2.0,100.0,9.82
3333.0,2.0,20.0,2.0,100.0,12.83
3334.0,3.0,20.0,2.0,100.0,8.12
3335.0,5.0,20.0,2.0,100.0,9.81
3336.0,10.0,20.0,2.0,100.0,10.9
3337.0,20.0,20.0,2.0,100.0,8.59
3338.0,40.0,20.0,2.0,100.0,9.06
3339.0,49.0,20.0,2.0,100.0,10.65
3340.0,0.0,20.0,2.0,100.0,20.57
3341.0,0.5,20.0,2.0,100.0,9.84
3342.0,1.0,20.0,2.0,100.0,15.07
3343.0,2.0,20.0,2.0,100.0,12.99
3344.0,3.0,20.0,2.0,100.0,8.86
3345.0,5.0,20.0,2.0,100.0,8.46
3346.0,10.0,20.0,2.0,100.0,8.82
3347.0,20.0,20.0,2.0,100.0,9.49
3348.0,40.0,20.0,2.0,100.0,11.59
3349.0,49.0,20.0,2.0,100.0,12.9
3350.0,0.0,20.0,2.0,100.0,17.66
3351.0,0.5,20.0,2.0,100.0,15.33
3352.0,1.0,20.0,2.0,100.0,10.06
3353.0,2.0,20.0,2.0,100.0,22.83
3354.0,3.0,20.0,2.0,100.0,10.8
3355.0,5.0,20.0,2.0,100.0,10.14
3356.0,10.0,20.0,2.0,100.0,8.42
3357.0,20.0,20.0,2.0,100.0,9.19
3358.0,40.0,20.0,2.0,100.0,7.47
3359.0,49.0,20.0,2.0,100.0,9.03
3360.0,0.0,20.0,2.0,100.0,19.07
3361.0,0.5,20.0,2.0,100.0,18.22
3362.0,1.0,20.0,2.0,100.0,16.4
3363.0,2.0,20.0,2.0,100.0,9.81
3364.0,3.0,20.0,2.0,100.0,11.16
3365.0,5.0,20.0,2.0,100.0,10.62
3366.0,10.0,20.0,2.0,100.0,9.59
3367.0,20.0,20.0,2.0,100.0,8.63
3368.0,40.0,20.0,2.0,100.0,9.79
3369.0,49.0,20.0,2.0,100.0,9.13
3370.0,0.0,20.0,2.0,100.0,19.9
3371.0,0.5,20.0,2.0,100.0,22.06
3372.0,1.0,20.0,2.0,100.0,10.87
3373.0,2.0,20.0,2.0,100.0,10.4
3374.0,3.0,20.0,2.0,100.0,8.68
3375.0,5.0,20.0,2.0,100.0,11.7
3376.0,10.0,20.0,2.0,100.0,8.16
3377.0,20.0,20.0,2.0,100.0,9.35
3378.0,40.0,20.0,2.0,100.0,8.62
3379.0,49.0,20.0,2.0,100.0,10.53
3380.0,0.0,20.0,2.0,100.0,13.63
3381.0,0.5,20.0,2.0,100.0,13.18
3382.0,1.0,20.0,2.0,100.0,20.13
3383.0,2.0,20.0,2.0,100.0,12.27
3384.0,3.0,20.0,2.0,100.0,8.39
3385.0,5.0,20.0,2.0,100.0,9.42
3386.0,10.0,20.0,2.0,100.0,9.37
3387.0,20.0,20.0,2.0,100.0,9.0
3388.0,40.0,20.0,2.0,100.0,8.68
3389.0,49.0,20.0,2.0,100.0,10.58
3390.0,0.0,20.0,2.0,100.0,17.51
3391.0,0.5,20.0,2.0,100.0,13.48
3392.0,1.0,20.0,2.0,100.0,11.42
3393.0,2.0,20.0,2.0,100.0,9.93
3394.0,3.0,20.0,2.0,100.0,8.98
3395.0,5.0,20.0,2.0,100.0,9.26
3396.0,10.0,20.0,2.0,100.0,8.47
3397.0,20.0,20.0,2.0,100.0,9.77
3398.0,40.0,20.0,2.0,100.0,10.18
3399.0,49.0,20.0,2.0,100.0,9.65
3400.0,0.0,20.0,2.0,100.0,11.3
3401.0,0.5,20.0,2.0,100.0,12.16
3402.0,1.0,20.0,2.0,100.0,15.52
3403.0,2.0,20.0,2.0,100.0,9.03
3404.0,3.0,20.0,2.0,100.0,11.52
3405.0,5.0,20.0,2.0,100.0,9.02
3406.0,10.0,20.0,2.0,100.0,10.86
3407.0,20.0,20.0,2.0,100.0,9.55
3408.0,40.0,20.0,2.0,100.0,9.58
3409.0,49.0,20.0,2.0,100.0,9.08
3410.0,0.0,20.0,2.0,100.0,11.47
3411.0,0.5,20.0,2.0,100.0,19.97
3412.0,1.0,20.0,2.0,100.0,10.28
3413.0,2.0,20.0,2.0,100.0,10.04
3414.0,3.0,20.0,2.0,100.0,11.05
3415.0,5.0,20.0,2.0,100.0,10.13
3416.0,10.0,20.0,2.0,100.0,14.12
3417.0,20.0,20.0,2.0,100.0,9.8
3418.0,40.0,20.0,2.0,100.0,10.52
3419.0,49.0,20.0,2.0,100.0,9.21
3420.0,0.0,20.0,2.0,100.0,15.65
3421.0,0.5,20.0,2.0,100.0,20.12
3422.0,1.0,20.0,2.0,100.0,14.25
3423.0,2.0,20.0,2.0,100.0,15.88
3424.0,3.0,20.0,2.0,100.0,14.29
3425.0,5.0,20.0,2.0,100.0,8.22
3426.0,10.0,20.0,2.0,100.0,9.11
3427.0,20.0,20.0,2.0,100.0,9.79
3428.0,40.0,20.0,2.0,100.0,8.62
3429.0,49.0,20.0,2.0,100.0,13.75
3430.0,0.0,20.0,2.0,100.0,23.22
3431.0,0.5,20.0,2.0,100.0,15.16
3432.0,1.0,20.0,2.0,100.0,9.3
3433.0,2.0,20.0,2.0,100.0,17.04
3434.0,3.0,20.0,2.0,100.0,8.71
3435.0,5.0,20.0,2.0,100.0,12.62
3436.0,10.0,20.0,2.0,100.0,9.96
3437.0,20.0,20.0,2.0,100.0,9.52
3438.0,40.0,20.0,2.0,100.0,9.22
3439.0,49.0,20.0,2.0,100.0,9.11
3440.0,0.0,20.0,2.0,100.0,15.04
3441.0,0.5,20.0,2.0,100.0,15.94
3442.0,1.0,20.0,2.0,100.0,15.5
3443.0,2.0,20.0,2.0,100.0,20.01
3444.0,3.0,20.0,2.0,100.0,9.66
3445.0,5.0,20.0,2.0,100.0,9.25
3446.0,10.0,20.0,2.0,100.0,8.83
3447.0,20.0,20.0,2.0,100.0,10.34
3448.0,40.0,20.0,2.0,100.0,8.17
3449.0,49.0,20.0,2.0,100.0,7.76
3450.0,0.0,20.0,2.0,100.0,19.51
3451.0,0.5,20.0,2.0,100.0,18.38
3452.0,1.0,20.0,2.0,100.0,8.44
3453.0,2.0,20.0,2.0,100.0,12.2
3454.0,3.0,20.0,2.0,100.0,8.22
3455.0,5.0,20.0,2.0,100.0,10.3
3456.0,10.0,20.0,2.0,100.0,9.19
3457.0,20.0,20.0,2.0,100.0,12.11
3458.0,40.0,20.0,2.0,100.0,7.86
3459.0,49.0,20.0,2.0,100.0,11.84
3460.0,0.0,20.0,2.0,100.0,23.2
3461.0,0.5,20.0,2.0,100.0,24.77
3462.0,1.0,20.0,2.0,100.0,10.01
3463.0,2.0,20.0,2.0,100.0,10.35
3464.0,3.0,20.0,2.0,100.0,9.14
3465.0,5.0,20.0,2.0,100.0,8.7
3466.0,10.0,20.0,2.0,100.0,9.18
3467.0,20.0,20.0,2.0,100.0,8.45
3468.0,40.0,20.0,2.0,100.0,9.55
3469.0,49.0,20.0,2.0,100.0,9.57
3470.0,0.0,20.0,2.0,100.0,20.22
3471.0,0.5,20.0,2.0,100.0,14.16
3472.0,1.0,20.0,2.0,100.0,17.62
3473.0,2.0,20.0,2.0,100.0,12.31
3474.0,3.0,20.0,2.0,100.0,10.37
3475.0,5.0,20.0,2.0,100.0,9.61
3476.0,10.0,20.0,2.0,100.0,9.4
3477.0,20.0,20.0,2.0,100.0,8.72
3478.0,40.0,20.0,2.0,100.0,9.5
3479.0,49.0,20.0,2.0,100.0,10.27
3480.0,0.0,20.0,2.0,100.0,21.84
3481.0,0.5,20.0,2.0,100.0,14.4
3482.0,1.0,20.0,2.0,100.0,10.39
3483.0,2.0,20.0,2.0,100.0,13.98
3484.0,3.0,20.0,2.0,100.0,15.49
3485.0,5.0,20.0,2.0,100.0,12.23
3486.0,10.0,20.0,2.0,100.0,8.12
3487.0,20.0,20.0,2.0,100.0,10.25
3488.0,40.0,20.0,2.0,100.0,9.49
3489.0,49.0,20.0,2.0,100.0,9.67
3490.0,0.0,20.0,2.0,100.0,25.25
3491.0,0.5,20.0,2.0,100.0,9.64
3492.0,1.0,20.0,2.0,100.0,21.32
3493.0,2.0,20.0,2.0,100.0,10.78
3494.0,3.0,20.0,2.0,100.0,11.73
3495.0,5.0,20.0,2.0,100.0,9.3
3496.0,10.0,20.0,2.0,100.0,8.88
3497.0,20.0,20.0,2.0,100.0,8.04
3498.0,40.0,20.0,2.0,100.0,10.62
3499.0,49.0,20.0,2.0,100.0,11.29
3500.0,0.0,20.0,2.0,100.0,22.49
3501.0,0.5,20.0,2.0,100.0,10.55
3502.0,1.0,20.0,2.0,100.0,16.09
3503.0,2.0,20.0,2.0,100.0,13.55
3504.0,3.0,20.0,2.0,100.0,20.29
3505.0,5.0,20.0,2.0,100.0,7.89
3506.0,10.0,20.0,2.0,100.0,9.07
3507.0,20.0,20.0,2.0,100.0,7.74
3508.0,40.0,20.0,2.0,100.0,8.99
3509.0,49.0,20.0,2.0,100.0,8.94
3510.0,0.0,20.0,2.0,100.0,23.4
3511.0,0.5,20.0,2.0,100.0,16.51
3512.0,1.0,20.0,2.0,100.0,8.87
3513.0,2.0,20.0,2.0,100.0,11.44
3514.0,3.0,20.0,2.0,100.0,14.28
3515.0,5.0,20.0,2.0,100.0,7.84
3516.0,10.0,20.0,2.0,100.0,10.96
3517.0,20.0,20.0,2.0,100.0,9.92
3518.0,40.0,20.0,2.0,100.0,12.61
3519.0,49.0,20.0,2.0,100.0,8.48
3520.0,0.0,20.0,2.0,100.0,21.46
3521.0,0.5,20.0,2.0,100.0,21.29
3522.0,1.0,20.0,2.0,100.0,14.92
3523.0,2.0,20.0,2.0,100.0,12.34
3524.0,3.0,20.0,2.0,100.0,13.49
3525.0,5.0,20.0,2.0,100.0,10.41
3526.0,10.0,20.0,2.0,100.0,9.92
3527.0,20.0,20.0,2.0,100.0,10.83
3528.0,40.0,20.0,2.0,100.0,15.48
3529.0,49.0,20.0,2.0,100.0,9.81
3530.0,0.0,20.0,2.0,100.0,14.25
3531.0,0.5,20.0,2.0,100.0,9.82
3532.0,1.0,20.0,2.0,100.0,27.7
3533.0,2.0,20.0,2.0,100.0,12.39
3534.0,3.0,20.0,2.0,100.0,10.9
3535.0,5.0,20.0,2.0,100.0,11.59
3536.0,10.0,20.0,2.0,100.0,9.76
3537.0,20.0,20.0,2.0,100.0,10.55
3538.0,40.0,20.0,2.0,100.0,8.7
3539.0,49.0,20.0,2.0,100.0,9.77
3540.0,0.0,20.0,2.0,100.0,19.93
3541.0,0.5,20.0,2.0,100.0,21.94
3542.0,1.0,20.0,2.0,100.0,13.89
3543.0,2.0,20.0,2.0,100.0,8.53
3544.0,3.0,20.0,2.0,100.0,9.85
3545.0,5.0,20.0,2.0,100.0,12.26
3546.0,10.0,20.0,2.0,100.0,8.23
3547.0,20.0,20.0,2.0,100.0,9.16
3548.0,40.0,20.0,2.0,100.0,9.82
3549.0,49.0,20.0,2.0,100.0,9.95
3550.0,0.0,20.0,2.0,100.0,13.64
3551.0,0.5,20.0,2.0,100.0,10.33
3552.0,1.0,20.0,2.0,100.0,14.5
3553.0,2.0,20.0,2.0,100.0,9.73
3554.0,3.0,20.0,2.0,100.0,9.58
3555.0,5.0,20.0,2.0,100.0,10.28
3556.0,10.0,20.0,2.0,100.0,8.58
3557.0,20.0,20.0,2.0,100.0,8.21
3558.0,40.0,20.0,2.0,100.0,8.21
3559.0,49.0,20.0,2.0,100.0,9.34
3560.0,0.0,20.0,2.0,100.0,10.9
3561.0,0.5,20.0,2.0,100.0,13.12
3562.0,1.0,20.0,2.0,100.0,14.61
3563.0,2.0,20.0,2.0,100.0,16.98
3564.0,3.0,20.0,2.0,100.0,11.5
3565.0,5.0,20.0,2.0,100.0,8.78
3566.0,10.0,20.0,2.0,100.0,7.87
3567.0,20.0,20.0,2.0,100.0,9.58
3568.0,40.0,20.0,2.0,100.0,9.0
3569.0,49.0,20.0,2.0,100.0,8.78
3570.0,0.0,20.0,2.0,100.0,27.15
3571.0,0.5,20.0,2.0,100.0,20.62
3572.0,1.0,20.0,2.0,100.0,10.21
3573.0,2.0,20.0,2.0,100.0,11.15
3574.0,3.0,20.0,2.0,100.0,10.24
3575.0,5.0,20.0,2.0,100.0,11.03
3576.0,10.0,20.0,2.0,100.0,9.91
3577.0,20.0,20.0,2.0,100.0,10.01
3578.0,40.0,20.0,2.0,100.0,8.74
3579.0,49.0,20.0,2.0,100.0,10.52
3580.0,0.0,20.0,2.0,100.0,23.3
3581.0,0.5,20.0,2.0,100.0,22.28
3582.0,1.0,20.0,2.0,100.0,12.26
3583.0,2.0,20.0,2.0,100.0,13.94
3584.0,3.0,20.0,2.0,100.0,8.92
3585.0,5.0,20.0,2.0,100.0,9.27
3586.0,10.0,20.0,2.0,100.0,9.38
3587.0,20.0,20.0,2.0,100.0,8.58
3588.0,40.0,20.0,2.0,100.0,9.24
3589.0,49.0,20.0,2.0,100.0,10.49
3590.0,0.0,20.0,2.0,100.0,9.97
3591.0,0.5,20.0,2.0,100.0,11.02
3592.0,1.0,20.0,2.0,100.0,17.31
3593.0,2.0,20.0,2.0,100.0,11.1
3594.0,3.0,20.0,2.0,100.0,17.28
3595.0,5.0,20.0,2.0,100.0,10.3
3596.0,10.0,20.0,2.0,100.0,9.34
3597.0,20.0,20.0,2.0,100.0,9.28
3598.0,40.0,20.0,2.0,100.0,9.44
3599.0,49.0,20.0,2.0,100.0,10.05
3600.0,0.0,20.0,2.0,100.0,27.31
3601.0,0.5,20.0,2.0,100.0,26.59
3602.0,1.0,20.0,2.0,100.0,13.79
3603.0,2.0,20.0,2.0,100.0,14.23
3604.0,3.0,20.0,2.0,100.0,10.43
3605.0,5.0,20.0,2.0,100.0,9.72
3606.0,10.0,20.0,2.0,100.0,9.31
3607.0,20.0,20.0,2.0,100.0,9.1
3608.0,40.0,20.0,2.0,100.0,12.24
3609.0,49.0,20.0,2.0,100.0,11.44
3610.0,0.0,20.0,2.0,100.0,24.93
3611.0,0.5,20.0,2.0,100.0,17.35
3612.0,1.0,20.0,2.0,100.0,21.26
3613.0,2.0,20.0,2.0,100.0,14.87
3614.0,3.0,20.0,2.0,100.0,8.85
3615.0,5.0,20.0,2.0,100.0,12.29
3616.0,10.0,20.0,2.0,100.0,10.96
3617.0,20.0,20.0,2.0,100.0,10.16
3618.0,40.0,20.0,2.0,100.0,9.85
3619.0,49.0,20.0,2.0,100.0,13.13
3620.0,0.0,20.0,2.0,100.0,18.85
3621.0,0.5,20.0,2.0,100.0,14.79
3622.0,1.0,20.0,2.0,100.0,17.59
3623.0,2.0,20.0,2.0,100.0,11.75
3624.0,3.0,20.0,2.0,100.0,11.61
3625.0,5.0,20.0,2.0,100.0,7.84
3626.0,10.0,20.0,2.0,100.0,10.21
3627.0,20.0,20.0,2.0,100.0,9.82
3628.0,40.0,20.0,2.0,100.0,7.83
3629.0,49.0,20.0,2.0,100.0,11.8
3630.0,0.0,20.0,2.0,100.0,21.95
3631.0,0.5,20.0,2.0,100.0,25.76
3632.0,1.0,20.0,2.0,100.0,11.24
3633.0,2.0,20.0,2.0,100.0,11.82
3634.0,3.0,20.0,2.0,100.0,8.36
3635.0,5.0,20.0,2.0,100.0,11.98
3636.0,10.0,20.0,2.0,100.0,9.13
3637.0,20.0,20.0,2.0,100.0,8.25
3638.0,40.0,20.0,2.0,100.0,10.83
3639.0,49.0,20.0,2.0,100.0,8.74
3640.0,0.0,20.0,2.0,100.0,13.29
3641.0,0.5,20.0,2.0,100.0,23.77
3642.0,1.0,20.0,2.0,100.0,10.37
3643.0,2.0,20.0,2.0,100.0,12.6
3644.0,3.0,20.0,2.0,100.0,9.68
3645.0,5.0,20.0,2.0,100.0,8.58
3646.0,10.0,20.0,2.0,100.0,8.0
3647.0,20.0,20.0,2.0,100.0,9.78
3648.0,40.0,20.0,2.0,100.0,9.16
3649.0,49.0,20.0,2.0,100.0,7.75
3650.0,0.0,20.0,2.0,100.0,14.35
3651.0,0.5,20.0,2.0,100.0,15.86
3652.0,1.0,20.0,2.0,100.0,10.71
3653.0,2.0,20.0,2.0,100.0,12.96
3654.0,3.0,20.0,2.0,100.0,10.25
3655.0,5.0,20.0,2.0,100.0,8.84
3656.0,10.0,20.0,2.0,100.0,7.8
3657.0,20.0,20.0,2.0,100.0,9.05
3658.0,40.0,20.0,2.0,100.0,8.37
3659.0,49.0,20.0,2.0,100.0,11.11
3660.0,0.0,20.0,2.0,100.0,20.23
3661.0,0.5,20.0,2.0,100.0,14.81
3662.0,1.0,20.0,2.0,100.0,19.06
3663.0,2.0,20.0,2.0,100.0,12.08
3664.0,3.0,20.0,2.0,100.0,11.82
3665.0,5.0,20.0,2.0,100.0,11.71
3666.0,10.0,20.0,2.0,100.0,8.94
3667.0,20.0,20.0,2.0,100.0,9.21
3668.0,40.0,20.0,2.0,100.0,9.85
3669.0,49.0,20.0,2.0,100.0,10.03
3670.0,0.0,20.0,2.0,100.0,9.12
3671.0,0.5,20.0,2.0,100.0,18.09
3672.0,1.0,20.0,2.0,100.0,17.66
3673.0,2.0,20.0,2.0,100.0,21.93
3674.0,3.0,20.0,2.0,100.0,11.8
3675.0,5.0,20.0,2.0,100.0,10.5
3676.0,10.0,20.0,2.0,100.0,9.72
3677.0,20.0,20.0,2.0,100.0,9.64
3678.0,40.0,20.0,2.0,100.0,10.7
3679.0,49.0,20.0,2.0,100.0,8.65
3680.0,0.0,20.0,2.0,100.0,22.38
3681.0,0.5,20.0,2.0,100.0,9.64
3682.0,1.0,20.0,2.0,100.0,17.62
3683.0,2.0,20.0,2.0,100.0,18.91
3684.0,3.0,20.0,2.0,100.0,9.76
3685.0,5.0,20.0,2.0,100.0,9.48
3686.0,10.0,20.0,2.0,100.0,7.98
3687.0,20.0,20.0,2.0,100.0,8.8
3688.0,40.0,20.0,2.0,100.0,10.05
3689.0,49.0,20.0,2.0,100.0,8.81
3690.0,0.0,20.0,2.0,100.0,14.46
3691.0,0.5,20.0,2.0,100.0,16.44
3692.0,1.0,20.0,2.0,100.0,13.25
3693.0,2.0,20.0,2.0,100.0,8.89
3694.0,3.0,20.0,2.0,100.0,8.96
3695.0,5.0,20.0,2.0,100.0,8.7
3696.0,10.0,20.0,2.0,100.0,8.1
3697.0,20.0,20.0,2.0,100.0,8.46
3698.0,40.0,20.0,2.0,100.0,11.17
3699.0,49.0,20.0,2.0,100.0,11.05
3700.0,0.0,20.0,2.0,100.0,23.45
3701.0,0.5,20.0,2.0,100.0,14.31
3702.0,1.0,20.0,2.0,100.0,22.92
3703.0,2.0,20.0,2.0,100.0,16.44
3704.0,3.0,20.0,2.0,100.0,12.61
3705.0,5.0,20.0,2.0,100.0,8.2
3706.0,10.0,20.0,2.0,100.0,9.51
3707.0,20.0,20.0,2.0,100.0,7.97
3708.0,40.0,20.0,2.0,100.0,8.73
3709.0,49.0,20.0,2.0,100.0,10.29
3710.0,0.0,20.0,2.0,100.0,29.2
3711.0,0.5,20.0,2.0,100.0,12.96
3712.0,1.0,20.0,2.0,100.0,21.0
3713.0,2.0,20.0,2.0,100.0,8.78
3714.0,3.0,20.0,2.0,100.0,9.0
3715.0,5.0,20.0,2.0,100.0,15.05
3716.0,10.0,20.0,2.0,100.0,11.37
3717.0,20.0,20.0,2.0,100.0,10.62
3718.0,40.0,20.0,2.0,100.0,10.24
3719.0,49.0,20.0,2.0,100.0,9.99
3720.0,0.0,20.0,2.0,100.0,24.74
3721.0,0.5,20.0,2.0,100.0,16.03
3722.0,1.0,20.0,2.0,100.0,25.79
3723.0,2.0,20.0,2.0,100.0,14.2
3724.0,3.0,20.0,2.0,100.0,20.41
3725.0,5.0,20.0,2.0,100.0,9.2
3726.0,10.0,20.0,2.0,100.0,10.48
3727.0,20.0,20.0,2.0,100.0,9.76
3728.0,40.0,20.0,2.0,100.0,7.69
3729.0,49.0,20.0,2.0,100.0,12.53
3730.0,0.0,20.0,2.0,100.0,21.42
3731.0,0.5,20.0,2.0,100.0,19.23
3732.0,1.0,20.0,2.0,100.0,19.8
3733.0,2.0,20.0,2.0,100.0,12.04
3734.0,3.0,20.0,2.0,100.0,16.65
3735.0,5.0,20.0,2.0,100.0,8.81
3736.0,10.0,20.0,2.0,100.0,10.17
3737.0,20.0,20.0,2.0,100.0,8.69
3738.0,40.0,20.0,2.0,100.0,8.17
3739.0,49.0,20.0,2.0,100.0,14.04
3740.0,0.0,20.0,2.0,100.0,27.55
3741.0,0.5,20.0,2.0,100.0,27.1
3742.0,1.0,20.0,2.0,100.0,17.24
3743.0,2.0,20.0,2.0,100.0,9.9
3744.0,3.0,20.0,2.0,100.0,11.36
3745.0,5.0,20.0,2.0,100.0,8.75
3746.0,10.0,20.0,2.0,100.0,10.55
3747.0,20.0,20.0,2.0,100.0,10.97
3748.0,40.0,20.0,2.0,100.0,9.77
3749.0,49.0,20.0,2.0,100.0,11.42
3750.0,0.0,20.0,2.0,100.0,22.0
3751.0,0.5,20.0,2.0,100.0,21.86
3752.0,1.0,20.0,2.0,100.0,13.63
3753.0,2.0,20.0,2.0,100.0,11.33
3754.0,3.0,20.0,2.0,100.0,8.09
3755.0,5.0,20.0,2.0,100.0,11.17
3756.0,10.0,20.0,2.0,100.0,8.74
3757.0,20.0,20.0,2.0,100.0,10.22
3758.0,40.0,20.0,2.0,100.0,8.46
3759.0,49.0,20.0,2.0,100.0,11.09
3760.0,0.0,20.0,2.0,100.0,19.01
3761.0,0.5,20.0,2.0,100.0,20.7
3762.0,1.0,20.0,2.0,100.0,20.48
3763.0,2.0,20.0,2.0,100.0,10.98
3764.0,3.0,20.0,2.0,100.0,7.85
3765.0,5.0,20.0,2.0,100.0,14.39
3766.0,10.0,20.0,2.0,100.0,9.19
3767.0,20.0,20.0,2.0,100.0,8.36
3768.0,40.0,20.0,2.0,100.0,10.64
3769.0,49.0,20.0,2.0,100.0,8.98
3770.0,0.0,20.0,2.0,100.0,12.11
3771.0,0.5,20.0,2.0,100.0,14.11
3772.0,1.0,20.0,2.0,100.0,16.89
3773.0,2.0,20.0,2.0,100.0,9.83
3774.0,3.0,20.0,2.0,100.0,10.29
3775.0,5.0,20.0,2.0,100.0,11.39
3776.0,10.0,20.0,2.0,100.0,8.08
3777.0,20.0,20.0,2.0,100.0,9.21
3778.0,40.0,20.0,2.0,100.0,12.83
3779.0,49.0,20.0,2.0,100.0,11.95
3780.0,0.0,20.0,2.0,100.0,27.62
3781.0,0.5,20.0,2.0,100.0,19.42
3782.0,1.0,20.0,2.0,100.0,10.18
3783.0,2.0,20.0,2.0,100.0,9.99
3784.0,3.0,20.0,2.0,100.0,14.8
3785.0,5.0,20.0,2.0,100.0,12.06
3786.0,10.0,20.0,2.0,100.0,9.84
3787.0,20.0,20.0,2.0,100.0,11.23
3788.0,40.0,20.0,2.0,100.0,8.06
3789.0,49.0,20.0,2.0,100.0,12.86
3790.0,0.0,20.0,2.0,100.0,21.41
3791.0,0.5,20.0,2.0,100.0,16.3
3792.0,1.0,20.0,2.0,100.0,17.82
3793.0,2.0,20.0,2.0,100.0,10.75
3794.0,3.0,20.0,2.0,100.0,9.89
3795.0,5.0,20.0,2.0,100.0,10.11
3796.0,10.0,20.0,2.0,100.0,9.58
3797.0,20.0,20.0,2.0,100.0,10.17
3798.0,40.0,20.0,2.0,100.0,9.4
3799.0,49.0,20.0,2.0,100.0,11.84
3800.0,0.0,20.0,2.0,100.0,10.8
3801.0,0.5,20.0,2.0,100.0,13.58
3802.0,1.0,20.0,2.0,100.0,12.31
3803.0,2.0,20.0,2.0,100.0,11.34
3804.0,3.0,20.0,2.0,100.0,11.68
3805.0,5.0,20.0,2.0,100.0,8.83
3806.0,10.0,20.0,2.0,100.0,9.91
3807.0,20.0,20.0,2.0,100.0,10.54
3808.0,40.0,20.0,2.0,100.0,9.29
3809.0,49.0,20.0,2.0,100.0,8.33
3810.0,0.0,20.0,2.0,100.0,18.01
3811.0,0.5,20.0,2.0,100.0,12.18
3812.0,1.0,20.0,2.0,100.0,16.31
3813.0,2.0,20.0,2.0,100.0,23.19
3814.0,3.0,20.0,2.0,100.0,18.8
3815.0,5.0,20.0,2.0,100.0,8.53
3816.0,10.0,20.0,2.0,100.0,10.63
3817.0,20.0,20.0,2.0,100.0,12.51
3818.0,40.0,20.0,2.0,100.0,7.82
3819.0,49.0,20.0,2.0,100.0,8.79
3820.0,0.0,20.0,2.0,100.0,20.83
3821.0,0.5,20.0,2.0,100.0,20.1
3822.0,1.0,20.0,2.0,100.0,20.26
3823.0,2.0,20.0,2.0,100.0,8.86
3824.0,3.0,20.0,2.0,100.0,10.3
3825.0,5.0,20.0,2.0,100.0,8.63
3826.0,10.0,20.0,2.0,100.0,8.65
3827.0,20.0,20.0,2.0,100.0,8.96
3828.0,40.0,20.0,2.0,100.0,11.2
3829.0,49.0,20.0,2.0,100.0,10.55
3830.0,0.0,20.0,2.0,100.0,9.17
3831.0,0.5,20.0,2.0,100.0,15.72
3832.0,1.0,20.0,2.0,100.0,9.53
3833.0,2.0,20.0,2.0,100.0,11.93
3834.0,3.0,20.0,2.0,100.0,12.15
3835.0,5.0,20.0,2.0,100.0,9.82
3836.0,10.0,20.0,2.0,100.0,10.36
3837.0,20.0,20.0,2.0,100.0,8.32
3838.0,40.0,20.0,2.0,100.0,9.09
3839.0,49.0,20.0,2.0,100.0,8.73
3840.0,0.0,20.0,2.0,100.0,13.21
3841.0,0.5,20.0,2.0,100.0,17.97
3842.0,1.0,20.0,2.0,100.0,18.34
3843.0,2.0,20.0,2.0,100.0,19.51
3844.0,3.0,20.0,2.0,100.0,10.51
3845.0,5.0,20.0,2.0,100.0,8.24
3846.0,10.0,20.0,2.0,100.0,8.7
3847.0,20.0,20.0,2.0,100.0,8.55
3848.0,40.0,20.0,2.0,100.0,9.36
3849.0,49.0,20.0,2.0,100.0,13.63
3850.0,0.0,20.0,2.0,100.0,16.02
3851.0,0.5,20.0,2.0,100.0,12.96
3852.0,1.0,20.0,2.0,100.0,7.58
3853.0,2.0,20.0,2.0,100.0,13.76
3854.0,3.0,20.0,2.0,100.0,20.82
3855.0,5.0,20.0,2.0,100.0,9.51
3856.0,10.0,20.0,2.0,100.0,7.86
3857.0,20.0,20.0,2.0,100.0,10.63
3858.0,40.0,20.0,2.0,100.0,8.57
3859.0,49.0,20.0,2.0,100.0,8.77
3860.0,0.0,20.0,2.0,100.0,10.71
3861.0,0.5,20.0,2.0,100.0,12.75
3862.0,1.0,20.0,2.0,100.0,12.82
3863.0,2.0,20.0,2.0,100.0,13.42
3864.0,3.0,20.0,2.0,100.0,11.07
3865.0,5.0,20.0,2.0,100.0,7.73
3866.0,10.0,20.0,2.0,100.0,8.47
3867.0,20.0,20.0,2.0,100.0,10.18
3868.0,40.0,20.0,2.0,100.0,11.56
3869.0,49.0,20.0,2.0,100.0,10.84
3870.0,0.0,20.0,2.0,100.0,20.06
3871.0,0.5,20.0,2.0,100.0,12.97
3872.0,1.0,20.0,2.0,100.0,14.46
3873.0,2.0,20.0,2.0,100.0,12.62
3874.0,3.0,20.0,2.0,100.0,8.52
3875.0,5.0,20.0,2.0,100.0,9.26
3876.0,10.0,20.0,2.0,100.0,8.03
3877.0,20.0,20.0,2.0,100.0,11.38
3878.0,40.0,20.0,2.0,100.0,9.69
3879.0,49.0,20.0,2.0,100.0,8.14
3880.0,0.0,20.0,2.0,100.0,13.43
3881.0,0.5,20.0,2.0,100.0,16.49
3882.0,1.0,20.0,2.0,100.0,19.04
3883.0,2.0,20.0,2.0,100.0,12.47
3884.0,3.0,20.0,2.0,100.0,14.23
3885.0,5.0,20.0,2.0,100.0,10.11
3886.0,10.0,20.0,2.0,100.0,10.94
3887.0,20.0,20.0,2.0,100.0,10.33
3888.0,40.0,20.0,2.0,100.0,8.88
3889.0,49.0,20.0,2.0,100.0,12.82
3890.0,0.0,20.0,2.0,100.0,14.27
3891.0,0.5,20.0,2.0,100.0,12.2
3892.0,1.0,20.0,2.0,100.0,14.16
3893.0,2.0,20.0,2.0,100.0,17.73
3894.0,3.0,20.0,2.0,100.0,13.5
3895.0,5.0,20.0,2.0,100.0,10.34
3896.0,10.0,20.0,2.0,100.0,10.52
3897.0,20.0,20.0,2.0,100.0,7.87
3898.0,40.0,20.0,2.0,100.0,8.21
3899.0,49.0,20.0,2.0,100.0,10.74
3900.0,0.0,20.0,2.0,100.0,21.88
3901.0,0.5,20.0,2.0,100.0,10.07
3902.0,1.0,20.0,2.0,100.0,9.56
3903.0,2.0,20.0,2.0,100.0,15.64
3904.0,3.0,20.0,2.0,100.0,14.49
3905.0,5.0,20.0,2.0,100.0,10.65
3906.0,10.0,20.0,2.0,100.0,7.97
3907.0,20.0,20.0,2.0,100.0,8.41
3908.0,40.0,20.0,2.0,100.0,8.34
3909.0,49.0,20.0,2.0,100.0,8.62
3910.0,0.0,20.0,2.0,100.0,24.98
3911.0,0.5,20.0,2.0,100.0,17.29
3912.0,1.0,20.0,2.0,100.0,16.31
3913.0,2.0,20.0,2.0,100.0,14.98
3914.0,3.0,20.0,2.0,100.0,11.64
3915.0,5.0,20.0,2.0,100.0,9.72
3916.0,10.0,20.0,2.0,100.0,8.61
3917.0,20.0,20.0,2.0,100.0,9.25
3918.0,40.0,20.0,2.0,100.0,11.28
3919.0,49.0,20.0,2.0,100.0,8.51
3920.0,0.0,20.0,2.0,100.0,13.22
3921.0,0.5,20.0,2.0,100.0,20.04
3922.0,1.0,20.0,2.0,100.0,10.97
3923.0,2.0,20.0,2.0,100.0,10.67
3924.0,3.0,20.0,2.0,100.0,11.75
3925.0,5.0,20.0,2.0,100.0,8.12
3926.0,10.0,20.0,2.0,100.0,8.03
3927.0,20.0,20.0,2.0,100.0,9.44
3928.0,40.0,20.0,2.0,100.0,10.39
3929.0,49.0,20.0,2.0,100.0,11.09
3930.0,0.0,20.0,2.0,100.0,22.4
3931.0,0.5,20.0,2.0,100.0,21.62
3932.0,1.0,20.0,2.0,100.0,10.14
3933.0,2.0,20.0,2.0,100.0,13.25
3934.0,3.0,20.0,2.0,100.0,13.43
3935.0,5.0,20.0,2.0,100.0,9.95
3936.0,10.0,20.0,2.0,100.0,10.7
3937.0,20.0,20.0,2.0,100.0,12.0
3938.0,40.0,20.0,2.0,100.0,8.32
3939.0,49.0,20.0,2.0,100.0,11.8
3940.0,0.0,20.0,2.0,100.0,21.83
3941.0,0.5,20.0,2.0,100.0,23.33
3942.0,1.0,20.0,2.0,100.0,10.48
3943.0,2.0,20.0,2.0,100.0,15.61
3944.0,3.0,20.0,2.0,100.0,9.77
3945.0,5.0,20.0,2.0,100.0,9.5
3946.0,10.0,20.0,2.0,100.0,9.5
3947.0,20.0,20.0,2.0,100.0,9.59
3948.0,40.0,20.0,2.0,100.0,9.99
3949.0,49.0,20.0,2.0,100.0,8.35
3950.0,0.0,20.0,2.0,100.0,22.98
3951.0,0.5,20.0,2.0,100.0,19.49
3952.0,1.0,20.0,2.0,100.0,11.97
3953.0,2.0,20.0,2.0,100.0,13.05
3954.0,3.0,20.0,2.0,100.0,7.75
3955.0,5.0,20.0,2.0,100.0,13.64
3956.0,10.0,20.0,2.0,100.0,9.17
3957.0,20.0,20.0,2.0,100.0,9.62
3958.0,40.0,20.0,2.0,100.0,11.51
3959.0,49.0,20.0,2.0,100.0,10.98
3960.0,0.0,20.0,2.0,100.0,21.36
3961.0,0.5,20.0,2.0,100.0,16.19
3962.0,1.0,20.0,2.0,100.0,17.63
3963.0,2.0,20.0,2.0,100.0,12.11
3964.0,3.0,20.0,2.0,100.0,8.11
3965.0,5.0,20.0,2.0,100.0,9.78
3966.0,10.0,20.0,2.0,100.0,8.0
3967.0,20.0,20.0,2.0,100.0,9.94
3968.0,40.0,20.0,2.0,100.0,9.9
3969.0,49.0,20.0,2.0,100.0,9.93
3970.0,0.0,20.0,2.0,100.0,19.22
3971.0,0.5,20.0,2.0,100.0,12.39
3972.0,1.0,20.0,2.0,100.0,15.37
3973.0,2.0,20.0,2.0,100.0,16.4
3974.0,3.0,20.0,2.0,100.0,11.6
3975.0,5.0,20.0,2.0,100.0,11.58
3976.0,10.0,20.0,2.0,100.0,8.25
3977.0,20.0,20.0,2.0,100.0,10.75
3978.0,40.0,20.0,2.0,100.0,9.51
3979.0,49.0,20.0,2.0,100.0,9.76
3980.0,0.0,20.0,2.0,100.0,21.89
3981.0,0.5,20.0,2.0,100.0,10.25
3982.0,1.0,20.0,2.0,100.0,11.82
3983.0,2.0,20.0,2.0,100.0,11.36
3984.0,3.0,20.0,2.0,100.0,16.45
3985.0,5.0,20.0,2.0,100.0,10.69
3986.0,10.0,20.0,2.0,100.0,9.58
3987.0,20.0,20.0,2.0,100.0,8.4
3988.0,40.0,20.0,2.0,100.0,9.43
3989.0,49.0,20.0,2.0,100.0,12.7
3990.0,0.0,20.0,2.0,100.0,22.89
3991.0,0.5,20.0,2.0,100.0,12.56
3992.0,1.0,20.0,2.0,100.0,22.43
3993.0,2.0,20.0,2.0,100.0,10.35
3994.0,3.0,20.0,2.0,100.0,11.7
3995.0,5.0,20.0,2.0,100.0,9.27
3996.0,10.0,20.0,2.0,100.0,8.69
3997.0,20.0,20.0,2.0,100.0,9.29
3998.0,40.0,20.0,2.0,100.0,9.6
3999.0,49.0,20.0,2.0,100.0,9.15
4000.0,0.0,20.0,2.0,100.0,24.54
4001.0,0.5,20.0,2.0,100.0,13.06
4002.0,1.0,20.0,2.0,100.0,11.65
4003.0,2.0,20.0,2.0,100.0,14.83
4004.0,3.0,20.0,2.0,100.0,9.16
4005.0,5.0,20.0,2.0,100.0,9.67
4006.0,10.0,20.0,2.0,100.0,8.5
4007.0,20.0,20.0,2.0,100.0,11.18
4008.0,40.0,20.0,2.0,100.0,11.33
4009.0,49.0,20.0,2.0,100.0,9.53
4010.0,0.0,20.0,2.0,100.0,12.05
4011.0,0.5,20.0,2.0,100.0,24.97
4012.0,1.0,20.0,2.0,100.0,12.11
4013.0,2.0,20.0,2.0,100.0,16.29
4014.0,3.0,20.0,2.0,100.0,11.17
4015.0,5.0,20.0,2.0,100.0,9.93
4016.0,10.0,20.0,2.0,100.0,8.66
4017.0,20.0,20.0,2.0,100.0,7.45
4018.0,40.0,20.0,2.0,100.0,10.59
4019.0,49.0,20.0,2.0,100.0,9.24
4020.0,0.0,20.0,2.0,100.0,13.23
4021.0,0.5,20.0,2.0,100.0,13.35
4022.0,1.0,20.0,2.0,100.0,11.25
4023.0,2.0,20.0,2.0,100.0,12.25
4024.0,3.0,20.0,2.0,100.0,11.68
4025.0,5.0,20.0,2.0,100.0,9.98
4026.0,10.0,20.0,2.0,100.0,7.53
4027.0,20.0,20.0,2.0,100.0,7.87
4028.0,40.0,20.0,2.0,100.0,10.13
4029.0,49.0,20.0,2.0,100.0,9.09
4030.0,0.0,20.0,2.0,100.0,15.53
4031.0,0.5,20.0,2.0,100.0,11.12
4032.0,1.0,20.0,2.0,100.0,13.22
4033.0,2.0,20.0,2.0,100.0,15.64
4034.0,3.0,20.0,2.0,100.0,11.07
4035.0,5.0,20.0,2.0,100.0,11.14
4036.0,10.0,20.0,2.0,100.0,10.79
4037.0,20.0,20.0,2.0,100.0,8.62
4038.0,40.0,20.0,2.0,100.0,8.52
4039.0,49.0,20.0,2.0,100.0,12.38
4040.0,0.0,20.0,2.0,100.0,26.78
4041.0,0.5,20.0,2.0,100.0,22.47
4042.0,1.0,20.0,2.0,100.0,21.27
4043.0,2.0,20.0,2.0,100.0,7.52
4044.0,3.0,20.0,2.0,100.0,8.18
4045.0,5.0,20.0,2.0,100.0,11.12
4046.0,10.0,20.0,2.0,100.0,10.21
4047.0,20.0,20.0,2.0,100.0,9.74
4048.0,40.0,20.0,2.0,100.0,8.47
4049.0,49.0,20.0,2.0,100.0,9.44
4050.0,0.0,20.0,2.0,100.0,15.97
4051.0,0.5,20.0,2.0,100.0,15.09
4052.0,1.0,20.0,2.0,100.0,23.39
4053.0,2.0,20.0,2.0,100.0,12.75
4054.0,3.0,20.0,2.0,100.0,13.23
4055.0,5.0,20.0,2.0,100.0,11.5
4056.0,10.0,20.0,2.0,100.0,8.85
4057.0,20.0,20.0,2.0,100.0,10.58
4058.0,40.0,20.0,2.0,100.0,9.02
4059.0,49.0,20.0,2.0,100.0,9.53
4060.0,0.0,20.0,2.0,100.0,16.32
4061.0,0.5,20.0,2.0,100.0,13.41
4062.0,1.0,20.0,2.0,100.0,9.62
4063.0,2.0,20.0,2.0,100.0,14.19
4064.0,3.0,20.0,2.0,100.0,8.97
4065.0,5.0,20.0,2.0,100.0,12.39
4066.0,10.0,20.0,2.0,100.0,7.77
4067.0,20.0,20.0,2.0,100.0,12.29
4068.0,40.0,20.0,2.0,100.0,8.01
4069.0,49.0,20.0,2.0,100.0,8.34
4070.0,0.0,20.0,2.0,100.0,9.81
4071.0,0.5,20.0,2.0,100.0,11.34
4072.0,1.0,20.0,2.0,100.0,8.27
4073.0,2.0,20.0,2.0,100.0,14.15
4074.0,3.0,20.0,2.0,100.0,13.36
4075.0,5.0,20.0,2.0,100.0,9.04
4076.0,10.0,20.0,2.0,100.0,11.15
4077.0,20.0,20.0,2.0,100.0,11.2
4078.0,40.0,20.0,2.0,100.0,9.96
4079.0,49.0,20.0,2.0,100.0,13.75
4080.0,0.0,20.0,2.0,100.0,19.99
4081.0,0.5,20.0,2.0,100.0,15.8
4082.0,1.0,20.0,2.0,100.0,15.88
4083.0,2.0,20.0,2.0,100.0,13.14
4084.0,3.0,20.0,2.0,100.0,8.89
4085.0,5.0,20.0,2.0,100.0,9.44
4086.0,10.0,20.0,2.0,100.0,9.24
4087.0,20.0,20.0,2.0,100.0,9.44
4088.0,40.0,20.0,2.0,100.0,9.82
4089.0,49.0,20.0,2.0,100.0,10.35
4090.0,0.0,20.0,2.0,100.0,16.73
4091.0,0.5,20.0,2.0,100.0,15.69
4092.0,1.0,20.0,2.0,100.0,9.91
4093.0,2.0,20.0,2.0,100.0,13.4
4094.0,3.0,20.0,2.0,100.0,10.14
4095.0,5.0,20.0,2.0,100.0,10.68
4096.0,10.0,20.0,2.0,100.0,8.4
4097.0,20.0,20.0,2.0,100.0,8.28
4098.0,40.0,20.0,2.0,100.0,9.25
4099.0,49.0,20.0,2.0,100.0,11.69
4100.0,0.0,20.0,2.0,100.0,19.07
4101.0,0.5,20.0,2.0,100.0,11.02
4102.0,1.0,20.0,2.0,100.0,9.84
4103.0,2.0,20.0,2.0,100.0,8.8
4104.0,3.0,20.0,2.0,100.0,9.51
4105.0,5.0,20.0,2.0,100.0,10.59
4106.0,10.0,20.0,2.0,100.0,9.28
4107.0,20.0,20.0,2.0,100.0,12.91
4108.0,40.0,20.0,2.0,100.0,10.95
4109.0,49.0,20.0,2.0,100.0,11.31
4110.0,0.0,20.0,2.0,100.0,22.32
4111.0,0.5,20.0,2.0,100.0,15.59
4112.0,1.0,20.0,2.0,100.0,13.43
4113.0,2.0,20.0,2.0,100.0,19.86
4114.0,3.0,20.0,2.0,100.0,14.55
4115.0,5.0,20.0,2.0,100.0,9.33
4116.0,10.0,20.0,2.0,100.0,9.37
4117.0,20.0,20.0,2.0,100.0,9.95
4118.0,40.0,20.0,2.0,100.0,7.93
4119.0,49.0,20.0,2.0,100.0,10.73
4120.0,0.0,20.0,2.0,100.0,9.85
4121.0,0.5,20.0,2.0,100.0,21.48
4122.0,1.0,20.0,2.0,100.0,21.3
4123.0,2.0,20.0,2.0,100.0,17.34
4124.0,3.0,20.0,2.0,100.0,14.78
4125.0,5.0,20.0,2.0,100.0,12.74
4126.0,10.0,20.0,2.0,100.0,9.78
4127.0,20.0,20.0,2.0,100.0,8.45
4128.0,40.0,20.0,2.0,100.0,8.95
4129.0,49.0,20.0,2.0,100.0,11.29
4130.0,0.0,20.0,2.0,100.0,11.23
4131.0,0.5,20.0,2.0,100.0,19.77
4132.0,1.0,20.0,2.0,100.0,16.68
4133.0,2.0,20.0,2.0,100.0,8.95
4134.0,3.0,20.0,2.0,100.0,8.77
4135.0,5.0,20.0,2.0,100.0,11.64
4136.0,10.0,20.0,2.0,100.0,8.84
4137.0,20.0,20.0,2.0,100.0,8.46
4138.0,40.0,20.0,2.0,100.0,9.71
4139.0,49.0,20.0,2.0,100.0,10.58
4140.0,0.0,20.0,2.0,100.0,16.31
4141.0,0.5,20.0,2.0,100.0,22.32
4142.0,1.0,20.0,2.0,100.0,13.03
4143.0,2.0,20.0,2.0,100.0,15.92
4144.0,3.0,20.0,2.0,100.0,10.84
4145.0,5.0,20.0,2.0,100.0,9.09
4146.0,10.0,20.0,2.0,100.0,8.09
4147.0,20.0,20.0,2.0,100.0,9.96
4148.0,40.0,20.0,2.0,100.0,9.48
4149.0,49.0,20.0,2.0,100.0,11.78
4150.0,0.0,20.0,2.0,100.0,17.83
4151.0,0.5,20.0,2.0,100.0,11.97
4152.0,1.0,20.0,2.0,100.0,8.86
4153.0,2.0,20.0,2.0,100.0,13.63
4154.0,3.0,20.0,2.0,100.0,12.75
4155.0,5.0,20.0,2.0,100.0,9.1
4156.0,10.0,20.0,2.0,100.0,9.81
4157.0,20.0,20.0,2.0,100.0,9.23
4158.0,40.0,20.0,2.0,100.0,9.3
4159.0,49.0,20.0,2.0,100.0,10.05
4160.0,0.0,20.0,2.0,100.0,21.74
4161.0,0.5,20.0,2.0,100.0,22.09
4162.0,1.0,20.0,2.0,100.0,10.67
4163.0,2.0,20.0,2.0,100.0,8.68
4164.0,3.0,20.0,2.0,100.0,9.59
4165.0,5.0,20.0,2.0,100.0,9.47
4166.0,10.0,20.0,2.0,100.0,7.94
4167.0,20.0,20.0,2.0,100.0,10.93
4168.0,40.0,20.0,2.0,100.0,8.57
4169.0,49.0,20.0,2.0,100.0,9.02
4170.0,0.0,20.0,2.0,100.0,17.99
4171.0,0.5,20.0,2.0,100.0,14.61
4172.0,1.0,20.0,2.0,100.0,9.74
4173.0,2.0,20.0,2.0,100.0,9.19
4174.0,3.0,20.0,2.0,100.0,9.66
4175.0,5.0,20.0,2.0,100.0,9.01
4176.0,10.0,20.0,2.0,100.0,9.24
4177.0,20.0,20.0,2.0,100.0,9.82
4178.0,40.0,20.0,2.0,100.0,8.85
4179.0,49.0,20.0,2.0,100.0,8.73
4180.0,0.0,20.0,2.0,100.0,16.53
4181.0,0.5,20.0,2.0,100.0,18.54
4182.0,1.0,20.0,2.0,100.0,14.45
4183.0,2.0,20.0,2.0,100.0,17.46
4184.0,3.0,20.0,2.0,100.0,19.81
4185.0,5.0,20.0,2.0,100.0,8.18
4186.0,10.0,20.0,2.0,100.0,10.1
4187.0,20.0,20.0,2.0,100.0,9.67
4188.0,40.0,20.0,2.0,100.0,10.36
4189.0,49.0,20.0,2.0,100.0,8.24
4190.0,0.0,20.0,2.0,100.0,11.64
4191.0,0.5,20.0,2.0,100.0,19.9
4192.0,1.0,20.0,2.0,100.0,8.92
4193.0,2.0,20.0,2.0,100.0,12.08
4194.0,3.0,20.0,2.0,100.0,16.8
4195.0,5.0,20.0,2.0,100.0,11.5
4196.0,10.0,20.0,2.0,100.0,9.3
4197.0,20.0,20.0,2.0,100.0,8.53
4198.0,40.0,20.0,2.0,100.0,11.52
4199.0,49.0,20.0,2.0,100.0,7.8
4200.0,0.0,20.0,2.0,100.0,26.1
4201.0,0.5,20.0,2.0,100.0,22.48
4202.0,1.0,20.0,2.0,100.0,19.67
4203.0,2.0,20.0,2.0,100.0,16.91
4204.0,3.0,20.0,2.0,100.0,11.5
4205.0,5.0,20.0,2.0,100.0,9.16
4206.0,10.0,20.0,2.0,100.0,8.77
4207.0,20.0,20.0,2.0,100.0,7.83
4208.0,40.0,20.0,2.0,100.0,7.84
4209.0,49.0,20.0,2.0,100.0,12.73
4210.0,0.0,20.0,2.0,100.0,12.65
4211.0,0.5,20.0,2.0,100.0,16.21
4212.0,1.0,20.0,2.0,100.0,12.37
4213.0,2.0,20.0,2.0,100.0,10.12
4214.0,3.0,20.0,2.0,100.0,15.4
4215.0,5.0,20.0,2.0,100.0,11.75
4216.0,10.0,20.0,2.0,100.0,8.64
4217.0,20.0,20.0,2.0,100.0,8.92
4218.0,40.0,20.0,2.0,100.0,10.38
4219.0,49.0,20.0,2.0,100.0,8.04
4220.0,0.0,20.0,2.0,100.0,22.6
4221.0,0.5,20.0,2.0,100.0,19.26
4222.0,1.0,20.0,2.0,100.0,13.72
4223.0,2.0,20.0,2.0,100.0,9.91
4224.0,3.0,20.0,2.0,100.0,9.43
4225.0,5.0,20.0,2.0,100.0,8.79
4226.0,10.0,20.0,2.0,100.0,9.88
4227.0,20.0,20.0,2.0,100.0,10.87
4228.0,40.0,20.0,2.0,100.0,8.33
4229.0,49.0,20.0,2.0,100.0,7.74
4230.0,0.0,20.0,2.0,100.0,16.67
4231.0,0.5,20.0,2.0,100.0,16.67
4232.0,1.0,20.0,2.0,100.0,11.04
4233.0,2.0,20.0,2.0,100.0,10.49
4234.0,3.0,20.0,2.0,100.0,13.55
4235.0,5.0,20.0,2.0,100.0,8.82
4236.0,10.0,20.0,2.0,100.0,9.09
4237.0,20.0,20.0,2.0,100.0,9.27
4238.0,40.0,20.0,2.0,100.0,8.51
4239.0,49.0,20.0,2.0,100.0,9.69
4240.0,0.0,20.0,2.0,100.0,23.06
4241.0,0.5,20.0,2.0,100.0,23.24
4242.0,1.0,20.0,2.0,100.0,9.44
4243.0,2.0,20.0,2.0,100.0,18.46
4244.0,3.0,20.0,2.0,100.0,9.82
4245.0,5.0,20.0,2.0,100.0,12.74
4246.0,10.0,20.0,2.0,100.0,8.8
4247.0,20.0,20.0,2.0,100.0,10.39
4248.0,40.0,20.0,2.0,100.0,10.75
4249.0,49.0,20.0,2.0,100.0,12.29
4250.0,0.0,20.0,2.0,100.0,25.53
4251.0,0.5,20.0,2.0,100.0,19.83
4252.0,1.0,20.0,2.0,100.0,9.46
4253.0,2.0,20.0,2.0,100.0,12.99
4254.0,3.0,20.0,2.0,100.0,9.24
4255.0,5.0,20.0,2.0,100.0,10.32
4256.0,10.0,20.0,2.0,100.0,9.94
4257.0,20.0,20.0,2.0,100.0,7.87
4258.0,40.0,20.0,2.0,100.0,10.34
4259.0,49.0,20.0,2.0,100.0,13.75
4260.0,0.0,20.0,2.0,100.0,19.23
4261.0,0.5,20.0,2.0,100.0,25.02
4262.0,1.0,20.0,2.0,100.0,21.24
4263.0,2.0,20.0,2.0,100.0,11.86
4264.0,3.0,20.0,2.0,100.0,9.27
4265.0,5.0,20.0,2.0,100.0,12.22
4266.0,10.0,20.0,2.0,100.0,9.78
4267.0,20.0,20.0,2.0,100.0,9.62
4268.0,40.0,20.0,2.0,100.0,8.96
4269.0,49.0,20.0,2.0,100.0,7.85
4270.0,0.0,20.0,2.0,100.0,24.16
4271.0,0.5,20.0,2.0,100.0,15.3
4272.0,1.0,20.0,2.0,100.0,15.48
4273.0,2.0,20.0,2.0,100.0,10.75
4274.0,3.0,20.0,2.0,100.0,10.01
4275.0,5.0,20.0,2.0,100.0,15.89
4276.0,10.0,20.0,2.0,100.0,9.1
4277.0,20.0,20.0,2.0,100.0,11.11
4278.0,40.0,20.0,2.0,100.0,8.68
4279.0,49.0,20.0,2.0,100.0,11.0
4280.0,0.0,20.0,2.0,100.0,22.83
4281.0,0.5,20.0,2.0,100.0,20.07
4282.0,1.0,20.0,2.0,100.0,16.85
4283.0,2.0,20.0,2.0,100.0,14.09
4284.0,3.0,20.0,2.0,100.0,12.4
4285.0,5.0,20.0,2.0,100.0,10.09
4286.0,10.0,20.0,2.0,100.0,10.58
4287.0,20.0,20.0,2.0,100.0,9.64
4288.0,40.0,20.0,2.0,100.0,9.53
4289.0,49.0,20.0,2.0,100.0,8.64
4290.0,0.0,20.0,2.0,100.0,21.9
4291.0,0.5,20.0,2.0,100.0,17.79
4292.0,1.0,20.0,2.0,100.0,19.97
4293.0,2.0,20.0,2.0,100.0,10.78
4294.0,3.0,20.0,2.0,100.0,9.59
4295.0,5.0,20.0,2.0,100.0,8.46
4296.0,10.0,20.0,2.0,100.0,9.42
4297.0,20.0,20.0,2.0,100.0,9.94
4298.0,40.0,20.0,2.0,100.0,8.91
4299.0,49.0,20.0,2.0,100.0,12.29
4300.0,0.0,20.0,2.0,100.0,27.23
4301.0,0.5,20.0,2.0,100.0,19.16
4302.0,1.0,20.0,2.0,100.0,12.53
4303.0,2.0,20.0,2.0,100.0,12.62
4304.0,3.0,20.0,2.0,100.0,8.93
4305.0,5.0,20.0,2.0,100.0,12.69
4306.0,10.0,20.0,2.0,100.0,7.92
4307.0,20.0,20.0,2.0,100.0,8.05
4308.0,40.0,20.0,2.0,100.0,9.37
4309.0,49.0,20.0,2.0,100.0,12.66
4310.0,0.0,20.0,2.0,100.0,23.94
4311.0,0.5,20.0,2.0,100.0,18.07
4312.0,1.0,20.0,2.0,100.0,11.94
4313.0,2.0,20.0,2.0,100.0,17.15
4314.0,3.0,20.0,2.0,100.0,7.97
4315.0,5.0,20.0,2.0,100.0,11.48
4316.0,10.0,20.0,2.0,100.0,9.34
4317.0,20.0,20.0,2.0,100.0,9.0
4318.0,40.0,20.0,2.0,100.0,10.46
4319.0,49.0,20.0,2.0,100.0,9.77
4320.0,0.0,20.0,2.0,100.0,21.33
4321.0,0.5,20.0,2.0,100.0,14.52
4322.0,1.0,20.0,2.0,100.0,12.49
4323.0,2.0,20.0,2.0,100.0,19.94
4324.0,3.0,20.0,2.0,100.0,10.67
4325.0,5.0,20.0,2.0,100.0,9.78
4326.0,10.0,20.0,2.0,100.0,8.46
4327.0,20.0,20.0,2.0,100.0,9.51
4328.0,40.0,20.0,2.0,100.0,9.13
4329.0,49.0,20.0,2.0,100.0,11.26
4330.0,0.0,20.0,2.0,100.0,25.28
4331.0,0.5,20.0,2.0,100.0,15.79
4332.0,1.0,20.0,2.0,100.0,23.65
4333.0,2.0,20.0,2.0,100.0,11.81
4334.0,3.0,20.0,2.0,100.0,10.55
4335.0,5.0,20.0,2.0,100.0,10.44
4336.0,10.0,20.0,2.0,100.0,8.81
4337.0,20.0,20.0,2.0,100.0,9.61
4338.0,40.0,20.0,2.0,100.0,11.86
4339.0,49.0,20.0,2.0,100.0,10.77
4340.0,0.0,20.0,2.0,100.0,11.26
4341.0,0.5,20.0,2.0,100.0,16.48
4342.0,1.0,20.0,2.0,100.0,11.78
4343.0,2.0,20.0,2.0,100.0,10.82
4344.0,3.0,20.0,2.0,100.0,9.57
4345.0,5.0,20.0,2.0,100.0,8.11
4346.0,10.0,20.0,2.0,100.0,8.63
4347.0,20.0,20.0,2.0,100.0,10.04
4348.0,40.0,20.0,2.0,100.0,9.78
4349.0,49.0,20.0,2.0,100.0,9.49
4350.0,0.0,20.0,2.0,100.0,17.03
4351.0,0.5,20.0,2.0,100.0,11.7
4352.0,1.0,20.0,2.0,100.0,12.93
4353.0,2.0,20.0,2.0,100.0,13.42
4354.0,3.0,20.0,2.0,100.0,8.75
4355.0,5.0,20.0,2.0,100.0,9.64
4356.0,10.0,20.0,2.0,100.0,8.93
4357.0,20.0,20.0,2.0,100.0,9.26
4358.0,40.0,20.0,2.0,100.0,8.99
4359.0,49.0,20.0,2.0,100.0,10.0
4360.0,0.0,20.0,2.0,100.0,16.36
4361.0,0.5,20.0,2.0,100.0,10.1
4362.0,1.0,20.0,2.0,100.0,20.26
4363.0,2.0,20.0,2.0,100.0,10.1
4364.0,3.0,20.0,2.0,100.0,10.19
4365.0,5.0,20.0,2.0,100.0,9.27
4366.0,10.0,20.0,2.0,100.0,11.16
4367.0,20.0,20.0,2.0,100.0,10.25
4368.0,40.0,20.0,2.0,100.0,10.49
4369.0,49.0,20.0,2.0,100.0,12.57
4370.0,0.0,20.0,2.0,100.0,17.67
4371.0,0.5,20.0,2.0,100.0,11.45
4372.0,1.0,20.0,2.0,100.0,15.32
4373.0,2.0,20.0,2.0,100.0,9.91
4374.0,3.0,20.0,2.0,100.0,11.96
4375.0,5.0,20.0,2.0,100.0,11.46
4376.0,10.0,20.0,2.0,100.0,10.21
4377.0,20.0,20.0,2.0,100.0,9.8
4378.0,40.0,20.0,2.0,100.0,8.9
4379.0,49.0,20.0,2.0,100.0,7.58
4380.0,0.0,20.0,2.0,100.0,21.81
4381.0,0.5,20.0,2.0,100.0,11.88
4382.0,1.0,20.0,2.0,100.0,12.78
4383.0,2.0,20.0,2.0,100.0,10.62
4384.0,3.0,20.0,2.0,100.0,15.04
4385.0,5.0,20.0,2.0,100.0,9.27
4386.0,10.0,20.0,2.0,100.0,10.46
4387.0,20.0,20.0,2.0,100.0,10.69
4388.0,40.0,20.0,2.0,100.0,13.29
4389.0,49.0,20.0,2.0,100.0,10.86
4390.0,0.0,20.0,2.0,100.0,17.3
4391.0,0.5,20.0,2.0,100.0,22.95
4392.0,1.0,20.0,2.0,100.0,16.55
4393.0,2.0,20.0,2.0,100.0,9.63
4394.0,3.0,20.0,2.0,100.0,9.43
4395.0,5.0,20.0,2.0,100.0,10.58
4396.0,10.0,20.0,2.0,100.0,10.36
4397.0,20.0,20.0,2.0,100.0,11.86
4398.0,40.0,20.0,2.0,100.0,7.87
4399.0,49.0,20.0,2.0,100.0,10.07
4400.0,0.0,20.0,2.0,100.0,20.9
4401.0,0.5,20.0,2.0,100.0,13.76
4402.0,1.0,20.0,2.0,100.0,9.84
4403.0,2.0,20.0,2.0,100.0,9.46
4404.0,3.0,20.0,2.0,100.0,12.34
4405.0,5.0,20.0,2.0,100.0,10.13
4406.0,10.0,20.0,2.0,100.0,8.17
4407.0,20.0,20.0,2.0,100.0,8.15
4408.0,40.0,20.0,2.0,100.0,10.64
4409.0,49.0,20.0,2.0,100.0,10.5
4410.0,0.0,20.0,2.0,100.0,17.46
4411.0,0.5,20.0,2.0,100.0,24.57
4412.0,1.0,20.0,2.0,100.0,16.4
4413.0,2.0,20.0,2.0,100.0,7.53
4414.0,3.0,20.0,2.0,100.0,13.85
4415.0,5.0,20.0,2.0,100.0,12.66
4416.0,10.0,20.0,2.0,100.0,9.74
4417.0,20.0,20.0,2.0,100.0,11.41
4418.0,40.0,20.0,2.0,100.0,11.12
4419.0,49.0,20.0,2.0,100.0,11.71
4420.0,0.0,20.0,2.0,100.0,19.71
4421.0,0.5,20.0,2.0,100.0,21.42
4422.0,1.0,20.0,2.0,100.0,15.75
4423.0,2.0,20.0,2.0,100.0,22.58
4424.0,3.0,20.0,2.0,100.0,9.56
4425.0,5.0,20.0,2.0,100.0,9.42
4426.0,10.0,20.0,2.0,100.0,9.82
4427.0,20.0,20.0,2.0,100.0,9.25
4428.0,40.0,20.0,2.0,100.0,8.52
4429.0,49.0,20.0,2.0,100.0,9.03
4430.0,0.0,20.0,2.0,100.0,18.82
4431.0,0.5,20.0,2.0,100.0,15.16
4432.0,1.0,20.0,2.0,100.0,10.23
4433.0,2.0,20.0,2.0,100.0,21.58
4434.0,3.0,20.0,2.0,100.0,15.41
4435.0,5.0,20.0,2.0,100.0,12.95
4436.0,10.0,20.0,2.0,100.0,9.4
4437.0,20.0,20.0,2.0,100.0,8.71
4438.0,40.0,20.0,2.0,100.0,9.93
4439.0,49.0,20.0,2.0,100.0,12.5
4440.0,0.0,20.0,2.0,100.0,16.99
4441.0,0.5,20.0,2.0,100.0,22.44
4442.0,1.0,20.0,2.0,100.0,15.5
4443.0,2.0,20.0,2.0,100.0,10.59
4444.0,3.0,20.0,2.0,100.0,9.34
4445.0,5.0,20.0,2.0,100.0,8.88
4446.0,10.0,20.0,2.0,100.0,9.16
4447.0,20.0,20.0,2.0,100.0,9.21
4448.0,40.0,20.0,2.0,100.0,10.31
4449.0,49.0,20.0,2.0,100.0,10.63
4450.0,0.0,20.0,2.0,100.0,18.16
4451.0,0.5,20.0,2.0,100.0,13.63
4452.0,1.0,20.0,2.0,100.0,11.27
4453.0,2.0,20.0,2.0,100.0,13.64
4454.0,3.0,20.0,2.0,100.0,9.38
4455.0,5.0,20.0,2.0,100.0,8.22
4456.0,10.0,20.0,2.0,100.0,9.73
4457.0,20.0,20.0,2.0,100.0,11.67
4458.0,40.0,20.0,2.0,100.0,7.93
4459.0,49.0,20.0,2.0,100.0,12.24
4460.0,0.0,20.0,2.0,100.0,28.03
4461.0,0.5,20.0,2.0,100.0,19.78
4462.0,1.0,20.0,2.0,100.0,13.21
4463.0,2.0,20.0,2.0,100.0,15.67
4464.0,3.0,20.0,2.0,100.0,9.81
4465.0,5.0,20.0,2.0,100.0,9.96
4466.0,10.0,20.0,2.0,100.0,9.46
4467.0,20.0,20.0,2.0,100.0,9.12
4468.0,40.0,20.0,2.0,100.0,12.47
4469.0,49.0,20.0,2.0,100.0,11.94
4470.0,0.0,20.0,2.0,100.0,25.08
4471.0,0.5,20.0,2.0,100.0,18.87
4472.0,1.0,20.0,2.0,100.0,16.43
4473.0,2.0,20.0,2.0,100.0,8.73
4474.0,3.0,20.0,2.0,100.0,11.53
4475.0,5.0,20.0,2.0,100.0,9.39
4476.0,10.0,20.0,2.0,100.0,9.18
4477.0,20.0,20.0,2.0,100.0,8.88
4478.0,40.0,20.0,2.0,100.0,8.43
4479.0,49.0,20.0,2.0,100.0,9.85
4480.0,0.0,20.0,2.0,100.0,11.95
4481.0,0.5,20.0,2.0,100.0,9.49
4482.0,1.0,20.0,2.0,100.0,10.5
4483.0,2.0,20.0,2.0,100.0,12.48
4484.0,3.0,20.0,2.0,100.0,10.61
4485.0,5.0,20.0,2.0,100.0,10.06
4486.0,10.0,20.0,2.0,100.0,11.09
4487.0,20.0,20.0,2.0,100.0,8.03
4488.0,40.0,20.0,2.0,100.0,11.87
4489.0,49.0,20.0,2.0,100.0,8.68
4490.0,0.0,20.0,2.0,100.0,22.09
4491.0,0.5,20.0,2.0,100.0,14.31
4492.0,1.0,20.0,2.0,100.0,15.6
4493.0,2.0,20.0,2.0,100.0,10.38
4494.0,3.0,20.0,2.0,100.0,10.59
4495.0,5.0,20.0,2.0,100.0,9.26
4496.0,10.0,20.0,2.0,100.0,8.85
4497.0,20.0,20.0,2.0,100.0,10.72
4498.0,40.0,20.0,2.0,100.0,13.08
4499.0,49.0,20.0,2.0,100.0,10.09
4500.0,0.0,20.0,2.0,100.0,19.88
4501.0,0.5,20.0,2.0,100.0,25.14
4502.0,1.0,20.0,2.0,100.0,23.73
4503.0,2.0,20.0,2.0,100.0,10.36
4504.0,3.0,20.0,2.0,100.0,12.55
4505.0,5.0,20.0,2.0,100.0,11.14
4506.0,10.0,20.0,2.0,100.0,7.92
4507.0,20.0,20.0,2.0,100.0,10.91
4508.0,40.0,20.0,2.0,100.0,10.61
4509.0,49.0,20.0,2.0,100.0,9.3
4510.0,0.0,20.0,2.0,100.0,21.33
4511.0,0.5,20.0,2.0,100.0,13.67
4512.0,1.0,20.0,2.0,100.0,18.07
4513.0,2.0,20.0,2.0,100.0,9.72
4514.0,3.0,20.0,2.0,100.0,8.58
4515.0,5.0,20.0,2.0,100.0,9.76
4516.0,10.0,20.0,2.0,100.0,9.99
4517.0,20.0,20.0,2.0,100.0,9.27
4518.0,40.0,20.0,2.0,100.0,8.82
4519.0,49.0,20.0,2.0,100.0,10.95
4520.0,0.0,20.0,2.0,100.0,25.86
4521.0,0.5,20.0,2.0,100.0,13.84
4522.0,1.0,20.0,2.0,100.0,10.71
4523.0,2.0,20.0,2.0,100.0,13.43
4524.0,3.0,20.0,2.0,100.0,10.38
4525.0,5.0,20.0,2.0,100.0,10.84
4526.0,10.0,20.0,2.0,100.0,9.79
4527.0,20.0,20.0,2.0,100.0,9.45
4528.0,40.0,20.0,2.0,100.0,11.19
4529.0,49.0,20.0,2.0,100.0,8.71
4530.0,0.0,20.0,2.0,100.0,9.58
4531.0,0.5,20.0,2.0,100.0,22.14
4532.0,1.0,20.0,2.0,100.0,17.91
4533.0,2.0,20.0,2.0,100.0,12.57
4534.0,3.0,20.0,2.0,100.0,13.64
4535.0,5.0,20.0,2.0,100.0,11.87
4536.0,10.0,20.0,2.0,100.0,8.28
4537.0,20.0,20.0,2.0,100.0,7.99
4538.0,40.0,20.0,2.0,100.0,8.56
4539.0,49.0,20.0,2.0,100.0,10.38
4540.0,0.0,20.0,2.0,100.0,26.99
4541.0,0.5,20.0,2.0,100.0,25.42
4542.0,1.0,20.0,2.0,100.0,11.67
4543.0,2.0,20.0,2.0,100.0,13.03
4544.0,3.0,20.0,2.0,100.0,8.75
4545.0,5.0,20.0,2.0,100.0,9.6
4546.0,10.0,20.0,2.0,100.0,9.51
4547.0,20.0,20.0,2.0,100.0,10.21
4548.0,40.0,20.0,2.0,100.0,11.61
4549.0,49.0,20.0,2.0,100.0,8.93
4550.0,0.0,20.0,2.0,100.0,18.82
4551.0,0.5,20.0,2.0,100.0,19.89
4552.0,1.0,20.0,2.0,100.0,12.7
4553.0,2.0,20.0,2.0,100.0,11.81
4554.0,3.0,20.0,2.0,100.0,14.26
4555.0,5.0,20.0,2.0,100.0,9.8
4556.0,10.0,20.0,2.0,100.0,9.07
4557.0,20.0,20.0,2.0,100.0,8.2
4558.0,40.0,20.0,2.0,100.0,10.01
4559.0,49.0,20.0,2.0,100.0,9.18
4560.0,0.0,20.0,2.0,100.0,17.34
4561.0,0.5,20.0,2.0,100.0,12.86
4562.0,1.0,20.0,2.0,100.0,12.87
4563.0,2.0,20.0,2.0,100.0,15.82
4564.0,3.0,20.0,2.0,100.0,11.86
4565.0,5.0,20.0,2.0,100.0,9.64
4566.0,10.0,20.0,2.0,100.0,9.29
4567.0,20.0,20.0,2.0,100.0,7.94
4568.0,40.0,20.0,2.0,100.0,10.08
4569.0,49.0,20.0,2.0,100.0,11.38
4570.0,0.0,20.0,2.0,100.0,13.27
4571.0,0.5,20.0,2.0,100.0,19.18
4572.0,1.0,20.0,2.0,100.0,13.62
4573.0,2.0,20.0,2.0,100.0,17.86
4574.0,3.0,20.0,2.0,100.0,13.01
4575.0,5.0,20.0,2.0,100.0,9.16
4576.0,10.0,20.0,2.0,100.0,9.1
4577.0,20.0,20.0,2.0,100.0,8.26
4578.0,40.0,20.0,2.0,100.0,8.26
4579.0,49.0,20.0,2.0,100.0,9.31
4580.0,0.0,20.0,2.0,100.0,15.46
4581.0,0.5,20.0,2.0,100.0,18.43
4582.0,1.0,20.0,2.0,100.0,13.15
4583.0,2.0,20.0,2.0,100.0,12.74
4584.0,3.0,20.0,2.0,100.0,10.19
4585.0,5.0,20.0,2.0,100.0,9.64
4586.0,10.0,20.0,2.0,100.0,10.79
4587.0,20.0,20.0,2.0,100.0,8.63
4588.0,40.0,20.0,2.0,100.0,10.84
4589.0,49.0,20.0,2.0,100.0,11.29
4590.0,0.0,20.0,2.0,100.0,12.71
4591.0,0.5,20.0,2.0,100.0,11.13
4592.0,1.0,20.0,2.0,100.0,14.72
4593.0,2.0,20.0,2.0,100.0,9.74
4594.0,3.0,20.0,2.0,100.0,11.64
4595.0,5.0,20.0,2.0,100.0,9.98
4596.0,10.0,20.0,2.0,100.0,9.93
4597.0,20.0,20.0,2.0,100.0,8.48
4598.0,40.0,20.0,2.0,100.0,8.84
4599.0,49.0,20.0,2.0,100.0,10.9
4600.0,0.0,20.0,2.0,100.0,26.89
4601.0,0.5,20.0,2.0,100.0,23.07
4602.0,1.0,20.0,2.0,100.0,10.49
4603.0,2.0,20.0,2.0,100.0,9.51
4604.0,3.0,20.0,2.0,100.0,10.01
4605.0,5.0,20.0,2.0,100.0,11.96
4606.0,10.0,20.0,2.0,100.0,9.03
4607.0,20.0,20.0,2.0,100.0,10.81
4608.0,40.0,20.0,2.0,100.0,9.83
4609.0,49.0,20.0,2.0,100.0,13.47
4610.0,0.0,20.0,2.0,100.0,19.87
4611.0,0.5,20.0,2.0,100.0,10.26
4612.0,1.0,20.0,2.0,100.0,24.88
4613.0,2.0,20.0,2.0,100.0,11.18
4614.0,3.0,20.0,2.0,100.0,9.2
4615.0,5.0,20.0,2.0,100.0,8.4
4616.0,10.0,20.0,2.0,100.0,10.22
4617.0,20.0,20.0,2.0,100.0,10.44
4618.0,40.0,20.0,2.0,100.0,10.7
4619.0,49.0,20.0,2.0,100.0,10.22
4620.0,0.0,20.0,2.0,100.0,20.19
4621.0,0.5,20.0,2.0,100.0,21.8
4622.0,1.0,20.0,2.0,100.0,21.1
4623.0,2.0,20.0,2.0,100.0,11.14
4624.0,3.0,20.0,2.0,100.0,22.97
4625.0,5.0,20.0,2.0,100.0,7.75
4626.0,10.0,20.0,2.0,100.0,9.56
4627.0,20.0,20.0,2.0,100.0,10.14
4628.0,40.0,20.0,2.0,100.0,8.76
4629.0,49.0,20.0,2.0,100.0,9.78
4630.0,0.0,20.0,2.0,100.0,22.01
4631.0,0.5,20.0,2.0,100.0,23.43
4632.0,1.0,20.0,2.0,100.0,11.43
4633.0,2.0,20.0,2.0,100.0,8.45
4634.0,3.0,20.0,2.0,100.0,9.14
4635.0,5.0,20.0,2.0,100.0,9.07
4636.0,10.0,20.0,2.0,100.0,8.08
4637.0,20.0,20.0,2.0,100.0,9.85
4638.0,40.0,20.0,2.0,100.0,8.72
4639.0,49.0,20.0,2.0,100.0,9.81
4640.0,0.0,20.0,2.0,100.0,13.18
4641.0,0.5,20.0,2.0,100.0,16.59
4642.0,1.0,20.0,2.0,100.0,14.69
4643.0,2.0,20.0,2.0,100.0,10.24
4644.0,3.0,20.0,2.0,100.0,10.39
4645.0,5.0,20.0,2.0,100.0,10.05
4646.0,10.0,20.0,2.0,100.0,9.73
4647.0,20.0,20.0,2.0,100.0,9.38
4648.0,40.0,20.0,2.0,100.0,8.05
4649.0,49.0,20.0,2.0,100.0,8.25
4650.0,0.0,20.0,2.0,100.0,17.55
4651.0,0.5,20.0,2.0,100.0,23.18
4652.0,1.0,20.0,2.0,100.0,12.4
4653.0,2.0,20.0,2.0,100.0,9.74
4654.0,3.0,20.0,2.0,100.0,15.16
4655.0,5.0,20.0,2.0,100.0,12.82
4656.0,10.0,20.0,2.0,100.0,7.48
4657.0,20.0,20.0,2.0,100.0,8.19
4658.0,40.0,20.0,2.0,100.0,8.4
4659.0,49.0,20.0,2.0,100.0,12.98
4660.0,0.0,20.0,2.0,100.0,19.64
4661.0,0.5,20.0,2.0,100.0,16.48
4662.0,1.0,20.0,2.0,100.0,21.0
4663.0,2.0,20.0,2.0,100.0,11.21
4664.0,3.0,20.0,2.0,100.0,19.37
4665.0,5.0,20.0,2.0,100.0,9.07
4666.0,10.0,20.0,2.0,100.0,8.8
4667.0,20.0,20.0,2.0,100.0,8.47
4668.0,40.0,20.0,2.0,100.0,8.94
4669.0,49.0,20.0,2.0,100.0,10.47
4670.0,0.0,20.0,2.0,100.0,16.87
4671.0,0.5,20.0,2.0,100.0,12.2
4672.0,1.0,20.0,2.0,100.0,11.81
4673.0,2.0,20.0,2.0,100.0,23.98
4674.0,3.0,20.0,2.0,100.0,13.24
4675.0,5.0,20.0,2.0,100.0,8.36
4676.0,10.0,20.0,2.0,100.0,9.07
4677.0,20.0,20.0,2.0,100.0,8.05
4678.0,40.0,20.0,2.0,100.0,7.63
4679.0,49.0,20.0,2.0,100.0,10.09
4680.0,0.0,20.0,2.0,100.0,24.72
4681.0,0.5,20.0,2.0,100.0,12.38
4682.0,1.0,20.0,2.0,100.0,19.86
4683.0,2.0,20.0,2.0,100.0,10.88
4684.0,3.0,20.0,2.0,100.0,9.22
4685.0,5.0,20.0,2.0,100.0,10.86
4686.0,10.0,20.0,2.0,100.0,9.99
4687.0,20.0,20.0,2.0,100.0,8.83
4688.0,40.0,20.0,2.0,100.0,8.1
4689.0,49.0,20.0,2.0,100.0,9.34
4690.0,0.0,20.0,2.0,100.0,11.2
4691.0,0.5,20.0,2.0,100.0,15.69
4692.0,1.0,20.0,2.0,100.0,19.05
4693.0,2.0,20.0,2.0,100.0,10.54
4694.0,3.0,20.0,2.0,100.0,14.52
4695.0,5.0,20.0,2.0,100.0,14.83
4696.0,10.0,20.0,2.0,100.0,10.39
4697.0,20.0,20.0,2.0,100.0,10.16
4698.0,40.0,20.0,2.0,100.0,8.43
4699.0,49.0,20.0,2.0,100.0,11.61
4700.0,0.0,20.0,2.0,100.0,17.05
4701.0,0.5,20.0,2.0,100.0,17.22
4702.0,1.0,20.0,2.0,100.0,15.09
4703.0,2.0,20.0,2.0,100.0,9.91
4704.0,3.0,20.0,2.0,100.0,13.44
4705.0,5.0,20.0,2.0,100.0,9.36
4706.0,10.0,20.0,2.0,100.0,9.31
4707.0,20.0,20.0,2.0,100.0,7.74
4708.0,40.0,20.0,2.0,100.0,9.36
4709.0,49.0,20.0,2.0,100.0,12.08
4710.0,0.0,20.0,2.0,100.0,13.24
4711.0,0.5,20.0,2.0,100.0,23.01
4712.0,1.0,20.0,2.0,100.0,12.32
4713.0,2.0,20.0,2.0,100.0,13.77
4714.0,3.0,20.0,2.0,100.0,12.49
4715.0,5.0,20.0,2.0,100.0,8.93
4716.0,10.0,20.0,2.0,100.0,10.03
4717.0,20.0,20.0,2.0,100.0,9.29
4718.0,40.0,20.0,2.0,100.0,8.5
4719.0,49.0,20.0,2.0,100.0,11.23
4720.0,0.0,20.0,2.0,100.0,19.98
4721.0,0.5,20.0,2.0,100.0,18.84
4722.0,1.0,20.0,2.0,100.0,23.7
4723.0,2.0,20.0,2.0,100.0,11.42
4724.0,3.0,20.0,2.0,100.0,9.29
4725.0,5.0,20.0,2.0,100.0,11.81
4726.0,10.0,20.0,2.0,100.0,11.4
4727.0,20.0,20.0,2.0,100.0,9.24
4728.0,40.0,20.0,2.0,100.0,9.8
4729.0,49.0,20.0,2.0,100.0,11.38
4730.0,0.0,20.0,2.0,100.0,16.83
4731.0,0.5,20.0,2.0,100.0,18.34
4732.0,1.0,20.0,2.0,100.0,10.22
4733.0,2.0,20.0,2.0,100.0,9.15
4734.0,3.0,20.0,2.0,100.0,8.59
4735.0,5.0,20.0,2.0,100.0,9.35
4736.0,10.0,20.0,2.0,100.0,10.11
4737.0,20.0,20.0,2.0,100.0,11.82
4738.0,40.0,20.0,2.0,100.0,10.02
4739.0,49.0,20.0,2.0,100.0,9.35
4740.0,0.0,20.0,2.0,100.0,23.19
4741.0,0.5,20.0,2.0,100.0,9.92
4742.0,1.0,20.0,2.0,100.0,13.83
4743.0,2.0,20.0,2.0,100.0,10.73
4744.0,3.0,20.0,2.0,100.0,10.32
4745.0,5.0,20.0,2.0,100.0,9.53
4746.0,10.0,20.0,2.0,100.0,8.5
4747.0,20.0,20.0,2.0,100.0,9.53
4748.0,40.0,20.0,2.0,100.0,12.24
4749.0,49.0,20.0,2.0,100.0,11.26
4750.0,0.0,20.0,2.0,100.0,23.77
4751.0,0.5,20.0,2.0,100.0,9.1
4752.0,1.0,20.0,2.0,100.0,17.69
4753.0,2.0,20.0,2.0,100.0,11.06
4754.0,3.0,20.0,2.0,100.0,8.68
4755.0,5.0,20.0,2.0,100.0,11.98
4756.0,10.0,20.0,2.0,100.0,9.46
4757.0,20.0,20.0,2.0,100.0,8.31
4758.0,40.0,20.0,2.0,100.0,8.99
4759.0,49.0,20.0,2.0,100.0,10.23
4760.0,0.0,20.0,2.0,100.0,11.73
4761.0,0.5,20.0,2.0,100.0,17.45
4762.0,1.0,20.0,2.0,100.0,13.69
4763.0,2.0,20.0,2.0,100.0,9.49
4764.0,3.0,20.0,2.0,100.0,8.65
4765.0,5.0,20.0,2.0,100.0,8.55
4766.0,10.0,20.0,2.0,100.0,9.67
4767.0,20.0,20.0,2.0,100.0,9.83
4768.0,40.0,20.0,2.0,100.0,7.46
4769.0,49.0,20.0,2.0,100.0,10.42
4770.0,0.0,20.0,2.0,100.0,19.31
4771.0,0.5,20.0,2.0,100.0,23.66
4772.0,1.0,20.0,2.0,100.0,10.51
4773.0,2.0,20.0,2.0,100.0,14.41
4774.0,3.0,20.0,2.0,100.0,13.0
4775.0,5.0,20.0,2.0,100.0,8.35
4776.0,10.0,20.0,2.0,100.0,9.59
4777.0,20.0,20.0,2.0,100.0,8.35
4778.0,40.0,20.0,2.0,100.0,9.16
4779.0,49.0,20.0,2.0,100.0,12.84
4780.0,0.0,20.0,2.0,100.0,25.3
4781.0,0.5,20.0,2.0,100.0,13.55
4782.0,1.0,20.0,2.0,100.0,18.42
4783.0,2.0,20.0,2.0,100.0,12.62
4784.0,3.0,20.0,2.0,100.0,11.03
4785.0,5.0,20.0,2.0,100.0,12.66
4786.0,10.0,20.0,2.0,100.0,9.6
4787.0,20.0,20.0,2.0,100.0,8.55
4788.0,40.0,20.0,2.0,100.0,11.05
4789.0,49.0,20.0,2.0,100.0,11.34
4790.0,0.0,20.0,2.0,100.0,25.11
4791.0,0.5,20.0,2.0,100.0,15.28
4792.0,1.0,20.0,2.0,100.0,10.93
4793.0,2.0,20.0,2.0,100.0,11.11
4794.0,3.0,20.0,2.0,100.0,8.26
4795.0,5.0,20.0,2.0,100.0,12.09
4796.0,10.0,20.0,2.0,100.0,7.97
4797.0,20.0,20.0,2.0,100.0,8.26
4798.0,40.0,20.0,2.0,100.0,10.24
4799.0,49.0,20.0,2.0,100.0,10.63
4800.0,0.0,20.0,2.0,100.0,23.56
4801.0,0.5,20.0,2.0,100.0,14.04
4802.0,1.0,20.0,2.0,100.0,9.91
4803.0,2.0,20.0,2.0,100.0,9.98
4804.0,3.0,20.0,2.0,100.0,10.11
4805.0,5.0,20.0,2.0,100.0,9.99
4806.0,10.0,20.0,2.0,100.0,9.77
4807.0,20.0,20.0,2.0,100.0,13.59
4808.0,40.0,20.0,2.0,100.0,8.02
4809.0,49.0,20.0,2.0,100.0,10.88
4810.0,0.0,20.0,2.0,100.0,22.69
4811.0,0.5,20.0,2.0,100.0,22.37
4812.0,1.0,20.0,2.0,100.0,15.61
4813.0,2.0,20.0,2.0,100.0,13.04
4814.0,3.0,20.0,2.0,100.0,8.58
4815.0,5.0,20.0,2.0,100.0,8.53
4816.0,10.0,20.0,2.0,100.0,7.7
4817.0,20.0,20.0,2.0,100.0,10.3
4818.0,40.0,20.0,2.0,100.0,13.93
4819.0,49.0,20.0,2.0,100.0,10.07
4820.0,0.0,20.0,2.0,100.0,16.9
4821.0,0.5,20.0,2.0,100.0,20.63
4822.0,1.0,20.0,2.0,100.0,16.48
4823.0,2.0,20.0,2.0,100.0,16.53
4824.0,3.0,20.0,2.0,100.0,8.19
4825.0,5.0,20.0,2.0,100.0,8.95
4826.0,10.0,20.0,2.0,100.0,8.15
4827.0,20.0,20.0,2.0,100.0,9.56
4828.0,40.0,20.0,2.0,100.0,7.63
4829.0,49.0,20.0,2.0,100.0,8.88
4830.0,0.0,20.0,2.0,100.0,18.68
4831.0,0.5,20.0,2.0,100.0,10.83
4832.0,1.0,20.0,2.0,100.0,10.2
4833.0,2.0,20.0,2.0,100.0,9.96
4834.0,3.0,20.0,2.0,100.0,15.69
4835.0,5.0,20.0,2.0,100.0,12.27
4836.0,10.0,20.0,2.0,100.0,9.73
4837.0,20.0,20.0,2.0,100.0,8.16
4838.0,40.0,20.0,2.0,100.0,9.85
4839.0,49.0,20.0,2.0,100.0,8.53
4840.0,0.0,20.0,2.0,100.0,21.56
4841.0,0.5,20.0,2.0,100.0,13.8
4842.0,1.0,20.0,2.0,100.0,10.94
4843.0,2.0,20.0,2.0,100.0,11.11
4844.0,3.0,20.0,2.0,100.0,9.04
4845.0,5.0,20.0,2.0,100.0,9.5
4846.0,10.0,20.0,2.0,100.0,8.41
4847.0,20.0,20.0,2.0,100.0,9.49
4848.0,40.0,20.0,2.0,100.0,11.54
4849.0,49.0,20.0,2.0,100.0,12.42
4850.0,0.0,20.0,2.0,100.0,25.04
4851.0,0.5,20.0,2.0,100.0,11.48
4852.0,1.0,20.0,2.0,100.0,10.79
4853.0,2.0,20.0,2.0,100.0,11.06
4854.0,3.0,20.0,2.0,100.0,9.61
4855.0,5.0,20.0,2.0,100.0,7.76
4856.0,10.0,20.0,2.0,100.0,7.84
4857.0,20.0,20.0,2.0,100.0,8.13
4858.0,40.0,20.0,2.0,100.0,11.06
4859.0,49.0,20.0,2.0,100.0,9.29
4860.0,0.0,20.0,2.0,100.0,14.23
4861.0,0.5,20.0,2.0,100.0,16.42
4862.0,1.0,20.0,2.0,100.0,11.37
4863.0,2.0,20.0,2.0,100.0,11.07
4864.0,3.0,20.0,2.0,100.0,9.4
4865.0,5.0,20.0,2.0,100.0,9.5
4866.0,10.0,20.0,2.0,100.0,9.28
4867.0,20.0,20.0,2.0,100.0,8.48
4868.0,40.0,20.0,2.0,100.0,10.61
4869.0,49.0,20.0,2.0,100.0,8.28
4870.0,0.0,20.0,2.0,100.0,13.55
4871.0,0.5,20.0,2.0,100.0,24.88
4872.0,1.0,20.0,2.0,100.0,13.28
4873.0,2.0,20.0,2.0,100.0,10.24
4874.0,3.0,20.0,2.0,100.0,8.05
4875.0,5.0,20.0,2.0,100.0,10.18
4876.0,10.0,20.0,2.0,100.0,9.54
4877.0,20.0,20.0,2.0,100.0,11.35
4878.0,40.0,20.0,2.0,100.0,10.76
4879.0,49.0,20.0,2.0,100.0,7.98
4880.0,0.0,20.0,2.0,100.0,17.92
4881.0,0.5,20.0,2.0,100.0,13.05
4882.0,1.0,20.0,2.0,100.0,10.46
4883.0,2.0,20.0,2.0,100.0,9.84
4884.0,3.0,20.0,2.0,100.0,14.5
4885.0,5.0,20.0,2.0,100.0,8.96
4886.0,10.0,20.0,2.0,100.0,9.4
4887.0,20.0,20.0,2.0,100.0,9.8
4888.0,40.0,20.0,2.0,100.0,10.4
4889.0,49.0,20.0,2.0,100.0,10.62
4890.0,0.0,20.0,2.0,100.0,10.34
4891.0,0.5,20.0,2.0,100.0,17.93
4892.0,1.0,20.0,2.0,100.0,18.0
4893.0,2.0,20.0,2.0,100.0,11.36
4894.0,3.0,20.0,2.0,100.0,10.69
4895.0,5.0,20.0,2.0,100.0,13.92
4896.0,10.0,20.0,2.0,100.0,8.38
4897.0,20.0,20.0,2.0,100.0,11.38
4898.0,40.0,20.0,2.0,100.0,9.77
4899.0,49.0,20.0,2.0,100.0,10.72
4900.0,0.0,20.0,2.0,100.0,17.02
4901.0,0.5,20.0,2.0,100.0,15.51
4902.0,1.0,20.0,2.0,100.0,13.89
4903.0,2.0,20.0,2.0,100.0,18.69
4904.0,3.0,20.0,2.0,100.0,13.72
4905.0,5.0,20.0,2.0,100.0,8.5
4906.0,10.0,20.0,2.0,100.0,13.75
4907.0,20.0,20.0,2.0,100.0,10.28
4908.0,40.0,20.0,2.0,100.0,8.26
4909.0,49.0,20.0,2.0,100.0,8.69
4910.0,0.0,20.0,2.0,100.0,22.95
4911.0,0.5,20.0,2.0,100.0,17.79
4912.0,1.0,20.0,2.0,100.0,13.63
4913.0,2.0,20.0,2.0,100.0,9.14
4914.0,3.0,20.0,2.0,100.0,8.86
4915.0,5.0,20.0,2.0,100.0,8.45
4916.0,10.0,20.0,2.0,100.0,8.8
4917.0,20.0,20.0,2.0,100.0,9.7
4918.0,40.0,20.0,2.0,100.0,9.11
4919.0,49.0,20.0,2.0,100.0,9.04
4920.0,0.0,20.0,2.0,100.0,15.76
4921.0,0.5,20.0,2.0,100.0,23.51
4922.0,1.0,20.0,2.0,100.0,11.36
4923.0,2.0,20.0,2.0,100.0,14.99
4924.0,3.0,20.0,2.0,100.0,8.85
4925.0,5.0,20.0,2.0,100.0,11.75
4926.0,10.0,20.0,2.0,100.0,15.37
4927.0,20.0,20.0,2.0,100.0,10.53
4928.0,40.0,20.0,2.0,100.0,10.23
4929.0,49.0,20.0,2.0,100.0,12.05
4930.0,0.0,20.0,2.0,100.0,14.79
4931.0,0.5,20.0,2.0,100.0,28.95
4932.0,1.0,20.0,2.0,100.0,17.6
4933.0,2.0,20.0,2.0,100.0,13.38
4934.0,3.0,20.0,2.0,100.0,10.36
4935.0,5.0,20.0,2.0,100.0,12.14
4936.0,10.0,20.0,2.0,100.0,7.81
4937.0,20.0,20.0,2.0,100.0,9.41
4938.0,40.0,20.0,2.0,100.0,8.61
4939.0,49.0,20.0,2.0,100.0,12.77
4940.0,0.0,20.0,2.0,100.0,12.8
4941.0,0.5,20.0,2.0,100.0,10.49
4942.0,1.0,20.0,2.0,100.0,14.33
4943.0,2.0,20.0,2.0,100.0,8.34
4944.0,3.0,20.0,2.0,100.0,9.69
4945.0,5.0,20.0,2.0,100.0,8.34
4946.0,10.0,20.0,2.0,100.0,10.45
4947.0,20.0,20.0,2.0,100.0,9.25
4948.0,40.0,20.0,2.0,100.0,9.1
4949.0,49.0,20.0,2.0,100.0,9.13
4950.0,0.0,20.0,2.0,100.0,23.03
4951.0,0.5,20.0,2.0,100.0,15.21
4952.0,1.0,20.0,2.0,100.0,9.93
4953.0,2.0,20.0,2.0,100.0,16.2
4954.0,3.0,20.0,2.0,100.0,11.02
4955.0,5.0,20.0,2.0,100.0,11.4
4956.0,10.0,20.0,2.0,100.0,8.96
4957.0,20.0,20.0,2.0,100.0,7.8
4958.0,40.0,20.0,2.0,100.0,8.36
4959.0,49.0,20.0,2.0,100.0,9.55
4960.0,0.0,20.0,2.0,100.0,24.64
4961.0,0.5,20.0,2.0,100.0,26.65
4962.0,1.0,20.0,2.0,100.0,26.5
4963.0,2.0,20.0,2.0,100.0,15.94
4964.0,3.0,20.0,2.0,100.0,16.74
4965.0,5.0,20.0,2.0,100.0,7.76
4966.0,10.0,20.0,2.0,100.0,8.29
4967.0,20.0,20.0,2.0,100.0,8.87
4968.0,40.0,20.0,2.0,100.0,9.51
4969.0,49.0,20.0,2.0,100.0,9.82
4970.0,0.0,20.0,2.0,100.0,27.41
4971.0,0.5,20.0,2.0,100.0,12.79
4972.0,1.0,20.0,2.0,100.0,17.58
4973.0,2.0,20.0,2.0,100.0,12.87
4974.0,3.0,20.0,2.0,100.0,8.43
4975.0,5.0,20.0,2.0,100.0,12.37
4976.0,10.0,20.0,2.0,100.0,9.56
4977.0,20.0,20.0,2.0,100.0,9.11
4978.0,40.0,20.0,2.0,100.0,10.46
4979.0,49.0,20.0,2.0,100.0,12.04
4980.0,0.0,20.0,2.0,100.0,26.42
4981.0,0.5,20.0,2.0,100.0,21.17
4982.0,1.0,20.0,2.0,100.0,11.34
4983.0,2.0,20.0,2.0,100.0,16.85
4984.0,3.0,20.0,2.0,100.0,10.19
4985.0,5.0,20.0,2.0,100.0,8.72
4986.0,10.0,20.0,2.0,100.0,9.05
4987.0,20.0,20.0,2.0,100.0,9.06
4988.0,40.0,20.0,2.0,100.0,10.76
4989.0,49.0,20.0,2.0,100.0,7.89
4990.0,0.0,20.0,2.0,100.0,14.47
4991.0,0.5,20.0,2.0,100.0,19.63
4992.0,1.0,20.0,2.0,100.0,20.86
4993.0,2.0,20.0,2.0,100.0,12.17
4994.0,3.0,20.0,2.0,100.0,9.4
4995.0,5.0,20.0,2.0,100.0,9.52
4996.0,10.0,20.0,2.0,100.0,9.02
4997.0,20.0,20.0,2.0,100.0,10.97
4998.0,40.0,20.0,2.0,100.0,9.28
4999.0,49.0,20.0,2.0,100.0,11.88
