Factor 1,Factor 2,Factor 3,Factor 4,Factor 5,Result 1
0.0,0.0,20.0,2.0,100.0,28.292994
1.0,0.5,20.0,2.0,100.0,27.710344
2.0,1.0,20.0,2.0,100.0,28.645569
3.0,2.0,20.0,2.0,100.0,28.02649
4.0,3.0,20.0,2.0,100.0,20.319328
5.0,5.0,20.0,2.0,100.0,20.585987
6.0,10.0,20.0,2.0,100.0,22.73006
7.0,20.0,20.0,2.0,100.0,24.095505
8.0,40.0,20.0,2.0,100.0,25.80342
9.0,49.0,20.0,2.0,100.0,48.08952
10.0,0.0,20.0,2.0,100.0,28.962025
11.0,0.5,20.0,2.0,100.0,29.867924
12.0,1.0,20.0,2.0,100.0,17.479675
13.0,2.0,20.0,2.0,100.0,19.936619
14.0,3.0,20.0,2.0,100.0,18.10949
15.0,5.0,20.0,2.0,100.0,21.978102
16.0,10.0,20.0,2.0,100.0,27.490446
17.0,20.0,20.0,2.0,100.0,19.0
18.0,40.0,20.0,2.0,100.0,22.725664
19.0,49.0,20.0,2.0,100.0,21.778051
20.0,0.0,20.0,2.0,100.0,29.076433
21.0,0.5,20.0,2.0,100.0,29.018988
22.0,1.0,20.0,2.0,100.0,15.007751
23.0,2.0,20.0,2.0,100.0,19.648438
24.0,3.0,20.0,2.0,100.0,20.079136
25.0,5.0,20.0,2.0,100.0,22.957575
26.0,10.0,20.0,2.0,100.0,13.261194
27.0,20.0,20.0,2.0,100.0,41.936584
28.0,40.0,20.0,2.0,100.0,19.494253
29.0,49.0,20.0,2.0,100.0,21.232416
30.0,0.0,20.0,2.0,100.0,30.627329
31.0,0.5,20.0,2.0,100.0,28.44079
32.0,1.0,20.0,2.0,100.0,29.496855
33.0,2.0,20.0,2.0,100.0,20.4
34.0,3.0,20.0,2.0,100.0,23.350878
35.0,5.0,20.0,2.0,100.0,10.966102
36.0,10.0,20.0,2.0,100.0,13.040816
37.0,20.0,20.0,2.0,100.0,17.939598
38.0,40.0,20.0,2.0,100.0,23.482353
39.0,49.0,20.0,2.0,100.0,23.39164
40.0,0.0,20.0,2.0,100.0,28.797468
41.0,0.5,20.0,2.0,100.0,15.503759
42.0,1.0,20.0,2.0,100.0,13.230769
43.0,2.0,20.0,2.0,100.0,14.163935
44.0,3.0,20.0,2.0,100.0,28.601265
45.0,5.0,20.0,2.0,100.0,10.359375
46.0,10.0,20.0,2.0,100.0,14.427587
47.0,20.0,20.0,2.0,100.0,15.865249
48.0,40.0,20.0,2.0,100.0,20.035336
49.0,49.0,20.0,2.0,100.0,26.750416
50.0,0.0,20.0,2.0,100.0,42.102856
51.0,0.5,20.0,2.0,100.0,29.44654
52.0,1.0,20.0,2.0,100.0,19.593496
53.0,2.0,20.0,2.0,100.0,19.863636
54.0,3.0,20.0,2.0,100.0,23.837036
55.0,5.0,20.0,2.0,100.0,12.955882
56.0,10.0,20.0,2.0,100.0,22.692308
57.0,20.0,20.0,2.0,100.0,22.78453
58.0,40.0,20.0,2.0,100.0,17.075188
59.0,49.0,20.0,2.0,100.0,19.279945
60.0,0.0,20.0,2.0,100.0,29.875
61.0,0.5,20.0,2.0,100.0,22.153847
62.0,1.0,20.0,2.0,100.0,15.420635
63.0,2.0,20.0,2.0,100.0,18.338984
64.0,3.0,20.0,2.0,100.0,26.678082
65.0,5.0,20.0,2.0,100.0,16.954248
66.0,10.0,20.0,2.0,100.0,10.02521
67.0,20.0,20.0,2.0,100.0,23.42515
68.0,40.0,20.0,2.0,100.0,35.575
69.0,49.0,20.0,2.0,100.0,20.04278
70.0,0.0,20.0,2.0,100.0,28.611465
71.0,0.5,20.0,2.0,100.0,28.070513
72.0,1.0,20.0,2.0,100.0,29.54717
73.0,2.0,20.0,2.0,100.0,28.217949
74.0,3.0,20.0,2.0,100.0,16.87069
75.0,5.0,20.0,2.0,100.0,25.141026
76.0,10.0,20.0,2.0,100.0,21.083334
77.0,20.0,20.0,2.0,100.0,24.839285
78.0,40.0,20.0,2.0,100.0,32.90763
79.0,49.0,20.0,2.0,100.0,26.379604
80.0,0.0,20.0,2.0,100.0,28.630573
81.0,0.5,20.0,2.0,100.0,27.295301
82.0,1.0,20.0,2.0,100.0,27.77551
83.0,2.0,20.0,2.0,100.0,16.859156
84.0,3.0,20.0,2.0,100.0,14.031746
85.0,5.0,20.0,2.0,100.0,16.887932
86.0,10.0,20.0,2.0,100.0,18.022728
87.0,20.0,20.0,2.0,100.0,25.772152
88.0,40.0,20.0,2.0,100.0,23.449102
89.0,49.0,20.0,2.0,100.0,19.746063
90.0,0.0,20.0,2.0,100.0,29.575949
91.0,0.5,20.0,2.0,100.0,29.68125
92.0,1.0,20.0,2.0,100.0,12.5078125
93.0,2.0,20.0,2.0,100.0,20.813007
94.0,3.0,20.0,2.0,100.0,11.406779
95.0,5.0,20.0,2.0,100.0,17.766918
96.0,10.0,20.0,2.0,100.0,28.284023
97.0,20.0,20.0,2.0,100.0,34.333332
98.0,40.0,20.0,2.0,100.0,21.969072
99.0,49.0,20.0,2.0,100.0,45.839176
100.0,0.0,20.0,2.0,100.0,29.389936
101.0,0.5,20.0,2.0,100.0,28.765823
102.0,1.0,20.0,2.0,100.0,9.807017
103.0,2.0,20.0,2.0,100.0,14.702479
104.0,3.0,20.0,2.0,100.0,11.483334
105.0,5.0,20.0,2.0,100.0,14.861539
106.0,10.0,20.0,2.0,100.0,27.458101
107.0,20.0,20.0,2.0,100.0,28.506172
108.0,40.0,20.0,2.0,100.0,28.995935
109.0,49.0,20.0,2.0,100.0,24.32745
110.0,0.0,20.0,2.0,100.0,29.335443
111.0,0.5,20.0,2.0,100.0,27.809525
112.0,1.0,20.0,2.0,100.0,18.75
113.0,2.0,20.0,2.0,100.0,21.165354
114.0,3.0,20.0,2.0,100.0,21.833334
115.0,5.0,20.0,2.0,100.0,18.911764
116.0,10.0,20.0,2.0,100.0,17.322147
117.0,20.0,20.0,2.0,100.0,22.27219
118.0,40.0,20.0,2.0,100.0,33.63014
119.0,49.0,20.0,2.0,100.0,26.95389
120.0,0.0,20.0,2.0,100.0,28.512821
121.0,0.5,20.0,2.0,100.0,29.8239
122.0,1.0,20.0,2.0,100.0,19.832
123.0,2.0,20.0,2.0,100.0,29.037975
124.0,3.0,20.0,2.0,100.0,19.192593
125.0,5.0,20.0,2.0,100.0,17.832117
126.0,10.0,20.0,2.0,100.0,26.169811
127.0,20.0,20.0,2.0,100.0,17.931973
128.0,40.0,20.0,2.0,100.0,29.666666
129.0,49.0,20.0,2.0,100.0,32.557453
130.0,0.0,20.0,2.0,100.0,28.592358
131.0,0.5,20.0,2.0,100.0,29.426752
132.0,1.0,20.0,2.0,100.0,11.859375
133.0,2.0,20.0,2.0,100.0,16.54955
134.0,3.0,20.0,2.0,100.0,20.748201
135.0,5.0,20.0,2.0,100.0,14.464567
136.0,10.0,20.0,2.0,100.0,18.668966
137.0,20.0,20.0,2.0,100.0,25.077923
138.0,40.0,20.0,2.0,100.0,22.474453
139.0,49.0,20.0,2.0,100.0,30.087603
140.0,0.0,20.0,2.0,100.0,30.1
141.0,0.5,20.0,2.0,100.0,30.124224
142.0,1.0,20.0,2.0,100.0,35.265896
143.0,2.0,20.0,2.0,100.0,28.109756
144.0,3.0,20.0,2.0,100.0,22.646154
145.0,5.0,20.0,2.0,100.0,17.864864
146.0,10.0,20.0,2.0,100.0,13.751773
147.0,20.0,20.0,2.0,100.0,23.222973
148.0,40.0,20.0,2.0,100.0,25.485796
149.0,49.0,20.0,2.0,100.0,26.075203
150.0,0.0,20.0,2.0,100.0,28.87898
151.0,0.5,20.0,2.0,100.0,26.51389
152.0,1.0,20.0,2.0,100.0,13.278195
153.0,2.0,20.0,2.0,100.0,18.794117
154.0,3.0,20.0,2.0,100.0,23.141935
155.0,5.0,20.0,2.0,100.0,19.611511
156.0,10.0,20.0,2.0,100.0,15.560811
157.0,20.0,20.0,2.0,100.0,46.07614
158.0,40.0,20.0,2.0,100.0,27.235495
159.0,49.0,20.0,2.0,100.0,26.799828
160.0,0.0,20.0,2.0,100.0,28.305733
161.0,0.5,20.0,2.0,100.0,14.312
162.0,1.0,20.0,2.0,100.0,28.606667
163.0,2.0,20.0,2.0,100.0,14.931034
164.0,3.0,20.0,2.0,100.0,19.770493
165.0,5.0,20.0,2.0,100.0,22.992592
166.0,10.0,20.0,2.0,100.0,12.617647
167.0,20.0,20.0,2.0,100.0,19.304964
168.0,40.0,20.0,2.0,100.0,32.539925
169.0,49.0,20.0,2.0,100.0,22.517532
170.0,0.0,20.0,2.0,100.0,28.86076
171.0,0.5,20.0,2.0,100.0,19.48611
172.0,1.0,20.0,2.0,100.0,19.88
173.0,2.0,20.0,2.0,100.0,16.23664
174.0,3.0,20.0,2.0,100.0,10.672414
175.0,5.0,20.0,2.0,100.0,19.578571
176.0,10.0,20.0,2.0,100.0,20.189394
177.0,20.0,20.0,2.0,100.0,22.078789
178.0,40.0,20.0,2.0,100.0,33.060932
179.0,49.0,20.0,2.0,100.0,22.456974
180.0,0.0,20.0,2.0,100.0,29.75625
181.0,0.5,20.0,2.0,100.0,29.408806
182.0,1.0,20.0,2.0,100.0,27.721855
183.0,2.0,20.0,2.0,100.0,17.535715
184.0,3.0,20.0,2.0,100.0,25.762821
185.0,5.0,20.0,2.0,100.0,10.923077
186.0,10.0,20.0,2.0,100.0,16.222973
187.0,20.0,20.0,2.0,100.0,23.197279
188.0,40.0,20.0,2.0,100.0,27.18677
189.0,49.0,20.0,2.0,100.0,24.5
190.0,0.0,20.0,2.0,100.0,44.887096
191.0,0.5,20.0,2.0,100.0,15.360656
192.0,1.0,20.0,2.0,100.0,30.00625
193.0,2.0,20.0,2.0,100.0,29.240507
194.0,3.0,20.0,2.0,100.0,19.72
195.0,5.0,20.0,2.0,100.0,26.811321
196.0,10.0,20.0,2.0,100.0,20.466217
197.0,20.0,20.0,2.0,100.0,38.202312
198.0,40.0,20.0,2.0,100.0,26.559486
199.0,49.0,20.0,2.0,100.0,18.359919
200.0,0.0,20.0,2.0,100.0,29.20886
201.0,0.5,20.0,2.0,100.0,39.65285
202.0,1.0,20.0,2.0,100.0,28.949045
203.0,2.0,20.0,2.0,100.0,21.495935
204.0,3.0,20.0,2.0,100.0,21.424
205.0,5.0,20.0,2.0,100.0,18.850746
206.0,10.0,20.0,2.0,100.0,28.7929
207.0,20.0,20.0,2.0,100.0,10.285714
208.0,40.0,20.0,2.0,100.0,22.119719
209.0,49.0,20.0,2.0,100.0,24.637339
210.0,0.0,20.0,2.0,100.0,29.196203
211.0,0.5,20.0,2.0,100.0,20.0625
212.0,1.0,20.0,2.0,100.0,28.866241
213.0,2.0,20.0,2.0,100.0,29.414013
214.0,3.0,20.0,2.0,100.0,13.698276
215.0,5.0,20.0,2.0,100.0,20.403614
216.0,10.0,20.0,2.0,100.0,24.026846
217.0,20.0,20.0,2.0,100.0,26.73077
218.0,40.0,20.0,2.0,100.0,26.784483
219.0,49.0,20.0,2.0,100.0,25.015827
220.0,0.0,20.0,2.0,100.0,30.03125
221.0,0.5,20.0,2.0,100.0,30.20625
222.0,1.0,20.0,2.0,100.0,20.924658
223.0,2.0,20.0,2.0,100.0,14.396552
224.0,3.0,20.0,2.0,100.0,15.632
225.0,5.0,20.0,2.0,100.0,21.012346
226.0,10.0,20.0,2.0,100.0,13.477612
227.0,20.0,20.0,2.0,100.0,26.04023
228.0,40.0,20.0,2.0,100.0,22.28287
229.0,49.0,20.0,2.0,100.0,30.34225
230.0,0.0,20.0,2.0,100.0,27.483871
231.0,0.5,20.0,2.0,100.0,28.24
232.0,1.0,20.0,2.0,100.0,21.322834
233.0,2.0,20.0,2.0,100.0,23.351562
234.0,3.0,20.0,2.0,100.0,15.708955
235.0,5.0,20.0,2.0,100.0,16.946566
236.0,10.0,20.0,2.0,100.0,18.802631
237.0,20.0,20.0,2.0,100.0,34.079365
238.0,40.0,20.0,2.0,100.0,28.551723
239.0,49.0,20.0,2.0,100.0,27.881691
240.0,0.0,20.0,2.0,100.0,29.20886
241.0,0.5,20.0,2.0,100.0,24.78832
242.0,1.0,20.0,2.0,100.0,18.027971
243.0,2.0,20.0,2.0,100.0,27.26875
244.0,3.0,20.0,2.0,100.0,16.882353
245.0,5.0,20.0,2.0,100.0,10.573913
246.0,10.0,20.0,2.0,100.0,40.00535
247.0,20.0,20.0,2.0,100.0,29.683674
248.0,40.0,20.0,2.0,100.0,25.058651
249.0,49.0,20.0,2.0,100.0,27.086681
250.0,0.0,20.0,2.0,100.0,28.525316
251.0,0.5,20.0,2.0,100.0,28.962025
252.0,1.0,20.0,2.0,100.0,17.367521
253.0,2.0,20.0,2.0,100.0,20.397058
254.0,3.0,20.0,2.0,100.0,15.348485
255.0,5.0,20.0,2.0,100.0,10.731708
256.0,10.0,20.0,2.0,100.0,16.386364
257.0,20.0,20.0,2.0,100.0,17.753426
258.0,40.0,20.0,2.0,100.0,21.841202
259.0,49.0,20.0,2.0,100.0,92.493034
260.0,0.0,20.0,2.0,100.0,29.34375
261.0,0.5,20.0,2.0,100.0,30.801243
262.0,1.0,20.0,2.0,100.0,14.944
263.0,2.0,20.0,2.0,100.0,22.80916
264.0,3.0,20.0,2.0,100.0,23.849316
265.0,5.0,20.0,2.0,100.0,18.17647
266.0,10.0,20.0,2.0,100.0,30.786516
267.0,20.0,20.0,2.0,100.0,18.544378
268.0,40.0,20.0,2.0,100.0,17.073172
269.0,49.0,20.0,2.0,100.0,30.088158
270.0,0.0,20.0,2.0,100.0,29.842768
271.0,0.5,20.0,2.0,100.0,15.558333
272.0,1.0,20.0,2.0,100.0,16.110294
273.0,2.0,20.0,2.0,100.0,15.015873
274.0,3.0,20.0,2.0,100.0,10.946902
275.0,5.0,20.0,2.0,100.0,16.35461
276.0,10.0,20.0,2.0,100.0,12.725191
277.0,20.0,20.0,2.0,100.0,18.880953
278.0,40.0,20.0,2.0,100.0,27.656052
279.0,49.0,20.0,2.0,100.0,17.208164
280.0,0.0,20.0,2.0,100.0,29.177216
281.0,0.5,20.0,2.0,100.0,23.157894
282.0,1.0,20.0,2.0,100.0,21.966217
283.0,2.0,20.0,2.0,100.0,15.651852
284.0,3.0,20.0,2.0,100.0,19.020834
285.0,5.0,20.0,2.0,100.0,15.316176
286.0,10.0,20.0,2.0,100.0,19.051949
287.0,20.0,20.0,2.0,100.0,12.623188
288.0,40.0,20.0,2.0,100.0,19.955017
289.0,49.0,20.0,2.0,100.0,21.449057
290.0,0.0,20.0,2.0,100.0,53.01695
291.0,0.5,20.0,2.0,100.0,52.950226
292.0,1.0,20.0,2.0,100.0,22.259542
293.0,2.0,20.0,2.0,100.0,14.255814
294.0,3.0,20.0,2.0,100.0,13.166667
295.0,5.0,20.0,2.0,100.0,17.768211
296.0,10.0,20.0,2.0,100.0,24.379086
297.0,20.0,20.0,2.0,100.0,25.28125
298.0,40.0,20.0,2.0,100.0,30.123016
299.0,49.0,20.0,2.0,100.0,24.636187
300.0,0.0,20.0,2.0,100.0,30.42236
301.0,0.5,20.0,2.0,100.0,30.52795
302.0,1.0,20.0,2.0,100.0,19.952381
303.0,2.0,20.0,2.0,100.0,18.853846
304.0,3.0,20.0,2.0,100.0,17.22
305.0,5.0,20.0,2.0,100.0,21.509203
306.0,10.0,20.0,2.0,100.0,19.23913
307.0,20.0,20.0,2.0,100.0,20.348572
308.0,40.0,20.0,2.0,100.0,22.66436
309.0,49.0,20.0,2.0,100.0,21.376009
310.0,0.0,20.0,2.0,100.0,29.90625
311.0,0.5,20.0,2.0,100.0,29.107595
312.0,1.0,20.0,2.0,100.0,15.053435
313.0,2.0,20.0,2.0,100.0,25.844156
314.0,3.0,20.0,2.0,100.0,18.550724
315.0,5.0,20.0,2.0,100.0,25.215569
316.0,10.0,20.0,2.0,100.0,15.165414
317.0,20.0,20.0,2.0,100.0,27.975
318.0,40.0,20.0,2.0,100.0,21.034985
319.0,49.0,20.0,2.0,100.0,19.12605
320.0,0.0,20.0,2.0,100.0,29.716982
321.0,0.5,20.0,2.0,100.0,55.927658
322.0,1.0,20.0,2.0,100.0,30.475
323.0,2.0,20.0,2.0,100.0,17.057554
324.0,3.0,20.0,2.0,100.0,15.941667
325.0,5.0,20.0,2.0,100.0,9.547619
326.0,10.0,20.0,2.0,100.0,26.472527
327.0,20.0,20.0,2.0,100.0,18.5125
328.0,40.0,20.0,2.0,100.0,19.390072
329.0,49.0,20.0,2.0,100.0,23.876465
330.0,0.0,20.0,2.0,100.0,29.132912
331.0,0.5,20.0,2.0,100.0,20.88889
332.0,1.0,20.0,2.0,100.0,22.476511
333.0,2.0,20.0,2.0,100.0,17.508474
334.0,3.0,20.0,2.0,100.0,18.559055
335.0,5.0,20.0,2.0,100.0,19.463768
336.0,10.0,20.0,2.0,100.0,24.273886
337.0,20.0,20.0,2.0,100.0,16.15
338.0,40.0,20.0,2.0,100.0,21.236
339.0,49.0,20.0,2.0,100.0,28.294193
340.0,0.0,20.0,2.0,100.0,30.518518
341.0,0.5,20.0,2.0,100.0,28.936708
342.0,1.0,20.0,2.0,100.0,23.986929
343.0,2.0,20.0,2.0,100.0,16.333334
344.0,3.0,20.0,2.0,100.0,16.423729
345.0,5.0,20.0,2.0,100.0,9.422764
346.0,10.0,20.0,2.0,100.0,21.819277
347.0,20.0,20.0,2.0,100.0,26.6625
348.0,40.0,20.0,2.0,100.0,28.510288
349.0,49.0,20.0,2.0,100.0,16.222883
350.0,0.0,20.0,2.0,100.0,27.839743
351.0,0.5,20.0,2.0,100.0,28.391026
352.0,1.0,20.0,2.0,100.0,11.7421875
353.0,2.0,20.0,2.0,100.0,19.976
354.0,3.0,20.0,2.0,100.0,11.5245905
355.0,5.0,20.0,2.0,100.0,16.696297
356.0,10.0,20.0,2.0,100.0,25.77841
357.0,20.0,20.0,2.0,100.0,27.828876
358.0,40.0,20.0,2.0,100.0,22.004168
359.0,49.0,20.0,2.0,100.0,25.618706
360.0,0.0,20.0,2.0,100.0,28.666666
361.0,0.5,20.0,2.0,100.0,30.660378
362.0,1.0,20.0,2.0,100.0,21.79845
363.0,2.0,20.0,2.0,100.0,15.371901
364.0,3.0,20.0,2.0,100.0,21.993334
365.0,5.0,20.0,2.0,100.0,17.625898
366.0,10.0,20.0,2.0,100.0,15.821918
367.0,20.0,20.0,2.0,100.0,21.983425
368.0,40.0,20.0,2.0,100.0,28.32773
369.0,49.0,20.0,2.0,100.0,24.1
370.0,0.0,20.0,2.0,100.0,28.197453
371.0,0.5,20.0,2.0,100.0,30.93865
372.0,1.0,20.0,2.0,100.0,20.84
373.0,2.0,20.0,2.0,100.0,12.401575
374.0,3.0,20.0,2.0,100.0,25.298851
375.0,5.0,20.0,2.0,100.0,40.764397
376.0,10.0,20.0,2.0,100.0,10.153846
377.0,20.0,20.0,2.0,100.0,27.2071
378.0,40.0,20.0,2.0,100.0,21.556604
379.0,49.0,20.0,2.0,100.0,28.78655
380.0,0.0,20.0,2.0,100.0,29.710691
381.0,0.5,20.0,2.0,100.0,25.820145
382.0,1.0,20.0,2.0,100.0,20.383562
383.0,2.0,20.0,2.0,100.0,29.37736
384.0,3.0,20.0,2.0,100.0,14.437037
385.0,5.0,20.0,2.0,100.0,11.00862
386.0,10.0,20.0,2.0,100.0,14.388489
387.0,20.0,20.0,2.0,100.0,47.669605
388.0,40.0,20.0,2.0,100.0,22.737541
389.0,49.0,20.0,2.0,100.0,27.11226
390.0,0.0,20.0,2.0,100.0,29.88125
391.0,0.5,20.0,2.0,100.0,19.688524
392.0,1.0,20.0,2.0,100.0,14.336135
393.0,2.0,20.0,2.0,100.0,14.097561
394.0,3.0,20.0,2.0,100.0,20.015873
395.0,5.0,20.0,2.0,100.0,13.565891
396.0,10.0,20.0,2.0,100.0,15.3515625
397.0,20.0,20.0,2.0,100.0,22.470238
398.0,40.0,20.0,2.0,100.0,28.638235
399.0,49.0,20.0,2.0,100.0,24.645977
400.0,0.0,20.0,2.0,100.0,30.10625
401.0,0.5,20.0,2.0,100.0,13.484375
402.0,1.0,20.0,2.0,100.0,19.106558
403.0,2.0,20.0,2.0,100.0,17.671642
404.0,3.0,20.0,2.0,100.0,17.902098
405.0,5.0,20.0,2.0,100.0,13.129032
406.0,10.0,20.0,2.0,100.0,28.06044
407.0,20.0,20.0,2.0,100.0,20.736526
408.0,40.0,20.0,2.0,100.0,20.385893
409.0,49.0,20.0,2.0,100.0,23.215431
410.0,0.0,20.0,2.0,100.0,40.860607
411.0,0.5,20.0,2.0,100.0,28.307692
412.0,1.0,20.0,2.0,100.0,28.826666
413.0,2.0,20.0,2.0,100.0,21.006536
414.0,3.0,20.0,2.0,100.0,16.097744
415.0,5.0,20.0,2.0,100.0,10.878261
416.0,10.0,20.0,2.0,100.0,25.5
417.0,20.0,20.0,2.0,100.0,30.216667
418.0,40.0,20.0,2.0,100.0,20.608889
419.0,49.0,20.0,2.0,100.0,16.09766
420.0,0.0,20.0,2.0,100.0,29.1761
421.0,0.5,20.0,2.0,100.0,16.8
422.0,1.0,20.0,2.0,100.0,30.68098
423.0,2.0,20.0,2.0,100.0,28.573248
424.0,3.0,20.0,2.0,100.0,10.798388
425.0,5.0,20.0,2.0,100.0,18.248
426.0,10.0,20.0,2.0,100.0,11.705036
427.0,20.0,20.0,2.0,100.0,35.640884
428.0,40.0,20.0,2.0,100.0,23.681482
429.0,49.0,20.0,2.0,100.0,28.089495
430.0,0.0,20.0,2.0,100.0,29.86875
431.0,0.5,20.0,2.0,100.0,17.35
432.0,1.0,20.0,2.0,100.0,24.855072
433.0,2.0,20.0,2.0,100.0,22.271318
434.0,3.0,20.0,2.0,100.0,23.033783
435.0,5.0,20.0,2.0,100.0,17.31884
436.0,10.0,20.0,2.0,100.0,14.528169
437.0,20.0,20.0,2.0,100.0,20.70886
438.0,40.0,20.0,2.0,100.0,23.234432
439.0,49.0,20.0,2.0,100.0,23.899513
440.0,0.0,20.0,2.0,100.0,28.114649
441.0,0.5,20.0,2.0,100.0,29.075949
442.0,1.0,20.0,2.0,100.0,15.208
443.0,2.0,20.0,2.0,100.0,22.438848
444.0,3.0,20.0,2.0,100.0,14.7615385
445.0,5.0,20.0,2.0,100.0,15.75862
446.0,10.0,20.0,2.0,100.0,17.272058
447.0,20.0,20.0,2.0,100.0,14.608392
448.0,40.0,20.0,2.0,100.0,31.529411
449.0,49.0,20.0,2.0,100.0,24.002348
450.0,0.0,20.0,2.0,100.0,29.792454
451.0,0.5,20.0,2.0,100.0,28.732485
452.0,1.0,20.0,2.0,100.0,16.017094
453.0,2.0,20.0,2.0,100.0,20.576
454.0,3.0,20.0,2.0,100.0,22.937107
455.0,5.0,20.0,2.0,100.0,22.77174
456.0,10.0,20.0,2.0,100.0,14.075188
457.0,20.0,20.0,2.0,100.0,28.337278
458.0,40.0,20.0,2.0,100.0,28.714285
459.0,49.0,20.0,2.0,100.0,20.325695
460.0,0.0,20.0,2.0,100.0,40.787235
461.0,0.5,20.0,2.0,100.0,29.405064
462.0,1.0,20.0,2.0,100.0,30.275
463.0,2.0,20.0,2.0,100.0,23.88806
464.0,3.0,20.0,2.0,100.0,15.231405
465.0,5.0,20.0,2.0,100.0,17.0
466.0,10.0,20.0,2.0,100.0,14.3
467.0,20.0,20.0,2.0,100.0,21.913044
468.0,40.0,20.0,2.0,100.0,38.864162
469.0,49.0,20.0,2.0,100.0,20.9625
470.0,0.0,20.0,2.0,100.0,29.08228
471.0,0.5,20.0,2.0,100.0,29.26415
472.0,1.0,20.0,2.0,100.0,37.34426
473.0,2.0,20.0,2.0,100.0,18.301888
474.0,3.0,20.0,2.0,100.0,9.902439
475.0,5.0,20.0,2.0,100.0,16.178295
476.0,10.0,20.0,2.0,100.0,20.350319
477.0,20.0,20.0,2.0,100.0,14.493055
478.0,40.0,20.0,2.0,100.0,28.129835
479.0,49.0,20.0,2.0,100.0,31.676315
480.0,0.0,20.0,2.0,100.0,29.006329
481.0,0.5,20.0,2.0,100.0,29.666666
482.0,1.0,20.0,2.0,100.0,20.008064
483.0,2.0,20.0,2.0,100.0,11.5
484.0,3.0,20.0,2.0,100.0,16.941177
485.0,5.0,20.0,2.0,100.0,13.565891
486.0,10.0,20.0,2.0,100.0,12.482269
487.0,20.0,20.0,2.0,100.0,30.530725
488.0,40.0,20.0,2.0,100.0,17.400944
489.0,49.0,20.0,2.0,100.0,31.367504
490.0,0.0,20.0,2.0,100.0,29.113924
491.0,0.5,20.0,2.0,100.0,15.808824
492.0,1.0,20.0,2.0,100.0,27.22078
493.0,2.0,20.0,2.0,100.0,27.896774
494.0,3.0,20.0,2.0,100.0,10.92126
495.0,5.0,20.0,2.0,100.0,26.957575
496.0,10.0,20.0,2.0,100.0,23.619354
497.0,20.0,20.0,2.0,100.0,16.06081
498.0,40.0,20.0,2.0,100.0,23.3875
499.0,49.0,20.0,2.0,100.0,24.328571
500.0,0.0,20.0,2.0,100.0,28.866241
501.0,0.5,20.0,2.0,100.0,29.257862
502.0,1.0,20.0,2.0,100.0,20.290323
503.0,2.0,20.0,2.0,100.0,28.774012
504.0,3.0,20.0,2.0,100.0,28.406977
505.0,5.0,20.0,2.0,100.0,13.8938055
506.0,10.0,20.0,2.0,100.0,16.312
507.0,20.0,20.0,2.0,100.0,31.73913
508.0,40.0,20.0,2.0,100.0,16.682291
509.0,49.0,20.0,2.0,100.0,22.06081
510.0,0.0,20.0,2.0,100.0,28.93038
511.0,0.5,20.0,2.0,100.0,28.579618
512.0,1.0,20.0,2.0,100.0,12.838983
513.0,2.0,20.0,2.0,100.0,9.7327585
514.0,3.0,20.0,2.0,100.0,12.840909
515.0,5.0,20.0,2.0,100.0,18.755245
516.0,10.0,20.0,2.0,100.0,21.09489
517.0,20.0,20.0,2.0,100.0,24.910715
518.0,40.0,20.0,2.0,100.0,25.87023
519.0,49.0,20.0,2.0,100.0,25.034483
520.0,0.0,20.0,2.0,100.0,28.490446
521.0,0.5,20.0,2.0,100.0,24.392157
522.0,1.0,20.0,2.0,100.0,12.693548
523.0,2.0,20.0,2.0,100.0,20.739838
524.0,3.0,20.0,2.0,100.0,11.301724
525.0,5.0,20.0,2.0,100.0,23.047945
526.0,10.0,20.0,2.0,100.0,29.0
527.0,20.0,20.0,2.0,100.0,21.272728
528.0,40.0,20.0,2.0,100.0,48.57037
529.0,49.0,20.0,2.0,100.0,33.53645
530.0,0.0,20.0,2.0,100.0,30.11875
531.0,0.5,20.0,2.0,100.0,29.253164
532.0,1.0,20.0,2.0,100.0,30.437086
533.0,2.0,20.0,2.0,100.0,19.59836
534.0,3.0,20.0,2.0,100.0,27.821655
535.0,5.0,20.0,2.0,100.0,17.742424
536.0,10.0,20.0,2.0,100.0,20.331081
537.0,20.0,20.0,2.0,100.0,29.097298
538.0,40.0,20.0,2.0,100.0,26.169014
539.0,49.0,20.0,2.0,100.0,30.805998
540.0,0.0,20.0,2.0,100.0,42.09756
541.0,0.5,20.0,2.0,100.0,29.85625
542.0,1.0,20.0,2.0,100.0,15.56391
543.0,2.0,20.0,2.0,100.0,12.779528
544.0,3.0,20.0,2.0,100.0,12.357723
545.0,5.0,20.0,2.0,100.0,20.42361
546.0,10.0,20.0,2.0,100.0,33.30198
547.0,20.0,20.0,2.0,100.0,24.609467
548.0,40.0,20.0,2.0,100.0,31.917526
549.0,49.0,20.0,2.0,100.0,18.710144
550.0,0.0,20.0,2.0,100.0,48.805
551.0,0.5,20.0,2.0,100.0,29.227848
552.0,1.0,20.0,2.0,100.0,29.73125
553.0,2.0,20.0,2.0,100.0,22.255033
554.0,3.0,20.0,2.0,100.0,14.113475
555.0,5.0,20.0,2.0,100.0,13.7769785
556.0,10.0,20.0,2.0,100.0,19.60135
557.0,20.0,20.0,2.0,100.0,24.298246
558.0,40.0,20.0,2.0,100.0,54.431427
559.0,49.0,20.0,2.0,100.0,31.971739
560.0,0.0,20.0,2.0,100.0,30.993828
561.0,0.5,20.0,2.0,100.0,29.234177
562.0,1.0,20.0,2.0,100.0,29.392405
563.0,2.0,20.0,2.0,100.0,15.118881
564.0,3.0,20.0,2.0,100.0,15.227273
565.0,5.0,20.0,2.0,100.0,10.363636
566.0,10.0,20.0,2.0,100.0,16.784615
567.0,20.0,20.0,2.0,100.0,12.40458
568.0,40.0,20.0,2.0,100.0,38.41129
569.0,49.0,20.0,2.0,100.0,22.146376
570.0,0.0,20.0,2.0,100.0,28.829113
571.0,0.5,20.0,2.0,100.0,23.225563
572.0,1.0,20.0,2.0,100.0,25.730497
573.0,2.0,20.0,2.0,100.0,13.04065
574.0,3.0,20.0,2.0,100.0,24.836735
575.0,5.0,20.0,2.0,100.0,10.015385
576.0,10.0,20.0,2.0,100.0,15.280576
577.0,20.0,20.0,2.0,100.0,38.14754
578.0,40.0,20.0,2.0,100.0,29.007273
579.0,49.0,20.0,2.0,100.0,21.072035
580.0,0.0,20.0,2.0,100.0,29.373417
581.0,0.5,20.0,2.0,100.0,23.425676
582.0,1.0,20.0,2.0,100.0,19.891304
583.0,2.0,20.0,2.0,100.0,12.577236
584.0,3.0,20.0,2.0,100.0,23.325758
585.0,5.0,20.0,2.0,100.0,13.919118
586.0,10.0,20.0,2.0,100.0,22.10274
587.0,20.0,20.0,2.0,100.0,27.594936
588.0,40.0,20.0,2.0,100.0,18.663935
589.0,49.0,20.0,2.0,100.0,26.907217
590.0,0.0,20.0,2.0,100.0,30.335403
591.0,0.5,20.0,2.0,100.0,29.60625
592.0,1.0,20.0,2.0,100.0,17.394958
593.0,2.0,20.0,2.0,100.0,16.646017
594.0,3.0,20.0,2.0,100.0,20.269842
595.0,5.0,20.0,2.0,100.0,11.705358
596.0,10.0,20.0,2.0,100.0,21.013987
597.0,20.0,20.0,2.0,100.0,27.430052
598.0,40.0,20.0,2.0,100.0,19.037313
599.0,49.0,20.0,2.0,100.0,25.133423
600.0,0.0,20.0,2.0,100.0,28.032051
601.0,0.5,20.0,2.0,100.0,47.164948
602.0,1.0,20.0,2.0,100.0,19.447155
603.0,2.0,20.0,2.0,100.0,10.108334
604.0,3.0,20.0,2.0,100.0,10.663865
605.0,5.0,20.0,2.0,100.0,10.754237
606.0,10.0,20.0,2.0,100.0,18.958904
607.0,20.0,20.0,2.0,100.0,34.603962
608.0,40.0,20.0,2.0,100.0,22.975945
609.0,49.0,20.0,2.0,100.0,21.251547
610.0,0.0,20.0,2.0,100.0,29.088608
611.0,0.5,20.0,2.0,100.0,49.887894
612.0,1.0,20.0,2.0,100.0,24.59854
613.0,2.0,20.0,2.0,100.0,12.045455
614.0,3.0,20.0,2.0,100.0,10.51282
615.0,5.0,20.0,2.0,100.0,16.137682
616.0,10.0,20.0,2.0,100.0,26.440994
617.0,20.0,20.0,2.0,100.0,13.806896
618.0,40.0,20.0,2.0,100.0,22.252596
619.0,49.0,20.0,2.0,100.0,27.61482
620.0,0.0,20.0,2.0,100.0,50.120537
621.0,0.5,20.0,2.0,100.0,28.740507
622.0,1.0,20.0,2.0,100.0,16.189781
623.0,2.0,20.0,2.0,100.0,17.045801
624.0,3.0,20.0,2.0,100.0,18.733871
625.0,5.0,20.0,2.0,100.0,20.936
626.0,10.0,20.0,2.0,100.0,19.518518
627.0,20.0,20.0,2.0,100.0,28.806818
628.0,40.0,20.0,2.0,100.0,24.532871
629.0,49.0,20.0,2.0,100.0,4.104746
630.0,0.0,20.0,2.0,100.0,30.31677
631.0,0.5,20.0,2.0,100.0,15.107693
632.0,1.0,20.0,2.0,100.0,28.793549
633.0,2.0,20.0,2.0,100.0,12.208695
634.0,3.0,20.0,2.0,100.0,19.43421
635.0,5.0,20.0,2.0,100.0,17.985075
636.0,10.0,20.0,2.0,100.0,13.157895
637.0,20.0,20.0,2.0,100.0,31.022223
638.0,40.0,20.0,2.0,100.0,19.184685
639.0,49.0,20.0,2.0,100.0,22.749506
640.0,0.0,20.0,2.0,100.0,30.25
641.0,0.5,20.0,2.0,100.0,28.132912
642.0,1.0,20.0,2.0,100.0,34.335194
643.0,2.0,20.0,2.0,100.0,14.927008
644.0,3.0,20.0,2.0,100.0,20.80597
645.0,5.0,20.0,2.0,100.0,11.4920635
646.0,10.0,20.0,2.0,100.0,29.033897
647.0,20.0,20.0,2.0,100.0,38.660286
648.0,40.0,20.0,2.0,100.0,19.431818
649.0,49.0,20.0,2.0,100.0,23.826893
650.0,0.0,20.0,2.0,100.0,27.762821
651.0,0.5,20.0,2.0,100.0,16.623932
652.0,1.0,20.0,2.0,100.0,29.83125
653.0,2.0,20.0,2.0,100.0,25.446808
654.0,3.0,20.0,2.0,100.0,27.222973
655.0,5.0,20.0,2.0,100.0,16.905983
656.0,10.0,20.0,2.0,100.0,16.661654
657.0,20.0,20.0,2.0,100.0,26.935484
658.0,40.0,20.0,2.0,100.0,25.11746
659.0,49.0,20.0,2.0,100.0,44.599064
660.0,0.0,20.0,2.0,100.0,30.14375
661.0,0.5,20.0,2.0,100.0,29.9625
662.0,1.0,20.0,2.0,100.0,29.272152
663.0,2.0,20.0,2.0,100.0,16.729507
664.0,3.0,20.0,2.0,100.0,17.118645
665.0,5.0,20.0,2.0,100.0,14.786885
666.0,10.0,20.0,2.0,100.0,14.197183
667.0,20.0,20.0,2.0,100.0,17.4702
668.0,40.0,20.0,2.0,100.0,27.627274
669.0,49.0,20.0,2.0,100.0,33.476578
670.0,0.0,20.0,2.0,100.0,29.98125
671.0,0.5,20.0,2.0,100.0,28.48077
672.0,1.0,20.0,2.0,100.0,26.042553
673.0,2.0,20.0,2.0,100.0,17.47619
674.0,3.0,20.0,2.0,100.0,18.463236
675.0,5.0,20.0,2.0,100.0,11.57265
676.0,10.0,20.0,2.0,100.0,13.23913
677.0,20.0,20.0,2.0,100.0,26.972677
678.0,40.0,20.0,2.0,100.0,21.85837
679.0,49.0,20.0,2.0,100.0,27.366358
680.0,0.0,20.0,2.0,100.0,29.471699
681.0,0.5,20.0,2.0,100.0,28.962025
682.0,1.0,20.0,2.0,100.0,21.251968
683.0,2.0,20.0,2.0,100.0,16.369566
684.0,3.0,20.0,2.0,100.0,17.28
685.0,5.0,20.0,2.0,100.0,11.40171
686.0,10.0,20.0,2.0,100.0,18.284721
687.0,20.0,20.0,2.0,100.0,23.754387
688.0,40.0,20.0,2.0,100.0,34.909386
689.0,49.0,20.0,2.0,100.0,24.91003
690.0,0.0,20.0,2.0,100.0,28.886076
691.0,0.5,20.0,2.0,100.0,28.624205
692.0,1.0,20.0,2.0,100.0,14.907692
693.0,2.0,20.0,2.0,100.0,12.153846
694.0,3.0,20.0,2.0,100.0,11.589744
695.0,5.0,20.0,2.0,100.0,17.960264
696.0,10.0,20.0,2.0,100.0,12.057377
697.0,20.0,20.0,2.0,100.0,20.65306
698.0,40.0,20.0,2.0,100.0,22.638767
699.0,49.0,20.0,2.0,100.0,19.101244
700.0,0.0,20.0,2.0,100.0,29.251572
701.0,0.5,20.0,2.0,100.0,29.27673
702.0,1.0,20.0,2.0,100.0,30.16875
703.0,2.0,20.0,2.0,100.0,12.434109
704.0,3.0,20.0,2.0,100.0,17.156717
705.0,5.0,20.0,2.0,100.0,10.586777
706.0,10.0,20.0,2.0,100.0,26.051094
707.0,20.0,20.0,2.0,100.0,25.310558
708.0,40.0,20.0,2.0,100.0,25.568527
709.0,49.0,20.0,2.0,100.0,26.567347
710.0,0.0,20.0,2.0,100.0,29.037975
711.0,0.5,20.0,2.0,100.0,21.182539
712.0,1.0,20.0,2.0,100.0,25.361702
713.0,2.0,20.0,2.0,100.0,12.793103
714.0,3.0,20.0,2.0,100.0,16.661972
715.0,5.0,20.0,2.0,100.0,28.502995
716.0,10.0,20.0,2.0,100.0,15.777778
717.0,20.0,20.0,2.0,100.0,19.792683
718.0,40.0,20.0,2.0,100.0,23.35821
719.0,49.0,20.0,2.0,100.0,19.697632
720.0,0.0,20.0,2.0,100.0,28.12102
721.0,0.5,20.0,2.0,100.0,22.307692
722.0,1.0,20.0,2.0,100.0,14.347458
723.0,2.0,20.0,2.0,100.0,12.415929
724.0,3.0,20.0,2.0,100.0,17.742188
725.0,5.0,20.0,2.0,100.0,19.156717
726.0,10.0,20.0,2.0,100.0,14.880597
727.0,20.0,20.0,2.0,100.0,16.078014
728.0,40.0,20.0,2.0,100.0,26.5
729.0,49.0,20.0,2.0,100.0,24.84139
730.0,0.0,20.0,2.0,100.0,28.095541
731.0,0.5,20.0,2.0,100.0,28.987097
732.0,1.0,20.0,2.0,100.0,30.729559
733.0,2.0,20.0,2.0,100.0,24.847826
734.0,3.0,20.0,2.0,100.0,16.327587
735.0,5.0,20.0,2.0,100.0,18.755102
736.0,10.0,20.0,2.0,100.0,21.953333
737.0,20.0,20.0,2.0,100.0,18.756945
738.0,40.0,20.0,2.0,100.0,24.389313
739.0,49.0,20.0,2.0,100.0,27.086637
740.0,0.0,20.0,2.0,100.0,28.624205
741.0,0.5,20.0,2.0,100.0,29.352201
742.0,1.0,20.0,2.0,100.0,30.229815
743.0,2.0,20.0,2.0,100.0,19.715328
744.0,3.0,20.0,2.0,100.0,15.525
745.0,5.0,20.0,2.0,100.0,13.832061
746.0,10.0,20.0,2.0,100.0,9.069565
747.0,20.0,20.0,2.0,100.0,14.238095
748.0,40.0,20.0,2.0,100.0,19.071234
749.0,49.0,20.0,2.0,100.0,22.32766
750.0,0.0,20.0,2.0,100.0,30.41875
751.0,0.5,20.0,2.0,100.0,28.261147
752.0,1.0,20.0,2.0,100.0,16.394161
753.0,2.0,20.0,2.0,100.0,16.729322
754.0,3.0,20.0,2.0,100.0,19.715446
755.0,5.0,20.0,2.0,100.0,16.255814
756.0,10.0,20.0,2.0,100.0,11.658537
757.0,20.0,20.0,2.0,100.0,28.765715
758.0,40.0,20.0,2.0,100.0,21.16466
759.0,49.0,20.0,2.0,100.0,23.825
760.0,0.0,20.0,2.0,100.0,29.471699
761.0,0.5,20.0,2.0,100.0,18.014185
762.0,1.0,20.0,2.0,100.0,25.737179
763.0,2.0,20.0,2.0,100.0,16.369566
764.0,3.0,20.0,2.0,100.0,11.948718
765.0,5.0,20.0,2.0,100.0,29.956757
766.0,10.0,20.0,2.0,100.0,17.962687
767.0,20.0,20.0,2.0,100.0,34.564766
768.0,40.0,20.0,2.0,100.0,25.169083
769.0,49.0,20.0,2.0,100.0,28.167883
770.0,0.0,20.0,2.0,100.0,29.196203
771.0,0.5,20.0,2.0,100.0,26.62069
772.0,1.0,20.0,2.0,100.0,28.281046
773.0,2.0,20.0,2.0,100.0,18.061539
774.0,3.0,20.0,2.0,100.0,16.920864
775.0,5.0,20.0,2.0,100.0,25.266666
776.0,10.0,20.0,2.0,100.0,12.798388
777.0,20.0,20.0,2.0,100.0,19.906666
778.0,40.0,20.0,2.0,100.0,107.46506
779.0,49.0,20.0,2.0,100.0,31.286486
780.0,0.0,20.0,2.0,100.0,29.484276
781.0,0.5,20.0,2.0,100.0,29.113924
782.0,1.0,20.0,2.0,100.0,16.25191
783.0,2.0,20.0,2.0,100.0,22.022058
784.0,3.0,20.0,2.0,100.0,21.606298
785.0,5.0,20.0,2.0,100.0,23.609022
786.0,10.0,20.0,2.0,100.0,23.63125
787.0,20.0,20.0,2.0,100.0,15.697369
788.0,40.0,20.0,2.0,100.0,25.148037
789.0,49.0,20.0,2.0,100.0,25.928223
790.0,0.0,20.0,2.0,100.0,29.566038
791.0,0.5,20.0,2.0,100.0,14.376923
792.0,1.0,20.0,2.0,100.0,13.816667
793.0,2.0,20.0,2.0,100.0,26.256945
794.0,3.0,20.0,2.0,100.0,16.186207
795.0,5.0,20.0,2.0,100.0,15.102564
796.0,10.0,20.0,2.0,100.0,12.060606
797.0,20.0,20.0,2.0,100.0,33.554974
798.0,40.0,20.0,2.0,100.0,27.277344
799.0,49.0,20.0,2.0,100.0,29.220531
800.0,0.0,20.0,2.0,100.0,29.893082
801.0,0.5,20.0,2.0,100.0,26.715279
802.0,1.0,20.0,2.0,100.0,21.04054
803.0,2.0,20.0,2.0,100.0,16.477877
804.0,3.0,20.0,2.0,100.0,14.45
805.0,5.0,20.0,2.0,100.0,25.58904
806.0,10.0,20.0,2.0,100.0,22.226416
807.0,20.0,20.0,2.0,100.0,27.988024
808.0,40.0,20.0,2.0,100.0,25.363058
809.0,49.0,20.0,2.0,100.0,22.946468
810.0,0.0,20.0,2.0,100.0,29.786163
811.0,0.5,20.0,2.0,100.0,17.380281
812.0,1.0,20.0,2.0,100.0,18.798319
813.0,2.0,20.0,2.0,100.0,13.233334
814.0,3.0,20.0,2.0,100.0,12.82906
815.0,5.0,20.0,2.0,100.0,13.69697
816.0,10.0,20.0,2.0,100.0,15.59854
817.0,20.0,20.0,2.0,100.0,21.791044
818.0,40.0,20.0,2.0,100.0,24.6281
819.0,49.0,20.0,2.0,100.0,22.364744
820.0,0.0,20.0,2.0,100.0,28.535032
821.0,0.5,20.0,2.0,100.0,28.403847
822.0,1.0,20.0,2.0,100.0,28.617834
823.0,2.0,20.0,2.0,100.0,23.22388
824.0,3.0,20.0,2.0,100.0,10.719008
825.0,5.0,20.0,2.0,100.0,11.669421
826.0,10.0,20.0,2.0,100.0,28.72327
827.0,20.0,20.0,2.0,100.0,25.72043
828.0,40.0,20.0,2.0,100.0,30.476332
829.0,49.0,20.0,2.0,100.0,98.61229
830.0,0.0,20.0,2.0,100.0,29.925
831.0,0.5,20.0,2.0,100.0,29.798742
832.0,1.0,20.0,2.0,100.0,14.018018
833.0,2.0,20.0,2.0,100.0,26.827587
834.0,3.0,20.0,2.0,100.0,17.823944
835.0,5.0,20.0,2.0,100.0,18.421488
836.0,10.0,20.0,2.0,100.0,28.597702
837.0,20.0,20.0,2.0,100.0,29.971264
838.0,40.0,20.0,2.0,100.0,29.15126
839.0,49.0,20.0,2.0,100.0,17.986996
840.0,0.0,20.0,2.0,100.0,29.289309
841.0,0.5,20.0,2.0,100.0,29.455696
842.0,1.0,20.0,2.0,100.0,25.63889
843.0,2.0,20.0,2.0,100.0,22.333334
844.0,3.0,20.0,2.0,100.0,18.41791
845.0,5.0,20.0,2.0,100.0,12.280992
846.0,10.0,20.0,2.0,100.0,17.97973
847.0,20.0,20.0,2.0,100.0,18.907143
848.0,40.0,20.0,2.0,100.0,31.095942
849.0,49.0,20.0,2.0,100.0,24.652956
850.0,0.0,20.0,2.0,100.0,29.265823
851.0,0.5,20.0,2.0,100.0,30.012579
852.0,1.0,20.0,2.0,100.0,19.662252
853.0,2.0,20.0,2.0,100.0,15.097015
854.0,3.0,20.0,2.0,100.0,24.335766
855.0,5.0,20.0,2.0,100.0,13.947762
856.0,10.0,20.0,2.0,100.0,14.353742
857.0,20.0,20.0,2.0,100.0,25.167665
858.0,40.0,20.0,2.0,100.0,30.715687
859.0,49.0,20.0,2.0,100.0,23.69608
860.0,0.0,20.0,2.0,100.0,29.874214
861.0,0.5,20.0,2.0,100.0,29.81761
862.0,1.0,20.0,2.0,100.0,16.60606
863.0,2.0,20.0,2.0,100.0,15.792593
864.0,3.0,20.0,2.0,100.0,19.0
865.0,5.0,20.0,2.0,100.0,26.10119
866.0,10.0,20.0,2.0,100.0,29.983051
867.0,20.0,20.0,2.0,100.0,17.427631
868.0,40.0,20.0,2.0,100.0,23.904255
869.0,49.0,20.0,2.0,100.0,24.225367
870.0,0.0,20.0,2.0,100.0,29.7625
871.0,0.5,20.0,2.0,100.0,28.794703
872.0,1.0,20.0,2.0,100.0,26.097221
873.0,2.0,20.0,2.0,100.0,21.96124
874.0,3.0,20.0,2.0,100.0,13.943548
875.0,5.0,20.0,2.0,100.0,11.225
876.0,10.0,20.0,2.0,100.0,18.829786
877.0,20.0,20.0,2.0,100.0,23.752941
878.0,40.0,20.0,2.0,100.0,25.308243
879.0,49.0,20.0,2.0,100.0,21.397076
880.0,0.0,20.0,2.0,100.0,29.597485
881.0,0.5,20.0,2.0,100.0,26.125828
882.0,1.0,20.0,2.0,100.0,22.741007
883.0,2.0,20.0,2.0,100.0,15.680673
884.0,3.0,20.0,2.0,100.0,20.20979
885.0,5.0,20.0,2.0,100.0,13.031496
886.0,10.0,20.0,2.0,100.0,23.270115
887.0,20.0,20.0,2.0,100.0,25.692308
888.0,40.0,20.0,2.0,100.0,19.60101
889.0,49.0,20.0,2.0,100.0,28.0576
890.0,0.0,20.0,2.0,100.0,28.834394
891.0,0.5,20.0,2.0,100.0,30.79503
892.0,1.0,20.0,2.0,100.0,20.984127
893.0,2.0,20.0,2.0,100.0,22.253845
894.0,3.0,20.0,2.0,100.0,21.622047
895.0,5.0,20.0,2.0,100.0,14.333333
896.0,10.0,20.0,2.0,100.0,20.855263
897.0,20.0,20.0,2.0,100.0,30.467455
898.0,40.0,20.0,2.0,100.0,22.92361
899.0,49.0,20.0,2.0,100.0,27.628757
900.0,0.0,20.0,2.0,100.0,30.075
901.0,0.5,20.0,2.0,100.0,14.94697
902.0,1.0,20.0,2.0,100.0,16.264
903.0,2.0,20.0,2.0,100.0,29.006329
904.0,3.0,20.0,2.0,100.0,13.131783
905.0,5.0,20.0,2.0,100.0,15.57258
906.0,10.0,20.0,2.0,100.0,12.395349
907.0,20.0,20.0,2.0,100.0,33.735634
908.0,40.0,20.0,2.0,100.0,23.492064
909.0,49.0,20.0,2.0,100.0,28.392479
910.0,0.0,20.0,2.0,100.0,30.0125
911.0,0.5,20.0,2.0,100.0,45.713543
912.0,1.0,20.0,2.0,100.0,45.89151
913.0,2.0,20.0,2.0,100.0,22.193548
914.0,3.0,20.0,2.0,100.0,25.448717
915.0,5.0,20.0,2.0,100.0,14.471014
916.0,10.0,20.0,2.0,100.0,26.543352
917.0,20.0,20.0,2.0,100.0,27.990826
918.0,40.0,20.0,2.0,100.0,26.492908
919.0,49.0,20.0,2.0,100.0,37.78566
920.0,0.0,20.0,2.0,100.0,29.62264
921.0,0.5,20.0,2.0,100.0,24.906475
922.0,1.0,20.0,2.0,100.0,27.31507
923.0,2.0,20.0,2.0,100.0,25.817142
924.0,3.0,20.0,2.0,100.0,14.842105
925.0,5.0,20.0,2.0,100.0,13.593985
926.0,10.0,20.0,2.0,100.0,27.826817
927.0,20.0,20.0,2.0,100.0,31.054054
928.0,40.0,20.0,2.0,100.0,21.036364
929.0,49.0,20.0,2.0,100.0,20.953781
930.0,0.0,20.0,2.0,100.0,52.603523
931.0,0.5,20.0,2.0,100.0,28.886076
932.0,1.0,20.0,2.0,100.0,20.87755
933.0,2.0,20.0,2.0,100.0,15.644629
934.0,3.0,20.0,2.0,100.0,18.383562
935.0,5.0,20.0,2.0,100.0,23.442308
936.0,10.0,20.0,2.0,100.0,20.248276
937.0,20.0,20.0,2.0,100.0,24.280487
938.0,40.0,20.0,2.0,100.0,26.353125
939.0,49.0,20.0,2.0,100.0,22.058086
940.0,0.0,20.0,2.0,100.0,29.8875
941.0,0.5,20.0,2.0,100.0,27.858974
942.0,1.0,20.0,2.0,100.0,27.780645
943.0,2.0,20.0,2.0,100.0,15.097015
944.0,3.0,20.0,2.0,100.0,19.394558
945.0,5.0,20.0,2.0,100.0,19.2649
946.0,10.0,20.0,2.0,100.0,27.41243
947.0,20.0,20.0,2.0,100.0,24.19774
948.0,40.0,20.0,2.0,100.0,41.550316
949.0,49.0,20.0,2.0,100.0,26.798296
950.0,0.0,20.0,2.0,100.0,29.603773
951.0,0.5,20.0,2.0,100.0,29.471699
952.0,1.0,20.0,2.0,100.0,23.44361
953.0,2.0,20.0,2.0,100.0,14.105691
954.0,3.0,20.0,2.0,100.0,33.741573
955.0,5.0,20.0,2.0,100.0,26.119497
956.0,10.0,20.0,2.0,100.0,17.693333
957.0,20.0,20.0,2.0,100.0,31.005814
958.0,40.0,20.0,2.0,100.0,17.424692
959.0,49.0,20.0,2.0,100.0,34.088196
960.0,0.0,20.0,2.0,100.0,48.417084
961.0,0.5,20.0,2.0,100.0,29.415094
962.0,1.0,20.0,2.0,100.0,16.017698
963.0,2.0,20.0,2.0,100.0,26.670732
964.0,3.0,20.0,2.0,100.0,16.9
965.0,5.0,20.0,2.0,100.0,14.478572
966.0,10.0,20.0,2.0,100.0,14.69697
967.0,20.0,20.0,2.0,100.0,15.913907
968.0,40.0,20.0,2.0,100.0,26.98726
969.0,49.0,20.0,2.0,100.0,30.875465
970.0,0.0,20.0,2.0,100.0,30.025
971.0,0.5,20.0,2.0,100.0,17.84058
972.0,1.0,20.0,2.0,100.0,28.108974
973.0,2.0,20.0,2.0,100.0,20.48
974.0,3.0,20.0,2.0,100.0,15.866141
975.0,5.0,20.0,2.0,100.0,29.271276
976.0,10.0,20.0,2.0,100.0,24.229815
977.0,20.0,20.0,2.0,100.0,17.236841
978.0,40.0,20.0,2.0,100.0,22.446808
979.0,49.0,20.0,2.0,100.0,31.145773
980.0,0.0,20.0,2.0,100.0,28.27564
981.0,0.5,20.0,2.0,100.0,19.42069
982.0,1.0,20.0,2.0,100.0,21.80137
983.0,2.0,20.0,2.0,100.0,20.319328
984.0,3.0,20.0,2.0,100.0,13.274336
985.0,5.0,20.0,2.0,100.0,19.468084
986.0,10.0,20.0,2.0,100.0,19.214285
987.0,20.0,20.0,2.0,100.0,23.41844
988.0,40.0,20.0,2.0,100.0,28.487068
989.0,49.0,20.0,2.0,100.0,25.231516
990.0,0.0,20.0,2.0,100.0,29.329113
991.0,0.5,20.0,2.0,100.0,19.919355
992.0,1.0,20.0,2.0,100.0,17.781513
993.0,2.0,20.0,2.0,100.0,16.511627
994.0,3.0,20.0,2.0,100.0,16.054688
995.0,5.0,20.0,2.0,100.0,20.04138
996.0,10.0,20.0,2.0,100.0,12.564885
997.0,20.0,20.0,2.0,100.0,34.884792
998.0,40.0,20.0,2.0,100.0,32.245213
999.0,49.0,20.0,2.0,100.0,25.83091
1000.0,0.0,20.0,2.0,100.0,42.709183
1001.0,0.5,20.0,2.0,100.0,25.35
1002.0,1.0,20.0,2.0,100.0,26.67133
1003.0,2.0,20.0,2.0,100.0,30.406061
1004.0,3.0,20.0,2.0,100.0,17.125984
1005.0,5.0,20.0,2.0,100.0,18.731544
1006.0,10.0,20.0,2.0,100.0,11.846154
1007.0,20.0,20.0,2.0,100.0,28.64516
1008.0,40.0,20.0,2.0,100.0,29.561514
1009.0,49.0,20.0,2.0,100.0,22.771008
1010.0,0.0,20.0,2.0,100.0,28.471338
1011.0,0.5,20.0,2.0,100.0,16.786325
1012.0,1.0,20.0,2.0,100.0,19.09091
1013.0,2.0,20.0,2.0,100.0,29.679245
1014.0,3.0,20.0,2.0,100.0,19.870749
1015.0,5.0,20.0,2.0,100.0,12.268908
1016.0,10.0,20.0,2.0,100.0,27.119047
1017.0,20.0,20.0,2.0,100.0,23.577381
1018.0,40.0,20.0,2.0,100.0,25.95339
1019.0,49.0,20.0,2.0,100.0,15.066514
1020.0,0.0,20.0,2.0,100.0,38.705883
1021.0,0.5,20.0,2.0,100.0,15.8962965
1022.0,1.0,20.0,2.0,100.0,22.113333
1023.0,2.0,20.0,2.0,100.0,15.2421875
1024.0,3.0,20.0,2.0,100.0,10.384615
1025.0,5.0,20.0,2.0,100.0,11.097561
1026.0,10.0,20.0,2.0,100.0,15.298388
1027.0,20.0,20.0,2.0,100.0,22.90576
1028.0,40.0,20.0,2.0,100.0,21.344353
1029.0,49.0,20.0,2.0,100.0,17.262846
1030.0,0.0,20.0,2.0,100.0,29.99375
1031.0,0.5,20.0,2.0,100.0,16.076271
1032.0,1.0,20.0,2.0,100.0,21.614864
1033.0,2.0,20.0,2.0,100.0,13.885715
1034.0,3.0,20.0,2.0,100.0,11.28
1035.0,5.0,20.0,2.0,100.0,9.824561
1036.0,10.0,20.0,2.0,100.0,19.953333
1037.0,20.0,20.0,2.0,100.0,30.881578
1038.0,40.0,20.0,2.0,100.0,29.207493
1039.0,49.0,20.0,2.0,100.0,23.679045
1040.0,0.0,20.0,2.0,100.0,28.885351
1041.0,0.5,20.0,2.0,100.0,19.94964
1042.0,1.0,20.0,2.0,100.0,18.27143
1043.0,2.0,20.0,2.0,100.0,16.570312
1044.0,3.0,20.0,2.0,100.0,19.892086
1045.0,5.0,20.0,2.0,100.0,12.196581
1046.0,10.0,20.0,2.0,100.0,25.710344
1047.0,20.0,20.0,2.0,100.0,16.783133
1048.0,40.0,20.0,2.0,100.0,20.536764
1049.0,49.0,20.0,2.0,100.0,21.525959
1050.0,0.0,20.0,2.0,100.0,28.535032
1051.0,0.5,20.0,2.0,100.0,14.705882
1052.0,1.0,20.0,2.0,100.0,28.866241
1053.0,2.0,20.0,2.0,100.0,18.572414
1054.0,3.0,20.0,2.0,100.0,13.181818
1055.0,5.0,20.0,2.0,100.0,11.283186
1056.0,10.0,20.0,2.0,100.0,20.917242
1057.0,20.0,20.0,2.0,100.0,34.45
1058.0,40.0,20.0,2.0,100.0,39.843536
1059.0,49.0,20.0,2.0,100.0,20.508121
1060.0,0.0,20.0,2.0,100.0,43.99005
1061.0,0.5,20.0,2.0,100.0,30.0625
1062.0,1.0,20.0,2.0,100.0,28.670887
1063.0,2.0,20.0,2.0,100.0,20.95
1064.0,3.0,20.0,2.0,100.0,19.36129
1065.0,5.0,20.0,2.0,100.0,20.380367
1066.0,10.0,20.0,2.0,100.0,20.246754
1067.0,20.0,20.0,2.0,100.0,19.25641
1068.0,40.0,20.0,2.0,100.0,26.190083
1069.0,49.0,20.0,2.0,100.0,26.528654
1070.0,0.0,20.0,2.0,100.0,30.08125
1071.0,0.5,20.0,2.0,100.0,28.797468
1072.0,1.0,20.0,2.0,100.0,19.161972
1073.0,2.0,20.0,2.0,100.0,28.34104
1074.0,3.0,20.0,2.0,100.0,26.689655
1075.0,5.0,20.0,2.0,100.0,18.287878
1076.0,10.0,20.0,2.0,100.0,21.372671
1077.0,20.0,20.0,2.0,100.0,22.128048
1078.0,40.0,20.0,2.0,100.0,19.130434
1079.0,49.0,20.0,2.0,100.0,22.03052
1080.0,0.0,20.0,2.0,100.0,27.852564
1081.0,0.5,20.0,2.0,100.0,28.777071
1082.0,1.0,20.0,2.0,100.0,16.698277
1083.0,2.0,20.0,2.0,100.0,21.033113
1084.0,3.0,20.0,2.0,100.0,17.585033
1085.0,5.0,20.0,2.0,100.0,15.544
1086.0,10.0,20.0,2.0,100.0,11.032
1087.0,20.0,20.0,2.0,100.0,23.401197
1088.0,40.0,20.0,2.0,100.0,35.80843
1089.0,49.0,20.0,2.0,100.0,20.627232
1090.0,0.0,20.0,2.0,100.0,30.175
1091.0,0.5,20.0,2.0,100.0,27.04138
1092.0,1.0,20.0,2.0,100.0,29.018867
1093.0,2.0,20.0,2.0,100.0,19.064749
1094.0,3.0,20.0,2.0,100.0,29.751446
1095.0,5.0,20.0,2.0,100.0,14.214286
1096.0,10.0,20.0,2.0,100.0,25.0
1097.0,20.0,20.0,2.0,100.0,27.567415
1098.0,40.0,20.0,2.0,100.0,35.72333
1099.0,49.0,20.0,2.0,100.0,17.145979
1100.0,0.0,20.0,2.0,100.0,29.73125
1101.0,0.5,20.0,2.0,100.0,21.761194
1102.0,1.0,20.0,2.0,100.0,22.469387
1103.0,2.0,20.0,2.0,100.0,21.595419
1104.0,3.0,20.0,2.0,100.0,21.81295
1105.0,5.0,20.0,2.0,100.0,23.574074
1106.0,10.0,20.0,2.0,100.0,11.1171875
1107.0,20.0,20.0,2.0,100.0,31.938272
1108.0,40.0,20.0,2.0,100.0,18.294117
1109.0,49.0,20.0,2.0,100.0,19.958633
1110.0,0.0,20.0,2.0,100.0,29.240507
1111.0,0.5,20.0,2.0,100.0,29.08176
1112.0,1.0,20.0,2.0,100.0,29.27451
1113.0,2.0,20.0,2.0,100.0,15.30827
1114.0,3.0,20.0,2.0,100.0,20.268293
1115.0,5.0,20.0,2.0,100.0,12.5
1116.0,10.0,20.0,2.0,100.0,34.21466
1117.0,20.0,20.0,2.0,100.0,31.506023
1118.0,40.0,20.0,2.0,100.0,25.245535
1119.0,49.0,20.0,2.0,100.0,18.558731
1120.0,0.0,20.0,2.0,100.0,29.367088
1121.0,0.5,20.0,2.0,100.0,21.103174
1122.0,1.0,20.0,2.0,100.0,17.966667
1123.0,2.0,20.0,2.0,100.0,29.691824
1124.0,3.0,20.0,2.0,100.0,18.641666
1125.0,5.0,20.0,2.0,100.0,16.623188
1126.0,10.0,20.0,2.0,100.0,12.109489
1127.0,20.0,20.0,2.0,100.0,19.804733
1128.0,40.0,20.0,2.0,100.0,24.88426
1129.0,49.0,20.0,2.0,100.0,31.194818
1130.0,0.0,20.0,2.0,100.0,29.85
1131.0,0.5,20.0,2.0,100.0,28.620253
1132.0,1.0,20.0,2.0,100.0,23.074074
1133.0,2.0,20.0,2.0,100.0,21.917355
1134.0,3.0,20.0,2.0,100.0,13.129311
1135.0,5.0,20.0,2.0,100.0,19.150944
1136.0,10.0,20.0,2.0,100.0,25.125748
1137.0,20.0,20.0,2.0,100.0,23.733334
1138.0,40.0,20.0,2.0,100.0,24.106796
1139.0,49.0,20.0,2.0,100.0,19.049587
1140.0,0.0,20.0,2.0,100.0,29.226416
1141.0,0.5,20.0,2.0,100.0,29.0
1142.0,1.0,20.0,2.0,100.0,23.735294
1143.0,2.0,20.0,2.0,100.0,16.908257
1144.0,3.0,20.0,2.0,100.0,28.688313
1145.0,5.0,20.0,2.0,100.0,13.5245905
1146.0,10.0,20.0,2.0,100.0,13.790322
1147.0,20.0,20.0,2.0,100.0,18.876623
1148.0,40.0,20.0,2.0,100.0,26.099707
1149.0,49.0,20.0,2.0,100.0,35.816093
1150.0,0.0,20.0,2.0,100.0,28.917198
1151.0,0.5,20.0,2.0,100.0,30.2625
1152.0,1.0,20.0,2.0,100.0,29.0
1153.0,2.0,20.0,2.0,100.0,24.380281
1154.0,3.0,20.0,2.0,100.0,15.4522295
1155.0,5.0,20.0,2.0,100.0,15.294574
1156.0,10.0,20.0,2.0,100.0,14.2
1157.0,20.0,20.0,2.0,100.0,18.25
1158.0,40.0,20.0,2.0,100.0,30.180685
1159.0,49.0,20.0,2.0,100.0,48.580498
1160.0,0.0,20.0,2.0,100.0,29.90625
1161.0,0.5,20.0,2.0,100.0,28.098684
1162.0,1.0,20.0,2.0,100.0,14.596774
1163.0,2.0,20.0,2.0,100.0,11.925
1164.0,3.0,20.0,2.0,100.0,11.203125
1165.0,5.0,20.0,2.0,100.0,13.035088
1166.0,10.0,20.0,2.0,100.0,25.883118
1167.0,20.0,20.0,2.0,100.0,31.702127
1168.0,40.0,20.0,2.0,100.0,19.71628
1169.0,49.0,20.0,2.0,100.0,17.34689
1170.0,0.0,20.0,2.0,100.0,29.792454
1171.0,0.5,20.0,2.0,100.0,29.798742
1172.0,1.0,20.0,2.0,100.0,17.624
1173.0,2.0,20.0,2.0,100.0,11.880597
1174.0,3.0,20.0,2.0,100.0,15.338843
1175.0,5.0,20.0,2.0,100.0,20.486301
1176.0,10.0,20.0,2.0,100.0,16.822222
1177.0,20.0,20.0,2.0,100.0,31.392473
1178.0,40.0,20.0,2.0,100.0,32.95631
1179.0,49.0,20.0,2.0,100.0,29.029411
1180.0,0.0,20.0,2.0,100.0,29.075472
1181.0,0.5,20.0,2.0,100.0,15.966387
1182.0,1.0,20.0,2.0,100.0,30.6375
1183.0,2.0,20.0,2.0,100.0,21.976923
1184.0,3.0,20.0,2.0,100.0,13.418033
1185.0,5.0,20.0,2.0,100.0,27.39521
1186.0,10.0,20.0,2.0,100.0,12.362205
1187.0,20.0,20.0,2.0,100.0,40.125
1188.0,40.0,20.0,2.0,100.0,24.50178
1189.0,49.0,20.0,2.0,100.0,29.830837
1190.0,0.0,20.0,2.0,100.0,43.32275
1191.0,0.5,20.0,2.0,100.0,28.93038
1192.0,1.0,20.0,2.0,100.0,18.975206
1193.0,2.0,20.0,2.0,100.0,24.471014
1194.0,3.0,20.0,2.0,100.0,19.734266
1195.0,5.0,20.0,2.0,100.0,10.5
1196.0,10.0,20.0,2.0,100.0,11.435115
1197.0,20.0,20.0,2.0,100.0,30.297436
1198.0,40.0,20.0,2.0,100.0,34.317688
1199.0,49.0,20.0,2.0,100.0,26.9984
1200.0,0.0,20.0,2.0,100.0,28.854431
1201.0,0.5,20.0,2.0,100.0,28.849056
1202.0,1.0,20.0,2.0,100.0,28.649006
1203.0,2.0,20.0,2.0,100.0,16.656717
1204.0,3.0,20.0,2.0,100.0,15.856061
1205.0,5.0,20.0,2.0,100.0,13.217391
1206.0,10.0,20.0,2.0,100.0,10.374045
1207.0,20.0,20.0,2.0,100.0,33.085
1208.0,40.0,20.0,2.0,100.0,24.272446
1209.0,49.0,20.0,2.0,100.0,35.72864
1210.0,0.0,20.0,2.0,100.0,29.063292
1211.0,0.5,20.0,2.0,100.0,29.43038
1212.0,1.0,20.0,2.0,100.0,20.283186
1213.0,2.0,20.0,2.0,100.0,29.132912
1214.0,3.0,20.0,2.0,100.0,24.335821
1215.0,5.0,20.0,2.0,100.0,13.293651
1216.0,10.0,20.0,2.0,100.0,30.906593
1217.0,20.0,20.0,2.0,100.0,43.582977
1218.0,40.0,20.0,2.0,100.0,29.701357
1219.0,49.0,20.0,2.0,100.0,25.276482
1220.0,0.0,20.0,2.0,100.0,29.408806
1221.0,0.5,20.0,2.0,100.0,29.443037
1222.0,1.0,20.0,2.0,100.0,16.394958
1223.0,2.0,20.0,2.0,100.0,16.991453
1224.0,3.0,20.0,2.0,100.0,9.715517
1225.0,5.0,20.0,2.0,100.0,12.70339
1226.0,10.0,20.0,2.0,100.0,26.335295
1227.0,20.0,20.0,2.0,100.0,20.029411
1228.0,40.0,20.0,2.0,100.0,22.113636
1229.0,49.0,20.0,2.0,100.0,18.622719
1230.0,0.0,20.0,2.0,100.0,29.666666
1231.0,0.5,20.0,2.0,100.0,27.98077
1232.0,1.0,20.0,2.0,100.0,29.24375
1233.0,2.0,20.0,2.0,100.0,13.92174
1234.0,3.0,20.0,2.0,100.0,23.605839
1235.0,5.0,20.0,2.0,100.0,21.12102
1236.0,10.0,20.0,2.0,100.0,13.787879
1237.0,20.0,20.0,2.0,100.0,29.922222
1238.0,40.0,20.0,2.0,100.0,74.927155
1239.0,49.0,20.0,2.0,100.0,29.550522
1240.0,0.0,20.0,2.0,100.0,29.383648
1241.0,0.5,20.0,2.0,100.0,28.605095
1242.0,1.0,20.0,2.0,100.0,14.921875
1243.0,2.0,20.0,2.0,100.0,9.649572
1244.0,3.0,20.0,2.0,100.0,15.595041
1245.0,5.0,20.0,2.0,100.0,11.598425
1246.0,10.0,20.0,2.0,100.0,27.394444
1247.0,20.0,20.0,2.0,100.0,36.42995
1248.0,40.0,20.0,2.0,100.0,21.23301
1249.0,49.0,20.0,2.0,100.0,25.237135
1250.0,0.0,20.0,2.0,100.0,29.018988
1251.0,0.5,20.0,2.0,100.0,23.822222
1252.0,1.0,20.0,2.0,100.0,30.1
1253.0,2.0,20.0,2.0,100.0,14.815385
1254.0,3.0,20.0,2.0,100.0,17.022058
1255.0,5.0,20.0,2.0,100.0,23.708609
1256.0,10.0,20.0,2.0,100.0,27.849398
1257.0,20.0,20.0,2.0,100.0,26.491892
1258.0,40.0,20.0,2.0,100.0,26.26087
1259.0,49.0,20.0,2.0,100.0,20.566254
1260.0,0.0,20.0,2.0,100.0,28.585987
1261.0,0.5,20.0,2.0,100.0,28.840765
1262.0,1.0,20.0,2.0,100.0,23.030304
1263.0,2.0,20.0,2.0,100.0,22.274075
1264.0,3.0,20.0,2.0,100.0,15.684211
1265.0,5.0,20.0,2.0,100.0,10.269566
1266.0,10.0,20.0,2.0,100.0,9.921875
1267.0,20.0,20.0,2.0,100.0,23.714285
1268.0,40.0,20.0,2.0,100.0,20.089231
1269.0,49.0,20.0,2.0,100.0,21.172043
1270.0,0.0,20.0,2.0,100.0,29.170887
1271.0,0.5,20.0,2.0,100.0,30.685184
1272.0,1.0,20.0,2.0,100.0,35.56688
1273.0,2.0,20.0,2.0,100.0,23.042856
1274.0,3.0,20.0,2.0,100.0,17.526667
1275.0,5.0,20.0,2.0,100.0,13.889706
1276.0,10.0,20.0,2.0,100.0,18.903448
1277.0,20.0,20.0,2.0,100.0,25.85965
1278.0,40.0,20.0,2.0,100.0,25.34375
1279.0,49.0,20.0,2.0,100.0,20.039501
1280.0,0.0,20.0,2.0,100.0,30.41615
1281.0,0.5,20.0,2.0,100.0,22.023077
1282.0,1.0,20.0,2.0,100.0,28.77848
1283.0,2.0,20.0,2.0,100.0,19.540741
1284.0,3.0,20.0,2.0,100.0,24.182432
1285.0,5.0,20.0,2.0,100.0,12.962406
1286.0,10.0,20.0,2.0,100.0,10.730159
1287.0,20.0,20.0,2.0,100.0,14.080537
1288.0,40.0,20.0,2.0,100.0,29.382353
1289.0,49.0,20.0,2.0,100.0,18.737457
1290.0,0.0,20.0,2.0,100.0,28.43312
1291.0,0.5,20.0,2.0,100.0,36.252747
1292.0,1.0,20.0,2.0,100.0,17.808332
1293.0,2.0,20.0,2.0,100.0,15.106061
1294.0,3.0,20.0,2.0,100.0,28.141104
1295.0,5.0,20.0,2.0,100.0,15.983334
1296.0,10.0,20.0,2.0,100.0,16.881481
1297.0,20.0,20.0,2.0,100.0,20.429447
1298.0,40.0,20.0,2.0,100.0,27.811447
1299.0,49.0,20.0,2.0,100.0,27.26417
1300.0,0.0,20.0,2.0,100.0,31.08589
1301.0,0.5,20.0,2.0,100.0,18.868853
1302.0,1.0,20.0,2.0,100.0,17.0
1303.0,2.0,20.0,2.0,100.0,20.934425
1304.0,3.0,20.0,2.0,100.0,15.4262295
1305.0,5.0,20.0,2.0,100.0,16.214766
1306.0,10.0,20.0,2.0,100.0,16.835821
1307.0,20.0,20.0,2.0,100.0,21.65244
1308.0,40.0,20.0,2.0,100.0,30.18593
1309.0,49.0,20.0,2.0,100.0,34.985447
1310.0,0.0,20.0,2.0,100.0,28.841772
1311.0,0.5,20.0,2.0,100.0,28.753164
1312.0,1.0,20.0,2.0,100.0,23.045454
1313.0,2.0,20.0,2.0,100.0,29.679245
1314.0,3.0,20.0,2.0,100.0,14.444445
1315.0,5.0,20.0,2.0,100.0,22.225563
1316.0,10.0,20.0,2.0,100.0,11.54918
1317.0,20.0,20.0,2.0,100.0,37.55947
1318.0,40.0,20.0,2.0,100.0,22.810925
1319.0,49.0,20.0,2.0,100.0,20.49343
1320.0,0.0,20.0,2.0,100.0,28.403847
1321.0,0.5,20.0,2.0,100.0,19.675213
1322.0,1.0,20.0,2.0,100.0,16.348148
1323.0,2.0,20.0,2.0,100.0,28.55414
1324.0,3.0,20.0,2.0,100.0,28.41573
1325.0,5.0,20.0,2.0,100.0,13.626985
1326.0,10.0,20.0,2.0,100.0,23.14535
1327.0,20.0,20.0,2.0,100.0,17.0
1328.0,40.0,20.0,2.0,100.0,26.352175
1329.0,49.0,20.0,2.0,100.0,21.451086
1330.0,0.0,20.0,2.0,100.0,30.596273
1331.0,0.5,20.0,2.0,100.0,14.752213
1332.0,1.0,20.0,2.0,100.0,21.923077
1333.0,2.0,20.0,2.0,100.0,19.627737
1334.0,3.0,20.0,2.0,100.0,15.863636
1335.0,5.0,20.0,2.0,100.0,13.465517
1336.0,10.0,20.0,2.0,100.0,23.086666
1337.0,20.0,20.0,2.0,100.0,20.646667
1338.0,40.0,20.0,2.0,100.0,69.95166
1339.0,49.0,20.0,2.0,100.0,33.309036
1340.0,0.0,20.0,2.0,100.0,29.056963
1341.0,0.5,20.0,2.0,100.0,50.916298
1342.0,1.0,20.0,2.0,100.0,10.855932
1343.0,2.0,20.0,2.0,100.0,21.890625
1344.0,3.0,20.0,2.0,100.0,11.905172
1345.0,5.0,20.0,2.0,100.0,15.188406
1346.0,10.0,20.0,2.0,100.0,23.206667
1347.0,20.0,20.0,2.0,100.0,18.654762
1348.0,40.0,20.0,2.0,100.0,29.415771
1349.0,49.0,20.0,2.0,100.0,39.4602
1350.0,0.0,20.0,2.0,100.0,29.6
1351.0,0.5,20.0,2.0,100.0,22.994152
1352.0,1.0,20.0,2.0,100.0,29.259493
1353.0,2.0,20.0,2.0,100.0,26.655172
1354.0,3.0,20.0,2.0,100.0,13.9928055
1355.0,5.0,20.0,2.0,100.0,18.060345
1356.0,10.0,20.0,2.0,100.0,20.51634
1357.0,20.0,20.0,2.0,100.0,32.465908
1358.0,40.0,20.0,2.0,100.0,28.167347
1359.0,49.0,20.0,2.0,100.0,32.972878
1360.0,0.0,20.0,2.0,100.0,29.0
1361.0,0.5,20.0,2.0,100.0,17.307087
1362.0,1.0,20.0,2.0,100.0,28.198717
1363.0,2.0,20.0,2.0,100.0,15.699187
1364.0,3.0,20.0,2.0,100.0,10.283186
1365.0,5.0,20.0,2.0,100.0,13.230769
1366.0,10.0,20.0,2.0,100.0,10.478633
1367.0,20.0,20.0,2.0,100.0,28.547485
1368.0,40.0,20.0,2.0,100.0,27.472118
1369.0,49.0,20.0,2.0,100.0,22.82085
1370.0,0.0,20.0,2.0,100.0,30.3
1371.0,0.5,20.0,2.0,100.0,28.955696
1372.0,1.0,20.0,2.0,100.0,16.291338
1373.0,2.0,20.0,2.0,100.0,36.741756
1374.0,3.0,20.0,2.0,100.0,15.75
1375.0,5.0,20.0,2.0,100.0,11.166667
1376.0,10.0,20.0,2.0,100.0,11.829268
1377.0,20.0,20.0,2.0,100.0,25.270115
1378.0,40.0,20.0,2.0,100.0,20.960526
1379.0,49.0,20.0,2.0,100.0,21.728813
1380.0,0.0,20.0,2.0,100.0,30.91358
1381.0,0.5,20.0,2.0,100.0,28.898735
1382.0,1.0,20.0,2.0,100.0,14.916031
1383.0,2.0,20.0,2.0,100.0,20.986395
1384.0,3.0,20.0,2.0,100.0,25.3007
1385.0,5.0,20.0,2.0,100.0,24.04908
1386.0,10.0,20.0,2.0,100.0,12.676471
1387.0,20.0,20.0,2.0,100.0,26.550898
1388.0,40.0,20.0,2.0,100.0,32.41503
1389.0,49.0,20.0,2.0,100.0,22.77541
1390.0,0.0,20.0,2.0,100.0,28.006453
1391.0,0.5,20.0,2.0,100.0,56.619247
1392.0,1.0,20.0,2.0,100.0,29.767296
1393.0,2.0,20.0,2.0,100.0,18.174496
1394.0,3.0,20.0,2.0,100.0,23.041096
1395.0,5.0,20.0,2.0,100.0,22.467949
1396.0,10.0,20.0,2.0,100.0,13.488889
1397.0,20.0,20.0,2.0,100.0,11.121212
1398.0,40.0,20.0,2.0,100.0,32.97194
1399.0,49.0,20.0,2.0,100.0,21.65114
1400.0,0.0,20.0,2.0,100.0,28.854431
1401.0,0.5,20.0,2.0,100.0,28.67516
1402.0,1.0,20.0,2.0,100.0,13.487804
1403.0,2.0,20.0,2.0,100.0,25.075472
1404.0,3.0,20.0,2.0,100.0,13.372881
1405.0,5.0,20.0,2.0,100.0,18.731344
1406.0,10.0,20.0,2.0,100.0,13.3
1407.0,20.0,20.0,2.0,100.0,20.075342
1408.0,40.0,20.0,2.0,100.0,23.227451
1409.0,49.0,20.0,2.0,100.0,21.448444
1410.0,0.0,20.0,2.0,100.0,30.32298
1411.0,0.5,20.0,2.0,100.0,28.789808
1412.0,1.0,20.0,2.0,100.0,29.125786
1413.0,2.0,20.0,2.0,100.0,13.0
1414.0,3.0,20.0,2.0,100.0,15.61832
1415.0,5.0,20.0,2.0,100.0,22.029198
1416.0,10.0,20.0,2.0,100.0,14.0078125
1417.0,20.0,20.0,2.0,100.0,20.632183
1418.0,40.0,20.0,2.0,100.0,30.39576
1419.0,49.0,20.0,2.0,100.0,34.692154
1420.0,0.0,20.0,2.0,100.0,42.330048
1421.0,0.5,20.0,2.0,100.0,42.80788
1422.0,1.0,20.0,2.0,100.0,16.223022
1423.0,2.0,20.0,2.0,100.0,15.268116
1424.0,3.0,20.0,2.0,100.0,18.146852
1425.0,5.0,20.0,2.0,100.0,10.243697
1426.0,10.0,20.0,2.0,100.0,18.609272
1427.0,20.0,20.0,2.0,100.0,18.807228
1428.0,40.0,20.0,2.0,100.0,29.431227
1429.0,49.0,20.0,2.0,100.0,6.6505833
1430.0,0.0,20.0,2.0,100.0,29.037975
1431.0,0.5,20.0,2.0,100.0,15.448
1432.0,1.0,20.0,2.0,100.0,23.933332
1433.0,2.0,20.0,2.0,100.0,20.260162
1434.0,3.0,20.0,2.0,100.0,23.311687
1435.0,5.0,20.0,2.0,100.0,17.360903
1436.0,10.0,20.0,2.0,100.0,27.785715
1437.0,20.0,20.0,2.0,100.0,21.60119
1438.0,40.0,20.0,2.0,100.0,27.56839
1439.0,49.0,20.0,2.0,100.0,28.387037
1440.0,0.0,20.0,2.0,100.0,52.13242
1441.0,0.5,20.0,2.0,100.0,28.802547
1442.0,1.0,20.0,2.0,100.0,22.6875
1443.0,2.0,20.0,2.0,100.0,14.516949
1444.0,3.0,20.0,2.0,100.0,16.38168
1445.0,5.0,20.0,2.0,100.0,13.253732
1446.0,10.0,20.0,2.0,100.0,14.45
1447.0,20.0,20.0,2.0,100.0,17.9
1448.0,40.0,20.0,2.0,100.0,49.67266
1449.0,49.0,20.0,2.0,100.0,33.829544
1450.0,0.0,20.0,2.0,100.0,47.21717
1451.0,0.5,20.0,2.0,100.0,17.851065
1452.0,1.0,20.0,2.0,100.0,29.371069
1453.0,2.0,20.0,2.0,100.0,20.986301
1454.0,3.0,20.0,2.0,100.0,22.90909
1455.0,5.0,20.0,2.0,100.0,20.473684
1456.0,10.0,20.0,2.0,100.0,32.289474
1457.0,20.0,20.0,2.0,100.0,13.854014
1458.0,40.0,20.0,2.0,100.0,22.67401
1459.0,49.0,20.0,2.0,100.0,21.745413
1460.0,0.0,20.0,2.0,100.0,29.65625
1461.0,0.5,20.0,2.0,100.0,31.290781
1462.0,1.0,20.0,2.0,100.0,19.816
1463.0,2.0,20.0,2.0,100.0,26.89726
1464.0,3.0,20.0,2.0,100.0,22.675325
1465.0,5.0,20.0,2.0,100.0,17.17687
1466.0,10.0,20.0,2.0,100.0,32.756218
1467.0,20.0,20.0,2.0,100.0,27.685184
1468.0,40.0,20.0,2.0,100.0,21.630543
1469.0,49.0,20.0,2.0,100.0,23.426811
1470.0,0.0,20.0,2.0,100.0,28.949368
1471.0,0.5,20.0,2.0,100.0,27.374193
1472.0,1.0,20.0,2.0,100.0,18.62069
1473.0,2.0,20.0,2.0,100.0,20.376
1474.0,3.0,20.0,2.0,100.0,15.376
1475.0,5.0,20.0,2.0,100.0,20.31496
1476.0,10.0,20.0,2.0,100.0,26.68
1477.0,20.0,20.0,2.0,100.0,31.015707
1478.0,40.0,20.0,2.0,100.0,27.771187
1479.0,49.0,20.0,2.0,100.0,25.776552
1480.0,0.0,20.0,2.0,100.0,28.579618
1481.0,0.5,20.0,2.0,100.0,28.4586
1482.0,1.0,20.0,2.0,100.0,27.238094
1483.0,2.0,20.0,2.0,100.0,27.711538
1484.0,3.0,20.0,2.0,100.0,15.8359375
1485.0,5.0,20.0,2.0,100.0,30.053764
1486.0,10.0,20.0,2.0,100.0,20.378378
1487.0,20.0,20.0,2.0,100.0,12.358209
1488.0,40.0,20.0,2.0,100.0,23.222708
1489.0,49.0,20.0,2.0,100.0,31.061302
1490.0,0.0,20.0,2.0,100.0,28.962025
1491.0,0.5,20.0,2.0,100.0,20.393702
1492.0,1.0,20.0,2.0,100.0,28.719746
1493.0,2.0,20.0,2.0,100.0,18.095652
1494.0,3.0,20.0,2.0,100.0,27.72093
1495.0,5.0,20.0,2.0,100.0,15.225564
1496.0,10.0,20.0,2.0,100.0,25.60625
1497.0,20.0,20.0,2.0,100.0,21.583334
1498.0,40.0,20.0,2.0,100.0,24.95283
1499.0,49.0,20.0,2.0,100.0,33.150364
1500.0,0.0,20.0,2.0,100.0,29.440252
1501.0,0.5,20.0,2.0,100.0,30.296297
1502.0,1.0,20.0,2.0,100.0,15.631147
1503.0,2.0,20.0,2.0,100.0,32.303665
1504.0,3.0,20.0,2.0,100.0,16.539062
1505.0,5.0,20.0,2.0,100.0,21.925467
1506.0,10.0,20.0,2.0,100.0,21.071428
1507.0,20.0,20.0,2.0,100.0,21.36
1508.0,40.0,20.0,2.0,100.0,17.945312
1509.0,49.0,20.0,2.0,100.0,23.058548
1510.0,0.0,20.0,2.0,100.0,28.01923
1511.0,0.5,20.0,2.0,100.0,22.216417
1512.0,1.0,20.0,2.0,100.0,29.875
1513.0,2.0,20.0,2.0,100.0,18.114035
1514.0,3.0,20.0,2.0,100.0,10.115045
1515.0,5.0,20.0,2.0,100.0,21.106382
1516.0,10.0,20.0,2.0,100.0,11.548872
1517.0,20.0,20.0,2.0,100.0,28.9162
1518.0,40.0,20.0,2.0,100.0,19.473684
1519.0,49.0,20.0,2.0,100.0,35.01226
1520.0,0.0,20.0,2.0,100.0,29.716982
1521.0,0.5,20.0,2.0,100.0,28.71523
1522.0,1.0,20.0,2.0,100.0,26.352112
1523.0,2.0,20.0,2.0,100.0,16.264957
1524.0,3.0,20.0,2.0,100.0,18.565575
1525.0,5.0,20.0,2.0,100.0,11.528926
1526.0,10.0,20.0,2.0,100.0,36.15625
1527.0,20.0,20.0,2.0,100.0,18.686274
1528.0,40.0,20.0,2.0,100.0,26.048231
1529.0,49.0,20.0,2.0,100.0,30.360912
1530.0,0.0,20.0,2.0,100.0,29.73585
1531.0,0.5,20.0,2.0,100.0,28.378204
1532.0,1.0,20.0,2.0,100.0,25.435064
1533.0,2.0,20.0,2.0,100.0,18.926828
1534.0,3.0,20.0,2.0,100.0,14.8046875
1535.0,5.0,20.0,2.0,100.0,15.12037
1536.0,10.0,20.0,2.0,100.0,23.467154
1537.0,20.0,20.0,2.0,100.0,17.907976
1538.0,40.0,20.0,2.0,100.0,50.91711
1539.0,49.0,20.0,2.0,100.0,16.222544
1540.0,0.0,20.0,2.0,100.0,30.932516
1541.0,0.5,20.0,2.0,100.0,15.130769
1542.0,1.0,20.0,2.0,100.0,26.867132
1543.0,2.0,20.0,2.0,100.0,15.746032
1544.0,3.0,20.0,2.0,100.0,22.348484
1545.0,5.0,20.0,2.0,100.0,24.852564
1546.0,10.0,20.0,2.0,100.0,19.97973
1547.0,20.0,20.0,2.0,100.0,26.472527
1548.0,40.0,20.0,2.0,100.0,20.358896
1549.0,49.0,20.0,2.0,100.0,24.443327
1550.0,0.0,20.0,2.0,100.0,28.974684
1551.0,0.5,20.0,2.0,100.0,29.490566
1552.0,1.0,20.0,2.0,100.0,17.64539
1553.0,2.0,20.0,2.0,100.0,28.01923
1554.0,3.0,20.0,2.0,100.0,22.540983
1555.0,5.0,20.0,2.0,100.0,19.559322
1556.0,10.0,20.0,2.0,100.0,10.688524
1557.0,20.0,20.0,2.0,100.0,18.183432
1558.0,40.0,20.0,2.0,100.0,24.912088
1559.0,49.0,20.0,2.0,100.0,27.322523
1560.0,0.0,20.0,2.0,100.0,30.52174
1561.0,0.5,20.0,2.0,100.0,29.9875
1562.0,1.0,20.0,2.0,100.0,21.882812
1563.0,2.0,20.0,2.0,100.0,20.12
1564.0,3.0,20.0,2.0,100.0,18.008333
1565.0,5.0,20.0,2.0,100.0,24.170887
1566.0,10.0,20.0,2.0,100.0,10.700788
1567.0,20.0,20.0,2.0,100.0,12.764706
1568.0,40.0,20.0,2.0,100.0,31.1203
1569.0,49.0,20.0,2.0,100.0,19.943949
1570.0,0.0,20.0,2.0,100.0,29.227848
1571.0,0.5,20.0,2.0,100.0,18.422535
1572.0,1.0,20.0,2.0,100.0,28.666666
1573.0,2.0,20.0,2.0,100.0,13.52
1574.0,3.0,20.0,2.0,100.0,15.167939
1575.0,5.0,20.0,2.0,100.0,19.35461
1576.0,10.0,20.0,2.0,100.0,17.728813
1577.0,20.0,20.0,2.0,100.0,15.704698
1578.0,40.0,20.0,2.0,100.0,25.828794
1579.0,49.0,20.0,2.0,100.0,27.0556
1580.0,0.0,20.0,2.0,100.0,28.700638
1581.0,0.5,20.0,2.0,100.0,16.602942
1582.0,1.0,20.0,2.0,100.0,13.083333
1583.0,2.0,20.0,2.0,100.0,14.066176
1584.0,3.0,20.0,2.0,100.0,19.48276
1585.0,5.0,20.0,2.0,100.0,14.985612
1586.0,10.0,20.0,2.0,100.0,10.847458
1587.0,20.0,20.0,2.0,100.0,27.55414
1588.0,40.0,20.0,2.0,100.0,18.914894
1589.0,49.0,20.0,2.0,100.0,27.400892
1590.0,0.0,20.0,2.0,100.0,28.585987
1591.0,0.5,20.0,2.0,100.0,28.72152
1592.0,1.0,20.0,2.0,100.0,28.235668
1593.0,2.0,20.0,2.0,100.0,17.663794
1594.0,3.0,20.0,2.0,100.0,21.226667
1595.0,5.0,20.0,2.0,100.0,23.582823
1596.0,10.0,20.0,2.0,100.0,33.650246
1597.0,20.0,20.0,2.0,100.0,11.963235
1598.0,40.0,20.0,2.0,100.0,23.240854
1599.0,49.0,20.0,2.0,100.0,18.036211
1600.0,0.0,20.0,2.0,100.0,34.357143
1601.0,0.5,20.0,2.0,100.0,29.132076
1602.0,1.0,20.0,2.0,100.0,14.12605
1603.0,2.0,20.0,2.0,100.0,18.4
1604.0,3.0,20.0,2.0,100.0,13.878378
1605.0,5.0,20.0,2.0,100.0,17.545454
1606.0,10.0,20.0,2.0,100.0,26.222826
1607.0,20.0,20.0,2.0,100.0,35.798996
1608.0,40.0,20.0,2.0,100.0,21.636055
1609.0,49.0,20.0,2.0,100.0,23.509602
1610.0,0.0,20.0,2.0,100.0,28.598726
1611.0,0.5,20.0,2.0,100.0,20.714285
1612.0,1.0,20.0,2.0,100.0,29.191082
1613.0,2.0,20.0,2.0,100.0,16.772358
1614.0,3.0,20.0,2.0,100.0,12.2672415
1615.0,5.0,20.0,2.0,100.0,11.581967
1616.0,10.0,20.0,2.0,100.0,11.394737
1617.0,20.0,20.0,2.0,100.0,23.941177
1618.0,40.0,20.0,2.0,100.0,26.357414
1619.0,49.0,20.0,2.0,100.0,28.217001
1620.0,0.0,20.0,2.0,100.0,47.083332
1621.0,0.5,20.0,2.0,100.0,27.496775
1622.0,1.0,20.0,2.0,100.0,28.558441
1623.0,2.0,20.0,2.0,100.0,29.146498
1624.0,3.0,20.0,2.0,100.0,18.457747
1625.0,5.0,20.0,2.0,100.0,24.74375
1626.0,10.0,20.0,2.0,100.0,14.992857
1627.0,20.0,20.0,2.0,100.0,13.224638
1628.0,40.0,20.0,2.0,100.0,38.772472
1629.0,49.0,20.0,2.0,100.0,16.980797
1630.0,0.0,20.0,2.0,100.0,28.78344
1631.0,0.5,20.0,2.0,100.0,21.387596
1632.0,1.0,20.0,2.0,100.0,12.592308
1633.0,2.0,20.0,2.0,100.0,18.419117
1634.0,3.0,20.0,2.0,100.0,15.554622
1635.0,5.0,20.0,2.0,100.0,23.020134
1636.0,10.0,20.0,2.0,100.0,14.866141
1637.0,20.0,20.0,2.0,100.0,24.747059
1638.0,40.0,20.0,2.0,100.0,17.548962
1639.0,49.0,20.0,2.0,100.0,26.96608
1640.0,0.0,20.0,2.0,100.0,29.13924
1641.0,0.5,20.0,2.0,100.0,29.36478
1642.0,1.0,20.0,2.0,100.0,18.418034
1643.0,2.0,20.0,2.0,100.0,22.555555
1644.0,3.0,20.0,2.0,100.0,18.186207
1645.0,5.0,20.0,2.0,100.0,9.92742
1646.0,10.0,20.0,2.0,100.0,23.354166
1647.0,20.0,20.0,2.0,100.0,21.012987
1648.0,40.0,20.0,2.0,100.0,22.57868
1649.0,49.0,20.0,2.0,100.0,29.078926
1650.0,0.0,20.0,2.0,100.0,29.698112
1651.0,0.5,20.0,2.0,100.0,29.60625
1652.0,1.0,20.0,2.0,100.0,18.986013
1653.0,2.0,20.0,2.0,100.0,27.75
1654.0,3.0,20.0,2.0,100.0,10.185841
1655.0,5.0,20.0,2.0,100.0,27.795454
1656.0,10.0,20.0,2.0,100.0,11.60584
1657.0,20.0,20.0,2.0,100.0,22.893854
1658.0,40.0,20.0,2.0,100.0,23.786377
1659.0,49.0,20.0,2.0,100.0,27.484745
1660.0,0.0,20.0,2.0,100.0,30.050314
1661.0,0.5,20.0,2.0,100.0,28.4586
1662.0,1.0,20.0,2.0,100.0,26.277779
1663.0,2.0,20.0,2.0,100.0,11.7
1664.0,3.0,20.0,2.0,100.0,16.150375
1665.0,5.0,20.0,2.0,100.0,16.016808
1666.0,10.0,20.0,2.0,100.0,13.456897
1667.0,20.0,20.0,2.0,100.0,34.509678
1668.0,40.0,20.0,2.0,100.0,24.337036
1669.0,49.0,20.0,2.0,100.0,16.830257
1670.0,0.0,20.0,2.0,100.0,29.227848
1671.0,0.5,20.0,2.0,100.0,52.322727
1672.0,1.0,20.0,2.0,100.0,19.92742
1673.0,2.0,20.0,2.0,100.0,23.66883
1674.0,3.0,20.0,2.0,100.0,15.232558
1675.0,5.0,20.0,2.0,100.0,12.729323
1676.0,10.0,20.0,2.0,100.0,26.349316
1677.0,20.0,20.0,2.0,100.0,29.488636
1678.0,40.0,20.0,2.0,100.0,33.98718
1679.0,49.0,20.0,2.0,100.0,22.64597
1680.0,0.0,20.0,2.0,100.0,29.3481
1681.0,0.5,20.0,2.0,100.0,29.37736
1682.0,1.0,20.0,2.0,100.0,15.297521
1683.0,2.0,20.0,2.0,100.0,30.0375
1684.0,3.0,20.0,2.0,100.0,10.408695
1685.0,5.0,20.0,2.0,100.0,20.457747
1686.0,10.0,20.0,2.0,100.0,29.666666
1687.0,20.0,20.0,2.0,100.0,16.24183
1688.0,40.0,20.0,2.0,100.0,20.181818
1689.0,49.0,20.0,2.0,100.0,23.508928
1690.0,0.0,20.0,2.0,100.0,28.55414
1691.0,0.5,20.0,2.0,100.0,30.173914
1692.0,1.0,20.0,2.0,100.0,29.9
1693.0,2.0,20.0,2.0,100.0,23.858896
1694.0,3.0,20.0,2.0,100.0,18.635658
1695.0,5.0,20.0,2.0,100.0,20.836363
1696.0,10.0,20.0,2.0,100.0,12.045801
1697.0,20.0,20.0,2.0,100.0,22.732027
1698.0,40.0,20.0,2.0,100.0,22.23077
1699.0,49.0,20.0,2.0,100.0,20.158333
1700.0,0.0,20.0,2.0,100.0,28.471338
1701.0,0.5,20.0,2.0,100.0,15.107438
1702.0,1.0,20.0,2.0,100.0,10.403361
1703.0,2.0,20.0,2.0,100.0,34.04762
1704.0,3.0,20.0,2.0,100.0,18.130434
1705.0,5.0,20.0,2.0,100.0,14.983193
1706.0,10.0,20.0,2.0,100.0,36.119793
1707.0,20.0,20.0,2.0,100.0,27.202248
1708.0,40.0,20.0,2.0,100.0,18.190475
1709.0,49.0,20.0,2.0,100.0,44.33581
1710.0,0.0,20.0,2.0,100.0,28.649681
1711.0,0.5,20.0,2.0,100.0,15.718518
1712.0,1.0,20.0,2.0,100.0,29.354431
1713.0,2.0,20.0,2.0,100.0,13.735538
1714.0,3.0,20.0,2.0,100.0,21.414286
1715.0,5.0,20.0,2.0,100.0,16.564285
1716.0,10.0,20.0,2.0,100.0,16.957447
1717.0,20.0,20.0,2.0,100.0,26.042425
1718.0,40.0,20.0,2.0,100.0,34.944626
1719.0,49.0,20.0,2.0,100.0,27.491468
1720.0,0.0,20.0,2.0,100.0,28.727848
1721.0,0.5,20.0,2.0,100.0,26.433525
1722.0,1.0,20.0,2.0,100.0,22.676924
1723.0,2.0,20.0,2.0,100.0,12.657895
1724.0,3.0,20.0,2.0,100.0,14.2109375
1725.0,5.0,20.0,2.0,100.0,14.681818
1726.0,10.0,20.0,2.0,100.0,27.664635
1727.0,20.0,20.0,2.0,100.0,23.41243
1728.0,40.0,20.0,2.0,100.0,25.416267
1729.0,49.0,20.0,2.0,100.0,36.06287
1730.0,0.0,20.0,2.0,100.0,29.383648
1731.0,0.5,20.0,2.0,100.0,14.92126
1732.0,1.0,20.0,2.0,100.0,19.76
1733.0,2.0,20.0,2.0,100.0,15.146341
1734.0,3.0,20.0,2.0,100.0,17.208696
1735.0,5.0,20.0,2.0,100.0,18.543478
1736.0,10.0,20.0,2.0,100.0,14.845589
1737.0,20.0,20.0,2.0,100.0,23.968945
1738.0,40.0,20.0,2.0,100.0,23.996529
1739.0,49.0,20.0,2.0,100.0,13.06662
1740.0,0.0,20.0,2.0,100.0,29.658228
1741.0,0.5,20.0,2.0,100.0,16.55639
1742.0,1.0,20.0,2.0,100.0,14.287879
1743.0,2.0,20.0,2.0,100.0,29.936708
1744.0,3.0,20.0,2.0,100.0,16.023077
1745.0,5.0,20.0,2.0,100.0,21.352942
1746.0,10.0,20.0,2.0,100.0,27.34375
1747.0,20.0,20.0,2.0,100.0,32.234974
1748.0,40.0,20.0,2.0,100.0,23.535433
1749.0,49.0,20.0,2.0,100.0,29.614094
1750.0,0.0,20.0,2.0,100.0,28.535032
1751.0,0.5,20.0,2.0,100.0,29.45283
1752.0,1.0,20.0,2.0,100.0,16.269503
1753.0,2.0,20.0,2.0,100.0,19.270493
1754.0,3.0,20.0,2.0,100.0,14.616
1755.0,5.0,20.0,2.0,100.0,17.797203
1756.0,10.0,20.0,2.0,100.0,21.154411
1757.0,20.0,20.0,2.0,100.0,13.118055
1758.0,40.0,20.0,2.0,100.0,24.809782
1759.0,49.0,20.0,2.0,100.0,27.897978
1760.0,0.0,20.0,2.0,100.0,28.27564
1761.0,0.5,20.0,2.0,100.0,20.016
1762.0,1.0,20.0,2.0,100.0,17.663866
1763.0,2.0,20.0,2.0,100.0,25.705036
1764.0,3.0,20.0,2.0,100.0,22.741007
1765.0,5.0,20.0,2.0,100.0,20.167702
1766.0,10.0,20.0,2.0,100.0,18.122137
1767.0,20.0,20.0,2.0,100.0,18.72078
1768.0,40.0,20.0,2.0,100.0,23.08116
1769.0,49.0,20.0,2.0,100.0,22.767267
1770.0,0.0,20.0,2.0,100.0,29.259493
1771.0,0.5,20.0,2.0,100.0,21.168919
1772.0,1.0,20.0,2.0,100.0,18.319149
1773.0,2.0,20.0,2.0,100.0,22.244755
1774.0,3.0,20.0,2.0,100.0,11.5040655
1775.0,5.0,20.0,2.0,100.0,15.87013
1776.0,10.0,20.0,2.0,100.0,19.443548
1777.0,20.0,20.0,2.0,100.0,19.905027
1778.0,40.0,20.0,2.0,100.0,22.699247
1779.0,49.0,20.0,2.0,100.0,37.91761
1780.0,0.0,20.0,2.0,100.0,28.892405
1781.0,0.5,20.0,2.0,100.0,24.051851
1782.0,1.0,20.0,2.0,100.0,12.702479
1783.0,2.0,20.0,2.0,100.0,25.748201
1784.0,3.0,20.0,2.0,100.0,18.557972
1785.0,5.0,20.0,2.0,100.0,10.965812
1786.0,10.0,20.0,2.0,100.0,31.903955
1787.0,20.0,20.0,2.0,100.0,22.471699
1788.0,40.0,20.0,2.0,100.0,22.803797
1789.0,49.0,20.0,2.0,100.0,26.214285
1790.0,0.0,20.0,2.0,100.0,30.09375
1791.0,0.5,20.0,2.0,100.0,22.564886
1792.0,1.0,20.0,2.0,100.0,21.367188
1793.0,2.0,20.0,2.0,100.0,15.520326
1794.0,3.0,20.0,2.0,100.0,21.764706
1795.0,5.0,20.0,2.0,100.0,21.2
1796.0,10.0,20.0,2.0,100.0,30.767296
1797.0,20.0,20.0,2.0,100.0,18.826666
1798.0,40.0,20.0,2.0,100.0,23.021473
1799.0,49.0,20.0,2.0,100.0,33.35646
1800.0,0.0,20.0,2.0,100.0,28.48734
1801.0,0.5,20.0,2.0,100.0,28.835443
1802.0,1.0,20.0,2.0,100.0,23.165413
1803.0,2.0,20.0,2.0,100.0,22.263159
1804.0,3.0,20.0,2.0,100.0,20.992
1805.0,5.0,20.0,2.0,100.0,24.12
1806.0,10.0,20.0,2.0,100.0,15.74468
1807.0,20.0,20.0,2.0,100.0,16.751678
1808.0,40.0,20.0,2.0,100.0,23.450659
1809.0,49.0,20.0,2.0,100.0,23.445784
1810.0,0.0,20.0,2.0,100.0,28.962025
1811.0,0.5,20.0,2.0,100.0,19.658537
1812.0,1.0,20.0,2.0,100.0,15.555555
1813.0,2.0,20.0,2.0,100.0,16.89781
1814.0,3.0,20.0,2.0,100.0,11.629311
1815.0,5.0,20.0,2.0,100.0,23.24627
1816.0,10.0,20.0,2.0,100.0,14.182482
1817.0,20.0,20.0,2.0,100.0,20.647888
1818.0,40.0,20.0,2.0,100.0,24.831326
1819.0,49.0,20.0,2.0,100.0,38.934555
1820.0,0.0,20.0,2.0,100.0,30.58385
1821.0,0.5,20.0,2.0,100.0,29.371069
1822.0,1.0,20.0,2.0,100.0,29.968554
1823.0,2.0,20.0,2.0,100.0,11.583333
1824.0,3.0,20.0,2.0,100.0,23.304348
1825.0,5.0,20.0,2.0,100.0,14.508064
1826.0,10.0,20.0,2.0,100.0,29.095589
1827.0,20.0,20.0,2.0,100.0,15.573964
1828.0,40.0,20.0,2.0,100.0,18.518183
1829.0,49.0,20.0,2.0,100.0,10.1761055
1830.0,0.0,20.0,2.0,100.0,29.528301
1831.0,0.5,20.0,2.0,100.0,18.95946
1832.0,1.0,20.0,2.0,100.0,36.627117
1833.0,2.0,20.0,2.0,100.0,14.680327
1834.0,3.0,20.0,2.0,100.0,16.431818
1835.0,5.0,20.0,2.0,100.0,16.397163
1836.0,10.0,20.0,2.0,100.0,20.169231
1837.0,20.0,20.0,2.0,100.0,28.057804
1838.0,40.0,20.0,2.0,100.0,21.978872
1839.0,49.0,20.0,2.0,100.0,35.383205
1840.0,0.0,20.0,2.0,100.0,29.86875
1841.0,0.5,20.0,2.0,100.0,24.544117
1842.0,1.0,20.0,2.0,100.0,18.377623
1843.0,2.0,20.0,2.0,100.0,12.748092
1844.0,3.0,20.0,2.0,100.0,24.634483
1845.0,5.0,20.0,2.0,100.0,18.708956
1846.0,10.0,20.0,2.0,100.0,32.365
1847.0,20.0,20.0,2.0,100.0,29.817709
1848.0,40.0,20.0,2.0,100.0,24.643192
1849.0,49.0,20.0,2.0,100.0,21.87307
1850.0,0.0,20.0,2.0,100.0,28.677216
1851.0,0.5,20.0,2.0,100.0,28.936708
1852.0,1.0,20.0,2.0,100.0,30.987577
1853.0,2.0,20.0,2.0,100.0,19.328125
1854.0,3.0,20.0,2.0,100.0,26.97826
1855.0,5.0,20.0,2.0,100.0,12.643411
1856.0,10.0,20.0,2.0,100.0,10.7672415
1857.0,20.0,20.0,2.0,100.0,32.940216
1858.0,40.0,20.0,2.0,100.0,32.36519
1859.0,49.0,20.0,2.0,100.0,23.161179
1860.0,0.0,20.0,2.0,100.0,34.777172
1861.0,0.5,20.0,2.0,100.0,17.61111
1862.0,1.0,20.0,2.0,100.0,13.794871
1863.0,2.0,20.0,2.0,100.0,16.888
1864.0,3.0,20.0,2.0,100.0,13.532258
1865.0,5.0,20.0,2.0,100.0,15.731708
1866.0,10.0,20.0,2.0,100.0,10.394958
1867.0,20.0,20.0,2.0,100.0,37.036083
1868.0,40.0,20.0,2.0,100.0,22.613636
1869.0,49.0,20.0,2.0,100.0,25.765276
1870.0,0.0,20.0,2.0,100.0,28.981012
1871.0,0.5,20.0,2.0,100.0,29.283018
1872.0,1.0,20.0,2.0,100.0,28.69281
1873.0,2.0,20.0,2.0,100.0,18.101562
1874.0,3.0,20.0,2.0,100.0,23.29697
1875.0,5.0,20.0,2.0,100.0,16.449612
1876.0,10.0,20.0,2.0,100.0,21.22857
1877.0,20.0,20.0,2.0,100.0,16.485508
1878.0,40.0,20.0,2.0,100.0,27.284883
1879.0,49.0,20.0,2.0,100.0,25.009716
1880.0,0.0,20.0,2.0,100.0,28.585987
1881.0,0.5,20.0,2.0,100.0,28.734177
1882.0,1.0,20.0,2.0,100.0,17.546219
1883.0,2.0,20.0,2.0,100.0,15.034483
1884.0,3.0,20.0,2.0,100.0,18.881578
1885.0,5.0,20.0,2.0,100.0,20.34058
1886.0,10.0,20.0,2.0,100.0,13.52
1887.0,20.0,20.0,2.0,100.0,17.095238
1888.0,40.0,20.0,2.0,100.0,25.943966
1889.0,49.0,20.0,2.0,100.0,31.111563
1890.0,0.0,20.0,2.0,100.0,29.259493
1891.0,0.5,20.0,2.0,100.0,28.280254
1892.0,1.0,20.0,2.0,100.0,26.794521
1893.0,2.0,20.0,2.0,100.0,24.62264
1894.0,3.0,20.0,2.0,100.0,13.034188
1895.0,5.0,20.0,2.0,100.0,10.913385
1896.0,10.0,20.0,2.0,100.0,11.045801
1897.0,20.0,20.0,2.0,100.0,27.484535
1898.0,40.0,20.0,2.0,100.0,29.923372
1899.0,49.0,20.0,2.0,100.0,33.69281
1900.0,0.0,20.0,2.0,100.0,28.484076
1901.0,0.5,20.0,2.0,100.0,26.673077
1902.0,1.0,20.0,2.0,100.0,12.775862
1903.0,2.0,20.0,2.0,100.0,26.349112
1904.0,3.0,20.0,2.0,100.0,24.884058
1905.0,5.0,20.0,2.0,100.0,13.279661
1906.0,10.0,20.0,2.0,100.0,10.243902
1907.0,20.0,20.0,2.0,100.0,21.101797
1908.0,40.0,20.0,2.0,100.0,38.817665
1909.0,49.0,20.0,2.0,100.0,25.452967
1910.0,0.0,20.0,2.0,100.0,30.47826
1911.0,0.5,20.0,2.0,100.0,23.782894
1912.0,1.0,20.0,2.0,100.0,29.71875
1913.0,2.0,20.0,2.0,100.0,29.91875
1914.0,3.0,20.0,2.0,100.0,12.810345
1915.0,5.0,20.0,2.0,100.0,14.255474
1916.0,10.0,20.0,2.0,100.0,25.1
1917.0,20.0,20.0,2.0,100.0,49.570778
1918.0,40.0,20.0,2.0,100.0,23.24299
1919.0,49.0,20.0,2.0,100.0,19.446447
1920.0,0.0,20.0,2.0,100.0,28.810127
1921.0,0.5,20.0,2.0,100.0,15.343284
1922.0,1.0,20.0,2.0,100.0,22.734848
1923.0,2.0,20.0,2.0,100.0,29.880503
1924.0,3.0,20.0,2.0,100.0,15.207692
1925.0,5.0,20.0,2.0,100.0,23.717949
1926.0,10.0,20.0,2.0,100.0,24.027971
1927.0,20.0,20.0,2.0,100.0,18.602484
1928.0,40.0,20.0,2.0,100.0,21.114754
1929.0,49.0,20.0,2.0,100.0,24.319042
1930.0,0.0,20.0,2.0,100.0,27.548388
1931.0,0.5,20.0,2.0,100.0,14.765625
1932.0,1.0,20.0,2.0,100.0,29.389936
1933.0,2.0,20.0,2.0,100.0,18.264463
1934.0,3.0,20.0,2.0,100.0,12.344538
1935.0,5.0,20.0,2.0,100.0,26.326923
1936.0,10.0,20.0,2.0,100.0,24.69375
1937.0,20.0,20.0,2.0,100.0,23.072289
1938.0,40.0,20.0,2.0,100.0,33.82079
1939.0,49.0,20.0,2.0,100.0,20.485493
1940.0,0.0,20.0,2.0,100.0,29.158228
1941.0,0.5,20.0,2.0,100.0,27.874172
1942.0,1.0,20.0,2.0,100.0,21.754967
1943.0,2.0,20.0,2.0,100.0,19.215687
1944.0,3.0,20.0,2.0,100.0,19.027971
1945.0,5.0,20.0,2.0,100.0,18.340425
1946.0,10.0,20.0,2.0,100.0,14.838235
1947.0,20.0,20.0,2.0,100.0,35.126904
1948.0,40.0,20.0,2.0,100.0,31.35374
1949.0,49.0,20.0,2.0,100.0,27.563507
1950.0,0.0,20.0,2.0,100.0,28.312101
1951.0,0.5,20.0,2.0,100.0,29.339622
1952.0,1.0,20.0,2.0,100.0,28.732027
1953.0,2.0,20.0,2.0,100.0,19.55856
1954.0,3.0,20.0,2.0,100.0,23.533333
1955.0,5.0,20.0,2.0,100.0,14.392858
1956.0,10.0,20.0,2.0,100.0,10.228813
1957.0,20.0,20.0,2.0,100.0,27.843374
1958.0,40.0,20.0,2.0,100.0,35.707165
1959.0,49.0,20.0,2.0,100.0,23.080956
1960.0,0.0,20.0,2.0,100.0,31.251534
1961.0,0.5,20.0,2.0,100.0,29.689873
1962.0,1.0,20.0,2.0,100.0,35.925674
1963.0,2.0,20.0,2.0,100.0,18.541666
1964.0,3.0,20.0,2.0,100.0,20.716536
1965.0,5.0,20.0,2.0,100.0,19.753521
1966.0,10.0,20.0,2.0,100.0,24.058823
1967.0,20.0,20.0,2.0,100.0,15.208633
1968.0,40.0,20.0,2.0,100.0,18.996836
1969.0,49.0,20.0,2.0,100.0,31.88809
1970.0,0.0,20.0,2.0,100.0,28.464968
1971.0,0.5,20.0,2.0,100.0,29.9875
1972.0,1.0,20.0,2.0,100.0,29.288462
1973.0,2.0,20.0,2.0,100.0,18.626984
1974.0,3.0,20.0,2.0,100.0,14.057851
1975.0,5.0,20.0,2.0,100.0,10.789916
1976.0,10.0,20.0,2.0,100.0,18.412214
1977.0,20.0,20.0,2.0,100.0,36.67
1978.0,40.0,20.0,2.0,100.0,18.955357
1979.0,49.0,20.0,2.0,100.0,24.010132
1980.0,0.0,20.0,2.0,100.0,50.085712
1981.0,0.5,20.0,2.0,100.0,27.824324
1982.0,1.0,20.0,2.0,100.0,20.66207
1983.0,2.0,20.0,2.0,100.0,14.68595
1984.0,3.0,20.0,2.0,100.0,17.615385
1985.0,5.0,20.0,2.0,100.0,21.757765
1986.0,10.0,20.0,2.0,100.0,48.311626
1987.0,20.0,20.0,2.0,100.0,21.921349
1988.0,40.0,20.0,2.0,100.0,20.2
1989.0,49.0,20.0,2.0,100.0,13.745161
1990.0,0.0,20.0,2.0,100.0,30.0
1991.0,0.5,20.0,2.0,100.0,29.8239
1992.0,1.0,20.0,2.0,100.0,14.411765
1993.0,2.0,20.0,2.0,100.0,12.717949
1994.0,3.0,20.0,2.0,100.0,23.625
1995.0,5.0,20.0,2.0,100.0,14.5
1996.0,10.0,20.0,2.0,100.0,25.877005
1997.0,20.0,20.0,2.0,100.0,28.56213
1998.0,40.0,20.0,2.0,100.0,20.75564
1999.0,49.0,20.0,2.0,100.0,26.292683
2000.0,0.0,20.0,2.0,100.0,29.45283
2001.0,0.5,20.0,2.0,100.0,29.245283
2002.0,1.0,20.0,2.0,100.0,17.963768
2003.0,2.0,20.0,2.0,100.0,27.157534
2004.0,3.0,20.0,2.0,100.0,12.423077
2005.0,5.0,20.0,2.0,100.0,14.524194
2006.0,10.0,20.0,2.0,100.0,23.626667
2007.0,20.0,20.0,2.0,100.0,22.496933
2008.0,40.0,20.0,2.0,100.0,32.95963
2009.0,49.0,20.0,2.0,100.0,22.02454
2010.0,0.0,20.0,2.0,100.0,29.177216
2011.0,0.5,20.0,2.0,100.0,29.322784
2012.0,1.0,20.0,2.0,100.0,18.313044
2013.0,2.0,20.0,2.0,100.0,22.898438
2014.0,3.0,20.0,2.0,100.0,22.875
2015.0,5.0,20.0,2.0,100.0,29.76687
2016.0,10.0,20.0,2.0,100.0,21.338236
2017.0,20.0,20.0,2.0,100.0,22.035929
2018.0,40.0,20.0,2.0,100.0,17.889656
2019.0,49.0,20.0,2.0,100.0,28.72973
2020.0,0.0,20.0,2.0,100.0,29.4625
2021.0,0.5,20.0,2.0,100.0,22.824427
2022.0,1.0,20.0,2.0,100.0,28.476822
2023.0,2.0,20.0,2.0,100.0,10.853448
2024.0,3.0,20.0,2.0,100.0,11.244095
2025.0,5.0,20.0,2.0,100.0,19.829268
2026.0,10.0,20.0,2.0,100.0,19.659864
2027.0,20.0,20.0,2.0,100.0,17.410072
2028.0,40.0,20.0,2.0,100.0,27.52451
2029.0,49.0,20.0,2.0,100.0,19.247166
2030.0,0.0,20.0,2.0,100.0,29.7
2031.0,0.5,20.0,2.0,100.0,23.690647
2032.0,1.0,20.0,2.0,100.0,22.795918
2033.0,2.0,20.0,2.0,100.0,14.824
2034.0,3.0,20.0,2.0,100.0,15.111111
2035.0,5.0,20.0,2.0,100.0,12.0
2036.0,10.0,20.0,2.0,100.0,17.181818
2037.0,20.0,20.0,2.0,100.0,33.590908
2038.0,40.0,20.0,2.0,100.0,21.522058
2039.0,49.0,20.0,2.0,100.0,21.589354
2040.0,0.0,20.0,2.0,100.0,29.44654
2041.0,0.5,20.0,2.0,100.0,12.103448
2042.0,1.0,20.0,2.0,100.0,28.886076
2043.0,2.0,20.0,2.0,100.0,12.795455
2044.0,3.0,20.0,2.0,100.0,18.245762
2045.0,5.0,20.0,2.0,100.0,18.703125
2046.0,10.0,20.0,2.0,100.0,10.428572
2047.0,20.0,20.0,2.0,100.0,28.356756
2048.0,40.0,20.0,2.0,100.0,18.40909
2049.0,49.0,20.0,2.0,100.0,26.927153
2050.0,0.0,20.0,2.0,100.0,30.4375
2051.0,0.5,20.0,2.0,100.0,29.572327
2052.0,1.0,20.0,2.0,100.0,19.085714
2053.0,2.0,20.0,2.0,100.0,27.060606
2054.0,3.0,20.0,2.0,100.0,14.7615385
2055.0,5.0,20.0,2.0,100.0,26.431137
2056.0,10.0,20.0,2.0,100.0,28.246914
2057.0,20.0,20.0,2.0,100.0,19.25
2058.0,40.0,20.0,2.0,100.0,26.588
2059.0,49.0,20.0,2.0,100.0,35.29975
2060.0,0.0,20.0,2.0,100.0,29.893082
2061.0,0.5,20.0,2.0,100.0,29.169811
2062.0,1.0,20.0,2.0,100.0,19.341463
2063.0,2.0,20.0,2.0,100.0,12.540322
2064.0,3.0,20.0,2.0,100.0,19.104477
2065.0,5.0,20.0,2.0,100.0,19.492647
2066.0,10.0,20.0,2.0,100.0,14.52518
2067.0,20.0,20.0,2.0,100.0,21.935673
2068.0,40.0,20.0,2.0,100.0,20.222221
2069.0,49.0,20.0,2.0,100.0,23.646835
2070.0,0.0,20.0,2.0,100.0,29.503145
2071.0,0.5,20.0,2.0,100.0,27.213793
2072.0,1.0,20.0,2.0,100.0,12.95
2073.0,2.0,20.0,2.0,100.0,19.503817
2074.0,3.0,20.0,2.0,100.0,14.484615
2075.0,5.0,20.0,2.0,100.0,10.417392
2076.0,10.0,20.0,2.0,100.0,29.944786
2077.0,20.0,20.0,2.0,100.0,27.368132
2078.0,40.0,20.0,2.0,100.0,26.079039
2079.0,49.0,20.0,2.0,100.0,21.781185
2080.0,0.0,20.0,2.0,100.0,28.560509
2081.0,0.5,20.0,2.0,100.0,28.525974
2082.0,1.0,20.0,2.0,100.0,15.759398
2083.0,2.0,20.0,2.0,100.0,25.833334
2084.0,3.0,20.0,2.0,100.0,24.167938
2085.0,5.0,20.0,2.0,100.0,28.961039
2086.0,10.0,20.0,2.0,100.0,20.700565
2087.0,20.0,20.0,2.0,100.0,14.755102
2088.0,40.0,20.0,2.0,100.0,22.21973
2089.0,49.0,20.0,2.0,100.0,22.184978
2090.0,0.0,20.0,2.0,100.0,27.980892
2091.0,0.5,20.0,2.0,100.0,47.517075
2092.0,1.0,20.0,2.0,100.0,23.022388
2093.0,2.0,20.0,2.0,100.0,17.147888
2094.0,3.0,20.0,2.0,100.0,14.086615
2095.0,5.0,20.0,2.0,100.0,12.909836
2096.0,10.0,20.0,2.0,100.0,25.316383
2097.0,20.0,20.0,2.0,100.0,15.398734
2098.0,40.0,20.0,2.0,100.0,26.502024
2099.0,49.0,20.0,2.0,100.0,29.285965
2100.0,0.0,20.0,2.0,100.0,30.05625
2101.0,0.5,20.0,2.0,100.0,16.955555
2102.0,1.0,20.0,2.0,100.0,19.66207
2103.0,2.0,20.0,2.0,100.0,23.045454
2104.0,3.0,20.0,2.0,100.0,15.661972
2105.0,5.0,20.0,2.0,100.0,25.625807
2106.0,10.0,20.0,2.0,100.0,13.652778
2107.0,20.0,20.0,2.0,100.0,20.972029
2108.0,40.0,20.0,2.0,100.0,23.094696
2109.0,49.0,20.0,2.0,100.0,19.779325
2110.0,0.0,20.0,2.0,100.0,53.445946
2111.0,0.5,20.0,2.0,100.0,21.43919
2112.0,1.0,20.0,2.0,100.0,17.346775
2113.0,2.0,20.0,2.0,100.0,14.571428
2114.0,3.0,20.0,2.0,100.0,13.046512
2115.0,5.0,20.0,2.0,100.0,11.591666
2116.0,10.0,20.0,2.0,100.0,26.904495
2117.0,20.0,20.0,2.0,100.0,16.662252
2118.0,40.0,20.0,2.0,100.0,71.08429
2119.0,49.0,20.0,2.0,100.0,16.629154
2120.0,0.0,20.0,2.0,100.0,28.981012
2121.0,0.5,20.0,2.0,100.0,18.98347
2122.0,1.0,20.0,2.0,100.0,28.477707
2123.0,2.0,20.0,2.0,100.0,16.379032
2124.0,3.0,20.0,2.0,100.0,15.227273
2125.0,5.0,20.0,2.0,100.0,21.323742
2126.0,10.0,20.0,2.0,100.0,11.285714
2127.0,20.0,20.0,2.0,100.0,20.915152
2128.0,40.0,20.0,2.0,100.0,26.022099
2129.0,49.0,20.0,2.0,100.0,20.226274
2130.0,0.0,20.0,2.0,100.0,28.607595
2131.0,0.5,20.0,2.0,100.0,24.532846
2132.0,1.0,20.0,2.0,100.0,28.847134
2133.0,2.0,20.0,2.0,100.0,15.862319
2134.0,3.0,20.0,2.0,100.0,18.058332
2135.0,5.0,20.0,2.0,100.0,13.789855
2136.0,10.0,20.0,2.0,100.0,13.264706
2137.0,20.0,20.0,2.0,100.0,30.85965
2138.0,40.0,20.0,2.0,100.0,23.43721
2139.0,49.0,20.0,2.0,100.0,21.299093
2140.0,0.0,20.0,2.0,100.0,28.535032
2141.0,0.5,20.0,2.0,100.0,19.952
2142.0,1.0,20.0,2.0,100.0,25.02143
2143.0,2.0,20.0,2.0,100.0,14.487603
2144.0,3.0,20.0,2.0,100.0,16.860294
2145.0,5.0,20.0,2.0,100.0,21.554838
2146.0,10.0,20.0,2.0,100.0,31.89326
2147.0,20.0,20.0,2.0,100.0,26.177515
2148.0,40.0,20.0,2.0,100.0,28.118368
2149.0,49.0,20.0,2.0,100.0,30.257555
2150.0,0.0,20.0,2.0,100.0,29.320755
2151.0,0.5,20.0,2.0,100.0,30.16875
2152.0,1.0,20.0,2.0,100.0,23.026316
2153.0,2.0,20.0,2.0,100.0,12.196721
2154.0,3.0,20.0,2.0,100.0,11.868853
2155.0,5.0,20.0,2.0,100.0,21.445162
2156.0,10.0,20.0,2.0,100.0,28.41989
2157.0,20.0,20.0,2.0,100.0,24.466667
2158.0,40.0,20.0,2.0,100.0,21.449339
2159.0,49.0,20.0,2.0,100.0,20.008339
2160.0,0.0,20.0,2.0,100.0,48.57921
2161.0,0.5,20.0,2.0,100.0,17.00885
2162.0,1.0,20.0,2.0,100.0,21.0
2163.0,2.0,20.0,2.0,100.0,13.305085
2164.0,3.0,20.0,2.0,100.0,19.413044
2165.0,5.0,20.0,2.0,100.0,11.403509
2166.0,10.0,20.0,2.0,100.0,15.331035
2167.0,20.0,20.0,2.0,100.0,24.83117
2168.0,40.0,20.0,2.0,100.0,21.476923
2169.0,49.0,20.0,2.0,100.0,25.143417
2170.0,0.0,20.0,2.0,100.0,28.522293
2171.0,0.5,20.0,2.0,100.0,26.77931
2172.0,1.0,20.0,2.0,100.0,16.869566
2173.0,2.0,20.0,2.0,100.0,13.8515625
2174.0,3.0,20.0,2.0,100.0,20.65493
2175.0,5.0,20.0,2.0,100.0,14.205882
2176.0,10.0,20.0,2.0,100.0,21.431953
2177.0,20.0,20.0,2.0,100.0,34.913704
2178.0,40.0,20.0,2.0,100.0,26.981949
2179.0,49.0,20.0,2.0,100.0,29.682503
2180.0,0.0,20.0,2.0,100.0,29.925
2181.0,0.5,20.0,2.0,100.0,25.631945
2182.0,1.0,20.0,2.0,100.0,24.725351
2183.0,2.0,20.0,2.0,100.0,18.007463
2184.0,3.0,20.0,2.0,100.0,15.57554
2185.0,5.0,20.0,2.0,100.0,19.842106
2186.0,10.0,20.0,2.0,100.0,23.046053
2187.0,20.0,20.0,2.0,100.0,27.577923
2188.0,40.0,20.0,2.0,100.0,20.617022
2189.0,49.0,20.0,2.0,100.0,18.330893
2190.0,0.0,20.0,2.0,100.0,28.993671
2191.0,0.5,20.0,2.0,100.0,29.675
2192.0,1.0,20.0,2.0,100.0,18.584507
2193.0,2.0,20.0,2.0,100.0,16.077518
2194.0,3.0,20.0,2.0,100.0,18.914894
2195.0,5.0,20.0,2.0,100.0,14.007407
2196.0,10.0,20.0,2.0,100.0,32.526596
2197.0,20.0,20.0,2.0,100.0,26.331362
2198.0,40.0,20.0,2.0,100.0,33.318043
2199.0,49.0,20.0,2.0,100.0,19.46453
2200.0,0.0,20.0,2.0,100.0,29.383648
2201.0,0.5,20.0,2.0,100.0,51.372196
2202.0,1.0,20.0,2.0,100.0,28.726114
2203.0,2.0,20.0,2.0,100.0,21.769842
2204.0,3.0,20.0,2.0,100.0,15.637681
2205.0,5.0,20.0,2.0,100.0,11.254098
2206.0,10.0,20.0,2.0,100.0,12.198413
2207.0,20.0,20.0,2.0,100.0,26.431372
2208.0,40.0,20.0,2.0,100.0,16.436363
2209.0,49.0,20.0,2.0,100.0,22.75819
2210.0,0.0,20.0,2.0,100.0,28.968153
2211.0,0.5,20.0,2.0,100.0,17.857143
2212.0,1.0,20.0,2.0,100.0,29.373417
2213.0,2.0,20.0,2.0,100.0,13.643939
2214.0,3.0,20.0,2.0,100.0,14.739496
2215.0,5.0,20.0,2.0,100.0,16.145985
2216.0,10.0,20.0,2.0,100.0,26.710228
2217.0,20.0,20.0,2.0,100.0,22.62987
2218.0,40.0,20.0,2.0,100.0,33.69608
2219.0,49.0,20.0,2.0,100.0,25.207724
2220.0,0.0,20.0,2.0,100.0,29.874214
2221.0,0.5,20.0,2.0,100.0,16.673914
2222.0,1.0,20.0,2.0,100.0,23.756578
2223.0,2.0,20.0,2.0,100.0,15.545455
2224.0,3.0,20.0,2.0,100.0,11.96748
2225.0,5.0,20.0,2.0,100.0,13.07971
2226.0,10.0,20.0,2.0,100.0,15.144828
2227.0,20.0,20.0,2.0,100.0,14.259843
2228.0,40.0,20.0,2.0,100.0,29.825893
2229.0,49.0,20.0,2.0,100.0,21.18525
2230.0,0.0,20.0,2.0,100.0,29.503145
2231.0,0.5,20.0,2.0,100.0,29.7125
2232.0,1.0,20.0,2.0,100.0,21.62143
2233.0,2.0,20.0,2.0,100.0,19.021128
2234.0,3.0,20.0,2.0,100.0,16.713116
2235.0,5.0,20.0,2.0,100.0,17.540323
2236.0,10.0,20.0,2.0,100.0,21.506023
2237.0,20.0,20.0,2.0,100.0,13.248227
2238.0,40.0,20.0,2.0,100.0,33.887146
2239.0,49.0,20.0,2.0,100.0,28.925676
2240.0,0.0,20.0,2.0,100.0,28.55414
2241.0,0.5,20.0,2.0,100.0,28.114094
2242.0,1.0,20.0,2.0,100.0,20.087837
2243.0,2.0,20.0,2.0,100.0,21.571428
2244.0,3.0,20.0,2.0,100.0,28.784721
2245.0,5.0,20.0,2.0,100.0,28.628204
2246.0,10.0,20.0,2.0,100.0,24.748386
2247.0,20.0,20.0,2.0,100.0,19.691011
2248.0,40.0,20.0,2.0,100.0,25.825
2249.0,49.0,20.0,2.0,100.0,33.10753
2250.0,0.0,20.0,2.0,100.0,29.234177
2251.0,0.5,20.0,2.0,100.0,44.43158
2252.0,1.0,20.0,2.0,100.0,28.063694
2253.0,2.0,20.0,2.0,100.0,30.530865
2254.0,3.0,20.0,2.0,100.0,9.552631
2255.0,5.0,20.0,2.0,100.0,24.126583
2256.0,10.0,20.0,2.0,100.0,10.757576
2257.0,20.0,20.0,2.0,100.0,19.0
2258.0,40.0,20.0,2.0,100.0,36.333332
2259.0,49.0,20.0,2.0,100.0,30.125736
2260.0,0.0,20.0,2.0,100.0,30.24375
2261.0,0.5,20.0,2.0,100.0,29.490566
2262.0,1.0,20.0,2.0,100.0,28.789808
2263.0,2.0,20.0,2.0,100.0,15.25
2264.0,3.0,20.0,2.0,100.0,14.530769
2265.0,5.0,20.0,2.0,100.0,19.217392
2266.0,10.0,20.0,2.0,100.0,21.125925
2267.0,20.0,20.0,2.0,100.0,35.10326
2268.0,40.0,20.0,2.0,100.0,25.769547
2269.0,49.0,20.0,2.0,100.0,24.423784
2270.0,0.0,20.0,2.0,100.0,28.115385
2271.0,0.5,20.0,2.0,100.0,18.25532
2272.0,1.0,20.0,2.0,100.0,14.408
2273.0,2.0,20.0,2.0,100.0,22.587412
2274.0,3.0,20.0,2.0,100.0,18.328466
2275.0,5.0,20.0,2.0,100.0,10.45
2276.0,10.0,20.0,2.0,100.0,14.993378
2277.0,20.0,20.0,2.0,100.0,20.641378
2278.0,40.0,20.0,2.0,100.0,22.15508
2279.0,49.0,20.0,2.0,100.0,26.904858
2280.0,0.0,20.0,2.0,100.0,30.834356
2281.0,0.5,20.0,2.0,100.0,28.981012
2282.0,1.0,20.0,2.0,100.0,29.075949
2283.0,2.0,20.0,2.0,100.0,15.294574
2284.0,3.0,20.0,2.0,100.0,10.179487
2285.0,5.0,20.0,2.0,100.0,16.349594
2286.0,10.0,20.0,2.0,100.0,17.701986
2287.0,20.0,20.0,2.0,100.0,19.48936
2288.0,40.0,20.0,2.0,100.0,28.87171
2289.0,49.0,20.0,2.0,100.0,38.072613
2290.0,0.0,20.0,2.0,100.0,29.490566
2291.0,0.5,20.0,2.0,100.0,16.62185
2292.0,1.0,20.0,2.0,100.0,23.691177
2293.0,2.0,20.0,2.0,100.0,30.0625
2294.0,3.0,20.0,2.0,100.0,26.615385
2295.0,5.0,20.0,2.0,100.0,17.716814
2296.0,10.0,20.0,2.0,100.0,24.625
2297.0,20.0,20.0,2.0,100.0,21.37037
2298.0,40.0,20.0,2.0,100.0,35.651653
2299.0,49.0,20.0,2.0,100.0,21.803797
2300.0,0.0,20.0,2.0,100.0,29.246836
2301.0,0.5,20.0,2.0,100.0,17.75
2302.0,1.0,20.0,2.0,100.0,26.014185
2303.0,2.0,20.0,2.0,100.0,17.302158
2304.0,3.0,20.0,2.0,100.0,22.34074
2305.0,5.0,20.0,2.0,100.0,11.633588
2306.0,10.0,20.0,2.0,100.0,27.24026
2307.0,20.0,20.0,2.0,100.0,22.388235
2308.0,40.0,20.0,2.0,100.0,30.412651
2309.0,49.0,20.0,2.0,100.0,21.342857
2310.0,0.0,20.0,2.0,100.0,28.55414
2311.0,0.5,20.0,2.0,100.0,17.069231
2312.0,1.0,20.0,2.0,100.0,21.328947
2313.0,2.0,20.0,2.0,100.0,19.80137
2314.0,3.0,20.0,2.0,100.0,22.32624
2315.0,5.0,20.0,2.0,100.0,30.07059
2316.0,10.0,20.0,2.0,100.0,21.847221
2317.0,20.0,20.0,2.0,100.0,23.43125
2318.0,40.0,20.0,2.0,100.0,25.739813
2319.0,49.0,20.0,2.0,100.0,26.64516
2320.0,0.0,20.0,2.0,100.0,29.83125
2321.0,0.5,20.0,2.0,100.0,39.637363
2322.0,1.0,20.0,2.0,100.0,15.076923
2323.0,2.0,20.0,2.0,100.0,29.373417
2324.0,3.0,20.0,2.0,100.0,10.593496
2325.0,5.0,20.0,2.0,100.0,11.66087
2326.0,10.0,20.0,2.0,100.0,41.017143
2327.0,20.0,20.0,2.0,100.0,27.993244
2328.0,40.0,20.0,2.0,100.0,15.691358
2329.0,49.0,20.0,2.0,100.0,33.256798
2330.0,0.0,20.0,2.0,100.0,29.408806
2331.0,0.5,20.0,2.0,100.0,28.943037
2332.0,1.0,20.0,2.0,100.0,29.578617
2333.0,2.0,20.0,2.0,100.0,16.117647
2334.0,3.0,20.0,2.0,100.0,19.760275
2335.0,5.0,20.0,2.0,100.0,14.075188
2336.0,10.0,20.0,2.0,100.0,31.374302
2337.0,20.0,20.0,2.0,100.0,22.73793
2338.0,40.0,20.0,2.0,100.0,22.344538
2339.0,49.0,20.0,2.0,100.0,35.317215
2340.0,0.0,20.0,2.0,100.0,30.335403
2341.0,0.5,20.0,2.0,100.0,33.16265
2342.0,1.0,20.0,2.0,100.0,23.392307
2343.0,2.0,20.0,2.0,100.0,19.810457
2344.0,3.0,20.0,2.0,100.0,16.852942
2345.0,5.0,20.0,2.0,100.0,31.748571
2346.0,10.0,20.0,2.0,100.0,34.005585
2347.0,20.0,20.0,2.0,100.0,21.728323
2348.0,40.0,20.0,2.0,100.0,27.569307
2349.0,49.0,20.0,2.0,100.0,31.566545
2350.0,0.0,20.0,2.0,100.0,29.371069
2351.0,0.5,20.0,2.0,100.0,29.578617
2352.0,1.0,20.0,2.0,100.0,17.892857
2353.0,2.0,20.0,2.0,100.0,25.772413
2354.0,3.0,20.0,2.0,100.0,17.413534
2355.0,5.0,20.0,2.0,100.0,13.155039
2356.0,10.0,20.0,2.0,100.0,20.153847
2357.0,20.0,20.0,2.0,100.0,19.377623
2358.0,40.0,20.0,2.0,100.0,19.051723
2359.0,49.0,20.0,2.0,100.0,23.680092
2360.0,0.0,20.0,2.0,100.0,39.59006
2361.0,0.5,20.0,2.0,100.0,29.36478
2362.0,1.0,20.0,2.0,100.0,43.44865
2363.0,2.0,20.0,2.0,100.0,23.375
2364.0,3.0,20.0,2.0,100.0,14.672269
2365.0,5.0,20.0,2.0,100.0,24.401234
2366.0,10.0,20.0,2.0,100.0,23.173653
2367.0,20.0,20.0,2.0,100.0,35.0289
2368.0,40.0,20.0,2.0,100.0,30.119719
2369.0,49.0,20.0,2.0,100.0,20.920816
2370.0,0.0,20.0,2.0,100.0,28.547771
2371.0,0.5,20.0,2.0,100.0,28.496815
2372.0,1.0,20.0,2.0,100.0,16.244444
2373.0,2.0,20.0,2.0,100.0,28.503355
2374.0,3.0,20.0,2.0,100.0,15.1470585
2375.0,5.0,20.0,2.0,100.0,10.964286
2376.0,10.0,20.0,2.0,100.0,10.637795
2377.0,20.0,20.0,2.0,100.0,29.190475
2378.0,40.0,20.0,2.0,100.0,41.74662
2379.0,49.0,20.0,2.0,100.0,39.020638
2380.0,0.0,20.0,2.0,100.0,28.401274
2381.0,0.5,20.0,2.0,100.0,18.783583
2382.0,1.0,20.0,2.0,100.0,20.97541
2383.0,2.0,20.0,2.0,100.0,15.042373
2384.0,3.0,20.0,2.0,100.0,24.035715
2385.0,5.0,20.0,2.0,100.0,17.054688
2386.0,10.0,20.0,2.0,100.0,16.082706
2387.0,20.0,20.0,2.0,100.0,34.806282
2388.0,40.0,20.0,2.0,100.0,23.263159
2389.0,49.0,20.0,2.0,100.0,22.35082
2390.0,0.0,20.0,2.0,100.0,30.0625
2391.0,0.5,20.0,2.0,100.0,28.980644
2392.0,1.0,20.0,2.0,100.0,19.336065
2393.0,2.0,20.0,2.0,100.0,29.912163
2394.0,3.0,20.0,2.0,100.0,20.058393
2395.0,5.0,20.0,2.0,100.0,25.80368
2396.0,10.0,20.0,2.0,100.0,21.942104
2397.0,20.0,20.0,2.0,100.0,21.20946
2398.0,40.0,20.0,2.0,100.0,24.12844
2399.0,49.0,20.0,2.0,100.0,26.469587
2400.0,0.0,20.0,2.0,100.0,28.91772
2401.0,0.5,20.0,2.0,100.0,14.891473
2402.0,1.0,20.0,2.0,100.0,26.895834
2403.0,2.0,20.0,2.0,100.0,16.30597
2404.0,3.0,20.0,2.0,100.0,17.5
2405.0,5.0,20.0,2.0,100.0,14.525424
2406.0,10.0,20.0,2.0,100.0,11.450381
2407.0,20.0,20.0,2.0,100.0,26.506098
2408.0,40.0,20.0,2.0,100.0,23.274437
2409.0,49.0,20.0,2.0,100.0,18.488976
2410.0,0.0,20.0,2.0,100.0,28.8481
2411.0,0.5,20.0,2.0,100.0,29.71875
2412.0,1.0,20.0,2.0,100.0,28.7707
2413.0,2.0,20.0,2.0,100.0,10.088495
2414.0,3.0,20.0,2.0,100.0,16.474577
2415.0,5.0,20.0,2.0,100.0,12.4
2416.0,10.0,20.0,2.0,100.0,22.865671
2417.0,20.0,20.0,2.0,100.0,11.809524
2418.0,40.0,20.0,2.0,100.0,31.893333
2419.0,49.0,20.0,2.0,100.0,31.207527
2420.0,0.0,20.0,2.0,100.0,28.707006
2421.0,0.5,20.0,2.0,100.0,28.601265
2422.0,1.0,20.0,2.0,100.0,13.991735
2423.0,2.0,20.0,2.0,100.0,9.873015
2424.0,3.0,20.0,2.0,100.0,13.656
2425.0,5.0,20.0,2.0,100.0,15.739726
2426.0,10.0,20.0,2.0,100.0,23.285715
2427.0,20.0,20.0,2.0,100.0,35.384617
2428.0,40.0,20.0,2.0,100.0,22.033333
2429.0,49.0,20.0,2.0,100.0,33.659126
2430.0,0.0,20.0,2.0,100.0,29.89375
2431.0,0.5,20.0,2.0,100.0,29.968554
2432.0,1.0,20.0,2.0,100.0,22.51724
2433.0,2.0,20.0,2.0,100.0,13.868853
2434.0,3.0,20.0,2.0,100.0,12.709678
2435.0,5.0,20.0,2.0,100.0,18.794521
2436.0,10.0,20.0,2.0,100.0,22.561111
2437.0,20.0,20.0,2.0,100.0,23.036364
2438.0,40.0,20.0,2.0,100.0,22.97388
2439.0,49.0,20.0,2.0,100.0,20.297752
2440.0,0.0,20.0,2.0,100.0,29.044304
2441.0,0.5,20.0,2.0,100.0,17.663866
2442.0,1.0,20.0,2.0,100.0,15.656
2443.0,2.0,20.0,2.0,100.0,18.878378
2444.0,3.0,20.0,2.0,100.0,16.317074
2445.0,5.0,20.0,2.0,100.0,21.078571
2446.0,10.0,20.0,2.0,100.0,20.120253
2447.0,20.0,20.0,2.0,100.0,15.518988
2448.0,40.0,20.0,2.0,100.0,19.236364
2449.0,49.0,20.0,2.0,100.0,27.272411
2450.0,0.0,20.0,2.0,100.0,29.84375
2451.0,0.5,20.0,2.0,100.0,29.9875
2452.0,1.0,20.0,2.0,100.0,22.917294
2453.0,2.0,20.0,2.0,100.0,20.143835
2454.0,3.0,20.0,2.0,100.0,20.106558
2455.0,5.0,20.0,2.0,100.0,11.189655
2456.0,10.0,20.0,2.0,100.0,11.070867
2457.0,20.0,20.0,2.0,100.0,20.80137
2458.0,40.0,20.0,2.0,100.0,23.892857
2459.0,49.0,20.0,2.0,100.0,15.386018
2460.0,0.0,20.0,2.0,100.0,45.91905
2461.0,0.5,20.0,2.0,100.0,26.904762
2462.0,1.0,20.0,2.0,100.0,28.670887
2463.0,2.0,20.0,2.0,100.0,27.193333
2464.0,3.0,20.0,2.0,100.0,13.721312
2465.0,5.0,20.0,2.0,100.0,20.826086
2466.0,10.0,20.0,2.0,100.0,11.69697
2467.0,20.0,20.0,2.0,100.0,16.242647
2468.0,40.0,20.0,2.0,100.0,31.123966
2469.0,49.0,20.0,2.0,100.0,28.075
2470.0,0.0,20.0,2.0,100.0,29.327044
2471.0,0.5,20.0,2.0,100.0,29.164557
2472.0,1.0,20.0,2.0,100.0,16.88889
2473.0,2.0,20.0,2.0,100.0,20.467741
2474.0,3.0,20.0,2.0,100.0,21.636986
2475.0,5.0,20.0,2.0,100.0,34.276596
2476.0,10.0,20.0,2.0,100.0,25.70857
2477.0,20.0,20.0,2.0,100.0,36.17588
2478.0,40.0,20.0,2.0,100.0,16.04651
2479.0,49.0,20.0,2.0,100.0,22.752998
2480.0,0.0,20.0,2.0,100.0,44.179348
2481.0,0.5,20.0,2.0,100.0,28.43312
2482.0,1.0,20.0,2.0,100.0,22.674074
2483.0,2.0,20.0,2.0,100.0,30.107784
2484.0,3.0,20.0,2.0,100.0,26.18705
2485.0,5.0,20.0,2.0,100.0,14.622517
2486.0,10.0,20.0,2.0,100.0,10.816
2487.0,20.0,20.0,2.0,100.0,30.384615
2488.0,40.0,20.0,2.0,100.0,28.137932
2489.0,49.0,20.0,2.0,100.0,20.021084
2490.0,0.0,20.0,2.0,100.0,29.283018
2491.0,0.5,20.0,2.0,100.0,28.911392
2492.0,1.0,20.0,2.0,100.0,29.710691
2493.0,2.0,20.0,2.0,100.0,10.939131
2494.0,3.0,20.0,2.0,100.0,22.513334
2495.0,5.0,20.0,2.0,100.0,20.75
2496.0,10.0,20.0,2.0,100.0,17.509933
2497.0,20.0,20.0,2.0,100.0,35.787235
2498.0,40.0,20.0,2.0,100.0,26.608364
2499.0,49.0,20.0,2.0,100.0,18.776197
2500.0,0.0,20.0,2.0,100.0,29.534592
2501.0,0.5,20.0,2.0,100.0,10.471074
2502.0,1.0,20.0,2.0,100.0,22.233082
2503.0,2.0,20.0,2.0,100.0,27.948717
2504.0,3.0,20.0,2.0,100.0,15.338843
2505.0,5.0,20.0,2.0,100.0,13.717742
2506.0,10.0,20.0,2.0,100.0,24.647799
2507.0,20.0,20.0,2.0,100.0,16.829113
2508.0,40.0,20.0,2.0,100.0,24.501976
2509.0,49.0,20.0,2.0,100.0,20.064268
2510.0,0.0,20.0,2.0,100.0,46.436844
2511.0,0.5,20.0,2.0,100.0,19.147541
2512.0,1.0,20.0,2.0,100.0,28.376623
2513.0,2.0,20.0,2.0,100.0,17.486956
2514.0,3.0,20.0,2.0,100.0,12.737705
2515.0,5.0,20.0,2.0,100.0,21.514706
2516.0,10.0,20.0,2.0,100.0,18.0
2517.0,20.0,20.0,2.0,100.0,24.162651
2518.0,40.0,20.0,2.0,100.0,21.209558
2519.0,49.0,20.0,2.0,100.0,14.666141
2520.0,0.0,20.0,2.0,100.0,29.006329
2521.0,0.5,20.0,2.0,100.0,16.13669
2522.0,1.0,20.0,2.0,100.0,16.517986
2523.0,2.0,20.0,2.0,100.0,18.67361
2524.0,3.0,20.0,2.0,100.0,21.621796
2525.0,5.0,20.0,2.0,100.0,13.865079
2526.0,10.0,20.0,2.0,100.0,23.810127
2527.0,20.0,20.0,2.0,100.0,21.940475
2528.0,40.0,20.0,2.0,100.0,23.047619
2529.0,49.0,20.0,2.0,100.0,12.058537
2530.0,0.0,20.0,2.0,100.0,30.00625
2531.0,0.5,20.0,2.0,100.0,15.325397
2532.0,1.0,20.0,2.0,100.0,22.492424
2533.0,2.0,20.0,2.0,100.0,17.504425
2534.0,3.0,20.0,2.0,100.0,11.535088
2535.0,5.0,20.0,2.0,100.0,10.025641
2536.0,10.0,20.0,2.0,100.0,33.81081
2537.0,20.0,20.0,2.0,100.0,41.119793
2538.0,40.0,20.0,2.0,100.0,36.182636
2539.0,49.0,20.0,2.0,100.0,21.435013
2540.0,0.0,20.0,2.0,100.0,29.125786
2541.0,0.5,20.0,2.0,100.0,28.740507
2542.0,1.0,20.0,2.0,100.0,28.522293
2543.0,2.0,20.0,2.0,100.0,13.378151
2544.0,3.0,20.0,2.0,100.0,22.55414
2545.0,5.0,20.0,2.0,100.0,20.601307
2546.0,10.0,20.0,2.0,100.0,11.654136
2547.0,20.0,20.0,2.0,100.0,22.19149
2548.0,40.0,20.0,2.0,100.0,36.6135
2549.0,49.0,20.0,2.0,100.0,33.207546
2550.0,0.0,20.0,2.0,100.0,29.215189
2551.0,0.5,20.0,2.0,100.0,29.220125
2552.0,1.0,20.0,2.0,100.0,17.97826
2553.0,2.0,20.0,2.0,100.0,14.776119
2554.0,3.0,20.0,2.0,100.0,10.737288
2555.0,5.0,20.0,2.0,100.0,17.78808
2556.0,10.0,20.0,2.0,100.0,24.431372
2557.0,20.0,20.0,2.0,100.0,32.203705
2558.0,40.0,20.0,2.0,100.0,25.276922
2559.0,49.0,20.0,2.0,100.0,21.715076
2560.0,0.0,20.0,2.0,100.0,28.352564
2561.0,0.5,20.0,2.0,100.0,24.81884
2562.0,1.0,20.0,2.0,100.0,29.857143
2563.0,2.0,20.0,2.0,100.0,22.928572
2564.0,3.0,20.0,2.0,100.0,13.139131
2565.0,5.0,20.0,2.0,100.0,25.78808
2566.0,10.0,20.0,2.0,100.0,15.546762
2567.0,20.0,20.0,2.0,100.0,23.236486
2568.0,40.0,20.0,2.0,100.0,24.36214
2569.0,49.0,20.0,2.0,100.0,28.316727
2570.0,0.0,20.0,2.0,100.0,30.21118
2571.0,0.5,20.0,2.0,100.0,29.327044
2572.0,1.0,20.0,2.0,100.0,20.908451
2573.0,2.0,20.0,2.0,100.0,12.2015505
2574.0,3.0,20.0,2.0,100.0,17.248175
2575.0,5.0,20.0,2.0,100.0,14.582734
2576.0,10.0,20.0,2.0,100.0,22.641891
2577.0,20.0,20.0,2.0,100.0,22.072222
2578.0,40.0,20.0,2.0,100.0,18.007547
2579.0,49.0,20.0,2.0,100.0,23.0779
2580.0,0.0,20.0,2.0,100.0,28.55414
2581.0,0.5,20.0,2.0,100.0,41.612717
2582.0,1.0,20.0,2.0,100.0,27.47973
2583.0,2.0,20.0,2.0,100.0,31.487654
2584.0,3.0,20.0,2.0,100.0,18.559702
2585.0,5.0,20.0,2.0,100.0,10.08547
2586.0,10.0,20.0,2.0,100.0,16.866198
2587.0,20.0,20.0,2.0,100.0,31.790817
2588.0,40.0,20.0,2.0,100.0,17.09465
2589.0,49.0,20.0,2.0,100.0,24.289398
2590.0,0.0,20.0,2.0,100.0,29.578617
2591.0,0.5,20.0,2.0,100.0,28.981133
2592.0,1.0,20.0,2.0,100.0,29.78125
2593.0,2.0,20.0,2.0,100.0,11.645669
2594.0,3.0,20.0,2.0,100.0,16.133928
2595.0,5.0,20.0,2.0,100.0,11.872881
2596.0,10.0,20.0,2.0,100.0,20.975155
2597.0,20.0,20.0,2.0,100.0,31.245283
2598.0,40.0,20.0,2.0,100.0,25.036497
2599.0,49.0,20.0,2.0,100.0,35.150726
2600.0,0.0,20.0,2.0,100.0,29.710691
2601.0,0.5,20.0,2.0,100.0,33.25714
2602.0,1.0,20.0,2.0,100.0,24.396105
2603.0,2.0,20.0,2.0,100.0,17.603449
2604.0,3.0,20.0,2.0,100.0,10.798245
2605.0,5.0,20.0,2.0,100.0,14.580646
2606.0,10.0,20.0,2.0,100.0,29.841059
2607.0,20.0,20.0,2.0,100.0,23.425926
2608.0,40.0,20.0,2.0,100.0,18.251122
2609.0,49.0,20.0,2.0,100.0,27.697184
2610.0,0.0,20.0,2.0,100.0,29.64151
2611.0,0.5,20.0,2.0,100.0,30.35625
2612.0,1.0,20.0,2.0,100.0,15.396826
2613.0,2.0,20.0,2.0,100.0,15.31746
2614.0,3.0,20.0,2.0,100.0,22.333334
2615.0,5.0,20.0,2.0,100.0,14.722222
2616.0,10.0,20.0,2.0,100.0,32.49711
2617.0,20.0,20.0,2.0,100.0,28.790419
2618.0,40.0,20.0,2.0,100.0,24.159575
2619.0,49.0,20.0,2.0,100.0,23.166187
2620.0,0.0,20.0,2.0,100.0,51.46544
2621.0,0.5,20.0,2.0,100.0,28.949686
2622.0,1.0,20.0,2.0,100.0,14.488372
2623.0,2.0,20.0,2.0,100.0,22.153847
2624.0,3.0,20.0,2.0,100.0,11.748032
2625.0,5.0,20.0,2.0,100.0,23.206106
2626.0,10.0,20.0,2.0,100.0,26.52809
2627.0,20.0,20.0,2.0,100.0,12.6
2628.0,40.0,20.0,2.0,100.0,26.079773
2629.0,49.0,20.0,2.0,100.0,46.731316
2630.0,0.0,20.0,2.0,100.0,28.8481
2631.0,0.5,20.0,2.0,100.0,24.449276
2632.0,1.0,20.0,2.0,100.0,29.398735
2633.0,2.0,20.0,2.0,100.0,16.205883
2634.0,3.0,20.0,2.0,100.0,13.127119
2635.0,5.0,20.0,2.0,100.0,18.300753
2636.0,10.0,20.0,2.0,100.0,28.296297
2637.0,20.0,20.0,2.0,100.0,18.60145
2638.0,40.0,20.0,2.0,100.0,32.61776
2639.0,49.0,20.0,2.0,100.0,14.716248
2640.0,0.0,20.0,2.0,100.0,29.679245
2641.0,0.5,20.0,2.0,100.0,18.158333
2642.0,1.0,20.0,2.0,100.0,30.30625
2643.0,2.0,20.0,2.0,100.0,18.175182
2644.0,3.0,20.0,2.0,100.0,16.837036
2645.0,5.0,20.0,2.0,100.0,24.364706
2646.0,10.0,20.0,2.0,100.0,12.192593
2647.0,20.0,20.0,2.0,100.0,15.131035
2648.0,40.0,20.0,2.0,100.0,36.876545
2649.0,49.0,20.0,2.0,100.0,29.23601
2650.0,0.0,20.0,2.0,100.0,29.704403
2651.0,0.5,20.0,2.0,100.0,29.297468
2652.0,1.0,20.0,2.0,100.0,11.57265
2653.0,2.0,20.0,2.0,100.0,38.086956
2654.0,3.0,20.0,2.0,100.0,17.24627
2655.0,5.0,20.0,2.0,100.0,15.25
2656.0,10.0,20.0,2.0,100.0,25.097902
2657.0,20.0,20.0,2.0,100.0,17.617022
2658.0,40.0,20.0,2.0,100.0,19.413794
2659.0,49.0,20.0,2.0,100.0,60.394985
2660.0,0.0,20.0,2.0,100.0,29.98125
2661.0,0.5,20.0,2.0,100.0,29.213837
2662.0,1.0,20.0,2.0,100.0,22.506756
2663.0,2.0,20.0,2.0,100.0,15.211864
2664.0,3.0,20.0,2.0,100.0,16.085714
2665.0,5.0,20.0,2.0,100.0,18.260275
2666.0,10.0,20.0,2.0,100.0,21.030304
2667.0,20.0,20.0,2.0,100.0,19.546583
2668.0,40.0,20.0,2.0,100.0,22.435045
2669.0,49.0,20.0,2.0,100.0,24.386065
2670.0,0.0,20.0,2.0,100.0,29.79375
2671.0,0.5,20.0,2.0,100.0,26.931507
2672.0,1.0,20.0,2.0,100.0,27.8
2673.0,2.0,20.0,2.0,100.0,27.748344
2674.0,3.0,20.0,2.0,100.0,14.412699
2675.0,5.0,20.0,2.0,100.0,21.385185
2676.0,10.0,20.0,2.0,100.0,20.756098
2677.0,20.0,20.0,2.0,100.0,19.280254
2678.0,40.0,20.0,2.0,100.0,28.841583
2679.0,49.0,20.0,2.0,100.0,21.560879
2680.0,0.0,20.0,2.0,100.0,28.184713
2681.0,0.5,20.0,2.0,100.0,19.10084
2682.0,1.0,20.0,2.0,100.0,50.57488
2683.0,2.0,20.0,2.0,100.0,15.637096
2684.0,3.0,20.0,2.0,100.0,19.565517
2685.0,5.0,20.0,2.0,100.0,14.2764225
2686.0,10.0,20.0,2.0,100.0,17.142857
2687.0,20.0,20.0,2.0,100.0,51.468166
2688.0,40.0,20.0,2.0,100.0,28.239235
2689.0,49.0,20.0,2.0,100.0,23.539484
2690.0,0.0,20.0,2.0,100.0,49.665115
2691.0,0.5,20.0,2.0,100.0,21.267717
2692.0,1.0,20.0,2.0,100.0,29.825
2693.0,2.0,20.0,2.0,100.0,17.931034
2694.0,3.0,20.0,2.0,100.0,11.322034
2695.0,5.0,20.0,2.0,100.0,12.094488
2696.0,10.0,20.0,2.0,100.0,24.896175
2697.0,20.0,20.0,2.0,100.0,25.52174
2698.0,40.0,20.0,2.0,100.0,35.440742
2699.0,49.0,20.0,2.0,100.0,19.113745
2700.0,0.0,20.0,2.0,100.0,29.352201
2701.0,0.5,20.0,2.0,100.0,20.787401
2702.0,1.0,20.0,2.0,100.0,19.798388
2703.0,2.0,20.0,2.0,100.0,12.674242
2704.0,3.0,20.0,2.0,100.0,17.565517
2705.0,5.0,20.0,2.0,100.0,28.233334
2706.0,10.0,20.0,2.0,100.0,18.128204
2707.0,20.0,20.0,2.0,100.0,18.739437
2708.0,40.0,20.0,2.0,100.0,22.533981
2709.0,49.0,20.0,2.0,100.0,36.23383
2710.0,0.0,20.0,2.0,100.0,29.050632
2711.0,0.5,20.0,2.0,100.0,16.496063
2712.0,1.0,20.0,2.0,100.0,25.028986
2713.0,2.0,20.0,2.0,100.0,15.459017
2714.0,3.0,20.0,2.0,100.0,24.758865
2715.0,5.0,20.0,2.0,100.0,20.668875
2716.0,10.0,20.0,2.0,100.0,11.458333
2717.0,20.0,20.0,2.0,100.0,29.811518
2718.0,40.0,20.0,2.0,100.0,23.23166
2719.0,49.0,20.0,2.0,100.0,32.517998
2720.0,0.0,20.0,2.0,100.0,28.751593
2721.0,0.5,20.0,2.0,100.0,15.0078745
2722.0,1.0,20.0,2.0,100.0,26.772413
2723.0,2.0,20.0,2.0,100.0,10.886179
2724.0,3.0,20.0,2.0,100.0,13.633928
2725.0,5.0,20.0,2.0,100.0,18.064749
2726.0,10.0,20.0,2.0,100.0,16.101562
2727.0,20.0,20.0,2.0,100.0,28.53409
2728.0,40.0,20.0,2.0,100.0,31.241379
2729.0,49.0,20.0,2.0,100.0,24.349298
2730.0,0.0,20.0,2.0,100.0,29.477987
2731.0,0.5,20.0,2.0,100.0,29.402515
2732.0,1.0,20.0,2.0,100.0,39.1497
2733.0,2.0,20.0,2.0,100.0,23.370861
2734.0,3.0,20.0,2.0,100.0,24.074627
2735.0,5.0,20.0,2.0,100.0,21.597221
2736.0,10.0,20.0,2.0,100.0,25.076923
2737.0,20.0,20.0,2.0,100.0,23.715189
2738.0,40.0,20.0,2.0,100.0,29.932203
2739.0,49.0,20.0,2.0,100.0,18.7938
2740.0,0.0,20.0,2.0,100.0,29.91195
2741.0,0.5,20.0,2.0,100.0,29.8125
2742.0,1.0,20.0,2.0,100.0,27.986666
2743.0,2.0,20.0,2.0,100.0,14.467742
2744.0,3.0,20.0,2.0,100.0,17.189394
2745.0,5.0,20.0,2.0,100.0,14.601626
2746.0,10.0,20.0,2.0,100.0,17.614864
2747.0,20.0,20.0,2.0,100.0,25.11875
2748.0,40.0,20.0,2.0,100.0,30.219513
2749.0,49.0,20.0,2.0,100.0,36.6
2750.0,0.0,20.0,2.0,100.0,30.19375
2751.0,0.5,20.0,2.0,100.0,27.871796
2752.0,1.0,20.0,2.0,100.0,25.198675
2753.0,2.0,20.0,2.0,100.0,15.75
2754.0,3.0,20.0,2.0,100.0,20.129496
2755.0,5.0,20.0,2.0,100.0,13.131783
2756.0,10.0,20.0,2.0,100.0,14.280576
2757.0,20.0,20.0,2.0,100.0,18.865854
2758.0,40.0,20.0,2.0,100.0,30.079166
2759.0,49.0,20.0,2.0,100.0,34.82674
2760.0,0.0,20.0,2.0,100.0,29.522013
2761.0,0.5,20.0,2.0,100.0,29.9625
2762.0,1.0,20.0,2.0,100.0,26.18543
2763.0,2.0,20.0,2.0,100.0,24.141176
2764.0,3.0,20.0,2.0,100.0,22.374102
2765.0,5.0,20.0,2.0,100.0,18.492958
2766.0,10.0,20.0,2.0,100.0,31.245161
2767.0,20.0,20.0,2.0,100.0,20.374193
2768.0,40.0,20.0,2.0,100.0,20.253845
2769.0,49.0,20.0,2.0,100.0,31.890625
2770.0,0.0,20.0,2.0,100.0,28.993671
2771.0,0.5,20.0,2.0,100.0,29.135485
2772.0,1.0,20.0,2.0,100.0,12.606558
2773.0,2.0,20.0,2.0,100.0,18.8
2774.0,3.0,20.0,2.0,100.0,16.331034
2775.0,5.0,20.0,2.0,100.0,17.367348
2776.0,10.0,20.0,2.0,100.0,9.773109
2777.0,20.0,20.0,2.0,100.0,16.754839
2778.0,40.0,20.0,2.0,100.0,21.475155
2779.0,49.0,20.0,2.0,100.0,22.894737
2780.0,0.0,20.0,2.0,100.0,29.85625
2781.0,0.5,20.0,2.0,100.0,28.490446
2782.0,1.0,20.0,2.0,100.0,13.963235
2783.0,2.0,20.0,2.0,100.0,20.796993
2784.0,3.0,20.0,2.0,100.0,17.289062
2785.0,5.0,20.0,2.0,100.0,15.991667
2786.0,10.0,20.0,2.0,100.0,23.393549
2787.0,20.0,20.0,2.0,100.0,24.93125
2788.0,40.0,20.0,2.0,100.0,44.55873
2789.0,49.0,20.0,2.0,100.0,12.343396
2790.0,0.0,20.0,2.0,100.0,30.820896
2791.0,0.5,20.0,2.0,100.0,15.8970585
2792.0,1.0,20.0,2.0,100.0,22.39516
2793.0,2.0,20.0,2.0,100.0,28.2
2794.0,3.0,20.0,2.0,100.0,12.791667
2795.0,5.0,20.0,2.0,100.0,16.008265
2796.0,10.0,20.0,2.0,100.0,12.475806
2797.0,20.0,20.0,2.0,100.0,30.603659
2798.0,40.0,20.0,2.0,100.0,24.912226
2799.0,49.0,20.0,2.0,100.0,20.507664
2800.0,0.0,20.0,2.0,100.0,30.0875
2801.0,0.5,20.0,2.0,100.0,18.443663
2802.0,1.0,20.0,2.0,100.0,18.549181
2803.0,2.0,20.0,2.0,100.0,37.122993
2804.0,3.0,20.0,2.0,100.0,14.641026
2805.0,5.0,20.0,2.0,100.0,14.644444
2806.0,10.0,20.0,2.0,100.0,21.872341
2807.0,20.0,20.0,2.0,100.0,19.881657
2808.0,40.0,20.0,2.0,100.0,27.17442
2809.0,49.0,20.0,2.0,100.0,24.16895
2810.0,0.0,20.0,2.0,100.0,29.308176
2811.0,0.5,20.0,2.0,100.0,15.788618
2812.0,1.0,20.0,2.0,100.0,27.367348
2813.0,2.0,20.0,2.0,100.0,16.5
2814.0,3.0,20.0,2.0,100.0,12.570248
2815.0,5.0,20.0,2.0,100.0,16.021276
2816.0,10.0,20.0,2.0,100.0,17.910345
2817.0,20.0,20.0,2.0,100.0,20.80392
2818.0,40.0,20.0,2.0,100.0,25.288288
2819.0,49.0,20.0,2.0,100.0,31.466
2820.0,0.0,20.0,2.0,100.0,28.810127
2821.0,0.5,20.0,2.0,100.0,28.477707
2822.0,1.0,20.0,2.0,100.0,18.280993
2823.0,2.0,20.0,2.0,100.0,16.222221
2824.0,3.0,20.0,2.0,100.0,17.837036
2825.0,5.0,20.0,2.0,100.0,14.437956
2826.0,10.0,20.0,2.0,100.0,13.322034
2827.0,20.0,20.0,2.0,100.0,10.923664
2828.0,40.0,20.0,2.0,100.0,21.880733
2829.0,49.0,20.0,2.0,100.0,35.69101
2830.0,0.0,20.0,2.0,100.0,29.018988
2831.0,0.5,20.0,2.0,100.0,22.5
2832.0,1.0,20.0,2.0,100.0,16.438597
2833.0,2.0,20.0,2.0,100.0,24.542484
2834.0,3.0,20.0,2.0,100.0,15.903704
2835.0,5.0,20.0,2.0,100.0,13.932773
2836.0,10.0,20.0,2.0,100.0,14.984615
2837.0,20.0,20.0,2.0,100.0,22.339394
2838.0,40.0,20.0,2.0,100.0,26.307692
2839.0,49.0,20.0,2.0,100.0,20.998795
2840.0,0.0,20.0,2.0,100.0,29.006289
2841.0,0.5,20.0,2.0,100.0,28.79114
2842.0,1.0,20.0,2.0,100.0,28.624205
2843.0,2.0,20.0,2.0,100.0,29.01266
2844.0,3.0,20.0,2.0,100.0,14.948529
2845.0,5.0,20.0,2.0,100.0,9.643478
2846.0,10.0,20.0,2.0,100.0,13.723881
2847.0,20.0,20.0,2.0,100.0,26.928177
2848.0,40.0,20.0,2.0,100.0,20.397196
2849.0,49.0,20.0,2.0,100.0,24.378613
2850.0,0.0,20.0,2.0,100.0,28.388535
2851.0,0.5,20.0,2.0,100.0,22.393333
2852.0,1.0,20.0,2.0,100.0,27.51266
2853.0,2.0,20.0,2.0,100.0,35.39216
2854.0,3.0,20.0,2.0,100.0,18.51111
2855.0,5.0,20.0,2.0,100.0,32.059525
2856.0,10.0,20.0,2.0,100.0,14.798508
2857.0,20.0,20.0,2.0,100.0,20.27742
2858.0,40.0,20.0,2.0,100.0,21.182648
2859.0,49.0,20.0,2.0,100.0,26.855433
2860.0,0.0,20.0,2.0,100.0,29.408806
2861.0,0.5,20.0,2.0,100.0,29.647799
2862.0,1.0,20.0,2.0,100.0,28.350319
2863.0,2.0,20.0,2.0,100.0,15.185185
2864.0,3.0,20.0,2.0,100.0,14.683761
2865.0,5.0,20.0,2.0,100.0,20.593496
2866.0,10.0,20.0,2.0,100.0,22.42361
2867.0,20.0,20.0,2.0,100.0,27.966103
2868.0,40.0,20.0,2.0,100.0,24.619469
2869.0,49.0,20.0,2.0,100.0,27.348179
2870.0,0.0,20.0,2.0,100.0,29.83125
2871.0,0.5,20.0,2.0,100.0,21.640625
2872.0,1.0,20.0,2.0,100.0,15.470085
2873.0,2.0,20.0,2.0,100.0,24.5
2874.0,3.0,20.0,2.0,100.0,15.581197
2875.0,5.0,20.0,2.0,100.0,12.2421875
2876.0,10.0,20.0,2.0,100.0,17.484615
2877.0,20.0,20.0,2.0,100.0,24.206703
2878.0,40.0,20.0,2.0,100.0,23.27876
2879.0,49.0,20.0,2.0,100.0,25.584396
2880.0,0.0,20.0,2.0,100.0,29.207546
2881.0,0.5,20.0,2.0,100.0,28.420382
2882.0,1.0,20.0,2.0,100.0,24.183823
2883.0,2.0,20.0,2.0,100.0,15.8785715
2884.0,3.0,20.0,2.0,100.0,11.508928
2885.0,5.0,20.0,2.0,100.0,12.021898
2886.0,10.0,20.0,2.0,100.0,13.3671875
2887.0,20.0,20.0,2.0,100.0,19.642384
2888.0,40.0,20.0,2.0,100.0,24.827892
2889.0,49.0,20.0,2.0,100.0,24.334532
2890.0,0.0,20.0,2.0,100.0,29.196203
2891.0,0.5,20.0,2.0,100.0,18.719007
2892.0,1.0,20.0,2.0,100.0,18.710144
2893.0,2.0,20.0,2.0,100.0,25.276596
2894.0,3.0,20.0,2.0,100.0,10.114754
2895.0,5.0,20.0,2.0,100.0,21.380367
2896.0,10.0,20.0,2.0,100.0,27.56322
2897.0,20.0,20.0,2.0,100.0,21.26708
2898.0,40.0,20.0,2.0,100.0,22.213636
2899.0,49.0,20.0,2.0,100.0,21.899117
2900.0,0.0,20.0,2.0,100.0,30.10625
2901.0,0.5,20.0,2.0,100.0,29.335443
2902.0,1.0,20.0,2.0,100.0,24.714285
2903.0,2.0,20.0,2.0,100.0,22.85625
2904.0,3.0,20.0,2.0,100.0,24.293234
2905.0,5.0,20.0,2.0,100.0,29.612904
2906.0,10.0,20.0,2.0,100.0,23.970371
2907.0,20.0,20.0,2.0,100.0,24.524137
2908.0,40.0,20.0,2.0,100.0,18.722973
2909.0,49.0,20.0,2.0,100.0,18.881422
2910.0,0.0,20.0,2.0,100.0,29.62264
2911.0,0.5,20.0,2.0,100.0,16.847328
2912.0,1.0,20.0,2.0,100.0,14.349206
2913.0,2.0,20.0,2.0,100.0,20.08904
2914.0,3.0,20.0,2.0,100.0,18.0
2915.0,5.0,20.0,2.0,100.0,16.139345
2916.0,10.0,20.0,2.0,100.0,20.40411
2917.0,20.0,20.0,2.0,100.0,29.74719
2918.0,40.0,20.0,2.0,100.0,21.643835
2919.0,49.0,20.0,2.0,100.0,18.659985
2920.0,0.0,20.0,2.0,100.0,29.421383
2921.0,0.5,20.0,2.0,100.0,28.613924
2922.0,1.0,20.0,2.0,100.0,29.295597
2923.0,2.0,20.0,2.0,100.0,9.887931
2924.0,3.0,20.0,2.0,100.0,18.430656
2925.0,5.0,20.0,2.0,100.0,14.008547
2926.0,10.0,20.0,2.0,100.0,26.15
2927.0,20.0,20.0,2.0,100.0,21.503355
2928.0,40.0,20.0,2.0,100.0,29.80858
2929.0,49.0,20.0,2.0,100.0,39.71629
2930.0,0.0,20.0,2.0,100.0,28.936708
2931.0,0.5,20.0,2.0,100.0,27.871796
2932.0,1.0,20.0,2.0,100.0,29.272152
2933.0,2.0,20.0,2.0,100.0,15.621212
2934.0,3.0,20.0,2.0,100.0,25.216217
2935.0,5.0,20.0,2.0,100.0,14.149123
2936.0,10.0,20.0,2.0,100.0,22.896774
2937.0,20.0,20.0,2.0,100.0,24.674286
2938.0,40.0,20.0,2.0,100.0,27.657806
2939.0,49.0,20.0,2.0,100.0,26.431065
2940.0,0.0,20.0,2.0,100.0,29.88125
2941.0,0.5,20.0,2.0,100.0,28.738853
2942.0,1.0,20.0,2.0,100.0,13.95935
2943.0,2.0,20.0,2.0,100.0,13.07874
2944.0,3.0,20.0,2.0,100.0,20.954248
2945.0,5.0,20.0,2.0,100.0,15.724638
2946.0,10.0,20.0,2.0,100.0,18.04861
2947.0,20.0,20.0,2.0,100.0,27.982557
2948.0,40.0,20.0,2.0,100.0,24.212418
2949.0,49.0,20.0,2.0,100.0,24.630543
2950.0,0.0,20.0,2.0,100.0,29.0
2951.0,0.5,20.0,2.0,100.0,28.89172
2952.0,1.0,20.0,2.0,100.0,28.598726
2953.0,2.0,20.0,2.0,100.0,30.486187
2954.0,3.0,20.0,2.0,100.0,14.964912
2955.0,5.0,20.0,2.0,100.0,15.109589
2956.0,10.0,20.0,2.0,100.0,29.043243
2957.0,20.0,20.0,2.0,100.0,23.369864
2958.0,40.0,20.0,2.0,100.0,37.60339
2959.0,49.0,20.0,2.0,100.0,22.407408
2960.0,0.0,20.0,2.0,100.0,37.231213
2961.0,0.5,20.0,2.0,100.0,29.6
2962.0,1.0,20.0,2.0,100.0,24.948906
2963.0,2.0,20.0,2.0,100.0,11.169354
2964.0,3.0,20.0,2.0,100.0,15.243421
2965.0,5.0,20.0,2.0,100.0,26.72258
2966.0,10.0,20.0,2.0,100.0,19.038216
2967.0,20.0,20.0,2.0,100.0,20.981367
2968.0,40.0,20.0,2.0,100.0,24.861189
2969.0,49.0,20.0,2.0,100.0,27.971699
2970.0,0.0,20.0,2.0,100.0,30.279503
2971.0,0.5,20.0,2.0,100.0,29.159235
2972.0,1.0,20.0,2.0,100.0,27.04138
2973.0,2.0,20.0,2.0,100.0,14.984375
2974.0,3.0,20.0,2.0,100.0,13.540322
2975.0,5.0,20.0,2.0,100.0,22.335665
2976.0,10.0,20.0,2.0,100.0,14.035461
2977.0,20.0,20.0,2.0,100.0,22.437838
2978.0,40.0,20.0,2.0,100.0,30.955782
2979.0,49.0,20.0,2.0,100.0,24.064993
2980.0,0.0,20.0,2.0,100.0,29.050632
2981.0,0.5,20.0,2.0,100.0,28.993711
2982.0,1.0,20.0,2.0,100.0,28.821655
2983.0,2.0,20.0,2.0,100.0,14.439394
2984.0,3.0,20.0,2.0,100.0,10.17094
2985.0,5.0,20.0,2.0,100.0,19.523077
2986.0,10.0,20.0,2.0,100.0,24.151516
2987.0,20.0,20.0,2.0,100.0,16.96
2988.0,40.0,20.0,2.0,100.0,30.129278
2989.0,49.0,20.0,2.0,100.0,24.425
2990.0,0.0,20.0,2.0,100.0,28.280254
2991.0,0.5,20.0,2.0,100.0,30.440994
2992.0,1.0,20.0,2.0,100.0,16.65625
2993.0,2.0,20.0,2.0,100.0,13.590909
2994.0,3.0,20.0,2.0,100.0,18.0922
2995.0,5.0,20.0,2.0,100.0,10.672132
2996.0,10.0,20.0,2.0,100.0,11.552238
2997.0,20.0,20.0,2.0,100.0,18.917809
2998.0,40.0,20.0,2.0,100.0,19.324175
2999.0,49.0,20.0,2.0,100.0,21.250664
3000.0,0.0,20.0,2.0,100.0,33.1118
3001.0,0.5,20.0,2.0,100.0,29.8875
3002.0,1.0,20.0,2.0,100.0,16.205128
3003.0,2.0,20.0,2.0,100.0,20.64516
3004.0,3.0,20.0,2.0,100.0,22.11628
3005.0,5.0,20.0,2.0,100.0,11.0245905
3006.0,10.0,20.0,2.0,100.0,32.77778
3007.0,20.0,20.0,2.0,100.0,14.066176
3008.0,40.0,20.0,2.0,100.0,32.69039
3009.0,49.0,20.0,2.0,100.0,20.205507
3010.0,0.0,20.0,2.0,100.0,30.2125
3011.0,0.5,20.0,2.0,100.0,29.584906
3012.0,1.0,20.0,2.0,100.0,43.33173
3013.0,2.0,20.0,2.0,100.0,28.834394
3014.0,3.0,20.0,2.0,100.0,15.347826
3015.0,5.0,20.0,2.0,100.0,9.408695
3016.0,10.0,20.0,2.0,100.0,11.833333
3017.0,20.0,20.0,2.0,100.0,25.281609
3018.0,40.0,20.0,2.0,100.0,24.903324
3019.0,49.0,20.0,2.0,100.0,23.316109
3020.0,0.0,20.0,2.0,100.0,30.111801
3021.0,0.5,20.0,2.0,100.0,46.19457
3022.0,1.0,20.0,2.0,100.0,18.694216
3023.0,2.0,20.0,2.0,100.0,12.91453
3024.0,3.0,20.0,2.0,100.0,15.465649
3025.0,5.0,20.0,2.0,100.0,25.34503
3026.0,10.0,20.0,2.0,100.0,18.64539
3027.0,20.0,20.0,2.0,100.0,30.71892
3028.0,40.0,20.0,2.0,100.0,26.686993
3029.0,49.0,20.0,2.0,100.0,21.167315
3030.0,0.0,20.0,2.0,100.0,29.597485
3031.0,0.5,20.0,2.0,100.0,29.107595
3032.0,1.0,20.0,2.0,100.0,29.145569
3033.0,2.0,20.0,2.0,100.0,12.192307
3034.0,3.0,20.0,2.0,100.0,12.905512
3035.0,5.0,20.0,2.0,100.0,11.147286
3036.0,10.0,20.0,2.0,100.0,20.564627
3037.0,20.0,20.0,2.0,100.0,21.773333
3038.0,40.0,20.0,2.0,100.0,25.143312
3039.0,49.0,20.0,2.0,100.0,39.70551
3040.0,0.0,20.0,2.0,100.0,29.1761
3041.0,0.5,20.0,2.0,100.0,27.948717
3042.0,1.0,20.0,2.0,100.0,19.715446
3043.0,2.0,20.0,2.0,100.0,9.939131
3044.0,3.0,20.0,2.0,100.0,19.155737
3045.0,5.0,20.0,2.0,100.0,16.359156
3046.0,10.0,20.0,2.0,100.0,18.174698
3047.0,20.0,20.0,2.0,100.0,26.855263
3048.0,40.0,20.0,2.0,100.0,33.74161
3049.0,49.0,20.0,2.0,100.0,21.814255
3050.0,0.0,20.0,2.0,100.0,29.044304
3051.0,0.5,20.0,2.0,100.0,19.491804
3052.0,1.0,20.0,2.0,100.0,17.368055
3053.0,2.0,20.0,2.0,100.0,18.302158
3054.0,3.0,20.0,2.0,100.0,24.376812
3055.0,5.0,20.0,2.0,100.0,24.143835
3056.0,10.0,20.0,2.0,100.0,11.261905
3057.0,20.0,20.0,2.0,100.0,23.8
3058.0,40.0,20.0,2.0,100.0,69.414894
3059.0,49.0,20.0,2.0,100.0,22.217163
3060.0,0.0,20.0,2.0,100.0,29.75625
3061.0,0.5,20.0,2.0,100.0,29.303797
3062.0,1.0,20.0,2.0,100.0,18.408451
3063.0,2.0,20.0,2.0,100.0,15.376068
3064.0,3.0,20.0,2.0,100.0,20.321167
3065.0,5.0,20.0,2.0,100.0,11.541667
3066.0,10.0,20.0,2.0,100.0,20.40964
3067.0,20.0,20.0,2.0,100.0,13.044776
3068.0,40.0,20.0,2.0,100.0,37.569855
3069.0,49.0,20.0,2.0,100.0,29.287233
3070.0,0.0,20.0,2.0,100.0,29.528301
3071.0,0.5,20.0,2.0,100.0,43.60215
3072.0,1.0,20.0,2.0,100.0,28.358974
3073.0,2.0,20.0,2.0,100.0,15.883333
3074.0,3.0,20.0,2.0,100.0,19.149254
3075.0,5.0,20.0,2.0,100.0,26.12069
3076.0,10.0,20.0,2.0,100.0,20.13125
3077.0,20.0,20.0,2.0,100.0,16.34965
3078.0,40.0,20.0,2.0,100.0,42.3489
3079.0,49.0,20.0,2.0,100.0,22.40869
3080.0,0.0,20.0,2.0,100.0,29.27848
3081.0,0.5,20.0,2.0,100.0,14.699187
3082.0,1.0,20.0,2.0,100.0,16.445255
3083.0,2.0,20.0,2.0,100.0,23.217876
3084.0,3.0,20.0,2.0,100.0,27.81295
3085.0,5.0,20.0,2.0,100.0,20.428572
3086.0,10.0,20.0,2.0,100.0,13.315789
3087.0,20.0,20.0,2.0,100.0,21.11976
3088.0,40.0,20.0,2.0,100.0,26.848215
3089.0,49.0,20.0,2.0,100.0,25.265337
3090.0,0.0,20.0,2.0,100.0,36.19786
3091.0,0.5,20.0,2.0,100.0,27.598639
3092.0,1.0,20.0,2.0,100.0,19.118055
3093.0,2.0,20.0,2.0,100.0,11.907563
3094.0,3.0,20.0,2.0,100.0,26.379747
3095.0,5.0,20.0,2.0,100.0,12.823009
3096.0,10.0,20.0,2.0,100.0,30.2994
3097.0,20.0,20.0,2.0,100.0,45.164837
3098.0,40.0,20.0,2.0,100.0,38.6339
3099.0,49.0,20.0,2.0,100.0,27.402027
3100.0,0.0,20.0,2.0,100.0,28.683544
3101.0,0.5,20.0,2.0,100.0,20.409721
3102.0,1.0,20.0,2.0,100.0,17.878262
3103.0,2.0,20.0,2.0,100.0,12.203252
3104.0,3.0,20.0,2.0,100.0,16.74436
3105.0,5.0,20.0,2.0,100.0,11.90625
3106.0,10.0,20.0,2.0,100.0,15.068966
3107.0,20.0,20.0,2.0,100.0,30.303867
3108.0,40.0,20.0,2.0,100.0,20.073015
3109.0,49.0,20.0,2.0,100.0,21.949112
3110.0,0.0,20.0,2.0,100.0,43.848038
3111.0,0.5,20.0,2.0,100.0,20.88889
3112.0,1.0,20.0,2.0,100.0,15.488549
3113.0,2.0,20.0,2.0,100.0,15.2764225
3114.0,3.0,20.0,2.0,100.0,12.273504
3115.0,5.0,20.0,2.0,100.0,24.856209
3116.0,10.0,20.0,2.0,100.0,35.854652
3117.0,20.0,20.0,2.0,100.0,27.307692
3118.0,40.0,20.0,2.0,100.0,26.76506
3119.0,49.0,20.0,2.0,100.0,10.610703
3120.0,0.0,20.0,2.0,100.0,29.415094
3121.0,0.5,20.0,2.0,100.0,15.816667
3122.0,1.0,20.0,2.0,100.0,24.72388
3123.0,2.0,20.0,2.0,100.0,12.336283
3124.0,3.0,20.0,2.0,100.0,24.607843
3125.0,5.0,20.0,2.0,100.0,15.193798
3126.0,10.0,20.0,2.0,100.0,10.322314
3127.0,20.0,20.0,2.0,100.0,14.509554
3128.0,40.0,20.0,2.0,100.0,27.098976
3129.0,49.0,20.0,2.0,100.0,17.468618
3130.0,0.0,20.0,2.0,100.0,29.616352
3131.0,0.5,20.0,2.0,100.0,28.630573
3132.0,1.0,20.0,2.0,100.0,12.266666
3133.0,2.0,20.0,2.0,100.0,19.489208
3134.0,3.0,20.0,2.0,100.0,24.28221
3135.0,5.0,20.0,2.0,100.0,16.862595
3136.0,10.0,20.0,2.0,100.0,20.601503
3137.0,20.0,20.0,2.0,100.0,17.447552
3138.0,40.0,20.0,2.0,100.0,26.082523
3139.0,49.0,20.0,2.0,100.0,31.722351
3140.0,0.0,20.0,2.0,100.0,29.94375
3141.0,0.5,20.0,2.0,100.0,29.95625
3142.0,1.0,20.0,2.0,100.0,33.62424
3143.0,2.0,20.0,2.0,100.0,15.747826
3144.0,3.0,20.0,2.0,100.0,29.429487
3145.0,5.0,20.0,2.0,100.0,29.232557
3146.0,10.0,20.0,2.0,100.0,25.1519
3147.0,20.0,20.0,2.0,100.0,29.716578
3148.0,40.0,20.0,2.0,100.0,38.061348
3149.0,49.0,20.0,2.0,100.0,19.71497
3150.0,0.0,20.0,2.0,100.0,29.603773
3151.0,0.5,20.0,2.0,100.0,28.147436
3152.0,1.0,20.0,2.0,100.0,22.081081
3153.0,2.0,20.0,2.0,100.0,21.83846
3154.0,3.0,20.0,2.0,100.0,14.327731
3155.0,5.0,20.0,2.0,100.0,19.176056
3156.0,10.0,20.0,2.0,100.0,10.7578125
3157.0,20.0,20.0,2.0,100.0,23.968554
3158.0,40.0,20.0,2.0,100.0,19.40367
3159.0,49.0,20.0,2.0,100.0,20.27459
3160.0,0.0,20.0,2.0,100.0,28.886076
3161.0,0.5,20.0,2.0,100.0,28.624205
3162.0,1.0,20.0,2.0,100.0,14.51938
3163.0,2.0,20.0,2.0,100.0,20.150793
3164.0,3.0,20.0,2.0,100.0,20.654089
3165.0,5.0,20.0,2.0,100.0,10.871795
3166.0,10.0,20.0,2.0,100.0,27.965319
3167.0,20.0,20.0,2.0,100.0,35.86911
3168.0,40.0,20.0,2.0,100.0,21.99435
3169.0,49.0,20.0,2.0,100.0,27.523165
3170.0,0.0,20.0,2.0,100.0,29.798742
3171.0,0.5,20.0,2.0,100.0,29.654089
3172.0,1.0,20.0,2.0,100.0,14.530303
3173.0,2.0,20.0,2.0,100.0,24.651852
3174.0,3.0,20.0,2.0,100.0,12.690476
3175.0,5.0,20.0,2.0,100.0,19.138212
3176.0,10.0,20.0,2.0,100.0,14.285714
3177.0,20.0,20.0,2.0,100.0,22.1
3178.0,40.0,20.0,2.0,100.0,25.337048
3179.0,49.0,20.0,2.0,100.0,20.3584
3180.0,0.0,20.0,2.0,100.0,29.786163
3181.0,0.5,20.0,2.0,100.0,21.68217
3182.0,1.0,20.0,2.0,100.0,19.350746
3183.0,2.0,20.0,2.0,100.0,10.071428
3184.0,3.0,20.0,2.0,100.0,34.95055
3185.0,5.0,20.0,2.0,100.0,11.118644
3186.0,10.0,20.0,2.0,100.0,18.41844
3187.0,20.0,20.0,2.0,100.0,23.160715
3188.0,40.0,20.0,2.0,100.0,26.304636
3189.0,49.0,20.0,2.0,100.0,40.072594
3190.0,0.0,20.0,2.0,100.0,29.101265
3191.0,0.5,20.0,2.0,100.0,28.555555
3192.0,1.0,20.0,2.0,100.0,17.666666
3193.0,2.0,20.0,2.0,100.0,27.112427
3194.0,3.0,20.0,2.0,100.0,16.122137
3195.0,5.0,20.0,2.0,100.0,22.856209
3196.0,10.0,20.0,2.0,100.0,11.055555
3197.0,20.0,20.0,2.0,100.0,25.553572
3198.0,40.0,20.0,2.0,100.0,34.640568
3199.0,49.0,20.0,2.0,100.0,20.38527
3200.0,0.0,20.0,2.0,100.0,28.171974
3201.0,0.5,20.0,2.0,100.0,16.540323
3202.0,1.0,20.0,2.0,100.0,21.554688
3203.0,2.0,20.0,2.0,100.0,20.748032
3204.0,3.0,20.0,2.0,100.0,17.047619
3205.0,5.0,20.0,2.0,100.0,18.328
3206.0,10.0,20.0,2.0,100.0,12.880953
3207.0,20.0,20.0,2.0,100.0,25.345238
3208.0,40.0,20.0,2.0,100.0,27.136719
3209.0,49.0,20.0,2.0,100.0,21.187891
3210.0,0.0,20.0,2.0,100.0,30.15625
3211.0,0.5,20.0,2.0,100.0,29.227848
3212.0,1.0,20.0,2.0,100.0,21.638462
3213.0,2.0,20.0,2.0,100.0,26.612677
3214.0,3.0,20.0,2.0,100.0,18.729507
3215.0,5.0,20.0,2.0,100.0,9.788136
3216.0,10.0,20.0,2.0,100.0,17.74074
3217.0,20.0,20.0,2.0,100.0,22.006493
3218.0,40.0,20.0,2.0,100.0,20.003584
3219.0,49.0,20.0,2.0,100.0,49.463364
3220.0,0.0,20.0,2.0,100.0,29.603773
3221.0,0.5,20.0,2.0,100.0,24.526316
3222.0,1.0,20.0,2.0,100.0,29.838509
3223.0,2.0,20.0,2.0,100.0,19.795918
3224.0,3.0,20.0,2.0,100.0,12.139344
3225.0,5.0,20.0,2.0,100.0,13.446281
3226.0,10.0,20.0,2.0,100.0,10.946565
3227.0,20.0,20.0,2.0,100.0,18.940475
3228.0,40.0,20.0,2.0,100.0,35.34395
3229.0,49.0,20.0,2.0,100.0,37.068005
3230.0,0.0,20.0,2.0,100.0,28.242039
3231.0,0.5,20.0,2.0,100.0,29.798742
3232.0,1.0,20.0,2.0,100.0,19.584507
3233.0,2.0,20.0,2.0,100.0,12.94958
3234.0,3.0,20.0,2.0,100.0,17.446043
3235.0,5.0,20.0,2.0,100.0,12.408334
3236.0,10.0,20.0,2.0,100.0,20.568863
3237.0,20.0,20.0,2.0,100.0,27.0
3238.0,40.0,20.0,2.0,100.0,58.811256
3239.0,49.0,20.0,2.0,100.0,25.010845
3240.0,0.0,20.0,2.0,100.0,28.821655
3241.0,0.5,20.0,2.0,100.0,13.323308
3242.0,1.0,20.0,2.0,100.0,29.89375
3243.0,2.0,20.0,2.0,100.0,41.64972
3244.0,3.0,20.0,2.0,100.0,19.054794
3245.0,5.0,20.0,2.0,100.0,11.1875
3246.0,10.0,20.0,2.0,100.0,12.547619
3247.0,20.0,20.0,2.0,100.0,39.10048
3248.0,40.0,20.0,2.0,100.0,25.392563
3249.0,49.0,20.0,2.0,100.0,29.130604
3250.0,0.0,20.0,2.0,100.0,47.670105
3251.0,0.5,20.0,2.0,100.0,33.545944
3252.0,1.0,20.0,2.0,100.0,19.504065
3253.0,2.0,20.0,2.0,100.0,16.08547
3254.0,3.0,20.0,2.0,100.0,14.865772
3255.0,5.0,20.0,2.0,100.0,14.875969
3256.0,10.0,20.0,2.0,100.0,33.858696
3257.0,20.0,20.0,2.0,100.0,28.671957
3258.0,40.0,20.0,2.0,100.0,23.204327
3259.0,49.0,20.0,2.0,100.0,35.168877
3260.0,0.0,20.0,2.0,100.0,28.78344
3261.0,0.5,20.0,2.0,100.0,29.031645
3262.0,1.0,20.0,2.0,100.0,25.121622
3263.0,2.0,20.0,2.0,100.0,15.23967
3264.0,3.0,20.0,2.0,100.0,18.171875
3265.0,5.0,20.0,2.0,100.0,22.62264
3266.0,10.0,20.0,2.0,100.0,21.884615
3267.0,20.0,20.0,2.0,100.0,31.808743
3268.0,40.0,20.0,2.0,100.0,23.935064
3269.0,49.0,20.0,2.0,100.0,26.85021
3270.0,0.0,20.0,2.0,100.0,28.715189
3271.0,0.5,20.0,2.0,100.0,29.025316
3272.0,1.0,20.0,2.0,100.0,13.434426
3273.0,2.0,20.0,2.0,100.0,14.569231
3274.0,3.0,20.0,2.0,100.0,15.9453125
3275.0,5.0,20.0,2.0,100.0,15.111111
3276.0,10.0,20.0,2.0,100.0,23.451612
3277.0,20.0,20.0,2.0,100.0,20.327272
3278.0,40.0,20.0,2.0,100.0,17.857143
3279.0,49.0,20.0,2.0,100.0,34.315598
3280.0,0.0,20.0,2.0,100.0,39.175438
3281.0,0.5,20.0,2.0,100.0,17.076923
3282.0,1.0,20.0,2.0,100.0,28.719746
3283.0,2.0,20.0,2.0,100.0,15.649572
3284.0,3.0,20.0,2.0,100.0,24.465754
3285.0,5.0,20.0,2.0,100.0,13.745455
3286.0,10.0,20.0,2.0,100.0,20.051851
3287.0,20.0,20.0,2.0,100.0,27.305555
3288.0,40.0,20.0,2.0,100.0,31.549341
3289.0,49.0,20.0,2.0,100.0,24.18315
3290.0,0.0,20.0,2.0,100.0,27.967949
3291.0,0.5,20.0,2.0,100.0,35.4973
3292.0,1.0,20.0,2.0,100.0,20.450382
3293.0,2.0,20.0,2.0,100.0,18.838236
3294.0,3.0,20.0,2.0,100.0,11.294118
3295.0,5.0,20.0,2.0,100.0,20.107382
3296.0,10.0,20.0,2.0,100.0,28.0
3297.0,20.0,20.0,2.0,100.0,25.16
3298.0,40.0,20.0,2.0,100.0,24.322176
3299.0,49.0,20.0,2.0,100.0,17.380953
3300.0,0.0,20.0,2.0,100.0,28.261147
3301.0,0.5,20.0,2.0,100.0,29.1519
3302.0,1.0,20.0,2.0,100.0,29.734177
3303.0,2.0,20.0,2.0,100.0,14.481751
3304.0,3.0,20.0,2.0,100.0,21.952381
3305.0,5.0,20.0,2.0,100.0,23.809816
3306.0,10.0,20.0,2.0,100.0,20.656717
3307.0,20.0,20.0,2.0,100.0,25.789116
3308.0,40.0,20.0,2.0,100.0,22.299213
3309.0,49.0,20.0,2.0,100.0,29.043894
3310.0,0.0,20.0,2.0,100.0,30.03125
3311.0,0.5,20.0,2.0,100.0,31.567902
3312.0,1.0,20.0,2.0,100.0,15.240602
3313.0,2.0,20.0,2.0,100.0,21.41096
3314.0,3.0,20.0,2.0,100.0,21.256578
3315.0,5.0,20.0,2.0,100.0,26.124138
3316.0,10.0,20.0,2.0,100.0,24.163523
3317.0,20.0,20.0,2.0,100.0,38.474228
3318.0,40.0,20.0,2.0,100.0,20.215744
3319.0,49.0,20.0,2.0,100.0,21.951532
3320.0,0.0,20.0,2.0,100.0,28.5414
3321.0,0.5,20.0,2.0,100.0,45.788944
3322.0,1.0,20.0,2.0,100.0,22.89313
3323.0,2.0,20.0,2.0,100.0,34.96648
3324.0,3.0,20.0,2.0,100.0,15.543307
3325.0,5.0,20.0,2.0,100.0,23.846153
3326.0,10.0,20.0,2.0,100.0,25.854053
3327.0,20.0,20.0,2.0,100.0,37.20213
3328.0,40.0,20.0,2.0,100.0,35.92683
3329.0,49.0,20.0,2.0,100.0,30.130936
3330.0,0.0,20.0,2.0,100.0,30.4375
3331.0,0.5,20.0,2.0,100.0,19.701612
3332.0,1.0,20.0,2.0,100.0,12.421488
3333.0,2.0,20.0,2.0,100.0,17.51064
3334.0,3.0,20.0,2.0,100.0,17.713179
3335.0,5.0,20.0,2.0,100.0,29.95122
3336.0,10.0,20.0,2.0,100.0,17.020979
3337.0,20.0,20.0,2.0,100.0,23.457626
3338.0,40.0,20.0,2.0,100.0,34.81041
3339.0,49.0,20.0,2.0,100.0,21.454391
3340.0,0.0,20.0,2.0,100.0,29.01274
3341.0,0.5,20.0,2.0,100.0,17.023623
3342.0,1.0,20.0,2.0,100.0,28.936708
3343.0,2.0,20.0,2.0,100.0,21.565218
3344.0,3.0,20.0,2.0,100.0,22.517986
3345.0,5.0,20.0,2.0,100.0,10.26087
3346.0,10.0,20.0,2.0,100.0,25.593548
3347.0,20.0,20.0,2.0,100.0,22.04142
3348.0,40.0,20.0,2.0,100.0,21.025105
3349.0,49.0,20.0,2.0,100.0,25.51358
3350.0,0.0,20.0,2.0,100.0,29.107595
3351.0,0.5,20.0,2.0,100.0,27.463575
3352.0,1.0,20.0,2.0,100.0,13.704
3353.0,2.0,20.0,2.0,100.0,28.72549
3354.0,3.0,20.0,2.0,100.0,13.454545
3355.0,5.0,20.0,2.0,100.0,15.135715
3356.0,10.0,20.0,2.0,100.0,12.487804
3357.0,20.0,20.0,2.0,100.0,22.586206
3358.0,40.0,20.0,2.0,100.0,78.81293
3359.0,49.0,20.0,2.0,100.0,44.760906
3360.0,0.0,20.0,2.0,100.0,29.025316
3361.0,0.5,20.0,2.0,100.0,28.509554
3362.0,1.0,20.0,2.0,100.0,29.566038
3363.0,2.0,20.0,2.0,100.0,18.948387
3364.0,3.0,20.0,2.0,100.0,12.362832
3365.0,5.0,20.0,2.0,100.0,14.187051
3366.0,10.0,20.0,2.0,100.0,12.852714
3367.0,20.0,20.0,2.0,100.0,18.173653
3368.0,40.0,20.0,2.0,100.0,27.351852
3369.0,49.0,20.0,2.0,100.0,30.737152
3370.0,0.0,20.0,2.0,100.0,29.158228
3371.0,0.5,20.0,2.0,100.0,28.624205
3372.0,1.0,20.0,2.0,100.0,26.56081
3373.0,2.0,20.0,2.0,100.0,16.02174
3374.0,3.0,20.0,2.0,100.0,15.376146
3375.0,5.0,20.0,2.0,100.0,19.961784
3376.0,10.0,20.0,2.0,100.0,13.472
3377.0,20.0,20.0,2.0,100.0,28.988304
3378.0,40.0,20.0,2.0,100.0,20.36017
3379.0,49.0,20.0,2.0,100.0,23.489876
3380.0,0.0,20.0,2.0,100.0,29.63522
3381.0,0.5,20.0,2.0,100.0,14.378378
3382.0,1.0,20.0,2.0,100.0,28.477707
3383.0,2.0,20.0,2.0,100.0,13.894309
3384.0,3.0,20.0,2.0,100.0,14.3970585
3385.0,5.0,20.0,2.0,100.0,9.965218
3386.0,10.0,20.0,2.0,100.0,22.062937
3387.0,20.0,20.0,2.0,100.0,26.228395
3388.0,40.0,20.0,2.0,100.0,28.992308
3389.0,49.0,20.0,2.0,100.0,16.773603
3390.0,0.0,20.0,2.0,100.0,28.885351
3391.0,0.5,20.0,2.0,100.0,29.401274
3392.0,1.0,20.0,2.0,100.0,32.993828
3393.0,2.0,20.0,2.0,100.0,16.060606
3394.0,3.0,20.0,2.0,100.0,16.820896
3395.0,5.0,20.0,2.0,100.0,28.68786
3396.0,10.0,20.0,2.0,100.0,26.321918
3397.0,20.0,20.0,2.0,100.0,18.316456
3398.0,40.0,20.0,2.0,100.0,43.367405
3399.0,49.0,20.0,2.0,100.0,20.786377
3400.0,0.0,20.0,2.0,100.0,28.2293
3401.0,0.5,20.0,2.0,100.0,42.959183
3402.0,1.0,20.0,2.0,100.0,21.058393
3403.0,2.0,20.0,2.0,100.0,12.203252
3404.0,3.0,20.0,2.0,100.0,26.863636
3405.0,5.0,20.0,2.0,100.0,10.449153
3406.0,10.0,20.0,2.0,100.0,15.388889
3407.0,20.0,20.0,2.0,100.0,22.793333
3408.0,40.0,20.0,2.0,100.0,26.875757
3409.0,49.0,20.0,2.0,100.0,27.626213
3410.0,0.0,20.0,2.0,100.0,29.45625
3411.0,0.5,20.0,2.0,100.0,28.668789
3412.0,1.0,20.0,2.0,100.0,29.7125
3413.0,2.0,20.0,2.0,100.0,16.795275
3414.0,3.0,20.0,2.0,100.0,13.128
3415.0,5.0,20.0,2.0,100.0,14.613445
3416.0,10.0,20.0,2.0,100.0,23.183908
3417.0,20.0,20.0,2.0,100.0,21.4625
3418.0,40.0,20.0,2.0,100.0,24.742222
3419.0,49.0,20.0,2.0,100.0,45.04994
3420.0,0.0,20.0,2.0,100.0,29.405064
3421.0,0.5,20.0,2.0,100.0,28.51266
3422.0,1.0,20.0,2.0,100.0,16.253624
3423.0,2.0,20.0,2.0,100.0,22.31507
3424.0,3.0,20.0,2.0,100.0,22.397163
3425.0,5.0,20.0,2.0,100.0,14.774194
3426.0,10.0,20.0,2.0,100.0,29.863157
3427.0,20.0,20.0,2.0,100.0,21.206703
3428.0,40.0,20.0,2.0,100.0,22.551155
3429.0,49.0,20.0,2.0,100.0,18.854036
3430.0,0.0,20.0,2.0,100.0,30.2
3431.0,0.5,20.0,2.0,100.0,20.056
3432.0,1.0,20.0,2.0,100.0,17.032
3433.0,2.0,20.0,2.0,100.0,20.760275
3434.0,3.0,20.0,2.0,100.0,24.98726
3435.0,5.0,20.0,2.0,100.0,14.032787
3436.0,10.0,20.0,2.0,100.0,22.156626
3437.0,20.0,20.0,2.0,100.0,27.900585
3438.0,40.0,20.0,2.0,100.0,17.592886
3439.0,49.0,20.0,2.0,100.0,23.337482
3440.0,0.0,20.0,2.0,100.0,28.626583
3441.0,0.5,20.0,2.0,100.0,28.509554
3442.0,1.0,20.0,2.0,100.0,28.649681
3443.0,2.0,20.0,2.0,100.0,28.403847
3444.0,3.0,20.0,2.0,100.0,28.754717
3445.0,5.0,20.0,2.0,100.0,33.87293
3446.0,10.0,20.0,2.0,100.0,13.061539
3447.0,20.0,20.0,2.0,100.0,23.981928
3448.0,40.0,20.0,2.0,100.0,27.891987
3449.0,49.0,20.0,2.0,100.0,32.459015
3450.0,0.0,20.0,2.0,100.0,29.220125
3451.0,0.5,20.0,2.0,100.0,29.145569
3452.0,1.0,20.0,2.0,100.0,20.943262
3453.0,2.0,20.0,2.0,100.0,13.441667
3454.0,3.0,20.0,2.0,100.0,19.669065
3455.0,5.0,20.0,2.0,100.0,27.05294
3456.0,10.0,20.0,2.0,100.0,23.923077
3457.0,20.0,20.0,2.0,100.0,15.845679
3458.0,40.0,20.0,2.0,100.0,22.168224
3459.0,49.0,20.0,2.0,100.0,21.661928
3460.0,0.0,20.0,2.0,100.0,29.37736
3461.0,0.5,20.0,2.0,100.0,29.63522
3462.0,1.0,20.0,2.0,100.0,20.061224
3463.0,2.0,20.0,2.0,100.0,17.40678
3464.0,3.0,20.0,2.0,100.0,11.204724
3465.0,5.0,20.0,2.0,100.0,10.952
3466.0,10.0,20.0,2.0,100.0,21.121796
3467.0,20.0,20.0,2.0,100.0,34.80383
3468.0,40.0,20.0,2.0,100.0,21.008982
3469.0,49.0,20.0,2.0,100.0,25.113636
3470.0,0.0,20.0,2.0,100.0,28.67516
3471.0,0.5,20.0,2.0,100.0,18.05042
3472.0,1.0,20.0,2.0,100.0,29.335403
3473.0,2.0,20.0,2.0,100.0,12.786885
3474.0,3.0,20.0,2.0,100.0,16.680555
3475.0,5.0,20.0,2.0,100.0,11.798319
3476.0,10.0,20.0,2.0,100.0,20.903704
3477.0,20.0,20.0,2.0,100.0,26.58011
3478.0,40.0,20.0,2.0,100.0,32.73351
3479.0,49.0,20.0,2.0,100.0,24.687586
3480.0,0.0,20.0,2.0,100.0,29.578617
3481.0,0.5,20.0,2.0,100.0,28.943037
3482.0,1.0,20.0,2.0,100.0,26.797468
3483.0,2.0,20.0,2.0,100.0,29.729559
3484.0,3.0,20.0,2.0,100.0,18.12931
3485.0,5.0,20.0,2.0,100.0,13.410256
3486.0,10.0,20.0,2.0,100.0,18.362415
3487.0,20.0,20.0,2.0,100.0,21.06962
3488.0,40.0,20.0,2.0,100.0,21.144365
3489.0,49.0,20.0,2.0,100.0,46.272
3490.0,0.0,20.0,2.0,100.0,28.821655
3491.0,0.5,20.0,2.0,100.0,13.704
3492.0,1.0,20.0,2.0,100.0,29.411392
3493.0,2.0,20.0,2.0,100.0,41.563065
3494.0,3.0,20.0,2.0,100.0,11.830358
3495.0,5.0,20.0,2.0,100.0,17.703947
3496.0,10.0,20.0,2.0,100.0,25.13253
3497.0,20.0,20.0,2.0,100.0,19.854166
3498.0,40.0,20.0,2.0,100.0,19.723776
3499.0,49.0,20.0,2.0,100.0,22.64035
3500.0,0.0,20.0,2.0,100.0,29.886793
3501.0,0.5,20.0,2.0,100.0,22.59091
3502.0,1.0,20.0,2.0,100.0,29.01274
3503.0,2.0,20.0,2.0,100.0,18.006897
3504.0,3.0,20.0,2.0,100.0,29.316456
3505.0,5.0,20.0,2.0,100.0,28.949152
3506.0,10.0,20.0,2.0,100.0,12.977612
3507.0,20.0,20.0,2.0,100.0,25.292553
3508.0,40.0,20.0,2.0,100.0,31.347715
3509.0,49.0,20.0,2.0,100.0,21.81232
3510.0,0.0,20.0,2.0,100.0,30.2125
3511.0,0.5,20.0,2.0,100.0,28.468355
3512.0,1.0,20.0,2.0,100.0,16.232
3513.0,2.0,20.0,2.0,100.0,24.318472
3514.0,3.0,20.0,2.0,100.0,21.172186
3515.0,5.0,20.0,2.0,100.0,22.734694
3516.0,10.0,20.0,2.0,100.0,21.832117
3517.0,20.0,20.0,2.0,100.0,28.403315
3518.0,40.0,20.0,2.0,100.0,35.52653
3519.0,49.0,20.0,2.0,100.0,38.635983
3520.0,0.0,20.0,2.0,100.0,28.294872
3521.0,0.5,20.0,2.0,100.0,27.068027
3522.0,1.0,20.0,2.0,100.0,18.80597
3523.0,2.0,20.0,2.0,100.0,15.318182
3524.0,3.0,20.0,2.0,100.0,20.975
3525.0,5.0,20.0,2.0,100.0,17.76923
3526.0,10.0,20.0,2.0,100.0,31.560976
3527.0,20.0,20.0,2.0,100.0,26.322369
3528.0,40.0,20.0,2.0,100.0,21.558935
3529.0,49.0,20.0,2.0,100.0,28.179962
3530.0,0.0,20.0,2.0,100.0,29.811321
3531.0,0.5,20.0,2.0,100.0,40.37356
3532.0,1.0,20.0,2.0,100.0,29.754717
3533.0,2.0,20.0,2.0,100.0,15.429629
3534.0,3.0,20.0,2.0,100.0,12.872881
3535.0,5.0,20.0,2.0,100.0,11.165217
3536.0,10.0,20.0,2.0,100.0,14.794118
3537.0,20.0,20.0,2.0,100.0,22.005882
3538.0,40.0,20.0,2.0,100.0,29.96109
3539.0,49.0,20.0,2.0,100.0,23.009327
3540.0,0.0,20.0,2.0,100.0,29.164557
3541.0,0.5,20.0,2.0,100.0,28.611465
3542.0,1.0,20.0,2.0,100.0,22.48
3543.0,2.0,20.0,2.0,100.0,29.796297
3544.0,3.0,20.0,2.0,100.0,19.869919
3545.0,5.0,20.0,2.0,100.0,14.169642
3546.0,10.0,20.0,2.0,100.0,21.52564
3547.0,20.0,20.0,2.0,100.0,18.354166
3548.0,40.0,20.0,2.0,100.0,29.201794
3549.0,49.0,20.0,2.0,100.0,15.865582
3550.0,0.0,20.0,2.0,100.0,28.853502
3551.0,0.5,20.0,2.0,100.0,29.253164
3552.0,1.0,20.0,2.0,100.0,23.111841
3553.0,2.0,20.0,2.0,100.0,18.285715
3554.0,3.0,20.0,2.0,100.0,11.116072
3555.0,5.0,20.0,2.0,100.0,16.805756
3556.0,10.0,20.0,2.0,100.0,25.790123
3557.0,20.0,20.0,2.0,100.0,34.51852
3558.0,40.0,20.0,2.0,100.0,28.380503
3559.0,49.0,20.0,2.0,100.0,30.268152
3560.0,0.0,20.0,2.0,100.0,29.352201
3561.0,0.5,20.0,2.0,100.0,15.826087
3562.0,1.0,20.0,2.0,100.0,17.744526
3563.0,2.0,20.0,2.0,100.0,20.708029
3564.0,3.0,20.0,2.0,100.0,16.182482
3565.0,5.0,20.0,2.0,100.0,13.843971
3566.0,10.0,20.0,2.0,100.0,25.870968
3567.0,20.0,20.0,2.0,100.0,27.244047
3568.0,40.0,20.0,2.0,100.0,20.849558
3569.0,49.0,20.0,2.0,100.0,13.894946
3570.0,0.0,20.0,2.0,100.0,30.11875
3571.0,0.5,20.0,2.0,100.0,26.210192
3572.0,1.0,20.0,2.0,100.0,10.854838
3573.0,2.0,20.0,2.0,100.0,15.231884
3574.0,3.0,20.0,2.0,100.0,12.643411
3575.0,5.0,20.0,2.0,100.0,16.70073
3576.0,10.0,20.0,2.0,100.0,11.541667
3577.0,20.0,20.0,2.0,100.0,22.587301
3578.0,40.0,20.0,2.0,100.0,38.200787
3579.0,49.0,20.0,2.0,100.0,19.61194
3580.0,0.0,20.0,2.0,100.0,28.924528
3581.0,0.5,20.0,2.0,100.0,28.636942
3582.0,1.0,20.0,2.0,100.0,14.025
3583.0,2.0,20.0,2.0,100.0,24.180645
3584.0,3.0,20.0,2.0,100.0,13.0
3585.0,5.0,20.0,2.0,100.0,11.442478
3586.0,10.0,20.0,2.0,100.0,18.482014
3587.0,20.0,20.0,2.0,100.0,16.443708
3588.0,40.0,20.0,2.0,100.0,26.736221
3589.0,49.0,20.0,2.0,100.0,18.788906
3590.0,0.0,20.0,2.0,100.0,29.01266
3591.0,0.5,20.0,2.0,100.0,16.372263
3592.0,1.0,20.0,2.0,100.0,24.913044
3593.0,2.0,20.0,2.0,100.0,13.636364
3594.0,3.0,20.0,2.0,100.0,20.918034
3595.0,5.0,20.0,2.0,100.0,26.016853
3596.0,10.0,20.0,2.0,100.0,15.307693
3597.0,20.0,20.0,2.0,100.0,23.967533
3598.0,40.0,20.0,2.0,100.0,25.322176
3599.0,49.0,20.0,2.0,100.0,23.124773
3600.0,0.0,20.0,2.0,100.0,28.286625
3601.0,0.5,20.0,2.0,100.0,28.734177
3602.0,1.0,20.0,2.0,100.0,15.593985
3603.0,2.0,20.0,2.0,100.0,15.41129
3604.0,3.0,20.0,2.0,100.0,21.23077
3605.0,5.0,20.0,2.0,100.0,21.333334
3606.0,10.0,20.0,2.0,100.0,26.68493
3607.0,20.0,20.0,2.0,100.0,21.634409
3608.0,40.0,20.0,2.0,100.0,23.035242
3609.0,49.0,20.0,2.0,100.0,18.676924
3610.0,0.0,20.0,2.0,100.0,29.0
3611.0,0.5,20.0,2.0,100.0,29.333334
3612.0,1.0,20.0,2.0,100.0,29.566038
3613.0,2.0,20.0,2.0,100.0,21.929577
3614.0,3.0,20.0,2.0,100.0,23.686666
3615.0,5.0,20.0,2.0,100.0,19.902985
3616.0,10.0,20.0,2.0,100.0,14.868055
3617.0,20.0,20.0,2.0,100.0,14.272109
3618.0,40.0,20.0,2.0,100.0,20.395605
3619.0,49.0,20.0,2.0,100.0,21.906197
3620.0,0.0,20.0,2.0,100.0,29.50625
3621.0,0.5,20.0,2.0,100.0,15.358334
3622.0,1.0,20.0,2.0,100.0,25.043165
3623.0,2.0,20.0,2.0,100.0,19.766424
3624.0,3.0,20.0,2.0,100.0,15.267716
3625.0,5.0,20.0,2.0,100.0,26.44706
3626.0,10.0,20.0,2.0,100.0,24.895523
3627.0,20.0,20.0,2.0,100.0,23.054878
3628.0,40.0,20.0,2.0,100.0,29.92151
3629.0,49.0,20.0,2.0,100.0,19.001173
3630.0,0.0,20.0,2.0,100.0,29.220125
3631.0,0.5,20.0,2.0,100.0,29.767296
3632.0,1.0,20.0,2.0,100.0,14.702291
3633.0,2.0,20.0,2.0,100.0,13.801471
3634.0,3.0,20.0,2.0,100.0,15.008
3635.0,5.0,20.0,2.0,100.0,13.225
3636.0,10.0,20.0,2.0,100.0,20.020548
3637.0,20.0,20.0,2.0,100.0,19.42647
3638.0,40.0,20.0,2.0,100.0,26.714743
3639.0,49.0,20.0,2.0,100.0,23.262835
3640.0,0.0,20.0,2.0,100.0,29.597485
3641.0,0.5,20.0,2.0,100.0,29.41772
3642.0,1.0,20.0,2.0,100.0,25.184
3643.0,2.0,20.0,2.0,100.0,24.69281
3644.0,3.0,20.0,2.0,100.0,35.211765
3645.0,5.0,20.0,2.0,100.0,18.6993
3646.0,10.0,20.0,2.0,100.0,24.657143
3647.0,20.0,20.0,2.0,100.0,16.907408
3648.0,40.0,20.0,2.0,100.0,27.51389
3649.0,49.0,20.0,2.0,100.0,44.16275
3650.0,0.0,20.0,2.0,100.0,29.54717
3651.0,0.5,20.0,2.0,100.0,26.86111
3652.0,1.0,20.0,2.0,100.0,13.581197
3653.0,2.0,20.0,2.0,100.0,19.983192
3654.0,3.0,20.0,2.0,100.0,22.129496
3655.0,5.0,20.0,2.0,100.0,12.626017
3656.0,10.0,20.0,2.0,100.0,31.026455
3657.0,20.0,20.0,2.0,100.0,32.579544
3658.0,40.0,20.0,2.0,100.0,21.69697
3659.0,49.0,20.0,2.0,100.0,26.37676
3660.0,0.0,20.0,2.0,100.0,30.602484
3661.0,0.5,20.0,2.0,100.0,21.550388
3662.0,1.0,20.0,2.0,100.0,24.76259
3663.0,2.0,20.0,2.0,100.0,16.724638
3664.0,3.0,20.0,2.0,100.0,17.46875
3665.0,5.0,20.0,2.0,100.0,19.657894
3666.0,10.0,20.0,2.0,100.0,18.132353
3667.0,20.0,20.0,2.0,100.0,42.964603
3668.0,40.0,20.0,2.0,100.0,24.98494
3669.0,49.0,20.0,2.0,100.0,22.016005
3670.0,0.0,20.0,2.0,100.0,52.533333
3671.0,0.5,20.0,2.0,100.0,30.19375
3672.0,1.0,20.0,2.0,100.0,26.965517
3673.0,2.0,20.0,2.0,100.0,29.70625
3674.0,3.0,20.0,2.0,100.0,14.816793
3675.0,5.0,20.0,2.0,100.0,25.084337
3676.0,10.0,20.0,2.0,100.0,11.767442
3677.0,20.0,20.0,2.0,100.0,24.89418
3678.0,40.0,20.0,2.0,100.0,22.52809
3679.0,49.0,20.0,2.0,100.0,25.651676
3680.0,0.0,20.0,2.0,100.0,29.335443
3681.0,0.5,20.0,2.0,100.0,17.666666
3682.0,1.0,20.0,2.0,100.0,19.341667
3683.0,2.0,20.0,2.0,100.0,25.042856
3684.0,3.0,20.0,2.0,100.0,11.265487
3685.0,5.0,20.0,2.0,100.0,19.279503
3686.0,10.0,20.0,2.0,100.0,23.402515
3687.0,20.0,20.0,2.0,100.0,22.906076
3688.0,40.0,20.0,2.0,100.0,20.035461
3689.0,49.0,20.0,2.0,100.0,20.704988
3690.0,0.0,20.0,2.0,100.0,29.08805
3691.0,0.5,20.0,2.0,100.0,22.778625
3692.0,1.0,20.0,2.0,100.0,12.808696
3693.0,2.0,20.0,2.0,100.0,21.77848
3694.0,3.0,20.0,2.0,100.0,15.641379
3695.0,5.0,20.0,2.0,100.0,18.328571
3696.0,10.0,20.0,2.0,100.0,14.664
3697.0,20.0,20.0,2.0,100.0,17.253521
3698.0,40.0,20.0,2.0,100.0,21.518625
3699.0,49.0,20.0,2.0,100.0,20.091934
3700.0,0.0,20.0,2.0,100.0,28.503185
3701.0,0.5,20.0,2.0,100.0,14.992
3702.0,1.0,20.0,2.0,100.0,29.402515
3703.0,2.0,20.0,2.0,100.0,23.208054
3704.0,3.0,20.0,2.0,100.0,14.888
3705.0,5.0,20.0,2.0,100.0,20.233576
3706.0,10.0,20.0,2.0,100.0,20.993422
3707.0,20.0,20.0,2.0,100.0,41.974094
3708.0,40.0,20.0,2.0,100.0,29.387096
3709.0,49.0,20.0,2.0,100.0,29.636364
3710.0,0.0,20.0,2.0,100.0,30.119497
3711.0,0.5,20.0,2.0,100.0,20.386862
3712.0,1.0,20.0,2.0,100.0,28.803797
3713.0,2.0,20.0,2.0,100.0,18.105635
3714.0,3.0,20.0,2.0,100.0,14.145039
3715.0,5.0,20.0,2.0,100.0,16.083334
3716.0,10.0,20.0,2.0,100.0,22.393549
3717.0,20.0,20.0,2.0,100.0,17.173334
3718.0,40.0,20.0,2.0,100.0,20.386719
3719.0,49.0,20.0,2.0,100.0,22.134811
3720.0,0.0,20.0,2.0,100.0,29.06962
3721.0,0.5,20.0,2.0,100.0,28.834394
3722.0,1.0,20.0,2.0,100.0,29.41772
3723.0,2.0,20.0,2.0,100.0,27.2
3724.0,3.0,20.0,2.0,100.0,24.766233
3725.0,5.0,20.0,2.0,100.0,16.007463
3726.0,10.0,20.0,2.0,100.0,12.878788
3727.0,20.0,20.0,2.0,100.0,21.651007
3728.0,40.0,20.0,2.0,100.0,23.661491
3729.0,49.0,20.0,2.0,100.0,10.467696
3730.0,0.0,20.0,2.0,100.0,29.9625
3731.0,0.5,20.0,2.0,100.0,29.94375
3732.0,1.0,20.0,2.0,100.0,29.7125
3733.0,2.0,20.0,2.0,100.0,17.691729
3734.0,3.0,20.0,2.0,100.0,19.115702
3735.0,5.0,20.0,2.0,100.0,13.748092
3736.0,10.0,20.0,2.0,100.0,16.843538
3737.0,20.0,20.0,2.0,100.0,13.682432
3738.0,40.0,20.0,2.0,100.0,36.229683
3739.0,49.0,20.0,2.0,100.0,16.616926
3740.0,0.0,20.0,2.0,100.0,29.99379
3741.0,0.5,20.0,2.0,100.0,30.223602
3742.0,1.0,20.0,2.0,100.0,29.776398
3743.0,2.0,20.0,2.0,100.0,15.84106
3744.0,3.0,20.0,2.0,100.0,18.174826
3745.0,5.0,20.0,2.0,100.0,20.790123
3746.0,10.0,20.0,2.0,100.0,12.884615
3747.0,20.0,20.0,2.0,100.0,16.401234
3748.0,40.0,20.0,2.0,100.0,21.355225
3749.0,49.0,20.0,2.0,100.0,34.23986
3750.0,0.0,20.0,2.0,100.0,28.905064
3751.0,0.5,20.0,2.0,100.0,29.107595
3752.0,1.0,20.0,2.0,100.0,29.597485
3753.0,2.0,20.0,2.0,100.0,14.139344
3754.0,3.0,20.0,2.0,100.0,20.633987
3755.0,5.0,20.0,2.0,100.0,13.666667
3756.0,10.0,20.0,2.0,100.0,16.710144
3757.0,20.0,20.0,2.0,100.0,23.99359
3758.0,40.0,20.0,2.0,100.0,36.687943
3759.0,49.0,20.0,2.0,100.0,18.3381
3760.0,0.0,20.0,2.0,100.0,29.597485
3761.0,0.5,20.0,2.0,100.0,25.182482
3762.0,1.0,20.0,2.0,100.0,29.37736
3763.0,2.0,20.0,2.0,100.0,11.178572
3764.0,3.0,20.0,2.0,100.0,18.404411
3765.0,5.0,20.0,2.0,100.0,16.165289
3766.0,10.0,20.0,2.0,100.0,10.456
3767.0,20.0,20.0,2.0,100.0,31.109196
3768.0,40.0,20.0,2.0,100.0,29.37859
3769.0,49.0,20.0,2.0,100.0,28.038462
3770.0,0.0,20.0,2.0,100.0,29.101265
3771.0,0.5,20.0,2.0,100.0,23.51111
3772.0,1.0,20.0,2.0,100.0,26.45139
3773.0,2.0,20.0,2.0,100.0,13.212389
3774.0,3.0,20.0,2.0,100.0,13.305344
3775.0,5.0,20.0,2.0,100.0,11.887931
3776.0,10.0,20.0,2.0,100.0,20.986841
3777.0,20.0,20.0,2.0,100.0,20.493671
3778.0,40.0,20.0,2.0,100.0,26.07744
3779.0,49.0,20.0,2.0,100.0,21.924633
3780.0,0.0,20.0,2.0,100.0,29.440252
3781.0,0.5,20.0,2.0,100.0,26.52817
3782.0,1.0,20.0,2.0,100.0,16.740158
3783.0,2.0,20.0,2.0,100.0,16.424242
3784.0,3.0,20.0,2.0,100.0,33.23164
3785.0,5.0,20.0,2.0,100.0,20.714285
3786.0,10.0,20.0,2.0,100.0,29.264046
3787.0,20.0,20.0,2.0,100.0,24.07059
3788.0,40.0,20.0,2.0,100.0,30.993334
3789.0,49.0,20.0,2.0,100.0,24.504656
3790.0,0.0,20.0,2.0,100.0,28.299362
3791.0,0.5,20.0,2.0,100.0,29.8625
3792.0,1.0,20.0,2.0,100.0,29.031645
3793.0,2.0,20.0,2.0,100.0,16.968254
3794.0,3.0,20.0,2.0,100.0,11.152542
3795.0,5.0,20.0,2.0,100.0,12.104838
3796.0,10.0,20.0,2.0,100.0,9.525862
3797.0,20.0,20.0,2.0,100.0,17.843138
3798.0,40.0,20.0,2.0,100.0,47.26823
3799.0,49.0,20.0,2.0,100.0,32.66462
3800.0,0.0,20.0,2.0,100.0,29.6375
3801.0,0.5,20.0,2.0,100.0,30.949686
3802.0,1.0,20.0,2.0,100.0,16.217392
3803.0,2.0,20.0,2.0,100.0,13.491667
3804.0,3.0,20.0,2.0,100.0,13.679389
3805.0,5.0,20.0,2.0,100.0,22.513514
3806.0,10.0,20.0,2.0,100.0,22.554216
3807.0,20.0,20.0,2.0,100.0,23.01948
3808.0,40.0,20.0,2.0,100.0,35.089043
3809.0,49.0,20.0,2.0,100.0,19.92112
3810.0,0.0,20.0,2.0,100.0,29.496855
3811.0,0.5,20.0,2.0,100.0,50.351852
3812.0,1.0,20.0,2.0,100.0,21.392
3813.0,2.0,20.0,2.0,100.0,25.155844
3814.0,3.0,20.0,2.0,100.0,26.028572
3815.0,5.0,20.0,2.0,100.0,24.2375
3816.0,10.0,20.0,2.0,100.0,20.088436
3817.0,20.0,20.0,2.0,100.0,24.317709
3818.0,40.0,20.0,2.0,100.0,54.364487
3819.0,49.0,20.0,2.0,100.0,18.72309
3820.0,0.0,20.0,2.0,100.0,28.949045
3821.0,0.5,20.0,2.0,100.0,29.031645
3822.0,1.0,20.0,2.0,100.0,20.965986
3823.0,2.0,20.0,2.0,100.0,15.210526
3824.0,3.0,20.0,2.0,100.0,12.484375
3825.0,5.0,20.0,2.0,100.0,15.402778
3826.0,10.0,20.0,2.0,100.0,23.642857
3827.0,20.0,20.0,2.0,100.0,18.143835
3828.0,40.0,20.0,2.0,100.0,27.575758
3829.0,49.0,20.0,2.0,100.0,28.583752
3830.0,0.0,20.0,2.0,100.0,30.31677
3831.0,0.5,20.0,2.0,100.0,30.203703
3832.0,1.0,20.0,2.0,100.0,16.839417
3833.0,2.0,20.0,2.0,100.0,17.131388
3834.0,3.0,20.0,2.0,100.0,15.208695
3835.0,5.0,20.0,2.0,100.0,20.585987
3836.0,10.0,20.0,2.0,100.0,19.326797
3837.0,20.0,20.0,2.0,100.0,34.40838
3838.0,40.0,20.0,2.0,100.0,33.38068
3839.0,49.0,20.0,2.0,100.0,19.776579
3840.0,0.0,20.0,2.0,100.0,36.03352
3841.0,0.5,20.0,2.0,100.0,29.037975
3842.0,1.0,20.0,2.0,100.0,22.757576
3843.0,2.0,20.0,2.0,100.0,29.261147
3844.0,3.0,20.0,2.0,100.0,11.819673
3845.0,5.0,20.0,2.0,100.0,15.351145
3846.0,10.0,20.0,2.0,100.0,16.866667
3847.0,20.0,20.0,2.0,100.0,43.43668
3848.0,40.0,20.0,2.0,100.0,36.312
3849.0,49.0,20.0,2.0,100.0,22.69204
3850.0,0.0,20.0,2.0,100.0,29.163523
3851.0,0.5,20.0,2.0,100.0,29.148388
3852.0,1.0,20.0,2.0,100.0,13.864407
3853.0,2.0,20.0,2.0,100.0,18.478872
3854.0,3.0,20.0,2.0,100.0,31.70303
3855.0,5.0,20.0,2.0,100.0,20.554054
3856.0,10.0,20.0,2.0,100.0,13.492308
3857.0,20.0,20.0,2.0,100.0,22.267973
3858.0,40.0,20.0,2.0,100.0,22.625898
3859.0,49.0,20.0,2.0,100.0,46.696133
3860.0,0.0,20.0,2.0,100.0,34.782608
3861.0,0.5,20.0,2.0,100.0,54.56579
3862.0,1.0,20.0,2.0,100.0,21.236221
3863.0,2.0,20.0,2.0,100.0,15.675675
3864.0,3.0,20.0,2.0,100.0,23.134329
3865.0,5.0,20.0,2.0,100.0,26.986013
3866.0,10.0,20.0,2.0,100.0,16.8
3867.0,20.0,20.0,2.0,100.0,36.913265
3868.0,40.0,20.0,2.0,100.0,29.65812
3869.0,49.0,20.0,2.0,100.0,22.642857
3870.0,0.0,20.0,2.0,100.0,29.094936
3871.0,0.5,20.0,2.0,100.0,15.537313
3872.0,1.0,20.0,2.0,100.0,16.201681
3873.0,2.0,20.0,2.0,100.0,26.233767
3874.0,3.0,20.0,2.0,100.0,20.559006
3875.0,5.0,20.0,2.0,100.0,15.606837
3876.0,10.0,20.0,2.0,100.0,9.952381
3877.0,20.0,20.0,2.0,100.0,30.403225
3878.0,40.0,20.0,2.0,100.0,23.567858
3879.0,49.0,20.0,2.0,100.0,30.944445
3880.0,0.0,20.0,2.0,100.0,29.95625
3881.0,0.5,20.0,2.0,100.0,28.924051
3882.0,1.0,20.0,2.0,100.0,30.695652
3883.0,2.0,20.0,2.0,100.0,14.155556
3884.0,3.0,20.0,2.0,100.0,28.275167
3885.0,5.0,20.0,2.0,100.0,11.464
3886.0,10.0,20.0,2.0,100.0,13.083916
3887.0,20.0,20.0,2.0,100.0,22.69461
3888.0,40.0,20.0,2.0,100.0,30.522821
3889.0,49.0,20.0,2.0,100.0,27.168043
3890.0,0.0,20.0,2.0,100.0,27.858065
3891.0,0.5,20.0,2.0,100.0,43.748745
3892.0,1.0,20.0,2.0,100.0,28.083872
3893.0,2.0,20.0,2.0,100.0,22.460526
3894.0,3.0,20.0,2.0,100.0,14.0172415
3895.0,5.0,20.0,2.0,100.0,16.607143
3896.0,10.0,20.0,2.0,100.0,18.908451
3897.0,20.0,20.0,2.0,100.0,20.62573
3898.0,40.0,20.0,2.0,100.0,19.476595
3899.0,49.0,20.0,2.0,100.0,18.290964
3900.0,0.0,20.0,2.0,100.0,28.917198
3901.0,0.5,20.0,2.0,100.0,23.333334
3902.0,1.0,20.0,2.0,100.0,12.051724
3903.0,2.0,20.0,2.0,100.0,17.215385
3904.0,3.0,20.0,2.0,100.0,15.0
3905.0,5.0,20.0,2.0,100.0,11.976923
3906.0,10.0,20.0,2.0,100.0,27.743055
3907.0,20.0,20.0,2.0,100.0,29.37245
3908.0,40.0,20.0,2.0,100.0,40.612698
3909.0,49.0,20.0,2.0,100.0,27.371347
3910.0,0.0,20.0,2.0,100.0,29.284811
3911.0,0.5,20.0,2.0,100.0,28.772152
3912.0,1.0,20.0,2.0,100.0,29.610064
3913.0,2.0,20.0,2.0,100.0,16.631578
3914.0,3.0,20.0,2.0,100.0,14.246154
3915.0,5.0,20.0,2.0,100.0,21.466667
3916.0,10.0,20.0,2.0,100.0,18.927631
3917.0,20.0,20.0,2.0,100.0,21.88
3918.0,40.0,20.0,2.0,100.0,30.776436
3919.0,49.0,20.0,2.0,100.0,23.897478
3920.0,0.0,20.0,2.0,100.0,47.278847
3921.0,0.5,20.0,2.0,100.0,26.142857
3922.0,1.0,20.0,2.0,100.0,18.557142
3923.0,2.0,20.0,2.0,100.0,12.941667
3924.0,3.0,20.0,2.0,100.0,14.428572
3925.0,5.0,20.0,2.0,100.0,21.080246
3926.0,10.0,20.0,2.0,100.0,24.510067
3927.0,20.0,20.0,2.0,100.0,21.1
3928.0,40.0,20.0,2.0,100.0,20.051283
3929.0,49.0,20.0,2.0,100.0,28.801752
3930.0,0.0,20.0,2.0,100.0,28.560509
3931.0,0.5,20.0,2.0,100.0,30.225
3932.0,1.0,20.0,2.0,100.0,21.984962
3933.0,2.0,20.0,2.0,100.0,17.664286
3934.0,3.0,20.0,2.0,100.0,22.272
3935.0,5.0,20.0,2.0,100.0,25.987879
3936.0,10.0,20.0,2.0,100.0,19.289062
3937.0,20.0,20.0,2.0,100.0,18.417646
3938.0,40.0,20.0,2.0,100.0,37.469963
3939.0,49.0,20.0,2.0,100.0,28.414734
3940.0,0.0,20.0,2.0,100.0,29.240507
3941.0,0.5,20.0,2.0,100.0,29.89937
3942.0,1.0,20.0,2.0,100.0,24.518248
3943.0,2.0,20.0,2.0,100.0,24.57931
3944.0,3.0,20.0,2.0,100.0,12.435115
3945.0,5.0,20.0,2.0,100.0,13.971429
3946.0,10.0,20.0,2.0,100.0,10.810345
3947.0,20.0,20.0,2.0,100.0,19.785715
3948.0,40.0,20.0,2.0,100.0,22.22549
3949.0,49.0,20.0,2.0,100.0,19.320053
3950.0,0.0,20.0,2.0,100.0,30.0625
3951.0,0.5,20.0,2.0,100.0,29.075949
3952.0,1.0,20.0,2.0,100.0,16.586956
3953.0,2.0,20.0,2.0,100.0,20.489208
3954.0,3.0,20.0,2.0,100.0,22.079136
3955.0,5.0,20.0,2.0,100.0,13.389831
3956.0,10.0,20.0,2.0,100.0,19.957447
3957.0,20.0,20.0,2.0,100.0,34.058823
3958.0,40.0,20.0,2.0,100.0,22.834822
3959.0,49.0,20.0,2.0,100.0,21.60969
3960.0,0.0,20.0,2.0,100.0,29.113207
3961.0,0.5,20.0,2.0,100.0,29.345911
3962.0,1.0,20.0,2.0,100.0,22.740458
3963.0,2.0,20.0,2.0,100.0,14.252032
3964.0,3.0,20.0,2.0,100.0,11.973684
3965.0,5.0,20.0,2.0,100.0,18.141844
3966.0,10.0,20.0,2.0,100.0,25.42069
3967.0,20.0,20.0,2.0,100.0,17.166666
3968.0,40.0,20.0,2.0,100.0,22.267942
3969.0,49.0,20.0,2.0,100.0,31.145985
3970.0,0.0,20.0,2.0,100.0,28.949686
3971.0,0.5,20.0,2.0,100.0,43.8324
3972.0,1.0,20.0,2.0,100.0,29.050632
3973.0,2.0,20.0,2.0,100.0,20.314049
3974.0,3.0,20.0,2.0,100.0,14.780488
3975.0,5.0,20.0,2.0,100.0,13.935185
3976.0,10.0,20.0,2.0,100.0,28.728682
3977.0,20.0,20.0,2.0,100.0,14.5
3978.0,40.0,20.0,2.0,100.0,16.660583
3979.0,49.0,20.0,2.0,100.0,30.94541
3980.0,0.0,20.0,2.0,100.0,29.886793
3981.0,0.5,20.0,2.0,100.0,49.08072
3982.0,1.0,20.0,2.0,100.0,23.485714
3983.0,2.0,20.0,2.0,100.0,15.15
3984.0,3.0,20.0,2.0,100.0,20.161764
3985.0,5.0,20.0,2.0,100.0,13.008064
3986.0,10.0,20.0,2.0,100.0,11.632353
3987.0,20.0,20.0,2.0,100.0,21.594118
3988.0,40.0,20.0,2.0,100.0,50.615383
3989.0,49.0,20.0,2.0,100.0,24.849476
3990.0,0.0,20.0,2.0,100.0,29.534592
3991.0,0.5,20.0,2.0,100.0,27.961538
3992.0,1.0,20.0,2.0,100.0,29.830189
3993.0,2.0,20.0,2.0,100.0,24.844156
3994.0,3.0,20.0,2.0,100.0,18.475178
3995.0,5.0,20.0,2.0,100.0,16.476511
3996.0,10.0,20.0,2.0,100.0,9.991526
3997.0,20.0,20.0,2.0,100.0,16.380367
3998.0,40.0,20.0,2.0,100.0,22.502184
3999.0,49.0,20.0,2.0,100.0,22.568346
4000.0,0.0,20.0,2.0,100.0,30.1125
4001.0,0.5,20.0,2.0,100.0,21.157534
4002.0,1.0,20.0,2.0,100.0,23.163399
4003.0,2.0,20.0,2.0,100.0,16.18261
4004.0,3.0,20.0,2.0,100.0,10.025862
4005.0,5.0,20.0,2.0,100.0,9.652892
4006.0,10.0,20.0,2.0,100.0,16.25
4007.0,20.0,20.0,2.0,100.0,22.005236
4008.0,40.0,20.0,2.0,100.0,19.26556
4009.0,49.0,20.0,2.0,100.0,27.985226
4010.0,0.0,20.0,2.0,100.0,29.43125
4011.0,0.5,20.0,2.0,100.0,29.371069
4012.0,1.0,20.0,2.0,100.0,16.30147
4013.0,2.0,20.0,2.0,100.0,26.716312
4014.0,3.0,20.0,2.0,100.0,21.801723
4015.0,5.0,20.0,2.0,100.0,12.282258
4016.0,10.0,20.0,2.0,100.0,22.81875
4017.0,20.0,20.0,2.0,100.0,26.192308
4018.0,40.0,20.0,2.0,100.0,23.272728
4019.0,49.0,20.0,2.0,100.0,21.890594
4020.0,0.0,20.0,2.0,100.0,29.98125
4021.0,0.5,20.0,2.0,100.0,17.578571
4022.0,1.0,20.0,2.0,100.0,15.626865
4023.0,2.0,20.0,2.0,100.0,15.1484375
4024.0,3.0,20.0,2.0,100.0,13.325
4025.0,5.0,20.0,2.0,100.0,14.95302
4026.0,10.0,20.0,2.0,100.0,30.45283
4027.0,20.0,20.0,2.0,100.0,21.542484
4028.0,40.0,20.0,2.0,100.0,25.470032
4029.0,49.0,20.0,2.0,100.0,26.0012
4030.0,0.0,20.0,2.0,100.0,29.037975
4031.0,0.5,20.0,2.0,100.0,28.496815
4032.0,1.0,20.0,2.0,100.0,27.633333
4033.0,2.0,20.0,2.0,100.0,20.88889
4034.0,3.0,20.0,2.0,100.0,20.67361
4035.0,5.0,20.0,2.0,100.0,13.569231
4036.0,10.0,20.0,2.0,100.0,31.823833
4037.0,20.0,20.0,2.0,100.0,28.967567
4038.0,40.0,20.0,2.0,100.0,27.34628
4039.0,49.0,20.0,2.0,100.0,33.22554
4040.0,0.0,20.0,2.0,100.0,29.196203
4041.0,0.5,20.0,2.0,100.0,28.732485
4042.0,1.0,20.0,2.0,100.0,28.732485
4043.0,2.0,20.0,2.0,100.0,20.41791
4044.0,3.0,20.0,2.0,100.0,24.927631
4045.0,5.0,20.0,2.0,100.0,23.192858
4046.0,10.0,20.0,2.0,100.0,23.181208
4047.0,20.0,20.0,2.0,100.0,25.402597
4048.0,40.0,20.0,2.0,100.0,24.40824
4049.0,49.0,20.0,2.0,100.0,26.11507
4050.0,0.0,20.0,2.0,100.0,29.320755
4051.0,0.5,20.0,2.0,100.0,20.416
4052.0,1.0,20.0,2.0,100.0,30.00625
4053.0,2.0,20.0,2.0,100.0,14.575
4054.0,3.0,20.0,2.0,100.0,16.992857
4055.0,5.0,20.0,2.0,100.0,15.072992
4056.0,10.0,20.0,2.0,100.0,14.654411
4057.0,20.0,20.0,2.0,100.0,13.543624
4058.0,40.0,20.0,2.0,100.0,23.30742
4059.0,49.0,20.0,2.0,100.0,11.116141
4060.0,0.0,20.0,2.0,100.0,29.7
4061.0,0.5,20.0,2.0,100.0,20.356165
4062.0,1.0,20.0,2.0,100.0,32.837208
4063.0,2.0,20.0,2.0,100.0,15.864
4064.0,3.0,20.0,2.0,100.0,18.022058
4065.0,5.0,20.0,2.0,100.0,33.427807
4066.0,10.0,20.0,2.0,100.0,9.155738
4067.0,20.0,20.0,2.0,100.0,26.160427
4068.0,40.0,20.0,2.0,100.0,31.014664
4069.0,49.0,20.0,2.0,100.0,23.460344
4070.0,0.0,20.0,2.0,100.0,29.834532
4071.0,0.5,20.0,2.0,100.0,24.088236
4072.0,1.0,20.0,2.0,100.0,17.596899
4073.0,2.0,20.0,2.0,100.0,18.259842
4074.0,3.0,20.0,2.0,100.0,18.407143
4075.0,5.0,20.0,2.0,100.0,16.04861
4076.0,10.0,20.0,2.0,100.0,18.5
4077.0,20.0,20.0,2.0,100.0,22.753086
4078.0,40.0,20.0,2.0,100.0,20.957945
4079.0,49.0,20.0,2.0,100.0,19.30017
4080.0,0.0,20.0,2.0,100.0,29.761005
4081.0,0.5,20.0,2.0,100.0,18.083334
4082.0,1.0,20.0,2.0,100.0,21.51938
4083.0,2.0,20.0,2.0,100.0,15.270677
4084.0,3.0,20.0,2.0,100.0,15.9838705
4085.0,5.0,20.0,2.0,100.0,11.863248
4086.0,10.0,20.0,2.0,100.0,17.43609
4087.0,20.0,20.0,2.0,100.0,24.75
4088.0,40.0,20.0,2.0,100.0,24.198347
4089.0,49.0,20.0,2.0,100.0,34.095036
4090.0,0.0,20.0,2.0,100.0,50.61644
4091.0,0.5,20.0,2.0,100.0,17.378788
4092.0,1.0,20.0,2.0,100.0,18.169014
4093.0,2.0,20.0,2.0,100.0,15.912
4094.0,3.0,20.0,2.0,100.0,19.809816
4095.0,5.0,20.0,2.0,100.0,23.658682
4096.0,10.0,20.0,2.0,100.0,8.737288
4097.0,20.0,20.0,2.0,100.0,24.324022
4098.0,40.0,20.0,2.0,100.0,31.933147
4099.0,49.0,20.0,2.0,100.0,28.89091
4100.0,0.0,20.0,2.0,100.0,29.80625
4101.0,0.5,20.0,2.0,100.0,32.919464
4102.0,1.0,20.0,2.0,100.0,17.124031
4103.0,2.0,20.0,2.0,100.0,10.210084
4104.0,3.0,20.0,2.0,100.0,27.931818
4105.0,5.0,20.0,2.0,100.0,15.160305
4106.0,10.0,20.0,2.0,100.0,27.801136
4107.0,20.0,20.0,2.0,100.0,15.653061
4108.0,40.0,20.0,2.0,100.0,32.003845
4109.0,49.0,20.0,2.0,100.0,27.596
4110.0,0.0,20.0,2.0,100.0,29.742138
4111.0,0.5,20.0,2.0,100.0,19.0
4112.0,1.0,20.0,2.0,100.0,19.196722
4113.0,2.0,20.0,2.0,100.0,26.038462
4114.0,3.0,20.0,2.0,100.0,20.413223
4115.0,5.0,20.0,2.0,100.0,10.680673
4116.0,10.0,20.0,2.0,100.0,32.19774
4117.0,20.0,20.0,2.0,100.0,25.701298
4118.0,40.0,20.0,2.0,100.0,28.725868
4119.0,49.0,20.0,2.0,100.0,19.445412
4120.0,0.0,20.0,2.0,100.0,29.91875
4121.0,0.5,20.0,2.0,100.0,30.265823
4122.0,1.0,20.0,2.0,100.0,24.90071
4123.0,2.0,20.0,2.0,100.0,19.25
4124.0,3.0,20.0,2.0,100.0,16.920635
4125.0,5.0,20.0,2.0,100.0,17.762238
4126.0,10.0,20.0,2.0,100.0,12.082706
4127.0,20.0,20.0,2.0,100.0,36.385418
4128.0,40.0,20.0,2.0,100.0,18.419512
4129.0,49.0,20.0,2.0,100.0,22.740414
4130.0,0.0,20.0,2.0,100.0,28.032051
4131.0,0.5,20.0,2.0,100.0,29.72327
4132.0,1.0,20.0,2.0,100.0,29.044304
4133.0,2.0,20.0,2.0,100.0,16.234848
4134.0,3.0,20.0,2.0,100.0,12.913385
4135.0,5.0,20.0,2.0,100.0,12.525
4136.0,10.0,20.0,2.0,100.0,14.303279
4137.0,20.0,20.0,2.0,100.0,26.911602
4138.0,40.0,20.0,2.0,100.0,27.316547
4139.0,49.0,20.0,2.0,100.0,20.574368
4140.0,0.0,20.0,2.0,100.0,29.050632
4141.0,0.5,20.0,2.0,100.0,23.868422
4142.0,1.0,20.0,2.0,100.0,15.421488
4143.0,2.0,20.0,2.0,100.0,22.778625
4144.0,3.0,20.0,2.0,100.0,24.804348
4145.0,5.0,20.0,2.0,100.0,19.192661
4146.0,10.0,20.0,2.0,100.0,19.12143
4147.0,20.0,20.0,2.0,100.0,27.927185
4148.0,40.0,20.0,2.0,100.0,26.336033
4149.0,49.0,20.0,2.0,100.0,24.776316
4150.0,0.0,20.0,2.0,100.0,28.974684
4151.0,0.5,20.0,2.0,100.0,12.02439
4152.0,1.0,20.0,2.0,100.0,20.972973
4153.0,2.0,20.0,2.0,100.0,15.008265
4154.0,3.0,20.0,2.0,100.0,15.582089
4155.0,5.0,20.0,2.0,100.0,15.529411
4156.0,10.0,20.0,2.0,100.0,26.777779
4157.0,20.0,20.0,2.0,100.0,27.67647
4158.0,40.0,20.0,2.0,100.0,22.046244
4159.0,49.0,20.0,2.0,100.0,39.038857
4160.0,0.0,20.0,2.0,100.0,28.777071
4161.0,0.5,20.0,2.0,100.0,27.903847
4162.0,1.0,20.0,2.0,100.0,16.666666
4163.0,2.0,20.0,2.0,100.0,47.747524
4164.0,3.0,20.0,2.0,100.0,14.5074625
4165.0,5.0,20.0,2.0,100.0,22.903614
4166.0,10.0,20.0,2.0,100.0,22.817518
4167.0,20.0,20.0,2.0,100.0,21.278107
4168.0,40.0,20.0,2.0,100.0,22.958176
4169.0,49.0,20.0,2.0,100.0,25.92083
4170.0,0.0,20.0,2.0,100.0,28.70886
4171.0,0.5,20.0,2.0,100.0,16.973684
4172.0,1.0,20.0,2.0,100.0,44.854168
4173.0,2.0,20.0,2.0,100.0,17.449152
4174.0,3.0,20.0,2.0,100.0,20.669172
4175.0,5.0,20.0,2.0,100.0,23.115854
4176.0,10.0,20.0,2.0,100.0,15.114285
4177.0,20.0,20.0,2.0,100.0,18.147436
4178.0,40.0,20.0,2.0,100.0,29.969297
4179.0,49.0,20.0,2.0,100.0,27.764921
4180.0,0.0,20.0,2.0,100.0,29.698112
4181.0,0.5,20.0,2.0,100.0,30.1875
4182.0,1.0,20.0,2.0,100.0,25.042553
4183.0,2.0,20.0,2.0,100.0,21.202703
4184.0,3.0,20.0,2.0,100.0,25.464788
4185.0,5.0,20.0,2.0,100.0,15.290076
4186.0,10.0,20.0,2.0,100.0,13.19084
4187.0,20.0,20.0,2.0,100.0,16.496815
4188.0,40.0,20.0,2.0,100.0,29.646841
4189.0,49.0,20.0,2.0,100.0,43.68815
4190.0,0.0,20.0,2.0,100.0,45.34555
4191.0,0.5,20.0,2.0,100.0,29.591194
4192.0,1.0,20.0,2.0,100.0,21.40625
4193.0,2.0,20.0,2.0,100.0,15.322034
4194.0,3.0,20.0,2.0,100.0,23.50376
4195.0,5.0,20.0,2.0,100.0,12.248062
4196.0,10.0,20.0,2.0,100.0,27.535715
4197.0,20.0,20.0,2.0,100.0,23.718954
4198.0,40.0,20.0,2.0,100.0,24.714285
4199.0,49.0,20.0,2.0,100.0,25.908018
4200.0,0.0,20.0,2.0,100.0,28.77848
4201.0,0.5,20.0,2.0,100.0,29.440252
4202.0,1.0,20.0,2.0,100.0,28.811321
4203.0,2.0,20.0,2.0,100.0,27.258503
4204.0,3.0,20.0,2.0,100.0,30.615385
4205.0,5.0,20.0,2.0,100.0,14.15126
4206.0,10.0,20.0,2.0,100.0,16.210526
4207.0,20.0,20.0,2.0,100.0,30.0625
4208.0,40.0,20.0,2.0,100.0,49.02518
4209.0,49.0,20.0,2.0,100.0,23.14759
4210.0,0.0,20.0,2.0,100.0,39.293415
4211.0,0.5,20.0,2.0,100.0,29.240507
4212.0,1.0,20.0,2.0,100.0,19.386364
4213.0,2.0,20.0,2.0,100.0,15.068377
4214.0,3.0,20.0,2.0,100.0,21.614286
4215.0,5.0,20.0,2.0,100.0,16.860294
4216.0,10.0,20.0,2.0,100.0,19.610064
4217.0,20.0,20.0,2.0,100.0,24.320442
4218.0,40.0,20.0,2.0,100.0,21.71134
4219.0,49.0,20.0,2.0,100.0,27.497087
4220.0,0.0,20.0,2.0,100.0,28.420382
4221.0,0.5,20.0,2.0,100.0,28.829113
4222.0,1.0,20.0,2.0,100.0,29.314465
4223.0,2.0,20.0,2.0,100.0,16.652174
4224.0,3.0,20.0,2.0,100.0,12.41129
4225.0,5.0,20.0,2.0,100.0,11.764706
4226.0,10.0,20.0,2.0,100.0,12.155172
4227.0,20.0,20.0,2.0,100.0,26.010153
4228.0,40.0,20.0,2.0,100.0,35.149208
4229.0,49.0,20.0,2.0,100.0,42.28535
4230.0,0.0,20.0,2.0,100.0,28.847134
4231.0,0.5,20.0,2.0,100.0,28.732485
4232.0,1.0,20.0,2.0,100.0,15.007692
4233.0,2.0,20.0,2.0,100.0,29.178162
4234.0,3.0,20.0,2.0,100.0,14.33077
4235.0,5.0,20.0,2.0,100.0,12.532787
4236.0,10.0,20.0,2.0,100.0,17.0
4237.0,20.0,20.0,2.0,100.0,30.887005
4238.0,40.0,20.0,2.0,100.0,32.564705
4239.0,49.0,20.0,2.0,100.0,20.793835
4240.0,0.0,20.0,2.0,100.0,29.3481
4241.0,0.5,20.0,2.0,100.0,28.867088
4242.0,1.0,20.0,2.0,100.0,18.166666
4243.0,2.0,20.0,2.0,100.0,24.594202
4244.0,3.0,20.0,2.0,100.0,12.180181
4245.0,5.0,20.0,2.0,100.0,17.376068
4246.0,10.0,20.0,2.0,100.0,13.208333
4247.0,20.0,20.0,2.0,100.0,15.503311
4248.0,40.0,20.0,2.0,100.0,32.098213
4249.0,49.0,20.0,2.0,100.0,18.369385
4250.0,0.0,20.0,2.0,100.0,29.215189
4251.0,0.5,20.0,2.0,100.0,29.202532
4252.0,1.0,20.0,2.0,100.0,17.960938
4253.0,2.0,20.0,2.0,100.0,19.924137
4254.0,3.0,20.0,2.0,100.0,12.650794
4255.0,5.0,20.0,2.0,100.0,12.0236225
4256.0,10.0,20.0,2.0,100.0,24.490196
4257.0,20.0,20.0,2.0,100.0,35.86932
4258.0,40.0,20.0,2.0,100.0,20.753942
4259.0,49.0,20.0,2.0,100.0,25.855833
4260.0,0.0,20.0,2.0,100.0,29.126583
4261.0,0.5,20.0,2.0,100.0,29.528301
4262.0,1.0,20.0,2.0,100.0,29.234177
4263.0,2.0,20.0,2.0,100.0,15.95935
4264.0,3.0,20.0,2.0,100.0,21.361841
4265.0,5.0,20.0,2.0,100.0,12.630252
4266.0,10.0,20.0,2.0,100.0,24.086956
4267.0,20.0,20.0,2.0,100.0,16.721804
4268.0,40.0,20.0,2.0,100.0,41.660316
4269.0,49.0,20.0,2.0,100.0,32.47153
4270.0,0.0,20.0,2.0,100.0,29.729559
4271.0,0.5,20.0,2.0,100.0,36.01105
4272.0,1.0,20.0,2.0,100.0,27.155405
4273.0,2.0,20.0,2.0,100.0,18.067114
4274.0,3.0,20.0,2.0,100.0,12.696
4275.0,5.0,20.0,2.0,100.0,17.175438
4276.0,10.0,20.0,2.0,100.0,16.0
4277.0,20.0,20.0,2.0,100.0,29.494898
4278.0,40.0,20.0,2.0,100.0,29.289576
4279.0,49.0,20.0,2.0,100.0,25.823713
4280.0,0.0,20.0,2.0,100.0,30.00625
4281.0,0.5,20.0,2.0,100.0,23.5
4282.0,1.0,20.0,2.0,100.0,17.985075
4283.0,2.0,20.0,2.0,100.0,18.007195
4284.0,3.0,20.0,2.0,100.0,13.433333
4285.0,5.0,20.0,2.0,100.0,22.367743
4286.0,10.0,20.0,2.0,100.0,12.305344
4287.0,20.0,20.0,2.0,100.0,34.673576
4288.0,40.0,20.0,2.0,100.0,23.122952
4289.0,49.0,20.0,2.0,100.0,31.554071
4290.0,0.0,20.0,2.0,100.0,30.32298
4291.0,0.5,20.0,2.0,100.0,29.27848
4292.0,1.0,20.0,2.0,100.0,29.647799
4293.0,2.0,20.0,2.0,100.0,22.929935
4294.0,3.0,20.0,2.0,100.0,24.91772
4295.0,5.0,20.0,2.0,100.0,13.671533
4296.0,10.0,20.0,2.0,100.0,16.409449
4297.0,20.0,20.0,2.0,100.0,11.449613
4298.0,40.0,20.0,2.0,100.0,21.564394
4299.0,49.0,20.0,2.0,100.0,15.174927
4300.0,0.0,20.0,2.0,100.0,29.62264
4301.0,0.5,20.0,2.0,100.0,28.955696
4302.0,1.0,20.0,2.0,100.0,16.925926
4303.0,2.0,20.0,2.0,100.0,19.51389
4304.0,3.0,20.0,2.0,100.0,25.344633
4305.0,5.0,20.0,2.0,100.0,13.453846
4306.0,10.0,20.0,2.0,100.0,46.29493
4307.0,20.0,20.0,2.0,100.0,20.196203
4308.0,40.0,20.0,2.0,100.0,29.382023
4309.0,49.0,20.0,2.0,100.0,26.521952
4310.0,0.0,20.0,2.0,100.0,30.25
4311.0,0.5,20.0,2.0,100.0,28.452229
4312.0,1.0,20.0,2.0,100.0,13.541667
4313.0,2.0,20.0,2.0,100.0,22.868422
4314.0,3.0,20.0,2.0,100.0,18.72441
4315.0,5.0,20.0,2.0,100.0,16.451853
4316.0,10.0,20.0,2.0,100.0,16.80147
4317.0,20.0,20.0,2.0,100.0,21.93919
4318.0,40.0,20.0,2.0,100.0,48.06984
4319.0,49.0,20.0,2.0,100.0,37.98281
4320.0,0.0,20.0,2.0,100.0,29.232704
4321.0,0.5,20.0,2.0,100.0,15.34375
4322.0,1.0,20.0,2.0,100.0,28.013422
4323.0,2.0,20.0,2.0,100.0,28.879747
4324.0,3.0,20.0,2.0,100.0,12.211382
4325.0,5.0,20.0,2.0,100.0,12.333333
4326.0,10.0,20.0,2.0,100.0,12.664123
4327.0,20.0,20.0,2.0,100.0,30.572115
4328.0,40.0,20.0,2.0,100.0,17.843435
4329.0,49.0,20.0,2.0,100.0,22.424408
4330.0,0.0,20.0,2.0,100.0,30.025
4331.0,0.5,20.0,2.0,100.0,22.430769
4332.0,1.0,20.0,2.0,100.0,29.316456
4333.0,2.0,20.0,2.0,100.0,12.739838
4334.0,3.0,20.0,2.0,100.0,11.5348835
4335.0,5.0,20.0,2.0,100.0,23.29932
4336.0,10.0,20.0,2.0,100.0,15.2713175
4337.0,20.0,20.0,2.0,100.0,23.868055
4338.0,40.0,20.0,2.0,100.0,24.406977
4339.0,49.0,20.0,2.0,100.0,19.542797
4340.0,0.0,20.0,2.0,100.0,29.018988
4341.0,0.5,20.0,2.0,100.0,30.157232
4342.0,1.0,20.0,2.0,100.0,15.023255
4343.0,2.0,20.0,2.0,100.0,22.834436
4344.0,3.0,20.0,2.0,100.0,17.727942
4345.0,5.0,20.0,2.0,100.0,9.00862
4346.0,10.0,20.0,2.0,100.0,23.144827
4347.0,20.0,20.0,2.0,100.0,17.67133
4348.0,40.0,20.0,2.0,100.0,24.180672
4349.0,49.0,20.0,2.0,100.0,29.78504
4350.0,0.0,20.0,2.0,100.0,44.48691
4351.0,0.5,20.0,2.0,100.0,23.963236
4352.0,1.0,20.0,2.0,100.0,16.962122
4353.0,2.0,20.0,2.0,100.0,15.792593
4354.0,3.0,20.0,2.0,100.0,22.95862
4355.0,5.0,20.0,2.0,100.0,15.719008
4356.0,10.0,20.0,2.0,100.0,17.764706
4357.0,20.0,20.0,2.0,100.0,31.190475
4358.0,40.0,20.0,2.0,100.0,24.759583
4359.0,49.0,20.0,2.0,100.0,24.52643
4360.0,0.0,20.0,2.0,100.0,28.867088
4361.0,0.5,20.0,2.0,100.0,15.773109
4362.0,1.0,20.0,2.0,100.0,30.075
4363.0,2.0,20.0,2.0,100.0,16.219696
4364.0,3.0,20.0,2.0,100.0,14.235294
4365.0,5.0,20.0,2.0,100.0,18.697674
4366.0,10.0,20.0,2.0,100.0,20.705479
4367.0,20.0,20.0,2.0,100.0,16.459259
4368.0,40.0,20.0,2.0,100.0,19.120275
4369.0,49.0,20.0,2.0,100.0,23.995905
4370.0,0.0,20.0,2.0,100.0,30.18125
4371.0,0.5,20.0,2.0,100.0,29.584906
4372.0,1.0,20.0,2.0,100.0,19.186993
4373.0,2.0,20.0,2.0,100.0,10.3
4374.0,3.0,20.0,2.0,100.0,14.508064
4375.0,5.0,20.0,2.0,100.0,23.993866
4376.0,10.0,20.0,2.0,100.0,21.23313
4377.0,20.0,20.0,2.0,100.0,24.94012
4378.0,40.0,20.0,2.0,100.0,26.28125
4379.0,49.0,20.0,2.0,100.0,47.93376
4380.0,0.0,20.0,2.0,100.0,29.202532
4381.0,0.5,20.0,2.0,100.0,29.7625
4382.0,1.0,20.0,2.0,100.0,42.304092
4383.0,2.0,20.0,2.0,100.0,17.33071
4384.0,3.0,20.0,2.0,100.0,29.9
4385.0,5.0,20.0,2.0,100.0,21.198412
4386.0,10.0,20.0,2.0,100.0,16.045454
4387.0,20.0,20.0,2.0,100.0,18.533709
4388.0,40.0,20.0,2.0,100.0,17.671497
4389.0,49.0,20.0,2.0,100.0,21.975664
4390.0,0.0,20.0,2.0,100.0,30.53416
4391.0,0.5,20.0,2.0,100.0,29.522013
4392.0,1.0,20.0,2.0,100.0,18.913794
4393.0,2.0,20.0,2.0,100.0,21.404907
4394.0,3.0,20.0,2.0,100.0,18.145834
4395.0,5.0,20.0,2.0,100.0,22.445946
4396.0,10.0,20.0,2.0,100.0,23.515152
4397.0,20.0,20.0,2.0,100.0,27.163742
4398.0,40.0,20.0,2.0,100.0,31.18894
4399.0,49.0,20.0,2.0,100.0,15.474245
4400.0,0.0,20.0,2.0,100.0,29.120253
4401.0,0.5,20.0,2.0,100.0,15.290322
4402.0,1.0,20.0,2.0,100.0,10.73913
4403.0,2.0,20.0,2.0,100.0,20.784172
4404.0,3.0,20.0,2.0,100.0,13.107142
4405.0,5.0,20.0,2.0,100.0,23.741722
4406.0,10.0,20.0,2.0,100.0,11.333333
4407.0,20.0,20.0,2.0,100.0,25.221476
4408.0,40.0,20.0,2.0,100.0,24.711246
4409.0,49.0,20.0,2.0,100.0,22.697231
4410.0,0.0,20.0,2.0,100.0,29.226416
4411.0,0.5,20.0,2.0,100.0,29.345911
4412.0,1.0,20.0,2.0,100.0,53.6652
4413.0,2.0,20.0,2.0,100.0,17.933332
4414.0,3.0,20.0,2.0,100.0,21.35433
4415.0,5.0,20.0,2.0,100.0,15.299146
4416.0,10.0,20.0,2.0,100.0,12.439394
4417.0,20.0,20.0,2.0,100.0,27.668638
4418.0,40.0,20.0,2.0,100.0,28.988636
4419.0,49.0,20.0,2.0,100.0,19.421223
4420.0,0.0,20.0,2.0,100.0,29.89375
4421.0,0.5,20.0,2.0,100.0,25.723404
4422.0,1.0,20.0,2.0,100.0,17.18705
4423.0,2.0,20.0,2.0,100.0,26.693878
4424.0,3.0,20.0,2.0,100.0,15.284553
4425.0,5.0,20.0,2.0,100.0,16.425373
4426.0,10.0,20.0,2.0,100.0,17.424051
4427.0,20.0,20.0,2.0,100.0,16.472973
4428.0,40.0,20.0,2.0,100.0,25.396826
4429.0,49.0,20.0,2.0,100.0,27.933851
4430.0,0.0,20.0,2.0,100.0,29.297468
4431.0,0.5,20.0,2.0,100.0,20.77551
4432.0,1.0,20.0,2.0,100.0,21.34694
4433.0,2.0,20.0,2.0,100.0,27.948717
4434.0,3.0,20.0,2.0,100.0,18.231405
4435.0,5.0,20.0,2.0,100.0,18.94074
4436.0,10.0,20.0,2.0,100.0,12.413534
4437.0,20.0,20.0,2.0,100.0,26.276596
4438.0,40.0,20.0,2.0,100.0,27.876404
4439.0,49.0,20.0,2.0,100.0,22.192556
4440.0,0.0,20.0,2.0,100.0,29.484276
4441.0,0.5,20.0,2.0,100.0,28.93038
4442.0,1.0,20.0,2.0,100.0,29.930819
4443.0,2.0,20.0,2.0,100.0,26.191082
4444.0,3.0,20.0,2.0,100.0,20.078571
4445.0,5.0,20.0,2.0,100.0,19.013245
4446.0,10.0,20.0,2.0,100.0,19.160494
4447.0,20.0,20.0,2.0,100.0,36.57237
4448.0,40.0,20.0,2.0,100.0,18.571428
4449.0,49.0,20.0,2.0,100.0,27.513794
4450.0,0.0,20.0,2.0,100.0,29.490566
4451.0,0.5,20.0,2.0,100.0,15.338843
4452.0,1.0,20.0,2.0,100.0,19.417809
4453.0,2.0,20.0,2.0,100.0,14.739838
4454.0,3.0,20.0,2.0,100.0,19.47934
4455.0,5.0,20.0,2.0,100.0,14.495575
4456.0,10.0,20.0,2.0,100.0,24.408283
4457.0,20.0,20.0,2.0,100.0,22.28485
4458.0,40.0,20.0,2.0,100.0,41.758842
4459.0,49.0,20.0,2.0,100.0,24.641026
4460.0,0.0,20.0,2.0,100.0,29.308176
4461.0,0.5,20.0,2.0,100.0,29.775
4462.0,1.0,20.0,2.0,100.0,17.67227
4463.0,2.0,20.0,2.0,100.0,18.872341
4464.0,3.0,20.0,2.0,100.0,10.357723
4465.0,5.0,20.0,2.0,100.0,16.297102
4466.0,10.0,20.0,2.0,100.0,20.566668
4467.0,20.0,20.0,2.0,100.0,20.719513
4468.0,40.0,20.0,2.0,100.0,23.756218
4469.0,49.0,20.0,2.0,100.0,31.808924
4470.0,0.0,20.0,2.0,100.0,28.0
4471.0,0.5,20.0,2.0,100.0,28.248407
4472.0,1.0,20.0,2.0,100.0,19.516394
4473.0,2.0,20.0,2.0,100.0,23.359478
4474.0,3.0,20.0,2.0,100.0,19.632912
4475.0,5.0,20.0,2.0,100.0,22.173334
4476.0,10.0,20.0,2.0,100.0,27.796053
4477.0,20.0,20.0,2.0,100.0,27.994709
4478.0,40.0,20.0,2.0,100.0,24.356903
4479.0,49.0,20.0,2.0,100.0,27.251143
4480.0,0.0,20.0,2.0,100.0,29.94375
4481.0,0.5,20.0,2.0,100.0,11.682927
4482.0,1.0,20.0,2.0,100.0,17.025
4483.0,2.0,20.0,2.0,100.0,18.0
4484.0,3.0,20.0,2.0,100.0,12.754098
4485.0,5.0,20.0,2.0,100.0,21.43871
4486.0,10.0,20.0,2.0,100.0,22.505953
4487.0,20.0,20.0,2.0,100.0,29.539877
4488.0,40.0,20.0,2.0,100.0,21.866198
4489.0,49.0,20.0,2.0,100.0,6.464997
4490.0,0.0,20.0,2.0,100.0,29.660378
4491.0,0.5,20.0,2.0,100.0,15.193548
4492.0,1.0,20.0,2.0,100.0,28.369427
4493.0,2.0,20.0,2.0,100.0,19.660257
4494.0,3.0,20.0,2.0,100.0,13.015385
4495.0,5.0,20.0,2.0,100.0,22.351725
4496.0,10.0,20.0,2.0,100.0,9.95
4497.0,20.0,20.0,2.0,100.0,28.475935
4498.0,40.0,20.0,2.0,100.0,19.05747
4499.0,49.0,20.0,2.0,100.0,19.087444
4500.0,0.0,20.0,2.0,100.0,28.700638
4501.0,0.5,20.0,2.0,100.0,29.95
4502.0,1.0,20.0,2.0,100.0,28.615385
4503.0,2.0,20.0,2.0,100.0,17.390625
4504.0,3.0,20.0,2.0,100.0,13.421488
4505.0,5.0,20.0,2.0,100.0,11.454545
4506.0,10.0,20.0,2.0,100.0,19.958677
4507.0,20.0,20.0,2.0,100.0,21.376623
4508.0,40.0,20.0,2.0,100.0,23.312716
4509.0,49.0,20.0,2.0,100.0,15.459135
4510.0,0.0,20.0,2.0,100.0,28.911392
4511.0,0.5,20.0,2.0,100.0,16.22689
4512.0,1.0,20.0,2.0,100.0,30.16875
4513.0,2.0,20.0,2.0,100.0,14.40625
4514.0,3.0,20.0,2.0,100.0,12.672269
4515.0,5.0,20.0,2.0,100.0,12.674242
4516.0,10.0,20.0,2.0,100.0,15.718518
4517.0,20.0,20.0,2.0,100.0,31.114458
4518.0,40.0,20.0,2.0,100.0,19.00405
4519.0,49.0,20.0,2.0,100.0,33.214874
4520.0,0.0,20.0,2.0,100.0,29.031645
4521.0,0.5,20.0,2.0,100.0,29.528301
4522.0,1.0,20.0,2.0,100.0,42.990826
4523.0,2.0,20.0,2.0,100.0,14.727273
4524.0,3.0,20.0,2.0,100.0,14.288
4525.0,5.0,20.0,2.0,100.0,13.870229
4526.0,10.0,20.0,2.0,100.0,19.212767
4527.0,20.0,20.0,2.0,100.0,22.210844
4528.0,40.0,20.0,2.0,100.0,22.576792
4529.0,49.0,20.0,2.0,100.0,44.196945
4530.0,0.0,20.0,2.0,100.0,30.397516
4531.0,0.5,20.0,2.0,100.0,29.322784
4532.0,1.0,20.0,2.0,100.0,26.70946
4533.0,2.0,20.0,2.0,100.0,16.605839
4534.0,3.0,20.0,2.0,100.0,19.496
4535.0,5.0,20.0,2.0,100.0,16.153847
4536.0,10.0,20.0,2.0,100.0,20.971428
4537.0,20.0,20.0,2.0,100.0,22.320988
4538.0,40.0,20.0,2.0,100.0,31.448845
4539.0,49.0,20.0,2.0,100.0,19.657988
4540.0,0.0,20.0,2.0,100.0,30.14375
4541.0,0.5,20.0,2.0,100.0,28.879747
4542.0,1.0,20.0,2.0,100.0,14.212599
4543.0,2.0,20.0,2.0,100.0,25.087591
4544.0,3.0,20.0,2.0,100.0,18.816902
4545.0,5.0,20.0,2.0,100.0,13.692913
4546.0,10.0,20.0,2.0,100.0,25.398773
4547.0,20.0,20.0,2.0,100.0,19.7707
4548.0,40.0,20.0,2.0,100.0,17.94
4549.0,49.0,20.0,2.0,100.0,38.36034
4550.0,0.0,20.0,2.0,100.0,28.866241
4551.0,0.5,20.0,2.0,100.0,29.685535
4552.0,1.0,20.0,2.0,100.0,16.674603
4553.0,2.0,20.0,2.0,100.0,24.243422
4554.0,3.0,20.0,2.0,100.0,19.29661
4555.0,5.0,20.0,2.0,100.0,17.302816
4556.0,10.0,20.0,2.0,100.0,18.806202
4557.0,20.0,20.0,2.0,100.0,21.083334
4558.0,40.0,20.0,2.0,100.0,25.118227
4559.0,49.0,20.0,2.0,100.0,22.44608
4560.0,0.0,20.0,2.0,100.0,48.350468
4561.0,0.5,20.0,2.0,100.0,18.271187
4562.0,1.0,20.0,2.0,100.0,22.615385
4563.0,2.0,20.0,2.0,100.0,21.190475
4564.0,3.0,20.0,2.0,100.0,19.484615
4565.0,5.0,20.0,2.0,100.0,34.29231
4566.0,10.0,20.0,2.0,100.0,20.236486
4567.0,20.0,20.0,2.0,100.0,16.7651
4568.0,40.0,20.0,2.0,100.0,19.103449
4569.0,49.0,20.0,2.0,100.0,4.9219346
4570.0,0.0,20.0,2.0,100.0,54.28879
4571.0,0.5,20.0,2.0,100.0,21.581081
4572.0,1.0,20.0,2.0,100.0,24.673914
4573.0,2.0,20.0,2.0,100.0,19.808332
4574.0,3.0,20.0,2.0,100.0,22.07742
4575.0,5.0,20.0,2.0,100.0,23.68098
4576.0,10.0,20.0,2.0,100.0,22.159235
4577.0,20.0,20.0,2.0,100.0,24.647058
4578.0,40.0,20.0,2.0,100.0,33.034042
4579.0,49.0,20.0,2.0,100.0,33.476616
4580.0,0.0,20.0,2.0,100.0,29.339622
4581.0,0.5,20.0,2.0,100.0,24.76159
4582.0,1.0,20.0,2.0,100.0,30.515528
4583.0,2.0,20.0,2.0,100.0,14.690909
4584.0,3.0,20.0,2.0,100.0,21.150328
4585.0,5.0,20.0,2.0,100.0,30.34066
4586.0,10.0,20.0,2.0,100.0,12.6861315
4587.0,20.0,20.0,2.0,100.0,27.512196
4588.0,40.0,20.0,2.0,100.0,23.85432
4589.0,49.0,20.0,2.0,100.0,19.618874
4590.0,0.0,20.0,2.0,100.0,30.118011
4591.0,0.5,20.0,2.0,100.0,13.689075
4592.0,1.0,20.0,2.0,100.0,17.024391
4593.0,2.0,20.0,2.0,100.0,14.917294
4594.0,3.0,20.0,2.0,100.0,17.805084
4595.0,5.0,20.0,2.0,100.0,25.746836
4596.0,10.0,20.0,2.0,100.0,13.158274
4597.0,20.0,20.0,2.0,100.0,23.01875
4598.0,40.0,20.0,2.0,100.0,30.468279
4599.0,49.0,20.0,2.0,100.0,25.825123
4600.0,0.0,20.0,2.0,100.0,28.579618
4601.0,0.5,20.0,2.0,100.0,29.421383
4602.0,1.0,20.0,2.0,100.0,16.496
4603.0,2.0,20.0,2.0,100.0,18.986013
4604.0,3.0,20.0,2.0,100.0,10.649572
4605.0,5.0,20.0,2.0,100.0,11.833333
4606.0,10.0,20.0,2.0,100.0,26.04321
4607.0,20.0,20.0,2.0,100.0,29.29703
4608.0,40.0,20.0,2.0,100.0,26.16092
4609.0,49.0,20.0,2.0,100.0,22.100847
4610.0,0.0,20.0,2.0,100.0,29.84375
4611.0,0.5,20.0,2.0,100.0,21.467627
4612.0,1.0,20.0,2.0,100.0,29.89172
4613.0,2.0,20.0,2.0,100.0,15.5
4614.0,3.0,20.0,2.0,100.0,13.075188
4615.0,5.0,20.0,2.0,100.0,18.265152
4616.0,10.0,20.0,2.0,100.0,24.444445
4617.0,20.0,20.0,2.0,100.0,20.011976
4618.0,40.0,20.0,2.0,100.0,22.608511
4619.0,49.0,20.0,2.0,100.0,21.90646
4620.0,0.0,20.0,2.0,100.0,52.681416
4621.0,0.5,20.0,2.0,100.0,28.867088
4622.0,1.0,20.0,2.0,100.0,29.566038
4623.0,2.0,20.0,2.0,100.0,18.38168
4624.0,3.0,20.0,2.0,100.0,29.050632
4625.0,5.0,20.0,2.0,100.0,20.395834
4626.0,10.0,20.0,2.0,100.0,19.023952
4627.0,20.0,20.0,2.0,100.0,11.650407
4628.0,40.0,20.0,2.0,100.0,29.988722
4629.0,49.0,20.0,2.0,100.0,27.218704
4630.0,0.0,20.0,2.0,100.0,30.428572
4631.0,0.5,20.0,2.0,100.0,29.929031
4632.0,1.0,20.0,2.0,100.0,16.791044
4633.0,2.0,20.0,2.0,100.0,16.310925
4634.0,3.0,20.0,2.0,100.0,10.441667
4635.0,5.0,20.0,2.0,100.0,22.535484
4636.0,10.0,20.0,2.0,100.0,25.682926
4637.0,20.0,20.0,2.0,100.0,20.786163
4638.0,40.0,20.0,2.0,100.0,19.30303
4639.0,49.0,20.0,2.0,100.0,25.867672
4640.0,0.0,20.0,2.0,100.0,29.925467
4641.0,0.5,20.0,2.0,100.0,22.933332
4642.0,1.0,20.0,2.0,100.0,17.23077
4643.0,2.0,20.0,2.0,100.0,15.43609
4644.0,3.0,20.0,2.0,100.0,19.908537
4645.0,5.0,20.0,2.0,100.0,13.624
4646.0,10.0,20.0,2.0,100.0,31.15341
4647.0,20.0,20.0,2.0,100.0,26.110497
4648.0,40.0,20.0,2.0,100.0,27.667809
4649.0,49.0,20.0,2.0,100.0,28.352583
4650.0,0.0,20.0,2.0,100.0,30.777779
4651.0,0.5,20.0,2.0,100.0,28.840765
4652.0,1.0,20.0,2.0,100.0,51.65948
4653.0,2.0,20.0,2.0,100.0,26.298014
4654.0,3.0,20.0,2.0,100.0,19.741722
4655.0,5.0,20.0,2.0,100.0,17.968504
4656.0,10.0,20.0,2.0,100.0,16.409836
4657.0,20.0,20.0,2.0,100.0,24.965319
4658.0,40.0,20.0,2.0,100.0,28.103586
4659.0,49.0,20.0,2.0,100.0,22.265232
4660.0,0.0,20.0,2.0,100.0,29.830189
4661.0,0.5,20.0,2.0,100.0,29.975
4662.0,1.0,20.0,2.0,100.0,24.137255
4663.0,2.0,20.0,2.0,100.0,11.178862
4664.0,3.0,20.0,2.0,100.0,24.066668
4665.0,5.0,20.0,2.0,100.0,12.771187
4666.0,10.0,20.0,2.0,100.0,25.516129
4667.0,20.0,20.0,2.0,100.0,29.108912
4668.0,40.0,20.0,2.0,100.0,29.392857
4669.0,49.0,20.0,2.0,100.0,40.209175
4670.0,0.0,20.0,2.0,100.0,29.660378
4671.0,0.5,20.0,2.0,100.0,16.59292
4672.0,1.0,20.0,2.0,100.0,27.345238
4673.0,2.0,20.0,2.0,100.0,27.8
4674.0,3.0,20.0,2.0,100.0,15.781022
4675.0,5.0,20.0,2.0,100.0,15.61194
4676.0,10.0,20.0,2.0,100.0,23.130682
4677.0,20.0,20.0,2.0,100.0,30.889503
4678.0,40.0,20.0,2.0,100.0,30.036036
4679.0,49.0,20.0,2.0,100.0,21.611341
4680.0,0.0,20.0,2.0,100.0,29.386076
4681.0,0.5,20.0,2.0,100.0,20.034483
4682.0,1.0,20.0,2.0,100.0,28.012821
4683.0,2.0,20.0,2.0,100.0,16.745901
4684.0,3.0,20.0,2.0,100.0,21.087248
4685.0,5.0,20.0,2.0,100.0,22.275
4686.0,10.0,20.0,2.0,100.0,24.014814
4687.0,20.0,20.0,2.0,100.0,29.05294
4688.0,40.0,20.0,2.0,100.0,32.465202
4689.0,49.0,20.0,2.0,100.0,20.94312
4690.0,0.0,20.0,2.0,100.0,28.305733
4691.0,0.5,20.0,2.0,100.0,15.5234375
4692.0,1.0,20.0,2.0,100.0,24.03268
4693.0,2.0,20.0,2.0,100.0,16.42029
4694.0,3.0,20.0,2.0,100.0,17.992592
4695.0,5.0,20.0,2.0,100.0,20.892563
4696.0,10.0,20.0,2.0,100.0,11.522388
4697.0,20.0,20.0,2.0,100.0,16.933332
4698.0,40.0,20.0,2.0,100.0,32.622643
4699.0,49.0,20.0,2.0,100.0,30.45359
4700.0,0.0,20.0,2.0,100.0,28.835443
4701.0,0.5,20.0,2.0,100.0,20.09756
4702.0,1.0,20.0,2.0,100.0,18.1
4703.0,2.0,20.0,2.0,100.0,19.239437
4704.0,3.0,20.0,2.0,100.0,17.915493
4705.0,5.0,20.0,2.0,100.0,18.650406
4706.0,10.0,20.0,2.0,100.0,13.464286
4707.0,20.0,20.0,2.0,100.0,19.005882
4708.0,40.0,20.0,2.0,100.0,21.574074
4709.0,49.0,20.0,2.0,100.0,23.097614
4710.0,0.0,20.0,2.0,100.0,29.475
4711.0,0.5,20.0,2.0,100.0,29.54717
4712.0,1.0,20.0,2.0,100.0,14.148761
4713.0,2.0,20.0,2.0,100.0,14.179487
4714.0,3.0,20.0,2.0,100.0,20.044445
4715.0,5.0,20.0,2.0,100.0,29.815218
4716.0,10.0,20.0,2.0,100.0,22.084337
4717.0,20.0,20.0,2.0,100.0,23.431034
4718.0,40.0,20.0,2.0,100.0,29.678446
4719.0,49.0,20.0,2.0,100.0,34.92465
4720.0,0.0,20.0,2.0,100.0,29.45283
4721.0,0.5,20.0,2.0,100.0,29.019108
4722.0,1.0,20.0,2.0,100.0,29.44586
4723.0,2.0,20.0,2.0,100.0,16.406504
4724.0,3.0,20.0,2.0,100.0,17.884298
4725.0,5.0,20.0,2.0,100.0,11.929204
4726.0,10.0,20.0,2.0,100.0,20.04908
4727.0,20.0,20.0,2.0,100.0,19.120806
4728.0,40.0,20.0,2.0,100.0,29.341177
4729.0,49.0,20.0,2.0,100.0,27.878548
4730.0,0.0,20.0,2.0,100.0,28.658228
4731.0,0.5,20.0,2.0,100.0,28.141026
4732.0,1.0,20.0,2.0,100.0,15.336
4733.0,2.0,20.0,2.0,100.0,13.274194
4734.0,3.0,20.0,2.0,100.0,13.089552
4735.0,5.0,20.0,2.0,100.0,13.1
4736.0,10.0,20.0,2.0,100.0,29.017857
4737.0,20.0,20.0,2.0,100.0,24.64151
4738.0,40.0,20.0,2.0,100.0,18.167786
4739.0,49.0,20.0,2.0,100.0,31.682106
4740.0,0.0,20.0,2.0,100.0,29.672956
4741.0,0.5,20.0,2.0,100.0,16.274193
4742.0,1.0,20.0,2.0,100.0,19.588236
4743.0,2.0,20.0,2.0,100.0,12.66923
4744.0,3.0,20.0,2.0,100.0,25.39735
4745.0,5.0,20.0,2.0,100.0,14.077586
4746.0,10.0,20.0,2.0,100.0,19.185715
4747.0,20.0,20.0,2.0,100.0,24.926828
4748.0,40.0,20.0,2.0,100.0,30.326271
4749.0,49.0,20.0,2.0,100.0,33.983517
4750.0,0.0,20.0,2.0,100.0,28.72152
4751.0,0.5,20.0,2.0,100.0,25.895523
4752.0,1.0,20.0,2.0,100.0,18.550848
4753.0,2.0,20.0,2.0,100.0,21.328
4754.0,3.0,20.0,2.0,100.0,11.528
4755.0,5.0,20.0,2.0,100.0,14.75
4756.0,10.0,20.0,2.0,100.0,12.654411
4757.0,20.0,20.0,2.0,100.0,23.367817
4758.0,40.0,20.0,2.0,100.0,25.416666
4759.0,49.0,20.0,2.0,100.0,29.123552
4760.0,0.0,20.0,2.0,100.0,27.621796
4761.0,0.5,20.0,2.0,100.0,22.308725
4762.0,1.0,20.0,2.0,100.0,19.89313
4763.0,2.0,20.0,2.0,100.0,19.927153
4764.0,3.0,20.0,2.0,100.0,18.784615
4765.0,5.0,20.0,2.0,100.0,12.830646
4766.0,10.0,20.0,2.0,100.0,26.58192
4767.0,20.0,20.0,2.0,100.0,25.167597
4768.0,40.0,20.0,2.0,100.0,41.97984
4769.0,49.0,20.0,2.0,100.0,25.298283
4770.0,0.0,20.0,2.0,100.0,28.99375
4771.0,0.5,20.0,2.0,100.0,28.493334
4772.0,1.0,20.0,2.0,100.0,13.906779
4773.0,2.0,20.0,2.0,100.0,16.115702
4774.0,3.0,20.0,2.0,100.0,16.872341
4775.0,5.0,20.0,2.0,100.0,14.792857
4776.0,10.0,20.0,2.0,100.0,24.442177
4777.0,20.0,20.0,2.0,100.0,28.575949
4778.0,40.0,20.0,2.0,100.0,25.528688
4779.0,49.0,20.0,2.0,100.0,26.31484
4780.0,0.0,20.0,2.0,100.0,28.24359
4781.0,0.5,20.0,2.0,100.0,14.992
4782.0,1.0,20.0,2.0,100.0,23.902985
4783.0,2.0,20.0,2.0,100.0,14.307693
4784.0,3.0,20.0,2.0,100.0,16.165413
4785.0,5.0,20.0,2.0,100.0,17.76
4786.0,10.0,20.0,2.0,100.0,26.465517
4787.0,20.0,20.0,2.0,100.0,26.114458
4788.0,40.0,20.0,2.0,100.0,26.65926
4789.0,49.0,20.0,2.0,100.0,23.73271
4790.0,0.0,20.0,2.0,100.0,28.490446
4791.0,0.5,20.0,2.0,100.0,21.142857
4792.0,1.0,20.0,2.0,100.0,15.278688
4793.0,2.0,20.0,2.0,100.0,34.31937
4794.0,3.0,20.0,2.0,100.0,20.132868
4795.0,5.0,20.0,2.0,100.0,15.134454
4796.0,10.0,20.0,2.0,100.0,31.022858
4797.0,20.0,20.0,2.0,100.0,22.26415
4798.0,40.0,20.0,2.0,100.0,25.161016
4799.0,49.0,20.0,2.0,100.0,18.95055
4800.0,0.0,20.0,2.0,100.0,29.251572
4801.0,0.5,20.0,2.0,100.0,15.495868
4802.0,1.0,20.0,2.0,100.0,15.608334
4803.0,2.0,20.0,2.0,100.0,20.88889
4804.0,3.0,20.0,2.0,100.0,13.769841
4805.0,5.0,20.0,2.0,100.0,13.609756
4806.0,10.0,20.0,2.0,100.0,23.5
4807.0,20.0,20.0,2.0,100.0,27.505434
4808.0,40.0,20.0,2.0,100.0,33.746033
4809.0,49.0,20.0,2.0,100.0,23.83267
4810.0,0.0,20.0,2.0,100.0,28.772152
4811.0,0.5,20.0,2.0,100.0,30.354036
4812.0,1.0,20.0,2.0,100.0,21.603174
4813.0,2.0,20.0,2.0,100.0,21.51145
4814.0,3.0,20.0,2.0,100.0,22.48125
4815.0,5.0,20.0,2.0,100.0,15.065041
4816.0,10.0,20.0,2.0,100.0,28.33721
4817.0,20.0,20.0,2.0,100.0,23.314102
4818.0,40.0,20.0,2.0,100.0,29.768473
4819.0,49.0,20.0,2.0,100.0,22.06011
4820.0,0.0,20.0,2.0,100.0,56.116882
4821.0,0.5,20.0,2.0,100.0,29.132076
4822.0,1.0,20.0,2.0,100.0,18.420168
4823.0,2.0,20.0,2.0,100.0,20.383562
4824.0,3.0,20.0,2.0,100.0,15.15748
4825.0,5.0,20.0,2.0,100.0,26.306122
4826.0,10.0,20.0,2.0,100.0,22.71831
4827.0,20.0,20.0,2.0,100.0,19.8625
4828.0,40.0,20.0,2.0,100.0,19.364864
4829.0,49.0,20.0,2.0,100.0,30.506542
4830.0,0.0,20.0,2.0,100.0,30.447205
4831.0,0.5,20.0,2.0,100.0,12.709924
4832.0,1.0,20.0,2.0,100.0,14.257576
4833.0,2.0,20.0,2.0,100.0,18.085938
4834.0,3.0,20.0,2.0,100.0,25.829786
4835.0,5.0,20.0,2.0,100.0,15.114754
4836.0,10.0,20.0,2.0,100.0,20.272728
4837.0,20.0,20.0,2.0,100.0,29.314102
4838.0,40.0,20.0,2.0,100.0,31.25
4839.0,49.0,20.0,2.0,100.0,16.952446
4840.0,0.0,20.0,2.0,100.0,29.8625
4841.0,0.5,20.0,2.0,100.0,15.5
4842.0,1.0,20.0,2.0,100.0,13.328244
4843.0,2.0,20.0,2.0,100.0,11.84375
4844.0,3.0,20.0,2.0,100.0,19.333334
4845.0,5.0,20.0,2.0,100.0,10.310345
4846.0,10.0,20.0,2.0,100.0,25.071428
4847.0,20.0,20.0,2.0,100.0,34.545456
4848.0,40.0,20.0,2.0,100.0,26.861788
4849.0,49.0,20.0,2.0,100.0,23.613207
4850.0,0.0,20.0,2.0,100.0,29.06962
4851.0,0.5,20.0,2.0,100.0,23.072847
4852.0,1.0,20.0,2.0,100.0,22.19863
4853.0,2.0,20.0,2.0,100.0,15.65
4854.0,3.0,20.0,2.0,100.0,16.584745
4855.0,5.0,20.0,2.0,100.0,17.992424
4856.0,10.0,20.0,2.0,100.0,38.765625
4857.0,20.0,20.0,2.0,100.0,43.446903
4858.0,40.0,20.0,2.0,100.0,31.976027
4859.0,49.0,20.0,2.0,100.0,31.904678
4860.0,0.0,20.0,2.0,100.0,52.96861
4861.0,0.5,20.0,2.0,100.0,18.37324
4862.0,1.0,20.0,2.0,100.0,13.823529
4863.0,2.0,20.0,2.0,100.0,19.165518
4864.0,3.0,20.0,2.0,100.0,17.978872
4865.0,5.0,20.0,2.0,100.0,10.113044
4866.0,10.0,20.0,2.0,100.0,10.558333
4867.0,20.0,20.0,2.0,100.0,23.721893
4868.0,40.0,20.0,2.0,100.0,22.949495
4869.0,49.0,20.0,2.0,100.0,21.176836
4870.0,0.0,20.0,2.0,100.0,30.28395
4871.0,0.5,20.0,2.0,100.0,28.79114
4872.0,1.0,20.0,2.0,100.0,25.065218
4873.0,2.0,20.0,2.0,100.0,23.87857
4874.0,3.0,20.0,2.0,100.0,16.96923
4875.0,5.0,20.0,2.0,100.0,20.070923
4876.0,10.0,20.0,2.0,100.0,21.425
4877.0,20.0,20.0,2.0,100.0,16.1227
4878.0,40.0,20.0,2.0,100.0,26.00431
4879.0,49.0,20.0,2.0,100.0,22.556437
4880.0,0.0,20.0,2.0,100.0,29.925
4881.0,0.5,20.0,2.0,100.0,22.304688
4882.0,1.0,20.0,2.0,100.0,11.378151
4883.0,2.0,20.0,2.0,100.0,16.138685
4884.0,3.0,20.0,2.0,100.0,14.169492
4885.0,5.0,20.0,2.0,100.0,14.596899
4886.0,10.0,20.0,2.0,100.0,15.122137
4887.0,20.0,20.0,2.0,100.0,17.383118
4888.0,40.0,20.0,2.0,100.0,19.727272
4889.0,49.0,20.0,2.0,100.0,23.546597
4890.0,0.0,20.0,2.0,100.0,46.68984
4891.0,0.5,20.0,2.0,100.0,23.518797
4892.0,1.0,20.0,2.0,100.0,29.825
4893.0,2.0,20.0,2.0,100.0,15.204545
4894.0,3.0,20.0,2.0,100.0,13.347458
4895.0,5.0,20.0,2.0,100.0,14.440945
4896.0,10.0,20.0,2.0,100.0,23.012987
4897.0,20.0,20.0,2.0,100.0,27.84091
4898.0,40.0,20.0,2.0,100.0,28.884615
4899.0,49.0,20.0,2.0,100.0,14.961995
4900.0,0.0,20.0,2.0,100.0,29.474684
4901.0,0.5,20.0,2.0,100.0,29.597485
4902.0,1.0,20.0,2.0,100.0,21.023077
4903.0,2.0,20.0,2.0,100.0,23.706766
4904.0,3.0,20.0,2.0,100.0,21.006493
4905.0,5.0,20.0,2.0,100.0,27.916666
4906.0,10.0,20.0,2.0,100.0,20.426573
4907.0,20.0,20.0,2.0,100.0,21.209581
4908.0,40.0,20.0,2.0,100.0,29.165024
4909.0,49.0,20.0,2.0,100.0,34.778625
4910.0,0.0,20.0,2.0,100.0,29.421383
4911.0,0.5,20.0,2.0,100.0,26.140844
4912.0,1.0,20.0,2.0,100.0,19.17361
4913.0,2.0,20.0,2.0,100.0,16.463236
4914.0,3.0,20.0,2.0,100.0,15.872
4915.0,5.0,20.0,2.0,100.0,13.086615
4916.0,10.0,20.0,2.0,100.0,19.811024
4917.0,20.0,20.0,2.0,100.0,23.284946
4918.0,40.0,20.0,2.0,100.0,31.213236
4919.0,49.0,20.0,2.0,100.0,26.18101
4920.0,0.0,20.0,2.0,100.0,28.77848
4921.0,0.5,20.0,2.0,100.0,28.707006
4922.0,1.0,20.0,2.0,100.0,12.648
4923.0,2.0,20.0,2.0,100.0,19.895834
4924.0,3.0,20.0,2.0,100.0,9.739496
4925.0,5.0,20.0,2.0,100.0,17.448277
4926.0,10.0,20.0,2.0,100.0,19.183674
4927.0,20.0,20.0,2.0,100.0,37.447235
4928.0,40.0,20.0,2.0,100.0,23.219355
4929.0,49.0,20.0,2.0,100.0,25.220736
4930.0,0.0,20.0,2.0,100.0,29.245283
4931.0,0.5,20.0,2.0,100.0,29.506329
4932.0,1.0,20.0,2.0,100.0,20.81507
4933.0,2.0,20.0,2.0,100.0,24.268656
4934.0,3.0,20.0,2.0,100.0,19.109243
4935.0,5.0,20.0,2.0,100.0,15.3359375
4936.0,10.0,20.0,2.0,100.0,23.643835
4937.0,20.0,20.0,2.0,100.0,17.715189
4938.0,40.0,20.0,2.0,100.0,22.134275
4939.0,49.0,20.0,2.0,100.0,23.89788
4940.0,0.0,20.0,2.0,100.0,30.175
4941.0,0.5,20.0,2.0,100.0,29.832298
4942.0,1.0,20.0,2.0,100.0,20.55862
4943.0,2.0,20.0,2.0,100.0,19.358622
4944.0,3.0,20.0,2.0,100.0,14.857142
4945.0,5.0,20.0,2.0,100.0,16.52066
4946.0,10.0,20.0,2.0,100.0,13.5074625
4947.0,20.0,20.0,2.0,100.0,35.515724
4948.0,40.0,20.0,2.0,100.0,18.670635
4949.0,49.0,20.0,2.0,100.0,15.451092
4950.0,0.0,20.0,2.0,100.0,28.439491
4951.0,0.5,20.0,2.0,100.0,15.604838
4952.0,1.0,20.0,2.0,100.0,14.472
4953.0,2.0,20.0,2.0,100.0,21.52756
4954.0,3.0,20.0,2.0,100.0,14.511451
4955.0,5.0,20.0,2.0,100.0,16.373016
4956.0,10.0,20.0,2.0,100.0,9.944445
4957.0,20.0,20.0,2.0,100.0,35.095745
4958.0,40.0,20.0,2.0,100.0,45.805557
4959.0,49.0,20.0,2.0,100.0,19.634304
4960.0,0.0,20.0,2.0,100.0,29.36076
4961.0,0.5,20.0,2.0,100.0,30.38125
4962.0,1.0,20.0,2.0,100.0,29.120253
4963.0,2.0,20.0,2.0,100.0,25.173914
4964.0,3.0,20.0,2.0,100.0,21.02027
4965.0,5.0,20.0,2.0,100.0,22.614864
4966.0,10.0,20.0,2.0,100.0,31.078125
4967.0,20.0,20.0,2.0,100.0,18.275167
4968.0,40.0,20.0,2.0,100.0,35.92703
4969.0,49.0,20.0,2.0,100.0,20.808674
4970.0,0.0,20.0,2.0,100.0,30.30625
4971.0,0.5,20.0,2.0,100.0,16.587301
4972.0,1.0,20.0,2.0,100.0,23.470589
4973.0,2.0,20.0,2.0,100.0,15.933333
4974.0,3.0,20.0,2.0,100.0,16.937063
4975.0,5.0,20.0,2.0,100.0,16.671755
4976.0,10.0,20.0,2.0,100.0,24.546099
4977.0,20.0,20.0,2.0,100.0,27.448717
4978.0,40.0,20.0,2.0,100.0,23.94386
4979.0,49.0,20.0,2.0,100.0,29.44846
4980.0,0.0,20.0,2.0,100.0,27.935898
4981.0,0.5,20.0,2.0,100.0,29.522013
4982.0,1.0,20.0,2.0,100.0,16.546762
4983.0,2.0,20.0,2.0,100.0,20.412699
4984.0,3.0,20.0,2.0,100.0,11.770492
4985.0,5.0,20.0,2.0,100.0,21.242039
4986.0,10.0,20.0,2.0,100.0,13.037594
4987.0,20.0,20.0,2.0,100.0,25.536459
4988.0,40.0,20.0,2.0,100.0,23.38889
4989.0,49.0,20.0,2.0,100.0,37.114906
4990.0,0.0,20.0,2.0,100.0,29.189873
4991.0,0.5,20.0,2.0,100.0,30.31677
4992.0,1.0,20.0,2.0,100.0,28.382166
4993.0,2.0,20.0,2.0,100.0,15.962121
4994.0,3.0,20.0,2.0,100.0,16.887218
4995.0,5.0,20.0,2.0,100.0,29.293104
4996.0,10.0,20.0,2.0,100.0,18.8
4997.0,20.0,20.0,2.0,100.0,19.738636
4998.0,40.0,20.0,2.0,100.0,28.503546
4999.0,49.0,20.0,2.0,100.0,21.724234
