Factor 1,Factor 2,Factor 3,Factor 4,Factor 5,Result 1
0.0,0.0,20.0,2.0,100.0,100.0
1.0,0.5,20.0,2.0,100.0,33.333332
2.0,1.0,20.0,2.0,100.0,100.0
3.0,2.0,20.0,2.0,100.0,14.285714
4.0,3.0,20.0,2.0,100.0,12.5
5.0,5.0,20.0,2.0,100.0,12.5
6.0,10.0,20.0,2.0,100.0,6.25
7.0,20.0,20.0,2.0,100.0,5.882353
8.0,40.0,20.0,2.0,100.0,5.263158
9.0,49.0,20.0,2.0,100.0,5.0
10.0,0.0,20.0,2.0,100.0,100.0
11.0,0.5,20.0,2.0,100.0,100.0
12.0,1.0,20.0,2.0,100.0,20.0
13.0,2.0,20.0,2.0,100.0,4.7619047
14.0,3.0,20.0,2.0,100.0,25.0
15.0,5.0,20.0,2.0,100.0,7.142857
16.0,10.0,20.0,2.0,100.0,5.263158
17.0,20.0,20.0,2.0,100.0,7.6923075
18.0,40.0,20.0,2.0,100.0,5.263158
19.0,49.0,20.0,2.0,100.0,3.7037036
20.0,0.0,20.0,2.0,100.0,100.0
21.0,0.5,20.0,2.0,100.0,100.0
22.0,1.0,20.0,2.0,100.0,33.333332
23.0,2.0,20.0,2.0,100.0,33.333332
24.0,3.0,20.0,2.0,100.0,5.5555553
25.0,5.0,20.0,2.0,100.0,5.882353
26.0,10.0,20.0,2.0,100.0,8.333333
27.0,20.0,20.0,2.0,100.0,4.5454545
28.0,40.0,20.0,2.0,100.0,5.263158
29.0,49.0,20.0,2.0,100.0,4.5454545
30.0,0.0,20.0,2.0,100.0,100.0
31.0,0.5,20.0,2.0,100.0,33.333332
32.0,1.0,20.0,2.0,100.0,100.0
33.0,2.0,20.0,2.0,100.0,14.285714
34.0,3.0,20.0,2.0,100.0,9.090909
35.0,5.0,20.0,2.0,100.0,33.333332
36.0,10.0,20.0,2.0,100.0,9.090909
37.0,20.0,20.0,2.0,100.0,6.6666665
38.0,40.0,20.0,2.0,100.0,5.882353
39.0,49.0,20.0,2.0,100.0,6.25
40.0,0.0,20.0,2.0,100.0,100.0
41.0,0.5,20.0,2.0,100.0,33.333332
42.0,1.0,20.0,2.0,100.0,16.666666
43.0,2.0,20.0,2.0,100.0,14.285714
44.0,3.0,20.0,2.0,100.0,100.0
45.0,5.0,20.0,2.0,100.0,14.285714
46.0,10.0,20.0,2.0,100.0,6.6666665
47.0,20.0,20.0,2.0,100.0,5.882353
48.0,40.0,20.0,2.0,100.0,5.5555553
49.0,49.0,20.0,2.0,100.0,5.263158
50.0,0.0,20.0,2.0,100.0,9.090909
51.0,0.5,20.0,2.0,100.0,100.0
52.0,1.0,20.0,2.0,100.0,33.333332
53.0,2.0,20.0,2.0,100.0,10.0
54.0,3.0,20.0,2.0,100.0,33.333332
55.0,5.0,20.0,2.0,100.0,14.285714
56.0,10.0,20.0,2.0,100.0,6.25
57.0,20.0,20.0,2.0,100.0,6.6666665
58.0,40.0,20.0,2.0,100.0,4.347826
59.0,49.0,20.0,2.0,100.0,4.0
60.0,0.0,20.0,2.0,100.0,100.0
61.0,0.5,20.0,2.0,100.0,33.333332
62.0,1.0,20.0,2.0,100.0,50.0
63.0,2.0,20.0,2.0,100.0,33.333332
64.0,3.0,20.0,2.0,100.0,33.333332
65.0,5.0,20.0,2.0,100.0,12.5
66.0,10.0,20.0,2.0,100.0,14.285714
67.0,20.0,20.0,2.0,100.0,7.6923075
68.0,40.0,20.0,2.0,100.0,4.7619047
69.0,49.0,20.0,2.0,100.0,3.7037036
70.0,0.0,20.0,2.0,100.0,100.0
71.0,0.5,20.0,2.0,100.0,100.0
72.0,1.0,20.0,2.0,100.0,100.0
73.0,2.0,20.0,2.0,100.0,100.0
74.0,3.0,20.0,2.0,100.0,50.0
75.0,5.0,20.0,2.0,100.0,5.0
76.0,10.0,20.0,2.0,100.0,6.6666665
77.0,20.0,20.0,2.0,100.0,5.882353
78.0,40.0,20.0,2.0,100.0,5.263158
79.0,49.0,20.0,2.0,100.0,5.882353
80.0,0.0,20.0,2.0,100.0,100.0
81.0,0.5,20.0,2.0,100.0,33.333332
82.0,1.0,20.0,2.0,100.0,50.0
83.0,2.0,20.0,2.0,100.0,33.333332
84.0,3.0,20.0,2.0,100.0,8.333333
85.0,5.0,20.0,2.0,100.0,50.0
86.0,10.0,20.0,2.0,100.0,9.090909
87.0,20.0,20.0,2.0,100.0,4.7619047
88.0,40.0,20.0,2.0,100.0,4.7619047
89.0,49.0,20.0,2.0,100.0,5.263158
90.0,0.0,20.0,2.0,100.0,100.0
91.0,0.5,20.0,2.0,100.0,100.0
92.0,1.0,20.0,2.0,100.0,25.0
93.0,2.0,20.0,2.0,100.0,7.142857
94.0,3.0,20.0,2.0,100.0,33.333332
95.0,5.0,20.0,2.0,100.0,5.882353
96.0,10.0,20.0,2.0,100.0,6.25
97.0,20.0,20.0,2.0,100.0,5.882353
98.0,40.0,20.0,2.0,100.0,4.347826
99.0,49.0,20.0,2.0,100.0,4.347826
100.0,0.0,20.0,2.0,100.0,100.0
101.0,0.5,20.0,2.0,100.0,100.0
102.0,1.0,20.0,2.0,100.0,20.0
103.0,2.0,20.0,2.0,100.0,33.333332
104.0,3.0,20.0,2.0,100.0,33.333332
105.0,5.0,20.0,2.0,100.0,5.5555553
106.0,10.0,20.0,2.0,100.0,5.882353
107.0,20.0,20.0,2.0,100.0,5.0
108.0,40.0,20.0,2.0,100.0,5.263158
109.0,49.0,20.0,2.0,100.0,4.7619047
110.0,0.0,20.0,2.0,100.0,100.0
111.0,0.5,20.0,2.0,100.0,33.333332
112.0,1.0,20.0,2.0,100.0,8.333333
113.0,2.0,20.0,2.0,100.0,33.333332
114.0,3.0,20.0,2.0,100.0,6.6666665
115.0,5.0,20.0,2.0,100.0,4.7619047
116.0,10.0,20.0,2.0,100.0,8.333333
117.0,20.0,20.0,2.0,100.0,4.5454545
118.0,40.0,20.0,2.0,100.0,5.263158
119.0,49.0,20.0,2.0,100.0,3.8461537
120.0,0.0,20.0,2.0,100.0,100.0
121.0,0.5,20.0,2.0,100.0,100.0
122.0,1.0,20.0,2.0,100.0,33.333332
123.0,2.0,20.0,2.0,100.0,100.0
124.0,3.0,20.0,2.0,100.0,16.666666
125.0,5.0,20.0,2.0,100.0,11.111111
126.0,10.0,20.0,2.0,100.0,6.6666665
127.0,20.0,20.0,2.0,100.0,5.5555553
128.0,40.0,20.0,2.0,100.0,4.7619047
129.0,49.0,20.0,2.0,100.0,4.7619047
130.0,0.0,20.0,2.0,100.0,100.0
131.0,0.5,20.0,2.0,100.0,100.0
132.0,1.0,20.0,2.0,100.0,33.333332
133.0,2.0,20.0,2.0,100.0,25.0
134.0,3.0,20.0,2.0,100.0,5.263158
135.0,5.0,20.0,2.0,100.0,16.666666
136.0,10.0,20.0,2.0,100.0,7.142857
137.0,20.0,20.0,2.0,100.0,6.6666665
138.0,40.0,20.0,2.0,100.0,4.5454545
139.0,49.0,20.0,2.0,100.0,4.7619047
140.0,0.0,20.0,2.0,100.0,100.0
141.0,0.5,20.0,2.0,100.0,100.0
142.0,1.0,20.0,2.0,100.0,10.0
143.0,2.0,20.0,2.0,100.0,10.0
144.0,3.0,20.0,2.0,100.0,33.333332
145.0,5.0,20.0,2.0,100.0,10.0
146.0,10.0,20.0,2.0,100.0,11.111111
147.0,20.0,20.0,2.0,100.0,5.0
148.0,40.0,20.0,2.0,100.0,5.263158
149.0,49.0,20.0,2.0,100.0,5.263158
150.0,0.0,20.0,2.0,100.0,100.0
151.0,0.5,20.0,2.0,100.0,33.333332
152.0,1.0,20.0,2.0,100.0,33.333332
153.0,2.0,20.0,2.0,100.0,9.090909
154.0,3.0,20.0,2.0,100.0,6.6666665
155.0,5.0,20.0,2.0,100.0,5.0
156.0,10.0,20.0,2.0,100.0,9.090909
157.0,20.0,20.0,2.0,100.0,4.347826
158.0,40.0,20.0,2.0,100.0,5.5555553
159.0,49.0,20.0,2.0,100.0,5.263158
160.0,0.0,20.0,2.0,100.0,100.0
161.0,0.5,20.0,2.0,100.0,33.333332
162.0,1.0,20.0,2.0,100.0,20.0
163.0,2.0,20.0,2.0,100.0,5.882353
164.0,3.0,20.0,2.0,100.0,50.0
165.0,5.0,20.0,2.0,100.0,5.263158
166.0,10.0,20.0,2.0,100.0,9.090909
167.0,20.0,20.0,2.0,100.0,5.5555553
168.0,40.0,20.0,2.0,100.0,6.25
169.0,49.0,20.0,2.0,100.0,4.7619047
170.0,0.0,20.0,2.0,100.0,100.0
171.0,0.5,20.0,2.0,100.0,33.333332
172.0,1.0,20.0,2.0,100.0,25.0
173.0,2.0,20.0,2.0,100.0,20.0
174.0,3.0,20.0,2.0,100.0,33.333332
175.0,5.0,20.0,2.0,100.0,7.142857
176.0,10.0,20.0,2.0,100.0,9.090909
177.0,20.0,20.0,2.0,100.0,5.5555553
178.0,40.0,20.0,2.0,100.0,4.7619047
179.0,49.0,20.0,2.0,100.0,4.7619047
180.0,0.0,20.0,2.0,100.0,100.0
181.0,0.5,20.0,2.0,100.0,100.0
182.0,1.0,20.0,2.0,100.0,33.333332
183.0,2.0,20.0,2.0,100.0,8.333333
184.0,3.0,20.0,2.0,100.0,16.666666
185.0,5.0,20.0,2.0,100.0,33.333332
186.0,10.0,20.0,2.0,100.0,33.333332
187.0,20.0,20.0,2.0,100.0,5.5555553
188.0,40.0,20.0,2.0,100.0,4.7619047
189.0,49.0,20.0,2.0,100.0,4.7619047
190.0,0.0,20.0,2.0,100.0,9.090909
191.0,0.5,20.0,2.0,100.0,33.333332
192.0,1.0,20.0,2.0,100.0,100.0
193.0,2.0,20.0,2.0,100.0,100.0
194.0,3.0,20.0,2.0,100.0,14.285714
195.0,5.0,20.0,2.0,100.0,4.7619047
196.0,10.0,20.0,2.0,100.0,6.25
197.0,20.0,20.0,2.0,100.0,4.0
198.0,40.0,20.0,2.0,100.0,4.347826
199.0,49.0,20.0,2.0,100.0,5.263158
200.0,0.0,20.0,2.0,100.0,100.0
201.0,0.5,20.0,2.0,100.0,33.333332
202.0,1.0,20.0,2.0,100.0,100.0
203.0,2.0,20.0,2.0,100.0,25.0
204.0,3.0,20.0,2.0,100.0,33.333332
205.0,5.0,20.0,2.0,100.0,25.0
206.0,10.0,20.0,2.0,100.0,4.7619047
207.0,20.0,20.0,2.0,100.0,9.090909
208.0,40.0,20.0,2.0,100.0,5.882353
209.0,49.0,20.0,2.0,100.0,5.263158
210.0,0.0,20.0,2.0,100.0,100.0
211.0,0.5,20.0,2.0,100.0,33.333332
212.0,1.0,20.0,2.0,100.0,100.0
213.0,2.0,20.0,2.0,100.0,100.0
214.0,3.0,20.0,2.0,100.0,8.333333
215.0,5.0,20.0,2.0,100.0,10.0
216.0,10.0,20.0,2.0,100.0,12.5
217.0,20.0,20.0,2.0,100.0,5.882353
218.0,40.0,20.0,2.0,100.0,4.7619047
219.0,49.0,20.0,2.0,100.0,6.6666665
220.0,0.0,20.0,2.0,100.0,100.0
221.0,0.5,20.0,2.0,100.0,100.0
222.0,1.0,20.0,2.0,100.0,11.111111
223.0,2.0,20.0,2.0,100.0,33.333332
224.0,3.0,20.0,2.0,100.0,33.333332
225.0,5.0,20.0,2.0,100.0,12.5
226.0,10.0,20.0,2.0,100.0,10.0
227.0,20.0,20.0,2.0,100.0,5.0
228.0,40.0,20.0,2.0,100.0,6.6666665
229.0,49.0,20.0,2.0,100.0,4.0
230.0,0.0,20.0,2.0,100.0,100.0
231.0,0.5,20.0,2.0,100.0,33.333332
232.0,1.0,20.0,2.0,100.0,33.333332
233.0,2.0,20.0,2.0,100.0,12.5
234.0,3.0,20.0,2.0,100.0,33.333332
235.0,5.0,20.0,2.0,100.0,12.5
236.0,10.0,20.0,2.0,100.0,6.25
237.0,20.0,20.0,2.0,100.0,6.6666665
238.0,40.0,20.0,2.0,100.0,4.7619047
239.0,49.0,20.0,2.0,100.0,3.7037036
240.0,0.0,20.0,2.0,100.0,100.0
241.0,0.5,20.0,2.0,100.0,33.333332
242.0,1.0,20.0,2.0,100.0,50.0
243.0,2.0,20.0,2.0,100.0,10.0
244.0,3.0,20.0,2.0,100.0,12.5
245.0,5.0,20.0,2.0,100.0,20.0
246.0,10.0,20.0,2.0,100.0,5.263158
247.0,20.0,20.0,2.0,100.0,6.25
248.0,40.0,20.0,2.0,100.0,5.882353
249.0,49.0,20.0,2.0,100.0,4.7619047
250.0,0.0,20.0,2.0,100.0,100.0
251.0,0.5,20.0,2.0,100.0,100.0
252.0,1.0,20.0,2.0,100.0,33.333332
253.0,2.0,20.0,2.0,100.0,25.0
254.0,3.0,20.0,2.0,100.0,50.0
255.0,5.0,20.0,2.0,100.0,33.333332
256.0,10.0,20.0,2.0,100.0,7.142857
257.0,20.0,20.0,2.0,100.0,5.263158
258.0,40.0,20.0,2.0,100.0,5.882353
259.0,49.0,20.0,2.0,100.0,5.263158
260.0,0.0,20.0,2.0,100.0,100.0
261.0,0.5,20.0,2.0,100.0,100.0
262.0,1.0,20.0,2.0,100.0,50.0
263.0,2.0,20.0,2.0,100.0,33.333332
264.0,3.0,20.0,2.0,100.0,5.263158
265.0,5.0,20.0,2.0,100.0,8.333333
266.0,10.0,20.0,2.0,100.0,5.882353
267.0,20.0,20.0,2.0,100.0,5.5555553
268.0,40.0,20.0,2.0,100.0,4.347826
269.0,49.0,20.0,2.0,100.0,5.882353
270.0,0.0,20.0,2.0,100.0,100.0
271.0,0.5,20.0,2.0,100.0,33.333332
272.0,1.0,20.0,2.0,100.0,33.333332
273.0,2.0,20.0,2.0,100.0,16.666666
274.0,3.0,20.0,2.0,100.0,20.0
275.0,5.0,20.0,2.0,100.0,16.666666
276.0,10.0,20.0,2.0,100.0,10.0
277.0,20.0,20.0,2.0,100.0,5.5555553
278.0,40.0,20.0,2.0,100.0,6.6666665
279.0,49.0,20.0,2.0,100.0,4.7619047
280.0,0.0,20.0,2.0,100.0,100.0
281.0,0.5,20.0,2.0,100.0,33.333332
282.0,1.0,20.0,2.0,100.0,33.333332
283.0,2.0,20.0,2.0,100.0,9.090909
284.0,3.0,20.0,2.0,100.0,33.333332
285.0,5.0,20.0,2.0,100.0,16.666666
286.0,10.0,20.0,2.0,100.0,7.6923075
287.0,20.0,20.0,2.0,100.0,5.5555553
288.0,40.0,20.0,2.0,100.0,5.263158
289.0,49.0,20.0,2.0,100.0,7.142857
290.0,0.0,20.0,2.0,100.0,33.333332
291.0,0.5,20.0,2.0,100.0,9.090909
292.0,1.0,20.0,2.0,100.0,33.333332
293.0,2.0,20.0,2.0,100.0,8.333333
294.0,3.0,20.0,2.0,100.0,25.0
295.0,5.0,20.0,2.0,100.0,11.111111
296.0,10.0,20.0,2.0,100.0,5.0
297.0,20.0,20.0,2.0,100.0,5.5555553
298.0,40.0,20.0,2.0,100.0,5.263158
299.0,49.0,20.0,2.0,100.0,5.263158
300.0,0.0,20.0,2.0,100.0,100.0
301.0,0.5,20.0,2.0,100.0,100.0
302.0,1.0,20.0,2.0,100.0,7.142857
303.0,2.0,20.0,2.0,100.0,11.111111
304.0,3.0,20.0,2.0,100.0,16.666666
305.0,5.0,20.0,2.0,100.0,20.0
306.0,10.0,20.0,2.0,100.0,6.6666665
307.0,20.0,20.0,2.0,100.0,5.5555553
308.0,40.0,20.0,2.0,100.0,5.0
309.0,49.0,20.0,2.0,100.0,4.0
310.0,0.0,20.0,2.0,100.0,100.0
311.0,0.5,20.0,2.0,100.0,100.0
312.0,1.0,20.0,2.0,100.0,33.333332
313.0,2.0,20.0,2.0,100.0,16.666666
314.0,3.0,20.0,2.0,100.0,33.333332
315.0,5.0,20.0,2.0,100.0,4.5454545
316.0,10.0,20.0,2.0,100.0,16.666666
317.0,20.0,20.0,2.0,100.0,6.25
318.0,40.0,20.0,2.0,100.0,5.882353
319.0,49.0,20.0,2.0,100.0,4.0
320.0,0.0,20.0,2.0,100.0,100.0
321.0,0.5,20.0,2.0,100.0,20.0
322.0,1.0,20.0,2.0,100.0,100.0
323.0,2.0,20.0,2.0,100.0,33.333332
324.0,3.0,20.0,2.0,100.0,33.333332
325.0,5.0,20.0,2.0,100.0,11.111111
326.0,10.0,20.0,2.0,100.0,6.25
327.0,20.0,20.0,2.0,100.0,5.263158
328.0,40.0,20.0,2.0,100.0,5.263158
329.0,49.0,20.0,2.0,100.0,4.0
330.0,0.0,20.0,2.0,100.0,100.0
331.0,0.5,20.0,2.0,100.0,33.333332
332.0,1.0,20.0,2.0,100.0,33.333332
333.0,2.0,20.0,2.0,100.0,33.333332
334.0,3.0,20.0,2.0,100.0,25.0
335.0,5.0,20.0,2.0,100.0,7.142857
336.0,10.0,20.0,2.0,100.0,8.333333
337.0,20.0,20.0,2.0,100.0,5.882353
338.0,40.0,20.0,2.0,100.0,4.7619047
339.0,49.0,20.0,2.0,100.0,4.7619047
340.0,0.0,20.0,2.0,100.0,100.0
341.0,0.5,20.0,2.0,100.0,100.0
342.0,1.0,20.0,2.0,100.0,33.333332
343.0,2.0,20.0,2.0,100.0,9.090909
344.0,3.0,20.0,2.0,100.0,16.666666
345.0,5.0,20.0,2.0,100.0,20.0
346.0,10.0,20.0,2.0,100.0,9.090909
347.0,20.0,20.0,2.0,100.0,5.263158
348.0,40.0,20.0,2.0,100.0,5.5555553
349.0,49.0,20.0,2.0,100.0,4.7619047
350.0,0.0,20.0,2.0,100.0,100.0
351.0,0.5,20.0,2.0,100.0,100.0
352.0,1.0,20.0,2.0,100.0,33.333332
353.0,2.0,20.0,2.0,100.0,33.333332
354.0,3.0,20.0,2.0,100.0,25.0
355.0,5.0,20.0,2.0,100.0,7.6923075
356.0,10.0,20.0,2.0,100.0,5.882353
357.0,20.0,20.0,2.0,100.0,5.882353
358.0,40.0,20.0,2.0,100.0,4.7619047
359.0,49.0,20.0,2.0,100.0,4.347826
360.0,0.0,20.0,2.0,100.0,100.0
361.0,0.5,20.0,2.0,100.0,100.0
362.0,1.0,20.0,2.0,100.0,33.333332
363.0,2.0,20.0,2.0,100.0,33.333332
364.0,3.0,20.0,2.0,100.0,10.0
365.0,5.0,20.0,2.0,100.0,12.5
366.0,10.0,20.0,2.0,100.0,11.111111
367.0,20.0,20.0,2.0,100.0,5.263158
368.0,40.0,20.0,2.0,100.0,5.263158
369.0,49.0,20.0,2.0,100.0,4.7619047
370.0,0.0,20.0,2.0,100.0,100.0
371.0,0.5,20.0,2.0,100.0,100.0
372.0,1.0,20.0,2.0,100.0,33.333332
373.0,2.0,20.0,2.0,100.0,25.0
374.0,3.0,20.0,2.0,100.0,9.090909
375.0,5.0,20.0,2.0,100.0,4.7619047
376.0,10.0,20.0,2.0,100.0,8.333333
377.0,20.0,20.0,2.0,100.0,5.263158
378.0,40.0,20.0,2.0,100.0,4.7619047
379.0,49.0,20.0,2.0,100.0,4.347826
380.0,0.0,20.0,2.0,100.0,100.0
381.0,0.5,20.0,2.0,100.0,33.333332
382.0,1.0,20.0,2.0,100.0,6.6666665
383.0,2.0,20.0,2.0,100.0,100.0
384.0,3.0,20.0,2.0,100.0,8.333333
385.0,5.0,20.0,2.0,100.0,33.333332
386.0,10.0,20.0,2.0,100.0,9.090909
387.0,20.0,20.0,2.0,100.0,7.6923075
388.0,40.0,20.0,2.0,100.0,4.347826
389.0,49.0,20.0,2.0,100.0,5.263158
390.0,0.0,20.0,2.0,100.0,100.0
391.0,0.5,20.0,2.0,100.0,33.333332
392.0,1.0,20.0,2.0,100.0,25.0
393.0,2.0,20.0,2.0,100.0,7.142857
394.0,3.0,20.0,2.0,100.0,7.142857
395.0,5.0,20.0,2.0,100.0,12.5
396.0,10.0,20.0,2.0,100.0,14.285714
397.0,20.0,20.0,2.0,100.0,4.7619047
398.0,40.0,20.0,2.0,100.0,5.263158
399.0,49.0,20.0,2.0,100.0,4.7619047
400.0,0.0,20.0,2.0,100.0,100.0
401.0,0.5,20.0,2.0,100.0,33.333332
402.0,1.0,20.0,2.0,100.0,33.333332
403.0,2.0,20.0,2.0,100.0,11.111111
404.0,3.0,20.0,2.0,100.0,14.285714
405.0,5.0,20.0,2.0,100.0,25.0
406.0,10.0,20.0,2.0,100.0,7.6923075
407.0,20.0,20.0,2.0,100.0,4.347826
408.0,40.0,20.0,2.0,100.0,5.882353
409.0,49.0,20.0,2.0,100.0,5.882353
410.0,0.0,20.0,2.0,100.0,6.6666665
411.0,0.5,20.0,2.0,100.0,100.0
412.0,1.0,20.0,2.0,100.0,33.333332
413.0,2.0,20.0,2.0,100.0,7.6923075
414.0,3.0,20.0,2.0,100.0,12.5
415.0,5.0,20.0,2.0,100.0,12.5
416.0,10.0,20.0,2.0,100.0,11.111111
417.0,20.0,20.0,2.0,100.0,5.263158
418.0,40.0,20.0,2.0,100.0,4.0
419.0,49.0,20.0,2.0,100.0,4.7619047
420.0,0.0,20.0,2.0,100.0,100.0
421.0,0.5,20.0,2.0,100.0,33.333332
422.0,1.0,20.0,2.0,100.0,33.333332
423.0,2.0,20.0,2.0,100.0,100.0
424.0,3.0,20.0,2.0,100.0,14.285714
425.0,5.0,20.0,2.0,100.0,11.111111
426.0,10.0,20.0,2.0,100.0,12.5
427.0,20.0,20.0,2.0,100.0,5.263158
428.0,40.0,20.0,2.0,100.0,5.263158
429.0,49.0,20.0,2.0,100.0,4.7619047
430.0,0.0,20.0,2.0,100.0,100.0
431.0,0.5,20.0,2.0,100.0,33.333332
432.0,1.0,20.0,2.0,100.0,33.333332
433.0,2.0,20.0,2.0,100.0,33.333332
434.0,3.0,20.0,2.0,100.0,11.111111
435.0,5.0,20.0,2.0,100.0,33.333332
436.0,10.0,20.0,2.0,100.0,7.142857
437.0,20.0,20.0,2.0,100.0,5.0
438.0,40.0,20.0,2.0,100.0,4.7619047
439.0,49.0,20.0,2.0,100.0,4.347826
440.0,0.0,20.0,2.0,100.0,100.0
441.0,0.5,20.0,2.0,100.0,100.0
442.0,1.0,20.0,2.0,100.0,33.333332
443.0,2.0,20.0,2.0,100.0,12.5
444.0,3.0,20.0,2.0,100.0,33.333332
445.0,5.0,20.0,2.0,100.0,16.666666
446.0,10.0,20.0,2.0,100.0,7.142857
447.0,20.0,20.0,2.0,100.0,5.882353
448.0,40.0,20.0,2.0,100.0,5.263158
449.0,49.0,20.0,2.0,100.0,4.7619047
450.0,0.0,20.0,2.0,100.0,100.0
451.0,0.5,20.0,2.0,100.0,100.0
452.0,1.0,20.0,2.0,100.0,20.0
453.0,2.0,20.0,2.0,100.0,33.333332
454.0,3.0,20.0,2.0,100.0,5.263158
455.0,5.0,20.0,2.0,100.0,11.111111
456.0,10.0,20.0,2.0,100.0,12.5
457.0,20.0,20.0,2.0,100.0,5.263158
458.0,40.0,20.0,2.0,100.0,5.5555553
459.0,49.0,20.0,2.0,100.0,4.7619047
460.0,0.0,20.0,2.0,100.0,11.111111
461.0,0.5,20.0,2.0,100.0,100.0
462.0,1.0,20.0,2.0,100.0,100.0
463.0,2.0,20.0,2.0,100.0,12.5
464.0,3.0,20.0,2.0,100.0,9.090909
465.0,5.0,20.0,2.0,100.0,14.285714
466.0,10.0,20.0,2.0,100.0,7.6923075
467.0,20.0,20.0,2.0,100.0,5.882353
468.0,40.0,20.0,2.0,100.0,4.347826
469.0,49.0,20.0,2.0,100.0,4.7619047
470.0,0.0,20.0,2.0,100.0,100.0
471.0,0.5,20.0,2.0,100.0,100.0
472.0,1.0,20.0,2.0,100.0,20.0
473.0,2.0,20.0,2.0,100.0,8.333333
474.0,3.0,20.0,2.0,100.0,11.111111
475.0,5.0,20.0,2.0,100.0,10.0
476.0,10.0,20.0,2.0,100.0,5.5555553
477.0,20.0,20.0,2.0,100.0,6.25
478.0,40.0,20.0,2.0,100.0,5.0
479.0,49.0,20.0,2.0,100.0,4.7619047
480.0,0.0,20.0,2.0,100.0,100.0
481.0,0.5,20.0,2.0,100.0,100.0
482.0,1.0,20.0,2.0,100.0,33.333332
483.0,2.0,20.0,2.0,100.0,14.285714
484.0,3.0,20.0,2.0,100.0,11.111111
485.0,5.0,20.0,2.0,100.0,33.333332
486.0,10.0,20.0,2.0,100.0,7.6923075
487.0,20.0,20.0,2.0,100.0,7.142857
488.0,40.0,20.0,2.0,100.0,5.263158
489.0,49.0,20.0,2.0,100.0,5.5555553
490.0,0.0,20.0,2.0,100.0,100.0
491.0,0.5,20.0,2.0,100.0,33.333332
492.0,1.0,20.0,2.0,100.0,100.0
493.0,2.0,20.0,2.0,100.0,6.6666665
494.0,3.0,20.0,2.0,100.0,20.0
495.0,5.0,20.0,2.0,100.0,7.142857
496.0,10.0,20.0,2.0,100.0,5.882353
497.0,20.0,20.0,2.0,100.0,6.25
498.0,40.0,20.0,2.0,100.0,4.7619047
499.0,49.0,20.0,2.0,100.0,4.7619047
500.0,0.0,20.0,2.0,100.0,100.0
501.0,0.5,20.0,2.0,100.0,100.0
502.0,1.0,20.0,2.0,100.0,33.333332
503.0,2.0,20.0,2.0,100.0,11.111111
504.0,3.0,20.0,2.0,100.0,8.333333
505.0,5.0,20.0,2.0,100.0,25.0
506.0,10.0,20.0,2.0,100.0,12.5
507.0,20.0,20.0,2.0,100.0,4.347826
508.0,40.0,20.0,2.0,100.0,4.347826
509.0,49.0,20.0,2.0,100.0,4.7619047
510.0,0.0,20.0,2.0,100.0,100.0
511.0,0.5,20.0,2.0,100.0,100.0
512.0,1.0,20.0,2.0,100.0,33.333332
513.0,2.0,20.0,2.0,100.0,14.285714
514.0,3.0,20.0,2.0,100.0,20.0
515.0,5.0,20.0,2.0,100.0,6.25
516.0,10.0,20.0,2.0,100.0,5.263158
517.0,20.0,20.0,2.0,100.0,7.142857
518.0,40.0,20.0,2.0,100.0,6.6666665
519.0,49.0,20.0,2.0,100.0,4.5454545
520.0,0.0,20.0,2.0,100.0,100.0
521.0,0.5,20.0,2.0,100.0,33.333332
522.0,1.0,20.0,2.0,100.0,33.333332
523.0,2.0,20.0,2.0,100.0,8.333333
524.0,3.0,20.0,2.0,100.0,20.0
525.0,5.0,20.0,2.0,100.0,20.0
526.0,10.0,20.0,2.0,100.0,4.7619047
527.0,20.0,20.0,2.0,100.0,6.25
528.0,40.0,20.0,2.0,100.0,4.7619047
529.0,49.0,20.0,2.0,100.0,4.7619047
530.0,0.0,20.0,2.0,100.0,100.0
531.0,0.5,20.0,2.0,100.0,100.0
532.0,1.0,20.0,2.0,100.0,7.6923075
533.0,2.0,20.0,2.0,100.0,12.5
534.0,3.0,20.0,2.0,100.0,5.882353
535.0,5.0,20.0,2.0,100.0,8.333333
536.0,10.0,20.0,2.0,100.0,12.5
537.0,20.0,20.0,2.0,100.0,5.882353
538.0,40.0,20.0,2.0,100.0,5.263158
539.0,49.0,20.0,2.0,100.0,5.263158
540.0,0.0,20.0,2.0,100.0,33.333332
541.0,0.5,20.0,2.0,100.0,100.0
542.0,1.0,20.0,2.0,100.0,33.333332
543.0,2.0,20.0,2.0,100.0,20.0
544.0,3.0,20.0,2.0,100.0,14.285714
545.0,5.0,20.0,2.0,100.0,6.6666665
546.0,10.0,20.0,2.0,100.0,8.333333
547.0,20.0,20.0,2.0,100.0,5.882353
548.0,40.0,20.0,2.0,100.0,6.25
549.0,49.0,20.0,2.0,100.0,4.7619047
550.0,0.0,20.0,2.0,100.0,9.090909
551.0,0.5,20.0,2.0,100.0,100.0
552.0,1.0,20.0,2.0,100.0,100.0
553.0,2.0,20.0,2.0,100.0,33.333332
554.0,3.0,20.0,2.0,100.0,14.285714
555.0,5.0,20.0,2.0,100.0,14.285714
556.0,10.0,20.0,2.0,100.0,8.333333
557.0,20.0,20.0,2.0,100.0,5.882353
558.0,40.0,20.0,2.0,100.0,4.7619047
559.0,49.0,20.0,2.0,100.0,5.263158
560.0,0.0,20.0,2.0,100.0,100.0
561.0,0.5,20.0,2.0,100.0,100.0
562.0,1.0,20.0,2.0,100.0,100.0
563.0,2.0,20.0,2.0,100.0,14.285714
564.0,3.0,20.0,2.0,100.0,33.333332
565.0,5.0,20.0,2.0,100.0,14.285714
566.0,10.0,20.0,2.0,100.0,6.25
567.0,20.0,20.0,2.0,100.0,5.882353
568.0,40.0,20.0,2.0,100.0,5.263158
569.0,49.0,20.0,2.0,100.0,4.347826
570.0,0.0,20.0,2.0,100.0,100.0
571.0,0.5,20.0,2.0,100.0,33.333332
572.0,1.0,20.0,2.0,100.0,33.333332
573.0,2.0,20.0,2.0,100.0,25.0
574.0,3.0,20.0,2.0,100.0,33.333332
575.0,5.0,20.0,2.0,100.0,11.111111
576.0,10.0,20.0,2.0,100.0,6.6666665
577.0,20.0,20.0,2.0,100.0,5.0
578.0,40.0,20.0,2.0,100.0,5.882353
579.0,49.0,20.0,2.0,100.0,5.882353
580.0,0.0,20.0,2.0,100.0,100.0
581.0,0.5,20.0,2.0,100.0,7.6923075
582.0,1.0,20.0,2.0,100.0,5.263158
583.0,2.0,20.0,2.0,100.0,16.666666
584.0,3.0,20.0,2.0,100.0,33.333332
585.0,5.0,20.0,2.0,100.0,10.0
586.0,10.0,20.0,2.0,100.0,5.882353
587.0,20.0,20.0,2.0,100.0,6.25
588.0,40.0,20.0,2.0,100.0,5.882353
589.0,49.0,20.0,2.0,100.0,5.882353
590.0,0.0,20.0,2.0,100.0,100.0
591.0,0.5,20.0,2.0,100.0,100.0
592.0,1.0,20.0,2.0,100.0,33.333332
593.0,2.0,20.0,2.0,100.0,25.0
594.0,3.0,20.0,2.0,100.0,10.0
595.0,5.0,20.0,2.0,100.0,16.666666
596.0,10.0,20.0,2.0,100.0,5.882353
597.0,20.0,20.0,2.0,100.0,5.5555553
598.0,40.0,20.0,2.0,100.0,5.263158
599.0,49.0,20.0,2.0,100.0,7.6923075
600.0,0.0,20.0,2.0,100.0,100.0
601.0,0.5,20.0,2.0,100.0,9.090909
602.0,1.0,20.0,2.0,100.0,33.333332
603.0,2.0,20.0,2.0,100.0,14.285714
604.0,3.0,20.0,2.0,100.0,20.0
605.0,5.0,20.0,2.0,100.0,10.0
606.0,10.0,20.0,2.0,100.0,12.5
607.0,20.0,20.0,2.0,100.0,5.882353
608.0,40.0,20.0,2.0,100.0,4.347826
609.0,49.0,20.0,2.0,100.0,4.7619047
610.0,0.0,20.0,2.0,100.0,100.0
611.0,0.5,20.0,2.0,100.0,33.333332
612.0,1.0,20.0,2.0,100.0,33.333332
613.0,2.0,20.0,2.0,100.0,12.5
614.0,3.0,20.0,2.0,100.0,20.0
615.0,5.0,20.0,2.0,100.0,5.882353
616.0,10.0,20.0,2.0,100.0,7.6923075
617.0,20.0,20.0,2.0,100.0,7.6923075
618.0,40.0,20.0,2.0,100.0,5.882353
619.0,49.0,20.0,2.0,100.0,4.347826
620.0,0.0,20.0,2.0,100.0,14.285714
621.0,0.5,20.0,2.0,100.0,100.0
622.0,1.0,20.0,2.0,100.0,33.333332
623.0,2.0,20.0,2.0,100.0,20.0
624.0,3.0,20.0,2.0,100.0,4.347826
625.0,5.0,20.0,2.0,100.0,33.333332
626.0,10.0,20.0,2.0,100.0,10.0
627.0,20.0,20.0,2.0,100.0,4.7619047
628.0,40.0,20.0,2.0,100.0,4.7619047
629.0,49.0,20.0,2.0,100.0,4.347826
630.0,0.0,20.0,2.0,100.0,100.0
631.0,0.5,20.0,2.0,100.0,33.333332
632.0,1.0,20.0,2.0,100.0,100.0
633.0,2.0,20.0,2.0,100.0,33.333332
634.0,3.0,20.0,2.0,100.0,12.5
635.0,5.0,20.0,2.0,100.0,6.25
636.0,10.0,20.0,2.0,100.0,8.333333
637.0,20.0,20.0,2.0,100.0,6.6666665
638.0,40.0,20.0,2.0,100.0,5.882353
639.0,49.0,20.0,2.0,100.0,4.347826
640.0,0.0,20.0,2.0,100.0,100.0
641.0,0.5,20.0,2.0,100.0,33.333332
642.0,1.0,20.0,2.0,100.0,9.090909
643.0,2.0,20.0,2.0,100.0,7.6923075
644.0,3.0,20.0,2.0,100.0,9.090909
645.0,5.0,20.0,2.0,100.0,10.0
646.0,10.0,20.0,2.0,100.0,6.25
647.0,20.0,20.0,2.0,100.0,6.6666665
648.0,40.0,20.0,2.0,100.0,4.0
649.0,49.0,20.0,2.0,100.0,3.7037036
650.0,0.0,20.0,2.0,100.0,100.0
651.0,0.5,20.0,2.0,100.0,33.333332
652.0,1.0,20.0,2.0,100.0,100.0
653.0,2.0,20.0,2.0,100.0,33.333332
654.0,3.0,20.0,2.0,100.0,33.333332
655.0,5.0,20.0,2.0,100.0,33.333332
656.0,10.0,20.0,2.0,100.0,11.111111
657.0,20.0,20.0,2.0,100.0,4.7619047
658.0,40.0,20.0,2.0,100.0,5.263158
659.0,49.0,20.0,2.0,100.0,5.5555553
660.0,0.0,20.0,2.0,100.0,100.0
661.0,0.5,20.0,2.0,100.0,100.0
662.0,1.0,20.0,2.0,100.0,100.0
663.0,2.0,20.0,2.0,100.0,16.666666
664.0,3.0,20.0,2.0,100.0,33.333332
665.0,5.0,20.0,2.0,100.0,25.0
666.0,10.0,20.0,2.0,100.0,8.333333
667.0,20.0,20.0,2.0,100.0,5.882353
668.0,40.0,20.0,2.0,100.0,5.263158
669.0,49.0,20.0,2.0,100.0,4.7619047
670.0,0.0,20.0,2.0,100.0,100.0
671.0,0.5,20.0,2.0,100.0,100.0
672.0,1.0,20.0,2.0,100.0,33.333332
673.0,2.0,20.0,2.0,100.0,25.0
674.0,3.0,20.0,2.0,100.0,5.0
675.0,5.0,20.0,2.0,100.0,20.0
676.0,10.0,20.0,2.0,100.0,8.333333
677.0,20.0,20.0,2.0,100.0,5.0
678.0,40.0,20.0,2.0,100.0,4.7619047
679.0,49.0,20.0,2.0,100.0,4.7619047
680.0,0.0,20.0,2.0,100.0,100.0
681.0,0.5,20.0,2.0,100.0,100.0
682.0,1.0,20.0,2.0,100.0,33.333332
683.0,2.0,20.0,2.0,100.0,33.333332
684.0,3.0,20.0,2.0,100.0,25.0
685.0,5.0,20.0,2.0,100.0,20.0
686.0,10.0,20.0,2.0,100.0,5.0
687.0,20.0,20.0,2.0,100.0,6.6666665
688.0,40.0,20.0,2.0,100.0,5.263158
689.0,49.0,20.0,2.0,100.0,4.7619047
690.0,0.0,20.0,2.0,100.0,100.0
691.0,0.5,20.0,2.0,100.0,100.0
692.0,1.0,20.0,2.0,100.0,16.666666
693.0,2.0,20.0,2.0,100.0,20.0
694.0,3.0,20.0,2.0,100.0,12.5
695.0,5.0,20.0,2.0,100.0,14.285714
696.0,10.0,20.0,2.0,100.0,11.111111
697.0,20.0,20.0,2.0,100.0,5.882353
698.0,40.0,20.0,2.0,100.0,5.0
699.0,49.0,20.0,2.0,100.0,5.5555553
700.0,0.0,20.0,2.0,100.0,100.0
701.0,0.5,20.0,2.0,100.0,100.0
702.0,1.0,20.0,2.0,100.0,100.0
703.0,2.0,20.0,2.0,100.0,20.0
704.0,3.0,20.0,2.0,100.0,33.333332
705.0,5.0,20.0,2.0,100.0,20.0
706.0,10.0,20.0,2.0,100.0,5.263158
707.0,20.0,20.0,2.0,100.0,6.25
708.0,40.0,20.0,2.0,100.0,5.882353
709.0,49.0,20.0,2.0,100.0,4.7619047
710.0,0.0,20.0,2.0,100.0,100.0
711.0,0.5,20.0,2.0,100.0,33.333332
712.0,1.0,20.0,2.0,100.0,33.333332
713.0,2.0,20.0,2.0,100.0,16.666666
714.0,3.0,20.0,2.0,100.0,14.285714
715.0,5.0,20.0,2.0,100.0,6.6666665
716.0,10.0,20.0,2.0,100.0,7.6923075
717.0,20.0,20.0,2.0,100.0,5.0
718.0,40.0,20.0,2.0,100.0,4.5454545
719.0,49.0,20.0,2.0,100.0,4.7619047
720.0,0.0,20.0,2.0,100.0,100.0
721.0,0.5,20.0,2.0,100.0,33.333332
722.0,1.0,20.0,2.0,100.0,25.0
723.0,2.0,20.0,2.0,100.0,14.285714
724.0,3.0,20.0,2.0,100.0,20.0
725.0,5.0,20.0,2.0,100.0,8.333333
726.0,10.0,20.0,2.0,100.0,6.25
727.0,20.0,20.0,2.0,100.0,5.0
728.0,40.0,20.0,2.0,100.0,4.7619047
729.0,49.0,20.0,2.0,100.0,5.882353
730.0,0.0,20.0,2.0,100.0,100.0
731.0,0.5,20.0,2.0,100.0,100.0
732.0,1.0,20.0,2.0,100.0,100.0
733.0,2.0,20.0,2.0,100.0,33.333332
734.0,3.0,20.0,2.0,100.0,33.333332
735.0,5.0,20.0,2.0,100.0,33.333332
736.0,10.0,20.0,2.0,100.0,7.6923075
737.0,20.0,20.0,2.0,100.0,6.25
738.0,40.0,20.0,2.0,100.0,5.263158
739.0,49.0,20.0,2.0,100.0,4.347826
740.0,0.0,20.0,2.0,100.0,100.0
741.0,0.5,20.0,2.0,100.0,100.0
742.0,1.0,20.0,2.0,100.0,100.0
743.0,2.0,20.0,2.0,100.0,25.0
744.0,3.0,20.0,2.0,100.0,33.333332
745.0,5.0,20.0,2.0,100.0,12.5
746.0,10.0,20.0,2.0,100.0,14.285714
747.0,20.0,20.0,2.0,100.0,9.090909
748.0,40.0,20.0,2.0,100.0,4.7619047
749.0,49.0,20.0,2.0,100.0,5.882353
750.0,0.0,20.0,2.0,100.0,100.0
751.0,0.5,20.0,2.0,100.0,100.0
752.0,1.0,20.0,2.0,100.0,33.333332
753.0,2.0,20.0,2.0,100.0,33.333332
754.0,3.0,20.0,2.0,100.0,33.333332
755.0,5.0,20.0,2.0,100.0,9.090909
756.0,10.0,20.0,2.0,100.0,7.142857
757.0,20.0,20.0,2.0,100.0,5.5555553
758.0,40.0,20.0,2.0,100.0,5.263158
759.0,49.0,20.0,2.0,100.0,5.263158
760.0,0.0,20.0,2.0,100.0,100.0
761.0,0.5,20.0,2.0,100.0,33.333332
762.0,1.0,20.0,2.0,100.0,33.333332
763.0,2.0,20.0,2.0,100.0,33.333332
764.0,3.0,20.0,2.0,100.0,20.0
765.0,5.0,20.0,2.0,100.0,9.090909
766.0,10.0,20.0,2.0,100.0,16.666666
767.0,20.0,20.0,2.0,100.0,5.263158
768.0,40.0,20.0,2.0,100.0,5.882353
769.0,49.0,20.0,2.0,100.0,5.263158
770.0,0.0,20.0,2.0,100.0,100.0
771.0,0.5,20.0,2.0,100.0,33.333332
772.0,1.0,20.0,2.0,100.0,33.333332
773.0,2.0,20.0,2.0,100.0,20.0
774.0,3.0,20.0,2.0,100.0,33.333332
775.0,5.0,20.0,2.0,100.0,8.333333
776.0,10.0,20.0,2.0,100.0,6.6666665
777.0,20.0,20.0,2.0,100.0,5.882353
778.0,40.0,20.0,2.0,100.0,4.7619047
779.0,49.0,20.0,2.0,100.0,6.25
780.0,0.0,20.0,2.0,100.0,100.0
781.0,0.5,20.0,2.0,100.0,100.0
782.0,1.0,20.0,2.0,100.0,12.5
783.0,2.0,20.0,2.0,100.0,25.0
784.0,3.0,20.0,2.0,100.0,25.0
785.0,5.0,20.0,2.0,100.0,50.0
786.0,10.0,20.0,2.0,100.0,7.6923075
787.0,20.0,20.0,2.0,100.0,6.6666665
788.0,40.0,20.0,2.0,100.0,5.882353
789.0,49.0,20.0,2.0,100.0,5.263158
790.0,0.0,20.0,2.0,100.0,100.0
791.0,0.5,20.0,2.0,100.0,25.0
792.0,1.0,20.0,2.0,100.0,25.0
793.0,2.0,20.0,2.0,100.0,33.333332
794.0,3.0,20.0,2.0,100.0,11.111111
795.0,5.0,20.0,2.0,100.0,14.285714
796.0,10.0,20.0,2.0,100.0,8.333333
797.0,20.0,20.0,2.0,100.0,5.5555553
798.0,40.0,20.0,2.0,100.0,4.7619047
799.0,49.0,20.0,2.0,100.0,4.347826
800.0,0.0,20.0,2.0,100.0,100.0
801.0,0.5,20.0,2.0,100.0,50.0
802.0,1.0,20.0,2.0,100.0,33.333332
803.0,2.0,20.0,2.0,100.0,33.333332
804.0,3.0,20.0,2.0,100.0,25.0
805.0,5.0,20.0,2.0,100.0,10.0
806.0,10.0,20.0,2.0,100.0,8.333333
807.0,20.0,20.0,2.0,100.0,5.0
808.0,40.0,20.0,2.0,100.0,5.263158
809.0,49.0,20.0,2.0,100.0,4.7619047
810.0,0.0,20.0,2.0,100.0,100.0
811.0,0.5,20.0,2.0,100.0,33.333332
812.0,1.0,20.0,2.0,100.0,33.333332
813.0,2.0,20.0,2.0,100.0,33.333332
814.0,3.0,20.0,2.0,100.0,20.0
815.0,5.0,20.0,2.0,100.0,20.0
816.0,10.0,20.0,2.0,100.0,11.111111
817.0,20.0,20.0,2.0,100.0,6.25
818.0,40.0,20.0,2.0,100.0,4.7619047
819.0,49.0,20.0,2.0,100.0,4.7619047
820.0,0.0,20.0,2.0,100.0,100.0
821.0,0.5,20.0,2.0,100.0,100.0
822.0,1.0,20.0,2.0,100.0,100.0
823.0,2.0,20.0,2.0,100.0,33.333332
824.0,3.0,20.0,2.0,100.0,20.0
825.0,5.0,20.0,2.0,100.0,12.5
826.0,10.0,20.0,2.0,100.0,5.263158
827.0,20.0,20.0,2.0,100.0,5.263158
828.0,40.0,20.0,2.0,100.0,5.263158
829.0,49.0,20.0,2.0,100.0,4.347826
830.0,0.0,20.0,2.0,100.0,100.0
831.0,0.5,20.0,2.0,100.0,100.0
832.0,1.0,20.0,2.0,100.0,33.333332
833.0,2.0,20.0,2.0,100.0,33.333332
834.0,3.0,20.0,2.0,100.0,25.0
835.0,5.0,20.0,2.0,100.0,7.142857
836.0,10.0,20.0,2.0,100.0,5.0
837.0,20.0,20.0,2.0,100.0,5.5555553
838.0,40.0,20.0,2.0,100.0,5.263158
839.0,49.0,20.0,2.0,100.0,5.263158
840.0,0.0,20.0,2.0,100.0,100.0
841.0,0.5,20.0,2.0,100.0,100.0
842.0,1.0,20.0,2.0,100.0,50.0
843.0,2.0,20.0,2.0,100.0,25.0
844.0,3.0,20.0,2.0,100.0,7.6923075
845.0,5.0,20.0,2.0,100.0,8.333333
846.0,10.0,20.0,2.0,100.0,7.142857
847.0,20.0,20.0,2.0,100.0,5.5555553
848.0,40.0,20.0,2.0,100.0,4.347826
849.0,49.0,20.0,2.0,100.0,4.0
850.0,0.0,20.0,2.0,100.0,100.0
851.0,0.5,20.0,2.0,100.0,100.0
852.0,1.0,20.0,2.0,100.0,7.142857
853.0,2.0,20.0,2.0,100.0,33.333332
854.0,3.0,20.0,2.0,100.0,33.333332
855.0,5.0,20.0,2.0,100.0,14.285714
856.0,10.0,20.0,2.0,100.0,10.0
857.0,20.0,20.0,2.0,100.0,4.7619047
858.0,40.0,20.0,2.0,100.0,4.5454545
859.0,49.0,20.0,2.0,100.0,4.7619047
860.0,0.0,20.0,2.0,100.0,100.0
861.0,0.5,20.0,2.0,100.0,100.0
862.0,1.0,20.0,2.0,100.0,33.333332
863.0,2.0,20.0,2.0,100.0,33.333332
864.0,3.0,20.0,2.0,100.0,33.333332
865.0,5.0,20.0,2.0,100.0,7.6923075
866.0,10.0,20.0,2.0,100.0,5.882353
867.0,20.0,20.0,2.0,100.0,6.25
868.0,40.0,20.0,2.0,100.0,4.347826
869.0,49.0,20.0,2.0,100.0,5.263158
870.0,0.0,20.0,2.0,100.0,100.0
871.0,0.5,20.0,2.0,100.0,33.333332
872.0,1.0,20.0,2.0,100.0,50.0
873.0,2.0,20.0,2.0,100.0,20.0
874.0,3.0,20.0,2.0,100.0,33.333332
875.0,5.0,20.0,2.0,100.0,14.285714
876.0,10.0,20.0,2.0,100.0,6.25
877.0,20.0,20.0,2.0,100.0,5.882353
878.0,40.0,20.0,2.0,100.0,5.263158
879.0,49.0,20.0,2.0,100.0,4.7619047
880.0,0.0,20.0,2.0,100.0,100.0
881.0,0.5,20.0,2.0,100.0,9.090909
882.0,1.0,20.0,2.0,100.0,7.142857
883.0,2.0,20.0,2.0,100.0,33.333332
884.0,3.0,20.0,2.0,100.0,6.6666665
885.0,5.0,20.0,2.0,100.0,12.5
886.0,10.0,20.0,2.0,100.0,8.333333
887.0,20.0,20.0,2.0,100.0,5.263158
888.0,40.0,20.0,2.0,100.0,4.7619047
889.0,49.0,20.0,2.0,100.0,4.7619047
890.0,0.0,20.0,2.0,100.0,100.0
891.0,0.5,20.0,2.0,100.0,100.0
892.0,1.0,20.0,2.0,100.0,33.333332
893.0,2.0,20.0,2.0,100.0,33.333332
894.0,3.0,20.0,2.0,100.0,33.333332
895.0,5.0,20.0,2.0,100.0,33.333332
896.0,10.0,20.0,2.0,100.0,8.333333
897.0,20.0,20.0,2.0,100.0,4.347826
898.0,40.0,20.0,2.0,100.0,4.7619047
899.0,49.0,20.0,2.0,100.0,5.263158
900.0,0.0,20.0,2.0,100.0,100.0
901.0,0.5,20.0,2.0,100.0,33.333332
902.0,1.0,20.0,2.0,100.0,20.0
903.0,2.0,20.0,2.0,100.0,100.0
904.0,3.0,20.0,2.0,100.0,14.285714
905.0,5.0,20.0,2.0,100.0,12.5
906.0,10.0,20.0,2.0,100.0,8.333333
907.0,20.0,20.0,2.0,100.0,4.7619047
908.0,40.0,20.0,2.0,100.0,4.5454545
909.0,49.0,20.0,2.0,100.0,5.263158
910.0,0.0,20.0,2.0,100.0,100.0
911.0,0.5,20.0,2.0,100.0,7.6923075
912.0,1.0,20.0,2.0,100.0,33.333332
913.0,2.0,20.0,2.0,100.0,33.333332
914.0,3.0,20.0,2.0,100.0,14.285714
915.0,5.0,20.0,2.0,100.0,14.285714
916.0,10.0,20.0,2.0,100.0,4.1666665
917.0,20.0,20.0,2.0,100.0,5.263158
918.0,40.0,20.0,2.0,100.0,4.0
919.0,49.0,20.0,2.0,100.0,4.347826
920.0,0.0,20.0,2.0,100.0,100.0
921.0,0.5,20.0,2.0,100.0,33.333332
922.0,1.0,20.0,2.0,100.0,33.333332
923.0,2.0,20.0,2.0,100.0,4.7619047
924.0,3.0,20.0,2.0,100.0,25.0
925.0,5.0,20.0,2.0,100.0,12.5
926.0,10.0,20.0,2.0,100.0,7.6923075
927.0,20.0,20.0,2.0,100.0,4.7619047
928.0,40.0,20.0,2.0,100.0,4.7619047
929.0,49.0,20.0,2.0,100.0,4.7619047
930.0,0.0,20.0,2.0,100.0,20.0
931.0,0.5,20.0,2.0,100.0,100.0
932.0,1.0,20.0,2.0,100.0,33.333332
933.0,2.0,20.0,2.0,100.0,33.333332
934.0,3.0,20.0,2.0,100.0,5.882353
935.0,5.0,20.0,2.0,100.0,20.0
936.0,10.0,20.0,2.0,100.0,7.6923075
937.0,20.0,20.0,2.0,100.0,7.6923075
938.0,40.0,20.0,2.0,100.0,5.882353
939.0,49.0,20.0,2.0,100.0,4.5454545
940.0,0.0,20.0,2.0,100.0,100.0
941.0,0.5,20.0,2.0,100.0,100.0
942.0,1.0,20.0,2.0,100.0,100.0
943.0,2.0,20.0,2.0,100.0,16.666666
944.0,3.0,20.0,2.0,100.0,25.0
945.0,5.0,20.0,2.0,100.0,10.0
946.0,10.0,20.0,2.0,100.0,5.263158
947.0,20.0,20.0,2.0,100.0,8.333333
948.0,40.0,20.0,2.0,100.0,4.7619047
949.0,49.0,20.0,2.0,100.0,4.7619047
950.0,0.0,20.0,2.0,100.0,100.0
951.0,0.5,20.0,2.0,100.0,100.0
952.0,1.0,20.0,2.0,100.0,33.333332
953.0,2.0,20.0,2.0,100.0,33.333332
954.0,3.0,20.0,2.0,100.0,11.111111
955.0,5.0,20.0,2.0,100.0,8.333333
956.0,10.0,20.0,2.0,100.0,9.090909
957.0,20.0,20.0,2.0,100.0,4.1666665
958.0,40.0,20.0,2.0,100.0,5.882353
959.0,49.0,20.0,2.0,100.0,5.263158
960.0,0.0,20.0,2.0,100.0,9.090909
961.0,0.5,20.0,2.0,100.0,100.0
962.0,1.0,20.0,2.0,100.0,33.333332
963.0,2.0,20.0,2.0,100.0,12.5
964.0,3.0,20.0,2.0,100.0,33.333332
965.0,5.0,20.0,2.0,100.0,16.666666
966.0,10.0,20.0,2.0,100.0,5.882353
967.0,20.0,20.0,2.0,100.0,7.6923075
968.0,40.0,20.0,2.0,100.0,5.0
969.0,49.0,20.0,2.0,100.0,5.5555553
970.0,0.0,20.0,2.0,100.0,100.0
971.0,0.5,20.0,2.0,100.0,33.333332
972.0,1.0,20.0,2.0,100.0,100.0
973.0,2.0,20.0,2.0,100.0,33.333332
974.0,3.0,20.0,2.0,100.0,7.6923075
975.0,5.0,20.0,2.0,100.0,16.666666
976.0,10.0,20.0,2.0,100.0,7.142857
977.0,20.0,20.0,2.0,100.0,6.6666665
978.0,40.0,20.0,2.0,100.0,4.347826
979.0,49.0,20.0,2.0,100.0,4.7619047
980.0,0.0,20.0,2.0,100.0,100.0
981.0,0.5,20.0,2.0,100.0,33.333332
982.0,1.0,20.0,2.0,100.0,33.333332
983.0,2.0,20.0,2.0,100.0,33.333332
984.0,3.0,20.0,2.0,100.0,33.333332
985.0,5.0,20.0,2.0,100.0,6.6666665
986.0,10.0,20.0,2.0,100.0,7.6923075
987.0,20.0,20.0,2.0,100.0,5.882353
988.0,40.0,20.0,2.0,100.0,6.6666665
989.0,49.0,20.0,2.0,100.0,4.7619047
990.0,0.0,20.0,2.0,100.0,100.0
991.0,0.5,20.0,2.0,100.0,33.333332
992.0,1.0,20.0,2.0,100.0,33.333332
993.0,2.0,20.0,2.0,100.0,50.0
994.0,3.0,20.0,2.0,100.0,14.285714
995.0,5.0,20.0,2.0,100.0,9.090909
996.0,10.0,20.0,2.0,100.0,7.6923075
997.0,20.0,20.0,2.0,100.0,5.5555553
998.0,40.0,20.0,2.0,100.0,4.5454545
999.0,49.0,20.0,2.0,100.0,4.7619047
1000.0,0.0,20.0,2.0,100.0,11.111111
1001.0,0.5,20.0,2.0,100.0,33.333332
1002.0,1.0,20.0,2.0,100.0,33.333332
1003.0,2.0,20.0,2.0,100.0,100.0
1004.0,3.0,20.0,2.0,100.0,33.333332
1005.0,5.0,20.0,2.0,100.0,10.0
1006.0,10.0,20.0,2.0,100.0,10.0
1007.0,20.0,20.0,2.0,100.0,4.7619047
1008.0,40.0,20.0,2.0,100.0,5.263158
1009.0,49.0,20.0,2.0,100.0,4.7619047
1010.0,0.0,20.0,2.0,100.0,100.0
1011.0,0.5,20.0,2.0,100.0,33.333332
1012.0,1.0,20.0,2.0,100.0,50.0
1013.0,2.0,20.0,2.0,100.0,100.0
1014.0,3.0,20.0,2.0,100.0,25.0
1015.0,5.0,20.0,2.0,100.0,25.0
1016.0,10.0,20.0,2.0,100.0,11.111111
1017.0,20.0,20.0,2.0,100.0,5.882353
1018.0,40.0,20.0,2.0,100.0,5.882353
1019.0,49.0,20.0,2.0,100.0,5.263158
1020.0,0.0,20.0,2.0,100.0,5.882353
1021.0,0.5,20.0,2.0,100.0,33.333332
1022.0,1.0,20.0,2.0,100.0,33.333332
1023.0,2.0,20.0,2.0,100.0,33.333332
1024.0,3.0,20.0,2.0,100.0,20.0
1025.0,5.0,20.0,2.0,100.0,14.285714
1026.0,10.0,20.0,2.0,100.0,7.142857
1027.0,20.0,20.0,2.0,100.0,5.0
1028.0,40.0,20.0,2.0,100.0,6.6666665
1029.0,49.0,20.0,2.0,100.0,4.0
1030.0,0.0,20.0,2.0,100.0,100.0
1031.0,0.5,20.0,2.0,100.0,33.333332
1032.0,1.0,20.0,2.0,100.0,33.333332
1033.0,2.0,20.0,2.0,100.0,20.0
1034.0,3.0,20.0,2.0,100.0,33.333332
1035.0,5.0,20.0,2.0,100.0,20.0
1036.0,10.0,20.0,2.0,100.0,9.090909
1037.0,20.0,20.0,2.0,100.0,5.263158
1038.0,40.0,20.0,2.0,100.0,4.5454545
1039.0,49.0,20.0,2.0,100.0,3.7037036
1040.0,0.0,20.0,2.0,100.0,100.0
1041.0,0.5,20.0,2.0,100.0,6.25
1042.0,1.0,20.0,2.0,100.0,33.333332
1043.0,2.0,20.0,2.0,100.0,16.666666
1044.0,3.0,20.0,2.0,100.0,9.090909
1045.0,5.0,20.0,2.0,100.0,20.0
1046.0,10.0,20.0,2.0,100.0,7.6923075
1047.0,20.0,20.0,2.0,100.0,6.6666665
1048.0,40.0,20.0,2.0,100.0,5.263158
1049.0,49.0,20.0,2.0,100.0,4.7619047
1050.0,0.0,20.0,2.0,100.0,100.0
1051.0,0.5,20.0,2.0,100.0,8.333333
1052.0,1.0,20.0,2.0,100.0,100.0
1053.0,2.0,20.0,2.0,100.0,33.333332
1054.0,3.0,20.0,2.0,100.0,12.5
1055.0,5.0,20.0,2.0,100.0,20.0
1056.0,10.0,20.0,2.0,100.0,25.0
1057.0,20.0,20.0,2.0,100.0,6.25
1058.0,40.0,20.0,2.0,100.0,5.882353
1059.0,49.0,20.0,2.0,100.0,4.7619047
1060.0,0.0,20.0,2.0,100.0,14.285714
1061.0,0.5,20.0,2.0,100.0,100.0
1062.0,1.0,20.0,2.0,100.0,100.0
1063.0,2.0,20.0,2.0,100.0,25.0
1064.0,3.0,20.0,2.0,100.0,10.0
1065.0,5.0,20.0,2.0,100.0,33.333332
1066.0,10.0,20.0,2.0,100.0,5.5555553
1067.0,20.0,20.0,2.0,100.0,6.6666665
1068.0,40.0,20.0,2.0,100.0,5.5555553
1069.0,49.0,20.0,2.0,100.0,4.5454545
1070.0,0.0,20.0,2.0,100.0,100.0
1071.0,0.5,20.0,2.0,100.0,100.0
1072.0,1.0,20.0,2.0,100.0,33.333332
1073.0,2.0,20.0,2.0,100.0,20.0
1074.0,3.0,20.0,2.0,100.0,33.333332
1075.0,5.0,20.0,2.0,100.0,20.0
1076.0,10.0,20.0,2.0,100.0,6.25
1077.0,20.0,20.0,2.0,100.0,8.333333
1078.0,40.0,20.0,2.0,100.0,4.5454545
1079.0,49.0,20.0,2.0,100.0,6.6666665
1080.0,0.0,20.0,2.0,100.0,100.0
1081.0,0.5,20.0,2.0,100.0,100.0
1082.0,1.0,20.0,2.0,100.0,33.333332
1083.0,2.0,20.0,2.0,100.0,25.0
1084.0,3.0,20.0,2.0,100.0,12.5
1085.0,5.0,20.0,2.0,100.0,33.333332
1086.0,10.0,20.0,2.0,100.0,7.6923075
1087.0,20.0,20.0,2.0,100.0,6.6666665
1088.0,40.0,20.0,2.0,100.0,5.882353
1089.0,49.0,20.0,2.0,100.0,4.7619047
1090.0,0.0,20.0,2.0,100.0,100.0
1091.0,0.5,20.0,2.0,100.0,33.333332
1092.0,1.0,20.0,2.0,100.0,100.0
1093.0,2.0,20.0,2.0,100.0,25.0
1094.0,3.0,20.0,2.0,100.0,7.142857
1095.0,5.0,20.0,2.0,100.0,7.142857
1096.0,10.0,20.0,2.0,100.0,11.111111
1097.0,20.0,20.0,2.0,100.0,5.882353
1098.0,40.0,20.0,2.0,100.0,5.0
1099.0,49.0,20.0,2.0,100.0,5.263158
1100.0,0.0,20.0,2.0,100.0,100.0
1101.0,0.5,20.0,2.0,100.0,16.666666
1102.0,1.0,20.0,2.0,100.0,33.333332
1103.0,2.0,20.0,2.0,100.0,33.333332
1104.0,3.0,20.0,2.0,100.0,7.6923075
1105.0,5.0,20.0,2.0,100.0,8.333333
1106.0,10.0,20.0,2.0,100.0,11.111111
1107.0,20.0,20.0,2.0,100.0,5.882353
1108.0,40.0,20.0,2.0,100.0,4.7619047
1109.0,49.0,20.0,2.0,100.0,5.263158
1110.0,0.0,20.0,2.0,100.0,100.0
1111.0,0.5,20.0,2.0,100.0,100.0
1112.0,1.0,20.0,2.0,100.0,33.333332
1113.0,2.0,20.0,2.0,100.0,33.333332
1114.0,3.0,20.0,2.0,100.0,33.333332
1115.0,5.0,20.0,2.0,100.0,11.111111
1116.0,10.0,20.0,2.0,100.0,7.142857
1117.0,20.0,20.0,2.0,100.0,6.6666665
1118.0,40.0,20.0,2.0,100.0,5.263158
1119.0,49.0,20.0,2.0,100.0,5.0
1120.0,0.0,20.0,2.0,100.0,100.0
1121.0,0.5,20.0,2.0,100.0,33.333332
1122.0,1.0,20.0,2.0,100.0,12.5
1123.0,2.0,20.0,2.0,100.0,100.0
1124.0,3.0,20.0,2.0,100.0,33.333332
1125.0,5.0,20.0,2.0,100.0,8.333333
1126.0,10.0,20.0,2.0,100.0,11.111111
1127.0,20.0,20.0,2.0,100.0,5.882353
1128.0,40.0,20.0,2.0,100.0,5.263158
1129.0,49.0,20.0,2.0,100.0,5.5555553
1130.0,0.0,20.0,2.0,100.0,100.0
1131.0,0.5,20.0,2.0,100.0,100.0
1132.0,1.0,20.0,2.0,100.0,33.333332
1133.0,2.0,20.0,2.0,100.0,7.6923075
1134.0,3.0,20.0,2.0,100.0,16.666666
1135.0,5.0,20.0,2.0,100.0,7.6923075
1136.0,10.0,20.0,2.0,100.0,10.0
1137.0,20.0,20.0,2.0,100.0,5.263158
1138.0,40.0,20.0,2.0,100.0,5.263158
1139.0,49.0,20.0,2.0,100.0,6.6666665
1140.0,0.0,20.0,2.0,100.0,100.0
1141.0,0.5,20.0,2.0,100.0,100.0
1142.0,1.0,20.0,2.0,100.0,33.333332
1143.0,2.0,20.0,2.0,100.0,25.0
1144.0,3.0,20.0,2.0,100.0,33.333332
1145.0,5.0,20.0,2.0,100.0,33.333332
1146.0,10.0,20.0,2.0,100.0,16.666666
1147.0,20.0,20.0,2.0,100.0,5.263158
1148.0,40.0,20.0,2.0,100.0,4.7619047
1149.0,49.0,20.0,2.0,100.0,4.1666665
1150.0,0.0,20.0,2.0,100.0,100.0
1151.0,0.5,20.0,2.0,100.0,100.0
1152.0,1.0,20.0,2.0,100.0,100.0
1153.0,2.0,20.0,2.0,100.0,11.111111
1154.0,3.0,20.0,2.0,100.0,20.0
1155.0,5.0,20.0,2.0,100.0,4.7619047
1156.0,10.0,20.0,2.0,100.0,11.111111
1157.0,20.0,20.0,2.0,100.0,6.6666665
1158.0,40.0,20.0,2.0,100.0,4.5454545
1159.0,49.0,20.0,2.0,100.0,5.882353
1160.0,0.0,20.0,2.0,100.0,100.0
1161.0,0.5,20.0,2.0,100.0,11.111111
1162.0,1.0,20.0,2.0,100.0,33.333332
1163.0,2.0,20.0,2.0,100.0,33.333332
1164.0,3.0,20.0,2.0,100.0,14.285714
1165.0,5.0,20.0,2.0,100.0,8.333333
1166.0,10.0,20.0,2.0,100.0,7.6923075
1167.0,20.0,20.0,2.0,100.0,5.882353
1168.0,40.0,20.0,2.0,100.0,5.263158
1169.0,49.0,20.0,2.0,100.0,5.263158
1170.0,0.0,20.0,2.0,100.0,100.0
1171.0,0.5,20.0,2.0,100.0,100.0
1172.0,1.0,20.0,2.0,100.0,8.333333
1173.0,2.0,20.0,2.0,100.0,20.0
1174.0,3.0,20.0,2.0,100.0,33.333332
1175.0,5.0,20.0,2.0,100.0,7.142857
1176.0,10.0,20.0,2.0,100.0,6.6666665
1177.0,20.0,20.0,2.0,100.0,4.347826
1178.0,40.0,20.0,2.0,100.0,4.7619047
1179.0,49.0,20.0,2.0,100.0,5.882353
1180.0,0.0,20.0,2.0,100.0,100.0
1181.0,0.5,20.0,2.0,100.0,33.333332
1182.0,1.0,20.0,2.0,100.0,100.0
1183.0,2.0,20.0,2.0,100.0,33.333332
1184.0,3.0,20.0,2.0,100.0,25.0
1185.0,5.0,20.0,2.0,100.0,5.263158
1186.0,10.0,20.0,2.0,100.0,9.090909
1187.0,20.0,20.0,2.0,100.0,5.263158
1188.0,40.0,20.0,2.0,100.0,5.882353
1189.0,49.0,20.0,2.0,100.0,5.0
1190.0,0.0,20.0,2.0,100.0,9.090909
1191.0,0.5,20.0,2.0,100.0,100.0
1192.0,1.0,20.0,2.0,100.0,33.333332
1193.0,2.0,20.0,2.0,100.0,33.333332
1194.0,3.0,20.0,2.0,100.0,11.111111
1195.0,5.0,20.0,2.0,100.0,20.0
1196.0,10.0,20.0,2.0,100.0,8.333333
1197.0,20.0,20.0,2.0,100.0,7.6923075
1198.0,40.0,20.0,2.0,100.0,5.882353
1199.0,49.0,20.0,2.0,100.0,4.347826
1200.0,0.0,20.0,2.0,100.0,100.0
1201.0,0.5,20.0,2.0,100.0,100.0
1202.0,1.0,20.0,2.0,100.0,33.333332
1203.0,2.0,20.0,2.0,100.0,7.142857
1204.0,3.0,20.0,2.0,100.0,7.142857
1205.0,5.0,20.0,2.0,100.0,20.0
1206.0,10.0,20.0,2.0,100.0,9.090909
1207.0,20.0,20.0,2.0,100.0,5.882353
1208.0,40.0,20.0,2.0,100.0,5.0
1209.0,49.0,20.0,2.0,100.0,4.347826
1210.0,0.0,20.0,2.0,100.0,100.0
1211.0,0.5,20.0,2.0,100.0,100.0
1212.0,1.0,20.0,2.0,100.0,10.0
1213.0,2.0,20.0,2.0,100.0,100.0
1214.0,3.0,20.0,2.0,100.0,33.333332
1215.0,5.0,20.0,2.0,100.0,20.0
1216.0,10.0,20.0,2.0,100.0,5.263158
1217.0,20.0,20.0,2.0,100.0,6.25
1218.0,40.0,20.0,2.0,100.0,4.1666665
1219.0,49.0,20.0,2.0,100.0,5.263158
1220.0,0.0,20.0,2.0,100.0,100.0
1221.0,0.5,20.0,2.0,100.0,100.0
1222.0,1.0,20.0,2.0,100.0,33.333332
1223.0,2.0,20.0,2.0,100.0,33.333332
1224.0,3.0,20.0,2.0,100.0,20.0
1225.0,5.0,20.0,2.0,100.0,25.0
1226.0,10.0,20.0,2.0,100.0,9.090909
1227.0,20.0,20.0,2.0,100.0,7.142857
1228.0,40.0,20.0,2.0,100.0,5.882353
1229.0,49.0,20.0,2.0,100.0,4.0
1230.0,0.0,20.0,2.0,100.0,100.0
1231.0,0.5,20.0,2.0,100.0,100.0
1232.0,1.0,20.0,2.0,100.0,100.0
1233.0,2.0,20.0,2.0,100.0,7.142857
1234.0,3.0,20.0,2.0,100.0,16.666666
1235.0,5.0,20.0,2.0,100.0,14.285714
1236.0,10.0,20.0,2.0,100.0,5.882353
1237.0,20.0,20.0,2.0,100.0,4.7619047
1238.0,40.0,20.0,2.0,100.0,4.7619047
1239.0,49.0,20.0,2.0,100.0,4.0
1240.0,0.0,20.0,2.0,100.0,100.0
1241.0,0.5,20.0,2.0,100.0,100.0
1242.0,1.0,20.0,2.0,100.0,33.333332
1243.0,2.0,20.0,2.0,100.0,20.0
1244.0,3.0,20.0,2.0,100.0,33.333332
1245.0,5.0,20.0,2.0,100.0,12.5
1246.0,10.0,20.0,2.0,100.0,6.25
1247.0,20.0,20.0,2.0,100.0,5.263158
1248.0,40.0,20.0,2.0,100.0,5.263158
1249.0,49.0,20.0,2.0,100.0,5.882353
1250.0,0.0,20.0,2.0,100.0,100.0
1251.0,0.5,20.0,2.0,100.0,33.333332
1252.0,1.0,20.0,2.0,100.0,100.0
1253.0,2.0,20.0,2.0,100.0,20.0
1254.0,3.0,20.0,2.0,100.0,11.111111
1255.0,5.0,20.0,2.0,100.0,7.142857
1256.0,10.0,20.0,2.0,100.0,7.142857
1257.0,20.0,20.0,2.0,100.0,4.7619047
1258.0,40.0,20.0,2.0,100.0,4.0
1259.0,49.0,20.0,2.0,100.0,4.0
1260.0,0.0,20.0,2.0,100.0,100.0
1261.0,0.5,20.0,2.0,100.0,100.0
1262.0,1.0,20.0,2.0,100.0,16.666666
1263.0,2.0,20.0,2.0,100.0,50.0
1264.0,3.0,20.0,2.0,100.0,33.333332
1265.0,5.0,20.0,2.0,100.0,14.285714
1266.0,10.0,20.0,2.0,100.0,14.285714
1267.0,20.0,20.0,2.0,100.0,4.5454545
1268.0,40.0,20.0,2.0,100.0,4.7619047
1269.0,49.0,20.0,2.0,100.0,5.882353
1270.0,0.0,20.0,2.0,100.0,100.0
1271.0,0.5,20.0,2.0,100.0,100.0
1272.0,1.0,20.0,2.0,100.0,16.666666
1273.0,2.0,20.0,2.0,100.0,25.0
1274.0,3.0,20.0,2.0,100.0,10.0
1275.0,5.0,20.0,2.0,100.0,7.6923075
1276.0,10.0,20.0,2.0,100.0,6.25
1277.0,20.0,20.0,2.0,100.0,5.5555553
1278.0,40.0,20.0,2.0,100.0,5.263158
1279.0,49.0,20.0,2.0,100.0,4.347826
1280.0,0.0,20.0,2.0,100.0,100.0
1281.0,0.5,20.0,2.0,100.0,5.263158
1282.0,1.0,20.0,2.0,100.0,100.0
1283.0,2.0,20.0,2.0,100.0,9.090909
1284.0,3.0,20.0,2.0,100.0,5.882353
1285.0,5.0,20.0,2.0,100.0,20.0
1286.0,10.0,20.0,2.0,100.0,11.111111
1287.0,20.0,20.0,2.0,100.0,5.882353
1288.0,40.0,20.0,2.0,100.0,4.5454545
1289.0,49.0,20.0,2.0,100.0,5.263158
1290.0,0.0,20.0,2.0,100.0,100.0
1291.0,0.5,20.0,2.0,100.0,33.333332
1292.0,1.0,20.0,2.0,100.0,25.0
1293.0,2.0,20.0,2.0,100.0,33.333332
1294.0,3.0,20.0,2.0,100.0,5.882353
1295.0,5.0,20.0,2.0,100.0,33.333332
1296.0,10.0,20.0,2.0,100.0,7.142857
1297.0,20.0,20.0,2.0,100.0,5.882353
1298.0,40.0,20.0,2.0,100.0,4.7619047
1299.0,49.0,20.0,2.0,100.0,4.5454545
1300.0,0.0,20.0,2.0,100.0,100.0
1301.0,0.5,20.0,2.0,100.0,33.333332
1302.0,1.0,20.0,2.0,100.0,9.090909
1303.0,2.0,20.0,2.0,100.0,11.111111
1304.0,3.0,20.0,2.0,100.0,25.0
1305.0,5.0,20.0,2.0,100.0,14.285714
1306.0,10.0,20.0,2.0,100.0,9.090909
1307.0,20.0,20.0,2.0,100.0,4.7619047
1308.0,40.0,20.0,2.0,100.0,5.5555553
1309.0,49.0,20.0,2.0,100.0,4.7619047
1310.0,0.0,20.0,2.0,100.0,100.0
1311.0,0.5,20.0,2.0,100.0,100.0
1312.0,1.0,20.0,2.0,100.0,33.333332
1313.0,2.0,20.0,2.0,100.0,100.0
1314.0,3.0,20.0,2.0,100.0,25.0
1315.0,5.0,20.0,2.0,100.0,5.263158
1316.0,10.0,20.0,2.0,100.0,8.333333
1317.0,20.0,20.0,2.0,100.0,5.882353
1318.0,40.0,20.0,2.0,100.0,5.882353
1319.0,49.0,20.0,2.0,100.0,5.263158
1320.0,0.0,20.0,2.0,100.0,100.0
1321.0,0.5,20.0,2.0,100.0,11.111111
1322.0,1.0,20.0,2.0,100.0,33.333332
1323.0,2.0,20.0,2.0,100.0,100.0
1324.0,3.0,20.0,2.0,100.0,20.0
1325.0,5.0,20.0,2.0,100.0,25.0
1326.0,10.0,20.0,2.0,100.0,11.111111
1327.0,20.0,20.0,2.0,100.0,6.25
1328.0,40.0,20.0,2.0,100.0,4.347826
1329.0,49.0,20.0,2.0,100.0,4.7619047
1330.0,0.0,20.0,2.0,100.0,100.0
1331.0,0.5,20.0,2.0,100.0,33.333332
1332.0,1.0,20.0,2.0,100.0,33.333332
1333.0,2.0,20.0,2.0,100.0,25.0
1334.0,3.0,20.0,2.0,100.0,50.0
1335.0,5.0,20.0,2.0,100.0,20.0
1336.0,10.0,20.0,2.0,100.0,4.347826
1337.0,20.0,20.0,2.0,100.0,5.882353
1338.0,40.0,20.0,2.0,100.0,5.882353
1339.0,49.0,20.0,2.0,100.0,4.7619047
1340.0,0.0,20.0,2.0,100.0,100.0
1341.0,0.5,20.0,2.0,100.0,33.333332
1342.0,1.0,20.0,2.0,100.0,33.333332
1343.0,2.0,20.0,2.0,100.0,33.333332
1344.0,3.0,20.0,2.0,100.0,11.111111
1345.0,5.0,20.0,2.0,100.0,10.0
1346.0,10.0,20.0,2.0,100.0,8.333333
1347.0,20.0,20.0,2.0,100.0,5.5555553
1348.0,40.0,20.0,2.0,100.0,4.5454545
1349.0,49.0,20.0,2.0,100.0,5.263158
1350.0,0.0,20.0,2.0,100.0,100.0
1351.0,0.5,20.0,2.0,100.0,20.0
1352.0,1.0,20.0,2.0,100.0,100.0
1353.0,2.0,20.0,2.0,100.0,33.333332
1354.0,3.0,20.0,2.0,100.0,33.333332
1355.0,5.0,20.0,2.0,100.0,25.0
1356.0,10.0,20.0,2.0,100.0,6.25
1357.0,20.0,20.0,2.0,100.0,4.7619047
1358.0,40.0,20.0,2.0,100.0,5.5555553
1359.0,49.0,20.0,2.0,100.0,4.7619047
1360.0,0.0,20.0,2.0,100.0,100.0
1361.0,0.5,20.0,2.0,100.0,9.090909
1362.0,1.0,20.0,2.0,100.0,100.0
1363.0,2.0,20.0,2.0,100.0,6.6666665
1364.0,3.0,20.0,2.0,100.0,12.5
1365.0,5.0,20.0,2.0,100.0,11.111111
1366.0,10.0,20.0,2.0,100.0,14.285714
1367.0,20.0,20.0,2.0,100.0,5.5555553
1368.0,40.0,20.0,2.0,100.0,5.263158
1369.0,49.0,20.0,2.0,100.0,5.263158
1370.0,0.0,20.0,2.0,100.0,100.0
1371.0,0.5,20.0,2.0,100.0,100.0
1372.0,1.0,20.0,2.0,100.0,33.333332
1373.0,2.0,20.0,2.0,100.0,33.333332
1374.0,3.0,20.0,2.0,100.0,7.6923075
1375.0,5.0,20.0,2.0,100.0,20.0
1376.0,10.0,20.0,2.0,100.0,11.111111
1377.0,20.0,20.0,2.0,100.0,7.142857
1378.0,40.0,20.0,2.0,100.0,5.263158
1379.0,49.0,20.0,2.0,100.0,4.7619047
1380.0,0.0,20.0,2.0,100.0,100.0
1381.0,0.5,20.0,2.0,100.0,100.0
1382.0,1.0,20.0,2.0,100.0,33.333332
1383.0,2.0,20.0,2.0,100.0,33.333332
1384.0,3.0,20.0,2.0,100.0,50.0
1385.0,5.0,20.0,2.0,100.0,10.0
1386.0,10.0,20.0,2.0,100.0,8.333333
1387.0,20.0,20.0,2.0,100.0,5.5555553
1388.0,40.0,20.0,2.0,100.0,5.882353
1389.0,49.0,20.0,2.0,100.0,4.7619047
1390.0,0.0,20.0,2.0,100.0,100.0
1391.0,0.5,20.0,2.0,100.0,20.0
1392.0,1.0,20.0,2.0,100.0,100.0
1393.0,2.0,20.0,2.0,100.0,14.285714
1394.0,3.0,20.0,2.0,100.0,6.6666665
1395.0,5.0,20.0,2.0,100.0,9.090909
1396.0,10.0,20.0,2.0,100.0,5.882353
1397.0,20.0,20.0,2.0,100.0,7.6923075
1398.0,40.0,20.0,2.0,100.0,4.347826
1399.0,49.0,20.0,2.0,100.0,4.7619047
1400.0,0.0,20.0,2.0,100.0,100.0
1401.0,0.5,20.0,2.0,100.0,100.0
1402.0,1.0,20.0,2.0,100.0,16.666666
1403.0,2.0,20.0,2.0,100.0,11.111111
1404.0,3.0,20.0,2.0,100.0,25.0
1405.0,5.0,20.0,2.0,100.0,33.333332
1406.0,10.0,20.0,2.0,100.0,7.6923075
1407.0,20.0,20.0,2.0,100.0,6.6666665
1408.0,40.0,20.0,2.0,100.0,5.882353
1409.0,49.0,20.0,2.0,100.0,5.5555553
1410.0,0.0,20.0,2.0,100.0,100.0
1411.0,0.5,20.0,2.0,100.0,100.0
1412.0,1.0,20.0,2.0,100.0,100.0
1413.0,2.0,20.0,2.0,100.0,20.0
1414.0,3.0,20.0,2.0,100.0,33.333332
1415.0,5.0,20.0,2.0,100.0,5.0
1416.0,10.0,20.0,2.0,100.0,6.25
1417.0,20.0,20.0,2.0,100.0,6.25
1418.0,40.0,20.0,2.0,100.0,6.6666665
1419.0,49.0,20.0,2.0,100.0,5.263158
1420.0,0.0,20.0,2.0,100.0,20.0
1421.0,0.5,20.0,2.0,100.0,11.111111
1422.0,1.0,20.0,2.0,100.0,25.0
1423.0,2.0,20.0,2.0,100.0,14.285714
1424.0,3.0,20.0,2.0,100.0,4.5454545
1425.0,5.0,20.0,2.0,100.0,12.5
1426.0,10.0,20.0,2.0,100.0,8.333333
1427.0,20.0,20.0,2.0,100.0,7.142857
1428.0,40.0,20.0,2.0,100.0,4.347826
1429.0,49.0,20.0,2.0,100.0,5.5555553
1430.0,0.0,20.0,2.0,100.0,100.0
1431.0,0.5,20.0,2.0,100.0,33.333332
1432.0,1.0,20.0,2.0,100.0,33.333332
1433.0,2.0,20.0,2.0,100.0,33.333332
1434.0,3.0,20.0,2.0,100.0,6.6666665
1435.0,5.0,20.0,2.0,100.0,7.142857
1436.0,10.0,20.0,2.0,100.0,5.5555553
1437.0,20.0,20.0,2.0,100.0,5.882353
1438.0,40.0,20.0,2.0,100.0,4.7619047
1439.0,49.0,20.0,2.0,100.0,6.25
1440.0,0.0,20.0,2.0,100.0,11.111111
1441.0,0.5,20.0,2.0,100.0,100.0
1442.0,1.0,20.0,2.0,100.0,12.5
1443.0,2.0,20.0,2.0,100.0,25.0
1444.0,3.0,20.0,2.0,100.0,33.333332
1445.0,5.0,20.0,2.0,100.0,20.0
1446.0,10.0,20.0,2.0,100.0,33.333332
1447.0,20.0,20.0,2.0,100.0,5.882353
1448.0,40.0,20.0,2.0,100.0,5.263158
1449.0,49.0,20.0,2.0,100.0,4.347826
1450.0,0.0,20.0,2.0,100.0,7.6923075
1451.0,0.5,20.0,2.0,100.0,12.5
1452.0,1.0,20.0,2.0,100.0,100.0
1453.0,2.0,20.0,2.0,100.0,50.0
1454.0,3.0,20.0,2.0,100.0,7.6923075
1455.0,5.0,20.0,2.0,100.0,25.0
1456.0,10.0,20.0,2.0,100.0,11.111111
1457.0,20.0,20.0,2.0,100.0,7.6923075
1458.0,40.0,20.0,2.0,100.0,4.5454545
1459.0,49.0,20.0,2.0,100.0,5.263158
1460.0,0.0,20.0,2.0,100.0,100.0
1461.0,0.5,20.0,2.0,100.0,6.6666665
1462.0,1.0,20.0,2.0,100.0,33.333332
1463.0,2.0,20.0,2.0,100.0,33.333332
1464.0,3.0,20.0,2.0,100.0,5.5555553
1465.0,5.0,20.0,2.0,100.0,12.5
1466.0,10.0,20.0,2.0,100.0,5.882353
1467.0,20.0,20.0,2.0,100.0,5.882353
1468.0,40.0,20.0,2.0,100.0,5.263158
1469.0,49.0,20.0,2.0,100.0,4.7619047
1470.0,0.0,20.0,2.0,100.0,100.0
1471.0,0.5,20.0,2.0,100.0,100.0
1472.0,1.0,20.0,2.0,100.0,50.0
1473.0,2.0,20.0,2.0,100.0,33.333332
1474.0,3.0,20.0,2.0,100.0,33.333332
1475.0,5.0,20.0,2.0,100.0,5.0
1476.0,10.0,20.0,2.0,100.0,6.25
1477.0,20.0,20.0,2.0,100.0,5.263158
1478.0,40.0,20.0,2.0,100.0,5.263158
1479.0,49.0,20.0,2.0,100.0,4.347826
1480.0,0.0,20.0,2.0,100.0,100.0
1481.0,0.5,20.0,2.0,100.0,100.0
1482.0,1.0,20.0,2.0,100.0,33.333332
1483.0,2.0,20.0,2.0,100.0,100.0
1484.0,3.0,20.0,2.0,100.0,12.5
1485.0,5.0,20.0,2.0,100.0,6.6666665
1486.0,10.0,20.0,2.0,100.0,7.6923075
1487.0,20.0,20.0,2.0,100.0,6.25
1488.0,40.0,20.0,2.0,100.0,6.6666665
1489.0,49.0,20.0,2.0,100.0,5.882353
1490.0,0.0,20.0,2.0,100.0,100.0
1491.0,0.5,20.0,2.0,100.0,50.0
1492.0,1.0,20.0,2.0,100.0,100.0
1493.0,2.0,20.0,2.0,100.0,33.333332
1494.0,3.0,20.0,2.0,100.0,14.285714
1495.0,5.0,20.0,2.0,100.0,25.0
1496.0,10.0,20.0,2.0,100.0,5.263158
1497.0,20.0,20.0,2.0,100.0,7.6923075
1498.0,40.0,20.0,2.0,100.0,4.347826
1499.0,49.0,20.0,2.0,100.0,6.6666665
1500.0,0.0,20.0,2.0,100.0,100.0
1501.0,0.5,20.0,2.0,100.0,100.0
1502.0,1.0,20.0,2.0,100.0,33.333332
1503.0,2.0,20.0,2.0,100.0,25.0
1504.0,3.0,20.0,2.0,100.0,33.333332
1505.0,5.0,20.0,2.0,100.0,11.111111
1506.0,10.0,20.0,2.0,100.0,14.285714
1507.0,20.0,20.0,2.0,100.0,4.0
1508.0,40.0,20.0,2.0,100.0,4.0
1509.0,49.0,20.0,2.0,100.0,4.7619047
1510.0,0.0,20.0,2.0,100.0,100.0
1511.0,0.5,20.0,2.0,100.0,20.0
1512.0,1.0,20.0,2.0,100.0,100.0
1513.0,2.0,20.0,2.0,100.0,16.666666
1514.0,3.0,20.0,2.0,100.0,14.285714
1515.0,5.0,20.0,2.0,100.0,12.5
1516.0,10.0,20.0,2.0,100.0,11.111111
1517.0,20.0,20.0,2.0,100.0,5.882353
1518.0,40.0,20.0,2.0,100.0,4.7619047
1519.0,49.0,20.0,2.0,100.0,4.0
1520.0,0.0,20.0,2.0,100.0,100.0
1521.0,0.5,20.0,2.0,100.0,50.0
1522.0,1.0,20.0,2.0,100.0,33.333332
1523.0,2.0,20.0,2.0,100.0,33.333332
1524.0,3.0,20.0,2.0,100.0,33.333332
1525.0,5.0,20.0,2.0,100.0,16.666666
1526.0,10.0,20.0,2.0,100.0,4.347826
1527.0,20.0,20.0,2.0,100.0,5.882353
1528.0,40.0,20.0,2.0,100.0,4.347826
1529.0,49.0,20.0,2.0,100.0,5.882353
1530.0,0.0,20.0,2.0,100.0,100.0
1531.0,0.5,20.0,2.0,100.0,100.0
1532.0,1.0,20.0,2.0,100.0,33.333332
1533.0,2.0,20.0,2.0,100.0,33.333332
1534.0,3.0,20.0,2.0,100.0,33.333332
1535.0,5.0,20.0,2.0,100.0,33.333332
1536.0,10.0,20.0,2.0,100.0,5.882353
1537.0,20.0,20.0,2.0,100.0,7.142857
1538.0,40.0,20.0,2.0,100.0,5.882353
1539.0,49.0,20.0,2.0,100.0,4.0
1540.0,0.0,20.0,2.0,100.0,100.0
1541.0,0.5,20.0,2.0,100.0,33.333332
1542.0,1.0,20.0,2.0,100.0,6.25
1543.0,2.0,20.0,2.0,100.0,7.142857
1544.0,3.0,20.0,2.0,100.0,33.333332
1545.0,5.0,20.0,2.0,100.0,5.5555553
1546.0,10.0,20.0,2.0,100.0,7.6923075
1547.0,20.0,20.0,2.0,100.0,5.263158
1548.0,40.0,20.0,2.0,100.0,4.7619047
1549.0,49.0,20.0,2.0,100.0,5.882353
1550.0,0.0,20.0,2.0,100.0,100.0
1551.0,0.5,20.0,2.0,100.0,100.0
1552.0,1.0,20.0,2.0,100.0,33.333332
1553.0,2.0,20.0,2.0,100.0,100.0
1554.0,3.0,20.0,2.0,100.0,12.5
1555.0,5.0,20.0,2.0,100.0,25.0
1556.0,10.0,20.0,2.0,100.0,14.285714
1557.0,20.0,20.0,2.0,100.0,5.5555553
1558.0,40.0,20.0,2.0,100.0,4.347826
1559.0,49.0,20.0,2.0,100.0,4.347826
1560.0,0.0,20.0,2.0,100.0,100.0
1561.0,0.5,20.0,2.0,100.0,100.0
1562.0,1.0,20.0,2.0,100.0,33.333332
1563.0,2.0,20.0,2.0,100.0,33.333332
1564.0,3.0,20.0,2.0,100.0,33.333332
1565.0,5.0,20.0,2.0,100.0,7.142857
1566.0,10.0,20.0,2.0,100.0,8.333333
1567.0,20.0,20.0,2.0,100.0,7.142857
1568.0,40.0,20.0,2.0,100.0,4.5454545
1569.0,49.0,20.0,2.0,100.0,4.347826
1570.0,0.0,20.0,2.0,100.0,100.0
1571.0,0.5,20.0,2.0,100.0,33.333332
1572.0,1.0,20.0,2.0,100.0,100.0
1573.0,2.0,20.0,2.0,100.0,7.6923075
1574.0,3.0,20.0,2.0,100.0,25.0
1575.0,5.0,20.0,2.0,100.0,8.333333
1576.0,10.0,20.0,2.0,100.0,5.882353
1577.0,20.0,20.0,2.0,100.0,7.142857
1578.0,40.0,20.0,2.0,100.0,4.347826
1579.0,49.0,20.0,2.0,100.0,4.7619047
1580.0,0.0,20.0,2.0,100.0,100.0
1581.0,0.5,20.0,2.0,100.0,33.333332
1582.0,1.0,20.0,2.0,100.0,25.0
1583.0,2.0,20.0,2.0,100.0,33.333332
1584.0,3.0,20.0,2.0,100.0,33.333332
1585.0,5.0,20.0,2.0,100.0,7.142857
1586.0,10.0,20.0,2.0,100.0,14.285714
1587.0,20.0,20.0,2.0,100.0,6.6666665
1588.0,40.0,20.0,2.0,100.0,5.882353
1589.0,49.0,20.0,2.0,100.0,6.25
1590.0,0.0,20.0,2.0,100.0,100.0
1591.0,0.5,20.0,2.0,100.0,100.0
1592.0,1.0,20.0,2.0,100.0,100.0
1593.0,2.0,20.0,2.0,100.0,12.5
1594.0,3.0,20.0,2.0,100.0,20.0
1595.0,5.0,20.0,2.0,100.0,20.0
1596.0,10.0,20.0,2.0,100.0,6.6666665
1597.0,20.0,20.0,2.0,100.0,7.6923075
1598.0,40.0,20.0,2.0,100.0,5.0
1599.0,49.0,20.0,2.0,100.0,4.7619047
1600.0,0.0,20.0,2.0,100.0,6.6666665
1601.0,0.5,20.0,2.0,100.0,100.0
1602.0,1.0,20.0,2.0,100.0,25.0
1603.0,2.0,20.0,2.0,100.0,33.333332
1604.0,3.0,20.0,2.0,100.0,14.285714
1605.0,5.0,20.0,2.0,100.0,5.882353
1606.0,10.0,20.0,2.0,100.0,8.333333
1607.0,20.0,20.0,2.0,100.0,4.7619047
1608.0,40.0,20.0,2.0,100.0,5.263158
1609.0,49.0,20.0,2.0,100.0,4.347826
1610.0,0.0,20.0,2.0,100.0,100.0
1611.0,0.5,20.0,2.0,100.0,33.333332
1612.0,1.0,20.0,2.0,100.0,100.0
1613.0,2.0,20.0,2.0,100.0,33.333332
1614.0,3.0,20.0,2.0,100.0,25.0
1615.0,5.0,20.0,2.0,100.0,11.111111
1616.0,10.0,20.0,2.0,100.0,25.0
1617.0,20.0,20.0,2.0,100.0,7.6923075
1618.0,40.0,20.0,2.0,100.0,4.7619047
1619.0,49.0,20.0,2.0,100.0,5.882353
1620.0,0.0,20.0,2.0,100.0,20.0
1621.0,0.5,20.0,2.0,100.0,100.0
1622.0,1.0,20.0,2.0,100.0,33.333332
1623.0,2.0,20.0,2.0,100.0,100.0
1624.0,3.0,20.0,2.0,100.0,4.7619047
1625.0,5.0,20.0,2.0,100.0,5.5555553
1626.0,10.0,20.0,2.0,100.0,11.111111
1627.0,20.0,20.0,2.0,100.0,7.6923075
1628.0,40.0,20.0,2.0,100.0,4.347826
1629.0,49.0,20.0,2.0,100.0,5.263158
1630.0,0.0,20.0,2.0,100.0,100.0
1631.0,0.5,20.0,2.0,100.0,33.333332
1632.0,1.0,20.0,2.0,100.0,33.333332
1633.0,2.0,20.0,2.0,100.0,9.090909
1634.0,3.0,20.0,2.0,100.0,33.333332
1635.0,5.0,20.0,2.0,100.0,6.25
1636.0,10.0,20.0,2.0,100.0,7.142857
1637.0,20.0,20.0,2.0,100.0,5.263158
1638.0,40.0,20.0,2.0,100.0,4.5454545
1639.0,49.0,20.0,2.0,100.0,4.5454545
1640.0,0.0,20.0,2.0,100.0,100.0
1641.0,0.5,20.0,2.0,100.0,100.0
1642.0,1.0,20.0,2.0,100.0,33.333332
1643.0,2.0,20.0,2.0,100.0,12.5
1644.0,3.0,20.0,2.0,100.0,33.333332
1645.0,5.0,20.0,2.0,100.0,20.0
1646.0,10.0,20.0,2.0,100.0,9.090909
1647.0,20.0,20.0,2.0,100.0,5.882353
1648.0,40.0,20.0,2.0,100.0,5.882353
1649.0,49.0,20.0,2.0,100.0,4.347826
1650.0,0.0,20.0,2.0,100.0,100.0
1651.0,0.5,20.0,2.0,100.0,100.0
1652.0,1.0,20.0,2.0,100.0,33.333332
1653.0,2.0,20.0,2.0,100.0,33.333332
1654.0,3.0,20.0,2.0,100.0,16.666666
1655.0,5.0,20.0,2.0,100.0,5.0
1656.0,10.0,20.0,2.0,100.0,8.333333
1657.0,20.0,20.0,2.0,100.0,6.6666665
1658.0,40.0,20.0,2.0,100.0,5.882353
1659.0,49.0,20.0,2.0,100.0,4.347826
1660.0,0.0,20.0,2.0,100.0,100.0
1661.0,0.5,20.0,2.0,100.0,100.0
1662.0,1.0,20.0,2.0,100.0,33.333332
1663.0,2.0,20.0,2.0,100.0,25.0
1664.0,3.0,20.0,2.0,100.0,7.6923075
1665.0,5.0,20.0,2.0,100.0,25.0
1666.0,10.0,20.0,2.0,100.0,20.0
1667.0,20.0,20.0,2.0,100.0,5.5555553
1668.0,40.0,20.0,2.0,100.0,6.6666665
1669.0,49.0,20.0,2.0,100.0,4.0
1670.0,0.0,20.0,2.0,100.0,100.0
1671.0,0.5,20.0,2.0,100.0,20.0
1672.0,1.0,20.0,2.0,100.0,33.333332
1673.0,2.0,20.0,2.0,100.0,33.333332
1674.0,3.0,20.0,2.0,100.0,8.333333
1675.0,5.0,20.0,2.0,100.0,14.285714
1676.0,10.0,20.0,2.0,100.0,5.263158
1677.0,20.0,20.0,2.0,100.0,4.5454545
1678.0,40.0,20.0,2.0,100.0,6.6666665
1679.0,49.0,20.0,2.0,100.0,5.263158
1680.0,0.0,20.0,2.0,100.0,100.0
1681.0,0.5,20.0,2.0,100.0,100.0
1682.0,1.0,20.0,2.0,100.0,11.111111
1683.0,2.0,20.0,2.0,100.0,100.0
1684.0,3.0,20.0,2.0,100.0,20.0
1685.0,5.0,20.0,2.0,100.0,14.285714
1686.0,10.0,20.0,2.0,100.0,5.882353
1687.0,20.0,20.0,2.0,100.0,5.5555553
1688.0,40.0,20.0,2.0,100.0,4.347826
1689.0,49.0,20.0,2.0,100.0,6.6666665
1690.0,0.0,20.0,2.0,100.0,100.0
1691.0,0.5,20.0,2.0,100.0,100.0
1692.0,1.0,20.0,2.0,100.0,100.0
1693.0,2.0,20.0,2.0,100.0,20.0
1694.0,3.0,20.0,2.0,100.0,10.0
1695.0,5.0,20.0,2.0,100.0,14.285714
1696.0,10.0,20.0,2.0,100.0,9.090909
1697.0,20.0,20.0,2.0,100.0,4.7619047
1698.0,40.0,20.0,2.0,100.0,5.0
1699.0,49.0,20.0,2.0,100.0,5.263158
1700.0,0.0,20.0,2.0,100.0,100.0
1701.0,0.5,20.0,2.0,100.0,33.333332
1702.0,1.0,20.0,2.0,100.0,33.333332
1703.0,2.0,20.0,2.0,100.0,11.111111
1704.0,3.0,20.0,2.0,100.0,6.6666665
1705.0,5.0,20.0,2.0,100.0,6.6666665
1706.0,10.0,20.0,2.0,100.0,4.1666665
1707.0,20.0,20.0,2.0,100.0,6.6666665
1708.0,40.0,20.0,2.0,100.0,4.347826
1709.0,49.0,20.0,2.0,100.0,5.882353
1710.0,0.0,20.0,2.0,100.0,100.0
1711.0,0.5,20.0,2.0,100.0,33.333332
1712.0,1.0,20.0,2.0,100.0,100.0
1713.0,2.0,20.0,2.0,100.0,20.0
1714.0,3.0,20.0,2.0,100.0,7.142857
1715.0,5.0,20.0,2.0,100.0,12.5
1716.0,10.0,20.0,2.0,100.0,9.090909
1717.0,20.0,20.0,2.0,100.0,5.5555553
1718.0,40.0,20.0,2.0,100.0,4.7619047
1719.0,49.0,20.0,2.0,100.0,4.7619047
1720.0,0.0,20.0,2.0,100.0,100.0
1721.0,0.5,20.0,2.0,100.0,50.0
1722.0,1.0,20.0,2.0,100.0,33.333332
1723.0,2.0,20.0,2.0,100.0,33.333332
1724.0,3.0,20.0,2.0,100.0,10.0
1725.0,5.0,20.0,2.0,100.0,16.666666
1726.0,10.0,20.0,2.0,100.0,5.882353
1727.0,20.0,20.0,2.0,100.0,5.5555553
1728.0,40.0,20.0,2.0,100.0,6.6666665
1729.0,49.0,20.0,2.0,100.0,4.347826
1730.0,0.0,20.0,2.0,100.0,100.0
1731.0,0.5,20.0,2.0,100.0,33.333332
1732.0,1.0,20.0,2.0,100.0,10.0
1733.0,2.0,20.0,2.0,100.0,33.333332
1734.0,3.0,20.0,2.0,100.0,33.333332
1735.0,5.0,20.0,2.0,100.0,20.0
1736.0,10.0,20.0,2.0,100.0,6.6666665
1737.0,20.0,20.0,2.0,100.0,5.882353
1738.0,40.0,20.0,2.0,100.0,6.6666665
1739.0,49.0,20.0,2.0,100.0,4.0
1740.0,0.0,20.0,2.0,100.0,100.0
1741.0,0.5,20.0,2.0,100.0,7.6923075
1742.0,1.0,20.0,2.0,100.0,20.0
1743.0,2.0,20.0,2.0,100.0,100.0
1744.0,3.0,20.0,2.0,100.0,10.0
1745.0,5.0,20.0,2.0,100.0,7.6923075
1746.0,10.0,20.0,2.0,100.0,5.882353
1747.0,20.0,20.0,2.0,100.0,4.347826
1748.0,40.0,20.0,2.0,100.0,5.0
1749.0,49.0,20.0,2.0,100.0,5.263158
1750.0,0.0,20.0,2.0,100.0,100.0
1751.0,0.5,20.0,2.0,100.0,100.0
1752.0,1.0,20.0,2.0,100.0,6.6666665
1753.0,2.0,20.0,2.0,100.0,33.333332
1754.0,3.0,20.0,2.0,100.0,16.666666
1755.0,5.0,20.0,2.0,100.0,9.090909
1756.0,10.0,20.0,2.0,100.0,8.333333
1757.0,20.0,20.0,2.0,100.0,6.6666665
1758.0,40.0,20.0,2.0,100.0,4.7619047
1759.0,49.0,20.0,2.0,100.0,5.263158
1760.0,0.0,20.0,2.0,100.0,100.0
1761.0,0.5,20.0,2.0,100.0,33.333332
1762.0,1.0,20.0,2.0,100.0,33.333332
1763.0,2.0,20.0,2.0,100.0,33.333332
1764.0,3.0,20.0,2.0,100.0,7.142857
1765.0,5.0,20.0,2.0,100.0,11.111111
1766.0,10.0,20.0,2.0,100.0,14.285714
1767.0,20.0,20.0,2.0,100.0,6.25
1768.0,40.0,20.0,2.0,100.0,5.882353
1769.0,49.0,20.0,2.0,100.0,5.263158
1770.0,0.0,20.0,2.0,100.0,100.0
1771.0,0.5,20.0,2.0,100.0,33.333332
1772.0,1.0,20.0,2.0,100.0,50.0
1773.0,2.0,20.0,2.0,100.0,33.333332
1774.0,3.0,20.0,2.0,100.0,20.0
1775.0,5.0,20.0,2.0,100.0,11.111111
1776.0,10.0,20.0,2.0,100.0,5.5555553
1777.0,20.0,20.0,2.0,100.0,6.6666665
1778.0,40.0,20.0,2.0,100.0,3.7037036
1779.0,49.0,20.0,2.0,100.0,6.6666665
1780.0,0.0,20.0,2.0,100.0,100.0
1781.0,0.5,20.0,2.0,100.0,33.333332
1782.0,1.0,20.0,2.0,100.0,20.0
1783.0,2.0,20.0,2.0,100.0,33.333332
1784.0,3.0,20.0,2.0,100.0,5.5555553
1785.0,5.0,20.0,2.0,100.0,20.0
1786.0,10.0,20.0,2.0,100.0,5.5555553
1787.0,20.0,20.0,2.0,100.0,5.882353
1788.0,40.0,20.0,2.0,100.0,4.7619047
1789.0,49.0,20.0,2.0,100.0,5.5555553
1790.0,0.0,20.0,2.0,100.0,100.0
1791.0,0.5,20.0,2.0,100.0,33.333332
1792.0,1.0,20.0,2.0,100.0,50.0
1793.0,2.0,20.0,2.0,100.0,7.6923075
1794.0,3.0,20.0,2.0,100.0,20.0
1795.0,5.0,20.0,2.0,100.0,5.882353
1796.0,10.0,20.0,2.0,100.0,4.7619047
1797.0,20.0,20.0,2.0,100.0,5.882353
1798.0,40.0,20.0,2.0,100.0,4.7619047
1799.0,49.0,20.0,2.0,100.0,5.882353
1800.0,0.0,20.0,2.0,100.0,100.0
1801.0,0.5,20.0,2.0,100.0,100.0
1802.0,1.0,20.0,2.0,100.0,33.333332
1803.0,2.0,20.0,2.0,100.0,16.666666
1804.0,3.0,20.0,2.0,100.0,4.7619047
1805.0,5.0,20.0,2.0,100.0,4.7619047
1806.0,10.0,20.0,2.0,100.0,10.0
1807.0,20.0,20.0,2.0,100.0,6.25
1808.0,40.0,20.0,2.0,100.0,5.882353
1809.0,49.0,20.0,2.0,100.0,5.263158
1810.0,0.0,20.0,2.0,100.0,100.0
1811.0,0.5,20.0,2.0,100.0,33.333332
1812.0,1.0,20.0,2.0,100.0,14.285714
1813.0,2.0,20.0,2.0,100.0,33.333332
1814.0,3.0,20.0,2.0,100.0,14.285714
1815.0,5.0,20.0,2.0,100.0,4.347826
1816.0,10.0,20.0,2.0,100.0,14.285714
1817.0,20.0,20.0,2.0,100.0,5.5555553
1818.0,40.0,20.0,2.0,100.0,5.263158
1819.0,49.0,20.0,2.0,100.0,4.347826
1820.0,0.0,20.0,2.0,100.0,100.0
1821.0,0.5,20.0,2.0,100.0,100.0
1822.0,1.0,20.0,2.0,100.0,100.0
1823.0,2.0,20.0,2.0,100.0,12.5
1824.0,3.0,20.0,2.0,100.0,5.882353
1825.0,5.0,20.0,2.0,100.0,7.142857
1826.0,10.0,20.0,2.0,100.0,7.142857
1827.0,20.0,20.0,2.0,100.0,7.142857
1828.0,40.0,20.0,2.0,100.0,5.263158
1829.0,49.0,20.0,2.0,100.0,4.347826
1830.0,0.0,20.0,2.0,100.0,100.0
1831.0,0.5,20.0,2.0,100.0,16.666666
1832.0,1.0,20.0,2.0,100.0,14.285714
1833.0,2.0,20.0,2.0,100.0,33.333332
1834.0,3.0,20.0,2.0,100.0,5.263158
1835.0,5.0,20.0,2.0,100.0,11.111111
1836.0,10.0,20.0,2.0,100.0,8.333333
1837.0,20.0,20.0,2.0,100.0,6.6666665
1838.0,40.0,20.0,2.0,100.0,5.263158
1839.0,49.0,20.0,2.0,100.0,5.0
1840.0,0.0,20.0,2.0,100.0,100.0
1841.0,0.5,20.0,2.0,100.0,33.333332
1842.0,1.0,20.0,2.0,100.0,33.333332
1843.0,2.0,20.0,2.0,100.0,11.111111
1844.0,3.0,20.0,2.0,100.0,6.25
1845.0,5.0,20.0,2.0,100.0,9.090909
1846.0,10.0,20.0,2.0,100.0,6.25
1847.0,20.0,20.0,2.0,100.0,6.25
1848.0,40.0,20.0,2.0,100.0,4.5454545
1849.0,49.0,20.0,2.0,100.0,4.7619047
1850.0,0.0,20.0,2.0,100.0,100.0
1851.0,0.5,20.0,2.0,100.0,100.0
1852.0,1.0,20.0,2.0,100.0,100.0
1853.0,2.0,20.0,2.0,100.0,5.882353
1854.0,3.0,20.0,2.0,100.0,10.0
1855.0,5.0,20.0,2.0,100.0,8.333333
1856.0,10.0,20.0,2.0,100.0,16.666666
1857.0,20.0,20.0,2.0,100.0,6.25
1858.0,40.0,20.0,2.0,100.0,5.0
1859.0,49.0,20.0,2.0,100.0,4.347826
1860.0,0.0,20.0,2.0,100.0,100.0
1861.0,0.5,20.0,2.0,100.0,25.0
1862.0,1.0,20.0,2.0,100.0,33.333332
1863.0,2.0,20.0,2.0,100.0,14.285714
1864.0,3.0,20.0,2.0,100.0,33.333332
1865.0,5.0,20.0,2.0,100.0,25.0
1866.0,10.0,20.0,2.0,100.0,14.285714
1867.0,20.0,20.0,2.0,100.0,7.6923075
1868.0,40.0,20.0,2.0,100.0,5.263158
1869.0,49.0,20.0,2.0,100.0,4.7619047
1870.0,0.0,20.0,2.0,100.0,100.0
1871.0,0.5,20.0,2.0,100.0,100.0
1872.0,1.0,20.0,2.0,100.0,33.333332
1873.0,2.0,20.0,2.0,100.0,25.0
1874.0,3.0,20.0,2.0,100.0,8.333333
1875.0,5.0,20.0,2.0,100.0,20.0
1876.0,10.0,20.0,2.0,100.0,7.6923075
1877.0,20.0,20.0,2.0,100.0,5.0
1878.0,40.0,20.0,2.0,100.0,4.7619047
1879.0,49.0,20.0,2.0,100.0,5.263158
1880.0,0.0,20.0,2.0,100.0,100.0
1881.0,0.5,20.0,2.0,100.0,100.0
1882.0,1.0,20.0,2.0,100.0,33.333332
1883.0,2.0,20.0,2.0,100.0,20.0
1884.0,3.0,20.0,2.0,100.0,16.666666
1885.0,5.0,20.0,2.0,100.0,5.0
1886.0,10.0,20.0,2.0,100.0,11.111111
1887.0,20.0,20.0,2.0,100.0,6.6666665
1888.0,40.0,20.0,2.0,100.0,3.8461537
1889.0,49.0,20.0,2.0,100.0,5.0
1890.0,0.0,20.0,2.0,100.0,100.0
1891.0,0.5,20.0,2.0,100.0,100.0
1892.0,1.0,20.0,2.0,100.0,33.333332
1893.0,2.0,20.0,2.0,100.0,9.090909
1894.0,3.0,20.0,2.0,100.0,33.333332
1895.0,5.0,20.0,2.0,100.0,10.0
1896.0,10.0,20.0,2.0,100.0,10.0
1897.0,20.0,20.0,2.0,100.0,6.25
1898.0,40.0,20.0,2.0,100.0,4.347826
1899.0,49.0,20.0,2.0,100.0,5.263158
1900.0,0.0,20.0,2.0,100.0,100.0
1901.0,0.5,20.0,2.0,100.0,33.333332
1902.0,1.0,20.0,2.0,100.0,33.333332
1903.0,2.0,20.0,2.0,100.0,12.5
1904.0,3.0,20.0,2.0,100.0,50.0
1905.0,5.0,20.0,2.0,100.0,33.333332
1906.0,10.0,20.0,2.0,100.0,20.0
1907.0,20.0,20.0,2.0,100.0,6.25
1908.0,40.0,20.0,2.0,100.0,6.6666665
1909.0,49.0,20.0,2.0,100.0,4.7619047
1910.0,0.0,20.0,2.0,100.0,100.0
1911.0,0.5,20.0,2.0,100.0,33.333332
1912.0,1.0,20.0,2.0,100.0,100.0
1913.0,2.0,20.0,2.0,100.0,100.0
1914.0,3.0,20.0,2.0,100.0,16.666666
1915.0,5.0,20.0,2.0,100.0,20.0
1916.0,10.0,20.0,2.0,100.0,5.5555553
1917.0,20.0,20.0,2.0,100.0,5.0
1918.0,40.0,20.0,2.0,100.0,5.263158
1919.0,49.0,20.0,2.0,100.0,4.347826
1920.0,0.0,20.0,2.0,100.0,100.0
1921.0,0.5,20.0,2.0,100.0,33.333332
1922.0,1.0,20.0,2.0,100.0,33.333332
1923.0,2.0,20.0,2.0,100.0,100.0
1924.0,3.0,20.0,2.0,100.0,33.333332
1925.0,5.0,20.0,2.0,100.0,7.142857
1926.0,10.0,20.0,2.0,100.0,4.347826
1927.0,20.0,20.0,2.0,100.0,7.6923075
1928.0,40.0,20.0,2.0,100.0,5.882353
1929.0,49.0,20.0,2.0,100.0,5.263158
1930.0,0.0,20.0,2.0,100.0,100.0
1931.0,0.5,20.0,2.0,100.0,33.333332
1932.0,1.0,20.0,2.0,100.0,100.0
1933.0,2.0,20.0,2.0,100.0,33.333332
1934.0,3.0,20.0,2.0,100.0,6.25
1935.0,5.0,20.0,2.0,100.0,6.6666665
1936.0,10.0,20.0,2.0,100.0,7.142857
1937.0,20.0,20.0,2.0,100.0,6.25
1938.0,40.0,20.0,2.0,100.0,5.0
1939.0,49.0,20.0,2.0,100.0,7.6923075
1940.0,0.0,20.0,2.0,100.0,100.0
1941.0,0.5,20.0,2.0,100.0,33.333332
1942.0,1.0,20.0,2.0,100.0,33.333332
1943.0,2.0,20.0,2.0,100.0,20.0
1944.0,3.0,20.0,2.0,100.0,50.0
1945.0,5.0,20.0,2.0,100.0,5.882353
1946.0,10.0,20.0,2.0,100.0,9.090909
1947.0,20.0,20.0,2.0,100.0,6.6666665
1948.0,40.0,20.0,2.0,100.0,4.1666665
1949.0,49.0,20.0,2.0,100.0,5.882353
1950.0,0.0,20.0,2.0,100.0,100.0
1951.0,0.5,20.0,2.0,100.0,100.0
1952.0,1.0,20.0,2.0,100.0,33.333332
1953.0,2.0,20.0,2.0,100.0,8.333333
1954.0,3.0,20.0,2.0,100.0,33.333332
1955.0,5.0,20.0,2.0,100.0,16.666666
1956.0,10.0,20.0,2.0,100.0,12.5
1957.0,20.0,20.0,2.0,100.0,6.6666665
1958.0,40.0,20.0,2.0,100.0,5.263158
1959.0,49.0,20.0,2.0,100.0,4.7619047
1960.0,0.0,20.0,2.0,100.0,100.0
1961.0,0.5,20.0,2.0,100.0,100.0
1962.0,1.0,20.0,2.0,100.0,9.090909
1963.0,2.0,20.0,2.0,100.0,5.882353
1964.0,3.0,20.0,2.0,100.0,50.0
1965.0,5.0,20.0,2.0,100.0,16.666666
1966.0,10.0,20.0,2.0,100.0,6.25
1967.0,20.0,20.0,2.0,100.0,6.25
1968.0,40.0,20.0,2.0,100.0,5.0
1969.0,49.0,20.0,2.0,100.0,4.347826
1970.0,0.0,20.0,2.0,100.0,100.0
1971.0,0.5,20.0,2.0,100.0,100.0
1972.0,1.0,20.0,2.0,100.0,100.0
1973.0,2.0,20.0,2.0,100.0,33.333332
1974.0,3.0,20.0,2.0,100.0,25.0
1975.0,5.0,20.0,2.0,100.0,20.0
1976.0,10.0,20.0,2.0,100.0,6.6666665
1977.0,20.0,20.0,2.0,100.0,5.5555553
1978.0,40.0,20.0,2.0,100.0,5.263158
1979.0,49.0,20.0,2.0,100.0,4.347826
1980.0,0.0,20.0,2.0,100.0,11.111111
1981.0,0.5,20.0,2.0,100.0,33.333332
1982.0,1.0,20.0,2.0,100.0,25.0
1983.0,2.0,20.0,2.0,100.0,33.333332
1984.0,3.0,20.0,2.0,100.0,33.333332
1985.0,5.0,20.0,2.0,100.0,12.5
1986.0,10.0,20.0,2.0,100.0,4.347826
1987.0,20.0,20.0,2.0,100.0,6.6666665
1988.0,40.0,20.0,2.0,100.0,5.263158
1989.0,49.0,20.0,2.0,100.0,4.347826
1990.0,0.0,20.0,2.0,100.0,100.0
1991.0,0.5,20.0,2.0,100.0,100.0
1992.0,1.0,20.0,2.0,100.0,25.0
1993.0,2.0,20.0,2.0,100.0,33.333332
1994.0,3.0,20.0,2.0,100.0,9.090909
1995.0,5.0,20.0,2.0,100.0,33.333332
1996.0,10.0,20.0,2.0,100.0,14.285714
1997.0,20.0,20.0,2.0,100.0,5.882353
1998.0,40.0,20.0,2.0,100.0,5.0
1999.0,49.0,20.0,2.0,100.0,5.5555553
2000.0,0.0,20.0,2.0,100.0,100.0
2001.0,0.5,20.0,2.0,100.0,100.0
2002.0,1.0,20.0,2.0,100.0,10.0
2003.0,2.0,20.0,2.0,100.0,33.333332
2004.0,3.0,20.0,2.0,100.0,14.285714
2005.0,5.0,20.0,2.0,100.0,16.666666
2006.0,10.0,20.0,2.0,100.0,6.6666665
2007.0,20.0,20.0,2.0,100.0,5.0
2008.0,40.0,20.0,2.0,100.0,5.882353
2009.0,49.0,20.0,2.0,100.0,4.0
2010.0,0.0,20.0,2.0,100.0,100.0
2011.0,0.5,20.0,2.0,100.0,100.0
2012.0,1.0,20.0,2.0,100.0,11.111111
2013.0,2.0,20.0,2.0,100.0,8.333333
2014.0,3.0,20.0,2.0,100.0,11.111111
2015.0,5.0,20.0,2.0,100.0,7.142857
2016.0,10.0,20.0,2.0,100.0,6.25
2017.0,20.0,20.0,2.0,100.0,4.7619047
2018.0,40.0,20.0,2.0,100.0,5.882353
2019.0,49.0,20.0,2.0,100.0,4.7619047
2020.0,0.0,20.0,2.0,100.0,100.0
2021.0,0.5,20.0,2.0,100.0,33.333332
2022.0,1.0,20.0,2.0,100.0,33.333332
2023.0,2.0,20.0,2.0,100.0,33.333332
2024.0,3.0,20.0,2.0,100.0,25.0
2025.0,5.0,20.0,2.0,100.0,16.666666
2026.0,10.0,20.0,2.0,100.0,8.333333
2027.0,20.0,20.0,2.0,100.0,6.6666665
2028.0,40.0,20.0,2.0,100.0,5.263158
2029.0,49.0,20.0,2.0,100.0,4.7619047
2030.0,0.0,20.0,2.0,100.0,100.0
2031.0,0.5,20.0,2.0,100.0,11.111111
2032.0,1.0,20.0,2.0,100.0,33.333332
2033.0,2.0,20.0,2.0,100.0,33.333332
2034.0,3.0,20.0,2.0,100.0,5.882353
2035.0,5.0,20.0,2.0,100.0,20.0
2036.0,10.0,20.0,2.0,100.0,6.6666665
2037.0,20.0,20.0,2.0,100.0,5.5555553
2038.0,40.0,20.0,2.0,100.0,5.5555553
2039.0,49.0,20.0,2.0,100.0,3.7037036
2040.0,0.0,20.0,2.0,100.0,100.0
2041.0,0.5,20.0,2.0,100.0,33.333332
2042.0,1.0,20.0,2.0,100.0,100.0
2043.0,2.0,20.0,2.0,100.0,33.333332
2044.0,3.0,20.0,2.0,100.0,33.333332
2045.0,5.0,20.0,2.0,100.0,4.347826
2046.0,10.0,20.0,2.0,100.0,9.090909
2047.0,20.0,20.0,2.0,100.0,5.882353
2048.0,40.0,20.0,2.0,100.0,4.7619047
2049.0,49.0,20.0,2.0,100.0,4.347826
2050.0,0.0,20.0,2.0,100.0,100.0
2051.0,0.5,20.0,2.0,100.0,100.0
2052.0,1.0,20.0,2.0,100.0,16.666666
2053.0,2.0,20.0,2.0,100.0,9.090909
2054.0,3.0,20.0,2.0,100.0,20.0
2055.0,5.0,20.0,2.0,100.0,12.5
2056.0,10.0,20.0,2.0,100.0,7.142857
2057.0,20.0,20.0,2.0,100.0,6.6666665
2058.0,40.0,20.0,2.0,100.0,5.263158
2059.0,49.0,20.0,2.0,100.0,4.7619047
2060.0,0.0,20.0,2.0,100.0,100.0
2061.0,0.5,20.0,2.0,100.0,100.0
2062.0,1.0,20.0,2.0,100.0,33.333332
2063.0,2.0,20.0,2.0,100.0,33.333332
2064.0,3.0,20.0,2.0,100.0,9.090909
2065.0,5.0,20.0,2.0,100.0,7.142857
2066.0,10.0,20.0,2.0,100.0,14.285714
2067.0,20.0,20.0,2.0,100.0,5.882353
2068.0,40.0,20.0,2.0,100.0,5.0
2069.0,49.0,20.0,2.0,100.0,4.347826
2070.0,0.0,20.0,2.0,100.0,100.0
2071.0,0.5,20.0,2.0,100.0,33.333332
2072.0,1.0,20.0,2.0,100.0,33.333332
2073.0,2.0,20.0,2.0,100.0,33.333332
2074.0,3.0,20.0,2.0,100.0,11.111111
2075.0,5.0,20.0,2.0,100.0,14.285714
2076.0,10.0,20.0,2.0,100.0,5.5555553
2077.0,20.0,20.0,2.0,100.0,8.333333
2078.0,40.0,20.0,2.0,100.0,4.7619047
2079.0,49.0,20.0,2.0,100.0,4.347826
2080.0,0.0,20.0,2.0,100.0,100.0
2081.0,0.5,20.0,2.0,100.0,33.333332
2082.0,1.0,20.0,2.0,100.0,33.333332
2083.0,2.0,20.0,2.0,100.0,25.0
2084.0,3.0,20.0,2.0,100.0,5.882353
2085.0,5.0,20.0,2.0,100.0,100.0
2086.0,10.0,20.0,2.0,100.0,7.142857
2087.0,20.0,20.0,2.0,100.0,7.142857
2088.0,40.0,20.0,2.0,100.0,4.7619047
2089.0,49.0,20.0,2.0,100.0,4.347826
2090.0,0.0,20.0,2.0,100.0,100.0
2091.0,0.5,20.0,2.0,100.0,11.111111
2092.0,1.0,20.0,2.0,100.0,33.333332
2093.0,2.0,20.0,2.0,100.0,20.0
2094.0,3.0,20.0,2.0,100.0,10.0
2095.0,5.0,20.0,2.0,100.0,33.333332
2096.0,10.0,20.0,2.0,100.0,6.25
2097.0,20.0,20.0,2.0,100.0,6.6666665
2098.0,40.0,20.0,2.0,100.0,4.1666665
2099.0,49.0,20.0,2.0,100.0,4.347826
2100.0,0.0,20.0,2.0,100.0,100.0
2101.0,0.5,20.0,2.0,100.0,6.6666665
2102.0,1.0,20.0,2.0,100.0,4.7619047
2103.0,2.0,20.0,2.0,100.0,50.0
2104.0,3.0,20.0,2.0,100.0,20.0
2105.0,5.0,20.0,2.0,100.0,5.263158
2106.0,10.0,20.0,2.0,100.0,10.0
2107.0,20.0,20.0,2.0,100.0,5.0
2108.0,40.0,20.0,2.0,100.0,5.263158
2109.0,49.0,20.0,2.0,100.0,4.7619047
2110.0,0.0,20.0,2.0,100.0,14.285714
2111.0,0.5,20.0,2.0,100.0,33.333332
2112.0,1.0,20.0,2.0,100.0,33.333332
2113.0,2.0,20.0,2.0,100.0,25.0
2114.0,3.0,20.0,2.0,100.0,20.0
2115.0,5.0,20.0,2.0,100.0,20.0
2116.0,10.0,20.0,2.0,100.0,9.090909
2117.0,20.0,20.0,2.0,100.0,5.882353
2118.0,40.0,20.0,2.0,100.0,4.347826
2119.0,49.0,20.0,2.0,100.0,4.347826
2120.0,0.0,20.0,2.0,100.0,100.0
2121.0,0.5,20.0,2.0,100.0,33.333332
2122.0,1.0,20.0,2.0,100.0,100.0
2123.0,2.0,20.0,2.0,100.0,6.6666665
2124.0,3.0,20.0,2.0,100.0,7.6923075
2125.0,5.0,20.0,2.0,100.0,11.111111
2126.0,10.0,20.0,2.0,100.0,14.285714
2127.0,20.0,20.0,2.0,100.0,8.333333
2128.0,40.0,20.0,2.0,100.0,5.882353
2129.0,49.0,20.0,2.0,100.0,5.882353
2130.0,0.0,20.0,2.0,100.0,100.0
2131.0,0.5,20.0,2.0,100.0,33.333332
2132.0,1.0,20.0,2.0,100.0,100.0
2133.0,2.0,20.0,2.0,100.0,33.333332
2134.0,3.0,20.0,2.0,100.0,33.333332
2135.0,5.0,20.0,2.0,100.0,9.090909
2136.0,10.0,20.0,2.0,100.0,10.0
2137.0,20.0,20.0,2.0,100.0,5.882353
2138.0,40.0,20.0,2.0,100.0,5.263158
2139.0,49.0,20.0,2.0,100.0,4.0
2140.0,0.0,20.0,2.0,100.0,100.0
2141.0,0.5,20.0,2.0,100.0,33.333332
2142.0,1.0,20.0,2.0,100.0,33.333332
2143.0,2.0,20.0,2.0,100.0,33.333332
2144.0,3.0,20.0,2.0,100.0,11.111111
2145.0,5.0,20.0,2.0,100.0,12.5
2146.0,10.0,20.0,2.0,100.0,4.7619047
2147.0,20.0,20.0,2.0,100.0,4.7619047
2148.0,40.0,20.0,2.0,100.0,5.882353
2149.0,49.0,20.0,2.0,100.0,5.882353
2150.0,0.0,20.0,2.0,100.0,100.0
2151.0,0.5,20.0,2.0,100.0,33.333332
2152.0,1.0,20.0,2.0,100.0,33.333332
2153.0,2.0,20.0,2.0,100.0,25.0
2154.0,3.0,20.0,2.0,100.0,16.666666
2155.0,5.0,20.0,2.0,100.0,9.090909
2156.0,10.0,20.0,2.0,100.0,6.6666665
2157.0,20.0,20.0,2.0,100.0,4.5454545
2158.0,40.0,20.0,2.0,100.0,5.882353
2159.0,49.0,20.0,2.0,100.0,4.0
2160.0,0.0,20.0,2.0,100.0,9.090909
2161.0,0.5,20.0,2.0,100.0,33.333332
2162.0,1.0,20.0,2.0,100.0,33.333332
2163.0,2.0,20.0,2.0,100.0,14.285714
2164.0,3.0,20.0,2.0,100.0,8.333333
2165.0,5.0,20.0,2.0,100.0,16.666666
2166.0,10.0,20.0,2.0,100.0,7.6923075
2167.0,20.0,20.0,2.0,100.0,4.347826
2168.0,40.0,20.0,2.0,100.0,4.7619047
2169.0,49.0,20.0,2.0,100.0,4.7619047
2170.0,0.0,20.0,2.0,100.0,100.0
2171.0,0.5,20.0,2.0,100.0,33.333332
2172.0,1.0,20.0,2.0,100.0,33.333332
2173.0,2.0,20.0,2.0,100.0,33.333332
2174.0,3.0,20.0,2.0,100.0,7.142857
2175.0,5.0,20.0,2.0,100.0,11.111111
2176.0,10.0,20.0,2.0,100.0,7.6923075
2177.0,20.0,20.0,2.0,100.0,6.6666665
2178.0,40.0,20.0,2.0,100.0,4.7619047
2179.0,49.0,20.0,2.0,100.0,5.263158
2180.0,0.0,20.0,2.0,100.0,100.0
2181.0,0.5,20.0,2.0,100.0,50.0
2182.0,1.0,20.0,2.0,100.0,20.0
2183.0,2.0,20.0,2.0,100.0,6.25
2184.0,3.0,20.0,2.0,100.0,9.090909
2185.0,5.0,20.0,2.0,100.0,20.0
2186.0,10.0,20.0,2.0,100.0,7.142857
2187.0,20.0,20.0,2.0,100.0,5.263158
2188.0,40.0,20.0,2.0,100.0,5.0
2189.0,49.0,20.0,2.0,100.0,5.0
2190.0,0.0,20.0,2.0,100.0,100.0
2191.0,0.5,20.0,2.0,100.0,100.0
2192.0,1.0,20.0,2.0,100.0,33.333332
2193.0,2.0,20.0,2.0,100.0,33.333332
2194.0,3.0,20.0,2.0,100.0,33.333332
2195.0,5.0,20.0,2.0,100.0,14.285714
2196.0,10.0,20.0,2.0,100.0,5.0
2197.0,20.0,20.0,2.0,100.0,4.5454545
2198.0,40.0,20.0,2.0,100.0,4.7619047
2199.0,49.0,20.0,2.0,100.0,5.263158
2200.0,0.0,20.0,2.0,100.0,100.0
2201.0,0.5,20.0,2.0,100.0,14.285714
2202.0,1.0,20.0,2.0,100.0,100.0
2203.0,2.0,20.0,2.0,100.0,33.333332
2204.0,3.0,20.0,2.0,100.0,33.333332
2205.0,5.0,20.0,2.0,100.0,14.285714
2206.0,10.0,20.0,2.0,100.0,10.0
2207.0,20.0,20.0,2.0,100.0,4.7619047
2208.0,40.0,20.0,2.0,100.0,4.347826
2209.0,49.0,20.0,2.0,100.0,4.7619047
2210.0,0.0,20.0,2.0,100.0,100.0
2211.0,0.5,20.0,2.0,100.0,33.333332
2212.0,1.0,20.0,2.0,100.0,100.0
2213.0,2.0,20.0,2.0,100.0,14.285714
2214.0,3.0,20.0,2.0,100.0,25.0
2215.0,5.0,20.0,2.0,100.0,16.666666
2216.0,10.0,20.0,2.0,100.0,9.090909
2217.0,20.0,20.0,2.0,100.0,5.263158
2218.0,40.0,20.0,2.0,100.0,7.6923075
2219.0,49.0,20.0,2.0,100.0,6.6666665
2220.0,0.0,20.0,2.0,100.0,100.0
2221.0,0.5,20.0,2.0,100.0,33.333332
2222.0,1.0,20.0,2.0,100.0,33.333332
2223.0,2.0,20.0,2.0,100.0,50.0
2224.0,3.0,20.0,2.0,100.0,25.0
2225.0,5.0,20.0,2.0,100.0,16.666666
2226.0,10.0,20.0,2.0,100.0,8.333333
2227.0,20.0,20.0,2.0,100.0,9.090909
2228.0,40.0,20.0,2.0,100.0,4.7619047
2229.0,49.0,20.0,2.0,100.0,4.7619047
2230.0,0.0,20.0,2.0,100.0,100.0
2231.0,0.5,20.0,2.0,100.0,100.0
2232.0,1.0,20.0,2.0,100.0,25.0
2233.0,2.0,20.0,2.0,100.0,33.333332
2234.0,3.0,20.0,2.0,100.0,33.333332
2235.0,5.0,20.0,2.0,100.0,16.666666
2236.0,10.0,20.0,2.0,100.0,7.142857
2237.0,20.0,20.0,2.0,100.0,7.142857
2238.0,40.0,20.0,2.0,100.0,6.6666665
2239.0,49.0,20.0,2.0,100.0,4.7619047
2240.0,0.0,20.0,2.0,100.0,100.0
2241.0,0.5,20.0,2.0,100.0,33.333332
2242.0,1.0,20.0,2.0,100.0,33.333332
2243.0,2.0,20.0,2.0,100.0,16.666666
2244.0,3.0,20.0,2.0,100.0,9.090909
2245.0,5.0,20.0,2.0,100.0,100.0
2246.0,10.0,20.0,2.0,100.0,5.882353
2247.0,20.0,20.0,2.0,100.0,4.7619047
2248.0,40.0,20.0,2.0,100.0,5.882353
2249.0,49.0,20.0,2.0,100.0,7.6923075
2250.0,0.0,20.0,2.0,100.0,100.0
2251.0,0.5,20.0,2.0,100.0,9.090909
2252.0,1.0,20.0,2.0,100.0,100.0
2253.0,2.0,20.0,2.0,100.0,100.0
2254.0,3.0,20.0,2.0,100.0,12.5
2255.0,5.0,20.0,2.0,100.0,8.333333
2256.0,10.0,20.0,2.0,100.0,14.285714
2257.0,20.0,20.0,2.0,100.0,5.263158
2258.0,40.0,20.0,2.0,100.0,4.0
2259.0,49.0,20.0,2.0,100.0,4.7619047
2260.0,0.0,20.0,2.0,100.0,100.0
2261.0,0.5,20.0,2.0,100.0,100.0
2262.0,1.0,20.0,2.0,100.0,100.0
2263.0,2.0,20.0,2.0,100.0,25.0
2264.0,3.0,20.0,2.0,100.0,20.0
2265.0,5.0,20.0,2.0,100.0,9.090909
2266.0,10.0,20.0,2.0,100.0,4.1666665
2267.0,20.0,20.0,2.0,100.0,5.263158
2268.0,40.0,20.0,2.0,100.0,5.263158
2269.0,49.0,20.0,2.0,100.0,4.0
2270.0,0.0,20.0,2.0,100.0,100.0
2271.0,0.5,20.0,2.0,100.0,16.666666
2272.0,1.0,20.0,2.0,100.0,33.333332
2273.0,2.0,20.0,2.0,100.0,5.882353
2274.0,3.0,20.0,2.0,100.0,16.666666
2275.0,5.0,20.0,2.0,100.0,12.5
2276.0,10.0,20.0,2.0,100.0,9.090909
2277.0,20.0,20.0,2.0,100.0,5.5555553
2278.0,40.0,20.0,2.0,100.0,5.263158
2279.0,49.0,20.0,2.0,100.0,5.263158
2280.0,0.0,20.0,2.0,100.0,100.0
2281.0,0.5,20.0,2.0,100.0,100.0
2282.0,1.0,20.0,2.0,100.0,100.0
2283.0,2.0,20.0,2.0,100.0,11.111111
2284.0,3.0,20.0,2.0,100.0,20.0
2285.0,5.0,20.0,2.0,100.0,8.333333
2286.0,10.0,20.0,2.0,100.0,5.882353
2287.0,20.0,20.0,2.0,100.0,5.5555553
2288.0,40.0,20.0,2.0,100.0,4.347826
2289.0,49.0,20.0,2.0,100.0,4.7619047
2290.0,0.0,20.0,2.0,100.0,100.0
2291.0,0.5,20.0,2.0,100.0,33.333332
2292.0,1.0,20.0,2.0,100.0,12.5
2293.0,2.0,20.0,2.0,100.0,100.0
2294.0,3.0,20.0,2.0,100.0,33.333332
2295.0,5.0,20.0,2.0,100.0,8.333333
2296.0,10.0,20.0,2.0,100.0,7.6923075
2297.0,20.0,20.0,2.0,100.0,5.5555553
2298.0,40.0,20.0,2.0,100.0,6.25
2299.0,49.0,20.0,2.0,100.0,4.7619047
2300.0,0.0,20.0,2.0,100.0,100.0
2301.0,0.5,20.0,2.0,100.0,33.333332
2302.0,1.0,20.0,2.0,100.0,33.333332
2303.0,2.0,20.0,2.0,100.0,10.0
2304.0,3.0,20.0,2.0,100.0,12.5
2305.0,5.0,20.0,2.0,100.0,20.0
2306.0,10.0,20.0,2.0,100.0,6.6666665
2307.0,20.0,20.0,2.0,100.0,5.882353
2308.0,40.0,20.0,2.0,100.0,5.882353
2309.0,49.0,20.0,2.0,100.0,4.7619047
2310.0,0.0,20.0,2.0,100.0,100.0
2311.0,0.5,20.0,2.0,100.0,10.0
2312.0,1.0,20.0,2.0,100.0,20.0
2313.0,2.0,20.0,2.0,100.0,33.333332
2314.0,3.0,20.0,2.0,100.0,11.111111
2315.0,5.0,20.0,2.0,100.0,4.7619047
2316.0,10.0,20.0,2.0,100.0,7.6923075
2317.0,20.0,20.0,2.0,100.0,5.882353
2318.0,40.0,20.0,2.0,100.0,5.5555553
2319.0,49.0,20.0,2.0,100.0,4.347826
2320.0,0.0,20.0,2.0,100.0,100.0
2321.0,0.5,20.0,2.0,100.0,11.111111
2322.0,1.0,20.0,2.0,100.0,33.333332
2323.0,2.0,20.0,2.0,100.0,100.0
2324.0,3.0,20.0,2.0,100.0,20.0
2325.0,5.0,20.0,2.0,100.0,16.666666
2326.0,10.0,20.0,2.0,100.0,5.263158
2327.0,20.0,20.0,2.0,100.0,5.882353
2328.0,40.0,20.0,2.0,100.0,4.7619047
2329.0,49.0,20.0,2.0,100.0,4.7619047
2330.0,0.0,20.0,2.0,100.0,100.0
2331.0,0.5,20.0,2.0,100.0,100.0
2332.0,1.0,20.0,2.0,100.0,100.0
2333.0,2.0,20.0,2.0,100.0,33.333332
2334.0,3.0,20.0,2.0,100.0,33.333332
2335.0,5.0,20.0,2.0,100.0,12.5
2336.0,10.0,20.0,2.0,100.0,4.7619047
2337.0,20.0,20.0,2.0,100.0,5.882353
2338.0,40.0,20.0,2.0,100.0,5.882353
2339.0,49.0,20.0,2.0,100.0,4.7619047
2340.0,0.0,20.0,2.0,100.0,100.0
2341.0,0.5,20.0,2.0,100.0,11.111111
2342.0,1.0,20.0,2.0,100.0,10.0
2343.0,2.0,20.0,2.0,100.0,14.285714
2344.0,3.0,20.0,2.0,100.0,20.0
2345.0,5.0,20.0,2.0,100.0,14.285714
2346.0,10.0,20.0,2.0,100.0,5.5555553
2347.0,20.0,20.0,2.0,100.0,7.6923075
2348.0,40.0,20.0,2.0,100.0,4.7619047
2349.0,49.0,20.0,2.0,100.0,4.347826
2350.0,0.0,20.0,2.0,100.0,100.0
2351.0,0.5,20.0,2.0,100.0,100.0
2352.0,1.0,20.0,2.0,100.0,16.666666
2353.0,2.0,20.0,2.0,100.0,8.333333
2354.0,3.0,20.0,2.0,100.0,8.333333
2355.0,5.0,20.0,2.0,100.0,16.666666
2356.0,10.0,20.0,2.0,100.0,7.142857
2357.0,20.0,20.0,2.0,100.0,6.25
2358.0,40.0,20.0,2.0,100.0,5.882353
2359.0,49.0,20.0,2.0,100.0,4.5454545
2360.0,0.0,20.0,2.0,100.0,6.6666665
2361.0,0.5,20.0,2.0,100.0,100.0
2362.0,1.0,20.0,2.0,100.0,9.090909
2363.0,2.0,20.0,2.0,100.0,12.5
2364.0,3.0,20.0,2.0,100.0,25.0
2365.0,5.0,20.0,2.0,100.0,16.666666
2366.0,10.0,20.0,2.0,100.0,10.0
2367.0,20.0,20.0,2.0,100.0,5.5555553
2368.0,40.0,20.0,2.0,100.0,5.882353
2369.0,49.0,20.0,2.0,100.0,4.347826
2370.0,0.0,20.0,2.0,100.0,100.0
2371.0,0.5,20.0,2.0,100.0,100.0
2372.0,1.0,20.0,2.0,100.0,33.333332
2373.0,2.0,20.0,2.0,100.0,50.0
2374.0,3.0,20.0,2.0,100.0,10.0
2375.0,5.0,20.0,2.0,100.0,20.0
2376.0,10.0,20.0,2.0,100.0,11.111111
2377.0,20.0,20.0,2.0,100.0,5.882353
2378.0,40.0,20.0,2.0,100.0,6.6666665
2379.0,49.0,20.0,2.0,100.0,4.7619047
2380.0,0.0,20.0,2.0,100.0,100.0
2381.0,0.5,20.0,2.0,100.0,25.0
2382.0,1.0,20.0,2.0,100.0,25.0
2383.0,2.0,20.0,2.0,100.0,33.333332
2384.0,3.0,20.0,2.0,100.0,50.0
2385.0,5.0,20.0,2.0,100.0,11.111111
2386.0,10.0,20.0,2.0,100.0,11.111111
2387.0,20.0,20.0,2.0,100.0,5.263158
2388.0,40.0,20.0,2.0,100.0,5.263158
2389.0,49.0,20.0,2.0,100.0,4.7619047
2390.0,0.0,20.0,2.0,100.0,100.0
2391.0,0.5,20.0,2.0,100.0,100.0
2392.0,1.0,20.0,2.0,100.0,33.333332
2393.0,2.0,20.0,2.0,100.0,11.111111
2394.0,3.0,20.0,2.0,100.0,5.263158
2395.0,5.0,20.0,2.0,100.0,16.666666
2396.0,10.0,20.0,2.0,100.0,6.25
2397.0,20.0,20.0,2.0,100.0,6.6666665
2398.0,40.0,20.0,2.0,100.0,5.263158
2399.0,49.0,20.0,2.0,100.0,4.347826
2400.0,0.0,20.0,2.0,100.0,100.0
2401.0,0.5,20.0,2.0,100.0,33.333332
2402.0,1.0,20.0,2.0,100.0,50.0
2403.0,2.0,20.0,2.0,100.0,25.0
2404.0,3.0,20.0,2.0,100.0,33.333332
2405.0,5.0,20.0,2.0,100.0,12.5
2406.0,10.0,20.0,2.0,100.0,10.0
2407.0,20.0,20.0,2.0,100.0,6.25
2408.0,40.0,20.0,2.0,100.0,6.6666665
2409.0,49.0,20.0,2.0,100.0,4.347826
2410.0,0.0,20.0,2.0,100.0,100.0
2411.0,0.5,20.0,2.0,100.0,100.0
2412.0,1.0,20.0,2.0,100.0,100.0
2413.0,2.0,20.0,2.0,100.0,20.0
2414.0,3.0,20.0,2.0,100.0,50.0
2415.0,5.0,20.0,2.0,100.0,33.333332
2416.0,10.0,20.0,2.0,100.0,7.142857
2417.0,20.0,20.0,2.0,100.0,5.5555553
2418.0,40.0,20.0,2.0,100.0,5.882353
2419.0,49.0,20.0,2.0,100.0,4.5454545
2420.0,0.0,20.0,2.0,100.0,100.0
2421.0,0.5,20.0,2.0,100.0,100.0
2422.0,1.0,20.0,2.0,100.0,7.142857
2423.0,2.0,20.0,2.0,100.0,20.0
2424.0,3.0,20.0,2.0,100.0,20.0
2425.0,5.0,20.0,2.0,100.0,16.666666
2426.0,10.0,20.0,2.0,100.0,6.25
2427.0,20.0,20.0,2.0,100.0,5.263158
2428.0,40.0,20.0,2.0,100.0,5.263158
2429.0,49.0,20.0,2.0,100.0,4.347826
2430.0,0.0,20.0,2.0,100.0,100.0
2431.0,0.5,20.0,2.0,100.0,100.0
2432.0,1.0,20.0,2.0,100.0,6.6666665
2433.0,2.0,20.0,2.0,100.0,25.0
2434.0,3.0,20.0,2.0,100.0,8.333333
2435.0,5.0,20.0,2.0,100.0,10.0
2436.0,10.0,20.0,2.0,100.0,10.0
2437.0,20.0,20.0,2.0,100.0,6.25
2438.0,40.0,20.0,2.0,100.0,5.882353
2439.0,49.0,20.0,2.0,100.0,5.263158
2440.0,0.0,20.0,2.0,100.0,100.0
2441.0,0.5,20.0,2.0,100.0,33.333332
2442.0,1.0,20.0,2.0,100.0,33.333332
2443.0,2.0,20.0,2.0,100.0,14.285714
2444.0,3.0,20.0,2.0,100.0,12.5
2445.0,5.0,20.0,2.0,100.0,5.882353
2446.0,10.0,20.0,2.0,100.0,6.25
2447.0,20.0,20.0,2.0,100.0,7.142857
2448.0,40.0,20.0,2.0,100.0,6.25
2449.0,49.0,20.0,2.0,100.0,5.882353
2450.0,0.0,20.0,2.0,100.0,100.0
2451.0,0.5,20.0,2.0,100.0,100.0
2452.0,1.0,20.0,2.0,100.0,33.333332
2453.0,2.0,20.0,2.0,100.0,50.0
2454.0,3.0,20.0,2.0,100.0,33.333332
2455.0,5.0,20.0,2.0,100.0,16.666666
2456.0,10.0,20.0,2.0,100.0,7.142857
2457.0,20.0,20.0,2.0,100.0,5.882353
2458.0,40.0,20.0,2.0,100.0,4.7619047
2459.0,49.0,20.0,2.0,100.0,4.347826
2460.0,0.0,20.0,2.0,100.0,20.0
2461.0,0.5,20.0,2.0,100.0,7.6923075
2462.0,1.0,20.0,2.0,100.0,100.0
2463.0,2.0,20.0,2.0,100.0,25.0
2464.0,3.0,20.0,2.0,100.0,20.0
2465.0,5.0,20.0,2.0,100.0,11.111111
2466.0,10.0,20.0,2.0,100.0,11.111111
2467.0,20.0,20.0,2.0,100.0,5.0
2468.0,40.0,20.0,2.0,100.0,5.263158
2469.0,49.0,20.0,2.0,100.0,4.7619047
2470.0,0.0,20.0,2.0,100.0,100.0
2471.0,0.5,20.0,2.0,100.0,100.0
2472.0,1.0,20.0,2.0,100.0,33.333332
2473.0,2.0,20.0,2.0,100.0,33.333332
2474.0,3.0,20.0,2.0,100.0,8.333333
2475.0,5.0,20.0,2.0,100.0,5.882353
2476.0,10.0,20.0,2.0,100.0,6.6666665
2477.0,20.0,20.0,2.0,100.0,5.263158
2478.0,40.0,20.0,2.0,100.0,5.263158
2479.0,49.0,20.0,2.0,100.0,5.882353
2480.0,0.0,20.0,2.0,100.0,7.6923075
2481.0,0.5,20.0,2.0,100.0,100.0
2482.0,1.0,20.0,2.0,100.0,33.333332
2483.0,2.0,20.0,2.0,100.0,5.263158
2484.0,3.0,20.0,2.0,100.0,50.0
2485.0,5.0,20.0,2.0,100.0,7.142857
2486.0,10.0,20.0,2.0,100.0,11.111111
2487.0,20.0,20.0,2.0,100.0,6.6666665
2488.0,40.0,20.0,2.0,100.0,4.7619047
2489.0,49.0,20.0,2.0,100.0,5.882353
2490.0,0.0,20.0,2.0,100.0,100.0
2491.0,0.5,20.0,2.0,100.0,100.0
2492.0,1.0,20.0,2.0,100.0,100.0
2493.0,2.0,20.0,2.0,100.0,16.666666
2494.0,3.0,20.0,2.0,100.0,50.0
2495.0,5.0,20.0,2.0,100.0,8.333333
2496.0,10.0,20.0,2.0,100.0,7.6923075
2497.0,20.0,20.0,2.0,100.0,7.6923075
2498.0,40.0,20.0,2.0,100.0,5.0
2499.0,49.0,20.0,2.0,100.0,5.263158
2500.0,0.0,20.0,2.0,100.0,100.0
2501.0,0.5,20.0,2.0,100.0,33.333332
2502.0,1.0,20.0,2.0,100.0,12.5
2503.0,2.0,20.0,2.0,100.0,100.0
2504.0,3.0,20.0,2.0,100.0,9.090909
2505.0,5.0,20.0,2.0,100.0,14.285714
2506.0,10.0,20.0,2.0,100.0,5.882353
2507.0,20.0,20.0,2.0,100.0,6.6666665
2508.0,40.0,20.0,2.0,100.0,4.7619047
2509.0,49.0,20.0,2.0,100.0,5.263158
2510.0,0.0,20.0,2.0,100.0,9.090909
2511.0,0.5,20.0,2.0,100.0,33.333332
2512.0,1.0,20.0,2.0,100.0,33.333332
2513.0,2.0,20.0,2.0,100.0,33.333332
2514.0,3.0,20.0,2.0,100.0,12.5
2515.0,5.0,20.0,2.0,100.0,5.882353
2516.0,10.0,20.0,2.0,100.0,5.882353
2517.0,20.0,20.0,2.0,100.0,5.263158
2518.0,40.0,20.0,2.0,100.0,5.882353
2519.0,49.0,20.0,2.0,100.0,4.5454545
2520.0,0.0,20.0,2.0,100.0,100.0
2521.0,0.5,20.0,2.0,100.0,33.333332
2522.0,1.0,20.0,2.0,100.0,10.0
2523.0,2.0,20.0,2.0,100.0,9.090909
2524.0,3.0,20.0,2.0,100.0,14.285714
2525.0,5.0,20.0,2.0,100.0,25.0
2526.0,10.0,20.0,2.0,100.0,4.5454545
2527.0,20.0,20.0,2.0,100.0,6.6666665
2528.0,40.0,20.0,2.0,100.0,5.0
2529.0,49.0,20.0,2.0,100.0,4.7619047
2530.0,0.0,20.0,2.0,100.0,100.0
2531.0,0.5,20.0,2.0,100.0,33.333332
2532.0,1.0,20.0,2.0,100.0,33.333332
2533.0,2.0,20.0,2.0,100.0,25.0
2534.0,3.0,20.0,2.0,100.0,33.333332
2535.0,5.0,20.0,2.0,100.0,20.0
2536.0,10.0,20.0,2.0,100.0,6.6666665
2537.0,20.0,20.0,2.0,100.0,4.1666665
2538.0,40.0,20.0,2.0,100.0,5.263158
2539.0,49.0,20.0,2.0,100.0,5.263158
2540.0,0.0,20.0,2.0,100.0,100.0
2541.0,0.5,20.0,2.0,100.0,100.0
2542.0,1.0,20.0,2.0,100.0,100.0
2543.0,2.0,20.0,2.0,100.0,33.333332
2544.0,3.0,20.0,2.0,100.0,6.6666665
2545.0,5.0,20.0,2.0,100.0,10.0
2546.0,10.0,20.0,2.0,100.0,7.142857
2547.0,20.0,20.0,2.0,100.0,5.882353
2548.0,40.0,20.0,2.0,100.0,4.7619047
2549.0,49.0,20.0,2.0,100.0,5.263158
2550.0,0.0,20.0,2.0,100.0,100.0
2551.0,0.5,20.0,2.0,100.0,100.0
2552.0,1.0,20.0,2.0,100.0,11.111111
2553.0,2.0,20.0,2.0,100.0,25.0
2554.0,3.0,20.0,2.0,100.0,12.5
2555.0,5.0,20.0,2.0,100.0,5.5555553
2556.0,10.0,20.0,2.0,100.0,4.7619047
2557.0,20.0,20.0,2.0,100.0,5.263158
2558.0,40.0,20.0,2.0,100.0,5.263158
2559.0,49.0,20.0,2.0,100.0,4.7619047
2560.0,0.0,20.0,2.0,100.0,100.0
2561.0,0.5,20.0,2.0,100.0,33.333332
2562.0,1.0,20.0,2.0,100.0,100.0
2563.0,2.0,20.0,2.0,100.0,5.0
2564.0,3.0,20.0,2.0,100.0,16.666666
2565.0,5.0,20.0,2.0,100.0,5.882353
2566.0,10.0,20.0,2.0,100.0,12.5
2567.0,20.0,20.0,2.0,100.0,5.263158
2568.0,40.0,20.0,2.0,100.0,5.263158
2569.0,49.0,20.0,2.0,100.0,5.263158
2570.0,0.0,20.0,2.0,100.0,100.0
2571.0,0.5,20.0,2.0,100.0,100.0
2572.0,1.0,20.0,2.0,100.0,33.333332
2573.0,2.0,20.0,2.0,100.0,25.0
2574.0,3.0,20.0,2.0,100.0,33.333332
2575.0,5.0,20.0,2.0,100.0,20.0
2576.0,10.0,20.0,2.0,100.0,8.333333
2577.0,20.0,20.0,2.0,100.0,7.6923075
2578.0,40.0,20.0,2.0,100.0,4.7619047
2579.0,49.0,20.0,2.0,100.0,6.6666665
2580.0,0.0,20.0,2.0,100.0,100.0
2581.0,0.5,20.0,2.0,100.0,5.882353
2582.0,1.0,20.0,2.0,100.0,33.333332
2583.0,2.0,20.0,2.0,100.0,9.090909
2584.0,3.0,20.0,2.0,100.0,7.142857
2585.0,5.0,20.0,2.0,100.0,12.5
2586.0,10.0,20.0,2.0,100.0,7.142857
2587.0,20.0,20.0,2.0,100.0,5.5555553
2588.0,40.0,20.0,2.0,100.0,5.0
2589.0,49.0,20.0,2.0,100.0,4.7619047
2590.0,0.0,20.0,2.0,100.0,100.0
2591.0,0.5,20.0,2.0,100.0,100.0
2592.0,1.0,20.0,2.0,100.0,100.0
2593.0,2.0,20.0,2.0,100.0,25.0
2594.0,3.0,20.0,2.0,100.0,33.333332
2595.0,5.0,20.0,2.0,100.0,11.111111
2596.0,10.0,20.0,2.0,100.0,8.333333
2597.0,20.0,20.0,2.0,100.0,7.142857
2598.0,40.0,20.0,2.0,100.0,4.347826
2599.0,49.0,20.0,2.0,100.0,4.347826
2600.0,0.0,20.0,2.0,100.0,100.0
2601.0,0.5,20.0,2.0,100.0,20.0
2602.0,1.0,20.0,2.0,100.0,33.333332
2603.0,2.0,20.0,2.0,100.0,33.333332
2604.0,3.0,20.0,2.0,100.0,33.333332
2605.0,5.0,20.0,2.0,100.0,16.666666
2606.0,10.0,20.0,2.0,100.0,4.1666665
2607.0,20.0,20.0,2.0,100.0,6.25
2608.0,40.0,20.0,2.0,100.0,4.7619047
2609.0,49.0,20.0,2.0,100.0,4.7619047
2610.0,0.0,20.0,2.0,100.0,100.0
2611.0,0.5,20.0,2.0,100.0,100.0
2612.0,1.0,20.0,2.0,100.0,33.333332
2613.0,2.0,20.0,2.0,100.0,33.333332
2614.0,3.0,20.0,2.0,100.0,6.25
2615.0,5.0,20.0,2.0,100.0,16.666666
2616.0,10.0,20.0,2.0,100.0,4.7619047
2617.0,20.0,20.0,2.0,100.0,4.7619047
2618.0,40.0,20.0,2.0,100.0,6.6666665
2619.0,49.0,20.0,2.0,100.0,5.263158
2620.0,0.0,20.0,2.0,100.0,14.285714
2621.0,0.5,20.0,2.0,100.0,100.0
2622.0,1.0,20.0,2.0,100.0,50.0
2623.0,2.0,20.0,2.0,100.0,33.333332
2624.0,3.0,20.0,2.0,100.0,14.285714
2625.0,5.0,20.0,2.0,100.0,4.0
2626.0,10.0,20.0,2.0,100.0,5.263158
2627.0,20.0,20.0,2.0,100.0,11.111111
2628.0,40.0,20.0,2.0,100.0,5.263158
2629.0,49.0,20.0,2.0,100.0,4.347826
2630.0,0.0,20.0,2.0,100.0,100.0
2631.0,0.5,20.0,2.0,100.0,33.333332
2632.0,1.0,20.0,2.0,100.0,100.0
2633.0,2.0,20.0,2.0,100.0,33.333332
2634.0,3.0,20.0,2.0,100.0,25.0
2635.0,5.0,20.0,2.0,100.0,6.25
2636.0,10.0,20.0,2.0,100.0,8.333333
2637.0,20.0,20.0,2.0,100.0,5.882353
2638.0,40.0,20.0,2.0,100.0,5.882353
2639.0,49.0,20.0,2.0,100.0,5.263158
2640.0,0.0,20.0,2.0,100.0,100.0
2641.0,0.5,20.0,2.0,100.0,33.333332
2642.0,1.0,20.0,2.0,100.0,100.0
2643.0,2.0,20.0,2.0,100.0,16.666666
2644.0,3.0,20.0,2.0,100.0,10.0
2645.0,5.0,20.0,2.0,100.0,8.333333
2646.0,10.0,20.0,2.0,100.0,9.090909
2647.0,20.0,20.0,2.0,100.0,5.5555553
2648.0,40.0,20.0,2.0,100.0,5.882353
2649.0,49.0,20.0,2.0,100.0,4.7619047
2650.0,0.0,20.0,2.0,100.0,100.0
2651.0,0.5,20.0,2.0,100.0,100.0
2652.0,1.0,20.0,2.0,100.0,33.333332
2653.0,2.0,20.0,2.0,100.0,20.0
2654.0,3.0,20.0,2.0,100.0,8.333333
2655.0,5.0,20.0,2.0,100.0,10.0
2656.0,10.0,20.0,2.0,100.0,5.263158
2657.0,20.0,20.0,2.0,100.0,9.090909
2658.0,40.0,20.0,2.0,100.0,4.1666665
2659.0,49.0,20.0,2.0,100.0,4.7619047
2660.0,0.0,20.0,2.0,100.0,100.0
2661.0,0.5,20.0,2.0,100.0,100.0
2662.0,1.0,20.0,2.0,100.0,10.0
2663.0,2.0,20.0,2.0,100.0,25.0
2664.0,3.0,20.0,2.0,100.0,8.333333
2665.0,5.0,20.0,2.0,100.0,33.333332
2666.0,10.0,20.0,2.0,100.0,7.142857
2667.0,20.0,20.0,2.0,100.0,6.6666665
2668.0,40.0,20.0,2.0,100.0,5.263158
2669.0,49.0,20.0,2.0,100.0,5.263158
2670.0,0.0,20.0,2.0,100.0,100.0
2671.0,0.5,20.0,2.0,100.0,33.333332
2672.0,1.0,20.0,2.0,100.0,33.333332
2673.0,2.0,20.0,2.0,100.0,33.333332
2674.0,3.0,20.0,2.0,100.0,6.25
2675.0,5.0,20.0,2.0,100.0,16.666666
2676.0,10.0,20.0,2.0,100.0,7.142857
2677.0,20.0,20.0,2.0,100.0,5.263158
2678.0,40.0,20.0,2.0,100.0,5.263158
2679.0,49.0,20.0,2.0,100.0,4.7619047
2680.0,0.0,20.0,2.0,100.0,100.0
2681.0,0.5,20.0,2.0,100.0,33.333332
2682.0,1.0,20.0,2.0,100.0,14.285714
2683.0,2.0,20.0,2.0,100.0,33.333332
2684.0,3.0,20.0,2.0,100.0,9.090909
2685.0,5.0,20.0,2.0,100.0,7.142857
2686.0,10.0,20.0,2.0,100.0,8.333333
2687.0,20.0,20.0,2.0,100.0,5.0
2688.0,40.0,20.0,2.0,100.0,5.263158
2689.0,49.0,20.0,2.0,100.0,5.263158
2690.0,0.0,20.0,2.0,100.0,11.111111
2691.0,0.5,20.0,2.0,100.0,33.333332
2692.0,1.0,20.0,2.0,100.0,100.0
2693.0,2.0,20.0,2.0,100.0,10.0
2694.0,3.0,20.0,2.0,100.0,20.0
2695.0,5.0,20.0,2.0,100.0,33.333332
2696.0,10.0,20.0,2.0,100.0,8.333333
2697.0,20.0,20.0,2.0,100.0,5.0
2698.0,40.0,20.0,2.0,100.0,5.5555553
2699.0,49.0,20.0,2.0,100.0,4.347826
2700.0,0.0,20.0,2.0,100.0,100.0
2701.0,0.5,20.0,2.0,100.0,33.333332
2702.0,1.0,20.0,2.0,100.0,33.333332
2703.0,2.0,20.0,2.0,100.0,33.333332
2704.0,3.0,20.0,2.0,100.0,50.0
2705.0,5.0,20.0,2.0,100.0,5.882353
2706.0,10.0,20.0,2.0,100.0,7.6923075
2707.0,20.0,20.0,2.0,100.0,4.7619047
2708.0,40.0,20.0,2.0,100.0,5.263158
2709.0,49.0,20.0,2.0,100.0,5.263158
2710.0,0.0,20.0,2.0,100.0,100.0
2711.0,0.5,20.0,2.0,100.0,33.333332
2712.0,1.0,20.0,2.0,100.0,33.333332
2713.0,2.0,20.0,2.0,100.0,25.0
2714.0,3.0,20.0,2.0,100.0,25.0
2715.0,5.0,20.0,2.0,100.0,7.6923075
2716.0,10.0,20.0,2.0,100.0,11.111111
2717.0,20.0,20.0,2.0,100.0,5.882353
2718.0,40.0,20.0,2.0,100.0,4.7619047
2719.0,49.0,20.0,2.0,100.0,4.7619047
2720.0,0.0,20.0,2.0,100.0,100.0
2721.0,0.5,20.0,2.0,100.0,33.333332
2722.0,1.0,20.0,2.0,100.0,33.333332
2723.0,2.0,20.0,2.0,100.0,25.0
2724.0,3.0,20.0,2.0,100.0,20.0
2725.0,5.0,20.0,2.0,100.0,6.6666665
2726.0,10.0,20.0,2.0,100.0,6.6666665
2727.0,20.0,20.0,2.0,100.0,7.6923075
2728.0,40.0,20.0,2.0,100.0,5.882353
2729.0,49.0,20.0,2.0,100.0,4.347826
2730.0,0.0,20.0,2.0,100.0,100.0
2731.0,0.5,20.0,2.0,100.0,100.0
2732.0,1.0,20.0,2.0,100.0,12.5
2733.0,2.0,20.0,2.0,100.0,33.333332
2734.0,3.0,20.0,2.0,100.0,10.0
2735.0,5.0,20.0,2.0,100.0,12.5
2736.0,10.0,20.0,2.0,100.0,5.882353
2737.0,20.0,20.0,2.0,100.0,4.7619047
2738.0,40.0,20.0,2.0,100.0,5.263158
2739.0,49.0,20.0,2.0,100.0,5.263158
2740.0,0.0,20.0,2.0,100.0,100.0
2741.0,0.5,20.0,2.0,100.0,100.0
2742.0,1.0,20.0,2.0,100.0,33.333332
2743.0,2.0,20.0,2.0,100.0,50.0
2744.0,3.0,20.0,2.0,100.0,9.090909
2745.0,5.0,20.0,2.0,100.0,20.0
2746.0,10.0,20.0,2.0,100.0,5.263158
2747.0,20.0,20.0,2.0,100.0,5.263158
2748.0,40.0,20.0,2.0,100.0,5.263158
2749.0,49.0,20.0,2.0,100.0,5.263158
2750.0,0.0,20.0,2.0,100.0,100.0
2751.0,0.5,20.0,2.0,100.0,100.0
2752.0,1.0,20.0,2.0,100.0,50.0
2753.0,2.0,20.0,2.0,100.0,33.333332
2754.0,3.0,20.0,2.0,100.0,11.111111
2755.0,5.0,20.0,2.0,100.0,33.333332
2756.0,10.0,20.0,2.0,100.0,7.6923075
2757.0,20.0,20.0,2.0,100.0,6.25
2758.0,40.0,20.0,2.0,100.0,5.882353
2759.0,49.0,20.0,2.0,100.0,5.5555553
2760.0,0.0,20.0,2.0,100.0,100.0
2761.0,0.5,20.0,2.0,100.0,100.0
2762.0,1.0,20.0,2.0,100.0,6.6666665
2763.0,2.0,20.0,2.0,100.0,16.666666
2764.0,3.0,20.0,2.0,100.0,7.142857
2765.0,5.0,20.0,2.0,100.0,8.333333
2766.0,10.0,20.0,2.0,100.0,4.0
2767.0,20.0,20.0,2.0,100.0,7.142857
2768.0,40.0,20.0,2.0,100.0,4.7619047
2769.0,49.0,20.0,2.0,100.0,4.1666665
2770.0,0.0,20.0,2.0,100.0,100.0
2771.0,0.5,20.0,2.0,100.0,33.333332
2772.0,1.0,20.0,2.0,100.0,25.0
2773.0,2.0,20.0,2.0,100.0,25.0
2774.0,3.0,20.0,2.0,100.0,9.090909
2775.0,5.0,20.0,2.0,100.0,9.090909
2776.0,10.0,20.0,2.0,100.0,20.0
2777.0,20.0,20.0,2.0,100.0,6.6666665
2778.0,40.0,20.0,2.0,100.0,4.7619047
2779.0,49.0,20.0,2.0,100.0,5.882353
2780.0,0.0,20.0,2.0,100.0,100.0
2781.0,0.5,20.0,2.0,100.0,100.0
2782.0,1.0,20.0,2.0,100.0,20.0
2783.0,2.0,20.0,2.0,100.0,20.0
2784.0,3.0,20.0,2.0,100.0,11.111111
2785.0,5.0,20.0,2.0,100.0,16.666666
2786.0,10.0,20.0,2.0,100.0,6.6666665
2787.0,20.0,20.0,2.0,100.0,5.263158
2788.0,40.0,20.0,2.0,100.0,5.882353
2789.0,49.0,20.0,2.0,100.0,5.263158
2790.0,0.0,20.0,2.0,100.0,5.882353
2791.0,0.5,20.0,2.0,100.0,33.333332
2792.0,1.0,20.0,2.0,100.0,12.5
2793.0,2.0,20.0,2.0,100.0,33.333332
2794.0,3.0,20.0,2.0,100.0,8.333333
2795.0,5.0,20.0,2.0,100.0,8.333333
2796.0,10.0,20.0,2.0,100.0,8.333333
2797.0,20.0,20.0,2.0,100.0,5.263158
2798.0,40.0,20.0,2.0,100.0,5.263158
2799.0,49.0,20.0,2.0,100.0,4.0
2800.0,0.0,20.0,2.0,100.0,100.0
2801.0,0.5,20.0,2.0,100.0,33.333332
2802.0,1.0,20.0,2.0,100.0,33.333332
2803.0,2.0,20.0,2.0,100.0,50.0
2804.0,3.0,20.0,2.0,100.0,25.0
2805.0,5.0,20.0,2.0,100.0,6.6666665
2806.0,10.0,20.0,2.0,100.0,9.090909
2807.0,20.0,20.0,2.0,100.0,6.6666665
2808.0,40.0,20.0,2.0,100.0,5.882353
2809.0,49.0,20.0,2.0,100.0,4.347826
2810.0,0.0,20.0,2.0,100.0,100.0
2811.0,0.5,20.0,2.0,100.0,33.333332
2812.0,1.0,20.0,2.0,100.0,33.333332
2813.0,2.0,20.0,2.0,100.0,11.111111
2814.0,3.0,20.0,2.0,100.0,20.0
2815.0,5.0,20.0,2.0,100.0,16.666666
2816.0,10.0,20.0,2.0,100.0,9.090909
2817.0,20.0,20.0,2.0,100.0,5.0
2818.0,40.0,20.0,2.0,100.0,5.0
2819.0,49.0,20.0,2.0,100.0,4.7619047
2820.0,0.0,20.0,2.0,100.0,100.0
2821.0,0.5,20.0,2.0,100.0,100.0
2822.0,1.0,20.0,2.0,100.0,25.0
2823.0,2.0,20.0,2.0,100.0,33.333332
2824.0,3.0,20.0,2.0,100.0,14.285714
2825.0,5.0,20.0,2.0,100.0,12.5
2826.0,10.0,20.0,2.0,100.0,11.111111
2827.0,20.0,20.0,2.0,100.0,10.0
2828.0,40.0,20.0,2.0,100.0,5.882353
2829.0,49.0,20.0,2.0,100.0,5.263158
2830.0,0.0,20.0,2.0,100.0,100.0
2831.0,0.5,20.0,2.0,100.0,33.333332
2832.0,1.0,20.0,2.0,100.0,25.0
2833.0,2.0,20.0,2.0,100.0,33.333332
2834.0,3.0,20.0,2.0,100.0,16.666666
2835.0,5.0,20.0,2.0,100.0,33.333332
2836.0,10.0,20.0,2.0,100.0,14.285714
2837.0,20.0,20.0,2.0,100.0,5.882353
2838.0,40.0,20.0,2.0,100.0,4.347826
2839.0,49.0,20.0,2.0,100.0,4.347826
2840.0,0.0,20.0,2.0,100.0,100.0
2841.0,0.5,20.0,2.0,100.0,100.0
2842.0,1.0,20.0,2.0,100.0,100.0
2843.0,2.0,20.0,2.0,100.0,100.0
2844.0,3.0,20.0,2.0,100.0,25.0
2845.0,5.0,20.0,2.0,100.0,14.285714
2846.0,10.0,20.0,2.0,100.0,8.333333
2847.0,20.0,20.0,2.0,100.0,5.263158
2848.0,40.0,20.0,2.0,100.0,6.25
2849.0,49.0,20.0,2.0,100.0,6.6666665
2850.0,0.0,20.0,2.0,100.0,100.0
2851.0,0.5,20.0,2.0,100.0,33.333332
2852.0,1.0,20.0,2.0,100.0,33.333332
2853.0,2.0,20.0,2.0,100.0,7.6923075
2854.0,3.0,20.0,2.0,100.0,12.5
2855.0,5.0,20.0,2.0,100.0,4.7619047
2856.0,10.0,20.0,2.0,100.0,14.285714
2857.0,20.0,20.0,2.0,100.0,6.6666665
2858.0,40.0,20.0,2.0,100.0,5.263158
2859.0,49.0,20.0,2.0,100.0,4.347826
2860.0,0.0,20.0,2.0,100.0,100.0
2861.0,0.5,20.0,2.0,100.0,100.0
2862.0,1.0,20.0,2.0,100.0,100.0
2863.0,2.0,20.0,2.0,100.0,25.0
2864.0,3.0,20.0,2.0,100.0,33.333332
2865.0,5.0,20.0,2.0,100.0,33.333332
2866.0,10.0,20.0,2.0,100.0,5.5555553
2867.0,20.0,20.0,2.0,100.0,4.347826
2868.0,40.0,20.0,2.0,100.0,5.263158
2869.0,49.0,20.0,2.0,100.0,4.347826
2870.0,0.0,20.0,2.0,100.0,100.0
2871.0,0.5,20.0,2.0,100.0,33.333332
2872.0,1.0,20.0,2.0,100.0,33.333332
2873.0,2.0,20.0,2.0,100.0,50.0
2874.0,3.0,20.0,2.0,100.0,33.333332
2875.0,5.0,20.0,2.0,100.0,33.333332
2876.0,10.0,20.0,2.0,100.0,6.6666665
2877.0,20.0,20.0,2.0,100.0,5.882353
2878.0,40.0,20.0,2.0,100.0,6.6666665
2879.0,49.0,20.0,2.0,100.0,5.263158
2880.0,0.0,20.0,2.0,100.0,100.0
2881.0,0.5,20.0,2.0,100.0,100.0
2882.0,1.0,20.0,2.0,100.0,33.333332
2883.0,2.0,20.0,2.0,100.0,16.666666
2884.0,3.0,20.0,2.0,100.0,16.666666
2885.0,5.0,20.0,2.0,100.0,12.5
2886.0,10.0,20.0,2.0,100.0,7.6923075
2887.0,20.0,20.0,2.0,100.0,5.0
2888.0,40.0,20.0,2.0,100.0,5.882353
2889.0,49.0,20.0,2.0,100.0,5.0
2890.0,0.0,20.0,2.0,100.0,100.0
2891.0,0.5,20.0,2.0,100.0,33.333332
2892.0,1.0,20.0,2.0,100.0,33.333332
2893.0,2.0,20.0,2.0,100.0,16.666666
2894.0,3.0,20.0,2.0,100.0,10.0
2895.0,5.0,20.0,2.0,100.0,10.0
2896.0,10.0,20.0,2.0,100.0,6.25
2897.0,20.0,20.0,2.0,100.0,7.142857
2898.0,40.0,20.0,2.0,100.0,5.0
2899.0,49.0,20.0,2.0,100.0,4.347826
2900.0,0.0,20.0,2.0,100.0,100.0
2901.0,0.5,20.0,2.0,100.0,100.0
2902.0,1.0,20.0,2.0,100.0,16.666666
2903.0,2.0,20.0,2.0,100.0,20.0
2904.0,3.0,20.0,2.0,100.0,25.0
2905.0,5.0,20.0,2.0,100.0,5.263158
2906.0,10.0,20.0,2.0,100.0,5.882353
2907.0,20.0,20.0,2.0,100.0,6.6666665
2908.0,40.0,20.0,2.0,100.0,5.263158
2909.0,49.0,20.0,2.0,100.0,5.263158
2910.0,0.0,20.0,2.0,100.0,100.0
2911.0,0.5,20.0,2.0,100.0,20.0
2912.0,1.0,20.0,2.0,100.0,33.333332
2913.0,2.0,20.0,2.0,100.0,8.333333
2914.0,3.0,20.0,2.0,100.0,33.333332
2915.0,5.0,20.0,2.0,100.0,25.0
2916.0,10.0,20.0,2.0,100.0,9.090909
2917.0,20.0,20.0,2.0,100.0,5.263158
2918.0,40.0,20.0,2.0,100.0,5.882353
2919.0,49.0,20.0,2.0,100.0,4.347826
2920.0,0.0,20.0,2.0,100.0,100.0
2921.0,0.5,20.0,2.0,100.0,100.0
2922.0,1.0,20.0,2.0,100.0,100.0
2923.0,2.0,20.0,2.0,100.0,12.5
2924.0,3.0,20.0,2.0,100.0,25.0
2925.0,5.0,20.0,2.0,100.0,33.333332
2926.0,10.0,20.0,2.0,100.0,5.0
2927.0,20.0,20.0,2.0,100.0,7.142857
2928.0,40.0,20.0,2.0,100.0,4.7619047
2929.0,49.0,20.0,2.0,100.0,5.263158
2930.0,0.0,20.0,2.0,100.0,100.0
2931.0,0.5,20.0,2.0,100.0,100.0
2932.0,1.0,20.0,2.0,100.0,100.0
2933.0,2.0,20.0,2.0,100.0,50.0
2934.0,3.0,20.0,2.0,100.0,7.142857
2935.0,5.0,20.0,2.0,100.0,9.090909
2936.0,10.0,20.0,2.0,100.0,8.333333
2937.0,20.0,20.0,2.0,100.0,6.6666665
2938.0,40.0,20.0,2.0,100.0,4.347826
2939.0,49.0,20.0,2.0,100.0,7.6923075
2940.0,0.0,20.0,2.0,100.0,100.0
2941.0,0.5,20.0,2.0,100.0,100.0
2942.0,1.0,20.0,2.0,100.0,25.0
2943.0,2.0,20.0,2.0,100.0,20.0
2944.0,3.0,20.0,2.0,100.0,33.333332
2945.0,5.0,20.0,2.0,100.0,7.142857
2946.0,10.0,20.0,2.0,100.0,6.6666665
2947.0,20.0,20.0,2.0,100.0,5.882353
2948.0,40.0,20.0,2.0,100.0,5.263158
2949.0,49.0,20.0,2.0,100.0,4.5454545
2950.0,0.0,20.0,2.0,100.0,100.0
2951.0,0.5,20.0,2.0,100.0,100.0
2952.0,1.0,20.0,2.0,100.0,100.0
2953.0,2.0,20.0,2.0,100.0,12.5
2954.0,3.0,20.0,2.0,100.0,6.6666665
2955.0,5.0,20.0,2.0,100.0,20.0
2956.0,10.0,20.0,2.0,100.0,8.333333
2957.0,20.0,20.0,2.0,100.0,5.5555553
2958.0,40.0,20.0,2.0,100.0,5.882353
2959.0,49.0,20.0,2.0,100.0,5.882353
2960.0,0.0,20.0,2.0,100.0,9.090909
2961.0,0.5,20.0,2.0,100.0,100.0
2962.0,1.0,20.0,2.0,100.0,33.333332
2963.0,2.0,20.0,2.0,100.0,33.333332
2964.0,3.0,20.0,2.0,100.0,25.0
2965.0,5.0,20.0,2.0,100.0,5.5555553
2966.0,10.0,20.0,2.0,100.0,6.6666665
2967.0,20.0,20.0,2.0,100.0,7.6923075
2968.0,40.0,20.0,2.0,100.0,4.7619047
2969.0,49.0,20.0,2.0,100.0,5.5555553
2970.0,0.0,20.0,2.0,100.0,100.0
2971.0,0.5,20.0,2.0,100.0,100.0
2972.0,1.0,20.0,2.0,100.0,33.333332
2973.0,2.0,20.0,2.0,100.0,33.333332
2974.0,3.0,20.0,2.0,100.0,14.285714
2975.0,5.0,20.0,2.0,100.0,4.7619047
2976.0,10.0,20.0,2.0,100.0,7.6923075
2977.0,20.0,20.0,2.0,100.0,4.1666665
2978.0,40.0,20.0,2.0,100.0,4.347826
2979.0,49.0,20.0,2.0,100.0,5.263158
2980.0,0.0,20.0,2.0,100.0,100.0
2981.0,0.5,20.0,2.0,100.0,100.0
2982.0,1.0,20.0,2.0,100.0,100.0
2983.0,2.0,20.0,2.0,100.0,25.0
2984.0,3.0,20.0,2.0,100.0,12.5
2985.0,5.0,20.0,2.0,100.0,12.5
2986.0,10.0,20.0,2.0,100.0,6.6666665
2987.0,20.0,20.0,2.0,100.0,8.333333
2988.0,40.0,20.0,2.0,100.0,4.7619047
2989.0,49.0,20.0,2.0,100.0,4.0
2990.0,0.0,20.0,2.0,100.0,100.0
2991.0,0.5,20.0,2.0,100.0,100.0
2992.0,1.0,20.0,2.0,100.0,12.5
2993.0,2.0,20.0,2.0,100.0,25.0
2994.0,3.0,20.0,2.0,100.0,6.25
2995.0,5.0,20.0,2.0,100.0,20.0
2996.0,10.0,20.0,2.0,100.0,9.090909
2997.0,20.0,20.0,2.0,100.0,5.0
2998.0,40.0,20.0,2.0,100.0,5.882353
2999.0,49.0,20.0,2.0,100.0,6.6666665
3000.0,0.0,20.0,2.0,100.0,7.6923075
3001.0,0.5,20.0,2.0,100.0,100.0
3002.0,1.0,20.0,2.0,100.0,11.111111
3003.0,2.0,20.0,2.0,100.0,20.0
3004.0,3.0,20.0,2.0,100.0,8.333333
3005.0,5.0,20.0,2.0,100.0,12.5
3006.0,10.0,20.0,2.0,100.0,4.0
3007.0,20.0,20.0,2.0,100.0,9.090909
3008.0,40.0,20.0,2.0,100.0,5.5555553
3009.0,49.0,20.0,2.0,100.0,4.7619047
3010.0,0.0,20.0,2.0,100.0,100.0
3011.0,0.5,20.0,2.0,100.0,100.0
3012.0,1.0,20.0,2.0,100.0,20.0
3013.0,2.0,20.0,2.0,100.0,100.0
3014.0,3.0,20.0,2.0,100.0,25.0
3015.0,5.0,20.0,2.0,100.0,14.285714
3016.0,10.0,20.0,2.0,100.0,20.0
3017.0,20.0,20.0,2.0,100.0,5.263158
3018.0,40.0,20.0,2.0,100.0,4.7619047
3019.0,49.0,20.0,2.0,100.0,4.0
3020.0,0.0,20.0,2.0,100.0,100.0
3021.0,0.5,20.0,2.0,100.0,100.0
3022.0,1.0,20.0,2.0,100.0,33.333332
3023.0,2.0,20.0,2.0,100.0,33.333332
3024.0,3.0,20.0,2.0,100.0,5.5555553
3025.0,5.0,20.0,2.0,100.0,14.285714
3026.0,10.0,20.0,2.0,100.0,9.090909
3027.0,20.0,20.0,2.0,100.0,4.347826
3028.0,40.0,20.0,2.0,100.0,4.7619047
3029.0,49.0,20.0,2.0,100.0,5.263158
3030.0,0.0,20.0,2.0,100.0,100.0
3031.0,0.5,20.0,2.0,100.0,100.0
3032.0,1.0,20.0,2.0,100.0,100.0
3033.0,2.0,20.0,2.0,100.0,20.0
3034.0,3.0,20.0,2.0,100.0,9.090909
3035.0,5.0,20.0,2.0,100.0,11.111111
3036.0,10.0,20.0,2.0,100.0,4.7619047
3037.0,20.0,20.0,2.0,100.0,6.6666665
3038.0,40.0,20.0,2.0,100.0,5.263158
3039.0,49.0,20.0,2.0,100.0,5.882353
3040.0,0.0,20.0,2.0,100.0,100.0
3041.0,0.5,20.0,2.0,100.0,100.0
3042.0,1.0,20.0,2.0,100.0,33.333332
3043.0,2.0,20.0,2.0,100.0,20.0
3044.0,3.0,20.0,2.0,100.0,4.7619047
3045.0,5.0,20.0,2.0,100.0,16.666666
3046.0,10.0,20.0,2.0,100.0,5.882353
3047.0,20.0,20.0,2.0,100.0,4.7619047
3048.0,40.0,20.0,2.0,100.0,5.882353
3049.0,49.0,20.0,2.0,100.0,4.347826
3050.0,0.0,20.0,2.0,100.0,100.0
3051.0,0.5,20.0,2.0,100.0,33.333332
3052.0,1.0,20.0,2.0,100.0,33.333332
3053.0,2.0,20.0,2.0,100.0,16.666666
3054.0,3.0,20.0,2.0,100.0,33.333332
3055.0,5.0,20.0,2.0,100.0,8.333333
3056.0,10.0,20.0,2.0,100.0,16.666666
3057.0,20.0,20.0,2.0,100.0,6.6666665
3058.0,40.0,20.0,2.0,100.0,5.263158
3059.0,49.0,20.0,2.0,100.0,4.1666665
3060.0,0.0,20.0,2.0,100.0,100.0
3061.0,0.5,20.0,2.0,100.0,100.0
3062.0,1.0,20.0,2.0,100.0,33.333332
3063.0,2.0,20.0,2.0,100.0,6.25
3064.0,3.0,20.0,2.0,100.0,6.6666665
3065.0,5.0,20.0,2.0,100.0,12.5
3066.0,10.0,20.0,2.0,100.0,12.5
3067.0,20.0,20.0,2.0,100.0,5.882353
3068.0,40.0,20.0,2.0,100.0,4.7619047
3069.0,49.0,20.0,2.0,100.0,4.0
3070.0,0.0,20.0,2.0,100.0,100.0
3071.0,0.5,20.0,2.0,100.0,7.6923075
3072.0,1.0,20.0,2.0,100.0,100.0
3073.0,2.0,20.0,2.0,100.0,4.1666665
3074.0,3.0,20.0,2.0,100.0,20.0
3075.0,5.0,20.0,2.0,100.0,9.090909
3076.0,10.0,20.0,2.0,100.0,6.6666665
3077.0,20.0,20.0,2.0,100.0,7.6923075
3078.0,40.0,20.0,2.0,100.0,5.882353
3079.0,49.0,20.0,2.0,100.0,4.7619047
3080.0,0.0,20.0,2.0,100.0,100.0
3081.0,0.5,20.0,2.0,100.0,25.0
3082.0,1.0,20.0,2.0,100.0,12.5
3083.0,2.0,20.0,2.0,100.0,20.0
3084.0,3.0,20.0,2.0,100.0,12.5
3085.0,5.0,20.0,2.0,100.0,11.111111
3086.0,10.0,20.0,2.0,100.0,10.0
3087.0,20.0,20.0,2.0,100.0,6.6666665
3088.0,40.0,20.0,2.0,100.0,5.882353
3089.0,49.0,20.0,2.0,100.0,4.7619047
3090.0,0.0,20.0,2.0,100.0,33.333332
3091.0,0.5,20.0,2.0,100.0,33.333332
3092.0,1.0,20.0,2.0,100.0,33.333332
3093.0,2.0,20.0,2.0,100.0,16.666666
3094.0,3.0,20.0,2.0,100.0,11.111111
3095.0,5.0,20.0,2.0,100.0,25.0
3096.0,10.0,20.0,2.0,100.0,5.0
3097.0,20.0,20.0,2.0,100.0,4.7619047
3098.0,40.0,20.0,2.0,100.0,5.0
3099.0,49.0,20.0,2.0,100.0,5.263158
3100.0,0.0,20.0,2.0,100.0,100.0
3101.0,0.5,20.0,2.0,100.0,33.333332
3102.0,1.0,20.0,2.0,100.0,33.333332
3103.0,2.0,20.0,2.0,100.0,20.0
3104.0,3.0,20.0,2.0,100.0,33.333332
3105.0,5.0,20.0,2.0,100.0,25.0
3106.0,10.0,20.0,2.0,100.0,8.333333
3107.0,20.0,20.0,2.0,100.0,4.7619047
3108.0,40.0,20.0,2.0,100.0,4.7619047
3109.0,49.0,20.0,2.0,100.0,4.347826
3110.0,0.0,20.0,2.0,100.0,14.285714
3111.0,0.5,20.0,2.0,100.0,33.333332
3112.0,1.0,20.0,2.0,100.0,33.333332
3113.0,2.0,20.0,2.0,100.0,20.0
3114.0,3.0,20.0,2.0,100.0,20.0
3115.0,5.0,20.0,2.0,100.0,12.5
3116.0,10.0,20.0,2.0,100.0,5.882353
3117.0,20.0,20.0,2.0,100.0,5.5555553
3118.0,40.0,20.0,2.0,100.0,4.347826
3119.0,49.0,20.0,2.0,100.0,5.882353
3120.0,0.0,20.0,2.0,100.0,100.0
3121.0,0.5,20.0,2.0,100.0,33.333332
3122.0,1.0,20.0,2.0,100.0,33.333332
3123.0,2.0,20.0,2.0,100.0,33.333332
3124.0,3.0,20.0,2.0,100.0,33.333332
3125.0,5.0,20.0,2.0,100.0,5.5555553
3126.0,10.0,20.0,2.0,100.0,11.111111
3127.0,20.0,20.0,2.0,100.0,9.090909
3128.0,40.0,20.0,2.0,100.0,5.263158
3129.0,49.0,20.0,2.0,100.0,7.6923075
3130.0,0.0,20.0,2.0,100.0,100.0
3131.0,0.5,20.0,2.0,100.0,100.0
3132.0,1.0,20.0,2.0,100.0,25.0
3133.0,2.0,20.0,2.0,100.0,5.882353
3134.0,3.0,20.0,2.0,100.0,16.666666
3135.0,5.0,20.0,2.0,100.0,20.0
3136.0,10.0,20.0,2.0,100.0,11.111111
3137.0,20.0,20.0,2.0,100.0,6.6666665
3138.0,40.0,20.0,2.0,100.0,7.6923075
3139.0,49.0,20.0,2.0,100.0,4.7619047
3140.0,0.0,20.0,2.0,100.0,100.0
3141.0,0.5,20.0,2.0,100.0,100.0
3142.0,1.0,20.0,2.0,100.0,9.090909
3143.0,2.0,20.0,2.0,100.0,16.666666
3144.0,3.0,20.0,2.0,100.0,100.0
3145.0,5.0,20.0,2.0,100.0,7.142857
3146.0,10.0,20.0,2.0,100.0,5.263158
3147.0,20.0,20.0,2.0,100.0,6.6666665
3148.0,40.0,20.0,2.0,100.0,4.347826
3149.0,49.0,20.0,2.0,100.0,5.882353
3150.0,0.0,20.0,2.0,100.0,100.0
3151.0,0.5,20.0,2.0,100.0,100.0
3152.0,1.0,20.0,2.0,100.0,33.333332
3153.0,2.0,20.0,2.0,100.0,33.333332
3154.0,3.0,20.0,2.0,100.0,33.333332
3155.0,5.0,20.0,2.0,100.0,25.0
3156.0,10.0,20.0,2.0,100.0,10.0
3157.0,20.0,20.0,2.0,100.0,5.263158
3158.0,40.0,20.0,2.0,100.0,4.5454545
3159.0,49.0,20.0,2.0,100.0,6.6666665
3160.0,0.0,20.0,2.0,100.0,100.0
3161.0,0.5,20.0,2.0,100.0,100.0
3162.0,1.0,20.0,2.0,100.0,12.5
3163.0,2.0,20.0,2.0,100.0,33.333332
3164.0,3.0,20.0,2.0,100.0,33.333332
3165.0,5.0,20.0,2.0,100.0,20.0
3166.0,10.0,20.0,2.0,100.0,5.882353
3167.0,20.0,20.0,2.0,100.0,5.0
3168.0,40.0,20.0,2.0,100.0,4.7619047
3169.0,49.0,20.0,2.0,100.0,4.347826
3170.0,0.0,20.0,2.0,100.0,100.0
3171.0,0.5,20.0,2.0,100.0,100.0
3172.0,1.0,20.0,2.0,100.0,33.333332
3173.0,2.0,20.0,2.0,100.0,33.333332
3174.0,3.0,20.0,2.0,100.0,16.666666
3175.0,5.0,20.0,2.0,100.0,7.6923075
3176.0,10.0,20.0,2.0,100.0,10.0
3177.0,20.0,20.0,2.0,100.0,5.0
3178.0,40.0,20.0,2.0,100.0,5.263158
3179.0,49.0,20.0,2.0,100.0,5.882353
3180.0,0.0,20.0,2.0,100.0,100.0
3181.0,0.5,20.0,2.0,100.0,33.333332
3182.0,1.0,20.0,2.0,100.0,33.333332
3183.0,2.0,20.0,2.0,100.0,20.0
3184.0,3.0,20.0,2.0,100.0,11.111111
3185.0,5.0,20.0,2.0,100.0,20.0
3186.0,10.0,20.0,2.0,100.0,12.5
3187.0,20.0,20.0,2.0,100.0,5.5555553
3188.0,40.0,20.0,2.0,100.0,5.882353
3189.0,49.0,20.0,2.0,100.0,4.347826
3190.0,0.0,20.0,2.0,100.0,100.0
3191.0,0.5,20.0,2.0,100.0,100.0
3192.0,1.0,20.0,2.0,100.0,33.333332
3193.0,2.0,20.0,2.0,100.0,11.111111
3194.0,3.0,20.0,2.0,100.0,12.5
3195.0,5.0,20.0,2.0,100.0,7.142857
3196.0,10.0,20.0,2.0,100.0,14.285714
3197.0,20.0,20.0,2.0,100.0,5.0
3198.0,40.0,20.0,2.0,100.0,4.347826
3199.0,49.0,20.0,2.0,100.0,4.7619047
3200.0,0.0,20.0,2.0,100.0,100.0
3201.0,0.5,20.0,2.0,100.0,5.263158
3202.0,1.0,20.0,2.0,100.0,33.333332
3203.0,2.0,20.0,2.0,100.0,33.333332
3204.0,3.0,20.0,2.0,100.0,25.0
3205.0,5.0,20.0,2.0,100.0,10.0
3206.0,10.0,20.0,2.0,100.0,8.333333
3207.0,20.0,20.0,2.0,100.0,8.333333
3208.0,40.0,20.0,2.0,100.0,5.263158
3209.0,49.0,20.0,2.0,100.0,5.263158
3210.0,0.0,20.0,2.0,100.0,100.0
3211.0,0.5,20.0,2.0,100.0,100.0
3212.0,1.0,20.0,2.0,100.0,33.333332
3213.0,2.0,20.0,2.0,100.0,33.333332
3214.0,3.0,20.0,2.0,100.0,25.0
3215.0,5.0,20.0,2.0,100.0,14.285714
3216.0,10.0,20.0,2.0,100.0,5.882353
3217.0,20.0,20.0,2.0,100.0,7.142857
3218.0,40.0,20.0,2.0,100.0,5.263158
3219.0,49.0,20.0,2.0,100.0,4.347826
3220.0,0.0,20.0,2.0,100.0,100.0
3221.0,0.5,20.0,2.0,100.0,33.333332
3222.0,1.0,20.0,2.0,100.0,100.0
3223.0,2.0,20.0,2.0,100.0,12.5
3224.0,3.0,20.0,2.0,100.0,20.0
3225.0,5.0,20.0,2.0,100.0,9.090909
3226.0,10.0,20.0,2.0,100.0,8.333333
3227.0,20.0,20.0,2.0,100.0,5.882353
3228.0,40.0,20.0,2.0,100.0,4.5454545
3229.0,49.0,20.0,2.0,100.0,5.882353
3230.0,0.0,20.0,2.0,100.0,100.0
3231.0,0.5,20.0,2.0,100.0,100.0
3232.0,1.0,20.0,2.0,100.0,50.0
3233.0,2.0,20.0,2.0,100.0,6.25
3234.0,3.0,20.0,2.0,100.0,16.666666
3235.0,5.0,20.0,2.0,100.0,33.333332
3236.0,10.0,20.0,2.0,100.0,8.333333
3237.0,20.0,20.0,2.0,100.0,5.882353
3238.0,40.0,20.0,2.0,100.0,4.347826
3239.0,49.0,20.0,2.0,100.0,5.263158
3240.0,0.0,20.0,2.0,100.0,100.0
3241.0,0.5,20.0,2.0,100.0,33.333332
3242.0,1.0,20.0,2.0,100.0,100.0
3243.0,2.0,20.0,2.0,100.0,11.111111
3244.0,3.0,20.0,2.0,100.0,14.285714
3245.0,5.0,20.0,2.0,100.0,14.285714
3246.0,10.0,20.0,2.0,100.0,7.6923075
3247.0,20.0,20.0,2.0,100.0,6.6666665
3248.0,40.0,20.0,2.0,100.0,5.0
3249.0,49.0,20.0,2.0,100.0,4.7619047
3250.0,0.0,20.0,2.0,100.0,9.090909
3251.0,0.5,20.0,2.0,100.0,16.666666
3252.0,1.0,20.0,2.0,100.0,33.333332
3253.0,2.0,20.0,2.0,100.0,50.0
3254.0,3.0,20.0,2.0,100.0,14.285714
3255.0,5.0,20.0,2.0,100.0,12.5
3256.0,10.0,20.0,2.0,100.0,4.7619047
3257.0,20.0,20.0,2.0,100.0,6.25
3258.0,40.0,20.0,2.0,100.0,4.7619047
3259.0,49.0,20.0,2.0,100.0,4.347826
3260.0,0.0,20.0,2.0,100.0,100.0
3261.0,0.5,20.0,2.0,100.0,100.0
3262.0,1.0,20.0,2.0,100.0,7.6923075
3263.0,2.0,20.0,2.0,100.0,6.6666665
3264.0,3.0,20.0,2.0,100.0,25.0
3265.0,5.0,20.0,2.0,100.0,10.0
3266.0,10.0,20.0,2.0,100.0,5.263158
3267.0,20.0,20.0,2.0,100.0,6.6666665
3268.0,40.0,20.0,2.0,100.0,4.347826
3269.0,49.0,20.0,2.0,100.0,4.7619047
3270.0,0.0,20.0,2.0,100.0,100.0
3271.0,0.5,20.0,2.0,100.0,100.0
3272.0,1.0,20.0,2.0,100.0,33.333332
3273.0,2.0,20.0,2.0,100.0,25.0
3274.0,3.0,20.0,2.0,100.0,33.333332
3275.0,5.0,20.0,2.0,100.0,12.5
3276.0,10.0,20.0,2.0,100.0,5.5555553
3277.0,20.0,20.0,2.0,100.0,5.5555553
3278.0,40.0,20.0,2.0,100.0,5.263158
3279.0,49.0,20.0,2.0,100.0,4.347826
3280.0,0.0,20.0,2.0,100.0,11.111111
3281.0,0.5,20.0,2.0,100.0,33.333332
3282.0,1.0,20.0,2.0,100.0,100.0
3283.0,2.0,20.0,2.0,100.0,33.333332
3284.0,3.0,20.0,2.0,100.0,9.090909
3285.0,5.0,20.0,2.0,100.0,33.333332
3286.0,10.0,20.0,2.0,100.0,5.5555553
3287.0,20.0,20.0,2.0,100.0,5.0
3288.0,40.0,20.0,2.0,100.0,4.347826
3289.0,49.0,20.0,2.0,100.0,5.882353
3290.0,0.0,20.0,2.0,100.0,100.0
3291.0,0.5,20.0,2.0,100.0,33.333332
3292.0,1.0,20.0,2.0,100.0,50.0
3293.0,2.0,20.0,2.0,100.0,12.5
3294.0,3.0,20.0,2.0,100.0,16.666666
3295.0,5.0,20.0,2.0,100.0,8.333333
3296.0,10.0,20.0,2.0,100.0,5.882353
3297.0,20.0,20.0,2.0,100.0,7.6923075
3298.0,40.0,20.0,2.0,100.0,5.882353
3299.0,49.0,20.0,2.0,100.0,4.347826
3300.0,0.0,20.0,2.0,100.0,100.0
3301.0,0.5,20.0,2.0,100.0,100.0
3302.0,1.0,20.0,2.0,100.0,20.0
3303.0,2.0,20.0,2.0,100.0,16.666666
3304.0,3.0,20.0,2.0,100.0,25.0
3305.0,5.0,20.0,2.0,100.0,7.142857
3306.0,10.0,20.0,2.0,100.0,6.6666665
3307.0,20.0,20.0,2.0,100.0,5.882353
3308.0,40.0,20.0,2.0,100.0,5.263158
3309.0,49.0,20.0,2.0,100.0,5.263158
3310.0,0.0,20.0,2.0,100.0,100.0
3311.0,0.5,20.0,2.0,100.0,100.0
3312.0,1.0,20.0,2.0,100.0,33.333332
3313.0,2.0,20.0,2.0,100.0,12.5
3314.0,3.0,20.0,2.0,100.0,14.285714
3315.0,5.0,20.0,2.0,100.0,8.333333
3316.0,10.0,20.0,2.0,100.0,9.090909
3317.0,20.0,20.0,2.0,100.0,5.5555553
3318.0,40.0,20.0,2.0,100.0,5.263158
3319.0,49.0,20.0,2.0,100.0,4.7619047
3320.0,0.0,20.0,2.0,100.0,100.0
3321.0,0.5,20.0,2.0,100.0,9.090909
3322.0,1.0,20.0,2.0,100.0,33.333332
3323.0,2.0,20.0,2.0,100.0,100.0
3324.0,3.0,20.0,2.0,100.0,12.5
3325.0,5.0,20.0,2.0,100.0,6.25
3326.0,10.0,20.0,2.0,100.0,7.6923075
3327.0,20.0,20.0,2.0,100.0,5.882353
3328.0,40.0,20.0,2.0,100.0,5.263158
3329.0,49.0,20.0,2.0,100.0,4.347826
3330.0,0.0,20.0,2.0,100.0,100.0
3331.0,0.5,20.0,2.0,100.0,33.333332
3332.0,1.0,20.0,2.0,100.0,25.0
3333.0,2.0,20.0,2.0,100.0,50.0
3334.0,3.0,20.0,2.0,100.0,8.333333
3335.0,5.0,20.0,2.0,100.0,4.7619047
3336.0,10.0,20.0,2.0,100.0,8.333333
3337.0,20.0,20.0,2.0,100.0,5.5555553
3338.0,40.0,20.0,2.0,100.0,5.882353
3339.0,49.0,20.0,2.0,100.0,5.263158
3340.0,0.0,20.0,2.0,100.0,100.0
3341.0,0.5,20.0,2.0,100.0,5.882353
3342.0,1.0,20.0,2.0,100.0,100.0
3343.0,2.0,20.0,2.0,100.0,20.0
3344.0,3.0,20.0,2.0,100.0,4.5454545
3345.0,5.0,20.0,2.0,100.0,16.666666
3346.0,10.0,20.0,2.0,100.0,7.6923075
3347.0,20.0,20.0,2.0,100.0,5.882353
3348.0,40.0,20.0,2.0,100.0,4.7619047
3349.0,49.0,20.0,2.0,100.0,4.0
3350.0,0.0,20.0,2.0,100.0,100.0
3351.0,0.5,20.0,2.0,100.0,33.333332
3352.0,1.0,20.0,2.0,100.0,25.0
3353.0,2.0,20.0,2.0,100.0,33.333332
3354.0,3.0,20.0,2.0,100.0,12.5
3355.0,5.0,20.0,2.0,100.0,33.333332
3356.0,10.0,20.0,2.0,100.0,8.333333
3357.0,20.0,20.0,2.0,100.0,4.5454545
3358.0,40.0,20.0,2.0,100.0,4.347826
3359.0,49.0,20.0,2.0,100.0,6.6666665
3360.0,0.0,20.0,2.0,100.0,100.0
3361.0,0.5,20.0,2.0,100.0,100.0
3362.0,1.0,20.0,2.0,100.0,100.0
3363.0,2.0,20.0,2.0,100.0,9.090909
3364.0,3.0,20.0,2.0,100.0,25.0
3365.0,5.0,20.0,2.0,100.0,20.0
3366.0,10.0,20.0,2.0,100.0,14.285714
3367.0,20.0,20.0,2.0,100.0,5.882353
3368.0,40.0,20.0,2.0,100.0,5.882353
3369.0,49.0,20.0,2.0,100.0,4.7619047
3370.0,0.0,20.0,2.0,100.0,100.0
3371.0,0.5,20.0,2.0,100.0,100.0
3372.0,1.0,20.0,2.0,100.0,25.0
3373.0,2.0,20.0,2.0,100.0,16.666666
3374.0,3.0,20.0,2.0,100.0,16.666666
3375.0,5.0,20.0,2.0,100.0,16.666666
3376.0,10.0,20.0,2.0,100.0,9.090909
3377.0,20.0,20.0,2.0,100.0,5.0
3378.0,40.0,20.0,2.0,100.0,4.7619047
3379.0,49.0,20.0,2.0,100.0,4.0
3380.0,0.0,20.0,2.0,100.0,100.0
3381.0,0.5,20.0,2.0,100.0,33.333332
3382.0,1.0,20.0,2.0,100.0,100.0
3383.0,2.0,20.0,2.0,100.0,20.0
3384.0,3.0,20.0,2.0,100.0,16.666666
3385.0,5.0,20.0,2.0,100.0,14.285714
3386.0,10.0,20.0,2.0,100.0,7.6923075
3387.0,20.0,20.0,2.0,100.0,6.25
3388.0,40.0,20.0,2.0,100.0,5.882353
3389.0,49.0,20.0,2.0,100.0,4.7619047
3390.0,0.0,20.0,2.0,100.0,100.0
3391.0,0.5,20.0,2.0,100.0,100.0
3392.0,1.0,20.0,2.0,100.0,20.0
3393.0,2.0,20.0,2.0,100.0,7.6923075
3394.0,3.0,20.0,2.0,100.0,5.882353
3395.0,5.0,20.0,2.0,100.0,6.25
3396.0,10.0,20.0,2.0,100.0,7.6923075
3397.0,20.0,20.0,2.0,100.0,5.882353
3398.0,40.0,20.0,2.0,100.0,5.882353
3399.0,49.0,20.0,2.0,100.0,5.882353
3400.0,0.0,20.0,2.0,100.0,100.0
3401.0,0.5,20.0,2.0,100.0,33.333332
3402.0,1.0,20.0,2.0,100.0,25.0
3403.0,2.0,20.0,2.0,100.0,7.142857
3404.0,3.0,20.0,2.0,100.0,7.142857
3405.0,5.0,20.0,2.0,100.0,20.0
3406.0,10.0,20.0,2.0,100.0,7.6923075
3407.0,20.0,20.0,2.0,100.0,4.0
3408.0,40.0,20.0,2.0,100.0,5.882353
3409.0,49.0,20.0,2.0,100.0,5.882353
3410.0,0.0,20.0,2.0,100.0,100.0
3411.0,0.5,20.0,2.0,100.0,100.0
3412.0,1.0,20.0,2.0,100.0,100.0
3413.0,2.0,20.0,2.0,100.0,10.0
3414.0,3.0,20.0,2.0,100.0,11.111111
3415.0,5.0,20.0,2.0,100.0,33.333332
3416.0,10.0,20.0,2.0,100.0,7.6923075
3417.0,20.0,20.0,2.0,100.0,6.25
3418.0,40.0,20.0,2.0,100.0,5.882353
3419.0,49.0,20.0,2.0,100.0,4.347826
3420.0,0.0,20.0,2.0,100.0,100.0
3421.0,0.5,20.0,2.0,100.0,100.0
3422.0,1.0,20.0,2.0,100.0,25.0
3423.0,2.0,20.0,2.0,100.0,33.333332
3424.0,3.0,20.0,2.0,100.0,11.111111
3425.0,5.0,20.0,2.0,100.0,9.090909
3426.0,10.0,20.0,2.0,100.0,7.6923075
3427.0,20.0,20.0,2.0,100.0,5.263158
3428.0,40.0,20.0,2.0,100.0,4.7619047
3429.0,49.0,20.0,2.0,100.0,4.347826
3430.0,0.0,20.0,2.0,100.0,100.0
3431.0,0.5,20.0,2.0,100.0,33.333332
3432.0,1.0,20.0,2.0,100.0,25.0
3433.0,2.0,20.0,2.0,100.0,33.333332
3434.0,3.0,20.0,2.0,100.0,5.882353
3435.0,5.0,20.0,2.0,100.0,33.333332
3436.0,10.0,20.0,2.0,100.0,7.6923075
3437.0,20.0,20.0,2.0,100.0,6.6666665
3438.0,40.0,20.0,2.0,100.0,5.263158
3439.0,49.0,20.0,2.0,100.0,5.263158
3440.0,0.0,20.0,2.0,100.0,100.0
3441.0,0.5,20.0,2.0,100.0,100.0
3442.0,1.0,20.0,2.0,100.0,100.0
3443.0,2.0,20.0,2.0,100.0,100.0
3444.0,3.0,20.0,2.0,100.0,5.882353
3445.0,5.0,20.0,2.0,100.0,8.333333
3446.0,10.0,20.0,2.0,100.0,8.333333
3447.0,20.0,20.0,2.0,100.0,5.263158
3448.0,40.0,20.0,2.0,100.0,5.263158
3449.0,49.0,20.0,2.0,100.0,5.263158
3450.0,0.0,20.0,2.0,100.0,100.0
3451.0,0.5,20.0,2.0,100.0,100.0
3452.0,1.0,20.0,2.0,100.0,8.333333
3453.0,2.0,20.0,2.0,100.0,33.333332
3454.0,3.0,20.0,2.0,100.0,10.0
3455.0,5.0,20.0,2.0,100.0,9.090909
3456.0,10.0,20.0,2.0,100.0,5.882353
3457.0,20.0,20.0,2.0,100.0,5.5555553
3458.0,40.0,20.0,2.0,100.0,4.347826
3459.0,49.0,20.0,2.0,100.0,4.7619047
3460.0,0.0,20.0,2.0,100.0,100.0
3461.0,0.5,20.0,2.0,100.0,100.0
3462.0,1.0,20.0,2.0,100.0,12.5
3463.0,2.0,20.0,2.0,100.0,33.333332
3464.0,3.0,20.0,2.0,100.0,12.5
3465.0,5.0,20.0,2.0,100.0,10.0
3466.0,10.0,20.0,2.0,100.0,7.6923075
3467.0,20.0,20.0,2.0,100.0,6.25
3468.0,40.0,20.0,2.0,100.0,3.7037036
3469.0,49.0,20.0,2.0,100.0,5.263158
3470.0,0.0,20.0,2.0,100.0,100.0
3471.0,0.5,20.0,2.0,100.0,33.333332
3472.0,1.0,20.0,2.0,100.0,33.333332
3473.0,2.0,20.0,2.0,100.0,20.0
3474.0,3.0,20.0,2.0,100.0,16.666666
3475.0,5.0,20.0,2.0,100.0,14.285714
3476.0,10.0,20.0,2.0,100.0,7.6923075
3477.0,20.0,20.0,2.0,100.0,5.882353
3478.0,40.0,20.0,2.0,100.0,5.263158
3479.0,49.0,20.0,2.0,100.0,5.263158
3480.0,0.0,20.0,2.0,100.0,100.0
3481.0,0.5,20.0,2.0,100.0,100.0
3482.0,1.0,20.0,2.0,100.0,33.333332
3483.0,2.0,20.0,2.0,100.0,100.0
3484.0,3.0,20.0,2.0,100.0,25.0
3485.0,5.0,20.0,2.0,100.0,25.0
3486.0,10.0,20.0,2.0,100.0,10.0
3487.0,20.0,20.0,2.0,100.0,6.6666665
3488.0,40.0,20.0,2.0,100.0,5.0
3489.0,49.0,20.0,2.0,100.0,4.7619047
3490.0,0.0,20.0,2.0,100.0,100.0
3491.0,0.5,20.0,2.0,100.0,33.333332
3492.0,1.0,20.0,2.0,100.0,100.0
3493.0,2.0,20.0,2.0,100.0,33.333332
3494.0,3.0,20.0,2.0,100.0,20.0
3495.0,5.0,20.0,2.0,100.0,14.285714
3496.0,10.0,20.0,2.0,100.0,5.263158
3497.0,20.0,20.0,2.0,100.0,5.882353
3498.0,40.0,20.0,2.0,100.0,5.263158
3499.0,49.0,20.0,2.0,100.0,5.263158
3500.0,0.0,20.0,2.0,100.0,100.0
3501.0,0.5,20.0,2.0,100.0,14.285714
3502.0,1.0,20.0,2.0,100.0,100.0
3503.0,2.0,20.0,2.0,100.0,33.333332
3504.0,3.0,20.0,2.0,100.0,100.0
3505.0,5.0,20.0,2.0,100.0,6.25
3506.0,10.0,20.0,2.0,100.0,8.333333
3507.0,20.0,20.0,2.0,100.0,5.263158
3508.0,40.0,20.0,2.0,100.0,5.263158
3509.0,49.0,20.0,2.0,100.0,3.7037036
3510.0,0.0,20.0,2.0,100.0,100.0
3511.0,0.5,20.0,2.0,100.0,100.0
3512.0,1.0,20.0,2.0,100.0,8.333333
3513.0,2.0,20.0,2.0,100.0,16.666666
3514.0,3.0,20.0,2.0,100.0,20.0
3515.0,5.0,20.0,2.0,100.0,5.263158
3516.0,10.0,20.0,2.0,100.0,6.6666665
3517.0,20.0,20.0,2.0,100.0,5.0
3518.0,40.0,20.0,2.0,100.0,5.263158
3519.0,49.0,20.0,2.0,100.0,4.7619047
3520.0,0.0,20.0,2.0,100.0,100.0
3521.0,0.5,20.0,2.0,100.0,33.333332
3522.0,1.0,20.0,2.0,100.0,25.0
3523.0,2.0,20.0,2.0,100.0,20.0
3524.0,3.0,20.0,2.0,100.0,9.090909
3525.0,5.0,20.0,2.0,100.0,7.142857
3526.0,10.0,20.0,2.0,100.0,12.5
3527.0,20.0,20.0,2.0,100.0,5.882353
3528.0,40.0,20.0,2.0,100.0,4.7619047
3529.0,49.0,20.0,2.0,100.0,5.263158
3530.0,0.0,20.0,2.0,100.0,100.0
3531.0,0.5,20.0,2.0,100.0,9.090909
3532.0,1.0,20.0,2.0,100.0,100.0
3533.0,2.0,20.0,2.0,100.0,20.0
3534.0,3.0,20.0,2.0,100.0,16.666666
3535.0,5.0,20.0,2.0,100.0,12.5
3536.0,10.0,20.0,2.0,100.0,8.333333
3537.0,20.0,20.0,2.0,100.0,5.882353
3538.0,40.0,20.0,2.0,100.0,5.5555553
3539.0,49.0,20.0,2.0,100.0,5.882353
3540.0,0.0,20.0,2.0,100.0,100.0
3541.0,0.5,20.0,2.0,100.0,100.0
3542.0,1.0,20.0,2.0,100.0,33.333332
3543.0,2.0,20.0,2.0,100.0,9.090909
3544.0,3.0,20.0,2.0,100.0,33.333332
3545.0,5.0,20.0,2.0,100.0,33.333332
3546.0,10.0,20.0,2.0,100.0,10.0
3547.0,20.0,20.0,2.0,100.0,5.882353
3548.0,40.0,20.0,2.0,100.0,5.263158
3549.0,49.0,20.0,2.0,100.0,5.882353
3550.0,0.0,20.0,2.0,100.0,100.0
3551.0,0.5,20.0,2.0,100.0,100.0
3552.0,1.0,20.0,2.0,100.0,33.333332
3553.0,2.0,20.0,2.0,100.0,50.0
3554.0,3.0,20.0,2.0,100.0,33.333332
3555.0,5.0,20.0,2.0,100.0,14.285714
3556.0,10.0,20.0,2.0,100.0,5.5555553
3557.0,20.0,20.0,2.0,100.0,9.090909
3558.0,40.0,20.0,2.0,100.0,4.347826
3559.0,49.0,20.0,2.0,100.0,5.263158
3560.0,0.0,20.0,2.0,100.0,100.0
3561.0,0.5,20.0,2.0,100.0,25.0
3562.0,1.0,20.0,2.0,100.0,33.333332
3563.0,2.0,20.0,2.0,100.0,33.333332
3564.0,3.0,20.0,2.0,100.0,11.111111
3565.0,5.0,20.0,2.0,100.0,10.0
3566.0,10.0,20.0,2.0,100.0,7.142857
3567.0,20.0,20.0,2.0,100.0,5.5555553
3568.0,40.0,20.0,2.0,100.0,5.0
3569.0,49.0,20.0,2.0,100.0,5.263158
3570.0,0.0,20.0,2.0,100.0,100.0
3571.0,0.5,20.0,2.0,100.0,33.333332
3572.0,1.0,20.0,2.0,100.0,16.666666
3573.0,2.0,20.0,2.0,100.0,25.0
3574.0,3.0,20.0,2.0,100.0,25.0
3575.0,5.0,20.0,2.0,100.0,10.0
3576.0,10.0,20.0,2.0,100.0,20.0
3577.0,20.0,20.0,2.0,100.0,5.263158
3578.0,40.0,20.0,2.0,100.0,5.882353
3579.0,49.0,20.0,2.0,100.0,4.0
3580.0,0.0,20.0,2.0,100.0,100.0
3581.0,0.5,20.0,2.0,100.0,100.0
3582.0,1.0,20.0,2.0,100.0,33.333332
3583.0,2.0,20.0,2.0,100.0,33.333332
3584.0,3.0,20.0,2.0,100.0,25.0
3585.0,5.0,20.0,2.0,100.0,14.285714
3586.0,10.0,20.0,2.0,100.0,6.6666665
3587.0,20.0,20.0,2.0,100.0,5.5555553
3588.0,40.0,20.0,2.0,100.0,5.882353
3589.0,49.0,20.0,2.0,100.0,4.347826
3590.0,0.0,20.0,2.0,100.0,100.0
3591.0,0.5,20.0,2.0,100.0,33.333332
3592.0,1.0,20.0,2.0,100.0,33.333332
3593.0,2.0,20.0,2.0,100.0,11.111111
3594.0,3.0,20.0,2.0,100.0,33.333332
3595.0,5.0,20.0,2.0,100.0,10.0
3596.0,10.0,20.0,2.0,100.0,7.6923075
3597.0,20.0,20.0,2.0,100.0,5.263158
3598.0,40.0,20.0,2.0,100.0,5.263158
3599.0,49.0,20.0,2.0,100.0,4.7619047
3600.0,0.0,20.0,2.0,100.0,100.0
3601.0,0.5,20.0,2.0,100.0,100.0
3602.0,1.0,20.0,2.0,100.0,33.333332
3603.0,2.0,20.0,2.0,100.0,33.333332
3604.0,3.0,20.0,2.0,100.0,8.333333
3605.0,5.0,20.0,2.0,100.0,12.5
3606.0,10.0,20.0,2.0,100.0,11.111111
3607.0,20.0,20.0,2.0,100.0,6.6666665
3608.0,40.0,20.0,2.0,100.0,6.25
3609.0,49.0,20.0,2.0,100.0,5.882353
3610.0,0.0,20.0,2.0,100.0,100.0
3611.0,0.5,20.0,2.0,100.0,100.0
3612.0,1.0,20.0,2.0,100.0,100.0
3613.0,2.0,20.0,2.0,100.0,16.666666
3614.0,3.0,20.0,2.0,100.0,5.882353
3615.0,5.0,20.0,2.0,100.0,12.5
3616.0,10.0,20.0,2.0,100.0,20.0
3617.0,20.0,20.0,2.0,100.0,7.142857
3618.0,40.0,20.0,2.0,100.0,4.7619047
3619.0,49.0,20.0,2.0,100.0,3.7037036
3620.0,0.0,20.0,2.0,100.0,100.0
3621.0,0.5,20.0,2.0,100.0,33.333332
3622.0,1.0,20.0,2.0,100.0,33.333332
3623.0,2.0,20.0,2.0,100.0,25.0
3624.0,3.0,20.0,2.0,100.0,33.333332
3625.0,5.0,20.0,2.0,100.0,10.0
3626.0,10.0,20.0,2.0,100.0,5.263158
3627.0,20.0,20.0,2.0,100.0,9.090909
3628.0,40.0,20.0,2.0,100.0,5.0
3629.0,49.0,20.0,2.0,100.0,6.6666665
3630.0,0.0,20.0,2.0,100.0,100.0
3631.0,0.5,20.0,2.0,100.0,100.0
3632.0,1.0,20.0,2.0,100.0,33.333332
3633.0,2.0,20.0,2.0,100.0,33.333332
3634.0,3.0,20.0,2.0,100.0,6.6666665
3635.0,5.0,20.0,2.0,100.0,25.0
3636.0,10.0,20.0,2.0,100.0,11.111111
3637.0,20.0,20.0,2.0,100.0,7.142857
3638.0,40.0,20.0,2.0,100.0,5.882353
3639.0,49.0,20.0,2.0,100.0,5.263158
3640.0,0.0,20.0,2.0,100.0,100.0
3641.0,0.5,20.0,2.0,100.0,100.0
3642.0,1.0,20.0,2.0,100.0,8.333333
3643.0,2.0,20.0,2.0,100.0,50.0
3644.0,3.0,20.0,2.0,100.0,5.0
3645.0,5.0,20.0,2.0,100.0,9.090909
3646.0,10.0,20.0,2.0,100.0,5.263158
3647.0,20.0,20.0,2.0,100.0,5.882353
3648.0,40.0,20.0,2.0,100.0,5.0
3649.0,49.0,20.0,2.0,100.0,5.263158
3650.0,0.0,20.0,2.0,100.0,100.0
3651.0,0.5,20.0,2.0,100.0,33.333332
3652.0,1.0,20.0,2.0,100.0,33.333332
3653.0,2.0,20.0,2.0,100.0,33.333332
3654.0,3.0,20.0,2.0,100.0,6.6666665
3655.0,5.0,20.0,2.0,100.0,10.0
3656.0,10.0,20.0,2.0,100.0,4.7619047
3657.0,20.0,20.0,2.0,100.0,4.7619047
3658.0,40.0,20.0,2.0,100.0,5.263158
3659.0,49.0,20.0,2.0,100.0,4.7619047
3660.0,0.0,20.0,2.0,100.0,100.0
3661.0,0.5,20.0,2.0,100.0,33.333332
3662.0,1.0,20.0,2.0,100.0,33.333332
3663.0,2.0,20.0,2.0,100.0,33.333332
3664.0,3.0,20.0,2.0,100.0,10.0
3665.0,5.0,20.0,2.0,100.0,9.090909
3666.0,10.0,20.0,2.0,100.0,5.5555553
3667.0,20.0,20.0,2.0,100.0,5.5555553
3668.0,40.0,20.0,2.0,100.0,4.347826
3669.0,49.0,20.0,2.0,100.0,4.7619047
3670.0,0.0,20.0,2.0,100.0,33.333332
3671.0,0.5,20.0,2.0,100.0,100.0
3672.0,1.0,20.0,2.0,100.0,33.333332
3673.0,2.0,20.0,2.0,100.0,100.0
3674.0,3.0,20.0,2.0,100.0,25.0
3675.0,5.0,20.0,2.0,100.0,12.5
3676.0,10.0,20.0,2.0,100.0,9.090909
3677.0,20.0,20.0,2.0,100.0,5.5555553
3678.0,40.0,20.0,2.0,100.0,4.7619047
3679.0,49.0,20.0,2.0,100.0,4.347826
3680.0,0.0,20.0,2.0,100.0,100.0
3681.0,0.5,20.0,2.0,100.0,50.0
3682.0,1.0,20.0,2.0,100.0,25.0
3683.0,2.0,20.0,2.0,100.0,33.333332
3684.0,3.0,20.0,2.0,100.0,33.333332
3685.0,5.0,20.0,2.0,100.0,20.0
3686.0,10.0,20.0,2.0,100.0,7.6923075
3687.0,20.0,20.0,2.0,100.0,5.0
3688.0,40.0,20.0,2.0,100.0,4.0
3689.0,49.0,20.0,2.0,100.0,6.6666665
3690.0,0.0,20.0,2.0,100.0,100.0
3691.0,0.5,20.0,2.0,100.0,33.333332
3692.0,1.0,20.0,2.0,100.0,33.333332
3693.0,2.0,20.0,2.0,100.0,7.142857
3694.0,3.0,20.0,2.0,100.0,25.0
3695.0,5.0,20.0,2.0,100.0,8.333333
3696.0,10.0,20.0,2.0,100.0,5.5555553
3697.0,20.0,20.0,2.0,100.0,7.6923075
3698.0,40.0,20.0,2.0,100.0,4.7619047
3699.0,49.0,20.0,2.0,100.0,5.263158
3700.0,0.0,20.0,2.0,100.0,100.0
3701.0,0.5,20.0,2.0,100.0,33.333332
3702.0,1.0,20.0,2.0,100.0,100.0
3703.0,2.0,20.0,2.0,100.0,25.0
3704.0,3.0,20.0,2.0,100.0,33.333332
3705.0,5.0,20.0,2.0,100.0,5.263158
3706.0,10.0,20.0,2.0,100.0,7.142857
3707.0,20.0,20.0,2.0,100.0,6.6666665
3708.0,40.0,20.0,2.0,100.0,4.7619047
3709.0,49.0,20.0,2.0,100.0,5.882353
3710.0,0.0,20.0,2.0,100.0,100.0
3711.0,0.5,20.0,2.0,100.0,20.0
3712.0,1.0,20.0,2.0,100.0,100.0
3713.0,2.0,20.0,2.0,100.0,33.333332
3714.0,3.0,20.0,2.0,100.0,9.090909
3715.0,5.0,20.0,2.0,100.0,33.333332
3716.0,10.0,20.0,2.0,100.0,7.6923075
3717.0,20.0,20.0,2.0,100.0,5.882353
3718.0,40.0,20.0,2.0,100.0,6.6666665
3719.0,49.0,20.0,2.0,100.0,5.263158
3720.0,0.0,20.0,2.0,100.0,100.0
3721.0,0.5,20.0,2.0,100.0,100.0
3722.0,1.0,20.0,2.0,100.0,100.0
3723.0,2.0,20.0,2.0,100.0,33.333332
3724.0,3.0,20.0,2.0,100.0,33.333332
3725.0,5.0,20.0,2.0,100.0,20.0
3726.0,10.0,20.0,2.0,100.0,16.666666
3727.0,20.0,20.0,2.0,100.0,5.0
3728.0,40.0,20.0,2.0,100.0,4.347826
3729.0,49.0,20.0,2.0,100.0,5.882353
3730.0,0.0,20.0,2.0,100.0,100.0
3731.0,0.5,20.0,2.0,100.0,100.0
3732.0,1.0,20.0,2.0,100.0,100.0
3733.0,2.0,20.0,2.0,100.0,33.333332
3734.0,3.0,20.0,2.0,100.0,16.666666
3735.0,5.0,20.0,2.0,100.0,33.333332
3736.0,10.0,20.0,2.0,100.0,11.111111
3737.0,20.0,20.0,2.0,100.0,5.5555553
3738.0,40.0,20.0,2.0,100.0,5.882353
3739.0,49.0,20.0,2.0,100.0,4.7619047
3740.0,0.0,20.0,2.0,100.0,100.0
3741.0,0.5,20.0,2.0,100.0,100.0
3742.0,1.0,20.0,2.0,100.0,100.0
3743.0,2.0,20.0,2.0,100.0,12.5
3744.0,3.0,20.0,2.0,100.0,14.285714
3745.0,5.0,20.0,2.0,100.0,8.333333
3746.0,10.0,20.0,2.0,100.0,7.6923075
3747.0,20.0,20.0,2.0,100.0,6.25
3748.0,40.0,20.0,2.0,100.0,5.263158
3749.0,49.0,20.0,2.0,100.0,4.7619047
3750.0,0.0,20.0,2.0,100.0,100.0
3751.0,0.5,20.0,2.0,100.0,100.0
3752.0,1.0,20.0,2.0,100.0,100.0
3753.0,2.0,20.0,2.0,100.0,33.333332
3754.0,3.0,20.0,2.0,100.0,5.882353
3755.0,5.0,20.0,2.0,100.0,14.285714
3756.0,10.0,20.0,2.0,100.0,11.111111
3757.0,20.0,20.0,2.0,100.0,6.25
3758.0,40.0,20.0,2.0,100.0,4.1666665
3759.0,49.0,20.0,2.0,100.0,4.7619047
3760.0,0.0,20.0,2.0,100.0,100.0
3761.0,0.5,20.0,2.0,100.0,33.333332
3762.0,1.0,20.0,2.0,100.0,100.0
3763.0,2.0,20.0,2.0,100.0,20.0
3764.0,3.0,20.0,2.0,100.0,7.142857
3765.0,5.0,20.0,2.0,100.0,16.666666
3766.0,10.0,20.0,2.0,100.0,8.333333
3767.0,20.0,20.0,2.0,100.0,4.5454545
3768.0,40.0,20.0,2.0,100.0,4.7619047
3769.0,49.0,20.0,2.0,100.0,4.7619047
3770.0,0.0,20.0,2.0,100.0,100.0
3771.0,0.5,20.0,2.0,100.0,20.0
3772.0,1.0,20.0,2.0,100.0,33.333332
3773.0,2.0,20.0,2.0,100.0,25.0
3774.0,3.0,20.0,2.0,100.0,25.0
3775.0,5.0,20.0,2.0,100.0,25.0
3776.0,10.0,20.0,2.0,100.0,7.6923075
3777.0,20.0,20.0,2.0,100.0,5.882353
3778.0,40.0,20.0,2.0,100.0,4.0
3779.0,49.0,20.0,2.0,100.0,5.263158
3780.0,0.0,20.0,2.0,100.0,100.0
3781.0,0.5,20.0,2.0,100.0,33.333332
3782.0,1.0,20.0,2.0,100.0,33.333332
3783.0,2.0,20.0,2.0,100.0,14.285714
3784.0,3.0,20.0,2.0,100.0,10.0
3785.0,5.0,20.0,2.0,100.0,9.090909
3786.0,10.0,20.0,2.0,100.0,5.882353
3787.0,20.0,20.0,2.0,100.0,5.263158
3788.0,40.0,20.0,2.0,100.0,5.5555553
3789.0,49.0,20.0,2.0,100.0,4.347826
3790.0,0.0,20.0,2.0,100.0,100.0
3791.0,0.5,20.0,2.0,100.0,100.0
3792.0,1.0,20.0,2.0,100.0,100.0
3793.0,2.0,20.0,2.0,100.0,25.0
3794.0,3.0,20.0,2.0,100.0,33.333332
3795.0,5.0,20.0,2.0,100.0,14.285714
3796.0,10.0,20.0,2.0,100.0,14.285714
3797.0,20.0,20.0,2.0,100.0,5.263158
3798.0,40.0,20.0,2.0,100.0,4.0
3799.0,49.0,20.0,2.0,100.0,4.7619047
3800.0,0.0,20.0,2.0,100.0,100.0
3801.0,0.5,20.0,2.0,100.0,33.333332
3802.0,1.0,20.0,2.0,100.0,33.333332
3803.0,2.0,20.0,2.0,100.0,25.0
3804.0,3.0,20.0,2.0,100.0,33.333332
3805.0,5.0,20.0,2.0,100.0,7.142857
3806.0,10.0,20.0,2.0,100.0,7.6923075
3807.0,20.0,20.0,2.0,100.0,5.882353
3808.0,40.0,20.0,2.0,100.0,5.882353
3809.0,49.0,20.0,2.0,100.0,4.7619047
3810.0,0.0,20.0,2.0,100.0,100.0
3811.0,0.5,20.0,2.0,100.0,9.090909
3812.0,1.0,20.0,2.0,100.0,33.333332
3813.0,2.0,20.0,2.0,100.0,33.333332
3814.0,3.0,20.0,2.0,100.0,33.333332
3815.0,5.0,20.0,2.0,100.0,7.6923075
3816.0,10.0,20.0,2.0,100.0,9.090909
3817.0,20.0,20.0,2.0,100.0,4.5454545
3818.0,40.0,20.0,2.0,100.0,5.263158
3819.0,49.0,20.0,2.0,100.0,4.347826
3820.0,0.0,20.0,2.0,100.0,100.0
3821.0,0.5,20.0,2.0,100.0,100.0
3822.0,1.0,20.0,2.0,100.0,33.333332
3823.0,2.0,20.0,2.0,100.0,10.0
3824.0,3.0,20.0,2.0,100.0,12.5
3825.0,5.0,20.0,2.0,100.0,8.333333
3826.0,10.0,20.0,2.0,100.0,6.6666665
3827.0,20.0,20.0,2.0,100.0,6.6666665
3828.0,40.0,20.0,2.0,100.0,5.263158
3829.0,49.0,20.0,2.0,100.0,4.7619047
3830.0,0.0,20.0,2.0,100.0,100.0
3831.0,0.5,20.0,2.0,100.0,100.0
3832.0,1.0,20.0,2.0,100.0,25.0
3833.0,2.0,20.0,2.0,100.0,10.0
3834.0,3.0,20.0,2.0,100.0,25.0
3835.0,5.0,20.0,2.0,100.0,7.6923075
3836.0,10.0,20.0,2.0,100.0,5.263158
3837.0,20.0,20.0,2.0,100.0,4.347826
3838.0,40.0,20.0,2.0,100.0,5.882353
3839.0,49.0,20.0,2.0,100.0,4.7619047
3840.0,0.0,20.0,2.0,100.0,20.0
3841.0,0.5,20.0,2.0,100.0,100.0
3842.0,1.0,20.0,2.0,100.0,33.333332
3843.0,2.0,20.0,2.0,100.0,100.0
3844.0,3.0,20.0,2.0,100.0,25.0
3845.0,5.0,20.0,2.0,100.0,12.5
3846.0,10.0,20.0,2.0,100.0,9.090909
3847.0,20.0,20.0,2.0,100.0,7.6923075
3848.0,40.0,20.0,2.0,100.0,6.6666665
3849.0,49.0,20.0,2.0,100.0,4.347826
3850.0,0.0,20.0,2.0,100.0,100.0
3851.0,0.5,20.0,2.0,100.0,33.333332
3852.0,1.0,20.0,2.0,100.0,6.25
3853.0,2.0,20.0,2.0,100.0,14.285714
3854.0,3.0,20.0,2.0,100.0,33.333332
3855.0,5.0,20.0,2.0,100.0,12.5
3856.0,10.0,20.0,2.0,100.0,6.25
3857.0,20.0,20.0,2.0,100.0,5.263158
3858.0,40.0,20.0,2.0,100.0,4.7619047
3859.0,49.0,20.0,2.0,100.0,4.5454545
3860.0,0.0,20.0,2.0,100.0,6.6666665
3861.0,0.5,20.0,2.0,100.0,11.111111
3862.0,1.0,20.0,2.0,100.0,33.333332
3863.0,2.0,20.0,2.0,100.0,25.0
3864.0,3.0,20.0,2.0,100.0,20.0
3865.0,5.0,20.0,2.0,100.0,8.333333
3866.0,10.0,20.0,2.0,100.0,10.0
3867.0,20.0,20.0,2.0,100.0,5.882353
3868.0,40.0,20.0,2.0,100.0,5.882353
3869.0,49.0,20.0,2.0,100.0,4.347826
3870.0,0.0,20.0,2.0,100.0,100.0
3871.0,0.5,20.0,2.0,100.0,33.333332
3872.0,1.0,20.0,2.0,100.0,33.333332
3873.0,2.0,20.0,2.0,100.0,50.0
3874.0,3.0,20.0,2.0,100.0,25.0
3875.0,5.0,20.0,2.0,100.0,6.25
3876.0,10.0,20.0,2.0,100.0,8.333333
3877.0,20.0,20.0,2.0,100.0,5.5555553
3878.0,40.0,20.0,2.0,100.0,4.7619047
3879.0,49.0,20.0,2.0,100.0,5.0
3880.0,0.0,20.0,2.0,100.0,100.0
3881.0,0.5,20.0,2.0,100.0,100.0
3882.0,1.0,20.0,2.0,100.0,100.0
3883.0,2.0,20.0,2.0,100.0,33.333332
3884.0,3.0,20.0,2.0,100.0,33.333332
3885.0,5.0,20.0,2.0,100.0,14.285714
3886.0,10.0,20.0,2.0,100.0,7.6923075
3887.0,20.0,20.0,2.0,100.0,5.882353
3888.0,40.0,20.0,2.0,100.0,6.6666665
3889.0,49.0,20.0,2.0,100.0,5.882353
3890.0,0.0,20.0,2.0,100.0,100.0
3891.0,0.5,20.0,2.0,100.0,20.0
3892.0,1.0,20.0,2.0,100.0,100.0
3893.0,2.0,20.0,2.0,100.0,50.0
3894.0,3.0,20.0,2.0,100.0,20.0
3895.0,5.0,20.0,2.0,100.0,25.0
3896.0,10.0,20.0,2.0,100.0,10.0
3897.0,20.0,20.0,2.0,100.0,5.882353
3898.0,40.0,20.0,2.0,100.0,4.347826
3899.0,49.0,20.0,2.0,100.0,4.5454545
3900.0,0.0,20.0,2.0,100.0,100.0
3901.0,0.5,20.0,2.0,100.0,11.111111
3902.0,1.0,20.0,2.0,100.0,33.333332
3903.0,2.0,20.0,2.0,100.0,33.333332
3904.0,3.0,20.0,2.0,100.0,33.333332
3905.0,5.0,20.0,2.0,100.0,33.333332
3906.0,10.0,20.0,2.0,100.0,5.263158
3907.0,20.0,20.0,2.0,100.0,6.25
3908.0,40.0,20.0,2.0,100.0,5.882353
3909.0,49.0,20.0,2.0,100.0,5.263158
3910.0,0.0,20.0,2.0,100.0,100.0
3911.0,0.5,20.0,2.0,100.0,100.0
3912.0,1.0,20.0,2.0,100.0,100.0
3913.0,2.0,20.0,2.0,100.0,33.333332
3914.0,3.0,20.0,2.0,100.0,25.0
3915.0,5.0,20.0,2.0,100.0,12.5
3916.0,10.0,20.0,2.0,100.0,7.6923075
3917.0,20.0,20.0,2.0,100.0,5.882353
3918.0,40.0,20.0,2.0,100.0,4.347826
3919.0,49.0,20.0,2.0,100.0,4.7619047
3920.0,0.0,20.0,2.0,100.0,14.285714
3921.0,0.5,20.0,2.0,100.0,33.333332
3922.0,1.0,20.0,2.0,100.0,33.333332
3923.0,2.0,20.0,2.0,100.0,25.0
3924.0,3.0,20.0,2.0,100.0,33.333332
3925.0,5.0,20.0,2.0,100.0,9.090909
3926.0,10.0,20.0,2.0,100.0,5.5555553
3927.0,20.0,20.0,2.0,100.0,6.6666665
3928.0,40.0,20.0,2.0,100.0,4.7619047
3929.0,49.0,20.0,2.0,100.0,4.347826
3930.0,0.0,20.0,2.0,100.0,100.0
3931.0,0.5,20.0,2.0,100.0,100.0
3932.0,1.0,20.0,2.0,100.0,16.666666
3933.0,2.0,20.0,2.0,100.0,25.0
3934.0,3.0,20.0,2.0,100.0,25.0
3935.0,5.0,20.0,2.0,100.0,10.0
3936.0,10.0,20.0,2.0,100.0,5.263158
3937.0,20.0,20.0,2.0,100.0,5.882353
3938.0,40.0,20.0,2.0,100.0,4.7619047
3939.0,49.0,20.0,2.0,100.0,5.263158
3940.0,0.0,20.0,2.0,100.0,100.0
3941.0,0.5,20.0,2.0,100.0,100.0
3942.0,1.0,20.0,2.0,100.0,11.111111
3943.0,2.0,20.0,2.0,100.0,6.6666665
3944.0,3.0,20.0,2.0,100.0,33.333332
3945.0,5.0,20.0,2.0,100.0,14.285714
3946.0,10.0,20.0,2.0,100.0,20.0
3947.0,20.0,20.0,2.0,100.0,6.6666665
3948.0,40.0,20.0,2.0,100.0,4.7619047
3949.0,49.0,20.0,2.0,100.0,5.882353
3950.0,0.0,20.0,2.0,100.0,100.0
3951.0,0.5,20.0,2.0,100.0,100.0
3952.0,1.0,20.0,2.0,100.0,12.5
3953.0,2.0,20.0,2.0,100.0,9.090909
3954.0,3.0,20.0,2.0,100.0,4.7619047
3955.0,5.0,20.0,2.0,100.0,33.333332
3956.0,10.0,20.0,2.0,100.0,6.25
3957.0,20.0,20.0,2.0,100.0,4.7619047
3958.0,40.0,20.0,2.0,100.0,4.347826
3959.0,49.0,20.0,2.0,100.0,4.7619047
3960.0,0.0,20.0,2.0,100.0,100.0
3961.0,0.5,20.0,2.0,100.0,100.0
3962.0,1.0,20.0,2.0,100.0,33.333332
3963.0,2.0,20.0,2.0,100.0,33.333332
3964.0,3.0,20.0,2.0,100.0,33.333332
3965.0,5.0,20.0,2.0,100.0,10.0
3966.0,10.0,20.0,2.0,100.0,5.263158
3967.0,20.0,20.0,2.0,100.0,7.142857
3968.0,40.0,20.0,2.0,100.0,4.7619047
3969.0,49.0,20.0,2.0,100.0,4.7619047
3970.0,0.0,20.0,2.0,100.0,100.0
3971.0,0.5,20.0,2.0,100.0,9.090909
3972.0,1.0,20.0,2.0,100.0,100.0
3973.0,2.0,20.0,2.0,100.0,33.333332
3974.0,3.0,20.0,2.0,100.0,50.0
3975.0,5.0,20.0,2.0,100.0,33.333332
3976.0,10.0,20.0,2.0,100.0,5.263158
3977.0,20.0,20.0,2.0,100.0,7.142857
3978.0,40.0,20.0,2.0,100.0,4.347826
3979.0,49.0,20.0,2.0,100.0,4.347826
3980.0,0.0,20.0,2.0,100.0,100.0
3981.0,0.5,20.0,2.0,100.0,33.333332
3982.0,1.0,20.0,2.0,100.0,25.0
3983.0,2.0,20.0,2.0,100.0,33.333332
3984.0,3.0,20.0,2.0,100.0,25.0
3985.0,5.0,20.0,2.0,100.0,20.0
3986.0,10.0,20.0,2.0,100.0,9.090909
3987.0,20.0,20.0,2.0,100.0,5.882353
3988.0,40.0,20.0,2.0,100.0,3.4482758
3989.0,49.0,20.0,2.0,100.0,4.0
3990.0,0.0,20.0,2.0,100.0,100.0
3991.0,0.5,20.0,2.0,100.0,100.0
3992.0,1.0,20.0,2.0,100.0,100.0
3993.0,2.0,20.0,2.0,100.0,33.333332
3994.0,3.0,20.0,2.0,100.0,8.333333
3995.0,5.0,20.0,2.0,100.0,12.5
3996.0,10.0,20.0,2.0,100.0,14.285714
3997.0,20.0,20.0,2.0,100.0,6.6666665
3998.0,40.0,20.0,2.0,100.0,4.7619047
3999.0,49.0,20.0,2.0,100.0,4.0
4000.0,0.0,20.0,2.0,100.0,100.0
4001.0,0.5,20.0,2.0,100.0,33.333332
4002.0,1.0,20.0,2.0,100.0,33.333332
4003.0,2.0,20.0,2.0,100.0,33.333332
4004.0,3.0,20.0,2.0,100.0,20.0
4005.0,5.0,20.0,2.0,100.0,20.0
4006.0,10.0,20.0,2.0,100.0,6.6666665
4007.0,20.0,20.0,2.0,100.0,4.7619047
4008.0,40.0,20.0,2.0,100.0,5.882353
4009.0,49.0,20.0,2.0,100.0,6.6666665
4010.0,0.0,20.0,2.0,100.0,100.0
4011.0,0.5,20.0,2.0,100.0,100.0
4012.0,1.0,20.0,2.0,100.0,33.333332
4013.0,2.0,20.0,2.0,100.0,25.0
4014.0,3.0,20.0,2.0,100.0,5.5555553
4015.0,5.0,20.0,2.0,100.0,16.666666
4016.0,10.0,20.0,2.0,100.0,6.6666665
4017.0,20.0,20.0,2.0,100.0,5.882353
4018.0,40.0,20.0,2.0,100.0,4.7619047
4019.0,49.0,20.0,2.0,100.0,5.882353
4020.0,0.0,20.0,2.0,100.0,100.0
4021.0,0.5,20.0,2.0,100.0,33.333332
4022.0,1.0,20.0,2.0,100.0,33.333332
4023.0,2.0,20.0,2.0,100.0,33.333332
4024.0,3.0,20.0,2.0,100.0,33.333332
4025.0,5.0,20.0,2.0,100.0,14.285714
4026.0,10.0,20.0,2.0,100.0,4.5454545
4027.0,20.0,20.0,2.0,100.0,5.882353
4028.0,40.0,20.0,2.0,100.0,5.0
4029.0,49.0,20.0,2.0,100.0,5.263158
4030.0,0.0,20.0,2.0,100.0,100.0
4031.0,0.5,20.0,2.0,100.0,100.0
4032.0,1.0,20.0,2.0,100.0,33.333332
4033.0,2.0,20.0,2.0,100.0,33.333332
4034.0,3.0,20.0,2.0,100.0,10.0
4035.0,5.0,20.0,2.0,100.0,16.666666
4036.0,10.0,20.0,2.0,100.0,5.882353
4037.0,20.0,20.0,2.0,100.0,5.5555553
4038.0,40.0,20.0,2.0,100.0,4.347826
4039.0,49.0,20.0,2.0,100.0,4.7619047
4040.0,0.0,20.0,2.0,100.0,100.0
4041.0,0.5,20.0,2.0,100.0,100.0
4042.0,1.0,20.0,2.0,100.0,100.0
4043.0,2.0,20.0,2.0,100.0,6.25
4044.0,3.0,20.0,2.0,100.0,6.25
4045.0,5.0,20.0,2.0,100.0,6.6666665
4046.0,10.0,20.0,2.0,100.0,7.6923075
4047.0,20.0,20.0,2.0,100.0,5.882353
4048.0,40.0,20.0,2.0,100.0,5.263158
4049.0,49.0,20.0,2.0,100.0,4.0
4050.0,0.0,20.0,2.0,100.0,100.0
4051.0,0.5,20.0,2.0,100.0,33.333332
4052.0,1.0,20.0,2.0,100.0,100.0
4053.0,2.0,20.0,2.0,100.0,16.666666
4054.0,3.0,20.0,2.0,100.0,33.333332
4055.0,5.0,20.0,2.0,100.0,11.111111
4056.0,10.0,20.0,2.0,100.0,8.333333
4057.0,20.0,20.0,2.0,100.0,6.6666665
4058.0,40.0,20.0,2.0,100.0,5.0
4059.0,49.0,20.0,2.0,100.0,4.347826
4060.0,0.0,20.0,2.0,100.0,100.0
4061.0,0.5,20.0,2.0,100.0,33.333332
4062.0,1.0,20.0,2.0,100.0,5.263158
4063.0,2.0,20.0,2.0,100.0,33.333332
4064.0,3.0,20.0,2.0,100.0,20.0
4065.0,5.0,20.0,2.0,100.0,8.333333
4066.0,10.0,20.0,2.0,100.0,10.0
4067.0,20.0,20.0,2.0,100.0,5.263158
4068.0,40.0,20.0,2.0,100.0,5.263158
4069.0,49.0,20.0,2.0,100.0,5.263158
4070.0,0.0,20.0,2.0,100.0,5.882353
4071.0,0.5,20.0,2.0,100.0,33.333332
4072.0,1.0,20.0,2.0,100.0,7.142857
4073.0,2.0,20.0,2.0,100.0,33.333332
4074.0,3.0,20.0,2.0,100.0,50.0
4075.0,5.0,20.0,2.0,100.0,7.142857
4076.0,10.0,20.0,2.0,100.0,7.6923075
4077.0,20.0,20.0,2.0,100.0,6.6666665
4078.0,40.0,20.0,2.0,100.0,5.263158
4079.0,49.0,20.0,2.0,100.0,4.7619047
4080.0,0.0,20.0,2.0,100.0,100.0
4081.0,0.5,20.0,2.0,100.0,33.333332
4082.0,1.0,20.0,2.0,100.0,50.0
4083.0,2.0,20.0,2.0,100.0,33.333332
4084.0,3.0,20.0,2.0,100.0,6.6666665
4085.0,5.0,20.0,2.0,100.0,12.5
4086.0,10.0,20.0,2.0,100.0,5.5555553
4087.0,20.0,20.0,2.0,100.0,5.5555553
4088.0,40.0,20.0,2.0,100.0,5.5555553
4089.0,49.0,20.0,2.0,100.0,5.882353
4090.0,0.0,20.0,2.0,100.0,14.285714
4091.0,0.5,20.0,2.0,100.0,33.333332
4092.0,1.0,20.0,2.0,100.0,33.333332
4093.0,2.0,20.0,2.0,100.0,25.0
4094.0,3.0,20.0,2.0,100.0,12.5
4095.0,5.0,20.0,2.0,100.0,16.666666
4096.0,10.0,20.0,2.0,100.0,9.090909
4097.0,20.0,20.0,2.0,100.0,7.6923075
4098.0,40.0,20.0,2.0,100.0,4.7619047
4099.0,49.0,20.0,2.0,100.0,5.263158
4100.0,0.0,20.0,2.0,100.0,100.0
4101.0,0.5,20.0,2.0,100.0,6.6666665
4102.0,1.0,20.0,2.0,100.0,8.333333
4103.0,2.0,20.0,2.0,100.0,12.5
4104.0,3.0,20.0,2.0,100.0,5.263158
4105.0,5.0,20.0,2.0,100.0,12.5
4106.0,10.0,20.0,2.0,100.0,7.6923075
4107.0,20.0,20.0,2.0,100.0,5.882353
4108.0,40.0,20.0,2.0,100.0,4.347826
4109.0,49.0,20.0,2.0,100.0,4.347826
4110.0,0.0,20.0,2.0,100.0,100.0
4111.0,0.5,20.0,2.0,100.0,33.333332
4112.0,1.0,20.0,2.0,100.0,33.333332
4113.0,2.0,20.0,2.0,100.0,33.333332
4114.0,3.0,20.0,2.0,100.0,25.0
4115.0,5.0,20.0,2.0,100.0,20.0
4116.0,10.0,20.0,2.0,100.0,7.6923075
4117.0,20.0,20.0,2.0,100.0,5.5555553
4118.0,40.0,20.0,2.0,100.0,6.6666665
4119.0,49.0,20.0,2.0,100.0,4.347826
4120.0,0.0,20.0,2.0,100.0,100.0
4121.0,0.5,20.0,2.0,100.0,100.0
4122.0,1.0,20.0,2.0,100.0,33.333332
4123.0,2.0,20.0,2.0,100.0,33.333332
4124.0,3.0,20.0,2.0,100.0,25.0
4125.0,5.0,20.0,2.0,100.0,33.333332
4126.0,10.0,20.0,2.0,100.0,12.5
4127.0,20.0,20.0,2.0,100.0,4.7619047
4128.0,40.0,20.0,2.0,100.0,5.882353
4129.0,49.0,20.0,2.0,100.0,4.7619047
4130.0,0.0,20.0,2.0,100.0,100.0
4131.0,0.5,20.0,2.0,100.0,100.0
4132.0,1.0,20.0,2.0,100.0,100.0
4133.0,2.0,20.0,2.0,100.0,8.333333
4134.0,3.0,20.0,2.0,100.0,20.0
4135.0,5.0,20.0,2.0,100.0,12.5
4136.0,10.0,20.0,2.0,100.0,8.333333
4137.0,20.0,20.0,2.0,100.0,5.882353
4138.0,40.0,20.0,2.0,100.0,5.882353
4139.0,49.0,20.0,2.0,100.0,4.347826
4140.0,0.0,20.0,2.0,100.0,100.0
4141.0,0.5,20.0,2.0,100.0,33.333332
4142.0,1.0,20.0,2.0,100.0,33.333332
4143.0,2.0,20.0,2.0,100.0,33.333332
4144.0,3.0,20.0,2.0,100.0,33.333332
4145.0,5.0,20.0,2.0,100.0,7.142857
4146.0,10.0,20.0,2.0,100.0,8.333333
4147.0,20.0,20.0,2.0,100.0,7.6923075
4148.0,40.0,20.0,2.0,100.0,5.882353
4149.0,49.0,20.0,2.0,100.0,5.263158
4150.0,0.0,20.0,2.0,100.0,100.0
4151.0,0.5,20.0,2.0,100.0,33.333332
4152.0,1.0,20.0,2.0,100.0,33.333332
4153.0,2.0,20.0,2.0,100.0,33.333332
4154.0,3.0,20.0,2.0,100.0,33.333332
4155.0,5.0,20.0,2.0,100.0,14.285714
4156.0,10.0,20.0,2.0,100.0,6.25
4157.0,20.0,20.0,2.0,100.0,8.333333
4158.0,40.0,20.0,2.0,100.0,4.7619047
4159.0,49.0,20.0,2.0,100.0,4.7619047
4160.0,0.0,20.0,2.0,100.0,100.0
4161.0,0.5,20.0,2.0,100.0,100.0
4162.0,1.0,20.0,2.0,100.0,10.0
4163.0,2.0,20.0,2.0,100.0,20.0
4164.0,3.0,20.0,2.0,100.0,9.090909
4165.0,5.0,20.0,2.0,100.0,10.0
4166.0,10.0,20.0,2.0,100.0,6.6666665
4167.0,20.0,20.0,2.0,100.0,5.263158
4168.0,40.0,20.0,2.0,100.0,4.1666665
4169.0,49.0,20.0,2.0,100.0,5.263158
4170.0,0.0,20.0,2.0,100.0,100.0
4171.0,0.5,20.0,2.0,100.0,20.0
4172.0,1.0,20.0,2.0,100.0,11.111111
4173.0,2.0,20.0,2.0,100.0,33.333332
4174.0,3.0,20.0,2.0,100.0,10.0
4175.0,5.0,20.0,2.0,100.0,7.6923075
4176.0,10.0,20.0,2.0,100.0,11.111111
4177.0,20.0,20.0,2.0,100.0,6.6666665
4178.0,40.0,20.0,2.0,100.0,5.263158
4179.0,49.0,20.0,2.0,100.0,4.347826
4180.0,0.0,20.0,2.0,100.0,100.0
4181.0,0.5,20.0,2.0,100.0,100.0
4182.0,1.0,20.0,2.0,100.0,20.0
4183.0,2.0,20.0,2.0,100.0,33.333332
4184.0,3.0,20.0,2.0,100.0,33.333332
4185.0,5.0,20.0,2.0,100.0,5.5555553
4186.0,10.0,20.0,2.0,100.0,8.333333
4187.0,20.0,20.0,2.0,100.0,4.347826
4188.0,40.0,20.0,2.0,100.0,5.263158
4189.0,49.0,20.0,2.0,100.0,7.6923075
4190.0,0.0,20.0,2.0,100.0,11.111111
4191.0,0.5,20.0,2.0,100.0,100.0
4192.0,1.0,20.0,2.0,100.0,33.333332
4193.0,2.0,20.0,2.0,100.0,16.666666
4194.0,3.0,20.0,2.0,100.0,33.333332
4195.0,5.0,20.0,2.0,100.0,33.333332
4196.0,10.0,20.0,2.0,100.0,5.5555553
4197.0,20.0,20.0,2.0,100.0,4.5454545
4198.0,40.0,20.0,2.0,100.0,5.263158
4199.0,49.0,20.0,2.0,100.0,4.347826
4200.0,0.0,20.0,2.0,100.0,100.0
4201.0,0.5,20.0,2.0,100.0,100.0
4202.0,1.0,20.0,2.0,100.0,33.333332
4203.0,2.0,20.0,2.0,100.0,33.333332
4204.0,3.0,20.0,2.0,100.0,10.0
4205.0,5.0,20.0,2.0,100.0,25.0
4206.0,10.0,20.0,2.0,100.0,6.25
4207.0,20.0,20.0,2.0,100.0,7.142857
4208.0,40.0,20.0,2.0,100.0,4.347826
4209.0,49.0,20.0,2.0,100.0,4.7619047
4210.0,0.0,20.0,2.0,100.0,6.6666665
4211.0,0.5,20.0,2.0,100.0,100.0
4212.0,1.0,20.0,2.0,100.0,25.0
4213.0,2.0,20.0,2.0,100.0,33.333332
4214.0,3.0,20.0,2.0,100.0,14.285714
4215.0,5.0,20.0,2.0,100.0,16.666666
4216.0,10.0,20.0,2.0,100.0,5.882353
4217.0,20.0,20.0,2.0,100.0,5.882353
4218.0,40.0,20.0,2.0,100.0,5.882353
4219.0,49.0,20.0,2.0,100.0,5.263158
4220.0,0.0,20.0,2.0,100.0,100.0
4221.0,0.5,20.0,2.0,100.0,100.0
4222.0,1.0,20.0,2.0,100.0,100.0
4223.0,2.0,20.0,2.0,100.0,33.333332
4224.0,3.0,20.0,2.0,100.0,20.0
4225.0,5.0,20.0,2.0,100.0,12.5
4226.0,10.0,20.0,2.0,100.0,12.5
4227.0,20.0,20.0,2.0,100.0,5.882353
4228.0,40.0,20.0,2.0,100.0,4.7619047
4229.0,49.0,20.0,2.0,100.0,4.7619047
4230.0,0.0,20.0,2.0,100.0,100.0
4231.0,0.5,20.0,2.0,100.0,100.0
4232.0,1.0,20.0,2.0,100.0,33.333332
4233.0,2.0,20.0,2.0,100.0,7.6923075
4234.0,3.0,20.0,2.0,100.0,33.333332
4235.0,5.0,20.0,2.0,100.0,12.5
4236.0,10.0,20.0,2.0,100.0,11.111111
4237.0,20.0,20.0,2.0,100.0,5.5555553
4238.0,40.0,20.0,2.0,100.0,5.882353
4239.0,49.0,20.0,2.0,100.0,4.7619047
4240.0,0.0,20.0,2.0,100.0,100.0
4241.0,0.5,20.0,2.0,100.0,100.0
4242.0,1.0,20.0,2.0,100.0,33.333332
4243.0,2.0,20.0,2.0,100.0,33.333332
4244.0,3.0,20.0,2.0,100.0,33.333332
4245.0,5.0,20.0,2.0,100.0,33.333332
4246.0,10.0,20.0,2.0,100.0,6.25
4247.0,20.0,20.0,2.0,100.0,7.142857
4248.0,40.0,20.0,2.0,100.0,4.7619047
4249.0,49.0,20.0,2.0,100.0,4.7619047
4250.0,0.0,20.0,2.0,100.0,100.0
4251.0,0.5,20.0,2.0,100.0,100.0
4252.0,1.0,20.0,2.0,100.0,4.7619047
4253.0,2.0,20.0,2.0,100.0,7.6923075
4254.0,3.0,20.0,2.0,100.0,12.5
4255.0,5.0,20.0,2.0,100.0,11.111111
4256.0,10.0,20.0,2.0,100.0,4.7619047
4257.0,20.0,20.0,2.0,100.0,4.347826
4258.0,40.0,20.0,2.0,100.0,4.7619047
4259.0,49.0,20.0,2.0,100.0,4.7619047
4260.0,0.0,20.0,2.0,100.0,100.0
4261.0,0.5,20.0,2.0,100.0,100.0
4262.0,1.0,20.0,2.0,100.0,100.0
4263.0,2.0,20.0,2.0,100.0,33.333332
4264.0,3.0,20.0,2.0,100.0,9.090909
4265.0,5.0,20.0,2.0,100.0,14.285714
4266.0,10.0,20.0,2.0,100.0,5.882353
4267.0,20.0,20.0,2.0,100.0,8.333333
4268.0,40.0,20.0,2.0,100.0,4.7619047
4269.0,49.0,20.0,2.0,100.0,5.263158
4270.0,0.0,20.0,2.0,100.0,100.0
4271.0,0.5,20.0,2.0,100.0,100.0
4272.0,1.0,20.0,2.0,100.0,33.333332
4273.0,2.0,20.0,2.0,100.0,20.0
4274.0,3.0,20.0,2.0,100.0,16.666666
4275.0,5.0,20.0,2.0,100.0,16.666666
4276.0,10.0,20.0,2.0,100.0,10.0
4277.0,20.0,20.0,2.0,100.0,4.7619047
4278.0,40.0,20.0,2.0,100.0,4.347826
4279.0,49.0,20.0,2.0,100.0,5.882353
4280.0,0.0,20.0,2.0,100.0,100.0
4281.0,0.5,20.0,2.0,100.0,33.333332
4282.0,1.0,20.0,2.0,100.0,20.0
4283.0,2.0,20.0,2.0,100.0,33.333332
4284.0,3.0,20.0,2.0,100.0,20.0
4285.0,5.0,20.0,2.0,100.0,6.6666665
4286.0,10.0,20.0,2.0,100.0,7.6923075
4287.0,20.0,20.0,2.0,100.0,6.6666665
4288.0,40.0,20.0,2.0,100.0,5.0
4289.0,49.0,20.0,2.0,100.0,4.7619047
4290.0,0.0,20.0,2.0,100.0,100.0
4291.0,0.5,20.0,2.0,100.0,100.0
4292.0,1.0,20.0,2.0,100.0,100.0
4293.0,2.0,20.0,2.0,100.0,8.333333
4294.0,3.0,20.0,2.0,100.0,6.25
4295.0,5.0,20.0,2.0,100.0,11.111111
4296.0,10.0,20.0,2.0,100.0,12.5
4297.0,20.0,20.0,2.0,100.0,11.111111
4298.0,40.0,20.0,2.0,100.0,5.263158
4299.0,49.0,20.0,2.0,100.0,5.263158
4300.0,0.0,20.0,2.0,100.0,100.0
4301.0,0.5,20.0,2.0,100.0,100.0
4302.0,1.0,20.0,2.0,100.0,14.285714
4303.0,2.0,20.0,2.0,100.0,33.333332
4304.0,3.0,20.0,2.0,100.0,12.5
4305.0,5.0,20.0,2.0,100.0,11.111111
4306.0,10.0,20.0,2.0,100.0,5.263158
4307.0,20.0,20.0,2.0,100.0,6.25
4308.0,40.0,20.0,2.0,100.0,5.263158
4309.0,49.0,20.0,2.0,100.0,5.263158
4310.0,0.0,20.0,2.0,100.0,100.0
4311.0,0.5,20.0,2.0,100.0,100.0
4312.0,1.0,20.0,2.0,100.0,25.0
4313.0,2.0,20.0,2.0,100.0,25.0
4314.0,3.0,20.0,2.0,100.0,8.333333
4315.0,5.0,20.0,2.0,100.0,14.285714
4316.0,10.0,20.0,2.0,100.0,8.333333
4317.0,20.0,20.0,2.0,100.0,7.142857
4318.0,40.0,20.0,2.0,100.0,5.263158
4319.0,49.0,20.0,2.0,100.0,5.882353
4320.0,0.0,20.0,2.0,100.0,100.0
4321.0,0.5,20.0,2.0,100.0,33.333332
4322.0,1.0,20.0,2.0,100.0,33.333332
4323.0,2.0,20.0,2.0,100.0,100.0
4324.0,3.0,20.0,2.0,100.0,12.5
4325.0,5.0,20.0,2.0,100.0,10.0
4326.0,10.0,20.0,2.0,100.0,11.111111
4327.0,20.0,20.0,2.0,100.0,9.090909
4328.0,40.0,20.0,2.0,100.0,4.7619047
4329.0,49.0,20.0,2.0,100.0,4.347826
4330.0,0.0,20.0,2.0,100.0,100.0
4331.0,0.5,20.0,2.0,100.0,33.333332
4332.0,1.0,20.0,2.0,100.0,100.0
4333.0,2.0,20.0,2.0,100.0,20.0
4334.0,3.0,20.0,2.0,100.0,33.333332
4335.0,5.0,20.0,2.0,100.0,12.5
4336.0,10.0,20.0,2.0,100.0,7.6923075
4337.0,20.0,20.0,2.0,100.0,4.7619047
4338.0,40.0,20.0,2.0,100.0,4.7619047
4339.0,49.0,20.0,2.0,100.0,5.882353
4340.0,0.0,20.0,2.0,100.0,100.0
4341.0,0.5,20.0,2.0,100.0,100.0
4342.0,1.0,20.0,2.0,100.0,50.0
4343.0,2.0,20.0,2.0,100.0,33.333332
4344.0,3.0,20.0,2.0,100.0,6.25
4345.0,5.0,20.0,2.0,100.0,12.5
4346.0,10.0,20.0,2.0,100.0,5.882353
4347.0,20.0,20.0,2.0,100.0,5.882353
4348.0,40.0,20.0,2.0,100.0,4.7619047
4349.0,49.0,20.0,2.0,100.0,5.0
4350.0,0.0,20.0,2.0,100.0,7.6923075
4351.0,0.5,20.0,2.0,100.0,33.333332
4352.0,1.0,20.0,2.0,100.0,33.333332
4353.0,2.0,20.0,2.0,100.0,33.333332
4354.0,3.0,20.0,2.0,100.0,50.0
4355.0,5.0,20.0,2.0,100.0,6.25
4356.0,10.0,20.0,2.0,100.0,7.6923075
4357.0,20.0,20.0,2.0,100.0,5.263158
4358.0,40.0,20.0,2.0,100.0,5.263158
4359.0,49.0,20.0,2.0,100.0,4.347826
4360.0,0.0,20.0,2.0,100.0,100.0
4361.0,0.5,20.0,2.0,100.0,8.333333
4362.0,1.0,20.0,2.0,100.0,100.0
4363.0,2.0,20.0,2.0,100.0,7.6923075
4364.0,3.0,20.0,2.0,100.0,25.0
4365.0,5.0,20.0,2.0,100.0,5.882353
4366.0,10.0,20.0,2.0,100.0,5.0
4367.0,20.0,20.0,2.0,100.0,5.882353
4368.0,40.0,20.0,2.0,100.0,5.882353
4369.0,49.0,20.0,2.0,100.0,5.263158
4370.0,0.0,20.0,2.0,100.0,100.0
4371.0,0.5,20.0,2.0,100.0,100.0
4372.0,1.0,20.0,2.0,100.0,33.333332
4373.0,2.0,20.0,2.0,100.0,14.285714
4374.0,3.0,20.0,2.0,100.0,33.333332
4375.0,5.0,20.0,2.0,100.0,9.090909
4376.0,10.0,20.0,2.0,100.0,7.142857
4377.0,20.0,20.0,2.0,100.0,4.7619047
4378.0,40.0,20.0,2.0,100.0,4.7619047
4379.0,49.0,20.0,2.0,100.0,5.263158
4380.0,0.0,20.0,2.0,100.0,100.0
4381.0,0.5,20.0,2.0,100.0,100.0
4382.0,1.0,20.0,2.0,100.0,7.6923075
4383.0,2.0,20.0,2.0,100.0,12.5
4384.0,3.0,20.0,2.0,100.0,100.0
4385.0,5.0,20.0,2.0,100.0,25.0
4386.0,10.0,20.0,2.0,100.0,14.285714
4387.0,20.0,20.0,2.0,100.0,6.6666665
4388.0,40.0,20.0,2.0,100.0,4.347826
4389.0,49.0,20.0,2.0,100.0,4.347826
4390.0,0.0,20.0,2.0,100.0,100.0
4391.0,0.5,20.0,2.0,100.0,100.0
4392.0,1.0,20.0,2.0,100.0,11.111111
4393.0,2.0,20.0,2.0,100.0,20.0
4394.0,3.0,20.0,2.0,100.0,8.333333
4395.0,5.0,20.0,2.0,100.0,9.090909
4396.0,10.0,20.0,2.0,100.0,7.6923075
4397.0,20.0,20.0,2.0,100.0,5.882353
4398.0,40.0,20.0,2.0,100.0,6.6666665
4399.0,49.0,20.0,2.0,100.0,4.7619047
4400.0,0.0,20.0,2.0,100.0,100.0
4401.0,0.5,20.0,2.0,100.0,33.333332
4402.0,1.0,20.0,2.0,100.0,16.666666
4403.0,2.0,20.0,2.0,100.0,12.5
4404.0,3.0,20.0,2.0,100.0,33.333332
4405.0,5.0,20.0,2.0,100.0,5.5555553
4406.0,10.0,20.0,2.0,100.0,20.0
4407.0,20.0,20.0,2.0,100.0,5.263158
4408.0,40.0,20.0,2.0,100.0,6.6666665
4409.0,49.0,20.0,2.0,100.0,4.0
4410.0,0.0,20.0,2.0,100.0,100.0
4411.0,0.5,20.0,2.0,100.0,100.0
4412.0,1.0,20.0,2.0,100.0,20.0
4413.0,2.0,20.0,2.0,100.0,5.5555553
4414.0,3.0,20.0,2.0,100.0,33.333332
4415.0,5.0,20.0,2.0,100.0,11.111111
4416.0,10.0,20.0,2.0,100.0,14.285714
4417.0,20.0,20.0,2.0,100.0,5.5555553
4418.0,40.0,20.0,2.0,100.0,4.7619047
4419.0,49.0,20.0,2.0,100.0,4.347826
4420.0,0.0,20.0,2.0,100.0,100.0
4421.0,0.5,20.0,2.0,100.0,33.333332
4422.0,1.0,20.0,2.0,100.0,33.333332
4423.0,2.0,20.0,2.0,100.0,33.333332
4424.0,3.0,20.0,2.0,100.0,33.333332
4425.0,5.0,20.0,2.0,100.0,11.111111
4426.0,10.0,20.0,2.0,100.0,8.333333
4427.0,20.0,20.0,2.0,100.0,9.090909
4428.0,40.0,20.0,2.0,100.0,4.347826
4429.0,49.0,20.0,2.0,100.0,5.263158
4430.0,0.0,20.0,2.0,100.0,100.0
4431.0,0.5,20.0,2.0,100.0,33.333332
4432.0,1.0,20.0,2.0,100.0,25.0
4433.0,2.0,20.0,2.0,100.0,100.0
4434.0,3.0,20.0,2.0,100.0,33.333332
4435.0,5.0,20.0,2.0,100.0,16.666666
4436.0,10.0,20.0,2.0,100.0,9.090909
4437.0,20.0,20.0,2.0,100.0,6.25
4438.0,40.0,20.0,2.0,100.0,4.347826
4439.0,49.0,20.0,2.0,100.0,4.347826
4440.0,0.0,20.0,2.0,100.0,100.0
4441.0,0.5,20.0,2.0,100.0,100.0
4442.0,1.0,20.0,2.0,100.0,100.0
4443.0,2.0,20.0,2.0,100.0,33.333332
4444.0,3.0,20.0,2.0,100.0,6.6666665
4445.0,5.0,20.0,2.0,100.0,7.142857
4446.0,10.0,20.0,2.0,100.0,11.111111
4447.0,20.0,20.0,2.0,100.0,4.5454545
4448.0,40.0,20.0,2.0,100.0,5.5555553
4449.0,49.0,20.0,2.0,100.0,4.0
4450.0,0.0,20.0,2.0,100.0,100.0
4451.0,0.5,20.0,2.0,100.0,33.333332
4452.0,1.0,20.0,2.0,100.0,50.0
4453.0,2.0,20.0,2.0,100.0,33.333332
4454.0,3.0,20.0,2.0,100.0,20.0
4455.0,5.0,20.0,2.0,100.0,25.0
4456.0,10.0,20.0,2.0,100.0,6.25
4457.0,20.0,20.0,2.0,100.0,5.882353
4458.0,40.0,20.0,2.0,100.0,4.7619047
4459.0,49.0,20.0,2.0,100.0,4.7619047
4460.0,0.0,20.0,2.0,100.0,100.0
4461.0,0.5,20.0,2.0,100.0,100.0
4462.0,1.0,20.0,2.0,100.0,33.333332
4463.0,2.0,20.0,2.0,100.0,33.333332
4464.0,3.0,20.0,2.0,100.0,20.0
4465.0,5.0,20.0,2.0,100.0,8.333333
4466.0,10.0,20.0,2.0,100.0,7.142857
4467.0,20.0,20.0,2.0,100.0,6.25
4468.0,40.0,20.0,2.0,100.0,5.0
4469.0,49.0,20.0,2.0,100.0,5.882353
4470.0,0.0,20.0,2.0,100.0,100.0
4471.0,0.5,20.0,2.0,100.0,100.0
4472.0,1.0,20.0,2.0,100.0,33.333332
4473.0,2.0,20.0,2.0,100.0,50.0
4474.0,3.0,20.0,2.0,100.0,33.333332
4475.0,5.0,20.0,2.0,100.0,5.5555553
4476.0,10.0,20.0,2.0,100.0,7.6923075
4477.0,20.0,20.0,2.0,100.0,6.25
4478.0,40.0,20.0,2.0,100.0,4.347826
4479.0,49.0,20.0,2.0,100.0,5.882353
4480.0,0.0,20.0,2.0,100.0,100.0
4481.0,0.5,20.0,2.0,100.0,33.333332
4482.0,1.0,20.0,2.0,100.0,7.6923075
4483.0,2.0,20.0,2.0,100.0,33.333332
4484.0,3.0,20.0,2.0,100.0,14.285714
4485.0,5.0,20.0,2.0,100.0,6.6666665
4486.0,10.0,20.0,2.0,100.0,7.6923075
4487.0,20.0,20.0,2.0,100.0,5.263158
4488.0,40.0,20.0,2.0,100.0,4.7619047
4489.0,49.0,20.0,2.0,100.0,4.7619047
4490.0,0.0,20.0,2.0,100.0,100.0
4491.0,0.5,20.0,2.0,100.0,33.333332
4492.0,1.0,20.0,2.0,100.0,100.0
4493.0,2.0,20.0,2.0,100.0,16.666666
4494.0,3.0,20.0,2.0,100.0,33.333332
4495.0,5.0,20.0,2.0,100.0,6.6666665
4496.0,10.0,20.0,2.0,100.0,12.5
4497.0,20.0,20.0,2.0,100.0,6.6666665
4498.0,40.0,20.0,2.0,100.0,6.25
4499.0,49.0,20.0,2.0,100.0,5.263158
4500.0,0.0,20.0,2.0,100.0,100.0
4501.0,0.5,20.0,2.0,100.0,100.0
4502.0,1.0,20.0,2.0,100.0,100.0
4503.0,2.0,20.0,2.0,100.0,25.0
4504.0,3.0,20.0,2.0,100.0,20.0
4505.0,5.0,20.0,2.0,100.0,20.0
4506.0,10.0,20.0,2.0,100.0,3.7037036
4507.0,20.0,20.0,2.0,100.0,5.263158
4508.0,40.0,20.0,2.0,100.0,4.7619047
4509.0,49.0,20.0,2.0,100.0,4.7619047
4510.0,0.0,20.0,2.0,100.0,100.0
4511.0,0.5,20.0,2.0,100.0,33.333332
4512.0,1.0,20.0,2.0,100.0,100.0
4513.0,2.0,20.0,2.0,100.0,20.0
4514.0,3.0,20.0,2.0,100.0,33.333332
4515.0,5.0,20.0,2.0,100.0,11.111111
4516.0,10.0,20.0,2.0,100.0,9.090909
4517.0,20.0,20.0,2.0,100.0,4.7619047
4518.0,40.0,20.0,2.0,100.0,5.0
4519.0,49.0,20.0,2.0,100.0,5.263158
4520.0,0.0,20.0,2.0,100.0,100.0
4521.0,0.5,20.0,2.0,100.0,100.0
4522.0,1.0,20.0,2.0,100.0,14.285714
4523.0,2.0,20.0,2.0,100.0,25.0
4524.0,3.0,20.0,2.0,100.0,25.0
4525.0,5.0,20.0,2.0,100.0,20.0
4526.0,10.0,20.0,2.0,100.0,6.25
4527.0,20.0,20.0,2.0,100.0,6.6666665
4528.0,40.0,20.0,2.0,100.0,5.263158
4529.0,49.0,20.0,2.0,100.0,5.263158
4530.0,0.0,20.0,2.0,100.0,100.0
4531.0,0.5,20.0,2.0,100.0,100.0
4532.0,1.0,20.0,2.0,100.0,33.333332
4533.0,2.0,20.0,2.0,100.0,16.666666
4534.0,3.0,20.0,2.0,100.0,25.0
4535.0,5.0,20.0,2.0,100.0,8.333333
4536.0,10.0,20.0,2.0,100.0,5.263158
4537.0,20.0,20.0,2.0,100.0,5.0
4538.0,40.0,20.0,2.0,100.0,4.347826
4539.0,49.0,20.0,2.0,100.0,5.882353
4540.0,0.0,20.0,2.0,100.0,100.0
4541.0,0.5,20.0,2.0,100.0,100.0
4542.0,1.0,20.0,2.0,100.0,33.333332
4543.0,2.0,20.0,2.0,100.0,33.333332
4544.0,3.0,20.0,2.0,100.0,7.6923075
4545.0,5.0,20.0,2.0,100.0,25.0
4546.0,10.0,20.0,2.0,100.0,5.263158
4547.0,20.0,20.0,2.0,100.0,7.6923075
4548.0,40.0,20.0,2.0,100.0,5.5555553
4549.0,49.0,20.0,2.0,100.0,5.263158
4550.0,0.0,20.0,2.0,100.0,100.0
4551.0,0.5,20.0,2.0,100.0,100.0
4552.0,1.0,20.0,2.0,100.0,6.6666665
4553.0,2.0,20.0,2.0,100.0,33.333332
4554.0,3.0,20.0,2.0,100.0,25.0
4555.0,5.0,20.0,2.0,100.0,10.0
4556.0,10.0,20.0,2.0,100.0,6.6666665
4557.0,20.0,20.0,2.0,100.0,6.25
4558.0,40.0,20.0,2.0,100.0,4.7619047
4559.0,49.0,20.0,2.0,100.0,5.882353
4560.0,0.0,20.0,2.0,100.0,14.285714
4561.0,0.5,20.0,2.0,100.0,16.666666
4562.0,1.0,20.0,2.0,100.0,33.333332
4563.0,2.0,20.0,2.0,100.0,50.0
4564.0,3.0,20.0,2.0,100.0,9.090909
4565.0,5.0,20.0,2.0,100.0,8.333333
4566.0,10.0,20.0,2.0,100.0,6.25
4567.0,20.0,20.0,2.0,100.0,5.263158
4568.0,40.0,20.0,2.0,100.0,5.5555553
4569.0,49.0,20.0,2.0,100.0,5.263158
4570.0,0.0,20.0,2.0,100.0,20.0
4571.0,0.5,20.0,2.0,100.0,33.333332
4572.0,1.0,20.0,2.0,100.0,33.333332
4573.0,2.0,20.0,2.0,100.0,50.0
4574.0,3.0,20.0,2.0,100.0,50.0
4575.0,5.0,20.0,2.0,100.0,8.333333
4576.0,10.0,20.0,2.0,100.0,6.25
4577.0,20.0,20.0,2.0,100.0,5.882353
4578.0,40.0,20.0,2.0,100.0,6.6666665
4579.0,49.0,20.0,2.0,100.0,4.7619047
4580.0,0.0,20.0,2.0,100.0,100.0
4581.0,0.5,20.0,2.0,100.0,50.0
4582.0,1.0,20.0,2.0,100.0,100.0
4583.0,2.0,20.0,2.0,100.0,33.333332
4584.0,3.0,20.0,2.0,100.0,20.0
4585.0,5.0,20.0,2.0,100.0,14.285714
4586.0,10.0,20.0,2.0,100.0,10.0
4587.0,20.0,20.0,2.0,100.0,4.5454545
4588.0,40.0,20.0,2.0,100.0,4.347826
4589.0,49.0,20.0,2.0,100.0,4.7619047
4590.0,0.0,20.0,2.0,100.0,100.0
4591.0,0.5,20.0,2.0,100.0,33.333332
4592.0,1.0,20.0,2.0,100.0,33.333332
4593.0,2.0,20.0,2.0,100.0,33.333332
4594.0,3.0,20.0,2.0,100.0,33.333332
4595.0,5.0,20.0,2.0,100.0,6.25
4596.0,10.0,20.0,2.0,100.0,10.0
4597.0,20.0,20.0,2.0,100.0,6.6666665
4598.0,40.0,20.0,2.0,100.0,4.347826
4599.0,49.0,20.0,2.0,100.0,4.347826
4600.0,0.0,20.0,2.0,100.0,100.0
4601.0,0.5,20.0,2.0,100.0,100.0
4602.0,1.0,20.0,2.0,100.0,25.0
4603.0,2.0,20.0,2.0,100.0,14.285714
4604.0,3.0,20.0,2.0,100.0,33.333332
4605.0,5.0,20.0,2.0,100.0,12.5
4606.0,10.0,20.0,2.0,100.0,6.25
4607.0,20.0,20.0,2.0,100.0,5.263158
4608.0,40.0,20.0,2.0,100.0,5.882353
4609.0,49.0,20.0,2.0,100.0,4.7619047
4610.0,0.0,20.0,2.0,100.0,100.0
4611.0,0.5,20.0,2.0,100.0,33.333332
4612.0,1.0,20.0,2.0,100.0,100.0
4613.0,2.0,20.0,2.0,100.0,33.333332
4614.0,3.0,20.0,2.0,100.0,10.0
4615.0,5.0,20.0,2.0,100.0,4.7619047
4616.0,10.0,20.0,2.0,100.0,5.882353
4617.0,20.0,20.0,2.0,100.0,5.5555553
4618.0,40.0,20.0,2.0,100.0,5.263158
4619.0,49.0,20.0,2.0,100.0,4.0
4620.0,0.0,20.0,2.0,100.0,20.0
4621.0,0.5,20.0,2.0,100.0,100.0
4622.0,1.0,20.0,2.0,100.0,100.0
4623.0,2.0,20.0,2.0,100.0,6.25
4624.0,3.0,20.0,2.0,100.0,100.0
4625.0,5.0,20.0,2.0,100.0,7.142857
4626.0,10.0,20.0,2.0,100.0,6.6666665
4627.0,20.0,20.0,2.0,100.0,9.090909
4628.0,40.0,20.0,2.0,100.0,5.882353
4629.0,49.0,20.0,2.0,100.0,4.7619047
4630.0,0.0,20.0,2.0,100.0,100.0
4631.0,0.5,20.0,2.0,100.0,33.333332
4632.0,1.0,20.0,2.0,100.0,33.333332
4633.0,2.0,20.0,2.0,100.0,11.111111
4634.0,3.0,20.0,2.0,100.0,33.333332
4635.0,5.0,20.0,2.0,100.0,7.142857
4636.0,10.0,20.0,2.0,100.0,5.263158
4637.0,20.0,20.0,2.0,100.0,5.5555553
4638.0,40.0,20.0,2.0,100.0,5.0
4639.0,49.0,20.0,2.0,100.0,5.263158
4640.0,0.0,20.0,2.0,100.0,100.0
4641.0,0.5,20.0,2.0,100.0,33.333332
4642.0,1.0,20.0,2.0,100.0,33.333332
4643.0,2.0,20.0,2.0,100.0,16.666666
4644.0,3.0,20.0,2.0,100.0,9.090909
4645.0,5.0,20.0,2.0,100.0,14.285714
4646.0,10.0,20.0,2.0,100.0,7.6923075
4647.0,20.0,20.0,2.0,100.0,7.6923075
4648.0,40.0,20.0,2.0,100.0,4.5454545
4649.0,49.0,20.0,2.0,100.0,4.0
4650.0,0.0,20.0,2.0,100.0,100.0
4651.0,0.5,20.0,2.0,100.0,100.0
4652.0,1.0,20.0,2.0,100.0,33.333332
4653.0,2.0,20.0,2.0,100.0,6.6666665
4654.0,3.0,20.0,2.0,100.0,20.0
4655.0,5.0,20.0,2.0,100.0,33.333332
4656.0,10.0,20.0,2.0,100.0,5.263158
4657.0,20.0,20.0,2.0,100.0,4.7619047
4658.0,40.0,20.0,2.0,100.0,4.347826
4659.0,49.0,20.0,2.0,100.0,5.882353
4660.0,0.0,20.0,2.0,100.0,100.0
4661.0,0.5,20.0,2.0,100.0,100.0
4662.0,1.0,20.0,2.0,100.0,33.333332
4663.0,2.0,20.0,2.0,100.0,33.333332
4664.0,3.0,20.0,2.0,100.0,33.333332
4665.0,5.0,20.0,2.0,100.0,10.0
4666.0,10.0,20.0,2.0,100.0,7.142857
4667.0,20.0,20.0,2.0,100.0,7.6923075
4668.0,40.0,20.0,2.0,100.0,5.882353
4669.0,49.0,20.0,2.0,100.0,4.7619047
4670.0,0.0,20.0,2.0,100.0,100.0
4671.0,0.5,20.0,2.0,100.0,33.333332
4672.0,1.0,20.0,2.0,100.0,33.333332
4673.0,2.0,20.0,2.0,100.0,33.333332
4674.0,3.0,20.0,2.0,100.0,50.0
4675.0,5.0,20.0,2.0,100.0,6.6666665
4676.0,10.0,20.0,2.0,100.0,9.090909
4677.0,20.0,20.0,2.0,100.0,4.7619047
4678.0,40.0,20.0,2.0,100.0,5.5555553
4679.0,49.0,20.0,2.0,100.0,6.6666665
4680.0,0.0,20.0,2.0,100.0,100.0
4681.0,0.5,20.0,2.0,100.0,33.333332
4682.0,1.0,20.0,2.0,100.0,100.0
4683.0,2.0,20.0,2.0,100.0,10.0
4684.0,3.0,20.0,2.0,100.0,16.666666
4685.0,5.0,20.0,2.0,100.0,12.5
4686.0,10.0,20.0,2.0,100.0,7.142857
4687.0,20.0,20.0,2.0,100.0,4.347826
4688.0,40.0,20.0,2.0,100.0,5.263158
4689.0,49.0,20.0,2.0,100.0,4.7619047
4690.0,0.0,20.0,2.0,100.0,100.0
4691.0,0.5,20.0,2.0,100.0,33.333332
4692.0,1.0,20.0,2.0,100.0,33.333332
4693.0,2.0,20.0,2.0,100.0,25.0
4694.0,3.0,20.0,2.0,100.0,25.0
4695.0,5.0,20.0,2.0,100.0,33.333332
4696.0,10.0,20.0,2.0,100.0,11.111111
4697.0,20.0,20.0,2.0,100.0,6.25
4698.0,40.0,20.0,2.0,100.0,5.882353
4699.0,49.0,20.0,2.0,100.0,4.0
4700.0,0.0,20.0,2.0,100.0,100.0
4701.0,0.5,20.0,2.0,100.0,50.0
4702.0,1.0,20.0,2.0,100.0,33.333332
4703.0,2.0,20.0,2.0,100.0,5.882353
4704.0,3.0,20.0,2.0,100.0,50.0
4705.0,5.0,20.0,2.0,100.0,6.6666665
4706.0,10.0,20.0,2.0,100.0,7.6923075
4707.0,20.0,20.0,2.0,100.0,6.6666665
4708.0,40.0,20.0,2.0,100.0,4.347826
4709.0,49.0,20.0,2.0,100.0,4.5454545
4710.0,0.0,20.0,2.0,100.0,100.0
4711.0,0.5,20.0,2.0,100.0,100.0
4712.0,1.0,20.0,2.0,100.0,25.0
4713.0,2.0,20.0,2.0,100.0,20.0
4714.0,3.0,20.0,2.0,100.0,14.285714
4715.0,5.0,20.0,2.0,100.0,10.0
4716.0,10.0,20.0,2.0,100.0,12.5
4717.0,20.0,20.0,2.0,100.0,4.7619047
4718.0,40.0,20.0,2.0,100.0,4.7619047
4719.0,49.0,20.0,2.0,100.0,5.263158
4720.0,0.0,20.0,2.0,100.0,100.0
4721.0,0.5,20.0,2.0,100.0,100.0
4722.0,1.0,20.0,2.0,100.0,100.0
4723.0,2.0,20.0,2.0,100.0,10.0
4724.0,3.0,20.0,2.0,100.0,7.142857
4725.0,5.0,20.0,2.0,100.0,33.333332
4726.0,10.0,20.0,2.0,100.0,9.090909
4727.0,20.0,20.0,2.0,100.0,5.0
4728.0,40.0,20.0,2.0,100.0,6.6666665
4729.0,49.0,20.0,2.0,100.0,5.882353
4730.0,0.0,20.0,2.0,100.0,100.0
4731.0,0.5,20.0,2.0,100.0,100.0
4732.0,1.0,20.0,2.0,100.0,16.666666
4733.0,2.0,20.0,2.0,100.0,25.0
4734.0,3.0,20.0,2.0,100.0,12.5
4735.0,5.0,20.0,2.0,100.0,7.142857
4736.0,10.0,20.0,2.0,100.0,5.882353
4737.0,20.0,20.0,2.0,100.0,7.142857
4738.0,40.0,20.0,2.0,100.0,7.6923075
4739.0,49.0,20.0,2.0,100.0,4.347826
4740.0,0.0,20.0,2.0,100.0,100.0
4741.0,0.5,20.0,2.0,100.0,10.0
4742.0,1.0,20.0,2.0,100.0,33.333332
4743.0,2.0,20.0,2.0,100.0,20.0
4744.0,3.0,20.0,2.0,100.0,5.882353
4745.0,5.0,20.0,2.0,100.0,7.142857
4746.0,10.0,20.0,2.0,100.0,8.333333
4747.0,20.0,20.0,2.0,100.0,5.5555553
4748.0,40.0,20.0,2.0,100.0,5.0
4749.0,49.0,20.0,2.0,100.0,4.7619047
4750.0,0.0,20.0,2.0,100.0,100.0
4751.0,0.5,20.0,2.0,100.0,12.5
4752.0,1.0,20.0,2.0,100.0,33.333332
4753.0,2.0,20.0,2.0,100.0,10.0
4754.0,3.0,20.0,2.0,100.0,14.285714
4755.0,5.0,20.0,2.0,100.0,33.333332
4756.0,10.0,20.0,2.0,100.0,10.0
4757.0,20.0,20.0,2.0,100.0,4.7619047
4758.0,40.0,20.0,2.0,100.0,5.263158
4759.0,49.0,20.0,2.0,100.0,4.7619047
4760.0,0.0,20.0,2.0,100.0,100.0
4761.0,0.5,20.0,2.0,100.0,33.333332
4762.0,1.0,20.0,2.0,100.0,5.882353
4763.0,2.0,20.0,2.0,100.0,9.090909
4764.0,3.0,20.0,2.0,100.0,8.333333
4765.0,5.0,20.0,2.0,100.0,10.0
4766.0,10.0,20.0,2.0,100.0,7.142857
4767.0,20.0,20.0,2.0,100.0,5.0
4768.0,40.0,20.0,2.0,100.0,5.882353
4769.0,49.0,20.0,2.0,100.0,5.263158
4770.0,0.0,20.0,2.0,100.0,100.0
4771.0,0.5,20.0,2.0,100.0,33.333332
4772.0,1.0,20.0,2.0,100.0,25.0
4773.0,2.0,20.0,2.0,100.0,33.333332
4774.0,3.0,20.0,2.0,100.0,25.0
4775.0,5.0,20.0,2.0,100.0,8.333333
4776.0,10.0,20.0,2.0,100.0,5.882353
4777.0,20.0,20.0,2.0,100.0,4.7619047
4778.0,40.0,20.0,2.0,100.0,5.882353
4779.0,49.0,20.0,2.0,100.0,4.347826
4780.0,0.0,20.0,2.0,100.0,100.0
4781.0,0.5,20.0,2.0,100.0,33.333332
4782.0,1.0,20.0,2.0,100.0,33.333332
4783.0,2.0,20.0,2.0,100.0,25.0
4784.0,3.0,20.0,2.0,100.0,8.333333
4785.0,5.0,20.0,2.0,100.0,25.0
4786.0,10.0,20.0,2.0,100.0,6.6666665
4787.0,20.0,20.0,2.0,100.0,4.7619047
4788.0,40.0,20.0,2.0,100.0,5.5555553
4789.0,49.0,20.0,2.0,100.0,5.263158
4790.0,0.0,20.0,2.0,100.0,100.0
4791.0,0.5,20.0,2.0,100.0,33.333332
4792.0,1.0,20.0,2.0,100.0,6.6666665
4793.0,2.0,20.0,2.0,100.0,14.285714
4794.0,3.0,20.0,2.0,100.0,10.0
4795.0,5.0,20.0,2.0,100.0,25.0
4796.0,10.0,20.0,2.0,100.0,5.5555553
4797.0,20.0,20.0,2.0,100.0,6.25
4798.0,40.0,20.0,2.0,100.0,5.0
4799.0,49.0,20.0,2.0,100.0,5.263158
4800.0,0.0,20.0,2.0,100.0,100.0
4801.0,0.5,20.0,2.0,100.0,33.333332
4802.0,1.0,20.0,2.0,100.0,33.333332
4803.0,2.0,20.0,2.0,100.0,33.333332
4804.0,3.0,20.0,2.0,100.0,12.5
4805.0,5.0,20.0,2.0,100.0,14.285714
4806.0,10.0,20.0,2.0,100.0,7.6923075
4807.0,20.0,20.0,2.0,100.0,6.6666665
4808.0,40.0,20.0,2.0,100.0,4.7619047
4809.0,49.0,20.0,2.0,100.0,5.263158
4810.0,0.0,20.0,2.0,100.0,100.0
4811.0,0.5,20.0,2.0,100.0,100.0
4812.0,1.0,20.0,2.0,100.0,33.333332
4813.0,2.0,20.0,2.0,100.0,16.666666
4814.0,3.0,20.0,2.0,100.0,5.263158
4815.0,5.0,20.0,2.0,100.0,9.090909
4816.0,10.0,20.0,2.0,100.0,7.6923075
4817.0,20.0,20.0,2.0,100.0,5.5555553
4818.0,40.0,20.0,2.0,100.0,4.347826
4819.0,49.0,20.0,2.0,100.0,4.7619047
4820.0,0.0,20.0,2.0,100.0,11.111111
4821.0,0.5,20.0,2.0,100.0,100.0
4822.0,1.0,20.0,2.0,100.0,33.333332
4823.0,2.0,20.0,2.0,100.0,33.333332
4824.0,3.0,20.0,2.0,100.0,20.0
4825.0,5.0,20.0,2.0,100.0,4.347826
4826.0,10.0,20.0,2.0,100.0,5.263158
4827.0,20.0,20.0,2.0,100.0,5.5555553
4828.0,40.0,20.0,2.0,100.0,4.347826
4829.0,49.0,20.0,2.0,100.0,5.0
4830.0,0.0,20.0,2.0,100.0,100.0
4831.0,0.5,20.0,2.0,100.0,33.333332
4832.0,1.0,20.0,2.0,100.0,10.0
4833.0,2.0,20.0,2.0,100.0,6.6666665
4834.0,3.0,20.0,2.0,100.0,50.0
4835.0,5.0,20.0,2.0,100.0,25.0
4836.0,10.0,20.0,2.0,100.0,5.882353
4837.0,20.0,20.0,2.0,100.0,5.263158
4838.0,40.0,20.0,2.0,100.0,5.263158
4839.0,49.0,20.0,2.0,100.0,5.263158
4840.0,0.0,20.0,2.0,100.0,100.0
4841.0,0.5,20.0,2.0,100.0,33.333332
4842.0,1.0,20.0,2.0,100.0,25.0
4843.0,2.0,20.0,2.0,100.0,33.333332
4844.0,3.0,20.0,2.0,100.0,8.333333
4845.0,5.0,20.0,2.0,100.0,20.0
4846.0,10.0,20.0,2.0,100.0,5.5555553
4847.0,20.0,20.0,2.0,100.0,6.25
4848.0,40.0,20.0,2.0,100.0,4.7619047
4849.0,49.0,20.0,2.0,100.0,4.7619047
4850.0,0.0,20.0,2.0,100.0,100.0
4851.0,0.5,20.0,2.0,100.0,33.333332
4852.0,1.0,20.0,2.0,100.0,10.0
4853.0,2.0,20.0,2.0,100.0,33.333332
4854.0,3.0,20.0,2.0,100.0,16.666666
4855.0,5.0,20.0,2.0,100.0,7.142857
4856.0,10.0,20.0,2.0,100.0,4.7619047
4857.0,20.0,20.0,2.0,100.0,5.882353
4858.0,40.0,20.0,2.0,100.0,5.263158
4859.0,49.0,20.0,2.0,100.0,4.0
4860.0,0.0,20.0,2.0,100.0,14.285714
4861.0,0.5,20.0,2.0,100.0,33.333332
4862.0,1.0,20.0,2.0,100.0,25.0
4863.0,2.0,20.0,2.0,100.0,16.666666
4864.0,3.0,20.0,2.0,100.0,7.142857
4865.0,5.0,20.0,2.0,100.0,14.285714
4866.0,10.0,20.0,2.0,100.0,11.111111
4867.0,20.0,20.0,2.0,100.0,6.6666665
4868.0,40.0,20.0,2.0,100.0,5.263158
4869.0,49.0,20.0,2.0,100.0,4.7619047
4870.0,0.0,20.0,2.0,100.0,100.0
4871.0,0.5,20.0,2.0,100.0,100.0
4872.0,1.0,20.0,2.0,100.0,33.333332
4873.0,2.0,20.0,2.0,100.0,16.666666
4874.0,3.0,20.0,2.0,100.0,5.5555553
4875.0,5.0,20.0,2.0,100.0,7.142857
4876.0,10.0,20.0,2.0,100.0,5.0
4877.0,20.0,20.0,2.0,100.0,9.090909
4878.0,40.0,20.0,2.0,100.0,4.347826
4879.0,49.0,20.0,2.0,100.0,5.882353
4880.0,0.0,20.0,2.0,100.0,100.0
4881.0,0.5,20.0,2.0,100.0,33.333332
4882.0,1.0,20.0,2.0,100.0,20.0
4883.0,2.0,20.0,2.0,100.0,33.333332
4884.0,3.0,20.0,2.0,100.0,16.666666
4885.0,5.0,20.0,2.0,100.0,11.111111
4886.0,10.0,20.0,2.0,100.0,9.090909
4887.0,20.0,20.0,2.0,100.0,5.882353
4888.0,40.0,20.0,2.0,100.0,4.7619047
4889.0,49.0,20.0,2.0,100.0,4.347826
4890.0,0.0,20.0,2.0,100.0,5.882353
4891.0,0.5,20.0,2.0,100.0,33.333332
4892.0,1.0,20.0,2.0,100.0,100.0
4893.0,2.0,20.0,2.0,100.0,12.5
4894.0,3.0,20.0,2.0,100.0,16.666666
4895.0,5.0,20.0,2.0,100.0,11.111111
4896.0,10.0,20.0,2.0,100.0,5.882353
4897.0,20.0,20.0,2.0,100.0,5.882353
4898.0,40.0,20.0,2.0,100.0,4.347826
4899.0,49.0,20.0,2.0,100.0,7.6923075
4900.0,0.0,20.0,2.0,100.0,100.0
4901.0,0.5,20.0,2.0,100.0,100.0
4902.0,1.0,20.0,2.0,100.0,25.0
4903.0,2.0,20.0,2.0,100.0,25.0
4904.0,3.0,20.0,2.0,100.0,33.333332
4905.0,5.0,20.0,2.0,100.0,6.6666665
4906.0,10.0,20.0,2.0,100.0,16.666666
4907.0,20.0,20.0,2.0,100.0,8.333333
4908.0,40.0,20.0,2.0,100.0,5.263158
4909.0,49.0,20.0,2.0,100.0,6.6666665
4910.0,0.0,20.0,2.0,100.0,100.0
4911.0,0.5,20.0,2.0,100.0,33.333332
4912.0,1.0,20.0,2.0,100.0,33.333332
4913.0,2.0,20.0,2.0,100.0,50.0
4914.0,3.0,20.0,2.0,100.0,10.0
4915.0,5.0,20.0,2.0,100.0,11.111111
4916.0,10.0,20.0,2.0,100.0,11.111111
4917.0,20.0,20.0,2.0,100.0,5.5555553
4918.0,40.0,20.0,2.0,100.0,4.5454545
4919.0,49.0,20.0,2.0,100.0,5.263158
4920.0,0.0,20.0,2.0,100.0,100.0
4921.0,0.5,20.0,2.0,100.0,100.0
4922.0,1.0,20.0,2.0,100.0,33.333332
4923.0,2.0,20.0,2.0,100.0,33.333332
4924.0,3.0,20.0,2.0,100.0,20.0
4925.0,5.0,20.0,2.0,100.0,11.111111
4926.0,10.0,20.0,2.0,100.0,11.111111
4927.0,20.0,20.0,2.0,100.0,7.6923075
4928.0,40.0,20.0,2.0,100.0,4.7619047
4929.0,49.0,20.0,2.0,100.0,4.7619047
4930.0,0.0,20.0,2.0,100.0,100.0
4931.0,0.5,20.0,2.0,100.0,100.0
4932.0,1.0,20.0,2.0,100.0,33.333332
4933.0,2.0,20.0,2.0,100.0,5.263158
4934.0,3.0,20.0,2.0,100.0,7.142857
4935.0,5.0,20.0,2.0,100.0,20.0
4936.0,10.0,20.0,2.0,100.0,4.5454545
4937.0,20.0,20.0,2.0,100.0,5.263158
4938.0,40.0,20.0,2.0,100.0,5.882353
4939.0,49.0,20.0,2.0,100.0,4.7619047
4940.0,0.0,20.0,2.0,100.0,100.0
4941.0,0.5,20.0,2.0,100.0,100.0
4942.0,1.0,20.0,2.0,100.0,14.285714
4943.0,2.0,20.0,2.0,100.0,6.6666665
4944.0,3.0,20.0,2.0,100.0,7.142857
4945.0,5.0,20.0,2.0,100.0,5.5555553
4946.0,10.0,20.0,2.0,100.0,6.25
4947.0,20.0,20.0,2.0,100.0,6.25
4948.0,40.0,20.0,2.0,100.0,5.882353
4949.0,49.0,20.0,2.0,100.0,4.7619047
4950.0,0.0,20.0,2.0,100.0,100.0
4951.0,0.5,20.0,2.0,100.0,33.333332
4952.0,1.0,20.0,2.0,100.0,33.333332
4953.0,2.0,20.0,2.0,100.0,33.333332
4954.0,3.0,20.0,2.0,100.0,16.666666
4955.0,5.0,20.0,2.0,100.0,12.5
4956.0,10.0,20.0,2.0,100.0,11.111111
4957.0,20.0,20.0,2.0,100.0,5.5555553
4958.0,40.0,20.0,2.0,100.0,4.7619047
4959.0,49.0,20.0,2.0,100.0,4.7619047
4960.0,0.0,20.0,2.0,100.0,100.0
4961.0,0.5,20.0,2.0,100.0,100.0
4962.0,1.0,20.0,2.0,100.0,100.0
4963.0,2.0,20.0,2.0,100.0,33.333332
4964.0,3.0,20.0,2.0,100.0,33.333332
4965.0,5.0,20.0,2.0,100.0,4.347826
4966.0,10.0,20.0,2.0,100.0,5.882353
4967.0,20.0,20.0,2.0,100.0,5.5555553
4968.0,40.0,20.0,2.0,100.0,5.263158
4969.0,49.0,20.0,2.0,100.0,4.7619047
4970.0,0.0,20.0,2.0,100.0,100.0
4971.0,0.5,20.0,2.0,100.0,33.333332
4972.0,1.0,20.0,2.0,100.0,25.0
4973.0,2.0,20.0,2.0,100.0,33.333332
4974.0,3.0,20.0,2.0,100.0,10.0
4975.0,5.0,20.0,2.0,100.0,12.5
4976.0,10.0,20.0,2.0,100.0,4.7619047
4977.0,20.0,20.0,2.0,100.0,4.347826
4978.0,40.0,20.0,2.0,100.0,5.263158
4979.0,49.0,20.0,2.0,100.0,6.6666665
4980.0,0.0,20.0,2.0,100.0,100.0
4981.0,0.5,20.0,2.0,100.0,100.0
4982.0,1.0,20.0,2.0,100.0,33.333332
4983.0,2.0,20.0,2.0,100.0,20.0
4984.0,3.0,20.0,2.0,100.0,20.0
4985.0,5.0,20.0,2.0,100.0,6.6666665
4986.0,10.0,20.0,2.0,100.0,11.111111
4987.0,20.0,20.0,2.0,100.0,5.882353
4988.0,40.0,20.0,2.0,100.0,4.0
4989.0,49.0,20.0,2.0,100.0,5.882353
4990.0,0.0,20.0,2.0,100.0,100.0
4991.0,0.5,20.0,2.0,100.0,100.0
4992.0,1.0,20.0,2.0,100.0,100.0
4993.0,2.0,20.0,2.0,100.0,33.333332
4994.0,3.0,20.0,2.0,100.0,5.882353
4995.0,5.0,20.0,2.0,100.0,14.285714
4996.0,10.0,20.0,2.0,100.0,9.090909
4997.0,20.0,20.0,2.0,100.0,6.25
4998.0,40.0,20.0,2.0,100.0,5.882353
4999.0,49.0,20.0,2.0,100.0,5.263158
