Factor 1,Factor 2,Factor 3,Factor 4,Factor 5,Result 1
0.0,0.0,20.0,2.0,100.0,100.0
1.0,0.5,20.0,2.0,100.0,33.333332
2.0,1.0,20.0,2.0,100.0,100.0
3.0,2.0,20.0,2.0,100.0,14.285714
4.0,3.0,20.0,2.0,100.0,33.333332
5.0,5.0,20.0,2.0,100.0,10.0
6.0,10.0,20.0,2.0,100.0,12.5
7.0,20.0,20.0,2.0,100.0,5.263158
8.0,40.0,20.0,2.0,100.0,6.25
9.0,49.0,20.0,2.0,100.0,5.882353
10.0,0.0,20.0,2.0,100.0,100.0
11.0,0.5,20.0,2.0,100.0,33.333332
12.0,1.0,20.0,2.0,100.0,7.6923075
13.0,2.0,20.0,2.0,100.0,100.0
14.0,3.0,20.0,2.0,100.0,20.0
15.0,5.0,20.0,2.0,100.0,6.6666665
16.0,10.0,20.0,2.0,100.0,12.5
17.0,20.0,20.0,2.0,100.0,7.6923075
18.0,40.0,20.0,2.0,100.0,5.263158
19.0,49.0,20.0,2.0,100.0,5.263158
20.0,0.0,20.0,2.0,100.0,100.0
21.0,0.5,20.0,2.0,100.0,33.333332
22.0,1.0,20.0,2.0,100.0,100.0
23.0,2.0,20.0,2.0,100.0,16.666666
24.0,3.0,20.0,2.0,100.0,25.0
25.0,5.0,20.0,2.0,100.0,16.666666
26.0,10.0,20.0,2.0,100.0,5.5555553
27.0,20.0,20.0,2.0,100.0,5.5555553
28.0,40.0,20.0,2.0,100.0,4.7619047
29.0,49.0,20.0,2.0,100.0,5.882353
30.0,0.0,20.0,2.0,100.0,100.0
31.0,0.5,20.0,2.0,100.0,33.333332
32.0,1.0,20.0,2.0,100.0,33.333332
33.0,2.0,20.0,2.0,100.0,100.0
34.0,3.0,20.0,2.0,100.0,25.0
35.0,5.0,20.0,2.0,100.0,33.333332
36.0,10.0,20.0,2.0,100.0,11.111111
37.0,20.0,20.0,2.0,100.0,7.142857
38.0,40.0,20.0,2.0,100.0,4.7619047
39.0,49.0,20.0,2.0,100.0,4.7619047
40.0,0.0,20.0,2.0,100.0,100.0
41.0,0.5,20.0,2.0,100.0,100.0
42.0,1.0,20.0,2.0,100.0,25.0
43.0,2.0,20.0,2.0,100.0,33.333332
44.0,3.0,20.0,2.0,100.0,8.333333
45.0,5.0,20.0,2.0,100.0,12.5
46.0,10.0,20.0,2.0,100.0,8.333333
47.0,20.0,20.0,2.0,100.0,7.142857
48.0,40.0,20.0,2.0,100.0,5.0
49.0,49.0,20.0,2.0,100.0,4.0
50.0,0.0,20.0,2.0,100.0,100.0
51.0,0.5,20.0,2.0,100.0,33.333332
52.0,1.0,20.0,2.0,100.0,33.333332
53.0,2.0,20.0,2.0,100.0,12.5
54.0,3.0,20.0,2.0,100.0,25.0
55.0,5.0,20.0,2.0,100.0,8.333333
56.0,10.0,20.0,2.0,100.0,11.111111
57.0,20.0,20.0,2.0,100.0,5.882353
58.0,40.0,20.0,2.0,100.0,5.882353
59.0,49.0,20.0,2.0,100.0,4.7619047
60.0,0.0,20.0,2.0,100.0,100.0
61.0,0.5,20.0,2.0,100.0,100.0
62.0,1.0,20.0,2.0,100.0,9.090909
63.0,2.0,20.0,2.0,100.0,100.0
64.0,3.0,20.0,2.0,100.0,14.285714
65.0,5.0,20.0,2.0,100.0,25.0
66.0,10.0,20.0,2.0,100.0,9.090909
67.0,20.0,20.0,2.0,100.0,7.142857
68.0,40.0,20.0,2.0,100.0,3.8461537
69.0,49.0,20.0,2.0,100.0,5.263158
70.0,0.0,20.0,2.0,100.0,100.0
71.0,0.5,20.0,2.0,100.0,33.333332
72.0,1.0,20.0,2.0,100.0,33.333332
73.0,2.0,20.0,2.0,100.0,11.111111
74.0,3.0,20.0,2.0,100.0,33.333332
75.0,5.0,20.0,2.0,100.0,7.142857
76.0,10.0,20.0,2.0,100.0,7.6923075
77.0,20.0,20.0,2.0,100.0,6.25
78.0,40.0,20.0,2.0,100.0,4.347826
79.0,49.0,20.0,2.0,100.0,5.882353
80.0,0.0,20.0,2.0,100.0,100.0
81.0,0.5,20.0,2.0,100.0,33.333332
82.0,1.0,20.0,2.0,100.0,33.333332
83.0,2.0,20.0,2.0,100.0,33.333332
84.0,3.0,20.0,2.0,100.0,20.0
85.0,5.0,20.0,2.0,100.0,11.111111
86.0,10.0,20.0,2.0,100.0,5.5555553
87.0,20.0,20.0,2.0,100.0,5.882353
88.0,40.0,20.0,2.0,100.0,5.0
89.0,49.0,20.0,2.0,100.0,4.347826
90.0,0.0,20.0,2.0,100.0,100.0
91.0,0.5,20.0,2.0,100.0,100.0
92.0,1.0,20.0,2.0,100.0,50.0
93.0,2.0,20.0,2.0,100.0,25.0
94.0,3.0,20.0,2.0,100.0,33.333332
95.0,5.0,20.0,2.0,100.0,20.0
96.0,10.0,20.0,2.0,100.0,8.333333
97.0,20.0,20.0,2.0,100.0,6.25
98.0,40.0,20.0,2.0,100.0,4.347826
99.0,49.0,20.0,2.0,100.0,4.347826
100.0,0.0,20.0,2.0,100.0,100.0
101.0,0.5,20.0,2.0,100.0,100.0
102.0,1.0,20.0,2.0,100.0,9.090909
103.0,2.0,20.0,2.0,100.0,33.333332
104.0,3.0,20.0,2.0,100.0,9.090909
105.0,5.0,20.0,2.0,100.0,16.666666
106.0,10.0,20.0,2.0,100.0,7.6923075
107.0,20.0,20.0,2.0,100.0,6.25
108.0,40.0,20.0,2.0,100.0,5.5555553
109.0,49.0,20.0,2.0,100.0,5.5555553
110.0,0.0,20.0,2.0,100.0,100.0
111.0,0.5,20.0,2.0,100.0,100.0
112.0,1.0,20.0,2.0,100.0,33.333332
113.0,2.0,20.0,2.0,100.0,20.0
114.0,3.0,20.0,2.0,100.0,33.333332
115.0,5.0,20.0,2.0,100.0,11.111111
116.0,10.0,20.0,2.0,100.0,14.285714
117.0,20.0,20.0,2.0,100.0,5.263158
118.0,40.0,20.0,2.0,100.0,5.263158
119.0,49.0,20.0,2.0,100.0,5.263158
120.0,0.0,20.0,2.0,100.0,100.0
121.0,0.5,20.0,2.0,100.0,7.6923075
122.0,1.0,20.0,2.0,100.0,100.0
123.0,2.0,20.0,2.0,100.0,33.333332
124.0,3.0,20.0,2.0,100.0,9.090909
125.0,5.0,20.0,2.0,100.0,14.285714
126.0,10.0,20.0,2.0,100.0,7.142857
127.0,20.0,20.0,2.0,100.0,6.6666665
128.0,40.0,20.0,2.0,100.0,4.7619047
129.0,49.0,20.0,2.0,100.0,5.263158
130.0,0.0,20.0,2.0,100.0,100.0
131.0,0.5,20.0,2.0,100.0,100.0
132.0,1.0,20.0,2.0,100.0,33.333332
133.0,2.0,20.0,2.0,100.0,33.333332
134.0,3.0,20.0,2.0,100.0,33.333332
135.0,5.0,20.0,2.0,100.0,9.090909
136.0,10.0,20.0,2.0,100.0,9.090909
137.0,20.0,20.0,2.0,100.0,4.7619047
138.0,40.0,20.0,2.0,100.0,4.7619047
139.0,49.0,20.0,2.0,100.0,5.263158
140.0,0.0,20.0,2.0,100.0,100.0
141.0,0.5,20.0,2.0,100.0,100.0
142.0,1.0,20.0,2.0,100.0,100.0
143.0,2.0,20.0,2.0,100.0,33.333332
144.0,3.0,20.0,2.0,100.0,10.0
145.0,5.0,20.0,2.0,100.0,11.111111
146.0,10.0,20.0,2.0,100.0,8.333333
147.0,20.0,20.0,2.0,100.0,5.263158
148.0,40.0,20.0,2.0,100.0,6.6666665
149.0,49.0,20.0,2.0,100.0,5.263158
150.0,0.0,20.0,2.0,100.0,100.0
151.0,0.5,20.0,2.0,100.0,100.0
152.0,1.0,20.0,2.0,100.0,33.333332
153.0,2.0,20.0,2.0,100.0,25.0
154.0,3.0,20.0,2.0,100.0,50.0
155.0,5.0,20.0,2.0,100.0,5.263158
156.0,10.0,20.0,2.0,100.0,5.882353
157.0,20.0,20.0,2.0,100.0,7.142857
158.0,40.0,20.0,2.0,100.0,5.5555553
159.0,49.0,20.0,2.0,100.0,4.5454545
160.0,0.0,20.0,2.0,100.0,100.0
161.0,0.5,20.0,2.0,100.0,33.333332
162.0,1.0,20.0,2.0,100.0,33.333332
163.0,2.0,20.0,2.0,100.0,25.0
164.0,3.0,20.0,2.0,100.0,25.0
165.0,5.0,20.0,2.0,100.0,11.111111
166.0,10.0,20.0,2.0,100.0,7.142857
167.0,20.0,20.0,2.0,100.0,5.882353
168.0,40.0,20.0,2.0,100.0,5.263158
169.0,49.0,20.0,2.0,100.0,4.7619047
170.0,0.0,20.0,2.0,100.0,100.0
171.0,0.5,20.0,2.0,100.0,33.333332
172.0,1.0,20.0,2.0,100.0,33.333332
173.0,2.0,20.0,2.0,100.0,9.090909
174.0,3.0,20.0,2.0,100.0,11.111111
175.0,5.0,20.0,2.0,100.0,12.5
176.0,10.0,20.0,2.0,100.0,9.090909
177.0,20.0,20.0,2.0,100.0,5.882353
178.0,40.0,20.0,2.0,100.0,5.882353
179.0,49.0,20.0,2.0,100.0,4.7619047
180.0,0.0,20.0,2.0,100.0,100.0
181.0,0.5,20.0,2.0,100.0,100.0
182.0,1.0,20.0,2.0,100.0,33.333332
183.0,2.0,20.0,2.0,100.0,6.25
184.0,3.0,20.0,2.0,100.0,7.142857
185.0,5.0,20.0,2.0,100.0,20.0
186.0,10.0,20.0,2.0,100.0,5.882353
187.0,20.0,20.0,2.0,100.0,5.5555553
188.0,40.0,20.0,2.0,100.0,4.5454545
189.0,49.0,20.0,2.0,100.0,4.347826
190.0,0.0,20.0,2.0,100.0,100.0
191.0,0.5,20.0,2.0,100.0,33.333332
192.0,1.0,20.0,2.0,100.0,50.0
193.0,2.0,20.0,2.0,100.0,25.0
194.0,3.0,20.0,2.0,100.0,7.142857
195.0,5.0,20.0,2.0,100.0,11.111111
196.0,10.0,20.0,2.0,100.0,9.090909
197.0,20.0,20.0,2.0,100.0,5.0
198.0,40.0,20.0,2.0,100.0,5.882353
199.0,49.0,20.0,2.0,100.0,5.882353
200.0,0.0,20.0,2.0,100.0,100.0
201.0,0.5,20.0,2.0,100.0,100.0
202.0,1.0,20.0,2.0,100.0,33.333332
203.0,2.0,20.0,2.0,100.0,11.111111
204.0,3.0,20.0,2.0,100.0,7.6923075
205.0,5.0,20.0,2.0,100.0,25.0
206.0,10.0,20.0,2.0,100.0,14.285714
207.0,20.0,20.0,2.0,100.0,7.6923075
208.0,40.0,20.0,2.0,100.0,4.7619047
209.0,49.0,20.0,2.0,100.0,4.7619047
210.0,0.0,20.0,2.0,100.0,100.0
211.0,0.5,20.0,2.0,100.0,33.333332
212.0,1.0,20.0,2.0,100.0,33.333332
213.0,2.0,20.0,2.0,100.0,33.333332
214.0,3.0,20.0,2.0,100.0,16.666666
215.0,5.0,20.0,2.0,100.0,9.090909
216.0,10.0,20.0,2.0,100.0,9.090909
217.0,20.0,20.0,2.0,100.0,5.263158
218.0,40.0,20.0,2.0,100.0,5.263158
219.0,49.0,20.0,2.0,100.0,4.7619047
220.0,0.0,20.0,2.0,100.0,100.0
221.0,0.5,20.0,2.0,100.0,33.333332
222.0,1.0,20.0,2.0,100.0,33.333332
223.0,2.0,20.0,2.0,100.0,33.333332
224.0,3.0,20.0,2.0,100.0,11.111111
225.0,5.0,20.0,2.0,100.0,14.285714
226.0,10.0,20.0,2.0,100.0,5.5555553
227.0,20.0,20.0,2.0,100.0,5.882353
228.0,40.0,20.0,2.0,100.0,6.25
229.0,49.0,20.0,2.0,100.0,4.347826
230.0,0.0,20.0,2.0,100.0,100.0
231.0,0.5,20.0,2.0,100.0,8.333333
232.0,1.0,20.0,2.0,100.0,33.333332
233.0,2.0,20.0,2.0,100.0,10.0
234.0,3.0,20.0,2.0,100.0,7.142857
235.0,5.0,20.0,2.0,100.0,14.285714
236.0,10.0,20.0,2.0,100.0,9.090909
237.0,20.0,20.0,2.0,100.0,4.5454545
238.0,40.0,20.0,2.0,100.0,8.333333
239.0,49.0,20.0,2.0,100.0,5.882353
240.0,0.0,20.0,2.0,100.0,100.0
241.0,0.5,20.0,2.0,100.0,33.333332
242.0,1.0,20.0,2.0,100.0,100.0
243.0,2.0,20.0,2.0,100.0,100.0
244.0,3.0,20.0,2.0,100.0,33.333332
245.0,5.0,20.0,2.0,100.0,100.0
246.0,10.0,20.0,2.0,100.0,11.111111
247.0,20.0,20.0,2.0,100.0,7.6923075
248.0,40.0,20.0,2.0,100.0,4.7619047
249.0,49.0,20.0,2.0,100.0,5.263158
250.0,0.0,20.0,2.0,100.0,100.0
251.0,0.5,20.0,2.0,100.0,100.0
252.0,1.0,20.0,2.0,100.0,25.0
253.0,2.0,20.0,2.0,100.0,20.0
254.0,3.0,20.0,2.0,100.0,20.0
255.0,5.0,20.0,2.0,100.0,10.0
256.0,10.0,20.0,2.0,100.0,4.5454545
257.0,20.0,20.0,2.0,100.0,8.333333
258.0,40.0,20.0,2.0,100.0,5.263158
259.0,49.0,20.0,2.0,100.0,4.347826
260.0,0.0,20.0,2.0,100.0,100.0
261.0,0.5,20.0,2.0,100.0,100.0
262.0,1.0,20.0,2.0,100.0,7.6923075
263.0,2.0,20.0,2.0,100.0,33.333332
264.0,3.0,20.0,2.0,100.0,25.0
265.0,5.0,20.0,2.0,100.0,25.0
266.0,10.0,20.0,2.0,100.0,12.5
267.0,20.0,20.0,2.0,100.0,5.882353
268.0,40.0,20.0,2.0,100.0,4.7619047
269.0,49.0,20.0,2.0,100.0,4.7619047
270.0,0.0,20.0,2.0,100.0,14.285714
271.0,0.5,20.0,2.0,100.0,33.333332
272.0,1.0,20.0,2.0,100.0,100.0
273.0,2.0,20.0,2.0,100.0,5.263158
274.0,3.0,20.0,2.0,100.0,33.333332
275.0,5.0,20.0,2.0,100.0,9.090909
276.0,10.0,20.0,2.0,100.0,10.0
277.0,20.0,20.0,2.0,100.0,6.25
278.0,40.0,20.0,2.0,100.0,5.882353
279.0,49.0,20.0,2.0,100.0,4.7619047
280.0,0.0,20.0,2.0,100.0,100.0
281.0,0.5,20.0,2.0,100.0,100.0
282.0,1.0,20.0,2.0,100.0,33.333332
283.0,2.0,20.0,2.0,100.0,33.333332
284.0,3.0,20.0,2.0,100.0,20.0
285.0,5.0,20.0,2.0,100.0,16.666666
286.0,10.0,20.0,2.0,100.0,6.6666665
287.0,20.0,20.0,2.0,100.0,5.882353
288.0,40.0,20.0,2.0,100.0,4.7619047
289.0,49.0,20.0,2.0,100.0,5.263158
290.0,0.0,20.0,2.0,100.0,100.0
291.0,0.5,20.0,2.0,100.0,33.333332
292.0,1.0,20.0,2.0,100.0,33.333332
293.0,2.0,20.0,2.0,100.0,7.142857
294.0,3.0,20.0,2.0,100.0,7.6923075
295.0,5.0,20.0,2.0,100.0,8.333333
296.0,10.0,20.0,2.0,100.0,9.090909
297.0,20.0,20.0,2.0,100.0,5.882353
298.0,40.0,20.0,2.0,100.0,4.1666665
299.0,49.0,20.0,2.0,100.0,4.347826
300.0,0.0,20.0,2.0,100.0,100.0
301.0,0.5,20.0,2.0,100.0,33.333332
302.0,1.0,20.0,2.0,100.0,100.0
303.0,2.0,20.0,2.0,100.0,33.333332
304.0,3.0,20.0,2.0,100.0,7.6923075
305.0,5.0,20.0,2.0,100.0,16.666666
306.0,10.0,20.0,2.0,100.0,7.142857
307.0,20.0,20.0,2.0,100.0,5.0
308.0,40.0,20.0,2.0,100.0,5.263158
309.0,49.0,20.0,2.0,100.0,5.882353
310.0,0.0,20.0,2.0,100.0,100.0
311.0,0.5,20.0,2.0,100.0,33.333332
312.0,1.0,20.0,2.0,100.0,25.0
313.0,2.0,20.0,2.0,100.0,33.333332
314.0,3.0,20.0,2.0,100.0,12.5
315.0,5.0,20.0,2.0,100.0,9.090909
316.0,10.0,20.0,2.0,100.0,8.333333
317.0,20.0,20.0,2.0,100.0,6.25
318.0,40.0,20.0,2.0,100.0,5.263158
319.0,49.0,20.0,2.0,100.0,4.347826
320.0,0.0,20.0,2.0,100.0,100.0
321.0,0.5,20.0,2.0,100.0,33.333332
322.0,1.0,20.0,2.0,100.0,33.333332
323.0,2.0,20.0,2.0,100.0,25.0
324.0,3.0,20.0,2.0,100.0,33.333332
325.0,5.0,20.0,2.0,100.0,6.6666665
326.0,10.0,20.0,2.0,100.0,7.142857
327.0,20.0,20.0,2.0,100.0,5.263158
328.0,40.0,20.0,2.0,100.0,6.25
329.0,49.0,20.0,2.0,100.0,4.347826
330.0,0.0,20.0,2.0,100.0,100.0
331.0,0.5,20.0,2.0,100.0,100.0
332.0,1.0,20.0,2.0,100.0,7.6923075
333.0,2.0,20.0,2.0,100.0,33.333332
334.0,3.0,20.0,2.0,100.0,7.142857
335.0,5.0,20.0,2.0,100.0,20.0
336.0,10.0,20.0,2.0,100.0,14.285714
337.0,20.0,20.0,2.0,100.0,5.0
338.0,40.0,20.0,2.0,100.0,5.263158
339.0,49.0,20.0,2.0,100.0,5.263158
340.0,0.0,20.0,2.0,100.0,11.111111
341.0,0.5,20.0,2.0,100.0,100.0
342.0,1.0,20.0,2.0,100.0,12.5
343.0,2.0,20.0,2.0,100.0,33.333332
344.0,3.0,20.0,2.0,100.0,33.333332
345.0,5.0,20.0,2.0,100.0,12.5
346.0,10.0,20.0,2.0,100.0,6.25
347.0,20.0,20.0,2.0,100.0,7.6923075
348.0,40.0,20.0,2.0,100.0,5.882353
349.0,49.0,20.0,2.0,100.0,5.263158
350.0,0.0,20.0,2.0,100.0,100.0
351.0,0.5,20.0,2.0,100.0,14.285714
352.0,1.0,20.0,2.0,100.0,100.0
353.0,2.0,20.0,2.0,100.0,20.0
354.0,3.0,20.0,2.0,100.0,16.666666
355.0,5.0,20.0,2.0,100.0,5.263158
356.0,10.0,20.0,2.0,100.0,7.6923075
357.0,20.0,20.0,2.0,100.0,6.25
358.0,40.0,20.0,2.0,100.0,4.347826
359.0,49.0,20.0,2.0,100.0,3.8461537
360.0,0.0,20.0,2.0,100.0,100.0
361.0,0.5,20.0,2.0,100.0,33.333332
362.0,1.0,20.0,2.0,100.0,100.0
363.0,2.0,20.0,2.0,100.0,7.6923075
364.0,3.0,20.0,2.0,100.0,33.333332
365.0,5.0,20.0,2.0,100.0,7.142857
366.0,10.0,20.0,2.0,100.0,4.7619047
367.0,20.0,20.0,2.0,100.0,5.0
368.0,40.0,20.0,2.0,100.0,5.0
369.0,49.0,20.0,2.0,100.0,4.7619047
370.0,0.0,20.0,2.0,100.0,100.0
371.0,0.5,20.0,2.0,100.0,100.0
372.0,1.0,20.0,2.0,100.0,33.333332
373.0,2.0,20.0,2.0,100.0,25.0
374.0,3.0,20.0,2.0,100.0,16.666666
375.0,5.0,20.0,2.0,100.0,7.142857
376.0,10.0,20.0,2.0,100.0,9.090909
377.0,20.0,20.0,2.0,100.0,5.0
378.0,40.0,20.0,2.0,100.0,4.7619047
379.0,49.0,20.0,2.0,100.0,6.25
380.0,0.0,20.0,2.0,100.0,100.0
381.0,0.5,20.0,2.0,100.0,5.263158
382.0,1.0,20.0,2.0,100.0,33.333332
383.0,2.0,20.0,2.0,100.0,33.333332
384.0,3.0,20.0,2.0,100.0,6.6666665
385.0,5.0,20.0,2.0,100.0,16.666666
386.0,10.0,20.0,2.0,100.0,7.142857
387.0,20.0,20.0,2.0,100.0,5.882353
388.0,40.0,20.0,2.0,100.0,4.0
389.0,49.0,20.0,2.0,100.0,5.263158
390.0,0.0,20.0,2.0,100.0,100.0
391.0,0.5,20.0,2.0,100.0,100.0
392.0,1.0,20.0,2.0,100.0,100.0
393.0,2.0,20.0,2.0,100.0,10.0
394.0,3.0,20.0,2.0,100.0,16.666666
395.0,5.0,20.0,2.0,100.0,5.0
396.0,10.0,20.0,2.0,100.0,8.333333
397.0,20.0,20.0,2.0,100.0,6.25
398.0,40.0,20.0,2.0,100.0,5.263158
399.0,49.0,20.0,2.0,100.0,5.0
400.0,0.0,20.0,2.0,100.0,100.0
401.0,0.5,20.0,2.0,100.0,100.0
402.0,1.0,20.0,2.0,100.0,100.0
403.0,2.0,20.0,2.0,100.0,14.285714
404.0,3.0,20.0,2.0,100.0,33.333332
405.0,5.0,20.0,2.0,100.0,33.333332
406.0,10.0,20.0,2.0,100.0,9.090909
407.0,20.0,20.0,2.0,100.0,5.263158
408.0,40.0,20.0,2.0,100.0,5.263158
409.0,49.0,20.0,2.0,100.0,5.882353
410.0,0.0,20.0,2.0,100.0,100.0
411.0,0.5,20.0,2.0,100.0,100.0
412.0,1.0,20.0,2.0,100.0,4.7619047
413.0,2.0,20.0,2.0,100.0,33.333332
414.0,3.0,20.0,2.0,100.0,20.0
415.0,5.0,20.0,2.0,100.0,11.111111
416.0,10.0,20.0,2.0,100.0,5.5555553
417.0,20.0,20.0,2.0,100.0,7.6923075
418.0,40.0,20.0,2.0,100.0,5.882353
419.0,49.0,20.0,2.0,100.0,4.7619047
420.0,0.0,20.0,2.0,100.0,100.0
421.0,0.5,20.0,2.0,100.0,100.0
422.0,1.0,20.0,2.0,100.0,20.0
423.0,2.0,20.0,2.0,100.0,50.0
424.0,3.0,20.0,2.0,100.0,25.0
425.0,5.0,20.0,2.0,100.0,7.142857
426.0,10.0,20.0,2.0,100.0,6.6666665
427.0,20.0,20.0,2.0,100.0,5.0
428.0,40.0,20.0,2.0,100.0,4.5454545
429.0,49.0,20.0,2.0,100.0,4.7619047
430.0,0.0,20.0,2.0,100.0,100.0
431.0,0.5,20.0,2.0,100.0,100.0
432.0,1.0,20.0,2.0,100.0,6.25
433.0,2.0,20.0,2.0,100.0,20.0
434.0,3.0,20.0,2.0,100.0,25.0
435.0,5.0,20.0,2.0,100.0,5.5555553
436.0,10.0,20.0,2.0,100.0,6.6666665
437.0,20.0,20.0,2.0,100.0,5.263158
438.0,40.0,20.0,2.0,100.0,6.25
439.0,49.0,20.0,2.0,100.0,4.7619047
440.0,0.0,20.0,2.0,100.0,100.0
441.0,0.5,20.0,2.0,100.0,33.333332
442.0,1.0,20.0,2.0,100.0,33.333332
443.0,2.0,20.0,2.0,100.0,100.0
444.0,3.0,20.0,2.0,100.0,20.0
445.0,5.0,20.0,2.0,100.0,11.111111
446.0,10.0,20.0,2.0,100.0,9.090909
447.0,20.0,20.0,2.0,100.0,6.25
448.0,40.0,20.0,2.0,100.0,5.263158
449.0,49.0,20.0,2.0,100.0,4.7619047
450.0,0.0,20.0,2.0,100.0,100.0
451.0,0.5,20.0,2.0,100.0,33.333332
452.0,1.0,20.0,2.0,100.0,50.0
453.0,2.0,20.0,2.0,100.0,33.333332
454.0,3.0,20.0,2.0,100.0,50.0
455.0,5.0,20.0,2.0,100.0,9.090909
456.0,10.0,20.0,2.0,100.0,7.142857
457.0,20.0,20.0,2.0,100.0,5.0
458.0,40.0,20.0,2.0,100.0,5.263158
459.0,49.0,20.0,2.0,100.0,5.263158
460.0,0.0,20.0,2.0,100.0,100.0
461.0,0.5,20.0,2.0,100.0,100.0
462.0,1.0,20.0,2.0,100.0,33.333332
463.0,2.0,20.0,2.0,100.0,33.333332
464.0,3.0,20.0,2.0,100.0,25.0
465.0,5.0,20.0,2.0,100.0,20.0
466.0,10.0,20.0,2.0,100.0,11.111111
467.0,20.0,20.0,2.0,100.0,5.263158
468.0,40.0,20.0,2.0,100.0,5.263158
469.0,49.0,20.0,2.0,100.0,5.882353
470.0,0.0,20.0,2.0,100.0,100.0
471.0,0.5,20.0,2.0,100.0,33.333332
472.0,1.0,20.0,2.0,100.0,33.333332
473.0,2.0,20.0,2.0,100.0,25.0
474.0,3.0,20.0,2.0,100.0,33.333332
475.0,5.0,20.0,2.0,100.0,16.666666
476.0,10.0,20.0,2.0,100.0,12.5
477.0,20.0,20.0,2.0,100.0,5.263158
478.0,40.0,20.0,2.0,100.0,5.5555553
479.0,49.0,20.0,2.0,100.0,5.882353
480.0,0.0,20.0,2.0,100.0,100.0
481.0,0.5,20.0,2.0,100.0,14.285714
482.0,1.0,20.0,2.0,100.0,100.0
483.0,2.0,20.0,2.0,100.0,6.6666665
484.0,3.0,20.0,2.0,100.0,33.333332
485.0,5.0,20.0,2.0,100.0,8.333333
486.0,10.0,20.0,2.0,100.0,7.6923075
487.0,20.0,20.0,2.0,100.0,5.882353
488.0,40.0,20.0,2.0,100.0,5.263158
489.0,49.0,20.0,2.0,100.0,6.6666665
490.0,0.0,20.0,2.0,100.0,100.0
491.0,0.5,20.0,2.0,100.0,33.333332
492.0,1.0,20.0,2.0,100.0,33.333332
493.0,2.0,20.0,2.0,100.0,33.333332
494.0,3.0,20.0,2.0,100.0,20.0
495.0,5.0,20.0,2.0,100.0,9.090909
496.0,10.0,20.0,2.0,100.0,6.25
497.0,20.0,20.0,2.0,100.0,6.6666665
498.0,40.0,20.0,2.0,100.0,5.882353
499.0,49.0,20.0,2.0,100.0,5.0
500.0,0.0,20.0,2.0,100.0,100.0
501.0,0.5,20.0,2.0,100.0,33.333332
502.0,1.0,20.0,2.0,100.0,100.0
503.0,2.0,20.0,2.0,100.0,25.0
504.0,3.0,20.0,2.0,100.0,16.666666
505.0,5.0,20.0,2.0,100.0,8.333333
506.0,10.0,20.0,2.0,100.0,11.111111
507.0,20.0,20.0,2.0,100.0,6.6666665
508.0,40.0,20.0,2.0,100.0,5.882353
509.0,49.0,20.0,2.0,100.0,5.0
510.0,0.0,20.0,2.0,100.0,20.0
511.0,0.5,20.0,2.0,100.0,100.0
512.0,1.0,20.0,2.0,100.0,100.0
513.0,2.0,20.0,2.0,100.0,14.285714
514.0,3.0,20.0,2.0,100.0,33.333332
515.0,5.0,20.0,2.0,100.0,20.0
516.0,10.0,20.0,2.0,100.0,9.090909
517.0,20.0,20.0,2.0,100.0,6.25
518.0,40.0,20.0,2.0,100.0,4.7619047
519.0,49.0,20.0,2.0,100.0,5.0
520.0,0.0,20.0,2.0,100.0,100.0
521.0,0.5,20.0,2.0,100.0,33.333332
522.0,1.0,20.0,2.0,100.0,33.333332
523.0,2.0,20.0,2.0,100.0,8.333333
524.0,3.0,20.0,2.0,100.0,25.0
525.0,5.0,20.0,2.0,100.0,7.6923075
526.0,10.0,20.0,2.0,100.0,11.111111
527.0,20.0,20.0,2.0,100.0,5.882353
528.0,40.0,20.0,2.0,100.0,4.7619047
529.0,49.0,20.0,2.0,100.0,5.882353
530.0,0.0,20.0,2.0,100.0,20.0
531.0,0.5,20.0,2.0,100.0,100.0
532.0,1.0,20.0,2.0,100.0,33.333332
533.0,2.0,20.0,2.0,100.0,8.333333
534.0,3.0,20.0,2.0,100.0,33.333332
535.0,5.0,20.0,2.0,100.0,25.0
536.0,10.0,20.0,2.0,100.0,6.25
537.0,20.0,20.0,2.0,100.0,7.142857
538.0,40.0,20.0,2.0,100.0,5.882353
539.0,49.0,20.0,2.0,100.0,4.347826
540.0,0.0,20.0,2.0,100.0,100.0
541.0,0.5,20.0,2.0,100.0,100.0
542.0,1.0,20.0,2.0,100.0,33.333332
543.0,2.0,20.0,2.0,100.0,14.285714
544.0,3.0,20.0,2.0,100.0,33.333332
545.0,5.0,20.0,2.0,100.0,6.25
546.0,10.0,20.0,2.0,100.0,8.333333
547.0,20.0,20.0,2.0,100.0,7.142857
548.0,40.0,20.0,2.0,100.0,4.7619047
549.0,49.0,20.0,2.0,100.0,4.7619047
550.0,0.0,20.0,2.0,100.0,100.0
551.0,0.5,20.0,2.0,100.0,100.0
552.0,1.0,20.0,2.0,100.0,33.333332
553.0,2.0,20.0,2.0,100.0,33.333332
554.0,3.0,20.0,2.0,100.0,25.0
555.0,5.0,20.0,2.0,100.0,6.25
556.0,10.0,20.0,2.0,100.0,10.0
557.0,20.0,20.0,2.0,100.0,5.5555553
558.0,40.0,20.0,2.0,100.0,5.882353
559.0,49.0,20.0,2.0,100.0,7.142857
560.0,0.0,20.0,2.0,100.0,100.0
561.0,0.5,20.0,2.0,100.0,100.0
562.0,1.0,20.0,2.0,100.0,100.0
563.0,2.0,20.0,2.0,100.0,20.0
564.0,3.0,20.0,2.0,100.0,16.666666
565.0,5.0,20.0,2.0,100.0,5.882353
566.0,10.0,20.0,2.0,100.0,7.142857
567.0,20.0,20.0,2.0,100.0,5.263158
568.0,40.0,20.0,2.0,100.0,4.7619047
569.0,49.0,20.0,2.0,100.0,5.263158
570.0,0.0,20.0,2.0,100.0,100.0
571.0,0.5,20.0,2.0,100.0,100.0
572.0,1.0,20.0,2.0,100.0,8.333333
573.0,2.0,20.0,2.0,100.0,7.6923075
574.0,3.0,20.0,2.0,100.0,25.0
575.0,5.0,20.0,2.0,100.0,20.0
576.0,10.0,20.0,2.0,100.0,8.333333
577.0,20.0,20.0,2.0,100.0,5.263158
578.0,40.0,20.0,2.0,100.0,6.25
579.0,49.0,20.0,2.0,100.0,4.7619047
580.0,0.0,20.0,2.0,100.0,100.0
581.0,0.5,20.0,2.0,100.0,33.333332
582.0,1.0,20.0,2.0,100.0,100.0
583.0,2.0,20.0,2.0,100.0,33.333332
584.0,3.0,20.0,2.0,100.0,20.0
585.0,5.0,20.0,2.0,100.0,9.090909
586.0,10.0,20.0,2.0,100.0,5.5555553
587.0,20.0,20.0,2.0,100.0,5.0
588.0,40.0,20.0,2.0,100.0,5.263158
589.0,49.0,20.0,2.0,100.0,4.7619047
590.0,0.0,20.0,2.0,100.0,100.0
591.0,0.5,20.0,2.0,100.0,100.0
592.0,1.0,20.0,2.0,100.0,20.0
593.0,2.0,20.0,2.0,100.0,14.285714
594.0,3.0,20.0,2.0,100.0,6.6666665
595.0,5.0,20.0,2.0,100.0,10.0
596.0,10.0,20.0,2.0,100.0,8.333333
597.0,20.0,20.0,2.0,100.0,5.882353
598.0,40.0,20.0,2.0,100.0,4.7619047
599.0,49.0,20.0,2.0,100.0,4.347826
600.0,0.0,20.0,2.0,100.0,100.0
601.0,0.5,20.0,2.0,100.0,100.0
602.0,1.0,20.0,2.0,100.0,33.333332
603.0,2.0,20.0,2.0,100.0,5.263158
604.0,3.0,20.0,2.0,100.0,33.333332
605.0,5.0,20.0,2.0,100.0,11.111111
606.0,10.0,20.0,2.0,100.0,6.25
607.0,20.0,20.0,2.0,100.0,6.25
608.0,40.0,20.0,2.0,100.0,5.263158
609.0,49.0,20.0,2.0,100.0,4.7619047
610.0,0.0,20.0,2.0,100.0,100.0
611.0,0.5,20.0,2.0,100.0,33.333332
612.0,1.0,20.0,2.0,100.0,100.0
613.0,2.0,20.0,2.0,100.0,8.333333
614.0,3.0,20.0,2.0,100.0,12.5
615.0,5.0,20.0,2.0,100.0,14.285714
616.0,10.0,20.0,2.0,100.0,7.6923075
617.0,20.0,20.0,2.0,100.0,7.6923075
618.0,40.0,20.0,2.0,100.0,5.263158
619.0,49.0,20.0,2.0,100.0,4.7619047
620.0,0.0,20.0,2.0,100.0,100.0
621.0,0.5,20.0,2.0,100.0,33.333332
622.0,1.0,20.0,2.0,100.0,100.0
623.0,2.0,20.0,2.0,100.0,33.333332
624.0,3.0,20.0,2.0,100.0,14.285714
625.0,5.0,20.0,2.0,100.0,14.285714
626.0,10.0,20.0,2.0,100.0,6.6666665
627.0,20.0,20.0,2.0,100.0,5.882353
628.0,40.0,20.0,2.0,100.0,5.5555553
629.0,49.0,20.0,2.0,100.0,4.7619047
630.0,0.0,20.0,2.0,100.0,100.0
631.0,0.5,20.0,2.0,100.0,100.0
632.0,1.0,20.0,2.0,100.0,50.0
633.0,2.0,20.0,2.0,100.0,11.111111
634.0,3.0,20.0,2.0,100.0,25.0
635.0,5.0,20.0,2.0,100.0,9.090909
636.0,10.0,20.0,2.0,100.0,5.263158
637.0,20.0,20.0,2.0,100.0,5.882353
638.0,40.0,20.0,2.0,100.0,4.7619047
639.0,49.0,20.0,2.0,100.0,4.7619047
640.0,0.0,20.0,2.0,100.0,100.0
641.0,0.5,20.0,2.0,100.0,100.0
642.0,1.0,20.0,2.0,100.0,33.333332
643.0,2.0,20.0,2.0,100.0,33.333332
644.0,3.0,20.0,2.0,100.0,25.0
645.0,5.0,20.0,2.0,100.0,14.285714
646.0,10.0,20.0,2.0,100.0,6.6666665
647.0,20.0,20.0,2.0,100.0,7.142857
648.0,40.0,20.0,2.0,100.0,5.0
649.0,49.0,20.0,2.0,100.0,4.7619047
650.0,0.0,20.0,2.0,100.0,100.0
651.0,0.5,20.0,2.0,100.0,100.0
652.0,1.0,20.0,2.0,100.0,33.333332
653.0,2.0,20.0,2.0,100.0,100.0
654.0,3.0,20.0,2.0,100.0,33.333332
655.0,5.0,20.0,2.0,100.0,9.090909
656.0,10.0,20.0,2.0,100.0,20.0
657.0,20.0,20.0,2.0,100.0,8.333333
658.0,40.0,20.0,2.0,100.0,4.7619047
659.0,49.0,20.0,2.0,100.0,4.7619047
660.0,0.0,20.0,2.0,100.0,100.0
661.0,0.5,20.0,2.0,100.0,33.333332
662.0,1.0,20.0,2.0,100.0,33.333332
663.0,2.0,20.0,2.0,100.0,10.0
664.0,3.0,20.0,2.0,100.0,8.333333
665.0,5.0,20.0,2.0,100.0,10.0
666.0,10.0,20.0,2.0,100.0,5.882353
667.0,20.0,20.0,2.0,100.0,6.6666665
668.0,40.0,20.0,2.0,100.0,7.6923075
669.0,49.0,20.0,2.0,100.0,5.882353
670.0,0.0,20.0,2.0,100.0,100.0
671.0,0.5,20.0,2.0,100.0,100.0
672.0,1.0,20.0,2.0,100.0,33.333332
673.0,2.0,20.0,2.0,100.0,9.090909
674.0,3.0,20.0,2.0,100.0,33.333332
675.0,5.0,20.0,2.0,100.0,16.666666
676.0,10.0,20.0,2.0,100.0,6.25
677.0,20.0,20.0,2.0,100.0,5.263158
678.0,40.0,20.0,2.0,100.0,5.882353
679.0,49.0,20.0,2.0,100.0,4.7619047
680.0,0.0,20.0,2.0,100.0,100.0
681.0,0.5,20.0,2.0,100.0,33.333332
682.0,1.0,20.0,2.0,100.0,100.0
683.0,2.0,20.0,2.0,100.0,6.25
684.0,3.0,20.0,2.0,100.0,20.0
685.0,5.0,20.0,2.0,100.0,25.0
686.0,10.0,20.0,2.0,100.0,4.347826
687.0,20.0,20.0,2.0,100.0,6.25
688.0,40.0,20.0,2.0,100.0,5.5555553
689.0,49.0,20.0,2.0,100.0,5.263158
690.0,0.0,20.0,2.0,100.0,100.0
691.0,0.5,20.0,2.0,100.0,100.0
692.0,1.0,20.0,2.0,100.0,33.333332
693.0,2.0,20.0,2.0,100.0,6.25
694.0,3.0,20.0,2.0,100.0,25.0
695.0,5.0,20.0,2.0,100.0,33.333332
696.0,10.0,20.0,2.0,100.0,5.5555553
697.0,20.0,20.0,2.0,100.0,5.882353
698.0,40.0,20.0,2.0,100.0,5.263158
699.0,49.0,20.0,2.0,100.0,5.882353
700.0,0.0,20.0,2.0,100.0,100.0
701.0,0.5,20.0,2.0,100.0,100.0
702.0,1.0,20.0,2.0,100.0,25.0
703.0,2.0,20.0,2.0,100.0,25.0
704.0,3.0,20.0,2.0,100.0,9.090909
705.0,5.0,20.0,2.0,100.0,11.111111
706.0,10.0,20.0,2.0,100.0,9.090909
707.0,20.0,20.0,2.0,100.0,5.5555553
708.0,40.0,20.0,2.0,100.0,5.5555553
709.0,49.0,20.0,2.0,100.0,4.7619047
710.0,0.0,20.0,2.0,100.0,100.0
711.0,0.5,20.0,2.0,100.0,100.0
712.0,1.0,20.0,2.0,100.0,33.333332
713.0,2.0,20.0,2.0,100.0,20.0
714.0,3.0,20.0,2.0,100.0,7.142857
715.0,5.0,20.0,2.0,100.0,12.5
716.0,10.0,20.0,2.0,100.0,6.6666665
717.0,20.0,20.0,2.0,100.0,6.25
718.0,40.0,20.0,2.0,100.0,4.347826
719.0,49.0,20.0,2.0,100.0,4.7619047
720.0,0.0,20.0,2.0,100.0,100.0
721.0,0.5,20.0,2.0,100.0,20.0
722.0,1.0,20.0,2.0,100.0,100.0
723.0,2.0,20.0,2.0,100.0,12.5
724.0,3.0,20.0,2.0,100.0,5.5555553
725.0,5.0,20.0,2.0,100.0,7.142857
726.0,10.0,20.0,2.0,100.0,6.25
727.0,20.0,20.0,2.0,100.0,5.263158
728.0,40.0,20.0,2.0,100.0,4.7619047
729.0,49.0,20.0,2.0,100.0,5.263158
730.0,0.0,20.0,2.0,100.0,100.0
731.0,0.5,20.0,2.0,100.0,11.111111
732.0,1.0,20.0,2.0,100.0,100.0
733.0,2.0,20.0,2.0,100.0,5.5555553
734.0,3.0,20.0,2.0,100.0,33.333332
735.0,5.0,20.0,2.0,100.0,6.6666665
736.0,10.0,20.0,2.0,100.0,4.347826
737.0,20.0,20.0,2.0,100.0,5.882353
738.0,40.0,20.0,2.0,100.0,5.263158
739.0,49.0,20.0,2.0,100.0,4.7619047
740.0,0.0,20.0,2.0,100.0,100.0
741.0,0.5,20.0,2.0,100.0,100.0
742.0,1.0,20.0,2.0,100.0,33.333332
743.0,2.0,20.0,2.0,100.0,50.0
744.0,3.0,20.0,2.0,100.0,33.333332
745.0,5.0,20.0,2.0,100.0,12.5
746.0,10.0,20.0,2.0,100.0,6.6666665
747.0,20.0,20.0,2.0,100.0,5.882353
748.0,40.0,20.0,2.0,100.0,4.7619047
749.0,49.0,20.0,2.0,100.0,4.0
750.0,0.0,20.0,2.0,100.0,100.0
751.0,0.5,20.0,2.0,100.0,100.0
752.0,1.0,20.0,2.0,100.0,33.333332
753.0,2.0,20.0,2.0,100.0,33.333332
754.0,3.0,20.0,2.0,100.0,33.333332
755.0,5.0,20.0,2.0,100.0,8.333333
756.0,10.0,20.0,2.0,100.0,8.333333
757.0,20.0,20.0,2.0,100.0,4.7619047
758.0,40.0,20.0,2.0,100.0,5.882353
759.0,49.0,20.0,2.0,100.0,5.882353
760.0,0.0,20.0,2.0,100.0,100.0
761.0,0.5,20.0,2.0,100.0,100.0
762.0,1.0,20.0,2.0,100.0,33.333332
763.0,2.0,20.0,2.0,100.0,16.666666
764.0,3.0,20.0,2.0,100.0,33.333332
765.0,5.0,20.0,2.0,100.0,11.111111
766.0,10.0,20.0,2.0,100.0,9.090909
767.0,20.0,20.0,2.0,100.0,7.6923075
768.0,40.0,20.0,2.0,100.0,4.5454545
769.0,49.0,20.0,2.0,100.0,5.263158
770.0,0.0,20.0,2.0,100.0,100.0
771.0,0.5,20.0,2.0,100.0,100.0
772.0,1.0,20.0,2.0,100.0,33.333332
773.0,2.0,20.0,2.0,100.0,25.0
774.0,3.0,20.0,2.0,100.0,5.882353
775.0,5.0,20.0,2.0,100.0,9.090909
776.0,10.0,20.0,2.0,100.0,9.090909
777.0,20.0,20.0,2.0,100.0,5.0
778.0,40.0,20.0,2.0,100.0,5.882353
779.0,49.0,20.0,2.0,100.0,5.5555553
780.0,0.0,20.0,2.0,100.0,9.090909
781.0,0.5,20.0,2.0,100.0,100.0
782.0,1.0,20.0,2.0,100.0,100.0
783.0,2.0,20.0,2.0,100.0,14.285714
784.0,3.0,20.0,2.0,100.0,33.333332
785.0,5.0,20.0,2.0,100.0,6.6666665
786.0,10.0,20.0,2.0,100.0,9.090909
787.0,20.0,20.0,2.0,100.0,9.090909
788.0,40.0,20.0,2.0,100.0,4.5454545
789.0,49.0,20.0,2.0,100.0,5.263158
790.0,0.0,20.0,2.0,100.0,20.0
791.0,0.5,20.0,2.0,100.0,100.0
792.0,1.0,20.0,2.0,100.0,16.666666
793.0,2.0,20.0,2.0,100.0,12.5
794.0,3.0,20.0,2.0,100.0,16.666666
795.0,5.0,20.0,2.0,100.0,9.090909
796.0,10.0,20.0,2.0,100.0,11.111111
797.0,20.0,20.0,2.0,100.0,7.6923075
798.0,40.0,20.0,2.0,100.0,5.882353
799.0,49.0,20.0,2.0,100.0,5.263158
800.0,0.0,20.0,2.0,100.0,100.0
801.0,0.5,20.0,2.0,100.0,12.5
802.0,1.0,20.0,2.0,100.0,33.333332
803.0,2.0,20.0,2.0,100.0,33.333332
804.0,3.0,20.0,2.0,100.0,33.333332
805.0,5.0,20.0,2.0,100.0,20.0
806.0,10.0,20.0,2.0,100.0,9.090909
807.0,20.0,20.0,2.0,100.0,5.263158
808.0,40.0,20.0,2.0,100.0,4.7619047
809.0,49.0,20.0,2.0,100.0,5.882353
810.0,0.0,20.0,2.0,100.0,100.0
811.0,0.5,20.0,2.0,100.0,100.0
812.0,1.0,20.0,2.0,100.0,33.333332
813.0,2.0,20.0,2.0,100.0,33.333332
814.0,3.0,20.0,2.0,100.0,14.285714
815.0,5.0,20.0,2.0,100.0,20.0
816.0,10.0,20.0,2.0,100.0,6.6666665
817.0,20.0,20.0,2.0,100.0,6.6666665
818.0,40.0,20.0,2.0,100.0,5.263158
819.0,49.0,20.0,2.0,100.0,4.7619047
820.0,0.0,20.0,2.0,100.0,100.0
821.0,0.5,20.0,2.0,100.0,100.0
822.0,1.0,20.0,2.0,100.0,33.333332
823.0,2.0,20.0,2.0,100.0,11.111111
824.0,3.0,20.0,2.0,100.0,25.0
825.0,5.0,20.0,2.0,100.0,10.0
826.0,10.0,20.0,2.0,100.0,14.285714
827.0,20.0,20.0,2.0,100.0,6.6666665
828.0,40.0,20.0,2.0,100.0,5.882353
829.0,49.0,20.0,2.0,100.0,4.7619047
830.0,0.0,20.0,2.0,100.0,100.0
831.0,0.5,20.0,2.0,100.0,33.333332
832.0,1.0,20.0,2.0,100.0,100.0
833.0,2.0,20.0,2.0,100.0,33.333332
834.0,3.0,20.0,2.0,100.0,12.5
835.0,5.0,20.0,2.0,100.0,25.0
836.0,10.0,20.0,2.0,100.0,12.5
837.0,20.0,20.0,2.0,100.0,5.882353
838.0,40.0,20.0,2.0,100.0,5.882353
839.0,49.0,20.0,2.0,100.0,4.7619047
840.0,0.0,20.0,2.0,100.0,100.0
841.0,0.5,20.0,2.0,100.0,100.0
842.0,1.0,20.0,2.0,100.0,9.090909
843.0,2.0,20.0,2.0,100.0,20.0
844.0,3.0,20.0,2.0,100.0,12.5
845.0,5.0,20.0,2.0,100.0,20.0
846.0,10.0,20.0,2.0,100.0,16.666666
847.0,20.0,20.0,2.0,100.0,7.6923075
848.0,40.0,20.0,2.0,100.0,5.263158
849.0,49.0,20.0,2.0,100.0,4.0
850.0,0.0,20.0,2.0,100.0,100.0
851.0,0.5,20.0,2.0,100.0,100.0
852.0,1.0,20.0,2.0,100.0,33.333332
853.0,2.0,20.0,2.0,100.0,50.0
854.0,3.0,20.0,2.0,100.0,12.5
855.0,5.0,20.0,2.0,100.0,7.6923075
856.0,10.0,20.0,2.0,100.0,6.6666665
857.0,20.0,20.0,2.0,100.0,7.6923075
858.0,40.0,20.0,2.0,100.0,4.7619047
859.0,49.0,20.0,2.0,100.0,5.263158
860.0,0.0,20.0,2.0,100.0,100.0
861.0,0.5,20.0,2.0,100.0,100.0
862.0,1.0,20.0,2.0,100.0,25.0
863.0,2.0,20.0,2.0,100.0,5.882353
864.0,3.0,20.0,2.0,100.0,5.263158
865.0,5.0,20.0,2.0,100.0,14.285714
866.0,10.0,20.0,2.0,100.0,6.25
867.0,20.0,20.0,2.0,100.0,5.882353
868.0,40.0,20.0,2.0,100.0,4.7619047
869.0,49.0,20.0,2.0,100.0,5.263158
870.0,0.0,20.0,2.0,100.0,33.333332
871.0,0.5,20.0,2.0,100.0,33.333332
872.0,1.0,20.0,2.0,100.0,7.142857
873.0,2.0,20.0,2.0,100.0,33.333332
874.0,3.0,20.0,2.0,100.0,33.333332
875.0,5.0,20.0,2.0,100.0,16.666666
876.0,10.0,20.0,2.0,100.0,9.090909
877.0,20.0,20.0,2.0,100.0,4.5454545
878.0,40.0,20.0,2.0,100.0,4.7619047
879.0,49.0,20.0,2.0,100.0,5.263158
880.0,0.0,20.0,2.0,100.0,100.0
881.0,0.5,20.0,2.0,100.0,11.111111
882.0,1.0,20.0,2.0,100.0,33.333332
883.0,2.0,20.0,2.0,100.0,33.333332
884.0,3.0,20.0,2.0,100.0,25.0
885.0,5.0,20.0,2.0,100.0,10.0
886.0,10.0,20.0,2.0,100.0,7.6923075
887.0,20.0,20.0,2.0,100.0,9.090909
888.0,40.0,20.0,2.0,100.0,4.347826
889.0,49.0,20.0,2.0,100.0,4.347826
890.0,0.0,20.0,2.0,100.0,100.0
891.0,0.5,20.0,2.0,100.0,33.333332
892.0,1.0,20.0,2.0,100.0,33.333332
893.0,2.0,20.0,2.0,100.0,33.333332
894.0,3.0,20.0,2.0,100.0,20.0
895.0,5.0,20.0,2.0,100.0,16.666666
896.0,10.0,20.0,2.0,100.0,6.6666665
897.0,20.0,20.0,2.0,100.0,9.090909
898.0,40.0,20.0,2.0,100.0,5.263158
899.0,49.0,20.0,2.0,100.0,6.25
900.0,0.0,20.0,2.0,100.0,100.0
901.0,0.5,20.0,2.0,100.0,100.0
902.0,1.0,20.0,2.0,100.0,100.0
903.0,2.0,20.0,2.0,100.0,11.111111
904.0,3.0,20.0,2.0,100.0,25.0
905.0,5.0,20.0,2.0,100.0,20.0
906.0,10.0,20.0,2.0,100.0,7.142857
907.0,20.0,20.0,2.0,100.0,5.882353
908.0,40.0,20.0,2.0,100.0,5.263158
909.0,49.0,20.0,2.0,100.0,5.882353
910.0,0.0,20.0,2.0,100.0,100.0
911.0,0.5,20.0,2.0,100.0,100.0
912.0,1.0,20.0,2.0,100.0,25.0
913.0,2.0,20.0,2.0,100.0,33.333332
914.0,3.0,20.0,2.0,100.0,25.0
915.0,5.0,20.0,2.0,100.0,6.6666665
916.0,10.0,20.0,2.0,100.0,5.882353
917.0,20.0,20.0,2.0,100.0,5.882353
918.0,40.0,20.0,2.0,100.0,6.6666665
919.0,49.0,20.0,2.0,100.0,4.7619047
920.0,0.0,20.0,2.0,100.0,100.0
921.0,0.5,20.0,2.0,100.0,100.0
922.0,1.0,20.0,2.0,100.0,25.0
923.0,2.0,20.0,2.0,100.0,10.0
924.0,3.0,20.0,2.0,100.0,33.333332
925.0,5.0,20.0,2.0,100.0,11.111111
926.0,10.0,20.0,2.0,100.0,6.6666665
927.0,20.0,20.0,2.0,100.0,7.142857
928.0,40.0,20.0,2.0,100.0,4.5454545
929.0,49.0,20.0,2.0,100.0,5.882353
930.0,0.0,20.0,2.0,100.0,14.285714
931.0,0.5,20.0,2.0,100.0,100.0
932.0,1.0,20.0,2.0,100.0,33.333332
933.0,2.0,20.0,2.0,100.0,33.333332
934.0,3.0,20.0,2.0,100.0,20.0
935.0,5.0,20.0,2.0,100.0,20.0
936.0,10.0,20.0,2.0,100.0,9.090909
937.0,20.0,20.0,2.0,100.0,4.5454545
938.0,40.0,20.0,2.0,100.0,6.6666665
939.0,49.0,20.0,2.0,100.0,6.6666665
940.0,0.0,20.0,2.0,100.0,100.0
941.0,0.5,20.0,2.0,100.0,33.333332
942.0,1.0,20.0,2.0,100.0,100.0
943.0,2.0,20.0,2.0,100.0,100.0
944.0,3.0,20.0,2.0,100.0,50.0
945.0,5.0,20.0,2.0,100.0,12.5
946.0,10.0,20.0,2.0,100.0,8.333333
947.0,20.0,20.0,2.0,100.0,6.6666665
948.0,40.0,20.0,2.0,100.0,6.6666665
949.0,49.0,20.0,2.0,100.0,5.882353
950.0,0.0,20.0,2.0,100.0,100.0
951.0,0.5,20.0,2.0,100.0,4.7619047
952.0,1.0,20.0,2.0,100.0,20.0
953.0,2.0,20.0,2.0,100.0,33.333332
954.0,3.0,20.0,2.0,100.0,7.142857
955.0,5.0,20.0,2.0,100.0,14.285714
956.0,10.0,20.0,2.0,100.0,9.090909
957.0,20.0,20.0,2.0,100.0,6.25
958.0,40.0,20.0,2.0,100.0,5.263158
959.0,49.0,20.0,2.0,100.0,4.347826
960.0,0.0,20.0,2.0,100.0,100.0
961.0,0.5,20.0,2.0,100.0,33.333332
962.0,1.0,20.0,2.0,100.0,100.0
963.0,2.0,20.0,2.0,100.0,50.0
964.0,3.0,20.0,2.0,100.0,33.333332
965.0,5.0,20.0,2.0,100.0,14.285714
966.0,10.0,20.0,2.0,100.0,4.5454545
967.0,20.0,20.0,2.0,100.0,6.25
968.0,40.0,20.0,2.0,100.0,5.882353
969.0,49.0,20.0,2.0,100.0,5.882353
970.0,0.0,20.0,2.0,100.0,100.0
971.0,0.5,20.0,2.0,100.0,33.333332
972.0,1.0,20.0,2.0,100.0,33.333332
973.0,2.0,20.0,2.0,100.0,100.0
974.0,3.0,20.0,2.0,100.0,33.333332
975.0,5.0,20.0,2.0,100.0,33.333332
976.0,10.0,20.0,2.0,100.0,5.5555553
977.0,20.0,20.0,2.0,100.0,6.6666665
978.0,40.0,20.0,2.0,100.0,4.7619047
979.0,49.0,20.0,2.0,100.0,5.5555553
980.0,0.0,20.0,2.0,100.0,100.0
981.0,0.5,20.0,2.0,100.0,100.0
982.0,1.0,20.0,2.0,100.0,12.5
983.0,2.0,20.0,2.0,100.0,10.0
984.0,3.0,20.0,2.0,100.0,14.285714
985.0,5.0,20.0,2.0,100.0,11.111111
986.0,10.0,20.0,2.0,100.0,10.0
987.0,20.0,20.0,2.0,100.0,5.882353
988.0,40.0,20.0,2.0,100.0,5.0
989.0,49.0,20.0,2.0,100.0,5.882353
990.0,0.0,20.0,2.0,100.0,100.0
991.0,0.5,20.0,2.0,100.0,25.0
992.0,1.0,20.0,2.0,100.0,100.0
993.0,2.0,20.0,2.0,100.0,25.0
994.0,3.0,20.0,2.0,100.0,33.333332
995.0,5.0,20.0,2.0,100.0,12.5
996.0,10.0,20.0,2.0,100.0,10.0
997.0,20.0,20.0,2.0,100.0,5.5555553
998.0,40.0,20.0,2.0,100.0,5.263158
999.0,49.0,20.0,2.0,100.0,4.7619047
1000.0,0.0,20.0,2.0,100.0,100.0
1001.0,0.5,20.0,2.0,100.0,5.882353
1002.0,1.0,20.0,2.0,100.0,50.0
1003.0,2.0,20.0,2.0,100.0,33.333332
1004.0,3.0,20.0,2.0,100.0,11.111111
1005.0,5.0,20.0,2.0,100.0,7.142857
1006.0,10.0,20.0,2.0,100.0,6.6666665
1007.0,20.0,20.0,2.0,100.0,5.882353
1008.0,40.0,20.0,2.0,100.0,5.5555553
1009.0,49.0,20.0,2.0,100.0,4.7619047
1010.0,0.0,20.0,2.0,100.0,100.0
1011.0,0.5,20.0,2.0,100.0,100.0
1012.0,1.0,20.0,2.0,100.0,100.0
1013.0,2.0,20.0,2.0,100.0,9.090909
1014.0,3.0,20.0,2.0,100.0,5.882353
1015.0,5.0,20.0,2.0,100.0,5.882353
1016.0,10.0,20.0,2.0,100.0,11.111111
1017.0,20.0,20.0,2.0,100.0,5.0
1018.0,40.0,20.0,2.0,100.0,5.263158
1019.0,49.0,20.0,2.0,100.0,4.7619047
1020.0,0.0,20.0,2.0,100.0,100.0
1021.0,0.5,20.0,2.0,100.0,33.333332
1022.0,1.0,20.0,2.0,100.0,33.333332
1023.0,2.0,20.0,2.0,100.0,20.0
1024.0,3.0,20.0,2.0,100.0,5.263158
1025.0,5.0,20.0,2.0,100.0,9.090909
1026.0,10.0,20.0,2.0,100.0,7.6923075
1027.0,20.0,20.0,2.0,100.0,9.090909
1028.0,40.0,20.0,2.0,100.0,5.263158
1029.0,49.0,20.0,2.0,100.0,4.0
1030.0,0.0,20.0,2.0,100.0,100.0
1031.0,0.5,20.0,2.0,100.0,100.0
1032.0,1.0,20.0,2.0,100.0,33.333332
1033.0,2.0,20.0,2.0,100.0,100.0
1034.0,3.0,20.0,2.0,100.0,6.6666665
1035.0,5.0,20.0,2.0,100.0,12.5
1036.0,10.0,20.0,2.0,100.0,5.882353
1037.0,20.0,20.0,2.0,100.0,5.882353
1038.0,40.0,20.0,2.0,100.0,5.5555553
1039.0,49.0,20.0,2.0,100.0,5.0
1040.0,0.0,20.0,2.0,100.0,100.0
1041.0,0.5,20.0,2.0,100.0,33.333332
1042.0,1.0,20.0,2.0,100.0,33.333332
1043.0,2.0,20.0,2.0,100.0,16.666666
1044.0,3.0,20.0,2.0,100.0,10.0
1045.0,5.0,20.0,2.0,100.0,10.0
1046.0,10.0,20.0,2.0,100.0,7.142857
1047.0,20.0,20.0,2.0,100.0,5.5555553
1048.0,40.0,20.0,2.0,100.0,5.263158
1049.0,49.0,20.0,2.0,100.0,4.7619047
1050.0,0.0,20.0,2.0,100.0,100.0
1051.0,0.5,20.0,2.0,100.0,33.333332
1052.0,1.0,20.0,2.0,100.0,25.0
1053.0,2.0,20.0,2.0,100.0,6.6666665
1054.0,3.0,20.0,2.0,100.0,4.7619047
1055.0,5.0,20.0,2.0,100.0,20.0
1056.0,10.0,20.0,2.0,100.0,6.25
1057.0,20.0,20.0,2.0,100.0,6.25
1058.0,40.0,20.0,2.0,100.0,4.7619047
1059.0,49.0,20.0,2.0,100.0,5.263158
1060.0,0.0,20.0,2.0,100.0,100.0
1061.0,0.5,20.0,2.0,100.0,33.333332
1062.0,1.0,20.0,2.0,100.0,33.333332
1063.0,2.0,20.0,2.0,100.0,16.666666
1064.0,3.0,20.0,2.0,100.0,10.0
1065.0,5.0,20.0,2.0,100.0,20.0
1066.0,10.0,20.0,2.0,100.0,6.6666665
1067.0,20.0,20.0,2.0,100.0,5.882353
1068.0,40.0,20.0,2.0,100.0,4.347826
1069.0,49.0,20.0,2.0,100.0,4.347826
1070.0,0.0,20.0,2.0,100.0,100.0
1071.0,0.5,20.0,2.0,100.0,11.111111
1072.0,1.0,20.0,2.0,100.0,100.0
1073.0,2.0,20.0,2.0,100.0,12.5
1074.0,3.0,20.0,2.0,100.0,14.285714
1075.0,5.0,20.0,2.0,100.0,7.142857
1076.0,10.0,20.0,2.0,100.0,7.6923075
1077.0,20.0,20.0,2.0,100.0,6.6666665
1078.0,40.0,20.0,2.0,100.0,5.882353
1079.0,49.0,20.0,2.0,100.0,4.7619047
1080.0,0.0,20.0,2.0,100.0,100.0
1081.0,0.5,20.0,2.0,100.0,33.333332
1082.0,1.0,20.0,2.0,100.0,100.0
1083.0,2.0,20.0,2.0,100.0,5.882353
1084.0,3.0,20.0,2.0,100.0,50.0
1085.0,5.0,20.0,2.0,100.0,50.0
1086.0,10.0,20.0,2.0,100.0,5.5555553
1087.0,20.0,20.0,2.0,100.0,5.5555553
1088.0,40.0,20.0,2.0,100.0,5.263158
1089.0,49.0,20.0,2.0,100.0,5.882353
1090.0,0.0,20.0,2.0,100.0,100.0
1091.0,0.5,20.0,2.0,100.0,33.333332
1092.0,1.0,20.0,2.0,100.0,33.333332
1093.0,2.0,20.0,2.0,100.0,20.0
1094.0,3.0,20.0,2.0,100.0,6.25
1095.0,5.0,20.0,2.0,100.0,16.666666
1096.0,10.0,20.0,2.0,100.0,12.5
1097.0,20.0,20.0,2.0,100.0,7.142857
1098.0,40.0,20.0,2.0,100.0,4.7619047
1099.0,49.0,20.0,2.0,100.0,5.882353
1100.0,0.0,20.0,2.0,100.0,100.0
1101.0,0.5,20.0,2.0,100.0,9.090909
1102.0,1.0,20.0,2.0,100.0,33.333332
1103.0,2.0,20.0,2.0,100.0,7.142857
1104.0,3.0,20.0,2.0,100.0,33.333332
1105.0,5.0,20.0,2.0,100.0,8.333333
1106.0,10.0,20.0,2.0,100.0,12.5
1107.0,20.0,20.0,2.0,100.0,5.882353
1108.0,40.0,20.0,2.0,100.0,5.263158
1109.0,49.0,20.0,2.0,100.0,6.6666665
1110.0,0.0,20.0,2.0,100.0,100.0
1111.0,0.5,20.0,2.0,100.0,100.0
1112.0,1.0,20.0,2.0,100.0,33.333332
1113.0,2.0,20.0,2.0,100.0,50.0
1114.0,3.0,20.0,2.0,100.0,14.285714
1115.0,5.0,20.0,2.0,100.0,6.6666665
1116.0,10.0,20.0,2.0,100.0,7.142857
1117.0,20.0,20.0,2.0,100.0,5.882353
1118.0,40.0,20.0,2.0,100.0,5.882353
1119.0,49.0,20.0,2.0,100.0,4.347826
1120.0,0.0,20.0,2.0,100.0,100.0
1121.0,0.5,20.0,2.0,100.0,33.333332
1122.0,1.0,20.0,2.0,100.0,100.0
1123.0,2.0,20.0,2.0,100.0,100.0
1124.0,3.0,20.0,2.0,100.0,16.666666
1125.0,5.0,20.0,2.0,100.0,16.666666
1126.0,10.0,20.0,2.0,100.0,7.6923075
1127.0,20.0,20.0,2.0,100.0,6.6666665
1128.0,40.0,20.0,2.0,100.0,5.882353
1129.0,49.0,20.0,2.0,100.0,4.347826
1130.0,0.0,20.0,2.0,100.0,11.111111
1131.0,0.5,20.0,2.0,100.0,33.333332
1132.0,1.0,20.0,2.0,100.0,100.0
1133.0,2.0,20.0,2.0,100.0,25.0
1134.0,3.0,20.0,2.0,100.0,7.142857
1135.0,5.0,20.0,2.0,100.0,14.285714
1136.0,10.0,20.0,2.0,100.0,7.6923075
1137.0,20.0,20.0,2.0,100.0,5.5555553
1138.0,40.0,20.0,2.0,100.0,5.263158
1139.0,49.0,20.0,2.0,100.0,4.7619047
1140.0,0.0,20.0,2.0,100.0,100.0
1141.0,0.5,20.0,2.0,100.0,100.0
1142.0,1.0,20.0,2.0,100.0,33.333332
1143.0,2.0,20.0,2.0,100.0,33.333332
1144.0,3.0,20.0,2.0,100.0,11.111111
1145.0,5.0,20.0,2.0,100.0,16.666666
1146.0,10.0,20.0,2.0,100.0,7.6923075
1147.0,20.0,20.0,2.0,100.0,7.142857
1148.0,40.0,20.0,2.0,100.0,5.263158
1149.0,49.0,20.0,2.0,100.0,5.263158
1150.0,0.0,20.0,2.0,100.0,100.0
1151.0,0.5,20.0,2.0,100.0,33.333332
1152.0,1.0,20.0,2.0,100.0,33.333332
1153.0,2.0,20.0,2.0,100.0,20.0
1154.0,3.0,20.0,2.0,100.0,5.263158
1155.0,5.0,20.0,2.0,100.0,6.25
1156.0,10.0,20.0,2.0,100.0,9.090909
1157.0,20.0,20.0,2.0,100.0,5.882353
1158.0,40.0,20.0,2.0,100.0,5.0
1159.0,49.0,20.0,2.0,100.0,4.5454545
1160.0,0.0,20.0,2.0,100.0,100.0
1161.0,0.5,20.0,2.0,100.0,33.333332
1162.0,1.0,20.0,2.0,100.0,33.333332
1163.0,2.0,20.0,2.0,100.0,8.333333
1164.0,3.0,20.0,2.0,100.0,16.666666
1165.0,5.0,20.0,2.0,100.0,7.6923075
1166.0,10.0,20.0,2.0,100.0,7.142857
1167.0,20.0,20.0,2.0,100.0,5.5555553
1168.0,40.0,20.0,2.0,100.0,4.0
1169.0,49.0,20.0,2.0,100.0,5.882353
1170.0,0.0,20.0,2.0,100.0,100.0
1171.0,0.5,20.0,2.0,100.0,100.0
1172.0,1.0,20.0,2.0,100.0,33.333332
1173.0,2.0,20.0,2.0,100.0,14.285714
1174.0,3.0,20.0,2.0,100.0,16.666666
1175.0,5.0,20.0,2.0,100.0,25.0
1176.0,10.0,20.0,2.0,100.0,7.6923075
1177.0,20.0,20.0,2.0,100.0,6.6666665
1178.0,40.0,20.0,2.0,100.0,4.7619047
1179.0,49.0,20.0,2.0,100.0,5.882353
1180.0,0.0,20.0,2.0,100.0,100.0
1181.0,0.5,20.0,2.0,100.0,100.0
1182.0,1.0,20.0,2.0,100.0,33.333332
1183.0,2.0,20.0,2.0,100.0,33.333332
1184.0,3.0,20.0,2.0,100.0,10.0
1185.0,5.0,20.0,2.0,100.0,33.333332
1186.0,10.0,20.0,2.0,100.0,5.5555553
1187.0,20.0,20.0,2.0,100.0,7.142857
1188.0,40.0,20.0,2.0,100.0,6.6666665
1189.0,49.0,20.0,2.0,100.0,5.0
1190.0,0.0,20.0,2.0,100.0,100.0
1191.0,0.5,20.0,2.0,100.0,33.333332
1192.0,1.0,20.0,2.0,100.0,33.333332
1193.0,2.0,20.0,2.0,100.0,100.0
1194.0,3.0,20.0,2.0,100.0,25.0
1195.0,5.0,20.0,2.0,100.0,10.0
1196.0,10.0,20.0,2.0,100.0,5.5555553
1197.0,20.0,20.0,2.0,100.0,7.142857
1198.0,40.0,20.0,2.0,100.0,4.7619047
1199.0,49.0,20.0,2.0,100.0,4.347826
1200.0,0.0,20.0,2.0,100.0,100.0
1201.0,0.5,20.0,2.0,100.0,7.6923075
1202.0,1.0,20.0,2.0,100.0,100.0
1203.0,2.0,20.0,2.0,100.0,33.333332
1204.0,3.0,20.0,2.0,100.0,33.333332
1205.0,5.0,20.0,2.0,100.0,16.666666
1206.0,10.0,20.0,2.0,100.0,11.111111
1207.0,20.0,20.0,2.0,100.0,5.5555553
1208.0,40.0,20.0,2.0,100.0,6.6666665
1209.0,49.0,20.0,2.0,100.0,5.263158
1210.0,0.0,20.0,2.0,100.0,100.0
1211.0,0.5,20.0,2.0,100.0,33.333332
1212.0,1.0,20.0,2.0,100.0,33.333332
1213.0,2.0,20.0,2.0,100.0,25.0
1214.0,3.0,20.0,2.0,100.0,14.285714
1215.0,5.0,20.0,2.0,100.0,7.6923075
1216.0,10.0,20.0,2.0,100.0,5.882353
1217.0,20.0,20.0,2.0,100.0,8.333333
1218.0,40.0,20.0,2.0,100.0,4.1666665
1219.0,49.0,20.0,2.0,100.0,4.7619047
1220.0,0.0,20.0,2.0,100.0,100.0
1221.0,0.5,20.0,2.0,100.0,33.333332
1222.0,1.0,20.0,2.0,100.0,33.333332
1223.0,2.0,20.0,2.0,100.0,33.333332
1224.0,3.0,20.0,2.0,100.0,5.882353
1225.0,5.0,20.0,2.0,100.0,11.111111
1226.0,10.0,20.0,2.0,100.0,11.111111
1227.0,20.0,20.0,2.0,100.0,5.5555553
1228.0,40.0,20.0,2.0,100.0,5.882353
1229.0,49.0,20.0,2.0,100.0,5.263158
1230.0,0.0,20.0,2.0,100.0,33.333332
1231.0,0.5,20.0,2.0,100.0,100.0
1232.0,1.0,20.0,2.0,100.0,25.0
1233.0,2.0,20.0,2.0,100.0,7.142857
1234.0,3.0,20.0,2.0,100.0,10.0
1235.0,5.0,20.0,2.0,100.0,10.0
1236.0,10.0,20.0,2.0,100.0,7.6923075
1237.0,20.0,20.0,2.0,100.0,5.5555553
1238.0,40.0,20.0,2.0,100.0,5.0
1239.0,49.0,20.0,2.0,100.0,5.263158
1240.0,0.0,20.0,2.0,100.0,100.0
1241.0,0.5,20.0,2.0,100.0,9.090909
1242.0,1.0,20.0,2.0,100.0,100.0
1243.0,2.0,20.0,2.0,100.0,25.0
1244.0,3.0,20.0,2.0,100.0,33.333332
1245.0,5.0,20.0,2.0,100.0,20.0
1246.0,10.0,20.0,2.0,100.0,9.090909
1247.0,20.0,20.0,2.0,100.0,5.5555553
1248.0,40.0,20.0,2.0,100.0,4.7619047
1249.0,49.0,20.0,2.0,100.0,5.263158
1250.0,0.0,20.0,2.0,100.0,100.0
1251.0,0.5,20.0,2.0,100.0,33.333332
1252.0,1.0,20.0,2.0,100.0,33.333332
1253.0,2.0,20.0,2.0,100.0,25.0
1254.0,3.0,20.0,2.0,100.0,14.285714
1255.0,5.0,20.0,2.0,100.0,8.333333
1256.0,10.0,20.0,2.0,100.0,7.142857
1257.0,20.0,20.0,2.0,100.0,5.5555553
1258.0,40.0,20.0,2.0,100.0,5.5555553
1259.0,49.0,20.0,2.0,100.0,7.6923075
1260.0,0.0,20.0,2.0,100.0,100.0
1261.0,0.5,20.0,2.0,100.0,6.6666665
1262.0,1.0,20.0,2.0,100.0,33.333332
1263.0,2.0,20.0,2.0,100.0,16.666666
1264.0,3.0,20.0,2.0,100.0,16.666666
1265.0,5.0,20.0,2.0,100.0,9.090909
1266.0,10.0,20.0,2.0,100.0,7.142857
1267.0,20.0,20.0,2.0,100.0,5.263158
1268.0,40.0,20.0,2.0,100.0,4.7619047
1269.0,49.0,20.0,2.0,100.0,5.263158
1270.0,0.0,20.0,2.0,100.0,100.0
1271.0,0.5,20.0,2.0,100.0,100.0
1272.0,1.0,20.0,2.0,100.0,33.333332
1273.0,2.0,20.0,2.0,100.0,5.5555553
1274.0,3.0,20.0,2.0,100.0,33.333332
1275.0,5.0,20.0,2.0,100.0,11.111111
1276.0,10.0,20.0,2.0,100.0,9.090909
1277.0,20.0,20.0,2.0,100.0,5.263158
1278.0,40.0,20.0,2.0,100.0,5.263158
1279.0,49.0,20.0,2.0,100.0,5.263158
1280.0,0.0,20.0,2.0,100.0,100.0
1281.0,0.5,20.0,2.0,100.0,14.285714
1282.0,1.0,20.0,2.0,100.0,50.0
1283.0,2.0,20.0,2.0,100.0,33.333332
1284.0,3.0,20.0,2.0,100.0,9.090909
1285.0,5.0,20.0,2.0,100.0,7.142857
1286.0,10.0,20.0,2.0,100.0,11.111111
1287.0,20.0,20.0,2.0,100.0,5.263158
1288.0,40.0,20.0,2.0,100.0,6.25
1289.0,49.0,20.0,2.0,100.0,4.7619047
1290.0,0.0,20.0,2.0,100.0,100.0
1291.0,0.5,20.0,2.0,100.0,100.0
1292.0,1.0,20.0,2.0,100.0,33.333332
1293.0,2.0,20.0,2.0,100.0,50.0
1294.0,3.0,20.0,2.0,100.0,8.333333
1295.0,5.0,20.0,2.0,100.0,12.5
1296.0,10.0,20.0,2.0,100.0,7.142857
1297.0,20.0,20.0,2.0,100.0,6.6666665
1298.0,40.0,20.0,2.0,100.0,5.263158
1299.0,49.0,20.0,2.0,100.0,4.347826
1300.0,0.0,20.0,2.0,100.0,100.0
1301.0,0.5,20.0,2.0,100.0,100.0
1302.0,1.0,20.0,2.0,100.0,33.333332
1303.0,2.0,20.0,2.0,100.0,10.0
1304.0,3.0,20.0,2.0,100.0,25.0
1305.0,5.0,20.0,2.0,100.0,33.333332
1306.0,10.0,20.0,2.0,100.0,6.25
1307.0,20.0,20.0,2.0,100.0,5.263158
1308.0,40.0,20.0,2.0,100.0,5.5555553
1309.0,49.0,20.0,2.0,100.0,6.6666665
1310.0,0.0,20.0,2.0,100.0,100.0
1311.0,0.5,20.0,2.0,100.0,100.0
1312.0,1.0,20.0,2.0,100.0,25.0
1313.0,2.0,20.0,2.0,100.0,16.666666
1314.0,3.0,20.0,2.0,100.0,33.333332
1315.0,5.0,20.0,2.0,100.0,9.090909
1316.0,10.0,20.0,2.0,100.0,6.25
1317.0,20.0,20.0,2.0,100.0,5.0
1318.0,40.0,20.0,2.0,100.0,4.7619047
1319.0,49.0,20.0,2.0,100.0,5.263158
1320.0,0.0,20.0,2.0,100.0,100.0
1321.0,0.5,20.0,2.0,100.0,33.333332
1322.0,1.0,20.0,2.0,100.0,33.333332
1323.0,2.0,20.0,2.0,100.0,12.5
1324.0,3.0,20.0,2.0,100.0,8.333333
1325.0,5.0,20.0,2.0,100.0,20.0
1326.0,10.0,20.0,2.0,100.0,9.090909
1327.0,20.0,20.0,2.0,100.0,6.6666665
1328.0,40.0,20.0,2.0,100.0,5.0
1329.0,49.0,20.0,2.0,100.0,6.6666665
1330.0,0.0,20.0,2.0,100.0,100.0
1331.0,0.5,20.0,2.0,100.0,33.333332
1332.0,1.0,20.0,2.0,100.0,33.333332
1333.0,2.0,20.0,2.0,100.0,33.333332
1334.0,3.0,20.0,2.0,100.0,33.333332
1335.0,5.0,20.0,2.0,100.0,20.0
1336.0,10.0,20.0,2.0,100.0,11.111111
1337.0,20.0,20.0,2.0,100.0,6.6666665
1338.0,40.0,20.0,2.0,100.0,4.347826
1339.0,49.0,20.0,2.0,100.0,5.882353
1340.0,0.0,20.0,2.0,100.0,100.0
1341.0,0.5,20.0,2.0,100.0,100.0
1342.0,1.0,20.0,2.0,100.0,14.285714
1343.0,2.0,20.0,2.0,100.0,33.333332
1344.0,3.0,20.0,2.0,100.0,12.5
1345.0,5.0,20.0,2.0,100.0,11.111111
1346.0,10.0,20.0,2.0,100.0,7.142857
1347.0,20.0,20.0,2.0,100.0,5.882353
1348.0,40.0,20.0,2.0,100.0,6.25
1349.0,49.0,20.0,2.0,100.0,5.882353
1350.0,0.0,20.0,2.0,100.0,100.0
1351.0,0.5,20.0,2.0,100.0,33.333332
1352.0,1.0,20.0,2.0,100.0,33.333332
1353.0,2.0,20.0,2.0,100.0,4.7619047
1354.0,3.0,20.0,2.0,100.0,33.333332
1355.0,5.0,20.0,2.0,100.0,33.333332
1356.0,10.0,20.0,2.0,100.0,5.5555553
1357.0,20.0,20.0,2.0,100.0,6.25
1358.0,40.0,20.0,2.0,100.0,5.263158
1359.0,49.0,20.0,2.0,100.0,5.263158
1360.0,0.0,20.0,2.0,100.0,100.0
1361.0,0.5,20.0,2.0,100.0,33.333332
1362.0,1.0,20.0,2.0,100.0,33.333332
1363.0,2.0,20.0,2.0,100.0,12.5
1364.0,3.0,20.0,2.0,100.0,25.0
1365.0,5.0,20.0,2.0,100.0,20.0
1366.0,10.0,20.0,2.0,100.0,7.6923075
1367.0,20.0,20.0,2.0,100.0,6.25
1368.0,40.0,20.0,2.0,100.0,5.0
1369.0,49.0,20.0,2.0,100.0,4.347826
1370.0,0.0,20.0,2.0,100.0,100.0
1371.0,0.5,20.0,2.0,100.0,100.0
1372.0,1.0,20.0,2.0,100.0,33.333332
1373.0,2.0,20.0,2.0,100.0,33.333332
1374.0,3.0,20.0,2.0,100.0,33.333332
1375.0,5.0,20.0,2.0,100.0,9.090909
1376.0,10.0,20.0,2.0,100.0,7.142857
1377.0,20.0,20.0,2.0,100.0,5.882353
1378.0,40.0,20.0,2.0,100.0,5.882353
1379.0,49.0,20.0,2.0,100.0,4.7619047
1380.0,0.0,20.0,2.0,100.0,20.0
1381.0,0.5,20.0,2.0,100.0,7.6923075
1382.0,1.0,20.0,2.0,100.0,50.0
1383.0,2.0,20.0,2.0,100.0,14.285714
1384.0,3.0,20.0,2.0,100.0,14.285714
1385.0,5.0,20.0,2.0,100.0,12.5
1386.0,10.0,20.0,2.0,100.0,6.25
1387.0,20.0,20.0,2.0,100.0,4.347826
1388.0,40.0,20.0,2.0,100.0,5.5555553
1389.0,49.0,20.0,2.0,100.0,5.0
1390.0,0.0,20.0,2.0,100.0,100.0
1391.0,0.5,20.0,2.0,100.0,100.0
1392.0,1.0,20.0,2.0,100.0,25.0
1393.0,2.0,20.0,2.0,100.0,14.285714
1394.0,3.0,20.0,2.0,100.0,16.666666
1395.0,5.0,20.0,2.0,100.0,12.5
1396.0,10.0,20.0,2.0,100.0,7.6923075
1397.0,20.0,20.0,2.0,100.0,5.882353
1398.0,40.0,20.0,2.0,100.0,4.0
1399.0,49.0,20.0,2.0,100.0,4.7619047
1400.0,0.0,20.0,2.0,100.0,100.0
1401.0,0.5,20.0,2.0,100.0,100.0
1402.0,1.0,20.0,2.0,100.0,9.090909
1403.0,2.0,20.0,2.0,100.0,12.5
1404.0,3.0,20.0,2.0,100.0,11.111111
1405.0,5.0,20.0,2.0,100.0,12.5
1406.0,10.0,20.0,2.0,100.0,12.5
1407.0,20.0,20.0,2.0,100.0,5.882353
1408.0,40.0,20.0,2.0,100.0,5.882353
1409.0,49.0,20.0,2.0,100.0,6.6666665
1410.0,0.0,20.0,2.0,100.0,100.0
1411.0,0.5,20.0,2.0,100.0,33.333332
1412.0,1.0,20.0,2.0,100.0,33.333332
1413.0,2.0,20.0,2.0,100.0,100.0
1414.0,3.0,20.0,2.0,100.0,12.5
1415.0,5.0,20.0,2.0,100.0,14.285714
1416.0,10.0,20.0,2.0,100.0,7.142857
1417.0,20.0,20.0,2.0,100.0,6.6666665
1418.0,40.0,20.0,2.0,100.0,6.25
1419.0,49.0,20.0,2.0,100.0,5.263158
1420.0,0.0,20.0,2.0,100.0,100.0
1421.0,0.5,20.0,2.0,100.0,33.333332
1422.0,1.0,20.0,2.0,100.0,6.6666665
1423.0,2.0,20.0,2.0,100.0,33.333332
1424.0,3.0,20.0,2.0,100.0,33.333332
1425.0,5.0,20.0,2.0,100.0,12.5
1426.0,10.0,20.0,2.0,100.0,9.090909
1427.0,20.0,20.0,2.0,100.0,5.263158
1428.0,40.0,20.0,2.0,100.0,5.263158
1429.0,49.0,20.0,2.0,100.0,9.090909
1430.0,0.0,20.0,2.0,100.0,100.0
1431.0,0.5,20.0,2.0,100.0,100.0
1432.0,1.0,20.0,2.0,100.0,33.333332
1433.0,2.0,20.0,2.0,100.0,50.0
1434.0,3.0,20.0,2.0,100.0,25.0
1435.0,5.0,20.0,2.0,100.0,6.6666665
1436.0,10.0,20.0,2.0,100.0,5.5555553
1437.0,20.0,20.0,2.0,100.0,7.142857
1438.0,40.0,20.0,2.0,100.0,5.263158
1439.0,49.0,20.0,2.0,100.0,5.263158
1440.0,0.0,20.0,2.0,100.0,14.285714
1441.0,0.5,20.0,2.0,100.0,50.0
1442.0,1.0,20.0,2.0,100.0,33.333332
1443.0,2.0,20.0,2.0,100.0,14.285714
1444.0,3.0,20.0,2.0,100.0,10.0
1445.0,5.0,20.0,2.0,100.0,6.6666665
1446.0,10.0,20.0,2.0,100.0,6.6666665
1447.0,20.0,20.0,2.0,100.0,6.25
1448.0,40.0,20.0,2.0,100.0,4.7619047
1449.0,49.0,20.0,2.0,100.0,4.1666665
1450.0,0.0,20.0,2.0,100.0,100.0
1451.0,0.5,20.0,2.0,100.0,33.333332
1452.0,1.0,20.0,2.0,100.0,7.6923075
1453.0,2.0,20.0,2.0,100.0,33.333332
1454.0,3.0,20.0,2.0,100.0,25.0
1455.0,5.0,20.0,2.0,100.0,14.285714
1456.0,10.0,20.0,2.0,100.0,7.6923075
1457.0,20.0,20.0,2.0,100.0,5.263158
1458.0,40.0,20.0,2.0,100.0,4.1666665
1459.0,49.0,20.0,2.0,100.0,5.0
1460.0,0.0,20.0,2.0,100.0,100.0
1461.0,0.5,20.0,2.0,100.0,33.333332
1462.0,1.0,20.0,2.0,100.0,100.0
1463.0,2.0,20.0,2.0,100.0,16.666666
1464.0,3.0,20.0,2.0,100.0,25.0
1465.0,5.0,20.0,2.0,100.0,33.333332
1466.0,10.0,20.0,2.0,100.0,5.882353
1467.0,20.0,20.0,2.0,100.0,7.142857
1468.0,40.0,20.0,2.0,100.0,5.882353
1469.0,49.0,20.0,2.0,100.0,5.263158
1470.0,0.0,20.0,2.0,100.0,100.0
1471.0,0.5,20.0,2.0,100.0,100.0
1472.0,1.0,20.0,2.0,100.0,33.333332
1473.0,2.0,20.0,2.0,100.0,50.0
1474.0,3.0,20.0,2.0,100.0,7.142857
1475.0,5.0,20.0,2.0,100.0,7.142857
1476.0,10.0,20.0,2.0,100.0,4.7619047
1477.0,20.0,20.0,2.0,100.0,5.882353
1478.0,40.0,20.0,2.0,100.0,5.263158
1479.0,49.0,20.0,2.0,100.0,5.882353
1480.0,0.0,20.0,2.0,100.0,100.0
1481.0,0.5,20.0,2.0,100.0,33.333332
1482.0,1.0,20.0,2.0,100.0,33.333332
1483.0,2.0,20.0,2.0,100.0,100.0
1484.0,3.0,20.0,2.0,100.0,33.333332
1485.0,5.0,20.0,2.0,100.0,9.090909
1486.0,10.0,20.0,2.0,100.0,10.0
1487.0,20.0,20.0,2.0,100.0,4.7619047
1488.0,40.0,20.0,2.0,100.0,5.263158
1489.0,49.0,20.0,2.0,100.0,4.7619047
1490.0,0.0,20.0,2.0,100.0,100.0
1491.0,0.5,20.0,2.0,100.0,100.0
1492.0,1.0,20.0,2.0,100.0,100.0
1493.0,2.0,20.0,2.0,100.0,33.333332
1494.0,3.0,20.0,2.0,100.0,9.090909
1495.0,5.0,20.0,2.0,100.0,20.0
1496.0,10.0,20.0,2.0,100.0,6.25
1497.0,20.0,20.0,2.0,100.0,4.7619047
1498.0,40.0,20.0,2.0,100.0,4.7619047
1499.0,49.0,20.0,2.0,100.0,5.0
1500.0,0.0,20.0,2.0,100.0,100.0
1501.0,0.5,20.0,2.0,100.0,100.0
1502.0,1.0,20.0,2.0,100.0,25.0
1503.0,2.0,20.0,2.0,100.0,100.0
1504.0,3.0,20.0,2.0,100.0,7.142857
1505.0,5.0,20.0,2.0,100.0,12.5
1506.0,10.0,20.0,2.0,100.0,4.7619047
1507.0,20.0,20.0,2.0,100.0,5.263158
1508.0,40.0,20.0,2.0,100.0,6.6666665
1509.0,49.0,20.0,2.0,100.0,5.882353
1510.0,0.0,20.0,2.0,100.0,100.0
1511.0,0.5,20.0,2.0,100.0,100.0
1512.0,1.0,20.0,2.0,100.0,25.0
1513.0,2.0,20.0,2.0,100.0,25.0
1514.0,3.0,20.0,2.0,100.0,9.090909
1515.0,5.0,20.0,2.0,100.0,6.25
1516.0,10.0,20.0,2.0,100.0,6.25
1517.0,20.0,20.0,2.0,100.0,6.6666665
1518.0,40.0,20.0,2.0,100.0,5.882353
1519.0,49.0,20.0,2.0,100.0,4.7619047
1520.0,0.0,20.0,2.0,100.0,100.0
1521.0,0.5,20.0,2.0,100.0,33.333332
1522.0,1.0,20.0,2.0,100.0,20.0
1523.0,2.0,20.0,2.0,100.0,33.333332
1524.0,3.0,20.0,2.0,100.0,14.285714
1525.0,5.0,20.0,2.0,100.0,5.263158
1526.0,10.0,20.0,2.0,100.0,6.25
1527.0,20.0,20.0,2.0,100.0,6.6666665
1528.0,40.0,20.0,2.0,100.0,4.7619047
1529.0,49.0,20.0,2.0,100.0,4.7619047
1530.0,0.0,20.0,2.0,100.0,100.0
1531.0,0.5,20.0,2.0,100.0,33.333332
1532.0,1.0,20.0,2.0,100.0,5.263158
1533.0,2.0,20.0,2.0,100.0,25.0
1534.0,3.0,20.0,2.0,100.0,16.666666
1535.0,5.0,20.0,2.0,100.0,12.5
1536.0,10.0,20.0,2.0,100.0,5.882353
1537.0,20.0,20.0,2.0,100.0,7.142857
1538.0,40.0,20.0,2.0,100.0,5.5555553
1539.0,49.0,20.0,2.0,100.0,6.6666665
1540.0,0.0,20.0,2.0,100.0,100.0
1541.0,0.5,20.0,2.0,100.0,100.0
1542.0,1.0,20.0,2.0,100.0,50.0
1543.0,2.0,20.0,2.0,100.0,14.285714
1544.0,3.0,20.0,2.0,100.0,7.142857
1545.0,5.0,20.0,2.0,100.0,33.333332
1546.0,10.0,20.0,2.0,100.0,7.6923075
1547.0,20.0,20.0,2.0,100.0,5.882353
1548.0,40.0,20.0,2.0,100.0,4.7619047
1549.0,49.0,20.0,2.0,100.0,4.7619047
1550.0,0.0,20.0,2.0,100.0,100.0
1551.0,0.5,20.0,2.0,100.0,100.0
1552.0,1.0,20.0,2.0,100.0,33.333332
1553.0,2.0,20.0,2.0,100.0,33.333332
1554.0,3.0,20.0,2.0,100.0,16.666666
1555.0,5.0,20.0,2.0,100.0,6.6666665
1556.0,10.0,20.0,2.0,100.0,5.882353
1557.0,20.0,20.0,2.0,100.0,6.6666665
1558.0,40.0,20.0,2.0,100.0,5.263158
1559.0,49.0,20.0,2.0,100.0,4.347826
1560.0,0.0,20.0,2.0,100.0,100.0
1561.0,0.5,20.0,2.0,100.0,33.333332
1562.0,1.0,20.0,2.0,100.0,33.333332
1563.0,2.0,20.0,2.0,100.0,25.0
1564.0,3.0,20.0,2.0,100.0,25.0
1565.0,5.0,20.0,2.0,100.0,16.666666
1566.0,10.0,20.0,2.0,100.0,9.090909
1567.0,20.0,20.0,2.0,100.0,5.882353
1568.0,40.0,20.0,2.0,100.0,5.5555553
1569.0,49.0,20.0,2.0,100.0,4.7619047
1570.0,0.0,20.0,2.0,100.0,100.0
1571.0,0.5,20.0,2.0,100.0,33.333332
1572.0,1.0,20.0,2.0,100.0,33.333332
1573.0,2.0,20.0,2.0,100.0,33.333332
1574.0,3.0,20.0,2.0,100.0,33.333332
1575.0,5.0,20.0,2.0,100.0,14.285714
1576.0,10.0,20.0,2.0,100.0,6.25
1577.0,20.0,20.0,2.0,100.0,10.0
1578.0,40.0,20.0,2.0,100.0,5.882353
1579.0,49.0,20.0,2.0,100.0,4.347826
1580.0,0.0,20.0,2.0,100.0,11.111111
1581.0,0.5,20.0,2.0,100.0,33.333332
1582.0,1.0,20.0,2.0,100.0,33.333332
1583.0,2.0,20.0,2.0,100.0,11.111111
1584.0,3.0,20.0,2.0,100.0,33.333332
1585.0,5.0,20.0,2.0,100.0,6.6666665
1586.0,10.0,20.0,2.0,100.0,10.0
1587.0,20.0,20.0,2.0,100.0,5.5555553
1588.0,40.0,20.0,2.0,100.0,5.263158
1589.0,49.0,20.0,2.0,100.0,5.882353
1590.0,0.0,20.0,2.0,100.0,100.0
1591.0,0.5,20.0,2.0,100.0,33.333332
1592.0,1.0,20.0,2.0,100.0,7.6923075
1593.0,2.0,20.0,2.0,100.0,33.333332
1594.0,3.0,20.0,2.0,100.0,6.6666665
1595.0,5.0,20.0,2.0,100.0,11.111111
1596.0,10.0,20.0,2.0,100.0,6.25
1597.0,20.0,20.0,2.0,100.0,6.6666665
1598.0,40.0,20.0,2.0,100.0,5.0
1599.0,49.0,20.0,2.0,100.0,5.0
1600.0,0.0,20.0,2.0,100.0,100.0
1601.0,0.5,20.0,2.0,100.0,33.333332
1602.0,1.0,20.0,2.0,100.0,5.882353
1603.0,2.0,20.0,2.0,100.0,33.333332
1604.0,3.0,20.0,2.0,100.0,33.333332
1605.0,5.0,20.0,2.0,100.0,16.666666
1606.0,10.0,20.0,2.0,100.0,16.666666
1607.0,20.0,20.0,2.0,100.0,5.0
1608.0,40.0,20.0,2.0,100.0,5.0
1609.0,49.0,20.0,2.0,100.0,5.263158
1610.0,0.0,20.0,2.0,100.0,100.0
1611.0,0.5,20.0,2.0,100.0,100.0
1612.0,1.0,20.0,2.0,100.0,33.333332
1613.0,2.0,20.0,2.0,100.0,25.0
1614.0,3.0,20.0,2.0,100.0,8.333333
1615.0,5.0,20.0,2.0,100.0,7.6923075
1616.0,10.0,20.0,2.0,100.0,6.6666665
1617.0,20.0,20.0,2.0,100.0,7.6923075
1618.0,40.0,20.0,2.0,100.0,4.7619047
1619.0,49.0,20.0,2.0,100.0,5.263158
1620.0,0.0,20.0,2.0,100.0,100.0
1621.0,0.5,20.0,2.0,100.0,6.6666665
1622.0,1.0,20.0,2.0,100.0,9.090909
1623.0,2.0,20.0,2.0,100.0,33.333332
1624.0,3.0,20.0,2.0,100.0,5.5555553
1625.0,5.0,20.0,2.0,100.0,14.285714
1626.0,10.0,20.0,2.0,100.0,5.5555553
1627.0,20.0,20.0,2.0,100.0,6.6666665
1628.0,40.0,20.0,2.0,100.0,5.882353
1629.0,49.0,20.0,2.0,100.0,5.263158
1630.0,0.0,20.0,2.0,100.0,100.0
1631.0,0.5,20.0,2.0,100.0,33.333332
1632.0,1.0,20.0,2.0,100.0,33.333332
1633.0,2.0,20.0,2.0,100.0,33.333332
1634.0,3.0,20.0,2.0,100.0,16.666666
1635.0,5.0,20.0,2.0,100.0,12.5
1636.0,10.0,20.0,2.0,100.0,8.333333
1637.0,20.0,20.0,2.0,100.0,5.882353
1638.0,40.0,20.0,2.0,100.0,5.263158
1639.0,49.0,20.0,2.0,100.0,5.263158
1640.0,0.0,20.0,2.0,100.0,6.6666665
1641.0,0.5,20.0,2.0,100.0,33.333332
1642.0,1.0,20.0,2.0,100.0,33.333332
1643.0,2.0,20.0,2.0,100.0,14.285714
1644.0,3.0,20.0,2.0,100.0,8.333333
1645.0,5.0,20.0,2.0,100.0,20.0
1646.0,10.0,20.0,2.0,100.0,7.142857
1647.0,20.0,20.0,2.0,100.0,6.6666665
1648.0,40.0,20.0,2.0,100.0,5.882353
1649.0,49.0,20.0,2.0,100.0,4.7619047
1650.0,0.0,20.0,2.0,100.0,100.0
1651.0,0.5,20.0,2.0,100.0,100.0
1652.0,1.0,20.0,2.0,100.0,12.5
1653.0,2.0,20.0,2.0,100.0,33.333332
1654.0,3.0,20.0,2.0,100.0,16.666666
1655.0,5.0,20.0,2.0,100.0,20.0
1656.0,10.0,20.0,2.0,100.0,7.142857
1657.0,20.0,20.0,2.0,100.0,5.5555553
1658.0,40.0,20.0,2.0,100.0,6.25
1659.0,49.0,20.0,2.0,100.0,4.0
1660.0,0.0,20.0,2.0,100.0,100.0
1661.0,0.5,20.0,2.0,100.0,100.0
1662.0,1.0,20.0,2.0,100.0,33.333332
1663.0,2.0,20.0,2.0,100.0,11.111111
1664.0,3.0,20.0,2.0,100.0,25.0
1665.0,5.0,20.0,2.0,100.0,50.0
1666.0,10.0,20.0,2.0,100.0,6.6666665
1667.0,20.0,20.0,2.0,100.0,6.6666665
1668.0,40.0,20.0,2.0,100.0,5.263158
1669.0,49.0,20.0,2.0,100.0,4.0
1670.0,0.0,20.0,2.0,100.0,100.0
1671.0,0.5,20.0,2.0,100.0,33.333332
1672.0,1.0,20.0,2.0,100.0,100.0
1673.0,2.0,20.0,2.0,100.0,9.090909
1674.0,3.0,20.0,2.0,100.0,16.666666
1675.0,5.0,20.0,2.0,100.0,7.142857
1676.0,10.0,20.0,2.0,100.0,14.285714
1677.0,20.0,20.0,2.0,100.0,6.6666665
1678.0,40.0,20.0,2.0,100.0,5.0
1679.0,49.0,20.0,2.0,100.0,4.7619047
1680.0,0.0,20.0,2.0,100.0,100.0
1681.0,0.5,20.0,2.0,100.0,100.0
1682.0,1.0,20.0,2.0,100.0,33.333332
1683.0,2.0,20.0,2.0,100.0,20.0
1684.0,3.0,20.0,2.0,100.0,100.0
1685.0,5.0,20.0,2.0,100.0,4.7619047
1686.0,10.0,20.0,2.0,100.0,4.5454545
1687.0,20.0,20.0,2.0,100.0,5.263158
1688.0,40.0,20.0,2.0,100.0,5.0
1689.0,49.0,20.0,2.0,100.0,4.7619047
1690.0,0.0,20.0,2.0,100.0,100.0
1691.0,0.5,20.0,2.0,100.0,33.333332
1692.0,1.0,20.0,2.0,100.0,33.333332
1693.0,2.0,20.0,2.0,100.0,7.6923075
1694.0,3.0,20.0,2.0,100.0,16.666666
1695.0,5.0,20.0,2.0,100.0,12.5
1696.0,10.0,20.0,2.0,100.0,6.25
1697.0,20.0,20.0,2.0,100.0,5.882353
1698.0,40.0,20.0,2.0,100.0,5.882353
1699.0,49.0,20.0,2.0,100.0,5.263158
1700.0,0.0,20.0,2.0,100.0,100.0
1701.0,0.5,20.0,2.0,100.0,33.333332
1702.0,1.0,20.0,2.0,100.0,50.0
1703.0,2.0,20.0,2.0,100.0,33.333332
1704.0,3.0,20.0,2.0,100.0,7.142857
1705.0,5.0,20.0,2.0,100.0,7.142857
1706.0,10.0,20.0,2.0,100.0,7.142857
1707.0,20.0,20.0,2.0,100.0,5.0
1708.0,40.0,20.0,2.0,100.0,4.347826
1709.0,49.0,20.0,2.0,100.0,4.7619047
1710.0,0.0,20.0,2.0,100.0,100.0
1711.0,0.5,20.0,2.0,100.0,8.333333
1712.0,1.0,20.0,2.0,100.0,5.5555553
1713.0,2.0,20.0,2.0,100.0,5.882353
1714.0,3.0,20.0,2.0,100.0,100.0
1715.0,5.0,20.0,2.0,100.0,11.111111
1716.0,10.0,20.0,2.0,100.0,9.090909
1717.0,20.0,20.0,2.0,100.0,5.882353
1718.0,40.0,20.0,2.0,100.0,5.882353
1719.0,49.0,20.0,2.0,100.0,4.7619047
1720.0,0.0,20.0,2.0,100.0,100.0
1721.0,0.5,20.0,2.0,100.0,100.0
1722.0,1.0,20.0,2.0,100.0,100.0
1723.0,2.0,20.0,2.0,100.0,25.0
1724.0,3.0,20.0,2.0,100.0,33.333332
1725.0,5.0,20.0,2.0,100.0,20.0
1726.0,10.0,20.0,2.0,100.0,9.090909
1727.0,20.0,20.0,2.0,100.0,4.7619047
1728.0,40.0,20.0,2.0,100.0,4.7619047
1729.0,49.0,20.0,2.0,100.0,5.882353
1730.0,0.0,20.0,2.0,100.0,100.0
1731.0,0.5,20.0,2.0,100.0,100.0
1732.0,1.0,20.0,2.0,100.0,100.0
1733.0,2.0,20.0,2.0,100.0,5.263158
1734.0,3.0,20.0,2.0,100.0,20.0
1735.0,5.0,20.0,2.0,100.0,14.285714
1736.0,10.0,20.0,2.0,100.0,9.090909
1737.0,20.0,20.0,2.0,100.0,5.0
1738.0,40.0,20.0,2.0,100.0,4.7619047
1739.0,49.0,20.0,2.0,100.0,4.347826
1740.0,0.0,20.0,2.0,100.0,100.0
1741.0,0.5,20.0,2.0,100.0,16.666666
1742.0,1.0,20.0,2.0,100.0,11.111111
1743.0,2.0,20.0,2.0,100.0,33.333332
1744.0,3.0,20.0,2.0,100.0,16.666666
1745.0,5.0,20.0,2.0,100.0,8.333333
1746.0,10.0,20.0,2.0,100.0,6.6666665
1747.0,20.0,20.0,2.0,100.0,5.882353
1748.0,40.0,20.0,2.0,100.0,5.882353
1749.0,49.0,20.0,2.0,100.0,5.882353
1750.0,0.0,20.0,2.0,100.0,100.0
1751.0,0.5,20.0,2.0,100.0,9.090909
1752.0,1.0,20.0,2.0,100.0,100.0
1753.0,2.0,20.0,2.0,100.0,50.0
1754.0,3.0,20.0,2.0,100.0,6.6666665
1755.0,5.0,20.0,2.0,100.0,5.5555553
1756.0,10.0,20.0,2.0,100.0,9.090909
1757.0,20.0,20.0,2.0,100.0,7.142857
1758.0,40.0,20.0,2.0,100.0,5.263158
1759.0,49.0,20.0,2.0,100.0,5.5555553
1760.0,0.0,20.0,2.0,100.0,100.0
1761.0,0.5,20.0,2.0,100.0,100.0
1762.0,1.0,20.0,2.0,100.0,100.0
1763.0,2.0,20.0,2.0,100.0,16.666666
1764.0,3.0,20.0,2.0,100.0,14.285714
1765.0,5.0,20.0,2.0,100.0,9.090909
1766.0,10.0,20.0,2.0,100.0,6.6666665
1767.0,20.0,20.0,2.0,100.0,6.25
1768.0,40.0,20.0,2.0,100.0,6.6666665
1769.0,49.0,20.0,2.0,100.0,4.5454545
1770.0,0.0,20.0,2.0,100.0,7.6923075
1771.0,0.5,20.0,2.0,100.0,100.0
1772.0,1.0,20.0,2.0,100.0,100.0
1773.0,2.0,20.0,2.0,100.0,16.666666
1774.0,3.0,20.0,2.0,100.0,50.0
1775.0,5.0,20.0,2.0,100.0,6.25
1776.0,10.0,20.0,2.0,100.0,5.5555553
1777.0,20.0,20.0,2.0,100.0,6.6666665
1778.0,40.0,20.0,2.0,100.0,5.882353
1779.0,49.0,20.0,2.0,100.0,4.7619047
1780.0,0.0,20.0,2.0,100.0,100.0
1781.0,0.5,20.0,2.0,100.0,25.0
1782.0,1.0,20.0,2.0,100.0,33.333332
1783.0,2.0,20.0,2.0,100.0,9.090909
1784.0,3.0,20.0,2.0,100.0,33.333332
1785.0,5.0,20.0,2.0,100.0,11.111111
1786.0,10.0,20.0,2.0,100.0,14.285714
1787.0,20.0,20.0,2.0,100.0,7.6923075
1788.0,40.0,20.0,2.0,100.0,4.347826
1789.0,49.0,20.0,2.0,100.0,4.347826
1790.0,0.0,20.0,2.0,100.0,100.0
1791.0,0.5,20.0,2.0,100.0,100.0
1792.0,1.0,20.0,2.0,100.0,33.333332
1793.0,2.0,20.0,2.0,100.0,33.333332
1794.0,3.0,20.0,2.0,100.0,16.666666
1795.0,5.0,20.0,2.0,100.0,20.0
1796.0,10.0,20.0,2.0,100.0,8.333333
1797.0,20.0,20.0,2.0,100.0,4.7619047
1798.0,40.0,20.0,2.0,100.0,5.5555553
1799.0,49.0,20.0,2.0,100.0,4.7619047
1800.0,0.0,20.0,2.0,100.0,100.0
1801.0,0.5,20.0,2.0,100.0,100.0
1802.0,1.0,20.0,2.0,100.0,33.333332
1803.0,2.0,20.0,2.0,100.0,33.333332
1804.0,3.0,20.0,2.0,100.0,9.090909
1805.0,5.0,20.0,2.0,100.0,16.666666
1806.0,10.0,20.0,2.0,100.0,5.5555553
1807.0,20.0,20.0,2.0,100.0,7.142857
1808.0,40.0,20.0,2.0,100.0,6.6666665
1809.0,49.0,20.0,2.0,100.0,5.882353
1810.0,0.0,20.0,2.0,100.0,9.090909
1811.0,0.5,20.0,2.0,100.0,100.0
1812.0,1.0,20.0,2.0,100.0,33.333332
1813.0,2.0,20.0,2.0,100.0,7.6923075
1814.0,3.0,20.0,2.0,100.0,33.333332
1815.0,5.0,20.0,2.0,100.0,25.0
1816.0,10.0,20.0,2.0,100.0,9.090909
1817.0,20.0,20.0,2.0,100.0,5.882353
1818.0,40.0,20.0,2.0,100.0,5.0
1819.0,49.0,20.0,2.0,100.0,5.263158
1820.0,0.0,20.0,2.0,100.0,100.0
1821.0,0.5,20.0,2.0,100.0,33.333332
1822.0,1.0,20.0,2.0,100.0,33.333332
1823.0,2.0,20.0,2.0,100.0,33.333332
1824.0,3.0,20.0,2.0,100.0,50.0
1825.0,5.0,20.0,2.0,100.0,7.142857
1826.0,10.0,20.0,2.0,100.0,7.6923075
1827.0,20.0,20.0,2.0,100.0,4.7619047
1828.0,40.0,20.0,2.0,100.0,5.5555553
1829.0,49.0,20.0,2.0,100.0,4.7619047
1830.0,0.0,20.0,2.0,100.0,100.0
1831.0,0.5,20.0,2.0,100.0,33.333332
1832.0,1.0,20.0,2.0,100.0,50.0
1833.0,2.0,20.0,2.0,100.0,11.111111
1834.0,3.0,20.0,2.0,100.0,25.0
1835.0,5.0,20.0,2.0,100.0,25.0
1836.0,10.0,20.0,2.0,100.0,8.333333
1837.0,20.0,20.0,2.0,100.0,5.263158
1838.0,40.0,20.0,2.0,100.0,5.882353
1839.0,49.0,20.0,2.0,100.0,4.347826
1840.0,0.0,20.0,2.0,100.0,100.0
1841.0,0.5,20.0,2.0,100.0,33.333332
1842.0,1.0,20.0,2.0,100.0,33.333332
1843.0,2.0,20.0,2.0,100.0,25.0
1844.0,3.0,20.0,2.0,100.0,16.666666
1845.0,5.0,20.0,2.0,100.0,7.6923075
1846.0,10.0,20.0,2.0,100.0,6.25
1847.0,20.0,20.0,2.0,100.0,5.882353
1848.0,40.0,20.0,2.0,100.0,6.25
1849.0,49.0,20.0,2.0,100.0,5.882353
1850.0,0.0,20.0,2.0,100.0,100.0
1851.0,0.5,20.0,2.0,100.0,100.0
1852.0,1.0,20.0,2.0,100.0,100.0
1853.0,2.0,20.0,2.0,100.0,14.285714
1854.0,3.0,20.0,2.0,100.0,33.333332
1855.0,5.0,20.0,2.0,100.0,11.111111
1856.0,10.0,20.0,2.0,100.0,12.5
1857.0,20.0,20.0,2.0,100.0,6.6666665
1858.0,40.0,20.0,2.0,100.0,6.6666665
1859.0,49.0,20.0,2.0,100.0,5.0
1860.0,0.0,20.0,2.0,100.0,100.0
1861.0,0.5,20.0,2.0,100.0,100.0
1862.0,1.0,20.0,2.0,100.0,50.0
1863.0,2.0,20.0,2.0,100.0,33.333332
1864.0,3.0,20.0,2.0,100.0,9.090909
1865.0,5.0,20.0,2.0,100.0,12.5
1866.0,10.0,20.0,2.0,100.0,8.333333
1867.0,20.0,20.0,2.0,100.0,6.6666665
1868.0,40.0,20.0,2.0,100.0,5.263158
1869.0,49.0,20.0,2.0,100.0,4.347826
1870.0,0.0,20.0,2.0,100.0,100.0
1871.0,0.5,20.0,2.0,100.0,100.0
1872.0,1.0,20.0,2.0,100.0,33.333332
1873.0,2.0,20.0,2.0,100.0,20.0
1874.0,3.0,20.0,2.0,100.0,12.5
1875.0,5.0,20.0,2.0,100.0,12.5
1876.0,10.0,20.0,2.0,100.0,7.6923075
1877.0,20.0,20.0,2.0,100.0,6.6666665
1878.0,40.0,20.0,2.0,100.0,6.25
1879.0,49.0,20.0,2.0,100.0,5.263158
1880.0,0.0,20.0,2.0,100.0,100.0
1881.0,0.5,20.0,2.0,100.0,100.0
1882.0,1.0,20.0,2.0,100.0,33.333332
1883.0,2.0,20.0,2.0,100.0,14.285714
1884.0,3.0,20.0,2.0,100.0,33.333332
1885.0,5.0,20.0,2.0,100.0,8.333333
1886.0,10.0,20.0,2.0,100.0,6.6666665
1887.0,20.0,20.0,2.0,100.0,5.5555553
1888.0,40.0,20.0,2.0,100.0,5.263158
1889.0,49.0,20.0,2.0,100.0,5.882353
1890.0,0.0,20.0,2.0,100.0,100.0
1891.0,0.5,20.0,2.0,100.0,33.333332
1892.0,1.0,20.0,2.0,100.0,25.0
1893.0,2.0,20.0,2.0,100.0,33.333332
1894.0,3.0,20.0,2.0,100.0,16.666666
1895.0,5.0,20.0,2.0,100.0,14.285714
1896.0,10.0,20.0,2.0,100.0,7.6923075
1897.0,20.0,20.0,2.0,100.0,5.263158
1898.0,40.0,20.0,2.0,100.0,5.263158
1899.0,49.0,20.0,2.0,100.0,4.347826
1900.0,0.0,20.0,2.0,100.0,100.0
1901.0,0.5,20.0,2.0,100.0,100.0
1902.0,1.0,20.0,2.0,100.0,33.333332
1903.0,2.0,20.0,2.0,100.0,25.0
1904.0,3.0,20.0,2.0,100.0,33.333332
1905.0,5.0,20.0,2.0,100.0,33.333332
1906.0,10.0,20.0,2.0,100.0,8.333333
1907.0,20.0,20.0,2.0,100.0,5.5555553
1908.0,40.0,20.0,2.0,100.0,6.6666665
1909.0,49.0,20.0,2.0,100.0,4.7619047
1910.0,0.0,20.0,2.0,100.0,100.0
1911.0,0.5,20.0,2.0,100.0,100.0
1912.0,1.0,20.0,2.0,100.0,33.333332
1913.0,2.0,20.0,2.0,100.0,14.285714
1914.0,3.0,20.0,2.0,100.0,6.6666665
1915.0,5.0,20.0,2.0,100.0,8.333333
1916.0,10.0,20.0,2.0,100.0,7.142857
1917.0,20.0,20.0,2.0,100.0,4.347826
1918.0,40.0,20.0,2.0,100.0,4.7619047
1919.0,49.0,20.0,2.0,100.0,5.263158
1920.0,0.0,20.0,2.0,100.0,100.0
1921.0,0.5,20.0,2.0,100.0,33.333332
1922.0,1.0,20.0,2.0,100.0,16.666666
1923.0,2.0,20.0,2.0,100.0,10.0
1924.0,3.0,20.0,2.0,100.0,12.5
1925.0,5.0,20.0,2.0,100.0,12.5
1926.0,10.0,20.0,2.0,100.0,5.0
1927.0,20.0,20.0,2.0,100.0,5.0
1928.0,40.0,20.0,2.0,100.0,5.263158
1929.0,49.0,20.0,2.0,100.0,6.6666665
1930.0,0.0,20.0,2.0,100.0,100.0
1931.0,0.5,20.0,2.0,100.0,33.333332
1932.0,1.0,20.0,2.0,100.0,33.333332
1933.0,2.0,20.0,2.0,100.0,33.333332
1934.0,3.0,20.0,2.0,100.0,33.333332
1935.0,5.0,20.0,2.0,100.0,16.666666
1936.0,10.0,20.0,2.0,100.0,6.6666665
1937.0,20.0,20.0,2.0,100.0,6.25
1938.0,40.0,20.0,2.0,100.0,5.263158
1939.0,49.0,20.0,2.0,100.0,5.263158
1940.0,0.0,20.0,2.0,100.0,100.0
1941.0,0.5,20.0,2.0,100.0,100.0
1942.0,1.0,20.0,2.0,100.0,50.0
1943.0,2.0,20.0,2.0,100.0,33.333332
1944.0,3.0,20.0,2.0,100.0,33.333332
1945.0,5.0,20.0,2.0,100.0,7.6923075
1946.0,10.0,20.0,2.0,100.0,7.142857
1947.0,20.0,20.0,2.0,100.0,7.6923075
1948.0,40.0,20.0,2.0,100.0,4.5454545
1949.0,49.0,20.0,2.0,100.0,5.263158
1950.0,0.0,20.0,2.0,100.0,100.0
1951.0,0.5,20.0,2.0,100.0,100.0
1952.0,1.0,20.0,2.0,100.0,33.333332
1953.0,2.0,20.0,2.0,100.0,33.333332
1954.0,3.0,20.0,2.0,100.0,20.0
1955.0,5.0,20.0,2.0,100.0,11.111111
1956.0,10.0,20.0,2.0,100.0,6.6666665
1957.0,20.0,20.0,2.0,100.0,7.142857
1958.0,40.0,20.0,2.0,100.0,5.263158
1959.0,49.0,20.0,2.0,100.0,6.25
1960.0,0.0,20.0,2.0,100.0,100.0
1961.0,0.5,20.0,2.0,100.0,8.333333
1962.0,1.0,20.0,2.0,100.0,100.0
1963.0,2.0,20.0,2.0,100.0,25.0
1964.0,3.0,20.0,2.0,100.0,33.333332
1965.0,5.0,20.0,2.0,100.0,16.666666
1966.0,10.0,20.0,2.0,100.0,7.142857
1967.0,20.0,20.0,2.0,100.0,6.25
1968.0,40.0,20.0,2.0,100.0,4.347826
1969.0,49.0,20.0,2.0,100.0,4.7619047
1970.0,0.0,20.0,2.0,100.0,100.0
1971.0,0.5,20.0,2.0,100.0,33.333332
1972.0,1.0,20.0,2.0,100.0,33.333332
1973.0,2.0,20.0,2.0,100.0,33.333332
1974.0,3.0,20.0,2.0,100.0,20.0
1975.0,5.0,20.0,2.0,100.0,10.0
1976.0,10.0,20.0,2.0,100.0,6.6666665
1977.0,20.0,20.0,2.0,100.0,5.5555553
1978.0,40.0,20.0,2.0,100.0,4.5454545
1979.0,49.0,20.0,2.0,100.0,5.263158
1980.0,0.0,20.0,2.0,100.0,100.0
1981.0,0.5,20.0,2.0,100.0,33.333332
1982.0,1.0,20.0,2.0,100.0,33.333332
1983.0,2.0,20.0,2.0,100.0,33.333332
1984.0,3.0,20.0,2.0,100.0,25.0
1985.0,5.0,20.0,2.0,100.0,14.285714
1986.0,10.0,20.0,2.0,100.0,8.333333
1987.0,20.0,20.0,2.0,100.0,6.25
1988.0,40.0,20.0,2.0,100.0,4.347826
1989.0,49.0,20.0,2.0,100.0,4.7619047
1990.0,0.0,20.0,2.0,100.0,100.0
1991.0,0.5,20.0,2.0,100.0,50.0
1992.0,1.0,20.0,2.0,100.0,100.0
1993.0,2.0,20.0,2.0,100.0,9.090909
1994.0,3.0,20.0,2.0,100.0,33.333332
1995.0,5.0,20.0,2.0,100.0,33.333332
1996.0,10.0,20.0,2.0,100.0,6.25
1997.0,20.0,20.0,2.0,100.0,6.25
1998.0,40.0,20.0,2.0,100.0,4.7619047
1999.0,49.0,20.0,2.0,100.0,4.7619047
2000.0,0.0,20.0,2.0,100.0,100.0
2001.0,0.5,20.0,2.0,100.0,100.0
2002.0,1.0,20.0,2.0,100.0,11.111111
2003.0,2.0,20.0,2.0,100.0,7.6923075
2004.0,3.0,20.0,2.0,100.0,33.333332
2005.0,5.0,20.0,2.0,100.0,6.25
2006.0,10.0,20.0,2.0,100.0,5.5555553
2007.0,20.0,20.0,2.0,100.0,5.5555553
2008.0,40.0,20.0,2.0,100.0,5.263158
2009.0,49.0,20.0,2.0,100.0,4.5454545
2010.0,0.0,20.0,2.0,100.0,100.0
2011.0,0.5,20.0,2.0,100.0,100.0
2012.0,1.0,20.0,2.0,100.0,25.0
2013.0,2.0,20.0,2.0,100.0,33.333332
2014.0,3.0,20.0,2.0,100.0,20.0
2015.0,5.0,20.0,2.0,100.0,5.5555553
2016.0,10.0,20.0,2.0,100.0,11.111111
2017.0,20.0,20.0,2.0,100.0,6.25
2018.0,40.0,20.0,2.0,100.0,4.7619047
2019.0,49.0,20.0,2.0,100.0,4.7619047
2020.0,0.0,20.0,2.0,100.0,100.0
2021.0,0.5,20.0,2.0,100.0,33.333332
2022.0,1.0,20.0,2.0,100.0,12.5
2023.0,2.0,20.0,2.0,100.0,6.6666665
2024.0,3.0,20.0,2.0,100.0,25.0
2025.0,5.0,20.0,2.0,100.0,33.333332
2026.0,10.0,20.0,2.0,100.0,6.6666665
2027.0,20.0,20.0,2.0,100.0,5.882353
2028.0,40.0,20.0,2.0,100.0,4.7619047
2029.0,49.0,20.0,2.0,100.0,4.7619047
2030.0,0.0,20.0,2.0,100.0,100.0
2031.0,0.5,20.0,2.0,100.0,100.0
2032.0,1.0,20.0,2.0,100.0,33.333332
2033.0,2.0,20.0,2.0,100.0,33.333332
2034.0,3.0,20.0,2.0,100.0,9.090909
2035.0,5.0,20.0,2.0,100.0,11.111111
2036.0,10.0,20.0,2.0,100.0,6.25
2037.0,20.0,20.0,2.0,100.0,7.142857
2038.0,40.0,20.0,2.0,100.0,3.8461537
2039.0,49.0,20.0,2.0,100.0,5.5555553
2040.0,0.0,20.0,2.0,100.0,100.0
2041.0,0.5,20.0,2.0,100.0,100.0
2042.0,1.0,20.0,2.0,100.0,7.6923075
2043.0,2.0,20.0,2.0,100.0,33.333332
2044.0,3.0,20.0,2.0,100.0,8.333333
2045.0,5.0,20.0,2.0,100.0,6.25
2046.0,10.0,20.0,2.0,100.0,9.090909
2047.0,20.0,20.0,2.0,100.0,6.6666665
2048.0,40.0,20.0,2.0,100.0,5.882353
2049.0,49.0,20.0,2.0,100.0,6.6666665
2050.0,0.0,20.0,2.0,100.0,100.0
2051.0,0.5,20.0,2.0,100.0,100.0
2052.0,1.0,20.0,2.0,100.0,100.0
2053.0,2.0,20.0,2.0,100.0,11.111111
2054.0,3.0,20.0,2.0,100.0,33.333332
2055.0,5.0,20.0,2.0,100.0,33.333332
2056.0,10.0,20.0,2.0,100.0,5.882353
2057.0,20.0,20.0,2.0,100.0,5.263158
2058.0,40.0,20.0,2.0,100.0,5.882353
2059.0,49.0,20.0,2.0,100.0,5.263158
2060.0,0.0,20.0,2.0,100.0,100.0
2061.0,0.5,20.0,2.0,100.0,33.333332
2062.0,1.0,20.0,2.0,100.0,33.333332
2063.0,2.0,20.0,2.0,100.0,33.333332
2064.0,3.0,20.0,2.0,100.0,16.666666
2065.0,5.0,20.0,2.0,100.0,16.666666
2066.0,10.0,20.0,2.0,100.0,9.090909
2067.0,20.0,20.0,2.0,100.0,7.142857
2068.0,40.0,20.0,2.0,100.0,6.6666665
2069.0,49.0,20.0,2.0,100.0,5.882353
2070.0,0.0,20.0,2.0,100.0,100.0
2071.0,0.5,20.0,2.0,100.0,33.333332
2072.0,1.0,20.0,2.0,100.0,100.0
2073.0,2.0,20.0,2.0,100.0,10.0
2074.0,3.0,20.0,2.0,100.0,16.666666
2075.0,5.0,20.0,2.0,100.0,16.666666
2076.0,10.0,20.0,2.0,100.0,7.142857
2077.0,20.0,20.0,2.0,100.0,6.25
2078.0,40.0,20.0,2.0,100.0,6.6666665
2079.0,49.0,20.0,2.0,100.0,4.7619047
2080.0,0.0,20.0,2.0,100.0,5.882353
2081.0,0.5,20.0,2.0,100.0,33.333332
2082.0,1.0,20.0,2.0,100.0,6.25
2083.0,2.0,20.0,2.0,100.0,16.666666
2084.0,3.0,20.0,2.0,100.0,33.333332
2085.0,5.0,20.0,2.0,100.0,9.090909
2086.0,10.0,20.0,2.0,100.0,14.285714
2087.0,20.0,20.0,2.0,100.0,6.25
2088.0,40.0,20.0,2.0,100.0,4.7619047
2089.0,49.0,20.0,2.0,100.0,5.263158
2090.0,0.0,20.0,2.0,100.0,100.0
2091.0,0.5,20.0,2.0,100.0,20.0
2092.0,1.0,20.0,2.0,100.0,33.333332
2093.0,2.0,20.0,2.0,100.0,25.0
2094.0,3.0,20.0,2.0,100.0,6.6666665
2095.0,5.0,20.0,2.0,100.0,12.5
2096.0,10.0,20.0,2.0,100.0,8.333333
2097.0,20.0,20.0,2.0,100.0,5.5555553
2098.0,40.0,20.0,2.0,100.0,4.347826
2099.0,49.0,20.0,2.0,100.0,4.7619047
2100.0,0.0,20.0,2.0,100.0,100.0
2101.0,0.5,20.0,2.0,100.0,100.0
2102.0,1.0,20.0,2.0,100.0,33.333332
2103.0,2.0,20.0,2.0,100.0,25.0
2104.0,3.0,20.0,2.0,100.0,20.0
2105.0,5.0,20.0,2.0,100.0,20.0
2106.0,10.0,20.0,2.0,100.0,5.5555553
2107.0,20.0,20.0,2.0,100.0,6.6666665
2108.0,40.0,20.0,2.0,100.0,5.263158
2109.0,49.0,20.0,2.0,100.0,5.0
2110.0,0.0,20.0,2.0,100.0,100.0
2111.0,0.5,20.0,2.0,100.0,100.0
2112.0,1.0,20.0,2.0,100.0,33.333332
2113.0,2.0,20.0,2.0,100.0,5.882353
2114.0,3.0,20.0,2.0,100.0,25.0
2115.0,5.0,20.0,2.0,100.0,9.090909
2116.0,10.0,20.0,2.0,100.0,11.111111
2117.0,20.0,20.0,2.0,100.0,5.882353
2118.0,40.0,20.0,2.0,100.0,5.882353
2119.0,49.0,20.0,2.0,100.0,5.5555553
2120.0,0.0,20.0,2.0,100.0,100.0
2121.0,0.5,20.0,2.0,100.0,33.333332
2122.0,1.0,20.0,2.0,100.0,33.333332
2123.0,2.0,20.0,2.0,100.0,20.0
2124.0,3.0,20.0,2.0,100.0,8.333333
2125.0,5.0,20.0,2.0,100.0,11.111111
2126.0,10.0,20.0,2.0,100.0,6.6666665
2127.0,20.0,20.0,2.0,100.0,5.263158
2128.0,40.0,20.0,2.0,100.0,4.7619047
2129.0,49.0,20.0,2.0,100.0,4.7619047
2130.0,0.0,20.0,2.0,100.0,100.0
2131.0,0.5,20.0,2.0,100.0,33.333332
2132.0,1.0,20.0,2.0,100.0,25.0
2133.0,2.0,20.0,2.0,100.0,25.0
2134.0,3.0,20.0,2.0,100.0,25.0
2135.0,5.0,20.0,2.0,100.0,7.6923075
2136.0,10.0,20.0,2.0,100.0,6.6666665
2137.0,20.0,20.0,2.0,100.0,5.882353
2138.0,40.0,20.0,2.0,100.0,4.5454545
2139.0,49.0,20.0,2.0,100.0,5.263158
2140.0,0.0,20.0,2.0,100.0,100.0
2141.0,0.5,20.0,2.0,100.0,33.333332
2142.0,1.0,20.0,2.0,100.0,20.0
2143.0,2.0,20.0,2.0,100.0,10.0
2144.0,3.0,20.0,2.0,100.0,12.5
2145.0,5.0,20.0,2.0,100.0,33.333332
2146.0,10.0,20.0,2.0,100.0,5.5555553
2147.0,20.0,20.0,2.0,100.0,7.6923075
2148.0,40.0,20.0,2.0,100.0,5.263158
2149.0,49.0,20.0,2.0,100.0,5.263158
2150.0,0.0,20.0,2.0,100.0,100.0
2151.0,0.5,20.0,2.0,100.0,33.333332
2152.0,1.0,20.0,2.0,100.0,16.666666
2153.0,2.0,20.0,2.0,100.0,25.0
2154.0,3.0,20.0,2.0,100.0,8.333333
2155.0,5.0,20.0,2.0,100.0,33.333332
2156.0,10.0,20.0,2.0,100.0,16.666666
2157.0,20.0,20.0,2.0,100.0,5.263158
2158.0,40.0,20.0,2.0,100.0,4.347826
2159.0,49.0,20.0,2.0,100.0,4.7619047
2160.0,0.0,20.0,2.0,100.0,100.0
2161.0,0.5,20.0,2.0,100.0,100.0
2162.0,1.0,20.0,2.0,100.0,33.333332
2163.0,2.0,20.0,2.0,100.0,33.333332
2164.0,3.0,20.0,2.0,100.0,16.666666
2165.0,5.0,20.0,2.0,100.0,7.6923075
2166.0,10.0,20.0,2.0,100.0,7.142857
2167.0,20.0,20.0,2.0,100.0,8.333333
2168.0,40.0,20.0,2.0,100.0,5.263158
2169.0,49.0,20.0,2.0,100.0,4.7619047
2170.0,0.0,20.0,2.0,100.0,100.0
2171.0,0.5,20.0,2.0,100.0,33.333332
2172.0,1.0,20.0,2.0,100.0,33.333332
2173.0,2.0,20.0,2.0,100.0,16.666666
2174.0,3.0,20.0,2.0,100.0,100.0
2175.0,5.0,20.0,2.0,100.0,16.666666
2176.0,10.0,20.0,2.0,100.0,9.090909
2177.0,20.0,20.0,2.0,100.0,5.263158
2178.0,40.0,20.0,2.0,100.0,5.263158
2179.0,49.0,20.0,2.0,100.0,5.263158
2180.0,0.0,20.0,2.0,100.0,20.0
2181.0,0.5,20.0,2.0,100.0,50.0
2182.0,1.0,20.0,2.0,100.0,100.0
2183.0,2.0,20.0,2.0,100.0,33.333332
2184.0,3.0,20.0,2.0,100.0,16.666666
2185.0,5.0,20.0,2.0,100.0,9.090909
2186.0,10.0,20.0,2.0,100.0,9.090909
2187.0,20.0,20.0,2.0,100.0,7.142857
2188.0,40.0,20.0,2.0,100.0,5.263158
2189.0,49.0,20.0,2.0,100.0,5.882353
2190.0,0.0,20.0,2.0,100.0,100.0
2191.0,0.5,20.0,2.0,100.0,14.285714
2192.0,1.0,20.0,2.0,100.0,11.111111
2193.0,2.0,20.0,2.0,100.0,10.0
2194.0,3.0,20.0,2.0,100.0,16.666666
2195.0,5.0,20.0,2.0,100.0,12.5
2196.0,10.0,20.0,2.0,100.0,5.882353
2197.0,20.0,20.0,2.0,100.0,5.263158
2198.0,40.0,20.0,2.0,100.0,5.263158
2199.0,49.0,20.0,2.0,100.0,5.882353
2200.0,0.0,20.0,2.0,100.0,20.0
2201.0,0.5,20.0,2.0,100.0,25.0
2202.0,1.0,20.0,2.0,100.0,25.0
2203.0,2.0,20.0,2.0,100.0,11.111111
2204.0,3.0,20.0,2.0,100.0,33.333332
2205.0,5.0,20.0,2.0,100.0,9.090909
2206.0,10.0,20.0,2.0,100.0,11.111111
2207.0,20.0,20.0,2.0,100.0,7.142857
2208.0,40.0,20.0,2.0,100.0,6.25
2209.0,49.0,20.0,2.0,100.0,5.882353
2210.0,0.0,20.0,2.0,100.0,100.0
2211.0,0.5,20.0,2.0,100.0,100.0
2212.0,1.0,20.0,2.0,100.0,33.333332
2213.0,2.0,20.0,2.0,100.0,100.0
2214.0,3.0,20.0,2.0,100.0,33.333332
2215.0,5.0,20.0,2.0,100.0,10.0
2216.0,10.0,20.0,2.0,100.0,5.5555553
2217.0,20.0,20.0,2.0,100.0,4.7619047
2218.0,40.0,20.0,2.0,100.0,5.0
2219.0,49.0,20.0,2.0,100.0,4.347826
2220.0,0.0,20.0,2.0,100.0,100.0
2221.0,0.5,20.0,2.0,100.0,100.0
2222.0,1.0,20.0,2.0,100.0,33.333332
2223.0,2.0,20.0,2.0,100.0,33.333332
2224.0,3.0,20.0,2.0,100.0,20.0
2225.0,5.0,20.0,2.0,100.0,12.5
2226.0,10.0,20.0,2.0,100.0,6.25
2227.0,20.0,20.0,2.0,100.0,5.882353
2228.0,40.0,20.0,2.0,100.0,5.0
2229.0,49.0,20.0,2.0,100.0,4.1666665
2230.0,0.0,20.0,2.0,100.0,33.333332
2231.0,0.5,20.0,2.0,100.0,100.0
2232.0,1.0,20.0,2.0,100.0,33.333332
2233.0,2.0,20.0,2.0,100.0,33.333332
2234.0,3.0,20.0,2.0,100.0,11.111111
2235.0,5.0,20.0,2.0,100.0,33.333332
2236.0,10.0,20.0,2.0,100.0,8.333333
2237.0,20.0,20.0,2.0,100.0,9.090909
2238.0,40.0,20.0,2.0,100.0,6.25
2239.0,49.0,20.0,2.0,100.0,5.263158
2240.0,0.0,20.0,2.0,100.0,100.0
2241.0,0.5,20.0,2.0,100.0,33.333332
2242.0,1.0,20.0,2.0,100.0,100.0
2243.0,2.0,20.0,2.0,100.0,33.333332
2244.0,3.0,20.0,2.0,100.0,16.666666
2245.0,5.0,20.0,2.0,100.0,5.882353
2246.0,10.0,20.0,2.0,100.0,9.090909
2247.0,20.0,20.0,2.0,100.0,7.142857
2248.0,40.0,20.0,2.0,100.0,5.263158
2249.0,49.0,20.0,2.0,100.0,5.882353
2250.0,0.0,20.0,2.0,100.0,100.0
2251.0,0.5,20.0,2.0,100.0,100.0
2252.0,1.0,20.0,2.0,100.0,25.0
2253.0,2.0,20.0,2.0,100.0,33.333332
2254.0,3.0,20.0,2.0,100.0,11.111111
2255.0,5.0,20.0,2.0,100.0,5.882353
2256.0,10.0,20.0,2.0,100.0,7.6923075
2257.0,20.0,20.0,2.0,100.0,5.882353
2258.0,40.0,20.0,2.0,100.0,5.263158
2259.0,49.0,20.0,2.0,100.0,5.263158
2260.0,0.0,20.0,2.0,100.0,100.0
2261.0,0.5,20.0,2.0,100.0,33.333332
2262.0,1.0,20.0,2.0,100.0,14.285714
2263.0,2.0,20.0,2.0,100.0,5.263158
2264.0,3.0,20.0,2.0,100.0,25.0
2265.0,5.0,20.0,2.0,100.0,12.5
2266.0,10.0,20.0,2.0,100.0,9.090909
2267.0,20.0,20.0,2.0,100.0,7.142857
2268.0,40.0,20.0,2.0,100.0,5.882353
2269.0,49.0,20.0,2.0,100.0,5.263158
2270.0,0.0,20.0,2.0,100.0,100.0
2271.0,0.5,20.0,2.0,100.0,100.0
2272.0,1.0,20.0,2.0,100.0,100.0
2273.0,2.0,20.0,2.0,100.0,12.5
2274.0,3.0,20.0,2.0,100.0,10.0
2275.0,5.0,20.0,2.0,100.0,16.666666
2276.0,10.0,20.0,2.0,100.0,4.7619047
2277.0,20.0,20.0,2.0,100.0,7.142857
2278.0,40.0,20.0,2.0,100.0,5.882353
2279.0,49.0,20.0,2.0,100.0,5.5555553
2280.0,0.0,20.0,2.0,100.0,100.0
2281.0,0.5,20.0,2.0,100.0,33.333332
2282.0,1.0,20.0,2.0,100.0,33.333332
2283.0,2.0,20.0,2.0,100.0,33.333332
2284.0,3.0,20.0,2.0,100.0,16.666666
2285.0,5.0,20.0,2.0,100.0,7.6923075
2286.0,10.0,20.0,2.0,100.0,9.090909
2287.0,20.0,20.0,2.0,100.0,5.5555553
2288.0,40.0,20.0,2.0,100.0,5.0
2289.0,49.0,20.0,2.0,100.0,5.882353
2290.0,0.0,20.0,2.0,100.0,100.0
2291.0,0.5,20.0,2.0,100.0,33.333332
2292.0,1.0,20.0,2.0,100.0,33.333332
2293.0,2.0,20.0,2.0,100.0,33.333332
2294.0,3.0,20.0,2.0,100.0,25.0
2295.0,5.0,20.0,2.0,100.0,10.0
2296.0,10.0,20.0,2.0,100.0,9.090909
2297.0,20.0,20.0,2.0,100.0,7.6923075
2298.0,40.0,20.0,2.0,100.0,4.7619047
2299.0,49.0,20.0,2.0,100.0,4.7619047
2300.0,0.0,20.0,2.0,100.0,100.0
2301.0,0.5,20.0,2.0,100.0,33.333332
2302.0,1.0,20.0,2.0,100.0,33.333332
2303.0,2.0,20.0,2.0,100.0,33.333332
2304.0,3.0,20.0,2.0,100.0,20.0
2305.0,5.0,20.0,2.0,100.0,7.142857
2306.0,10.0,20.0,2.0,100.0,11.111111
2307.0,20.0,20.0,2.0,100.0,5.263158
2308.0,40.0,20.0,2.0,100.0,4.347826
2309.0,49.0,20.0,2.0,100.0,4.347826
2310.0,0.0,20.0,2.0,100.0,20.0
2311.0,0.5,20.0,2.0,100.0,33.333332
2312.0,1.0,20.0,2.0,100.0,33.333332
2313.0,2.0,20.0,2.0,100.0,7.6923075
2314.0,3.0,20.0,2.0,100.0,16.666666
2315.0,5.0,20.0,2.0,100.0,33.333332
2316.0,10.0,20.0,2.0,100.0,14.285714
2317.0,20.0,20.0,2.0,100.0,5.263158
2318.0,40.0,20.0,2.0,100.0,4.347826
2319.0,49.0,20.0,2.0,100.0,4.347826
2320.0,0.0,20.0,2.0,100.0,100.0
2321.0,0.5,20.0,2.0,100.0,100.0
2322.0,1.0,20.0,2.0,100.0,100.0
2323.0,2.0,20.0,2.0,100.0,33.333332
2324.0,3.0,20.0,2.0,100.0,11.111111
2325.0,5.0,20.0,2.0,100.0,11.111111
2326.0,10.0,20.0,2.0,100.0,8.333333
2327.0,20.0,20.0,2.0,100.0,5.5555553
2328.0,40.0,20.0,2.0,100.0,5.263158
2329.0,49.0,20.0,2.0,100.0,5.263158
2330.0,0.0,20.0,2.0,100.0,100.0
2331.0,0.5,20.0,2.0,100.0,20.0
2332.0,1.0,20.0,2.0,100.0,33.333332
2333.0,2.0,20.0,2.0,100.0,33.333332
2334.0,3.0,20.0,2.0,100.0,33.333332
2335.0,5.0,20.0,2.0,100.0,9.090909
2336.0,10.0,20.0,2.0,100.0,7.142857
2337.0,20.0,20.0,2.0,100.0,5.263158
2338.0,40.0,20.0,2.0,100.0,4.5454545
2339.0,49.0,20.0,2.0,100.0,5.263158
2340.0,0.0,20.0,2.0,100.0,11.111111
2341.0,0.5,20.0,2.0,100.0,100.0
2342.0,1.0,20.0,2.0,100.0,100.0
2343.0,2.0,20.0,2.0,100.0,33.333332
2344.0,3.0,20.0,2.0,100.0,33.333332
2345.0,5.0,20.0,2.0,100.0,14.285714
2346.0,10.0,20.0,2.0,100.0,7.6923075
2347.0,20.0,20.0,2.0,100.0,6.25
2348.0,40.0,20.0,2.0,100.0,5.5555553
2349.0,49.0,20.0,2.0,100.0,4.347826
2350.0,0.0,20.0,2.0,100.0,100.0
2351.0,0.5,20.0,2.0,100.0,100.0
2352.0,1.0,20.0,2.0,100.0,20.0
2353.0,2.0,20.0,2.0,100.0,33.333332
2354.0,3.0,20.0,2.0,100.0,7.6923075
2355.0,5.0,20.0,2.0,100.0,7.142857
2356.0,10.0,20.0,2.0,100.0,5.5555553
2357.0,20.0,20.0,2.0,100.0,5.5555553
2358.0,40.0,20.0,2.0,100.0,4.7619047
2359.0,49.0,20.0,2.0,100.0,5.263158
2360.0,0.0,20.0,2.0,100.0,100.0
2361.0,0.5,20.0,2.0,100.0,100.0
2362.0,1.0,20.0,2.0,100.0,100.0
2363.0,2.0,20.0,2.0,100.0,5.882353
2364.0,3.0,20.0,2.0,100.0,20.0
2365.0,5.0,20.0,2.0,100.0,16.666666
2366.0,10.0,20.0,2.0,100.0,9.090909
2367.0,20.0,20.0,2.0,100.0,5.263158
2368.0,40.0,20.0,2.0,100.0,4.7619047
2369.0,49.0,20.0,2.0,100.0,4.7619047
2370.0,0.0,20.0,2.0,100.0,100.0
2371.0,0.5,20.0,2.0,100.0,25.0
2372.0,1.0,20.0,2.0,100.0,16.666666
2373.0,2.0,20.0,2.0,100.0,5.882353
2374.0,3.0,20.0,2.0,100.0,33.333332
2375.0,5.0,20.0,2.0,100.0,9.090909
2376.0,10.0,20.0,2.0,100.0,8.333333
2377.0,20.0,20.0,2.0,100.0,5.882353
2378.0,40.0,20.0,2.0,100.0,5.5555553
2379.0,49.0,20.0,2.0,100.0,4.347826
2380.0,0.0,20.0,2.0,100.0,14.285714
2381.0,0.5,20.0,2.0,100.0,25.0
2382.0,1.0,20.0,2.0,100.0,33.333332
2383.0,2.0,20.0,2.0,100.0,33.333332
2384.0,3.0,20.0,2.0,100.0,33.333332
2385.0,5.0,20.0,2.0,100.0,9.090909
2386.0,10.0,20.0,2.0,100.0,4.7619047
2387.0,20.0,20.0,2.0,100.0,6.6666665
2388.0,40.0,20.0,2.0,100.0,7.6923075
2389.0,49.0,20.0,2.0,100.0,6.25
2390.0,0.0,20.0,2.0,100.0,100.0
2391.0,0.5,20.0,2.0,100.0,33.333332
2392.0,1.0,20.0,2.0,100.0,100.0
2393.0,2.0,20.0,2.0,100.0,33.333332
2394.0,3.0,20.0,2.0,100.0,100.0
2395.0,5.0,20.0,2.0,100.0,14.285714
2396.0,10.0,20.0,2.0,100.0,7.142857
2397.0,20.0,20.0,2.0,100.0,6.6666665
2398.0,40.0,20.0,2.0,100.0,5.263158
2399.0,49.0,20.0,2.0,100.0,5.5555553
2400.0,0.0,20.0,2.0,100.0,11.111111
2401.0,0.5,20.0,2.0,100.0,33.333332
2402.0,1.0,20.0,2.0,100.0,100.0
2403.0,2.0,20.0,2.0,100.0,25.0
2404.0,3.0,20.0,2.0,100.0,14.285714
2405.0,5.0,20.0,2.0,100.0,16.666666
2406.0,10.0,20.0,2.0,100.0,5.0
2407.0,20.0,20.0,2.0,100.0,9.090909
2408.0,40.0,20.0,2.0,100.0,5.263158
2409.0,49.0,20.0,2.0,100.0,5.263158
2410.0,0.0,20.0,2.0,100.0,100.0
2411.0,0.5,20.0,2.0,100.0,100.0
2412.0,1.0,20.0,2.0,100.0,33.333332
2413.0,2.0,20.0,2.0,100.0,33.333332
2414.0,3.0,20.0,2.0,100.0,16.666666
2415.0,5.0,20.0,2.0,100.0,8.333333
2416.0,10.0,20.0,2.0,100.0,5.263158
2417.0,20.0,20.0,2.0,100.0,5.0
2418.0,40.0,20.0,2.0,100.0,4.7619047
2419.0,49.0,20.0,2.0,100.0,5.263158
2420.0,0.0,20.0,2.0,100.0,100.0
2421.0,0.5,20.0,2.0,100.0,33.333332
2422.0,1.0,20.0,2.0,100.0,33.333332
2423.0,2.0,20.0,2.0,100.0,50.0
2424.0,3.0,20.0,2.0,100.0,25.0
2425.0,5.0,20.0,2.0,100.0,33.333332
2426.0,10.0,20.0,2.0,100.0,8.333333
2427.0,20.0,20.0,2.0,100.0,7.6923075
2428.0,40.0,20.0,2.0,100.0,4.7619047
2429.0,49.0,20.0,2.0,100.0,4.347826
2430.0,0.0,20.0,2.0,100.0,100.0
2431.0,0.5,20.0,2.0,100.0,100.0
2432.0,1.0,20.0,2.0,100.0,100.0
2433.0,2.0,20.0,2.0,100.0,25.0
2434.0,3.0,20.0,2.0,100.0,20.0
2435.0,5.0,20.0,2.0,100.0,11.111111
2436.0,10.0,20.0,2.0,100.0,7.6923075
2437.0,20.0,20.0,2.0,100.0,5.0
2438.0,40.0,20.0,2.0,100.0,5.0
2439.0,49.0,20.0,2.0,100.0,4.7619047
2440.0,0.0,20.0,2.0,100.0,100.0
2441.0,0.5,20.0,2.0,100.0,33.333332
2442.0,1.0,20.0,2.0,100.0,33.333332
2443.0,2.0,20.0,2.0,100.0,25.0
2444.0,3.0,20.0,2.0,100.0,6.6666665
2445.0,5.0,20.0,2.0,100.0,5.882353
2446.0,10.0,20.0,2.0,100.0,7.6923075
2447.0,20.0,20.0,2.0,100.0,5.263158
2448.0,40.0,20.0,2.0,100.0,5.5555553
2449.0,49.0,20.0,2.0,100.0,5.263158
2450.0,0.0,20.0,2.0,100.0,100.0
2451.0,0.5,20.0,2.0,100.0,12.5
2452.0,1.0,20.0,2.0,100.0,20.0
2453.0,2.0,20.0,2.0,100.0,33.333332
2454.0,3.0,20.0,2.0,100.0,33.333332
2455.0,5.0,20.0,2.0,100.0,11.111111
2456.0,10.0,20.0,2.0,100.0,7.6923075
2457.0,20.0,20.0,2.0,100.0,5.5555553
2458.0,40.0,20.0,2.0,100.0,4.347826
2459.0,49.0,20.0,2.0,100.0,5.882353
2460.0,0.0,20.0,2.0,100.0,100.0
2461.0,0.5,20.0,2.0,100.0,33.333332
2462.0,1.0,20.0,2.0,100.0,10.0
2463.0,2.0,20.0,2.0,100.0,16.666666
2464.0,3.0,20.0,2.0,100.0,6.25
2465.0,5.0,20.0,2.0,100.0,6.25
2466.0,10.0,20.0,2.0,100.0,8.333333
2467.0,20.0,20.0,2.0,100.0,5.5555553
2468.0,40.0,20.0,2.0,100.0,5.0
2469.0,49.0,20.0,2.0,100.0,5.263158
2470.0,0.0,20.0,2.0,100.0,14.285714
2471.0,0.5,20.0,2.0,100.0,33.333332
2472.0,1.0,20.0,2.0,100.0,100.0
2473.0,2.0,20.0,2.0,100.0,33.333332
2474.0,3.0,20.0,2.0,100.0,20.0
2475.0,5.0,20.0,2.0,100.0,33.333332
2476.0,10.0,20.0,2.0,100.0,4.7619047
2477.0,20.0,20.0,2.0,100.0,6.25
2478.0,40.0,20.0,2.0,100.0,4.7619047
2479.0,49.0,20.0,2.0,100.0,5.263158
2480.0,0.0,20.0,2.0,100.0,100.0
2481.0,0.5,20.0,2.0,100.0,100.0
2482.0,1.0,20.0,2.0,100.0,100.0
2483.0,2.0,20.0,2.0,100.0,5.263158
2484.0,3.0,20.0,2.0,100.0,11.111111
2485.0,5.0,20.0,2.0,100.0,12.5
2486.0,10.0,20.0,2.0,100.0,9.090909
2487.0,20.0,20.0,2.0,100.0,5.263158
2488.0,40.0,20.0,2.0,100.0,6.6666665
2489.0,49.0,20.0,2.0,100.0,4.7619047
2490.0,0.0,20.0,2.0,100.0,100.0
2491.0,0.5,20.0,2.0,100.0,100.0
2492.0,1.0,20.0,2.0,100.0,25.0
2493.0,2.0,20.0,2.0,100.0,11.111111
2494.0,3.0,20.0,2.0,100.0,5.0
2495.0,5.0,20.0,2.0,100.0,12.5
2496.0,10.0,20.0,2.0,100.0,6.6666665
2497.0,20.0,20.0,2.0,100.0,7.142857
2498.0,40.0,20.0,2.0,100.0,5.263158
2499.0,49.0,20.0,2.0,100.0,5.263158
2500.0,0.0,20.0,2.0,100.0,5.882353
2501.0,0.5,20.0,2.0,100.0,10.0
2502.0,1.0,20.0,2.0,100.0,33.333332
2503.0,2.0,20.0,2.0,100.0,33.333332
2504.0,3.0,20.0,2.0,100.0,33.333332
2505.0,5.0,20.0,2.0,100.0,20.0
2506.0,10.0,20.0,2.0,100.0,9.090909
2507.0,20.0,20.0,2.0,100.0,6.6666665
2508.0,40.0,20.0,2.0,100.0,5.882353
2509.0,49.0,20.0,2.0,100.0,4.347826
2510.0,0.0,20.0,2.0,100.0,100.0
2511.0,0.5,20.0,2.0,100.0,33.333332
2512.0,1.0,20.0,2.0,100.0,100.0
2513.0,2.0,20.0,2.0,100.0,7.6923075
2514.0,3.0,20.0,2.0,100.0,25.0
2515.0,5.0,20.0,2.0,100.0,12.5
2516.0,10.0,20.0,2.0,100.0,6.25
2517.0,20.0,20.0,2.0,100.0,6.6666665
2518.0,40.0,20.0,2.0,100.0,5.5555553
2519.0,49.0,20.0,2.0,100.0,4.347826
2520.0,0.0,20.0,2.0,100.0,100.0
2521.0,0.5,20.0,2.0,100.0,100.0
2522.0,1.0,20.0,2.0,100.0,10.0
2523.0,2.0,20.0,2.0,100.0,33.333332
2524.0,3.0,20.0,2.0,100.0,4.7619047
2525.0,5.0,20.0,2.0,100.0,20.0
2526.0,10.0,20.0,2.0,100.0,5.882353
2527.0,20.0,20.0,2.0,100.0,4.7619047
2528.0,40.0,20.0,2.0,100.0,6.6666665
2529.0,49.0,20.0,2.0,100.0,5.0
2530.0,0.0,20.0,2.0,100.0,100.0
2531.0,0.5,20.0,2.0,100.0,100.0
2532.0,1.0,20.0,2.0,100.0,33.333332
2533.0,2.0,20.0,2.0,100.0,33.333332
2534.0,3.0,20.0,2.0,100.0,100.0
2535.0,5.0,20.0,2.0,100.0,7.142857
2536.0,10.0,20.0,2.0,100.0,10.0
2537.0,20.0,20.0,2.0,100.0,4.7619047
2538.0,40.0,20.0,2.0,100.0,5.5555553
2539.0,49.0,20.0,2.0,100.0,4.347826
2540.0,0.0,20.0,2.0,100.0,100.0
2541.0,0.5,20.0,2.0,100.0,100.0
2542.0,1.0,20.0,2.0,100.0,33.333332
2543.0,2.0,20.0,2.0,100.0,16.666666
2544.0,3.0,20.0,2.0,100.0,8.333333
2545.0,5.0,20.0,2.0,100.0,5.0
2546.0,10.0,20.0,2.0,100.0,11.111111
2547.0,20.0,20.0,2.0,100.0,5.263158
2548.0,40.0,20.0,2.0,100.0,5.0
2549.0,49.0,20.0,2.0,100.0,5.882353
2550.0,0.0,20.0,2.0,100.0,9.090909
2551.0,0.5,20.0,2.0,100.0,16.666666
2552.0,1.0,20.0,2.0,100.0,33.333332
2553.0,2.0,20.0,2.0,100.0,10.0
2554.0,3.0,20.0,2.0,100.0,33.333332
2555.0,5.0,20.0,2.0,100.0,7.142857
2556.0,10.0,20.0,2.0,100.0,8.333333
2557.0,20.0,20.0,2.0,100.0,7.142857
2558.0,40.0,20.0,2.0,100.0,5.5555553
2559.0,49.0,20.0,2.0,100.0,4.5454545
2560.0,0.0,20.0,2.0,100.0,100.0
2561.0,0.5,20.0,2.0,100.0,100.0
2562.0,1.0,20.0,2.0,100.0,100.0
2563.0,2.0,20.0,2.0,100.0,33.333332
2564.0,3.0,20.0,2.0,100.0,33.333332
2565.0,5.0,20.0,2.0,100.0,20.0
2566.0,10.0,20.0,2.0,100.0,5.882353
2567.0,20.0,20.0,2.0,100.0,9.090909
2568.0,40.0,20.0,2.0,100.0,4.7619047
2569.0,49.0,20.0,2.0,100.0,4.1666665
2570.0,0.0,20.0,2.0,100.0,100.0
2571.0,0.5,20.0,2.0,100.0,100.0
2572.0,1.0,20.0,2.0,100.0,100.0
2573.0,2.0,20.0,2.0,100.0,33.333332
2574.0,3.0,20.0,2.0,100.0,25.0
2575.0,5.0,20.0,2.0,100.0,6.25
2576.0,10.0,20.0,2.0,100.0,14.285714
2577.0,20.0,20.0,2.0,100.0,5.882353
2578.0,40.0,20.0,2.0,100.0,5.263158
2579.0,49.0,20.0,2.0,100.0,5.263158
2580.0,0.0,20.0,2.0,100.0,100.0
2581.0,0.5,20.0,2.0,100.0,100.0
2582.0,1.0,20.0,2.0,100.0,33.333332
2583.0,2.0,20.0,2.0,100.0,33.333332
2584.0,3.0,20.0,2.0,100.0,8.333333
2585.0,5.0,20.0,2.0,100.0,12.5
2586.0,10.0,20.0,2.0,100.0,6.6666665
2587.0,20.0,20.0,2.0,100.0,6.6666665
2588.0,40.0,20.0,2.0,100.0,5.263158
2589.0,49.0,20.0,2.0,100.0,5.882353
2590.0,0.0,20.0,2.0,100.0,33.333332
2591.0,0.5,20.0,2.0,100.0,100.0
2592.0,1.0,20.0,2.0,100.0,20.0
2593.0,2.0,20.0,2.0,100.0,20.0
2594.0,3.0,20.0,2.0,100.0,50.0
2595.0,5.0,20.0,2.0,100.0,14.285714
2596.0,10.0,20.0,2.0,100.0,9.090909
2597.0,20.0,20.0,2.0,100.0,7.6923075
2598.0,40.0,20.0,2.0,100.0,4.7619047
2599.0,49.0,20.0,2.0,100.0,4.0
2600.0,0.0,20.0,2.0,100.0,100.0
2601.0,0.5,20.0,2.0,100.0,100.0
2602.0,1.0,20.0,2.0,100.0,100.0
2603.0,2.0,20.0,2.0,100.0,20.0
2604.0,3.0,20.0,2.0,100.0,33.333332
2605.0,5.0,20.0,2.0,100.0,9.090909
2606.0,10.0,20.0,2.0,100.0,5.882353
2607.0,20.0,20.0,2.0,100.0,9.090909
2608.0,40.0,20.0,2.0,100.0,4.7619047
2609.0,49.0,20.0,2.0,100.0,5.263158
2610.0,0.0,20.0,2.0,100.0,100.0
2611.0,0.5,20.0,2.0,100.0,33.333332
2612.0,1.0,20.0,2.0,100.0,100.0
2613.0,2.0,20.0,2.0,100.0,33.333332
2614.0,3.0,20.0,2.0,100.0,20.0
2615.0,5.0,20.0,2.0,100.0,14.285714
2616.0,10.0,20.0,2.0,100.0,7.6923075
2617.0,20.0,20.0,2.0,100.0,7.6923075
2618.0,40.0,20.0,2.0,100.0,5.882353
2619.0,49.0,20.0,2.0,100.0,4.5454545
2620.0,0.0,20.0,2.0,100.0,100.0
2621.0,0.5,20.0,2.0,100.0,14.285714
2622.0,1.0,20.0,2.0,100.0,33.333332
2623.0,2.0,20.0,2.0,100.0,33.333332
2624.0,3.0,20.0,2.0,100.0,12.5
2625.0,5.0,20.0,2.0,100.0,12.5
2626.0,10.0,20.0,2.0,100.0,12.5
2627.0,20.0,20.0,2.0,100.0,5.263158
2628.0,40.0,20.0,2.0,100.0,7.142857
2629.0,49.0,20.0,2.0,100.0,5.263158
2630.0,0.0,20.0,2.0,100.0,100.0
2631.0,0.5,20.0,2.0,100.0,100.0
2632.0,1.0,20.0,2.0,100.0,33.333332
2633.0,2.0,20.0,2.0,100.0,100.0
2634.0,3.0,20.0,2.0,100.0,11.111111
2635.0,5.0,20.0,2.0,100.0,33.333332
2636.0,10.0,20.0,2.0,100.0,7.6923075
2637.0,20.0,20.0,2.0,100.0,7.142857
2638.0,40.0,20.0,2.0,100.0,4.7619047
2639.0,49.0,20.0,2.0,100.0,4.7619047
2640.0,0.0,20.0,2.0,100.0,100.0
2641.0,0.5,20.0,2.0,100.0,33.333332
2642.0,1.0,20.0,2.0,100.0,33.333332
2643.0,2.0,20.0,2.0,100.0,20.0
2644.0,3.0,20.0,2.0,100.0,16.666666
2645.0,5.0,20.0,2.0,100.0,9.090909
2646.0,10.0,20.0,2.0,100.0,10.0
2647.0,20.0,20.0,2.0,100.0,6.6666665
2648.0,40.0,20.0,2.0,100.0,6.6666665
2649.0,49.0,20.0,2.0,100.0,4.7619047
2650.0,0.0,20.0,2.0,100.0,100.0
2651.0,0.5,20.0,2.0,100.0,33.333332
2652.0,1.0,20.0,2.0,100.0,6.25
2653.0,2.0,20.0,2.0,100.0,10.0
2654.0,3.0,20.0,2.0,100.0,33.333332
2655.0,5.0,20.0,2.0,100.0,8.333333
2656.0,10.0,20.0,2.0,100.0,8.333333
2657.0,20.0,20.0,2.0,100.0,5.882353
2658.0,40.0,20.0,2.0,100.0,4.7619047
2659.0,49.0,20.0,2.0,100.0,4.7619047
2660.0,0.0,20.0,2.0,100.0,100.0
2661.0,0.5,20.0,2.0,100.0,33.333332
2662.0,1.0,20.0,2.0,100.0,33.333332
2663.0,2.0,20.0,2.0,100.0,33.333332
2664.0,3.0,20.0,2.0,100.0,33.333332
2665.0,5.0,20.0,2.0,100.0,10.0
2666.0,10.0,20.0,2.0,100.0,4.7619047
2667.0,20.0,20.0,2.0,100.0,9.090909
2668.0,40.0,20.0,2.0,100.0,5.882353
2669.0,49.0,20.0,2.0,100.0,5.263158
2670.0,0.0,20.0,2.0,100.0,100.0
2671.0,0.5,20.0,2.0,100.0,100.0
2672.0,1.0,20.0,2.0,100.0,33.333332
2673.0,2.0,20.0,2.0,100.0,25.0
2674.0,3.0,20.0,2.0,100.0,33.333332
2675.0,5.0,20.0,2.0,100.0,10.0
2676.0,10.0,20.0,2.0,100.0,5.882353
2677.0,20.0,20.0,2.0,100.0,5.882353
2678.0,40.0,20.0,2.0,100.0,5.263158
2679.0,49.0,20.0,2.0,100.0,5.263158
2680.0,0.0,20.0,2.0,100.0,100.0
2681.0,0.5,20.0,2.0,100.0,100.0
2682.0,1.0,20.0,2.0,100.0,25.0
2683.0,2.0,20.0,2.0,100.0,33.333332
2684.0,3.0,20.0,2.0,100.0,11.111111
2685.0,5.0,20.0,2.0,100.0,25.0
2686.0,10.0,20.0,2.0,100.0,7.6923075
2687.0,20.0,20.0,2.0,100.0,7.6923075
2688.0,40.0,20.0,2.0,100.0,5.263158
2689.0,49.0,20.0,2.0,100.0,4.7619047
2690.0,0.0,20.0,2.0,100.0,100.0
2691.0,0.5,20.0,2.0,100.0,100.0
2692.0,1.0,20.0,2.0,100.0,33.333332
2693.0,2.0,20.0,2.0,100.0,20.0
2694.0,3.0,20.0,2.0,100.0,33.333332
2695.0,5.0,20.0,2.0,100.0,25.0
2696.0,10.0,20.0,2.0,100.0,5.5555553
2697.0,20.0,20.0,2.0,100.0,6.25
2698.0,40.0,20.0,2.0,100.0,5.882353
2699.0,49.0,20.0,2.0,100.0,4.347826
2700.0,0.0,20.0,2.0,100.0,100.0
2701.0,0.5,20.0,2.0,100.0,10.0
2702.0,1.0,20.0,2.0,100.0,33.333332
2703.0,2.0,20.0,2.0,100.0,25.0
2704.0,3.0,20.0,2.0,100.0,25.0
2705.0,5.0,20.0,2.0,100.0,12.5
2706.0,10.0,20.0,2.0,100.0,5.882353
2707.0,20.0,20.0,2.0,100.0,5.882353
2708.0,40.0,20.0,2.0,100.0,6.25
2709.0,49.0,20.0,2.0,100.0,6.6666665
2710.0,0.0,20.0,2.0,100.0,100.0
2711.0,0.5,20.0,2.0,100.0,33.333332
2712.0,1.0,20.0,2.0,100.0,33.333332
2713.0,2.0,20.0,2.0,100.0,33.333332
2714.0,3.0,20.0,2.0,100.0,14.285714
2715.0,5.0,20.0,2.0,100.0,10.0
2716.0,10.0,20.0,2.0,100.0,5.882353
2717.0,20.0,20.0,2.0,100.0,5.5555553
2718.0,40.0,20.0,2.0,100.0,5.882353
2719.0,49.0,20.0,2.0,100.0,4.7619047
2720.0,0.0,20.0,2.0,100.0,100.0
2721.0,0.5,20.0,2.0,100.0,25.0
2722.0,1.0,20.0,2.0,100.0,9.090909
2723.0,2.0,20.0,2.0,100.0,33.333332
2724.0,3.0,20.0,2.0,100.0,12.5
2725.0,5.0,20.0,2.0,100.0,20.0
2726.0,10.0,20.0,2.0,100.0,6.25
2727.0,20.0,20.0,2.0,100.0,11.111111
2728.0,40.0,20.0,2.0,100.0,4.347826
2729.0,49.0,20.0,2.0,100.0,5.263158
2730.0,0.0,20.0,2.0,100.0,100.0
2731.0,0.5,20.0,2.0,100.0,100.0
2732.0,1.0,20.0,2.0,100.0,14.285714
2733.0,2.0,20.0,2.0,100.0,33.333332
2734.0,3.0,20.0,2.0,100.0,33.333332
2735.0,5.0,20.0,2.0,100.0,8.333333
2736.0,10.0,20.0,2.0,100.0,4.7619047
2737.0,20.0,20.0,2.0,100.0,5.263158
2738.0,40.0,20.0,2.0,100.0,5.263158
2739.0,49.0,20.0,2.0,100.0,7.142857
2740.0,0.0,20.0,2.0,100.0,100.0
2741.0,0.5,20.0,2.0,100.0,20.0
2742.0,1.0,20.0,2.0,100.0,33.333332
2743.0,2.0,20.0,2.0,100.0,33.333332
2744.0,3.0,20.0,2.0,100.0,7.6923075
2745.0,5.0,20.0,2.0,100.0,10.0
2746.0,10.0,20.0,2.0,100.0,7.6923075
2747.0,20.0,20.0,2.0,100.0,5.882353
2748.0,40.0,20.0,2.0,100.0,5.263158
2749.0,49.0,20.0,2.0,100.0,4.7619047
2750.0,0.0,20.0,2.0,100.0,100.0
2751.0,0.5,20.0,2.0,100.0,100.0
2752.0,1.0,20.0,2.0,100.0,100.0
2753.0,2.0,20.0,2.0,100.0,33.333332
2754.0,3.0,20.0,2.0,100.0,33.333332
2755.0,5.0,20.0,2.0,100.0,20.0
2756.0,10.0,20.0,2.0,100.0,9.090909
2757.0,20.0,20.0,2.0,100.0,5.882353
2758.0,40.0,20.0,2.0,100.0,4.7619047
2759.0,49.0,20.0,2.0,100.0,4.347826
2760.0,0.0,20.0,2.0,100.0,100.0
2761.0,0.5,20.0,2.0,100.0,33.333332
2762.0,1.0,20.0,2.0,100.0,20.0
2763.0,2.0,20.0,2.0,100.0,25.0
2764.0,3.0,20.0,2.0,100.0,33.333332
2765.0,5.0,20.0,2.0,100.0,7.142857
2766.0,10.0,20.0,2.0,100.0,8.333333
2767.0,20.0,20.0,2.0,100.0,5.882353
2768.0,40.0,20.0,2.0,100.0,5.882353
2769.0,49.0,20.0,2.0,100.0,5.882353
2770.0,0.0,20.0,2.0,100.0,100.0
2771.0,0.5,20.0,2.0,100.0,100.0
2772.0,1.0,20.0,2.0,100.0,14.285714
2773.0,2.0,20.0,2.0,100.0,6.6666665
2774.0,3.0,20.0,2.0,100.0,25.0
2775.0,5.0,20.0,2.0,100.0,16.666666
2776.0,10.0,20.0,2.0,100.0,14.285714
2777.0,20.0,20.0,2.0,100.0,5.0
2778.0,40.0,20.0,2.0,100.0,4.347826
2779.0,49.0,20.0,2.0,100.0,6.6666665
2780.0,0.0,20.0,2.0,100.0,7.6923075
2781.0,0.5,20.0,2.0,100.0,33.333332
2782.0,1.0,20.0,2.0,100.0,33.333332
2783.0,2.0,20.0,2.0,100.0,33.333332
2784.0,3.0,20.0,2.0,100.0,33.333332
2785.0,5.0,20.0,2.0,100.0,14.285714
2786.0,10.0,20.0,2.0,100.0,11.111111
2787.0,20.0,20.0,2.0,100.0,7.142857
2788.0,40.0,20.0,2.0,100.0,5.5555553
2789.0,49.0,20.0,2.0,100.0,5.263158
2790.0,0.0,20.0,2.0,100.0,100.0
2791.0,0.5,20.0,2.0,100.0,100.0
2792.0,1.0,20.0,2.0,100.0,33.333332
2793.0,2.0,20.0,2.0,100.0,25.0
2794.0,3.0,20.0,2.0,100.0,7.142857
2795.0,5.0,20.0,2.0,100.0,25.0
2796.0,10.0,20.0,2.0,100.0,8.333333
2797.0,20.0,20.0,2.0,100.0,6.6666665
2798.0,40.0,20.0,2.0,100.0,7.142857
2799.0,49.0,20.0,2.0,100.0,5.0
2800.0,0.0,20.0,2.0,100.0,100.0
2801.0,0.5,20.0,2.0,100.0,100.0
2802.0,1.0,20.0,2.0,100.0,33.333332
2803.0,2.0,20.0,2.0,100.0,100.0
2804.0,3.0,20.0,2.0,100.0,25.0
2805.0,5.0,20.0,2.0,100.0,7.6923075
2806.0,10.0,20.0,2.0,100.0,7.6923075
2807.0,20.0,20.0,2.0,100.0,5.882353
2808.0,40.0,20.0,2.0,100.0,5.263158
2809.0,49.0,20.0,2.0,100.0,5.263158
2810.0,0.0,20.0,2.0,100.0,100.0
2811.0,0.5,20.0,2.0,100.0,33.333332
2812.0,1.0,20.0,2.0,100.0,33.333332
2813.0,2.0,20.0,2.0,100.0,14.285714
2814.0,3.0,20.0,2.0,100.0,33.333332
2815.0,5.0,20.0,2.0,100.0,25.0
2816.0,10.0,20.0,2.0,100.0,5.5555553
2817.0,20.0,20.0,2.0,100.0,5.0
2818.0,40.0,20.0,2.0,100.0,4.7619047
2819.0,49.0,20.0,2.0,100.0,4.7619047
2820.0,0.0,20.0,2.0,100.0,100.0
2821.0,0.5,20.0,2.0,100.0,33.333332
2822.0,1.0,20.0,2.0,100.0,33.333332
2823.0,2.0,20.0,2.0,100.0,11.111111
2824.0,3.0,20.0,2.0,100.0,9.090909
2825.0,5.0,20.0,2.0,100.0,9.090909
2826.0,10.0,20.0,2.0,100.0,6.6666665
2827.0,20.0,20.0,2.0,100.0,5.882353
2828.0,40.0,20.0,2.0,100.0,5.0
2829.0,49.0,20.0,2.0,100.0,5.263158
2830.0,0.0,20.0,2.0,100.0,20.0
2831.0,0.5,20.0,2.0,100.0,33.333332
2832.0,1.0,20.0,2.0,100.0,33.333332
2833.0,2.0,20.0,2.0,100.0,100.0
2834.0,3.0,20.0,2.0,100.0,11.111111
2835.0,5.0,20.0,2.0,100.0,8.333333
2836.0,10.0,20.0,2.0,100.0,10.0
2837.0,20.0,20.0,2.0,100.0,5.263158
2838.0,40.0,20.0,2.0,100.0,6.6666665
2839.0,49.0,20.0,2.0,100.0,5.0
2840.0,0.0,20.0,2.0,100.0,100.0
2841.0,0.5,20.0,2.0,100.0,33.333332
2842.0,1.0,20.0,2.0,100.0,100.0
2843.0,2.0,20.0,2.0,100.0,12.5
2844.0,3.0,20.0,2.0,100.0,14.285714
2845.0,5.0,20.0,2.0,100.0,7.142857
2846.0,10.0,20.0,2.0,100.0,9.090909
2847.0,20.0,20.0,2.0,100.0,7.142857
2848.0,40.0,20.0,2.0,100.0,4.347826
2849.0,49.0,20.0,2.0,100.0,4.7619047
2850.0,0.0,20.0,2.0,100.0,100.0
2851.0,0.5,20.0,2.0,100.0,100.0
2852.0,1.0,20.0,2.0,100.0,33.333332
2853.0,2.0,20.0,2.0,100.0,25.0
2854.0,3.0,20.0,2.0,100.0,14.285714
2855.0,5.0,20.0,2.0,100.0,11.111111
2856.0,10.0,20.0,2.0,100.0,12.5
2857.0,20.0,20.0,2.0,100.0,7.142857
2858.0,40.0,20.0,2.0,100.0,4.7619047
2859.0,49.0,20.0,2.0,100.0,4.7619047
2860.0,0.0,20.0,2.0,100.0,100.0
2861.0,0.5,20.0,2.0,100.0,33.333332
2862.0,1.0,20.0,2.0,100.0,33.333332
2863.0,2.0,20.0,2.0,100.0,50.0
2864.0,3.0,20.0,2.0,100.0,20.0
2865.0,5.0,20.0,2.0,100.0,33.333332
2866.0,10.0,20.0,2.0,100.0,10.0
2867.0,20.0,20.0,2.0,100.0,5.0
2868.0,40.0,20.0,2.0,100.0,5.0
2869.0,49.0,20.0,2.0,100.0,5.882353
2870.0,0.0,20.0,2.0,100.0,100.0
2871.0,0.5,20.0,2.0,100.0,100.0
2872.0,1.0,20.0,2.0,100.0,100.0
2873.0,2.0,20.0,2.0,100.0,25.0
2874.0,3.0,20.0,2.0,100.0,7.6923075
2875.0,5.0,20.0,2.0,100.0,14.285714
2876.0,10.0,20.0,2.0,100.0,7.142857
2877.0,20.0,20.0,2.0,100.0,5.263158
2878.0,40.0,20.0,2.0,100.0,6.6666665
2879.0,49.0,20.0,2.0,100.0,5.263158
2880.0,0.0,20.0,2.0,100.0,9.090909
2881.0,0.5,20.0,2.0,100.0,100.0
2882.0,1.0,20.0,2.0,100.0,33.333332
2883.0,2.0,20.0,2.0,100.0,33.333332
2884.0,3.0,20.0,2.0,100.0,5.882353
2885.0,5.0,20.0,2.0,100.0,5.882353
2886.0,10.0,20.0,2.0,100.0,7.142857
2887.0,20.0,20.0,2.0,100.0,5.5555553
2888.0,40.0,20.0,2.0,100.0,4.5454545
2889.0,49.0,20.0,2.0,100.0,4.0
2890.0,0.0,20.0,2.0,100.0,100.0
2891.0,0.5,20.0,2.0,100.0,6.6666665
2892.0,1.0,20.0,2.0,100.0,33.333332
2893.0,2.0,20.0,2.0,100.0,33.333332
2894.0,3.0,20.0,2.0,100.0,12.5
2895.0,5.0,20.0,2.0,100.0,10.0
2896.0,10.0,20.0,2.0,100.0,12.5
2897.0,20.0,20.0,2.0,100.0,6.25
2898.0,40.0,20.0,2.0,100.0,5.263158
2899.0,49.0,20.0,2.0,100.0,5.263158
2900.0,0.0,20.0,2.0,100.0,100.0
2901.0,0.5,20.0,2.0,100.0,100.0
2902.0,1.0,20.0,2.0,100.0,33.333332
2903.0,2.0,20.0,2.0,100.0,4.347826
2904.0,3.0,20.0,2.0,100.0,33.333332
2905.0,5.0,20.0,2.0,100.0,20.0
2906.0,10.0,20.0,2.0,100.0,14.285714
2907.0,20.0,20.0,2.0,100.0,5.263158
2908.0,40.0,20.0,2.0,100.0,5.263158
2909.0,49.0,20.0,2.0,100.0,4.7619047
2910.0,0.0,20.0,2.0,100.0,100.0
2911.0,0.5,20.0,2.0,100.0,100.0
2912.0,1.0,20.0,2.0,100.0,33.333332
2913.0,2.0,20.0,2.0,100.0,100.0
2914.0,3.0,20.0,2.0,100.0,12.5
2915.0,5.0,20.0,2.0,100.0,10.0
2916.0,10.0,20.0,2.0,100.0,8.333333
2917.0,20.0,20.0,2.0,100.0,5.263158
2918.0,40.0,20.0,2.0,100.0,5.5555553
2919.0,49.0,20.0,2.0,100.0,4.7619047
2920.0,0.0,20.0,2.0,100.0,100.0
2921.0,0.5,20.0,2.0,100.0,33.333332
2922.0,1.0,20.0,2.0,100.0,25.0
2923.0,2.0,20.0,2.0,100.0,25.0
2924.0,3.0,20.0,2.0,100.0,33.333332
2925.0,5.0,20.0,2.0,100.0,7.6923075
2926.0,10.0,20.0,2.0,100.0,6.25
2927.0,20.0,20.0,2.0,100.0,6.6666665
2928.0,40.0,20.0,2.0,100.0,5.5555553
2929.0,49.0,20.0,2.0,100.0,4.5454545
2930.0,0.0,20.0,2.0,100.0,100.0
2931.0,0.5,20.0,2.0,100.0,100.0
2932.0,1.0,20.0,2.0,100.0,33.333332
2933.0,2.0,20.0,2.0,100.0,33.333332
2934.0,3.0,20.0,2.0,100.0,33.333332
2935.0,5.0,20.0,2.0,100.0,7.142857
2936.0,10.0,20.0,2.0,100.0,7.6923075
2937.0,20.0,20.0,2.0,100.0,14.285714
2938.0,40.0,20.0,2.0,100.0,3.7037036
2939.0,49.0,20.0,2.0,100.0,4.7619047
2940.0,0.0,20.0,2.0,100.0,100.0
2941.0,0.5,20.0,2.0,100.0,100.0
2942.0,1.0,20.0,2.0,100.0,100.0
2943.0,2.0,20.0,2.0,100.0,7.142857
2944.0,3.0,20.0,2.0,100.0,16.666666
2945.0,5.0,20.0,2.0,100.0,10.0
2946.0,10.0,20.0,2.0,100.0,5.0
2947.0,20.0,20.0,2.0,100.0,5.5555553
2948.0,40.0,20.0,2.0,100.0,5.882353
2949.0,49.0,20.0,2.0,100.0,5.882353
2950.0,0.0,20.0,2.0,100.0,100.0
2951.0,0.5,20.0,2.0,100.0,100.0
2952.0,1.0,20.0,2.0,100.0,33.333332
2953.0,2.0,20.0,2.0,100.0,16.666666
2954.0,3.0,20.0,2.0,100.0,14.285714
2955.0,5.0,20.0,2.0,100.0,25.0
2956.0,10.0,20.0,2.0,100.0,7.142857
2957.0,20.0,20.0,2.0,100.0,8.333333
2958.0,40.0,20.0,2.0,100.0,5.882353
2959.0,49.0,20.0,2.0,100.0,4.7619047
2960.0,0.0,20.0,2.0,100.0,100.0
2961.0,0.5,20.0,2.0,100.0,100.0
2962.0,1.0,20.0,2.0,100.0,100.0
2963.0,2.0,20.0,2.0,100.0,33.333332
2964.0,3.0,20.0,2.0,100.0,16.666666
2965.0,5.0,20.0,2.0,100.0,7.142857
2966.0,10.0,20.0,2.0,100.0,7.6923075
2967.0,20.0,20.0,2.0,100.0,7.142857
2968.0,40.0,20.0,2.0,100.0,5.882353
2969.0,49.0,20.0,2.0,100.0,4.347826
2970.0,0.0,20.0,2.0,100.0,100.0
2971.0,0.5,20.0,2.0,100.0,50.0
2972.0,1.0,20.0,2.0,100.0,25.0
2973.0,2.0,20.0,2.0,100.0,20.0
2974.0,3.0,20.0,2.0,100.0,20.0
2975.0,5.0,20.0,2.0,100.0,20.0
2976.0,10.0,20.0,2.0,100.0,10.0
2977.0,20.0,20.0,2.0,100.0,5.882353
2978.0,40.0,20.0,2.0,100.0,5.263158
2979.0,49.0,20.0,2.0,100.0,5.882353
2980.0,0.0,20.0,2.0,100.0,100.0
2981.0,0.5,20.0,2.0,100.0,100.0
2982.0,1.0,20.0,2.0,100.0,12.5
2983.0,2.0,20.0,2.0,100.0,33.333332
2984.0,3.0,20.0,2.0,100.0,33.333332
2985.0,5.0,20.0,2.0,100.0,10.0
2986.0,10.0,20.0,2.0,100.0,7.142857
2987.0,20.0,20.0,2.0,100.0,7.6923075
2988.0,40.0,20.0,2.0,100.0,5.5555553
2989.0,49.0,20.0,2.0,100.0,4.7619047
2990.0,0.0,20.0,2.0,100.0,100.0
2991.0,0.5,20.0,2.0,100.0,33.333332
2992.0,1.0,20.0,2.0,100.0,20.0
2993.0,2.0,20.0,2.0,100.0,25.0
2994.0,3.0,20.0,2.0,100.0,8.333333
2995.0,5.0,20.0,2.0,100.0,16.666666
2996.0,10.0,20.0,2.0,100.0,6.6666665
2997.0,20.0,20.0,2.0,100.0,5.882353
2998.0,40.0,20.0,2.0,100.0,4.7619047
2999.0,49.0,20.0,2.0,100.0,5.882353
3000.0,0.0,20.0,2.0,100.0,100.0
3001.0,0.5,20.0,2.0,100.0,10.0
3002.0,1.0,20.0,2.0,100.0,100.0
3003.0,2.0,20.0,2.0,100.0,20.0
3004.0,3.0,20.0,2.0,100.0,20.0
3005.0,5.0,20.0,2.0,100.0,20.0
3006.0,10.0,20.0,2.0,100.0,7.142857
3007.0,20.0,20.0,2.0,100.0,7.142857
3008.0,40.0,20.0,2.0,100.0,4.7619047
3009.0,49.0,20.0,2.0,100.0,4.347826
3010.0,0.0,20.0,2.0,100.0,100.0
3011.0,0.5,20.0,2.0,100.0,33.333332
3012.0,1.0,20.0,2.0,100.0,100.0
3013.0,2.0,20.0,2.0,100.0,100.0
3014.0,3.0,20.0,2.0,100.0,33.333332
3015.0,5.0,20.0,2.0,100.0,16.666666
3016.0,10.0,20.0,2.0,100.0,6.25
3017.0,20.0,20.0,2.0,100.0,5.5555553
3018.0,40.0,20.0,2.0,100.0,4.347826
3019.0,49.0,20.0,2.0,100.0,5.263158
3020.0,0.0,20.0,2.0,100.0,100.0
3021.0,0.5,20.0,2.0,100.0,33.333332
3022.0,1.0,20.0,2.0,100.0,33.333332
3023.0,2.0,20.0,2.0,100.0,25.0
3024.0,3.0,20.0,2.0,100.0,10.0
3025.0,5.0,20.0,2.0,100.0,16.666666
3026.0,10.0,20.0,2.0,100.0,10.0
3027.0,20.0,20.0,2.0,100.0,5.5555553
3028.0,40.0,20.0,2.0,100.0,5.263158
3029.0,49.0,20.0,2.0,100.0,4.347826
3030.0,0.0,20.0,2.0,100.0,100.0
3031.0,0.5,20.0,2.0,100.0,100.0
3032.0,1.0,20.0,2.0,100.0,25.0
3033.0,2.0,20.0,2.0,100.0,25.0
3034.0,3.0,20.0,2.0,100.0,9.090909
3035.0,5.0,20.0,2.0,100.0,6.25
3036.0,10.0,20.0,2.0,100.0,10.0
3037.0,20.0,20.0,2.0,100.0,7.6923075
3038.0,40.0,20.0,2.0,100.0,5.263158
3039.0,49.0,20.0,2.0,100.0,4.7619047
3040.0,0.0,20.0,2.0,100.0,100.0
3041.0,0.5,20.0,2.0,100.0,100.0
3042.0,1.0,20.0,2.0,100.0,33.333332
3043.0,2.0,20.0,2.0,100.0,25.0
3044.0,3.0,20.0,2.0,100.0,14.285714
3045.0,5.0,20.0,2.0,100.0,16.666666
3046.0,10.0,20.0,2.0,100.0,8.333333
3047.0,20.0,20.0,2.0,100.0,5.5555553
3048.0,40.0,20.0,2.0,100.0,5.263158
3049.0,49.0,20.0,2.0,100.0,4.7619047
3050.0,0.0,20.0,2.0,100.0,100.0
3051.0,0.5,20.0,2.0,100.0,100.0
3052.0,1.0,20.0,2.0,100.0,100.0
3053.0,2.0,20.0,2.0,100.0,7.142857
3054.0,3.0,20.0,2.0,100.0,6.6666665
3055.0,5.0,20.0,2.0,100.0,25.0
3056.0,10.0,20.0,2.0,100.0,5.5555553
3057.0,20.0,20.0,2.0,100.0,5.5555553
3058.0,40.0,20.0,2.0,100.0,5.5555553
3059.0,49.0,20.0,2.0,100.0,5.0
3060.0,0.0,20.0,2.0,100.0,100.0
3061.0,0.5,20.0,2.0,100.0,100.0
3062.0,1.0,20.0,2.0,100.0,33.333332
3063.0,2.0,20.0,2.0,100.0,33.333332
3064.0,3.0,20.0,2.0,100.0,5.263158
3065.0,5.0,20.0,2.0,100.0,16.666666
3066.0,10.0,20.0,2.0,100.0,10.0
3067.0,20.0,20.0,2.0,100.0,4.1666665
3068.0,40.0,20.0,2.0,100.0,4.7619047
3069.0,49.0,20.0,2.0,100.0,5.263158
3070.0,0.0,20.0,2.0,100.0,100.0
3071.0,0.5,20.0,2.0,100.0,33.333332
3072.0,1.0,20.0,2.0,100.0,33.333332
3073.0,2.0,20.0,2.0,100.0,33.333332
3074.0,3.0,20.0,2.0,100.0,25.0
3075.0,5.0,20.0,2.0,100.0,8.333333
3076.0,10.0,20.0,2.0,100.0,9.090909
3077.0,20.0,20.0,2.0,100.0,6.6666665
3078.0,40.0,20.0,2.0,100.0,5.882353
3079.0,49.0,20.0,2.0,100.0,4.7619047
3080.0,0.0,20.0,2.0,100.0,100.0
3081.0,0.5,20.0,2.0,100.0,33.333332
3082.0,1.0,20.0,2.0,100.0,33.333332
3083.0,2.0,20.0,2.0,100.0,33.333332
3084.0,3.0,20.0,2.0,100.0,25.0
3085.0,5.0,20.0,2.0,100.0,14.285714
3086.0,10.0,20.0,2.0,100.0,7.6923075
3087.0,20.0,20.0,2.0,100.0,6.25
3088.0,40.0,20.0,2.0,100.0,4.7619047
3089.0,49.0,20.0,2.0,100.0,5.882353
3090.0,0.0,20.0,2.0,100.0,100.0
3091.0,0.5,20.0,2.0,100.0,16.666666
3092.0,1.0,20.0,2.0,100.0,100.0
3093.0,2.0,20.0,2.0,100.0,33.333332
3094.0,3.0,20.0,2.0,100.0,25.0
3095.0,5.0,20.0,2.0,100.0,7.142857
3096.0,10.0,20.0,2.0,100.0,6.25
3097.0,20.0,20.0,2.0,100.0,9.090909
3098.0,40.0,20.0,2.0,100.0,4.5454545
3099.0,49.0,20.0,2.0,100.0,4.347826
3100.0,0.0,20.0,2.0,100.0,100.0
3101.0,0.5,20.0,2.0,100.0,33.333332
3102.0,1.0,20.0,2.0,100.0,33.333332
3103.0,2.0,20.0,2.0,100.0,25.0
3104.0,3.0,20.0,2.0,100.0,7.142857
3105.0,5.0,20.0,2.0,100.0,33.333332
3106.0,10.0,20.0,2.0,100.0,20.0
3107.0,20.0,20.0,2.0,100.0,5.5555553
3108.0,40.0,20.0,2.0,100.0,4.7619047
3109.0,49.0,20.0,2.0,100.0,5.263158
3110.0,0.0,20.0,2.0,100.0,100.0
3111.0,0.5,20.0,2.0,100.0,100.0
3112.0,1.0,20.0,2.0,100.0,33.333332
3113.0,2.0,20.0,2.0,100.0,33.333332
3114.0,3.0,20.0,2.0,100.0,33.333332
3115.0,5.0,20.0,2.0,100.0,14.285714
3116.0,10.0,20.0,2.0,100.0,7.6923075
3117.0,20.0,20.0,2.0,100.0,6.6666665
3118.0,40.0,20.0,2.0,100.0,5.263158
3119.0,49.0,20.0,2.0,100.0,4.7619047
3120.0,0.0,20.0,2.0,100.0,100.0
3121.0,0.5,20.0,2.0,100.0,33.333332
3122.0,1.0,20.0,2.0,100.0,25.0
3123.0,2.0,20.0,2.0,100.0,9.090909
3124.0,3.0,20.0,2.0,100.0,5.882353
3125.0,5.0,20.0,2.0,100.0,12.5
3126.0,10.0,20.0,2.0,100.0,11.111111
3127.0,20.0,20.0,2.0,100.0,7.6923075
3128.0,40.0,20.0,2.0,100.0,6.6666665
3129.0,49.0,20.0,2.0,100.0,5.263158
3130.0,0.0,20.0,2.0,100.0,100.0
3131.0,0.5,20.0,2.0,100.0,100.0
3132.0,1.0,20.0,2.0,100.0,11.111111
3133.0,2.0,20.0,2.0,100.0,50.0
3134.0,3.0,20.0,2.0,100.0,5.0
3135.0,5.0,20.0,2.0,100.0,10.0
3136.0,10.0,20.0,2.0,100.0,10.0
3137.0,20.0,20.0,2.0,100.0,5.5555553
3138.0,40.0,20.0,2.0,100.0,5.0
3139.0,49.0,20.0,2.0,100.0,4.7619047
3140.0,0.0,20.0,2.0,100.0,100.0
3141.0,0.5,20.0,2.0,100.0,5.882353
3142.0,1.0,20.0,2.0,100.0,6.6666665
3143.0,2.0,20.0,2.0,100.0,7.6923075
3144.0,3.0,20.0,2.0,100.0,7.142857
3145.0,5.0,20.0,2.0,100.0,33.333332
3146.0,10.0,20.0,2.0,100.0,8.333333
3147.0,20.0,20.0,2.0,100.0,5.5555553
3148.0,40.0,20.0,2.0,100.0,5.263158
3149.0,49.0,20.0,2.0,100.0,4.347826
3150.0,0.0,20.0,2.0,100.0,100.0
3151.0,0.5,20.0,2.0,100.0,7.142857
3152.0,1.0,20.0,2.0,100.0,25.0
3153.0,2.0,20.0,2.0,100.0,33.333332
3154.0,3.0,20.0,2.0,100.0,20.0
3155.0,5.0,20.0,2.0,100.0,16.666666
3156.0,10.0,20.0,2.0,100.0,5.5555553
3157.0,20.0,20.0,2.0,100.0,6.25
3158.0,40.0,20.0,2.0,100.0,4.347826
3159.0,49.0,20.0,2.0,100.0,4.7619047
3160.0,0.0,20.0,2.0,100.0,9.090909
3161.0,0.5,20.0,2.0,100.0,100.0
3162.0,1.0,20.0,2.0,100.0,7.6923075
3163.0,2.0,20.0,2.0,100.0,16.666666
3164.0,3.0,20.0,2.0,100.0,25.0
3165.0,5.0,20.0,2.0,100.0,20.0
3166.0,10.0,20.0,2.0,100.0,20.0
3167.0,20.0,20.0,2.0,100.0,7.6923075
3168.0,40.0,20.0,2.0,100.0,5.5555553
3169.0,49.0,20.0,2.0,100.0,4.0
3170.0,0.0,20.0,2.0,100.0,100.0
3171.0,0.5,20.0,2.0,100.0,33.333332
3172.0,1.0,20.0,2.0,100.0,33.333332
3173.0,2.0,20.0,2.0,100.0,50.0
3174.0,3.0,20.0,2.0,100.0,14.285714
3175.0,5.0,20.0,2.0,100.0,9.090909
3176.0,10.0,20.0,2.0,100.0,6.6666665
3177.0,20.0,20.0,2.0,100.0,7.6923075
3178.0,40.0,20.0,2.0,100.0,5.263158
3179.0,49.0,20.0,2.0,100.0,4.0
3180.0,0.0,20.0,2.0,100.0,100.0
3181.0,0.5,20.0,2.0,100.0,33.333332
3182.0,1.0,20.0,2.0,100.0,5.263158
3183.0,2.0,20.0,2.0,100.0,33.333332
3184.0,3.0,20.0,2.0,100.0,20.0
3185.0,5.0,20.0,2.0,100.0,11.111111
3186.0,10.0,20.0,2.0,100.0,6.6666665
3187.0,20.0,20.0,2.0,100.0,11.111111
3188.0,40.0,20.0,2.0,100.0,5.5555553
3189.0,49.0,20.0,2.0,100.0,5.263158
3190.0,0.0,20.0,2.0,100.0,100.0
3191.0,0.5,20.0,2.0,100.0,100.0
3192.0,1.0,20.0,2.0,100.0,33.333332
3193.0,2.0,20.0,2.0,100.0,20.0
3194.0,3.0,20.0,2.0,100.0,12.5
3195.0,5.0,20.0,2.0,100.0,14.285714
3196.0,10.0,20.0,2.0,100.0,7.142857
3197.0,20.0,20.0,2.0,100.0,7.142857
3198.0,40.0,20.0,2.0,100.0,6.25
3199.0,49.0,20.0,2.0,100.0,4.7619047
3200.0,0.0,20.0,2.0,100.0,100.0
3201.0,0.5,20.0,2.0,100.0,100.0
3202.0,1.0,20.0,2.0,100.0,20.0
3203.0,2.0,20.0,2.0,100.0,33.333332
3204.0,3.0,20.0,2.0,100.0,20.0
3205.0,5.0,20.0,2.0,100.0,33.333332
3206.0,10.0,20.0,2.0,100.0,7.142857
3207.0,20.0,20.0,2.0,100.0,6.6666665
3208.0,40.0,20.0,2.0,100.0,4.7619047
3209.0,49.0,20.0,2.0,100.0,5.263158
3210.0,0.0,20.0,2.0,100.0,100.0
3211.0,0.5,20.0,2.0,100.0,100.0
3212.0,1.0,20.0,2.0,100.0,33.333332
3213.0,2.0,20.0,2.0,100.0,16.666666
3214.0,3.0,20.0,2.0,100.0,33.333332
3215.0,5.0,20.0,2.0,100.0,10.0
3216.0,10.0,20.0,2.0,100.0,10.0
3217.0,20.0,20.0,2.0,100.0,5.882353
3218.0,40.0,20.0,2.0,100.0,6.25
3219.0,49.0,20.0,2.0,100.0,5.882353
3220.0,0.0,20.0,2.0,100.0,100.0
3221.0,0.5,20.0,2.0,100.0,33.333332
3222.0,1.0,20.0,2.0,100.0,33.333332
3223.0,2.0,20.0,2.0,100.0,12.5
3224.0,3.0,20.0,2.0,100.0,11.111111
3225.0,5.0,20.0,2.0,100.0,6.25
3226.0,10.0,20.0,2.0,100.0,8.333333
3227.0,20.0,20.0,2.0,100.0,7.6923075
3228.0,40.0,20.0,2.0,100.0,4.5454545
3229.0,49.0,20.0,2.0,100.0,5.263158
3230.0,0.0,20.0,2.0,100.0,100.0
3231.0,0.5,20.0,2.0,100.0,33.333332
3232.0,1.0,20.0,2.0,100.0,33.333332
3233.0,2.0,20.0,2.0,100.0,12.5
3234.0,3.0,20.0,2.0,100.0,33.333332
3235.0,5.0,20.0,2.0,100.0,14.285714
3236.0,10.0,20.0,2.0,100.0,6.6666665
3237.0,20.0,20.0,2.0,100.0,5.882353
3238.0,40.0,20.0,2.0,100.0,6.6666665
3239.0,49.0,20.0,2.0,100.0,4.7619047
3240.0,0.0,20.0,2.0,100.0,14.285714
3241.0,0.5,20.0,2.0,100.0,33.333332
3242.0,1.0,20.0,2.0,100.0,50.0
3243.0,2.0,20.0,2.0,100.0,25.0
3244.0,3.0,20.0,2.0,100.0,16.666666
3245.0,5.0,20.0,2.0,100.0,10.0
3246.0,10.0,20.0,2.0,100.0,10.0
3247.0,20.0,20.0,2.0,100.0,7.142857
3248.0,40.0,20.0,2.0,100.0,5.882353
3249.0,49.0,20.0,2.0,100.0,5.263158
3250.0,0.0,20.0,2.0,100.0,100.0
3251.0,0.5,20.0,2.0,100.0,5.263158
3252.0,1.0,20.0,2.0,100.0,100.0
3253.0,2.0,20.0,2.0,100.0,16.666666
3254.0,3.0,20.0,2.0,100.0,9.090909
3255.0,5.0,20.0,2.0,100.0,12.5
3256.0,10.0,20.0,2.0,100.0,8.333333
3257.0,20.0,20.0,2.0,100.0,7.6923075
3258.0,40.0,20.0,2.0,100.0,5.263158
3259.0,49.0,20.0,2.0,100.0,4.7619047
3260.0,0.0,20.0,2.0,100.0,7.6923075
3261.0,0.5,20.0,2.0,100.0,33.333332
3262.0,1.0,20.0,2.0,100.0,33.333332
3263.0,2.0,20.0,2.0,100.0,33.333332
3264.0,3.0,20.0,2.0,100.0,7.6923075
3265.0,5.0,20.0,2.0,100.0,8.333333
3266.0,10.0,20.0,2.0,100.0,7.142857
3267.0,20.0,20.0,2.0,100.0,4.347826
3268.0,40.0,20.0,2.0,100.0,5.882353
3269.0,49.0,20.0,2.0,100.0,4.0
3270.0,0.0,20.0,2.0,100.0,100.0
3271.0,0.5,20.0,2.0,100.0,33.333332
3272.0,1.0,20.0,2.0,100.0,33.333332
3273.0,2.0,20.0,2.0,100.0,33.333332
3274.0,3.0,20.0,2.0,100.0,12.5
3275.0,5.0,20.0,2.0,100.0,16.666666
3276.0,10.0,20.0,2.0,100.0,5.0
3277.0,20.0,20.0,2.0,100.0,6.6666665
3278.0,40.0,20.0,2.0,100.0,4.347826
3279.0,49.0,20.0,2.0,100.0,4.7619047
3280.0,0.0,20.0,2.0,100.0,100.0
3281.0,0.5,20.0,2.0,100.0,33.333332
3282.0,1.0,20.0,2.0,100.0,33.333332
3283.0,2.0,20.0,2.0,100.0,33.333332
3284.0,3.0,20.0,2.0,100.0,5.882353
3285.0,5.0,20.0,2.0,100.0,20.0
3286.0,10.0,20.0,2.0,100.0,7.142857
3287.0,20.0,20.0,2.0,100.0,6.6666665
3288.0,40.0,20.0,2.0,100.0,4.7619047
3289.0,49.0,20.0,2.0,100.0,4.7619047
3290.0,0.0,20.0,2.0,100.0,100.0
3291.0,0.5,20.0,2.0,100.0,33.333332
3292.0,1.0,20.0,2.0,100.0,100.0
3293.0,2.0,20.0,2.0,100.0,25.0
3294.0,3.0,20.0,2.0,100.0,8.333333
3295.0,5.0,20.0,2.0,100.0,11.111111
3296.0,10.0,20.0,2.0,100.0,12.5
3297.0,20.0,20.0,2.0,100.0,5.0
3298.0,40.0,20.0,2.0,100.0,5.882353
3299.0,49.0,20.0,2.0,100.0,4.7619047
3300.0,0.0,20.0,2.0,100.0,100.0
3301.0,0.5,20.0,2.0,100.0,100.0
3302.0,1.0,20.0,2.0,100.0,20.0
3303.0,2.0,20.0,2.0,100.0,14.285714
3304.0,3.0,20.0,2.0,100.0,11.111111
3305.0,5.0,20.0,2.0,100.0,20.0
3306.0,10.0,20.0,2.0,100.0,16.666666
3307.0,20.0,20.0,2.0,100.0,5.882353
3308.0,40.0,20.0,2.0,100.0,5.263158
3309.0,49.0,20.0,2.0,100.0,5.0
3310.0,0.0,20.0,2.0,100.0,100.0
3311.0,0.5,20.0,2.0,100.0,100.0
3312.0,1.0,20.0,2.0,100.0,25.0
3313.0,2.0,20.0,2.0,100.0,16.666666
3314.0,3.0,20.0,2.0,100.0,33.333332
3315.0,5.0,20.0,2.0,100.0,12.5
3316.0,10.0,20.0,2.0,100.0,8.333333
3317.0,20.0,20.0,2.0,100.0,6.6666665
3318.0,40.0,20.0,2.0,100.0,4.0
3319.0,49.0,20.0,2.0,100.0,4.347826
3320.0,0.0,20.0,2.0,100.0,100.0
3321.0,0.5,20.0,2.0,100.0,100.0
3322.0,1.0,20.0,2.0,100.0,100.0
3323.0,2.0,20.0,2.0,100.0,25.0
3324.0,3.0,20.0,2.0,100.0,20.0
3325.0,5.0,20.0,2.0,100.0,14.285714
3326.0,10.0,20.0,2.0,100.0,20.0
3327.0,20.0,20.0,2.0,100.0,6.6666665
3328.0,40.0,20.0,2.0,100.0,4.7619047
3329.0,49.0,20.0,2.0,100.0,5.263158
3330.0,0.0,20.0,2.0,100.0,100.0
3331.0,0.5,20.0,2.0,100.0,100.0
3332.0,1.0,20.0,2.0,100.0,33.333332
3333.0,2.0,20.0,2.0,100.0,7.142857
3334.0,3.0,20.0,2.0,100.0,16.666666
3335.0,5.0,20.0,2.0,100.0,6.25
3336.0,10.0,20.0,2.0,100.0,7.142857
3337.0,20.0,20.0,2.0,100.0,5.263158
3338.0,40.0,20.0,2.0,100.0,5.5555553
3339.0,49.0,20.0,2.0,100.0,4.0
3340.0,0.0,20.0,2.0,100.0,100.0
3341.0,0.5,20.0,2.0,100.0,9.090909
3342.0,1.0,20.0,2.0,100.0,33.333332
3343.0,2.0,20.0,2.0,100.0,25.0
3344.0,3.0,20.0,2.0,100.0,16.666666
3345.0,5.0,20.0,2.0,100.0,25.0
3346.0,10.0,20.0,2.0,100.0,11.111111
3347.0,20.0,20.0,2.0,100.0,6.6666665
3348.0,40.0,20.0,2.0,100.0,4.347826
3349.0,49.0,20.0,2.0,100.0,6.6666665
3350.0,0.0,20.0,2.0,100.0,100.0
3351.0,0.5,20.0,2.0,100.0,100.0
3352.0,1.0,20.0,2.0,100.0,33.333332
3353.0,2.0,20.0,2.0,100.0,33.333332
3354.0,3.0,20.0,2.0,100.0,14.285714
3355.0,5.0,20.0,2.0,100.0,5.5555553
3356.0,10.0,20.0,2.0,100.0,11.111111
3357.0,20.0,20.0,2.0,100.0,5.263158
3358.0,40.0,20.0,2.0,100.0,6.6666665
3359.0,49.0,20.0,2.0,100.0,3.7037036
3360.0,0.0,20.0,2.0,100.0,100.0
3361.0,0.5,20.0,2.0,100.0,33.333332
3362.0,1.0,20.0,2.0,100.0,100.0
3363.0,2.0,20.0,2.0,100.0,33.333332
3364.0,3.0,20.0,2.0,100.0,33.333332
3365.0,5.0,20.0,2.0,100.0,14.285714
3366.0,10.0,20.0,2.0,100.0,5.263158
3367.0,20.0,20.0,2.0,100.0,6.6666665
3368.0,40.0,20.0,2.0,100.0,5.263158
3369.0,49.0,20.0,2.0,100.0,5.882353
3370.0,0.0,20.0,2.0,100.0,6.6666665
3371.0,0.5,20.0,2.0,100.0,100.0
3372.0,1.0,20.0,2.0,100.0,100.0
3373.0,2.0,20.0,2.0,100.0,100.0
3374.0,3.0,20.0,2.0,100.0,25.0
3375.0,5.0,20.0,2.0,100.0,5.0
3376.0,10.0,20.0,2.0,100.0,6.6666665
3377.0,20.0,20.0,2.0,100.0,6.6666665
3378.0,40.0,20.0,2.0,100.0,5.0
3379.0,49.0,20.0,2.0,100.0,4.347826
3380.0,0.0,20.0,2.0,100.0,100.0
3381.0,0.5,20.0,2.0,100.0,100.0
3382.0,1.0,20.0,2.0,100.0,33.333332
3383.0,2.0,20.0,2.0,100.0,14.285714
3384.0,3.0,20.0,2.0,100.0,7.142857
3385.0,5.0,20.0,2.0,100.0,9.090909
3386.0,10.0,20.0,2.0,100.0,7.6923075
3387.0,20.0,20.0,2.0,100.0,7.6923075
3388.0,40.0,20.0,2.0,100.0,5.263158
3389.0,49.0,20.0,2.0,100.0,4.347826
3390.0,0.0,20.0,2.0,100.0,100.0
3391.0,0.5,20.0,2.0,100.0,100.0
3392.0,1.0,20.0,2.0,100.0,100.0
3393.0,2.0,20.0,2.0,100.0,7.142857
3394.0,3.0,20.0,2.0,100.0,9.090909
3395.0,5.0,20.0,2.0,100.0,7.6923075
3396.0,10.0,20.0,2.0,100.0,11.111111
3397.0,20.0,20.0,2.0,100.0,5.5555553
3398.0,40.0,20.0,2.0,100.0,4.347826
3399.0,49.0,20.0,2.0,100.0,3.7037036
3400.0,0.0,20.0,2.0,100.0,100.0
3401.0,0.5,20.0,2.0,100.0,33.333332
3402.0,1.0,20.0,2.0,100.0,25.0
3403.0,2.0,20.0,2.0,100.0,25.0
3404.0,3.0,20.0,2.0,100.0,33.333332
3405.0,5.0,20.0,2.0,100.0,16.666666
3406.0,10.0,20.0,2.0,100.0,14.285714
3407.0,20.0,20.0,2.0,100.0,5.5555553
3408.0,40.0,20.0,2.0,100.0,5.263158
3409.0,49.0,20.0,2.0,100.0,5.882353
3410.0,0.0,20.0,2.0,100.0,7.6923075
3411.0,0.5,20.0,2.0,100.0,100.0
3412.0,1.0,20.0,2.0,100.0,33.333332
3413.0,2.0,20.0,2.0,100.0,25.0
3414.0,3.0,20.0,2.0,100.0,11.111111
3415.0,5.0,20.0,2.0,100.0,14.285714
3416.0,10.0,20.0,2.0,100.0,9.090909
3417.0,20.0,20.0,2.0,100.0,4.5454545
3418.0,40.0,20.0,2.0,100.0,4.347826
3419.0,49.0,20.0,2.0,100.0,4.7619047
3420.0,0.0,20.0,2.0,100.0,100.0
3421.0,0.5,20.0,2.0,100.0,33.333332
3422.0,1.0,20.0,2.0,100.0,33.333332
3423.0,2.0,20.0,2.0,100.0,25.0
3424.0,3.0,20.0,2.0,100.0,7.142857
3425.0,5.0,20.0,2.0,100.0,6.6666665
3426.0,10.0,20.0,2.0,100.0,7.6923075
3427.0,20.0,20.0,2.0,100.0,5.882353
3428.0,40.0,20.0,2.0,100.0,5.0
3429.0,49.0,20.0,2.0,100.0,5.882353
3430.0,0.0,20.0,2.0,100.0,100.0
3431.0,0.5,20.0,2.0,100.0,100.0
3432.0,1.0,20.0,2.0,100.0,33.333332
3433.0,2.0,20.0,2.0,100.0,50.0
3434.0,3.0,20.0,2.0,100.0,6.25
3435.0,5.0,20.0,2.0,100.0,25.0
3436.0,10.0,20.0,2.0,100.0,6.25
3437.0,20.0,20.0,2.0,100.0,5.5555553
3438.0,40.0,20.0,2.0,100.0,5.0
3439.0,49.0,20.0,2.0,100.0,4.7619047
3440.0,0.0,20.0,2.0,100.0,33.333332
3441.0,0.5,20.0,2.0,100.0,100.0
3442.0,1.0,20.0,2.0,100.0,33.333332
3443.0,2.0,20.0,2.0,100.0,8.333333
3444.0,3.0,20.0,2.0,100.0,20.0
3445.0,5.0,20.0,2.0,100.0,10.0
3446.0,10.0,20.0,2.0,100.0,8.333333
3447.0,20.0,20.0,2.0,100.0,6.6666665
3448.0,40.0,20.0,2.0,100.0,5.263158
3449.0,49.0,20.0,2.0,100.0,5.263158
3450.0,0.0,20.0,2.0,100.0,100.0
3451.0,0.5,20.0,2.0,100.0,33.333332
3452.0,1.0,20.0,2.0,100.0,33.333332
3453.0,2.0,20.0,2.0,100.0,11.111111
3454.0,3.0,20.0,2.0,100.0,25.0
3455.0,5.0,20.0,2.0,100.0,5.263158
3456.0,10.0,20.0,2.0,100.0,9.090909
3457.0,20.0,20.0,2.0,100.0,5.5555553
3458.0,40.0,20.0,2.0,100.0,5.882353
3459.0,49.0,20.0,2.0,100.0,5.5555553
3460.0,0.0,20.0,2.0,100.0,100.0
3461.0,0.5,20.0,2.0,100.0,7.6923075
3462.0,1.0,20.0,2.0,100.0,5.263158
3463.0,2.0,20.0,2.0,100.0,10.0
3464.0,3.0,20.0,2.0,100.0,25.0
3465.0,5.0,20.0,2.0,100.0,11.111111
3466.0,10.0,20.0,2.0,100.0,7.142857
3467.0,20.0,20.0,2.0,100.0,7.142857
3468.0,40.0,20.0,2.0,100.0,5.5555553
3469.0,49.0,20.0,2.0,100.0,5.263158
3470.0,0.0,20.0,2.0,100.0,100.0
3471.0,0.5,20.0,2.0,100.0,33.333332
3472.0,1.0,20.0,2.0,100.0,33.333332
3473.0,2.0,20.0,2.0,100.0,12.5
3474.0,3.0,20.0,2.0,100.0,5.882353
3475.0,5.0,20.0,2.0,100.0,5.5555553
3476.0,10.0,20.0,2.0,100.0,12.5
3477.0,20.0,20.0,2.0,100.0,6.6666665
3478.0,40.0,20.0,2.0,100.0,4.5454545
3479.0,49.0,20.0,2.0,100.0,5.882353
3480.0,0.0,20.0,2.0,100.0,100.0
3481.0,0.5,20.0,2.0,100.0,33.333332
3482.0,1.0,20.0,2.0,100.0,100.0
3483.0,2.0,20.0,2.0,100.0,12.5
3484.0,3.0,20.0,2.0,100.0,33.333332
3485.0,5.0,20.0,2.0,100.0,12.5
3486.0,10.0,20.0,2.0,100.0,12.5
3487.0,20.0,20.0,2.0,100.0,5.263158
3488.0,40.0,20.0,2.0,100.0,6.6666665
3489.0,49.0,20.0,2.0,100.0,3.7037036
3490.0,0.0,20.0,2.0,100.0,11.111111
3491.0,0.5,20.0,2.0,100.0,100.0
3492.0,1.0,20.0,2.0,100.0,100.0
3493.0,2.0,20.0,2.0,100.0,33.333332
3494.0,3.0,20.0,2.0,100.0,6.25
3495.0,5.0,20.0,2.0,100.0,11.111111
3496.0,10.0,20.0,2.0,100.0,7.142857
3497.0,20.0,20.0,2.0,100.0,5.5555553
3498.0,40.0,20.0,2.0,100.0,5.263158
3499.0,49.0,20.0,2.0,100.0,4.347826
3500.0,0.0,20.0,2.0,100.0,100.0
3501.0,0.5,20.0,2.0,100.0,100.0
3502.0,1.0,20.0,2.0,100.0,25.0
3503.0,2.0,20.0,2.0,100.0,33.333332
3504.0,3.0,20.0,2.0,100.0,33.333332
3505.0,5.0,20.0,2.0,100.0,16.666666
3506.0,10.0,20.0,2.0,100.0,14.285714
3507.0,20.0,20.0,2.0,100.0,6.6666665
3508.0,40.0,20.0,2.0,100.0,7.6923075
3509.0,49.0,20.0,2.0,100.0,6.6666665
3510.0,0.0,20.0,2.0,100.0,100.0
3511.0,0.5,20.0,2.0,100.0,33.333332
3512.0,1.0,20.0,2.0,100.0,25.0
3513.0,2.0,20.0,2.0,100.0,33.333332
3514.0,3.0,20.0,2.0,100.0,50.0
3515.0,5.0,20.0,2.0,100.0,11.111111
3516.0,10.0,20.0,2.0,100.0,6.6666665
3517.0,20.0,20.0,2.0,100.0,5.882353
3518.0,40.0,20.0,2.0,100.0,5.882353
3519.0,49.0,20.0,2.0,100.0,5.5555553
3520.0,0.0,20.0,2.0,100.0,11.111111
3521.0,0.5,20.0,2.0,100.0,33.333332
3522.0,1.0,20.0,2.0,100.0,25.0
3523.0,2.0,20.0,2.0,100.0,16.666666
3524.0,3.0,20.0,2.0,100.0,16.666666
3525.0,5.0,20.0,2.0,100.0,7.142857
3526.0,10.0,20.0,2.0,100.0,9.090909
3527.0,20.0,20.0,2.0,100.0,5.5555553
3528.0,40.0,20.0,2.0,100.0,4.7619047
3529.0,49.0,20.0,2.0,100.0,5.263158
3530.0,0.0,20.0,2.0,100.0,100.0
3531.0,0.5,20.0,2.0,100.0,100.0
3532.0,1.0,20.0,2.0,100.0,20.0
3533.0,2.0,20.0,2.0,100.0,33.333332
3534.0,3.0,20.0,2.0,100.0,12.5
3535.0,5.0,20.0,2.0,100.0,10.0
3536.0,10.0,20.0,2.0,100.0,9.090909
3537.0,20.0,20.0,2.0,100.0,6.25
3538.0,40.0,20.0,2.0,100.0,5.5555553
3539.0,49.0,20.0,2.0,100.0,4.7619047
3540.0,0.0,20.0,2.0,100.0,14.285714
3541.0,0.5,20.0,2.0,100.0,100.0
3542.0,1.0,20.0,2.0,100.0,33.333332
3543.0,2.0,20.0,2.0,100.0,100.0
3544.0,3.0,20.0,2.0,100.0,14.285714
3545.0,5.0,20.0,2.0,100.0,33.333332
3546.0,10.0,20.0,2.0,100.0,6.25
3547.0,20.0,20.0,2.0,100.0,5.263158
3548.0,40.0,20.0,2.0,100.0,5.263158
3549.0,49.0,20.0,2.0,100.0,4.347826
3550.0,0.0,20.0,2.0,100.0,100.0
3551.0,0.5,20.0,2.0,100.0,33.333332
3552.0,1.0,20.0,2.0,100.0,100.0
3553.0,2.0,20.0,2.0,100.0,10.0
3554.0,3.0,20.0,2.0,100.0,8.333333
3555.0,5.0,20.0,2.0,100.0,25.0
3556.0,10.0,20.0,2.0,100.0,12.5
3557.0,20.0,20.0,2.0,100.0,5.5555553
3558.0,40.0,20.0,2.0,100.0,5.263158
3559.0,49.0,20.0,2.0,100.0,5.882353
3560.0,0.0,20.0,2.0,100.0,100.0
3561.0,0.5,20.0,2.0,100.0,33.333332
3562.0,1.0,20.0,2.0,100.0,100.0
3563.0,2.0,20.0,2.0,100.0,100.0
3564.0,3.0,20.0,2.0,100.0,6.6666665
3565.0,5.0,20.0,2.0,100.0,8.333333
3566.0,10.0,20.0,2.0,100.0,7.6923075
3567.0,20.0,20.0,2.0,100.0,6.6666665
3568.0,40.0,20.0,2.0,100.0,5.0
3569.0,49.0,20.0,2.0,100.0,6.6666665
3570.0,0.0,20.0,2.0,100.0,100.0
3571.0,0.5,20.0,2.0,100.0,100.0
3572.0,1.0,20.0,2.0,100.0,100.0
3573.0,2.0,20.0,2.0,100.0,6.6666665
3574.0,3.0,20.0,2.0,100.0,11.111111
3575.0,5.0,20.0,2.0,100.0,10.0
3576.0,10.0,20.0,2.0,100.0,9.090909
3577.0,20.0,20.0,2.0,100.0,6.6666665
3578.0,40.0,20.0,2.0,100.0,3.5714285
3579.0,49.0,20.0,2.0,100.0,4.7619047
3580.0,0.0,20.0,2.0,100.0,100.0
3581.0,0.5,20.0,2.0,100.0,33.333332
3582.0,1.0,20.0,2.0,100.0,9.090909
3583.0,2.0,20.0,2.0,100.0,33.333332
3584.0,3.0,20.0,2.0,100.0,25.0
3585.0,5.0,20.0,2.0,100.0,33.333332
3586.0,10.0,20.0,2.0,100.0,14.285714
3587.0,20.0,20.0,2.0,100.0,11.111111
3588.0,40.0,20.0,2.0,100.0,4.7619047
3589.0,49.0,20.0,2.0,100.0,5.882353
3590.0,0.0,20.0,2.0,100.0,100.0
3591.0,0.5,20.0,2.0,100.0,100.0
3592.0,1.0,20.0,2.0,100.0,33.333332
3593.0,2.0,20.0,2.0,100.0,7.142857
3594.0,3.0,20.0,2.0,100.0,5.263158
3595.0,5.0,20.0,2.0,100.0,33.333332
3596.0,10.0,20.0,2.0,100.0,4.7619047
3597.0,20.0,20.0,2.0,100.0,7.142857
3598.0,40.0,20.0,2.0,100.0,6.6666665
3599.0,49.0,20.0,2.0,100.0,4.0
3600.0,0.0,20.0,2.0,100.0,100.0
3601.0,0.5,20.0,2.0,100.0,25.0
3602.0,1.0,20.0,2.0,100.0,33.333332
3603.0,2.0,20.0,2.0,100.0,50.0
3604.0,3.0,20.0,2.0,100.0,25.0
3605.0,5.0,20.0,2.0,100.0,6.6666665
3606.0,10.0,20.0,2.0,100.0,6.25
3607.0,20.0,20.0,2.0,100.0,5.263158
3608.0,40.0,20.0,2.0,100.0,5.882353
3609.0,49.0,20.0,2.0,100.0,5.0
3610.0,0.0,20.0,2.0,100.0,100.0
3611.0,0.5,20.0,2.0,100.0,100.0
3612.0,1.0,20.0,2.0,100.0,33.333332
3613.0,2.0,20.0,2.0,100.0,25.0
3614.0,3.0,20.0,2.0,100.0,6.6666665
3615.0,5.0,20.0,2.0,100.0,11.111111
3616.0,10.0,20.0,2.0,100.0,6.25
3617.0,20.0,20.0,2.0,100.0,5.882353
3618.0,40.0,20.0,2.0,100.0,5.0
3619.0,49.0,20.0,2.0,100.0,5.263158
3620.0,0.0,20.0,2.0,100.0,100.0
3621.0,0.5,20.0,2.0,100.0,4.7619047
3622.0,1.0,20.0,2.0,100.0,50.0
3623.0,2.0,20.0,2.0,100.0,33.333332
3624.0,3.0,20.0,2.0,100.0,25.0
3625.0,5.0,20.0,2.0,100.0,25.0
3626.0,10.0,20.0,2.0,100.0,11.111111
3627.0,20.0,20.0,2.0,100.0,5.5555553
3628.0,40.0,20.0,2.0,100.0,5.882353
3629.0,49.0,20.0,2.0,100.0,4.347826
3630.0,0.0,20.0,2.0,100.0,100.0
3631.0,0.5,20.0,2.0,100.0,33.333332
3632.0,1.0,20.0,2.0,100.0,100.0
3633.0,2.0,20.0,2.0,100.0,33.333332
3634.0,3.0,20.0,2.0,100.0,20.0
3635.0,5.0,20.0,2.0,100.0,11.111111
3636.0,10.0,20.0,2.0,100.0,6.25
3637.0,20.0,20.0,2.0,100.0,5.263158
3638.0,40.0,20.0,2.0,100.0,4.7619047
3639.0,49.0,20.0,2.0,100.0,4.347826
3640.0,0.0,20.0,2.0,100.0,100.0
3641.0,0.5,20.0,2.0,100.0,100.0
3642.0,1.0,20.0,2.0,100.0,16.666666
3643.0,2.0,20.0,2.0,100.0,16.666666
3644.0,3.0,20.0,2.0,100.0,8.333333
3645.0,5.0,20.0,2.0,100.0,10.0
3646.0,10.0,20.0,2.0,100.0,10.0
3647.0,20.0,20.0,2.0,100.0,4.7619047
3648.0,40.0,20.0,2.0,100.0,6.6666665
3649.0,49.0,20.0,2.0,100.0,5.882353
3650.0,0.0,20.0,2.0,100.0,100.0
3651.0,0.5,20.0,2.0,100.0,100.0
3652.0,1.0,20.0,2.0,100.0,33.333332
3653.0,2.0,20.0,2.0,100.0,33.333332
3654.0,3.0,20.0,2.0,100.0,33.333332
3655.0,5.0,20.0,2.0,100.0,33.333332
3656.0,10.0,20.0,2.0,100.0,7.6923075
3657.0,20.0,20.0,2.0,100.0,9.090909
3658.0,40.0,20.0,2.0,100.0,5.5555553
3659.0,49.0,20.0,2.0,100.0,4.347826
3660.0,0.0,20.0,2.0,100.0,100.0
3661.0,0.5,20.0,2.0,100.0,100.0
3662.0,1.0,20.0,2.0,100.0,10.0
3663.0,2.0,20.0,2.0,100.0,6.6666665
3664.0,3.0,20.0,2.0,100.0,33.333332
3665.0,5.0,20.0,2.0,100.0,8.333333
3666.0,10.0,20.0,2.0,100.0,10.0
3667.0,20.0,20.0,2.0,100.0,5.882353
3668.0,40.0,20.0,2.0,100.0,5.263158
3669.0,49.0,20.0,2.0,100.0,4.7619047
3670.0,0.0,20.0,2.0,100.0,100.0
3671.0,0.5,20.0,2.0,100.0,100.0
3672.0,1.0,20.0,2.0,100.0,33.333332
3673.0,2.0,20.0,2.0,100.0,6.6666665
3674.0,3.0,20.0,2.0,100.0,16.666666
3675.0,5.0,20.0,2.0,100.0,7.6923075
3676.0,10.0,20.0,2.0,100.0,6.25
3677.0,20.0,20.0,2.0,100.0,6.6666665
3678.0,40.0,20.0,2.0,100.0,4.5454545
3679.0,49.0,20.0,2.0,100.0,4.7619047
3680.0,0.0,20.0,2.0,100.0,100.0
3681.0,0.5,20.0,2.0,100.0,100.0
3682.0,1.0,20.0,2.0,100.0,33.333332
3683.0,2.0,20.0,2.0,100.0,25.0
3684.0,3.0,20.0,2.0,100.0,33.333332
3685.0,5.0,20.0,2.0,100.0,20.0
3686.0,10.0,20.0,2.0,100.0,12.5
3687.0,20.0,20.0,2.0,100.0,6.25
3688.0,40.0,20.0,2.0,100.0,4.5454545
3689.0,49.0,20.0,2.0,100.0,4.5454545
3690.0,0.0,20.0,2.0,100.0,100.0
3691.0,0.5,20.0,2.0,100.0,100.0
3692.0,1.0,20.0,2.0,100.0,7.6923075
3693.0,2.0,20.0,2.0,100.0,33.333332
3694.0,3.0,20.0,2.0,100.0,20.0
3695.0,5.0,20.0,2.0,100.0,12.5
3696.0,10.0,20.0,2.0,100.0,4.7619047
3697.0,20.0,20.0,2.0,100.0,7.142857
3698.0,40.0,20.0,2.0,100.0,5.263158
3699.0,49.0,20.0,2.0,100.0,5.263158
3700.0,0.0,20.0,2.0,100.0,100.0
3701.0,0.5,20.0,2.0,100.0,100.0
3702.0,1.0,20.0,2.0,100.0,100.0
3703.0,2.0,20.0,2.0,100.0,5.882353
3704.0,3.0,20.0,2.0,100.0,25.0
3705.0,5.0,20.0,2.0,100.0,7.6923075
3706.0,10.0,20.0,2.0,100.0,11.111111
3707.0,20.0,20.0,2.0,100.0,4.7619047
3708.0,40.0,20.0,2.0,100.0,5.0
3709.0,49.0,20.0,2.0,100.0,5.263158
3710.0,0.0,20.0,2.0,100.0,100.0
3711.0,0.5,20.0,2.0,100.0,100.0
3712.0,1.0,20.0,2.0,100.0,33.333332
3713.0,2.0,20.0,2.0,100.0,33.333332
3714.0,3.0,20.0,2.0,100.0,10.0
3715.0,5.0,20.0,2.0,100.0,7.6923075
3716.0,10.0,20.0,2.0,100.0,10.0
3717.0,20.0,20.0,2.0,100.0,9.090909
3718.0,40.0,20.0,2.0,100.0,5.263158
3719.0,49.0,20.0,2.0,100.0,4.7619047
3720.0,0.0,20.0,2.0,100.0,100.0
3721.0,0.5,20.0,2.0,100.0,100.0
3722.0,1.0,20.0,2.0,100.0,33.333332
3723.0,2.0,20.0,2.0,100.0,33.333332
3724.0,3.0,20.0,2.0,100.0,33.333332
3725.0,5.0,20.0,2.0,100.0,7.6923075
3726.0,10.0,20.0,2.0,100.0,8.333333
3727.0,20.0,20.0,2.0,100.0,5.0
3728.0,40.0,20.0,2.0,100.0,5.263158
3729.0,49.0,20.0,2.0,100.0,5.882353
3730.0,0.0,20.0,2.0,100.0,100.0
3731.0,0.5,20.0,2.0,100.0,100.0
3732.0,1.0,20.0,2.0,100.0,33.333332
3733.0,2.0,20.0,2.0,100.0,12.5
3734.0,3.0,20.0,2.0,100.0,25.0
3735.0,5.0,20.0,2.0,100.0,14.285714
3736.0,10.0,20.0,2.0,100.0,20.0
3737.0,20.0,20.0,2.0,100.0,6.6666665
3738.0,40.0,20.0,2.0,100.0,6.6666665
3739.0,49.0,20.0,2.0,100.0,5.882353
3740.0,0.0,20.0,2.0,100.0,100.0
3741.0,0.5,20.0,2.0,100.0,33.333332
3742.0,1.0,20.0,2.0,100.0,33.333332
3743.0,2.0,20.0,2.0,100.0,7.6923075
3744.0,3.0,20.0,2.0,100.0,16.666666
3745.0,5.0,20.0,2.0,100.0,14.285714
3746.0,10.0,20.0,2.0,100.0,12.5
3747.0,20.0,20.0,2.0,100.0,5.5555553
3748.0,40.0,20.0,2.0,100.0,6.6666665
3749.0,49.0,20.0,2.0,100.0,6.25
3750.0,0.0,20.0,2.0,100.0,100.0
3751.0,0.5,20.0,2.0,100.0,100.0
3752.0,1.0,20.0,2.0,100.0,33.333332
3753.0,2.0,20.0,2.0,100.0,50.0
3754.0,3.0,20.0,2.0,100.0,33.333332
3755.0,5.0,20.0,2.0,100.0,16.666666
3756.0,10.0,20.0,2.0,100.0,7.6923075
3757.0,20.0,20.0,2.0,100.0,4.7619047
3758.0,40.0,20.0,2.0,100.0,6.6666665
3759.0,49.0,20.0,2.0,100.0,4.0
3760.0,0.0,20.0,2.0,100.0,5.882353
3761.0,0.5,20.0,2.0,100.0,33.333332
3762.0,1.0,20.0,2.0,100.0,100.0
3763.0,2.0,20.0,2.0,100.0,14.285714
3764.0,3.0,20.0,2.0,100.0,12.5
3765.0,5.0,20.0,2.0,100.0,11.111111
3766.0,10.0,20.0,2.0,100.0,4.7619047
3767.0,20.0,20.0,2.0,100.0,5.882353
3768.0,40.0,20.0,2.0,100.0,5.263158
3769.0,49.0,20.0,2.0,100.0,3.4482758
3770.0,0.0,20.0,2.0,100.0,100.0
3771.0,0.5,20.0,2.0,100.0,33.333332
3772.0,1.0,20.0,2.0,100.0,33.333332
3773.0,2.0,20.0,2.0,100.0,8.333333
3774.0,3.0,20.0,2.0,100.0,33.333332
3775.0,5.0,20.0,2.0,100.0,12.5
3776.0,10.0,20.0,2.0,100.0,6.6666665
3777.0,20.0,20.0,2.0,100.0,5.882353
3778.0,40.0,20.0,2.0,100.0,4.1666665
3779.0,49.0,20.0,2.0,100.0,4.7619047
3780.0,0.0,20.0,2.0,100.0,100.0
3781.0,0.5,20.0,2.0,100.0,33.333332
3782.0,1.0,20.0,2.0,100.0,33.333332
3783.0,2.0,20.0,2.0,100.0,9.090909
3784.0,3.0,20.0,2.0,100.0,7.142857
3785.0,5.0,20.0,2.0,100.0,8.333333
3786.0,10.0,20.0,2.0,100.0,9.090909
3787.0,20.0,20.0,2.0,100.0,6.25
3788.0,40.0,20.0,2.0,100.0,4.7619047
3789.0,49.0,20.0,2.0,100.0,5.263158
3790.0,0.0,20.0,2.0,100.0,100.0
3791.0,0.5,20.0,2.0,100.0,33.333332
3792.0,1.0,20.0,2.0,100.0,33.333332
3793.0,2.0,20.0,2.0,100.0,8.333333
3794.0,3.0,20.0,2.0,100.0,10.0
3795.0,5.0,20.0,2.0,100.0,7.6923075
3796.0,10.0,20.0,2.0,100.0,12.5
3797.0,20.0,20.0,2.0,100.0,7.6923075
3798.0,40.0,20.0,2.0,100.0,5.882353
3799.0,49.0,20.0,2.0,100.0,5.882353
3800.0,0.0,20.0,2.0,100.0,100.0
3801.0,0.5,20.0,2.0,100.0,100.0
3802.0,1.0,20.0,2.0,100.0,25.0
3803.0,2.0,20.0,2.0,100.0,11.111111
3804.0,3.0,20.0,2.0,100.0,33.333332
3805.0,5.0,20.0,2.0,100.0,25.0
3806.0,10.0,20.0,2.0,100.0,10.0
3807.0,20.0,20.0,2.0,100.0,5.882353
3808.0,40.0,20.0,2.0,100.0,4.7619047
3809.0,49.0,20.0,2.0,100.0,5.263158
3810.0,0.0,20.0,2.0,100.0,100.0
3811.0,0.5,20.0,2.0,100.0,100.0
3812.0,1.0,20.0,2.0,100.0,25.0
3813.0,2.0,20.0,2.0,100.0,11.111111
3814.0,3.0,20.0,2.0,100.0,100.0
3815.0,5.0,20.0,2.0,100.0,5.5555553
3816.0,10.0,20.0,2.0,100.0,7.6923075
3817.0,20.0,20.0,2.0,100.0,9.090909
3818.0,40.0,20.0,2.0,100.0,4.7619047
3819.0,49.0,20.0,2.0,100.0,4.7619047
3820.0,0.0,20.0,2.0,100.0,100.0
3821.0,0.5,20.0,2.0,100.0,100.0
3822.0,1.0,20.0,2.0,100.0,33.333332
3823.0,2.0,20.0,2.0,100.0,33.333332
3824.0,3.0,20.0,2.0,100.0,33.333332
3825.0,5.0,20.0,2.0,100.0,8.333333
3826.0,10.0,20.0,2.0,100.0,11.111111
3827.0,20.0,20.0,2.0,100.0,6.25
3828.0,40.0,20.0,2.0,100.0,5.882353
3829.0,49.0,20.0,2.0,100.0,5.882353
3830.0,0.0,20.0,2.0,100.0,100.0
3831.0,0.5,20.0,2.0,100.0,100.0
3832.0,1.0,20.0,2.0,100.0,100.0
3833.0,2.0,20.0,2.0,100.0,20.0
3834.0,3.0,20.0,2.0,100.0,25.0
3835.0,5.0,20.0,2.0,100.0,8.333333
3836.0,10.0,20.0,2.0,100.0,9.090909
3837.0,20.0,20.0,2.0,100.0,6.6666665
3838.0,40.0,20.0,2.0,100.0,5.0
3839.0,49.0,20.0,2.0,100.0,5.263158
3840.0,0.0,20.0,2.0,100.0,100.0
3841.0,0.5,20.0,2.0,100.0,100.0
3842.0,1.0,20.0,2.0,100.0,14.285714
3843.0,2.0,20.0,2.0,100.0,33.333332
3844.0,3.0,20.0,2.0,100.0,33.333332
3845.0,5.0,20.0,2.0,100.0,7.142857
3846.0,10.0,20.0,2.0,100.0,11.111111
3847.0,20.0,20.0,2.0,100.0,5.882353
3848.0,40.0,20.0,2.0,100.0,4.7619047
3849.0,49.0,20.0,2.0,100.0,5.263158
3850.0,0.0,20.0,2.0,100.0,100.0
3851.0,0.5,20.0,2.0,100.0,33.333332
3852.0,1.0,20.0,2.0,100.0,16.666666
3853.0,2.0,20.0,2.0,100.0,33.333332
3854.0,3.0,20.0,2.0,100.0,7.6923075
3855.0,5.0,20.0,2.0,100.0,50.0
3856.0,10.0,20.0,2.0,100.0,9.090909
3857.0,20.0,20.0,2.0,100.0,5.882353
3858.0,40.0,20.0,2.0,100.0,4.7619047
3859.0,49.0,20.0,2.0,100.0,4.347826
3860.0,0.0,20.0,2.0,100.0,100.0
3861.0,0.5,20.0,2.0,100.0,33.333332
3862.0,1.0,20.0,2.0,100.0,100.0
3863.0,2.0,20.0,2.0,100.0,14.285714
3864.0,3.0,20.0,2.0,100.0,33.333332
3865.0,5.0,20.0,2.0,100.0,9.090909
3866.0,10.0,20.0,2.0,100.0,6.25
3867.0,20.0,20.0,2.0,100.0,5.882353
3868.0,40.0,20.0,2.0,100.0,5.882353
3869.0,49.0,20.0,2.0,100.0,4.347826
3870.0,0.0,20.0,2.0,100.0,100.0
3871.0,0.5,20.0,2.0,100.0,33.333332
3872.0,1.0,20.0,2.0,100.0,11.111111
3873.0,2.0,20.0,2.0,100.0,33.333332
3874.0,3.0,20.0,2.0,100.0,100.0
3875.0,5.0,20.0,2.0,100.0,8.333333
3876.0,10.0,20.0,2.0,100.0,7.6923075
3877.0,20.0,20.0,2.0,100.0,5.263158
3878.0,40.0,20.0,2.0,100.0,5.0
3879.0,49.0,20.0,2.0,100.0,4.347826
3880.0,0.0,20.0,2.0,100.0,100.0
3881.0,0.5,20.0,2.0,100.0,33.333332
3882.0,1.0,20.0,2.0,100.0,100.0
3883.0,2.0,20.0,2.0,100.0,50.0
3884.0,3.0,20.0,2.0,100.0,33.333332
3885.0,5.0,20.0,2.0,100.0,7.142857
3886.0,10.0,20.0,2.0,100.0,7.142857
3887.0,20.0,20.0,2.0,100.0,8.333333
3888.0,40.0,20.0,2.0,100.0,6.6666665
3889.0,49.0,20.0,2.0,100.0,4.7619047
3890.0,0.0,20.0,2.0,100.0,100.0
3891.0,0.5,20.0,2.0,100.0,100.0
3892.0,1.0,20.0,2.0,100.0,33.333332
3893.0,2.0,20.0,2.0,100.0,25.0
3894.0,3.0,20.0,2.0,100.0,16.666666
3895.0,5.0,20.0,2.0,100.0,16.666666
3896.0,10.0,20.0,2.0,100.0,12.5
3897.0,20.0,20.0,2.0,100.0,6.6666665
3898.0,40.0,20.0,2.0,100.0,4.7619047
3899.0,49.0,20.0,2.0,100.0,4.7619047
3900.0,0.0,20.0,2.0,100.0,100.0
3901.0,0.5,20.0,2.0,100.0,100.0
3902.0,1.0,20.0,2.0,100.0,33.333332
3903.0,2.0,20.0,2.0,100.0,50.0
3904.0,3.0,20.0,2.0,100.0,6.25
3905.0,5.0,20.0,2.0,100.0,14.285714
3906.0,10.0,20.0,2.0,100.0,9.090909
3907.0,20.0,20.0,2.0,100.0,5.5555553
3908.0,40.0,20.0,2.0,100.0,5.5555553
3909.0,49.0,20.0,2.0,100.0,4.7619047
3910.0,0.0,20.0,2.0,100.0,11.111111
3911.0,0.5,20.0,2.0,100.0,33.333332
3912.0,1.0,20.0,2.0,100.0,33.333332
3913.0,2.0,20.0,2.0,100.0,33.333332
3914.0,3.0,20.0,2.0,100.0,25.0
3915.0,5.0,20.0,2.0,100.0,9.090909
3916.0,10.0,20.0,2.0,100.0,6.25
3917.0,20.0,20.0,2.0,100.0,5.882353
3918.0,40.0,20.0,2.0,100.0,4.347826
3919.0,49.0,20.0,2.0,100.0,5.263158
3920.0,0.0,20.0,2.0,100.0,100.0
3921.0,0.5,20.0,2.0,100.0,100.0
3922.0,1.0,20.0,2.0,100.0,50.0
3923.0,2.0,20.0,2.0,100.0,11.111111
3924.0,3.0,20.0,2.0,100.0,7.6923075
3925.0,5.0,20.0,2.0,100.0,12.5
3926.0,10.0,20.0,2.0,100.0,7.6923075
3927.0,20.0,20.0,2.0,100.0,6.25
3928.0,40.0,20.0,2.0,100.0,6.6666665
3929.0,49.0,20.0,2.0,100.0,4.347826
3930.0,0.0,20.0,2.0,100.0,100.0
3931.0,0.5,20.0,2.0,100.0,100.0
3932.0,1.0,20.0,2.0,100.0,25.0
3933.0,2.0,20.0,2.0,100.0,33.333332
3934.0,3.0,20.0,2.0,100.0,25.0
3935.0,5.0,20.0,2.0,100.0,8.333333
3936.0,10.0,20.0,2.0,100.0,7.142857
3937.0,20.0,20.0,2.0,100.0,7.6923075
3938.0,40.0,20.0,2.0,100.0,4.7619047
3939.0,49.0,20.0,2.0,100.0,5.0
3940.0,0.0,20.0,2.0,100.0,100.0
3941.0,0.5,20.0,2.0,100.0,100.0
3942.0,1.0,20.0,2.0,100.0,33.333332
3943.0,2.0,20.0,2.0,100.0,16.666666
3944.0,3.0,20.0,2.0,100.0,33.333332
3945.0,5.0,20.0,2.0,100.0,33.333332
3946.0,10.0,20.0,2.0,100.0,5.882353
3947.0,20.0,20.0,2.0,100.0,5.882353
3948.0,40.0,20.0,2.0,100.0,4.0
3949.0,49.0,20.0,2.0,100.0,5.0
3950.0,0.0,20.0,2.0,100.0,20.0
3951.0,0.5,20.0,2.0,100.0,100.0
3952.0,1.0,20.0,2.0,100.0,100.0
3953.0,2.0,20.0,2.0,100.0,33.333332
3954.0,3.0,20.0,2.0,100.0,33.333332
3955.0,5.0,20.0,2.0,100.0,25.0
3956.0,10.0,20.0,2.0,100.0,16.666666
3957.0,20.0,20.0,2.0,100.0,5.5555553
3958.0,40.0,20.0,2.0,100.0,4.347826
3959.0,49.0,20.0,2.0,100.0,5.263158
3960.0,0.0,20.0,2.0,100.0,11.111111
3961.0,0.5,20.0,2.0,100.0,33.333332
3962.0,1.0,20.0,2.0,100.0,50.0
3963.0,2.0,20.0,2.0,100.0,7.6923075
3964.0,3.0,20.0,2.0,100.0,33.333332
3965.0,5.0,20.0,2.0,100.0,7.142857
3966.0,10.0,20.0,2.0,100.0,5.5555553
3967.0,20.0,20.0,2.0,100.0,5.263158
3968.0,40.0,20.0,2.0,100.0,4.7619047
3969.0,49.0,20.0,2.0,100.0,5.882353
3970.0,0.0,20.0,2.0,100.0,100.0
3971.0,0.5,20.0,2.0,100.0,33.333332
3972.0,1.0,20.0,2.0,100.0,12.5
3973.0,2.0,20.0,2.0,100.0,8.333333
3974.0,3.0,20.0,2.0,100.0,16.666666
3975.0,5.0,20.0,2.0,100.0,25.0
3976.0,10.0,20.0,2.0,100.0,14.285714
3977.0,20.0,20.0,2.0,100.0,5.5555553
3978.0,40.0,20.0,2.0,100.0,5.5555553
3979.0,49.0,20.0,2.0,100.0,4.7619047
3980.0,0.0,20.0,2.0,100.0,100.0
3981.0,0.5,20.0,2.0,100.0,33.333332
3982.0,1.0,20.0,2.0,100.0,100.0
3983.0,2.0,20.0,2.0,100.0,16.666666
3984.0,3.0,20.0,2.0,100.0,12.5
3985.0,5.0,20.0,2.0,100.0,6.6666665
3986.0,10.0,20.0,2.0,100.0,6.25
3987.0,20.0,20.0,2.0,100.0,12.5
3988.0,40.0,20.0,2.0,100.0,4.5454545
3989.0,49.0,20.0,2.0,100.0,5.263158
3990.0,0.0,20.0,2.0,100.0,100.0
3991.0,0.5,20.0,2.0,100.0,33.333332
3992.0,1.0,20.0,2.0,100.0,100.0
3993.0,2.0,20.0,2.0,100.0,11.111111
3994.0,3.0,20.0,2.0,100.0,6.6666665
3995.0,5.0,20.0,2.0,100.0,6.6666665
3996.0,10.0,20.0,2.0,100.0,6.25
3997.0,20.0,20.0,2.0,100.0,5.0
3998.0,40.0,20.0,2.0,100.0,5.0
3999.0,49.0,20.0,2.0,100.0,5.882353
4000.0,0.0,20.0,2.0,100.0,100.0
4001.0,0.5,20.0,2.0,100.0,33.333332
4002.0,1.0,20.0,2.0,100.0,33.333332
4003.0,2.0,20.0,2.0,100.0,20.0
4004.0,3.0,20.0,2.0,100.0,12.5
4005.0,5.0,20.0,2.0,100.0,25.0
4006.0,10.0,20.0,2.0,100.0,5.263158
4007.0,20.0,20.0,2.0,100.0,5.0
4008.0,40.0,20.0,2.0,100.0,5.0
4009.0,49.0,20.0,2.0,100.0,4.7619047
4010.0,0.0,20.0,2.0,100.0,100.0
4011.0,0.5,20.0,2.0,100.0,20.0
4012.0,1.0,20.0,2.0,100.0,20.0
4013.0,2.0,20.0,2.0,100.0,20.0
4014.0,3.0,20.0,2.0,100.0,33.333332
4015.0,5.0,20.0,2.0,100.0,7.6923075
4016.0,10.0,20.0,2.0,100.0,11.111111
4017.0,20.0,20.0,2.0,100.0,6.6666665
4018.0,40.0,20.0,2.0,100.0,5.263158
4019.0,49.0,20.0,2.0,100.0,5.263158
4020.0,0.0,20.0,2.0,100.0,100.0
4021.0,0.5,20.0,2.0,100.0,50.0
4022.0,1.0,20.0,2.0,100.0,33.333332
4023.0,2.0,20.0,2.0,100.0,9.090909
4024.0,3.0,20.0,2.0,100.0,33.333332
4025.0,5.0,20.0,2.0,100.0,5.882353
4026.0,10.0,20.0,2.0,100.0,7.6923075
4027.0,20.0,20.0,2.0,100.0,5.0
4028.0,40.0,20.0,2.0,100.0,5.882353
4029.0,49.0,20.0,2.0,100.0,4.7619047
4030.0,0.0,20.0,2.0,100.0,100.0
4031.0,0.5,20.0,2.0,100.0,100.0
4032.0,1.0,20.0,2.0,100.0,33.333332
4033.0,2.0,20.0,2.0,100.0,33.333332
4034.0,3.0,20.0,2.0,100.0,25.0
4035.0,5.0,20.0,2.0,100.0,33.333332
4036.0,10.0,20.0,2.0,100.0,5.882353
4037.0,20.0,20.0,2.0,100.0,6.25
4038.0,40.0,20.0,2.0,100.0,5.263158
4039.0,49.0,20.0,2.0,100.0,4.7619047
4040.0,0.0,20.0,2.0,100.0,100.0
4041.0,0.5,20.0,2.0,100.0,33.333332
4042.0,1.0,20.0,2.0,100.0,5.882353
4043.0,2.0,20.0,2.0,100.0,25.0
4044.0,3.0,20.0,2.0,100.0,20.0
4045.0,5.0,20.0,2.0,100.0,16.666666
4046.0,10.0,20.0,2.0,100.0,9.090909
4047.0,20.0,20.0,2.0,100.0,7.142857
4048.0,40.0,20.0,2.0,100.0,5.882353
4049.0,49.0,20.0,2.0,100.0,5.882353
4050.0,0.0,20.0,2.0,100.0,100.0
4051.0,0.5,20.0,2.0,100.0,100.0
4052.0,1.0,20.0,2.0,100.0,33.333332
4053.0,2.0,20.0,2.0,100.0,16.666666
4054.0,3.0,20.0,2.0,100.0,25.0
4055.0,5.0,20.0,2.0,100.0,9.090909
4056.0,10.0,20.0,2.0,100.0,7.142857
4057.0,20.0,20.0,2.0,100.0,4.7619047
4058.0,40.0,20.0,2.0,100.0,5.5555553
4059.0,49.0,20.0,2.0,100.0,4.7619047
4060.0,0.0,20.0,2.0,100.0,100.0
4061.0,0.5,20.0,2.0,100.0,33.333332
4062.0,1.0,20.0,2.0,100.0,25.0
4063.0,2.0,20.0,2.0,100.0,6.6666665
4064.0,3.0,20.0,2.0,100.0,33.333332
4065.0,5.0,20.0,2.0,100.0,20.0
4066.0,10.0,20.0,2.0,100.0,11.111111
4067.0,20.0,20.0,2.0,100.0,5.5555553
4068.0,40.0,20.0,2.0,100.0,5.263158
4069.0,49.0,20.0,2.0,100.0,4.347826
4070.0,0.0,20.0,2.0,100.0,100.0
4071.0,0.5,20.0,2.0,100.0,100.0
4072.0,1.0,20.0,2.0,100.0,25.0
4073.0,2.0,20.0,2.0,100.0,33.333332
4074.0,3.0,20.0,2.0,100.0,12.5
4075.0,5.0,20.0,2.0,100.0,16.666666
4076.0,10.0,20.0,2.0,100.0,6.6666665
4077.0,20.0,20.0,2.0,100.0,4.0
4078.0,40.0,20.0,2.0,100.0,5.0
4079.0,49.0,20.0,2.0,100.0,4.7619047
4080.0,0.0,20.0,2.0,100.0,100.0
4081.0,0.5,20.0,2.0,100.0,100.0
4082.0,1.0,20.0,2.0,100.0,12.5
4083.0,2.0,20.0,2.0,100.0,25.0
4084.0,3.0,20.0,2.0,100.0,25.0
4085.0,5.0,20.0,2.0,100.0,9.090909
4086.0,10.0,20.0,2.0,100.0,6.6666665
4087.0,20.0,20.0,2.0,100.0,5.882353
4088.0,40.0,20.0,2.0,100.0,5.263158
4089.0,49.0,20.0,2.0,100.0,4.7619047
4090.0,0.0,20.0,2.0,100.0,100.0
4091.0,0.5,20.0,2.0,100.0,100.0
4092.0,1.0,20.0,2.0,100.0,100.0
4093.0,2.0,20.0,2.0,100.0,7.142857
4094.0,3.0,20.0,2.0,100.0,14.285714
4095.0,5.0,20.0,2.0,100.0,33.333332
4096.0,10.0,20.0,2.0,100.0,7.6923075
4097.0,20.0,20.0,2.0,100.0,6.25
4098.0,40.0,20.0,2.0,100.0,5.0
4099.0,49.0,20.0,2.0,100.0,5.882353
4100.0,0.0,20.0,2.0,100.0,100.0
4101.0,0.5,20.0,2.0,100.0,33.333332
4102.0,1.0,20.0,2.0,100.0,50.0
4103.0,2.0,20.0,2.0,100.0,33.333332
4104.0,3.0,20.0,2.0,100.0,25.0
4105.0,5.0,20.0,2.0,100.0,9.090909
4106.0,10.0,20.0,2.0,100.0,5.263158
4107.0,20.0,20.0,2.0,100.0,5.5555553
4108.0,40.0,20.0,2.0,100.0,5.263158
4109.0,49.0,20.0,2.0,100.0,6.6666665
4110.0,0.0,20.0,2.0,100.0,100.0
4111.0,0.5,20.0,2.0,100.0,50.0
4112.0,1.0,20.0,2.0,100.0,100.0
4113.0,2.0,20.0,2.0,100.0,25.0
4114.0,3.0,20.0,2.0,100.0,20.0
4115.0,5.0,20.0,2.0,100.0,12.5
4116.0,10.0,20.0,2.0,100.0,20.0
4117.0,20.0,20.0,2.0,100.0,7.142857
4118.0,40.0,20.0,2.0,100.0,4.7619047
4119.0,49.0,20.0,2.0,100.0,5.263158
4120.0,0.0,20.0,2.0,100.0,100.0
4121.0,0.5,20.0,2.0,100.0,100.0
4122.0,1.0,20.0,2.0,100.0,33.333332
4123.0,2.0,20.0,2.0,100.0,5.882353
4124.0,3.0,20.0,2.0,100.0,11.111111
4125.0,5.0,20.0,2.0,100.0,6.6666665
4126.0,10.0,20.0,2.0,100.0,4.7619047
4127.0,20.0,20.0,2.0,100.0,6.25
4128.0,40.0,20.0,2.0,100.0,5.263158
4129.0,49.0,20.0,2.0,100.0,4.0
4130.0,0.0,20.0,2.0,100.0,100.0
4131.0,0.5,20.0,2.0,100.0,33.333332
4132.0,1.0,20.0,2.0,100.0,33.333332
4133.0,2.0,20.0,2.0,100.0,33.333332
4134.0,3.0,20.0,2.0,100.0,7.6923075
4135.0,5.0,20.0,2.0,100.0,14.285714
4136.0,10.0,20.0,2.0,100.0,7.6923075
4137.0,20.0,20.0,2.0,100.0,5.5555553
4138.0,40.0,20.0,2.0,100.0,7.6923075
4139.0,49.0,20.0,2.0,100.0,5.263158
4140.0,0.0,20.0,2.0,100.0,100.0
4141.0,0.5,20.0,2.0,100.0,100.0
4142.0,1.0,20.0,2.0,100.0,33.333332
4143.0,2.0,20.0,2.0,100.0,33.333332
4144.0,3.0,20.0,2.0,100.0,14.285714
4145.0,5.0,20.0,2.0,100.0,16.666666
4146.0,10.0,20.0,2.0,100.0,9.090909
4147.0,20.0,20.0,2.0,100.0,5.882353
4148.0,40.0,20.0,2.0,100.0,6.6666665
4149.0,49.0,20.0,2.0,100.0,6.6666665
4150.0,0.0,20.0,2.0,100.0,100.0
4151.0,0.5,20.0,2.0,100.0,100.0
4152.0,1.0,20.0,2.0,100.0,6.6666665
4153.0,2.0,20.0,2.0,100.0,33.333332
4154.0,3.0,20.0,2.0,100.0,25.0
4155.0,5.0,20.0,2.0,100.0,11.111111
4156.0,10.0,20.0,2.0,100.0,7.6923075
4157.0,20.0,20.0,2.0,100.0,5.882353
4158.0,40.0,20.0,2.0,100.0,5.882353
4159.0,49.0,20.0,2.0,100.0,5.882353
4160.0,0.0,20.0,2.0,100.0,100.0
4161.0,0.5,20.0,2.0,100.0,100.0
4162.0,1.0,20.0,2.0,100.0,20.0
4163.0,2.0,20.0,2.0,100.0,33.333332
4164.0,3.0,20.0,2.0,100.0,33.333332
4165.0,5.0,20.0,2.0,100.0,5.882353
4166.0,10.0,20.0,2.0,100.0,7.6923075
4167.0,20.0,20.0,2.0,100.0,5.0
4168.0,40.0,20.0,2.0,100.0,4.1666665
4169.0,49.0,20.0,2.0,100.0,4.7619047
4170.0,0.0,20.0,2.0,100.0,14.285714
4171.0,0.5,20.0,2.0,100.0,33.333332
4172.0,1.0,20.0,2.0,100.0,100.0
4173.0,2.0,20.0,2.0,100.0,33.333332
4174.0,3.0,20.0,2.0,100.0,33.333332
4175.0,5.0,20.0,2.0,100.0,7.142857
4176.0,10.0,20.0,2.0,100.0,11.111111
4177.0,20.0,20.0,2.0,100.0,5.263158
4178.0,40.0,20.0,2.0,100.0,5.0
4179.0,49.0,20.0,2.0,100.0,5.0
4180.0,0.0,20.0,2.0,100.0,100.0
4181.0,0.5,20.0,2.0,100.0,33.333332
4182.0,1.0,20.0,2.0,100.0,33.333332
4183.0,2.0,20.0,2.0,100.0,33.333332
4184.0,3.0,20.0,2.0,100.0,9.090909
4185.0,5.0,20.0,2.0,100.0,20.0
4186.0,10.0,20.0,2.0,100.0,6.25
4187.0,20.0,20.0,2.0,100.0,5.263158
4188.0,40.0,20.0,2.0,100.0,5.263158
4189.0,49.0,20.0,2.0,100.0,4.347826
4190.0,0.0,20.0,2.0,100.0,100.0
4191.0,0.5,20.0,2.0,100.0,100.0
4192.0,1.0,20.0,2.0,100.0,33.333332
4193.0,2.0,20.0,2.0,100.0,33.333332
4194.0,3.0,20.0,2.0,100.0,33.333332
4195.0,5.0,20.0,2.0,100.0,7.142857
4196.0,10.0,20.0,2.0,100.0,7.142857
4197.0,20.0,20.0,2.0,100.0,5.5555553
4198.0,40.0,20.0,2.0,100.0,5.263158
4199.0,49.0,20.0,2.0,100.0,4.347826
4200.0,0.0,20.0,2.0,100.0,100.0
4201.0,0.5,20.0,2.0,100.0,100.0
4202.0,1.0,20.0,2.0,100.0,33.333332
4203.0,2.0,20.0,2.0,100.0,10.0
4204.0,3.0,20.0,2.0,100.0,14.285714
4205.0,5.0,20.0,2.0,100.0,12.5
4206.0,10.0,20.0,2.0,100.0,20.0
4207.0,20.0,20.0,2.0,100.0,4.347826
4208.0,40.0,20.0,2.0,100.0,4.5454545
4209.0,49.0,20.0,2.0,100.0,5.882353
4210.0,0.0,20.0,2.0,100.0,100.0
4211.0,0.5,20.0,2.0,100.0,100.0
4212.0,1.0,20.0,2.0,100.0,33.333332
4213.0,2.0,20.0,2.0,100.0,25.0
4214.0,3.0,20.0,2.0,100.0,10.0
4215.0,5.0,20.0,2.0,100.0,9.090909
4216.0,10.0,20.0,2.0,100.0,10.0
4217.0,20.0,20.0,2.0,100.0,5.5555553
4218.0,40.0,20.0,2.0,100.0,3.7037036
4219.0,49.0,20.0,2.0,100.0,4.7619047
4220.0,0.0,20.0,2.0,100.0,100.0
4221.0,0.5,20.0,2.0,100.0,33.333332
4222.0,1.0,20.0,2.0,100.0,33.333332
4223.0,2.0,20.0,2.0,100.0,5.882353
4224.0,3.0,20.0,2.0,100.0,50.0
4225.0,5.0,20.0,2.0,100.0,9.090909
4226.0,10.0,20.0,2.0,100.0,8.333333
4227.0,20.0,20.0,2.0,100.0,5.263158
4228.0,40.0,20.0,2.0,100.0,4.5454545
4229.0,49.0,20.0,2.0,100.0,5.263158
4230.0,0.0,20.0,2.0,100.0,100.0
4231.0,0.5,20.0,2.0,100.0,100.0
4232.0,1.0,20.0,2.0,100.0,25.0
4233.0,2.0,20.0,2.0,100.0,33.333332
4234.0,3.0,20.0,2.0,100.0,25.0
4235.0,5.0,20.0,2.0,100.0,20.0
4236.0,10.0,20.0,2.0,100.0,11.111111
4237.0,20.0,20.0,2.0,100.0,9.090909
4238.0,40.0,20.0,2.0,100.0,5.263158
4239.0,49.0,20.0,2.0,100.0,5.263158
4240.0,0.0,20.0,2.0,100.0,100.0
4241.0,0.5,20.0,2.0,100.0,100.0
4242.0,1.0,20.0,2.0,100.0,33.333332
4243.0,2.0,20.0,2.0,100.0,16.666666
4244.0,3.0,20.0,2.0,100.0,50.0
4245.0,5.0,20.0,2.0,100.0,6.6666665
4246.0,10.0,20.0,2.0,100.0,9.090909
4247.0,20.0,20.0,2.0,100.0,9.090909
4248.0,40.0,20.0,2.0,100.0,4.5454545
4249.0,49.0,20.0,2.0,100.0,5.0
4250.0,0.0,20.0,2.0,100.0,100.0
4251.0,0.5,20.0,2.0,100.0,100.0
4252.0,1.0,20.0,2.0,100.0,100.0
4253.0,2.0,20.0,2.0,100.0,33.333332
4254.0,3.0,20.0,2.0,100.0,16.666666
4255.0,5.0,20.0,2.0,100.0,20.0
4256.0,10.0,20.0,2.0,100.0,8.333333
4257.0,20.0,20.0,2.0,100.0,6.6666665
4258.0,40.0,20.0,2.0,100.0,4.7619047
4259.0,49.0,20.0,2.0,100.0,3.7037036
4260.0,0.0,20.0,2.0,100.0,100.0
4261.0,0.5,20.0,2.0,100.0,33.333332
4262.0,1.0,20.0,2.0,100.0,100.0
4263.0,2.0,20.0,2.0,100.0,25.0
4264.0,3.0,20.0,2.0,100.0,10.0
4265.0,5.0,20.0,2.0,100.0,5.882353
4266.0,10.0,20.0,2.0,100.0,11.111111
4267.0,20.0,20.0,2.0,100.0,7.6923075
4268.0,40.0,20.0,2.0,100.0,5.263158
4269.0,49.0,20.0,2.0,100.0,5.882353
4270.0,0.0,20.0,2.0,100.0,100.0
4271.0,0.5,20.0,2.0,100.0,33.333332
4272.0,1.0,20.0,2.0,100.0,33.333332
4273.0,2.0,20.0,2.0,100.0,33.333332
4274.0,3.0,20.0,2.0,100.0,33.333332
4275.0,5.0,20.0,2.0,100.0,10.0
4276.0,10.0,20.0,2.0,100.0,7.142857
4277.0,20.0,20.0,2.0,100.0,6.25
4278.0,40.0,20.0,2.0,100.0,5.263158
4279.0,49.0,20.0,2.0,100.0,4.7619047
4280.0,0.0,20.0,2.0,100.0,100.0
4281.0,0.5,20.0,2.0,100.0,25.0
4282.0,1.0,20.0,2.0,100.0,33.333332
4283.0,2.0,20.0,2.0,100.0,12.5
4284.0,3.0,20.0,2.0,100.0,6.6666665
4285.0,5.0,20.0,2.0,100.0,33.333332
4286.0,10.0,20.0,2.0,100.0,9.090909
4287.0,20.0,20.0,2.0,100.0,6.25
4288.0,40.0,20.0,2.0,100.0,4.5454545
4289.0,49.0,20.0,2.0,100.0,4.7619047
4290.0,0.0,20.0,2.0,100.0,100.0
4291.0,0.5,20.0,2.0,100.0,33.333332
4292.0,1.0,20.0,2.0,100.0,14.285714
4293.0,2.0,20.0,2.0,100.0,100.0
4294.0,3.0,20.0,2.0,100.0,25.0
4295.0,5.0,20.0,2.0,100.0,14.285714
4296.0,10.0,20.0,2.0,100.0,7.142857
4297.0,20.0,20.0,2.0,100.0,6.25
4298.0,40.0,20.0,2.0,100.0,4.347826
4299.0,49.0,20.0,2.0,100.0,6.6666665
4300.0,0.0,20.0,2.0,100.0,100.0
4301.0,0.5,20.0,2.0,100.0,100.0
4302.0,1.0,20.0,2.0,100.0,7.6923075
4303.0,2.0,20.0,2.0,100.0,33.333332
4304.0,3.0,20.0,2.0,100.0,12.5
4305.0,5.0,20.0,2.0,100.0,25.0
4306.0,10.0,20.0,2.0,100.0,6.25
4307.0,20.0,20.0,2.0,100.0,5.263158
4308.0,40.0,20.0,2.0,100.0,5.263158
4309.0,49.0,20.0,2.0,100.0,5.882353
4310.0,0.0,20.0,2.0,100.0,100.0
4311.0,0.5,20.0,2.0,100.0,33.333332
4312.0,1.0,20.0,2.0,100.0,9.090909
4313.0,2.0,20.0,2.0,100.0,33.333332
4314.0,3.0,20.0,2.0,100.0,6.6666665
4315.0,5.0,20.0,2.0,100.0,33.333332
4316.0,10.0,20.0,2.0,100.0,11.111111
4317.0,20.0,20.0,2.0,100.0,6.6666665
4318.0,40.0,20.0,2.0,100.0,5.0
4319.0,49.0,20.0,2.0,100.0,4.347826
4320.0,0.0,20.0,2.0,100.0,100.0
4321.0,0.5,20.0,2.0,100.0,100.0
4322.0,1.0,20.0,2.0,100.0,33.333332
4323.0,2.0,20.0,2.0,100.0,33.333332
4324.0,3.0,20.0,2.0,100.0,50.0
4325.0,5.0,20.0,2.0,100.0,16.666666
4326.0,10.0,20.0,2.0,100.0,7.142857
4327.0,20.0,20.0,2.0,100.0,6.25
4328.0,40.0,20.0,2.0,100.0,5.882353
4329.0,49.0,20.0,2.0,100.0,5.0
4330.0,0.0,20.0,2.0,100.0,100.0
4331.0,0.5,20.0,2.0,100.0,33.333332
4332.0,1.0,20.0,2.0,100.0,33.333332
4333.0,2.0,20.0,2.0,100.0,33.333332
4334.0,3.0,20.0,2.0,100.0,4.5454545
4335.0,5.0,20.0,2.0,100.0,14.285714
4336.0,10.0,20.0,2.0,100.0,20.0
4337.0,20.0,20.0,2.0,100.0,6.6666665
4338.0,40.0,20.0,2.0,100.0,5.263158
4339.0,49.0,20.0,2.0,100.0,5.263158
4340.0,0.0,20.0,2.0,100.0,100.0
4341.0,0.5,20.0,2.0,100.0,33.333332
4342.0,1.0,20.0,2.0,100.0,20.0
4343.0,2.0,20.0,2.0,100.0,33.333332
4344.0,3.0,20.0,2.0,100.0,33.333332
4345.0,5.0,20.0,2.0,100.0,6.25
4346.0,10.0,20.0,2.0,100.0,5.5555553
4347.0,20.0,20.0,2.0,100.0,6.25
4348.0,40.0,20.0,2.0,100.0,5.263158
4349.0,49.0,20.0,2.0,100.0,4.7619047
4350.0,0.0,20.0,2.0,100.0,100.0
4351.0,0.5,20.0,2.0,100.0,50.0
4352.0,1.0,20.0,2.0,100.0,33.333332
4353.0,2.0,20.0,2.0,100.0,20.0
4354.0,3.0,20.0,2.0,100.0,25.0
4355.0,5.0,20.0,2.0,100.0,12.5
4356.0,10.0,20.0,2.0,100.0,5.882353
4357.0,20.0,20.0,2.0,100.0,5.882353
4358.0,40.0,20.0,2.0,100.0,4.5454545
4359.0,49.0,20.0,2.0,100.0,5.263158
4360.0,0.0,20.0,2.0,100.0,100.0
4361.0,0.5,20.0,2.0,100.0,10.0
4362.0,1.0,20.0,2.0,100.0,20.0
4363.0,2.0,20.0,2.0,100.0,25.0
4364.0,3.0,20.0,2.0,100.0,33.333332
4365.0,5.0,20.0,2.0,100.0,11.111111
4366.0,10.0,20.0,2.0,100.0,9.090909
4367.0,20.0,20.0,2.0,100.0,7.142857
4368.0,40.0,20.0,2.0,100.0,5.263158
4369.0,49.0,20.0,2.0,100.0,5.263158
4370.0,0.0,20.0,2.0,100.0,100.0
4371.0,0.5,20.0,2.0,100.0,100.0
4372.0,1.0,20.0,2.0,100.0,33.333332
4373.0,2.0,20.0,2.0,100.0,33.333332
4374.0,3.0,20.0,2.0,100.0,33.333332
4375.0,5.0,20.0,2.0,100.0,5.0
4376.0,10.0,20.0,2.0,100.0,6.6666665
4377.0,20.0,20.0,2.0,100.0,4.347826
4378.0,40.0,20.0,2.0,100.0,4.1666665
4379.0,49.0,20.0,2.0,100.0,4.347826
4380.0,0.0,20.0,2.0,100.0,100.0
4381.0,0.5,20.0,2.0,100.0,100.0
4382.0,1.0,20.0,2.0,100.0,14.285714
4383.0,2.0,20.0,2.0,100.0,33.333332
4384.0,3.0,20.0,2.0,100.0,33.333332
4385.0,5.0,20.0,2.0,100.0,14.285714
4386.0,10.0,20.0,2.0,100.0,6.6666665
4387.0,20.0,20.0,2.0,100.0,5.0
4388.0,40.0,20.0,2.0,100.0,5.263158
4389.0,49.0,20.0,2.0,100.0,4.347826
4390.0,0.0,20.0,2.0,100.0,100.0
4391.0,0.5,20.0,2.0,100.0,33.333332
4392.0,1.0,20.0,2.0,100.0,25.0
4393.0,2.0,20.0,2.0,100.0,10.0
4394.0,3.0,20.0,2.0,100.0,33.333332
4395.0,5.0,20.0,2.0,100.0,14.285714
4396.0,10.0,20.0,2.0,100.0,14.285714
4397.0,20.0,20.0,2.0,100.0,5.882353
4398.0,40.0,20.0,2.0,100.0,5.5555553
4399.0,49.0,20.0,2.0,100.0,5.0
4400.0,0.0,20.0,2.0,100.0,20.0
4401.0,0.5,20.0,2.0,100.0,100.0
4402.0,1.0,20.0,2.0,100.0,100.0
4403.0,2.0,20.0,2.0,100.0,20.0
4404.0,3.0,20.0,2.0,100.0,25.0
4405.0,5.0,20.0,2.0,100.0,5.882353
4406.0,10.0,20.0,2.0,100.0,4.7619047
4407.0,20.0,20.0,2.0,100.0,7.142857
4408.0,40.0,20.0,2.0,100.0,5.0
4409.0,49.0,20.0,2.0,100.0,5.0
4410.0,0.0,20.0,2.0,100.0,100.0
4411.0,0.5,20.0,2.0,100.0,100.0
4412.0,1.0,20.0,2.0,100.0,33.333332
4413.0,2.0,20.0,2.0,100.0,20.0
4414.0,3.0,20.0,2.0,100.0,11.111111
4415.0,5.0,20.0,2.0,100.0,5.882353
4416.0,10.0,20.0,2.0,100.0,16.666666
4417.0,20.0,20.0,2.0,100.0,5.882353
4418.0,40.0,20.0,2.0,100.0,4.347826
4419.0,49.0,20.0,2.0,100.0,4.7619047
4420.0,0.0,20.0,2.0,100.0,100.0
4421.0,0.5,20.0,2.0,100.0,33.333332
4422.0,1.0,20.0,2.0,100.0,5.0
4423.0,2.0,20.0,2.0,100.0,11.111111
4424.0,3.0,20.0,2.0,100.0,4.5454545
4425.0,5.0,20.0,2.0,100.0,9.090909
4426.0,10.0,20.0,2.0,100.0,8.333333
4427.0,20.0,20.0,2.0,100.0,7.142857
4428.0,40.0,20.0,2.0,100.0,6.25
4429.0,49.0,20.0,2.0,100.0,5.882353
4430.0,0.0,20.0,2.0,100.0,100.0
4431.0,0.5,20.0,2.0,100.0,20.0
4432.0,1.0,20.0,2.0,100.0,100.0
4433.0,2.0,20.0,2.0,100.0,33.333332
4434.0,3.0,20.0,2.0,100.0,11.111111
4435.0,5.0,20.0,2.0,100.0,33.333332
4436.0,10.0,20.0,2.0,100.0,6.25
4437.0,20.0,20.0,2.0,100.0,4.7619047
4438.0,40.0,20.0,2.0,100.0,4.7619047
4439.0,49.0,20.0,2.0,100.0,5.263158
4440.0,0.0,20.0,2.0,100.0,100.0
4441.0,0.5,20.0,2.0,100.0,33.333332
4442.0,1.0,20.0,2.0,100.0,33.333332
4443.0,2.0,20.0,2.0,100.0,33.333332
4444.0,3.0,20.0,2.0,100.0,5.263158
4445.0,5.0,20.0,2.0,100.0,8.333333
4446.0,10.0,20.0,2.0,100.0,4.5454545
4447.0,20.0,20.0,2.0,100.0,5.263158
4448.0,40.0,20.0,2.0,100.0,6.25
4449.0,49.0,20.0,2.0,100.0,4.7619047
4450.0,0.0,20.0,2.0,100.0,100.0
4451.0,0.5,20.0,2.0,100.0,100.0
4452.0,1.0,20.0,2.0,100.0,25.0
4453.0,2.0,20.0,2.0,100.0,33.333332
4454.0,3.0,20.0,2.0,100.0,10.0
4455.0,5.0,20.0,2.0,100.0,14.285714
4456.0,10.0,20.0,2.0,100.0,7.6923075
4457.0,20.0,20.0,2.0,100.0,5.263158
4458.0,40.0,20.0,2.0,100.0,6.6666665
4459.0,49.0,20.0,2.0,100.0,5.0
4460.0,0.0,20.0,2.0,100.0,100.0
4461.0,0.5,20.0,2.0,100.0,100.0
4462.0,1.0,20.0,2.0,100.0,33.333332
4463.0,2.0,20.0,2.0,100.0,50.0
4464.0,3.0,20.0,2.0,100.0,14.285714
4465.0,5.0,20.0,2.0,100.0,5.263158
4466.0,10.0,20.0,2.0,100.0,5.5555553
4467.0,20.0,20.0,2.0,100.0,6.25
4468.0,40.0,20.0,2.0,100.0,4.7619047
4469.0,49.0,20.0,2.0,100.0,4.7619047
4470.0,0.0,20.0,2.0,100.0,100.0
4471.0,0.5,20.0,2.0,100.0,33.333332
4472.0,1.0,20.0,2.0,100.0,33.333332
4473.0,2.0,20.0,2.0,100.0,25.0
4474.0,3.0,20.0,2.0,100.0,33.333332
4475.0,5.0,20.0,2.0,100.0,8.333333
4476.0,10.0,20.0,2.0,100.0,6.25
4477.0,20.0,20.0,2.0,100.0,9.090909
4478.0,40.0,20.0,2.0,100.0,4.5454545
4479.0,49.0,20.0,2.0,100.0,5.5555553
4480.0,0.0,20.0,2.0,100.0,100.0
4481.0,0.5,20.0,2.0,100.0,9.090909
4482.0,1.0,20.0,2.0,100.0,20.0
4483.0,2.0,20.0,2.0,100.0,6.6666665
4484.0,3.0,20.0,2.0,100.0,5.5555553
4485.0,5.0,20.0,2.0,100.0,12.5
4486.0,10.0,20.0,2.0,100.0,7.142857
4487.0,20.0,20.0,2.0,100.0,5.0
4488.0,40.0,20.0,2.0,100.0,5.0
4489.0,49.0,20.0,2.0,100.0,4.7619047
4490.0,0.0,20.0,2.0,100.0,100.0
4491.0,0.5,20.0,2.0,100.0,100.0
4492.0,1.0,20.0,2.0,100.0,16.666666
4493.0,2.0,20.0,2.0,100.0,33.333332
4494.0,3.0,20.0,2.0,100.0,7.142857
4495.0,5.0,20.0,2.0,100.0,12.5
4496.0,10.0,20.0,2.0,100.0,8.333333
4497.0,20.0,20.0,2.0,100.0,5.263158
4498.0,40.0,20.0,2.0,100.0,6.6666665
4499.0,49.0,20.0,2.0,100.0,4.7619047
4500.0,0.0,20.0,2.0,100.0,100.0
4501.0,0.5,20.0,2.0,100.0,6.6666665
4502.0,1.0,20.0,2.0,100.0,33.333332
4503.0,2.0,20.0,2.0,100.0,20.0
4504.0,3.0,20.0,2.0,100.0,20.0
4505.0,5.0,20.0,2.0,100.0,9.090909
4506.0,10.0,20.0,2.0,100.0,9.090909
4507.0,20.0,20.0,2.0,100.0,7.6923075
4508.0,40.0,20.0,2.0,100.0,4.347826
4509.0,49.0,20.0,2.0,100.0,5.263158
4510.0,0.0,20.0,2.0,100.0,100.0
4511.0,0.5,20.0,2.0,100.0,100.0
4512.0,1.0,20.0,2.0,100.0,33.333332
4513.0,2.0,20.0,2.0,100.0,33.333332
4514.0,3.0,20.0,2.0,100.0,16.666666
4515.0,5.0,20.0,2.0,100.0,33.333332
4516.0,10.0,20.0,2.0,100.0,7.142857
4517.0,20.0,20.0,2.0,100.0,5.5555553
4518.0,40.0,20.0,2.0,100.0,5.5555553
4519.0,49.0,20.0,2.0,100.0,5.0
4520.0,0.0,20.0,2.0,100.0,100.0
4521.0,0.5,20.0,2.0,100.0,33.333332
4522.0,1.0,20.0,2.0,100.0,50.0
4523.0,2.0,20.0,2.0,100.0,5.882353
4524.0,3.0,20.0,2.0,100.0,14.285714
4525.0,5.0,20.0,2.0,100.0,20.0
4526.0,10.0,20.0,2.0,100.0,8.333333
4527.0,20.0,20.0,2.0,100.0,5.5555553
4528.0,40.0,20.0,2.0,100.0,5.0
4529.0,49.0,20.0,2.0,100.0,4.0
4530.0,0.0,20.0,2.0,100.0,100.0
4531.0,0.5,20.0,2.0,100.0,33.333332
4532.0,1.0,20.0,2.0,100.0,33.333332
4533.0,2.0,20.0,2.0,100.0,33.333332
4534.0,3.0,20.0,2.0,100.0,16.666666
4535.0,5.0,20.0,2.0,100.0,11.111111
4536.0,10.0,20.0,2.0,100.0,6.25
4537.0,20.0,20.0,2.0,100.0,5.5555553
4538.0,40.0,20.0,2.0,100.0,6.6666665
4539.0,49.0,20.0,2.0,100.0,5.882353
4540.0,0.0,20.0,2.0,100.0,100.0
4541.0,0.5,20.0,2.0,100.0,33.333332
4542.0,1.0,20.0,2.0,100.0,33.333332
4543.0,2.0,20.0,2.0,100.0,33.333332
4544.0,3.0,20.0,2.0,100.0,33.333332
4545.0,5.0,20.0,2.0,100.0,33.333332
4546.0,10.0,20.0,2.0,100.0,11.111111
4547.0,20.0,20.0,2.0,100.0,5.882353
4548.0,40.0,20.0,2.0,100.0,4.347826
4549.0,49.0,20.0,2.0,100.0,5.882353
4550.0,0.0,20.0,2.0,100.0,100.0
4551.0,0.5,20.0,2.0,100.0,100.0
4552.0,1.0,20.0,2.0,100.0,33.333332
4553.0,2.0,20.0,2.0,100.0,9.090909
4554.0,3.0,20.0,2.0,100.0,20.0
4555.0,5.0,20.0,2.0,100.0,10.0
4556.0,10.0,20.0,2.0,100.0,7.6923075
4557.0,20.0,20.0,2.0,100.0,6.6666665
4558.0,40.0,20.0,2.0,100.0,5.263158
4559.0,49.0,20.0,2.0,100.0,5.263158
4560.0,0.0,20.0,2.0,100.0,100.0
4561.0,0.5,20.0,2.0,100.0,33.333332
4562.0,1.0,20.0,2.0,100.0,7.142857
4563.0,2.0,20.0,2.0,100.0,20.0
4564.0,3.0,20.0,2.0,100.0,33.333332
4565.0,5.0,20.0,2.0,100.0,16.666666
4566.0,10.0,20.0,2.0,100.0,11.111111
4567.0,20.0,20.0,2.0,100.0,5.263158
4568.0,40.0,20.0,2.0,100.0,4.7619047
4569.0,49.0,20.0,2.0,100.0,4.7619047
4570.0,0.0,20.0,2.0,100.0,100.0
4571.0,0.5,20.0,2.0,100.0,33.333332
4572.0,1.0,20.0,2.0,100.0,100.0
4573.0,2.0,20.0,2.0,100.0,33.333332
4574.0,3.0,20.0,2.0,100.0,25.0
4575.0,5.0,20.0,2.0,100.0,11.111111
4576.0,10.0,20.0,2.0,100.0,5.5555553
4577.0,20.0,20.0,2.0,100.0,5.882353
4578.0,40.0,20.0,2.0,100.0,5.5555553
4579.0,49.0,20.0,2.0,100.0,4.7619047
4580.0,0.0,20.0,2.0,100.0,100.0
4581.0,0.5,20.0,2.0,100.0,100.0
4582.0,1.0,20.0,2.0,100.0,9.090909
4583.0,2.0,20.0,2.0,100.0,33.333332
4584.0,3.0,20.0,2.0,100.0,33.333332
4585.0,5.0,20.0,2.0,100.0,7.6923075
4586.0,10.0,20.0,2.0,100.0,11.111111
4587.0,20.0,20.0,2.0,100.0,6.6666665
4588.0,40.0,20.0,2.0,100.0,4.7619047
4589.0,49.0,20.0,2.0,100.0,5.263158
4590.0,0.0,20.0,2.0,100.0,9.090909
4591.0,0.5,20.0,2.0,100.0,33.333332
4592.0,1.0,20.0,2.0,100.0,9.090909
4593.0,2.0,20.0,2.0,100.0,33.333332
4594.0,3.0,20.0,2.0,100.0,10.0
4595.0,5.0,20.0,2.0,100.0,12.5
4596.0,10.0,20.0,2.0,100.0,9.090909
4597.0,20.0,20.0,2.0,100.0,7.142857
4598.0,40.0,20.0,2.0,100.0,5.263158
4599.0,49.0,20.0,2.0,100.0,5.263158
4600.0,0.0,20.0,2.0,100.0,100.0
4601.0,0.5,20.0,2.0,100.0,33.333332
4602.0,1.0,20.0,2.0,100.0,100.0
4603.0,2.0,20.0,2.0,100.0,33.333332
4604.0,3.0,20.0,2.0,100.0,16.666666
4605.0,5.0,20.0,2.0,100.0,16.666666
4606.0,10.0,20.0,2.0,100.0,8.333333
4607.0,20.0,20.0,2.0,100.0,5.882353
4608.0,40.0,20.0,2.0,100.0,6.6666665
4609.0,49.0,20.0,2.0,100.0,4.347826
4610.0,0.0,20.0,2.0,100.0,100.0
4611.0,0.5,20.0,2.0,100.0,100.0
4612.0,1.0,20.0,2.0,100.0,33.333332
4613.0,2.0,20.0,2.0,100.0,25.0
4614.0,3.0,20.0,2.0,100.0,11.111111
4615.0,5.0,20.0,2.0,100.0,12.5
4616.0,10.0,20.0,2.0,100.0,9.090909
4617.0,20.0,20.0,2.0,100.0,5.5555553
4618.0,40.0,20.0,2.0,100.0,4.7619047
4619.0,49.0,20.0,2.0,100.0,5.263158
4620.0,0.0,20.0,2.0,100.0,6.6666665
4621.0,0.5,20.0,2.0,100.0,33.333332
4622.0,1.0,20.0,2.0,100.0,33.333332
4623.0,2.0,20.0,2.0,100.0,50.0
4624.0,3.0,20.0,2.0,100.0,33.333332
4625.0,5.0,20.0,2.0,100.0,16.666666
4626.0,10.0,20.0,2.0,100.0,6.6666665
4627.0,20.0,20.0,2.0,100.0,5.263158
4628.0,40.0,20.0,2.0,100.0,5.263158
4629.0,49.0,20.0,2.0,100.0,4.7619047
4630.0,0.0,20.0,2.0,100.0,100.0
4631.0,0.5,20.0,2.0,100.0,33.333332
4632.0,1.0,20.0,2.0,100.0,33.333332
4633.0,2.0,20.0,2.0,100.0,33.333332
4634.0,3.0,20.0,2.0,100.0,9.090909
4635.0,5.0,20.0,2.0,100.0,10.0
4636.0,10.0,20.0,2.0,100.0,7.142857
4637.0,20.0,20.0,2.0,100.0,7.6923075
4638.0,40.0,20.0,2.0,100.0,5.882353
4639.0,49.0,20.0,2.0,100.0,6.6666665
4640.0,0.0,20.0,2.0,100.0,100.0
4641.0,0.5,20.0,2.0,100.0,100.0
4642.0,1.0,20.0,2.0,100.0,33.333332
4643.0,2.0,20.0,2.0,100.0,25.0
4644.0,3.0,20.0,2.0,100.0,7.6923075
4645.0,5.0,20.0,2.0,100.0,50.0
4646.0,10.0,20.0,2.0,100.0,11.111111
4647.0,20.0,20.0,2.0,100.0,6.25
4648.0,40.0,20.0,2.0,100.0,4.7619047
4649.0,49.0,20.0,2.0,100.0,5.263158
4650.0,0.0,20.0,2.0,100.0,100.0
4651.0,0.5,20.0,2.0,100.0,100.0
4652.0,1.0,20.0,2.0,100.0,100.0
4653.0,2.0,20.0,2.0,100.0,7.142857
4654.0,3.0,20.0,2.0,100.0,9.090909
4655.0,5.0,20.0,2.0,100.0,10.0
4656.0,10.0,20.0,2.0,100.0,6.6666665
4657.0,20.0,20.0,2.0,100.0,6.6666665
4658.0,40.0,20.0,2.0,100.0,4.347826
4659.0,49.0,20.0,2.0,100.0,5.263158
4660.0,0.0,20.0,2.0,100.0,100.0
4661.0,0.5,20.0,2.0,100.0,33.333332
4662.0,1.0,20.0,2.0,100.0,100.0
4663.0,2.0,20.0,2.0,100.0,33.333332
4664.0,3.0,20.0,2.0,100.0,25.0
4665.0,5.0,20.0,2.0,100.0,20.0
4666.0,10.0,20.0,2.0,100.0,9.090909
4667.0,20.0,20.0,2.0,100.0,6.6666665
4668.0,40.0,20.0,2.0,100.0,4.347826
4669.0,49.0,20.0,2.0,100.0,5.0
4670.0,0.0,20.0,2.0,100.0,100.0
4671.0,0.5,20.0,2.0,100.0,100.0
4672.0,1.0,20.0,2.0,100.0,33.333332
4673.0,2.0,20.0,2.0,100.0,100.0
4674.0,3.0,20.0,2.0,100.0,8.333333
4675.0,5.0,20.0,2.0,100.0,9.090909
4676.0,10.0,20.0,2.0,100.0,4.347826
4677.0,20.0,20.0,2.0,100.0,5.5555553
4678.0,40.0,20.0,2.0,100.0,6.25
4679.0,49.0,20.0,2.0,100.0,5.882353
4680.0,0.0,20.0,2.0,100.0,100.0
4681.0,0.5,20.0,2.0,100.0,100.0
4682.0,1.0,20.0,2.0,100.0,33.333332
4683.0,2.0,20.0,2.0,100.0,10.0
4684.0,3.0,20.0,2.0,100.0,14.285714
4685.0,5.0,20.0,2.0,100.0,8.333333
4686.0,10.0,20.0,2.0,100.0,7.6923075
4687.0,20.0,20.0,2.0,100.0,5.5555553
4688.0,40.0,20.0,2.0,100.0,5.263158
4689.0,49.0,20.0,2.0,100.0,4.7619047
4690.0,0.0,20.0,2.0,100.0,100.0
4691.0,0.5,20.0,2.0,100.0,16.666666
4692.0,1.0,20.0,2.0,100.0,12.5
4693.0,2.0,20.0,2.0,100.0,33.333332
4694.0,3.0,20.0,2.0,100.0,11.111111
4695.0,5.0,20.0,2.0,100.0,8.333333
4696.0,10.0,20.0,2.0,100.0,5.5555553
4697.0,20.0,20.0,2.0,100.0,5.0
4698.0,40.0,20.0,2.0,100.0,6.6666665
4699.0,49.0,20.0,2.0,100.0,4.347826
4700.0,0.0,20.0,2.0,100.0,100.0
4701.0,0.5,20.0,2.0,100.0,100.0
4702.0,1.0,20.0,2.0,100.0,100.0
4703.0,2.0,20.0,2.0,100.0,8.333333
4704.0,3.0,20.0,2.0,100.0,16.666666
4705.0,5.0,20.0,2.0,100.0,5.263158
4706.0,10.0,20.0,2.0,100.0,20.0
4707.0,20.0,20.0,2.0,100.0,6.6666665
4708.0,40.0,20.0,2.0,100.0,6.6666665
4709.0,49.0,20.0,2.0,100.0,5.882353
4710.0,0.0,20.0,2.0,100.0,100.0
4711.0,0.5,20.0,2.0,100.0,100.0
4712.0,1.0,20.0,2.0,100.0,100.0
4713.0,2.0,20.0,2.0,100.0,10.0
4714.0,3.0,20.0,2.0,100.0,50.0
4715.0,5.0,20.0,2.0,100.0,20.0
4716.0,10.0,20.0,2.0,100.0,7.6923075
4717.0,20.0,20.0,2.0,100.0,5.263158
4718.0,40.0,20.0,2.0,100.0,5.882353
4719.0,49.0,20.0,2.0,100.0,4.347826
4720.0,0.0,20.0,2.0,100.0,100.0
4721.0,0.5,20.0,2.0,100.0,100.0
4722.0,1.0,20.0,2.0,100.0,33.333332
4723.0,2.0,20.0,2.0,100.0,33.333332
4724.0,3.0,20.0,2.0,100.0,16.666666
4725.0,5.0,20.0,2.0,100.0,33.333332
4726.0,10.0,20.0,2.0,100.0,8.333333
4727.0,20.0,20.0,2.0,100.0,5.263158
4728.0,40.0,20.0,2.0,100.0,4.7619047
4729.0,49.0,20.0,2.0,100.0,5.882353
4730.0,0.0,20.0,2.0,100.0,100.0
4731.0,0.5,20.0,2.0,100.0,33.333332
4732.0,1.0,20.0,2.0,100.0,10.0
4733.0,2.0,20.0,2.0,100.0,6.6666665
4734.0,3.0,20.0,2.0,100.0,16.666666
4735.0,5.0,20.0,2.0,100.0,16.666666
4736.0,10.0,20.0,2.0,100.0,5.263158
4737.0,20.0,20.0,2.0,100.0,5.882353
4738.0,40.0,20.0,2.0,100.0,5.263158
4739.0,49.0,20.0,2.0,100.0,4.7619047
4740.0,0.0,20.0,2.0,100.0,100.0
4741.0,0.5,20.0,2.0,100.0,33.333332
4742.0,1.0,20.0,2.0,100.0,100.0
4743.0,2.0,20.0,2.0,100.0,33.333332
4744.0,3.0,20.0,2.0,100.0,8.333333
4745.0,5.0,20.0,2.0,100.0,8.333333
4746.0,10.0,20.0,2.0,100.0,5.5555553
4747.0,20.0,20.0,2.0,100.0,6.25
4748.0,40.0,20.0,2.0,100.0,4.7619047
4749.0,49.0,20.0,2.0,100.0,4.5454545
4750.0,0.0,20.0,2.0,100.0,100.0
4751.0,0.5,20.0,2.0,100.0,14.285714
4752.0,1.0,20.0,2.0,100.0,100.0
4753.0,2.0,20.0,2.0,100.0,33.333332
4754.0,3.0,20.0,2.0,100.0,33.333332
4755.0,5.0,20.0,2.0,100.0,25.0
4756.0,10.0,20.0,2.0,100.0,9.090909
4757.0,20.0,20.0,2.0,100.0,5.5555553
4758.0,40.0,20.0,2.0,100.0,5.263158
4759.0,49.0,20.0,2.0,100.0,5.263158
4760.0,0.0,20.0,2.0,100.0,100.0
4761.0,0.5,20.0,2.0,100.0,25.0
4762.0,1.0,20.0,2.0,100.0,7.142857
4763.0,2.0,20.0,2.0,100.0,33.333332
4764.0,3.0,20.0,2.0,100.0,33.333332
4765.0,5.0,20.0,2.0,100.0,16.666666
4766.0,10.0,20.0,2.0,100.0,5.882353
4767.0,20.0,20.0,2.0,100.0,5.263158
4768.0,40.0,20.0,2.0,100.0,5.882353
4769.0,49.0,20.0,2.0,100.0,5.0
4770.0,0.0,20.0,2.0,100.0,100.0
4771.0,0.5,20.0,2.0,100.0,100.0
4772.0,1.0,20.0,2.0,100.0,9.090909
4773.0,2.0,20.0,2.0,100.0,5.0
4774.0,3.0,20.0,2.0,100.0,25.0
4775.0,5.0,20.0,2.0,100.0,12.5
4776.0,10.0,20.0,2.0,100.0,9.090909
4777.0,20.0,20.0,2.0,100.0,5.263158
4778.0,40.0,20.0,2.0,100.0,4.7619047
4779.0,49.0,20.0,2.0,100.0,5.263158
4780.0,0.0,20.0,2.0,100.0,100.0
4781.0,0.5,20.0,2.0,100.0,100.0
4782.0,1.0,20.0,2.0,100.0,50.0
4783.0,2.0,20.0,2.0,100.0,20.0
4784.0,3.0,20.0,2.0,100.0,6.25
4785.0,5.0,20.0,2.0,100.0,12.5
4786.0,10.0,20.0,2.0,100.0,8.333333
4787.0,20.0,20.0,2.0,100.0,5.263158
4788.0,40.0,20.0,2.0,100.0,5.263158
4789.0,49.0,20.0,2.0,100.0,4.347826
4790.0,0.0,20.0,2.0,100.0,100.0
4791.0,0.5,20.0,2.0,100.0,100.0
4792.0,1.0,20.0,2.0,100.0,25.0
4793.0,2.0,20.0,2.0,100.0,33.333332
4794.0,3.0,20.0,2.0,100.0,11.111111
4795.0,5.0,20.0,2.0,100.0,7.6923075
4796.0,10.0,20.0,2.0,100.0,5.0
4797.0,20.0,20.0,2.0,100.0,7.6923075
4798.0,40.0,20.0,2.0,100.0,5.882353
4799.0,49.0,20.0,2.0,100.0,4.7619047
4800.0,0.0,20.0,2.0,100.0,100.0
4801.0,0.5,20.0,2.0,100.0,33.333332
4802.0,1.0,20.0,2.0,100.0,14.285714
4803.0,2.0,20.0,2.0,100.0,20.0
4804.0,3.0,20.0,2.0,100.0,16.666666
4805.0,5.0,20.0,2.0,100.0,7.142857
4806.0,10.0,20.0,2.0,100.0,6.6666665
4807.0,20.0,20.0,2.0,100.0,5.263158
4808.0,40.0,20.0,2.0,100.0,5.263158
4809.0,49.0,20.0,2.0,100.0,5.263158
4810.0,0.0,20.0,2.0,100.0,100.0
4811.0,0.5,20.0,2.0,100.0,100.0
4812.0,1.0,20.0,2.0,100.0,50.0
4813.0,2.0,20.0,2.0,100.0,33.333332
4814.0,3.0,20.0,2.0,100.0,14.285714
4815.0,5.0,20.0,2.0,100.0,6.25
4816.0,10.0,20.0,2.0,100.0,9.090909
4817.0,20.0,20.0,2.0,100.0,5.263158
4818.0,40.0,20.0,2.0,100.0,5.263158
4819.0,49.0,20.0,2.0,100.0,4.7619047
4820.0,0.0,20.0,2.0,100.0,100.0
4821.0,0.5,20.0,2.0,100.0,100.0
4822.0,1.0,20.0,2.0,100.0,33.333332
4823.0,2.0,20.0,2.0,100.0,33.333332
4824.0,3.0,20.0,2.0,100.0,25.0
4825.0,5.0,20.0,2.0,100.0,33.333332
4826.0,10.0,20.0,2.0,100.0,7.6923075
4827.0,20.0,20.0,2.0,100.0,9.090909
4828.0,40.0,20.0,2.0,100.0,5.263158
4829.0,49.0,20.0,2.0,100.0,5.263158
4830.0,0.0,20.0,2.0,100.0,100.0
4831.0,0.5,20.0,2.0,100.0,33.333332
4832.0,1.0,20.0,2.0,100.0,33.333332
4833.0,2.0,20.0,2.0,100.0,16.666666
4834.0,3.0,20.0,2.0,100.0,33.333332
4835.0,5.0,20.0,2.0,100.0,10.0
4836.0,10.0,20.0,2.0,100.0,10.0
4837.0,20.0,20.0,2.0,100.0,5.882353
4838.0,40.0,20.0,2.0,100.0,5.263158
4839.0,49.0,20.0,2.0,100.0,5.0
4840.0,0.0,20.0,2.0,100.0,9.090909
4841.0,0.5,20.0,2.0,100.0,100.0
4842.0,1.0,20.0,2.0,100.0,20.0
4843.0,2.0,20.0,2.0,100.0,11.111111
4844.0,3.0,20.0,2.0,100.0,25.0
4845.0,5.0,20.0,2.0,100.0,14.285714
4846.0,10.0,20.0,2.0,100.0,8.333333
4847.0,20.0,20.0,2.0,100.0,6.6666665
4848.0,40.0,20.0,2.0,100.0,4.7619047
4849.0,49.0,20.0,2.0,100.0,5.263158
4850.0,0.0,20.0,2.0,100.0,100.0
4851.0,0.5,20.0,2.0,100.0,100.0
4852.0,1.0,20.0,2.0,100.0,100.0
4853.0,2.0,20.0,2.0,100.0,33.333332
4854.0,3.0,20.0,2.0,100.0,20.0
4855.0,5.0,20.0,2.0,100.0,33.333332
4856.0,10.0,20.0,2.0,100.0,12.5
4857.0,20.0,20.0,2.0,100.0,4.7619047
4858.0,40.0,20.0,2.0,100.0,5.882353
4859.0,49.0,20.0,2.0,100.0,4.5454545
4860.0,0.0,20.0,2.0,100.0,100.0
4861.0,0.5,20.0,2.0,100.0,25.0
4862.0,1.0,20.0,2.0,100.0,100.0
4863.0,2.0,20.0,2.0,100.0,6.25
4864.0,3.0,20.0,2.0,100.0,7.142857
4865.0,5.0,20.0,2.0,100.0,11.111111
4866.0,10.0,20.0,2.0,100.0,7.6923075
4867.0,20.0,20.0,2.0,100.0,6.25
4868.0,40.0,20.0,2.0,100.0,5.263158
4869.0,49.0,20.0,2.0,100.0,5.263158
4870.0,0.0,20.0,2.0,100.0,100.0
4871.0,0.5,20.0,2.0,100.0,33.333332
4872.0,1.0,20.0,2.0,100.0,12.5
4873.0,2.0,20.0,2.0,100.0,33.333332
4874.0,3.0,20.0,2.0,100.0,20.0
4875.0,5.0,20.0,2.0,100.0,10.0
4876.0,10.0,20.0,2.0,100.0,6.25
4877.0,20.0,20.0,2.0,100.0,6.6666665
4878.0,40.0,20.0,2.0,100.0,4.347826
4879.0,49.0,20.0,2.0,100.0,6.25
4880.0,0.0,20.0,2.0,100.0,100.0
4881.0,0.5,20.0,2.0,100.0,7.6923075
4882.0,1.0,20.0,2.0,100.0,33.333332
4883.0,2.0,20.0,2.0,100.0,10.0
4884.0,3.0,20.0,2.0,100.0,20.0
4885.0,5.0,20.0,2.0,100.0,14.285714
4886.0,10.0,20.0,2.0,100.0,6.6666665
4887.0,20.0,20.0,2.0,100.0,5.882353
4888.0,40.0,20.0,2.0,100.0,5.882353
4889.0,49.0,20.0,2.0,100.0,4.7619047
4890.0,0.0,20.0,2.0,100.0,100.0
4891.0,0.5,20.0,2.0,100.0,100.0
4892.0,1.0,20.0,2.0,100.0,100.0
4893.0,2.0,20.0,2.0,100.0,25.0
4894.0,3.0,20.0,2.0,100.0,33.333332
4895.0,5.0,20.0,2.0,100.0,7.142857
4896.0,10.0,20.0,2.0,100.0,10.0
4897.0,20.0,20.0,2.0,100.0,5.882353
4898.0,40.0,20.0,2.0,100.0,6.6666665
4899.0,49.0,20.0,2.0,100.0,4.347826
4900.0,0.0,20.0,2.0,100.0,100.0
4901.0,0.5,20.0,2.0,100.0,16.666666
4902.0,1.0,20.0,2.0,100.0,33.333332
4903.0,2.0,20.0,2.0,100.0,33.333332
4904.0,3.0,20.0,2.0,100.0,11.111111
4905.0,5.0,20.0,2.0,100.0,14.285714
4906.0,10.0,20.0,2.0,100.0,4.7619047
4907.0,20.0,20.0,2.0,100.0,5.882353
4908.0,40.0,20.0,2.0,100.0,3.8461537
4909.0,49.0,20.0,2.0,100.0,5.5555553
4910.0,0.0,20.0,2.0,100.0,100.0
4911.0,0.5,20.0,2.0,100.0,100.0
4912.0,1.0,20.0,2.0,100.0,33.333332
4913.0,2.0,20.0,2.0,100.0,33.333332
4914.0,3.0,20.0,2.0,100.0,25.0
4915.0,5.0,20.0,2.0,100.0,12.5
4916.0,10.0,20.0,2.0,100.0,6.6666665
4917.0,20.0,20.0,2.0,100.0,6.25
4918.0,40.0,20.0,2.0,100.0,5.5555553
4919.0,49.0,20.0,2.0,100.0,4.5454545
4920.0,0.0,20.0,2.0,100.0,33.333332
4921.0,0.5,20.0,2.0,100.0,33.333332
4922.0,1.0,20.0,2.0,100.0,100.0
4923.0,2.0,20.0,2.0,100.0,33.333332
4924.0,3.0,20.0,2.0,100.0,25.0
4925.0,5.0,20.0,2.0,100.0,7.6923075
4926.0,10.0,20.0,2.0,100.0,5.882353
4927.0,20.0,20.0,2.0,100.0,7.6923075
4928.0,40.0,20.0,2.0,100.0,5.882353
4929.0,49.0,20.0,2.0,100.0,5.882353
4930.0,0.0,20.0,2.0,100.0,100.0
4931.0,0.5,20.0,2.0,100.0,100.0
4932.0,1.0,20.0,2.0,100.0,33.333332
4933.0,2.0,20.0,2.0,100.0,33.333332
4934.0,3.0,20.0,2.0,100.0,25.0
4935.0,5.0,20.0,2.0,100.0,8.333333
4936.0,10.0,20.0,2.0,100.0,11.111111
4937.0,20.0,20.0,2.0,100.0,10.0
4938.0,40.0,20.0,2.0,100.0,4.7619047
4939.0,49.0,20.0,2.0,100.0,4.347826
4940.0,0.0,20.0,2.0,100.0,100.0
4941.0,0.5,20.0,2.0,100.0,100.0
4942.0,1.0,20.0,2.0,100.0,33.333332
4943.0,2.0,20.0,2.0,100.0,8.333333
4944.0,3.0,20.0,2.0,100.0,33.333332
4945.0,5.0,20.0,2.0,100.0,10.0
4946.0,10.0,20.0,2.0,100.0,8.333333
4947.0,20.0,20.0,2.0,100.0,5.5555553
4948.0,40.0,20.0,2.0,100.0,6.25
4949.0,49.0,20.0,2.0,100.0,4.347826
4950.0,0.0,20.0,2.0,100.0,100.0
4951.0,0.5,20.0,2.0,100.0,33.333332
4952.0,1.0,20.0,2.0,100.0,33.333332
4953.0,2.0,20.0,2.0,100.0,10.0
4954.0,3.0,20.0,2.0,100.0,33.333332
4955.0,5.0,20.0,2.0,100.0,9.090909
4956.0,10.0,20.0,2.0,100.0,10.0
4957.0,20.0,20.0,2.0,100.0,5.263158
4958.0,40.0,20.0,2.0,100.0,6.6666665
4959.0,49.0,20.0,2.0,100.0,5.263158
4960.0,0.0,20.0,2.0,100.0,100.0
4961.0,0.5,20.0,2.0,100.0,100.0
4962.0,1.0,20.0,2.0,100.0,33.333332
4963.0,2.0,20.0,2.0,100.0,9.090909
4964.0,3.0,20.0,2.0,100.0,33.333332
4965.0,5.0,20.0,2.0,100.0,7.142857
4966.0,10.0,20.0,2.0,100.0,5.882353
4967.0,20.0,20.0,2.0,100.0,6.6666665
4968.0,40.0,20.0,2.0,100.0,5.0
4969.0,49.0,20.0,2.0,100.0,5.0
4970.0,0.0,20.0,2.0,100.0,100.0
4971.0,0.5,20.0,2.0,100.0,100.0
4972.0,1.0,20.0,2.0,100.0,25.0
4973.0,2.0,20.0,2.0,100.0,33.333332
4974.0,3.0,20.0,2.0,100.0,33.333332
4975.0,5.0,20.0,2.0,100.0,20.0
4976.0,10.0,20.0,2.0,100.0,8.333333
4977.0,20.0,20.0,2.0,100.0,5.263158
4978.0,40.0,20.0,2.0,100.0,4.7619047
4979.0,49.0,20.0,2.0,100.0,4.7619047
4980.0,0.0,20.0,2.0,100.0,100.0
4981.0,0.5,20.0,2.0,100.0,33.333332
4982.0,1.0,20.0,2.0,100.0,33.333332
4983.0,2.0,20.0,2.0,100.0,20.0
4984.0,3.0,20.0,2.0,100.0,33.333332
4985.0,5.0,20.0,2.0,100.0,5.5555553
4986.0,10.0,20.0,2.0,100.0,5.882353
4987.0,20.0,20.0,2.0,100.0,6.6666665
4988.0,40.0,20.0,2.0,100.0,5.882353
4989.0,49.0,20.0,2.0,100.0,5.0
4990.0,0.0,20.0,2.0,100.0,100.0
4991.0,0.5,20.0,2.0,100.0,33.333332
4992.0,1.0,20.0,2.0,100.0,100.0
4993.0,2.0,20.0,2.0,100.0,25.0
4994.0,3.0,20.0,2.0,100.0,33.333332
4995.0,5.0,20.0,2.0,100.0,16.666666
4996.0,10.0,20.0,2.0,100.0,7.6923075
4997.0,20.0,20.0,2.0,100.0,4.7619047
4998.0,40.0,20.0,2.0,100.0,5.882353
4999.0,49.0,20.0,2.0,100.0,5.263158
5000.0,0.0,20.0,2.0,100.0,100.0
5001.0,0.5,20.0,2.0,100.0,33.333332
5002.0,1.0,20.0,2.0,100.0,33.333332
5003.0,2.0,20.0,2.0,100.0,50.0
5004.0,3.0,20.0,2.0,100.0,7.6923075
5005.0,5.0,20.0,2.0,100.0,20.0
5006.0,10.0,20.0,2.0,100.0,6.25
5007.0,20.0,20.0,2.0,100.0,5.882353
5008.0,40.0,20.0,2.0,100.0,4.347826
5009.0,49.0,20.0,2.0,100.0,5.263158
5010.0,0.0,20.0,2.0,100.0,100.0
5011.0,0.5,20.0,2.0,100.0,100.0
5012.0,1.0,20.0,2.0,100.0,5.882353
5013.0,2.0,20.0,2.0,100.0,6.6666665
5014.0,3.0,20.0,2.0,100.0,14.285714
5015.0,5.0,20.0,2.0,100.0,14.285714
5016.0,10.0,20.0,2.0,100.0,7.142857
5017.0,20.0,20.0,2.0,100.0,6.6666665
5018.0,40.0,20.0,2.0,100.0,5.263158
5019.0,49.0,20.0,2.0,100.0,5.263158
5020.0,0.0,20.0,2.0,100.0,100.0
5021.0,0.5,20.0,2.0,100.0,100.0
5022.0,1.0,20.0,2.0,100.0,100.0
5023.0,2.0,20.0,2.0,100.0,33.333332
5024.0,3.0,20.0,2.0,100.0,33.333332
5025.0,5.0,20.0,2.0,100.0,5.882353
5026.0,10.0,20.0,2.0,100.0,14.285714
5027.0,20.0,20.0,2.0,100.0,6.25
5028.0,40.0,20.0,2.0,100.0,5.263158
5029.0,49.0,20.0,2.0,100.0,6.25
5030.0,0.0,20.0,2.0,100.0,100.0
5031.0,0.5,20.0,2.0,100.0,33.333332
5032.0,1.0,20.0,2.0,100.0,33.333332
5033.0,2.0,20.0,2.0,100.0,33.333332
5034.0,3.0,20.0,2.0,100.0,7.142857
5035.0,5.0,20.0,2.0,100.0,12.5
5036.0,10.0,20.0,2.0,100.0,5.882353
5037.0,20.0,20.0,2.0,100.0,6.25
5038.0,40.0,20.0,2.0,100.0,5.5555553
5039.0,49.0,20.0,2.0,100.0,6.6666665
5040.0,0.0,20.0,2.0,100.0,100.0
5041.0,0.5,20.0,2.0,100.0,100.0
5042.0,1.0,20.0,2.0,100.0,100.0
5043.0,2.0,20.0,2.0,100.0,33.333332
5044.0,3.0,20.0,2.0,100.0,14.285714
5045.0,5.0,20.0,2.0,100.0,20.0
5046.0,10.0,20.0,2.0,100.0,4.7619047
5047.0,20.0,20.0,2.0,100.0,4.5454545
5048.0,40.0,20.0,2.0,100.0,4.347826
5049.0,49.0,20.0,2.0,100.0,5.263158
5050.0,0.0,20.0,2.0,100.0,100.0
5051.0,0.5,20.0,2.0,100.0,100.0
5052.0,1.0,20.0,2.0,100.0,33.333332
5053.0,2.0,20.0,2.0,100.0,10.0
5054.0,3.0,20.0,2.0,100.0,33.333332
5055.0,5.0,20.0,2.0,100.0,7.6923075
5056.0,10.0,20.0,2.0,100.0,6.6666665
5057.0,20.0,20.0,2.0,100.0,7.142857
5058.0,40.0,20.0,2.0,100.0,5.882353
5059.0,49.0,20.0,2.0,100.0,5.0
5060.0,0.0,20.0,2.0,100.0,100.0
5061.0,0.5,20.0,2.0,100.0,33.333332
5062.0,1.0,20.0,2.0,100.0,33.333332
5063.0,2.0,20.0,2.0,100.0,8.333333
5064.0,3.0,20.0,2.0,100.0,25.0
5065.0,5.0,20.0,2.0,100.0,12.5
5066.0,10.0,20.0,2.0,100.0,7.6923075
5067.0,20.0,20.0,2.0,100.0,4.5454545
5068.0,40.0,20.0,2.0,100.0,4.7619047
5069.0,49.0,20.0,2.0,100.0,5.882353
5070.0,0.0,20.0,2.0,100.0,100.0
5071.0,0.5,20.0,2.0,100.0,100.0
5072.0,1.0,20.0,2.0,100.0,100.0
5073.0,2.0,20.0,2.0,100.0,20.0
5074.0,3.0,20.0,2.0,100.0,33.333332
5075.0,5.0,20.0,2.0,100.0,12.5
5076.0,10.0,20.0,2.0,100.0,11.111111
5077.0,20.0,20.0,2.0,100.0,5.882353
5078.0,40.0,20.0,2.0,100.0,5.263158
5079.0,49.0,20.0,2.0,100.0,4.7619047
5080.0,0.0,20.0,2.0,100.0,100.0
5081.0,0.5,20.0,2.0,100.0,25.0
5082.0,1.0,20.0,2.0,100.0,33.333332
5083.0,2.0,20.0,2.0,100.0,14.285714
5084.0,3.0,20.0,2.0,100.0,33.333332
5085.0,5.0,20.0,2.0,100.0,6.6666665
5086.0,10.0,20.0,2.0,100.0,8.333333
5087.0,20.0,20.0,2.0,100.0,6.25
5088.0,40.0,20.0,2.0,100.0,4.7619047
5089.0,49.0,20.0,2.0,100.0,4.7619047
5090.0,0.0,20.0,2.0,100.0,100.0
5091.0,0.5,20.0,2.0,100.0,100.0
5092.0,1.0,20.0,2.0,100.0,33.333332
5093.0,2.0,20.0,2.0,100.0,11.111111
5094.0,3.0,20.0,2.0,100.0,33.333332
5095.0,5.0,20.0,2.0,100.0,20.0
5096.0,10.0,20.0,2.0,100.0,11.111111
5097.0,20.0,20.0,2.0,100.0,5.263158
5098.0,40.0,20.0,2.0,100.0,6.6666665
5099.0,49.0,20.0,2.0,100.0,5.263158
5100.0,0.0,20.0,2.0,100.0,100.0
5101.0,0.5,20.0,2.0,100.0,33.333332
5102.0,1.0,20.0,2.0,100.0,33.333332
5103.0,2.0,20.0,2.0,100.0,33.333332
5104.0,3.0,20.0,2.0,100.0,10.0
5105.0,5.0,20.0,2.0,100.0,8.333333
5106.0,10.0,20.0,2.0,100.0,7.142857
5107.0,20.0,20.0,2.0,100.0,5.263158
5108.0,40.0,20.0,2.0,100.0,4.7619047
5109.0,49.0,20.0,2.0,100.0,5.263158
5110.0,0.0,20.0,2.0,100.0,100.0
5111.0,0.5,20.0,2.0,100.0,33.333332
5112.0,1.0,20.0,2.0,100.0,100.0
5113.0,2.0,20.0,2.0,100.0,100.0
5114.0,3.0,20.0,2.0,100.0,9.090909
5115.0,5.0,20.0,2.0,100.0,20.0
5116.0,10.0,20.0,2.0,100.0,8.333333
5117.0,20.0,20.0,2.0,100.0,6.25
5118.0,40.0,20.0,2.0,100.0,5.263158
5119.0,49.0,20.0,2.0,100.0,4.7619047
5120.0,0.0,20.0,2.0,100.0,100.0
5121.0,0.5,20.0,2.0,100.0,50.0
5122.0,1.0,20.0,2.0,100.0,33.333332
5123.0,2.0,20.0,2.0,100.0,16.666666
5124.0,3.0,20.0,2.0,100.0,16.666666
5125.0,5.0,20.0,2.0,100.0,5.882353
5126.0,10.0,20.0,2.0,100.0,6.25
5127.0,20.0,20.0,2.0,100.0,4.1666665
5128.0,40.0,20.0,2.0,100.0,6.25
5129.0,49.0,20.0,2.0,100.0,4.0
5130.0,0.0,20.0,2.0,100.0,100.0
5131.0,0.5,20.0,2.0,100.0,100.0
5132.0,1.0,20.0,2.0,100.0,33.333332
5133.0,2.0,20.0,2.0,100.0,25.0
5134.0,3.0,20.0,2.0,100.0,25.0
5135.0,5.0,20.0,2.0,100.0,7.6923075
5136.0,10.0,20.0,2.0,100.0,6.25
5137.0,20.0,20.0,2.0,100.0,6.25
5138.0,40.0,20.0,2.0,100.0,5.263158
5139.0,49.0,20.0,2.0,100.0,5.0
5140.0,0.0,20.0,2.0,100.0,100.0
5141.0,0.5,20.0,2.0,100.0,5.263158
5142.0,1.0,20.0,2.0,100.0,33.333332
5143.0,2.0,20.0,2.0,100.0,25.0
5144.0,3.0,20.0,2.0,100.0,6.6666665
5145.0,5.0,20.0,2.0,100.0,14.285714
5146.0,10.0,20.0,2.0,100.0,11.111111
5147.0,20.0,20.0,2.0,100.0,4.5454545
5148.0,40.0,20.0,2.0,100.0,5.5555553
5149.0,49.0,20.0,2.0,100.0,4.7619047
5150.0,0.0,20.0,2.0,100.0,100.0
5151.0,0.5,20.0,2.0,100.0,33.333332
5152.0,1.0,20.0,2.0,100.0,33.333332
5153.0,2.0,20.0,2.0,100.0,7.6923075
5154.0,3.0,20.0,2.0,100.0,100.0
5155.0,5.0,20.0,2.0,100.0,20.0
5156.0,10.0,20.0,2.0,100.0,7.6923075
5157.0,20.0,20.0,2.0,100.0,5.882353
5158.0,40.0,20.0,2.0,100.0,4.347826
5159.0,49.0,20.0,2.0,100.0,4.0
5160.0,0.0,20.0,2.0,100.0,100.0
5161.0,0.5,20.0,2.0,100.0,33.333332
5162.0,1.0,20.0,2.0,100.0,7.6923075
5163.0,2.0,20.0,2.0,100.0,33.333332
5164.0,3.0,20.0,2.0,100.0,33.333332
5165.0,5.0,20.0,2.0,100.0,16.666666
5166.0,10.0,20.0,2.0,100.0,5.882353
5167.0,20.0,20.0,2.0,100.0,5.882353
5168.0,40.0,20.0,2.0,100.0,6.6666665
5169.0,49.0,20.0,2.0,100.0,5.5555553
5170.0,0.0,20.0,2.0,100.0,100.0
5171.0,0.5,20.0,2.0,100.0,33.333332
5172.0,1.0,20.0,2.0,100.0,33.333332
5173.0,2.0,20.0,2.0,100.0,25.0
5174.0,3.0,20.0,2.0,100.0,8.333333
5175.0,5.0,20.0,2.0,100.0,10.0
5176.0,10.0,20.0,2.0,100.0,10.0
5177.0,20.0,20.0,2.0,100.0,5.5555553
5178.0,40.0,20.0,2.0,100.0,6.25
5179.0,49.0,20.0,2.0,100.0,4.0
5180.0,0.0,20.0,2.0,100.0,100.0
5181.0,0.5,20.0,2.0,100.0,100.0
5182.0,1.0,20.0,2.0,100.0,6.25
5183.0,2.0,20.0,2.0,100.0,7.6923075
5184.0,3.0,20.0,2.0,100.0,25.0
5185.0,5.0,20.0,2.0,100.0,16.666666
5186.0,10.0,20.0,2.0,100.0,7.142857
5187.0,20.0,20.0,2.0,100.0,6.25
5188.0,40.0,20.0,2.0,100.0,5.5555553
5189.0,49.0,20.0,2.0,100.0,4.7619047
5190.0,0.0,20.0,2.0,100.0,33.333332
5191.0,0.5,20.0,2.0,100.0,5.263158
5192.0,1.0,20.0,2.0,100.0,33.333332
5193.0,2.0,20.0,2.0,100.0,33.333332
5194.0,3.0,20.0,2.0,100.0,16.666666
5195.0,5.0,20.0,2.0,100.0,50.0
5196.0,10.0,20.0,2.0,100.0,9.090909
5197.0,20.0,20.0,2.0,100.0,4.347826
5198.0,40.0,20.0,2.0,100.0,4.7619047
5199.0,49.0,20.0,2.0,100.0,5.882353
5200.0,0.0,20.0,2.0,100.0,100.0
5201.0,0.5,20.0,2.0,100.0,100.0
5202.0,1.0,20.0,2.0,100.0,12.5
5203.0,2.0,20.0,2.0,100.0,16.666666
5204.0,3.0,20.0,2.0,100.0,16.666666
5205.0,5.0,20.0,2.0,100.0,8.333333
5206.0,10.0,20.0,2.0,100.0,5.0
5207.0,20.0,20.0,2.0,100.0,5.882353
5208.0,40.0,20.0,2.0,100.0,5.882353
5209.0,49.0,20.0,2.0,100.0,5.263158
5210.0,0.0,20.0,2.0,100.0,100.0
5211.0,0.5,20.0,2.0,100.0,100.0
5212.0,1.0,20.0,2.0,100.0,33.333332
5213.0,2.0,20.0,2.0,100.0,10.0
5214.0,3.0,20.0,2.0,100.0,7.6923075
5215.0,5.0,20.0,2.0,100.0,6.6666665
5216.0,10.0,20.0,2.0,100.0,6.25
5217.0,20.0,20.0,2.0,100.0,7.142857
5218.0,40.0,20.0,2.0,100.0,5.5555553
5219.0,49.0,20.0,2.0,100.0,4.7619047
5220.0,0.0,20.0,2.0,100.0,100.0
5221.0,0.5,20.0,2.0,100.0,100.0
5222.0,1.0,20.0,2.0,100.0,33.333332
5223.0,2.0,20.0,2.0,100.0,33.333332
5224.0,3.0,20.0,2.0,100.0,20.0
5225.0,5.0,20.0,2.0,100.0,25.0
5226.0,10.0,20.0,2.0,100.0,6.6666665
5227.0,20.0,20.0,2.0,100.0,6.6666665
5228.0,40.0,20.0,2.0,100.0,5.5555553
5229.0,49.0,20.0,2.0,100.0,5.882353
5230.0,0.0,20.0,2.0,100.0,100.0
5231.0,0.5,20.0,2.0,100.0,100.0
5232.0,1.0,20.0,2.0,100.0,25.0
5233.0,2.0,20.0,2.0,100.0,33.333332
5234.0,3.0,20.0,2.0,100.0,16.666666
5235.0,5.0,20.0,2.0,100.0,14.285714
5236.0,10.0,20.0,2.0,100.0,6.6666665
5237.0,20.0,20.0,2.0,100.0,6.25
5238.0,40.0,20.0,2.0,100.0,4.5454545
5239.0,49.0,20.0,2.0,100.0,4.7619047
5240.0,0.0,20.0,2.0,100.0,100.0
5241.0,0.5,20.0,2.0,100.0,33.333332
5242.0,1.0,20.0,2.0,100.0,33.333332
5243.0,2.0,20.0,2.0,100.0,25.0
5244.0,3.0,20.0,2.0,100.0,12.5
5245.0,5.0,20.0,2.0,100.0,12.5
5246.0,10.0,20.0,2.0,100.0,6.6666665
5247.0,20.0,20.0,2.0,100.0,8.333333
5248.0,40.0,20.0,2.0,100.0,5.263158
5249.0,49.0,20.0,2.0,100.0,5.263158
5250.0,0.0,20.0,2.0,100.0,100.0
5251.0,0.5,20.0,2.0,100.0,33.333332
5252.0,1.0,20.0,2.0,100.0,33.333332
5253.0,2.0,20.0,2.0,100.0,33.333332
5254.0,3.0,20.0,2.0,100.0,14.285714
5255.0,5.0,20.0,2.0,100.0,11.111111
5256.0,10.0,20.0,2.0,100.0,11.111111
5257.0,20.0,20.0,2.0,100.0,7.6923075
5258.0,40.0,20.0,2.0,100.0,4.7619047
5259.0,49.0,20.0,2.0,100.0,4.7619047
5260.0,0.0,20.0,2.0,100.0,100.0
5261.0,0.5,20.0,2.0,100.0,100.0
5262.0,1.0,20.0,2.0,100.0,50.0
5263.0,2.0,20.0,2.0,100.0,7.6923075
5264.0,3.0,20.0,2.0,100.0,33.333332
5265.0,5.0,20.0,2.0,100.0,50.0
5266.0,10.0,20.0,2.0,100.0,25.0
5267.0,20.0,20.0,2.0,100.0,5.882353
5268.0,40.0,20.0,2.0,100.0,5.0
5269.0,49.0,20.0,2.0,100.0,4.347826
5270.0,0.0,20.0,2.0,100.0,100.0
5271.0,0.5,20.0,2.0,100.0,16.666666
5272.0,1.0,20.0,2.0,100.0,100.0
5273.0,2.0,20.0,2.0,100.0,7.142857
5274.0,3.0,20.0,2.0,100.0,5.882353
5275.0,5.0,20.0,2.0,100.0,12.5
5276.0,10.0,20.0,2.0,100.0,14.285714
5277.0,20.0,20.0,2.0,100.0,6.25
5278.0,40.0,20.0,2.0,100.0,6.6666665
5279.0,49.0,20.0,2.0,100.0,5.263158
5280.0,0.0,20.0,2.0,100.0,100.0
5281.0,0.5,20.0,2.0,100.0,100.0
5282.0,1.0,20.0,2.0,100.0,33.333332
5283.0,2.0,20.0,2.0,100.0,50.0
5284.0,3.0,20.0,2.0,100.0,20.0
5285.0,5.0,20.0,2.0,100.0,11.111111
5286.0,10.0,20.0,2.0,100.0,14.285714
5287.0,20.0,20.0,2.0,100.0,5.0
5288.0,40.0,20.0,2.0,100.0,4.7619047
5289.0,49.0,20.0,2.0,100.0,5.263158
5290.0,0.0,20.0,2.0,100.0,100.0
5291.0,0.5,20.0,2.0,100.0,100.0
5292.0,1.0,20.0,2.0,100.0,33.333332
5293.0,2.0,20.0,2.0,100.0,14.285714
5294.0,3.0,20.0,2.0,100.0,6.25
5295.0,5.0,20.0,2.0,100.0,5.882353
5296.0,10.0,20.0,2.0,100.0,6.25
5297.0,20.0,20.0,2.0,100.0,9.090909
5298.0,40.0,20.0,2.0,100.0,4.7619047
5299.0,49.0,20.0,2.0,100.0,4.347826
5300.0,0.0,20.0,2.0,100.0,100.0
5301.0,0.5,20.0,2.0,100.0,11.111111
5302.0,1.0,20.0,2.0,100.0,33.333332
5303.0,2.0,20.0,2.0,100.0,33.333332
5304.0,3.0,20.0,2.0,100.0,33.333332
5305.0,5.0,20.0,2.0,100.0,6.6666665
5306.0,10.0,20.0,2.0,100.0,5.882353
5307.0,20.0,20.0,2.0,100.0,5.0
5308.0,40.0,20.0,2.0,100.0,5.263158
5309.0,49.0,20.0,2.0,100.0,4.0
5310.0,0.0,20.0,2.0,100.0,100.0
5311.0,0.5,20.0,2.0,100.0,100.0
5312.0,1.0,20.0,2.0,100.0,33.333332
5313.0,2.0,20.0,2.0,100.0,8.333333
5314.0,3.0,20.0,2.0,100.0,20.0
5315.0,5.0,20.0,2.0,100.0,5.0
5316.0,10.0,20.0,2.0,100.0,12.5
5317.0,20.0,20.0,2.0,100.0,5.882353
5318.0,40.0,20.0,2.0,100.0,5.263158
5319.0,49.0,20.0,2.0,100.0,5.0
5320.0,0.0,20.0,2.0,100.0,11.111111
5321.0,0.5,20.0,2.0,100.0,100.0
5322.0,1.0,20.0,2.0,100.0,33.333332
5323.0,2.0,20.0,2.0,100.0,20.0
5324.0,3.0,20.0,2.0,100.0,33.333332
5325.0,5.0,20.0,2.0,100.0,8.333333
5326.0,10.0,20.0,2.0,100.0,7.6923075
5327.0,20.0,20.0,2.0,100.0,4.5454545
5328.0,40.0,20.0,2.0,100.0,5.882353
5329.0,49.0,20.0,2.0,100.0,5.882353
5330.0,0.0,20.0,2.0,100.0,100.0
5331.0,0.5,20.0,2.0,100.0,33.333332
5332.0,1.0,20.0,2.0,100.0,25.0
5333.0,2.0,20.0,2.0,100.0,25.0
5334.0,3.0,20.0,2.0,100.0,6.6666665
5335.0,5.0,20.0,2.0,100.0,33.333332
5336.0,10.0,20.0,2.0,100.0,5.5555553
5337.0,20.0,20.0,2.0,100.0,6.25
5338.0,40.0,20.0,2.0,100.0,7.142857
5339.0,49.0,20.0,2.0,100.0,5.263158
5340.0,0.0,20.0,2.0,100.0,100.0
5341.0,0.5,20.0,2.0,100.0,100.0
5342.0,1.0,20.0,2.0,100.0,33.333332
5343.0,2.0,20.0,2.0,100.0,25.0
5344.0,3.0,20.0,2.0,100.0,7.142857
5345.0,5.0,20.0,2.0,100.0,12.5
5346.0,10.0,20.0,2.0,100.0,4.347826
5347.0,20.0,20.0,2.0,100.0,8.333333
5348.0,40.0,20.0,2.0,100.0,5.263158
5349.0,49.0,20.0,2.0,100.0,4.7619047
5350.0,0.0,20.0,2.0,100.0,100.0
5351.0,0.5,20.0,2.0,100.0,33.333332
5352.0,1.0,20.0,2.0,100.0,33.333332
5353.0,2.0,20.0,2.0,100.0,20.0
5354.0,3.0,20.0,2.0,100.0,20.0
5355.0,5.0,20.0,2.0,100.0,20.0
5356.0,10.0,20.0,2.0,100.0,6.6666665
5357.0,20.0,20.0,2.0,100.0,5.0
5358.0,40.0,20.0,2.0,100.0,4.7619047
5359.0,49.0,20.0,2.0,100.0,6.6666665
5360.0,0.0,20.0,2.0,100.0,100.0
5361.0,0.5,20.0,2.0,100.0,33.333332
5362.0,1.0,20.0,2.0,100.0,33.333332
5363.0,2.0,20.0,2.0,100.0,33.333332
5364.0,3.0,20.0,2.0,100.0,20.0
5365.0,5.0,20.0,2.0,100.0,50.0
5366.0,10.0,20.0,2.0,100.0,8.333333
5367.0,20.0,20.0,2.0,100.0,5.0
5368.0,40.0,20.0,2.0,100.0,4.7619047
5369.0,49.0,20.0,2.0,100.0,4.7619047
5370.0,0.0,20.0,2.0,100.0,100.0
5371.0,0.5,20.0,2.0,100.0,100.0
5372.0,1.0,20.0,2.0,100.0,33.333332
5373.0,2.0,20.0,2.0,100.0,50.0
5374.0,3.0,20.0,2.0,100.0,16.666666
5375.0,5.0,20.0,2.0,100.0,20.0
5376.0,10.0,20.0,2.0,100.0,9.090909
5377.0,20.0,20.0,2.0,100.0,6.6666665
5378.0,40.0,20.0,2.0,100.0,5.0
5379.0,49.0,20.0,2.0,100.0,4.7619047
5380.0,0.0,20.0,2.0,100.0,100.0
5381.0,0.5,20.0,2.0,100.0,100.0
5382.0,1.0,20.0,2.0,100.0,33.333332
5383.0,2.0,20.0,2.0,100.0,25.0
5384.0,3.0,20.0,2.0,100.0,10.0
5385.0,5.0,20.0,2.0,100.0,5.882353
5386.0,10.0,20.0,2.0,100.0,7.142857
5387.0,20.0,20.0,2.0,100.0,5.263158
5388.0,40.0,20.0,2.0,100.0,4.1666665
5389.0,49.0,20.0,2.0,100.0,4.7619047
5390.0,0.0,20.0,2.0,100.0,100.0
5391.0,0.5,20.0,2.0,100.0,11.111111
5392.0,1.0,20.0,2.0,100.0,25.0
5393.0,2.0,20.0,2.0,100.0,10.0
5394.0,3.0,20.0,2.0,100.0,33.333332
5395.0,5.0,20.0,2.0,100.0,16.666666
5396.0,10.0,20.0,2.0,100.0,9.090909
5397.0,20.0,20.0,2.0,100.0,5.882353
5398.0,40.0,20.0,2.0,100.0,5.882353
5399.0,49.0,20.0,2.0,100.0,5.882353
5400.0,0.0,20.0,2.0,100.0,100.0
5401.0,0.5,20.0,2.0,100.0,9.090909
5402.0,1.0,20.0,2.0,100.0,33.333332
5403.0,2.0,20.0,2.0,100.0,5.263158
5404.0,3.0,20.0,2.0,100.0,14.285714
5405.0,5.0,20.0,2.0,100.0,14.285714
5406.0,10.0,20.0,2.0,100.0,5.882353
5407.0,20.0,20.0,2.0,100.0,6.6666665
5408.0,40.0,20.0,2.0,100.0,5.882353
5409.0,49.0,20.0,2.0,100.0,4.7619047
5410.0,0.0,20.0,2.0,100.0,100.0
5411.0,0.5,20.0,2.0,100.0,6.6666665
5412.0,1.0,20.0,2.0,100.0,25.0
5413.0,2.0,20.0,2.0,100.0,9.090909
5414.0,3.0,20.0,2.0,100.0,33.333332
5415.0,5.0,20.0,2.0,100.0,16.666666
5416.0,10.0,20.0,2.0,100.0,7.6923075
5417.0,20.0,20.0,2.0,100.0,7.6923075
5418.0,40.0,20.0,2.0,100.0,4.5454545
5419.0,49.0,20.0,2.0,100.0,5.263158
5420.0,0.0,20.0,2.0,100.0,9.090909
5421.0,0.5,20.0,2.0,100.0,100.0
5422.0,1.0,20.0,2.0,100.0,33.333332
5423.0,2.0,20.0,2.0,100.0,25.0
5424.0,3.0,20.0,2.0,100.0,7.6923075
5425.0,5.0,20.0,2.0,100.0,33.333332
5426.0,10.0,20.0,2.0,100.0,5.882353
5427.0,20.0,20.0,2.0,100.0,6.25
5428.0,40.0,20.0,2.0,100.0,5.263158
5429.0,49.0,20.0,2.0,100.0,5.263158
5430.0,0.0,20.0,2.0,100.0,100.0
5431.0,0.5,20.0,2.0,100.0,100.0
5432.0,1.0,20.0,2.0,100.0,100.0
5433.0,2.0,20.0,2.0,100.0,25.0
5434.0,3.0,20.0,2.0,100.0,33.333332
5435.0,5.0,20.0,2.0,100.0,33.333332
5436.0,10.0,20.0,2.0,100.0,5.5555553
5437.0,20.0,20.0,2.0,100.0,5.0
5438.0,40.0,20.0,2.0,100.0,4.7619047
5439.0,49.0,20.0,2.0,100.0,5.5555553
5440.0,0.0,20.0,2.0,100.0,100.0
5441.0,0.5,20.0,2.0,100.0,100.0
5442.0,1.0,20.0,2.0,100.0,10.0
5443.0,2.0,20.0,2.0,100.0,7.142857
5444.0,3.0,20.0,2.0,100.0,20.0
5445.0,5.0,20.0,2.0,100.0,7.142857
5446.0,10.0,20.0,2.0,100.0,5.5555553
5447.0,20.0,20.0,2.0,100.0,7.6923075
5448.0,40.0,20.0,2.0,100.0,5.5555553
5449.0,49.0,20.0,2.0,100.0,4.7619047
5450.0,0.0,20.0,2.0,100.0,100.0
5451.0,0.5,20.0,2.0,100.0,33.333332
5452.0,1.0,20.0,2.0,100.0,33.333332
5453.0,2.0,20.0,2.0,100.0,20.0
5454.0,3.0,20.0,2.0,100.0,7.6923075
5455.0,5.0,20.0,2.0,100.0,20.0
5456.0,10.0,20.0,2.0,100.0,11.111111
5457.0,20.0,20.0,2.0,100.0,5.263158
5458.0,40.0,20.0,2.0,100.0,5.263158
5459.0,49.0,20.0,2.0,100.0,5.263158
5460.0,0.0,20.0,2.0,100.0,100.0
5461.0,0.5,20.0,2.0,100.0,100.0
5462.0,1.0,20.0,2.0,100.0,100.0
5463.0,2.0,20.0,2.0,100.0,16.666666
5464.0,3.0,20.0,2.0,100.0,20.0
5465.0,5.0,20.0,2.0,100.0,33.333332
5466.0,10.0,20.0,2.0,100.0,4.7619047
5467.0,20.0,20.0,2.0,100.0,7.142857
5468.0,40.0,20.0,2.0,100.0,4.7619047
5469.0,49.0,20.0,2.0,100.0,5.882353
5470.0,0.0,20.0,2.0,100.0,100.0
5471.0,0.5,20.0,2.0,100.0,100.0
5472.0,1.0,20.0,2.0,100.0,100.0
5473.0,2.0,20.0,2.0,100.0,16.666666
5474.0,3.0,20.0,2.0,100.0,25.0
5475.0,5.0,20.0,2.0,100.0,7.6923075
5476.0,10.0,20.0,2.0,100.0,9.090909
5477.0,20.0,20.0,2.0,100.0,7.6923075
5478.0,40.0,20.0,2.0,100.0,7.6923075
5479.0,49.0,20.0,2.0,100.0,4.7619047
5480.0,0.0,20.0,2.0,100.0,100.0
5481.0,0.5,20.0,2.0,100.0,25.0
5482.0,1.0,20.0,2.0,100.0,100.0
5483.0,2.0,20.0,2.0,100.0,33.333332
5484.0,3.0,20.0,2.0,100.0,33.333332
5485.0,5.0,20.0,2.0,100.0,25.0
5486.0,10.0,20.0,2.0,100.0,5.5555553
5487.0,20.0,20.0,2.0,100.0,6.25
5488.0,40.0,20.0,2.0,100.0,4.7619047
5489.0,49.0,20.0,2.0,100.0,4.7619047
5490.0,0.0,20.0,2.0,100.0,6.6666665
5491.0,0.5,20.0,2.0,100.0,33.333332
5492.0,1.0,20.0,2.0,100.0,25.0
5493.0,2.0,20.0,2.0,100.0,33.333332
5494.0,3.0,20.0,2.0,100.0,25.0
5495.0,5.0,20.0,2.0,100.0,11.111111
5496.0,10.0,20.0,2.0,100.0,7.142857
5497.0,20.0,20.0,2.0,100.0,5.882353
5498.0,40.0,20.0,2.0,100.0,6.25
5499.0,49.0,20.0,2.0,100.0,4.347826
