Factor 1,Factor 2,Factor 3,Factor 4,Factor 5,Result 1
0.0,0.0,20.0,2.0,100.0,0.0
1.0,0.5,20.0,2.0,100.0,33.56089
2.0,1.0,20.0,2.0,100.0,0.0
3.0,2.0,20.0,2.0,100.0,12.405836
4.0,3.0,20.0,2.0,100.0,37.20663
5.0,5.0,20.0,2.0,100.0,10.274023
6.0,10.0,20.0,2.0,100.0,11.880356
7.0,20.0,20.0,2.0,100.0,3.2971725
8.0,40.0,20.0,2.0,100.0,4.312772
9.0,49.0,20.0,2.0,100.0,3.9351358
10.0,0.0,20.0,2.0,100.0,0.0
11.0,0.5,20.0,2.0,100.0,22.546247
12.0,1.0,20.0,2.0,100.0,5.543534
13.0,2.0,20.0,2.0,100.0,0.0
14.0,3.0,20.0,2.0,100.0,19.222383
15.0,5.0,20.0,2.0,100.0,4.4986773
16.0,10.0,20.0,2.0,100.0,17.27095
17.0,20.0,20.0,2.0,100.0,4.6437163
18.0,40.0,20.0,2.0,100.0,3.6490808
19.0,49.0,20.0,2.0,100.0,3.1595025
20.0,0.0,20.0,2.0,100.0,0.0
21.0,0.5,20.0,2.0,100.0,47.60602
22.0,1.0,20.0,2.0,100.0,0.0
23.0,2.0,20.0,2.0,100.0,15.500537
24.0,3.0,20.0,2.0,100.0,24.372116
25.0,5.0,20.0,2.0,100.0,16.464104
26.0,10.0,20.0,2.0,100.0,3.9737704
27.0,20.0,20.0,2.0,100.0,4.435448
28.0,40.0,20.0,2.0,100.0,3.2543013
29.0,49.0,20.0,2.0,100.0,3.6035113
30.0,0.0,20.0,2.0,100.0,0.0
31.0,0.5,20.0,2.0,100.0,32.005207
32.0,1.0,20.0,2.0,100.0,28.746014
33.0,2.0,20.0,2.0,100.0,0.0
34.0,3.0,20.0,2.0,100.0,27.178423
35.0,5.0,20.0,2.0,100.0,19.502136
36.0,10.0,20.0,2.0,100.0,7.1492033
37.0,20.0,20.0,2.0,100.0,3.8800702
38.0,40.0,20.0,2.0,100.0,2.8443763
39.0,49.0,20.0,2.0,100.0,3.2078772
40.0,0.0,20.0,2.0,100.0,0.0
41.0,0.5,20.0,2.0,100.0,0.0
42.0,1.0,20.0,2.0,100.0,31.612234
43.0,2.0,20.0,2.0,100.0,39.247078
44.0,3.0,20.0,2.0,100.0,7.877856
45.0,5.0,20.0,2.0,100.0,11.988089
46.0,10.0,20.0,2.0,100.0,9.585342
47.0,20.0,20.0,2.0,100.0,5.2602596
48.0,40.0,20.0,2.0,100.0,3.783621
49.0,49.0,20.0,2.0,100.0,2.4152296
50.0,0.0,20.0,2.0,100.0,0.0
51.0,0.5,20.0,2.0,100.0,30.105371
52.0,1.0,20.0,2.0,100.0,30.664854
53.0,2.0,20.0,2.0,100.0,12.682947
54.0,3.0,20.0,2.0,100.0,35.32704
55.0,5.0,20.0,2.0,100.0,9.651504
56.0,10.0,20.0,2.0,100.0,8.724169
57.0,20.0,20.0,2.0,100.0,4.9229355
58.0,40.0,20.0,2.0,100.0,3.8710842
59.0,49.0,20.0,2.0,100.0,3.4627268
60.0,0.0,20.0,2.0,100.0,0.0
61.0,0.5,20.0,2.0,100.0,0.0
62.0,1.0,20.0,2.0,100.0,12.364906
63.0,2.0,20.0,2.0,100.0,0.0
64.0,3.0,20.0,2.0,100.0,24.27423
65.0,5.0,20.0,2.0,100.0,33.980385
66.0,10.0,20.0,2.0,100.0,8.067893
67.0,20.0,20.0,2.0,100.0,3.7592375
68.0,40.0,20.0,2.0,100.0,2.1296442
69.0,49.0,20.0,2.0,100.0,2.745544
70.0,0.0,20.0,2.0,100.0,0.0
71.0,0.5,20.0,2.0,100.0,48.418316
72.0,1.0,20.0,2.0,100.0,39.95414
73.0,2.0,20.0,2.0,100.0,16.05027
74.0,3.0,20.0,2.0,100.0,34.42867
75.0,5.0,20.0,2.0,100.0,5.8026137
76.0,10.0,20.0,2.0,100.0,7.122554
77.0,20.0,20.0,2.0,100.0,4.553387
78.0,40.0,20.0,2.0,100.0,2.3278685
79.0,49.0,20.0,2.0,100.0,3.0183265
80.0,0.0,20.0,2.0,100.0,0.0
81.0,0.5,20.0,2.0,100.0,49.237522
82.0,1.0,20.0,2.0,100.0,42.253204
83.0,2.0,20.0,2.0,100.0,20.256685
84.0,3.0,20.0,2.0,100.0,15.6205
85.0,5.0,20.0,2.0,100.0,11.285438
86.0,10.0,20.0,2.0,100.0,4.076074
87.0,20.0,20.0,2.0,100.0,4.013763
88.0,40.0,20.0,2.0,100.0,3.5392535
89.0,49.0,20.0,2.0,100.0,2.63902
90.0,0.0,20.0,2.0,100.0,0.0
91.0,0.5,20.0,2.0,100.0,0.0
92.0,1.0,20.0,2.0,100.0,56.568542
93.0,2.0,20.0,2.0,100.0,23.323807
94.0,3.0,20.0,2.0,100.0,32.005207
95.0,5.0,20.0,2.0,100.0,15.795569
96.0,10.0,20.0,2.0,100.0,5.9746943
97.0,20.0,20.0,2.0,100.0,4.8373547
98.0,40.0,20.0,2.0,100.0,2.5692003
99.0,49.0,20.0,2.0,100.0,2.5514467
100.0,0.0,20.0,2.0,100.0,0.0
101.0,0.5,20.0,2.0,100.0,0.0
102.0,1.0,20.0,2.0,100.0,15.725487
103.0,2.0,20.0,2.0,100.0,50.895317
104.0,3.0,20.0,2.0,100.0,6.8330746
105.0,5.0,20.0,2.0,100.0,16.21933
106.0,10.0,20.0,2.0,100.0,8.024801
107.0,20.0,20.0,2.0,100.0,3.6968455
108.0,40.0,20.0,2.0,100.0,4.655449
109.0,49.0,20.0,2.0,100.0,4.119141
110.0,0.0,20.0,2.0,100.0,0.0
111.0,0.5,20.0,2.0,100.0,0.0
112.0,1.0,20.0,2.0,100.0,28.536526
113.0,2.0,20.0,2.0,100.0,16.628288
114.0,3.0,20.0,2.0,100.0,17.559423
115.0,5.0,20.0,2.0,100.0,8.992281
116.0,10.0,20.0,2.0,100.0,12.592515
117.0,20.0,20.0,2.0,100.0,2.7657046
118.0,40.0,20.0,2.0,100.0,3.0339212
119.0,49.0,20.0,2.0,100.0,3.2462306
120.0,0.0,20.0,2.0,100.0,0.0
121.0,0.5,20.0,2.0,100.0,8.919871
122.0,1.0,20.0,2.0,100.0,0.0
123.0,2.0,20.0,2.0,100.0,42.14657
124.0,3.0,20.0,2.0,100.0,10.182874
125.0,5.0,20.0,2.0,100.0,22.742868
126.0,10.0,20.0,2.0,100.0,5.216205
127.0,20.0,20.0,2.0,100.0,5.122314
128.0,40.0,20.0,2.0,100.0,2.773171
129.0,49.0,20.0,2.0,100.0,2.9970746
130.0,0.0,20.0,2.0,100.0,0.0
131.0,0.5,20.0,2.0,100.0,0.0
132.0,1.0,20.0,2.0,100.0,28.746014
133.0,2.0,20.0,2.0,100.0,24.006945
134.0,3.0,20.0,2.0,100.0,21.126602
135.0,5.0,20.0,2.0,100.0,9.17011
136.0,10.0,20.0,2.0,100.0,4.6142073
137.0,20.0,20.0,2.0,100.0,2.3001037
138.0,40.0,20.0,2.0,100.0,2.7911425
139.0,49.0,20.0,2.0,100.0,2.130261
140.0,0.0,20.0,2.0,100.0,0.0
141.0,0.5,20.0,2.0,100.0,0.0
142.0,1.0,20.0,2.0,100.0,0.0
143.0,2.0,20.0,2.0,100.0,35.921207
144.0,3.0,20.0,2.0,100.0,11.0855255
145.0,5.0,20.0,2.0,100.0,9.306509
146.0,10.0,20.0,2.0,100.0,8.026472
147.0,20.0,20.0,2.0,100.0,2.5569537
148.0,40.0,20.0,2.0,100.0,3.9400265
149.0,49.0,20.0,2.0,100.0,3.2462306
150.0,0.0,20.0,2.0,100.0,0.0
151.0,0.5,20.0,2.0,100.0,0.0
152.0,1.0,20.0,2.0,100.0,44.43347
153.0,2.0,20.0,2.0,100.0,20.768566
154.0,3.0,20.0,2.0,100.0,38.183765
155.0,5.0,20.0,2.0,100.0,2.6213253
156.0,10.0,20.0,2.0,100.0,3.295496
157.0,20.0,20.0,2.0,100.0,5.0817494
158.0,40.0,20.0,2.0,100.0,2.748737
159.0,49.0,20.0,2.0,100.0,4.0323367
160.0,0.0,20.0,2.0,100.0,0.0
161.0,0.5,20.0,2.0,100.0,24.986662
162.0,1.0,20.0,2.0,100.0,39.803684
163.0,2.0,20.0,2.0,100.0,22.61268
164.0,3.0,20.0,2.0,100.0,20.314198
165.0,5.0,20.0,2.0,100.0,6.7720833
166.0,10.0,20.0,2.0,100.0,7.9018707
167.0,20.0,20.0,2.0,100.0,3.6380346
168.0,40.0,20.0,2.0,100.0,4.201086
169.0,49.0,20.0,2.0,100.0,2.8443763
170.0,0.0,20.0,2.0,100.0,0.0
171.0,0.5,20.0,2.0,100.0,37.20663
172.0,1.0,20.0,2.0,100.0,38.552994
173.0,2.0,20.0,2.0,100.0,11.936955
174.0,3.0,20.0,2.0,100.0,14.012891
175.0,5.0,20.0,2.0,100.0,12.5584345
176.0,10.0,20.0,2.0,100.0,9.375015
177.0,20.0,20.0,2.0,100.0,4.794298
178.0,40.0,20.0,2.0,100.0,4.553602
179.0,49.0,20.0,2.0,100.0,3.2848864
180.0,0.0,20.0,2.0,100.0,0.0
181.0,0.5,20.0,2.0,100.0,0.0
182.0,1.0,20.0,2.0,100.0,28.041634
183.0,2.0,20.0,2.0,100.0,8.242168
184.0,3.0,20.0,2.0,100.0,5.613955
185.0,5.0,20.0,2.0,100.0,14.300349
186.0,10.0,20.0,2.0,100.0,4.181542
187.0,20.0,20.0,2.0,100.0,3.8382323
188.0,40.0,20.0,2.0,100.0,2.197992
189.0,49.0,20.0,2.0,100.0,2.6732461
190.0,0.0,20.0,2.0,100.0,0.0
191.0,0.5,20.0,2.0,100.0,34.703506
192.0,1.0,20.0,2.0,100.0,29.698484
193.0,2.0,20.0,2.0,100.0,22.22611
194.0,3.0,20.0,2.0,100.0,8.235543
195.0,5.0,20.0,2.0,100.0,16.08916
196.0,10.0,20.0,2.0,100.0,7.5160437
197.0,20.0,20.0,2.0,100.0,2.7529888
198.0,40.0,20.0,2.0,100.0,2.8697202
199.0,49.0,20.0,2.0,100.0,4.3715324
200.0,0.0,20.0,2.0,100.0,0.0
201.0,0.5,20.0,2.0,100.0,0.0
202.0,1.0,20.0,2.0,100.0,37.16629
203.0,2.0,20.0,2.0,100.0,10.959521
204.0,3.0,20.0,2.0,100.0,4.5713716
205.0,5.0,20.0,2.0,100.0,24.859606
206.0,10.0,20.0,2.0,100.0,14.716366
207.0,20.0,20.0,2.0,100.0,4.4978623
208.0,40.0,20.0,2.0,100.0,2.5671923
209.0,49.0,20.0,2.0,100.0,2.0953462
210.0,0.0,20.0,2.0,100.0,0.0
211.0,0.5,20.0,2.0,100.0,32.005207
212.0,1.0,20.0,2.0,100.0,28.988503
213.0,2.0,20.0,2.0,100.0,25.69695
214.0,3.0,20.0,2.0,100.0,16.293148
215.0,5.0,20.0,2.0,100.0,10.182873
216.0,10.0,20.0,2.0,100.0,9.812794
217.0,20.0,20.0,2.0,100.0,3.4775808
218.0,40.0,20.0,2.0,100.0,3.3307009
219.0,49.0,20.0,2.0,100.0,2.0713465
220.0,0.0,20.0,2.0,100.0,0.0
221.0,0.5,20.0,2.0,100.0,34.443188
222.0,1.0,20.0,2.0,100.0,16.041613
223.0,2.0,20.0,2.0,100.0,28.711205
224.0,3.0,20.0,2.0,100.0,17.142376
225.0,5.0,20.0,2.0,100.0,14.693699
226.0,10.0,20.0,2.0,100.0,4.09048
227.0,20.0,20.0,2.0,100.0,4.342844
228.0,40.0,20.0,2.0,100.0,3.8901584
229.0,49.0,20.0,2.0,100.0,2.2685337
230.0,0.0,20.0,2.0,100.0,0.0
231.0,0.5,20.0,2.0,100.0,8.205689
232.0,1.0,20.0,2.0,100.0,35.303444
233.0,2.0,20.0,2.0,100.0,14.3913555
234.0,3.0,20.0,2.0,100.0,6.608353
235.0,5.0,20.0,2.0,100.0,14.840421
236.0,10.0,20.0,2.0,100.0,7.119755
237.0,20.0,20.0,2.0,100.0,2.5209084
238.0,40.0,20.0,2.0,100.0,6.4432254
239.0,49.0,20.0,2.0,100.0,4.2848916
240.0,0.0,20.0,2.0,100.0,0.0
241.0,0.5,20.0,2.0,100.0,50.895317
242.0,1.0,20.0,2.0,100.0,0.0
243.0,2.0,20.0,2.0,100.0,0.0
244.0,3.0,20.0,2.0,100.0,19.399313
245.0,5.0,20.0,2.0,100.0,0.0
246.0,10.0,20.0,2.0,100.0,10.705658
247.0,20.0,20.0,2.0,100.0,4.6437163
248.0,40.0,20.0,2.0,100.0,1.813967
249.0,49.0,20.0,2.0,100.0,3.1944764
250.0,0.0,20.0,2.0,100.0,0.0
251.0,0.5,20.0,2.0,100.0,0.0
252.0,1.0,20.0,2.0,100.0,31.885212
253.0,2.0,20.0,2.0,100.0,13.435029
254.0,3.0,20.0,2.0,100.0,23.248655
255.0,5.0,20.0,2.0,100.0,10.677078
256.0,10.0,20.0,2.0,100.0,2.424621
257.0,20.0,20.0,2.0,100.0,6.0352497
258.0,40.0,20.0,2.0,100.0,3.2632992
259.0,49.0,20.0,2.0,100.0,2.4974294
260.0,0.0,20.0,2.0,100.0,0.0
261.0,0.5,20.0,2.0,100.0,0.0
262.0,1.0,20.0,2.0,100.0,8.158683
263.0,2.0,20.0,2.0,100.0,13.428824
264.0,3.0,20.0,2.0,100.0,26.34388
265.0,5.0,20.0,2.0,100.0,23.551363
266.0,10.0,20.0,2.0,100.0,11.326328
267.0,20.0,20.0,2.0,100.0,3.7894979
268.0,40.0,20.0,2.0,100.0,2.2339375
269.0,49.0,20.0,2.0,100.0,3.0150416
270.0,0.0,20.0,2.0,100.0,13.756384
271.0,0.5,20.0,2.0,100.0,22.810818
272.0,1.0,20.0,2.0,100.0,0.0
273.0,2.0,20.0,2.0,100.0,2.5785892
274.0,3.0,20.0,2.0,100.0,36.50114
275.0,5.0,20.0,2.0,100.0,10.054398
276.0,10.0,20.0,2.0,100.0,15.577762
277.0,20.0,20.0,2.0,100.0,3.9581141
278.0,40.0,20.0,2.0,100.0,2.8036215
279.0,49.0,20.0,2.0,100.0,2.5476413
280.0,0.0,20.0,2.0,100.0,0.0
281.0,0.5,20.0,2.0,100.0,0.0
282.0,1.0,20.0,2.0,100.0,48.418316
283.0,2.0,20.0,2.0,100.0,23.860706
284.0,3.0,20.0,2.0,100.0,21.931713
285.0,5.0,20.0,2.0,100.0,16.693312
286.0,10.0,20.0,2.0,100.0,5.524836
287.0,20.0,20.0,2.0,100.0,2.7586763
288.0,40.0,20.0,2.0,100.0,2.7185433
289.0,49.0,20.0,2.0,100.0,3.9558976
290.0,0.0,20.0,2.0,100.0,0.0
291.0,0.5,20.0,2.0,100.0,39.247078
292.0,1.0,20.0,2.0,100.0,5.686241
293.0,2.0,20.0,2.0,100.0,3.7592375
294.0,3.0,20.0,2.0,100.0,7.8250093
295.0,5.0,20.0,2.0,100.0,9.41308
296.0,10.0,20.0,2.0,100.0,10.876163
297.0,20.0,20.0,2.0,100.0,4.456489
298.0,40.0,20.0,2.0,100.0,2.1400259
299.0,49.0,20.0,2.0,100.0,2.9015462
300.0,0.0,20.0,2.0,100.0,0.0
301.0,0.5,20.0,2.0,100.0,44.97036
302.0,1.0,20.0,2.0,100.0,0.0
303.0,2.0,20.0,2.0,100.0,34.122326
304.0,3.0,20.0,2.0,100.0,11.338611
305.0,5.0,20.0,2.0,100.0,13.793718
306.0,10.0,20.0,2.0,100.0,5.972464
307.0,20.0,20.0,2.0,100.0,2.7144835
308.0,40.0,20.0,2.0,100.0,2.6841533
309.0,49.0,20.0,2.0,100.0,4.2848916
310.0,0.0,20.0,2.0,100.0,0.0
311.0,0.5,20.0,2.0,100.0,35.303444
312.0,1.0,20.0,2.0,100.0,22.196096
313.0,2.0,20.0,2.0,100.0,38.552994
314.0,3.0,20.0,2.0,100.0,8.053393
315.0,5.0,20.0,2.0,100.0,8.117322
316.0,10.0,20.0,2.0,100.0,6.1397853
317.0,20.0,20.0,2.0,100.0,4.25049
318.0,40.0,20.0,2.0,100.0,3.3638952
319.0,49.0,20.0,2.0,100.0,1.9910867
320.0,0.0,20.0,2.0,100.0,0.0
321.0,0.5,20.0,2.0,100.0,35.303444
322.0,1.0,20.0,2.0,100.0,36.555893
323.0,2.0,20.0,2.0,100.0,22.315914
324.0,3.0,20.0,2.0,100.0,31.085901
325.0,5.0,20.0,2.0,100.0,3.7922227
326.0,10.0,20.0,2.0,100.0,5.303949
327.0,20.0,20.0,2.0,100.0,3.6338243
328.0,40.0,20.0,2.0,100.0,5.053052
329.0,49.0,20.0,2.0,100.0,3.379197
330.0,0.0,20.0,2.0,100.0,0.0
331.0,0.5,20.0,2.0,100.0,0.0
332.0,1.0,20.0,2.0,100.0,6.737762
333.0,2.0,20.0,2.0,100.0,39.501053
334.0,3.0,20.0,2.0,100.0,7.6847215
335.0,5.0,20.0,2.0,100.0,23.64318
336.0,10.0,20.0,2.0,100.0,11.528433
337.0,20.0,20.0,2.0,100.0,4.2426405
338.0,40.0,20.0,2.0,100.0,3.694472
339.0,49.0,20.0,2.0,100.0,4.214289
340.0,0.0,20.0,2.0,100.0,10.600053
341.0,0.5,20.0,2.0,100.0,0.0
342.0,1.0,20.0,2.0,100.0,14.030579
343.0,2.0,20.0,2.0,100.0,45.62163
344.0,3.0,20.0,2.0,100.0,19.42507
345.0,5.0,20.0,2.0,100.0,17.39458
346.0,10.0,20.0,2.0,100.0,5.434458
347.0,20.0,20.0,2.0,100.0,5.6181936
348.0,40.0,20.0,2.0,100.0,5.0110173
349.0,49.0,20.0,2.0,100.0,3.8274174
350.0,0.0,20.0,2.0,100.0,0.0
351.0,0.5,20.0,2.0,100.0,27.286837
352.0,1.0,20.0,2.0,100.0,0.0
353.0,2.0,20.0,2.0,100.0,28.231188
354.0,3.0,20.0,2.0,100.0,22.966642
355.0,5.0,20.0,2.0,100.0,2.8643808
356.0,10.0,20.0,2.0,100.0,4.110649
357.0,20.0,20.0,2.0,100.0,5.092478
358.0,40.0,20.0,2.0,100.0,1.6681154
359.0,49.0,20.0,2.0,100.0,2.110778
360.0,0.0,20.0,2.0,100.0,0.0
361.0,0.5,20.0,2.0,100.0,28.746014
362.0,1.0,20.0,2.0,100.0,0.0
363.0,2.0,20.0,2.0,100.0,9.068118
364.0,3.0,20.0,2.0,100.0,27.537853
365.0,5.0,20.0,2.0,100.0,5.572696
366.0,10.0,20.0,2.0,100.0,3.5623696
367.0,20.0,20.0,2.0,100.0,2.4920928
368.0,40.0,20.0,2.0,100.0,3.0607877
369.0,49.0,20.0,2.0,100.0,3.5623696
370.0,0.0,20.0,2.0,100.0,0.0
371.0,0.5,20.0,2.0,100.0,0.0
372.0,1.0,20.0,2.0,100.0,31.085901
373.0,2.0,20.0,2.0,100.0,30.044413
374.0,3.0,20.0,2.0,100.0,15.200877
375.0,5.0,20.0,2.0,100.0,7.7146926
376.0,10.0,20.0,2.0,100.0,7.3546524
377.0,20.0,20.0,2.0,100.0,3.3872828
378.0,40.0,20.0,2.0,100.0,3.3000722
379.0,49.0,20.0,2.0,100.0,3.660601
380.0,0.0,20.0,2.0,100.0,0.0
381.0,0.5,20.0,2.0,100.0,3.694472
382.0,1.0,20.0,2.0,100.0,28.041634
383.0,2.0,20.0,2.0,100.0,31.085901
384.0,3.0,20.0,2.0,100.0,6.432803
385.0,5.0,20.0,2.0,100.0,23.804762
386.0,10.0,20.0,2.0,100.0,6.187545
387.0,20.0,20.0,2.0,100.0,3.772969
388.0,40.0,20.0,2.0,100.0,1.7795131
389.0,49.0,20.0,2.0,100.0,2.684153
390.0,0.0,20.0,2.0,100.0,0.0
391.0,0.5,20.0,2.0,100.0,0.0
392.0,1.0,20.0,2.0,100.0,0.0
393.0,2.0,20.0,2.0,100.0,11.614167
394.0,3.0,20.0,2.0,100.0,18.980692
395.0,5.0,20.0,2.0,100.0,3.4488747
396.0,10.0,20.0,2.0,100.0,4.4789066
397.0,20.0,20.0,2.0,100.0,4.041452
398.0,40.0,20.0,2.0,100.0,2.353298
399.0,49.0,20.0,2.0,100.0,3.5392535
400.0,0.0,20.0,2.0,100.0,0.0
401.0,0.5,20.0,2.0,100.0,0.0
402.0,1.0,20.0,2.0,100.0,0.0
403.0,2.0,20.0,2.0,100.0,12.065298
404.0,3.0,20.0,2.0,100.0,4.725816
405.0,5.0,20.0,2.0,100.0,6.110101
406.0,10.0,20.0,2.0,100.0,7.9681187
407.0,20.0,20.0,2.0,100.0,4.2536535
408.0,40.0,20.0,2.0,100.0,3.6794038
409.0,49.0,20.0,2.0,100.0,3.4978986
410.0,0.0,20.0,2.0,100.0,0.0
411.0,0.5,20.0,2.0,100.0,0.0
412.0,1.0,20.0,2.0,100.0,2.0713465
413.0,2.0,20.0,2.0,100.0,28.112867
414.0,3.0,20.0,2.0,100.0,15.116217
415.0,5.0,20.0,2.0,100.0,7.7531357
416.0,10.0,20.0,2.0,100.0,2.812205
417.0,20.0,20.0,2.0,100.0,5.498252
418.0,40.0,20.0,2.0,100.0,3.7229416
419.0,49.0,20.0,2.0,100.0,2.6627946
420.0,0.0,20.0,2.0,100.0,0.0
421.0,0.5,20.0,2.0,100.0,0.0
422.0,1.0,20.0,2.0,100.0,13.7659
423.0,2.0,20.0,2.0,100.0,26.870058
424.0,3.0,20.0,2.0,100.0,16.083117
425.0,5.0,20.0,2.0,100.0,3.997252
426.0,10.0,20.0,2.0,100.0,5.150127
427.0,20.0,20.0,2.0,100.0,3.4488747
428.0,40.0,20.0,2.0,100.0,3.112605
429.0,49.0,20.0,2.0,100.0,2.6815064
430.0,0.0,20.0,2.0,100.0,0.0
431.0,0.5,20.0,2.0,100.0,0.0
432.0,1.0,20.0,2.0,100.0,6.496153
433.0,2.0,20.0,2.0,100.0,12.083046
434.0,3.0,20.0,2.0,100.0,26.153393
435.0,5.0,20.0,2.0,100.0,4.017934
436.0,10.0,20.0,2.0,100.0,4.3369946
437.0,20.0,20.0,2.0,100.0,3.2290711
438.0,40.0,20.0,2.0,100.0,4.494441
439.0,49.0,20.0,2.0,100.0,2.467889
440.0,0.0,20.0,2.0,100.0,0.0
441.0,0.5,20.0,2.0,100.0,46.003624
442.0,1.0,20.0,2.0,100.0,27.227438
443.0,2.0,20.0,2.0,100.0,0.0
444.0,3.0,20.0,2.0,100.0,12.062338
445.0,5.0,20.0,2.0,100.0,6.5085416
446.0,10.0,20.0,2.0,100.0,9.191895
447.0,20.0,20.0,2.0,100.0,4.0579143
448.0,40.0,20.0,2.0,100.0,2.9597695
449.0,49.0,20.0,2.0,100.0,2.9138422
450.0,0.0,20.0,2.0,100.0,0.0
451.0,0.5,20.0,2.0,100.0,16.502525
452.0,1.0,20.0,2.0,100.0,48.08326
453.0,2.0,20.0,2.0,100.0,48.211338
454.0,3.0,20.0,2.0,100.0,66.46804
455.0,5.0,20.0,2.0,100.0,7.4357853
456.0,10.0,20.0,2.0,100.0,6.5263624
457.0,20.0,20.0,2.0,100.0,3.2767122
458.0,40.0,20.0,2.0,100.0,2.9597692
459.0,49.0,20.0,2.0,100.0,2.2071123
460.0,0.0,20.0,2.0,100.0,0.0
461.0,0.5,20.0,2.0,100.0,0.0
462.0,1.0,20.0,2.0,100.0,52.576927
463.0,2.0,20.0,2.0,100.0,33.709545
464.0,3.0,20.0,2.0,100.0,33.82307
465.0,5.0,20.0,2.0,100.0,16.537836
466.0,10.0,20.0,2.0,100.0,6.4312606
467.0,20.0,20.0,2.0,100.0,3.7689095
468.0,40.0,20.0,2.0,100.0,3.052178
469.0,49.0,20.0,2.0,100.0,4.7942977
470.0,0.0,20.0,2.0,100.0,0.0
471.0,0.5,20.0,2.0,100.0,36.555893
472.0,1.0,20.0,2.0,100.0,23.028969
473.0,2.0,20.0,2.0,100.0,14.988885
474.0,3.0,20.0,2.0,100.0,33.020195
475.0,5.0,20.0,2.0,100.0,15.6673765
476.0,10.0,20.0,2.0,100.0,10.226017
477.0,20.0,20.0,2.0,100.0,2.7857196
478.0,40.0,20.0,2.0,100.0,3.838232
479.0,49.0,20.0,2.0,100.0,3.515721
480.0,0.0,20.0,2.0,100.0,0.0
481.0,0.5,20.0,2.0,100.0,23.271688
482.0,1.0,20.0,2.0,100.0,0.0
483.0,2.0,20.0,2.0,100.0,5.715476
484.0,3.0,20.0,2.0,100.0,20.256685
485.0,5.0,20.0,2.0,100.0,8.679479
486.0,10.0,20.0,2.0,100.0,5.513387
487.0,20.0,20.0,2.0,100.0,4.4704914
488.0,40.0,20.0,2.0,100.0,2.8055918
489.0,49.0,20.0,2.0,100.0,3.5388994
490.0,0.0,20.0,2.0,100.0,0.0
491.0,0.5,20.0,2.0,100.0,46.003624
492.0,1.0,20.0,2.0,100.0,46.003624
493.0,2.0,20.0,2.0,100.0,25.501633
494.0,3.0,20.0,2.0,100.0,14.4048605
495.0,5.0,20.0,2.0,100.0,9.353658
496.0,10.0,20.0,2.0,100.0,5.297798
497.0,20.0,20.0,2.0,100.0,3.0860672
498.0,40.0,20.0,2.0,100.0,3.772969
499.0,49.0,20.0,2.0,100.0,3.2281656
500.0,0.0,20.0,2.0,100.0,0.0
501.0,0.5,20.0,2.0,100.0,35.921207
502.0,1.0,20.0,2.0,100.0,0.0
503.0,2.0,20.0,2.0,100.0,28.366648
504.0,3.0,20.0,2.0,100.0,21.23833
505.0,5.0,20.0,2.0,100.0,7.935345
506.0,10.0,20.0,2.0,100.0,13.18564
507.0,20.0,20.0,2.0,100.0,3.559026
508.0,40.0,20.0,2.0,100.0,4.48445
509.0,49.0,20.0,2.0,100.0,2.2004786
510.0,0.0,20.0,2.0,100.0,37.456642
511.0,0.5,20.0,2.0,100.0,0.0
512.0,1.0,20.0,2.0,100.0,0.0
513.0,2.0,20.0,2.0,100.0,27.469465
514.0,3.0,20.0,2.0,100.0,33.020195
515.0,5.0,20.0,2.0,100.0,11.895377
516.0,10.0,20.0,2.0,100.0,7.8288507
517.0,20.0,20.0,2.0,100.0,4.582576
518.0,40.0,20.0,2.0,100.0,2.8793187
519.0,49.0,20.0,2.0,100.0,1.9194298
520.0,0.0,20.0,2.0,100.0,0.0
521.0,0.5,20.0,2.0,100.0,37.20663
522.0,1.0,20.0,2.0,100.0,29.263174
523.0,2.0,20.0,2.0,100.0,11.7266865
524.0,3.0,20.0,2.0,100.0,19.916492
525.0,5.0,20.0,2.0,100.0,6.5876737
526.0,10.0,20.0,2.0,100.0,9.675283
527.0,20.0,20.0,2.0,100.0,4.075573
528.0,40.0,20.0,2.0,100.0,3.4771361
529.0,49.0,20.0,2.0,100.0,5.0110173
530.0,0.0,20.0,2.0,100.0,27.982138
531.0,0.5,20.0,2.0,100.0,0.0
532.0,1.0,20.0,2.0,100.0,37.20663
533.0,2.0,20.0,2.0,100.0,8.015137
534.0,3.0,20.0,2.0,100.0,36.115555
535.0,5.0,20.0,2.0,100.0,21.494184
536.0,10.0,20.0,2.0,100.0,6.027714
537.0,20.0,20.0,2.0,100.0,4.8967357
538.0,40.0,20.0,2.0,100.0,3.7894979
539.0,49.0,20.0,2.0,100.0,2.3665988
540.0,0.0,20.0,2.0,100.0,0.0
541.0,0.5,20.0,2.0,100.0,0.0
542.0,1.0,20.0,2.0,100.0,40.673496
543.0,2.0,20.0,2.0,100.0,18.607475
544.0,3.0,20.0,2.0,100.0,25.32456
545.0,5.0,20.0,2.0,100.0,2.9097536
546.0,10.0,20.0,2.0,100.0,6.3149652
547.0,20.0,20.0,2.0,100.0,4.81755
548.0,40.0,20.0,2.0,100.0,2.4270303
549.0,49.0,20.0,2.0,100.0,2.7731707
550.0,0.0,20.0,2.0,100.0,0.0
551.0,0.5,20.0,2.0,100.0,0.0
552.0,1.0,20.0,2.0,100.0,40.673496
553.0,2.0,20.0,2.0,100.0,46.800995
554.0,3.0,20.0,2.0,100.0,16.713268
555.0,5.0,20.0,2.0,100.0,4.155318
556.0,10.0,20.0,2.0,100.0,11.604597
557.0,20.0,20.0,2.0,100.0,3.2216587
558.0,40.0,20.0,2.0,100.0,3.7229414
559.0,49.0,20.0,2.0,100.0,4.1110945
560.0,0.0,20.0,2.0,100.0,0.0
561.0,0.5,20.0,2.0,100.0,0.0
562.0,1.0,20.0,2.0,100.0,0.0
563.0,2.0,20.0,2.0,100.0,15.083103
564.0,3.0,20.0,2.0,100.0,23.905369
565.0,5.0,20.0,2.0,100.0,9.061473
566.0,10.0,20.0,2.0,100.0,4.4696784
567.0,20.0,20.0,2.0,100.0,3.2462304
568.0,40.0,20.0,2.0,100.0,2.9309516
569.0,49.0,20.0,2.0,100.0,3.8128748
570.0,0.0,20.0,2.0,100.0,0.0
571.0,0.5,20.0,2.0,100.0,0.0
572.0,1.0,20.0,2.0,100.0,9.276886
573.0,2.0,20.0,2.0,100.0,6.223405
574.0,3.0,20.0,2.0,100.0,23.762716
575.0,5.0,20.0,2.0,100.0,16.109003
576.0,10.0,20.0,2.0,100.0,9.911732
577.0,20.0,20.0,2.0,100.0,2.445906
578.0,40.0,20.0,2.0,100.0,4.1231055
579.0,49.0,20.0,2.0,100.0,2.5279393
580.0,0.0,20.0,2.0,100.0,0.0
581.0,0.5,20.0,2.0,100.0,39.95414
582.0,1.0,20.0,2.0,100.0,0.0
583.0,2.0,20.0,2.0,100.0,43.661575
584.0,3.0,20.0,2.0,100.0,18.986837
585.0,5.0,20.0,2.0,100.0,7.828851
586.0,10.0,20.0,2.0,100.0,3.1477766
587.0,20.0,20.0,2.0,100.0,2.655679
588.0,40.0,20.0,2.0,100.0,3.5409057
589.0,49.0,20.0,2.0,100.0,3.767025
590.0,0.0,20.0,2.0,100.0,0.0
591.0,0.5,20.0,2.0,100.0,0.0
592.0,1.0,20.0,2.0,100.0,21.851774
593.0,2.0,20.0,2.0,100.0,12.29789
594.0,3.0,20.0,2.0,100.0,9.439027
595.0,5.0,20.0,2.0,100.0,10.381608
596.0,10.0,20.0,2.0,100.0,4.376244
597.0,20.0,20.0,2.0,100.0,2.3420703
598.0,40.0,20.0,2.0,100.0,2.4270303
599.0,49.0,20.0,2.0,100.0,2.2076044
600.0,0.0,20.0,2.0,100.0,0.0
601.0,0.5,20.0,2.0,100.0,0.0
602.0,1.0,20.0,2.0,100.0,39.247078
603.0,2.0,20.0,2.0,100.0,3.8850443
604.0,3.0,20.0,2.0,100.0,28.219378
605.0,5.0,20.0,2.0,100.0,15.406528
606.0,10.0,20.0,2.0,100.0,7.2525854
607.0,20.0,20.0,2.0,100.0,4.07431
608.0,40.0,20.0,2.0,100.0,2.864381
609.0,49.0,20.0,2.0,100.0,2.527939
610.0,0.0,20.0,2.0,100.0,0.0
611.0,0.5,20.0,2.0,100.0,41.404507
612.0,1.0,20.0,2.0,100.0,0.0
613.0,2.0,20.0,2.0,100.0,9.957485
614.0,3.0,20.0,2.0,100.0,12.142016
615.0,5.0,20.0,2.0,100.0,11.426785
616.0,10.0,20.0,2.0,100.0,5.0560956
617.0,20.0,20.0,2.0,100.0,5.618194
618.0,40.0,20.0,2.0,100.0,3.4130814
619.0,49.0,20.0,2.0,100.0,3.726993
620.0,0.0,20.0,2.0,100.0,0.0
621.0,0.5,20.0,2.0,100.0,46.003624
622.0,1.0,20.0,2.0,100.0,0.0
623.0,2.0,20.0,2.0,100.0,36.555893
624.0,3.0,20.0,2.0,100.0,16.204056
625.0,5.0,20.0,2.0,100.0,13.889017
626.0,10.0,20.0,2.0,100.0,5.8513336
627.0,20.0,20.0,2.0,100.0,3.8386579
628.0,40.0,20.0,2.0,100.0,4.287083
629.0,49.0,20.0,2.0,100.0,3.491486
630.0,0.0,20.0,2.0,100.0,0.0
631.0,0.5,20.0,2.0,100.0,0.0
632.0,1.0,20.0,2.0,100.0,45.254833
633.0,2.0,20.0,2.0,100.0,10.154365
634.0,3.0,20.0,2.0,100.0,27.361774
635.0,5.0,20.0,2.0,100.0,9.256938
636.0,10.0,20.0,2.0,100.0,3.4935193
637.0,20.0,20.0,2.0,100.0,2.9766247
638.0,40.0,20.0,2.0,100.0,3.03158
639.0,49.0,20.0,2.0,100.0,2.32174
640.0,0.0,20.0,2.0,100.0,0.0
641.0,0.5,20.0,2.0,100.0,0.0
642.0,1.0,20.0,2.0,100.0,28.0238
643.0,2.0,20.0,2.0,100.0,36.555893
644.0,3.0,20.0,2.0,100.0,18.312109
645.0,5.0,20.0,2.0,100.0,10.193368
646.0,10.0,20.0,2.0,100.0,5.472877
647.0,20.0,20.0,2.0,100.0,6.137616
648.0,40.0,20.0,2.0,100.0,3.2444284
649.0,49.0,20.0,2.0,100.0,2.7731707
650.0,0.0,20.0,2.0,100.0,0.0
651.0,0.5,20.0,2.0,100.0,0.0
652.0,1.0,20.0,2.0,100.0,33.97548
653.0,2.0,20.0,2.0,100.0,0.0
654.0,3.0,20.0,2.0,100.0,32.71595
655.0,5.0,20.0,2.0,100.0,7.751833
656.0,10.0,20.0,2.0,100.0,19.14419
657.0,20.0,20.0,2.0,100.0,6.1101007
658.0,40.0,20.0,2.0,100.0,2.5080822
659.0,49.0,20.0,2.0,100.0,3.03158
660.0,0.0,20.0,2.0,100.0,0.0
661.0,0.5,20.0,2.0,100.0,51.733288
662.0,1.0,20.0,2.0,100.0,46.003624
663.0,2.0,20.0,2.0,100.0,11.323525
664.0,3.0,20.0,2.0,100.0,12.9075985
665.0,5.0,20.0,2.0,100.0,7.9021797
666.0,10.0,20.0,2.0,100.0,3.6892133
667.0,20.0,20.0,2.0,100.0,5.023753
668.0,40.0,20.0,2.0,100.0,5.7356286
669.0,49.0,20.0,2.0,100.0,3.295496
670.0,0.0,20.0,2.0,100.0,0.0
671.0,0.5,20.0,2.0,100.0,0.0
672.0,1.0,20.0,2.0,100.0,29.263174
673.0,2.0,20.0,2.0,100.0,12.193889
674.0,3.0,20.0,2.0,100.0,23.797758
675.0,5.0,20.0,2.0,100.0,13.677232
676.0,10.0,20.0,2.0,100.0,4.3282022
677.0,20.0,20.0,2.0,100.0,3.8993177
678.0,40.0,20.0,2.0,100.0,3.3519092
679.0,49.0,20.0,2.0,100.0,3.112953
680.0,0.0,20.0,2.0,100.0,0.0
681.0,0.5,20.0,2.0,100.0,28.112867
682.0,1.0,20.0,2.0,100.0,0.0
683.0,2.0,20.0,2.0,100.0,7.037992
684.0,3.0,20.0,2.0,100.0,14.525839
685.0,5.0,20.0,2.0,100.0,27.190683
686.0,10.0,20.0,2.0,100.0,2.102135
687.0,20.0,20.0,2.0,100.0,5.07937
688.0,40.0,20.0,2.0,100.0,2.525685
689.0,49.0,20.0,2.0,100.0,2.9597692
690.0,0.0,20.0,2.0,100.0,0.0
691.0,0.5,20.0,2.0,100.0,0.0
692.0,1.0,20.0,2.0,100.0,42.899105
693.0,2.0,20.0,2.0,100.0,4.973262
694.0,3.0,20.0,2.0,100.0,38.738438
695.0,5.0,20.0,2.0,100.0,37.581024
696.0,10.0,20.0,2.0,100.0,4.1758723
697.0,20.0,20.0,2.0,100.0,3.1992645
698.0,40.0,20.0,2.0,100.0,3.413081
699.0,49.0,20.0,2.0,100.0,4.62172
700.0,0.0,20.0,2.0,100.0,0.0
701.0,0.5,20.0,2.0,100.0,0.0
702.0,1.0,20.0,2.0,100.0,22.345768
703.0,2.0,20.0,2.0,100.0,18.202564
704.0,3.0,20.0,2.0,100.0,10.587299
705.0,5.0,20.0,2.0,100.0,13.869431
706.0,10.0,20.0,2.0,100.0,9.730926
707.0,20.0,20.0,2.0,100.0,2.894665
708.0,40.0,20.0,2.0,100.0,3.1477766
709.0,49.0,20.0,2.0,100.0,2.643951
710.0,0.0,20.0,2.0,100.0,0.0
711.0,0.5,20.0,2.0,100.0,0.0
712.0,1.0,20.0,2.0,100.0,46.003624
713.0,2.0,20.0,2.0,100.0,22.472204
714.0,3.0,20.0,2.0,100.0,6.5263624
715.0,5.0,20.0,2.0,100.0,10.757057
716.0,10.0,20.0,2.0,100.0,4.151879
717.0,20.0,20.0,2.0,100.0,4.52401
718.0,40.0,20.0,2.0,100.0,2.1869173
719.0,49.0,20.0,2.0,100.0,2.8089993
720.0,0.0,20.0,2.0,100.0,0.0
721.0,0.5,20.0,2.0,100.0,23.569048
722.0,1.0,20.0,2.0,100.0,0.0
723.0,2.0,20.0,2.0,100.0,16.008926
724.0,3.0,20.0,2.0,100.0,5.0084896
725.0,5.0,20.0,2.0,100.0,7.9310217
726.0,10.0,20.0,2.0,100.0,6.0717926
727.0,20.0,20.0,2.0,100.0,3.6490805
728.0,40.0,20.0,2.0,100.0,2.9648738
729.0,49.0,20.0,2.0,100.0,3.2632995
730.0,0.0,20.0,2.0,100.0,0.0
731.0,0.5,20.0,2.0,100.0,21.15682
732.0,1.0,20.0,2.0,100.0,0.0
733.0,2.0,20.0,2.0,100.0,3.8535275
734.0,3.0,20.0,2.0,100.0,51.733288
735.0,5.0,20.0,2.0,100.0,7.8437114
736.0,10.0,20.0,2.0,100.0,2.7404163
737.0,20.0,20.0,2.0,100.0,4.3715324
738.0,40.0,20.0,2.0,100.0,3.5721471
739.0,49.0,20.0,2.0,100.0,3.9103038
740.0,0.0,20.0,2.0,100.0,0.0
741.0,0.5,20.0,2.0,100.0,0.0
742.0,1.0,20.0,2.0,100.0,35.907288
743.0,2.0,20.0,2.0,100.0,16.970562
744.0,3.0,20.0,2.0,100.0,28.746014
745.0,5.0,20.0,2.0,100.0,10.014276
746.0,10.0,20.0,2.0,100.0,5.789975
747.0,20.0,20.0,2.0,100.0,3.3889961
748.0,40.0,20.0,2.0,100.0,3.1922526
749.0,49.0,20.0,2.0,100.0,2.081666
750.0,0.0,20.0,2.0,100.0,0.0
751.0,0.5,20.0,2.0,100.0,0.0
752.0,1.0,20.0,2.0,100.0,54.28014
753.0,2.0,20.0,2.0,100.0,33.56089
754.0,3.0,20.0,2.0,100.0,21.36196
755.0,5.0,20.0,2.0,100.0,9.208034
756.0,10.0,20.0,2.0,100.0,5.122736
757.0,20.0,20.0,2.0,100.0,1.8948553
758.0,40.0,20.0,2.0,100.0,3.2187412
759.0,49.0,20.0,2.0,100.0,3.4073882
760.0,0.0,20.0,2.0,100.0,0.0
761.0,0.5,20.0,2.0,100.0,0.0
762.0,1.0,20.0,2.0,100.0,29.569128
763.0,2.0,20.0,2.0,100.0,15.552063
764.0,3.0,20.0,2.0,100.0,31.722757
765.0,5.0,20.0,2.0,100.0,9.968004
766.0,10.0,20.0,2.0,100.0,7.955558
767.0,20.0,20.0,2.0,100.0,4.7149515
768.0,40.0,20.0,2.0,100.0,2.404901
769.0,49.0,20.0,2.0,100.0,4.0530114
770.0,0.0,20.0,2.0,100.0,0.0
771.0,0.5,20.0,2.0,100.0,0.0
772.0,1.0,20.0,2.0,100.0,40.426888
773.0,2.0,20.0,2.0,100.0,22.449944
774.0,3.0,20.0,2.0,100.0,7.025689
775.0,5.0,20.0,2.0,100.0,8.154196
776.0,10.0,20.0,2.0,100.0,8.607608
777.0,20.0,20.0,2.0,100.0,3.6273813
778.0,40.0,20.0,2.0,100.0,3.5686545
779.0,49.0,20.0,2.0,100.0,3.2579713
780.0,0.0,20.0,2.0,100.0,12.980404
781.0,0.5,20.0,2.0,100.0,0.0
782.0,1.0,20.0,2.0,100.0,0.0
783.0,2.0,20.0,2.0,100.0,15.934389
784.0,3.0,20.0,2.0,100.0,30.534134
785.0,5.0,20.0,2.0,100.0,5.601871
786.0,10.0,20.0,2.0,100.0,11.246818
787.0,20.0,20.0,2.0,100.0,5.4672575
788.0,40.0,20.0,2.0,100.0,2.8739762
789.0,49.0,20.0,2.0,100.0,3.1770377
790.0,0.0,20.0,2.0,100.0,19.131126
791.0,0.5,20.0,2.0,100.0,0.0
792.0,1.0,20.0,2.0,100.0,23.406551
793.0,2.0,20.0,2.0,100.0,11.414277
794.0,3.0,20.0,2.0,100.0,16.354408
795.0,5.0,20.0,2.0,100.0,11.076592
796.0,10.0,20.0,2.0,100.0,10.117367
797.0,20.0,20.0,2.0,100.0,6.196567
798.0,40.0,20.0,2.0,100.0,3.443878
799.0,49.0,20.0,2.0,100.0,2.825324
800.0,0.0,20.0,2.0,100.0,0.0
801.0,0.5,20.0,2.0,100.0,14.638501
802.0,1.0,20.0,2.0,100.0,42.14657
803.0,2.0,20.0,2.0,100.0,20.428738
804.0,3.0,20.0,2.0,100.0,24.684677
805.0,5.0,20.0,2.0,100.0,18.907671
806.0,10.0,20.0,2.0,100.0,7.231245
807.0,20.0,20.0,2.0,100.0,2.7047718
808.0,40.0,20.0,2.0,100.0,3.9988093
809.0,49.0,20.0,2.0,100.0,2.68985
810.0,0.0,20.0,2.0,100.0,0.0
811.0,0.5,20.0,2.0,100.0,0.0
812.0,1.0,20.0,2.0,100.0,30.270998
813.0,2.0,20.0,2.0,100.0,12.503333
814.0,3.0,20.0,2.0,100.0,11.426785
815.0,5.0,20.0,2.0,100.0,16.56804
816.0,10.0,20.0,2.0,100.0,6.8313003
817.0,20.0,20.0,2.0,100.0,4.082483
818.0,40.0,20.0,2.0,100.0,3.38037
819.0,49.0,20.0,2.0,100.0,2.9816902
820.0,0.0,20.0,2.0,100.0,0.0
821.0,0.5,20.0,2.0,100.0,0.0
822.0,1.0,20.0,2.0,100.0,48.418316
823.0,2.0,20.0,2.0,100.0,10.092627
824.0,3.0,20.0,2.0,100.0,32.072834
825.0,5.0,20.0,2.0,100.0,11.6809435
826.0,10.0,20.0,2.0,100.0,9.286447
827.0,20.0,20.0,2.0,100.0,3.3735666
828.0,40.0,20.0,2.0,100.0,5.710542
829.0,49.0,20.0,2.0,100.0,2.0953462
830.0,0.0,20.0,2.0,100.0,0.0
831.0,0.5,20.0,2.0,100.0,19.502136
832.0,1.0,20.0,2.0,100.0,0.0
833.0,2.0,20.0,2.0,100.0,37.20663
834.0,3.0,20.0,2.0,100.0,8.332381
835.0,5.0,20.0,2.0,100.0,26.495283
836.0,10.0,20.0,2.0,100.0,13.617216
837.0,20.0,20.0,2.0,100.0,4.6621127
838.0,40.0,20.0,2.0,100.0,4.675499
839.0,49.0,20.0,2.0,100.0,2.6815064
840.0,0.0,20.0,2.0,100.0,0.0
841.0,0.5,20.0,2.0,100.0,0.0
842.0,1.0,20.0,2.0,100.0,9.974513
843.0,2.0,20.0,2.0,100.0,18.47972
844.0,3.0,20.0,2.0,100.0,25.354628
845.0,5.0,20.0,2.0,100.0,21.011902
846.0,10.0,20.0,2.0,100.0,14.278189
847.0,20.0,20.0,2.0,100.0,3.7279267
848.0,40.0,20.0,2.0,100.0,2.725234
849.0,49.0,20.0,2.0,100.0,1.7795131
850.0,0.0,20.0,2.0,100.0,0.0
851.0,0.5,20.0,2.0,100.0,0.0
852.0,1.0,20.0,2.0,100.0,47.34272
853.0,2.0,20.0,2.0,100.0,43.840622
854.0,3.0,20.0,2.0,100.0,14.071247
855.0,5.0,20.0,2.0,100.0,5.9495745
856.0,10.0,20.0,2.0,100.0,5.42042
857.0,20.0,20.0,2.0,100.0,6.046826
858.0,40.0,20.0,2.0,100.0,2.7731707
859.0,49.0,20.0,2.0,100.0,3.4615684
860.0,0.0,20.0,2.0,100.0,0.0
861.0,0.5,20.0,2.0,100.0,0.0
862.0,1.0,20.0,2.0,100.0,24.262455
863.0,2.0,20.0,2.0,100.0,3.8871963
864.0,3.0,20.0,2.0,100.0,3.509386
865.0,5.0,20.0,2.0,100.0,17.811178
866.0,10.0,20.0,2.0,100.0,3.941235
867.0,20.0,20.0,2.0,100.0,4.284891
868.0,40.0,20.0,2.0,100.0,2.3644187
869.0,49.0,20.0,2.0,100.0,3.0883672
870.0,0.0,20.0,2.0,100.0,50.81666
871.0,0.5,20.0,2.0,100.0,34.122326
872.0,1.0,20.0,2.0,100.0,6.5967026
873.0,2.0,20.0,2.0,100.0,17.009802
874.0,3.0,20.0,2.0,100.0,6.6583285
875.0,5.0,20.0,2.0,100.0,15.958279
876.0,10.0,20.0,2.0,100.0,5.7000794
877.0,20.0,20.0,2.0,100.0,2.7555532
878.0,40.0,20.0,2.0,100.0,3.3151886
879.0,49.0,20.0,2.0,100.0,3.1418695
880.0,0.0,20.0,2.0,100.0,0.0
881.0,0.5,20.0,2.0,100.0,16.714098
882.0,1.0,20.0,2.0,100.0,30.534134
883.0,2.0,20.0,2.0,100.0,38.68247
884.0,3.0,20.0,2.0,100.0,19.131126
885.0,5.0,20.0,2.0,100.0,14.173528
886.0,10.0,20.0,2.0,100.0,7.2730627
887.0,20.0,20.0,2.0,100.0,7.569076
888.0,40.0,20.0,2.0,100.0,2.3082597
889.0,49.0,20.0,2.0,100.0,3.524056
890.0,0.0,20.0,2.0,100.0,0.0
891.0,0.5,20.0,2.0,100.0,31.53305
892.0,1.0,20.0,2.0,100.0,47.60602
893.0,2.0,20.0,2.0,100.0,28.041634
894.0,3.0,20.0,2.0,100.0,36.428013
895.0,5.0,20.0,2.0,100.0,16.548918
896.0,10.0,20.0,2.0,100.0,3.2659864
897.0,20.0,20.0,2.0,100.0,6.187965
898.0,40.0,20.0,2.0,100.0,3.3307009
899.0,49.0,20.0,2.0,100.0,4.3282022
900.0,0.0,20.0,2.0,100.0,0.0
901.0,0.5,20.0,2.0,100.0,0.0
902.0,1.0,20.0,2.0,100.0,0.0
903.0,2.0,20.0,2.0,100.0,13.18564
904.0,3.0,20.0,2.0,100.0,20.784609
905.0,5.0,20.0,2.0,100.0,17.76232
906.0,10.0,20.0,2.0,100.0,5.62764
907.0,20.0,20.0,2.0,100.0,2.471901
908.0,40.0,20.0,2.0,100.0,3.525181
909.0,49.0,20.0,2.0,100.0,3.0798206
910.0,0.0,20.0,2.0,100.0,0.0
911.0,0.5,20.0,2.0,100.0,0.0
912.0,1.0,20.0,2.0,100.0,16.431677
913.0,2.0,20.0,2.0,100.0,18.230011
914.0,3.0,20.0,2.0,100.0,27.276363
915.0,5.0,20.0,2.0,100.0,6.778819
916.0,10.0,20.0,2.0,100.0,3.5334535
917.0,20.0,20.0,2.0,100.0,4.013763
918.0,40.0,20.0,2.0,100.0,3.9581141
919.0,49.0,20.0,2.0,100.0,2.913842
920.0,0.0,20.0,2.0,100.0,0.0
921.0,0.5,20.0,2.0,100.0,0.0
922.0,1.0,20.0,2.0,100.0,14.67424
923.0,2.0,20.0,2.0,100.0,13.548267
924.0,3.0,20.0,2.0,100.0,18.475208
925.0,5.0,20.0,2.0,100.0,18.367393
926.0,10.0,20.0,2.0,100.0,8.490891
927.0,20.0,20.0,2.0,100.0,4.8652163
928.0,40.0,20.0,2.0,100.0,2.520908
929.0,49.0,20.0,2.0,100.0,4.9229355
930.0,0.0,20.0,2.0,100.0,27.32956
931.0,0.5,20.0,2.0,100.0,0.0
932.0,1.0,20.0,2.0,100.0,40.611984
933.0,2.0,20.0,2.0,100.0,47.60602
934.0,3.0,20.0,2.0,100.0,12.5499
935.0,5.0,20.0,2.0,100.0,8.944272
936.0,10.0,20.0,2.0,100.0,7.879779
937.0,20.0,20.0,2.0,100.0,2.9395056
938.0,40.0,20.0,2.0,100.0,5.1639776
939.0,49.0,20.0,2.0,100.0,3.866831
940.0,0.0,20.0,2.0,100.0,0.0
941.0,0.5,20.0,2.0,100.0,33.020195
942.0,1.0,20.0,2.0,100.0,0.0
943.0,2.0,20.0,2.0,100.0,0.0
944.0,3.0,20.0,2.0,100.0,35.35534
945.0,5.0,20.0,2.0,100.0,12.817399
946.0,10.0,20.0,2.0,100.0,5.959459
947.0,20.0,20.0,2.0,100.0,3.8852592
948.0,40.0,20.0,2.0,100.0,3.2659862
949.0,49.0,20.0,2.0,100.0,2.9343305
950.0,0.0,20.0,2.0,100.0,0.0
951.0,0.5,20.0,2.0,100.0,4.3116674
952.0,1.0,20.0,2.0,100.0,13.038404
953.0,2.0,20.0,2.0,100.0,37.872593
954.0,3.0,20.0,2.0,100.0,4.928054
955.0,5.0,20.0,2.0,100.0,15.085471
956.0,10.0,20.0,2.0,100.0,7.2312446
957.0,20.0,20.0,2.0,100.0,3.5308166
958.0,40.0,20.0,2.0,100.0,2.8643808
959.0,49.0,20.0,2.0,100.0,2.4047055
960.0,0.0,20.0,2.0,100.0,0.0
961.0,0.5,20.0,2.0,100.0,46.800995
962.0,1.0,20.0,2.0,100.0,0.0
963.0,2.0,20.0,2.0,100.0,52.3259
964.0,3.0,20.0,2.0,100.0,20.008331
965.0,5.0,20.0,2.0,100.0,16.35761
966.0,10.0,20.0,2.0,100.0,3.2030828
967.0,20.0,20.0,2.0,100.0,5.259911
968.0,40.0,20.0,2.0,100.0,3.887196
969.0,49.0,20.0,2.0,100.0,3.9824986
970.0,0.0,20.0,2.0,100.0,0.0
971.0,0.5,20.0,2.0,100.0,32.50128
972.0,1.0,20.0,2.0,100.0,28.988503
973.0,2.0,20.0,2.0,100.0,0.0
974.0,3.0,20.0,2.0,100.0,39.501053
975.0,5.0,20.0,2.0,100.0,46.003624
976.0,10.0,20.0,2.0,100.0,3.5183926
977.0,20.0,20.0,2.0,100.0,4.7908645
978.0,40.0,20.0,2.0,100.0,3.2389004
979.0,49.0,20.0,2.0,100.0,4.705719
980.0,0.0,20.0,2.0,100.0,0.0
981.0,0.5,20.0,2.0,100.0,0.0
982.0,1.0,20.0,2.0,100.0,16.818357
983.0,2.0,20.0,2.0,100.0,10.718623
984.0,3.0,20.0,2.0,100.0,14.974582
985.0,5.0,20.0,2.0,100.0,9.518987
986.0,10.0,20.0,2.0,100.0,7.5277267
987.0,20.0,20.0,2.0,100.0,3.6722329
988.0,40.0,20.0,2.0,100.0,3.14559
989.0,49.0,20.0,2.0,100.0,2.5710492
990.0,0.0,20.0,2.0,100.0,0.0
991.0,0.5,20.0,2.0,100.0,37.42548
992.0,1.0,20.0,2.0,100.0,0.0
993.0,2.0,20.0,2.0,100.0,23.537205
994.0,3.0,20.0,2.0,100.0,29.365513
995.0,5.0,20.0,2.0,100.0,11.338934
996.0,10.0,20.0,2.0,100.0,8.069146
997.0,20.0,20.0,2.0,100.0,3.4847946
998.0,40.0,20.0,2.0,100.0,2.9029124
999.0,49.0,20.0,2.0,100.0,3.1129527
1000.0,0.0,20.0,2.0,100.0,0.0
1001.0,0.5,20.0,2.0,100.0,4.973459
1002.0,1.0,20.0,2.0,100.0,18.384777
1003.0,2.0,20.0,2.0,100.0,32.005207
1004.0,3.0,20.0,2.0,100.0,17.302055
1005.0,5.0,20.0,2.0,100.0,5.8946805
1006.0,10.0,20.0,2.0,100.0,4.25385
1007.0,20.0,20.0,2.0,100.0,3.443878
1008.0,40.0,20.0,2.0,100.0,3.1849318
1009.0,49.0,20.0,2.0,100.0,3.5623696
1010.0,0.0,20.0,2.0,100.0,0.0
1011.0,0.5,20.0,2.0,100.0,0.0
1012.0,1.0,20.0,2.0,100.0,0.0
1013.0,2.0,20.0,2.0,100.0,10.377423
1014.0,3.0,20.0,2.0,100.0,7.7369437
1015.0,5.0,20.0,2.0,100.0,4.5398564
1016.0,10.0,20.0,2.0,100.0,14.356571
1017.0,20.0,20.0,2.0,100.0,3.797506
1018.0,40.0,20.0,2.0,100.0,3.1944764
1019.0,49.0,20.0,2.0,100.0,2.6249714
1020.0,0.0,20.0,2.0,100.0,0.0
1021.0,0.5,20.0,2.0,100.0,45.214302
1022.0,1.0,20.0,2.0,100.0,49.08496
1023.0,2.0,20.0,2.0,100.0,13.56466
1024.0,3.0,20.0,2.0,100.0,4.305579
1025.0,5.0,20.0,2.0,100.0,9.575538
1026.0,10.0,20.0,2.0,100.0,5.5585465
1027.0,20.0,20.0,2.0,100.0,10.104005
1028.0,40.0,20.0,2.0,100.0,3.7689097
1029.0,49.0,20.0,2.0,100.0,2.1794496
1030.0,0.0,20.0,2.0,100.0,0.0
1031.0,0.5,20.0,2.0,100.0,0.0
1032.0,1.0,20.0,2.0,100.0,33.020195
1033.0,2.0,20.0,2.0,100.0,0.0
1034.0,3.0,20.0,2.0,100.0,6.4770656
1035.0,5.0,20.0,2.0,100.0,15.128025
1036.0,10.0,20.0,2.0,100.0,3.5686543
1037.0,20.0,20.0,2.0,100.0,2.6429708
1038.0,40.0,20.0,2.0,100.0,2.8537328
1039.0,49.0,20.0,2.0,100.0,2.9199855
1040.0,0.0,20.0,2.0,100.0,0.0
1041.0,0.5,20.0,2.0,100.0,36.555893
1042.0,1.0,20.0,2.0,100.0,28.536526
1043.0,2.0,20.0,2.0,100.0,28.710045
1044.0,3.0,20.0,2.0,100.0,7.1956778
1045.0,5.0,20.0,2.0,100.0,9.533566
1046.0,10.0,20.0,2.0,100.0,4.671635
1047.0,20.0,20.0,2.0,100.0,4.341621
1048.0,40.0,20.0,2.0,100.0,4.0803337
1049.0,49.0,20.0,2.0,100.0,2.8619006
1050.0,0.0,20.0,2.0,100.0,0.0
1051.0,0.5,20.0,2.0,100.0,29.737741
1052.0,1.0,20.0,2.0,100.0,14.165687
1053.0,2.0,20.0,2.0,100.0,7.770519
1054.0,3.0,20.0,2.0,100.0,3.0150416
1055.0,5.0,20.0,2.0,100.0,19.326149
1056.0,10.0,20.0,2.0,100.0,5.5916605
1057.0,20.0,20.0,2.0,100.0,4.2347765
1058.0,40.0,20.0,2.0,100.0,2.5080824
1059.0,49.0,20.0,2.0,100.0,3.1770375
1060.0,0.0,20.0,2.0,100.0,0.0
1061.0,0.5,20.0,2.0,100.0,44.43347
1062.0,1.0,20.0,2.0,100.0,28.00595
1063.0,2.0,20.0,2.0,100.0,18.52206
1064.0,3.0,20.0,2.0,100.0,9.7866125
1065.0,5.0,20.0,2.0,100.0,18.587631
1066.0,10.0,20.0,2.0,100.0,6.2411847
1067.0,20.0,20.0,2.0,100.0,3.8549051
1068.0,40.0,20.0,2.0,100.0,2.5514467
1069.0,49.0,20.0,2.0,100.0,2.6043441
1070.0,0.0,20.0,2.0,100.0,0.0
1071.0,0.5,20.0,2.0,100.0,14.734691
1072.0,1.0,20.0,2.0,100.0,0.0
1073.0,2.0,20.0,2.0,100.0,12.1184635
1074.0,3.0,20.0,2.0,100.0,19.31937
1075.0,5.0,20.0,2.0,100.0,4.148348
1076.0,10.0,20.0,2.0,100.0,3.4250207
1077.0,20.0,20.0,2.0,100.0,5.4859133
1078.0,40.0,20.0,2.0,100.0,4.1364594
1079.0,49.0,20.0,2.0,100.0,2.2339373
1080.0,0.0,20.0,2.0,100.0,0.0
1081.0,0.5,20.0,2.0,100.0,30.270998
1082.0,1.0,20.0,2.0,100.0,0.0
1083.0,2.0,20.0,2.0,100.0,5.085302
1084.0,3.0,20.0,2.0,100.0,33.941124
1085.0,5.0,20.0,2.0,100.0,52.3259
1086.0,10.0,20.0,2.0,100.0,3.868762
1087.0,20.0,20.0,2.0,100.0,3.2938843
1088.0,40.0,20.0,2.0,100.0,3.2462306
1089.0,49.0,20.0,2.0,100.0,3.7229416
1090.0,0.0,20.0,2.0,100.0,0.0
1091.0,0.5,20.0,2.0,100.0,53.42596
1092.0,1.0,20.0,2.0,100.0,28.746014
1093.0,2.0,20.0,2.0,100.0,29.197603
1094.0,3.0,20.0,2.0,100.0,5.5916605
1095.0,5.0,20.0,2.0,100.0,13.952299
1096.0,10.0,20.0,2.0,100.0,10.623425
1097.0,20.0,20.0,2.0,100.0,6.2616925
1098.0,40.0,20.0,2.0,100.0,2.808999
1099.0,49.0,20.0,2.0,100.0,3.4978988
1100.0,0.0,20.0,2.0,100.0,0.0
1101.0,0.5,20.0,2.0,100.0,10.425493
1102.0,1.0,20.0,2.0,100.0,44.43347
1103.0,2.0,20.0,2.0,100.0,7.252131
1104.0,3.0,20.0,2.0,100.0,22.233608
1105.0,5.0,20.0,2.0,100.0,6.733003
1106.0,10.0,20.0,2.0,100.0,13.0603
1107.0,20.0,20.0,2.0,100.0,4.136459
1108.0,40.0,20.0,2.0,100.0,3.1770375
1109.0,49.0,20.0,2.0,100.0,3.5388994
1110.0,0.0,20.0,2.0,100.0,0.0
1111.0,0.5,20.0,2.0,100.0,0.0
1112.0,1.0,20.0,2.0,100.0,30.664854
1113.0,2.0,20.0,2.0,100.0,50.91169
1114.0,3.0,20.0,2.0,100.0,20.229635
1115.0,5.0,20.0,2.0,100.0,7.217703
1116.0,10.0,20.0,2.0,100.0,5.9336996
1117.0,20.0,20.0,2.0,100.0,3.5686543
1118.0,40.0,20.0,2.0,100.0,4.255619
1119.0,49.0,20.0,2.0,100.0,2.3278685
1120.0,0.0,20.0,2.0,100.0,0.0
1121.0,0.5,20.0,2.0,100.0,26.539278
1122.0,1.0,20.0,2.0,100.0,0.0
1123.0,2.0,20.0,2.0,100.0,0.0
1124.0,3.0,20.0,2.0,100.0,17.212399
1125.0,5.0,20.0,2.0,100.0,14.706008
1126.0,10.0,20.0,2.0,100.0,7.962251
1127.0,20.0,20.0,2.0,100.0,3.9036005
1128.0,40.0,20.0,2.0,100.0,3.9509866
1129.0,49.0,20.0,2.0,100.0,2.9171703
1130.0,0.0,20.0,2.0,100.0,14.075196
1131.0,0.5,20.0,2.0,100.0,33.56089
1132.0,1.0,20.0,2.0,100.0,0.0
1133.0,2.0,20.0,2.0,100.0,27.471197
1134.0,3.0,20.0,2.0,100.0,7.1989017
1135.0,5.0,20.0,2.0,100.0,8.420497
1136.0,10.0,20.0,2.0,100.0,7.1924105
1137.0,20.0,20.0,2.0,100.0,4.341621
1138.0,40.0,20.0,2.0,100.0,3.525181
1139.0,49.0,20.0,2.0,100.0,2.7000883
1140.0,0.0,20.0,2.0,100.0,0.0
1141.0,0.5,20.0,2.0,100.0,0.0
1142.0,1.0,20.0,2.0,100.0,28.041634
1143.0,2.0,20.0,2.0,100.0,47.60602
1144.0,3.0,20.0,2.0,100.0,20.392673
1145.0,5.0,20.0,2.0,100.0,20.713926
1146.0,10.0,20.0,2.0,100.0,6.0053396
1147.0,20.0,20.0,2.0,100.0,4.1668496
1148.0,40.0,20.0,2.0,100.0,3.5876658
1149.0,49.0,20.0,2.0,100.0,2.8253243
1150.0,0.0,20.0,2.0,100.0,0.0
1151.0,0.5,20.0,2.0,100.0,28.041634
1152.0,1.0,20.0,2.0,100.0,41.01626
1153.0,2.0,20.0,2.0,100.0,15.732133
1154.0,3.0,20.0,2.0,100.0,6.017033
1155.0,5.0,20.0,2.0,100.0,3.9749215
1156.0,10.0,20.0,2.0,100.0,8.8255825
1157.0,20.0,20.0,2.0,100.0,3.2187412
1158.0,40.0,20.0,2.0,100.0,3.2606103
1159.0,49.0,20.0,2.0,100.0,2.6677487
1160.0,0.0,20.0,2.0,100.0,0.0
1161.0,0.5,20.0,2.0,100.0,15.3731365
1162.0,1.0,20.0,2.0,100.0,37.872593
1163.0,2.0,20.0,2.0,100.0,8.260898
1164.0,3.0,20.0,2.0,100.0,12.404301
1165.0,5.0,20.0,2.0,100.0,6.511331
1166.0,10.0,20.0,2.0,100.0,3.9585767
1167.0,20.0,20.0,2.0,100.0,4.60463
1168.0,40.0,20.0,2.0,100.0,2.8867512
1169.0,49.0,20.0,2.0,100.0,4.973459
1170.0,0.0,20.0,2.0,100.0,0.0
1171.0,0.5,20.0,2.0,100.0,0.0
1172.0,1.0,20.0,2.0,100.0,41.30779
1173.0,2.0,20.0,2.0,100.0,20.122246
1174.0,3.0,20.0,2.0,100.0,10.405127
1175.0,5.0,20.0,2.0,100.0,29.427877
1176.0,10.0,20.0,2.0,100.0,6.39511
1177.0,20.0,20.0,2.0,100.0,3.8110116
1178.0,40.0,20.0,2.0,100.0,2.5476413
1179.0,49.0,20.0,2.0,100.0,3.295496
1180.0,0.0,20.0,2.0,100.0,0.0
1181.0,0.5,20.0,2.0,100.0,0.0
1182.0,1.0,20.0,2.0,100.0,37.872593
1183.0,2.0,20.0,2.0,100.0,49.23752
1184.0,3.0,20.0,2.0,100.0,15.383974
1185.0,5.0,20.0,2.0,100.0,31.085903
1186.0,10.0,20.0,2.0,100.0,3.2398663
1187.0,20.0,20.0,2.0,100.0,5.3039484
1188.0,40.0,20.0,2.0,100.0,4.8501353
1189.0,49.0,20.0,2.0,100.0,2.828427
1190.0,0.0,20.0,2.0,100.0,0.0
1191.0,0.5,20.0,2.0,100.0,42.14657
1192.0,1.0,20.0,2.0,100.0,39.95414
1193.0,2.0,20.0,2.0,100.0,0.0
1194.0,3.0,20.0,2.0,100.0,38.704006
1195.0,5.0,20.0,2.0,100.0,12.569805
1196.0,10.0,20.0,2.0,100.0,2.9945486
1197.0,20.0,20.0,2.0,100.0,5.2456155
1198.0,40.0,20.0,2.0,100.0,3.223426
1199.0,49.0,20.0,2.0,100.0,2.63902
1200.0,0.0,20.0,2.0,100.0,0.0
1201.0,0.5,20.0,2.0,100.0,6.0880294
1202.0,1.0,20.0,2.0,100.0,0.0
1203.0,2.0,20.0,2.0,100.0,54.280136
1204.0,3.0,20.0,2.0,100.0,36.66515
1205.0,5.0,20.0,2.0,100.0,14.651507
1206.0,10.0,20.0,2.0,100.0,7.8013535
1207.0,20.0,20.0,2.0,100.0,3.7451494
1208.0,40.0,20.0,2.0,100.0,4.047339
1209.0,49.0,20.0,2.0,100.0,3.3803697
1210.0,0.0,20.0,2.0,100.0,0.0
1211.0,0.5,20.0,2.0,100.0,46.003624
1212.0,1.0,20.0,2.0,100.0,31.53305
1213.0,2.0,20.0,2.0,100.0,26.11513
1214.0,3.0,20.0,2.0,100.0,17.537714
1215.0,5.0,20.0,2.0,100.0,4.8370895
1216.0,10.0,20.0,2.0,100.0,3.706116
1217.0,20.0,20.0,2.0,100.0,5.9135184
1218.0,40.0,20.0,2.0,100.0,2.5987735
1219.0,49.0,20.0,2.0,100.0,2.1425397
1220.0,0.0,20.0,2.0,100.0,0.0
1221.0,0.5,20.0,2.0,100.0,46.801
1222.0,1.0,20.0,2.0,100.0,35.303444
1223.0,2.0,20.0,2.0,100.0,28.746014
1224.0,3.0,20.0,2.0,100.0,3.2381003
1225.0,5.0,20.0,2.0,100.0,12.035827
1226.0,10.0,20.0,2.0,100.0,11.428522
1227.0,20.0,20.0,2.0,100.0,3.4847944
1228.0,40.0,20.0,2.0,100.0,3.4256814
1229.0,49.0,20.0,2.0,100.0,2.6633751
1230.0,0.0,20.0,2.0,100.0,48.273525
1231.0,0.5,20.0,2.0,100.0,0.0
1232.0,1.0,20.0,2.0,100.0,35.562153
1233.0,2.0,20.0,2.0,100.0,4.588567
1234.0,3.0,20.0,2.0,100.0,15.698549
1235.0,5.0,20.0,2.0,100.0,10.913804
1236.0,10.0,20.0,2.0,100.0,7.587102
1237.0,20.0,20.0,2.0,100.0,3.5016336
1238.0,40.0,20.0,2.0,100.0,3.356063
1239.0,49.0,20.0,2.0,100.0,2.5569537
1240.0,0.0,20.0,2.0,100.0,0.0
1241.0,0.5,20.0,2.0,100.0,7.462634
1242.0,1.0,20.0,2.0,100.0,0.0
1243.0,2.0,20.0,2.0,100.0,24.454039
1244.0,3.0,20.0,2.0,100.0,11.503623
1245.0,5.0,20.0,2.0,100.0,24.320772
1246.0,10.0,20.0,2.0,100.0,7.034978
1247.0,20.0,20.0,2.0,100.0,3.3116946
1248.0,40.0,20.0,2.0,100.0,2.8443763
1249.0,49.0,20.0,2.0,100.0,3.885044
1250.0,0.0,20.0,2.0,100.0,0.0
1251.0,0.5,20.0,2.0,100.0,42.253204
1252.0,1.0,20.0,2.0,100.0,34.12233
1253.0,2.0,20.0,2.0,100.0,20.412415
1254.0,3.0,20.0,2.0,100.0,17.867237
1255.0,5.0,20.0,2.0,100.0,8.315739
1256.0,10.0,20.0,2.0,100.0,7.430262
1257.0,20.0,20.0,2.0,100.0,3.2759776
1258.0,40.0,20.0,2.0,100.0,3.4847944
1259.0,49.0,20.0,2.0,100.0,4.5531054
1260.0,0.0,20.0,2.0,100.0,0.0
1261.0,0.5,20.0,2.0,100.0,6.79986
1262.0,1.0,20.0,2.0,100.0,34.42867
1263.0,2.0,20.0,2.0,100.0,12.785408
1264.0,3.0,20.0,2.0,100.0,12.987173
1265.0,5.0,20.0,2.0,100.0,8.595983
1266.0,10.0,20.0,2.0,100.0,6.4433284
1267.0,20.0,20.0,2.0,100.0,2.4000487
1268.0,40.0,20.0,2.0,100.0,2.467889
1269.0,49.0,20.0,2.0,100.0,3.5565605
1270.0,0.0,20.0,2.0,100.0,0.0
1271.0,0.5,20.0,2.0,100.0,0.0
1272.0,1.0,20.0,2.0,100.0,54.280136
1273.0,2.0,20.0,2.0,100.0,4.119141
1274.0,3.0,20.0,2.0,100.0,25.96793
1275.0,5.0,20.0,2.0,100.0,10.397649
1276.0,10.0,20.0,2.0,100.0,11.67437
1277.0,20.0,20.0,2.0,100.0,2.6633754
1278.0,40.0,20.0,2.0,100.0,3.4130814
1279.0,49.0,20.0,2.0,100.0,3.9978063
1280.0,0.0,20.0,2.0,100.0,0.0
1281.0,0.5,20.0,2.0,100.0,15.553288
1282.0,1.0,20.0,2.0,100.0,42.426407
1283.0,2.0,20.0,2.0,100.0,29.263174
1284.0,3.0,20.0,2.0,100.0,8.117322
1285.0,5.0,20.0,2.0,100.0,8.943043
1286.0,10.0,20.0,2.0,100.0,9.58442
1287.0,20.0,20.0,2.0,100.0,2.7047715
1288.0,40.0,20.0,2.0,100.0,4.1231055
1289.0,49.0,20.0,2.0,100.0,2.0713465
1290.0,0.0,20.0,2.0,100.0,0.0
1291.0,0.5,20.0,2.0,100.0,0.0
1292.0,1.0,20.0,2.0,100.0,38.68247
1293.0,2.0,20.0,2.0,100.0,41.01219
1294.0,3.0,20.0,2.0,100.0,9.008414
1295.0,5.0,20.0,2.0,100.0,13.201732
1296.0,10.0,20.0,2.0,100.0,6.137616
1297.0,20.0,20.0,2.0,100.0,5.550633
1298.0,40.0,20.0,2.0,100.0,3.6031175
1299.0,49.0,20.0,2.0,100.0,2.4974294
1300.0,0.0,20.0,2.0,100.0,0.0
1301.0,0.5,20.0,2.0,100.0,0.0
1302.0,1.0,20.0,2.0,100.0,30.92464
1303.0,2.0,20.0,2.0,100.0,8.931841
1304.0,3.0,20.0,2.0,100.0,24.152294
1305.0,5.0,20.0,2.0,100.0,36.115555
1306.0,10.0,20.0,2.0,100.0,5.4467115
1307.0,20.0,20.0,2.0,100.0,2.725234
1308.0,40.0,20.0,2.0,100.0,3.239866
1309.0,49.0,20.0,2.0,100.0,4.790864
1310.0,0.0,20.0,2.0,100.0,0.0
1311.0,0.5,20.0,2.0,100.0,0.0
1312.0,1.0,20.0,2.0,100.0,24.711672
1313.0,2.0,20.0,2.0,100.0,16.354408
1314.0,3.0,20.0,2.0,100.0,23.115652
1315.0,5.0,20.0,2.0,100.0,7.8416142
1316.0,10.0,20.0,2.0,100.0,4.494441
1317.0,20.0,20.0,2.0,100.0,2.790963
1318.0,40.0,20.0,2.0,100.0,2.4270303
1319.0,49.0,20.0,2.0,100.0,2.9029121
1320.0,0.0,20.0,2.0,100.0,0.0
1321.0,0.5,20.0,2.0,100.0,53.42596
1322.0,1.0,20.0,2.0,100.0,43.92418
1323.0,2.0,20.0,2.0,100.0,18.723553
1324.0,3.0,20.0,2.0,100.0,9.93921
1325.0,5.0,20.0,2.0,100.0,11.83216
1326.0,10.0,20.0,2.0,100.0,6.1392922
1327.0,20.0,20.0,2.0,100.0,4.654747
1328.0,40.0,20.0,2.0,100.0,4.2426405
1329.0,49.0,20.0,2.0,100.0,5.9241233
1330.0,0.0,20.0,2.0,100.0,0.0
1331.0,0.5,20.0,2.0,100.0,17.559422
1332.0,1.0,20.0,2.0,100.0,42.899105
1333.0,2.0,20.0,2.0,100.0,28.746014
1334.0,3.0,20.0,2.0,100.0,26.539278
1335.0,5.0,20.0,2.0,100.0,29.883106
1336.0,10.0,20.0,2.0,100.0,7.4740295
1337.0,20.0,20.0,2.0,100.0,3.716117
1338.0,40.0,20.0,2.0,100.0,2.515564
1339.0,49.0,20.0,2.0,100.0,3.8386579
1340.0,0.0,20.0,2.0,100.0,0.0
1341.0,0.5,20.0,2.0,100.0,0.0
1342.0,1.0,20.0,2.0,100.0,26.868286
1343.0,2.0,20.0,2.0,100.0,29.737741
1344.0,3.0,20.0,2.0,100.0,10.5017
1345.0,5.0,20.0,2.0,100.0,12.09798
1346.0,10.0,20.0,2.0,100.0,6.825937
1347.0,20.0,20.0,2.0,100.0,2.7812397
1348.0,40.0,20.0,2.0,100.0,4.7679486
1349.0,49.0,20.0,2.0,100.0,4.807317
1350.0,0.0,20.0,2.0,100.0,0.0
1351.0,0.5,20.0,2.0,100.0,28.219378
1352.0,1.0,20.0,2.0,100.0,34.42867
1353.0,2.0,20.0,2.0,100.0,3.0315797
1354.0,3.0,20.0,2.0,100.0,16.743158
1355.0,5.0,20.0,2.0,100.0,21.501938
1356.0,10.0,20.0,2.0,100.0,3.988546
1357.0,20.0,20.0,2.0,100.0,3.8901584
1358.0,40.0,20.0,2.0,100.0,3.9418285
1359.0,49.0,20.0,2.0,100.0,3.841905
1360.0,0.0,20.0,2.0,100.0,0.0
1361.0,0.5,20.0,2.0,100.0,28.112867
1362.0,1.0,20.0,2.0,100.0,46.801
1363.0,2.0,20.0,2.0,100.0,18.306908
1364.0,3.0,20.0,2.0,100.0,19.200695
1365.0,5.0,20.0,2.0,100.0,23.184046
1366.0,10.0,20.0,2.0,100.0,6.0192003
1367.0,20.0,20.0,2.0,100.0,4.494441
1368.0,40.0,20.0,2.0,100.0,2.5751853
1369.0,49.0,20.0,2.0,100.0,2.2484074
1370.0,0.0,20.0,2.0,100.0,0.0
1371.0,0.5,20.0,2.0,100.0,0.0
1372.0,1.0,20.0,2.0,100.0,30.435724
1373.0,2.0,20.0,2.0,100.0,35.161533
1374.0,3.0,20.0,2.0,100.0,19.857828
1375.0,5.0,20.0,2.0,100.0,10.46379
1376.0,10.0,20.0,2.0,100.0,7.26273
1377.0,20.0,20.0,2.0,100.0,3.689213
1378.0,40.0,20.0,2.0,100.0,3.5861254
1379.0,49.0,20.0,2.0,100.0,2.9138422
1380.0,0.0,20.0,2.0,100.0,36.905285
1381.0,0.5,20.0,2.0,100.0,12.717341
1382.0,1.0,20.0,2.0,100.0,49.497475
1383.0,2.0,20.0,2.0,100.0,13.338095
1384.0,3.0,20.0,2.0,100.0,13.804761
1385.0,5.0,20.0,2.0,100.0,12.884099
1386.0,10.0,20.0,2.0,100.0,4.449719
1387.0,20.0,20.0,2.0,100.0,2.0584347
1388.0,40.0,20.0,2.0,100.0,3.838232
1389.0,49.0,20.0,2.0,100.0,3.4182174
1390.0,0.0,20.0,2.0,100.0,0.0
1391.0,0.5,20.0,2.0,100.0,0.0
1392.0,1.0,20.0,2.0,100.0,33.426537
1393.0,2.0,20.0,2.0,100.0,16.296362
1394.0,3.0,20.0,2.0,100.0,17.84003
1395.0,5.0,20.0,2.0,100.0,10.309496
1396.0,10.0,20.0,2.0,100.0,8.045544
1397.0,20.0,20.0,2.0,100.0,4.196462
1398.0,40.0,20.0,2.0,100.0,1.7795131
1399.0,49.0,20.0,2.0,100.0,2.7731707
1400.0,0.0,20.0,2.0,100.0,0.0
1401.0,0.5,20.0,2.0,100.0,0.0
1402.0,1.0,20.0,2.0,100.0,10.329129
1403.0,2.0,20.0,2.0,100.0,15.222164
1404.0,3.0,20.0,2.0,100.0,12.64362
1405.0,5.0,20.0,2.0,100.0,10.677078
1406.0,10.0,20.0,2.0,100.0,13.071234
1407.0,20.0,20.0,2.0,100.0,3.9824984
1408.0,40.0,20.0,2.0,100.0,2.315231
1409.0,49.0,20.0,2.0,100.0,5.150127
1410.0,0.0,20.0,2.0,100.0,0.0
1411.0,0.5,20.0,2.0,100.0,45.214302
1412.0,1.0,20.0,2.0,100.0,36.555893
1413.0,2.0,20.0,2.0,100.0,0.0
1414.0,3.0,20.0,2.0,100.0,14.74546
1415.0,5.0,20.0,2.0,100.0,12.459458
1416.0,10.0,20.0,2.0,100.0,5.274863
1417.0,20.0,20.0,2.0,100.0,3.6579983
1418.0,40.0,20.0,2.0,100.0,3.8209946
1419.0,49.0,20.0,2.0,100.0,3.4775805
1420.0,0.0,20.0,2.0,100.0,0.0
1421.0,0.5,20.0,2.0,100.0,53.42596
1422.0,1.0,20.0,2.0,100.0,10.600988
1423.0,2.0,20.0,2.0,100.0,35.92121
1424.0,3.0,20.0,2.0,100.0,44.43347
1425.0,5.0,20.0,2.0,100.0,13.363062
1426.0,10.0,20.0,2.0,100.0,8.336121
1427.0,20.0,20.0,2.0,100.0,3.413081
1428.0,40.0,20.0,2.0,100.0,3.0883672
1429.0,49.0,20.0,2.0,100.0,7.1477904
1430.0,0.0,20.0,2.0,100.0,0.0
1431.0,0.5,20.0,2.0,100.0,0.0
1432.0,1.0,20.0,2.0,100.0,46.003624
1433.0,2.0,20.0,2.0,100.0,38.183765
1434.0,3.0,20.0,2.0,100.0,22.390474
1435.0,5.0,20.0,2.0,100.0,6.778818
1436.0,10.0,20.0,2.0,100.0,3.1101773
1437.0,20.0,20.0,2.0,100.0,5.1568794
1438.0,40.0,20.0,2.0,100.0,3.4775808
1439.0,49.0,20.0,2.0,100.0,3.445482
1440.0,0.0,20.0,2.0,100.0,29.032822
1441.0,0.5,20.0,2.0,100.0,35.35534
1442.0,1.0,20.0,2.0,100.0,29.905407
1443.0,2.0,20.0,2.0,100.0,13.0603
1444.0,3.0,20.0,2.0,100.0,8.137704
1445.0,5.0,20.0,2.0,100.0,4.7005577
1446.0,10.0,20.0,2.0,100.0,4.775932
1447.0,20.0,20.0,2.0,100.0,4.07431
1448.0,40.0,20.0,2.0,100.0,2.8089993
1449.0,49.0,20.0,2.0,100.0,2.6154501
1450.0,0.0,20.0,2.0,100.0,0.0
1451.0,0.5,20.0,2.0,100.0,39.95414
1452.0,1.0,20.0,2.0,100.0,12.585604
1453.0,2.0,20.0,2.0,100.0,37.872593
1454.0,3.0,20.0,2.0,100.0,30.88689
1455.0,5.0,20.0,2.0,100.0,14.197586
1456.0,10.0,20.0,2.0,100.0,8.635051
1457.0,20.0,20.0,2.0,100.0,2.3295708
1458.0,40.0,20.0,2.0,100.0,2.2393064
1459.0,49.0,20.0,2.0,100.0,2.8469744
1460.0,0.0,20.0,2.0,100.0,0.0
1461.0,0.5,20.0,2.0,100.0,46.801
1462.0,1.0,20.0,2.0,100.0,0.0
1463.0,2.0,20.0,2.0,100.0,12.956337
1464.0,3.0,20.0,2.0,100.0,13.735599
1465.0,5.0,20.0,2.0,100.0,1.1547005
1466.0,10.0,20.0,2.0,100.0,6.6603537
1467.0,20.0,20.0,2.0,100.0,4.8493795
1468.0,40.0,20.0,2.0,100.0,3.2187412
1469.0,49.0,20.0,2.0,100.0,3.1944764
1470.0,0.0,20.0,2.0,100.0,0.0
1471.0,0.5,20.0,2.0,100.0,0.0
1472.0,1.0,20.0,2.0,100.0,51.733288
1473.0,2.0,20.0,2.0,100.0,33.941124
1474.0,3.0,20.0,2.0,100.0,5.3902645
1475.0,5.0,20.0,2.0,100.0,6.0746274
1476.0,10.0,20.0,2.0,100.0,2.1657507
1477.0,20.0,20.0,2.0,100.0,4.044786
1478.0,40.0,20.0,2.0,100.0,2.6633751
1479.0,49.0,20.0,2.0,100.0,4.181542
1480.0,0.0,20.0,2.0,100.0,0.0
1481.0,0.5,20.0,2.0,100.0,29.905407
1482.0,1.0,20.0,2.0,100.0,30.270998
1483.0,2.0,20.0,2.0,100.0,0.0
1484.0,3.0,20.0,2.0,100.0,36.555893
1485.0,5.0,20.0,2.0,100.0,9.523177
1486.0,10.0,20.0,2.0,100.0,9.285592
1487.0,20.0,20.0,2.0,100.0,2.6249716
1488.0,40.0,20.0,2.0,100.0,3.75414
1489.0,49.0,20.0,2.0,100.0,2.5080822
1490.0,0.0,20.0,2.0,100.0,0.0
1491.0,0.5,20.0,2.0,100.0,0.0
1492.0,1.0,20.0,2.0,100.0,0.0
1493.0,2.0,20.0,2.0,100.0,32.316147
1494.0,3.0,20.0,2.0,100.0,12.267473
1495.0,5.0,20.0,2.0,100.0,19.065676
1496.0,10.0,20.0,2.0,100.0,6.287554
1497.0,20.0,20.0,2.0,100.0,3.0643885
1498.0,40.0,20.0,2.0,100.0,2.755082
1499.0,49.0,20.0,2.0,100.0,3.5093858
1500.0,0.0,20.0,2.0,100.0,0.0
1501.0,0.5,20.0,2.0,100.0,0.0
1502.0,1.0,20.0,2.0,100.0,24.317347
1503.0,2.0,20.0,2.0,100.0,0.0
1504.0,3.0,20.0,2.0,100.0,5.6139545
1505.0,5.0,20.0,2.0,100.0,12.212406
1506.0,10.0,20.0,2.0,100.0,3.7802746
1507.0,20.0,20.0,2.0,100.0,2.9409392
1508.0,40.0,20.0,2.0,100.0,2.9920533
1509.0,49.0,20.0,2.0,100.0,3.2764757
1510.0,0.0,20.0,2.0,100.0,0.0
1511.0,0.5,20.0,2.0,100.0,0.0
1512.0,1.0,20.0,2.0,100.0,26.495283
1513.0,2.0,20.0,2.0,100.0,27.964262
1514.0,3.0,20.0,2.0,100.0,9.385676
1515.0,5.0,20.0,2.0,100.0,5.3229065
1516.0,10.0,20.0,2.0,100.0,3.8384025
1517.0,20.0,20.0,2.0,100.0,3.6384194
1518.0,40.0,20.0,2.0,100.0,3.2764757
1519.0,49.0,20.0,2.0,100.0,2.8089993
1520.0,0.0,20.0,2.0,100.0,0.0
1521.0,0.5,20.0,2.0,100.0,43.661575
1522.0,1.0,20.0,2.0,100.0,17.635193
1523.0,2.0,20.0,2.0,100.0,28.536526
1524.0,3.0,20.0,2.0,100.0,16.539995
1525.0,5.0,20.0,2.0,100.0,3.4130814
1526.0,10.0,20.0,2.0,100.0,5.7677264
1527.0,20.0,20.0,2.0,100.0,3.9400268
1528.0,40.0,20.0,2.0,100.0,2.32174
1529.0,49.0,20.0,2.0,100.0,3.315189
1530.0,0.0,20.0,2.0,100.0,0.0
1531.0,0.5,20.0,2.0,100.0,37.434387
1532.0,1.0,20.0,2.0,100.0,2.8643808
1533.0,2.0,20.0,2.0,100.0,13.638182
1534.0,3.0,20.0,2.0,100.0,16.342175
1535.0,5.0,20.0,2.0,100.0,15.080735
1536.0,10.0,20.0,2.0,100.0,4.9482617
1537.0,20.0,20.0,2.0,100.0,6.514566
1538.0,40.0,20.0,2.0,100.0,3.0529103
1539.0,49.0,20.0,2.0,100.0,3.1773005
1540.0,0.0,20.0,2.0,100.0,0.0
1541.0,0.5,20.0,2.0,100.0,0.0
1542.0,1.0,20.0,2.0,100.0,45.254833
1543.0,2.0,20.0,2.0,100.0,20.54032
1544.0,3.0,20.0,2.0,100.0,7.4715576
1545.0,5.0,20.0,2.0,100.0,37.97806
1546.0,10.0,20.0,2.0,100.0,7.696153
1547.0,20.0,20.0,2.0,100.0,2.6429708
1548.0,40.0,20.0,2.0,100.0,3.0806618
1549.0,49.0,20.0,2.0,100.0,2.2782617
1550.0,0.0,20.0,2.0,100.0,0.0
1551.0,0.5,20.0,2.0,100.0,0.0
1552.0,1.0,20.0,2.0,100.0,30.989246
1553.0,2.0,20.0,2.0,100.0,39.310726
1554.0,3.0,20.0,2.0,100.0,23.43217
1555.0,5.0,20.0,2.0,100.0,5.094348
1556.0,10.0,20.0,2.0,100.0,3.805955
1557.0,20.0,20.0,2.0,100.0,6.2867966
1558.0,40.0,20.0,2.0,100.0,2.9970748
1559.0,49.0,20.0,2.0,100.0,2.8221314
1560.0,0.0,20.0,2.0,100.0,0.0
1561.0,0.5,20.0,2.0,100.0,37.872593
1562.0,1.0,20.0,2.0,100.0,42.14657
1563.0,2.0,20.0,2.0,100.0,32.496155
1564.0,3.0,20.0,2.0,100.0,18.814888
1565.0,5.0,20.0,2.0,100.0,20.762146
1566.0,10.0,20.0,2.0,100.0,8.688551
1567.0,20.0,20.0,2.0,100.0,4.2261443
1568.0,40.0,20.0,2.0,100.0,5.1703024
1569.0,49.0,20.0,2.0,100.0,3.1129532
1570.0,0.0,20.0,2.0,100.0,0.0
1571.0,0.5,20.0,2.0,100.0,42.14657
1572.0,1.0,20.0,2.0,100.0,14.502873
1573.0,2.0,20.0,2.0,100.0,47.60602
1574.0,3.0,20.0,2.0,100.0,30.270998
1575.0,5.0,20.0,2.0,100.0,14.2327585
1576.0,10.0,20.0,2.0,100.0,4.155318
1577.0,20.0,20.0,2.0,100.0,9.439868
1578.0,40.0,20.0,2.0,100.0,4.7021585
1579.0,49.0,20.0,2.0,100.0,3.185317
1580.0,0.0,20.0,2.0,100.0,11.815714
1581.0,0.5,20.0,2.0,100.0,36.85557
1582.0,1.0,20.0,2.0,100.0,26.85765
1583.0,2.0,20.0,2.0,100.0,7.5901985
1584.0,3.0,20.0,2.0,100.0,28.988503
1585.0,5.0,20.0,2.0,100.0,4.0118866
1586.0,10.0,20.0,2.0,100.0,5.4160256
1587.0,20.0,20.0,2.0,100.0,3.0721178
1588.0,40.0,20.0,2.0,100.0,3.1944764
1589.0,49.0,20.0,2.0,100.0,3.772969
1590.0,0.0,20.0,2.0,100.0,0.0
1591.0,0.5,20.0,2.0,100.0,39.95414
1592.0,1.0,20.0,2.0,100.0,10.044771
1593.0,2.0,20.0,2.0,100.0,28.0238
1594.0,3.0,20.0,2.0,100.0,3.062834
1595.0,5.0,20.0,2.0,100.0,7.8492746
1596.0,10.0,20.0,2.0,100.0,3.991658
1597.0,20.0,20.0,2.0,100.0,3.6579986
1598.0,40.0,20.0,2.0,100.0,3.6992176
1599.0,49.0,20.0,2.0,100.0,1.5559732
1600.0,0.0,20.0,2.0,100.0,0.0
1601.0,0.5,20.0,2.0,100.0,11.06044
1602.0,1.0,20.0,2.0,100.0,6.1020746
1603.0,2.0,20.0,2.0,100.0,36.17089
1604.0,3.0,20.0,2.0,100.0,25.735838
1605.0,5.0,20.0,2.0,100.0,24.287172
1606.0,10.0,20.0,2.0,100.0,19.531172
1607.0,20.0,20.0,2.0,100.0,2.4920928
1608.0,40.0,20.0,2.0,100.0,2.7144835
1609.0,49.0,20.0,2.0,100.0,2.9970746
1610.0,0.0,20.0,2.0,100.0,0.0
1611.0,0.5,20.0,2.0,100.0,0.0
1612.0,1.0,20.0,2.0,100.0,28.112867
1613.0,2.0,20.0,2.0,100.0,18.77942
1614.0,3.0,20.0,2.0,100.0,5.1932354
1615.0,5.0,20.0,2.0,100.0,4.3279057
1616.0,10.0,20.0,2.0,100.0,4.36981
1617.0,20.0,20.0,2.0,100.0,5.662517
1618.0,40.0,20.0,2.0,100.0,3.2234263
1619.0,49.0,20.0,2.0,100.0,3.1944764
1620.0,0.0,20.0,2.0,100.0,0.0
1621.0,0.5,20.0,2.0,100.0,8.156213
1622.0,1.0,20.0,2.0,100.0,9.61722
1623.0,2.0,20.0,2.0,100.0,22.14347
1624.0,3.0,20.0,2.0,100.0,4.7801332
1625.0,5.0,20.0,2.0,100.0,14.326134
1626.0,10.0,20.0,2.0,100.0,3.3819976
1627.0,20.0,20.0,2.0,100.0,5.023753
1628.0,40.0,20.0,2.0,100.0,3.5510976
1629.0,49.0,20.0,2.0,100.0,2.445906
1630.0,0.0,20.0,2.0,100.0,0.0
1631.0,0.5,20.0,2.0,100.0,46.003624
1632.0,1.0,20.0,2.0,100.0,44.43347
1633.0,2.0,20.0,2.0,100.0,30.664854
1634.0,3.0,20.0,2.0,100.0,16.883919
1635.0,5.0,20.0,2.0,100.0,18.415833
1636.0,10.0,20.0,2.0,100.0,7.1520286
1637.0,20.0,20.0,2.0,100.0,3.1599517
1638.0,40.0,20.0,2.0,100.0,2.5785892
1639.0,49.0,20.0,2.0,100.0,3.313979
1640.0,0.0,20.0,2.0,100.0,5.563487
1641.0,0.5,20.0,2.0,100.0,43.661575
1642.0,1.0,20.0,2.0,100.0,35.92121
1643.0,2.0,20.0,2.0,100.0,14.693698
1644.0,3.0,20.0,2.0,100.0,8.060379
1645.0,5.0,20.0,2.0,100.0,25.612497
1646.0,10.0,20.0,2.0,100.0,5.572696
1647.0,20.0,20.0,2.0,100.0,3.8852592
1648.0,40.0,20.0,2.0,100.0,3.3519092
1649.0,49.0,20.0,2.0,100.0,4.635782
1650.0,0.0,20.0,2.0,100.0,0.0
1651.0,0.5,20.0,2.0,100.0,0.0
1652.0,1.0,20.0,2.0,100.0,11.250397
1653.0,2.0,20.0,2.0,100.0,36.555893
1654.0,3.0,20.0,2.0,100.0,20.655912
1655.0,5.0,20.0,2.0,100.0,15.313393
1656.0,10.0,20.0,2.0,100.0,5.0817494
1657.0,20.0,20.0,2.0,100.0,3.822876
1658.0,40.0,20.0,2.0,100.0,4.0083246
1659.0,49.0,20.0,2.0,100.0,1.8484228
1660.0,0.0,20.0,2.0,100.0,0.0
1661.0,0.5,20.0,2.0,100.0,0.0
1662.0,1.0,20.0,2.0,100.0,35.921207
1663.0,2.0,20.0,2.0,100.0,9.778093
1664.0,3.0,20.0,2.0,100.0,28.530685
1665.0,5.0,20.0,2.0,100.0,24.04163
1666.0,10.0,20.0,2.0,100.0,4.169047
1667.0,20.0,20.0,2.0,100.0,5.205309
1668.0,40.0,20.0,2.0,100.0,2.8449194
1669.0,49.0,20.0,2.0,100.0,2.0
1670.0,0.0,20.0,2.0,100.0,0.0
1671.0,0.5,20.0,2.0,100.0,41.30779
1672.0,1.0,20.0,2.0,100.0,0.0
1673.0,2.0,20.0,2.0,100.0,10.6813345
1674.0,3.0,20.0,2.0,100.0,13.261473
1675.0,5.0,20.0,2.0,100.0,5.318432
1676.0,10.0,20.0,2.0,100.0,11.799919
1677.0,20.0,20.0,2.0,100.0,5.4467115
1678.0,40.0,20.0,2.0,100.0,2.9912152
1679.0,49.0,20.0,2.0,100.0,3.491486
1680.0,0.0,20.0,2.0,100.0,0.0
1681.0,0.5,20.0,2.0,100.0,0.0
1682.0,1.0,20.0,2.0,100.0,38.552994
1683.0,2.0,20.0,2.0,100.0,14.899665
1684.0,3.0,20.0,2.0,100.0,0.0
1685.0,5.0,20.0,2.0,100.0,2.98169
1686.0,10.0,20.0,2.0,100.0,2.4635878
1687.0,20.0,20.0,2.0,100.0,3.1944764
1688.0,40.0,20.0,2.0,100.0,2.7144835
1689.0,49.0,20.0,2.0,100.0,3.0806618
1690.0,0.0,20.0,2.0,100.0,0.0
1691.0,0.5,20.0,2.0,100.0,24.684677
1692.0,1.0,20.0,2.0,100.0,40.673496
1693.0,2.0,20.0,2.0,100.0,10.451353
1694.0,3.0,20.0,2.0,100.0,23.440704
1695.0,5.0,20.0,2.0,100.0,10.419762
1696.0,10.0,20.0,2.0,100.0,6.618157
1697.0,20.0,20.0,2.0,100.0,2.6192164
1698.0,40.0,20.0,2.0,100.0,3.9981616
1699.0,49.0,20.0,2.0,100.0,3.2290711
1700.0,0.0,20.0,2.0,100.0,0.0
1701.0,0.5,20.0,2.0,100.0,33.56089
1702.0,1.0,20.0,2.0,100.0,52.3259
1703.0,2.0,20.0,2.0,100.0,32.807518
1704.0,3.0,20.0,2.0,100.0,6.286214
1705.0,5.0,20.0,2.0,100.0,4.5549154
1706.0,10.0,20.0,2.0,100.0,4.8810015
1707.0,20.0,20.0,2.0,100.0,2.9199855
1708.0,40.0,20.0,2.0,100.0,2.4047053
1709.0,49.0,20.0,2.0,100.0,2.1425397
1710.0,0.0,20.0,2.0,100.0,0.0
1711.0,0.5,20.0,2.0,100.0,9.12871
1712.0,1.0,20.0,2.0,100.0,3.9589398
1713.0,2.0,20.0,2.0,100.0,6.3233933
1714.0,3.0,20.0,2.0,100.0,0.0
1715.0,5.0,20.0,2.0,100.0,9.225568
1716.0,10.0,20.0,2.0,100.0,5.5938277
1717.0,20.0,20.0,2.0,100.0,2.446486
1718.0,40.0,20.0,2.0,100.0,3.7061157
1719.0,49.0,20.0,2.0,100.0,3.0968492
1720.0,0.0,20.0,2.0,100.0,0.0
1721.0,0.5,20.0,2.0,100.0,0.0
1722.0,1.0,20.0,2.0,100.0,0.0
1723.0,2.0,20.0,2.0,100.0,32.62923
1724.0,3.0,20.0,2.0,100.0,27.46513
1725.0,5.0,20.0,2.0,100.0,15.524175
1726.0,10.0,20.0,2.0,100.0,8.104993
1727.0,20.0,20.0,2.0,100.0,2.2114422
1728.0,40.0,20.0,2.0,100.0,3.0480282
1729.0,49.0,20.0,2.0,100.0,3.9824984
1730.0,0.0,20.0,2.0,100.0,0.0
1731.0,0.5,20.0,2.0,100.0,0.0
1732.0,1.0,20.0,2.0,100.0,0.0
1733.0,2.0,20.0,2.0,100.0,3.1770377
1734.0,3.0,20.0,2.0,100.0,13.038404
1735.0,5.0,20.0,2.0,100.0,12.789505
1736.0,10.0,20.0,2.0,100.0,7.00649
1737.0,20.0,20.0,2.0,100.0,3.0949874
1738.0,40.0,20.0,2.0,100.0,3.7802746
1739.0,49.0,20.0,2.0,100.0,2.6217394
1740.0,0.0,20.0,2.0,100.0,0.0
1741.0,0.5,20.0,2.0,100.0,14.760306
1742.0,1.0,20.0,2.0,100.0,20.325134
1743.0,2.0,20.0,2.0,100.0,29.09181
1744.0,3.0,20.0,2.0,100.0,20.665592
1745.0,5.0,20.0,2.0,100.0,6.971804
1746.0,10.0,20.0,2.0,100.0,3.6774733
1747.0,20.0,20.0,2.0,100.0,3.2573447
1748.0,40.0,20.0,2.0,100.0,4.060209
1749.0,49.0,20.0,2.0,100.0,2.7359266
1750.0,0.0,20.0,2.0,100.0,0.0
1751.0,0.5,20.0,2.0,100.0,13.239747
1752.0,1.0,20.0,2.0,100.0,0.0
1753.0,2.0,20.0,2.0,100.0,31.112698
1754.0,3.0,20.0,2.0,100.0,7.3549466
1755.0,5.0,20.0,2.0,100.0,4.368634
1756.0,10.0,20.0,2.0,100.0,7.341043
1757.0,20.0,20.0,2.0,100.0,5.8685236
1758.0,40.0,20.0,2.0,100.0,2.642434
1759.0,49.0,20.0,2.0,100.0,3.8074574
1760.0,0.0,20.0,2.0,100.0,0.0
1761.0,0.5,20.0,2.0,100.0,0.0
1762.0,1.0,20.0,2.0,100.0,0.0
1763.0,2.0,20.0,2.0,100.0,16.16993
1764.0,3.0,20.0,2.0,100.0,20.564648
1765.0,5.0,20.0,2.0,100.0,7.3682365
1766.0,10.0,20.0,2.0,100.0,4.36981
1767.0,20.0,20.0,2.0,100.0,4.7679486
1768.0,40.0,20.0,2.0,100.0,4.7908645
1769.0,49.0,20.0,2.0,100.0,3.1732104
1770.0,0.0,20.0,2.0,100.0,8.721474
1771.0,0.5,20.0,2.0,100.0,0.0
1772.0,1.0,20.0,2.0,100.0,0.0
1773.0,2.0,20.0,2.0,100.0,13.0792465
1774.0,3.0,20.0,2.0,100.0,2.828427
1775.0,5.0,20.0,2.0,100.0,5.347897
1776.0,10.0,20.0,2.0,100.0,3.3116944
1777.0,20.0,20.0,2.0,100.0,4.966555
1778.0,40.0,20.0,2.0,100.0,3.756367
1779.0,49.0,20.0,2.0,100.0,2.8793187
1780.0,0.0,20.0,2.0,100.0,0.0
1781.0,0.5,20.0,2.0,100.0,32.4037
1782.0,1.0,20.0,2.0,100.0,37.819748
1783.0,2.0,20.0,2.0,100.0,16.00284
1784.0,3.0,20.0,2.0,100.0,46.801
1785.0,5.0,20.0,2.0,100.0,8.358295
1786.0,10.0,20.0,2.0,100.0,8.340949
1787.0,20.0,20.0,2.0,100.0,4.732593
1788.0,40.0,20.0,2.0,100.0,2.9481688
1789.0,49.0,20.0,2.0,100.0,2.5335689
1790.0,0.0,20.0,2.0,100.0,0.0
1791.0,0.5,20.0,2.0,100.0,0.0
1792.0,1.0,20.0,2.0,100.0,46.801
1793.0,2.0,20.0,2.0,100.0,43.661575
1794.0,3.0,20.0,2.0,100.0,15.731072
1795.0,5.0,20.0,2.0,100.0,14.882876
1796.0,10.0,20.0,2.0,100.0,6.1249614
1797.0,20.0,20.0,2.0,100.0,2.0953465
1798.0,40.0,20.0,2.0,100.0,3.4337804
1799.0,49.0,20.0,2.0,100.0,2.755082
1800.0,0.0,20.0,2.0,100.0,0.0
1801.0,0.5,20.0,2.0,100.0,0.0
1802.0,1.0,20.0,2.0,100.0,52.576927
1803.0,2.0,20.0,2.0,100.0,28.041634
1804.0,3.0,20.0,2.0,100.0,19.279287
1805.0,5.0,20.0,2.0,100.0,11.994443
1806.0,10.0,20.0,2.0,100.0,3.8074574
1807.0,20.0,20.0,2.0,100.0,4.84938
1808.0,40.0,20.0,2.0,100.0,5.327378
1809.0,49.0,20.0,2.0,100.0,3.8710842
1810.0,0.0,20.0,2.0,100.0,12.020437
1811.0,0.5,20.0,2.0,100.0,0.0
1812.0,1.0,20.0,2.0,100.0,33.020195
1813.0,2.0,20.0,2.0,100.0,5.0725503
1814.0,3.0,20.0,2.0,100.0,20.550749
1815.0,5.0,20.0,2.0,100.0,28.855965
1816.0,10.0,20.0,2.0,100.0,11.067561
1817.0,20.0,20.0,2.0,100.0,3.1201434
1818.0,40.0,20.0,2.0,100.0,2.955815
1819.0,49.0,20.0,2.0,100.0,3.1241374
1820.0,0.0,20.0,2.0,100.0,0.0
1821.0,0.5,20.0,2.0,100.0,34.703506
1822.0,1.0,20.0,2.0,100.0,42.14657
1823.0,2.0,20.0,2.0,100.0,21.36196
1824.0,3.0,20.0,2.0,100.0,50.91169
1825.0,5.0,20.0,2.0,100.0,5.4611516
1826.0,10.0,20.0,2.0,100.0,6.342773
1827.0,20.0,20.0,2.0,100.0,1.813967
1828.0,40.0,20.0,2.0,100.0,4.1476035
1829.0,49.0,20.0,2.0,100.0,3.491486
1830.0,0.0,20.0,2.0,100.0,0.0
1831.0,0.5,20.0,2.0,100.0,50.003334
1832.0,1.0,20.0,2.0,100.0,42.426407
1833.0,2.0,20.0,2.0,100.0,12.5940895
1834.0,3.0,20.0,2.0,100.0,22.315914
1835.0,5.0,20.0,2.0,100.0,21.92411
1836.0,10.0,20.0,2.0,100.0,7.9009013
1837.0,20.0,20.0,2.0,100.0,2.725234
1838.0,40.0,20.0,2.0,100.0,4.553602
1839.0,49.0,20.0,2.0,100.0,2.6561882
1840.0,0.0,20.0,2.0,100.0,0.0
1841.0,0.5,20.0,2.0,100.0,34.703506
1842.0,1.0,20.0,2.0,100.0,42.899105
1843.0,2.0,20.0,2.0,100.0,29.608557
1844.0,3.0,20.0,2.0,100.0,20.7814
1845.0,5.0,20.0,2.0,100.0,5.170181
1846.0,10.0,20.0,2.0,100.0,4.5092497
1847.0,20.0,20.0,2.0,100.0,3.4619784
1848.0,40.0,20.0,2.0,100.0,3.0876098
1849.0,49.0,20.0,2.0,100.0,5.0234747
1850.0,0.0,20.0,2.0,100.0,0.0
1851.0,0.5,20.0,2.0,100.0,0.0
1852.0,1.0,20.0,2.0,100.0,0.0
1853.0,2.0,20.0,2.0,100.0,20.410082
1854.0,3.0,20.0,2.0,100.0,48.418316
1855.0,5.0,20.0,2.0,100.0,11.174127
1856.0,10.0,20.0,2.0,100.0,10.569498
1857.0,20.0,20.0,2.0,100.0,4.608481
1858.0,40.0,20.0,2.0,100.0,3.5388994
1859.0,49.0,20.0,2.0,100.0,3.3717089
1860.0,0.0,20.0,2.0,100.0,0.0
1861.0,0.5,20.0,2.0,100.0,0.0
1862.0,1.0,20.0,2.0,100.0,5.656854
1863.0,2.0,20.0,2.0,100.0,42.899105
1864.0,3.0,20.0,2.0,100.0,14.031782
1865.0,5.0,20.0,2.0,100.0,20.0
1866.0,10.0,20.0,2.0,100.0,7.202693
1867.0,20.0,20.0,2.0,100.0,3.4572213
1868.0,40.0,20.0,2.0,100.0,2.7657049
1869.0,49.0,20.0,2.0,100.0,2.4422174
1870.0,0.0,20.0,2.0,100.0,0.0
1871.0,0.5,20.0,2.0,100.0,0.0
1872.0,1.0,20.0,2.0,100.0,44.43347
1873.0,2.0,20.0,2.0,100.0,15.475787
1874.0,3.0,20.0,2.0,100.0,13.511899
1875.0,5.0,20.0,2.0,100.0,11.451762
1876.0,10.0,20.0,2.0,100.0,6.0605917
1877.0,20.0,20.0,2.0,100.0,6.0434937
1878.0,40.0,20.0,2.0,100.0,4.553387
1879.0,49.0,20.0,2.0,100.0,2.3055997
1880.0,0.0,20.0,2.0,100.0,0.0
1881.0,0.5,20.0,2.0,100.0,0.0
1882.0,1.0,20.0,2.0,100.0,26.102364
1883.0,2.0,20.0,2.0,100.0,12.658519
1884.0,3.0,20.0,2.0,100.0,21.594753
1885.0,5.0,20.0,2.0,100.0,11.227673
1886.0,10.0,20.0,2.0,100.0,4.336995
1887.0,20.0,20.0,2.0,100.0,3.2759771
1888.0,40.0,20.0,2.0,100.0,2.5131235
1889.0,49.0,20.0,2.0,100.0,2.7586763
1890.0,0.0,20.0,2.0,100.0,0.0
1891.0,0.5,20.0,2.0,100.0,26.102364
1892.0,1.0,20.0,2.0,100.0,16.062378
1893.0,2.0,20.0,2.0,100.0,43.661575
1894.0,3.0,20.0,2.0,100.0,22.402382
1895.0,5.0,20.0,2.0,100.0,18.117344
1896.0,10.0,20.0,2.0,100.0,6.688107
1897.0,20.0,20.0,2.0,100.0,2.423086
1898.0,40.0,20.0,2.0,100.0,3.4935195
1899.0,49.0,20.0,2.0,100.0,1.721751
1900.0,0.0,20.0,2.0,100.0,0.0
1901.0,0.5,20.0,2.0,100.0,0.0
1902.0,1.0,20.0,2.0,100.0,49.237522
1903.0,2.0,20.0,2.0,100.0,19.849434
1904.0,3.0,20.0,2.0,100.0,11.846237
1905.0,5.0,20.0,2.0,100.0,12.897029
1906.0,10.0,20.0,2.0,100.0,6.4854145
1907.0,20.0,20.0,2.0,100.0,2.9550004
1908.0,40.0,20.0,2.0,100.0,5.550633
1909.0,49.0,20.0,2.0,100.0,2.7911422
1910.0,0.0,20.0,2.0,100.0,0.0
1911.0,0.5,20.0,2.0,100.0,0.0
1912.0,1.0,20.0,2.0,100.0,46.801
1913.0,2.0,20.0,2.0,100.0,20.44272
1914.0,3.0,20.0,2.0,100.0,5.8022985
1915.0,5.0,20.0,2.0,100.0,7.643575
1916.0,10.0,20.0,2.0,100.0,5.4187303
1917.0,20.0,20.0,2.0,100.0,2.423534
1918.0,40.0,20.0,2.0,100.0,3.4191337
1919.0,49.0,20.0,2.0,100.0,3.6031177
1920.0,0.0,20.0,2.0,100.0,0.0
1921.0,0.5,20.0,2.0,100.0,38.21431
1922.0,1.0,20.0,2.0,100.0,19.21111
1923.0,2.0,20.0,2.0,100.0,11.055416
1924.0,3.0,20.0,2.0,100.0,14.8227625
1925.0,5.0,20.0,2.0,100.0,12.247449
1926.0,10.0,20.0,2.0,100.0,3.0949874
1927.0,20.0,20.0,2.0,100.0,2.6157417
1928.0,40.0,20.0,2.0,100.0,3.7689095
1929.0,49.0,20.0,2.0,100.0,3.6774733
1930.0,0.0,20.0,2.0,100.0,0.0
1931.0,0.5,20.0,2.0,100.0,51.733288
1932.0,1.0,20.0,2.0,100.0,25.540817
1933.0,2.0,20.0,2.0,100.0,45.214302
1934.0,3.0,20.0,2.0,100.0,16.441816
1935.0,5.0,20.0,2.0,100.0,16.42762
1936.0,10.0,20.0,2.0,100.0,7.508725
1937.0,20.0,20.0,2.0,100.0,3.9072583
1938.0,40.0,20.0,2.0,100.0,3.0703256
1939.0,49.0,20.0,2.0,100.0,2.825324
1940.0,0.0,20.0,2.0,100.0,0.0
1941.0,0.5,20.0,2.0,100.0,0.0
1942.0,1.0,20.0,2.0,100.0,48.08326
1943.0,2.0,20.0,2.0,100.0,34.122326
1944.0,3.0,20.0,2.0,100.0,32.929214
1945.0,5.0,20.0,2.0,100.0,4.6616273
1946.0,10.0,20.0,2.0,100.0,5.6820517
1947.0,20.0,20.0,2.0,100.0,4.661627
1948.0,40.0,20.0,2.0,100.0,2.8573594
1949.0,49.0,20.0,2.0,100.0,2.5351334
1950.0,0.0,20.0,2.0,100.0,0.0
1951.0,0.5,20.0,2.0,100.0,0.0
1952.0,1.0,20.0,2.0,100.0,36.555893
1953.0,2.0,20.0,2.0,100.0,34.122326
1954.0,3.0,20.0,2.0,100.0,13.693064
1955.0,5.0,20.0,2.0,100.0,11.129291
1956.0,10.0,20.0,2.0,100.0,3.6774733
1957.0,20.0,20.0,2.0,100.0,4.365197
1958.0,40.0,20.0,2.0,100.0,3.7982762
1959.0,49.0,20.0,2.0,100.0,3.3960762
1960.0,0.0,20.0,2.0,100.0,0.0
1961.0,0.5,20.0,2.0,100.0,8.88649
1962.0,1.0,20.0,2.0,100.0,0.0
1963.0,2.0,20.0,2.0,100.0,29.810513
1964.0,3.0,20.0,2.0,100.0,12.055428
1965.0,5.0,20.0,2.0,100.0,16.439789
1966.0,10.0,20.0,2.0,100.0,5.3184314
1967.0,20.0,20.0,2.0,100.0,3.7505555
1968.0,40.0,20.0,2.0,100.0,2.4422176
1969.0,49.0,20.0,2.0,100.0,3.5483065
1970.0,0.0,20.0,2.0,100.0,0.0
1971.0,0.5,20.0,2.0,100.0,44.43347
1972.0,1.0,20.0,2.0,100.0,46.801
1973.0,2.0,20.0,2.0,100.0,39.004272
1974.0,3.0,20.0,2.0,100.0,13.583077
1975.0,5.0,20.0,2.0,100.0,8.164966
1976.0,10.0,20.0,2.0,100.0,5.150128
1977.0,20.0,20.0,2.0,100.0,5.5223846
1978.0,40.0,20.0,2.0,100.0,2.404901
1979.0,49.0,20.0,2.0,100.0,2.9597695
1980.0,0.0,20.0,2.0,100.0,0.0
1981.0,0.5,20.0,2.0,100.0,44.43347
1982.0,1.0,20.0,2.0,100.0,36.555893
1983.0,2.0,20.0,2.0,100.0,19.00877
1984.0,3.0,20.0,2.0,100.0,25.935818
1985.0,5.0,20.0,2.0,100.0,23.31462
1986.0,10.0,20.0,2.0,100.0,6.485415
1987.0,20.0,20.0,2.0,100.0,3.4737108
1988.0,40.0,20.0,2.0,100.0,2.6043441
1989.0,49.0,20.0,2.0,100.0,2.755082
1990.0,0.0,20.0,2.0,100.0,0.0
1991.0,0.5,20.0,2.0,100.0,5.656854
1992.0,1.0,20.0,2.0,100.0,0.0
1993.0,2.0,20.0,2.0,100.0,11.379407
1994.0,3.0,20.0,2.0,100.0,28.307833
1995.0,5.0,20.0,2.0,100.0,18.009256
1996.0,10.0,20.0,2.0,100.0,4.343578
1997.0,20.0,20.0,2.0,100.0,3.172801
1998.0,40.0,20.0,2.0,100.0,2.0713465
1999.0,49.0,20.0,2.0,100.0,2.527939
2000.0,0.0,20.0,2.0,100.0,0.0
2001.0,0.5,20.0,2.0,100.0,0.0
2002.0,1.0,20.0,2.0,100.0,17.638342
2003.0,2.0,20.0,2.0,100.0,5.662517
2004.0,3.0,20.0,2.0,100.0,37.872593
2005.0,5.0,20.0,2.0,100.0,4.2661457
2006.0,10.0,20.0,2.0,100.0,3.72941
2007.0,20.0,20.0,2.0,100.0,2.66176
2008.0,40.0,20.0,2.0,100.0,2.7252343
2009.0,49.0,20.0,2.0,100.0,3.3341992
2010.0,0.0,20.0,2.0,100.0,0.0
2011.0,0.5,20.0,2.0,100.0,0.0
2012.0,1.0,20.0,2.0,100.0,38.747044
2013.0,2.0,20.0,2.0,100.0,39.57693
2014.0,3.0,20.0,2.0,100.0,17.073372
2015.0,5.0,20.0,2.0,100.0,4.231843
2016.0,10.0,20.0,2.0,100.0,12.484435
2017.0,20.0,20.0,2.0,100.0,4.5680046
2018.0,40.0,20.0,2.0,100.0,1.8413246
2019.0,49.0,20.0,2.0,100.0,2.2114422
2020.0,0.0,20.0,2.0,100.0,0.0
2021.0,0.5,20.0,2.0,100.0,41.404507
2022.0,1.0,20.0,2.0,100.0,10.350984
2023.0,2.0,20.0,2.0,100.0,7.733662
2024.0,3.0,20.0,2.0,100.0,28.855965
2025.0,5.0,20.0,2.0,100.0,53.42596
2026.0,10.0,20.0,2.0,100.0,4.4827714
2027.0,20.0,20.0,2.0,100.0,4.4283514
2028.0,40.0,20.0,2.0,100.0,2.700088
2029.0,49.0,20.0,2.0,100.0,3.2389004
2030.0,0.0,20.0,2.0,100.0,0.0
2031.0,0.5,20.0,2.0,100.0,0.0
2032.0,1.0,20.0,2.0,100.0,54.28014
2033.0,2.0,20.0,2.0,100.0,28.00595
2034.0,3.0,20.0,2.0,100.0,5.6825094
2035.0,5.0,20.0,2.0,100.0,13.448462
2036.0,10.0,20.0,2.0,100.0,5.848077
2037.0,20.0,20.0,2.0,100.0,5.4329076
2038.0,40.0,20.0,2.0,100.0,1.9736729
2039.0,49.0,20.0,2.0,100.0,4.984945
2040.0,0.0,20.0,2.0,100.0,0.0
2041.0,0.5,20.0,2.0,100.0,0.0
2042.0,1.0,20.0,2.0,100.0,11.441042
2043.0,2.0,20.0,2.0,100.0,34.703506
2044.0,3.0,20.0,2.0,100.0,8.105367
2045.0,5.0,20.0,2.0,100.0,4.419653
2046.0,10.0,20.0,2.0,100.0,8.324116
2047.0,20.0,20.0,2.0,100.0,6.4990845
2048.0,40.0,20.0,2.0,100.0,3.0183265
2049.0,49.0,20.0,2.0,100.0,4.3039293
2050.0,0.0,20.0,2.0,100.0,0.0
2051.0,0.5,20.0,2.0,100.0,0.0
2052.0,1.0,20.0,2.0,100.0,0.0
2053.0,2.0,20.0,2.0,100.0,9.6234665
2054.0,3.0,20.0,2.0,100.0,35.921207
2055.0,5.0,20.0,2.0,100.0,32.50128
2056.0,10.0,20.0,2.0,100.0,4.6486874
2057.0,20.0,20.0,2.0,100.0,2.3295708
2058.0,40.0,20.0,2.0,100.0,4.1964617
2059.0,49.0,20.0,2.0,100.0,4.712184
2060.0,0.0,20.0,2.0,100.0,0.0
2061.0,0.5,20.0,2.0,100.0,32.005207
2062.0,1.0,20.0,2.0,100.0,51.733288
2063.0,2.0,20.0,2.0,100.0,18.583147
2064.0,3.0,20.0,2.0,100.0,22.150997
2065.0,5.0,20.0,2.0,100.0,17.11919
2066.0,10.0,20.0,2.0,100.0,7.634848
2067.0,20.0,20.0,2.0,100.0,6.7008286
2068.0,40.0,20.0,2.0,100.0,5.8145967
2069.0,49.0,20.0,2.0,100.0,3.479985
2070.0,0.0,20.0,2.0,100.0,0.0
2071.0,0.5,20.0,2.0,100.0,28.536526
2072.0,1.0,20.0,2.0,100.0,0.0
2073.0,2.0,20.0,2.0,100.0,9.357113
2074.0,3.0,20.0,2.0,100.0,25.081202
2075.0,5.0,20.0,2.0,100.0,15.731072
2076.0,10.0,20.0,2.0,100.0,6.2984385
2077.0,20.0,20.0,2.0,100.0,4.3741665
2078.0,40.0,20.0,2.0,100.0,4.320494
2079.0,49.0,20.0,2.0,100.0,2.8443763
2080.0,0.0,20.0,2.0,100.0,4.8203
2081.0,0.5,20.0,2.0,100.0,49.23752
2082.0,1.0,20.0,2.0,100.0,7.852813
2083.0,2.0,20.0,2.0,100.0,18.007406
2084.0,3.0,20.0,2.0,100.0,14.502873
2085.0,5.0,20.0,2.0,100.0,6.057302
2086.0,10.0,20.0,2.0,100.0,17.736162
2087.0,20.0,20.0,2.0,100.0,4.7819104
2088.0,40.0,20.0,2.0,100.0,2.1657507
2089.0,49.0,20.0,2.0,100.0,3.4775808
2090.0,0.0,20.0,2.0,100.0,0.0
2091.0,0.5,20.0,2.0,100.0,16.340136
2092.0,1.0,20.0,2.0,100.0,38.552994
2093.0,2.0,20.0,2.0,100.0,20.60744
2094.0,3.0,20.0,2.0,100.0,7.0878835
2095.0,5.0,20.0,2.0,100.0,14.422205
2096.0,10.0,20.0,2.0,100.0,8.271894
2097.0,20.0,20.0,2.0,100.0,2.617188
2098.0,40.0,20.0,2.0,100.0,2.0584347
2099.0,49.0,20.0,2.0,100.0,3.7269928
2100.0,0.0,20.0,2.0,100.0,0.0
2101.0,0.5,20.0,2.0,100.0,0.0
2102.0,1.0,20.0,2.0,100.0,43.92418
2103.0,2.0,20.0,2.0,100.0,20.132893
2104.0,3.0,20.0,2.0,100.0,15.890248
2105.0,5.0,20.0,2.0,100.0,13.674794
2106.0,10.0,20.0,2.0,100.0,3.5681965
2107.0,20.0,20.0,2.0,100.0,5.066228
2108.0,40.0,20.0,2.0,100.0,3.2462306
2109.0,49.0,20.0,2.0,100.0,2.9735677
2110.0,0.0,20.0,2.0,100.0,0.0
2111.0,0.5,20.0,2.0,100.0,0.0
2112.0,1.0,20.0,2.0,100.0,28.746014
2113.0,2.0,20.0,2.0,100.0,3.772969
2114.0,3.0,20.0,2.0,100.0,30.055504
2115.0,5.0,20.0,2.0,100.0,10.6061735
2116.0,10.0,20.0,2.0,100.0,10.469533
2117.0,20.0,20.0,2.0,100.0,4.313965
2118.0,40.0,20.0,2.0,100.0,3.2954962
2119.0,49.0,20.0,2.0,100.0,3.3116944
2120.0,0.0,20.0,2.0,100.0,0.0
2121.0,0.5,20.0,2.0,100.0,35.303444
2122.0,1.0,20.0,2.0,100.0,18.583147
2123.0,2.0,20.0,2.0,100.0,15.652476
2124.0,3.0,20.0,2.0,100.0,10.637271
2125.0,5.0,20.0,2.0,100.0,9.239108
2126.0,10.0,20.0,2.0,100.0,5.524836
2127.0,20.0,20.0,2.0,100.0,3.2290714
2128.0,40.0,20.0,2.0,100.0,2.662795
2129.0,49.0,20.0,2.0,100.0,2.6058543
2130.0,0.0,20.0,2.0,100.0,0.0
2131.0,0.5,20.0,2.0,100.0,53.42596
2132.0,1.0,20.0,2.0,100.0,21.617893
2133.0,2.0,20.0,2.0,100.0,24.24871
2134.0,3.0,20.0,2.0,100.0,25.41653
2135.0,5.0,20.0,2.0,100.0,9.463832
2136.0,10.0,20.0,2.0,100.0,3.394674
2137.0,20.0,20.0,2.0,100.0,4.121322
2138.0,40.0,20.0,2.0,100.0,2.7899013
2139.0,49.0,20.0,2.0,100.0,2.7657049
2140.0,0.0,20.0,2.0,100.0,0.0
2141.0,0.5,20.0,2.0,100.0,52.576927
2142.0,1.0,20.0,2.0,100.0,21.435951
2143.0,2.0,20.0,2.0,100.0,9.944289
2144.0,3.0,20.0,2.0,100.0,11.19949
2145.0,5.0,20.0,2.0,100.0,39.95414
2146.0,10.0,20.0,2.0,100.0,4.6046295
2147.0,20.0,20.0,2.0,100.0,6.3558974
2148.0,40.0,20.0,2.0,100.0,3.4293199
2149.0,49.0,20.0,2.0,100.0,3.5876658
2150.0,0.0,20.0,2.0,100.0,0.0
2151.0,0.5,20.0,2.0,100.0,28.988503
2152.0,1.0,20.0,2.0,100.0,20.500406
2153.0,2.0,20.0,2.0,100.0,16.26858
2154.0,3.0,20.0,2.0,100.0,13.09638
2155.0,5.0,20.0,2.0,100.0,29.263174
2156.0,10.0,20.0,2.0,100.0,13.995237
2157.0,20.0,20.0,2.0,100.0,2.423086
2158.0,40.0,20.0,2.0,100.0,2.5155642
2159.0,49.0,20.0,2.0,100.0,2.2782617
2160.0,0.0,20.0,2.0,100.0,0.0
2161.0,0.5,20.0,2.0,100.0,0.0
2162.0,1.0,20.0,2.0,100.0,33.08071
2163.0,2.0,20.0,2.0,100.0,31.085901
2164.0,3.0,20.0,2.0,100.0,10.984838
2165.0,5.0,20.0,2.0,100.0,10.804202
2166.0,10.0,20.0,2.0,100.0,6.926617
2167.0,20.0,20.0,2.0,100.0,7.667325
2168.0,40.0,20.0,2.0,100.0,3.1595025
2169.0,49.0,20.0,2.0,100.0,2.2782617
2170.0,0.0,20.0,2.0,100.0,0.0
2171.0,0.5,20.0,2.0,100.0,33.56089
2172.0,1.0,20.0,2.0,100.0,36.350147
2173.0,2.0,20.0,2.0,100.0,17.90717
2174.0,3.0,20.0,2.0,100.0,0.0
2175.0,5.0,20.0,2.0,100.0,18.532852
2176.0,10.0,20.0,2.0,100.0,7.6086073
2177.0,20.0,20.0,2.0,100.0,3.052178
2178.0,40.0,20.0,2.0,100.0,3.2290711
2179.0,49.0,20.0,2.0,100.0,3.955897
2180.0,0.0,20.0,2.0,100.0,19.79899
2181.0,0.5,20.0,2.0,100.0,5.656854
2182.0,1.0,20.0,2.0,100.0,0.0
2183.0,2.0,20.0,2.0,100.0,28.536526
2184.0,3.0,20.0,2.0,100.0,19.64349
2185.0,5.0,20.0,2.0,100.0,7.4088407
2186.0,10.0,20.0,2.0,100.0,6.106628
2187.0,20.0,20.0,2.0,100.0,5.89468
2188.0,40.0,20.0,2.0,100.0,3.5721471
2189.0,49.0,20.0,2.0,100.0,3.1201434
2190.0,0.0,20.0,2.0,100.0,0.0
2191.0,0.5,20.0,2.0,100.0,16.131897
2192.0,1.0,20.0,2.0,100.0,19.316084
2193.0,2.0,20.0,2.0,100.0,9.055386
2194.0,3.0,20.0,2.0,100.0,18.768768
2195.0,5.0,20.0,2.0,100.0,11.771637
2196.0,10.0,20.0,2.0,100.0,3.5334537
2197.0,20.0,20.0,2.0,100.0,2.5351334
2198.0,40.0,20.0,2.0,100.0,3.8128748
2199.0,49.0,20.0,2.0,100.0,3.314407
2200.0,0.0,20.0,2.0,100.0,14.3178215
2201.0,0.5,20.0,2.0,100.0,22.135944
2202.0,1.0,20.0,2.0,100.0,36.340977
2203.0,2.0,20.0,2.0,100.0,15.357771
2204.0,3.0,20.0,2.0,100.0,43.661575
2205.0,5.0,20.0,2.0,100.0,10.329129
2206.0,10.0,20.0,2.0,100.0,7.7531357
2207.0,20.0,20.0,2.0,100.0,4.65514
2208.0,40.0,20.0,2.0,100.0,4.203173
2209.0,49.0,20.0,2.0,100.0,4.121322
2210.0,0.0,20.0,2.0,100.0,0.0
2211.0,0.5,20.0,2.0,100.0,0.0
2212.0,1.0,20.0,2.0,100.0,29.143324
2213.0,2.0,20.0,2.0,100.0,0.0
2214.0,3.0,20.0,2.0,100.0,36.115555
2215.0,5.0,20.0,2.0,100.0,9.510228
2216.0,10.0,20.0,2.0,100.0,4.767812
2217.0,20.0,20.0,2.0,100.0,2.4475448
2218.0,40.0,20.0,2.0,100.0,2.6950247
2219.0,49.0,20.0,2.0,100.0,2.6901958
2220.0,0.0,20.0,2.0,100.0,0.0
2221.0,0.5,20.0,2.0,100.0,0.0
2222.0,1.0,20.0,2.0,100.0,21.779194
2223.0,2.0,20.0,2.0,100.0,40.673496
2224.0,3.0,20.0,2.0,100.0,16.015617
2225.0,5.0,20.0,2.0,100.0,16.422981
2226.0,10.0,20.0,2.0,100.0,3.8384025
2227.0,20.0,20.0,2.0,100.0,4.648687
2228.0,40.0,20.0,2.0,100.0,2.828427
2229.0,49.0,20.0,2.0,100.0,2.160247
2230.0,0.0,20.0,2.0,100.0,23.755701
2231.0,0.5,20.0,2.0,100.0,0.0
2232.0,1.0,20.0,2.0,100.0,34.12233
2233.0,2.0,20.0,2.0,100.0,36.555893
2234.0,3.0,20.0,2.0,100.0,12.251984
2235.0,5.0,20.0,2.0,100.0,39.715656
2236.0,10.0,20.0,2.0,100.0,6.343692
2237.0,20.0,20.0,2.0,100.0,5.717596
2238.0,40.0,20.0,2.0,100.0,4.07431
2239.0,49.0,20.0,2.0,100.0,3.8993177
2240.0,0.0,20.0,2.0,100.0,0.0
2241.0,0.5,20.0,2.0,100.0,40.611984
2242.0,1.0,20.0,2.0,100.0,0.0
2243.0,2.0,20.0,2.0,100.0,22.007574
2244.0,3.0,20.0,2.0,100.0,20.96346
2245.0,5.0,20.0,2.0,100.0,3.3889961
2246.0,10.0,20.0,2.0,100.0,8.227448
2247.0,20.0,20.0,2.0,100.0,5.7225213
2248.0,40.0,20.0,2.0,100.0,3.4935195
2249.0,49.0,20.0,2.0,100.0,3.6551735
2250.0,0.0,20.0,2.0,100.0,0.0
2251.0,0.5,20.0,2.0,100.0,0.0
2252.0,1.0,20.0,2.0,100.0,20.864643
2253.0,2.0,20.0,2.0,100.0,49.963318
2254.0,3.0,20.0,2.0,100.0,15.169414
2255.0,5.0,20.0,2.0,100.0,5.872419
2256.0,10.0,20.0,2.0,100.0,4.589565
2257.0,20.0,20.0,2.0,100.0,5.109823
2258.0,40.0,20.0,2.0,100.0,3.1770377
2259.0,49.0,20.0,2.0,100.0,4.039281
2260.0,0.0,20.0,2.0,100.0,0.0
2261.0,0.5,20.0,2.0,100.0,23.459185
2262.0,1.0,20.0,2.0,100.0,11.968211
2263.0,2.0,20.0,2.0,100.0,9.085043
2264.0,3.0,20.0,2.0,100.0,25.974346
2265.0,5.0,20.0,2.0,100.0,11.976167
2266.0,10.0,20.0,2.0,100.0,5.1079264
2267.0,20.0,20.0,2.0,100.0,6.467161
2268.0,40.0,20.0,2.0,100.0,3.620814
2269.0,49.0,20.0,2.0,100.0,3.6794038
2270.0,0.0,20.0,2.0,100.0,0.0
2271.0,0.5,20.0,2.0,100.0,0.0
2272.0,1.0,20.0,2.0,100.0,0.0
2273.0,2.0,20.0,2.0,100.0,20.493902
2274.0,3.0,20.0,2.0,100.0,10.327955
2275.0,5.0,20.0,2.0,100.0,13.808209
2276.0,10.0,20.0,2.0,100.0,2.1425397
2277.0,20.0,20.0,2.0,100.0,4.203609
2278.0,40.0,20.0,2.0,100.0,3.1599517
2279.0,49.0,20.0,2.0,100.0,3.1477766
2280.0,0.0,20.0,2.0,100.0,0.0
2281.0,0.5,20.0,2.0,100.0,34.122326
2282.0,1.0,20.0,2.0,100.0,26.652079
2283.0,2.0,20.0,2.0,100.0,39.703064
2284.0,3.0,20.0,2.0,100.0,15.705626
2285.0,5.0,20.0,2.0,100.0,5.82215
2286.0,10.0,20.0,2.0,100.0,8.490637
2287.0,20.0,20.0,2.0,100.0,2.9550002
2288.0,40.0,20.0,2.0,100.0,2.5339797
2289.0,49.0,20.0,2.0,100.0,3.3889961
2290.0,0.0,20.0,2.0,100.0,0.0
2291.0,0.5,20.0,2.0,100.0,30.664854
2292.0,1.0,20.0,2.0,100.0,54.280136
2293.0,2.0,20.0,2.0,100.0,46.003624
2294.0,3.0,20.0,2.0,100.0,31.176914
2295.0,5.0,20.0,2.0,100.0,10.252371
2296.0,10.0,20.0,2.0,100.0,8.129632
2297.0,20.0,20.0,2.0,100.0,2.175033
2298.0,40.0,20.0,2.0,100.0,2.5476413
2299.0,49.0,20.0,2.0,100.0,2.4270303
2300.0,0.0,20.0,2.0,100.0,0.0
2301.0,0.5,20.0,2.0,100.0,42.899105
2302.0,1.0,20.0,2.0,100.0,38.370995
2303.0,2.0,20.0,2.0,100.0,40.463974
2304.0,3.0,20.0,2.0,100.0,16.40122
2305.0,5.0,20.0,2.0,100.0,6.502746
2306.0,10.0,20.0,2.0,100.0,9.58442
2307.0,20.0,20.0,2.0,100.0,2.5785894
2308.0,40.0,20.0,2.0,100.0,2.9940655
2309.0,49.0,20.0,2.0,100.0,2.756953
2310.0,0.0,20.0,2.0,100.0,35.798046
2311.0,0.5,20.0,2.0,100.0,49.23752
2312.0,1.0,20.0,2.0,100.0,34.268547
2313.0,2.0,20.0,2.0,100.0,13.542431
2314.0,3.0,20.0,2.0,100.0,16.681326
2315.0,5.0,20.0,2.0,100.0,27.153883
2316.0,10.0,20.0,2.0,100.0,20.58895
2317.0,20.0,20.0,2.0,100.0,2.1817958
2318.0,40.0,20.0,2.0,100.0,2.8221314
2319.0,49.0,20.0,2.0,100.0,2.5692003
2320.0,0.0,20.0,2.0,100.0,0.0
2321.0,0.5,20.0,2.0,100.0,0.0
2322.0,1.0,20.0,2.0,100.0,0.0
2323.0,2.0,20.0,2.0,100.0,51.73329
2324.0,3.0,20.0,2.0,100.0,16.571394
2325.0,5.0,20.0,2.0,100.0,13.071384
2326.0,10.0,20.0,2.0,100.0,8.391915
2327.0,20.0,20.0,2.0,100.0,4.189935
2328.0,40.0,20.0,2.0,100.0,4.1074743
2329.0,49.0,20.0,2.0,100.0,2.9597695
2330.0,0.0,20.0,2.0,100.0,0.0
2331.0,0.5,20.0,2.0,100.0,33.052986
2332.0,1.0,20.0,2.0,100.0,29.569128
2333.0,2.0,20.0,2.0,100.0,33.00505
2334.0,3.0,20.0,2.0,100.0,15.3731365
2335.0,5.0,20.0,2.0,100.0,8.915768
2336.0,10.0,20.0,2.0,100.0,4.8810015
2337.0,20.0,20.0,2.0,100.0,2.7857196
2338.0,40.0,20.0,2.0,100.0,2.5584085
2339.0,49.0,20.0,2.0,100.0,2.8055916
2340.0,0.0,20.0,2.0,100.0,13.660567
2341.0,0.5,20.0,2.0,100.0,0.0
2342.0,1.0,20.0,2.0,100.0,0.0
2343.0,2.0,20.0,2.0,100.0,31.021498
2344.0,3.0,20.0,2.0,100.0,47.60602
2345.0,5.0,20.0,2.0,100.0,12.188988
2346.0,10.0,20.0,2.0,100.0,7.122554
2347.0,20.0,20.0,2.0,100.0,5.1316013
2348.0,40.0,20.0,2.0,100.0,3.95894
2349.0,49.0,20.0,2.0,100.0,3.0092084
2350.0,0.0,20.0,2.0,100.0,0.0
2351.0,0.5,20.0,2.0,100.0,0.0
2352.0,1.0,20.0,2.0,100.0,10.885771
2353.0,2.0,20.0,2.0,100.0,44.286945
2354.0,3.0,20.0,2.0,100.0,7.909748
2355.0,5.0,20.0,2.0,100.0,6.3349724
2356.0,10.0,20.0,2.0,100.0,3.3470306
2357.0,20.0,20.0,2.0,100.0,3.433781
2358.0,40.0,20.0,2.0,100.0,2.5476415
2359.0,49.0,20.0,2.0,100.0,2.600045
2360.0,0.0,20.0,2.0,100.0,0.0
2361.0,0.5,20.0,2.0,100.0,0.0
2362.0,1.0,20.0,2.0,100.0,0.0
2363.0,2.0,20.0,2.0,100.0,6.421471
2364.0,3.0,20.0,2.0,100.0,20.17424
2365.0,5.0,20.0,2.0,100.0,15.577762
2366.0,10.0,20.0,2.0,100.0,7.462634
2367.0,20.0,20.0,2.0,100.0,3.4293199
2368.0,40.0,20.0,2.0,100.0,4.346318
2369.0,49.0,20.0,2.0,100.0,3.1765513
2370.0,0.0,20.0,2.0,100.0,0.0
2371.0,0.5,20.0,2.0,100.0,22.045408
2372.0,1.0,20.0,2.0,100.0,24.287172
2373.0,2.0,20.0,2.0,100.0,4.0602083
2374.0,3.0,20.0,2.0,100.0,36.555893
2375.0,5.0,20.0,2.0,100.0,8.467049
2376.0,10.0,20.0,2.0,100.0,6.7733884
2377.0,20.0,20.0,2.0,100.0,4.594594
2378.0,40.0,20.0,2.0,100.0,3.1664088
2379.0,49.0,20.0,2.0,100.0,2.2685335
2380.0,0.0,20.0,2.0,100.0,29.015594
2381.0,0.5,20.0,2.0,100.0,37.549965
2382.0,1.0,20.0,2.0,100.0,36.85557
2383.0,2.0,20.0,2.0,100.0,35.57152
2384.0,3.0,20.0,2.0,100.0,54.28014
2385.0,5.0,20.0,2.0,100.0,9.974513
2386.0,10.0,20.0,2.0,100.0,2.643951
2387.0,20.0,20.0,2.0,100.0,3.6384194
2388.0,40.0,20.0,2.0,100.0,5.921495
2389.0,49.0,20.0,2.0,100.0,4.553387
2390.0,0.0,20.0,2.0,100.0,0.0
2391.0,0.5,20.0,2.0,100.0,42.14657
2392.0,1.0,20.0,2.0,100.0,0.0
2393.0,2.0,20.0,2.0,100.0,21.385353
2394.0,3.0,20.0,2.0,100.0,0.0
2395.0,5.0,20.0,2.0,100.0,16.849474
2396.0,10.0,20.0,2.0,100.0,5.06659
2397.0,20.0,20.0,2.0,100.0,4.4185753
2398.0,40.0,20.0,2.0,100.0,3.0703259
2399.0,49.0,20.0,2.0,100.0,3.2216585
2400.0,0.0,20.0,2.0,100.0,16.736519
2401.0,0.5,20.0,2.0,100.0,48.418316
2402.0,1.0,20.0,2.0,100.0,0.0
2403.0,2.0,20.0,2.0,100.0,25.547342
2404.0,3.0,20.0,2.0,100.0,15.617451
2405.0,5.0,20.0,2.0,100.0,16.182295
2406.0,10.0,20.0,2.0,100.0,2.790963
2407.0,20.0,20.0,2.0,100.0,10.492422
2408.0,40.0,20.0,2.0,100.0,2.8253243
2409.0,49.0,20.0,2.0,100.0,3.8850443
2410.0,0.0,20.0,2.0,100.0,0.0
2411.0,0.5,20.0,2.0,100.0,0.0
2412.0,1.0,20.0,2.0,100.0,28.00595
2413.0,2.0,20.0,2.0,100.0,39.247078
2414.0,3.0,20.0,2.0,100.0,17.951788
2415.0,5.0,20.0,2.0,100.0,9.188267
2416.0,10.0,20.0,2.0,100.0,3.1944764
2417.0,20.0,20.0,2.0,100.0,2.5131235
2418.0,40.0,20.0,2.0,100.0,2.4063408
2419.0,49.0,20.0,2.0,100.0,2.9029124
2420.0,0.0,20.0,2.0,100.0,0.0
2421.0,0.5,20.0,2.0,100.0,45.214302
2422.0,1.0,20.0,2.0,100.0,13.428824
2423.0,2.0,20.0,2.0,100.0,24.04163
2424.0,3.0,20.0,2.0,100.0,22.93469
2425.0,5.0,20.0,2.0,100.0,18.147543
2426.0,10.0,20.0,2.0,100.0,8.31574
2427.0,20.0,20.0,2.0,100.0,5.543534
2428.0,40.0,20.0,2.0,100.0,2.5671923
2429.0,49.0,20.0,2.0,100.0,2.6043441
2430.0,0.0,20.0,2.0,100.0,0.0
2431.0,0.5,20.0,2.0,100.0,0.0
2432.0,1.0,20.0,2.0,100.0,0.0
2433.0,2.0,20.0,2.0,100.0,20.297783
2434.0,3.0,20.0,2.0,100.0,15.132746
2435.0,5.0,20.0,2.0,100.0,15.119891
2436.0,10.0,20.0,2.0,100.0,7.040178
2437.0,20.0,20.0,2.0,100.0,2.7144835
2438.0,40.0,20.0,2.0,100.0,2.9199855
2439.0,49.0,20.0,2.0,100.0,3.0806618
2440.0,0.0,20.0,2.0,100.0,0.0
2441.0,0.5,20.0,2.0,100.0,31.533052
2442.0,1.0,20.0,2.0,100.0,44.43347
2443.0,2.0,20.0,2.0,100.0,23.036203
2444.0,3.0,20.0,2.0,100.0,3.2659864
2445.0,5.0,20.0,2.0,100.0,3.7061157
2446.0,10.0,20.0,2.0,100.0,4.210792
2447.0,20.0,20.0,2.0,100.0,3.1944764
2448.0,40.0,20.0,2.0,100.0,3.416607
2449.0,49.0,20.0,2.0,100.0,3.9978065
2450.0,0.0,20.0,2.0,100.0,0.0
2451.0,0.5,20.0,2.0,100.0,13.866713
2452.0,1.0,20.0,2.0,100.0,23.010866
2453.0,2.0,20.0,2.0,100.0,6.027714
2454.0,3.0,20.0,2.0,100.0,30.664854
2455.0,5.0,20.0,2.0,100.0,13.298915
2456.0,10.0,20.0,2.0,100.0,5.7790513
2457.0,20.0,20.0,2.0,100.0,3.4847944
2458.0,40.0,20.0,2.0,100.0,2.6561882
2459.0,49.0,20.0,2.0,100.0,3.7894979
2460.0,0.0,20.0,2.0,100.0,0.0
2461.0,0.5,20.0,2.0,100.0,42.14657
2462.0,1.0,20.0,2.0,100.0,11.671428
2463.0,2.0,20.0,2.0,100.0,21.388472
2464.0,3.0,20.0,2.0,100.0,3.8901584
2465.0,5.0,20.0,2.0,100.0,3.732738
2466.0,10.0,20.0,2.0,100.0,7.5357733
2467.0,20.0,20.0,2.0,100.0,2.9149153
2468.0,40.0,20.0,2.0,100.0,3.2606103
2469.0,49.0,20.0,2.0,100.0,3.6794038
2470.0,0.0,20.0,2.0,100.0,26.443113
2471.0,0.5,20.0,2.0,100.0,29.263174
2472.0,1.0,20.0,2.0,100.0,0.0
2473.0,2.0,20.0,2.0,100.0,4.5092497
2474.0,3.0,20.0,2.0,100.0,11.789826
2475.0,5.0,20.0,2.0,100.0,29.737741
2476.0,10.0,20.0,2.0,100.0,2.98169
2477.0,20.0,20.0,2.0,100.0,4.753946
2478.0,40.0,20.0,2.0,100.0,2.6627946
2479.0,49.0,20.0,2.0,100.0,2.9784803
2480.0,0.0,20.0,2.0,100.0,0.0
2481.0,0.5,20.0,2.0,100.0,0.0
2482.0,1.0,20.0,2.0,100.0,0.0
2483.0,2.0,20.0,2.0,100.0,3.4293199
2484.0,3.0,20.0,2.0,100.0,9.19843
2485.0,5.0,20.0,2.0,100.0,10.488089
2486.0,10.0,20.0,2.0,100.0,11.370616
2487.0,20.0,20.0,2.0,100.0,4.279696
2488.0,40.0,20.0,2.0,100.0,5.6273146
2489.0,49.0,20.0,2.0,100.0,2.2782617
2490.0,0.0,20.0,2.0,100.0,0.0
2491.0,0.5,20.0,2.0,100.0,0.0
2492.0,1.0,20.0,2.0,100.0,26.495283
2493.0,2.0,20.0,2.0,100.0,11.48308
2494.0,3.0,20.0,2.0,100.0,2.3395905
2495.0,5.0,20.0,2.0,100.0,13.4695425
2496.0,10.0,20.0,2.0,100.0,5.407227
2497.0,20.0,20.0,2.0,100.0,5.4752192
2498.0,40.0,20.0,2.0,100.0,2.0774477
2499.0,49.0,20.0,2.0,100.0,3.3139791
2500.0,0.0,20.0,2.0,100.0,5.0853014
2501.0,0.5,20.0,2.0,100.0,12.454361
2502.0,1.0,20.0,2.0,100.0,29.160475
2503.0,2.0,20.0,2.0,100.0,31.085903
2504.0,3.0,20.0,2.0,100.0,30.664854
2505.0,5.0,20.0,2.0,100.0,14.124447
2506.0,10.0,20.0,2.0,100.0,8.711539
2507.0,20.0,20.0,2.0,100.0,3.885259
2508.0,40.0,20.0,2.0,100.0,4.181542
2509.0,49.0,20.0,2.0,100.0,3.3521864
2510.0,0.0,20.0,2.0,100.0,0.0
2511.0,0.5,20.0,2.0,100.0,52.576927
2512.0,1.0,20.0,2.0,100.0,0.0
2513.0,2.0,20.0,2.0,100.0,8.635051
2514.0,3.0,20.0,2.0,100.0,23.338095
2515.0,5.0,20.0,2.0,100.0,16.440369
2516.0,10.0,20.0,2.0,100.0,4.7958317
2517.0,20.0,20.0,2.0,100.0,4.9521527
2518.0,40.0,20.0,2.0,100.0,3.3645597
2519.0,49.0,20.0,2.0,100.0,2.6901958
2520.0,0.0,20.0,2.0,100.0,0.0
2521.0,0.5,20.0,2.0,100.0,0.0
2522.0,1.0,20.0,2.0,100.0,16.131405
2523.0,2.0,20.0,2.0,100.0,40.673496
2524.0,3.0,20.0,2.0,100.0,2.718543
2525.0,5.0,20.0,2.0,100.0,16.140013
2526.0,10.0,20.0,2.0,100.0,4.456489
2527.0,20.0,20.0,2.0,100.0,2.2562084
2528.0,40.0,20.0,2.0,100.0,4.2031736
2529.0,49.0,20.0,2.0,100.0,2.883711
2530.0,0.0,20.0,2.0,100.0,0.0
2531.0,0.5,20.0,2.0,100.0,0.0
2532.0,1.0,20.0,2.0,100.0,39.95414
2533.0,2.0,20.0,2.0,100.0,42.14657
2534.0,3.0,20.0,2.0,100.0,0.0
2535.0,5.0,20.0,2.0,100.0,8.6723
2536.0,10.0,20.0,2.0,100.0,8.096639
2537.0,20.0,20.0,2.0,100.0,2.9984124
2538.0,40.0,20.0,2.0,100.0,4.4221663
2539.0,49.0,20.0,2.0,100.0,2.9015467
2540.0,0.0,20.0,2.0,100.0,0.0
2541.0,0.5,20.0,2.0,100.0,0.0
2542.0,1.0,20.0,2.0,100.0,32.005207
2543.0,2.0,20.0,2.0,100.0,17.580292
2544.0,3.0,20.0,2.0,100.0,9.0185
2545.0,5.0,20.0,2.0,100.0,3.5540934
2546.0,10.0,20.0,2.0,100.0,10.457585
2547.0,20.0,20.0,2.0,100.0,3.1595025
2548.0,40.0,20.0,2.0,100.0,4.154896
2549.0,49.0,20.0,2.0,100.0,3.838658
2550.0,0.0,20.0,2.0,100.0,13.072526
2551.0,0.5,20.0,2.0,100.0,31.525654
2552.0,1.0,20.0,2.0,100.0,39.145027
2553.0,2.0,20.0,2.0,100.0,14.757296
2554.0,3.0,20.0,2.0,100.0,38.552994
2555.0,5.0,20.0,2.0,100.0,9.890611
2556.0,10.0,20.0,2.0,100.0,9.585342
2557.0,20.0,20.0,2.0,100.0,5.6820517
2558.0,40.0,20.0,2.0,100.0,3.0141277
2559.0,49.0,20.0,2.0,100.0,3.6348484
2560.0,0.0,20.0,2.0,100.0,0.0
2561.0,0.5,20.0,2.0,100.0,0.0
2562.0,1.0,20.0,2.0,100.0,0.0
2563.0,2.0,20.0,2.0,100.0,11.503623
2564.0,3.0,20.0,2.0,100.0,42.253204
2565.0,5.0,20.0,2.0,100.0,18.398369
2566.0,10.0,20.0,2.0,100.0,5.0606613
2567.0,20.0,20.0,2.0,100.0,5.990902
2568.0,40.0,20.0,2.0,100.0,2.718543
2569.0,49.0,20.0,2.0,100.0,2.3713262
2570.0,0.0,20.0,2.0,100.0,0.0
2571.0,0.5,20.0,2.0,100.0,0.0
2572.0,1.0,20.0,2.0,100.0,0.0
2573.0,2.0,20.0,2.0,100.0,5.033223
2574.0,3.0,20.0,2.0,100.0,16.872066
2575.0,5.0,20.0,2.0,100.0,8.037413
2576.0,10.0,20.0,2.0,100.0,8.557925
2577.0,20.0,20.0,2.0,100.0,2.9343302
2578.0,40.0,20.0,2.0,100.0,3.5409057
2579.0,49.0,20.0,2.0,100.0,3.2462306
2580.0,0.0,20.0,2.0,100.0,0.0
2581.0,0.5,20.0,2.0,100.0,0.0
2582.0,1.0,20.0,2.0,100.0,31.533052
2583.0,2.0,20.0,2.0,100.0,40.673496
2584.0,3.0,20.0,2.0,100.0,8.150106
2585.0,5.0,20.0,2.0,100.0,17.824541
2586.0,10.0,20.0,2.0,100.0,5.789975
2587.0,20.0,20.0,2.0,100.0,4.952152
2588.0,40.0,20.0,2.0,100.0,2.8449194
2589.0,49.0,20.0,2.0,100.0,5.109823
2590.0,0.0,20.0,2.0,100.0,49.963318
2591.0,0.5,20.0,2.0,100.0,0.0
2592.0,1.0,20.0,2.0,100.0,18.439089
2593.0,2.0,20.0,2.0,100.0,16.416454
2594.0,3.0,20.0,2.0,100.0,52.3259
2595.0,5.0,20.0,2.0,100.0,11.785787
2596.0,10.0,20.0,2.0,100.0,10.113896
2597.0,20.0,20.0,2.0,100.0,4.4231324
2598.0,40.0,20.0,2.0,100.0,2.6815064
2599.0,49.0,20.0,2.0,100.0,1.8027756
2600.0,0.0,20.0,2.0,100.0,0.0
2601.0,0.5,20.0,2.0,100.0,0.0
2602.0,1.0,20.0,2.0,100.0,0.0
2603.0,2.0,20.0,2.0,100.0,20.820663
2604.0,3.0,20.0,2.0,100.0,28.307833
2605.0,5.0,20.0,2.0,100.0,8.092646
2606.0,10.0,20.0,2.0,100.0,3.7729692
2607.0,20.0,20.0,2.0,100.0,6.2841797
2608.0,40.0,20.0,2.0,100.0,3.0150418
2609.0,49.0,20.0,2.0,100.0,4.1612244
2610.0,0.0,20.0,2.0,100.0,0.0
2611.0,0.5,20.0,2.0,100.0,46.003624
2612.0,1.0,20.0,2.0,100.0,0.0
2613.0,2.0,20.0,2.0,100.0,34.789845
2614.0,3.0,20.0,2.0,100.0,19.248377
2615.0,5.0,20.0,2.0,100.0,15.723806
2616.0,10.0,20.0,2.0,100.0,4.8714237
2617.0,20.0,20.0,2.0,100.0,6.3820667
2618.0,40.0,20.0,2.0,100.0,3.2381005
2619.0,49.0,20.0,2.0,100.0,2.1762192
2620.0,0.0,20.0,2.0,100.0,0.0
2621.0,0.5,20.0,2.0,100.0,20.196653
2622.0,1.0,20.0,2.0,100.0,6.6583285
2623.0,2.0,20.0,2.0,100.0,8.5049
2624.0,3.0,20.0,2.0,100.0,13.180071
2625.0,5.0,20.0,2.0,100.0,9.118271
2626.0,10.0,20.0,2.0,100.0,10.155928
2627.0,20.0,20.0,2.0,100.0,3.9418285
2628.0,40.0,20.0,2.0,100.0,5.3039484
2629.0,49.0,20.0,2.0,100.0,3.525181
2630.0,0.0,20.0,2.0,100.0,0.0
2631.0,0.5,20.0,2.0,100.0,0.0
2632.0,1.0,20.0,2.0,100.0,48.335632
2633.0,2.0,20.0,2.0,100.0,0.0
2634.0,3.0,20.0,2.0,100.0,10.982308
2635.0,5.0,20.0,2.0,100.0,37.20663
2636.0,10.0,20.0,2.0,100.0,5.7501397
2637.0,20.0,20.0,2.0,100.0,4.035557
2638.0,40.0,20.0,2.0,100.0,1.9724288
2639.0,49.0,20.0,2.0,100.0,3.144913
2640.0,0.0,20.0,2.0,100.0,0.0
2641.0,0.5,20.0,2.0,100.0,48.418316
2642.0,1.0,20.0,2.0,100.0,50.063293
2643.0,2.0,20.0,2.0,100.0,14.035668
2644.0,3.0,20.0,2.0,100.0,11.057426
2645.0,5.0,20.0,2.0,100.0,6.441344
2646.0,10.0,20.0,2.0,100.0,8.43274
2647.0,20.0,20.0,2.0,100.0,5.163978
2648.0,40.0,20.0,2.0,100.0,3.7922225
2649.0,49.0,20.0,2.0,100.0,2.527939
2650.0,0.0,20.0,2.0,100.0,0.0
2651.0,0.5,20.0,2.0,100.0,51.733288
2652.0,1.0,20.0,2.0,100.0,7.4251823
2653.0,2.0,20.0,2.0,100.0,11.953614
2654.0,3.0,20.0,2.0,100.0,13.316656
2655.0,5.0,20.0,2.0,100.0,8.88649
2656.0,10.0,20.0,2.0,100.0,7.583874
2657.0,20.0,20.0,2.0,100.0,3.8710842
2658.0,40.0,20.0,2.0,100.0,2.2114422
2659.0,49.0,20.0,2.0,100.0,2.467889
2660.0,0.0,20.0,2.0,100.0,0.0
2661.0,0.5,20.0,2.0,100.0,30.664854
2662.0,1.0,20.0,2.0,100.0,47.60602
2663.0,2.0,20.0,2.0,100.0,15.5670595
2664.0,3.0,20.0,2.0,100.0,41.525093
2665.0,5.0,20.0,2.0,100.0,7.6011696
2666.0,10.0,20.0,2.0,100.0,2.4880667
2667.0,20.0,20.0,2.0,100.0,7.582276
2668.0,40.0,20.0,2.0,100.0,4.4704914
2669.0,49.0,20.0,2.0,100.0,3.0521777
2670.0,0.0,20.0,2.0,100.0,0.0
2671.0,0.5,20.0,2.0,100.0,0.0
2672.0,1.0,20.0,2.0,100.0,34.703506
2673.0,2.0,20.0,2.0,100.0,32.072834
2674.0,3.0,20.0,2.0,100.0,14.294521
2675.0,5.0,20.0,2.0,100.0,10.862781
2676.0,10.0,20.0,2.0,100.0,6.762788
2677.0,20.0,20.0,2.0,100.0,3.515721
2678.0,40.0,20.0,2.0,100.0,3.0339215
2679.0,49.0,20.0,2.0,100.0,2.5785892
2680.0,0.0,20.0,2.0,100.0,0.0
2681.0,0.5,20.0,2.0,100.0,0.0
2682.0,1.0,20.0,2.0,100.0,21.023796
2683.0,2.0,20.0,2.0,100.0,34.789845
2684.0,3.0,20.0,2.0,100.0,16.289907
2685.0,5.0,20.0,2.0,100.0,26.26785
2686.0,10.0,20.0,2.0,100.0,6.3296213
2687.0,20.0,20.0,2.0,100.0,5.218311
2688.0,40.0,20.0,2.0,100.0,3.4615684
2689.0,49.0,20.0,2.0,100.0,3.3601303
2690.0,0.0,20.0,2.0,100.0,0.0
2691.0,0.5,20.0,2.0,100.0,0.0
2692.0,1.0,20.0,2.0,100.0,24.986662
2693.0,2.0,20.0,2.0,100.0,9.949874
2694.0,3.0,20.0,2.0,100.0,33.020195
2695.0,5.0,20.0,2.0,100.0,21.494184
2696.0,10.0,20.0,2.0,100.0,3.5846443
2697.0,20.0,20.0,2.0,100.0,4.464676
2698.0,40.0,20.0,2.0,100.0,3.0798204
2699.0,49.0,20.0,2.0,100.0,1.8734677
2700.0,0.0,20.0,2.0,100.0,0.0
2701.0,0.5,20.0,2.0,100.0,9.416298
2702.0,1.0,20.0,2.0,100.0,48.211338
2703.0,2.0,20.0,2.0,100.0,23.10844
2704.0,3.0,20.0,2.0,100.0,22.55364
2705.0,5.0,20.0,2.0,100.0,13.320231
2706.0,10.0,20.0,2.0,100.0,5.8617654
2707.0,20.0,20.0,2.0,100.0,4.859042
2708.0,40.0,20.0,2.0,100.0,3.5870137
2709.0,49.0,20.0,2.0,100.0,5.009515
2710.0,0.0,20.0,2.0,100.0,0.0
2711.0,0.5,20.0,2.0,100.0,39.95414
2712.0,1.0,20.0,2.0,100.0,37.20663
2713.0,2.0,20.0,2.0,100.0,21.221058
2714.0,3.0,20.0,2.0,100.0,20.958008
2715.0,5.0,20.0,2.0,100.0,11.83216
2716.0,10.0,20.0,2.0,100.0,2.3420703
2717.0,20.0,20.0,2.0,100.0,3.5350716
2718.0,40.0,20.0,2.0,100.0,3.4438777
2719.0,49.0,20.0,2.0,100.0,2.6627948
2720.0,0.0,20.0,2.0,100.0,0.0
2721.0,0.5,20.0,2.0,100.0,27.5318
2722.0,1.0,20.0,2.0,100.0,13.337575
2723.0,2.0,20.0,2.0,100.0,22.678917
2724.0,3.0,20.0,2.0,100.0,15.657039
2725.0,5.0,20.0,2.0,100.0,13.057565
2726.0,10.0,20.0,2.0,100.0,4.973262
2727.0,20.0,20.0,2.0,100.0,5.8190303
2728.0,40.0,20.0,2.0,100.0,3.0392685
2729.0,49.0,20.0,2.0,100.0,3.4615688
2730.0,0.0,20.0,2.0,100.0,0.0
2731.0,0.5,20.0,2.0,100.0,0.0
2732.0,1.0,20.0,2.0,100.0,24.315388
2733.0,2.0,20.0,2.0,100.0,45.214306
2734.0,3.0,20.0,2.0,100.0,32.036438
2735.0,5.0,20.0,2.0,100.0,6.746492
2736.0,10.0,20.0,2.0,100.0,3.03158
2737.0,20.0,20.0,2.0,100.0,1.9102678
2738.0,40.0,20.0,2.0,100.0,3.0703259
2739.0,49.0,20.0,2.0,100.0,5.62764
2740.0,0.0,20.0,2.0,100.0,0.0
2741.0,0.5,20.0,2.0,100.0,15.0996685
2742.0,1.0,20.0,2.0,100.0,51.733288
2743.0,2.0,20.0,2.0,100.0,45.214302
2744.0,3.0,20.0,2.0,100.0,7.1342444
2745.0,5.0,20.0,2.0,100.0,10.219807
2746.0,10.0,20.0,2.0,100.0,6.908746
2747.0,20.0,20.0,2.0,100.0,3.4073884
2748.0,40.0,20.0,2.0,100.0,2.7657049
2749.0,49.0,20.0,2.0,100.0,3.3000722
2750.0,0.0,20.0,2.0,100.0,0.0
2751.0,0.5,20.0,2.0,100.0,0.0
2752.0,1.0,20.0,2.0,100.0,0.0
2753.0,2.0,20.0,2.0,100.0,19.399313
2754.0,3.0,20.0,2.0,100.0,31.973948
2755.0,5.0,20.0,2.0,100.0,15.459625
2756.0,10.0,20.0,2.0,100.0,5.1663246
2757.0,20.0,20.0,2.0,100.0,3.5334537
2758.0,40.0,20.0,2.0,100.0,2.6249714
2759.0,49.0,20.0,2.0,100.0,2.2685335
2760.0,0.0,20.0,2.0,100.0,0.0
2761.0,0.5,20.0,2.0,100.0,42.899105
2762.0,1.0,20.0,2.0,100.0,21.540659
2763.0,2.0,20.0,2.0,100.0,21.802141
2764.0,3.0,20.0,2.0,100.0,32.807518
2765.0,5.0,20.0,2.0,100.0,4.4002995
2766.0,10.0,20.0,2.0,100.0,7.475212
2767.0,20.0,20.0,2.0,100.0,3.295496
2768.0,40.0,20.0,2.0,100.0,3.1599517
2769.0,49.0,20.0,2.0,100.0,4.8332486
2770.0,0.0,20.0,2.0,100.0,0.0
2771.0,0.5,20.0,2.0,100.0,0.0
2772.0,1.0,20.0,2.0,100.0,16.690458
2773.0,2.0,20.0,2.0,100.0,4.879501
2774.0,3.0,20.0,2.0,100.0,18.348478
2775.0,5.0,20.0,2.0,100.0,15.39697
2776.0,10.0,20.0,2.0,100.0,12.697956
2777.0,20.0,20.0,2.0,100.0,3.0607877
2778.0,40.0,20.0,2.0,100.0,2.805979
2779.0,49.0,20.0,2.0,100.0,4.3369946
2780.0,0.0,20.0,2.0,100.0,12.216004
2781.0,0.5,20.0,2.0,100.0,40.673496
2782.0,1.0,20.0,2.0,100.0,32.50128
2783.0,2.0,20.0,2.0,100.0,33.97548
2784.0,3.0,20.0,2.0,100.0,46.003624
2785.0,5.0,20.0,2.0,100.0,16.539995
2786.0,10.0,20.0,2.0,100.0,11.973351
2787.0,20.0,20.0,2.0,100.0,4.928054
2788.0,40.0,20.0,2.0,100.0,3.0335813
2789.0,49.0,20.0,2.0,100.0,2.8643808
2790.0,0.0,20.0,2.0,100.0,0.0
2791.0,0.5,20.0,2.0,100.0,0.0
2792.0,1.0,20.0,2.0,100.0,32.005207
2793.0,2.0,20.0,2.0,100.0,18.77942
2794.0,3.0,20.0,2.0,100.0,3.59181
2795.0,5.0,20.0,2.0,100.0,24.179882
2796.0,10.0,20.0,2.0,100.0,7.5478277
2797.0,20.0,20.0,2.0,100.0,4.8795004
2798.0,40.0,20.0,2.0,100.0,3.977961
2799.0,49.0,20.0,2.0,100.0,3.7696853
2800.0,0.0,20.0,2.0,100.0,0.0
2801.0,0.5,20.0,2.0,100.0,0.0
2802.0,1.0,20.0,2.0,100.0,54.280136
2803.0,2.0,20.0,2.0,100.0,0.0
2804.0,3.0,20.0,2.0,100.0,24.317347
2805.0,5.0,20.0,2.0,100.0,9.826704
2806.0,10.0,20.0,2.0,100.0,5.186274
2807.0,20.0,20.0,2.0,100.0,3.5334537
2808.0,40.0,20.0,2.0,100.0,3.6794038
2809.0,49.0,20.0,2.0,100.0,3.2802796
2810.0,0.0,20.0,2.0,100.0,0.0
2811.0,0.5,20.0,2.0,100.0,40.611984
2812.0,1.0,20.0,2.0,100.0,22.501852
2813.0,2.0,20.0,2.0,100.0,17.745556
2814.0,3.0,20.0,2.0,100.0,28.0238
2815.0,5.0,20.0,2.0,100.0,17.832554
2816.0,10.0,20.0,2.0,100.0,3.2579718
2817.0,20.0,20.0,2.0,100.0,3.356063
2818.0,40.0,20.0,2.0,100.0,3.3302367
2819.0,49.0,20.0,2.0,100.0,2.3644187
2820.0,0.0,20.0,2.0,100.0,0.0
2821.0,0.5,20.0,2.0,100.0,28.360771
2822.0,1.0,20.0,2.0,100.0,33.080708
2823.0,2.0,20.0,2.0,100.0,20.36814
2824.0,3.0,20.0,2.0,100.0,7.6870613
2825.0,5.0,20.0,2.0,100.0,5.575922
2826.0,10.0,20.0,2.0,100.0,3.9761193
2827.0,20.0,20.0,2.0,100.0,3.6380346
2828.0,40.0,20.0,2.0,100.0,3.5688713
2829.0,49.0,20.0,2.0,100.0,2.5131235
2830.0,0.0,20.0,2.0,100.0,16.65833
2831.0,0.5,20.0,2.0,100.0,41.428654
2832.0,1.0,20.0,2.0,100.0,27.319101
2833.0,2.0,20.0,2.0,100.0,0.0
2834.0,3.0,20.0,2.0,100.0,14.819283
2835.0,5.0,20.0,2.0,100.0,12.998835
2836.0,10.0,20.0,2.0,100.0,10.488089
2837.0,20.0,20.0,2.0,100.0,3.42932
2838.0,40.0,20.0,2.0,100.0,6.3994045
2839.0,49.0,20.0,2.0,100.0,3.3872828
2840.0,0.0,20.0,2.0,100.0,0.0
2841.0,0.5,20.0,2.0,100.0,53.42596
2842.0,1.0,20.0,2.0,100.0,0.0
2843.0,2.0,20.0,2.0,100.0,13.606721
2844.0,3.0,20.0,2.0,100.0,19.180843
2845.0,5.0,20.0,2.0,100.0,5.531131
2846.0,10.0,20.0,2.0,100.0,5.990902
2847.0,20.0,20.0,2.0,100.0,4.769408
2848.0,40.0,20.0,2.0,100.0,1.824298
2849.0,49.0,20.0,2.0,100.0,2.7000883
2850.0,0.0,20.0,2.0,100.0,0.0
2851.0,0.5,20.0,2.0,100.0,0.0
2852.0,1.0,20.0,2.0,100.0,19.553347
2853.0,2.0,20.0,2.0,100.0,31.654383
2854.0,3.0,20.0,2.0,100.0,17.2985
2855.0,5.0,20.0,2.0,100.0,10.092627
2856.0,10.0,20.0,2.0,100.0,9.242758
2857.0,20.0,20.0,2.0,100.0,4.0735006
2858.0,40.0,20.0,2.0,100.0,3.4627266
2859.0,49.0,20.0,2.0,100.0,2.6627948
2860.0,0.0,20.0,2.0,100.0,0.0
2861.0,0.5,20.0,2.0,100.0,47.60602
2862.0,1.0,20.0,2.0,100.0,35.921207
2863.0,2.0,20.0,2.0,100.0,42.426407
2864.0,3.0,20.0,2.0,100.0,28.310776
2865.0,5.0,20.0,2.0,100.0,37.004505
2866.0,10.0,20.0,2.0,100.0,10.572501
2867.0,20.0,20.0,2.0,100.0,2.635786
2868.0,40.0,20.0,2.0,100.0,3.2118201
2869.0,49.0,20.0,2.0,100.0,4.181542
2870.0,0.0,20.0,2.0,100.0,0.0
2871.0,0.5,20.0,2.0,100.0,0.0
2872.0,1.0,20.0,2.0,100.0,0.0
2873.0,2.0,20.0,2.0,100.0,20.558859
2874.0,3.0,20.0,2.0,100.0,8.107451
2875.0,5.0,20.0,2.0,100.0,10.91962
2876.0,10.0,20.0,2.0,100.0,4.7207747
2877.0,20.0,20.0,2.0,100.0,2.6633754
2878.0,40.0,20.0,2.0,100.0,3.3735669
2879.0,49.0,20.0,2.0,100.0,2.9029124
2880.0,0.0,20.0,2.0,100.0,12.676391
2881.0,0.5,20.0,2.0,100.0,0.0
2882.0,1.0,20.0,2.0,100.0,29.569128
2883.0,2.0,20.0,2.0,100.0,47.60602
2884.0,3.0,20.0,2.0,100.0,6.688445
2885.0,5.0,20.0,2.0,100.0,2.6192164
2886.0,10.0,20.0,2.0,100.0,7.502381
2887.0,20.0,20.0,2.0,100.0,3.838232
2888.0,40.0,20.0,2.0,100.0,2.3243487
2889.0,49.0,20.0,2.0,100.0,1.6832508
2890.0,0.0,20.0,2.0,100.0,0.0
2891.0,0.5,20.0,2.0,100.0,10.314114
2892.0,1.0,20.0,2.0,100.0,49.23752
2893.0,2.0,20.0,2.0,100.0,42.253204
2894.0,3.0,20.0,2.0,100.0,15.0712595
2895.0,5.0,20.0,2.0,100.0,11.155467
2896.0,10.0,20.0,2.0,100.0,8.976159
2897.0,20.0,20.0,2.0,100.0,3.3960762
2898.0,40.0,20.0,2.0,100.0,3.0155544
2899.0,49.0,20.0,2.0,100.0,3.3803701
2900.0,0.0,20.0,2.0,100.0,0.0
2901.0,0.5,20.0,2.0,100.0,0.0
2902.0,1.0,20.0,2.0,100.0,51.73329
2903.0,2.0,20.0,2.0,100.0,2.0584347
2904.0,3.0,20.0,2.0,100.0,28.00595
2905.0,5.0,20.0,2.0,100.0,21.897488
2906.0,10.0,20.0,2.0,100.0,12.175307
2907.0,20.0,20.0,2.0,100.0,3.2971723
2908.0,40.0,20.0,2.0,100.0,2.765705
2909.0,49.0,20.0,2.0,100.0,3.254301
2910.0,0.0,20.0,2.0,100.0,0.0
2911.0,0.5,20.0,2.0,100.0,0.0
2912.0,1.0,20.0,2.0,100.0,28.290163
2913.0,2.0,20.0,2.0,100.0,0.0
2914.0,3.0,20.0,2.0,100.0,10.281745
2915.0,5.0,20.0,2.0,100.0,11.766242
2916.0,10.0,20.0,2.0,100.0,7.1900606
2917.0,20.0,20.0,2.0,100.0,2.2321417
2918.0,40.0,20.0,2.0,100.0,4.061617
2919.0,49.0,20.0,2.0,100.0,3.0150416
2920.0,0.0,20.0,2.0,100.0,0.0
2921.0,0.5,20.0,2.0,100.0,48.418316
2922.0,1.0,20.0,2.0,100.0,29.563492
2923.0,2.0,20.0,2.0,100.0,19.916492
2924.0,3.0,20.0,2.0,100.0,21.96209
2925.0,5.0,20.0,2.0,100.0,6.88458
2926.0,10.0,20.0,2.0,100.0,3.2352228
2927.0,20.0,20.0,2.0,100.0,4.820591
2928.0,40.0,20.0,2.0,100.0,3.5516725
2929.0,49.0,20.0,2.0,100.0,3.081856
2930.0,0.0,20.0,2.0,100.0,0.0
2931.0,0.5,20.0,2.0,100.0,0.0
2932.0,1.0,20.0,2.0,100.0,28.988503
2933.0,2.0,20.0,2.0,100.0,13.5769415
2934.0,3.0,20.0,2.0,100.0,40.414516
2935.0,5.0,20.0,2.0,100.0,11.2991295
2936.0,10.0,20.0,2.0,100.0,6.992671
2937.0,20.0,20.0,2.0,100.0,11.071198
2938.0,40.0,20.0,2.0,100.0,2.0720637
2939.0,49.0,20.0,2.0,100.0,3.6180763
2940.0,0.0,20.0,2.0,100.0,0.0
2941.0,0.5,20.0,2.0,100.0,0.0
2942.0,1.0,20.0,2.0,100.0,0.0
2943.0,2.0,20.0,2.0,100.0,4.9901004
2944.0,3.0,20.0,2.0,100.0,21.704071
2945.0,5.0,20.0,2.0,100.0,11.411495
2946.0,10.0,20.0,2.0,100.0,6.8055706
2947.0,20.0,20.0,2.0,100.0,3.416607
2948.0,40.0,20.0,2.0,100.0,3.9351358
2949.0,49.0,20.0,2.0,100.0,3.6551735
2950.0,0.0,20.0,2.0,100.0,0.0
2951.0,0.5,20.0,2.0,100.0,0.0
2952.0,1.0,20.0,2.0,100.0,29.905407
2953.0,2.0,20.0,2.0,100.0,21.657948
2954.0,3.0,20.0,2.0,100.0,9.304378
2955.0,5.0,20.0,2.0,100.0,25.337719
2956.0,10.0,20.0,2.0,100.0,8.374477
2957.0,20.0,20.0,2.0,100.0,6.678777
2958.0,40.0,20.0,2.0,100.0,4.960876
2959.0,49.0,20.0,2.0,100.0,2.2339375
2960.0,0.0,20.0,2.0,100.0,0.0
2961.0,0.5,20.0,2.0,100.0,0.0
2962.0,1.0,20.0,2.0,100.0,0.0
2963.0,2.0,20.0,2.0,100.0,40.673496
2964.0,3.0,20.0,2.0,100.0,13.002563
2965.0,5.0,20.0,2.0,100.0,9.445041
2966.0,10.0,20.0,2.0,100.0,4.8198304
2967.0,20.0,20.0,2.0,100.0,5.959571
2968.0,40.0,20.0,2.0,100.0,3.5861254
2969.0,49.0,20.0,2.0,100.0,2.4235342
2970.0,0.0,20.0,2.0,100.0,0.0
2971.0,0.5,20.0,2.0,100.0,65.053825
2972.0,1.0,20.0,2.0,100.0,40.033318
2973.0,2.0,20.0,2.0,100.0,22.781572
2974.0,3.0,20.0,2.0,100.0,12.083046
2975.0,5.0,20.0,2.0,100.0,25.029982
2976.0,10.0,20.0,2.0,100.0,11.105555
2977.0,20.0,20.0,2.0,100.0,3.7061157
2978.0,40.0,20.0,2.0,100.0,4.214289
2979.0,49.0,20.0,2.0,100.0,3.7229416
2980.0,0.0,20.0,2.0,100.0,0.0
2981.0,0.5,20.0,2.0,100.0,0.0
2982.0,1.0,20.0,2.0,100.0,15.865506
2983.0,2.0,20.0,2.0,100.0,48.418316
2984.0,3.0,20.0,2.0,100.0,50.895317
2985.0,5.0,20.0,2.0,100.0,9.955457
2986.0,10.0,20.0,2.0,100.0,6.249396
2987.0,20.0,20.0,2.0,100.0,3.4250212
2988.0,40.0,20.0,2.0,100.0,3.5681965
2989.0,49.0,20.0,2.0,100.0,2.8619008
2990.0,0.0,20.0,2.0,100.0,0.0
2991.0,0.5,20.0,2.0,100.0,44.43347
2992.0,1.0,20.0,2.0,100.0,39.14077
2993.0,2.0,20.0,2.0,100.0,38.1663
2994.0,3.0,20.0,2.0,100.0,10.421424
2995.0,5.0,20.0,2.0,100.0,18.051779
2996.0,10.0,20.0,2.0,100.0,5.1777916
2997.0,20.0,20.0,2.0,100.0,3.8871965
2998.0,40.0,20.0,2.0,100.0,2.5476413
2999.0,49.0,20.0,2.0,100.0,4.1061287
3000.0,0.0,20.0,2.0,100.0,0.0
3001.0,0.5,20.0,2.0,100.0,14.445299
3002.0,1.0,20.0,2.0,100.0,0.0
3003.0,2.0,20.0,2.0,100.0,13.379088
3004.0,3.0,20.0,2.0,100.0,16.955826
3005.0,5.0,20.0,2.0,100.0,19.532024
3006.0,10.0,20.0,2.0,100.0,5.1568794
3007.0,20.0,20.0,2.0,100.0,4.2036095
3008.0,40.0,20.0,2.0,100.0,2.8267431
3009.0,49.0,20.0,2.0,100.0,2.166033
3010.0,0.0,20.0,2.0,100.0,0.0
3011.0,0.5,20.0,2.0,100.0,50.063293
3012.0,1.0,20.0,2.0,100.0,0.0
3013.0,2.0,20.0,2.0,100.0,0.0
3014.0,3.0,20.0,2.0,100.0,10.214369
3015.0,5.0,20.0,2.0,100.0,16.860209
3016.0,10.0,20.0,2.0,100.0,5.5557775
3017.0,20.0,20.0,2.0,100.0,3.4337807
3018.0,40.0,20.0,2.0,100.0,2.7733912
3019.0,49.0,20.0,2.0,100.0,3.694472
3020.0,0.0,20.0,2.0,100.0,0.0
3021.0,0.5,20.0,2.0,100.0,45.214306
3022.0,1.0,20.0,2.0,100.0,34.122326
3023.0,2.0,20.0,2.0,100.0,28.530685
3024.0,3.0,20.0,2.0,100.0,9.706813
3025.0,5.0,20.0,2.0,100.0,17.750116
3026.0,10.0,20.0,2.0,100.0,6.6999173
3027.0,20.0,20.0,2.0,100.0,2.639568
3028.0,40.0,20.0,2.0,100.0,3.0339212
3029.0,49.0,20.0,2.0,100.0,2.3473136
3030.0,0.0,20.0,2.0,100.0,0.0
3031.0,0.5,20.0,2.0,100.0,0.0
3032.0,1.0,20.0,2.0,100.0,24.603523
3033.0,2.0,20.0,2.0,100.0,28.554043
3034.0,3.0,20.0,2.0,100.0,13.838024
3035.0,5.0,20.0,2.0,100.0,5.7445626
3036.0,10.0,20.0,2.0,100.0,9.140873
3037.0,20.0,20.0,2.0,100.0,4.110649
3038.0,40.0,20.0,2.0,100.0,2.684153
3039.0,49.0,20.0,2.0,100.0,3.404479
3040.0,0.0,20.0,2.0,100.0,0.0
3041.0,0.5,20.0,2.0,100.0,0.0
3042.0,1.0,20.0,2.0,100.0,51.67527
3043.0,2.0,20.0,2.0,100.0,20.672043
3044.0,3.0,20.0,2.0,100.0,9.604066
3045.0,5.0,20.0,2.0,100.0,17.281977
3046.0,10.0,20.0,2.0,100.0,8.1277685
3047.0,20.0,20.0,2.0,100.0,3.9291108
3048.0,40.0,20.0,2.0,100.0,2.9597692
3049.0,49.0,20.0,2.0,100.0,2.643951
3050.0,0.0,20.0,2.0,100.0,0.0
3051.0,0.5,20.0,2.0,100.0,0.0
3052.0,1.0,20.0,2.0,100.0,0.0
3053.0,2.0,20.0,2.0,100.0,5.3616467
3054.0,3.0,20.0,2.0,100.0,5.715477
3055.0,5.0,20.0,2.0,100.0,19.270012
3056.0,10.0,20.0,2.0,100.0,4.961288
3057.0,20.0,20.0,2.0,100.0,3.450869
3058.0,40.0,20.0,2.0,100.0,3.7919765
3059.0,49.0,20.0,2.0,100.0,3.0262015
3060.0,0.0,20.0,2.0,100.0,0.0
3061.0,0.5,20.0,2.0,100.0,0.0
3062.0,1.0,20.0,2.0,100.0,23.692474
3063.0,2.0,20.0,2.0,100.0,28.988503
3064.0,3.0,20.0,2.0,100.0,3.8419049
3065.0,5.0,20.0,2.0,100.0,18.618988
3066.0,10.0,20.0,2.0,100.0,10.635371
3067.0,20.0,20.0,2.0,100.0,2.8992753
3068.0,40.0,20.0,2.0,100.0,3.548306
3069.0,49.0,20.0,2.0,100.0,3.694472
3070.0,0.0,20.0,2.0,100.0,0.0
3071.0,0.5,20.0,2.0,100.0,26.764404
3072.0,1.0,20.0,2.0,100.0,29.569128
3073.0,2.0,20.0,2.0,100.0,39.95414
3074.0,3.0,20.0,2.0,100.0,28.296055
3075.0,5.0,20.0,2.0,100.0,5.3654337
3076.0,10.0,20.0,2.0,100.0,4.276787
3077.0,20.0,20.0,2.0,100.0,5.42042
3078.0,40.0,20.0,2.0,100.0,3.1992648
3079.0,49.0,20.0,2.0,100.0,2.643951
3080.0,0.0,20.0,2.0,100.0,0.0
3081.0,0.5,20.0,2.0,100.0,37.872593
3082.0,1.0,20.0,2.0,100.0,28.219378
3083.0,2.0,20.0,2.0,100.0,45.214306
3084.0,3.0,20.0,2.0,100.0,20.912516
3085.0,5.0,20.0,2.0,100.0,16.819773
3086.0,10.0,20.0,2.0,100.0,6.9568267
3087.0,20.0,20.0,2.0,100.0,3.435113
3088.0,40.0,20.0,2.0,100.0,2.7368736
3089.0,49.0,20.0,2.0,100.0,3.1599517
3090.0,0.0,20.0,2.0,100.0,0.0
3091.0,0.5,20.0,2.0,100.0,19.60272
3092.0,1.0,20.0,2.0,100.0,0.0
3093.0,2.0,20.0,2.0,100.0,28.041634
3094.0,3.0,20.0,2.0,100.0,18.202564
3095.0,5.0,20.0,2.0,100.0,5.230931
3096.0,10.0,20.0,2.0,100.0,4.2817445
3097.0,20.0,20.0,2.0,100.0,5.990902
3098.0,40.0,20.0,2.0,100.0,2.444182
3099.0,49.0,20.0,2.0,100.0,2.6901958
3100.0,0.0,20.0,2.0,100.0,0.0
3101.0,0.5,20.0,2.0,100.0,41.404507
3102.0,1.0,20.0,2.0,100.0,43.085186
3103.0,2.0,20.0,2.0,100.0,18.184242
3104.0,3.0,20.0,2.0,100.0,8.968811
3105.0,5.0,20.0,2.0,100.0,8.5049
3106.0,10.0,20.0,2.0,100.0,14.849242
3107.0,20.0,20.0,2.0,100.0,3.9141107
3108.0,40.0,20.0,2.0,100.0,3.2848861
3109.0,49.0,20.0,2.0,100.0,2.9029124
3110.0,0.0,20.0,2.0,100.0,0.0
3111.0,0.5,20.0,2.0,100.0,0.0
3112.0,1.0,20.0,2.0,100.0,38.552994
3113.0,2.0,20.0,2.0,100.0,30.989246
3114.0,3.0,20.0,2.0,100.0,49.23752
3115.0,5.0,20.0,2.0,100.0,10.641339
3116.0,10.0,20.0,2.0,100.0,4.404252
3117.0,20.0,20.0,2.0,100.0,4.134639
3118.0,40.0,20.0,2.0,100.0,3.1418698
3119.0,49.0,20.0,2.0,100.0,2.605854
3120.0,0.0,20.0,2.0,100.0,0.0
3121.0,0.5,20.0,2.0,100.0,54.28014
3122.0,1.0,20.0,2.0,100.0,23.194826
3123.0,2.0,20.0,2.0,100.0,13.523716
3124.0,3.0,20.0,2.0,100.0,3.3144073
3125.0,5.0,20.0,2.0,100.0,15.042796
3126.0,10.0,20.0,2.0,100.0,7.389933
3127.0,20.0,20.0,2.0,100.0,4.441933
3128.0,40.0,20.0,2.0,100.0,3.885259
3129.0,49.0,20.0,2.0,100.0,2.5351334
3130.0,0.0,20.0,2.0,100.0,0.0
3131.0,0.5,20.0,2.0,100.0,0.0
3132.0,1.0,20.0,2.0,100.0,14.286746
3133.0,2.0,20.0,2.0,100.0,56.568542
3134.0,3.0,20.0,2.0,100.0,3.3086808
3135.0,5.0,20.0,2.0,100.0,6.2716293
3136.0,10.0,20.0,2.0,100.0,8.205689
3137.0,20.0,20.0,2.0,100.0,3.203348
3138.0,40.0,20.0,2.0,100.0,5.1910853
3139.0,49.0,20.0,2.0,100.0,2.385472
3140.0,0.0,20.0,2.0,100.0,0.0
3141.0,0.5,20.0,2.0,100.0,9.758858
3142.0,1.0,20.0,2.0,100.0,9.370674
3143.0,2.0,20.0,2.0,100.0,7.1342444
3144.0,3.0,20.0,2.0,100.0,6.1501365
3145.0,5.0,20.0,2.0,100.0,50.895317
3146.0,10.0,20.0,2.0,100.0,6.568981
3147.0,20.0,20.0,2.0,100.0,4.061617
3148.0,40.0,20.0,2.0,100.0,3.8707178
3149.0,49.0,20.0,2.0,100.0,3.4059932
3150.0,0.0,20.0,2.0,100.0,0.0
3151.0,0.5,20.0,2.0,100.0,7.8823767
3152.0,1.0,20.0,2.0,100.0,30.121973
3153.0,2.0,20.0,2.0,100.0,34.703506
3154.0,3.0,20.0,2.0,100.0,18.907671
3155.0,5.0,20.0,2.0,100.0,17.40881
3156.0,10.0,20.0,2.0,100.0,3.7136033
3157.0,20.0,20.0,2.0,100.0,4.106905
3158.0,40.0,20.0,2.0,100.0,1.824298
3159.0,49.0,20.0,2.0,100.0,2.3217402
3160.0,0.0,20.0,2.0,100.0,14.459976
3161.0,0.5,20.0,2.0,100.0,0.0
3162.0,1.0,20.0,2.0,100.0,10.964979
3163.0,2.0,20.0,2.0,100.0,22.861904
3164.0,3.0,20.0,2.0,100.0,24.152294
3165.0,5.0,20.0,2.0,100.0,8.093207
3166.0,10.0,20.0,2.0,100.0,16.248077
3167.0,20.0,20.0,2.0,100.0,3.9451365
3168.0,40.0,20.0,2.0,100.0,2.8946648
3169.0,49.0,20.0,2.0,100.0,2.1015866
3170.0,0.0,20.0,2.0,100.0,0.0
3171.0,0.5,20.0,2.0,100.0,49.963318
3172.0,1.0,20.0,2.0,100.0,30.664854
3173.0,2.0,20.0,2.0,100.0,45.254833
3174.0,3.0,20.0,2.0,100.0,10.7349
3175.0,5.0,20.0,2.0,100.0,9.082451
3176.0,10.0,20.0,2.0,100.0,4.8648405
3177.0,20.0,20.0,2.0,100.0,5.4065485
3178.0,40.0,20.0,2.0,100.0,3.2462306
3179.0,49.0,20.0,2.0,100.0,2.533114
3180.0,0.0,20.0,2.0,100.0,0.0
3181.0,0.5,20.0,2.0,100.0,37.20663
3182.0,1.0,20.0,2.0,100.0,4.120978
3183.0,2.0,20.0,2.0,100.0,16.289055
3184.0,3.0,20.0,2.0,100.0,14.611639
3185.0,5.0,20.0,2.0,100.0,9.675284
3186.0,10.0,20.0,2.0,100.0,4.639376
3187.0,20.0,20.0,2.0,100.0,10.833333
3188.0,40.0,20.0,2.0,100.0,3.7294097
3189.0,49.0,20.0,2.0,100.0,3.9277093
3190.0,0.0,20.0,2.0,100.0,0.0
3191.0,0.5,20.0,2.0,100.0,0.0
3192.0,1.0,20.0,2.0,100.0,25.423086
3193.0,2.0,20.0,2.0,100.0,20.062403
3194.0,3.0,20.0,2.0,100.0,13.114877
3195.0,5.0,20.0,2.0,100.0,9.569296
3196.0,10.0,20.0,2.0,100.0,6.036519
3197.0,20.0,20.0,2.0,100.0,6.7579827
3198.0,40.0,20.0,2.0,100.0,4.0906396
3199.0,49.0,20.0,2.0,100.0,2.773171
3200.0,0.0,20.0,2.0,100.0,0.0
3201.0,0.5,20.0,2.0,100.0,0.0
3202.0,1.0,20.0,2.0,100.0,21.71405
3203.0,2.0,20.0,2.0,100.0,42.899105
3204.0,3.0,20.0,2.0,100.0,18.096962
3205.0,5.0,20.0,2.0,100.0,32.316147
3206.0,10.0,20.0,2.0,100.0,8.751766
3207.0,20.0,20.0,2.0,100.0,2.7429564
3208.0,40.0,20.0,2.0,100.0,3.223426
3209.0,49.0,20.0,2.0,100.0,3.8563385
3210.0,0.0,20.0,2.0,100.0,0.0
3211.0,0.5,20.0,2.0,100.0,0.0
3212.0,1.0,20.0,2.0,100.0,40.72264
3213.0,2.0,20.0,2.0,100.0,25.843119
3214.0,3.0,20.0,2.0,100.0,37.20663
3215.0,5.0,20.0,2.0,100.0,8.844333
3216.0,10.0,20.0,2.0,100.0,7.972174
3217.0,20.0,20.0,2.0,100.0,4.973459
3218.0,40.0,20.0,2.0,100.0,4.0906396
3219.0,49.0,20.0,2.0,100.0,2.3152308
3220.0,0.0,20.0,2.0,100.0,0.0
3221.0,0.5,20.0,2.0,100.0,45.214302
3222.0,1.0,20.0,2.0,100.0,40.673496
3223.0,2.0,20.0,2.0,100.0,14.342743
3224.0,3.0,20.0,2.0,100.0,11.329656
3225.0,5.0,20.0,2.0,100.0,4.419653
3226.0,10.0,20.0,2.0,100.0,7.5718784
3227.0,20.0,20.0,2.0,100.0,5.1215982
3228.0,40.0,20.0,2.0,100.0,2.840645
3229.0,49.0,20.0,2.0,100.0,2.9219878
3230.0,0.0,20.0,2.0,100.0,0.0
3231.0,0.5,20.0,2.0,100.0,46.003624
3232.0,1.0,20.0,2.0,100.0,33.56089
3233.0,2.0,20.0,2.0,100.0,10.071176
3234.0,3.0,20.0,2.0,100.0,27.392214
3235.0,5.0,20.0,2.0,100.0,12.932056
3236.0,10.0,20.0,2.0,100.0,4.879501
3237.0,20.0,20.0,2.0,100.0,3.7396917
3238.0,40.0,20.0,2.0,100.0,4.047339
3239.0,49.0,20.0,2.0,100.0,1.5461167
3240.0,0.0,20.0,2.0,100.0,16.069788
3241.0,0.5,20.0,2.0,100.0,50.895317
3242.0,1.0,20.0,2.0,100.0,24.04163
3243.0,2.0,20.0,2.0,100.0,18.275667
3244.0,3.0,20.0,2.0,100.0,20.992062
3245.0,5.0,20.0,2.0,100.0,14.944341
3246.0,10.0,20.0,2.0,100.0,10.077477
3247.0,20.0,20.0,2.0,100.0,3.4161863
3248.0,40.0,20.0,2.0,100.0,3.6035113
3249.0,49.0,20.0,2.0,100.0,2.600045
3250.0,0.0,20.0,2.0,100.0,0.0
3251.0,0.5,20.0,2.0,100.0,4.616903
3252.0,1.0,20.0,2.0,100.0,0.0
3253.0,2.0,20.0,2.0,100.0,22.791811
3254.0,3.0,20.0,2.0,100.0,10.615599
3255.0,5.0,20.0,2.0,100.0,11.401754
3256.0,10.0,20.0,2.0,100.0,8.216761
3257.0,20.0,20.0,2.0,100.0,4.679469
3258.0,40.0,20.0,2.0,100.0,3.3967652
3259.0,49.0,20.0,2.0,100.0,2.913842
3260.0,0.0,20.0,2.0,100.0,8.586662
3261.0,0.5,20.0,2.0,100.0,51.733288
3262.0,1.0,20.0,2.0,100.0,50.063293
3263.0,2.0,20.0,2.0,100.0,20.744476
3264.0,3.0,20.0,2.0,100.0,10.127394
3265.0,5.0,20.0,2.0,100.0,8.488852
3266.0,10.0,20.0,2.0,100.0,6.8484383
3267.0,20.0,20.0,2.0,100.0,2.6043441
3268.0,40.0,20.0,2.0,100.0,4.7021585
3269.0,49.0,20.0,2.0,100.0,2.1602468
3270.0,0.0,20.0,2.0,100.0,0.0
3271.0,0.5,20.0,2.0,100.0,44.43347
3272.0,1.0,20.0,2.0,100.0,29.263174
3273.0,2.0,20.0,2.0,100.0,46.003624
3274.0,3.0,20.0,2.0,100.0,12.188988
3275.0,5.0,20.0,2.0,100.0,12.691204
3276.0,10.0,20.0,2.0,100.0,2.4494898
3277.0,20.0,20.0,2.0,100.0,4.5773773
3278.0,40.0,20.0,2.0,100.0,3.0541878
3279.0,49.0,20.0,2.0,100.0,3.0480282
3280.0,0.0,20.0,2.0,100.0,0.0
3281.0,0.5,20.0,2.0,100.0,26.274197
3282.0,1.0,20.0,2.0,100.0,37.20663
3283.0,2.0,20.0,2.0,100.0,26.950573
3284.0,3.0,20.0,2.0,100.0,3.8386579
3285.0,5.0,20.0,2.0,100.0,19.339079
3286.0,10.0,20.0,2.0,100.0,5.8685236
3287.0,20.0,20.0,2.0,100.0,2.992053
3288.0,40.0,20.0,2.0,100.0,3.5057776
3289.0,49.0,20.0,2.0,100.0,2.7911425
3290.0,0.0,20.0,2.0,100.0,0.0
3291.0,0.5,20.0,2.0,100.0,28.988503
3292.0,1.0,20.0,2.0,100.0,0.0
3293.0,2.0,20.0,2.0,100.0,26.658333
3294.0,3.0,20.0,2.0,100.0,7.202693
3295.0,5.0,20.0,2.0,100.0,9.713965
3296.0,10.0,20.0,2.0,100.0,12.569805
3297.0,20.0,20.0,2.0,100.0,2.5751853
3298.0,40.0,20.0,2.0,100.0,3.3519087
3299.0,49.0,20.0,2.0,100.0,2.0470653
3300.0,0.0,20.0,2.0,100.0,0.0
3301.0,0.5,20.0,2.0,100.0,0.0
3302.0,1.0,20.0,2.0,100.0,15.083103
3303.0,2.0,20.0,2.0,100.0,14.442002
3304.0,3.0,20.0,2.0,100.0,9.319931
3305.0,5.0,20.0,2.0,100.0,22.527761
3306.0,10.0,20.0,2.0,100.0,24.038858
3307.0,20.0,20.0,2.0,100.0,3.4438777
3308.0,40.0,20.0,2.0,100.0,3.0883675
3309.0,49.0,20.0,2.0,100.0,3.2118201
3310.0,0.0,20.0,2.0,100.0,0.0
3311.0,0.5,20.0,2.0,100.0,0.0
3312.0,1.0,20.0,2.0,100.0,19.304577
3313.0,2.0,20.0,2.0,100.0,24.35296
3314.0,3.0,20.0,2.0,100.0,29.365513
3315.0,5.0,20.0,2.0,100.0,19.726704
3316.0,10.0,20.0,2.0,100.0,9.884178
3317.0,20.0,20.0,2.0,100.0,5.177792
3318.0,40.0,20.0,2.0,100.0,2.4832773
3319.0,49.0,20.0,2.0,100.0,2.0137866
3320.0,0.0,20.0,2.0,100.0,0.0
3321.0,0.5,20.0,2.0,100.0,0.0
3322.0,1.0,20.0,2.0,100.0,0.0
3323.0,2.0,20.0,2.0,100.0,22.730303
3324.0,3.0,20.0,2.0,100.0,14.949917
3325.0,5.0,20.0,2.0,100.0,6.575568
3326.0,10.0,20.0,2.0,100.0,18.734995
3327.0,20.0,20.0,2.0,100.0,3.0158312
3328.0,40.0,20.0,2.0,100.0,2.9138422
3329.0,49.0,20.0,2.0,100.0,4.214289
3330.0,0.0,20.0,2.0,100.0,0.0
3331.0,0.5,20.0,2.0,100.0,0.0
3332.0,1.0,20.0,2.0,100.0,29.569128
3333.0,2.0,20.0,2.0,100.0,8.908571
3334.0,3.0,20.0,2.0,100.0,13.544987
3335.0,5.0,20.0,2.0,100.0,4.0579143
3336.0,10.0,20.0,2.0,100.0,4.3298097
3337.0,20.0,20.0,2.0,100.0,2.600045
3338.0,40.0,20.0,2.0,100.0,4.755458
3339.0,49.0,20.0,2.0,100.0,2.345208
3340.0,0.0,20.0,2.0,100.0,0.0
3341.0,0.5,20.0,2.0,100.0,13.148798
3342.0,1.0,20.0,2.0,100.0,36.555893
3343.0,2.0,20.0,2.0,100.0,14.0
3344.0,3.0,20.0,2.0,100.0,16.157558
3345.0,5.0,20.0,2.0,100.0,22.464787
3346.0,10.0,20.0,2.0,100.0,9.116529
3347.0,20.0,20.0,2.0,100.0,2.6367366
3348.0,40.0,20.0,2.0,100.0,2.1449454
3349.0,49.0,20.0,2.0,100.0,4.9665546
3350.0,0.0,20.0,2.0,100.0,0.0
3351.0,0.5,20.0,2.0,100.0,0.0
3352.0,1.0,20.0,2.0,100.0,17.785763
3353.0,2.0,20.0,2.0,100.0,36.555893
3354.0,3.0,20.0,2.0,100.0,11.116269
3355.0,5.0,20.0,2.0,100.0,4.21792
3356.0,10.0,20.0,2.0,100.0,13.896442
3357.0,20.0,20.0,2.0,100.0,3.1418698
3358.0,40.0,20.0,2.0,100.0,3.3523269
3359.0,49.0,20.0,2.0,100.0,1.9964355
3360.0,0.0,20.0,2.0,100.0,0.0
3361.0,0.5,20.0,2.0,100.0,34.122326
3362.0,1.0,20.0,2.0,100.0,0.0
3363.0,2.0,20.0,2.0,100.0,36.555893
3364.0,3.0,20.0,2.0,100.0,54.28014
3365.0,5.0,20.0,2.0,100.0,14.314495
3366.0,10.0,20.0,2.0,100.0,2.490919
3367.0,20.0,20.0,2.0,100.0,3.1091263
3368.0,40.0,20.0,2.0,100.0,2.5569537
3369.0,49.0,20.0,2.0,100.0,5.840402
3370.0,0.0,20.0,2.0,100.0,6.043494
3371.0,0.5,20.0,2.0,100.0,0.0
3372.0,1.0,20.0,2.0,100.0,0.0
3373.0,2.0,20.0,2.0,100.0,0.0
3374.0,3.0,20.0,2.0,100.0,30.28751
3375.0,5.0,20.0,2.0,100.0,2.5339797
3376.0,10.0,20.0,2.0,100.0,4.8795004
3377.0,20.0,20.0,2.0,100.0,6.1023026
3378.0,40.0,20.0,2.0,100.0,2.8469744
3379.0,49.0,20.0,2.0,100.0,2.9635465
3380.0,0.0,20.0,2.0,100.0,0.0
3381.0,0.5,20.0,2.0,100.0,0.0
3382.0,1.0,20.0,2.0,100.0,41.404507
3383.0,2.0,20.0,2.0,100.0,12.592515
3384.0,3.0,20.0,2.0,100.0,6.7122984
3385.0,5.0,20.0,2.0,100.0,8.336121
3386.0,10.0,20.0,2.0,100.0,8.380381
3387.0,20.0,20.0,2.0,100.0,5.879124
3388.0,40.0,20.0,2.0,100.0,2.3055997
3389.0,49.0,20.0,2.0,100.0,3.0541878
3390.0,0.0,20.0,2.0,100.0,0.0
3391.0,0.5,20.0,2.0,100.0,0.0
3392.0,1.0,20.0,2.0,100.0,0.0
3393.0,2.0,20.0,2.0,100.0,7.7544746
3394.0,3.0,20.0,2.0,100.0,12.413336
3395.0,5.0,20.0,2.0,100.0,7.3754625
3396.0,10.0,20.0,2.0,100.0,8.550504
3397.0,20.0,20.0,2.0,100.0,3.293884
3398.0,40.0,20.0,2.0,100.0,2.8858383
3399.0,49.0,20.0,2.0,100.0,1.8976668
3400.0,0.0,20.0,2.0,100.0,0.0
3401.0,0.5,20.0,2.0,100.0,39.247078
3402.0,1.0,20.0,2.0,100.0,18.457157
3403.0,2.0,20.0,2.0,100.0,24.993332
3404.0,3.0,20.0,2.0,100.0,37.872593
3405.0,5.0,20.0,2.0,100.0,20.156057
3406.0,10.0,20.0,2.0,100.0,7.2275925
3407.0,20.0,20.0,2.0,100.0,4.1191406
3408.0,40.0,20.0,2.0,100.0,3.0703259
3409.0,49.0,20.0,2.0,100.0,4.8203006
3410.0,0.0,20.0,2.0,100.0,9.34866
3411.0,0.5,20.0,2.0,100.0,0.0
3412.0,1.0,20.0,2.0,100.0,28.00595
3413.0,2.0,20.0,2.0,100.0,23.49468
3414.0,3.0,20.0,2.0,100.0,20.404928
3415.0,5.0,20.0,2.0,100.0,11.235573
3416.0,10.0,20.0,2.0,100.0,8.814244
3417.0,20.0,20.0,2.0,100.0,2.5397277
3418.0,40.0,20.0,2.0,100.0,2.2280993
3419.0,49.0,20.0,2.0,100.0,3.284886
3420.0,0.0,20.0,2.0,100.0,0.0
3421.0,0.5,20.0,2.0,100.0,50.063293
3422.0,1.0,20.0,2.0,100.0,42.193996
3423.0,2.0,20.0,2.0,100.0,21.617893
3424.0,3.0,20.0,2.0,100.0,8.5652
3425.0,5.0,20.0,2.0,100.0,10.06881
3426.0,10.0,20.0,2.0,100.0,6.835991
3427.0,20.0,20.0,2.0,100.0,3.2764761
3428.0,40.0,20.0,2.0,100.0,3.6273813
3429.0,49.0,20.0,2.0,100.0,5.9042606
3430.0,0.0,20.0,2.0,100.0,0.0
3431.0,0.5,20.0,2.0,100.0,0.0
3432.0,1.0,20.0,2.0,100.0,27.209068
3433.0,2.0,20.0,2.0,100.0,46.66905
3434.0,3.0,20.0,2.0,100.0,3.151719
3435.0,5.0,20.0,2.0,100.0,22.135944
3436.0,10.0,20.0,2.0,100.0,5.39753
3437.0,20.0,20.0,2.0,100.0,2.833045
3438.0,40.0,20.0,2.0,100.0,3.2444284
3439.0,49.0,20.0,2.0,100.0,3.520011
3440.0,0.0,20.0,2.0,100.0,48.273525
3441.0,0.5,20.0,2.0,100.0,0.0
3442.0,1.0,20.0,2.0,100.0,41.01626
3443.0,2.0,20.0,2.0,100.0,11.865407
3444.0,3.0,20.0,2.0,100.0,19.052559
3445.0,5.0,20.0,2.0,100.0,9.416298
3446.0,10.0,20.0,2.0,100.0,5.2454886
3447.0,20.0,20.0,2.0,100.0,3.5790396
3448.0,40.0,20.0,2.0,100.0,3.8563385
3449.0,49.0,20.0,2.0,100.0,2.621325
3450.0,0.0,20.0,2.0,100.0,0.0
3451.0,0.5,20.0,2.0,100.0,37.872593
3452.0,1.0,20.0,2.0,100.0,26.40707
3453.0,2.0,20.0,2.0,100.0,12.302891
3454.0,3.0,20.0,2.0,100.0,19.61292
3455.0,5.0,20.0,2.0,100.0,3.1770375
3456.0,10.0,20.0,2.0,100.0,6.45685
3457.0,20.0,20.0,2.0,100.0,3.3819976
3458.0,40.0,20.0,2.0,100.0,3.6380343
3459.0,49.0,20.0,2.0,100.0,3.551673
3460.0,0.0,20.0,2.0,100.0,0.0
3461.0,0.5,20.0,2.0,100.0,10.355229
3462.0,1.0,20.0,2.0,100.0,4.407596
3463.0,2.0,20.0,2.0,100.0,13.751768
3464.0,3.0,20.0,2.0,100.0,27.288582
3465.0,5.0,20.0,2.0,100.0,7.287737
3466.0,10.0,20.0,2.0,100.0,5.390264
3467.0,20.0,20.0,2.0,100.0,4.5549154
3468.0,40.0,20.0,2.0,100.0,3.416607
3469.0,49.0,20.0,2.0,100.0,3.313979
3470.0,0.0,20.0,2.0,100.0,0.0
3471.0,0.5,20.0,2.0,100.0,33.020195
3472.0,1.0,20.0,2.0,100.0,28.219378
3473.0,2.0,20.0,2.0,100.0,11.795883
3474.0,3.0,20.0,2.0,100.0,3.6892133
3475.0,5.0,20.0,2.0,100.0,2.2549872
3476.0,10.0,20.0,2.0,100.0,19.011274
3477.0,20.0,20.0,2.0,100.0,3.4982991
3478.0,40.0,20.0,2.0,100.0,3.2473767
3479.0,49.0,20.0,2.0,100.0,2.5710495
3480.0,0.0,20.0,2.0,100.0,0.0
3481.0,0.5,20.0,2.0,100.0,38.552994
3482.0,1.0,20.0,2.0,100.0,0.0
3483.0,2.0,20.0,2.0,100.0,15.315724
3484.0,3.0,20.0,2.0,100.0,16.743158
3485.0,5.0,20.0,2.0,100.0,11.489125
3486.0,10.0,20.0,2.0,100.0,15.175168
3487.0,20.0,20.0,2.0,100.0,4.266694
3488.0,40.0,20.0,2.0,100.0,3.3309517
3489.0,49.0,20.0,2.0,100.0,1.7500509
3490.0,0.0,20.0,2.0,100.0,14.503831
3491.0,0.5,20.0,2.0,100.0,0.0
3492.0,1.0,20.0,2.0,100.0,0.0
3493.0,2.0,20.0,2.0,100.0,48.418316
3494.0,3.0,20.0,2.0,100.0,7.7931595
3495.0,5.0,20.0,2.0,100.0,9.968004
3496.0,10.0,20.0,2.0,100.0,7.315496
3497.0,20.0,20.0,2.0,100.0,4.2457204
3498.0,40.0,20.0,2.0,100.0,3.1770375
3499.0,49.0,20.0,2.0,100.0,2.166033
3500.0,0.0,20.0,2.0,100.0,0.0
3501.0,0.5,20.0,2.0,100.0,0.0
3502.0,1.0,20.0,2.0,100.0,36.25833
3503.0,2.0,20.0,2.0,100.0,21.93931
3504.0,3.0,20.0,2.0,100.0,21.385353
3505.0,5.0,20.0,2.0,100.0,24.64684
3506.0,10.0,20.0,2.0,100.0,10.419761
3507.0,20.0,20.0,2.0,100.0,5.5506334
3508.0,40.0,20.0,2.0,100.0,5.9214954
3509.0,49.0,20.0,2.0,100.0,4.1173267
3510.0,0.0,20.0,2.0,100.0,0.0
3511.0,0.5,20.0,2.0,100.0,51.733288
3512.0,1.0,20.0,2.0,100.0,21.197485
3513.0,2.0,20.0,2.0,100.0,23.501772
3514.0,3.0,20.0,2.0,100.0,2.828427
3515.0,5.0,20.0,2.0,100.0,18.81784
3516.0,10.0,20.0,2.0,100.0,3.7543626
3517.0,20.0,20.0,2.0,100.0,3.9981613
3518.0,40.0,20.0,2.0,100.0,4.151541
3519.0,49.0,20.0,2.0,100.0,4.061617
3520.0,0.0,20.0,2.0,100.0,15.99566
3521.0,0.5,20.0,2.0,100.0,41.404507
3522.0,1.0,20.0,2.0,100.0,33.665016
3523.0,2.0,20.0,2.0,100.0,15.422927
3524.0,3.0,20.0,2.0,100.0,12.987173
3525.0,5.0,20.0,2.0,100.0,6.4552565
3526.0,10.0,20.0,2.0,100.0,8.348108
3527.0,20.0,20.0,2.0,100.0,3.776432
3528.0,40.0,20.0,2.0,100.0,3.1607716
3529.0,49.0,20.0,2.0,100.0,3.509386
3530.0,0.0,20.0,2.0,100.0,0.0
3531.0,0.5,20.0,2.0,100.0,0.0
3532.0,1.0,20.0,2.0,100.0,15.32971
3533.0,2.0,20.0,2.0,100.0,33.020195
3534.0,3.0,20.0,2.0,100.0,23.72461
3535.0,5.0,20.0,2.0,100.0,9.741093
3536.0,10.0,20.0,2.0,100.0,8.490637
3537.0,20.0,20.0,2.0,100.0,3.4544656
3538.0,40.0,20.0,2.0,100.0,3.9440532
3539.0,49.0,20.0,2.0,100.0,3.1289737
3540.0,0.0,20.0,2.0,100.0,23.264524
3541.0,0.5,20.0,2.0,100.0,0.0
3542.0,1.0,20.0,2.0,100.0,35.921207
3543.0,2.0,20.0,2.0,100.0,0.0
3544.0,3.0,20.0,2.0,100.0,18.273062
3545.0,5.0,20.0,2.0,100.0,39.145027
3546.0,10.0,20.0,2.0,100.0,4.404543
3547.0,20.0,20.0,2.0,100.0,2.745544
3548.0,40.0,20.0,2.0,100.0,2.9597692
3549.0,49.0,20.0,2.0,100.0,3.0092084
3550.0,0.0,20.0,2.0,100.0,0.0
3551.0,0.5,20.0,2.0,100.0,28.536526
3552.0,1.0,20.0,2.0,100.0,0.0
3553.0,2.0,20.0,2.0,100.0,7.788881
3554.0,3.0,20.0,2.0,100.0,9.509167
3555.0,5.0,20.0,2.0,100.0,18.493242
3556.0,10.0,20.0,2.0,100.0,10.3371725
3557.0,20.0,20.0,2.0,100.0,4.4088445
3558.0,40.0,20.0,2.0,100.0,3.6338243
3559.0,49.0,20.0,2.0,100.0,4.580971
3560.0,0.0,20.0,2.0,100.0,0.0
3561.0,0.5,20.0,2.0,100.0,30.270998
3562.0,1.0,20.0,2.0,100.0,0.0
3563.0,2.0,20.0,2.0,100.0,0.0
3564.0,3.0,20.0,2.0,100.0,4.36981
3565.0,5.0,20.0,2.0,100.0,8.689946
3566.0,10.0,20.0,2.0,100.0,3.8162942
3567.0,20.0,20.0,2.0,100.0,4.5303216
3568.0,40.0,20.0,2.0,100.0,3.5093858
3569.0,49.0,20.0,2.0,100.0,3.7733402
3570.0,0.0,20.0,2.0,100.0,0.0
3571.0,0.5,20.0,2.0,100.0,0.0
3572.0,1.0,20.0,2.0,100.0,0.0
3573.0,2.0,20.0,2.0,100.0,4.7609525
3574.0,3.0,20.0,2.0,100.0,9.584421
3575.0,5.0,20.0,2.0,100.0,8.781294
3576.0,10.0,20.0,2.0,100.0,6.8330746
3577.0,20.0,20.0,2.0,100.0,3.0394235
3578.0,40.0,20.0,2.0,100.0,1.5735916
3579.0,49.0,20.0,2.0,100.0,2.643951
3580.0,0.0,20.0,2.0,100.0,0.0
3581.0,0.5,20.0,2.0,100.0,28.536526
3582.0,1.0,20.0,2.0,100.0,8.665501
3583.0,2.0,20.0,2.0,100.0,37.20663
3584.0,3.0,20.0,2.0,100.0,33.69471
3585.0,5.0,20.0,2.0,100.0,14.571662
3586.0,10.0,20.0,2.0,100.0,15.542568
3587.0,20.0,20.0,2.0,100.0,7.3048697
3588.0,40.0,20.0,2.0,100.0,2.3001037
3589.0,49.0,20.0,2.0,100.0,4.635223
3590.0,0.0,20.0,2.0,100.0,0.0
3591.0,0.5,20.0,2.0,100.0,0.0
3592.0,1.0,20.0,2.0,100.0,32.316147
3593.0,2.0,20.0,2.0,100.0,5.4470477
3594.0,3.0,20.0,2.0,100.0,3.2632995
3595.0,5.0,20.0,2.0,100.0,27.024681
3596.0,10.0,20.0,2.0,100.0,3.2078774
3597.0,20.0,20.0,2.0,100.0,5.230931
3598.0,40.0,20.0,2.0,100.0,4.7157288
3599.0,49.0,20.0,2.0,100.0,2.020726
3600.0,0.0,20.0,2.0,100.0,0.0
3601.0,0.5,20.0,2.0,100.0,33.035336
3602.0,1.0,20.0,2.0,100.0,52.576927
3603.0,2.0,20.0,2.0,100.0,18.384777
3604.0,3.0,20.0,2.0,100.0,20.704268
3605.0,5.0,20.0,2.0,100.0,5.6018705
3606.0,10.0,20.0,2.0,100.0,3.4737108
3607.0,20.0,20.0,2.0,100.0,3.1944764
3608.0,40.0,20.0,2.0,100.0,5.6334085
3609.0,49.0,20.0,2.0,100.0,2.8097575
3610.0,0.0,20.0,2.0,100.0,0.0
3611.0,0.5,20.0,2.0,100.0,0.0
3612.0,1.0,20.0,2.0,100.0,50.895317
3613.0,2.0,20.0,2.0,100.0,36.760487
3614.0,3.0,20.0,2.0,100.0,5.3807416
3615.0,5.0,20.0,2.0,100.0,9.426618
3616.0,10.0,20.0,2.0,100.0,4.2817445
3617.0,20.0,20.0,2.0,100.0,4.594594
3618.0,40.0,20.0,2.0,100.0,3.8661828
3619.0,49.0,20.0,2.0,100.0,3.445482
3620.0,0.0,20.0,2.0,100.0,0.0
3621.0,0.5,20.0,2.0,100.0,2.0953462
3622.0,1.0,20.0,2.0,100.0,35.35534
3623.0,2.0,20.0,2.0,100.0,42.14657
3624.0,3.0,20.0,2.0,100.0,22.075628
3625.0,5.0,20.0,2.0,100.0,31.230328
3626.0,10.0,20.0,2.0,100.0,8.3433275
3627.0,20.0,20.0,2.0,100.0,4.1191406
3628.0,40.0,20.0,2.0,100.0,3.6892133
3629.0,49.0,20.0,2.0,100.0,1.944893
3630.0,0.0,20.0,2.0,100.0,0.0
3631.0,0.5,20.0,2.0,100.0,37.872593
3632.0,1.0,20.0,2.0,100.0,0.0
3633.0,2.0,20.0,2.0,100.0,29.365513
3634.0,3.0,20.0,2.0,100.0,23.313086
3635.0,5.0,20.0,2.0,100.0,17.83567
3636.0,10.0,20.0,2.0,100.0,4.7958317
3637.0,20.0,20.0,2.0,100.0,3.088367
3638.0,40.0,20.0,2.0,100.0,2.467889
3639.0,49.0,20.0,2.0,100.0,2.948169
3640.0,0.0,20.0,2.0,100.0,0.0
3641.0,0.5,20.0,2.0,100.0,0.0
3642.0,1.0,20.0,2.0,100.0,18.90679
3643.0,2.0,20.0,2.0,100.0,16.907593
3644.0,3.0,20.0,2.0,100.0,10.654349
3645.0,5.0,20.0,2.0,100.0,9.15302
3646.0,10.0,20.0,2.0,100.0,9.683893
3647.0,20.0,20.0,2.0,100.0,4.1941
3648.0,40.0,20.0,2.0,100.0,6.6726165
3649.0,49.0,20.0,2.0,100.0,3.1992645
3650.0,0.0,20.0,2.0,100.0,0.0
3651.0,0.5,20.0,2.0,100.0,0.0
3652.0,1.0,20.0,2.0,100.0,33.020195
3653.0,2.0,20.0,2.0,100.0,23.072351
3654.0,3.0,20.0,2.0,100.0,44.76978
3655.0,5.0,20.0,2.0,100.0,24.906492
3656.0,10.0,20.0,2.0,100.0,5.5735183
3657.0,20.0,20.0,2.0,100.0,4.948829
3658.0,40.0,20.0,2.0,100.0,3.6335402
3659.0,49.0,20.0,2.0,100.0,2.91717
3660.0,0.0,20.0,2.0,100.0,0.0
3661.0,0.5,20.0,2.0,100.0,0.0
3662.0,1.0,20.0,2.0,100.0,8.819171
3663.0,2.0,20.0,2.0,100.0,4.40238
3664.0,3.0,20.0,2.0,100.0,51.73329
3665.0,5.0,20.0,2.0,100.0,8.359353
3666.0,10.0,20.0,2.0,100.0,8.013877
3667.0,20.0,20.0,2.0,100.0,4.060209
3668.0,40.0,20.0,2.0,100.0,3.2290714
3669.0,49.0,20.0,2.0,100.0,2.9138422
3670.0,0.0,20.0,2.0,100.0,0.0
3671.0,0.5,20.0,2.0,100.0,0.0
3672.0,1.0,20.0,2.0,100.0,33.020195
3673.0,2.0,20.0,2.0,100.0,7.1280804
3674.0,3.0,20.0,2.0,100.0,21.304146
3675.0,5.0,20.0,2.0,100.0,6.046826
3676.0,10.0,20.0,2.0,100.0,3.5118845
3677.0,20.0,20.0,2.0,100.0,4.8501353
3678.0,40.0,20.0,2.0,100.0,2.6318066
3679.0,49.0,20.0,2.0,100.0,2.3644187
3680.0,0.0,20.0,2.0,100.0,0.0
3681.0,0.5,20.0,2.0,100.0,0.0
3682.0,1.0,20.0,2.0,100.0,19.087517
3683.0,2.0,20.0,2.0,100.0,20.92845
3684.0,3.0,20.0,2.0,100.0,36.115555
3685.0,5.0,20.0,2.0,100.0,18.179659
3686.0,10.0,20.0,2.0,100.0,12.547054
3687.0,20.0,20.0,2.0,100.0,4.2661457
3688.0,40.0,20.0,2.0,100.0,2.8238318
3689.0,49.0,20.0,2.0,100.0,2.806918
3690.0,0.0,20.0,2.0,100.0,0.0
3691.0,0.5,20.0,2.0,100.0,0.0
3692.0,1.0,20.0,2.0,100.0,4.7325926
3693.0,2.0,20.0,2.0,100.0,46.801
3694.0,3.0,20.0,2.0,100.0,16.777962
3695.0,5.0,20.0,2.0,100.0,12.82854
3696.0,10.0,20.0,2.0,100.0,2.4475448
3697.0,20.0,20.0,2.0,100.0,4.294131
3698.0,40.0,20.0,2.0,100.0,3.2290714
3699.0,49.0,20.0,2.0,100.0,2.642434
3700.0,0.0,20.0,2.0,100.0,0.0
3701.0,0.5,20.0,2.0,100.0,0.0
3702.0,1.0,20.0,2.0,100.0,0.0
3703.0,2.0,20.0,2.0,100.0,3.4073882
3704.0,3.0,20.0,2.0,100.0,23.83275
3705.0,5.0,20.0,2.0,100.0,8.625396
3706.0,10.0,20.0,2.0,100.0,8.695465
3707.0,20.0,20.0,2.0,100.0,2.662795
3708.0,40.0,20.0,2.0,100.0,2.5751853
3709.0,49.0,20.0,2.0,100.0,4.0939264
3710.0,0.0,20.0,2.0,100.0,0.0
3711.0,0.5,20.0,2.0,100.0,0.0
3712.0,1.0,20.0,2.0,100.0,49.115513
3713.0,2.0,20.0,2.0,100.0,40.52571
3714.0,3.0,20.0,2.0,100.0,9.104333
3715.0,5.0,20.0,2.0,100.0,6.485685
3716.0,10.0,20.0,2.0,100.0,15.311579
3717.0,20.0,20.0,2.0,100.0,6.5338283
3718.0,40.0,20.0,2.0,100.0,2.6841533
3719.0,49.0,20.0,2.0,100.0,3.0150416
3720.0,0.0,20.0,2.0,100.0,0.0
3721.0,0.5,20.0,2.0,100.0,0.0
3722.0,1.0,20.0,2.0,100.0,32.005207
3723.0,2.0,20.0,2.0,100.0,43.661575
3724.0,3.0,20.0,2.0,100.0,11.590225
3725.0,5.0,20.0,2.0,100.0,5.266001
3726.0,10.0,20.0,2.0,100.0,11.850074
3727.0,20.0,20.0,2.0,100.0,3.292735
3728.0,40.0,20.0,2.0,100.0,3.8850439
3729.0,49.0,20.0,2.0,100.0,3.3705037
3730.0,0.0,20.0,2.0,100.0,0.0
3731.0,0.5,20.0,2.0,100.0,0.0
3732.0,1.0,20.0,2.0,100.0,35.303444
3733.0,2.0,20.0,2.0,100.0,11.451762
3734.0,3.0,20.0,2.0,100.0,17.339743
3735.0,5.0,20.0,2.0,100.0,12.72418
3736.0,10.0,20.0,2.0,100.0,16.911535
3737.0,20.0,20.0,2.0,100.0,4.514527
3738.0,40.0,20.0,2.0,100.0,4.820591
3739.0,49.0,20.0,2.0,100.0,2.847858
3740.0,0.0,20.0,2.0,100.0,0.0
3741.0,0.5,20.0,2.0,100.0,46.003624
3742.0,1.0,20.0,2.0,100.0,38.21431
3743.0,2.0,20.0,2.0,100.0,6.9926705
3744.0,3.0,20.0,2.0,100.0,14.895189
3745.0,5.0,20.0,2.0,100.0,13.744263
3746.0,10.0,20.0,2.0,100.0,9.942693
3747.0,20.0,20.0,2.0,100.0,3.838232
3748.0,40.0,20.0,2.0,100.0,4.546061
3749.0,49.0,20.0,2.0,100.0,4.0579143
3750.0,0.0,20.0,2.0,100.0,0.0
3751.0,0.5,20.0,2.0,100.0,0.0
3752.0,1.0,20.0,2.0,100.0,39.95414
3753.0,2.0,20.0,2.0,100.0,56.568542
3754.0,3.0,20.0,2.0,100.0,37.20663
3755.0,5.0,20.0,2.0,100.0,18.457159
3756.0,10.0,20.0,2.0,100.0,7.075599
3757.0,20.0,20.0,2.0,100.0,2.385472
3758.0,40.0,20.0,2.0,100.0,5.0943484
3759.0,49.0,20.0,2.0,100.0,2.7080128
3760.0,0.0,20.0,2.0,100.0,4.512238
3761.0,0.5,20.0,2.0,100.0,34.789845
3762.0,1.0,20.0,2.0,100.0,0.0
3763.0,2.0,20.0,2.0,100.0,15.787277
3764.0,3.0,20.0,2.0,100.0,22.077784
3765.0,5.0,20.0,2.0,100.0,16.48821
3766.0,10.0,20.0,2.0,100.0,3.176551
3767.0,20.0,20.0,2.0,100.0,3.276476
3768.0,40.0,20.0,2.0,100.0,3.6338243
3769.0,49.0,20.0,2.0,100.0,1.4037249
3770.0,0.0,20.0,2.0,100.0,0.0
3771.0,0.5,20.0,2.0,100.0,43.661575
3772.0,1.0,20.0,2.0,100.0,28.91943
3773.0,2.0,20.0,2.0,100.0,9.966612
3774.0,3.0,20.0,2.0,100.0,40.673496
3775.0,5.0,20.0,2.0,100.0,12.200703
3776.0,10.0,20.0,2.0,100.0,5.960186
3777.0,20.0,20.0,2.0,100.0,4.6081767
3778.0,40.0,20.0,2.0,100.0,2.2778072
3779.0,49.0,20.0,2.0,100.0,3.2696295
3780.0,0.0,20.0,2.0,100.0,0.0
3781.0,0.5,20.0,2.0,100.0,46.800995
3782.0,1.0,20.0,2.0,100.0,53.42596
3783.0,2.0,20.0,2.0,100.0,12.43748
3784.0,3.0,20.0,2.0,100.0,5.77604
3785.0,5.0,20.0,2.0,100.0,5.7577353
3786.0,10.0,20.0,2.0,100.0,7.502727
3787.0,20.0,20.0,2.0,100.0,5.196152
3788.0,40.0,20.0,2.0,100.0,3.4337263
3789.0,49.0,20.0,2.0,100.0,3.347339
3790.0,0.0,20.0,2.0,100.0,0.0
3791.0,0.5,20.0,2.0,100.0,54.280136
3792.0,1.0,20.0,2.0,100.0,46.003624
3793.0,2.0,20.0,2.0,100.0,6.7194877
3794.0,3.0,20.0,2.0,100.0,7.164728
3795.0,5.0,20.0,2.0,100.0,6.9926705
3796.0,10.0,20.0,2.0,100.0,12.294017
3797.0,20.0,20.0,2.0,100.0,4.679469
3798.0,40.0,20.0,2.0,100.0,3.295496
3799.0,49.0,20.0,2.0,100.0,3.4256816
3800.0,0.0,20.0,2.0,100.0,0.0
3801.0,0.5,20.0,2.0,100.0,0.0
3802.0,1.0,20.0,2.0,100.0,19.933222
3803.0,2.0,20.0,2.0,100.0,15.878007
3804.0,3.0,20.0,2.0,100.0,44.43347
3805.0,5.0,20.0,2.0,100.0,16.872066
3806.0,10.0,20.0,2.0,100.0,8.550504
3807.0,20.0,20.0,2.0,100.0,4.1061287
3808.0,40.0,20.0,2.0,100.0,2.7911425
3809.0,49.0,20.0,2.0,100.0,3.6338243
3810.0,0.0,20.0,2.0,100.0,0.0
3811.0,0.5,20.0,2.0,100.0,0.0
3812.0,1.0,20.0,2.0,100.0,22.905603
3813.0,2.0,20.0,2.0,100.0,8.950481
3814.0,3.0,20.0,2.0,100.0,0.0
3815.0,5.0,20.0,2.0,100.0,3.1477766
3816.0,10.0,20.0,2.0,100.0,7.7715793
3817.0,20.0,20.0,2.0,100.0,8.129632
3818.0,40.0,20.0,2.0,100.0,3.0968492
3819.0,49.0,20.0,2.0,100.0,3.03158
3820.0,0.0,20.0,2.0,100.0,0.0
3821.0,0.5,20.0,2.0,100.0,0.0
3822.0,1.0,20.0,2.0,100.0,29.569128
3823.0,2.0,20.0,2.0,100.0,33.70954
3824.0,3.0,20.0,2.0,100.0,44.060566
3825.0,5.0,20.0,2.0,100.0,7.3895917
3826.0,10.0,20.0,2.0,100.0,8.130874
3827.0,20.0,20.0,2.0,100.0,2.8166173
3828.0,40.0,20.0,2.0,100.0,3.7563672
3829.0,49.0,20.0,2.0,100.0,4.807317
3830.0,0.0,20.0,2.0,100.0,0.0
3831.0,0.5,20.0,2.0,100.0,0.0
3832.0,1.0,20.0,2.0,100.0,0.0
3833.0,2.0,20.0,2.0,100.0,9.4604435
3834.0,3.0,20.0,2.0,100.0,23.70654
3835.0,5.0,20.0,2.0,100.0,9.237604
3836.0,10.0,20.0,2.0,100.0,7.2588506
3837.0,20.0,20.0,2.0,100.0,5.2326818
3838.0,40.0,20.0,2.0,100.0,3.2118201
3839.0,49.0,20.0,2.0,100.0,3.3307009
3840.0,0.0,20.0,2.0,100.0,0.0
3841.0,0.5,20.0,2.0,100.0,0.0
3842.0,1.0,20.0,2.0,100.0,11.010818
3843.0,2.0,20.0,2.0,100.0,33.126022
3844.0,3.0,20.0,2.0,100.0,38.69539
3845.0,5.0,20.0,2.0,100.0,8.141604
3846.0,10.0,20.0,2.0,100.0,6.8455176
3847.0,20.0,20.0,2.0,100.0,4.0293045
3848.0,40.0,20.0,2.0,100.0,2.2339375
3849.0,49.0,20.0,2.0,100.0,3.3307009
3850.0,0.0,20.0,2.0,100.0,0.0
3851.0,0.5,20.0,2.0,100.0,39.247078
3852.0,1.0,20.0,2.0,100.0,20.036633
3853.0,2.0,20.0,2.0,100.0,46.47939
3854.0,3.0,20.0,2.0,100.0,7.7822943
3855.0,5.0,20.0,2.0,100.0,57.982758
3856.0,10.0,20.0,2.0,100.0,6.7890286
3857.0,20.0,20.0,2.0,100.0,3.9351358
3858.0,40.0,20.0,2.0,100.0,3.2078772
3859.0,49.0,20.0,2.0,100.0,2.3665988
3860.0,0.0,20.0,2.0,100.0,0.0
3861.0,0.5,20.0,2.0,100.0,46.800995
3862.0,1.0,20.0,2.0,100.0,0.0
3863.0,2.0,20.0,2.0,100.0,13.111246
3864.0,3.0,20.0,2.0,100.0,17.785763
3865.0,5.0,20.0,2.0,100.0,8.395886
3866.0,10.0,20.0,2.0,100.0,5.039841
3867.0,20.0,20.0,2.0,100.0,4.2113295
3868.0,40.0,20.0,2.0,100.0,3.8059552
3869.0,49.0,20.0,2.0,100.0,2.3278687
3870.0,0.0,20.0,2.0,100.0,0.0
3871.0,0.5,20.0,2.0,100.0,42.14657
3872.0,1.0,20.0,2.0,100.0,17.273132
3873.0,2.0,20.0,2.0,100.0,26.501574
3874.0,3.0,20.0,2.0,100.0,0.0
3875.0,5.0,20.0,2.0,100.0,5.7892275
3876.0,10.0,20.0,2.0,100.0,6.4728227
3877.0,20.0,20.0,2.0,100.0,2.9409392
3878.0,40.0,20.0,2.0,100.0,4.065257
3879.0,49.0,20.0,2.0,100.0,2.2484074
3880.0,0.0,20.0,2.0,100.0,0.0
3881.0,0.5,20.0,2.0,100.0,29.569128
3882.0,1.0,20.0,2.0,100.0,0.0
3883.0,2.0,20.0,2.0,100.0,59.39697
3884.0,3.0,20.0,2.0,100.0,38.99145
3885.0,5.0,20.0,2.0,100.0,4.6219735
3886.0,10.0,20.0,2.0,100.0,8.017838
3887.0,20.0,20.0,2.0,100.0,6.2133775
3888.0,40.0,20.0,2.0,100.0,3.4364986
3889.0,49.0,20.0,2.0,100.0,3.4771364
3890.0,0.0,20.0,2.0,100.0,0.0
3891.0,0.5,20.0,2.0,100.0,0.0
3892.0,1.0,20.0,2.0,100.0,30.270998
3893.0,2.0,20.0,2.0,100.0,28.612352
3894.0,3.0,20.0,2.0,100.0,24.146774
3895.0,5.0,20.0,2.0,100.0,18.073923
3896.0,10.0,20.0,2.0,100.0,12.294017
3897.0,20.0,20.0,2.0,100.0,3.0158312
3898.0,40.0,20.0,2.0,100.0,3.0480282
3899.0,49.0,20.0,2.0,100.0,2.9479613
3900.0,0.0,20.0,2.0,100.0,0.0
3901.0,0.5,20.0,2.0,100.0,0.0
3902.0,1.0,20.0,2.0,100.0,40.673496
3903.0,2.0,20.0,2.0,100.0,16.970562
3904.0,3.0,20.0,2.0,100.0,3.8209946
3905.0,5.0,20.0,2.0,100.0,11.499482
3906.0,10.0,20.0,2.0,100.0,8.757335
3907.0,20.0,20.0,2.0,100.0,3.9589396
3908.0,40.0,20.0,2.0,100.0,3.6496933
3909.0,49.0,20.0,2.0,100.0,2.9479616
3910.0,0.0,20.0,2.0,100.0,13.420548
3911.0,0.5,20.0,2.0,100.0,47.60602
3912.0,1.0,20.0,2.0,100.0,38.552994
3913.0,2.0,20.0,2.0,100.0,24.986662
3914.0,3.0,20.0,2.0,100.0,38.747044
3915.0,5.0,20.0,2.0,100.0,5.82159
3916.0,10.0,20.0,2.0,100.0,4.6975174
3917.0,20.0,20.0,2.0,100.0,3.7061157
3918.0,40.0,20.0,2.0,100.0,2.3082597
3919.0,49.0,20.0,2.0,100.0,3.2118206
3920.0,0.0,20.0,2.0,100.0,0.0
3921.0,0.5,20.0,2.0,100.0,0.0
3922.0,1.0,20.0,2.0,100.0,35.35534
3923.0,2.0,20.0,2.0,100.0,18.651035
3924.0,3.0,20.0,2.0,100.0,11.190656
3925.0,5.0,20.0,2.0,100.0,9.380832
3926.0,10.0,20.0,2.0,100.0,6.6255145
3927.0,20.0,20.0,2.0,100.0,4.7116876
3928.0,40.0,20.0,2.0,100.0,5.3940005
3929.0,49.0,20.0,2.0,100.0,2.4422174
3930.0,0.0,20.0,2.0,100.0,0.0
3931.0,0.5,20.0,2.0,100.0,0.0
3932.0,1.0,20.0,2.0,100.0,32.83291
3933.0,2.0,20.0,2.0,100.0,8.144527
3934.0,3.0,20.0,2.0,100.0,27.018513
3935.0,5.0,20.0,2.0,100.0,6.3293447
3936.0,10.0,20.0,2.0,100.0,6.2616925
3937.0,20.0,20.0,2.0,100.0,8.086868
3938.0,40.0,20.0,2.0,100.0,2.2562084
3939.0,49.0,20.0,2.0,100.0,3.2444284
3940.0,0.0,20.0,2.0,100.0,0.0
3941.0,0.5,20.0,2.0,100.0,0.0
3942.0,1.0,20.0,2.0,100.0,28.746014
3943.0,2.0,20.0,2.0,100.0,13.2312765
3944.0,3.0,20.0,2.0,100.0,23.860706
3945.0,5.0,20.0,2.0,100.0,10.785793
3946.0,10.0,20.0,2.0,100.0,4.0908794
3947.0,20.0,20.0,2.0,100.0,4.0293045
3948.0,40.0,20.0,2.0,100.0,1.8027756
3949.0,49.0,20.0,2.0,100.0,3.3403435
3950.0,0.0,20.0,2.0,100.0,26.776855
3951.0,0.5,20.0,2.0,100.0,0.0
3952.0,1.0,20.0,2.0,100.0,0.0
3953.0,2.0,20.0,2.0,100.0,37.004505
3954.0,3.0,20.0,2.0,100.0,21.501938
3955.0,5.0,20.0,2.0,100.0,32.444824
3956.0,10.0,20.0,2.0,100.0,12.17648
3957.0,20.0,20.0,2.0,100.0,3.1290333
3958.0,40.0,20.0,2.0,100.0,2.9635468
3959.0,49.0,20.0,2.0,100.0,2.4459062
3960.0,0.0,20.0,2.0,100.0,15.333333
3961.0,0.5,20.0,2.0,100.0,36.555893
3962.0,1.0,20.0,2.0,100.0,45.254833
3963.0,2.0,20.0,2.0,100.0,7.696153
3964.0,3.0,20.0,2.0,100.0,40.253365
3965.0,5.0,20.0,2.0,100.0,6.061951
3966.0,10.0,20.0,2.0,100.0,3.838232
3967.0,20.0,20.0,2.0,100.0,2.8253243
3968.0,40.0,20.0,2.0,100.0,3.1765513
3969.0,49.0,20.0,2.0,100.0,4.594594
3970.0,0.0,20.0,2.0,100.0,0.0
3971.0,0.5,20.0,2.0,100.0,28.988503
3972.0,1.0,20.0,2.0,100.0,11.674148
3973.0,2.0,20.0,2.0,100.0,11.260014
3974.0,3.0,20.0,2.0,100.0,10.614456
3975.0,5.0,20.0,2.0,100.0,29.67603
3976.0,10.0,20.0,2.0,100.0,9.911513
3977.0,20.0,20.0,2.0,100.0,4.203951
3978.0,40.0,20.0,2.0,100.0,4.09048
3979.0,49.0,20.0,2.0,100.0,3.0480282
3980.0,0.0,20.0,2.0,100.0,0.0
3981.0,0.5,20.0,2.0,100.0,43.92418
3982.0,1.0,20.0,2.0,100.0,0.0
3983.0,2.0,20.0,2.0,100.0,21.64871
3984.0,3.0,20.0,2.0,100.0,13.027443
3985.0,5.0,20.0,2.0,100.0,8.893551
3986.0,10.0,20.0,2.0,100.0,3.4156504
3987.0,20.0,20.0,2.0,100.0,14.282857
3988.0,40.0,20.0,2.0,100.0,2.5769541
3989.0,49.0,20.0,2.0,100.0,4.279695
3990.0,0.0,20.0,2.0,100.0,0.0
3991.0,0.5,20.0,2.0,100.0,41.30779
3992.0,1.0,20.0,2.0,100.0,0.0
3993.0,2.0,20.0,2.0,100.0,11.773322
3994.0,3.0,20.0,2.0,100.0,5.177792
3995.0,5.0,20.0,2.0,100.0,6.904105
3996.0,10.0,20.0,2.0,100.0,3.8729835
3997.0,20.0,20.0,2.0,100.0,2.901905
3998.0,40.0,20.0,2.0,100.0,2.7720408
3999.0,49.0,20.0,2.0,100.0,3.1599514
4000.0,0.0,20.0,2.0,100.0,0.0
4001.0,0.5,20.0,2.0,100.0,42.899105
4002.0,1.0,20.0,2.0,100.0,37.004505
4003.0,2.0,20.0,2.0,100.0,18.56071
4004.0,3.0,20.0,2.0,100.0,14.947527
4005.0,5.0,20.0,2.0,100.0,29.473152
4006.0,10.0,20.0,2.0,100.0,2.9784803
4007.0,20.0,20.0,2.0,100.0,2.6950247
4008.0,40.0,20.0,2.0,100.0,4.02623
4009.0,49.0,20.0,2.0,100.0,2.8619008
4010.0,0.0,20.0,2.0,100.0,0.0
4011.0,0.5,20.0,2.0,100.0,21.965883
4012.0,1.0,20.0,2.0,100.0,21.16601
4013.0,2.0,20.0,2.0,100.0,36.925602
4014.0,3.0,20.0,2.0,100.0,20.81666
4015.0,5.0,20.0,2.0,100.0,5.7210813
4016.0,10.0,20.0,2.0,100.0,12.44432
4017.0,20.0,20.0,2.0,100.0,5.313953
4018.0,40.0,20.0,2.0,100.0,3.4130812
4019.0,49.0,20.0,2.0,100.0,3.4935195
4020.0,0.0,20.0,2.0,100.0,0.0
4021.0,0.5,20.0,2.0,100.0,65.053825
4022.0,1.0,20.0,2.0,100.0,47.38495
4023.0,2.0,20.0,2.0,100.0,12.267473
4024.0,3.0,20.0,2.0,100.0,15.6311655
4025.0,5.0,20.0,2.0,100.0,3.7563672
4026.0,10.0,20.0,2.0,100.0,5.662517
4027.0,20.0,20.0,2.0,100.0,2.8654015
4028.0,40.0,20.0,2.0,100.0,3.805955
4029.0,49.0,20.0,2.0,100.0,2.9479616
4030.0,0.0,20.0,2.0,100.0,0.0
4031.0,0.5,20.0,2.0,100.0,0.0
4032.0,1.0,20.0,2.0,100.0,40.673496
4033.0,2.0,20.0,2.0,100.0,29.569128
4034.0,3.0,20.0,2.0,100.0,23.930456
4035.0,5.0,20.0,2.0,100.0,36.115555
4036.0,10.0,20.0,2.0,100.0,3.9351358
4037.0,20.0,20.0,2.0,100.0,6.5675974
4038.0,40.0,20.0,2.0,100.0,3.445482
4039.0,49.0,20.0,2.0,100.0,3.0480282
4040.0,0.0,20.0,2.0,100.0,0.0
4041.0,0.5,20.0,2.0,100.0,45.214306
4042.0,1.0,20.0,2.0,100.0,3.276476
4043.0,2.0,20.0,2.0,100.0,19.71463
4044.0,3.0,20.0,2.0,100.0,22.572107
4045.0,5.0,20.0,2.0,100.0,14.459138
4046.0,10.0,20.0,2.0,100.0,6.8768387
4047.0,20.0,20.0,2.0,100.0,6.334972
4048.0,40.0,20.0,2.0,100.0,3.1201432
4049.0,49.0,20.0,2.0,100.0,3.620814
4050.0,0.0,20.0,2.0,100.0,0.0
4051.0,0.5,20.0,2.0,100.0,0.0
4052.0,1.0,20.0,2.0,100.0,33.020195
4053.0,2.0,20.0,2.0,100.0,16.194649
4054.0,3.0,20.0,2.0,100.0,25.62551
4055.0,5.0,20.0,2.0,100.0,8.836906
4056.0,10.0,20.0,2.0,100.0,6.757983
4057.0,20.0,20.0,2.0,100.0,2.1190743
4058.0,40.0,20.0,2.0,100.0,2.705598
4059.0,49.0,20.0,2.0,100.0,2.9309514
4060.0,0.0,20.0,2.0,100.0,0.0
4061.0,0.5,20.0,2.0,100.0,35.303444
4062.0,1.0,20.0,2.0,100.0,24.913183
4063.0,2.0,20.0,2.0,100.0,9.663382
4064.0,3.0,20.0,2.0,100.0,19.604422
4065.0,5.0,20.0,2.0,100.0,12.825755
4066.0,10.0,20.0,2.0,100.0,6.6791553
4067.0,20.0,20.0,2.0,100.0,2.3570223
4068.0,40.0,20.0,2.0,100.0,3.1595027
4069.0,49.0,20.0,2.0,100.0,2.2484074
4070.0,0.0,20.0,2.0,100.0,0.0
4071.0,0.5,20.0,2.0,100.0,0.0
4072.0,1.0,20.0,2.0,100.0,23.762716
4073.0,2.0,20.0,2.0,100.0,37.16629
4074.0,3.0,20.0,2.0,100.0,13.752922
4075.0,5.0,20.0,2.0,100.0,17.477606
4076.0,10.0,20.0,2.0,100.0,4.5303216
4077.0,20.0,20.0,2.0,100.0,1.6329932
4078.0,40.0,20.0,2.0,100.0,3.2444284
4079.0,49.0,20.0,2.0,100.0,2.896632
4080.0,0.0,20.0,2.0,100.0,0.0
4081.0,0.5,20.0,2.0,100.0,0.0
4082.0,1.0,20.0,2.0,100.0,9.724784
4083.0,2.0,20.0,2.0,100.0,26.140644
4084.0,3.0,20.0,2.0,100.0,18.77942
4085.0,5.0,20.0,2.0,100.0,9.964482
4086.0,10.0,20.0,2.0,100.0,5.665266
4087.0,20.0,20.0,2.0,100.0,3.295496
4088.0,40.0,20.0,2.0,100.0,3.9277096
4089.0,49.0,20.0,2.0,100.0,2.3431766
4090.0,0.0,20.0,2.0,100.0,0.0
4091.0,0.5,20.0,2.0,100.0,0.0
4092.0,1.0,20.0,2.0,100.0,0.0
4093.0,2.0,20.0,2.0,100.0,9.297288
4094.0,3.0,20.0,2.0,100.0,16.111221
4095.0,5.0,20.0,2.0,100.0,28.746014
4096.0,10.0,20.0,2.0,100.0,8.300448
4097.0,20.0,20.0,2.0,100.0,4.8511167
4098.0,40.0,20.0,2.0,100.0,2.635786
4099.0,49.0,20.0,2.0,100.0,3.1599517
4100.0,0.0,20.0,2.0,100.0,0.0
4101.0,0.5,20.0,2.0,100.0,39.247078
4102.0,1.0,20.0,2.0,100.0,60.811184
4103.0,2.0,20.0,2.0,100.0,42.14657
4104.0,3.0,20.0,2.0,100.0,15.641825
4105.0,5.0,20.0,2.0,100.0,8.893308
4106.0,10.0,20.0,2.0,100.0,3.4775808
4107.0,20.0,20.0,2.0,100.0,4.314439
4108.0,40.0,20.0,2.0,100.0,3.6031175
4109.0,49.0,20.0,2.0,100.0,4.011887
4110.0,0.0,20.0,2.0,100.0,0.0
4111.0,0.5,20.0,2.0,100.0,49.497475
4112.0,1.0,20.0,2.0,100.0,0.0
4113.0,2.0,20.0,2.0,100.0,26.720778
4114.0,3.0,20.0,2.0,100.0,21.224985
4115.0,5.0,20.0,2.0,100.0,13.103979
4116.0,10.0,20.0,2.0,100.0,13.0
4117.0,20.0,20.0,2.0,100.0,5.5450206
4118.0,40.0,20.0,2.0,100.0,2.0953462
4119.0,49.0,20.0,2.0,100.0,4.011679
4120.0,0.0,20.0,2.0,100.0,0.0
4121.0,0.5,20.0,2.0,100.0,0.0
4122.0,1.0,20.0,2.0,100.0,40.673496
4123.0,2.0,20.0,2.0,100.0,2.7812397
4124.0,3.0,20.0,2.0,100.0,13.251834
4125.0,5.0,20.0,2.0,100.0,7.640743
4126.0,10.0,20.0,2.0,100.0,2.896632
4127.0,20.0,20.0,2.0,100.0,4.106905
4128.0,40.0,20.0,2.0,100.0,3.1063037
4129.0,49.0,20.0,2.0,100.0,2.0615528
4130.0,0.0,20.0,2.0,100.0,0.0
4131.0,0.5,20.0,2.0,100.0,28.219378
4132.0,1.0,20.0,2.0,100.0,48.418316
4133.0,2.0,20.0,2.0,100.0,20.64784
4134.0,3.0,20.0,2.0,100.0,9.428544
4135.0,5.0,20.0,2.0,100.0,13.597969
4136.0,10.0,20.0,2.0,100.0,6.2767377
4137.0,20.0,20.0,2.0,100.0,3.450869
4138.0,40.0,20.0,2.0,100.0,5.4830737
4139.0,49.0,20.0,2.0,100.0,2.9219875
4140.0,0.0,20.0,2.0,100.0,0.0
4141.0,0.5,20.0,2.0,100.0,0.0
4142.0,1.0,20.0,2.0,100.0,29.905407
4143.0,2.0,20.0,2.0,100.0,23.755701
4144.0,3.0,20.0,2.0,100.0,17.461523
4145.0,5.0,20.0,2.0,100.0,14.637851
4146.0,10.0,20.0,2.0,100.0,7.3682365
4147.0,20.0,20.0,2.0,100.0,3.9667737
4148.0,40.0,20.0,2.0,100.0,4.151879
4149.0,49.0,20.0,2.0,100.0,3.5989413
4150.0,0.0,20.0,2.0,100.0,0.0
4151.0,0.5,20.0,2.0,100.0,0.0
4152.0,1.0,20.0,2.0,100.0,9.347777
4153.0,2.0,20.0,2.0,100.0,19.087519
4154.0,3.0,20.0,2.0,100.0,28.925192
4155.0,5.0,20.0,2.0,100.0,11.084273
4156.0,10.0,20.0,2.0,100.0,6.932828
4157.0,20.0,20.0,2.0,100.0,4.7154317
4158.0,40.0,20.0,2.0,100.0,4.136459
4159.0,49.0,20.0,2.0,100.0,3.8223417
4160.0,0.0,20.0,2.0,100.0,0.0
4161.0,0.5,20.0,2.0,100.0,0.0
4162.0,1.0,20.0,2.0,100.0,22.803509
4163.0,2.0,20.0,2.0,100.0,20.033304
4164.0,3.0,20.0,2.0,100.0,32.50128
4165.0,5.0,20.0,2.0,100.0,3.2573447
4166.0,10.0,20.0,2.0,100.0,5.7934537
4167.0,20.0,20.0,2.0,100.0,2.883711
4168.0,40.0,20.0,2.0,100.0,2.0144408
4169.0,49.0,20.0,2.0,100.0,2.8267431
4170.0,0.0,20.0,2.0,100.0,21.600267
4171.0,0.5,20.0,2.0,100.0,37.20663
4172.0,1.0,20.0,2.0,100.0,0.0
4173.0,2.0,20.0,2.0,100.0,28.360771
4174.0,3.0,20.0,2.0,100.0,10.016652
4175.0,5.0,20.0,2.0,100.0,6.4194074
4176.0,10.0,20.0,2.0,100.0,6.9900723
4177.0,20.0,20.0,2.0,100.0,2.9219878
4178.0,40.0,20.0,2.0,100.0,3.077935
4179.0,49.0,20.0,2.0,100.0,2.2242682
4180.0,0.0,20.0,2.0,100.0,0.0
4181.0,0.5,20.0,2.0,100.0,43.661575
4182.0,1.0,20.0,2.0,100.0,32.316147
4183.0,2.0,20.0,2.0,100.0,37.872593
4184.0,3.0,20.0,2.0,100.0,9.637993
4185.0,5.0,20.0,2.0,100.0,12.86468
4186.0,10.0,20.0,2.0,100.0,7.0663524
4187.0,20.0,20.0,2.0,100.0,3.7689095
4188.0,40.0,20.0,2.0,100.0,3.6185036
4189.0,49.0,20.0,2.0,100.0,2.102135
4190.0,0.0,20.0,2.0,100.0,0.0
4191.0,0.5,20.0,2.0,100.0,0.0
4192.0,1.0,20.0,2.0,100.0,46.003624
4193.0,2.0,20.0,2.0,100.0,44.43347
4194.0,3.0,20.0,2.0,100.0,39.247078
4195.0,5.0,20.0,2.0,100.0,5.020836
4196.0,10.0,20.0,2.0,100.0,5.6955733
4197.0,20.0,20.0,2.0,100.0,2.7700546
4198.0,40.0,20.0,2.0,100.0,3.9418285
4199.0,49.0,20.0,2.0,100.0,2.479162
4200.0,0.0,20.0,2.0,100.0,0.0
4201.0,0.5,20.0,2.0,100.0,0.0
4202.0,1.0,20.0,2.0,100.0,43.661575
4203.0,2.0,20.0,2.0,100.0,11.0855255
4204.0,3.0,20.0,2.0,100.0,21.28939
4205.0,5.0,20.0,2.0,100.0,17.11307
4206.0,10.0,20.0,2.0,100.0,20.396078
4207.0,20.0,20.0,2.0,100.0,2.423534
4208.0,40.0,20.0,2.0,100.0,2.5397272
4209.0,49.0,20.0,2.0,100.0,3.9192212
4210.0,0.0,20.0,2.0,100.0,0.0
4211.0,0.5,20.0,2.0,100.0,0.0
4212.0,1.0,20.0,2.0,100.0,30.022213
4213.0,2.0,20.0,2.0,100.0,23.423635
4214.0,3.0,20.0,2.0,100.0,9.498538
4215.0,5.0,20.0,2.0,100.0,7.3682365
4216.0,10.0,20.0,2.0,100.0,10.208928
4217.0,20.0,20.0,2.0,100.0,2.5022864
4218.0,40.0,20.0,2.0,100.0,2.1450267
4219.0,49.0,20.0,2.0,100.0,2.5865955
4220.0,0.0,20.0,2.0,100.0,0.0
4221.0,0.5,20.0,2.0,100.0,47.60602
4222.0,1.0,20.0,2.0,100.0,21.73323
4223.0,2.0,20.0,2.0,100.0,4.935615
4224.0,3.0,20.0,2.0,100.0,15.556349
4225.0,5.0,20.0,2.0,100.0,9.802597
4226.0,10.0,20.0,2.0,100.0,4.3344984
4227.0,20.0,20.0,2.0,100.0,3.1595025
4228.0,40.0,20.0,2.0,100.0,2.576954
4229.0,49.0,20.0,2.0,100.0,3.2971725
4230.0,0.0,20.0,2.0,100.0,0.0
4231.0,0.5,20.0,2.0,100.0,0.0
4232.0,1.0,20.0,2.0,100.0,33.41656
4233.0,2.0,20.0,2.0,100.0,28.746014
4234.0,3.0,20.0,2.0,100.0,21.102922
4235.0,5.0,20.0,2.0,100.0,16.232683
4236.0,10.0,20.0,2.0,100.0,5.4185896
4237.0,20.0,20.0,2.0,100.0,6.4258003
4238.0,40.0,20.0,2.0,100.0,2.8643808
4239.0,49.0,20.0,2.0,100.0,5.0204263
4240.0,0.0,20.0,2.0,100.0,0.0
4241.0,0.5,20.0,2.0,100.0,0.0
4242.0,1.0,20.0,2.0,100.0,35.27511
4243.0,2.0,20.0,2.0,100.0,17.87363
4244.0,3.0,20.0,2.0,100.0,41.01219
4245.0,5.0,20.0,2.0,100.0,7.118052
4246.0,10.0,20.0,2.0,100.0,4.948829
4247.0,20.0,20.0,2.0,100.0,5.7175965
4248.0,40.0,20.0,2.0,100.0,3.1430538
4249.0,49.0,20.0,2.0,100.0,3.356063
4250.0,0.0,20.0,2.0,100.0,0.0
4251.0,0.5,20.0,2.0,100.0,0.0
4252.0,1.0,20.0,2.0,100.0,0.0
4253.0,2.0,20.0,2.0,100.0,17.785763
4254.0,3.0,20.0,2.0,100.0,19.966639
4255.0,5.0,20.0,2.0,100.0,12.247449
4256.0,10.0,20.0,2.0,100.0,5.7101717
4257.0,20.0,20.0,2.0,100.0,3.4982986
4258.0,40.0,20.0,2.0,100.0,2.7368734
4259.0,49.0,20.0,2.0,100.0,1.9178276
4260.0,0.0,20.0,2.0,100.0,0.0
4261.0,0.5,20.0,2.0,100.0,31.374088
4262.0,1.0,20.0,2.0,100.0,0.0
4263.0,2.0,20.0,2.0,100.0,13.735599
4264.0,3.0,20.0,2.0,100.0,8.906926
4265.0,5.0,20.0,2.0,100.0,3.935136
4266.0,10.0,20.0,2.0,100.0,10.227957
4267.0,20.0,20.0,2.0,100.0,5.573518
4268.0,40.0,20.0,2.0,100.0,3.7541401
4269.0,49.0,20.0,2.0,100.0,3.620814
4270.0,0.0,20.0,2.0,100.0,0.0
4271.0,0.5,20.0,2.0,100.0,52.548393
4272.0,1.0,20.0,2.0,100.0,52.576927
4273.0,2.0,20.0,2.0,100.0,27.501514
4274.0,3.0,20.0,2.0,100.0,41.01626
4275.0,5.0,20.0,2.0,100.0,10.132456
4276.0,10.0,20.0,2.0,100.0,5.096864
4277.0,20.0,20.0,2.0,100.0,4.358899
4278.0,40.0,20.0,2.0,100.0,2.8055916
4279.0,49.0,20.0,2.0,100.0,2.4270303
4280.0,0.0,20.0,2.0,100.0,0.0
4281.0,0.5,20.0,2.0,100.0,18.601076
4282.0,1.0,20.0,2.0,100.0,28.112867
4283.0,2.0,20.0,2.0,100.0,20.493902
4284.0,3.0,20.0,2.0,100.0,5.394001
4285.0,5.0,20.0,2.0,100.0,18.876793
4286.0,10.0,20.0,2.0,100.0,9.417585
4287.0,20.0,20.0,2.0,100.0,3.0876098
4288.0,40.0,20.0,2.0,100.0,2.520908
4289.0,49.0,20.0,2.0,100.0,2.1657507
4290.0,0.0,20.0,2.0,100.0,0.0
4291.0,0.5,20.0,2.0,100.0,41.404507
4292.0,1.0,20.0,2.0,100.0,18.900743
4293.0,2.0,20.0,2.0,100.0,0.0
4294.0,3.0,20.0,2.0,100.0,17.79513
4295.0,5.0,20.0,2.0,100.0,15.173599
4296.0,10.0,20.0,2.0,100.0,4.3120074
4297.0,20.0,20.0,2.0,100.0,3.6968455
4298.0,40.0,20.0,2.0,100.0,3.4851463
4299.0,49.0,20.0,2.0,100.0,4.25385
4300.0,0.0,20.0,2.0,100.0,0.0
4301.0,0.5,20.0,2.0,100.0,0.0
4302.0,1.0,20.0,2.0,100.0,7.6636004
4303.0,2.0,20.0,2.0,100.0,26.950573
4304.0,3.0,20.0,2.0,100.0,13.627703
4305.0,5.0,20.0,2.0,100.0,33.11596
4306.0,10.0,20.0,2.0,100.0,5.6391487
4307.0,20.0,20.0,2.0,100.0,2.9597695
4308.0,40.0,20.0,2.0,100.0,2.5569537
4309.0,49.0,20.0,2.0,100.0,4.6754994
4310.0,0.0,20.0,2.0,100.0,0.0
4311.0,0.5,20.0,2.0,100.0,33.62043
4312.0,1.0,20.0,2.0,100.0,9.7000475
4313.0,2.0,20.0,2.0,100.0,47.38495
4314.0,3.0,20.0,2.0,100.0,5.485913
4315.0,5.0,20.0,2.0,100.0,26.0832
4316.0,10.0,20.0,2.0,100.0,7.6230645
4317.0,20.0,20.0,2.0,100.0,4.2873015
4318.0,40.0,20.0,2.0,100.0,3.1788776
4319.0,49.0,20.0,2.0,100.0,1.9910867
4320.0,0.0,20.0,2.0,100.0,0.0
4321.0,0.5,20.0,2.0,100.0,0.0
4322.0,1.0,20.0,2.0,100.0,37.20663
4323.0,2.0,20.0,2.0,100.0,30.17173
4324.0,3.0,20.0,2.0,100.0,14.142136
4325.0,5.0,20.0,2.0,100.0,17.962925
4326.0,10.0,20.0,2.0,100.0,5.216205
4327.0,20.0,20.0,2.0,100.0,4.5680046
4328.0,40.0,20.0,2.0,100.0,3.9824986
4329.0,49.0,20.0,2.0,100.0,2.883711
4330.0,0.0,20.0,2.0,100.0,0.0
4331.0,0.5,20.0,2.0,100.0,24.986662
4332.0,1.0,20.0,2.0,100.0,28.005953
4333.0,2.0,20.0,2.0,100.0,14.047538
4334.0,3.0,20.0,2.0,100.0,2.8904977
4335.0,5.0,20.0,2.0,100.0,26.543766
4336.0,10.0,20.0,2.0,100.0,20.542639
4337.0,20.0,20.0,2.0,100.0,3.976119
4338.0,40.0,20.0,2.0,100.0,3.6185036
4339.0,49.0,20.0,2.0,100.0,2.2071123
4340.0,0.0,20.0,2.0,100.0,0.0
4341.0,0.5,20.0,2.0,100.0,44.43347
4342.0,1.0,20.0,2.0,100.0,36.905285
4343.0,2.0,20.0,2.0,100.0,41.404507
4344.0,3.0,20.0,2.0,100.0,22.854614
4345.0,5.0,20.0,2.0,100.0,3.732738
4346.0,10.0,20.0,2.0,100.0,3.0141282
4347.0,20.0,20.0,2.0,100.0,4.669047
4348.0,40.0,20.0,2.0,100.0,3.6338246
4349.0,49.0,20.0,2.0,100.0,2.9479616
4350.0,0.0,20.0,2.0,100.0,0.0
4351.0,0.5,20.0,2.0,100.0,35.35534
4352.0,1.0,20.0,2.0,100.0,43.661575
4353.0,2.0,20.0,2.0,100.0,16.431677
4354.0,3.0,20.0,2.0,100.0,20.992062
4355.0,5.0,20.0,2.0,100.0,17.129757
4356.0,10.0,20.0,2.0,100.0,4.5122385
4357.0,20.0,20.0,2.0,100.0,3.1599517
4358.0,40.0,20.0,2.0,100.0,2.9395056
4359.0,49.0,20.0,2.0,100.0,3.525181
4360.0,0.0,20.0,2.0,100.0,0.0
4361.0,0.5,20.0,2.0,100.0,16.686655
4362.0,1.0,20.0,2.0,100.0,23.853722
4363.0,2.0,20.0,2.0,100.0,25.337719
4364.0,3.0,20.0,2.0,100.0,30.566868
4365.0,5.0,20.0,2.0,100.0,11.962905
4366.0,10.0,20.0,2.0,100.0,9.93433
4367.0,20.0,20.0,2.0,100.0,5.531131
4368.0,40.0,20.0,2.0,100.0,3.5876656
4369.0,49.0,20.0,2.0,100.0,3.525181
4370.0,0.0,20.0,2.0,100.0,0.0
4371.0,0.5,20.0,2.0,100.0,0.0
4372.0,1.0,20.0,2.0,100.0,45.214306
4373.0,2.0,20.0,2.0,100.0,50.846172
4374.0,3.0,20.0,2.0,100.0,35.921207
4375.0,5.0,20.0,2.0,100.0,3.1788776
4376.0,10.0,20.0,2.0,100.0,7.087884
4377.0,20.0,20.0,2.0,100.0,1.8734677
4378.0,40.0,20.0,2.0,100.0,2.4257078
4379.0,49.0,20.0,2.0,100.0,2.1869178
4380.0,0.0,20.0,2.0,100.0,0.0
4381.0,0.5,20.0,2.0,100.0,0.0
4382.0,1.0,20.0,2.0,100.0,18.944782
4383.0,2.0,20.0,2.0,100.0,49.08496
4384.0,3.0,20.0,2.0,100.0,18.610033
4385.0,5.0,20.0,2.0,100.0,13.212548
4386.0,10.0,20.0,2.0,100.0,5.122314
4387.0,20.0,20.0,2.0,100.0,3.5093858
4388.0,40.0,20.0,2.0,100.0,4.344116
4389.0,49.0,20.0,2.0,100.0,2.8700442
4390.0,0.0,20.0,2.0,100.0,0.0
4391.0,0.5,20.0,2.0,100.0,49.08496
4392.0,1.0,20.0,2.0,100.0,15.318834
4393.0,2.0,20.0,2.0,100.0,14.03171
4394.0,3.0,20.0,2.0,100.0,32.005207
4395.0,5.0,20.0,2.0,100.0,15.649433
4396.0,10.0,20.0,2.0,100.0,12.33848
4397.0,20.0,20.0,2.0,100.0,4.526068
4398.0,40.0,20.0,2.0,100.0,3.838232
4399.0,49.0,20.0,2.0,100.0,4.0131364
4400.0,0.0,20.0,2.0,100.0,34.234486
4401.0,0.5,20.0,2.0,100.0,0.0
4402.0,1.0,20.0,2.0,100.0,0.0
4403.0,2.0,20.0,2.0,100.0,16.822603
4404.0,3.0,20.0,2.0,100.0,32.072834
4405.0,5.0,20.0,2.0,100.0,3.351909
4406.0,10.0,20.0,2.0,100.0,2.5476413
4407.0,20.0,20.0,2.0,100.0,4.7370415
4408.0,40.0,20.0,2.0,100.0,3.3717089
4409.0,49.0,20.0,2.0,100.0,3.1119463
4410.0,0.0,20.0,2.0,100.0,0.0
4411.0,0.5,20.0,2.0,100.0,0.0
4412.0,1.0,20.0,2.0,100.0,37.872593
4413.0,2.0,20.0,2.0,100.0,14.798649
4414.0,3.0,20.0,2.0,100.0,7.8969054
4415.0,5.0,20.0,2.0,100.0,5.914837
4416.0,10.0,20.0,2.0,100.0,15.015547
4417.0,20.0,20.0,2.0,100.0,3.1992645
4418.0,40.0,20.0,2.0,100.0,2.3082597
4419.0,49.0,20.0,2.0,100.0,2.5865955
4420.0,0.0,20.0,2.0,100.0,0.0
4421.0,0.5,20.0,2.0,100.0,28.219378
4422.0,1.0,20.0,2.0,100.0,2.026145
4423.0,2.0,20.0,2.0,100.0,20.733091
4424.0,3.0,20.0,2.0,100.0,2.1542268
4425.0,5.0,20.0,2.0,100.0,9.771946
4426.0,10.0,20.0,2.0,100.0,7.559862
4427.0,20.0,20.0,2.0,100.0,4.5549154
4428.0,40.0,20.0,2.0,100.0,5.285199
4429.0,49.0,20.0,2.0,100.0,4.4983654
4430.0,0.0,20.0,2.0,100.0,0.0
4431.0,0.5,20.0,2.0,100.0,13.674794
4432.0,1.0,20.0,2.0,100.0,0.0
4433.0,2.0,20.0,2.0,100.0,36.89625
4434.0,3.0,20.0,2.0,100.0,11.645218
4435.0,5.0,20.0,2.0,100.0,17.953644
4436.0,10.0,20.0,2.0,100.0,4.553387
4437.0,20.0,20.0,2.0,100.0,2.3001037
4438.0,40.0,20.0,2.0,100.0,2.7000883
4439.0,49.0,20.0,2.0,100.0,3.9135392
4440.0,0.0,20.0,2.0,100.0,0.0
4441.0,0.5,20.0,2.0,100.0,45.214306
4442.0,1.0,20.0,2.0,100.0,42.14657
4443.0,2.0,20.0,2.0,100.0,41.789154
4444.0,3.0,20.0,2.0,100.0,4.75911
4445.0,5.0,20.0,2.0,100.0,7.511607
4446.0,10.0,20.0,2.0,100.0,3.2473764
4447.0,20.0,20.0,2.0,100.0,1.820931
4448.0,40.0,20.0,2.0,100.0,5.234501
4449.0,49.0,20.0,2.0,100.0,3.284886
4450.0,0.0,20.0,2.0,100.0,0.0
4451.0,0.5,20.0,2.0,100.0,0.0
4452.0,1.0,20.0,2.0,100.0,21.338541
4453.0,2.0,20.0,2.0,100.0,33.26159
4454.0,3.0,20.0,2.0,100.0,8.445907
4455.0,5.0,20.0,2.0,100.0,11.982129
4456.0,10.0,20.0,2.0,100.0,7.8462796
4457.0,20.0,20.0,2.0,100.0,3.525181
4458.0,40.0,20.0,2.0,100.0,4.4023805
4459.0,49.0,20.0,2.0,100.0,2.4708831
4460.0,0.0,20.0,2.0,100.0,0.0
4461.0,0.5,20.0,2.0,100.0,0.0
4462.0,1.0,20.0,2.0,100.0,51.67527
4463.0,2.0,20.0,2.0,100.0,50.91169
4464.0,3.0,20.0,2.0,100.0,10.7349
4465.0,5.0,20.0,2.0,100.0,2.725234
4466.0,10.0,20.0,2.0,100.0,3.184932
4467.0,20.0,20.0,2.0,100.0,3.8209946
4468.0,40.0,20.0,2.0,100.0,2.700088
4469.0,49.0,20.0,2.0,100.0,2.385472
4470.0,0.0,20.0,2.0,100.0,0.0
4471.0,0.5,20.0,2.0,100.0,42.14657
4472.0,1.0,20.0,2.0,100.0,42.253204
4473.0,2.0,20.0,2.0,100.0,35.65576
4474.0,3.0,20.0,2.0,100.0,39.551655
4475.0,5.0,20.0,2.0,100.0,9.217901
4476.0,10.0,20.0,2.0,100.0,3.941235
4477.0,20.0,20.0,2.0,100.0,7.286351
4478.0,40.0,20.0,2.0,100.0,2.4828413
4479.0,49.0,20.0,2.0,100.0,2.9550004
4480.0,0.0,20.0,2.0,100.0,0.0
4481.0,0.5,20.0,2.0,100.0,15.365252
4482.0,1.0,20.0,2.0,100.0,33.090786
4483.0,2.0,20.0,2.0,100.0,7.593857
4484.0,3.0,20.0,2.0,100.0,4.829106
4485.0,5.0,20.0,2.0,100.0,12.165525
4486.0,10.0,20.0,2.0,100.0,4.486855
4487.0,20.0,20.0,2.0,100.0,2.9912152
4488.0,40.0,20.0,2.0,100.0,3.1119463
4489.0,49.0,20.0,2.0,100.0,2.2562084
4490.0,0.0,20.0,2.0,100.0,0.0
4491.0,0.5,20.0,2.0,100.0,0.0
4492.0,1.0,20.0,2.0,100.0,13.291601
4493.0,2.0,20.0,2.0,100.0,28.041634
4494.0,3.0,20.0,2.0,100.0,7.3678837
4495.0,5.0,20.0,2.0,100.0,11.376668
4496.0,10.0,20.0,2.0,100.0,7.80831
4497.0,20.0,20.0,2.0,100.0,3.2632992
4498.0,40.0,20.0,2.0,100.0,3.8668306
4499.0,49.0,20.0,2.0,100.0,2.9138422
4500.0,0.0,20.0,2.0,100.0,0.0
4501.0,0.5,20.0,2.0,100.0,6.454973
4502.0,1.0,20.0,2.0,100.0,36.350147
4503.0,2.0,20.0,2.0,100.0,17.720045
4504.0,3.0,20.0,2.0,100.0,18.069311
4505.0,5.0,20.0,2.0,100.0,6.204104
4506.0,10.0,20.0,2.0,100.0,6.2362576
4507.0,20.0,20.0,2.0,100.0,5.1053014
4508.0,40.0,20.0,2.0,100.0,2.91717
4509.0,49.0,20.0,2.0,100.0,2.4230857
4510.0,0.0,20.0,2.0,100.0,0.0
4511.0,0.5,20.0,2.0,100.0,0.0
4512.0,1.0,20.0,2.0,100.0,38.73414
4513.0,2.0,20.0,2.0,100.0,34.12233
4514.0,3.0,20.0,2.0,100.0,25.997438
4515.0,5.0,20.0,2.0,100.0,17.925774
4516.0,10.0,20.0,2.0,100.0,5.6820517
4517.0,20.0,20.0,2.0,100.0,4.1476035
4518.0,40.0,20.0,2.0,100.0,3.433781
4519.0,49.0,20.0,2.0,100.0,3.32455
4520.0,0.0,20.0,2.0,100.0,0.0
4521.0,0.5,20.0,2.0,100.0,46.003624
4522.0,1.0,20.0,2.0,100.0,56.568542
4523.0,2.0,20.0,2.0,100.0,7.4404497
4524.0,3.0,20.0,2.0,100.0,13.912994
4525.0,5.0,20.0,2.0,100.0,21.931713
4526.0,10.0,20.0,2.0,100.0,7.7498784
4527.0,20.0,20.0,2.0,100.0,3.3645597
4528.0,40.0,20.0,2.0,100.0,3.0262015
4529.0,49.0,20.0,2.0,100.0,1.7078252
4530.0,0.0,20.0,2.0,100.0,0.0
4531.0,0.5,20.0,2.0,100.0,39.247078
4532.0,1.0,20.0,2.0,100.0,49.23752
4533.0,2.0,20.0,2.0,100.0,54.280136
4534.0,3.0,20.0,2.0,100.0,16.391054
4535.0,5.0,20.0,2.0,100.0,10.397649
4536.0,10.0,20.0,2.0,100.0,4.8373547
4537.0,20.0,20.0,2.0,100.0,3.8074577
4538.0,40.0,20.0,2.0,100.0,3.2440424
4539.0,49.0,20.0,2.0,100.0,4.428351
4540.0,0.0,20.0,2.0,100.0,0.0
4541.0,0.5,20.0,2.0,100.0,31.214314
4542.0,1.0,20.0,2.0,100.0,41.428654
4543.0,2.0,20.0,2.0,100.0,48.335632
4544.0,3.0,20.0,2.0,100.0,22.590557
4545.0,5.0,20.0,2.0,100.0,20.108042
4546.0,10.0,20.0,2.0,100.0,15.382169
4547.0,20.0,20.0,2.0,100.0,3.2573447
4548.0,40.0,20.0,2.0,100.0,2.3473136
4549.0,49.0,20.0,2.0,100.0,2.6665134
4550.0,0.0,20.0,2.0,100.0,0.0
4551.0,0.5,20.0,2.0,100.0,0.0
4552.0,1.0,20.0,2.0,100.0,34.53018
4553.0,2.0,20.0,2.0,100.0,11.121641
4554.0,3.0,20.0,2.0,100.0,17.262676
4555.0,5.0,20.0,2.0,100.0,8.956686
4556.0,10.0,20.0,2.0,100.0,6.5750113
4557.0,20.0,20.0,2.0,100.0,4.029652
4558.0,40.0,20.0,2.0,100.0,2.5569537
4559.0,49.0,20.0,2.0,100.0,3.1770375
4560.0,0.0,20.0,2.0,100.0,0.0
4561.0,0.5,20.0,2.0,100.0,28.746014
4562.0,1.0,20.0,2.0,100.0,6.3833575
4563.0,2.0,20.0,2.0,100.0,14.3527
4564.0,3.0,20.0,2.0,100.0,32.50128
4565.0,5.0,20.0,2.0,100.0,15.958279
4566.0,10.0,20.0,2.0,100.0,9.40006
4567.0,20.0,20.0,2.0,100.0,2.9970748
4568.0,40.0,20.0,2.0,100.0,2.9309516
4569.0,49.0,20.0,2.0,100.0,3.0643885
4570.0,0.0,20.0,2.0,100.0,0.0
4571.0,0.5,20.0,2.0,100.0,39.95414
4572.0,1.0,20.0,2.0,100.0,0.0
4573.0,2.0,20.0,2.0,100.0,41.404507
4574.0,3.0,20.0,2.0,100.0,20.396078
4575.0,5.0,20.0,2.0,100.0,12.170091
4576.0,10.0,20.0,2.0,100.0,4.076074
4577.0,20.0,20.0,2.0,100.0,3.7894979
4578.0,40.0,20.0,2.0,100.0,2.6395683
4579.0,49.0,20.0,2.0,100.0,3.2234263
4580.0,0.0,20.0,2.0,100.0,0.0
4581.0,0.5,20.0,2.0,100.0,0.0
4582.0,1.0,20.0,2.0,100.0,8.117321
4583.0,2.0,20.0,2.0,100.0,48.418316
4584.0,3.0,20.0,2.0,100.0,26.312227
4585.0,5.0,20.0,2.0,100.0,7.993587
4586.0,10.0,20.0,2.0,100.0,8.358296
4587.0,20.0,20.0,2.0,100.0,5.7154765
4588.0,40.0,20.0,2.0,100.0,2.5671923
4589.0,49.0,20.0,2.0,100.0,3.3803697
4590.0,0.0,20.0,2.0,100.0,9.375015
4591.0,0.5,20.0,2.0,100.0,33.00505
4592.0,1.0,20.0,2.0,100.0,8.16645
4593.0,2.0,20.0,2.0,100.0,38.552994
4594.0,3.0,20.0,2.0,100.0,9.521904
4595.0,5.0,20.0,2.0,100.0,12.547054
4596.0,10.0,20.0,2.0,100.0,7.6479354
4597.0,20.0,20.0,2.0,100.0,6.237075
4598.0,40.0,20.0,2.0,100.0,3.396765
4599.0,49.0,20.0,2.0,100.0,3.1241374
4600.0,0.0,20.0,2.0,100.0,0.0
4601.0,0.5,20.0,2.0,100.0,42.14657
4602.0,1.0,20.0,2.0,100.0,0.0
4603.0,2.0,20.0,2.0,100.0,40.611984
4604.0,3.0,20.0,2.0,100.0,15.731072
4605.0,5.0,20.0,2.0,100.0,19.054308
4606.0,10.0,20.0,2.0,100.0,9.306238
4607.0,20.0,20.0,2.0,100.0,3.295496
4608.0,40.0,20.0,2.0,100.0,3.062834
4609.0,49.0,20.0,2.0,100.0,2.6217394
4610.0,0.0,20.0,2.0,100.0,0.0
4611.0,0.5,20.0,2.0,100.0,0.0
4612.0,1.0,20.0,2.0,100.0,45.785732
4613.0,2.0,20.0,2.0,100.0,17.14643
4614.0,3.0,20.0,2.0,100.0,17.75841
4615.0,5.0,20.0,2.0,100.0,10.267841
4616.0,10.0,20.0,2.0,100.0,7.6740413
4617.0,20.0,20.0,2.0,100.0,3.6010168
4618.0,40.0,20.0,2.0,100.0,2.98169
4619.0,49.0,20.0,2.0,100.0,3.052178
4620.0,0.0,20.0,2.0,100.0,8.191168
4621.0,0.5,20.0,2.0,100.0,41.404507
4622.0,1.0,20.0,2.0,100.0,31.085901
4623.0,2.0,20.0,2.0,100.0,45.254833
4624.0,3.0,20.0,2.0,100.0,49.237522
4625.0,5.0,20.0,2.0,100.0,16.329931
4626.0,10.0,20.0,2.0,100.0,6.113997
4627.0,20.0,20.0,2.0,100.0,3.2971725
4628.0,40.0,20.0,2.0,100.0,3.0883672
4629.0,49.0,20.0,2.0,100.0,3.0150416
4630.0,0.0,20.0,2.0,100.0,0.0
4631.0,0.5,20.0,2.0,100.0,27.006172
4632.0,1.0,20.0,2.0,100.0,43.085186
4633.0,2.0,20.0,2.0,100.0,28.988503
4634.0,3.0,20.0,2.0,100.0,10.885353
4635.0,5.0,20.0,2.0,100.0,9.988883
4636.0,10.0,20.0,2.0,100.0,6.926617
4637.0,20.0,20.0,2.0,100.0,5.7646136
4638.0,40.0,20.0,2.0,100.0,3.276476
4639.0,49.0,20.0,2.0,100.0,3.7922227
4640.0,0.0,20.0,2.0,100.0,0.0
4641.0,0.5,20.0,2.0,100.0,0.0
4642.0,1.0,20.0,2.0,100.0,48.211338
4643.0,2.0,20.0,2.0,100.0,20.34699
4644.0,3.0,20.0,2.0,100.0,5.8364463
4645.0,5.0,20.0,2.0,100.0,43.840622
4646.0,10.0,20.0,2.0,100.0,6.7536
4647.0,20.0,20.0,2.0,100.0,5.2089667
4648.0,40.0,20.0,2.0,100.0,2.964874
4649.0,49.0,20.0,2.0,100.0,3.8128748
4650.0,0.0,20.0,2.0,100.0,0.0
4651.0,0.5,20.0,2.0,100.0,0.0
4652.0,1.0,20.0,2.0,100.0,0.0
4653.0,2.0,20.0,2.0,100.0,8.328424
4654.0,3.0,20.0,2.0,100.0,8.630812
4655.0,5.0,20.0,2.0,100.0,9.60324
4656.0,10.0,20.0,2.0,100.0,3.1773005
4657.0,20.0,20.0,2.0,100.0,3.2219484
4658.0,40.0,20.0,2.0,100.0,2.8381925
4659.0,49.0,20.0,2.0,100.0,3.6490808
4660.0,0.0,20.0,2.0,100.0,0.0
4661.0,0.5,20.0,2.0,100.0,41.30779
4662.0,1.0,20.0,2.0,100.0,0.0
4663.0,2.0,20.0,2.0,100.0,18.903261
4664.0,3.0,20.0,2.0,100.0,24.069344
4665.0,5.0,20.0,2.0,100.0,11.445523
4666.0,10.0,20.0,2.0,100.0,6.410219
4667.0,20.0,20.0,2.0,100.0,4.029652
4668.0,40.0,20.0,2.0,100.0,1.944893
4669.0,49.0,20.0,2.0,100.0,2.937955
4670.0,0.0,20.0,2.0,100.0,0.0
4671.0,0.5,20.0,2.0,100.0,0.0
4672.0,1.0,20.0,2.0,100.0,34.12233
4673.0,2.0,20.0,2.0,100.0,0.0
4674.0,3.0,20.0,2.0,100.0,8.249885
4675.0,5.0,20.0,2.0,100.0,9.720644
4676.0,10.0,20.0,2.0,100.0,1.6126968
4677.0,20.0,20.0,2.0,100.0,4.4486904
4678.0,40.0,20.0,2.0,100.0,3.5308166
4679.0,49.0,20.0,2.0,100.0,3.2381003
4680.0,0.0,20.0,2.0,100.0,0.0
4681.0,0.5,20.0,2.0,100.0,0.0
4682.0,1.0,20.0,2.0,100.0,32.50128
4683.0,2.0,20.0,2.0,100.0,11.642833
4684.0,3.0,20.0,2.0,100.0,18.418419
4685.0,5.0,20.0,2.0,100.0,7.6078105
4686.0,10.0,20.0,2.0,100.0,4.9562187
4687.0,20.0,20.0,2.0,100.0,5.249338
4688.0,40.0,20.0,2.0,100.0,2.825324
4689.0,49.0,20.0,2.0,100.0,3.345217
4690.0,0.0,20.0,2.0,100.0,0.0
4691.0,0.5,20.0,2.0,100.0,15.731072
4692.0,1.0,20.0,2.0,100.0,14.21267
4693.0,2.0,20.0,2.0,100.0,54.28014
4694.0,3.0,20.0,2.0,100.0,10.129714
4695.0,5.0,20.0,2.0,100.0,8.721273
4696.0,10.0,20.0,2.0,100.0,4.4088445
4697.0,20.0,20.0,2.0,100.0,3.6273813
4698.0,40.0,20.0,2.0,100.0,4.25385
4699.0,49.0,20.0,2.0,100.0,2.1869175
4700.0,0.0,20.0,2.0,100.0,0.0
4701.0,0.5,20.0,2.0,100.0,0.0
4702.0,1.0,20.0,2.0,100.0,0.0
4703.0,2.0,20.0,2.0,100.0,8.855746
4704.0,3.0,20.0,2.0,100.0,11.3959055
4705.0,5.0,20.0,2.0,100.0,6.0904493
4706.0,10.0,20.0,2.0,100.0,8.803409
4707.0,20.0,20.0,2.0,100.0,3.4778209
4708.0,40.0,20.0,2.0,100.0,4.745926
4709.0,49.0,20.0,2.0,100.0,3.0798204
4710.0,0.0,20.0,2.0,100.0,0.0
4711.0,0.5,20.0,2.0,100.0,0.0
4712.0,1.0,20.0,2.0,100.0,0.0
4713.0,2.0,20.0,2.0,100.0,9.831921
4714.0,3.0,20.0,2.0,100.0,22.627417
4715.0,5.0,20.0,2.0,100.0,21.656408
4716.0,10.0,20.0,2.0,100.0,5.633007
4717.0,20.0,20.0,2.0,100.0,3.6794038
4718.0,40.0,20.0,2.0,100.0,4.151541
4719.0,49.0,20.0,2.0,100.0,3.2418947
4720.0,0.0,20.0,2.0,100.0,0.0
4721.0,0.5,20.0,2.0,100.0,0.0
4722.0,1.0,20.0,2.0,100.0,39.247078
4723.0,2.0,20.0,2.0,100.0,24.5017
4724.0,3.0,20.0,2.0,100.0,20.126268
4725.0,5.0,20.0,2.0,100.0,9.504385
4726.0,10.0,20.0,2.0,100.0,7.265527
4727.0,20.0,20.0,2.0,100.0,1.9956092
4728.0,40.0,20.0,2.0,100.0,2.5476413
4729.0,49.0,20.0,2.0,100.0,3.772969
4730.0,0.0,20.0,2.0,100.0,0.0
4731.0,0.5,20.0,2.0,100.0,35.921207
4732.0,1.0,20.0,2.0,100.0,15.253415
4733.0,2.0,20.0,2.0,100.0,6.715299
4734.0,3.0,20.0,2.0,100.0,21.020626
4735.0,5.0,20.0,2.0,100.0,15.500538
4736.0,10.0,20.0,2.0,100.0,3.6338243
4737.0,20.0,20.0,2.0,100.0,4.4142146
4738.0,40.0,20.0,2.0,100.0,3.313979
4739.0,49.0,20.0,2.0,100.0,2.3644187
4740.0,0.0,20.0,2.0,100.0,0.0
4741.0,0.5,20.0,2.0,100.0,37.434387
4742.0,1.0,20.0,2.0,100.0,0.0
4743.0,2.0,20.0,2.0,100.0,42.14657
4744.0,3.0,20.0,2.0,100.0,6.372288
4745.0,5.0,20.0,2.0,100.0,5.5976186
4746.0,10.0,20.0,2.0,100.0,5.0784693
4747.0,20.0,20.0,2.0,100.0,4.553387
4748.0,40.0,20.0,2.0,100.0,3.0150416
4749.0,49.0,20.0,2.0,100.0,2.4635875
4750.0,0.0,20.0,2.0,100.0,0.0
4751.0,0.5,20.0,2.0,100.0,15.467323
4752.0,1.0,20.0,2.0,100.0,0.0
4753.0,2.0,20.0,2.0,100.0,39.551655
4754.0,3.0,20.0,2.0,100.0,26.576933
4755.0,5.0,20.0,2.0,100.0,33.506218
4756.0,10.0,20.0,2.0,100.0,6.2841797
4757.0,20.0,20.0,2.0,100.0,2.2021976
4758.0,40.0,20.0,2.0,100.0,4.482585
4759.0,49.0,20.0,2.0,100.0,2.9219878
4760.0,0.0,20.0,2.0,100.0,0.0
4761.0,0.5,20.0,2.0,100.0,14.306176
4762.0,1.0,20.0,2.0,100.0,4.928054
4763.0,2.0,20.0,2.0,100.0,20.550749
4764.0,3.0,20.0,2.0,100.0,43.661575
4765.0,5.0,20.0,2.0,100.0,13.185851
4766.0,10.0,20.0,2.0,100.0,4.567307
4767.0,20.0,20.0,2.0,100.0,3.5565605
4768.0,40.0,20.0,2.0,100.0,3.4978986
4769.0,49.0,20.0,2.0,100.0,3.4027853
4770.0,0.0,20.0,2.0,100.0,0.0
4771.0,0.5,20.0,2.0,100.0,0.0
4772.0,1.0,20.0,2.0,100.0,10.367783
4773.0,2.0,20.0,2.0,100.0,2.427908
4774.0,3.0,20.0,2.0,100.0,22.642143
4775.0,5.0,20.0,2.0,100.0,9.180725
4776.0,10.0,20.0,2.0,100.0,10.653212
4777.0,20.0,20.0,2.0,100.0,3.347339
4778.0,40.0,20.0,2.0,100.0,2.844376
4779.0,49.0,20.0,2.0,100.0,2.883711
4780.0,0.0,20.0,2.0,100.0,0.0
4781.0,0.5,20.0,2.0,100.0,0.0
4782.0,1.0,20.0,2.0,100.0,45.254833
4783.0,2.0,20.0,2.0,100.0,21.702534
4784.0,3.0,20.0,2.0,100.0,6.5878677
4785.0,5.0,20.0,2.0,100.0,12.795088
4786.0,10.0,20.0,2.0,100.0,6.065301
4787.0,20.0,20.0,2.0,100.0,2.3055997
4788.0,40.0,20.0,2.0,100.0,2.6841533
4789.0,49.0,20.0,2.0,100.0,2.948169
4790.0,0.0,20.0,2.0,100.0,0.0
4791.0,0.5,20.0,2.0,100.0,0.0
4792.0,1.0,20.0,2.0,100.0,22.992752
4793.0,2.0,20.0,2.0,100.0,44.16258
4794.0,3.0,20.0,2.0,100.0,16.758911
4795.0,5.0,20.0,2.0,100.0,8.400245
4796.0,10.0,20.0,2.0,100.0,2.8097575
4797.0,20.0,20.0,2.0,100.0,5.5435343
4798.0,40.0,20.0,2.0,100.0,3.9509864
4799.0,49.0,20.0,2.0,100.0,3.2389004
4800.0,0.0,20.0,2.0,100.0,0.0
4801.0,0.5,20.0,2.0,100.0,28.988503
4802.0,1.0,20.0,2.0,100.0,12.552746
4803.0,2.0,20.0,2.0,100.0,14.628738
4804.0,3.0,20.0,2.0,100.0,19.16942
4805.0,5.0,20.0,2.0,100.0,8.830517
4806.0,10.0,20.0,2.0,100.0,4.099942
4807.0,20.0,20.0,2.0,100.0,3.1770375
4808.0,40.0,20.0,2.0,100.0,2.1561823
4809.0,49.0,20.0,2.0,100.0,3.1241374
4810.0,0.0,20.0,2.0,100.0,0.0
4811.0,0.5,20.0,2.0,100.0,0.0
4812.0,1.0,20.0,2.0,100.0,46.66905
4813.0,2.0,20.0,2.0,100.0,32.005207
4814.0,3.0,20.0,2.0,100.0,12.776466
4815.0,5.0,20.0,2.0,100.0,4.2817445
4816.0,10.0,20.0,2.0,100.0,9.016147
4817.0,20.0,20.0,2.0,100.0,2.3767881
4818.0,40.0,20.0,2.0,100.0,3.177038
4819.0,49.0,20.0,2.0,100.0,3.2696295
4820.0,0.0,20.0,2.0,100.0,0.0
4821.0,0.5,20.0,2.0,100.0,0.0
4822.0,1.0,20.0,2.0,100.0,34.703506
4823.0,2.0,20.0,2.0,100.0,23.245071
4824.0,3.0,20.0,2.0,100.0,31.706991
4825.0,5.0,20.0,2.0,100.0,17.156145
4826.0,10.0,20.0,2.0,100.0,4.750169
4827.0,20.0,20.0,2.0,100.0,6.7149763
4828.0,40.0,20.0,2.0,100.0,3.38037
4829.0,49.0,20.0,2.0,100.0,4.0666957
4830.0,0.0,20.0,2.0,100.0,0.0
4831.0,0.5,20.0,2.0,100.0,45.785732
4832.0,1.0,20.0,2.0,100.0,37.872593
4833.0,2.0,20.0,2.0,100.0,18.326666
4834.0,3.0,20.0,2.0,100.0,14.0119
4835.0,5.0,20.0,2.0,100.0,11.935009
4836.0,10.0,20.0,2.0,100.0,11.556624
4837.0,20.0,20.0,2.0,100.0,3.3705037
4838.0,40.0,20.0,2.0,100.0,3.413081
4839.0,49.0,20.0,2.0,100.0,2.9735677
4840.0,0.0,20.0,2.0,100.0,7.917759
4841.0,0.5,20.0,2.0,100.0,0.0
4842.0,1.0,20.0,2.0,100.0,22.394196
4843.0,2.0,20.0,2.0,100.0,22.262325
4844.0,3.0,20.0,2.0,100.0,24.124676
4845.0,5.0,20.0,2.0,100.0,17.288862
4846.0,10.0,20.0,2.0,100.0,5.5813546
4847.0,20.0,20.0,2.0,100.0,4.9521523
4848.0,40.0,20.0,2.0,100.0,3.2078774
4849.0,49.0,20.0,2.0,100.0,2.3295708
4850.0,0.0,20.0,2.0,100.0,0.0
4851.0,0.5,20.0,2.0,100.0,0.0
4852.0,1.0,20.0,2.0,100.0,0.0
4853.0,2.0,20.0,2.0,100.0,42.899105
4854.0,3.0,20.0,2.0,100.0,14.679918
4855.0,5.0,20.0,2.0,100.0,27.46513
4856.0,10.0,20.0,2.0,100.0,12.716693
4857.0,20.0,20.0,2.0,100.0,2.9648736
4858.0,40.0,20.0,2.0,100.0,3.9509864
4859.0,49.0,20.0,2.0,100.0,2.8573594
4860.0,0.0,20.0,2.0,100.0,0.0
4861.0,0.5,20.0,2.0,100.0,40.6694
4862.0,1.0,20.0,2.0,100.0,0.0
4863.0,2.0,20.0,2.0,100.0,8.805302
4864.0,3.0,20.0,2.0,100.0,10.083171
4865.0,5.0,20.0,2.0,100.0,10.740628
4866.0,10.0,20.0,2.0,100.0,5.266001
4867.0,20.0,20.0,2.0,100.0,3.9242833
4868.0,40.0,20.0,2.0,100.0,2.825324
4869.0,49.0,20.0,2.0,100.0,3.2802796
4870.0,0.0,20.0,2.0,100.0,0.0
4871.0,0.5,20.0,2.0,100.0,43.085186
4872.0,1.0,20.0,2.0,100.0,15.193984
4873.0,2.0,20.0,2.0,100.0,52.576927
4874.0,3.0,20.0,2.0,100.0,10.630146
4875.0,5.0,20.0,2.0,100.0,9.357113
4876.0,10.0,20.0,2.0,100.0,6.244998
4877.0,20.0,20.0,2.0,100.0,4.2201333
4878.0,40.0,20.0,2.0,100.0,2.2685335
4879.0,49.0,20.0,2.0,100.0,3.8901584
4880.0,0.0,20.0,2.0,100.0,0.0
4881.0,0.5,20.0,2.0,100.0,6.1696115
4882.0,1.0,20.0,2.0,100.0,51.675266
4883.0,2.0,20.0,2.0,100.0,14.892205
4884.0,3.0,20.0,2.0,100.0,9.643651
4885.0,5.0,20.0,2.0,100.0,13.363063
4886.0,10.0,20.0,2.0,100.0,4.064949
4887.0,20.0,20.0,2.0,100.0,3.9192212
4888.0,40.0,20.0,2.0,100.0,4.871888
4889.0,49.0,20.0,2.0,100.0,2.8267431
4890.0,0.0,20.0,2.0,100.0,0.0
4891.0,0.5,20.0,2.0,100.0,0.0
4892.0,1.0,20.0,2.0,100.0,0.0
4893.0,2.0,20.0,2.0,100.0,22.0
4894.0,3.0,20.0,2.0,100.0,25.32456
4895.0,5.0,20.0,2.0,100.0,5.920722
4896.0,10.0,20.0,2.0,100.0,13.341664
4897.0,20.0,20.0,2.0,100.0,3.5157208
4898.0,40.0,20.0,2.0,100.0,3.6774733
4899.0,49.0,20.0,2.0,100.0,2.3473134
4900.0,0.0,20.0,2.0,100.0,0.0
4901.0,0.5,20.0,2.0,100.0,16.609234
4902.0,1.0,20.0,2.0,100.0,28.00595
4903.0,2.0,20.0,2.0,100.0,33.70954
4904.0,3.0,20.0,2.0,100.0,15.695895
4905.0,5.0,20.0,2.0,100.0,18.768007
4906.0,10.0,20.0,2.0,100.0,2.643951
4907.0,20.0,20.0,2.0,100.0,5.6223035
4908.0,40.0,20.0,2.0,100.0,2.378105
4909.0,49.0,20.0,2.0,100.0,2.727253
4910.0,0.0,20.0,2.0,100.0,0.0
4911.0,0.5,20.0,2.0,100.0,0.0
4912.0,1.0,20.0,2.0,100.0,28.988503
4913.0,2.0,20.0,2.0,100.0,41.789154
4914.0,3.0,20.0,2.0,100.0,31.42186
4915.0,5.0,20.0,2.0,100.0,12.398156
4916.0,10.0,20.0,2.0,100.0,3.885259
4917.0,20.0,20.0,2.0,100.0,3.8384025
4918.0,40.0,20.0,2.0,100.0,4.4221663
4919.0,49.0,20.0,2.0,100.0,2.4635875
4920.0,0.0,20.0,2.0,100.0,48.211338
4921.0,0.5,20.0,2.0,100.0,21.501938
4922.0,1.0,20.0,2.0,100.0,0.0
4923.0,2.0,20.0,2.0,100.0,19.218046
4924.0,3.0,20.0,2.0,100.0,34.302574
4925.0,5.0,20.0,2.0,100.0,5.467855
4926.0,10.0,20.0,2.0,100.0,3.9192212
4927.0,20.0,20.0,2.0,100.0,5.266001
4928.0,40.0,20.0,2.0,100.0,2.8697202
4929.0,49.0,20.0,2.0,100.0,3.6551738
4930.0,0.0,20.0,2.0,100.0,0.0
4931.0,0.5,20.0,2.0,100.0,0.0
4932.0,1.0,20.0,2.0,100.0,52.576927
4933.0,2.0,20.0,2.0,100.0,28.00595
4934.0,3.0,20.0,2.0,100.0,23.036203
4935.0,5.0,20.0,2.0,100.0,7.726381
4936.0,10.0,20.0,2.0,100.0,7.573712
4937.0,20.0,20.0,2.0,100.0,5.868939
4938.0,40.0,20.0,2.0,100.0,3.2078772
4939.0,49.0,20.0,2.0,100.0,2.4047055
4940.0,0.0,20.0,2.0,100.0,0.0
4941.0,0.5,20.0,2.0,100.0,0.0
4942.0,1.0,20.0,2.0,100.0,11.930353
4943.0,2.0,20.0,2.0,100.0,7.992421
4944.0,3.0,20.0,2.0,100.0,42.158432
4945.0,5.0,20.0,2.0,100.0,8.640987
4946.0,10.0,20.0,2.0,100.0,8.721273
4947.0,20.0,20.0,2.0,100.0,3.8535273
4948.0,40.0,20.0,2.0,100.0,3.2761767
4949.0,49.0,20.0,2.0,100.0,2.102135
4950.0,0.0,20.0,2.0,100.0,0.0
4951.0,0.5,20.0,2.0,100.0,44.43347
4952.0,1.0,20.0,2.0,100.0,39.247078
4953.0,2.0,20.0,2.0,100.0,5.2493386
4954.0,3.0,20.0,2.0,100.0,28.746014
4955.0,5.0,20.0,2.0,100.0,6.891365
4956.0,10.0,20.0,2.0,100.0,10.677078
4957.0,20.0,20.0,2.0,100.0,4.1878414
4958.0,40.0,20.0,2.0,100.0,3.958114
4959.0,49.0,20.0,2.0,100.0,3.8707178
4960.0,0.0,20.0,2.0,100.0,0.0
4961.0,0.5,20.0,2.0,100.0,0.0
4962.0,1.0,20.0,2.0,100.0,41.404507
4963.0,2.0,20.0,2.0,100.0,16.391794
4964.0,3.0,20.0,2.0,100.0,25.813435
4965.0,5.0,20.0,2.0,100.0,4.365197
4966.0,10.0,20.0,2.0,100.0,5.266431
4967.0,20.0,20.0,2.0,100.0,4.203173
4968.0,40.0,20.0,2.0,100.0,2.5546656
4969.0,49.0,20.0,2.0,100.0,3.9336605
4970.0,0.0,20.0,2.0,100.0,0.0
4971.0,0.5,20.0,2.0,100.0,0.0
4972.0,1.0,20.0,2.0,100.0,30.28751
4973.0,2.0,20.0,2.0,100.0,16.041613
4974.0,3.0,20.0,2.0,100.0,42.14657
4975.0,5.0,20.0,2.0,100.0,19.79899
4976.0,10.0,20.0,2.0,100.0,10.705423
4977.0,20.0,20.0,2.0,100.0,3.9135392
4978.0,40.0,20.0,2.0,100.0,2.7368734
4979.0,49.0,20.0,2.0,100.0,2.605854
4980.0,0.0,20.0,2.0,100.0,0.0
4981.0,0.5,20.0,2.0,100.0,32.516663
4982.0,1.0,20.0,2.0,100.0,41.404507
4983.0,2.0,20.0,2.0,100.0,17.131842
4984.0,3.0,20.0,2.0,100.0,37.20663
4985.0,5.0,20.0,2.0,100.0,3.3470306
4986.0,10.0,20.0,2.0,100.0,5.710542
4987.0,20.0,20.0,2.0,100.0,4.0999417
4988.0,40.0,20.0,2.0,100.0,4.342844
4989.0,49.0,20.0,2.0,100.0,3.1288135
4990.0,0.0,20.0,2.0,100.0,0.0
4991.0,0.5,20.0,2.0,100.0,46.47939
4992.0,1.0,20.0,2.0,100.0,0.0
4993.0,2.0,20.0,2.0,100.0,20.165977
4994.0,3.0,20.0,2.0,100.0,26.102362
4995.0,5.0,20.0,2.0,100.0,18.704723
4996.0,10.0,20.0,2.0,100.0,5.793453
4997.0,20.0,20.0,2.0,100.0,2.7000883
4998.0,40.0,20.0,2.0,100.0,3.1796687
4999.0,49.0,20.0,2.0,100.0,2.684153
5000.0,0.0,20.0,2.0,100.0,0.0
5001.0,0.5,20.0,2.0,100.0,28.00595
5002.0,1.0,20.0,2.0,100.0,51.69462
5003.0,2.0,20.0,2.0,100.0,55.154327
5004.0,3.0,20.0,2.0,100.0,6.860328
5005.0,5.0,20.0,2.0,100.0,21.621748
5006.0,10.0,20.0,2.0,100.0,5.422177
5007.0,20.0,20.0,2.0,100.0,4.240907
5008.0,40.0,20.0,2.0,100.0,2.9940653
5009.0,49.0,20.0,2.0,100.0,2.329571
5010.0,0.0,20.0,2.0,100.0,0.0
5011.0,0.5,20.0,2.0,100.0,0.0
5012.0,1.0,20.0,2.0,100.0,8.290675
5013.0,2.0,20.0,2.0,100.0,7.345229
5014.0,3.0,20.0,2.0,100.0,8.557925
5015.0,5.0,20.0,2.0,100.0,9.894684
5016.0,10.0,20.0,2.0,100.0,6.087278
5017.0,20.0,20.0,2.0,100.0,4.029652
5018.0,40.0,20.0,2.0,100.0,3.4293199
5019.0,49.0,20.0,2.0,100.0,3.1241374
5020.0,0.0,20.0,2.0,100.0,0.0
5021.0,0.5,20.0,2.0,100.0,0.0
5022.0,1.0,20.0,2.0,100.0,0.0
5023.0,2.0,20.0,2.0,100.0,36.555893
5024.0,3.0,20.0,2.0,100.0,39.247078
5025.0,5.0,20.0,2.0,100.0,5.0359006
5026.0,10.0,20.0,2.0,100.0,12.697957
5027.0,20.0,20.0,2.0,100.0,6.0827627
5028.0,40.0,20.0,2.0,100.0,4.2536535
5029.0,49.0,20.0,2.0,100.0,3.2557642
5030.0,0.0,20.0,2.0,100.0,0.0
5031.0,0.5,20.0,2.0,100.0,44.43347
5032.0,1.0,20.0,2.0,100.0,48.418316
5033.0,2.0,20.0,2.0,100.0,19.035055
5034.0,3.0,20.0,2.0,100.0,7.3364964
5035.0,5.0,20.0,2.0,100.0,13.918128
5036.0,10.0,20.0,2.0,100.0,3.1992648
5037.0,20.0,20.0,2.0,100.0,4.1713305
5038.0,40.0,20.0,2.0,100.0,3.7608232
5039.0,49.0,20.0,2.0,100.0,4.2201333
5040.0,0.0,20.0,2.0,100.0,0.0
5041.0,0.5,20.0,2.0,100.0,0.0
5042.0,1.0,20.0,2.0,100.0,0.0
5043.0,2.0,20.0,2.0,100.0,45.214306
5044.0,3.0,20.0,2.0,100.0,13.719989
5045.0,5.0,20.0,2.0,100.0,15.427249
5046.0,10.0,20.0,2.0,100.0,2.3644187
5047.0,20.0,20.0,2.0,100.0,2.9069257
5048.0,40.0,20.0,2.0,100.0,2.6732461
5049.0,49.0,20.0,2.0,100.0,3.3307009
5050.0,0.0,20.0,2.0,100.0,0.0
5051.0,0.5,20.0,2.0,100.0,0.0
5052.0,1.0,20.0,2.0,100.0,38.552994
5053.0,2.0,20.0,2.0,100.0,12.525529
5054.0,3.0,20.0,2.0,100.0,31.533052
5055.0,5.0,20.0,2.0,100.0,10.491144
5056.0,10.0,20.0,2.0,100.0,4.5929556
5057.0,20.0,20.0,2.0,100.0,6.273965
5058.0,40.0,20.0,2.0,100.0,3.6551735
5059.0,49.0,20.0,2.0,100.0,2.4061325
5060.0,0.0,20.0,2.0,100.0,0.0
5061.0,0.5,20.0,2.0,100.0,50.895317
5062.0,1.0,20.0,2.0,100.0,42.899105
5063.0,2.0,20.0,2.0,100.0,8.205689
5064.0,3.0,20.0,2.0,100.0,19.510681
5065.0,5.0,20.0,2.0,100.0,15.56553
5066.0,10.0,20.0,2.0,100.0,6.276738
5067.0,20.0,20.0,2.0,100.0,2.9877095
5068.0,40.0,20.0,2.0,100.0,2.9984124
5069.0,49.0,20.0,2.0,100.0,4.8203006
5070.0,0.0,20.0,2.0,100.0,0.0
5071.0,0.5,20.0,2.0,100.0,0.0
5072.0,1.0,20.0,2.0,100.0,0.0
5073.0,2.0,20.0,2.0,100.0,23.420076
5074.0,3.0,20.0,2.0,100.0,50.895317
5075.0,5.0,20.0,2.0,100.0,16.195236
5076.0,10.0,20.0,2.0,100.0,8.709828
5077.0,20.0,20.0,2.0,100.0,4.741866
5078.0,40.0,20.0,2.0,100.0,2.959769
5079.0,49.0,20.0,2.0,100.0,2.8793187
5080.0,0.0,20.0,2.0,100.0,0.0
5081.0,0.5,20.0,2.0,100.0,22.196096
5082.0,1.0,20.0,2.0,100.0,3.5118847
5083.0,2.0,20.0,2.0,100.0,27.353941
5084.0,3.0,20.0,2.0,100.0,17.89786
5085.0,5.0,20.0,2.0,100.0,4.5303216
5086.0,10.0,20.0,2.0,100.0,6.7867966
5087.0,20.0,20.0,2.0,100.0,3.9581141
5088.0,40.0,20.0,2.0,100.0,2.0953462
5089.0,49.0,20.0,2.0,100.0,3.9737232
5090.0,0.0,20.0,2.0,100.0,0.0
5091.0,0.5,20.0,2.0,100.0,0.0
5092.0,1.0,20.0,2.0,100.0,11.150486
5093.0,2.0,20.0,2.0,100.0,15.995659
5094.0,3.0,20.0,2.0,100.0,5.5075707
5095.0,5.0,20.0,2.0,100.0,14.491377
5096.0,10.0,20.0,2.0,100.0,9.790869
5097.0,20.0,20.0,2.0,100.0,3.4130812
5098.0,40.0,20.0,2.0,100.0,3.7543626
5099.0,49.0,20.0,2.0,100.0,3.4775808
5100.0,0.0,20.0,2.0,100.0,0.0
5101.0,0.5,20.0,2.0,100.0,38.552994
5102.0,1.0,20.0,2.0,100.0,34.12233
5103.0,2.0,20.0,2.0,100.0,26.764404
5104.0,3.0,20.0,2.0,100.0,8.339997
5105.0,5.0,20.0,2.0,100.0,7.7146063
5106.0,10.0,20.0,2.0,100.0,8.216842
5107.0,20.0,20.0,2.0,100.0,3.2118206
5108.0,40.0,20.0,2.0,100.0,2.0470653
5109.0,49.0,20.0,2.0,100.0,4.544131
5110.0,0.0,20.0,2.0,100.0,0.0
5111.0,0.5,20.0,2.0,100.0,28.219378
5112.0,1.0,20.0,2.0,100.0,0.0
5113.0,2.0,20.0,2.0,100.0,0.0
5114.0,3.0,20.0,2.0,100.0,12.185684
5115.0,5.0,20.0,2.0,100.0,21.44761
5116.0,10.0,20.0,2.0,100.0,6.568981
5117.0,20.0,20.0,2.0,100.0,5.9048
5118.0,40.0,20.0,2.0,100.0,2.825324
5119.0,49.0,20.0,2.0,100.0,2.7550821
5120.0,0.0,20.0,2.0,100.0,0.0
5121.0,0.5,20.0,2.0,100.0,49.497475
5122.0,1.0,20.0,2.0,100.0,37.434387
5123.0,2.0,20.0,2.0,100.0,23.483328
5124.0,3.0,20.0,2.0,100.0,17.671068
5125.0,5.0,20.0,2.0,100.0,3.6380343
5126.0,10.0,20.0,2.0,100.0,5.3229065
5127.0,20.0,20.0,2.0,100.0,2.160247
5128.0,40.0,20.0,2.0,100.0,4.3741665
5129.0,49.0,20.0,2.0,100.0,2.081666
5130.0,0.0,20.0,2.0,100.0,0.0
5131.0,0.5,20.0,2.0,100.0,0.0
5132.0,1.0,20.0,2.0,100.0,37.20663
5133.0,2.0,20.0,2.0,100.0,21.36976
5134.0,3.0,20.0,2.0,100.0,39.555866
5135.0,5.0,20.0,2.0,100.0,6.5750113
5136.0,10.0,20.0,2.0,100.0,4.404543
5137.0,20.0,20.0,2.0,100.0,2.6457512
5138.0,40.0,20.0,2.0,100.0,3.885044
5139.0,49.0,20.0,2.0,100.0,3.9603295
5140.0,0.0,20.0,2.0,100.0,0.0
5141.0,0.5,20.0,2.0,100.0,3.9699166
5142.0,1.0,20.0,2.0,100.0,33.56089
5143.0,2.0,20.0,2.0,100.0,30.88689
5144.0,3.0,20.0,2.0,100.0,7.2866473
5145.0,5.0,20.0,2.0,100.0,14.985707
5146.0,10.0,20.0,2.0,100.0,11.847409
5147.0,20.0,20.0,2.0,100.0,2.5953672
5148.0,40.0,20.0,2.0,100.0,3.091206
5149.0,49.0,20.0,2.0,100.0,2.4475448
5150.0,0.0,20.0,2.0,100.0,0.0
5151.0,0.5,20.0,2.0,100.0,50.81666
5152.0,1.0,20.0,2.0,100.0,38.21431
5153.0,2.0,20.0,2.0,100.0,7.2501106
5154.0,3.0,20.0,2.0,100.0,0.0
5155.0,5.0,20.0,2.0,100.0,13.435029
5156.0,10.0,20.0,2.0,100.0,4.8370895
5157.0,20.0,20.0,2.0,100.0,3.295496
5158.0,40.0,20.0,2.0,100.0,2.9788451
5159.0,49.0,20.0,2.0,100.0,1.8257419
5160.0,0.0,20.0,2.0,100.0,0.0
5161.0,0.5,20.0,2.0,100.0,26.31223
5162.0,1.0,20.0,2.0,100.0,7.6636004
5163.0,2.0,20.0,2.0,100.0,30.270998
5164.0,3.0,20.0,2.0,100.0,54.280136
5165.0,5.0,20.0,2.0,100.0,18.694029
5166.0,10.0,20.0,2.0,100.0,4.5398564
5167.0,20.0,20.0,2.0,100.0,3.9824984
5168.0,40.0,20.0,2.0,100.0,6.019809
5169.0,49.0,20.0,2.0,100.0,3.3645597
5170.0,0.0,20.0,2.0,100.0,0.0
5171.0,0.5,20.0,2.0,100.0,37.872593
5172.0,1.0,20.0,2.0,100.0,31.085901
5173.0,2.0,20.0,2.0,100.0,32.38312
5174.0,3.0,20.0,2.0,100.0,10.012114
5175.0,5.0,20.0,2.0,100.0,5.981453
5176.0,10.0,20.0,2.0,100.0,8.524474
5177.0,20.0,20.0,2.0,100.0,3.681787
5178.0,40.0,20.0,2.0,100.0,3.5308166
5179.0,49.0,20.0,2.0,100.0,2.533114
5180.0,0.0,20.0,2.0,100.0,0.0
5181.0,0.5,20.0,2.0,100.0,0.0
5182.0,1.0,20.0,2.0,100.0,4.7399015
5183.0,2.0,20.0,2.0,100.0,12.828254
5184.0,3.0,20.0,2.0,100.0,14.071247
5185.0,5.0,20.0,2.0,100.0,21.191195
5186.0,10.0,20.0,2.0,100.0,4.769408
5187.0,20.0,20.0,2.0,100.0,3.7148352
5188.0,40.0,20.0,2.0,100.0,3.6977296
5189.0,49.0,20.0,2.0,100.0,2.5080822
5190.0,0.0,20.0,2.0,100.0,49.074776
5191.0,0.5,20.0,2.0,100.0,3.1241374
5192.0,1.0,20.0,2.0,100.0,29.365513
5193.0,2.0,20.0,2.0,100.0,25.423086
5194.0,3.0,20.0,2.0,100.0,23.846731
5195.0,5.0,20.0,2.0,100.0,53.740116
5196.0,10.0,20.0,2.0,100.0,7.161767
5197.0,20.0,20.0,2.0,100.0,2.7569532
5198.0,40.0,20.0,2.0,100.0,3.7670248
5199.0,49.0,20.0,2.0,100.0,3.935136
5200.0,0.0,20.0,2.0,100.0,0.0
5201.0,0.5,20.0,2.0,100.0,0.0
5202.0,1.0,20.0,2.0,100.0,11.83216
5203.0,2.0,20.0,2.0,100.0,12.863384
5204.0,3.0,20.0,2.0,100.0,22.28602
5205.0,5.0,20.0,2.0,100.0,7.8663073
5206.0,10.0,20.0,2.0,100.0,3.2606103
5207.0,20.0,20.0,2.0,100.0,4.1061287
5208.0,40.0,20.0,2.0,100.0,3.295496
5209.0,49.0,20.0,2.0,100.0,2.6213253
5210.0,0.0,20.0,2.0,100.0,0.0
5211.0,0.5,20.0,2.0,100.0,0.0
5212.0,1.0,20.0,2.0,100.0,28.988503
5213.0,2.0,20.0,2.0,100.0,17.537262
5214.0,3.0,20.0,2.0,100.0,8.797582
5215.0,5.0,20.0,2.0,100.0,4.1518784
5216.0,10.0,20.0,2.0,100.0,3.991658
5217.0,20.0,20.0,2.0,100.0,5.9336996
5218.0,40.0,20.0,2.0,100.0,2.812205
5219.0,49.0,20.0,2.0,100.0,3.0643885
5220.0,0.0,20.0,2.0,100.0,0.0
5221.0,0.5,20.0,2.0,100.0,0.0
5222.0,1.0,20.0,2.0,100.0,23.860706
5223.0,2.0,20.0,2.0,100.0,37.607624
5224.0,3.0,20.0,2.0,100.0,24.166092
5225.0,5.0,20.0,2.0,100.0,24.358435
5226.0,10.0,20.0,2.0,100.0,3.2219486
5227.0,20.0,20.0,2.0,100.0,4.92322
5228.0,40.0,20.0,2.0,100.0,3.5016334
5229.0,49.0,20.0,2.0,100.0,6.193569
5230.0,0.0,20.0,2.0,100.0,0.0
5231.0,0.5,20.0,2.0,100.0,0.0
5232.0,1.0,20.0,2.0,100.0,31.601688
5233.0,2.0,20.0,2.0,100.0,22.14347
5234.0,3.0,20.0,2.0,100.0,16.45195
5235.0,5.0,20.0,2.0,100.0,11.056134
5236.0,10.0,20.0,2.0,100.0,5.1639786
5237.0,20.0,20.0,2.0,100.0,3.8729835
5238.0,40.0,20.0,2.0,100.0,3.0972683
5239.0,49.0,20.0,2.0,100.0,3.0480285
5240.0,0.0,20.0,2.0,100.0,0.0
5241.0,0.5,20.0,2.0,100.0,28.219378
5242.0,1.0,20.0,2.0,100.0,30.353474
5243.0,2.0,20.0,2.0,100.0,31.864296
5244.0,3.0,20.0,2.0,100.0,11.4392805
5245.0,5.0,20.0,2.0,100.0,11.084094
5246.0,10.0,20.0,2.0,100.0,6.586422
5247.0,20.0,20.0,2.0,100.0,6.4432254
5248.0,40.0,20.0,2.0,100.0,3.0339217
5249.0,49.0,20.0,2.0,100.0,4.482585
5250.0,0.0,20.0,2.0,100.0,0.0
5251.0,0.5,20.0,2.0,100.0,38.552994
5252.0,1.0,20.0,2.0,100.0,44.43347
5253.0,2.0,20.0,2.0,100.0,37.20663
5254.0,3.0,20.0,2.0,100.0,8.67399
5255.0,5.0,20.0,2.0,100.0,14.606886
5256.0,10.0,20.0,2.0,100.0,12.917473
5257.0,20.0,20.0,2.0,100.0,4.9562187
5258.0,40.0,20.0,2.0,100.0,1.7292994
5259.0,49.0,20.0,2.0,100.0,2.3001037
5260.0,0.0,20.0,2.0,100.0,0.0
5261.0,0.5,20.0,2.0,100.0,0.0
5262.0,1.0,20.0,2.0,100.0,4.2426405
5263.0,2.0,20.0,2.0,100.0,4.973004
5264.0,3.0,20.0,2.0,100.0,23.115652
5265.0,5.0,20.0,2.0,100.0,57.982758
5266.0,10.0,20.0,2.0,100.0,32.010414
5267.0,20.0,20.0,2.0,100.0,3.3705037
5268.0,40.0,20.0,2.0,100.0,2.5339797
5269.0,49.0,20.0,2.0,100.0,2.2076044
5270.0,0.0,20.0,2.0,100.0,0.0
5271.0,0.5,20.0,2.0,100.0,24.47584
5272.0,1.0,20.0,2.0,100.0,0.0
5273.0,2.0,20.0,2.0,100.0,9.542272
5274.0,3.0,20.0,2.0,100.0,4.7942977
5275.0,5.0,20.0,2.0,100.0,11.698596
5276.0,10.0,20.0,2.0,100.0,11.856282
5277.0,20.0,20.0,2.0,100.0,3.04412
5278.0,40.0,20.0,2.0,100.0,4.0118866
5279.0,49.0,20.0,2.0,100.0,3.75414
5280.0,0.0,20.0,2.0,100.0,0.0
5281.0,0.5,20.0,2.0,100.0,0.0
5282.0,1.0,20.0,2.0,100.0,6.8068595
5283.0,2.0,20.0,2.0,100.0,11.313708
5284.0,3.0,20.0,2.0,100.0,11.357817
5285.0,5.0,20.0,2.0,100.0,11.140516
5286.0,10.0,20.0,2.0,100.0,11.55731
5287.0,20.0,20.0,2.0,100.0,3.2281656
5288.0,40.0,20.0,2.0,100.0,2.4270303
5289.0,49.0,20.0,2.0,100.0,3.4775808
5290.0,0.0,20.0,2.0,100.0,0.0
5291.0,0.5,20.0,2.0,100.0,0.0
5292.0,1.0,20.0,2.0,100.0,25.403412
5293.0,2.0,20.0,2.0,100.0,10.950104
5294.0,3.0,20.0,2.0,100.0,2.9097536
5295.0,5.0,20.0,2.0,100.0,3.8059552
5296.0,10.0,20.0,2.0,100.0,3.336665
5297.0,20.0,20.0,2.0,100.0,6.090231
5298.0,40.0,20.0,2.0,100.0,2.7911425
5299.0,49.0,20.0,2.0,100.0,1.7217511
5300.0,0.0,20.0,2.0,100.0,0.0
5301.0,0.5,20.0,2.0,100.0,14.495211
5302.0,1.0,20.0,2.0,100.0,43.085186
5303.0,2.0,20.0,2.0,100.0,4.041452
5304.0,3.0,20.0,2.0,100.0,27.098587
5305.0,5.0,20.0,2.0,100.0,4.134639
5306.0,10.0,20.0,2.0,100.0,4.8847
5307.0,20.0,20.0,2.0,100.0,2.5131235
5308.0,40.0,20.0,2.0,100.0,4.805577
5309.0,49.0,20.0,2.0,100.0,1.9364917
5310.0,0.0,20.0,2.0,100.0,0.0
5311.0,0.5,20.0,2.0,100.0,0.0
5312.0,1.0,20.0,2.0,100.0,19.655365
5313.0,2.0,20.0,2.0,100.0,6.7733884
5314.0,3.0,20.0,2.0,100.0,15.297058
5315.0,5.0,20.0,2.0,100.0,2.8469744
5316.0,10.0,20.0,2.0,100.0,17.163084
5317.0,20.0,20.0,2.0,100.0,3.9509864
5318.0,40.0,20.0,2.0,100.0,3.4130812
5319.0,49.0,20.0,2.0,100.0,3.1953914
5320.0,0.0,20.0,2.0,100.0,12.251984
5321.0,0.5,20.0,2.0,100.0,0.0
5322.0,1.0,20.0,2.0,100.0,34.42867
5323.0,2.0,20.0,2.0,100.0,11.575837
5324.0,3.0,20.0,2.0,100.0,48.418316
5325.0,5.0,20.0,2.0,100.0,6.8534436
5326.0,10.0,20.0,2.0,100.0,5.266001
5327.0,20.0,20.0,2.0,100.0,1.8955405
5328.0,40.0,20.0,2.0,100.0,4.371532
5329.0,49.0,20.0,2.0,100.0,3.9351358
5330.0,0.0,20.0,2.0,100.0,0.0
5331.0,0.5,20.0,2.0,100.0,37.20663
5332.0,1.0,20.0,2.0,100.0,27.386127
5333.0,2.0,20.0,2.0,100.0,31.506613
5334.0,3.0,20.0,2.0,100.0,3.3946736
5335.0,5.0,20.0,2.0,100.0,30.270998
5336.0,10.0,20.0,2.0,100.0,3.275977
5337.0,20.0,20.0,2.0,100.0,4.358899
5338.0,40.0,20.0,2.0,100.0,5.735948
5339.0,49.0,20.0,2.0,100.0,2.181796
5340.0,0.0,20.0,2.0,100.0,0.0
5341.0,0.5,20.0,2.0,100.0,0.0
5342.0,1.0,20.0,2.0,100.0,54.280136
5343.0,2.0,20.0,2.0,100.0,23.151674
5344.0,3.0,20.0,2.0,100.0,9.363243
5345.0,5.0,20.0,2.0,100.0,11.096975
5346.0,10.0,20.0,2.0,100.0,2.3473134
5347.0,20.0,20.0,2.0,100.0,7.1774063
5348.0,40.0,20.0,2.0,100.0,2.490919
5349.0,49.0,20.0,2.0,100.0,2.755082
5350.0,0.0,20.0,2.0,100.0,0.0
5351.0,0.5,20.0,2.0,100.0,28.988503
5352.0,1.0,20.0,2.0,100.0,11.503622
5353.0,2.0,20.0,2.0,100.0,15.280706
5354.0,3.0,20.0,2.0,100.0,24.779024
5355.0,5.0,20.0,2.0,100.0,18.398369
5356.0,10.0,20.0,2.0,100.0,4.5929556
5357.0,20.0,20.0,2.0,100.0,3.0435436
5358.0,40.0,20.0,2.0,100.0,4.2532897
5359.0,49.0,20.0,2.0,100.0,3.1091263
5360.0,0.0,20.0,2.0,100.0,0.0
5361.0,0.5,20.0,2.0,100.0,36.555893
5362.0,1.0,20.0,2.0,100.0,34.703506
5363.0,2.0,20.0,2.0,100.0,38.552994
5364.0,3.0,20.0,2.0,100.0,22.638462
5365.0,5.0,20.0,2.0,100.0,48.08326
5366.0,10.0,20.0,2.0,100.0,7.2278924
5367.0,20.0,20.0,2.0,100.0,3.4027853
5368.0,40.0,20.0,2.0,100.0,2.0224926
5369.0,49.0,20.0,2.0,100.0,2.5476413
5370.0,0.0,20.0,2.0,100.0,0.0
5371.0,0.5,20.0,2.0,100.0,0.0
5372.0,1.0,20.0,2.0,100.0,44.16258
5373.0,2.0,20.0,2.0,100.0,15.556349
5374.0,3.0,20.0,2.0,100.0,18.543642
5375.0,5.0,20.0,2.0,100.0,16.38597
5376.0,10.0,20.0,2.0,100.0,6.378943
5377.0,20.0,20.0,2.0,100.0,6.2182527
5378.0,40.0,20.0,2.0,100.0,3.5243514
5379.0,49.0,20.0,2.0,100.0,4.0485153
5380.0,0.0,20.0,2.0,100.0,0.0
5381.0,0.5,20.0,2.0,100.0,0.0
5382.0,1.0,20.0,2.0,100.0,46.801
5383.0,2.0,20.0,2.0,100.0,24.926558
5384.0,3.0,20.0,2.0,100.0,11.699952
5385.0,5.0,20.0,2.0,100.0,3.2573447
5386.0,10.0,20.0,2.0,100.0,5.3759747
5387.0,20.0,20.0,2.0,100.0,3.9135394
5388.0,40.0,20.0,2.0,100.0,2.4788964
5389.0,49.0,20.0,2.0,100.0,2.4063408
5390.0,0.0,20.0,2.0,100.0,0.0
5391.0,0.5,20.0,2.0,100.0,15.648039
5392.0,1.0,20.0,2.0,100.0,30.276505
5393.0,2.0,20.0,2.0,100.0,8.498365
5394.0,3.0,20.0,2.0,100.0,31.085901
5395.0,5.0,20.0,2.0,100.0,19.65367
5396.0,10.0,20.0,2.0,100.0,6.5031457
5397.0,20.0,20.0,2.0,100.0,3.0798204
5398.0,40.0,20.0,2.0,100.0,3.9192212
5399.0,49.0,20.0,2.0,100.0,3.9824984
5400.0,0.0,20.0,2.0,100.0,0.0
5401.0,0.5,20.0,2.0,100.0,8.478851
5402.0,1.0,20.0,2.0,100.0,35.921207
5403.0,2.0,20.0,2.0,100.0,3.9978065
5404.0,3.0,20.0,2.0,100.0,14.302847
5405.0,5.0,20.0,2.0,100.0,15.66008
5406.0,10.0,20.0,2.0,100.0,4.48445
5407.0,20.0,20.0,2.0,100.0,4.36981
5408.0,40.0,20.0,2.0,100.0,3.7894979
5409.0,49.0,20.0,2.0,100.0,2.1657507
5410.0,0.0,20.0,2.0,100.0,0.0
5411.0,0.5,20.0,2.0,100.0,5.498918
5412.0,1.0,20.0,2.0,100.0,31.601688
5413.0,2.0,20.0,2.0,100.0,13.743759
5414.0,3.0,20.0,2.0,100.0,43.038742
5415.0,5.0,20.0,2.0,100.0,14.854853
5416.0,10.0,20.0,2.0,100.0,5.991447
5417.0,20.0,20.0,2.0,100.0,4.819831
5418.0,40.0,20.0,2.0,100.0,1.9451348
5419.0,49.0,20.0,2.0,100.0,3.955897
5420.0,0.0,20.0,2.0,100.0,8.859509
5421.0,0.5,20.0,2.0,100.0,0.0
5422.0,1.0,20.0,2.0,100.0,28.988503
5423.0,2.0,20.0,2.0,100.0,37.46109
5424.0,3.0,20.0,2.0,100.0,10.347178
5425.0,5.0,20.0,2.0,100.0,37.20663
5426.0,10.0,20.0,2.0,100.0,4.181542
5427.0,20.0,20.0,2.0,100.0,3.2964628
5428.0,40.0,20.0,2.0,100.0,3.2462304
5429.0,49.0,20.0,2.0,100.0,2.8837113
5430.0,0.0,20.0,2.0,100.0,0.0
5431.0,0.5,20.0,2.0,100.0,0.0
5432.0,1.0,20.0,2.0,100.0,0.0
5433.0,2.0,20.0,2.0,100.0,25.72936
5434.0,3.0,20.0,2.0,100.0,11.930353
5435.0,5.0,20.0,2.0,100.0,35.725807
5436.0,10.0,20.0,2.0,100.0,4.21792
5437.0,20.0,20.0,2.0,100.0,2.427908
5438.0,40.0,20.0,2.0,100.0,2.9309516
5439.0,49.0,20.0,2.0,100.0,3.450869
5440.0,0.0,20.0,2.0,100.0,0.0
5441.0,0.5,20.0,2.0,100.0,0.0
5442.0,1.0,20.0,2.0,100.0,10.0
5443.0,2.0,20.0,2.0,100.0,11.305935
5444.0,3.0,20.0,2.0,100.0,26.476404
5445.0,5.0,20.0,2.0,100.0,8.943044
5446.0,10.0,20.0,2.0,100.0,3.9291105
5447.0,20.0,20.0,2.0,100.0,4.6794696
5448.0,40.0,20.0,2.0,100.0,4.617387
5449.0,49.0,20.0,2.0,100.0,3.6592999
5450.0,0.0,20.0,2.0,100.0,0.0
5451.0,0.5,20.0,2.0,100.0,33.56089
5452.0,1.0,20.0,2.0,100.0,46.801
5453.0,2.0,20.0,2.0,100.0,21.236761
5454.0,3.0,20.0,2.0,100.0,6.472823
5455.0,5.0,20.0,2.0,100.0,10.148891
5456.0,10.0,20.0,2.0,100.0,6.489308
5457.0,20.0,20.0,2.0,100.0,2.883711
5458.0,40.0,20.0,2.0,100.0,3.0155542
5459.0,49.0,20.0,2.0,100.0,3.7689097
5460.0,0.0,20.0,2.0,100.0,0.0
5461.0,0.5,20.0,2.0,100.0,0.0
5462.0,1.0,20.0,2.0,100.0,0.0
5463.0,2.0,20.0,2.0,100.0,22.730303
5464.0,3.0,20.0,2.0,100.0,17.62101
5465.0,5.0,20.0,2.0,100.0,34.42867
5466.0,10.0,20.0,2.0,100.0,2.1190743
5467.0,20.0,20.0,2.0,100.0,4.27618
5468.0,40.0,20.0,2.0,100.0,2.808999
5469.0,49.0,20.0,2.0,100.0,2.8697202
5470.0,0.0,20.0,2.0,100.0,0.0
5471.0,0.5,20.0,2.0,100.0,0.0
5472.0,1.0,20.0,2.0,100.0,0.0
5473.0,2.0,20.0,2.0,100.0,24.25421
5474.0,3.0,20.0,2.0,100.0,21.954498
5475.0,5.0,20.0,2.0,100.0,5.82215
5476.0,10.0,20.0,2.0,100.0,8.239594
5477.0,20.0,20.0,2.0,100.0,5.266001
5478.0,40.0,20.0,2.0,100.0,4.7851267
5479.0,49.0,20.0,2.0,100.0,2.6627948
5480.0,0.0,20.0,2.0,100.0,0.0
5481.0,0.5,20.0,2.0,100.0,26.153393
5482.0,1.0,20.0,2.0,100.0,0.0
5483.0,2.0,20.0,2.0,100.0,11.015141
5484.0,3.0,20.0,2.0,100.0,40.611984
5485.0,5.0,20.0,2.0,100.0,15.66312
5486.0,10.0,20.0,2.0,100.0,4.047108
5487.0,20.0,20.0,2.0,100.0,3.172801
5488.0,40.0,20.0,2.0,100.0,2.930951
5489.0,49.0,20.0,2.0,100.0,2.9309516
5490.0,0.0,20.0,2.0,100.0,6.2411847
5491.0,0.5,20.0,2.0,100.0,43.661575
5492.0,1.0,20.0,2.0,100.0,28.798147
5493.0,2.0,20.0,2.0,100.0,48.418316
5494.0,3.0,20.0,2.0,100.0,24.097027
5495.0,5.0,20.0,2.0,100.0,10.067825
5496.0,10.0,20.0,2.0,100.0,5.171775
5497.0,20.0,20.0,2.0,100.0,4.357211
5498.0,40.0,20.0,2.0,100.0,4.297286
5499.0,49.0,20.0,2.0,100.0,2.4235342
