Factor 1,Factor 2,Factor 3,Factor 4,Factor 5,Result 1
0.0,0.0,20.0,2.0,100.0,21.44
1.0,0.5,20.0,2.0,100.0,15.1
2.0,1.0,20.0,2.0,100.0,10.83
3.0,2.0,20.0,2.0,100.0,19.23
4.0,3.0,20.0,2.0,100.0,18.17
5.0,5.0,20.0,2.0,100.0,17.66
6.0,10.0,20.0,2.0,100.0,16.03
7.0,20.0,20.0,2.0,100.0,23.61
8.0,40.0,20.0,2.0,100.0,19.96
9.0,49.0,20.0,2.0,100.0,14.23
10.0,0.0,20.0,2.0,100.0,12.89
11.0,0.5,20.0,2.0,100.0,23.53
12.0,1.0,20.0,2.0,100.0,20.81
13.0,2.0,20.0,2.0,100.0,18.98
14.0,3.0,20.0,2.0,100.0,17.15
15.0,5.0,20.0,2.0,100.0,20.2
16.0,10.0,20.0,2.0,100.0,17.1
17.0,20.0,20.0,2.0,100.0,19.38
18.0,40.0,20.0,2.0,100.0,16.47
19.0,49.0,20.0,2.0,100.0,16.78
20.0,0.0,20.0,2.0,100.0,21.89
21.0,0.5,20.0,2.0,100.0,22.06
22.0,1.0,20.0,2.0,100.0,18.8
23.0,2.0,20.0,2.0,100.0,14.08
24.0,3.0,20.0,2.0,100.0,21.95
25.0,5.0,20.0,2.0,100.0,10.02
26.0,10.0,20.0,2.0,100.0,9.14
27.0,20.0,20.0,2.0,100.0,22.45
28.0,40.0,20.0,2.0,100.0,22.29
29.0,49.0,20.0,2.0,100.0,15.1
30.0,0.0,20.0,2.0,100.0,19.76
31.0,0.5,20.0,2.0,100.0,24.73
32.0,1.0,20.0,2.0,100.0,14.33
33.0,2.0,20.0,2.0,100.0,20.95
34.0,3.0,20.0,2.0,100.0,20.66
35.0,5.0,20.0,2.0,100.0,10.49
36.0,10.0,20.0,2.0,100.0,11.26
37.0,20.0,20.0,2.0,100.0,11.91
38.0,40.0,20.0,2.0,100.0,11.16
39.0,49.0,20.0,2.0,100.0,23.28
40.0,0.0,20.0,2.0,100.0,18.77
41.0,0.5,20.0,2.0,100.0,15.95
42.0,1.0,20.0,2.0,100.0,18.19
43.0,2.0,20.0,2.0,100.0,22.57
44.0,3.0,20.0,2.0,100.0,14.53
45.0,5.0,20.0,2.0,100.0,21.03
46.0,10.0,20.0,2.0,100.0,21.49
47.0,20.0,20.0,2.0,100.0,28.75
48.0,40.0,20.0,2.0,100.0,17.5
49.0,49.0,20.0,2.0,100.0,25.13
50.0,0.0,20.0,2.0,100.0,21.54
51.0,0.5,20.0,2.0,100.0,13.02
52.0,1.0,20.0,2.0,100.0,22.14
53.0,2.0,20.0,2.0,100.0,23.98
54.0,3.0,20.0,2.0,100.0,22.11
55.0,5.0,20.0,2.0,100.0,14.91
56.0,10.0,20.0,2.0,100.0,23.43
57.0,20.0,20.0,2.0,100.0,26.1
58.0,40.0,20.0,2.0,100.0,14.85
59.0,49.0,20.0,2.0,100.0,24.26
60.0,0.0,20.0,2.0,100.0,25.81
61.0,0.5,20.0,2.0,100.0,26.11
62.0,1.0,20.0,2.0,100.0,14.43
63.0,2.0,20.0,2.0,100.0,17.26
64.0,3.0,20.0,2.0,100.0,19.43
65.0,5.0,20.0,2.0,100.0,10.36
66.0,10.0,20.0,2.0,100.0,26.16
67.0,20.0,20.0,2.0,100.0,10.37
68.0,40.0,20.0,2.0,100.0,11.36
69.0,49.0,20.0,2.0,100.0,21.47
70.0,0.0,20.0,2.0,100.0,18.29
71.0,0.5,20.0,2.0,100.0,14.69
72.0,1.0,20.0,2.0,100.0,19.61
73.0,2.0,20.0,2.0,100.0,13.44
74.0,3.0,20.0,2.0,100.0,18.58
75.0,5.0,20.0,2.0,100.0,25.23
76.0,10.0,20.0,2.0,100.0,17.37
77.0,20.0,20.0,2.0,100.0,21.65
78.0,40.0,20.0,2.0,100.0,10.83
79.0,49.0,20.0,2.0,100.0,19.13
80.0,0.0,20.0,2.0,100.0,12.45
81.0,0.5,20.0,2.0,100.0,21.3
82.0,1.0,20.0,2.0,100.0,22.56
83.0,2.0,20.0,2.0,100.0,20.86
84.0,3.0,20.0,2.0,100.0,23.17
85.0,5.0,20.0,2.0,100.0,21.6
86.0,10.0,20.0,2.0,100.0,24.72
87.0,20.0,20.0,2.0,100.0,17.1
88.0,40.0,20.0,2.0,100.0,18.48
89.0,49.0,20.0,2.0,100.0,22.13
90.0,0.0,20.0,2.0,100.0,27.37
91.0,0.5,20.0,2.0,100.0,21.0
92.0,1.0,20.0,2.0,100.0,17.43
93.0,2.0,20.0,2.0,100.0,22.96
94.0,3.0,20.0,2.0,100.0,13.12
95.0,5.0,20.0,2.0,100.0,14.71
96.0,10.0,20.0,2.0,100.0,15.4
97.0,20.0,20.0,2.0,100.0,20.97
98.0,40.0,20.0,2.0,100.0,15.75
99.0,49.0,20.0,2.0,100.0,17.99
100.0,0.0,20.0,2.0,100.0,17.85
101.0,0.5,20.0,2.0,100.0,10.21
102.0,1.0,20.0,2.0,100.0,20.02
103.0,2.0,20.0,2.0,100.0,23.1
104.0,3.0,20.0,2.0,100.0,16.73
105.0,5.0,20.0,2.0,100.0,14.9
106.0,10.0,20.0,2.0,100.0,20.45
107.0,20.0,20.0,2.0,100.0,17.54
108.0,40.0,20.0,2.0,100.0,13.84
109.0,49.0,20.0,2.0,100.0,15.62
110.0,0.0,20.0,2.0,100.0,21.29
111.0,0.5,20.0,2.0,100.0,21.39
112.0,1.0,20.0,2.0,100.0,19.98
113.0,2.0,20.0,2.0,100.0,9.14
114.0,3.0,20.0,2.0,100.0,24.27
115.0,5.0,20.0,2.0,100.0,22.92
116.0,10.0,20.0,2.0,100.0,24.24
117.0,20.0,20.0,2.0,100.0,21.0
118.0,40.0,20.0,2.0,100.0,17.37
119.0,49.0,20.0,2.0,100.0,16.91
120.0,0.0,20.0,2.0,100.0,9.19
121.0,0.5,20.0,2.0,100.0,8.93
122.0,1.0,20.0,2.0,100.0,23.08
123.0,2.0,20.0,2.0,100.0,20.59
124.0,3.0,20.0,2.0,100.0,23.16
125.0,5.0,20.0,2.0,100.0,23.22
126.0,10.0,20.0,2.0,100.0,25.03
127.0,20.0,20.0,2.0,100.0,12.83
128.0,40.0,20.0,2.0,100.0,11.65
129.0,49.0,20.0,2.0,100.0,8.85
130.0,0.0,20.0,2.0,100.0,25.3
131.0,0.5,20.0,2.0,100.0,26.85
132.0,1.0,20.0,2.0,100.0,24.81
133.0,2.0,20.0,2.0,100.0,17.21
134.0,3.0,20.0,2.0,100.0,29.47
135.0,5.0,20.0,2.0,100.0,22.11
136.0,10.0,20.0,2.0,100.0,9.36
137.0,20.0,20.0,2.0,100.0,18.2
138.0,40.0,20.0,2.0,100.0,15.36
139.0,49.0,20.0,2.0,100.0,21.64
140.0,0.0,20.0,2.0,100.0,13.05
141.0,0.5,20.0,2.0,100.0,17.26
142.0,1.0,20.0,2.0,100.0,22.51
143.0,2.0,20.0,2.0,100.0,12.95
144.0,3.0,20.0,2.0,100.0,16.18
145.0,5.0,20.0,2.0,100.0,19.07
146.0,10.0,20.0,2.0,100.0,23.87
147.0,20.0,20.0,2.0,100.0,26.33
148.0,40.0,20.0,2.0,100.0,13.85
149.0,49.0,20.0,2.0,100.0,7.69
150.0,0.0,20.0,2.0,100.0,18.55
151.0,0.5,20.0,2.0,100.0,23.13
152.0,1.0,20.0,2.0,100.0,10.46
153.0,2.0,20.0,2.0,100.0,23.02
154.0,3.0,20.0,2.0,100.0,14.7
155.0,5.0,20.0,2.0,100.0,17.97
156.0,10.0,20.0,2.0,100.0,20.74
157.0,20.0,20.0,2.0,100.0,11.76
158.0,40.0,20.0,2.0,100.0,16.35
159.0,49.0,20.0,2.0,100.0,13.89
160.0,0.0,20.0,2.0,100.0,15.36
161.0,0.5,20.0,2.0,100.0,22.49
162.0,1.0,20.0,2.0,100.0,8.78
163.0,2.0,20.0,2.0,100.0,21.09
164.0,3.0,20.0,2.0,100.0,11.76
165.0,5.0,20.0,2.0,100.0,14.34
166.0,10.0,20.0,2.0,100.0,23.71
167.0,20.0,20.0,2.0,100.0,18.08
168.0,40.0,20.0,2.0,100.0,20.19
169.0,49.0,20.0,2.0,100.0,22.82
170.0,0.0,20.0,2.0,100.0,24.17
171.0,0.5,20.0,2.0,100.0,22.02
172.0,1.0,20.0,2.0,100.0,24.94
173.0,2.0,20.0,2.0,100.0,13.62
174.0,3.0,20.0,2.0,100.0,19.9
175.0,5.0,20.0,2.0,100.0,13.93
176.0,10.0,20.0,2.0,100.0,21.36
177.0,20.0,20.0,2.0,100.0,28.11
178.0,40.0,20.0,2.0,100.0,24.21
179.0,49.0,20.0,2.0,100.0,10.46
180.0,0.0,20.0,2.0,100.0,20.35
181.0,0.5,20.0,2.0,100.0,11.12
182.0,1.0,20.0,2.0,100.0,23.72
183.0,2.0,20.0,2.0,100.0,9.31
184.0,3.0,20.0,2.0,100.0,18.39
185.0,5.0,20.0,2.0,100.0,22.24
186.0,10.0,20.0,2.0,100.0,22.54
187.0,20.0,20.0,2.0,100.0,22.38
188.0,40.0,20.0,2.0,100.0,25.21
189.0,49.0,20.0,2.0,100.0,15.28
190.0,0.0,20.0,2.0,100.0,25.77
191.0,0.5,20.0,2.0,100.0,19.1
192.0,1.0,20.0,2.0,100.0,23.82
193.0,2.0,20.0,2.0,100.0,21.63
194.0,3.0,20.0,2.0,100.0,17.47
195.0,5.0,20.0,2.0,100.0,13.02
196.0,10.0,20.0,2.0,100.0,20.52
197.0,20.0,20.0,2.0,100.0,10.18
198.0,40.0,20.0,2.0,100.0,18.41
199.0,49.0,20.0,2.0,100.0,19.75
200.0,0.0,20.0,2.0,100.0,10.85
201.0,0.5,20.0,2.0,100.0,15.06
202.0,1.0,20.0,2.0,100.0,26.13
203.0,2.0,20.0,2.0,100.0,14.17
204.0,3.0,20.0,2.0,100.0,15.32
205.0,5.0,20.0,2.0,100.0,20.67
206.0,10.0,20.0,2.0,100.0,18.81
207.0,20.0,20.0,2.0,100.0,16.18
208.0,40.0,20.0,2.0,100.0,20.16
209.0,49.0,20.0,2.0,100.0,15.13
210.0,0.0,20.0,2.0,100.0,13.61
211.0,0.5,20.0,2.0,100.0,18.75
212.0,1.0,20.0,2.0,100.0,24.73
213.0,2.0,20.0,2.0,100.0,11.27
214.0,3.0,20.0,2.0,100.0,24.33
215.0,5.0,20.0,2.0,100.0,13.46
216.0,10.0,20.0,2.0,100.0,11.74
217.0,20.0,20.0,2.0,100.0,21.81
218.0,40.0,20.0,2.0,100.0,22.55
219.0,49.0,20.0,2.0,100.0,14.73
220.0,0.0,20.0,2.0,100.0,11.69
221.0,0.5,20.0,2.0,100.0,16.08
222.0,1.0,20.0,2.0,100.0,18.6
223.0,2.0,20.0,2.0,100.0,13.84
224.0,3.0,20.0,2.0,100.0,12.07
225.0,5.0,20.0,2.0,100.0,24.75
226.0,10.0,20.0,2.0,100.0,17.88
227.0,20.0,20.0,2.0,100.0,22.73
228.0,40.0,20.0,2.0,100.0,23.43
229.0,49.0,20.0,2.0,100.0,24.61
230.0,0.0,20.0,2.0,100.0,24.84
231.0,0.5,20.0,2.0,100.0,23.5
232.0,1.0,20.0,2.0,100.0,14.7
233.0,2.0,20.0,2.0,100.0,21.87
234.0,3.0,20.0,2.0,100.0,24.26
235.0,5.0,20.0,2.0,100.0,17.29
236.0,10.0,20.0,2.0,100.0,26.21
237.0,20.0,20.0,2.0,100.0,13.07
238.0,40.0,20.0,2.0,100.0,23.23
239.0,49.0,20.0,2.0,100.0,21.32
240.0,0.0,20.0,2.0,100.0,21.95
241.0,0.5,20.0,2.0,100.0,16.53
242.0,1.0,20.0,2.0,100.0,19.91
243.0,2.0,20.0,2.0,100.0,18.18
244.0,3.0,20.0,2.0,100.0,18.31
245.0,5.0,20.0,2.0,100.0,18.36
246.0,10.0,20.0,2.0,100.0,24.41
247.0,20.0,20.0,2.0,100.0,10.83
248.0,40.0,20.0,2.0,100.0,26.81
249.0,49.0,20.0,2.0,100.0,22.01
250.0,0.0,20.0,2.0,100.0,20.09
251.0,0.5,20.0,2.0,100.0,14.88
252.0,1.0,20.0,2.0,100.0,16.0
253.0,2.0,20.0,2.0,100.0,15.95
254.0,3.0,20.0,2.0,100.0,22.89
255.0,5.0,20.0,2.0,100.0,24.44
256.0,10.0,20.0,2.0,100.0,22.75
257.0,20.0,20.0,2.0,100.0,11.1
258.0,40.0,20.0,2.0,100.0,18.22
259.0,49.0,20.0,2.0,100.0,24.48
260.0,0.0,20.0,2.0,100.0,20.36
261.0,0.5,20.0,2.0,100.0,16.44
262.0,1.0,20.0,2.0,100.0,21.79
263.0,2.0,20.0,2.0,100.0,17.96
264.0,3.0,20.0,2.0,100.0,8.5
265.0,5.0,20.0,2.0,100.0,20.46
266.0,10.0,20.0,2.0,100.0,10.4
267.0,20.0,20.0,2.0,100.0,19.91
268.0,40.0,20.0,2.0,100.0,18.73
269.0,49.0,20.0,2.0,100.0,16.04
270.0,0.0,20.0,2.0,100.0,22.6
271.0,0.5,20.0,2.0,100.0,24.26
272.0,1.0,20.0,2.0,100.0,13.8
273.0,2.0,20.0,2.0,100.0,16.35
274.0,3.0,20.0,2.0,100.0,13.03
275.0,5.0,20.0,2.0,100.0,22.0
276.0,10.0,20.0,2.0,100.0,23.2
277.0,20.0,20.0,2.0,100.0,24.01
278.0,40.0,20.0,2.0,100.0,23.87
279.0,49.0,20.0,2.0,100.0,9.08
280.0,0.0,20.0,2.0,100.0,12.25
281.0,0.5,20.0,2.0,100.0,12.87
282.0,1.0,20.0,2.0,100.0,23.95
283.0,2.0,20.0,2.0,100.0,14.24
284.0,3.0,20.0,2.0,100.0,25.63
285.0,5.0,20.0,2.0,100.0,13.8
286.0,10.0,20.0,2.0,100.0,19.73
287.0,20.0,20.0,2.0,100.0,23.61
288.0,40.0,20.0,2.0,100.0,16.76
289.0,49.0,20.0,2.0,100.0,9.25
290.0,0.0,20.0,2.0,100.0,20.14
291.0,0.5,20.0,2.0,100.0,21.27
292.0,1.0,20.0,2.0,100.0,20.3
293.0,2.0,20.0,2.0,100.0,18.13
294.0,3.0,20.0,2.0,100.0,17.16
295.0,5.0,20.0,2.0,100.0,22.46
296.0,10.0,20.0,2.0,100.0,14.14
297.0,20.0,20.0,2.0,100.0,24.23
298.0,40.0,20.0,2.0,100.0,10.49
299.0,49.0,20.0,2.0,100.0,18.33
300.0,0.0,20.0,2.0,100.0,16.06
301.0,0.5,20.0,2.0,100.0,17.87
302.0,1.0,20.0,2.0,100.0,14.47
303.0,2.0,20.0,2.0,100.0,20.12
304.0,3.0,20.0,2.0,100.0,23.55
305.0,5.0,20.0,2.0,100.0,24.39
306.0,10.0,20.0,2.0,100.0,10.57
307.0,20.0,20.0,2.0,100.0,19.8
308.0,40.0,20.0,2.0,100.0,15.04
309.0,49.0,20.0,2.0,100.0,19.6
310.0,0.0,20.0,2.0,100.0,9.71
311.0,0.5,20.0,2.0,100.0,16.31
312.0,1.0,20.0,2.0,100.0,25.31
313.0,2.0,20.0,2.0,100.0,19.31
314.0,3.0,20.0,2.0,100.0,27.58
315.0,5.0,20.0,2.0,100.0,22.29
316.0,10.0,20.0,2.0,100.0,22.56
317.0,20.0,20.0,2.0,100.0,22.4
318.0,40.0,20.0,2.0,100.0,10.09
319.0,49.0,20.0,2.0,100.0,21.82
320.0,0.0,20.0,2.0,100.0,16.51
321.0,0.5,20.0,2.0,100.0,25.62
322.0,1.0,20.0,2.0,100.0,19.24
323.0,2.0,20.0,2.0,100.0,11.54
324.0,3.0,20.0,2.0,100.0,19.2
325.0,5.0,20.0,2.0,100.0,17.49
326.0,10.0,20.0,2.0,100.0,15.49
327.0,20.0,20.0,2.0,100.0,10.49
328.0,40.0,20.0,2.0,100.0,21.04
329.0,49.0,20.0,2.0,100.0,22.7
330.0,0.0,20.0,2.0,100.0,9.84
331.0,0.5,20.0,2.0,100.0,22.24
332.0,1.0,20.0,2.0,100.0,11.83
333.0,2.0,20.0,2.0,100.0,21.21
334.0,3.0,20.0,2.0,100.0,23.95
335.0,5.0,20.0,2.0,100.0,21.41
336.0,10.0,20.0,2.0,100.0,21.27
337.0,20.0,20.0,2.0,100.0,25.81
338.0,40.0,20.0,2.0,100.0,17.89
339.0,49.0,20.0,2.0,100.0,13.84
340.0,0.0,20.0,2.0,100.0,21.81
341.0,0.5,20.0,2.0,100.0,14.62
342.0,1.0,20.0,2.0,100.0,26.72
343.0,2.0,20.0,2.0,100.0,15.68
344.0,3.0,20.0,2.0,100.0,15.19
345.0,5.0,20.0,2.0,100.0,21.89
346.0,10.0,20.0,2.0,100.0,11.08
347.0,20.0,20.0,2.0,100.0,24.24
348.0,40.0,20.0,2.0,100.0,20.14
349.0,49.0,20.0,2.0,100.0,22.52
350.0,0.0,20.0,2.0,100.0,26.04
351.0,0.5,20.0,2.0,100.0,15.5
352.0,1.0,20.0,2.0,100.0,12.46
353.0,2.0,20.0,2.0,100.0,22.74
354.0,3.0,20.0,2.0,100.0,11.09
355.0,5.0,20.0,2.0,100.0,17.69
356.0,10.0,20.0,2.0,100.0,12.52
357.0,20.0,20.0,2.0,100.0,23.02
358.0,40.0,20.0,2.0,100.0,19.21
359.0,49.0,20.0,2.0,100.0,14.08
360.0,0.0,20.0,2.0,100.0,23.99
361.0,0.5,20.0,2.0,100.0,15.19
362.0,1.0,20.0,2.0,100.0,11.85
363.0,2.0,20.0,2.0,100.0,16.85
364.0,3.0,20.0,2.0,100.0,26.25
365.0,5.0,20.0,2.0,100.0,22.6
366.0,10.0,20.0,2.0,100.0,23.76
367.0,20.0,20.0,2.0,100.0,18.31
368.0,40.0,20.0,2.0,100.0,17.54
369.0,49.0,20.0,2.0,100.0,17.9
370.0,0.0,20.0,2.0,100.0,18.3
371.0,0.5,20.0,2.0,100.0,17.85
372.0,1.0,20.0,2.0,100.0,11.96
373.0,2.0,20.0,2.0,100.0,14.78
374.0,3.0,20.0,2.0,100.0,21.21
375.0,5.0,20.0,2.0,100.0,21.73
376.0,10.0,20.0,2.0,100.0,24.46
377.0,20.0,20.0,2.0,100.0,19.0
378.0,40.0,20.0,2.0,100.0,15.38
379.0,49.0,20.0,2.0,100.0,22.38
380.0,0.0,20.0,2.0,100.0,18.85
381.0,0.5,20.0,2.0,100.0,25.91
382.0,1.0,20.0,2.0,100.0,17.03
383.0,2.0,20.0,2.0,100.0,16.47
384.0,3.0,20.0,2.0,100.0,9.21
385.0,5.0,20.0,2.0,100.0,19.3
386.0,10.0,20.0,2.0,100.0,17.55
387.0,20.0,20.0,2.0,100.0,24.35
388.0,40.0,20.0,2.0,100.0,9.87
389.0,49.0,20.0,2.0,100.0,24.29
390.0,0.0,20.0,2.0,100.0,18.73
391.0,0.5,20.0,2.0,100.0,23.49
392.0,1.0,20.0,2.0,100.0,17.52
393.0,2.0,20.0,2.0,100.0,22.09
394.0,3.0,20.0,2.0,100.0,12.06
395.0,5.0,20.0,2.0,100.0,21.07
396.0,10.0,20.0,2.0,100.0,13.82
397.0,20.0,20.0,2.0,100.0,15.91
398.0,40.0,20.0,2.0,100.0,23.99
399.0,49.0,20.0,2.0,100.0,23.82
400.0,0.0,20.0,2.0,100.0,16.6
401.0,0.5,20.0,2.0,100.0,19.38
402.0,1.0,20.0,2.0,100.0,22.76
403.0,2.0,20.0,2.0,100.0,12.69
404.0,3.0,20.0,2.0,100.0,23.95
405.0,5.0,20.0,2.0,100.0,23.0
406.0,10.0,20.0,2.0,100.0,14.09
407.0,20.0,20.0,2.0,100.0,22.09
408.0,40.0,20.0,2.0,100.0,20.96
409.0,49.0,20.0,2.0,100.0,24.64
410.0,0.0,20.0,2.0,100.0,23.32
411.0,0.5,20.0,2.0,100.0,12.15
412.0,1.0,20.0,2.0,100.0,17.06
413.0,2.0,20.0,2.0,100.0,20.76
414.0,3.0,20.0,2.0,100.0,23.93
415.0,5.0,20.0,2.0,100.0,14.99
416.0,10.0,20.0,2.0,100.0,22.99
417.0,20.0,20.0,2.0,100.0,21.38
418.0,40.0,20.0,2.0,100.0,15.83
419.0,49.0,20.0,2.0,100.0,10.14
420.0,0.0,20.0,2.0,100.0,12.34
421.0,0.5,20.0,2.0,100.0,17.97
422.0,1.0,20.0,2.0,100.0,14.06
423.0,2.0,20.0,2.0,100.0,17.34
424.0,3.0,20.0,2.0,100.0,19.86
425.0,5.0,20.0,2.0,100.0,10.27
426.0,10.0,20.0,2.0,100.0,11.64
427.0,20.0,20.0,2.0,100.0,22.58
428.0,40.0,20.0,2.0,100.0,20.93
429.0,49.0,20.0,2.0,100.0,17.05
430.0,0.0,20.0,2.0,100.0,19.58
431.0,0.5,20.0,2.0,100.0,21.88
432.0,1.0,20.0,2.0,100.0,24.63
433.0,2.0,20.0,2.0,100.0,9.13
434.0,3.0,20.0,2.0,100.0,16.14
435.0,5.0,20.0,2.0,100.0,20.64
436.0,10.0,20.0,2.0,100.0,17.37
437.0,20.0,20.0,2.0,100.0,20.48
438.0,40.0,20.0,2.0,100.0,16.81
439.0,49.0,20.0,2.0,100.0,16.67
440.0,0.0,20.0,2.0,100.0,21.19
441.0,0.5,20.0,2.0,100.0,19.17
442.0,1.0,20.0,2.0,100.0,16.97
443.0,2.0,20.0,2.0,100.0,13.13
444.0,3.0,20.0,2.0,100.0,22.36
445.0,5.0,20.0,2.0,100.0,16.12
446.0,10.0,20.0,2.0,100.0,9.4
447.0,20.0,20.0,2.0,100.0,9.48
448.0,40.0,20.0,2.0,100.0,18.83
449.0,49.0,20.0,2.0,100.0,10.57
450.0,0.0,20.0,2.0,100.0,16.7
451.0,0.5,20.0,2.0,100.0,24.15
452.0,1.0,20.0,2.0,100.0,17.77
453.0,2.0,20.0,2.0,100.0,26.16
454.0,3.0,20.0,2.0,100.0,23.82
455.0,5.0,20.0,2.0,100.0,14.56
456.0,10.0,20.0,2.0,100.0,16.09
457.0,20.0,20.0,2.0,100.0,20.87
458.0,40.0,20.0,2.0,100.0,12.69
459.0,49.0,20.0,2.0,100.0,12.27
460.0,0.0,20.0,2.0,100.0,22.15
461.0,0.5,20.0,2.0,100.0,8.62
462.0,1.0,20.0,2.0,100.0,21.96
463.0,2.0,20.0,2.0,100.0,24.1
464.0,3.0,20.0,2.0,100.0,12.7
465.0,5.0,20.0,2.0,100.0,19.44
466.0,10.0,20.0,2.0,100.0,19.84
467.0,20.0,20.0,2.0,100.0,14.37
468.0,40.0,20.0,2.0,100.0,13.47
469.0,49.0,20.0,2.0,100.0,22.63
470.0,0.0,20.0,2.0,100.0,20.43
471.0,0.5,20.0,2.0,100.0,25.43
472.0,1.0,20.0,2.0,100.0,24.87
473.0,2.0,20.0,2.0,100.0,24.53
474.0,3.0,20.0,2.0,100.0,26.18
475.0,5.0,20.0,2.0,100.0,9.01
476.0,10.0,20.0,2.0,100.0,20.24
477.0,20.0,20.0,2.0,100.0,8.5
478.0,40.0,20.0,2.0,100.0,25.46
479.0,49.0,20.0,2.0,100.0,12.36
480.0,0.0,20.0,2.0,100.0,15.84
481.0,0.5,20.0,2.0,100.0,18.41
482.0,1.0,20.0,2.0,100.0,19.75
483.0,2.0,20.0,2.0,100.0,24.59
484.0,3.0,20.0,2.0,100.0,21.24
485.0,5.0,20.0,2.0,100.0,13.32
486.0,10.0,20.0,2.0,100.0,12.98
487.0,20.0,20.0,2.0,100.0,21.82
488.0,40.0,20.0,2.0,100.0,22.15
489.0,49.0,20.0,2.0,100.0,10.17
490.0,0.0,20.0,2.0,100.0,24.05
491.0,0.5,20.0,2.0,100.0,22.83
492.0,1.0,20.0,2.0,100.0,21.92
493.0,2.0,20.0,2.0,100.0,20.78
494.0,3.0,20.0,2.0,100.0,22.21
495.0,5.0,20.0,2.0,100.0,15.25
496.0,10.0,20.0,2.0,100.0,8.62
497.0,20.0,20.0,2.0,100.0,22.3
498.0,40.0,20.0,2.0,100.0,19.05
499.0,49.0,20.0,2.0,100.0,20.49
500.0,0.0,20.0,2.0,100.0,9.46
501.0,0.5,20.0,2.0,100.0,16.72
502.0,1.0,20.0,2.0,100.0,17.98
503.0,2.0,20.0,2.0,100.0,23.54
504.0,3.0,20.0,2.0,100.0,27.31
505.0,5.0,20.0,2.0,100.0,22.64
506.0,10.0,20.0,2.0,100.0,20.59
507.0,20.0,20.0,2.0,100.0,11.02
508.0,40.0,20.0,2.0,100.0,9.4
509.0,49.0,20.0,2.0,100.0,14.66
510.0,0.0,20.0,2.0,100.0,23.44
511.0,0.5,20.0,2.0,100.0,24.85
512.0,1.0,20.0,2.0,100.0,24.24
513.0,2.0,20.0,2.0,100.0,26.48
514.0,3.0,20.0,2.0,100.0,19.7
515.0,5.0,20.0,2.0,100.0,10.9
516.0,10.0,20.0,2.0,100.0,25.68
517.0,20.0,20.0,2.0,100.0,16.09
518.0,40.0,20.0,2.0,100.0,23.51
519.0,49.0,20.0,2.0,100.0,24.23
520.0,0.0,20.0,2.0,100.0,17.74
521.0,0.5,20.0,2.0,100.0,22.73
522.0,1.0,20.0,2.0,100.0,17.09
523.0,2.0,20.0,2.0,100.0,24.55
524.0,3.0,20.0,2.0,100.0,26.07
525.0,5.0,20.0,2.0,100.0,11.78
526.0,10.0,20.0,2.0,100.0,25.29
527.0,20.0,20.0,2.0,100.0,21.67
528.0,40.0,20.0,2.0,100.0,19.75
529.0,49.0,20.0,2.0,100.0,23.5
530.0,0.0,20.0,2.0,100.0,24.34
531.0,0.5,20.0,2.0,100.0,18.8
532.0,1.0,20.0,2.0,100.0,17.73
533.0,2.0,20.0,2.0,100.0,19.53
534.0,3.0,20.0,2.0,100.0,14.6
535.0,5.0,20.0,2.0,100.0,14.94
536.0,10.0,20.0,2.0,100.0,22.12
537.0,20.0,20.0,2.0,100.0,13.72
538.0,40.0,20.0,2.0,100.0,20.0
539.0,49.0,20.0,2.0,100.0,22.19
540.0,0.0,20.0,2.0,100.0,10.85
541.0,0.5,20.0,2.0,100.0,17.87
542.0,1.0,20.0,2.0,100.0,23.45
543.0,2.0,20.0,2.0,100.0,16.23
544.0,3.0,20.0,2.0,100.0,20.76
545.0,5.0,20.0,2.0,100.0,10.36
546.0,10.0,20.0,2.0,100.0,15.52
547.0,20.0,20.0,2.0,100.0,24.81
548.0,40.0,20.0,2.0,100.0,13.69
549.0,49.0,20.0,2.0,100.0,21.79
550.0,0.0,20.0,2.0,100.0,17.85
551.0,0.5,20.0,2.0,100.0,25.9
552.0,1.0,20.0,2.0,100.0,18.26
553.0,2.0,20.0,2.0,100.0,25.75
554.0,3.0,20.0,2.0,100.0,22.41
555.0,5.0,20.0,2.0,100.0,12.9
556.0,10.0,20.0,2.0,100.0,23.24
557.0,20.0,20.0,2.0,100.0,22.22
558.0,40.0,20.0,2.0,100.0,25.73
559.0,49.0,20.0,2.0,100.0,19.16
560.0,0.0,20.0,2.0,100.0,10.2
561.0,0.5,20.0,2.0,100.0,16.25
562.0,1.0,20.0,2.0,100.0,24.5
563.0,2.0,20.0,2.0,100.0,21.29
564.0,3.0,20.0,2.0,100.0,14.05
565.0,5.0,20.0,2.0,100.0,18.33
566.0,10.0,20.0,2.0,100.0,23.15
567.0,20.0,20.0,2.0,100.0,20.57
568.0,40.0,20.0,2.0,100.0,21.14
569.0,49.0,20.0,2.0,100.0,18.1
570.0,0.0,20.0,2.0,100.0,12.25
571.0,0.5,20.0,2.0,100.0,20.27
572.0,1.0,20.0,2.0,100.0,25.33
573.0,2.0,20.0,2.0,100.0,16.82
574.0,3.0,20.0,2.0,100.0,21.9
575.0,5.0,20.0,2.0,100.0,19.39
576.0,10.0,20.0,2.0,100.0,23.51
577.0,20.0,20.0,2.0,100.0,20.92
578.0,40.0,20.0,2.0,100.0,11.59
579.0,49.0,20.0,2.0,100.0,11.64
580.0,0.0,20.0,2.0,100.0,23.18
581.0,0.5,20.0,2.0,100.0,11.07
582.0,1.0,20.0,2.0,100.0,20.2
583.0,2.0,20.0,2.0,100.0,21.92
584.0,3.0,20.0,2.0,100.0,18.45
585.0,5.0,20.0,2.0,100.0,20.67
586.0,10.0,20.0,2.0,100.0,23.23
587.0,20.0,20.0,2.0,100.0,21.81
588.0,40.0,20.0,2.0,100.0,17.28
589.0,49.0,20.0,2.0,100.0,19.03
590.0,0.0,20.0,2.0,100.0,24.86
591.0,0.5,20.0,2.0,100.0,17.33
592.0,1.0,20.0,2.0,100.0,10.8
593.0,2.0,20.0,2.0,100.0,25.96
594.0,3.0,20.0,2.0,100.0,17.72
595.0,5.0,20.0,2.0,100.0,14.46
596.0,10.0,20.0,2.0,100.0,18.81
597.0,20.0,20.0,2.0,100.0,17.74
598.0,40.0,20.0,2.0,100.0,12.16
599.0,49.0,20.0,2.0,100.0,8.51
600.0,0.0,20.0,2.0,100.0,16.18
601.0,0.5,20.0,2.0,100.0,12.73
602.0,1.0,20.0,2.0,100.0,14.0
603.0,2.0,20.0,2.0,100.0,20.96
604.0,3.0,20.0,2.0,100.0,18.16
605.0,5.0,20.0,2.0,100.0,14.73
606.0,10.0,20.0,2.0,100.0,23.32
607.0,20.0,20.0,2.0,100.0,21.9
608.0,40.0,20.0,2.0,100.0,16.58
609.0,49.0,20.0,2.0,100.0,11.14
610.0,0.0,20.0,2.0,100.0,17.27
611.0,0.5,20.0,2.0,100.0,26.43
612.0,1.0,20.0,2.0,100.0,17.93
613.0,2.0,20.0,2.0,100.0,9.87
614.0,3.0,20.0,2.0,100.0,24.44
615.0,5.0,20.0,2.0,100.0,24.95
616.0,10.0,20.0,2.0,100.0,13.25
617.0,20.0,20.0,2.0,100.0,10.75
618.0,40.0,20.0,2.0,100.0,23.06
619.0,49.0,20.0,2.0,100.0,14.44
620.0,0.0,20.0,2.0,100.0,19.56
621.0,0.5,20.0,2.0,100.0,22.29
622.0,1.0,20.0,2.0,100.0,20.91
623.0,2.0,20.0,2.0,100.0,11.47
624.0,3.0,20.0,2.0,100.0,10.67
625.0,5.0,20.0,2.0,100.0,26.33
626.0,10.0,20.0,2.0,100.0,21.56
627.0,20.0,20.0,2.0,100.0,18.02
628.0,40.0,20.0,2.0,100.0,23.29
629.0,49.0,20.0,2.0,100.0,21.78
630.0,0.0,20.0,2.0,100.0,19.34
631.0,0.5,20.0,2.0,100.0,11.67
632.0,1.0,20.0,2.0,100.0,21.0
633.0,2.0,20.0,2.0,100.0,21.76
634.0,3.0,20.0,2.0,100.0,9.56
635.0,5.0,20.0,2.0,100.0,21.79
636.0,10.0,20.0,2.0,100.0,20.95
637.0,20.0,20.0,2.0,100.0,16.68
638.0,40.0,20.0,2.0,100.0,25.7
639.0,49.0,20.0,2.0,100.0,24.2
640.0,0.0,20.0,2.0,100.0,18.62
641.0,0.5,20.0,2.0,100.0,23.42
642.0,1.0,20.0,2.0,100.0,16.66
643.0,2.0,20.0,2.0,100.0,23.1
644.0,3.0,20.0,2.0,100.0,28.79
645.0,5.0,20.0,2.0,100.0,26.65
646.0,10.0,20.0,2.0,100.0,26.98
647.0,20.0,20.0,2.0,100.0,21.79
648.0,40.0,20.0,2.0,100.0,20.15
649.0,49.0,20.0,2.0,100.0,24.01
650.0,0.0,20.0,2.0,100.0,21.59
651.0,0.5,20.0,2.0,100.0,26.78
652.0,1.0,20.0,2.0,100.0,12.71
653.0,2.0,20.0,2.0,100.0,22.69
654.0,3.0,20.0,2.0,100.0,18.68
655.0,5.0,20.0,2.0,100.0,25.27
656.0,10.0,20.0,2.0,100.0,19.88
657.0,20.0,20.0,2.0,100.0,24.11
658.0,40.0,20.0,2.0,100.0,13.79
659.0,49.0,20.0,2.0,100.0,25.38
660.0,0.0,20.0,2.0,100.0,22.33
661.0,0.5,20.0,2.0,100.0,20.11
662.0,1.0,20.0,2.0,100.0,15.47
663.0,2.0,20.0,2.0,100.0,22.22
664.0,3.0,20.0,2.0,100.0,23.61
665.0,5.0,20.0,2.0,100.0,16.95
666.0,10.0,20.0,2.0,100.0,8.86
667.0,20.0,20.0,2.0,100.0,11.7
668.0,40.0,20.0,2.0,100.0,24.11
669.0,49.0,20.0,2.0,100.0,17.82
670.0,0.0,20.0,2.0,100.0,25.0
671.0,0.5,20.0,2.0,100.0,28.6
672.0,1.0,20.0,2.0,100.0,15.26
673.0,2.0,20.0,2.0,100.0,22.21
674.0,3.0,20.0,2.0,100.0,17.97
675.0,5.0,20.0,2.0,100.0,25.47
676.0,10.0,20.0,2.0,100.0,18.34
677.0,20.0,20.0,2.0,100.0,22.64
678.0,40.0,20.0,2.0,100.0,10.04
679.0,49.0,20.0,2.0,100.0,22.76
680.0,0.0,20.0,2.0,100.0,16.71
681.0,0.5,20.0,2.0,100.0,22.14
682.0,1.0,20.0,2.0,100.0,18.28
683.0,2.0,20.0,2.0,100.0,20.67
684.0,3.0,20.0,2.0,100.0,23.93
685.0,5.0,20.0,2.0,100.0,15.96
686.0,10.0,20.0,2.0,100.0,18.04
687.0,20.0,20.0,2.0,100.0,26.57
688.0,40.0,20.0,2.0,100.0,17.37
689.0,49.0,20.0,2.0,100.0,21.8
690.0,0.0,20.0,2.0,100.0,17.92
691.0,0.5,20.0,2.0,100.0,18.54
692.0,1.0,20.0,2.0,100.0,18.24
693.0,2.0,20.0,2.0,100.0,23.26
694.0,3.0,20.0,2.0,100.0,9.6
695.0,5.0,20.0,2.0,100.0,13.2
696.0,10.0,20.0,2.0,100.0,8.36
697.0,20.0,20.0,2.0,100.0,9.85
698.0,40.0,20.0,2.0,100.0,20.03
699.0,49.0,20.0,2.0,100.0,11.43
700.0,0.0,20.0,2.0,100.0,14.84
701.0,0.5,20.0,2.0,100.0,24.33
702.0,1.0,20.0,2.0,100.0,18.36
703.0,2.0,20.0,2.0,100.0,26.04
704.0,3.0,20.0,2.0,100.0,22.67
705.0,5.0,20.0,2.0,100.0,20.01
706.0,10.0,20.0,2.0,100.0,24.93
707.0,20.0,20.0,2.0,100.0,21.59
708.0,40.0,20.0,2.0,100.0,20.01
709.0,49.0,20.0,2.0,100.0,17.97
710.0,0.0,20.0,2.0,100.0,24.75
711.0,0.5,20.0,2.0,100.0,23.57
712.0,1.0,20.0,2.0,100.0,22.46
713.0,2.0,20.0,2.0,100.0,18.21
714.0,3.0,20.0,2.0,100.0,20.48
715.0,5.0,20.0,2.0,100.0,16.68
716.0,10.0,20.0,2.0,100.0,22.81
717.0,20.0,20.0,2.0,100.0,17.4
718.0,40.0,20.0,2.0,100.0,25.27
719.0,49.0,20.0,2.0,100.0,17.61
720.0,0.0,20.0,2.0,100.0,17.36
721.0,0.5,20.0,2.0,100.0,12.06
722.0,1.0,20.0,2.0,100.0,16.59
723.0,2.0,20.0,2.0,100.0,17.44
724.0,3.0,20.0,2.0,100.0,25.89
725.0,5.0,20.0,2.0,100.0,15.65
726.0,10.0,20.0,2.0,100.0,22.02
727.0,20.0,20.0,2.0,100.0,17.03
728.0,40.0,20.0,2.0,100.0,21.02
729.0,49.0,20.0,2.0,100.0,13.17
730.0,0.0,20.0,2.0,100.0,17.2
731.0,0.5,20.0,2.0,100.0,19.52
732.0,1.0,20.0,2.0,100.0,22.73
733.0,2.0,20.0,2.0,100.0,17.82
734.0,3.0,20.0,2.0,100.0,15.78
735.0,5.0,20.0,2.0,100.0,25.7
736.0,10.0,20.0,2.0,100.0,11.98
737.0,20.0,20.0,2.0,100.0,13.87
738.0,40.0,20.0,2.0,100.0,12.97
739.0,49.0,20.0,2.0,100.0,16.34
740.0,0.0,20.0,2.0,100.0,12.8
741.0,0.5,20.0,2.0,100.0,24.15
742.0,1.0,20.0,2.0,100.0,22.84
743.0,2.0,20.0,2.0,100.0,10.11
744.0,3.0,20.0,2.0,100.0,21.83
745.0,5.0,20.0,2.0,100.0,17.69
746.0,10.0,20.0,2.0,100.0,14.74
747.0,20.0,20.0,2.0,100.0,17.84
748.0,40.0,20.0,2.0,100.0,11.96
749.0,49.0,20.0,2.0,100.0,16.23
750.0,0.0,20.0,2.0,100.0,21.7
751.0,0.5,20.0,2.0,100.0,18.43
752.0,1.0,20.0,2.0,100.0,26.6
753.0,2.0,20.0,2.0,100.0,22.78
754.0,3.0,20.0,2.0,100.0,16.82
755.0,5.0,20.0,2.0,100.0,22.57
756.0,10.0,20.0,2.0,100.0,11.1
757.0,20.0,20.0,2.0,100.0,22.57
758.0,40.0,20.0,2.0,100.0,20.41
759.0,49.0,20.0,2.0,100.0,19.64
760.0,0.0,20.0,2.0,100.0,24.39
761.0,0.5,20.0,2.0,100.0,24.76
762.0,1.0,20.0,2.0,100.0,23.26
763.0,2.0,20.0,2.0,100.0,24.11
764.0,3.0,20.0,2.0,100.0,25.2
765.0,5.0,20.0,2.0,100.0,23.18
766.0,10.0,20.0,2.0,100.0,13.26
767.0,20.0,20.0,2.0,100.0,25.15
768.0,40.0,20.0,2.0,100.0,9.46
769.0,49.0,20.0,2.0,100.0,21.13
770.0,0.0,20.0,2.0,100.0,23.17
771.0,0.5,20.0,2.0,100.0,14.96
772.0,1.0,20.0,2.0,100.0,21.25
773.0,2.0,20.0,2.0,100.0,13.97
774.0,3.0,20.0,2.0,100.0,21.94
775.0,5.0,20.0,2.0,100.0,14.46
776.0,10.0,20.0,2.0,100.0,13.9
777.0,20.0,20.0,2.0,100.0,19.88
778.0,40.0,20.0,2.0,100.0,10.16
779.0,49.0,20.0,2.0,100.0,22.76
780.0,0.0,20.0,2.0,100.0,16.43
781.0,0.5,20.0,2.0,100.0,19.53
782.0,1.0,20.0,2.0,100.0,15.21
783.0,2.0,20.0,2.0,100.0,27.48
784.0,3.0,20.0,2.0,100.0,16.91
785.0,5.0,20.0,2.0,100.0,22.85
786.0,10.0,20.0,2.0,100.0,12.74
787.0,20.0,20.0,2.0,100.0,8.76
788.0,40.0,20.0,2.0,100.0,9.9
789.0,49.0,20.0,2.0,100.0,20.9
790.0,0.0,20.0,2.0,100.0,15.28
791.0,0.5,20.0,2.0,100.0,25.09
792.0,1.0,20.0,2.0,100.0,10.76
793.0,2.0,20.0,2.0,100.0,21.13
794.0,3.0,20.0,2.0,100.0,29.39
795.0,5.0,20.0,2.0,100.0,12.98
796.0,10.0,20.0,2.0,100.0,11.69
797.0,20.0,20.0,2.0,100.0,20.35
798.0,40.0,20.0,2.0,100.0,18.44
799.0,49.0,20.0,2.0,100.0,19.64
800.0,0.0,20.0,2.0,100.0,22.43
801.0,0.5,20.0,2.0,100.0,12.15
802.0,1.0,20.0,2.0,100.0,9.39
803.0,2.0,20.0,2.0,100.0,21.07
804.0,3.0,20.0,2.0,100.0,22.46
805.0,5.0,20.0,2.0,100.0,11.32
806.0,10.0,20.0,2.0,100.0,13.52
807.0,20.0,20.0,2.0,100.0,23.36
808.0,40.0,20.0,2.0,100.0,22.84
809.0,49.0,20.0,2.0,100.0,14.54
810.0,0.0,20.0,2.0,100.0,16.38
811.0,0.5,20.0,2.0,100.0,13.55
812.0,1.0,20.0,2.0,100.0,13.43
813.0,2.0,20.0,2.0,100.0,24.13
814.0,3.0,20.0,2.0,100.0,18.81
815.0,5.0,20.0,2.0,100.0,16.2
816.0,10.0,20.0,2.0,100.0,23.49
817.0,20.0,20.0,2.0,100.0,13.94
818.0,40.0,20.0,2.0,100.0,24.93
819.0,49.0,20.0,2.0,100.0,18.04
820.0,0.0,20.0,2.0,100.0,14.96
821.0,0.5,20.0,2.0,100.0,22.15
822.0,1.0,20.0,2.0,100.0,18.54
823.0,2.0,20.0,2.0,100.0,16.25
824.0,3.0,20.0,2.0,100.0,9.18
825.0,5.0,20.0,2.0,100.0,19.67
826.0,10.0,20.0,2.0,100.0,23.71
827.0,20.0,20.0,2.0,100.0,15.05
828.0,40.0,20.0,2.0,100.0,9.29
829.0,49.0,20.0,2.0,100.0,22.18
830.0,0.0,20.0,2.0,100.0,22.2
831.0,0.5,20.0,2.0,100.0,19.46
832.0,1.0,20.0,2.0,100.0,19.56
833.0,2.0,20.0,2.0,100.0,24.72
834.0,3.0,20.0,2.0,100.0,14.67
835.0,5.0,20.0,2.0,100.0,22.87
836.0,10.0,20.0,2.0,100.0,17.09
837.0,20.0,20.0,2.0,100.0,23.25
838.0,40.0,20.0,2.0,100.0,16.75
839.0,49.0,20.0,2.0,100.0,10.19
840.0,0.0,20.0,2.0,100.0,25.43
841.0,0.5,20.0,2.0,100.0,21.87
842.0,1.0,20.0,2.0,100.0,23.8
843.0,2.0,20.0,2.0,100.0,15.9
844.0,3.0,20.0,2.0,100.0,25.29
845.0,5.0,20.0,2.0,100.0,11.66
846.0,10.0,20.0,2.0,100.0,21.93
847.0,20.0,20.0,2.0,100.0,24.14
848.0,40.0,20.0,2.0,100.0,14.49
849.0,49.0,20.0,2.0,100.0,18.88
850.0,0.0,20.0,2.0,100.0,21.2
851.0,0.5,20.0,2.0,100.0,24.85
852.0,1.0,20.0,2.0,100.0,11.65
853.0,2.0,20.0,2.0,100.0,21.49
854.0,3.0,20.0,2.0,100.0,24.92
855.0,5.0,20.0,2.0,100.0,18.07
856.0,10.0,20.0,2.0,100.0,20.55
857.0,20.0,20.0,2.0,100.0,12.06
858.0,40.0,20.0,2.0,100.0,24.43
859.0,49.0,20.0,2.0,100.0,23.05
860.0,0.0,20.0,2.0,100.0,16.71
861.0,0.5,20.0,2.0,100.0,17.28
862.0,1.0,20.0,2.0,100.0,25.06
863.0,2.0,20.0,2.0,100.0,21.12
864.0,3.0,20.0,2.0,100.0,24.16
865.0,5.0,20.0,2.0,100.0,24.23
866.0,10.0,20.0,2.0,100.0,15.09
867.0,20.0,20.0,2.0,100.0,24.81
868.0,40.0,20.0,2.0,100.0,22.31
869.0,49.0,20.0,2.0,100.0,18.66
870.0,0.0,20.0,2.0,100.0,24.62
871.0,0.5,20.0,2.0,100.0,20.08
872.0,1.0,20.0,2.0,100.0,14.22
873.0,2.0,20.0,2.0,100.0,24.17
874.0,3.0,20.0,2.0,100.0,18.92
875.0,5.0,20.0,2.0,100.0,24.51
876.0,10.0,20.0,2.0,100.0,15.89
877.0,20.0,20.0,2.0,100.0,14.66
878.0,40.0,20.0,2.0,100.0,11.18
879.0,49.0,20.0,2.0,100.0,15.9
880.0,0.0,20.0,2.0,100.0,24.65
881.0,0.5,20.0,2.0,100.0,21.46
882.0,1.0,20.0,2.0,100.0,15.92
883.0,2.0,20.0,2.0,100.0,19.19
884.0,3.0,20.0,2.0,100.0,17.53
885.0,5.0,20.0,2.0,100.0,19.66
886.0,10.0,20.0,2.0,100.0,9.98
887.0,20.0,20.0,2.0,100.0,15.21
888.0,40.0,20.0,2.0,100.0,12.26
889.0,49.0,20.0,2.0,100.0,23.45
890.0,0.0,20.0,2.0,100.0,21.78
891.0,0.5,20.0,2.0,100.0,12.21
892.0,1.0,20.0,2.0,100.0,17.8
893.0,2.0,20.0,2.0,100.0,26.01
894.0,3.0,20.0,2.0,100.0,12.16
895.0,5.0,20.0,2.0,100.0,23.57
896.0,10.0,20.0,2.0,100.0,12.71
897.0,20.0,20.0,2.0,100.0,8.91
898.0,40.0,20.0,2.0,100.0,24.77
899.0,49.0,20.0,2.0,100.0,13.64
900.0,0.0,20.0,2.0,100.0,19.74
901.0,0.5,20.0,2.0,100.0,23.75
902.0,1.0,20.0,2.0,100.0,26.16
903.0,2.0,20.0,2.0,100.0,23.49
904.0,3.0,20.0,2.0,100.0,20.04
905.0,5.0,20.0,2.0,100.0,11.83
906.0,10.0,20.0,2.0,100.0,11.4
907.0,20.0,20.0,2.0,100.0,19.33
908.0,40.0,20.0,2.0,100.0,15.55
909.0,49.0,20.0,2.0,100.0,22.74
910.0,0.0,20.0,2.0,100.0,12.14
911.0,0.5,20.0,2.0,100.0,12.35
912.0,1.0,20.0,2.0,100.0,14.22
913.0,2.0,20.0,2.0,100.0,12.85
914.0,3.0,20.0,2.0,100.0,17.27
915.0,5.0,20.0,2.0,100.0,11.58
916.0,10.0,20.0,2.0,100.0,9.66
917.0,20.0,20.0,2.0,100.0,24.65
918.0,40.0,20.0,2.0,100.0,23.26
919.0,49.0,20.0,2.0,100.0,23.56
920.0,0.0,20.0,2.0,100.0,24.63
921.0,0.5,20.0,2.0,100.0,19.18
922.0,1.0,20.0,2.0,100.0,16.79
923.0,2.0,20.0,2.0,100.0,23.79
924.0,3.0,20.0,2.0,100.0,8.66
925.0,5.0,20.0,2.0,100.0,16.02
926.0,10.0,20.0,2.0,100.0,11.01
927.0,20.0,20.0,2.0,100.0,22.16
928.0,40.0,20.0,2.0,100.0,17.48
929.0,49.0,20.0,2.0,100.0,20.27
930.0,0.0,20.0,2.0,100.0,22.84
931.0,0.5,20.0,2.0,100.0,23.85
932.0,1.0,20.0,2.0,100.0,15.85
933.0,2.0,20.0,2.0,100.0,12.46
934.0,3.0,20.0,2.0,100.0,15.5
935.0,5.0,20.0,2.0,100.0,17.2
936.0,10.0,20.0,2.0,100.0,14.53
937.0,20.0,20.0,2.0,100.0,14.98
938.0,40.0,20.0,2.0,100.0,20.91
939.0,49.0,20.0,2.0,100.0,16.81
940.0,0.0,20.0,2.0,100.0,28.65
941.0,0.5,20.0,2.0,100.0,19.12
942.0,1.0,20.0,2.0,100.0,26.65
943.0,2.0,20.0,2.0,100.0,23.84
944.0,3.0,20.0,2.0,100.0,25.76
945.0,5.0,20.0,2.0,100.0,18.93
946.0,10.0,20.0,2.0,100.0,20.97
947.0,20.0,20.0,2.0,100.0,15.69
948.0,40.0,20.0,2.0,100.0,20.07
949.0,49.0,20.0,2.0,100.0,20.95
950.0,0.0,20.0,2.0,100.0,23.34
951.0,0.5,20.0,2.0,100.0,17.29
952.0,1.0,20.0,2.0,100.0,13.25
953.0,2.0,20.0,2.0,100.0,15.04
954.0,3.0,20.0,2.0,100.0,18.25
955.0,5.0,20.0,2.0,100.0,25.14
956.0,10.0,20.0,2.0,100.0,26.84
957.0,20.0,20.0,2.0,100.0,21.75
958.0,40.0,20.0,2.0,100.0,10.73
959.0,49.0,20.0,2.0,100.0,27.16
960.0,0.0,20.0,2.0,100.0,16.33
961.0,0.5,20.0,2.0,100.0,12.08
962.0,1.0,20.0,2.0,100.0,20.78
963.0,2.0,20.0,2.0,100.0,11.5
964.0,3.0,20.0,2.0,100.0,21.62
965.0,5.0,20.0,2.0,100.0,22.88
966.0,10.0,20.0,2.0,100.0,19.9
967.0,20.0,20.0,2.0,100.0,23.33
968.0,40.0,20.0,2.0,100.0,10.5
969.0,49.0,20.0,2.0,100.0,19.71
970.0,0.0,20.0,2.0,100.0,22.93
971.0,0.5,20.0,2.0,100.0,17.54
972.0,1.0,20.0,2.0,100.0,13.96
973.0,2.0,20.0,2.0,100.0,14.34
974.0,3.0,20.0,2.0,100.0,17.04
975.0,5.0,20.0,2.0,100.0,10.5
976.0,10.0,20.0,2.0,100.0,11.6
977.0,20.0,20.0,2.0,100.0,12.94
978.0,40.0,20.0,2.0,100.0,24.64
979.0,49.0,20.0,2.0,100.0,19.41
980.0,0.0,20.0,2.0,100.0,21.34
981.0,0.5,20.0,2.0,100.0,11.78
982.0,1.0,20.0,2.0,100.0,22.31
983.0,2.0,20.0,2.0,100.0,20.39
984.0,3.0,20.0,2.0,100.0,20.47
985.0,5.0,20.0,2.0,100.0,24.81
986.0,10.0,20.0,2.0,100.0,24.19
987.0,20.0,20.0,2.0,100.0,12.01
988.0,40.0,20.0,2.0,100.0,10.16
989.0,49.0,20.0,2.0,100.0,21.05
990.0,0.0,20.0,2.0,100.0,18.79
991.0,0.5,20.0,2.0,100.0,26.16
992.0,1.0,20.0,2.0,100.0,19.66
993.0,2.0,20.0,2.0,100.0,17.82
994.0,3.0,20.0,2.0,100.0,21.96
995.0,5.0,20.0,2.0,100.0,18.07
996.0,10.0,20.0,2.0,100.0,21.05
997.0,20.0,20.0,2.0,100.0,20.5
998.0,40.0,20.0,2.0,100.0,9.55
999.0,49.0,20.0,2.0,100.0,21.06
1000.0,0.0,20.0,2.0,100.0,11.31
1001.0,0.5,20.0,2.0,100.0,10.4
1002.0,1.0,20.0,2.0,100.0,24.18
1003.0,2.0,20.0,2.0,100.0,24.03
1004.0,3.0,20.0,2.0,100.0,19.55
1005.0,5.0,20.0,2.0,100.0,13.36
1006.0,10.0,20.0,2.0,100.0,13.15
1007.0,20.0,20.0,2.0,100.0,22.72
1008.0,40.0,20.0,2.0,100.0,20.8
1009.0,49.0,20.0,2.0,100.0,23.99
1010.0,0.0,20.0,2.0,100.0,15.71
1011.0,0.5,20.0,2.0,100.0,19.94
1012.0,1.0,20.0,2.0,100.0,19.81
1013.0,2.0,20.0,2.0,100.0,23.53
1014.0,3.0,20.0,2.0,100.0,13.62
1015.0,5.0,20.0,2.0,100.0,14.62
1016.0,10.0,20.0,2.0,100.0,14.22
1017.0,20.0,20.0,2.0,100.0,14.64
1018.0,40.0,20.0,2.0,100.0,20.72
1019.0,49.0,20.0,2.0,100.0,22.71
1020.0,0.0,20.0,2.0,100.0,23.31
1021.0,0.5,20.0,2.0,100.0,23.26
1022.0,1.0,20.0,2.0,100.0,25.81
1023.0,2.0,20.0,2.0,100.0,18.0
1024.0,3.0,20.0,2.0,100.0,22.08
1025.0,5.0,20.0,2.0,100.0,17.26
1026.0,10.0,20.0,2.0,100.0,18.31
1027.0,20.0,20.0,2.0,100.0,25.72
1028.0,40.0,20.0,2.0,100.0,9.33
1029.0,49.0,20.0,2.0,100.0,19.26
1030.0,0.0,20.0,2.0,100.0,17.95
1031.0,0.5,20.0,2.0,100.0,21.48
1032.0,1.0,20.0,2.0,100.0,9.66
1033.0,2.0,20.0,2.0,100.0,18.79
1034.0,3.0,20.0,2.0,100.0,19.0
1035.0,5.0,20.0,2.0,100.0,10.97
1036.0,10.0,20.0,2.0,100.0,21.0
1037.0,20.0,20.0,2.0,100.0,10.85
1038.0,40.0,20.0,2.0,100.0,20.26
1039.0,49.0,20.0,2.0,100.0,24.86
1040.0,0.0,20.0,2.0,100.0,18.2
1041.0,0.5,20.0,2.0,100.0,20.74
1042.0,1.0,20.0,2.0,100.0,18.58
1043.0,2.0,20.0,2.0,100.0,19.16
1044.0,3.0,20.0,2.0,100.0,18.3
1045.0,5.0,20.0,2.0,100.0,21.09
1046.0,10.0,20.0,2.0,100.0,14.03
1047.0,20.0,20.0,2.0,100.0,17.41
1048.0,40.0,20.0,2.0,100.0,24.26
1049.0,49.0,20.0,2.0,100.0,20.61
1050.0,0.0,20.0,2.0,100.0,14.81
1051.0,0.5,20.0,2.0,100.0,19.01
1052.0,1.0,20.0,2.0,100.0,16.09
1053.0,2.0,20.0,2.0,100.0,25.87
1054.0,3.0,20.0,2.0,100.0,23.18
1055.0,5.0,20.0,2.0,100.0,26.36
1056.0,10.0,20.0,2.0,100.0,16.46
1057.0,20.0,20.0,2.0,100.0,15.29
1058.0,40.0,20.0,2.0,100.0,23.36
1059.0,49.0,20.0,2.0,100.0,18.65
1060.0,0.0,20.0,2.0,100.0,16.45
1061.0,0.5,20.0,2.0,100.0,22.96
1062.0,1.0,20.0,2.0,100.0,17.87
1063.0,2.0,20.0,2.0,100.0,16.33
1064.0,3.0,20.0,2.0,100.0,20.6
1065.0,5.0,20.0,2.0,100.0,12.7
1066.0,10.0,20.0,2.0,100.0,22.41
1067.0,20.0,20.0,2.0,100.0,17.75
1068.0,40.0,20.0,2.0,100.0,17.85
1069.0,49.0,20.0,2.0,100.0,24.62
1070.0,0.0,20.0,2.0,100.0,16.69
1071.0,0.5,20.0,2.0,100.0,17.62
1072.0,1.0,20.0,2.0,100.0,23.65
1073.0,2.0,20.0,2.0,100.0,15.68
1074.0,3.0,20.0,2.0,100.0,25.15
1075.0,5.0,20.0,2.0,100.0,22.3
1076.0,10.0,20.0,2.0,100.0,21.32
1077.0,20.0,20.0,2.0,100.0,8.73
1078.0,40.0,20.0,2.0,100.0,21.6
1079.0,49.0,20.0,2.0,100.0,25.31
1080.0,0.0,20.0,2.0,100.0,27.31
1081.0,0.5,20.0,2.0,100.0,23.47
1082.0,1.0,20.0,2.0,100.0,17.97
1083.0,2.0,20.0,2.0,100.0,26.8
1084.0,3.0,20.0,2.0,100.0,21.52
1085.0,5.0,20.0,2.0,100.0,19.76
1086.0,10.0,20.0,2.0,100.0,8.96
1087.0,20.0,20.0,2.0,100.0,13.82
1088.0,40.0,20.0,2.0,100.0,14.45
1089.0,49.0,20.0,2.0,100.0,15.9
1090.0,0.0,20.0,2.0,100.0,19.16
1091.0,0.5,20.0,2.0,100.0,26.01
1092.0,1.0,20.0,2.0,100.0,14.89
1093.0,2.0,20.0,2.0,100.0,13.16
1094.0,3.0,20.0,2.0,100.0,9.12
1095.0,5.0,20.0,2.0,100.0,10.11
1096.0,10.0,20.0,2.0,100.0,10.29
1097.0,20.0,20.0,2.0,100.0,23.92
1098.0,40.0,20.0,2.0,100.0,17.73
1099.0,49.0,20.0,2.0,100.0,19.12
1100.0,0.0,20.0,2.0,100.0,17.98
1101.0,0.5,20.0,2.0,100.0,14.93
1102.0,1.0,20.0,2.0,100.0,14.66
1103.0,2.0,20.0,2.0,100.0,18.87
1104.0,3.0,20.0,2.0,100.0,13.68
1105.0,5.0,20.0,2.0,100.0,28.32
1106.0,10.0,20.0,2.0,100.0,25.32
1107.0,20.0,20.0,2.0,100.0,12.98
1108.0,40.0,20.0,2.0,100.0,7.69
1109.0,49.0,20.0,2.0,100.0,16.44
1110.0,0.0,20.0,2.0,100.0,18.98
1111.0,0.5,20.0,2.0,100.0,25.02
1112.0,1.0,20.0,2.0,100.0,11.57
1113.0,2.0,20.0,2.0,100.0,14.87
1114.0,3.0,20.0,2.0,100.0,13.75
1115.0,5.0,20.0,2.0,100.0,21.1
1116.0,10.0,20.0,2.0,100.0,13.51
1117.0,20.0,20.0,2.0,100.0,27.65
1118.0,40.0,20.0,2.0,100.0,16.5
1119.0,49.0,20.0,2.0,100.0,13.8
1120.0,0.0,20.0,2.0,100.0,12.5
1121.0,0.5,20.0,2.0,100.0,18.21
1122.0,1.0,20.0,2.0,100.0,24.92
1123.0,2.0,20.0,2.0,100.0,23.67
1124.0,3.0,20.0,2.0,100.0,8.81
1125.0,5.0,20.0,2.0,100.0,13.39
1126.0,10.0,20.0,2.0,100.0,18.99
1127.0,20.0,20.0,2.0,100.0,11.8
1128.0,40.0,20.0,2.0,100.0,19.47
1129.0,49.0,20.0,2.0,100.0,17.64
1130.0,0.0,20.0,2.0,100.0,14.92
1131.0,0.5,20.0,2.0,100.0,22.02
1132.0,1.0,20.0,2.0,100.0,21.36
1133.0,2.0,20.0,2.0,100.0,15.65
1134.0,3.0,20.0,2.0,100.0,20.05
1135.0,5.0,20.0,2.0,100.0,15.6
1136.0,10.0,20.0,2.0,100.0,21.0
1137.0,20.0,20.0,2.0,100.0,10.43
1138.0,40.0,20.0,2.0,100.0,11.32
1139.0,49.0,20.0,2.0,100.0,25.04
1140.0,0.0,20.0,2.0,100.0,23.59
1141.0,0.5,20.0,2.0,100.0,26.1
1142.0,1.0,20.0,2.0,100.0,10.81
1143.0,2.0,20.0,2.0,100.0,23.65
1144.0,3.0,20.0,2.0,100.0,22.43
1145.0,5.0,20.0,2.0,100.0,23.92
1146.0,10.0,20.0,2.0,100.0,22.44
1147.0,20.0,20.0,2.0,100.0,21.52
1148.0,40.0,20.0,2.0,100.0,18.68
1149.0,49.0,20.0,2.0,100.0,11.89
1150.0,0.0,20.0,2.0,100.0,23.42
1151.0,0.5,20.0,2.0,100.0,22.76
1152.0,1.0,20.0,2.0,100.0,9.52
1153.0,2.0,20.0,2.0,100.0,25.22
1154.0,3.0,20.0,2.0,100.0,12.06
1155.0,5.0,20.0,2.0,100.0,16.38
1156.0,10.0,20.0,2.0,100.0,18.78
1157.0,20.0,20.0,2.0,100.0,25.17
1158.0,40.0,20.0,2.0,100.0,21.75
1159.0,49.0,20.0,2.0,100.0,18.64
1160.0,0.0,20.0,2.0,100.0,12.05
1161.0,0.5,20.0,2.0,100.0,18.53
1162.0,1.0,20.0,2.0,100.0,13.67
1163.0,2.0,20.0,2.0,100.0,28.28
1164.0,3.0,20.0,2.0,100.0,20.61
1165.0,5.0,20.0,2.0,100.0,27.07
1166.0,10.0,20.0,2.0,100.0,11.17
1167.0,20.0,20.0,2.0,100.0,20.6
1168.0,40.0,20.0,2.0,100.0,17.47
1169.0,49.0,20.0,2.0,100.0,20.89
1170.0,0.0,20.0,2.0,100.0,21.04
1171.0,0.5,20.0,2.0,100.0,12.96
1172.0,1.0,20.0,2.0,100.0,16.6
1173.0,2.0,20.0,2.0,100.0,20.63
1174.0,3.0,20.0,2.0,100.0,21.89
1175.0,5.0,20.0,2.0,100.0,10.76
1176.0,10.0,20.0,2.0,100.0,13.59
1177.0,20.0,20.0,2.0,100.0,12.83
1178.0,40.0,20.0,2.0,100.0,21.36
1179.0,49.0,20.0,2.0,100.0,25.44
1180.0,0.0,20.0,2.0,100.0,18.33
1181.0,0.5,20.0,2.0,100.0,18.52
1182.0,1.0,20.0,2.0,100.0,16.63
1183.0,2.0,20.0,2.0,100.0,22.64
1184.0,3.0,20.0,2.0,100.0,20.1
1185.0,5.0,20.0,2.0,100.0,24.77
1186.0,10.0,20.0,2.0,100.0,12.54
1187.0,20.0,20.0,2.0,100.0,12.02
1188.0,40.0,20.0,2.0,100.0,27.94
1189.0,49.0,20.0,2.0,100.0,16.96
1190.0,0.0,20.0,2.0,100.0,22.69
1191.0,0.5,20.0,2.0,100.0,22.2
1192.0,1.0,20.0,2.0,100.0,22.31
1193.0,2.0,20.0,2.0,100.0,19.26
1194.0,3.0,20.0,2.0,100.0,19.7
1195.0,5.0,20.0,2.0,100.0,22.35
1196.0,10.0,20.0,2.0,100.0,15.71
1197.0,20.0,20.0,2.0,100.0,18.98
1198.0,40.0,20.0,2.0,100.0,14.64
1199.0,49.0,20.0,2.0,100.0,14.93
1200.0,0.0,20.0,2.0,100.0,21.62
1201.0,0.5,20.0,2.0,100.0,28.62
1202.0,1.0,20.0,2.0,100.0,26.31
1203.0,2.0,20.0,2.0,100.0,20.54
1204.0,3.0,20.0,2.0,100.0,23.71
1205.0,5.0,20.0,2.0,100.0,19.83
1206.0,10.0,20.0,2.0,100.0,19.57
1207.0,20.0,20.0,2.0,100.0,11.4
1208.0,40.0,20.0,2.0,100.0,21.13
1209.0,49.0,20.0,2.0,100.0,13.26
1210.0,0.0,20.0,2.0,100.0,13.22
1211.0,0.5,20.0,2.0,100.0,25.62
1212.0,1.0,20.0,2.0,100.0,17.79
1213.0,2.0,20.0,2.0,100.0,22.08
1214.0,3.0,20.0,2.0,100.0,22.29
1215.0,5.0,20.0,2.0,100.0,19.41
1216.0,10.0,20.0,2.0,100.0,20.32
1217.0,20.0,20.0,2.0,100.0,9.23
1218.0,40.0,20.0,2.0,100.0,18.53
1219.0,49.0,20.0,2.0,100.0,23.41
1220.0,0.0,20.0,2.0,100.0,20.07
1221.0,0.5,20.0,2.0,100.0,22.72
1222.0,1.0,20.0,2.0,100.0,25.97
1223.0,2.0,20.0,2.0,100.0,16.16
1224.0,3.0,20.0,2.0,100.0,12.59
1225.0,5.0,20.0,2.0,100.0,16.57
1226.0,10.0,20.0,2.0,100.0,14.16
1227.0,20.0,20.0,2.0,100.0,18.23
1228.0,40.0,20.0,2.0,100.0,20.53
1229.0,49.0,20.0,2.0,100.0,16.82
1230.0,0.0,20.0,2.0,100.0,14.51
1231.0,0.5,20.0,2.0,100.0,16.3
1232.0,1.0,20.0,2.0,100.0,24.73
1233.0,2.0,20.0,2.0,100.0,10.98
1234.0,3.0,20.0,2.0,100.0,23.43
1235.0,5.0,20.0,2.0,100.0,21.56
1236.0,10.0,20.0,2.0,100.0,19.85
1237.0,20.0,20.0,2.0,100.0,19.8
1238.0,40.0,20.0,2.0,100.0,19.16
1239.0,49.0,20.0,2.0,100.0,18.18
1240.0,0.0,20.0,2.0,100.0,19.06
1241.0,0.5,20.0,2.0,100.0,22.86
1242.0,1.0,20.0,2.0,100.0,19.88
1243.0,2.0,20.0,2.0,100.0,12.29
1244.0,3.0,20.0,2.0,100.0,18.77
1245.0,5.0,20.0,2.0,100.0,22.72
1246.0,10.0,20.0,2.0,100.0,17.27
1247.0,20.0,20.0,2.0,100.0,10.61
1248.0,40.0,20.0,2.0,100.0,23.16
1249.0,49.0,20.0,2.0,100.0,20.84
1250.0,0.0,20.0,2.0,100.0,25.05
1251.0,0.5,20.0,2.0,100.0,18.97
1252.0,1.0,20.0,2.0,100.0,13.07
1253.0,2.0,20.0,2.0,100.0,15.79
1254.0,3.0,20.0,2.0,100.0,14.14
1255.0,5.0,20.0,2.0,100.0,22.69
1256.0,10.0,20.0,2.0,100.0,15.0
1257.0,20.0,20.0,2.0,100.0,16.36
1258.0,40.0,20.0,2.0,100.0,20.19
1259.0,49.0,20.0,2.0,100.0,13.21
1260.0,0.0,20.0,2.0,100.0,24.42
1261.0,0.5,20.0,2.0,100.0,16.24
1262.0,1.0,20.0,2.0,100.0,12.91
1263.0,2.0,20.0,2.0,100.0,17.44
1264.0,3.0,20.0,2.0,100.0,20.7
1265.0,5.0,20.0,2.0,100.0,25.2
1266.0,10.0,20.0,2.0,100.0,26.36
1267.0,20.0,20.0,2.0,100.0,21.96
1268.0,40.0,20.0,2.0,100.0,28.34
1269.0,49.0,20.0,2.0,100.0,19.22
1270.0,0.0,20.0,2.0,100.0,17.74
1271.0,0.5,20.0,2.0,100.0,23.76
1272.0,1.0,20.0,2.0,100.0,18.47
1273.0,2.0,20.0,2.0,100.0,18.88
1274.0,3.0,20.0,2.0,100.0,22.25
1275.0,5.0,20.0,2.0,100.0,18.56
1276.0,10.0,20.0,2.0,100.0,20.37
1277.0,20.0,20.0,2.0,100.0,12.63
1278.0,40.0,20.0,2.0,100.0,24.63
1279.0,49.0,20.0,2.0,100.0,22.96
1280.0,0.0,20.0,2.0,100.0,26.07
1281.0,0.5,20.0,2.0,100.0,23.85
1282.0,1.0,20.0,2.0,100.0,11.08
1283.0,2.0,20.0,2.0,100.0,20.35
1284.0,3.0,20.0,2.0,100.0,21.14
1285.0,5.0,20.0,2.0,100.0,16.88
1286.0,10.0,20.0,2.0,100.0,20.19
1287.0,20.0,20.0,2.0,100.0,24.14
1288.0,40.0,20.0,2.0,100.0,24.89
1289.0,49.0,20.0,2.0,100.0,15.2
1290.0,0.0,20.0,2.0,100.0,24.29
1291.0,0.5,20.0,2.0,100.0,11.66
1292.0,1.0,20.0,2.0,100.0,22.1
1293.0,2.0,20.0,2.0,100.0,21.61
1294.0,3.0,20.0,2.0,100.0,19.81
1295.0,5.0,20.0,2.0,100.0,19.76
1296.0,10.0,20.0,2.0,100.0,24.1
1297.0,20.0,20.0,2.0,100.0,24.8
1298.0,40.0,20.0,2.0,100.0,15.43
1299.0,49.0,20.0,2.0,100.0,22.01
1300.0,0.0,20.0,2.0,100.0,22.23
1301.0,0.5,20.0,2.0,100.0,20.72
1302.0,1.0,20.0,2.0,100.0,24.72
1303.0,2.0,20.0,2.0,100.0,11.76
1304.0,3.0,20.0,2.0,100.0,17.23
1305.0,5.0,20.0,2.0,100.0,16.91
1306.0,10.0,20.0,2.0,100.0,21.25
1307.0,20.0,20.0,2.0,100.0,9.22
1308.0,40.0,20.0,2.0,100.0,16.24
1309.0,49.0,20.0,2.0,100.0,22.11
1310.0,0.0,20.0,2.0,100.0,9.77
1311.0,0.5,20.0,2.0,100.0,20.67
1312.0,1.0,20.0,2.0,100.0,11.03
1313.0,2.0,20.0,2.0,100.0,16.01
1314.0,3.0,20.0,2.0,100.0,17.15
1315.0,5.0,20.0,2.0,100.0,22.87
1316.0,10.0,20.0,2.0,100.0,24.78
1317.0,20.0,20.0,2.0,100.0,24.38
1318.0,40.0,20.0,2.0,100.0,19.46
1319.0,49.0,20.0,2.0,100.0,15.44
1320.0,0.0,20.0,2.0,100.0,21.87
1321.0,0.5,20.0,2.0,100.0,23.77
1322.0,1.0,20.0,2.0,100.0,19.67
1323.0,2.0,20.0,2.0,100.0,16.81
1324.0,3.0,20.0,2.0,100.0,16.22
1325.0,5.0,20.0,2.0,100.0,22.2
1326.0,10.0,20.0,2.0,100.0,21.15
1327.0,20.0,20.0,2.0,100.0,9.24
1328.0,40.0,20.0,2.0,100.0,18.38
1329.0,49.0,20.0,2.0,100.0,23.55
1330.0,0.0,20.0,2.0,100.0,19.38
1331.0,0.5,20.0,2.0,100.0,13.19
1332.0,1.0,20.0,2.0,100.0,26.4
1333.0,2.0,20.0,2.0,100.0,25.75
1334.0,3.0,20.0,2.0,100.0,24.96
1335.0,5.0,20.0,2.0,100.0,18.88
1336.0,10.0,20.0,2.0,100.0,22.0
1337.0,20.0,20.0,2.0,100.0,19.32
1338.0,40.0,20.0,2.0,100.0,11.01
1339.0,49.0,20.0,2.0,100.0,19.21
1340.0,0.0,20.0,2.0,100.0,23.74
1341.0,0.5,20.0,2.0,100.0,19.24
1342.0,1.0,20.0,2.0,100.0,22.18
1343.0,2.0,20.0,2.0,100.0,25.75
1344.0,3.0,20.0,2.0,100.0,22.87
1345.0,5.0,20.0,2.0,100.0,21.68
1346.0,10.0,20.0,2.0,100.0,20.16
1347.0,20.0,20.0,2.0,100.0,8.82
1348.0,40.0,20.0,2.0,100.0,14.06
1349.0,49.0,20.0,2.0,100.0,24.42
1350.0,0.0,20.0,2.0,100.0,14.29
1351.0,0.5,20.0,2.0,100.0,22.78
1352.0,1.0,20.0,2.0,100.0,14.68
1353.0,2.0,20.0,2.0,100.0,15.69
1354.0,3.0,20.0,2.0,100.0,20.22
1355.0,5.0,20.0,2.0,100.0,17.26
1356.0,10.0,20.0,2.0,100.0,15.93
1357.0,20.0,20.0,2.0,100.0,20.62
1358.0,40.0,20.0,2.0,100.0,19.8
1359.0,49.0,20.0,2.0,100.0,13.87
1360.0,0.0,20.0,2.0,100.0,19.2
1361.0,0.5,20.0,2.0,100.0,15.11
1362.0,1.0,20.0,2.0,100.0,19.1
1363.0,2.0,20.0,2.0,100.0,20.95
1364.0,3.0,20.0,2.0,100.0,18.1
1365.0,5.0,20.0,2.0,100.0,22.72
1366.0,10.0,20.0,2.0,100.0,26.56
1367.0,20.0,20.0,2.0,100.0,25.75
1368.0,40.0,20.0,2.0,100.0,12.5
1369.0,49.0,20.0,2.0,100.0,17.93
1370.0,0.0,20.0,2.0,100.0,17.48
1371.0,0.5,20.0,2.0,100.0,17.41
1372.0,1.0,20.0,2.0,100.0,14.93
1373.0,2.0,20.0,2.0,100.0,13.89
1374.0,3.0,20.0,2.0,100.0,18.6
1375.0,5.0,20.0,2.0,100.0,27.02
1376.0,10.0,20.0,2.0,100.0,25.92
1377.0,20.0,20.0,2.0,100.0,13.1
1378.0,40.0,20.0,2.0,100.0,15.38
1379.0,49.0,20.0,2.0,100.0,12.83
1380.0,0.0,20.0,2.0,100.0,14.85
1381.0,0.5,20.0,2.0,100.0,18.34
1382.0,1.0,20.0,2.0,100.0,18.74
1383.0,2.0,20.0,2.0,100.0,14.57
1384.0,3.0,20.0,2.0,100.0,20.71
1385.0,5.0,20.0,2.0,100.0,13.7
1386.0,10.0,20.0,2.0,100.0,8.39
1387.0,20.0,20.0,2.0,100.0,22.18
1388.0,40.0,20.0,2.0,100.0,20.21
1389.0,49.0,20.0,2.0,100.0,10.59
1390.0,0.0,20.0,2.0,100.0,10.04
1391.0,0.5,20.0,2.0,100.0,24.23
1392.0,1.0,20.0,2.0,100.0,17.7
1393.0,2.0,20.0,2.0,100.0,20.66
1394.0,3.0,20.0,2.0,100.0,12.76
1395.0,5.0,20.0,2.0,100.0,19.89
1396.0,10.0,20.0,2.0,100.0,20.1
1397.0,20.0,20.0,2.0,100.0,13.89
1398.0,40.0,20.0,2.0,100.0,22.81
1399.0,49.0,20.0,2.0,100.0,21.48
1400.0,0.0,20.0,2.0,100.0,12.56
1401.0,0.5,20.0,2.0,100.0,23.62
1402.0,1.0,20.0,2.0,100.0,14.47
1403.0,2.0,20.0,2.0,100.0,21.84
1404.0,3.0,20.0,2.0,100.0,17.46
1405.0,5.0,20.0,2.0,100.0,15.7
1406.0,10.0,20.0,2.0,100.0,16.59
1407.0,20.0,20.0,2.0,100.0,19.17
1408.0,40.0,20.0,2.0,100.0,23.53
1409.0,49.0,20.0,2.0,100.0,19.62
1410.0,0.0,20.0,2.0,100.0,17.97
1411.0,0.5,20.0,2.0,100.0,10.47
1412.0,1.0,20.0,2.0,100.0,17.53
1413.0,2.0,20.0,2.0,100.0,20.68
1414.0,3.0,20.0,2.0,100.0,14.85
1415.0,5.0,20.0,2.0,100.0,22.22
1416.0,10.0,20.0,2.0,100.0,17.35
1417.0,20.0,20.0,2.0,100.0,19.88
1418.0,40.0,20.0,2.0,100.0,19.72
1419.0,49.0,20.0,2.0,100.0,21.01
1420.0,0.0,20.0,2.0,100.0,18.58
1421.0,0.5,20.0,2.0,100.0,22.81
1422.0,1.0,20.0,2.0,100.0,30.0
1423.0,2.0,20.0,2.0,100.0,21.17
1424.0,3.0,20.0,2.0,100.0,15.45
1425.0,5.0,20.0,2.0,100.0,10.82
1426.0,10.0,20.0,2.0,100.0,11.16
1427.0,20.0,20.0,2.0,100.0,20.26
1428.0,40.0,20.0,2.0,100.0,17.45
1429.0,49.0,20.0,2.0,100.0,18.32
1430.0,0.0,20.0,2.0,100.0,21.84
1431.0,0.5,20.0,2.0,100.0,18.42
1432.0,1.0,20.0,2.0,100.0,24.94
1433.0,2.0,20.0,2.0,100.0,11.55
1434.0,3.0,20.0,2.0,100.0,14.71
1435.0,5.0,20.0,2.0,100.0,11.18
1436.0,10.0,20.0,2.0,100.0,23.64
1437.0,20.0,20.0,2.0,100.0,23.66
1438.0,40.0,20.0,2.0,100.0,10.55
1439.0,49.0,20.0,2.0,100.0,14.07
1440.0,0.0,20.0,2.0,100.0,17.2
1441.0,0.5,20.0,2.0,100.0,8.66
1442.0,1.0,20.0,2.0,100.0,19.97
1443.0,2.0,20.0,2.0,100.0,18.4
1444.0,3.0,20.0,2.0,100.0,22.44
1445.0,5.0,20.0,2.0,100.0,10.09
1446.0,10.0,20.0,2.0,100.0,19.45
1447.0,20.0,20.0,2.0,100.0,17.37
1448.0,40.0,20.0,2.0,100.0,17.42
1449.0,49.0,20.0,2.0,100.0,10.9
1450.0,0.0,20.0,2.0,100.0,17.63
1451.0,0.5,20.0,2.0,100.0,26.27
1452.0,1.0,20.0,2.0,100.0,12.41
1453.0,2.0,20.0,2.0,100.0,11.41
1454.0,3.0,20.0,2.0,100.0,17.85
1455.0,5.0,20.0,2.0,100.0,15.76
1456.0,10.0,20.0,2.0,100.0,16.25
1457.0,20.0,20.0,2.0,100.0,15.9
1458.0,40.0,20.0,2.0,100.0,11.91
1459.0,49.0,20.0,2.0,100.0,18.01
1460.0,0.0,20.0,2.0,100.0,26.21
1461.0,0.5,20.0,2.0,100.0,22.72
1462.0,1.0,20.0,2.0,100.0,17.35
1463.0,2.0,20.0,2.0,100.0,22.9
1464.0,3.0,20.0,2.0,100.0,26.68
1465.0,5.0,20.0,2.0,100.0,16.5
1466.0,10.0,20.0,2.0,100.0,14.01
1467.0,20.0,20.0,2.0,100.0,23.24
1468.0,40.0,20.0,2.0,100.0,11.19
1469.0,49.0,20.0,2.0,100.0,11.0
1470.0,0.0,20.0,2.0,100.0,17.39
1471.0,0.5,20.0,2.0,100.0,21.79
1472.0,1.0,20.0,2.0,100.0,10.76
1473.0,2.0,20.0,2.0,100.0,18.44
1474.0,3.0,20.0,2.0,100.0,26.32
1475.0,5.0,20.0,2.0,100.0,18.69
1476.0,10.0,20.0,2.0,100.0,27.71
1477.0,20.0,20.0,2.0,100.0,10.09
1478.0,40.0,20.0,2.0,100.0,18.93
1479.0,49.0,20.0,2.0,100.0,12.81
1480.0,0.0,20.0,2.0,100.0,20.88
1481.0,0.5,20.0,2.0,100.0,14.84
1482.0,1.0,20.0,2.0,100.0,22.54
1483.0,2.0,20.0,2.0,100.0,10.15
1484.0,3.0,20.0,2.0,100.0,17.02
1485.0,5.0,20.0,2.0,100.0,16.96
1486.0,10.0,20.0,2.0,100.0,19.66
1487.0,20.0,20.0,2.0,100.0,21.29
1488.0,40.0,20.0,2.0,100.0,15.28
1489.0,49.0,20.0,2.0,100.0,25.76
1490.0,0.0,20.0,2.0,100.0,18.02
1491.0,0.5,20.0,2.0,100.0,15.53
1492.0,1.0,20.0,2.0,100.0,22.88
1493.0,2.0,20.0,2.0,100.0,20.28
1494.0,3.0,20.0,2.0,100.0,10.81
1495.0,5.0,20.0,2.0,100.0,14.86
1496.0,10.0,20.0,2.0,100.0,20.08
1497.0,20.0,20.0,2.0,100.0,13.17
1498.0,40.0,20.0,2.0,100.0,22.95
1499.0,49.0,20.0,2.0,100.0,11.48
1500.0,0.0,20.0,2.0,100.0,9.86
1501.0,0.5,20.0,2.0,100.0,24.93
1502.0,1.0,20.0,2.0,100.0,11.72
1503.0,2.0,20.0,2.0,100.0,25.48
1504.0,3.0,20.0,2.0,100.0,18.11
1505.0,5.0,20.0,2.0,100.0,16.64
1506.0,10.0,20.0,2.0,100.0,24.9
1507.0,20.0,20.0,2.0,100.0,16.48
1508.0,40.0,20.0,2.0,100.0,20.34
1509.0,49.0,20.0,2.0,100.0,23.49
1510.0,0.0,20.0,2.0,100.0,19.98
1511.0,0.5,20.0,2.0,100.0,19.74
1512.0,1.0,20.0,2.0,100.0,14.27
1513.0,2.0,20.0,2.0,100.0,15.96
1514.0,3.0,20.0,2.0,100.0,20.27
1515.0,5.0,20.0,2.0,100.0,18.39
1516.0,10.0,20.0,2.0,100.0,14.16
1517.0,20.0,20.0,2.0,100.0,20.52
1518.0,40.0,20.0,2.0,100.0,12.58
1519.0,49.0,20.0,2.0,100.0,19.47
1520.0,0.0,20.0,2.0,100.0,24.05
1521.0,0.5,20.0,2.0,100.0,19.32
1522.0,1.0,20.0,2.0,100.0,18.83
1523.0,2.0,20.0,2.0,100.0,18.74
1524.0,3.0,20.0,2.0,100.0,23.61
1525.0,5.0,20.0,2.0,100.0,20.9
1526.0,10.0,20.0,2.0,100.0,21.23
1527.0,20.0,20.0,2.0,100.0,21.66
1528.0,40.0,20.0,2.0,100.0,14.7
1529.0,49.0,20.0,2.0,100.0,22.12
1530.0,0.0,20.0,2.0,100.0,21.06
1531.0,0.5,20.0,2.0,100.0,13.01
1532.0,1.0,20.0,2.0,100.0,21.04
1533.0,2.0,20.0,2.0,100.0,25.55
1534.0,3.0,20.0,2.0,100.0,24.62
1535.0,5.0,20.0,2.0,100.0,14.71
1536.0,10.0,20.0,2.0,100.0,27.96
1537.0,20.0,20.0,2.0,100.0,23.15
1538.0,40.0,20.0,2.0,100.0,12.58
1539.0,49.0,20.0,2.0,100.0,21.12
1540.0,0.0,20.0,2.0,100.0,13.42
1541.0,0.5,20.0,2.0,100.0,13.54
1542.0,1.0,20.0,2.0,100.0,25.67
1543.0,2.0,20.0,2.0,100.0,9.02
1544.0,3.0,20.0,2.0,100.0,13.11
1545.0,5.0,20.0,2.0,100.0,20.53
1546.0,10.0,20.0,2.0,100.0,22.85
1547.0,20.0,20.0,2.0,100.0,25.67
1548.0,40.0,20.0,2.0,100.0,24.59
1549.0,49.0,20.0,2.0,100.0,24.19
1550.0,0.0,20.0,2.0,100.0,23.29
1551.0,0.5,20.0,2.0,100.0,21.87
1552.0,1.0,20.0,2.0,100.0,23.91
1553.0,2.0,20.0,2.0,100.0,11.98
1554.0,3.0,20.0,2.0,100.0,25.22
1555.0,5.0,20.0,2.0,100.0,19.68
1556.0,10.0,20.0,2.0,100.0,25.58
1557.0,20.0,20.0,2.0,100.0,9.3
1558.0,40.0,20.0,2.0,100.0,14.61
1559.0,49.0,20.0,2.0,100.0,13.57
1560.0,0.0,20.0,2.0,100.0,21.98
1561.0,0.5,20.0,2.0,100.0,13.65
1562.0,1.0,20.0,2.0,100.0,11.79
1563.0,2.0,20.0,2.0,100.0,21.77
1564.0,3.0,20.0,2.0,100.0,22.93
1565.0,5.0,20.0,2.0,100.0,12.35
1566.0,10.0,20.0,2.0,100.0,20.4
1567.0,20.0,20.0,2.0,100.0,12.89
1568.0,40.0,20.0,2.0,100.0,13.36
1569.0,49.0,20.0,2.0,100.0,17.99
1570.0,0.0,20.0,2.0,100.0,11.86
1571.0,0.5,20.0,2.0,100.0,19.01
1572.0,1.0,20.0,2.0,100.0,17.39
1573.0,2.0,20.0,2.0,100.0,27.89
1574.0,3.0,20.0,2.0,100.0,22.53
1575.0,5.0,20.0,2.0,100.0,21.68
1576.0,10.0,20.0,2.0,100.0,15.08
1577.0,20.0,20.0,2.0,100.0,19.19
1578.0,40.0,20.0,2.0,100.0,19.83
1579.0,49.0,20.0,2.0,100.0,10.6
1580.0,0.0,20.0,2.0,100.0,13.66
1581.0,0.5,20.0,2.0,100.0,15.24
1582.0,1.0,20.0,2.0,100.0,14.49
1583.0,2.0,20.0,2.0,100.0,23.66
1584.0,3.0,20.0,2.0,100.0,21.25
1585.0,5.0,20.0,2.0,100.0,18.7
1586.0,10.0,20.0,2.0,100.0,19.28
1587.0,20.0,20.0,2.0,100.0,17.01
1588.0,40.0,20.0,2.0,100.0,14.69
1589.0,49.0,20.0,2.0,100.0,23.11
1590.0,0.0,20.0,2.0,100.0,12.03
1591.0,0.5,20.0,2.0,100.0,17.76
1592.0,1.0,20.0,2.0,100.0,25.59
1593.0,2.0,20.0,2.0,100.0,15.79
1594.0,3.0,20.0,2.0,100.0,12.38
1595.0,5.0,20.0,2.0,100.0,20.38
1596.0,10.0,20.0,2.0,100.0,9.0
1597.0,20.0,20.0,2.0,100.0,22.09
1598.0,40.0,20.0,2.0,100.0,21.2
1599.0,49.0,20.0,2.0,100.0,18.69
1600.0,0.0,20.0,2.0,100.0,21.9
1601.0,0.5,20.0,2.0,100.0,22.45
1602.0,1.0,20.0,2.0,100.0,15.72
1603.0,2.0,20.0,2.0,100.0,21.81
1604.0,3.0,20.0,2.0,100.0,9.47
1605.0,5.0,20.0,2.0,100.0,19.57
1606.0,10.0,20.0,2.0,100.0,10.57
1607.0,20.0,20.0,2.0,100.0,22.63
1608.0,40.0,20.0,2.0,100.0,20.48
1609.0,49.0,20.0,2.0,100.0,10.59
1610.0,0.0,20.0,2.0,100.0,17.13
1611.0,0.5,20.0,2.0,100.0,21.76
1612.0,1.0,20.0,2.0,100.0,15.62
1613.0,2.0,20.0,2.0,100.0,25.42
1614.0,3.0,20.0,2.0,100.0,21.96
1615.0,5.0,20.0,2.0,100.0,15.99
1616.0,10.0,20.0,2.0,100.0,22.36
1617.0,20.0,20.0,2.0,100.0,16.87
1618.0,40.0,20.0,2.0,100.0,22.45
1619.0,49.0,20.0,2.0,100.0,15.09
1620.0,0.0,20.0,2.0,100.0,25.92
1621.0,0.5,20.0,2.0,100.0,26.49
1622.0,1.0,20.0,2.0,100.0,18.98
1623.0,2.0,20.0,2.0,100.0,10.38
1624.0,3.0,20.0,2.0,100.0,20.42
1625.0,5.0,20.0,2.0,100.0,17.8
1626.0,10.0,20.0,2.0,100.0,9.8
1627.0,20.0,20.0,2.0,100.0,19.71
1628.0,40.0,20.0,2.0,100.0,21.64
1629.0,49.0,20.0,2.0,100.0,13.59
1630.0,0.0,20.0,2.0,100.0,23.63
1631.0,0.5,20.0,2.0,100.0,23.43
1632.0,1.0,20.0,2.0,100.0,24.32
1633.0,2.0,20.0,2.0,100.0,16.58
1634.0,3.0,20.0,2.0,100.0,26.36
1635.0,5.0,20.0,2.0,100.0,16.25
1636.0,10.0,20.0,2.0,100.0,9.71
1637.0,20.0,20.0,2.0,100.0,9.17
1638.0,40.0,20.0,2.0,100.0,21.46
1639.0,49.0,20.0,2.0,100.0,25.11
1640.0,0.0,20.0,2.0,100.0,22.18
1641.0,0.5,20.0,2.0,100.0,27.71
1642.0,1.0,20.0,2.0,100.0,14.01
1643.0,2.0,20.0,2.0,100.0,21.93
1644.0,3.0,20.0,2.0,100.0,17.49
1645.0,5.0,20.0,2.0,100.0,22.64
1646.0,10.0,20.0,2.0,100.0,9.0
1647.0,20.0,20.0,2.0,100.0,19.2
1648.0,40.0,20.0,2.0,100.0,23.97
1649.0,49.0,20.0,2.0,100.0,20.68
1650.0,0.0,20.0,2.0,100.0,16.57
1651.0,0.5,20.0,2.0,100.0,21.17
1652.0,1.0,20.0,2.0,100.0,13.01
1653.0,2.0,20.0,2.0,100.0,19.04
1654.0,3.0,20.0,2.0,100.0,22.34
1655.0,5.0,20.0,2.0,100.0,10.22
1656.0,10.0,20.0,2.0,100.0,12.35
1657.0,20.0,20.0,2.0,100.0,26.48
1658.0,40.0,20.0,2.0,100.0,18.38
1659.0,49.0,20.0,2.0,100.0,20.38
1660.0,0.0,20.0,2.0,100.0,19.04
1661.0,0.5,20.0,2.0,100.0,22.89
1662.0,1.0,20.0,2.0,100.0,18.25
1663.0,2.0,20.0,2.0,100.0,24.35
1664.0,3.0,20.0,2.0,100.0,22.95
1665.0,5.0,20.0,2.0,100.0,21.87
1666.0,10.0,20.0,2.0,100.0,11.46
1667.0,20.0,20.0,2.0,100.0,20.28
1668.0,40.0,20.0,2.0,100.0,14.64
1669.0,49.0,20.0,2.0,100.0,12.92
1670.0,0.0,20.0,2.0,100.0,23.01
1671.0,0.5,20.0,2.0,100.0,23.37
1672.0,1.0,20.0,2.0,100.0,12.88
1673.0,2.0,20.0,2.0,100.0,13.69
1674.0,3.0,20.0,2.0,100.0,23.28
1675.0,5.0,20.0,2.0,100.0,21.61
1676.0,10.0,20.0,2.0,100.0,21.72
1677.0,20.0,20.0,2.0,100.0,21.74
1678.0,40.0,20.0,2.0,100.0,18.04
1679.0,49.0,20.0,2.0,100.0,24.29
1680.0,0.0,20.0,2.0,100.0,20.22
1681.0,0.5,20.0,2.0,100.0,12.82
1682.0,1.0,20.0,2.0,100.0,21.29
1683.0,2.0,20.0,2.0,100.0,14.88
1684.0,3.0,20.0,2.0,100.0,20.06
1685.0,5.0,20.0,2.0,100.0,20.65
1686.0,10.0,20.0,2.0,100.0,16.84
1687.0,20.0,20.0,2.0,100.0,16.43
1688.0,40.0,20.0,2.0,100.0,16.05
1689.0,49.0,20.0,2.0,100.0,11.02
1690.0,0.0,20.0,2.0,100.0,17.79
1691.0,0.5,20.0,2.0,100.0,15.18
1692.0,1.0,20.0,2.0,100.0,21.36
1693.0,2.0,20.0,2.0,100.0,22.36
1694.0,3.0,20.0,2.0,100.0,22.17
1695.0,5.0,20.0,2.0,100.0,13.39
1696.0,10.0,20.0,2.0,100.0,21.71
1697.0,20.0,20.0,2.0,100.0,20.87
1698.0,40.0,20.0,2.0,100.0,14.61
1699.0,49.0,20.0,2.0,100.0,20.21
1700.0,0.0,20.0,2.0,100.0,21.7
1701.0,0.5,20.0,2.0,100.0,22.74
1702.0,1.0,20.0,2.0,100.0,24.94
1703.0,2.0,20.0,2.0,100.0,17.75
1704.0,3.0,20.0,2.0,100.0,24.0
1705.0,5.0,20.0,2.0,100.0,19.96
1706.0,10.0,20.0,2.0,100.0,12.12
1707.0,20.0,20.0,2.0,100.0,22.92
1708.0,40.0,20.0,2.0,100.0,14.97
1709.0,49.0,20.0,2.0,100.0,16.76
1710.0,0.0,20.0,2.0,100.0,20.44
1711.0,0.5,20.0,2.0,100.0,12.11
1712.0,1.0,20.0,2.0,100.0,21.63
1713.0,2.0,20.0,2.0,100.0,9.87
1714.0,3.0,20.0,2.0,100.0,23.68
1715.0,5.0,20.0,2.0,100.0,20.17
1716.0,10.0,20.0,2.0,100.0,20.93
1717.0,20.0,20.0,2.0,100.0,17.74
1718.0,40.0,20.0,2.0,100.0,14.8
1719.0,49.0,20.0,2.0,100.0,13.32
1720.0,0.0,20.0,2.0,100.0,23.8
1721.0,0.5,20.0,2.0,100.0,23.18
1722.0,1.0,20.0,2.0,100.0,22.57
1723.0,2.0,20.0,2.0,100.0,22.63
1724.0,3.0,20.0,2.0,100.0,16.9
1725.0,5.0,20.0,2.0,100.0,22.95
1726.0,10.0,20.0,2.0,100.0,8.82
1727.0,20.0,20.0,2.0,100.0,12.53
1728.0,40.0,20.0,2.0,100.0,20.66
1729.0,49.0,20.0,2.0,100.0,14.92
1730.0,0.0,20.0,2.0,100.0,15.28
1731.0,0.5,20.0,2.0,100.0,12.55
1732.0,1.0,20.0,2.0,100.0,21.59
1733.0,2.0,20.0,2.0,100.0,19.13
1734.0,3.0,20.0,2.0,100.0,15.66
1735.0,5.0,20.0,2.0,100.0,11.7
1736.0,10.0,20.0,2.0,100.0,11.23
1737.0,20.0,20.0,2.0,100.0,10.79
1738.0,40.0,20.0,2.0,100.0,20.5
1739.0,49.0,20.0,2.0,100.0,19.89
1740.0,0.0,20.0,2.0,100.0,21.72
1741.0,0.5,20.0,2.0,100.0,17.18
1742.0,1.0,20.0,2.0,100.0,22.61
1743.0,2.0,20.0,2.0,100.0,24.69
1744.0,3.0,20.0,2.0,100.0,10.17
1745.0,5.0,20.0,2.0,100.0,25.06
1746.0,10.0,20.0,2.0,100.0,21.65
1747.0,20.0,20.0,2.0,100.0,21.22
1748.0,40.0,20.0,2.0,100.0,22.57
1749.0,49.0,20.0,2.0,100.0,21.74
1750.0,0.0,20.0,2.0,100.0,21.08
1751.0,0.5,20.0,2.0,100.0,21.73
1752.0,1.0,20.0,2.0,100.0,25.19
1753.0,2.0,20.0,2.0,100.0,12.33
1754.0,3.0,20.0,2.0,100.0,15.16
1755.0,5.0,20.0,2.0,100.0,18.98
1756.0,10.0,20.0,2.0,100.0,25.11
1757.0,20.0,20.0,2.0,100.0,19.93
1758.0,40.0,20.0,2.0,100.0,9.02
1759.0,49.0,20.0,2.0,100.0,19.0
1760.0,0.0,20.0,2.0,100.0,18.06
1761.0,0.5,20.0,2.0,100.0,24.3
1762.0,1.0,20.0,2.0,100.0,24.08
1763.0,2.0,20.0,2.0,100.0,18.55
1764.0,3.0,20.0,2.0,100.0,18.25
1765.0,5.0,20.0,2.0,100.0,14.33
1766.0,10.0,20.0,2.0,100.0,21.01
1767.0,20.0,20.0,2.0,100.0,13.3
1768.0,40.0,20.0,2.0,100.0,18.56
1769.0,49.0,20.0,2.0,100.0,24.29
1770.0,0.0,20.0,2.0,100.0,18.28
1771.0,0.5,20.0,2.0,100.0,20.43
1772.0,1.0,20.0,2.0,100.0,20.18
1773.0,2.0,20.0,2.0,100.0,19.83
1774.0,3.0,20.0,2.0,100.0,25.48
1775.0,5.0,20.0,2.0,100.0,20.48
1776.0,10.0,20.0,2.0,100.0,20.35
1777.0,20.0,20.0,2.0,100.0,23.37
1778.0,40.0,20.0,2.0,100.0,23.79
1779.0,49.0,20.0,2.0,100.0,8.83
1780.0,0.0,20.0,2.0,100.0,22.43
1781.0,0.5,20.0,2.0,100.0,11.65
1782.0,1.0,20.0,2.0,100.0,15.72
1783.0,2.0,20.0,2.0,100.0,20.14
1784.0,3.0,20.0,2.0,100.0,23.98
1785.0,5.0,20.0,2.0,100.0,21.73
1786.0,10.0,20.0,2.0,100.0,14.15
1787.0,20.0,20.0,2.0,100.0,22.57
1788.0,40.0,20.0,2.0,100.0,20.55
1789.0,49.0,20.0,2.0,100.0,15.31
1790.0,0.0,20.0,2.0,100.0,21.8
1791.0,0.5,20.0,2.0,100.0,17.15
1792.0,1.0,20.0,2.0,100.0,21.5
1793.0,2.0,20.0,2.0,100.0,10.55
1794.0,3.0,20.0,2.0,100.0,19.82
1795.0,5.0,20.0,2.0,100.0,14.68
1796.0,10.0,20.0,2.0,100.0,24.39
1797.0,20.0,20.0,2.0,100.0,16.03
1798.0,40.0,20.0,2.0,100.0,17.6
1799.0,49.0,20.0,2.0,100.0,12.32
1800.0,0.0,20.0,2.0,100.0,19.74
1801.0,0.5,20.0,2.0,100.0,21.81
1802.0,1.0,20.0,2.0,100.0,22.1
1803.0,2.0,20.0,2.0,100.0,17.27
1804.0,3.0,20.0,2.0,100.0,11.98
1805.0,5.0,20.0,2.0,100.0,24.14
1806.0,10.0,20.0,2.0,100.0,10.64
1807.0,20.0,20.0,2.0,100.0,12.16
1808.0,40.0,20.0,2.0,100.0,15.29
1809.0,49.0,20.0,2.0,100.0,10.86
1810.0,0.0,20.0,2.0,100.0,25.15
1811.0,0.5,20.0,2.0,100.0,22.71
1812.0,1.0,20.0,2.0,100.0,15.95
1813.0,2.0,20.0,2.0,100.0,24.42
1814.0,3.0,20.0,2.0,100.0,22.72
1815.0,5.0,20.0,2.0,100.0,23.97
1816.0,10.0,20.0,2.0,100.0,20.36
1817.0,20.0,20.0,2.0,100.0,19.39
1818.0,40.0,20.0,2.0,100.0,21.53
1819.0,49.0,20.0,2.0,100.0,12.31
1820.0,0.0,20.0,2.0,100.0,23.18
1821.0,0.5,20.0,2.0,100.0,11.94
1822.0,1.0,20.0,2.0,100.0,22.88
1823.0,2.0,20.0,2.0,100.0,20.7
1824.0,3.0,20.0,2.0,100.0,20.96
1825.0,5.0,20.0,2.0,100.0,17.62
1826.0,10.0,20.0,2.0,100.0,21.51
1827.0,20.0,20.0,2.0,100.0,14.28
1828.0,40.0,20.0,2.0,100.0,10.91
1829.0,49.0,20.0,2.0,100.0,24.29
1830.0,0.0,20.0,2.0,100.0,22.68
1831.0,0.5,20.0,2.0,100.0,21.17
1832.0,1.0,20.0,2.0,100.0,22.67
1833.0,2.0,20.0,2.0,100.0,24.61
1834.0,3.0,20.0,2.0,100.0,7.95
1835.0,5.0,20.0,2.0,100.0,21.2
1836.0,10.0,20.0,2.0,100.0,17.0
1837.0,20.0,20.0,2.0,100.0,15.72
1838.0,40.0,20.0,2.0,100.0,22.68
1839.0,49.0,20.0,2.0,100.0,21.51
1840.0,0.0,20.0,2.0,100.0,15.66
1841.0,0.5,20.0,2.0,100.0,17.71
1842.0,1.0,20.0,2.0,100.0,26.55
1843.0,2.0,20.0,2.0,100.0,9.37
1844.0,3.0,20.0,2.0,100.0,20.9
1845.0,5.0,20.0,2.0,100.0,23.04
1846.0,10.0,20.0,2.0,100.0,18.86
1847.0,20.0,20.0,2.0,100.0,10.68
1848.0,40.0,20.0,2.0,100.0,27.04
1849.0,49.0,20.0,2.0,100.0,24.76
1850.0,0.0,20.0,2.0,100.0,13.04
1851.0,0.5,20.0,2.0,100.0,17.53
1852.0,1.0,20.0,2.0,100.0,20.59
1853.0,2.0,20.0,2.0,100.0,22.49
1854.0,3.0,20.0,2.0,100.0,12.08
1855.0,5.0,20.0,2.0,100.0,15.41
1856.0,10.0,20.0,2.0,100.0,15.45
1857.0,20.0,20.0,2.0,100.0,20.47
1858.0,40.0,20.0,2.0,100.0,16.53
1859.0,49.0,20.0,2.0,100.0,27.67
1860.0,0.0,20.0,2.0,100.0,28.71
1861.0,0.5,20.0,2.0,100.0,20.64
1862.0,1.0,20.0,2.0,100.0,16.71
1863.0,2.0,20.0,2.0,100.0,17.38
1864.0,3.0,20.0,2.0,100.0,19.12
1865.0,5.0,20.0,2.0,100.0,21.1
1866.0,10.0,20.0,2.0,100.0,12.2
1867.0,20.0,20.0,2.0,100.0,20.28
1868.0,40.0,20.0,2.0,100.0,14.35
1869.0,49.0,20.0,2.0,100.0,16.67
1870.0,0.0,20.0,2.0,100.0,16.87
1871.0,0.5,20.0,2.0,100.0,20.06
1872.0,1.0,20.0,2.0,100.0,26.39
1873.0,2.0,20.0,2.0,100.0,20.32
1874.0,3.0,20.0,2.0,100.0,20.03
1875.0,5.0,20.0,2.0,100.0,25.84
1876.0,10.0,20.0,2.0,100.0,16.19
1877.0,20.0,20.0,2.0,100.0,22.5
1878.0,40.0,20.0,2.0,100.0,12.98
1879.0,49.0,20.0,2.0,100.0,23.95
1880.0,0.0,20.0,2.0,100.0,12.22
1881.0,0.5,20.0,2.0,100.0,16.57
1882.0,1.0,20.0,2.0,100.0,13.58
1883.0,2.0,20.0,2.0,100.0,19.8
1884.0,3.0,20.0,2.0,100.0,14.88
1885.0,5.0,20.0,2.0,100.0,21.75
1886.0,10.0,20.0,2.0,100.0,13.96
1887.0,20.0,20.0,2.0,100.0,13.95
1888.0,40.0,20.0,2.0,100.0,14.36
1889.0,49.0,20.0,2.0,100.0,17.18
1890.0,0.0,20.0,2.0,100.0,16.55
1891.0,0.5,20.0,2.0,100.0,13.72
1892.0,1.0,20.0,2.0,100.0,16.36
1893.0,2.0,20.0,2.0,100.0,14.86
1894.0,3.0,20.0,2.0,100.0,9.51
1895.0,5.0,20.0,2.0,100.0,19.96
1896.0,10.0,20.0,2.0,100.0,16.32
1897.0,20.0,20.0,2.0,100.0,20.48
1898.0,40.0,20.0,2.0,100.0,18.54
1899.0,49.0,20.0,2.0,100.0,20.36
1900.0,0.0,20.0,2.0,100.0,16.43
1901.0,0.5,20.0,2.0,100.0,21.96
1902.0,1.0,20.0,2.0,100.0,17.06
1903.0,2.0,20.0,2.0,100.0,23.85
1904.0,3.0,20.0,2.0,100.0,14.52
1905.0,5.0,20.0,2.0,100.0,19.7
1906.0,10.0,20.0,2.0,100.0,11.91
1907.0,20.0,20.0,2.0,100.0,22.2
1908.0,40.0,20.0,2.0,100.0,21.6
1909.0,49.0,20.0,2.0,100.0,13.73
1910.0,0.0,20.0,2.0,100.0,22.97
1911.0,0.5,20.0,2.0,100.0,22.97
1912.0,1.0,20.0,2.0,100.0,11.14
1913.0,2.0,20.0,2.0,100.0,16.99
1914.0,3.0,20.0,2.0,100.0,23.65
1915.0,5.0,20.0,2.0,100.0,20.21
1916.0,10.0,20.0,2.0,100.0,26.98
1917.0,20.0,20.0,2.0,100.0,12.58
1918.0,40.0,20.0,2.0,100.0,12.29
1919.0,49.0,20.0,2.0,100.0,17.51
1920.0,0.0,20.0,2.0,100.0,21.08
1921.0,0.5,20.0,2.0,100.0,19.82
1922.0,1.0,20.0,2.0,100.0,24.87
1923.0,2.0,20.0,2.0,100.0,19.27
1924.0,3.0,20.0,2.0,100.0,22.59
1925.0,5.0,20.0,2.0,100.0,19.37
1926.0,10.0,20.0,2.0,100.0,13.15
1927.0,20.0,20.0,2.0,100.0,14.19
1928.0,40.0,20.0,2.0,100.0,21.48
1929.0,49.0,20.0,2.0,100.0,14.34
1930.0,0.0,20.0,2.0,100.0,13.11
1931.0,0.5,20.0,2.0,100.0,19.72
1932.0,1.0,20.0,2.0,100.0,19.86
1933.0,2.0,20.0,2.0,100.0,16.99
1934.0,3.0,20.0,2.0,100.0,15.85
1935.0,5.0,20.0,2.0,100.0,11.12
1936.0,10.0,20.0,2.0,100.0,18.49
1937.0,20.0,20.0,2.0,100.0,15.04
1938.0,40.0,20.0,2.0,100.0,24.37
1939.0,49.0,20.0,2.0,100.0,21.15
1940.0,0.0,20.0,2.0,100.0,20.16
1941.0,0.5,20.0,2.0,100.0,22.57
1942.0,1.0,20.0,2.0,100.0,13.92
1943.0,2.0,20.0,2.0,100.0,17.36
1944.0,3.0,20.0,2.0,100.0,15.56
1945.0,5.0,20.0,2.0,100.0,11.06
1946.0,10.0,20.0,2.0,100.0,16.74
1947.0,20.0,20.0,2.0,100.0,10.92
1948.0,40.0,20.0,2.0,100.0,19.54
1949.0,49.0,20.0,2.0,100.0,24.07
1950.0,0.0,20.0,2.0,100.0,22.09
1951.0,0.5,20.0,2.0,100.0,10.23
1952.0,1.0,20.0,2.0,100.0,13.46
1953.0,2.0,20.0,2.0,100.0,18.06
1954.0,3.0,20.0,2.0,100.0,18.02
1955.0,5.0,20.0,2.0,100.0,24.61
1956.0,10.0,20.0,2.0,100.0,18.21
1957.0,20.0,20.0,2.0,100.0,19.65
1958.0,40.0,20.0,2.0,100.0,18.63
1959.0,49.0,20.0,2.0,100.0,18.22
1960.0,0.0,20.0,2.0,100.0,26.19
1961.0,0.5,20.0,2.0,100.0,15.03
1962.0,1.0,20.0,2.0,100.0,13.09
1963.0,2.0,20.0,2.0,100.0,16.83
1964.0,3.0,20.0,2.0,100.0,24.01
1965.0,5.0,20.0,2.0,100.0,24.72
1966.0,10.0,20.0,2.0,100.0,22.53
1967.0,20.0,20.0,2.0,100.0,10.17
1968.0,40.0,20.0,2.0,100.0,12.55
1969.0,49.0,20.0,2.0,100.0,19.12
1970.0,0.0,20.0,2.0,100.0,24.72
1971.0,0.5,20.0,2.0,100.0,22.14
1972.0,1.0,20.0,2.0,100.0,23.47
1973.0,2.0,20.0,2.0,100.0,22.03
1974.0,3.0,20.0,2.0,100.0,19.24
1975.0,5.0,20.0,2.0,100.0,24.1
1976.0,10.0,20.0,2.0,100.0,17.14
1977.0,20.0,20.0,2.0,100.0,14.2
1978.0,40.0,20.0,2.0,100.0,27.65
1979.0,49.0,20.0,2.0,100.0,15.2
1980.0,0.0,20.0,2.0,100.0,22.03
1981.0,0.5,20.0,2.0,100.0,25.08
1982.0,1.0,20.0,2.0,100.0,21.05
1983.0,2.0,20.0,2.0,100.0,18.35
1984.0,3.0,20.0,2.0,100.0,22.45
1985.0,5.0,20.0,2.0,100.0,13.58
1986.0,10.0,20.0,2.0,100.0,18.63
1987.0,20.0,20.0,2.0,100.0,12.1
1988.0,40.0,20.0,2.0,100.0,19.76
1989.0,49.0,20.0,2.0,100.0,21.37
1990.0,0.0,20.0,2.0,100.0,13.23
1991.0,0.5,20.0,2.0,100.0,11.0
1992.0,1.0,20.0,2.0,100.0,27.33
1993.0,2.0,20.0,2.0,100.0,21.8
1994.0,3.0,20.0,2.0,100.0,14.36
1995.0,5.0,20.0,2.0,100.0,11.78
1996.0,10.0,20.0,2.0,100.0,20.04
1997.0,20.0,20.0,2.0,100.0,14.0
1998.0,40.0,20.0,2.0,100.0,22.25
1999.0,49.0,20.0,2.0,100.0,22.52
2000.0,0.0,20.0,2.0,100.0,24.74
2001.0,0.5,20.0,2.0,100.0,19.17
2002.0,1.0,20.0,2.0,100.0,15.33
2003.0,2.0,20.0,2.0,100.0,13.69
2004.0,3.0,20.0,2.0,100.0,21.07
2005.0,5.0,20.0,2.0,100.0,25.35
2006.0,10.0,20.0,2.0,100.0,12.2
2007.0,20.0,20.0,2.0,100.0,17.51
2008.0,40.0,20.0,2.0,100.0,18.99
2009.0,49.0,20.0,2.0,100.0,21.11
2010.0,0.0,20.0,2.0,100.0,20.0
2011.0,0.5,20.0,2.0,100.0,11.01
2012.0,1.0,20.0,2.0,100.0,19.55
2013.0,2.0,20.0,2.0,100.0,19.76
2014.0,3.0,20.0,2.0,100.0,20.68
2015.0,5.0,20.0,2.0,100.0,23.39
2016.0,10.0,20.0,2.0,100.0,14.34
2017.0,20.0,20.0,2.0,100.0,9.8
2018.0,40.0,20.0,2.0,100.0,21.29
2019.0,49.0,20.0,2.0,100.0,11.54
2020.0,0.0,20.0,2.0,100.0,24.97
2021.0,0.5,20.0,2.0,100.0,23.24
2022.0,1.0,20.0,2.0,100.0,28.05
2023.0,2.0,20.0,2.0,100.0,11.88
2024.0,3.0,20.0,2.0,100.0,19.14
2025.0,5.0,20.0,2.0,100.0,21.39
2026.0,10.0,20.0,2.0,100.0,11.5
2027.0,20.0,20.0,2.0,100.0,18.98
2028.0,40.0,20.0,2.0,100.0,21.89
2029.0,49.0,20.0,2.0,100.0,20.96
2030.0,0.0,20.0,2.0,100.0,20.48
2031.0,0.5,20.0,2.0,100.0,15.37
2032.0,1.0,20.0,2.0,100.0,22.66
2033.0,2.0,20.0,2.0,100.0,24.51
2034.0,3.0,20.0,2.0,100.0,16.14
2035.0,5.0,20.0,2.0,100.0,16.91
2036.0,10.0,20.0,2.0,100.0,26.13
2037.0,20.0,20.0,2.0,100.0,16.1
2038.0,40.0,20.0,2.0,100.0,11.51
2039.0,49.0,20.0,2.0,100.0,9.92
2040.0,0.0,20.0,2.0,100.0,24.67
2041.0,0.5,20.0,2.0,100.0,21.31
2042.0,1.0,20.0,2.0,100.0,12.0
2043.0,2.0,20.0,2.0,100.0,19.65
2044.0,3.0,20.0,2.0,100.0,19.39
2045.0,5.0,20.0,2.0,100.0,25.94
2046.0,10.0,20.0,2.0,100.0,20.3
2047.0,20.0,20.0,2.0,100.0,19.23
2048.0,40.0,20.0,2.0,100.0,19.46
2049.0,49.0,20.0,2.0,100.0,22.29
2050.0,0.0,20.0,2.0,100.0,21.26
2051.0,0.5,20.0,2.0,100.0,23.24
2052.0,1.0,20.0,2.0,100.0,16.34
2053.0,2.0,20.0,2.0,100.0,24.67
2054.0,3.0,20.0,2.0,100.0,13.43
2055.0,5.0,20.0,2.0,100.0,21.4
2056.0,10.0,20.0,2.0,100.0,21.8
2057.0,20.0,20.0,2.0,100.0,9.35
2058.0,40.0,20.0,2.0,100.0,19.47
2059.0,49.0,20.0,2.0,100.0,15.4
2060.0,0.0,20.0,2.0,100.0,20.1
2061.0,0.5,20.0,2.0,100.0,11.06
2062.0,1.0,20.0,2.0,100.0,24.16
2063.0,2.0,20.0,2.0,100.0,19.86
2064.0,3.0,20.0,2.0,100.0,16.81
2065.0,5.0,20.0,2.0,100.0,21.25
2066.0,10.0,20.0,2.0,100.0,21.04
2067.0,20.0,20.0,2.0,100.0,24.38
2068.0,40.0,20.0,2.0,100.0,10.45
2069.0,49.0,20.0,2.0,100.0,20.13
2070.0,0.0,20.0,2.0,100.0,14.54
2071.0,0.5,20.0,2.0,100.0,23.42
2072.0,1.0,20.0,2.0,100.0,26.02
2073.0,2.0,20.0,2.0,100.0,21.41
2074.0,3.0,20.0,2.0,100.0,18.05
2075.0,5.0,20.0,2.0,100.0,18.66
2076.0,10.0,20.0,2.0,100.0,21.76
2077.0,20.0,20.0,2.0,100.0,21.19
2078.0,40.0,20.0,2.0,100.0,17.4
2079.0,49.0,20.0,2.0,100.0,14.1
2080.0,0.0,20.0,2.0,100.0,25.73
2081.0,0.5,20.0,2.0,100.0,19.4
2082.0,1.0,20.0,2.0,100.0,15.1
2083.0,2.0,20.0,2.0,100.0,17.64
2084.0,3.0,20.0,2.0,100.0,24.21
2085.0,5.0,20.0,2.0,100.0,18.64
2086.0,10.0,20.0,2.0,100.0,25.45
2087.0,20.0,20.0,2.0,100.0,15.09
2088.0,40.0,20.0,2.0,100.0,20.26
2089.0,49.0,20.0,2.0,100.0,16.45
2090.0,0.0,20.0,2.0,100.0,24.08
2091.0,0.5,20.0,2.0,100.0,18.82
2092.0,1.0,20.0,2.0,100.0,16.23
2093.0,2.0,20.0,2.0,100.0,22.42
2094.0,3.0,20.0,2.0,100.0,11.17
2095.0,5.0,20.0,2.0,100.0,11.67
2096.0,10.0,20.0,2.0,100.0,22.48
2097.0,20.0,20.0,2.0,100.0,22.53
2098.0,40.0,20.0,2.0,100.0,23.16
2099.0,49.0,20.0,2.0,100.0,21.71
2100.0,0.0,20.0,2.0,100.0,17.92
2101.0,0.5,20.0,2.0,100.0,12.67
2102.0,1.0,20.0,2.0,100.0,12.69
2103.0,2.0,20.0,2.0,100.0,20.85
2104.0,3.0,20.0,2.0,100.0,14.38
2105.0,5.0,20.0,2.0,100.0,22.74
2106.0,10.0,20.0,2.0,100.0,22.09
2107.0,20.0,20.0,2.0,100.0,21.33
2108.0,40.0,20.0,2.0,100.0,17.37
2109.0,49.0,20.0,2.0,100.0,12.42
2110.0,0.0,20.0,2.0,100.0,26.15
2111.0,0.5,20.0,2.0,100.0,13.06
2112.0,1.0,20.0,2.0,100.0,23.9
2113.0,2.0,20.0,2.0,100.0,21.64
2114.0,3.0,20.0,2.0,100.0,24.64
2115.0,5.0,20.0,2.0,100.0,22.41
2116.0,10.0,20.0,2.0,100.0,15.0
2117.0,20.0,20.0,2.0,100.0,12.58
2118.0,40.0,20.0,2.0,100.0,11.85
2119.0,49.0,20.0,2.0,100.0,12.69
2120.0,0.0,20.0,2.0,100.0,9.1
2121.0,0.5,20.0,2.0,100.0,15.77
2122.0,1.0,20.0,2.0,100.0,24.46
2123.0,2.0,20.0,2.0,100.0,23.18
2124.0,3.0,20.0,2.0,100.0,25.13
2125.0,5.0,20.0,2.0,100.0,19.16
2126.0,10.0,20.0,2.0,100.0,16.25
2127.0,20.0,20.0,2.0,100.0,17.64
2128.0,40.0,20.0,2.0,100.0,23.1
2129.0,49.0,20.0,2.0,100.0,19.52
2130.0,0.0,20.0,2.0,100.0,10.3
2131.0,0.5,20.0,2.0,100.0,26.63
2132.0,1.0,20.0,2.0,100.0,24.91
2133.0,2.0,20.0,2.0,100.0,20.32
2134.0,3.0,20.0,2.0,100.0,21.23
2135.0,5.0,20.0,2.0,100.0,14.07
2136.0,10.0,20.0,2.0,100.0,24.84
2137.0,20.0,20.0,2.0,100.0,12.85
2138.0,40.0,20.0,2.0,100.0,23.79
2139.0,49.0,20.0,2.0,100.0,15.55
2140.0,0.0,20.0,2.0,100.0,23.15
2141.0,0.5,20.0,2.0,100.0,9.34
2142.0,1.0,20.0,2.0,100.0,13.92
2143.0,2.0,20.0,2.0,100.0,23.2
2144.0,3.0,20.0,2.0,100.0,21.7
2145.0,5.0,20.0,2.0,100.0,22.37
2146.0,10.0,20.0,2.0,100.0,10.42
2147.0,20.0,20.0,2.0,100.0,23.44
2148.0,40.0,20.0,2.0,100.0,12.15
2149.0,49.0,20.0,2.0,100.0,23.22
2150.0,0.0,20.0,2.0,100.0,18.08
2151.0,0.5,20.0,2.0,100.0,19.5
2152.0,1.0,20.0,2.0,100.0,20.01
2153.0,2.0,20.0,2.0,100.0,22.22
2154.0,3.0,20.0,2.0,100.0,24.15
2155.0,5.0,20.0,2.0,100.0,21.98
2156.0,10.0,20.0,2.0,100.0,14.05
2157.0,20.0,20.0,2.0,100.0,15.68
2158.0,40.0,20.0,2.0,100.0,19.33
2159.0,49.0,20.0,2.0,100.0,17.64
2160.0,0.0,20.0,2.0,100.0,16.87
2161.0,0.5,20.0,2.0,100.0,11.66
2162.0,1.0,20.0,2.0,100.0,22.81
2163.0,2.0,20.0,2.0,100.0,23.51
2164.0,3.0,20.0,2.0,100.0,21.63
2165.0,5.0,20.0,2.0,100.0,16.72
2166.0,10.0,20.0,2.0,100.0,14.81
2167.0,20.0,20.0,2.0,100.0,21.04
2168.0,40.0,20.0,2.0,100.0,14.82
2169.0,49.0,20.0,2.0,100.0,15.27
2170.0,0.0,20.0,2.0,100.0,15.51
2171.0,0.5,20.0,2.0,100.0,8.71
2172.0,1.0,20.0,2.0,100.0,11.8
2173.0,2.0,20.0,2.0,100.0,20.95
2174.0,3.0,20.0,2.0,100.0,24.22
2175.0,5.0,20.0,2.0,100.0,22.86
2176.0,10.0,20.0,2.0,100.0,20.16
2177.0,20.0,20.0,2.0,100.0,16.17
2178.0,40.0,20.0,2.0,100.0,14.17
2179.0,49.0,20.0,2.0,100.0,13.5
2180.0,0.0,20.0,2.0,100.0,11.06
2181.0,0.5,20.0,2.0,100.0,9.15
2182.0,1.0,20.0,2.0,100.0,20.93
2183.0,2.0,20.0,2.0,100.0,15.86
2184.0,3.0,20.0,2.0,100.0,18.71
2185.0,5.0,20.0,2.0,100.0,19.35
2186.0,10.0,20.0,2.0,100.0,26.35
2187.0,20.0,20.0,2.0,100.0,18.82
2188.0,40.0,20.0,2.0,100.0,8.13
2189.0,49.0,20.0,2.0,100.0,21.41
2190.0,0.0,20.0,2.0,100.0,21.98
2191.0,0.5,20.0,2.0,100.0,14.41
2192.0,1.0,20.0,2.0,100.0,23.46
2193.0,2.0,20.0,2.0,100.0,23.34
2194.0,3.0,20.0,2.0,100.0,23.78
2195.0,5.0,20.0,2.0,100.0,22.22
2196.0,10.0,20.0,2.0,100.0,13.32
2197.0,20.0,20.0,2.0,100.0,15.09
2198.0,40.0,20.0,2.0,100.0,21.82
2199.0,49.0,20.0,2.0,100.0,22.23
2200.0,0.0,20.0,2.0,100.0,21.29
2201.0,0.5,20.0,2.0,100.0,12.05
2202.0,1.0,20.0,2.0,100.0,10.72
2203.0,2.0,20.0,2.0,100.0,17.92
2204.0,3.0,20.0,2.0,100.0,18.5
2205.0,5.0,20.0,2.0,100.0,18.2
2206.0,10.0,20.0,2.0,100.0,24.77
2207.0,20.0,20.0,2.0,100.0,23.82
2208.0,40.0,20.0,2.0,100.0,24.79
2209.0,49.0,20.0,2.0,100.0,26.31
2210.0,0.0,20.0,2.0,100.0,26.31
2211.0,0.5,20.0,2.0,100.0,19.92
2212.0,1.0,20.0,2.0,100.0,25.41
2213.0,2.0,20.0,2.0,100.0,25.19
2214.0,3.0,20.0,2.0,100.0,16.92
2215.0,5.0,20.0,2.0,100.0,20.46
2216.0,10.0,20.0,2.0,100.0,7.77
2217.0,20.0,20.0,2.0,100.0,23.11
2218.0,40.0,20.0,2.0,100.0,15.89
2219.0,49.0,20.0,2.0,100.0,20.79
2220.0,0.0,20.0,2.0,100.0,21.84
2221.0,0.5,20.0,2.0,100.0,15.73
2222.0,1.0,20.0,2.0,100.0,22.16
2223.0,2.0,20.0,2.0,100.0,23.18
2224.0,3.0,20.0,2.0,100.0,7.8
2225.0,5.0,20.0,2.0,100.0,13.19
2226.0,10.0,20.0,2.0,100.0,21.33
2227.0,20.0,20.0,2.0,100.0,10.29
2228.0,40.0,20.0,2.0,100.0,13.22
2229.0,49.0,20.0,2.0,100.0,14.49
2230.0,0.0,20.0,2.0,100.0,12.86
2231.0,0.5,20.0,2.0,100.0,16.49
2232.0,1.0,20.0,2.0,100.0,17.39
2233.0,2.0,20.0,2.0,100.0,12.79
2234.0,3.0,20.0,2.0,100.0,20.92
2235.0,5.0,20.0,2.0,100.0,20.32
2236.0,10.0,20.0,2.0,100.0,23.74
2237.0,20.0,20.0,2.0,100.0,16.33
2238.0,40.0,20.0,2.0,100.0,16.93
2239.0,49.0,20.0,2.0,100.0,15.47
2240.0,0.0,20.0,2.0,100.0,18.13
2241.0,0.5,20.0,2.0,100.0,16.25
2242.0,1.0,20.0,2.0,100.0,23.53
2243.0,2.0,20.0,2.0,100.0,18.07
2244.0,3.0,20.0,2.0,100.0,17.09
2245.0,5.0,20.0,2.0,100.0,17.7
2246.0,10.0,20.0,2.0,100.0,11.07
2247.0,20.0,20.0,2.0,100.0,22.03
2248.0,40.0,20.0,2.0,100.0,20.33
2249.0,49.0,20.0,2.0,100.0,15.39
2250.0,0.0,20.0,2.0,100.0,23.88
2251.0,0.5,20.0,2.0,100.0,13.24
2252.0,1.0,20.0,2.0,100.0,17.51
2253.0,2.0,20.0,2.0,100.0,17.06
2254.0,3.0,20.0,2.0,100.0,15.5
2255.0,5.0,20.0,2.0,100.0,17.37
2256.0,10.0,20.0,2.0,100.0,18.37
2257.0,20.0,20.0,2.0,100.0,13.96
2258.0,40.0,20.0,2.0,100.0,8.52
2259.0,49.0,20.0,2.0,100.0,14.96
2260.0,0.0,20.0,2.0,100.0,26.48
2261.0,0.5,20.0,2.0,100.0,15.8
2262.0,1.0,20.0,2.0,100.0,18.03
2263.0,2.0,20.0,2.0,100.0,20.49
2264.0,3.0,20.0,2.0,100.0,10.1
2265.0,5.0,20.0,2.0,100.0,15.72
2266.0,10.0,20.0,2.0,100.0,18.93
2267.0,20.0,20.0,2.0,100.0,19.34
2268.0,40.0,20.0,2.0,100.0,19.81
2269.0,49.0,20.0,2.0,100.0,14.38
2270.0,0.0,20.0,2.0,100.0,8.07
2271.0,0.5,20.0,2.0,100.0,25.43
2272.0,1.0,20.0,2.0,100.0,20.02
2273.0,2.0,20.0,2.0,100.0,15.19
2274.0,3.0,20.0,2.0,100.0,19.15
2275.0,5.0,20.0,2.0,100.0,12.88
2276.0,10.0,20.0,2.0,100.0,17.81
2277.0,20.0,20.0,2.0,100.0,22.3
2278.0,40.0,20.0,2.0,100.0,13.04
2279.0,49.0,20.0,2.0,100.0,15.97
2280.0,0.0,20.0,2.0,100.0,21.49
2281.0,0.5,20.0,2.0,100.0,15.17
2282.0,1.0,20.0,2.0,100.0,19.72
2283.0,2.0,20.0,2.0,100.0,19.51
2284.0,3.0,20.0,2.0,100.0,13.7
2285.0,5.0,20.0,2.0,100.0,16.09
2286.0,10.0,20.0,2.0,100.0,18.06
2287.0,20.0,20.0,2.0,100.0,23.26
2288.0,40.0,20.0,2.0,100.0,20.17
2289.0,49.0,20.0,2.0,100.0,23.26
2290.0,0.0,20.0,2.0,100.0,21.19
2291.0,0.5,20.0,2.0,100.0,22.47
2292.0,1.0,20.0,2.0,100.0,18.99
2293.0,2.0,20.0,2.0,100.0,21.51
2294.0,3.0,20.0,2.0,100.0,23.83
2295.0,5.0,20.0,2.0,100.0,9.82
2296.0,10.0,20.0,2.0,100.0,22.27
2297.0,20.0,20.0,2.0,100.0,12.34
2298.0,40.0,20.0,2.0,100.0,20.56
2299.0,49.0,20.0,2.0,100.0,21.22
2300.0,0.0,20.0,2.0,100.0,17.03
2301.0,0.5,20.0,2.0,100.0,23.45
2302.0,1.0,20.0,2.0,100.0,15.0
2303.0,2.0,20.0,2.0,100.0,16.35
2304.0,3.0,20.0,2.0,100.0,24.71
2305.0,5.0,20.0,2.0,100.0,21.82
2306.0,10.0,20.0,2.0,100.0,11.35
2307.0,20.0,20.0,2.0,100.0,10.94
2308.0,40.0,20.0,2.0,100.0,16.79
2309.0,49.0,20.0,2.0,100.0,13.0
2310.0,0.0,20.0,2.0,100.0,22.01
2311.0,0.5,20.0,2.0,100.0,21.53
2312.0,1.0,20.0,2.0,100.0,11.37
2313.0,2.0,20.0,2.0,100.0,17.45
2314.0,3.0,20.0,2.0,100.0,17.52
2315.0,5.0,20.0,2.0,100.0,22.18
2316.0,10.0,20.0,2.0,100.0,22.82
2317.0,20.0,20.0,2.0,100.0,12.51
2318.0,40.0,20.0,2.0,100.0,25.05
2319.0,49.0,20.0,2.0,100.0,21.36
2320.0,0.0,20.0,2.0,100.0,17.16
2321.0,0.5,20.0,2.0,100.0,22.81
2322.0,1.0,20.0,2.0,100.0,16.34
2323.0,2.0,20.0,2.0,100.0,26.62
2324.0,3.0,20.0,2.0,100.0,10.71
2325.0,5.0,20.0,2.0,100.0,21.52
2326.0,10.0,20.0,2.0,100.0,20.74
2327.0,20.0,20.0,2.0,100.0,12.32
2328.0,40.0,20.0,2.0,100.0,22.38
2329.0,49.0,20.0,2.0,100.0,11.48
2330.0,0.0,20.0,2.0,100.0,22.0
2331.0,0.5,20.0,2.0,100.0,23.03
2332.0,1.0,20.0,2.0,100.0,20.15
2333.0,2.0,20.0,2.0,100.0,16.6
2334.0,3.0,20.0,2.0,100.0,20.93
2335.0,5.0,20.0,2.0,100.0,24.94
2336.0,10.0,20.0,2.0,100.0,18.58
2337.0,20.0,20.0,2.0,100.0,27.89
2338.0,40.0,20.0,2.0,100.0,20.42
2339.0,49.0,20.0,2.0,100.0,21.5
2340.0,0.0,20.0,2.0,100.0,15.67
2341.0,0.5,20.0,2.0,100.0,20.71
2342.0,1.0,20.0,2.0,100.0,16.64
2343.0,2.0,20.0,2.0,100.0,24.08
2344.0,3.0,20.0,2.0,100.0,10.67
2345.0,5.0,20.0,2.0,100.0,8.99
2346.0,10.0,20.0,2.0,100.0,12.6
2347.0,20.0,20.0,2.0,100.0,16.54
2348.0,40.0,20.0,2.0,100.0,11.66
2349.0,49.0,20.0,2.0,100.0,10.08
2350.0,0.0,20.0,2.0,100.0,20.79
2351.0,0.5,20.0,2.0,100.0,13.88
2352.0,1.0,20.0,2.0,100.0,19.55
2353.0,2.0,20.0,2.0,100.0,19.32
2354.0,3.0,20.0,2.0,100.0,17.72
2355.0,5.0,20.0,2.0,100.0,20.48
2356.0,10.0,20.0,2.0,100.0,12.63
2357.0,20.0,20.0,2.0,100.0,22.35
2358.0,40.0,20.0,2.0,100.0,13.99
2359.0,49.0,20.0,2.0,100.0,14.35
2360.0,0.0,20.0,2.0,100.0,14.09
2361.0,0.5,20.0,2.0,100.0,20.68
2362.0,1.0,20.0,2.0,100.0,17.53
2363.0,2.0,20.0,2.0,100.0,22.51
2364.0,3.0,20.0,2.0,100.0,16.32
2365.0,5.0,20.0,2.0,100.0,19.16
2366.0,10.0,20.0,2.0,100.0,21.93
2367.0,20.0,20.0,2.0,100.0,11.94
2368.0,40.0,20.0,2.0,100.0,23.0
2369.0,49.0,20.0,2.0,100.0,13.61
2370.0,0.0,20.0,2.0,100.0,15.94
2371.0,0.5,20.0,2.0,100.0,15.43
2372.0,1.0,20.0,2.0,100.0,10.77
2373.0,2.0,20.0,2.0,100.0,17.97
2374.0,3.0,20.0,2.0,100.0,27.04
2375.0,5.0,20.0,2.0,100.0,16.32
2376.0,10.0,20.0,2.0,100.0,18.65
2377.0,20.0,20.0,2.0,100.0,15.02
2378.0,40.0,20.0,2.0,100.0,24.88
2379.0,49.0,20.0,2.0,100.0,23.76
2380.0,0.0,20.0,2.0,100.0,17.84
2381.0,0.5,20.0,2.0,100.0,18.5
2382.0,1.0,20.0,2.0,100.0,23.24
2383.0,2.0,20.0,2.0,100.0,12.96
2384.0,3.0,20.0,2.0,100.0,21.08
2385.0,5.0,20.0,2.0,100.0,16.9
2386.0,10.0,20.0,2.0,100.0,15.56
2387.0,20.0,20.0,2.0,100.0,16.17
2388.0,40.0,20.0,2.0,100.0,15.79
2389.0,49.0,20.0,2.0,100.0,22.83
2390.0,0.0,20.0,2.0,100.0,24.42
2391.0,0.5,20.0,2.0,100.0,24.83
2392.0,1.0,20.0,2.0,100.0,20.86
2393.0,2.0,20.0,2.0,100.0,25.1
2394.0,3.0,20.0,2.0,100.0,23.26
2395.0,5.0,20.0,2.0,100.0,23.76
2396.0,10.0,20.0,2.0,100.0,11.95
2397.0,20.0,20.0,2.0,100.0,9.43
2398.0,40.0,20.0,2.0,100.0,24.23
2399.0,49.0,20.0,2.0,100.0,27.92
2400.0,0.0,20.0,2.0,100.0,10.36
2401.0,0.5,20.0,2.0,100.0,19.65
2402.0,1.0,20.0,2.0,100.0,19.16
2403.0,2.0,20.0,2.0,100.0,24.77
2404.0,3.0,20.0,2.0,100.0,22.16
2405.0,5.0,20.0,2.0,100.0,9.94
2406.0,10.0,20.0,2.0,100.0,23.66
2407.0,20.0,20.0,2.0,100.0,10.53
2408.0,40.0,20.0,2.0,100.0,24.41
2409.0,49.0,20.0,2.0,100.0,17.56
2410.0,0.0,20.0,2.0,100.0,26.84
2411.0,0.5,20.0,2.0,100.0,21.56
2412.0,1.0,20.0,2.0,100.0,17.88
2413.0,2.0,20.0,2.0,100.0,15.74
2414.0,3.0,20.0,2.0,100.0,23.16
2415.0,5.0,20.0,2.0,100.0,12.39
2416.0,10.0,20.0,2.0,100.0,11.82
2417.0,20.0,20.0,2.0,100.0,22.15
2418.0,40.0,20.0,2.0,100.0,21.2
2419.0,49.0,20.0,2.0,100.0,17.83
2420.0,0.0,20.0,2.0,100.0,22.12
2421.0,0.5,20.0,2.0,100.0,12.42
2422.0,1.0,20.0,2.0,100.0,16.37
2423.0,2.0,20.0,2.0,100.0,19.25
2424.0,3.0,20.0,2.0,100.0,9.24
2425.0,5.0,20.0,2.0,100.0,12.96
2426.0,10.0,20.0,2.0,100.0,22.28
2427.0,20.0,20.0,2.0,100.0,10.94
2428.0,40.0,20.0,2.0,100.0,17.82
2429.0,49.0,20.0,2.0,100.0,18.95
2430.0,0.0,20.0,2.0,100.0,25.77
2431.0,0.5,20.0,2.0,100.0,13.32
2432.0,1.0,20.0,2.0,100.0,15.67
2433.0,2.0,20.0,2.0,100.0,23.23
2434.0,3.0,20.0,2.0,100.0,12.89
2435.0,5.0,20.0,2.0,100.0,21.35
2436.0,10.0,20.0,2.0,100.0,21.75
2437.0,20.0,20.0,2.0,100.0,9.26
2438.0,40.0,20.0,2.0,100.0,21.89
2439.0,49.0,20.0,2.0,100.0,10.56
2440.0,0.0,20.0,2.0,100.0,12.26
2441.0,0.5,20.0,2.0,100.0,26.5
2442.0,1.0,20.0,2.0,100.0,24.51
2443.0,2.0,20.0,2.0,100.0,24.64
2444.0,3.0,20.0,2.0,100.0,24.86
2445.0,5.0,20.0,2.0,100.0,15.32
2446.0,10.0,20.0,2.0,100.0,11.5
2447.0,20.0,20.0,2.0,100.0,15.24
2448.0,40.0,20.0,2.0,100.0,12.34
2449.0,49.0,20.0,2.0,100.0,18.55
2450.0,0.0,20.0,2.0,100.0,18.58
2451.0,0.5,20.0,2.0,100.0,18.62
2452.0,1.0,20.0,2.0,100.0,17.76
2453.0,2.0,20.0,2.0,100.0,17.91
2454.0,3.0,20.0,2.0,100.0,19.83
2455.0,5.0,20.0,2.0,100.0,21.21
2456.0,10.0,20.0,2.0,100.0,23.42
2457.0,20.0,20.0,2.0,100.0,13.06
2458.0,40.0,20.0,2.0,100.0,21.77
2459.0,49.0,20.0,2.0,100.0,19.47
2460.0,0.0,20.0,2.0,100.0,17.28
2461.0,0.5,20.0,2.0,100.0,16.07
2462.0,1.0,20.0,2.0,100.0,12.98
2463.0,2.0,20.0,2.0,100.0,21.43
2464.0,3.0,20.0,2.0,100.0,14.09
2465.0,5.0,20.0,2.0,100.0,16.27
2466.0,10.0,20.0,2.0,100.0,20.32
2467.0,20.0,20.0,2.0,100.0,23.56
2468.0,40.0,20.0,2.0,100.0,19.99
2469.0,49.0,20.0,2.0,100.0,22.65
2470.0,0.0,20.0,2.0,100.0,19.41
2471.0,0.5,20.0,2.0,100.0,12.75
2472.0,1.0,20.0,2.0,100.0,23.96
2473.0,2.0,20.0,2.0,100.0,18.4
2474.0,3.0,20.0,2.0,100.0,23.57
2475.0,5.0,20.0,2.0,100.0,24.07
2476.0,10.0,20.0,2.0,100.0,22.21
2477.0,20.0,20.0,2.0,100.0,21.0
2478.0,40.0,20.0,2.0,100.0,11.88
2479.0,49.0,20.0,2.0,100.0,21.28
2480.0,0.0,20.0,2.0,100.0,27.83
2481.0,0.5,20.0,2.0,100.0,17.21
2482.0,1.0,20.0,2.0,100.0,11.99
2483.0,2.0,20.0,2.0,100.0,15.2
2484.0,3.0,20.0,2.0,100.0,23.12
2485.0,5.0,20.0,2.0,100.0,12.74
2486.0,10.0,20.0,2.0,100.0,14.1
2487.0,20.0,20.0,2.0,100.0,19.34
2488.0,40.0,20.0,2.0,100.0,11.56
2489.0,49.0,20.0,2.0,100.0,12.26
2490.0,0.0,20.0,2.0,100.0,23.9
2491.0,0.5,20.0,2.0,100.0,15.66
2492.0,1.0,20.0,2.0,100.0,12.59
2493.0,2.0,20.0,2.0,100.0,22.51
2494.0,3.0,20.0,2.0,100.0,18.94
2495.0,5.0,20.0,2.0,100.0,18.32
2496.0,10.0,20.0,2.0,100.0,24.89
2497.0,20.0,20.0,2.0,100.0,15.06
2498.0,40.0,20.0,2.0,100.0,19.15
2499.0,49.0,20.0,2.0,100.0,8.2
2500.0,0.0,20.0,2.0,100.0,23.23
2501.0,0.5,20.0,2.0,100.0,20.57
2502.0,1.0,20.0,2.0,100.0,22.72
2503.0,2.0,20.0,2.0,100.0,23.68
2504.0,3.0,20.0,2.0,100.0,25.24
2505.0,5.0,20.0,2.0,100.0,22.07
2506.0,10.0,20.0,2.0,100.0,21.01
2507.0,20.0,20.0,2.0,100.0,23.04
2508.0,40.0,20.0,2.0,100.0,10.72
2509.0,49.0,20.0,2.0,100.0,15.74
2510.0,0.0,20.0,2.0,100.0,26.93
2511.0,0.5,20.0,2.0,100.0,25.01
2512.0,1.0,20.0,2.0,100.0,13.02
2513.0,2.0,20.0,2.0,100.0,18.95
2514.0,3.0,20.0,2.0,100.0,20.2
2515.0,5.0,20.0,2.0,100.0,27.78
2516.0,10.0,20.0,2.0,100.0,20.69
2517.0,20.0,20.0,2.0,100.0,9.78
2518.0,40.0,20.0,2.0,100.0,12.96
2519.0,49.0,20.0,2.0,100.0,21.09
2520.0,0.0,20.0,2.0,100.0,13.93
2521.0,0.5,20.0,2.0,100.0,19.62
2522.0,1.0,20.0,2.0,100.0,23.14
2523.0,2.0,20.0,2.0,100.0,12.97
2524.0,3.0,20.0,2.0,100.0,15.72
2525.0,5.0,20.0,2.0,100.0,18.74
2526.0,10.0,20.0,2.0,100.0,21.68
2527.0,20.0,20.0,2.0,100.0,21.93
2528.0,40.0,20.0,2.0,100.0,17.45
2529.0,49.0,20.0,2.0,100.0,13.58
2530.0,0.0,20.0,2.0,100.0,15.05
2531.0,0.5,20.0,2.0,100.0,17.12
2532.0,1.0,20.0,2.0,100.0,17.3
2533.0,2.0,20.0,2.0,100.0,15.5
2534.0,3.0,20.0,2.0,100.0,19.37
2535.0,5.0,20.0,2.0,100.0,25.71
2536.0,10.0,20.0,2.0,100.0,23.18
2537.0,20.0,20.0,2.0,100.0,16.37
2538.0,40.0,20.0,2.0,100.0,22.47
2539.0,49.0,20.0,2.0,100.0,21.11
2540.0,0.0,20.0,2.0,100.0,16.75
2541.0,0.5,20.0,2.0,100.0,18.73
2542.0,1.0,20.0,2.0,100.0,12.21
2543.0,2.0,20.0,2.0,100.0,18.8
2544.0,3.0,20.0,2.0,100.0,13.88
2545.0,5.0,20.0,2.0,100.0,16.14
2546.0,10.0,20.0,2.0,100.0,19.47
2547.0,20.0,20.0,2.0,100.0,19.73
2548.0,40.0,20.0,2.0,100.0,20.62
2549.0,49.0,20.0,2.0,100.0,18.22
2550.0,0.0,20.0,2.0,100.0,23.73
2551.0,0.5,20.0,2.0,100.0,15.32
2552.0,1.0,20.0,2.0,100.0,19.65
2553.0,2.0,20.0,2.0,100.0,18.79
2554.0,3.0,20.0,2.0,100.0,19.66
2555.0,5.0,20.0,2.0,100.0,24.58
2556.0,10.0,20.0,2.0,100.0,23.74
2557.0,20.0,20.0,2.0,100.0,25.05
2558.0,40.0,20.0,2.0,100.0,19.11
2559.0,49.0,20.0,2.0,100.0,28.54
2560.0,0.0,20.0,2.0,100.0,23.15
2561.0,0.5,20.0,2.0,100.0,25.68
2562.0,1.0,20.0,2.0,100.0,13.97
2563.0,2.0,20.0,2.0,100.0,15.02
2564.0,3.0,20.0,2.0,100.0,26.97
2565.0,5.0,20.0,2.0,100.0,25.72
2566.0,10.0,20.0,2.0,100.0,22.79
2567.0,20.0,20.0,2.0,100.0,17.9
2568.0,40.0,20.0,2.0,100.0,14.68
2569.0,49.0,20.0,2.0,100.0,17.73
2570.0,0.0,20.0,2.0,100.0,16.72
2571.0,0.5,20.0,2.0,100.0,18.31
2572.0,1.0,20.0,2.0,100.0,17.01
2573.0,2.0,20.0,2.0,100.0,11.33
2574.0,3.0,20.0,2.0,100.0,15.8
2575.0,5.0,20.0,2.0,100.0,16.3
2576.0,10.0,20.0,2.0,100.0,28.88
2577.0,20.0,20.0,2.0,100.0,26.07
2578.0,40.0,20.0,2.0,100.0,18.65
2579.0,49.0,20.0,2.0,100.0,18.0
2580.0,0.0,20.0,2.0,100.0,22.03
2581.0,0.5,20.0,2.0,100.0,20.77
2582.0,1.0,20.0,2.0,100.0,24.4
2583.0,2.0,20.0,2.0,100.0,23.05
2584.0,3.0,20.0,2.0,100.0,18.65
2585.0,5.0,20.0,2.0,100.0,21.16
2586.0,10.0,20.0,2.0,100.0,24.7
2587.0,20.0,20.0,2.0,100.0,24.23
2588.0,40.0,20.0,2.0,100.0,11.6
2589.0,49.0,20.0,2.0,100.0,23.22
2590.0,0.0,20.0,2.0,100.0,18.61
2591.0,0.5,20.0,2.0,100.0,24.88
2592.0,1.0,20.0,2.0,100.0,24.6
2593.0,2.0,20.0,2.0,100.0,16.48
2594.0,3.0,20.0,2.0,100.0,17.04
2595.0,5.0,20.0,2.0,100.0,17.72
2596.0,10.0,20.0,2.0,100.0,21.06
2597.0,20.0,20.0,2.0,100.0,18.81
2598.0,40.0,20.0,2.0,100.0,22.69
2599.0,49.0,20.0,2.0,100.0,24.07
2600.0,0.0,20.0,2.0,100.0,18.91
2601.0,0.5,20.0,2.0,100.0,17.52
2602.0,1.0,20.0,2.0,100.0,16.36
2603.0,2.0,20.0,2.0,100.0,13.7
2604.0,3.0,20.0,2.0,100.0,18.42
2605.0,5.0,20.0,2.0,100.0,13.53
2606.0,10.0,20.0,2.0,100.0,9.72
2607.0,20.0,20.0,2.0,100.0,16.67
2608.0,40.0,20.0,2.0,100.0,9.8
2609.0,49.0,20.0,2.0,100.0,21.54
2610.0,0.0,20.0,2.0,100.0,26.82
2611.0,0.5,20.0,2.0,100.0,11.11
2612.0,1.0,20.0,2.0,100.0,9.68
2613.0,2.0,20.0,2.0,100.0,9.96
2614.0,3.0,20.0,2.0,100.0,14.94
2615.0,5.0,20.0,2.0,100.0,17.66
2616.0,10.0,20.0,2.0,100.0,16.91
2617.0,20.0,20.0,2.0,100.0,13.5
2618.0,40.0,20.0,2.0,100.0,22.36
2619.0,49.0,20.0,2.0,100.0,23.78
2620.0,0.0,20.0,2.0,100.0,26.99
2621.0,0.5,20.0,2.0,100.0,22.47
2622.0,1.0,20.0,2.0,100.0,25.37
2623.0,2.0,20.0,2.0,100.0,21.02
2624.0,3.0,20.0,2.0,100.0,22.98
2625.0,5.0,20.0,2.0,100.0,20.0
2626.0,10.0,20.0,2.0,100.0,19.3
2627.0,20.0,20.0,2.0,100.0,12.63
2628.0,40.0,20.0,2.0,100.0,11.28
2629.0,49.0,20.0,2.0,100.0,14.93
2630.0,0.0,20.0,2.0,100.0,16.31
2631.0,0.5,20.0,2.0,100.0,16.15
2632.0,1.0,20.0,2.0,100.0,23.43
2633.0,2.0,20.0,2.0,100.0,21.19
2634.0,3.0,20.0,2.0,100.0,27.08
2635.0,5.0,20.0,2.0,100.0,18.14
2636.0,10.0,20.0,2.0,100.0,18.49
2637.0,20.0,20.0,2.0,100.0,19.54
2638.0,40.0,20.0,2.0,100.0,20.42
2639.0,49.0,20.0,2.0,100.0,13.08
2640.0,0.0,20.0,2.0,100.0,22.56
2641.0,0.5,20.0,2.0,100.0,9.2
2642.0,1.0,20.0,2.0,100.0,18.55
2643.0,2.0,20.0,2.0,100.0,19.98
2644.0,3.0,20.0,2.0,100.0,27.29
2645.0,5.0,20.0,2.0,100.0,24.97
2646.0,10.0,20.0,2.0,100.0,18.08
2647.0,20.0,20.0,2.0,100.0,10.44
2648.0,40.0,20.0,2.0,100.0,20.17
2649.0,49.0,20.0,2.0,100.0,15.87
2650.0,0.0,20.0,2.0,100.0,13.33
2651.0,0.5,20.0,2.0,100.0,13.66
2652.0,1.0,20.0,2.0,100.0,10.28
2653.0,2.0,20.0,2.0,100.0,12.93
2654.0,3.0,20.0,2.0,100.0,18.75
2655.0,5.0,20.0,2.0,100.0,12.65
2656.0,10.0,20.0,2.0,100.0,14.59
2657.0,20.0,20.0,2.0,100.0,21.85
2658.0,40.0,20.0,2.0,100.0,27.54
2659.0,49.0,20.0,2.0,100.0,24.32
2660.0,0.0,20.0,2.0,100.0,23.41
2661.0,0.5,20.0,2.0,100.0,25.16
2662.0,1.0,20.0,2.0,100.0,26.08
2663.0,2.0,20.0,2.0,100.0,19.54
2664.0,3.0,20.0,2.0,100.0,22.19
2665.0,5.0,20.0,2.0,100.0,19.65
2666.0,10.0,20.0,2.0,100.0,14.12
2667.0,20.0,20.0,2.0,100.0,23.49
2668.0,40.0,20.0,2.0,100.0,11.08
2669.0,49.0,20.0,2.0,100.0,22.41
2670.0,0.0,20.0,2.0,100.0,21.78
2671.0,0.5,20.0,2.0,100.0,18.69
2672.0,1.0,20.0,2.0,100.0,22.07
2673.0,2.0,20.0,2.0,100.0,13.13
2674.0,3.0,20.0,2.0,100.0,24.97
2675.0,5.0,20.0,2.0,100.0,13.47
2676.0,10.0,20.0,2.0,100.0,20.6
2677.0,20.0,20.0,2.0,100.0,9.91
2678.0,40.0,20.0,2.0,100.0,14.59
2679.0,49.0,20.0,2.0,100.0,22.6
2680.0,0.0,20.0,2.0,100.0,12.11
2681.0,0.5,20.0,2.0,100.0,13.94
2682.0,1.0,20.0,2.0,100.0,18.13
2683.0,2.0,20.0,2.0,100.0,10.69
2684.0,3.0,20.0,2.0,100.0,17.65
2685.0,5.0,20.0,2.0,100.0,19.6
2686.0,10.0,20.0,2.0,100.0,12.29
2687.0,20.0,20.0,2.0,100.0,22.65
2688.0,40.0,20.0,2.0,100.0,10.47
2689.0,49.0,20.0,2.0,100.0,20.3
2690.0,0.0,20.0,2.0,100.0,11.33
2691.0,0.5,20.0,2.0,100.0,15.16
2692.0,1.0,20.0,2.0,100.0,17.43
2693.0,2.0,20.0,2.0,100.0,24.84
2694.0,3.0,20.0,2.0,100.0,19.14
2695.0,5.0,20.0,2.0,100.0,19.06
2696.0,10.0,20.0,2.0,100.0,24.0
2697.0,20.0,20.0,2.0,100.0,13.24
2698.0,40.0,20.0,2.0,100.0,15.47
2699.0,49.0,20.0,2.0,100.0,26.02
2700.0,0.0,20.0,2.0,100.0,24.66
2701.0,0.5,20.0,2.0,100.0,20.14
2702.0,1.0,20.0,2.0,100.0,19.63
2703.0,2.0,20.0,2.0,100.0,22.35
2704.0,3.0,20.0,2.0,100.0,26.77
2705.0,5.0,20.0,2.0,100.0,18.51
2706.0,10.0,20.0,2.0,100.0,18.27
2707.0,20.0,20.0,2.0,100.0,18.58
2708.0,40.0,20.0,2.0,100.0,10.98
2709.0,49.0,20.0,2.0,100.0,23.48
2710.0,0.0,20.0,2.0,100.0,13.09
2711.0,0.5,20.0,2.0,100.0,12.28
2712.0,1.0,20.0,2.0,100.0,20.02
2713.0,2.0,20.0,2.0,100.0,25.9
2714.0,3.0,20.0,2.0,100.0,22.32
2715.0,5.0,20.0,2.0,100.0,13.94
2716.0,10.0,20.0,2.0,100.0,16.18
2717.0,20.0,20.0,2.0,100.0,23.8
2718.0,40.0,20.0,2.0,100.0,18.36
2719.0,49.0,20.0,2.0,100.0,17.95
2720.0,0.0,20.0,2.0,100.0,10.76
2721.0,0.5,20.0,2.0,100.0,10.82
2722.0,1.0,20.0,2.0,100.0,20.34
2723.0,2.0,20.0,2.0,100.0,25.44
2724.0,3.0,20.0,2.0,100.0,13.97
2725.0,5.0,20.0,2.0,100.0,12.97
2726.0,10.0,20.0,2.0,100.0,8.63
2727.0,20.0,20.0,2.0,100.0,14.89
2728.0,40.0,20.0,2.0,100.0,18.84
2729.0,49.0,20.0,2.0,100.0,13.06
2730.0,0.0,20.0,2.0,100.0,8.37
2731.0,0.5,20.0,2.0,100.0,20.82
2732.0,1.0,20.0,2.0,100.0,21.57
2733.0,2.0,20.0,2.0,100.0,18.98
2734.0,3.0,20.0,2.0,100.0,24.4
2735.0,5.0,20.0,2.0,100.0,22.23
2736.0,10.0,20.0,2.0,100.0,11.7
2737.0,20.0,20.0,2.0,100.0,22.9
2738.0,40.0,20.0,2.0,100.0,22.19
2739.0,49.0,20.0,2.0,100.0,22.35
2740.0,0.0,20.0,2.0,100.0,11.55
2741.0,0.5,20.0,2.0,100.0,18.66
2742.0,1.0,20.0,2.0,100.0,14.07
2743.0,2.0,20.0,2.0,100.0,11.11
2744.0,3.0,20.0,2.0,100.0,18.53
2745.0,5.0,20.0,2.0,100.0,19.08
2746.0,10.0,20.0,2.0,100.0,16.79
2747.0,20.0,20.0,2.0,100.0,13.63
2748.0,40.0,20.0,2.0,100.0,20.82
2749.0,49.0,20.0,2.0,100.0,9.97
2750.0,0.0,20.0,2.0,100.0,26.95
2751.0,0.5,20.0,2.0,100.0,23.93
2752.0,1.0,20.0,2.0,100.0,19.43
2753.0,2.0,20.0,2.0,100.0,21.9
2754.0,3.0,20.0,2.0,100.0,20.84
2755.0,5.0,20.0,2.0,100.0,22.02
2756.0,10.0,20.0,2.0,100.0,13.73
2757.0,20.0,20.0,2.0,100.0,10.74
2758.0,40.0,20.0,2.0,100.0,19.8
2759.0,49.0,20.0,2.0,100.0,15.23
2760.0,0.0,20.0,2.0,100.0,19.0
2761.0,0.5,20.0,2.0,100.0,17.6
2762.0,1.0,20.0,2.0,100.0,22.41
2763.0,2.0,20.0,2.0,100.0,24.9
2764.0,3.0,20.0,2.0,100.0,18.14
2765.0,5.0,20.0,2.0,100.0,13.49
2766.0,10.0,20.0,2.0,100.0,18.15
2767.0,20.0,20.0,2.0,100.0,24.38
2768.0,40.0,20.0,2.0,100.0,27.02
2769.0,49.0,20.0,2.0,100.0,19.13
2770.0,0.0,20.0,2.0,100.0,24.44
2771.0,0.5,20.0,2.0,100.0,17.99
2772.0,1.0,20.0,2.0,100.0,20.5
2773.0,2.0,20.0,2.0,100.0,22.43
2774.0,3.0,20.0,2.0,100.0,24.88
2775.0,5.0,20.0,2.0,100.0,17.26
2776.0,10.0,20.0,2.0,100.0,20.26
2777.0,20.0,20.0,2.0,100.0,13.41
2778.0,40.0,20.0,2.0,100.0,21.47
2779.0,49.0,20.0,2.0,100.0,19.03
2780.0,0.0,20.0,2.0,100.0,21.35
2781.0,0.5,20.0,2.0,100.0,23.31
2782.0,1.0,20.0,2.0,100.0,23.37
2783.0,2.0,20.0,2.0,100.0,22.85
2784.0,3.0,20.0,2.0,100.0,10.7
2785.0,5.0,20.0,2.0,100.0,18.01
2786.0,10.0,20.0,2.0,100.0,19.27
2787.0,20.0,20.0,2.0,100.0,24.21
2788.0,40.0,20.0,2.0,100.0,16.4
2789.0,49.0,20.0,2.0,100.0,7.95
2790.0,0.0,20.0,2.0,100.0,18.31
2791.0,0.5,20.0,2.0,100.0,15.04
2792.0,1.0,20.0,2.0,100.0,12.56
2793.0,2.0,20.0,2.0,100.0,18.12
2794.0,3.0,20.0,2.0,100.0,23.17
2795.0,5.0,20.0,2.0,100.0,14.92
2796.0,10.0,20.0,2.0,100.0,18.86
2797.0,20.0,20.0,2.0,100.0,15.64
2798.0,40.0,20.0,2.0,100.0,26.28
2799.0,49.0,20.0,2.0,100.0,25.5
2800.0,0.0,20.0,2.0,100.0,21.94
2801.0,0.5,20.0,2.0,100.0,26.61
2802.0,1.0,20.0,2.0,100.0,17.58
2803.0,2.0,20.0,2.0,100.0,28.26
2804.0,3.0,20.0,2.0,100.0,12.67
2805.0,5.0,20.0,2.0,100.0,9.72
2806.0,10.0,20.0,2.0,100.0,13.6
2807.0,20.0,20.0,2.0,100.0,11.81
2808.0,40.0,20.0,2.0,100.0,20.41
2809.0,49.0,20.0,2.0,100.0,20.73
2810.0,0.0,20.0,2.0,100.0,9.17
2811.0,0.5,20.0,2.0,100.0,24.77
2812.0,1.0,20.0,2.0,100.0,17.07
2813.0,2.0,20.0,2.0,100.0,15.79
2814.0,3.0,20.0,2.0,100.0,10.27
2815.0,5.0,20.0,2.0,100.0,21.81
2816.0,10.0,20.0,2.0,100.0,12.39
2817.0,20.0,20.0,2.0,100.0,20.07
2818.0,40.0,20.0,2.0,100.0,11.93
2819.0,49.0,20.0,2.0,100.0,25.53
2820.0,0.0,20.0,2.0,100.0,23.84
2821.0,0.5,20.0,2.0,100.0,11.93
2822.0,1.0,20.0,2.0,100.0,21.75
2823.0,2.0,20.0,2.0,100.0,10.41
2824.0,3.0,20.0,2.0,100.0,21.22
2825.0,5.0,20.0,2.0,100.0,25.79
2826.0,10.0,20.0,2.0,100.0,11.5
2827.0,20.0,20.0,2.0,100.0,15.7
2828.0,40.0,20.0,2.0,100.0,14.99
2829.0,49.0,20.0,2.0,100.0,21.82
2830.0,0.0,20.0,2.0,100.0,18.23
2831.0,0.5,20.0,2.0,100.0,23.58
2832.0,1.0,20.0,2.0,100.0,21.77
2833.0,2.0,20.0,2.0,100.0,15.2
2834.0,3.0,20.0,2.0,100.0,17.61
2835.0,5.0,20.0,2.0,100.0,18.46
2836.0,10.0,20.0,2.0,100.0,17.04
2837.0,20.0,20.0,2.0,100.0,26.8
2838.0,40.0,20.0,2.0,100.0,20.59
2839.0,49.0,20.0,2.0,100.0,20.65
2840.0,0.0,20.0,2.0,100.0,21.36
2841.0,0.5,20.0,2.0,100.0,13.47
2842.0,1.0,20.0,2.0,100.0,13.8
2843.0,2.0,20.0,2.0,100.0,23.02
2844.0,3.0,20.0,2.0,100.0,24.08
2845.0,5.0,20.0,2.0,100.0,20.95
2846.0,10.0,20.0,2.0,100.0,11.68
2847.0,20.0,20.0,2.0,100.0,11.59
2848.0,40.0,20.0,2.0,100.0,9.26
2849.0,49.0,20.0,2.0,100.0,20.41
2850.0,0.0,20.0,2.0,100.0,15.3
2851.0,0.5,20.0,2.0,100.0,16.81
2852.0,1.0,20.0,2.0,100.0,20.62
2853.0,2.0,20.0,2.0,100.0,18.28
2854.0,3.0,20.0,2.0,100.0,20.84
2855.0,5.0,20.0,2.0,100.0,10.13
2856.0,10.0,20.0,2.0,100.0,25.31
2857.0,20.0,20.0,2.0,100.0,20.3
2858.0,40.0,20.0,2.0,100.0,22.52
2859.0,49.0,20.0,2.0,100.0,21.06
2860.0,0.0,20.0,2.0,100.0,23.27
2861.0,0.5,20.0,2.0,100.0,11.18
2862.0,1.0,20.0,2.0,100.0,27.47
2863.0,2.0,20.0,2.0,100.0,16.9
2864.0,3.0,20.0,2.0,100.0,12.47
2865.0,5.0,20.0,2.0,100.0,22.98
2866.0,10.0,20.0,2.0,100.0,11.54
2867.0,20.0,20.0,2.0,100.0,17.23
2868.0,40.0,20.0,2.0,100.0,12.83
2869.0,49.0,20.0,2.0,100.0,13.52
2870.0,0.0,20.0,2.0,100.0,21.48
2871.0,0.5,20.0,2.0,100.0,21.18
2872.0,1.0,20.0,2.0,100.0,15.12
2873.0,2.0,20.0,2.0,100.0,18.65
2874.0,3.0,20.0,2.0,100.0,14.58
2875.0,5.0,20.0,2.0,100.0,15.68
2876.0,10.0,20.0,2.0,100.0,19.94
2877.0,20.0,20.0,2.0,100.0,15.37
2878.0,40.0,20.0,2.0,100.0,14.33
2879.0,49.0,20.0,2.0,100.0,8.28
2880.0,0.0,20.0,2.0,100.0,18.07
2881.0,0.5,20.0,2.0,100.0,21.57
2882.0,1.0,20.0,2.0,100.0,9.41
2883.0,2.0,20.0,2.0,100.0,14.69
2884.0,3.0,20.0,2.0,100.0,10.3
2885.0,5.0,20.0,2.0,100.0,14.41
2886.0,10.0,20.0,2.0,100.0,15.37
2887.0,20.0,20.0,2.0,100.0,19.9
2888.0,40.0,20.0,2.0,100.0,17.99
2889.0,49.0,20.0,2.0,100.0,23.08
2890.0,0.0,20.0,2.0,100.0,21.47
2891.0,0.5,20.0,2.0,100.0,25.76
2892.0,1.0,20.0,2.0,100.0,14.88
2893.0,2.0,20.0,2.0,100.0,13.09
2894.0,3.0,20.0,2.0,100.0,22.25
2895.0,5.0,20.0,2.0,100.0,23.24
2896.0,10.0,20.0,2.0,100.0,20.14
2897.0,20.0,20.0,2.0,100.0,24.29
2898.0,40.0,20.0,2.0,100.0,21.94
2899.0,49.0,20.0,2.0,100.0,22.3
2900.0,0.0,20.0,2.0,100.0,23.85
2901.0,0.5,20.0,2.0,100.0,24.13
2902.0,1.0,20.0,2.0,100.0,22.88
2903.0,2.0,20.0,2.0,100.0,15.29
2904.0,3.0,20.0,2.0,100.0,25.63
2905.0,5.0,20.0,2.0,100.0,16.35
2906.0,10.0,20.0,2.0,100.0,12.08
2907.0,20.0,20.0,2.0,100.0,21.6
2908.0,40.0,20.0,2.0,100.0,14.28
2909.0,49.0,20.0,2.0,100.0,14.47
2910.0,0.0,20.0,2.0,100.0,17.75
2911.0,0.5,20.0,2.0,100.0,23.2
2912.0,1.0,20.0,2.0,100.0,20.37
2913.0,2.0,20.0,2.0,100.0,22.71
2914.0,3.0,20.0,2.0,100.0,25.21
2915.0,5.0,20.0,2.0,100.0,12.65
2916.0,10.0,20.0,2.0,100.0,11.49
2917.0,20.0,20.0,2.0,100.0,22.91
2918.0,40.0,20.0,2.0,100.0,18.75
2919.0,49.0,20.0,2.0,100.0,19.1
2920.0,0.0,20.0,2.0,100.0,12.94
2921.0,0.5,20.0,2.0,100.0,18.85
2922.0,1.0,20.0,2.0,100.0,16.03
2923.0,2.0,20.0,2.0,100.0,19.12
2924.0,3.0,20.0,2.0,100.0,10.93
2925.0,5.0,20.0,2.0,100.0,16.93
2926.0,10.0,20.0,2.0,100.0,19.2
2927.0,20.0,20.0,2.0,100.0,28.26
2928.0,40.0,20.0,2.0,100.0,10.68
2929.0,49.0,20.0,2.0,100.0,12.42
2930.0,0.0,20.0,2.0,100.0,24.35
2931.0,0.5,20.0,2.0,100.0,8.6
2932.0,1.0,20.0,2.0,100.0,10.92
2933.0,2.0,20.0,2.0,100.0,22.86
2934.0,3.0,20.0,2.0,100.0,24.55
2935.0,5.0,20.0,2.0,100.0,24.51
2936.0,10.0,20.0,2.0,100.0,20.04
2937.0,20.0,20.0,2.0,100.0,20.14
2938.0,40.0,20.0,2.0,100.0,10.64
2939.0,49.0,20.0,2.0,100.0,22.6
2940.0,0.0,20.0,2.0,100.0,19.98
2941.0,0.5,20.0,2.0,100.0,16.48
2942.0,1.0,20.0,2.0,100.0,19.0
2943.0,2.0,20.0,2.0,100.0,24.35
2944.0,3.0,20.0,2.0,100.0,15.51
2945.0,5.0,20.0,2.0,100.0,17.83
2946.0,10.0,20.0,2.0,100.0,21.63
2947.0,20.0,20.0,2.0,100.0,19.76
2948.0,40.0,20.0,2.0,100.0,14.75
2949.0,49.0,20.0,2.0,100.0,24.31
2950.0,0.0,20.0,2.0,100.0,13.62
2951.0,0.5,20.0,2.0,100.0,15.67
2952.0,1.0,20.0,2.0,100.0,15.28
2953.0,2.0,20.0,2.0,100.0,16.72
2954.0,3.0,20.0,2.0,100.0,22.38
2955.0,5.0,20.0,2.0,100.0,13.37
2956.0,10.0,20.0,2.0,100.0,14.3
2957.0,20.0,20.0,2.0,100.0,15.83
2958.0,40.0,20.0,2.0,100.0,18.16
2959.0,49.0,20.0,2.0,100.0,9.59
2960.0,0.0,20.0,2.0,100.0,17.2
2961.0,0.5,20.0,2.0,100.0,21.58
2962.0,1.0,20.0,2.0,100.0,23.64
2963.0,2.0,20.0,2.0,100.0,12.46
2964.0,3.0,20.0,2.0,100.0,19.4
2965.0,5.0,20.0,2.0,100.0,17.46
2966.0,10.0,20.0,2.0,100.0,20.48
2967.0,20.0,20.0,2.0,100.0,18.1
2968.0,40.0,20.0,2.0,100.0,19.27
2969.0,49.0,20.0,2.0,100.0,14.15
2970.0,0.0,20.0,2.0,100.0,24.13
2971.0,0.5,20.0,2.0,100.0,22.94
2972.0,1.0,20.0,2.0,100.0,19.54
2973.0,2.0,20.0,2.0,100.0,12.9
2974.0,3.0,20.0,2.0,100.0,25.42
2975.0,5.0,20.0,2.0,100.0,14.56
2976.0,10.0,20.0,2.0,100.0,13.83
2977.0,20.0,20.0,2.0,100.0,13.14
2978.0,40.0,20.0,2.0,100.0,14.84
2979.0,49.0,20.0,2.0,100.0,17.35
2980.0,0.0,20.0,2.0,100.0,20.41
2981.0,0.5,20.0,2.0,100.0,22.72
2982.0,1.0,20.0,2.0,100.0,23.51
2983.0,2.0,20.0,2.0,100.0,9.73
2984.0,3.0,20.0,2.0,100.0,14.64
2985.0,5.0,20.0,2.0,100.0,25.56
2986.0,10.0,20.0,2.0,100.0,10.72
2987.0,20.0,20.0,2.0,100.0,22.35
2988.0,40.0,20.0,2.0,100.0,19.81
2989.0,49.0,20.0,2.0,100.0,14.77
2990.0,0.0,20.0,2.0,100.0,20.72
2991.0,0.5,20.0,2.0,100.0,20.99
2992.0,1.0,20.0,2.0,100.0,12.91
2993.0,2.0,20.0,2.0,100.0,20.69
2994.0,3.0,20.0,2.0,100.0,20.17
2995.0,5.0,20.0,2.0,100.0,22.27
2996.0,10.0,20.0,2.0,100.0,13.5
2997.0,20.0,20.0,2.0,100.0,19.14
2998.0,40.0,20.0,2.0,100.0,12.48
2999.0,49.0,20.0,2.0,100.0,14.21
3000.0,0.0,20.0,2.0,100.0,12.4
3001.0,0.5,20.0,2.0,100.0,19.69
3002.0,1.0,20.0,2.0,100.0,20.34
3003.0,2.0,20.0,2.0,100.0,21.92
3004.0,3.0,20.0,2.0,100.0,12.4
3005.0,5.0,20.0,2.0,100.0,9.44
3006.0,10.0,20.0,2.0,100.0,11.8
3007.0,20.0,20.0,2.0,100.0,15.91
3008.0,40.0,20.0,2.0,100.0,18.9
3009.0,49.0,20.0,2.0,100.0,9.71
3010.0,0.0,20.0,2.0,100.0,19.92
3011.0,0.5,20.0,2.0,100.0,9.17
3012.0,1.0,20.0,2.0,100.0,18.74
3013.0,2.0,20.0,2.0,100.0,13.36
3014.0,3.0,20.0,2.0,100.0,14.47
3015.0,5.0,20.0,2.0,100.0,18.82
3016.0,10.0,20.0,2.0,100.0,21.45
3017.0,20.0,20.0,2.0,100.0,16.55
3018.0,40.0,20.0,2.0,100.0,21.96
3019.0,49.0,20.0,2.0,100.0,18.35
3020.0,0.0,20.0,2.0,100.0,15.35
3021.0,0.5,20.0,2.0,100.0,21.86
3022.0,1.0,20.0,2.0,100.0,20.82
3023.0,2.0,20.0,2.0,100.0,20.83
3024.0,3.0,20.0,2.0,100.0,19.75
3025.0,5.0,20.0,2.0,100.0,13.07
3026.0,10.0,20.0,2.0,100.0,16.24
3027.0,20.0,20.0,2.0,100.0,18.72
3028.0,40.0,20.0,2.0,100.0,19.06
3029.0,49.0,20.0,2.0,100.0,19.55
3030.0,0.0,20.0,2.0,100.0,25.25
3031.0,0.5,20.0,2.0,100.0,15.91
3032.0,1.0,20.0,2.0,100.0,22.95
3033.0,2.0,20.0,2.0,100.0,22.02
3034.0,3.0,20.0,2.0,100.0,25.86
3035.0,5.0,20.0,2.0,100.0,24.51
3036.0,10.0,20.0,2.0,100.0,24.53
3037.0,20.0,20.0,2.0,100.0,23.89
3038.0,40.0,20.0,2.0,100.0,21.89
3039.0,49.0,20.0,2.0,100.0,21.81
3040.0,0.0,20.0,2.0,100.0,21.69
3041.0,0.5,20.0,2.0,100.0,9.85
3042.0,1.0,20.0,2.0,100.0,13.5
3043.0,2.0,20.0,2.0,100.0,27.48
3044.0,3.0,20.0,2.0,100.0,21.27
3045.0,5.0,20.0,2.0,100.0,21.27
3046.0,10.0,20.0,2.0,100.0,11.56
3047.0,20.0,20.0,2.0,100.0,23.75
3048.0,40.0,20.0,2.0,100.0,23.19
3049.0,49.0,20.0,2.0,100.0,21.56
3050.0,0.0,20.0,2.0,100.0,15.39
3051.0,0.5,20.0,2.0,100.0,14.58
3052.0,1.0,20.0,2.0,100.0,13.37
3053.0,2.0,20.0,2.0,100.0,20.74
3054.0,3.0,20.0,2.0,100.0,25.68
3055.0,5.0,20.0,2.0,100.0,12.33
3056.0,10.0,20.0,2.0,100.0,20.41
3057.0,20.0,20.0,2.0,100.0,26.03
3058.0,40.0,20.0,2.0,100.0,11.65
3059.0,49.0,20.0,2.0,100.0,14.53
3060.0,0.0,20.0,2.0,100.0,17.9
3061.0,0.5,20.0,2.0,100.0,25.61
3062.0,1.0,20.0,2.0,100.0,24.41
3063.0,2.0,20.0,2.0,100.0,22.53
3064.0,3.0,20.0,2.0,100.0,17.98
3065.0,5.0,20.0,2.0,100.0,14.3
3066.0,10.0,20.0,2.0,100.0,26.87
3067.0,20.0,20.0,2.0,100.0,20.99
3068.0,40.0,20.0,2.0,100.0,12.98
3069.0,49.0,20.0,2.0,100.0,17.15
3070.0,0.0,20.0,2.0,100.0,22.2
3071.0,0.5,20.0,2.0,100.0,8.04
3072.0,1.0,20.0,2.0,100.0,20.8
3073.0,2.0,20.0,2.0,100.0,13.72
3074.0,3.0,20.0,2.0,100.0,23.01
3075.0,5.0,20.0,2.0,100.0,21.27
3076.0,10.0,20.0,2.0,100.0,27.96
3077.0,20.0,20.0,2.0,100.0,21.44
3078.0,40.0,20.0,2.0,100.0,24.36
3079.0,49.0,20.0,2.0,100.0,10.5
3080.0,0.0,20.0,2.0,100.0,16.15
3081.0,0.5,20.0,2.0,100.0,26.81
3082.0,1.0,20.0,2.0,100.0,21.81
3083.0,2.0,20.0,2.0,100.0,21.19
3084.0,3.0,20.0,2.0,100.0,20.81
3085.0,5.0,20.0,2.0,100.0,15.45
3086.0,10.0,20.0,2.0,100.0,20.96
3087.0,20.0,20.0,2.0,100.0,10.33
3088.0,40.0,20.0,2.0,100.0,25.31
3089.0,49.0,20.0,2.0,100.0,17.29
3090.0,0.0,20.0,2.0,100.0,16.13
3091.0,0.5,20.0,2.0,100.0,19.19
3092.0,1.0,20.0,2.0,100.0,18.31
3093.0,2.0,20.0,2.0,100.0,14.08
3094.0,3.0,20.0,2.0,100.0,17.19
3095.0,5.0,20.0,2.0,100.0,10.88
3096.0,10.0,20.0,2.0,100.0,9.8
3097.0,20.0,20.0,2.0,100.0,21.87
3098.0,40.0,20.0,2.0,100.0,26.47
3099.0,49.0,20.0,2.0,100.0,17.85
3100.0,0.0,20.0,2.0,100.0,16.1
3101.0,0.5,20.0,2.0,100.0,9.55
3102.0,1.0,20.0,2.0,100.0,20.08
3103.0,2.0,20.0,2.0,100.0,14.89
3104.0,3.0,20.0,2.0,100.0,21.82
3105.0,5.0,20.0,2.0,100.0,10.28
3106.0,10.0,20.0,2.0,100.0,19.43
3107.0,20.0,20.0,2.0,100.0,21.9
3108.0,40.0,20.0,2.0,100.0,17.77
3109.0,49.0,20.0,2.0,100.0,21.05
3110.0,0.0,20.0,2.0,100.0,21.4
3111.0,0.5,20.0,2.0,100.0,11.87
3112.0,1.0,20.0,2.0,100.0,18.12
3113.0,2.0,20.0,2.0,100.0,17.48
3114.0,3.0,20.0,2.0,100.0,11.45
3115.0,5.0,20.0,2.0,100.0,10.9
3116.0,10.0,20.0,2.0,100.0,28.08
3117.0,20.0,20.0,2.0,100.0,10.78
3118.0,40.0,20.0,2.0,100.0,23.8
3119.0,49.0,20.0,2.0,100.0,12.51
3120.0,0.0,20.0,2.0,100.0,10.75
3121.0,0.5,20.0,2.0,100.0,16.87
3122.0,1.0,20.0,2.0,100.0,17.37
3123.0,2.0,20.0,2.0,100.0,18.77
3124.0,3.0,20.0,2.0,100.0,16.29
3125.0,5.0,20.0,2.0,100.0,13.05
3126.0,10.0,20.0,2.0,100.0,11.69
3127.0,20.0,20.0,2.0,100.0,9.01
3128.0,40.0,20.0,2.0,100.0,9.58
3129.0,49.0,20.0,2.0,100.0,23.78
3130.0,0.0,20.0,2.0,100.0,17.08
3131.0,0.5,20.0,2.0,100.0,19.4
3132.0,1.0,20.0,2.0,100.0,20.31
3133.0,2.0,20.0,2.0,100.0,23.35
3134.0,3.0,20.0,2.0,100.0,13.33
3135.0,5.0,20.0,2.0,100.0,11.87
3136.0,10.0,20.0,2.0,100.0,18.63
3137.0,20.0,20.0,2.0,100.0,13.05
3138.0,40.0,20.0,2.0,100.0,17.87
3139.0,49.0,20.0,2.0,100.0,9.5
3140.0,0.0,20.0,2.0,100.0,19.69
3141.0,0.5,20.0,2.0,100.0,24.25
3142.0,1.0,20.0,2.0,100.0,20.32
3143.0,2.0,20.0,2.0,100.0,13.88
3144.0,3.0,20.0,2.0,100.0,24.66
3145.0,5.0,20.0,2.0,100.0,23.4
3146.0,10.0,20.0,2.0,100.0,17.31
3147.0,20.0,20.0,2.0,100.0,14.14
3148.0,40.0,20.0,2.0,100.0,19.45
3149.0,49.0,20.0,2.0,100.0,25.12
3150.0,0.0,20.0,2.0,100.0,17.38
3151.0,0.5,20.0,2.0,100.0,19.37
3152.0,1.0,20.0,2.0,100.0,22.93
3153.0,2.0,20.0,2.0,100.0,23.04
3154.0,3.0,20.0,2.0,100.0,16.65
3155.0,5.0,20.0,2.0,100.0,17.77
3156.0,10.0,20.0,2.0,100.0,17.3
3157.0,20.0,20.0,2.0,100.0,21.17
3158.0,40.0,20.0,2.0,100.0,21.78
3159.0,49.0,20.0,2.0,100.0,9.02
3160.0,0.0,20.0,2.0,100.0,16.22
3161.0,0.5,20.0,2.0,100.0,19.34
3162.0,1.0,20.0,2.0,100.0,22.86
3163.0,2.0,20.0,2.0,100.0,14.51
3164.0,3.0,20.0,2.0,100.0,14.71
3165.0,5.0,20.0,2.0,100.0,11.97
3166.0,10.0,20.0,2.0,100.0,16.85
3167.0,20.0,20.0,2.0,100.0,11.61
3168.0,40.0,20.0,2.0,100.0,15.44
3169.0,49.0,20.0,2.0,100.0,18.97
3170.0,0.0,20.0,2.0,100.0,10.86
3171.0,0.5,20.0,2.0,100.0,14.1
3172.0,1.0,20.0,2.0,100.0,14.59
3173.0,2.0,20.0,2.0,100.0,14.73
3174.0,3.0,20.0,2.0,100.0,11.66
3175.0,5.0,20.0,2.0,100.0,16.29
3176.0,10.0,20.0,2.0,100.0,26.53
3177.0,20.0,20.0,2.0,100.0,17.94
3178.0,40.0,20.0,2.0,100.0,25.97
3179.0,49.0,20.0,2.0,100.0,22.15
3180.0,0.0,20.0,2.0,100.0,22.65
3181.0,0.5,20.0,2.0,100.0,20.69
3182.0,1.0,20.0,2.0,100.0,19.36
3183.0,2.0,20.0,2.0,100.0,15.36
3184.0,3.0,20.0,2.0,100.0,25.55
3185.0,5.0,20.0,2.0,100.0,12.62
3186.0,10.0,20.0,2.0,100.0,20.65
3187.0,20.0,20.0,2.0,100.0,8.98
3188.0,40.0,20.0,2.0,100.0,23.97
3189.0,49.0,20.0,2.0,100.0,20.29
3190.0,0.0,20.0,2.0,100.0,20.55
3191.0,0.5,20.0,2.0,100.0,23.49
3192.0,1.0,20.0,2.0,100.0,20.56
3193.0,2.0,20.0,2.0,100.0,15.18
3194.0,3.0,20.0,2.0,100.0,18.48
3195.0,5.0,20.0,2.0,100.0,14.72
3196.0,10.0,20.0,2.0,100.0,15.94
3197.0,20.0,20.0,2.0,100.0,15.67
3198.0,40.0,20.0,2.0,100.0,21.53
3199.0,49.0,20.0,2.0,100.0,11.19
3200.0,0.0,20.0,2.0,100.0,21.6
3201.0,0.5,20.0,2.0,100.0,12.73
3202.0,1.0,20.0,2.0,100.0,15.68
3203.0,2.0,20.0,2.0,100.0,19.34
3204.0,3.0,20.0,2.0,100.0,10.31
3205.0,5.0,20.0,2.0,100.0,11.72
3206.0,10.0,20.0,2.0,100.0,28.24
3207.0,20.0,20.0,2.0,100.0,18.23
3208.0,40.0,20.0,2.0,100.0,19.87
3209.0,49.0,20.0,2.0,100.0,14.79
3210.0,0.0,20.0,2.0,100.0,22.78
3211.0,0.5,20.0,2.0,100.0,11.4
3212.0,1.0,20.0,2.0,100.0,26.55
3213.0,2.0,20.0,2.0,100.0,19.66
3214.0,3.0,20.0,2.0,100.0,19.27
3215.0,5.0,20.0,2.0,100.0,20.44
3216.0,10.0,20.0,2.0,100.0,24.15
3217.0,20.0,20.0,2.0,100.0,20.93
3218.0,40.0,20.0,2.0,100.0,21.62
3219.0,49.0,20.0,2.0,100.0,19.9
3220.0,0.0,20.0,2.0,100.0,22.79
3221.0,0.5,20.0,2.0,100.0,18.02
3222.0,1.0,20.0,2.0,100.0,25.15
3223.0,2.0,20.0,2.0,100.0,19.68
3224.0,3.0,20.0,2.0,100.0,25.05
3225.0,5.0,20.0,2.0,100.0,10.38
3226.0,10.0,20.0,2.0,100.0,11.0
3227.0,20.0,20.0,2.0,100.0,20.15
3228.0,40.0,20.0,2.0,100.0,20.85
3229.0,49.0,20.0,2.0,100.0,9.52
3230.0,0.0,20.0,2.0,100.0,22.6
3231.0,0.5,20.0,2.0,100.0,19.73
3232.0,1.0,20.0,2.0,100.0,24.0
3233.0,2.0,20.0,2.0,100.0,20.93
3234.0,3.0,20.0,2.0,100.0,16.84
3235.0,5.0,20.0,2.0,100.0,20.7
3236.0,10.0,20.0,2.0,100.0,11.68
3237.0,20.0,20.0,2.0,100.0,18.1
3238.0,40.0,20.0,2.0,100.0,21.9
3239.0,49.0,20.0,2.0,100.0,11.08
3240.0,0.0,20.0,2.0,100.0,12.83
3241.0,0.5,20.0,2.0,100.0,19.41
3242.0,1.0,20.0,2.0,100.0,9.28
3243.0,2.0,20.0,2.0,100.0,23.01
3244.0,3.0,20.0,2.0,100.0,22.14
3245.0,5.0,20.0,2.0,100.0,17.5
3246.0,10.0,20.0,2.0,100.0,22.93
3247.0,20.0,20.0,2.0,100.0,23.55
3248.0,40.0,20.0,2.0,100.0,20.01
3249.0,49.0,20.0,2.0,100.0,16.82
3250.0,0.0,20.0,2.0,100.0,22.27
3251.0,0.5,20.0,2.0,100.0,20.1
3252.0,1.0,20.0,2.0,100.0,23.73
3253.0,2.0,20.0,2.0,100.0,21.0
3254.0,3.0,20.0,2.0,100.0,17.18
3255.0,5.0,20.0,2.0,100.0,26.16
3256.0,10.0,20.0,2.0,100.0,21.52
3257.0,20.0,20.0,2.0,100.0,14.65
3258.0,40.0,20.0,2.0,100.0,22.32
3259.0,49.0,20.0,2.0,100.0,11.51
3260.0,0.0,20.0,2.0,100.0,15.01
3261.0,0.5,20.0,2.0,100.0,24.13
3262.0,1.0,20.0,2.0,100.0,20.87
3263.0,2.0,20.0,2.0,100.0,17.12
3264.0,3.0,20.0,2.0,100.0,19.71
3265.0,5.0,20.0,2.0,100.0,14.38
3266.0,10.0,20.0,2.0,100.0,21.77
3267.0,20.0,20.0,2.0,100.0,14.65
3268.0,40.0,20.0,2.0,100.0,18.93
3269.0,49.0,20.0,2.0,100.0,11.33
3270.0,0.0,20.0,2.0,100.0,23.99
3271.0,0.5,20.0,2.0,100.0,9.95
3272.0,1.0,20.0,2.0,100.0,10.4
3273.0,2.0,20.0,2.0,100.0,17.66
3274.0,3.0,20.0,2.0,100.0,22.35
3275.0,5.0,20.0,2.0,100.0,22.73
3276.0,10.0,20.0,2.0,100.0,18.56
3277.0,20.0,20.0,2.0,100.0,12.48
3278.0,40.0,20.0,2.0,100.0,18.31
3279.0,49.0,20.0,2.0,100.0,17.16
3280.0,0.0,20.0,2.0,100.0,16.56
3281.0,0.5,20.0,2.0,100.0,19.48
3282.0,1.0,20.0,2.0,100.0,16.23
3283.0,2.0,20.0,2.0,100.0,13.63
3284.0,3.0,20.0,2.0,100.0,19.25
3285.0,5.0,20.0,2.0,100.0,15.55
3286.0,10.0,20.0,2.0,100.0,18.68
3287.0,20.0,20.0,2.0,100.0,23.66
3288.0,40.0,20.0,2.0,100.0,27.63
3289.0,49.0,20.0,2.0,100.0,10.84
3290.0,0.0,20.0,2.0,100.0,21.5
3291.0,0.5,20.0,2.0,100.0,12.84
3292.0,1.0,20.0,2.0,100.0,22.81
3293.0,2.0,20.0,2.0,100.0,14.79
3294.0,3.0,20.0,2.0,100.0,20.58
3295.0,5.0,20.0,2.0,100.0,23.51
3296.0,10.0,20.0,2.0,100.0,13.95
3297.0,20.0,20.0,2.0,100.0,18.49
3298.0,40.0,20.0,2.0,100.0,13.8
3299.0,49.0,20.0,2.0,100.0,16.19
3300.0,0.0,20.0,2.0,100.0,23.88
3301.0,0.5,20.0,2.0,100.0,10.24
3302.0,1.0,20.0,2.0,100.0,19.12
3303.0,2.0,20.0,2.0,100.0,27.88
3304.0,3.0,20.0,2.0,100.0,19.49
3305.0,5.0,20.0,2.0,100.0,19.86
3306.0,10.0,20.0,2.0,100.0,14.54
3307.0,20.0,20.0,2.0,100.0,11.23
3308.0,40.0,20.0,2.0,100.0,23.62
3309.0,49.0,20.0,2.0,100.0,21.32
3310.0,0.0,20.0,2.0,100.0,12.49
3311.0,0.5,20.0,2.0,100.0,23.88
3312.0,1.0,20.0,2.0,100.0,25.27
3313.0,2.0,20.0,2.0,100.0,22.57
3314.0,3.0,20.0,2.0,100.0,21.28
3315.0,5.0,20.0,2.0,100.0,17.13
3316.0,10.0,20.0,2.0,100.0,24.33
3317.0,20.0,20.0,2.0,100.0,13.35
3318.0,40.0,20.0,2.0,100.0,16.19
3319.0,49.0,20.0,2.0,100.0,17.67
3320.0,0.0,20.0,2.0,100.0,17.22
3321.0,0.5,20.0,2.0,100.0,22.94
3322.0,1.0,20.0,2.0,100.0,17.69
3323.0,2.0,20.0,2.0,100.0,15.59
3324.0,3.0,20.0,2.0,100.0,16.12
3325.0,5.0,20.0,2.0,100.0,19.14
3326.0,10.0,20.0,2.0,100.0,17.06
3327.0,20.0,20.0,2.0,100.0,22.83
3328.0,40.0,20.0,2.0,100.0,17.13
3329.0,49.0,20.0,2.0,100.0,19.39
3330.0,0.0,20.0,2.0,100.0,18.76
3331.0,0.5,20.0,2.0,100.0,22.87
3332.0,1.0,20.0,2.0,100.0,22.1
3333.0,2.0,20.0,2.0,100.0,26.77
3334.0,3.0,20.0,2.0,100.0,14.93
3335.0,5.0,20.0,2.0,100.0,12.3
3336.0,10.0,20.0,2.0,100.0,20.68
3337.0,20.0,20.0,2.0,100.0,16.54
3338.0,40.0,20.0,2.0,100.0,9.65
3339.0,49.0,20.0,2.0,100.0,17.52
3340.0,0.0,20.0,2.0,100.0,19.18
3341.0,0.5,20.0,2.0,100.0,18.15
3342.0,1.0,20.0,2.0,100.0,14.81
3343.0,2.0,20.0,2.0,100.0,22.87
3344.0,3.0,20.0,2.0,100.0,18.13
3345.0,5.0,20.0,2.0,100.0,18.95
3346.0,10.0,20.0,2.0,100.0,22.58
3347.0,20.0,20.0,2.0,100.0,14.22
3348.0,40.0,20.0,2.0,100.0,15.46
3349.0,49.0,20.0,2.0,100.0,22.73
3350.0,0.0,20.0,2.0,100.0,11.91
3351.0,0.5,20.0,2.0,100.0,13.36
3352.0,1.0,20.0,2.0,100.0,21.2
3353.0,2.0,20.0,2.0,100.0,14.67
3354.0,3.0,20.0,2.0,100.0,13.58
3355.0,5.0,20.0,2.0,100.0,20.02
3356.0,10.0,20.0,2.0,100.0,12.19
3357.0,20.0,20.0,2.0,100.0,20.99
3358.0,40.0,20.0,2.0,100.0,15.55
3359.0,49.0,20.0,2.0,100.0,23.71
3360.0,0.0,20.0,2.0,100.0,22.93
3361.0,0.5,20.0,2.0,100.0,20.46
3362.0,1.0,20.0,2.0,100.0,19.44
3363.0,2.0,20.0,2.0,100.0,9.9
3364.0,3.0,20.0,2.0,100.0,19.95
3365.0,5.0,20.0,2.0,100.0,9.6
3366.0,10.0,20.0,2.0,100.0,8.9
3367.0,20.0,20.0,2.0,100.0,22.44
3368.0,40.0,20.0,2.0,100.0,23.62
3369.0,49.0,20.0,2.0,100.0,15.05
3370.0,0.0,20.0,2.0,100.0,12.76
3371.0,0.5,20.0,2.0,100.0,16.14
3372.0,1.0,20.0,2.0,100.0,20.27
3373.0,2.0,20.0,2.0,100.0,29.15
3374.0,3.0,20.0,2.0,100.0,21.95
3375.0,5.0,20.0,2.0,100.0,15.65
3376.0,10.0,20.0,2.0,100.0,12.59
3377.0,20.0,20.0,2.0,100.0,9.09
3378.0,40.0,20.0,2.0,100.0,18.08
3379.0,49.0,20.0,2.0,100.0,21.31
3380.0,0.0,20.0,2.0,100.0,18.47
3381.0,0.5,20.0,2.0,100.0,11.78
3382.0,1.0,20.0,2.0,100.0,18.77
3383.0,2.0,20.0,2.0,100.0,18.77
3384.0,3.0,20.0,2.0,100.0,20.1
3385.0,5.0,20.0,2.0,100.0,23.25
3386.0,10.0,20.0,2.0,100.0,23.83
3387.0,20.0,20.0,2.0,100.0,24.84
3388.0,40.0,20.0,2.0,100.0,10.11
3389.0,49.0,20.0,2.0,100.0,22.03
3390.0,0.0,20.0,2.0,100.0,21.89
3391.0,0.5,20.0,2.0,100.0,17.03
3392.0,1.0,20.0,2.0,100.0,25.93
3393.0,2.0,20.0,2.0,100.0,19.3
3394.0,3.0,20.0,2.0,100.0,22.1
3395.0,5.0,20.0,2.0,100.0,17.89
3396.0,10.0,20.0,2.0,100.0,14.99
3397.0,20.0,20.0,2.0,100.0,15.41
3398.0,40.0,20.0,2.0,100.0,24.7
3399.0,49.0,20.0,2.0,100.0,21.34
3400.0,0.0,20.0,2.0,100.0,14.28
3401.0,0.5,20.0,2.0,100.0,19.13
3402.0,1.0,20.0,2.0,100.0,19.48
3403.0,2.0,20.0,2.0,100.0,15.95
3404.0,3.0,20.0,2.0,100.0,19.43
3405.0,5.0,20.0,2.0,100.0,10.18
3406.0,10.0,20.0,2.0,100.0,20.35
3407.0,20.0,20.0,2.0,100.0,22.73
3408.0,40.0,20.0,2.0,100.0,14.05
3409.0,49.0,20.0,2.0,100.0,22.24
3410.0,0.0,20.0,2.0,100.0,25.25
3411.0,0.5,20.0,2.0,100.0,16.43
3412.0,1.0,20.0,2.0,100.0,12.04
3413.0,2.0,20.0,2.0,100.0,18.51
3414.0,3.0,20.0,2.0,100.0,14.21
3415.0,5.0,20.0,2.0,100.0,13.37
3416.0,10.0,20.0,2.0,100.0,8.59
3417.0,20.0,20.0,2.0,100.0,22.92
3418.0,40.0,20.0,2.0,100.0,24.36
3419.0,49.0,20.0,2.0,100.0,22.09
3420.0,0.0,20.0,2.0,100.0,17.65
3421.0,0.5,20.0,2.0,100.0,19.72
3422.0,1.0,20.0,2.0,100.0,25.56
3423.0,2.0,20.0,2.0,100.0,25.59
3424.0,3.0,20.0,2.0,100.0,20.97
3425.0,5.0,20.0,2.0,100.0,14.28
3426.0,10.0,20.0,2.0,100.0,24.34
3427.0,20.0,20.0,2.0,100.0,24.6
3428.0,40.0,20.0,2.0,100.0,13.54
3429.0,49.0,20.0,2.0,100.0,19.68
3430.0,0.0,20.0,2.0,100.0,17.79
3431.0,0.5,20.0,2.0,100.0,21.79
3432.0,1.0,20.0,2.0,100.0,22.1
3433.0,2.0,20.0,2.0,100.0,13.85
3434.0,3.0,20.0,2.0,100.0,20.93
3435.0,5.0,20.0,2.0,100.0,23.77
3436.0,10.0,20.0,2.0,100.0,22.28
3437.0,20.0,20.0,2.0,100.0,25.24
3438.0,40.0,20.0,2.0,100.0,13.73
3439.0,49.0,20.0,2.0,100.0,12.66
3440.0,0.0,20.0,2.0,100.0,19.02
3441.0,0.5,20.0,2.0,100.0,23.57
3442.0,1.0,20.0,2.0,100.0,15.41
3443.0,2.0,20.0,2.0,100.0,18.5
3444.0,3.0,20.0,2.0,100.0,23.44
3445.0,5.0,20.0,2.0,100.0,17.2
3446.0,10.0,20.0,2.0,100.0,22.39
3447.0,20.0,20.0,2.0,100.0,21.9
3448.0,40.0,20.0,2.0,100.0,7.71
3449.0,49.0,20.0,2.0,100.0,20.84
3450.0,0.0,20.0,2.0,100.0,11.98
3451.0,0.5,20.0,2.0,100.0,11.81
3452.0,1.0,20.0,2.0,100.0,19.89
3453.0,2.0,20.0,2.0,100.0,15.46
3454.0,3.0,20.0,2.0,100.0,8.18
3455.0,5.0,20.0,2.0,100.0,21.37
3456.0,10.0,20.0,2.0,100.0,20.1
3457.0,20.0,20.0,2.0,100.0,18.8
3458.0,40.0,20.0,2.0,100.0,23.38
3459.0,49.0,20.0,2.0,100.0,8.57
3460.0,0.0,20.0,2.0,100.0,18.95
3461.0,0.5,20.0,2.0,100.0,14.24
3462.0,1.0,20.0,2.0,100.0,15.32
3463.0,2.0,20.0,2.0,100.0,17.71
3464.0,3.0,20.0,2.0,100.0,15.45
3465.0,5.0,20.0,2.0,100.0,18.94
3466.0,10.0,20.0,2.0,100.0,22.3
3467.0,20.0,20.0,2.0,100.0,12.46
3468.0,40.0,20.0,2.0,100.0,18.79
3469.0,49.0,20.0,2.0,100.0,18.7
3470.0,0.0,20.0,2.0,100.0,12.95
3471.0,0.5,20.0,2.0,100.0,18.57
3472.0,1.0,20.0,2.0,100.0,13.88
3473.0,2.0,20.0,2.0,100.0,21.53
3474.0,3.0,20.0,2.0,100.0,15.58
3475.0,5.0,20.0,2.0,100.0,26.58
3476.0,10.0,20.0,2.0,100.0,23.2
3477.0,20.0,20.0,2.0,100.0,13.48
3478.0,40.0,20.0,2.0,100.0,19.01
3479.0,49.0,20.0,2.0,100.0,16.57
3480.0,0.0,20.0,2.0,100.0,16.7
3481.0,0.5,20.0,2.0,100.0,16.16
3482.0,1.0,20.0,2.0,100.0,11.84
3483.0,2.0,20.0,2.0,100.0,14.32
3484.0,3.0,20.0,2.0,100.0,14.72
3485.0,5.0,20.0,2.0,100.0,21.09
3486.0,10.0,20.0,2.0,100.0,19.37
3487.0,20.0,20.0,2.0,100.0,11.82
3488.0,40.0,20.0,2.0,100.0,15.79
3489.0,49.0,20.0,2.0,100.0,10.29
3490.0,0.0,20.0,2.0,100.0,16.02
3491.0,0.5,20.0,2.0,100.0,21.43
3492.0,1.0,20.0,2.0,100.0,16.36
3493.0,2.0,20.0,2.0,100.0,19.2
3494.0,3.0,20.0,2.0,100.0,26.63
3495.0,5.0,20.0,2.0,100.0,11.25
3496.0,10.0,20.0,2.0,100.0,20.75
3497.0,20.0,20.0,2.0,100.0,25.42
3498.0,40.0,20.0,2.0,100.0,20.53
3499.0,49.0,20.0,2.0,100.0,19.73
3500.0,0.0,20.0,2.0,100.0,23.27
3501.0,0.5,20.0,2.0,100.0,20.65
3502.0,1.0,20.0,2.0,100.0,16.01
3503.0,2.0,20.0,2.0,100.0,13.12
3504.0,3.0,20.0,2.0,100.0,15.24
3505.0,5.0,20.0,2.0,100.0,24.25
3506.0,10.0,20.0,2.0,100.0,25.63
3507.0,20.0,20.0,2.0,100.0,21.54
3508.0,40.0,20.0,2.0,100.0,10.95
3509.0,49.0,20.0,2.0,100.0,24.86
3510.0,0.0,20.0,2.0,100.0,13.08
3511.0,0.5,20.0,2.0,100.0,21.92
3512.0,1.0,20.0,2.0,100.0,15.31
3513.0,2.0,20.0,2.0,100.0,21.6
3514.0,3.0,20.0,2.0,100.0,10.4
3515.0,5.0,20.0,2.0,100.0,19.76
3516.0,10.0,20.0,2.0,100.0,16.24
3517.0,20.0,20.0,2.0,100.0,21.69
3518.0,40.0,20.0,2.0,100.0,13.31
3519.0,49.0,20.0,2.0,100.0,21.09
3520.0,0.0,20.0,2.0,100.0,11.96
3521.0,0.5,20.0,2.0,100.0,24.08
3522.0,1.0,20.0,2.0,100.0,25.19
3523.0,2.0,20.0,2.0,100.0,13.62
3524.0,3.0,20.0,2.0,100.0,24.04
3525.0,5.0,20.0,2.0,100.0,22.73
3526.0,10.0,20.0,2.0,100.0,10.59
3527.0,20.0,20.0,2.0,100.0,11.23
3528.0,40.0,20.0,2.0,100.0,25.07
3529.0,49.0,20.0,2.0,100.0,18.38
3530.0,0.0,20.0,2.0,100.0,21.69
3531.0,0.5,20.0,2.0,100.0,26.11
3532.0,1.0,20.0,2.0,100.0,19.77
3533.0,2.0,20.0,2.0,100.0,10.65
3534.0,3.0,20.0,2.0,100.0,18.85
3535.0,5.0,20.0,2.0,100.0,27.63
3536.0,10.0,20.0,2.0,100.0,13.64
3537.0,20.0,20.0,2.0,100.0,25.48
3538.0,40.0,20.0,2.0,100.0,18.42
3539.0,49.0,20.0,2.0,100.0,26.99
3540.0,0.0,20.0,2.0,100.0,18.99
3541.0,0.5,20.0,2.0,100.0,21.99
3542.0,1.0,20.0,2.0,100.0,25.06
3543.0,2.0,20.0,2.0,100.0,24.22
3544.0,3.0,20.0,2.0,100.0,20.1
3545.0,5.0,20.0,2.0,100.0,23.3
3546.0,10.0,20.0,2.0,100.0,24.72
3547.0,20.0,20.0,2.0,100.0,12.26
3548.0,40.0,20.0,2.0,100.0,23.37
3549.0,49.0,20.0,2.0,100.0,19.16
3550.0,0.0,20.0,2.0,100.0,22.41
3551.0,0.5,20.0,2.0,100.0,16.31
3552.0,1.0,20.0,2.0,100.0,15.37
3553.0,2.0,20.0,2.0,100.0,13.26
3554.0,3.0,20.0,2.0,100.0,19.06
3555.0,5.0,20.0,2.0,100.0,8.94
3556.0,10.0,20.0,2.0,100.0,25.05
3557.0,20.0,20.0,2.0,100.0,22.4
3558.0,40.0,20.0,2.0,100.0,24.56
3559.0,49.0,20.0,2.0,100.0,20.44
3560.0,0.0,20.0,2.0,100.0,22.76
3561.0,0.5,20.0,2.0,100.0,26.81
3562.0,1.0,20.0,2.0,100.0,19.08
3563.0,2.0,20.0,2.0,100.0,14.94
3564.0,3.0,20.0,2.0,100.0,19.53
3565.0,5.0,20.0,2.0,100.0,11.85
3566.0,10.0,20.0,2.0,100.0,21.42
3567.0,20.0,20.0,2.0,100.0,21.46
3568.0,40.0,20.0,2.0,100.0,21.19
3569.0,49.0,20.0,2.0,100.0,23.01
3570.0,0.0,20.0,2.0,100.0,10.95
3571.0,0.5,20.0,2.0,100.0,25.1
3572.0,1.0,20.0,2.0,100.0,19.2
3573.0,2.0,20.0,2.0,100.0,17.57
3574.0,3.0,20.0,2.0,100.0,15.25
3575.0,5.0,20.0,2.0,100.0,14.92
3576.0,10.0,20.0,2.0,100.0,15.05
3577.0,20.0,20.0,2.0,100.0,10.6
3578.0,40.0,20.0,2.0,100.0,23.58
3579.0,49.0,20.0,2.0,100.0,12.17
3580.0,0.0,20.0,2.0,100.0,13.4
3581.0,0.5,20.0,2.0,100.0,10.78
3582.0,1.0,20.0,2.0,100.0,20.56
3583.0,2.0,20.0,2.0,100.0,17.92
3584.0,3.0,20.0,2.0,100.0,23.71
3585.0,5.0,20.0,2.0,100.0,12.38
3586.0,10.0,20.0,2.0,100.0,19.7
3587.0,20.0,20.0,2.0,100.0,24.06
3588.0,40.0,20.0,2.0,100.0,12.01
3589.0,49.0,20.0,2.0,100.0,14.61
3590.0,0.0,20.0,2.0,100.0,19.54
3591.0,0.5,20.0,2.0,100.0,19.16
3592.0,1.0,20.0,2.0,100.0,15.26
3593.0,2.0,20.0,2.0,100.0,19.75
3594.0,3.0,20.0,2.0,100.0,22.71
3595.0,5.0,20.0,2.0,100.0,15.68
3596.0,10.0,20.0,2.0,100.0,18.42
3597.0,20.0,20.0,2.0,100.0,9.61
3598.0,40.0,20.0,2.0,100.0,22.51
3599.0,49.0,20.0,2.0,100.0,12.23
3600.0,0.0,20.0,2.0,100.0,19.48
3601.0,0.5,20.0,2.0,100.0,11.49
3602.0,1.0,20.0,2.0,100.0,21.55
3603.0,2.0,20.0,2.0,100.0,22.91
3604.0,3.0,20.0,2.0,100.0,23.4
3605.0,5.0,20.0,2.0,100.0,9.62
3606.0,10.0,20.0,2.0,100.0,15.27
3607.0,20.0,20.0,2.0,100.0,14.81
3608.0,40.0,20.0,2.0,100.0,11.51
3609.0,49.0,20.0,2.0,100.0,10.34
3610.0,0.0,20.0,2.0,100.0,16.94
3611.0,0.5,20.0,2.0,100.0,9.92
3612.0,1.0,20.0,2.0,100.0,19.5
3613.0,2.0,20.0,2.0,100.0,8.88
3614.0,3.0,20.0,2.0,100.0,8.3
3615.0,5.0,20.0,2.0,100.0,14.01
3616.0,10.0,20.0,2.0,100.0,24.61
3617.0,20.0,20.0,2.0,100.0,18.98
3618.0,40.0,20.0,2.0,100.0,17.09
3619.0,49.0,20.0,2.0,100.0,20.9
3620.0,0.0,20.0,2.0,100.0,13.68
3621.0,0.5,20.0,2.0,100.0,20.65
3622.0,1.0,20.0,2.0,100.0,16.56
3623.0,2.0,20.0,2.0,100.0,15.46
3624.0,3.0,20.0,2.0,100.0,24.94
3625.0,5.0,20.0,2.0,100.0,12.65
3626.0,10.0,20.0,2.0,100.0,17.5
3627.0,20.0,20.0,2.0,100.0,14.74
3628.0,40.0,20.0,2.0,100.0,21.92
3629.0,49.0,20.0,2.0,100.0,20.34
3630.0,0.0,20.0,2.0,100.0,20.23
3631.0,0.5,20.0,2.0,100.0,16.36
3632.0,1.0,20.0,2.0,100.0,18.8
3633.0,2.0,20.0,2.0,100.0,18.8
3634.0,3.0,20.0,2.0,100.0,19.17
3635.0,5.0,20.0,2.0,100.0,12.66
3636.0,10.0,20.0,2.0,100.0,9.35
3637.0,20.0,20.0,2.0,100.0,19.05
3638.0,40.0,20.0,2.0,100.0,13.29
3639.0,49.0,20.0,2.0,100.0,13.83
3640.0,0.0,20.0,2.0,100.0,16.73
3641.0,0.5,20.0,2.0,100.0,22.68
3642.0,1.0,20.0,2.0,100.0,22.99
3643.0,2.0,20.0,2.0,100.0,24.17
3644.0,3.0,20.0,2.0,100.0,12.28
3645.0,5.0,20.0,2.0,100.0,23.64
3646.0,10.0,20.0,2.0,100.0,25.06
3647.0,20.0,20.0,2.0,100.0,27.01
3648.0,40.0,20.0,2.0,100.0,20.27
3649.0,49.0,20.0,2.0,100.0,11.11
3650.0,0.0,20.0,2.0,100.0,17.73
3651.0,0.5,20.0,2.0,100.0,14.32
3652.0,1.0,20.0,2.0,100.0,13.38
3653.0,2.0,20.0,2.0,100.0,11.42
3654.0,3.0,20.0,2.0,100.0,12.78
3655.0,5.0,20.0,2.0,100.0,19.45
3656.0,10.0,20.0,2.0,100.0,19.0
3657.0,20.0,20.0,2.0,100.0,12.7
3658.0,40.0,20.0,2.0,100.0,18.96
3659.0,49.0,20.0,2.0,100.0,23.52
3660.0,0.0,20.0,2.0,100.0,20.37
3661.0,0.5,20.0,2.0,100.0,21.72
3662.0,1.0,20.0,2.0,100.0,19.25
3663.0,2.0,20.0,2.0,100.0,13.29
3664.0,3.0,20.0,2.0,100.0,18.15
3665.0,5.0,20.0,2.0,100.0,19.21
3666.0,10.0,20.0,2.0,100.0,20.94
3667.0,20.0,20.0,2.0,100.0,24.51
3668.0,40.0,20.0,2.0,100.0,22.65
3669.0,49.0,20.0,2.0,100.0,16.83
3670.0,0.0,20.0,2.0,100.0,18.89
3671.0,0.5,20.0,2.0,100.0,14.07
3672.0,1.0,20.0,2.0,100.0,19.67
3673.0,2.0,20.0,2.0,100.0,27.2
3674.0,3.0,20.0,2.0,100.0,26.39
3675.0,5.0,20.0,2.0,100.0,12.63
3676.0,10.0,20.0,2.0,100.0,25.54
3677.0,20.0,20.0,2.0,100.0,8.11
3678.0,40.0,20.0,2.0,100.0,23.9
3679.0,49.0,20.0,2.0,100.0,21.83
3680.0,0.0,20.0,2.0,100.0,12.95
3681.0,0.5,20.0,2.0,100.0,18.11
3682.0,1.0,20.0,2.0,100.0,21.72
3683.0,2.0,20.0,2.0,100.0,25.96
3684.0,3.0,20.0,2.0,100.0,13.07
3685.0,5.0,20.0,2.0,100.0,16.68
3686.0,10.0,20.0,2.0,100.0,11.0
3687.0,20.0,20.0,2.0,100.0,25.07
3688.0,40.0,20.0,2.0,100.0,23.61
3689.0,49.0,20.0,2.0,100.0,17.33
3690.0,0.0,20.0,2.0,100.0,11.67
3691.0,0.5,20.0,2.0,100.0,15.2
3692.0,1.0,20.0,2.0,100.0,19.36
3693.0,2.0,20.0,2.0,100.0,25.27
3694.0,3.0,20.0,2.0,100.0,19.17
3695.0,5.0,20.0,2.0,100.0,25.4
3696.0,10.0,20.0,2.0,100.0,12.51
3697.0,20.0,20.0,2.0,100.0,12.27
3698.0,40.0,20.0,2.0,100.0,20.14
3699.0,49.0,20.0,2.0,100.0,15.86
3700.0,0.0,20.0,2.0,100.0,20.79
3701.0,0.5,20.0,2.0,100.0,18.78
3702.0,1.0,20.0,2.0,100.0,18.12
3703.0,2.0,20.0,2.0,100.0,15.56
3704.0,3.0,20.0,2.0,100.0,23.63
3705.0,5.0,20.0,2.0,100.0,19.67
3706.0,10.0,20.0,2.0,100.0,15.74
3707.0,20.0,20.0,2.0,100.0,9.72
3708.0,40.0,20.0,2.0,100.0,20.59
3709.0,49.0,20.0,2.0,100.0,12.46
3710.0,0.0,20.0,2.0,100.0,21.94
3711.0,0.5,20.0,2.0,100.0,13.53
3712.0,1.0,20.0,2.0,100.0,24.28
3713.0,2.0,20.0,2.0,100.0,20.37
3714.0,3.0,20.0,2.0,100.0,19.14
3715.0,5.0,20.0,2.0,100.0,11.58
3716.0,10.0,20.0,2.0,100.0,24.65
3717.0,20.0,20.0,2.0,100.0,14.63
3718.0,40.0,20.0,2.0,100.0,24.47
3719.0,49.0,20.0,2.0,100.0,11.77
3720.0,0.0,20.0,2.0,100.0,12.76
3721.0,0.5,20.0,2.0,100.0,15.23
3722.0,1.0,20.0,2.0,100.0,9.9
3723.0,2.0,20.0,2.0,100.0,11.35
3724.0,3.0,20.0,2.0,100.0,20.69
3725.0,5.0,20.0,2.0,100.0,12.67
3726.0,10.0,20.0,2.0,100.0,14.67
3727.0,20.0,20.0,2.0,100.0,18.08
3728.0,40.0,20.0,2.0,100.0,20.96
3729.0,49.0,20.0,2.0,100.0,13.28
3730.0,0.0,20.0,2.0,100.0,18.76
3731.0,0.5,20.0,2.0,100.0,20.82
3732.0,1.0,20.0,2.0,100.0,22.75
3733.0,2.0,20.0,2.0,100.0,12.22
3734.0,3.0,20.0,2.0,100.0,22.76
3735.0,5.0,20.0,2.0,100.0,18.86
3736.0,10.0,20.0,2.0,100.0,11.11
3737.0,20.0,20.0,2.0,100.0,19.0
3738.0,40.0,20.0,2.0,100.0,11.0
3739.0,49.0,20.0,2.0,100.0,21.97
3740.0,0.0,20.0,2.0,100.0,17.37
3741.0,0.5,20.0,2.0,100.0,23.81
3742.0,1.0,20.0,2.0,100.0,23.51
3743.0,2.0,20.0,2.0,100.0,10.11
3744.0,3.0,20.0,2.0,100.0,12.59
3745.0,5.0,20.0,2.0,100.0,16.69
3746.0,10.0,20.0,2.0,100.0,20.38
3747.0,20.0,20.0,2.0,100.0,25.22
3748.0,40.0,20.0,2.0,100.0,21.49
3749.0,49.0,20.0,2.0,100.0,13.52
3750.0,0.0,20.0,2.0,100.0,10.92
3751.0,0.5,20.0,2.0,100.0,14.87
3752.0,1.0,20.0,2.0,100.0,24.95
3753.0,2.0,20.0,2.0,100.0,19.11
3754.0,3.0,20.0,2.0,100.0,16.03
3755.0,5.0,20.0,2.0,100.0,23.86
3756.0,10.0,20.0,2.0,100.0,13.87
3757.0,20.0,20.0,2.0,100.0,12.94
3758.0,40.0,20.0,2.0,100.0,20.2
3759.0,49.0,20.0,2.0,100.0,22.96
3760.0,0.0,20.0,2.0,100.0,20.1
3761.0,0.5,20.0,2.0,100.0,20.43
3762.0,1.0,20.0,2.0,100.0,13.55
3763.0,2.0,20.0,2.0,100.0,23.32
3764.0,3.0,20.0,2.0,100.0,22.17
3765.0,5.0,20.0,2.0,100.0,17.64
3766.0,10.0,20.0,2.0,100.0,24.76
3767.0,20.0,20.0,2.0,100.0,9.9
3768.0,40.0,20.0,2.0,100.0,16.28
3769.0,49.0,20.0,2.0,100.0,14.75
3770.0,0.0,20.0,2.0,100.0,27.28
3771.0,0.5,20.0,2.0,100.0,14.25
3772.0,1.0,20.0,2.0,100.0,9.95
3773.0,2.0,20.0,2.0,100.0,10.19
3774.0,3.0,20.0,2.0,100.0,22.97
3775.0,5.0,20.0,2.0,100.0,21.91
3776.0,10.0,20.0,2.0,100.0,15.67
3777.0,20.0,20.0,2.0,100.0,17.86
3778.0,40.0,20.0,2.0,100.0,9.56
3779.0,49.0,20.0,2.0,100.0,10.36
3780.0,0.0,20.0,2.0,100.0,22.32
3781.0,0.5,20.0,2.0,100.0,19.79
3782.0,1.0,20.0,2.0,100.0,25.42
3783.0,2.0,20.0,2.0,100.0,25.09
3784.0,3.0,20.0,2.0,100.0,15.03
3785.0,5.0,20.0,2.0,100.0,16.44
3786.0,10.0,20.0,2.0,100.0,13.27
3787.0,20.0,20.0,2.0,100.0,21.8
3788.0,40.0,20.0,2.0,100.0,13.86
3789.0,49.0,20.0,2.0,100.0,21.16
3790.0,0.0,20.0,2.0,100.0,21.56
3791.0,0.5,20.0,2.0,100.0,9.19
3792.0,1.0,20.0,2.0,100.0,23.42
3793.0,2.0,20.0,2.0,100.0,9.24
3794.0,3.0,20.0,2.0,100.0,22.39
3795.0,5.0,20.0,2.0,100.0,23.75
3796.0,10.0,20.0,2.0,100.0,18.46
3797.0,20.0,20.0,2.0,100.0,20.05
3798.0,40.0,20.0,2.0,100.0,25.51
3799.0,49.0,20.0,2.0,100.0,22.33
3800.0,0.0,20.0,2.0,100.0,18.13
3801.0,0.5,20.0,2.0,100.0,19.78
3802.0,1.0,20.0,2.0,100.0,23.0
3803.0,2.0,20.0,2.0,100.0,14.32
3804.0,3.0,20.0,2.0,100.0,10.45
3805.0,5.0,20.0,2.0,100.0,11.53
3806.0,10.0,20.0,2.0,100.0,16.58
3807.0,20.0,20.0,2.0,100.0,18.18
3808.0,40.0,20.0,2.0,100.0,17.92
3809.0,49.0,20.0,2.0,100.0,22.66
3810.0,0.0,20.0,2.0,100.0,20.33
3811.0,0.5,20.0,2.0,100.0,22.88
3812.0,1.0,20.0,2.0,100.0,19.4
3813.0,2.0,20.0,2.0,100.0,23.02
3814.0,3.0,20.0,2.0,100.0,15.62
3815.0,5.0,20.0,2.0,100.0,21.01
3816.0,10.0,20.0,2.0,100.0,23.55
3817.0,20.0,20.0,2.0,100.0,22.06
3818.0,40.0,20.0,2.0,100.0,12.53
3819.0,49.0,20.0,2.0,100.0,20.36
3820.0,0.0,20.0,2.0,100.0,23.49
3821.0,0.5,20.0,2.0,100.0,15.35
3822.0,1.0,20.0,2.0,100.0,26.58
3823.0,2.0,20.0,2.0,100.0,21.12
3824.0,3.0,20.0,2.0,100.0,18.28
3825.0,5.0,20.0,2.0,100.0,22.16
3826.0,10.0,20.0,2.0,100.0,11.06
3827.0,20.0,20.0,2.0,100.0,18.38
3828.0,40.0,20.0,2.0,100.0,9.14
3829.0,49.0,20.0,2.0,100.0,20.6
3830.0,0.0,20.0,2.0,100.0,9.08
3831.0,0.5,20.0,2.0,100.0,21.14
3832.0,1.0,20.0,2.0,100.0,21.68
3833.0,2.0,20.0,2.0,100.0,8.47
3834.0,3.0,20.0,2.0,100.0,15.23
3835.0,5.0,20.0,2.0,100.0,26.47
3836.0,10.0,20.0,2.0,100.0,12.03
3837.0,20.0,20.0,2.0,100.0,16.27
3838.0,40.0,20.0,2.0,100.0,18.98
3839.0,49.0,20.0,2.0,100.0,11.3
3840.0,0.0,20.0,2.0,100.0,26.48
3841.0,0.5,20.0,2.0,100.0,12.01
3842.0,1.0,20.0,2.0,100.0,12.89
3843.0,2.0,20.0,2.0,100.0,15.06
3844.0,3.0,20.0,2.0,100.0,24.28
3845.0,5.0,20.0,2.0,100.0,21.07
3846.0,10.0,20.0,2.0,100.0,25.53
3847.0,20.0,20.0,2.0,100.0,16.44
3848.0,40.0,20.0,2.0,100.0,16.77
3849.0,49.0,20.0,2.0,100.0,21.14
3850.0,0.0,20.0,2.0,100.0,19.54
3851.0,0.5,20.0,2.0,100.0,13.02
3852.0,1.0,20.0,2.0,100.0,23.02
3853.0,2.0,20.0,2.0,100.0,21.68
3854.0,3.0,20.0,2.0,100.0,14.09
3855.0,5.0,20.0,2.0,100.0,29.07
3856.0,10.0,20.0,2.0,100.0,15.43
3857.0,20.0,20.0,2.0,100.0,21.43
3858.0,40.0,20.0,2.0,100.0,9.64
3859.0,49.0,20.0,2.0,100.0,17.53
3860.0,0.0,20.0,2.0,100.0,16.8
3861.0,0.5,20.0,2.0,100.0,9.38
3862.0,1.0,20.0,2.0,100.0,22.81
3863.0,2.0,20.0,2.0,100.0,24.92
3864.0,3.0,20.0,2.0,100.0,15.55
3865.0,5.0,20.0,2.0,100.0,17.43
3866.0,10.0,20.0,2.0,100.0,15.26
3867.0,20.0,20.0,2.0,100.0,17.83
3868.0,40.0,20.0,2.0,100.0,21.16
3869.0,49.0,20.0,2.0,100.0,9.9
3870.0,0.0,20.0,2.0,100.0,16.94
3871.0,0.5,20.0,2.0,100.0,12.15
3872.0,1.0,20.0,2.0,100.0,27.42
3873.0,2.0,20.0,2.0,100.0,14.72
3874.0,3.0,20.0,2.0,100.0,23.69
3875.0,5.0,20.0,2.0,100.0,24.86
3876.0,10.0,20.0,2.0,100.0,11.64
3877.0,20.0,20.0,2.0,100.0,15.36
3878.0,40.0,20.0,2.0,100.0,12.75
3879.0,49.0,20.0,2.0,100.0,11.89
3880.0,0.0,20.0,2.0,100.0,13.6
3881.0,0.5,20.0,2.0,100.0,19.83
3882.0,1.0,20.0,2.0,100.0,14.23
3883.0,2.0,20.0,2.0,100.0,13.71
3884.0,3.0,20.0,2.0,100.0,18.63
3885.0,5.0,20.0,2.0,100.0,16.53
3886.0,10.0,20.0,2.0,100.0,12.45
3887.0,20.0,20.0,2.0,100.0,20.52
3888.0,40.0,20.0,2.0,100.0,14.58
3889.0,49.0,20.0,2.0,100.0,14.01
3890.0,0.0,20.0,2.0,100.0,19.46
3891.0,0.5,20.0,2.0,100.0,23.99
3892.0,1.0,20.0,2.0,100.0,22.87
3893.0,2.0,20.0,2.0,100.0,23.65
3894.0,3.0,20.0,2.0,100.0,16.92
3895.0,5.0,20.0,2.0,100.0,13.32
3896.0,10.0,20.0,2.0,100.0,22.29
3897.0,20.0,20.0,2.0,100.0,16.44
3898.0,40.0,20.0,2.0,100.0,22.19
3899.0,49.0,20.0,2.0,100.0,26.6
3900.0,0.0,20.0,2.0,100.0,24.92
3901.0,0.5,20.0,2.0,100.0,17.76
3902.0,1.0,20.0,2.0,100.0,20.8
3903.0,2.0,20.0,2.0,100.0,22.48
3904.0,3.0,20.0,2.0,100.0,19.09
3905.0,5.0,20.0,2.0,100.0,14.05
3906.0,10.0,20.0,2.0,100.0,25.24
3907.0,20.0,20.0,2.0,100.0,9.9
3908.0,40.0,20.0,2.0,100.0,15.12
3909.0,49.0,20.0,2.0,100.0,22.5
3910.0,0.0,20.0,2.0,100.0,18.89
3911.0,0.5,20.0,2.0,100.0,16.43
3912.0,1.0,20.0,2.0,100.0,14.36
3913.0,2.0,20.0,2.0,100.0,19.18
3914.0,3.0,20.0,2.0,100.0,22.7
3915.0,5.0,20.0,2.0,100.0,20.52
3916.0,10.0,20.0,2.0,100.0,17.9
3917.0,20.0,20.0,2.0,100.0,22.47
3918.0,40.0,20.0,2.0,100.0,19.17
3919.0,49.0,20.0,2.0,100.0,19.51
3920.0,0.0,20.0,2.0,100.0,10.36
3921.0,0.5,20.0,2.0,100.0,20.15
3922.0,1.0,20.0,2.0,100.0,8.58
3923.0,2.0,20.0,2.0,100.0,17.7
3924.0,3.0,20.0,2.0,100.0,8.76
3925.0,5.0,20.0,2.0,100.0,19.71
3926.0,10.0,20.0,2.0,100.0,9.94
3927.0,20.0,20.0,2.0,100.0,20.14
3928.0,40.0,20.0,2.0,100.0,16.45
3929.0,49.0,20.0,2.0,100.0,15.64
3930.0,0.0,20.0,2.0,100.0,18.79
3931.0,0.5,20.0,2.0,100.0,13.98
3932.0,1.0,20.0,2.0,100.0,18.9
3933.0,2.0,20.0,2.0,100.0,13.44
3934.0,3.0,20.0,2.0,100.0,26.0
3935.0,5.0,20.0,2.0,100.0,24.11
3936.0,10.0,20.0,2.0,100.0,17.94
3937.0,20.0,20.0,2.0,100.0,18.36
3938.0,40.0,20.0,2.0,100.0,10.47
3939.0,49.0,20.0,2.0,100.0,13.94
3940.0,0.0,20.0,2.0,100.0,28.35
3941.0,0.5,20.0,2.0,100.0,19.09
3942.0,1.0,20.0,2.0,100.0,25.21
3943.0,2.0,20.0,2.0,100.0,21.93
3944.0,3.0,20.0,2.0,100.0,19.21
3945.0,5.0,20.0,2.0,100.0,20.36
3946.0,10.0,20.0,2.0,100.0,18.19
3947.0,20.0,20.0,2.0,100.0,18.7
3948.0,40.0,20.0,2.0,100.0,10.77
3949.0,49.0,20.0,2.0,100.0,14.55
3950.0,0.0,20.0,2.0,100.0,18.12
3951.0,0.5,20.0,2.0,100.0,19.46
3952.0,1.0,20.0,2.0,100.0,20.78
3953.0,2.0,20.0,2.0,100.0,12.96
3954.0,3.0,20.0,2.0,100.0,24.88
3955.0,5.0,20.0,2.0,100.0,15.15
3956.0,10.0,20.0,2.0,100.0,13.16
3957.0,20.0,20.0,2.0,100.0,17.67
3958.0,40.0,20.0,2.0,100.0,23.78
3959.0,49.0,20.0,2.0,100.0,12.28
3960.0,0.0,20.0,2.0,100.0,16.77
3961.0,0.5,20.0,2.0,100.0,12.27
3962.0,1.0,20.0,2.0,100.0,20.53
3963.0,2.0,20.0,2.0,100.0,19.91
3964.0,3.0,20.0,2.0,100.0,23.45
3965.0,5.0,20.0,2.0,100.0,8.49
3966.0,10.0,20.0,2.0,100.0,20.61
3967.0,20.0,20.0,2.0,100.0,20.75
3968.0,40.0,20.0,2.0,100.0,10.26
3969.0,49.0,20.0,2.0,100.0,14.22
3970.0,0.0,20.0,2.0,100.0,18.65
3971.0,0.5,20.0,2.0,100.0,12.42
3972.0,1.0,20.0,2.0,100.0,15.76
3973.0,2.0,20.0,2.0,100.0,14.43
3974.0,3.0,20.0,2.0,100.0,23.24
3975.0,5.0,20.0,2.0,100.0,21.9
3976.0,10.0,20.0,2.0,100.0,25.06
3977.0,20.0,20.0,2.0,100.0,15.9
3978.0,40.0,20.0,2.0,100.0,18.39
3979.0,49.0,20.0,2.0,100.0,14.83
3980.0,0.0,20.0,2.0,100.0,23.17
3981.0,0.5,20.0,2.0,100.0,13.33
3982.0,1.0,20.0,2.0,100.0,14.29
3983.0,2.0,20.0,2.0,100.0,25.82
3984.0,3.0,20.0,2.0,100.0,14.89
3985.0,5.0,20.0,2.0,100.0,11.81
3986.0,10.0,20.0,2.0,100.0,10.18
3987.0,20.0,20.0,2.0,100.0,23.11
3988.0,40.0,20.0,2.0,100.0,12.03
3989.0,49.0,20.0,2.0,100.0,16.31
3990.0,0.0,20.0,2.0,100.0,18.58
3991.0,0.5,20.0,2.0,100.0,19.95
3992.0,1.0,20.0,2.0,100.0,16.23
3993.0,2.0,20.0,2.0,100.0,21.48
3994.0,3.0,20.0,2.0,100.0,28.46
3995.0,5.0,20.0,2.0,100.0,17.36
3996.0,10.0,20.0,2.0,100.0,17.22
3997.0,20.0,20.0,2.0,100.0,15.47
3998.0,40.0,20.0,2.0,100.0,29.69
3999.0,49.0,20.0,2.0,100.0,15.63
4000.0,0.0,20.0,2.0,100.0,20.39
4001.0,0.5,20.0,2.0,100.0,24.7
4002.0,1.0,20.0,2.0,100.0,11.14
4003.0,2.0,20.0,2.0,100.0,12.88
4004.0,3.0,20.0,2.0,100.0,20.47
4005.0,5.0,20.0,2.0,100.0,15.8
4006.0,10.0,20.0,2.0,100.0,14.74
4007.0,20.0,20.0,2.0,100.0,13.41
4008.0,40.0,20.0,2.0,100.0,26.02
4009.0,49.0,20.0,2.0,100.0,9.13
4010.0,0.0,20.0,2.0,100.0,19.6
4011.0,0.5,20.0,2.0,100.0,21.19
4012.0,1.0,20.0,2.0,100.0,24.89
4013.0,2.0,20.0,2.0,100.0,22.95
4014.0,3.0,20.0,2.0,100.0,19.5
4015.0,5.0,20.0,2.0,100.0,12.26
4016.0,10.0,20.0,2.0,100.0,24.34
4017.0,20.0,20.0,2.0,100.0,22.76
4018.0,40.0,20.0,2.0,100.0,13.88
4019.0,49.0,20.0,2.0,100.0,14.45
4020.0,0.0,20.0,2.0,100.0,23.06
4021.0,0.5,20.0,2.0,100.0,20.57
4022.0,1.0,20.0,2.0,100.0,17.66
4023.0,2.0,20.0,2.0,100.0,22.6
4024.0,3.0,20.0,2.0,100.0,24.79
4025.0,5.0,20.0,2.0,100.0,10.8
4026.0,10.0,20.0,2.0,100.0,21.29
4027.0,20.0,20.0,2.0,100.0,8.87
4028.0,40.0,20.0,2.0,100.0,19.05
4029.0,49.0,20.0,2.0,100.0,22.09
4030.0,0.0,20.0,2.0,100.0,9.89
4031.0,0.5,20.0,2.0,100.0,20.95
4032.0,1.0,20.0,2.0,100.0,12.58
4033.0,2.0,20.0,2.0,100.0,21.59
4034.0,3.0,20.0,2.0,100.0,22.9
4035.0,5.0,20.0,2.0,100.0,22.01
4036.0,10.0,20.0,2.0,100.0,10.47
4037.0,20.0,20.0,2.0,100.0,24.31
4038.0,40.0,20.0,2.0,100.0,19.94
4039.0,49.0,20.0,2.0,100.0,13.38
4040.0,0.0,20.0,2.0,100.0,12.49
4041.0,0.5,20.0,2.0,100.0,22.78
4042.0,1.0,20.0,2.0,100.0,19.41
4043.0,2.0,20.0,2.0,100.0,15.06
4044.0,3.0,20.0,2.0,100.0,20.81
4045.0,5.0,20.0,2.0,100.0,21.36
4046.0,10.0,20.0,2.0,100.0,11.51
4047.0,20.0,20.0,2.0,100.0,18.66
4048.0,40.0,20.0,2.0,100.0,23.48
4049.0,49.0,20.0,2.0,100.0,24.16
4050.0,0.0,20.0,2.0,100.0,19.14
4051.0,0.5,20.0,2.0,100.0,16.3
4052.0,1.0,20.0,2.0,100.0,12.67
4053.0,2.0,20.0,2.0,100.0,19.28
4054.0,3.0,20.0,2.0,100.0,20.55
4055.0,5.0,20.0,2.0,100.0,25.43
4056.0,10.0,20.0,2.0,100.0,24.02
4057.0,20.0,20.0,2.0,100.0,25.69
4058.0,40.0,20.0,2.0,100.0,12.62
4059.0,49.0,20.0,2.0,100.0,17.69
4060.0,0.0,20.0,2.0,100.0,25.65
4061.0,0.5,20.0,2.0,100.0,21.34
4062.0,1.0,20.0,2.0,100.0,19.14
4063.0,2.0,20.0,2.0,100.0,10.74
4064.0,3.0,20.0,2.0,100.0,21.41
4065.0,5.0,20.0,2.0,100.0,9.18
4066.0,10.0,20.0,2.0,100.0,23.03
4067.0,20.0,20.0,2.0,100.0,23.47
4068.0,40.0,20.0,2.0,100.0,12.44
4069.0,49.0,20.0,2.0,100.0,18.99
4070.0,0.0,20.0,2.0,100.0,23.07
4071.0,0.5,20.0,2.0,100.0,9.41
4072.0,1.0,20.0,2.0,100.0,18.2
4073.0,2.0,20.0,2.0,100.0,25.1
4074.0,3.0,20.0,2.0,100.0,23.43
4075.0,5.0,20.0,2.0,100.0,18.34
4076.0,10.0,20.0,2.0,100.0,22.5
4077.0,20.0,20.0,2.0,100.0,22.49
4078.0,40.0,20.0,2.0,100.0,15.49
4079.0,49.0,20.0,2.0,100.0,26.81
4080.0,0.0,20.0,2.0,100.0,14.08
4081.0,0.5,20.0,2.0,100.0,11.71
4082.0,1.0,20.0,2.0,100.0,21.39
4083.0,2.0,20.0,2.0,100.0,20.44
4084.0,3.0,20.0,2.0,100.0,23.84
4085.0,5.0,20.0,2.0,100.0,22.56
4086.0,10.0,20.0,2.0,100.0,25.63
4087.0,20.0,20.0,2.0,100.0,21.36
4088.0,40.0,20.0,2.0,100.0,19.71
4089.0,49.0,20.0,2.0,100.0,20.37
4090.0,0.0,20.0,2.0,100.0,22.14
4091.0,0.5,20.0,2.0,100.0,23.62
4092.0,1.0,20.0,2.0,100.0,23.49
4093.0,2.0,20.0,2.0,100.0,21.4
4094.0,3.0,20.0,2.0,100.0,18.17
4095.0,5.0,20.0,2.0,100.0,18.31
4096.0,10.0,20.0,2.0,100.0,10.56
4097.0,20.0,20.0,2.0,100.0,22.91
4098.0,40.0,20.0,2.0,100.0,12.52
4099.0,49.0,20.0,2.0,100.0,18.07
4100.0,0.0,20.0,2.0,100.0,22.25
4101.0,0.5,20.0,2.0,100.0,16.17
4102.0,1.0,20.0,2.0,100.0,19.05
4103.0,2.0,20.0,2.0,100.0,14.58
4104.0,3.0,20.0,2.0,100.0,19.33
4105.0,5.0,20.0,2.0,100.0,19.75
4106.0,10.0,20.0,2.0,100.0,13.8
4107.0,20.0,20.0,2.0,100.0,20.22
4108.0,40.0,20.0,2.0,100.0,12.15
4109.0,49.0,20.0,2.0,100.0,21.32
4110.0,0.0,20.0,2.0,100.0,17.67
4111.0,0.5,20.0,2.0,100.0,19.77
4112.0,1.0,20.0,2.0,100.0,24.95
4113.0,2.0,20.0,2.0,100.0,16.1
4114.0,3.0,20.0,2.0,100.0,21.25
4115.0,5.0,20.0,2.0,100.0,16.51
4116.0,10.0,20.0,2.0,100.0,15.59
4117.0,20.0,20.0,2.0,100.0,26.57
4118.0,40.0,20.0,2.0,100.0,23.49
4119.0,49.0,20.0,2.0,100.0,21.75
4120.0,0.0,20.0,2.0,100.0,21.37
4121.0,0.5,20.0,2.0,100.0,16.88
4122.0,1.0,20.0,2.0,100.0,13.55
4123.0,2.0,20.0,2.0,100.0,11.48
4124.0,3.0,20.0,2.0,100.0,17.57
4125.0,5.0,20.0,2.0,100.0,14.87
4126.0,10.0,20.0,2.0,100.0,13.45
4127.0,20.0,20.0,2.0,100.0,15.91
4128.0,40.0,20.0,2.0,100.0,18.04
4129.0,49.0,20.0,2.0,100.0,16.65
4130.0,0.0,20.0,2.0,100.0,23.92
4131.0,0.5,20.0,2.0,100.0,19.92
4132.0,1.0,20.0,2.0,100.0,21.86
4133.0,2.0,20.0,2.0,100.0,8.12
4134.0,3.0,20.0,2.0,100.0,19.03
4135.0,5.0,20.0,2.0,100.0,18.94
4136.0,10.0,20.0,2.0,100.0,23.81
4137.0,20.0,20.0,2.0,100.0,12.45
4138.0,40.0,20.0,2.0,100.0,17.94
4139.0,49.0,20.0,2.0,100.0,17.2
4140.0,0.0,20.0,2.0,100.0,19.2
4141.0,0.5,20.0,2.0,100.0,26.64
4142.0,1.0,20.0,2.0,100.0,22.29
4143.0,2.0,20.0,2.0,100.0,14.92
4144.0,3.0,20.0,2.0,100.0,23.69
4145.0,5.0,20.0,2.0,100.0,13.9
4146.0,10.0,20.0,2.0,100.0,15.7
4147.0,20.0,20.0,2.0,100.0,14.28
4148.0,40.0,20.0,2.0,100.0,21.49
4149.0,49.0,20.0,2.0,100.0,21.04
4150.0,0.0,20.0,2.0,100.0,10.48
4151.0,0.5,20.0,2.0,100.0,9.3
4152.0,1.0,20.0,2.0,100.0,8.12
4153.0,2.0,20.0,2.0,100.0,22.95
4154.0,3.0,20.0,2.0,100.0,12.62
4155.0,5.0,20.0,2.0,100.0,24.74
4156.0,10.0,20.0,2.0,100.0,15.95
4157.0,20.0,20.0,2.0,100.0,18.35
4158.0,40.0,20.0,2.0,100.0,10.2
4159.0,49.0,20.0,2.0,100.0,11.78
4160.0,0.0,20.0,2.0,100.0,12.79
4161.0,0.5,20.0,2.0,100.0,25.46
4162.0,1.0,20.0,2.0,100.0,17.06
4163.0,2.0,20.0,2.0,100.0,18.37
4164.0,3.0,20.0,2.0,100.0,25.77
4165.0,5.0,20.0,2.0,100.0,16.86
4166.0,10.0,20.0,2.0,100.0,16.21
4167.0,20.0,20.0,2.0,100.0,7.72
4168.0,40.0,20.0,2.0,100.0,15.0
4169.0,49.0,20.0,2.0,100.0,10.81
4170.0,0.0,20.0,2.0,100.0,17.57
4171.0,0.5,20.0,2.0,100.0,19.29
4172.0,1.0,20.0,2.0,100.0,20.42
4173.0,2.0,20.0,2.0,100.0,17.77
4174.0,3.0,20.0,2.0,100.0,22.72
4175.0,5.0,20.0,2.0,100.0,9.4
4176.0,10.0,20.0,2.0,100.0,20.15
4177.0,20.0,20.0,2.0,100.0,20.8
4178.0,40.0,20.0,2.0,100.0,21.84
4179.0,49.0,20.0,2.0,100.0,13.67
4180.0,0.0,20.0,2.0,100.0,21.28
4181.0,0.5,20.0,2.0,100.0,23.55
4182.0,1.0,20.0,2.0,100.0,11.59
4183.0,2.0,20.0,2.0,100.0,25.15
4184.0,3.0,20.0,2.0,100.0,21.66
4185.0,5.0,20.0,2.0,100.0,10.87
4186.0,10.0,20.0,2.0,100.0,12.01
4187.0,20.0,20.0,2.0,100.0,22.46
4188.0,40.0,20.0,2.0,100.0,8.63
4189.0,49.0,20.0,2.0,100.0,19.38
4190.0,0.0,20.0,2.0,100.0,20.4
4191.0,0.5,20.0,2.0,100.0,14.43
4192.0,1.0,20.0,2.0,100.0,20.56
4193.0,2.0,20.0,2.0,100.0,18.46
4194.0,3.0,20.0,2.0,100.0,20.98
4195.0,5.0,20.0,2.0,100.0,14.59
4196.0,10.0,20.0,2.0,100.0,24.86
4197.0,20.0,20.0,2.0,100.0,18.26
4198.0,40.0,20.0,2.0,100.0,7.99
4199.0,49.0,20.0,2.0,100.0,22.26
4200.0,0.0,20.0,2.0,100.0,10.0
4201.0,0.5,20.0,2.0,100.0,24.42
4202.0,1.0,20.0,2.0,100.0,23.75
4203.0,2.0,20.0,2.0,100.0,10.72
4204.0,3.0,20.0,2.0,100.0,20.87
4205.0,5.0,20.0,2.0,100.0,24.73
4206.0,10.0,20.0,2.0,100.0,14.54
4207.0,20.0,20.0,2.0,100.0,24.81
4208.0,40.0,20.0,2.0,100.0,20.75
4209.0,49.0,20.0,2.0,100.0,24.52
4210.0,0.0,20.0,2.0,100.0,16.92
4211.0,0.5,20.0,2.0,100.0,20.35
4212.0,1.0,20.0,2.0,100.0,19.99
4213.0,2.0,20.0,2.0,100.0,24.75
4214.0,3.0,20.0,2.0,100.0,19.57
4215.0,5.0,20.0,2.0,100.0,14.08
4216.0,10.0,20.0,2.0,100.0,9.47
4217.0,20.0,20.0,2.0,100.0,24.65
4218.0,40.0,20.0,2.0,100.0,26.02
4219.0,49.0,20.0,2.0,100.0,22.7
4220.0,0.0,20.0,2.0,100.0,12.66
4221.0,0.5,20.0,2.0,100.0,15.0
4222.0,1.0,20.0,2.0,100.0,25.44
4223.0,2.0,20.0,2.0,100.0,22.76
4224.0,3.0,20.0,2.0,100.0,14.41
4225.0,5.0,20.0,2.0,100.0,20.73
4226.0,10.0,20.0,2.0,100.0,22.96
4227.0,20.0,20.0,2.0,100.0,19.16
4228.0,40.0,20.0,2.0,100.0,9.48
4229.0,49.0,20.0,2.0,100.0,23.26
4230.0,0.0,20.0,2.0,100.0,22.45
4231.0,0.5,20.0,2.0,100.0,17.3
4232.0,1.0,20.0,2.0,100.0,20.47
4233.0,2.0,20.0,2.0,100.0,15.74
4234.0,3.0,20.0,2.0,100.0,24.19
4235.0,5.0,20.0,2.0,100.0,23.74
4236.0,10.0,20.0,2.0,100.0,20.74
4237.0,20.0,20.0,2.0,100.0,19.26
4238.0,40.0,20.0,2.0,100.0,20.18
4239.0,49.0,20.0,2.0,100.0,23.5
4240.0,0.0,20.0,2.0,100.0,20.74
4241.0,0.5,20.0,2.0,100.0,26.52
4242.0,1.0,20.0,2.0,100.0,19.81
4243.0,2.0,20.0,2.0,100.0,17.41
4244.0,3.0,20.0,2.0,100.0,18.25
4245.0,5.0,20.0,2.0,100.0,24.7
4246.0,10.0,20.0,2.0,100.0,20.48
4247.0,20.0,20.0,2.0,100.0,23.54
4248.0,40.0,20.0,2.0,100.0,20.51
4249.0,49.0,20.0,2.0,100.0,16.26
4250.0,0.0,20.0,2.0,100.0,10.27
4251.0,0.5,20.0,2.0,100.0,18.29
4252.0,1.0,20.0,2.0,100.0,15.02
4253.0,2.0,20.0,2.0,100.0,15.11
4254.0,3.0,20.0,2.0,100.0,20.48
4255.0,5.0,20.0,2.0,100.0,16.61
4256.0,10.0,20.0,2.0,100.0,17.44
4257.0,20.0,20.0,2.0,100.0,19.5
4258.0,40.0,20.0,2.0,100.0,16.97
4259.0,49.0,20.0,2.0,100.0,21.49
4260.0,0.0,20.0,2.0,100.0,18.79
4261.0,0.5,20.0,2.0,100.0,22.6
4262.0,1.0,20.0,2.0,100.0,19.24
4263.0,2.0,20.0,2.0,100.0,28.24
4264.0,3.0,20.0,2.0,100.0,24.75
4265.0,5.0,20.0,2.0,100.0,21.51
4266.0,10.0,20.0,2.0,100.0,10.07
4267.0,20.0,20.0,2.0,100.0,21.5
4268.0,40.0,20.0,2.0,100.0,22.24
4269.0,49.0,20.0,2.0,100.0,23.32
4270.0,0.0,20.0,2.0,100.0,22.15
4271.0,0.5,20.0,2.0,100.0,23.35
4272.0,1.0,20.0,2.0,100.0,11.46
4273.0,2.0,20.0,2.0,100.0,24.97
4274.0,3.0,20.0,2.0,100.0,25.64
4275.0,5.0,20.0,2.0,100.0,9.45
4276.0,10.0,20.0,2.0,100.0,21.03
4277.0,20.0,20.0,2.0,100.0,11.01
4278.0,40.0,20.0,2.0,100.0,17.06
4279.0,49.0,20.0,2.0,100.0,24.79
4280.0,0.0,20.0,2.0,100.0,18.54
4281.0,0.5,20.0,2.0,100.0,19.97
4282.0,1.0,20.0,2.0,100.0,14.47
4283.0,2.0,20.0,2.0,100.0,14.55
4284.0,3.0,20.0,2.0,100.0,25.75
4285.0,5.0,20.0,2.0,100.0,10.82
4286.0,10.0,20.0,2.0,100.0,16.84
4287.0,20.0,20.0,2.0,100.0,15.23
4288.0,40.0,20.0,2.0,100.0,21.4
4289.0,49.0,20.0,2.0,100.0,14.18
4290.0,0.0,20.0,2.0,100.0,9.84
4291.0,0.5,20.0,2.0,100.0,13.05
4292.0,1.0,20.0,2.0,100.0,20.41
4293.0,2.0,20.0,2.0,100.0,9.46
4294.0,3.0,20.0,2.0,100.0,9.55
4295.0,5.0,20.0,2.0,100.0,24.59
4296.0,10.0,20.0,2.0,100.0,21.14
4297.0,20.0,20.0,2.0,100.0,14.79
4298.0,40.0,20.0,2.0,100.0,9.09
4299.0,49.0,20.0,2.0,100.0,26.84
4300.0,0.0,20.0,2.0,100.0,20.13
4301.0,0.5,20.0,2.0,100.0,18.59
4302.0,1.0,20.0,2.0,100.0,11.98
4303.0,2.0,20.0,2.0,100.0,14.74
4304.0,3.0,20.0,2.0,100.0,26.59
4305.0,5.0,20.0,2.0,100.0,21.06
4306.0,10.0,20.0,2.0,100.0,22.57
4307.0,20.0,20.0,2.0,100.0,20.21
4308.0,40.0,20.0,2.0,100.0,15.9
4309.0,49.0,20.0,2.0,100.0,17.76
4310.0,0.0,20.0,2.0,100.0,16.4
4311.0,0.5,20.0,2.0,100.0,10.23
4312.0,1.0,20.0,2.0,100.0,17.52
4313.0,2.0,20.0,2.0,100.0,19.27
4314.0,3.0,20.0,2.0,100.0,14.14
4315.0,5.0,20.0,2.0,100.0,20.14
4316.0,10.0,20.0,2.0,100.0,15.84
4317.0,20.0,20.0,2.0,100.0,20.38
4318.0,40.0,20.0,2.0,100.0,15.8
4319.0,49.0,20.0,2.0,100.0,17.4
4320.0,0.0,20.0,2.0,100.0,21.97
4321.0,0.5,20.0,2.0,100.0,22.68
4322.0,1.0,20.0,2.0,100.0,14.57
4323.0,2.0,20.0,2.0,100.0,16.76
4324.0,3.0,20.0,2.0,100.0,24.15
4325.0,5.0,20.0,2.0,100.0,24.9
4326.0,10.0,20.0,2.0,100.0,26.13
4327.0,20.0,20.0,2.0,100.0,8.35
4328.0,40.0,20.0,2.0,100.0,17.3
4329.0,49.0,20.0,2.0,100.0,25.19
4330.0,0.0,20.0,2.0,100.0,20.37
4331.0,0.5,20.0,2.0,100.0,10.56
4332.0,1.0,20.0,2.0,100.0,9.64
4333.0,2.0,20.0,2.0,100.0,8.91
4334.0,3.0,20.0,2.0,100.0,25.63
4335.0,5.0,20.0,2.0,100.0,18.08
4336.0,10.0,20.0,2.0,100.0,15.67
4337.0,20.0,20.0,2.0,100.0,18.03
4338.0,40.0,20.0,2.0,100.0,21.13
4339.0,49.0,20.0,2.0,100.0,15.93
4340.0,0.0,20.0,2.0,100.0,17.37
4341.0,0.5,20.0,2.0,100.0,23.35
4342.0,1.0,20.0,2.0,100.0,23.76
4343.0,2.0,20.0,2.0,100.0,20.25
4344.0,3.0,20.0,2.0,100.0,16.13
4345.0,5.0,20.0,2.0,100.0,22.6
4346.0,10.0,20.0,2.0,100.0,20.06
4347.0,20.0,20.0,2.0,100.0,14.51
4348.0,40.0,20.0,2.0,100.0,12.75
4349.0,49.0,20.0,2.0,100.0,10.95
4350.0,0.0,20.0,2.0,100.0,29.37
4351.0,0.5,20.0,2.0,100.0,18.16
4352.0,1.0,20.0,2.0,100.0,27.54
4353.0,2.0,20.0,2.0,100.0,17.39
4354.0,3.0,20.0,2.0,100.0,26.29
4355.0,5.0,20.0,2.0,100.0,17.51
4356.0,10.0,20.0,2.0,100.0,24.14
4357.0,20.0,20.0,2.0,100.0,16.27
4358.0,40.0,20.0,2.0,100.0,24.11
4359.0,49.0,20.0,2.0,100.0,17.05
4360.0,0.0,20.0,2.0,100.0,22.38
4361.0,0.5,20.0,2.0,100.0,21.93
4362.0,1.0,20.0,2.0,100.0,25.08
4363.0,2.0,20.0,2.0,100.0,16.77
4364.0,3.0,20.0,2.0,100.0,23.5
4365.0,5.0,20.0,2.0,100.0,20.86
4366.0,10.0,20.0,2.0,100.0,14.4
4367.0,20.0,20.0,2.0,100.0,9.37
4368.0,40.0,20.0,2.0,100.0,15.49
4369.0,49.0,20.0,2.0,100.0,23.21
4370.0,0.0,20.0,2.0,100.0,23.09
4371.0,0.5,20.0,2.0,100.0,14.3
4372.0,1.0,20.0,2.0,100.0,17.92
4373.0,2.0,20.0,2.0,100.0,23.98
4374.0,3.0,20.0,2.0,100.0,18.25
4375.0,5.0,20.0,2.0,100.0,9.7
4376.0,10.0,20.0,2.0,100.0,27.33
4377.0,20.0,20.0,2.0,100.0,21.39
4378.0,40.0,20.0,2.0,100.0,8.65
4379.0,49.0,20.0,2.0,100.0,11.13
4380.0,0.0,20.0,2.0,100.0,14.74
4381.0,0.5,20.0,2.0,100.0,10.56
4382.0,1.0,20.0,2.0,100.0,16.35
4383.0,2.0,20.0,2.0,100.0,19.43
4384.0,3.0,20.0,2.0,100.0,13.4
4385.0,5.0,20.0,2.0,100.0,10.52
4386.0,10.0,20.0,2.0,100.0,24.18
4387.0,20.0,20.0,2.0,100.0,13.67
4388.0,40.0,20.0,2.0,100.0,11.61
4389.0,49.0,20.0,2.0,100.0,15.88
4390.0,0.0,20.0,2.0,100.0,17.85
4391.0,0.5,20.0,2.0,100.0,12.76
4392.0,1.0,20.0,2.0,100.0,18.87
4393.0,2.0,20.0,2.0,100.0,11.57
4394.0,3.0,20.0,2.0,100.0,21.65
4395.0,5.0,20.0,2.0,100.0,17.22
4396.0,10.0,20.0,2.0,100.0,24.51
4397.0,20.0,20.0,2.0,100.0,24.15
4398.0,40.0,20.0,2.0,100.0,22.46
4399.0,49.0,20.0,2.0,100.0,23.3
4400.0,0.0,20.0,2.0,100.0,20.0
4401.0,0.5,20.0,2.0,100.0,18.0
4402.0,1.0,20.0,2.0,100.0,21.31
4403.0,2.0,20.0,2.0,100.0,22.67
4404.0,3.0,20.0,2.0,100.0,16.09
4405.0,5.0,20.0,2.0,100.0,19.78
4406.0,10.0,20.0,2.0,100.0,12.98
4407.0,20.0,20.0,2.0,100.0,11.39
4408.0,40.0,20.0,2.0,100.0,16.25
4409.0,49.0,20.0,2.0,100.0,19.15
4410.0,0.0,20.0,2.0,100.0,20.67
4411.0,0.5,20.0,2.0,100.0,13.16
4412.0,1.0,20.0,2.0,100.0,21.0
4413.0,2.0,20.0,2.0,100.0,23.95
4414.0,3.0,20.0,2.0,100.0,17.31
4415.0,5.0,20.0,2.0,100.0,23.59
4416.0,10.0,20.0,2.0,100.0,9.46
4417.0,20.0,20.0,2.0,100.0,24.95
4418.0,40.0,20.0,2.0,100.0,14.34
4419.0,49.0,20.0,2.0,100.0,15.34
4420.0,0.0,20.0,2.0,100.0,14.35
4421.0,0.5,20.0,2.0,100.0,22.37
4422.0,1.0,20.0,2.0,100.0,15.05
4423.0,2.0,20.0,2.0,100.0,22.24
4424.0,3.0,20.0,2.0,100.0,17.15
4425.0,5.0,20.0,2.0,100.0,23.44
4426.0,10.0,20.0,2.0,100.0,23.08
4427.0,20.0,20.0,2.0,100.0,11.16
4428.0,40.0,20.0,2.0,100.0,10.86
4429.0,49.0,20.0,2.0,100.0,22.32
4430.0,0.0,20.0,2.0,100.0,25.01
4431.0,0.5,20.0,2.0,100.0,10.63
4432.0,1.0,20.0,2.0,100.0,22.2
4433.0,2.0,20.0,2.0,100.0,9.81
4434.0,3.0,20.0,2.0,100.0,13.26
4435.0,5.0,20.0,2.0,100.0,19.3
4436.0,10.0,20.0,2.0,100.0,17.05
4437.0,20.0,20.0,2.0,100.0,25.63
4438.0,40.0,20.0,2.0,100.0,23.48
4439.0,49.0,20.0,2.0,100.0,17.22
4440.0,0.0,20.0,2.0,100.0,12.64
4441.0,0.5,20.0,2.0,100.0,19.71
4442.0,1.0,20.0,2.0,100.0,15.27
4443.0,2.0,20.0,2.0,100.0,12.64
4444.0,3.0,20.0,2.0,100.0,16.22
4445.0,5.0,20.0,2.0,100.0,13.53
4446.0,10.0,20.0,2.0,100.0,17.81
4447.0,20.0,20.0,2.0,100.0,22.7
4448.0,40.0,20.0,2.0,100.0,22.92
4449.0,49.0,20.0,2.0,100.0,16.76
4450.0,0.0,20.0,2.0,100.0,14.53
4451.0,0.5,20.0,2.0,100.0,21.91
4452.0,1.0,20.0,2.0,100.0,19.8
4453.0,2.0,20.0,2.0,100.0,18.16
4454.0,3.0,20.0,2.0,100.0,21.83
4455.0,5.0,20.0,2.0,100.0,11.61
4456.0,10.0,20.0,2.0,100.0,12.52
4457.0,20.0,20.0,2.0,100.0,9.09
4458.0,40.0,20.0,2.0,100.0,21.4
4459.0,49.0,20.0,2.0,100.0,12.22
4460.0,0.0,20.0,2.0,100.0,15.96
4461.0,0.5,20.0,2.0,100.0,16.1
4462.0,1.0,20.0,2.0,100.0,21.7
4463.0,2.0,20.0,2.0,100.0,23.27
4464.0,3.0,20.0,2.0,100.0,11.61
4465.0,5.0,20.0,2.0,100.0,12.05
4466.0,10.0,20.0,2.0,100.0,17.03
4467.0,20.0,20.0,2.0,100.0,11.93
4468.0,40.0,20.0,2.0,100.0,18.56
4469.0,49.0,20.0,2.0,100.0,22.43
4470.0,0.0,20.0,2.0,100.0,22.76
4471.0,0.5,20.0,2.0,100.0,23.46
4472.0,1.0,20.0,2.0,100.0,9.12
4473.0,2.0,20.0,2.0,100.0,22.5
4474.0,3.0,20.0,2.0,100.0,13.82
4475.0,5.0,20.0,2.0,100.0,20.34
4476.0,10.0,20.0,2.0,100.0,26.96
4477.0,20.0,20.0,2.0,100.0,13.37
4478.0,40.0,20.0,2.0,100.0,21.19
4479.0,49.0,20.0,2.0,100.0,19.45
4480.0,0.0,20.0,2.0,100.0,24.41
4481.0,0.5,20.0,2.0,100.0,13.76
4482.0,1.0,20.0,2.0,100.0,17.17
4483.0,2.0,20.0,2.0,100.0,24.59
4484.0,3.0,20.0,2.0,100.0,17.85
4485.0,5.0,20.0,2.0,100.0,15.21
4486.0,10.0,20.0,2.0,100.0,18.12
4487.0,20.0,20.0,2.0,100.0,25.24
4488.0,40.0,20.0,2.0,100.0,10.42
4489.0,49.0,20.0,2.0,100.0,23.47
4490.0,0.0,20.0,2.0,100.0,12.95
4491.0,0.5,20.0,2.0,100.0,16.14
4492.0,1.0,20.0,2.0,100.0,21.04
4493.0,2.0,20.0,2.0,100.0,15.05
4494.0,3.0,20.0,2.0,100.0,11.53
4495.0,5.0,20.0,2.0,100.0,20.82
4496.0,10.0,20.0,2.0,100.0,17.04
4497.0,20.0,20.0,2.0,100.0,13.4
4498.0,40.0,20.0,2.0,100.0,19.14
4499.0,49.0,20.0,2.0,100.0,20.29
4500.0,0.0,20.0,2.0,100.0,26.82
4501.0,0.5,20.0,2.0,100.0,12.02
4502.0,1.0,20.0,2.0,100.0,18.15
4503.0,2.0,20.0,2.0,100.0,14.39
4504.0,3.0,20.0,2.0,100.0,16.02
4505.0,5.0,20.0,2.0,100.0,23.58
4506.0,10.0,20.0,2.0,100.0,15.81
4507.0,20.0,20.0,2.0,100.0,21.3
4508.0,40.0,20.0,2.0,100.0,11.06
4509.0,49.0,20.0,2.0,100.0,15.64
4510.0,0.0,20.0,2.0,100.0,15.15
4511.0,0.5,20.0,2.0,100.0,16.77
4512.0,1.0,20.0,2.0,100.0,17.88
4513.0,2.0,20.0,2.0,100.0,24.95
4514.0,3.0,20.0,2.0,100.0,18.35
4515.0,5.0,20.0,2.0,100.0,20.69
4516.0,10.0,20.0,2.0,100.0,25.22
4517.0,20.0,20.0,2.0,100.0,19.48
4518.0,40.0,20.0,2.0,100.0,15.92
4519.0,49.0,20.0,2.0,100.0,11.23
4520.0,0.0,20.0,2.0,100.0,23.35
4521.0,0.5,20.0,2.0,100.0,24.81
4522.0,1.0,20.0,2.0,100.0,22.39
4523.0,2.0,20.0,2.0,100.0,16.22
4524.0,3.0,20.0,2.0,100.0,12.12
4525.0,5.0,20.0,2.0,100.0,14.19
4526.0,10.0,20.0,2.0,100.0,20.79
4527.0,20.0,20.0,2.0,100.0,13.5
4528.0,40.0,20.0,2.0,100.0,27.25
4529.0,49.0,20.0,2.0,100.0,21.39
4530.0,0.0,20.0,2.0,100.0,23.31
4531.0,0.5,20.0,2.0,100.0,22.34
4532.0,1.0,20.0,2.0,100.0,23.48
4533.0,2.0,20.0,2.0,100.0,27.34
4534.0,3.0,20.0,2.0,100.0,22.64
4535.0,5.0,20.0,2.0,100.0,13.83
4536.0,10.0,20.0,2.0,100.0,20.16
4537.0,20.0,20.0,2.0,100.0,12.98
4538.0,40.0,20.0,2.0,100.0,14.87
4539.0,49.0,20.0,2.0,100.0,25.02
4540.0,0.0,20.0,2.0,100.0,11.45
4541.0,0.5,20.0,2.0,100.0,13.03
4542.0,1.0,20.0,2.0,100.0,17.77
4543.0,2.0,20.0,2.0,100.0,23.17
4544.0,3.0,20.0,2.0,100.0,13.6
4545.0,5.0,20.0,2.0,100.0,22.23
4546.0,10.0,20.0,2.0,100.0,18.78
4547.0,20.0,20.0,2.0,100.0,21.6
4548.0,40.0,20.0,2.0,100.0,24.44
4549.0,49.0,20.0,2.0,100.0,19.52
4550.0,0.0,20.0,2.0,100.0,20.14
4551.0,0.5,20.0,2.0,100.0,25.33
4552.0,1.0,20.0,2.0,100.0,19.57
4553.0,2.0,20.0,2.0,100.0,11.32
4554.0,3.0,20.0,2.0,100.0,12.85
4555.0,5.0,20.0,2.0,100.0,12.9
4556.0,10.0,20.0,2.0,100.0,11.35
4557.0,20.0,20.0,2.0,100.0,12.67
4558.0,40.0,20.0,2.0,100.0,19.77
4559.0,49.0,20.0,2.0,100.0,11.31
4560.0,0.0,20.0,2.0,100.0,18.51
4561.0,0.5,20.0,2.0,100.0,19.31
4562.0,1.0,20.0,2.0,100.0,11.34
4563.0,2.0,20.0,2.0,100.0,22.05
4564.0,3.0,20.0,2.0,100.0,20.18
4565.0,5.0,20.0,2.0,100.0,23.79
4566.0,10.0,20.0,2.0,100.0,17.37
4567.0,20.0,20.0,2.0,100.0,23.96
4568.0,40.0,20.0,2.0,100.0,24.05
4569.0,49.0,20.0,2.0,100.0,21.95
4570.0,0.0,20.0,2.0,100.0,16.28
4571.0,0.5,20.0,2.0,100.0,18.14
4572.0,1.0,20.0,2.0,100.0,12.7
4573.0,2.0,20.0,2.0,100.0,20.52
4574.0,3.0,20.0,2.0,100.0,21.95
4575.0,5.0,20.0,2.0,100.0,23.5
4576.0,10.0,20.0,2.0,100.0,23.48
4577.0,20.0,20.0,2.0,100.0,22.56
4578.0,40.0,20.0,2.0,100.0,24.42
4579.0,49.0,20.0,2.0,100.0,9.09
4580.0,0.0,20.0,2.0,100.0,11.53
4581.0,0.5,20.0,2.0,100.0,9.99
4582.0,1.0,20.0,2.0,100.0,25.21
4583.0,2.0,20.0,2.0,100.0,26.4
4584.0,3.0,20.0,2.0,100.0,20.85
4585.0,5.0,20.0,2.0,100.0,8.85
4586.0,10.0,20.0,2.0,100.0,21.61
4587.0,20.0,20.0,2.0,100.0,23.1
4588.0,40.0,20.0,2.0,100.0,16.18
4589.0,49.0,20.0,2.0,100.0,20.55
4590.0,0.0,20.0,2.0,100.0,18.12
4591.0,0.5,20.0,2.0,100.0,25.27
4592.0,1.0,20.0,2.0,100.0,14.61
4593.0,2.0,20.0,2.0,100.0,24.4
4594.0,3.0,20.0,2.0,100.0,19.36
4595.0,5.0,20.0,2.0,100.0,21.92
4596.0,10.0,20.0,2.0,100.0,23.17
4597.0,20.0,20.0,2.0,100.0,25.44
4598.0,40.0,20.0,2.0,100.0,19.14
4599.0,49.0,20.0,2.0,100.0,19.28
4600.0,0.0,20.0,2.0,100.0,11.45
4601.0,0.5,20.0,2.0,100.0,20.73
4602.0,1.0,20.0,2.0,100.0,21.14
4603.0,2.0,20.0,2.0,100.0,24.91
4604.0,3.0,20.0,2.0,100.0,14.64
4605.0,5.0,20.0,2.0,100.0,9.83
4606.0,10.0,20.0,2.0,100.0,21.8
4607.0,20.0,20.0,2.0,100.0,11.11
4608.0,40.0,20.0,2.0,100.0,14.86
4609.0,49.0,20.0,2.0,100.0,16.59
4610.0,0.0,20.0,2.0,100.0,9.53
4611.0,0.5,20.0,2.0,100.0,13.95
4612.0,1.0,20.0,2.0,100.0,11.88
4613.0,2.0,20.0,2.0,100.0,20.83
4614.0,3.0,20.0,2.0,100.0,20.69
4615.0,5.0,20.0,2.0,100.0,24.96
4616.0,10.0,20.0,2.0,100.0,19.36
4617.0,20.0,20.0,2.0,100.0,9.63
4618.0,40.0,20.0,2.0,100.0,14.31
4619.0,49.0,20.0,2.0,100.0,10.89
4620.0,0.0,20.0,2.0,100.0,13.14
4621.0,0.5,20.0,2.0,100.0,19.83
4622.0,1.0,20.0,2.0,100.0,18.95
4623.0,2.0,20.0,2.0,100.0,16.75
4624.0,3.0,20.0,2.0,100.0,15.4
4625.0,5.0,20.0,2.0,100.0,16.79
4626.0,10.0,20.0,2.0,100.0,21.27
4627.0,20.0,20.0,2.0,100.0,23.08
4628.0,40.0,20.0,2.0,100.0,13.87
4629.0,49.0,20.0,2.0,100.0,15.15
4630.0,0.0,20.0,2.0,100.0,19.95
4631.0,0.5,20.0,2.0,100.0,16.2
4632.0,1.0,20.0,2.0,100.0,25.28
4633.0,2.0,20.0,2.0,100.0,14.75
4634.0,3.0,20.0,2.0,100.0,23.45
4635.0,5.0,20.0,2.0,100.0,13.89
4636.0,10.0,20.0,2.0,100.0,23.07
4637.0,20.0,20.0,2.0,100.0,12.26
4638.0,40.0,20.0,2.0,100.0,17.18
4639.0,49.0,20.0,2.0,100.0,19.83
4640.0,0.0,20.0,2.0,100.0,13.0
4641.0,0.5,20.0,2.0,100.0,22.65
4642.0,1.0,20.0,2.0,100.0,11.15
4643.0,2.0,20.0,2.0,100.0,21.34
4644.0,3.0,20.0,2.0,100.0,19.78
4645.0,5.0,20.0,2.0,100.0,19.06
4646.0,10.0,20.0,2.0,100.0,14.19
4647.0,20.0,20.0,2.0,100.0,16.42
4648.0,40.0,20.0,2.0,100.0,8.55
4649.0,49.0,20.0,2.0,100.0,18.06
4650.0,0.0,20.0,2.0,100.0,25.27
4651.0,0.5,20.0,2.0,100.0,16.79
4652.0,1.0,20.0,2.0,100.0,16.14
4653.0,2.0,20.0,2.0,100.0,8.79
4654.0,3.0,20.0,2.0,100.0,19.25
4655.0,5.0,20.0,2.0,100.0,17.06
4656.0,10.0,20.0,2.0,100.0,19.55
4657.0,20.0,20.0,2.0,100.0,28.33
4658.0,40.0,20.0,2.0,100.0,19.45
4659.0,49.0,20.0,2.0,100.0,21.1
4660.0,0.0,20.0,2.0,100.0,15.55
4661.0,0.5,20.0,2.0,100.0,25.08
4662.0,1.0,20.0,2.0,100.0,10.78
4663.0,2.0,20.0,2.0,100.0,10.74
4664.0,3.0,20.0,2.0,100.0,12.07
4665.0,5.0,20.0,2.0,100.0,19.56
4666.0,10.0,20.0,2.0,100.0,23.37
4667.0,20.0,20.0,2.0,100.0,9.88
4668.0,40.0,20.0,2.0,100.0,13.34
4669.0,49.0,20.0,2.0,100.0,21.75
4670.0,0.0,20.0,2.0,100.0,22.9
4671.0,0.5,20.0,2.0,100.0,18.92
4672.0,1.0,20.0,2.0,100.0,24.76
4673.0,2.0,20.0,2.0,100.0,10.36
4674.0,3.0,20.0,2.0,100.0,19.83
4675.0,5.0,20.0,2.0,100.0,26.09
4676.0,10.0,20.0,2.0,100.0,13.84
4677.0,20.0,20.0,2.0,100.0,9.31
4678.0,40.0,20.0,2.0,100.0,10.9
4679.0,49.0,20.0,2.0,100.0,16.53
4680.0,0.0,20.0,2.0,100.0,19.71
4681.0,0.5,20.0,2.0,100.0,25.46
4682.0,1.0,20.0,2.0,100.0,26.98
4683.0,2.0,20.0,2.0,100.0,18.23
4684.0,3.0,20.0,2.0,100.0,17.11
4685.0,5.0,20.0,2.0,100.0,9.79
4686.0,10.0,20.0,2.0,100.0,8.76
4687.0,20.0,20.0,2.0,100.0,19.81
4688.0,40.0,20.0,2.0,100.0,19.75
4689.0,49.0,20.0,2.0,100.0,16.88
4690.0,0.0,20.0,2.0,100.0,15.16
4691.0,0.5,20.0,2.0,100.0,11.53
4692.0,1.0,20.0,2.0,100.0,23.52
4693.0,2.0,20.0,2.0,100.0,16.18
4694.0,3.0,20.0,2.0,100.0,25.92
4695.0,5.0,20.0,2.0,100.0,11.16
4696.0,10.0,20.0,2.0,100.0,14.76
4697.0,20.0,20.0,2.0,100.0,25.37
4698.0,40.0,20.0,2.0,100.0,15.1
4699.0,49.0,20.0,2.0,100.0,21.78
4700.0,0.0,20.0,2.0,100.0,13.13
4701.0,0.5,20.0,2.0,100.0,17.55
4702.0,1.0,20.0,2.0,100.0,19.11
4703.0,2.0,20.0,2.0,100.0,17.41
4704.0,3.0,20.0,2.0,100.0,25.76
4705.0,5.0,20.0,2.0,100.0,19.42
4706.0,10.0,20.0,2.0,100.0,26.17
4707.0,20.0,20.0,2.0,100.0,21.32
4708.0,40.0,20.0,2.0,100.0,25.94
4709.0,49.0,20.0,2.0,100.0,13.41
4710.0,0.0,20.0,2.0,100.0,27.46
4711.0,0.5,20.0,2.0,100.0,11.97
4712.0,1.0,20.0,2.0,100.0,14.86
4713.0,2.0,20.0,2.0,100.0,19.54
4714.0,3.0,20.0,2.0,100.0,18.99
4715.0,5.0,20.0,2.0,100.0,15.81
4716.0,10.0,20.0,2.0,100.0,24.77
4717.0,20.0,20.0,2.0,100.0,21.03
4718.0,40.0,20.0,2.0,100.0,25.91
4719.0,49.0,20.0,2.0,100.0,19.4
4720.0,0.0,20.0,2.0,100.0,7.78
4721.0,0.5,20.0,2.0,100.0,20.66
4722.0,1.0,20.0,2.0,100.0,23.03
4723.0,2.0,20.0,2.0,100.0,14.94
4724.0,3.0,20.0,2.0,100.0,25.19
4725.0,5.0,20.0,2.0,100.0,17.24
4726.0,10.0,20.0,2.0,100.0,15.73
4727.0,20.0,20.0,2.0,100.0,23.86
4728.0,40.0,20.0,2.0,100.0,24.08
4729.0,49.0,20.0,2.0,100.0,23.3
4730.0,0.0,20.0,2.0,100.0,15.52
4731.0,0.5,20.0,2.0,100.0,27.06
4732.0,1.0,20.0,2.0,100.0,16.55
4733.0,2.0,20.0,2.0,100.0,21.72
4734.0,3.0,20.0,2.0,100.0,20.02
4735.0,5.0,20.0,2.0,100.0,15.15
4736.0,10.0,20.0,2.0,100.0,10.31
4737.0,20.0,20.0,2.0,100.0,16.91
4738.0,40.0,20.0,2.0,100.0,22.78
4739.0,49.0,20.0,2.0,100.0,11.44
4740.0,0.0,20.0,2.0,100.0,14.29
4741.0,0.5,20.0,2.0,100.0,11.13
4742.0,1.0,20.0,2.0,100.0,14.77
4743.0,2.0,20.0,2.0,100.0,12.52
4744.0,3.0,20.0,2.0,100.0,21.72
4745.0,5.0,20.0,2.0,100.0,17.97
4746.0,10.0,20.0,2.0,100.0,19.31
4747.0,20.0,20.0,2.0,100.0,21.26
4748.0,40.0,20.0,2.0,100.0,9.1
4749.0,49.0,20.0,2.0,100.0,16.42
4750.0,0.0,20.0,2.0,100.0,15.56
4751.0,0.5,20.0,2.0,100.0,10.1
4752.0,1.0,20.0,2.0,100.0,11.17
4753.0,2.0,20.0,2.0,100.0,23.65
4754.0,3.0,20.0,2.0,100.0,20.19
4755.0,5.0,20.0,2.0,100.0,17.26
4756.0,10.0,20.0,2.0,100.0,24.17
4757.0,20.0,20.0,2.0,100.0,9.86
4758.0,40.0,20.0,2.0,100.0,9.38
4759.0,49.0,20.0,2.0,100.0,10.56
4760.0,0.0,20.0,2.0,100.0,24.85
4761.0,0.5,20.0,2.0,100.0,20.63
4762.0,1.0,20.0,2.0,100.0,14.98
4763.0,2.0,20.0,2.0,100.0,24.15
4764.0,3.0,20.0,2.0,100.0,24.15
4765.0,5.0,20.0,2.0,100.0,23.14
4766.0,10.0,20.0,2.0,100.0,23.69
4767.0,20.0,20.0,2.0,100.0,25.02
4768.0,40.0,20.0,2.0,100.0,22.36
4769.0,49.0,20.0,2.0,100.0,22.37
4770.0,0.0,20.0,2.0,100.0,22.88
4771.0,0.5,20.0,2.0,100.0,9.24
4772.0,1.0,20.0,2.0,100.0,24.35
4773.0,2.0,20.0,2.0,100.0,16.64
4774.0,3.0,20.0,2.0,100.0,17.14
4775.0,5.0,20.0,2.0,100.0,24.79
4776.0,10.0,20.0,2.0,100.0,12.81
4777.0,20.0,20.0,2.0,100.0,10.16
4778.0,40.0,20.0,2.0,100.0,22.83
4779.0,49.0,20.0,2.0,100.0,24.94
4780.0,0.0,20.0,2.0,100.0,14.33
4781.0,0.5,20.0,2.0,100.0,14.9
4782.0,1.0,20.0,2.0,100.0,21.0
4783.0,2.0,20.0,2.0,100.0,19.19
4784.0,3.0,20.0,2.0,100.0,23.56
4785.0,5.0,20.0,2.0,100.0,25.76
4786.0,10.0,20.0,2.0,100.0,24.39
4787.0,20.0,20.0,2.0,100.0,13.83
4788.0,40.0,20.0,2.0,100.0,12.27
4789.0,49.0,20.0,2.0,100.0,26.87
4790.0,0.0,20.0,2.0,100.0,17.06
4791.0,0.5,20.0,2.0,100.0,20.58
4792.0,1.0,20.0,2.0,100.0,25.24
4793.0,2.0,20.0,2.0,100.0,17.28
4794.0,3.0,20.0,2.0,100.0,18.92
4795.0,5.0,20.0,2.0,100.0,14.71
4796.0,10.0,20.0,2.0,100.0,23.33
4797.0,20.0,20.0,2.0,100.0,13.03
4798.0,40.0,20.0,2.0,100.0,12.77
4799.0,49.0,20.0,2.0,100.0,19.52
4800.0,0.0,20.0,2.0,100.0,16.87
4801.0,0.5,20.0,2.0,100.0,26.46
4802.0,1.0,20.0,2.0,100.0,22.54
4803.0,2.0,20.0,2.0,100.0,14.88
4804.0,3.0,20.0,2.0,100.0,21.51
4805.0,5.0,20.0,2.0,100.0,20.43
4806.0,10.0,20.0,2.0,100.0,10.08
4807.0,20.0,20.0,2.0,100.0,23.58
4808.0,40.0,20.0,2.0,100.0,24.27
4809.0,49.0,20.0,2.0,100.0,14.64
4810.0,0.0,20.0,2.0,100.0,20.77
4811.0,0.5,20.0,2.0,100.0,13.54
4812.0,1.0,20.0,2.0,100.0,22.81
4813.0,2.0,20.0,2.0,100.0,21.82
4814.0,3.0,20.0,2.0,100.0,16.64
4815.0,5.0,20.0,2.0,100.0,20.65
4816.0,10.0,20.0,2.0,100.0,17.08
4817.0,20.0,20.0,2.0,100.0,25.98
4818.0,40.0,20.0,2.0,100.0,13.81
4819.0,49.0,20.0,2.0,100.0,21.3
4820.0,0.0,20.0,2.0,100.0,17.62
4821.0,0.5,20.0,2.0,100.0,25.64
4822.0,1.0,20.0,2.0,100.0,24.67
4823.0,2.0,20.0,2.0,100.0,20.78
4824.0,3.0,20.0,2.0,100.0,18.76
4825.0,5.0,20.0,2.0,100.0,10.97
4826.0,10.0,20.0,2.0,100.0,8.05
4827.0,20.0,20.0,2.0,100.0,14.92
4828.0,40.0,20.0,2.0,100.0,23.31
4829.0,49.0,20.0,2.0,100.0,22.15
4830.0,0.0,20.0,2.0,100.0,23.64
4831.0,0.5,20.0,2.0,100.0,22.93
4832.0,1.0,20.0,2.0,100.0,24.84
4833.0,2.0,20.0,2.0,100.0,16.75
4834.0,3.0,20.0,2.0,100.0,19.53
4835.0,5.0,20.0,2.0,100.0,13.65
4836.0,10.0,20.0,2.0,100.0,13.51
4837.0,20.0,20.0,2.0,100.0,19.14
4838.0,40.0,20.0,2.0,100.0,17.68
4839.0,49.0,20.0,2.0,100.0,10.87
4840.0,0.0,20.0,2.0,100.0,13.5
4841.0,0.5,20.0,2.0,100.0,18.16
4842.0,1.0,20.0,2.0,100.0,17.95
4843.0,2.0,20.0,2.0,100.0,24.9
4844.0,3.0,20.0,2.0,100.0,17.21
4845.0,5.0,20.0,2.0,100.0,13.9
4846.0,10.0,20.0,2.0,100.0,17.38
4847.0,20.0,20.0,2.0,100.0,22.92
4848.0,40.0,20.0,2.0,100.0,11.75
4849.0,49.0,20.0,2.0,100.0,20.17
4850.0,0.0,20.0,2.0,100.0,22.45
4851.0,0.5,20.0,2.0,100.0,26.54
4852.0,1.0,20.0,2.0,100.0,11.82
4853.0,2.0,20.0,2.0,100.0,9.27
4854.0,3.0,20.0,2.0,100.0,12.37
4855.0,5.0,20.0,2.0,100.0,9.73
4856.0,10.0,20.0,2.0,100.0,11.73
4857.0,20.0,20.0,2.0,100.0,23.44
4858.0,40.0,20.0,2.0,100.0,19.46
4859.0,49.0,20.0,2.0,100.0,25.66
4860.0,0.0,20.0,2.0,100.0,23.4
4861.0,0.5,20.0,2.0,100.0,19.88
4862.0,1.0,20.0,2.0,100.0,15.94
4863.0,2.0,20.0,2.0,100.0,21.19
4864.0,3.0,20.0,2.0,100.0,24.18
4865.0,5.0,20.0,2.0,100.0,23.99
4866.0,10.0,20.0,2.0,100.0,27.38
4867.0,20.0,20.0,2.0,100.0,14.62
4868.0,40.0,20.0,2.0,100.0,26.48
4869.0,49.0,20.0,2.0,100.0,24.77
4870.0,0.0,20.0,2.0,100.0,13.97
4871.0,0.5,20.0,2.0,100.0,19.46
4872.0,1.0,20.0,2.0,100.0,17.89
4873.0,2.0,20.0,2.0,100.0,15.46
4874.0,3.0,20.0,2.0,100.0,15.59
4875.0,5.0,20.0,2.0,100.0,15.65
4876.0,10.0,20.0,2.0,100.0,25.36
4877.0,20.0,20.0,2.0,100.0,21.02
4878.0,40.0,20.0,2.0,100.0,27.77
4879.0,49.0,20.0,2.0,100.0,21.84
4880.0,0.0,20.0,2.0,100.0,21.84
4881.0,0.5,20.0,2.0,100.0,19.86
4882.0,1.0,20.0,2.0,100.0,19.7
4883.0,2.0,20.0,2.0,100.0,17.81
4884.0,3.0,20.0,2.0,100.0,13.81
4885.0,5.0,20.0,2.0,100.0,14.97
4886.0,10.0,20.0,2.0,100.0,11.48
4887.0,20.0,20.0,2.0,100.0,16.33
4888.0,40.0,20.0,2.0,100.0,23.5
4889.0,49.0,20.0,2.0,100.0,20.69
4890.0,0.0,20.0,2.0,100.0,9.57
4891.0,0.5,20.0,2.0,100.0,20.75
4892.0,1.0,20.0,2.0,100.0,18.51
4893.0,2.0,20.0,2.0,100.0,11.11
4894.0,3.0,20.0,2.0,100.0,9.22
4895.0,5.0,20.0,2.0,100.0,23.2
4896.0,10.0,20.0,2.0,100.0,20.7
4897.0,20.0,20.0,2.0,100.0,11.56
4898.0,40.0,20.0,2.0,100.0,18.81
4899.0,49.0,20.0,2.0,100.0,23.86
4900.0,0.0,20.0,2.0,100.0,13.26
4901.0,0.5,20.0,2.0,100.0,22.5
4902.0,1.0,20.0,2.0,100.0,20.78
4903.0,2.0,20.0,2.0,100.0,21.84
4904.0,3.0,20.0,2.0,100.0,14.5
4905.0,5.0,20.0,2.0,100.0,13.53
4906.0,10.0,20.0,2.0,100.0,24.45
4907.0,20.0,20.0,2.0,100.0,10.4
4908.0,40.0,20.0,2.0,100.0,20.15
4909.0,49.0,20.0,2.0,100.0,15.31
4910.0,0.0,20.0,2.0,100.0,17.26
4911.0,0.5,20.0,2.0,100.0,21.6
4912.0,1.0,20.0,2.0,100.0,14.45
4913.0,2.0,20.0,2.0,100.0,25.3
4914.0,3.0,20.0,2.0,100.0,24.18
4915.0,5.0,20.0,2.0,100.0,14.28
4916.0,10.0,20.0,2.0,100.0,15.62
4917.0,20.0,20.0,2.0,100.0,22.97
4918.0,40.0,20.0,2.0,100.0,13.08
4919.0,49.0,20.0,2.0,100.0,23.6
4920.0,0.0,20.0,2.0,100.0,15.71
4921.0,0.5,20.0,2.0,100.0,24.86
4922.0,1.0,20.0,2.0,100.0,14.66
4923.0,2.0,20.0,2.0,100.0,16.84
4924.0,3.0,20.0,2.0,100.0,22.27
4925.0,5.0,20.0,2.0,100.0,13.23
4926.0,10.0,20.0,2.0,100.0,19.31
4927.0,20.0,20.0,2.0,100.0,12.04
4928.0,40.0,20.0,2.0,100.0,23.43
4929.0,49.0,20.0,2.0,100.0,21.68
4930.0,0.0,20.0,2.0,100.0,10.77
4931.0,0.5,20.0,2.0,100.0,9.61
4932.0,1.0,20.0,2.0,100.0,18.97
4933.0,2.0,20.0,2.0,100.0,28.46
4934.0,3.0,20.0,2.0,100.0,23.55
4935.0,5.0,20.0,2.0,100.0,12.46
4936.0,10.0,20.0,2.0,100.0,12.35
4937.0,20.0,20.0,2.0,100.0,8.0
4938.0,40.0,20.0,2.0,100.0,20.96
4939.0,49.0,20.0,2.0,100.0,17.95
4940.0,0.0,20.0,2.0,100.0,24.11
4941.0,0.5,20.0,2.0,100.0,22.47
4942.0,1.0,20.0,2.0,100.0,19.25
4943.0,2.0,20.0,2.0,100.0,19.81
4944.0,3.0,20.0,2.0,100.0,19.63
4945.0,5.0,20.0,2.0,100.0,15.89
4946.0,10.0,20.0,2.0,100.0,10.52
4947.0,20.0,20.0,2.0,100.0,24.99
4948.0,40.0,20.0,2.0,100.0,16.06
4949.0,49.0,20.0,2.0,100.0,23.99
4950.0,0.0,20.0,2.0,100.0,26.48
4951.0,0.5,20.0,2.0,100.0,18.11
4952.0,1.0,20.0,2.0,100.0,21.68
4953.0,2.0,20.0,2.0,100.0,18.89
4954.0,3.0,20.0,2.0,100.0,19.15
4955.0,5.0,20.0,2.0,100.0,14.05
4956.0,10.0,20.0,2.0,100.0,12.99
4957.0,20.0,20.0,2.0,100.0,14.59
4958.0,40.0,20.0,2.0,100.0,18.15
4959.0,49.0,20.0,2.0,100.0,25.87
4960.0,0.0,20.0,2.0,100.0,15.35
4961.0,0.5,20.0,2.0,100.0,11.99
4962.0,1.0,20.0,2.0,100.0,13.7
4963.0,2.0,20.0,2.0,100.0,21.48
4964.0,3.0,20.0,2.0,100.0,20.49
4965.0,5.0,20.0,2.0,100.0,12.39
4966.0,10.0,20.0,2.0,100.0,19.59
4967.0,20.0,20.0,2.0,100.0,23.49
4968.0,40.0,20.0,2.0,100.0,16.75
4969.0,49.0,20.0,2.0,100.0,17.17
4970.0,0.0,20.0,2.0,100.0,22.14
4971.0,0.5,20.0,2.0,100.0,23.58
4972.0,1.0,20.0,2.0,100.0,15.37
4973.0,2.0,20.0,2.0,100.0,23.2
4974.0,3.0,20.0,2.0,100.0,13.13
4975.0,5.0,20.0,2.0,100.0,21.31
4976.0,10.0,20.0,2.0,100.0,11.08
4977.0,20.0,20.0,2.0,100.0,12.59
4978.0,40.0,20.0,2.0,100.0,10.53
4979.0,49.0,20.0,2.0,100.0,12.03
4980.0,0.0,20.0,2.0,100.0,14.59
4981.0,0.5,20.0,2.0,100.0,23.25
4982.0,1.0,20.0,2.0,100.0,11.87
4983.0,2.0,20.0,2.0,100.0,19.22
4984.0,3.0,20.0,2.0,100.0,14.81
4985.0,5.0,20.0,2.0,100.0,26.0
4986.0,10.0,20.0,2.0,100.0,20.34
4987.0,20.0,20.0,2.0,100.0,25.15
4988.0,40.0,20.0,2.0,100.0,10.35
4989.0,49.0,20.0,2.0,100.0,12.51
4990.0,0.0,20.0,2.0,100.0,18.46
4991.0,0.5,20.0,2.0,100.0,25.39
4992.0,1.0,20.0,2.0,100.0,11.23
4993.0,2.0,20.0,2.0,100.0,24.1
4994.0,3.0,20.0,2.0,100.0,23.82
4995.0,5.0,20.0,2.0,100.0,18.22
4996.0,10.0,20.0,2.0,100.0,15.52
4997.0,20.0,20.0,2.0,100.0,15.12
4998.0,40.0,20.0,2.0,100.0,21.88
4999.0,49.0,20.0,2.0,100.0,25.84
